
#if defined(LV_LVGL_H_INCLUDE_SIMPLE)
#include "lvgl.h"
#elif defined(LV_LVGL_H_INCLUDE_SYSTEM)
#include <lvgl.h>
#elif defined(LV_BUILD_TEST)
#include "../lvgl.h"
#else
#include "lvgl/lvgl.h"
#endif

#ifndef LV_ATTRIBUTE_MEM_ALIGN
#define LV_ATTRIBUTE_MEM_ALIGN
#endif

#ifndef LV_ATTRIBUTE_PASSPORT_PET_WAITING_1
#define LV_ATTRIBUTE_PASSPORT_PET_WAITING_1
#endif

static const
LV_ATTRIBUTE_MEM_ALIGN LV_ATTRIBUTE_LARGE_CONST LV_ATTRIBUTE_PASSPORT_PET_WAITING_1
uint8_t passport_pet_waiting_1_map[] = {

    0x4c,0x70,0x47,0x00,0x16,0x00,0x1d,0x01,0x11,0x0e,0x0b,0x03,0x65,0x5d,0x5d,0x02,
    0xed,0xff,0xf4,0x01,0x91,0xa6,0xb4,0x03,0x0a,0x09,0x09,0xfe,0x08,0x09,0x0a,0x25,
    0x0a,0x09,0x09,0xfc,0xf5,0x8d,0x01,0xfe,0xe2,0xf8,0xf9,0x02,0xd4,0xdd,0xe8,0xfe,
    0x9a,0xbb,0xd0,0xfe,0xa8,0xc2,0xd3,0xfe,0x11,0x0f,0x10,0xfb,0xa3,0xb6,0xbd,0x07,
    0x07,0x06,0x07,0x41,0xb8,0xd6,0xe7,0x0c,0xb8,0xbe,0xc7,0xfe,0x95,0xb1,0xc5,0xfe,
    0x09,0x08,0x08,0xef,0xa8,0xcd,0xe3,0xfe,0x9a,0xb7,0xc4,0x31,0x0d,0x0c,0x0e,0x10,
    0xb3,0xcc,0xd8,0x15,0x16,0x0f,0x0b,0x79,0xa2,0xc7,0xdc,0xfd,0xc2,0xd2,0xda,0x51,
    0x0a,0x09,0x09,0xce,0x08,0x07,0x07,0x86,0xda,0xde,0xe0,0x24,0xc7,0xd0,0xd9,0xfe,
    0x9a,0xba,0xcc,0x4f,0x82,0x96,0xa7,0x42,0x0b,0x0a,0x0a,0xfc,0x08,0x07,0x07,0x30,
    0xc1,0xc8,0xd2,0xfe,0x9f,0xc0,0xd0,0x21,0x9a,0xb7,0xc4,0x65,0xee,0xf4,0xfe,0xfd,
    0xb2,0xcb,0xd6,0xbf,0x87,0x8e,0x96,0xfe,0x8b,0xa6,0xb8,0x88,0x08,0x07,0x07,0xa7,
    0x09,0x08,0x08,0xbe,0x09,0x09,0x0a,0x65,0x0e,0x0c,0x0b,0xdf,0x98,0xab,0xb5,0x9c,
    0x69,0x7e,0x92,0x70,0x9d,0xb8,0xc3,0xa1,0xb0,0xc0,0xc8,0x78,0xa8,0xcb,0xd9,0xa4,
    0x93,0xa9,0xb6,0xb6,0xae,0xba,0xc1,0xd4,0xc5,0xcc,0xd1,0xd4,0x0a,0x09,0x09,0xf6,
    0xbb,0x68,0x00,0x25,0xae,0xcc,0xd8,0x87,0xc2,0xcb,0xd0,0x9c,0x79,0x8e,0xa3,0xb9,
    0x24,0x26,0x2a,0x09,0x7e,0x97,0xae,0xfe,0xb4,0x68,0x13,0xfe,0x90,0xa1,0xb8,0xff,
    0x86,0xa1,0xab,0x1f,0x73,0x8d,0xa4,0xfe,0xa7,0xbb,0xc6,0xb2,0xa5,0xb4,0xc0,0xec,
    0xbf,0xd2,0xd9,0x68,0x9c,0xb9,0xc8,0x88,0x65,0x43,0x27,0x18,0xc1,0xd6,0xdf,0x37,
    0x75,0x88,0x9b,0x32,0xa7,0xc5,0xd4,0xe9,0x6d,0x83,0x90,0xd6,0x96,0xaf,0xbe,0xcc,
    0x69,0x79,0x86,0x56,0x81,0x96,0xa6,0xd0,0xa5,0x5f,0x06,0xfe,0x7c,0x96,0xa9,0x9f,
    0xad,0xcc,0xda,0xd5,0x97,0xbb,0xcd,0xd9,0x07,0x07,0x07,0x9d,0x82,0x9c,0xad,0x58,
    0x8b,0x9f,0xa9,0x79,0xc6,0xdd,0xe7,0xb7,0x87,0xa0,0xb0,0xe6,0x94,0xae,0xbc,0xe9,
    0x69,0x7a,0x86,0x8d,0xa5,0x7f,0x4f,0x10,0xb9,0x69,0x01,0xa9,0x58,0x6e,0x8e,0xc5,
    0xd1,0x77,0x04,0xe9,0x0d,0x0c,0x0b,0x53,0xcf,0x79,0x03,0x97,0xd1,0xe0,0xe7,0xe1,
    0xb0,0xcf,0xde,0xea,0xab,0x60,0x02,0xcf,0xc4,0xdb,0xe7,0xd3,0x8d,0xa9,0xb8,0xf4,
    0xed,0xee,0xf0,0x6e,0xc3,0xdb,0xea,0xfb,0x6b,0x80,0xbe,0xf7,0xca,0xe1,0xe9,0x97,
    0xca,0x76,0x01,0xcd,0x59,0x69,0x73,0xb2,0xb4,0x6c,0x04,0x7e,0xb0,0xd8,0xec,0xf7,
    0xd5,0x82,0x06,0x6a,0xa7,0x5c,0x01,0x60,0xef,0x91,0x02,0xd8,0x19,0x16,0x17,0xf2,
    0xd2,0x80,0x04,0x4e,0x5f,0x6c,0x7e,0xee,0x71,0x46,0x09,0x8f,0x99,0x56,0x03,0xe5,
    0x44,0x5a,0x70,0x95,0xe6,0xf2,0xfb,0xdb,0x3f,0x4d,0x58,0x59,0x6a,0x38,0x0c,0xdf,
    0x0b,0x0a,0x09,0xff,0x0c,0x0a,0x0b,0xff,0xbc,0xe3,0xfb,0xff,0x0d,0x0c,0x0c,0xff,
    0xef,0xf5,0xfc,0xff,0xca,0xe8,0xfb,0xff,0x12,0x10,0x11,0xff,0x0f,0x0d,0x0e,0xff,
    0x08,0x08,0x08,0xff,0xea,0xf1,0xfa,0xff,0x01,0x01,0x00,0xff,0xe7,0xee,0xf9,0xff,
    0xf3,0x89,0x01,0xff,0xc7,0xe7,0xfa,0xff,0xed,0xf3,0xfb,0xff,0x03,0x04,0x05,0xff,
    0xc0,0xe5,0xfb,0xff,0xc3,0xe6,0xfb,0xff,0xbb,0xe2,0xfa,0xff,0xec,0xf2,0xfa,0xff,
    0x15,0x11,0x13,0xff,0xf0,0xf7,0xfe,0xff,0xf2,0xf9,0xff,0xff,0xfb,0xff,0xff,0xff,
    0xcc,0xec,0xfe,0xff,0xfa,0x91,0x01,0xff,0xf5,0xfc,0xff,0xff,0xcf,0xef,0xff,0xff,
    0xc5,0xe5,0xf8,0xff,0xfc,0x8c,0x01,0xff,0xb2,0xda,0xf3,0xff,0xd1,0xf4,0xff,0xff,
    0xf1,0x85,0x01,0xff,0xe2,0xea,0xf4,0xff,0x9d,0xb7,0xc5,0xff,0xba,0xe1,0xf8,0xff,
    0x22,0x15,0x16,0xff,0xc2,0xe0,0xf1,0xff,0xb7,0xde,0xf6,0xff,0xcd,0xd6,0xe1,0xff,
    0xbf,0xe8,0xff,0xff,0xad,0xd1,0xe8,0xff,0x6b,0x3b,0x45,0xff,0x8e,0xaa,0xbb,0xff,
    0xd1,0xe2,0xf8,0xff,0x90,0x4e,0x5b,0xff,0xc3,0xea,0xff,0xff,0xb6,0xd8,0xeb,0xff,
    0xe1,0xec,0xfb,0xff,0xae,0xc8,0xdc,0xff,0xc6,0xef,0xff,0xff,0xdc,0xe4,0xed,0xff,
    0x9f,0xaa,0xb3,0xff,0xea,0x82,0x01,0xff,0xdd,0x7d,0x03,0xff,0x56,0x5a,0x61,0xff,
    0x7c,0x43,0x4e,0xff,0x44,0x44,0x4c,0xff,0xd8,0xef,0xfe,0xff,0xfe,0x97,0x01,0xff,
    0xc5,0x73,0x0b,0xff,0xcb,0xd8,0xf5,0xff,0x3f,0x21,0x23,0xff,0xcf,0x61,0x03,0xff,
    0xac,0xb8,0xc3,0xff,0x33,0x1b,0x1e,0xff,0xda,0xe9,0xfa,0xff,0x75,0x87,0x98,0xff,
    0xb8,0xc3,0xce,0xff,0x95,0x97,0x9e,0xff,0xc2,0x65,0x79,0xff,0x27,0x2b,0x3b,0xff,
    0xd4,0x72,0x02,0xff,0x8f,0xa7,0xf7,0xff,0xa8,0xaf,0xb7,0xff,0xa3,0x56,0x67,0xff,
    0x98,0x50,0x0f,0xff,0x74,0x78,0x80,0xff,0x63,0x69,0x6c,0xff,0xe3,0xf0,0xfc,0xff,
    0x5f,0x32,0x3b,0xff,0x1f,0x20,0x26,0xff,0x7c,0x83,0x8c,0xff,0x8e,0xa2,0xaf,0xff,
    0xe5,0xf5,0xff,0xff,0x9b,0xc1,0xdb,0xff,0xe6,0x4c,0x56,0xff,0xde,0x69,0x01,0xff,
    0xcd,0x4b,0x02,0xff,0x66,0x7c,0xa3,0xff,0xb0,0x3b,0x03,0xff,0xef,0x78,0x02,0xff,
    0xad,0x6e,0x16,0xff,0x54,0x2b,0x32,0xff,0xb6,0x5d,0x71,0xff,0x77,0x8b,0xd0,0xff,
    0x49,0x2c,0x28,0xff,0xbe,0xce,0xe3,0xff,0x84,0x9a,0xf0,0xff,0xec,0xfc,0xff,0xff,
    0xc2,0x32,0x36,0xff,0x75,0x43,0x0d,0xff,0xd7,0xfc,0xff,0xff,0x88,0x48,0x56,0xff,
    0xae,0x7d,0x40,0xff,0x9c,0x27,0x24,0xff,0x99,0xa2,0xa4,0xff,0x9c,0x6b,0x33,0xff,
    0x75,0x65,0x59,0xff,0x58,0x67,0xa2,0xff,0x8b,0x7d,0x84,0xff,0xb2,0x5b,0x07,0xff,
    0x81,0x5e,0x35,0xff,0xa7,0xbc,0xf9,0xff,0x96,0x75,0x68,0xff,0x3d,0x50,0x7a,0xff,
    0x8c,0x59,0x63,0xff,0xd0,0x73,0x84,0xff,0x8d,0xa1,0xdb,0xff,0x5e,0x6f,0x89,0xff,
    0x74,0x26,0x0c,0xff,0xd3,0x40,0x4a,0xff,0xaa,0xa5,0x96,0xff,0x07,0xc5,0xf5,0xff,
    0xa7,0x88,0x65,0xff,0xb7,0xb5,0xb1,0xff,0x9c,0x8d,0x83,0xff,0x35,0x6a,0x81,0xff,
    0x90,0x3d,0x3b,0xff,0xb1,0x39,0x40,0xff,0x09,0xa4,0xdb,0xff,0xf7,0xcf,0xd1,0xff,
    0x17,0x81,0xa6,0xff,0xf1,0xa6,0xaf,0xff,0xcc,0x87,0x2c,0xff,0xca,0x99,0xa6,0xff,

    0x00,0x00,0x00,0x00,0x00,0x00,0x00,0x00,0x00,0x00,0x00,0x00,0x00,0x00,0x00,0x00,0x00,0x00,0x00,0x00,0x00,0x00,0x00,0x00,0x00,0x00,0x00,0x00,0x00,0x00,0x00,0x00,0x00,0x00,0x00,0x00,0x00,0x00,0x00,0x00,0x00,0x00,0x00,0x00,0x00,0x00,0x00,0x00,0x00,0x00,0x00,0x00,0x00,0x00,0x00,0x00,0x00,0x00,0x00,0x00,0x00,0x00,0x00,0x00,0x04,0x00,0x00,0x00,0x00,0x00,0x00,0x00,0x00,0x00,0x00,0x00,0x00,0x00,0x00,0x00,0x00,0x00,0x00,0x00,0x00,0x00,0x00,0x00,0x00,0x00,0x00,0x00,0x00,0x00,0x00,0x00,0x00,0x00,0x00,0x00,0x00,0x00,0x00,0x00,0x00,0x00,0x00,0x00,0x00,0x00,0x00,0x00,0x00,0x00,0x00,0x00,0x00,0x00,0x00,0x00,0x00,0x00,0x00,0x00,0x00,0x00,0x00,0x00,0x00,0x00,0x00,0x00,0x00,0x00,0x00,0x00,0x00,0x00,0x00,0x00,0x00,0x00,0x00,0x00,
    0x00,0x00,0x00,0x00,0x00,0x00,0x00,0x00,0x00,0x00,0x00,0x00,0x00,0x00,0x00,0x00,0x00,0x00,0x00,0x00,0x00,0x00,0x00,0x00,0x00,0x00,0x00,0x00,0x00,0x00,0x00,0x00,0x00,0x00,0x00,0x00,0x00,0x00,0x00,0x00,0x00,0x00,0x00,0x00,0x00,0x00,0x00,0x00,0x00,0x00,0x00,0x00,0x00,0x00,0x00,0x00,0x00,0x00,0x00,0x00,0x00,0x00,0x00,0x03,0x00,0x03,0x00,0x48,0x59,0x00,0x01,0x00,0x00,0x00,0x00,0x00,0x00,0x00,0x00,0x00,0x00,0x00,0x00,0x00,0x00,0x00,0x00,0x00,0x00,0x00,0x00,0x00,0x00,0x00,0x00,0x00,0x00,0x00,0x00,0x00,0x00,0x00,0x00,0x00,0x00,0x00,0x00,0x00,0x00,0x00,0x00,0x00,0x00,0x00,0x00,0x00,0x00,0x00,0x00,0x00,0x00,0x00,0x00,0x00,0x00,0x00,0x00,0x00,0x00,0x00,0x00,0x00,0x00,0x00,0x00,0x00,0x00,0x00,0x00,0x00,0x00,0x00,0x00,0x00,
    0x00,0x00,0x00,0x00,0x00,0x00,0x00,0x00,0x00,0x00,0x00,0x00,0x00,0x00,0x00,0x00,0x00,0x00,0x00,0x00,0x00,0x00,0x00,0x00,0x00,0x00,0x00,0x00,0x00,0x00,0x00,0x00,0x00,0x00,0x00,0x00,0x00,0x00,0x00,0x00,0x00,0x00,0x00,0x00,0x00,0x00,0x00,0x00,0x00,0x00,0x00,0x00,0x00,0x00,0x00,0x00,0x00,0x00,0x00,0x00,0x00,0x00,0x05,0x00,0x48,0x58,0x5b,0x5b,0x4c,0x01,0x03,0x00,0x00,0x00,0x00,0x00,0x00,0x00,0x00,0x00,0x00,0x00,0x00,0x00,0x00,0x00,0x00,0x00,0x00,0x00,0x00,0x00,0x00,0x00,0x00,0x00,0x00,0x00,0x00,0x00,0x00,0x00,0x00,0x00,0x00,0x00,0x00,0x00,0x00,0x00,0x00,0x00,0x00,0x00,0x00,0x00,0x00,0x00,0x00,0x00,0x00,0x00,0x00,0x00,0x00,0x00,0x00,0x00,0x00,0x00,0x00,0x00,0x00,0x00,0x00,0x00,0x00,0x00,0x00,0x00,0x00,0x00,0x00,0x00,
    0x00,0x00,0x00,0x00,0x00,0x00,0x00,0x00,0x00,0x00,0x00,0x00,0x00,0x00,0x00,0x00,0x00,0x00,0x00,0x00,0x00,0x00,0x00,0x00,0x00,0x00,0x00,0x00,0x00,0x00,0x00,0x00,0x00,0x00,0x00,0x00,0x00,0x00,0x00,0x00,0x00,0x00,0x00,0x00,0x00,0x00,0x00,0x00,0x00,0x00,0x00,0x00,0x00,0x00,0x00,0x00,0x00,0x00,0x00,0x00,0x00,0x03,0x00,0x20,0x33,0x3d,0x5b,0x48,0x00,0x04,0x00,0x00,0x00,0x00,0x00,0x00,0x00,0x00,0x00,0x00,0x00,0x00,0x00,0x00,0x00,0x00,0x00,0x00,0x00,0x00,0x00,0x00,0x00,0x00,0x00,0x00,0x00,0x00,0x00,0x00,0x00,0x00,0x00,0x00,0x00,0x00,0x00,0x00,0x00,0x00,0x00,0x00,0x00,0x00,0x00,0x00,0x00,0x00,0x00,0x00,0x00,0x00,0x00,0x00,0x00,0x00,0x00,0x00,0x00,0x00,0x00,0x00,0x00,0x00,0x00,0x00,0x00,0x00,0x00,0x00,0x00,0x00,0x00,0x00,
    0x00,0x00,0x00,0x00,0x00,0x00,0x00,0x00,0x00,0x00,0x00,0x00,0x00,0x00,0x00,0x00,0x00,0x00,0x00,0x00,0x00,0x00,0x00,0x00,0x00,0x00,0x00,0x00,0x00,0x00,0x00,0x00,0x00,0x00,0x00,0x00,0x00,0x00,0x00,0x00,0x00,0x00,0x00,0x00,0x00,0x00,0x00,0x00,0x00,0x00,0x00,0x00,0x00,0x00,0x00,0x00,0x00,0x00,0x00,0x00,0x0a,0x04,0x16,0x28,0x1a,0x51,0x48,0x00,0x05,0x00,0x00,0x00,0x00,0x00,0x00,0x00,0x00,0x00,0x00,0x00,0x00,0x00,0x00,0x00,0x00,0x00,0x00,0x00,0x00,0x00,0x00,0x00,0x00,0x00,0x00,0x00,0x00,0x00,0x00,0x00,0x00,0x00,0x00,0x00,0x00,0x00,0x00,0x00,0x00,0x00,0x00,0x00,0x00,0x00,0x00,0x00,0x00,0x00,0x00,0x00,0x00,0x00,0x00,0x00,0x00,0x00,0x00,0x00,0x00,0x00,0x00,0x00,0x00,0x00,0x00,0x00,0x00,0x00,0x00,0x00,0x00,0x00,0x00,0x00,
    0x00,0x00,0x00,0x00,0x00,0x00,0x00,0x00,0x00,0x00,0x00,0x00,0x00,0x00,0x00,0x00,0x00,0x00,0x00,0x00,0x00,0x00,0x00,0x00,0x00,0x00,0x00,0x00,0x00,0x00,0x00,0x00,0x00,0x00,0x00,0x00,0x00,0x00,0x00,0x00,0x00,0x00,0x00,0x00,0x00,0x00,0x00,0x00,0x00,0x00,0x00,0x00,0x00,0x00,0x00,0x00,0x00,0x00,0x00,0x00,0x05,0x00,0x53,0x0c,0x0c,0x2f,0x11,0x03,0x04,0x00,0x00,0x00,0x00,0x00,0x00,0x00,0x00,0x00,0x00,0x00,0x00,0x00,0x00,0x00,0x00,0x00,0x00,0x00,0x00,0x00,0x00,0x00,0x00,0x00,0x00,0x00,0x00,0x00,0x00,0x00,0x00,0x00,0x00,0x00,0x00,0x00,0x00,0x00,0x00,0x00,0x00,0x00,0x00,0x00,0x00,0x00,0x00,0x00,0x00,0x00,0x00,0x00,0x00,0x00,0x00,0x00,0x00,0x00,0x00,0x00,0x00,0x00,0x00,0x00,0x00,0x00,0x00,0x00,0x00,0x00,0x00,0x00,0x00,0x00,
    0x00,0x00,0x00,0x00,0x00,0x00,0x00,0x00,0x00,0x00,0x00,0x00,0x00,0x00,0x00,0x00,0x00,0x00,0x00,0x00,0x00,0x00,0x00,0x00,0x00,0x00,0x00,0x00,0x00,0x00,0x00,0x00,0x00,0x00,0x00,0x00,0x00,0x00,0x00,0x00,0x00,0x00,0x00,0x00,0x00,0x00,0x00,0x00,0x00,0x00,0x00,0x00,0x00,0x00,0x00,0x00,0x00,0x00,0x00,0x04,0x00,0x18,0x39,0xcd,0x15,0x39,0x18,0x00,0x04,0x00,0x00,0x00,0x00,0x00,0x00,0x00,0x00,0x00,0x00,0x00,0x00,0x00,0x00,0x00,0x00,0x00,0x00,0x00,0x00,0x00,0x00,0x00,0x00,0x00,0x00,0x00,0x00,0x00,0x00,0x00,0x00,0x00,0x00,0x00,0x00,0x00,0x00,0x00,0x00,0x00,0x00,0x00,0x00,0x00,0x00,0x00,0x00,0x00,0x00,0x00,0x00,0x00,0x00,0x00,0x00,0x00,0x00,0x00,0x00,0x00,0x00,0x00,0x00,0x00,0x00,0x00,0x00,0x00,0x00,0x00,0x00,0x00,0x00,0x00,
    0x00,0x00,0x00,0x00,0x00,0x00,0x00,0x00,0x00,0x00,0x00,0x00,0x00,0x00,0x00,0x00,0x00,0x00,0x00,0x00,0x00,0x00,0x00,0x00,0x00,0x00,0x00,0x00,0x00,0x00,0x00,0x00,0x00,0x00,0x00,0x00,0x00,0x00,0x00,0x00,0x00,0x00,0x00,0x00,0x00,0x00,0x00,0x00,0x00,0x00,0x00,0x00,0x00,0x00,0x00,0x00,0x00,0x00,0x00,0x03,0x00,0x25,0x33,0x8a,0xa1,0x33,0x11,0x01,0x04,0x00,0x00,0x00,0x00,0x00,0x00,0x03,0x05,0x05,0x05,0x03,0x00,0x00,0x00,0x00,0x00,0x00,0x00,0x00,0x00,0x00,0x00,0x00,0x00,0x00,0x00,0x00,0x00,0x00,0x00,0x00,0x00,0x00,0x00,0x00,0x00,0x00,0x00,0x00,0x00,0x00,0x00,0x00,0x00,0x00,0x00,0x00,0x00,0x00,0x00,0x00,0x00,0x00,0x00,0x00,0x00,0x00,0x00,0x00,0x00,0x00,0x00,0x00,0x00,0x00,0x00,0x00,0x00,0x00,0x00,0x00,0x00,0x00,0x00,0x00,
    0x00,0x00,0x00,0x00,0x00,0x00,0x00,0x00,0x00,0x00,0x00,0x00,0x00,0x00,0x00,0x00,0x00,0x00,0x00,0x00,0x00,0x00,0x00,0x00,0x00,0x00,0x00,0x00,0x00,0x00,0x00,0x00,0x00,0x00,0x00,0x00,0x00,0x00,0x00,0x00,0x00,0x00,0x00,0x00,0x00,0x00,0x00,0x00,0x00,0x00,0x00,0x00,0x00,0x00,0x00,0x00,0x00,0x00,0x00,0x03,0x00,0x40,0x33,0x96,0x15,0x51,0x25,0x00,0x05,0x0a,0x00,0x00,0x00,0x00,0x04,0x00,0x00,0x00,0x00,0x00,0x00,0x00,0x03,0x0a,0x04,0x00,0x00,0x00,0x00,0x00,0x00,0x00,0x00,0x00,0x00,0x00,0x00,0x00,0x00,0x00,0x00,0x00,0x00,0x00,0x00,0x00,0x00,0x00,0x00,0x00,0x00,0x00,0x00,0x00,0x00,0x00,0x00,0x00,0x00,0x00,0x00,0x00,0x00,0x00,0x00,0x00,0x00,0x00,0x00,0x00,0x00,0x00,0x00,0x00,0x00,0x00,0x00,0x00,0x00,0x00,0x00,0x00,0x00,0x00,
    0x00,0x00,0x00,0x00,0x00,0x00,0x00,0x00,0x00,0x00,0x00,0x00,0x00,0x00,0x00,0x00,0x00,0x00,0x00,0x00,0x00,0x00,0x00,0x00,0x00,0x00,0x00,0x00,0x00,0x00,0x00,0x00,0x00,0x00,0x00,0x00,0x00,0x00,0x00,0x00,0x00,0x00,0x00,0x00,0x00,0x00,0x00,0x00,0x00,0x00,0x00,0x00,0x00,0x00,0x00,0x00,0x00,0x00,0x00,0x01,0x04,0x11,0x2a,0x1a,0x9b,0x60,0x26,0x11,0x00,0x00,0x0f,0x05,0x00,0x3c,0x00,0x46,0x16,0x16,0x16,0x25,0x11,0x11,0x00,0x00,0x00,0x00,0x04,0x00,0x00,0x00,0x00,0x00,0x00,0x00,0x00,0x00,0x00,0x00,0x00,0x00,0x00,0x00,0x00,0x00,0x00,0x00,0x00,0x00,0x00,0x00,0x00,0x00,0x00,0x00,0x00,0x00,0x00,0x00,0x00,0x00,0x00,0x00,0x00,0x00,0x00,0x00,0x00,0x00,0x00,0x00,0x00,0x00,0x00,0x00,0x00,0x00,0x00,0x00,0x00,0x00,0x00,0x00,0x00,0x00,
    0x00,0x00,0x00,0x00,0x00,0x00,0x00,0x00,0x00,0x00,0x00,0x00,0x00,0x00,0x00,0x00,0x00,0x00,0x00,0x00,0x00,0x00,0x00,0x00,0x00,0x00,0x00,0x00,0x00,0x00,0x00,0x00,0x00,0x00,0x00,0x00,0x00,0x00,0x00,0x00,0x00,0x00,0x00,0x00,0x00,0x00,0x00,0x00,0x00,0x00,0x00,0x00,0x00,0x00,0x00,0x00,0x00,0x00,0x00,0x00,0x05,0x00,0x21,0x56,0x15,0x96,0x51,0x45,0x20,0x1b,0x20,0x26,0x4c,0x58,0x21,0x31,0x28,0x28,0x55,0x31,0x45,0x32,0x20,0x16,0x0f,0x0f,0x00,0x00,0x03,0x00,0x00,0x00,0x00,0x00,0x00,0x00,0x00,0x00,0x00,0x00,0x00,0x00,0x00,0x00,0x00,0x00,0x00,0x00,0x00,0x00,0x00,0x00,0x00,0x00,0x00,0x00,0x00,0x00,0x00,0x00,0x00,0x00,0x00,0x00,0x00,0x00,0x00,0x00,0x00,0x00,0x00,0x00,0x00,0x00,0x00,0x00,0x00,0x00,0x00,0x00,0x00,0x00,0x00,0x00,
    0x00,0x00,0x00,0x00,0x00,0x00,0x00,0x00,0x00,0x00,0x00,0x00,0x00,0x00,0x00,0x00,0x00,0x00,0x00,0x00,0x00,0x00,0x00,0x00,0x00,0x00,0x00,0x00,0x00,0x00,0x00,0x00,0x00,0x00,0x00,0x00,0x00,0x00,0x00,0x00,0x00,0x00,0x00,0x00,0x00,0x00,0x00,0x00,0x00,0x00,0x00,0x00,0x00,0x00,0x00,0x00,0x00,0x00,0x00,0x04,0x03,0x05,0x05,0x20,0x4b,0xcd,0x9e,0x1a,0x4d,0x5b,0x4a,0x15,0xa7,0x63,0x0d,0xa7,0xa0,0xa6,0xa0,0x0d,0x9a,0x49,0x4d,0x42,0x32,0x26,0x18,0x0f,0x00,0x00,0x01,0x00,0x00,0x00,0x00,0x00,0x00,0x00,0x00,0x00,0x00,0x00,0x00,0x00,0x00,0x00,0x00,0x00,0x00,0x00,0x00,0x00,0x00,0x00,0x00,0x00,0x00,0x00,0x00,0x00,0x00,0x00,0x00,0x00,0x00,0x00,0x00,0x00,0x00,0x00,0x00,0x00,0x00,0x00,0x00,0x00,0x00,0x00,0x00,0x00,0x00,0x00,0x00,0x00,
    0x00,0x00,0x00,0x00,0x00,0x00,0x00,0x00,0x00,0x00,0x00,0x00,0x00,0x00,0x00,0x00,0x00,0x00,0x00,0x00,0x00,0x00,0x00,0x00,0x00,0x00,0x00,0x00,0x00,0x00,0x00,0x00,0x00,0x00,0x00,0x00,0x00,0x00,0x00,0x00,0x00,0x00,0x00,0x00,0x00,0x00,0x00,0x00,0x00,0x00,0x00,0x00,0x00,0x00,0x00,0x00,0x00,0x03,0x00,0x00,0x00,0x00,0x46,0x4c,0x30,0x51,0x0c,0x1a,0xa1,0x1a,0x15,0x96,0x9b,0x9b,0x9e,0x9e,0x9b,0x9b,0x8a,0x8a,0xa0,0x8a,0x9e,0xa7,0xa1,0x28,0x31,0x54,0x48,0x3c,0x00,0x03,0x00,0x00,0x00,0x00,0x00,0x00,0x00,0x00,0x00,0x00,0x00,0x00,0x00,0x00,0x00,0x00,0x00,0x00,0x00,0x00,0x00,0x00,0x00,0x00,0x00,0x00,0x00,0x00,0x00,0x00,0x00,0x00,0x00,0x00,0x00,0x00,0x00,0x00,0x00,0x00,0x00,0x00,0x00,0x00,0x00,0x00,0x00,0x00,0x00,0x00,0x00,0x00,
    0x00,0x00,0x00,0x00,0x00,0x00,0x00,0x00,0x00,0x00,0x00,0x00,0x00,0x00,0x00,0x00,0x00,0x00,0x00,0x00,0x00,0x00,0x00,0x00,0x00,0x00,0x00,0x00,0x00,0x00,0x00,0x00,0x00,0x00,0x00,0x00,0x00,0x00,0x00,0x00,0x00,0x00,0x00,0x00,0x00,0x00,0x00,0x00,0x00,0x00,0x00,0x00,0x00,0x00,0x00,0x03,0x00,0x00,0x01,0x40,0x40,0x21,0x58,0x4a,0x63,0x65,0x9d,0x9e,0x88,0x88,0x9e,0x96,0x96,0x96,0x9e,0x8a,0x7a,0x7a,0x7a,0x7a,0x8a,0x7a,0x7a,0x8a,0x9b,0xa0,0x96,0x57,0x69,0x76,0x59,0x00,0x04,0x00,0x00,0x00,0x00,0x00,0x00,0x00,0x00,0x00,0x00,0x00,0x00,0x00,0x00,0x00,0x00,0x00,0x00,0x00,0x00,0x00,0x00,0x00,0x00,0x00,0x00,0x00,0x00,0x00,0x00,0x00,0x00,0x00,0x00,0x00,0x00,0x00,0x00,0x00,0x00,0x00,0x00,0x00,0x00,0x00,0x00,0x00,0x00,0x00,0x00,0x00,
    0x00,0x00,0x00,0x00,0x00,0x00,0x00,0x00,0x00,0x00,0x00,0x00,0x00,0x00,0x00,0x00,0x00,0x00,0x00,0x00,0x00,0x00,0x00,0x00,0x00,0x00,0x00,0x00,0x00,0x00,0x00,0x00,0x00,0x00,0x00,0x00,0x00,0x00,0x00,0x00,0x00,0x00,0x00,0x00,0x00,0x00,0x00,0x00,0x00,0x00,0x00,0x00,0x00,0x04,0x04,0x00,0x3c,0x07,0x21,0x2f,0x2f,0x4a,0x3d,0xa7,0x85,0x90,0x85,0x89,0x7a,0x7a,0x7a,0x8a,0x8a,0x9b,0x7a,0x7a,0x7a,0x7a,0x7a,0x7a,0x7a,0x7a,0x7a,0x7a,0x7a,0x8a,0x89,0x8a,0xa3,0x4d,0x2a,0x16,0x0a,0x03,0x04,0x00,0x00,0x00,0x00,0x00,0x00,0x00,0x00,0x00,0x00,0x00,0x00,0x00,0x00,0x00,0x00,0x00,0x00,0x00,0x00,0x00,0x00,0x00,0x00,0x00,0x00,0x00,0x00,0x00,0x00,0x00,0x00,0x00,0x00,0x00,0x00,0x00,0x00,0x00,0x00,0x00,0x00,0x00,0x00,0x00,0x00,0x00,0x00,0x00,
    0x00,0x00,0x00,0x00,0x00,0x00,0x00,0x00,0x00,0x00,0x00,0x00,0x00,0x00,0x00,0x00,0x00,0x00,0x00,0x00,0x00,0x00,0x00,0x00,0x00,0x00,0x00,0x00,0x00,0x00,0x00,0x00,0x00,0x00,0x00,0x00,0x00,0x00,0x00,0x00,0x00,0x00,0x00,0x00,0x00,0x00,0x00,0x00,0x00,0x00,0x00,0x00,0x0a,0x00,0x00,0x16,0x54,0x69,0x3b,0x43,0x24,0xa7,0x88,0x7a,0x88,0x88,0x7a,0x7a,0x7a,0x7a,0x7a,0x7a,0x7a,0x7a,0x7a,0x7a,0x7a,0x7a,0x7a,0x7a,0x7a,0x7a,0x7a,0x7a,0x7a,0x7a,0x8a,0x7a,0xa0,0x9b,0x49,0x3b,0x53,0x00,0x00,0x03,0x00,0x00,0x00,0x00,0x00,0x00,0x00,0x00,0x00,0x00,0x00,0x00,0x00,0x00,0x00,0x00,0x00,0x00,0x00,0x00,0x00,0x00,0x00,0x00,0x00,0x00,0x00,0x00,0x00,0x00,0x00,0x00,0x00,0x00,0x00,0x00,0x00,0x00,0x00,0x00,0x00,0x00,0x00,0x00,0x00,0x00,0x00,0x00,
    0x00,0x00,0x00,0x00,0x00,0x00,0x00,0x00,0x00,0x00,0x00,0x00,0x00,0x00,0x00,0x00,0x00,0x00,0x00,0x00,0x00,0x00,0x00,0x00,0x00,0x00,0x00,0x00,0x00,0x00,0x00,0x00,0x00,0x00,0x00,0x00,0x00,0x00,0x00,0x00,0x00,0x00,0x00,0x00,0x00,0x00,0x00,0x00,0x00,0x00,0x00,0x04,0x00,0x18,0x1b,0x33,0x4b,0x54,0x69,0x13,0x7d,0x90,0x88,0x8a,0x8a,0x7a,0x7a,0x7a,0x7a,0x7a,0x7a,0x7a,0x7a,0x7a,0x7a,0x7a,0x7a,0x7a,0x7a,0x7a,0x7a,0x7a,0x7a,0x7a,0x7a,0x7a,0x7a,0x7a,0x8a,0x88,0x90,0x0d,0x51,0x26,0x46,0x00,0x03,0x00,0x00,0x00,0x00,0x00,0x00,0x00,0x00,0x00,0x00,0x00,0x00,0x00,0x00,0x00,0x00,0x00,0x00,0x00,0x00,0x00,0x00,0x00,0x00,0x00,0x00,0x00,0x00,0x00,0x00,0x00,0x00,0x00,0x00,0x00,0x00,0x00,0x00,0x00,0x00,0x00,0x00,0x00,0x00,0x00,0x00,0x00,
    0x00,0x00,0x00,0x00,0x00,0x00,0x00,0x00,0x00,0x00,0x00,0x00,0x00,0x00,0x00,0x00,0x00,0x00,0x00,0x00,0x00,0x00,0x00,0x00,0x00,0x00,0x00,0x00,0x00,0x00,0x00,0x00,0x00,0x00,0x00,0x00,0x00,0x00,0x00,0x00,0x00,0x00,0x00,0x00,0x00,0x00,0x00,0x00,0x00,0x04,0x00,0x01,0x47,0x33,0x36,0x55,0x39,0x31,0x0d,0x89,0x7a,0x8a,0x7a,0x8a,0x7a,0x7a,0x7a,0x7a,0x7a,0x7a,0x7a,0x7a,0x7a,0x7a,0x7a,0x7a,0x7a,0x7a,0x7a,0x7a,0x7a,0x7a,0x7a,0x7a,0x7a,0x7a,0x7a,0x88,0x7a,0x8a,0x7a,0x7d,0x94,0x4a,0x69,0x18,0x03,0x03,0x00,0x00,0x00,0x00,0x00,0x00,0x00,0x00,0x00,0x00,0x00,0x00,0x00,0x00,0x00,0x00,0x00,0x00,0x00,0x00,0x00,0x00,0x00,0x00,0x00,0x00,0x00,0x00,0x00,0x00,0x00,0x00,0x00,0x00,0x00,0x00,0x00,0x00,0x00,0x00,0x00,0x00,0x00,0x00,0x00,0x00,
    0x00,0x00,0x00,0x00,0x00,0x00,0x00,0x00,0x00,0x00,0x00,0x00,0x00,0x00,0x00,0x00,0x00,0x00,0x00,0x00,0x00,0x00,0x00,0x00,0x00,0x00,0x00,0x00,0x00,0x00,0x00,0x00,0x00,0x00,0x00,0x00,0x00,0x00,0x00,0x00,0x00,0x00,0x00,0x00,0x00,0x00,0x00,0x00,0x04,0x00,0x0a,0x1b,0x28,0x28,0x32,0x28,0x36,0x9d,0x8a,0x7a,0x8a,0x7a,0x88,0x88,0x7a,0x88,0x7a,0x7a,0x7a,0x7a,0x7a,0x7a,0x7a,0x7a,0x7a,0x7a,0x7a,0x7a,0x7a,0x7a,0x7a,0x7a,0x7a,0x7a,0x7a,0x88,0x7a,0x89,0x89,0x7a,0x88,0x94,0x90,0xa7,0x62,0x44,0x00,0x01,0x00,0x00,0x00,0x00,0x00,0x00,0x00,0x00,0x00,0x00,0x00,0x00,0x00,0x00,0x00,0x00,0x00,0x00,0x00,0x00,0x00,0x00,0x00,0x00,0x00,0x00,0x00,0x00,0x00,0x00,0x00,0x00,0x00,0x00,0x00,0x00,0x00,0x00,0x00,0x00,0x00,0x00,0x00,0x00,0x00,0x00,
    0x00,0x00,0x00,0x00,0x00,0x00,0x00,0x00,0x00,0x00,0x00,0x00,0x00,0x00,0x00,0x00,0x00,0x00,0x00,0x00,0x00,0x00,0x00,0x00,0x00,0x00,0x00,0x00,0x00,0x00,0x00,0x00,0x00,0x00,0x00,0x00,0x00,0x00,0x00,0x00,0x00,0x00,0x00,0x00,0x00,0x00,0x00,0x03,0x00,0x17,0x32,0x35,0x33,0x1e,0x21,0x35,0xab,0x90,0x8a,0x7a,0x7a,0x7a,0x7a,0x89,0x88,0x89,0x88,0x88,0x7a,0x7a,0x7a,0x8a,0x7a,0x7a,0x7a,0x7a,0x7a,0x7a,0x7a,0x7a,0x7a,0x7a,0x7a,0x89,0x88,0x85,0x85,0x85,0x85,0x85,0x85,0x85,0x85,0x90,0xb2,0x4b,0x30,0x0a,0x05,0x00,0x00,0x00,0x00,0x00,0x00,0x00,0x00,0x00,0x00,0x00,0x00,0x00,0x00,0x00,0x00,0x00,0x00,0x00,0x00,0x00,0x00,0x00,0x00,0x00,0x00,0x00,0x00,0x00,0x00,0x00,0x00,0x00,0x00,0x00,0x00,0x00,0x00,0x00,0x00,0x00,0x00,0x00,0x00,0x00,
    0x00,0x00,0x00,0x00,0x00,0x00,0x00,0x00,0x00,0x00,0x00,0x00,0x00,0x00,0x00,0x00,0x00,0x00,0x00,0x00,0x00,0x00,0x00,0x00,0x00,0x00,0x00,0x00,0x00,0x00,0x00,0x00,0x00,0x00,0x00,0x00,0x00,0x00,0x00,0x00,0x00,0x00,0x00,0x00,0x00,0x00,0x04,0x04,0x11,0x45,0x35,0x32,0x11,0x4c,0x71,0x0d,0xb2,0x85,0x7a,0x7a,0x7a,0x7a,0x7a,0x85,0x85,0x7d,0x85,0x7a,0x7a,0x7a,0x8a,0x8a,0x8a,0x7a,0x7a,0x7a,0x7a,0x7a,0x7a,0x7a,0x7a,0x7a,0x7a,0x7a,0x7a,0x88,0x89,0x88,0x88,0x89,0x85,0x85,0x85,0x94,0x7d,0x0d,0x4d,0x21,0x00,0x03,0x00,0x00,0x00,0x00,0x00,0x00,0x00,0x00,0x00,0x00,0x00,0x00,0x00,0x00,0x00,0x00,0x00,0x00,0x00,0x00,0x00,0x00,0x00,0x00,0x00,0x00,0x00,0x00,0x00,0x00,0x00,0x00,0x00,0x00,0x00,0x00,0x00,0x00,0x00,0x00,0x00,0x00,0x00,0x00,
    0x00,0x00,0x00,0x00,0x00,0x00,0x00,0x00,0x00,0x00,0x00,0x00,0x00,0x00,0x00,0x00,0x00,0x00,0x00,0x00,0x00,0x00,0x00,0x00,0x00,0x00,0x00,0x00,0x00,0x00,0x00,0x00,0x00,0x00,0x00,0x00,0x00,0x00,0x00,0x00,0x00,0x00,0x00,0x00,0x00,0x04,0x05,0x0f,0x3a,0x35,0x26,0x0a,0x48,0x3b,0xb8,0x81,0x7d,0x85,0x88,0x7a,0x7a,0x7a,0x7a,0x7a,0x88,0x85,0x89,0x7a,0x7a,0x9b,0xa0,0xa7,0xa1,0xa6,0x7a,0x7a,0x7a,0x7a,0x7a,0x7a,0x88,0x89,0x88,0x7a,0x7a,0x88,0x89,0x7a,0x7a,0x89,0x85,0x85,0x85,0x85,0x85,0x93,0x63,0x3b,0x40,0x01,0x03,0x00,0x00,0x00,0x00,0x00,0x00,0x00,0x00,0x00,0x00,0x00,0x00,0x00,0x00,0x00,0x00,0x00,0x00,0x00,0x00,0x00,0x00,0x00,0x00,0x00,0x00,0x00,0x00,0x00,0x00,0x00,0x00,0x00,0x00,0x00,0x00,0x00,0x00,0x00,0x00,0x00,0x00,0x00,
    0x00,0x00,0x00,0x00,0x00,0x00,0x00,0x00,0x00,0x00,0x00,0x00,0x00,0x00,0x00,0x00,0x00,0x00,0x00,0x00,0x00,0x00,0x00,0x00,0x00,0x00,0x00,0x00,0x00,0x00,0x00,0x00,0x00,0x00,0x00,0x00,0x00,0x00,0x00,0x00,0x00,0x00,0x00,0x00,0x00,0x01,0x00,0x1b,0x36,0x39,0x03,0x3c,0x4f,0x29,0xba,0xb2,0x94,0x7d,0x85,0x85,0x88,0x7a,0x7a,0x7a,0x85,0x85,0x7a,0x7a,0x8a,0x88,0x9b,0xef,0xa1,0x90,0x7a,0x7a,0x7a,0x7a,0x7a,0x7a,0x85,0x7d,0x85,0x85,0x94,0x85,0x85,0x89,0x8a,0x89,0x89,0x7a,0x7a,0x88,0x7a,0x88,0x9b,0x4b,0x20,0x00,0x05,0x00,0x00,0x00,0x00,0x00,0x00,0x00,0x00,0x00,0x00,0x00,0x00,0x00,0x00,0x00,0x00,0x00,0x00,0x00,0x00,0x00,0x00,0x00,0x00,0x00,0x00,0x00,0x00,0x00,0x00,0x00,0x00,0x00,0x00,0x00,0x00,0x00,0x00,0x00,0x00,0x00,0x00,0x00,
    0x00,0x00,0x00,0x00,0x00,0x00,0x00,0x00,0x00,0x00,0x00,0x00,0x00,0x00,0x00,0x00,0x00,0x00,0x00,0x00,0x00,0x00,0x00,0x00,0x00,0x00,0x00,0x00,0x00,0x00,0x00,0x00,0x00,0x00,0x00,0x00,0x00,0x00,0x00,0x00,0x00,0x00,0x00,0x00,0x05,0x0a,0x64,0x36,0x3a,0x1e,0x00,0x30,0x4a,0x15,0x7d,0x85,0x85,0x93,0x7d,0x85,0x85,0x85,0x88,0x7a,0x88,0x85,0x85,0x85,0x90,0x85,0x41,0xbb,0xb2,0x8a,0x7a,0x7a,0x7a,0x7a,0x7a,0x7a,0x88,0x89,0x88,0xba,0x9a,0x7a,0x89,0x85,0x89,0x88,0x7a,0x7a,0x7a,0x7a,0x7a,0x8a,0xb2,0x65,0x39,0x11,0x01,0x04,0x00,0x00,0x00,0x00,0x00,0x00,0x00,0x00,0x00,0x00,0x00,0x00,0x00,0x00,0x00,0x00,0x00,0x00,0x00,0x00,0x00,0x00,0x00,0x00,0x00,0x00,0x00,0x00,0x00,0x00,0x00,0x00,0x00,0x00,0x00,0x00,0x00,0x00,0x00,0x00,0x00,0x00,
    0x00,0x00,0x00,0x00,0x00,0x00,0x00,0x00,0x00,0x00,0x00,0x00,0x00,0x00,0x00,0x00,0x00,0x00,0x00,0x00,0x00,0x00,0x00,0x00,0x00,0x00,0x00,0x00,0x00,0x00,0x00,0x00,0x00,0x00,0x00,0x00,0x00,0x00,0x00,0x00,0x00,0x00,0x00,0x05,0x00,0x21,0x36,0x36,0x47,0x00,0x40,0x2f,0x0d,0xb2,0x94,0x85,0x85,0x7d,0x85,0x85,0x85,0x85,0x7a,0x7a,0xa0,0x7a,0x85,0x7d,0x7d,0xcb,0x9a,0x12,0x8d,0x7d,0x89,0x88,0x88,0x7a,0x7a,0x7a,0x88,0x88,0x9b,0x97,0xca,0xa3,0x97,0x94,0x85,0x85,0x89,0x85,0x85,0x85,0x7a,0x94,0x83,0x7c,0x57,0x30,0x00,0x03,0x00,0x00,0x00,0x00,0x00,0x00,0x00,0x00,0x00,0x00,0x00,0x00,0x00,0x00,0x00,0x00,0x00,0x00,0x00,0x00,0x00,0x00,0x00,0x00,0x00,0x00,0x00,0x00,0x00,0x00,0x00,0x00,0x00,0x00,0x00,0x00,0x00,0x00,0x00,0x00,0x00,0x00,
    0x00,0x00,0x00,0x00,0x00,0x00,0x00,0x00,0x00,0x00,0x00,0x00,0x00,0x00,0x00,0x00,0x00,0x00,0x00,0x00,0x00,0x00,0x00,0x00,0x00,0x00,0x00,0x00,0x00,0x00,0x00,0x00,0x00,0x00,0x00,0x00,0x00,0x00,0x00,0x00,0x00,0x00,0x04,0x03,0x18,0x2f,0x36,0x64,0x05,0x0f,0x58,0x43,0xcc,0xba,0x85,0x85,0x88,0x9b,0x94,0x85,0x85,0x85,0x85,0x9e,0x1a,0x90,0x85,0x93,0xcb,0xa9,0x0d,0x0c,0x97,0x85,0x85,0x7d,0x85,0x85,0x88,0x89,0x85,0x85,0x94,0xb2,0xac,0xef,0xa7,0x90,0x9b,0x8a,0x88,0x89,0x89,0x7a,0x7a,0x85,0x8b,0x27,0x1f,0x34,0x40,0x00,0x03,0x00,0x00,0x00,0x00,0x00,0x00,0x00,0x00,0x00,0x00,0x00,0x00,0x00,0x00,0x00,0x00,0x00,0x00,0x00,0x00,0x00,0x00,0x00,0x00,0x00,0x00,0x00,0x00,0x00,0x00,0x00,0x00,0x00,0x00,0x00,0x00,0x00,0x00,0x00,0x00,0x00,
    0x00,0x00,0x00,0x00,0x00,0x00,0x00,0x00,0x00,0x00,0x00,0x00,0x00,0x00,0x00,0x00,0x00,0x00,0x00,0x00,0x00,0x00,0x00,0x00,0x00,0x00,0x00,0x00,0x00,0x00,0x00,0x00,0x00,0x00,0x00,0x00,0x00,0x00,0x00,0x00,0x00,0x00,0x0a,0x00,0x44,0x5f,0x31,0x18,0x00,0x21,0x4a,0x1f,0xb2,0x94,0x90,0x85,0x94,0xaa,0x97,0x90,0x94,0x94,0x90,0x41,0x0d,0x93,0x93,0xac,0x0d,0xcc,0x13,0x1a,0x90,0x85,0x85,0x89,0x85,0x85,0x85,0x89,0x89,0x85,0x94,0x93,0xbc,0x13,0x3d,0x85,0x94,0xcd,0x7a,0x88,0x89,0x88,0x85,0x7d,0x81,0x27,0x9d,0x3b,0x53,0x03,0x05,0x00,0x00,0x00,0x00,0x00,0x00,0x00,0x00,0x00,0x00,0x00,0x00,0x00,0x00,0x00,0x00,0x00,0x00,0x00,0x00,0x00,0x00,0x00,0x00,0x00,0x00,0x00,0x00,0x00,0x00,0x00,0x00,0x00,0x00,0x00,0x00,0x00,0x00,0x00,0x00,0x00,
    0x00,0x00,0x00,0x00,0x00,0x00,0x00,0x00,0x00,0x00,0x00,0x00,0x00,0x00,0x00,0x00,0x00,0x00,0x00,0x00,0x00,0x00,0x00,0x00,0x00,0x00,0x00,0x00,0x00,0x00,0x00,0x00,0x00,0x00,0x00,0x00,0x00,0x00,0x00,0x00,0x00,0x04,0x00,0x59,0x55,0x28,0x20,0x00,0x00,0x58,0x56,0x94,0x7a,0x85,0x7d,0x94,0x93,0xcb,0xbb,0xa1,0x97,0xde,0xa3,0x41,0xdb,0x93,0x0c,0x3f,0xba,0xcc,0x13,0xa7,0x93,0x88,0x88,0x8a,0x88,0x85,0x85,0x89,0x85,0x85,0x94,0x93,0x0c,0xa9,0x13,0xa3,0xdb,0x9a,0xa7,0x90,0x85,0x85,0x85,0x85,0x85,0x7d,0x9d,0x3f,0x54,0x00,0x03,0x00,0x00,0x00,0x00,0x00,0x00,0x00,0x00,0x00,0x00,0x00,0x00,0x00,0x00,0x00,0x00,0x00,0x00,0x00,0x00,0x00,0x00,0x00,0x00,0x00,0x00,0x00,0x00,0x00,0x00,0x00,0x00,0x00,0x00,0x00,0x00,0x00,0x00,0x00,0x00,0x00,
    0x00,0x00,0x00,0x00,0x00,0x00,0x00,0x00,0x00,0x00,0x00,0x00,0x00,0x00,0x00,0x00,0x00,0x00,0x00,0x00,0x00,0x00,0x00,0x00,0x00,0x00,0x00,0x00,0x00,0x00,0x00,0x00,0x00,0x00,0x00,0x00,0x00,0x00,0x00,0x00,0x00,0x0a,0x04,0x47,0x35,0x42,0x0f,0x04,0x21,0x3b,0xa9,0x9e,0x8a,0x88,0x94,0x90,0xa7,0xc8,0xdc,0xb0,0x29,0x13,0xd1,0xba,0xcc,0xa7,0xcb,0xc7,0x8e,0x92,0x13,0x9d,0x7d,0x7a,0x7a,0x7a,0x88,0x85,0x85,0x85,0x85,0x89,0x94,0x90,0x9a,0x1f,0xa8,0x3f,0x7d,0xd9,0x0d,0x93,0x94,0x85,0x85,0x85,0x85,0x85,0x89,0x0c,0x3b,0x53,0x01,0x05,0x00,0x00,0x00,0x00,0x00,0x00,0x00,0x00,0x00,0x00,0x00,0x00,0x00,0x00,0x00,0x00,0x00,0x00,0x00,0x00,0x00,0x00,0x00,0x00,0x00,0x00,0x00,0x00,0x00,0x00,0x00,0x00,0x00,0x00,0x00,0x00,0x00,0x00,0x00,0x00,
    0x00,0x00,0x00,0x00,0x00,0x00,0x00,0x00,0x00,0x00,0x00,0x00,0x00,0x00,0x00,0x00,0x00,0x00,0x00,0x00,0x00,0x00,0x00,0x00,0x00,0x00,0x00,0x00,0x00,0x00,0x00,0x00,0x00,0x00,0x00,0x00,0x00,0x00,0x00,0x00,0x00,0x04,0x0a,0x64,0x36,0x44,0x04,0x00,0x2a,0x0d,0x9e,0x96,0x7a,0x9b,0x96,0xaa,0xca,0xdc,0xce,0xce,0xf1,0xf8,0xaf,0x9d,0xa6,0xcb,0xab,0x8d,0x9f,0xbc,0xbb,0x94,0x90,0x88,0x7a,0x7a,0x7a,0x7a,0x88,0x85,0x88,0x7a,0x9b,0xaa,0x9a,0x1f,0x8f,0xa9,0x9a,0x94,0xa3,0x93,0x94,0x85,0x85,0x7a,0x89,0x7a,0x88,0xa1,0x4a,0x30,0x01,0x03,0x00,0x00,0x00,0x00,0x00,0x00,0x00,0x00,0x00,0x00,0x00,0x00,0x00,0x00,0x00,0x00,0x00,0x00,0x00,0x00,0x00,0x00,0x00,0x00,0x00,0x00,0x00,0x00,0x00,0x00,0x00,0x00,0x00,0x00,0x00,0x00,0x00,0x00,0x00,0x00,
    0x00,0x00,0x00,0x00,0x00,0x00,0x00,0x00,0x00,0x00,0x00,0x00,0x00,0x00,0x00,0x00,0x00,0x00,0x00,0x00,0x00,0x00,0x00,0x00,0x00,0x00,0x00,0x00,0x00,0x00,0x00,0x00,0x00,0x00,0x00,0x00,0x00,0x00,0x00,0x00,0x03,0x00,0x40,0x42,0x3a,0x1e,0x00,0x25,0x4f,0x0c,0x9b,0x9e,0x7a,0x7a,0x9b,0xa6,0xc5,0xf9,0xf1,0xce,0xce,0xdc,0xc8,0x9d,0xa9,0xac,0x1f,0xac,0x12,0x0b,0x29,0x9d,0x90,0xa0,0x9b,0x8a,0x7a,0x7a,0x8a,0x8a,0x7a,0x7a,0x9b,0x93,0x9a,0xcb,0xbc,0xa4,0xa3,0xa7,0xa3,0x9d,0x7d,0x88,0x7a,0x7a,0x8a,0x7a,0x7a,0x7a,0xcb,0x58,0x18,0x00,0x04,0x00,0x00,0x00,0x00,0x00,0x00,0x00,0x00,0x00,0x00,0x00,0x00,0x00,0x00,0x00,0x00,0x00,0x00,0x00,0x00,0x00,0x00,0x00,0x00,0x00,0x00,0x00,0x00,0x00,0x00,0x00,0x00,0x00,0x00,0x00,0x00,0x00,0x00,0x00,
    0x00,0x00,0x00,0x00,0x00,0x00,0x00,0x00,0x00,0x00,0x00,0x00,0x00,0x00,0x00,0x00,0x00,0x00,0x00,0x00,0x00,0x00,0x00,0x00,0x00,0x00,0x00,0x00,0x00,0x00,0x00,0x00,0x00,0x00,0x00,0x00,0x00,0x00,0x00,0x00,0x05,0x04,0x1e,0x3a,0x39,0x11,0x00,0x4c,0x57,0x7d,0x9b,0x8a,0x85,0x85,0x7d,0x97,0x97,0x0d,0xc5,0xf8,0xdc,0xe1,0xc5,0xde,0x29,0xac,0x1f,0x83,0x92,0xcc,0xcb,0x9d,0x8a,0x1a,0x8a,0x88,0x88,0x7a,0x88,0x89,0x88,0x7a,0x94,0x97,0x9a,0xa9,0x1f,0xac,0x0d,0xa9,0xa3,0xd9,0xb2,0x8a,0x7a,0x7a,0x88,0x88,0x9b,0x90,0x41,0x74,0x47,0x00,0x05,0x00,0x00,0x00,0x00,0x00,0x00,0x00,0x00,0x00,0x00,0x00,0x00,0x00,0x00,0x00,0x00,0x00,0x00,0x00,0x00,0x00,0x00,0x00,0x00,0x00,0x00,0x00,0x00,0x00,0x00,0x00,0x00,0x00,0x00,0x00,0x00,0x00,0x00,0x00,
    0x00,0x00,0x00,0x00,0x00,0x00,0x00,0x00,0x00,0x00,0x00,0x00,0x00,0x00,0x00,0x00,0x00,0x00,0x00,0x00,0x00,0x00,0x00,0x00,0x00,0x00,0x00,0x00,0x00,0x00,0x00,0x00,0x00,0x00,0x00,0x00,0x00,0x00,0x00,0x00,0x04,0x04,0x1b,0x28,0x3a,0x18,0x00,0x30,0x43,0xb2,0x8a,0x7d,0x85,0x90,0x9d,0x29,0x9a,0xa0,0xde,0x96,0xef,0xb1,0x3d,0x0c,0xac,0x8e,0x8d,0x86,0x8b,0x83,0xc2,0xb2,0x15,0xc5,0x90,0x85,0x85,0x85,0x85,0x85,0x85,0x85,0x94,0x97,0xa3,0x9f,0x8f,0x99,0xc2,0xcb,0xa3,0x0c,0xcc,0x8a,0x88,0x89,0x7d,0x85,0x88,0x88,0x13,0x56,0x20,0x04,0x05,0x00,0x00,0x00,0x00,0x00,0x00,0x00,0x00,0x00,0x00,0x00,0x00,0x00,0x00,0x00,0x00,0x00,0x00,0x00,0x00,0x00,0x00,0x00,0x00,0x00,0x00,0x00,0x00,0x00,0x00,0x00,0x00,0x00,0x00,0x00,0x00,0x00,0x00,0x00,
    0x00,0x00,0x00,0x00,0x00,0x00,0x00,0x00,0x00,0x00,0x00,0x00,0x00,0x00,0x00,0x00,0x00,0x00,0x00,0x00,0x00,0x00,0x00,0x00,0x00,0x00,0x00,0x00,0x00,0x00,0x00,0x00,0x00,0x00,0x00,0x00,0x00,0x00,0x00,0x00,0x03,0x00,0x64,0x43,0x3a,0x11,0x25,0x2f,0xd9,0xb2,0x9e,0x88,0x9b,0x97,0xbd,0xe1,0xf9,0xb0,0xe6,0x3d,0xd1,0x96,0x3d,0x3f,0x7c,0x8b,0x8b,0x86,0x86,0x7c,0xc2,0x7d,0x13,0xbd,0xcc,0x7d,0x85,0x85,0x85,0x85,0x85,0x85,0x94,0x93,0xa3,0x0b,0x7c,0x7c,0x8e,0xbd,0xbb,0x9a,0xcc,0x94,0x85,0x85,0x85,0x89,0x89,0x90,0x0c,0x57,0x26,0x00,0x00,0x00,0x00,0x00,0x00,0x00,0x00,0x00,0x00,0x00,0x00,0x00,0x00,0x00,0x00,0x00,0x00,0x00,0x00,0x00,0x00,0x00,0x00,0x00,0x00,0x00,0x00,0x00,0x00,0x00,0x00,0x00,0x00,0x00,0x00,0x00,0x00,0x00,0x00,0x00,
    0x00,0x00,0x00,0x00,0x00,0x00,0x00,0x00,0x00,0x00,0x00,0x00,0x00,0x00,0x00,0x00,0x00,0x00,0x00,0x00,0x00,0x00,0x00,0x00,0x00,0x00,0x00,0x00,0x00,0x00,0x00,0x00,0x00,0x00,0x00,0x00,0x00,0x00,0x00,0x00,0x03,0x00,0x64,0x35,0x3a,0x11,0x20,0x35,0x83,0x85,0xcd,0x96,0x9e,0x9e,0xa5,0xce,0xce,0xf1,0xdc,0xdc,0xf8,0xbb,0xd1,0xb2,0x7c,0x86,0x7c,0x86,0x8b,0x8d,0xc2,0x15,0xac,0xc2,0x7d,0x7d,0x85,0x85,0x85,0x85,0x85,0x85,0x85,0x90,0xa3,0x99,0x8d,0x81,0x7c,0x83,0xc5,0xa3,0x97,0x94,0x85,0x88,0x88,0x88,0x9e,0x93,0x9a,0x0c,0x44,0x11,0x00,0x01,0x00,0x00,0x00,0x00,0x00,0x00,0x00,0x00,0x00,0x00,0x00,0x00,0x00,0x00,0x00,0x00,0x00,0x00,0x00,0x00,0x00,0x00,0x00,0x00,0x00,0x00,0x00,0x00,0x00,0x00,0x00,0x00,0x00,0x00,0x00,0x00,0x00,0x00,
    0x00,0x00,0x00,0x00,0x00,0x00,0x00,0x00,0x00,0x00,0x00,0x00,0x00,0x00,0x00,0x00,0x00,0x00,0x00,0x00,0x00,0x00,0x00,0x00,0x00,0x00,0x00,0x00,0x00,0x00,0x00,0x00,0x00,0x00,0x00,0x00,0x00,0x00,0x00,0x00,0x03,0x03,0x1e,0x2f,0x34,0x0f,0x44,0x60,0xb2,0xa7,0x0c,0x8a,0x89,0xa1,0xb0,0xdc,0xdc,0xf1,0xce,0xce,0xf9,0xef,0xd9,0x8d,0x81,0x81,0x83,0x81,0x86,0x8d,0xb8,0xa3,0x24,0xc2,0x9d,0x85,0x85,0x85,0x85,0x85,0x85,0x85,0x89,0x94,0xcb,0x81,0x86,0x86,0x83,0x8f,0xac,0xbb,0x93,0x9b,0x7a,0x8a,0xa0,0xa7,0xcb,0x97,0x0c,0xa9,0x33,0x25,0x00,0x03,0x00,0x00,0x00,0x00,0x00,0x00,0x00,0x00,0x00,0x00,0x00,0x00,0x00,0x00,0x00,0x00,0x00,0x00,0x00,0x00,0x00,0x00,0x00,0x00,0x00,0x00,0x00,0x00,0x00,0x00,0x00,0x00,0x00,0x00,0x00,0x00,0x00,0x00,
    0x00,0x00,0x00,0x00,0x00,0x00,0x00,0x00,0x00,0x00,0x00,0x00,0x00,0x00,0x00,0x00,0x00,0x00,0x00,0x00,0x00,0x00,0x00,0x00,0x00,0x00,0x00,0x00,0x00,0x00,0x00,0x00,0x00,0x00,0x00,0x00,0x00,0x00,0x00,0x00,0x0a,0x00,0x1e,0x28,0x34,0x21,0x2a,0x65,0x93,0xcd,0xcd,0xb2,0x7d,0x97,0xa0,0x13,0xe6,0xa5,0xe1,0xdc,0xa2,0x0c,0x92,0x8b,0x8b,0x81,0x99,0x12,0xab,0x8e,0xb8,0x41,0xab,0xb8,0x94,0x93,0x90,0x90,0x90,0x7d,0x7d,0x89,0xa0,0xa1,0xac,0x8d,0x7c,0x86,0x81,0x92,0x9f,0xbb,0xa1,0x8a,0x88,0x88,0x7a,0x9d,0xa3,0xa6,0x0d,0x0c,0x50,0x20,0x00,0x05,0x00,0x00,0x00,0x00,0x00,0x00,0x00,0x00,0x00,0x00,0x00,0x00,0x00,0x00,0x00,0x00,0x00,0x00,0x00,0x00,0x00,0x00,0x00,0x00,0x00,0x00,0x00,0x00,0x00,0x00,0x00,0x00,0x00,0x00,0x00,0x00,0x00,0x00,
    0x00,0x00,0x00,0x00,0x00,0x00,0x00,0x00,0x00,0x00,0x00,0x00,0x00,0x00,0x00,0x00,0x00,0x00,0x00,0x00,0x00,0x00,0x00,0x00,0x00,0x00,0x00,0x00,0x00,0x00,0x00,0x00,0x00,0x00,0x00,0x00,0x00,0x00,0x00,0x00,0x00,0x01,0x0a,0x67,0x28,0x42,0x31,0xa7,0x7d,0x0c,0xa1,0xb2,0x9d,0x29,0xac,0x96,0x97,0xde,0x3d,0xaf,0xd1,0x0b,0x86,0x81,0x86,0x86,0x8d,0xab,0xb8,0xab,0x1f,0xc5,0x86,0xb8,0x9a,0xa9,0x15,0xa1,0xa7,0x9d,0x94,0x89,0x0c,0x0c,0x0d,0x8d,0xab,0x1f,0x83,0x8d,0xab,0xd1,0xcd,0x89,0x8a,0x96,0xa6,0x9d,0x13,0x7a,0x0d,0xcd,0x28,0x20,0x00,0x05,0x00,0x00,0x00,0x00,0x00,0x00,0x00,0x00,0x00,0x00,0x00,0x00,0x00,0x00,0x00,0x00,0x00,0x00,0x00,0x00,0x00,0x00,0x00,0x00,0x00,0x00,0x00,0x00,0x00,0x00,0x00,0x00,0x00,0x00,0x00,0x00,0x00,0x00,
    0x00,0x00,0x00,0x00,0x00,0x00,0x00,0x00,0x00,0x00,0x00,0x00,0x00,0x00,0x00,0x00,0x00,0x00,0x00,0x00,0x00,0x00,0x00,0x00,0x00,0x00,0x00,0x00,0x00,0x00,0x00,0x00,0x00,0x00,0x00,0x00,0x00,0x00,0x00,0x00,0x00,0x05,0x04,0x1b,0x5f,0x62,0x55,0x90,0x9e,0x0c,0x9d,0x97,0x13,0xe1,0xf9,0xf8,0xec,0x29,0xbb,0x41,0x15,0x99,0x81,0x81,0x86,0x86,0x8b,0x8d,0x83,0x12,0xc2,0xe2,0x8f,0xab,0x1f,0x1f,0x24,0xbc,0x12,0x12,0xbc,0xb8,0x13,0xbb,0xbc,0x24,0x9f,0x83,0x86,0x86,0x83,0xef,0x15,0x7a,0x96,0x0d,0x93,0x65,0xbb,0xa7,0x0d,0x0c,0x31,0x16,0x00,0x03,0x00,0x00,0x00,0x00,0x00,0x00,0x00,0x00,0x00,0x00,0x00,0x00,0x00,0x00,0x00,0x00,0x00,0x00,0x00,0x00,0x00,0x00,0x00,0x00,0x00,0x00,0x00,0x00,0x00,0x00,0x00,0x00,0x00,0x00,0x00,0x00,0x00,0x00,
    0x00,0x00,0x00,0x00,0x00,0x00,0x00,0x00,0x00,0x00,0x00,0x00,0x00,0x00,0x00,0x00,0x00,0x00,0x00,0x00,0x00,0x00,0x00,0x00,0x00,0x00,0x00,0x00,0x00,0x00,0x00,0x00,0x00,0x00,0x00,0x00,0x00,0x00,0x00,0x00,0x00,0x04,0x04,0x11,0x55,0x5f,0x62,0xa0,0xa1,0xcd,0x94,0x97,0xe6,0xdc,0xce,0xce,0xf1,0xdc,0xf9,0xb1,0x9d,0x7c,0x86,0x86,0x86,0x86,0x86,0x8b,0x7c,0x8d,0x9f,0xb8,0x24,0x7c,0x92,0x8e,0x8e,0x7c,0x8d,0x8d,0x8d,0x99,0x0b,0xe2,0x12,0xab,0x8d,0x7c,0x81,0x83,0x83,0xbb,0xa7,0x9a,0x15,0x0c,0x93,0xa9,0xca,0x97,0xa9,0x63,0x39,0x0f,0x00,0x01,0x00,0x00,0x00,0x00,0x00,0x00,0x00,0x00,0x00,0x00,0x00,0x00,0x00,0x00,0x00,0x00,0x00,0x00,0x00,0x00,0x00,0x00,0x00,0x00,0x00,0x00,0x00,0x00,0x00,0x00,0x00,0x00,0x00,0x00,0x00,0x00,0x00,0x00,
    0x00,0x00,0x00,0x00,0x00,0x00,0x00,0x00,0x00,0x00,0x00,0x00,0x00,0x00,0x00,0x00,0x00,0x00,0x00,0x00,0x00,0x00,0x00,0x00,0x00,0x00,0x00,0x00,0x00,0x00,0x00,0x00,0x00,0x00,0x00,0x00,0x00,0x00,0x00,0x00,0x00,0x00,0x0a,0x00,0x44,0x5f,0x0b,0x88,0xa1,0x15,0x89,0x93,0xbd,0xf9,0xf9,0xf1,0xce,0xce,0xce,0xa5,0xc7,0x81,0x83,0x83,0x81,0x81,0x8b,0x8b,0x81,0x81,0x8e,0xba,0x0b,0x83,0x8b,0x8b,0x8b,0x81,0x81,0x8b,0x7c,0x1f,0xbc,0x99,0x8e,0x7c,0x81,0x83,0x83,0x8b,0x99,0xbb,0x9a,0x9a,0x1a,0x9a,0xa6,0x96,0x9e,0x93,0xa9,0x63,0x31,0x00,0x03,0x00,0x00,0x00,0x00,0x00,0x00,0x00,0x00,0x00,0x00,0x00,0x00,0x00,0x00,0x00,0x00,0x00,0x00,0x00,0x00,0x00,0x00,0x00,0x00,0x00,0x00,0x00,0x00,0x00,0x00,0x00,0x00,0x00,0x00,0x00,0x00,0x00,0x00,0x00,
    0x00,0x00,0x00,0x00,0x00,0x00,0x00,0x00,0x00,0x00,0x00,0x00,0x00,0x00,0x00,0x00,0x00,0x00,0x00,0x00,0x00,0x00,0x00,0x00,0x00,0x00,0x00,0x00,0x00,0x00,0x00,0x00,0x00,0x00,0x00,0x00,0x00,0x00,0x00,0x00,0x00,0x00,0x04,0x01,0x25,0x33,0x15,0x7d,0x9b,0x94,0x7d,0x89,0xa6,0xa7,0x13,0xe6,0xec,0xf8,0xe1,0xe6,0xdb,0xcc,0x92,0x8f,0x8f,0x92,0x8d,0xc7,0xba,0x99,0x99,0xba,0xc7,0x8b,0x86,0x86,0x86,0x86,0x86,0x86,0x86,0x8e,0x92,0x8e,0x8b,0x8b,0x81,0x83,0x83,0x8b,0x99,0xb8,0xc7,0xa1,0xa3,0xac,0x97,0x88,0x7a,0x90,0x0c,0x1a,0x51,0x26,0x00,0x05,0x00,0x00,0x00,0x00,0x00,0x00,0x00,0x00,0x00,0x00,0x00,0x00,0x00,0x00,0x00,0x00,0x00,0x00,0x00,0x00,0x00,0x00,0x00,0x00,0x00,0x00,0x00,0x00,0x00,0x00,0x00,0x00,0x00,0x00,0x00,0x00,0x00,0x00,
    0x00,0x00,0x00,0x00,0x00,0x00,0x00,0x00,0x00,0x00,0x00,0x00,0x00,0x00,0x00,0x00,0x00,0x00,0x00,0x00,0x00,0x00,0x00,0x00,0x00,0x00,0x00,0x00,0x00,0x00,0x00,0x00,0x00,0x00,0x00,0x00,0x00,0x00,0x00,0x00,0x00,0x00,0x00,0x05,0x00,0x32,0x63,0xa7,0x88,0x7a,0x7a,0x7a,0x8a,0x88,0xa6,0x97,0xcd,0xdd,0xe4,0xc7,0x9f,0xac,0xc5,0xc5,0xca,0xbd,0xac,0xb8,0xb8,0x12,0xbc,0xa8,0x7c,0x8b,0x86,0x86,0x86,0x86,0x86,0x86,0x86,0x86,0x99,0xb5,0xa4,0xc7,0x8f,0x8f,0x8f,0x8f,0x8f,0x8f,0xcc,0xa1,0xc5,0xac,0x97,0x9b,0x9e,0x9b,0xa7,0x13,0xa3,0x4f,0x0f,0x00,0x03,0x00,0x00,0x00,0x00,0x00,0x00,0x00,0x00,0x00,0x00,0x00,0x00,0x00,0x00,0x00,0x00,0x00,0x00,0x00,0x00,0x00,0x00,0x00,0x00,0x00,0x00,0x00,0x00,0x00,0x00,0x00,0x00,0x00,0x00,0x00,0x00,0x00,
    0x00,0x00,0x00,0x00,0x00,0x00,0x00,0x00,0x00,0x00,0x00,0x00,0x00,0x00,0x00,0x00,0x00,0x00,0x00,0x00,0x00,0x00,0x00,0x00,0x00,0x00,0x00,0x00,0x00,0x00,0x00,0x00,0x00,0x00,0x00,0x00,0x00,0x00,0x00,0x00,0x00,0x00,0x00,0x05,0x01,0x32,0x56,0x13,0xa6,0x7a,0x89,0x85,0x85,0x94,0x7d,0x96,0xe3,0xd3,0xea,0x92,0xca,0x82,0x82,0x79,0x80,0x82,0x82,0x87,0x8c,0xc9,0xbf,0xc6,0x83,0x7c,0x86,0x86,0x86,0x86,0x86,0x86,0x86,0x27,0xbc,0x3d,0xca,0xca,0x29,0xca,0xca,0x29,0xbd,0xb8,0x92,0x9a,0xb1,0x0d,0xa6,0x9b,0x88,0x88,0x90,0x1a,0x41,0x56,0x54,0x11,0x00,0x04,0x00,0x00,0x00,0x00,0x00,0x00,0x00,0x00,0x00,0x00,0x00,0x00,0x00,0x00,0x00,0x00,0x00,0x00,0x00,0x00,0x00,0x00,0x00,0x00,0x00,0x00,0x00,0x00,0x00,0x00,0x00,0x00,0x00,0x00,0x00,0x00,
    0x00,0x00,0x00,0x00,0x00,0x00,0x00,0x00,0x00,0x00,0x00,0x00,0x00,0x00,0x00,0x00,0x00,0x00,0x00,0x00,0x00,0x00,0x00,0x00,0x00,0x00,0x00,0x00,0x00,0x00,0x00,0x00,0x00,0x00,0x00,0x00,0x00,0x00,0x00,0x00,0x00,0x00,0x03,0x00,0x25,0x31,0xa1,0x1a,0x7d,0x85,0x85,0x85,0x85,0x94,0xaa,0xf4,0xd4,0xc4,0xe4,0x81,0xb1,0xc9,0x24,0xab,0xc6,0x82,0x29,0x0b,0xe6,0x82,0xc9,0xc6,0x9f,0x8e,0x81,0x81,0x81,0x8b,0x86,0x81,0x92,0x12,0x9c,0x8c,0x9c,0x7b,0x82,0x82,0x82,0x82,0x82,0xb1,0x8b,0x29,0xc4,0xb8,0xaa,0x9b,0x89,0x94,0x93,0x49,0x58,0x63,0x43,0x2f,0x11,0x05,0x01,0x00,0x00,0x00,0x00,0x00,0x00,0x00,0x00,0x00,0x00,0x00,0x00,0x00,0x00,0x00,0x00,0x00,0x00,0x00,0x00,0x00,0x00,0x00,0x00,0x00,0x00,0x00,0x00,0x00,0x00,0x00,0x00,0x00,0x00,0x00,
    0x00,0x00,0x00,0x00,0x00,0x00,0x00,0x00,0x00,0x00,0x00,0x00,0x00,0x00,0x00,0x00,0x00,0x00,0x00,0x00,0x00,0x00,0x00,0x00,0x00,0x00,0x00,0x00,0x00,0x00,0x00,0x00,0x00,0x00,0x00,0x00,0x00,0x00,0x00,0x04,0x01,0x00,0x05,0x04,0x26,0x49,0x9e,0xa0,0x88,0x85,0x85,0x85,0x94,0x97,0xac,0xb7,0xf2,0x41,0xaf,0x8e,0x9f,0xc6,0x8e,0x8f,0xc6,0xf0,0xd6,0xff,0xed,0xe1,0xb1,0x8f,0x81,0x86,0x83,0x83,0x83,0x83,0x83,0x83,0x81,0x9f,0xb1,0xc2,0xcc,0xa5,0xb9,0x9c,0xc2,0x9f,0xbd,0x87,0xcb,0xea,0xc4,0xf6,0xaa,0x9b,0x7a,0x7a,0x7d,0x49,0x2a,0x34,0x57,0x4b,0x20,0x00,0x05,0x00,0x00,0x00,0x00,0x00,0x00,0x00,0x00,0x00,0x00,0x00,0x00,0x00,0x00,0x00,0x00,0x00,0x00,0x00,0x00,0x00,0x00,0x00,0x00,0x00,0x00,0x00,0x00,0x00,0x00,0x00,0x00,0x00,0x00,0x00,
    0x00,0x00,0x00,0x00,0x00,0x00,0x00,0x00,0x00,0x00,0x00,0x00,0x00,0x00,0x00,0x00,0x00,0x00,0x00,0x00,0x00,0x00,0x00,0x00,0x00,0x00,0x00,0x00,0x00,0x00,0x00,0x00,0x00,0x00,0x00,0x00,0x00,0x03,0x03,0x00,0x00,0x01,0x00,0x40,0x4b,0xa1,0x85,0x88,0x7a,0x89,0x85,0x94,0x90,0xcd,0xd4,0x3e,0x41,0xbb,0x3f,0x0b,0x92,0x0b,0xab,0x8f,0x29,0xc3,0xfd,0xbe,0xfb,0xed,0xe4,0x92,0x83,0xa8,0x83,0x81,0x81,0x81,0x83,0x83,0x83,0x92,0xb1,0xa5,0xbe,0xce,0xf1,0x9c,0x24,0x8f,0xbc,0xc5,0xab,0xd8,0xe4,0xea,0x88,0x8a,0x88,0x89,0x90,0xa7,0x2f,0x20,0x42,0xcd,0x4d,0x4c,0x00,0x02,0x00,0x00,0x00,0x00,0x00,0x00,0x00,0x00,0x00,0x00,0x00,0x00,0x00,0x00,0x00,0x00,0x00,0x00,0x00,0x00,0x00,0x00,0x00,0x00,0x00,0x00,0x00,0x00,0x00,0x00,0x00,0x00,0x00,0x00,
    0x00,0x00,0x00,0x00,0x00,0x00,0x00,0x00,0x00,0x00,0x00,0x00,0x00,0x00,0x00,0x00,0x00,0x00,0x00,0x00,0x00,0x00,0x00,0x00,0x00,0x00,0x00,0x00,0x00,0x00,0x00,0x00,0x00,0x00,0x00,0x00,0x03,0x00,0x00,0x18,0x11,0x0f,0x18,0x30,0x4d,0x85,0x85,0x85,0x85,0x85,0x94,0x7d,0x96,0xe8,0xcf,0xe3,0xeb,0xef,0x0d,0x1f,0x8e,0x7c,0x8b,0x8b,0xab,0xf6,0xfd,0xfb,0xfb,0xea,0x24,0x92,0x81,0x83,0x83,0x8b,0x86,0x86,0x86,0x86,0x8b,0xdb,0xe4,0xed,0xfd,0xfb,0xed,0xb1,0x81,0x7c,0x9f,0x8d,0x12,0x41,0xcd,0xbd,0xa1,0x90,0x85,0x89,0x89,0x9e,0x4b,0x16,0x20,0x51,0x3f,0x42,0x1e,0x04,0x0a,0x00,0x00,0x00,0x00,0x00,0x00,0x00,0x00,0x00,0x00,0x00,0x00,0x00,0x00,0x00,0x00,0x00,0x00,0x00,0x00,0x00,0x00,0x00,0x00,0x00,0x00,0x00,0x00,0x00,0x00,0x00,0x00,0x00,
    0x00,0x00,0x00,0x00,0x00,0x00,0x00,0x00,0x00,0x00,0x00,0x00,0x00,0x00,0x00,0x00,0x00,0x00,0x00,0x00,0x00,0x00,0x00,0x00,0x00,0x00,0x00,0x00,0x00,0x00,0x00,0x00,0x00,0x00,0x00,0x00,0x00,0x40,0x1b,0x67,0x39,0x30,0x3a,0x43,0xa1,0xa0,0x8a,0x89,0x7d,0x85,0x85,0xaa,0xf4,0xe3,0xea,0xc6,0xd1,0x13,0x9f,0x12,0x92,0x83,0x83,0x9d,0x9f,0xc2,0xc2,0x24,0xbd,0xac,0x8d,0x83,0x83,0x81,0x81,0x81,0x86,0x86,0x86,0x86,0x81,0x8e,0x1f,0xea,0x12,0x12,0xea,0x12,0x8e,0x83,0x7c,0x83,0x9a,0xd1,0xe8,0xd4,0x9a,0x97,0x94,0x88,0x7a,0x90,0x50,0x26,0x0f,0x45,0x1a,0x49,0x26,0x00,0x03,0x00,0x00,0x00,0x00,0x00,0x00,0x00,0x00,0x00,0x00,0x00,0x00,0x00,0x00,0x00,0x00,0x00,0x00,0x00,0x00,0x00,0x00,0x00,0x00,0x00,0x00,0x00,0x00,0x00,0x00,0x00,0x00,0x00,
    0x00,0x00,0x00,0x00,0x00,0x00,0x00,0x00,0x00,0x00,0x00,0x00,0x00,0x00,0x00,0x00,0x00,0x00,0x00,0x00,0x00,0x00,0x00,0x00,0x00,0x00,0x00,0x00,0x00,0x00,0x00,0x00,0x00,0x00,0x05,0x0f,0x47,0x2f,0x50,0xa4,0x50,0x49,0x9d,0x93,0x7a,0x88,0x88,0x7a,0x88,0x94,0xaa,0xf2,0xb7,0xf5,0xc1,0xda,0xda,0x3d,0xba,0xc2,0x7c,0x8b,0xa8,0xa4,0xb5,0xb5,0xa4,0x9d,0xb2,0x8d,0x83,0x81,0x83,0x8b,0x81,0x83,0x83,0x83,0x8b,0x86,0x86,0x8b,0x92,0x0b,0xc2,0xbd,0xc2,0xab,0xd9,0xa4,0xc7,0x0b,0xa3,0xd1,0xc6,0xe7,0xf4,0x97,0x94,0x7d,0x85,0xb2,0x9f,0x34,0x16,0x45,0x96,0xa9,0x45,0x18,0x00,0x04,0x00,0x00,0x00,0x00,0x00,0x00,0x00,0x00,0x00,0x00,0x00,0x00,0x00,0x00,0x00,0x00,0x00,0x00,0x00,0x00,0x00,0x00,0x00,0x00,0x00,0x00,0x00,0x00,0x00,0x00,0x00,0x00,
    0x00,0x00,0x00,0x00,0x00,0x00,0x00,0x00,0x00,0x00,0x00,0x00,0x00,0x00,0x00,0x00,0x00,0x00,0x00,0x00,0x00,0x00,0x00,0x00,0x00,0x00,0x00,0x00,0x00,0x00,0x00,0x00,0x00,0x05,0x00,0x47,0x55,0x65,0x7d,0x90,0x90,0x90,0x7d,0x88,0x89,0x85,0x85,0x88,0x8a,0xaa,0xe2,0xae,0xc0,0xf5,0xba,0xd7,0x66,0xd1,0xc1,0x41,0xab,0xb2,0xa4,0xb5,0xb5,0xb5,0xb5,0x7d,0xba,0x99,0x81,0x86,0x8b,0x83,0x83,0x83,0xba,0xa8,0x83,0x8b,0x86,0x86,0x81,0x7c,0x92,0xcc,0xa4,0xb5,0xa4,0xa4,0xcc,0x24,0x3f,0xd7,0xd7,0xbd,0xe0,0xc2,0x97,0x94,0x89,0x85,0x94,0x60,0x32,0x4f,0x15,0x1a,0x2a,0x18,0x03,0x04,0x00,0x00,0x00,0x00,0x00,0x00,0x00,0x00,0x00,0x00,0x00,0x00,0x00,0x00,0x00,0x00,0x00,0x00,0x00,0x00,0x00,0x00,0x00,0x00,0x00,0x00,0x00,0x00,0x00,0x00,0x00,0x00,
    0x00,0x00,0x00,0x00,0x00,0x00,0x00,0x00,0x00,0x00,0x00,0x00,0x00,0x00,0x00,0x00,0x00,0x00,0x00,0x00,0x00,0x00,0x00,0x00,0x00,0x00,0x00,0x00,0x00,0x00,0x00,0x00,0x03,0x00,0x47,0x33,0x6b,0x90,0x88,0x88,0x88,0x7a,0x7a,0x88,0x85,0x85,0x85,0x94,0x97,0xc2,0xc0,0xb3,0xb7,0xe6,0xde,0xba,0x3f,0xeb,0xd7,0xe5,0xc2,0x97,0xb5,0xa4,0x94,0x94,0xba,0xa8,0x83,0x83,0x83,0x83,0x83,0x81,0x86,0x81,0xba,0x83,0x8b,0x86,0x86,0x86,0x83,0x83,0xba,0x9d,0xb5,0xb5,0xa4,0xa8,0x99,0xa3,0x13,0xee,0xda,0x7a,0xf6,0xc4,0xa1,0x7a,0x8a,0x7a,0x85,0x94,0x4d,0x4a,0x15,0xcd,0x53,0x00,0x05,0x00,0x00,0x00,0x00,0x00,0x00,0x00,0x00,0x00,0x00,0x00,0x00,0x00,0x00,0x00,0x00,0x00,0x00,0x00,0x00,0x00,0x00,0x00,0x00,0x00,0x00,0x00,0x00,0x00,0x00,0x00,0x00,0x00,
    0x00,0x00,0x00,0x00,0x00,0x00,0x00,0x00,0x00,0x00,0x00,0x00,0x00,0x00,0x00,0x00,0x00,0x00,0x00,0x00,0x00,0x00,0x00,0x00,0x00,0x00,0x00,0x00,0x00,0x00,0x00,0x00,0x0a,0x00,0x1b,0x6b,0x9e,0x9e,0x7a,0x7a,0x9b,0x96,0x15,0x89,0x85,0x85,0x94,0x93,0x0d,0xb4,0x95,0x91,0xb7,0xe1,0xbd,0x97,0xb2,0xca,0x86,0x8d,0xbd,0xab,0x86,0xba,0xa8,0x83,0x83,0x83,0x83,0x83,0x81,0x86,0x86,0x86,0x86,0x86,0x7c,0x86,0x86,0x86,0x86,0x86,0x81,0x83,0xa8,0x94,0xb5,0xb5,0xb5,0xba,0xac,0xe5,0x66,0xd7,0xa9,0xa4,0xe8,0xb7,0xbd,0xaa,0x94,0x85,0x85,0x97,0x0d,0xa3,0xaa,0x1a,0x30,0x3c,0x03,0x01,0x00,0x00,0x00,0x00,0x00,0x00,0x00,0x00,0x00,0x00,0x00,0x00,0x00,0x00,0x00,0x00,0x00,0x00,0x00,0x00,0x00,0x00,0x00,0x00,0x00,0x00,0x00,0x00,0x00,0x00,0x00,0x00,
    0x00,0x00,0x00,0x00,0x00,0x00,0x00,0x00,0x00,0x00,0x00,0x00,0x00,0x00,0x00,0x00,0x00,0x00,0x00,0x00,0x00,0x00,0x00,0x00,0x00,0x00,0x00,0x00,0x00,0x00,0x00,0x00,0x03,0x00,0x40,0xa1,0x88,0x8a,0x7a,0x88,0xa0,0x3d,0xbc,0x93,0x85,0x94,0x89,0x96,0xe3,0xd3,0xad,0x98,0xb7,0xe1,0xd2,0xe4,0x3f,0xc6,0xa4,0xc7,0xbc,0xe6,0x8e,0x7c,0x99,0x83,0x83,0x83,0x81,0x86,0x86,0x86,0x86,0x86,0x86,0x8b,0x83,0x7c,0x7c,0x86,0x86,0x86,0x81,0x83,0x83,0xa8,0xba,0xa4,0xa4,0xab,0xbd,0xee,0xd1,0x0b,0x8f,0xbd,0xe7,0xb7,0xe0,0x7a,0x7d,0x85,0x90,0x7d,0x85,0x13,0x96,0x1a,0x45,0x02,0x0a,0x00,0x00,0x00,0x00,0x00,0x00,0x00,0x00,0x00,0x00,0x00,0x00,0x00,0x00,0x00,0x00,0x00,0x00,0x00,0x00,0x00,0x00,0x00,0x00,0x00,0x00,0x00,0x00,0x00,0x00,0x00,0x00,0x00,
    0x00,0x00,0x00,0x00,0x00,0x00,0x00,0x00,0x00,0x00,0x00,0x00,0x00,0x00,0x00,0x00,0x00,0x00,0x00,0x00,0x00,0x00,0x00,0x00,0x00,0x00,0x00,0x00,0x00,0x00,0x00,0x00,0x02,0x00,0x21,0x13,0x96,0x96,0xa7,0x9e,0xbb,0xcb,0x97,0x94,0x94,0x94,0x97,0xf2,0xcf,0xd3,0xd3,0xad,0xb7,0xd2,0xb7,0xd0,0xd2,0xeb,0x3e,0xfe,0xe7,0xd2,0xea,0xa4,0x8d,0x83,0x99,0x83,0x86,0x86,0x86,0x86,0x86,0x7c,0x83,0x24,0xd9,0xbc,0x99,0x7c,0x81,0x86,0x81,0x8b,0x81,0x81,0x83,0x86,0x8e,0xac,0x99,0xab,0xe2,0xdb,0xf6,0xe7,0xcf,0xb7,0xb4,0xa9,0x93,0x85,0x85,0x8a,0x9e,0xa3,0x41,0x4f,0x16,0x00,0x03,0x00,0x00,0x00,0x00,0x00,0x00,0x00,0x00,0x00,0x00,0x00,0x00,0x00,0x00,0x00,0x00,0x00,0x00,0x00,0x00,0x00,0x00,0x00,0x00,0x00,0x00,0x00,0x00,0x00,0x00,0x00,0x00,0x00,
    0x00,0x00,0x00,0x00,0x00,0x00,0x00,0x00,0x00,0x00,0x00,0x00,0x00,0x00,0x00,0x00,0x00,0x00,0x00,0x00,0x00,0x00,0x00,0x00,0x00,0x00,0x00,0x00,0x00,0x00,0x00,0x00,0x05,0x00,0x45,0x1a,0x9a,0x51,0x31,0x3b,0xcb,0x93,0x7a,0x7a,0xa6,0x9b,0x88,0xe0,0xd3,0xd3,0xad,0x09,0xcf,0xb7,0xcf,0xc4,0xe4,0xf3,0xe8,0xb4,0xcf,0xd0,0xd2,0xc4,0xf5,0xa8,0x8f,0x8d,0x8b,0x81,0x8b,0x86,0x86,0x86,0x8b,0x81,0x86,0x99,0x83,0x86,0x86,0x86,0x8b,0x81,0x8b,0x8d,0x8f,0xc7,0xf6,0xe3,0x12,0xbb,0xaf,0xe8,0xd2,0xb7,0xb7,0x98,0xae,0x9a,0x93,0x88,0x89,0x7a,0x9e,0xcd,0x4a,0x21,0x00,0x02,0x00,0x00,0x00,0x00,0x00,0x00,0x00,0x00,0x00,0x00,0x00,0x00,0x00,0x00,0x00,0x00,0x00,0x00,0x00,0x00,0x00,0x00,0x00,0x00,0x00,0x00,0x00,0x00,0x00,0x00,0x00,0x00,0x00,0x00,
    0x00,0x00,0x00,0x00,0x00,0x00,0x00,0x00,0x00,0x00,0x00,0x00,0x00,0x00,0x00,0x00,0x00,0x00,0x00,0x00,0x00,0x00,0x00,0x00,0x00,0x00,0x00,0x00,0x00,0x00,0x00,0x00,0x0f,0x00,0x39,0x9e,0x4b,0x53,0x33,0x60,0x7d,0x7d,0x7d,0x9d,0x9a,0x97,0xa1,0x3e,0xd3,0xad,0x91,0x91,0xae,0xc0,0xad,0xf7,0xf3,0xf3,0xfa,0xaf,0xcf,0xd2,0xd0,0xd0,0xc0,0xe0,0xf2,0xa4,0xdb,0x92,0x7c,0x81,0x8b,0x8b,0x86,0x86,0x86,0x8d,0x83,0x81,0x83,0x81,0x7c,0x92,0xdb,0xa4,0xac,0xe3,0xb7,0x91,0xd0,0xf7,0xb1,0xd0,0xd0,0xb7,0xc0,0xad,0xc0,0xac,0xaa,0x9b,0x7a,0x7a,0x9e,0xa1,0x57,0x26,0x0f,0x04,0x00,0x00,0x00,0x00,0x00,0x00,0x00,0x00,0x00,0x00,0x00,0x00,0x00,0x00,0x00,0x00,0x00,0x00,0x00,0x00,0x00,0x00,0x00,0x00,0x00,0x00,0x00,0x00,0x00,0x00,0x00,0x00,0x00,0x00,
    0x00,0x00,0x00,0x00,0x00,0x00,0x00,0x00,0x00,0x00,0x00,0x00,0x00,0x00,0x00,0x00,0x00,0x00,0x00,0x00,0x00,0x00,0x00,0x00,0x00,0x00,0x00,0x00,0x00,0x00,0x00,0x00,0x05,0x00,0x45,0x9a,0x26,0x25,0x3a,0xa1,0x8a,0x9b,0xaa,0xf2,0xe7,0x12,0x9e,0xb4,0x84,0x09,0xb3,0xb3,0xad,0xc0,0xb3,0xb4,0xfa,0xf3,0xfc,0xd3,0xd3,0xd2,0xd0,0xd0,0x98,0xb3,0xb7,0xc4,0xf4,0xf5,0xab,0x7c,0x8e,0x7c,0x7c,0x8e,0x8b,0x0b,0xd9,0xa4,0x8f,0x8e,0xa4,0xb8,0xe6,0xf8,0xd2,0xd0,0xcf,0xd4,0xaf,0xf3,0xfa,0xf7,0xc4,0x95,0xae,0x98,0xc0,0x9a,0x93,0x94,0x85,0x85,0x7a,0x15,0x96,0x33,0x18,0x00,0x04,0x00,0x00,0x00,0x00,0x00,0x00,0x00,0x00,0x00,0x00,0x00,0x00,0x00,0x00,0x00,0x00,0x00,0x00,0x00,0x00,0x00,0x00,0x00,0x00,0x00,0x00,0x00,0x00,0x00,0x00,0x00,0x00,0x00,
    0x00,0x00,0x00,0x00,0x00,0x00,0x00,0x00,0x00,0x00,0x00,0x00,0x00,0x00,0x00,0x00,0x00,0x00,0x00,0x00,0x00,0x00,0x00,0x00,0x00,0x00,0x00,0x00,0x00,0x00,0x00,0x00,0x05,0x00,0x2a,0x9a,0x2a,0x1b,0x50,0x9b,0x9e,0x85,0xa1,0xb4,0x95,0xb4,0xb8,0xfe,0xb3,0x91,0x09,0x84,0x98,0xc0,0xb3,0xd4,0xfc,0xc6,0xfc,0xae,0xcf,0xd2,0xd2,0xd2,0xe7,0x4e,0xc4,0xf0,0xf0,0xf0,0xdd,0xc5,0x12,0xa8,0xa8,0x0b,0xd9,0x99,0xa4,0x3f,0xca,0xe4,0xe8,0xe7,0xd2,0xd2,0xd2,0xd0,0xd3,0x3e,0xfc,0xf3,0xf3,0xf7,0xc0,0x09,0xc0,0x95,0xd4,0x96,0x90,0x94,0x88,0x88,0x9d,0xa3,0x15,0x55,0x11,0x00,0x04,0x00,0x00,0x00,0x00,0x00,0x00,0x00,0x00,0x00,0x00,0x00,0x00,0x00,0x00,0x00,0x00,0x00,0x00,0x00,0x00,0x00,0x00,0x00,0x00,0x00,0x00,0x00,0x00,0x00,0x00,0x00,0x00,0x00,
    0x00,0x00,0x00,0x00,0x00,0x00,0x00,0x00,0x00,0x00,0x00,0x00,0x00,0x00,0x00,0x00,0x00,0x00,0x00,0x00,0x00,0x00,0x00,0x00,0x00,0x00,0x00,0x00,0x00,0x00,0x00,0x00,0x03,0x03,0x16,0x34,0x2a,0x20,0x62,0xaa,0x9d,0x97,0xc2,0xae,0x09,0x95,0xb4,0xe3,0x91,0x84,0x84,0x84,0x98,0xae,0xb3,0xd4,0x4e,0x95,0x3e,0xae,0xcf,0xf0,0x8c,0x80,0x80,0x87,0x87,0x80,0x80,0x7b,0x82,0xe5,0xc1,0xc1,0xee,0xbc,0x81,0x9d,0xee,0xbf,0x82,0x82,0x78,0x8c,0x8c,0x9c,0xf0,0xd0,0xad,0x95,0xc6,0xfa,0xfa,0x3e,0x91,0xc0,0xb7,0xb7,0xe2,0x93,0x94,0x7a,0x8a,0x88,0x9e,0x0c,0xa3,0x49,0x39,0x0a,0x03,0x00,0x00,0x00,0x00,0x00,0x00,0x00,0x00,0x00,0x00,0x00,0x00,0x00,0x00,0x00,0x00,0x00,0x00,0x00,0x00,0x00,0x00,0x00,0x00,0x00,0x00,0x00,0x00,0x00,0x00,0x00,0x00,0x00,
    0x00,0x00,0x00,0x00,0x00,0x00,0x00,0x00,0x00,0x00,0x00,0x00,0x00,0x00,0x00,0x00,0x00,0x00,0x00,0x00,0x00,0x00,0x00,0x00,0x00,0x00,0x00,0x00,0x00,0x00,0x00,0x00,0x00,0x04,0x01,0x40,0x0f,0x47,0x28,0x96,0x9b,0xaa,0xbd,0xd3,0x09,0x84,0x84,0xc0,0x09,0x91,0x91,0x91,0x09,0x84,0x84,0x95,0x91,0x84,0x95,0xb3,0xdd,0x80,0x7e,0x79,0x79,0x79,0x79,0x79,0x79,0x7f,0x87,0xe5,0xc1,0x0d,0x9f,0x8e,0x7c,0x0b,0x99,0xb1,0x87,0x7e,0x79,0x80,0x80,0x80,0x87,0xc4,0x91,0xad,0xaf,0xb4,0xe4,0xe8,0x91,0xc4,0xdd,0xf2,0x97,0xaa,0x7d,0x85,0x7d,0x9d,0xa7,0x33,0x34,0x1a,0x33,0x18,0x04,0x04,0x00,0x00,0x00,0x00,0x00,0x00,0x00,0x00,0x00,0x00,0x00,0x00,0x00,0x00,0x00,0x00,0x00,0x00,0x00,0x00,0x00,0x00,0x00,0x00,0x00,0x00,0x00,0x00,0x00,0x00,0x00,0x00,
    0x00,0x00,0x00,0x00,0x00,0x00,0x00,0x00,0x00,0x00,0x00,0x00,0x00,0x00,0x00,0x00,0x00,0x00,0x00,0x00,0x00,0x00,0x00,0x00,0x00,0x00,0x00,0x00,0x00,0x00,0x00,0x00,0x00,0x00,0x00,0x00,0x00,0x25,0x2f,0x15,0x9e,0xa6,0xe2,0xae,0x09,0x84,0x84,0x95,0x09,0x91,0x09,0x09,0x09,0x98,0xad,0x98,0x84,0x98,0x95,0xae,0x7e,0x7b,0x7f,0x78,0x7f,0x79,0x78,0x78,0x79,0x80,0x82,0xe5,0xee,0x83,0x86,0x81,0x8b,0x8e,0xab,0xaf,0x82,0x7f,0x78,0x79,0x79,0x7b,0x87,0xdd,0xb3,0x91,0x98,0x91,0x95,0xad,0xae,0xe2,0xa9,0xde,0xa9,0xe2,0x7a,0x7d,0x94,0x90,0x0d,0x4f,0x39,0x60,0x16,0x00,0x04,0x00,0x00,0x00,0x00,0x00,0x00,0x00,0x00,0x00,0x00,0x00,0x00,0x00,0x00,0x00,0x00,0x00,0x00,0x00,0x00,0x00,0x00,0x00,0x00,0x00,0x00,0x00,0x00,0x00,0x00,0x00,0x00,0x00,
    0x00,0x00,0x00,0x00,0x00,0x00,0x00,0x00,0x00,0x00,0x00,0x00,0x00,0x00,0x00,0x00,0x00,0x00,0x00,0x00,0x00,0x00,0x00,0x00,0x00,0x00,0x00,0x00,0x00,0x00,0x00,0x00,0x00,0x00,0x00,0x03,0x04,0x04,0x26,0x49,0x13,0x1a,0x15,0xb4,0x95,0x84,0x84,0x84,0x84,0x84,0x84,0x84,0x84,0x98,0xcf,0x98,0x84,0x91,0xad,0xb6,0x80,0x78,0x78,0x78,0x78,0x78,0x78,0x78,0x79,0x7e,0xaf,0xa9,0xb8,0x8e,0x81,0x86,0x86,0x83,0x99,0x3d,0x87,0x79,0x78,0x78,0x78,0x78,0x78,0x80,0xc4,0xb3,0x84,0x98,0x84,0x95,0xd4,0x96,0xde,0x9a,0x3e,0xcf,0xf4,0xaa,0x8a,0x89,0x9d,0xa9,0x50,0x16,0x00,0x01,0x00,0x00,0x00,0x00,0x00,0x00,0x00,0x00,0x00,0x00,0x00,0x00,0x00,0x00,0x00,0x00,0x00,0x00,0x00,0x00,0x00,0x00,0x00,0x00,0x00,0x00,0x00,0x00,0x00,0x00,0x00,0x00,0x00,0x00,
    0x00,0x00,0x00,0x00,0x00,0x00,0x00,0x00,0x00,0x00,0x00,0x00,0x00,0x00,0x00,0x00,0x00,0x00,0x00,0x00,0x00,0x00,0x00,0x00,0x00,0x00,0x00,0x00,0x00,0x00,0x00,0x00,0x00,0x00,0x00,0x00,0x03,0x04,0x16,0x50,0x60,0x50,0x8a,0xe0,0x95,0x84,0x84,0x84,0x84,0x84,0x84,0x84,0x84,0x98,0xcf,0x84,0x84,0x84,0xb6,0x87,0x79,0x78,0x78,0x78,0x78,0x7b,0x7b,0x7b,0x80,0xef,0x8f,0x0b,0x0b,0x8e,0x8b,0x86,0x8b,0x83,0xc7,0xd1,0x80,0x7b,0x78,0x78,0x78,0x78,0x79,0x78,0x80,0xdd,0x91,0x84,0x84,0x98,0xe0,0xaa,0xa7,0x3e,0x95,0x95,0xc0,0xf5,0xaa,0x96,0x9e,0x9e,0x56,0x30,0x25,0x0f,0x00,0x00,0x00,0x00,0x00,0x00,0x00,0x00,0x00,0x00,0x00,0x00,0x00,0x00,0x00,0x00,0x00,0x00,0x00,0x00,0x00,0x00,0x00,0x00,0x00,0x00,0x00,0x00,0x00,0x00,0x00,0x00,0x00,0x00,
    0x00,0x00,0x00,0x00,0x00,0x00,0x00,0x00,0x00,0x00,0x00,0x00,0x00,0x00,0x00,0x00,0x00,0x00,0x00,0x00,0x00,0x00,0x00,0x00,0x00,0x00,0x00,0x00,0x00,0x00,0x00,0x00,0x00,0x00,0x00,0x00,0x03,0x00,0x20,0x35,0x44,0x44,0x4b,0xe0,0x95,0x84,0x84,0x84,0x84,0x84,0x84,0x84,0x84,0x84,0x84,0x98,0x91,0xdd,0x79,0x7f,0x78,0x78,0x78,0x78,0x78,0x7f,0x7e,0x78,0x79,0x78,0xc6,0xbc,0x99,0x8b,0x86,0x86,0x8b,0x83,0x8f,0xca,0x82,0x7f,0x78,0x78,0x78,0x78,0x78,0x79,0x7b,0x87,0x4e,0x91,0x98,0x95,0xd4,0x96,0xf5,0xc0,0x91,0x84,0x98,0xe0,0x7a,0x9e,0x9b,0x9d,0x63,0x4f,0x31,0x25,0x04,0x04,0x00,0x00,0x00,0x00,0x00,0x00,0x00,0x00,0x00,0x00,0x00,0x00,0x00,0x00,0x00,0x00,0x00,0x00,0x00,0x00,0x00,0x00,0x00,0x00,0x00,0x00,0x00,0x00,0x00,0x00,0x00,0x00,
    0x00,0x00,0x00,0x00,0x00,0x00,0x00,0x00,0x00,0x00,0x00,0x00,0x00,0x00,0x00,0x00,0x00,0x00,0x00,0x00,0x00,0x00,0x00,0x00,0x00,0x00,0x00,0x00,0x00,0x00,0x00,0x00,0x00,0x00,0x00,0x01,0x04,0x46,0x5e,0x5e,0x6d,0x19,0x77,0xae,0x09,0x84,0x84,0x84,0x84,0x84,0x84,0x84,0x84,0x84,0x84,0x95,0xae,0x8c,0x7e,0x79,0x78,0x78,0x78,0x78,0x78,0x78,0x78,0x78,0x78,0x78,0x82,0xbc,0x92,0x83,0x86,0x86,0x8b,0x8f,0xb8,0x9c,0x80,0x79,0x78,0x78,0x78,0x78,0x78,0x78,0x79,0x80,0x9c,0x98,0x84,0x09,0xad,0xf4,0xac,0xae,0x09,0x84,0x95,0xe0,0xaa,0x7d,0x7d,0x89,0xa1,0x13,0x51,0x25,0x01,0x03,0x00,0x00,0x00,0x00,0x00,0x00,0x00,0x00,0x00,0x00,0x00,0x00,0x00,0x00,0x00,0x00,0x00,0x00,0x00,0x00,0x00,0x00,0x00,0x00,0x00,0x00,0x00,0x00,0x00,0x00,0x00,0x00,
    0x00,0x00,0x00,0x00,0x00,0x00,0x00,0x00,0x00,0x00,0x00,0x00,0x00,0x00,0x00,0x00,0x00,0x00,0x00,0x00,0x00,0x00,0x00,0x00,0x00,0x00,0x00,0x00,0x00,0x00,0x00,0x00,0x00,0x00,0x00,0x03,0x00,0x38,0x5a,0x5c,0x5c,0x3e,0xae,0x09,0x84,0x84,0x84,0x09,0x09,0x91,0x91,0x84,0x84,0x84,0x98,0xb3,0xc4,0x87,0x7b,0x78,0x78,0x78,0x78,0x78,0x78,0x78,0x7e,0x7f,0x7b,0x7f,0x7b,0xaf,0x7c,0x8d,0x83,0x81,0x8e,0x3f,0x8c,0x80,0x79,0x78,0x78,0x78,0x78,0x78,0x78,0x78,0x78,0x78,0x80,0xb4,0xb3,0x91,0xb3,0x09,0xe3,0xae,0x91,0x84,0xad,0xe3,0xb8,0x90,0x9d,0x6b,0x50,0x42,0x26,0x11,0x04,0x00,0x00,0x00,0x00,0x00,0x00,0x00,0x00,0x00,0x00,0x00,0x00,0x00,0x00,0x00,0x00,0x00,0x00,0x00,0x00,0x00,0x00,0x00,0x00,0x00,0x00,0x00,0x00,0x00,0x00,0x00,0x00,0x00,
    0x00,0x00,0x00,0x00,0x00,0x00,0x00,0x00,0x00,0x00,0x00,0x00,0x00,0x00,0x00,0x00,0x00,0x00,0x00,0x00,0x00,0x00,0x00,0x00,0x00,0x00,0x00,0x00,0x00,0x00,0x00,0x00,0x00,0x00,0x00,0x00,0x03,0x00,0x6c,0x5c,0x98,0x95,0x84,0x84,0x84,0x09,0x84,0xae,0x91,0x09,0x09,0x84,0x84,0x09,0xdd,0x84,0x4e,0x87,0x7e,0x7e,0x7e,0x7f,0x78,0x78,0x78,0x78,0x79,0x7f,0x7b,0x87,0x8c,0x82,0xb1,0x83,0x8f,0xba,0x66,0x79,0x7f,0x7b,0x78,0x78,0x78,0x78,0x78,0x78,0x78,0x78,0x7b,0x7f,0x7f,0xae,0x91,0x91,0x09,0x91,0x84,0xe7,0x98,0x95,0xad,0xc4,0xe2,0xa7,0xa9,0x34,0x1b,0x16,0x05,0x00,0x00,0x00,0x00,0x00,0x00,0x00,0x00,0x00,0x00,0x00,0x00,0x00,0x00,0x00,0x00,0x00,0x00,0x00,0x00,0x00,0x00,0x00,0x00,0x00,0x00,0x00,0x00,0x00,0x00,0x00,0x00,0x00,0x00,0x00,
    0x00,0x00,0x00,0x00,0x00,0x00,0x00,0x00,0x00,0x00,0x00,0x00,0x00,0x00,0x00,0x00,0x00,0x00,0x00,0x00,0x00,0x00,0x00,0x00,0x00,0x00,0x00,0x00,0x00,0x00,0x00,0x00,0x00,0x00,0x00,0x00,0x00,0x03,0x02,0x70,0x5a,0x61,0xae,0xae,0xad,0xae,0x61,0xae,0x98,0x98,0x84,0x84,0x09,0xae,0xc4,0x3e,0xae,0x8c,0x8c,0x8c,0x8c,0x7f,0x78,0x78,0x78,0x78,0x78,0x80,0x7e,0xb1,0x7e,0xc9,0x82,0xb1,0x13,0xe5,0x80,0x7e,0x7f,0x87,0x78,0x79,0x78,0x78,0x78,0x79,0x78,0x78,0x7e,0x7f,0x79,0xb4,0xb3,0x84,0x84,0x98,0x09,0x98,0xc0,0x4e,0x95,0xb7,0x0c,0x1a,0x57,0x21,0x00,0x00,0x00,0x00,0x00,0x00,0x00,0x00,0x00,0x00,0x00,0x00,0x00,0x00,0x00,0x00,0x00,0x00,0x00,0x00,0x00,0x00,0x00,0x00,0x00,0x00,0x00,0x00,0x00,0x00,0x00,0x00,0x00,0x00,0x00,0x00,0x00,0x00,
    0x00,0x00,0x00,0x00,0x00,0x00,0x00,0x00,0x00,0x00,0x00,0x00,0x00,0x00,0x00,0x00,0x00,0x00,0x00,0x00,0x00,0x00,0x00,0x00,0x00,0x00,0x00,0x00,0x00,0x00,0x00,0x00,0x00,0x00,0x00,0x00,0x00,0x00,0x00,0x00,0x38,0x6d,0x5e,0x5a,0x5e,0x5e,0x6a,0x5c,0xad,0xad,0x84,0x84,0x91,0xb4,0xd4,0xd4,0x3e,0x7e,0x79,0x7b,0x7b,0x78,0x78,0x78,0x78,0x78,0x7b,0x82,0xb1,0xd9,0xd1,0xbf,0x78,0x82,0x79,0x7e,0x80,0x7b,0x80,0xd5,0x9c,0x80,0x79,0x7f,0x7e,0x8c,0x79,0x78,0x79,0x78,0x87,0xd8,0xb4,0xad,0x84,0x84,0x84,0x91,0x84,0x73,0xb4,0x95,0x3e,0xf6,0x2a,0x18,0x05,0x05,0x00,0x00,0x00,0x00,0x00,0x00,0x00,0x00,0x00,0x00,0x00,0x00,0x00,0x00,0x00,0x00,0x00,0x00,0x00,0x00,0x00,0x00,0x00,0x00,0x00,0x00,0x00,0x00,0x00,0x00,0x00,0x00,0x00,0x00,0x00,0x00,
    0x00,0x00,0x00,0x00,0x00,0x00,0x00,0x00,0x00,0x00,0x00,0x00,0x00,0x00,0x00,0x00,0x00,0x00,0x00,0x00,0x00,0x00,0x00,0x00,0x00,0x00,0x00,0x00,0x00,0x00,0x00,0x00,0x00,0x00,0x00,0x00,0x00,0x00,0x00,0x03,0x00,0x00,0x38,0x38,0x38,0x46,0x6d,0x68,0x09,0x09,0x84,0x84,0x95,0xc0,0x4e,0xd4,0xd8,0x7f,0x78,0x78,0x78,0x78,0x78,0x78,0x78,0x78,0x7f,0x87,0xaf,0x92,0x9f,0xbf,0x87,0x7f,0x78,0x78,0x79,0x78,0x80,0xb6,0x7f,0x79,0x8c,0x8c,0x8c,0x7f,0x78,0x78,0x78,0x78,0x7e,0x8c,0xe8,0xb4,0x95,0x84,0x91,0xb3,0x09,0x5a,0x61,0xad,0xe7,0x61,0x46,0x00,0x03,0x00,0x00,0x00,0x00,0x00,0x00,0x00,0x00,0x00,0x00,0x00,0x00,0x00,0x00,0x00,0x00,0x00,0x00,0x00,0x00,0x00,0x00,0x00,0x00,0x00,0x00,0x00,0x00,0x00,0x00,0x00,0x00,0x00,0x00,0x00,0x00,0x00,
    0x00,0x00,0x00,0x00,0x00,0x00,0x00,0x00,0x00,0x00,0x00,0x00,0x00,0x00,0x00,0x00,0x00,0x00,0x00,0x00,0x00,0x00,0x00,0x00,0x00,0x00,0x00,0x00,0x00,0x00,0x00,0x00,0x00,0x00,0x00,0x00,0x00,0x00,0x00,0x00,0x03,0x00,0x00,0x00,0x00,0x00,0x59,0x5e,0x4e,0x98,0x95,0x09,0x91,0xb3,0xb4,0xdd,0x8c,0x7f,0x78,0x78,0x78,0x7f,0x78,0x78,0x78,0x78,0x79,0x7f,0x78,0x12,0x8f,0xef,0x87,0x7b,0x79,0x79,0x78,0x7f,0x79,0xc8,0x8c,0x80,0x7b,0x7f,0x7b,0x78,0x78,0x78,0x78,0x7f,0x8c,0x9c,0xb9,0xb4,0x95,0x09,0xb3,0x91,0x5c,0x6a,0x5a,0xb4,0xe7,0x61,0x38,0x04,0x03,0x00,0x00,0x00,0x00,0x00,0x00,0x00,0x00,0x00,0x00,0x00,0x00,0x00,0x00,0x00,0x00,0x00,0x00,0x00,0x00,0x00,0x00,0x00,0x00,0x00,0x00,0x00,0x00,0x00,0x00,0x00,0x00,0x00,0x00,0x00,0x00,0x00,
    0x00,0x00,0x00,0x00,0x00,0x00,0x00,0x00,0x00,0x00,0x00,0x00,0x00,0x00,0x00,0x00,0x00,0x00,0x00,0x00,0x00,0x00,0x00,0x00,0x00,0x00,0x00,0x00,0x00,0x00,0x00,0x00,0x00,0x00,0x00,0x00,0x00,0x00,0x00,0x00,0x00,0x00,0x03,0x03,0x03,0x02,0x00,0x38,0x72,0x68,0x09,0xb3,0x09,0x6e,0x5c,0xb9,0x7e,0x7e,0x8c,0x78,0x7f,0x7e,0x78,0x78,0x78,0x78,0x78,0x7b,0x82,0xb1,0x8f,0xaf,0x82,0x7e,0x79,0x78,0x78,0x7f,0x7e,0xd8,0x8c,0x79,0x78,0x78,0x78,0x78,0x78,0x78,0x78,0x7e,0x8c,0x8c,0x7f,0xc4,0x91,0x91,0xad,0x5c,0x6c,0x38,0x68,0x5c,0x5a,0x38,0x00,0x03,0x00,0x00,0x00,0x00,0x00,0x00,0x00,0x00,0x00,0x00,0x00,0x00,0x00,0x00,0x00,0x00,0x00,0x00,0x00,0x00,0x00,0x00,0x00,0x00,0x00,0x00,0x00,0x00,0x00,0x00,0x00,0x00,0x00,0x00,0x00,0x00,0x00,0x00,
    0x00,0x00,0x00,0x00,0x00,0x00,0x00,0x00,0x00,0x00,0x00,0x00,0x00,0x00,0x00,0x00,0x00,0x00,0x00,0x00,0x00,0x00,0x00,0x00,0x00,0x00,0x00,0x00,0x00,0x00,0x00,0x00,0x00,0x00,0x00,0x00,0x00,0x00,0x00,0x00,0x00,0x00,0x00,0x00,0x00,0x00,0x01,0x00,0x59,0x70,0x6c,0x6a,0x72,0x19,0x2e,0xc9,0x9c,0x7e,0x8c,0x7f,0x7e,0x79,0x78,0x78,0x78,0x78,0x79,0x78,0x79,0x82,0xbb,0xaf,0x82,0x7e,0x78,0x78,0x78,0x78,0x82,0xd5,0x87,0x87,0x7f,0x78,0x78,0x78,0x78,0x78,0x78,0x7f,0x7f,0x7b,0x7f,0x8c,0x73,0x6e,0x5a,0x6d,0x59,0x6c,0x68,0x6a,0x38,0x00,0x03,0x00,0x00,0x00,0x00,0x00,0x00,0x00,0x00,0x00,0x00,0x00,0x00,0x00,0x00,0x00,0x00,0x00,0x00,0x00,0x00,0x00,0x00,0x00,0x00,0x00,0x00,0x00,0x00,0x00,0x00,0x00,0x00,0x00,0x00,0x00,0x00,0x00,0x00,0x00,
    0x00,0x00,0x00,0x00,0x00,0x00,0x00,0x00,0x00,0x00,0x00,0x00,0x00,0x00,0x00,0x00,0x00,0x00,0x00,0x00,0x00,0x00,0x00,0x00,0x00,0x00,0x00,0x00,0x00,0x00,0x00,0x00,0x00,0x00,0x00,0x00,0x00,0x00,0x00,0x00,0x00,0x00,0x00,0x00,0x00,0x00,0x00,0x04,0x00,0x00,0x0f,0x07,0x23,0x2d,0x6f,0xc9,0x8c,0x78,0x78,0x7f,0x7f,0x78,0x78,0x78,0x78,0x79,0x7e,0x8c,0x7f,0x79,0x80,0x7b,0x78,0x78,0x78,0x78,0x79,0x80,0xc5,0x24,0x29,0xbf,0x82,0x79,0x78,0x78,0x7b,0x7f,0x7b,0x78,0x78,0x78,0x08,0x7f,0x1c,0x23,0x38,0x02,0x00,0x38,0x70,0x59,0x00,0x03,0x00,0x00,0x00,0x00,0x00,0x00,0x00,0x00,0x00,0x00,0x00,0x00,0x00,0x00,0x00,0x00,0x00,0x00,0x00,0x00,0x00,0x00,0x00,0x00,0x00,0x00,0x00,0x00,0x00,0x00,0x00,0x00,0x00,0x00,0x00,0x00,0x00,0x00,0x00,0x00,
    0x00,0x00,0x00,0x00,0x00,0x00,0x00,0x00,0x00,0x00,0x00,0x00,0x00,0x00,0x00,0x00,0x00,0x00,0x00,0x00,0x00,0x00,0x00,0x00,0x00,0x00,0x00,0x00,0x00,0x00,0x00,0x00,0x00,0x00,0x00,0x00,0x00,0x00,0x00,0x00,0x00,0x00,0x00,0x00,0x00,0x00,0x00,0x00,0x01,0x03,0x00,0x00,0x00,0x5d,0x1c,0x9c,0x08,0x78,0x7f,0x8c,0x8c,0x7f,0x78,0x78,0x78,0x78,0x7b,0x7b,0x7b,0x78,0x79,0x78,0x78,0x78,0x78,0x7f,0x82,0xc5,0x99,0x9f,0x8f,0x83,0xaf,0x87,0x7b,0x78,0x79,0x7e,0x8c,0x7b,0x78,0x78,0x78,0x08,0x7e,0x2e,0x17,0x00,0x03,0x00,0x00,0x00,0x03,0x00,0x00,0x00,0x00,0x00,0x00,0x00,0x00,0x00,0x00,0x00,0x00,0x00,0x00,0x00,0x00,0x00,0x00,0x00,0x00,0x00,0x00,0x00,0x00,0x00,0x00,0x00,0x00,0x00,0x00,0x00,0x00,0x00,0x00,0x00,0x00,0x00,0x00,0x00,0x00,0x00,
    0x00,0x00,0x00,0x00,0x00,0x00,0x00,0x00,0x00,0x00,0x00,0x00,0x00,0x00,0x00,0x00,0x00,0x00,0x00,0x00,0x00,0x00,0x00,0x00,0x00,0x00,0x00,0x00,0x00,0x00,0x00,0x00,0x00,0x00,0x00,0x00,0x00,0x00,0x00,0x00,0x00,0x00,0x00,0x00,0x00,0x00,0x00,0x00,0x00,0x00,0x01,0x03,0x17,0x19,0x6f,0x7e,0x06,0x78,0x8c,0x8c,0x8c,0x8c,0x79,0x78,0x78,0x78,0x78,0x78,0x78,0x78,0x78,0x78,0x78,0x79,0x7f,0x7f,0x82,0xbb,0x12,0x24,0x83,0x8d,0x7c,0xbf,0x87,0x79,0x78,0x78,0x79,0x7e,0x7b,0x78,0x7f,0x7f,0x0e,0x7e,0x52,0x02,0x02,0x01,0x03,0x01,0x00,0x00,0x00,0x00,0x00,0x00,0x00,0x00,0x00,0x00,0x00,0x00,0x00,0x00,0x00,0x00,0x00,0x00,0x00,0x00,0x00,0x00,0x00,0x00,0x00,0x00,0x00,0x00,0x00,0x00,0x00,0x00,0x00,0x00,0x00,0x00,0x00,0x00,0x00,0x00,0x00,0x00,
    0x00,0x00,0x00,0x00,0x00,0x00,0x00,0x00,0x00,0x00,0x00,0x00,0x00,0x00,0x00,0x00,0x00,0x00,0x00,0x00,0x00,0x00,0x00,0x00,0x00,0x00,0x00,0x00,0x00,0x00,0x00,0x00,0x00,0x00,0x00,0x00,0x00,0x00,0x00,0x00,0x00,0x00,0x00,0x00,0x00,0x00,0x00,0x00,0x00,0x00,0x00,0x02,0x01,0x19,0x8c,0x22,0x7f,0x7f,0x7e,0x7f,0x7e,0x7b,0x78,0x78,0x78,0x78,0x78,0x78,0x78,0x78,0x78,0x78,0x78,0x7f,0x8c,0x8c,0x87,0x3f,0x83,0x81,0x7c,0x83,0x8f,0xc6,0x82,0x7f,0x78,0x78,0x78,0x7f,0x8c,0x7f,0x78,0x78,0x78,0x7e,0x7b,0x23,0x00,0x03,0x00,0x00,0x00,0x00,0x00,0x00,0x00,0x00,0x00,0x00,0x00,0x00,0x00,0x00,0x00,0x00,0x00,0x00,0x00,0x00,0x00,0x00,0x00,0x00,0x00,0x00,0x00,0x00,0x00,0x00,0x00,0x00,0x00,0x00,0x00,0x00,0x00,0x00,0x00,0x00,0x00,0x00,0x00,0x00,
    0x00,0x00,0x00,0x00,0x00,0x00,0x00,0x00,0x00,0x00,0x00,0x00,0x00,0x00,0x00,0x00,0x00,0x00,0x00,0x00,0x00,0x00,0x00,0x00,0x00,0x00,0x00,0x00,0x00,0x00,0x00,0x00,0x00,0x00,0x00,0x00,0x00,0x00,0x00,0x00,0x00,0x00,0x00,0x00,0x00,0x00,0x00,0x00,0x00,0x00,0x01,0x03,0x3c,0x1c,0x79,0x08,0x7e,0x7f,0x7f,0x78,0x79,0x78,0x78,0x78,0x78,0x78,0x78,0x78,0x78,0x78,0x78,0x78,0x7f,0x8c,0x7e,0x7e,0x82,0xc5,0x0b,0x81,0x86,0x81,0x8f,0xca,0x82,0x7f,0x78,0x78,0x79,0x7b,0x7f,0x8c,0x7f,0x78,0x78,0x0e,0x7e,0x19,0x00,0x02,0x00,0x00,0x00,0x00,0x00,0x00,0x00,0x00,0x00,0x00,0x00,0x00,0x00,0x00,0x00,0x00,0x00,0x00,0x00,0x00,0x00,0x00,0x00,0x00,0x00,0x00,0x00,0x00,0x00,0x00,0x00,0x00,0x00,0x00,0x00,0x00,0x00,0x00,0x00,0x00,0x00,0x00,0x00,0x00,
    0x00,0x00,0x00,0x00,0x00,0x00,0x00,0x00,0x00,0x00,0x00,0x00,0x00,0x00,0x00,0x00,0x00,0x00,0x00,0x00,0x00,0x00,0x00,0x00,0x00,0x00,0x00,0x00,0x00,0x00,0x00,0x00,0x00,0x00,0x00,0x00,0x00,0x00,0x00,0x00,0x00,0x00,0x00,0x00,0x00,0x00,0x00,0x00,0x00,0x00,0x02,0x00,0x1d,0x7e,0x22,0x7f,0x7e,0x7b,0x7b,0x78,0x78,0x78,0x79,0x7b,0x78,0x78,0x78,0x78,0x78,0x78,0x78,0x78,0x7f,0x7e,0x7b,0x7b,0x82,0xaf,0xab,0x0b,0x7c,0x83,0x8f,0xca,0x82,0x8c,0x7b,0x78,0x79,0x78,0x78,0x7f,0x8c,0x78,0x7b,0x0e,0x7e,0x1c,0x00,0x01,0x00,0x00,0x00,0x00,0x00,0x00,0x00,0x00,0x00,0x00,0x00,0x00,0x00,0x00,0x00,0x00,0x00,0x00,0x00,0x00,0x00,0x00,0x00,0x00,0x00,0x00,0x00,0x00,0x00,0x00,0x00,0x00,0x00,0x00,0x00,0x00,0x00,0x00,0x00,0x00,0x00,0x00,0x00,0x00,
    0x00,0x00,0x00,0x00,0x00,0x00,0x00,0x00,0x00,0x00,0x00,0x00,0x00,0x00,0x00,0x00,0x00,0x00,0x00,0x00,0x00,0x00,0x00,0x00,0x00,0x00,0x00,0x00,0x00,0x00,0x00,0x00,0x00,0x00,0x00,0x00,0x00,0x00,0x00,0x00,0x00,0x00,0x00,0x00,0x00,0x00,0x00,0x00,0x00,0x00,0x00,0x02,0x2e,0x7f,0x08,0x7e,0x7e,0x7e,0x79,0x78,0x78,0x7b,0x7b,0x7b,0x7b,0x78,0x78,0x78,0x78,0x78,0x79,0x78,0x78,0x78,0x78,0x79,0x87,0xbf,0xbc,0x99,0x7c,0x86,0x92,0xb1,0x87,0x8c,0x79,0x78,0x78,0x78,0x78,0x78,0x7f,0x79,0x7f,0x0e,0x7e,0x2e,0x00,0x00,0x00,0x00,0x00,0x00,0x00,0x00,0x00,0x00,0x00,0x00,0x00,0x00,0x00,0x00,0x00,0x00,0x00,0x00,0x00,0x00,0x00,0x00,0x00,0x00,0x00,0x00,0x00,0x00,0x00,0x00,0x00,0x00,0x00,0x00,0x00,0x00,0x00,0x00,0x00,0x00,0x00,0x00,0x00,0x00,
    0x00,0x00,0x00,0x00,0x00,0x00,0x00,0x00,0x00,0x00,0x00,0x00,0x00,0x00,0x00,0x00,0x00,0x00,0x00,0x00,0x00,0x00,0x00,0x00,0x00,0x00,0x00,0x00,0x00,0x00,0x00,0x00,0x00,0x00,0x00,0x00,0x00,0x00,0x00,0x00,0x00,0x00,0x00,0x00,0x00,0x00,0x00,0x00,0x00,0x02,0x00,0x10,0x22,0x22,0x78,0x7e,0x8c,0x7e,0x78,0x78,0x7b,0x8c,0x7f,0x79,0x79,0x78,0x78,0x78,0x78,0x78,0x80,0x79,0x79,0x79,0x7b,0x7b,0x7f,0x87,0x29,0x0b,0xba,0xc7,0xee,0x7f,0x78,0x79,0x78,0x78,0x78,0x78,0x78,0x78,0x78,0x78,0x7b,0x22,0x7f,0x2e,0x00,0x00,0x00,0x00,0x00,0x00,0x00,0x00,0x00,0x00,0x00,0x00,0x00,0x00,0x00,0x00,0x00,0x00,0x00,0x00,0x00,0x00,0x00,0x00,0x00,0x00,0x00,0x00,0x00,0x00,0x00,0x00,0x00,0x00,0x00,0x00,0x00,0x00,0x00,0x00,0x00,0x00,0x00,0x00,0x00,0x00,
    0x00,0x00,0x00,0x00,0x00,0x00,0x00,0x00,0x00,0x00,0x00,0x00,0x00,0x00,0x00,0x00,0x00,0x00,0x00,0x00,0x00,0x00,0x00,0x00,0x00,0x00,0x00,0x00,0x00,0x00,0x00,0x00,0x00,0x00,0x00,0x00,0x00,0x00,0x00,0x00,0x00,0x00,0x00,0x00,0x00,0x00,0x00,0x00,0x00,0x02,0x00,0x23,0x37,0x22,0x7b,0x8c,0x8c,0x7f,0x78,0x78,0x78,0x79,0x79,0x7b,0x78,0x78,0x78,0x78,0x80,0x79,0x8c,0x7f,0x8c,0x8c,0x8c,0x8c,0x8c,0x7e,0x79,0xc8,0xbf,0xeb,0xbf,0x78,0x79,0x78,0x78,0x78,0x78,0x78,0x78,0x78,0x78,0x79,0x78,0x22,0x7f,0x2b,0x00,0x02,0x00,0x00,0x00,0x00,0x00,0x00,0x00,0x00,0x00,0x00,0x00,0x00,0x00,0x00,0x00,0x00,0x00,0x00,0x00,0x00,0x00,0x00,0x00,0x00,0x00,0x00,0x00,0x00,0x00,0x00,0x00,0x00,0x00,0x00,0x00,0x00,0x00,0x00,0x00,0x00,0x00,0x00,0x00,0x00,
    0x00,0x00,0x00,0x00,0x00,0x00,0x00,0x00,0x00,0x00,0x00,0x00,0x00,0x00,0x00,0x00,0x00,0x00,0x00,0x00,0x00,0x00,0x00,0x00,0x00,0x00,0x00,0x00,0x00,0x00,0x00,0x00,0x00,0x00,0x00,0x00,0x00,0x00,0x00,0x00,0x00,0x00,0x00,0x00,0x00,0x00,0x00,0x00,0x00,0x00,0x00,0x00,0x2e,0x7e,0x7f,0x7e,0x8c,0x7b,0x78,0x78,0x78,0x78,0x78,0x78,0x78,0x7b,0x7b,0x7b,0x82,0xa5,0xa2,0x87,0x8c,0x7e,0x7f,0x7b,0x7b,0x7b,0x80,0xa2,0x8c,0x82,0x78,0x7b,0x78,0x78,0x78,0x78,0x7b,0x7b,0x78,0x78,0x78,0x7b,0x7f,0x0e,0x79,0x19,0x00,0x02,0x00,0x00,0x00,0x00,0x00,0x00,0x00,0x00,0x00,0x00,0x00,0x00,0x00,0x00,0x00,0x00,0x00,0x00,0x00,0x00,0x00,0x00,0x00,0x00,0x00,0x00,0x00,0x00,0x00,0x00,0x00,0x00,0x00,0x00,0x00,0x00,0x00,0x00,0x00,0x00,0x00,0x00,0x00,0x00,
    0x00,0x00,0x00,0x00,0x00,0x00,0x00,0x00,0x00,0x00,0x00,0x00,0x00,0x00,0x00,0x00,0x00,0x00,0x00,0x00,0x00,0x00,0x00,0x00,0x00,0x00,0x00,0x00,0x00,0x00,0x00,0x00,0x00,0x00,0x00,0x00,0x00,0x00,0x00,0x00,0x00,0x00,0x00,0x00,0x00,0x00,0x00,0x00,0x00,0x00,0x02,0x00,0x52,0x7b,0x22,0x7e,0x8c,0x7b,0x78,0x78,0x78,0x78,0x78,0x78,0x78,0x7f,0x7e,0x7b,0x82,0xc3,0xc8,0x82,0x7f,0x78,0x78,0x78,0x78,0x7f,0x82,0xdf,0xc8,0x87,0x7b,0x78,0x78,0x78,0x78,0x78,0x7b,0x7e,0x7f,0x7f,0x7f,0x7f,0x7e,0x7e,0x14,0x07,0x01,0x03,0x00,0x00,0x00,0x00,0x00,0x00,0x00,0x00,0x00,0x00,0x00,0x00,0x00,0x00,0x00,0x00,0x00,0x00,0x00,0x00,0x00,0x00,0x00,0x00,0x00,0x00,0x00,0x00,0x00,0x00,0x00,0x00,0x00,0x00,0x00,0x00,0x00,0x00,0x00,0x00,0x00,0x00,0x00,0x00,
    0x00,0x00,0x00,0x00,0x00,0x00,0x00,0x00,0x00,0x00,0x00,0x00,0x00,0x00,0x00,0x00,0x00,0x00,0x00,0x00,0x00,0x00,0x00,0x00,0x00,0x00,0x00,0x00,0x00,0x00,0x00,0x00,0x00,0x00,0x00,0x00,0x00,0x00,0x00,0x00,0x00,0x00,0x00,0x00,0x00,0x00,0x00,0x00,0x00,0x00,0x03,0x01,0x07,0x37,0x7f,0x7e,0x7e,0x7e,0x79,0x78,0x78,0x78,0x79,0x78,0x78,0x79,0x79,0x79,0x87,0xd5,0xb9,0x87,0x79,0x78,0x7b,0x7f,0x7f,0x8c,0x80,0xb6,0xb6,0x80,0x79,0x78,0x78,0x78,0x78,0x78,0x79,0x7f,0x7f,0x7f,0x7f,0x7f,0x22,0x79,0x2b,0x00,0x02,0x00,0x00,0x00,0x00,0x00,0x00,0x00,0x00,0x00,0x00,0x00,0x00,0x00,0x00,0x00,0x00,0x00,0x00,0x00,0x00,0x00,0x00,0x00,0x00,0x00,0x00,0x00,0x00,0x00,0x00,0x00,0x00,0x00,0x00,0x00,0x00,0x00,0x00,0x00,0x00,0x00,0x00,0x00,0x00,0x00,
    0x00,0x00,0x00,0x00,0x00,0x00,0x00,0x00,0x00,0x00,0x00,0x00,0x00,0x00,0x00,0x00,0x00,0x00,0x00,0x00,0x00,0x00,0x00,0x00,0x00,0x00,0x00,0x00,0x00,0x00,0x00,0x00,0x00,0x00,0x00,0x00,0x00,0x00,0x00,0x00,0x00,0x00,0x00,0x00,0x00,0x00,0x00,0x00,0x00,0x00,0x00,0x02,0x00,0x2c,0x7f,0x0e,0x8c,0x8c,0x7f,0x78,0x78,0x78,0x79,0x78,0x78,0x78,0x78,0x79,0x87,0xc8,0xb9,0x78,0x7e,0x7b,0x78,0x79,0x7b,0x7b,0x80,0xb6,0xb9,0x80,0x79,0x78,0x78,0x78,0x78,0x78,0x78,0x78,0x78,0x78,0x78,0x06,0x22,0x37,0x07,0x01,0x03,0x00,0x00,0x00,0x00,0x00,0x00,0x00,0x00,0x00,0x00,0x00,0x00,0x00,0x00,0x00,0x00,0x00,0x00,0x00,0x00,0x00,0x00,0x00,0x00,0x00,0x00,0x00,0x00,0x00,0x00,0x00,0x00,0x00,0x00,0x00,0x00,0x00,0x00,0x00,0x00,0x00,0x00,0x00,0x00,0x00,
    0x00,0x00,0x00,0x00,0x00,0x00,0x00,0x00,0x00,0x00,0x00,0x00,0x00,0x00,0x00,0x00,0x00,0x00,0x00,0x00,0x00,0x00,0x00,0x00,0x00,0x00,0x00,0x00,0x00,0x00,0x00,0x00,0x00,0x00,0x00,0x00,0x00,0x00,0x00,0x00,0x00,0x00,0x00,0x00,0x00,0x00,0x00,0x00,0x00,0x00,0x00,0x02,0x00,0x2d,0x7b,0x0e,0x7e,0x7e,0x7b,0x78,0x7f,0x7b,0x78,0x78,0x78,0x78,0x78,0x7f,0x7b,0xb6,0x9c,0x7e,0x8c,0x7f,0x78,0x78,0x78,0x78,0x80,0x9c,0x9c,0x80,0x79,0x78,0x78,0x78,0x78,0x78,0x78,0x78,0x78,0x78,0x78,0x37,0x79,0x1d,0x00,0x02,0x00,0x00,0x00,0x00,0x00,0x00,0x00,0x00,0x00,0x00,0x00,0x00,0x00,0x00,0x00,0x00,0x00,0x00,0x00,0x00,0x00,0x00,0x00,0x00,0x00,0x00,0x00,0x00,0x00,0x00,0x00,0x00,0x00,0x00,0x00,0x00,0x00,0x00,0x00,0x00,0x00,0x00,0x00,0x00,0x00,0x00,
    0x00,0x00,0x00,0x00,0x00,0x00,0x00,0x00,0x00,0x00,0x00,0x00,0x00,0x00,0x00,0x00,0x00,0x00,0x00,0x00,0x00,0x00,0x00,0x00,0x00,0x00,0x00,0x00,0x00,0x00,0x00,0x00,0x00,0x00,0x00,0x00,0x00,0x00,0x00,0x00,0x00,0x00,0x00,0x00,0x00,0x00,0x00,0x00,0x00,0x00,0x00,0x01,0x01,0x46,0x14,0x7f,0x7e,0x8c,0x7e,0x7e,0x7e,0x79,0x78,0x78,0x78,0x78,0x78,0x7e,0x8c,0x78,0x79,0x7f,0x78,0x78,0x78,0x78,0x78,0x78,0x7b,0x79,0x78,0x78,0x78,0x78,0x78,0x78,0x78,0x78,0x78,0x78,0x78,0x78,0x22,0x79,0x2b,0x02,0x02,0x00,0x00,0x00,0x00,0x00,0x00,0x00,0x00,0x00,0x00,0x00,0x00,0x00,0x00,0x00,0x00,0x00,0x00,0x00,0x00,0x00,0x00,0x00,0x00,0x00,0x00,0x00,0x00,0x00,0x00,0x00,0x00,0x00,0x00,0x00,0x00,0x00,0x00,0x00,0x00,0x00,0x00,0x00,0x00,0x00,0x00,0x00,
    0x00,0x00,0x00,0x00,0x00,0x00,0x00,0x00,0x00,0x00,0x00,0x00,0x00,0x00,0x00,0x00,0x00,0x00,0x00,0x00,0x00,0x00,0x00,0x00,0x00,0x00,0x00,0x00,0x00,0x00,0x00,0x00,0x00,0x00,0x00,0x00,0x00,0x00,0x00,0x00,0x00,0x00,0x00,0x00,0x00,0x00,0x00,0x00,0x00,0x00,0x00,0x00,0x03,0x00,0x10,0x37,0x8c,0x8c,0x8c,0x7f,0x78,0x78,0x78,0x78,0x78,0x78,0x78,0x7b,0x7b,0x78,0x78,0x78,0x78,0x78,0x78,0x79,0x79,0x78,0x79,0x78,0x78,0x78,0x78,0x78,0x78,0x78,0x78,0x78,0x78,0x78,0x78,0x08,0x78,0x2b,0x01,0x03,0x01,0x00,0x00,0x00,0x00,0x00,0x00,0x00,0x00,0x00,0x00,0x00,0x00,0x00,0x00,0x00,0x00,0x00,0x00,0x00,0x00,0x00,0x00,0x00,0x00,0x00,0x00,0x00,0x00,0x00,0x00,0x00,0x00,0x00,0x00,0x00,0x00,0x00,0x00,0x00,0x00,0x00,0x00,0x00,0x00,0x00,0x00,0x00,
    0x00,0x00,0x00,0x00,0x00,0x00,0x00,0x00,0x00,0x00,0x00,0x00,0x00,0x00,0x00,0x00,0x00,0x00,0x00,0x00,0x00,0x00,0x00,0x00,0x00,0x00,0x00,0x00,0x00,0x00,0x00,0x00,0x00,0x00,0x00,0x00,0x00,0x00,0x00,0x00,0x00,0x00,0x00,0x00,0x00,0x00,0x00,0x00,0x00,0x00,0x00,0x00,0x00,0x02,0x00,0x10,0x14,0x7f,0x7b,0x78,0x78,0x78,0x78,0x78,0x78,0x78,0x78,0x7b,0x78,0x78,0x78,0x78,0x78,0x78,0x78,0x78,0x78,0x78,0x78,0x78,0x78,0x78,0x78,0x78,0x78,0x78,0x78,0x78,0x78,0x78,0x08,0x06,0x1c,0x02,0x01,0x03,0x00,0x00,0x00,0x00,0x00,0x00,0x00,0x00,0x00,0x00,0x00,0x00,0x00,0x00,0x00,0x00,0x00,0x00,0x00,0x00,0x00,0x00,0x00,0x00,0x00,0x00,0x00,0x00,0x00,0x00,0x00,0x00,0x00,0x00,0x00,0x00,0x00,0x00,0x00,0x00,0x00,0x00,0x00,0x00,0x00,0x00,0x00,0x00,
    0x00,0x00,0x00,0x00,0x00,0x00,0x00,0x00,0x00,0x00,0x00,0x00,0x00,0x00,0x00,0x00,0x00,0x00,0x00,0x00,0x00,0x00,0x00,0x00,0x00,0x00,0x00,0x00,0x00,0x00,0x00,0x00,0x00,0x00,0x00,0x00,0x00,0x00,0x00,0x00,0x00,0x00,0x00,0x00,0x00,0x00,0x00,0x00,0x00,0x00,0x00,0x00,0x00,0x00,0x02,0x00,0x2c,0x78,0x22,0x78,0x78,0x78,0x78,0x78,0x78,0x78,0x79,0x78,0x78,0x78,0x79,0x79,0x79,0x78,0x78,0x78,0x78,0x78,0x78,0x78,0x78,0x78,0x78,0x78,0x78,0x78,0x78,0x78,0x78,0x78,0x06,0x78,0x14,0x17,0x01,0x01,0x00,0x00,0x00,0x00,0x00,0x00,0x00,0x00,0x00,0x00,0x00,0x00,0x00,0x00,0x00,0x00,0x00,0x00,0x00,0x00,0x00,0x00,0x00,0x00,0x00,0x00,0x00,0x00,0x00,0x00,0x00,0x00,0x00,0x00,0x00,0x00,0x00,0x00,0x00,0x00,0x00,0x00,0x00,0x00,0x00,0x00,0x00,0x00,
    0x00,0x00,0x00,0x00,0x00,0x00,0x00,0x00,0x00,0x00,0x00,0x00,0x00,0x00,0x00,0x00,0x00,0x00,0x00,0x00,0x00,0x00,0x00,0x00,0x00,0x00,0x00,0x00,0x00,0x00,0x00,0x00,0x00,0x00,0x00,0x00,0x00,0x00,0x00,0x00,0x00,0x00,0x00,0x00,0x00,0x00,0x00,0x00,0x00,0x00,0x00,0x00,0x00,0x03,0x00,0x07,0x78,0x78,0x78,0x78,0x78,0x78,0x78,0x78,0x78,0x78,0x78,0x78,0x78,0x79,0x79,0x79,0x78,0x78,0x78,0x78,0x78,0x78,0x78,0x78,0x78,0x7f,0x7b,0x78,0x79,0x7f,0x79,0x78,0x78,0x78,0x78,0x22,0x22,0x10,0x00,0x02,0x00,0x00,0x00,0x00,0x00,0x00,0x00,0x00,0x00,0x00,0x00,0x00,0x00,0x00,0x00,0x00,0x00,0x00,0x00,0x00,0x00,0x00,0x00,0x00,0x00,0x00,0x00,0x00,0x00,0x00,0x00,0x00,0x00,0x00,0x00,0x00,0x00,0x00,0x00,0x00,0x00,0x00,0x00,0x00,0x00,0x00,0x00,0x00,
    0x00,0x00,0x00,0x00,0x00,0x00,0x00,0x00,0x00,0x00,0x00,0x00,0x00,0x00,0x00,0x00,0x00,0x00,0x00,0x00,0x00,0x00,0x00,0x00,0x00,0x00,0x00,0x00,0x00,0x00,0x00,0x00,0x00,0x00,0x00,0x00,0x00,0x00,0x00,0x00,0x00,0x00,0x00,0x00,0x00,0x00,0x00,0x00,0x00,0x00,0x00,0x00,0x00,0x02,0x01,0x5d,0x79,0x22,0x79,0x79,0x78,0x78,0x78,0x78,0x78,0x78,0x78,0x78,0x78,0x78,0x78,0x78,0x78,0x78,0x78,0x78,0x78,0x7f,0x7f,0x7b,0x7f,0x7b,0x7f,0x78,0x79,0x7b,0x78,0x78,0x78,0x78,0x78,0x22,0x79,0x52,0x00,0x02,0x00,0x00,0x00,0x00,0x00,0x00,0x00,0x00,0x00,0x00,0x00,0x00,0x00,0x00,0x00,0x00,0x00,0x00,0x00,0x00,0x00,0x00,0x00,0x00,0x00,0x00,0x00,0x00,0x00,0x00,0x00,0x00,0x00,0x00,0x00,0x00,0x00,0x00,0x00,0x00,0x00,0x00,0x00,0x00,0x00,0x00,0x00,0x00,
    0x00,0x00,0x00,0x00,0x00,0x00,0x00,0x00,0x00,0x00,0x00,0x00,0x00,0x00,0x00,0x00,0x00,0x00,0x00,0x00,0x00,0x00,0x00,0x00,0x00,0x00,0x00,0x00,0x00,0x00,0x00,0x00,0x00,0x00,0x00,0x00,0x00,0x00,0x00,0x00,0x00,0x00,0x00,0x00,0x00,0x00,0x00,0x00,0x00,0x00,0x00,0x00,0x00,0x02,0x00,0x2b,0x7e,0x0e,0x79,0x78,0x78,0x78,0x78,0x78,0x78,0x78,0x78,0x78,0x78,0x78,0x78,0x78,0x78,0x78,0x78,0x78,0x78,0x79,0x79,0x78,0x79,0x78,0x78,0x78,0x78,0x78,0x78,0x78,0x78,0x78,0x78,0x22,0x79,0x2c,0x00,0x02,0x00,0x00,0x00,0x00,0x00,0x00,0x00,0x00,0x00,0x00,0x00,0x00,0x00,0x00,0x00,0x00,0x00,0x00,0x00,0x00,0x00,0x00,0x00,0x00,0x00,0x00,0x00,0x00,0x00,0x00,0x00,0x00,0x00,0x00,0x00,0x00,0x00,0x00,0x00,0x00,0x00,0x00,0x00,0x00,0x00,0x00,0x00,0x00,
    0x00,0x00,0x00,0x00,0x00,0x00,0x00,0x00,0x00,0x00,0x00,0x00,0x00,0x00,0x00,0x00,0x00,0x00,0x00,0x00,0x00,0x00,0x00,0x00,0x00,0x00,0x00,0x00,0x00,0x00,0x00,0x00,0x00,0x00,0x00,0x00,0x00,0x00,0x00,0x00,0x00,0x00,0x00,0x00,0x00,0x00,0x00,0x00,0x00,0x00,0x00,0x00,0x01,0x00,0x46,0x14,0x8c,0x7f,0x78,0x78,0x78,0x78,0x78,0x78,0x78,0x78,0x78,0x78,0x78,0x79,0x78,0x78,0x78,0x78,0x78,0x78,0x78,0x78,0x78,0x78,0x78,0x78,0x78,0x78,0x79,0x79,0x78,0x78,0x78,0x78,0x78,0x06,0x78,0x14,0x46,0x01,0x01,0x00,0x00,0x00,0x00,0x00,0x00,0x00,0x00,0x00,0x00,0x00,0x00,0x00,0x00,0x00,0x00,0x00,0x00,0x00,0x00,0x00,0x00,0x00,0x00,0x00,0x00,0x00,0x00,0x00,0x00,0x00,0x00,0x00,0x00,0x00,0x00,0x00,0x00,0x00,0x00,0x00,0x00,0x00,0x00,0x00,0x00,0x00,
    0x00,0x00,0x00,0x00,0x00,0x00,0x00,0x00,0x00,0x00,0x00,0x00,0x00,0x00,0x00,0x00,0x00,0x00,0x00,0x00,0x00,0x00,0x00,0x00,0x00,0x00,0x00,0x00,0x00,0x00,0x00,0x00,0x00,0x00,0x00,0x00,0x00,0x00,0x00,0x00,0x00,0x00,0x00,0x00,0x00,0x00,0x00,0x00,0x00,0x00,0x00,0x00,0x02,0x00,0x10,0x7e,0x0e,0x79,0x78,0x78,0x78,0x78,0x78,0x78,0x78,0x78,0x78,0x78,0x78,0x78,0x78,0x78,0x78,0x78,0x78,0x78,0x78,0x78,0x78,0x78,0x78,0x78,0x78,0x78,0x78,0x78,0x78,0x78,0x78,0x78,0x78,0x78,0x78,0x78,0x07,0x00,0x03,0x00,0x00,0x00,0x00,0x00,0x00,0x00,0x00,0x00,0x00,0x00,0x00,0x00,0x00,0x00,0x00,0x00,0x00,0x00,0x00,0x00,0x00,0x00,0x00,0x00,0x00,0x00,0x00,0x00,0x00,0x00,0x00,0x00,0x00,0x00,0x00,0x00,0x00,0x00,0x00,0x00,0x00,0x00,0x00,0x00,0x00,0x00,
    0x00,0x00,0x00,0x00,0x00,0x00,0x00,0x00,0x00,0x00,0x00,0x00,0x00,0x00,0x00,0x00,0x00,0x00,0x00,0x00,0x00,0x00,0x00,0x00,0x00,0x00,0x00,0x00,0x00,0x00,0x00,0x00,0x00,0x00,0x00,0x00,0x00,0x00,0x00,0x00,0x00,0x00,0x00,0x00,0x00,0x00,0x00,0x00,0x00,0x00,0x00,0x00,0x02,0x00,0x1d,0x7e,0x22,0x78,0x78,0x78,0x78,0x78,0x78,0x78,0x78,0x78,0x78,0x78,0x78,0x78,0x78,0x78,0x78,0x78,0x79,0x78,0x78,0x78,0x78,0x78,0x78,0x78,0x78,0x78,0x78,0x78,0x78,0x78,0x78,0x78,0x78,0x78,0x22,0x06,0x19,0x00,0x02,0x00,0x00,0x00,0x00,0x00,0x00,0x00,0x00,0x00,0x00,0x00,0x00,0x00,0x00,0x00,0x00,0x00,0x00,0x00,0x00,0x00,0x00,0x00,0x00,0x00,0x00,0x00,0x00,0x00,0x00,0x00,0x00,0x00,0x00,0x00,0x00,0x00,0x00,0x00,0x00,0x00,0x00,0x00,0x00,0x00,0x00,0x00,
    0x00,0x00,0x00,0x00,0x00,0x00,0x00,0x00,0x00,0x00,0x00,0x00,0x00,0x00,0x00,0x00,0x00,0x00,0x00,0x00,0x00,0x00,0x00,0x00,0x00,0x00,0x00,0x00,0x00,0x00,0x00,0x00,0x00,0x00,0x00,0x00,0x00,0x00,0x00,0x00,0x00,0x00,0x00,0x00,0x00,0x00,0x00,0x00,0x00,0x00,0x00,0x00,0x02,0x00,0x2b,0x7f,0x0e,0x7e,0x7b,0x78,0x78,0x78,0x78,0x78,0x78,0x78,0x78,0x78,0x78,0x78,0x78,0x78,0x78,0x78,0x78,0x7b,0x79,0x78,0x78,0x78,0x78,0x78,0x78,0x78,0x78,0x78,0x78,0x78,0x78,0x78,0x78,0x78,0x22,0x79,0x1d,0x00,0x02,0x00,0x00,0x00,0x00,0x00,0x00,0x00,0x00,0x00,0x00,0x00,0x00,0x00,0x00,0x00,0x00,0x00,0x00,0x00,0x00,0x00,0x00,0x00,0x00,0x00,0x00,0x00,0x00,0x00,0x00,0x00,0x00,0x00,0x00,0x00,0x00,0x00,0x00,0x00,0x00,0x00,0x00,0x00,0x00,0x00,0x00,0x00,
    0x00,0x00,0x00,0x00,0x00,0x00,0x00,0x00,0x00,0x00,0x00,0x00,0x00,0x00,0x00,0x00,0x00,0x00,0x00,0x00,0x00,0x00,0x00,0x00,0x00,0x00,0x00,0x00,0x00,0x00,0x00,0x00,0x00,0x00,0x00,0x00,0x00,0x00,0x00,0x00,0x00,0x00,0x00,0x00,0x00,0x00,0x00,0x00,0x00,0x00,0x00,0x00,0x02,0x00,0x52,0x79,0x0e,0x7e,0x7b,0x78,0x78,0x78,0x78,0x78,0x78,0x78,0x78,0x78,0x78,0x78,0x78,0x78,0x78,0x78,0x78,0x7b,0x79,0x78,0x78,0x78,0x78,0x78,0x78,0x78,0x78,0x78,0x78,0x78,0x78,0x78,0x78,0x78,0x22,0x7b,0x1d,0x00,0x02,0x00,0x00,0x00,0x00,0x00,0x00,0x00,0x00,0x00,0x00,0x00,0x00,0x00,0x00,0x00,0x00,0x00,0x00,0x00,0x00,0x00,0x00,0x00,0x00,0x00,0x00,0x00,0x00,0x00,0x00,0x00,0x00,0x00,0x00,0x00,0x00,0x00,0x00,0x00,0x00,0x00,0x00,0x00,0x00,0x00,0x00,0x00,
    0x00,0x00,0x00,0x00,0x00,0x00,0x00,0x00,0x00,0x00,0x00,0x00,0x00,0x00,0x00,0x00,0x00,0x00,0x00,0x00,0x00,0x00,0x00,0x00,0x00,0x00,0x00,0x00,0x00,0x00,0x00,0x00,0x00,0x00,0x00,0x00,0x00,0x00,0x00,0x00,0x00,0x00,0x00,0x00,0x00,0x00,0x00,0x00,0x00,0x00,0x00,0x00,0x02,0x00,0x2b,0x22,0x22,0x78,0x78,0x78,0x78,0x78,0x78,0x78,0x78,0x78,0x78,0x78,0x78,0x78,0x78,0x78,0x78,0x78,0x78,0x78,0x79,0x78,0x78,0x78,0x78,0x78,0x78,0x78,0x78,0x78,0x78,0x78,0x78,0x78,0x78,0x78,0x22,0x78,0x5d,0x00,0x02,0x00,0x00,0x00,0x00,0x00,0x00,0x00,0x00,0x00,0x00,0x00,0x00,0x00,0x00,0x00,0x00,0x00,0x00,0x00,0x00,0x00,0x00,0x00,0x00,0x00,0x00,0x00,0x00,0x00,0x00,0x00,0x00,0x00,0x00,0x00,0x00,0x00,0x00,0x00,0x00,0x00,0x00,0x00,0x00,0x00,0x00,0x00,
    0x00,0x00,0x00,0x00,0x00,0x00,0x00,0x00,0x00,0x00,0x00,0x00,0x00,0x00,0x00,0x00,0x00,0x00,0x00,0x00,0x00,0x00,0x00,0x00,0x00,0x00,0x00,0x00,0x00,0x00,0x00,0x00,0x00,0x00,0x00,0x00,0x00,0x00,0x00,0x00,0x00,0x00,0x00,0x00,0x00,0x00,0x00,0x00,0x00,0x00,0x00,0x00,0x02,0x00,0x1d,0x79,0x22,0x78,0x78,0x78,0x78,0x78,0x78,0x78,0x78,0x78,0x78,0x78,0x78,0x78,0x78,0x78,0x78,0x78,0x78,0x78,0x78,0x78,0x78,0x78,0x78,0x78,0x78,0x78,0x78,0x78,0x78,0x78,0x78,0x78,0x78,0x06,0x78,0x14,0x17,0x01,0x01,0x00,0x00,0x00,0x00,0x00,0x00,0x00,0x00,0x00,0x00,0x00,0x00,0x00,0x00,0x00,0x00,0x00,0x00,0x00,0x00,0x00,0x00,0x00,0x00,0x00,0x00,0x00,0x00,0x00,0x00,0x00,0x00,0x00,0x00,0x00,0x00,0x00,0x00,0x00,0x00,0x00,0x00,0x00,0x00,0x00,0x00,0x00,
    0x00,0x00,0x00,0x00,0x00,0x00,0x00,0x00,0x00,0x00,0x00,0x00,0x00,0x00,0x00,0x00,0x00,0x00,0x00,0x00,0x00,0x00,0x00,0x00,0x00,0x00,0x00,0x00,0x00,0x00,0x00,0x00,0x00,0x00,0x00,0x00,0x00,0x00,0x00,0x00,0x00,0x00,0x00,0x00,0x00,0x00,0x00,0x00,0x00,0x00,0x00,0x00,0x01,0x01,0x17,0x1c,0x7b,0x08,0x78,0x78,0x78,0x78,0x78,0x78,0x78,0x78,0x78,0x78,0x78,0x79,0x7b,0x7b,0x7b,0x78,0x78,0x78,0x78,0x78,0x78,0x78,0x79,0x7b,0x79,0x78,0x78,0x78,0x78,0x78,0x78,0x78,0x78,0x22,0x78,0x19,0x00,0x02,0x00,0x00,0x00,0x00,0x00,0x00,0x00,0x00,0x00,0x00,0x00,0x00,0x00,0x00,0x00,0x00,0x00,0x00,0x00,0x00,0x00,0x00,0x00,0x00,0x00,0x00,0x00,0x00,0x00,0x00,0x00,0x00,0x00,0x00,0x00,0x00,0x00,0x00,0x00,0x00,0x00,0x00,0x00,0x00,0x00,0x00,0x00,0x00,
    0x00,0x00,0x00,0x00,0x00,0x00,0x00,0x00,0x00,0x00,0x00,0x00,0x00,0x00,0x00,0x00,0x00,0x00,0x00,0x00,0x00,0x00,0x00,0x00,0x00,0x00,0x00,0x00,0x00,0x00,0x00,0x00,0x00,0x00,0x00,0x00,0x00,0x00,0x00,0x00,0x00,0x00,0x00,0x00,0x00,0x00,0x00,0x00,0x00,0x00,0x00,0x00,0x00,0x3c,0x00,0x19,0x79,0x22,0x78,0x78,0x78,0x78,0x78,0x78,0x78,0x78,0x78,0x78,0x78,0x78,0x78,0x7b,0x7b,0x7e,0x7e,0x79,0x7f,0x7f,0x78,0x79,0x79,0x7b,0x79,0x78,0x78,0x78,0x78,0x78,0x78,0x78,0x78,0x22,0x78,0x5d,0x01,0x02,0x00,0x00,0x00,0x00,0x00,0x00,0x00,0x00,0x00,0x00,0x00,0x00,0x00,0x00,0x00,0x00,0x00,0x00,0x00,0x00,0x00,0x00,0x00,0x00,0x00,0x00,0x00,0x00,0x00,0x00,0x00,0x00,0x00,0x00,0x00,0x00,0x00,0x00,0x00,0x00,0x00,0x00,0x00,0x00,0x00,0x00,0x00,0x00,
    0x00,0x00,0x00,0x00,0x00,0x00,0x00,0x00,0x00,0x00,0x00,0x00,0x00,0x00,0x00,0x00,0x00,0x00,0x00,0x00,0x00,0x00,0x00,0x00,0x00,0x00,0x00,0x00,0x00,0x00,0x00,0x00,0x00,0x00,0x00,0x00,0x00,0x00,0x00,0x00,0x00,0x00,0x00,0x00,0x00,0x00,0x00,0x00,0x00,0x00,0x00,0x00,0x00,0x01,0x01,0x1c,0x7b,0x08,0x78,0x78,0x78,0x79,0x78,0x78,0x78,0x78,0x79,0x7b,0x79,0x78,0x78,0x78,0x78,0x79,0x7e,0x7f,0x7e,0x7b,0x78,0x7f,0x7b,0x78,0x78,0x78,0x78,0x78,0x78,0x78,0x79,0x79,0x78,0x22,0x06,0x2d,0x00,0x02,0x00,0x00,0x00,0x00,0x00,0x00,0x00,0x00,0x00,0x00,0x00,0x00,0x00,0x00,0x00,0x00,0x00,0x00,0x00,0x00,0x00,0x00,0x00,0x00,0x00,0x00,0x00,0x00,0x00,0x00,0x00,0x00,0x00,0x00,0x00,0x00,0x00,0x00,0x00,0x00,0x00,0x00,0x00,0x00,0x00,0x00,0x00,0x00,
    0x00,0x00,0x00,0x00,0x00,0x00,0x00,0x00,0x00,0x00,0x00,0x00,0x00,0x00,0x00,0x00,0x00,0x00,0x00,0x00,0x00,0x00,0x00,0x00,0x00,0x00,0x00,0x00,0x00,0x00,0x00,0x00,0x00,0x00,0x00,0x00,0x00,0x00,0x00,0x00,0x00,0x00,0x00,0x00,0x00,0x00,0x00,0x00,0x00,0x00,0x00,0x00,0x00,0x01,0x00,0x1c,0x7e,0x0e,0x0e,0x22,0x79,0x7f,0x7e,0x7b,0x79,0x78,0x78,0x79,0x78,0x78,0x78,0x78,0x7b,0x7b,0x7e,0x7f,0x7f,0x78,0x78,0x78,0x78,0x78,0x78,0x78,0x79,0x79,0x7f,0x7e,0x8c,0x8c,0x22,0x37,0x79,0x2d,0x00,0x02,0x00,0x00,0x00,0x00,0x00,0x00,0x00,0x00,0x00,0x00,0x00,0x00,0x00,0x00,0x00,0x00,0x00,0x00,0x00,0x00,0x00,0x00,0x00,0x00,0x00,0x00,0x00,0x00,0x00,0x00,0x00,0x00,0x00,0x00,0x00,0x00,0x00,0x00,0x00,0x00,0x00,0x00,0x00,0x00,0x00,0x00,0x00,0x00,
    0x00,0x00,0x00,0x00,0x00,0x00,0x00,0x00,0x00,0x00,0x00,0x00,0x00,0x00,0x00,0x00,0x00,0x00,0x00,0x00,0x00,0x00,0x00,0x00,0x00,0x00,0x00,0x00,0x00,0x00,0x00,0x00,0x00,0x00,0x00,0x00,0x00,0x00,0x00,0x00,0x00,0x00,0x00,0x00,0x00,0x00,0x00,0x00,0x00,0x00,0x00,0x00,0x00,0x02,0x01,0x10,0x7b,0x7f,0x79,0x7e,0x78,0x87,0x78,0x78,0x7f,0x7f,0x7e,0x7e,0x7e,0x7e,0x7e,0x8c,0x8c,0x8c,0x8c,0x7e,0x7e,0x7f,0x7f,0x7b,0x7b,0x7b,0x7b,0x7b,0x78,0x78,0x7b,0x79,0x7b,0x7e,0x78,0x78,0x37,0x23,0x01,0x03,0x00,0x00,0x00,0x00,0x00,0x00,0x00,0x00,0x00,0x00,0x00,0x00,0x00,0x00,0x00,0x00,0x00,0x00,0x00,0x00,0x00,0x00,0x00,0x00,0x00,0x00,0x00,0x00,0x00,0x00,0x00,0x00,0x00,0x00,0x00,0x00,0x00,0x00,0x00,0x00,0x00,0x00,0x00,0x00,0x00,0x00,0x00,0x00,
    0x00,0x00,0x00,0x00,0x00,0x00,0x00,0x00,0x00,0x00,0x00,0x00,0x00,0x00,0x00,0x00,0x00,0x00,0x00,0x00,0x00,0x00,0x00,0x00,0x00,0x00,0x00,0x00,0x00,0x00,0x00,0x00,0x00,0x00,0x00,0x00,0x00,0x00,0x00,0x00,0x00,0x00,0x00,0x00,0x00,0x00,0x00,0x00,0x00,0x00,0x00,0x00,0x00,0x00,0x01,0x00,0x23,0x52,0x52,0x2e,0xc9,0xbf,0xc9,0xc9,0x8c,0x79,0x80,0x80,0x78,0x80,0x80,0x78,0x7b,0x7e,0x8c,0x7b,0x80,0x87,0x80,0x80,0x87,0x87,0x82,0x87,0x79,0x8c,0xc9,0xbf,0xc9,0x1c,0x52,0x19,0x07,0x00,0x01,0x00,0x00,0x00,0x00,0x00,0x00,0x00,0x00,0x00,0x00,0x00,0x00,0x00,0x00,0x00,0x00,0x00,0x00,0x00,0x00,0x00,0x00,0x00,0x00,0x00,0x00,0x00,0x00,0x00,0x00,0x00,0x00,0x00,0x00,0x00,0x00,0x00,0x00,0x00,0x00,0x00,0x00,0x00,0x00,0x00,0x00,0x00,0x00,0x00,
    0x00,0x00,0x00,0x00,0x00,0x00,0x00,0x00,0x00,0x00,0x00,0x00,0x00,0x00,0x00,0x00,0x00,0x00,0x00,0x00,0x00,0x00,0x00,0x00,0x00,0x00,0x00,0x00,0x00,0x00,0x00,0x00,0x00,0x00,0x00,0x00,0x00,0x00,0x00,0x00,0x00,0x00,0x00,0x00,0x00,0x00,0x00,0x00,0x00,0x00,0x00,0x00,0x00,0x00,0x00,0x03,0x00,0x00,0x00,0x30,0x66,0xc1,0xc1,0xda,0xd7,0xd7,0xd1,0xe5,0xeb,0xeb,0xb1,0xbf,0xbf,0x37,0x37,0x8c,0xc9,0xc9,0xbf,0xbf,0xb1,0xeb,0xeb,0xe5,0x66,0xd7,0xda,0xda,0x66,0x30,0x00,0x00,0x00,0x01,0x00,0x00,0x00,0x00,0x00,0x00,0x00,0x00,0x00,0x00,0x00,0x00,0x00,0x00,0x00,0x00,0x00,0x00,0x00,0x00,0x00,0x00,0x00,0x00,0x00,0x00,0x00,0x00,0x00,0x00,0x00,0x00,0x00,0x00,0x00,0x00,0x00,0x00,0x00,0x00,0x00,0x00,0x00,0x00,0x00,0x00,0x00,0x00,0x00,0x00,
    0x00,0x00,0x00,0x00,0x00,0x00,0x00,0x00,0x00,0x00,0x00,0x00,0x00,0x00,0x00,0x00,0x00,0x00,0x00,0x00,0x00,0x00,0x00,0x00,0x00,0x00,0x00,0x00,0x00,0x00,0x00,0x00,0x00,0x00,0x00,0x00,0x00,0x00,0x00,0x00,0x00,0x00,0x00,0x00,0x00,0x00,0x00,0x00,0x00,0x00,0x00,0x00,0x00,0x00,0x00,0x00,0x03,0x3c,0x02,0x21,0x3b,0xc1,0xc1,0xe9,0xa4,0xc7,0x7c,0xa8,0xb5,0xe9,0xc1,0xc1,0xda,0x5b,0x74,0x71,0xd7,0xda,0xda,0xc1,0xe9,0xa4,0xba,0xa4,0xb5,0xe9,0xc1,0xda,0x3b,0x21,0x02,0x02,0x03,0x00,0x00,0x00,0x00,0x00,0x00,0x00,0x00,0x00,0x00,0x00,0x00,0x00,0x00,0x00,0x00,0x00,0x00,0x00,0x00,0x00,0x00,0x00,0x00,0x00,0x00,0x00,0x00,0x00,0x00,0x00,0x00,0x00,0x00,0x00,0x00,0x00,0x00,0x00,0x00,0x00,0x00,0x00,0x00,0x00,0x00,0x00,0x00,0x00,0x00,0x00,
    0x00,0x00,0x00,0x00,0x00,0x00,0x00,0x00,0x00,0x00,0x00,0x00,0x00,0x00,0x00,0x00,0x00,0x00,0x00,0x00,0x00,0x00,0x00,0x00,0x00,0x00,0x00,0x00,0x00,0x00,0x00,0x00,0x00,0x00,0x00,0x00,0x00,0x00,0x00,0x00,0x00,0x00,0x00,0x00,0x00,0x00,0x00,0x00,0x00,0x00,0x00,0x00,0x00,0x00,0x00,0x00,0x00,0x0a,0x00,0x16,0x34,0xe9,0xba,0x8d,0x8d,0x86,0x8b,0x86,0x7c,0x8b,0xb5,0xc1,0xc1,0x2a,0x4c,0x5b,0xd7,0xe9,0xb5,0x81,0x8b,0x7c,0x8b,0x7c,0x7c,0x8b,0xb5,0xc1,0x4f,0x25,0x00,0x05,0x00,0x00,0x00,0x00,0x00,0x00,0x00,0x00,0x00,0x00,0x00,0x00,0x00,0x00,0x00,0x00,0x00,0x00,0x00,0x00,0x00,0x00,0x00,0x00,0x00,0x00,0x00,0x00,0x00,0x00,0x00,0x00,0x00,0x00,0x00,0x00,0x00,0x00,0x00,0x00,0x00,0x00,0x00,0x00,0x00,0x00,0x00,0x00,0x00,0x00,0x00,0x00,
    0x00,0x00,0x00,0x00,0x00,0x00,0x00,0x00,0x00,0x00,0x00,0x00,0x00,0x00,0x00,0x00,0x00,0x00,0x00,0x00,0x00,0x00,0x00,0x00,0x00,0x00,0x00,0x00,0x00,0x00,0x00,0x00,0x00,0x00,0x00,0x00,0x00,0x00,0x00,0x00,0x00,0x00,0x00,0x00,0x00,0x00,0x00,0x00,0x00,0x00,0x00,0x00,0x00,0x00,0x00,0x00,0x00,0x04,0x00,0x11,0x2a,0x9f,0x8e,0x81,0x8b,0x81,0x83,0x81,0x8b,0x8b,0x8e,0xc7,0xee,0x20,0x48,0x5b,0xe9,0x81,0x86,0x83,0xa8,0xa8,0x83,0x81,0x8b,0x8b,0x92,0x24,0x2a,0x11,0x00,0x00,0x00,0x00,0x00,0x00,0x00,0x00,0x00,0x00,0x00,0x00,0x00,0x00,0x00,0x00,0x00,0x00,0x00,0x00,0x00,0x00,0x00,0x00,0x00,0x00,0x00,0x00,0x00,0x00,0x00,0x00,0x00,0x00,0x00,0x00,0x00,0x00,0x00,0x00,0x00,0x00,0x00,0x00,0x00,0x00,0x00,0x00,0x00,0x00,0x00,0x00,0x00,0x00,
    0x00,0x00,0x00,0x00,0x00,0x00,0x00,0x00,0x00,0x00,0x00,0x00,0x00,0x00,0x00,0x00,0x00,0x00,0x00,0x00,0x00,0x00,0x00,0x00,0x00,0x00,0x00,0x00,0x00,0x00,0x00,0x00,0x00,0x00,0x00,0x00,0x00,0x00,0x00,0x00,0x00,0x00,0x00,0x00,0x00,0x00,0x00,0x00,0x00,0x00,0x00,0x00,0x00,0x00,0x00,0x00,0x00,0x04,0x00,0x18,0x45,0x0b,0x83,0x83,0x83,0x83,0x81,0x83,0x81,0x8b,0x81,0x92,0x24,0x32,0x48,0x54,0x9f,0x8d,0x81,0x81,0x83,0x83,0x83,0x83,0x83,0x81,0x81,0x1f,0x32,0x0f,0x00,0x00,0x00,0x00,0x00,0x00,0x00,0x00,0x00,0x00,0x00,0x00,0x00,0x00,0x00,0x00,0x00,0x00,0x00,0x00,0x00,0x00,0x00,0x00,0x00,0x00,0x00,0x00,0x00,0x00,0x00,0x00,0x00,0x00,0x00,0x00,0x00,0x00,0x00,0x00,0x00,0x00,0x00,0x00,0x00,0x00,0x00,0x00,0x00,0x00,0x00,0x00,0x00,0x00,
    0x00,0x00,0x00,0x00,0x00,0x00,0x00,0x00,0x00,0x00,0x00,0x00,0x00,0x00,0x00,0x00,0x00,0x00,0x00,0x00,0x00,0x00,0x00,0x00,0x00,0x00,0x00,0x00,0x00,0x00,0x00,0x00,0x00,0x00,0x00,0x00,0x00,0x00,0x00,0x00,0x00,0x00,0x00,0x00,0x00,0x00,0x00,0x00,0x00,0x00,0x00,0x00,0x00,0x00,0x00,0x00,0x00,0x00,0x03,0x0f,0x53,0x56,0x81,0x83,0xa8,0x83,0x81,0x8b,0x81,0x86,0x86,0x86,0xab,0x32,0x1e,0x2a,0x24,0x8e,0x8b,0x86,0x86,0x83,0x83,0x83,0xa8,0x83,0x86,0x4b,0x1b,0x00,0x05,0x00,0x00,0x00,0x00,0x00,0x00,0x00,0x00,0x00,0x00,0x00,0x00,0x00,0x00,0x00,0x00,0x00,0x00,0x00,0x00,0x00,0x00,0x00,0x00,0x00,0x00,0x00,0x00,0x00,0x00,0x00,0x00,0x00,0x00,0x00,0x00,0x00,0x00,0x00,0x00,0x00,0x00,0x00,0x00,0x00,0x00,0x00,0x00,0x00,0x00,0x00,0x00,0x00,
    0x00,0x00,0x00,0x00,0x00,0x00,0x00,0x00,0x00,0x00,0x00,0x00,0x00,0x00,0x00,0x00,0x00,0x00,0x00,0x00,0x00,0x00,0x00,0x00,0x00,0x00,0x00,0x00,0x00,0x00,0x00,0x00,0x00,0x00,0x00,0x00,0x00,0x00,0x00,0x00,0x00,0x00,0x00,0x00,0x00,0x00,0x00,0x00,0x00,0x00,0x00,0x00,0x00,0x00,0x00,0x00,0x00,0x00,0x03,0x00,0x20,0x35,0x86,0x81,0x8b,0x8b,0x8b,0x86,0x8b,0x81,0x27,0x99,0x35,0x32,0x18,0x3a,0x81,0x86,0x86,0x8b,0x81,0x83,0x83,0x83,0xa8,0x27,0xab,0x36,0x16,0x00,0x0a,0x00,0x00,0x00,0x00,0x00,0x00,0x00,0x00,0x00,0x00,0x00,0x00,0x00,0x00,0x00,0x00,0x00,0x00,0x00,0x00,0x00,0x00,0x00,0x00,0x00,0x00,0x00,0x00,0x00,0x00,0x00,0x00,0x00,0x00,0x00,0x00,0x00,0x00,0x00,0x00,0x00,0x00,0x00,0x00,0x00,0x00,0x00,0x00,0x00,0x00,0x00,0x00,0x00,
    0x00,0x00,0x00,0x00,0x00,0x00,0x00,0x00,0x00,0x00,0x00,0x00,0x00,0x00,0x00,0x00,0x00,0x00,0x00,0x00,0x00,0x00,0x00,0x00,0x00,0x00,0x00,0x00,0x00,0x00,0x00,0x00,0x00,0x00,0x00,0x00,0x00,0x00,0x00,0x00,0x00,0x00,0x00,0x00,0x00,0x00,0x00,0x00,0x00,0x00,0x00,0x00,0x00,0x00,0x00,0x00,0x00,0x00,0x0a,0x04,0x1e,0x34,0x0b,0x8d,0x86,0x86,0x86,0x86,0x8b,0x81,0x27,0x83,0x4d,0x1b,0x0f,0x32,0x12,0x83,0x86,0x81,0x83,0x83,0x81,0x81,0x83,0x8e,0x9f,0x2f,0x1e,0x00,0x0a,0x00,0x00,0x00,0x00,0x00,0x00,0x00,0x00,0x00,0x00,0x00,0x00,0x00,0x00,0x00,0x00,0x00,0x00,0x00,0x00,0x00,0x00,0x00,0x00,0x00,0x00,0x00,0x00,0x00,0x00,0x00,0x00,0x00,0x00,0x00,0x00,0x00,0x00,0x00,0x00,0x00,0x00,0x00,0x00,0x00,0x00,0x00,0x00,0x00,0x00,0x00,0x00,0x00,
    0x00,0x00,0x00,0x00,0x00,0x00,0x00,0x00,0x00,0x00,0x00,0x00,0x00,0x00,0x00,0x00,0x00,0x00,0x00,0x00,0x00,0x00,0x00,0x00,0x00,0x00,0x00,0x00,0x00,0x00,0x00,0x00,0x00,0x00,0x00,0x00,0x00,0x00,0x00,0x00,0x00,0x00,0x00,0x00,0x00,0x00,0x00,0x00,0x00,0x00,0x00,0x00,0x00,0x00,0x00,0x00,0x00,0x00,0x05,0x00,0x48,0x42,0x86,0x27,0x86,0x86,0x81,0x8b,0x86,0x86,0x81,0x8d,0x36,0x1b,0x00,0x1b,0x35,0x8d,0x8b,0x86,0x86,0x81,0x81,0x8b,0x86,0x86,0x1f,0x3a,0x18,0x00,0x04,0x00,0x00,0x00,0x00,0x00,0x00,0x00,0x00,0x00,0x00,0x00,0x00,0x00,0x00,0x00,0x00,0x00,0x00,0x00,0x00,0x00,0x00,0x00,0x00,0x00,0x00,0x00,0x00,0x00,0x00,0x00,0x00,0x00,0x00,0x00,0x00,0x00,0x00,0x00,0x00,0x00,0x00,0x00,0x00,0x00,0x00,0x00,0x00,0x00,0x00,0x00,0x00,0x00,
    0x00,0x00,0x00,0x00,0x00,0x00,0x00,0x00,0x00,0x00,0x00,0x00,0x00,0x00,0x00,0x00,0x00,0x00,0x00,0x00,0x00,0x00,0x00,0x00,0x00,0x00,0x00,0x00,0x00,0x00,0x00,0x00,0x00,0x00,0x00,0x00,0x00,0x00,0x00,0x00,0x00,0x00,0x00,0x00,0x00,0x00,0x00,0x00,0x00,0x00,0x00,0x00,0x00,0x00,0x00,0x00,0x00,0x00,0x05,0x00,0x48,0x42,0x1f,0x81,0x86,0x86,0x86,0x8b,0x81,0x83,0x83,0x1f,0x31,0x1e,0x00,0x44,0x5f,0x7c,0x81,0x8b,0x86,0x86,0x86,0x86,0x8b,0x8d,0x43,0x44,0x00,0x00,0x00,0x00,0x00,0x00,0x00,0x00,0x00,0x00,0x00,0x00,0x00,0x00,0x00,0x00,0x00,0x00,0x00,0x00,0x00,0x00,0x00,0x00,0x00,0x00,0x00,0x00,0x00,0x00,0x00,0x00,0x00,0x00,0x00,0x00,0x00,0x00,0x00,0x00,0x00,0x00,0x00,0x00,0x00,0x00,0x00,0x00,0x00,0x00,0x00,0x00,0x00,0x00,0x00,0x00,
    0x00,0x00,0x00,0x00,0x00,0x00,0x00,0x00,0x00,0x00,0x00,0x00,0x00,0x00,0x00,0x00,0x00,0x00,0x00,0x00,0x00,0x00,0x00,0x00,0x00,0x00,0x00,0x00,0x00,0x00,0x00,0x00,0x00,0x00,0x00,0x00,0x00,0x00,0x00,0x00,0x00,0x00,0x00,0x00,0x00,0x00,0x00,0x00,0x00,0x00,0x00,0x00,0x00,0x00,0x00,0x00,0x00,0x00,0x05,0x00,0x16,0x34,0x12,0x81,0x86,0x86,0x86,0x81,0x83,0x99,0x8e,0x12,0x58,0x1e,0x00,0x1b,0x34,0x1f,0x8d,0x83,0x81,0x81,0x86,0x86,0x81,0x92,0x43,0x32,0x04,0x00,0x00,0x00,0x00,0x00,0x00,0x00,0x00,0x00,0x00,0x00,0x00,0x00,0x00,0x00,0x00,0x00,0x00,0x00,0x00,0x00,0x00,0x00,0x00,0x00,0x00,0x00,0x00,0x00,0x00,0x00,0x00,0x00,0x00,0x00,0x00,0x00,0x00,0x00,0x00,0x00,0x00,0x00,0x00,0x00,0x00,0x00,0x00,0x00,0x00,0x00,0x00,0x00,0x00,0x00,
    0x00,0x00,0x00,0x00,0x00,0x00,0x00,0x00,0x00,0x00,0x00,0x00,0x00,0x00,0x00,0x00,0x00,0x00,0x00,0x00,0x00,0x00,0x00,0x00,0x00,0x00,0x00,0x00,0x00,0x00,0x00,0x00,0x00,0x00,0x00,0x00,0x00,0x00,0x00,0x00,0x00,0x00,0x00,0x00,0x00,0x00,0x00,0x00,0x00,0x00,0x00,0x00,0x00,0x00,0x00,0x00,0x00,0x00,0x05,0x00,0x1e,0x55,0x99,0x83,0x83,0x8b,0x86,0x86,0x86,0x8b,0x81,0x1f,0x2f,0x18,0x00,0x1e,0x34,0xab,0x27,0x83,0x81,0x86,0x86,0x86,0x8b,0x7c,0x43,0x44,0x0a,0x00,0x00,0x00,0x00,0x00,0x00,0x00,0x00,0x00,0x00,0x00,0x00,0x00,0x00,0x00,0x00,0x00,0x00,0x00,0x00,0x00,0x00,0x00,0x00,0x00,0x00,0x00,0x00,0x00,0x00,0x00,0x00,0x00,0x00,0x00,0x00,0x00,0x00,0x00,0x00,0x00,0x00,0x00,0x00,0x00,0x00,0x00,0x00,0x00,0x00,0x00,0x00,0x00,0x00,0x00,
    0x00,0x00,0x00,0x00,0x00,0x00,0x00,0x00,0x00,0x00,0x00,0x00,0x00,0x00,0x00,0x00,0x00,0x00,0x00,0x00,0x00,0x00,0x00,0x00,0x00,0x00,0x00,0x00,0x00,0x00,0x00,0x00,0x00,0x00,0x00,0x00,0x00,0x00,0x00,0x00,0x00,0x00,0x00,0x00,0x00,0x00,0x00,0x00,0x00,0x00,0x00,0x00,0x00,0x00,0x00,0x00,0x00,0x00,0x05,0x00,0x47,0x42,0x99,0x27,0x8b,0x86,0x86,0x86,0x86,0x8b,0x8d,0x43,0x54,0x04,0x00,0x25,0x3a,0x9f,0x81,0x8b,0x86,0x86,0x86,0x86,0x86,0x8b,0xba,0x67,0x25,0x00,0x0a,0x00,0x00,0x00,0x00,0x00,0x00,0x00,0x00,0x00,0x00,0x00,0x00,0x00,0x00,0x00,0x00,0x00,0x00,0x00,0x00,0x00,0x00,0x00,0x00,0x00,0x00,0x00,0x00,0x00,0x00,0x00,0x00,0x00,0x00,0x00,0x00,0x00,0x00,0x00,0x00,0x00,0x00,0x00,0x00,0x00,0x00,0x00,0x00,0x00,0x00,0x00,0x00,0x00,
    0x00,0x00,0x00,0x00,0x00,0x00,0x00,0x00,0x00,0x00,0x00,0x00,0x00,0x00,0x00,0x00,0x00,0x00,0x00,0x00,0x00,0x00,0x00,0x00,0x00,0x00,0x00,0x00,0x00,0x00,0x00,0x00,0x00,0x00,0x00,0x00,0x00,0x00,0x00,0x00,0x00,0x00,0x00,0x00,0x00,0x00,0x00,0x00,0x00,0x00,0x00,0x00,0x00,0x00,0x00,0x00,0x00,0x00,0x0a,0x00,0x1e,0x42,0x0b,0x8d,0x86,0x86,0x86,0x86,0x86,0x8b,0x8d,0x0b,0x26,0x0a,0x00,0x11,0x54,0x29,0x7c,0x86,0x86,0x86,0x86,0x86,0x8b,0x8d,0x9f,0x31,0x1e,0x00,0x0a,0x00,0x00,0x00,0x00,0x00,0x00,0x00,0x00,0x00,0x00,0x00,0x00,0x00,0x00,0x00,0x00,0x00,0x00,0x00,0x00,0x00,0x00,0x00,0x00,0x00,0x00,0x00,0x00,0x00,0x00,0x00,0x00,0x00,0x00,0x00,0x00,0x00,0x00,0x00,0x00,0x00,0x00,0x00,0x00,0x00,0x00,0x00,0x00,0x00,0x00,0x00,0x00,0x00,
    0x00,0x00,0x00,0x00,0x00,0x00,0x00,0x00,0x00,0x00,0x00,0x00,0x00,0x00,0x00,0x00,0x00,0x00,0x00,0x00,0x00,0x00,0x00,0x00,0x00,0x00,0x00,0x00,0x00,0x00,0x00,0x00,0x00,0x00,0x00,0x00,0x00,0x00,0x00,0x00,0x00,0x00,0x00,0x00,0x00,0x00,0x00,0x00,0x00,0x00,0x00,0x00,0x00,0x00,0x00,0x00,0x00,0x00,0x04,0x00,0x21,0x5f,0x8e,0x8b,0x86,0x81,0x86,0x86,0x8b,0x7c,0xab,0x35,0x26,0x05,0x00,0x11,0x54,0x12,0x8e,0x8b,0x86,0x86,0x86,0x86,0x8b,0x8d,0x24,0x2f,0x1e,0x00,0x0a,0x00,0x00,0x00,0x00,0x00,0x00,0x00,0x00,0x00,0x00,0x00,0x00,0x00,0x00,0x00,0x00,0x00,0x00,0x00,0x00,0x00,0x00,0x00,0x00,0x00,0x00,0x00,0x00,0x00,0x00,0x00,0x00,0x00,0x00,0x00,0x00,0x00,0x00,0x00,0x00,0x00,0x00,0x00,0x00,0x00,0x00,0x00,0x00,0x00,0x00,0x00,0x00,0x00,
    0x00,0x00,0x00,0x00,0x00,0x00,0x00,0x00,0x00,0x00,0x00,0x00,0x00,0x00,0x00,0x00,0x00,0x00,0x00,0x00,0x00,0x00,0x00,0x00,0x00,0x00,0x00,0x00,0x00,0x00,0x00,0x00,0x00,0x00,0x00,0x00,0x00,0x00,0x00,0x00,0x00,0x00,0x00,0x00,0x00,0x00,0x00,0x00,0x00,0x00,0x00,0x00,0x00,0x00,0x00,0x00,0x00,0x00,0x03,0x00,0x4c,0x35,0x92,0x81,0x86,0x81,0x81,0x86,0x8b,0x27,0x99,0x3b,0x16,0x04,0x00,0x0f,0x45,0x49,0x99,0x27,0x8b,0x86,0x86,0x86,0x81,0x81,0x99,0x28,0x47,0x00,0x05,0x00,0x00,0x00,0x00,0x00,0x00,0x00,0x00,0x00,0x00,0x00,0x00,0x00,0x00,0x00,0x00,0x00,0x00,0x00,0x00,0x00,0x00,0x00,0x00,0x00,0x00,0x00,0x00,0x00,0x00,0x00,0x00,0x00,0x00,0x00,0x00,0x00,0x00,0x00,0x00,0x00,0x00,0x00,0x00,0x00,0x00,0x00,0x00,0x00,0x00,0x00,0x00,0x00,
    0x00,0x00,0x00,0x00,0x00,0x00,0x00,0x00,0x00,0x00,0x00,0x00,0x00,0x00,0x00,0x00,0x00,0x00,0x00,0x00,0x00,0x00,0x00,0x00,0x00,0x00,0x00,0x00,0x00,0x00,0x00,0x00,0x00,0x00,0x00,0x00,0x00,0x00,0x00,0x00,0x00,0x00,0x00,0x00,0x00,0x00,0x00,0x00,0x00,0x00,0x00,0x00,0x00,0x00,0x00,0x00,0x00,0x00,0x03,0x00,0x4c,0x4a,0x81,0x8b,0x81,0x86,0x86,0x86,0x86,0x81,0x92,0x28,0x21,0x00,0x05,0x03,0x1b,0x4d,0xab,0x8d,0x8b,0x86,0x86,0x86,0x83,0x99,0x8d,0x62,0x1b,0x00,0x05,0x00,0x00,0x00,0x00,0x00,0x00,0x00,0x00,0x00,0x00,0x00,0x00,0x00,0x00,0x00,0x00,0x00,0x00,0x00,0x00,0x00,0x00,0x00,0x00,0x00,0x00,0x00,0x00,0x00,0x00,0x00,0x00,0x00,0x00,0x00,0x00,0x00,0x00,0x00,0x00,0x00,0x00,0x00,0x00,0x00,0x00,0x00,0x00,0x00,0x00,0x00,0x00,0x00,
    0x00,0x00,0x00,0x00,0x00,0x00,0x00,0x00,0x00,0x00,0x00,0x00,0x00,0x00,0x00,0x00,0x00,0x00,0x00,0x00,0x00,0x00,0x00,0x00,0x00,0x00,0x00,0x00,0x00,0x00,0x00,0x00,0x00,0x00,0x00,0x00,0x00,0x00,0x00,0x00,0x00,0x00,0x00,0x00,0x00,0x00,0x00,0x00,0x00,0x00,0x00,0x00,0x00,0x00,0x00,0x00,0x00,0x00,0x03,0x01,0x53,0x56,0xab,0x81,0x83,0x81,0x86,0x86,0x86,0x27,0x83,0x36,0x21,0x00,0x0f,0x00,0x1b,0x36,0x81,0x27,0x86,0x86,0x86,0x86,0x81,0x83,0x7c,0x75,0x26,0x01,0x05,0x00,0x00,0x00,0x00,0x00,0x00,0x00,0x00,0x00,0x00,0x00,0x00,0x00,0x00,0x00,0x00,0x00,0x00,0x00,0x00,0x00,0x00,0x00,0x00,0x00,0x00,0x00,0x00,0x00,0x00,0x00,0x00,0x00,0x00,0x00,0x00,0x00,0x00,0x00,0x00,0x00,0x00,0x00,0x00,0x00,0x00,0x00,0x00,0x00,0x00,0x00,0x00,0x00,
    0x00,0x00,0x00,0x00,0x00,0x00,0x00,0x00,0x00,0x00,0x00,0x00,0x00,0x00,0x00,0x00,0x00,0x00,0x00,0x00,0x00,0x00,0x00,0x00,0x00,0x00,0x00,0x00,0x00,0x00,0x00,0x00,0x00,0x00,0x00,0x00,0x00,0x00,0x00,0x00,0x00,0x00,0x00,0x00,0x00,0x00,0x00,0x00,0x00,0x00,0x00,0x00,0x00,0x00,0x00,0x00,0x00,0x00,0x03,0x00,0x2d,0xca,0x7c,0x81,0x83,0x83,0x99,0x99,0x99,0x27,0x9f,0x4f,0x04,0x03,0x02,0x00,0x1e,0x36,0x8d,0x99,0x99,0x83,0x83,0x81,0x81,0x86,0x27,0x71,0x5d,0x00,0x02,0x00,0x00,0x00,0x00,0x00,0x00,0x00,0x00,0x00,0x00,0x00,0x00,0x00,0x00,0x00,0x00,0x00,0x00,0x00,0x00,0x00,0x00,0x00,0x00,0x00,0x00,0x00,0x00,0x00,0x00,0x00,0x00,0x00,0x00,0x00,0x00,0x00,0x00,0x00,0x00,0x00,0x00,0x00,0x00,0x00,0x00,0x00,0x00,0x00,0x00,0x00,0x00,0x00,
    0x00,0x00,0x00,0x00,0x00,0x00,0x00,0x00,0x00,0x00,0x00,0x00,0x00,0x00,0x00,0x00,0x00,0x00,0x00,0x00,0x00,0x00,0x00,0x00,0x00,0x00,0x00,0x00,0x00,0x00,0x00,0x00,0x00,0x00,0x00,0x00,0x00,0x00,0x00,0x00,0x00,0x00,0x00,0x00,0x00,0x00,0x00,0x00,0x00,0x00,0x00,0x00,0x00,0x00,0x00,0x00,0x00,0x02,0x00,0x19,0x87,0xc9,0x0b,0x8f,0x8f,0x8f,0x92,0x92,0x8e,0x8f,0xbd,0x14,0x19,0x01,0x02,0x3c,0x52,0x14,0x9f,0x8f,0x8f,0x8f,0x8f,0x92,0x92,0x8f,0x3d,0x82,0x14,0x10,0x01,0x02,0x00,0x00,0x00,0x00,0x00,0x00,0x00,0x00,0x00,0x00,0x00,0x00,0x00,0x00,0x00,0x00,0x00,0x00,0x00,0x00,0x00,0x00,0x00,0x00,0x00,0x00,0x00,0x00,0x00,0x00,0x00,0x00,0x00,0x00,0x00,0x00,0x00,0x00,0x00,0x00,0x00,0x00,0x00,0x00,0x00,0x00,0x00,0x00,0x00,0x00,0x00,0x00,
    0x00,0x00,0x00,0x00,0x00,0x00,0x00,0x00,0x00,0x00,0x00,0x00,0x00,0x00,0x00,0x00,0x00,0x00,0x00,0x00,0x00,0x00,0x00,0x00,0x00,0x00,0x00,0x00,0x00,0x00,0x00,0x00,0x00,0x00,0x00,0x00,0x00,0x00,0x00,0x00,0x00,0x00,0x00,0x00,0x00,0x00,0x00,0x00,0x00,0x00,0x00,0x00,0x00,0x00,0x00,0x00,0x01,0x03,0x17,0x2e,0x7f,0x80,0xc9,0xb1,0xaf,0xc6,0xc5,0xc5,0xc5,0xaf,0xc9,0x78,0x1c,0x00,0x00,0x10,0x7b,0x78,0xbf,0xaf,0xc6,0xc6,0xc6,0xaf,0xaf,0xb1,0x7f,0x22,0x7b,0x52,0x00,0x02,0x00,0x00,0x00,0x00,0x00,0x00,0x00,0x00,0x00,0x00,0x00,0x00,0x00,0x00,0x00,0x00,0x00,0x00,0x00,0x00,0x00,0x00,0x00,0x00,0x00,0x00,0x00,0x00,0x00,0x00,0x00,0x00,0x00,0x00,0x00,0x00,0x00,0x00,0x00,0x00,0x00,0x00,0x00,0x00,0x00,0x00,0x00,0x00,0x00,0x00,0x00,0x00,
    0x00,0x00,0x00,0x00,0x00,0x00,0x00,0x00,0x00,0x00,0x00,0x00,0x00,0x00,0x00,0x00,0x00,0x00,0x00,0x00,0x00,0x00,0x00,0x00,0x00,0x00,0x00,0x00,0x00,0x00,0x00,0x00,0x00,0x00,0x00,0x00,0x00,0x00,0x00,0x00,0x00,0x00,0x00,0x00,0x00,0x00,0x00,0x00,0x00,0x00,0x00,0x00,0x00,0x00,0x00,0x00,0x03,0x00,0x07,0x79,0x79,0x79,0x87,0x82,0x87,0x82,0x82,0x82,0x82,0x82,0x87,0x22,0x22,0x10,0x00,0x1d,0x22,0x22,0x82,0x82,0x82,0x82,0x87,0x82,0x82,0x82,0x78,0x08,0x06,0x1c,0x3c,0x01,0x01,0x00,0x00,0x00,0x00,0x00,0x00,0x00,0x00,0x00,0x00,0x00,0x00,0x00,0x00,0x00,0x00,0x00,0x00,0x00,0x00,0x00,0x00,0x00,0x00,0x00,0x00,0x00,0x00,0x00,0x00,0x00,0x00,0x00,0x00,0x00,0x00,0x00,0x00,0x00,0x00,0x00,0x00,0x00,0x00,0x00,0x00,0x00,0x00,0x00,0x00,0x00,
    0x00,0x00,0x00,0x00,0x00,0x00,0x00,0x00,0x00,0x00,0x00,0x00,0x00,0x00,0x00,0x00,0x00,0x00,0x00,0x00,0x00,0x00,0x00,0x00,0x00,0x00,0x00,0x00,0x00,0x00,0x00,0x00,0x00,0x00,0x00,0x00,0x00,0x00,0x00,0x00,0x00,0x00,0x00,0x00,0x00,0x00,0x00,0x00,0x00,0x00,0x00,0x00,0x00,0x00,0x00,0x00,0x02,0x00,0x19,0x8c,0x0e,0x79,0x7b,0x7f,0x7f,0x7f,0x7f,0x7f,0x7f,0x7f,0x79,0x22,0x78,0x1d,0x00,0x2b,0x79,0x22,0x7f,0x7f,0x7f,0x7f,0x7e,0x7e,0x7b,0x7b,0x79,0x06,0x78,0x37,0x17,0x00,0x01,0x00,0x00,0x00,0x00,0x00,0x00,0x00,0x00,0x00,0x00,0x00,0x00,0x00,0x00,0x00,0x00,0x00,0x00,0x00,0x00,0x00,0x00,0x00,0x00,0x00,0x00,0x00,0x00,0x00,0x00,0x00,0x00,0x00,0x00,0x00,0x00,0x00,0x00,0x00,0x00,0x00,0x00,0x00,0x00,0x00,0x00,0x00,0x00,0x00,0x00,0x00,
    0x00,0x00,0x00,0x00,0x00,0x00,0x00,0x00,0x00,0x00,0x00,0x00,0x00,0x00,0x00,0x00,0x00,0x00,0x00,0x00,0x00,0x00,0x00,0x00,0x00,0x00,0x00,0x00,0x00,0x00,0x00,0x00,0x00,0x00,0x00,0x00,0x00,0x00,0x00,0x00,0x00,0x00,0x00,0x00,0x00,0x00,0x00,0x00,0x00,0x00,0x00,0x00,0x00,0x00,0x00,0x00,0x02,0x00,0x10,0x7e,0x7f,0x79,0x7f,0x79,0x79,0x78,0x78,0x78,0x78,0x7b,0x7f,0x7b,0x79,0x10,0x00,0x2b,0x79,0x22,0x7b,0x79,0x78,0x78,0x78,0x78,0x79,0x79,0x79,0x06,0x78,0x14,0x17,0x00,0x01,0x00,0x00,0x00,0x00,0x00,0x00,0x00,0x00,0x00,0x00,0x00,0x00,0x00,0x00,0x00,0x00,0x00,0x00,0x00,0x00,0x00,0x00,0x00,0x00,0x00,0x00,0x00,0x00,0x00,0x00,0x00,0x00,0x00,0x00,0x00,0x00,0x00,0x00,0x00,0x00,0x00,0x00,0x00,0x00,0x00,0x00,0x00,0x00,0x00,0x00,0x00,
    0x00,0x00,0x00,0x00,0x00,0x00,0x00,0x00,0x00,0x00,0x00,0x00,0x00,0x00,0x00,0x00,0x00,0x00,0x00,0x00,0x00,0x00,0x00,0x00,0x00,0x00,0x00,0x00,0x00,0x00,0x00,0x00,0x00,0x00,0x00,0x00,0x00,0x00,0x00,0x00,0x00,0x00,0x00,0x00,0x00,0x00,0x00,0x00,0x00,0x00,0x00,0x00,0x00,0x00,0x00,0x00,0x03,0x00,0x07,0x78,0x79,0x80,0x82,0x87,0x80,0x7b,0x7b,0x79,0x80,0x87,0x87,0x79,0x78,0x07,0x00,0x1d,0x79,0x08,0x82,0x80,0x78,0x7b,0x7b,0x79,0x80,0x82,0x87,0x06,0x78,0x14,0x17,0x00,0x01,0x00,0x00,0x00,0x00,0x00,0x00,0x00,0x00,0x00,0x00,0x00,0x00,0x00,0x00,0x00,0x00,0x00,0x00,0x00,0x00,0x00,0x00,0x00,0x00,0x00,0x00,0x00,0x00,0x00,0x00,0x00,0x00,0x00,0x00,0x00,0x00,0x00,0x00,0x00,0x00,0x00,0x00,0x00,0x00,0x00,0x00,0x00,0x00,0x00,0x00,0x00,
    0x00,0x00,0x00,0x00,0x00,0x00,0x00,0x00,0x00,0x00,0x00,0x00,0x00,0x00,0x00,0x00,0x00,0x00,0x00,0x00,0x00,0x00,0x00,0x00,0x00,0x00,0x00,0x00,0x00,0x00,0x00,0x00,0x00,0x00,0x00,0x00,0x00,0x00,0x00,0x00,0x00,0x00,0x00,0x00,0x00,0x00,0x00,0x00,0x00,0x00,0x00,0x00,0x00,0x00,0x00,0x00,0x03,0x00,0x07,0x78,0x80,0x9c,0xec,0xb9,0x8c,0x87,0x87,0x80,0x8c,0xb6,0xdf,0x78,0x06,0x07,0x00,0x10,0x87,0xb9,0xec,0x9c,0x7f,0x82,0x82,0x78,0x9c,0xb0,0xa5,0x87,0x7b,0x14,0x17,0x00,0x01,0x00,0x00,0x00,0x00,0x00,0x00,0x00,0x00,0x00,0x00,0x00,0x00,0x00,0x00,0x00,0x00,0x00,0x00,0x00,0x00,0x00,0x00,0x00,0x00,0x00,0x00,0x00,0x00,0x00,0x00,0x00,0x00,0x00,0x00,0x00,0x00,0x00,0x00,0x00,0x00,0x00,0x00,0x00,0x00,0x00,0x00,0x00,0x00,0x00,0x00,0x00,
    0x00,0x00,0x00,0x00,0x00,0x00,0x00,0x00,0x00,0x00,0x00,0x00,0x00,0x00,0x00,0x00,0x00,0x00,0x00,0x00,0x00,0x00,0x00,0x00,0x00,0x00,0x00,0x00,0x00,0x00,0x00,0x00,0x00,0x00,0x00,0x00,0x00,0x00,0x00,0x00,0x00,0x00,0x00,0x00,0x00,0x00,0x00,0x00,0x00,0x00,0x00,0x00,0x00,0x00,0x00,0x00,0x03,0x00,0x07,0x79,0x7f,0x9c,0xa2,0xa2,0xc3,0xa5,0xb0,0xc3,0xc3,0xb0,0xa2,0x78,0x78,0x23,0x00,0x10,0x80,0xb9,0xa2,0xa2,0xc3,0xb0,0xb0,0xc3,0xc3,0xb0,0xc8,0x7b,0x7b,0x14,0x17,0x00,0x01,0x00,0x00,0x00,0x00,0x00,0x00,0x00,0x00,0x00,0x00,0x00,0x00,0x00,0x00,0x00,0x00,0x00,0x00,0x00,0x00,0x00,0x00,0x00,0x00,0x00,0x00,0x00,0x00,0x00,0x00,0x00,0x00,0x00,0x00,0x00,0x00,0x00,0x00,0x00,0x00,0x00,0x00,0x00,0x00,0x00,0x00,0x00,0x00,0x00,0x00,0x00,
    0x00,0x00,0x00,0x00,0x00,0x00,0x00,0x00,0x00,0x00,0x00,0x00,0x00,0x00,0x00,0x00,0x00,0x00,0x00,0x00,0x00,0x00,0x00,0x00,0x00,0x00,0x00,0x00,0x00,0x00,0x00,0x00,0x00,0x00,0x00,0x00,0x00,0x00,0x00,0x00,0x00,0x00,0x00,0x00,0x00,0x00,0x00,0x00,0x00,0x00,0x00,0x00,0x00,0x00,0x00,0x00,0x03,0x00,0x07,0x78,0x7e,0x7e,0x87,0x82,0xc8,0xbe,0xd6,0xd6,0xd5,0x82,0x87,0x78,0x1c,0x17,0x00,0x10,0x79,0x22,0x7b,0x80,0xb0,0xbe,0xd6,0xd6,0x9c,0x87,0x7e,0x7b,0x79,0x14,0x17,0x00,0x01,0x00,0x00,0x00,0x00,0x00,0x00,0x00,0x00,0x00,0x00,0x00,0x00,0x00,0x00,0x00,0x00,0x00,0x00,0x00,0x00,0x00,0x00,0x00,0x00,0x00,0x00,0x00,0x00,0x00,0x00,0x00,0x00,0x00,0x00,0x00,0x00,0x00,0x00,0x00,0x00,0x00,0x00,0x00,0x00,0x00,0x00,0x00,0x00,0x00,0x00,0x00,
    0x00,0x00,0x00,0x00,0x00,0x00,0x00,0x00,0x00,0x00,0x00,0x00,0x00,0x00,0x00,0x00,0x00,0x00,0x00,0x00,0x00,0x00,0x00,0x00,0x00,0x00,0x00,0x00,0x00,0x00,0x00,0x00,0x00,0x00,0x00,0x00,0x00,0x00,0x00,0x00,0x00,0x00,0x00,0x00,0x00,0x00,0x00,0x00,0x00,0x00,0x00,0x00,0x00,0x00,0x00,0x00,0x03,0x00,0x07,0x78,0x79,0x80,0xd8,0xc3,0xa5,0xb9,0x82,0xb9,0xdf,0xc3,0xb6,0x80,0x2e,0x17,0x00,0x10,0x7b,0x0e,0xd8,0xbe,0xc3,0x9c,0x87,0xd5,0xc3,0xdf,0x8c,0x06,0x79,0x14,0x17,0x00,0x01,0x00,0x00,0x00,0x00,0x00,0x00,0x00,0x00,0x00,0x00,0x00,0x00,0x00,0x00,0x00,0x00,0x00,0x00,0x00,0x00,0x00,0x00,0x00,0x00,0x00,0x00,0x00,0x00,0x00,0x00,0x00,0x00,0x00,0x00,0x00,0x00,0x00,0x00,0x00,0x00,0x00,0x00,0x00,0x00,0x00,0x00,0x00,0x00,0x00,0x00,0x00,
    0x00,0x00,0x00,0x00,0x00,0x00,0x00,0x00,0x00,0x00,0x00,0x00,0x00,0x00,0x00,0x00,0x00,0x00,0x00,0x00,0x00,0x00,0x00,0x00,0x00,0x00,0x00,0x00,0x00,0x00,0x00,0x00,0x00,0x00,0x00,0x00,0x00,0x00,0x00,0x00,0x00,0x00,0x00,0x00,0x00,0x00,0x00,0x00,0x00,0x00,0x00,0x00,0x00,0x00,0x00,0x00,0x03,0x00,0x07,0x78,0x79,0x87,0xa2,0xa2,0xb0,0x9c,0x82,0xb9,0xa5,0xa2,0xd5,0x87,0x79,0x23,0x00,0x10,0x7b,0x08,0xa2,0xb0,0xdf,0x8c,0x82,0xb6,0xdf,0xb0,0xb6,0x80,0x79,0x14,0x17,0x00,0x01,0x00,0x00,0x00,0x00,0x00,0x00,0x00,0x00,0x00,0x00,0x00,0x00,0x00,0x00,0x00,0x00,0x00,0x00,0x00,0x00,0x00,0x00,0x00,0x00,0x00,0x00,0x00,0x00,0x00,0x00,0x00,0x00,0x00,0x00,0x00,0x00,0x00,0x00,0x00,0x00,0x00,0x00,0x00,0x00,0x00,0x00,0x00,0x00,0x00,0x00,0x00,
    0x00,0x00,0x00,0x00,0x00,0x00,0x00,0x00,0x00,0x00,0x00,0x00,0x00,0x00,0x00,0x00,0x00,0x00,0x00,0x00,0x00,0x00,0x00,0x00,0x00,0x00,0x00,0x00,0x00,0x00,0x00,0x00,0x00,0x00,0x00,0x00,0x00,0x00,0x00,0x00,0x00,0x00,0x00,0x00,0x00,0x00,0x00,0x00,0x00,0x00,0x00,0x00,0x00,0x00,0x00,0x00,0x02,0x00,0x10,0x78,0x06,0x79,0x87,0x82,0xb6,0xbe,0xd6,0xbe,0xd5,0x80,0x78,0x7f,0x06,0x07,0x00,0x10,0x78,0x22,0x87,0x82,0xd5,0xbe,0xbe,0xc3,0xb9,0x82,0x80,0x06,0x78,0x14,0x17,0x00,0x01,0x00,0x00,0x00,0x00,0x00,0x00,0x00,0x00,0x00,0x00,0x00,0x00,0x00,0x00,0x00,0x00,0x00,0x00,0x00,0x00,0x00,0x00,0x00,0x00,0x00,0x00,0x00,0x00,0x00,0x00,0x00,0x00,0x00,0x00,0x00,0x00,0x00,0x00,0x00,0x00,0x00,0x00,0x00,0x00,0x00,0x00,0x00,0x00,0x00,0x00,0x00,
    0x00,0x00,0x00,0x00,0x00,0x00,0x00,0x00,0x00,0x00,0x00,0x00,0x00,0x00,0x00,0x00,0x00,0x00,0x00,0x00,0x00,0x00,0x00,0x00,0x00,0x00,0x00,0x00,0x00,0x00,0x00,0x00,0x00,0x00,0x00,0x00,0x00,0x00,0x00,0x00,0x00,0x00,0x00,0x00,0x00,0x00,0x00,0x00,0x00,0x00,0x00,0x00,0x00,0x00,0x00,0x00,0x02,0x00,0x1d,0x78,0x22,0x79,0x80,0x78,0xa2,0xbe,0xa5,0xd6,0xa2,0x7f,0x7f,0x79,0x78,0x07,0x00,0x5d,0x78,0x22,0x80,0x79,0xb0,0xbe,0xa2,0xc3,0xa2,0x80,0x7f,0x7b,0x78,0x14,0x3c,0x00,0x01,0x00,0x00,0x00,0x00,0x00,0x00,0x00,0x00,0x00,0x00,0x00,0x00,0x00,0x00,0x00,0x00,0x00,0x00,0x00,0x00,0x00,0x00,0x00,0x00,0x00,0x00,0x00,0x00,0x00,0x00,0x00,0x00,0x00,0x00,0x00,0x00,0x00,0x00,0x00,0x00,0x00,0x00,0x00,0x00,0x00,0x00,0x00,0x00,0x00,0x00,0x00,
    0x00,0x00,0x00,0x00,0x00,0x00,0x00,0x00,0x00,0x00,0x00,0x00,0x00,0x00,0x00,0x00,0x00,0x00,0x00,0x00,0x00,0x00,0x00,0x00,0x00,0x00,0x00,0x00,0x00,0x00,0x00,0x00,0x00,0x00,0x00,0x00,0x00,0x00,0x00,0x00,0x00,0x00,0x00,0x00,0x00,0x00,0x00,0x00,0x00,0x00,0x00,0x00,0x00,0x00,0x00,0x00,0x02,0x00,0x19,0x79,0x22,0x87,0xd8,0xed,0xc3,0x7f,0x82,0x7f,0xec,0xed,0xb9,0x80,0x79,0x23,0x00,0x2b,0x7b,0x08,0xb9,0xbe,0xa5,0x87,0x82,0x8c,0xd6,0xc3,0x9c,0x06,0x7b,0x37,0x23,0x00,0x03,0x00,0x00,0x00,0x00,0x00,0x00,0x00,0x00,0x00,0x00,0x00,0x00,0x00,0x00,0x00,0x00,0x00,0x00,0x00,0x00,0x00,0x00,0x00,0x00,0x00,0x00,0x00,0x00,0x00,0x00,0x00,0x00,0x00,0x00,0x00,0x00,0x00,0x00,0x00,0x00,0x00,0x00,0x00,0x00,0x00,0x00,0x00,0x00,0x00,0x00,0x00,
    0x00,0x00,0x00,0x00,0x00,0x00,0x00,0x00,0x00,0x00,0x00,0x00,0x00,0x00,0x00,0x00,0x00,0x00,0x00,0x00,0x00,0x00,0x00,0x00,0x00,0x00,0x00,0x00,0x00,0x00,0x00,0x00,0x00,0x00,0x00,0x00,0x00,0x00,0x00,0x00,0x00,0x00,0x00,0x00,0x00,0x00,0x00,0x00,0x00,0x00,0x00,0x00,0x00,0x00,0x00,0x00,0x02,0x00,0x1d,0x79,0x22,0x80,0x9c,0xa2,0xa5,0xa2,0xb6,0xb0,0xdf,0xc8,0x9c,0x80,0x79,0x07,0x00,0x2b,0x79,0x08,0x9c,0xd5,0xec,0xa2,0xb6,0xa5,0xa5,0xd8,0x79,0x78,0x22,0x78,0x2d,0x00,0x02,0x00,0x00,0x00,0x00,0x00,0x00,0x00,0x00,0x00,0x00,0x00,0x00,0x00,0x00,0x00,0x00,0x00,0x00,0x00,0x00,0x00,0x00,0x00,0x00,0x00,0x00,0x00,0x00,0x00,0x00,0x00,0x00,0x00,0x00,0x00,0x00,0x00,0x00,0x00,0x00,0x00,0x00,0x00,0x00,0x00,0x00,0x00,0x00,0x00,0x00,0x00,
    0x00,0x00,0x00,0x00,0x00,0x00,0x00,0x00,0x00,0x00,0x00,0x00,0x00,0x00,0x00,0x00,0x00,0x00,0x00,0x00,0x00,0x00,0x00,0x00,0x00,0x00,0x00,0x00,0x00,0x00,0x00,0x00,0x00,0x00,0x00,0x00,0x00,0x00,0x00,0x00,0x00,0x00,0x00,0x00,0x00,0x00,0x00,0x00,0x00,0x00,0x00,0x00,0x00,0x00,0x00,0x00,0x02,0x00,0x1d,0x79,0x22,0x79,0x82,0x82,0xd8,0xbe,0xbe,0xd6,0xb9,0x82,0x87,0x7b,0x78,0x23,0x00,0x2b,0x79,0x22,0x87,0x82,0xb6,0xbe,0xd6,0xa5,0x7b,0x82,0x80,0x79,0x22,0x78,0x2d,0x00,0x02,0x00,0x00,0x00,0x00,0x00,0x00,0x00,0x00,0x00,0x00,0x00,0x00,0x00,0x00,0x00,0x00,0x00,0x00,0x00,0x00,0x00,0x00,0x00,0x00,0x00,0x00,0x00,0x00,0x00,0x00,0x00,0x00,0x00,0x00,0x00,0x00,0x00,0x00,0x00,0x00,0x00,0x00,0x00,0x00,0x00,0x00,0x00,0x00,0x00,0x00,0x00,
    0x00,0x00,0x00,0x00,0x00,0x00,0x00,0x00,0x00,0x00,0x00,0x00,0x00,0x00,0x00,0x00,0x00,0x00,0x00,0x00,0x00,0x00,0x00,0x00,0x00,0x00,0x00,0x00,0x00,0x00,0x00,0x00,0x00,0x00,0x00,0x00,0x00,0x00,0x00,0x00,0x00,0x00,0x00,0x00,0x00,0x00,0x00,0x00,0x00,0x00,0x00,0x00,0x00,0x00,0x00,0x00,0x02,0x01,0x19,0x79,0x22,0x80,0xb9,0xa5,0xbe,0xa2,0xb6,0xa5,0xed,0xa2,0x9c,0x08,0x79,0x1d,0x00,0x2b,0x7b,0x08,0xb9,0xa5,0xd6,0xa2,0xb6,0xa5,0xbe,0xa2,0x7e,0x80,0x22,0x78,0x2d,0x00,0x02,0x00,0x00,0x00,0x00,0x00,0x00,0x00,0x00,0x00,0x00,0x00,0x00,0x00,0x00,0x00,0x00,0x00,0x00,0x00,0x00,0x00,0x00,0x00,0x00,0x00,0x00,0x00,0x00,0x00,0x00,0x00,0x00,0x00,0x00,0x00,0x00,0x00,0x00,0x00,0x00,0x00,0x00,0x00,0x00,0x00,0x00,0x00,0x00,0x00,0x00,0x00,
    0x00,0x00,0x00,0x00,0x00,0x00,0x00,0x00,0x00,0x00,0x00,0x00,0x00,0x00,0x00,0x00,0x00,0x00,0x00,0x00,0x00,0x00,0x00,0x00,0x00,0x00,0x00,0x00,0x00,0x00,0x00,0x00,0x00,0x00,0x00,0x00,0x00,0x00,0x00,0x00,0x00,0x00,0x00,0x00,0x00,0x00,0x00,0x00,0x00,0x00,0x00,0x00,0x00,0x00,0x00,0x00,0x03,0x00,0x2c,0x79,0x22,0x87,0xb0,0xc8,0xd5,0xdf,0xa5,0xb0,0xc8,0xb0,0xd8,0x08,0x7b,0x1d,0x01,0x2b,0x7f,0x80,0xb0,0xa2,0xd5,0xb0,0xa5,0xb0,0xc8,0xec,0xb6,0x87,0x22,0x78,0x2d,0x00,0x02,0x00,0x00,0x00,0x00,0x00,0x00,0x00,0x00,0x00,0x00,0x00,0x00,0x00,0x00,0x00,0x00,0x00,0x00,0x00,0x00,0x00,0x00,0x00,0x00,0x00,0x00,0x00,0x00,0x00,0x00,0x00,0x00,0x00,0x00,0x00,0x00,0x00,0x00,0x00,0x00,0x00,0x00,0x00,0x00,0x00,0x00,0x00,0x00,0x00,0x00,0x00,
    0x00,0x00,0x00,0x00,0x00,0x00,0x00,0x00,0x00,0x00,0x00,0x00,0x00,0x00,0x00,0x00,0x00,0x00,0x00,0x00,0x00,0x00,0x00,0x00,0x00,0x00,0x00,0x00,0x00,0x00,0x00,0x00,0x00,0x00,0x00,0x00,0x00,0x00,0x00,0x00,0x00,0x00,0x00,0x00,0x00,0x00,0x00,0x00,0x00,0x00,0x00,0x00,0x00,0x00,0x00,0x00,0x00,0x3c,0x2e,0x78,0x06,0x79,0x87,0x87,0x87,0x87,0x82,0x87,0x87,0x82,0x80,0x22,0x79,0x1c,0x3c,0x2e,0x78,0x06,0x87,0x87,0x80,0x87,0x87,0x87,0x87,0x82,0x80,0x78,0x22,0x79,0x2d,0x00,0x02,0x00,0x00,0x00,0x00,0x00,0x00,0x00,0x00,0x00,0x00,0x00,0x00,0x00,0x00,0x00,0x00,0x00,0x00,0x00,0x00,0x00,0x00,0x00,0x00,0x00,0x00,0x00,0x00,0x00,0x00,0x00,0x00,0x00,0x00,0x00,0x00,0x00,0x00,0x00,0x00,0x00,0x00,0x00,0x00,0x00,0x00,0x00,0x00,0x00,0x00,0x00,
    0x00,0x00,0x00,0x00,0x00,0x00,0x00,0x00,0x00,0x00,0x00,0x00,0x00,0x00,0x00,0x00,0x00,0x00,0x00,0x00,0x00,0x00,0x00,0x00,0x00,0x00,0x00,0x00,0x00,0x00,0x00,0x00,0x00,0x00,0x00,0x00,0x00,0x00,0x00,0x00,0x00,0x00,0x00,0x00,0x00,0x00,0x00,0x00,0x00,0x00,0x00,0x00,0x00,0x00,0x00,0x02,0x00,0x10,0x06,0x22,0x78,0x78,0x79,0x79,0x79,0x7b,0x7b,0x7b,0x79,0x7b,0x79,0x78,0x78,0x37,0x19,0x06,0x06,0x78,0x79,0x79,0x79,0x7b,0x7b,0x7b,0x79,0x7b,0x79,0x78,0x22,0x79,0x2c,0x00,0x02,0x00,0x00,0x00,0x00,0x00,0x00,0x00,0x00,0x00,0x00,0x00,0x00,0x00,0x00,0x00,0x00,0x00,0x00,0x00,0x00,0x00,0x00,0x00,0x00,0x00,0x00,0x00,0x00,0x00,0x00,0x00,0x00,0x00,0x00,0x00,0x00,0x00,0x00,0x00,0x00,0x00,0x00,0x00,0x00,0x00,0x00,0x00,0x00,0x00,0x00,0x00,
    0x00,0x00,0x00,0x00,0x00,0x00,0x00,0x00,0x00,0x00,0x00,0x00,0x00,0x00,0x00,0x00,0x00,0x00,0x00,0x00,0x00,0x00,0x00,0x00,0x00,0x00,0x00,0x00,0x00,0x00,0x00,0x00,0x00,0x00,0x00,0x00,0x00,0x00,0x00,0x00,0x00,0x00,0x00,0x00,0x00,0x00,0x00,0x00,0x00,0x00,0x00,0x00,0x00,0x00,0x00,0x02,0x00,0x10,0x78,0x22,0x78,0x78,0x78,0x78,0x78,0x78,0x78,0x78,0x78,0x78,0x78,0x78,0x78,0x06,0x2c,0x78,0x06,0x78,0x78,0x78,0x78,0x78,0x78,0x78,0x78,0x78,0x78,0x78,0x22,0x79,0x2c,0x00,0x02,0x00,0x00,0x00,0x00,0x00,0x00,0x00,0x00,0x00,0x00,0x00,0x00,0x00,0x00,0x00,0x00,0x00,0x00,0x00,0x00,0x00,0x00,0x00,0x00,0x00,0x00,0x00,0x00,0x00,0x00,0x00,0x00,0x00,0x00,0x00,0x00,0x00,0x00,0x00,0x00,0x00,0x00,0x00,0x00,0x00,0x00,0x00,0x00,0x00,0x00,0x00,
    0x00,0x00,0x00,0x00,0x00,0x00,0x00,0x00,0x00,0x00,0x00,0x00,0x00,0x00,0x00,0x00,0x00,0x00,0x00,0x00,0x00,0x00,0x00,0x00,0x00,0x00,0x00,0x00,0x00,0x00,0x00,0x00,0x00,0x00,0x00,0x00,0x00,0x00,0x00,0x00,0x00,0x00,0x00,0x00,0x00,0x00,0x00,0x00,0x00,0x00,0x00,0x00,0x00,0x00,0x00,0x02,0x00,0x10,0x06,0x22,0x78,0x78,0x78,0x78,0x78,0x78,0x78,0x78,0x78,0x78,0x78,0x78,0x78,0x78,0x80,0x78,0x78,0x78,0x78,0x78,0x78,0x78,0x78,0x78,0x78,0x78,0x78,0x78,0x22,0x79,0x2c,0x00,0x02,0x00,0x00,0x00,0x00,0x00,0x00,0x00,0x00,0x00,0x00,0x00,0x00,0x00,0x00,0x00,0x00,0x00,0x00,0x00,0x00,0x00,0x00,0x00,0x00,0x00,0x00,0x00,0x00,0x00,0x00,0x00,0x00,0x00,0x00,0x00,0x00,0x00,0x00,0x00,0x00,0x00,0x00,0x00,0x00,0x00,0x00,0x00,0x00,0x00,0x00,0x00,
    0x00,0x00,0x00,0x00,0x00,0x00,0x00,0x00,0x00,0x00,0x00,0x00,0x00,0x00,0x00,0x00,0x00,0x00,0x00,0x00,0x00,0x00,0x00,0x00,0x00,0x00,0x00,0x00,0x00,0x00,0x00,0x00,0x00,0x00,0x00,0x00,0x00,0x00,0x00,0x00,0x00,0x00,0x00,0x00,0x00,0x00,0x00,0x00,0x00,0x00,0x00,0x00,0x00,0x00,0x00,0x02,0x00,0x10,0x78,0x22,0x78,0x78,0x78,0x78,0x78,0x78,0x78,0x78,0x78,0x78,0x78,0x78,0x78,0x06,0x80,0x78,0x78,0x78,0x78,0x78,0x78,0x78,0x78,0x78,0x78,0x78,0x78,0x78,0x22,0x79,0x2c,0x00,0x02,0x00,0x00,0x00,0x00,0x00,0x00,0x00,0x00,0x00,0x00,0x00,0x00,0x00,0x00,0x00,0x00,0x00,0x00,0x00,0x00,0x00,0x00,0x00,0x00,0x00,0x00,0x00,0x00,0x00,0x00,0x00,0x00,0x00,0x00,0x00,0x00,0x00,0x00,0x00,0x00,0x00,0x00,0x00,0x00,0x00,0x00,0x00,0x00,0x00,0x00,0x00,
    0x00,0x00,0x00,0x00,0x00,0x00,0x00,0x00,0x00,0x00,0x00,0x00,0x00,0x00,0x00,0x00,0x00,0x00,0x00,0x00,0x00,0x00,0x00,0x00,0x00,0x00,0x00,0x00,0x00,0x00,0x00,0x00,0x00,0x00,0x00,0x00,0x00,0x00,0x00,0x00,0x00,0x00,0x00,0x00,0x00,0x00,0x00,0x00,0x00,0x00,0x00,0x00,0x00,0x00,0x00,0x03,0x00,0x23,0x37,0x22,0x7f,0x7e,0x7f,0x7b,0x78,0x78,0x78,0x78,0x78,0x78,0x78,0x78,0x06,0x06,0x1c,0x06,0x06,0x78,0x78,0x78,0x79,0x7b,0x7b,0x7b,0x7b,0x7b,0x79,0x78,0x22,0x06,0x1d,0x00,0x02,0x00,0x00,0x00,0x00,0x00,0x00,0x00,0x00,0x00,0x00,0x00,0x00,0x00,0x00,0x00,0x00,0x00,0x00,0x00,0x00,0x00,0x00,0x00,0x00,0x00,0x00,0x00,0x00,0x00,0x00,0x00,0x00,0x00,0x00,0x00,0x00,0x00,0x00,0x00,0x00,0x00,0x00,0x00,0x00,0x00,0x00,0x00,0x00,0x00,0x00,0x00,
    0x00,0x00,0x00,0x00,0x00,0x00,0x00,0x00,0x00,0x00,0x00,0x00,0x00,0x00,0x00,0x00,0x00,0x00,0x00,0x00,0x00,0x00,0x00,0x00,0x00,0x00,0x00,0x00,0x00,0x00,0x00,0x00,0x00,0x00,0x00,0x00,0x00,0x00,0x00,0x00,0x00,0x00,0x00,0x00,0x00,0x00,0x00,0x00,0x00,0x00,0x00,0x00,0x00,0x00,0x00,0x00,0x01,0x00,0x1c,0x8c,0x0e,0x0e,0x8c,0x8c,0x7e,0x79,0x78,0x78,0x7b,0x7f,0x0e,0x0e,0x7e,0x14,0x2d,0x79,0x0e,0x0e,0x7e,0x7f,0x7e,0x8c,0x8c,0x8c,0x8c,0x8c,0x0e,0x0e,0x7e,0x78,0x23,0x00,0x02,0x00,0x00,0x00,0x00,0x00,0x00,0x00,0x00,0x00,0x00,0x00,0x00,0x00,0x00,0x00,0x00,0x00,0x00,0x00,0x00,0x00,0x00,0x00,0x00,0x00,0x00,0x00,0x00,0x00,0x00,0x00,0x00,0x00,0x00,0x00,0x00,0x00,0x00,0x00,0x00,0x00,0x00,0x00,0x00,0x00,0x00,0x00,0x00,0x00,0x00,0x00,
    0x00,0x00,0x00,0x00,0x00,0x00,0x00,0x00,0x00,0x00,0x00,0x00,0x00,0x00,0x00,0x00,0x00,0x00,0x00,0x00,0x00,0x00,0x00,0x00,0x00,0x00,0x00,0x00,0x00,0x00,0x00,0x00,0x00,0x00,0x00,0x00,0x00,0x00,0x00,0x00,0x00,0x00,0x00,0x00,0x00,0x00,0x00,0x00,0x00,0x00,0x00,0x00,0x00,0x00,0x00,0x00,0x03,0x03,0x23,0x2e,0x8c,0x8c,0x8c,0x8c,0x8c,0x8c,0x7e,0x7e,0x8c,0x8c,0x8c,0x8c,0x22,0x2d,0x00,0x1c,0x7e,0x8c,0x8c,0x8c,0x8c,0x8c,0x8c,0x8c,0x8c,0x8c,0x8c,0x8c,0x7f,0x1d,0x00,0x03,0x00,0x00,0x00,0x00,0x00,0x00,0x00,0x00,0x00,0x00,0x00,0x00,0x00,0x00,0x00,0x00,0x00,0x00,0x00,0x00,0x00,0x00,0x00,0x00,0x00,0x00,0x00,0x00,0x00,0x00,0x00,0x00,0x00,0x00,0x00,0x00,0x00,0x00,0x00,0x00,0x00,0x00,0x00,0x00,0x00,0x00,0x00,0x00,0x00,0x00,0x00,0x00,
    0x00,0x00,0x00,0x00,0x00,0x00,0x00,0x00,0x00,0x00,0x00,0x00,0x00,0x00,0x00,0x00,0x00,0x00,0x00,0x00,0x00,0x00,0x00,0x00,0x00,0x00,0x00,0x00,0x00,0x00,0x00,0x00,0x00,0x00,0x00,0x00,0x00,0x00,0x00,0x00,0x00,0x00,0x00,0x00,0x00,0x00,0x00,0x00,0x00,0x00,0x00,0x00,0x00,0x00,0x00,0x00,0x00,0x01,0x00,0x3c,0x19,0x2c,0x6f,0x7f,0x7b,0x7b,0x7f,0x7f,0x7b,0x8c,0x1c,0x19,0x23,0x00,0x03,0x3c,0x1d,0x2c,0x2e,0x7f,0x7b,0x7b,0x79,0x7b,0x7b,0x0e,0x2c,0x2d,0x23,0x00,0x03,0x00,0x00,0x00,0x00,0x00,0x00,0x00,0x00,0x00,0x00,0x00,0x00,0x00,0x00,0x00,0x00,0x00,0x00,0x00,0x00,0x00,0x00,0x00,0x00,0x00,0x00,0x00,0x00,0x00,0x00,0x00,0x00,0x00,0x00,0x00,0x00,0x00,0x00,0x00,0x00,0x00,0x00,0x00,0x00,0x00,0x00,0x00,0x00,0x00,0x00,0x00,0x00,0x00,
    0x00,0x00,0x00,0x00,0x00,0x00,0x00,0x00,0x00,0x00,0x00,0x00,0x00,0x00,0x00,0x00,0x00,0x00,0x00,0x00,0x00,0x00,0x00,0x00,0x00,0x00,0x00,0x00,0x00,0x00,0x00,0x00,0x00,0x00,0x00,0x00,0x00,0x00,0x00,0x00,0x00,0x00,0x00,0x00,0x00,0x00,0x00,0x00,0x00,0x00,0x00,0x00,0x00,0x00,0x00,0x00,0x00,0x00,0x03,0x00,0x00,0x00,0x46,0x07,0x07,0x07,0x07,0x07,0x07,0x07,0x00,0x00,0x00,0x03,0x00,0x00,0x17,0x00,0x17,0x07,0x07,0x07,0x07,0x07,0x07,0x07,0x00,0x00,0x00,0x01,0x00,0x00,0x00,0x00,0x00,0x00,0x00,0x00,0x00,0x00,0x00,0x00,0x00,0x00,0x00,0x00,0x00,0x00,0x00,0x00,0x00,0x00,0x00,0x00,0x00,0x00,0x00,0x00,0x00,0x00,0x00,0x00,0x00,0x00,0x00,0x00,0x00,0x00,0x00,0x00,0x00,0x00,0x00,0x00,0x00,0x00,0x00,0x00,0x00,0x00,0x00,0x00,0x00,0x00,
    0x00,0x00,0x00,0x00,0x00,0x00,0x00,0x00,0x00,0x00,0x00,0x00,0x00,0x00,0x00,0x00,0x00,0x00,0x00,0x00,0x00,0x00,0x00,0x00,0x00,0x00,0x00,0x00,0x00,0x00,0x00,0x00,0x00,0x00,0x00,0x00,0x00,0x00,0x00,0x00,0x00,0x00,0x00,0x00,0x00,0x00,0x00,0x00,0x00,0x00,0x00,0x00,0x00,0x00,0x00,0x00,0x00,0x00,0x00,0x01,0x02,0x02,0x00,0x00,0x00,0x00,0x00,0x00,0x00,0x00,0x01,0x02,0x03,0x00,0x00,0x00,0x00,0x02,0x00,0x00,0x00,0x00,0x00,0x00,0x00,0x00,0x02,0x02,0x02,0x00,0x00,0x00,0x00,0x00,0x00,0x00,0x00,0x00,0x00,0x00,0x00,0x00,0x00,0x00,0x00,0x00,0x00,0x00,0x00,0x00,0x00,0x00,0x00,0x00,0x00,0x00,0x00,0x00,0x00,0x00,0x00,0x00,0x00,0x00,0x00,0x00,0x00,0x00,0x00,0x00,0x00,0x00,0x00,0x00,0x00,0x00,0x00,0x00,0x00,0x00,0x00,0x00,0x00,0x00,

};

const lv_image_dsc_t passport_pet_waiting_1 = {
  .header = {
    .magic = LV_IMAGE_HEADER_MAGIC,
    .cf = LV_COLOR_FORMAT_I8,
    .flags = 0,
    .w = 144,
    .h = 156,
    .stride = 144,
    .reserved_2 = 0,
  },
  .data_size = sizeof(passport_pet_waiting_1_map),
  .data = passport_pet_waiting_1_map,
  .reserved = NULL,
};
