
#if defined(LV_LVGL_H_INCLUDE_SIMPLE)
#include "lvgl.h"
#elif defined(LV_LVGL_H_INCLUDE_SYSTEM)
#include <lvgl.h>
#elif defined(LV_BUILD_TEST)
#include "../lvgl.h"
#else
#include "lvgl/lvgl.h"
#endif

#ifndef LV_ATTRIBUTE_MEM_ALIGN
#define LV_ATTRIBUTE_MEM_ALIGN
#endif

#ifndef LV_ATTRIBUTE_PASSPORT_PET_IDLE_2
#define LV_ATTRIBUTE_PASSPORT_PET_IDLE_2
#endif

static const
LV_ATTRIBUTE_MEM_ALIGN LV_ATTRIBUTE_LARGE_CONST LV_ATTRIBUTE_PASSPORT_PET_IDLE_2
uint8_t passport_pet_idle_2_map[] = {

    0x4c,0x70,0x47,0x00,0x20,0x00,0x16,0x01,0x13,0x13,0x18,0x03,0x98,0xab,0xb9,0x01,
    0xaf,0xc7,0xce,0x03,0x15,0x14,0x15,0xfc,0x61,0x68,0x69,0x03,0x8a,0xa8,0xb2,0x05,
    0x90,0xa6,0xba,0xff,0x0e,0x0d,0x0c,0x27,0x34,0x2d,0x29,0x10,0x0f,0x0d,0x0c,0x62,
    0x0f,0x0e,0x0f,0xfb,0x0b,0x0a,0x0b,0xfb,0xd6,0x7c,0x03,0xfe,0xd0,0xda,0xe7,0xfe,
    0x2a,0x27,0x2e,0xfd,0x2b,0x24,0x22,0x0a,0x0c,0x0b,0x0c,0xf1,0xa4,0x64,0x0d,0xfe,
    0x86,0x9b,0xaf,0xfc,0xbb,0xd0,0xe6,0xfe,0x0c,0x0b,0x0b,0xa6,0x0c,0x0a,0x0b,0x77,
    0x0c,0x0a,0x0b,0x4d,0xde,0xe7,0xf4,0xfe,0x14,0x10,0x0e,0x3b,0x1f,0x1e,0x1d,0x1e,
    0xc1,0x79,0x11,0xfe,0x7c,0x8f,0x9c,0x29,0x0c,0x0b,0x0b,0xcb,0xcb,0xea,0xff,0xff,
    0x93,0xad,0xc0,0xfd,0x09,0x08,0x0a,0x8b,0x58,0x5c,0x60,0x1b,0x67,0x79,0x88,0x3e,
    0x69,0x7d,0x82,0x0a,0x7f,0x93,0xc6,0xfe,0x4e,0x52,0x56,0xaa,0x78,0x89,0x99,0xe9,
    0xaa,0xc3,0xd1,0x46,0x7b,0x8f,0x9e,0x9e,0x90,0xa8,0xb5,0x11,0x0c,0x0b,0x0c,0xe6,
    0xcc,0x8a,0x00,0x03,0x64,0x71,0x80,0xa6,0x49,0x54,0x61,0xe0,0x96,0xb0,0xc0,0xd4,
    0xb2,0xcd,0xd5,0x14,0xb3,0xc9,0xd8,0xaa,0xb7,0x6f,0x08,0xfb,0x41,0x54,0x74,0xfe,
    0x92,0xaa,0xb8,0x3f,0x9f,0xba,0xc9,0xe4,0x0e,0x0c,0x0d,0xc1,0x0f,0x0d,0x0e,0xd8,
    0x33,0x38,0x41,0x5c,0x4e,0x55,0x5c,0x69,0x51,0x5b,0x68,0x55,0xa5,0xc0,0xce,0x61,
    0x73,0x8a,0xa6,0xfe,0xab,0x67,0x07,0x96,0x67,0x6f,0x77,0xbf,0x66,0x75,0x86,0xd6,
    0x51,0x5a,0x64,0xbe,0x65,0x75,0x81,0x7f,0xb0,0xcd,0xdb,0x8b,0x85,0x9b,0xac,0xd7,
    0x79,0x8c,0x9d,0xcd,0x9e,0xb8,0xc7,0x7d,0x45,0x56,0x61,0x2e,0x51,0x5b,0x65,0x8e,
    0xb2,0xc8,0xd8,0xe9,0x93,0xaa,0xba,0xad,0x85,0x9b,0xaf,0x77,0x97,0xab,0xbf,0x96,
    0x6f,0x84,0x93,0x72,0x77,0x8c,0x9a,0xab,0xa2,0x63,0x08,0x5c,0xc0,0xd6,0xe4,0xdb,
    0x82,0x97,0xa5,0x86,0xac,0xc5,0xd4,0xcb,0x68,0x7b,0x90,0xf8,0x5d,0x6e,0x86,0xfc,
    0xd4,0xe3,0xf2,0xb3,0xbd,0xd7,0xe5,0x68,0xbb,0xce,0xdc,0x29,0xe1,0x87,0x03,0xbd,
    0x47,0x4d,0x51,0x42,0xa5,0x65,0x08,0xd7,0x53,0x3d,0x23,0x6b,0x86,0x9d,0xac,0x60,
    0x40,0x42,0x46,0xc8,0x97,0x5a,0x05,0x27,0x31,0x2d,0x2b,0xcf,0x7f,0x91,0x9b,0x4d,
    0xbc,0xd3,0xde,0x0b,0x35,0x39,0x3c,0xd9,0x41,0x3f,0x3c,0x8c,0x42,0x2d,0x17,0xa3,
    0xe6,0x8b,0x02,0xfa,0x15,0x14,0x15,0xff,0xd2,0xe6,0xfb,0xff,0x16,0x15,0x16,0xff,
    0x0d,0x0d,0x0e,0xff,0xbc,0xe1,0xfb,0xff,0x11,0x10,0x11,0xff,0x10,0x0f,0x10,0xff,
    0x0a,0x0a,0x0b,0xff,0x06,0x07,0x09,0xff,0xd1,0xe4,0xfa,0xff,0x13,0x12,0x13,0xff,
    0xf3,0x96,0x01,0xff,0xba,0xe0,0xf9,0xff,0xd1,0xe3,0xf9,0xff,0xc3,0xe2,0xfa,0xff,
    0xe0,0xeb,0xfa,0xff,0xd5,0xe6,0xfa,0xff,0x18,0x16,0x17,0xff,0x01,0x02,0x03,0xff,
    0xd5,0xe8,0xfd,0xff,0xcb,0xe5,0xfc,0xff,0xd9,0xe8,0xfa,0xff,0xb8,0xdd,0xf7,0xff,
    0xf1,0x95,0x01,0xff,0xd8,0xea,0xfe,0xff,0xb5,0xda,0xf4,0xff,0xda,0xed,0xff,0xff,
    0xe6,0xf1,0xfd,0xff,0x27,0x22,0x24,0xff,0xdf,0xef,0xfe,0xff,0xdf,0xf4,0xff,0xff,
    0xb5,0xd5,0xeb,0xff,0xc8,0xd4,0xe2,0xff,0xc4,0xdf,0xf5,0xff,0xd2,0xe2,0xfb,0xff,
    0xbe,0xe5,0xfe,0xff,0xca,0xe3,0xfa,0xff,0xe8,0xf6,0xff,0xff,0xcf,0xde,0xf7,0xff,
    0x1c,0x1c,0x21,0xff,0xc2,0xe9,0xff,0xff,0xee,0x92,0x02,0xff,0xe4,0x88,0x02,0xff,
    0x20,0x15,0x16,0xff,0x25,0x1b,0x1c,0xff,0xef,0xfa,0xff,0xff,0xcb,0xd9,0xf4,0xff,
    0xfb,0x9d,0x01,0xff,0xeb,0x8e,0x01,0xff,0x80,0x47,0x52,0xff,0xd2,0xea,0xfe,0xff,
    0xa9,0xb6,0xc5,0xff,0xaf,0xcc,0xe1,0xff,0xd5,0xef,0xff,0xff,0x38,0x22,0x26,0xff,
    0xd9,0x84,0x05,0xff,0x93,0x4c,0x59,0xff,0x9f,0xbb,0xce,0xff,0xaa,0xc7,0xde,0xff,
    0x7f,0x95,0xa8,0xff,0xb3,0xc1,0xd0,0xff,0x9b,0xb5,0xc9,0xff,0x9e,0xab,0xba,0xff,
    0xf8,0x98,0x00,0xff,0xfe,0xa3,0x01,0xff,0xbe,0xdb,0xef,0xff,0xae,0xd0,0xe9,0xff,
    0x2e,0x1d,0x20,0xff,0x8d,0x93,0x9c,0xff,0xca,0xee,0xff,0xff,0xa4,0xc0,0xd3,0xff,
    0x75,0x40,0x4a,0xff,0xc1,0xce,0xda,0xff,0x96,0xb0,0xc4,0xff,0x7a,0x88,0x97,0xff,
    0xba,0xc8,0xd7,0xff,0x44,0x28,0x2e,0xff,0xf5,0x9a,0x02,0xff,0x98,0xa0,0xac,0xfe,
    0xc6,0xc9,0xf8,0xff,0x89,0xa0,0xb3,0xff,0x6c,0x78,0x8b,0xff,0xb6,0x69,0x03,0xff,
    0x70,0x81,0x96,0xff,0xa2,0xb9,0xfb,0xff,0xb5,0x40,0x06,0xff,0x92,0xaa,0xf6,0xff,
    0x62,0x3f,0x49,0xff,0xa0,0x54,0x63,0xff,0xf5,0xff,0xff,0xff,0x75,0x56,0x5a,0xff,
    0xd4,0xe0,0xef,0xff,0xc7,0xd5,0xf9,0xff,0xae,0xba,0xcd,0xff,0xaa,0xb2,0xba,0xff,
    0x5e,0x32,0x39,0xff,0xa3,0xc1,0xdd,0xff,0x4e,0x58,0x5a,0xff,0x80,0x81,0x86,0xff,
    0x62,0x69,0x73,0xff,0x3b,0x21,0x0d,0xff,0xb2,0xc5,0xf3,0xff,0x4f,0x62,0x94,0xff,
    0xbf,0xcf,0xf6,0xff,0x50,0x2c,0x33,0xff,0xce,0x70,0x03,0xff,0xc7,0x62,0x04,0xff,
    0xe1,0x61,0x6f,0xff,0xa9,0x36,0x09,0xff,0x68,0x3a,0x42,0xff,0xda,0x8b,0x06,0xff,
    0x68,0x3f,0x0c,0xff,0xf6,0x92,0x00,0xff,0xaf,0x60,0x6e,0xff,0xb7,0x56,0x05,0xff,
    0x3f,0x45,0x56,0xff,0x83,0x67,0x3c,0xff,0x6b,0x81,0xb6,0xff,0xc3,0x68,0x79,0xff,
    0xad,0xa5,0xa1,0xff,0xae,0x75,0x24,0xff,0xb4,0x45,0x52,0xff,0x97,0x7b,0x5d,0xff,
    0x61,0x2a,0x0e,0xff,0xd3,0x71,0x83,0xff,0x34,0x38,0x44,0xff,0xad,0x8a,0x58,0xff,
    0x50,0x74,0xa9,0xff,0x89,0x5f,0x21,0xff,0x9f,0x6c,0x35,0xff,0x21,0x6a,0x83,0xff,
    0x9f,0x87,0x8a,0xff,0x82,0x9d,0xde,0xff,0x70,0x49,0x31,0xff,0xff,0xad,0x02,0xff,
    0x84,0x76,0x7c,0xff,0x84,0x51,0x0c,0xff,0x9c,0x3c,0x01,0xff,0xac,0x98,0x79,0xff,
    0x97,0x51,0x1c,0xff,0x7a,0x68,0x64,0xff,0x7c,0x6f,0x76,0xff,0x10,0xb0,0xde,0xff,
    0x12,0xda,0xff,0xff,0x84,0x30,0x07,0xff,0x9a,0xb0,0xe4,0xff,0x8b,0x42,0x1b,0xff,
    0x8d,0x32,0x3a,0xff,0xc2,0x51,0x61,0xff,0x42,0x61,0xba,0xff,0xec,0x82,0x94,0xff,
    0x39,0x80,0x84,0xff,0xd7,0x92,0x21,0xff,0x0a,0x9a,0xcc,0xff,0x04,0xa2,0xd8,0xff,

    0x00,0x00,0x00,0x00,0x00,0x00,0x00,0x00,0x00,0x00,0x00,0x00,0x00,0x00,0x00,0x00,0x00,0x00,0x00,0x00,0x00,0x00,0x00,0x00,0x00,0x00,0x00,0x00,0x00,0x00,0x00,0x00,0x00,0x00,0x00,0x00,0x00,0x00,0x00,0x00,0x00,0x00,0x00,0x00,0x00,0x00,0x00,0x00,0x00,0x00,0x00,0x00,0x00,0x00,0x00,0x00,0x00,0x00,0x00,0x00,0x00,0x02,0x00,0x00,0x00,0x00,0x00,0x00,0x00,0x00,0x00,0x00,0x00,0x00,0x00,0x00,0x00,0x00,0x00,0x00,0x00,0x00,0x00,0x00,0x00,0x00,0x00,0x00,0x00,0x00,0x00,0x00,0x00,0x00,0x00,0x00,0x00,0x00,0x00,0x00,0x00,0x00,0x00,0x00,0x00,0x00,0x00,0x00,0x00,0x00,0x00,0x00,0x00,0x00,0x00,0x00,0x00,0x00,0x00,0x00,0x00,0x00,0x00,0x00,0x00,0x00,0x00,0x00,0x00,0x00,0x00,0x00,0x00,0x00,0x00,0x00,0x00,0x00,0x00,0x00,0x00,0x00,0x00,0x00,
    0x00,0x00,0x00,0x00,0x00,0x00,0x00,0x00,0x00,0x00,0x00,0x00,0x00,0x00,0x00,0x00,0x00,0x00,0x00,0x00,0x00,0x00,0x00,0x00,0x00,0x00,0x00,0x00,0x00,0x00,0x00,0x00,0x00,0x00,0x00,0x00,0x00,0x00,0x00,0x00,0x00,0x00,0x00,0x00,0x00,0x00,0x00,0x00,0x00,0x00,0x00,0x00,0x00,0x00,0x00,0x00,0x00,0x00,0x00,0x00,0x04,0x00,0x02,0x46,0x46,0x00,0x00,0x00,0x00,0x00,0x00,0x00,0x00,0x00,0x00,0x00,0x00,0x00,0x00,0x00,0x00,0x00,0x00,0x00,0x00,0x00,0x00,0x00,0x00,0x00,0x00,0x00,0x00,0x00,0x00,0x00,0x00,0x00,0x00,0x00,0x00,0x00,0x00,0x00,0x00,0x00,0x00,0x00,0x00,0x00,0x00,0x00,0x00,0x00,0x00,0x00,0x00,0x00,0x00,0x00,0x00,0x00,0x00,0x00,0x00,0x00,0x00,0x00,0x00,0x00,0x00,0x00,0x00,0x00,0x00,0x00,0x00,0x00,0x00,0x00,0x00,0x00,0x00,0x00,
    0x00,0x00,0x00,0x00,0x00,0x00,0x00,0x00,0x00,0x00,0x00,0x00,0x00,0x00,0x00,0x00,0x00,0x00,0x00,0x00,0x00,0x00,0x00,0x00,0x00,0x00,0x00,0x00,0x00,0x00,0x00,0x00,0x00,0x00,0x00,0x00,0x00,0x00,0x00,0x00,0x00,0x00,0x00,0x00,0x00,0x00,0x00,0x00,0x00,0x00,0x00,0x00,0x00,0x00,0x00,0x00,0x00,0x00,0x00,0x01,0x00,0x38,0x2e,0x2e,0x62,0x01,0x00,0x00,0x00,0x00,0x00,0x00,0x00,0x00,0x00,0x00,0x00,0x00,0x00,0x00,0x00,0x00,0x00,0x00,0x00,0x00,0x00,0x00,0x00,0x00,0x00,0x00,0x00,0x00,0x00,0x00,0x00,0x00,0x00,0x00,0x00,0x00,0x00,0x00,0x00,0x00,0x00,0x00,0x00,0x00,0x00,0x00,0x00,0x00,0x00,0x00,0x00,0x00,0x00,0x00,0x00,0x00,0x00,0x00,0x00,0x00,0x00,0x00,0x00,0x00,0x00,0x00,0x00,0x00,0x00,0x00,0x00,0x00,0x00,0x00,0x00,0x00,0x00,0x00,
    0x00,0x00,0x00,0x00,0x00,0x00,0x00,0x00,0x00,0x00,0x00,0x00,0x00,0x00,0x00,0x00,0x00,0x00,0x00,0x00,0x00,0x00,0x00,0x00,0x00,0x00,0x00,0x00,0x00,0x00,0x00,0x00,0x00,0x00,0x00,0x00,0x00,0x00,0x00,0x00,0x00,0x00,0x00,0x00,0x00,0x00,0x00,0x00,0x00,0x00,0x00,0x00,0x00,0x00,0x00,0x00,0x00,0x03,0x03,0x04,0x31,0x3c,0x26,0x11,0x00,0x01,0x00,0x00,0x00,0x00,0x00,0x00,0x00,0x00,0x00,0x00,0x00,0x00,0x00,0x00,0x00,0x00,0x00,0x00,0x00,0x00,0x00,0x00,0x00,0x00,0x00,0x00,0x00,0x00,0x00,0x00,0x00,0x00,0x00,0x00,0x00,0x00,0x00,0x00,0x00,0x00,0x00,0x00,0x00,0x00,0x00,0x00,0x00,0x00,0x00,0x00,0x00,0x00,0x00,0x00,0x00,0x00,0x00,0x00,0x00,0x00,0x00,0x00,0x00,0x00,0x00,0x00,0x00,0x00,0x00,0x00,0x00,0x00,0x00,0x00,0x00,0x00,0x00,0x00,
    0x00,0x00,0x00,0x00,0x00,0x00,0x00,0x00,0x00,0x00,0x00,0x00,0x00,0x00,0x00,0x00,0x00,0x00,0x00,0x00,0x00,0x00,0x00,0x00,0x00,0x00,0x00,0x00,0x00,0x00,0x00,0x00,0x00,0x00,0x00,0x00,0x00,0x00,0x00,0x00,0x00,0x00,0x00,0x00,0x00,0x00,0x00,0x00,0x00,0x00,0x00,0x00,0x00,0x00,0x00,0x00,0x00,0x06,0x00,0x4c,0xab,0x51,0x00,0x00,0x02,0x00,0x00,0x00,0x00,0x00,0x00,0x00,0x00,0x00,0x00,0x00,0x00,0x00,0x00,0x00,0x00,0x00,0x00,0x00,0x00,0x00,0x00,0x00,0x00,0x00,0x00,0x00,0x00,0x00,0x00,0x00,0x00,0x00,0x00,0x00,0x00,0x00,0x00,0x00,0x00,0x00,0x00,0x00,0x00,0x00,0x00,0x00,0x00,0x00,0x00,0x00,0x00,0x00,0x00,0x00,0x00,0x00,0x00,0x00,0x00,0x00,0x00,0x00,0x00,0x00,0x00,0x00,0x00,0x00,0x00,0x00,0x00,0x00,0x00,0x00,0x00,0x00,0x00,0x00,
    0x00,0x00,0x00,0x00,0x00,0x00,0x00,0x00,0x00,0x00,0x00,0x00,0x00,0x00,0x00,0x00,0x00,0x00,0x00,0x00,0x00,0x00,0x00,0x00,0x00,0x00,0x00,0x00,0x00,0x00,0x00,0x00,0x00,0x00,0x00,0x00,0x00,0x00,0x00,0x00,0x00,0x00,0x00,0x00,0x00,0x00,0x00,0x00,0x00,0x00,0x00,0x00,0x00,0x00,0x00,0x00,0x03,0x01,0x22,0x52,0xb5,0x41,0x00,0x07,0x00,0x00,0x00,0x00,0x00,0x00,0x00,0x00,0x00,0x00,0x00,0x00,0x00,0x00,0x00,0x00,0x00,0x00,0x00,0x00,0x00,0x00,0x00,0x00,0x00,0x00,0x00,0x00,0x00,0x00,0x00,0x00,0x00,0x00,0x00,0x00,0x00,0x00,0x00,0x00,0x00,0x00,0x00,0x00,0x00,0x00,0x00,0x00,0x00,0x00,0x00,0x00,0x00,0x00,0x00,0x00,0x00,0x00,0x00,0x00,0x00,0x00,0x00,0x00,0x00,0x00,0x00,0x00,0x00,0x00,0x00,0x00,0x00,0x00,0x00,0x00,0x00,0x00,0x00,0x00,
    0x00,0x00,0x00,0x00,0x00,0x00,0x00,0x00,0x00,0x00,0x00,0x00,0x00,0x00,0x00,0x00,0x00,0x00,0x00,0x00,0x00,0x00,0x00,0x00,0x00,0x00,0x00,0x00,0x00,0x00,0x00,0x00,0x00,0x00,0x00,0x00,0x00,0x00,0x00,0x00,0x00,0x00,0x00,0x00,0x00,0x00,0x00,0x00,0x00,0x00,0x00,0x00,0x00,0x00,0x00,0x00,0x07,0x00,0x4c,0xb5,0x88,0x45,0x01,0x07,0x00,0x00,0x00,0x00,0x00,0x00,0x00,0x00,0x00,0x00,0x00,0x00,0x00,0x00,0x00,0x00,0x00,0x00,0x00,0x00,0x00,0x00,0x00,0x00,0x00,0x00,0x00,0x00,0x00,0x00,0x00,0x00,0x00,0x00,0x00,0x00,0x00,0x00,0x00,0x00,0x00,0x00,0x00,0x00,0x00,0x00,0x00,0x00,0x00,0x00,0x00,0x00,0x00,0x00,0x00,0x00,0x00,0x00,0x00,0x00,0x00,0x00,0x00,0x00,0x00,0x00,0x00,0x00,0x00,0x00,0x00,0x00,0x00,0x00,0x00,0x00,0x00,0x00,0x00,0x00,
    0x00,0x00,0x00,0x00,0x00,0x00,0x00,0x00,0x00,0x00,0x00,0x00,0x00,0x00,0x00,0x00,0x00,0x00,0x00,0x00,0x00,0x00,0x00,0x00,0x00,0x00,0x00,0x00,0x00,0x00,0x00,0x00,0x00,0x00,0x00,0x00,0x00,0x00,0x00,0x00,0x00,0x00,0x00,0x00,0x00,0x00,0x00,0x00,0x00,0x00,0x00,0x00,0x00,0x00,0x00,0x00,0x07,0x00,0x45,0xa6,0x9e,0x41,0x03,0x06,0x00,0x00,0x00,0x00,0x00,0x00,0x00,0x00,0x00,0x00,0x00,0x00,0x00,0x00,0x00,0x00,0x00,0x00,0x00,0x00,0x00,0x00,0x00,0x00,0x00,0x00,0x00,0x00,0x00,0x00,0x00,0x00,0x00,0x00,0x00,0x00,0x00,0x00,0x00,0x00,0x00,0x00,0x00,0x00,0x00,0x00,0x00,0x00,0x00,0x00,0x00,0x00,0x00,0x00,0x00,0x00,0x00,0x00,0x00,0x00,0x00,0x00,0x00,0x00,0x00,0x00,0x00,0x00,0x00,0x00,0x00,0x00,0x00,0x00,0x00,0x00,0x00,0x00,0x00,0x00,
    0x00,0x00,0x00,0x00,0x00,0x00,0x00,0x00,0x00,0x00,0x00,0x00,0x00,0x00,0x00,0x00,0x00,0x00,0x00,0x00,0x00,0x00,0x00,0x00,0x00,0x00,0x00,0x00,0x00,0x00,0x00,0x00,0x00,0x00,0x00,0x00,0x00,0x00,0x00,0x00,0x00,0x00,0x00,0x00,0x00,0x00,0x00,0x00,0x00,0x00,0x00,0x00,0x00,0x00,0x00,0x00,0x07,0x00,0x45,0x84,0xa2,0x29,0x00,0x04,0x00,0x00,0x00,0x00,0x00,0x00,0x00,0x00,0x00,0x00,0x00,0x00,0x00,0x00,0x00,0x00,0x00,0x00,0x00,0x00,0x00,0x00,0x00,0x00,0x00,0x00,0x00,0x00,0x00,0x00,0x00,0x00,0x00,0x00,0x00,0x00,0x00,0x00,0x00,0x00,0x00,0x00,0x00,0x00,0x00,0x00,0x00,0x00,0x00,0x00,0x00,0x00,0x00,0x00,0x00,0x00,0x00,0x00,0x00,0x00,0x00,0x00,0x00,0x00,0x00,0x00,0x00,0x00,0x00,0x00,0x00,0x00,0x00,0x00,0x00,0x00,0x00,0x00,0x00,0x00,
    0x00,0x00,0x00,0x00,0x00,0x00,0x00,0x00,0x00,0x00,0x00,0x00,0x00,0x00,0x00,0x00,0x00,0x00,0x00,0x00,0x00,0x00,0x00,0x00,0x00,0x00,0x00,0x00,0x00,0x00,0x00,0x00,0x00,0x00,0x00,0x00,0x00,0x00,0x00,0x00,0x00,0x00,0x00,0x00,0x00,0x00,0x00,0x00,0x00,0x00,0x00,0x00,0x00,0x00,0x00,0x00,0x03,0x00,0x1d,0x20,0x7b,0x35,0x24,0x03,0x03,0x00,0x00,0x00,0x01,0x03,0x06,0x02,0x07,0x04,0x04,0x04,0x04,0x07,0x06,0x02,0x03,0x01,0x00,0x00,0x00,0x00,0x00,0x00,0x00,0x00,0x00,0x00,0x00,0x00,0x00,0x00,0x00,0x00,0x00,0x00,0x00,0x00,0x00,0x00,0x00,0x00,0x00,0x00,0x00,0x00,0x00,0x00,0x00,0x00,0x00,0x00,0x00,0x00,0x00,0x00,0x00,0x00,0x00,0x00,0x00,0x00,0x00,0x00,0x00,0x00,0x00,0x00,0x00,0x00,0x00,0x00,0x00,0x00,0x00,0x00,0x00,0x00,0x00,0x00,
    0x00,0x00,0x00,0x00,0x00,0x00,0x00,0x00,0x00,0x00,0x00,0x00,0x00,0x00,0x00,0x00,0x00,0x00,0x00,0x00,0x00,0x00,0x00,0x00,0x00,0x00,0x00,0x00,0x00,0x00,0x00,0x00,0x00,0x00,0x00,0x00,0x00,0x00,0x00,0x00,0x00,0x00,0x00,0x00,0x00,0x00,0x00,0x00,0x00,0x00,0x00,0x00,0x00,0x00,0x00,0x00,0x01,0x03,0x2a,0x14,0xa7,0x99,0x29,0x00,0x00,0x07,0x06,0x06,0x00,0x00,0x00,0x00,0x00,0x00,0x00,0x00,0x00,0x00,0x00,0x00,0x00,0x00,0x06,0x04,0x01,0x00,0x00,0x00,0x00,0x00,0x00,0x00,0x00,0x00,0x00,0x00,0x00,0x00,0x00,0x00,0x00,0x00,0x00,0x00,0x00,0x00,0x00,0x00,0x00,0x00,0x00,0x00,0x00,0x00,0x00,0x00,0x00,0x00,0x00,0x00,0x00,0x00,0x00,0x00,0x00,0x00,0x00,0x00,0x00,0x00,0x00,0x00,0x00,0x00,0x00,0x00,0x00,0x00,0x00,0x00,0x00,0x00,0x00,0x00,
    0x00,0x00,0x00,0x00,0x00,0x00,0x00,0x00,0x00,0x00,0x00,0x00,0x00,0x00,0x00,0x00,0x00,0x00,0x00,0x00,0x00,0x00,0x00,0x00,0x00,0x00,0x00,0x00,0x00,0x00,0x00,0x00,0x00,0x00,0x00,0x00,0x00,0x00,0x00,0x00,0x00,0x00,0x00,0x00,0x00,0x00,0x00,0x00,0x00,0x00,0x00,0x00,0x00,0x00,0x00,0x00,0x00,0x04,0x00,0x5f,0x9e,0x7e,0x9f,0x4a,0x11,0x00,0x00,0x00,0x11,0x0a,0x46,0x38,0x5b,0x55,0x54,0x54,0x42,0x5b,0x39,0x3a,0x24,0x07,0x00,0x00,0x00,0x02,0x03,0x00,0x00,0x00,0x00,0x00,0x00,0x00,0x00,0x00,0x00,0x00,0x00,0x00,0x00,0x00,0x00,0x00,0x00,0x00,0x00,0x00,0x00,0x00,0x00,0x00,0x00,0x00,0x00,0x00,0x00,0x00,0x00,0x00,0x00,0x00,0x00,0x00,0x00,0x00,0x00,0x00,0x00,0x00,0x00,0x00,0x00,0x00,0x00,0x00,0x00,0x00,0x00,0x00,0x00,0x00,0x00,0x00,
    0x00,0x00,0x00,0x00,0x00,0x00,0x00,0x00,0x00,0x00,0x00,0x00,0x00,0x00,0x00,0x00,0x00,0x00,0x00,0x00,0x00,0x00,0x00,0x00,0x00,0x00,0x00,0x00,0x00,0x00,0x00,0x00,0x00,0x00,0x00,0x00,0x00,0x00,0x00,0x00,0x00,0x00,0x00,0x00,0x00,0x00,0x00,0x00,0x00,0x00,0x00,0x00,0x00,0x00,0x00,0x00,0x00,0x00,0x04,0x00,0x3b,0x20,0xa7,0xa0,0x43,0x29,0x2d,0x29,0x2f,0x27,0xae,0x14,0x99,0xaa,0xaa,0x9a,0xaa,0xa7,0x08,0xb5,0x27,0x43,0x29,0x23,0x04,0x00,0x00,0x04,0x03,0x00,0x00,0x00,0x00,0x00,0x00,0x00,0x00,0x00,0x00,0x00,0x00,0x00,0x00,0x00,0x00,0x00,0x00,0x00,0x00,0x00,0x00,0x00,0x00,0x00,0x00,0x00,0x00,0x00,0x00,0x00,0x00,0x00,0x00,0x00,0x00,0x00,0x00,0x00,0x00,0x00,0x00,0x00,0x00,0x00,0x00,0x00,0x00,0x00,0x00,0x00,0x00,0x00,0x00,0x00,
    0x00,0x00,0x00,0x00,0x00,0x00,0x00,0x00,0x00,0x00,0x00,0x00,0x00,0x00,0x00,0x00,0x00,0x00,0x00,0x00,0x00,0x00,0x00,0x00,0x00,0x00,0x00,0x00,0x00,0x00,0x00,0x00,0x00,0x00,0x00,0x00,0x00,0x00,0x00,0x00,0x00,0x00,0x00,0x00,0x00,0x00,0x00,0x00,0x00,0x00,0x00,0x00,0x00,0x00,0x00,0x01,0x06,0x06,0x04,0x00,0x00,0x23,0x3f,0x52,0x9e,0xa7,0x86,0x15,0x73,0x86,0x69,0x8d,0x7b,0x7b,0x7b,0x71,0x71,0x69,0x88,0x7b,0x7e,0xa7,0x9f,0x08,0x61,0x62,0x23,0x00,0x00,0x06,0x00,0x00,0x00,0x00,0x00,0x00,0x00,0x00,0x00,0x00,0x00,0x00,0x00,0x00,0x00,0x00,0x00,0x00,0x00,0x00,0x00,0x00,0x00,0x00,0x00,0x00,0x00,0x00,0x00,0x00,0x00,0x00,0x00,0x00,0x00,0x00,0x00,0x00,0x00,0x00,0x00,0x00,0x00,0x00,0x00,0x00,0x00,0x00,0x00,0x00,0x00,0x00,0x00,0x00,
    0x00,0x00,0x00,0x00,0x00,0x00,0x00,0x00,0x00,0x00,0x00,0x00,0x00,0x00,0x00,0x00,0x00,0x00,0x00,0x00,0x00,0x00,0x00,0x00,0x00,0x00,0x00,0x00,0x00,0x00,0x00,0x00,0x00,0x00,0x00,0x00,0x00,0x00,0x00,0x00,0x00,0x00,0x00,0x00,0x00,0x00,0x00,0x00,0x00,0x00,0x00,0x00,0x01,0x06,0x06,0x00,0x00,0x00,0x00,0x0a,0x1d,0x45,0x35,0x89,0x73,0x66,0x66,0x79,0x73,0x69,0x71,0x7b,0x7e,0x7e,0x7b,0x7b,0x71,0x7b,0x7e,0x7b,0x71,0x69,0x73,0x86,0x9e,0x14,0x08,0x49,0x2a,0x00,0x04,0x00,0x00,0x00,0x00,0x00,0x00,0x00,0x00,0x00,0x00,0x00,0x00,0x00,0x00,0x00,0x00,0x00,0x00,0x00,0x00,0x00,0x00,0x00,0x00,0x00,0x00,0x00,0x00,0x00,0x00,0x00,0x00,0x00,0x00,0x00,0x00,0x00,0x00,0x00,0x00,0x00,0x00,0x00,0x00,0x00,0x00,0x00,0x00,0x00,0x00,0x00,0x00,0x00,
    0x00,0x00,0x00,0x00,0x00,0x00,0x00,0x00,0x00,0x00,0x00,0x00,0x00,0x00,0x00,0x00,0x00,0x00,0x00,0x00,0x00,0x00,0x00,0x00,0x00,0x00,0x00,0x00,0x00,0x00,0x00,0x00,0x00,0x00,0x00,0x00,0x00,0x00,0x00,0x00,0x00,0x00,0x00,0x00,0x00,0x00,0x00,0x00,0x00,0x00,0x00,0x06,0x00,0x00,0x00,0x0a,0x3a,0x2d,0x4d,0x33,0x53,0xa6,0x73,0x7b,0x7b,0x7b,0x7b,0x71,0x71,0x71,0x71,0x7b,0x7b,0x7b,0x71,0x7b,0x7b,0x69,0x69,0x69,0x69,0x89,0x75,0x66,0x7f,0x1f,0x84,0xa6,0x43,0x38,0x00,0x03,0x03,0x00,0x00,0x00,0x00,0x00,0x00,0x00,0x00,0x00,0x00,0x00,0x00,0x00,0x00,0x00,0x00,0x00,0x00,0x00,0x00,0x00,0x00,0x00,0x00,0x00,0x00,0x00,0x00,0x00,0x00,0x00,0x00,0x00,0x00,0x00,0x00,0x00,0x00,0x00,0x00,0x00,0x00,0x00,0x00,0x00,0x00,0x00,0x00,0x00,0x00,0x00,
    0x00,0x00,0x00,0x00,0x00,0x00,0x00,0x00,0x00,0x00,0x00,0x00,0x00,0x00,0x00,0x00,0x00,0x00,0x00,0x00,0x00,0x00,0x00,0x00,0x00,0x00,0x00,0x00,0x00,0x00,0x00,0x00,0x00,0x00,0x00,0x00,0x00,0x00,0x00,0x00,0x00,0x00,0x00,0x00,0x00,0x00,0x00,0x00,0x00,0x00,0x06,0x00,0x11,0x3a,0x47,0x40,0x47,0x40,0xa0,0x9e,0xa7,0x88,0x7b,0x7e,0x7e,0x71,0x71,0x7b,0x71,0x69,0x69,0x7b,0x71,0x71,0x71,0x69,0x69,0x69,0x69,0x69,0x69,0x69,0x73,0x6e,0x72,0x73,0x89,0x78,0xa6,0x08,0x4b,0x00,0x00,0x03,0x00,0x00,0x00,0x00,0x00,0x00,0x00,0x00,0x00,0x00,0x00,0x00,0x00,0x00,0x00,0x00,0x00,0x00,0x00,0x00,0x00,0x00,0x00,0x00,0x00,0x00,0x00,0x00,0x00,0x00,0x00,0x00,0x00,0x00,0x00,0x00,0x00,0x00,0x00,0x00,0x00,0x00,0x00,0x00,0x00,0x00,0x00,0x00,0x00,0x00,
    0x00,0x00,0x00,0x00,0x00,0x00,0x00,0x00,0x00,0x00,0x00,0x00,0x00,0x00,0x00,0x00,0x00,0x00,0x00,0x00,0x00,0x00,0x00,0x00,0x00,0x00,0x00,0x00,0x00,0x00,0x00,0x00,0x00,0x00,0x00,0x00,0x00,0x00,0x00,0x00,0x00,0x00,0x00,0x00,0x00,0x00,0x00,0x00,0x01,0x03,0x00,0x58,0x40,0x3e,0x23,0x00,0x56,0x2f,0x99,0x82,0x66,0x73,0x89,0x89,0x73,0x69,0x69,0x69,0x71,0x69,0x69,0x69,0x71,0x69,0x71,0x69,0x71,0x71,0x69,0x69,0x69,0x69,0x69,0x69,0x89,0x89,0x73,0x89,0x75,0x1f,0x88,0x2f,0x22,0x00,0x04,0x00,0x00,0x00,0x00,0x00,0x00,0x00,0x00,0x00,0x00,0x00,0x00,0x00,0x00,0x00,0x00,0x00,0x00,0x00,0x00,0x00,0x00,0x00,0x00,0x00,0x00,0x00,0x00,0x00,0x00,0x00,0x00,0x00,0x00,0x00,0x00,0x00,0x00,0x00,0x00,0x00,0x00,0x00,0x00,0x00,0x00,0x00,0x00,0x00,
    0x00,0x00,0x00,0x00,0x00,0x00,0x00,0x00,0x00,0x00,0x00,0x00,0x00,0x00,0x00,0x00,0x00,0x00,0x00,0x00,0x00,0x00,0x00,0x00,0x00,0x00,0x00,0x00,0x00,0x00,0x00,0x00,0x00,0x00,0x00,0x00,0x00,0x00,0x00,0x00,0x00,0x00,0x00,0x00,0x00,0x00,0x00,0x01,0x00,0x00,0x26,0x5c,0x23,0x00,0x00,0x4c,0xab,0x7f,0x66,0x72,0x6e,0x75,0x66,0x75,0x89,0x69,0x69,0x69,0x69,0x69,0x69,0x69,0x69,0x69,0x69,0x69,0x7b,0x7b,0x71,0x69,0x69,0x69,0x69,0x69,0x69,0x69,0x69,0x69,0x69,0x73,0x89,0xa6,0x2f,0x30,0x00,0x04,0x00,0x00,0x00,0x00,0x00,0x00,0x00,0x00,0x00,0x00,0x00,0x00,0x00,0x00,0x00,0x00,0x00,0x00,0x00,0x00,0x00,0x00,0x00,0x00,0x00,0x00,0x00,0x00,0x00,0x00,0x00,0x00,0x00,0x00,0x00,0x00,0x00,0x00,0x00,0x00,0x00,0x00,0x00,0x00,0x00,0x00,0x00,0x00,
    0x00,0x00,0x00,0x00,0x00,0x00,0x00,0x00,0x00,0x00,0x00,0x00,0x00,0x00,0x00,0x00,0x00,0x00,0x00,0x00,0x00,0x00,0x00,0x00,0x00,0x00,0x00,0x00,0x00,0x00,0x00,0x00,0x00,0x00,0x00,0x00,0x00,0x00,0x00,0x00,0x00,0x00,0x00,0x00,0x00,0x00,0x03,0x00,0x02,0x40,0x47,0x04,0x00,0x00,0x4a,0x98,0xa6,0x89,0x6e,0x6e,0x6e,0x6e,0x6e,0x66,0x6e,0x73,0x69,0x69,0x7e,0x69,0x69,0x73,0x73,0x89,0x73,0x69,0x69,0x69,0x69,0x7e,0x7e,0x69,0x71,0x69,0x69,0x69,0x69,0x69,0x6e,0x66,0x6e,0x75,0x78,0x51,0x30,0x00,0x03,0x00,0x00,0x00,0x00,0x00,0x00,0x00,0x00,0x00,0x00,0x00,0x00,0x00,0x00,0x00,0x00,0x00,0x00,0x00,0x00,0x00,0x00,0x00,0x00,0x00,0x00,0x00,0x00,0x00,0x00,0x00,0x00,0x00,0x00,0x00,0x00,0x00,0x00,0x00,0x00,0x00,0x00,0x00,0x00,0x00,0x00,0x00,
    0x00,0x00,0x00,0x00,0x00,0x00,0x00,0x00,0x00,0x00,0x00,0x00,0x00,0x00,0x00,0x00,0x00,0x00,0x00,0x00,0x00,0x00,0x00,0x00,0x00,0x00,0x00,0x00,0x00,0x00,0x00,0x00,0x00,0x00,0x00,0x00,0x00,0x00,0x00,0x00,0x00,0x00,0x00,0x00,0x00,0x01,0x03,0x02,0x26,0x41,0x00,0x07,0x00,0x4a,0x9e,0x86,0x6e,0x6e,0x6e,0x6e,0x6e,0x6e,0x6e,0x6e,0x66,0x73,0x88,0x7e,0x08,0x79,0x71,0x69,0x69,0x69,0x69,0x71,0x71,0x71,0x69,0x84,0xa0,0x1f,0x71,0x89,0x89,0x6e,0x6e,0x6e,0x75,0x75,0x66,0x6e,0x75,0x86,0x44,0x22,0x03,0x03,0x00,0x00,0x00,0x00,0x00,0x00,0x00,0x00,0x00,0x00,0x00,0x00,0x00,0x00,0x00,0x00,0x00,0x00,0x00,0x00,0x00,0x00,0x00,0x00,0x00,0x00,0x00,0x00,0x00,0x00,0x00,0x00,0x00,0x00,0x00,0x00,0x00,0x00,0x00,0x00,0x00,0x00,0x00,0x00,0x00,0x00,
    0x00,0x00,0x00,0x00,0x00,0x00,0x00,0x00,0x00,0x00,0x00,0x00,0x00,0x00,0x00,0x00,0x00,0x00,0x00,0x00,0x00,0x00,0x00,0x00,0x00,0x00,0x00,0x00,0x00,0x00,0x00,0x00,0x00,0x00,0x00,0x00,0x00,0x00,0x00,0x00,0x00,0x00,0x00,0x00,0x01,0x00,0x02,0x26,0x58,0x00,0x24,0x00,0x3a,0xa3,0x89,0x66,0x6e,0x6e,0x66,0x66,0x6e,0x75,0x75,0x66,0x6e,0x72,0xaa,0xe4,0xa0,0xaa,0x7e,0x71,0x71,0x71,0x71,0x71,0x71,0x7b,0x7e,0x9a,0xb8,0x20,0x83,0x6e,0x6e,0x66,0x89,0x73,0x73,0x73,0x89,0x89,0x89,0x82,0xb0,0x40,0x00,0x07,0x00,0x00,0x00,0x00,0x00,0x00,0x00,0x00,0x00,0x00,0x00,0x00,0x00,0x00,0x00,0x00,0x00,0x00,0x00,0x00,0x00,0x00,0x00,0x00,0x00,0x00,0x00,0x00,0x00,0x00,0x00,0x00,0x00,0x00,0x00,0x00,0x00,0x00,0x00,0x00,0x00,0x00,0x00,0x00,0x00,0x00,
    0x00,0x00,0x00,0x00,0x00,0x00,0x00,0x00,0x00,0x00,0x00,0x00,0x00,0x00,0x00,0x00,0x00,0x00,0x00,0x00,0x00,0x00,0x00,0x00,0x00,0x00,0x00,0x00,0x00,0x00,0x00,0x00,0x00,0x00,0x00,0x00,0x00,0x00,0x00,0x00,0x00,0x00,0x00,0x00,0x06,0x02,0x40,0x39,0x00,0x24,0x01,0x1d,0x27,0x74,0x78,0x6e,0x6e,0x6e,0x6e,0x73,0x73,0x89,0x73,0x89,0x72,0x82,0xc5,0xcb,0xa1,0x7f,0x72,0x73,0x69,0x69,0x69,0x69,0x69,0x71,0x7e,0x8d,0x08,0xcb,0xe9,0x7f,0x66,0xa6,0x7e,0x71,0x73,0x71,0x7e,0x7e,0x73,0x8a,0x92,0xb0,0x41,0x00,0x04,0x00,0x00,0x00,0x00,0x00,0x00,0x00,0x00,0x00,0x00,0x00,0x00,0x00,0x00,0x00,0x00,0x00,0x00,0x00,0x00,0x00,0x00,0x00,0x00,0x00,0x00,0x00,0x00,0x00,0x00,0x00,0x00,0x00,0x00,0x00,0x00,0x00,0x00,0x00,0x00,0x00,0x00,0x00,0x00,0x00,
    0x00,0x00,0x00,0x00,0x00,0x00,0x00,0x00,0x00,0x00,0x00,0x00,0x00,0x00,0x00,0x00,0x00,0x00,0x00,0x00,0x00,0x00,0x00,0x00,0x00,0x00,0x00,0x00,0x00,0x00,0x00,0x00,0x00,0x00,0x00,0x00,0x00,0x00,0x00,0x00,0x00,0x00,0x00,0x07,0x00,0x47,0x47,0x00,0x02,0x03,0x07,0x27,0x19,0x92,0x72,0x6e,0x66,0x75,0x6e,0x89,0x6e,0x79,0x79,0x72,0x7d,0x84,0xb5,0xc2,0x99,0x7d,0x6e,0x75,0x75,0x73,0x69,0x69,0x69,0x71,0x7b,0x8d,0x9e,0x08,0x08,0x08,0x83,0xa6,0x20,0x79,0x66,0x89,0x86,0x86,0x66,0x82,0x92,0x8a,0xb3,0x1d,0x03,0x04,0x00,0x00,0x00,0x00,0x00,0x00,0x00,0x00,0x00,0x00,0x00,0x00,0x00,0x00,0x00,0x00,0x00,0x00,0x00,0x00,0x00,0x00,0x00,0x00,0x00,0x00,0x00,0x00,0x00,0x00,0x00,0x00,0x00,0x00,0x00,0x00,0x00,0x00,0x00,0x00,0x00,0x00,0x00,0x00,
    0x00,0x00,0x00,0x00,0x00,0x00,0x00,0x00,0x00,0x00,0x00,0x00,0x00,0x00,0x00,0x00,0x00,0x00,0x00,0x00,0x00,0x00,0x00,0x00,0x00,0x00,0x00,0x00,0x00,0x00,0x00,0x00,0x00,0x00,0x00,0x00,0x00,0x00,0x00,0x00,0x00,0x00,0x06,0x00,0x39,0x26,0x00,0x06,0x06,0x02,0x4d,0x0f,0x8a,0x66,0x6e,0x6e,0x80,0x7a,0x6e,0x6e,0x78,0xa6,0xa6,0x75,0x97,0xa0,0x0f,0xc2,0x99,0x78,0x6e,0x6e,0x73,0x71,0x69,0x69,0x69,0x69,0x69,0x88,0xa7,0x08,0x92,0xa3,0x9e,0x8a,0x20,0x99,0x97,0x7f,0x78,0x66,0x78,0x78,0x74,0x80,0x84,0x43,0x00,0x03,0x00,0x00,0x00,0x00,0x00,0x00,0x00,0x00,0x00,0x00,0x00,0x00,0x00,0x00,0x00,0x00,0x00,0x00,0x00,0x00,0x00,0x00,0x00,0x00,0x00,0x00,0x00,0x00,0x00,0x00,0x00,0x00,0x00,0x00,0x00,0x00,0x00,0x00,0x00,0x00,0x00,0x00,0x00,0x00,
    0x00,0x00,0x00,0x00,0x00,0x00,0x00,0x00,0x00,0x00,0x00,0x00,0x00,0x00,0x00,0x00,0x00,0x00,0x00,0x00,0x00,0x00,0x00,0x00,0x00,0x00,0x00,0x00,0x00,0x00,0x00,0x00,0x00,0x00,0x00,0x00,0x00,0x00,0x00,0x00,0x00,0x03,0x06,0x22,0x2e,0x22,0x03,0x06,0x00,0x3a,0x14,0x72,0x7a,0x73,0x89,0x6e,0x7a,0x6e,0x6e,0x66,0x78,0xa0,0x85,0x83,0x08,0x98,0x7f,0x08,0x99,0x88,0x69,0x69,0x73,0x73,0x73,0x69,0x69,0x69,0x69,0x69,0x84,0x14,0x93,0x8b,0xb5,0x84,0xa7,0x14,0x88,0x78,0x97,0x6e,0x66,0x6e,0x72,0x7d,0xc5,0x3c,0x5b,0x00,0x04,0x00,0x00,0x00,0x00,0x00,0x00,0x00,0x00,0x00,0x00,0x00,0x00,0x00,0x00,0x00,0x00,0x00,0x00,0x00,0x00,0x00,0x00,0x00,0x00,0x00,0x00,0x00,0x00,0x00,0x00,0x00,0x00,0x00,0x00,0x00,0x00,0x00,0x00,0x00,0x00,0x00,0x00,0x00,
    0x00,0x00,0x00,0x00,0x00,0x00,0x00,0x00,0x00,0x00,0x00,0x00,0x00,0x00,0x00,0x00,0x00,0x00,0x00,0x00,0x00,0x00,0x00,0x00,0x00,0x00,0x00,0x00,0x00,0x00,0x00,0x00,0x00,0x00,0x00,0x00,0x00,0x00,0x00,0x00,0x00,0x06,0x00,0x26,0x39,0x00,0x02,0x03,0x0a,0x3f,0x15,0x7d,0x75,0x6e,0x6e,0x78,0x79,0x89,0x8b,0x83,0x20,0x08,0x83,0x99,0xb5,0x8a,0x92,0x08,0xc5,0x97,0x73,0x6e,0x66,0x66,0x6e,0x6e,0x89,0x89,0x89,0x79,0x86,0x14,0x8b,0x8b,0x93,0xa0,0x71,0xa0,0x84,0x66,0x75,0x6e,0x73,0x73,0x89,0x6e,0x97,0xa2,0x40,0x01,0x04,0x00,0x00,0x00,0x00,0x00,0x00,0x00,0x00,0x00,0x00,0x00,0x00,0x00,0x00,0x00,0x00,0x00,0x00,0x00,0x00,0x00,0x00,0x00,0x00,0x00,0x00,0x00,0x00,0x00,0x00,0x00,0x00,0x00,0x00,0x00,0x00,0x00,0x00,0x00,0x00,0x00,0x00,0x00,
    0x00,0x00,0x00,0x00,0x00,0x00,0x00,0x00,0x00,0x00,0x00,0x00,0x00,0x00,0x00,0x00,0x00,0x00,0x00,0x00,0x00,0x00,0x00,0x00,0x00,0x00,0x00,0x00,0x00,0x00,0x00,0x00,0x00,0x00,0x00,0x00,0x00,0x00,0x00,0x00,0x03,0x00,0x46,0x5c,0x00,0x03,0x06,0x00,0x41,0xae,0x78,0x75,0x75,0x6e,0x7a,0xa6,0x9f,0x97,0x83,0x66,0xb8,0x7b,0xa6,0xaf,0xc0,0x8a,0xbe,0xa9,0xa2,0x82,0x89,0x6e,0x66,0x6e,0x6e,0x89,0x89,0x75,0x75,0x6e,0x78,0x14,0xc0,0x83,0x8a,0x98,0xa2,0x98,0x9e,0x97,0x6e,0x73,0x71,0x89,0x66,0x6e,0x78,0xa6,0x52,0x23,0x00,0x04,0x00,0x00,0x00,0x00,0x00,0x00,0x00,0x00,0x00,0x00,0x00,0x00,0x00,0x00,0x00,0x00,0x00,0x00,0x00,0x00,0x00,0x00,0x00,0x00,0x00,0x00,0x00,0x00,0x00,0x00,0x00,0x00,0x00,0x00,0x00,0x00,0x00,0x00,0x00,0x00,0x00,0x00,
    0x00,0x00,0x00,0x00,0x00,0x00,0x00,0x00,0x00,0x00,0x00,0x00,0x00,0x00,0x00,0x00,0x00,0x00,0x00,0x00,0x00,0x00,0x00,0x00,0x00,0x00,0x00,0x00,0x00,0x00,0x00,0x00,0x00,0x00,0x00,0x00,0x00,0x00,0x00,0x00,0x06,0x00,0x26,0x39,0x00,0x02,0x03,0x02,0x3f,0x99,0x73,0x86,0x86,0x72,0xaa,0xf2,0x96,0xec,0xa3,0xaf,0xb5,0x9a,0xa0,0xc2,0x92,0x0f,0xc3,0xc8,0x9f,0x97,0xb8,0x7e,0x69,0x71,0x69,0x69,0x71,0x73,0x6e,0x72,0x9a,0xaf,0xc7,0x98,0x0f,0x92,0xb3,0xab,0xae,0x1f,0x71,0x69,0x69,0x73,0x6e,0x6e,0x72,0x78,0x84,0x3f,0x11,0x04,0x03,0x00,0x00,0x00,0x00,0x00,0x00,0x00,0x00,0x00,0x00,0x00,0x00,0x00,0x00,0x00,0x00,0x00,0x00,0x00,0x00,0x00,0x00,0x00,0x00,0x00,0x00,0x00,0x00,0x00,0x00,0x00,0x00,0x00,0x00,0x00,0x00,0x00,0x00,0x00,0x00,0x00,
    0x00,0x00,0x00,0x00,0x00,0x00,0x00,0x00,0x00,0x00,0x00,0x00,0x00,0x00,0x00,0x00,0x00,0x00,0x00,0x00,0x00,0x00,0x00,0x00,0x00,0x00,0x00,0x00,0x00,0x00,0x00,0x00,0x00,0x00,0x00,0x00,0x00,0x00,0x00,0x01,0x00,0x1b,0x5c,0x06,0x02,0x06,0x00,0x3a,0x08,0x7b,0x7e,0x7e,0x7e,0x8d,0xae,0xde,0xd0,0xf9,0xde,0xf8,0xc8,0x84,0xa0,0xad,0xa9,0xa9,0xc3,0xb3,0xab,0x99,0xb6,0xa7,0x71,0x7b,0x71,0x73,0x73,0x73,0x73,0x73,0x97,0xb3,0x85,0x85,0xa3,0x98,0xb0,0x08,0xb5,0x7b,0x89,0x89,0x69,0x6e,0x6e,0x75,0x75,0x79,0x84,0xa0,0x50,0x00,0x06,0x00,0x00,0x00,0x00,0x00,0x00,0x00,0x00,0x00,0x00,0x00,0x00,0x00,0x00,0x00,0x00,0x00,0x00,0x00,0x00,0x00,0x00,0x00,0x00,0x00,0x00,0x00,0x00,0x00,0x00,0x00,0x00,0x00,0x00,0x00,0x00,0x00,0x00,0x00,0x00,0x00,
    0x00,0x00,0x00,0x00,0x00,0x00,0x00,0x00,0x00,0x00,0x00,0x00,0x00,0x00,0x00,0x00,0x00,0x00,0x00,0x00,0x00,0x00,0x00,0x00,0x00,0x00,0x00,0x00,0x00,0x00,0x00,0x00,0x00,0x00,0x00,0x00,0x00,0x00,0x00,0x02,0x00,0x38,0x26,0x00,0x02,0x04,0x07,0x43,0x84,0x7b,0x7b,0x7b,0x7e,0x8d,0xf2,0xde,0xd0,0xd0,0xd0,0xde,0xc7,0xae,0xb3,0xb3,0xad,0x80,0xbe,0xa1,0xa2,0xa2,0xa3,0xc5,0x97,0x89,0x79,0x66,0x66,0x6e,0x6e,0x72,0x9a,0xa3,0x0f,0x92,0x92,0xb0,0xa1,0xa3,0xb6,0x84,0x7d,0x6e,0x89,0x75,0x6e,0x7f,0x78,0x73,0x86,0x08,0x14,0x22,0x00,0x03,0x00,0x00,0x00,0x00,0x00,0x00,0x00,0x00,0x00,0x00,0x00,0x00,0x00,0x00,0x00,0x00,0x00,0x00,0x00,0x00,0x00,0x00,0x00,0x00,0x00,0x00,0x00,0x00,0x00,0x00,0x00,0x00,0x00,0x00,0x00,0x00,0x00,0x00,0x00,0x00,
    0x00,0x00,0x00,0x00,0x00,0x00,0x00,0x00,0x00,0x00,0x00,0x00,0x00,0x00,0x00,0x00,0x00,0x00,0x00,0x00,0x00,0x00,0x00,0x00,0x00,0x00,0x00,0x00,0x00,0x00,0x00,0x00,0x00,0x00,0x00,0x00,0x00,0x00,0x00,0x02,0x00,0x26,0x39,0x01,0x24,0x01,0x46,0x14,0x7e,0x7e,0x89,0x6e,0x73,0xaa,0x9f,0xaf,0xf1,0x96,0x9d,0xc4,0xb6,0xad,0x74,0x80,0x80,0x7a,0x82,0x85,0xb5,0x98,0x85,0xa2,0x82,0x6e,0x97,0x97,0x97,0x97,0x78,0x73,0x88,0x08,0x85,0x78,0x72,0x82,0x80,0x0f,0xc6,0xa7,0x97,0x89,0x89,0x6e,0x6e,0x6e,0x6e,0x66,0x97,0x20,0x20,0x4c,0x00,0x06,0x00,0x00,0x00,0x00,0x00,0x00,0x00,0x00,0x00,0x00,0x00,0x00,0x00,0x00,0x00,0x00,0x00,0x00,0x00,0x00,0x00,0x00,0x00,0x00,0x00,0x00,0x00,0x00,0x00,0x00,0x00,0x00,0x00,0x00,0x00,0x00,0x00,0x00,0x00,0x00,
    0x00,0x00,0x00,0x00,0x00,0x00,0x00,0x00,0x00,0x00,0x00,0x00,0x00,0x00,0x00,0x00,0x00,0x00,0x00,0x00,0x00,0x00,0x00,0x00,0x00,0x00,0x00,0x00,0x00,0x00,0x00,0x00,0x00,0x00,0x00,0x00,0x00,0x00,0x00,0x02,0x00,0x61,0x5a,0x00,0x02,0x00,0x29,0xab,0x71,0x71,0x89,0x69,0x69,0x9e,0x9f,0x88,0xaa,0xa7,0xb6,0xb8,0xa0,0x83,0x72,0x72,0x72,0x6e,0x66,0xc0,0xb8,0x9e,0x7a,0xb5,0x88,0x86,0x86,0x86,0x86,0x86,0xa6,0x7e,0x7b,0xa0,0x15,0x87,0x8b,0x6e,0x8b,0x8a,0xc7,0xa0,0xaa,0x71,0x71,0x7b,0x7e,0x8d,0x08,0xab,0x9a,0xa2,0xc5,0x2f,0x07,0x04,0x00,0x00,0x00,0x00,0x00,0x00,0x00,0x00,0x00,0x00,0x00,0x00,0x00,0x00,0x00,0x00,0x00,0x00,0x00,0x00,0x00,0x00,0x00,0x00,0x00,0x00,0x00,0x00,0x00,0x00,0x00,0x00,0x00,0x00,0x00,0x00,0x00,0x00,0x00,0x00,
    0x00,0x00,0x00,0x00,0x00,0x00,0x00,0x00,0x00,0x00,0x00,0x00,0x00,0x00,0x00,0x00,0x00,0x00,0x00,0x00,0x00,0x00,0x00,0x00,0x00,0x00,0x00,0x00,0x00,0x00,0x00,0x00,0x00,0x00,0x00,0x00,0x00,0x00,0x00,0x02,0x00,0x5e,0x0b,0x00,0x06,0x2a,0x35,0x7a,0x89,0x99,0x7e,0x8d,0xae,0xcd,0x96,0xbf,0xec,0xb8,0xc8,0xaf,0x72,0x66,0x6e,0x6e,0x6e,0x6e,0x8b,0x74,0x53,0xc2,0x8a,0xb3,0xa0,0x08,0xa3,0xc3,0xae,0xa3,0xa3,0x08,0xb5,0xa9,0x8b,0x78,0x6e,0x75,0x74,0x92,0xad,0xb8,0x9a,0x86,0x71,0x71,0x7e,0x69,0x9e,0x9e,0x8d,0x9f,0xab,0x15,0x0a,0x00,0x03,0x00,0x00,0x00,0x00,0x00,0x00,0x00,0x00,0x00,0x00,0x00,0x00,0x00,0x00,0x00,0x00,0x00,0x00,0x00,0x00,0x00,0x00,0x00,0x00,0x00,0x00,0x00,0x00,0x00,0x00,0x00,0x00,0x00,0x00,0x00,0x00,0x00,0x00,0x00,
    0x00,0x00,0x00,0x00,0x00,0x00,0x00,0x00,0x00,0x00,0x00,0x00,0x00,0x00,0x00,0x00,0x00,0x00,0x00,0x00,0x00,0x00,0x00,0x00,0x00,0x00,0x00,0x00,0x00,0x00,0x00,0x00,0x00,0x00,0x00,0x00,0x00,0x00,0x00,0x02,0x00,0x5e,0x0b,0x00,0x00,0x23,0xa2,0x7f,0xa7,0xae,0x86,0xaa,0xb6,0xde,0xd0,0xd0,0xf9,0xde,0xf8,0xf2,0x92,0x19,0x6e,0x6e,0x6e,0x6e,0x72,0x7f,0xc3,0x85,0x7d,0x72,0x0f,0x19,0x74,0x80,0x80,0x74,0x74,0x7a,0x74,0x74,0x66,0x6e,0x6e,0x6e,0x7a,0x82,0x0f,0xa0,0x78,0x89,0x7b,0x9f,0x7b,0x7b,0x99,0xa2,0x84,0x7e,0xa2,0x99,0x28,0x00,0x04,0x00,0x00,0x00,0x00,0x00,0x00,0x00,0x00,0x00,0x00,0x00,0x00,0x00,0x00,0x00,0x00,0x00,0x00,0x00,0x00,0x00,0x00,0x00,0x00,0x00,0x00,0x00,0x00,0x00,0x00,0x00,0x00,0x00,0x00,0x00,0x00,0x00,0x00,0x00,
    0x00,0x00,0x00,0x00,0x00,0x00,0x00,0x00,0x00,0x00,0x00,0x00,0x00,0x00,0x00,0x00,0x00,0x00,0x00,0x00,0x00,0x00,0x00,0x00,0x00,0x00,0x00,0x00,0x00,0x00,0x00,0x00,0x00,0x00,0x00,0x00,0x00,0x00,0x00,0x06,0x00,0x2e,0x39,0x00,0x01,0x50,0xae,0x1f,0xb5,0x9e,0x78,0x9a,0xf2,0xf8,0xde,0xf9,0xd0,0xd0,0xde,0xb3,0x83,0x72,0x6e,0x6e,0x6e,0x6e,0x6e,0x6e,0x7f,0x78,0x6e,0x66,0x78,0x66,0x6e,0x72,0x72,0x6e,0x6e,0x6e,0x6e,0x6e,0x6e,0x6e,0x6e,0x6e,0x72,0x87,0x85,0x14,0x8d,0x71,0xa6,0xa2,0x73,0x79,0x84,0xae,0x84,0x79,0xae,0x84,0x3b,0x00,0x04,0x00,0x00,0x00,0x00,0x00,0x00,0x00,0x00,0x00,0x00,0x00,0x00,0x00,0x00,0x00,0x00,0x00,0x00,0x00,0x00,0x00,0x00,0x00,0x00,0x00,0x00,0x00,0x00,0x00,0x00,0x00,0x00,0x00,0x00,0x00,0x00,0x00,0x00,0x00,
    0x00,0x00,0x00,0x00,0x00,0x00,0x00,0x00,0x00,0x00,0x00,0x00,0x00,0x00,0x00,0x00,0x00,0x00,0x00,0x00,0x00,0x00,0x00,0x00,0x00,0x00,0x00,0x00,0x00,0x00,0x00,0x00,0x00,0x00,0x00,0x00,0x00,0x00,0x00,0x06,0x00,0x40,0x47,0x00,0x00,0x4d,0x84,0xa7,0x3c,0x84,0x66,0x9a,0x9a,0xad,0xb3,0xc7,0xbf,0xbc,0xbc,0xa1,0x75,0x72,0x6e,0x6e,0x6e,0x6e,0x6e,0x6e,0x72,0x6e,0x6e,0x6e,0x6e,0x6e,0x6e,0x6e,0x6e,0x6e,0x6e,0x6e,0x6e,0x6e,0x6e,0x6e,0x6e,0x6e,0x72,0x87,0x85,0x08,0xa6,0xb8,0xab,0x9e,0x89,0x7d,0x85,0xa9,0x66,0x97,0x9e,0x08,0x1d,0x00,0x04,0x00,0x00,0x00,0x00,0x00,0x00,0x00,0x00,0x00,0x00,0x00,0x00,0x00,0x00,0x00,0x00,0x00,0x00,0x00,0x00,0x00,0x00,0x00,0x00,0x00,0x00,0x00,0x00,0x00,0x00,0x00,0x00,0x00,0x00,0x00,0x00,0x00,0x00,0x00,
    0x00,0x00,0x00,0x00,0x00,0x00,0x00,0x00,0x00,0x00,0x00,0x00,0x00,0x00,0x00,0x00,0x00,0x00,0x00,0x00,0x00,0x00,0x00,0x00,0x00,0x00,0x00,0x00,0x00,0x00,0x00,0x00,0x00,0x00,0x00,0x00,0x00,0x00,0x00,0x02,0x00,0x3a,0x2e,0x00,0x2a,0x27,0x84,0xa2,0xa0,0x79,0x9a,0xa3,0xa9,0xa1,0x84,0x88,0x3c,0xe4,0x98,0x7d,0x93,0x6e,0x6e,0x6e,0x6e,0x6e,0x6e,0x6e,0x6e,0x6e,0x6e,0x6e,0x6e,0x6e,0x6e,0x6e,0x6e,0x6e,0x6e,0x6e,0x6e,0x6e,0x6e,0x6e,0x6e,0x6e,0x6e,0x7d,0x85,0xaf,0x98,0xc2,0x14,0x20,0x79,0x75,0x89,0x85,0x78,0x7d,0xab,0x44,0x03,0x03,0x00,0x00,0x00,0x00,0x00,0x00,0x00,0x00,0x00,0x00,0x00,0x00,0x00,0x00,0x00,0x00,0x00,0x00,0x00,0x00,0x00,0x00,0x00,0x00,0x00,0x00,0x00,0x00,0x00,0x00,0x00,0x00,0x00,0x00,0x00,0x00,0x00,0x00,0x00,0x00,
    0x00,0x00,0x00,0x00,0x00,0x00,0x00,0x00,0x00,0x00,0x00,0x00,0x00,0x00,0x00,0x00,0x00,0x00,0x00,0x00,0x00,0x00,0x00,0x00,0x00,0x00,0x00,0x00,0x00,0x00,0x00,0x00,0x00,0x00,0x00,0x00,0x00,0x00,0x00,0x01,0x01,0x24,0x2e,0x39,0x00,0xab,0x73,0x08,0xae,0x82,0x86,0x9d,0xde,0x9d,0x9d,0x9d,0xbc,0xd8,0xad,0x80,0x75,0x6e,0x6e,0x6e,0x6e,0x6e,0x6e,0x6e,0x6e,0x6e,0x6e,0x6e,0x6e,0x6e,0x6e,0x6e,0x6e,0x6e,0x6e,0x6e,0x6e,0x6e,0x6e,0x6e,0x6e,0x6e,0x6e,0x6e,0x75,0x0f,0x82,0x74,0xa0,0x14,0x97,0x66,0x66,0x97,0x66,0x86,0x20,0x43,0x24,0x07,0x03,0x00,0x00,0x00,0x00,0x00,0x00,0x00,0x00,0x00,0x00,0x00,0x00,0x00,0x00,0x00,0x00,0x00,0x00,0x00,0x00,0x00,0x00,0x00,0x00,0x00,0x00,0x00,0x00,0x00,0x00,0x00,0x00,0x00,0x00,0x00,0x00,0x00,0x00,0x00,
    0x00,0x00,0x00,0x00,0x00,0x00,0x00,0x00,0x00,0x00,0x00,0x00,0x00,0x00,0x00,0x00,0x00,0x00,0x00,0x00,0x00,0x00,0x00,0x00,0x00,0x00,0x00,0x00,0x00,0x00,0x00,0x00,0x00,0x00,0x00,0x00,0x00,0x00,0x00,0x00,0x02,0x00,0x47,0xc8,0x34,0x4f,0x7d,0x08,0x99,0x83,0x9f,0xf8,0xd0,0xd0,0xd0,0xd0,0xd0,0xd2,0x0f,0x92,0x74,0x75,0x6e,0x6e,0x6e,0x6e,0x6e,0x6e,0x6e,0x6e,0x6e,0x6e,0x6e,0x6e,0x6e,0x6e,0x6e,0x6e,0x6e,0x6e,0x6e,0x6e,0x6e,0x6e,0x6e,0x6e,0x6e,0x6e,0x75,0x82,0x19,0x92,0xc7,0xc8,0x9a,0x86,0x7b,0x7b,0x69,0x84,0xc5,0x7b,0x29,0x00,0x04,0x01,0x00,0x00,0x00,0x00,0x00,0x00,0x00,0x00,0x00,0x00,0x00,0x00,0x00,0x00,0x00,0x00,0x00,0x00,0x00,0x00,0x00,0x00,0x00,0x00,0x00,0x00,0x00,0x00,0x00,0x00,0x00,0x00,0x00,0x00,0x00,0x00,0x00,0x00,
    0x00,0x00,0x00,0x00,0x00,0x00,0x00,0x00,0x00,0x00,0x00,0x00,0x00,0x00,0x00,0x00,0x00,0x00,0x00,0x00,0x00,0x00,0x00,0x00,0x00,0x00,0x00,0x00,0x00,0x00,0x00,0x00,0x00,0x00,0x00,0x00,0x00,0x00,0x00,0x00,0x00,0x03,0x02,0x2f,0x2f,0x35,0x78,0x9e,0x86,0x7d,0x9f,0xbf,0x9d,0x9d,0xde,0xd6,0xf9,0xbf,0x7f,0x74,0x7a,0x66,0x6e,0x6e,0x6e,0x6e,0x6e,0x6e,0x6e,0x6e,0x6e,0x6e,0x6e,0x6e,0x6e,0x6e,0x6e,0x6e,0x6e,0x6e,0x6e,0x72,0x6e,0x6e,0x6e,0x6e,0x6e,0x7a,0x74,0x74,0x74,0x92,0xdf,0xe5,0x88,0x7b,0x71,0x71,0x71,0x8d,0xae,0x08,0x08,0x4a,0x00,0x03,0x03,0x00,0x00,0x00,0x00,0x00,0x00,0x00,0x00,0x00,0x00,0x00,0x00,0x00,0x00,0x00,0x00,0x00,0x00,0x00,0x00,0x00,0x00,0x00,0x00,0x00,0x00,0x00,0x00,0x00,0x00,0x00,0x00,0x00,0x00,0x00,0x00,0x00,
    0x00,0x00,0x00,0x00,0x00,0x00,0x00,0x00,0x00,0x00,0x00,0x00,0x00,0x00,0x00,0x00,0x00,0x00,0x00,0x00,0x00,0x00,0x00,0x00,0x00,0x00,0x00,0x00,0x00,0x00,0x00,0x00,0x00,0x00,0x00,0x00,0x00,0x00,0x00,0x00,0x00,0x06,0x00,0x28,0xa2,0xaf,0xa6,0x7e,0x71,0x71,0x88,0x71,0xa7,0xab,0xa2,0xd9,0xf1,0xab,0x7a,0x72,0x6e,0x6e,0x6e,0x6e,0x6e,0x72,0x72,0x66,0x7d,0x6e,0x6e,0x6e,0x6e,0x6e,0x6e,0x6e,0x6e,0x6e,0x6e,0x6e,0x75,0x82,0x7d,0x78,0x66,0x66,0x66,0x66,0x6e,0x75,0x19,0x7f,0xdf,0xd7,0xab,0x8d,0x71,0x69,0x71,0x88,0xc5,0x33,0x14,0x99,0x49,0x00,0x04,0x03,0x00,0x00,0x00,0x00,0x00,0x00,0x00,0x00,0x00,0x00,0x00,0x00,0x00,0x00,0x00,0x00,0x00,0x00,0x00,0x00,0x00,0x00,0x00,0x00,0x00,0x00,0x00,0x00,0x00,0x00,0x00,0x00,0x00,0x00,0x00,0x00,
    0x00,0x00,0x00,0x00,0x00,0x00,0x00,0x00,0x00,0x00,0x00,0x00,0x00,0x00,0x00,0x00,0x00,0x00,0x00,0x00,0x00,0x00,0x00,0x00,0x00,0x00,0x00,0x00,0x00,0x00,0x00,0x00,0x00,0x00,0x00,0x00,0x00,0x00,0x00,0x00,0x00,0x00,0x04,0x00,0x55,0x84,0x7b,0x73,0x73,0x89,0x6e,0x6e,0x78,0x83,0xc3,0xce,0xe3,0x78,0x8b,0x72,0x6e,0x6e,0x6e,0x75,0x7d,0x82,0x82,0xc0,0xad,0x6e,0x6e,0x6e,0x6e,0x6e,0x6e,0x6e,0x6e,0x75,0x7a,0x80,0x19,0xa1,0x0f,0xc0,0x72,0x8b,0x93,0x72,0x72,0x6e,0x6e,0x79,0xe6,0xcf,0xe8,0xaa,0x89,0x89,0x73,0x66,0x79,0x52,0x3a,0x51,0x84,0x31,0x01,0x03,0x03,0x00,0x00,0x00,0x00,0x00,0x00,0x00,0x00,0x00,0x00,0x00,0x00,0x00,0x00,0x00,0x00,0x00,0x00,0x00,0x00,0x00,0x00,0x00,0x00,0x00,0x00,0x00,0x00,0x00,0x00,0x00,0x00,0x00,0x00,0x00,
    0x00,0x00,0x00,0x00,0x00,0x00,0x00,0x00,0x00,0x00,0x00,0x00,0x00,0x00,0x00,0x00,0x00,0x00,0x00,0x00,0x00,0x00,0x00,0x00,0x00,0x00,0x00,0x00,0x00,0x00,0x00,0x00,0x00,0x00,0x00,0x00,0x00,0x00,0x00,0x00,0x00,0x00,0x03,0x03,0x24,0x08,0x84,0x78,0x6e,0x66,0x6e,0x6e,0x75,0x86,0xe6,0x0e,0xe6,0xc1,0x75,0x6e,0x6e,0x66,0x74,0x80,0x0f,0xb0,0xa1,0x98,0xad,0x7a,0x6e,0x6e,0x6e,0x6e,0x6e,0x6e,0x6e,0x6e,0x7a,0x80,0xa1,0xa1,0xb0,0xb0,0xa1,0x9f,0x78,0x80,0x72,0x72,0x75,0x72,0xe5,0xcf,0xe5,0x73,0x75,0x6e,0x6e,0x6e,0x7d,0x99,0x4c,0x07,0x42,0x88,0x31,0x07,0x04,0x00,0x00,0x00,0x00,0x00,0x00,0x00,0x00,0x00,0x00,0x00,0x00,0x00,0x00,0x00,0x00,0x00,0x00,0x00,0x00,0x00,0x00,0x00,0x00,0x00,0x00,0x00,0x00,0x00,0x00,0x00,0x00,0x00,0x00,0x00,
    0x00,0x00,0x00,0x00,0x00,0x00,0x00,0x00,0x00,0x00,0x00,0x00,0x00,0x00,0x00,0x00,0x00,0x00,0x00,0x00,0x00,0x00,0x00,0x00,0x00,0x00,0x00,0x00,0x00,0x00,0x00,0x00,0x00,0x00,0x00,0x00,0x00,0x00,0x00,0x00,0x00,0x00,0x06,0x00,0x50,0x99,0x20,0x66,0x89,0x66,0x75,0x72,0x83,0xdc,0x13,0xd9,0xd4,0x85,0x7d,0x6e,0x75,0x74,0x80,0x74,0xad,0xad,0xad,0xc3,0xd8,0xa9,0x82,0x75,0x75,0x6e,0x6e,0x6e,0x75,0x74,0x80,0x19,0x10,0x76,0xc6,0xb6,0xc7,0xb8,0xc7,0xc8,0xc2,0x82,0x66,0x85,0xbf,0xc7,0xf1,0xab,0x7f,0x72,0x75,0x6e,0x79,0xa6,0x44,0x00,0x00,0x42,0x1f,0x42,0x00,0x04,0x00,0x00,0x00,0x00,0x00,0x00,0x00,0x00,0x00,0x00,0x00,0x00,0x00,0x00,0x00,0x00,0x00,0x00,0x00,0x00,0x00,0x00,0x00,0x00,0x00,0x00,0x00,0x00,0x00,0x00,0x00,0x00,0x00,0x00,
    0x00,0x00,0x00,0x00,0x00,0x00,0x00,0x00,0x00,0x00,0x00,0x00,0x00,0x00,0x00,0x00,0x00,0x00,0x00,0x00,0x00,0x00,0x00,0x00,0x00,0x00,0x00,0x00,0x00,0x00,0x00,0x00,0x00,0x00,0x00,0x00,0x00,0x00,0x00,0x00,0x00,0x03,0x06,0x2a,0x20,0x84,0x9f,0x71,0x69,0x69,0x86,0x97,0xa7,0x13,0xef,0x84,0xec,0xc3,0x92,0x92,0x85,0xe2,0xe2,0xd8,0xc6,0xd8,0x8c,0x77,0x8c,0x08,0x80,0x74,0x74,0x66,0x66,0x66,0x7a,0x74,0x74,0x19,0xa1,0xc8,0x67,0x77,0x77,0x77,0x77,0x77,0xd8,0x0f,0x83,0xc2,0x20,0xa9,0xa9,0xa0,0x1f,0x89,0x89,0x69,0x7b,0x69,0xa2,0x23,0x02,0x2a,0x48,0xa6,0x28,0x00,0x04,0x00,0x00,0x00,0x00,0x00,0x00,0x00,0x00,0x00,0x00,0x00,0x00,0x00,0x00,0x00,0x00,0x00,0x00,0x00,0x00,0x00,0x00,0x00,0x00,0x00,0x00,0x00,0x00,0x00,0x00,0x00,0x00,0x00,
    0x00,0x00,0x00,0x00,0x00,0x00,0x00,0x00,0x00,0x00,0x00,0x00,0x00,0x00,0x00,0x00,0x00,0x00,0x00,0x00,0x00,0x00,0x00,0x00,0x00,0x00,0x00,0x00,0x00,0x00,0x00,0x00,0x00,0x00,0x00,0x00,0x03,0x04,0x06,0x00,0x03,0x07,0x00,0x50,0x9f,0x7b,0x7b,0x69,0x69,0x7b,0x7e,0x71,0xdf,0x9c,0xdc,0xcb,0xc8,0xa9,0x80,0x92,0xc7,0x77,0x77,0x77,0x77,0x6d,0xe2,0xaf,0x8b,0x82,0x75,0x75,0x75,0x66,0x8b,0x8b,0x66,0x6e,0x6e,0x66,0x82,0x83,0xc0,0xa3,0xb6,0xd8,0xe2,0xc6,0xc8,0x98,0x8a,0x98,0x14,0xea,0xb7,0xdd,0x99,0x88,0x7b,0x71,0x86,0x66,0x15,0x2d,0x00,0x02,0x2f,0x84,0x51,0x07,0x04,0x00,0x00,0x00,0x00,0x00,0x00,0x00,0x00,0x00,0x00,0x00,0x00,0x00,0x00,0x00,0x00,0x00,0x00,0x00,0x00,0x00,0x00,0x00,0x00,0x00,0x00,0x00,0x00,0x00,0x00,0x00,0x00,0x00,
    0x00,0x00,0x00,0x00,0x00,0x00,0x00,0x00,0x00,0x00,0x00,0x00,0x00,0x00,0x00,0x00,0x00,0x00,0x00,0x00,0x00,0x00,0x00,0x00,0x00,0x00,0x00,0x00,0x00,0x00,0x00,0x00,0x00,0x00,0x00,0x03,0x00,0x00,0x00,0x00,0x00,0x00,0x1b,0x27,0x86,0x69,0x71,0x69,0x7b,0x7e,0x88,0xef,0xb7,0xb7,0xc8,0x33,0xb8,0xa3,0x85,0x80,0xad,0xc3,0xa3,0xaf,0xb3,0xb0,0x82,0x8a,0x66,0x72,0x6e,0x6e,0x6e,0x66,0x8b,0x8b,0x66,0x6e,0x66,0x6e,0x72,0x72,0x78,0x83,0x80,0x74,0x8b,0x87,0x80,0x75,0x93,0x14,0x08,0xda,0xd9,0xb7,0xdf,0x88,0x73,0x73,0x75,0x75,0x7f,0xaf,0x38,0x00,0x35,0x9f,0x9f,0x1d,0x00,0x04,0x00,0x00,0x00,0x00,0x00,0x00,0x00,0x00,0x00,0x00,0x00,0x00,0x00,0x00,0x00,0x00,0x00,0x00,0x00,0x00,0x00,0x00,0x00,0x00,0x00,0x00,0x00,0x00,0x00,0x00,0x00,0x00,
    0x00,0x00,0x00,0x00,0x00,0x00,0x00,0x00,0x00,0x00,0x00,0x00,0x00,0x00,0x00,0x00,0x00,0x00,0x00,0x00,0x00,0x00,0x00,0x00,0x00,0x00,0x00,0x00,0x00,0x00,0x00,0x00,0x00,0x00,0x04,0x00,0x24,0x23,0x58,0x00,0x22,0x41,0x53,0x9e,0x79,0x73,0x69,0x69,0x86,0x8d,0xc3,0xce,0xa9,0xcb,0x53,0xcb,0x25,0xb0,0x98,0x8a,0x80,0x80,0x87,0x87,0x75,0x75,0x8b,0x8b,0x6e,0x6e,0x6e,0x6e,0x6e,0x72,0x6e,0x6e,0x72,0x6e,0x6e,0x6e,0x6e,0x6e,0x6e,0x93,0x93,0xc1,0xb4,0xb4,0xb4,0xc1,0xc2,0x25,0xf6,0xcb,0xe4,0xb8,0xd9,0xdf,0x88,0x89,0x7b,0x71,0x86,0xa6,0xc6,0x5a,0x4f,0x84,0x20,0x1d,0x00,0x03,0x00,0x00,0x00,0x00,0x00,0x00,0x00,0x00,0x00,0x00,0x00,0x00,0x00,0x00,0x00,0x00,0x00,0x00,0x00,0x00,0x00,0x00,0x00,0x00,0x00,0x00,0x00,0x00,0x00,0x00,0x00,0x00,
    0x00,0x00,0x00,0x00,0x00,0x00,0x00,0x00,0x00,0x00,0x00,0x00,0x00,0x00,0x00,0x00,0x00,0x00,0x00,0x00,0x00,0x00,0x00,0x00,0x00,0x00,0x00,0x00,0x00,0x00,0x00,0x00,0x00,0x06,0x00,0x23,0x27,0xa2,0xae,0x44,0x27,0xa2,0x84,0x69,0x7b,0x71,0x69,0x86,0x9a,0xb0,0x9c,0x9c,0xc5,0xda,0xda,0xcb,0xda,0xcc,0xa0,0x7a,0xc1,0xb4,0xb4,0xb4,0xb4,0xcc,0x93,0x8b,0x6e,0x6e,0x75,0x74,0x74,0x80,0x80,0x80,0x80,0x74,0x7a,0x74,0x7a,0x6e,0x72,0x93,0x93,0xb4,0xb4,0xb4,0xb4,0xc1,0x14,0xe9,0xf6,0xe4,0xda,0x25,0xa3,0xd7,0xa9,0x88,0x7e,0x7e,0x7e,0x88,0x99,0xaf,0x9e,0x88,0xa2,0x1d,0x00,0x03,0x00,0x00,0x00,0x00,0x00,0x00,0x00,0x00,0x00,0x00,0x00,0x00,0x00,0x00,0x00,0x00,0x00,0x00,0x00,0x00,0x00,0x00,0x00,0x00,0x00,0x00,0x00,0x00,0x00,0x00,0x00,0x00,
    0x00,0x00,0x00,0x00,0x00,0x00,0x00,0x00,0x00,0x00,0x00,0x00,0x00,0x00,0x00,0x00,0x00,0x00,0x00,0x00,0x00,0x00,0x00,0x00,0x00,0x00,0x00,0x00,0x00,0x00,0x00,0x00,0x03,0x00,0x23,0x20,0x84,0x79,0x97,0x86,0x86,0x78,0x6e,0x73,0x69,0x69,0x7b,0x1f,0xad,0xdd,0x95,0x13,0xc5,0xab,0xcb,0xda,0xcb,0xb9,0xda,0xc2,0xb4,0xb4,0xb4,0xb4,0xb4,0xb4,0x93,0x93,0x6e,0x6e,0x7a,0x74,0x80,0x85,0x25,0x25,0x85,0x80,0x74,0x74,0x75,0x6e,0x72,0x93,0x93,0x93,0xb4,0xb4,0xb4,0x93,0x53,0xe9,0xe4,0xcb,0xda,0x15,0xa9,0xcf,0xdd,0x7e,0x89,0x73,0x73,0x89,0x7d,0xa6,0x7e,0x7b,0x9e,0x1d,0x00,0x03,0x00,0x00,0x00,0x00,0x00,0x00,0x00,0x00,0x00,0x00,0x00,0x00,0x00,0x00,0x00,0x00,0x00,0x00,0x00,0x00,0x00,0x00,0x00,0x00,0x00,0x00,0x00,0x00,0x00,0x00,0x00,0x00,
    0x00,0x00,0x00,0x00,0x00,0x00,0x00,0x00,0x00,0x00,0x00,0x00,0x00,0x00,0x00,0x00,0x00,0x00,0x00,0x00,0x00,0x00,0x00,0x00,0x00,0x00,0x00,0x00,0x00,0x00,0x00,0x03,0x01,0x2a,0x14,0xa7,0x69,0x71,0x71,0x73,0x79,0x89,0x6e,0x6e,0x6e,0x66,0xa6,0x9f,0x1c,0x8f,0xb2,0xd7,0x3c,0x8a,0xb0,0xaf,0xe2,0xda,0xcb,0xb6,0x87,0xcc,0xc1,0xc1,0xc1,0x93,0x8b,0x72,0x6e,0x6e,0x74,0x19,0x8a,0xc2,0xfa,0xfa,0xa2,0x80,0x75,0x75,0x6e,0x6e,0x6e,0x72,0x87,0x8b,0x8b,0x93,0x78,0xc3,0xb6,0xa0,0xd8,0xb3,0x8b,0x97,0xdf,0xce,0x9c,0xa1,0x82,0x6e,0x66,0x73,0x7b,0x7e,0x88,0xa7,0x4d,0x03,0x04,0x00,0x00,0x00,0x00,0x00,0x00,0x00,0x00,0x00,0x00,0x00,0x00,0x00,0x00,0x00,0x00,0x00,0x00,0x00,0x00,0x00,0x00,0x00,0x00,0x00,0x00,0x00,0x00,0x00,0x00,0x00,0x00,0x00,
    0x00,0x00,0x00,0x00,0x00,0x00,0x00,0x00,0x00,0x00,0x00,0x00,0x00,0x00,0x00,0x00,0x00,0x00,0x00,0x00,0x00,0x00,0x00,0x00,0x00,0x00,0x00,0x00,0x00,0x00,0x00,0x04,0x00,0x34,0xa6,0x7b,0x7e,0x71,0x71,0x69,0x7e,0xa6,0x75,0x75,0x6e,0x75,0x71,0xe3,0xd5,0x70,0x94,0xb7,0xc4,0x99,0x83,0x8a,0x53,0x3c,0x85,0x08,0xad,0x82,0x75,0x75,0x6e,0x6e,0x6e,0x66,0x6e,0x6e,0x75,0x66,0x6e,0x7d,0x15,0x15,0x78,0x6e,0x6e,0x6e,0x6e,0x6e,0x6e,0x66,0x66,0x7a,0x19,0x82,0xc0,0xa0,0xbe,0x19,0xb6,0x8a,0x82,0xb3,0xb7,0x0e,0x8f,0xe3,0x1f,0x86,0x7b,0x7e,0x71,0xc5,0xa0,0x2f,0x46,0x00,0x03,0x00,0x00,0x00,0x00,0x00,0x00,0x00,0x00,0x00,0x00,0x00,0x00,0x00,0x00,0x00,0x00,0x00,0x00,0x00,0x00,0x00,0x00,0x00,0x00,0x00,0x00,0x00,0x00,0x00,0x00,0x00,0x00,0x00,
    0x00,0x00,0x00,0x00,0x00,0x00,0x00,0x00,0x00,0x00,0x00,0x00,0x00,0x00,0x00,0x00,0x00,0x00,0x00,0x00,0x00,0x00,0x00,0x00,0x00,0x00,0x00,0x00,0x00,0x00,0x00,0x04,0x00,0x34,0x15,0x66,0x89,0x69,0x88,0x8d,0xaf,0x15,0x79,0x89,0x72,0x1f,0xc3,0xce,0x8e,0x95,0x94,0xb7,0xba,0xf0,0xdc,0x82,0x14,0xa0,0xbe,0xad,0xbf,0x82,0x92,0x19,0x6e,0x66,0x6e,0x6e,0x6e,0x6e,0x6e,0x6e,0x6e,0x6e,0x7f,0x7f,0x6e,0x6e,0x6e,0x6e,0x6e,0x6e,0x66,0x6e,0x72,0x19,0x8a,0x83,0xbf,0xec,0x0f,0x98,0x33,0xab,0xec,0xf7,0x8f,0xb7,0x95,0xe6,0x7b,0x69,0x71,0x71,0x7b,0x7e,0xab,0x3b,0x00,0x04,0x00,0x00,0x00,0x00,0x00,0x00,0x00,0x00,0x00,0x00,0x00,0x00,0x00,0x00,0x00,0x00,0x00,0x00,0x00,0x00,0x00,0x00,0x00,0x00,0x00,0x00,0x00,0x00,0x00,0x00,0x00,0x00,0x00,0x00,
    0x00,0x00,0x00,0x00,0x00,0x00,0x00,0x00,0x00,0x00,0x00,0x00,0x00,0x00,0x00,0x00,0x00,0x00,0x00,0x00,0x00,0x00,0x00,0x00,0x00,0x00,0x00,0x00,0x00,0x00,0x00,0x04,0x00,0x23,0x84,0x7f,0x89,0xa6,0xab,0xb8,0x9e,0x88,0x7e,0x7b,0xa6,0x69,0xe3,0x0e,0x8f,0x8f,0x8e,0xb7,0xba,0xd7,0xee,0xf0,0xf1,0x33,0xe6,0x1c,0xd7,0xbf,0x0f,0x8a,0x7f,0x72,0x72,0x6e,0x6e,0x6e,0x6e,0x6e,0x6e,0x6e,0x72,0x6e,0x6e,0x6e,0x6e,0x6e,0x75,0x74,0x19,0x19,0x80,0x92,0xad,0xbf,0xf5,0xce,0xf0,0xe2,0xe7,0xe0,0xee,0xb7,0x8f,0x13,0xd5,0xdd,0x84,0x88,0x71,0x69,0x71,0x7e,0x8d,0x48,0x04,0x04,0x00,0x00,0x00,0x00,0x00,0x00,0x00,0x00,0x00,0x00,0x00,0x00,0x00,0x00,0x00,0x00,0x00,0x00,0x00,0x00,0x00,0x00,0x00,0x00,0x00,0x00,0x00,0x00,0x00,0x00,0x00,0x00,0x00,0x00,
    0x00,0x00,0x00,0x00,0x00,0x00,0x00,0x00,0x00,0x00,0x00,0x00,0x00,0x00,0x00,0x00,0x00,0x00,0x00,0x00,0x00,0x00,0x00,0x00,0x00,0x00,0x00,0x00,0x00,0x00,0x00,0x04,0x00,0x34,0x9f,0xab,0x29,0x45,0x27,0x9e,0x88,0x7b,0x69,0x69,0x69,0x15,0x1c,0x9c,0x8f,0x8f,0x8e,0xce,0xd7,0x0e,0xd7,0xd4,0xfc,0xf3,0xd4,0xb7,0x8f,0xba,0xf7,0xe8,0x85,0x83,0x8a,0x7f,0x6e,0x72,0x72,0x6e,0x6e,0x6e,0x6e,0x6e,0x6e,0x6e,0x72,0x72,0x75,0x82,0x92,0x8a,0x85,0xe8,0xf7,0xee,0xcf,0xce,0xc6,0xe7,0xf3,0xe7,0xea,0x0e,0x8f,0x13,0xa4,0xdd,0x7e,0x88,0x71,0x71,0x7b,0x7b,0x71,0xa7,0x34,0x03,0x04,0x00,0x00,0x00,0x00,0x00,0x00,0x00,0x00,0x00,0x00,0x00,0x00,0x00,0x00,0x00,0x00,0x00,0x00,0x00,0x00,0x00,0x00,0x00,0x00,0x00,0x00,0x00,0x00,0x00,0x00,0x00,0x00,0x00,
    0x00,0x00,0x00,0x00,0x00,0x00,0x00,0x00,0x00,0x00,0x00,0x00,0x00,0x00,0x00,0x00,0x00,0x00,0x00,0x00,0x00,0x00,0x00,0x00,0x00,0x00,0x00,0x00,0x00,0x00,0x00,0x04,0x00,0x34,0xab,0x49,0x00,0x24,0x35,0x1f,0x8b,0xaa,0xb3,0xa9,0x83,0xa1,0x1c,0x8e,0x8e,0x95,0x70,0x9c,0xce,0xa4,0x32,0xe7,0xf4,0xf4,0xfe,0xe5,0xa4,0xd7,0xba,0xd1,0xf7,0xdf,0xdc,0x85,0x1f,0x7f,0x7d,0x7d,0x78,0x75,0x66,0x66,0x75,0x75,0x7d,0x97,0x1f,0x85,0xb3,0xf1,0xf0,0xd1,0xba,0xba,0xcf,0x0e,0xe7,0xf4,0xf4,0xf3,0xd9,0xa5,0x9c,0x13,0xa4,0xe3,0x1f,0x72,0x89,0x89,0x89,0x89,0x15,0x84,0x3b,0x00,0x04,0x00,0x00,0x00,0x00,0x00,0x00,0x00,0x00,0x00,0x00,0x00,0x00,0x00,0x00,0x00,0x00,0x00,0x00,0x00,0x00,0x00,0x00,0x00,0x00,0x00,0x00,0x00,0x00,0x00,0x00,0x00,0x00,0x00,
    0x00,0x00,0x00,0x00,0x00,0x00,0x00,0x00,0x00,0x00,0x00,0x00,0x00,0x00,0x00,0x00,0x00,0x00,0x00,0x00,0x00,0x00,0x00,0x00,0x00,0x00,0x00,0x00,0x00,0x00,0x00,0x04,0x00,0x34,0x99,0x45,0x00,0x4b,0x73,0x89,0x7a,0x84,0xdd,0x9c,0xc3,0x9f,0x9c,0x94,0x70,0x70,0xa4,0x95,0x0e,0x95,0xa5,0xe5,0xf3,0xf4,0xfc,0x8e,0xa5,0xcf,0xba,0xd1,0xd7,0x9c,0xb7,0xf0,0xbf,0xec,0xa9,0x98,0xca,0x93,0x72,0x87,0x93,0xca,0xa3,0xc7,0xbf,0xe0,0xf5,0x8f,0x9c,0xd1,0xd1,0xd1,0xcf,0xa5,0xd9,0xff,0xf3,0xe4,0x0e,0xeb,0x0e,0xb7,0x0e,0x98,0x9a,0x72,0x75,0x75,0x7d,0x86,0x29,0x28,0x30,0x30,0x01,0x01,0x00,0x00,0x00,0x00,0x00,0x00,0x00,0x00,0x00,0x00,0x00,0x00,0x00,0x00,0x00,0x00,0x00,0x00,0x00,0x00,0x00,0x00,0x00,0x00,0x00,0x00,0x00,0x00,0x00,0x00,0x00,0x00,
    0x00,0x00,0x00,0x00,0x00,0x00,0x00,0x00,0x00,0x00,0x00,0x00,0x00,0x00,0x00,0x00,0x00,0x00,0x00,0x00,0x00,0x00,0x00,0x00,0x00,0x00,0x00,0x00,0x00,0x00,0x00,0x04,0x00,0x34,0xab,0x35,0x30,0x35,0x7e,0x86,0x9a,0xa3,0x0e,0xa5,0xd3,0xdc,0xfd,0xa4,0x7c,0x70,0x70,0x7c,0x0e,0x8f,0xd5,0xd9,0xe7,0xc6,0xe7,0x9c,0x94,0xcf,0xba,0xd1,0xcf,0x7c,0xb2,0xcf,0xd1,0xba,0xba,0xea,0xe9,0xf6,0xca,0xca,0xf6,0xbb,0xbf,0xba,0xd1,0xba,0xd7,0xa5,0x8f,0xd1,0xba,0xd1,0xce,0x94,0xc6,0xc6,0xe5,0x33,0x9c,0xa5,0x32,0xe6,0xef,0x69,0x1f,0x88,0x71,0x73,0x79,0x9e,0x41,0x00,0x28,0x42,0x00,0x04,0x00,0x00,0x00,0x00,0x00,0x00,0x00,0x00,0x00,0x00,0x00,0x00,0x00,0x00,0x00,0x00,0x00,0x00,0x00,0x00,0x00,0x00,0x00,0x00,0x00,0x00,0x00,0x00,0x00,0x00,0x00,0x00,
    0x00,0x00,0x00,0x00,0x00,0x00,0x00,0x00,0x00,0x00,0x00,0x00,0x00,0x00,0x00,0x00,0x00,0x00,0x00,0x00,0x00,0x00,0x00,0x00,0x00,0x00,0x00,0x00,0x00,0x00,0x00,0x04,0x00,0x28,0x4b,0x3b,0x51,0x4f,0x88,0x86,0xaa,0xb3,0x0e,0xb2,0x94,0xd3,0xdd,0xa5,0x70,0x70,0x70,0x70,0x8f,0x8f,0xd5,0xdd,0x13,0xa4,0x13,0xd3,0x94,0xcf,0xba,0xf5,0xd4,0xd4,0xe0,0xc9,0x90,0xe0,0xee,0xea,0xb9,0xb9,0xb9,0xb9,0xb9,0xb9,0xbf,0xee,0xe0,0xc9,0xc9,0xd4,0xe0,0xc9,0xf5,0xba,0x0e,0x94,0x9c,0x95,0xeb,0xb7,0xd3,0x8e,0xef,0x69,0x88,0x88,0xae,0x9f,0x88,0x7e,0x88,0x9f,0x4d,0x30,0x31,0x55,0x00,0x07,0x00,0x00,0x00,0x00,0x00,0x00,0x00,0x00,0x00,0x00,0x00,0x00,0x00,0x00,0x00,0x00,0x00,0x00,0x00,0x00,0x00,0x00,0x00,0x00,0x00,0x00,0x00,0x00,0x00,0x00,0x00,0x00,
    0x00,0x00,0x00,0x00,0x00,0x00,0x00,0x00,0x00,0x00,0x00,0x00,0x00,0x00,0x00,0x00,0x00,0x00,0x00,0x00,0x00,0x00,0x00,0x00,0x00,0x00,0x00,0x00,0x00,0x00,0x00,0x00,0x00,0x24,0x07,0x00,0x28,0x35,0x73,0x73,0xaa,0x08,0x0e,0x94,0x7c,0x94,0x8e,0xb2,0x70,0x70,0x70,0xa4,0x95,0x95,0x95,0xa4,0x94,0x8e,0xa4,0x70,0xb2,0xce,0xe0,0x6c,0x68,0x6c,0x6d,0x6d,0x6d,0x6d,0x77,0x8c,0xe9,0xbb,0xbb,0xbb,0xbb,0xbb,0x10,0x77,0x6d,0x6d,0x6d,0x6d,0x6d,0x6d,0x6d,0xe0,0x8f,0x70,0xb2,0x70,0x8e,0x94,0x94,0x1c,0xab,0xaa,0x7e,0xdf,0xd7,0xd9,0x7b,0x66,0x6e,0x1f,0x84,0x48,0x42,0x60,0x03,0x03,0x00,0x00,0x00,0x00,0x00,0x00,0x00,0x00,0x00,0x00,0x00,0x00,0x00,0x00,0x00,0x00,0x00,0x00,0x00,0x00,0x00,0x00,0x00,0x00,0x00,0x00,0x00,0x00,0x00,0x00,0x00,0x00,
    0x00,0x00,0x00,0x00,0x00,0x00,0x00,0x00,0x00,0x00,0x00,0x00,0x00,0x00,0x00,0x00,0x00,0x00,0x00,0x00,0x00,0x00,0x00,0x00,0x00,0x00,0x00,0x00,0x00,0x00,0x00,0x00,0x00,0x00,0x00,0x07,0x00,0x5f,0xa7,0x99,0x69,0x9f,0x1c,0x94,0x7c,0x7c,0x70,0x7c,0x70,0x70,0x70,0x70,0x8e,0x8f,0x95,0x70,0x7c,0x70,0x7c,0x8e,0xa5,0xd4,0x77,0x6c,0x6b,0x6f,0x6b,0x6c,0x6c,0x6c,0x77,0xe2,0xca,0xbb,0xbb,0xbb,0xbb,0xb9,0x33,0x77,0x6d,0x6c,0x6c,0x6c,0x6c,0x6c,0x6c,0x6c,0x0e,0xa5,0x8e,0x70,0x70,0x7c,0xa4,0x1c,0x9f,0x8d,0xe8,0xcf,0x8e,0xce,0xc7,0x9a,0x89,0x73,0x7b,0x9f,0x34,0x00,0x04,0x00,0x00,0x00,0x00,0x00,0x00,0x00,0x00,0x00,0x00,0x00,0x00,0x00,0x00,0x00,0x00,0x00,0x00,0x00,0x00,0x00,0x00,0x00,0x00,0x00,0x00,0x00,0x00,0x00,0x00,0x00,0x00,0x00,
    0x00,0x00,0x00,0x00,0x00,0x00,0x00,0x00,0x00,0x00,0x00,0x00,0x00,0x00,0x00,0x00,0x00,0x00,0x00,0x00,0x00,0x00,0x00,0x00,0x00,0x00,0x00,0x00,0x00,0x00,0x00,0x00,0x00,0x00,0x01,0x03,0x04,0x1d,0x9e,0xaf,0xa9,0x8d,0xe3,0xd5,0x70,0x70,0x70,0x70,0x70,0x70,0x70,0x7c,0xb2,0xce,0x8e,0xa4,0x7c,0x7c,0x8e,0x94,0xb7,0x6c,0x6f,0x65,0x6f,0x65,0x67,0x6f,0x68,0x6a,0xc8,0x85,0x8a,0x87,0xcc,0xcc,0xc1,0x8b,0x93,0xb6,0x8c,0x6d,0x68,0x68,0x6b,0x6f,0x76,0x6a,0xc9,0xd3,0x94,0x8e,0x70,0x7c,0x8e,0x32,0xae,0x69,0xe6,0x9c,0x9c,0xd5,0x13,0x9f,0x88,0x7b,0x7b,0x71,0x42,0x00,0x00,0x00,0x00,0x00,0x00,0x00,0x00,0x00,0x00,0x00,0x00,0x00,0x00,0x00,0x00,0x00,0x00,0x00,0x00,0x00,0x00,0x00,0x00,0x00,0x00,0x00,0x00,0x00,0x00,0x00,0x00,0x00,0x00,0x00,
    0x00,0x00,0x00,0x00,0x00,0x00,0x00,0x00,0x00,0x00,0x00,0x00,0x00,0x00,0x00,0x00,0x00,0x00,0x00,0x00,0x00,0x00,0x00,0x00,0x00,0x00,0x00,0x00,0x00,0x00,0x00,0x00,0x00,0x00,0x00,0x01,0x03,0x60,0x44,0x3e,0x26,0x9e,0xe3,0xd5,0x8e,0x7c,0x70,0x70,0x70,0x70,0x70,0x70,0xb2,0x8f,0x7c,0x70,0xb2,0x70,0xa5,0x1c,0x6f,0x6f,0x67,0x65,0x65,0x65,0x65,0x67,0x65,0x76,0x98,0xbe,0x72,0x75,0x75,0x75,0x66,0x8b,0x78,0xcc,0xe2,0x6c,0x76,0x65,0x67,0x65,0x65,0x67,0x6b,0x91,0xd3,0x94,0x7c,0x95,0x9c,0x8f,0xe6,0xc5,0xdd,0x95,0x95,0x8e,0x0e,0xb0,0xaa,0x71,0x73,0x86,0x20,0x44,0x1d,0x00,0x03,0x00,0x00,0x00,0x00,0x00,0x00,0x00,0x00,0x00,0x00,0x00,0x00,0x00,0x00,0x00,0x00,0x00,0x00,0x00,0x00,0x00,0x00,0x00,0x00,0x00,0x00,0x00,0x00,0x00,0x00,0x00,
    0x00,0x00,0x00,0x00,0x00,0x00,0x00,0x00,0x00,0x00,0x00,0x00,0x00,0x00,0x00,0x00,0x00,0x00,0x00,0x00,0x00,0x00,0x00,0x00,0x00,0x00,0x00,0x00,0x00,0x00,0x00,0x00,0x00,0x00,0x00,0x00,0x06,0x0a,0x00,0x01,0x00,0x2e,0x13,0x94,0x95,0x8e,0x70,0x70,0x70,0x70,0x70,0x70,0x70,0x70,0x7c,0xb2,0xa5,0xa5,0xb2,0xc9,0x6f,0x76,0x65,0x65,0x65,0x65,0x65,0x6f,0x6f,0x6c,0x6d,0xc7,0x7d,0x87,0x8b,0x8b,0x75,0x82,0xa3,0x8c,0x68,0x76,0x65,0x65,0x65,0x65,0x65,0x65,0x76,0x6d,0xc9,0x7c,0x70,0x8e,0x95,0x7c,0x8f,0xdf,0xf2,0xd5,0x70,0x70,0x95,0xdc,0x84,0x89,0x72,0x97,0x7e,0x4d,0x24,0x03,0x01,0x00,0x00,0x00,0x00,0x00,0x00,0x00,0x00,0x00,0x00,0x00,0x00,0x00,0x00,0x00,0x00,0x00,0x00,0x00,0x00,0x00,0x00,0x00,0x00,0x00,0x00,0x00,0x00,0x00,0x00,0x00,
    0x00,0x00,0x00,0x00,0x00,0x00,0x00,0x00,0x00,0x00,0x00,0x00,0x00,0x00,0x00,0x00,0x00,0x00,0x00,0x00,0x00,0x00,0x00,0x00,0x00,0x00,0x00,0x00,0x00,0x00,0x00,0x00,0x00,0x00,0x00,0x00,0x02,0x5e,0x38,0x5d,0x3d,0x13,0x8e,0xa4,0x70,0x7c,0x7c,0x70,0x70,0x70,0x70,0x70,0x7c,0xb2,0x94,0x70,0x7c,0xa5,0xed,0x68,0x67,0x6f,0x65,0x67,0x67,0x65,0x65,0x6f,0x6c,0x6c,0x6c,0x77,0xc6,0x15,0xc1,0xcc,0xca,0xb8,0x6f,0x6a,0x76,0x6f,0x65,0x65,0x67,0x65,0x6f,0x6f,0x6b,0x68,0x6d,0x13,0xa5,0x8e,0xa4,0x7c,0xb2,0x70,0x13,0x9c,0xa5,0x94,0x94,0xd9,0x08,0x9a,0x9e,0x2f,0x3b,0x00,0x00,0x01,0x00,0x00,0x00,0x00,0x00,0x00,0x00,0x00,0x00,0x00,0x00,0x00,0x00,0x00,0x00,0x00,0x00,0x00,0x00,0x00,0x00,0x00,0x00,0x00,0x00,0x00,0x00,0x00,0x00,0x00,0x00,0x00,
    0x00,0x00,0x00,0x00,0x00,0x00,0x00,0x00,0x00,0x00,0x00,0x00,0x00,0x00,0x00,0x00,0x00,0x00,0x00,0x00,0x00,0x00,0x00,0x00,0x00,0x00,0x00,0x00,0x00,0x00,0x00,0x00,0x00,0x00,0x00,0x06,0x00,0x63,0x13,0x13,0x32,0x8f,0xa4,0x7c,0x7c,0x94,0xb2,0x7c,0x70,0x70,0x70,0x7c,0xb2,0xd3,0xb7,0x94,0x7c,0x7c,0xc9,0x6c,0x68,0x6a,0x6a,0x6b,0x6f,0x65,0x67,0x67,0x65,0x6a,0x6a,0x76,0x91,0xb8,0x6e,0x87,0x3c,0x9b,0x81,0x67,0x67,0x67,0x67,0x65,0x6a,0x68,0x6c,0x68,0x6b,0x6b,0x6c,0xd4,0xeb,0xb2,0x95,0x70,0x7c,0x70,0x70,0x7c,0xd3,0x95,0xa5,0x13,0x15,0x86,0x43,0x22,0x00,0x01,0x00,0x00,0x00,0x00,0x00,0x00,0x00,0x00,0x00,0x00,0x00,0x00,0x00,0x00,0x00,0x00,0x00,0x00,0x00,0x00,0x00,0x00,0x00,0x00,0x00,0x00,0x00,0x00,0x00,0x00,0x00,0x00,0x00,0x00,
    0x00,0x00,0x00,0x00,0x00,0x00,0x00,0x00,0x00,0x00,0x00,0x00,0x00,0x00,0x00,0x00,0x00,0x00,0x00,0x00,0x00,0x00,0x00,0x00,0x00,0x00,0x00,0x00,0x00,0x00,0x00,0x00,0x00,0x00,0x00,0x06,0x06,0x22,0x3d,0x1c,0x95,0xa4,0xa4,0x94,0x94,0x7c,0xed,0x8f,0x7c,0x70,0x70,0x7c,0x94,0x9c,0xd9,0x9c,0xa4,0x8f,0x90,0x6d,0x67,0x67,0x65,0x6a,0x6c,0x6c,0x6b,0x6f,0x67,0x65,0x6b,0x76,0x81,0x6b,0xa9,0x14,0x6a,0x81,0x8c,0x6b,0x6c,0x6b,0x68,0x6c,0x6d,0x6c,0x6a,0x65,0x67,0x76,0x6d,0xd4,0xeb,0x7c,0xb7,0x70,0x7c,0x70,0x7c,0x94,0x1c,0xd4,0x70,0x0e,0xdc,0xa7,0x39,0x00,0x07,0x00,0x00,0x00,0x00,0x00,0x00,0x00,0x00,0x00,0x00,0x00,0x00,0x00,0x00,0x00,0x00,0x00,0x00,0x00,0x00,0x00,0x00,0x00,0x00,0x00,0x00,0x00,0x00,0x00,0x00,0x00,0x00,0x00,0x00,0x00,
    0x00,0x00,0x00,0x00,0x00,0x00,0x00,0x00,0x00,0x00,0x00,0x00,0x00,0x00,0x00,0x00,0x00,0x00,0x00,0x00,0x00,0x00,0x00,0x00,0x00,0x00,0x00,0x00,0x00,0x00,0x00,0x00,0x00,0x00,0x00,0x00,0x01,0x00,0x00,0x4e,0x57,0x1c,0x0e,0x32,0x32,0x3d,0x59,0x8e,0x7c,0x70,0x70,0x7c,0xb2,0x1c,0x98,0xe3,0x95,0x7c,0xc9,0x6a,0x76,0x65,0x65,0x67,0x6f,0x6c,0x6d,0x6c,0x6c,0x6a,0xcd,0x67,0x6f,0x67,0x6f,0x6b,0x6f,0x65,0x6d,0x9b,0x91,0x77,0x6c,0x68,0x6b,0x6f,0x67,0x65,0x65,0x76,0x6d,0xe5,0xeb,0x8e,0x13,0x8e,0x8e,0x70,0x7c,0x8e,0x95,0xed,0x13,0x8f,0x0e,0xc7,0x1d,0x03,0x03,0x00,0x00,0x00,0x00,0x00,0x00,0x00,0x00,0x00,0x00,0x00,0x00,0x00,0x00,0x00,0x00,0x00,0x00,0x00,0x00,0x00,0x00,0x00,0x00,0x00,0x00,0x00,0x00,0x00,0x00,0x00,0x00,0x00,0x00,0x00,
    0x00,0x00,0x00,0x00,0x00,0x00,0x00,0x00,0x00,0x00,0x00,0x00,0x00,0x00,0x00,0x00,0x00,0x00,0x00,0x00,0x00,0x00,0x00,0x00,0x00,0x00,0x00,0x00,0x00,0x00,0x00,0x00,0x00,0x00,0x00,0x00,0x00,0x01,0x2c,0x00,0x00,0x0a,0x11,0x11,0x0a,0x00,0x3d,0x8f,0xa4,0x7c,0x70,0x7c,0xa5,0x1c,0xdc,0xef,0x95,0x1c,0x6f,0x6f,0x6c,0x6a,0x67,0x65,0x65,0x67,0x6f,0x6a,0x68,0x90,0xac,0x6f,0x6f,0x6a,0x65,0x76,0x6f,0x68,0x6d,0xcd,0xcd,0x6d,0x67,0x67,0x67,0x65,0x65,0x6f,0x6f,0x67,0x6b,0xc9,0xd3,0x32,0xe5,0x95,0x95,0x8f,0x8f,0x64,0xd3,0x4e,0x5a,0x13,0x9c,0x59,0x11,0x2c,0x01,0x00,0x00,0x00,0x00,0x00,0x00,0x00,0x00,0x00,0x00,0x00,0x00,0x00,0x00,0x00,0x00,0x00,0x00,0x00,0x00,0x00,0x00,0x00,0x00,0x00,0x00,0x00,0x00,0x00,0x00,0x00,0x00,0x00,0x00,0x00,
    0x00,0x00,0x00,0x00,0x00,0x00,0x00,0x00,0x00,0x00,0x00,0x00,0x00,0x00,0x00,0x00,0x00,0x00,0x00,0x00,0x00,0x00,0x00,0x00,0x00,0x00,0x00,0x00,0x00,0x00,0x00,0x00,0x00,0x00,0x00,0x00,0x00,0x00,0x00,0x2c,0x00,0x00,0x00,0x00,0x00,0x2c,0x5d,0x32,0x7c,0x70,0x7c,0x7c,0x94,0xd3,0xea,0x13,0x32,0xc9,0x6a,0x65,0x6a,0x6a,0x65,0x65,0x65,0x65,0x65,0x67,0x76,0xa8,0xb1,0x6d,0x6b,0x6a,0x6f,0x65,0x6f,0x6a,0x6b,0x90,0x9b,0x65,0x67,0x65,0x65,0x65,0x6f,0x6a,0x6b,0x67,0x6f,0x91,0xed,0xea,0xc6,0x0e,0x9c,0x8f,0x95,0x9c,0x59,0x04,0x00,0x3d,0x32,0x4e,0x00,0x2c,0x00,0x00,0x00,0x00,0x00,0x00,0x00,0x00,0x00,0x00,0x00,0x00,0x00,0x00,0x00,0x00,0x00,0x00,0x00,0x00,0x00,0x00,0x00,0x00,0x00,0x00,0x00,0x00,0x00,0x00,0x00,0x00,0x00,0x00,0x00,0x00,
    0x00,0x00,0x00,0x00,0x00,0x00,0x00,0x00,0x00,0x00,0x00,0x00,0x00,0x00,0x00,0x00,0x00,0x00,0x00,0x00,0x00,0x00,0x00,0x00,0x00,0x00,0x00,0x00,0x00,0x00,0x00,0x00,0x00,0x00,0x00,0x00,0x00,0x00,0x00,0x00,0x01,0x01,0x01,0x01,0x01,0x2c,0x00,0x4e,0x1c,0x7c,0xa4,0x94,0x9c,0xed,0xa8,0x5a,0x0b,0x6a,0xa8,0x76,0x67,0x6a,0x6a,0x6a,0x67,0x65,0x65,0x67,0x6b,0xb1,0xac,0x77,0x68,0x6f,0x65,0x65,0x65,0x76,0x6b,0x9b,0xac,0x68,0x76,0x65,0x65,0x65,0x6b,0x68,0x6f,0x65,0x76,0x91,0xc9,0x9b,0x1c,0xa4,0xd5,0xd5,0x0e,0x59,0x5d,0x01,0x5a,0xd4,0x62,0x01,0x06,0x00,0x00,0x00,0x00,0x00,0x00,0x00,0x00,0x00,0x00,0x00,0x00,0x00,0x00,0x00,0x00,0x00,0x00,0x00,0x00,0x00,0x00,0x00,0x00,0x00,0x00,0x00,0x00,0x00,0x00,0x00,0x00,0x00,0x00,0x00,0x00,0x00,
    0x00,0x00,0x00,0x00,0x00,0x00,0x00,0x00,0x00,0x00,0x00,0x00,0x00,0x00,0x00,0x00,0x00,0x00,0x00,0x00,0x00,0x00,0x00,0x00,0x00,0x00,0x00,0x00,0x00,0x00,0x00,0x00,0x00,0x00,0x00,0x00,0x00,0x00,0x00,0x00,0x00,0x00,0x00,0x00,0x00,0x00,0x06,0x00,0x5d,0x3d,0x59,0x57,0x3d,0x4e,0x09,0x00,0x21,0x76,0x91,0x76,0x67,0x6b,0x68,0x6f,0x65,0x65,0x65,0x67,0x68,0xb1,0xbc,0x77,0x6f,0x65,0x65,0x65,0x65,0x65,0x6a,0x9b,0xac,0x6c,0x76,0x65,0x65,0x65,0x68,0x6c,0x6f,0x65,0x67,0x90,0x6f,0x21,0x3d,0x57,0x57,0x57,0x4e,0x11,0x00,0x0a,0x63,0x1a,0x00,0x02,0x00,0x00,0x00,0x00,0x00,0x00,0x00,0x00,0x00,0x00,0x00,0x00,0x00,0x00,0x00,0x00,0x00,0x00,0x00,0x00,0x00,0x00,0x00,0x00,0x00,0x00,0x00,0x00,0x00,0x00,0x00,0x00,0x00,0x00,0x00,0x00,0x00,0x00,
    0x00,0x00,0x00,0x00,0x00,0x00,0x00,0x00,0x00,0x00,0x00,0x00,0x00,0x00,0x00,0x00,0x00,0x00,0x00,0x00,0x00,0x00,0x00,0x00,0x00,0x00,0x00,0x00,0x00,0x00,0x00,0x00,0x00,0x00,0x00,0x00,0x00,0x00,0x00,0x00,0x00,0x00,0x00,0x00,0x00,0x00,0x00,0x2c,0x00,0x00,0x00,0x00,0x00,0x00,0x00,0x1b,0x65,0x67,0x65,0x65,0x65,0x6f,0x68,0x6f,0x65,0x65,0x65,0x67,0x6c,0xb1,0xd2,0x6d,0x76,0x65,0x65,0x65,0x65,0x65,0x6f,0x91,0xac,0x6c,0x76,0x65,0x65,0x67,0x68,0x6c,0x67,0x65,0x65,0x05,0x76,0x16,0x00,0x03,0x00,0x00,0x00,0x00,0x06,0x00,0x00,0x00,0x06,0x00,0x00,0x00,0x00,0x00,0x00,0x00,0x00,0x00,0x00,0x00,0x00,0x00,0x00,0x00,0x00,0x00,0x00,0x00,0x00,0x00,0x00,0x00,0x00,0x00,0x00,0x00,0x00,0x00,0x00,0x00,0x00,0x00,0x00,0x00,0x00,0x00,0x00,0x00,
    0x00,0x00,0x00,0x00,0x00,0x00,0x00,0x00,0x00,0x00,0x00,0x00,0x00,0x00,0x00,0x00,0x00,0x00,0x00,0x00,0x00,0x00,0x00,0x00,0x00,0x00,0x00,0x00,0x00,0x00,0x00,0x00,0x00,0x00,0x00,0x00,0x00,0x00,0x00,0x00,0x00,0x00,0x00,0x00,0x00,0x00,0x00,0x00,0x06,0x2c,0x2c,0x2c,0x2c,0x11,0x00,0x17,0x6a,0x05,0x65,0x65,0x65,0x6f,0x6c,0x6f,0x65,0x65,0x65,0x76,0x6c,0xcd,0xbc,0x6c,0x76,0x65,0x65,0x65,0x65,0x65,0x6f,0x90,0xac,0x6b,0x67,0x65,0x65,0x67,0x6b,0x6b,0x67,0x65,0x65,0x67,0x65,0x12,0x1b,0x2c,0x2c,0x2c,0x2c,0x01,0x00,0x00,0x06,0x06,0x00,0x00,0x00,0x00,0x00,0x00,0x00,0x00,0x00,0x00,0x00,0x00,0x00,0x00,0x00,0x00,0x00,0x00,0x00,0x00,0x00,0x00,0x00,0x00,0x00,0x00,0x00,0x00,0x00,0x00,0x00,0x00,0x00,0x00,0x00,0x00,0x00,0x00,0x00,0x00,
    0x00,0x00,0x00,0x00,0x00,0x00,0x00,0x00,0x00,0x00,0x00,0x00,0x00,0x00,0x00,0x00,0x00,0x00,0x00,0x00,0x00,0x00,0x00,0x00,0x00,0x00,0x00,0x00,0x00,0x00,0x00,0x00,0x00,0x00,0x00,0x00,0x00,0x00,0x00,0x00,0x00,0x00,0x00,0x00,0x00,0x00,0x00,0x00,0x00,0x00,0x00,0x00,0x01,0x01,0x11,0x2b,0x6f,0x05,0x65,0x65,0x65,0x6f,0x6c,0x65,0x65,0x65,0x65,0x76,0x6c,0xd2,0xbc,0x6c,0x76,0x65,0x65,0x65,0x65,0x65,0x65,0x90,0x96,0x65,0x65,0x65,0x65,0x67,0x6b,0x6b,0x67,0x65,0x65,0x65,0x05,0x6f,0x0b,0x00,0x02,0x00,0x00,0x00,0x00,0x00,0x00,0x00,0x00,0x00,0x00,0x00,0x00,0x00,0x00,0x00,0x00,0x00,0x00,0x00,0x00,0x00,0x00,0x00,0x00,0x00,0x00,0x00,0x00,0x00,0x00,0x00,0x00,0x00,0x00,0x00,0x00,0x00,0x00,0x00,0x00,0x00,0x00,0x00,0x00,0x00,0x00,0x00,
    0x00,0x00,0x00,0x00,0x00,0x00,0x00,0x00,0x00,0x00,0x00,0x00,0x00,0x00,0x00,0x00,0x00,0x00,0x00,0x00,0x00,0x00,0x00,0x00,0x00,0x00,0x00,0x00,0x00,0x00,0x00,0x00,0x00,0x00,0x00,0x00,0x00,0x00,0x00,0x00,0x00,0x00,0x00,0x00,0x00,0x00,0x00,0x00,0x00,0x00,0x00,0x00,0x02,0x00,0x17,0x6d,0x0c,0x67,0x65,0x65,0x67,0x6f,0x68,0x67,0x65,0x65,0x65,0x76,0x6c,0xbc,0xbc,0x6c,0x76,0x65,0x65,0x65,0x65,0x65,0x67,0x6b,0xbd,0x76,0x6f,0x65,0x65,0x67,0x6b,0x6c,0x67,0x65,0x65,0x65,0x05,0x65,0x37,0x02,0x01,0x00,0x00,0x00,0x00,0x00,0x00,0x00,0x00,0x00,0x00,0x00,0x00,0x00,0x00,0x00,0x00,0x00,0x00,0x00,0x00,0x00,0x00,0x00,0x00,0x00,0x00,0x00,0x00,0x00,0x00,0x00,0x00,0x00,0x00,0x00,0x00,0x00,0x00,0x00,0x00,0x00,0x00,0x00,0x00,0x00,0x00,0x00,
    0x00,0x00,0x00,0x00,0x00,0x00,0x00,0x00,0x00,0x00,0x00,0x00,0x00,0x00,0x00,0x00,0x00,0x00,0x00,0x00,0x00,0x00,0x00,0x00,0x00,0x00,0x00,0x00,0x00,0x00,0x00,0x00,0x00,0x00,0x00,0x00,0x00,0x00,0x00,0x00,0x00,0x00,0x00,0x00,0x00,0x00,0x00,0x00,0x00,0x00,0x00,0x00,0x02,0x00,0x36,0x6a,0x05,0x67,0x65,0x65,0x67,0x6f,0x68,0x67,0x65,0x65,0x65,0x76,0x6d,0x96,0xbc,0x6c,0x76,0x65,0x65,0x65,0x65,0x65,0x67,0x6c,0xbf,0x76,0x6f,0x65,0x65,0x67,0x6a,0x6c,0x67,0x65,0x65,0x65,0x65,0x05,0x6c,0x0b,0x00,0x02,0x00,0x00,0x00,0x00,0x00,0x00,0x00,0x00,0x00,0x00,0x00,0x00,0x00,0x00,0x00,0x00,0x00,0x00,0x00,0x00,0x00,0x00,0x00,0x00,0x00,0x00,0x00,0x00,0x00,0x00,0x00,0x00,0x00,0x00,0x00,0x00,0x00,0x00,0x00,0x00,0x00,0x00,0x00,0x00,0x00,0x00,
    0x00,0x00,0x00,0x00,0x00,0x00,0x00,0x00,0x00,0x00,0x00,0x00,0x00,0x00,0x00,0x00,0x00,0x00,0x00,0x00,0x00,0x00,0x00,0x00,0x00,0x00,0x00,0x00,0x00,0x00,0x00,0x00,0x00,0x00,0x00,0x00,0x00,0x00,0x00,0x00,0x00,0x00,0x00,0x00,0x00,0x00,0x00,0x00,0x00,0x00,0x00,0x02,0x00,0x1a,0x6a,0x05,0x65,0x65,0x65,0x65,0x67,0x6f,0x68,0x67,0x65,0x65,0x65,0x76,0x6c,0xbc,0xb1,0x68,0x67,0x65,0x65,0x65,0x65,0x65,0x76,0x6c,0xbf,0x81,0x6a,0x67,0x65,0x65,0x6f,0x68,0x65,0x65,0x65,0x65,0x65,0x05,0x6b,0x37,0x02,0x02,0x00,0x00,0x00,0x00,0x00,0x00,0x00,0x00,0x00,0x00,0x00,0x00,0x00,0x00,0x00,0x00,0x00,0x00,0x00,0x00,0x00,0x00,0x00,0x00,0x00,0x00,0x00,0x00,0x00,0x00,0x00,0x00,0x00,0x00,0x00,0x00,0x00,0x00,0x00,0x00,0x00,0x00,0x00,0x00,0x00,0x00,
    0x00,0x00,0x00,0x00,0x00,0x00,0x00,0x00,0x00,0x00,0x00,0x00,0x00,0x00,0x00,0x00,0x00,0x00,0x00,0x00,0x00,0x00,0x00,0x00,0x00,0x00,0x00,0x00,0x00,0x00,0x00,0x00,0x00,0x00,0x00,0x00,0x00,0x00,0x00,0x00,0x00,0x00,0x00,0x00,0x00,0x00,0x00,0x00,0x00,0x00,0x00,0x02,0x00,0x36,0x65,0x05,0x65,0x65,0x65,0x65,0x67,0x6f,0x68,0x67,0x65,0x65,0x65,0x76,0x6d,0xe8,0xbf,0x6d,0x76,0x65,0x65,0x65,0x65,0x65,0x76,0x6d,0xe8,0xbc,0x6c,0x76,0x65,0x65,0x6f,0x68,0x65,0x65,0x65,0x65,0x65,0x65,0x65,0x05,0x09,0x00,0x02,0x00,0x00,0x00,0x00,0x00,0x00,0x00,0x00,0x00,0x00,0x00,0x00,0x00,0x00,0x00,0x00,0x00,0x00,0x00,0x00,0x00,0x00,0x00,0x00,0x00,0x00,0x00,0x00,0x00,0x00,0x00,0x00,0x00,0x00,0x00,0x00,0x00,0x00,0x00,0x00,0x00,0x00,0x00,0x00,0x00,
    0x00,0x00,0x00,0x00,0x00,0x00,0x00,0x00,0x00,0x00,0x00,0x00,0x00,0x00,0x00,0x00,0x00,0x00,0x00,0x00,0x00,0x00,0x00,0x00,0x00,0x00,0x00,0x00,0x00,0x00,0x00,0x00,0x00,0x00,0x00,0x00,0x00,0x00,0x00,0x00,0x00,0x00,0x00,0x00,0x00,0x00,0x00,0x00,0x00,0x00,0x02,0x00,0x18,0x6b,0x05,0x65,0x65,0x65,0x65,0x65,0x67,0x6f,0x68,0x67,0x65,0x65,0x65,0x67,0x6c,0x96,0xc4,0x68,0x67,0x65,0x65,0x65,0x65,0x65,0x67,0x6c,0x96,0xb1,0x68,0x67,0x65,0x65,0x6f,0x6c,0x6f,0x65,0x65,0x65,0x65,0x65,0x05,0x91,0x36,0x11,0x02,0x01,0x00,0x00,0x00,0x00,0x00,0x00,0x00,0x00,0x00,0x00,0x00,0x00,0x00,0x00,0x00,0x00,0x00,0x00,0x00,0x00,0x00,0x00,0x00,0x00,0x00,0x00,0x00,0x00,0x00,0x00,0x00,0x00,0x00,0x00,0x00,0x00,0x00,0x00,0x00,0x00,0x00,0x00,0x00,0x00,
    0x00,0x00,0x00,0x00,0x00,0x00,0x00,0x00,0x00,0x00,0x00,0x00,0x00,0x00,0x00,0x00,0x00,0x00,0x00,0x00,0x00,0x00,0x00,0x00,0x00,0x00,0x00,0x00,0x00,0x00,0x00,0x00,0x00,0x00,0x00,0x00,0x00,0x00,0x00,0x00,0x00,0x00,0x00,0x00,0x00,0x00,0x00,0x00,0x00,0x01,0x02,0x11,0x2b,0x6a,0x05,0x65,0x65,0x65,0x65,0x65,0x67,0x6b,0x6a,0x67,0x65,0x65,0x65,0x65,0x6a,0x90,0x90,0x6f,0x65,0x65,0x65,0x65,0x65,0x65,0x67,0x6a,0xa8,0x90,0x6f,0x65,0x65,0x65,0x65,0x6c,0x6f,0x65,0x65,0x65,0x65,0x65,0x65,0x05,0x65,0x1a,0x00,0x02,0x00,0x00,0x00,0x00,0x00,0x00,0x00,0x00,0x00,0x00,0x00,0x00,0x00,0x00,0x00,0x00,0x00,0x00,0x00,0x00,0x00,0x00,0x00,0x00,0x00,0x00,0x00,0x00,0x00,0x00,0x00,0x00,0x00,0x00,0x00,0x00,0x00,0x00,0x00,0x00,0x00,0x00,0x00,0x00,
    0x00,0x00,0x00,0x00,0x00,0x00,0x00,0x00,0x00,0x00,0x00,0x00,0x00,0x00,0x00,0x00,0x00,0x00,0x00,0x00,0x00,0x00,0x00,0x00,0x00,0x00,0x00,0x00,0x00,0x00,0x00,0x00,0x00,0x00,0x00,0x00,0x00,0x00,0x00,0x00,0x00,0x00,0x00,0x00,0x00,0x00,0x00,0x00,0x00,0x02,0x00,0x17,0x68,0x0c,0x65,0x65,0x65,0x65,0x65,0x67,0x6f,0x6c,0x6a,0x67,0x65,0x65,0x65,0x65,0x67,0x6a,0x6f,0x65,0x65,0x65,0x65,0x65,0x65,0x65,0x65,0x67,0x6a,0x6f,0x65,0x65,0x65,0x65,0x67,0x68,0x6f,0x67,0x65,0x65,0x65,0x65,0x65,0x05,0x05,0x37,0x02,0x01,0x00,0x00,0x00,0x00,0x00,0x00,0x00,0x00,0x00,0x00,0x00,0x00,0x00,0x00,0x00,0x00,0x00,0x00,0x00,0x00,0x00,0x00,0x00,0x00,0x00,0x00,0x00,0x00,0x00,0x00,0x00,0x00,0x00,0x00,0x00,0x00,0x00,0x00,0x00,0x00,0x00,0x00,0x00,0x00,
    0x00,0x00,0x00,0x00,0x00,0x00,0x00,0x00,0x00,0x00,0x00,0x00,0x00,0x00,0x00,0x00,0x00,0x00,0x00,0x00,0x00,0x00,0x00,0x00,0x00,0x00,0x00,0x00,0x00,0x00,0x00,0x00,0x00,0x00,0x00,0x00,0x00,0x00,0x00,0x00,0x00,0x00,0x00,0x00,0x00,0x00,0x00,0x00,0x02,0x01,0x1b,0x2b,0x05,0x67,0x65,0x65,0x65,0x65,0x65,0x67,0x6a,0x6d,0x6a,0x67,0x65,0x65,0x65,0x65,0x65,0x67,0x67,0x65,0x65,0x65,0x65,0x65,0x65,0x65,0x65,0x65,0x67,0x65,0x65,0x65,0x65,0x65,0x67,0x68,0x6f,0x67,0x65,0x65,0x65,0x65,0x65,0x65,0x05,0x6a,0x0b,0x00,0x02,0x00,0x00,0x00,0x00,0x00,0x00,0x00,0x00,0x00,0x00,0x00,0x00,0x00,0x00,0x00,0x00,0x00,0x00,0x00,0x00,0x00,0x00,0x00,0x00,0x00,0x00,0x00,0x00,0x00,0x00,0x00,0x00,0x00,0x00,0x00,0x00,0x00,0x00,0x00,0x00,0x00,0x00,0x00,
    0x00,0x00,0x00,0x00,0x00,0x00,0x00,0x00,0x00,0x00,0x00,0x00,0x00,0x00,0x00,0x00,0x00,0x00,0x00,0x00,0x00,0x00,0x00,0x00,0x00,0x00,0x00,0x00,0x00,0x00,0x00,0x00,0x00,0x00,0x00,0x00,0x00,0x00,0x00,0x00,0x00,0x00,0x00,0x00,0x00,0x00,0x00,0x00,0x02,0x02,0x16,0x65,0x05,0x65,0x65,0x65,0x65,0x65,0x65,0x65,0x6f,0x6c,0x65,0x65,0x65,0x65,0x65,0x65,0x65,0x65,0x65,0x65,0x65,0x65,0x65,0x65,0x65,0x65,0x65,0x65,0x65,0x65,0x65,0x65,0x65,0x65,0x67,0x6b,0x6f,0x67,0x65,0x65,0x65,0x65,0x65,0x65,0x05,0x67,0x37,0x02,0x02,0x01,0x00,0x00,0x00,0x00,0x00,0x00,0x00,0x00,0x00,0x00,0x00,0x00,0x00,0x00,0x00,0x00,0x00,0x00,0x00,0x00,0x00,0x00,0x00,0x00,0x00,0x00,0x00,0x00,0x00,0x00,0x00,0x00,0x00,0x00,0x00,0x00,0x00,0x00,0x00,0x00,0x00,0x00,
    0x00,0x00,0x00,0x00,0x00,0x00,0x00,0x00,0x00,0x00,0x00,0x00,0x00,0x00,0x00,0x00,0x00,0x00,0x00,0x00,0x00,0x00,0x00,0x00,0x00,0x00,0x00,0x00,0x00,0x00,0x00,0x00,0x00,0x00,0x00,0x00,0x00,0x00,0x00,0x00,0x00,0x00,0x00,0x00,0x00,0x00,0x00,0x02,0x00,0x18,0x67,0x05,0x65,0x65,0x65,0x65,0x65,0x65,0x65,0x67,0x6b,0x6c,0x65,0x65,0x65,0x65,0x65,0x65,0x65,0x65,0x65,0x65,0x65,0x65,0x65,0x65,0x65,0x65,0x65,0x65,0x65,0x65,0x65,0x65,0x65,0x65,0x67,0x6a,0x6b,0x67,0x65,0x65,0x65,0x65,0x65,0x65,0x65,0x05,0x67,0x17,0x00,0x02,0x00,0x00,0x00,0x00,0x00,0x00,0x00,0x00,0x00,0x00,0x00,0x00,0x00,0x00,0x00,0x00,0x00,0x00,0x00,0x00,0x00,0x00,0x00,0x00,0x00,0x00,0x00,0x00,0x00,0x00,0x00,0x00,0x00,0x00,0x00,0x00,0x00,0x00,0x00,0x00,0x00,0x00,
    0x00,0x00,0x00,0x00,0x00,0x00,0x00,0x00,0x00,0x00,0x00,0x00,0x00,0x00,0x00,0x00,0x00,0x00,0x00,0x00,0x00,0x00,0x00,0x00,0x00,0x00,0x00,0x00,0x00,0x00,0x00,0x00,0x00,0x00,0x00,0x00,0x00,0x00,0x00,0x00,0x00,0x00,0x00,0x00,0x00,0x00,0x00,0x02,0x00,0x1e,0x05,0x05,0x65,0x65,0x65,0x65,0x65,0x65,0x65,0x65,0x6c,0x6c,0x65,0x65,0x65,0x65,0x65,0x65,0x65,0x65,0x65,0x65,0x65,0x65,0x65,0x65,0x65,0x65,0x65,0x65,0x65,0x65,0x65,0x65,0x65,0x65,0x67,0x6a,0x6b,0x67,0x65,0x65,0x65,0x65,0x65,0x65,0x65,0x67,0x76,0x0c,0x09,0x01,0x02,0x00,0x00,0x00,0x00,0x00,0x00,0x00,0x00,0x00,0x00,0x00,0x00,0x00,0x00,0x00,0x00,0x00,0x00,0x00,0x00,0x00,0x00,0x00,0x00,0x00,0x00,0x00,0x00,0x00,0x00,0x00,0x00,0x00,0x00,0x00,0x00,0x00,0x00,0x00,0x00,0x00,
    0x00,0x00,0x00,0x00,0x00,0x00,0x00,0x00,0x00,0x00,0x00,0x00,0x00,0x00,0x00,0x00,0x00,0x00,0x00,0x00,0x00,0x00,0x00,0x00,0x00,0x00,0x00,0x00,0x00,0x00,0x00,0x00,0x00,0x00,0x00,0x00,0x00,0x00,0x00,0x00,0x00,0x00,0x00,0x00,0x00,0x00,0x02,0x00,0x18,0x6a,0x05,0x65,0x65,0x65,0x65,0x65,0x65,0x65,0x65,0x65,0x6c,0x6b,0x67,0x65,0x65,0x65,0x65,0x65,0x65,0x65,0x65,0x65,0x65,0x65,0x65,0x65,0x65,0x65,0x65,0x65,0x65,0x65,0x65,0x65,0x65,0x65,0x65,0x65,0x68,0x65,0x65,0x65,0x65,0x65,0x65,0x65,0x65,0x65,0x05,0x6b,0x17,0x01,0x02,0x00,0x00,0x00,0x00,0x00,0x00,0x00,0x00,0x00,0x00,0x00,0x00,0x00,0x00,0x00,0x00,0x00,0x00,0x00,0x00,0x00,0x00,0x00,0x00,0x00,0x00,0x00,0x00,0x00,0x00,0x00,0x00,0x00,0x00,0x00,0x00,0x00,0x00,0x00,0x00,0x00,
    0x00,0x00,0x00,0x00,0x00,0x00,0x00,0x00,0x00,0x00,0x00,0x00,0x00,0x00,0x00,0x00,0x00,0x00,0x00,0x00,0x00,0x00,0x00,0x00,0x00,0x00,0x00,0x00,0x00,0x00,0x00,0x00,0x00,0x00,0x00,0x00,0x00,0x00,0x00,0x00,0x00,0x00,0x00,0x00,0x00,0x00,0x02,0x02,0x1e,0x65,0x05,0x65,0x65,0x65,0x65,0x65,0x65,0x65,0x65,0x6f,0x6c,0x6f,0x65,0x65,0x65,0x65,0x65,0x65,0x65,0x65,0x65,0x65,0x65,0x65,0x65,0x65,0x65,0x65,0x65,0x65,0x65,0x65,0x65,0x65,0x65,0x65,0x65,0x67,0x68,0x6a,0x67,0x65,0x65,0x65,0x65,0x65,0x65,0x65,0x05,0x67,0x1e,0x00,0x01,0x00,0x00,0x00,0x00,0x00,0x00,0x00,0x00,0x00,0x00,0x00,0x00,0x00,0x00,0x00,0x00,0x00,0x00,0x00,0x00,0x00,0x00,0x00,0x00,0x00,0x00,0x00,0x00,0x00,0x00,0x00,0x00,0x00,0x00,0x00,0x00,0x00,0x00,0x00,0x00,0x00,
    0x00,0x00,0x00,0x00,0x00,0x00,0x00,0x00,0x00,0x00,0x00,0x00,0x00,0x00,0x00,0x00,0x00,0x00,0x00,0x00,0x00,0x00,0x00,0x00,0x00,0x00,0x00,0x00,0x00,0x00,0x00,0x00,0x00,0x00,0x00,0x00,0x00,0x00,0x00,0x00,0x00,0x00,0x00,0x00,0x00,0x02,0x01,0x18,0x6c,0x0c,0x65,0x65,0x65,0x65,0x65,0x65,0x65,0x65,0x67,0x6a,0x6b,0x67,0x65,0x65,0x65,0x65,0x65,0x65,0x65,0x65,0x65,0x65,0x65,0x65,0x65,0x65,0x65,0x65,0x65,0x65,0x65,0x65,0x65,0x65,0x65,0x65,0x65,0x67,0x6b,0x68,0x67,0x65,0x65,0x65,0x65,0x65,0x65,0x65,0x67,0x76,0x2b,0x0a,0x00,0x01,0x00,0x00,0x00,0x00,0x00,0x00,0x00,0x00,0x00,0x00,0x00,0x00,0x00,0x00,0x00,0x00,0x00,0x00,0x00,0x00,0x00,0x00,0x00,0x00,0x00,0x00,0x00,0x00,0x00,0x00,0x00,0x00,0x00,0x00,0x00,0x00,0x00,0x00,0x00,0x00,
    0x00,0x00,0x00,0x00,0x00,0x00,0x00,0x00,0x00,0x00,0x00,0x00,0x00,0x00,0x00,0x00,0x00,0x00,0x00,0x00,0x00,0x00,0x00,0x00,0x00,0x00,0x00,0x00,0x00,0x00,0x00,0x00,0x00,0x00,0x00,0x00,0x00,0x00,0x00,0x00,0x00,0x00,0x00,0x00,0x00,0x02,0x00,0x16,0x68,0x05,0x65,0x65,0x65,0x65,0x65,0x65,0x65,0x65,0x67,0x68,0x6a,0x65,0x65,0x65,0x65,0x65,0x65,0x65,0x65,0x65,0x65,0x65,0x65,0x65,0x65,0x65,0x65,0x65,0x65,0x65,0x65,0x65,0x65,0x65,0x65,0x65,0x65,0x65,0x6f,0x6c,0x65,0x65,0x65,0x65,0x65,0x65,0x65,0x65,0x65,0x05,0x6a,0x0b,0x00,0x02,0x00,0x00,0x00,0x00,0x00,0x00,0x00,0x00,0x00,0x00,0x00,0x00,0x00,0x00,0x00,0x00,0x00,0x00,0x00,0x00,0x00,0x00,0x00,0x00,0x00,0x00,0x00,0x00,0x00,0x00,0x00,0x00,0x00,0x00,0x00,0x00,0x00,0x00,0x00,0x00,
    0x00,0x00,0x00,0x00,0x00,0x00,0x00,0x00,0x00,0x00,0x00,0x00,0x00,0x00,0x00,0x00,0x00,0x00,0x00,0x00,0x00,0x00,0x00,0x00,0x00,0x00,0x00,0x00,0x00,0x00,0x00,0x00,0x00,0x00,0x00,0x00,0x00,0x00,0x00,0x00,0x00,0x00,0x00,0x00,0x02,0x01,0x18,0x0d,0x05,0x65,0x65,0x65,0x65,0x65,0x65,0x65,0x65,0x65,0x6f,0x68,0x65,0x65,0x65,0x65,0x65,0x65,0x65,0x65,0x65,0x65,0x65,0x65,0x65,0x65,0x65,0x65,0x65,0x65,0x65,0x65,0x65,0x65,0x65,0x65,0x65,0x65,0x65,0x65,0x65,0x68,0x6f,0x65,0x65,0x65,0x65,0x65,0x65,0x65,0x65,0x05,0x6f,0x1e,0x02,0x02,0x00,0x00,0x00,0x00,0x00,0x00,0x00,0x00,0x00,0x00,0x00,0x00,0x00,0x00,0x00,0x00,0x00,0x00,0x00,0x00,0x00,0x00,0x00,0x00,0x00,0x00,0x00,0x00,0x00,0x00,0x00,0x00,0x00,0x00,0x00,0x00,0x00,0x00,0x00,0x00,
    0x00,0x00,0x00,0x00,0x00,0x00,0x00,0x00,0x00,0x00,0x00,0x00,0x00,0x00,0x00,0x00,0x00,0x00,0x00,0x00,0x00,0x00,0x00,0x00,0x00,0x00,0x00,0x00,0x00,0x00,0x00,0x00,0x00,0x00,0x00,0x00,0x00,0x00,0x00,0x00,0x00,0x00,0x00,0x00,0x02,0x00,0x1e,0x6f,0x05,0x65,0x65,0x65,0x65,0x65,0x65,0x65,0x65,0x67,0x6a,0x6b,0x67,0x65,0x65,0x65,0x65,0x65,0x65,0x65,0x65,0x65,0x65,0x65,0x65,0x65,0x65,0x65,0x65,0x65,0x65,0x65,0x65,0x65,0x65,0x65,0x65,0x65,0x65,0x65,0x67,0x6b,0x6b,0x67,0x65,0x65,0x65,0x65,0x65,0x65,0x65,0x65,0x05,0x6b,0x18,0x00,0x02,0x00,0x00,0x00,0x00,0x00,0x00,0x00,0x00,0x00,0x00,0x00,0x00,0x00,0x00,0x00,0x00,0x00,0x00,0x00,0x00,0x00,0x00,0x00,0x00,0x00,0x00,0x00,0x00,0x00,0x00,0x00,0x00,0x00,0x00,0x00,0x00,0x00,0x00,0x00,
    0x00,0x00,0x00,0x00,0x00,0x00,0x00,0x00,0x00,0x00,0x00,0x00,0x00,0x00,0x00,0x00,0x00,0x00,0x00,0x00,0x00,0x00,0x00,0x00,0x00,0x00,0x00,0x00,0x00,0x00,0x00,0x00,0x00,0x00,0x00,0x00,0x00,0x00,0x00,0x00,0x00,0x00,0x00,0x02,0x00,0x09,0x12,0x05,0x65,0x65,0x65,0x65,0x65,0x65,0x65,0x65,0x65,0x65,0x68,0x6f,0x65,0x65,0x65,0x65,0x65,0x65,0x65,0x65,0x65,0x65,0x65,0x65,0x65,0x65,0x65,0x65,0x65,0x65,0x65,0x65,0x65,0x65,0x65,0x65,0x65,0x65,0x65,0x65,0x65,0x6f,0x68,0x65,0x65,0x65,0x65,0x65,0x65,0x65,0x65,0x65,0x05,0x05,0x0b,0x00,0x02,0x00,0x00,0x00,0x00,0x00,0x00,0x00,0x00,0x00,0x00,0x00,0x00,0x00,0x00,0x00,0x00,0x00,0x00,0x00,0x00,0x00,0x00,0x00,0x00,0x00,0x00,0x00,0x00,0x00,0x00,0x00,0x00,0x00,0x00,0x00,0x00,0x00,0x00,0x00,
    0x00,0x00,0x00,0x00,0x00,0x00,0x00,0x00,0x00,0x00,0x00,0x00,0x00,0x00,0x00,0x00,0x00,0x00,0x00,0x00,0x00,0x00,0x00,0x00,0x00,0x00,0x00,0x00,0x00,0x00,0x00,0x00,0x00,0x00,0x00,0x00,0x00,0x00,0x00,0x00,0x00,0x00,0x00,0x01,0x00,0x0a,0x2b,0x6f,0x05,0x65,0x65,0x65,0x65,0x65,0x65,0x65,0x67,0x6a,0x68,0x67,0x65,0x65,0x65,0x65,0x65,0x65,0x65,0x65,0x65,0x65,0x65,0x65,0x65,0x65,0x65,0x65,0x65,0x65,0x65,0x65,0x65,0x65,0x65,0x65,0x65,0x65,0x65,0x65,0x65,0x67,0x68,0x6f,0x67,0x65,0x65,0x65,0x65,0x65,0x65,0x6f,0x0c,0x6b,0x18,0x00,0x02,0x00,0x00,0x00,0x00,0x00,0x00,0x00,0x00,0x00,0x00,0x00,0x00,0x00,0x00,0x00,0x00,0x00,0x00,0x00,0x00,0x00,0x00,0x00,0x00,0x00,0x00,0x00,0x00,0x00,0x00,0x00,0x00,0x00,0x00,0x00,0x00,0x00,0x00,0x00,
    0x00,0x00,0x00,0x00,0x00,0x00,0x00,0x00,0x00,0x00,0x00,0x00,0x00,0x00,0x00,0x00,0x00,0x00,0x00,0x00,0x00,0x00,0x00,0x00,0x00,0x00,0x00,0x00,0x00,0x00,0x00,0x00,0x00,0x00,0x00,0x00,0x00,0x00,0x00,0x00,0x00,0x00,0x00,0x00,0x02,0x00,0x21,0x6c,0x0c,0x67,0x67,0x65,0x65,0x65,0x65,0x65,0x67,0x6b,0x6a,0x67,0x65,0x65,0x65,0x65,0x65,0x65,0x65,0x65,0x65,0x65,0x65,0x65,0x65,0x65,0x65,0x65,0x65,0x65,0x65,0x65,0x65,0x65,0x65,0x65,0x65,0x65,0x65,0x65,0x65,0x67,0x6b,0x68,0x67,0x65,0x65,0x67,0x65,0x65,0x6a,0x0d,0x6c,0x1e,0x11,0x01,0x01,0x00,0x00,0x00,0x00,0x00,0x00,0x00,0x00,0x00,0x00,0x00,0x00,0x00,0x00,0x00,0x00,0x00,0x00,0x00,0x00,0x00,0x00,0x00,0x00,0x00,0x00,0x00,0x00,0x00,0x00,0x00,0x00,0x00,0x00,0x00,0x00,0x00,0x00,0x00,
    0x00,0x00,0x00,0x00,0x00,0x00,0x00,0x00,0x00,0x00,0x00,0x00,0x00,0x00,0x00,0x00,0x00,0x00,0x00,0x00,0x00,0x00,0x00,0x00,0x00,0x00,0x00,0x00,0x00,0x00,0x00,0x00,0x00,0x00,0x00,0x00,0x00,0x00,0x00,0x00,0x00,0x00,0x00,0x00,0x02,0x01,0x1a,0x6c,0x68,0x68,0x6a,0x65,0x65,0x67,0x65,0x65,0x65,0x68,0x6f,0x65,0x65,0x65,0x65,0x65,0x65,0x65,0x65,0x65,0x65,0x65,0x65,0x65,0x65,0x65,0x65,0x65,0x65,0x65,0x65,0x65,0x65,0x65,0x65,0x65,0x65,0x65,0x65,0x65,0x65,0x67,0x6f,0x6c,0x65,0x67,0x65,0x6a,0x67,0x65,0x6b,0x0d,0x68,0x17,0x00,0x02,0x00,0x00,0x00,0x00,0x00,0x00,0x00,0x00,0x00,0x00,0x00,0x00,0x00,0x00,0x00,0x00,0x00,0x00,0x00,0x00,0x00,0x00,0x00,0x00,0x00,0x00,0x00,0x00,0x00,0x00,0x00,0x00,0x00,0x00,0x00,0x00,0x00,0x00,0x00,0x00,
    0x00,0x00,0x00,0x00,0x00,0x00,0x00,0x00,0x00,0x00,0x00,0x00,0x00,0x00,0x00,0x00,0x00,0x00,0x00,0x00,0x00,0x00,0x00,0x00,0x00,0x00,0x00,0x00,0x00,0x00,0x00,0x00,0x00,0x00,0x00,0x00,0x00,0x00,0x00,0x00,0x00,0x00,0x00,0x00,0x02,0x00,0x16,0x68,0x0c,0x6d,0x6c,0x6c,0x6c,0x6b,0x6f,0x6f,0x6a,0x68,0x67,0x65,0x65,0x65,0x65,0x65,0x65,0x65,0x65,0x65,0x65,0x65,0x65,0x65,0x65,0x65,0x65,0x65,0x65,0x65,0x65,0x65,0x65,0x65,0x65,0x65,0x65,0x65,0x65,0x65,0x65,0x65,0x65,0x68,0x6f,0x6f,0x68,0x6c,0x6b,0x6c,0x6d,0x68,0x65,0x12,0x0a,0x01,0x01,0x00,0x00,0x00,0x00,0x00,0x00,0x00,0x00,0x00,0x00,0x00,0x00,0x00,0x00,0x00,0x00,0x00,0x00,0x00,0x00,0x00,0x00,0x00,0x00,0x00,0x00,0x00,0x00,0x00,0x00,0x00,0x00,0x00,0x00,0x00,0x00,0x00,0x00,0x00,
    0x00,0x00,0x00,0x00,0x00,0x00,0x00,0x00,0x00,0x00,0x00,0x00,0x00,0x00,0x00,0x00,0x00,0x00,0x00,0x00,0x00,0x00,0x00,0x00,0x00,0x00,0x00,0x00,0x00,0x00,0x00,0x00,0x00,0x00,0x00,0x00,0x00,0x00,0x00,0x00,0x00,0x00,0x00,0x00,0x03,0x00,0x2b,0x6f,0x0c,0x6c,0x6b,0x6a,0x6c,0x6c,0x6d,0x6c,0x6c,0x6b,0x67,0x65,0x65,0x65,0x65,0x65,0x65,0x65,0x65,0x65,0x65,0x65,0x65,0x65,0x65,0x65,0x65,0x65,0x65,0x65,0x65,0x65,0x65,0x65,0x65,0x65,0x65,0x65,0x65,0x65,0x65,0x65,0x67,0x6b,0x6b,0x6c,0x6d,0x6c,0x6b,0x6c,0x6d,0x6c,0x0c,0x65,0x58,0x00,0x02,0x00,0x00,0x00,0x00,0x00,0x00,0x00,0x00,0x00,0x00,0x00,0x00,0x00,0x00,0x00,0x00,0x00,0x00,0x00,0x00,0x00,0x00,0x00,0x00,0x00,0x00,0x00,0x00,0x00,0x00,0x00,0x00,0x00,0x00,0x00,0x00,0x00,0x00,0x00,
    0x00,0x00,0x00,0x00,0x00,0x00,0x00,0x00,0x00,0x00,0x00,0x00,0x00,0x00,0x00,0x00,0x00,0x00,0x00,0x00,0x00,0x00,0x00,0x00,0x00,0x00,0x00,0x00,0x00,0x00,0x00,0x00,0x00,0x00,0x00,0x00,0x00,0x00,0x00,0x00,0x00,0x00,0x00,0x04,0x00,0x55,0xc7,0x6d,0x76,0x65,0x65,0x6f,0x65,0x6f,0x68,0x6c,0x6c,0x6a,0x67,0x65,0x65,0x67,0x67,0x67,0x67,0x67,0x67,0x65,0x65,0x65,0x65,0x65,0x65,0x65,0x65,0x65,0x65,0x65,0x65,0x65,0x65,0x65,0x65,0x65,0x65,0x65,0x65,0x65,0x65,0x65,0x67,0x6b,0x6c,0x6c,0x6b,0x67,0x6f,0x6b,0x6f,0x6f,0x0d,0xb3,0x54,0x03,0x04,0x03,0x00,0x00,0x00,0x00,0x00,0x00,0x00,0x00,0x00,0x00,0x00,0x00,0x00,0x00,0x00,0x00,0x00,0x00,0x00,0x00,0x00,0x00,0x00,0x00,0x00,0x00,0x00,0x00,0x00,0x00,0x00,0x00,0x00,0x00,0x00,0x00,0x00,0x00,
    0x00,0x00,0x00,0x00,0x00,0x00,0x00,0x00,0x00,0x00,0x00,0x00,0x00,0x00,0x00,0x00,0x00,0x00,0x00,0x00,0x00,0x00,0x00,0x00,0x00,0x00,0x00,0x00,0x00,0x00,0x00,0x00,0x00,0x00,0x00,0x00,0x00,0x00,0x00,0x00,0x00,0x00,0x04,0x03,0x56,0x48,0x0f,0xc8,0x77,0x67,0x76,0x65,0x65,0x67,0x6a,0x6c,0x6d,0x6a,0x67,0x67,0x65,0x6a,0x6b,0x6b,0x6b,0x6b,0x6a,0x65,0x67,0x67,0x65,0x65,0x65,0x65,0x65,0x65,0x65,0x65,0x67,0x67,0x65,0x67,0x67,0x65,0x6f,0x6f,0x6f,0x6f,0x67,0x67,0x76,0x6b,0x6c,0x6f,0x65,0x65,0x6f,0x6b,0x6b,0x77,0xaf,0x80,0xa1,0x49,0x01,0x03,0x00,0x00,0x00,0x00,0x00,0x00,0x00,0x00,0x00,0x00,0x00,0x00,0x00,0x00,0x00,0x00,0x00,0x00,0x00,0x00,0x00,0x00,0x00,0x00,0x00,0x00,0x00,0x00,0x00,0x00,0x00,0x00,0x00,0x00,0x00,0x00,0x00,0x00,
    0x00,0x00,0x00,0x00,0x00,0x00,0x00,0x00,0x00,0x00,0x00,0x00,0x00,0x00,0x00,0x00,0x00,0x00,0x00,0x00,0x00,0x00,0x00,0x00,0x00,0x00,0x00,0x00,0x00,0x00,0x00,0x00,0x00,0x00,0x00,0x00,0x00,0x00,0x00,0x00,0x00,0x00,0x06,0x00,0x31,0xaf,0xb3,0x80,0xc7,0x68,0x68,0x67,0x65,0x6f,0x6c,0x68,0x0d,0x6b,0x6f,0x68,0x6c,0x6d,0x6c,0x6c,0x6d,0x6d,0x6d,0x6c,0x6b,0x6b,0x6f,0x6f,0x65,0x67,0x67,0x67,0x67,0x65,0x6a,0x6a,0x6a,0x68,0x68,0x6b,0x68,0x6c,0x6d,0x6c,0x68,0x6b,0x6f,0x6b,0x6f,0x67,0x6f,0x76,0x76,0x6c,0x6d,0xa9,0x83,0x85,0x52,0xc3,0x3b,0x00,0x04,0x00,0x00,0x00,0x00,0x00,0x00,0x00,0x00,0x00,0x00,0x00,0x00,0x00,0x00,0x00,0x00,0x00,0x00,0x00,0x00,0x00,0x00,0x00,0x00,0x00,0x00,0x00,0x00,0x00,0x00,0x00,0x00,0x00,0x00,0x00,0x00,0x00,
    0x00,0x00,0x00,0x00,0x00,0x00,0x00,0x00,0x00,0x00,0x00,0x00,0x00,0x00,0x00,0x00,0x00,0x00,0x00,0x00,0x00,0x00,0x00,0x00,0x00,0x00,0x00,0x00,0x00,0x00,0x00,0x00,0x00,0x00,0x00,0x00,0x00,0x00,0x00,0x00,0x00,0x00,0x06,0x00,0x44,0xaf,0xb8,0xb0,0xbe,0xa1,0x10,0x77,0x6d,0x6b,0x0d,0x65,0x68,0x6a,0x6a,0x6d,0x68,0x68,0x68,0x6a,0x6a,0x6a,0x6a,0x6a,0x6b,0x6b,0x6a,0x6b,0x6b,0x68,0x68,0x6b,0x68,0x6c,0x6d,0x6c,0x68,0x6d,0x6c,0x68,0x68,0x68,0x68,0x68,0x6c,0x6d,0x6d,0x6c,0x6a,0x05,0x05,0x6c,0x6d,0x8c,0x98,0x8a,0x7a,0xa3,0x3c,0xb6,0x4c,0x00,0x06,0x00,0x00,0x00,0x00,0x00,0x00,0x00,0x00,0x00,0x00,0x00,0x00,0x00,0x00,0x00,0x00,0x00,0x00,0x00,0x00,0x00,0x00,0x00,0x00,0x00,0x00,0x00,0x00,0x00,0x00,0x00,0x00,0x00,0x00,0x00,0x00,0x00,
    0x00,0x00,0x00,0x00,0x00,0x00,0x00,0x00,0x00,0x00,0x00,0x00,0x00,0x00,0x00,0x00,0x00,0x00,0x00,0x00,0x00,0x00,0x00,0x00,0x00,0x00,0x00,0x00,0x00,0x00,0x00,0x00,0x00,0x00,0x00,0x00,0x00,0x00,0x00,0x00,0x00,0x00,0x04,0x00,0x4b,0xa2,0xb0,0x7f,0xad,0xb0,0x3c,0xb6,0x10,0x6f,0x6c,0x68,0x1e,0x68,0x6b,0x6f,0x67,0x67,0x67,0x67,0x67,0x67,0x67,0x67,0x67,0x67,0x67,0x67,0x6f,0x6f,0x6b,0x6b,0x6b,0x6b,0x6a,0x6f,0x6f,0x6f,0x6f,0x67,0x65,0x65,0x67,0x65,0x6f,0x6b,0x6c,0x6c,0x0c,0x6a,0x8c,0xe2,0xa9,0xb8,0xa3,0x92,0x7a,0xa1,0x08,0x27,0x22,0x03,0x01,0x00,0x00,0x00,0x00,0x00,0x00,0x00,0x00,0x00,0x00,0x00,0x00,0x00,0x00,0x00,0x00,0x00,0x00,0x00,0x00,0x00,0x00,0x00,0x00,0x00,0x00,0x00,0x00,0x00,0x00,0x00,0x00,0x00,0x00,0x00,0x00,0x00,
    0x00,0x00,0x00,0x00,0x00,0x00,0x00,0x00,0x00,0x00,0x00,0x00,0x00,0x00,0x00,0x00,0x00,0x00,0x00,0x00,0x00,0x00,0x00,0x00,0x00,0x00,0x00,0x00,0x00,0x00,0x00,0x00,0x00,0x00,0x00,0x00,0x00,0x00,0x00,0x00,0x00,0x00,0x03,0x03,0x30,0x4f,0x19,0x0f,0x27,0x52,0xa2,0x15,0x15,0x3f,0x21,0x1a,0x18,0x65,0x05,0x67,0x65,0x65,0x65,0x65,0x65,0x65,0x65,0x65,0x65,0x65,0x65,0x65,0x65,0x67,0x67,0x67,0x67,0x67,0x67,0x65,0x67,0x65,0x65,0x65,0x65,0x65,0x65,0x65,0x65,0x67,0x65,0x68,0x0b,0x1a,0x41,0x98,0x15,0x98,0x2d,0x31,0x48,0x49,0x49,0x56,0x00,0x03,0x00,0x00,0x00,0x00,0x00,0x00,0x00,0x00,0x00,0x00,0x00,0x00,0x00,0x00,0x00,0x00,0x00,0x00,0x00,0x00,0x00,0x00,0x00,0x00,0x00,0x00,0x00,0x00,0x00,0x00,0x00,0x00,0x00,0x00,0x00,0x00,0x00,0x00,
    0x00,0x00,0x00,0x00,0x00,0x00,0x00,0x00,0x00,0x00,0x00,0x00,0x00,0x00,0x00,0x00,0x00,0x00,0x00,0x00,0x00,0x00,0x00,0x00,0x00,0x00,0x00,0x00,0x00,0x00,0x00,0x00,0x00,0x00,0x00,0x00,0x00,0x00,0x00,0x00,0x00,0x00,0x00,0x03,0x00,0x04,0x30,0x60,0x2a,0x2a,0x50,0x9f,0x49,0x30,0x00,0x00,0x0b,0x0c,0x05,0x6f,0x6a,0x67,0x67,0x65,0x65,0x65,0x65,0x65,0x65,0x65,0x65,0x65,0x65,0x65,0x65,0x65,0x65,0x65,0x65,0x65,0x65,0x65,0x65,0x65,0x65,0x65,0x65,0x65,0x65,0x65,0x05,0x0c,0x1a,0x00,0x00,0x4c,0xb6,0x44,0x00,0x00,0x60,0x00,0x00,0x00,0x01,0x00,0x00,0x00,0x00,0x00,0x00,0x00,0x00,0x00,0x00,0x00,0x00,0x00,0x00,0x00,0x00,0x00,0x00,0x00,0x00,0x00,0x00,0x00,0x00,0x00,0x00,0x00,0x00,0x00,0x00,0x00,0x00,0x00,0x00,0x00,0x00,0x00,0x00,0x00,
    0x00,0x00,0x00,0x00,0x00,0x00,0x00,0x00,0x00,0x00,0x00,0x00,0x00,0x00,0x00,0x00,0x00,0x00,0x00,0x00,0x00,0x00,0x00,0x00,0x00,0x00,0x00,0x00,0x00,0x00,0x00,0x00,0x00,0x00,0x00,0x00,0x00,0x00,0x00,0x00,0x00,0x00,0x00,0x00,0x03,0x00,0x00,0x00,0x00,0x00,0x2a,0x3b,0x00,0x00,0x11,0x02,0x0b,0x6c,0x6c,0x6b,0x65,0x6f,0x6f,0x65,0x67,0x67,0x76,0x76,0x76,0x76,0x76,0x67,0x67,0x65,0x6f,0x65,0x67,0x65,0x65,0x65,0x67,0x67,0x76,0x76,0x76,0x76,0x67,0x05,0x05,0x6f,0x6b,0x6c,0x18,0x02,0x02,0x00,0x23,0x22,0x03,0x07,0x00,0x03,0x04,0x03,0x00,0x00,0x00,0x00,0x00,0x00,0x00,0x00,0x00,0x00,0x00,0x00,0x00,0x00,0x00,0x00,0x00,0x00,0x00,0x00,0x00,0x00,0x00,0x00,0x00,0x00,0x00,0x00,0x00,0x00,0x00,0x00,0x00,0x00,0x00,0x00,0x00,0x00,0x00,0x00,
    0x00,0x00,0x00,0x00,0x00,0x00,0x00,0x00,0x00,0x00,0x00,0x00,0x00,0x00,0x00,0x00,0x00,0x00,0x00,0x00,0x00,0x00,0x00,0x00,0x00,0x00,0x00,0x00,0x00,0x00,0x00,0x00,0x00,0x00,0x00,0x00,0x00,0x00,0x00,0x00,0x00,0x00,0x00,0x00,0x00,0x03,0x03,0x03,0x03,0x03,0x00,0x00,0x03,0x03,0x01,0x00,0x1b,0x16,0x16,0x12,0x12,0x8c,0x8c,0x65,0x6a,0x68,0x6c,0x6d,0x6c,0x6c,0x68,0x6b,0x6a,0x05,0x0c,0x6b,0x6f,0x6a,0x6f,0x6f,0x6f,0x6b,0x68,0x6c,0x6c,0x6c,0x6c,0x6f,0x65,0x2b,0x36,0x17,0x0a,0x02,0x01,0x03,0x00,0x00,0x00,0x00,0x03,0x00,0x00,0x00,0x00,0x00,0x00,0x00,0x00,0x00,0x00,0x00,0x00,0x00,0x00,0x00,0x00,0x00,0x00,0x00,0x00,0x00,0x00,0x00,0x00,0x00,0x00,0x00,0x00,0x00,0x00,0x00,0x00,0x00,0x00,0x00,0x00,0x00,0x00,0x00,0x00,0x00,0x00,0x00,
    0x00,0x00,0x00,0x00,0x00,0x00,0x00,0x00,0x00,0x00,0x00,0x00,0x00,0x00,0x00,0x00,0x00,0x00,0x00,0x00,0x00,0x00,0x00,0x00,0x00,0x00,0x00,0x00,0x00,0x00,0x00,0x00,0x00,0x00,0x00,0x00,0x00,0x00,0x00,0x00,0x00,0x00,0x00,0x00,0x00,0x00,0x00,0x00,0x00,0x00,0x03,0x07,0x00,0x00,0x00,0x00,0x00,0x00,0x00,0x0a,0x0a,0x2d,0x25,0x25,0xda,0xe4,0xcb,0x33,0x33,0xd8,0xe2,0x10,0x8c,0x76,0x76,0x6f,0x6d,0x6b,0x6f,0x67,0x8c,0x81,0x10,0xd8,0x33,0xcb,0xda,0x26,0x18,0x0a,0x00,0x00,0x00,0x00,0x00,0x00,0x06,0x03,0x00,0x00,0x00,0x00,0x00,0x00,0x00,0x00,0x00,0x00,0x00,0x00,0x00,0x00,0x00,0x00,0x00,0x00,0x00,0x00,0x00,0x00,0x00,0x00,0x00,0x00,0x00,0x00,0x00,0x00,0x00,0x00,0x00,0x00,0x00,0x00,0x00,0x00,0x00,0x00,0x00,0x00,0x00,0x00,0x00,0x00,
    0x00,0x00,0x00,0x00,0x00,0x00,0x00,0x00,0x00,0x00,0x00,0x00,0x00,0x00,0x00,0x00,0x00,0x00,0x00,0x00,0x00,0x00,0x00,0x00,0x00,0x00,0x00,0x00,0x00,0x00,0x00,0x00,0x00,0x00,0x00,0x00,0x00,0x00,0x00,0x00,0x00,0x00,0x00,0x00,0x00,0x00,0x00,0x00,0x00,0x00,0x00,0x00,0x00,0x00,0x00,0x00,0x01,0x02,0x02,0x03,0x00,0x4a,0xb9,0xbb,0xb9,0xca,0xc1,0x86,0xc1,0xcc,0xb9,0xbb,0x25,0x5c,0x17,0x3f,0x25,0x25,0x25,0xe9,0xc5,0xca,0xca,0xb9,0xb9,0xbb,0x25,0x56,0x00,0x00,0x01,0x02,0x01,0x00,0x00,0x00,0x00,0x00,0x00,0x00,0x00,0x00,0x00,0x00,0x00,0x00,0x00,0x00,0x00,0x00,0x00,0x00,0x00,0x00,0x00,0x00,0x00,0x00,0x00,0x00,0x00,0x00,0x00,0x00,0x00,0x00,0x00,0x00,0x00,0x00,0x00,0x00,0x00,0x00,0x00,0x00,0x00,0x00,0x00,0x00,0x00,0x00,0x00,0x00,
    0x00,0x00,0x00,0x00,0x00,0x00,0x00,0x00,0x00,0x00,0x00,0x00,0x00,0x00,0x00,0x00,0x00,0x00,0x00,0x00,0x00,0x00,0x00,0x00,0x00,0x00,0x00,0x00,0x00,0x00,0x00,0x00,0x00,0x00,0x00,0x00,0x00,0x00,0x00,0x00,0x00,0x00,0x00,0x00,0x00,0x00,0x00,0x00,0x00,0x00,0x00,0x00,0x00,0x00,0x00,0x00,0x00,0x00,0x00,0x07,0x01,0x45,0xca,0xcc,0x72,0x72,0x6e,0x75,0x74,0x80,0x74,0xc1,0xbb,0x4a,0x00,0x4b,0xb9,0xca,0x6e,0x7d,0x7f,0x7d,0x7a,0x75,0x19,0x8b,0x2e,0x11,0x02,0x02,0x00,0x00,0x00,0x00,0x00,0x00,0x00,0x00,0x00,0x00,0x00,0x00,0x00,0x00,0x00,0x00,0x00,0x00,0x00,0x00,0x00,0x00,0x00,0x00,0x00,0x00,0x00,0x00,0x00,0x00,0x00,0x00,0x00,0x00,0x00,0x00,0x00,0x00,0x00,0x00,0x00,0x00,0x00,0x00,0x00,0x00,0x00,0x00,0x00,0x00,0x00,0x00,0x00,0x00,
    0x00,0x00,0x00,0x00,0x00,0x00,0x00,0x00,0x00,0x00,0x00,0x00,0x00,0x00,0x00,0x00,0x00,0x00,0x00,0x00,0x00,0x00,0x00,0x00,0x00,0x00,0x00,0x00,0x00,0x00,0x00,0x00,0x00,0x00,0x00,0x00,0x00,0x00,0x00,0x00,0x00,0x00,0x00,0x00,0x00,0x00,0x00,0x00,0x00,0x00,0x00,0x00,0x00,0x00,0x00,0x00,0x00,0x00,0x00,0x03,0x00,0x1d,0x98,0x7f,0x75,0x75,0x7a,0x75,0x75,0x75,0x75,0x80,0xad,0x50,0x02,0x2d,0xca,0x7a,0x6e,0x6e,0x72,0x6e,0x6e,0x6e,0x7a,0x74,0xb3,0x0a,0x00,0x03,0x00,0x00,0x00,0x00,0x00,0x00,0x00,0x00,0x00,0x00,0x00,0x00,0x00,0x00,0x00,0x00,0x00,0x00,0x00,0x00,0x00,0x00,0x00,0x00,0x00,0x00,0x00,0x00,0x00,0x00,0x00,0x00,0x00,0x00,0x00,0x00,0x00,0x00,0x00,0x00,0x00,0x00,0x00,0x00,0x00,0x00,0x00,0x00,0x00,0x00,0x00,0x00,0x00,0x00,
    0x00,0x00,0x00,0x00,0x00,0x00,0x00,0x00,0x00,0x00,0x00,0x00,0x00,0x00,0x00,0x00,0x00,0x00,0x00,0x00,0x00,0x00,0x00,0x00,0x00,0x00,0x00,0x00,0x00,0x00,0x00,0x00,0x00,0x00,0x00,0x00,0x00,0x00,0x00,0x00,0x00,0x00,0x00,0x00,0x00,0x00,0x00,0x00,0x00,0x00,0x00,0x00,0x00,0x00,0x00,0x00,0x00,0x00,0x00,0x03,0x00,0x09,0xa9,0x92,0x19,0x74,0x74,0x7a,0x6e,0x6e,0x72,0x7f,0xb3,0x3a,0x00,0x29,0x7a,0x78,0x6e,0x6e,0x6e,0x6e,0x6e,0x6e,0x7d,0xa1,0x2d,0x04,0x06,0x00,0x00,0x00,0x00,0x00,0x00,0x00,0x00,0x00,0x00,0x00,0x00,0x00,0x00,0x00,0x00,0x00,0x00,0x00,0x00,0x00,0x00,0x00,0x00,0x00,0x00,0x00,0x00,0x00,0x00,0x00,0x00,0x00,0x00,0x00,0x00,0x00,0x00,0x00,0x00,0x00,0x00,0x00,0x00,0x00,0x00,0x00,0x00,0x00,0x00,0x00,0x00,0x00,0x00,0x00,
    0x00,0x00,0x00,0x00,0x00,0x00,0x00,0x00,0x00,0x00,0x00,0x00,0x00,0x00,0x00,0x00,0x00,0x00,0x00,0x00,0x00,0x00,0x00,0x00,0x00,0x00,0x00,0x00,0x00,0x00,0x00,0x00,0x00,0x00,0x00,0x00,0x00,0x00,0x00,0x00,0x00,0x00,0x00,0x00,0x00,0x00,0x00,0x00,0x00,0x00,0x00,0x00,0x00,0x00,0x00,0x00,0x00,0x00,0x00,0x03,0x00,0x1d,0xad,0x80,0x74,0x74,0x7a,0x6e,0x6e,0x66,0x6e,0x7d,0xa3,0x46,0x00,0x31,0x8a,0x6e,0x6e,0x6e,0x6e,0x6e,0x6e,0x6e,0x78,0x93,0x2d,0x00,0x06,0x00,0x00,0x00,0x00,0x00,0x00,0x00,0x00,0x00,0x00,0x00,0x00,0x00,0x00,0x00,0x00,0x00,0x00,0x00,0x00,0x00,0x00,0x00,0x00,0x00,0x00,0x00,0x00,0x00,0x00,0x00,0x00,0x00,0x00,0x00,0x00,0x00,0x00,0x00,0x00,0x00,0x00,0x00,0x00,0x00,0x00,0x00,0x00,0x00,0x00,0x00,0x00,0x00,0x00,0x00,
    0x00,0x00,0x00,0x00,0x00,0x00,0x00,0x00,0x00,0x00,0x00,0x00,0x00,0x00,0x00,0x00,0x00,0x00,0x00,0x00,0x00,0x00,0x00,0x00,0x00,0x00,0x00,0x00,0x00,0x00,0x00,0x00,0x00,0x00,0x00,0x00,0x00,0x00,0x00,0x00,0x00,0x00,0x00,0x00,0x00,0x00,0x00,0x00,0x00,0x00,0x00,0x00,0x00,0x00,0x00,0x00,0x00,0x00,0x00,0x00,0x06,0x04,0x3e,0x0f,0x82,0x6e,0x6e,0x6e,0x6e,0x6e,0x6e,0x7a,0x43,0x2a,0x00,0x3b,0xc0,0x82,0x6e,0x6e,0x6e,0x6e,0x6e,0x6e,0x6e,0xc2,0x5b,0x00,0x04,0x00,0x00,0x00,0x00,0x00,0x00,0x00,0x00,0x00,0x00,0x00,0x00,0x00,0x00,0x00,0x00,0x00,0x00,0x00,0x00,0x00,0x00,0x00,0x00,0x00,0x00,0x00,0x00,0x00,0x00,0x00,0x00,0x00,0x00,0x00,0x00,0x00,0x00,0x00,0x00,0x00,0x00,0x00,0x00,0x00,0x00,0x00,0x00,0x00,0x00,0x00,0x00,0x00,0x00,0x00,
    0x00,0x00,0x00,0x00,0x00,0x00,0x00,0x00,0x00,0x00,0x00,0x00,0x00,0x00,0x00,0x00,0x00,0x00,0x00,0x00,0x00,0x00,0x00,0x00,0x00,0x00,0x00,0x00,0x00,0x00,0x00,0x00,0x00,0x00,0x00,0x00,0x00,0x00,0x00,0x00,0x00,0x00,0x00,0x00,0x00,0x00,0x00,0x00,0x00,0x00,0x00,0x00,0x00,0x00,0x00,0x00,0x00,0x00,0x00,0x00,0x04,0x00,0x3e,0x19,0x75,0x6e,0x6e,0x6e,0x6e,0x7a,0x72,0x80,0x31,0x00,0x00,0x34,0x74,0x7a,0x66,0x6e,0x6e,0x6e,0x6e,0x72,0x7d,0xa9,0x1a,0x00,0x06,0x00,0x00,0x00,0x00,0x00,0x00,0x00,0x00,0x00,0x00,0x00,0x00,0x00,0x00,0x00,0x00,0x00,0x00,0x00,0x00,0x00,0x00,0x00,0x00,0x00,0x00,0x00,0x00,0x00,0x00,0x00,0x00,0x00,0x00,0x00,0x00,0x00,0x00,0x00,0x00,0x00,0x00,0x00,0x00,0x00,0x00,0x00,0x00,0x00,0x00,0x00,0x00,0x00,0x00,0x00,
    0x00,0x00,0x00,0x00,0x00,0x00,0x00,0x00,0x00,0x00,0x00,0x00,0x00,0x00,0x00,0x00,0x00,0x00,0x00,0x00,0x00,0x00,0x00,0x00,0x00,0x00,0x00,0x00,0x00,0x00,0x00,0x00,0x00,0x00,0x00,0x00,0x00,0x00,0x00,0x00,0x00,0x00,0x00,0x00,0x00,0x00,0x00,0x00,0x00,0x00,0x00,0x00,0x00,0x00,0x00,0x00,0x00,0x00,0x00,0x00,0x04,0x00,0x4b,0x85,0x6e,0x6e,0x6e,0x6e,0x7a,0x74,0x74,0x74,0x31,0x01,0x00,0x28,0x80,0x75,0x6e,0x6e,0x6e,0x6e,0x6e,0x66,0x8b,0x35,0x1d,0x00,0x03,0x00,0x00,0x00,0x00,0x00,0x00,0x00,0x00,0x00,0x00,0x00,0x00,0x00,0x00,0x00,0x00,0x00,0x00,0x00,0x00,0x00,0x00,0x00,0x00,0x00,0x00,0x00,0x00,0x00,0x00,0x00,0x00,0x00,0x00,0x00,0x00,0x00,0x00,0x00,0x00,0x00,0x00,0x00,0x00,0x00,0x00,0x00,0x00,0x00,0x00,0x00,0x00,0x00,0x00,0x00,
    0x00,0x00,0x00,0x00,0x00,0x00,0x00,0x00,0x00,0x00,0x00,0x00,0x00,0x00,0x00,0x00,0x00,0x00,0x00,0x00,0x00,0x00,0x00,0x00,0x00,0x00,0x00,0x00,0x00,0x00,0x00,0x00,0x00,0x00,0x00,0x00,0x00,0x00,0x00,0x00,0x00,0x00,0x00,0x00,0x00,0x00,0x00,0x00,0x00,0x00,0x00,0x00,0x00,0x00,0x00,0x00,0x00,0x00,0x00,0x00,0x06,0x00,0x38,0xa3,0x7f,0x72,0x6e,0x6e,0x75,0x74,0x74,0x80,0x28,0x00,0x04,0x04,0x51,0x82,0x72,0x6e,0x6e,0x6e,0x6e,0x78,0x93,0x3f,0x00,0x00,0x00,0x00,0x00,0x00,0x00,0x00,0x00,0x00,0x00,0x00,0x00,0x00,0x00,0x00,0x00,0x00,0x00,0x00,0x00,0x00,0x00,0x00,0x00,0x00,0x00,0x00,0x00,0x00,0x00,0x00,0x00,0x00,0x00,0x00,0x00,0x00,0x00,0x00,0x00,0x00,0x00,0x00,0x00,0x00,0x00,0x00,0x00,0x00,0x00,0x00,0x00,0x00,0x00,0x00,0x00,0x00,
    0x00,0x00,0x00,0x00,0x00,0x00,0x00,0x00,0x00,0x00,0x00,0x00,0x00,0x00,0x00,0x00,0x00,0x00,0x00,0x00,0x00,0x00,0x00,0x00,0x00,0x00,0x00,0x00,0x00,0x00,0x00,0x00,0x00,0x00,0x00,0x00,0x00,0x00,0x00,0x00,0x00,0x00,0x00,0x00,0x00,0x00,0x00,0x00,0x00,0x00,0x00,0x00,0x00,0x00,0x00,0x00,0x00,0x00,0x00,0x00,0x02,0x00,0x38,0xb3,0x80,0x75,0x66,0x6e,0x6e,0x74,0x75,0xbe,0x55,0x00,0x04,0x00,0x4f,0x82,0x72,0x6e,0x6e,0x6e,0x75,0x74,0xc0,0x3f,0x03,0x00,0x00,0x00,0x00,0x00,0x00,0x00,0x00,0x00,0x00,0x00,0x00,0x00,0x00,0x00,0x00,0x00,0x00,0x00,0x00,0x00,0x00,0x00,0x00,0x00,0x00,0x00,0x00,0x00,0x00,0x00,0x00,0x00,0x00,0x00,0x00,0x00,0x00,0x00,0x00,0x00,0x00,0x00,0x00,0x00,0x00,0x00,0x00,0x00,0x00,0x00,0x00,0x00,0x00,0x00,0x00,0x00,
    0x00,0x00,0x00,0x00,0x00,0x00,0x00,0x00,0x00,0x00,0x00,0x00,0x00,0x00,0x00,0x00,0x00,0x00,0x00,0x00,0x00,0x00,0x00,0x00,0x00,0x00,0x00,0x00,0x00,0x00,0x00,0x00,0x00,0x00,0x00,0x00,0x00,0x00,0x00,0x00,0x00,0x00,0x00,0x00,0x00,0x00,0x00,0x00,0x00,0x00,0x00,0x00,0x00,0x00,0x00,0x00,0x00,0x00,0x00,0x00,0x06,0x00,0x38,0xa3,0x80,0x74,0x75,0x6e,0x6e,0x7a,0x74,0x0f,0x28,0x00,0x07,0x00,0x54,0x82,0x6e,0x75,0x6e,0x6e,0x74,0x74,0xc0,0x3f,0x00,0x00,0x00,0x00,0x00,0x00,0x00,0x00,0x00,0x00,0x00,0x00,0x00,0x00,0x00,0x00,0x00,0x00,0x00,0x00,0x00,0x00,0x00,0x00,0x00,0x00,0x00,0x00,0x00,0x00,0x00,0x00,0x00,0x00,0x00,0x00,0x00,0x00,0x00,0x00,0x00,0x00,0x00,0x00,0x00,0x00,0x00,0x00,0x00,0x00,0x00,0x00,0x00,0x00,0x00,0x00,0x00,0x00,
    0x00,0x00,0x00,0x00,0x00,0x00,0x00,0x00,0x00,0x00,0x00,0x00,0x00,0x00,0x00,0x00,0x00,0x00,0x00,0x00,0x00,0x00,0x00,0x00,0x00,0x00,0x00,0x00,0x00,0x00,0x00,0x00,0x00,0x00,0x00,0x00,0x00,0x00,0x00,0x00,0x00,0x00,0x00,0x00,0x00,0x00,0x00,0x00,0x00,0x00,0x00,0x00,0x00,0x00,0x00,0x00,0x00,0x00,0x00,0x00,0x04,0x00,0x29,0xa1,0x74,0x75,0x6e,0x6e,0x6e,0x72,0x7f,0x48,0x11,0x00,0x07,0x00,0x4a,0x7a,0x74,0x75,0x6e,0x6e,0x7a,0x74,0x72,0x48,0x56,0x00,0x04,0x00,0x00,0x00,0x00,0x00,0x00,0x00,0x00,0x00,0x00,0x00,0x00,0x00,0x00,0x00,0x00,0x00,0x00,0x00,0x00,0x00,0x00,0x00,0x00,0x00,0x00,0x00,0x00,0x00,0x00,0x00,0x00,0x00,0x00,0x00,0x00,0x00,0x00,0x00,0x00,0x00,0x00,0x00,0x00,0x00,0x00,0x00,0x00,0x00,0x00,0x00,0x00,0x00,0x00,0x00,
    0x00,0x00,0x00,0x00,0x00,0x00,0x00,0x00,0x00,0x00,0x00,0x00,0x00,0x00,0x00,0x00,0x00,0x00,0x00,0x00,0x00,0x00,0x00,0x00,0x00,0x00,0x00,0x00,0x00,0x00,0x00,0x00,0x00,0x00,0x00,0x00,0x00,0x00,0x00,0x00,0x00,0x00,0x00,0x00,0x00,0x00,0x00,0x00,0x00,0x00,0x00,0x00,0x00,0x00,0x00,0x00,0x00,0x00,0x00,0x00,0x04,0x00,0x51,0x74,0x72,0x6e,0x6e,0x6e,0x6e,0x72,0x7d,0xc0,0x30,0x00,0x07,0x00,0x45,0x80,0x7a,0x66,0x6e,0x6e,0x6e,0x75,0x7d,0xc0,0x5f,0x00,0x04,0x00,0x00,0x00,0x00,0x00,0x00,0x00,0x00,0x00,0x00,0x00,0x00,0x00,0x00,0x00,0x00,0x00,0x00,0x00,0x00,0x00,0x00,0x00,0x00,0x00,0x00,0x00,0x00,0x00,0x00,0x00,0x00,0x00,0x00,0x00,0x00,0x00,0x00,0x00,0x00,0x00,0x00,0x00,0x00,0x00,0x00,0x00,0x00,0x00,0x00,0x00,0x00,0x00,0x00,0x00,
    0x00,0x00,0x00,0x00,0x00,0x00,0x00,0x00,0x00,0x00,0x00,0x00,0x00,0x00,0x00,0x00,0x00,0x00,0x00,0x00,0x00,0x00,0x00,0x00,0x00,0x00,0x00,0x00,0x00,0x00,0x00,0x00,0x00,0x00,0x00,0x00,0x00,0x00,0x00,0x00,0x00,0x00,0x00,0x00,0x00,0x00,0x00,0x00,0x00,0x00,0x00,0x00,0x00,0x00,0x00,0x00,0x00,0x00,0x00,0x00,0x04,0x00,0x3e,0x74,0x75,0x6e,0x6e,0x6e,0x6e,0x6e,0x7a,0x31,0x04,0x04,0x07,0x00,0x42,0x80,0x72,0x6e,0x6e,0x6e,0x6e,0x72,0x7f,0xaf,0x1a,0x00,0x06,0x00,0x00,0x00,0x00,0x00,0x00,0x00,0x00,0x00,0x00,0x00,0x00,0x00,0x00,0x00,0x00,0x00,0x00,0x00,0x00,0x00,0x00,0x00,0x00,0x00,0x00,0x00,0x00,0x00,0x00,0x00,0x00,0x00,0x00,0x00,0x00,0x00,0x00,0x00,0x00,0x00,0x00,0x00,0x00,0x00,0x00,0x00,0x00,0x00,0x00,0x00,0x00,0x00,0x00,0x00,
    0x00,0x00,0x00,0x00,0x00,0x00,0x00,0x00,0x00,0x00,0x00,0x00,0x00,0x00,0x00,0x00,0x00,0x00,0x00,0x00,0x00,0x00,0x00,0x00,0x00,0x00,0x00,0x00,0x00,0x00,0x00,0x00,0x00,0x00,0x00,0x00,0x00,0x00,0x00,0x00,0x00,0x00,0x00,0x00,0x00,0x00,0x00,0x00,0x00,0x00,0x00,0x00,0x00,0x00,0x00,0x00,0x00,0x00,0x00,0x00,0x06,0x00,0x3e,0x0f,0x82,0x6e,0x6e,0x6e,0x6e,0x7d,0x85,0x2d,0x00,0x06,0x04,0x00,0x28,0x93,0x78,0x6e,0x6e,0x6e,0x6e,0x6e,0x78,0xb3,0x58,0x00,0x06,0x00,0x00,0x00,0x00,0x00,0x00,0x00,0x00,0x00,0x00,0x00,0x00,0x00,0x00,0x00,0x00,0x00,0x00,0x00,0x00,0x00,0x00,0x00,0x00,0x00,0x00,0x00,0x00,0x00,0x00,0x00,0x00,0x00,0x00,0x00,0x00,0x00,0x00,0x00,0x00,0x00,0x00,0x00,0x00,0x00,0x00,0x00,0x00,0x00,0x00,0x00,0x00,0x00,0x00,0x00,
    0x00,0x00,0x00,0x00,0x00,0x00,0x00,0x00,0x00,0x00,0x00,0x00,0x00,0x00,0x00,0x00,0x00,0x00,0x00,0x00,0x00,0x00,0x00,0x00,0x00,0x00,0x00,0x00,0x00,0x00,0x00,0x00,0x00,0x00,0x00,0x00,0x00,0x00,0x00,0x00,0x00,0x00,0x00,0x00,0x00,0x00,0x00,0x00,0x00,0x00,0x00,0x00,0x00,0x00,0x00,0x00,0x00,0x00,0x00,0x00,0x04,0x02,0x3e,0x85,0x78,0x6e,0x6e,0x6e,0x6e,0x87,0xc0,0x2d,0x01,0x06,0x03,0x00,0x1b,0x98,0x78,0x6e,0x6e,0x6e,0x6e,0x72,0x87,0x98,0x5f,0x01,0x04,0x00,0x00,0x00,0x00,0x00,0x00,0x00,0x00,0x00,0x00,0x00,0x00,0x00,0x00,0x00,0x00,0x00,0x00,0x00,0x00,0x00,0x00,0x00,0x00,0x00,0x00,0x00,0x00,0x00,0x00,0x00,0x00,0x00,0x00,0x00,0x00,0x00,0x00,0x00,0x00,0x00,0x00,0x00,0x00,0x00,0x00,0x00,0x00,0x00,0x00,0x00,0x00,0x00,0x00,0x00,
    0x00,0x00,0x00,0x00,0x00,0x00,0x00,0x00,0x00,0x00,0x00,0x00,0x00,0x00,0x00,0x00,0x00,0x00,0x00,0x00,0x00,0x00,0x00,0x00,0x00,0x00,0x00,0x00,0x00,0x00,0x00,0x00,0x00,0x00,0x00,0x00,0x00,0x00,0x00,0x00,0x00,0x00,0x00,0x00,0x00,0x00,0x00,0x00,0x00,0x00,0x00,0x00,0x00,0x00,0x00,0x00,0x00,0x00,0x00,0x00,0x06,0x00,0x3e,0xb0,0x8b,0x8b,0x6e,0x72,0x6e,0x8b,0x8a,0x54,0x00,0x04,0x03,0x00,0x1b,0xaf,0x74,0x75,0x6e,0x72,0x93,0x93,0x93,0x98,0x4b,0x00,0x07,0x00,0x00,0x00,0x00,0x00,0x00,0x00,0x00,0x00,0x00,0x00,0x00,0x00,0x00,0x00,0x00,0x00,0x00,0x00,0x00,0x00,0x00,0x00,0x00,0x00,0x00,0x00,0x00,0x00,0x00,0x00,0x00,0x00,0x00,0x00,0x00,0x00,0x00,0x00,0x00,0x00,0x00,0x00,0x00,0x00,0x00,0x00,0x00,0x00,0x00,0x00,0x00,0x00,0x00,0x00,
    0x00,0x00,0x00,0x00,0x00,0x00,0x00,0x00,0x00,0x00,0x00,0x00,0x00,0x00,0x00,0x00,0x00,0x00,0x00,0x00,0x00,0x00,0x00,0x00,0x00,0x00,0x00,0x00,0x00,0x00,0x00,0x00,0x00,0x00,0x00,0x00,0x00,0x00,0x00,0x00,0x00,0x00,0x00,0x00,0x00,0x00,0x00,0x00,0x00,0x00,0x00,0x00,0x00,0x00,0x00,0x00,0x00,0x00,0x00,0x01,0x04,0x18,0x2e,0x8b,0x87,0x87,0x7d,0x7f,0x80,0x8a,0xbe,0x4f,0x22,0x04,0x02,0x03,0x17,0xb6,0xbe,0x80,0x80,0x7d,0x87,0x8b,0x87,0xc2,0x61,0x1b,0x04,0x01,0x00,0x00,0x00,0x00,0x00,0x00,0x00,0x00,0x00,0x00,0x00,0x00,0x00,0x00,0x00,0x00,0x00,0x00,0x00,0x00,0x00,0x00,0x00,0x00,0x00,0x00,0x00,0x00,0x00,0x00,0x00,0x00,0x00,0x00,0x00,0x00,0x00,0x00,0x00,0x00,0x00,0x00,0x00,0x00,0x00,0x00,0x00,0x00,0x00,0x00,0x00,0x00,0x00,0x00,
    0x00,0x00,0x00,0x00,0x00,0x00,0x00,0x00,0x00,0x00,0x00,0x00,0x00,0x00,0x00,0x00,0x00,0x00,0x00,0x00,0x00,0x00,0x00,0x00,0x00,0x00,0x00,0x00,0x00,0x00,0x00,0x00,0x00,0x00,0x00,0x00,0x00,0x00,0x00,0x00,0x00,0x00,0x00,0x00,0x00,0x00,0x00,0x00,0x00,0x00,0x00,0x00,0x00,0x00,0x00,0x00,0x00,0x00,0x02,0x01,0x1a,0x6d,0x8c,0xb3,0xb0,0xa1,0xad,0x85,0xc0,0x0f,0x98,0xc6,0x21,0x00,0x01,0x09,0x77,0xd8,0x85,0x85,0x85,0x85,0xb0,0x15,0xa1,0xc8,0x77,0x21,0x00,0x02,0x00,0x00,0x00,0x00,0x00,0x00,0x00,0x00,0x00,0x00,0x00,0x00,0x00,0x00,0x00,0x00,0x00,0x00,0x00,0x00,0x00,0x00,0x00,0x00,0x00,0x00,0x00,0x00,0x00,0x00,0x00,0x00,0x00,0x00,0x00,0x00,0x00,0x00,0x00,0x00,0x00,0x00,0x00,0x00,0x00,0x00,0x00,0x00,0x00,0x00,0x00,0x00,0x00,0x00,
    0x00,0x00,0x00,0x00,0x00,0x00,0x00,0x00,0x00,0x00,0x00,0x00,0x00,0x00,0x00,0x00,0x00,0x00,0x00,0x00,0x00,0x00,0x00,0x00,0x00,0x00,0x00,0x00,0x00,0x00,0x00,0x00,0x00,0x00,0x00,0x00,0x00,0x00,0x00,0x00,0x00,0x00,0x00,0x00,0x00,0x00,0x00,0x00,0x00,0x00,0x00,0x00,0x00,0x00,0x00,0x00,0x00,0x00,0x02,0x00,0x21,0x6c,0x0d,0x6c,0x76,0x76,0x8c,0x8c,0x81,0x8c,0x0d,0x77,0x1e,0x02,0x00,0x0b,0x6c,0x0d,0x65,0x8c,0x8c,0x81,0x8c,0x81,0x65,0x6d,0x0d,0x2b,0x0a,0x02,0x01,0x00,0x00,0x00,0x00,0x00,0x00,0x00,0x00,0x00,0x00,0x00,0x00,0x00,0x00,0x00,0x00,0x00,0x00,0x00,0x00,0x00,0x00,0x00,0x00,0x00,0x00,0x00,0x00,0x00,0x00,0x00,0x00,0x00,0x00,0x00,0x00,0x00,0x00,0x00,0x00,0x00,0x00,0x00,0x00,0x00,0x00,0x00,0x00,0x00,0x00,0x00,0x00,0x00,
    0x00,0x00,0x00,0x00,0x00,0x00,0x00,0x00,0x00,0x00,0x00,0x00,0x00,0x00,0x00,0x00,0x00,0x00,0x00,0x00,0x00,0x00,0x00,0x00,0x00,0x00,0x00,0x00,0x00,0x00,0x00,0x00,0x00,0x00,0x00,0x00,0x00,0x00,0x00,0x00,0x00,0x00,0x00,0x00,0x00,0x00,0x00,0x00,0x00,0x00,0x00,0x00,0x00,0x00,0x00,0x00,0x00,0x02,0x00,0x1a,0x0c,0x0c,0x6a,0x6b,0x6f,0x67,0x67,0x65,0x6f,0x68,0x6c,0x68,0x0d,0x09,0x00,0x16,0x68,0x0c,0x68,0x65,0x65,0x65,0x67,0x6f,0x6b,0x6b,0x0c,0x6a,0x17,0x00,0x02,0x00,0x00,0x00,0x00,0x00,0x00,0x00,0x00,0x00,0x00,0x00,0x00,0x00,0x00,0x00,0x00,0x00,0x00,0x00,0x00,0x00,0x00,0x00,0x00,0x00,0x00,0x00,0x00,0x00,0x00,0x00,0x00,0x00,0x00,0x00,0x00,0x00,0x00,0x00,0x00,0x00,0x00,0x00,0x00,0x00,0x00,0x00,0x00,0x00,0x00,0x00,0x00,0x00,
    0x00,0x00,0x00,0x00,0x00,0x00,0x00,0x00,0x00,0x00,0x00,0x00,0x00,0x00,0x00,0x00,0x00,0x00,0x00,0x00,0x00,0x00,0x00,0x00,0x00,0x00,0x00,0x00,0x00,0x00,0x00,0x00,0x00,0x00,0x00,0x00,0x00,0x00,0x00,0x00,0x00,0x00,0x00,0x00,0x00,0x00,0x00,0x00,0x00,0x00,0x00,0x00,0x00,0x00,0x00,0x00,0x00,0x02,0x00,0x0b,0x6b,0x05,0x76,0x6b,0x6a,0x67,0x65,0x65,0x76,0x6b,0x6c,0x68,0x6c,0x09,0x02,0x37,0x6f,0x05,0x6b,0x65,0x67,0x65,0x65,0x76,0x68,0x65,0x05,0x76,0x21,0x00,0x02,0x00,0x00,0x00,0x00,0x00,0x00,0x00,0x00,0x00,0x00,0x00,0x00,0x00,0x00,0x00,0x00,0x00,0x00,0x00,0x00,0x00,0x00,0x00,0x00,0x00,0x00,0x00,0x00,0x00,0x00,0x00,0x00,0x00,0x00,0x00,0x00,0x00,0x00,0x00,0x00,0x00,0x00,0x00,0x00,0x00,0x00,0x00,0x00,0x00,0x00,0x00,0x00,0x00,
    0x00,0x00,0x00,0x00,0x00,0x00,0x00,0x00,0x00,0x00,0x00,0x00,0x00,0x00,0x00,0x00,0x00,0x00,0x00,0x00,0x00,0x00,0x00,0x00,0x00,0x00,0x00,0x00,0x00,0x00,0x00,0x00,0x00,0x00,0x00,0x00,0x00,0x00,0x00,0x00,0x00,0x00,0x00,0x00,0x00,0x00,0x00,0x00,0x00,0x00,0x00,0x00,0x00,0x00,0x00,0x00,0x00,0x02,0x00,0x09,0x12,0x6f,0x6a,0x68,0x6a,0x76,0x67,0x65,0x67,0x68,0x6d,0x77,0x6c,0x09,0x00,0x16,0x6b,0x0c,0x6b,0x65,0x76,0x65,0x67,0x76,0x6b,0x6c,0x05,0x6a,0x0b,0x00,0x02,0x00,0x00,0x00,0x00,0x00,0x00,0x00,0x00,0x00,0x00,0x00,0x00,0x00,0x00,0x00,0x00,0x00,0x00,0x00,0x00,0x00,0x00,0x00,0x00,0x00,0x00,0x00,0x00,0x00,0x00,0x00,0x00,0x00,0x00,0x00,0x00,0x00,0x00,0x00,0x00,0x00,0x00,0x00,0x00,0x00,0x00,0x00,0x00,0x00,0x00,0x00,0x00,0x00,
    0x00,0x00,0x00,0x00,0x00,0x00,0x00,0x00,0x00,0x00,0x00,0x00,0x00,0x00,0x00,0x00,0x00,0x00,0x00,0x00,0x00,0x00,0x00,0x00,0x00,0x00,0x00,0x00,0x00,0x00,0x00,0x00,0x00,0x00,0x00,0x00,0x00,0x00,0x00,0x00,0x00,0x00,0x00,0x00,0x00,0x00,0x00,0x00,0x00,0x00,0x00,0x00,0x00,0x00,0x00,0x00,0x00,0x01,0x00,0x11,0x12,0x6d,0xa8,0x90,0x77,0x6c,0x6a,0x6f,0x6c,0x77,0x91,0x9b,0x6d,0x09,0x00,0x16,0xa8,0xb1,0x77,0x6d,0x6b,0x65,0x6b,0x6d,0x6d,0xb1,0x65,0x6d,0x1b,0x00,0x02,0x00,0x00,0x00,0x00,0x00,0x00,0x00,0x00,0x00,0x00,0x00,0x00,0x00,0x00,0x00,0x00,0x00,0x00,0x00,0x00,0x00,0x00,0x00,0x00,0x00,0x00,0x00,0x00,0x00,0x00,0x00,0x00,0x00,0x00,0x00,0x00,0x00,0x00,0x00,0x00,0x00,0x00,0x00,0x00,0x00,0x00,0x00,0x00,0x00,0x00,0x00,0x00,0x00,
    0x00,0x00,0x00,0x00,0x00,0x00,0x00,0x00,0x00,0x00,0x00,0x00,0x00,0x00,0x00,0x00,0x00,0x00,0x00,0x00,0x00,0x00,0x00,0x00,0x00,0x00,0x00,0x00,0x00,0x00,0x00,0x00,0x00,0x00,0x00,0x00,0x00,0x00,0x00,0x00,0x00,0x00,0x00,0x00,0x00,0x00,0x00,0x00,0x00,0x00,0x00,0x00,0x00,0x00,0x00,0x00,0x00,0x01,0x00,0x0a,0x12,0x6d,0xac,0x96,0xd2,0xac,0xa8,0x90,0xc4,0xac,0xbd,0xd2,0x77,0x09,0x00,0x16,0xcd,0xbd,0xac,0x96,0x9b,0x6b,0x9b,0xbc,0x96,0x9d,0x6f,0x6d,0x09,0x00,0x02,0x00,0x00,0x00,0x00,0x00,0x00,0x00,0x00,0x00,0x00,0x00,0x00,0x00,0x00,0x00,0x00,0x00,0x00,0x00,0x00,0x00,0x00,0x00,0x00,0x00,0x00,0x00,0x00,0x00,0x00,0x00,0x00,0x00,0x00,0x00,0x00,0x00,0x00,0x00,0x00,0x00,0x00,0x00,0x00,0x00,0x00,0x00,0x00,0x00,0x00,0x00,0x00,0x00,
    0x00,0x00,0x00,0x00,0x00,0x00,0x00,0x00,0x00,0x00,0x00,0x00,0x00,0x00,0x00,0x00,0x00,0x00,0x00,0x00,0x00,0x00,0x00,0x00,0x00,0x00,0x00,0x00,0x00,0x00,0x00,0x00,0x00,0x00,0x00,0x00,0x00,0x00,0x00,0x00,0x00,0x00,0x00,0x00,0x00,0x00,0x00,0x00,0x00,0x00,0x00,0x00,0x00,0x00,0x00,0x00,0x00,0x01,0x00,0x0a,0x12,0x6b,0x91,0xb1,0x91,0x9d,0xe1,0xe1,0xbd,0xa8,0xcd,0x91,0x6d,0x09,0x00,0x16,0x68,0xd2,0xb1,0x96,0xe1,0xdb,0xdb,0xcd,0x9b,0xc4,0x0c,0x6b,0x0b,0x00,0x02,0x00,0x00,0x00,0x00,0x00,0x00,0x00,0x00,0x00,0x00,0x00,0x00,0x00,0x00,0x00,0x00,0x00,0x00,0x00,0x00,0x00,0x00,0x00,0x00,0x00,0x00,0x00,0x00,0x00,0x00,0x00,0x00,0x00,0x00,0x00,0x00,0x00,0x00,0x00,0x00,0x00,0x00,0x00,0x00,0x00,0x00,0x00,0x00,0x00,0x00,0x00,0x00,0x00,
    0x00,0x00,0x00,0x00,0x00,0x00,0x00,0x00,0x00,0x00,0x00,0x00,0x00,0x00,0x00,0x00,0x00,0x00,0x00,0x00,0x00,0x00,0x00,0x00,0x00,0x00,0x00,0x00,0x00,0x00,0x00,0x00,0x00,0x00,0x00,0x00,0x00,0x00,0x00,0x00,0x00,0x00,0x00,0x00,0x00,0x00,0x00,0x00,0x00,0x00,0x00,0x00,0x00,0x00,0x00,0x00,0x00,0x01,0x00,0x0a,0x12,0x6c,0x6a,0x91,0xc4,0xbd,0xc4,0xcd,0x9d,0xac,0x9b,0x6a,0x6c,0x09,0x00,0x16,0x68,0xa8,0xc4,0x9d,0x96,0xb1,0x96,0x96,0x9b,0x90,0x05,0x68,0x21,0x00,0x02,0x00,0x00,0x00,0x00,0x00,0x00,0x00,0x00,0x00,0x00,0x00,0x00,0x00,0x00,0x00,0x00,0x00,0x00,0x00,0x00,0x00,0x00,0x00,0x00,0x00,0x00,0x00,0x00,0x00,0x00,0x00,0x00,0x00,0x00,0x00,0x00,0x00,0x00,0x00,0x00,0x00,0x00,0x00,0x00,0x00,0x00,0x00,0x00,0x00,0x00,0x00,0x00,0x00,
    0x00,0x00,0x00,0x00,0x00,0x00,0x00,0x00,0x00,0x00,0x00,0x00,0x00,0x00,0x00,0x00,0x00,0x00,0x00,0x00,0x00,0x00,0x00,0x00,0x00,0x00,0x00,0x00,0x00,0x00,0x00,0x00,0x00,0x00,0x00,0x00,0x00,0x00,0x00,0x00,0x00,0x00,0x00,0x00,0x00,0x00,0x00,0x00,0x00,0x00,0x00,0x00,0x00,0x00,0x00,0x00,0x00,0x01,0x00,0x0a,0x12,0x6b,0x90,0xd6,0xdb,0xcd,0x77,0x77,0x9b,0xbd,0xbd,0x68,0x6c,0x09,0x00,0x16,0x77,0xac,0xd6,0xb1,0x77,0x77,0x77,0xac,0xe1,0xc4,0x6d,0x68,0x17,0x00,0x02,0x00,0x00,0x00,0x00,0x00,0x00,0x00,0x00,0x00,0x00,0x00,0x00,0x00,0x00,0x00,0x00,0x00,0x00,0x00,0x00,0x00,0x00,0x00,0x00,0x00,0x00,0x00,0x00,0x00,0x00,0x00,0x00,0x00,0x00,0x00,0x00,0x00,0x00,0x00,0x00,0x00,0x00,0x00,0x00,0x00,0x00,0x00,0x00,0x00,0x00,0x00,0x00,0x00,
    0x00,0x00,0x00,0x00,0x00,0x00,0x00,0x00,0x00,0x00,0x00,0x00,0x00,0x00,0x00,0x00,0x00,0x00,0x00,0x00,0x00,0x00,0x00,0x00,0x00,0x00,0x00,0x00,0x00,0x00,0x00,0x00,0x00,0x00,0x00,0x00,0x00,0x00,0x00,0x00,0x00,0x00,0x00,0x00,0x00,0x00,0x00,0x00,0x00,0x00,0x00,0x00,0x00,0x00,0x00,0x00,0x00,0x01,0x00,0x0a,0x12,0x6a,0x91,0x9b,0x9b,0xdb,0xac,0xbc,0xdb,0xb1,0x90,0x91,0x68,0x09,0x00,0x16,0x6c,0xa8,0x90,0x9d,0x96,0x9b,0xbd,0x96,0x90,0xa8,0x6d,0x6c,0x1b,0x00,0x02,0x00,0x00,0x00,0x00,0x00,0x00,0x00,0x00,0x00,0x00,0x00,0x00,0x00,0x00,0x00,0x00,0x00,0x00,0x00,0x00,0x00,0x00,0x00,0x00,0x00,0x00,0x00,0x00,0x00,0x00,0x00,0x00,0x00,0x00,0x00,0x00,0x00,0x00,0x00,0x00,0x00,0x00,0x00,0x00,0x00,0x00,0x00,0x00,0x00,0x00,0x00,0x00,0x00,
    0x00,0x00,0x00,0x00,0x00,0x00,0x00,0x00,0x00,0x00,0x00,0x00,0x00,0x00,0x00,0x00,0x00,0x00,0x00,0x00,0x00,0x00,0x00,0x00,0x00,0x00,0x00,0x00,0x00,0x00,0x00,0x00,0x00,0x00,0x00,0x00,0x00,0x00,0x00,0x00,0x00,0x00,0x00,0x00,0x00,0x00,0x00,0x00,0x00,0x00,0x00,0x00,0x00,0x00,0x00,0x00,0x00,0x01,0x00,0x11,0x12,0x6f,0x65,0x6c,0x6d,0xc4,0xfb,0xfb,0xac,0x6d,0x68,0x6f,0x6c,0x09,0x00,0x16,0x6c,0x0d,0x77,0xa8,0xdb,0xe1,0xd6,0x6c,0x77,0x6a,0x05,0x6b,0x0b,0x00,0x02,0x00,0x00,0x00,0x00,0x00,0x00,0x00,0x00,0x00,0x00,0x00,0x00,0x00,0x00,0x00,0x00,0x00,0x00,0x00,0x00,0x00,0x00,0x00,0x00,0x00,0x00,0x00,0x00,0x00,0x00,0x00,0x00,0x00,0x00,0x00,0x00,0x00,0x00,0x00,0x00,0x00,0x00,0x00,0x00,0x00,0x00,0x00,0x00,0x00,0x00,0x00,0x00,0x00,
    0x00,0x00,0x00,0x00,0x00,0x00,0x00,0x00,0x00,0x00,0x00,0x00,0x00,0x00,0x00,0x00,0x00,0x00,0x00,0x00,0x00,0x00,0x00,0x00,0x00,0x00,0x00,0x00,0x00,0x00,0x00,0x00,0x00,0x00,0x00,0x00,0x00,0x00,0x00,0x00,0x00,0x00,0x00,0x00,0x00,0x00,0x00,0x00,0x00,0x00,0x00,0x00,0x00,0x00,0x00,0x00,0x00,0x02,0x00,0x1a,0x0c,0x05,0x6f,0x9b,0x9d,0xd6,0xcd,0x90,0x96,0x96,0x90,0x6c,0x6c,0x18,0x00,0x1e,0x6c,0x0d,0xd2,0xd6,0xcd,0x6a,0xac,0xd6,0xc4,0x67,0x05,0x6f,0x21,0x00,0x02,0x00,0x00,0x00,0x00,0x00,0x00,0x00,0x00,0x00,0x00,0x00,0x00,0x00,0x00,0x00,0x00,0x00,0x00,0x00,0x00,0x00,0x00,0x00,0x00,0x00,0x00,0x00,0x00,0x00,0x00,0x00,0x00,0x00,0x00,0x00,0x00,0x00,0x00,0x00,0x00,0x00,0x00,0x00,0x00,0x00,0x00,0x00,0x00,0x00,0x00,0x00,0x00,0x00,
    0x00,0x00,0x00,0x00,0x00,0x00,0x00,0x00,0x00,0x00,0x00,0x00,0x00,0x00,0x00,0x00,0x00,0x00,0x00,0x00,0x00,0x00,0x00,0x00,0x00,0x00,0x00,0x00,0x00,0x00,0x00,0x00,0x00,0x00,0x00,0x00,0x00,0x00,0x00,0x00,0x00,0x00,0x00,0x00,0x00,0x00,0x00,0x00,0x00,0x00,0x00,0x00,0x00,0x00,0x00,0x00,0x00,0x02,0x00,0x0b,0x6b,0x05,0x6c,0x9d,0xe1,0xb1,0x77,0x77,0x9b,0xdb,0xc4,0x6d,0x6c,0x21,0x00,0x0d,0x6d,0x90,0xdb,0x96,0x6c,0x77,0xa8,0xdb,0xe1,0x91,0x05,0x6f,0x36,0x00,0x01,0x00,0x00,0x00,0x00,0x00,0x00,0x00,0x00,0x00,0x00,0x00,0x00,0x00,0x00,0x00,0x00,0x00,0x00,0x00,0x00,0x00,0x00,0x00,0x00,0x00,0x00,0x00,0x00,0x00,0x00,0x00,0x00,0x00,0x00,0x00,0x00,0x00,0x00,0x00,0x00,0x00,0x00,0x00,0x00,0x00,0x00,0x00,0x00,0x00,0x00,0x00,0x00,0x00,
    0x00,0x00,0x00,0x00,0x00,0x00,0x00,0x00,0x00,0x00,0x00,0x00,0x00,0x00,0x00,0x00,0x00,0x00,0x00,0x00,0x00,0x00,0x00,0x00,0x00,0x00,0x00,0x00,0x00,0x00,0x00,0x00,0x00,0x00,0x00,0x00,0x00,0x00,0x00,0x00,0x00,0x00,0x00,0x00,0x00,0x00,0x00,0x00,0x00,0x00,0x00,0x00,0x00,0x00,0x00,0x00,0x00,0x02,0x00,0x0b,0x6c,0x05,0x6b,0x6d,0xa8,0xbd,0xbd,0xbd,0x9d,0xa8,0x68,0x05,0x6a,0x17,0x00,0x12,0x6f,0x6f,0x6b,0x96,0xd6,0x9d,0xe1,0x9d,0x6f,0x6f,0x05,0x65,0x2b,0x00,0x00,0x00,0x00,0x00,0x00,0x00,0x00,0x00,0x00,0x00,0x00,0x00,0x00,0x00,0x00,0x00,0x00,0x00,0x00,0x00,0x00,0x00,0x00,0x00,0x00,0x00,0x00,0x00,0x00,0x00,0x00,0x00,0x00,0x00,0x00,0x00,0x00,0x00,0x00,0x00,0x00,0x00,0x00,0x00,0x00,0x00,0x00,0x00,0x00,0x00,0x00,0x00,0x00,0x00,
    0x00,0x00,0x00,0x00,0x00,0x00,0x00,0x00,0x00,0x00,0x00,0x00,0x00,0x00,0x00,0x00,0x00,0x00,0x00,0x00,0x00,0x00,0x00,0x00,0x00,0x00,0x00,0x00,0x00,0x00,0x00,0x00,0x00,0x00,0x00,0x00,0x00,0x00,0x00,0x00,0x00,0x00,0x00,0x00,0x00,0x00,0x00,0x00,0x00,0x00,0x00,0x00,0x00,0x00,0x00,0x00,0x00,0x02,0x00,0x0b,0x6c,0x0d,0x6d,0x77,0x90,0x9d,0x96,0xac,0x96,0x6f,0x6d,0x0c,0x68,0x0b,0x02,0x12,0x6f,0x68,0x9b,0x96,0x9d,0xac,0x9d,0xc4,0x6c,0x6c,0x0c,0x6b,0x1e,0x00,0x01,0x00,0x00,0x00,0x00,0x00,0x00,0x00,0x00,0x00,0x00,0x00,0x00,0x00,0x00,0x00,0x00,0x00,0x00,0x00,0x00,0x00,0x00,0x00,0x00,0x00,0x00,0x00,0x00,0x00,0x00,0x00,0x00,0x00,0x00,0x00,0x00,0x00,0x00,0x00,0x00,0x00,0x00,0x00,0x00,0x00,0x00,0x00,0x00,0x00,0x00,0x00,0x00,0x00,
    0x00,0x00,0x00,0x00,0x00,0x00,0x00,0x00,0x00,0x00,0x00,0x00,0x00,0x00,0x00,0x00,0x00,0x00,0x00,0x00,0x00,0x00,0x00,0x00,0x00,0x00,0x00,0x00,0x00,0x00,0x00,0x00,0x00,0x00,0x00,0x00,0x00,0x00,0x00,0x00,0x00,0x00,0x00,0x00,0x00,0x00,0x00,0x00,0x00,0x00,0x00,0x00,0x00,0x00,0x00,0x00,0x00,0x02,0x00,0x1a,0x0d,0x0c,0x6f,0x9d,0xbd,0xd6,0xd2,0xac,0x9d,0x9d,0xd2,0x0c,0x6b,0x0b,0x00,0x12,0x68,0xd2,0xd6,0xd6,0x96,0xac,0xbd,0xbd,0x9d,0x90,0x0c,0x68,0x21,0x00,0x02,0x00,0x00,0x00,0x00,0x00,0x00,0x00,0x00,0x00,0x00,0x00,0x00,0x00,0x00,0x00,0x00,0x00,0x00,0x00,0x00,0x00,0x00,0x00,0x00,0x00,0x00,0x00,0x00,0x00,0x00,0x00,0x00,0x00,0x00,0x00,0x00,0x00,0x00,0x00,0x00,0x00,0x00,0x00,0x00,0x00,0x00,0x00,0x00,0x00,0x00,0x00,0x00,0x00,
    0x00,0x00,0x00,0x00,0x00,0x00,0x00,0x00,0x00,0x00,0x00,0x00,0x00,0x00,0x00,0x00,0x00,0x00,0x00,0x00,0x00,0x00,0x00,0x00,0x00,0x00,0x00,0x00,0x00,0x00,0x00,0x00,0x00,0x00,0x00,0x00,0x00,0x00,0x00,0x00,0x00,0x00,0x00,0x00,0x00,0x00,0x00,0x00,0x00,0x00,0x00,0x00,0x00,0x00,0x00,0x00,0x00,0x02,0x00,0x17,0x6b,0x05,0x90,0xac,0x68,0x90,0xb1,0xb1,0x90,0x6b,0x9b,0x0c,0x6a,0x21,0x09,0x0d,0x0d,0x9b,0x6b,0x68,0x9b,0xb1,0x9b,0x77,0x9b,0xa8,0x6f,0x65,0x37,0x00,0x00,0x00,0x00,0x00,0x00,0x00,0x00,0x00,0x00,0x00,0x00,0x00,0x00,0x00,0x00,0x00,0x00,0x00,0x00,0x00,0x00,0x00,0x00,0x00,0x00,0x00,0x00,0x00,0x00,0x00,0x00,0x00,0x00,0x00,0x00,0x00,0x00,0x00,0x00,0x00,0x00,0x00,0x00,0x00,0x00,0x00,0x00,0x00,0x00,0x00,0x00,0x00,0x00,0x00,
    0x00,0x00,0x00,0x00,0x00,0x00,0x00,0x00,0x00,0x00,0x00,0x00,0x00,0x00,0x00,0x00,0x00,0x00,0x00,0x00,0x00,0x00,0x00,0x00,0x00,0x00,0x00,0x00,0x00,0x00,0x00,0x00,0x00,0x00,0x00,0x00,0x00,0x00,0x00,0x00,0x00,0x00,0x00,0x00,0x00,0x00,0x00,0x00,0x00,0x00,0x00,0x00,0x00,0x00,0x00,0x00,0x00,0x02,0x00,0x36,0x6a,0x05,0x6f,0x6d,0x6c,0x6d,0x77,0x77,0x6d,0x6c,0x6c,0x05,0x6f,0x1e,0x21,0x6c,0x0c,0x6d,0x6c,0x6c,0x6d,0x77,0x77,0x6c,0x6d,0x6a,0x67,0x05,0x0c,0x1a,0x00,0x02,0x00,0x00,0x00,0x00,0x00,0x00,0x00,0x00,0x00,0x00,0x00,0x00,0x00,0x00,0x00,0x00,0x00,0x00,0x00,0x00,0x00,0x00,0x00,0x00,0x00,0x00,0x00,0x00,0x00,0x00,0x00,0x00,0x00,0x00,0x00,0x00,0x00,0x00,0x00,0x00,0x00,0x00,0x00,0x00,0x00,0x00,0x00,0x00,0x00,0x00,0x00,0x00,
    0x00,0x00,0x00,0x00,0x00,0x00,0x00,0x00,0x00,0x00,0x00,0x00,0x00,0x00,0x00,0x00,0x00,0x00,0x00,0x00,0x00,0x00,0x00,0x00,0x00,0x00,0x00,0x00,0x00,0x00,0x00,0x00,0x00,0x00,0x00,0x00,0x00,0x00,0x00,0x00,0x00,0x00,0x00,0x00,0x00,0x00,0x00,0x00,0x00,0x00,0x00,0x00,0x00,0x00,0x00,0x00,0x01,0x01,0x1b,0x12,0x6f,0x67,0x65,0x76,0x65,0x6f,0x6f,0x6f,0x6f,0x65,0x76,0x67,0x67,0x12,0x0c,0x6b,0x76,0x67,0x65,0x65,0x65,0x65,0x65,0x65,0x67,0x67,0x65,0x05,0x6a,0x18,0x00,0x02,0x00,0x00,0x00,0x00,0x00,0x00,0x00,0x00,0x00,0x00,0x00,0x00,0x00,0x00,0x00,0x00,0x00,0x00,0x00,0x00,0x00,0x00,0x00,0x00,0x00,0x00,0x00,0x00,0x00,0x00,0x00,0x00,0x00,0x00,0x00,0x00,0x00,0x00,0x00,0x00,0x00,0x00,0x00,0x00,0x00,0x00,0x00,0x00,0x00,0x00,0x00,0x00,
    0x00,0x00,0x00,0x00,0x00,0x00,0x00,0x00,0x00,0x00,0x00,0x00,0x00,0x00,0x00,0x00,0x00,0x00,0x00,0x00,0x00,0x00,0x00,0x00,0x00,0x00,0x00,0x00,0x00,0x00,0x00,0x00,0x00,0x00,0x00,0x00,0x00,0x00,0x00,0x00,0x00,0x00,0x00,0x00,0x00,0x00,0x00,0x00,0x00,0x00,0x00,0x00,0x00,0x00,0x00,0x00,0x02,0x00,0x09,0x68,0x6f,0x67,0x67,0x65,0x65,0x65,0x67,0x67,0x67,0x65,0x65,0x67,0x67,0x68,0x6d,0x6f,0x67,0x65,0x65,0x65,0x65,0x65,0x65,0x65,0x65,0x65,0x67,0x05,0x68,0x1a,0x00,0x02,0x00,0x00,0x00,0x00,0x00,0x00,0x00,0x00,0x00,0x00,0x00,0x00,0x00,0x00,0x00,0x00,0x00,0x00,0x00,0x00,0x00,0x00,0x00,0x00,0x00,0x00,0x00,0x00,0x00,0x00,0x00,0x00,0x00,0x00,0x00,0x00,0x00,0x00,0x00,0x00,0x00,0x00,0x00,0x00,0x00,0x00,0x00,0x00,0x00,0x00,0x00,0x00,
    0x00,0x00,0x00,0x00,0x00,0x00,0x00,0x00,0x00,0x00,0x00,0x00,0x00,0x00,0x00,0x00,0x00,0x00,0x00,0x00,0x00,0x00,0x00,0x00,0x00,0x00,0x00,0x00,0x00,0x00,0x00,0x00,0x00,0x00,0x00,0x00,0x00,0x00,0x00,0x00,0x00,0x00,0x00,0x00,0x00,0x00,0x00,0x00,0x00,0x00,0x00,0x00,0x00,0x00,0x00,0x00,0x02,0x00,0x09,0x90,0x6b,0x6b,0x6f,0x6b,0x6c,0x6a,0x67,0x65,0x67,0x67,0x67,0x6f,0x68,0x68,0x6c,0x68,0x65,0x67,0x67,0x67,0x65,0x65,0x67,0x6f,0x6f,0x6f,0x6f,0x0c,0x6b,0x17,0x00,0x02,0x00,0x00,0x00,0x00,0x00,0x00,0x00,0x00,0x00,0x00,0x00,0x00,0x00,0x00,0x00,0x00,0x00,0x00,0x00,0x00,0x00,0x00,0x00,0x00,0x00,0x00,0x00,0x00,0x00,0x00,0x00,0x00,0x00,0x00,0x00,0x00,0x00,0x00,0x00,0x00,0x00,0x00,0x00,0x00,0x00,0x00,0x00,0x00,0x00,0x00,0x00,0x00,
    0x00,0x00,0x00,0x00,0x00,0x00,0x00,0x00,0x00,0x00,0x00,0x00,0x00,0x00,0x00,0x00,0x00,0x00,0x00,0x00,0x00,0x00,0x00,0x00,0x00,0x00,0x00,0x00,0x00,0x00,0x00,0x00,0x00,0x00,0x00,0x00,0x00,0x00,0x00,0x00,0x00,0x00,0x00,0x00,0x00,0x00,0x00,0x00,0x00,0x00,0x00,0x00,0x00,0x00,0x00,0x00,0x02,0x00,0x09,0x67,0x6f,0x68,0x6c,0x6d,0x6d,0x68,0x6f,0x6f,0x6a,0x6b,0x6c,0x6c,0x65,0x6f,0x68,0x6a,0x6c,0x68,0x6b,0x6a,0x6f,0x6f,0x6f,0x6b,0x6c,0x6d,0x6c,0x05,0x76,0x0b,0x00,0x02,0x00,0x00,0x00,0x00,0x00,0x00,0x00,0x00,0x00,0x00,0x00,0x00,0x00,0x00,0x00,0x00,0x00,0x00,0x00,0x00,0x00,0x00,0x00,0x00,0x00,0x00,0x00,0x00,0x00,0x00,0x00,0x00,0x00,0x00,0x00,0x00,0x00,0x00,0x00,0x00,0x00,0x00,0x00,0x00,0x00,0x00,0x00,0x00,0x00,0x00,0x00,0x00,
    0x00,0x00,0x00,0x00,0x00,0x00,0x00,0x00,0x00,0x00,0x00,0x00,0x00,0x00,0x00,0x00,0x00,0x00,0x00,0x00,0x00,0x00,0x00,0x00,0x00,0x00,0x00,0x00,0x00,0x00,0x00,0x00,0x00,0x00,0x00,0x00,0x00,0x00,0x00,0x00,0x00,0x00,0x00,0x00,0x00,0x00,0x00,0x00,0x00,0x00,0x00,0x00,0x00,0x00,0x00,0x00,0x01,0x01,0x1b,0x12,0x91,0x91,0x81,0x8c,0x91,0x76,0x65,0x76,0x8c,0x76,0x8c,0x81,0x81,0x65,0x6a,0x81,0x91,0x91,0x8c,0x76,0x65,0x65,0x67,0x65,0x67,0x90,0x91,0x9b,0x76,0x1a,0x00,0x02,0x00,0x00,0x00,0x00,0x00,0x00,0x00,0x00,0x00,0x00,0x00,0x00,0x00,0x00,0x00,0x00,0x00,0x00,0x00,0x00,0x00,0x00,0x00,0x00,0x00,0x00,0x00,0x00,0x00,0x00,0x00,0x00,0x00,0x00,0x00,0x00,0x00,0x00,0x00,0x00,0x00,0x00,0x00,0x00,0x00,0x00,0x00,0x00,0x00,0x00,0x00,0x00,
    0x00,0x00,0x00,0x00,0x00,0x00,0x00,0x00,0x00,0x00,0x00,0x00,0x00,0x00,0x00,0x00,0x00,0x00,0x00,0x00,0x00,0x00,0x00,0x00,0x00,0x00,0x00,0x00,0x00,0x00,0x00,0x00,0x00,0x00,0x00,0x00,0x00,0x00,0x00,0x00,0x00,0x00,0x00,0x00,0x00,0x00,0x00,0x00,0x00,0x00,0x00,0x00,0x00,0x00,0x00,0x00,0x00,0x02,0x00,0x16,0x81,0x10,0x10,0x10,0x81,0x81,0xa8,0x81,0x10,0x10,0x10,0x10,0x81,0x37,0x63,0x10,0x10,0x10,0x10,0x81,0x91,0xa8,0x81,0x81,0x81,0x10,0x10,0x81,0x37,0x11,0x01,0x00,0x00,0x00,0x00,0x00,0x00,0x00,0x00,0x00,0x00,0x00,0x00,0x00,0x00,0x00,0x00,0x00,0x00,0x00,0x00,0x00,0x00,0x00,0x00,0x00,0x00,0x00,0x00,0x00,0x00,0x00,0x00,0x00,0x00,0x00,0x00,0x00,0x00,0x00,0x00,0x00,0x00,0x00,0x00,0x00,0x00,0x00,0x00,0x00,0x00,0x00,0x00,0x00,
    0x00,0x00,0x00,0x00,0x00,0x00,0x00,0x00,0x00,0x00,0x00,0x00,0x00,0x00,0x00,0x00,0x00,0x00,0x00,0x00,0x00,0x00,0x00,0x00,0x00,0x00,0x00,0x00,0x00,0x00,0x00,0x00,0x00,0x00,0x00,0x00,0x00,0x00,0x00,0x00,0x00,0x00,0x00,0x00,0x00,0x00,0x00,0x00,0x00,0x00,0x00,0x00,0x00,0x00,0x00,0x00,0x00,0x01,0x02,0x1b,0x1e,0x91,0x81,0x81,0x81,0x81,0x81,0x81,0x91,0x91,0x81,0x91,0x05,0x0b,0x0a,0x5e,0x91,0x81,0x81,0x91,0x91,0xa8,0x81,0x81,0x81,0x81,0x91,0x2b,0x18,0x00,0x02,0x00,0x00,0x00,0x00,0x00,0x00,0x00,0x00,0x00,0x00,0x00,0x00,0x00,0x00,0x00,0x00,0x00,0x00,0x00,0x00,0x00,0x00,0x00,0x00,0x00,0x00,0x00,0x00,0x00,0x00,0x00,0x00,0x00,0x00,0x00,0x00,0x00,0x00,0x00,0x00,0x00,0x00,0x00,0x00,0x00,0x00,0x00,0x00,0x00,0x00,0x00,0x00,0x00,
    0x00,0x00,0x00,0x00,0x00,0x00,0x00,0x00,0x00,0x00,0x00,0x00,0x00,0x00,0x00,0x00,0x00,0x00,0x00,0x00,0x00,0x00,0x00,0x00,0x00,0x00,0x00,0x00,0x00,0x00,0x00,0x00,0x00,0x00,0x00,0x00,0x00,0x00,0x00,0x00,0x00,0x00,0x00,0x00,0x00,0x00,0x00,0x00,0x00,0x00,0x00,0x00,0x00,0x00,0x00,0x00,0x00,0x00,0x01,0x00,0x02,0x18,0x16,0x1e,0xa8,0x90,0x68,0x6a,0x90,0x37,0x36,0x17,0x09,0x00,0x00,0x02,0x0b,0x36,0x1e,0xa8,0x90,0x68,0x6b,0x6a,0x67,0x36,0x17,0x09,0x00,0x02,0x00,0x00,0x00,0x00,0x00,0x00,0x00,0x00,0x00,0x00,0x00,0x00,0x00,0x00,0x00,0x00,0x00,0x00,0x00,0x00,0x00,0x00,0x00,0x00,0x00,0x00,0x00,0x00,0x00,0x00,0x00,0x00,0x00,0x00,0x00,0x00,0x00,0x00,0x00,0x00,0x00,0x00,0x00,0x00,0x00,0x00,0x00,0x00,0x00,0x00,0x00,0x00,0x00,0x00,
    0x00,0x00,0x00,0x00,0x00,0x00,0x00,0x00,0x00,0x00,0x00,0x00,0x00,0x00,0x00,0x00,0x00,0x00,0x00,0x00,0x00,0x00,0x00,0x00,0x00,0x00,0x00,0x00,0x00,0x00,0x00,0x00,0x00,0x00,0x00,0x00,0x00,0x00,0x00,0x00,0x00,0x00,0x00,0x00,0x00,0x00,0x00,0x00,0x00,0x00,0x00,0x00,0x00,0x00,0x00,0x00,0x00,0x00,0x00,0x01,0x00,0x00,0x00,0x00,0x09,0x09,0x09,0x09,0x09,0x02,0x00,0x00,0x00,0x02,0x01,0x00,0x00,0x00,0x00,0x1b,0x09,0x09,0x09,0x09,0x09,0x00,0x00,0x00,0x02,0x00,0x00,0x00,0x00,0x00,0x00,0x00,0x00,0x00,0x00,0x00,0x00,0x00,0x00,0x00,0x00,0x00,0x00,0x00,0x00,0x00,0x00,0x00,0x00,0x00,0x00,0x00,0x00,0x00,0x00,0x00,0x00,0x00,0x00,0x00,0x00,0x00,0x00,0x00,0x00,0x00,0x00,0x00,0x00,0x00,0x00,0x00,0x00,0x00,0x00,0x00,0x00,0x00,0x00,0x00,
    0x00,0x00,0x00,0x00,0x00,0x00,0x00,0x00,0x00,0x00,0x00,0x00,0x00,0x00,0x00,0x00,0x00,0x00,0x00,0x00,0x00,0x00,0x00,0x00,0x00,0x00,0x00,0x00,0x00,0x00,0x00,0x00,0x00,0x00,0x00,0x00,0x00,0x00,0x00,0x00,0x00,0x00,0x00,0x00,0x00,0x00,0x00,0x00,0x00,0x00,0x00,0x00,0x00,0x00,0x00,0x00,0x00,0x00,0x00,0x00,0x01,0x02,0x02,0x00,0x00,0x00,0x00,0x00,0x00,0x00,0x02,0x02,0x02,0x00,0x00,0x01,0x02,0x02,0x00,0x00,0x00,0x00,0x00,0x00,0x00,0x01,0x02,0x02,0x00,0x00,0x00,0x00,0x00,0x00,0x00,0x00,0x00,0x00,0x00,0x00,0x00,0x00,0x00,0x00,0x00,0x00,0x00,0x00,0x00,0x00,0x00,0x00,0x00,0x00,0x00,0x00,0x00,0x00,0x00,0x00,0x00,0x00,0x00,0x00,0x00,0x00,0x00,0x00,0x00,0x00,0x00,0x00,0x00,0x00,0x00,0x00,0x00,0x00,0x00,0x00,0x00,0x00,0x00,0x00,

};

const lv_image_dsc_t passport_pet_idle_2 = {
  .header = {
    .magic = LV_IMAGE_HEADER_MAGIC,
    .cf = LV_COLOR_FORMAT_I8,
    .flags = 0,
    .w = 144,
    .h = 156,
    .stride = 144,
    .reserved_2 = 0,
  },
  .data_size = sizeof(passport_pet_idle_2_map),
  .data = passport_pet_idle_2_map,
  .reserved = NULL,
};
