
#if defined(LV_LVGL_H_INCLUDE_SIMPLE)
#include "lvgl.h"
#elif defined(LV_LVGL_H_INCLUDE_SYSTEM)
#include <lvgl.h>
#elif defined(LV_BUILD_TEST)
#include "../lvgl.h"
#else
#include "lvgl/lvgl.h"
#endif

#ifndef LV_ATTRIBUTE_MEM_ALIGN
#define LV_ATTRIBUTE_MEM_ALIGN
#endif

#ifndef LV_ATTRIBUTE_PASSPORT_PET_REVIEW_2
#define LV_ATTRIBUTE_PASSPORT_PET_REVIEW_2
#endif

static const
LV_ATTRIBUTE_MEM_ALIGN LV_ATTRIBUTE_LARGE_CONST LV_ATTRIBUTE_PASSPORT_PET_REVIEW_2
uint8_t passport_pet_review_2_map[] = {

    0x4c,0x70,0x47,0x00,0x55,0x56,0x4f,0x02,0x13,0x10,0x0c,0x03,0x00,0x00,0x00,0x01,
    0xbf,0xff,0xe6,0x01,0x18,0x13,0x16,0xfc,0x82,0x97,0x92,0x03,0x17,0x10,0x12,0x26,
    0x0d,0x0a,0x0d,0xfb,0x13,0x10,0x10,0xc2,0x30,0x3a,0x33,0x0d,0x0e,0x0c,0x0d,0x60,
    0x99,0xaa,0xb9,0xff,0xc8,0xd2,0xd4,0x09,0x12,0x10,0x11,0x83,0x17,0x18,0x16,0x39,
    0xa6,0xad,0xb7,0xfd,0xe4,0xe7,0xf2,0xfe,0xb3,0xbe,0xc5,0xfe,0x94,0x5d,0x0d,0xfe,
    0x64,0x7d,0x73,0x08,0xb2,0xcd,0xd9,0xfb,0xae,0xbd,0xc3,0xd7,0xdc,0xf8,0xf9,0x02,
    0x45,0x57,0x55,0xaa,0xa7,0xbb,0xba,0x6f,0x72,0x8d,0x89,0x7d,0x2b,0x2e,0x35,0xfe,
    0x35,0x43,0x30,0x17,0x10,0x0c,0x0e,0xf1,0xae,0xb4,0xb9,0xfd,0x8e,0xb2,0xb0,0xea,
    0x97,0xaa,0xae,0xdb,0xb9,0xd2,0xd5,0xd0,0xdc,0xdc,0xe9,0x03,0x19,0x17,0x17,0xb7,
    0x11,0x0c,0x0d,0xd5,0x0f,0x0c,0x0d,0x91,0x11,0x0f,0x0e,0x9c,0x5a,0x68,0x72,0xfe,
    0x79,0x9b,0x99,0xe2,0x83,0x9d,0x9a,0x1f,0x0f,0x0b,0x0d,0xe3,0xb0,0xaa,0x9a,0xfd,
    0x6e,0x8a,0x90,0x28,0xac,0x6e,0x0a,0xfc,0x6d,0x5a,0x0a,0xc6,0x50,0x65,0x6b,0xe1,
    0x0f,0x0e,0x0a,0x1d,0xdc,0xe4,0xe6,0x3b,0x16,0x13,0x13,0x4b,0x83,0xa0,0xb0,0xfe,
    0x63,0x7a,0x7f,0xd2,0x9d,0xac,0xab,0x44,0xcd,0xd7,0xdd,0x1e,0x8f,0xa5,0xa5,0x76,
    0xcc,0xdb,0xe2,0xe9,0x53,0x7a,0x74,0x6f,0x36,0x54,0x56,0xd6,0xe7,0xee,0xf3,0xbf,
    0x66,0x61,0x6b,0xfe,0x97,0xb3,0xaf,0x54,0x63,0x8d,0x86,0x66,0x9a,0xaf,0xaf,0x93,
    0x69,0x4c,0x05,0x86,0x8d,0xa2,0xa5,0xb1,0x13,0x10,0x10,0xa8,0x80,0x94,0x8f,0x52,
    0x90,0xad,0xab,0xc1,0x68,0x8d,0x86,0xa0,0x4b,0x5e,0x62,0x90,0xe3,0xea,0xea,0x10,
    0xe8,0xef,0xf6,0xdf,0x11,0x0f,0x0e,0x75,0xdf,0xe7,0xea,0x88,0xa8,0xc9,0xc9,0xe4,
    0x96,0x6f,0x2e,0xfd,0xe0,0xe9,0xee,0x6c,0x6f,0x62,0x02,0x4d,0x74,0x5d,0x23,0xfc,
    0xf3,0xf7,0xfc,0xec,0x8c,0x63,0x02,0x5a,0x62,0x8c,0x86,0xbb,0x85,0x9d,0x96,0x15,
    0x7f,0x97,0x9c,0xc5,0x56,0x89,0x79,0xe8,0x1b,0x18,0x18,0xee,0xd5,0xe3,0xe8,0xa4,
    0x65,0x89,0x8a,0x46,0x86,0x7e,0x84,0xfd,0xc9,0xde,0xe5,0xf9,0x85,0x9c,0x96,0x89,
    0x99,0x64,0x06,0xcf,0x71,0x99,0x92,0x32,0x40,0x56,0x42,0x24,0xaa,0x91,0x9f,0xfe,
    0x28,0x5b,0x62,0xf9,0x3c,0x43,0x4f,0xfc,0x54,0x61,0x38,0x32,0xa4,0xbd,0xb9,0x30,
    0xa4,0xbe,0xc0,0xa3,0xb9,0xc5,0xcd,0xb5,0xd7,0xe1,0xe7,0xd4,0x60,0x88,0x84,0x8e,
    0x66,0x43,0x10,0xfe,0x40,0x5a,0x4f,0x6d,0x69,0x72,0x80,0xaa,0xb7,0xcb,0xcd,0x7b,
    0x72,0x86,0x8d,0xf4,0x40,0x51,0x51,0x57,0xd9,0xea,0xf6,0xf4,0x5b,0x6a,0x9b,0xfd,
    0x7c,0x8d,0xc8,0xfe,0x68,0x6f,0x80,0x47,0xdd,0xe7,0xe7,0x56,0xc3,0xc8,0xce,0xea,
    0x80,0x8c,0x8f,0xd8,0xc5,0x9b,0x06,0xde,0xb3,0x83,0x05,0xd4,0x8a,0x76,0x23,0x98,
    0x31,0x29,0x1a,0xd9,0xb4,0x95,0x00,0x29,0x18,0x13,0x16,0xff,0xcf,0xeb,0xfb,0xff,
    0x19,0x14,0x17,0xff,0x0e,0x0a,0x0e,0xff,0x0a,0x07,0x0a,0xff,0x10,0x0d,0x10,0xff,
    0x0c,0x08,0x0c,0xff,0xee,0xf6,0xff,0xff,0x14,0x0f,0x12,0xff,0xce,0xe9,0xfb,0xff,
    0xcd,0xe8,0xfa,0xff,0x13,0x0e,0x11,0xff,0x16,0x11,0x14,0xff,0xd1,0xed,0xfd,0xff,
    0x05,0x04,0x08,0xff,0xef,0xf6,0xfc,0xff,0xee,0xf4,0xfc,0xff,0xf0,0xf8,0xfe,0xff,
    0xf4,0x97,0x02,0xff,0xe4,0xec,0xf8,0xff,0xd5,0xf2,0xff,0xff,0xec,0xf3,0xfb,0xff,
    0xd4,0xf0,0xfe,0xff,0x01,0x00,0x02,0xff,0xe6,0xee,0xfa,0xff,0xf8,0x9a,0x02,0xff,
    0x1b,0x16,0x19,0xff,0xfa,0x9e,0x01,0xff,0x25,0x18,0x1c,0xff,0xf3,0xf9,0xff,0xff,
    0xfd,0xa4,0x01,0xff,0xd9,0xf6,0xff,0xff,0xe9,0xf1,0xfa,0xff,0x29,0x1d,0x23,0xff,
    0xf6,0xfe,0xff,0xff,0xe5,0xf6,0xfe,0xff,0xcd,0xe3,0xf6,0xff,0xda,0xe9,0xf8,0xff,
    0xf4,0xfc,0xff,0xff,0xe0,0xf2,0xfe,0xff,0x28,0x25,0x28,0xff,0xc4,0xe0,0xee,0xff,
    0xd8,0xe2,0xec,0xff,0xfe,0xff,0xff,0xff,0xda,0xee,0xfc,0xff,0xf1,0x90,0x02,0xff,
    0x9d,0xb4,0xc0,0xff,0xbe,0xc8,0xd2,0xff,0x65,0x36,0x43,0xff,0x50,0x2a,0x36,0xff,
    0xce,0xdc,0xf3,0xff,0xcb,0xd7,0xf3,0xff,0xe7,0x8c,0x02,0xff,0x3e,0x21,0x2a,0xff,
    0x98,0xa4,0xb3,0xff,0x84,0x41,0x54,0xff,0xc6,0xd4,0xe3,0xff,0x96,0x9d,0xa9,0xff,
    0xad,0xb9,0xc6,0xff,0xa2,0xb5,0xcb,0xff,0xde,0xfc,0xff,0xff,0xd5,0xeb,0xfb,0xff,
    0xbe,0xda,0xec,0xff,0xd1,0x80,0x0b,0xff,0xb1,0xc5,0xd5,0xff,0xe4,0x85,0x02,0xff,
    0xc8,0xd0,0xda,0xff,0xa1,0x4a,0x62,0xff,0xc9,0x73,0x06,0xff,0x9d,0x56,0x6a,0xff,
    0xb1,0xbe,0xd0,0xff,0x88,0x97,0xa6,0xff,0x7e,0x37,0x4b,0xff,0xc2,0x5c,0x77,0xff,
    0xc5,0xe6,0xf9,0xff,0xbd,0xcd,0xdf,0xff,0xb6,0xd1,0xe4,0xff,0x88,0x9d,0xcd,0xff,
    0xe4,0x75,0x01,0xff,0x6c,0x7b,0x8e,0xff,0xd6,0xd9,0xe3,0xff,0xe9,0xfd,0xff,0xff,
    0xb7,0x84,0x3a,0xff,0x90,0x93,0x96,0xff,0x3c,0x3a,0x44,0xff,0xd6,0x6a,0x85,0xff,
    0x8c,0x8b,0x97,0xff,0x9f,0xbc,0xd5,0xff,0xbe,0x49,0x65,0xff,0x9a,0xad,0xc9,0xff,
    0x79,0x83,0x93,0xff,0x26,0x10,0x12,0xff,0x4a,0x4b,0x52,0xff,0xb2,0xc6,0xed,0xff,
    0x7d,0x8d,0xa5,0xff,0x9c,0x8a,0x68,0xff,0x82,0x91,0xb1,0xff,0x6b,0x7b,0xa4,0xff,
    0x6d,0x6f,0x78,0xff,0x70,0x84,0xb5,0xff,0xbb,0x7b,0x0d,0xff,0xa9,0xba,0xfb,0xff,
    0x51,0x54,0x63,0xff,0xee,0x7a,0x99,0xff,0xcf,0x8e,0x15,0xff,0x62,0x72,0x8a,0xff,
    0xf1,0x60,0x83,0xff,0xbb,0x9f,0x72,0xff,0xa1,0xb1,0xf6,0xff,0x5a,0x31,0x0a,0xff,
    0xdc,0x4c,0x6f,0xff,0x23,0x77,0x80,0xff,0xab,0x4d,0x08,0xff,0x96,0xa8,0xe7,0xff,
    0xce,0x63,0x00,0xff,0x73,0x8c,0x9d,0xff,0x59,0x99,0x81,0xff,0xc1,0xcd,0xfa,0xff,
    0x1b,0xd9,0xf2,0xff,0x68,0x74,0x91,0xff,0x76,0x4f,0x61,0xff,0x4c,0x58,0x80,0xff,
    0x04,0xbb,0xdb,0xff,0x76,0x70,0x56,0xff,0xfd,0xad,0x03,0xff,0xc6,0xbc,0xa9,0xff,
    0xab,0x35,0x56,0xff,0x8a,0x6d,0x7e,0xff,0xe6,0xae,0xc8,0xff,0x20,0x67,0x1e,0xff,
    0xf3,0x8c,0xae,0xff,0xf6,0xc4,0xde,0xff,0x8f,0x2c,0x2c,0xff,0x0e,0x9e,0xb5,0xff,

    0x00,0x00,0x00,0x00,0x00,0x00,0x00,0x00,0x00,0x00,0x00,0x00,0x00,0x00,0x00,0x00,0x00,0x00,0x00,0x00,0x00,0x00,0x00,0x00,0x00,0x00,0x00,0x00,0x00,0x00,0x00,0x00,0x00,0x00,0x00,0x00,0x00,0x00,0x00,0x00,0x00,0x00,0x00,0x00,0x00,0x00,0x00,0x00,0x00,0x00,0x00,0x00,0x00,0x00,0x00,0x00,0x00,0x00,0x00,0x00,0x00,0x00,0x00,0x00,0x17,0x00,0x01,0x00,0x00,0x00,0x00,0x00,0x00,0x00,0x00,0x00,0x00,0x00,0x00,0x00,0x00,0x00,0x00,0x00,0x00,0x00,0x00,0x00,0x00,0x00,0x00,0x00,0x00,0x00,0x00,0x00,0x00,0x00,0x00,0x00,0x00,0x00,0x00,0x00,0x00,0x00,0x00,0x00,0x00,0x00,0x00,0x00,0x00,0x00,0x00,0x00,0x00,0x00,0x00,0x00,0x00,0x00,0x00,0x00,0x00,0x00,0x00,0x00,0x00,0x00,0x00,0x00,0x00,0x00,0x00,0x00,0x00,0x00,0x00,0x00,0x00,0x00,0x00,0x00,
    0x00,0x00,0x00,0x00,0x00,0x00,0x00,0x00,0x00,0x00,0x00,0x00,0x00,0x00,0x00,0x00,0x00,0x00,0x00,0x00,0x00,0x00,0x00,0x00,0x00,0x00,0x00,0x00,0x00,0x00,0x00,0x00,0x00,0x00,0x00,0x00,0x00,0x00,0x00,0x00,0x00,0x00,0x00,0x00,0x00,0x00,0x00,0x00,0x00,0x00,0x00,0x00,0x00,0x00,0x00,0x00,0x00,0x00,0x00,0x00,0x00,0x00,0x00,0x00,0x00,0x02,0x00,0x29,0x63,0x53,0x00,0x00,0x00,0x00,0x00,0x00,0x00,0x00,0x00,0x00,0x00,0x00,0x00,0x00,0x00,0x00,0x00,0x00,0x00,0x00,0x00,0x00,0x00,0x00,0x00,0x00,0x00,0x00,0x00,0x00,0x00,0x00,0x00,0x00,0x00,0x00,0x00,0x00,0x00,0x00,0x00,0x00,0x00,0x00,0x00,0x00,0x00,0x00,0x00,0x00,0x00,0x00,0x00,0x00,0x00,0x00,0x00,0x00,0x00,0x00,0x00,0x00,0x00,0x00,0x00,0x00,0x00,0x00,0x00,0x00,0x00,0x00,0x00,0x00,
    0x00,0x00,0x00,0x00,0x00,0x00,0x00,0x00,0x00,0x00,0x00,0x00,0x00,0x00,0x00,0x00,0x00,0x00,0x00,0x00,0x00,0x00,0x00,0x00,0x00,0x00,0x00,0x00,0x00,0x00,0x00,0x00,0x00,0x00,0x00,0x00,0x00,0x00,0x00,0x00,0x00,0x00,0x00,0x00,0x00,0x00,0x00,0x00,0x00,0x00,0x00,0x00,0x00,0x00,0x00,0x00,0x00,0x00,0x00,0x00,0x00,0x03,0x03,0x06,0x31,0x19,0x44,0x1f,0x44,0x35,0x03,0x00,0x00,0x00,0x00,0x00,0x00,0x00,0x00,0x00,0x00,0x00,0x00,0x00,0x00,0x00,0x00,0x00,0x00,0x00,0x00,0x00,0x00,0x00,0x00,0x00,0x00,0x00,0x00,0x00,0x00,0x00,0x00,0x00,0x00,0x00,0x00,0x00,0x00,0x00,0x00,0x00,0x00,0x00,0x00,0x00,0x00,0x00,0x00,0x00,0x00,0x00,0x00,0x00,0x00,0x00,0x00,0x00,0x00,0x00,0x00,0x00,0x00,0x00,0x00,0x00,0x00,0x00,0x00,0x00,0x00,0x00,0x00,0x00,
    0x00,0x00,0x00,0x00,0x00,0x00,0x00,0x00,0x00,0x00,0x00,0x00,0x00,0x00,0x00,0x00,0x00,0x00,0x00,0x00,0x00,0x00,0x00,0x00,0x00,0x00,0x00,0x00,0x00,0x00,0x00,0x00,0x00,0x00,0x00,0x00,0x00,0x00,0x00,0x00,0x00,0x00,0x00,0x00,0x00,0x00,0x00,0x00,0x00,0x00,0x00,0x00,0x00,0x00,0x00,0x00,0x00,0x00,0x00,0x00,0x00,0x04,0x00,0x72,0x3b,0xca,0xb4,0x3f,0x63,0x00,0x00,0x00,0x00,0x00,0x00,0x00,0x00,0x00,0x00,0x00,0x00,0x00,0x00,0x00,0x00,0x00,0x00,0x00,0x00,0x00,0x00,0x00,0x00,0x00,0x00,0x00,0x00,0x00,0x00,0x00,0x00,0x00,0x00,0x00,0x00,0x00,0x00,0x00,0x00,0x00,0x00,0x00,0x00,0x00,0x00,0x00,0x00,0x00,0x00,0x00,0x00,0x00,0x00,0x00,0x00,0x00,0x00,0x00,0x00,0x00,0x00,0x00,0x00,0x00,0x00,0x00,0x00,0x00,0x00,0x00,0x00,0x00,0x00,0x00,
    0x00,0x00,0x00,0x00,0x00,0x00,0x00,0x00,0x00,0x00,0x00,0x00,0x00,0x00,0x00,0x00,0x00,0x00,0x00,0x00,0x00,0x00,0x00,0x00,0x00,0x00,0x00,0x00,0x00,0x00,0x00,0x00,0x00,0x00,0x00,0x00,0x00,0x00,0x00,0x00,0x00,0x00,0x00,0x00,0x00,0x00,0x00,0x00,0x00,0x00,0x00,0x00,0x00,0x00,0x00,0x00,0x00,0x00,0x00,0x00,0x04,0x00,0x3d,0x21,0x81,0x38,0x6b,0x06,0x00,0x04,0x00,0x00,0x00,0x00,0x00,0x00,0x00,0x00,0x00,0x00,0x00,0x00,0x00,0x00,0x00,0x00,0x00,0x00,0x00,0x00,0x00,0x00,0x00,0x00,0x00,0x00,0x00,0x00,0x00,0x00,0x00,0x00,0x00,0x00,0x00,0x00,0x00,0x00,0x00,0x00,0x00,0x00,0x00,0x00,0x00,0x00,0x00,0x00,0x00,0x00,0x00,0x00,0x00,0x00,0x00,0x00,0x00,0x00,0x00,0x00,0x00,0x00,0x00,0x00,0x00,0x00,0x00,0x00,0x00,0x00,0x00,0x00,0x00,0x00,
    0x00,0x00,0x00,0x00,0x00,0x00,0x00,0x00,0x00,0x00,0x00,0x00,0x00,0x00,0x00,0x00,0x00,0x00,0x00,0x00,0x00,0x00,0x00,0x00,0x00,0x00,0x00,0x00,0x00,0x00,0x00,0x00,0x00,0x00,0x00,0x00,0x00,0x00,0x00,0x00,0x00,0x00,0x00,0x00,0x00,0x00,0x00,0x00,0x00,0x00,0x00,0x00,0x00,0x00,0x00,0x00,0x00,0x00,0x00,0x06,0x00,0x72,0x16,0xa3,0x8f,0x3b,0x36,0x00,0x06,0x00,0x00,0x00,0x00,0x00,0x00,0x00,0x00,0x00,0x00,0x00,0x00,0x00,0x00,0x00,0x00,0x00,0x00,0x00,0x00,0x00,0x00,0x00,0x00,0x00,0x00,0x00,0x00,0x00,0x00,0x00,0x00,0x00,0x00,0x00,0x00,0x00,0x00,0x00,0x00,0x00,0x00,0x00,0x00,0x00,0x00,0x00,0x00,0x00,0x00,0x00,0x00,0x00,0x00,0x00,0x00,0x00,0x00,0x00,0x00,0x00,0x00,0x00,0x00,0x00,0x00,0x00,0x00,0x00,0x00,0x00,0x00,0x00,0x00,0x00,
    0x00,0x00,0x00,0x00,0x00,0x00,0x00,0x00,0x00,0x00,0x00,0x00,0x00,0x00,0x00,0x00,0x00,0x00,0x00,0x00,0x00,0x00,0x00,0x00,0x00,0x00,0x00,0x00,0x00,0x00,0x00,0x00,0x00,0x00,0x00,0x00,0x00,0x00,0x00,0x00,0x00,0x00,0x00,0x00,0x00,0x00,0x00,0x00,0x00,0x00,0x00,0x00,0x00,0x00,0x00,0x00,0x00,0x00,0x00,0x00,0x0d,0x4a,0x11,0x97,0x50,0x4a,0x00,0x06,0x00,0x00,0x00,0x00,0x00,0x00,0x00,0x00,0x00,0x00,0x00,0x00,0x00,0x00,0x00,0x00,0x00,0x00,0x00,0x00,0x00,0x00,0x00,0x00,0x00,0x00,0x00,0x00,0x00,0x00,0x00,0x00,0x00,0x00,0x00,0x00,0x00,0x00,0x00,0x00,0x00,0x00,0x00,0x00,0x00,0x00,0x00,0x00,0x00,0x00,0x00,0x00,0x00,0x00,0x00,0x00,0x00,0x00,0x00,0x00,0x00,0x00,0x00,0x00,0x00,0x00,0x00,0x00,0x00,0x00,0x00,0x00,0x00,0x00,0x00,0x00,
    0x00,0x00,0x00,0x00,0x00,0x00,0x00,0x00,0x00,0x00,0x00,0x00,0x00,0x00,0x00,0x00,0x00,0x00,0x00,0x00,0x00,0x00,0x00,0x00,0x00,0x00,0x00,0x00,0x00,0x00,0x00,0x00,0x00,0x00,0x00,0x00,0x00,0x00,0x00,0x00,0x00,0x00,0x00,0x00,0x00,0x00,0x00,0x00,0x00,0x00,0x00,0x00,0x00,0x00,0x00,0x00,0x00,0x00,0x00,0x00,0x0d,0x6b,0x10,0xa0,0x48,0x4d,0x04,0x01,0x00,0x00,0x00,0x00,0x00,0x00,0x00,0x00,0x00,0x00,0x00,0x00,0x00,0x00,0x00,0x00,0x00,0x00,0x00,0x00,0x00,0x00,0x00,0x00,0x00,0x00,0x00,0x00,0x00,0x00,0x00,0x00,0x00,0x00,0x00,0x00,0x00,0x00,0x00,0x00,0x00,0x00,0x00,0x00,0x00,0x00,0x00,0x00,0x00,0x00,0x00,0x00,0x00,0x00,0x00,0x00,0x00,0x00,0x00,0x00,0x00,0x00,0x00,0x00,0x00,0x00,0x00,0x00,0x00,0x00,0x00,0x00,0x00,0x00,0x00,0x00,
    0x00,0x00,0x00,0x00,0x00,0x00,0x00,0x00,0x00,0x00,0x00,0x00,0x00,0x00,0x00,0x00,0x00,0x00,0x00,0x00,0x00,0x00,0x00,0x00,0x00,0x00,0x00,0x00,0x00,0x00,0x00,0x00,0x00,0x00,0x00,0x00,0x00,0x00,0x00,0x00,0x00,0x00,0x00,0x00,0x00,0x00,0x00,0x00,0x00,0x00,0x00,0x00,0x00,0x00,0x00,0x00,0x00,0x00,0x00,0x00,0x0d,0x5b,0x10,0x8e,0x6e,0x4d,0x00,0x06,0x00,0x00,0x01,0x01,0x01,0x06,0x00,0x00,0x00,0x00,0x00,0x04,0x01,0x17,0x01,0x01,0x01,0x00,0x00,0x00,0x00,0x00,0x00,0x00,0x00,0x00,0x00,0x00,0x00,0x00,0x00,0x00,0x00,0x00,0x00,0x00,0x00,0x00,0x00,0x00,0x00,0x00,0x00,0x00,0x00,0x00,0x00,0x00,0x00,0x00,0x00,0x00,0x00,0x00,0x00,0x00,0x00,0x00,0x00,0x00,0x00,0x00,0x00,0x00,0x00,0x00,0x00,0x00,0x00,0x00,0x00,0x00,0x00,0x00,0x00,0x00,
    0x00,0x00,0x00,0x00,0x00,0x00,0x00,0x00,0x00,0x00,0x00,0x00,0x00,0x00,0x00,0x00,0x00,0x00,0x00,0x00,0x00,0x00,0x00,0x00,0x00,0x00,0x00,0x00,0x00,0x00,0x00,0x00,0x00,0x00,0x00,0x00,0x00,0x00,0x00,0x00,0x00,0x00,0x00,0x00,0x00,0x00,0x00,0x00,0x00,0x00,0x00,0x00,0x00,0x00,0x00,0x00,0x00,0x00,0x00,0x00,0x14,0x1a,0x1f,0xa6,0x6e,0x4a,0x0d,0x00,0x00,0x00,0x00,0x00,0x00,0x00,0x06,0x14,0x14,0x0d,0x0d,0x00,0x00,0x00,0x00,0x00,0x00,0x00,0x06,0x04,0x00,0x00,0x00,0x00,0x00,0x00,0x00,0x00,0x00,0x00,0x00,0x00,0x00,0x00,0x00,0x00,0x00,0x00,0x00,0x00,0x00,0x00,0x00,0x00,0x00,0x00,0x00,0x00,0x00,0x00,0x00,0x00,0x00,0x00,0x00,0x00,0x00,0x00,0x00,0x00,0x00,0x00,0x00,0x00,0x00,0x00,0x00,0x00,0x00,0x00,0x00,0x00,0x00,0x00,0x00,0x00,
    0x00,0x00,0x00,0x00,0x00,0x00,0x00,0x00,0x00,0x00,0x00,0x00,0x00,0x00,0x00,0x00,0x00,0x00,0x00,0x00,0x00,0x00,0x00,0x00,0x00,0x00,0x00,0x00,0x00,0x00,0x00,0x00,0x00,0x00,0x00,0x00,0x00,0x00,0x00,0x00,0x00,0x00,0x00,0x00,0x00,0x00,0x00,0x00,0x00,0x00,0x00,0x00,0x00,0x00,0x00,0x00,0x00,0x00,0x00,0x06,0x04,0x3e,0x28,0xac,0xa1,0x48,0x72,0x36,0x14,0x04,0x29,0x2c,0x58,0x43,0x3e,0x37,0x1a,0x1a,0x1a,0x62,0x2c,0x35,0x35,0x1c,0x1c,0x03,0x00,0x00,0x01,0x03,0x00,0x00,0x00,0x00,0x00,0x00,0x00,0x00,0x00,0x00,0x00,0x00,0x00,0x00,0x00,0x00,0x00,0x00,0x00,0x00,0x00,0x00,0x00,0x00,0x00,0x00,0x00,0x00,0x00,0x00,0x00,0x00,0x00,0x00,0x00,0x00,0x00,0x00,0x00,0x00,0x00,0x00,0x00,0x00,0x00,0x00,0x00,0x00,0x00,0x00,0x00,0x00,0x00,0x00,
    0x00,0x00,0x00,0x00,0x00,0x00,0x00,0x00,0x00,0x00,0x00,0x00,0x00,0x00,0x00,0x00,0x00,0x00,0x00,0x00,0x00,0x00,0x00,0x00,0x00,0x00,0x00,0x00,0x00,0x00,0x00,0x00,0x00,0x00,0x00,0x00,0x00,0x00,0x00,0x00,0x00,0x00,0x00,0x00,0x00,0x00,0x00,0x00,0x00,0x00,0x00,0x00,0x00,0x00,0x00,0x00,0x00,0x00,0x00,0x06,0x06,0x5d,0x41,0x5a,0x8f,0xa5,0x66,0x41,0x1a,0x3e,0x67,0x45,0x54,0x34,0x6c,0xb2,0x15,0xa8,0x12,0x0c,0xc0,0x28,0x52,0x46,0x18,0x39,0x58,0x53,0x00,0x00,0x01,0x04,0x00,0x00,0x00,0x00,0x00,0x00,0x00,0x00,0x00,0x00,0x00,0x00,0x00,0x00,0x00,0x00,0x00,0x00,0x00,0x00,0x00,0x00,0x00,0x00,0x00,0x00,0x00,0x00,0x00,0x00,0x00,0x00,0x00,0x00,0x00,0x00,0x00,0x00,0x00,0x00,0x00,0x00,0x00,0x00,0x00,0x00,0x00,0x00,0x00,0x00,0x00,0x00,
    0x00,0x00,0x00,0x00,0x00,0x00,0x00,0x00,0x00,0x00,0x00,0x00,0x00,0x00,0x00,0x00,0x00,0x00,0x00,0x00,0x00,0x00,0x00,0x00,0x00,0x00,0x00,0x00,0x00,0x00,0x00,0x00,0x00,0x00,0x00,0x00,0x00,0x00,0x00,0x00,0x00,0x00,0x00,0x00,0x00,0x00,0x00,0x00,0x00,0x00,0x00,0x00,0x00,0x00,0x00,0x00,0x00,0x17,0x00,0x00,0x00,0x00,0x47,0x3f,0x4b,0xbc,0xc5,0x15,0x1f,0x28,0xba,0xd1,0xac,0xa3,0x9e,0xb7,0x90,0xa1,0x8e,0x8e,0xa6,0xa3,0xa3,0xa8,0x0c,0x20,0x54,0x5b,0x58,0x1c,0x00,0x00,0x04,0x00,0x00,0x00,0x00,0x00,0x00,0x00,0x00,0x00,0x00,0x00,0x00,0x00,0x00,0x00,0x00,0x00,0x00,0x00,0x00,0x00,0x00,0x00,0x00,0x00,0x00,0x00,0x00,0x00,0x00,0x00,0x00,0x00,0x00,0x00,0x00,0x00,0x00,0x00,0x00,0x00,0x00,0x00,0x00,0x00,0x00,0x00,0x00,0x00,0x00,0x00,
    0x00,0x00,0x00,0x00,0x00,0x00,0x00,0x00,0x00,0x00,0x00,0x00,0x00,0x00,0x00,0x00,0x00,0x00,0x00,0x00,0x00,0x00,0x00,0x00,0x00,0x00,0x00,0x00,0x00,0x00,0x00,0x00,0x00,0x00,0x00,0x00,0x00,0x00,0x00,0x00,0x00,0x00,0x00,0x00,0x00,0x00,0x00,0x00,0x00,0x00,0x00,0x00,0x00,0x00,0x03,0x01,0x00,0x00,0x01,0x0d,0x63,0x3d,0x35,0x19,0x19,0x54,0x27,0x33,0xc6,0x84,0xb7,0x90,0x87,0x7b,0x7b,0x83,0x84,0x84,0x84,0x84,0x84,0x7b,0x7b,0x90,0x99,0x7b,0xa3,0x1f,0x3a,0x0e,0x58,0x0d,0x00,0x17,0x00,0x00,0x00,0x00,0x00,0x00,0x00,0x00,0x00,0x00,0x00,0x00,0x00,0x00,0x00,0x00,0x00,0x00,0x00,0x00,0x00,0x00,0x00,0x00,0x00,0x00,0x00,0x00,0x00,0x00,0x00,0x00,0x00,0x00,0x00,0x00,0x00,0x00,0x00,0x00,0x00,0x00,0x00,0x00,0x00,0x00,0x00,0x00,0x00,0x00,
    0x00,0x00,0x00,0x00,0x00,0x00,0x00,0x00,0x00,0x00,0x00,0x00,0x00,0x00,0x00,0x00,0x00,0x00,0x00,0x00,0x00,0x00,0x00,0x00,0x00,0x00,0x00,0x00,0x00,0x00,0x00,0x00,0x00,0x00,0x00,0x00,0x00,0x00,0x00,0x00,0x00,0x00,0x00,0x00,0x00,0x00,0x00,0x00,0x00,0x00,0x00,0x00,0x00,0x03,0x00,0x00,0x0d,0x63,0x19,0x19,0x65,0x16,0x16,0x44,0x21,0xa3,0xa3,0x84,0x7b,0x83,0x84,0x84,0x84,0x84,0x84,0x83,0x83,0x83,0x83,0x83,0x83,0x84,0x84,0x84,0x84,0x84,0x7b,0x8e,0x0c,0x6c,0x21,0x21,0x36,0x00,0x01,0x00,0x00,0x00,0x00,0x00,0x00,0x00,0x00,0x00,0x00,0x00,0x00,0x00,0x00,0x00,0x00,0x00,0x00,0x00,0x00,0x00,0x00,0x00,0x00,0x00,0x00,0x00,0x00,0x00,0x00,0x00,0x00,0x00,0x00,0x00,0x00,0x00,0x00,0x00,0x00,0x00,0x00,0x00,0x00,0x00,0x00,0x00,0x00,0x00,
    0x00,0x00,0x00,0x00,0x00,0x00,0x00,0x00,0x00,0x00,0x00,0x00,0x00,0x00,0x00,0x00,0x00,0x00,0x00,0x00,0x00,0x00,0x00,0x00,0x00,0x00,0x00,0x00,0x00,0x00,0x00,0x00,0x00,0x00,0x00,0x00,0x00,0x00,0x00,0x00,0x00,0x00,0x00,0x00,0x00,0x00,0x00,0x00,0x00,0x00,0x00,0x00,0x06,0x00,0x0a,0x6d,0x39,0x3b,0x38,0x4b,0xa8,0x1e,0xc9,0xb4,0xa0,0x9d,0x87,0x83,0x84,0x83,0x83,0x83,0x83,0x83,0x83,0x83,0x83,0x83,0x83,0x83,0x83,0x83,0x83,0x83,0x83,0x83,0x84,0x84,0x8e,0x90,0xa6,0x5a,0x4a,0x31,0x04,0x06,0x03,0x00,0x00,0x00,0x00,0x00,0x00,0x00,0x00,0x00,0x00,0x00,0x00,0x00,0x00,0x00,0x00,0x00,0x00,0x00,0x00,0x00,0x00,0x00,0x00,0x00,0x00,0x00,0x00,0x00,0x00,0x00,0x00,0x00,0x00,0x00,0x00,0x00,0x00,0x00,0x00,0x00,0x00,0x00,0x00,0x00,0x00,0x00,
    0x00,0x00,0x00,0x00,0x00,0x00,0x00,0x00,0x00,0x00,0x00,0x00,0x00,0x00,0x00,0x00,0x00,0x00,0x00,0x00,0x00,0x00,0x00,0x00,0x00,0x00,0x00,0x00,0x00,0x00,0x00,0x00,0x00,0x00,0x00,0x00,0x00,0x00,0x00,0x00,0x00,0x00,0x00,0x00,0x00,0x00,0x00,0x00,0x00,0x03,0x03,0x01,0x00,0x62,0x18,0x3a,0x60,0x65,0x57,0x4d,0x21,0xa3,0xc6,0x9e,0x87,0x7b,0x83,0x83,0x83,0x83,0x83,0x83,0x83,0x83,0x83,0x83,0x83,0x83,0x83,0x83,0x83,0x83,0x83,0x83,0x83,0x83,0x83,0x83,0x84,0x84,0x84,0xa1,0x5a,0x52,0x5d,0x00,0x01,0x03,0x00,0x00,0x00,0x00,0x00,0x00,0x00,0x00,0x00,0x00,0x00,0x00,0x00,0x00,0x00,0x00,0x00,0x00,0x00,0x00,0x00,0x00,0x00,0x00,0x00,0x00,0x00,0x00,0x00,0x00,0x00,0x00,0x00,0x00,0x00,0x00,0x00,0x00,0x00,0x00,0x00,0x00,0x00,0x00,0x00,0x00,
    0x00,0x00,0x00,0x00,0x00,0x00,0x00,0x00,0x00,0x00,0x00,0x00,0x00,0x00,0x00,0x00,0x00,0x00,0x00,0x00,0x00,0x00,0x00,0x00,0x00,0x00,0x00,0x00,0x00,0x00,0x00,0x00,0x00,0x00,0x00,0x00,0x00,0x00,0x00,0x00,0x00,0x00,0x00,0x00,0x00,0x00,0x00,0x00,0x03,0x00,0x04,0x00,0x3d,0x2f,0xd6,0x3a,0x39,0x5e,0x4a,0x48,0xa1,0x87,0x7b,0x83,0x84,0x83,0x83,0x83,0x83,0x83,0x83,0x83,0x83,0x83,0x83,0x83,0x83,0x83,0x83,0x83,0x83,0x83,0x83,0x83,0x83,0x83,0x83,0x83,0x83,0x83,0x84,0x84,0x90,0xba,0x54,0x37,0x00,0x00,0x04,0x00,0x00,0x00,0x00,0x00,0x00,0x00,0x00,0x00,0x00,0x00,0x00,0x00,0x00,0x00,0x00,0x00,0x00,0x00,0x00,0x00,0x00,0x00,0x00,0x00,0x00,0x00,0x00,0x00,0x00,0x00,0x00,0x00,0x00,0x00,0x00,0x00,0x00,0x00,0x00,0x00,0x00,0x00,0x00,0x00,
    0x00,0x00,0x00,0x00,0x00,0x00,0x00,0x00,0x00,0x00,0x00,0x00,0x00,0x00,0x00,0x00,0x00,0x00,0x00,0x00,0x00,0x00,0x00,0x00,0x00,0x00,0x00,0x00,0x00,0x00,0x00,0x00,0x00,0x00,0x00,0x00,0x00,0x00,0x00,0x00,0x00,0x00,0x00,0x00,0x00,0x00,0x00,0x04,0x03,0x14,0x6d,0x18,0x28,0x52,0x0f,0x00,0x72,0x66,0xa4,0xa1,0x84,0x84,0x84,0x83,0x83,0x83,0x83,0x83,0x83,0x83,0x83,0x83,0x83,0x83,0x83,0x83,0x83,0x83,0x83,0x83,0x83,0x83,0x83,0x83,0x83,0x83,0x83,0x83,0x83,0x83,0x83,0x83,0x84,0x90,0xa3,0xa8,0x41,0x14,0x03,0x03,0x00,0x00,0x00,0x00,0x00,0x00,0x00,0x00,0x00,0x00,0x00,0x00,0x00,0x00,0x00,0x00,0x00,0x00,0x00,0x00,0x00,0x00,0x00,0x00,0x00,0x00,0x00,0x00,0x00,0x00,0x00,0x00,0x00,0x00,0x00,0x00,0x00,0x00,0x00,0x00,0x00,0x00,0x00,0x00,
    0x00,0x00,0x00,0x00,0x00,0x00,0x00,0x00,0x00,0x00,0x00,0x00,0x00,0x00,0x00,0x00,0x00,0x00,0x00,0x00,0x00,0x00,0x00,0x00,0x00,0x00,0x00,0x00,0x00,0x00,0x00,0x00,0x00,0x00,0x00,0x00,0x00,0x00,0x00,0x00,0x00,0x00,0x00,0x00,0x00,0x00,0x04,0x03,0x06,0x3e,0x2f,0x60,0x46,0x5d,0x22,0x19,0x28,0xa1,0xa1,0x84,0x83,0x83,0x83,0x83,0x83,0x83,0x83,0x83,0x83,0x83,0x83,0x83,0x83,0x83,0x83,0x83,0x83,0x83,0x83,0x83,0x83,0x83,0x83,0x83,0x83,0x83,0x83,0x83,0x83,0x83,0x83,0x83,0x83,0x9e,0x90,0x5a,0xee,0x1a,0x0d,0x22,0x04,0x00,0x00,0x00,0x00,0x00,0x00,0x00,0x00,0x00,0x00,0x00,0x00,0x00,0x00,0x00,0x00,0x00,0x00,0x00,0x00,0x00,0x00,0x00,0x00,0x00,0x00,0x00,0x00,0x00,0x00,0x00,0x00,0x00,0x00,0x00,0x00,0x00,0x00,0x00,0x00,0x00,0x00,0x00,
    0x00,0x00,0x00,0x00,0x00,0x00,0x00,0x00,0x00,0x00,0x00,0x00,0x00,0x00,0x00,0x00,0x00,0x00,0x00,0x00,0x00,0x00,0x00,0x00,0x00,0x00,0x00,0x00,0x00,0x00,0x00,0x00,0x00,0x00,0x00,0x00,0x00,0x00,0x00,0x00,0x00,0x00,0x00,0x00,0x00,0x04,0x00,0x01,0x3e,0x55,0x55,0x69,0x1c,0x00,0x37,0x48,0x9a,0x83,0x84,0x83,0x83,0x83,0x83,0x83,0x83,0x83,0x83,0x83,0x83,0x83,0x83,0x83,0x84,0x83,0x83,0x83,0x83,0x83,0x83,0x83,0x83,0x83,0x83,0x83,0x83,0x84,0x83,0x83,0x83,0x83,0x83,0x83,0x83,0x7b,0x84,0x87,0x5a,0x38,0x3e,0x00,0x22,0x00,0x00,0x00,0x00,0x00,0x00,0x00,0x00,0x00,0x00,0x00,0x00,0x00,0x00,0x00,0x00,0x00,0x00,0x00,0x00,0x00,0x00,0x00,0x00,0x00,0x00,0x00,0x00,0x00,0x00,0x00,0x00,0x00,0x00,0x00,0x00,0x00,0x00,0x00,0x00,0x00,0x00,0x00,
    0x00,0x00,0x00,0x00,0x00,0x00,0x00,0x00,0x00,0x00,0x00,0x00,0x00,0x00,0x00,0x00,0x00,0x00,0x00,0x00,0x00,0x00,0x00,0x00,0x00,0x00,0x00,0x00,0x00,0x00,0x00,0x00,0x00,0x00,0x00,0x00,0x00,0x00,0x00,0x00,0x00,0x00,0x00,0x00,0x03,0x01,0x14,0x3e,0x55,0x34,0x3e,0x0d,0x00,0x31,0x65,0xca,0xa0,0xa1,0x7b,0x7b,0x83,0x83,0x83,0x83,0x83,0x83,0x83,0x83,0x83,0x83,0x83,0x84,0x87,0x7b,0x83,0x83,0x83,0x83,0x83,0x83,0x83,0x83,0x83,0x84,0x7b,0x87,0x84,0x83,0x83,0x83,0x83,0x83,0x83,0x7b,0x83,0x84,0x9d,0xa9,0x41,0x72,0x00,0x17,0x00,0x00,0x00,0x00,0x00,0x00,0x00,0x00,0x00,0x00,0x00,0x00,0x00,0x00,0x00,0x00,0x00,0x00,0x00,0x00,0x00,0x00,0x00,0x00,0x00,0x00,0x00,0x00,0x00,0x00,0x00,0x00,0x00,0x00,0x00,0x00,0x00,0x00,0x00,0x00,0x00,0x00,
    0x00,0x00,0x00,0x00,0x00,0x00,0x00,0x00,0x00,0x00,0x00,0x00,0x00,0x00,0x00,0x00,0x00,0x00,0x00,0x00,0x00,0x00,0x00,0x00,0x00,0x00,0x00,0x00,0x00,0x00,0x00,0x00,0x00,0x00,0x00,0x00,0x00,0x00,0x00,0x00,0x00,0x00,0x00,0x00,0x01,0x00,0x39,0x55,0xee,0x52,0x14,0x00,0x29,0x41,0x11,0x8b,0x8a,0x9d,0x9d,0x9d,0x87,0x84,0x83,0x83,0x83,0x83,0x83,0x83,0x83,0x83,0x84,0x8e,0xb5,0xc6,0x90,0x84,0x83,0x83,0x83,0x83,0x83,0x83,0x83,0x87,0xa3,0x15,0x90,0x84,0x83,0x83,0x83,0x83,0x83,0x83,0x83,0x83,0x84,0x9a,0x9a,0x3b,0x47,0x04,0x04,0x00,0x00,0x00,0x00,0x00,0x00,0x00,0x00,0x00,0x00,0x00,0x00,0x00,0x00,0x00,0x00,0x00,0x00,0x00,0x00,0x00,0x00,0x00,0x00,0x00,0x00,0x00,0x00,0x00,0x00,0x00,0x00,0x00,0x00,0x00,0x00,0x00,0x00,0x00,0x00,0x00,
    0x00,0x00,0x00,0x00,0x00,0x00,0x00,0x00,0x00,0x00,0x00,0x00,0x00,0x00,0x00,0x00,0x00,0x00,0x00,0x00,0x00,0x00,0x00,0x00,0x00,0x00,0x00,0x00,0x00,0x00,0x00,0x00,0x00,0x00,0x00,0x00,0x00,0x00,0x00,0x00,0x00,0x00,0x00,0x04,0x00,0x29,0x52,0x55,0x52,0x2c,0x00,0x0d,0x37,0x73,0x8d,0x89,0x9a,0x83,0x8f,0x8f,0x83,0x83,0x83,0x83,0x83,0x83,0x83,0x83,0x83,0x84,0x90,0xba,0x27,0xa3,0x87,0x83,0x83,0x83,0x83,0x83,0x83,0x83,0x83,0x83,0xb7,0xd4,0x84,0x87,0x84,0x83,0x83,0x83,0x83,0x83,0x83,0x84,0xb7,0x8a,0x8a,0x48,0x4d,0x00,0x22,0x00,0x00,0x00,0x00,0x00,0x00,0x00,0x00,0x00,0x00,0x00,0x00,0x00,0x00,0x00,0x00,0x00,0x00,0x00,0x00,0x00,0x00,0x00,0x00,0x00,0x00,0x00,0x00,0x00,0x00,0x00,0x00,0x00,0x00,0x00,0x00,0x00,0x00,0x00,0x00,0x00,
    0x00,0x00,0x00,0x00,0x00,0x00,0x00,0x00,0x00,0x00,0x00,0x00,0x00,0x00,0x00,0x00,0x00,0x00,0x00,0x00,0x00,0x00,0x00,0x00,0x00,0x00,0x00,0x00,0x00,0x00,0x00,0x00,0x00,0x00,0x00,0x00,0x00,0x00,0x00,0x00,0x00,0x00,0x00,0x01,0x02,0x39,0x55,0x34,0x5d,0x00,0x00,0x31,0x21,0xa4,0xa1,0x9a,0x7b,0x84,0xa1,0xa1,0x84,0x83,0x83,0x83,0x83,0x84,0x83,0x83,0x84,0x8e,0xc6,0x33,0xa8,0xa6,0x90,0x84,0x83,0x83,0x83,0x83,0x83,0x83,0x83,0xc4,0xb6,0xd4,0xc9,0x99,0x84,0x83,0x7b,0x83,0x83,0x83,0x84,0x83,0xa1,0x89,0x89,0x9a,0x57,0x47,0x00,0x04,0x00,0x00,0x00,0x00,0x00,0x00,0x00,0x00,0x00,0x00,0x00,0x00,0x00,0x00,0x00,0x00,0x00,0x00,0x00,0x00,0x00,0x00,0x00,0x00,0x00,0x00,0x00,0x00,0x00,0x00,0x00,0x00,0x00,0x00,0x00,0x00,0x00,0x00,0x00,0x00,
    0x00,0x00,0x00,0x00,0x00,0x00,0x00,0x00,0x00,0x00,0x00,0x00,0x00,0x00,0x00,0x00,0x00,0x00,0x00,0x00,0x00,0x00,0x00,0x00,0x00,0x00,0x00,0x00,0x00,0x00,0x00,0x00,0x00,0x00,0x00,0x00,0x00,0x00,0x00,0x00,0x00,0x00,0x01,0x00,0x5e,0x6a,0x2f,0x6d,0x00,0x06,0x0d,0x4a,0x50,0x81,0x87,0xa1,0x83,0x83,0x7b,0x87,0x83,0x7b,0x7b,0x83,0x84,0x90,0x7b,0x7b,0x8e,0xa3,0xc1,0xac,0xa8,0x81,0xa6,0x84,0x83,0x83,0x83,0x83,0x83,0x83,0x83,0x84,0x8e,0xb5,0x6f,0xd3,0x99,0x84,0xc6,0x83,0x84,0x87,0x87,0x83,0xa1,0x8a,0x8a,0x97,0x21,0x36,0x00,0x01,0x00,0x00,0x00,0x00,0x00,0x00,0x00,0x00,0x00,0x00,0x00,0x00,0x00,0x00,0x00,0x00,0x00,0x00,0x00,0x00,0x00,0x00,0x00,0x00,0x00,0x00,0x00,0x00,0x00,0x00,0x00,0x00,0x00,0x00,0x00,0x00,0x00,0x00,0x00,0x00,
    0x00,0x00,0x00,0x00,0x00,0x00,0x00,0x00,0x00,0x00,0x00,0x00,0x00,0x00,0x00,0x00,0x00,0x00,0x00,0x00,0x00,0x00,0x00,0x00,0x00,0x00,0x00,0x00,0x00,0x00,0x00,0x00,0x00,0x00,0x00,0x00,0x00,0x00,0x00,0x00,0x00,0x03,0x01,0x14,0x45,0x6c,0x6a,0x14,0x04,0x22,0x0d,0x3b,0xa0,0x9f,0x87,0x9d,0x7b,0x84,0x84,0x84,0x84,0x87,0x9d,0x7b,0x99,0x15,0xa3,0x99,0x99,0xb3,0xb2,0x9e,0xa8,0x9d,0xa6,0x84,0x83,0x83,0x83,0x83,0x83,0x83,0x83,0x84,0x8e,0xba,0xd1,0xc7,0xc6,0xb6,0xc0,0xb8,0x87,0xa6,0x8e,0x87,0x84,0x7b,0xa1,0xac,0xb5,0x3e,0x01,0x06,0x00,0x00,0x00,0x00,0x00,0x00,0x00,0x00,0x00,0x00,0x00,0x00,0x00,0x00,0x00,0x00,0x00,0x00,0x00,0x00,0x00,0x00,0x00,0x00,0x00,0x00,0x00,0x00,0x00,0x00,0x00,0x00,0x00,0x00,0x00,0x00,0x00,0x00,0x00,0x00,
    0x00,0x00,0x00,0x00,0x00,0x00,0x00,0x00,0x00,0x00,0x00,0x00,0x00,0x00,0x00,0x00,0x00,0x00,0x00,0x00,0x00,0x00,0x00,0x00,0x00,0x00,0x00,0x00,0x00,0x00,0x00,0x00,0x00,0x00,0x00,0x00,0x00,0x00,0x00,0x00,0x00,0x01,0x00,0x71,0x34,0x2f,0x6d,0x00,0x14,0x00,0x36,0x48,0xa6,0xc4,0x7b,0x90,0x83,0x83,0x90,0x8e,0x8e,0x83,0x84,0x99,0xc5,0xed,0x87,0xb6,0x0c,0xc0,0xa6,0xb2,0xa8,0x90,0x84,0x83,0x83,0x83,0x83,0x83,0x83,0x83,0x83,0x84,0x90,0xb2,0xb4,0xb7,0xc7,0x9d,0x5a,0xba,0xcb,0xa6,0x84,0x7b,0x83,0x84,0x84,0x7b,0xe3,0x0e,0x00,0x02,0x00,0x00,0x00,0x00,0x00,0x00,0x00,0x00,0x00,0x00,0x00,0x00,0x00,0x00,0x00,0x00,0x00,0x00,0x00,0x00,0x00,0x00,0x00,0x00,0x00,0x00,0x00,0x00,0x00,0x00,0x00,0x00,0x00,0x00,0x00,0x00,0x00,0x00,0x00,0x00,
    0x00,0x00,0x00,0x00,0x00,0x00,0x00,0x00,0x00,0x00,0x00,0x00,0x00,0x00,0x00,0x00,0x00,0x00,0x00,0x00,0x00,0x00,0x00,0x00,0x00,0x00,0x00,0x00,0x00,0x00,0x00,0x00,0x00,0x00,0x00,0x00,0x00,0x00,0x00,0x00,0x00,0x01,0x03,0x37,0x59,0x18,0x0a,0x01,0x06,0x29,0x57,0xa6,0x9e,0x83,0x83,0x84,0x84,0x99,0xd0,0xf9,0xc0,0x90,0x99,0x84,0x27,0xc6,0xb6,0xba,0xb0,0x81,0xa6,0xb2,0xa8,0x8e,0x84,0x83,0x83,0x83,0x83,0x83,0x83,0x83,0x83,0x84,0x87,0xb2,0x0c,0x9c,0xba,0xb5,0xa1,0xa8,0xa1,0x84,0x83,0x83,0x83,0x83,0x84,0x8e,0xc5,0x3a,0x58,0x00,0x03,0x00,0x00,0x00,0x00,0x00,0x00,0x00,0x00,0x00,0x00,0x00,0x00,0x00,0x00,0x00,0x00,0x00,0x00,0x00,0x00,0x00,0x00,0x00,0x00,0x00,0x00,0x00,0x00,0x00,0x00,0x00,0x00,0x00,0x00,0x00,0x00,0x00,0x00,0x00,
    0x00,0x00,0x00,0x00,0x00,0x00,0x00,0x00,0x00,0x00,0x00,0x00,0x00,0x00,0x00,0x00,0x00,0x00,0x00,0x00,0x00,0x00,0x00,0x00,0x00,0x00,0x00,0x00,0x00,0x00,0x00,0x00,0x00,0x00,0x00,0x00,0x00,0x00,0x00,0x00,0x04,0x00,0x53,0x41,0x3c,0x46,0x00,0x14,0x00,0x6b,0xa3,0x9e,0x9e,0x7b,0x83,0x84,0x8e,0xba,0xbd,0xe8,0xf8,0x3c,0xb4,0xc9,0x33,0xb6,0x9e,0xd0,0x11,0x8f,0xa5,0xa4,0xb4,0x8e,0x84,0x83,0x83,0x83,0x83,0x83,0x83,0x83,0x83,0x84,0x87,0xac,0x0c,0x81,0x9d,0xb0,0x9e,0xa8,0xb8,0x87,0x84,0x83,0x83,0x83,0x83,0x9e,0x99,0xb5,0x18,0x0a,0x01,0x04,0x00,0x00,0x00,0x00,0x00,0x00,0x00,0x00,0x00,0x00,0x00,0x00,0x00,0x00,0x00,0x00,0x00,0x00,0x00,0x00,0x00,0x00,0x00,0x00,0x00,0x00,0x00,0x00,0x00,0x00,0x00,0x00,0x00,0x00,0x00,0x00,0x00,0x00,
    0x00,0x00,0x00,0x00,0x00,0x00,0x00,0x00,0x00,0x00,0x00,0x00,0x00,0x00,0x00,0x00,0x00,0x00,0x00,0x00,0x00,0x00,0x00,0x00,0x00,0x00,0x00,0x00,0x00,0x00,0x00,0x00,0x00,0x00,0x00,0x00,0x00,0x00,0x00,0x00,0x17,0x04,0x29,0x6a,0x2f,0x0f,0x03,0x01,0x53,0x65,0x6e,0x9e,0x84,0x84,0xc4,0x84,0x99,0xdc,0xd2,0xe4,0xe4,0xe8,0xf8,0xab,0xa8,0xcb,0x0c,0xa9,0xa5,0x8b,0xa4,0xcd,0xcd,0xb6,0x84,0x83,0x83,0x83,0x83,0x83,0x83,0x83,0x7b,0xa6,0x87,0x9e,0xd4,0x0c,0xa9,0xbc,0xba,0xba,0xba,0x8e,0x84,0x83,0x83,0x84,0x87,0x83,0x8e,0xb5,0x3a,0x1a,0x00,0x01,0x00,0x00,0x00,0x00,0x00,0x00,0x00,0x00,0x00,0x00,0x00,0x00,0x00,0x00,0x00,0x00,0x00,0x00,0x00,0x00,0x00,0x00,0x00,0x00,0x00,0x00,0x00,0x00,0x00,0x00,0x00,0x00,0x00,0x00,0x00,0x00,0x00,0x00,
    0x00,0x00,0x00,0x00,0x00,0x00,0x00,0x00,0x00,0x00,0x00,0x00,0x00,0x00,0x00,0x00,0x00,0x00,0x00,0x00,0x00,0x00,0x00,0x00,0x00,0x00,0x00,0x00,0x00,0x00,0x00,0x00,0x00,0x00,0x00,0x00,0x00,0x00,0x00,0x00,0x00,0x01,0x00,0x18,0x2f,0x62,0x00,0x00,0x31,0x21,0x9e,0x83,0x84,0xc4,0xc4,0x84,0x99,0xb5,0xbf,0xbd,0xd2,0xe4,0xe4,0xf8,0xb3,0xb7,0xb0,0x9c,0xbc,0x1e,0x10,0x12,0xb0,0x90,0x83,0x83,0x83,0x83,0x83,0x83,0x83,0x83,0x7b,0x90,0x90,0xa3,0x0c,0x11,0x12,0x10,0xb0,0xc5,0xa8,0x9c,0xa6,0x83,0x83,0x83,0x7b,0x84,0x90,0xba,0xed,0x44,0x29,0x00,0x04,0x00,0x00,0x00,0x00,0x00,0x00,0x00,0x00,0x00,0x00,0x00,0x00,0x00,0x00,0x00,0x00,0x00,0x00,0x00,0x00,0x00,0x00,0x00,0x00,0x00,0x00,0x00,0x00,0x00,0x00,0x00,0x00,0x00,0x00,0x00,0x00,0x00,
    0x00,0x00,0x00,0x00,0x00,0x00,0x00,0x00,0x00,0x00,0x00,0x00,0x00,0x00,0x00,0x00,0x00,0x00,0x00,0x00,0x00,0x00,0x00,0x00,0x00,0x00,0x00,0x00,0x00,0x00,0x00,0x00,0x00,0x00,0x00,0x00,0x00,0x00,0x00,0x00,0x00,0x00,0x00,0x74,0x18,0x0a,0x00,0x00,0x4d,0x50,0xa6,0x84,0x83,0x83,0x7b,0x84,0xc5,0xb6,0xcb,0xbc,0xd0,0xb1,0xfe,0xaa,0xc4,0xd1,0xb4,0x10,0xb4,0xa4,0x81,0x92,0x33,0x8e,0x15,0xb3,0x8e,0x84,0x83,0x83,0x83,0x83,0x83,0x84,0x87,0x9e,0x0c,0x97,0xa0,0x8f,0xb3,0x10,0xb0,0xa1,0xb7,0x83,0x7b,0x83,0x83,0x87,0x87,0xc6,0x0c,0x16,0x58,0x00,0x06,0x00,0x00,0x00,0x00,0x00,0x00,0x00,0x00,0x00,0x00,0x00,0x00,0x00,0x00,0x00,0x00,0x00,0x00,0x00,0x00,0x00,0x00,0x00,0x00,0x00,0x00,0x00,0x00,0x00,0x00,0x00,0x00,0x00,0x00,0x00,0x00,0x00,
    0x00,0x00,0x00,0x00,0x00,0x00,0x00,0x00,0x00,0x00,0x00,0x00,0x00,0x00,0x00,0x00,0x00,0x00,0x00,0x00,0x00,0x00,0x00,0x00,0x00,0x00,0x00,0x00,0x00,0x00,0x00,0x00,0x00,0x00,0x00,0x00,0x00,0x00,0x00,0x00,0x00,0x00,0x04,0x74,0x46,0x0a,0x00,0x14,0x6b,0x6e,0x90,0x83,0x83,0x84,0x99,0xb3,0xc2,0xf9,0xb0,0xa3,0xb6,0xc9,0xc9,0xa8,0xb8,0xf1,0x12,0xa4,0x81,0xa6,0x9f,0x9f,0xc1,0x99,0x0c,0xd8,0x99,0x84,0x83,0x83,0x83,0x83,0x84,0x87,0xb8,0xc6,0xa8,0x81,0x9a,0x81,0x8d,0xc1,0xc1,0x84,0x84,0x83,0x7b,0x83,0x84,0xb8,0x90,0xb8,0xa8,0x1f,0x1a,0x00,0x06,0x00,0x00,0x00,0x00,0x00,0x00,0x00,0x00,0x00,0x00,0x00,0x00,0x00,0x00,0x00,0x00,0x00,0x00,0x00,0x00,0x00,0x00,0x00,0x00,0x00,0x00,0x00,0x00,0x00,0x00,0x00,0x00,0x00,0x00,0x00,0x00,0x00,
    0x00,0x00,0x00,0x00,0x00,0x00,0x00,0x00,0x00,0x00,0x00,0x00,0x00,0x00,0x00,0x00,0x00,0x00,0x00,0x00,0x00,0x00,0x00,0x00,0x00,0x00,0x00,0x00,0x00,0x00,0x00,0x00,0x00,0x00,0x00,0x00,0x00,0x00,0x00,0x00,0x00,0x00,0x00,0x2f,0x3a,0x5e,0x03,0x5d,0x44,0x9f,0xb8,0xa3,0x7b,0x84,0x7b,0xf2,0xe8,0xe8,0xd2,0xb1,0xf2,0x61,0xd1,0xb6,0xd8,0xc0,0x8b,0x92,0x8d,0x92,0x9a,0x9a,0x0c,0x9e,0xb0,0x0c,0x90,0x84,0x7b,0x7b,0x7b,0x83,0x84,0x99,0xa8,0xb0,0xb5,0x9a,0x8b,0x89,0xa0,0x12,0x27,0x87,0x83,0x83,0x83,0x83,0x7b,0xc9,0xa3,0x9e,0xd3,0xbc,0x3f,0x47,0x04,0x04,0x00,0x00,0x00,0x00,0x00,0x00,0x00,0x00,0x00,0x00,0x00,0x00,0x00,0x00,0x00,0x00,0x00,0x00,0x00,0x00,0x00,0x00,0x00,0x00,0x00,0x00,0x00,0x00,0x00,0x00,0x00,0x00,0x00,0x00,0x00,0x00,
    0x00,0x00,0x00,0x00,0x00,0x00,0x00,0x00,0x00,0x00,0x00,0x00,0x00,0x00,0x00,0x00,0x00,0x00,0x00,0x00,0x00,0x00,0x00,0x00,0x00,0x00,0x00,0x00,0x00,0x00,0x00,0x00,0x00,0x00,0x00,0x00,0x00,0x00,0x00,0x00,0x03,0x00,0x0a,0x3a,0x2f,0x6d,0x00,0x19,0x4b,0xb8,0xd1,0xc4,0x83,0x7b,0xa3,0xb1,0xf8,0xe8,0xe4,0xe8,0xd2,0xfe,0xe0,0xb5,0xb4,0x9c,0x92,0x9a,0x8a,0x8b,0x8b,0x9c,0xb5,0xba,0x12,0x0c,0x84,0x83,0xa6,0x9d,0x9d,0xa6,0x84,0x99,0xd8,0x33,0xa8,0xa0,0xa4,0xa4,0x97,0x8d,0x27,0x84,0x7b,0x83,0x83,0x84,0x99,0xe3,0xed,0xa3,0xb5,0x12,0x67,0x47,0x00,0x04,0x00,0x00,0x00,0x00,0x00,0x00,0x00,0x00,0x00,0x00,0x00,0x00,0x00,0x00,0x00,0x00,0x00,0x00,0x00,0x00,0x00,0x00,0x00,0x00,0x00,0x00,0x00,0x00,0x00,0x00,0x00,0x00,0x00,0x00,0x00,0x00,
    0x00,0x00,0x00,0x00,0x00,0x00,0x00,0x00,0x00,0x00,0x00,0x00,0x00,0x00,0x00,0x00,0x00,0x00,0x00,0x00,0x00,0x00,0x00,0x00,0x00,0x00,0x00,0x00,0x00,0x00,0x00,0x00,0x00,0x00,0x00,0x00,0x00,0x00,0x00,0x00,0x01,0x00,0x5e,0x18,0x60,0x46,0x14,0x6b,0x38,0xd7,0xba,0x90,0x84,0x83,0xb6,0xb8,0xd0,0xf2,0xc2,0xd2,0xe8,0xe8,0x3c,0xc0,0x97,0x8f,0x89,0x89,0x8a,0x92,0xad,0xc5,0xa8,0xb0,0xb4,0xc1,0xa3,0x87,0x7b,0x87,0x90,0x90,0x83,0x87,0xc9,0xb0,0xc0,0xa4,0xb3,0xba,0x8f,0xa0,0xd0,0xb5,0x90,0x84,0x7b,0x84,0x90,0xed,0xe3,0xb8,0xc0,0x12,0x67,0x53,0x00,0x04,0x00,0x00,0x00,0x00,0x00,0x00,0x00,0x00,0x00,0x00,0x00,0x00,0x00,0x00,0x00,0x00,0x00,0x00,0x00,0x00,0x00,0x00,0x00,0x00,0x00,0x00,0x00,0x00,0x00,0x00,0x00,0x00,0x00,0x00,0x00,0x00,
    0x00,0x00,0x00,0x00,0x00,0x00,0x00,0x00,0x00,0x00,0x00,0x00,0x00,0x00,0x00,0x00,0x00,0x00,0x00,0x00,0x00,0x00,0x00,0x00,0x00,0x00,0x00,0x00,0x00,0x00,0x00,0x00,0x00,0x00,0x00,0x00,0x00,0x00,0x00,0x00,0x00,0x04,0x00,0x46,0x3a,0x3a,0x69,0x19,0x1f,0x15,0xb8,0x87,0x83,0x83,0xb3,0x12,0x99,0xb6,0xc6,0x3c,0xaa,0xab,0xc9,0x9c,0x8a,0x89,0x8a,0x89,0x92,0xd7,0xd7,0xb2,0xb0,0x27,0xa9,0xb0,0xd1,0xa3,0xa3,0x9e,0x9f,0x9f,0x9e,0xb8,0xc9,0xe3,0xc1,0x10,0xb2,0x8a,0x9a,0x9c,0xc1,0xb5,0x87,0x7b,0xb5,0xc4,0x9e,0x33,0xd3,0xa3,0xb5,0xba,0x45,0x53,0x00,0x04,0x00,0x00,0x00,0x00,0x00,0x00,0x00,0x00,0x00,0x00,0x00,0x00,0x00,0x00,0x00,0x00,0x00,0x00,0x00,0x00,0x00,0x00,0x00,0x00,0x00,0x00,0x00,0x00,0x00,0x00,0x00,0x00,0x00,0x00,0x00,0x00,
    0x00,0x00,0x00,0x00,0x00,0x00,0x00,0x00,0x00,0x00,0x00,0x00,0x00,0x00,0x00,0x00,0x00,0x00,0x00,0x00,0x00,0x00,0x00,0x00,0x00,0x00,0x00,0x00,0x00,0x00,0x00,0x00,0x00,0x00,0x00,0x00,0x00,0x00,0x00,0x00,0x00,0x01,0x00,0x1c,0x3a,0x60,0x18,0x41,0x15,0x15,0x83,0x84,0x8e,0xba,0xc2,0xd2,0xbf,0x59,0xa9,0x27,0xed,0xa8,0xa4,0x97,0x9a,0x9a,0x9f,0x9f,0x9d,0xad,0xc5,0xa4,0xa9,0xc9,0xa5,0xbc,0xb3,0xb4,0xc0,0xa9,0xa9,0x12,0xa8,0xc1,0x0c,0xa8,0xc0,0x81,0x9a,0x9a,0x8f,0x89,0xc1,0x83,0xb8,0xd1,0x33,0x7b,0xa3,0xe3,0xd3,0xb7,0xb0,0xa8,0x45,0x06,0x17,0x00,0x00,0x00,0x00,0x00,0x00,0x00,0x00,0x00,0x00,0x00,0x00,0x00,0x00,0x00,0x00,0x00,0x00,0x00,0x00,0x00,0x00,0x00,0x00,0x00,0x00,0x00,0x00,0x00,0x00,0x00,0x00,0x00,0x00,0x00,0x00,0x00,
    0x00,0x00,0x00,0x00,0x00,0x00,0x00,0x00,0x00,0x00,0x00,0x00,0x00,0x00,0x00,0x00,0x00,0x00,0x00,0x00,0x00,0x00,0x00,0x00,0x00,0x00,0x00,0x00,0x00,0x00,0x00,0x00,0x00,0x00,0x00,0x00,0x00,0x00,0x00,0x00,0x00,0x00,0x01,0x02,0x67,0x20,0x34,0x34,0xb5,0xc6,0x7b,0x9e,0x99,0xb3,0xd2,0xe4,0xe4,0xe8,0xd2,0xc2,0xce,0xb5,0x97,0x9f,0x83,0xac,0xb7,0xcb,0xb2,0xc1,0xd0,0x10,0xa9,0xba,0xba,0x9a,0xa0,0x97,0x97,0x8b,0x8b,0x8f,0x8d,0x11,0x9d,0x9f,0xb0,0xd4,0xa8,0xb7,0x9c,0xa0,0xc1,0xd7,0xd8,0xda,0x0c,0x99,0xc6,0x27,0xc6,0xb6,0x27,0x55,0x3d,0x00,0x06,0x00,0x00,0x00,0x00,0x00,0x00,0x00,0x00,0x00,0x00,0x00,0x00,0x00,0x00,0x00,0x00,0x00,0x00,0x00,0x00,0x00,0x00,0x00,0x00,0x00,0x00,0x00,0x00,0x00,0x00,0x00,0x00,0x00,0x00,0x00,0x00,0x00,
    0x00,0x00,0x00,0x00,0x00,0x00,0x00,0x00,0x00,0x00,0x00,0x00,0x00,0x00,0x00,0x00,0x00,0x00,0x00,0x00,0x00,0x00,0x00,0x00,0x00,0x00,0x00,0x00,0x00,0x00,0x00,0x00,0x00,0x00,0x00,0x00,0x00,0x00,0x00,0x00,0x00,0x00,0x04,0x00,0x47,0x34,0xd4,0x0c,0xd3,0x84,0x83,0x84,0x99,0xb3,0xf8,0xd2,0xe8,0xe4,0xe4,0xe4,0xc2,0x0c,0x81,0x9e,0x87,0xa1,0x10,0xd6,0x88,0x91,0x94,0xa2,0x1b,0xd4,0xb5,0x11,0x8a,0x8f,0x8f,0x8a,0x8a,0x8a,0x8f,0x97,0xb2,0xd3,0xc0,0xb3,0xdc,0x61,0xd6,0x59,0xe3,0xc7,0xdb,0xc9,0xc1,0xb6,0xd1,0xc4,0x99,0x15,0x27,0x4b,0x31,0x00,0x06,0x00,0x00,0x00,0x00,0x00,0x00,0x00,0x00,0x00,0x00,0x00,0x00,0x00,0x00,0x00,0x00,0x00,0x00,0x00,0x00,0x00,0x00,0x00,0x00,0x00,0x00,0x00,0x00,0x00,0x00,0x00,0x00,0x00,0x00,0x00,0x00,0x00,
    0x00,0x00,0x00,0x00,0x00,0x00,0x00,0x00,0x00,0x00,0x00,0x00,0x00,0x00,0x00,0x00,0x00,0x00,0x00,0x00,0x00,0x00,0x00,0x00,0x00,0x00,0x00,0x00,0x00,0x00,0x00,0x00,0x00,0x00,0x00,0x00,0x00,0x00,0x00,0x00,0x00,0x00,0x00,0x01,0x00,0x71,0x16,0xa6,0x87,0x84,0x83,0x83,0x7b,0x7b,0xc5,0xb0,0x59,0xbf,0xbd,0xd2,0xaa,0xa4,0x9a,0x9a,0xb2,0x3c,0x91,0x1b,0xcd,0x10,0xdc,0xe0,0xdc,0xa2,0x3c,0x8b,0x8d,0x8d,0x8d,0x92,0x8d,0x92,0x92,0x92,0x8d,0x1e,0x61,0x91,0x1b,0xe0,0x96,0x91,0xa2,0xd3,0xb5,0xce,0xc1,0x87,0xd7,0xc4,0x9e,0xda,0xa8,0x50,0x64,0x0d,0x00,0x01,0x00,0x00,0x00,0x00,0x00,0x00,0x00,0x00,0x00,0x00,0x00,0x00,0x00,0x00,0x00,0x00,0x00,0x00,0x00,0x00,0x00,0x00,0x00,0x00,0x00,0x00,0x00,0x00,0x00,0x00,0x00,0x00,0x00,0x00,0x00,0x00,
    0x00,0x00,0x00,0x00,0x00,0x00,0x00,0x00,0x00,0x00,0x00,0x00,0x00,0x00,0x00,0x00,0x00,0x00,0x00,0x00,0x00,0x00,0x00,0x00,0x00,0x00,0x00,0x00,0x00,0x00,0x00,0x00,0x00,0x00,0x00,0x00,0x00,0x00,0x00,0x00,0x00,0x00,0x00,0x04,0x04,0x22,0x57,0x0c,0xa3,0x7b,0x84,0x83,0x83,0x83,0x8e,0x99,0xb6,0x2b,0x2d,0xf5,0xc1,0xa0,0xa0,0x9a,0xce,0x91,0xcd,0xa5,0xca,0xa2,0x85,0xe0,0x61,0xcd,0xd6,0x1e,0xa0,0x92,0x9a,0x8f,0x92,0x8d,0x8d,0xa1,0x0c,0x7d,0x7a,0xd6,0x7f,0xd0,0x97,0xdc,0x91,0x0c,0xd1,0x80,0x0c,0xc4,0xa3,0xc4,0xc4,0x7b,0xd4,0xca,0xbc,0x41,0x2c,0x00,0x01,0x00,0x00,0x00,0x00,0x00,0x00,0x00,0x00,0x00,0x00,0x00,0x00,0x00,0x00,0x00,0x00,0x00,0x00,0x00,0x00,0x00,0x00,0x00,0x00,0x00,0x00,0x00,0x00,0x00,0x00,0x00,0x00,0x00,0x00,0x00,
    0x00,0x00,0x00,0x00,0x00,0x00,0x00,0x00,0x00,0x00,0x00,0x00,0x00,0x00,0x00,0x00,0x00,0x00,0x00,0x00,0x00,0x00,0x00,0x00,0x00,0x00,0x00,0x00,0x00,0x00,0x00,0x00,0x00,0x00,0x00,0x00,0x00,0x01,0x01,0x01,0x01,0x00,0x00,0x22,0x00,0x5b,0x38,0xc0,0xd3,0x99,0x84,0x83,0x83,0x84,0x9e,0x90,0x12,0x2d,0xb9,0xd9,0x9d,0x8f,0x11,0xd0,0x91,0x10,0xa5,0x8f,0xa2,0x96,0xbc,0xa5,0xd0,0x91,0x0c,0xa4,0x89,0x8a,0x89,0x8a,0x8f,0x9a,0x92,0x8a,0xb3,0x1b,0xbc,0xa5,0x3c,0x88,0xa4,0x9c,0xa2,0xe0,0xed,0xd5,0xa8,0x99,0x84,0x83,0x83,0x90,0x5a,0x16,0x5a,0xc1,0x2f,0x5e,0x00,0x01,0x00,0x00,0x00,0x00,0x00,0x00,0x00,0x00,0x00,0x00,0x00,0x00,0x00,0x00,0x00,0x00,0x00,0x00,0x00,0x00,0x00,0x00,0x00,0x00,0x00,0x00,0x00,0x00,0x00,0x00,0x00,0x00,0x00,0x00,
    0x00,0x00,0x00,0x00,0x00,0x00,0x00,0x00,0x00,0x00,0x00,0x00,0x00,0x00,0x00,0x00,0x00,0x00,0x00,0x00,0x00,0x00,0x00,0x00,0x00,0x00,0x00,0x00,0x00,0x00,0x00,0x00,0x00,0x00,0x00,0x03,0x00,0x00,0x00,0x00,0x00,0x00,0x04,0x00,0x2c,0x44,0xa4,0xb8,0xc6,0x90,0x84,0x83,0x83,0x84,0x83,0xa3,0xcc,0xf7,0x4c,0xcd,0x9f,0x97,0xd8,0x7e,0x3c,0x9c,0x8b,0xb4,0x91,0xd6,0x9c,0xa5,0xb3,0x91,0xdc,0xa5,0x9a,0x8a,0x8a,0x8a,0x89,0x89,0x8f,0xa5,0x3c,0xdc,0xa5,0x8b,0xd6,0x91,0x1e,0xa5,0x27,0x1b,0x27,0xea,0x2b,0x8e,0x84,0x83,0x84,0x84,0x9d,0x16,0x28,0xc0,0x6c,0x52,0x53,0x00,0x04,0x00,0x00,0x00,0x00,0x00,0x00,0x00,0x00,0x00,0x00,0x00,0x00,0x00,0x00,0x00,0x00,0x00,0x00,0x00,0x00,0x00,0x00,0x00,0x00,0x00,0x00,0x00,0x00,0x00,0x00,0x00,0x00,0x00,
    0x00,0x00,0x00,0x00,0x00,0x00,0x00,0x00,0x00,0x00,0x00,0x00,0x00,0x00,0x00,0x00,0x00,0x00,0x00,0x00,0x00,0x00,0x00,0x00,0x00,0x00,0x00,0x00,0x00,0x00,0x00,0x00,0x00,0x00,0x04,0x00,0x00,0x29,0x3d,0x3d,0x2c,0x06,0x22,0x2c,0x55,0x33,0x90,0x83,0x87,0x83,0x83,0x83,0x83,0x84,0x8e,0x2b,0xb9,0xb0,0xd4,0x10,0xa0,0x9a,0xa4,0x9b,0xb3,0x97,0xa0,0xcd,0x7e,0xc2,0xfa,0xfd,0xbf,0x7e,0x3c,0x97,0x8d,0x8d,0x8d,0x9a,0x92,0x8f,0x89,0x8a,0xa2,0xf2,0xca,0xfa,0xaa,0x91,0x1e,0xa5,0xdc,0x80,0x68,0xec,0xd9,0x8e,0x84,0x83,0x83,0x84,0xa6,0x4b,0x67,0x41,0x12,0x6c,0x1a,0x47,0x01,0x04,0x00,0x00,0x00,0x00,0x00,0x00,0x00,0x00,0x00,0x00,0x00,0x00,0x00,0x00,0x00,0x00,0x00,0x00,0x00,0x00,0x00,0x00,0x00,0x00,0x00,0x00,0x00,0x00,0x00,0x00,0x00,0x00,
    0x00,0x00,0x00,0x00,0x00,0x00,0x00,0x00,0x00,0x00,0x00,0x00,0x00,0x00,0x00,0x00,0x00,0x00,0x00,0x00,0x00,0x00,0x00,0x00,0x00,0x00,0x00,0x00,0x00,0x00,0x00,0x00,0x00,0x04,0x00,0x0d,0x43,0x45,0x16,0x16,0x41,0x1a,0x19,0x64,0x1f,0x9e,0x84,0x83,0x84,0x83,0x83,0x83,0x84,0x8e,0xa9,0xe2,0x4c,0x6f,0x6f,0xd3,0x92,0x8d,0x8b,0x12,0xcd,0x8b,0xa5,0xb3,0xc2,0xfc,0xe1,0xe1,0xfc,0xaa,0xd0,0xa5,0x8d,0x9a,0x9a,0x92,0x8d,0x8d,0x92,0x11,0xab,0xc3,0xe1,0xe1,0xe1,0xaf,0xbc,0xa5,0x61,0xd6,0xf5,0xcc,0x4c,0x84,0x7b,0x83,0x83,0x84,0xa6,0x1f,0x46,0x35,0x73,0x1e,0x66,0x19,0x06,0x06,0x00,0x00,0x00,0x00,0x00,0x00,0x00,0x00,0x00,0x00,0x00,0x00,0x00,0x00,0x00,0x00,0x00,0x00,0x00,0x00,0x00,0x00,0x00,0x00,0x00,0x00,0x00,0x00,0x00,0x00,0x00,0x00,
    0x00,0x00,0x00,0x00,0x00,0x00,0x00,0x00,0x00,0x00,0x00,0x00,0x00,0x00,0x00,0x00,0x00,0x00,0x00,0x00,0x00,0x00,0x00,0x00,0x00,0x00,0x00,0x00,0x00,0x00,0x00,0x00,0x04,0x04,0x47,0x57,0x21,0x15,0x9a,0x9a,0x15,0x66,0x38,0xa6,0x90,0x84,0x83,0x83,0x83,0x83,0x83,0x84,0x8e,0xb8,0xcc,0x2d,0xdb,0xdd,0xc7,0xd1,0xc5,0x8f,0x9f,0xa1,0x11,0x8f,0x9c,0xbc,0xf2,0xfd,0xfa,0xfa,0xfd,0xbf,0xbc,0x9c,0x8a,0x89,0x89,0x8a,0x8a,0x9a,0x92,0x9a,0xf9,0xe1,0xfc,0xfa,0xfc,0xf9,0x9c,0xbc,0xc9,0xb3,0xe3,0xb4,0xd9,0xb2,0x8e,0x84,0x83,0x84,0xa1,0xc1,0x18,0x36,0x3f,0x38,0x1e,0x46,0x22,0x00,0x00,0x00,0x00,0x00,0x00,0x00,0x00,0x00,0x00,0x00,0x00,0x00,0x00,0x00,0x00,0x00,0x00,0x00,0x00,0x00,0x00,0x00,0x00,0x00,0x00,0x00,0x00,0x00,0x00,0x00,0x00,0x00,
    0x00,0x00,0x00,0x00,0x00,0x00,0x00,0x00,0x00,0x00,0x00,0x00,0x00,0x00,0x00,0x00,0x00,0x00,0x00,0x00,0x00,0x00,0x00,0x00,0x00,0x00,0x00,0x00,0x00,0x00,0x00,0x00,0x06,0x17,0x19,0xca,0xa1,0x90,0xa6,0xb7,0x90,0x9d,0xa1,0x7b,0x84,0x83,0x83,0x83,0x83,0x83,0x84,0x99,0xa3,0xcc,0xe5,0xdb,0xeb,0x70,0xc7,0xb8,0xc0,0xa0,0x9a,0x8d,0x92,0x92,0x8f,0x9c,0x59,0x5f,0x11,0x9a,0x5f,0x5f,0xa0,0x9a,0x8a,0x8a,0x8a,0x8a,0x8a,0x89,0x8f,0x9c,0x10,0x5f,0x11,0x11,0x5f,0xbc,0xa0,0xa4,0xa4,0xd8,0xe0,0x4f,0x2d,0xa9,0x8e,0x84,0x83,0x84,0x8e,0xc0,0x2f,0x5e,0x3d,0x38,0xca,0x18,0x00,0x01,0x00,0x00,0x00,0x00,0x00,0x00,0x00,0x00,0x00,0x00,0x00,0x00,0x00,0x00,0x00,0x00,0x00,0x00,0x00,0x00,0x00,0x00,0x00,0x00,0x00,0x00,0x00,0x00,0x00,0x00,0x00,0x00,
    0x00,0x00,0x00,0x00,0x00,0x00,0x00,0x00,0x00,0x00,0x00,0x00,0x00,0x00,0x00,0x00,0x00,0x00,0x00,0x00,0x00,0x00,0x00,0x00,0x00,0x00,0x00,0x00,0x00,0x00,0x00,0x00,0x06,0x17,0x3f,0xac,0xb7,0x84,0x84,0x84,0x84,0x9e,0x84,0x83,0x83,0x83,0x83,0x83,0x84,0x84,0x99,0xa9,0xb9,0xbb,0x2b,0xd7,0xdb,0x70,0xdd,0x9e,0xb0,0x8d,0x92,0x9f,0x9e,0xac,0x9e,0xa1,0x9f,0xdc,0x59,0xd0,0x5f,0x8f,0x8f,0x9a,0x8a,0x8a,0x8a,0x89,0x89,0x8a,0x8a,0x8b,0x9a,0xcd,0xcd,0x59,0x1e,0x89,0x9a,0x99,0xb4,0xda,0xf1,0xdc,0x4f,0xcd,0xb6,0x9e,0x7b,0x7b,0x7b,0xa4,0x55,0x69,0x47,0x3b,0x8f,0x54,0x00,0x04,0x00,0x00,0x00,0x00,0x00,0x00,0x00,0x00,0x00,0x00,0x00,0x00,0x00,0x00,0x00,0x00,0x00,0x00,0x00,0x00,0x00,0x00,0x00,0x00,0x00,0x00,0x00,0x00,0x00,0x00,0x00,0x00,
    0x00,0x00,0x00,0x00,0x00,0x00,0x00,0x00,0x00,0x00,0x00,0x00,0x00,0x00,0x00,0x00,0x00,0x00,0x00,0x00,0x00,0x00,0x00,0x00,0x00,0x00,0x00,0x00,0x00,0x00,0x00,0x00,0x01,0x00,0x65,0xa1,0x84,0x84,0x84,0x84,0x87,0x87,0x84,0x83,0x83,0x83,0x83,0x83,0x84,0x8e,0x1e,0xbe,0xae,0xbe,0xf9,0xb6,0xb5,0xdd,0xf3,0xdd,0xf3,0xc0,0x8b,0x9f,0xac,0xad,0xad,0xac,0xad,0xad,0xc0,0xa9,0x81,0x8f,0x8f,0x89,0x8a,0x8a,0x8a,0x92,0x9a,0x8a,0x8a,0x9a,0x8f,0x9d,0xa9,0xba,0xc5,0xad,0xb7,0x92,0xc7,0xc7,0xdb,0xc7,0xc7,0x3c,0xc5,0x8e,0x87,0x90,0x87,0xa1,0x0c,0x45,0x31,0x3b,0xa0,0x16,0x00,0x00,0x00,0x00,0x00,0x00,0x00,0x00,0x00,0x00,0x00,0x00,0x00,0x00,0x00,0x00,0x00,0x00,0x00,0x00,0x00,0x00,0x00,0x00,0x00,0x00,0x00,0x00,0x00,0x00,0x00,0x00,0x00,0x00,
    0x00,0x00,0x00,0x00,0x00,0x00,0x00,0x00,0x00,0x00,0x00,0x00,0x00,0x00,0x00,0x00,0x00,0x00,0x00,0x00,0x00,0x00,0x00,0x00,0x00,0x00,0x00,0x00,0x00,0x00,0x00,0x00,0x04,0x00,0x54,0x90,0x87,0xa1,0x99,0xa1,0xa3,0x0c,0x7b,0x83,0x83,0x83,0x83,0x83,0x90,0x2b,0xc8,0xa7,0x93,0xbe,0xfe,0x2b,0xcb,0x8e,0xdd,0xba,0xb4,0xb3,0xa0,0x9f,0xac,0xad,0xad,0xad,0xad,0xac,0x9e,0x87,0x84,0x8d,0x8d,0x8f,0x89,0x8a,0x8a,0x92,0x9a,0x89,0x8f,0x8d,0x9f,0x84,0x90,0x9e,0xad,0xad,0xac,0xc5,0xc7,0xdd,0x70,0xdd,0xd7,0xcc,0x4c,0x84,0x83,0x84,0x84,0x7b,0x9f,0x28,0x64,0x48,0x97,0x16,0x00,0x00,0x00,0x00,0x00,0x00,0x00,0x00,0x00,0x00,0x00,0x00,0x00,0x00,0x00,0x00,0x00,0x00,0x00,0x00,0x00,0x00,0x00,0x00,0x00,0x00,0x00,0x00,0x00,0x00,0x00,0x00,0x00,0x00,
    0x00,0x00,0x00,0x00,0x00,0x00,0x00,0x00,0x00,0x00,0x00,0x00,0x00,0x00,0x00,0x00,0x00,0x00,0x00,0x00,0x00,0x00,0x00,0x00,0x00,0x00,0x00,0x00,0x00,0x00,0x00,0x00,0x00,0x00,0x20,0xb7,0x15,0x4b,0x21,0x4b,0xc1,0xbc,0x90,0x84,0x84,0x83,0x84,0x8e,0xb3,0xc8,0x95,0x8c,0x98,0x2d,0xea,0xec,0xd9,0xa9,0xda,0x9d,0xa5,0x10,0xa9,0xa0,0x9e,0xac,0xad,0xad,0xad,0xad,0xad,0x9e,0x7b,0x8d,0x8d,0x8f,0x8a,0x8a,0x8a,0x89,0x89,0x8a,0x8a,0x92,0x8d,0xb7,0xac,0xad,0xef,0xd7,0xac,0xd8,0xf3,0xf3,0xda,0xc5,0x83,0xb9,0xc8,0x12,0x8e,0x84,0x83,0x84,0x90,0x15,0x21,0x9f,0xa1,0x20,0x00,0x00,0x00,0x00,0x00,0x00,0x00,0x00,0x00,0x00,0x00,0x00,0x00,0x00,0x00,0x00,0x00,0x00,0x00,0x00,0x00,0x00,0x00,0x00,0x00,0x00,0x00,0x00,0x00,0x00,0x00,0x00,0x00,0x00,
    0x00,0x00,0x00,0x00,0x00,0x00,0x00,0x00,0x00,0x00,0x00,0x00,0x00,0x00,0x00,0x00,0x00,0x00,0x00,0x00,0x00,0x00,0x00,0x00,0x00,0x00,0x00,0x00,0x00,0x00,0x00,0x00,0x00,0x00,0x48,0x38,0x37,0x19,0x5b,0x74,0x9e,0x90,0xc4,0x87,0x90,0x84,0x90,0xa9,0xbe,0x93,0x8c,0x8c,0x95,0x13,0xea,0xc8,0xec,0xea,0xd6,0xd9,0xe5,0xcc,0x4c,0x9f,0x81,0x9e,0xad,0xac,0xac,0xac,0x9e,0xb7,0x8d,0x92,0x8a,0x8a,0x8a,0x81,0x89,0x8a,0x8a,0x8f,0x8a,0x8f,0x8d,0x9f,0x84,0xac,0xad,0xef,0xac,0xed,0xd0,0xf1,0x9a,0x9c,0x2b,0xb9,0xbb,0xe5,0x8e,0x84,0x7b,0x83,0x84,0x87,0xb6,0x9f,0x8f,0x64,0x00,0x17,0x00,0x00,0x00,0x00,0x00,0x00,0x00,0x00,0x00,0x00,0x00,0x00,0x00,0x00,0x00,0x00,0x00,0x00,0x00,0x00,0x00,0x00,0x00,0x00,0x00,0x00,0x00,0x00,0x00,0x00,0x00,0x00,
    0x00,0x00,0x00,0x00,0x00,0x00,0x00,0x00,0x00,0x00,0x00,0x00,0x00,0x00,0x00,0x00,0x00,0x00,0x00,0x00,0x00,0x00,0x00,0x00,0x00,0x00,0x00,0x00,0x00,0x00,0x00,0x00,0x00,0x00,0x16,0x65,0x47,0x3d,0x16,0x8d,0x99,0x7b,0x8e,0xb8,0xc6,0xa6,0x7b,0xd9,0xae,0xa7,0x8c,0x8c,0x93,0xea,0xec,0xc8,0xc8,0xea,0xe9,0x4f,0xc8,0x8c,0xbe,0x4c,0xa4,0x8b,0x9f,0x9e,0x9f,0x9f,0x8d,0x8d,0x8d,0x8f,0x8a,0x8f,0x8a,0xa4,0xa4,0xa4,0x9f,0x92,0x92,0x9a,0x92,0x9f,0x7b,0xb7,0x9e,0x9d,0xc1,0xad,0xd3,0xdb,0xcb,0x10,0xb9,0xb9,0xbb,0xcc,0x7b,0x7b,0x8e,0x7b,0x83,0xc4,0xd7,0x8d,0x6e,0x4d,0x03,0x04,0x00,0x00,0x00,0x00,0x00,0x00,0x00,0x00,0x00,0x00,0x00,0x00,0x00,0x00,0x00,0x00,0x00,0x00,0x00,0x00,0x00,0x00,0x00,0x00,0x00,0x00,0x00,0x00,0x00,0x00,0x00,0x00,
    0x00,0x00,0x00,0x00,0x00,0x00,0x00,0x00,0x00,0x00,0x00,0x00,0x00,0x00,0x00,0x00,0x00,0x00,0x00,0x00,0x00,0x00,0x00,0x00,0x00,0x00,0x00,0x00,0x00,0x00,0x00,0x00,0x00,0x01,0x74,0x41,0x2c,0x20,0xa4,0xa1,0xa6,0x90,0xa3,0xcc,0xcc,0x8e,0xb2,0xb9,0x93,0x8c,0x8c,0x8c,0x93,0x2d,0xbb,0xc8,0xce,0xe9,0xf0,0xf4,0xe9,0xb9,0xbb,0xc8,0xbe,0xf7,0x89,0x9c,0x92,0x11,0x8d,0x8d,0x8d,0x92,0x92,0x8d,0x92,0xad,0xc5,0xc5,0xa4,0x92,0x8d,0x9a,0x8a,0x9a,0x8d,0x8d,0x9c,0x12,0x13,0xe5,0xf5,0xf5,0xe5,0xb9,0x98,0xde,0xae,0xe2,0xc4,0x7b,0x87,0x7b,0x84,0x87,0xb0,0x20,0x37,0x63,0x04,0x04,0x00,0x00,0x00,0x00,0x00,0x00,0x00,0x00,0x00,0x00,0x00,0x00,0x00,0x00,0x00,0x00,0x00,0x00,0x00,0x00,0x00,0x00,0x00,0x00,0x00,0x00,0x00,0x00,0x00,0x00,0x00,0x00,
    0x00,0x00,0x00,0x00,0x00,0x00,0x00,0x00,0x00,0x00,0x00,0x00,0x00,0x00,0x00,0x00,0x00,0x00,0x00,0x00,0x00,0x00,0x00,0x00,0x00,0x00,0x00,0x00,0x00,0x00,0x00,0x00,0x04,0x01,0x54,0x5b,0x3e,0x28,0xa3,0x87,0x84,0x8e,0xe5,0x8c,0xa7,0x2b,0x12,0xbb,0x98,0x95,0x95,0x95,0x98,0xbe,0xae,0x8c,0x13,0xff,0xf0,0xf0,0xee,0xc8,0xea,0xe7,0xe7,0xd5,0xce,0xb0,0x8d,0xcb,0xa6,0xb7,0x9f,0x8d,0x8d,0x9a,0x8d,0x8b,0x9c,0xa0,0x8a,0x9a,0x8f,0x9a,0x8f,0x8b,0xa5,0x9a,0xcd,0x2d,0xa7,0xec,0xfb,0x4f,0xc8,0x93,0xa7,0xbe,0xa7,0xe2,0xc4,0x7b,0x84,0x83,0x84,0x90,0x84,0x34,0x58,0x00,0x06,0x00,0x00,0x00,0x00,0x00,0x00,0x00,0x00,0x00,0x00,0x00,0x00,0x00,0x00,0x00,0x00,0x00,0x00,0x00,0x00,0x00,0x00,0x00,0x00,0x00,0x00,0x00,0x00,0x00,0x00,0x00,0x00,0x00,
    0x00,0x00,0x00,0x00,0x00,0x00,0x00,0x00,0x00,0x00,0x00,0x00,0x00,0x00,0x00,0x00,0x00,0x00,0x00,0x00,0x00,0x00,0x00,0x00,0x00,0x00,0x00,0x00,0x00,0x00,0x00,0x00,0x03,0x01,0x5d,0x53,0x3e,0x4b,0xb6,0x9e,0x87,0xb8,0xb9,0x98,0x98,0xe2,0xcd,0x8c,0x98,0x95,0x95,0x93,0x95,0xbe,0xae,0xa7,0xc8,0xe9,0xf4,0xf4,0x4f,0xe7,0x80,0x7d,0x7d,0x7e,0x91,0x91,0x1b,0xd4,0xb2,0xa6,0x9d,0x97,0x8a,0x8f,0x9c,0xa4,0xb4,0xb4,0x11,0x9c,0xa0,0xa5,0x9c,0x11,0xb3,0xce,0xea,0xa7,0x13,0x60,0xf4,0xff,0x60,0x13,0xa7,0xde,0x93,0xcc,0xc4,0x83,0x83,0x83,0x83,0x84,0x9d,0x4b,0x39,0x17,0x00,0x00,0x00,0x00,0x00,0x00,0x00,0x00,0x00,0x00,0x00,0x00,0x00,0x00,0x00,0x00,0x00,0x00,0x00,0x00,0x00,0x00,0x00,0x00,0x00,0x00,0x00,0x00,0x00,0x00,0x00,0x00,0x00,0x00,
    0x00,0x00,0x00,0x00,0x00,0x00,0x00,0x00,0x00,0x00,0x00,0x00,0x00,0x00,0x00,0x00,0x00,0x00,0x00,0x00,0x00,0x00,0x00,0x00,0x00,0x00,0x00,0x00,0x00,0x00,0x00,0x00,0x00,0x00,0x00,0x04,0x58,0x28,0x9e,0xa1,0xa1,0xa9,0xae,0x98,0x98,0x98,0x4f,0xae,0x95,0x8c,0x8c,0x8c,0x93,0xbe,0xae,0xa7,0xc8,0xe9,0x4f,0xee,0x60,0x7e,0x94,0x94,0x7a,0x7d,0x7d,0x7d,0x91,0x91,0x86,0xf1,0xd3,0xc5,0x8d,0xa5,0xa9,0xb3,0xa9,0xa9,0xb0,0xb2,0xca,0xb3,0x3c,0xa2,0x91,0x91,0xe7,0xbb,0xbe,0xe9,0xf0,0xf0,0xe9,0xb9,0xa7,0xde,0xa7,0xe5,0x90,0x84,0x83,0x83,0x83,0x83,0x9d,0x50,0x39,0x03,0x00,0x00,0x00,0x00,0x00,0x00,0x00,0x00,0x00,0x00,0x00,0x00,0x00,0x00,0x00,0x00,0x00,0x00,0x00,0x00,0x00,0x00,0x00,0x00,0x00,0x00,0x00,0x00,0x00,0x00,0x00,0x00,0x00,0x00,
    0x00,0x00,0x00,0x00,0x00,0x00,0x00,0x00,0x00,0x00,0x00,0x00,0x00,0x00,0x00,0x00,0x00,0x00,0x00,0x00,0x00,0x00,0x00,0x00,0x00,0x00,0x00,0x00,0x00,0x00,0x00,0x00,0x00,0x00,0x14,0x00,0x5d,0x28,0x8d,0xac,0x90,0x1e,0xae,0x98,0x95,0x98,0xae,0xa7,0x95,0x95,0x95,0x93,0x95,0xbb,0xa7,0xa7,0xae,0xde,0x98,0xe2,0xa2,0x86,0x7c,0x7a,0x7a,0x7a,0x82,0x7d,0x7d,0x7f,0x91,0x6f,0xeb,0x70,0xc7,0xd3,0xc1,0x9a,0xb2,0xa9,0x9d,0xd4,0x7f,0x91,0x91,0x88,0x7d,0x86,0x7e,0x2d,0x8c,0xe9,0xf4,0xf4,0xf5,0x95,0xb9,0xa7,0xe2,0xb2,0x87,0x84,0x83,0x84,0x99,0xa8,0x1e,0x2b,0x39,0x17,0x00,0x00,0x00,0x00,0x00,0x00,0x00,0x00,0x00,0x00,0x00,0x00,0x00,0x00,0x00,0x00,0x00,0x00,0x00,0x00,0x00,0x00,0x00,0x00,0x00,0x00,0x00,0x00,0x00,0x00,0x00,0x00,0x00,0x00,
    0x00,0x00,0x00,0x00,0x00,0x00,0x00,0x00,0x00,0x00,0x00,0x00,0x00,0x00,0x00,0x00,0x00,0x00,0x00,0x00,0x00,0x00,0x00,0x00,0x00,0x00,0x00,0x00,0x00,0x00,0x00,0x00,0x00,0x03,0x00,0x5e,0x1c,0x3b,0xa1,0xc9,0xd1,0x12,0xbb,0x95,0x95,0x98,0x98,0x98,0x98,0x98,0x98,0x98,0x98,0x8c,0xa7,0xa7,0xae,0x95,0xb9,0xaf,0x7e,0x86,0x86,0x86,0x7a,0x7a,0x7c,0x86,0x7a,0x80,0x94,0xc7,0xef,0xe6,0xdf,0xdd,0xb5,0x92,0x9f,0xb2,0xa6,0xa4,0xa2,0x7e,0x7f,0x80,0x82,0x94,0x7f,0x68,0xde,0x60,0x13,0x27,0xf5,0x93,0x4c,0xcc,0xf7,0x9c,0x90,0x83,0x83,0x83,0xc4,0x28,0x45,0x45,0x43,0x00,0x04,0x00,0x00,0x00,0x00,0x00,0x00,0x00,0x00,0x00,0x00,0x00,0x00,0x00,0x00,0x00,0x00,0x00,0x00,0x00,0x00,0x00,0x00,0x00,0x00,0x00,0x00,0x00,0x00,0x00,0x00,0x00,0x00,0x00,
    0x00,0x00,0x00,0x00,0x00,0x00,0x00,0x00,0x00,0x00,0x00,0x00,0x00,0x00,0x00,0x00,0x00,0x00,0x00,0x00,0x00,0x00,0x00,0x00,0x00,0x00,0x00,0x00,0x00,0x00,0x00,0x00,0x00,0x01,0x0a,0x40,0x40,0x5b,0x1f,0x54,0x4b,0xc6,0xb9,0xf6,0x95,0x95,0x95,0x93,0x93,0x93,0x93,0x93,0x95,0xae,0xae,0xa7,0xa7,0xbb,0x96,0x80,0x7f,0x80,0x80,0x82,0x7c,0x7a,0x7a,0x7a,0x7c,0x7c,0x7a,0x1b,0xdd,0xdf,0xe6,0xdb,0xc0,0x87,0x7b,0x87,0xc4,0xa1,0xc1,0x91,0x7d,0x82,0x86,0x86,0x82,0x88,0xe7,0xbb,0x98,0xae,0xbe,0xde,0x15,0x9e,0x99,0xba,0x84,0x7b,0x84,0x7b,0xb8,0x1f,0x35,0x37,0x3f,0x0d,0x01,0x03,0x00,0x00,0x00,0x00,0x00,0x00,0x00,0x00,0x00,0x00,0x00,0x00,0x00,0x00,0x00,0x00,0x00,0x00,0x00,0x00,0x00,0x00,0x00,0x00,0x00,0x00,0x00,0x00,0x00,0x00,0x00,0x00,
    0x00,0x00,0x00,0x00,0x00,0x00,0x00,0x00,0x00,0x00,0x00,0x00,0x00,0x00,0x00,0x00,0x00,0x00,0x00,0x00,0x00,0x00,0x00,0x00,0x00,0x00,0x00,0x00,0x00,0x00,0x00,0x00,0x01,0x00,0x62,0x4f,0x68,0x2e,0x77,0x3f,0x54,0x59,0xae,0x98,0x8c,0x8c,0x8c,0x8c,0x8c,0x8c,0x8c,0x8c,0x93,0xbb,0xa7,0x8c,0x98,0x13,0x80,0x94,0x7a,0x86,0x86,0x7a,0x7a,0x7a,0x7a,0x7a,0x86,0x82,0x82,0x7e,0x88,0xe0,0xdf,0x6f,0xb4,0x90,0x84,0x84,0x9f,0x8d,0x9f,0x1b,0x91,0x7f,0x80,0x7d,0x7f,0x7f,0xd5,0xae,0x93,0x95,0xae,0xe5,0xb6,0x8e,0x2b,0x13,0xd9,0x90,0x84,0x83,0x7b,0x21,0x6b,0x44,0x44,0x63,0x00,0x01,0x00,0x00,0x00,0x00,0x00,0x00,0x00,0x00,0x00,0x00,0x00,0x00,0x00,0x00,0x00,0x00,0x00,0x00,0x00,0x00,0x00,0x00,0x00,0x00,0x00,0x00,0x00,0x00,0x00,0x00,0x00,0x00,
    0x00,0x00,0x00,0x00,0x00,0x00,0x00,0x00,0x00,0x00,0x00,0x00,0x00,0x00,0x00,0x00,0x00,0x00,0x00,0x00,0x00,0x00,0x00,0x00,0x00,0x00,0x00,0x00,0x00,0x00,0x00,0x00,0x04,0x03,0x1c,0x2e,0x13,0x5c,0x40,0x40,0x2e,0xb9,0x95,0x8c,0x8c,0x8c,0x8c,0x8c,0x93,0x93,0x93,0x93,0x93,0x8c,0x8c,0x8c,0x98,0x68,0x7d,0x94,0x86,0x86,0x7a,0x7c,0x7c,0x7c,0x7a,0x7a,0x7f,0x7e,0x7e,0x80,0x7d,0x91,0x61,0xdb,0xd8,0xac,0x9a,0x9a,0x8d,0x8d,0xa0,0xc1,0x88,0x7f,0x7f,0x82,0x86,0x7a,0x96,0xbb,0x93,0x93,0xb9,0xf7,0x99,0xe5,0xc8,0xae,0xec,0x12,0x8e,0x84,0x7b,0x6e,0x16,0x20,0x3d,0x01,0x17,0x00,0x00,0x00,0x00,0x00,0x00,0x00,0x00,0x00,0x00,0x00,0x00,0x00,0x00,0x00,0x00,0x00,0x00,0x00,0x00,0x00,0x00,0x00,0x00,0x00,0x00,0x00,0x00,0x00,0x00,0x00,0x00,0x00,
    0x00,0x00,0x00,0x00,0x00,0x00,0x00,0x00,0x00,0x00,0x00,0x00,0x00,0x00,0x00,0x00,0x00,0x00,0x00,0x00,0x00,0x00,0x00,0x00,0x00,0x00,0x00,0x00,0x00,0x00,0x00,0x00,0x00,0x01,0x01,0x4e,0x5c,0xe2,0xa7,0xb9,0xae,0x98,0x95,0x95,0x95,0x95,0x93,0x95,0x95,0x98,0x98,0x98,0x93,0x95,0x93,0x8c,0x98,0x68,0x80,0x82,0x7f,0x82,0x7f,0x7f,0x7f,0x85,0x86,0x82,0x7a,0x82,0x82,0x82,0x7f,0x7d,0x96,0xe3,0xf1,0x97,0x11,0xac,0x9a,0x8d,0x81,0xb4,0x7d,0x86,0x80,0x85,0x7f,0x7e,0x7d,0x13,0x8c,0xa7,0xc8,0xf7,0xbc,0xbe,0x93,0xa7,0xbb,0xd9,0x90,0x84,0x84,0x84,0xc1,0x74,0x0d,0x00,0x04,0x00,0x00,0x00,0x00,0x00,0x00,0x00,0x00,0x00,0x00,0x00,0x00,0x00,0x00,0x00,0x00,0x00,0x00,0x00,0x00,0x00,0x00,0x00,0x00,0x00,0x00,0x00,0x00,0x00,0x00,0x00,0x00,0x00,
    0x00,0x00,0x00,0x00,0x00,0x00,0x00,0x00,0x00,0x00,0x00,0x00,0x00,0x00,0x00,0x00,0x00,0x00,0x00,0x00,0x00,0x00,0x00,0x00,0x00,0x00,0x00,0x00,0x00,0x00,0x00,0x00,0x00,0x00,0x01,0x00,0x69,0x2e,0xbb,0x98,0x95,0x93,0x98,0x98,0x98,0x98,0x95,0x95,0x93,0x95,0x95,0x93,0x95,0x98,0x93,0x8c,0x95,0x13,0x88,0x85,0x7c,0x7c,0x7a,0x82,0x7d,0x7e,0x7e,0x7e,0x7f,0x86,0x7c,0x7c,0x7f,0x86,0x94,0xa2,0xa2,0xd4,0xda,0x9e,0xb7,0x9e,0xcb,0xc9,0x88,0x94,0x7f,0x7d,0x80,0x80,0x7e,0x88,0xbe,0x93,0xa7,0xcc,0x1e,0xbb,0x95,0x8c,0x93,0x4c,0xc4,0x7b,0x84,0xa3,0x28,0x3d,0x06,0x14,0x00,0x03,0x00,0x00,0x00,0x00,0x00,0x00,0x00,0x00,0x00,0x00,0x00,0x00,0x00,0x00,0x00,0x00,0x00,0x00,0x00,0x00,0x00,0x00,0x00,0x00,0x00,0x00,0x00,0x00,0x00,0x00,0x00,0x00,
    0x00,0x00,0x00,0x00,0x00,0x00,0x00,0x00,0x00,0x00,0x00,0x00,0x00,0x00,0x00,0x00,0x00,0x00,0x00,0x00,0x00,0x00,0x00,0x00,0x00,0x00,0x00,0x00,0x00,0x00,0x00,0x00,0x00,0x00,0x00,0x01,0x00,0x51,0x5c,0xbe,0xbb,0x93,0x93,0x98,0x98,0xde,0xae,0x93,0x8c,0x8c,0x8c,0x93,0xae,0xb9,0x95,0x8c,0x93,0xb9,0x85,0x7c,0x7a,0x7a,0x7a,0x7a,0x86,0x7f,0x7d,0x80,0x7e,0x80,0x82,0x7d,0xce,0x9b,0x86,0x82,0x85,0x91,0x86,0xb3,0x9d,0xa0,0xb0,0x85,0x86,0x7c,0x82,0x7e,0x7e,0x7d,0x7d,0x88,0x68,0x98,0x93,0xa7,0xde,0xbb,0x93,0x93,0xae,0xd9,0x90,0x84,0x84,0x7b,0x87,0x57,0x20,0x5b,0x01,0x06,0x00,0x00,0x00,0x00,0x00,0x00,0x00,0x00,0x00,0x00,0x00,0x00,0x00,0x00,0x00,0x00,0x00,0x00,0x00,0x00,0x00,0x00,0x00,0x00,0x00,0x00,0x00,0x00,0x00,0x00,0x00,0x00,
    0x00,0x00,0x00,0x00,0x00,0x00,0x00,0x00,0x00,0x00,0x00,0x00,0x00,0x00,0x00,0x00,0x00,0x00,0x00,0x00,0x00,0x00,0x00,0x00,0x00,0x00,0x00,0x00,0x00,0x00,0x00,0x00,0x00,0x00,0x00,0x03,0x01,0x06,0x51,0x40,0x2e,0x5c,0x75,0x76,0x77,0x5c,0xae,0x93,0x8c,0x8c,0x8c,0x98,0x2d,0x4c,0x98,0x8c,0xf6,0x13,0x85,0x94,0x7a,0x7c,0x7c,0x7a,0x7c,0x7c,0x7c,0x86,0x82,0x86,0x82,0x80,0xab,0x96,0x7d,0x7a,0x86,0x7f,0x88,0x88,0xb4,0xd0,0x7d,0x82,0x7c,0x7a,0x86,0x7d,0x7f,0x86,0x82,0x80,0x80,0x68,0x95,0x93,0x95,0x95,0x93,0x8c,0x8c,0x4f,0xb5,0x99,0x87,0x8e,0xbc,0xa8,0x33,0x43,0x01,0x01,0x00,0x00,0x00,0x00,0x00,0x00,0x00,0x00,0x00,0x00,0x00,0x00,0x00,0x00,0x00,0x00,0x00,0x00,0x00,0x00,0x00,0x00,0x00,0x00,0x00,0x00,0x00,0x00,0x00,0x00,0x00,0x00,
    0x00,0x00,0x00,0x00,0x00,0x00,0x00,0x00,0x00,0x00,0x00,0x00,0x00,0x00,0x00,0x00,0x00,0x00,0x00,0x00,0x00,0x00,0x00,0x00,0x00,0x00,0x00,0x00,0x00,0x00,0x00,0x00,0x00,0x00,0x00,0x00,0x00,0x00,0x00,0x53,0x62,0x51,0x51,0x51,0x51,0x76,0x8c,0x8c,0x8c,0x8c,0x8c,0x93,0xd9,0xa8,0x8c,0x93,0x98,0xe7,0x7f,0x7c,0x82,0x85,0x85,0x86,0x82,0x86,0x82,0x7c,0x7a,0x7a,0x94,0x82,0xab,0x7a,0x88,0x80,0x7d,0x80,0x7d,0x7e,0x86,0x7d,0x86,0x7c,0x7a,0x7c,0x82,0x85,0x7c,0x7a,0x7c,0x7f,0x7d,0x88,0x13,0x98,0x8c,0xbe,0xa7,0x93,0x95,0x13,0xba,0x84,0x16,0x21,0x64,0x67,0x43,0x00,0x01,0x00,0x00,0x00,0x00,0x00,0x00,0x00,0x00,0x00,0x00,0x00,0x00,0x00,0x00,0x00,0x00,0x00,0x00,0x00,0x00,0x00,0x00,0x00,0x00,0x00,0x00,0x00,0x00,0x00,0x00,0x00,0x00,0x00,
    0x00,0x00,0x00,0x00,0x00,0x00,0x00,0x00,0x00,0x00,0x00,0x00,0x00,0x00,0x00,0x00,0x00,0x00,0x00,0x00,0x00,0x00,0x00,0x00,0x00,0x00,0x00,0x00,0x00,0x00,0x00,0x00,0x00,0x00,0x00,0x00,0x00,0x00,0x01,0x00,0x03,0x00,0x00,0x00,0x79,0x76,0xe2,0x95,0x8c,0x8c,0x93,0xa7,0xee,0xf0,0xbb,0x95,0xae,0x94,0x86,0x85,0x80,0x80,0x7e,0x7e,0x7d,0x7a,0x80,0x86,0x7a,0x7a,0x7c,0x7f,0xaa,0x96,0x88,0x86,0x86,0x86,0x85,0x7d,0x7d,0x7c,0x7c,0x7a,0x7c,0x7a,0x7d,0x86,0x7a,0x7a,0x7a,0x86,0x7d,0x88,0xd5,0xae,0x95,0x13,0xde,0x8c,0x95,0xde,0xa3,0x15,0x45,0x35,0x63,0x0d,0x00,0x01,0x00,0x00,0x00,0x00,0x00,0x00,0x00,0x00,0x00,0x00,0x00,0x00,0x00,0x00,0x00,0x00,0x00,0x00,0x00,0x00,0x00,0x00,0x00,0x00,0x00,0x00,0x00,0x00,0x00,0x00,0x00,0x00,0x00,0x00,
    0x00,0x00,0x00,0x00,0x00,0x00,0x00,0x00,0x00,0x00,0x00,0x00,0x00,0x00,0x00,0x00,0x00,0x00,0x00,0x00,0x00,0x00,0x00,0x00,0x00,0x00,0x00,0x00,0x00,0x00,0x00,0x00,0x00,0x00,0x00,0x00,0x00,0x00,0x00,0x03,0x02,0x01,0x01,0x02,0x06,0x2e,0x2d,0x8c,0x93,0x93,0x98,0xc8,0xee,0x1f,0xec,0x98,0xbe,0x7d,0x7c,0x7a,0x7a,0x86,0x86,0x86,0x7f,0x82,0x85,0x7f,0x7c,0x7a,0x7c,0x7d,0xaa,0x9b,0x88,0x86,0x7c,0x7c,0x82,0x7f,0x7f,0x82,0x7c,0x7c,0x86,0x7f,0x86,0x7c,0x7a,0x7a,0x7a,0x7c,0x7f,0x7f,0x88,0xe7,0x8c,0xe2,0x75,0x2d,0x98,0xbb,0x2b,0x1f,0x1a,0x00,0x00,0x00,0x01,0x00,0x00,0x00,0x00,0x00,0x00,0x00,0x00,0x00,0x00,0x00,0x00,0x00,0x00,0x00,0x00,0x00,0x00,0x00,0x00,0x00,0x00,0x00,0x00,0x00,0x00,0x00,0x00,0x00,0x00,0x00,0x00,0x00,0x00,0x00,
    0x00,0x00,0x00,0x00,0x00,0x00,0x00,0x00,0x00,0x00,0x00,0x00,0x00,0x00,0x00,0x00,0x00,0x00,0x00,0x00,0x00,0x00,0x00,0x00,0x00,0x00,0x00,0x00,0x00,0x00,0x00,0x00,0x00,0x00,0x00,0x00,0x00,0x00,0x00,0x00,0x00,0x00,0x00,0x06,0x00,0x4e,0x2e,0x4f,0xb9,0x8c,0xbe,0x13,0x2e,0x77,0x2d,0xf6,0x13,0x7f,0x7c,0x7a,0x7a,0x7a,0x7a,0x7c,0x82,0x7d,0x86,0x7d,0x86,0x7a,0x7c,0x7d,0xaa,0x9b,0x7f,0x7a,0x7a,0x7c,0x86,0x80,0x82,0x7f,0x86,0x7f,0x7d,0x86,0x7c,0x7a,0x7a,0x7a,0x7a,0x7a,0x86,0x7d,0x94,0x7d,0x2d,0xf6,0x75,0x5c,0xbe,0x93,0xcc,0x28,0x39,0x06,0x06,0x03,0x00,0x00,0x00,0x00,0x00,0x00,0x00,0x00,0x00,0x00,0x00,0x00,0x00,0x00,0x00,0x00,0x00,0x00,0x00,0x00,0x00,0x00,0x00,0x00,0x00,0x00,0x00,0x00,0x00,0x00,0x00,0x00,0x00,0x00,0x00,0x00,
    0x00,0x00,0x00,0x00,0x00,0x00,0x00,0x00,0x00,0x00,0x00,0x00,0x00,0x00,0x00,0x00,0x00,0x00,0x00,0x00,0x00,0x00,0x00,0x00,0x00,0x00,0x00,0x00,0x00,0x00,0x00,0x00,0x00,0x00,0x00,0x00,0x00,0x00,0x00,0x00,0x00,0x00,0x00,0x01,0x03,0x4e,0x2e,0x2e,0x5c,0x2e,0x18,0x40,0x4e,0x40,0x4f,0x4c,0x78,0x7a,0x05,0x7a,0x7a,0x7a,0x7a,0x7a,0x86,0x7f,0x7d,0x7e,0x82,0x82,0x85,0x7f,0xaa,0xa2,0x85,0x7c,0x7a,0x7a,0x7a,0x7f,0x7d,0x7d,0x7d,0x82,0x7a,0x7a,0x7a,0x7a,0x7a,0x7a,0x7a,0x7a,0x7c,0x7f,0x82,0x7f,0xe7,0xf6,0x75,0x77,0x5c,0xa7,0x13,0x18,0x2c,0x00,0x01,0x00,0x00,0x00,0x00,0x00,0x00,0x00,0x00,0x00,0x00,0x00,0x00,0x00,0x00,0x00,0x00,0x00,0x00,0x00,0x00,0x00,0x00,0x00,0x00,0x00,0x00,0x00,0x00,0x00,0x00,0x00,0x00,0x00,0x00,0x00,0x00,0x00,
    0x00,0x00,0x00,0x00,0x00,0x00,0x00,0x00,0x00,0x00,0x00,0x00,0x00,0x00,0x00,0x00,0x00,0x00,0x00,0x00,0x00,0x00,0x00,0x00,0x00,0x00,0x00,0x00,0x00,0x00,0x00,0x00,0x00,0x00,0x00,0x00,0x00,0x00,0x00,0x00,0x00,0x00,0x00,0x00,0x01,0x00,0x29,0x4e,0x4e,0x4e,0x62,0x0a,0x00,0x14,0x51,0x40,0x09,0x7a,0x05,0x7a,0x7a,0x7a,0x7a,0x7a,0x7a,0x7c,0x86,0x85,0x80,0x7f,0x7c,0x7d,0xaa,0xaf,0x7f,0x7c,0x7a,0x7c,0x7a,0x7f,0x80,0x86,0x7a,0x7c,0x7a,0x7a,0x7a,0x7a,0x7a,0x7a,0x7a,0x7a,0x7a,0x7a,0x85,0x85,0x86,0x2e,0x51,0x40,0x13,0x76,0x40,0x5e,0x00,0x04,0x00,0x00,0x00,0x00,0x00,0x00,0x00,0x00,0x00,0x00,0x00,0x00,0x00,0x00,0x00,0x00,0x00,0x00,0x00,0x00,0x00,0x00,0x00,0x00,0x00,0x00,0x00,0x00,0x00,0x00,0x00,0x00,0x00,0x00,0x00,0x00,0x00,0x00,
    0x00,0x00,0x00,0x00,0x00,0x00,0x00,0x00,0x00,0x00,0x00,0x00,0x00,0x00,0x00,0x00,0x00,0x00,0x00,0x00,0x00,0x00,0x00,0x00,0x00,0x00,0x00,0x00,0x00,0x00,0x00,0x00,0x00,0x00,0x00,0x00,0x00,0x00,0x00,0x00,0x00,0x00,0x00,0x00,0x00,0x01,0x00,0x00,0x00,0x00,0x00,0x03,0x03,0x01,0x00,0x4e,0x24,0x86,0x05,0x7a,0x7a,0x7a,0x7a,0x7a,0x7a,0x7a,0x7a,0x7c,0x82,0x80,0x86,0x7d,0xaa,0xaf,0x7d,0x7c,0x82,0x7d,0x86,0x7c,0x7d,0x86,0x7a,0x7a,0x7a,0x7a,0x7a,0x7a,0x7a,0x7a,0x7a,0x7a,0x7a,0x7a,0x7c,0x82,0x86,0x2a,0x49,0x40,0x51,0x0a,0x00,0x00,0x03,0x00,0x00,0x00,0x00,0x00,0x00,0x00,0x00,0x00,0x00,0x00,0x00,0x00,0x00,0x00,0x00,0x00,0x00,0x00,0x00,0x00,0x00,0x00,0x00,0x00,0x00,0x00,0x00,0x00,0x00,0x00,0x00,0x00,0x00,0x00,0x00,0x00,0x00,0x00,
    0x00,0x00,0x00,0x00,0x00,0x00,0x00,0x00,0x00,0x00,0x00,0x00,0x00,0x00,0x00,0x00,0x00,0x00,0x00,0x00,0x00,0x00,0x00,0x00,0x00,0x00,0x00,0x00,0x00,0x00,0x00,0x00,0x00,0x00,0x00,0x00,0x00,0x00,0x00,0x00,0x00,0x00,0x00,0x00,0x00,0x00,0x04,0x02,0x02,0x02,0x01,0x03,0x00,0x02,0x02,0x4e,0x24,0x86,0x05,0x7a,0x7a,0x7a,0x7a,0x7a,0x7a,0x7a,0x7a,0x7a,0x7c,0x86,0x7f,0x88,0xf2,0xaa,0x7d,0x94,0x7a,0x7e,0x7d,0x86,0x80,0x86,0x7a,0x7a,0x7a,0x7a,0x7a,0x7a,0x7a,0x7a,0x7a,0x7a,0x7a,0x7a,0x7a,0x7a,0x7a,0x56,0x26,0x0a,0x00,0x00,0x03,0x03,0x00,0x00,0x00,0x00,0x00,0x00,0x00,0x00,0x00,0x00,0x00,0x00,0x00,0x00,0x00,0x00,0x00,0x00,0x00,0x00,0x00,0x00,0x00,0x00,0x00,0x00,0x00,0x00,0x00,0x00,0x00,0x00,0x00,0x00,0x00,0x00,0x00,0x00,0x00,0x00,
    0x00,0x00,0x00,0x00,0x00,0x00,0x00,0x00,0x00,0x00,0x00,0x00,0x00,0x00,0x00,0x00,0x00,0x00,0x00,0x00,0x00,0x00,0x00,0x00,0x00,0x00,0x00,0x00,0x00,0x00,0x00,0x00,0x00,0x00,0x00,0x00,0x00,0x00,0x00,0x00,0x00,0x00,0x00,0x00,0x00,0x00,0x00,0x00,0x00,0x00,0x00,0x00,0x00,0x00,0x02,0x14,0x09,0x7c,0x05,0x7a,0x7a,0x7a,0x7a,0x7a,0x7a,0x7a,0x7a,0x86,0x86,0x86,0x7f,0x91,0xab,0xaf,0x7e,0x85,0x85,0x7d,0x7e,0x80,0x80,0x82,0x7c,0x7a,0x7a,0x7a,0x7a,0x7a,0x7a,0x7a,0x7a,0x7a,0x7a,0x7a,0x7a,0x7a,0x05,0x86,0x0e,0x0a,0x02,0x01,0x00,0x00,0x00,0x00,0x00,0x00,0x00,0x00,0x00,0x00,0x00,0x00,0x00,0x00,0x00,0x00,0x00,0x00,0x00,0x00,0x00,0x00,0x00,0x00,0x00,0x00,0x00,0x00,0x00,0x00,0x00,0x00,0x00,0x00,0x00,0x00,0x00,0x00,0x00,0x00,0x00,0x00,
    0x00,0x00,0x00,0x00,0x00,0x00,0x00,0x00,0x00,0x00,0x00,0x00,0x00,0x00,0x00,0x00,0x00,0x00,0x00,0x00,0x00,0x00,0x00,0x00,0x00,0x00,0x00,0x00,0x00,0x00,0x00,0x00,0x00,0x00,0x00,0x00,0x00,0x00,0x00,0x00,0x00,0x00,0x00,0x00,0x00,0x00,0x00,0x00,0x00,0x00,0x00,0x00,0x00,0x00,0x02,0x00,0x09,0x7a,0x05,0x7a,0x7a,0x7a,0x7a,0x7a,0x7a,0x7a,0x7a,0x85,0x7d,0x7f,0x7f,0x7f,0xaf,0x96,0x7f,0x82,0x7d,0x80,0x7e,0x7e,0x80,0x80,0x7a,0x7a,0x7a,0x7a,0x7a,0x7a,0x7a,0x7a,0x7a,0x7a,0x7a,0x7a,0x7a,0x7c,0x05,0x1d,0x30,0x00,0x01,0x00,0x00,0x00,0x00,0x00,0x00,0x00,0x00,0x00,0x00,0x00,0x00,0x00,0x00,0x00,0x00,0x00,0x00,0x00,0x00,0x00,0x00,0x00,0x00,0x00,0x00,0x00,0x00,0x00,0x00,0x00,0x00,0x00,0x00,0x00,0x00,0x00,0x00,0x00,0x00,0x00,0x00,0x00,
    0x00,0x00,0x00,0x00,0x00,0x00,0x00,0x00,0x00,0x00,0x00,0x00,0x00,0x00,0x00,0x00,0x00,0x00,0x00,0x00,0x00,0x00,0x00,0x00,0x00,0x00,0x00,0x00,0x00,0x00,0x00,0x00,0x00,0x00,0x00,0x00,0x00,0x00,0x00,0x00,0x00,0x00,0x00,0x00,0x00,0x00,0x00,0x00,0x00,0x00,0x00,0x00,0x00,0x00,0x02,0x03,0x42,0x86,0x05,0x7a,0x7a,0x7a,0x7a,0x7a,0x7a,0x7a,0x7a,0x7c,0x7a,0x7c,0x7c,0x86,0x9b,0x96,0x7a,0x7c,0x7c,0x85,0x7d,0x7f,0x7e,0x7c,0x96,0x86,0x7a,0x7a,0x7a,0x7a,0x7a,0x7a,0x7a,0x7a,0x7a,0x7a,0x7a,0x05,0x85,0x24,0x00,0x00,0x00,0x00,0x00,0x00,0x00,0x00,0x00,0x00,0x00,0x00,0x00,0x00,0x00,0x00,0x00,0x00,0x00,0x00,0x00,0x00,0x00,0x00,0x00,0x00,0x00,0x00,0x00,0x00,0x00,0x00,0x00,0x00,0x00,0x00,0x00,0x00,0x00,0x00,0x00,0x00,0x00,0x00,0x00,0x00,
    0x00,0x00,0x00,0x00,0x00,0x00,0x00,0x00,0x00,0x00,0x00,0x00,0x00,0x00,0x00,0x00,0x00,0x00,0x00,0x00,0x00,0x00,0x00,0x00,0x00,0x00,0x00,0x00,0x00,0x00,0x00,0x00,0x00,0x00,0x00,0x00,0x00,0x00,0x00,0x00,0x00,0x00,0x00,0x00,0x00,0x00,0x00,0x00,0x00,0x00,0x00,0x00,0x00,0x01,0x03,0x30,0x09,0x82,0x05,0x7a,0x7a,0x7a,0x7a,0x7a,0x7a,0x7a,0x7a,0x7a,0x7a,0x7a,0x7a,0x7a,0x82,0x86,0x7a,0x7a,0x7a,0x7a,0x7a,0x7c,0x86,0x7a,0x82,0x7f,0x7c,0x7c,0x7a,0x7a,0x7a,0x7a,0x7a,0x7a,0x7a,0x7a,0x7c,0x86,0x80,0x2a,0x03,0x00,0x00,0x00,0x00,0x00,0x00,0x00,0x00,0x00,0x00,0x00,0x00,0x00,0x00,0x00,0x00,0x00,0x00,0x00,0x00,0x00,0x00,0x00,0x00,0x00,0x00,0x00,0x00,0x00,0x00,0x00,0x00,0x00,0x00,0x00,0x00,0x00,0x00,0x00,0x00,0x00,0x00,0x00,0x00,0x00,
    0x00,0x00,0x00,0x00,0x00,0x00,0x00,0x00,0x00,0x00,0x00,0x00,0x00,0x00,0x00,0x00,0x00,0x00,0x00,0x00,0x00,0x00,0x00,0x00,0x00,0x00,0x00,0x00,0x00,0x00,0x00,0x00,0x00,0x00,0x00,0x00,0x00,0x00,0x00,0x00,0x00,0x00,0x00,0x00,0x00,0x00,0x00,0x00,0x00,0x00,0x00,0x00,0x00,0x03,0x01,0x0a,0x32,0x08,0x7a,0x7a,0x7a,0x7a,0x7a,0x7a,0x7a,0x7a,0x7a,0x7a,0x7a,0x7a,0x7a,0x7a,0x7c,0x7a,0x7a,0x7a,0x7a,0x7a,0x7a,0x7a,0x7c,0x86,0x7f,0x80,0x7d,0x86,0x7c,0x7a,0x7a,0x7a,0x7a,0x7a,0x7a,0x7a,0x7c,0x08,0x80,0x25,0x00,0x02,0x00,0x00,0x00,0x00,0x00,0x00,0x00,0x00,0x00,0x00,0x00,0x00,0x00,0x00,0x00,0x00,0x00,0x00,0x00,0x00,0x00,0x00,0x00,0x00,0x00,0x00,0x00,0x00,0x00,0x00,0x00,0x00,0x00,0x00,0x00,0x00,0x00,0x00,0x00,0x00,0x00,0x00,0x00,0x00,
    0x00,0x00,0x00,0x00,0x00,0x00,0x00,0x00,0x00,0x00,0x00,0x00,0x00,0x00,0x00,0x00,0x00,0x00,0x00,0x00,0x00,0x00,0x00,0x00,0x00,0x00,0x00,0x00,0x00,0x00,0x00,0x00,0x00,0x00,0x00,0x00,0x00,0x00,0x00,0x00,0x00,0x00,0x00,0x00,0x00,0x00,0x00,0x00,0x00,0x00,0x00,0x00,0x00,0x00,0x01,0x00,0x0f,0x2a,0x85,0x05,0x7a,0x7a,0x7a,0x7a,0x7a,0x7a,0x7a,0x7a,0x7a,0x7a,0x7a,0x7a,0x7a,0x7a,0x7a,0x7a,0x7a,0x7a,0x7a,0x7a,0x7a,0x7a,0x7a,0x7f,0x85,0x80,0x7f,0x86,0x7a,0x94,0x94,0x7c,0x7a,0x7c,0x7a,0x85,0x08,0x30,0x03,0x01,0x00,0x00,0x00,0x00,0x00,0x00,0x00,0x00,0x00,0x00,0x00,0x00,0x00,0x00,0x00,0x00,0x00,0x00,0x00,0x00,0x00,0x00,0x00,0x00,0x00,0x00,0x00,0x00,0x00,0x00,0x00,0x00,0x00,0x00,0x00,0x00,0x00,0x00,0x00,0x00,0x00,0x00,0x00,0x00,
    0x00,0x00,0x00,0x00,0x00,0x00,0x00,0x00,0x00,0x00,0x00,0x00,0x00,0x00,0x00,0x00,0x00,0x00,0x00,0x00,0x00,0x00,0x00,0x00,0x00,0x00,0x00,0x00,0x00,0x00,0x00,0x00,0x00,0x00,0x00,0x00,0x00,0x00,0x00,0x00,0x00,0x00,0x00,0x00,0x00,0x00,0x00,0x00,0x00,0x00,0x00,0x00,0x00,0x03,0x00,0x1c,0x09,0x05,0x7d,0x86,0x7a,0x7a,0x7a,0x7a,0x7a,0x7a,0x7a,0x7a,0x7a,0x7a,0x7a,0x7a,0x7a,0x7a,0x7a,0x7a,0x7a,0x7a,0x7a,0x7a,0x7a,0x7a,0x7c,0x7f,0x7d,0x7f,0x7d,0x7f,0x7a,0x88,0x80,0x80,0x86,0x7c,0x82,0x82,0x0e,0x00,0x02,0x00,0x00,0x00,0x00,0x00,0x00,0x00,0x00,0x00,0x00,0x00,0x00,0x00,0x00,0x00,0x00,0x00,0x00,0x00,0x00,0x00,0x00,0x00,0x00,0x00,0x00,0x00,0x00,0x00,0x00,0x00,0x00,0x00,0x00,0x00,0x00,0x00,0x00,0x00,0x00,0x00,0x00,0x00,0x00,0x00,
    0x00,0x00,0x00,0x00,0x00,0x00,0x00,0x00,0x00,0x00,0x00,0x00,0x00,0x00,0x00,0x00,0x00,0x00,0x00,0x00,0x00,0x00,0x00,0x00,0x00,0x00,0x00,0x00,0x00,0x00,0x00,0x00,0x00,0x00,0x00,0x00,0x00,0x00,0x00,0x00,0x00,0x00,0x00,0x00,0x00,0x00,0x00,0x00,0x00,0x00,0x00,0x00,0x00,0x03,0x02,0x00,0x25,0x7a,0x86,0x7f,0x7c,0x7a,0x7a,0x7a,0x7a,0x7a,0x7a,0x7a,0x7a,0x7a,0x7a,0x7a,0x7a,0x7a,0x7a,0x7a,0x7a,0x7a,0x7a,0x7a,0x7a,0x7a,0x7c,0x7f,0x85,0x94,0x85,0x1b,0xa9,0xb3,0xdc,0xd6,0x94,0x7e,0x08,0x25,0x00,0x02,0x00,0x00,0x00,0x00,0x00,0x00,0x00,0x00,0x00,0x00,0x00,0x00,0x00,0x00,0x00,0x00,0x00,0x00,0x00,0x00,0x00,0x00,0x00,0x00,0x00,0x00,0x00,0x00,0x00,0x00,0x00,0x00,0x00,0x00,0x00,0x00,0x00,0x00,0x00,0x00,0x00,0x00,0x00,0x00,0x00,0x00,
    0x00,0x00,0x00,0x00,0x00,0x00,0x00,0x00,0x00,0x00,0x00,0x00,0x00,0x00,0x00,0x00,0x00,0x00,0x00,0x00,0x00,0x00,0x00,0x00,0x00,0x00,0x00,0x00,0x00,0x00,0x00,0x00,0x00,0x00,0x00,0x00,0x00,0x00,0x00,0x00,0x00,0x00,0x00,0x00,0x00,0x00,0x00,0x00,0x00,0x00,0x00,0x00,0x00,0x03,0x01,0x32,0x24,0x82,0x05,0x80,0x86,0x7a,0x7a,0x7a,0x7a,0x7a,0x7a,0x7a,0x7a,0x7a,0x7a,0x7a,0x7a,0x7a,0x7a,0x7a,0x7a,0x7a,0x7a,0x7a,0x7a,0x7a,0x7c,0x85,0x85,0x94,0x7f,0xa2,0x9a,0xa5,0xa5,0xb4,0xe0,0xa2,0x0b,0x00,0x02,0x00,0x00,0x00,0x00,0x00,0x00,0x00,0x00,0x00,0x00,0x00,0x00,0x00,0x00,0x00,0x00,0x00,0x00,0x00,0x00,0x00,0x00,0x00,0x00,0x00,0x00,0x00,0x00,0x00,0x00,0x00,0x00,0x00,0x00,0x00,0x00,0x00,0x00,0x00,0x00,0x00,0x00,0x00,0x00,0x00,0x00,0x00,
    0x00,0x00,0x00,0x00,0x00,0x00,0x00,0x00,0x00,0x00,0x00,0x00,0x00,0x00,0x00,0x00,0x00,0x00,0x00,0x00,0x00,0x00,0x00,0x00,0x00,0x00,0x00,0x00,0x00,0x00,0x00,0x00,0x00,0x00,0x00,0x00,0x00,0x00,0x00,0x00,0x00,0x00,0x00,0x00,0x00,0x00,0x00,0x00,0x00,0x00,0x00,0x00,0x00,0x00,0x00,0x23,0x7c,0x7c,0x7c,0x82,0x7f,0x7c,0x7a,0x7a,0x7a,0x7a,0x7a,0x7a,0x7a,0x7a,0x7a,0x7a,0x7a,0x7a,0x7a,0x7a,0x7a,0x7a,0x7a,0x7a,0x7a,0x7a,0x7c,0x7f,0x85,0x86,0x88,0x1b,0x8b,0xba,0x0c,0xb0,0xd8,0x33,0x67,0x02,0x01,0x00,0x00,0x00,0x00,0x00,0x00,0x00,0x00,0x00,0x00,0x00,0x00,0x00,0x00,0x00,0x00,0x00,0x00,0x00,0x00,0x00,0x00,0x00,0x00,0x00,0x00,0x00,0x00,0x00,0x00,0x00,0x00,0x00,0x00,0x00,0x00,0x00,0x00,0x00,0x00,0x00,0x00,0x00,0x00,0x00,0x00,0x00,
    0x00,0x00,0x00,0x00,0x00,0x00,0x00,0x00,0x00,0x00,0x00,0x00,0x00,0x00,0x00,0x00,0x00,0x00,0x00,0x00,0x00,0x00,0x00,0x00,0x00,0x00,0x00,0x00,0x00,0x00,0x00,0x00,0x00,0x00,0x00,0x00,0x00,0x00,0x00,0x00,0x00,0x00,0x00,0x00,0x00,0x00,0x00,0x00,0x00,0x00,0x00,0x00,0x02,0x00,0x0f,0x09,0x05,0x7c,0x7a,0x7c,0x7f,0x82,0x7c,0x7a,0x7a,0x7a,0x7a,0x7a,0x7a,0x7a,0x7a,0x7a,0x7a,0x7a,0x7a,0x7a,0x7a,0x7a,0x7a,0x7a,0x7a,0x7a,0x7c,0x7d,0x82,0x7c,0x7e,0xd6,0xca,0xac,0xd4,0xe0,0x9b,0x61,0x69,0x00,0x02,0x00,0x00,0x00,0x00,0x00,0x00,0x00,0x00,0x00,0x00,0x00,0x00,0x00,0x00,0x00,0x00,0x00,0x00,0x00,0x00,0x00,0x00,0x00,0x00,0x00,0x00,0x00,0x00,0x00,0x00,0x00,0x00,0x00,0x00,0x00,0x00,0x00,0x00,0x00,0x00,0x00,0x00,0x00,0x00,0x00,0x00,0x00,
    0x00,0x00,0x00,0x00,0x00,0x00,0x00,0x00,0x00,0x00,0x00,0x00,0x00,0x00,0x00,0x00,0x00,0x00,0x00,0x00,0x00,0x00,0x00,0x00,0x00,0x00,0x00,0x00,0x00,0x00,0x00,0x00,0x00,0x00,0x00,0x00,0x00,0x00,0x00,0x00,0x00,0x00,0x00,0x00,0x00,0x00,0x00,0x00,0x00,0x00,0x00,0x00,0x02,0x00,0x49,0x56,0x05,0x7c,0x7a,0x7a,0x7a,0x7d,0x82,0x7c,0x7a,0x7a,0x7a,0x7a,0x7a,0x7a,0x7a,0x7a,0x7a,0x7a,0x7a,0x7a,0x7a,0x7a,0x7a,0x7a,0x7a,0x7c,0x82,0x7d,0x7c,0x7c,0x7d,0x86,0x96,0xa2,0x94,0x7e,0x86,0x1d,0x0b,0x01,0x02,0x00,0x00,0x00,0x00,0x00,0x00,0x00,0x00,0x00,0x00,0x00,0x00,0x00,0x00,0x00,0x00,0x00,0x00,0x00,0x00,0x00,0x00,0x00,0x00,0x00,0x00,0x00,0x00,0x00,0x00,0x00,0x00,0x00,0x00,0x00,0x00,0x00,0x00,0x00,0x00,0x00,0x00,0x00,0x00,0x00,0x00,0x00,
    0x00,0x00,0x00,0x00,0x00,0x00,0x00,0x00,0x00,0x00,0x00,0x00,0x00,0x00,0x00,0x00,0x00,0x00,0x00,0x00,0x00,0x00,0x00,0x00,0x00,0x00,0x00,0x00,0x00,0x00,0x00,0x00,0x00,0x00,0x00,0x00,0x00,0x00,0x00,0x00,0x00,0x00,0x00,0x00,0x00,0x00,0x00,0x00,0x00,0x00,0x00,0x00,0x01,0x00,0x07,0x05,0x05,0x7a,0x7a,0x7a,0x7a,0x7a,0x7f,0x7f,0x7a,0x7c,0x7a,0x7a,0x7a,0x7a,0x7a,0x7a,0x7a,0x7a,0x7a,0x7a,0x7a,0x7a,0x7c,0x7a,0x7c,0x7c,0x7d,0x86,0x7a,0x85,0x7d,0x86,0x86,0x85,0x86,0x94,0x05,0x7a,0x0b,0x00,0x02,0x00,0x00,0x00,0x00,0x00,0x00,0x00,0x00,0x00,0x00,0x00,0x00,0x00,0x00,0x00,0x00,0x00,0x00,0x00,0x00,0x00,0x00,0x00,0x00,0x00,0x00,0x00,0x00,0x00,0x00,0x00,0x00,0x00,0x00,0x00,0x00,0x00,0x00,0x00,0x00,0x00,0x00,0x00,0x00,0x00,0x00,0x00,
    0x00,0x00,0x00,0x00,0x00,0x00,0x00,0x00,0x00,0x00,0x00,0x00,0x00,0x00,0x00,0x00,0x00,0x00,0x00,0x00,0x00,0x00,0x00,0x00,0x00,0x00,0x00,0x00,0x00,0x00,0x00,0x00,0x00,0x00,0x00,0x00,0x00,0x00,0x00,0x00,0x00,0x00,0x00,0x00,0x00,0x00,0x00,0x00,0x00,0x00,0x00,0x00,0x02,0x01,0x25,0x82,0x05,0x7a,0x7a,0x7a,0x7a,0x7a,0x7c,0x82,0x7f,0x82,0x7a,0x7c,0x7c,0x7c,0x7a,0x7a,0x7a,0x7a,0x7a,0x7a,0x7c,0x7a,0x85,0x7d,0x82,0x7d,0x7d,0x7f,0x7f,0x7f,0x7a,0x7c,0x7c,0x7c,0x7c,0x7a,0x05,0x82,0x24,0x30,0x00,0x03,0x00,0x00,0x00,0x00,0x00,0x00,0x00,0x00,0x00,0x00,0x00,0x00,0x00,0x00,0x00,0x00,0x00,0x00,0x00,0x00,0x00,0x00,0x00,0x00,0x00,0x00,0x00,0x00,0x00,0x00,0x00,0x00,0x00,0x00,0x00,0x00,0x00,0x00,0x00,0x00,0x00,0x00,0x00,0x00,0x00,0x00,
    0x00,0x00,0x00,0x00,0x00,0x00,0x00,0x00,0x00,0x00,0x00,0x00,0x00,0x00,0x00,0x00,0x00,0x00,0x00,0x00,0x00,0x00,0x00,0x00,0x00,0x00,0x00,0x00,0x00,0x00,0x00,0x00,0x00,0x00,0x00,0x00,0x00,0x00,0x00,0x00,0x00,0x00,0x00,0x00,0x00,0x00,0x00,0x00,0x00,0x00,0x00,0x03,0x00,0x0a,0x1d,0x7c,0x7c,0x7a,0x7a,0x7a,0x7a,0x7a,0x7a,0x7c,0x86,0x85,0x7f,0x7f,0x85,0x82,0x86,0x7a,0x7a,0x7a,0x7a,0x86,0x7f,0x80,0x7e,0x7e,0x7d,0x82,0x7a,0x86,0x7a,0x7c,0x7a,0x7a,0x7a,0x7a,0x7a,0x7a,0x7a,0x7a,0x86,0x23,0x07,0x01,0x01,0x00,0x00,0x00,0x00,0x00,0x00,0x00,0x00,0x00,0x00,0x00,0x00,0x00,0x00,0x00,0x00,0x00,0x00,0x00,0x00,0x00,0x00,0x00,0x00,0x00,0x00,0x00,0x00,0x00,0x00,0x00,0x00,0x00,0x00,0x00,0x00,0x00,0x00,0x00,0x00,0x00,0x00,0x00,0x00,0x00,
    0x00,0x00,0x00,0x00,0x00,0x00,0x00,0x00,0x00,0x00,0x00,0x00,0x00,0x00,0x00,0x00,0x00,0x00,0x00,0x00,0x00,0x00,0x00,0x00,0x00,0x00,0x00,0x00,0x00,0x00,0x00,0x00,0x00,0x00,0x00,0x00,0x00,0x00,0x00,0x00,0x00,0x00,0x00,0x00,0x00,0x00,0x00,0x00,0x00,0x00,0x00,0x02,0x0a,0x0b,0x82,0x05,0x7a,0x7a,0x7a,0x7a,0x7a,0x7a,0x7a,0x7a,0x7a,0x7c,0x7a,0x82,0x7f,0x7f,0x7d,0x7d,0x7d,0x7d,0x7d,0x7d,0x80,0x7f,0x82,0x86,0x7a,0x7c,0x7a,0x7a,0x7a,0x7a,0x7a,0x7a,0x7a,0x7a,0x7a,0x7a,0x7a,0x7c,0x05,0x56,0x32,0x00,0x02,0x00,0x00,0x00,0x00,0x00,0x00,0x00,0x00,0x00,0x00,0x00,0x00,0x00,0x00,0x00,0x00,0x00,0x00,0x00,0x00,0x00,0x00,0x00,0x00,0x00,0x00,0x00,0x00,0x00,0x00,0x00,0x00,0x00,0x00,0x00,0x00,0x00,0x00,0x00,0x00,0x00,0x00,0x00,0x00,0x00,
    0x00,0x00,0x00,0x00,0x00,0x00,0x00,0x00,0x00,0x00,0x00,0x00,0x00,0x00,0x00,0x00,0x00,0x00,0x00,0x00,0x00,0x00,0x00,0x00,0x00,0x00,0x00,0x00,0x00,0x00,0x00,0x00,0x00,0x00,0x00,0x00,0x00,0x00,0x00,0x00,0x00,0x00,0x00,0x00,0x00,0x00,0x00,0x00,0x00,0x00,0x01,0x00,0x0f,0x05,0x7c,0x7c,0x7a,0x7a,0x7a,0x7a,0x7a,0x7a,0x7a,0x7a,0x7a,0x7a,0x7a,0x7c,0x7c,0x7c,0x7a,0x7a,0x7a,0x7a,0x7a,0x7a,0x7a,0x7c,0x7c,0x7a,0x7a,0x7a,0x7a,0x7a,0x7a,0x7a,0x7a,0x7a,0x7a,0x7a,0x7a,0x7a,0x7a,0x7c,0x7a,0x1d,0x07,0x00,0x01,0x00,0x00,0x00,0x00,0x00,0x00,0x00,0x00,0x00,0x00,0x00,0x00,0x00,0x00,0x00,0x00,0x00,0x00,0x00,0x00,0x00,0x00,0x00,0x00,0x00,0x00,0x00,0x00,0x00,0x00,0x00,0x00,0x00,0x00,0x00,0x00,0x00,0x00,0x00,0x00,0x00,0x00,0x00,0x00,0x00,
    0x00,0x00,0x00,0x00,0x00,0x00,0x00,0x00,0x00,0x00,0x00,0x00,0x00,0x00,0x00,0x00,0x00,0x00,0x00,0x00,0x00,0x00,0x00,0x00,0x00,0x00,0x00,0x00,0x00,0x00,0x00,0x00,0x00,0x00,0x00,0x00,0x00,0x00,0x00,0x00,0x00,0x00,0x00,0x00,0x00,0x00,0x00,0x00,0x00,0x00,0x01,0x00,0x07,0x82,0x7a,0x7a,0x7a,0x7a,0x7a,0x7a,0x7a,0x7a,0x7a,0x7a,0x7a,0x7a,0x7a,0x7a,0x7a,0x7a,0x7a,0x7a,0x7a,0x7a,0x7a,0x7a,0x7a,0x7a,0x7a,0x7a,0x7a,0x7a,0x7a,0x7a,0x7a,0x7a,0x7a,0x7a,0x7a,0x7a,0x7a,0x7a,0x7a,0x7a,0x05,0x7d,0x0b,0x00,0x02,0x00,0x00,0x00,0x00,0x00,0x00,0x00,0x00,0x00,0x00,0x00,0x00,0x00,0x00,0x00,0x00,0x00,0x00,0x00,0x00,0x00,0x00,0x00,0x00,0x00,0x00,0x00,0x00,0x00,0x00,0x00,0x00,0x00,0x00,0x00,0x00,0x00,0x00,0x00,0x00,0x00,0x00,0x00,0x00,0x00,
    0x00,0x00,0x00,0x00,0x00,0x00,0x00,0x00,0x00,0x00,0x00,0x00,0x00,0x00,0x00,0x00,0x00,0x00,0x00,0x00,0x00,0x00,0x00,0x00,0x00,0x00,0x00,0x00,0x00,0x00,0x00,0x00,0x00,0x00,0x00,0x00,0x00,0x00,0x00,0x00,0x00,0x00,0x00,0x00,0x00,0x00,0x00,0x00,0x00,0x00,0x02,0x00,0x49,0x96,0x05,0x7a,0x7a,0x7a,0x7a,0x7a,0x7a,0x7a,0x7a,0x7a,0x7a,0x7a,0x7a,0x7a,0x7a,0x7a,0x7a,0x7a,0x7a,0x7a,0x7a,0x7a,0x7a,0x7a,0x7a,0x7a,0x7a,0x7a,0x7a,0x7a,0x7a,0x7a,0x7a,0x7a,0x7a,0x7a,0x7a,0x7a,0x7a,0x7a,0x05,0x82,0x23,0x00,0x02,0x00,0x00,0x00,0x00,0x00,0x00,0x00,0x00,0x00,0x00,0x00,0x00,0x00,0x00,0x00,0x00,0x00,0x00,0x00,0x00,0x00,0x00,0x00,0x00,0x00,0x00,0x00,0x00,0x00,0x00,0x00,0x00,0x00,0x00,0x00,0x00,0x00,0x00,0x00,0x00,0x00,0x00,0x00,0x00,0x00,
    0x00,0x00,0x00,0x00,0x00,0x00,0x00,0x00,0x00,0x00,0x00,0x00,0x00,0x00,0x00,0x00,0x00,0x00,0x00,0x00,0x00,0x00,0x00,0x00,0x00,0x00,0x00,0x00,0x00,0x00,0x00,0x00,0x00,0x00,0x00,0x00,0x00,0x00,0x00,0x00,0x00,0x00,0x00,0x00,0x00,0x00,0x00,0x00,0x00,0x01,0x03,0x07,0x42,0x9b,0x05,0x7a,0x7a,0x7a,0x7a,0x7a,0x7a,0x7a,0x7a,0x7a,0x7a,0x7a,0x7a,0x7a,0x7a,0x7a,0x7a,0x7a,0x7a,0x7a,0x7a,0x7a,0x7a,0x7a,0x7a,0x7a,0x7a,0x7a,0x7a,0x7a,0x7a,0x7a,0x7a,0x7a,0x7a,0x7a,0x7a,0x7a,0x7a,0x7a,0x05,0x86,0x09,0x00,0x02,0x00,0x00,0x00,0x00,0x00,0x00,0x00,0x00,0x00,0x00,0x00,0x00,0x00,0x00,0x00,0x00,0x00,0x00,0x00,0x00,0x00,0x00,0x00,0x00,0x00,0x00,0x00,0x00,0x00,0x00,0x00,0x00,0x00,0x00,0x00,0x00,0x00,0x00,0x00,0x00,0x00,0x00,0x00,0x00,0x00,
    0x00,0x00,0x00,0x00,0x00,0x00,0x00,0x00,0x00,0x00,0x00,0x00,0x00,0x00,0x00,0x00,0x00,0x00,0x00,0x00,0x00,0x00,0x00,0x00,0x00,0x00,0x00,0x00,0x00,0x00,0x00,0x00,0x00,0x00,0x00,0x00,0x00,0x00,0x00,0x00,0x00,0x00,0x00,0x00,0x00,0x00,0x00,0x00,0x00,0x03,0x00,0x1c,0x09,0x05,0x05,0x7a,0x7a,0x7a,0x7a,0x7a,0x7a,0x7a,0x7a,0x7a,0x7a,0x7a,0x7a,0x7a,0x7a,0x7a,0x7a,0x7a,0x7a,0x7a,0x7a,0x7a,0x7a,0x7a,0x7a,0x7a,0x7a,0x7a,0x7a,0x7a,0x7a,0x7a,0x7a,0x7a,0x7a,0x7a,0x7a,0x7a,0x7a,0x7a,0x05,0x7c,0x23,0x00,0x02,0x00,0x00,0x00,0x00,0x00,0x00,0x00,0x00,0x00,0x00,0x00,0x00,0x00,0x00,0x00,0x00,0x00,0x00,0x00,0x00,0x00,0x00,0x00,0x00,0x00,0x00,0x00,0x00,0x00,0x00,0x00,0x00,0x00,0x00,0x00,0x00,0x00,0x00,0x00,0x00,0x00,0x00,0x00,0x00,0x00,
    0x00,0x00,0x00,0x00,0x00,0x00,0x00,0x00,0x00,0x00,0x00,0x00,0x00,0x00,0x00,0x00,0x00,0x00,0x00,0x00,0x00,0x00,0x00,0x00,0x00,0x00,0x00,0x00,0x00,0x00,0x00,0x00,0x00,0x00,0x00,0x00,0x00,0x00,0x00,0x00,0x00,0x00,0x00,0x00,0x00,0x00,0x00,0x00,0x00,0x00,0x03,0x01,0x32,0x1d,0x86,0x7a,0x7a,0x7a,0x7a,0x7a,0x7a,0x7a,0x7c,0x7c,0x7a,0x7a,0x7a,0x7a,0x7a,0x7a,0x7a,0x7a,0x7a,0x7a,0x7a,0x7a,0x7a,0x7a,0x7a,0x7a,0x7a,0x7a,0x7a,0x7a,0x7a,0x7a,0x7a,0x7a,0x7a,0x7a,0x7a,0x7a,0x7a,0x7a,0x05,0x86,0x09,0x00,0x02,0x00,0x00,0x00,0x00,0x00,0x00,0x00,0x00,0x00,0x00,0x00,0x00,0x00,0x00,0x00,0x00,0x00,0x00,0x00,0x00,0x00,0x00,0x00,0x00,0x00,0x00,0x00,0x00,0x00,0x00,0x00,0x00,0x00,0x00,0x00,0x00,0x00,0x00,0x00,0x00,0x00,0x00,0x00,0x00,0x00,
    0x00,0x00,0x00,0x00,0x00,0x00,0x00,0x00,0x00,0x00,0x00,0x00,0x00,0x00,0x00,0x00,0x00,0x00,0x00,0x00,0x00,0x00,0x00,0x00,0x00,0x00,0x00,0x00,0x00,0x00,0x00,0x00,0x00,0x00,0x00,0x00,0x00,0x00,0x00,0x00,0x00,0x00,0x00,0x00,0x00,0x00,0x00,0x00,0x00,0x00,0x00,0x02,0x00,0x0e,0x94,0x05,0x7a,0x7a,0x7c,0x7c,0x7a,0x86,0x82,0x82,0x86,0x86,0x7a,0x7a,0x7a,0x7a,0x7a,0x7a,0x7a,0x7a,0x7a,0x7a,0x7a,0x7a,0x7a,0x7a,0x7a,0x7a,0x7a,0x7c,0x7c,0x7c,0x7c,0x7c,0x7c,0x7c,0x7c,0x7a,0x7a,0x7a,0x05,0x82,0x09,0x00,0x02,0x00,0x00,0x00,0x00,0x00,0x00,0x00,0x00,0x00,0x00,0x00,0x00,0x00,0x00,0x00,0x00,0x00,0x00,0x00,0x00,0x00,0x00,0x00,0x00,0x00,0x00,0x00,0x00,0x00,0x00,0x00,0x00,0x00,0x00,0x00,0x00,0x00,0x00,0x00,0x00,0x00,0x00,0x00,0x00,0x00,
    0x00,0x00,0x00,0x00,0x00,0x00,0x00,0x00,0x00,0x00,0x00,0x00,0x00,0x00,0x00,0x00,0x00,0x00,0x00,0x00,0x00,0x00,0x00,0x00,0x00,0x00,0x00,0x00,0x00,0x00,0x00,0x00,0x00,0x00,0x00,0x00,0x00,0x00,0x00,0x00,0x00,0x00,0x00,0x00,0x00,0x00,0x00,0x00,0x00,0x00,0x00,0x01,0x02,0x0b,0x24,0x94,0x05,0x86,0x85,0x7f,0x7d,0x80,0x80,0x7e,0x7d,0x7d,0x7d,0x86,0x7c,0x7c,0x7a,0x7a,0x7a,0x7a,0x7a,0x7a,0x7a,0x7a,0x7a,0x7c,0x7c,0x7a,0x86,0x82,0x82,0x7f,0x7f,0x7f,0x82,0x82,0x86,0x7a,0x7a,0x7a,0x05,0x7f,0x32,0x00,0x02,0x00,0x00,0x00,0x00,0x00,0x00,0x00,0x00,0x00,0x00,0x00,0x00,0x00,0x00,0x00,0x00,0x00,0x00,0x00,0x00,0x00,0x00,0x00,0x00,0x00,0x00,0x00,0x00,0x00,0x00,0x00,0x00,0x00,0x00,0x00,0x00,0x00,0x00,0x00,0x00,0x00,0x00,0x00,0x00,0x00,
    0x00,0x00,0x00,0x00,0x00,0x00,0x00,0x00,0x00,0x00,0x00,0x00,0x00,0x00,0x00,0x00,0x00,0x00,0x00,0x00,0x00,0x00,0x00,0x00,0x00,0x00,0x00,0x00,0x00,0x00,0x00,0x00,0x00,0x00,0x00,0x00,0x00,0x00,0x00,0x00,0x00,0x00,0x00,0x00,0x00,0x00,0x00,0x00,0x00,0x00,0x00,0x00,0x02,0x00,0x49,0x86,0x82,0x80,0x7e,0x7e,0x7e,0x7e,0x80,0x7e,0x80,0x7d,0x7e,0x80,0x82,0x86,0x7a,0x7a,0x7c,0x7c,0x7c,0x7c,0x7c,0x7c,0x86,0x86,0x7f,0x80,0x80,0x7e,0x7e,0x7e,0x80,0x80,0x80,0x7e,0x80,0x86,0x7a,0x05,0x82,0x09,0x01,0x01,0x00,0x00,0x00,0x00,0x00,0x00,0x00,0x00,0x00,0x00,0x00,0x00,0x00,0x00,0x00,0x00,0x00,0x00,0x00,0x00,0x00,0x00,0x00,0x00,0x00,0x00,0x00,0x00,0x00,0x00,0x00,0x00,0x00,0x00,0x00,0x00,0x00,0x00,0x00,0x00,0x00,0x00,0x00,0x00,0x00,0x00,
    0x00,0x00,0x00,0x00,0x00,0x00,0x00,0x00,0x00,0x00,0x00,0x00,0x00,0x00,0x00,0x00,0x00,0x00,0x00,0x00,0x00,0x00,0x00,0x00,0x00,0x00,0x00,0x00,0x00,0x00,0x00,0x00,0x00,0x00,0x00,0x00,0x00,0x00,0x00,0x00,0x00,0x00,0x00,0x00,0x00,0x00,0x00,0x00,0x00,0x00,0x00,0x00,0x03,0x02,0x30,0x42,0x7d,0x08,0x7d,0x7f,0x82,0x86,0x82,0x82,0x82,0x86,0x86,0x82,0x82,0x7f,0x7f,0x7d,0x7d,0x7d,0x85,0x85,0x85,0x7f,0x80,0x7e,0x7e,0x80,0x80,0x7d,0x7f,0x7f,0x82,0x82,0x82,0x82,0x7f,0x7d,0x82,0x86,0x1d,0x07,0x03,0x01,0x00,0x00,0x00,0x00,0x00,0x00,0x00,0x00,0x00,0x00,0x00,0x00,0x00,0x00,0x00,0x00,0x00,0x00,0x00,0x00,0x00,0x00,0x00,0x00,0x00,0x00,0x00,0x00,0x00,0x00,0x00,0x00,0x00,0x00,0x00,0x00,0x00,0x00,0x00,0x00,0x00,0x00,0x00,0x00,0x00,0x00,
    0x00,0x00,0x00,0x00,0x00,0x00,0x00,0x00,0x00,0x00,0x00,0x00,0x00,0x00,0x00,0x00,0x00,0x00,0x00,0x00,0x00,0x00,0x00,0x00,0x00,0x00,0x00,0x00,0x00,0x00,0x00,0x00,0x00,0x00,0x00,0x00,0x00,0x00,0x00,0x00,0x00,0x00,0x00,0x00,0x00,0x00,0x00,0x00,0x00,0x00,0x00,0x00,0x00,0x00,0x03,0x25,0x96,0x7a,0x7a,0x7c,0x7c,0x7c,0x7c,0x7c,0x7c,0x7a,0x7a,0x7c,0x7c,0x7c,0x7a,0x86,0x82,0x85,0x85,0x85,0x85,0x85,0x82,0x82,0x82,0x86,0x7a,0x7a,0x7c,0x7c,0x7c,0x7c,0x7c,0x7c,0x7a,0x82,0x08,0x7d,0x32,0x00,0x02,0x00,0x00,0x00,0x00,0x00,0x00,0x00,0x00,0x00,0x00,0x00,0x00,0x00,0x00,0x00,0x00,0x00,0x00,0x00,0x00,0x00,0x00,0x00,0x00,0x00,0x00,0x00,0x00,0x00,0x00,0x00,0x00,0x00,0x00,0x00,0x00,0x00,0x00,0x00,0x00,0x00,0x00,0x00,0x00,0x00,0x00,0x00,
    0x00,0x00,0x00,0x00,0x00,0x00,0x00,0x00,0x00,0x00,0x00,0x00,0x00,0x00,0x00,0x00,0x00,0x00,0x00,0x00,0x00,0x00,0x00,0x00,0x00,0x00,0x00,0x00,0x00,0x00,0x00,0x00,0x00,0x00,0x00,0x00,0x00,0x00,0x00,0x00,0x00,0x00,0x00,0x00,0x00,0x00,0x00,0x00,0x00,0x00,0x00,0x00,0x00,0x00,0x0a,0x0e,0x1d,0x7a,0x7a,0x7a,0x7a,0x7a,0x7a,0x7a,0x7a,0x7a,0x7a,0x7a,0x7a,0x7a,0x7a,0x7a,0x7c,0x7c,0x7c,0x7c,0x7c,0x7c,0x7c,0x7c,0x7c,0x7a,0x7a,0x7a,0x7a,0x7a,0x7a,0x7a,0x7a,0x7a,0x7a,0x86,0x7d,0x80,0x07,0x03,0x01,0x00,0x00,0x00,0x00,0x00,0x00,0x00,0x00,0x00,0x00,0x00,0x00,0x00,0x00,0x00,0x00,0x00,0x00,0x00,0x00,0x00,0x00,0x00,0x00,0x00,0x00,0x00,0x00,0x00,0x00,0x00,0x00,0x00,0x00,0x00,0x00,0x00,0x00,0x00,0x00,0x00,0x00,0x00,0x00,0x00,0x00,0x00,
    0x00,0x00,0x00,0x00,0x00,0x00,0x00,0x00,0x00,0x00,0x00,0x00,0x00,0x00,0x00,0x00,0x00,0x00,0x00,0x00,0x00,0x00,0x00,0x00,0x00,0x00,0x00,0x00,0x00,0x00,0x00,0x00,0x00,0x00,0x00,0x00,0x00,0x00,0x00,0x00,0x00,0x00,0x00,0x00,0x00,0x00,0x00,0x00,0x00,0x00,0x00,0x00,0x00,0x01,0x01,0x0f,0x7a,0x05,0x05,0x05,0x7a,0x7c,0x94,0x7c,0x7c,0x7c,0x7c,0x7a,0x7a,0x7a,0x7a,0x7a,0x7a,0x7a,0x7a,0x7a,0x7a,0x7a,0x7a,0x7a,0x7a,0x7a,0x7a,0x7a,0x7a,0x7c,0x7c,0x7c,0x7a,0x05,0x05,0x05,0x7a,0x2a,0x30,0x03,0x03,0x00,0x00,0x00,0x00,0x00,0x00,0x00,0x00,0x00,0x00,0x00,0x00,0x00,0x00,0x00,0x00,0x00,0x00,0x00,0x00,0x00,0x00,0x00,0x00,0x00,0x00,0x00,0x00,0x00,0x00,0x00,0x00,0x00,0x00,0x00,0x00,0x00,0x00,0x00,0x00,0x00,0x00,0x00,0x00,0x00,0x00,0x00,
    0x00,0x00,0x00,0x00,0x00,0x00,0x00,0x00,0x00,0x00,0x00,0x00,0x00,0x00,0x00,0x00,0x00,0x00,0x00,0x00,0x00,0x00,0x00,0x00,0x00,0x00,0x00,0x00,0x00,0x00,0x00,0x00,0x00,0x00,0x00,0x00,0x00,0x00,0x00,0x00,0x00,0x00,0x00,0x00,0x00,0x00,0x00,0x00,0x00,0x00,0x00,0x00,0x00,0x01,0x03,0x1c,0x05,0x86,0x86,0x7c,0x94,0x85,0x7e,0x7d,0x85,0x85,0x82,0x86,0x7c,0x94,0x94,0x94,0x94,0x7c,0x7c,0x7c,0x94,0x94,0x94,0x94,0x94,0x94,0x94,0x7a,0x86,0x86,0x82,0x85,0x7a,0x7c,0x7a,0x86,0x86,0x09,0x00,0x02,0x00,0x00,0x00,0x00,0x00,0x00,0x00,0x00,0x00,0x00,0x00,0x00,0x00,0x00,0x00,0x00,0x00,0x00,0x00,0x00,0x00,0x00,0x00,0x00,0x00,0x00,0x00,0x00,0x00,0x00,0x00,0x00,0x00,0x00,0x00,0x00,0x00,0x00,0x00,0x00,0x00,0x00,0x00,0x00,0x00,0x00,0x00,0x00,
    0x00,0x00,0x00,0x00,0x00,0x00,0x00,0x00,0x00,0x00,0x00,0x00,0x00,0x00,0x00,0x00,0x00,0x00,0x00,0x00,0x00,0x00,0x00,0x00,0x00,0x00,0x00,0x00,0x00,0x00,0x00,0x00,0x00,0x00,0x00,0x00,0x00,0x00,0x00,0x00,0x00,0x00,0x00,0x00,0x00,0x00,0x00,0x00,0x00,0x00,0x00,0x00,0x00,0x00,0x01,0x00,0x0f,0x0e,0x25,0x24,0x1d,0x1b,0xe0,0x61,0xce,0x1b,0x94,0x7a,0x85,0x7f,0x7d,0x85,0x86,0x85,0x7a,0x7a,0x7d,0x80,0x7e,0x7e,0x7e,0x88,0x7f,0x94,0x94,0xa2,0x1b,0x1b,0x86,0x24,0x2a,0x24,0x42,0x07,0x03,0x03,0x00,0x00,0x00,0x00,0x00,0x00,0x00,0x00,0x00,0x00,0x00,0x00,0x00,0x00,0x00,0x00,0x00,0x00,0x00,0x00,0x00,0x00,0x00,0x00,0x00,0x00,0x00,0x00,0x00,0x00,0x00,0x00,0x00,0x00,0x00,0x00,0x00,0x00,0x00,0x00,0x00,0x00,0x00,0x00,0x00,0x00,0x00,0x00,
    0x00,0x00,0x00,0x00,0x00,0x00,0x00,0x00,0x00,0x00,0x00,0x00,0x00,0x00,0x00,0x00,0x00,0x00,0x00,0x00,0x00,0x00,0x00,0x00,0x00,0x00,0x00,0x00,0x00,0x00,0x00,0x00,0x00,0x00,0x00,0x00,0x00,0x00,0x00,0x00,0x00,0x00,0x00,0x00,0x00,0x00,0x00,0x00,0x00,0x00,0x00,0x00,0x00,0x00,0x00,0x00,0x00,0x00,0x00,0x07,0x23,0xd8,0xd7,0xdf,0xe6,0xeb,0xeb,0xc7,0x70,0xdd,0xdb,0xf1,0xf3,0xce,0x56,0x56,0x1b,0xce,0xd6,0xf3,0xe3,0xdb,0xda,0xc7,0xc7,0xeb,0xe6,0xe6,0x6f,0x25,0x0b,0x0f,0x07,0x00,0x00,0x00,0x00,0x00,0x00,0x00,0x00,0x00,0x00,0x00,0x00,0x00,0x00,0x00,0x00,0x00,0x00,0x00,0x00,0x00,0x00,0x00,0x00,0x00,0x00,0x00,0x00,0x00,0x00,0x00,0x00,0x00,0x00,0x00,0x00,0x00,0x00,0x00,0x00,0x00,0x00,0x00,0x00,0x00,0x00,0x00,0x00,0x00,0x00,0x00,
    0x00,0x00,0x00,0x00,0x00,0x00,0x00,0x00,0x00,0x00,0x00,0x00,0x00,0x00,0x00,0x00,0x00,0x00,0x00,0x00,0x00,0x00,0x00,0x00,0x00,0x00,0x00,0x00,0x00,0x00,0x00,0x00,0x00,0x00,0x00,0x00,0x00,0x00,0x00,0x00,0x00,0x00,0x00,0x00,0x00,0x00,0x00,0x00,0x00,0x00,0x00,0x00,0x00,0x00,0x00,0x00,0x01,0x02,0x14,0x00,0x39,0x2f,0xeb,0xe6,0xdf,0xef,0x9e,0x9e,0x9f,0x9f,0xad,0xd7,0xdf,0xc9,0x18,0x6a,0xeb,0xdf,0xdf,0xef,0x9e,0xa6,0x92,0x9f,0xad,0xdf,0xe6,0xc7,0x34,0x71,0x00,0x00,0x00,0x03,0x00,0x00,0x00,0x00,0x00,0x00,0x00,0x00,0x00,0x00,0x00,0x00,0x00,0x00,0x00,0x00,0x00,0x00,0x00,0x00,0x00,0x00,0x00,0x00,0x00,0x00,0x00,0x00,0x00,0x00,0x00,0x00,0x00,0x00,0x00,0x00,0x00,0x00,0x00,0x00,0x00,0x00,0x00,0x00,0x00,0x00,0x00,0x00,0x00,0x00,
    0x00,0x00,0x00,0x00,0x00,0x00,0x00,0x00,0x00,0x00,0x00,0x00,0x00,0x00,0x00,0x00,0x00,0x00,0x00,0x00,0x00,0x00,0x00,0x00,0x00,0x00,0x00,0x00,0x00,0x00,0x00,0x00,0x00,0x00,0x00,0x00,0x00,0x00,0x00,0x00,0x00,0x00,0x00,0x00,0x00,0x00,0x00,0x00,0x00,0x00,0x00,0x00,0x00,0x00,0x00,0x00,0x00,0x00,0x01,0x03,0x39,0x2f,0xd7,0x9e,0x8a,0x8b,0x8b,0x89,0x89,0x89,0x89,0x9f,0xef,0x6c,0x18,0x6a,0x70,0xdf,0xac,0x9a,0x89,0x89,0x89,0x89,0x8b,0x8f,0x9f,0xd1,0x18,0x62,0x01,0x02,0x02,0x00,0x00,0x00,0x00,0x00,0x00,0x00,0x00,0x00,0x00,0x00,0x00,0x00,0x00,0x00,0x00,0x00,0x00,0x00,0x00,0x00,0x00,0x00,0x00,0x00,0x00,0x00,0x00,0x00,0x00,0x00,0x00,0x00,0x00,0x00,0x00,0x00,0x00,0x00,0x00,0x00,0x00,0x00,0x00,0x00,0x00,0x00,0x00,0x00,0x00,0x00,
    0x00,0x00,0x00,0x00,0x00,0x00,0x00,0x00,0x00,0x00,0x00,0x00,0x00,0x00,0x00,0x00,0x00,0x00,0x00,0x00,0x00,0x00,0x00,0x00,0x00,0x00,0x00,0x00,0x00,0x00,0x00,0x00,0x00,0x00,0x00,0x00,0x00,0x00,0x00,0x00,0x00,0x00,0x00,0x00,0x00,0x00,0x00,0x00,0x00,0x00,0x00,0x00,0x00,0x00,0x00,0x00,0x00,0x00,0x06,0x00,0x71,0x34,0xa9,0x9c,0x8a,0x8a,0x8a,0x8a,0x8a,0x8f,0x9a,0x8f,0x8b,0x1e,0x18,0x18,0xda,0x9a,0x89,0x89,0x8a,0x8a,0x8a,0x8a,0x8a,0x8a,0xa0,0x15,0x52,0x1c,0x00,0x03,0x00,0x00,0x00,0x00,0x00,0x00,0x00,0x00,0x00,0x00,0x00,0x00,0x00,0x00,0x00,0x00,0x00,0x00,0x00,0x00,0x00,0x00,0x00,0x00,0x00,0x00,0x00,0x00,0x00,0x00,0x00,0x00,0x00,0x00,0x00,0x00,0x00,0x00,0x00,0x00,0x00,0x00,0x00,0x00,0x00,0x00,0x00,0x00,0x00,0x00,0x00,0x00,
    0x00,0x00,0x00,0x00,0x00,0x00,0x00,0x00,0x00,0x00,0x00,0x00,0x00,0x00,0x00,0x00,0x00,0x00,0x00,0x00,0x00,0x00,0x00,0x00,0x00,0x00,0x00,0x00,0x00,0x00,0x00,0x00,0x00,0x00,0x00,0x00,0x00,0x00,0x00,0x00,0x00,0x00,0x00,0x00,0x00,0x00,0x00,0x00,0x00,0x00,0x00,0x00,0x00,0x00,0x00,0x00,0x00,0x00,0x01,0x00,0x2c,0x6a,0xb2,0x97,0x8f,0x8a,0x8a,0x89,0x8f,0x8d,0x8d,0x8d,0x8d,0x27,0x46,0x71,0x5f,0xa5,0x9a,0x8a,0x8a,0x8a,0x8a,0x89,0x8a,0x8f,0x97,0x12,0x45,0x17,0x00,0x00,0x00,0x00,0x00,0x00,0x00,0x00,0x00,0x00,0x00,0x00,0x00,0x00,0x00,0x00,0x00,0x00,0x00,0x00,0x00,0x00,0x00,0x00,0x00,0x00,0x00,0x00,0x00,0x00,0x00,0x00,0x00,0x00,0x00,0x00,0x00,0x00,0x00,0x00,0x00,0x00,0x00,0x00,0x00,0x00,0x00,0x00,0x00,0x00,0x00,0x00,0x00,0x00,
    0x00,0x00,0x00,0x00,0x00,0x00,0x00,0x00,0x00,0x00,0x00,0x00,0x00,0x00,0x00,0x00,0x00,0x00,0x00,0x00,0x00,0x00,0x00,0x00,0x00,0x00,0x00,0x00,0x00,0x00,0x00,0x00,0x00,0x00,0x00,0x00,0x00,0x00,0x00,0x00,0x00,0x00,0x00,0x00,0x00,0x00,0x00,0x00,0x00,0x00,0x00,0x00,0x00,0x00,0x00,0x00,0x00,0x00,0x01,0x00,0x53,0x41,0xbc,0x8f,0x8a,0x8a,0x8a,0x8a,0x8a,0x9a,0x8f,0x8f,0xa0,0x16,0x69,0x43,0x2b,0xa0,0x8f,0x8a,0x8a,0x8a,0x89,0x8f,0x8f,0x8a,0x97,0x48,0x19,0x00,0x22,0x00,0x00,0x00,0x00,0x00,0x00,0x00,0x00,0x00,0x00,0x00,0x00,0x00,0x00,0x00,0x00,0x00,0x00,0x00,0x00,0x00,0x00,0x00,0x00,0x00,0x00,0x00,0x00,0x00,0x00,0x00,0x00,0x00,0x00,0x00,0x00,0x00,0x00,0x00,0x00,0x00,0x00,0x00,0x00,0x00,0x00,0x00,0x00,0x00,0x00,0x00,0x00,0x00,
    0x00,0x00,0x00,0x00,0x00,0x00,0x00,0x00,0x00,0x00,0x00,0x00,0x00,0x00,0x00,0x00,0x00,0x00,0x00,0x00,0x00,0x00,0x00,0x00,0x00,0x00,0x00,0x00,0x00,0x00,0x00,0x00,0x00,0x00,0x00,0x00,0x00,0x00,0x00,0x00,0x00,0x00,0x00,0x00,0x00,0x00,0x00,0x00,0x00,0x00,0x00,0x00,0x00,0x00,0x00,0x00,0x00,0x00,0x00,0x00,0x0d,0x1a,0x2b,0xa0,0x8a,0x8a,0x8a,0x8a,0x8f,0x8a,0x89,0x8f,0x97,0x50,0x31,0x0a,0x10,0x8b,0x8f,0x8a,0x8a,0x8a,0x8a,0x8f,0x8f,0x8a,0x97,0x48,0x31,0x00,0x06,0x00,0x00,0x00,0x00,0x00,0x00,0x00,0x00,0x00,0x00,0x00,0x00,0x00,0x00,0x00,0x00,0x00,0x00,0x00,0x00,0x00,0x00,0x00,0x00,0x00,0x00,0x00,0x00,0x00,0x00,0x00,0x00,0x00,0x00,0x00,0x00,0x00,0x00,0x00,0x00,0x00,0x00,0x00,0x00,0x00,0x00,0x00,0x00,0x00,0x00,0x00,0x00,0x00,
    0x00,0x00,0x00,0x00,0x00,0x00,0x00,0x00,0x00,0x00,0x00,0x00,0x00,0x00,0x00,0x00,0x00,0x00,0x00,0x00,0x00,0x00,0x00,0x00,0x00,0x00,0x00,0x00,0x00,0x00,0x00,0x00,0x00,0x00,0x00,0x00,0x00,0x00,0x00,0x00,0x00,0x00,0x00,0x00,0x00,0x00,0x00,0x00,0x00,0x00,0x00,0x00,0x00,0x00,0x00,0x00,0x00,0x00,0x00,0x04,0x0d,0x1a,0x1e,0x8f,0x8a,0x8f,0x92,0x92,0x8d,0x92,0x8a,0x9a,0xa0,0x3b,0x31,0x00,0x34,0x97,0x81,0x92,0x9a,0x89,0x8a,0x89,0x8a,0x8b,0xa4,0x65,0x36,0x00,0x17,0x00,0x00,0x00,0x00,0x00,0x00,0x00,0x00,0x00,0x00,0x00,0x00,0x00,0x00,0x00,0x00,0x00,0x00,0x00,0x00,0x00,0x00,0x00,0x00,0x00,0x00,0x00,0x00,0x00,0x00,0x00,0x00,0x00,0x00,0x00,0x00,0x00,0x00,0x00,0x00,0x00,0x00,0x00,0x00,0x00,0x00,0x00,0x00,0x00,0x00,0x00,0x00,0x00,
    0x00,0x00,0x00,0x00,0x00,0x00,0x00,0x00,0x00,0x00,0x00,0x00,0x00,0x00,0x00,0x00,0x00,0x00,0x00,0x00,0x00,0x00,0x00,0x00,0x00,0x00,0x00,0x00,0x00,0x00,0x00,0x00,0x00,0x00,0x00,0x00,0x00,0x00,0x00,0x00,0x00,0x00,0x00,0x00,0x00,0x00,0x00,0x00,0x00,0x00,0x00,0x00,0x00,0x00,0x00,0x00,0x00,0x00,0x00,0x06,0x00,0x43,0x28,0x8d,0x8b,0x8a,0x9a,0x8f,0x92,0x92,0x89,0x9a,0x97,0x3b,0x31,0x00,0x16,0xa0,0x8a,0x8a,0x8a,0x8a,0x8f,0x8a,0x8a,0x97,0xca,0x52,0x29,0x00,0x01,0x00,0x00,0x00,0x00,0x00,0x00,0x00,0x00,0x00,0x00,0x00,0x00,0x00,0x00,0x00,0x00,0x00,0x00,0x00,0x00,0x00,0x00,0x00,0x00,0x00,0x00,0x00,0x00,0x00,0x00,0x00,0x00,0x00,0x00,0x00,0x00,0x00,0x00,0x00,0x00,0x00,0x00,0x00,0x00,0x00,0x00,0x00,0x00,0x00,0x00,0x00,0x00,0x00,
    0x00,0x00,0x00,0x00,0x00,0x00,0x00,0x00,0x00,0x00,0x00,0x00,0x00,0x00,0x00,0x00,0x00,0x00,0x00,0x00,0x00,0x00,0x00,0x00,0x00,0x00,0x00,0x00,0x00,0x00,0x00,0x00,0x00,0x00,0x00,0x00,0x00,0x00,0x00,0x00,0x00,0x00,0x00,0x00,0x00,0x00,0x00,0x00,0x00,0x00,0x00,0x00,0x00,0x00,0x00,0x00,0x00,0x00,0x00,0x06,0x00,0x43,0x20,0x8b,0x8a,0x8a,0x8a,0x8a,0x8a,0x8a,0x8a,0x81,0x8f,0x3b,0x36,0x00,0x20,0xa4,0x97,0x8a,0x8f,0x9a,0x8f,0x8a,0x8f,0x8b,0x38,0x3f,0x04,0x04,0x00,0x00,0x00,0x00,0x00,0x00,0x00,0x00,0x00,0x00,0x00,0x00,0x00,0x00,0x00,0x00,0x00,0x00,0x00,0x00,0x00,0x00,0x00,0x00,0x00,0x00,0x00,0x00,0x00,0x00,0x00,0x00,0x00,0x00,0x00,0x00,0x00,0x00,0x00,0x00,0x00,0x00,0x00,0x00,0x00,0x00,0x00,0x00,0x00,0x00,0x00,0x00,0x00,0x00,
    0x00,0x00,0x00,0x00,0x00,0x00,0x00,0x00,0x00,0x00,0x00,0x00,0x00,0x00,0x00,0x00,0x00,0x00,0x00,0x00,0x00,0x00,0x00,0x00,0x00,0x00,0x00,0x00,0x00,0x00,0x00,0x00,0x00,0x00,0x00,0x00,0x00,0x00,0x00,0x00,0x00,0x00,0x00,0x00,0x00,0x00,0x00,0x00,0x00,0x00,0x00,0x00,0x00,0x00,0x00,0x00,0x00,0x00,0x00,0x06,0x00,0x35,0x20,0xa4,0x8b,0x8a,0x8a,0x8a,0x8a,0x8a,0x8a,0x89,0xa9,0x3f,0x22,0x00,0x1a,0x11,0x8b,0x8f,0x8a,0x8a,0x8a,0x8a,0x8f,0xa0,0x1f,0x19,0x04,0x00,0x00,0x00,0x00,0x00,0x00,0x00,0x00,0x00,0x00,0x00,0x00,0x00,0x00,0x00,0x00,0x00,0x00,0x00,0x00,0x00,0x00,0x00,0x00,0x00,0x00,0x00,0x00,0x00,0x00,0x00,0x00,0x00,0x00,0x00,0x00,0x00,0x00,0x00,0x00,0x00,0x00,0x00,0x00,0x00,0x00,0x00,0x00,0x00,0x00,0x00,0x00,0x00,0x00,0x00,
    0x00,0x00,0x00,0x00,0x00,0x00,0x00,0x00,0x00,0x00,0x00,0x00,0x00,0x00,0x00,0x00,0x00,0x00,0x00,0x00,0x00,0x00,0x00,0x00,0x00,0x00,0x00,0x00,0x00,0x00,0x00,0x00,0x00,0x00,0x00,0x00,0x00,0x00,0x00,0x00,0x00,0x00,0x00,0x00,0x00,0x00,0x00,0x00,0x00,0x00,0x00,0x00,0x00,0x00,0x00,0x00,0x00,0x00,0x00,0x06,0x00,0x35,0x20,0x11,0x8b,0x8a,0x8a,0x8a,0x8a,0x8a,0x81,0x92,0x20,0x37,0x04,0x00,0x4d,0x92,0x92,0x8d,0x92,0x8f,0x89,0x8a,0x8f,0xa0,0x1f,0x19,0x04,0x00,0x00,0x00,0x00,0x00,0x00,0x00,0x00,0x00,0x00,0x00,0x00,0x00,0x00,0x00,0x00,0x00,0x00,0x00,0x00,0x00,0x00,0x00,0x00,0x00,0x00,0x00,0x00,0x00,0x00,0x00,0x00,0x00,0x00,0x00,0x00,0x00,0x00,0x00,0x00,0x00,0x00,0x00,0x00,0x00,0x00,0x00,0x00,0x00,0x00,0x00,0x00,0x00,0x00,0x00,
    0x00,0x00,0x00,0x00,0x00,0x00,0x00,0x00,0x00,0x00,0x00,0x00,0x00,0x00,0x00,0x00,0x00,0x00,0x00,0x00,0x00,0x00,0x00,0x00,0x00,0x00,0x00,0x00,0x00,0x00,0x00,0x00,0x00,0x00,0x00,0x00,0x00,0x00,0x00,0x00,0x00,0x00,0x00,0x00,0x00,0x00,0x00,0x00,0x00,0x00,0x00,0x00,0x00,0x00,0x00,0x00,0x00,0x00,0x00,0x22,0x00,0x3d,0x21,0xa0,0x8f,0x8a,0x8a,0x8a,0x8a,0x8a,0x8f,0x89,0x16,0x43,0x00,0x00,0x5b,0xca,0x9a,0x8d,0x8d,0x8f,0x89,0x8a,0x8f,0xa0,0x38,0x4d,0x04,0x00,0x00,0x00,0x00,0x00,0x00,0x00,0x00,0x00,0x00,0x00,0x00,0x00,0x00,0x00,0x00,0x00,0x00,0x00,0x00,0x00,0x00,0x00,0x00,0x00,0x00,0x00,0x00,0x00,0x00,0x00,0x00,0x00,0x00,0x00,0x00,0x00,0x00,0x00,0x00,0x00,0x00,0x00,0x00,0x00,0x00,0x00,0x00,0x00,0x00,0x00,0x00,0x00,0x00,0x00,
    0x00,0x00,0x00,0x00,0x00,0x00,0x00,0x00,0x00,0x00,0x00,0x00,0x00,0x00,0x00,0x00,0x00,0x00,0x00,0x00,0x00,0x00,0x00,0x00,0x00,0x00,0x00,0x00,0x00,0x00,0x00,0x00,0x00,0x00,0x00,0x00,0x00,0x00,0x00,0x00,0x00,0x00,0x00,0x00,0x00,0x00,0x00,0x00,0x00,0x00,0x00,0x00,0x00,0x00,0x00,0x00,0x00,0x00,0x00,0x22,0x00,0x4d,0x50,0x97,0x8a,0x8f,0x8a,0x8a,0x8a,0x8a,0x97,0xbc,0x20,0x35,0x00,0x14,0x3f,0x9a,0x8a,0x8f,0x8a,0x89,0x8a,0x8a,0x8f,0x8b,0x50,0x4a,0x04,0x04,0x00,0x00,0x00,0x00,0x00,0x00,0x00,0x00,0x00,0x00,0x00,0x00,0x00,0x00,0x00,0x00,0x00,0x00,0x00,0x00,0x00,0x00,0x00,0x00,0x00,0x00,0x00,0x00,0x00,0x00,0x00,0x00,0x00,0x00,0x00,0x00,0x00,0x00,0x00,0x00,0x00,0x00,0x00,0x00,0x00,0x00,0x00,0x00,0x00,0x00,0x00,0x00,0x00,0x00,
    0x00,0x00,0x00,0x00,0x00,0x00,0x00,0x00,0x00,0x00,0x00,0x00,0x00,0x00,0x00,0x00,0x00,0x00,0x00,0x00,0x00,0x00,0x00,0x00,0x00,0x00,0x00,0x00,0x00,0x00,0x00,0x00,0x00,0x00,0x00,0x00,0x00,0x00,0x00,0x00,0x00,0x00,0x00,0x00,0x00,0x00,0x00,0x00,0x00,0x00,0x00,0x00,0x00,0x00,0x00,0x00,0x00,0x00,0x00,0x17,0x22,0x4a,0x50,0x9a,0x8d,0x8d,0x92,0x8a,0x8a,0x8a,0x89,0x9a,0x64,0x29,0x00,0x14,0x19,0xa4,0x89,0x89,0x8a,0x8a,0x8a,0x89,0x8a,0x89,0x11,0x44,0x29,0x00,0x01,0x00,0x00,0x00,0x00,0x00,0x00,0x00,0x00,0x00,0x00,0x00,0x00,0x00,0x00,0x00,0x00,0x00,0x00,0x00,0x00,0x00,0x00,0x00,0x00,0x00,0x00,0x00,0x00,0x00,0x00,0x00,0x00,0x00,0x00,0x00,0x00,0x00,0x00,0x00,0x00,0x00,0x00,0x00,0x00,0x00,0x00,0x00,0x00,0x00,0x00,0x00,0x00,0x00,
    0x00,0x00,0x00,0x00,0x00,0x00,0x00,0x00,0x00,0x00,0x00,0x00,0x00,0x00,0x00,0x00,0x00,0x00,0x00,0x00,0x00,0x00,0x00,0x00,0x00,0x00,0x00,0x00,0x00,0x00,0x00,0x00,0x00,0x00,0x00,0x00,0x00,0x00,0x00,0x00,0x00,0x00,0x00,0x00,0x00,0x00,0x00,0x00,0x00,0x00,0x00,0x00,0x00,0x00,0x00,0x00,0x00,0x00,0x00,0x00,0x0d,0x4a,0x8f,0x8f,0x92,0x8d,0x9a,0x8a,0x8a,0x8a,0x8f,0x92,0x65,0x29,0x00,0x14,0x19,0x73,0x8b,0x8f,0x8a,0x8a,0x8a,0x9a,0x92,0x8f,0xa4,0x3f,0x36,0x00,0x01,0x00,0x00,0x00,0x00,0x00,0x00,0x00,0x00,0x00,0x00,0x00,0x00,0x00,0x00,0x00,0x00,0x00,0x00,0x00,0x00,0x00,0x00,0x00,0x00,0x00,0x00,0x00,0x00,0x00,0x00,0x00,0x00,0x00,0x00,0x00,0x00,0x00,0x00,0x00,0x00,0x00,0x00,0x00,0x00,0x00,0x00,0x00,0x00,0x00,0x00,0x00,0x00,0x00,
    0x00,0x00,0x00,0x00,0x00,0x00,0x00,0x00,0x00,0x00,0x00,0x00,0x00,0x00,0x00,0x00,0x00,0x00,0x00,0x00,0x00,0x00,0x00,0x00,0x00,0x00,0x00,0x00,0x00,0x00,0x00,0x00,0x00,0x00,0x00,0x00,0x00,0x00,0x00,0x00,0x00,0x00,0x00,0x00,0x00,0x00,0x00,0x00,0x00,0x00,0x00,0x00,0x00,0x00,0x00,0x00,0x00,0x00,0x00,0x00,0x14,0x1a,0x89,0x8b,0x89,0x8a,0x8a,0x8a,0x8a,0x8a,0x9a,0x15,0x64,0x22,0x22,0x00,0x35,0x66,0x9c,0x8f,0x8a,0x8a,0x92,0x8d,0x8d,0x92,0x8d,0x57,0x36,0x00,0x17,0x00,0x00,0x00,0x00,0x00,0x00,0x00,0x00,0x00,0x00,0x00,0x00,0x00,0x00,0x00,0x00,0x00,0x00,0x00,0x00,0x00,0x00,0x00,0x00,0x00,0x00,0x00,0x00,0x00,0x00,0x00,0x00,0x00,0x00,0x00,0x00,0x00,0x00,0x00,0x00,0x00,0x00,0x00,0x00,0x00,0x00,0x00,0x00,0x00,0x00,0x00,0x00,0x00,
    0x00,0x00,0x00,0x00,0x00,0x00,0x00,0x00,0x00,0x00,0x00,0x00,0x00,0x00,0x00,0x00,0x00,0x00,0x00,0x00,0x00,0x00,0x00,0x00,0x00,0x00,0x00,0x00,0x00,0x00,0x00,0x00,0x00,0x00,0x00,0x00,0x00,0x00,0x00,0x00,0x00,0x00,0x00,0x00,0x00,0x00,0x00,0x00,0x00,0x00,0x00,0x00,0x00,0x00,0x00,0x00,0x00,0x00,0x00,0x00,0x14,0x1a,0x8f,0xa1,0x9a,0x9a,0x8a,0x89,0x8a,0x8a,0x89,0x1f,0x37,0x01,0x01,0x00,0x43,0x66,0x9c,0x8f,0x8a,0x92,0x8d,0x8d,0x92,0x89,0x8d,0x66,0x31,0x03,0x22,0x00,0x00,0x00,0x00,0x00,0x00,0x00,0x00,0x00,0x00,0x00,0x00,0x00,0x00,0x00,0x00,0x00,0x00,0x00,0x00,0x00,0x00,0x00,0x00,0x00,0x00,0x00,0x00,0x00,0x00,0x00,0x00,0x00,0x00,0x00,0x00,0x00,0x00,0x00,0x00,0x00,0x00,0x00,0x00,0x00,0x00,0x00,0x00,0x00,0x00,0x00,0x00,0x00,
    0x00,0x00,0x00,0x00,0x00,0x00,0x00,0x00,0x00,0x00,0x00,0x00,0x00,0x00,0x00,0x00,0x00,0x00,0x00,0x00,0x00,0x00,0x00,0x00,0x00,0x00,0x00,0x00,0x00,0x00,0x00,0x00,0x00,0x00,0x00,0x00,0x00,0x00,0x00,0x00,0x00,0x00,0x00,0x00,0x00,0x00,0x00,0x00,0x00,0x00,0x00,0x00,0x00,0x00,0x00,0x00,0x00,0x00,0x00,0x02,0x0a,0x6a,0xbc,0xa6,0x9f,0x9f,0x9f,0x92,0x8f,0x9a,0x8f,0x73,0x37,0x00,0x04,0x00,0x6d,0x73,0x97,0x9a,0x8a,0x92,0x8d,0x8d,0x9a,0x8f,0x11,0x16,0x69,0x00,0x02,0x00,0x00,0x00,0x00,0x00,0x00,0x00,0x00,0x00,0x00,0x00,0x00,0x00,0x00,0x00,0x00,0x00,0x00,0x00,0x00,0x00,0x00,0x00,0x00,0x00,0x00,0x00,0x00,0x00,0x00,0x00,0x00,0x00,0x00,0x00,0x00,0x00,0x00,0x00,0x00,0x00,0x00,0x00,0x00,0x00,0x00,0x00,0x00,0x00,0x00,0x00,0x00,0x00,
    0x00,0x00,0x00,0x00,0x00,0x00,0x00,0x00,0x00,0x00,0x00,0x00,0x00,0x00,0x00,0x00,0x00,0x00,0x00,0x00,0x00,0x00,0x00,0x00,0x00,0x00,0x00,0x00,0x00,0x00,0x00,0x00,0x00,0x00,0x00,0x00,0x00,0x00,0x00,0x00,0x00,0x00,0x00,0x00,0x00,0x00,0x00,0x00,0x00,0x00,0x00,0x00,0x00,0x00,0x00,0x00,0x00,0x01,0x03,0x07,0x26,0x09,0xb3,0xa5,0x81,0xa1,0x90,0x9a,0x8b,0xa0,0xa5,0xd0,0x26,0x0f,0x1c,0x01,0x49,0x1b,0x11,0xa5,0xa0,0x8b,0x8a,0x8a,0x8f,0xcb,0xac,0x78,0x26,0x07,0x00,0x01,0x00,0x00,0x00,0x00,0x00,0x00,0x00,0x00,0x00,0x00,0x00,0x00,0x00,0x00,0x00,0x00,0x00,0x00,0x00,0x00,0x00,0x00,0x00,0x00,0x00,0x00,0x00,0x00,0x00,0x00,0x00,0x00,0x00,0x00,0x00,0x00,0x00,0x00,0x00,0x00,0x00,0x00,0x00,0x00,0x00,0x00,0x00,0x00,0x00,0x00,0x00,0x00,
    0x00,0x00,0x00,0x00,0x00,0x00,0x00,0x00,0x00,0x00,0x00,0x00,0x00,0x00,0x00,0x00,0x00,0x00,0x00,0x00,0x00,0x00,0x00,0x00,0x00,0x00,0x00,0x00,0x00,0x00,0x00,0x00,0x00,0x00,0x00,0x00,0x00,0x00,0x00,0x00,0x00,0x00,0x00,0x00,0x00,0x00,0x00,0x00,0x00,0x00,0x00,0x00,0x00,0x00,0x00,0x00,0x00,0x03,0x03,0x1c,0x2a,0x7e,0xce,0xb0,0xb4,0xa9,0xbc,0xb2,0xbc,0x12,0x10,0xce,0x80,0x09,0x0a,0x0f,0x7d,0x7f,0x59,0x1e,0xa9,0xb2,0xb2,0xb2,0xa9,0x10,0x3c,0x80,0x94,0x09,0x0f,0x00,0x01,0x00,0x00,0x00,0x00,0x00,0x00,0x00,0x00,0x00,0x00,0x00,0x00,0x00,0x00,0x00,0x00,0x00,0x00,0x00,0x00,0x00,0x00,0x00,0x00,0x00,0x00,0x00,0x00,0x00,0x00,0x00,0x00,0x00,0x00,0x00,0x00,0x00,0x00,0x00,0x00,0x00,0x00,0x00,0x00,0x00,0x00,0x00,0x00,0x00,0x00,0x00,
    0x00,0x00,0x00,0x00,0x00,0x00,0x00,0x00,0x00,0x00,0x00,0x00,0x00,0x00,0x00,0x00,0x00,0x00,0x00,0x00,0x00,0x00,0x00,0x00,0x00,0x00,0x00,0x00,0x00,0x00,0x00,0x00,0x00,0x00,0x00,0x00,0x00,0x00,0x00,0x00,0x00,0x00,0x00,0x00,0x00,0x00,0x00,0x00,0x00,0x00,0x00,0x00,0x00,0x00,0x00,0x00,0x00,0x02,0x00,0x0e,0x7d,0x08,0x91,0x91,0x80,0x7f,0x7c,0x94,0x7c,0x7d,0x91,0x80,0x08,0x1d,0x0a,0x0e,0x80,0x08,0x91,0x88,0x7f,0x94,0x94,0x7a,0x86,0x91,0x91,0x82,0x82,0x24,0x0f,0x03,0x02,0x00,0x00,0x00,0x00,0x00,0x00,0x00,0x00,0x00,0x00,0x00,0x00,0x00,0x00,0x00,0x00,0x00,0x00,0x00,0x00,0x00,0x00,0x00,0x00,0x00,0x00,0x00,0x00,0x00,0x00,0x00,0x00,0x00,0x00,0x00,0x00,0x00,0x00,0x00,0x00,0x00,0x00,0x00,0x00,0x00,0x00,0x00,0x00,0x00,0x00,0x00,
    0x00,0x00,0x00,0x00,0x00,0x00,0x00,0x00,0x00,0x00,0x00,0x00,0x00,0x00,0x00,0x00,0x00,0x00,0x00,0x00,0x00,0x00,0x00,0x00,0x00,0x00,0x00,0x00,0x00,0x00,0x00,0x00,0x00,0x00,0x00,0x00,0x00,0x00,0x00,0x00,0x00,0x00,0x00,0x00,0x00,0x00,0x00,0x00,0x00,0x00,0x00,0x00,0x00,0x00,0x00,0x00,0x00,0x02,0x00,0x09,0x7c,0x86,0x7d,0x7f,0x7c,0x7a,0x86,0x86,0x7a,0x86,0x7d,0x7d,0x08,0x7f,0x0f,0x25,0x7d,0x08,0x7d,0x7c,0x7a,0x86,0x86,0x86,0x7a,0x7f,0x7d,0x7d,0x80,0x2a,0x30,0x03,0x00,0x00,0x00,0x00,0x00,0x00,0x00,0x00,0x00,0x00,0x00,0x00,0x00,0x00,0x00,0x00,0x00,0x00,0x00,0x00,0x00,0x00,0x00,0x00,0x00,0x00,0x00,0x00,0x00,0x00,0x00,0x00,0x00,0x00,0x00,0x00,0x00,0x00,0x00,0x00,0x00,0x00,0x00,0x00,0x00,0x00,0x00,0x00,0x00,0x00,0x00,0x00,
    0x00,0x00,0x00,0x00,0x00,0x00,0x00,0x00,0x00,0x00,0x00,0x00,0x00,0x00,0x00,0x00,0x00,0x00,0x00,0x00,0x00,0x00,0x00,0x00,0x00,0x00,0x00,0x00,0x00,0x00,0x00,0x00,0x00,0x00,0x00,0x00,0x00,0x00,0x00,0x00,0x00,0x00,0x00,0x00,0x00,0x00,0x00,0x00,0x00,0x00,0x00,0x00,0x00,0x00,0x00,0x00,0x00,0x02,0x00,0x09,0x86,0x05,0x7c,0x80,0x86,0x7a,0x7c,0x7c,0x7c,0x82,0x80,0x86,0x08,0x7f,0x0f,0x26,0x7d,0x86,0x80,0x82,0x7c,0x7c,0x7c,0x7c,0x7a,0x7d,0x7d,0x7f,0x7d,0x1d,0x0e,0x03,0x00,0x00,0x00,0x00,0x00,0x00,0x00,0x00,0x00,0x00,0x00,0x00,0x00,0x00,0x00,0x00,0x00,0x00,0x00,0x00,0x00,0x00,0x00,0x00,0x00,0x00,0x00,0x00,0x00,0x00,0x00,0x00,0x00,0x00,0x00,0x00,0x00,0x00,0x00,0x00,0x00,0x00,0x00,0x00,0x00,0x00,0x00,0x00,0x00,0x00,0x00,0x00,
    0x00,0x00,0x00,0x00,0x00,0x00,0x00,0x00,0x00,0x00,0x00,0x00,0x00,0x00,0x00,0x00,0x00,0x00,0x00,0x00,0x00,0x00,0x00,0x00,0x00,0x00,0x00,0x00,0x00,0x00,0x00,0x00,0x00,0x00,0x00,0x00,0x00,0x00,0x00,0x00,0x00,0x00,0x00,0x00,0x00,0x00,0x00,0x00,0x00,0x00,0x00,0x00,0x00,0x00,0x00,0x00,0x00,0x02,0x00,0x26,0x82,0x05,0x7f,0x80,0x7a,0x7c,0x7c,0x7c,0x94,0x7a,0x88,0x85,0x7f,0x2a,0x0a,0x49,0x7d,0x80,0x88,0x85,0x7c,0x7a,0x7a,0x7a,0x7c,0x80,0x7e,0x86,0x7a,0x2a,0x0b,0x00,0x02,0x00,0x00,0x00,0x00,0x00,0x00,0x00,0x00,0x00,0x00,0x00,0x00,0x00,0x00,0x00,0x00,0x00,0x00,0x00,0x00,0x00,0x00,0x00,0x00,0x00,0x00,0x00,0x00,0x00,0x00,0x00,0x00,0x00,0x00,0x00,0x00,0x00,0x00,0x00,0x00,0x00,0x00,0x00,0x00,0x00,0x00,0x00,0x00,0x00,0x00,0x00,
    0x00,0x00,0x00,0x00,0x00,0x00,0x00,0x00,0x00,0x00,0x00,0x00,0x00,0x00,0x00,0x00,0x00,0x00,0x00,0x00,0x00,0x00,0x00,0x00,0x00,0x00,0x00,0x00,0x00,0x00,0x00,0x00,0x00,0x00,0x00,0x00,0x00,0x00,0x00,0x00,0x00,0x00,0x00,0x00,0x00,0x00,0x00,0x00,0x00,0x00,0x00,0x00,0x00,0x00,0x00,0x00,0x00,0x02,0x00,0x0b,0x80,0x08,0xaf,0x85,0x88,0x7f,0x86,0x86,0x7f,0x88,0x96,0xaf,0x7e,0x0e,0x00,0x0f,0x7e,0x9b,0x94,0x91,0x88,0x7e,0x7e,0x91,0x91,0x7f,0xaf,0x05,0x7a,0x09,0x0f,0x00,0x02,0x00,0x00,0x00,0x00,0x00,0x00,0x00,0x00,0x00,0x00,0x00,0x00,0x00,0x00,0x00,0x00,0x00,0x00,0x00,0x00,0x00,0x00,0x00,0x00,0x00,0x00,0x00,0x00,0x00,0x00,0x00,0x00,0x00,0x00,0x00,0x00,0x00,0x00,0x00,0x00,0x00,0x00,0x00,0x00,0x00,0x00,0x00,0x00,0x00,0x00,0x00,
    0x00,0x00,0x00,0x00,0x00,0x00,0x00,0x00,0x00,0x00,0x00,0x00,0x00,0x00,0x00,0x00,0x00,0x00,0x00,0x00,0x00,0x00,0x00,0x00,0x00,0x00,0x00,0x00,0x00,0x00,0x00,0x00,0x00,0x00,0x00,0x00,0x00,0x00,0x00,0x00,0x00,0x00,0x00,0x00,0x00,0x00,0x00,0x00,0x00,0x00,0x00,0x00,0x00,0x00,0x00,0x00,0x00,0x02,0x00,0x0b,0x7d,0x08,0xb1,0xb1,0xc2,0xab,0x7a,0x94,0xab,0xb1,0xbd,0xb1,0x88,0x0e,0x03,0x32,0x88,0xaa,0xbd,0xc2,0xab,0x85,0x86,0xab,0xc2,0xb1,0xbd,0x96,0x82,0x23,0x30,0x01,0x03,0x00,0x00,0x00,0x00,0x00,0x00,0x00,0x00,0x00,0x00,0x00,0x00,0x00,0x00,0x00,0x00,0x00,0x00,0x00,0x00,0x00,0x00,0x00,0x00,0x00,0x00,0x00,0x00,0x00,0x00,0x00,0x00,0x00,0x00,0x00,0x00,0x00,0x00,0x00,0x00,0x00,0x00,0x00,0x00,0x00,0x00,0x00,0x00,0x00,0x00,0x00,
    0x00,0x00,0x00,0x00,0x00,0x00,0x00,0x00,0x00,0x00,0x00,0x00,0x00,0x00,0x00,0x00,0x00,0x00,0x00,0x00,0x00,0x00,0x00,0x00,0x00,0x00,0x00,0x00,0x00,0x00,0x00,0x00,0x00,0x00,0x00,0x00,0x00,0x00,0x00,0x00,0x00,0x00,0x00,0x00,0x00,0x00,0x00,0x00,0x00,0x00,0x00,0x00,0x00,0x00,0x00,0x00,0x00,0x02,0x00,0x0b,0x7c,0x05,0x9b,0xa2,0xaf,0xbd,0xc3,0xc3,0xbd,0x96,0xab,0xaf,0x88,0x0e,0x00,0x32,0x7f,0x08,0xab,0x96,0xbd,0xcf,0xc3,0xd2,0xaf,0xaf,0xab,0x08,0x7a,0x0e,0x00,0x02,0x00,0x00,0x00,0x00,0x00,0x00,0x00,0x00,0x00,0x00,0x00,0x00,0x00,0x00,0x00,0x00,0x00,0x00,0x00,0x00,0x00,0x00,0x00,0x00,0x00,0x00,0x00,0x00,0x00,0x00,0x00,0x00,0x00,0x00,0x00,0x00,0x00,0x00,0x00,0x00,0x00,0x00,0x00,0x00,0x00,0x00,0x00,0x00,0x00,0x00,0x00,0x00,
    0x00,0x00,0x00,0x00,0x00,0x00,0x00,0x00,0x00,0x00,0x00,0x00,0x00,0x00,0x00,0x00,0x00,0x00,0x00,0x00,0x00,0x00,0x00,0x00,0x00,0x00,0x00,0x00,0x00,0x00,0x00,0x00,0x00,0x00,0x00,0x00,0x00,0x00,0x00,0x00,0x00,0x00,0x00,0x00,0x00,0x00,0x00,0x00,0x00,0x00,0x00,0x00,0x00,0x00,0x00,0x00,0x00,0x02,0x00,0x0b,0x7f,0x86,0x7d,0xaf,0xb1,0xbd,0xab,0xaf,0xbd,0xb1,0xaf,0x08,0x80,0x0e,0x00,0x32,0x86,0x82,0xaa,0xbf,0xbf,0xaa,0xab,0xc3,0xbf,0xab,0x82,0x05,0x86,0x25,0x03,0x02,0x00,0x00,0x00,0x00,0x00,0x00,0x00,0x00,0x00,0x00,0x00,0x00,0x00,0x00,0x00,0x00,0x00,0x00,0x00,0x00,0x00,0x00,0x00,0x00,0x00,0x00,0x00,0x00,0x00,0x00,0x00,0x00,0x00,0x00,0x00,0x00,0x00,0x00,0x00,0x00,0x00,0x00,0x00,0x00,0x00,0x00,0x00,0x00,0x00,0x00,0x00,0x00,
    0x00,0x00,0x00,0x00,0x00,0x00,0x00,0x00,0x00,0x00,0x00,0x00,0x00,0x00,0x00,0x00,0x00,0x00,0x00,0x00,0x00,0x00,0x00,0x00,0x00,0x00,0x00,0x00,0x00,0x00,0x00,0x00,0x00,0x00,0x00,0x00,0x00,0x00,0x00,0x00,0x00,0x00,0x00,0x00,0x00,0x00,0x00,0x00,0x00,0x00,0x00,0x00,0x00,0x00,0x00,0x00,0x00,0x02,0x00,0x0b,0x80,0x80,0xaf,0xcf,0xbd,0xd5,0x91,0x91,0x7a,0xbd,0xd2,0x96,0x88,0x42,0x5d,0x46,0x80,0x9b,0xcf,0xbd,0x96,0x88,0x91,0x82,0xbd,0xcf,0xab,0x08,0x94,0x42,0x03,0x02,0x00,0x00,0x00,0x00,0x00,0x00,0x00,0x00,0x00,0x00,0x00,0x00,0x00,0x00,0x00,0x00,0x00,0x00,0x00,0x00,0x00,0x00,0x00,0x00,0x00,0x00,0x00,0x00,0x00,0x00,0x00,0x00,0x00,0x00,0x00,0x00,0x00,0x00,0x00,0x00,0x00,0x00,0x00,0x00,0x00,0x00,0x00,0x00,0x00,0x00,0x00,0x00,
    0x00,0x00,0x00,0x00,0x00,0x00,0x00,0x00,0x00,0x00,0x00,0x00,0x00,0x00,0x00,0x00,0x00,0x00,0x00,0x00,0x00,0x00,0x00,0x00,0x00,0x00,0x00,0x00,0x00,0x00,0x00,0x00,0x00,0x00,0x00,0x00,0x00,0x00,0x00,0x00,0x00,0x00,0x00,0x00,0x00,0x00,0x00,0x00,0x00,0x00,0x00,0x00,0x00,0x00,0x00,0x00,0x00,0x02,0x00,0x0b,0x86,0x08,0xaf,0x96,0xb1,0xcf,0xaa,0xab,0xcf,0xaa,0xd5,0x05,0x88,0x23,0x2c,0x32,0x86,0x96,0x7c,0xab,0xcf,0xaa,0xaf,0xc3,0xc2,0xd5,0x96,0x08,0x94,0x26,0x00,0x02,0x00,0x00,0x00,0x00,0x00,0x00,0x00,0x00,0x00,0x00,0x00,0x00,0x00,0x00,0x00,0x00,0x00,0x00,0x00,0x00,0x00,0x00,0x00,0x00,0x00,0x00,0x00,0x00,0x00,0x00,0x00,0x00,0x00,0x00,0x00,0x00,0x00,0x00,0x00,0x00,0x00,0x00,0x00,0x00,0x00,0x00,0x00,0x00,0x00,0x00,0x00,0x00,
    0x00,0x00,0x00,0x00,0x00,0x00,0x00,0x00,0x00,0x00,0x00,0x00,0x00,0x00,0x00,0x00,0x00,0x00,0x00,0x00,0x00,0x00,0x00,0x00,0x00,0x00,0x00,0x00,0x00,0x00,0x00,0x00,0x00,0x00,0x00,0x00,0x00,0x00,0x00,0x00,0x00,0x00,0x00,0x00,0x00,0x00,0x00,0x00,0x00,0x00,0x00,0x00,0x00,0x00,0x00,0x00,0x00,0x02,0x00,0x0b,0x86,0x05,0x82,0x7d,0x91,0xb1,0xe1,0xe1,0xaa,0x91,0x88,0x80,0x88,0x23,0x29,0x0f,0x7c,0x05,0x7d,0x91,0xaa,0xe1,0xcf,0xb1,0x91,0x91,0x88,0x86,0x7a,0x23,0x2c,0x03,0x01,0x00,0x00,0x00,0x00,0x00,0x00,0x00,0x00,0x00,0x00,0x00,0x00,0x00,0x00,0x00,0x00,0x00,0x00,0x00,0x00,0x00,0x00,0x00,0x00,0x00,0x00,0x00,0x00,0x00,0x00,0x00,0x00,0x00,0x00,0x00,0x00,0x00,0x00,0x00,0x00,0x00,0x00,0x00,0x00,0x00,0x00,0x00,0x00,0x00,0x00,0x00,
    0x00,0x00,0x00,0x00,0x00,0x00,0x00,0x00,0x00,0x00,0x00,0x00,0x00,0x00,0x00,0x00,0x00,0x00,0x00,0x00,0x00,0x00,0x00,0x00,0x00,0x00,0x00,0x00,0x00,0x00,0x00,0x00,0x00,0x00,0x00,0x00,0x00,0x00,0x00,0x00,0x00,0x00,0x00,0x00,0x00,0x00,0x00,0x00,0x00,0x00,0x00,0x00,0x00,0x00,0x00,0x00,0x00,0x02,0x00,0x0b,0x82,0x05,0x86,0x96,0xb1,0xc3,0xab,0xab,0xbf,0xaa,0xd5,0x7d,0x82,0x42,0x1c,0x0f,0x85,0x86,0x85,0xc2,0xbf,0xaf,0x96,0xbd,0xb1,0x96,0x80,0x05,0x7c,0x09,0x0f,0x00,0x02,0x00,0x00,0x00,0x00,0x00,0x00,0x00,0x00,0x00,0x00,0x00,0x00,0x00,0x00,0x00,0x00,0x00,0x00,0x00,0x00,0x00,0x00,0x00,0x00,0x00,0x00,0x00,0x00,0x00,0x00,0x00,0x00,0x00,0x00,0x00,0x00,0x00,0x00,0x00,0x00,0x00,0x00,0x00,0x00,0x00,0x00,0x00,0x00,0x00,0x00,0x00,
    0x00,0x00,0x00,0x00,0x00,0x00,0x00,0x00,0x00,0x00,0x00,0x00,0x00,0x00,0x00,0x00,0x00,0x00,0x00,0x00,0x00,0x00,0x00,0x00,0x00,0x00,0x00,0x00,0x00,0x00,0x00,0x00,0x00,0x00,0x00,0x00,0x00,0x00,0x00,0x00,0x00,0x00,0x00,0x00,0x00,0x00,0x00,0x00,0x00,0x00,0x00,0x00,0x00,0x00,0x00,0x00,0x00,0x02,0x00,0x0b,0x7a,0x05,0x85,0xbf,0xcf,0x9b,0x88,0x88,0xab,0xcf,0xbf,0x08,0x94,0x0e,0x00,0x0f,0x7d,0x88,0xaa,0xcf,0xaf,0x91,0x91,0x96,0xcf,0xc3,0x7f,0x05,0x7c,0x26,0x00,0x02,0x00,0x00,0x00,0x00,0x00,0x00,0x00,0x00,0x00,0x00,0x00,0x00,0x00,0x00,0x00,0x00,0x00,0x00,0x00,0x00,0x00,0x00,0x00,0x00,0x00,0x00,0x00,0x00,0x00,0x00,0x00,0x00,0x00,0x00,0x00,0x00,0x00,0x00,0x00,0x00,0x00,0x00,0x00,0x00,0x00,0x00,0x00,0x00,0x00,0x00,0x00,0x00,
    0x00,0x00,0x00,0x00,0x00,0x00,0x00,0x00,0x00,0x00,0x00,0x00,0x00,0x00,0x00,0x00,0x00,0x00,0x00,0x00,0x00,0x00,0x00,0x00,0x00,0x00,0x00,0x00,0x00,0x00,0x00,0x00,0x00,0x00,0x00,0x00,0x00,0x00,0x00,0x00,0x00,0x00,0x00,0x00,0x00,0x00,0x00,0x00,0x00,0x00,0x00,0x00,0x00,0x00,0x00,0x00,0x00,0x02,0x00,0x26,0x82,0x86,0x7d,0x82,0xaa,0xbf,0xaa,0xb1,0xbf,0xab,0x7a,0x05,0x7c,0x0e,0x00,0x0e,0x80,0x08,0x7d,0xaf,0xbf,0xb1,0xb1,0xc3,0xaa,0x96,0x7a,0x05,0x7c,0x26,0x00,0x02,0x00,0x00,0x00,0x00,0x00,0x00,0x00,0x00,0x00,0x00,0x00,0x00,0x00,0x00,0x00,0x00,0x00,0x00,0x00,0x00,0x00,0x00,0x00,0x00,0x00,0x00,0x00,0x00,0x00,0x00,0x00,0x00,0x00,0x00,0x00,0x00,0x00,0x00,0x00,0x00,0x00,0x00,0x00,0x00,0x00,0x00,0x00,0x00,0x00,0x00,0x00,0x00,
    0x00,0x00,0x00,0x00,0x00,0x00,0x00,0x00,0x00,0x00,0x00,0x00,0x00,0x00,0x00,0x00,0x00,0x00,0x00,0x00,0x00,0x00,0x00,0x00,0x00,0x00,0x00,0x00,0x00,0x00,0x00,0x00,0x00,0x00,0x00,0x00,0x00,0x00,0x00,0x00,0x00,0x00,0x00,0x00,0x00,0x00,0x00,0x00,0x00,0x00,0x00,0x00,0x00,0x00,0x00,0x00,0x00,0x02,0x00,0x09,0x7e,0x80,0x7e,0x91,0x7e,0xb1,0xc3,0xc3,0xc2,0x80,0x91,0x08,0x7d,0x0e,0x00,0x23,0x80,0x08,0x91,0x7a,0xbf,0xc3,0xc3,0xbd,0x96,0x88,0x82,0x08,0x7d,0x26,0x00,0x02,0x00,0x00,0x00,0x00,0x00,0x00,0x00,0x00,0x00,0x00,0x00,0x00,0x00,0x00,0x00,0x00,0x00,0x00,0x00,0x00,0x00,0x00,0x00,0x00,0x00,0x00,0x00,0x00,0x00,0x00,0x00,0x00,0x00,0x00,0x00,0x00,0x00,0x00,0x00,0x00,0x00,0x00,0x00,0x00,0x00,0x00,0x00,0x00,0x00,0x00,0x00,0x00,
    0x00,0x00,0x00,0x00,0x00,0x00,0x00,0x00,0x00,0x00,0x00,0x00,0x00,0x00,0x00,0x00,0x00,0x00,0x00,0x00,0x00,0x00,0x00,0x00,0x00,0x00,0x00,0x00,0x00,0x00,0x00,0x00,0x00,0x00,0x00,0x00,0x00,0x00,0x00,0x00,0x00,0x00,0x00,0x00,0x00,0x00,0x00,0x00,0x00,0x00,0x00,0x00,0x00,0x00,0x00,0x00,0x00,0x02,0x00,0x09,0x7d,0x82,0x80,0xaa,0xc3,0xbf,0xaf,0xaf,0xbd,0xc3,0xab,0x80,0x7f,0x25,0x03,0x0e,0x82,0x08,0xb1,0xcf,0xc3,0xaa,0xab,0xbd,0xc3,0xb1,0x7d,0x08,0x80,0x42,0x03,0x02,0x00,0x00,0x00,0x00,0x00,0x00,0x00,0x00,0x00,0x00,0x00,0x00,0x00,0x00,0x00,0x00,0x00,0x00,0x00,0x00,0x00,0x00,0x00,0x00,0x00,0x00,0x00,0x00,0x00,0x00,0x00,0x00,0x00,0x00,0x00,0x00,0x00,0x00,0x00,0x00,0x00,0x00,0x00,0x00,0x00,0x00,0x00,0x00,0x00,0x00,0x00,0x00,
    0x00,0x00,0x00,0x00,0x00,0x00,0x00,0x00,0x00,0x00,0x00,0x00,0x00,0x00,0x00,0x00,0x00,0x00,0x00,0x00,0x00,0x00,0x00,0x00,0x00,0x00,0x00,0x00,0x00,0x00,0x00,0x00,0x00,0x00,0x00,0x00,0x00,0x00,0x00,0x00,0x00,0x00,0x00,0x00,0x00,0x00,0x00,0x00,0x00,0x00,0x00,0x00,0x00,0x00,0x00,0x00,0x03,0x01,0x0a,0x24,0x7a,0x05,0x7c,0xbf,0xaf,0xaa,0xb1,0xc2,0xab,0x9b,0xaa,0x08,0x82,0x24,0x00,0x25,0x86,0x05,0xf2,0x9b,0xaa,0xb1,0xb1,0xab,0xd5,0xb1,0x96,0x80,0x7f,0x1d,0x0a,0x00,0x03,0x00,0x00,0x00,0x00,0x00,0x00,0x00,0x00,0x00,0x00,0x00,0x00,0x00,0x00,0x00,0x00,0x00,0x00,0x00,0x00,0x00,0x00,0x00,0x00,0x00,0x00,0x00,0x00,0x00,0x00,0x00,0x00,0x00,0x00,0x00,0x00,0x00,0x00,0x00,0x00,0x00,0x00,0x00,0x00,0x00,0x00,0x00,0x00,0x00,0x00,0x00,
    0x00,0x00,0x00,0x00,0x00,0x00,0x00,0x00,0x00,0x00,0x00,0x00,0x00,0x00,0x00,0x00,0x00,0x00,0x00,0x00,0x00,0x00,0x00,0x00,0x00,0x00,0x00,0x00,0x00,0x00,0x00,0x00,0x00,0x00,0x00,0x00,0x00,0x00,0x00,0x00,0x00,0x00,0x00,0x00,0x00,0x00,0x00,0x00,0x00,0x00,0x00,0x00,0x00,0x00,0x00,0x00,0x01,0x00,0x07,0x80,0x80,0x80,0x85,0x88,0x91,0x88,0x7e,0x7e,0x88,0x88,0x88,0x80,0x80,0x1d,0x07,0x2a,0x7d,0x7d,0x91,0x88,0x80,0x7e,0x88,0x91,0x88,0x91,0x7e,0x7a,0x86,0x1d,0x0a,0x00,0x03,0x00,0x00,0x00,0x00,0x00,0x00,0x00,0x00,0x00,0x00,0x00,0x00,0x00,0x00,0x00,0x00,0x00,0x00,0x00,0x00,0x00,0x00,0x00,0x00,0x00,0x00,0x00,0x00,0x00,0x00,0x00,0x00,0x00,0x00,0x00,0x00,0x00,0x00,0x00,0x00,0x00,0x00,0x00,0x00,0x00,0x00,0x00,0x00,0x00,0x00,0x00,
    0x00,0x00,0x00,0x00,0x00,0x00,0x00,0x00,0x00,0x00,0x00,0x00,0x00,0x00,0x00,0x00,0x00,0x00,0x00,0x00,0x00,0x00,0x00,0x00,0x00,0x00,0x00,0x00,0x00,0x00,0x00,0x00,0x00,0x00,0x00,0x00,0x00,0x00,0x00,0x00,0x00,0x00,0x00,0x00,0x00,0x00,0x00,0x00,0x00,0x00,0x00,0x00,0x00,0x00,0x00,0x00,0x01,0x00,0x07,0x80,0x7d,0x7f,0x7d,0x7f,0x7d,0x80,0x7d,0x80,0x7d,0x7d,0x7d,0x7e,0x7d,0x80,0x0b,0x2a,0x7e,0x7e,0x7f,0x7d,0x7d,0x7f,0x85,0x7f,0x82,0x7a,0x86,0x7c,0x05,0x08,0x32,0x00,0x02,0x00,0x00,0x00,0x00,0x00,0x00,0x00,0x00,0x00,0x00,0x00,0x00,0x00,0x00,0x00,0x00,0x00,0x00,0x00,0x00,0x00,0x00,0x00,0x00,0x00,0x00,0x00,0x00,0x00,0x00,0x00,0x00,0x00,0x00,0x00,0x00,0x00,0x00,0x00,0x00,0x00,0x00,0x00,0x00,0x00,0x00,0x00,0x00,0x00,0x00,0x00,
    0x00,0x00,0x00,0x00,0x00,0x00,0x00,0x00,0x00,0x00,0x00,0x00,0x00,0x00,0x00,0x00,0x00,0x00,0x00,0x00,0x00,0x00,0x00,0x00,0x00,0x00,0x00,0x00,0x00,0x00,0x00,0x00,0x00,0x00,0x00,0x00,0x00,0x00,0x00,0x00,0x00,0x00,0x00,0x00,0x00,0x00,0x00,0x00,0x00,0x00,0x00,0x00,0x00,0x00,0x00,0x00,0x02,0x00,0x49,0x7f,0x05,0x7c,0x7c,0x7f,0x7e,0x80,0x80,0x80,0x7d,0x7d,0x80,0x7d,0x80,0x08,0x23,0x80,0x85,0x7f,0x7d,0x80,0x7d,0x7f,0x7f,0x82,0x7a,0x7f,0x82,0x7c,0x05,0x7f,0x0b,0x00,0x02,0x00,0x00,0x00,0x00,0x00,0x00,0x00,0x00,0x00,0x00,0x00,0x00,0x00,0x00,0x00,0x00,0x00,0x00,0x00,0x00,0x00,0x00,0x00,0x00,0x00,0x00,0x00,0x00,0x00,0x00,0x00,0x00,0x00,0x00,0x00,0x00,0x00,0x00,0x00,0x00,0x00,0x00,0x00,0x00,0x00,0x00,0x00,0x00,0x00,0x00,0x00,
    0x00,0x00,0x00,0x00,0x00,0x00,0x00,0x00,0x00,0x00,0x00,0x00,0x00,0x00,0x00,0x00,0x00,0x00,0x00,0x00,0x00,0x00,0x00,0x00,0x00,0x00,0x00,0x00,0x00,0x00,0x00,0x00,0x00,0x00,0x00,0x00,0x00,0x00,0x00,0x00,0x00,0x00,0x00,0x00,0x00,0x00,0x00,0x00,0x00,0x00,0x00,0x00,0x00,0x00,0x00,0x02,0x03,0x07,0x42,0x85,0x86,0x7a,0x7f,0x80,0x80,0x80,0x80,0x80,0x80,0x80,0x80,0x85,0x85,0x7c,0xfb,0x7d,0x86,0x7c,0x7a,0x7f,0x80,0x80,0x7e,0x7e,0x80,0x7e,0x7f,0x7c,0x86,0x80,0x0b,0x00,0x02,0x00,0x00,0x00,0x00,0x00,0x00,0x00,0x00,0x00,0x00,0x00,0x00,0x00,0x00,0x00,0x00,0x00,0x00,0x00,0x00,0x00,0x00,0x00,0x00,0x00,0x00,0x00,0x00,0x00,0x00,0x00,0x00,0x00,0x00,0x00,0x00,0x00,0x00,0x00,0x00,0x00,0x00,0x00,0x00,0x00,0x00,0x00,0x00,0x00,0x00,0x00,
    0x00,0x00,0x00,0x00,0x00,0x00,0x00,0x00,0x00,0x00,0x00,0x00,0x00,0x00,0x00,0x00,0x00,0x00,0x00,0x00,0x00,0x00,0x00,0x00,0x00,0x00,0x00,0x00,0x00,0x00,0x00,0x00,0x00,0x00,0x00,0x00,0x00,0x00,0x00,0x00,0x00,0x00,0x00,0x00,0x00,0x00,0x00,0x00,0x00,0x00,0x00,0x00,0x00,0x00,0x00,0x01,0x00,0x07,0x09,0x05,0x7f,0x80,0x88,0x7e,0x7e,0x7e,0x7e,0x80,0x80,0x7e,0x7e,0x7e,0x7e,0x7c,0xfb,0x86,0x80,0x7f,0x86,0x82,0x80,0x7d,0x7d,0x7d,0x80,0x80,0x7e,0x7d,0x08,0x80,0x0b,0x00,0x02,0x00,0x00,0x00,0x00,0x00,0x00,0x00,0x00,0x00,0x00,0x00,0x00,0x00,0x00,0x00,0x00,0x00,0x00,0x00,0x00,0x00,0x00,0x00,0x00,0x00,0x00,0x00,0x00,0x00,0x00,0x00,0x00,0x00,0x00,0x00,0x00,0x00,0x00,0x00,0x00,0x00,0x00,0x00,0x00,0x00,0x00,0x00,0x00,0x00,0x00,0x00,
    0x00,0x00,0x00,0x00,0x00,0x00,0x00,0x00,0x00,0x00,0x00,0x00,0x00,0x00,0x00,0x00,0x00,0x00,0x00,0x00,0x00,0x00,0x00,0x00,0x00,0x00,0x00,0x00,0x00,0x00,0x00,0x00,0x00,0x00,0x00,0x00,0x00,0x00,0x00,0x00,0x00,0x00,0x00,0x00,0x00,0x00,0x00,0x00,0x00,0x00,0x00,0x00,0x00,0x00,0x00,0x00,0x00,0x02,0x26,0x05,0x94,0x7c,0x7a,0x7f,0x7d,0x7d,0x7d,0x80,0x80,0x7d,0x7f,0x7c,0x96,0xa2,0x1b,0x96,0x94,0x85,0x7d,0x7f,0x80,0x7d,0x7f,0x80,0x7d,0x7d,0x85,0x82,0x05,0x08,0x0b,0x00,0x02,0x00,0x00,0x00,0x00,0x00,0x00,0x00,0x00,0x00,0x00,0x00,0x00,0x00,0x00,0x00,0x00,0x00,0x00,0x00,0x00,0x00,0x00,0x00,0x00,0x00,0x00,0x00,0x00,0x00,0x00,0x00,0x00,0x00,0x00,0x00,0x00,0x00,0x00,0x00,0x00,0x00,0x00,0x00,0x00,0x00,0x00,0x00,0x00,0x00,0x00,0x00,
    0x00,0x00,0x00,0x00,0x00,0x00,0x00,0x00,0x00,0x00,0x00,0x00,0x00,0x00,0x00,0x00,0x00,0x00,0x00,0x00,0x00,0x00,0x00,0x00,0x00,0x00,0x00,0x00,0x00,0x00,0x00,0x00,0x00,0x00,0x00,0x00,0x00,0x00,0x00,0x00,0x00,0x00,0x00,0x00,0x00,0x00,0x00,0x00,0x00,0x00,0x00,0x00,0x00,0x00,0x00,0x00,0x00,0x0a,0x0b,0x56,0xa2,0xa2,0xa2,0xa2,0xa2,0x9b,0x96,0x96,0x96,0x96,0x9b,0xa2,0xa2,0xa2,0x9b,0x9b,0xa2,0xa2,0x9b,0x9b,0x96,0x7c,0x7a,0x7c,0x96,0x9b,0x9b,0x9b,0x9b,0x56,0x25,0x03,0x03,0x00,0x00,0x00,0x00,0x00,0x00,0x00,0x00,0x00,0x00,0x00,0x00,0x00,0x00,0x00,0x00,0x00,0x00,0x00,0x00,0x00,0x00,0x00,0x00,0x00,0x00,0x00,0x00,0x00,0x00,0x00,0x00,0x00,0x00,0x00,0x00,0x00,0x00,0x00,0x00,0x00,0x00,0x00,0x00,0x00,0x00,0x00,0x00,0x00,0x00,0x00,
    0x00,0x00,0x00,0x00,0x00,0x00,0x00,0x00,0x00,0x00,0x00,0x00,0x00,0x00,0x00,0x00,0x00,0x00,0x00,0x00,0x00,0x00,0x00,0x00,0x00,0x00,0x00,0x00,0x00,0x00,0x00,0x00,0x00,0x00,0x00,0x00,0x00,0x00,0x00,0x00,0x00,0x00,0x00,0x00,0x00,0x00,0x00,0x00,0x00,0x00,0x00,0x00,0x00,0x00,0x00,0x00,0x03,0x01,0x0a,0x23,0x9b,0xa2,0xa2,0xa2,0xa2,0xa2,0x96,0x96,0x96,0x9b,0xa2,0xa2,0x94,0x56,0x0e,0x2a,0x96,0xa2,0x9b,0x9b,0x96,0x96,0x96,0x9b,0xa2,0x9b,0xa2,0x9b,0xa2,0x56,0x49,0x00,0x01,0x00,0x00,0x00,0x00,0x00,0x00,0x00,0x00,0x00,0x00,0x00,0x00,0x00,0x00,0x00,0x00,0x00,0x00,0x00,0x00,0x00,0x00,0x00,0x00,0x00,0x00,0x00,0x00,0x00,0x00,0x00,0x00,0x00,0x00,0x00,0x00,0x00,0x00,0x00,0x00,0x00,0x00,0x00,0x00,0x00,0x00,0x00,0x00,0x00,0x00,0x00,
    0x00,0x00,0x00,0x00,0x00,0x00,0x00,0x00,0x00,0x00,0x00,0x00,0x00,0x00,0x00,0x00,0x00,0x00,0x00,0x00,0x00,0x00,0x00,0x00,0x00,0x00,0x00,0x00,0x00,0x00,0x00,0x00,0x00,0x00,0x00,0x00,0x00,0x00,0x00,0x00,0x00,0x00,0x00,0x00,0x00,0x00,0x00,0x00,0x00,0x00,0x00,0x00,0x00,0x00,0x00,0x00,0x00,0x00,0x02,0x30,0x0b,0x23,0x24,0x94,0x9b,0x9b,0x9b,0x9b,0x9b,0x94,0x09,0x23,0x0b,0x30,0x02,0x07,0x25,0x09,0x05,0x96,0x9b,0x9b,0x9b,0x9b,0x96,0x1d,0x09,0x42,0x26,0x49,0x02,0x03,0x03,0x00,0x00,0x00,0x00,0x00,0x00,0x00,0x00,0x00,0x00,0x00,0x00,0x00,0x00,0x00,0x00,0x00,0x00,0x00,0x00,0x00,0x00,0x00,0x00,0x00,0x00,0x00,0x00,0x00,0x00,0x00,0x00,0x00,0x00,0x00,0x00,0x00,0x00,0x00,0x00,0x00,0x00,0x00,0x00,0x00,0x00,0x00,0x00,0x00,0x00,0x00,
    0x00,0x00,0x00,0x00,0x00,0x00,0x00,0x00,0x00,0x00,0x00,0x00,0x00,0x00,0x00,0x00,0x00,0x00,0x00,0x00,0x00,0x00,0x00,0x00,0x00,0x00,0x00,0x00,0x00,0x00,0x00,0x00,0x00,0x00,0x00,0x00,0x00,0x00,0x00,0x00,0x00,0x00,0x00,0x00,0x00,0x00,0x00,0x00,0x00,0x00,0x00,0x00,0x00,0x00,0x00,0x00,0x00,0x00,0x00,0x00,0x00,0x00,0x02,0x07,0x07,0x07,0x07,0x07,0x07,0x07,0x00,0x00,0x00,0x00,0x00,0x00,0x00,0x00,0x07,0x07,0x07,0x07,0x07,0x07,0x07,0x30,0x00,0x00,0x00,0x17,0x04,0x00,0x00,0x00,0x00,0x00,0x00,0x00,0x00,0x00,0x00,0x00,0x00,0x00,0x00,0x00,0x00,0x00,0x00,0x00,0x00,0x00,0x00,0x00,0x00,0x00,0x00,0x00,0x00,0x00,0x00,0x00,0x00,0x00,0x00,0x00,0x00,0x00,0x00,0x00,0x00,0x00,0x00,0x00,0x00,0x00,0x00,0x00,0x00,0x00,0x00,0x00,0x00,0x00,
    0x00,0x00,0x00,0x00,0x00,0x00,0x00,0x00,0x00,0x00,0x00,0x00,0x00,0x00,0x00,0x00,0x00,0x00,0x00,0x00,0x00,0x00,0x00,0x00,0x00,0x00,0x00,0x00,0x00,0x00,0x00,0x00,0x00,0x00,0x00,0x00,0x00,0x00,0x00,0x00,0x00,0x00,0x00,0x00,0x00,0x00,0x00,0x00,0x00,0x00,0x00,0x00,0x00,0x00,0x00,0x00,0x00,0x00,0x00,0x01,0x02,0x02,0x00,0x00,0x00,0x00,0x00,0x00,0x00,0x00,0x04,0x02,0x02,0x03,0x00,0x01,0x02,0x01,0x00,0x00,0x00,0x00,0x00,0x00,0x00,0x00,0x02,0x02,0x02,0x02,0x00,0x00,0x00,0x00,0x00,0x00,0x00,0x00,0x00,0x00,0x00,0x00,0x00,0x00,0x00,0x00,0x00,0x00,0x00,0x00,0x00,0x00,0x00,0x00,0x00,0x00,0x00,0x00,0x00,0x00,0x00,0x00,0x00,0x00,0x00,0x00,0x00,0x00,0x00,0x00,0x00,0x00,0x00,0x00,0x00,0x00,0x00,0x00,0x00,0x00,0x00,0x00,0x00,0x00,

};

const lv_image_dsc_t passport_pet_review_2 = {
  .header = {
    .magic = LV_IMAGE_HEADER_MAGIC,
    .cf = LV_COLOR_FORMAT_I8,
    .flags = 0,
    .w = 144,
    .h = 156,
    .stride = 144,
    .reserved_2 = 0,
  },
  .data_size = sizeof(passport_pet_review_2_map),
  .data = passport_pet_review_2_map,
  .reserved = NULL,
};
