
#if defined(LV_LVGL_H_INCLUDE_SIMPLE)
#include "lvgl.h"
#elif defined(LV_LVGL_H_INCLUDE_SYSTEM)
#include <lvgl.h>
#elif defined(LV_BUILD_TEST)
#include "../lvgl.h"
#else
#include "lvgl/lvgl.h"
#endif

#ifndef LV_ATTRIBUTE_MEM_ALIGN
#define LV_ATTRIBUTE_MEM_ALIGN
#endif

#ifndef LV_ATTRIBUTE_PASSPORT_PET_RUNNING_3
#define LV_ATTRIBUTE_PASSPORT_PET_RUNNING_3
#endif

static const
LV_ATTRIBUTE_MEM_ALIGN LV_ATTRIBUTE_LARGE_CONST LV_ATTRIBUTE_PASSPORT_PET_RUNNING_3
uint8_t passport_pet_running_3_map[] = {

    0x4c,0x70,0x47,0x00,0x45,0x42,0x38,0x01,0xd2,0xf1,0xf3,0x01,0x86,0xa2,0xa8,0x03,
    0x18,0x12,0x15,0xfc,0x16,0x14,0x0d,0x03,0xe6,0xef,0xf9,0xff,0x0b,0x08,0x0b,0xfc,
    0x19,0x14,0x0f,0x25,0x12,0x0f,0x0f,0xa9,0x12,0x0f,0x0f,0x3e,0xbf,0xd0,0xe1,0xff,
    0x12,0x0e,0x0f,0xbc,0x1c,0x28,0x1c,0x11,0x17,0x1b,0x15,0x18,0xbd,0xc9,0xd3,0x11,
    0xb0,0x6f,0x0a,0xfe,0x12,0x0e,0x0d,0x9a,0x11,0x0d,0x0f,0xc9,0x27,0x26,0x1d,0x0b,
    0x94,0xb2,0xc6,0xfe,0x71,0x42,0x0d,0xfc,0x10,0x0c,0x0d,0x5d,0xd7,0xe2,0xed,0xfd,
    0x16,0x14,0x13,0x85,0x75,0x8d,0x93,0x8c,0x66,0x7f,0x7f,0x13,0xb4,0xcb,0xda,0xfe,
    0x11,0x0d,0x0e,0x71,0x12,0x0f,0x10,0xd6,0x7b,0x9c,0xa4,0xa7,0x99,0xb0,0xbb,0xcc,
    0x94,0x57,0x0c,0xfe,0xcd,0xe0,0xe4,0x06,0x80,0x92,0x96,0x1e,0xc6,0xcf,0xd7,0xf7,
    0x77,0x98,0xa2,0x60,0x56,0x67,0x90,0xfe,0xd1,0x88,0x0e,0xfd,0x8c,0x8c,0x97,0xfe,
    0xe1,0xf2,0xf6,0x27,0x74,0x7d,0x8f,0xfb,0xbb,0xcf,0xd8,0xbd,0xbe,0xd7,0xe7,0xfc,
    0x43,0x46,0x29,0x3e,0x39,0x56,0x6f,0xfd,0x10,0x0c,0x0e,0xee,0x95,0x86,0x76,0xfe,
    0xac,0xc2,0xcc,0x8a,0xdd,0xeb,0xf1,0xd6,0x64,0x76,0x89,0x9d,0x13,0x11,0x0d,0x4f,
    0xcf,0xe6,0xe6,0x4e,0xe1,0xe9,0xef,0xfe,0xd3,0xe1,0xe5,0x3a,0x0e,0x09,0x0d,0xf6,
    0x82,0x9c,0xd9,0xfe,0x9f,0xb4,0xc0,0x6c,0x1a,0x14,0x15,0xeb,0x20,0x1b,0x16,0x96,
    0x64,0x8a,0x8d,0xa2,0x58,0x73,0x75,0xb8,0xba,0xd3,0xd7,0x93,0x7d,0x9a,0xa3,0x45,
    0x92,0xaf,0xb7,0x4d,0x74,0x93,0x9a,0xc4,0x2a,0x2d,0x38,0xfd,0x6e,0x4f,0x0b,0xc4,
    0xe9,0xf3,0xf9,0xe7,0xdf,0xea,0xf3,0xc4,0xa4,0xba,0xc4,0xe4,0x4e,0x4a,0x22,0x5f,
    0x85,0x9f,0xa6,0xc2,0xe5,0xef,0xf4,0xad,0x32,0x55,0x51,0xaf,0x74,0x9b,0x9f,0xda,
    0x88,0xac,0xb0,0xea,0xa7,0xb6,0xbf,0x27,0x92,0x9f,0xab,0xe5,0x6c,0x7e,0x6f,0x44,
    0xe3,0xee,0xf4,0x18,0x37,0x55,0x56,0x91,0x96,0xab,0xd7,0xfe,0xae,0xc9,0xd4,0xea,
    0x39,0x4f,0x52,0xe3,0x48,0x46,0x10,0x79,0x70,0xa3,0xa0,0xe4,0x6f,0x87,0x97,0xe0,
    0x6f,0x7a,0x89,0x29,0x4d,0x78,0x6f,0x79,0x96,0xaf,0xb9,0xb0,0x4d,0x6c,0x69,0x2a,
    0x64,0x4c,0x32,0xfb,0x95,0x64,0x08,0xe9,0x90,0xad,0xb8,0x33,0x72,0x5f,0x25,0x1f,
    0x70,0x5a,0x0b,0xa3,0xe9,0xf1,0xf6,0x93,0x59,0x73,0x78,0x5a,0x34,0x5a,0x5b,0xcd,
    0x8b,0xaa,0xac,0x93,0x66,0x8f,0x8e,0x33,0x47,0x5a,0x60,0x70,0x90,0x60,0x07,0xc3,
    0x6d,0x73,0x61,0x0b,0x96,0x68,0x05,0x8d,0x6a,0x78,0x83,0xd7,0x8d,0xb6,0xbe,0xf0,
    0x55,0x75,0x71,0xe3,0x98,0x73,0x00,0x17,0x53,0x64,0x73,0xd2,0xe6,0xf1,0xf1,0x6a,
    0x69,0x7f,0x86,0xc5,0x5f,0x93,0x8f,0x70,0x9d,0x6b,0x03,0x67,0xa3,0xc5,0xd2,0xd0,
    0xca,0x82,0x04,0xdc,0x59,0x6c,0x92,0xd5,0x75,0x63,0x0e,0x66,0xc8,0x81,0x04,0x7a,
    0x18,0x12,0x15,0xff,0x1a,0x13,0x16,0xff,0x0a,0x07,0x0a,0xff,0xbb,0xe3,0xfc,0xff,
    0xd1,0xe7,0xfc,0xff,0x0f,0x0b,0x0e,0xff,0x0d,0x09,0x0c,0xff,0x1d,0x15,0x18,0xff,
    0x21,0x17,0x1a,0xff,0xcf,0xe7,0xfb,0xff,0x12,0x0d,0x11,0xff,0x15,0x10,0x13,0xff,
    0x08,0x06,0x09,0xff,0xcd,0xe5,0xfa,0xff,0xc4,0xe5,0xfc,0xff,0xf4,0x98,0x01,0xff,
    0x01,0x01,0x02,0xff,0xd2,0xe8,0xfb,0xff,0xbf,0xe5,0xfd,0xff,0xe3,0xec,0xfa,0xff,
    0xd7,0xea,0xfc,0xff,0xd5,0xee,0xff,0xff,0xc9,0xe6,0xfc,0xff,0xf4,0x96,0x01,0xff,
    0x04,0x03,0x08,0xff,0xdd,0xeb,0xfb,0xff,0x26,0x1d,0x21,0xff,0xd9,0xf2,0xff,0xff,
    0xf0,0xf8,0xfd,0xff,0xfb,0xff,0xff,0xff,0xeb,0xf3,0xfb,0xff,0xca,0xd9,0xf8,0xff,
    0xee,0x90,0x02,0xff,0xf9,0x9b,0x01,0xff,0xb9,0xe2,0xfb,0xff,0xe2,0xf1,0xfe,0xff,
    0xe0,0xf7,0xff,0xff,0xc3,0xea,0xff,0xff,0xcc,0xe1,0xfa,0xff,0xfb,0x9e,0x01,0xff,
    0xd0,0xeb,0xfe,0xff,0x27,0x23,0x29,0xff,0x49,0x27,0x2f,0xff,0x1c,0x18,0x1e,0xff,
    0xf1,0xfc,0xff,0xff,0xb0,0xd2,0xeb,0xff,0xd6,0xe6,0xf6,0xff,0x84,0x9a,0xad,0xff,
    0x38,0x1e,0x26,0xff,0xcc,0xf1,0xff,0xff,0xe6,0x87,0x01,0xff,0x5c,0x2c,0x37,0xff,
    0xaf,0xbd,0xcb,0xff,0xa0,0xbb,0xd8,0xff,0xba,0xde,0xf4,0xff,0x60,0x36,0x40,0xff,
    0xbf,0xd0,0xf7,0xff,0xb2,0xca,0xe8,0xff,0xa3,0xb5,0xcc,0xff,0xa7,0xc5,0xd8,0xff,
    0xbc,0xc6,0xd1,0xff,0xc2,0xe3,0xf9,0xff,0xaa,0xc1,0xe1,0xff,0x6b,0x75,0x85,0xff,
    0xa2,0xaf,0xbc,0xff,0x8f,0x43,0x58,0xff,0x91,0xa7,0xbe,0xff,0xb5,0xd9,0xf3,0xff,
    0x7c,0x38,0x4c,0xff,0x90,0xa0,0xb1,0xff,0xc9,0xdf,0xf0,0xff,0xd2,0xdb,0xe3,0xff,
    0x85,0x93,0xa4,0xff,0x5c,0x65,0x76,0xff,0x7a,0x86,0x96,0xff,0xc6,0x76,0x05,0xff,
    0x51,0x4f,0x58,0xff,0x8c,0x54,0x5f,0xff,0x6b,0x28,0x07,0xff,0xa3,0x4c,0x65,0xff,
    0xac,0x38,0x01,0xff,0x93,0x9c,0xa2,0xff,0xda,0x7c,0x03,0xff,0xdd,0x6e,0x86,0xff,
    0xa6,0xbc,0xf9,0xff,0xb6,0x56,0x6e,0xff,0xc4,0xda,0xef,0xff,0x5e,0x5c,0x66,0xff,
    0x34,0x36,0x47,0xff,0xe1,0x55,0x77,0xff,0xd2,0xf7,0xff,0xff,0x9e,0xa7,0xaf,0xff,
    0xcc,0x5d,0x79,0xff,0xb3,0x4e,0x03,0xff,0x9e,0x66,0x14,0xff,0x67,0x6f,0x6d,0xff,
    0xfe,0xa4,0x01,0xff,0x48,0x1d,0x0c,0xff,0x9e,0xc0,0xcb,0xff,0x96,0x2d,0x05,0xff,
    0x78,0x8f,0xa9,0xff,0xb1,0xb7,0xbb,0xff,0x3f,0x44,0x4b,0xff,0xb8,0x60,0x03,0xff,
    0xba,0x3c,0x59,0xff,0x26,0x09,0x0a,0xff,0x85,0xa3,0xbb,0xff,0x8e,0xa6,0xf3,0xff,
    0x6a,0x81,0xb0,0xff,0xd6,0x45,0x6a,0xff,0x7b,0x48,0x5b,0xff,0x94,0x7a,0x54,0xff,
    0xd2,0x65,0x0b,0xff,0x21,0x7e,0x91,0xff,0x88,0x76,0x7c,0xff,0x89,0x68,0x7a,0xff,
    0xab,0x62,0x6d,0xff,0x98,0xaf,0xf9,0xff,0x5d,0x72,0xab,0xff,0xd4,0xd3,0xd9,0xff,
    0xa9,0xa1,0x99,0xff,0x72,0x8c,0xc8,0xff,0x8a,0x9d,0xbd,0xff,0x3a,0x43,0x6a,0xff,
    0x06,0xdd,0xfc,0xff,0xa0,0x2f,0x4f,0xff,0x97,0x6c,0x38,0xff,0x7b,0x61,0x33,0xff,
    0x66,0x7c,0x9d,0xff,0xe0,0xac,0xb7,0xff,0x98,0x96,0x8a,0xff,0xcf,0xc0,0xc5,0xff,
    0x06,0xb2,0xd4,0xff,0xf4,0x8f,0xa5,0xff,0xb0,0x8f,0x56,0xff,0xfd,0xc5,0xd3,0xff,

    0x00,0x00,0x00,0x00,0x00,0x00,0x00,0x00,0x00,0x00,0x00,0x00,0x00,0x00,0x00,0x00,0x00,0x00,0x00,0x00,0x00,0x00,0x00,0x00,0x00,0x00,0x00,0x00,0x00,0x00,0x00,0x00,0x00,0x00,0x00,0x00,0x00,0x00,0x00,0x00,0x00,0x00,0x00,0x00,0x00,0x00,0x00,0x00,0x00,0x00,0x00,0x00,0x00,0x00,0x00,0x00,0x00,0x00,0x00,0x00,0x00,0x00,0x00,0x00,0x00,0x00,0x00,0x00,0x00,0x00,0x00,0x00,0x00,0x00,0x00,0x00,0x00,0x00,0x00,0x00,0x00,0x00,0x00,0x00,0x00,0x00,0x00,0x00,0x00,0x00,0x00,0x00,0x00,0x00,0x00,0x00,0x00,0x00,0x00,0x00,0x00,0x00,0x00,0x00,0x00,0x00,0x00,0x00,0x00,0x00,0x00,0x00,0x00,0x00,0x00,0x00,0x00,0x00,0x00,0x00,0x00,0x00,0x00,0x00,0x00,0x00,0x00,0x00,0x00,0x00,0x00,0x00,0x00,0x00,0x00,0x00,0x00,0x00,0x00,0x00,0x00,0x00,0x00,0x00,
    0x00,0x00,0x00,0x00,0x00,0x00,0x00,0x00,0x00,0x00,0x00,0x00,0x00,0x00,0x00,0x00,0x00,0x00,0x00,0x00,0x00,0x00,0x00,0x00,0x00,0x00,0x00,0x00,0x00,0x00,0x00,0x00,0x00,0x00,0x00,0x00,0x00,0x00,0x00,0x00,0x00,0x00,0x00,0x00,0x00,0x00,0x00,0x00,0x00,0x00,0x00,0x00,0x00,0x00,0x00,0x00,0x00,0x00,0x00,0x00,0x02,0x21,0x28,0x28,0x28,0x1a,0x00,0x00,0x00,0x00,0x00,0x00,0x00,0x00,0x00,0x00,0x00,0x00,0x00,0x00,0x00,0x00,0x00,0x00,0x00,0x00,0x00,0x00,0x00,0x00,0x00,0x00,0x00,0x00,0x00,0x00,0x00,0x00,0x00,0x00,0x00,0x00,0x00,0x00,0x00,0x00,0x00,0x00,0x00,0x00,0x00,0x00,0x00,0x00,0x00,0x00,0x00,0x00,0x00,0x00,0x00,0x00,0x00,0x00,0x00,0x00,0x00,0x00,0x00,0x00,0x00,0x00,0x00,0x00,0x00,0x00,0x00,0x00,0x00,0x00,0x00,0x00,0x00,0x00,
    0x00,0x00,0x00,0x00,0x00,0x00,0x00,0x00,0x00,0x00,0x00,0x00,0x00,0x00,0x00,0x00,0x00,0x00,0x00,0x00,0x00,0x00,0x00,0x00,0x00,0x00,0x00,0x00,0x00,0x00,0x00,0x00,0x00,0x00,0x00,0x00,0x00,0x00,0x00,0x00,0x00,0x00,0x00,0x00,0x00,0x00,0x00,0x00,0x00,0x00,0x00,0x00,0x00,0x00,0x00,0x00,0x00,0x00,0x00,0x21,0x00,0x34,0x31,0xa4,0x61,0x22,0x03,0x01,0x00,0x00,0x00,0x00,0x00,0x00,0x00,0x00,0x00,0x00,0x00,0x00,0x00,0x00,0x00,0x00,0x00,0x00,0x00,0x00,0x00,0x00,0x00,0x00,0x00,0x00,0x00,0x00,0x00,0x00,0x00,0x00,0x00,0x00,0x00,0x00,0x00,0x00,0x00,0x00,0x00,0x00,0x00,0x00,0x00,0x00,0x00,0x00,0x00,0x00,0x00,0x00,0x00,0x00,0x00,0x00,0x00,0x00,0x00,0x00,0x00,0x00,0x00,0x00,0x00,0x00,0x00,0x00,0x00,0x00,0x00,0x00,0x00,0x00,0x00,0x00,
    0x00,0x00,0x00,0x00,0x00,0x00,0x00,0x00,0x00,0x00,0x00,0x00,0x00,0x00,0x00,0x00,0x00,0x00,0x00,0x00,0x00,0x00,0x00,0x00,0x00,0x00,0x00,0x00,0x00,0x00,0x00,0x00,0x00,0x00,0x00,0x00,0x00,0x00,0x00,0x00,0x00,0x00,0x00,0x00,0x00,0x00,0x00,0x00,0x00,0x00,0x00,0x00,0x00,0x00,0x00,0x00,0x00,0x00,0x02,0x00,0x28,0x49,0x96,0x44,0x36,0x00,0x02,0x00,0x00,0x00,0x00,0x00,0x00,0x00,0x00,0x00,0x00,0x00,0x00,0x00,0x00,0x00,0x00,0x00,0x00,0x00,0x00,0x00,0x00,0x00,0x00,0x00,0x00,0x00,0x00,0x00,0x00,0x00,0x00,0x00,0x00,0x00,0x00,0x00,0x00,0x00,0x00,0x00,0x00,0x00,0x00,0x00,0x00,0x00,0x00,0x00,0x00,0x00,0x00,0x00,0x00,0x00,0x00,0x00,0x00,0x00,0x00,0x00,0x00,0x00,0x00,0x00,0x00,0x00,0x00,0x00,0x00,0x00,0x00,0x00,0x00,0x00,0x00,0x00,
    0x00,0x00,0x00,0x00,0x00,0x00,0x00,0x00,0x00,0x00,0x00,0x00,0x00,0x00,0x00,0x00,0x00,0x00,0x00,0x00,0x00,0x00,0x00,0x00,0x00,0x00,0x00,0x00,0x00,0x00,0x00,0x00,0x00,0x00,0x00,0x00,0x00,0x00,0x00,0x00,0x00,0x00,0x00,0x00,0x00,0x00,0x00,0x00,0x00,0x00,0x00,0x00,0x00,0x00,0x00,0x00,0x00,0x02,0x00,0x28,0x44,0x94,0x31,0x34,0x00,0x03,0x00,0x00,0x00,0x00,0x00,0x00,0x00,0x00,0x00,0x00,0x00,0x00,0x00,0x00,0x00,0x00,0x00,0x00,0x00,0x00,0x00,0x00,0x00,0x00,0x00,0x00,0x00,0x00,0x00,0x00,0x00,0x00,0x00,0x00,0x00,0x00,0x00,0x00,0x00,0x00,0x00,0x00,0x00,0x00,0x00,0x00,0x00,0x00,0x00,0x00,0x00,0x00,0x00,0x00,0x00,0x00,0x00,0x00,0x00,0x00,0x00,0x00,0x00,0x00,0x00,0x00,0x00,0x00,0x00,0x00,0x00,0x00,0x00,0x00,0x00,0x00,0x00,0x00,
    0x00,0x00,0x00,0x00,0x00,0x00,0x00,0x00,0x00,0x00,0x00,0x00,0x00,0x00,0x00,0x00,0x00,0x00,0x00,0x00,0x00,0x00,0x00,0x00,0x00,0x00,0x00,0x00,0x00,0x00,0x00,0x00,0x00,0x00,0x00,0x00,0x00,0x00,0x00,0x00,0x00,0x00,0x00,0x00,0x00,0x00,0x00,0x00,0x00,0x00,0x00,0x00,0x00,0x00,0x00,0x00,0x00,0x02,0x02,0x61,0x44,0x91,0x2a,0x0f,0x03,0x02,0x00,0x00,0x00,0x00,0x00,0x00,0x00,0x00,0x00,0x00,0x00,0x00,0x00,0x00,0x00,0x00,0x00,0x00,0x00,0x00,0x00,0x00,0x00,0x00,0x00,0x00,0x00,0x00,0x00,0x00,0x00,0x00,0x00,0x00,0x00,0x00,0x00,0x00,0x00,0x00,0x00,0x00,0x00,0x00,0x00,0x00,0x00,0x00,0x00,0x00,0x00,0x00,0x00,0x00,0x00,0x00,0x00,0x00,0x00,0x00,0x00,0x00,0x00,0x00,0x00,0x00,0x00,0x00,0x00,0x00,0x00,0x00,0x00,0x00,0x00,0x00,0x00,0x00,
    0x00,0x00,0x00,0x00,0x00,0x00,0x00,0x00,0x00,0x00,0x00,0x00,0x00,0x00,0x00,0x00,0x00,0x00,0x00,0x00,0x00,0x00,0x00,0x00,0x00,0x00,0x00,0x00,0x00,0x00,0x00,0x00,0x00,0x00,0x00,0x00,0x00,0x00,0x00,0x00,0x00,0x00,0x00,0x00,0x00,0x00,0x00,0x00,0x00,0x00,0x00,0x00,0x00,0x00,0x00,0x00,0x02,0x00,0x4d,0x2a,0x8b,0x1b,0x30,0x50,0x00,0x02,0x00,0x00,0x00,0x00,0x00,0x00,0x00,0x00,0x00,0x00,0x00,0x00,0x00,0x00,0x00,0x00,0x00,0x00,0x00,0x00,0x00,0x00,0x00,0x00,0x00,0x00,0x00,0x00,0x00,0x00,0x00,0x00,0x00,0x00,0x00,0x00,0x00,0x00,0x00,0x00,0x00,0x00,0x00,0x00,0x00,0x00,0x00,0x00,0x00,0x00,0x00,0x00,0x00,0x00,0x00,0x00,0x00,0x00,0x00,0x00,0x00,0x00,0x00,0x00,0x00,0x00,0x00,0x00,0x00,0x00,0x00,0x00,0x00,0x00,0x00,0x00,0x00,0x00,
    0x00,0x00,0x00,0x00,0x00,0x00,0x00,0x00,0x00,0x00,0x00,0x00,0x00,0x00,0x00,0x00,0x00,0x00,0x00,0x00,0x00,0x00,0x00,0x00,0x00,0x00,0x00,0x00,0x00,0x00,0x00,0x00,0x00,0x00,0x00,0x00,0x00,0x00,0x00,0x00,0x00,0x00,0x00,0x00,0x00,0x00,0x00,0x00,0x00,0x00,0x00,0x00,0x00,0x00,0x00,0x00,0x01,0x01,0x0f,0x41,0x0b,0xa6,0x2a,0x22,0x01,0x01,0x00,0x00,0x00,0x00,0x05,0x03,0x02,0x01,0x01,0x01,0x01,0x03,0x02,0x00,0x00,0x00,0x00,0x00,0x00,0x00,0x00,0x00,0x00,0x00,0x00,0x00,0x00,0x00,0x00,0x00,0x00,0x00,0x00,0x00,0x00,0x00,0x00,0x00,0x00,0x00,0x00,0x00,0x00,0x00,0x00,0x00,0x00,0x00,0x00,0x00,0x00,0x00,0x00,0x00,0x00,0x00,0x00,0x00,0x00,0x00,0x00,0x00,0x00,0x00,0x00,0x00,0x00,0x00,0x00,0x00,0x00,0x00,0x00,0x00,0x00,0x00,0x00,0x00,
    0x00,0x00,0x00,0x00,0x00,0x00,0x00,0x00,0x00,0x00,0x00,0x00,0x00,0x00,0x00,0x00,0x00,0x00,0x00,0x00,0x00,0x00,0x00,0x00,0x00,0x00,0x00,0x00,0x00,0x00,0x00,0x00,0x00,0x00,0x00,0x00,0x00,0x00,0x00,0x00,0x00,0x00,0x00,0x00,0x00,0x00,0x00,0x00,0x00,0x00,0x00,0x00,0x00,0x00,0x00,0x00,0x02,0x02,0x22,0x48,0x0b,0x91,0x46,0x24,0x00,0x03,0x00,0x01,0x01,0x00,0x00,0x00,0x00,0x00,0x00,0x00,0x00,0x00,0x00,0x00,0x03,0x02,0x00,0x00,0x00,0x00,0x00,0x00,0x00,0x00,0x00,0x00,0x00,0x00,0x00,0x00,0x00,0x00,0x00,0x00,0x00,0x00,0x00,0x00,0x00,0x00,0x00,0x00,0x00,0x00,0x00,0x00,0x00,0x00,0x00,0x00,0x00,0x00,0x00,0x00,0x00,0x00,0x00,0x00,0x00,0x00,0x00,0x00,0x00,0x00,0x00,0x00,0x00,0x00,0x00,0x00,0x00,0x00,0x00,0x00,0x00,0x00,0x00,0x00,
    0x00,0x00,0x00,0x00,0x00,0x00,0x00,0x00,0x00,0x00,0x00,0x00,0x00,0x00,0x00,0x00,0x00,0x00,0x00,0x00,0x00,0x00,0x00,0x00,0x00,0x00,0x00,0x00,0x00,0x00,0x00,0x00,0x00,0x00,0x00,0x00,0x00,0x00,0x00,0x00,0x00,0x00,0x00,0x00,0x00,0x00,0x00,0x00,0x00,0x00,0x00,0x00,0x00,0x00,0x00,0x00,0x01,0x00,0x0f,0x3e,0xbe,0x7c,0xb3,0x41,0x65,0x00,0x03,0x00,0x00,0x68,0x0e,0x5e,0x40,0x39,0x24,0x24,0x3f,0x5e,0x4d,0x21,0x00,0x00,0x03,0x01,0x01,0x00,0x00,0x00,0x00,0x00,0x00,0x00,0x00,0x00,0x00,0x00,0x00,0x00,0x00,0x00,0x00,0x00,0x00,0x00,0x00,0x00,0x00,0x00,0x00,0x00,0x00,0x00,0x00,0x00,0x00,0x00,0x00,0x00,0x00,0x00,0x00,0x00,0x00,0x00,0x00,0x00,0x00,0x00,0x00,0x00,0x00,0x00,0x00,0x00,0x00,0x00,0x00,0x00,0x00,0x00,0x00,0x00,0x00,0x00,
    0x00,0x00,0x00,0x00,0x00,0x00,0x00,0x00,0x00,0x00,0x00,0x00,0x00,0x00,0x00,0x00,0x00,0x00,0x00,0x00,0x00,0x00,0x00,0x00,0x00,0x00,0x00,0x00,0x00,0x00,0x00,0x00,0x00,0x00,0x00,0x00,0x00,0x00,0x00,0x00,0x00,0x00,0x00,0x00,0x00,0x00,0x00,0x00,0x00,0x00,0x00,0x00,0x00,0x00,0x00,0x00,0x00,0x03,0x00,0x39,0x4c,0xae,0x7c,0xe2,0x3c,0x3f,0x00,0x2c,0x47,0x59,0x51,0x3d,0x1f,0x56,0x4b,0x56,0x1f,0x1e,0x1e,0x71,0x40,0x1a,0x00,0x00,0x00,0x00,0x01,0x00,0x00,0x00,0x00,0x00,0x00,0x00,0x00,0x00,0x00,0x00,0x00,0x00,0x00,0x00,0x00,0x00,0x00,0x00,0x00,0x00,0x00,0x00,0x00,0x00,0x00,0x00,0x00,0x00,0x00,0x00,0x00,0x00,0x00,0x00,0x00,0x00,0x00,0x00,0x00,0x00,0x00,0x00,0x00,0x00,0x00,0x00,0x00,0x00,0x00,0x00,0x00,0x00,0x00,0x00,0x00,0x00,
    0x00,0x00,0x00,0x00,0x00,0x00,0x00,0x00,0x00,0x00,0x00,0x00,0x00,0x00,0x00,0x00,0x00,0x00,0x00,0x00,0x00,0x00,0x00,0x00,0x00,0x00,0x00,0x00,0x00,0x00,0x00,0x00,0x00,0x00,0x00,0x00,0x00,0x00,0x00,0x00,0x00,0x00,0x00,0x00,0x00,0x00,0x00,0x00,0x00,0x00,0x00,0x00,0x00,0x00,0x00,0x00,0x00,0x03,0x03,0x00,0x40,0x73,0xce,0x91,0x53,0x1f,0x30,0x41,0x4e,0x14,0x2b,0x1b,0x9e,0x85,0xb5,0xae,0x86,0xa5,0xa5,0x6b,0x1f,0x1e,0x24,0x24,0x22,0x02,0x00,0x01,0x02,0x00,0x00,0x00,0x00,0x00,0x00,0x00,0x00,0x00,0x00,0x00,0x00,0x00,0x00,0x00,0x00,0x00,0x00,0x00,0x00,0x00,0x00,0x00,0x00,0x00,0x00,0x00,0x00,0x00,0x00,0x00,0x00,0x00,0x00,0x00,0x00,0x00,0x00,0x00,0x00,0x00,0x00,0x00,0x00,0x00,0x00,0x00,0x00,0x00,0x00,0x00,0x00,0x00,0x00,0x00,
    0x00,0x00,0x00,0x00,0x00,0x00,0x00,0x00,0x00,0x00,0x00,0x00,0x00,0x00,0x00,0x00,0x00,0x00,0x00,0x00,0x00,0x00,0x00,0x00,0x00,0x00,0x00,0x00,0x00,0x00,0x00,0x00,0x00,0x00,0x00,0x00,0x00,0x00,0x00,0x00,0x00,0x00,0x00,0x00,0x00,0x00,0x00,0x00,0x00,0x00,0x00,0x00,0x00,0x00,0x00,0x02,0x00,0x00,0x00,0x0f,0x36,0x30,0x3e,0x1f,0xc2,0xad,0xa0,0xb5,0x9d,0x8a,0x9a,0x86,0x7b,0x86,0x86,0x7b,0x9a,0x7b,0x9a,0x8a,0xb5,0x9e,0x2b,0x46,0x3c,0x24,0x0d,0x00,0x00,0x02,0x00,0x00,0x00,0x00,0x00,0x00,0x00,0x00,0x00,0x00,0x00,0x00,0x00,0x00,0x00,0x00,0x00,0x00,0x00,0x00,0x00,0x00,0x00,0x00,0x00,0x00,0x00,0x00,0x00,0x00,0x00,0x00,0x00,0x00,0x00,0x00,0x00,0x00,0x00,0x00,0x00,0x00,0x00,0x00,0x00,0x00,0x00,0x00,0x00,0x00,0x00,0x00,0x00,0x00,
    0x00,0x00,0x00,0x00,0x00,0x00,0x00,0x00,0x00,0x00,0x00,0x00,0x00,0x00,0x00,0x00,0x00,0x00,0x00,0x00,0x00,0x00,0x00,0x00,0x00,0x00,0x00,0x00,0x00,0x00,0x00,0x00,0x00,0x00,0x00,0x00,0x00,0x00,0x00,0x00,0x00,0x00,0x00,0x00,0x00,0x00,0x00,0x00,0x00,0x00,0x00,0x00,0x00,0x02,0x02,0x00,0x21,0x36,0x36,0x61,0x45,0x46,0x46,0xda,0xb3,0xae,0x9a,0x9a,0xae,0x9a,0x9a,0x9a,0x7b,0x9a,0x9a,0x7b,0x7b,0x7b,0x9a,0xae,0x9a,0x8a,0xa0,0xb5,0xb3,0x57,0x32,0x3f,0x22,0x00,0x01,0x00,0x00,0x00,0x00,0x00,0x00,0x00,0x00,0x00,0x00,0x00,0x00,0x00,0x00,0x00,0x00,0x00,0x00,0x00,0x00,0x00,0x00,0x00,0x00,0x00,0x00,0x00,0x00,0x00,0x00,0x00,0x00,0x00,0x00,0x00,0x00,0x00,0x00,0x00,0x00,0x00,0x00,0x00,0x00,0x00,0x00,0x00,0x00,0x00,0x00,0x00,0x00,0x00,
    0x00,0x00,0x00,0x00,0x00,0x00,0x00,0x00,0x00,0x00,0x00,0x00,0x00,0x00,0x00,0x00,0x00,0x00,0x00,0x00,0x00,0x00,0x00,0x00,0x00,0x00,0x00,0x00,0x00,0x00,0x00,0x00,0x00,0x00,0x00,0x00,0x00,0x00,0x00,0x00,0x00,0x00,0x00,0x00,0x00,0x00,0x00,0x00,0x00,0x00,0x00,0x00,0x02,0x00,0x00,0x28,0x6f,0x45,0x94,0x35,0xc0,0xa7,0x8d,0x93,0x8d,0x89,0x85,0x8a,0x7b,0x7b,0x7b,0x7b,0x7b,0x7b,0x7b,0x7b,0x7b,0x7b,0x7b,0x9a,0x7b,0x9a,0x9a,0x7b,0x9d,0xa5,0xb6,0x56,0x19,0x0f,0x00,0x03,0x00,0x00,0x00,0x00,0x00,0x00,0x00,0x00,0x00,0x00,0x00,0x00,0x00,0x00,0x00,0x00,0x00,0x00,0x00,0x00,0x00,0x00,0x00,0x00,0x00,0x00,0x00,0x00,0x00,0x00,0x00,0x00,0x00,0x00,0x00,0x00,0x00,0x00,0x00,0x00,0x00,0x00,0x00,0x00,0x00,0x00,0x00,0x00,0x00,0x00,0x00,0x00,
    0x00,0x00,0x00,0x00,0x00,0x00,0x00,0x00,0x00,0x00,0x00,0x00,0x00,0x00,0x00,0x00,0x00,0x00,0x00,0x00,0x00,0x00,0x00,0x00,0x00,0x00,0x00,0x00,0x00,0x00,0x00,0x00,0x00,0x00,0x00,0x00,0x00,0x00,0x00,0x00,0x00,0x00,0x00,0x00,0x00,0x00,0x00,0x00,0x00,0x00,0x02,0x03,0x00,0x0f,0x6f,0x49,0x44,0x95,0xb4,0xa7,0xad,0x93,0x81,0xb5,0xb5,0x85,0x7c,0x85,0x7b,0x7b,0x8a,0x86,0x8a,0x7b,0x7b,0x7b,0x7b,0x7b,0x8a,0x8a,0x7b,0x8e,0x8e,0x7b,0x9a,0x8a,0xa0,0x85,0x2b,0x30,0x4d,0x00,0x03,0x00,0x00,0x00,0x00,0x00,0x00,0x00,0x00,0x00,0x00,0x00,0x00,0x00,0x00,0x00,0x00,0x00,0x00,0x00,0x00,0x00,0x00,0x00,0x00,0x00,0x00,0x00,0x00,0x00,0x00,0x00,0x00,0x00,0x00,0x00,0x00,0x00,0x00,0x00,0x00,0x00,0x00,0x00,0x00,0x00,0x00,0x00,0x00,0x00,0x00,0x00,
    0x00,0x00,0x00,0x00,0x00,0x00,0x00,0x00,0x00,0x00,0x00,0x00,0x00,0x00,0x00,0x00,0x00,0x00,0x00,0x00,0x00,0x00,0x00,0x00,0x00,0x00,0x00,0x00,0x00,0x00,0x00,0x00,0x00,0x00,0x00,0x00,0x00,0x00,0x00,0x00,0x00,0x00,0x00,0x00,0x00,0x00,0x00,0x00,0x00,0x02,0x01,0x00,0x36,0x61,0x44,0x95,0x31,0x53,0xda,0xa0,0x9d,0x9a,0x7b,0x7b,0x7b,0x7b,0x8a,0x8a,0x7b,0x7b,0x7b,0x81,0x8e,0x7b,0x7b,0x7b,0x86,0x8e,0x81,0x81,0x8e,0x8e,0x86,0x7b,0x7b,0x7b,0x7b,0x85,0x93,0xb4,0x1e,0x40,0x00,0x01,0x00,0x00,0x00,0x00,0x00,0x00,0x00,0x00,0x00,0x00,0x00,0x00,0x00,0x00,0x00,0x00,0x00,0x00,0x00,0x00,0x00,0x00,0x00,0x00,0x00,0x00,0x00,0x00,0x00,0x00,0x00,0x00,0x00,0x00,0x00,0x00,0x00,0x00,0x00,0x00,0x00,0x00,0x00,0x00,0x00,0x00,0x00,0x00,0x00,0x00,
    0x00,0x00,0x00,0x00,0x00,0x00,0x00,0x00,0x00,0x00,0x00,0x00,0x00,0x00,0x00,0x00,0x00,0x00,0x00,0x00,0x00,0x00,0x00,0x00,0x00,0x00,0x00,0x00,0x00,0x00,0x00,0x00,0x00,0x00,0x00,0x00,0x00,0x00,0x00,0x00,0x00,0x00,0x00,0x00,0x00,0x00,0x00,0x00,0x03,0x00,0x21,0x34,0x45,0x95,0x31,0x1e,0x73,0xa6,0x8d,0x81,0x7b,0x7b,0x7b,0x7b,0x7b,0x8a,0x85,0x86,0x8a,0x86,0x86,0x81,0x81,0x8a,0x7b,0x8a,0x8e,0x81,0x81,0x7c,0x81,0x86,0x7b,0x7b,0x7b,0x7b,0x7b,0x7b,0xb5,0x7c,0x0b,0x2a,0x3f,0x00,0x03,0x00,0x00,0x00,0x00,0x00,0x00,0x00,0x00,0x00,0x00,0x00,0x00,0x00,0x00,0x00,0x00,0x00,0x00,0x00,0x00,0x00,0x00,0x00,0x00,0x00,0x00,0x00,0x00,0x00,0x00,0x00,0x00,0x00,0x00,0x00,0x00,0x00,0x00,0x00,0x00,0x00,0x00,0x00,0x00,0x00,0x00,0x00,0x00,0x00,
    0x00,0x00,0x00,0x00,0x00,0x00,0x00,0x00,0x00,0x00,0x00,0x00,0x00,0x00,0x00,0x00,0x00,0x00,0x00,0x00,0x00,0x00,0x00,0x00,0x00,0x00,0x00,0x00,0x00,0x00,0x00,0x00,0x00,0x00,0x00,0x00,0x00,0x00,0x00,0x00,0x00,0x00,0x00,0x00,0x00,0x00,0x00,0x02,0x00,0x50,0x39,0x31,0x94,0x49,0x3e,0x6c,0xce,0x89,0x85,0x81,0x81,0x81,0x81,0x81,0x86,0x8a,0x8a,0x7b,0x7b,0x8a,0x8a,0x7b,0x7b,0x7b,0x7b,0x7b,0x7b,0x7b,0x86,0x86,0x7b,0x9a,0x7b,0x7b,0x7b,0x7b,0x85,0x81,0x81,0x85,0x8c,0x9e,0x2a,0x24,0x00,0x01,0x00,0x00,0x00,0x00,0x00,0x00,0x00,0x00,0x00,0x00,0x00,0x00,0x00,0x00,0x00,0x00,0x00,0x00,0x00,0x00,0x00,0x00,0x00,0x00,0x00,0x00,0x00,0x00,0x00,0x00,0x00,0x00,0x00,0x00,0x00,0x00,0x00,0x00,0x00,0x00,0x00,0x00,0x00,0x00,0x00,0x00,0x00,0x00,
    0x00,0x00,0x00,0x00,0x00,0x00,0x00,0x00,0x00,0x00,0x00,0x00,0x00,0x00,0x00,0x00,0x00,0x00,0x00,0x00,0x00,0x00,0x00,0x00,0x00,0x00,0x00,0x00,0x00,0x00,0x00,0x00,0x00,0x00,0x00,0x00,0x00,0x00,0x00,0x00,0x00,0x00,0x00,0x00,0x00,0x00,0x02,0x00,0x28,0x61,0x31,0x53,0x6f,0x30,0x45,0x8c,0x7c,0x81,0x81,0x81,0x81,0x81,0x81,0x7c,0x86,0x7b,0x7b,0x7b,0x7b,0x7b,0x7b,0x7b,0x7b,0x7b,0x7b,0x7b,0x7b,0x7b,0x7b,0x7b,0xb5,0x8e,0x8e,0x86,0x86,0x85,0x81,0x81,0x81,0x81,0x85,0x8d,0xce,0x6a,0x24,0x03,0x03,0x00,0x00,0x00,0x00,0x00,0x00,0x00,0x00,0x00,0x00,0x00,0x00,0x00,0x00,0x00,0x00,0x00,0x00,0x00,0x00,0x00,0x00,0x00,0x00,0x00,0x00,0x00,0x00,0x00,0x00,0x00,0x00,0x00,0x00,0x00,0x00,0x00,0x00,0x00,0x00,0x00,0x00,0x00,0x00,0x00,0x00,0x00,
    0x00,0x00,0x00,0x00,0x00,0x00,0x00,0x00,0x00,0x00,0x00,0x00,0x00,0x00,0x00,0x00,0x00,0x00,0x00,0x00,0x00,0x00,0x00,0x00,0x00,0x00,0x00,0x00,0x00,0x00,0x00,0x00,0x00,0x00,0x00,0x00,0x00,0x00,0x00,0x00,0x00,0x00,0x00,0x00,0x00,0x02,0x00,0x28,0x61,0x8b,0x45,0x34,0x24,0x1f,0x91,0x9e,0x86,0x81,0x81,0x81,0x81,0x81,0x81,0x81,0x86,0x7b,0x7b,0x7b,0x7b,0x8a,0x7b,0x7b,0x7b,0x7b,0x86,0x86,0x8a,0x7b,0x8a,0x8e,0x81,0x81,0x89,0x89,0x7c,0x81,0x81,0x81,0x81,0x81,0x81,0x81,0x9e,0x46,0x30,0x00,0x00,0x00,0x00,0x00,0x00,0x00,0x00,0x00,0x00,0x00,0x00,0x00,0x00,0x00,0x00,0x00,0x00,0x00,0x00,0x00,0x00,0x00,0x00,0x00,0x00,0x00,0x00,0x00,0x00,0x00,0x00,0x00,0x00,0x00,0x00,0x00,0x00,0x00,0x00,0x00,0x00,0x00,0x00,0x00,0x00,0x00,0x00,0x00,
    0x00,0x00,0x00,0x00,0x00,0x00,0x00,0x00,0x00,0x00,0x00,0x00,0x00,0x00,0x00,0x00,0x00,0x00,0x00,0x00,0x00,0x00,0x00,0x00,0x00,0x00,0x00,0x00,0x00,0x00,0x00,0x00,0x00,0x00,0x00,0x00,0x00,0x00,0x00,0x00,0x00,0x00,0x00,0x00,0x02,0x03,0x50,0x49,0x2b,0x4c,0x36,0x5b,0x48,0x35,0x9b,0x85,0x81,0x81,0x81,0x81,0x81,0x81,0x81,0x81,0x81,0x8a,0x7b,0x7b,0x9a,0xbb,0x7b,0x7b,0x7b,0x86,0x7c,0x85,0x86,0x7b,0x7b,0x7b,0x8a,0x8a,0x86,0x8e,0x81,0x81,0x81,0x81,0x81,0x81,0x81,0x81,0x81,0x94,0x2a,0x24,0x21,0x01,0x00,0x00,0x00,0x00,0x00,0x00,0x00,0x00,0x00,0x00,0x00,0x00,0x00,0x00,0x00,0x00,0x00,0x00,0x00,0x00,0x00,0x00,0x00,0x00,0x00,0x00,0x00,0x00,0x00,0x00,0x00,0x00,0x00,0x00,0x00,0x00,0x00,0x00,0x00,0x00,0x00,0x00,0x00,0x00,0x00,0x00,
    0x00,0x00,0x00,0x00,0x00,0x00,0x00,0x00,0x00,0x00,0x00,0x00,0x00,0x00,0x00,0x00,0x00,0x00,0x00,0x00,0x00,0x00,0x00,0x00,0x00,0x00,0x00,0x00,0x00,0x00,0x00,0x00,0x00,0x00,0x00,0x00,0x00,0x00,0x00,0x00,0x00,0x00,0x00,0x00,0x03,0x00,0x34,0x23,0x46,0x71,0x1a,0x64,0xac,0x94,0x96,0x81,0x81,0x81,0x81,0x86,0x8a,0x8a,0x8e,0x81,0x85,0x8a,0x9a,0xa9,0xbd,0xb3,0x9d,0x9a,0x7b,0x7b,0x7b,0x7b,0x7b,0x7b,0x9a,0x9d,0x14,0xb3,0x9d,0x9a,0x8a,0x8e,0x81,0x81,0x81,0x81,0x81,0x81,0x8c,0x94,0x35,0x4e,0x4f,0x02,0x03,0x00,0x00,0x00,0x00,0x00,0x00,0x00,0x00,0x00,0x00,0x00,0x00,0x00,0x00,0x00,0x00,0x00,0x00,0x00,0x00,0x00,0x00,0x00,0x00,0x00,0x00,0x00,0x00,0x00,0x00,0x00,0x00,0x00,0x00,0x00,0x00,0x00,0x00,0x00,0x00,0x00,0x00,0x00,0x00,0x00,
    0x00,0x00,0x00,0x00,0x00,0x00,0x00,0x00,0x00,0x00,0x00,0x00,0x00,0x00,0x00,0x00,0x00,0x00,0x00,0x00,0x00,0x00,0x00,0x00,0x00,0x00,0x00,0x00,0x00,0x00,0x00,0x00,0x00,0x00,0x00,0x00,0x00,0x00,0x00,0x00,0x00,0x00,0x00,0x01,0x00,0x3f,0x2a,0x4c,0x64,0x00,0x39,0x46,0x06,0x94,0x9b,0x85,0x81,0x7c,0x8e,0x7b,0x7b,0x7b,0x7b,0x8e,0x86,0x9a,0x9d,0xad,0x25,0x85,0x81,0x7b,0x7b,0x7b,0x7b,0x7b,0x7b,0x8a,0x85,0x8d,0xda,0x29,0x93,0x81,0x86,0x81,0x89,0x81,0x81,0x81,0x81,0x85,0x9b,0x94,0x95,0xb2,0x41,0x1a,0x01,0x01,0x00,0x00,0x00,0x00,0x00,0x00,0x00,0x00,0x00,0x00,0x00,0x00,0x00,0x00,0x00,0x00,0x00,0x00,0x00,0x00,0x00,0x00,0x00,0x00,0x00,0x00,0x00,0x00,0x00,0x00,0x00,0x00,0x00,0x00,0x00,0x00,0x00,0x00,0x00,0x00,0x00,0x00,0x00,0x00,
    0x00,0x00,0x00,0x00,0x00,0x00,0x00,0x00,0x00,0x00,0x00,0x00,0x00,0x00,0x00,0x00,0x00,0x00,0x00,0x00,0x00,0x00,0x00,0x00,0x00,0x00,0x00,0x00,0x00,0x00,0x00,0x00,0x00,0x00,0x00,0x00,0x00,0x00,0x00,0x00,0x00,0x00,0x03,0x00,0x36,0x46,0xa7,0x41,0x1a,0x34,0x44,0x35,0x89,0x9b,0xa0,0x81,0x81,0x81,0x8a,0x7b,0x7b,0x9a,0x7b,0x8e,0xb5,0x9d,0xb3,0xdc,0xba,0xa0,0x81,0x8e,0x7b,0x7b,0x7b,0x7b,0x8e,0x7c,0x81,0x8c,0xbe,0xf8,0xdc,0xa0,0x89,0x85,0x85,0x81,0x81,0x81,0x81,0x81,0x8c,0x94,0x94,0x35,0x1f,0x36,0x01,0x03,0x00,0x00,0x00,0x00,0x00,0x00,0x00,0x00,0x00,0x00,0x00,0x00,0x00,0x00,0x00,0x00,0x00,0x00,0x00,0x00,0x00,0x00,0x00,0x00,0x00,0x00,0x00,0x00,0x00,0x00,0x00,0x00,0x00,0x00,0x00,0x00,0x00,0x00,0x00,0x00,0x00,0x00,0x00,0x00,
    0x00,0x00,0x00,0x00,0x00,0x00,0x00,0x00,0x00,0x00,0x00,0x00,0x00,0x00,0x00,0x00,0x00,0x00,0x00,0x00,0x00,0x00,0x00,0x00,0x00,0x00,0x00,0x00,0x00,0x00,0x00,0x00,0x00,0x00,0x00,0x00,0x00,0x00,0x00,0x00,0x00,0x00,0x02,0x03,0x19,0x4c,0x4b,0x62,0x03,0x5a,0xbf,0x9b,0x85,0x81,0x81,0x81,0x89,0x81,0x7b,0x7b,0x9a,0x9d,0xa0,0x85,0xa0,0xae,0xba,0xb1,0xba,0x93,0x85,0x81,0x86,0x7b,0x7b,0x7b,0x86,0x86,0x86,0xa0,0xce,0xf2,0xba,0xdc,0x93,0xbb,0x14,0x86,0x86,0x89,0x81,0x81,0x81,0x9b,0x96,0x91,0x17,0x3e,0x00,0x02,0x00,0x00,0x00,0x00,0x00,0x00,0x00,0x00,0x00,0x00,0x00,0x00,0x00,0x00,0x00,0x00,0x00,0x00,0x00,0x00,0x00,0x00,0x00,0x00,0x00,0x00,0x00,0x00,0x00,0x00,0x00,0x00,0x00,0x00,0x00,0x00,0x00,0x00,0x00,0x00,0x00,0x00,0x00,0x00,
    0x00,0x00,0x00,0x00,0x00,0x00,0x00,0x00,0x00,0x00,0x00,0x00,0x00,0x00,0x00,0x00,0x00,0x00,0x00,0x00,0x00,0x00,0x00,0x00,0x00,0x00,0x00,0x00,0x00,0x00,0x00,0x00,0x00,0x00,0x00,0x00,0x00,0x00,0x00,0x00,0x00,0x01,0x02,0x22,0x3d,0xd7,0x32,0x21,0x28,0x45,0x35,0x8d,0x81,0x89,0x81,0x81,0x7c,0x85,0x86,0x9a,0x9d,0xb1,0x0b,0x8d,0xb5,0xa7,0x17,0xb6,0xba,0x93,0xb5,0x9a,0x8a,0x86,0x8a,0x86,0x86,0x7b,0x9a,0x7b,0xae,0xc0,0x9e,0xf2,0xe2,0xd2,0xba,0xa5,0xa0,0x89,0x81,0x81,0x81,0x81,0x81,0x9e,0xb2,0x1f,0x5e,0x00,0x03,0x00,0x00,0x00,0x00,0x00,0x00,0x00,0x00,0x00,0x00,0x00,0x00,0x00,0x00,0x00,0x00,0x00,0x00,0x00,0x00,0x00,0x00,0x00,0x00,0x00,0x00,0x00,0x00,0x00,0x00,0x00,0x00,0x00,0x00,0x00,0x00,0x00,0x00,0x00,0x00,0x00,0x00,0x00,
    0x00,0x00,0x00,0x00,0x00,0x00,0x00,0x00,0x00,0x00,0x00,0x00,0x00,0x00,0x00,0x00,0x00,0x00,0x00,0x00,0x00,0x00,0x00,0x00,0x00,0x00,0x00,0x00,0x00,0x00,0x00,0x00,0x00,0x00,0x00,0x00,0x00,0x00,0x00,0x00,0x00,0x05,0x00,0x59,0x6c,0x3d,0x5b,0x00,0x64,0x44,0x94,0x89,0x89,0x8d,0x7c,0x8e,0xae,0x9c,0x8d,0x81,0x85,0xa7,0xbe,0x93,0xa7,0xb4,0x9b,0xb2,0x14,0xa9,0xb5,0x9a,0x8e,0x7c,0x81,0x7c,0x81,0x85,0x86,0x86,0x8c,0xd3,0xb0,0x7c,0xc0,0xb6,0xa5,0xba,0x93,0x85,0x81,0x81,0x81,0x81,0x81,0x81,0xb1,0x53,0x30,0x00,0x03,0x00,0x00,0x00,0x00,0x00,0x00,0x00,0x00,0x00,0x00,0x00,0x00,0x00,0x00,0x00,0x00,0x00,0x00,0x00,0x00,0x00,0x00,0x00,0x00,0x00,0x00,0x00,0x00,0x00,0x00,0x00,0x00,0x00,0x00,0x00,0x00,0x00,0x00,0x00,0x00,0x00,0x00,0x00,
    0x00,0x00,0x00,0x00,0x00,0x00,0x00,0x00,0x00,0x00,0x00,0x00,0x00,0x00,0x00,0x00,0x00,0x00,0x00,0x00,0x00,0x00,0x00,0x00,0x00,0x00,0x00,0x00,0x00,0x00,0x00,0x00,0x00,0x00,0x00,0x00,0x00,0x00,0x00,0x00,0x01,0x00,0x03,0x3d,0x6c,0x4f,0x00,0x65,0x4b,0x0b,0xa0,0xb5,0x8e,0x81,0x8d,0x29,0xe6,0x27,0x1b,0x9c,0xbd,0xb3,0x9c,0xad,0xba,0x95,0x95,0xac,0xb8,0x9d,0x9a,0x7b,0x7b,0x8a,0x8a,0x8a,0x7b,0x7b,0x86,0x85,0x8c,0xd3,0xa6,0x8c,0xbe,0xf8,0x7b,0xa7,0xae,0x81,0x86,0x8a,0x8e,0x85,0x81,0x81,0xa0,0xa0,0x70,0x08,0x00,0x01,0x00,0x00,0x00,0x00,0x00,0x00,0x00,0x00,0x00,0x00,0x00,0x00,0x00,0x00,0x00,0x00,0x00,0x00,0x00,0x00,0x00,0x00,0x00,0x00,0x00,0x00,0x00,0x00,0x00,0x00,0x00,0x00,0x00,0x00,0x00,0x00,0x00,0x00,0x00,0x00,0x00,0x00,
    0x00,0x00,0x00,0x00,0x00,0x00,0x00,0x00,0x00,0x00,0x00,0x00,0x00,0x00,0x00,0x00,0x00,0x00,0x00,0x00,0x00,0x00,0x00,0x00,0x00,0x00,0x00,0x00,0x00,0x00,0x00,0x00,0x00,0x00,0x00,0x00,0x00,0x00,0x00,0x00,0x05,0x02,0x59,0x6c,0x6a,0x4f,0x21,0x3c,0x56,0xae,0xae,0x8a,0x85,0x93,0xad,0xbc,0xd1,0xe0,0xb9,0xcf,0xc1,0x9d,0xae,0xa7,0x35,0xef,0xdd,0xb7,0xc0,0xa9,0x9a,0x9a,0x7b,0x9a,0x7b,0x7b,0x7b,0x7b,0x7b,0x9a,0x9d,0x29,0x27,0xb4,0x06,0xb4,0x14,0xe2,0x14,0x93,0x85,0x7b,0x7b,0x7b,0x7b,0x9a,0xb5,0xa5,0xde,0x51,0x01,0x05,0x00,0x00,0x00,0x00,0x00,0x00,0x00,0x00,0x00,0x00,0x00,0x00,0x00,0x00,0x00,0x00,0x00,0x00,0x00,0x00,0x00,0x00,0x00,0x00,0x00,0x00,0x00,0x00,0x00,0x00,0x00,0x00,0x00,0x00,0x00,0x00,0x00,0x00,0x00,0x00,0x00,0x00,
    0x00,0x00,0x00,0x00,0x00,0x00,0x00,0x00,0x00,0x00,0x00,0x00,0x00,0x00,0x00,0x00,0x00,0x00,0x00,0x00,0x00,0x00,0x00,0x00,0x00,0x00,0x00,0x00,0x00,0x00,0x00,0x00,0x00,0x00,0x00,0x00,0x00,0x00,0x00,0x02,0x00,0x1a,0x3d,0xd7,0x6c,0x1a,0x22,0x4b,0xb3,0x81,0x7b,0x7b,0x9a,0xa9,0xeb,0xe0,0xd1,0xd1,0xd1,0xe5,0xaf,0xbb,0xe2,0xc0,0xd3,0xdd,0xbf,0xb4,0xb8,0xa9,0xa7,0xad,0x8a,0xae,0x7b,0x7b,0x7b,0x7b,0x7b,0x9a,0x8a,0xa7,0x23,0xb4,0xb8,0x23,0xd3,0xba,0xc0,0x9c,0x89,0x81,0x81,0x86,0x86,0xb5,0xae,0xae,0xb7,0x48,0x28,0x00,0x03,0x00,0x00,0x00,0x00,0x00,0x00,0x00,0x00,0x00,0x00,0x00,0x00,0x00,0x00,0x00,0x00,0x00,0x00,0x00,0x00,0x00,0x00,0x00,0x00,0x00,0x00,0x00,0x00,0x00,0x00,0x00,0x00,0x00,0x00,0x00,0x00,0x00,0x00,0x00,0x00,0x00,
    0x00,0x00,0x00,0x00,0x00,0x00,0x00,0x00,0x00,0x00,0x00,0x00,0x00,0x00,0x00,0x00,0x00,0x00,0x00,0x00,0x00,0x00,0x00,0x00,0x00,0x00,0x00,0x00,0x00,0x00,0x00,0x00,0x00,0x00,0x00,0x00,0x00,0x00,0x00,0x01,0x00,0x0d,0x3d,0x54,0x55,0x00,0x3f,0x6b,0x85,0x85,0x8a,0x7b,0x9a,0x8a,0xba,0xe6,0xbc,0xe0,0xd1,0xe5,0xc1,0xa5,0xb7,0x23,0x06,0x95,0x95,0xbf,0xba,0x9d,0xb7,0xb8,0xa9,0xb5,0x86,0x86,0x86,0x8a,0x8a,0x9a,0x8a,0xbd,0x8b,0x95,0x96,0xbf,0xd3,0xb7,0xdc,0x89,0x8e,0x7b,0x81,0x81,0x81,0x8d,0x86,0x9d,0xa7,0xb3,0x3e,0x00,0x03,0x00,0x00,0x00,0x00,0x00,0x00,0x00,0x00,0x00,0x00,0x00,0x00,0x00,0x00,0x00,0x00,0x00,0x00,0x00,0x00,0x00,0x00,0x00,0x00,0x00,0x00,0x00,0x00,0x00,0x00,0x00,0x00,0x00,0x00,0x00,0x00,0x00,0x00,0x00,0x00,0x00,
    0x00,0x00,0x00,0x00,0x00,0x00,0x00,0x00,0x00,0x00,0x00,0x00,0x00,0x00,0x00,0x00,0x00,0x00,0x00,0x00,0x00,0x00,0x00,0x00,0x00,0x00,0x00,0x00,0x00,0x00,0x00,0x00,0x00,0x00,0x00,0x00,0x00,0x00,0x00,0x01,0x00,0x22,0x6a,0x54,0x62,0x00,0x40,0x53,0x8e,0xae,0x9a,0x7b,0x86,0xae,0xa9,0xd2,0xb3,0x29,0xe6,0xa2,0x29,0xbd,0xa6,0x9c,0x9b,0x91,0x96,0xbf,0xb8,0xb1,0xc9,0xb8,0x93,0x85,0x89,0x81,0x81,0x81,0x7c,0x86,0x7b,0xa7,0x17,0x8c,0x8b,0xa4,0x95,0x27,0xb7,0xbe,0xa0,0x86,0x81,0x81,0x81,0x89,0x8e,0x8d,0x14,0x14,0x1f,0x65,0x00,0x01,0x00,0x00,0x00,0x00,0x00,0x00,0x00,0x00,0x00,0x00,0x00,0x00,0x00,0x00,0x00,0x00,0x00,0x00,0x00,0x00,0x00,0x00,0x00,0x00,0x00,0x00,0x00,0x00,0x00,0x00,0x00,0x00,0x00,0x00,0x00,0x00,0x00,0x00,0x00,0x00,
    0x00,0x00,0x00,0x00,0x00,0x00,0x00,0x00,0x00,0x00,0x00,0x00,0x00,0x00,0x00,0x00,0x00,0x00,0x00,0x00,0x00,0x00,0x00,0x00,0x00,0x00,0x00,0x00,0x00,0x00,0x00,0x00,0x00,0x00,0x00,0x00,0x00,0x00,0x00,0x03,0x00,0x36,0x70,0x54,0x2c,0x0f,0x1f,0x2b,0xb5,0xa5,0xb5,0xa0,0xae,0xe6,0xeb,0xb8,0xa6,0x9c,0xdc,0x14,0x2d,0x0b,0x8d,0x9e,0x85,0xa0,0x8d,0x17,0xba,0xba,0xac,0xd3,0x93,0x85,0x89,0x85,0x85,0x85,0x85,0x7b,0x8a,0xa7,0xce,0x85,0x85,0x81,0x91,0xa6,0xc4,0xb3,0x8e,0x7c,0x81,0x81,0x89,0xb5,0xe2,0x8e,0xb3,0xe2,0x4c,0x19,0x00,0x03,0x00,0x00,0x00,0x00,0x00,0x00,0x00,0x00,0x00,0x00,0x00,0x00,0x00,0x00,0x00,0x00,0x00,0x00,0x00,0x00,0x00,0x00,0x00,0x00,0x00,0x00,0x00,0x00,0x00,0x00,0x00,0x00,0x00,0x00,0x00,0x00,0x00,0x00,0x00,0x00,
    0x00,0x00,0x00,0x00,0x00,0x00,0x00,0x00,0x00,0x00,0x00,0x00,0x00,0x00,0x00,0x00,0x00,0x00,0x00,0x00,0x00,0x00,0x00,0x00,0x00,0x00,0x00,0x00,0x00,0x00,0x00,0x00,0x00,0x00,0x00,0x00,0x00,0x00,0x00,0x05,0x00,0x4f,0x63,0x54,0x08,0x34,0x53,0x06,0xbb,0xb6,0x81,0x9c,0xa7,0xe0,0xe5,0xe0,0xc7,0xc5,0xc1,0xdc,0xb8,0x93,0x9e,0x89,0x85,0xb6,0xb6,0x9b,0xa7,0xa7,0x06,0xc9,0x9b,0x8d,0x8d,0x8d,0x8d,0x8d,0x9d,0x7b,0xa5,0xa7,0xa6,0xba,0xad,0x93,0xbe,0x9c,0xc0,0xc0,0xa5,0xa0,0x85,0x86,0x86,0x8e,0xbd,0xae,0xbb,0x14,0xac,0x19,0x0f,0x00,0x02,0x00,0x00,0x00,0x00,0x00,0x00,0x00,0x00,0x00,0x00,0x00,0x00,0x00,0x00,0x00,0x00,0x00,0x00,0x00,0x00,0x00,0x00,0x00,0x00,0x00,0x00,0x00,0x00,0x00,0x00,0x00,0x00,0x00,0x00,0x00,0x00,0x00,0x00,0x00,
    0x00,0x00,0x00,0x00,0x00,0x00,0x00,0x00,0x00,0x00,0x00,0x00,0x00,0x00,0x00,0x00,0x00,0x00,0x00,0x00,0x00,0x00,0x00,0x00,0x00,0x00,0x00,0x00,0x00,0x00,0x00,0x00,0x00,0x00,0x00,0x00,0x00,0x00,0x00,0x05,0x00,0x2c,0x63,0x54,0x2c,0x34,0x53,0x9c,0x52,0xb6,0x81,0xa9,0xcf,0xf5,0xe5,0xd1,0xd1,0xe5,0xf5,0xc4,0x9c,0xa6,0x89,0xce,0xf2,0xf1,0xe4,0xb2,0xbd,0x29,0x95,0xd3,0xb8,0xb3,0xb3,0xb3,0xb3,0xda,0xda,0xe2,0xb7,0xdc,0xb2,0xc2,0xdc,0x2b,0x8b,0x94,0xb4,0xc2,0xa5,0x8a,0x7b,0x8a,0x9a,0xb5,0xad,0xae,0xae,0xb6,0xb4,0x19,0x0f,0x00,0x02,0x00,0x00,0x00,0x00,0x00,0x00,0x00,0x00,0x00,0x00,0x00,0x00,0x00,0x00,0x00,0x00,0x00,0x00,0x00,0x00,0x00,0x00,0x00,0x00,0x00,0x00,0x00,0x00,0x00,0x00,0x00,0x00,0x00,0x00,0x00,0x00,0x00,0x00,0x00,
    0x00,0x00,0x00,0x00,0x00,0x00,0x00,0x00,0x00,0x00,0x00,0x00,0x00,0x00,0x00,0x00,0x00,0x00,0x00,0x00,0x00,0x00,0x00,0x00,0x00,0x00,0x00,0x00,0x00,0x00,0x00,0x00,0x00,0x00,0x00,0x00,0x00,0x00,0x00,0x01,0x00,0x0d,0x4a,0x54,0x51,0x30,0x2b,0x9e,0xf1,0xa5,0x8a,0x9d,0xb3,0xeb,0xe6,0xf5,0xe0,0xe5,0xf5,0xc2,0xa4,0x8c,0x8c,0x0b,0xb8,0xbd,0xbd,0x0b,0x1b,0xb7,0x94,0x0b,0xba,0xb2,0xb2,0xac,0xac,0xb2,0xb4,0xc0,0xc1,0xbd,0x0b,0xdd,0xb8,0x17,0xa4,0xa6,0xb3,0x2d,0xa5,0x9a,0x9d,0xb6,0xbb,0x86,0xad,0xb1,0xb5,0xb6,0xb4,0x3c,0x01,0x03,0x00,0x00,0x00,0x00,0x00,0x00,0x00,0x00,0x00,0x00,0x00,0x00,0x00,0x00,0x00,0x00,0x00,0x00,0x00,0x00,0x00,0x00,0x00,0x00,0x00,0x00,0x00,0x00,0x00,0x00,0x00,0x00,0x00,0x00,0x00,0x00,0x00,0x00,0x00,0x00,
    0x00,0x00,0x00,0x00,0x00,0x00,0x00,0x00,0x00,0x00,0x00,0x00,0x00,0x00,0x00,0x00,0x00,0x00,0x00,0x00,0x00,0x00,0x00,0x00,0x00,0x00,0x00,0x00,0x00,0x00,0x00,0x00,0x00,0x00,0x00,0x00,0x00,0x00,0x00,0x01,0x00,0x0d,0x51,0x2d,0x4a,0x3c,0xb3,0xa5,0xf1,0x8a,0x86,0xa5,0xae,0xd2,0xa9,0xb3,0xc1,0xa2,0xd0,0xb8,0xa7,0xbd,0xc4,0x7a,0x88,0x88,0x7a,0x42,0xc9,0xbe,0x81,0xa0,0x93,0x93,0x8d,0x8d,0x9b,0x94,0x95,0x35,0x0b,0xb7,0x92,0x7e,0x84,0xa3,0xcf,0xdc,0xb0,0xe4,0xbb,0xa5,0xbb,0xb2,0xa5,0x9c,0xbd,0xa7,0xa0,0xad,0xa7,0x32,0x0f,0x00,0x02,0x00,0x00,0x00,0x00,0x00,0x00,0x00,0x00,0x00,0x00,0x00,0x00,0x00,0x00,0x00,0x00,0x00,0x00,0x00,0x00,0x00,0x00,0x00,0x00,0x00,0x00,0x00,0x00,0x00,0x00,0x00,0x00,0x00,0x00,0x00,0x00,0x00,0x00,0x00,
    0x00,0x00,0x00,0x00,0x00,0x00,0x00,0x00,0x00,0x00,0x00,0x00,0x00,0x00,0x00,0x00,0x00,0x00,0x00,0x00,0x00,0x00,0x00,0x00,0x00,0x00,0x00,0x00,0x00,0x00,0x00,0x00,0x00,0x00,0x00,0x00,0x00,0x00,0x00,0x00,0x05,0x05,0x51,0x2d,0x4a,0x2a,0x81,0xad,0x52,0x8d,0xd2,0xeb,0xb9,0xeb,0x27,0xac,0xc2,0xc1,0xb3,0xb6,0xc4,0x88,0x90,0xcf,0xc9,0x27,0x27,0xcf,0x88,0xa7,0x9c,0x9e,0x85,0x85,0x85,0x85,0x85,0x8b,0x94,0x96,0xde,0xa3,0xcf,0xb7,0xb7,0xc4,0x88,0x88,0xcf,0xdc,0xb5,0xc2,0x14,0xb3,0x0b,0x9c,0xb2,0xad,0xa9,0x14,0xc1,0x3c,0x1a,0x01,0x02,0x00,0x00,0x00,0x00,0x00,0x00,0x00,0x00,0x00,0x00,0x00,0x00,0x00,0x00,0x00,0x00,0x00,0x00,0x00,0x00,0x00,0x00,0x00,0x00,0x00,0x00,0x00,0x00,0x00,0x00,0x00,0x00,0x00,0x00,0x00,0x00,0x00,0x00,0x00,
    0x00,0x00,0x00,0x00,0x00,0x00,0x00,0x00,0x00,0x00,0x00,0x00,0x00,0x00,0x00,0x00,0x00,0x00,0x00,0x00,0x00,0x00,0x00,0x00,0x00,0x00,0x00,0x00,0x00,0x00,0x00,0x00,0x00,0x00,0x00,0x00,0x00,0x00,0x00,0x00,0x05,0x00,0x47,0x2d,0x63,0x2a,0x9c,0xb2,0xa5,0x8d,0xae,0xe6,0xe5,0xe5,0xe0,0xe0,0xf5,0xaf,0xdc,0x42,0x88,0xc4,0x17,0xef,0xc4,0x92,0xc4,0xdd,0xb4,0xc2,0xbe,0x8c,0x81,0x81,0x81,0x81,0x89,0x91,0x94,0x29,0x29,0xd3,0xc4,0xcf,0xd7,0xb4,0xbf,0xc4,0x88,0xd0,0xc2,0x1b,0x14,0xba,0xa5,0x9d,0x9d,0x8a,0x86,0xa7,0xa7,0x2a,0x21,0x00,0x03,0x00,0x00,0x00,0x00,0x00,0x00,0x00,0x00,0x00,0x00,0x00,0x00,0x00,0x00,0x00,0x00,0x00,0x00,0x00,0x00,0x00,0x00,0x00,0x00,0x00,0x00,0x00,0x00,0x00,0x00,0x00,0x00,0x00,0x00,0x00,0x00,0x00,0x00,0x00,
    0x00,0x00,0x00,0x00,0x00,0x00,0x00,0x00,0x00,0x00,0x00,0x00,0x00,0x00,0x00,0x00,0x00,0x00,0x00,0x00,0x00,0x00,0x00,0x00,0x00,0x00,0x00,0x00,0x00,0x00,0x00,0x00,0x00,0x00,0x00,0x00,0x00,0x00,0x00,0x00,0x02,0x01,0x5f,0x4a,0x6b,0xda,0xbe,0xb6,0xae,0xa0,0xa5,0xbc,0xe0,0xe5,0xd1,0xd1,0xd1,0xf5,0xb7,0x88,0xcf,0x95,0x23,0xe1,0xe1,0xd9,0xec,0xaf,0xea,0xa4,0xa6,0x06,0x89,0x81,0x81,0x81,0x89,0x89,0x9e,0x0b,0xdd,0x88,0xe1,0xc5,0xd9,0xe1,0xbf,0x95,0xc1,0x88,0xb7,0x9c,0xb7,0xf8,0xb1,0x9a,0xae,0x7b,0x7b,0xe2,0xa6,0x44,0x39,0x1a,0x00,0x02,0x00,0x00,0x00,0x00,0x00,0x00,0x00,0x00,0x00,0x00,0x00,0x00,0x00,0x00,0x00,0x00,0x00,0x00,0x00,0x00,0x00,0x00,0x00,0x00,0x00,0x00,0x00,0x00,0x00,0x00,0x00,0x00,0x00,0x00,0x00,0x00,0x00,0x00,
    0x00,0x00,0x00,0x00,0x00,0x00,0x00,0x00,0x00,0x00,0x00,0x00,0x00,0x00,0x00,0x00,0x00,0x00,0x00,0x00,0x00,0x00,0x00,0x00,0x00,0x00,0x00,0x00,0x00,0x00,0x00,0x00,0x00,0x00,0x00,0x00,0x00,0x00,0x00,0x00,0x00,0x03,0x00,0x28,0x5a,0xe2,0x8e,0x9a,0x7b,0x9a,0x9a,0xb2,0x27,0xeb,0xc7,0xe0,0xe0,0xbc,0x84,0xde,0x94,0x94,0xde,0xc6,0xec,0xef,0xef,0xc6,0x88,0xb4,0xa4,0xa6,0x81,0x81,0x81,0x81,0x81,0x85,0x8c,0x8b,0xa1,0xe1,0x2f,0xfb,0xec,0xe1,0xc4,0x95,0x06,0x42,0x78,0x91,0xcf,0xd0,0xae,0xbb,0x9a,0x86,0x8e,0xae,0x0b,0x96,0x14,0x1e,0x22,0x02,0x03,0x00,0x00,0x00,0x00,0x00,0x00,0x00,0x00,0x00,0x00,0x00,0x00,0x00,0x00,0x00,0x00,0x00,0x00,0x00,0x00,0x00,0x00,0x00,0x00,0x00,0x00,0x00,0x00,0x00,0x00,0x00,0x00,0x00,0x00,0x00,0x00,0x00,
    0x00,0x00,0x00,0x00,0x00,0x00,0x00,0x00,0x00,0x00,0x00,0x00,0x00,0x00,0x00,0x00,0x00,0x00,0x00,0x00,0x00,0x00,0x00,0x00,0x00,0x00,0x00,0x00,0x00,0x00,0x00,0x00,0x00,0x00,0x00,0x00,0x00,0x00,0x00,0x00,0x00,0x02,0x03,0x50,0x24,0x25,0xa5,0x8a,0x9a,0x7b,0x7b,0xa9,0xd2,0xa9,0xa5,0xc4,0xea,0xd0,0x88,0xdd,0x95,0xef,0x78,0xe1,0xfb,0x95,0xa4,0xa2,0x88,0xc2,0x9c,0x9e,0x81,0x81,0x81,0x81,0x81,0xa6,0xa4,0xdd,0x88,0xeb,0x95,0x95,0xfb,0x88,0x83,0xef,0x95,0xd3,0x88,0xc0,0xe7,0x15,0x8a,0x8e,0x86,0x7c,0x85,0x8d,0x49,0x49,0x8b,0x4b,0x59,0x00,0x00,0x00,0x00,0x00,0x00,0x00,0x00,0x00,0x00,0x00,0x00,0x00,0x00,0x00,0x00,0x00,0x00,0x00,0x00,0x00,0x00,0x00,0x00,0x00,0x00,0x00,0x00,0x00,0x00,0x00,0x00,0x00,0x00,0x00,0x00,0x00,0x00,0x00,
    0x00,0x00,0x00,0x00,0x00,0x00,0x00,0x00,0x00,0x00,0x00,0x00,0x00,0x00,0x00,0x00,0x00,0x00,0x00,0x00,0x00,0x00,0x00,0x00,0x00,0x00,0x00,0x00,0x00,0x00,0x00,0x00,0x00,0x00,0x00,0x00,0x00,0x00,0x00,0x00,0x00,0x01,0x00,0x40,0x5a,0xb3,0xe2,0x9d,0xb5,0x86,0x86,0x85,0x9e,0x93,0xf0,0x10,0x17,0xc4,0x92,0x96,0x95,0xdd,0x90,0xe1,0xea,0x35,0xf9,0xab,0x88,0xd7,0x9c,0x85,0x89,0x8c,0x8c,0x89,0x91,0x8b,0x95,0xc9,0x88,0xab,0xef,0x96,0xeb,0xe1,0x7d,0xac,0xa4,0x35,0x7f,0xd0,0xe7,0x20,0x1b,0x93,0xb5,0x8a,0x9a,0xa0,0x23,0x3e,0x23,0xa7,0x4b,0x49,0x50,0x01,0x02,0x00,0x00,0x00,0x00,0x00,0x00,0x00,0x00,0x00,0x00,0x00,0x00,0x00,0x00,0x00,0x00,0x00,0x00,0x00,0x00,0x00,0x00,0x00,0x00,0x00,0x00,0x00,0x00,0x00,0x00,0x00,0x00,0x00,0x00,0x00,
    0x00,0x00,0x00,0x00,0x00,0x00,0x00,0x00,0x00,0x00,0x00,0x00,0x00,0x00,0x00,0x00,0x00,0x00,0x00,0x00,0x00,0x00,0x00,0x00,0x00,0x00,0x00,0x00,0x00,0x00,0x00,0x00,0x00,0x00,0x00,0x00,0x00,0x00,0x00,0x00,0x03,0x00,0x0d,0x1e,0xce,0x89,0xad,0x85,0x89,0x81,0x81,0x85,0x8d,0xb3,0x20,0x15,0xbd,0xdd,0xde,0xa4,0x95,0xac,0x7a,0xe0,0xcb,0xe8,0xd4,0xcb,0xd9,0xc2,0x95,0x96,0x96,0x8b,0x8b,0x8b,0x8b,0xa6,0xa4,0xc9,0xe1,0xe0,0xcd,0xcb,0xd1,0xe5,0xab,0xb4,0x95,0x94,0xd0,0xc0,0xf6,0xd5,0xea,0xd2,0x9a,0x9a,0xbb,0x7b,0xda,0x3c,0x5e,0x1e,0x8b,0x91,0x5a,0x00,0x01,0x00,0x00,0x00,0x00,0x00,0x00,0x00,0x00,0x00,0x00,0x00,0x00,0x00,0x00,0x00,0x00,0x00,0x00,0x00,0x00,0x00,0x00,0x00,0x00,0x00,0x00,0x00,0x00,0x00,0x00,0x00,0x00,0x00,0x00,0x00,
    0x00,0x00,0x00,0x00,0x00,0x00,0x00,0x00,0x00,0x00,0x00,0x00,0x00,0x00,0x00,0x00,0x00,0x00,0x00,0x00,0x00,0x00,0x00,0x00,0x00,0x00,0x00,0x00,0x00,0x00,0x00,0x00,0x00,0x00,0x00,0x00,0x00,0x00,0x00,0x00,0x00,0x0f,0x1e,0x57,0xbe,0x8e,0xae,0x81,0x81,0x81,0x81,0xb5,0xa9,0xd7,0xfe,0xcf,0xc1,0x95,0xc0,0xbf,0x95,0xbf,0xab,0xfd,0xfd,0xcb,0xfd,0xf9,0xb9,0xdd,0x95,0x96,0x8b,0x91,0x91,0x8c,0x89,0x85,0x93,0xac,0xdb,0xfd,0xcb,0xd1,0xfd,0xfd,0xb9,0x35,0x95,0xb4,0x27,0x0b,0xa2,0x5c,0xd7,0xbb,0x7b,0xae,0xae,0x9a,0x81,0x5a,0x0d,0x34,0x2a,0xa7,0x3c,0x5b,0x00,0x01,0x00,0x00,0x00,0x00,0x00,0x00,0x00,0x00,0x00,0x00,0x00,0x00,0x00,0x00,0x00,0x00,0x00,0x00,0x00,0x00,0x00,0x00,0x00,0x00,0x00,0x00,0x00,0x00,0x00,0x00,0x00,0x00,0x00,0x00,
    0x00,0x00,0x00,0x00,0x00,0x00,0x00,0x00,0x00,0x00,0x00,0x00,0x00,0x00,0x00,0x00,0x00,0x00,0x00,0x00,0x00,0x00,0x00,0x00,0x00,0x00,0x00,0x00,0x00,0x00,0x00,0x00,0x00,0x00,0x00,0x00,0x02,0x02,0x21,0x03,0x28,0x6f,0x45,0x9e,0x85,0x9a,0x8a,0x7b,0x8a,0x8e,0x9e,0xa9,0x14,0xd6,0xdd,0xf2,0xc1,0x35,0x94,0x96,0x94,0x95,0xd7,0xcb,0xff,0xff,0xff,0xf9,0xcf,0xa6,0x8c,0x7c,0x81,0x81,0x81,0x7c,0x91,0x8b,0x96,0x06,0xc5,0xf9,0xff,0xf9,0xff,0xf9,0x27,0x95,0xa4,0xbf,0x94,0xc0,0xc2,0xd7,0xc9,0xad,0x9d,0x86,0x85,0x85,0x9c,0xb8,0x3d,0x21,0x32,0xa7,0xc0,0x3d,0x1a,0x00,0x02,0x00,0x00,0x00,0x00,0x00,0x00,0x00,0x00,0x00,0x00,0x00,0x00,0x00,0x00,0x00,0x00,0x00,0x00,0x00,0x00,0x00,0x00,0x00,0x00,0x00,0x00,0x00,0x00,0x00,0x00,0x00,0x00,0x00,
    0x00,0x00,0x00,0x00,0x00,0x00,0x00,0x00,0x00,0x00,0x00,0x00,0x00,0x00,0x00,0x00,0x00,0x00,0x00,0x00,0x00,0x00,0x00,0x00,0x00,0x00,0x00,0x00,0x00,0x00,0x00,0x00,0x00,0x00,0x00,0x02,0x00,0x00,0x34,0x3e,0x49,0x44,0x9b,0x8e,0x81,0x8e,0x81,0x86,0x7b,0xb5,0xa0,0xbb,0xd6,0x26,0x25,0xd0,0xa7,0x0b,0x95,0x8c,0x91,0xa4,0x35,0xea,0xf0,0xfb,0xf9,0xc1,0xb4,0x9b,0x85,0x81,0x81,0x81,0x81,0x7c,0x06,0x94,0x94,0x95,0xb4,0xeb,0xfb,0xbf,0xf0,0xea,0x06,0x96,0x9e,0x8c,0xa6,0xdc,0xc1,0x15,0xc3,0xfa,0x8d,0x85,0x81,0x8d,0xa4,0x0b,0x57,0x65,0x65,0x57,0x0b,0x56,0x59,0x00,0x03,0x00,0x00,0x00,0x00,0x00,0x00,0x00,0x00,0x00,0x00,0x00,0x00,0x00,0x00,0x00,0x00,0x00,0x00,0x00,0x00,0x00,0x00,0x00,0x00,0x00,0x00,0x00,0x00,0x00,0x00,0x00,0x00,0x00,
    0x00,0x00,0x00,0x00,0x00,0x00,0x00,0x00,0x00,0x00,0x00,0x00,0x00,0x00,0x00,0x00,0x00,0x00,0x00,0x00,0x00,0x00,0x00,0x00,0x00,0x00,0x00,0x00,0x00,0x00,0x00,0x00,0x00,0x00,0x01,0x00,0x4d,0x30,0x31,0x44,0x9b,0xa0,0x81,0x86,0x7b,0x86,0x86,0x86,0x8a,0xa6,0xa9,0x2f,0xc3,0xf7,0xe4,0xf8,0xac,0xb2,0x94,0x97,0x97,0xb0,0x17,0xac,0xc2,0x29,0xc9,0x17,0x95,0x06,0x8b,0x8b,0x8c,0x81,0x85,0x81,0x89,0x91,0x06,0x8c,0x9c,0x1b,0x27,0x29,0xb7,0xd3,0xbf,0x97,0xb1,0x8c,0x0b,0xe2,0xb7,0xf3,0x20,0xd6,0xce,0x8c,0x81,0xa0,0x8c,0x8c,0x4b,0x19,0x40,0x48,0x9b,0x4c,0x59,0x02,0x00,0x00,0x00,0x00,0x00,0x00,0x00,0x00,0x00,0x00,0x00,0x00,0x00,0x00,0x00,0x00,0x00,0x00,0x00,0x00,0x00,0x00,0x00,0x00,0x00,0x00,0x00,0x00,0x00,0x00,0x00,0x00,0x00,0x00,
    0x00,0x00,0x00,0x00,0x00,0x00,0x00,0x00,0x00,0x00,0x00,0x00,0x00,0x00,0x00,0x00,0x00,0x00,0x00,0x00,0x00,0x00,0x00,0x00,0x00,0x00,0x00,0x00,0x00,0x00,0x00,0x00,0x00,0x02,0x00,0x4d,0x1e,0xce,0x9c,0xa0,0xb5,0x89,0xd2,0x89,0x86,0x7b,0x7b,0x7b,0x9a,0xa9,0xc0,0x10,0xd7,0xf1,0xee,0xe4,0x2b,0xb2,0x8b,0x9e,0x97,0x97,0xb0,0xb1,0x9e,0x8c,0x9c,0x96,0x8b,0x8b,0x8b,0x8b,0x8c,0x81,0x97,0x9e,0x81,0x85,0x85,0x85,0x85,0x8c,0x8c,0x9e,0xb0,0xb6,0xb1,0x97,0x97,0x9b,0xac,0xb6,0xf8,0x2d,0x38,0xf7,0xfa,0xa9,0x85,0xb5,0xb5,0x9a,0xa5,0x29,0x41,0x31,0x9b,0x56,0x71,0x02,0x00,0x00,0x00,0x00,0x00,0x00,0x00,0x00,0x00,0x00,0x00,0x00,0x00,0x00,0x00,0x00,0x00,0x00,0x00,0x00,0x00,0x00,0x00,0x00,0x00,0x00,0x00,0x00,0x00,0x00,0x00,0x00,0x00,0x00,
    0x00,0x00,0x00,0x00,0x00,0x00,0x00,0x00,0x00,0x00,0x00,0x00,0x00,0x00,0x00,0x00,0x00,0x00,0x00,0x00,0x00,0x00,0x00,0x00,0x00,0x00,0x00,0x00,0x00,0x00,0x00,0x00,0x02,0x00,0x22,0x41,0xda,0x8c,0x85,0x85,0x81,0x81,0x81,0x81,0x86,0x7b,0x7b,0xb5,0xa9,0xc9,0xdf,0xc3,0xea,0xf1,0x38,0xee,0xb1,0x52,0x0b,0x9b,0x97,0x97,0xb0,0x97,0x97,0x97,0x97,0x85,0x81,0x85,0x81,0x81,0x81,0x85,0x85,0x85,0x81,0x81,0x81,0x81,0x89,0x9e,0x97,0x97,0x97,0x97,0x97,0x97,0x97,0x91,0xf1,0xcc,0xe4,0x38,0xf1,0xf0,0x15,0xba,0x8a,0xbb,0xbb,0xbb,0x7b,0x14,0x48,0x2b,0x8d,0x4c,0x71,0x02,0x00,0x00,0x00,0x00,0x00,0x00,0x00,0x00,0x00,0x00,0x00,0x00,0x00,0x00,0x00,0x00,0x00,0x00,0x00,0x00,0x00,0x00,0x00,0x00,0x00,0x00,0x00,0x00,0x00,0x00,0x00,0x00,0x00,0x00,
    0x00,0x00,0x00,0x00,0x00,0x00,0x00,0x00,0x00,0x00,0x00,0x00,0x00,0x00,0x00,0x00,0x00,0x00,0x00,0x00,0x00,0x00,0x00,0x00,0x00,0x00,0x00,0x00,0x00,0x00,0x00,0x00,0x01,0x00,0x58,0xe2,0x85,0x81,0x8e,0x8e,0xb5,0x8e,0x86,0x85,0x8e,0x8e,0x85,0x93,0xac,0x10,0x98,0x20,0xfb,0xb2,0xee,0x25,0xe4,0xf1,0x29,0x91,0xb0,0xb0,0xb0,0xb0,0x97,0x97,0x85,0x81,0x89,0x8c,0x8c,0x89,0x7c,0x93,0x9b,0x93,0x81,0x89,0x81,0x81,0x81,0x81,0x97,0x97,0x97,0x97,0x97,0x97,0x7c,0xac,0xee,0x38,0xee,0xee,0xb1,0xf0,0xd5,0xe7,0x9d,0xb5,0x86,0x86,0x86,0x89,0x14,0xbb,0x8c,0x6b,0x19,0x02,0x02,0x00,0x00,0x00,0x00,0x00,0x00,0x00,0x00,0x00,0x00,0x00,0x00,0x00,0x00,0x00,0x00,0x00,0x00,0x00,0x00,0x00,0x00,0x00,0x00,0x00,0x00,0x00,0x00,0x00,0x00,0x00,0x00,0x00,
    0x00,0x00,0x00,0x00,0x00,0x00,0x00,0x00,0x00,0x00,0x00,0x00,0x00,0x00,0x00,0x00,0x00,0x00,0x00,0x00,0x00,0x00,0x00,0x00,0x00,0x00,0x00,0x00,0x00,0x00,0x00,0x00,0x01,0x00,0x5b,0x14,0xa0,0xb5,0x9a,0x9a,0x8a,0xbb,0x7b,0x8a,0x86,0xb5,0x81,0xbb,0xf6,0x8f,0x8f,0x15,0xc0,0x95,0xb4,0x2d,0x25,0xf2,0xb7,0xb4,0x85,0x97,0x97,0x97,0x97,0x9e,0x81,0x89,0x8b,0x8b,0x96,0x96,0x94,0xb4,0xe4,0xb2,0x96,0x91,0x8c,0x81,0x81,0x81,0x85,0x97,0x97,0x97,0x97,0xb0,0x91,0x29,0x25,0x25,0xf8,0xef,0xa4,0xe7,0xdf,0x10,0xbe,0x9b,0x8d,0x8d,0xa0,0x89,0x9e,0x9e,0xbb,0x56,0x24,0x00,0x03,0x00,0x00,0x00,0x00,0x00,0x00,0x00,0x00,0x00,0x00,0x00,0x00,0x00,0x00,0x00,0x00,0x00,0x00,0x00,0x00,0x00,0x00,0x00,0x00,0x00,0x00,0x00,0x00,0x00,0x00,0x00,0x00,0x00,
    0x00,0x00,0x00,0x00,0x00,0x00,0x00,0x00,0x00,0x00,0x00,0x00,0x00,0x00,0x00,0x00,0x00,0x00,0x00,0x00,0x00,0x00,0x00,0x00,0x00,0x00,0x00,0x00,0x00,0x00,0x00,0x00,0x01,0x00,0x5b,0xda,0x8d,0x89,0x8e,0xa9,0xb3,0xe2,0x9d,0x9a,0x9a,0x9a,0x9d,0x2f,0xca,0x98,0xaa,0xc8,0xbc,0xb4,0x95,0xa7,0xbd,0x95,0x35,0x27,0x94,0x91,0x9e,0x85,0x81,0x81,0x81,0x89,0x91,0x8b,0x8b,0x91,0x91,0x25,0xee,0x25,0x06,0x96,0x06,0x91,0x89,0x81,0x81,0x81,0x9e,0x97,0x97,0x8c,0xac,0xc9,0x95,0xf8,0x0b,0x95,0xd3,0xd5,0xdf,0xc3,0xdd,0x9c,0x81,0xa0,0x8d,0x93,0xad,0xb8,0x48,0x24,0x03,0x01,0x00,0x00,0x00,0x00,0x00,0x00,0x00,0x00,0x00,0x00,0x00,0x00,0x00,0x00,0x00,0x00,0x00,0x00,0x00,0x00,0x00,0x00,0x00,0x00,0x00,0x00,0x00,0x00,0x00,0x00,0x00,0x00,0x00,0x00,
    0x00,0x00,0x00,0x00,0x00,0x00,0x00,0x00,0x00,0x00,0x00,0x00,0x00,0x00,0x00,0x00,0x00,0x00,0x00,0x00,0x00,0x00,0x00,0x00,0x00,0x00,0x00,0x00,0x00,0x00,0x00,0x00,0x01,0x00,0x5b,0xda,0xa0,0xbb,0xb1,0x4c,0xb7,0xae,0x86,0x9a,0xb5,0xa0,0xb1,0x10,0x98,0xaa,0x98,0xd5,0xc8,0xd5,0x2f,0xb7,0xc4,0xef,0xfb,0x5c,0xea,0x94,0x9b,0x9e,0x85,0x81,0x81,0x81,0x81,0x8c,0x89,0x85,0x8c,0xb6,0x52,0xb6,0x94,0x96,0x06,0x8b,0x89,0x81,0x81,0x81,0xa6,0x91,0xa4,0x0b,0xc4,0xef,0x94,0x2d,0xb8,0x27,0x15,0xdf,0x20,0xca,0xfa,0x9d,0x9a,0x86,0x81,0x8c,0xce,0xbd,0x64,0x00,0x00,0x00,0x00,0x00,0x00,0x00,0x00,0x00,0x00,0x00,0x00,0x00,0x00,0x00,0x00,0x00,0x00,0x00,0x00,0x00,0x00,0x00,0x00,0x00,0x00,0x00,0x00,0x00,0x00,0x00,0x00,0x00,0x00,0x00,0x00,0x00,
    0x00,0x00,0x00,0x00,0x00,0x00,0x00,0x00,0x00,0x00,0x00,0x00,0x00,0x00,0x00,0x00,0x00,0x00,0x00,0x00,0x00,0x00,0x00,0x00,0x00,0x00,0x00,0x00,0x00,0x00,0x00,0x00,0x01,0x00,0x58,0xb2,0x6b,0x3c,0x30,0x3c,0x1b,0x93,0x85,0x8d,0x85,0x93,0xc9,0xca,0x8f,0x98,0x99,0xd5,0xd5,0xe8,0xc8,0xd0,0x2d,0xc8,0xd5,0xd5,0xc6,0xc5,0x0b,0x9c,0x93,0x8c,0xa6,0x85,0x85,0x89,0x89,0x81,0x81,0x8d,0x93,0x9b,0x89,0x7c,0x89,0x89,0x81,0x85,0x85,0x89,0x9c,0x96,0xb8,0xab,0xd5,0xca,0xe7,0x2d,0xdb,0xc8,0xdf,0xdf,0x20,0xca,0x2f,0x9d,0x9a,0x7b,0x86,0x86,0xa0,0xb5,0x1e,0x03,0x03,0x00,0x00,0x00,0x00,0x00,0x00,0x00,0x00,0x00,0x00,0x00,0x00,0x00,0x00,0x00,0x00,0x00,0x00,0x00,0x00,0x00,0x00,0x00,0x00,0x00,0x00,0x00,0x00,0x00,0x00,0x00,0x00,0x00,0x00,0x00,
    0x00,0x00,0x00,0x00,0x00,0x00,0x00,0x00,0x00,0x00,0x00,0x00,0x00,0x00,0x00,0x00,0x00,0x00,0x00,0x00,0x00,0x00,0x00,0x00,0x00,0x00,0x00,0x00,0x00,0x00,0x00,0x00,0x01,0x00,0x22,0xbd,0x41,0x4f,0x2a,0xa5,0xa0,0x85,0xa0,0xb1,0x85,0xa9,0x2f,0xaa,0x98,0x87,0x8f,0xe8,0xe8,0x20,0xde,0xe9,0xfc,0xde,0x5c,0xe8,0xc8,0xdb,0xc6,0xea,0xb4,0x9b,0xa4,0x96,0x8d,0x85,0x85,0x85,0x85,0x85,0x85,0x85,0x85,0x85,0x85,0x85,0xa0,0x93,0x9c,0x85,0xb8,0xe6,0xc6,0xc8,0xe8,0xf7,0x2d,0xfc,0x5c,0x20,0xe8,0xca,0xdf,0xaa,0xfa,0xa9,0xb5,0x7b,0x9a,0x9a,0x8a,0xb5,0x39,0x02,0x03,0x00,0x00,0x00,0x00,0x00,0x00,0x00,0x00,0x00,0x00,0x00,0x00,0x00,0x00,0x00,0x00,0x00,0x00,0x00,0x00,0x00,0x00,0x00,0x00,0x00,0x00,0x00,0x00,0x00,0x00,0x00,0x00,0x00,0x00,0x00,
    0x00,0x00,0x00,0x00,0x00,0x00,0x00,0x00,0x00,0x00,0x00,0x00,0x00,0x00,0x00,0x00,0x00,0x00,0x00,0x00,0x00,0x00,0x00,0x00,0x00,0x00,0x00,0x00,0x00,0x00,0x00,0x00,0x01,0x00,0x58,0x29,0x19,0x34,0x31,0x8e,0xae,0x9d,0xb1,0x5c,0xb2,0xd2,0xe7,0xaa,0x87,0x99,0x9f,0xc3,0x98,0x10,0xfc,0xf4,0xf4,0xfc,0xf7,0xca,0xc8,0xc8,0xc8,0xd5,0xdf,0xf6,0xfa,0xac,0xce,0x8d,0x93,0x93,0x8d,0x89,0x89,0x89,0x8d,0x93,0xd2,0xa0,0xce,0xb2,0x2f,0xf7,0xc6,0xdb,0xc8,0xc8,0xe8,0xe9,0xf4,0xf4,0xf4,0xe9,0xc3,0xca,0xc3,0xaa,0xd3,0x93,0x85,0x8e,0x86,0x8d,0x1b,0xac,0x30,0x00,0x03,0x00,0x00,0x00,0x00,0x00,0x00,0x00,0x00,0x00,0x00,0x00,0x00,0x00,0x00,0x00,0x00,0x00,0x00,0x00,0x00,0x00,0x00,0x00,0x00,0x00,0x00,0x00,0x00,0x00,0x00,0x00,0x00,0x00,0x00,0x00,
    0x00,0x00,0x00,0x00,0x00,0x00,0x00,0x00,0x00,0x00,0x00,0x00,0x00,0x00,0x00,0x00,0x00,0x00,0x00,0x00,0x00,0x00,0x00,0x00,0x00,0x00,0x00,0x00,0x00,0x00,0x00,0x00,0x02,0x01,0x1a,0x29,0x3d,0x39,0x31,0x8d,0xae,0xa9,0x27,0xaa,0x26,0xa5,0xfe,0x8f,0x9f,0x9f,0x9f,0xca,0x98,0x99,0xf7,0xf4,0xf4,0xe9,0xaa,0xaa,0xc8,0xdb,0xdb,0xe8,0x98,0x98,0xd5,0xc6,0x15,0xc5,0xea,0x38,0xb1,0x97,0x97,0x97,0xb1,0xba,0x2f,0xc5,0xab,0xc6,0xaa,0xaa,0xc8,0xc8,0xc8,0xd5,0x99,0xd6,0xfc,0xf4,0xfc,0x20,0x9f,0xd6,0xca,0x10,0x1b,0x8d,0x85,0x81,0x85,0xd2,0x29,0xb7,0x39,0x4d,0x21,0x00,0x00,0x00,0x00,0x00,0x00,0x00,0x00,0x00,0x00,0x00,0x00,0x00,0x00,0x00,0x00,0x00,0x00,0x00,0x00,0x00,0x00,0x00,0x00,0x00,0x00,0x00,0x00,0x00,0x00,0x00,0x00,0x00,0x00,0x00,
    0x00,0x00,0x00,0x00,0x00,0x00,0x00,0x00,0x00,0x00,0x00,0x00,0x00,0x00,0x00,0x00,0x00,0x00,0x00,0x00,0x00,0x00,0x00,0x00,0x00,0x00,0x00,0x00,0x00,0x00,0x00,0x00,0x02,0x01,0x1a,0x32,0x32,0x19,0x2a,0x93,0xae,0x8a,0xe7,0x99,0x8f,0xfe,0x2f,0x87,0x99,0x8f,0x99,0x98,0x98,0x87,0xd7,0xe9,0xd7,0xe9,0xaa,0xca,0xdb,0xdb,0xd9,0xc6,0xc6,0xa2,0xd9,0xd9,0xc6,0xc6,0xa2,0xf1,0xe3,0xed,0xcc,0xcc,0xe3,0xc4,0xdb,0xc6,0xd9,0xc6,0x20,0x15,0xc6,0xdb,0xdb,0xd5,0x8f,0xf7,0xe9,0x5c,0xe9,0xf6,0x99,0x15,0xdf,0xf0,0x8d,0x85,0x81,0x81,0x8c,0xce,0x6e,0x51,0x19,0x32,0x62,0x00,0x00,0x00,0x00,0x00,0x00,0x00,0x00,0x00,0x00,0x00,0x00,0x00,0x00,0x00,0x00,0x00,0x00,0x00,0x00,0x00,0x00,0x00,0x00,0x00,0x00,0x00,0x00,0x00,0x00,0x00,0x00,0x00,0x00,0x00,
    0x00,0x00,0x00,0x00,0x00,0x00,0x00,0x00,0x00,0x00,0x00,0x00,0x00,0x00,0x00,0x00,0x00,0x00,0x00,0x00,0x00,0x00,0x00,0x00,0x00,0x00,0x00,0x00,0x00,0x00,0x00,0x00,0x00,0x02,0x00,0x22,0x58,0x40,0x4c,0xbe,0x8d,0x9a,0xf6,0x99,0x87,0x87,0x10,0x8f,0x9f,0x87,0x99,0x98,0x98,0x99,0xd6,0xaa,0x8f,0xd6,0xaa,0xaa,0xdb,0xe1,0x84,0x84,0x7e,0x90,0x84,0x90,0x90,0x90,0xa1,0xed,0xcc,0xcc,0xcc,0xed,0xcc,0xf3,0x90,0x7e,0x84,0x90,0x90,0x90,0x90,0x7e,0xd9,0xdf,0x8f,0xd6,0x10,0x99,0x20,0xd6,0xaa,0xc2,0xd3,0x8d,0xa9,0xa0,0x89,0x8e,0x8e,0xae,0x4b,0x19,0x32,0x29,0x59,0x00,0x02,0x00,0x00,0x00,0x00,0x00,0x00,0x00,0x00,0x00,0x00,0x00,0x00,0x00,0x00,0x00,0x00,0x00,0x00,0x00,0x00,0x00,0x00,0x00,0x00,0x00,0x00,0x00,0x00,0x00,0x00,0x00,0x00,0x00,
    0x00,0x00,0x00,0x00,0x00,0x00,0x00,0x00,0x00,0x00,0x00,0x00,0x00,0x00,0x00,0x00,0x00,0x00,0x00,0x00,0x00,0x00,0x00,0x00,0x00,0x00,0x00,0x00,0x00,0x00,0x00,0x00,0x00,0x00,0x00,0x00,0x00,0x1a,0x48,0xbf,0xb6,0x9a,0xf6,0x8f,0x87,0x87,0x9f,0x87,0x87,0x87,0x87,0x8f,0x98,0x98,0x99,0x99,0x87,0x9f,0x9f,0x98,0xe1,0x7a,0x7d,0x7e,0x7d,0x7e,0x7e,0x7e,0x7d,0x90,0x83,0x38,0xe3,0xe3,0xe3,0xe3,0xe3,0xd0,0x88,0x82,0x7e,0x7e,0x7e,0x7e,0x7e,0x7a,0x90,0xdf,0x8f,0x8f,0x9f,0x87,0x99,0x99,0xfe,0xa9,0x93,0xa9,0xc2,0xea,0x9d,0x7b,0x9a,0x7b,0xbb,0xac,0x4e,0x19,0x22,0x01,0x01,0x00,0x00,0x00,0x00,0x00,0x00,0x00,0x00,0x00,0x00,0x00,0x00,0x00,0x00,0x00,0x00,0x00,0x00,0x00,0x00,0x00,0x00,0x00,0x00,0x00,0x00,0x00,0x00,0x00,0x00,0x00,0x00,0x00,
    0x00,0x00,0x00,0x00,0x00,0x00,0x00,0x00,0x00,0x00,0x00,0x00,0x00,0x00,0x00,0x00,0x00,0x00,0x00,0x00,0x00,0x00,0x00,0x00,0x00,0x00,0x00,0x00,0x00,0x00,0x00,0x00,0x00,0x00,0x00,0x01,0x03,0x00,0x39,0x2f,0xc1,0xa5,0x2f,0x98,0x87,0x87,0x8f,0x87,0x87,0x87,0x99,0x99,0x8f,0x98,0x8f,0x87,0x8f,0x9f,0x98,0x15,0x82,0x7f,0x78,0x7e,0x7a,0x7a,0x7a,0x7e,0x7a,0x88,0xc1,0xb0,0xed,0xe3,0xe3,0xed,0x97,0xbd,0x7e,0x88,0x7e,0x7e,0x7d,0x7a,0x7a,0x7d,0x90,0x15,0xd8,0x8f,0x8f,0x87,0x87,0xaa,0xf0,0x8d,0x8d,0x27,0xdf,0xe8,0xc2,0x9d,0xb5,0xb5,0xa0,0x2b,0x4b,0x3f,0x21,0x03,0x00,0x00,0x00,0x00,0x00,0x00,0x00,0x00,0x00,0x00,0x00,0x00,0x00,0x00,0x00,0x00,0x00,0x00,0x00,0x00,0x00,0x00,0x00,0x00,0x00,0x00,0x00,0x00,0x00,0x00,0x00,0x00,0x00,0x00,
    0x00,0x00,0x00,0x00,0x00,0x00,0x00,0x00,0x00,0x00,0x00,0x00,0x00,0x00,0x00,0x00,0x00,0x00,0x00,0x00,0x00,0x00,0x00,0x00,0x00,0x00,0x00,0x00,0x00,0x00,0x00,0x00,0x00,0x00,0x00,0x05,0x01,0x47,0x60,0x5c,0x4a,0x53,0x2f,0xaa,0x99,0x87,0x87,0x87,0x87,0x87,0x99,0xd8,0x98,0xaa,0x99,0x87,0x99,0x98,0x92,0x7e,0x79,0x7d,0x7a,0x7a,0x7a,0x7a,0x7e,0x84,0x83,0xf2,0x8c,0x85,0x9e,0xb0,0xb0,0x81,0x8c,0x8d,0xb1,0xd0,0x90,0x83,0x83,0x82,0x82,0x83,0x83,0x7a,0x15,0x8f,0x8f,0x87,0x98,0xca,0xfa,0xd2,0xa5,0xd6,0x98,0x8f,0xd6,0xa5,0x8c,0x81,0x8c,0x2b,0x41,0x24,0x39,0x00,0x02,0x00,0x00,0x00,0x00,0x00,0x00,0x00,0x00,0x00,0x00,0x00,0x00,0x00,0x00,0x00,0x00,0x00,0x00,0x00,0x00,0x00,0x00,0x00,0x00,0x00,0x00,0x00,0x00,0x00,0x00,0x00,0x00,0x00,
    0x00,0x00,0x00,0x00,0x00,0x00,0x00,0x00,0x00,0x00,0x00,0x00,0x00,0x00,0x00,0x00,0x00,0x00,0x00,0x00,0x00,0x00,0x00,0x00,0x00,0x00,0x00,0x00,0x00,0x00,0x00,0x00,0x00,0x00,0x00,0x01,0x05,0x69,0x60,0x76,0x5b,0x3d,0xf6,0x99,0x87,0x87,0x87,0x87,0x87,0x87,0x8f,0xd8,0x98,0xaa,0x99,0x8f,0xd8,0x15,0x90,0x82,0x7e,0x7a,0x7a,0x7a,0x7d,0x78,0x78,0x83,0x82,0xd0,0xad,0x9c,0x7c,0x85,0x9e,0x97,0x9e,0x97,0x29,0xa3,0x7a,0x7e,0x7a,0x7e,0x7d,0x7d,0x7e,0x83,0x90,0x20,0x9f,0x8f,0x8f,0x8f,0xe7,0xd2,0xac,0xc3,0x98,0x8f,0xc3,0xda,0x93,0xb5,0x85,0xa0,0x0b,0x73,0x1e,0x00,0x03,0x00,0x00,0x00,0x00,0x00,0x00,0x00,0x00,0x00,0x00,0x00,0x00,0x00,0x00,0x00,0x00,0x00,0x00,0x00,0x00,0x00,0x00,0x00,0x00,0x00,0x00,0x00,0x00,0x00,0x00,0x00,0x00,0x00,
    0x00,0x00,0x00,0x00,0x00,0x00,0x00,0x00,0x00,0x00,0x00,0x00,0x00,0x00,0x00,0x00,0x00,0x00,0x00,0x00,0x00,0x00,0x00,0x00,0x00,0x00,0x00,0x00,0x00,0x00,0x00,0x00,0x00,0x00,0x00,0x00,0x00,0x5d,0x43,0x47,0x47,0x15,0x98,0xd8,0x87,0x87,0x87,0x87,0x87,0x87,0x87,0x87,0x9f,0x87,0x8f,0x99,0xca,0x7d,0x7a,0x7a,0x7a,0x7e,0x7e,0x7e,0x82,0x79,0x79,0x79,0x79,0x84,0xa3,0xc2,0xb0,0xb0,0xb1,0xb1,0x52,0xde,0x88,0x84,0x7e,0x7a,0x7a,0x7e,0x7a,0x7a,0x7e,0x78,0x82,0xd9,0x9f,0x8f,0x87,0x9f,0xaa,0xf0,0xad,0xc3,0x99,0x8f,0xc3,0xc0,0x9d,0xb5,0x8d,0xa0,0x8c,0x1b,0x1e,0x00,0x03,0x00,0x00,0x00,0x00,0x00,0x00,0x00,0x00,0x00,0x00,0x00,0x00,0x00,0x00,0x00,0x00,0x00,0x00,0x00,0x00,0x00,0x00,0x00,0x00,0x00,0x00,0x00,0x00,0x00,0x00,0x00,0x00,0x00,
    0x00,0x00,0x00,0x00,0x00,0x00,0x00,0x00,0x00,0x00,0x00,0x00,0x00,0x00,0x00,0x00,0x00,0x00,0x00,0x00,0x00,0x00,0x00,0x00,0x00,0x00,0x00,0x00,0x00,0x00,0x00,0x00,0x00,0x00,0x01,0x00,0x5f,0x43,0xd6,0x5d,0x10,0x9f,0x9f,0x99,0x87,0x8f,0x87,0x87,0x87,0x87,0x87,0x8f,0x87,0x87,0x8f,0xd8,0x10,0x90,0x7a,0x7e,0x7e,0x7d,0x78,0x79,0x79,0x79,0x79,0x79,0x79,0x80,0x82,0x88,0xc2,0xb0,0xb0,0xb6,0xde,0x7a,0x7d,0x7a,0x7a,0x7e,0x7e,0x7a,0x7a,0x7a,0x7a,0x7a,0x82,0x83,0xca,0x9f,0x8f,0x8f,0x9f,0x98,0xe7,0xd6,0x9f,0x87,0xaa,0x15,0xb8,0x8d,0xda,0x1b,0x48,0x19,0x22,0x02,0x02,0x00,0x00,0x00,0x00,0x00,0x00,0x00,0x00,0x00,0x00,0x00,0x00,0x00,0x00,0x00,0x00,0x00,0x00,0x00,0x00,0x00,0x00,0x00,0x00,0x00,0x00,0x00,0x00,0x00,0x00,0x00,0x00,0x00,
    0x00,0x00,0x00,0x00,0x00,0x00,0x00,0x00,0x00,0x00,0x00,0x00,0x00,0x00,0x00,0x00,0x00,0x00,0x00,0x00,0x00,0x00,0x00,0x00,0x00,0x00,0x00,0x00,0x00,0x00,0x00,0x00,0x00,0x00,0x01,0x01,0x0d,0x69,0x10,0x87,0xd8,0x87,0x8f,0x8f,0x87,0x9f,0x99,0x8f,0x87,0x87,0x87,0x87,0x99,0x98,0x8f,0x9f,0xc3,0x7a,0x83,0x79,0x79,0x83,0x82,0x7e,0x82,0x7d,0x7e,0x7d,0x83,0x82,0x82,0x7d,0x92,0xd3,0xa6,0xd7,0xa1,0x92,0x82,0x7d,0x82,0x79,0x83,0x7d,0x7e,0x7e,0x7a,0x83,0x82,0x7a,0xc3,0x8f,0x8f,0x87,0x8f,0x98,0xaa,0xc3,0x87,0x99,0x99,0x10,0x0b,0xbe,0x54,0x51,0x24,0x1a,0x00,0x01,0x00,0x00,0x00,0x00,0x00,0x00,0x00,0x00,0x00,0x00,0x00,0x00,0x00,0x00,0x00,0x00,0x00,0x00,0x00,0x00,0x00,0x00,0x00,0x00,0x00,0x00,0x00,0x00,0x00,0x00,0x00,0x00,0x00,0x00,
    0x00,0x00,0x00,0x00,0x00,0x00,0x00,0x00,0x00,0x00,0x00,0x00,0x00,0x00,0x00,0x00,0x00,0x00,0x00,0x00,0x00,0x00,0x00,0x00,0x00,0x00,0x00,0x00,0x00,0x00,0x00,0x00,0x00,0x00,0x00,0x01,0x00,0x68,0x72,0x69,0x26,0x98,0x99,0x99,0x99,0xc3,0x10,0x9f,0x8f,0x87,0x8f,0x99,0xd8,0x20,0xaa,0xd8,0x20,0x83,0x7f,0x79,0x79,0x79,0x79,0x7d,0x84,0x7a,0x7a,0x7a,0x7e,0x7e,0x7e,0x7d,0x7d,0x7d,0x42,0x7e,0x79,0x82,0x83,0x7a,0x83,0x78,0x7d,0x88,0x84,0x7e,0x7e,0x7e,0x7e,0x90,0x20,0x98,0x98,0x87,0x87,0x8f,0x87,0x9f,0xca,0xaa,0x8f,0x10,0xdd,0xb3,0x4a,0x08,0x00,0x00,0x02,0x00,0x00,0x00,0x00,0x00,0x00,0x00,0x00,0x00,0x00,0x00,0x00,0x00,0x00,0x00,0x00,0x00,0x00,0x00,0x00,0x00,0x00,0x00,0x00,0x00,0x00,0x00,0x00,0x00,0x00,0x00,0x00,0x00,0x00,0x00,
    0x00,0x00,0x00,0x00,0x00,0x00,0x00,0x00,0x00,0x00,0x00,0x00,0x00,0x00,0x00,0x00,0x00,0x00,0x00,0x00,0x00,0x00,0x00,0x00,0x00,0x00,0x00,0x00,0x00,0x00,0x00,0x00,0x00,0x00,0x00,0x00,0x01,0x02,0x00,0x2c,0x60,0x67,0x5d,0x5d,0x67,0x43,0x10,0x9f,0x8f,0x87,0x87,0x99,0x87,0x2f,0x26,0x26,0x7f,0x7f,0x78,0x83,0x79,0x79,0x79,0x83,0x7a,0x7a,0x7a,0x7e,0x88,0x92,0x88,0x88,0x82,0x7e,0x7d,0x83,0x7e,0x84,0x78,0xaf,0x7a,0x88,0x88,0x42,0x79,0x7e,0x82,0x82,0x83,0x7d,0x7d,0x10,0x9f,0x8f,0x87,0x87,0x8f,0x99,0x26,0xd6,0x98,0xaa,0xfe,0x52,0x66,0x68,0x01,0x01,0x00,0x00,0x00,0x00,0x00,0x00,0x00,0x00,0x00,0x00,0x00,0x00,0x00,0x00,0x00,0x00,0x00,0x00,0x00,0x00,0x00,0x00,0x00,0x00,0x00,0x00,0x00,0x00,0x00,0x00,0x00,0x00,0x00,0x00,0x00,0x00,
    0x00,0x00,0x00,0x00,0x00,0x00,0x00,0x00,0x00,0x00,0x00,0x00,0x00,0x00,0x00,0x00,0x00,0x00,0x00,0x00,0x00,0x00,0x00,0x00,0x00,0x00,0x00,0x00,0x00,0x00,0x00,0x00,0x00,0x00,0x00,0x00,0x00,0x00,0x03,0x00,0x5f,0x2c,0x55,0x55,0x55,0x60,0x26,0x9f,0x8f,0x87,0x87,0x99,0x98,0xc9,0x26,0x15,0x82,0x7f,0x78,0x7a,0x83,0x7f,0x7d,0x83,0x78,0x83,0x82,0x84,0xc4,0xb8,0xb8,0xd0,0x88,0x82,0x80,0x79,0x7e,0x84,0x82,0xab,0x84,0xa1,0xc1,0x9b,0xbf,0x1b,0xc0,0x7a,0x7f,0x7f,0x82,0xd9,0xd8,0x99,0x87,0x87,0x87,0x9f,0x26,0x43,0x10,0x98,0x98,0xd7,0x58,0x00,0x05,0x00,0x00,0x00,0x00,0x00,0x00,0x00,0x00,0x00,0x00,0x00,0x00,0x00,0x00,0x00,0x00,0x00,0x00,0x00,0x00,0x00,0x00,0x00,0x00,0x00,0x00,0x00,0x00,0x00,0x00,0x00,0x00,0x00,0x00,0x00,0x00,0x00,
    0x00,0x00,0x00,0x00,0x00,0x00,0x00,0x00,0x00,0x00,0x00,0x00,0x00,0x00,0x00,0x00,0x00,0x00,0x00,0x00,0x00,0x00,0x00,0x00,0x00,0x00,0x00,0x00,0x00,0x00,0x00,0x00,0x00,0x00,0x00,0x00,0x00,0x00,0x00,0x01,0x00,0x00,0x03,0x13,0x05,0x55,0x5d,0x8f,0x87,0x8f,0x8f,0x99,0x26,0xe7,0x10,0x79,0x79,0x79,0x79,0x7d,0x7a,0x82,0x7e,0x7d,0x78,0x80,0x84,0xcf,0x95,0x96,0x2b,0xc2,0xcf,0x92,0x83,0x83,0x7a,0x7e,0x7a,0xab,0x84,0xc2,0xc0,0xbd,0xb2,0x9b,0x9c,0xc4,0x7e,0x79,0x7d,0x82,0xd9,0xc3,0x8f,0x98,0x98,0x8f,0x10,0x69,0x60,0x5d,0x8f,0x20,0x47,0x00,0x05,0x00,0x00,0x00,0x00,0x00,0x00,0x00,0x00,0x00,0x00,0x00,0x00,0x00,0x00,0x00,0x00,0x00,0x00,0x00,0x00,0x00,0x00,0x00,0x00,0x00,0x00,0x00,0x00,0x00,0x00,0x00,0x00,0x00,0x00,0x00,0x00,0x00,
    0x00,0x00,0x00,0x00,0x00,0x00,0x00,0x00,0x00,0x00,0x00,0x00,0x00,0x00,0x00,0x00,0x00,0x00,0x00,0x00,0x00,0x00,0x00,0x00,0x00,0x00,0x00,0x00,0x00,0x00,0x00,0x00,0x00,0x00,0x00,0x00,0x00,0x00,0x00,0x00,0x01,0x05,0x00,0x00,0x00,0x2c,0x43,0x10,0xd8,0x99,0x99,0xd8,0xc3,0xc6,0xd9,0x83,0x7f,0x79,0x79,0x79,0x7a,0x7e,0x7e,0x79,0x79,0x83,0xa3,0xbf,0x96,0xad,0xb2,0xb6,0xf2,0x42,0x82,0x78,0x7e,0x7e,0x84,0xaf,0x82,0xd0,0xba,0x8b,0x0b,0xbe,0x93,0xc0,0x88,0x7d,0x7a,0x7a,0x90,0x15,0x99,0x98,0x8f,0x26,0x67,0x47,0x3b,0x20,0x10,0x43,0x5f,0x01,0x01,0x00,0x00,0x00,0x00,0x00,0x00,0x00,0x00,0x00,0x00,0x00,0x00,0x00,0x00,0x00,0x00,0x00,0x00,0x00,0x00,0x00,0x00,0x00,0x00,0x00,0x00,0x00,0x00,0x00,0x00,0x00,0x00,0x00,0x00,0x00,0x00,0x00,
    0x00,0x00,0x00,0x00,0x00,0x00,0x00,0x00,0x00,0x00,0x00,0x00,0x00,0x00,0x00,0x00,0x00,0x00,0x00,0x00,0x00,0x00,0x00,0x00,0x00,0x00,0x00,0x00,0x00,0x00,0x00,0x00,0x00,0x00,0x00,0x00,0x00,0x00,0x00,0x00,0x00,0x00,0x00,0x00,0x01,0x00,0x08,0x67,0x74,0x26,0x98,0x26,0x67,0x09,0x82,0x7f,0x82,0x82,0x82,0x7e,0x7e,0x7d,0x7d,0x7d,0x83,0x88,0xcf,0x9c,0x9e,0x8d,0x85,0xbe,0xc1,0x84,0x7f,0x79,0x78,0x7d,0x88,0xab,0xe1,0xcf,0xba,0xb2,0xb1,0x81,0x8d,0xbd,0x90,0x7d,0x82,0x82,0x7e,0x92,0xc3,0x26,0x74,0x77,0x4f,0x55,0x15,0x43,0x72,0x5f,0x00,0x01,0x00,0x00,0x00,0x00,0x00,0x00,0x00,0x00,0x00,0x00,0x00,0x00,0x00,0x00,0x00,0x00,0x00,0x00,0x00,0x00,0x00,0x00,0x00,0x00,0x00,0x00,0x00,0x00,0x00,0x00,0x00,0x00,0x00,0x00,0x00,0x00,0x00,0x00,
    0x00,0x00,0x00,0x00,0x00,0x00,0x00,0x00,0x00,0x00,0x00,0x00,0x00,0x00,0x00,0x00,0x00,0x00,0x00,0x00,0x00,0x00,0x00,0x00,0x00,0x00,0x00,0x00,0x00,0x00,0x00,0x00,0x00,0x00,0x00,0x00,0x00,0x00,0x00,0x00,0x00,0x00,0x00,0x00,0x00,0x01,0x02,0x6d,0x72,0x60,0x43,0x69,0x55,0x3a,0x78,0x82,0x7a,0x7a,0x7e,0x83,0x79,0x79,0x79,0x7e,0x78,0x7a,0xc2,0xa4,0xa6,0x81,0xad,0xac,0xb7,0x7e,0x7f,0x79,0x7f,0x83,0x88,0xab,0xa8,0x7a,0xbd,0xa6,0x0b,0x9e,0x93,0xa7,0x7d,0x78,0x83,0x7f,0x7d,0x7e,0x3a,0x47,0x76,0x6d,0x00,0x2c,0x43,0x47,0x00,0x00,0x01,0x00,0x00,0x00,0x00,0x00,0x00,0x00,0x00,0x00,0x00,0x00,0x00,0x00,0x00,0x00,0x00,0x00,0x00,0x00,0x00,0x00,0x00,0x00,0x00,0x00,0x00,0x00,0x00,0x00,0x00,0x00,0x00,0x00,0x00,0x00,0x00,0x00,0x00,0x00,
    0x00,0x00,0x00,0x00,0x00,0x00,0x00,0x00,0x00,0x00,0x00,0x00,0x00,0x00,0x00,0x00,0x00,0x00,0x00,0x00,0x00,0x00,0x00,0x00,0x00,0x00,0x00,0x00,0x00,0x00,0x00,0x00,0x00,0x00,0x00,0x00,0x00,0x00,0x00,0x00,0x00,0x00,0x00,0x00,0x00,0x00,0x01,0x00,0x01,0x5f,0x2c,0x6d,0x1c,0x82,0x07,0x7a,0x7a,0x7e,0x78,0x79,0x79,0x79,0x78,0x7d,0x7f,0x88,0xc1,0x9c,0x85,0x81,0x91,0x94,0xd3,0x7d,0x7f,0x79,0x78,0x7e,0x88,0xa2,0xa8,0x88,0x27,0xb2,0x0b,0x8c,0x9c,0xc1,0x7e,0x7f,0x82,0x83,0x7a,0x7d,0x78,0x12,0x0d,0x00,0x05,0x00,0x08,0x05,0x01,0x01,0x00,0x00,0x00,0x00,0x00,0x00,0x00,0x00,0x00,0x00,0x00,0x00,0x00,0x00,0x00,0x00,0x00,0x00,0x00,0x00,0x00,0x00,0x00,0x00,0x00,0x00,0x00,0x00,0x00,0x00,0x00,0x00,0x00,0x00,0x00,0x00,0x00,0x00,0x00,0x00,
    0x00,0x00,0x00,0x00,0x00,0x00,0x00,0x00,0x00,0x00,0x00,0x00,0x00,0x00,0x00,0x00,0x00,0x00,0x00,0x00,0x00,0x00,0x00,0x00,0x00,0x00,0x00,0x00,0x00,0x00,0x00,0x00,0x00,0x00,0x00,0x00,0x00,0x00,0x00,0x00,0x00,0x00,0x00,0x00,0x00,0x00,0x00,0x01,0x00,0x00,0x00,0x00,0x12,0x82,0x82,0x7d,0x7e,0x79,0x79,0x79,0x79,0x79,0x7d,0x82,0x7f,0x7e,0xa1,0x9e,0x81,0x89,0xce,0xad,0xb7,0x7e,0x7f,0x79,0x78,0x82,0x7a,0xa8,0xa2,0x88,0xb7,0x96,0xbe,0x94,0xb1,0xa1,0x83,0x83,0x7d,0x78,0x7e,0x7a,0x80,0x83,0x0a,0x00,0x05,0x01,0x00,0x02,0x00,0x00,0x00,0x00,0x00,0x00,0x00,0x00,0x00,0x00,0x00,0x00,0x00,0x00,0x00,0x00,0x00,0x00,0x00,0x00,0x00,0x00,0x00,0x00,0x00,0x00,0x00,0x00,0x00,0x00,0x00,0x00,0x00,0x00,0x00,0x00,0x00,0x00,0x00,0x00,0x00,0x00,
    0x00,0x00,0x00,0x00,0x00,0x00,0x00,0x00,0x00,0x00,0x00,0x00,0x00,0x00,0x00,0x00,0x00,0x00,0x00,0x00,0x00,0x00,0x00,0x00,0x00,0x00,0x00,0x00,0x00,0x00,0x00,0x00,0x00,0x00,0x00,0x00,0x00,0x00,0x00,0x00,0x00,0x00,0x00,0x00,0x00,0x00,0x00,0x00,0x01,0x01,0x13,0x0a,0x2e,0x79,0x79,0x7d,0x83,0x79,0x79,0x79,0x79,0x79,0x7a,0x7e,0x7f,0x80,0x7d,0xb2,0x9c,0x9e,0x8d,0xa4,0xc2,0x84,0x7f,0x79,0x79,0x7f,0x78,0xa8,0xab,0x88,0xde,0xc0,0xbe,0xb0,0xf3,0x7e,0x7f,0x82,0x82,0x79,0x78,0x7e,0x04,0x04,0x16,0x05,0x05,0x00,0x01,0x00,0x00,0x00,0x00,0x00,0x00,0x00,0x00,0x00,0x00,0x00,0x00,0x00,0x00,0x00,0x00,0x00,0x00,0x00,0x00,0x00,0x00,0x00,0x00,0x00,0x00,0x00,0x00,0x00,0x00,0x00,0x00,0x00,0x00,0x00,0x00,0x00,0x00,0x00,0x00,0x00,0x00,0x00,
    0x00,0x00,0x00,0x00,0x00,0x00,0x00,0x00,0x00,0x00,0x00,0x00,0x00,0x00,0x00,0x00,0x00,0x00,0x00,0x00,0x00,0x00,0x00,0x00,0x00,0x00,0x00,0x00,0x00,0x00,0x00,0x00,0x00,0x00,0x00,0x00,0x00,0x00,0x00,0x00,0x00,0x00,0x00,0x00,0x00,0x00,0x00,0x00,0x01,0x01,0x0d,0x18,0x82,0x7f,0x82,0x82,0x79,0x79,0x79,0x79,0x79,0x79,0x7d,0x7d,0x79,0x92,0x82,0xc4,0xa4,0xa4,0xf2,0xde,0xa3,0x83,0x79,0x79,0x79,0x79,0x78,0xa8,0xaf,0x90,0x90,0x88,0xf3,0xd0,0x7e,0x7f,0x78,0x7e,0x78,0x79,0x79,0x7d,0x83,0x79,0x12,0x4f,0x00,0x05,0x00,0x00,0x00,0x00,0x00,0x00,0x00,0x00,0x00,0x00,0x00,0x00,0x00,0x00,0x00,0x00,0x00,0x00,0x00,0x00,0x00,0x00,0x00,0x00,0x00,0x00,0x00,0x00,0x00,0x00,0x00,0x00,0x00,0x00,0x00,0x00,0x00,0x00,0x00,0x00,0x00,0x00,0x00,0x00,
    0x00,0x00,0x00,0x00,0x00,0x00,0x00,0x00,0x00,0x00,0x00,0x00,0x00,0x00,0x00,0x00,0x00,0x00,0x00,0x00,0x00,0x00,0x00,0x00,0x00,0x00,0x00,0x00,0x00,0x00,0x00,0x00,0x00,0x00,0x00,0x00,0x00,0x00,0x00,0x00,0x00,0x00,0x00,0x00,0x00,0x00,0x00,0x00,0x00,0x05,0x00,0x0a,0x7f,0x04,0x82,0x78,0x79,0x79,0x79,0x79,0x79,0x79,0x79,0x79,0x82,0x79,0x7f,0x7a,0xc1,0xb7,0x7d,0x88,0x7e,0x83,0x78,0x79,0x79,0x79,0x82,0x92,0xaf,0x90,0x7e,0x83,0x7e,0x7d,0x7f,0x79,0x79,0x78,0x79,0x79,0x79,0x83,0x04,0x79,0x12,0x68,0x05,0x01,0x00,0x00,0x00,0x00,0x00,0x00,0x00,0x00,0x00,0x00,0x00,0x00,0x00,0x00,0x00,0x00,0x00,0x00,0x00,0x00,0x00,0x00,0x00,0x00,0x00,0x00,0x00,0x00,0x00,0x00,0x00,0x00,0x00,0x00,0x00,0x00,0x00,0x00,0x00,0x00,0x00,0x00,0x00,0x00,
    0x00,0x00,0x00,0x00,0x00,0x00,0x00,0x00,0x00,0x00,0x00,0x00,0x00,0x00,0x00,0x00,0x00,0x00,0x00,0x00,0x00,0x00,0x00,0x00,0x00,0x00,0x00,0x00,0x00,0x00,0x00,0x00,0x00,0x00,0x00,0x00,0x00,0x00,0x00,0x00,0x00,0x00,0x00,0x00,0x00,0x00,0x00,0x00,0x00,0x05,0x00,0x0a,0x7f,0x80,0x79,0x79,0x79,0x79,0x79,0x79,0x79,0x79,0x79,0x79,0x82,0x83,0x79,0x79,0x7a,0x90,0x7a,0x79,0x79,0x78,0x78,0x79,0x79,0x79,0x83,0x80,0xab,0x90,0x7e,0x7d,0x7f,0x7f,0x78,0x83,0x7f,0x79,0x79,0x79,0x79,0x79,0x04,0x79,0x0c,0x00,0x05,0x00,0x00,0x00,0x00,0x00,0x00,0x00,0x00,0x00,0x00,0x00,0x00,0x00,0x00,0x00,0x00,0x00,0x00,0x00,0x00,0x00,0x00,0x00,0x00,0x00,0x00,0x00,0x00,0x00,0x00,0x00,0x00,0x00,0x00,0x00,0x00,0x00,0x00,0x00,0x00,0x00,0x00,0x00,0x00,0x00,
    0x00,0x00,0x00,0x00,0x00,0x00,0x00,0x00,0x00,0x00,0x00,0x00,0x00,0x00,0x00,0x00,0x00,0x00,0x00,0x00,0x00,0x00,0x00,0x00,0x00,0x00,0x00,0x00,0x00,0x00,0x00,0x00,0x00,0x00,0x00,0x00,0x00,0x00,0x00,0x00,0x00,0x00,0x00,0x00,0x00,0x00,0x00,0x00,0x00,0x05,0x00,0x0a,0x80,0x80,0x7f,0x7f,0x80,0x80,0x7f,0x79,0x79,0x79,0x79,0x79,0x78,0x7e,0x78,0x79,0x7f,0x80,0x7e,0x83,0x79,0x79,0x79,0x79,0x79,0x79,0x79,0x80,0xc5,0x7d,0x7a,0x7a,0x7e,0x7d,0x7d,0x78,0x79,0x79,0x79,0x79,0x7f,0x79,0x04,0x79,0x0c,0x1a,0x05,0x01,0x00,0x00,0x00,0x00,0x00,0x00,0x00,0x00,0x00,0x00,0x00,0x00,0x00,0x00,0x00,0x00,0x00,0x00,0x00,0x00,0x00,0x00,0x00,0x00,0x00,0x00,0x00,0x00,0x00,0x00,0x00,0x00,0x00,0x00,0x00,0x00,0x00,0x00,0x00,0x00,0x00,0x00,0x00,0x00,
    0x00,0x00,0x00,0x00,0x00,0x00,0x00,0x00,0x00,0x00,0x00,0x00,0x00,0x00,0x00,0x00,0x00,0x00,0x00,0x00,0x00,0x00,0x00,0x00,0x00,0x00,0x00,0x00,0x00,0x00,0x00,0x00,0x00,0x00,0x00,0x00,0x00,0x00,0x00,0x00,0x00,0x00,0x00,0x00,0x00,0x00,0x00,0x00,0x01,0x00,0x0d,0x18,0x04,0x80,0x80,0x80,0x80,0x80,0x80,0x7f,0x7f,0x7f,0x79,0x79,0x79,0x83,0x7e,0x7d,0x7e,0x83,0xa3,0x7f,0x80,0x7f,0x79,0x79,0x79,0x79,0x83,0x7f,0xc5,0x82,0x7a,0x7a,0x7a,0x7e,0x78,0x79,0x79,0x79,0x7f,0x80,0x80,0x80,0x80,0x79,0x1d,0x62,0x00,0x05,0x00,0x00,0x00,0x00,0x00,0x00,0x00,0x00,0x00,0x00,0x00,0x00,0x00,0x00,0x00,0x00,0x00,0x00,0x00,0x00,0x00,0x00,0x00,0x00,0x00,0x00,0x00,0x00,0x00,0x00,0x00,0x00,0x00,0x00,0x00,0x00,0x00,0x00,0x00,0x00,0x00,0x00,0x00,0x00,
    0x00,0x00,0x00,0x00,0x00,0x00,0x00,0x00,0x00,0x00,0x00,0x00,0x00,0x00,0x00,0x00,0x00,0x00,0x00,0x00,0x00,0x00,0x00,0x00,0x00,0x00,0x00,0x00,0x00,0x00,0x00,0x00,0x00,0x00,0x00,0x00,0x00,0x00,0x00,0x00,0x00,0x00,0x00,0x00,0x00,0x00,0x00,0x00,0x00,0x01,0x05,0x0a,0x2e,0x80,0x80,0x80,0x80,0x80,0x7f,0x7f,0x7f,0x79,0x79,0x79,0x79,0x79,0x83,0x7a,0x84,0x82,0xa2,0x79,0x80,0x80,0x80,0x7f,0x79,0x79,0x79,0x83,0xbc,0x79,0x84,0x82,0x78,0x79,0x79,0x79,0x7f,0x80,0x80,0x80,0x80,0x80,0x80,0x79,0x18,0x1a,0x05,0x01,0x00,0x00,0x00,0x00,0x00,0x00,0x00,0x00,0x00,0x00,0x00,0x00,0x00,0x00,0x00,0x00,0x00,0x00,0x00,0x00,0x00,0x00,0x00,0x00,0x00,0x00,0x00,0x00,0x00,0x00,0x00,0x00,0x00,0x00,0x00,0x00,0x00,0x00,0x00,0x00,0x00,0x00,0x00,0x00,
    0x00,0x00,0x00,0x00,0x00,0x00,0x00,0x00,0x00,0x00,0x00,0x00,0x00,0x00,0x00,0x00,0x00,0x00,0x00,0x00,0x00,0x00,0x00,0x00,0x00,0x00,0x00,0x00,0x00,0x00,0x00,0x00,0x00,0x00,0x00,0x00,0x00,0x00,0x00,0x00,0x00,0x00,0x00,0x00,0x00,0x00,0x00,0x00,0x00,0x00,0x00,0x00,0x12,0x7f,0x04,0x79,0x79,0x7f,0x79,0x79,0x79,0x79,0x79,0x79,0x79,0x79,0x79,0x83,0x90,0xaf,0xec,0x82,0x80,0x80,0x80,0x80,0x80,0x7f,0x7f,0x79,0xd4,0xa2,0x7a,0x82,0x7f,0x79,0x79,0x79,0x80,0x80,0x7f,0x7f,0x7f,0x79,0x04,0x83,0x08,0x00,0x05,0x00,0x00,0x00,0x00,0x00,0x00,0x00,0x00,0x00,0x00,0x00,0x00,0x00,0x00,0x00,0x00,0x00,0x00,0x00,0x00,0x00,0x00,0x00,0x00,0x00,0x00,0x00,0x00,0x00,0x00,0x00,0x00,0x00,0x00,0x00,0x00,0x00,0x00,0x00,0x00,0x00,0x00,0x00,0x00,0x00,
    0x00,0x00,0x00,0x00,0x00,0x00,0x00,0x00,0x00,0x00,0x00,0x00,0x00,0x00,0x00,0x00,0x00,0x00,0x00,0x00,0x00,0x00,0x00,0x00,0x00,0x00,0x00,0x00,0x00,0x00,0x00,0x00,0x00,0x00,0x00,0x00,0x00,0x00,0x00,0x00,0x00,0x00,0x00,0x00,0x00,0x00,0x00,0x00,0x00,0x00,0x05,0x00,0x11,0x79,0x04,0x79,0x79,0x79,0x79,0x79,0x79,0x79,0x79,0x79,0x79,0x79,0x79,0x79,0x88,0xbc,0xbc,0x82,0x80,0x7f,0x7f,0x7f,0x7f,0x79,0x7f,0x7d,0xf5,0xa8,0x83,0x82,0x83,0x79,0x79,0x79,0x79,0x79,0x79,0x79,0x79,0x04,0x79,0x1d,0x05,0x05,0x00,0x00,0x00,0x00,0x00,0x00,0x00,0x00,0x00,0x00,0x00,0x00,0x00,0x00,0x00,0x00,0x00,0x00,0x00,0x00,0x00,0x00,0x00,0x00,0x00,0x00,0x00,0x00,0x00,0x00,0x00,0x00,0x00,0x00,0x00,0x00,0x00,0x00,0x00,0x00,0x00,0x00,0x00,0x00,0x00,0x00,
    0x00,0x00,0x00,0x00,0x00,0x00,0x00,0x00,0x00,0x00,0x00,0x00,0x00,0x00,0x00,0x00,0x00,0x00,0x00,0x00,0x00,0x00,0x00,0x00,0x00,0x00,0x00,0x00,0x00,0x00,0x00,0x00,0x00,0x00,0x00,0x00,0x00,0x00,0x00,0x00,0x00,0x00,0x00,0x00,0x00,0x00,0x00,0x00,0x00,0x00,0x05,0x00,0x1c,0x79,0x79,0x79,0x79,0x7f,0x79,0x79,0x79,0x79,0x79,0x79,0x79,0x79,0x83,0x7d,0x78,0x78,0x83,0x78,0x79,0x79,0x79,0x79,0x79,0x79,0x79,0x82,0xa2,0x80,0x80,0x80,0x83,0x7d,0x78,0x7f,0x83,0x83,0x83,0x83,0x04,0x7f,0x37,0x0a,0x01,0x05,0x00,0x00,0x00,0x00,0x00,0x00,0x00,0x00,0x00,0x00,0x00,0x00,0x00,0x00,0x00,0x00,0x00,0x00,0x00,0x00,0x00,0x00,0x00,0x00,0x00,0x00,0x00,0x00,0x00,0x00,0x00,0x00,0x00,0x00,0x00,0x00,0x00,0x00,0x00,0x00,0x00,0x00,0x00,0x00,0x00,0x00,
    0x00,0x00,0x00,0x00,0x00,0x00,0x00,0x00,0x00,0x00,0x00,0x00,0x00,0x00,0x00,0x00,0x00,0x00,0x00,0x00,0x00,0x00,0x00,0x00,0x00,0x00,0x00,0x00,0x00,0x00,0x00,0x00,0x00,0x00,0x00,0x00,0x00,0x00,0x00,0x00,0x00,0x00,0x00,0x00,0x00,0x00,0x00,0x00,0x00,0x00,0x01,0x00,0x0a,0x09,0x04,0x04,0x79,0x79,0x79,0x79,0x79,0x79,0x79,0x79,0x78,0x7d,0x7d,0x79,0x7f,0x7d,0x78,0x79,0x79,0x79,0x79,0x79,0x79,0x79,0x79,0x78,0x82,0x7f,0x7f,0x79,0x7f,0x82,0x7e,0x7d,0x7a,0x84,0x7e,0x83,0x79,0x1d,0x0a,0x00,0x05,0x00,0x00,0x00,0x00,0x00,0x00,0x00,0x00,0x00,0x00,0x00,0x00,0x00,0x00,0x00,0x00,0x00,0x00,0x00,0x00,0x00,0x00,0x00,0x00,0x00,0x00,0x00,0x00,0x00,0x00,0x00,0x00,0x00,0x00,0x00,0x00,0x00,0x00,0x00,0x00,0x00,0x00,0x00,0x00,0x00,0x00,0x00,
    0x00,0x00,0x00,0x00,0x00,0x00,0x00,0x00,0x00,0x00,0x00,0x00,0x00,0x00,0x00,0x00,0x00,0x00,0x00,0x00,0x00,0x00,0x00,0x00,0x00,0x00,0x00,0x00,0x00,0x00,0x00,0x00,0x00,0x00,0x00,0x00,0x00,0x00,0x00,0x00,0x00,0x00,0x00,0x00,0x00,0x00,0x00,0x00,0x00,0x00,0x00,0x01,0x00,0x08,0x1c,0x7d,0x82,0x83,0x83,0x83,0x83,0x83,0x82,0x7e,0x7d,0x78,0x7f,0x79,0x79,0x83,0x83,0x79,0x79,0x79,0x79,0x79,0x79,0x79,0x79,0x79,0x83,0x79,0x79,0x79,0x79,0x79,0x78,0x82,0x7d,0x7e,0x2e,0x0c,0x11,0x0d,0x00,0x05,0x00,0x00,0x00,0x00,0x00,0x00,0x00,0x00,0x00,0x00,0x00,0x00,0x00,0x00,0x00,0x00,0x00,0x00,0x00,0x00,0x00,0x00,0x00,0x00,0x00,0x00,0x00,0x00,0x00,0x00,0x00,0x00,0x00,0x00,0x00,0x00,0x00,0x00,0x00,0x00,0x00,0x00,0x00,0x00,0x00,0x00,0x00,0x00,
    0x00,0x00,0x00,0x00,0x00,0x00,0x00,0x00,0x00,0x00,0x00,0x00,0x00,0x00,0x00,0x00,0x00,0x00,0x00,0x00,0x00,0x00,0x00,0x00,0x00,0x00,0x00,0x00,0x00,0x00,0x00,0x00,0x00,0x00,0x00,0x00,0x00,0x00,0x00,0x00,0x00,0x00,0x00,0x00,0x00,0x00,0x00,0x00,0x00,0x00,0x00,0x00,0x05,0x00,0x1c,0x7f,0x04,0x83,0x82,0x7d,0x7d,0x7d,0x7d,0x7d,0x7d,0x82,0x82,0x79,0x79,0x78,0x7d,0x79,0x79,0x79,0x79,0x79,0x79,0x79,0x79,0x79,0x79,0x79,0x79,0x79,0x79,0x79,0x79,0x79,0x7f,0x7f,0x12,0x16,0x08,0x05,0x05,0x00,0x00,0x00,0x00,0x00,0x00,0x00,0x00,0x00,0x00,0x00,0x00,0x00,0x00,0x00,0x00,0x00,0x00,0x00,0x00,0x00,0x00,0x00,0x00,0x00,0x00,0x00,0x00,0x00,0x00,0x00,0x00,0x00,0x00,0x00,0x00,0x00,0x00,0x00,0x00,0x00,0x00,0x00,0x00,0x00,0x00,0x00,0x00,0x00,
    0x00,0x00,0x00,0x00,0x00,0x00,0x00,0x00,0x00,0x00,0x00,0x00,0x00,0x00,0x00,0x00,0x00,0x00,0x00,0x00,0x00,0x00,0x00,0x00,0x00,0x00,0x00,0x00,0x00,0x00,0x00,0x00,0x00,0x00,0x00,0x00,0x00,0x00,0x00,0x00,0x00,0x00,0x00,0x00,0x00,0x00,0x00,0x00,0x00,0x00,0x00,0x05,0x00,0x18,0x3a,0x04,0x7f,0x79,0x79,0x79,0x79,0x79,0x79,0x79,0x78,0x83,0x7d,0x83,0x79,0x79,0x78,0x79,0x79,0x79,0x79,0x79,0x79,0x79,0x79,0x79,0x79,0x79,0x79,0x79,0x79,0x79,0x79,0x79,0x79,0x7f,0x83,0x08,0x00,0x05,0x00,0x00,0x00,0x00,0x00,0x00,0x00,0x00,0x00,0x00,0x00,0x00,0x00,0x00,0x00,0x00,0x00,0x00,0x00,0x00,0x00,0x00,0x00,0x00,0x00,0x00,0x00,0x00,0x00,0x00,0x00,0x00,0x00,0x00,0x00,0x00,0x00,0x00,0x00,0x00,0x00,0x00,0x00,0x00,0x00,0x00,0x00,0x00,0x00,0x00,
    0x00,0x00,0x00,0x00,0x00,0x00,0x00,0x00,0x00,0x00,0x00,0x00,0x00,0x00,0x00,0x00,0x00,0x00,0x00,0x00,0x00,0x00,0x00,0x00,0x00,0x00,0x00,0x00,0x00,0x00,0x00,0x00,0x00,0x00,0x00,0x00,0x00,0x00,0x00,0x00,0x00,0x00,0x00,0x00,0x00,0x00,0x00,0x00,0x00,0x00,0x01,0x00,0x13,0x0c,0x83,0x7f,0x79,0x79,0x79,0x79,0x79,0x79,0x79,0x79,0x79,0x7f,0x79,0x78,0x83,0x78,0x79,0x79,0x79,0x79,0x79,0x79,0x79,0x79,0x79,0x79,0x79,0x79,0x79,0x79,0x79,0x79,0x79,0x79,0x79,0x04,0x83,0x16,0x05,0x05,0x00,0x00,0x00,0x00,0x00,0x00,0x00,0x00,0x00,0x00,0x00,0x00,0x00,0x00,0x00,0x00,0x00,0x00,0x00,0x00,0x00,0x00,0x00,0x00,0x00,0x00,0x00,0x00,0x00,0x00,0x00,0x00,0x00,0x00,0x00,0x00,0x00,0x00,0x00,0x00,0x00,0x00,0x00,0x00,0x00,0x00,0x00,0x00,0x00,0x00,
    0x00,0x00,0x00,0x00,0x00,0x00,0x00,0x00,0x00,0x00,0x00,0x00,0x00,0x00,0x00,0x00,0x00,0x00,0x00,0x00,0x00,0x00,0x00,0x00,0x00,0x00,0x00,0x00,0x00,0x00,0x00,0x00,0x00,0x00,0x00,0x00,0x00,0x00,0x00,0x00,0x00,0x00,0x00,0x00,0x00,0x00,0x00,0x00,0x00,0x00,0x05,0x00,0x0a,0x12,0x78,0x79,0x79,0x79,0x79,0x79,0x79,0x79,0x7f,0x7f,0x79,0x79,0x79,0x79,0x78,0x82,0x82,0x79,0x79,0x78,0x78,0x78,0x79,0x79,0x78,0x79,0x79,0x79,0x79,0x79,0x79,0x79,0x79,0x79,0x79,0x04,0x79,0x12,0x00,0x01,0x00,0x00,0x00,0x00,0x00,0x00,0x00,0x00,0x00,0x00,0x00,0x00,0x00,0x00,0x00,0x00,0x00,0x00,0x00,0x00,0x00,0x00,0x00,0x00,0x00,0x00,0x00,0x00,0x00,0x00,0x00,0x00,0x00,0x00,0x00,0x00,0x00,0x00,0x00,0x00,0x00,0x00,0x00,0x00,0x00,0x00,0x00,0x00,0x00,0x00,
    0x00,0x00,0x00,0x00,0x00,0x00,0x00,0x00,0x00,0x00,0x00,0x00,0x00,0x00,0x00,0x00,0x00,0x00,0x00,0x00,0x00,0x00,0x00,0x00,0x00,0x00,0x00,0x00,0x00,0x00,0x00,0x00,0x00,0x00,0x00,0x00,0x00,0x00,0x00,0x00,0x00,0x00,0x00,0x00,0x00,0x00,0x00,0x00,0x00,0x00,0x05,0x00,0x33,0x1d,0x79,0x04,0x79,0x79,0x79,0x79,0x79,0x79,0x79,0x79,0x79,0x79,0x79,0x79,0x79,0x79,0x78,0x83,0x78,0x82,0x7a,0x7d,0x83,0x7d,0x7e,0x78,0x79,0x79,0x79,0x79,0x79,0x79,0x79,0x79,0x79,0x79,0x04,0x37,0x08,0x00,0x05,0x00,0x00,0x00,0x00,0x00,0x00,0x00,0x00,0x00,0x00,0x00,0x00,0x00,0x00,0x00,0x00,0x00,0x00,0x00,0x00,0x00,0x00,0x00,0x00,0x00,0x00,0x00,0x00,0x00,0x00,0x00,0x00,0x00,0x00,0x00,0x00,0x00,0x00,0x00,0x00,0x00,0x00,0x00,0x00,0x00,0x00,0x00,0x00,0x00,
    0x00,0x00,0x00,0x00,0x00,0x00,0x00,0x00,0x00,0x00,0x00,0x00,0x00,0x00,0x00,0x00,0x00,0x00,0x00,0x00,0x00,0x00,0x00,0x00,0x00,0x00,0x00,0x00,0x00,0x00,0x00,0x00,0x00,0x00,0x00,0x00,0x00,0x00,0x00,0x00,0x00,0x00,0x00,0x00,0x00,0x00,0x00,0x00,0x00,0x00,0x05,0x00,0x33,0x1d,0x80,0x80,0x80,0x80,0x7f,0x79,0x79,0x79,0x79,0x79,0x79,0x79,0x79,0x79,0x79,0x79,0x79,0x79,0x79,0x78,0x82,0x82,0x82,0x83,0x78,0x79,0x79,0x79,0x79,0x79,0x79,0x79,0x79,0x79,0x79,0x79,0x79,0x83,0x09,0x0d,0x01,0x01,0x00,0x00,0x00,0x00,0x00,0x00,0x00,0x00,0x00,0x00,0x00,0x00,0x00,0x00,0x00,0x00,0x00,0x00,0x00,0x00,0x00,0x00,0x00,0x00,0x00,0x00,0x00,0x00,0x00,0x00,0x00,0x00,0x00,0x00,0x00,0x00,0x00,0x00,0x00,0x00,0x00,0x00,0x00,0x00,0x00,0x00,0x00,0x00,
    0x00,0x00,0x00,0x00,0x00,0x00,0x00,0x00,0x00,0x00,0x00,0x00,0x00,0x00,0x00,0x00,0x00,0x00,0x00,0x00,0x00,0x00,0x00,0x00,0x00,0x00,0x00,0x00,0x00,0x00,0x00,0x00,0x00,0x00,0x00,0x00,0x00,0x00,0x00,0x00,0x00,0x00,0x00,0x00,0x00,0x00,0x00,0x00,0x00,0x00,0x01,0x05,0x18,0x80,0x80,0x80,0x80,0x80,0x80,0x80,0x79,0x79,0x79,0x79,0x79,0x79,0x79,0x79,0x79,0x79,0x79,0x79,0x79,0x79,0x79,0x79,0x79,0x79,0x79,0x79,0x79,0x79,0x79,0x79,0x79,0x79,0x79,0x79,0x79,0x79,0x79,0x04,0x1d,0x0a,0x00,0x05,0x00,0x00,0x00,0x00,0x00,0x00,0x00,0x00,0x00,0x00,0x00,0x00,0x00,0x00,0x00,0x00,0x00,0x00,0x00,0x00,0x00,0x00,0x00,0x00,0x00,0x00,0x00,0x00,0x00,0x00,0x00,0x00,0x00,0x00,0x00,0x00,0x00,0x00,0x00,0x00,0x00,0x00,0x00,0x00,0x00,0x00,0x00,0x00,
    0x00,0x00,0x00,0x00,0x00,0x00,0x00,0x00,0x00,0x00,0x00,0x00,0x00,0x00,0x00,0x00,0x00,0x00,0x00,0x00,0x00,0x00,0x00,0x00,0x00,0x00,0x00,0x00,0x00,0x00,0x00,0x00,0x00,0x00,0x00,0x00,0x00,0x00,0x00,0x00,0x00,0x00,0x00,0x00,0x00,0x00,0x00,0x00,0x00,0x00,0x00,0x13,0x18,0x04,0x7f,0x80,0x80,0x80,0x80,0x80,0x79,0x79,0x79,0x79,0x79,0x79,0x79,0x79,0x79,0x79,0x79,0x79,0x79,0x79,0x79,0x79,0x79,0x79,0x79,0x79,0x79,0x79,0x79,0x79,0x79,0x79,0x79,0x79,0x79,0x79,0x04,0x79,0x0c,0x0a,0x00,0x05,0x00,0x00,0x00,0x00,0x00,0x00,0x00,0x00,0x00,0x00,0x00,0x00,0x00,0x00,0x00,0x00,0x00,0x00,0x00,0x00,0x00,0x00,0x00,0x00,0x00,0x00,0x00,0x00,0x00,0x00,0x00,0x00,0x00,0x00,0x00,0x00,0x00,0x00,0x00,0x00,0x00,0x00,0x00,0x00,0x00,0x00,0x00,0x00,
    0x00,0x00,0x00,0x00,0x00,0x00,0x00,0x00,0x00,0x00,0x00,0x00,0x00,0x00,0x00,0x00,0x00,0x00,0x00,0x00,0x00,0x00,0x00,0x00,0x00,0x00,0x00,0x00,0x00,0x00,0x00,0x00,0x00,0x00,0x00,0x00,0x00,0x00,0x00,0x00,0x00,0x00,0x00,0x00,0x00,0x00,0x00,0x00,0x00,0x00,0x00,0x05,0x18,0x37,0x7f,0x80,0x80,0x80,0x7f,0x79,0x79,0x79,0x79,0x79,0x79,0x79,0x79,0x79,0x79,0x79,0x7f,0x7f,0x7f,0x7f,0x7f,0x7f,0x79,0x79,0x79,0x79,0x79,0x79,0x79,0x79,0x79,0x79,0x79,0x79,0x79,0x79,0x04,0x79,0x0c,0x0a,0x01,0x05,0x00,0x00,0x00,0x00,0x00,0x00,0x00,0x00,0x00,0x00,0x00,0x00,0x00,0x00,0x00,0x00,0x00,0x00,0x00,0x00,0x00,0x00,0x00,0x00,0x00,0x00,0x00,0x00,0x00,0x00,0x00,0x00,0x00,0x00,0x00,0x00,0x00,0x00,0x00,0x00,0x00,0x00,0x00,0x00,0x00,0x00,0x00,0x00,
    0x00,0x00,0x00,0x00,0x00,0x00,0x00,0x00,0x00,0x00,0x00,0x00,0x00,0x00,0x00,0x00,0x00,0x00,0x00,0x00,0x00,0x00,0x00,0x00,0x00,0x00,0x00,0x00,0x00,0x00,0x00,0x00,0x00,0x00,0x00,0x00,0x00,0x00,0x00,0x00,0x00,0x00,0x00,0x00,0x00,0x00,0x00,0x00,0x00,0x00,0x00,0x13,0x1c,0x37,0x7f,0x80,0x80,0x7f,0x79,0x79,0x7f,0x80,0x80,0x7f,0x79,0x79,0x79,0x79,0x79,0x79,0x7f,0x7f,0x80,0x7f,0x80,0x7f,0x7f,0x7f,0x79,0x79,0x79,0x79,0x79,0x79,0x79,0x79,0x79,0x79,0x79,0x79,0x04,0x79,0x11,0x00,0x05,0x00,0x00,0x00,0x00,0x00,0x00,0x00,0x00,0x00,0x00,0x00,0x00,0x00,0x00,0x00,0x00,0x00,0x00,0x00,0x00,0x00,0x00,0x00,0x00,0x00,0x00,0x00,0x00,0x00,0x00,0x00,0x00,0x00,0x00,0x00,0x00,0x00,0x00,0x00,0x00,0x00,0x00,0x00,0x00,0x00,0x00,0x00,0x00,0x00,
    0x00,0x00,0x00,0x00,0x00,0x00,0x00,0x00,0x00,0x00,0x00,0x00,0x00,0x00,0x00,0x00,0x00,0x00,0x00,0x00,0x00,0x00,0x00,0x00,0x00,0x00,0x00,0x00,0x00,0x00,0x00,0x00,0x00,0x00,0x00,0x00,0x00,0x00,0x00,0x00,0x00,0x00,0x00,0x00,0x00,0x00,0x00,0x00,0x00,0x00,0x00,0x05,0x11,0x04,0x79,0x79,0x79,0x79,0x79,0x79,0x7f,0x7f,0x7f,0x79,0x7f,0x7f,0x79,0x7f,0x7f,0x7f,0x7f,0x7f,0x80,0x7f,0x7f,0x7f,0x7f,0x7f,0x79,0x79,0x79,0x79,0x79,0x79,0x79,0x79,0x79,0x79,0x79,0x79,0x04,0x79,0x09,0x00,0x05,0x00,0x00,0x00,0x00,0x00,0x00,0x00,0x00,0x00,0x00,0x00,0x00,0x00,0x00,0x00,0x00,0x00,0x00,0x00,0x00,0x00,0x00,0x00,0x00,0x00,0x00,0x00,0x00,0x00,0x00,0x00,0x00,0x00,0x00,0x00,0x00,0x00,0x00,0x00,0x00,0x00,0x00,0x00,0x00,0x00,0x00,0x00,0x00,0x00,
    0x00,0x00,0x00,0x00,0x00,0x00,0x00,0x00,0x00,0x00,0x00,0x00,0x00,0x00,0x00,0x00,0x00,0x00,0x00,0x00,0x00,0x00,0x00,0x00,0x00,0x00,0x00,0x00,0x00,0x00,0x00,0x00,0x00,0x00,0x00,0x00,0x00,0x00,0x00,0x00,0x00,0x00,0x00,0x00,0x00,0x00,0x00,0x00,0x00,0x00,0x05,0x00,0x33,0x1d,0x78,0x04,0x79,0x79,0x79,0x78,0x82,0x7d,0x7e,0x7e,0x82,0x82,0x83,0x79,0x79,0x7f,0x80,0x80,0x80,0x80,0x80,0x7f,0x7f,0x7f,0x7f,0x79,0x79,0x79,0x78,0x78,0x78,0x83,0x82,0x83,0x78,0x78,0x04,0x82,0x1c,0x00,0x05,0x00,0x00,0x00,0x00,0x00,0x00,0x00,0x00,0x00,0x00,0x00,0x00,0x00,0x00,0x00,0x00,0x00,0x00,0x00,0x00,0x00,0x00,0x00,0x00,0x00,0x00,0x00,0x00,0x00,0x00,0x00,0x00,0x00,0x00,0x00,0x00,0x00,0x00,0x00,0x00,0x00,0x00,0x00,0x00,0x00,0x00,0x00,0x00,0x00,
    0x00,0x00,0x00,0x00,0x00,0x00,0x00,0x00,0x00,0x00,0x00,0x00,0x00,0x00,0x00,0x00,0x00,0x00,0x00,0x00,0x00,0x00,0x00,0x00,0x00,0x00,0x00,0x00,0x00,0x00,0x00,0x00,0x00,0x00,0x00,0x00,0x00,0x00,0x00,0x00,0x00,0x00,0x00,0x00,0x00,0x00,0x00,0x00,0x00,0x00,0x01,0x00,0x0d,0x0c,0x83,0x79,0x82,0x7d,0x7e,0x7a,0x7a,0x7a,0x7a,0x7a,0x7a,0x7a,0x7a,0x7e,0x82,0x83,0x78,0x7f,0x80,0x79,0x78,0x79,0x79,0x79,0x83,0x82,0x7d,0x7d,0x7e,0x7a,0x7a,0x7a,0x7a,0x7a,0x7a,0x7e,0x07,0x37,0x08,0x00,0x05,0x00,0x00,0x00,0x00,0x00,0x00,0x00,0x00,0x00,0x00,0x00,0x00,0x00,0x00,0x00,0x00,0x00,0x00,0x00,0x00,0x00,0x00,0x00,0x00,0x00,0x00,0x00,0x00,0x00,0x00,0x00,0x00,0x00,0x00,0x00,0x00,0x00,0x00,0x00,0x00,0x00,0x00,0x00,0x00,0x00,0x00,0x00,0x00,0x00,
    0x00,0x00,0x00,0x00,0x00,0x00,0x00,0x00,0x00,0x00,0x00,0x00,0x00,0x00,0x00,0x00,0x00,0x00,0x00,0x00,0x00,0x00,0x00,0x00,0x00,0x00,0x00,0x00,0x00,0x00,0x00,0x00,0x00,0x00,0x00,0x00,0x00,0x00,0x00,0x00,0x00,0x00,0x00,0x00,0x00,0x00,0x00,0x00,0x00,0x00,0x00,0x00,0x05,0x00,0x16,0x07,0x7e,0x7a,0x7a,0x7e,0x7d,0x82,0x82,0x7a,0x7a,0x7e,0x7d,0x82,0x83,0x83,0x7d,0x7d,0x7d,0x7e,0x7a,0x7a,0x7a,0x7a,0x7a,0x84,0x7a,0x7a,0x7a,0x7a,0x7a,0x7a,0x7e,0x82,0x7e,0x07,0x83,0x11,0x00,0x05,0x00,0x00,0x00,0x00,0x00,0x00,0x00,0x00,0x00,0x00,0x00,0x00,0x00,0x00,0x00,0x00,0x00,0x00,0x00,0x00,0x00,0x00,0x00,0x00,0x00,0x00,0x00,0x00,0x00,0x00,0x00,0x00,0x00,0x00,0x00,0x00,0x00,0x00,0x00,0x00,0x00,0x00,0x00,0x00,0x00,0x00,0x00,0x00,0x00,0x00,
    0x00,0x00,0x00,0x00,0x00,0x00,0x00,0x00,0x00,0x00,0x00,0x00,0x00,0x00,0x00,0x00,0x00,0x00,0x00,0x00,0x00,0x00,0x00,0x00,0x00,0x00,0x00,0x00,0x00,0x00,0x00,0x00,0x00,0x00,0x00,0x00,0x00,0x00,0x00,0x00,0x00,0x00,0x00,0x00,0x00,0x00,0x00,0x00,0x00,0x00,0x00,0x00,0x00,0x05,0x00,0x09,0x7e,0x83,0x82,0x82,0x83,0x79,0x79,0x78,0x78,0x79,0x79,0x7f,0x80,0x80,0x80,0x7f,0x7f,0x78,0x82,0x82,0x82,0x82,0x82,0x82,0x82,0x82,0x7e,0x7e,0x7e,0x7e,0x7e,0x7d,0x83,0x83,0x2e,0x08,0x05,0x05,0x00,0x00,0x00,0x00,0x00,0x00,0x00,0x00,0x00,0x00,0x00,0x00,0x00,0x00,0x00,0x00,0x00,0x00,0x00,0x00,0x00,0x00,0x00,0x00,0x00,0x00,0x00,0x00,0x00,0x00,0x00,0x00,0x00,0x00,0x00,0x00,0x00,0x00,0x00,0x00,0x00,0x00,0x00,0x00,0x00,0x00,0x00,0x00,0x00,0x00,
    0x00,0x00,0x00,0x00,0x00,0x00,0x00,0x00,0x00,0x00,0x00,0x00,0x00,0x00,0x00,0x00,0x00,0x00,0x00,0x00,0x00,0x00,0x00,0x00,0x00,0x00,0x00,0x00,0x00,0x00,0x00,0x00,0x00,0x00,0x00,0x00,0x00,0x00,0x00,0x00,0x00,0x00,0x00,0x00,0x00,0x00,0x00,0x00,0x00,0x00,0x00,0x00,0x00,0x05,0x05,0x3b,0x04,0x7f,0x79,0x78,0x7f,0x7f,0x79,0x79,0x79,0x79,0x79,0x80,0x80,0x80,0x80,0x80,0x80,0x80,0x7f,0x79,0x79,0x79,0x7f,0x7f,0x7f,0x7f,0x7f,0x79,0x79,0x79,0x79,0x79,0x79,0x78,0x37,0x08,0x00,0x05,0x00,0x00,0x00,0x00,0x00,0x00,0x00,0x00,0x00,0x00,0x00,0x00,0x00,0x00,0x00,0x00,0x00,0x00,0x00,0x00,0x00,0x00,0x00,0x00,0x00,0x00,0x00,0x00,0x00,0x00,0x00,0x00,0x00,0x00,0x00,0x00,0x00,0x00,0x00,0x00,0x00,0x00,0x00,0x00,0x00,0x00,0x00,0x00,0x00,0x00,
    0x00,0x00,0x00,0x00,0x00,0x00,0x00,0x00,0x00,0x00,0x00,0x00,0x00,0x00,0x00,0x00,0x00,0x00,0x00,0x00,0x00,0x00,0x00,0x00,0x00,0x00,0x00,0x00,0x00,0x00,0x00,0x00,0x00,0x00,0x00,0x00,0x00,0x00,0x00,0x00,0x00,0x00,0x00,0x00,0x00,0x00,0x00,0x00,0x00,0x00,0x00,0x00,0x00,0x00,0x13,0x18,0x2e,0x04,0x79,0x79,0x80,0x7f,0x79,0x79,0x79,0x79,0x80,0x80,0x80,0x80,0x80,0x80,0x80,0x7f,0x79,0x80,0x7f,0x7f,0x7f,0x80,0x80,0x80,0x80,0x80,0x79,0x79,0x79,0x79,0x04,0x83,0x12,0x05,0x05,0x00,0x00,0x00,0x00,0x00,0x00,0x00,0x00,0x00,0x00,0x00,0x00,0x00,0x00,0x00,0x00,0x00,0x00,0x00,0x00,0x00,0x00,0x00,0x00,0x00,0x00,0x00,0x00,0x00,0x00,0x00,0x00,0x00,0x00,0x00,0x00,0x00,0x00,0x00,0x00,0x00,0x00,0x00,0x00,0x00,0x00,0x00,0x00,0x00,0x00,0x00,
    0x00,0x00,0x00,0x00,0x00,0x00,0x00,0x00,0x00,0x00,0x00,0x00,0x00,0x00,0x00,0x00,0x00,0x00,0x00,0x00,0x00,0x00,0x00,0x00,0x00,0x00,0x00,0x00,0x00,0x00,0x00,0x00,0x00,0x00,0x00,0x00,0x00,0x00,0x00,0x00,0x00,0x00,0x00,0x00,0x00,0x00,0x00,0x00,0x00,0x00,0x00,0x00,0x00,0x00,0x13,0x18,0x79,0x7f,0x79,0x7f,0x80,0x80,0x7f,0x7f,0x80,0x80,0x80,0x80,0x80,0x80,0x80,0x80,0x80,0x79,0x7f,0x80,0x80,0x80,0x80,0x80,0x80,0x80,0x80,0x80,0x80,0x80,0x7f,0x7f,0x04,0x78,0x0c,0x00,0x05,0x00,0x00,0x00,0x00,0x00,0x00,0x00,0x00,0x00,0x00,0x00,0x00,0x00,0x00,0x00,0x00,0x00,0x00,0x00,0x00,0x00,0x00,0x00,0x00,0x00,0x00,0x00,0x00,0x00,0x00,0x00,0x00,0x00,0x00,0x00,0x00,0x00,0x00,0x00,0x00,0x00,0x00,0x00,0x00,0x00,0x00,0x00,0x00,0x00,0x00,0x00,
    0x00,0x00,0x00,0x00,0x00,0x00,0x00,0x00,0x00,0x00,0x00,0x00,0x00,0x00,0x00,0x00,0x00,0x00,0x00,0x00,0x00,0x00,0x00,0x00,0x00,0x00,0x00,0x00,0x00,0x00,0x00,0x00,0x00,0x00,0x00,0x00,0x00,0x00,0x00,0x00,0x00,0x00,0x00,0x00,0x00,0x00,0x00,0x00,0x00,0x00,0x00,0x00,0x00,0x00,0x05,0x1c,0x0c,0x3a,0x79,0x79,0x83,0x82,0x7e,0x82,0x82,0x7d,0x82,0x78,0x7f,0x80,0x92,0x92,0x80,0x7f,0x7f,0x80,0x80,0x80,0x80,0x79,0x78,0x83,0x7d,0x7e,0x7e,0x7d,0x7e,0x7f,0x80,0x3a,0x0a,0x00,0x05,0x00,0x00,0x00,0x00,0x00,0x00,0x00,0x00,0x00,0x00,0x00,0x00,0x00,0x00,0x00,0x00,0x00,0x00,0x00,0x00,0x00,0x00,0x00,0x00,0x00,0x00,0x00,0x00,0x00,0x00,0x00,0x00,0x00,0x00,0x00,0x00,0x00,0x00,0x00,0x00,0x00,0x00,0x00,0x00,0x00,0x00,0x00,0x00,0x00,0x00,0x00,
    0x00,0x00,0x00,0x00,0x00,0x00,0x00,0x00,0x00,0x00,0x00,0x00,0x00,0x00,0x00,0x00,0x00,0x00,0x00,0x00,0x00,0x00,0x00,0x00,0x00,0x00,0x00,0x00,0x00,0x00,0x00,0x00,0x00,0x00,0x00,0x00,0x00,0x00,0x00,0x00,0x00,0x00,0x00,0x00,0x00,0x00,0x00,0x00,0x00,0x00,0x00,0x00,0x00,0x00,0x05,0x00,0x0e,0x1c,0x3b,0x3b,0x54,0x25,0x25,0x2d,0xf3,0xf3,0xd0,0x42,0xa1,0xa1,0x92,0xa3,0xa3,0x80,0x82,0x82,0x82,0x82,0x83,0x78,0xa3,0xa1,0x42,0xf3,0x2d,0x25,0x25,0x09,0x3b,0x16,0x02,0x00,0x00,0x00,0x00,0x00,0x00,0x00,0x00,0x00,0x00,0x00,0x00,0x00,0x00,0x00,0x00,0x00,0x00,0x00,0x00,0x00,0x00,0x00,0x00,0x00,0x00,0x00,0x00,0x00,0x00,0x00,0x00,0x00,0x00,0x00,0x00,0x00,0x00,0x00,0x00,0x00,0x00,0x00,0x00,0x00,0x00,0x00,0x00,0x00,0x00,0x00,0x00,0x00,
    0x00,0x00,0x00,0x00,0x00,0x00,0x00,0x00,0x00,0x00,0x00,0x00,0x00,0x00,0x00,0x00,0x00,0x00,0x00,0x00,0x00,0x00,0x00,0x00,0x00,0x00,0x00,0x00,0x00,0x00,0x00,0x00,0x00,0x00,0x00,0x00,0x00,0x00,0x00,0x00,0x00,0x00,0x00,0x00,0x00,0x00,0x00,0x00,0x00,0x00,0x00,0x00,0x00,0x00,0x00,0x05,0x05,0x03,0x0e,0x62,0x63,0x38,0xed,0xcc,0xb0,0x97,0x9e,0xb0,0xcc,0xed,0x38,0x38,0x2d,0x09,0x42,0xee,0xee,0xe4,0x38,0x52,0xb6,0xb1,0xb0,0xcc,0xed,0xed,0x38,0x32,0x0e,0x03,0x05,0x00,0x00,0x00,0x00,0x00,0x00,0x00,0x00,0x00,0x00,0x00,0x00,0x00,0x00,0x00,0x00,0x00,0x00,0x00,0x00,0x00,0x00,0x00,0x00,0x00,0x00,0x00,0x00,0x00,0x00,0x00,0x00,0x00,0x00,0x00,0x00,0x00,0x00,0x00,0x00,0x00,0x00,0x00,0x00,0x00,0x00,0x00,0x00,0x00,0x00,0x00,0x00,0x00,
    0x00,0x00,0x00,0x00,0x00,0x00,0x00,0x00,0x00,0x00,0x00,0x00,0x00,0x00,0x00,0x00,0x00,0x00,0x00,0x00,0x00,0x00,0x00,0x00,0x00,0x00,0x00,0x00,0x00,0x00,0x00,0x00,0x00,0x00,0x00,0x00,0x00,0x00,0x00,0x00,0x00,0x00,0x00,0x00,0x00,0x00,0x00,0x00,0x00,0x00,0x00,0x00,0x00,0x00,0x00,0x00,0x00,0x05,0x00,0x2c,0x63,0xad,0x91,0x96,0x94,0x96,0x06,0x96,0x96,0x91,0xb0,0xcc,0xf8,0x4a,0x75,0xe3,0xcc,0x7c,0x8d,0x8d,0x9b,0x9b,0x9b,0x91,0xce,0xcc,0x75,0x24,0x00,0x00,0x00,0x00,0x00,0x00,0x00,0x00,0x00,0x00,0x00,0x00,0x00,0x00,0x00,0x00,0x00,0x00,0x00,0x00,0x00,0x00,0x00,0x00,0x00,0x00,0x00,0x00,0x00,0x00,0x00,0x00,0x00,0x00,0x00,0x00,0x00,0x00,0x00,0x00,0x00,0x00,0x00,0x00,0x00,0x00,0x00,0x00,0x00,0x00,0x00,0x00,0x00,0x00,0x00,0x00,
    0x00,0x00,0x00,0x00,0x00,0x00,0x00,0x00,0x00,0x00,0x00,0x00,0x00,0x00,0x00,0x00,0x00,0x00,0x00,0x00,0x00,0x00,0x00,0x00,0x00,0x00,0x00,0x00,0x00,0x00,0x00,0x00,0x00,0x00,0x00,0x00,0x00,0x00,0x00,0x00,0x00,0x00,0x00,0x00,0x00,0x00,0x00,0x00,0x00,0x00,0x00,0x00,0x00,0x00,0x00,0x00,0x00,0x02,0x05,0x5f,0x70,0x0b,0x95,0x96,0x96,0x91,0x91,0x8c,0x85,0x89,0x89,0xbb,0x57,0x32,0x6e,0x52,0x96,0x06,0x8b,0x8b,0x91,0x85,0x85,0x85,0x85,0x91,0x57,0x13,0x03,0x01,0x00,0x00,0x00,0x00,0x00,0x00,0x00,0x00,0x00,0x00,0x00,0x00,0x00,0x00,0x00,0x00,0x00,0x00,0x00,0x00,0x00,0x00,0x00,0x00,0x00,0x00,0x00,0x00,0x00,0x00,0x00,0x00,0x00,0x00,0x00,0x00,0x00,0x00,0x00,0x00,0x00,0x00,0x00,0x00,0x00,0x00,0x00,0x00,0x00,0x00,0x00,0x00,0x00,0x00,
    0x00,0x00,0x00,0x00,0x00,0x00,0x00,0x00,0x00,0x00,0x00,0x00,0x00,0x00,0x00,0x00,0x00,0x00,0x00,0x00,0x00,0x00,0x00,0x00,0x00,0x00,0x00,0x00,0x00,0x00,0x00,0x00,0x00,0x00,0x00,0x00,0x00,0x00,0x00,0x00,0x00,0x00,0x00,0x00,0x00,0x00,0x00,0x00,0x00,0x00,0x00,0x00,0x00,0x00,0x00,0x00,0x00,0x02,0x00,0x68,0x1e,0x17,0x06,0x8c,0x7c,0x89,0x81,0x81,0x81,0x81,0x8b,0x8c,0x6e,0x66,0x4a,0xb8,0x95,0x96,0x8b,0x8c,0x81,0x81,0x81,0x81,0x7c,0xa6,0x6e,0x08,0x00,0x05,0x00,0x00,0x00,0x00,0x00,0x00,0x00,0x00,0x00,0x00,0x00,0x00,0x00,0x00,0x00,0x00,0x00,0x00,0x00,0x00,0x00,0x00,0x00,0x00,0x00,0x00,0x00,0x00,0x00,0x00,0x00,0x00,0x00,0x00,0x00,0x00,0x00,0x00,0x00,0x00,0x00,0x00,0x00,0x00,0x00,0x00,0x00,0x00,0x00,0x00,0x00,0x00,0x00,0x00,
    0x00,0x00,0x00,0x00,0x00,0x00,0x00,0x00,0x00,0x00,0x00,0x00,0x00,0x00,0x00,0x00,0x00,0x00,0x00,0x00,0x00,0x00,0x00,0x00,0x00,0x00,0x00,0x00,0x00,0x00,0x00,0x00,0x00,0x00,0x00,0x00,0x00,0x00,0x00,0x00,0x00,0x00,0x00,0x00,0x00,0x00,0x00,0x00,0x00,0x00,0x00,0x00,0x00,0x00,0x00,0x00,0x00,0x00,0x03,0x00,0x39,0x23,0x8c,0x85,0x81,0x81,0x81,0x81,0x89,0x06,0x94,0x96,0x57,0x66,0x19,0x17,0x96,0x8b,0x7c,0x81,0x81,0x81,0x81,0x8c,0x8b,0x94,0x48,0x0a,0x00,0x05,0x00,0x00,0x00,0x00,0x00,0x00,0x00,0x00,0x00,0x00,0x00,0x00,0x00,0x00,0x00,0x00,0x00,0x00,0x00,0x00,0x00,0x00,0x00,0x00,0x00,0x00,0x00,0x00,0x00,0x00,0x00,0x00,0x00,0x00,0x00,0x00,0x00,0x00,0x00,0x00,0x00,0x00,0x00,0x00,0x00,0x00,0x00,0x00,0x00,0x00,0x00,0x00,0x00,0x00,
    0x00,0x00,0x00,0x00,0x00,0x00,0x00,0x00,0x00,0x00,0x00,0x00,0x00,0x00,0x00,0x00,0x00,0x00,0x00,0x00,0x00,0x00,0x00,0x00,0x00,0x00,0x00,0x00,0x00,0x00,0x00,0x00,0x00,0x00,0x00,0x00,0x00,0x00,0x00,0x00,0x00,0x00,0x00,0x00,0x00,0x00,0x00,0x00,0x00,0x00,0x00,0x00,0x00,0x00,0x00,0x00,0x00,0x00,0x01,0x00,0x34,0x31,0x96,0x91,0x89,0x81,0x8c,0x91,0x8b,0x96,0xa4,0xbf,0x5a,0x5e,0x19,0xbf,0x9b,0x85,0x81,0x81,0x81,0x81,0x81,0x06,0x94,0xef,0x1f,0x65,0x00,0x02,0x00,0x00,0x00,0x00,0x00,0x00,0x00,0x00,0x00,0x00,0x00,0x00,0x00,0x00,0x00,0x00,0x00,0x00,0x00,0x00,0x00,0x00,0x00,0x00,0x00,0x00,0x00,0x00,0x00,0x00,0x00,0x00,0x00,0x00,0x00,0x00,0x00,0x00,0x00,0x00,0x00,0x00,0x00,0x00,0x00,0x00,0x00,0x00,0x00,0x00,0x00,0x00,0x00,0x00,
    0x00,0x00,0x00,0x00,0x00,0x00,0x00,0x00,0x00,0x00,0x00,0x00,0x00,0x00,0x00,0x00,0x00,0x00,0x00,0x00,0x00,0x00,0x00,0x00,0x00,0x00,0x00,0x00,0x00,0x00,0x00,0x00,0x00,0x00,0x00,0x00,0x00,0x00,0x00,0x00,0x00,0x00,0x00,0x00,0x00,0x00,0x00,0x00,0x00,0x00,0x00,0x00,0x00,0x00,0x00,0x00,0x00,0x00,0x03,0x00,0x36,0x45,0x06,0x94,0x8c,0x81,0x8b,0x06,0x8b,0x06,0x95,0xb4,0x32,0x28,0x66,0x27,0x9b,0x8c,0x81,0x81,0x81,0x81,0x89,0x06,0x95,0xb8,0x3c,0x0f,0x00,0x02,0x00,0x00,0x00,0x00,0x00,0x00,0x00,0x00,0x00,0x00,0x00,0x00,0x00,0x00,0x00,0x00,0x00,0x00,0x00,0x00,0x00,0x00,0x00,0x00,0x00,0x00,0x00,0x00,0x00,0x00,0x00,0x00,0x00,0x00,0x00,0x00,0x00,0x00,0x00,0x00,0x00,0x00,0x00,0x00,0x00,0x00,0x00,0x00,0x00,0x00,0x00,0x00,0x00,0x00,
    0x00,0x00,0x00,0x00,0x00,0x00,0x00,0x00,0x00,0x00,0x00,0x00,0x00,0x00,0x00,0x00,0x00,0x00,0x00,0x00,0x00,0x00,0x00,0x00,0x00,0x00,0x00,0x00,0x00,0x00,0x00,0x00,0x00,0x00,0x00,0x00,0x00,0x00,0x00,0x00,0x00,0x00,0x00,0x00,0x00,0x00,0x00,0x00,0x00,0x00,0x00,0x00,0x00,0x00,0x00,0x00,0x00,0x00,0x02,0x02,0x50,0x30,0x94,0x96,0x89,0x81,0x8c,0x8b,0x8b,0x8b,0x96,0x8b,0x40,0x21,0x66,0x4e,0x96,0x96,0x91,0x81,0x81,0x81,0x81,0x8b,0x94,0x23,0x32,0x13,0x01,0x01,0x00,0x00,0x00,0x00,0x00,0x00,0x00,0x00,0x00,0x00,0x00,0x00,0x00,0x00,0x00,0x00,0x00,0x00,0x00,0x00,0x00,0x00,0x00,0x00,0x00,0x00,0x00,0x00,0x00,0x00,0x00,0x00,0x00,0x00,0x00,0x00,0x00,0x00,0x00,0x00,0x00,0x00,0x00,0x00,0x00,0x00,0x00,0x00,0x00,0x00,0x00,0x00,0x00,0x00,
    0x00,0x00,0x00,0x00,0x00,0x00,0x00,0x00,0x00,0x00,0x00,0x00,0x00,0x00,0x00,0x00,0x00,0x00,0x00,0x00,0x00,0x00,0x00,0x00,0x00,0x00,0x00,0x00,0x00,0x00,0x00,0x00,0x00,0x00,0x00,0x00,0x00,0x00,0x00,0x00,0x00,0x00,0x00,0x00,0x00,0x00,0x00,0x00,0x00,0x00,0x00,0x00,0x00,0x00,0x00,0x00,0x00,0x00,0x01,0x01,0x50,0x19,0x35,0x94,0x91,0x81,0x8c,0x8b,0x8b,0x8b,0x96,0x53,0x0f,0x00,0x24,0x4e,0xbf,0x95,0x06,0x85,0x81,0x81,0x89,0x06,0x94,0x17,0x30,0x0f,0x00,0x02,0x00,0x00,0x00,0x00,0x00,0x00,0x00,0x00,0x00,0x00,0x00,0x00,0x00,0x00,0x00,0x00,0x00,0x00,0x00,0x00,0x00,0x00,0x00,0x00,0x00,0x00,0x00,0x00,0x00,0x00,0x00,0x00,0x00,0x00,0x00,0x00,0x00,0x00,0x00,0x00,0x00,0x00,0x00,0x00,0x00,0x00,0x00,0x00,0x00,0x00,0x00,0x00,0x00,0x00,
    0x00,0x00,0x00,0x00,0x00,0x00,0x00,0x00,0x00,0x00,0x00,0x00,0x00,0x00,0x00,0x00,0x00,0x00,0x00,0x00,0x00,0x00,0x00,0x00,0x00,0x00,0x00,0x00,0x00,0x00,0x00,0x00,0x00,0x00,0x00,0x00,0x00,0x00,0x00,0x00,0x00,0x00,0x00,0x00,0x00,0x00,0x00,0x00,0x00,0x00,0x00,0x00,0x00,0x00,0x00,0x00,0x00,0x00,0x03,0x00,0x28,0x2a,0x94,0x06,0x7c,0x81,0x81,0x8c,0x8c,0x85,0x9c,0x41,0x05,0x00,0x40,0x1f,0x35,0x96,0x91,0x8c,0x8c,0x91,0x8b,0x94,0x94,0x23,0x1f,0x0f,0x00,0x02,0x00,0x00,0x00,0x00,0x00,0x00,0x00,0x00,0x00,0x00,0x00,0x00,0x00,0x00,0x00,0x00,0x00,0x00,0x00,0x00,0x00,0x00,0x00,0x00,0x00,0x00,0x00,0x00,0x00,0x00,0x00,0x00,0x00,0x00,0x00,0x00,0x00,0x00,0x00,0x00,0x00,0x00,0x00,0x00,0x00,0x00,0x00,0x00,0x00,0x00,0x00,0x00,0x00,0x00,
    0x00,0x00,0x00,0x00,0x00,0x00,0x00,0x00,0x00,0x00,0x00,0x00,0x00,0x00,0x00,0x00,0x00,0x00,0x00,0x00,0x00,0x00,0x00,0x00,0x00,0x00,0x00,0x00,0x00,0x00,0x00,0x00,0x00,0x00,0x00,0x00,0x00,0x00,0x00,0x00,0x00,0x00,0x00,0x00,0x00,0x00,0x00,0x00,0x00,0x00,0x00,0x00,0x00,0x00,0x00,0x00,0x00,0x00,0x03,0x00,0x36,0x31,0x96,0x06,0x7c,0x81,0x81,0x81,0x81,0x81,0x17,0xdc,0x58,0x00,0x4d,0x1f,0xbf,0x94,0x8b,0x8b,0x8b,0x8b,0x8b,0x96,0xa4,0xac,0x1e,0x0f,0x00,0x02,0x00,0x00,0x00,0x00,0x00,0x00,0x00,0x00,0x00,0x00,0x00,0x00,0x00,0x00,0x00,0x00,0x00,0x00,0x00,0x00,0x00,0x00,0x00,0x00,0x00,0x00,0x00,0x00,0x00,0x00,0x00,0x00,0x00,0x00,0x00,0x00,0x00,0x00,0x00,0x00,0x00,0x00,0x00,0x00,0x00,0x00,0x00,0x00,0x00,0x00,0x00,0x00,0x00,0x00,
    0x00,0x00,0x00,0x00,0x00,0x00,0x00,0x00,0x00,0x00,0x00,0x00,0x00,0x00,0x00,0x00,0x00,0x00,0x00,0x00,0x00,0x00,0x00,0x00,0x00,0x00,0x00,0x00,0x00,0x00,0x00,0x00,0x00,0x00,0x00,0x00,0x00,0x00,0x00,0x00,0x00,0x00,0x00,0x00,0x00,0x00,0x00,0x00,0x00,0x00,0x00,0x00,0x00,0x00,0x00,0x00,0x00,0x00,0x03,0x00,0x30,0x17,0x9b,0x89,0x81,0x81,0x91,0x8b,0x8b,0x9b,0xbe,0x3d,0x3f,0x00,0x0f,0x19,0x23,0xa4,0x91,0x8c,0x89,0x8c,0x91,0x8b,0x94,0x0b,0x70,0x5e,0x00,0x03,0x00,0x00,0x00,0x00,0x00,0x00,0x00,0x00,0x00,0x00,0x00,0x00,0x00,0x00,0x00,0x00,0x00,0x00,0x00,0x00,0x00,0x00,0x00,0x00,0x00,0x00,0x00,0x00,0x00,0x00,0x00,0x00,0x00,0x00,0x00,0x00,0x00,0x00,0x00,0x00,0x00,0x00,0x00,0x00,0x00,0x00,0x00,0x00,0x00,0x00,0x00,0x00,0x00,0x00,
    0x00,0x00,0x00,0x00,0x00,0x00,0x00,0x00,0x00,0x00,0x00,0x00,0x00,0x00,0x00,0x00,0x00,0x00,0x00,0x00,0x00,0x00,0x00,0x00,0x00,0x00,0x00,0x00,0x00,0x00,0x00,0x00,0x00,0x00,0x00,0x00,0x00,0x00,0x00,0x00,0x00,0x00,0x00,0x00,0x00,0x00,0x00,0x00,0x00,0x00,0x00,0x00,0x00,0x00,0x00,0x00,0x00,0x02,0x00,0x0f,0x49,0x8b,0x8b,0x91,0x8c,0x81,0x89,0x89,0x91,0x06,0xa6,0x1f,0x4d,0x00,0x0f,0x2a,0x17,0x8c,0x85,0x85,0x81,0x89,0x91,0x8b,0x94,0xbf,0x4a,0x3f,0x00,0x03,0x00,0x00,0x00,0x00,0x00,0x00,0x00,0x00,0x00,0x00,0x00,0x00,0x00,0x00,0x00,0x00,0x00,0x00,0x00,0x00,0x00,0x00,0x00,0x00,0x00,0x00,0x00,0x00,0x00,0x00,0x00,0x00,0x00,0x00,0x00,0x00,0x00,0x00,0x00,0x00,0x00,0x00,0x00,0x00,0x00,0x00,0x00,0x00,0x00,0x00,0x00,0x00,0x00,0x00,
    0x00,0x00,0x00,0x00,0x00,0x00,0x00,0x00,0x00,0x00,0x00,0x00,0x00,0x00,0x00,0x00,0x00,0x00,0x00,0x00,0x00,0x00,0x00,0x00,0x00,0x00,0x00,0x00,0x00,0x00,0x00,0x00,0x00,0x00,0x00,0x00,0x00,0x00,0x00,0x00,0x00,0x00,0x00,0x00,0x00,0x00,0x00,0x00,0x00,0x00,0x00,0x00,0x00,0x00,0x00,0x00,0x00,0x02,0x00,0x0f,0x64,0xbf,0x9b,0x8b,0x8b,0x8b,0x89,0x85,0xa6,0x8d,0xbd,0x64,0x0f,0x00,0x00,0x39,0x46,0x8d,0x8c,0x91,0x8b,0x8b,0x8b,0x8b,0x9b,0x17,0x6a,0x58,0x00,0x02,0x00,0x00,0x00,0x00,0x00,0x00,0x00,0x00,0x00,0x00,0x00,0x00,0x00,0x00,0x00,0x00,0x00,0x00,0x00,0x00,0x00,0x00,0x00,0x00,0x00,0x00,0x00,0x00,0x00,0x00,0x00,0x00,0x00,0x00,0x00,0x00,0x00,0x00,0x00,0x00,0x00,0x00,0x00,0x00,0x00,0x00,0x00,0x00,0x00,0x00,0x00,0x00,0x00,0x00,
    0x00,0x00,0x00,0x00,0x00,0x00,0x00,0x00,0x00,0x00,0x00,0x00,0x00,0x00,0x00,0x00,0x00,0x00,0x00,0x00,0x00,0x00,0x00,0x00,0x00,0x00,0x00,0x00,0x00,0x00,0x00,0x00,0x00,0x00,0x00,0x00,0x00,0x00,0x00,0x00,0x00,0x00,0x00,0x00,0x00,0x00,0x00,0x00,0x00,0x00,0x00,0x00,0x00,0x00,0x00,0x00,0x00,0x01,0x00,0x0f,0x5a,0x1b,0x89,0x81,0x8c,0x91,0x8c,0x91,0x06,0x94,0xb8,0x51,0x1a,0x00,0x01,0x66,0x4e,0x9b,0x8b,0x8b,0x91,0x8c,0x89,0x81,0x7c,0x17,0x4e,0x50,0x00,0x01,0x00,0x00,0x00,0x00,0x00,0x00,0x00,0x00,0x00,0x00,0x00,0x00,0x00,0x00,0x00,0x00,0x00,0x00,0x00,0x00,0x00,0x00,0x00,0x00,0x00,0x00,0x00,0x00,0x00,0x00,0x00,0x00,0x00,0x00,0x00,0x00,0x00,0x00,0x00,0x00,0x00,0x00,0x00,0x00,0x00,0x00,0x00,0x00,0x00,0x00,0x00,0x00,0x00,0x00,
    0x00,0x00,0x00,0x00,0x00,0x00,0x00,0x00,0x00,0x00,0x00,0x00,0x00,0x00,0x00,0x00,0x00,0x00,0x00,0x00,0x00,0x00,0x00,0x00,0x00,0x00,0x00,0x00,0x00,0x00,0x00,0x00,0x00,0x00,0x00,0x00,0x00,0x00,0x00,0x00,0x00,0x00,0x00,0x00,0x00,0x00,0x00,0x00,0x00,0x00,0x00,0x00,0x00,0x00,0x00,0x00,0x01,0x00,0x05,0x08,0x63,0xce,0xbe,0x97,0x9e,0x85,0x85,0x8c,0x96,0xa4,0xef,0x09,0x0e,0x02,0x00,0x2c,0x4e,0xa4,0xa6,0x89,0x85,0x85,0x85,0x85,0xa6,0xa6,0x6a,0x2c,0x02,0x01,0x00,0x00,0x00,0x00,0x00,0x00,0x00,0x00,0x00,0x00,0x00,0x00,0x00,0x00,0x00,0x00,0x00,0x00,0x00,0x00,0x00,0x00,0x00,0x00,0x00,0x00,0x00,0x00,0x00,0x00,0x00,0x00,0x00,0x00,0x00,0x00,0x00,0x00,0x00,0x00,0x00,0x00,0x00,0x00,0x00,0x00,0x00,0x00,0x00,0x00,0x00,0x00,0x00,0x00,
    0x00,0x00,0x00,0x00,0x00,0x00,0x00,0x00,0x00,0x00,0x00,0x00,0x00,0x00,0x00,0x00,0x00,0x00,0x00,0x00,0x00,0x00,0x00,0x00,0x00,0x00,0x00,0x00,0x00,0x00,0x00,0x00,0x00,0x00,0x00,0x00,0x00,0x00,0x00,0x00,0x00,0x00,0x00,0x00,0x00,0x00,0x00,0x00,0x00,0x00,0x00,0x00,0x00,0x00,0x00,0x01,0x01,0x08,0x11,0x2e,0x88,0xb4,0xa4,0x9e,0x9e,0x8c,0x8d,0xa0,0x9b,0x95,0xb7,0x2e,0x2c,0x00,0x13,0x0c,0x92,0x06,0xa4,0x8d,0x8d,0x8d,0x7c,0x8d,0x9b,0x8d,0x42,0x90,0x1c,0x00,0x05,0x00,0x00,0x00,0x00,0x00,0x00,0x00,0x00,0x00,0x00,0x00,0x00,0x00,0x00,0x00,0x00,0x00,0x00,0x00,0x00,0x00,0x00,0x00,0x00,0x00,0x00,0x00,0x00,0x00,0x00,0x00,0x00,0x00,0x00,0x00,0x00,0x00,0x00,0x00,0x00,0x00,0x00,0x00,0x00,0x00,0x00,0x00,0x00,0x00,0x00,0x00,0x00,0x00,
    0x00,0x00,0x00,0x00,0x00,0x00,0x00,0x00,0x00,0x00,0x00,0x00,0x00,0x00,0x00,0x00,0x00,0x00,0x00,0x00,0x00,0x00,0x00,0x00,0x00,0x00,0x00,0x00,0x00,0x00,0x00,0x00,0x00,0x00,0x00,0x00,0x00,0x00,0x00,0x00,0x00,0x00,0x00,0x00,0x00,0x00,0x00,0x00,0x00,0x00,0x00,0x00,0x00,0x00,0x00,0x01,0x00,0x13,0x0c,0x79,0x07,0xc4,0xc9,0xb2,0xb2,0xac,0x1b,0x0b,0xb4,0xac,0xde,0x84,0x11,0x05,0x18,0x7a,0x83,0xc9,0xb4,0xb4,0x1b,0xac,0xb2,0xb8,0xba,0xc1,0xa3,0x84,0x1d,0x00,0x00,0x00,0x00,0x00,0x00,0x00,0x00,0x00,0x00,0x00,0x00,0x00,0x00,0x00,0x00,0x00,0x00,0x00,0x00,0x00,0x00,0x00,0x00,0x00,0x00,0x00,0x00,0x00,0x00,0x00,0x00,0x00,0x00,0x00,0x00,0x00,0x00,0x00,0x00,0x00,0x00,0x00,0x00,0x00,0x00,0x00,0x00,0x00,0x00,0x00,0x00,0x00,0x00,0x00,
    0x00,0x00,0x00,0x00,0x00,0x00,0x00,0x00,0x00,0x00,0x00,0x00,0x00,0x00,0x00,0x00,0x00,0x00,0x00,0x00,0x00,0x00,0x00,0x00,0x00,0x00,0x00,0x00,0x00,0x00,0x00,0x00,0x00,0x00,0x00,0x00,0x00,0x00,0x00,0x00,0x00,0x00,0x00,0x00,0x00,0x00,0x00,0x00,0x00,0x00,0x00,0x00,0x00,0x00,0x00,0x00,0x13,0x33,0x1d,0x7a,0x07,0x88,0x88,0x7e,0x83,0x83,0x7f,0xa3,0x79,0x90,0x7a,0x7a,0x3a,0x09,0x3a,0x07,0x7a,0x88,0x7e,0xa3,0xa3,0x83,0x7d,0x7e,0x84,0x88,0x84,0x07,0x04,0x0a,0x00,0x05,0x00,0x00,0x00,0x00,0x00,0x00,0x00,0x00,0x00,0x00,0x00,0x00,0x00,0x00,0x00,0x00,0x00,0x00,0x00,0x00,0x00,0x00,0x00,0x00,0x00,0x00,0x00,0x00,0x00,0x00,0x00,0x00,0x00,0x00,0x00,0x00,0x00,0x00,0x00,0x00,0x00,0x00,0x00,0x00,0x00,0x00,0x00,0x00,0x00,0x00,0x00,0x00,
    0x00,0x00,0x00,0x00,0x00,0x00,0x00,0x00,0x00,0x00,0x00,0x00,0x00,0x00,0x00,0x00,0x00,0x00,0x00,0x00,0x00,0x00,0x00,0x00,0x00,0x00,0x00,0x00,0x00,0x00,0x00,0x00,0x00,0x00,0x00,0x00,0x00,0x00,0x00,0x00,0x00,0x00,0x00,0x00,0x00,0x00,0x00,0x00,0x00,0x00,0x00,0x00,0x00,0x00,0x01,0x00,0x0e,0x11,0x83,0x78,0x7d,0x7d,0x83,0x7f,0x79,0x79,0x78,0x83,0x7d,0x7e,0x7a,0x7d,0x78,0x1d,0x04,0x7e,0x7e,0x7e,0x83,0x78,0x79,0x79,0x79,0x7f,0x78,0x7d,0x82,0x04,0x80,0x0a,0x00,0x05,0x00,0x00,0x00,0x00,0x00,0x00,0x00,0x00,0x00,0x00,0x00,0x00,0x00,0x00,0x00,0x00,0x00,0x00,0x00,0x00,0x00,0x00,0x00,0x00,0x00,0x00,0x00,0x00,0x00,0x00,0x00,0x00,0x00,0x00,0x00,0x00,0x00,0x00,0x00,0x00,0x00,0x00,0x00,0x00,0x00,0x00,0x00,0x00,0x00,0x00,0x00,0x00,
    0x00,0x00,0x00,0x00,0x00,0x00,0x00,0x00,0x00,0x00,0x00,0x00,0x00,0x00,0x00,0x00,0x00,0x00,0x00,0x00,0x00,0x00,0x00,0x00,0x00,0x00,0x00,0x00,0x00,0x00,0x00,0x00,0x00,0x00,0x00,0x00,0x00,0x00,0x00,0x00,0x00,0x00,0x00,0x00,0x00,0x00,0x00,0x00,0x00,0x00,0x00,0x00,0x00,0x00,0x01,0x00,0x0d,0x3b,0x7e,0x79,0x7f,0x79,0x7e,0x79,0x79,0x7f,0x83,0x7a,0x7a,0x7e,0x7e,0x07,0x7d,0x16,0x09,0x82,0x04,0x7d,0x7a,0x7e,0x79,0x79,0x79,0x79,0x83,0x7e,0x78,0x04,0x7d,0x0a,0x00,0x05,0x00,0x00,0x00,0x00,0x00,0x00,0x00,0x00,0x00,0x00,0x00,0x00,0x00,0x00,0x00,0x00,0x00,0x00,0x00,0x00,0x00,0x00,0x00,0x00,0x00,0x00,0x00,0x00,0x00,0x00,0x00,0x00,0x00,0x00,0x00,0x00,0x00,0x00,0x00,0x00,0x00,0x00,0x00,0x00,0x00,0x00,0x00,0x00,0x00,0x00,0x00,0x00,
    0x00,0x00,0x00,0x00,0x00,0x00,0x00,0x00,0x00,0x00,0x00,0x00,0x00,0x00,0x00,0x00,0x00,0x00,0x00,0x00,0x00,0x00,0x00,0x00,0x00,0x00,0x00,0x00,0x00,0x00,0x00,0x00,0x00,0x00,0x00,0x00,0x00,0x00,0x00,0x00,0x00,0x00,0x00,0x00,0x00,0x00,0x00,0x00,0x00,0x00,0x00,0x00,0x00,0x00,0x01,0x00,0x0e,0x11,0x7e,0x79,0x7d,0x88,0x7e,0x7d,0x82,0x78,0x82,0x7d,0x7e,0x84,0x88,0x7a,0x7e,0x0e,0x0c,0x82,0x83,0x84,0x7e,0x7e,0x7e,0x7d,0x7d,0x7f,0x82,0x90,0x90,0x82,0x7d,0x0a,0x00,0x05,0x00,0x00,0x00,0x00,0x00,0x00,0x00,0x00,0x00,0x00,0x00,0x00,0x00,0x00,0x00,0x00,0x00,0x00,0x00,0x00,0x00,0x00,0x00,0x00,0x00,0x00,0x00,0x00,0x00,0x00,0x00,0x00,0x00,0x00,0x00,0x00,0x00,0x00,0x00,0x00,0x00,0x00,0x00,0x00,0x00,0x00,0x00,0x00,0x00,0x00,0x00,0x00,
    0x00,0x00,0x00,0x00,0x00,0x00,0x00,0x00,0x00,0x00,0x00,0x00,0x00,0x00,0x00,0x00,0x00,0x00,0x00,0x00,0x00,0x00,0x00,0x00,0x00,0x00,0x00,0x00,0x00,0x00,0x00,0x00,0x00,0x00,0x00,0x00,0x00,0x00,0x00,0x00,0x00,0x00,0x00,0x00,0x00,0x00,0x00,0x00,0x00,0x00,0x00,0x00,0x00,0x00,0x00,0x05,0x05,0x16,0x7e,0x82,0x80,0xaf,0x7a,0x88,0x90,0x82,0x82,0x7d,0x90,0x7f,0xa2,0x7e,0x1d,0x05,0x11,0x84,0xa8,0xa8,0x88,0x88,0x88,0x90,0x7a,0x7d,0x84,0xa2,0xaf,0x82,0x78,0x0a,0x00,0x05,0x00,0x00,0x00,0x00,0x00,0x00,0x00,0x00,0x00,0x00,0x00,0x00,0x00,0x00,0x00,0x00,0x00,0x00,0x00,0x00,0x00,0x00,0x00,0x00,0x00,0x00,0x00,0x00,0x00,0x00,0x00,0x00,0x00,0x00,0x00,0x00,0x00,0x00,0x00,0x00,0x00,0x00,0x00,0x00,0x00,0x00,0x00,0x00,0x00,0x00,0x00,0x00,
    0x00,0x00,0x00,0x00,0x00,0x00,0x00,0x00,0x00,0x00,0x00,0x00,0x00,0x00,0x00,0x00,0x00,0x00,0x00,0x00,0x00,0x00,0x00,0x00,0x00,0x00,0x00,0x00,0x00,0x00,0x00,0x00,0x00,0x00,0x00,0x00,0x00,0x00,0x00,0x00,0x00,0x00,0x00,0x00,0x00,0x00,0x00,0x00,0x00,0x00,0x00,0x00,0x00,0x00,0x00,0x05,0x00,0x0a,0x7e,0x07,0x80,0xc5,0xb9,0xbc,0xa2,0xa8,0xa8,0xab,0xbc,0xc7,0xc5,0x82,0x12,0x0d,0x16,0x84,0xaf,0xc7,0xbc,0xab,0xa8,0x80,0xa8,0xbc,0xb9,0xcd,0xaf,0x83,0x7f,0x0a,0x00,0x05,0x00,0x00,0x00,0x00,0x00,0x00,0x00,0x00,0x00,0x00,0x00,0x00,0x00,0x00,0x00,0x00,0x00,0x00,0x00,0x00,0x00,0x00,0x00,0x00,0x00,0x00,0x00,0x00,0x00,0x00,0x00,0x00,0x00,0x00,0x00,0x00,0x00,0x00,0x00,0x00,0x00,0x00,0x00,0x00,0x00,0x00,0x00,0x00,0x00,0x00,0x00,0x00,
    0x00,0x00,0x00,0x00,0x00,0x00,0x00,0x00,0x00,0x00,0x00,0x00,0x00,0x00,0x00,0x00,0x00,0x00,0x00,0x00,0x00,0x00,0x00,0x00,0x00,0x00,0x00,0x00,0x00,0x00,0x00,0x00,0x00,0x00,0x00,0x00,0x00,0x00,0x00,0x00,0x00,0x00,0x00,0x00,0x00,0x00,0x00,0x00,0x00,0x00,0x00,0x00,0x00,0x00,0x01,0x01,0x13,0x1c,0x7e,0x79,0x7d,0xa3,0x92,0xa2,0xd4,0xd4,0xd1,0xb9,0x80,0xab,0x82,0x7d,0x1d,0x18,0x16,0x78,0x82,0xa8,0x92,0xab,0xd1,0xe5,0xd1,0xab,0x79,0xa1,0x90,0x83,0x83,0x18,0x0d,0x00,0x01,0x00,0x00,0x00,0x00,0x00,0x00,0x00,0x00,0x00,0x00,0x00,0x00,0x00,0x00,0x00,0x00,0x00,0x00,0x00,0x00,0x00,0x00,0x00,0x00,0x00,0x00,0x00,0x00,0x00,0x00,0x00,0x00,0x00,0x00,0x00,0x00,0x00,0x00,0x00,0x00,0x00,0x00,0x00,0x00,0x00,0x00,0x00,0x00,0x00,0x00,0x00,
    0x00,0x00,0x00,0x00,0x00,0x00,0x00,0x00,0x00,0x00,0x00,0x00,0x00,0x00,0x00,0x00,0x00,0x00,0x00,0x00,0x00,0x00,0x00,0x00,0x00,0x00,0x00,0x00,0x00,0x00,0x00,0x00,0x00,0x00,0x00,0x00,0x00,0x00,0x00,0x00,0x00,0x00,0x00,0x00,0x00,0x00,0x00,0x00,0x00,0x00,0x00,0x00,0x00,0x00,0x01,0x00,0x0e,0x11,0x7e,0x7f,0x82,0xa8,0xc5,0xcd,0xb9,0x80,0xa2,0xb9,0xb9,0xab,0x7e,0x7e,0x09,0x33,0x09,0x79,0x82,0xa2,0xc5,0xb9,0xab,0xe1,0xa2,0xb9,0xb9,0xa8,0x90,0x7a,0x82,0x3b,0x0e,0x00,0x01,0x00,0x00,0x00,0x00,0x00,0x00,0x00,0x00,0x00,0x00,0x00,0x00,0x00,0x00,0x00,0x00,0x00,0x00,0x00,0x00,0x00,0x00,0x00,0x00,0x00,0x00,0x00,0x00,0x00,0x00,0x00,0x00,0x00,0x00,0x00,0x00,0x00,0x00,0x00,0x00,0x00,0x00,0x00,0x00,0x00,0x00,0x00,0x00,0x00,0x00,0x00,
    0x00,0x00,0x00,0x00,0x00,0x00,0x00,0x00,0x00,0x00,0x00,0x00,0x00,0x00,0x00,0x00,0x00,0x00,0x00,0x00,0x00,0x00,0x00,0x00,0x00,0x00,0x00,0x00,0x00,0x00,0x00,0x00,0x00,0x00,0x00,0x00,0x00,0x00,0x00,0x00,0x00,0x00,0x00,0x00,0x00,0x00,0x00,0x00,0x00,0x00,0x00,0x00,0x00,0x00,0x01,0x00,0x0d,0x3b,0x7d,0x79,0x78,0xec,0xd4,0xbc,0x7e,0x7a,0x88,0xa8,0xc7,0xec,0x04,0x84,0x11,0x0a,0x11,0x79,0x82,0xec,0xcd,0xab,0x90,0x90,0x88,0xa8,0xcd,0xcd,0x80,0x7d,0x7f,0x18,0x0d,0x00,0x01,0x00,0x00,0x00,0x00,0x00,0x00,0x00,0x00,0x00,0x00,0x00,0x00,0x00,0x00,0x00,0x00,0x00,0x00,0x00,0x00,0x00,0x00,0x00,0x00,0x00,0x00,0x00,0x00,0x00,0x00,0x00,0x00,0x00,0x00,0x00,0x00,0x00,0x00,0x00,0x00,0x00,0x00,0x00,0x00,0x00,0x00,0x00,0x00,0x00,0x00,0x00,
    0x00,0x00,0x00,0x00,0x00,0x00,0x00,0x00,0x00,0x00,0x00,0x00,0x00,0x00,0x00,0x00,0x00,0x00,0x00,0x00,0x00,0x00,0x00,0x00,0x00,0x00,0x00,0x00,0x00,0x00,0x00,0x00,0x00,0x00,0x00,0x00,0x00,0x00,0x00,0x00,0x00,0x00,0x00,0x00,0x00,0x00,0x00,0x00,0x00,0x00,0x00,0x00,0x00,0x00,0x01,0x00,0x0d,0x11,0x79,0x79,0x79,0x7f,0x79,0xcd,0xcd,0xa2,0xb9,0xd4,0xa2,0x82,0x82,0x7a,0x11,0x0a,0x11,0x79,0x04,0x7f,0x80,0xcd,0xcd,0xa2,0xbc,0xd4,0xaf,0x7f,0x79,0x79,0x7f,0x0c,0x0e,0x00,0x01,0x00,0x00,0x00,0x00,0x00,0x00,0x00,0x00,0x00,0x00,0x00,0x00,0x00,0x00,0x00,0x00,0x00,0x00,0x00,0x00,0x00,0x00,0x00,0x00,0x00,0x00,0x00,0x00,0x00,0x00,0x00,0x00,0x00,0x00,0x00,0x00,0x00,0x00,0x00,0x00,0x00,0x00,0x00,0x00,0x00,0x00,0x00,0x00,0x00,0x00,0x00,
    0x00,0x00,0x00,0x00,0x00,0x00,0x00,0x00,0x00,0x00,0x00,0x00,0x00,0x00,0x00,0x00,0x00,0x00,0x00,0x00,0x00,0x00,0x00,0x00,0x00,0x00,0x00,0x00,0x00,0x00,0x00,0x00,0x00,0x00,0x00,0x00,0x00,0x00,0x00,0x00,0x00,0x00,0x00,0x00,0x00,0x00,0x00,0x00,0x00,0x00,0x00,0x00,0x00,0x00,0x05,0x00,0x08,0x12,0x79,0x04,0x7e,0x90,0x88,0xa8,0xcb,0xd4,0xd4,0xa2,0x88,0x90,0x07,0x7e,0x1c,0x0e,0x11,0x79,0x04,0x82,0x88,0x7f,0xcb,0xcb,0xcb,0xaf,0x90,0x7a,0x7d,0x04,0x83,0x12,0x0a,0x00,0x05,0x00,0x00,0x00,0x00,0x00,0x00,0x00,0x00,0x00,0x00,0x00,0x00,0x00,0x00,0x00,0x00,0x00,0x00,0x00,0x00,0x00,0x00,0x00,0x00,0x00,0x00,0x00,0x00,0x00,0x00,0x00,0x00,0x00,0x00,0x00,0x00,0x00,0x00,0x00,0x00,0x00,0x00,0x00,0x00,0x00,0x00,0x00,0x00,0x00,0x00,0x00,
    0x00,0x00,0x00,0x00,0x00,0x00,0x00,0x00,0x00,0x00,0x00,0x00,0x00,0x00,0x00,0x00,0x00,0x00,0x00,0x00,0x00,0x00,0x00,0x00,0x00,0x00,0x00,0x00,0x00,0x00,0x00,0x00,0x00,0x00,0x00,0x00,0x00,0x00,0x00,0x00,0x00,0x00,0x00,0x00,0x00,0x00,0x00,0x00,0x00,0x00,0x00,0x00,0x00,0x00,0x00,0x05,0x05,0x09,0x7d,0x07,0x84,0x92,0xc5,0xc7,0xab,0x7d,0x92,0xc5,0xc7,0x80,0x82,0x79,0x16,0x05,0x1c,0x79,0x07,0x83,0xbc,0xec,0xaf,0x79,0x92,0xc5,0xec,0xab,0x84,0x07,0x83,0x09,0x0e,0x05,0x01,0x00,0x00,0x00,0x00,0x00,0x00,0x00,0x00,0x00,0x00,0x00,0x00,0x00,0x00,0x00,0x00,0x00,0x00,0x00,0x00,0x00,0x00,0x00,0x00,0x00,0x00,0x00,0x00,0x00,0x00,0x00,0x00,0x00,0x00,0x00,0x00,0x00,0x00,0x00,0x00,0x00,0x00,0x00,0x00,0x00,0x00,0x00,0x00,0x00,0x00,0x00,
    0x00,0x00,0x00,0x00,0x00,0x00,0x00,0x00,0x00,0x00,0x00,0x00,0x00,0x00,0x00,0x00,0x00,0x00,0x00,0x00,0x00,0x00,0x00,0x00,0x00,0x00,0x00,0x00,0x00,0x00,0x00,0x00,0x00,0x00,0x00,0x00,0x00,0x00,0x00,0x00,0x00,0x00,0x00,0x00,0x00,0x00,0x00,0x00,0x00,0x00,0x00,0x00,0x00,0x00,0x00,0x05,0x00,0x09,0x7e,0x07,0x88,0xaf,0xcb,0xc7,0x92,0x84,0x79,0xb9,0xcb,0xaf,0x82,0x80,0x16,0x0d,0x09,0x7e,0x7a,0x80,0xd4,0xcd,0xa8,0x84,0x78,0xbc,0xcb,0xb9,0x7d,0x04,0x78,0x11,0x00,0x05,0x00,0x00,0x00,0x00,0x00,0x00,0x00,0x00,0x00,0x00,0x00,0x00,0x00,0x00,0x00,0x00,0x00,0x00,0x00,0x00,0x00,0x00,0x00,0x00,0x00,0x00,0x00,0x00,0x00,0x00,0x00,0x00,0x00,0x00,0x00,0x00,0x00,0x00,0x00,0x00,0x00,0x00,0x00,0x00,0x00,0x00,0x00,0x00,0x00,0x00,0x00,0x00,
    0x00,0x00,0x00,0x00,0x00,0x00,0x00,0x00,0x00,0x00,0x00,0x00,0x00,0x00,0x00,0x00,0x00,0x00,0x00,0x00,0x00,0x00,0x00,0x00,0x00,0x00,0x00,0x00,0x00,0x00,0x00,0x00,0x00,0x00,0x00,0x00,0x00,0x00,0x00,0x00,0x00,0x00,0x00,0x00,0x00,0x00,0x00,0x00,0x00,0x00,0x00,0x00,0x00,0x00,0x00,0x05,0x00,0x11,0x7e,0x82,0x7e,0x7e,0x82,0xbc,0xcb,0xc7,0xcb,0xe6,0x78,0x82,0x04,0x82,0x33,0x13,0x09,0x7a,0x07,0x84,0x90,0xa2,0xd4,0xc7,0xd4,0xb9,0x80,0x90,0x7d,0x82,0x7d,0x09,0x05,0x05,0x00,0x00,0x00,0x00,0x00,0x00,0x00,0x00,0x00,0x00,0x00,0x00,0x00,0x00,0x00,0x00,0x00,0x00,0x00,0x00,0x00,0x00,0x00,0x00,0x00,0x00,0x00,0x00,0x00,0x00,0x00,0x00,0x00,0x00,0x00,0x00,0x00,0x00,0x00,0x00,0x00,0x00,0x00,0x00,0x00,0x00,0x00,0x00,0x00,0x00,0x00,0x00,
    0x00,0x00,0x00,0x00,0x00,0x00,0x00,0x00,0x00,0x00,0x00,0x00,0x00,0x00,0x00,0x00,0x00,0x00,0x00,0x00,0x00,0x00,0x00,0x00,0x00,0x00,0x00,0x00,0x00,0x00,0x00,0x00,0x00,0x00,0x00,0x00,0x00,0x00,0x00,0x00,0x00,0x00,0x00,0x00,0x00,0x00,0x00,0x00,0x00,0x00,0x00,0x00,0x00,0x00,0x00,0x05,0x01,0x09,0x7e,0x83,0x7d,0x7a,0xa8,0xe6,0xc7,0xab,0xb9,0xbc,0xa8,0x84,0x07,0x7a,0x11,0x0d,0x09,0x7a,0x07,0x88,0x80,0xaf,0xb9,0xab,0xbc,0xbc,0xa2,0x7a,0x84,0x7d,0x7a,0x2e,0x13,0x00,0x01,0x00,0x00,0x00,0x00,0x00,0x00,0x00,0x00,0x00,0x00,0x00,0x00,0x00,0x00,0x00,0x00,0x00,0x00,0x00,0x00,0x00,0x00,0x00,0x00,0x00,0x00,0x00,0x00,0x00,0x00,0x00,0x00,0x00,0x00,0x00,0x00,0x00,0x00,0x00,0x00,0x00,0x00,0x00,0x00,0x00,0x00,0x00,0x00,0x00,0x00,0x00,
    0x00,0x00,0x00,0x00,0x00,0x00,0x00,0x00,0x00,0x00,0x00,0x00,0x00,0x00,0x00,0x00,0x00,0x00,0x00,0x00,0x00,0x00,0x00,0x00,0x00,0x00,0x00,0x00,0x00,0x00,0x00,0x00,0x00,0x00,0x00,0x00,0x00,0x00,0x00,0x00,0x00,0x00,0x00,0x00,0x00,0x00,0x00,0x00,0x00,0x00,0x00,0x00,0x00,0x00,0x01,0x01,0x05,0x12,0x78,0x04,0x82,0xc5,0xd4,0xcd,0xbc,0xaf,0xaf,0xcd,0xc7,0xbc,0x07,0x82,0x0c,0x13,0x09,0x79,0x07,0xab,0xcd,0xc7,0xe6,0xaf,0xaf,0xb9,0xc7,0xc7,0x79,0x78,0x79,0x37,0x0e,0x00,0x01,0x00,0x00,0x00,0x00,0x00,0x00,0x00,0x00,0x00,0x00,0x00,0x00,0x00,0x00,0x00,0x00,0x00,0x00,0x00,0x00,0x00,0x00,0x00,0x00,0x00,0x00,0x00,0x00,0x00,0x00,0x00,0x00,0x00,0x00,0x00,0x00,0x00,0x00,0x00,0x00,0x00,0x00,0x00,0x00,0x00,0x00,0x00,0x00,0x00,0x00,0x00,
    0x00,0x00,0x00,0x00,0x00,0x00,0x00,0x00,0x00,0x00,0x00,0x00,0x00,0x00,0x00,0x00,0x00,0x00,0x00,0x00,0x00,0x00,0x00,0x00,0x00,0x00,0x00,0x00,0x00,0x00,0x00,0x00,0x00,0x00,0x00,0x00,0x00,0x00,0x00,0x00,0x00,0x00,0x00,0x00,0x00,0x00,0x00,0x00,0x00,0x00,0x00,0x00,0x00,0x00,0x01,0x03,0x0e,0x2e,0x79,0x7f,0x7f,0xaf,0x78,0x7f,0xa2,0xa2,0xa8,0x80,0x84,0xa2,0x82,0x7e,0x12,0x00,0x18,0x78,0x04,0xa2,0x80,0x83,0xa2,0xa2,0xa2,0xa8,0x7a,0xa8,0x80,0x78,0x83,0x7d,0x16,0x00,0x05,0x00,0x00,0x00,0x00,0x00,0x00,0x00,0x00,0x00,0x00,0x00,0x00,0x00,0x00,0x00,0x00,0x00,0x00,0x00,0x00,0x00,0x00,0x00,0x00,0x00,0x00,0x00,0x00,0x00,0x00,0x00,0x00,0x00,0x00,0x00,0x00,0x00,0x00,0x00,0x00,0x00,0x00,0x00,0x00,0x00,0x00,0x00,0x00,0x00,0x00,0x00,
    0x00,0x00,0x00,0x00,0x00,0x00,0x00,0x00,0x00,0x00,0x00,0x00,0x00,0x00,0x00,0x00,0x00,0x00,0x00,0x00,0x00,0x00,0x00,0x00,0x00,0x00,0x00,0x00,0x00,0x00,0x00,0x00,0x00,0x00,0x00,0x00,0x00,0x00,0x00,0x00,0x00,0x00,0x00,0x00,0x00,0x00,0x00,0x00,0x00,0x00,0x00,0x00,0x00,0x01,0x00,0x22,0x3b,0x83,0x83,0x7a,0x7e,0x88,0x84,0x84,0x90,0x90,0x90,0x90,0x7a,0x90,0x7a,0x7a,0x07,0x0e,0x09,0x7e,0x82,0x88,0x84,0x84,0x90,0x90,0x84,0x90,0x7a,0x90,0x84,0x7a,0x07,0x7e,0x1c,0x00,0x05,0x00,0x00,0x00,0x00,0x00,0x00,0x00,0x00,0x00,0x00,0x00,0x00,0x00,0x00,0x00,0x00,0x00,0x00,0x00,0x00,0x00,0x00,0x00,0x00,0x00,0x00,0x00,0x00,0x00,0x00,0x00,0x00,0x00,0x00,0x00,0x00,0x00,0x00,0x00,0x00,0x00,0x00,0x00,0x00,0x00,0x00,0x00,0x00,0x00,0x00,0x00,
    0x00,0x00,0x00,0x00,0x00,0x00,0x00,0x00,0x00,0x00,0x00,0x00,0x00,0x00,0x00,0x00,0x00,0x00,0x00,0x00,0x00,0x00,0x00,0x00,0x00,0x00,0x00,0x00,0x00,0x00,0x00,0x00,0x00,0x00,0x00,0x00,0x00,0x00,0x00,0x00,0x00,0x00,0x00,0x00,0x00,0x00,0x00,0x00,0x00,0x00,0x00,0x00,0x00,0x00,0x05,0x05,0x1c,0x82,0x07,0x7a,0x7a,0x7e,0x7e,0x7e,0x7e,0x7e,0x7e,0x7e,0x7a,0x7e,0x7a,0x07,0x7a,0x1c,0x0c,0x7e,0x07,0x7e,0x7e,0x7e,0x7e,0x7e,0x7e,0x7e,0x7e,0x7e,0x7a,0x7a,0x07,0x7d,0x12,0x01,0x05,0x00,0x00,0x00,0x00,0x00,0x00,0x00,0x00,0x00,0x00,0x00,0x00,0x00,0x00,0x00,0x00,0x00,0x00,0x00,0x00,0x00,0x00,0x00,0x00,0x00,0x00,0x00,0x00,0x00,0x00,0x00,0x00,0x00,0x00,0x00,0x00,0x00,0x00,0x00,0x00,0x00,0x00,0x00,0x00,0x00,0x00,0x00,0x00,0x00,0x00,0x00,
    0x00,0x00,0x00,0x00,0x00,0x00,0x00,0x00,0x00,0x00,0x00,0x00,0x00,0x00,0x00,0x00,0x00,0x00,0x00,0x00,0x00,0x00,0x00,0x00,0x00,0x00,0x00,0x00,0x00,0x00,0x00,0x00,0x00,0x00,0x00,0x00,0x00,0x00,0x00,0x00,0x00,0x00,0x00,0x00,0x00,0x00,0x00,0x00,0x00,0x00,0x00,0x00,0x00,0x00,0x05,0x00,0x16,0x7d,0x83,0x7a,0x7a,0x7a,0x7a,0x7a,0x7a,0x7a,0x7a,0x7a,0x7e,0x7d,0x83,0x04,0x78,0x09,0x2e,0x83,0x83,0x7e,0x7a,0x7a,0x7a,0x7a,0x7a,0x7a,0x7a,0x7a,0x83,0x82,0x07,0x82,0x0c,0x00,0x05,0x00,0x00,0x00,0x00,0x00,0x00,0x00,0x00,0x00,0x00,0x00,0x00,0x00,0x00,0x00,0x00,0x00,0x00,0x00,0x00,0x00,0x00,0x00,0x00,0x00,0x00,0x00,0x00,0x00,0x00,0x00,0x00,0x00,0x00,0x00,0x00,0x00,0x00,0x00,0x00,0x00,0x00,0x00,0x00,0x00,0x00,0x00,0x00,0x00,0x00,0x00,
    0x00,0x00,0x00,0x00,0x00,0x00,0x00,0x00,0x00,0x00,0x00,0x00,0x00,0x00,0x00,0x00,0x00,0x00,0x00,0x00,0x00,0x00,0x00,0x00,0x00,0x00,0x00,0x00,0x00,0x00,0x00,0x00,0x00,0x00,0x00,0x00,0x00,0x00,0x00,0x00,0x00,0x00,0x00,0x00,0x00,0x00,0x00,0x00,0x00,0x00,0x00,0x00,0x00,0x00,0x05,0x00,0x16,0x7d,0x82,0x7a,0x7a,0x7a,0x7a,0x7a,0x7a,0x7a,0x7a,0x7a,0x7d,0x78,0x79,0x04,0x78,0x09,0x2e,0x79,0x83,0x7e,0x7a,0x7a,0x7a,0x7a,0x7a,0x7a,0x7a,0x7a,0x7d,0x7e,0x07,0x7e,0x12,0x0e,0x05,0x01,0x00,0x00,0x00,0x00,0x00,0x00,0x00,0x00,0x00,0x00,0x00,0x00,0x00,0x00,0x00,0x00,0x00,0x00,0x00,0x00,0x00,0x00,0x00,0x00,0x00,0x00,0x00,0x00,0x00,0x00,0x00,0x00,0x00,0x00,0x00,0x00,0x00,0x00,0x00,0x00,0x00,0x00,0x00,0x00,0x00,0x00,0x00,0x00,0x00,0x00,
    0x00,0x00,0x00,0x00,0x00,0x00,0x00,0x00,0x00,0x00,0x00,0x00,0x00,0x00,0x00,0x00,0x00,0x00,0x00,0x00,0x00,0x00,0x00,0x00,0x00,0x00,0x00,0x00,0x00,0x00,0x00,0x00,0x00,0x00,0x00,0x00,0x00,0x00,0x00,0x00,0x00,0x00,0x00,0x00,0x00,0x00,0x00,0x00,0x00,0x00,0x00,0x00,0x00,0x00,0x05,0x00,0x16,0x82,0x07,0x7a,0x7a,0x7a,0x7a,0x7a,0x7a,0x7a,0x7a,0x7a,0x7a,0x7d,0x78,0x83,0x7a,0x09,0x2e,0x7e,0x7a,0x7a,0x7a,0x7a,0x7a,0x7a,0x7a,0x7a,0x7a,0x7a,0x7a,0x7e,0x07,0x83,0x12,0x33,0x00,0x05,0x00,0x00,0x00,0x00,0x00,0x00,0x00,0x00,0x00,0x00,0x00,0x00,0x00,0x00,0x00,0x00,0x00,0x00,0x00,0x00,0x00,0x00,0x00,0x00,0x00,0x00,0x00,0x00,0x00,0x00,0x00,0x00,0x00,0x00,0x00,0x00,0x00,0x00,0x00,0x00,0x00,0x00,0x00,0x00,0x00,0x00,0x00,0x00,0x00,0x00,
    0x00,0x00,0x00,0x00,0x00,0x00,0x00,0x00,0x00,0x00,0x00,0x00,0x00,0x00,0x00,0x00,0x00,0x00,0x00,0x00,0x00,0x00,0x00,0x00,0x00,0x00,0x00,0x00,0x00,0x00,0x00,0x00,0x00,0x00,0x00,0x00,0x00,0x00,0x00,0x00,0x00,0x00,0x00,0x00,0x00,0x00,0x00,0x00,0x00,0x00,0x00,0x00,0x00,0x00,0x05,0x00,0x16,0x79,0x04,0x82,0x7e,0x7a,0x7a,0x7a,0x7a,0x7a,0x7a,0x7a,0x7d,0x7d,0x7d,0x83,0x78,0x09,0x2e,0x83,0x7e,0x7a,0x7a,0x7a,0x84,0x84,0x84,0x7a,0x7a,0x7a,0x7a,0x82,0x80,0x92,0x12,0x33,0x00,0x05,0x00,0x00,0x00,0x00,0x00,0x00,0x00,0x00,0x00,0x00,0x00,0x00,0x00,0x00,0x00,0x00,0x00,0x00,0x00,0x00,0x00,0x00,0x00,0x00,0x00,0x00,0x00,0x00,0x00,0x00,0x00,0x00,0x00,0x00,0x00,0x00,0x00,0x00,0x00,0x00,0x00,0x00,0x00,0x00,0x00,0x00,0x00,0x00,0x00,0x00,
    0x00,0x00,0x00,0x00,0x00,0x00,0x00,0x00,0x00,0x00,0x00,0x00,0x00,0x00,0x00,0x00,0x00,0x00,0x00,0x00,0x00,0x00,0x00,0x00,0x00,0x00,0x00,0x00,0x00,0x00,0x00,0x00,0x00,0x00,0x00,0x00,0x00,0x00,0x00,0x00,0x00,0x00,0x00,0x00,0x00,0x00,0x00,0x00,0x00,0x00,0x00,0x00,0x00,0x02,0x01,0x0f,0x18,0x82,0x04,0x80,0xa3,0x79,0x83,0x83,0x83,0x78,0x82,0x82,0x82,0x78,0xa3,0x92,0x79,0x09,0x3a,0x7f,0x79,0x83,0x82,0x83,0x78,0x79,0x79,0x78,0x83,0x78,0x80,0x92,0x92,0xa1,0x1d,0x33,0x00,0x05,0x00,0x00,0x00,0x00,0x00,0x00,0x00,0x00,0x00,0x00,0x00,0x00,0x00,0x00,0x00,0x00,0x00,0x00,0x00,0x00,0x00,0x00,0x00,0x00,0x00,0x00,0x00,0x00,0x00,0x00,0x00,0x00,0x00,0x00,0x00,0x00,0x00,0x00,0x00,0x00,0x00,0x00,0x00,0x00,0x00,0x00,0x00,0x00,0x00,0x00,
    0x00,0x00,0x00,0x00,0x00,0x00,0x00,0x00,0x00,0x00,0x00,0x00,0x00,0x00,0x00,0x00,0x00,0x00,0x00,0x00,0x00,0x00,0x00,0x00,0x00,0x00,0x00,0x00,0x00,0x00,0x00,0x00,0x00,0x00,0x00,0x00,0x00,0x00,0x00,0x00,0x00,0x00,0x00,0x00,0x00,0x00,0x00,0x00,0x00,0x00,0x00,0x00,0x00,0x00,0x01,0x21,0x08,0x04,0x92,0x92,0xa1,0xa1,0xa1,0x92,0x80,0x80,0x79,0x7f,0x80,0xa1,0xa1,0xa1,0x37,0x08,0x0c,0x92,0xa1,0xa1,0xa1,0x92,0x92,0x92,0x92,0xa1,0xa1,0xa1,0xa1,0xa1,0xa1,0x2e,0x0c,0x33,0x00,0x05,0x00,0x00,0x00,0x00,0x00,0x00,0x00,0x00,0x00,0x00,0x00,0x00,0x00,0x00,0x00,0x00,0x00,0x00,0x00,0x00,0x00,0x00,0x00,0x00,0x00,0x00,0x00,0x00,0x00,0x00,0x00,0x00,0x00,0x00,0x00,0x00,0x00,0x00,0x00,0x00,0x00,0x00,0x00,0x00,0x00,0x00,0x00,0x00,0x00,0x00,
    0x00,0x00,0x00,0x00,0x00,0x00,0x00,0x00,0x00,0x00,0x00,0x00,0x00,0x00,0x00,0x00,0x00,0x00,0x00,0x00,0x00,0x00,0x00,0x00,0x00,0x00,0x00,0x00,0x00,0x00,0x00,0x00,0x00,0x00,0x00,0x00,0x00,0x00,0x00,0x00,0x00,0x00,0x00,0x00,0x00,0x00,0x00,0x00,0x00,0x00,0x00,0x00,0x00,0x00,0x05,0x00,0x0e,0x0c,0x92,0xa1,0x92,0xa1,0xa1,0x92,0x80,0x80,0x92,0xa1,0xa1,0xa1,0x92,0x92,0x09,0x00,0x0a,0x79,0x92,0xa1,0xa1,0xa1,0x92,0x92,0x92,0xa1,0xa1,0xa1,0xa1,0xa1,0x80,0x09,0x05,0x00,0x01,0x00,0x00,0x00,0x00,0x00,0x00,0x00,0x00,0x00,0x00,0x00,0x00,0x00,0x00,0x00,0x00,0x00,0x00,0x00,0x00,0x00,0x00,0x00,0x00,0x00,0x00,0x00,0x00,0x00,0x00,0x00,0x00,0x00,0x00,0x00,0x00,0x00,0x00,0x00,0x00,0x00,0x00,0x00,0x00,0x00,0x00,0x00,0x00,0x00,0x00,0x00,
    0x00,0x00,0x00,0x00,0x00,0x00,0x00,0x00,0x00,0x00,0x00,0x00,0x00,0x00,0x00,0x00,0x00,0x00,0x00,0x00,0x00,0x00,0x00,0x00,0x00,0x00,0x00,0x00,0x00,0x00,0x00,0x00,0x00,0x00,0x00,0x00,0x00,0x00,0x00,0x00,0x00,0x00,0x00,0x00,0x00,0x00,0x00,0x00,0x00,0x00,0x00,0x00,0x00,0x00,0x00,0x05,0x05,0x0a,0x18,0x09,0x0c,0x1d,0x04,0x79,0x7f,0xa3,0xa3,0xa3,0x3a,0x2e,0x0c,0x3b,0x0a,0x05,0x00,0x16,0x0c,0x1d,0x92,0xa3,0xa3,0xa3,0xa3,0x7f,0x04,0x3a,0x3a,0x0c,0x33,0x0e,0x05,0x01,0x00,0x00,0x00,0x00,0x00,0x00,0x00,0x00,0x00,0x00,0x00,0x00,0x00,0x00,0x00,0x00,0x00,0x00,0x00,0x00,0x00,0x00,0x00,0x00,0x00,0x00,0x00,0x00,0x00,0x00,0x00,0x00,0x00,0x00,0x00,0x00,0x00,0x00,0x00,0x00,0x00,0x00,0x00,0x00,0x00,0x00,0x00,0x00,0x00,0x00,0x00,0x00,
    0x00,0x00,0x00,0x00,0x00,0x00,0x00,0x00,0x00,0x00,0x00,0x00,0x00,0x00,0x00,0x00,0x00,0x00,0x00,0x00,0x00,0x00,0x00,0x00,0x00,0x00,0x00,0x00,0x00,0x00,0x00,0x00,0x00,0x00,0x00,0x00,0x00,0x00,0x00,0x00,0x00,0x00,0x00,0x00,0x00,0x00,0x00,0x00,0x00,0x00,0x00,0x00,0x00,0x00,0x00,0x00,0x00,0x00,0x13,0x00,0x00,0x05,0x0e,0x08,0x08,0x08,0x08,0x08,0x0e,0x0e,0x00,0x02,0x01,0x00,0x01,0x00,0x00,0x05,0x08,0x08,0x08,0x08,0x08,0x08,0x08,0x0e,0x0e,0x00,0x00,0x00,0x00,0x00,0x00,0x00,0x00,0x00,0x00,0x00,0x00,0x00,0x00,0x00,0x00,0x00,0x00,0x00,0x00,0x00,0x00,0x00,0x00,0x00,0x00,0x00,0x00,0x00,0x00,0x00,0x00,0x00,0x00,0x00,0x00,0x00,0x00,0x00,0x00,0x00,0x00,0x00,0x00,0x00,0x00,0x00,0x00,0x00,0x00,0x00,0x00,0x00,0x00,0x00,0x00,0x00,
    0x00,0x00,0x00,0x00,0x00,0x00,0x00,0x00,0x00,0x00,0x00,0x00,0x00,0x00,0x00,0x00,0x00,0x00,0x00,0x00,0x00,0x00,0x00,0x00,0x00,0x00,0x00,0x00,0x00,0x00,0x00,0x00,0x00,0x00,0x00,0x00,0x00,0x00,0x00,0x00,0x00,0x00,0x00,0x00,0x00,0x00,0x00,0x00,0x00,0x00,0x00,0x00,0x00,0x00,0x00,0x00,0x00,0x01,0x00,0x05,0x05,0x00,0x00,0x00,0x00,0x00,0x00,0x00,0x00,0x00,0x05,0x00,0x00,0x00,0x00,0x05,0x05,0x00,0x00,0x00,0x00,0x00,0x00,0x00,0x00,0x00,0x00,0x05,0x05,0x05,0x00,0x00,0x00,0x00,0x00,0x00,0x00,0x00,0x00,0x00,0x00,0x00,0x00,0x00,0x00,0x00,0x00,0x00,0x00,0x00,0x00,0x00,0x00,0x00,0x00,0x00,0x00,0x00,0x00,0x00,0x00,0x00,0x00,0x00,0x00,0x00,0x00,0x00,0x00,0x00,0x00,0x00,0x00,0x00,0x00,0x00,0x00,0x00,0x00,0x00,0x00,0x00,0x00,0x00,

};

const lv_image_dsc_t passport_pet_running_3 = {
  .header = {
    .magic = LV_IMAGE_HEADER_MAGIC,
    .cf = LV_COLOR_FORMAT_I8,
    .flags = 0,
    .w = 144,
    .h = 156,
    .stride = 144,
    .reserved_2 = 0,
  },
  .data_size = sizeof(passport_pet_running_3_map),
  .data = passport_pet_running_3_map,
  .reserved = NULL,
};
