
#if defined(LV_LVGL_H_INCLUDE_SIMPLE)
#include "lvgl.h"
#elif defined(LV_LVGL_H_INCLUDE_SYSTEM)
#include <lvgl.h>
#elif defined(LV_BUILD_TEST)
#include "../lvgl.h"
#else
#include "lvgl/lvgl.h"
#endif

#ifndef LV_ATTRIBUTE_MEM_ALIGN
#define LV_ATTRIBUTE_MEM_ALIGN
#endif

#ifndef LV_ATTRIBUTE_PASSPORT_PET_REVIEW_0
#define LV_ATTRIBUTE_PASSPORT_PET_REVIEW_0
#endif

static const
LV_ATTRIBUTE_MEM_ALIGN LV_ATTRIBUTE_LARGE_CONST LV_ATTRIBUTE_PASSPORT_PET_REVIEW_0
uint8_t passport_pet_review_0_map[] = {

    0x4c,0x70,0x47,0x00,0x4b,0x51,0x40,0x01,0xd1,0xff,0xe4,0x01,0x1d,0x18,0x1a,0x02,
    0x18,0x13,0x15,0xfc,0x12,0x13,0x10,0x05,0xa0,0xbb,0xaa,0x03,0x88,0x9e,0x9a,0x04,
    0x0d,0x0b,0x0b,0x24,0x15,0x13,0x0e,0x16,0xdc,0xe4,0xef,0xfe,0x0c,0x0a,0x0c,0xfc,
    0x13,0x10,0x11,0x32,0x15,0x12,0x12,0xb4,0x54,0x6c,0x67,0x21,0x89,0x94,0x8d,0x0a,
    0x15,0x12,0x11,0x46,0xcc,0xd9,0xe4,0xfe,0x12,0x10,0x11,0x78,0x14,0x12,0x11,0x8c,
    0x7a,0x8c,0x99,0xfd,0x13,0x0f,0x11,0xf1,0xd4,0xe8,0xf2,0xfd,0x27,0x22,0x2a,0xfd,
    0x72,0x80,0x75,0x15,0x1a,0x16,0x11,0x0c,0x18,0x16,0x15,0xc4,0x14,0x10,0x0d,0x58,
    0xf5,0xf7,0xf9,0x16,0xa4,0xb8,0xc5,0xfe,0xba,0xff,0xff,0x02,0x10,0x0c,0x0e,0xd1,
    0xb6,0xc8,0xcc,0x33,0xda,0xe4,0xe7,0x3c,0xd3,0xee,0xff,0xfd,0xc6,0xd4,0xdc,0x0d,
    0xc2,0xd1,0xed,0xfe,0xab,0xb3,0xbc,0xfd,0xa1,0xa8,0xaf,0xfe,0x15,0x0f,0x0e,0xdb,
    0x98,0xaf,0xb3,0x76,0x88,0x98,0x98,0xd8,0x96,0xa8,0xaa,0xc0,0xe0,0xec,0xf3,0xe3,
    0x15,0x13,0x10,0xa1,0x5c,0x82,0x83,0x97,0x0b,0x08,0x0a,0xf3,0xc8,0x8b,0x2b,0xfd,
    0x71,0x91,0x90,0x79,0x57,0x71,0x66,0x2f,0x8a,0xa3,0xa3,0x5f,0x98,0xa1,0xa7,0xfd,
    0xb7,0xc8,0xcd,0xd1,0xd6,0x8b,0x06,0xfe,0x47,0x6a,0x65,0xc4,0x83,0x67,0x0b,0x5f,
    0x84,0x6d,0x0c,0xa5,0x85,0x98,0x98,0x3e,0xb3,0xc7,0xcd,0xe4,0x40,0x48,0x4f,0xfe,
    0xc8,0xd5,0xdb,0xa5,0x7b,0x5a,0x21,0xfc,0x39,0x39,0x43,0xfd,0x84,0x9b,0xb7,0xfe,
    0xa5,0xb3,0xbc,0xd8,0xa4,0x73,0x0c,0xcc,0x9f,0xb6,0xb8,0x92,0xb5,0xca,0xca,0x6c,
    0x48,0x65,0x66,0x54,0x6e,0x90,0x8e,0xd1,0x57,0x70,0x73,0x3e,0x9b,0x77,0x0f,0xf2,
    0x12,0x0d,0x10,0xe6,0x72,0x82,0xae,0xfc,0x88,0x95,0x96,0x8e,0xda,0xe6,0xe9,0xb2,
    0x49,0x6a,0x68,0x7d,0xcc,0xdc,0xe2,0xd7,0x8f,0xa4,0xab,0x4c,0x2e,0x6b,0x68,0xfa,
    0x92,0xa3,0xa9,0x1f,0x17,0x15,0x14,0xe4,0xa0,0xbf,0xcb,0xfc,0x16,0x14,0x13,0x67,
    0x6a,0x9a,0x98,0xe0,0x83,0x99,0x9a,0xb9,0xd8,0xe2,0xe7,0xd9,0x63,0x73,0x78,0xb2,
    0xec,0xf5,0xfa,0xe9,0x60,0x6c,0x8c,0xfc,0x98,0xa3,0xa6,0xe8,0xc1,0xcf,0xd5,0x92,
    0x3b,0x61,0x5e,0x96,0x46,0x5f,0x62,0xd8,0x6d,0x80,0x85,0xc6,0x5c,0x90,0x88,0x61,
    0x71,0x91,0x90,0x54,0x80,0x96,0x99,0xa7,0x9b,0xbc,0xb9,0xa8,0xcc,0xe2,0xe1,0x75,
    0xec,0xf0,0xf4,0x8a,0x53,0x6d,0x73,0xd9,0x99,0x73,0x03,0x25,0xac,0xc5,0xcb,0xbd,
    0x47,0x61,0x54,0x6c,0x2f,0x4f,0x4c,0xb2,0x77,0x84,0x83,0xe7,0x5c,0x73,0x7c,0x6d,
    0x3b,0x72,0x68,0xec,0x3e,0x53,0x45,0x44,0xa2,0xb3,0xd4,0xfe,0xaf,0xc8,0xc5,0x55,
    0x5c,0x57,0x23,0x8a,0xba,0x96,0x09,0xd2,0x34,0x3a,0x0d,0x96,0x5b,0x91,0x8c,0xb2,
    0xad,0x90,0x0a,0xfa,0x65,0x9b,0x95,0xfb,0x63,0x95,0x93,0x30,0x54,0x55,0x2a,0xfc,
    0x6d,0x79,0x7e,0xda,0x71,0x7c,0x8f,0xf4,0xc9,0xa3,0x1e,0xfb,0xb7,0xcd,0xd4,0xef,
    0x95,0xb5,0xb5,0xe6,0xcb,0xc4,0xe1,0xef,0x9e,0x8d,0x05,0x47,0x5d,0x55,0x0b,0x3b,
    0x7c,0x8a,0x40,0x3f,0x17,0x12,0x15,0xff,0xce,0xea,0xfb,0xff,0x19,0x14,0x17,0xff,
    0xee,0xf6,0xfd,0xff,0x0e,0x0b,0x0d,0xff,0x11,0x0d,0x10,0xff,0x08,0x07,0x09,0xff,
    0x14,0x0f,0x12,0xff,0x0b,0x09,0x0b,0xff,0xcd,0xea,0xfb,0xff,0xed,0xf5,0xfc,0xff,
    0x03,0x02,0x04,0xff,0xcc,0xe8,0xf9,0xff,0xeb,0xf3,0xfb,0xff,0xf1,0xf8,0xfe,0xff,
    0xe5,0xed,0xf9,0xff,0xe8,0xf0,0xfa,0xff,0xd4,0xf3,0xff,0xff,0xd3,0xf0,0xfe,0xff,
    0xfa,0xa3,0x02,0xff,0xd0,0xed,0xfc,0xff,0xd7,0xf6,0xff,0xff,0xf6,0x9b,0x02,0xff,
    0xfa,0x9f,0x02,0xff,0x25,0x1e,0x20,0xff,0xda,0xf2,0xfe,0xff,0xf4,0x96,0x01,0xff,
    0xf4,0xfd,0xff,0xff,0x21,0x16,0x18,0xff,0xfd,0xff,0xff,0xff,0xf1,0xfa,0xff,0xff,
    0xe3,0xf2,0xfd,0xff,0xae,0xc7,0xd6,0xff,0xe1,0xe9,0xf4,0xff,0xb8,0xcf,0xdd,0xff,
    0xe3,0xf7,0xff,0xff,0xf7,0xff,0xff,0xff,0xb9,0xc2,0xcd,0xff,0xc5,0xe3,0xf4,0xff,
    0x60,0x32,0x3f,0xff,0xcd,0xd8,0xf5,0xff,0xdc,0xed,0xfb,0xff,0xd1,0xdf,0xf7,0xff,
    0xbc,0xd7,0xe4,0xff,0xc1,0xc9,0xd4,0xff,0xd1,0x7e,0x05,0xff,0x1a,0x17,0x19,0xff,
    0x4e,0x2a,0x35,0xff,0x93,0xa6,0xbc,0xff,0x95,0x9a,0xa5,0xff,0xd7,0xeb,0xfa,0xff,
    0xac,0xbe,0xcf,0xff,0x88,0x44,0x56,0xff,0x9a,0x49,0x60,0xff,0xea,0x8d,0x01,0xff,
    0xe1,0xfd,0xff,0xff,0xfd,0xa5,0x02,0xff,0x3b,0x20,0x27,0xff,0x72,0x7a,0x86,0xff,
    0xa1,0xad,0xba,0xff,0xd1,0xe1,0xef,0xff,0x9b,0xb2,0xc3,0xfe,0x91,0xa2,0xb3,0xff,
    0x2f,0x32,0x3a,0xff,0xb1,0xba,0xc4,0xff,0xab,0x55,0x6b,0xff,0xc4,0xdd,0xea,0xff,
    0xe8,0x83,0x01,0xff,0xd7,0xdb,0xe6,0xff,0x7d,0x93,0xa4,0xff,0xc8,0xd2,0xdc,0xff,
    0x31,0x18,0x1e,0xff,0x68,0x6c,0x71,0xff,0xeb,0x94,0x02,0xff,0x1b,0x11,0x14,0xff,
    0xbd,0x60,0x78,0xff,0x73,0x3d,0x4c,0xff,0x7b,0x8c,0xbd,0xff,0xd0,0x6a,0x02,0xff,
    0xff,0xa9,0x01,0xff,0xb7,0x98,0x63,0xff,0x9e,0x66,0x09,0xff,0x9c,0xaa,0xe6,0xff,
    0x51,0x5c,0x80,0xff,0x88,0x51,0x63,0xff,0x49,0x55,0x6a,0xff,0x84,0x84,0x8e,0xff,
    0xc0,0x78,0x0b,0xff,0xca,0x42,0x62,0xff,0x8e,0x9f,0xd6,0xff,0xb3,0x71,0x0c,0xff,
    0xad,0xbc,0xfb,0xff,0x55,0x5d,0x60,0xff,0x8a,0x8d,0x97,0xff,0x8f,0x94,0x9f,0xff,
    0x51,0x2f,0x0b,0xff,0x91,0x6d,0x42,0xff,0xa4,0x3d,0x57,0xff,0x9d,0x90,0x6c,0xff,
    0xed,0x5c,0x7d,0xff,0xb8,0xc8,0xf7,0xff,0x52,0x51,0x5b,0xff,0xb4,0xa5,0x97,0xff,
    0x67,0x78,0xa3,0xff,0xa9,0x84,0x4f,0xff,0xa0,0xaf,0xf7,0xff,0xd2,0x6f,0x8a,0xff,
    0xcd,0x50,0x72,0xff,0xa4,0x54,0x09,0xff,0xb7,0xbb,0xac,0xff,0xc4,0xf0,0xff,0xff,
    0xb1,0x7f,0x20,0xff,0x06,0xa0,0xbf,0xff,0xd7,0x5d,0x7e,0xff,0x8a,0x68,0x74,0xff,
    0x89,0x40,0x06,0xff,0x0b,0x90,0xab,0xff,0xa7,0xbe,0xe0,0xff,0x6d,0x42,0x0f,0xff,
    0xf1,0x93,0xb5,0xff,0x8e,0x29,0x46,0xff,0x92,0x78,0x81,0xff,0xf4,0xb2,0xcc,0xff,
    0x09,0xc5,0xe3,0xff,0xb2,0x88,0x93,0xff,0x08,0xf7,0xff,0xff,0x62,0x89,0x79,0xff,

    0x00,0x00,0x00,0x00,0x00,0x00,0x00,0x00,0x00,0x00,0x00,0x00,0x00,0x00,0x00,0x00,0x00,0x00,0x00,0x00,0x00,0x00,0x00,0x00,0x00,0x00,0x00,0x00,0x00,0x00,0x00,0x00,0x00,0x00,0x00,0x00,0x00,0x00,0x00,0x00,0x00,0x00,0x00,0x00,0x00,0x00,0x00,0x00,0x00,0x00,0x00,0x00,0x00,0x00,0x00,0x00,0x00,0x00,0x00,0x00,0x00,0x02,0x01,0x06,0x00,0x00,0x00,0x00,0x00,0x00,0x00,0x00,0x00,0x00,0x00,0x00,0x00,0x00,0x00,0x00,0x00,0x00,0x00,0x00,0x00,0x00,0x00,0x00,0x00,0x00,0x00,0x00,0x00,0x00,0x00,0x00,0x00,0x00,0x00,0x00,0x00,0x00,0x00,0x00,0x00,0x00,0x00,0x00,0x00,0x00,0x00,0x00,0x00,0x00,0x00,0x00,0x00,0x00,0x00,0x00,0x00,0x00,0x00,0x00,0x00,0x00,0x00,0x00,0x00,0x00,0x00,0x00,0x00,0x00,0x00,0x00,0x00,0x00,0x00,0x00,0x00,0x00,0x00,0x00,
    0x00,0x00,0x00,0x00,0x00,0x00,0x00,0x00,0x00,0x00,0x00,0x00,0x00,0x00,0x00,0x00,0x00,0x00,0x00,0x00,0x00,0x00,0x00,0x00,0x00,0x00,0x00,0x00,0x00,0x00,0x00,0x00,0x00,0x00,0x00,0x00,0x00,0x00,0x00,0x00,0x00,0x00,0x00,0x00,0x00,0x00,0x00,0x00,0x00,0x00,0x00,0x00,0x00,0x00,0x00,0x00,0x00,0x00,0x00,0x00,0x02,0x00,0x00,0x00,0x0e,0x31,0x31,0x05,0x00,0x00,0x00,0x00,0x00,0x00,0x00,0x00,0x00,0x00,0x00,0x00,0x00,0x00,0x00,0x00,0x00,0x00,0x00,0x00,0x00,0x00,0x00,0x00,0x00,0x00,0x00,0x00,0x00,0x00,0x00,0x00,0x00,0x00,0x00,0x00,0x00,0x00,0x00,0x00,0x00,0x00,0x00,0x00,0x00,0x00,0x00,0x00,0x00,0x00,0x00,0x00,0x00,0x00,0x00,0x00,0x00,0x00,0x00,0x00,0x00,0x00,0x00,0x00,0x00,0x00,0x00,0x00,0x00,0x00,0x00,0x00,0x00,0x00,0x00,0x00,
    0x00,0x00,0x00,0x00,0x00,0x00,0x00,0x00,0x00,0x00,0x00,0x00,0x00,0x00,0x00,0x00,0x00,0x00,0x00,0x00,0x00,0x00,0x00,0x00,0x00,0x00,0x00,0x00,0x00,0x00,0x00,0x00,0x00,0x00,0x00,0x00,0x00,0x00,0x00,0x00,0x00,0x00,0x00,0x00,0x00,0x00,0x00,0x00,0x00,0x00,0x00,0x00,0x00,0x00,0x00,0x00,0x00,0x00,0x00,0x02,0x00,0x0f,0x21,0x5b,0xc9,0x36,0x5c,0x18,0x00,0x02,0x00,0x00,0x00,0x00,0x00,0x00,0x00,0x00,0x00,0x00,0x00,0x00,0x00,0x00,0x00,0x00,0x00,0x00,0x00,0x00,0x00,0x00,0x00,0x00,0x00,0x00,0x00,0x00,0x00,0x00,0x00,0x00,0x00,0x00,0x00,0x00,0x00,0x00,0x00,0x00,0x00,0x00,0x00,0x00,0x00,0x00,0x00,0x00,0x00,0x00,0x00,0x00,0x00,0x00,0x00,0x00,0x00,0x00,0x00,0x00,0x00,0x00,0x00,0x00,0x00,0x00,0x00,0x00,0x00,0x00,0x00,0x00,0x00,0x00,
    0x00,0x00,0x00,0x00,0x00,0x00,0x00,0x00,0x00,0x00,0x00,0x00,0x00,0x00,0x00,0x00,0x00,0x00,0x00,0x00,0x00,0x00,0x00,0x00,0x00,0x00,0x00,0x00,0x00,0x00,0x00,0x00,0x00,0x00,0x00,0x00,0x00,0x00,0x00,0x00,0x00,0x00,0x00,0x00,0x00,0x00,0x00,0x00,0x00,0x00,0x00,0x00,0x00,0x00,0x00,0x00,0x00,0x00,0x02,0x00,0x23,0x4b,0x56,0xa6,0x57,0x46,0x06,0x00,0x00,0x00,0x00,0x00,0x00,0x00,0x00,0x00,0x00,0x00,0x00,0x00,0x00,0x00,0x00,0x00,0x00,0x00,0x00,0x00,0x00,0x00,0x00,0x00,0x00,0x00,0x00,0x00,0x00,0x00,0x00,0x00,0x00,0x00,0x00,0x00,0x00,0x00,0x00,0x00,0x00,0x00,0x00,0x00,0x00,0x00,0x00,0x00,0x00,0x00,0x00,0x00,0x00,0x00,0x00,0x00,0x00,0x00,0x00,0x00,0x00,0x00,0x00,0x00,0x00,0x00,0x00,0x00,0x00,0x00,0x00,0x00,0x00,0x00,0x00,0x00,
    0x00,0x00,0x00,0x00,0x00,0x00,0x00,0x00,0x00,0x00,0x00,0x00,0x00,0x00,0x00,0x00,0x00,0x00,0x00,0x00,0x00,0x00,0x00,0x00,0x00,0x00,0x00,0x00,0x00,0x00,0x00,0x00,0x00,0x00,0x00,0x00,0x00,0x00,0x00,0x00,0x00,0x00,0x00,0x00,0x00,0x00,0x00,0x00,0x00,0x00,0x00,0x00,0x00,0x00,0x00,0x00,0x00,0x00,0x1e,0x23,0x64,0x58,0xa2,0x2a,0x46,0x00,0x02,0x00,0x00,0x00,0x00,0x00,0x00,0x00,0x00,0x00,0x00,0x00,0x00,0x00,0x00,0x00,0x00,0x00,0x00,0x00,0x00,0x00,0x00,0x00,0x00,0x00,0x00,0x00,0x00,0x00,0x00,0x00,0x00,0x00,0x00,0x00,0x00,0x00,0x00,0x00,0x00,0x00,0x00,0x00,0x00,0x00,0x00,0x00,0x00,0x00,0x00,0x00,0x00,0x00,0x00,0x00,0x00,0x00,0x00,0x00,0x00,0x00,0x00,0x00,0x00,0x00,0x00,0x00,0x00,0x00,0x00,0x00,0x00,0x00,0x00,0x00,0x00,0x00,
    0x00,0x00,0x00,0x00,0x00,0x00,0x00,0x00,0x00,0x00,0x00,0x00,0x00,0x00,0x00,0x00,0x00,0x00,0x00,0x00,0x00,0x00,0x00,0x00,0x00,0x00,0x00,0x00,0x00,0x00,0x00,0x00,0x00,0x00,0x00,0x00,0x00,0x00,0x00,0x00,0x00,0x00,0x00,0x00,0x00,0x00,0x00,0x00,0x00,0x00,0x00,0x00,0x00,0x00,0x00,0x00,0x00,0x06,0x00,0x39,0x4d,0x8f,0x8e,0x3c,0x07,0x03,0x02,0x00,0x00,0x00,0x00,0x00,0x00,0x00,0x00,0x00,0x00,0x00,0x00,0x00,0x00,0x00,0x00,0x00,0x00,0x00,0x00,0x00,0x00,0x00,0x00,0x00,0x00,0x00,0x00,0x00,0x00,0x00,0x00,0x00,0x00,0x00,0x00,0x00,0x00,0x00,0x00,0x00,0x00,0x00,0x00,0x00,0x00,0x00,0x00,0x00,0x00,0x00,0x00,0x00,0x00,0x00,0x00,0x00,0x00,0x00,0x00,0x00,0x00,0x00,0x00,0x00,0x00,0x00,0x00,0x00,0x00,0x00,0x00,0x00,0x00,0x00,0x00,0x00,
    0x00,0x00,0x00,0x00,0x00,0x00,0x00,0x00,0x00,0x00,0x00,0x00,0x00,0x00,0x00,0x00,0x00,0x00,0x00,0x00,0x00,0x00,0x00,0x00,0x00,0x00,0x00,0x00,0x00,0x00,0x00,0x00,0x00,0x00,0x00,0x00,0x00,0x00,0x00,0x00,0x00,0x00,0x00,0x00,0x00,0x00,0x00,0x00,0x00,0x00,0x00,0x00,0x00,0x00,0x00,0x00,0x00,0x02,0x02,0x32,0x5a,0x8e,0x58,0x63,0x02,0x00,0x00,0x00,0x00,0x00,0x00,0x00,0x00,0x00,0x00,0x00,0x00,0x00,0x00,0x00,0x00,0x00,0x00,0x00,0x00,0x00,0x00,0x00,0x00,0x00,0x00,0x00,0x00,0x00,0x00,0x00,0x00,0x00,0x00,0x00,0x00,0x00,0x00,0x00,0x00,0x00,0x00,0x00,0x00,0x00,0x00,0x00,0x00,0x00,0x00,0x00,0x00,0x00,0x00,0x00,0x00,0x00,0x00,0x00,0x00,0x00,0x00,0x00,0x00,0x00,0x00,0x00,0x00,0x00,0x00,0x00,0x00,0x00,0x00,0x00,0x00,0x00,0x00,0x00,
    0x00,0x00,0x00,0x00,0x00,0x00,0x00,0x00,0x00,0x00,0x00,0x00,0x00,0x00,0x00,0x00,0x00,0x00,0x00,0x00,0x00,0x00,0x00,0x00,0x00,0x00,0x00,0x00,0x00,0x00,0x00,0x00,0x00,0x00,0x00,0x00,0x00,0x00,0x00,0x00,0x00,0x00,0x00,0x00,0x00,0x00,0x00,0x00,0x00,0x00,0x00,0x00,0x00,0x00,0x00,0x00,0x00,0x00,0x00,0x28,0x7d,0x91,0x58,0x64,0x00,0x02,0x00,0x00,0x00,0x00,0x00,0x00,0x00,0x00,0x00,0x00,0x00,0x00,0x00,0x00,0x00,0x00,0x00,0x00,0x00,0x00,0x00,0x00,0x00,0x00,0x00,0x00,0x00,0x00,0x00,0x00,0x00,0x00,0x00,0x00,0x00,0x00,0x00,0x00,0x00,0x00,0x00,0x00,0x00,0x00,0x00,0x00,0x00,0x00,0x00,0x00,0x00,0x00,0x00,0x00,0x00,0x00,0x00,0x00,0x00,0x00,0x00,0x00,0x00,0x00,0x00,0x00,0x00,0x00,0x00,0x00,0x00,0x00,0x00,0x00,0x00,0x00,0x00,0x00,
    0x00,0x00,0x00,0x00,0x00,0x00,0x00,0x00,0x00,0x00,0x00,0x00,0x00,0x00,0x00,0x00,0x00,0x00,0x00,0x00,0x00,0x00,0x00,0x00,0x00,0x00,0x00,0x00,0x00,0x00,0x00,0x00,0x00,0x00,0x00,0x00,0x00,0x00,0x00,0x00,0x00,0x00,0x00,0x00,0x00,0x00,0x00,0x00,0x00,0x00,0x00,0x00,0x00,0x00,0x00,0x00,0x00,0x00,0x01,0x43,0x7d,0xaa,0x91,0x56,0x1c,0x00,0x07,0x01,0x01,0x02,0x1e,0x00,0x00,0x07,0x07,0x07,0x07,0x07,0x07,0x07,0x07,0x05,0x03,0x00,0x01,0x01,0x02,0x00,0x00,0x00,0x00,0x00,0x00,0x00,0x00,0x00,0x00,0x00,0x00,0x00,0x00,0x00,0x00,0x00,0x00,0x00,0x00,0x00,0x00,0x00,0x00,0x00,0x00,0x00,0x00,0x00,0x00,0x00,0x00,0x00,0x00,0x00,0x00,0x00,0x00,0x00,0x00,0x00,0x00,0x00,0x00,0x00,0x00,0x00,0x00,0x00,0x00,0x00,0x00,0x00,0x00,0x00,0x00,0x00,
    0x00,0x00,0x00,0x00,0x00,0x00,0x00,0x00,0x00,0x00,0x00,0x00,0x00,0x00,0x00,0x00,0x00,0x00,0x00,0x00,0x00,0x00,0x00,0x00,0x00,0x00,0x00,0x00,0x00,0x00,0x00,0x00,0x00,0x00,0x00,0x00,0x00,0x00,0x00,0x00,0x00,0x00,0x00,0x00,0x00,0x00,0x00,0x00,0x00,0x00,0x00,0x00,0x00,0x00,0x00,0x00,0x00,0x1e,0x00,0x32,0x40,0x0a,0x9f,0x4d,0x32,0x07,0x00,0x00,0x00,0x00,0x00,0x07,0x23,0x00,0x00,0x00,0x00,0x00,0x00,0x00,0x00,0x00,0x00,0x23,0x00,0x00,0x00,0x02,0x01,0x00,0x00,0x00,0x00,0x00,0x00,0x00,0x00,0x00,0x00,0x00,0x00,0x00,0x00,0x00,0x00,0x00,0x00,0x00,0x00,0x00,0x00,0x00,0x00,0x00,0x00,0x00,0x00,0x00,0x00,0x00,0x00,0x00,0x00,0x00,0x00,0x00,0x00,0x00,0x00,0x00,0x00,0x00,0x00,0x00,0x00,0x00,0x00,0x00,0x00,0x00,0x00,0x00,0x00,0x00,
    0x00,0x00,0x00,0x00,0x00,0x00,0x00,0x00,0x00,0x00,0x00,0x00,0x00,0x00,0x00,0x00,0x00,0x00,0x00,0x00,0x00,0x00,0x00,0x00,0x00,0x00,0x00,0x00,0x00,0x00,0x00,0x00,0x00,0x00,0x00,0x00,0x00,0x00,0x00,0x00,0x00,0x00,0x00,0x00,0x00,0x00,0x00,0x00,0x00,0x00,0x00,0x00,0x00,0x00,0x00,0x00,0x00,0x02,0x00,0x18,0x5b,0x16,0xa0,0xc3,0x34,0x21,0x0e,0x08,0x0e,0x18,0x4e,0x32,0x30,0x30,0x28,0x30,0x28,0x63,0x63,0x28,0x4c,0x4c,0x44,0x4c,0x6b,0x46,0x18,0x00,0x00,0x01,0x02,0x00,0x00,0x00,0x00,0x00,0x00,0x00,0x00,0x00,0x00,0x00,0x00,0x00,0x00,0x00,0x00,0x00,0x00,0x00,0x00,0x00,0x00,0x00,0x00,0x00,0x00,0x00,0x00,0x00,0x00,0x00,0x00,0x00,0x00,0x00,0x00,0x00,0x00,0x00,0x00,0x00,0x00,0x00,0x00,0x00,0x00,0x00,0x00,0x00,0x00,0x00,0x00,0x00,
    0x00,0x00,0x00,0x00,0x00,0x00,0x00,0x00,0x00,0x00,0x00,0x00,0x00,0x00,0x00,0x00,0x00,0x00,0x00,0x00,0x00,0x00,0x00,0x00,0x00,0x00,0x00,0x00,0x00,0x00,0x00,0x00,0x00,0x00,0x00,0x00,0x00,0x00,0x00,0x00,0x00,0x00,0x00,0x00,0x00,0x00,0x00,0x00,0x00,0x00,0x00,0x00,0x00,0x00,0x00,0x00,0x00,0x00,0x07,0x1e,0x21,0x56,0x91,0xa0,0x8b,0x3c,0x2d,0x61,0x5c,0x2d,0x29,0x6e,0xbe,0xb4,0xb3,0xa7,0xaa,0xa4,0xa4,0xaa,0xa3,0xa3,0xbf,0x79,0x78,0x57,0x2d,0x60,0x0e,0x00,0x00,0x01,0x00,0x00,0x00,0x00,0x00,0x00,0x00,0x00,0x00,0x00,0x00,0x00,0x00,0x00,0x00,0x00,0x00,0x00,0x00,0x00,0x00,0x00,0x00,0x00,0x00,0x00,0x00,0x00,0x00,0x00,0x00,0x00,0x00,0x00,0x00,0x00,0x00,0x00,0x00,0x00,0x00,0x00,0x00,0x00,0x00,0x00,0x00,0x00,0x00,0x00,0x00,0x00,
    0x00,0x00,0x00,0x00,0x00,0x00,0x00,0x00,0x00,0x00,0x00,0x00,0x00,0x00,0x00,0x00,0x00,0x00,0x00,0x00,0x00,0x00,0x00,0x00,0x00,0x00,0x00,0x00,0x00,0x00,0x00,0x00,0x00,0x00,0x00,0x00,0x00,0x00,0x00,0x00,0x00,0x00,0x00,0x00,0x00,0x00,0x00,0x00,0x00,0x00,0x00,0x00,0x00,0x00,0x00,0x02,0x1e,0x02,0x00,0x00,0x00,0x21,0x62,0x3a,0xad,0xb4,0xc6,0x24,0x52,0xa3,0x8d,0x82,0x9a,0x93,0x22,0x22,0x22,0x82,0x82,0x22,0x9a,0x93,0x9a,0x9a,0x16,0xa1,0x1d,0x45,0x5c,0x60,0x18,0x00,0x06,0x00,0x00,0x00,0x00,0x00,0x00,0x00,0x00,0x00,0x00,0x00,0x00,0x00,0x00,0x00,0x00,0x00,0x00,0x00,0x00,0x00,0x00,0x00,0x00,0x00,0x00,0x00,0x00,0x00,0x00,0x00,0x00,0x00,0x00,0x00,0x00,0x00,0x00,0x00,0x00,0x00,0x00,0x00,0x00,0x00,0x00,0x00,0x00,0x00,0x00,0x00,
    0x00,0x00,0x00,0x00,0x00,0x00,0x00,0x00,0x00,0x00,0x00,0x00,0x00,0x00,0x00,0x00,0x00,0x00,0x00,0x00,0x00,0x00,0x00,0x00,0x00,0x00,0x00,0x00,0x00,0x00,0x00,0x00,0x00,0x00,0x00,0x00,0x00,0x00,0x00,0x00,0x00,0x00,0x00,0x00,0x00,0x00,0x00,0x00,0x00,0x00,0x00,0x00,0x00,0x01,0x01,0x00,0x00,0x00,0x18,0x39,0x4e,0x39,0x28,0x42,0x54,0xc6,0xb1,0xac,0x93,0x22,0x22,0x82,0x8d,0x8d,0x8a,0x8a,0x8d,0x82,0x82,0x82,0x8d,0x8d,0x8d,0x8d,0x22,0x22,0x9a,0xac,0x79,0x45,0x55,0x32,0x00,0x01,0x00,0x00,0x00,0x00,0x00,0x00,0x00,0x00,0x00,0x00,0x00,0x00,0x00,0x00,0x00,0x00,0x00,0x00,0x00,0x00,0x00,0x00,0x00,0x00,0x00,0x00,0x00,0x00,0x00,0x00,0x00,0x00,0x00,0x00,0x00,0x00,0x00,0x00,0x00,0x00,0x00,0x00,0x00,0x00,0x00,0x00,0x00,0x00,0x00,0x00,
    0x00,0x00,0x00,0x00,0x00,0x00,0x00,0x00,0x00,0x00,0x00,0x00,0x00,0x00,0x00,0x00,0x00,0x00,0x00,0x00,0x00,0x00,0x00,0x00,0x00,0x00,0x00,0x00,0x00,0x00,0x00,0x00,0x00,0x00,0x00,0x00,0x00,0x00,0x00,0x00,0x00,0x00,0x00,0x00,0x00,0x00,0x00,0x00,0x00,0x00,0x00,0x00,0x01,0x00,0x00,0x18,0x39,0x43,0x42,0x62,0x45,0x5e,0x34,0x11,0x16,0xb3,0x93,0x95,0x8d,0x8a,0x82,0x82,0x82,0x82,0x82,0x82,0x82,0x82,0x82,0x82,0x82,0x82,0x82,0x82,0x82,0x8d,0x8d,0x93,0x82,0xa7,0xa3,0x40,0x4e,0x07,0x1e,0x02,0x00,0x00,0x00,0x00,0x00,0x00,0x00,0x00,0x00,0x00,0x00,0x00,0x00,0x00,0x00,0x00,0x00,0x00,0x00,0x00,0x00,0x00,0x00,0x00,0x00,0x00,0x00,0x00,0x00,0x00,0x00,0x00,0x00,0x00,0x00,0x00,0x00,0x00,0x00,0x00,0x00,0x00,0x00,0x00,0x00,0x00,0x00,0x00,
    0x00,0x00,0x00,0x00,0x00,0x00,0x00,0x00,0x00,0x00,0x00,0x00,0x00,0x00,0x00,0x00,0x00,0x00,0x00,0x00,0x00,0x00,0x00,0x00,0x00,0x00,0x00,0x00,0x00,0x00,0x00,0x00,0x00,0x00,0x00,0x00,0x00,0x00,0x00,0x00,0x00,0x00,0x00,0x00,0x00,0x00,0x00,0x00,0x00,0x00,0x00,0x01,0x00,0x50,0x4e,0x4a,0x2a,0x4d,0x2b,0xa1,0xbc,0x14,0x0a,0x8b,0xa0,0x95,0x8d,0x8a,0x82,0x82,0x82,0x82,0x82,0x82,0x82,0x82,0x82,0x82,0x82,0x82,0x82,0x82,0x82,0x82,0x82,0x82,0x82,0x8d,0x82,0x22,0xaa,0x11,0x29,0x20,0x00,0x07,0x01,0x00,0x00,0x00,0x00,0x00,0x00,0x00,0x00,0x00,0x00,0x00,0x00,0x00,0x00,0x00,0x00,0x00,0x00,0x00,0x00,0x00,0x00,0x00,0x00,0x00,0x00,0x00,0x00,0x00,0x00,0x00,0x00,0x00,0x00,0x00,0x00,0x00,0x00,0x00,0x00,0x00,0x00,0x00,0x00,0x00,0x00,0x00,
    0x00,0x00,0x00,0x00,0x00,0x00,0x00,0x00,0x00,0x00,0x00,0x00,0x00,0x00,0x00,0x00,0x00,0x00,0x00,0x00,0x00,0x00,0x00,0x00,0x00,0x00,0x00,0x00,0x00,0x00,0x00,0x00,0x00,0x00,0x00,0x00,0x00,0x00,0x00,0x00,0x00,0x00,0x00,0x00,0x00,0x00,0x00,0x00,0x00,0x03,0x03,0x00,0x6d,0x36,0x29,0x26,0x2a,0x43,0x5b,0x2b,0x16,0x24,0x8d,0x8a,0x8d,0x82,0x82,0x82,0x82,0x82,0x82,0x82,0x82,0x82,0x82,0x82,0x82,0x82,0x82,0x82,0x82,0x82,0x82,0x82,0x82,0x82,0x82,0x82,0x82,0x8a,0x8d,0x93,0xc3,0x2a,0x21,0x00,0x01,0x01,0x00,0x00,0x00,0x00,0x00,0x00,0x00,0x00,0x00,0x00,0x00,0x00,0x00,0x00,0x00,0x00,0x00,0x00,0x00,0x00,0x00,0x00,0x00,0x00,0x00,0x00,0x00,0x00,0x00,0x00,0x00,0x00,0x00,0x00,0x00,0x00,0x00,0x00,0x00,0x00,0x00,0x00,0x00,0x00,0x00,0x00,
    0x00,0x00,0x00,0x00,0x00,0x00,0x00,0x00,0x00,0x00,0x00,0x00,0x00,0x00,0x00,0x00,0x00,0x00,0x00,0x00,0x00,0x00,0x00,0x00,0x00,0x00,0x00,0x00,0x00,0x00,0x00,0x00,0x00,0x00,0x00,0x00,0x00,0x00,0x00,0x00,0x00,0x00,0x00,0x00,0x00,0x00,0x00,0x00,0x00,0x00,0x01,0x0e,0x36,0xd6,0x5e,0x32,0x43,0x4b,0xa2,0xa4,0x82,0x95,0x82,0x82,0x82,0x82,0x82,0x82,0x82,0x82,0x82,0x82,0x82,0x82,0x82,0x82,0x82,0x82,0x82,0x82,0x82,0x82,0x82,0x82,0x82,0x82,0x82,0x82,0x82,0x82,0x82,0x8d,0x22,0xbd,0x67,0x28,0x06,0x00,0x02,0x00,0x00,0x00,0x00,0x00,0x00,0x00,0x00,0x00,0x00,0x00,0x00,0x00,0x00,0x00,0x00,0x00,0x00,0x00,0x00,0x00,0x00,0x00,0x00,0x00,0x00,0x00,0x00,0x00,0x00,0x00,0x00,0x00,0x00,0x00,0x00,0x00,0x00,0x00,0x00,0x00,0x00,0x00,0x00,0x00,
    0x00,0x00,0x00,0x00,0x00,0x00,0x00,0x00,0x00,0x00,0x00,0x00,0x00,0x00,0x00,0x00,0x00,0x00,0x00,0x00,0x00,0x00,0x00,0x00,0x00,0x00,0x00,0x00,0x00,0x00,0x00,0x00,0x00,0x00,0x00,0x00,0x00,0x00,0x00,0x00,0x00,0x00,0x00,0x00,0x00,0x00,0x00,0x03,0x00,0x31,0x2d,0x6c,0x36,0x44,0x00,0x43,0x34,0xb3,0xaa,0xb3,0x8a,0x8a,0x82,0x82,0x82,0x82,0x82,0x82,0x82,0x82,0x82,0x82,0x82,0x82,0x82,0x82,0x82,0x82,0x82,0x82,0x82,0x82,0x82,0x82,0x82,0x82,0x82,0x82,0x82,0x82,0x82,0x82,0x8d,0x22,0xb3,0xa1,0x42,0x02,0x00,0x01,0x00,0x00,0x00,0x00,0x00,0x00,0x00,0x00,0x00,0x00,0x00,0x00,0x00,0x00,0x00,0x00,0x00,0x00,0x00,0x00,0x00,0x00,0x00,0x00,0x00,0x00,0x00,0x00,0x00,0x00,0x00,0x00,0x00,0x00,0x00,0x00,0x00,0x00,0x00,0x00,0x00,0x00,0x00,0x00,
    0x00,0x00,0x00,0x00,0x00,0x00,0x00,0x00,0x00,0x00,0x00,0x00,0x00,0x00,0x00,0x00,0x00,0x00,0x00,0x00,0x00,0x00,0x00,0x00,0x00,0x00,0x00,0x00,0x00,0x00,0x00,0x00,0x00,0x00,0x00,0x00,0x00,0x00,0x00,0x00,0x00,0x00,0x00,0x00,0x00,0x00,0x03,0x00,0x6d,0x69,0x6c,0x2d,0x46,0x00,0x39,0x40,0xb3,0xb3,0x8d,0x8a,0x82,0x82,0x82,0x82,0x82,0x82,0x82,0x82,0x82,0x82,0x82,0x82,0x82,0x82,0x82,0x82,0x82,0x82,0x82,0x82,0x82,0x82,0x82,0x82,0x82,0x82,0x82,0x82,0x82,0x82,0x82,0x82,0x82,0x8d,0x22,0x16,0x33,0x30,0x0f,0x03,0x01,0x00,0x00,0x00,0x00,0x00,0x00,0x00,0x00,0x00,0x00,0x00,0x00,0x00,0x00,0x00,0x00,0x00,0x00,0x00,0x00,0x00,0x00,0x00,0x00,0x00,0x00,0x00,0x00,0x00,0x00,0x00,0x00,0x00,0x00,0x00,0x00,0x00,0x00,0x00,0x00,0x00,0x00,0x00,
    0x00,0x00,0x00,0x00,0x00,0x00,0x00,0x00,0x00,0x00,0x00,0x00,0x00,0x00,0x00,0x00,0x00,0x00,0x00,0x00,0x00,0x00,0x00,0x00,0x00,0x00,0x00,0x00,0x00,0x00,0x00,0x00,0x00,0x00,0x00,0x00,0x00,0x00,0x00,0x00,0x00,0x00,0x00,0x00,0x00,0x01,0x03,0x44,0x5d,0x4f,0x5c,0x18,0x00,0x6f,0x45,0xa1,0xa0,0x8d,0x82,0x82,0x82,0x82,0x82,0x82,0x82,0x82,0x82,0x82,0x82,0x82,0x82,0x82,0x8d,0x82,0x82,0x82,0x82,0x82,0x82,0x82,0x82,0x82,0x82,0x82,0x8a,0x82,0x82,0x82,0x82,0x82,0x82,0x82,0x82,0x82,0x8d,0x22,0xbd,0x29,0x6d,0x00,0x03,0x00,0x00,0x00,0x00,0x00,0x00,0x00,0x00,0x00,0x00,0x00,0x00,0x00,0x00,0x00,0x00,0x00,0x00,0x00,0x00,0x00,0x00,0x00,0x00,0x00,0x00,0x00,0x00,0x00,0x00,0x00,0x00,0x00,0x00,0x00,0x00,0x00,0x00,0x00,0x00,0x00,0x00,0x00,
    0x00,0x00,0x00,0x00,0x00,0x00,0x00,0x00,0x00,0x00,0x00,0x00,0x00,0x00,0x00,0x00,0x00,0x00,0x00,0x00,0x00,0x00,0x00,0x00,0x00,0x00,0x00,0x00,0x00,0x00,0x00,0x00,0x00,0x00,0x00,0x00,0x00,0x00,0x00,0x00,0x00,0x00,0x00,0x00,0x03,0x00,0x0e,0x5d,0x4f,0x36,0x44,0x00,0x21,0x2b,0xa2,0x8e,0x84,0x95,0x8a,0x82,0x82,0x82,0x82,0x82,0x82,0x82,0x82,0x82,0x82,0x82,0x82,0x82,0x92,0x82,0x82,0x82,0x82,0x82,0x82,0x82,0x82,0x82,0x82,0x8a,0x93,0x82,0x82,0x82,0x82,0x82,0x82,0x82,0x82,0x82,0x82,0x8a,0x84,0xb1,0x36,0x0c,0x00,0x03,0x00,0x00,0x00,0x00,0x00,0x00,0x00,0x00,0x00,0x00,0x00,0x00,0x00,0x00,0x00,0x00,0x00,0x00,0x00,0x00,0x00,0x00,0x00,0x00,0x00,0x00,0x00,0x00,0x00,0x00,0x00,0x00,0x00,0x00,0x00,0x00,0x00,0x00,0x00,0x00,0x00,0x00,
    0x00,0x00,0x00,0x00,0x00,0x00,0x00,0x00,0x00,0x00,0x00,0x00,0x00,0x00,0x00,0x00,0x00,0x00,0x00,0x00,0x00,0x00,0x00,0x00,0x00,0x00,0x00,0x00,0x00,0x00,0x00,0x00,0x00,0x00,0x00,0x00,0x00,0x00,0x00,0x00,0x00,0x00,0x00,0x01,0x01,0x0e,0x57,0x4f,0x6c,0x44,0x00,0x0f,0x64,0x58,0x9f,0x8e,0x8b,0x92,0x82,0x82,0x82,0x82,0x82,0x82,0x82,0x82,0x82,0x82,0x82,0x8a,0x95,0x95,0xbe,0x82,0x82,0x82,0x82,0x82,0x82,0x82,0x82,0x82,0x8d,0x93,0xb4,0xa7,0x95,0x82,0x82,0x82,0x82,0x82,0x82,0x82,0x82,0x82,0xaa,0x9f,0x14,0x2d,0x23,0x01,0x02,0x00,0x00,0x00,0x00,0x00,0x00,0x00,0x00,0x00,0x00,0x00,0x00,0x00,0x00,0x00,0x00,0x00,0x00,0x00,0x00,0x00,0x00,0x00,0x00,0x00,0x00,0x00,0x00,0x00,0x00,0x00,0x00,0x00,0x00,0x00,0x00,0x00,0x00,0x00,0x00,0x00,
    0x00,0x00,0x00,0x00,0x00,0x00,0x00,0x00,0x00,0x00,0x00,0x00,0x00,0x00,0x00,0x00,0x00,0x00,0x00,0x00,0x00,0x00,0x00,0x00,0x00,0x00,0x00,0x00,0x00,0x00,0x00,0x00,0x00,0x00,0x00,0x00,0x00,0x00,0x00,0x00,0x00,0x00,0x00,0x07,0x00,0x68,0x6c,0x6c,0x4c,0x00,0x00,0x60,0xad,0x84,0x8e,0x8b,0xa4,0x93,0x93,0x93,0x82,0x82,0x82,0x82,0x82,0x82,0x82,0x82,0x8a,0x82,0xaa,0xb2,0xc6,0x92,0x8d,0x82,0x82,0x82,0x82,0x82,0x82,0x82,0x8d,0x96,0xbc,0xbf,0xb8,0x8d,0x82,0x82,0x82,0x82,0x82,0x82,0x82,0x8a,0xa0,0x8b,0x90,0x3a,0x5f,0x00,0x06,0x00,0x00,0x00,0x00,0x00,0x00,0x00,0x00,0x00,0x00,0x00,0x00,0x00,0x00,0x00,0x00,0x00,0x00,0x00,0x00,0x00,0x00,0x00,0x00,0x00,0x00,0x00,0x00,0x00,0x00,0x00,0x00,0x00,0x00,0x00,0x00,0x00,0x00,0x00,0x00,0x00,
    0x00,0x00,0x00,0x00,0x00,0x00,0x00,0x00,0x00,0x00,0x00,0x00,0x00,0x00,0x00,0x00,0x00,0x00,0x00,0x00,0x00,0x00,0x00,0x00,0x00,0x00,0x00,0x00,0x00,0x00,0x00,0x00,0x00,0x00,0x00,0x00,0x00,0x00,0x00,0x00,0x00,0x00,0x03,0x00,0x31,0x36,0x4f,0x36,0x0f,0x03,0x1c,0x34,0xa3,0xa0,0xaa,0x8b,0x95,0x82,0x96,0x92,0x93,0x82,0x82,0x82,0x8a,0x82,0x82,0x8a,0x95,0x9a,0x1d,0xbe,0xa1,0x9a,0x8d,0x82,0x82,0x82,0x82,0x82,0x82,0x82,0x8a,0x93,0xa3,0xd4,0xa7,0x95,0x8a,0x82,0x8a,0x82,0x82,0x8a,0x8a,0x8a,0x9a,0x8e,0x9e,0x33,0x5c,0x18,0x00,0x01,0x00,0x00,0x00,0x00,0x00,0x00,0x00,0x00,0x00,0x00,0x00,0x00,0x00,0x00,0x00,0x00,0x00,0x00,0x00,0x00,0x00,0x00,0x00,0x00,0x00,0x00,0x00,0x00,0x00,0x00,0x00,0x00,0x00,0x00,0x00,0x00,0x00,0x00,0x00,0x00,
    0x00,0x00,0x00,0x00,0x00,0x00,0x00,0x00,0x00,0x00,0x00,0x00,0x00,0x00,0x00,0x00,0x00,0x00,0x00,0x00,0x00,0x00,0x00,0x00,0x00,0x00,0x00,0x00,0x00,0x00,0x00,0x00,0x00,0x00,0x00,0x00,0x00,0x00,0x00,0x00,0x00,0x01,0x02,0x0f,0x5c,0x6c,0x36,0x31,0x01,0x01,0x1c,0x2b,0x84,0x8e,0xa0,0x9a,0x8a,0x82,0x93,0x96,0x9a,0x8a,0x82,0x8a,0x22,0x95,0x82,0x8a,0x92,0xbe,0x11,0x11,0xa1,0x96,0x8a,0x82,0x82,0x82,0x82,0x82,0x82,0x82,0x82,0x95,0xc3,0x49,0x3f,0x95,0x8a,0x82,0x95,0x82,0x95,0x9a,0x93,0x95,0xa0,0x8b,0x84,0x11,0x5e,0x0e,0x00,0x01,0x00,0x00,0x00,0x00,0x00,0x00,0x00,0x00,0x00,0x00,0x00,0x00,0x00,0x00,0x00,0x00,0x00,0x00,0x00,0x00,0x00,0x00,0x00,0x00,0x00,0x00,0x00,0x00,0x00,0x00,0x00,0x00,0x00,0x00,0x00,0x00,0x00,0x00,0x00,0x00,
    0x00,0x00,0x00,0x00,0x00,0x00,0x00,0x00,0x00,0x00,0x00,0x00,0x00,0x00,0x00,0x00,0x00,0x00,0x00,0x00,0x00,0x00,0x00,0x00,0x00,0x00,0x00,0x00,0x00,0x00,0x00,0x00,0x00,0x00,0x00,0x00,0x00,0x00,0x00,0x00,0x00,0x06,0x00,0x60,0x14,0x65,0x31,0x00,0x07,0x00,0x28,0xbd,0x8e,0xa0,0x8f,0x93,0x8d,0x82,0x22,0x95,0x8d,0x82,0x8d,0x92,0xa3,0xac,0x95,0x92,0xb4,0xa6,0xb8,0xb4,0xa3,0x93,0x8a,0x82,0x82,0x82,0x82,0x82,0x82,0x82,0x82,0x95,0x8d,0xb1,0x6e,0xbe,0xb8,0x82,0xc3,0x93,0x92,0x84,0x84,0xa0,0x93,0x8b,0x9a,0x16,0xd4,0x10,0x02,0x03,0x00,0x00,0x00,0x00,0x00,0x00,0x00,0x00,0x00,0x00,0x00,0x00,0x00,0x00,0x00,0x00,0x00,0x00,0x00,0x00,0x00,0x00,0x00,0x00,0x00,0x00,0x00,0x00,0x00,0x00,0x00,0x00,0x00,0x00,0x00,0x00,0x00,0x00,0x00,0x00,
    0x00,0x00,0x00,0x00,0x00,0x00,0x00,0x00,0x00,0x00,0x00,0x00,0x00,0x00,0x00,0x00,0x00,0x00,0x00,0x00,0x00,0x00,0x00,0x00,0x00,0x00,0x00,0x00,0x00,0x00,0x00,0x00,0x00,0x00,0x00,0x00,0x00,0x00,0x00,0x00,0x02,0x00,0x0f,0x55,0x6a,0x70,0x00,0x07,0x00,0x43,0x2b,0xb3,0x8a,0x95,0xa4,0x93,0x95,0x93,0xac,0x96,0x92,0x8d,0x93,0xc3,0x14,0x16,0x92,0xa3,0x25,0x8b,0x8e,0xc1,0xa3,0x93,0x8a,0x82,0x82,0x82,0x82,0x82,0x82,0x82,0x82,0x8a,0xb3,0xbf,0x93,0xb1,0xac,0xb8,0x1d,0xa7,0x93,0xa0,0xa0,0x9a,0x95,0x93,0x9a,0xb8,0xbb,0x12,0x00,0x03,0x00,0x00,0x00,0x00,0x00,0x00,0x00,0x00,0x00,0x00,0x00,0x00,0x00,0x00,0x00,0x00,0x00,0x00,0x00,0x00,0x00,0x00,0x00,0x00,0x00,0x00,0x00,0x00,0x00,0x00,0x00,0x00,0x00,0x00,0x00,0x00,0x00,0x00,0x00,0x00,
    0x00,0x00,0x00,0x00,0x00,0x00,0x00,0x00,0x00,0x00,0x00,0x00,0x00,0x00,0x00,0x00,0x00,0x00,0x00,0x00,0x00,0x00,0x00,0x00,0x00,0x00,0x00,0x00,0x00,0x00,0x00,0x00,0x00,0x00,0x00,0x00,0x00,0x00,0x00,0x00,0x06,0x00,0x6f,0x5a,0x65,0x31,0x00,0x01,0x23,0x34,0xa2,0xaa,0x8a,0x82,0x95,0x82,0xb8,0xb2,0xb5,0xfa,0xa6,0x96,0xb8,0xbb,0xa1,0xa4,0xa7,0xb1,0x8e,0x8e,0x9f,0xc1,0x11,0x93,0x8a,0x82,0x82,0x82,0x82,0x82,0x82,0x82,0x82,0x8a,0xb3,0xb1,0x91,0x0a,0x3f,0xa4,0xc7,0xa1,0x93,0x8d,0x8a,0x82,0x82,0x8a,0x8d,0x93,0xc3,0x5e,0x50,0x02,0x01,0x00,0x00,0x00,0x00,0x00,0x00,0x00,0x00,0x00,0x00,0x00,0x00,0x00,0x00,0x00,0x00,0x00,0x00,0x00,0x00,0x00,0x00,0x00,0x00,0x00,0x00,0x00,0x00,0x00,0x00,0x00,0x00,0x00,0x00,0x00,0x00,0x00,0x00,0x00,
    0x00,0x00,0x00,0x00,0x00,0x00,0x00,0x00,0x00,0x00,0x00,0x00,0x00,0x00,0x00,0x00,0x00,0x00,0x00,0x00,0x00,0x00,0x00,0x00,0x00,0x00,0x00,0x00,0x00,0x00,0x00,0x00,0x00,0x00,0x00,0x00,0x00,0x00,0x00,0x00,0x01,0x00,0x32,0x6a,0x36,0x19,0x02,0x00,0x21,0x56,0xa2,0x95,0x82,0x82,0x8d,0x93,0xa1,0xe2,0xf2,0xd9,0xe2,0xfa,0xc9,0xbb,0x96,0x92,0xbf,0xad,0xa5,0x9c,0x8e,0xbf,0xbd,0x95,0x8a,0x82,0x82,0x82,0x82,0x82,0x82,0x82,0x82,0x8a,0xb3,0xbf,0x90,0x9e,0xb4,0xa1,0xb3,0x1d,0x93,0x8d,0x82,0x82,0x82,0x82,0x82,0x8d,0x92,0xb2,0x69,0x0f,0x02,0x01,0x00,0x00,0x00,0x00,0x00,0x00,0x00,0x00,0x00,0x00,0x00,0x00,0x00,0x00,0x00,0x00,0x00,0x00,0x00,0x00,0x00,0x00,0x00,0x00,0x00,0x00,0x00,0x00,0x00,0x00,0x00,0x00,0x00,0x00,0x00,0x00,0x00,0x00,
    0x00,0x00,0x00,0x00,0x00,0x00,0x00,0x00,0x00,0x00,0x00,0x00,0x00,0x00,0x00,0x00,0x00,0x00,0x00,0x00,0x00,0x00,0x00,0x00,0x00,0x00,0x00,0x00,0x00,0x00,0x00,0x00,0x00,0x00,0x00,0x00,0x00,0x00,0x00,0x00,0x06,0x00,0x39,0x6a,0x4c,0x01,0x07,0x02,0x42,0x2b,0x9a,0x8d,0x82,0x82,0x8d,0x96,0x14,0xf9,0xec,0xe4,0xe4,0xd9,0xf9,0xe6,0x92,0xa3,0xbc,0x9e,0x0a,0xc1,0xbc,0xde,0xc3,0x22,0x82,0x82,0x82,0x82,0x82,0x82,0x82,0x82,0x82,0x8a,0x93,0xd7,0xb2,0xad,0x8e,0xbc,0xa2,0xbc,0xbd,0x92,0x95,0x82,0x82,0x82,0x93,0x8d,0x96,0x14,0x5d,0x32,0x00,0x07,0x00,0x00,0x00,0x00,0x00,0x00,0x00,0x00,0x00,0x00,0x00,0x00,0x00,0x00,0x00,0x00,0x00,0x00,0x00,0x00,0x00,0x00,0x00,0x00,0x00,0x00,0x00,0x00,0x00,0x00,0x00,0x00,0x00,0x00,0x00,0x00,0x00,0x00,
    0x00,0x00,0x00,0x00,0x00,0x00,0x00,0x00,0x00,0x00,0x00,0x00,0x00,0x00,0x00,0x00,0x00,0x00,0x00,0x00,0x00,0x00,0x00,0x00,0x00,0x00,0x00,0x00,0x00,0x00,0x00,0x00,0x00,0x00,0x00,0x00,0x00,0x00,0x00,0x00,0x1e,0x00,0x32,0x78,0x68,0x00,0x00,0x50,0x34,0xc3,0x82,0x82,0x82,0x82,0x8d,0x96,0x8d,0xdf,0xd5,0xe2,0xd9,0xe4,0xd9,0xbb,0xb8,0xb1,0x11,0xa6,0xc1,0xad,0x8f,0xc1,0xc7,0x93,0x8d,0x8a,0x82,0x82,0x82,0x82,0x82,0x82,0x82,0x8a,0xb3,0xb2,0x11,0xc1,0x25,0x26,0xad,0xb4,0xa3,0xb8,0x82,0x82,0x82,0x8a,0x93,0x95,0x92,0x52,0xb2,0x67,0x0f,0x01,0x00,0x00,0x00,0x00,0x00,0x00,0x00,0x00,0x00,0x00,0x00,0x00,0x00,0x00,0x00,0x00,0x00,0x00,0x00,0x00,0x00,0x00,0x00,0x00,0x00,0x00,0x00,0x00,0x00,0x00,0x00,0x00,0x00,0x00,0x00,0x00,0x00,0x00,
    0x00,0x00,0x00,0x00,0x00,0x00,0x00,0x00,0x00,0x00,0x00,0x00,0x00,0x00,0x00,0x00,0x00,0x00,0x00,0x00,0x00,0x00,0x00,0x00,0x00,0x00,0x00,0x00,0x00,0x00,0x00,0x00,0x00,0x00,0x00,0x00,0x00,0x00,0x00,0x00,0x07,0x00,0x62,0x6a,0x46,0x00,0x00,0x4e,0x4d,0x22,0x8d,0x82,0x82,0x8a,0x93,0xa1,0xc7,0xb8,0xb8,0xa6,0xf3,0xf9,0xa8,0xa3,0xc3,0x14,0xa6,0xc5,0x9f,0x9f,0xa5,0xbc,0xa3,0x93,0x14,0xa7,0x82,0x82,0x82,0x82,0x82,0x82,0x82,0x82,0x8d,0xbf,0x91,0x9c,0xa2,0xc1,0xde,0x25,0xb4,0x96,0x8d,0x82,0x82,0x82,0x8a,0x8d,0x92,0xa1,0x25,0x7c,0x46,0x00,0x06,0x00,0x00,0x00,0x00,0x00,0x00,0x00,0x00,0x00,0x00,0x00,0x00,0x00,0x00,0x00,0x00,0x00,0x00,0x00,0x00,0x00,0x00,0x00,0x00,0x00,0x00,0x00,0x00,0x00,0x00,0x00,0x00,0x00,0x00,0x00,0x00,0x00,
    0x00,0x00,0x00,0x00,0x00,0x00,0x00,0x00,0x00,0x00,0x00,0x00,0x00,0x00,0x00,0x00,0x00,0x00,0x00,0x00,0x00,0x00,0x00,0x00,0x00,0x00,0x00,0x00,0x00,0x00,0x00,0x00,0x00,0x00,0x00,0x00,0x00,0x00,0x00,0x02,0x02,0x0f,0x40,0x57,0x0e,0x00,0x02,0x32,0x3a,0x9a,0x82,0x82,0x8d,0x93,0xa3,0xcd,0xb6,0xf3,0xbc,0x96,0xb1,0x3f,0x52,0xa7,0x14,0xc1,0x8e,0x8b,0x90,0x91,0x9f,0x25,0x11,0xac,0xd7,0x8d,0x95,0x82,0x82,0x82,0x82,0x82,0x82,0x82,0x8d,0xbf,0x91,0x8e,0x8f,0x9e,0xc1,0x14,0x1d,0x9a,0x8d,0x82,0x8a,0x95,0xc3,0xa1,0x96,0xa3,0xa6,0x29,0x68,0x00,0x03,0x00,0x00,0x00,0x00,0x00,0x00,0x00,0x00,0x00,0x00,0x00,0x00,0x00,0x00,0x00,0x00,0x00,0x00,0x00,0x00,0x00,0x00,0x00,0x00,0x00,0x00,0x00,0x00,0x00,0x00,0x00,0x00,0x00,0x00,0x00,0x00,0x00,
    0x00,0x00,0x00,0x00,0x00,0x00,0x00,0x00,0x00,0x00,0x00,0x00,0x00,0x00,0x00,0x00,0x00,0x00,0x00,0x00,0x00,0x00,0x00,0x00,0x00,0x00,0x00,0x00,0x00,0x00,0x00,0x00,0x00,0x00,0x00,0x00,0x00,0x00,0x00,0x00,0x06,0x06,0x2a,0x54,0x5f,0x00,0x0f,0x61,0xac,0x8d,0xa3,0x95,0x8d,0x96,0xde,0xd9,0xe4,0xd9,0xe2,0xb5,0x3e,0xc6,0xef,0x3f,0xad,0x9c,0x91,0x90,0x90,0xa2,0x8f,0x25,0xa1,0xa1,0xbc,0xac,0x96,0x95,0x8a,0x82,0x82,0x82,0x8a,0x22,0xa7,0xbf,0x91,0x90,0x91,0x8e,0x91,0xbb,0xbf,0x96,0x8d,0x82,0x8d,0x95,0xa7,0xdd,0xa7,0xac,0xa6,0x7b,0x5b,0x0f,0x01,0x00,0x00,0x00,0x00,0x00,0x00,0x00,0x00,0x00,0x00,0x00,0x00,0x00,0x00,0x00,0x00,0x00,0x00,0x00,0x00,0x00,0x00,0x00,0x00,0x00,0x00,0x00,0x00,0x00,0x00,0x00,0x00,0x00,0x00,0x00,0x00,0x00,
    0x00,0x00,0x00,0x00,0x00,0x00,0x00,0x00,0x00,0x00,0x00,0x00,0x00,0x00,0x00,0x00,0x00,0x00,0x00,0x00,0x00,0x00,0x00,0x00,0x00,0x00,0x00,0x00,0x00,0x00,0x00,0x00,0x00,0x00,0x00,0x00,0x00,0x00,0x00,0x00,0x07,0x00,0x2d,0x75,0x73,0x00,0x50,0x73,0xa3,0x6e,0xe5,0x93,0x8d,0x96,0xd7,0xf9,0xd9,0xf2,0xe4,0xe4,0xec,0xcd,0xc6,0xad,0xa5,0x91,0xbd,0x91,0x8f,0x84,0xa5,0xc1,0xb1,0xa1,0x26,0xa1,0x92,0x82,0x82,0x82,0x82,0x95,0x82,0x8d,0xa3,0xbc,0x84,0xa2,0x8f,0x8e,0xa5,0xdf,0xc6,0x96,0x8d,0x82,0x95,0x95,0x8d,0xd6,0x1d,0x8d,0xb4,0xa2,0x5b,0x23,0x00,0x02,0x00,0x00,0x00,0x00,0x00,0x00,0x00,0x00,0x00,0x00,0x00,0x00,0x00,0x00,0x00,0x00,0x00,0x00,0x00,0x00,0x00,0x00,0x00,0x00,0x00,0x00,0x00,0x00,0x00,0x00,0x00,0x00,0x00,0x00,0x00,0x00,
    0x00,0x00,0x00,0x00,0x00,0x00,0x00,0x00,0x00,0x00,0x00,0x00,0x00,0x00,0x00,0x00,0x00,0x00,0x00,0x00,0x00,0x00,0x00,0x00,0x00,0x00,0x00,0x00,0x00,0x00,0x00,0x00,0x00,0x00,0x00,0x00,0x00,0x00,0x00,0x00,0x01,0x00,0x76,0x75,0x54,0x0e,0x1c,0x3c,0xac,0xb1,0x8d,0x82,0x8d,0x92,0x96,0xa1,0xd7,0xd5,0xb6,0xd9,0xd9,0xcd,0xb1,0x9c,0x8e,0x8b,0x11,0xa2,0xad,0xbc,0xad,0xc1,0xc6,0x11,0xbc,0xb4,0x92,0x8d,0x82,0x82,0x95,0x92,0x96,0x3f,0xbf,0xa6,0x8e,0x33,0xc1,0xc1,0x9c,0xa6,0x14,0xa7,0x82,0x82,0xac,0x8a,0xa7,0x14,0xc6,0xbd,0xb4,0xa2,0x3c,0x23,0x00,0x02,0x00,0x00,0x00,0x00,0x00,0x00,0x00,0x00,0x00,0x00,0x00,0x00,0x00,0x00,0x00,0x00,0x00,0x00,0x00,0x00,0x00,0x00,0x00,0x00,0x00,0x00,0x00,0x00,0x00,0x00,0x00,0x00,0x00,0x00,0x00,0x00,
    0x00,0x00,0x00,0x00,0x00,0x00,0x00,0x00,0x00,0x00,0x00,0x00,0x00,0x00,0x00,0x00,0x00,0x00,0x00,0x00,0x00,0x00,0x00,0x00,0x00,0x00,0x00,0x00,0x00,0x00,0x00,0x00,0x00,0x00,0x00,0x00,0x00,0x00,0x00,0x00,0x06,0x00,0x30,0x54,0x54,0x60,0x1c,0x2b,0x24,0xa1,0x92,0x8d,0x96,0xbf,0xd7,0xa3,0x96,0xb8,0xc6,0xe6,0xd5,0xe6,0x8e,0x84,0x8e,0x8b,0x9f,0x84,0xa2,0xc7,0xb4,0xb2,0xc9,0x91,0xb2,0xbe,0x92,0x8a,0x93,0x95,0x95,0x95,0x92,0xc6,0xd7,0xc1,0xa6,0xbe,0xa3,0xbd,0x9a,0xc7,0x59,0xa7,0x93,0x93,0xb1,0x95,0xc3,0x75,0xbf,0xac,0xbc,0x7b,0x42,0x01,0x1e,0x00,0x00,0x00,0x00,0x00,0x00,0x00,0x00,0x00,0x00,0x00,0x00,0x00,0x00,0x00,0x00,0x00,0x00,0x00,0x00,0x00,0x00,0x00,0x00,0x00,0x00,0x00,0x00,0x00,0x00,0x00,0x00,0x00,0x00,0x00,0x00,0x00,
    0x00,0x00,0x00,0x00,0x00,0x00,0x00,0x00,0x00,0x00,0x00,0x00,0x00,0x00,0x00,0x00,0x00,0x00,0x00,0x00,0x00,0x00,0x00,0x00,0x00,0x00,0x00,0x00,0x00,0x00,0x00,0x00,0x00,0x00,0x00,0x00,0x00,0x00,0x00,0x00,0x02,0x00,0x18,0x73,0x75,0x73,0x4a,0x4d,0xf6,0xac,0x95,0x82,0x95,0xd5,0xd9,0xe2,0xd5,0xfd,0xd6,0xe8,0x52,0xa6,0x9f,0x91,0x84,0x84,0x8e,0x8e,0x91,0x8e,0x9c,0xa3,0xbb,0x9e,0x26,0xbf,0xad,0xa6,0xa1,0xa1,0xb4,0xb4,0x3f,0xbb,0xd6,0xb2,0xa6,0x93,0x9a,0x90,0xa0,0x11,0x3f,0xb8,0xa1,0xbe,0xbe,0x96,0xac,0xd6,0xbe,0xa7,0x14,0x6a,0x68,0x00,0x03,0x00,0x00,0x00,0x00,0x00,0x00,0x00,0x00,0x00,0x00,0x00,0x00,0x00,0x00,0x00,0x00,0x00,0x00,0x00,0x00,0x00,0x00,0x00,0x00,0x00,0x00,0x00,0x00,0x00,0x00,0x00,0x00,0x00,0x00,0x00,0x00,0x00,
    0x00,0x00,0x00,0x00,0x00,0x00,0x00,0x00,0x00,0x00,0x00,0x00,0x00,0x00,0x00,0x00,0x00,0x00,0x00,0x00,0x00,0x00,0x00,0x00,0x00,0x00,0x00,0x00,0x00,0x00,0x00,0x00,0x00,0x00,0x00,0x00,0x00,0x00,0x00,0x00,0x00,0x06,0x00,0x5f,0x54,0x54,0x62,0x3a,0xf6,0x8d,0x8d,0x92,0xa1,0xe2,0xe4,0xe4,0xe4,0xd9,0xe2,0xcd,0xdd,0xaa,0x90,0x90,0x90,0x91,0x8e,0x90,0x90,0x90,0x90,0x90,0x90,0x84,0x8e,0x84,0x8b,0x8e,0x90,0x90,0x0a,0xb3,0x1d,0x1d,0xa6,0xa6,0xb3,0xb3,0xa2,0x91,0x8f,0x11,0xa1,0x16,0x14,0xc6,0x1d,0xb8,0xa1,0x14,0x8d,0x82,0xe6,0x5d,0x46,0x02,0x03,0x00,0x00,0x00,0x00,0x00,0x00,0x00,0x00,0x00,0x00,0x00,0x00,0x00,0x00,0x00,0x00,0x00,0x00,0x00,0x00,0x00,0x00,0x00,0x00,0x00,0x00,0x00,0x00,0x00,0x00,0x00,0x00,0x00,0x00,0x00,0x00,0x00,
    0x00,0x00,0x00,0x00,0x00,0x00,0x00,0x00,0x00,0x00,0x00,0x00,0x00,0x00,0x00,0x00,0x00,0x00,0x00,0x00,0x00,0x00,0x00,0x00,0x00,0x00,0x00,0x00,0x00,0x00,0x00,0x00,0x00,0x00,0x00,0x00,0x00,0x00,0x00,0x00,0x00,0x00,0x03,0x00,0x2d,0xb1,0xac,0xb4,0x8a,0x8d,0x8d,0x92,0xa1,0xd5,0xe2,0xe2,0xd9,0xe4,0xe4,0xd9,0xd7,0x9c,0xa2,0x90,0x90,0x91,0x8b,0x8e,0x0a,0x0a,0xc5,0x0a,0x8b,0x8f,0x8f,0x8b,0x84,0x84,0x84,0x8e,0x91,0x91,0xa4,0x8e,0xa0,0xa4,0xaa,0xb3,0xb3,0xa2,0xa4,0xa6,0x14,0xb1,0xc6,0xbb,0xb4,0x9a,0xa1,0x96,0x92,0xc6,0xdf,0x3a,0x6f,0x00,0x06,0x00,0x00,0x00,0x00,0x00,0x00,0x00,0x00,0x00,0x00,0x00,0x00,0x00,0x00,0x00,0x00,0x00,0x00,0x00,0x00,0x00,0x00,0x00,0x00,0x00,0x00,0x00,0x00,0x00,0x00,0x00,0x00,0x00,0x00,0x00,0x00,0x00,
    0x00,0x00,0x00,0x00,0x00,0x00,0x00,0x00,0x00,0x00,0x00,0x00,0x00,0x00,0x00,0x00,0x00,0x00,0x00,0x00,0x00,0x00,0x00,0x00,0x00,0x00,0x00,0x00,0x00,0x00,0x00,0x00,0x00,0x00,0x00,0x00,0x00,0x00,0x00,0x00,0x00,0x00,0x01,0x00,0x0e,0x4b,0x16,0x92,0x8a,0x82,0x82,0x82,0x93,0xa7,0xb4,0xb2,0xf3,0xb5,0xc2,0xa8,0xc1,0xa5,0x9c,0x9c,0xa5,0x9c,0x9c,0x9f,0x11,0xad,0xa6,0x11,0x9c,0xbd,0x90,0x91,0x91,0x91,0x8e,0x8b,0x8b,0x8b,0x8e,0x8f,0x91,0xa6,0xbc,0xb4,0xa4,0x9a,0xa4,0xa6,0x1d,0xaa,0xc6,0x3e,0xb4,0x8d,0xa7,0x95,0xa7,0xbe,0xad,0x16,0x67,0x20,0x00,0x07,0x00,0x00,0x00,0x00,0x00,0x00,0x00,0x00,0x00,0x00,0x00,0x00,0x00,0x00,0x00,0x00,0x00,0x00,0x00,0x00,0x00,0x00,0x00,0x00,0x00,0x00,0x00,0x00,0x00,0x00,0x00,0x00,0x00,0x00,0x00,0x00,
    0x00,0x00,0x00,0x00,0x00,0x00,0x00,0x00,0x00,0x00,0x00,0x00,0x00,0x00,0x00,0x00,0x00,0x00,0x00,0x00,0x00,0x00,0x00,0x00,0x00,0x00,0x00,0x00,0x00,0x00,0x00,0x00,0x00,0x00,0x00,0x00,0x00,0x00,0x00,0x00,0x00,0x00,0x00,0x01,0x00,0x43,0x3a,0xa3,0x22,0x8a,0x82,0x82,0x8a,0x8a,0x93,0xb8,0xa6,0x47,0x3d,0xdf,0x91,0x84,0x1d,0xc5,0x33,0xc0,0x3e,0x3e,0x3b,0xdd,0xc9,0xde,0xad,0xad,0xbd,0x90,0xa2,0x90,0x8e,0x84,0x8b,0x8b,0x84,0xbd,0xc7,0x25,0xde,0xbb,0xe6,0xc0,0x17,0xe6,0x25,0x9f,0xbb,0x89,0xa3,0x93,0x82,0x8d,0x9a,0x8e,0x26,0xc7,0x90,0x4d,0x50,0x00,0x06,0x00,0x00,0x00,0x00,0x00,0x00,0x00,0x00,0x00,0x00,0x00,0x00,0x00,0x00,0x00,0x00,0x00,0x00,0x00,0x00,0x00,0x00,0x00,0x00,0x00,0x00,0x00,0x00,0x00,0x00,0x00,0x00,0x00,0x00,0x00,
    0x00,0x00,0x00,0x00,0x00,0x00,0x00,0x00,0x00,0x00,0x00,0x00,0x00,0x00,0x00,0x00,0x00,0x00,0x00,0x00,0x00,0x00,0x00,0x00,0x00,0x00,0x00,0x00,0x00,0x00,0x00,0x00,0x00,0x00,0x00,0x00,0x00,0x00,0x00,0x00,0x00,0x00,0x06,0x00,0x20,0x34,0xc7,0xbf,0x95,0x82,0x82,0x82,0x82,0x8d,0x8a,0xac,0xd2,0x35,0x3d,0x24,0x9c,0x9f,0xb2,0xaf,0x81,0xc0,0x3e,0x3b,0xaf,0x8c,0x89,0x8c,0x87,0xe6,0x0a,0x8e,0x91,0x90,0x8e,0x90,0x90,0x90,0x8b,0xc7,0xc0,0x8c,0x8c,0x8c,0x86,0x3e,0x3b,0x99,0x99,0x82,0x3b,0xe0,0xac,0x93,0x8d,0x95,0x93,0xa0,0x0a,0x7c,0x0a,0xad,0x45,0x31,0x00,0x03,0x00,0x00,0x00,0x00,0x00,0x00,0x00,0x00,0x00,0x00,0x00,0x00,0x00,0x00,0x00,0x00,0x00,0x00,0x00,0x00,0x00,0x00,0x00,0x00,0x00,0x00,0x00,0x00,0x00,0x00,0x00,0x00,0x00,0x00,
    0x00,0x00,0x00,0x00,0x00,0x00,0x00,0x00,0x00,0x00,0x00,0x00,0x00,0x00,0x00,0x00,0x00,0x00,0x00,0x00,0x00,0x00,0x00,0x00,0x00,0x00,0x00,0x00,0x00,0x00,0x00,0x00,0x00,0x00,0x00,0x00,0x1e,0x00,0x00,0x02,0x1e,0x06,0x1e,0x05,0x5b,0x58,0xa0,0xa3,0x8d,0x82,0x82,0x82,0x82,0x8d,0xef,0xd1,0xd1,0xe9,0xe1,0x11,0x8f,0x91,0x26,0x88,0x33,0xa5,0x9e,0x26,0xaf,0xdd,0x0a,0x25,0x85,0xc0,0xad,0x8f,0x90,0x8e,0x8e,0x91,0x91,0x90,0xa0,0x3b,0x87,0xd7,0x26,0x99,0x17,0xa2,0x9e,0xbc,0x88,0xc6,0x3d,0xcf,0xa1,0x92,0x8d,0x82,0x8d,0x93,0x58,0x62,0x29,0x1d,0x26,0x34,0x20,0x00,0x01,0x00,0x00,0x00,0x00,0x00,0x00,0x00,0x00,0x00,0x00,0x00,0x00,0x00,0x00,0x00,0x00,0x00,0x00,0x00,0x00,0x00,0x00,0x00,0x00,0x00,0x00,0x00,0x00,0x00,0x00,0x00,0x00,0x00,
    0x00,0x00,0x00,0x00,0x00,0x00,0x00,0x00,0x00,0x00,0x00,0x00,0x00,0x00,0x00,0x00,0x00,0x00,0x00,0x00,0x00,0x00,0x00,0x00,0x00,0x00,0x00,0x00,0x00,0x00,0x00,0x00,0x00,0x00,0x00,0x02,0x00,0x00,0x23,0x00,0x00,0x00,0x00,0x68,0x14,0x93,0x8d,0x95,0x82,0x82,0x82,0x82,0x8d,0x92,0xee,0xae,0xe3,0xce,0xd7,0x9e,0x8e,0x8b,0xdd,0x99,0x90,0x8e,0x90,0x17,0x8c,0xf3,0x9e,0xc7,0x8c,0xc9,0xa5,0xa2,0x91,0x8b,0x8b,0x84,0x84,0x8e,0x9c,0xc9,0x3e,0x9e,0xc5,0xc8,0x8c,0xa6,0x9e,0x26,0x88,0xd4,0xf4,0xed,0x33,0x96,0x8d,0x82,0x8a,0x22,0xac,0x45,0x30,0x5e,0xc7,0x3a,0x4c,0x0f,0x00,0x01,0x00,0x00,0x00,0x00,0x00,0x00,0x00,0x00,0x00,0x00,0x00,0x00,0x00,0x00,0x00,0x00,0x00,0x00,0x00,0x00,0x00,0x00,0x00,0x00,0x00,0x00,0x00,0x00,0x00,0x00,0x00,0x00,
    0x00,0x00,0x00,0x00,0x00,0x00,0x00,0x00,0x00,0x00,0x00,0x00,0x00,0x00,0x00,0x00,0x00,0x00,0x00,0x00,0x00,0x00,0x00,0x00,0x00,0x00,0x00,0x00,0x00,0x00,0x00,0x00,0x00,0x00,0x01,0x00,0x20,0x28,0x63,0x28,0x20,0x20,0x5f,0x73,0xbc,0x82,0x8a,0x8a,0x82,0x82,0x82,0x8d,0x93,0xc3,0x2f,0xd8,0x59,0xd4,0xbf,0xa2,0x8b,0x8b,0x8f,0xdd,0xc7,0xa5,0x11,0xba,0xec,0xeb,0xf8,0xeb,0xba,0xde,0x9e,0x91,0x84,0x8b,0x8b,0x8b,0x8b,0x8e,0x9e,0xc9,0xc8,0xfb,0xeb,0xec,0xb0,0xad,0x9e,0xbb,0xde,0xbb,0x14,0xe3,0xd7,0x92,0x8d,0x82,0x82,0x95,0x16,0x54,0x44,0x76,0x2a,0x25,0x29,0x43,0x07,0x07,0x00,0x00,0x00,0x00,0x00,0x00,0x00,0x00,0x00,0x00,0x00,0x00,0x00,0x00,0x00,0x00,0x00,0x00,0x00,0x00,0x00,0x00,0x00,0x00,0x00,0x00,0x00,0x00,0x00,0x00,0x00,0x00,
    0x00,0x00,0x00,0x00,0x00,0x00,0x00,0x00,0x00,0x00,0x00,0x00,0x00,0x00,0x00,0x00,0x00,0x00,0x00,0x00,0x00,0x00,0x00,0x00,0x00,0x00,0x00,0x00,0x00,0x00,0x00,0x00,0x00,0x00,0x00,0x63,0x4d,0x4d,0xc3,0x56,0x67,0x4b,0x56,0xac,0x96,0x82,0x82,0x82,0x82,0x82,0x8d,0x95,0xef,0xe9,0xcf,0xfa,0xe8,0xce,0xa1,0xa3,0x9f,0x91,0x9f,0xad,0xad,0xa5,0x16,0xd5,0xfb,0xfb,0xf8,0xf8,0xd5,0xad,0x9c,0x8e,0x8b,0x8b,0x8b,0x8b,0x8b,0x91,0xa5,0xdf,0xcc,0xf8,0xf8,0xfb,0xf3,0xa2,0x90,0xbc,0xa6,0xe8,0x14,0xe3,0xd1,0xa7,0x95,0x82,0x8a,0x8d,0x22,0x5a,0x2d,0x00,0x5b,0x24,0xa6,0x30,0x07,0x01,0x00,0x00,0x00,0x00,0x00,0x00,0x00,0x00,0x00,0x00,0x00,0x00,0x00,0x00,0x00,0x00,0x00,0x00,0x00,0x00,0x00,0x00,0x00,0x00,0x00,0x00,0x00,0x00,0x00,0x00,0x00,0x00,
    0x00,0x00,0x00,0x00,0x00,0x00,0x00,0x00,0x00,0x00,0x00,0x00,0x00,0x00,0x00,0x00,0x00,0x00,0x00,0x00,0x00,0x00,0x00,0x00,0x00,0x00,0x00,0x00,0x00,0x00,0x00,0x00,0x1e,0x07,0x6f,0x0a,0x90,0xa4,0x8b,0xa4,0x84,0x8b,0xa4,0x22,0x8d,0x82,0x82,0x82,0x82,0x8d,0x95,0xef,0xd1,0xd8,0xc9,0xd3,0xce,0xce,0x24,0xbc,0xa5,0x8b,0x8e,0xa0,0xa0,0x8b,0xa5,0xde,0xe7,0x90,0xa2,0xe7,0xde,0x9c,0x8e,0x8b,0x8b,0x8b,0x8b,0x8b,0x8b,0x8e,0x9f,0xc5,0xfd,0xc5,0x91,0x25,0x26,0xa5,0x90,0x9c,0x25,0x3f,0xe6,0xd2,0xdb,0xa3,0x93,0x8d,0x8a,0x8d,0x22,0x52,0x45,0x05,0x39,0x34,0xc5,0x5e,0x00,0x00,0x00,0x00,0x00,0x00,0x00,0x00,0x00,0x00,0x00,0x00,0x00,0x00,0x00,0x00,0x00,0x00,0x00,0x00,0x00,0x00,0x00,0x00,0x00,0x00,0x00,0x00,0x00,0x00,0x00,0x00,0x00,0x00,
    0x00,0x00,0x00,0x00,0x00,0x00,0x00,0x00,0x00,0x00,0x00,0x00,0x00,0x00,0x00,0x00,0x00,0x00,0x00,0x00,0x00,0x00,0x00,0x00,0x00,0x00,0x00,0x00,0x00,0x00,0x00,0x02,0x00,0x23,0x67,0x0a,0x8d,0x8d,0x8d,0x8d,0x8d,0x8d,0x8d,0x8a,0x82,0x82,0x82,0x82,0x8d,0x93,0xef,0xd1,0xc4,0xe9,0xf6,0x49,0x49,0xe8,0xa7,0xc6,0x0a,0xaa,0xab,0xab,0xab,0xab,0x90,0xa9,0xd7,0xb2,0x26,0xb2,0x8e,0x84,0x8b,0x8b,0x8b,0x8b,0x8b,0x8b,0x8b,0x8b,0x8e,0x9c,0xa6,0x33,0xdf,0xb2,0xbd,0xab,0xab,0xbd,0xbf,0x3f,0xd4,0xd7,0xc9,0xdf,0xb8,0x90,0x9a,0xa0,0xa4,0xbd,0x2a,0x20,0x23,0x3c,0x90,0x29,0x00,0x00,0x00,0x00,0x00,0x00,0x00,0x00,0x00,0x00,0x00,0x00,0x00,0x00,0x00,0x00,0x00,0x00,0x00,0x00,0x00,0x00,0x00,0x00,0x00,0x00,0x00,0x00,0x00,0x00,0x00,0x00,0x00,0x00,
    0x00,0x00,0x00,0x00,0x00,0x00,0x00,0x00,0x00,0x00,0x00,0x00,0x00,0x00,0x00,0x00,0x00,0x00,0x00,0x00,0x00,0x00,0x00,0x00,0x00,0x00,0x00,0x00,0x00,0x00,0x00,0x1e,0x00,0x20,0x0a,0xb3,0x8d,0x82,0x82,0x8d,0x22,0x93,0x8a,0x82,0x82,0x82,0x82,0x8d,0x92,0xa7,0xd1,0xb7,0x9b,0xe1,0xa0,0xac,0x49,0xd4,0xce,0xd4,0xbe,0xa0,0xa9,0xa9,0xa9,0xa9,0xab,0xa9,0xb3,0xc7,0xc7,0x9c,0x84,0x8b,0x8b,0x8b,0x8b,0x8b,0x8b,0x8b,0x8b,0x8b,0x91,0x90,0xa0,0xc5,0xad,0xa9,0x24,0xa9,0xab,0xb4,0xda,0xce,0xce,0xda,0xda,0xe1,0xad,0xb8,0xa0,0xa0,0x9a,0x93,0xbd,0x42,0x6f,0x4b,0x84,0x40,0x00,0x00,0x00,0x00,0x00,0x00,0x00,0x00,0x00,0x00,0x00,0x00,0x00,0x00,0x00,0x00,0x00,0x00,0x00,0x00,0x00,0x00,0x00,0x00,0x00,0x00,0x00,0x00,0x00,0x00,0x00,0x00,0x00,0x00,
    0x00,0x00,0x00,0x00,0x00,0x00,0x00,0x00,0x00,0x00,0x00,0x00,0x00,0x00,0x00,0x00,0x00,0x00,0x00,0x00,0x00,0x00,0x00,0x00,0x00,0x00,0x00,0x00,0x00,0x00,0x00,0x1e,0x00,0x20,0xa2,0xaa,0x22,0x95,0x82,0x96,0xac,0x52,0x95,0x82,0x82,0x82,0x8d,0x93,0xac,0x2f,0x9b,0x98,0xca,0xf4,0xfa,0xa0,0x9a,0x49,0xbd,0xc5,0xdf,0x8e,0xaa,0xab,0xa9,0xa9,0xa9,0xa9,0xab,0x9a,0x9a,0x90,0x91,0x91,0x91,0x8e,0x8b,0x8b,0x8b,0x8b,0x8b,0x8b,0x8e,0x91,0x90,0xaa,0x8d,0xa9,0xab,0xa9,0xab,0xb1,0xda,0xe8,0xda,0xce,0xac,0xd8,0x2f,0x8d,0x95,0x8a,0x8d,0x82,0x82,0x3a,0x62,0x2b,0xa4,0x40,0x00,0x00,0x00,0x00,0x00,0x00,0x00,0x00,0x00,0x00,0x00,0x00,0x00,0x00,0x00,0x00,0x00,0x00,0x00,0x00,0x00,0x00,0x00,0x00,0x00,0x00,0x00,0x00,0x00,0x00,0x00,0x00,0x00,0x00,
    0x00,0x00,0x00,0x00,0x00,0x00,0x00,0x00,0x00,0x00,0x00,0x00,0x00,0x00,0x00,0x00,0x00,0x00,0x00,0x00,0x00,0x00,0x00,0x00,0x00,0x00,0x00,0x00,0x00,0x00,0x00,0x1e,0x00,0x21,0x8e,0xb3,0x16,0x16,0x8e,0xa1,0xb2,0xac,0x93,0x8d,0x82,0x8d,0x93,0xac,0xf0,0x9b,0x97,0x97,0xb7,0xed,0xcf,0xe1,0xe7,0xe8,0xa0,0xa5,0xbc,0xee,0x9f,0xa7,0xa9,0xa9,0xa9,0xa9,0xa9,0xa7,0x8a,0x90,0x91,0x8b,0x8e,0x8e,0x8b,0x8b,0x8e,0x8b,0x8b,0x8b,0x84,0x8e,0x90,0xb3,0xab,0xa9,0x24,0x24,0x24,0xd6,0xd4,0xd4,0x3f,0xc3,0xad,0xae,0xc4,0xa6,0x92,0x8d,0x82,0x8a,0x93,0xa3,0x7b,0xa0,0xa4,0x55,0x00,0x1e,0x00,0x00,0x00,0x00,0x00,0x00,0x00,0x00,0x00,0x00,0x00,0x00,0x00,0x00,0x00,0x00,0x00,0x00,0x00,0x00,0x00,0x00,0x00,0x00,0x00,0x00,0x00,0x00,0x00,0x00,0x00,0x00,
    0x00,0x00,0x00,0x00,0x00,0x00,0x00,0x00,0x00,0x00,0x00,0x00,0x00,0x00,0x00,0x00,0x00,0x00,0x00,0x00,0x00,0x00,0x00,0x00,0x00,0x00,0x00,0x00,0x00,0x00,0x00,0x06,0x00,0x21,0x91,0x7b,0x62,0x3c,0x64,0x1d,0x16,0xa4,0x92,0x93,0x8a,0x82,0x95,0xd1,0x9b,0x97,0x9b,0x98,0xae,0xed,0xc4,0xcf,0xf4,0x3b,0xe9,0xd1,0xdb,0x3d,0xbd,0xa4,0xab,0xab,0xab,0xab,0x8d,0x82,0xaa,0x90,0x8b,0x84,0x84,0x84,0x8b,0x8f,0x9c,0x9f,0x8b,0x8b,0x84,0x8e,0x90,0xb3,0x8d,0xab,0xa9,0xb3,0xbe,0xbc,0xb1,0xb1,0xa5,0xaa,0xe9,0x35,0xb7,0xe7,0x92,0x82,0x95,0x82,0x8a,0x95,0xa4,0x22,0x16,0x61,0x00,0x02,0x00,0x00,0x00,0x00,0x00,0x00,0x00,0x00,0x00,0x00,0x00,0x00,0x00,0x00,0x00,0x00,0x00,0x00,0x00,0x00,0x00,0x00,0x00,0x00,0x00,0x00,0x00,0x00,0x00,0x00,0x00,0x00,
    0x00,0x00,0x00,0x00,0x00,0x00,0x00,0x00,0x00,0x00,0x00,0x00,0x00,0x00,0x00,0x00,0x00,0x00,0x00,0x00,0x00,0x00,0x00,0x00,0x00,0x00,0x00,0x00,0x00,0x00,0x00,0x06,0x00,0x21,0xbd,0x55,0x76,0x43,0x2b,0x8b,0x82,0x82,0x95,0xa7,0x82,0x92,0xa6,0xc4,0x98,0x9b,0x9b,0x98,0xae,0xcf,0xc4,0xcf,0xf7,0xf1,0xf7,0xcf,0xae,0xed,0xe1,0x11,0x9c,0x90,0xb3,0xb3,0xaa,0x90,0x90,0x90,0x8b,0x8e,0x8e,0x91,0x8e,0x0a,0xf6,0xa9,0x84,0x8b,0x8b,0x8b,0x8e,0x90,0xaa,0xb3,0xa4,0xa9,0xbb,0x9e,0xb1,0xbe,0xbd,0xe9,0xae,0xd8,0xc4,0xd1,0xef,0x82,0x82,0x82,0x93,0xa7,0xbc,0x91,0x45,0x4c,0x0f,0x02,0x00,0x00,0x00,0x00,0x00,0x00,0x00,0x00,0x00,0x00,0x00,0x00,0x00,0x00,0x00,0x00,0x00,0x00,0x00,0x00,0x00,0x00,0x00,0x00,0x00,0x00,0x00,0x00,0x00,0x00,0x00,0x00,
    0x00,0x00,0x00,0x00,0x00,0x00,0x00,0x00,0x00,0x00,0x00,0x00,0x00,0x00,0x00,0x00,0x00,0x00,0x00,0x00,0x00,0x00,0x00,0x00,0x00,0x00,0x00,0x00,0x00,0x00,0x00,0x06,0x00,0x4e,0x26,0x30,0x76,0x54,0xac,0x93,0x8d,0x92,0xee,0xf0,0xc3,0x96,0xd1,0x9b,0x97,0x97,0x9b,0x98,0xae,0xae,0xc4,0x3b,0xf1,0xfc,0xf1,0x3b,0xdb,0xcf,0xcf,0xed,0xe7,0x8b,0x9e,0x91,0xa2,0xa2,0x90,0x90,0x90,0x90,0x90,0xa2,0x90,0x24,0x24,0xab,0x8e,0x8e,0x8b,0x8b,0x8b,0x91,0x8e,0xa5,0x11,0xe1,0xcf,0x7a,0xdd,0xe1,0xd8,0xc4,0x97,0xdb,0xc4,0x2f,0xa7,0x82,0x82,0x82,0x8a,0x93,0xc6,0x55,0x4a,0x0e,0x01,0x02,0x00,0x00,0x00,0x00,0x00,0x00,0x00,0x00,0x00,0x00,0x00,0x00,0x00,0x00,0x00,0x00,0x00,0x00,0x00,0x00,0x00,0x00,0x00,0x00,0x00,0x00,0x00,0x00,0x00,0x00,0x00,0x00,
    0x00,0x00,0x00,0x00,0x00,0x00,0x00,0x00,0x00,0x00,0x00,0x00,0x00,0x00,0x00,0x00,0x00,0x00,0x00,0x00,0x00,0x00,0x00,0x00,0x00,0x00,0x00,0x00,0x00,0x00,0x00,0x03,0x00,0x46,0x79,0x4e,0x5f,0x7c,0xb3,0x8d,0x95,0xac,0xae,0x9b,0xd1,0x95,0x2f,0xd0,0x94,0x94,0x98,0x98,0xae,0xae,0x9b,0xd2,0xf1,0xfe,0xf1,0x47,0xb7,0xe0,0xc8,0x9d,0x8c,0xc0,0xb2,0x0a,0x9c,0xa4,0x90,0x90,0x90,0x91,0x8e,0x8e,0x8b,0xa5,0x90,0xa2,0x9f,0x9f,0x91,0xa0,0x9f,0xa5,0xa2,0xb2,0xf7,0xcf,0xae,0xf4,0xf5,0xe1,0xc4,0x97,0x97,0xdb,0x9b,0x2f,0xa7,0x95,0x82,0x82,0x8a,0x22,0xa7,0x45,0x4e,0x00,0x07,0x00,0x00,0x00,0x00,0x00,0x00,0x00,0x00,0x00,0x00,0x00,0x00,0x00,0x00,0x00,0x00,0x00,0x00,0x00,0x00,0x00,0x00,0x00,0x00,0x00,0x00,0x00,0x00,0x00,0x00,0x00,0x00,0x00,
    0x00,0x00,0x00,0x00,0x00,0x00,0x00,0x00,0x00,0x00,0x00,0x00,0x00,0x00,0x00,0x00,0x00,0x00,0x00,0x00,0x00,0x00,0x00,0x00,0x00,0x00,0x00,0x00,0x00,0x00,0x00,0x01,0x01,0x0e,0x57,0x4e,0x60,0x2b,0xb8,0x16,0x96,0xe7,0xc4,0xb9,0xc4,0x26,0x2f,0x98,0x97,0x98,0x98,0xb9,0xc4,0xc4,0x98,0xcf,0xf5,0xf1,0xf1,0x35,0xed,0x8c,0x88,0x88,0x89,0x8c,0x8c,0x17,0xc9,0xc1,0xaa,0x8b,0x9c,0x9f,0x84,0x8f,0x8e,0xbf,0xbf,0x25,0xb1,0xa2,0xa5,0x90,0xa6,0xbb,0x17,0x9d,0xcf,0xc4,0x3d,0xf5,0xfc,0xfc,0x4f,0xd8,0x94,0xae,0x98,0x2f,0x8a,0x82,0x82,0x82,0x8a,0x22,0x9a,0x7c,0x5f,0x06,0x02,0x00,0x00,0x00,0x00,0x00,0x00,0x00,0x00,0x00,0x00,0x00,0x00,0x00,0x00,0x00,0x00,0x00,0x00,0x00,0x00,0x00,0x00,0x00,0x00,0x00,0x00,0x00,0x00,0x00,0x00,0x00,0x00,0x00,
    0x00,0x00,0x00,0x00,0x00,0x00,0x00,0x00,0x00,0x00,0x00,0x00,0x00,0x00,0x00,0x00,0x00,0x00,0x00,0x00,0x00,0x00,0x00,0x00,0x00,0x00,0x00,0x00,0x00,0x00,0x00,0x00,0x01,0x00,0x0f,0x00,0x37,0x58,0x9f,0x90,0x96,0xd1,0xca,0x97,0x98,0xf0,0x47,0x98,0x9b,0x9b,0x9b,0x98,0xb7,0xb7,0xb9,0xdb,0xdd,0xd2,0x4f,0x7a,0xf7,0x89,0x9d,0x83,0x86,0x85,0x85,0x8c,0x8c,0x8c,0x3e,0x6e,0xa6,0xbd,0x91,0x8f,0xbc,0xbf,0x6e,0xb3,0x11,0xb1,0xc9,0xc0,0x87,0x8c,0x8c,0x87,0xe0,0xc4,0xed,0xf5,0xfe,0xfc,0x77,0x98,0xca,0xae,0x9b,0xe7,0x92,0x8d,0x82,0x8a,0x93,0xac,0xbd,0x11,0x30,0x00,0x00,0x00,0x00,0x00,0x00,0x00,0x00,0x00,0x00,0x00,0x00,0x00,0x00,0x00,0x00,0x00,0x00,0x00,0x00,0x00,0x00,0x00,0x00,0x00,0x00,0x00,0x00,0x00,0x00,0x00,0x00,0x00,0x00,0x00,
    0x00,0x00,0x00,0x00,0x00,0x00,0x00,0x00,0x00,0x00,0x00,0x00,0x00,0x00,0x00,0x00,0x00,0x00,0x00,0x00,0x00,0x00,0x00,0x00,0x00,0x00,0x00,0x00,0x00,0x00,0x00,0x00,0x00,0x00,0x00,0x03,0x68,0x5a,0xa0,0xbd,0x92,0xe3,0x9b,0x94,0x98,0x98,0x35,0x98,0x98,0x97,0x9b,0x97,0xca,0xca,0x97,0x35,0xae,0xd0,0xae,0x3d,0x99,0x81,0x83,0x81,0x83,0x81,0x86,0x85,0x86,0x8c,0x17,0xd3,0xda,0xda,0xd3,0xce,0x59,0x0a,0xa1,0xbd,0x8f,0x90,0xc0,0x8c,0x85,0x85,0x88,0x88,0xc8,0xb7,0xd2,0xf5,0x4f,0xf5,0x3d,0xd0,0xd8,0xd8,0x2f,0xac,0x95,0x8a,0x82,0x8d,0xa4,0x26,0x5a,0x33,0x29,0x50,0x01,0x01,0x00,0x00,0x00,0x00,0x00,0x00,0x00,0x00,0x00,0x00,0x00,0x00,0x00,0x00,0x00,0x00,0x00,0x00,0x00,0x00,0x00,0x00,0x00,0x00,0x00,0x00,0x00,0x00,0x00,0x00,0x00,0x00,
    0x00,0x00,0x00,0x00,0x00,0x00,0x00,0x00,0x00,0x00,0x00,0x00,0x00,0x00,0x00,0x00,0x00,0x00,0x00,0x00,0x00,0x00,0x00,0x00,0x00,0x00,0x00,0x00,0x00,0x00,0x00,0x00,0x00,0x00,0x07,0x00,0x7f,0x3d,0x75,0xbe,0x92,0xe3,0xca,0xb9,0x94,0x94,0xb9,0x98,0x94,0x94,0x98,0x98,0x97,0x9b,0x9b,0xb7,0x9b,0xae,0x99,0x87,0x89,0x81,0x81,0x83,0x81,0x83,0x83,0x81,0x86,0x89,0xe8,0xdc,0xea,0xd3,0xea,0xce,0xb1,0xaa,0x9c,0x8b,0x8e,0xa5,0xc1,0x87,0x89,0x86,0x83,0x81,0x85,0xf4,0x3d,0x77,0xd8,0x77,0x3d,0x97,0x3d,0xe1,0xa6,0xb8,0x82,0x8a,0x82,0x95,0x16,0x40,0x28,0x4a,0x4a,0x50,0x01,0x02,0x00,0x00,0x00,0x00,0x00,0x00,0x00,0x00,0x00,0x00,0x00,0x00,0x00,0x00,0x00,0x00,0x00,0x00,0x00,0x00,0x00,0x00,0x00,0x00,0x00,0x00,0x00,0x00,0x00,0x00,0x00,0x00,
    0x00,0x00,0x00,0x00,0x00,0x00,0x00,0x00,0x00,0x00,0x00,0x00,0x00,0x00,0x00,0x00,0x00,0x00,0x00,0x00,0x00,0x00,0x00,0x00,0x00,0x00,0x00,0x00,0x00,0x00,0x00,0x00,0x00,0x01,0x00,0x05,0x7f,0x38,0xff,0x67,0xa4,0xb2,0xc4,0xb9,0x97,0x97,0x97,0x97,0x98,0x94,0x94,0xb9,0x9b,0xb7,0x97,0xca,0x9b,0xe0,0x89,0x88,0x89,0x89,0x89,0x86,0x81,0x81,0x85,0x89,0x85,0x86,0x81,0xd6,0xd3,0xea,0xea,0xbb,0xb1,0xa2,0x8f,0x8b,0x8e,0x91,0xa0,0x3e,0x8c,0x86,0x89,0x89,0x89,0x8c,0xf4,0x97,0x94,0xb7,0xb7,0xf0,0xa3,0x8a,0x96,0x52,0x8d,0x95,0x8a,0x82,0x95,0x34,0x20,0x1c,0x23,0x00,0x00,0x00,0x00,0x00,0x00,0x00,0x00,0x00,0x00,0x00,0x00,0x00,0x00,0x00,0x00,0x00,0x00,0x00,0x00,0x00,0x00,0x00,0x00,0x00,0x00,0x00,0x00,0x00,0x00,0x00,0x00,0x00,0x00,0x00,
    0x00,0x00,0x00,0x00,0x00,0x00,0x00,0x00,0x00,0x00,0x00,0x00,0x00,0x00,0x00,0x00,0x00,0x00,0x00,0x00,0x00,0x00,0x00,0x00,0x00,0x00,0x00,0x00,0x00,0x00,0x00,0x00,0x01,0x01,0x19,0x1b,0x72,0x70,0x61,0x3c,0x56,0xe9,0xca,0x94,0x97,0x97,0x97,0x94,0x94,0x94,0x94,0xb9,0xca,0xb7,0x97,0x97,0xae,0xcb,0x83,0x83,0x81,0x81,0x86,0x86,0x81,0x81,0x86,0x86,0x85,0x89,0x85,0x8c,0xc0,0xda,0xdc,0xe8,0x11,0x90,0x91,0xb3,0xb3,0x8d,0xa4,0xd7,0x8c,0x85,0x89,0x89,0x89,0x87,0xe0,0x97,0x9b,0x98,0xb7,0xe7,0xb8,0xa7,0xe3,0xd2,0xe3,0x95,0x82,0x8d,0x9a,0x3a,0x61,0x30,0x18,0x01,0x01,0x00,0x00,0x00,0x00,0x00,0x00,0x00,0x00,0x00,0x00,0x00,0x00,0x00,0x00,0x00,0x00,0x00,0x00,0x00,0x00,0x00,0x00,0x00,0x00,0x00,0x00,0x00,0x00,0x00,0x00,0x00,0x00,0x00,
    0x00,0x00,0x00,0x00,0x00,0x00,0x00,0x00,0x00,0x00,0x00,0x00,0x00,0x00,0x00,0x00,0x00,0x00,0x00,0x00,0x00,0x00,0x00,0x00,0x00,0x00,0x00,0x00,0x00,0x00,0x00,0x00,0x03,0x00,0x09,0x1a,0x27,0x72,0x72,0x37,0x41,0xca,0xd0,0x94,0x94,0x94,0x94,0x94,0x94,0x94,0x94,0x98,0x97,0x9b,0x97,0x97,0xd2,0x87,0x86,0x88,0x88,0x81,0x83,0x83,0x83,0x83,0x83,0x83,0x81,0x81,0x83,0xaf,0x89,0xd6,0xdc,0xce,0xd4,0xaa,0x93,0x93,0x8a,0x8d,0x93,0xa6,0x85,0x87,0x89,0x89,0x88,0x81,0xba,0x9b,0x97,0x97,0xc4,0xee,0x93,0xe9,0xae,0x9b,0xcf,0xee,0x96,0x8d,0x82,0xa0,0x14,0x5d,0x31,0x00,0x03,0x00,0x00,0x00,0x00,0x00,0x00,0x00,0x00,0x00,0x00,0x00,0x00,0x00,0x00,0x00,0x00,0x00,0x00,0x00,0x00,0x00,0x00,0x00,0x00,0x00,0x00,0x00,0x00,0x00,0x00,0x00,0x00,0x00,
    0x00,0x00,0x00,0x00,0x00,0x00,0x00,0x00,0x00,0x00,0x00,0x00,0x00,0x00,0x00,0x00,0x00,0x00,0x00,0x00,0x00,0x00,0x00,0x00,0x00,0x00,0x00,0x00,0x00,0x00,0x00,0x00,0x00,0x03,0x00,0x37,0x77,0x47,0x71,0x71,0x35,0x94,0x94,0x94,0x94,0x94,0x94,0x94,0x94,0x94,0x94,0x94,0x94,0x97,0x9b,0x98,0xd2,0x8c,0x85,0x89,0x86,0x86,0x85,0x86,0x86,0x88,0x88,0x81,0x81,0x81,0x81,0x88,0x87,0xc0,0xb1,0xc0,0x99,0x24,0xe5,0xf6,0x95,0x8d,0xb3,0xaa,0xc0,0x8c,0x85,0x89,0x88,0x86,0x9d,0x35,0x98,0x97,0xb7,0xee,0xa3,0xd8,0x98,0x9b,0xb7,0xd1,0x92,0x8d,0x8a,0x8d,0x6c,0x69,0x00,0x03,0x00,0x00,0x00,0x00,0x00,0x00,0x00,0x00,0x00,0x00,0x00,0x00,0x00,0x00,0x00,0x00,0x00,0x00,0x00,0x00,0x00,0x00,0x00,0x00,0x00,0x00,0x00,0x00,0x00,0x00,0x00,0x00,0x00,0x00,
    0x00,0x00,0x00,0x00,0x00,0x00,0x00,0x00,0x00,0x00,0x00,0x00,0x00,0x00,0x00,0x00,0x00,0x00,0x00,0x00,0x00,0x00,0x00,0x00,0x00,0x00,0x00,0x00,0x00,0x00,0x00,0x00,0x00,0x03,0x03,0x0e,0x38,0xae,0x98,0xb9,0x98,0x97,0x98,0x98,0x94,0x98,0x98,0x94,0x94,0x94,0x94,0x94,0xd0,0x97,0x9b,0x97,0xae,0x88,0x87,0x81,0x83,0x83,0x81,0x86,0x89,0x89,0x89,0x89,0x85,0x89,0x89,0x89,0x87,0x8c,0x88,0x87,0x8c,0x99,0xd4,0x24,0xa0,0xa2,0x9c,0xc7,0xaf,0x81,0x88,0x89,0x87,0x89,0x87,0x9d,0xae,0x98,0x97,0x2f,0xdf,0xae,0x98,0x97,0x97,0xe9,0x8a,0x82,0x8d,0x95,0x52,0x5f,0x18,0x00,0x00,0x00,0x00,0x00,0x00,0x00,0x00,0x00,0x00,0x00,0x00,0x00,0x00,0x00,0x00,0x00,0x00,0x00,0x00,0x00,0x00,0x00,0x00,0x00,0x00,0x00,0x00,0x00,0x00,0x00,0x00,0x00,0x00,0x00,
    0x00,0x00,0x00,0x00,0x00,0x00,0x00,0x00,0x00,0x00,0x00,0x00,0x00,0x00,0x00,0x00,0x00,0x00,0x00,0x00,0x00,0x00,0x00,0x00,0x00,0x00,0x00,0x00,0x00,0x00,0x00,0x00,0x00,0x00,0x02,0x00,0x18,0x37,0x41,0xae,0x9b,0x98,0x98,0xb9,0x35,0xdb,0xb9,0x94,0x94,0x94,0x98,0x98,0xdb,0x9b,0x97,0x9b,0x97,0xe0,0x89,0x83,0x81,0x81,0x81,0x83,0x81,0x85,0x85,0x89,0x89,0x89,0x8c,0x99,0xa8,0x87,0x85,0x86,0x81,0x85,0x85,0xc9,0x84,0x9e,0xa2,0x3e,0x87,0xaf,0x81,0x89,0x85,0x89,0x85,0x8c,0xe0,0x97,0x9b,0x97,0xae,0xb7,0x97,0x97,0xb7,0xe3,0x93,0x8d,0x82,0x82,0x93,0xbc,0x3e,0x1b,0x05,0x01,0x00,0x00,0x00,0x00,0x00,0x00,0x00,0x00,0x00,0x00,0x00,0x00,0x00,0x00,0x00,0x00,0x00,0x00,0x00,0x00,0x00,0x00,0x00,0x00,0x00,0x00,0x00,0x00,0x00,0x00,0x00,0x00,
    0x00,0x00,0x00,0x00,0x00,0x00,0x00,0x00,0x00,0x00,0x00,0x00,0x00,0x00,0x00,0x00,0x00,0x00,0x00,0x00,0x00,0x00,0x00,0x00,0x00,0x00,0x00,0x00,0x00,0x00,0x00,0x00,0x00,0x00,0x00,0x03,0x00,0x00,0x37,0x38,0x41,0x41,0x71,0x41,0x41,0xca,0xb9,0x98,0x98,0x97,0x97,0xb7,0xc9,0x35,0x97,0x98,0x35,0x9d,0x83,0x81,0x81,0x81,0x81,0x81,0x83,0x81,0x81,0x81,0x81,0x88,0x89,0xcb,0xb0,0x89,0x88,0x88,0x88,0x88,0x85,0x8c,0xb2,0xb2,0x17,0x89,0x83,0x86,0x85,0x89,0x86,0x85,0x89,0x85,0x89,0xd8,0x94,0x97,0xb9,0xca,0x97,0x97,0xb7,0xdd,0xbe,0x9a,0x8d,0x96,0x1d,0x79,0x3b,0x10,0x03,0x03,0x00,0x00,0x00,0x00,0x00,0x00,0x00,0x00,0x00,0x00,0x00,0x00,0x00,0x00,0x00,0x00,0x00,0x00,0x00,0x00,0x00,0x00,0x00,0x00,0x00,0x00,0x00,0x00,0x00,0x00,0x00,0x00,
    0x00,0x00,0x00,0x00,0x00,0x00,0x00,0x00,0x00,0x00,0x00,0x00,0x00,0x00,0x00,0x00,0x00,0x00,0x00,0x00,0x00,0x00,0x00,0x00,0x00,0x00,0x00,0x00,0x00,0x00,0x00,0x00,0x00,0x00,0x00,0x00,0x03,0x03,0x03,0x66,0x6d,0x37,0x37,0x37,0x41,0x35,0x98,0x9b,0x9b,0x9b,0x98,0xae,0xa1,0xe3,0x9b,0xb9,0xd2,0x88,0x9d,0x83,0x81,0x81,0x81,0x81,0x83,0x81,0x81,0x81,0x83,0x83,0x81,0xcb,0xba,0x87,0x89,0x87,0x89,0x89,0x89,0x86,0x85,0x8c,0x86,0xaf,0x88,0x89,0x89,0x89,0x81,0x83,0x88,0x89,0x8c,0xe0,0xd0,0x94,0xb9,0xd2,0xb7,0x97,0x97,0xe1,0xc3,0xac,0x78,0x3c,0x42,0x6b,0x44,0x00,0x01,0x00,0x00,0x00,0x00,0x00,0x00,0x00,0x00,0x00,0x00,0x00,0x00,0x00,0x00,0x00,0x00,0x00,0x00,0x00,0x00,0x00,0x00,0x00,0x00,0x00,0x00,0x00,0x00,0x00,0x00,0x00,0x00,0x00,
    0x00,0x00,0x00,0x00,0x00,0x00,0x00,0x00,0x00,0x00,0x00,0x00,0x00,0x00,0x00,0x00,0x00,0x00,0x00,0x00,0x00,0x00,0x00,0x00,0x00,0x00,0x00,0x00,0x00,0x00,0x00,0x00,0x00,0x00,0x00,0x00,0x00,0x00,0x00,0x01,0x03,0x00,0x00,0x00,0x38,0x47,0x9b,0x97,0x9b,0x97,0x94,0x2f,0xa1,0xe1,0xca,0x94,0xe0,0x81,0x81,0x86,0x89,0x89,0x89,0x88,0x83,0x81,0x81,0x81,0x81,0x81,0x81,0x9d,0xa8,0x86,0x81,0x88,0x81,0x88,0x89,0x88,0x83,0x83,0x83,0x81,0x83,0x88,0x89,0x88,0x83,0x81,0x81,0x86,0x89,0x87,0xdb,0x94,0x97,0xd8,0xd2,0x9b,0x98,0xd8,0x11,0xbe,0x36,0x46,0x1c,0x01,0x00,0x01,0x00,0x00,0x00,0x00,0x00,0x00,0x00,0x00,0x00,0x00,0x00,0x00,0x00,0x00,0x00,0x00,0x00,0x00,0x00,0x00,0x00,0x00,0x00,0x00,0x00,0x00,0x00,0x00,0x00,0x00,0x00,0x00,0x00,0x00,
    0x00,0x00,0x00,0x00,0x00,0x00,0x00,0x00,0x00,0x00,0x00,0x00,0x00,0x00,0x00,0x00,0x00,0x00,0x00,0x00,0x00,0x00,0x00,0x00,0x00,0x00,0x00,0x00,0x00,0x00,0x00,0x00,0x00,0x00,0x00,0x00,0x00,0x00,0x00,0x03,0x03,0x03,0x07,0x03,0x66,0x41,0xdb,0x98,0xd0,0xb9,0xb9,0x2f,0xe3,0xd2,0xae,0x35,0x85,0x83,0x81,0x81,0x86,0x89,0x89,0x81,0x83,0x86,0x81,0x81,0x81,0x83,0x81,0x9d,0xa8,0x85,0x83,0x83,0x83,0x81,0x89,0x86,0x85,0x86,0x81,0x83,0x81,0x86,0x88,0x83,0x83,0x88,0x85,0x85,0x85,0x8c,0xe0,0xb9,0xc4,0xd2,0x3d,0x47,0x97,0xb7,0xe7,0x52,0x2d,0x00,0x00,0x00,0x03,0x00,0x00,0x00,0x00,0x00,0x00,0x00,0x00,0x00,0x00,0x00,0x00,0x00,0x00,0x00,0x00,0x00,0x00,0x00,0x00,0x00,0x00,0x00,0x00,0x00,0x00,0x00,0x00,0x00,0x00,0x00,0x00,0x00,0x00,0x00,
    0x00,0x00,0x00,0x00,0x00,0x00,0x00,0x00,0x00,0x00,0x00,0x00,0x00,0x00,0x00,0x00,0x00,0x00,0x00,0x00,0x00,0x00,0x00,0x00,0x00,0x00,0x00,0x00,0x00,0x00,0x00,0x00,0x00,0x00,0x00,0x00,0x00,0x00,0x00,0x00,0x00,0x00,0x00,0x03,0x00,0x66,0x38,0x47,0xf0,0xca,0x47,0x38,0x38,0x74,0x74,0xf7,0x89,0x83,0x81,0x83,0x83,0x81,0x86,0x88,0x83,0x86,0x88,0x83,0x81,0x81,0x88,0x9d,0xb0,0x85,0x83,0x88,0x86,0x86,0x89,0x87,0x85,0x83,0x81,0x81,0x86,0x88,0x83,0x81,0x81,0x81,0x81,0x88,0x85,0x89,0x89,0xed,0xcf,0x74,0x47,0x38,0x2f,0xd0,0xdb,0x29,0x60,0x02,0x07,0x00,0x00,0x00,0x00,0x00,0x00,0x00,0x00,0x00,0x00,0x00,0x00,0x00,0x00,0x00,0x00,0x00,0x00,0x00,0x00,0x00,0x00,0x00,0x00,0x00,0x00,0x00,0x00,0x00,0x00,0x00,0x00,0x00,0x00,0x00,0x00,0x00,
    0x00,0x00,0x00,0x00,0x00,0x00,0x00,0x00,0x00,0x00,0x00,0x00,0x00,0x00,0x00,0x00,0x00,0x00,0x00,0x00,0x00,0x00,0x00,0x00,0x00,0x00,0x00,0x00,0x00,0x00,0x00,0x00,0x00,0x00,0x00,0x00,0x00,0x00,0x00,0x00,0x00,0x00,0x00,0x00,0x03,0x00,0x66,0x70,0x72,0x38,0x70,0x38,0x71,0x7a,0x47,0x87,0x83,0x81,0x81,0x81,0x81,0x81,0x83,0x89,0x86,0x81,0x88,0x88,0x86,0x85,0x87,0x9d,0xa8,0x85,0x81,0x85,0x85,0x81,0x85,0x86,0x85,0x86,0x86,0x86,0x81,0x83,0x81,0x81,0x81,0x81,0x81,0x83,0x88,0x85,0x86,0x9d,0x74,0x71,0x7e,0x7f,0x41,0x94,0x41,0x37,0x0f,0x02,0x01,0x00,0x00,0x00,0x00,0x00,0x00,0x00,0x00,0x00,0x00,0x00,0x00,0x00,0x00,0x00,0x00,0x00,0x00,0x00,0x00,0x00,0x00,0x00,0x00,0x00,0x00,0x00,0x00,0x00,0x00,0x00,0x00,0x00,0x00,0x00,0x00,0x00,
    0x00,0x00,0x00,0x00,0x00,0x00,0x00,0x00,0x00,0x00,0x00,0x00,0x00,0x00,0x00,0x00,0x00,0x00,0x00,0x00,0x00,0x00,0x00,0x00,0x00,0x00,0x00,0x00,0x00,0x00,0x00,0x00,0x00,0x00,0x00,0x00,0x00,0x00,0x00,0x00,0x00,0x00,0x00,0x00,0x00,0x03,0x00,0x0f,0x66,0x66,0x37,0xf0,0x74,0x7a,0x70,0x0b,0x83,0x81,0x81,0x81,0x81,0x81,0x81,0x81,0x86,0x86,0x86,0x85,0x85,0x85,0x87,0x9d,0xb5,0x85,0x83,0x83,0x83,0x83,0x86,0x86,0x81,0x81,0x81,0x83,0x83,0x81,0x81,0x81,0x81,0x81,0x81,0x81,0x81,0x85,0x0b,0x85,0x2c,0x18,0x0c,0x1a,0x77,0x38,0x37,0x0f,0x00,0x01,0x00,0x00,0x00,0x00,0x00,0x00,0x00,0x00,0x00,0x00,0x00,0x00,0x00,0x00,0x00,0x00,0x00,0x00,0x00,0x00,0x00,0x00,0x00,0x00,0x00,0x00,0x00,0x00,0x00,0x00,0x00,0x00,0x00,0x00,0x00,0x00,0x00,0x00,
    0x00,0x00,0x00,0x00,0x00,0x00,0x00,0x00,0x00,0x00,0x00,0x00,0x00,0x00,0x00,0x00,0x00,0x00,0x00,0x00,0x00,0x00,0x00,0x00,0x00,0x00,0x00,0x00,0x00,0x00,0x00,0x00,0x00,0x00,0x00,0x00,0x00,0x00,0x00,0x00,0x00,0x00,0x00,0x00,0x00,0x00,0x03,0x00,0x00,0x00,0x18,0x7e,0x80,0x7e,0x0d,0x88,0x04,0x83,0x81,0x81,0x81,0x81,0x81,0x83,0x81,0x85,0x85,0x89,0x85,0x85,0x86,0x81,0xba,0x86,0x88,0x86,0x88,0x83,0x88,0x86,0x83,0x83,0x81,0x81,0x81,0x81,0x81,0x81,0x81,0x81,0x81,0x81,0x83,0x86,0x86,0x81,0x15,0x53,0x08,0x10,0x08,0x00,0x00,0x00,0x02,0x00,0x00,0x00,0x00,0x00,0x00,0x00,0x00,0x00,0x00,0x00,0x00,0x00,0x00,0x00,0x00,0x00,0x00,0x00,0x00,0x00,0x00,0x00,0x00,0x00,0x00,0x00,0x00,0x00,0x00,0x00,0x00,0x00,0x00,0x00,0x00,0x00,0x00,0x00,
    0x00,0x00,0x00,0x00,0x00,0x00,0x00,0x00,0x00,0x00,0x00,0x00,0x00,0x00,0x00,0x00,0x00,0x00,0x00,0x00,0x00,0x00,0x00,0x00,0x00,0x00,0x00,0x00,0x00,0x00,0x00,0x00,0x00,0x00,0x00,0x00,0x00,0x00,0x00,0x00,0x00,0x00,0x00,0x00,0x00,0x00,0x00,0x01,0x03,0x03,0x00,0x00,0x00,0x19,0x15,0x83,0x83,0x81,0x81,0x83,0x83,0x83,0x88,0x85,0x86,0x85,0x85,0x88,0x81,0x81,0x83,0x9d,0xba,0x81,0x81,0x81,0x88,0x85,0x86,0x86,0x83,0x81,0x81,0x81,0x81,0x81,0x81,0x81,0x81,0x81,0x81,0x81,0x81,0x83,0x81,0x81,0x04,0x1a,0x08,0x00,0x00,0x03,0x02,0x01,0x00,0x00,0x00,0x00,0x00,0x00,0x00,0x00,0x00,0x00,0x00,0x00,0x00,0x00,0x00,0x00,0x00,0x00,0x00,0x00,0x00,0x00,0x00,0x00,0x00,0x00,0x00,0x00,0x00,0x00,0x00,0x00,0x00,0x00,0x00,0x00,0x00,0x00,0x00,0x00,
    0x00,0x00,0x00,0x00,0x00,0x00,0x00,0x00,0x00,0x00,0x00,0x00,0x00,0x00,0x00,0x00,0x00,0x00,0x00,0x00,0x00,0x00,0x00,0x00,0x00,0x00,0x00,0x00,0x00,0x00,0x00,0x00,0x00,0x00,0x00,0x00,0x00,0x00,0x00,0x00,0x00,0x00,0x00,0x00,0x00,0x00,0x00,0x00,0x00,0x00,0x01,0x05,0x06,0x0c,0x04,0x04,0x81,0x81,0x83,0x88,0x88,0x83,0x81,0x81,0x81,0x81,0x83,0x83,0x81,0x81,0x81,0x81,0x81,0x81,0x81,0x81,0x83,0x88,0x85,0x89,0x81,0x81,0x81,0x81,0x81,0x81,0x81,0x81,0x81,0x81,0x81,0x81,0x81,0x81,0x81,0x04,0x04,0x27,0x10,0x03,0x05,0x00,0x00,0x00,0x00,0x00,0x00,0x00,0x00,0x00,0x00,0x00,0x00,0x00,0x00,0x00,0x00,0x00,0x00,0x00,0x00,0x00,0x00,0x00,0x00,0x00,0x00,0x00,0x00,0x00,0x00,0x00,0x00,0x00,0x00,0x00,0x00,0x00,0x00,0x00,0x00,0x00,0x00,0x00,
    0x00,0x00,0x00,0x00,0x00,0x00,0x00,0x00,0x00,0x00,0x00,0x00,0x00,0x00,0x00,0x00,0x00,0x00,0x00,0x00,0x00,0x00,0x00,0x00,0x00,0x00,0x00,0x00,0x00,0x00,0x00,0x00,0x00,0x00,0x00,0x00,0x00,0x00,0x00,0x00,0x00,0x00,0x00,0x00,0x00,0x00,0x00,0x00,0x00,0x00,0x00,0x05,0x00,0x13,0x81,0x04,0x81,0x81,0x81,0x88,0x81,0x81,0x81,0x83,0x81,0x81,0x81,0x81,0x81,0x81,0x81,0x81,0x81,0x81,0x81,0x81,0x81,0x83,0x86,0x87,0x88,0x83,0x81,0x81,0x81,0x81,0x81,0x81,0x81,0x81,0x81,0x81,0x81,0x81,0x81,0x04,0x83,0x51,0x12,0x00,0x03,0x00,0x00,0x00,0x00,0x00,0x00,0x00,0x00,0x00,0x00,0x00,0x00,0x00,0x00,0x00,0x00,0x00,0x00,0x00,0x00,0x00,0x00,0x00,0x00,0x00,0x00,0x00,0x00,0x00,0x00,0x00,0x00,0x00,0x00,0x00,0x00,0x00,0x00,0x00,0x00,0x00,0x00,0x00,
    0x00,0x00,0x00,0x00,0x00,0x00,0x00,0x00,0x00,0x00,0x00,0x00,0x00,0x00,0x00,0x00,0x00,0x00,0x00,0x00,0x00,0x00,0x00,0x00,0x00,0x00,0x00,0x00,0x00,0x00,0x00,0x00,0x00,0x00,0x00,0x00,0x00,0x00,0x00,0x00,0x00,0x00,0x00,0x00,0x00,0x00,0x00,0x00,0x00,0x00,0x00,0x03,0x00,0x1a,0x83,0x04,0x81,0x81,0x81,0x83,0x83,0x81,0x81,0x81,0x81,0x81,0x81,0x81,0x81,0x81,0x81,0x81,0x81,0x81,0x81,0x81,0x81,0x81,0x81,0x89,0x89,0x81,0x81,0x81,0x81,0x81,0x81,0x81,0x81,0x81,0x81,0x81,0x81,0x81,0x81,0x04,0x83,0x51,0x08,0x00,0x01,0x00,0x00,0x00,0x00,0x00,0x00,0x00,0x00,0x00,0x00,0x00,0x00,0x00,0x00,0x00,0x00,0x00,0x00,0x00,0x00,0x00,0x00,0x00,0x00,0x00,0x00,0x00,0x00,0x00,0x00,0x00,0x00,0x00,0x00,0x00,0x00,0x00,0x00,0x00,0x00,0x00,0x00,0x00,
    0x00,0x00,0x00,0x00,0x00,0x00,0x00,0x00,0x00,0x00,0x00,0x00,0x00,0x00,0x00,0x00,0x00,0x00,0x00,0x00,0x00,0x00,0x00,0x00,0x00,0x00,0x00,0x00,0x00,0x00,0x00,0x00,0x00,0x00,0x00,0x00,0x00,0x00,0x00,0x00,0x00,0x00,0x00,0x00,0x00,0x00,0x00,0x00,0x00,0x00,0x00,0x03,0x00,0x0d,0x81,0x04,0x81,0x81,0x81,0x81,0x81,0x81,0x81,0x81,0x81,0x81,0x81,0x81,0x81,0x81,0x81,0x81,0x81,0x81,0x81,0x81,0x81,0x81,0x81,0x86,0x85,0x81,0x83,0x81,0x81,0x81,0x81,0x81,0x81,0x81,0x81,0x81,0x81,0x81,0x81,0x04,0x81,0x0d,0x00,0x03,0x00,0x00,0x00,0x00,0x00,0x00,0x00,0x00,0x00,0x00,0x00,0x00,0x00,0x00,0x00,0x00,0x00,0x00,0x00,0x00,0x00,0x00,0x00,0x00,0x00,0x00,0x00,0x00,0x00,0x00,0x00,0x00,0x00,0x00,0x00,0x00,0x00,0x00,0x00,0x00,0x00,0x00,0x00,0x00,
    0x00,0x00,0x00,0x00,0x00,0x00,0x00,0x00,0x00,0x00,0x00,0x00,0x00,0x00,0x00,0x00,0x00,0x00,0x00,0x00,0x00,0x00,0x00,0x00,0x00,0x00,0x00,0x00,0x00,0x00,0x00,0x00,0x00,0x00,0x00,0x00,0x00,0x00,0x00,0x00,0x00,0x00,0x00,0x00,0x00,0x00,0x00,0x00,0x00,0x00,0x00,0x05,0x00,0x1b,0x88,0x04,0x81,0x81,0x81,0x81,0x81,0x81,0x81,0x81,0x81,0x81,0x81,0x81,0x81,0x81,0x81,0x81,0x81,0x81,0x81,0x81,0x81,0x81,0x83,0x86,0x86,0x86,0x83,0x81,0x81,0x81,0x81,0x81,0x81,0x81,0x81,0x81,0x81,0x81,0x81,0x04,0x83,0x13,0x01,0x05,0x00,0x00,0x00,0x00,0x00,0x00,0x00,0x00,0x00,0x00,0x00,0x00,0x00,0x00,0x00,0x00,0x00,0x00,0x00,0x00,0x00,0x00,0x00,0x00,0x00,0x00,0x00,0x00,0x00,0x00,0x00,0x00,0x00,0x00,0x00,0x00,0x00,0x00,0x00,0x00,0x00,0x00,0x00,0x00,
    0x00,0x00,0x00,0x00,0x00,0x00,0x00,0x00,0x00,0x00,0x00,0x00,0x00,0x00,0x00,0x00,0x00,0x00,0x00,0x00,0x00,0x00,0x00,0x00,0x00,0x00,0x00,0x00,0x00,0x00,0x00,0x00,0x00,0x00,0x00,0x00,0x00,0x00,0x00,0x00,0x00,0x00,0x00,0x00,0x00,0x00,0x00,0x00,0x00,0x00,0x00,0x03,0x00,0x13,0x04,0x04,0x81,0x81,0x81,0x81,0x81,0x81,0x81,0x81,0x81,0x81,0x81,0x81,0x81,0x81,0x81,0x81,0x81,0x81,0x81,0x81,0x81,0x81,0x83,0x86,0x81,0x86,0x88,0x83,0x81,0x81,0x81,0x81,0x81,0x81,0x81,0x81,0x81,0x81,0x83,0x83,0x81,0x13,0x03,0x01,0x00,0x00,0x00,0x00,0x00,0x00,0x00,0x00,0x00,0x00,0x00,0x00,0x00,0x00,0x00,0x00,0x00,0x00,0x00,0x00,0x00,0x00,0x00,0x00,0x00,0x00,0x00,0x00,0x00,0x00,0x00,0x00,0x00,0x00,0x00,0x00,0x00,0x00,0x00,0x00,0x00,0x00,0x00,0x00,
    0x00,0x00,0x00,0x00,0x00,0x00,0x00,0x00,0x00,0x00,0x00,0x00,0x00,0x00,0x00,0x00,0x00,0x00,0x00,0x00,0x00,0x00,0x00,0x00,0x00,0x00,0x00,0x00,0x00,0x00,0x00,0x00,0x00,0x00,0x00,0x00,0x00,0x00,0x00,0x00,0x00,0x00,0x00,0x00,0x00,0x00,0x00,0x00,0x00,0x00,0x00,0x03,0x01,0x53,0x15,0x81,0x04,0x81,0x81,0x81,0x81,0x81,0x81,0x81,0x81,0x81,0x81,0x81,0x81,0x81,0x81,0x81,0x81,0x81,0x81,0x81,0x81,0x81,0x81,0x85,0x88,0x81,0x85,0x81,0x83,0x81,0x81,0x81,0x81,0x81,0x81,0x81,0x81,0x81,0x04,0x86,0x13,0x05,0x03,0x01,0x00,0x00,0x00,0x00,0x00,0x00,0x00,0x00,0x00,0x00,0x00,0x00,0x00,0x00,0x00,0x00,0x00,0x00,0x00,0x00,0x00,0x00,0x00,0x00,0x00,0x00,0x00,0x00,0x00,0x00,0x00,0x00,0x00,0x00,0x00,0x00,0x00,0x00,0x00,0x00,0x00,0x00,0x00,0x00,
    0x00,0x00,0x00,0x00,0x00,0x00,0x00,0x00,0x00,0x00,0x00,0x00,0x00,0x00,0x00,0x00,0x00,0x00,0x00,0x00,0x00,0x00,0x00,0x00,0x00,0x00,0x00,0x00,0x00,0x00,0x00,0x00,0x00,0x00,0x00,0x00,0x00,0x00,0x00,0x00,0x00,0x00,0x00,0x00,0x00,0x00,0x00,0x00,0x00,0x00,0x00,0x01,0x01,0x09,0x1b,0x15,0x83,0x83,0x81,0x81,0x81,0x81,0x81,0x81,0x81,0x81,0x81,0x81,0x81,0x81,0x81,0x81,0x81,0x81,0x81,0x81,0x81,0x81,0x81,0x89,0x81,0x83,0x88,0x85,0x81,0x83,0x81,0x81,0x81,0x81,0x81,0x81,0x83,0x04,0x86,0x1f,0x01,0x01,0x01,0x00,0x00,0x00,0x00,0x00,0x00,0x00,0x00,0x00,0x00,0x00,0x00,0x00,0x00,0x00,0x00,0x00,0x00,0x00,0x00,0x00,0x00,0x00,0x00,0x00,0x00,0x00,0x00,0x00,0x00,0x00,0x00,0x00,0x00,0x00,0x00,0x00,0x00,0x00,0x00,0x00,0x00,0x00,0x00,0x00,
    0x00,0x00,0x00,0x00,0x00,0x00,0x00,0x00,0x00,0x00,0x00,0x00,0x00,0x00,0x00,0x00,0x00,0x00,0x00,0x00,0x00,0x00,0x00,0x00,0x00,0x00,0x00,0x00,0x00,0x00,0x00,0x00,0x00,0x00,0x00,0x00,0x00,0x00,0x00,0x00,0x00,0x00,0x00,0x00,0x00,0x00,0x00,0x00,0x00,0x00,0x00,0x00,0x00,0x00,0x00,0x0d,0x86,0x04,0x81,0x81,0x81,0x81,0x81,0x81,0x81,0x81,0x81,0x81,0x81,0x81,0x81,0x81,0x81,0x81,0x81,0x81,0x83,0x83,0x86,0x86,0x86,0x88,0x83,0x85,0x81,0x86,0x81,0x83,0x83,0x83,0x83,0x83,0x83,0x83,0x1f,0x09,0x03,0x03,0x00,0x00,0x00,0x00,0x00,0x00,0x00,0x00,0x00,0x00,0x00,0x00,0x00,0x00,0x00,0x00,0x00,0x00,0x00,0x00,0x00,0x00,0x00,0x00,0x00,0x00,0x00,0x00,0x00,0x00,0x00,0x00,0x00,0x00,0x00,0x00,0x00,0x00,0x00,0x00,0x00,0x00,0x00,0x00,0x00,0x00,
    0x00,0x00,0x00,0x00,0x00,0x00,0x00,0x00,0x00,0x00,0x00,0x00,0x00,0x00,0x00,0x00,0x00,0x00,0x00,0x00,0x00,0x00,0x00,0x00,0x00,0x00,0x00,0x00,0x00,0x00,0x00,0x00,0x00,0x00,0x00,0x00,0x00,0x00,0x00,0x00,0x00,0x00,0x00,0x00,0x00,0x00,0x00,0x00,0x00,0x00,0x00,0x00,0x03,0x00,0x0c,0x2e,0x88,0x88,0x83,0x81,0x81,0x81,0x81,0x81,0x81,0x81,0x81,0x81,0x81,0x81,0x81,0x81,0x81,0x81,0x81,0x83,0x81,0x85,0x89,0x85,0x89,0x89,0x87,0x8c,0x59,0x17,0x87,0x86,0x86,0x88,0x88,0x86,0x48,0x13,0x09,0x00,0x03,0x00,0x00,0x00,0x00,0x00,0x00,0x00,0x00,0x00,0x00,0x00,0x00,0x00,0x00,0x00,0x00,0x00,0x00,0x00,0x00,0x00,0x00,0x00,0x00,0x00,0x00,0x00,0x00,0x00,0x00,0x00,0x00,0x00,0x00,0x00,0x00,0x00,0x00,0x00,0x00,0x00,0x00,0x00,0x00,0x00,0x00,0x00,
    0x00,0x00,0x00,0x00,0x00,0x00,0x00,0x00,0x00,0x00,0x00,0x00,0x00,0x00,0x00,0x00,0x00,0x00,0x00,0x00,0x00,0x00,0x00,0x00,0x00,0x00,0x00,0x00,0x00,0x00,0x00,0x00,0x00,0x00,0x00,0x00,0x00,0x00,0x00,0x00,0x00,0x00,0x00,0x00,0x00,0x00,0x00,0x00,0x00,0x00,0x00,0x01,0x03,0x08,0x2c,0x81,0x04,0x85,0x88,0x83,0x81,0x81,0x81,0x81,0x81,0x81,0x81,0x81,0x81,0x81,0x81,0x81,0x83,0x83,0x81,0x86,0x85,0x86,0x86,0x86,0x85,0x85,0x86,0xbb,0xa1,0x3e,0x85,0x81,0x86,0x85,0x88,0x88,0x1a,0x00,0x03,0x03,0x00,0x00,0x00,0x00,0x00,0x00,0x00,0x00,0x00,0x00,0x00,0x00,0x00,0x00,0x00,0x00,0x00,0x00,0x00,0x00,0x00,0x00,0x00,0x00,0x00,0x00,0x00,0x00,0x00,0x00,0x00,0x00,0x00,0x00,0x00,0x00,0x00,0x00,0x00,0x00,0x00,0x00,0x00,0x00,0x00,0x00,0x00,0x00,
    0x00,0x00,0x00,0x00,0x00,0x00,0x00,0x00,0x00,0x00,0x00,0x00,0x00,0x00,0x00,0x00,0x00,0x00,0x00,0x00,0x00,0x00,0x00,0x00,0x00,0x00,0x00,0x00,0x00,0x00,0x00,0x00,0x00,0x00,0x00,0x00,0x00,0x00,0x00,0x00,0x00,0x00,0x00,0x00,0x00,0x00,0x00,0x00,0x00,0x00,0x00,0x03,0x03,0x0d,0x04,0x04,0x81,0x81,0x86,0x88,0x83,0x81,0x81,0x81,0x81,0x81,0x81,0x81,0x81,0x81,0x81,0x83,0x88,0x86,0x86,0x88,0x81,0x83,0x83,0x83,0x81,0x83,0x88,0xc9,0xad,0x99,0x88,0x83,0x83,0x83,0x83,0x81,0x88,0x0c,0x05,0x01,0x00,0x00,0x00,0x00,0x00,0x00,0x00,0x00,0x00,0x00,0x00,0x00,0x00,0x00,0x00,0x00,0x00,0x00,0x00,0x00,0x00,0x00,0x00,0x00,0x00,0x00,0x00,0x00,0x00,0x00,0x00,0x00,0x00,0x00,0x00,0x00,0x00,0x00,0x00,0x00,0x00,0x00,0x00,0x00,0x00,0x00,0x00,0x00,
    0x00,0x00,0x00,0x00,0x00,0x00,0x00,0x00,0x00,0x00,0x00,0x00,0x00,0x00,0x00,0x00,0x00,0x00,0x00,0x00,0x00,0x00,0x00,0x00,0x00,0x00,0x00,0x00,0x00,0x00,0x00,0x00,0x00,0x00,0x00,0x00,0x00,0x00,0x00,0x00,0x00,0x00,0x00,0x00,0x00,0x00,0x00,0x00,0x00,0x00,0x01,0x01,0x09,0x1a,0x04,0x83,0x81,0x81,0x83,0x86,0x86,0x81,0x83,0x83,0x81,0x81,0x81,0x81,0x81,0x83,0x81,0x85,0x85,0x81,0x81,0x83,0x81,0x81,0x81,0x81,0x81,0x81,0x81,0x87,0x86,0x81,0x83,0x81,0x81,0x81,0x81,0x04,0x81,0x1a,0x0c,0x03,0x03,0x00,0x00,0x00,0x00,0x00,0x00,0x00,0x00,0x00,0x00,0x00,0x00,0x00,0x00,0x00,0x00,0x00,0x00,0x00,0x00,0x00,0x00,0x00,0x00,0x00,0x00,0x00,0x00,0x00,0x00,0x00,0x00,0x00,0x00,0x00,0x00,0x00,0x00,0x00,0x00,0x00,0x00,0x00,0x00,0x00,0x00,0x00,
    0x00,0x00,0x00,0x00,0x00,0x00,0x00,0x00,0x00,0x00,0x00,0x00,0x00,0x00,0x00,0x00,0x00,0x00,0x00,0x00,0x00,0x00,0x00,0x00,0x00,0x00,0x00,0x00,0x00,0x00,0x00,0x00,0x00,0x00,0x00,0x00,0x00,0x00,0x00,0x00,0x00,0x00,0x00,0x00,0x00,0x00,0x00,0x00,0x00,0x00,0x01,0x01,0x09,0x0d,0x83,0x04,0x81,0x81,0x81,0x83,0x81,0x86,0x86,0x81,0x81,0x83,0x83,0x81,0x81,0x86,0x85,0x85,0x88,0x83,0x81,0x81,0x81,0x81,0x81,0x81,0x81,0x81,0x81,0x83,0x81,0x83,0x81,0x81,0x81,0x81,0x81,0x83,0x04,0x48,0x1b,0x00,0x01,0x00,0x00,0x00,0x00,0x00,0x00,0x00,0x00,0x00,0x00,0x00,0x00,0x00,0x00,0x00,0x00,0x00,0x00,0x00,0x00,0x00,0x00,0x00,0x00,0x00,0x00,0x00,0x00,0x00,0x00,0x00,0x00,0x00,0x00,0x00,0x00,0x00,0x00,0x00,0x00,0x00,0x00,0x00,0x00,0x00,0x00,0x00,
    0x00,0x00,0x00,0x00,0x00,0x00,0x00,0x00,0x00,0x00,0x00,0x00,0x00,0x00,0x00,0x00,0x00,0x00,0x00,0x00,0x00,0x00,0x00,0x00,0x00,0x00,0x00,0x00,0x00,0x00,0x00,0x00,0x00,0x00,0x00,0x00,0x00,0x00,0x00,0x00,0x00,0x00,0x00,0x00,0x00,0x00,0x00,0x00,0x00,0x01,0x01,0x19,0x0d,0x83,0x83,0x81,0x81,0x81,0x81,0x81,0x83,0x81,0x88,0x85,0x86,0x86,0x86,0x85,0x85,0x86,0x81,0x83,0x81,0x81,0x81,0x81,0x81,0x81,0x81,0x81,0x81,0x81,0x81,0x81,0x83,0x81,0x81,0x81,0x81,0x81,0x81,0x81,0x83,0x81,0x1f,0x10,0x01,0x03,0x00,0x00,0x00,0x00,0x00,0x00,0x00,0x00,0x00,0x00,0x00,0x00,0x00,0x00,0x00,0x00,0x00,0x00,0x00,0x00,0x00,0x00,0x00,0x00,0x00,0x00,0x00,0x00,0x00,0x00,0x00,0x00,0x00,0x00,0x00,0x00,0x00,0x00,0x00,0x00,0x00,0x00,0x00,0x00,0x00,0x00,
    0x00,0x00,0x00,0x00,0x00,0x00,0x00,0x00,0x00,0x00,0x00,0x00,0x00,0x00,0x00,0x00,0x00,0x00,0x00,0x00,0x00,0x00,0x00,0x00,0x00,0x00,0x00,0x00,0x00,0x00,0x00,0x00,0x00,0x00,0x00,0x00,0x00,0x00,0x00,0x00,0x00,0x00,0x00,0x00,0x00,0x00,0x00,0x00,0x00,0x03,0x00,0x10,0x51,0xaf,0x04,0x81,0x81,0x81,0x81,0x81,0x81,0x81,0x83,0x83,0x81,0x81,0x81,0x81,0x81,0x83,0x81,0x81,0x81,0x81,0x81,0x81,0x81,0x81,0x81,0x81,0x81,0x81,0x81,0x81,0x81,0x81,0x81,0x81,0x81,0x81,0x81,0x81,0x83,0x04,0x15,0x12,0x00,0x05,0x00,0x00,0x00,0x00,0x00,0x00,0x00,0x00,0x00,0x00,0x00,0x00,0x00,0x00,0x00,0x00,0x00,0x00,0x00,0x00,0x00,0x00,0x00,0x00,0x00,0x00,0x00,0x00,0x00,0x00,0x00,0x00,0x00,0x00,0x00,0x00,0x00,0x00,0x00,0x00,0x00,0x00,0x00,0x00,0x00,0x00,
    0x00,0x00,0x00,0x00,0x00,0x00,0x00,0x00,0x00,0x00,0x00,0x00,0x00,0x00,0x00,0x00,0x00,0x00,0x00,0x00,0x00,0x00,0x00,0x00,0x00,0x00,0x00,0x00,0x00,0x00,0x00,0x00,0x00,0x00,0x00,0x00,0x00,0x00,0x00,0x00,0x00,0x00,0x00,0x00,0x00,0x00,0x00,0x00,0x00,0x03,0x05,0x13,0x15,0x04,0x83,0x81,0x81,0x81,0x81,0x81,0x81,0x81,0x81,0x81,0x81,0x83,0x83,0x83,0x81,0x81,0x81,0x81,0x81,0x81,0x81,0x81,0x81,0x81,0x81,0x81,0x81,0x81,0x81,0x81,0x81,0x81,0x81,0x81,0x81,0x81,0x81,0x81,0x81,0x04,0x04,0x12,0x08,0x03,0x01,0x00,0x00,0x00,0x00,0x00,0x00,0x00,0x00,0x00,0x00,0x00,0x00,0x00,0x00,0x00,0x00,0x00,0x00,0x00,0x00,0x00,0x00,0x00,0x00,0x00,0x00,0x00,0x00,0x00,0x00,0x00,0x00,0x00,0x00,0x00,0x00,0x00,0x00,0x00,0x00,0x00,0x00,0x00,0x00,0x00,
    0x00,0x00,0x00,0x00,0x00,0x00,0x00,0x00,0x00,0x00,0x00,0x00,0x00,0x00,0x00,0x00,0x00,0x00,0x00,0x00,0x00,0x00,0x00,0x00,0x00,0x00,0x00,0x00,0x00,0x00,0x00,0x00,0x00,0x00,0x00,0x00,0x00,0x00,0x00,0x00,0x00,0x00,0x00,0x00,0x00,0x00,0x00,0x00,0x01,0x00,0x09,0x13,0xaf,0x81,0x81,0x81,0x81,0x81,0x81,0x81,0x81,0x81,0x81,0x81,0x81,0x81,0x81,0x81,0x81,0x81,0x81,0x81,0x81,0x81,0x81,0x81,0x81,0x81,0x81,0x81,0x81,0x81,0x81,0x81,0x81,0x81,0x81,0x81,0x81,0x81,0x81,0x81,0x81,0x04,0x88,0x51,0x08,0x01,0x03,0x00,0x00,0x00,0x00,0x00,0x00,0x00,0x00,0x00,0x00,0x00,0x00,0x00,0x00,0x00,0x00,0x00,0x00,0x00,0x00,0x00,0x00,0x00,0x00,0x00,0x00,0x00,0x00,0x00,0x00,0x00,0x00,0x00,0x00,0x00,0x00,0x00,0x00,0x00,0x00,0x00,0x00,0x00,0x00,0x00,
    0x00,0x00,0x00,0x00,0x00,0x00,0x00,0x00,0x00,0x00,0x00,0x00,0x00,0x00,0x00,0x00,0x00,0x00,0x00,0x00,0x00,0x00,0x00,0x00,0x00,0x00,0x00,0x00,0x00,0x00,0x00,0x00,0x00,0x00,0x00,0x00,0x00,0x00,0x00,0x00,0x00,0x00,0x00,0x00,0x00,0x00,0x00,0x00,0x01,0x00,0x09,0x13,0xaf,0x81,0x81,0x81,0x81,0x81,0x81,0x81,0x81,0x81,0x83,0x81,0x81,0x81,0x81,0x81,0x81,0x81,0x81,0x81,0x81,0x81,0x81,0x81,0x81,0x81,0x81,0x81,0x81,0x81,0x81,0x81,0x81,0x81,0x81,0x81,0x81,0x81,0x81,0x81,0x81,0x83,0x81,0x15,0x19,0x00,0x01,0x00,0x00,0x00,0x00,0x00,0x00,0x00,0x00,0x00,0x00,0x00,0x00,0x00,0x00,0x00,0x00,0x00,0x00,0x00,0x00,0x00,0x00,0x00,0x00,0x00,0x00,0x00,0x00,0x00,0x00,0x00,0x00,0x00,0x00,0x00,0x00,0x00,0x00,0x00,0x00,0x00,0x00,0x00,0x00,0x00,
    0x00,0x00,0x00,0x00,0x00,0x00,0x00,0x00,0x00,0x00,0x00,0x00,0x00,0x00,0x00,0x00,0x00,0x00,0x00,0x00,0x00,0x00,0x00,0x00,0x00,0x00,0x00,0x00,0x00,0x00,0x00,0x00,0x00,0x00,0x00,0x00,0x00,0x00,0x00,0x00,0x00,0x00,0x00,0x00,0x00,0x00,0x00,0x00,0x01,0x00,0x09,0x13,0x99,0x83,0x81,0x81,0x81,0x81,0x81,0x81,0x81,0x81,0x86,0x88,0x83,0x81,0x81,0x81,0x81,0x81,0x81,0x81,0x81,0x81,0x81,0x81,0x81,0x81,0x81,0x81,0x81,0x81,0x81,0x81,0x81,0x81,0x81,0x81,0x81,0x81,0x81,0x81,0x81,0x83,0x81,0x15,0x19,0x00,0x01,0x00,0x00,0x00,0x00,0x00,0x00,0x00,0x00,0x00,0x00,0x00,0x00,0x00,0x00,0x00,0x00,0x00,0x00,0x00,0x00,0x00,0x00,0x00,0x00,0x00,0x00,0x00,0x00,0x00,0x00,0x00,0x00,0x00,0x00,0x00,0x00,0x00,0x00,0x00,0x00,0x00,0x00,0x00,0x00,0x00,
    0x00,0x00,0x00,0x00,0x00,0x00,0x00,0x00,0x00,0x00,0x00,0x00,0x00,0x00,0x00,0x00,0x00,0x00,0x00,0x00,0x00,0x00,0x00,0x00,0x00,0x00,0x00,0x00,0x00,0x00,0x00,0x00,0x00,0x00,0x00,0x00,0x00,0x00,0x00,0x00,0x00,0x00,0x00,0x00,0x00,0x00,0x00,0x00,0x01,0x01,0x19,0x2c,0x9d,0x83,0x81,0x81,0x81,0x81,0x81,0x81,0x81,0x81,0x81,0x81,0x81,0x81,0x81,0x81,0x81,0x81,0x81,0x81,0x81,0x81,0x81,0x81,0x81,0x81,0x81,0x81,0x81,0x81,0x81,0x81,0x81,0x81,0x81,0x81,0x81,0x81,0x81,0x81,0x81,0x83,0x83,0x15,0x19,0x00,0x01,0x00,0x00,0x00,0x00,0x00,0x00,0x00,0x00,0x00,0x00,0x00,0x00,0x00,0x00,0x00,0x00,0x00,0x00,0x00,0x00,0x00,0x00,0x00,0x00,0x00,0x00,0x00,0x00,0x00,0x00,0x00,0x00,0x00,0x00,0x00,0x00,0x00,0x00,0x00,0x00,0x00,0x00,0x00,0x00,0x00,
    0x00,0x00,0x00,0x00,0x00,0x00,0x00,0x00,0x00,0x00,0x00,0x00,0x00,0x00,0x00,0x00,0x00,0x00,0x00,0x00,0x00,0x00,0x00,0x00,0x00,0x00,0x00,0x00,0x00,0x00,0x00,0x00,0x00,0x00,0x00,0x00,0x00,0x00,0x00,0x00,0x00,0x00,0x00,0x00,0x00,0x00,0x00,0x00,0x00,0x03,0x00,0x0c,0x51,0x83,0x04,0x81,0x81,0x81,0x81,0x81,0x81,0x83,0x83,0x81,0x83,0x83,0x81,0x81,0x81,0x81,0x81,0x81,0x81,0x81,0x81,0x81,0x81,0x81,0x81,0x81,0x81,0x81,0x81,0x81,0x81,0x81,0x81,0x81,0x81,0x81,0x81,0x81,0x81,0x83,0x83,0x2e,0x19,0x00,0x01,0x00,0x00,0x00,0x00,0x00,0x00,0x00,0x00,0x00,0x00,0x00,0x00,0x00,0x00,0x00,0x00,0x00,0x00,0x00,0x00,0x00,0x00,0x00,0x00,0x00,0x00,0x00,0x00,0x00,0x00,0x00,0x00,0x00,0x00,0x00,0x00,0x00,0x00,0x00,0x00,0x00,0x00,0x00,0x00,0x00,
    0x00,0x00,0x00,0x00,0x00,0x00,0x00,0x00,0x00,0x00,0x00,0x00,0x00,0x00,0x00,0x00,0x00,0x00,0x00,0x00,0x00,0x00,0x00,0x00,0x00,0x00,0x00,0x00,0x00,0x00,0x00,0x00,0x00,0x00,0x00,0x00,0x00,0x00,0x00,0x00,0x00,0x00,0x00,0x00,0x00,0x00,0x00,0x00,0x00,0x01,0x00,0x19,0x0d,0x04,0x04,0x81,0x81,0x81,0x81,0x81,0x81,0x88,0x86,0x85,0x86,0x88,0x81,0x83,0x81,0x81,0x81,0x81,0x81,0x81,0x81,0x81,0x81,0x81,0x81,0x81,0x83,0x83,0x81,0x81,0x81,0x81,0x81,0x81,0x81,0x83,0x83,0x81,0x81,0x04,0x81,0x1f,0x19,0x03,0x01,0x00,0x00,0x00,0x00,0x00,0x00,0x00,0x00,0x00,0x00,0x00,0x00,0x00,0x00,0x00,0x00,0x00,0x00,0x00,0x00,0x00,0x00,0x00,0x00,0x00,0x00,0x00,0x00,0x00,0x00,0x00,0x00,0x00,0x00,0x00,0x00,0x00,0x00,0x00,0x00,0x00,0x00,0x00,0x00,0x00,
    0x00,0x00,0x00,0x00,0x00,0x00,0x00,0x00,0x00,0x00,0x00,0x00,0x00,0x00,0x00,0x00,0x00,0x00,0x00,0x00,0x00,0x00,0x00,0x00,0x00,0x00,0x00,0x00,0x00,0x00,0x00,0x00,0x00,0x00,0x00,0x00,0x00,0x00,0x00,0x00,0x00,0x00,0x00,0x00,0x00,0x00,0x00,0x00,0x00,0x00,0x03,0x03,0x13,0x04,0x81,0x04,0x81,0x81,0x83,0x88,0x88,0x88,0x86,0x89,0x89,0x87,0x89,0x86,0x81,0x83,0x83,0x83,0x81,0x81,0x81,0x81,0x81,0x83,0x83,0x81,0x88,0x85,0x89,0x86,0x83,0x81,0x86,0x88,0x88,0x86,0x88,0x81,0x81,0x04,0x88,0x13,0x03,0x03,0x00,0x00,0x00,0x00,0x00,0x00,0x00,0x00,0x00,0x00,0x00,0x00,0x00,0x00,0x00,0x00,0x00,0x00,0x00,0x00,0x00,0x00,0x00,0x00,0x00,0x00,0x00,0x00,0x00,0x00,0x00,0x00,0x00,0x00,0x00,0x00,0x00,0x00,0x00,0x00,0x00,0x00,0x00,0x00,0x00,0x00,
    0x00,0x00,0x00,0x00,0x00,0x00,0x00,0x00,0x00,0x00,0x00,0x00,0x00,0x00,0x00,0x00,0x00,0x00,0x00,0x00,0x00,0x00,0x00,0x00,0x00,0x00,0x00,0x00,0x00,0x00,0x00,0x00,0x00,0x00,0x00,0x00,0x00,0x00,0x00,0x00,0x00,0x00,0x00,0x00,0x00,0x00,0x00,0x00,0x00,0x00,0x03,0x00,0x09,0x53,0x2e,0x86,0x88,0x88,0x86,0x85,0x86,0x88,0x88,0x85,0x85,0x85,0x89,0x87,0x85,0x86,0x88,0x81,0x81,0x83,0x83,0x81,0x81,0x88,0x85,0x89,0x87,0x87,0x87,0x89,0x89,0x85,0x85,0x85,0x85,0x89,0x89,0x89,0x0b,0x86,0x27,0x10,0x05,0x00,0x00,0x00,0x00,0x00,0x00,0x00,0x00,0x00,0x00,0x00,0x00,0x00,0x00,0x00,0x00,0x00,0x00,0x00,0x00,0x00,0x00,0x00,0x00,0x00,0x00,0x00,0x00,0x00,0x00,0x00,0x00,0x00,0x00,0x00,0x00,0x00,0x00,0x00,0x00,0x00,0x00,0x00,0x00,0x00,0x00,0x00,
    0x00,0x00,0x00,0x00,0x00,0x00,0x00,0x00,0x00,0x00,0x00,0x00,0x00,0x00,0x00,0x00,0x00,0x00,0x00,0x00,0x00,0x00,0x00,0x00,0x00,0x00,0x00,0x00,0x00,0x00,0x00,0x00,0x00,0x00,0x00,0x00,0x00,0x00,0x00,0x00,0x00,0x00,0x00,0x00,0x00,0x00,0x00,0x00,0x00,0x00,0x00,0x00,0x00,0x00,0x10,0x2e,0x86,0x88,0x81,0x81,0x81,0x81,0x83,0x81,0x81,0x81,0x81,0x81,0x88,0x86,0x86,0x86,0x85,0x86,0x88,0x86,0x89,0x89,0x89,0x89,0x86,0x86,0x86,0x88,0x88,0x88,0x81,0x81,0x81,0x88,0x85,0x89,0x89,0x48,0x0c,0x00,0x01,0x00,0x00,0x00,0x00,0x00,0x00,0x00,0x00,0x00,0x00,0x00,0x00,0x00,0x00,0x00,0x00,0x00,0x00,0x00,0x00,0x00,0x00,0x00,0x00,0x00,0x00,0x00,0x00,0x00,0x00,0x00,0x00,0x00,0x00,0x00,0x00,0x00,0x00,0x00,0x00,0x00,0x00,0x00,0x00,0x00,0x00,0x00,
    0x00,0x00,0x00,0x00,0x00,0x00,0x00,0x00,0x00,0x00,0x00,0x00,0x00,0x00,0x00,0x00,0x00,0x00,0x00,0x00,0x00,0x00,0x00,0x00,0x00,0x00,0x00,0x00,0x00,0x00,0x00,0x00,0x00,0x00,0x00,0x00,0x00,0x00,0x00,0x00,0x00,0x00,0x00,0x00,0x00,0x00,0x00,0x00,0x00,0x00,0x00,0x00,0x05,0x03,0x0c,0x81,0x04,0x83,0x83,0x81,0x81,0x81,0x81,0x81,0x81,0x81,0x81,0x83,0x83,0x83,0x83,0x83,0x81,0x81,0x81,0x81,0x81,0x81,0x81,0x81,0x83,0x83,0x83,0x83,0x83,0x83,0x81,0x81,0x81,0x83,0x83,0x88,0x2e,0x0c,0x00,0x05,0x00,0x00,0x00,0x00,0x00,0x00,0x00,0x00,0x00,0x00,0x00,0x00,0x00,0x00,0x00,0x00,0x00,0x00,0x00,0x00,0x00,0x00,0x00,0x00,0x00,0x00,0x00,0x00,0x00,0x00,0x00,0x00,0x00,0x00,0x00,0x00,0x00,0x00,0x00,0x00,0x00,0x00,0x00,0x00,0x00,0x00,0x00,0x00,
    0x00,0x00,0x00,0x00,0x00,0x00,0x00,0x00,0x00,0x00,0x00,0x00,0x00,0x00,0x00,0x00,0x00,0x00,0x00,0x00,0x00,0x00,0x00,0x00,0x00,0x00,0x00,0x00,0x00,0x00,0x00,0x00,0x00,0x00,0x00,0x00,0x00,0x00,0x00,0x00,0x00,0x00,0x00,0x00,0x00,0x00,0x00,0x00,0x00,0x00,0x00,0x00,0x03,0x00,0x10,0x83,0x04,0x81,0x81,0x81,0x81,0x81,0x81,0x81,0x81,0x81,0x81,0x81,0x81,0x81,0x81,0x81,0x81,0x81,0x83,0x81,0x81,0x81,0x81,0x81,0x81,0x81,0x81,0x81,0x81,0x81,0x81,0x81,0x81,0x81,0x83,0x83,0x15,0x19,0x03,0x01,0x00,0x00,0x00,0x00,0x00,0x00,0x00,0x00,0x00,0x00,0x00,0x00,0x00,0x00,0x00,0x00,0x00,0x00,0x00,0x00,0x00,0x00,0x00,0x00,0x00,0x00,0x00,0x00,0x00,0x00,0x00,0x00,0x00,0x00,0x00,0x00,0x00,0x00,0x00,0x00,0x00,0x00,0x00,0x00,0x00,0x00,0x00,0x00,
    0x00,0x00,0x00,0x00,0x00,0x00,0x00,0x00,0x00,0x00,0x00,0x00,0x00,0x00,0x00,0x00,0x00,0x00,0x00,0x00,0x00,0x00,0x00,0x00,0x00,0x00,0x00,0x00,0x00,0x00,0x00,0x00,0x00,0x00,0x00,0x00,0x00,0x00,0x00,0x00,0x00,0x00,0x00,0x00,0x00,0x00,0x00,0x00,0x00,0x00,0x00,0x00,0x03,0x00,0x10,0x81,0x04,0x83,0x04,0x04,0x83,0x83,0x83,0x83,0xaf,0xaf,0x83,0x83,0x83,0x81,0x83,0x81,0x81,0x81,0x81,0x81,0x81,0x81,0x81,0x83,0x83,0x83,0x83,0x83,0x83,0xaf,0xaf,0x83,0x04,0x04,0x04,0x04,0x2e,0x19,0x00,0x01,0x00,0x00,0x00,0x00,0x00,0x00,0x00,0x00,0x00,0x00,0x00,0x00,0x00,0x00,0x00,0x00,0x00,0x00,0x00,0x00,0x00,0x00,0x00,0x00,0x00,0x00,0x00,0x00,0x00,0x00,0x00,0x00,0x00,0x00,0x00,0x00,0x00,0x00,0x00,0x00,0x00,0x00,0x00,0x00,0x00,0x00,0x00,0x00,
    0x00,0x00,0x00,0x00,0x00,0x00,0x00,0x00,0x00,0x00,0x00,0x00,0x00,0x00,0x00,0x00,0x00,0x00,0x00,0x00,0x00,0x00,0x00,0x00,0x00,0x00,0x00,0x00,0x00,0x00,0x00,0x00,0x00,0x00,0x00,0x00,0x00,0x00,0x00,0x00,0x00,0x00,0x00,0x00,0x00,0x00,0x00,0x00,0x00,0x00,0x00,0x00,0x00,0x01,0x05,0x0d,0x86,0x86,0x86,0x86,0x85,0x89,0x89,0x89,0x89,0x85,0x88,0x88,0xcb,0x81,0x81,0x83,0x83,0x04,0x04,0xaf,0xaf,0x83,0x83,0x81,0x81,0x88,0x86,0x86,0x89,0x87,0x87,0x88,0xaf,0x81,0x81,0x86,0x13,0x01,0x05,0x00,0x00,0x00,0x00,0x00,0x00,0x00,0x00,0x00,0x00,0x00,0x00,0x00,0x00,0x00,0x00,0x00,0x00,0x00,0x00,0x00,0x00,0x00,0x00,0x00,0x00,0x00,0x00,0x00,0x00,0x00,0x00,0x00,0x00,0x00,0x00,0x00,0x00,0x00,0x00,0x00,0x00,0x00,0x00,0x00,0x00,0x00,0x00,0x00,
    0x00,0x00,0x00,0x00,0x00,0x00,0x00,0x00,0x00,0x00,0x00,0x00,0x00,0x00,0x00,0x00,0x00,0x00,0x00,0x00,0x00,0x00,0x00,0x00,0x00,0x00,0x00,0x00,0x00,0x00,0x00,0x00,0x00,0x00,0x00,0x00,0x00,0x00,0x00,0x00,0x00,0x00,0x00,0x00,0x00,0x00,0x00,0x00,0x00,0x00,0x00,0x00,0x00,0x00,0x00,0x00,0x08,0x10,0x0d,0x1a,0xd6,0x49,0x49,0xe8,0x59,0xd6,0x3b,0xc0,0x17,0x99,0xaf,0x88,0x88,0x81,0x9d,0x88,0x89,0x89,0x86,0x83,0x83,0xaf,0x17,0xc0,0x3b,0xd6,0xd6,0xc0,0x1f,0x27,0x2c,0x12,0x05,0x00,0x00,0x00,0x00,0x00,0x00,0x00,0x00,0x00,0x00,0x00,0x00,0x00,0x00,0x00,0x00,0x00,0x00,0x00,0x00,0x00,0x00,0x00,0x00,0x00,0x00,0x00,0x00,0x00,0x00,0x00,0x00,0x00,0x00,0x00,0x00,0x00,0x00,0x00,0x00,0x00,0x00,0x00,0x00,0x00,0x00,0x00,0x00,0x00,0x00,0x00,
    0x00,0x00,0x00,0x00,0x00,0x00,0x00,0x00,0x00,0x00,0x00,0x00,0x00,0x00,0x00,0x00,0x00,0x00,0x00,0x00,0x00,0x00,0x00,0x00,0x00,0x00,0x00,0x00,0x00,0x00,0x00,0x00,0x00,0x00,0x00,0x00,0x00,0x00,0x00,0x00,0x00,0x00,0x00,0x00,0x00,0x00,0x00,0x00,0x00,0x00,0x00,0x00,0x00,0x00,0x00,0x01,0x00,0x07,0x76,0x5c,0x3f,0xe5,0xdc,0xdc,0xe5,0xa9,0xa9,0xe5,0xea,0xd3,0xda,0xce,0xd4,0x0d,0x1a,0xd4,0x59,0x49,0xce,0xda,0xd3,0xd3,0xd3,0xea,0xea,0xdc,0xdc,0x65,0x4c,0x18,0x00,0x00,0x00,0x00,0x00,0x00,0x00,0x00,0x00,0x00,0x00,0x00,0x00,0x00,0x00,0x00,0x00,0x00,0x00,0x00,0x00,0x00,0x00,0x00,0x00,0x00,0x00,0x00,0x00,0x00,0x00,0x00,0x00,0x00,0x00,0x00,0x00,0x00,0x00,0x00,0x00,0x00,0x00,0x00,0x00,0x00,0x00,0x00,0x00,0x00,0x00,0x00,0x00,0x00,
    0x00,0x00,0x00,0x00,0x00,0x00,0x00,0x00,0x00,0x00,0x00,0x00,0x00,0x00,0x00,0x00,0x00,0x00,0x00,0x00,0x00,0x00,0x00,0x00,0x00,0x00,0x00,0x00,0x00,0x00,0x00,0x00,0x00,0x00,0x00,0x00,0x00,0x00,0x00,0x00,0x00,0x00,0x00,0x00,0x00,0x00,0x00,0x00,0x00,0x00,0x00,0x00,0x00,0x00,0x00,0x00,0x03,0x00,0x00,0x6b,0x49,0xd3,0xe5,0xab,0x90,0x8e,0x8b,0x8e,0x90,0xa9,0xdc,0xea,0x49,0x2d,0x57,0xda,0xdc,0xdc,0xa9,0xaa,0x8e,0x8e,0xaa,0xab,0xe5,0xea,0xd3,0x65,0x44,0x00,0x05,0x05,0x00,0x00,0x00,0x00,0x00,0x00,0x00,0x00,0x00,0x00,0x00,0x00,0x00,0x00,0x00,0x00,0x00,0x00,0x00,0x00,0x00,0x00,0x00,0x00,0x00,0x00,0x00,0x00,0x00,0x00,0x00,0x00,0x00,0x00,0x00,0x00,0x00,0x00,0x00,0x00,0x00,0x00,0x00,0x00,0x00,0x00,0x00,0x00,0x00,0x00,0x00,0x00,
    0x00,0x00,0x00,0x00,0x00,0x00,0x00,0x00,0x00,0x00,0x00,0x00,0x00,0x00,0x00,0x00,0x00,0x00,0x00,0x00,0x00,0x00,0x00,0x00,0x00,0x00,0x00,0x00,0x00,0x00,0x00,0x00,0x00,0x00,0x00,0x00,0x00,0x00,0x00,0x00,0x00,0x00,0x00,0x00,0x00,0x00,0x00,0x00,0x00,0x00,0x00,0x00,0x00,0x00,0x00,0x00,0x00,0x03,0x03,0x44,0x5d,0xa6,0x9f,0x84,0x84,0x8b,0x8b,0x8e,0x8e,0x91,0xb3,0xe5,0x59,0x69,0x69,0xce,0xe5,0xa2,0x8f,0x84,0x8b,0x84,0x84,0x8f,0x8b,0x91,0xb4,0x65,0x0e,0x01,0x01,0x00,0x00,0x00,0x00,0x00,0x00,0x00,0x00,0x00,0x00,0x00,0x00,0x00,0x00,0x00,0x00,0x00,0x00,0x00,0x00,0x00,0x00,0x00,0x00,0x00,0x00,0x00,0x00,0x00,0x00,0x00,0x00,0x00,0x00,0x00,0x00,0x00,0x00,0x00,0x00,0x00,0x00,0x00,0x00,0x00,0x00,0x00,0x00,0x00,0x00,0x00,0x00,0x00,
    0x00,0x00,0x00,0x00,0x00,0x00,0x00,0x00,0x00,0x00,0x00,0x00,0x00,0x00,0x00,0x00,0x00,0x00,0x00,0x00,0x00,0x00,0x00,0x00,0x00,0x00,0x00,0x00,0x00,0x00,0x00,0x00,0x00,0x00,0x00,0x00,0x00,0x00,0x00,0x00,0x00,0x00,0x00,0x00,0x00,0x00,0x00,0x00,0x00,0x00,0x00,0x00,0x00,0x00,0x00,0x00,0x00,0x03,0x00,0x6d,0x5e,0x8e,0x84,0x8b,0x8b,0x8b,0x8b,0x8b,0x8e,0x90,0x91,0x9f,0x59,0x12,0x57,0x7d,0x8f,0x84,0x8b,0x8b,0x8b,0x8b,0x8b,0x8b,0x8e,0x8f,0x0a,0x61,0x0f,0x02,0x01,0x00,0x00,0x00,0x00,0x00,0x00,0x00,0x00,0x00,0x00,0x00,0x00,0x00,0x00,0x00,0x00,0x00,0x00,0x00,0x00,0x00,0x00,0x00,0x00,0x00,0x00,0x00,0x00,0x00,0x00,0x00,0x00,0x00,0x00,0x00,0x00,0x00,0x00,0x00,0x00,0x00,0x00,0x00,0x00,0x00,0x00,0x00,0x00,0x00,0x00,0x00,0x00,0x00,
    0x00,0x00,0x00,0x00,0x00,0x00,0x00,0x00,0x00,0x00,0x00,0x00,0x00,0x00,0x00,0x00,0x00,0x00,0x00,0x00,0x00,0x00,0x00,0x00,0x00,0x00,0x00,0x00,0x00,0x00,0x00,0x00,0x00,0x00,0x00,0x00,0x00,0x00,0x00,0x00,0x00,0x00,0x00,0x00,0x00,0x00,0x00,0x00,0x00,0x00,0x00,0x00,0x00,0x00,0x00,0x00,0x00,0x03,0x00,0x0e,0x36,0xad,0x8f,0x8e,0x8b,0x8b,0x8b,0x8b,0x8b,0x8b,0x8e,0x84,0x14,0x72,0x28,0x3a,0x9c,0x8e,0x8b,0x8b,0x8b,0x8b,0x8b,0x8b,0x8e,0x9f,0x3a,0x28,0x00,0x00,0x00,0x00,0x00,0x00,0x00,0x00,0x00,0x00,0x00,0x00,0x00,0x00,0x00,0x00,0x00,0x00,0x00,0x00,0x00,0x00,0x00,0x00,0x00,0x00,0x00,0x00,0x00,0x00,0x00,0x00,0x00,0x00,0x00,0x00,0x00,0x00,0x00,0x00,0x00,0x00,0x00,0x00,0x00,0x00,0x00,0x00,0x00,0x00,0x00,0x00,0x00,0x00,0x00,0x00,
    0x00,0x00,0x00,0x00,0x00,0x00,0x00,0x00,0x00,0x00,0x00,0x00,0x00,0x00,0x00,0x00,0x00,0x00,0x00,0x00,0x00,0x00,0x00,0x00,0x00,0x00,0x00,0x00,0x00,0x00,0x00,0x00,0x00,0x00,0x00,0x00,0x00,0x00,0x00,0x00,0x00,0x00,0x00,0x00,0x00,0x00,0x00,0x00,0x00,0x00,0x00,0x00,0x00,0x00,0x00,0x00,0x00,0x02,0x00,0x18,0x4a,0x0a,0x8b,0x8e,0x8b,0x8b,0x8b,0x8b,0x8b,0x8e,0x8f,0x0a,0x6a,0x4c,0x32,0xc1,0x9c,0x91,0x90,0x91,0x8b,0x8b,0x8b,0x8b,0x8e,0x8f,0x56,0x30,0x01,0x06,0x00,0x00,0x00,0x00,0x00,0x00,0x00,0x00,0x00,0x00,0x00,0x00,0x00,0x00,0x00,0x00,0x00,0x00,0x00,0x00,0x00,0x00,0x00,0x00,0x00,0x00,0x00,0x00,0x00,0x00,0x00,0x00,0x00,0x00,0x00,0x00,0x00,0x00,0x00,0x00,0x00,0x00,0x00,0x00,0x00,0x00,0x00,0x00,0x00,0x00,0x00,0x00,0x00,0x00,
    0x00,0x00,0x00,0x00,0x00,0x00,0x00,0x00,0x00,0x00,0x00,0x00,0x00,0x00,0x00,0x00,0x00,0x00,0x00,0x00,0x00,0x00,0x00,0x00,0x00,0x00,0x00,0x00,0x00,0x00,0x00,0x00,0x00,0x00,0x00,0x00,0x00,0x00,0x00,0x00,0x00,0x00,0x00,0x00,0x00,0x00,0x00,0x00,0x00,0x00,0x00,0x00,0x00,0x00,0x00,0x00,0x00,0x02,0x02,0x23,0x64,0x9f,0x91,0x8b,0x8b,0x8b,0x8b,0x8b,0x8b,0x8b,0x8e,0x9c,0x5a,0x46,0x21,0x2b,0x84,0x91,0x8e,0x8e,0x8b,0x8b,0x8b,0x8e,0x8f,0xa2,0x2a,0x21,0x00,0x07,0x00,0x00,0x00,0x00,0x00,0x00,0x00,0x00,0x00,0x00,0x00,0x00,0x00,0x00,0x00,0x00,0x00,0x00,0x00,0x00,0x00,0x00,0x00,0x00,0x00,0x00,0x00,0x00,0x00,0x00,0x00,0x00,0x00,0x00,0x00,0x00,0x00,0x00,0x00,0x00,0x00,0x00,0x00,0x00,0x00,0x00,0x00,0x00,0x00,0x00,0x00,0x00,0x00,0x00,
    0x00,0x00,0x00,0x00,0x00,0x00,0x00,0x00,0x00,0x00,0x00,0x00,0x00,0x00,0x00,0x00,0x00,0x00,0x00,0x00,0x00,0x00,0x00,0x00,0x00,0x00,0x00,0x00,0x00,0x00,0x00,0x00,0x00,0x00,0x00,0x00,0x00,0x00,0x00,0x00,0x00,0x00,0x00,0x00,0x00,0x00,0x00,0x00,0x00,0x00,0x00,0x00,0x00,0x00,0x00,0x00,0x00,0x00,0x01,0x00,0x43,0x2b,0x9c,0x8e,0x8b,0x8b,0x8b,0x8b,0x8b,0x8b,0x84,0xc5,0x2a,0x50,0x21,0x34,0x8e,0x84,0x84,0x8b,0x8b,0x8b,0x8b,0x8b,0x8b,0x90,0x55,0x0e,0x00,0x01,0x00,0x00,0x00,0x00,0x00,0x00,0x00,0x00,0x00,0x00,0x00,0x00,0x00,0x00,0x00,0x00,0x00,0x00,0x00,0x00,0x00,0x00,0x00,0x00,0x00,0x00,0x00,0x00,0x00,0x00,0x00,0x00,0x00,0x00,0x00,0x00,0x00,0x00,0x00,0x00,0x00,0x00,0x00,0x00,0x00,0x00,0x00,0x00,0x00,0x00,0x00,0x00,0x00,0x00,
    0x00,0x00,0x00,0x00,0x00,0x00,0x00,0x00,0x00,0x00,0x00,0x00,0x00,0x00,0x00,0x00,0x00,0x00,0x00,0x00,0x00,0x00,0x00,0x00,0x00,0x00,0x00,0x00,0x00,0x00,0x00,0x00,0x00,0x00,0x00,0x00,0x00,0x00,0x00,0x00,0x00,0x00,0x00,0x00,0x00,0x00,0x00,0x00,0x00,0x00,0x00,0x00,0x00,0x00,0x00,0x00,0x00,0x00,0x01,0x00,0x80,0x29,0x0a,0x84,0x8e,0x8b,0x8b,0x8b,0x8b,0x8e,0xa5,0xc1,0x2d,0x1c,0x31,0x2a,0x84,0x8b,0x8b,0x8b,0x8b,0x8b,0x8b,0x8e,0x9c,0xa6,0x42,0x1c,0x00,0x02,0x00,0x00,0x00,0x00,0x00,0x00,0x00,0x00,0x00,0x00,0x00,0x00,0x00,0x00,0x00,0x00,0x00,0x00,0x00,0x00,0x00,0x00,0x00,0x00,0x00,0x00,0x00,0x00,0x00,0x00,0x00,0x00,0x00,0x00,0x00,0x00,0x00,0x00,0x00,0x00,0x00,0x00,0x00,0x00,0x00,0x00,0x00,0x00,0x00,0x00,0x00,0x00,0x00,0x00,
    0x00,0x00,0x00,0x00,0x00,0x00,0x00,0x00,0x00,0x00,0x00,0x00,0x00,0x00,0x00,0x00,0x00,0x00,0x00,0x00,0x00,0x00,0x00,0x00,0x00,0x00,0x00,0x00,0x00,0x00,0x00,0x00,0x00,0x00,0x00,0x00,0x00,0x00,0x00,0x00,0x00,0x00,0x00,0x00,0x00,0x00,0x00,0x00,0x00,0x00,0x00,0x00,0x00,0x00,0x00,0x00,0x00,0x00,0x06,0x00,0x31,0x2a,0xa2,0x8e,0x8b,0x8b,0x8b,0x8b,0x8b,0x8e,0x9f,0x11,0x61,0x50,0x0f,0x4b,0x90,0x84,0x8b,0x8b,0x8b,0x8b,0x8b,0x8e,0xa5,0x33,0x4a,0x1c,0x00,0x02,0x00,0x00,0x00,0x00,0x00,0x00,0x00,0x00,0x00,0x00,0x00,0x00,0x00,0x00,0x00,0x00,0x00,0x00,0x00,0x00,0x00,0x00,0x00,0x00,0x00,0x00,0x00,0x00,0x00,0x00,0x00,0x00,0x00,0x00,0x00,0x00,0x00,0x00,0x00,0x00,0x00,0x00,0x00,0x00,0x00,0x00,0x00,0x00,0x00,0x00,0x00,0x00,0x00,0x00,
    0x00,0x00,0x00,0x00,0x00,0x00,0x00,0x00,0x00,0x00,0x00,0x00,0x00,0x00,0x00,0x00,0x00,0x00,0x00,0x00,0x00,0x00,0x00,0x00,0x00,0x00,0x00,0x00,0x00,0x00,0x00,0x00,0x00,0x00,0x00,0x00,0x00,0x00,0x00,0x00,0x00,0x00,0x00,0x00,0x00,0x00,0x00,0x00,0x00,0x00,0x00,0x00,0x00,0x00,0x00,0x00,0x00,0x00,0x06,0x00,0x31,0x4b,0xa5,0x91,0x8b,0x8b,0x8b,0x8b,0x8b,0x8b,0x84,0x25,0x55,0x0f,0x1c,0x5b,0xc7,0x9f,0x8e,0x8b,0x8b,0x8b,0x8b,0x8e,0xa5,0xb2,0x4a,0x1c,0x00,0x02,0x00,0x00,0x00,0x00,0x00,0x00,0x00,0x00,0x00,0x00,0x00,0x00,0x00,0x00,0x00,0x00,0x00,0x00,0x00,0x00,0x00,0x00,0x00,0x00,0x00,0x00,0x00,0x00,0x00,0x00,0x00,0x00,0x00,0x00,0x00,0x00,0x00,0x00,0x00,0x00,0x00,0x00,0x00,0x00,0x00,0x00,0x00,0x00,0x00,0x00,0x00,0x00,0x00,0x00,
    0x00,0x00,0x00,0x00,0x00,0x00,0x00,0x00,0x00,0x00,0x00,0x00,0x00,0x00,0x00,0x00,0x00,0x00,0x00,0x00,0x00,0x00,0x00,0x00,0x00,0x00,0x00,0x00,0x00,0x00,0x00,0x00,0x00,0x00,0x00,0x00,0x00,0x00,0x00,0x00,0x00,0x00,0x00,0x00,0x00,0x00,0x00,0x00,0x00,0x00,0x00,0x00,0x00,0x00,0x00,0x00,0x00,0x00,0x06,0x00,0x21,0x4b,0x9c,0x8e,0x8b,0x8b,0x8b,0x8b,0x8b,0x8e,0x9f,0x5a,0x30,0x02,0x07,0x20,0x58,0x8f,0x8e,0x8b,0x8b,0x8b,0x8b,0x8e,0xa5,0x33,0x4a,0x1c,0x00,0x02,0x00,0x00,0x00,0x00,0x00,0x00,0x00,0x00,0x00,0x00,0x00,0x00,0x00,0x00,0x00,0x00,0x00,0x00,0x00,0x00,0x00,0x00,0x00,0x00,0x00,0x00,0x00,0x00,0x00,0x00,0x00,0x00,0x00,0x00,0x00,0x00,0x00,0x00,0x00,0x00,0x00,0x00,0x00,0x00,0x00,0x00,0x00,0x00,0x00,0x00,0x00,0x00,0x00,0x00,
    0x00,0x00,0x00,0x00,0x00,0x00,0x00,0x00,0x00,0x00,0x00,0x00,0x00,0x00,0x00,0x00,0x00,0x00,0x00,0x00,0x00,0x00,0x00,0x00,0x00,0x00,0x00,0x00,0x00,0x00,0x00,0x00,0x00,0x00,0x00,0x00,0x00,0x00,0x00,0x00,0x00,0x00,0x00,0x00,0x00,0x00,0x00,0x00,0x00,0x00,0x00,0x00,0x00,0x00,0x00,0x00,0x00,0x00,0x06,0x00,0x21,0x2b,0x8b,0x8b,0x84,0x8b,0x8b,0x8b,0x8b,0xb3,0x16,0x25,0x28,0x02,0x00,0x20,0x0a,0x8b,0x8b,0x8b,0x8b,0x8b,0x8b,0x8e,0x9c,0xa6,0x42,0x1c,0x00,0x02,0x00,0x00,0x00,0x00,0x00,0x00,0x00,0x00,0x00,0x00,0x00,0x00,0x00,0x00,0x00,0x00,0x00,0x00,0x00,0x00,0x00,0x00,0x00,0x00,0x00,0x00,0x00,0x00,0x00,0x00,0x00,0x00,0x00,0x00,0x00,0x00,0x00,0x00,0x00,0x00,0x00,0x00,0x00,0x00,0x00,0x00,0x00,0x00,0x00,0x00,0x00,0x00,0x00,0x00,
    0x00,0x00,0x00,0x00,0x00,0x00,0x00,0x00,0x00,0x00,0x00,0x00,0x00,0x00,0x00,0x00,0x00,0x00,0x00,0x00,0x00,0x00,0x00,0x00,0x00,0x00,0x00,0x00,0x00,0x00,0x00,0x00,0x00,0x00,0x00,0x00,0x00,0x00,0x00,0x00,0x00,0x00,0x00,0x00,0x00,0x00,0x00,0x00,0x00,0x00,0x00,0x00,0x00,0x00,0x00,0x00,0x00,0x00,0x06,0x00,0x63,0x58,0x8f,0x91,0x91,0x8b,0x8b,0x84,0x91,0x22,0x11,0x45,0x39,0x00,0x00,0x39,0xee,0x8e,0x8b,0x8b,0x8b,0x8b,0x8b,0x8b,0x84,0x0a,0x3c,0x23,0x00,0x02,0x00,0x00,0x00,0x00,0x00,0x00,0x00,0x00,0x00,0x00,0x00,0x00,0x00,0x00,0x00,0x00,0x00,0x00,0x00,0x00,0x00,0x00,0x00,0x00,0x00,0x00,0x00,0x00,0x00,0x00,0x00,0x00,0x00,0x00,0x00,0x00,0x00,0x00,0x00,0x00,0x00,0x00,0x00,0x00,0x00,0x00,0x00,0x00,0x00,0x00,0x00,0x00,0x00,0x00,
    0x00,0x00,0x00,0x00,0x00,0x00,0x00,0x00,0x00,0x00,0x00,0x00,0x00,0x00,0x00,0x00,0x00,0x00,0x00,0x00,0x00,0x00,0x00,0x00,0x00,0x00,0x00,0x00,0x00,0x00,0x00,0x00,0x00,0x00,0x00,0x00,0x00,0x00,0x00,0x00,0x00,0x00,0x00,0x00,0x00,0x00,0x00,0x00,0x00,0x00,0x00,0x00,0x00,0x00,0x00,0x00,0x00,0x00,0x01,0x00,0x32,0x29,0x8e,0x90,0x90,0x91,0x84,0x8b,0x8b,0x8b,0x9f,0x34,0x20,0x00,0x02,0x0e,0x5a,0x9f,0x8e,0x8b,0x8b,0x8b,0x8b,0x8b,0x84,0x91,0x2a,0x0e,0x00,0x01,0x00,0x00,0x00,0x00,0x00,0x00,0x00,0x00,0x00,0x00,0x00,0x00,0x00,0x00,0x00,0x00,0x00,0x00,0x00,0x00,0x00,0x00,0x00,0x00,0x00,0x00,0x00,0x00,0x00,0x00,0x00,0x00,0x00,0x00,0x00,0x00,0x00,0x00,0x00,0x00,0x00,0x00,0x00,0x00,0x00,0x00,0x00,0x00,0x00,0x00,0x00,0x00,0x00,0x00,
    0x00,0x00,0x00,0x00,0x00,0x00,0x00,0x00,0x00,0x00,0x00,0x00,0x00,0x00,0x00,0x00,0x00,0x00,0x00,0x00,0x00,0x00,0x00,0x00,0x00,0x00,0x00,0x00,0x00,0x00,0x00,0x00,0x00,0x00,0x00,0x00,0x00,0x00,0x00,0x00,0x00,0x00,0x00,0x00,0x00,0x00,0x00,0x00,0x00,0x00,0x00,0x00,0x00,0x00,0x00,0x00,0x00,0x00,0x01,0x00,0x6b,0x65,0x0a,0x91,0x90,0x91,0x84,0x8b,0x8b,0x8b,0x8e,0x4b,0x1c,0x00,0x02,0x00,0x4d,0x84,0x84,0x8b,0x8b,0x8b,0x8b,0x8e,0x8f,0x90,0x55,0x39,0x00,0x06,0x00,0x00,0x00,0x00,0x00,0x00,0x00,0x00,0x00,0x00,0x00,0x00,0x00,0x00,0x00,0x00,0x00,0x00,0x00,0x00,0x00,0x00,0x00,0x00,0x00,0x00,0x00,0x00,0x00,0x00,0x00,0x00,0x00,0x00,0x00,0x00,0x00,0x00,0x00,0x00,0x00,0x00,0x00,0x00,0x00,0x00,0x00,0x00,0x00,0x00,0x00,0x00,0x00,0x00,
    0x00,0x00,0x00,0x00,0x00,0x00,0x00,0x00,0x00,0x00,0x00,0x00,0x00,0x00,0x00,0x00,0x00,0x00,0x00,0x00,0x00,0x00,0x00,0x00,0x00,0x00,0x00,0x00,0x00,0x00,0x00,0x00,0x00,0x00,0x00,0x00,0x00,0x00,0x00,0x00,0x00,0x00,0x00,0x00,0x00,0x00,0x00,0x00,0x00,0x00,0x00,0x00,0x00,0x00,0x00,0x00,0x00,0x02,0x02,0x0f,0x2d,0x1d,0x90,0x90,0x91,0x8b,0x8b,0x8b,0x8e,0x9f,0x11,0x5b,0x1c,0x00,0x02,0x03,0x40,0xa2,0x8b,0x8e,0x8b,0x8b,0x8b,0x8b,0x8b,0x8e,0x2a,0x39,0x01,0x06,0x00,0x00,0x00,0x00,0x00,0x00,0x00,0x00,0x00,0x00,0x00,0x00,0x00,0x00,0x00,0x00,0x00,0x00,0x00,0x00,0x00,0x00,0x00,0x00,0x00,0x00,0x00,0x00,0x00,0x00,0x00,0x00,0x00,0x00,0x00,0x00,0x00,0x00,0x00,0x00,0x00,0x00,0x00,0x00,0x00,0x00,0x00,0x00,0x00,0x00,0x00,0x00,0x00,0x00,
    0x00,0x00,0x00,0x00,0x00,0x00,0x00,0x00,0x00,0x00,0x00,0x00,0x00,0x00,0x00,0x00,0x00,0x00,0x00,0x00,0x00,0x00,0x00,0x00,0x00,0x00,0x00,0x00,0x00,0x00,0x00,0x00,0x00,0x00,0x00,0x00,0x00,0x00,0x00,0x00,0x00,0x00,0x00,0x00,0x00,0x00,0x00,0x00,0x00,0x00,0x00,0x00,0x00,0x00,0x00,0x00,0x00,0x02,0x00,0x09,0x42,0x9c,0xaa,0x90,0x8e,0x84,0x8b,0x8b,0x8b,0x84,0x91,0x64,0x1c,0x00,0x03,0x00,0x78,0x11,0x84,0x8e,0x8b,0x8b,0x8b,0x8b,0x8b,0x91,0x40,0x20,0x00,0x07,0x00,0x00,0x00,0x00,0x00,0x00,0x00,0x00,0x00,0x00,0x00,0x00,0x00,0x00,0x00,0x00,0x00,0x00,0x00,0x00,0x00,0x00,0x00,0x00,0x00,0x00,0x00,0x00,0x00,0x00,0x00,0x00,0x00,0x00,0x00,0x00,0x00,0x00,0x00,0x00,0x00,0x00,0x00,0x00,0x00,0x00,0x00,0x00,0x00,0x00,0x00,0x00,0x00,0x00,
    0x00,0x00,0x00,0x00,0x00,0x00,0x00,0x00,0x00,0x00,0x00,0x00,0x00,0x00,0x00,0x00,0x00,0x00,0x00,0x00,0x00,0x00,0x00,0x00,0x00,0x00,0x00,0x00,0x00,0x00,0x00,0x00,0x00,0x00,0x00,0x00,0x00,0x00,0x00,0x00,0x00,0x00,0x00,0x00,0x00,0x00,0x00,0x00,0x00,0x00,0x00,0x00,0x00,0x00,0x00,0x00,0x00,0x01,0x00,0x09,0x57,0xc5,0xa0,0xa2,0xa2,0x90,0x8e,0x8e,0x8e,0x8e,0x90,0x3c,0x18,0x00,0x00,0x0c,0x5d,0xc5,0x84,0x91,0x8e,0x8e,0x91,0x90,0x90,0xbd,0x29,0x6b,0x05,0x00,0x01,0x00,0x00,0x00,0x00,0x00,0x00,0x00,0x00,0x00,0x00,0x00,0x00,0x00,0x00,0x00,0x00,0x00,0x00,0x00,0x00,0x00,0x00,0x00,0x00,0x00,0x00,0x00,0x00,0x00,0x00,0x00,0x00,0x00,0x00,0x00,0x00,0x00,0x00,0x00,0x00,0x00,0x00,0x00,0x00,0x00,0x00,0x00,0x00,0x00,0x00,0x00,0x00,0x00,
    0x00,0x00,0x00,0x00,0x00,0x00,0x00,0x00,0x00,0x00,0x00,0x00,0x00,0x00,0x00,0x00,0x00,0x00,0x00,0x00,0x00,0x00,0x00,0x00,0x00,0x00,0x00,0x00,0x00,0x00,0x00,0x00,0x00,0x00,0x00,0x00,0x00,0x00,0x00,0x00,0x00,0x00,0x00,0x00,0x00,0x00,0x00,0x00,0x00,0x00,0x00,0x00,0x00,0x00,0x00,0x00,0x00,0x03,0x00,0x53,0x2e,0xdd,0x9e,0xa5,0xa5,0xa5,0xa5,0xa5,0xa5,0x9e,0xbc,0x15,0x53,0x01,0x1b,0x1a,0x2e,0xc1,0x9e,0xa5,0xa5,0xa5,0xa5,0xa5,0xa5,0xab,0xc0,0x48,0x13,0x09,0x01,0x01,0x00,0x00,0x00,0x00,0x00,0x00,0x00,0x00,0x00,0x00,0x00,0x00,0x00,0x00,0x00,0x00,0x00,0x00,0x00,0x00,0x00,0x00,0x00,0x00,0x00,0x00,0x00,0x00,0x00,0x00,0x00,0x00,0x00,0x00,0x00,0x00,0x00,0x00,0x00,0x00,0x00,0x00,0x00,0x00,0x00,0x00,0x00,0x00,0x00,0x00,0x00,0x00,
    0x00,0x00,0x00,0x00,0x00,0x00,0x00,0x00,0x00,0x00,0x00,0x00,0x00,0x00,0x00,0x00,0x00,0x00,0x00,0x00,0x00,0x00,0x00,0x00,0x00,0x00,0x00,0x00,0x00,0x00,0x00,0x00,0x00,0x00,0x00,0x00,0x00,0x00,0x00,0x00,0x00,0x00,0x00,0x00,0x00,0x00,0x00,0x00,0x00,0x00,0x00,0x00,0x00,0x00,0x00,0x00,0x00,0x00,0x00,0x1a,0x83,0x04,0xdd,0xbb,0xde,0xdf,0xb2,0xdf,0xbb,0xc9,0xe6,0x89,0x89,0x09,0x12,0x81,0x81,0xe6,0xbb,0xde,0xb2,0x33,0x33,0xb2,0xbb,0x3b,0x86,0x83,0x1f,0x08,0x03,0x03,0x00,0x00,0x00,0x00,0x00,0x00,0x00,0x00,0x00,0x00,0x00,0x00,0x00,0x00,0x00,0x00,0x00,0x00,0x00,0x00,0x00,0x00,0x00,0x00,0x00,0x00,0x00,0x00,0x00,0x00,0x00,0x00,0x00,0x00,0x00,0x00,0x00,0x00,0x00,0x00,0x00,0x00,0x00,0x00,0x00,0x00,0x00,0x00,0x00,0x00,0x00,0x00,
    0x00,0x00,0x00,0x00,0x00,0x00,0x00,0x00,0x00,0x00,0x00,0x00,0x00,0x00,0x00,0x00,0x00,0x00,0x00,0x00,0x00,0x00,0x00,0x00,0x00,0x00,0x00,0x00,0x00,0x00,0x00,0x00,0x00,0x00,0x00,0x00,0x00,0x00,0x00,0x00,0x00,0x00,0x00,0x00,0x00,0x00,0x00,0x00,0x00,0x00,0x00,0x00,0x00,0x00,0x00,0x01,0x00,0x0e,0x13,0x89,0x88,0x85,0x8c,0x8c,0x8c,0x8c,0x8c,0x8c,0x8c,0x8c,0x8c,0x0b,0x89,0x1b,0x10,0x0b,0x0b,0x8c,0x8c,0x8c,0x87,0x87,0x87,0x87,0x8c,0x8c,0x88,0x85,0x1f,0x00,0x00,0x00,0x00,0x00,0x00,0x00,0x00,0x00,0x00,0x00,0x00,0x00,0x00,0x00,0x00,0x00,0x00,0x00,0x00,0x00,0x00,0x00,0x00,0x00,0x00,0x00,0x00,0x00,0x00,0x00,0x00,0x00,0x00,0x00,0x00,0x00,0x00,0x00,0x00,0x00,0x00,0x00,0x00,0x00,0x00,0x00,0x00,0x00,0x00,0x00,0x00,0x00,0x00,0x00,
    0x00,0x00,0x00,0x00,0x00,0x00,0x00,0x00,0x00,0x00,0x00,0x00,0x00,0x00,0x00,0x00,0x00,0x00,0x00,0x00,0x00,0x00,0x00,0x00,0x00,0x00,0x00,0x00,0x00,0x00,0x00,0x00,0x00,0x00,0x00,0x00,0x00,0x00,0x00,0x00,0x00,0x00,0x00,0x00,0x00,0x00,0x00,0x00,0x00,0x00,0x00,0x00,0x00,0x00,0x00,0x01,0x01,0x0e,0x2c,0x88,0x04,0x88,0x86,0xaf,0xaf,0xaf,0xaf,0xaf,0xaf,0x88,0x85,0x88,0x81,0x12,0x10,0x85,0x04,0x86,0x81,0xaf,0xaf,0xaf,0xaf,0xaf,0x88,0x85,0x88,0x88,0x27,0x00,0x00,0x00,0x00,0x00,0x00,0x00,0x00,0x00,0x00,0x00,0x00,0x00,0x00,0x00,0x00,0x00,0x00,0x00,0x00,0x00,0x00,0x00,0x00,0x00,0x00,0x00,0x00,0x00,0x00,0x00,0x00,0x00,0x00,0x00,0x00,0x00,0x00,0x00,0x00,0x00,0x00,0x00,0x00,0x00,0x00,0x00,0x00,0x00,0x00,0x00,0x00,0x00,0x00,0x00,
    0x00,0x00,0x00,0x00,0x00,0x00,0x00,0x00,0x00,0x00,0x00,0x00,0x00,0x00,0x00,0x00,0x00,0x00,0x00,0x00,0x00,0x00,0x00,0x00,0x00,0x00,0x00,0x00,0x00,0x00,0x00,0x00,0x00,0x00,0x00,0x00,0x00,0x00,0x00,0x00,0x00,0x00,0x00,0x00,0x00,0x00,0x00,0x00,0x00,0x00,0x00,0x00,0x00,0x00,0x00,0x00,0x05,0x07,0x13,0x81,0x04,0x83,0x86,0x81,0x81,0x81,0x81,0x81,0x81,0x85,0x86,0x0b,0x85,0x12,0x1b,0x89,0x88,0x85,0x88,0x83,0x81,0x81,0x81,0x83,0x86,0x88,0xaf,0x81,0x27,0x0c,0x00,0x01,0x00,0x00,0x00,0x00,0x00,0x00,0x00,0x00,0x00,0x00,0x00,0x00,0x00,0x00,0x00,0x00,0x00,0x00,0x00,0x00,0x00,0x00,0x00,0x00,0x00,0x00,0x00,0x00,0x00,0x00,0x00,0x00,0x00,0x00,0x00,0x00,0x00,0x00,0x00,0x00,0x00,0x00,0x00,0x00,0x00,0x00,0x00,0x00,0x00,0x00,0x00,0x00,
    0x00,0x00,0x00,0x00,0x00,0x00,0x00,0x00,0x00,0x00,0x00,0x00,0x00,0x00,0x00,0x00,0x00,0x00,0x00,0x00,0x00,0x00,0x00,0x00,0x00,0x00,0x00,0x00,0x00,0x00,0x00,0x00,0x00,0x00,0x00,0x00,0x00,0x00,0x00,0x00,0x00,0x00,0x00,0x00,0x00,0x00,0x00,0x00,0x00,0x00,0x00,0x00,0x00,0x00,0x00,0x01,0x03,0x0f,0x53,0x83,0x04,0x85,0x8c,0x88,0x83,0x83,0x83,0x83,0x81,0x8c,0x8c,0x89,0x89,0x0c,0x0c,0x0b,0x89,0x8c,0x89,0x81,0x83,0x83,0x83,0x83,0x89,0x8c,0x88,0x81,0x51,0x12,0x00,0x03,0x00,0x00,0x00,0x00,0x00,0x00,0x00,0x00,0x00,0x00,0x00,0x00,0x00,0x00,0x00,0x00,0x00,0x00,0x00,0x00,0x00,0x00,0x00,0x00,0x00,0x00,0x00,0x00,0x00,0x00,0x00,0x00,0x00,0x00,0x00,0x00,0x00,0x00,0x00,0x00,0x00,0x00,0x00,0x00,0x00,0x00,0x00,0x00,0x00,0x00,0x00,0x00,
    0x00,0x00,0x00,0x00,0x00,0x00,0x00,0x00,0x00,0x00,0x00,0x00,0x00,0x00,0x00,0x00,0x00,0x00,0x00,0x00,0x00,0x00,0x00,0x00,0x00,0x00,0x00,0x00,0x00,0x00,0x00,0x00,0x00,0x00,0x00,0x00,0x00,0x00,0x00,0x00,0x00,0x00,0x00,0x00,0x00,0x00,0x00,0x00,0x00,0x00,0x00,0x00,0x00,0x00,0x00,0x00,0x03,0x00,0x08,0x88,0x85,0xb0,0xa8,0xcb,0x85,0x89,0x89,0x89,0x86,0xc8,0xb5,0xba,0x87,0x09,0x01,0x2e,0x17,0xa8,0x86,0x87,0x8c,0x8c,0x8c,0x87,0x9d,0xa8,0xba,0x88,0x1f,0x10,0x03,0x03,0x00,0x00,0x00,0x00,0x00,0x00,0x00,0x00,0x00,0x00,0x00,0x00,0x00,0x00,0x00,0x00,0x00,0x00,0x00,0x00,0x00,0x00,0x00,0x00,0x00,0x00,0x00,0x00,0x00,0x00,0x00,0x00,0x00,0x00,0x00,0x00,0x00,0x00,0x00,0x00,0x00,0x00,0x00,0x00,0x00,0x00,0x00,0x00,0x00,0x00,0x00,0x00,
    0x00,0x00,0x00,0x00,0x00,0x00,0x00,0x00,0x00,0x00,0x00,0x00,0x00,0x00,0x00,0x00,0x00,0x00,0x00,0x00,0x00,0x00,0x00,0x00,0x00,0x00,0x00,0x00,0x00,0x00,0x00,0x00,0x00,0x00,0x00,0x00,0x00,0x00,0x00,0x00,0x00,0x00,0x00,0x00,0x00,0x00,0x00,0x00,0x00,0x00,0x00,0x00,0x00,0x00,0x00,0x00,0x03,0x00,0x08,0x85,0x85,0xb0,0xb5,0xb5,0xcd,0xb0,0xb0,0xa8,0xb6,0xb6,0xb6,0x9d,0x48,0x0c,0x19,0x2e,0xc8,0xc2,0xb5,0xa8,0xb0,0xa8,0xa8,0xb5,0xb6,0xb6,0x17,0x86,0x0d,0x08,0x00,0x03,0x00,0x00,0x00,0x00,0x00,0x00,0x00,0x00,0x00,0x00,0x00,0x00,0x00,0x00,0x00,0x00,0x00,0x00,0x00,0x00,0x00,0x00,0x00,0x00,0x00,0x00,0x00,0x00,0x00,0x00,0x00,0x00,0x00,0x00,0x00,0x00,0x00,0x00,0x00,0x00,0x00,0x00,0x00,0x00,0x00,0x00,0x00,0x00,0x00,0x00,0x00,0x00,
    0x00,0x00,0x00,0x00,0x00,0x00,0x00,0x00,0x00,0x00,0x00,0x00,0x00,0x00,0x00,0x00,0x00,0x00,0x00,0x00,0x00,0x00,0x00,0x00,0x00,0x00,0x00,0x00,0x00,0x00,0x00,0x00,0x00,0x00,0x00,0x00,0x00,0x00,0x00,0x00,0x00,0x00,0x00,0x00,0x00,0x00,0x00,0x00,0x00,0x00,0x00,0x00,0x00,0x00,0x00,0x00,0x03,0x00,0x08,0x81,0x81,0x81,0xaf,0x89,0xb5,0xf2,0xf2,0xec,0xba,0x86,0xb0,0x87,0x1f,0x1b,0x00,0x15,0x87,0xba,0xcb,0xb5,0xf2,0xec,0xec,0xb0,0x89,0xba,0x87,0x86,0x0d,0x0c,0x00,0x03,0x00,0x00,0x00,0x00,0x00,0x00,0x00,0x00,0x00,0x00,0x00,0x00,0x00,0x00,0x00,0x00,0x00,0x00,0x00,0x00,0x00,0x00,0x00,0x00,0x00,0x00,0x00,0x00,0x00,0x00,0x00,0x00,0x00,0x00,0x00,0x00,0x00,0x00,0x00,0x00,0x00,0x00,0x00,0x00,0x00,0x00,0x00,0x00,0x00,0x00,0x00,0x00,
    0x00,0x00,0x00,0x00,0x00,0x00,0x00,0x00,0x00,0x00,0x00,0x00,0x00,0x00,0x00,0x00,0x00,0x00,0x00,0x00,0x00,0x00,0x00,0x00,0x00,0x00,0x00,0x00,0x00,0x00,0x00,0x00,0x00,0x00,0x00,0x00,0x00,0x00,0x00,0x00,0x00,0x00,0x00,0x00,0x00,0x00,0x00,0x00,0x00,0x00,0x00,0x00,0x00,0x00,0x00,0x00,0x03,0x00,0x08,0x83,0x83,0xcb,0xb5,0xcc,0xb5,0xc8,0x86,0xa8,0xb6,0xb6,0xc8,0x87,0x1f,0x10,0x0e,0x15,0x87,0xa8,0xcc,0xb5,0x9d,0x85,0xa8,0xc2,0xb6,0xc8,0x89,0x85,0x0d,0x0c,0x00,0x03,0x00,0x00,0x00,0x00,0x00,0x00,0x00,0x00,0x00,0x00,0x00,0x00,0x00,0x00,0x00,0x00,0x00,0x00,0x00,0x00,0x00,0x00,0x00,0x00,0x00,0x00,0x00,0x00,0x00,0x00,0x00,0x00,0x00,0x00,0x00,0x00,0x00,0x00,0x00,0x00,0x00,0x00,0x00,0x00,0x00,0x00,0x00,0x00,0x00,0x00,0x00,0x00,
    0x00,0x00,0x00,0x00,0x00,0x00,0x00,0x00,0x00,0x00,0x00,0x00,0x00,0x00,0x00,0x00,0x00,0x00,0x00,0x00,0x00,0x00,0x00,0x00,0x00,0x00,0x00,0x00,0x00,0x00,0x00,0x00,0x00,0x00,0x00,0x00,0x00,0x00,0x00,0x00,0x00,0x00,0x00,0x00,0x00,0x00,0x00,0x00,0x00,0x00,0x00,0x00,0x00,0x00,0x00,0x00,0x03,0x00,0x08,0x86,0x89,0xb0,0xcc,0xb5,0xb0,0x8c,0x8c,0x9d,0xa8,0xb5,0xa8,0x8c,0x1f,0x10,0x44,0x15,0x86,0xd5,0xb6,0xa8,0x88,0x8c,0x88,0xcd,0xc2,0xb5,0x0b,0x86,0x0d,0x0c,0x00,0x03,0x00,0x00,0x00,0x00,0x00,0x00,0x00,0x00,0x00,0x00,0x00,0x00,0x00,0x00,0x00,0x00,0x00,0x00,0x00,0x00,0x00,0x00,0x00,0x00,0x00,0x00,0x00,0x00,0x00,0x00,0x00,0x00,0x00,0x00,0x00,0x00,0x00,0x00,0x00,0x00,0x00,0x00,0x00,0x00,0x00,0x00,0x00,0x00,0x00,0x00,0x00,0x00,
    0x00,0x00,0x00,0x00,0x00,0x00,0x00,0x00,0x00,0x00,0x00,0x00,0x00,0x00,0x00,0x00,0x00,0x00,0x00,0x00,0x00,0x00,0x00,0x00,0x00,0x00,0x00,0x00,0x00,0x00,0x00,0x00,0x00,0x00,0x00,0x00,0x00,0x00,0x00,0x00,0x00,0x00,0x00,0x00,0x00,0x00,0x00,0x00,0x00,0x00,0x00,0x00,0x00,0x00,0x00,0x00,0x03,0x00,0x08,0x87,0x89,0x86,0x8c,0xba,0xc2,0xb6,0xcd,0xcc,0xa8,0x8c,0x0b,0x89,0x1f,0x10,0x05,0x15,0x83,0x85,0x9d,0xc2,0xcc,0xb5,0xcc,0xb6,0x88,0x89,0x04,0x83,0x0d,0x08,0x00,0x03,0x00,0x00,0x00,0x00,0x00,0x00,0x00,0x00,0x00,0x00,0x00,0x00,0x00,0x00,0x00,0x00,0x00,0x00,0x00,0x00,0x00,0x00,0x00,0x00,0x00,0x00,0x00,0x00,0x00,0x00,0x00,0x00,0x00,0x00,0x00,0x00,0x00,0x00,0x00,0x00,0x00,0x00,0x00,0x00,0x00,0x00,0x00,0x00,0x00,0x00,0x00,0x00,
    0x00,0x00,0x00,0x00,0x00,0x00,0x00,0x00,0x00,0x00,0x00,0x00,0x00,0x00,0x00,0x00,0x00,0x00,0x00,0x00,0x00,0x00,0x00,0x00,0x00,0x00,0x00,0x00,0x00,0x00,0x00,0x00,0x00,0x00,0x00,0x00,0x00,0x00,0x00,0x00,0x00,0x00,0x00,0x00,0x00,0x00,0x00,0x00,0x00,0x00,0x00,0x00,0x00,0x00,0x00,0x00,0x03,0x00,0x08,0x86,0x81,0x88,0x8c,0x8c,0xcd,0xeb,0xeb,0xb6,0x8c,0x8c,0x0b,0x89,0x1f,0x10,0x05,0x15,0x83,0x86,0x87,0xa8,0xf2,0xcc,0xc2,0x9d,0x8c,0x87,0x81,0x83,0x1a,0x10,0x00,0x03,0x00,0x00,0x00,0x00,0x00,0x00,0x00,0x00,0x00,0x00,0x00,0x00,0x00,0x00,0x00,0x00,0x00,0x00,0x00,0x00,0x00,0x00,0x00,0x00,0x00,0x00,0x00,0x00,0x00,0x00,0x00,0x00,0x00,0x00,0x00,0x00,0x00,0x00,0x00,0x00,0x00,0x00,0x00,0x00,0x00,0x00,0x00,0x00,0x00,0x00,0x00,0x00,
    0x00,0x00,0x00,0x00,0x00,0x00,0x00,0x00,0x00,0x00,0x00,0x00,0x00,0x00,0x00,0x00,0x00,0x00,0x00,0x00,0x00,0x00,0x00,0x00,0x00,0x00,0x00,0x00,0x00,0x00,0x00,0x00,0x00,0x00,0x00,0x00,0x00,0x00,0x00,0x00,0x00,0x00,0x00,0x00,0x00,0x00,0x00,0x00,0x00,0x00,0x00,0x00,0x00,0x00,0x00,0x00,0x03,0x00,0x0c,0x83,0x83,0x88,0xb0,0xc2,0xb6,0xcb,0x89,0xa8,0xb6,0xb0,0x0b,0x85,0x1f,0x08,0x05,0x15,0x86,0xc8,0xc2,0xd5,0xc8,0x87,0xba,0xc2,0xb5,0x88,0x81,0x88,0x48,0x53,0x00,0x03,0x00,0x00,0x00,0x00,0x00,0x00,0x00,0x00,0x00,0x00,0x00,0x00,0x00,0x00,0x00,0x00,0x00,0x00,0x00,0x00,0x00,0x00,0x00,0x00,0x00,0x00,0x00,0x00,0x00,0x00,0x00,0x00,0x00,0x00,0x00,0x00,0x00,0x00,0x00,0x00,0x00,0x00,0x00,0x00,0x00,0x00,0x00,0x00,0x00,0x00,0x00,0x00,
    0x00,0x00,0x00,0x00,0x00,0x00,0x00,0x00,0x00,0x00,0x00,0x00,0x00,0x00,0x00,0x00,0x00,0x00,0x00,0x00,0x00,0x00,0x00,0x00,0x00,0x00,0x00,0x00,0x00,0x00,0x00,0x00,0x00,0x00,0x00,0x00,0x00,0x00,0x00,0x00,0x00,0x00,0x00,0x00,0x00,0x00,0x00,0x00,0x00,0x00,0x00,0x00,0x00,0x00,0x00,0x00,0x05,0x00,0x1b,0x88,0x88,0x89,0xb5,0xcc,0xb0,0x87,0x8c,0xb0,0xeb,0xf3,0x81,0x81,0x1a,0x00,0x08,0x15,0x89,0xb0,0xeb,0xcd,0x86,0x8c,0xba,0xc2,0xcc,0x99,0x81,0x83,0x27,0x1b,0x00,0x03,0x00,0x00,0x00,0x00,0x00,0x00,0x00,0x00,0x00,0x00,0x00,0x00,0x00,0x00,0x00,0x00,0x00,0x00,0x00,0x00,0x00,0x00,0x00,0x00,0x00,0x00,0x00,0x00,0x00,0x00,0x00,0x00,0x00,0x00,0x00,0x00,0x00,0x00,0x00,0x00,0x00,0x00,0x00,0x00,0x00,0x00,0x00,0x00,0x00,0x00,0x00,0x00,
    0x00,0x00,0x00,0x00,0x00,0x00,0x00,0x00,0x00,0x00,0x00,0x00,0x00,0x00,0x00,0x00,0x00,0x00,0x00,0x00,0x00,0x00,0x00,0x00,0x00,0x00,0x00,0x00,0x00,0x00,0x00,0x00,0x00,0x00,0x00,0x00,0x00,0x00,0x00,0x00,0x00,0x00,0x00,0x00,0x00,0x00,0x00,0x00,0x00,0x00,0x00,0x00,0x00,0x00,0x00,0x00,0x05,0x00,0x12,0x83,0x04,0x86,0x8c,0xcb,0xd5,0xcc,0xc2,0xc2,0xc8,0x85,0x04,0x83,0x0d,0x09,0x1a,0x85,0x0b,0x8c,0x8c,0xcd,0xcc,0xb6,0xcc,0xb0,0x87,0x81,0x04,0x83,0x27,0x05,0x00,0x00,0x00,0x00,0x00,0x00,0x00,0x00,0x00,0x00,0x00,0x00,0x00,0x00,0x00,0x00,0x00,0x00,0x00,0x00,0x00,0x00,0x00,0x00,0x00,0x00,0x00,0x00,0x00,0x00,0x00,0x00,0x00,0x00,0x00,0x00,0x00,0x00,0x00,0x00,0x00,0x00,0x00,0x00,0x00,0x00,0x00,0x00,0x00,0x00,0x00,0x00,0x00,0x00,
    0x00,0x00,0x00,0x00,0x00,0x00,0x00,0x00,0x00,0x00,0x00,0x00,0x00,0x00,0x00,0x00,0x00,0x00,0x00,0x00,0x00,0x00,0x00,0x00,0x00,0x00,0x00,0x00,0x00,0x00,0x00,0x00,0x00,0x00,0x00,0x00,0x00,0x00,0x00,0x00,0x00,0x00,0x00,0x00,0x00,0x00,0x00,0x00,0x00,0x00,0x00,0x00,0x00,0x00,0x00,0x00,0x05,0x00,0x12,0x81,0x04,0x86,0x87,0xb0,0xb6,0xb5,0xa8,0xb6,0xa8,0x81,0x0b,0x85,0x0d,0x19,0x12,0x85,0x0b,0x8c,0xba,0xb6,0xb6,0xb0,0xe2,0xb5,0xc8,0x87,0x0b,0x85,0x27,0x00,0x00,0x00,0x00,0x00,0x00,0x00,0x00,0x00,0x00,0x00,0x00,0x00,0x00,0x00,0x00,0x00,0x00,0x00,0x00,0x00,0x00,0x00,0x00,0x00,0x00,0x00,0x00,0x00,0x00,0x00,0x00,0x00,0x00,0x00,0x00,0x00,0x00,0x00,0x00,0x00,0x00,0x00,0x00,0x00,0x00,0x00,0x00,0x00,0x00,0x00,0x00,0x00,0x00,0x00,
    0x00,0x00,0x00,0x00,0x00,0x00,0x00,0x00,0x00,0x00,0x00,0x00,0x00,0x00,0x00,0x00,0x00,0x00,0x00,0x00,0x00,0x00,0x00,0x00,0x00,0x00,0x00,0x00,0x00,0x00,0x00,0x00,0x00,0x00,0x00,0x00,0x00,0x00,0x00,0x00,0x00,0x00,0x00,0x00,0x00,0x00,0x00,0x00,0x00,0x00,0x00,0x00,0x00,0x00,0x00,0x00,0x05,0x00,0x12,0x88,0x04,0x88,0xc2,0xcc,0xc2,0xcd,0xa8,0xb6,0xc2,0xd5,0x88,0x89,0x27,0x05,0x1b,0x86,0x87,0xcd,0xeb,0xc2,0xb5,0xcd,0xb5,0xb5,0xec,0xba,0x89,0x88,0x27,0x05,0x00,0x00,0x00,0x00,0x00,0x00,0x00,0x00,0x00,0x00,0x00,0x00,0x00,0x00,0x00,0x00,0x00,0x00,0x00,0x00,0x00,0x00,0x00,0x00,0x00,0x00,0x00,0x00,0x00,0x00,0x00,0x00,0x00,0x00,0x00,0x00,0x00,0x00,0x00,0x00,0x00,0x00,0x00,0x00,0x00,0x00,0x00,0x00,0x00,0x00,0x00,0x00,0x00,0x00,
    0x00,0x00,0x00,0x00,0x00,0x00,0x00,0x00,0x00,0x00,0x00,0x00,0x00,0x00,0x00,0x00,0x00,0x00,0x00,0x00,0x00,0x00,0x00,0x00,0x00,0x00,0x00,0x00,0x00,0x00,0x00,0x00,0x00,0x00,0x00,0x00,0x00,0x00,0x00,0x00,0x00,0x00,0x00,0x00,0x00,0x00,0x00,0x00,0x00,0x00,0x00,0x00,0x00,0x00,0x00,0x00,0x03,0x01,0x0d,0x83,0x04,0xaf,0xa8,0x85,0xba,0xb0,0xb0,0xba,0x87,0xba,0x81,0x89,0x85,0x09,0x1b,0x88,0x81,0xa8,0x99,0xc8,0xa8,0xb0,0xb0,0x85,0xc8,0xba,0x87,0x0b,0x0b,0x0c,0x00,0x03,0x00,0x00,0x00,0x00,0x00,0x00,0x00,0x00,0x00,0x00,0x00,0x00,0x00,0x00,0x00,0x00,0x00,0x00,0x00,0x00,0x00,0x00,0x00,0x00,0x00,0x00,0x00,0x00,0x00,0x00,0x00,0x00,0x00,0x00,0x00,0x00,0x00,0x00,0x00,0x00,0x00,0x00,0x00,0x00,0x00,0x00,0x00,0x00,0x00,0x00,0x00,0x00,
    0x00,0x00,0x00,0x00,0x00,0x00,0x00,0x00,0x00,0x00,0x00,0x00,0x00,0x00,0x00,0x00,0x00,0x00,0x00,0x00,0x00,0x00,0x00,0x00,0x00,0x00,0x00,0x00,0x00,0x00,0x00,0x00,0x00,0x00,0x00,0x00,0x00,0x00,0x00,0x00,0x00,0x00,0x00,0x00,0x00,0x00,0x00,0x00,0x00,0x00,0x00,0x00,0x00,0x00,0x00,0x00,0x00,0x00,0x27,0x81,0x88,0x85,0x8c,0x87,0x8c,0x87,0x87,0x8c,0x89,0x87,0x87,0x0b,0x85,0x1b,0x2c,0x85,0x04,0x89,0x87,0x87,0x87,0x87,0x87,0x85,0x87,0x87,0x89,0x88,0x89,0x1b,0x00,0x03,0x00,0x00,0x00,0x00,0x00,0x00,0x00,0x00,0x00,0x00,0x00,0x00,0x00,0x00,0x00,0x00,0x00,0x00,0x00,0x00,0x00,0x00,0x00,0x00,0x00,0x00,0x00,0x00,0x00,0x00,0x00,0x00,0x00,0x00,0x00,0x00,0x00,0x00,0x00,0x00,0x00,0x00,0x00,0x00,0x00,0x00,0x00,0x00,0x00,0x00,0x00,0x00,
    0x00,0x00,0x00,0x00,0x00,0x00,0x00,0x00,0x00,0x00,0x00,0x00,0x00,0x00,0x00,0x00,0x00,0x00,0x00,0x00,0x00,0x00,0x00,0x00,0x00,0x00,0x00,0x00,0x00,0x00,0x00,0x00,0x00,0x00,0x00,0x00,0x00,0x00,0x00,0x00,0x00,0x00,0x00,0x00,0x00,0x00,0x00,0x00,0x00,0x00,0x00,0x00,0x00,0x00,0x00,0x03,0x00,0x0c,0x2e,0x88,0x83,0x89,0x88,0x81,0x81,0x86,0x85,0x85,0x89,0x89,0x89,0x0b,0x89,0x0d,0x1f,0x89,0x0b,0x86,0x89,0x85,0x86,0x85,0x85,0x85,0x85,0x89,0x86,0x04,0x85,0x2c,0x00,0x05,0x00,0x00,0x00,0x00,0x00,0x00,0x00,0x00,0x00,0x00,0x00,0x00,0x00,0x00,0x00,0x00,0x00,0x00,0x00,0x00,0x00,0x00,0x00,0x00,0x00,0x00,0x00,0x00,0x00,0x00,0x00,0x00,0x00,0x00,0x00,0x00,0x00,0x00,0x00,0x00,0x00,0x00,0x00,0x00,0x00,0x00,0x00,0x00,0x00,0x00,0x00,0x00,
    0x00,0x00,0x00,0x00,0x00,0x00,0x00,0x00,0x00,0x00,0x00,0x00,0x00,0x00,0x00,0x00,0x00,0x00,0x00,0x00,0x00,0x00,0x00,0x00,0x00,0x00,0x00,0x00,0x00,0x00,0x00,0x00,0x00,0x00,0x00,0x00,0x00,0x00,0x00,0x00,0x00,0x00,0x00,0x00,0x00,0x00,0x00,0x00,0x00,0x00,0x00,0x00,0x00,0x00,0x00,0x03,0x00,0x10,0x89,0x0b,0x85,0x89,0x85,0x85,0x85,0x85,0x89,0x89,0x89,0x89,0x89,0x89,0x86,0x99,0x86,0x86,0x88,0x88,0x89,0x89,0x89,0x89,0x89,0x89,0x89,0x89,0x88,0x04,0x83,0x2c,0x00,0x05,0x00,0x00,0x00,0x00,0x00,0x00,0x00,0x00,0x00,0x00,0x00,0x00,0x00,0x00,0x00,0x00,0x00,0x00,0x00,0x00,0x00,0x00,0x00,0x00,0x00,0x00,0x00,0x00,0x00,0x00,0x00,0x00,0x00,0x00,0x00,0x00,0x00,0x00,0x00,0x00,0x00,0x00,0x00,0x00,0x00,0x00,0x00,0x00,0x00,0x00,0x00,0x00,
    0x00,0x00,0x00,0x00,0x00,0x00,0x00,0x00,0x00,0x00,0x00,0x00,0x00,0x00,0x00,0x00,0x00,0x00,0x00,0x00,0x00,0x00,0x00,0x00,0x00,0x00,0x00,0x00,0x00,0x00,0x00,0x00,0x00,0x00,0x00,0x00,0x00,0x00,0x00,0x00,0x00,0x00,0x00,0x00,0x00,0x00,0x00,0x00,0x00,0x00,0x00,0x00,0x00,0x00,0x00,0x01,0x19,0x53,0x86,0x89,0x89,0x89,0x89,0x89,0x89,0x89,0x89,0x85,0x89,0x85,0x88,0x86,0x89,0xc0,0xaf,0x85,0x88,0x85,0x89,0x89,0x89,0x89,0x89,0x89,0x89,0x89,0x86,0x88,0x86,0x2c,0x00,0x05,0x00,0x00,0x00,0x00,0x00,0x00,0x00,0x00,0x00,0x00,0x00,0x00,0x00,0x00,0x00,0x00,0x00,0x00,0x00,0x00,0x00,0x00,0x00,0x00,0x00,0x00,0x00,0x00,0x00,0x00,0x00,0x00,0x00,0x00,0x00,0x00,0x00,0x00,0x00,0x00,0x00,0x00,0x00,0x00,0x00,0x00,0x00,0x00,0x00,0x00,0x00,0x00,
    0x00,0x00,0x00,0x00,0x00,0x00,0x00,0x00,0x00,0x00,0x00,0x00,0x00,0x00,0x00,0x00,0x00,0x00,0x00,0x00,0x00,0x00,0x00,0x00,0x00,0x00,0x00,0x00,0x00,0x00,0x00,0x00,0x00,0x00,0x00,0x00,0x00,0x00,0x00,0x00,0x00,0x00,0x00,0x00,0x00,0x00,0x00,0x00,0x00,0x00,0x00,0x00,0x00,0x00,0x01,0x00,0x09,0x13,0xaf,0x86,0x89,0x89,0x89,0x89,0x89,0x89,0x89,0x89,0x89,0x85,0x85,0x85,0x86,0x99,0xaf,0x85,0x89,0x89,0x89,0x87,0x87,0x85,0x85,0x87,0x87,0x87,0x89,0x0b,0xaf,0x2c,0x00,0x05,0x00,0x00,0x00,0x00,0x00,0x00,0x00,0x00,0x00,0x00,0x00,0x00,0x00,0x00,0x00,0x00,0x00,0x00,0x00,0x00,0x00,0x00,0x00,0x00,0x00,0x00,0x00,0x00,0x00,0x00,0x00,0x00,0x00,0x00,0x00,0x00,0x00,0x00,0x00,0x00,0x00,0x00,0x00,0x00,0x00,0x00,0x00,0x00,0x00,0x00,0x00,0x00,
    0x00,0x00,0x00,0x00,0x00,0x00,0x00,0x00,0x00,0x00,0x00,0x00,0x00,0x00,0x00,0x00,0x00,0x00,0x00,0x00,0x00,0x00,0x00,0x00,0x00,0x00,0x00,0x00,0x00,0x00,0x00,0x00,0x00,0x00,0x00,0x00,0x00,0x00,0x00,0x00,0x00,0x00,0x00,0x00,0x00,0x00,0x00,0x00,0x00,0x00,0x00,0x00,0x00,0x00,0x01,0x00,0x09,0x2c,0x04,0x9d,0x9d,0x99,0xaf,0x88,0x85,0x85,0x85,0x85,0x85,0x88,0x83,0x9d,0x99,0x99,0xaf,0x83,0x81,0x88,0x86,0x88,0x81,0x81,0x88,0x88,0x81,0x88,0x88,0x04,0x81,0x13,0x00,0x05,0x00,0x00,0x00,0x00,0x00,0x00,0x00,0x00,0x00,0x00,0x00,0x00,0x00,0x00,0x00,0x00,0x00,0x00,0x00,0x00,0x00,0x00,0x00,0x00,0x00,0x00,0x00,0x00,0x00,0x00,0x00,0x00,0x00,0x00,0x00,0x00,0x00,0x00,0x00,0x00,0x00,0x00,0x00,0x00,0x00,0x00,0x00,0x00,0x00,0x00,0x00,0x00,
    0x00,0x00,0x00,0x00,0x00,0x00,0x00,0x00,0x00,0x00,0x00,0x00,0x00,0x00,0x00,0x00,0x00,0x00,0x00,0x00,0x00,0x00,0x00,0x00,0x00,0x00,0x00,0x00,0x00,0x00,0x00,0x00,0x00,0x00,0x00,0x00,0x00,0x00,0x00,0x00,0x00,0x00,0x00,0x00,0x00,0x00,0x00,0x00,0x00,0x00,0x00,0x00,0x00,0x00,0x00,0x03,0x03,0x2c,0x83,0x17,0x17,0x17,0x17,0x99,0x9d,0x81,0x81,0x81,0x9d,0x17,0x17,0x17,0x17,0x17,0x9d,0x9d,0x04,0x9d,0x9d,0x9d,0x9d,0x9d,0x9d,0x99,0x99,0x99,0x99,0x99,0x15,0x0c,0x00,0x03,0x00,0x00,0x00,0x00,0x00,0x00,0x00,0x00,0x00,0x00,0x00,0x00,0x00,0x00,0x00,0x00,0x00,0x00,0x00,0x00,0x00,0x00,0x00,0x00,0x00,0x00,0x00,0x00,0x00,0x00,0x00,0x00,0x00,0x00,0x00,0x00,0x00,0x00,0x00,0x00,0x00,0x00,0x00,0x00,0x00,0x00,0x00,0x00,0x00,0x00,0x00,0x00,
    0x00,0x00,0x00,0x00,0x00,0x00,0x00,0x00,0x00,0x00,0x00,0x00,0x00,0x00,0x00,0x00,0x00,0x00,0x00,0x00,0x00,0x00,0x00,0x00,0x00,0x00,0x00,0x00,0x00,0x00,0x00,0x00,0x00,0x00,0x00,0x00,0x00,0x00,0x00,0x00,0x00,0x00,0x00,0x00,0x00,0x00,0x00,0x00,0x00,0x00,0x00,0x00,0x00,0x00,0x00,0x01,0x03,0x08,0x12,0x04,0x99,0x99,0x99,0xba,0x99,0x9d,0x83,0x83,0x9d,0x99,0x99,0x9d,0x17,0x12,0x12,0x15,0x81,0x9d,0x99,0x9d,0x83,0x9d,0x9d,0x99,0x17,0x17,0x99,0x99,0x51,0x09,0x00,0x01,0x00,0x00,0x00,0x00,0x00,0x00,0x00,0x00,0x00,0x00,0x00,0x00,0x00,0x00,0x00,0x00,0x00,0x00,0x00,0x00,0x00,0x00,0x00,0x00,0x00,0x00,0x00,0x00,0x00,0x00,0x00,0x00,0x00,0x00,0x00,0x00,0x00,0x00,0x00,0x00,0x00,0x00,0x00,0x00,0x00,0x00,0x00,0x00,0x00,0x00,0x00,0x00,
    0x00,0x00,0x00,0x00,0x00,0x00,0x00,0x00,0x00,0x00,0x00,0x00,0x00,0x00,0x00,0x00,0x00,0x00,0x00,0x00,0x00,0x00,0x00,0x00,0x00,0x00,0x00,0x00,0x00,0x00,0x00,0x00,0x00,0x00,0x00,0x00,0x00,0x00,0x00,0x00,0x00,0x00,0x00,0x00,0x00,0x00,0x00,0x00,0x00,0x00,0x00,0x00,0x00,0x00,0x00,0x00,0x00,0x00,0x00,0x0c,0x12,0x1a,0x0d,0x51,0x88,0x88,0x88,0x88,0x48,0x1a,0x13,0x1b,0x09,0x09,0x00,0x08,0x12,0x27,0x48,0x88,0x88,0x88,0x88,0x48,0x0d,0x1a,0x12,0x10,0x1b,0x19,0x01,0x00,0x00,0x00,0x00,0x00,0x00,0x00,0x00,0x00,0x00,0x00,0x00,0x00,0x00,0x00,0x00,0x00,0x00,0x00,0x00,0x00,0x00,0x00,0x00,0x00,0x00,0x00,0x00,0x00,0x00,0x00,0x00,0x00,0x00,0x00,0x00,0x00,0x00,0x00,0x00,0x00,0x00,0x00,0x00,0x00,0x00,0x00,0x00,0x00,0x00,0x00,0x00,0x00,
    0x00,0x00,0x00,0x00,0x00,0x00,0x00,0x00,0x00,0x00,0x00,0x00,0x00,0x00,0x00,0x00,0x00,0x00,0x00,0x00,0x00,0x00,0x00,0x00,0x00,0x00,0x00,0x00,0x00,0x00,0x00,0x00,0x00,0x00,0x00,0x00,0x00,0x00,0x00,0x00,0x00,0x00,0x00,0x00,0x00,0x00,0x00,0x00,0x00,0x00,0x00,0x00,0x00,0x00,0x00,0x00,0x00,0x03,0x03,0x00,0x00,0x00,0x00,0x09,0x08,0x08,0x08,0x08,0x09,0x00,0x00,0x00,0x00,0x00,0x03,0x00,0x00,0x05,0x09,0x08,0x08,0x08,0x08,0x09,0x00,0x00,0x00,0x00,0x00,0x00,0x00,0x00,0x00,0x00,0x00,0x00,0x00,0x00,0x00,0x00,0x00,0x00,0x00,0x00,0x00,0x00,0x00,0x00,0x00,0x00,0x00,0x00,0x00,0x00,0x00,0x00,0x00,0x00,0x00,0x00,0x00,0x00,0x00,0x00,0x00,0x00,0x00,0x00,0x00,0x00,0x00,0x00,0x00,0x00,0x00,0x00,0x00,0x00,0x00,0x00,0x00,0x00,0x00,0x00,
    0x00,0x00,0x00,0x00,0x00,0x00,0x00,0x00,0x00,0x00,0x00,0x00,0x00,0x00,0x00,0x00,0x00,0x00,0x00,0x00,0x00,0x00,0x00,0x00,0x00,0x00,0x00,0x00,0x00,0x00,0x00,0x00,0x00,0x00,0x00,0x00,0x00,0x00,0x00,0x00,0x00,0x00,0x00,0x00,0x00,0x00,0x00,0x00,0x00,0x00,0x00,0x00,0x00,0x00,0x00,0x00,0x00,0x00,0x00,0x03,0x05,0x03,0x03,0x00,0x00,0x00,0x00,0x00,0x00,0x03,0x03,0x05,0x03,0x01,0x00,0x03,0x05,0x00,0x00,0x00,0x00,0x00,0x00,0x00,0x03,0x03,0x05,0x03,0x03,0x00,0x00,0x00,0x00,0x00,0x00,0x00,0x00,0x00,0x00,0x00,0x00,0x00,0x00,0x00,0x00,0x00,0x00,0x00,0x00,0x00,0x00,0x00,0x00,0x00,0x00,0x00,0x00,0x00,0x00,0x00,0x00,0x00,0x00,0x00,0x00,0x00,0x00,0x00,0x00,0x00,0x00,0x00,0x00,0x00,0x00,0x00,0x00,0x00,0x00,0x00,0x00,0x00,0x00,0x00,

};

const lv_image_dsc_t passport_pet_review_0 = {
  .header = {
    .magic = LV_IMAGE_HEADER_MAGIC,
    .cf = LV_COLOR_FORMAT_I8,
    .flags = 0,
    .w = 144,
    .h = 156,
    .stride = 144,
    .reserved_2 = 0,
  },
  .data_size = sizeof(passport_pet_review_0_map),
  .data = passport_pet_review_0_map,
  .reserved = NULL,
};
