
#if defined(LV_LVGL_H_INCLUDE_SIMPLE)
#include "lvgl.h"
#elif defined(LV_LVGL_H_INCLUDE_SYSTEM)
#include <lvgl.h>
#elif defined(LV_BUILD_TEST)
#include "../lvgl.h"
#else
#include "lvgl/lvgl.h"
#endif

#ifndef LV_ATTRIBUTE_MEM_ALIGN
#define LV_ATTRIBUTE_MEM_ALIGN
#endif

#ifndef LV_ATTRIBUTE_PASSPORT_PET_REVIEW_5
#define LV_ATTRIBUTE_PASSPORT_PET_REVIEW_5
#endif

static const
LV_ATTRIBUTE_MEM_ALIGN LV_ATTRIBUTE_LARGE_CONST LV_ATTRIBUTE_PASSPORT_PET_REVIEW_5
uint8_t passport_pet_review_5_map[] = {

    0x4c,0x70,0x47,0x00,0x20,0x00,0x07,0x01,0x16,0x15,0x0e,0x03,0xe3,0xff,0xf0,0x01,
    0x79,0x7f,0x73,0x02,0x2b,0x28,0x28,0x02,0x92,0xaf,0xad,0x03,0x17,0x12,0x15,0xfe,
    0x17,0x12,0x15,0xfc,0x27,0x24,0x29,0xfe,0x14,0x13,0x16,0x26,0x0b,0x08,0x0b,0xfc,
    0xc0,0xd3,0xcc,0x06,0xca,0xd5,0xdf,0xfe,0xb6,0xcb,0xd9,0xfe,0x11,0x0e,0x0f,0xa2,
    0x13,0x0d,0x08,0x04,0xe9,0xf0,0xf9,0xff,0x0d,0x0a,0x0c,0xc1,0x1d,0x19,0x18,0x1a,
    0xc6,0xce,0xd8,0xfe,0x70,0x79,0x85,0xfb,0x78,0x9f,0x9f,0x23,0xa5,0xb8,0xbd,0xd1,
    0xe7,0xf0,0xf7,0xe8,0x73,0x95,0x91,0x32,0x0e,0x0a,0x0c,0xde,0x6e,0x85,0x6d,0x08,
    0x3e,0x23,0x2b,0xff,0x17,0x13,0x15,0xed,0xab,0xc5,0xc7,0x10,0x90,0xa8,0xc7,0xfe,
    0xd9,0xe5,0xed,0xfc,0x13,0x12,0x13,0x6f,0x19,0x1a,0x1d,0x98,0x16,0x0f,0x0b,0x41,
    0xa7,0xc5,0xd7,0xfe,0xce,0xdc,0xe7,0xfe,0x84,0x9b,0x9d,0x85,0x46,0x4f,0x62,0xfe,
    0xc8,0x87,0x14,0xfe,0x13,0x10,0x11,0xd6,0x2e,0x2f,0x12,0x12,0x36,0x41,0x39,0x0c,
    0x54,0x7d,0x77,0x74,0x88,0xa9,0xa8,0xea,0x0e,0x0a,0x0d,0xf2,0x97,0xb5,0xb6,0x83,
    0xcf,0xe6,0xe4,0x28,0x46,0x5e,0x63,0x7f,0xc0,0xd3,0xd8,0xa1,0xa7,0xaa,0xb0,0xfe,
    0x14,0x11,0x13,0xb7,0x55,0x6f,0x74,0xd6,0xcd,0xd9,0xdc,0xb4,0x92,0xa6,0xaa,0x67,
    0x68,0x7a,0xa5,0xfe,0x97,0xa5,0xb6,0xfd,0x80,0x64,0x06,0x77,0x70,0x62,0x07,0x9b,
    0xbd,0xd4,0xd9,0xd6,0x12,0x10,0x12,0x7d,0xd7,0xe4,0xea,0xeb,0x77,0x8d,0x8c,0x97,
    0x83,0xa0,0x9f,0xb2,0x9b,0xb4,0xc5,0xfe,0xe0,0xeb,0xf3,0xd4,0x55,0x64,0x3d,0x23,
    0x9a,0xba,0xbc,0xaf,0x1a,0x14,0x17,0xfa,0x12,0x0f,0x0d,0x50,0xa8,0xc3,0xce,0xfe,
    0xae,0x7c,0x0f,0xfe,0x4d,0x4e,0x49,0xfd,0x6c,0x8a,0x8b,0xe3,0x72,0x93,0x90,0x4a,
    0x5f,0x75,0x7c,0xa7,0xd3,0xdb,0xe0,0x84,0x77,0x5f,0x2f,0xff,0xb4,0xc6,0xd0,0xd5,
    0x69,0x9f,0x94,0x74,0x53,0x33,0x0c,0xfe,0x9e,0xbf,0xbc,0x4a,0x11,0x0e,0x0d,0x38,
    0x39,0x48,0x4c,0x8e,0xec,0xf0,0xf2,0x4a,0x41,0x5b,0x60,0xdc,0x65,0x9a,0x93,0xa3,
    0x68,0x5f,0x37,0x43,0xc5,0xdb,0xe4,0xe3,0xad,0xbf,0xc3,0xee,0x12,0x10,0x0f,0x87,
    0x11,0x0f,0x0f,0x61,0x9a,0x8c,0x8f,0xfc,0xd5,0xe9,0xe7,0x3b,0x51,0x72,0x79,0x5b,
    0xa0,0xb6,0xb6,0x3a,0x78,0xa1,0x9f,0xec,0x89,0xaa,0xa9,0x9f,0xb8,0xd1,0xd4,0x19,
    0x44,0x5e,0x64,0xb6,0x99,0x6b,0x09,0xc5,0x69,0x8c,0x77,0x19,0x58,0x5b,0x5f,0xfe,
    0x95,0x9d,0xa8,0xc9,0x80,0x97,0x97,0x5c,0x5b,0x55,0x12,0x59,0x7c,0x60,0x0e,0xf3,
    0x2b,0x64,0x68,0xf8,0xe9,0xee,0xf4,0x6c,0x8f,0xb6,0xb7,0xea,0xb8,0xcd,0xce,0x64,
    0xbc,0xcd,0xd2,0xeb,0x42,0x3c,0x28,0xc1,0x87,0xaf,0xab,0xca,0xd5,0x8f,0x0b,0xfc,
    0x71,0x3f,0x06,0xf9,0xe3,0xeb,0xef,0xb9,0xc1,0x75,0x1c,0xf1,0x5f,0x9d,0x92,0xc7,
    0x8f,0xa1,0xa1,0xdf,0x63,0x73,0x72,0xf4,0xa8,0x90,0x06,0xd2,0x88,0x8d,0x80,0xbc,
    0x69,0x5c,0x10,0xd2,0x67,0x71,0xa2,0xcc,0x4d,0xa7,0x8d,0xf7,0x59,0x62,0x64,0x67,
    0x5c,0x6e,0x86,0x37,0x58,0xa0,0x8f,0xdf,0x69,0x82,0x81,0xc0,0x96,0x8e,0x02,0x5d,
    0x81,0x75,0x8b,0x7c,0x18,0x13,0x16,0xff,0xcd,0xe9,0xfb,0xff,0x19,0x14,0x17,0xff,
    0xf0,0xf7,0xfd,0xff,0x09,0x07,0x0a,0xff,0x12,0x0e,0x11,0xff,0x15,0x11,0x14,0xff,
    0xcc,0xe8,0xfa,0xff,0x0f,0x0c,0x0f,0xff,0x0d,0x09,0x0c,0xff,0xee,0xf5,0xfc,0xff,
    0x01,0x01,0x03,0xff,0xeb,0xf2,0xfb,0xff,0xfb,0xa3,0x02,0xff,0xd2,0xef,0xff,0xff,
    0x1b,0x15,0x18,0xff,0xe5,0xed,0xf9,0xff,0xcf,0xec,0xfd,0xff,0xf4,0xfb,0xff,0xff,
    0xd1,0xed,0xfe,0xff,0xe1,0xec,0xf9,0xff,0xd8,0xf3,0xff,0xff,0x22,0x17,0x1a,0xff,
    0xf2,0xf9,0xff,0xff,0xfc,0xff,0xff,0xff,0xd7,0xf7,0xff,0xff,0xcd,0xd9,0xf5,0xff,
    0xf1,0x98,0x03,0xff,0xd0,0xf3,0xff,0xff,0xe0,0xf1,0xfe,0xff,0xc5,0xe2,0xf7,0xff,
    0xf8,0x9b,0x02,0xff,0xf8,0x9f,0x03,0xff,0xc8,0xe6,0xf9,0xff,0x29,0x1b,0x21,0xff,
    0xf5,0x93,0x02,0xff,0xf5,0xff,0xff,0xff,0xea,0x8d,0x02,0xff,0xe5,0xf6,0xff,0xff,
    0xa5,0xaf,0xbe,0xff,0xd8,0xed,0xfb,0xff,0xc9,0x7a,0x09,0xff,0xe0,0xe9,0xf2,0xff,
    0xd7,0xe0,0xe9,0xff,0xbb,0xd7,0xe8,0xff,0xad,0xb6,0xc2,0xff,0xc4,0xe0,0xf0,0xff,
    0x50,0x27,0x34,0xff,0xb1,0xd0,0xe1,0xff,0xa5,0xb9,0xd0,0xff,0x8a,0x9f,0xb7,0xff,
    0xd7,0xe5,0xfa,0xff,0x7a,0x8d,0xb6,0xff,0xbc,0xcd,0xe1,0xff,0x76,0x42,0x52,0xff,
    0x96,0xab,0xba,0xff,0x71,0x38,0x4b,0xff,0xb3,0xbd,0xcc,0xff,0x8c,0x44,0x59,0xff,
    0xce,0xe6,0xf7,0xff,0xdc,0x85,0x03,0xff,0xff,0xa9,0x02,0xff,0x39,0x1c,0x20,0xff,
    0x64,0x63,0x6e,0xff,0x86,0x8e,0x9b,0xff,0x3a,0x3b,0x46,0xff,0xa8,0x57,0x6d,0xff,
    0xd0,0xe9,0xf5,0xff,0xa2,0x6e,0x11,0xff,0xbc,0xc6,0xd7,0xff,0x61,0x6c,0x7d,0xff,
    0x2d,0x31,0x33,0xff,0xc1,0xcf,0xf5,0xff,0x60,0x32,0x40,0xff,0x98,0x58,0x0c,0xff,
    0xe2,0xfd,0xff,0xff,0xae,0xbe,0xf8,0xff,0x7a,0x83,0x92,0xff,0x1e,0x1b,0x21,0xff,
    0x5e,0x6d,0x96,0xff,0x84,0x98,0xac,0xff,0xb8,0xbf,0xc3,0xff,0xc8,0x56,0x76,0xff,
    0xcb,0x44,0x63,0xff,0xa3,0x42,0x5c,0xff,0x98,0x9d,0xa6,0xff,0xc7,0x5d,0x03,0xff,
    0x86,0x98,0xd3,0xff,0x72,0x87,0xa7,0xff,0xbf,0xc8,0xcb,0xfe,0x8d,0x4e,0x5d,0xff,
    0xec,0x7b,0x98,0xff,0xe6,0x56,0x78,0xff,0xa2,0xb2,0xf5,0xff,0x85,0x69,0x70,0xff,
    0xb2,0x90,0x2d,0xff,0xb6,0x93,0x56,0xff,0x97,0xa7,0xe3,0xff,0xf5,0x87,0x01,0xff,
    0x4f,0x5f,0x85,0xff,0x98,0x76,0x47,0xff,0xc0,0xbb,0xa1,0xff,0xc2,0xe9,0xfb,0xff,
    0xf4,0x90,0xb0,0xff,0xac,0xbf,0xdb,0xff,0xdd,0x64,0x86,0xff,0xcc,0x6c,0x84,0xff,
    0xb4,0xa1,0x7c,0xff,0x93,0x4a,0x09,0xff,0xe4,0x6e,0x01,0xff,0x90,0x78,0x8b,0xff,
    0x9a,0x2d,0x4a,0xff,0x0d,0xc1,0xd8,0xff,0x12,0x98,0xa9,0xff,0xf0,0xd8,0xe5,0xff,
    0xbc,0x63,0x7a,0xff,0xed,0xc0,0xd7,0xff,0x96,0x87,0x6d,0xff,0x05,0xe1,0xfc,0xff,
    0xe8,0x7d,0x02,0xff,0x23,0x80,0x7c,0xff,0xa9,0xac,0x9b,0xff,0x63,0x88,0x59,0xff,

    0x00,0x00,0x00,0x00,0x00,0x00,0x00,0x00,0x00,0x00,0x00,0x00,0x00,0x00,0x00,0x00,0x00,0x00,0x00,0x00,0x00,0x00,0x00,0x00,0x00,0x00,0x00,0x00,0x00,0x00,0x00,0x00,0x00,0x00,0x00,0x00,0x00,0x00,0x00,0x00,0x00,0x00,0x00,0x00,0x00,0x00,0x00,0x00,0x00,0x00,0x00,0x00,0x00,0x00,0x00,0x00,0x00,0x00,0x00,0x00,0x00,0x00,0x00,0x03,0x00,0x00,0x00,0x00,0x00,0x00,0x00,0x00,0x00,0x00,0x00,0x00,0x00,0x00,0x00,0x00,0x00,0x00,0x00,0x00,0x00,0x00,0x00,0x00,0x00,0x00,0x00,0x00,0x00,0x00,0x00,0x00,0x00,0x00,0x00,0x00,0x00,0x00,0x00,0x00,0x00,0x00,0x00,0x00,0x00,0x00,0x00,0x00,0x00,0x00,0x00,0x00,0x00,0x00,0x00,0x00,0x00,0x00,0x00,0x00,0x00,0x00,0x00,0x00,0x00,0x00,0x00,0x00,0x00,0x00,0x00,0x00,0x00,0x00,0x00,0x00,0x00,0x00,0x00,0x00,
    0x00,0x00,0x00,0x00,0x00,0x00,0x00,0x00,0x00,0x00,0x00,0x00,0x00,0x00,0x00,0x00,0x00,0x00,0x00,0x00,0x00,0x00,0x00,0x00,0x00,0x00,0x00,0x00,0x00,0x00,0x00,0x00,0x00,0x00,0x00,0x00,0x00,0x00,0x00,0x00,0x00,0x00,0x00,0x00,0x00,0x00,0x00,0x00,0x00,0x00,0x00,0x00,0x00,0x00,0x00,0x00,0x00,0x00,0x00,0x00,0x00,0x00,0x03,0x00,0x00,0x1b,0x16,0x16,0x00,0x00,0x00,0x00,0x00,0x00,0x00,0x00,0x00,0x00,0x00,0x00,0x00,0x00,0x00,0x00,0x00,0x00,0x00,0x00,0x00,0x00,0x00,0x00,0x00,0x00,0x00,0x00,0x00,0x00,0x00,0x00,0x00,0x00,0x00,0x00,0x00,0x00,0x00,0x00,0x00,0x00,0x00,0x00,0x00,0x00,0x00,0x00,0x00,0x00,0x00,0x00,0x00,0x00,0x00,0x00,0x00,0x00,0x00,0x00,0x00,0x00,0x00,0x00,0x00,0x00,0x00,0x00,0x00,0x00,0x00,0x00,0x00,0x00,0x00,0x00,
    0x00,0x00,0x00,0x00,0x00,0x00,0x00,0x00,0x00,0x00,0x00,0x00,0x00,0x00,0x00,0x00,0x00,0x00,0x00,0x00,0x00,0x00,0x00,0x00,0x00,0x00,0x00,0x00,0x00,0x00,0x00,0x00,0x00,0x00,0x00,0x00,0x00,0x00,0x00,0x00,0x00,0x00,0x00,0x00,0x00,0x00,0x00,0x00,0x00,0x00,0x00,0x00,0x00,0x00,0x00,0x00,0x00,0x00,0x00,0x00,0x00,0x06,0x00,0x5e,0x26,0x7d,0x38,0x4c,0x01,0x00,0x00,0x00,0x00,0x00,0x00,0x00,0x00,0x00,0x00,0x00,0x00,0x00,0x00,0x00,0x00,0x00,0x00,0x00,0x00,0x00,0x00,0x00,0x00,0x00,0x00,0x00,0x00,0x00,0x00,0x00,0x00,0x00,0x00,0x00,0x00,0x00,0x00,0x00,0x00,0x00,0x00,0x00,0x00,0x00,0x00,0x00,0x00,0x00,0x00,0x00,0x00,0x00,0x00,0x00,0x00,0x00,0x00,0x00,0x00,0x00,0x00,0x00,0x00,0x00,0x00,0x00,0x00,0x00,0x00,0x00,0x00,0x00,0x00,0x00,
    0x00,0x00,0x00,0x00,0x00,0x00,0x00,0x00,0x00,0x00,0x00,0x00,0x00,0x00,0x00,0x00,0x00,0x00,0x00,0x00,0x00,0x00,0x00,0x00,0x00,0x00,0x00,0x00,0x00,0x00,0x00,0x00,0x00,0x00,0x00,0x00,0x00,0x00,0x00,0x00,0x00,0x00,0x00,0x00,0x00,0x00,0x00,0x00,0x00,0x00,0x00,0x00,0x00,0x00,0x00,0x00,0x00,0x00,0x00,0x00,0x03,0x00,0x55,0x91,0x9f,0x7d,0x5f,0x80,0x04,0x00,0x00,0x00,0x00,0x00,0x00,0x00,0x00,0x00,0x00,0x00,0x00,0x00,0x00,0x00,0x00,0x00,0x00,0x00,0x00,0x00,0x00,0x00,0x00,0x00,0x00,0x00,0x00,0x00,0x00,0x00,0x00,0x00,0x00,0x00,0x00,0x00,0x00,0x00,0x00,0x00,0x00,0x00,0x00,0x00,0x00,0x00,0x00,0x00,0x00,0x00,0x00,0x00,0x00,0x00,0x00,0x00,0x00,0x00,0x00,0x00,0x00,0x00,0x00,0x00,0x00,0x00,0x00,0x00,0x00,0x00,0x00,0x00,0x00,0x00,
    0x00,0x00,0x00,0x00,0x00,0x00,0x00,0x00,0x00,0x00,0x00,0x00,0x00,0x00,0x00,0x00,0x00,0x00,0x00,0x00,0x00,0x00,0x00,0x00,0x00,0x00,0x00,0x00,0x00,0x00,0x00,0x00,0x00,0x00,0x00,0x00,0x00,0x00,0x00,0x00,0x00,0x00,0x00,0x00,0x00,0x00,0x00,0x00,0x00,0x00,0x00,0x00,0x00,0x00,0x00,0x00,0x00,0x00,0x00,0x03,0x00,0x52,0x18,0x25,0x4f,0x52,0x00,0x03,0x00,0x00,0x00,0x00,0x00,0x00,0x00,0x00,0x00,0x00,0x00,0x00,0x00,0x00,0x00,0x00,0x00,0x00,0x00,0x00,0x00,0x00,0x00,0x00,0x00,0x00,0x00,0x00,0x00,0x00,0x00,0x00,0x00,0x00,0x00,0x00,0x00,0x00,0x00,0x00,0x00,0x00,0x00,0x00,0x00,0x00,0x00,0x00,0x00,0x00,0x00,0x00,0x00,0x00,0x00,0x00,0x00,0x00,0x00,0x00,0x00,0x00,0x00,0x00,0x00,0x00,0x00,0x00,0x00,0x00,0x00,0x00,0x00,0x00,0x00,0x00,
    0x00,0x00,0x00,0x00,0x00,0x00,0x00,0x00,0x00,0x00,0x00,0x00,0x00,0x00,0x00,0x00,0x00,0x00,0x00,0x00,0x00,0x00,0x00,0x00,0x00,0x00,0x00,0x00,0x00,0x00,0x00,0x00,0x00,0x00,0x00,0x00,0x00,0x00,0x00,0x00,0x00,0x00,0x00,0x00,0x00,0x00,0x00,0x00,0x00,0x00,0x00,0x00,0x00,0x00,0x00,0x00,0x00,0x00,0x04,0x01,0x19,0x3c,0xc8,0x14,0x68,0x1e,0x03,0x06,0x00,0x00,0x00,0x00,0x00,0x00,0x00,0x00,0x00,0x00,0x00,0x00,0x00,0x00,0x00,0x00,0x00,0x00,0x00,0x00,0x00,0x00,0x00,0x00,0x00,0x00,0x00,0x00,0x00,0x00,0x00,0x00,0x00,0x00,0x00,0x00,0x00,0x00,0x00,0x00,0x00,0x00,0x00,0x00,0x00,0x00,0x00,0x00,0x00,0x00,0x00,0x00,0x00,0x00,0x00,0x00,0x00,0x00,0x00,0x00,0x00,0x00,0x00,0x00,0x00,0x00,0x00,0x00,0x00,0x00,0x00,0x00,0x00,0x00,0x00,0x00,
    0x00,0x00,0x00,0x00,0x00,0x00,0x00,0x00,0x00,0x00,0x00,0x00,0x00,0x00,0x00,0x00,0x00,0x00,0x00,0x00,0x00,0x00,0x00,0x00,0x00,0x00,0x00,0x00,0x00,0x00,0x00,0x00,0x00,0x00,0x00,0x00,0x00,0x00,0x00,0x00,0x00,0x00,0x00,0x00,0x00,0x00,0x00,0x00,0x00,0x00,0x00,0x00,0x00,0x00,0x00,0x00,0x00,0x00,0x06,0x00,0x2c,0x6e,0x88,0x18,0x4d,0x00,0x03,0x00,0x00,0x00,0x00,0x00,0x00,0x00,0x00,0x00,0x00,0x00,0x00,0x00,0x00,0x00,0x00,0x00,0x00,0x00,0x00,0x00,0x00,0x00,0x00,0x00,0x00,0x00,0x00,0x00,0x00,0x00,0x00,0x00,0x00,0x00,0x00,0x00,0x00,0x00,0x00,0x00,0x00,0x00,0x00,0x00,0x00,0x00,0x00,0x00,0x00,0x00,0x00,0x00,0x00,0x00,0x00,0x00,0x00,0x00,0x00,0x00,0x00,0x00,0x00,0x00,0x00,0x00,0x00,0x00,0x00,0x00,0x00,0x00,0x00,0x00,0x00,0x00,
    0x00,0x00,0x00,0x00,0x00,0x00,0x00,0x00,0x00,0x00,0x00,0x00,0x00,0x00,0x00,0x00,0x00,0x00,0x00,0x00,0x00,0x00,0x00,0x00,0x00,0x00,0x00,0x00,0x00,0x00,0x00,0x00,0x00,0x00,0x00,0x00,0x00,0x00,0x00,0x00,0x00,0x00,0x00,0x00,0x00,0x00,0x00,0x00,0x00,0x00,0x00,0x00,0x00,0x00,0x00,0x00,0x00,0x03,0x03,0x0c,0x62,0x41,0xa2,0x42,0x55,0x03,0x06,0x00,0x00,0x00,0x00,0x00,0x00,0x00,0x00,0x00,0x00,0x00,0x00,0x00,0x00,0x00,0x00,0x00,0x00,0x00,0x00,0x00,0x00,0x00,0x00,0x00,0x00,0x00,0x00,0x00,0x00,0x00,0x00,0x00,0x00,0x00,0x00,0x00,0x00,0x00,0x00,0x00,0x00,0x00,0x00,0x00,0x00,0x00,0x00,0x00,0x00,0x00,0x00,0x00,0x00,0x00,0x00,0x00,0x00,0x00,0x00,0x00,0x00,0x00,0x00,0x00,0x00,0x00,0x00,0x00,0x00,0x00,0x00,0x00,0x00,0x00,0x00,0x00,
    0x00,0x00,0x00,0x00,0x00,0x00,0x00,0x00,0x00,0x00,0x00,0x00,0x00,0x00,0x00,0x00,0x00,0x00,0x00,0x00,0x00,0x00,0x00,0x00,0x00,0x00,0x00,0x00,0x00,0x00,0x00,0x00,0x00,0x00,0x00,0x00,0x00,0x00,0x00,0x00,0x00,0x00,0x00,0x00,0x00,0x00,0x00,0x00,0x00,0x00,0x00,0x00,0x00,0x00,0x00,0x00,0x00,0x00,0x04,0x0c,0x2f,0x0e,0x98,0x18,0x4d,0x00,0x06,0x00,0x00,0x00,0x00,0x04,0x04,0x06,0x01,0x00,0x00,0x00,0x03,0x03,0x03,0x06,0x04,0x04,0x00,0x00,0x00,0x00,0x00,0x00,0x00,0x00,0x00,0x00,0x00,0x00,0x00,0x00,0x00,0x00,0x00,0x00,0x00,0x00,0x00,0x00,0x00,0x00,0x00,0x00,0x00,0x00,0x00,0x00,0x00,0x00,0x00,0x00,0x00,0x00,0x00,0x00,0x00,0x00,0x00,0x00,0x00,0x00,0x00,0x00,0x00,0x00,0x00,0x00,0x00,0x00,0x00,0x00,0x00,0x00,0x00,0x00,0x00,0x00,
    0x00,0x00,0x00,0x00,0x00,0x00,0x00,0x00,0x00,0x00,0x00,0x00,0x00,0x00,0x00,0x00,0x00,0x00,0x00,0x00,0x00,0x00,0x00,0x00,0x00,0x00,0x00,0x00,0x00,0x00,0x00,0x00,0x00,0x00,0x00,0x00,0x00,0x00,0x00,0x00,0x00,0x00,0x00,0x00,0x00,0x00,0x00,0x00,0x00,0x00,0x00,0x00,0x00,0x00,0x00,0x00,0x00,0x00,0x04,0x00,0x37,0x78,0xb3,0xab,0x36,0x16,0x00,0x04,0x00,0x00,0x00,0x00,0x00,0x00,0x00,0x1b,0x2b,0x10,0x00,0x00,0x00,0x00,0x00,0x00,0x00,0x06,0x04,0x00,0x00,0x00,0x00,0x00,0x00,0x00,0x00,0x00,0x00,0x00,0x00,0x00,0x00,0x00,0x00,0x00,0x00,0x00,0x00,0x00,0x00,0x00,0x00,0x00,0x00,0x00,0x00,0x00,0x00,0x00,0x00,0x00,0x00,0x00,0x00,0x00,0x00,0x00,0x00,0x00,0x00,0x00,0x00,0x00,0x00,0x00,0x00,0x00,0x00,0x00,0x00,0x00,0x00,0x00,0x00,0x00,
    0x00,0x00,0x00,0x00,0x00,0x00,0x00,0x00,0x00,0x00,0x00,0x00,0x00,0x00,0x00,0x00,0x00,0x00,0x00,0x00,0x00,0x00,0x00,0x00,0x00,0x00,0x00,0x00,0x00,0x00,0x00,0x00,0x00,0x00,0x00,0x00,0x00,0x00,0x00,0x00,0x00,0x00,0x00,0x00,0x00,0x00,0x00,0x00,0x00,0x00,0x00,0x00,0x00,0x00,0x00,0x00,0x00,0x00,0x05,0x00,0x4b,0x4f,0xa2,0x99,0x70,0x2c,0x1b,0x06,0x01,0x01,0x0c,0x16,0x19,0x4b,0x5f,0x26,0x26,0x37,0x60,0x60,0x4b,0x52,0x16,0x16,0x0c,0x00,0x00,0x01,0x01,0x00,0x00,0x00,0x00,0x00,0x00,0x00,0x00,0x00,0x00,0x00,0x00,0x00,0x00,0x00,0x00,0x00,0x00,0x00,0x00,0x00,0x00,0x00,0x00,0x00,0x00,0x00,0x00,0x00,0x00,0x00,0x00,0x00,0x00,0x00,0x00,0x00,0x00,0x00,0x00,0x00,0x00,0x00,0x00,0x00,0x00,0x00,0x00,0x00,0x00,0x00,0x00,0x00,0x00,0x00,
    0x00,0x00,0x00,0x00,0x00,0x00,0x00,0x00,0x00,0x00,0x00,0x00,0x00,0x00,0x00,0x00,0x00,0x00,0x00,0x00,0x00,0x00,0x00,0x00,0x00,0x00,0x00,0x00,0x00,0x00,0x00,0x00,0x00,0x00,0x00,0x00,0x00,0x00,0x00,0x00,0x00,0x00,0x00,0x00,0x00,0x00,0x00,0x00,0x00,0x00,0x00,0x00,0x00,0x00,0x00,0x00,0x00,0x00,0x03,0x00,0x63,0x75,0xb0,0xa2,0xb8,0x17,0x31,0x2c,0x2c,0x50,0x50,0x57,0x57,0x35,0x35,0xbe,0x99,0xaf,0xb8,0xba,0x4a,0x35,0x4c,0x54,0x2c,0x4b,0x16,0x00,0x00,0x03,0x03,0x00,0x00,0x00,0x00,0x00,0x00,0x00,0x00,0x00,0x00,0x00,0x00,0x00,0x00,0x00,0x00,0x00,0x00,0x00,0x00,0x00,0x00,0x00,0x00,0x00,0x00,0x00,0x00,0x00,0x00,0x00,0x00,0x00,0x00,0x00,0x00,0x00,0x00,0x00,0x00,0x00,0x00,0x00,0x00,0x00,0x00,0x00,0x00,0x00,0x00,0x00,0x00,0x00,
    0x00,0x00,0x00,0x00,0x00,0x00,0x00,0x00,0x00,0x00,0x00,0x00,0x00,0x00,0x00,0x00,0x00,0x00,0x00,0x00,0x00,0x00,0x00,0x00,0x00,0x00,0x00,0x00,0x00,0x00,0x00,0x00,0x00,0x00,0x00,0x00,0x00,0x00,0x00,0x00,0x00,0x00,0x00,0x00,0x00,0x00,0x00,0x00,0x00,0x00,0x00,0x00,0x00,0x00,0x00,0x00,0x00,0x04,0x03,0x00,0x00,0x63,0x2f,0x4f,0x25,0x25,0xb2,0x4a,0x59,0x3e,0x2d,0x24,0xb5,0xb3,0xb3,0x96,0x98,0x96,0x96,0x96,0xb3,0xb3,0xb5,0xbc,0x61,0x77,0x3f,0x5f,0x43,0x00,0x00,0x06,0x00,0x00,0x00,0x00,0x00,0x00,0x00,0x00,0x00,0x00,0x00,0x00,0x00,0x00,0x00,0x00,0x00,0x00,0x00,0x00,0x00,0x00,0x00,0x00,0x00,0x00,0x00,0x00,0x00,0x00,0x00,0x00,0x00,0x00,0x00,0x00,0x00,0x00,0x00,0x00,0x00,0x00,0x00,0x00,0x00,0x00,0x00,0x00,0x00,0x00,0x00,0x00,
    0x00,0x00,0x00,0x00,0x00,0x00,0x00,0x00,0x00,0x00,0x00,0x00,0x00,0x00,0x00,0x00,0x00,0x00,0x00,0x00,0x00,0x00,0x00,0x00,0x00,0x00,0x00,0x00,0x00,0x00,0x00,0x00,0x00,0x00,0x00,0x00,0x00,0x00,0x00,0x00,0x00,0x00,0x00,0x00,0x00,0x00,0x00,0x00,0x00,0x00,0x00,0x00,0x00,0x00,0x00,0x04,0x01,0x00,0x00,0x02,0x43,0x30,0x5e,0x2f,0x26,0x4a,0x15,0xb7,0x93,0x9a,0x98,0x93,0x98,0x98,0x96,0x86,0x8c,0x8c,0x8c,0x86,0x96,0x96,0x98,0x9a,0x9a,0xb3,0x41,0x35,0x22,0x6a,0x43,0x00,0x00,0x00,0x00,0x00,0x00,0x00,0x00,0x00,0x00,0x00,0x00,0x00,0x00,0x00,0x00,0x00,0x00,0x00,0x00,0x00,0x00,0x00,0x00,0x00,0x00,0x00,0x00,0x00,0x00,0x00,0x00,0x00,0x00,0x00,0x00,0x00,0x00,0x00,0x00,0x00,0x00,0x00,0x00,0x00,0x00,0x00,0x00,0x00,0x00,0x00,0x00,0x00,
    0x00,0x00,0x00,0x00,0x00,0x00,0x00,0x00,0x00,0x00,0x00,0x00,0x00,0x00,0x00,0x00,0x00,0x00,0x00,0x00,0x00,0x00,0x00,0x00,0x00,0x00,0x00,0x00,0x00,0x00,0x00,0x00,0x00,0x00,0x00,0x00,0x00,0x00,0x00,0x00,0x00,0x00,0x00,0x00,0x00,0x00,0x00,0x00,0x00,0x00,0x00,0x00,0x00,0x03,0x00,0x00,0x00,0x63,0x52,0x2c,0x22,0x54,0x3f,0x44,0x59,0x0d,0xb1,0xa6,0xa6,0xa6,0x8c,0x8c,0x8c,0x8c,0x8c,0x86,0x86,0x86,0x86,0x86,0x8c,0x8c,0x8c,0xa6,0xa6,0x96,0x9a,0xba,0xcb,0x35,0x40,0x52,0x10,0x03,0x01,0x00,0x00,0x00,0x00,0x00,0x00,0x00,0x00,0x00,0x00,0x00,0x00,0x00,0x00,0x00,0x00,0x00,0x00,0x00,0x00,0x00,0x00,0x00,0x00,0x00,0x00,0x00,0x00,0x00,0x00,0x00,0x00,0x00,0x00,0x00,0x00,0x00,0x00,0x00,0x00,0x00,0x00,0x00,0x00,0x00,0x00,0x00,0x00,0x00,
    0x00,0x00,0x00,0x00,0x00,0x00,0x00,0x00,0x00,0x00,0x00,0x00,0x00,0x00,0x00,0x00,0x00,0x00,0x00,0x00,0x00,0x00,0x00,0x00,0x00,0x00,0x00,0x00,0x00,0x00,0x00,0x00,0x00,0x00,0x00,0x00,0x00,0x00,0x00,0x00,0x00,0x00,0x00,0x00,0x00,0x00,0x00,0x00,0x00,0x00,0x00,0x00,0x03,0x00,0x00,0x19,0x69,0x32,0x3c,0x59,0xc5,0xcc,0x27,0xb0,0x9d,0xab,0x98,0x86,0x86,0x86,0x86,0x86,0x86,0x86,0x86,0x86,0x86,0x86,0x86,0x86,0x86,0x86,0x86,0x86,0x86,0x8c,0xa6,0x93,0x86,0x25,0x14,0x6e,0x2f,0x00,0x06,0x04,0x00,0x00,0x00,0x00,0x00,0x00,0x00,0x00,0x00,0x00,0x00,0x00,0x00,0x00,0x00,0x00,0x00,0x00,0x00,0x00,0x00,0x00,0x00,0x00,0x00,0x00,0x00,0x00,0x00,0x00,0x00,0x00,0x00,0x00,0x00,0x00,0x00,0x00,0x00,0x00,0x00,0x00,0x00,0x00,0x00,0x00,0x00,0x00,
    0x00,0x00,0x00,0x00,0x00,0x00,0x00,0x00,0x00,0x00,0x00,0x00,0x00,0x00,0x00,0x00,0x00,0x00,0x00,0x00,0x00,0x00,0x00,0x00,0x00,0x00,0x00,0x00,0x00,0x00,0x00,0x00,0x00,0x00,0x00,0x00,0x00,0x00,0x00,0x00,0x00,0x00,0x00,0x00,0x00,0x00,0x00,0x00,0x00,0x00,0x03,0x06,0x00,0x66,0x57,0x7b,0x2d,0x3c,0x32,0x6f,0x42,0xba,0xb5,0x9a,0x86,0x86,0x8c,0x86,0x86,0x86,0x86,0x86,0x86,0x86,0x86,0x86,0x86,0x86,0x86,0x86,0x86,0x86,0x86,0x86,0x86,0x86,0x86,0x8c,0x86,0x98,0xad,0xc8,0x17,0x69,0x00,0x00,0x04,0x00,0x00,0x00,0x00,0x00,0x00,0x00,0x00,0x00,0x00,0x00,0x00,0x00,0x00,0x00,0x00,0x00,0x00,0x00,0x00,0x00,0x00,0x00,0x00,0x00,0x00,0x00,0x00,0x00,0x00,0x00,0x00,0x00,0x00,0x00,0x00,0x00,0x00,0x00,0x00,0x00,0x00,0x00,0x00,0x00,0x00,0x00,
    0x00,0x00,0x00,0x00,0x00,0x00,0x00,0x00,0x00,0x00,0x00,0x00,0x00,0x00,0x00,0x00,0x00,0x00,0x00,0x00,0x00,0x00,0x00,0x00,0x00,0x00,0x00,0x00,0x00,0x00,0x00,0x00,0x00,0x00,0x00,0x00,0x00,0x00,0x00,0x00,0x00,0x00,0x00,0x00,0x00,0x00,0x00,0x00,0x00,0x01,0x00,0x00,0x16,0x77,0x7e,0x35,0x69,0x5e,0x6d,0x18,0xa2,0x8c,0x86,0x8c,0x86,0x86,0x86,0x86,0x86,0x86,0x86,0x86,0x86,0x86,0x86,0x86,0x86,0x86,0x86,0x86,0x86,0x86,0x86,0x86,0x86,0x86,0x86,0x86,0x8c,0x8c,0x8c,0x98,0xa3,0x4f,0x37,0x13,0x00,0x04,0x00,0x00,0x00,0x00,0x00,0x00,0x00,0x00,0x00,0x00,0x00,0x00,0x00,0x00,0x00,0x00,0x00,0x00,0x00,0x00,0x00,0x00,0x00,0x00,0x00,0x00,0x00,0x00,0x00,0x00,0x00,0x00,0x00,0x00,0x00,0x00,0x00,0x00,0x00,0x00,0x00,0x00,0x00,0x00,0x00,0x00,
    0x00,0x00,0x00,0x00,0x00,0x00,0x00,0x00,0x00,0x00,0x00,0x00,0x00,0x00,0x00,0x00,0x00,0x00,0x00,0x00,0x00,0x00,0x00,0x00,0x00,0x00,0x00,0x00,0x00,0x00,0x00,0x00,0x00,0x00,0x00,0x00,0x00,0x00,0x00,0x00,0x00,0x00,0x00,0x00,0x00,0x00,0x00,0x00,0x06,0x00,0x19,0x50,0x81,0x81,0x50,0x06,0x55,0x3c,0xb8,0xab,0x8c,0x8c,0x86,0x86,0x86,0x86,0x86,0x86,0x86,0x86,0x86,0x86,0x86,0x86,0x86,0x86,0x86,0x86,0x86,0x86,0x86,0x86,0x86,0x86,0x86,0x86,0x86,0x86,0x86,0x86,0x86,0x8c,0x96,0xa2,0xb6,0x68,0x30,0x00,0x06,0x00,0x00,0x00,0x00,0x00,0x00,0x00,0x00,0x00,0x00,0x00,0x00,0x00,0x00,0x00,0x00,0x00,0x00,0x00,0x00,0x00,0x00,0x00,0x00,0x00,0x00,0x00,0x00,0x00,0x00,0x00,0x00,0x00,0x00,0x00,0x00,0x00,0x00,0x00,0x00,0x00,0x00,0x00,0x00,0x00,
    0x00,0x00,0x00,0x00,0x00,0x00,0x00,0x00,0x00,0x00,0x00,0x00,0x00,0x00,0x00,0x00,0x00,0x00,0x00,0x00,0x00,0x00,0x00,0x00,0x00,0x00,0x00,0x00,0x00,0x00,0x00,0x00,0x00,0x00,0x00,0x00,0x00,0x00,0x00,0x00,0x00,0x00,0x00,0x00,0x00,0x00,0x00,0x05,0x00,0x19,0x77,0x7e,0x57,0x4b,0x1b,0x6d,0x3e,0xa2,0x86,0xa6,0x86,0x86,0x86,0x86,0x86,0x86,0x86,0x86,0x86,0x86,0x86,0x86,0x86,0x86,0x86,0x86,0x86,0x86,0x86,0x86,0x86,0x86,0x86,0x86,0x86,0x86,0x86,0x86,0x86,0x86,0x86,0x86,0x8c,0x8c,0xad,0x0d,0x2f,0x1e,0x00,0x03,0x00,0x00,0x00,0x00,0x00,0x00,0x00,0x00,0x00,0x00,0x00,0x00,0x00,0x00,0x00,0x00,0x00,0x00,0x00,0x00,0x00,0x00,0x00,0x00,0x00,0x00,0x00,0x00,0x00,0x00,0x00,0x00,0x00,0x00,0x00,0x00,0x00,0x00,0x00,0x00,0x00,0x00,0x00,0x00,
    0x00,0x00,0x00,0x00,0x00,0x00,0x00,0x00,0x00,0x00,0x00,0x00,0x00,0x00,0x00,0x00,0x00,0x00,0x00,0x00,0x00,0x00,0x00,0x00,0x00,0x00,0x00,0x00,0x00,0x00,0x00,0x00,0x00,0x00,0x00,0x00,0x00,0x00,0x00,0x00,0x00,0x00,0x00,0x00,0x00,0x00,0x04,0x00,0x19,0x77,0x81,0x50,0x16,0x00,0x4d,0x18,0x97,0xad,0x8c,0x86,0x86,0x86,0x86,0x86,0x86,0x86,0x86,0x86,0x86,0x86,0x86,0x8c,0x86,0x86,0x86,0x86,0x86,0x86,0x86,0x86,0x86,0x86,0x86,0x8c,0x8c,0x86,0x86,0x86,0x86,0x86,0x86,0x86,0x86,0x8c,0x86,0xad,0x61,0x31,0x66,0x04,0x03,0x00,0x00,0x00,0x00,0x00,0x00,0x00,0x00,0x00,0x00,0x00,0x00,0x00,0x00,0x00,0x00,0x00,0x00,0x00,0x00,0x00,0x00,0x00,0x00,0x00,0x00,0x00,0x00,0x00,0x00,0x00,0x00,0x00,0x00,0x00,0x00,0x00,0x00,0x00,0x00,0x00,0x00,0x00,
    0x00,0x00,0x00,0x00,0x00,0x00,0x00,0x00,0x00,0x00,0x00,0x00,0x00,0x00,0x00,0x00,0x00,0x00,0x00,0x00,0x00,0x00,0x00,0x00,0x00,0x00,0x00,0x00,0x00,0x00,0x00,0x00,0x00,0x00,0x00,0x00,0x00,0x00,0x00,0x00,0x00,0x00,0x00,0x00,0x00,0x04,0x00,0x60,0x68,0x2d,0x57,0x1e,0x00,0x55,0x42,0x9c,0x8f,0x8f,0x96,0x86,0x86,0x86,0x86,0x86,0x86,0x86,0x86,0x86,0x86,0x86,0x8c,0x93,0x96,0x8c,0x86,0x86,0x86,0x86,0x86,0x86,0x86,0x86,0x8c,0x96,0x96,0x8c,0x86,0x86,0x86,0x86,0x86,0x86,0x86,0x86,0x86,0x93,0x25,0x61,0x3f,0x00,0x06,0x00,0x00,0x00,0x00,0x00,0x00,0x00,0x00,0x00,0x00,0x00,0x00,0x00,0x00,0x00,0x00,0x00,0x00,0x00,0x00,0x00,0x00,0x00,0x00,0x00,0x00,0x00,0x00,0x00,0x00,0x00,0x00,0x00,0x00,0x00,0x00,0x00,0x00,0x00,0x00,0x00,0x00,0x00,
    0x00,0x00,0x00,0x00,0x00,0x00,0x00,0x00,0x00,0x00,0x00,0x00,0x00,0x00,0x00,0x00,0x00,0x00,0x00,0x00,0x00,0x00,0x00,0x00,0x00,0x00,0x00,0x00,0x00,0x00,0x00,0x00,0x00,0x00,0x00,0x00,0x00,0x00,0x00,0x00,0x00,0x00,0x00,0x00,0x04,0x00,0x16,0x72,0x61,0x17,0x4b,0x00,0x30,0x42,0x11,0x8f,0x8f,0xa2,0x93,0x86,0x86,0x86,0x86,0x86,0x86,0x86,0x86,0x86,0x86,0xa6,0xa1,0xb6,0x0e,0x93,0x8c,0x86,0x86,0x86,0x86,0x86,0x86,0x8c,0x96,0xb3,0xb3,0x98,0x8c,0x86,0x86,0x86,0x86,0x86,0x86,0x86,0x86,0xa6,0xab,0x25,0x72,0x60,0x00,0x03,0x00,0x00,0x00,0x00,0x00,0x00,0x00,0x00,0x00,0x00,0x00,0x00,0x00,0x00,0x00,0x00,0x00,0x00,0x00,0x00,0x00,0x00,0x00,0x00,0x00,0x00,0x00,0x00,0x00,0x00,0x00,0x00,0x00,0x00,0x00,0x00,0x00,0x00,0x00,0x00,0x00,0x00,
    0x00,0x00,0x00,0x00,0x00,0x00,0x00,0x00,0x00,0x00,0x00,0x00,0x00,0x00,0x00,0x00,0x00,0x00,0x00,0x00,0x00,0x00,0x00,0x00,0x00,0x00,0x00,0x00,0x00,0x00,0x00,0x00,0x00,0x00,0x00,0x00,0x00,0x00,0x00,0x00,0x00,0x00,0x00,0x00,0x06,0x0c,0x50,0x61,0x2d,0x52,0x06,0x00,0x26,0x3e,0x9c,0x8f,0xa2,0x96,0xa1,0x98,0x8c,0x86,0x86,0x86,0x86,0x86,0x86,0x86,0x8c,0x93,0xb5,0xcb,0xb1,0x96,0x8c,0x86,0x86,0x86,0x86,0x86,0x86,0x96,0x9a,0xb3,0xd2,0x9a,0x86,0x8c,0x86,0x86,0x86,0x86,0x86,0x86,0x8c,0x96,0x91,0x88,0x25,0x62,0x1e,0x03,0x03,0x00,0x00,0x00,0x00,0x00,0x00,0x00,0x00,0x00,0x00,0x00,0x00,0x00,0x00,0x00,0x00,0x00,0x00,0x00,0x00,0x00,0x00,0x00,0x00,0x00,0x00,0x00,0x00,0x00,0x00,0x00,0x00,0x00,0x00,0x00,0x00,0x00,0x00,0x00,0x00,0x00,
    0x00,0x00,0x00,0x00,0x00,0x00,0x00,0x00,0x00,0x00,0x00,0x00,0x00,0x00,0x00,0x00,0x00,0x00,0x00,0x00,0x00,0x00,0x00,0x00,0x00,0x00,0x00,0x00,0x00,0x00,0x00,0x00,0x00,0x00,0x00,0x00,0x00,0x00,0x00,0x00,0x00,0x00,0x00,0x06,0x00,0x60,0x61,0xbc,0x62,0x00,0x00,0x6f,0x2d,0xb0,0x9c,0xa2,0xa6,0x9a,0xa2,0x86,0x86,0x86,0x86,0x86,0x8c,0x86,0x86,0x8c,0x93,0xb5,0xb7,0xac,0xaf,0xa2,0x86,0x86,0x86,0x86,0x86,0x8c,0x96,0x93,0x93,0xab,0xcb,0xb9,0x9e,0x8c,0x86,0x96,0x86,0x86,0x86,0x8c,0x86,0x86,0x8f,0x88,0x95,0x70,0x6f,0x00,0x06,0x00,0x00,0x00,0x00,0x00,0x00,0x00,0x00,0x00,0x00,0x00,0x00,0x00,0x00,0x00,0x00,0x00,0x00,0x00,0x00,0x00,0x00,0x00,0x00,0x00,0x00,0x00,0x00,0x00,0x00,0x00,0x00,0x00,0x00,0x00,0x00,0x00,0x00,0x00,0x00,0x00,
    0x00,0x00,0x00,0x00,0x00,0x00,0x00,0x00,0x00,0x00,0x00,0x00,0x00,0x00,0x00,0x00,0x00,0x00,0x00,0x00,0x00,0x00,0x00,0x00,0x00,0x00,0x00,0x00,0x00,0x00,0x00,0x00,0x00,0x00,0x00,0x00,0x00,0x00,0x00,0x00,0x00,0x00,0x03,0x00,0x63,0x62,0x61,0x44,0x1e,0x01,0x1e,0x32,0x95,0x8f,0x88,0xad,0x8c,0x96,0xad,0x96,0xab,0x96,0x86,0x8c,0x98,0x96,0x8c,0x98,0xb3,0xb9,0x9f,0xac,0x99,0xab,0x86,0x8c,0x86,0x86,0x86,0x86,0x86,0x8c,0xa6,0x9a,0xbc,0x38,0x1f,0x9a,0x8c,0xb1,0xa6,0x86,0x86,0x96,0x8c,0x96,0xa2,0x8f,0x97,0x20,0x32,0x63,0x00,0x03,0x00,0x00,0x00,0x00,0x00,0x00,0x00,0x00,0x00,0x00,0x00,0x00,0x00,0x00,0x00,0x00,0x00,0x00,0x00,0x00,0x00,0x00,0x00,0x00,0x00,0x00,0x00,0x00,0x00,0x00,0x00,0x00,0x00,0x00,0x00,0x00,0x00,0x00,0x00,0x00,
    0x00,0x00,0x00,0x00,0x00,0x00,0x00,0x00,0x00,0x00,0x00,0x00,0x00,0x00,0x00,0x00,0x00,0x00,0x00,0x00,0x00,0x00,0x00,0x00,0x00,0x00,0x00,0x00,0x00,0x00,0x00,0x00,0x00,0x00,0x00,0x00,0x00,0x00,0x00,0x00,0x00,0x00,0x04,0x00,0x26,0x61,0x40,0x1b,0x00,0x00,0x16,0x47,0xb8,0x8c,0xab,0x96,0x86,0x8c,0xa6,0x96,0xab,0x96,0x8c,0x93,0xb1,0xb3,0x96,0x96,0xd5,0xba,0xb0,0xac,0x9a,0x96,0x8c,0x86,0x86,0x86,0x86,0x86,0x86,0x86,0xa6,0x9a,0xbc,0xed,0x1f,0x24,0xd0,0x0e,0xb1,0x93,0x8c,0x9a,0xa2,0x96,0x86,0x86,0xa2,0xba,0x39,0x16,0x00,0x04,0x00,0x00,0x00,0x00,0x00,0x00,0x00,0x00,0x00,0x00,0x00,0x00,0x00,0x00,0x00,0x00,0x00,0x00,0x00,0x00,0x00,0x00,0x00,0x00,0x00,0x00,0x00,0x00,0x00,0x00,0x00,0x00,0x00,0x00,0x00,0x00,0x00,0x00,0x00,0x00,
    0x00,0x00,0x00,0x00,0x00,0x00,0x00,0x00,0x00,0x00,0x00,0x00,0x00,0x00,0x00,0x00,0x00,0x00,0x00,0x00,0x00,0x00,0x00,0x00,0x00,0x00,0x00,0x00,0x00,0x00,0x00,0x00,0x00,0x00,0x00,0x00,0x00,0x00,0x00,0x00,0x00,0x04,0x01,0x43,0x4a,0x35,0x5f,0x00,0x1b,0x1b,0x2c,0x47,0x86,0x86,0x98,0x86,0x8c,0xa1,0x9e,0x93,0xa6,0xa6,0x93,0xb1,0xc5,0xc8,0x9a,0xbc,0xbe,0xb8,0x0d,0xac,0x93,0x8c,0x86,0x86,0x86,0x86,0x86,0x86,0x86,0x86,0x8c,0x9a,0xbe,0xca,0x91,0xb7,0xc8,0x99,0x0e,0x9a,0x8c,0x86,0xad,0x8c,0x86,0x8c,0x93,0x0e,0x27,0x21,0x01,0x10,0x00,0x00,0x00,0x00,0x00,0x00,0x00,0x00,0x00,0x00,0x00,0x00,0x00,0x00,0x00,0x00,0x00,0x00,0x00,0x00,0x00,0x00,0x00,0x00,0x00,0x00,0x00,0x00,0x00,0x00,0x00,0x00,0x00,0x00,0x00,0x00,0x00,0x00,0x00,0x00,
    0x00,0x00,0x00,0x00,0x00,0x00,0x00,0x00,0x00,0x00,0x00,0x00,0x00,0x00,0x00,0x00,0x00,0x00,0x00,0x00,0x00,0x00,0x00,0x00,0x00,0x00,0x00,0x00,0x00,0x00,0x00,0x00,0x00,0x00,0x00,0x00,0x00,0x00,0x00,0x00,0x00,0x05,0x00,0x7f,0x4a,0x56,0x13,0x03,0x00,0x37,0x2d,0x20,0x86,0x86,0x86,0x8c,0xa1,0xc5,0xf3,0xb5,0xa1,0x9a,0x98,0xcb,0x0e,0xd0,0xb1,0xb2,0x9c,0x11,0xb0,0x41,0x93,0x8c,0x86,0x86,0x86,0x86,0x86,0x86,0x86,0x86,0x8c,0x9a,0x24,0xb2,0x9d,0xb0,0xbc,0x9c,0xac,0xb3,0x96,0x8c,0x8c,0x86,0x86,0x86,0xc0,0x9e,0xb9,0x22,0x00,0x05,0x00,0x00,0x00,0x00,0x00,0x00,0x00,0x00,0x00,0x00,0x00,0x00,0x00,0x00,0x00,0x00,0x00,0x00,0x00,0x00,0x00,0x00,0x00,0x00,0x00,0x00,0x00,0x00,0x00,0x00,0x00,0x00,0x00,0x00,0x00,0x00,0x00,0x00,0x00,0x00,
    0x00,0x00,0x00,0x00,0x00,0x00,0x00,0x00,0x00,0x00,0x00,0x00,0x00,0x00,0x00,0x00,0x00,0x00,0x00,0x00,0x00,0x00,0x00,0x00,0x00,0x00,0x00,0x00,0x00,0x00,0x00,0x00,0x00,0x00,0x00,0x00,0x00,0x00,0x00,0x00,0x03,0x00,0x66,0x40,0x15,0x31,0x03,0x04,0x1b,0x57,0x0e,0x98,0x8c,0x86,0x8c,0xa1,0x47,0xf4,0xd8,0xbf,0xf3,0x0e,0xd5,0xd5,0xd0,0x9a,0xd5,0xaf,0x97,0x9d,0xb0,0xbc,0x96,0xa3,0xa6,0x8c,0x86,0x86,0x86,0x86,0x86,0x86,0x86,0xab,0x0e,0xb2,0x9d,0x9d,0xb2,0xba,0xbe,0x47,0x9a,0x8c,0x86,0x86,0x86,0x86,0x8c,0x8c,0x96,0x15,0x3d,0x00,0x01,0x00,0x00,0x00,0x00,0x00,0x00,0x00,0x00,0x00,0x00,0x00,0x00,0x00,0x00,0x00,0x00,0x00,0x00,0x00,0x00,0x00,0x00,0x00,0x00,0x00,0x00,0x00,0x00,0x00,0x00,0x00,0x00,0x00,0x00,0x00,0x00,0x00,0x00,0x00,
    0x00,0x00,0x00,0x00,0x00,0x00,0x00,0x00,0x00,0x00,0x00,0x00,0x00,0x00,0x00,0x00,0x00,0x00,0x00,0x00,0x00,0x00,0x00,0x00,0x00,0x00,0x00,0x00,0x00,0x00,0x00,0x00,0x00,0x00,0x00,0x00,0x00,0x00,0x00,0x00,0x03,0x00,0x1e,0x68,0x35,0x58,0x00,0x00,0x19,0x6e,0xb1,0x86,0x86,0xa6,0xa6,0xa1,0xc4,0xd8,0xe1,0xe1,0xd8,0xd9,0xb4,0xbc,0xd0,0xbc,0xbe,0x9d,0x20,0xd6,0x15,0x15,0x93,0xa3,0xeb,0x8c,0x86,0x86,0x86,0x86,0x86,0x86,0x91,0xa9,0xca,0x15,0xbe,0x14,0x95,0x41,0xba,0xbc,0x9a,0x8c,0x86,0x86,0x86,0x86,0x93,0x86,0x9e,0xcb,0x56,0x19,0x00,0x05,0x00,0x00,0x00,0x00,0x00,0x00,0x00,0x00,0x00,0x00,0x00,0x00,0x00,0x00,0x00,0x00,0x00,0x00,0x00,0x00,0x00,0x00,0x00,0x00,0x00,0x00,0x00,0x00,0x00,0x00,0x00,0x00,0x00,0x00,0x00,0x00,0x00,0x00,
    0x00,0x00,0x00,0x00,0x00,0x00,0x00,0x00,0x00,0x00,0x00,0x00,0x00,0x00,0x00,0x00,0x00,0x00,0x00,0x00,0x00,0x00,0x00,0x00,0x00,0x00,0x00,0x00,0x00,0x00,0x00,0x00,0x00,0x00,0x00,0x00,0x00,0x00,0x00,0x00,0x00,0x03,0x0c,0x7b,0x64,0x2b,0x00,0x00,0x2f,0x24,0x96,0xc0,0x8c,0xa6,0xa6,0x9a,0xda,0xbb,0xd9,0xd8,0xe1,0xe1,0xf4,0xc5,0xc8,0xb7,0xb0,0xac,0xda,0xac,0x0d,0xb7,0x98,0xb3,0xb1,0x98,0x96,0x86,0x86,0x86,0x86,0x86,0xad,0x9a,0x24,0xac,0xaf,0xac,0xb2,0x33,0xca,0xbc,0x96,0x96,0x98,0x8c,0x86,0x96,0x93,0x86,0x93,0x39,0x4a,0x3f,0x00,0x04,0x00,0x00,0x00,0x00,0x00,0x00,0x00,0x00,0x00,0x00,0x00,0x00,0x00,0x00,0x00,0x00,0x00,0x00,0x00,0x00,0x00,0x00,0x00,0x00,0x00,0x00,0x00,0x00,0x00,0x00,0x00,0x00,0x00,0x00,0x00,0x00,0x00,0x00,
    0x00,0x00,0x00,0x00,0x00,0x00,0x00,0x00,0x00,0x00,0x00,0x00,0x00,0x00,0x00,0x00,0x00,0x00,0x00,0x00,0x00,0x00,0x00,0x00,0x00,0x00,0x00,0x00,0x00,0x00,0x00,0x00,0x00,0x00,0x00,0x00,0x00,0x00,0x00,0x00,0x06,0x00,0x60,0x5d,0x4c,0x1b,0x00,0x0c,0x62,0x0e,0x86,0xa3,0x86,0x8c,0x93,0x8c,0xd0,0xa2,0xb2,0xe3,0xbf,0xf4,0xce,0x96,0x41,0xd5,0xac,0x0d,0xa2,0x97,0x11,0xb7,0x9e,0xb2,0xb7,0xd0,0x96,0x86,0x8c,0x98,0x93,0x8c,0x8c,0x93,0x24,0xb2,0xa9,0xa9,0x95,0xac,0xc5,0x39,0xb3,0x98,0x86,0x86,0x86,0x86,0x86,0x86,0x93,0xb6,0xbc,0x40,0x1b,0x00,0x00,0x00,0x00,0x00,0x00,0x00,0x00,0x00,0x00,0x00,0x00,0x00,0x00,0x00,0x00,0x00,0x00,0x00,0x00,0x00,0x00,0x00,0x00,0x00,0x00,0x00,0x00,0x00,0x00,0x00,0x00,0x00,0x00,0x00,0x00,0x00,0x00,0x00,
    0x00,0x00,0x00,0x00,0x00,0x00,0x00,0x00,0x00,0x00,0x00,0x00,0x00,0x00,0x00,0x00,0x00,0x00,0x00,0x00,0x00,0x00,0x00,0x00,0x00,0x00,0x00,0x00,0x00,0x00,0x00,0x00,0x00,0x00,0x00,0x00,0x00,0x00,0x00,0x00,0x06,0x00,0x52,0x5d,0x7f,0x00,0x00,0x16,0x44,0xc0,0xcd,0xa3,0x8c,0x9e,0xb2,0xbb,0xf3,0xb2,0x86,0xd0,0xb7,0xe8,0x41,0xb1,0xdd,0x0d,0x9a,0x9a,0x99,0x11,0x8f,0x39,0xad,0xac,0x41,0x9a,0x86,0x96,0x8c,0x86,0x86,0x86,0x8c,0x93,0x24,0xb2,0x8f,0xaf,0x11,0xa9,0xac,0xcb,0xb3,0x96,0x8c,0x86,0x86,0x86,0x8c,0xb3,0x9a,0x24,0xbe,0x72,0x19,0x00,0x06,0x00,0x00,0x00,0x00,0x00,0x00,0x00,0x00,0x00,0x00,0x00,0x00,0x00,0x00,0x00,0x00,0x00,0x00,0x00,0x00,0x00,0x00,0x00,0x00,0x00,0x00,0x00,0x00,0x00,0x00,0x00,0x00,0x00,0x00,0x00,0x00,0x00,
    0x00,0x00,0x00,0x00,0x00,0x00,0x00,0x00,0x00,0x00,0x00,0x00,0x00,0x00,0x00,0x00,0x00,0x00,0x00,0x00,0x00,0x00,0x00,0x00,0x00,0x00,0x00,0x00,0x00,0x00,0x00,0x00,0x00,0x00,0x00,0x00,0x00,0x00,0x00,0x00,0x06,0x00,0x4b,0x79,0x31,0x03,0x00,0x37,0x70,0xc0,0xed,0x86,0x8c,0xa1,0xe3,0xd8,0xd8,0xd9,0xbf,0xf3,0x67,0xb6,0xd0,0xd5,0xb0,0xab,0xb8,0x99,0x11,0x11,0x88,0xbc,0x0e,0xb2,0xb6,0x86,0x86,0x86,0x86,0x86,0x86,0x86,0xa6,0xa1,0x47,0xb2,0x97,0x11,0x91,0x91,0x88,0xc4,0x0e,0x9a,0x8c,0x86,0x8c,0x98,0xb3,0x15,0xa1,0xba,0x14,0x5a,0x69,0x00,0x06,0x00,0x00,0x00,0x00,0x00,0x00,0x00,0x00,0x00,0x00,0x00,0x00,0x00,0x00,0x00,0x00,0x00,0x00,0x00,0x00,0x00,0x00,0x00,0x00,0x00,0x00,0x00,0x00,0x00,0x00,0x00,0x00,0x00,0x00,0x00,0x00,0x00,
    0x00,0x00,0x00,0x00,0x00,0x00,0x00,0x00,0x00,0x00,0x00,0x00,0x00,0x00,0x00,0x00,0x00,0x00,0x00,0x00,0x00,0x00,0x00,0x00,0x00,0x00,0x00,0x00,0x00,0x00,0x00,0x00,0x00,0x00,0x00,0x00,0x00,0x00,0x00,0x00,0x01,0x00,0x2b,0x6c,0x56,0x66,0x00,0x3f,0x70,0xed,0xed,0x93,0x86,0xa3,0xbd,0xd8,0xe1,0xe1,0xe1,0xd8,0xf4,0xc4,0x47,0xca,0x9c,0x11,0x91,0x8f,0x88,0x8f,0xa9,0xbc,0xbc,0x0d,0xac,0xb3,0x86,0x8c,0x86,0x86,0x8c,0x8c,0xa6,0xb5,0xb6,0xca,0x11,0x11,0x88,0x91,0x9d,0xb2,0x24,0x98,0x8c,0x86,0x96,0x86,0xb3,0xe8,0xb5,0xb1,0xca,0x5a,0x62,0x0c,0x04,0x00,0x00,0x00,0x00,0x00,0x00,0x00,0x00,0x00,0x00,0x00,0x00,0x00,0x00,0x00,0x00,0x00,0x00,0x00,0x00,0x00,0x00,0x00,0x00,0x00,0x00,0x00,0x00,0x00,0x00,0x00,0x00,0x00,0x00,0x00,0x00,0x00,
    0x00,0x00,0x00,0x00,0x00,0x00,0x00,0x00,0x00,0x00,0x00,0x00,0x00,0x00,0x00,0x00,0x00,0x00,0x00,0x00,0x00,0x00,0x00,0x00,0x00,0x00,0x00,0x00,0x00,0x00,0x00,0x00,0x00,0x00,0x00,0x00,0x00,0x00,0x00,0x00,0x01,0x00,0x1b,0x64,0x56,0x5f,0x1e,0x44,0xb6,0x1f,0xb1,0x96,0x8c,0x9e,0xb2,0xe3,0xbb,0xf4,0xd8,0xe1,0xd8,0xc4,0x0e,0x9c,0x8f,0x8f,0x8f,0x8f,0x99,0xb6,0xb0,0x0e,0x15,0x14,0xac,0xb1,0x9a,0x98,0x96,0x98,0x93,0x93,0x96,0xd5,0xd5,0x20,0xbe,0xbe,0x9d,0x11,0x88,0xba,0xd5,0xb5,0x96,0x8c,0xa3,0x86,0xb1,0xdd,0x24,0xa3,0xbe,0xca,0x44,0x1e,0x00,0x03,0x00,0x00,0x00,0x00,0x00,0x00,0x00,0x00,0x00,0x00,0x00,0x00,0x00,0x00,0x00,0x00,0x00,0x00,0x00,0x00,0x00,0x00,0x00,0x00,0x00,0x00,0x00,0x00,0x00,0x00,0x00,0x00,0x00,0x00,0x00,0x00,
    0x00,0x00,0x00,0x00,0x00,0x00,0x00,0x00,0x00,0x00,0x00,0x00,0x00,0x00,0x00,0x00,0x00,0x00,0x00,0x00,0x00,0x00,0x00,0x00,0x00,0x00,0x00,0x00,0x00,0x00,0x00,0x00,0x00,0x00,0x00,0x00,0x00,0x00,0x00,0x00,0x01,0x00,0x2b,0x64,0x6c,0x64,0x19,0x32,0x0e,0x1f,0x96,0x86,0x96,0xac,0xba,0xd0,0xad,0xb6,0xc4,0xbb,0xce,0xd4,0x97,0x11,0x95,0x99,0x99,0x0e,0xb7,0xac,0xb7,0xb2,0x27,0xaf,0xbe,0x41,0xb1,0xb1,0xc0,0xaf,0xaf,0x20,0xb1,0xdd,0xd2,0xbe,0x39,0xb2,0xb8,0x9f,0xab,0xba,0xd4,0xb1,0x93,0xb3,0xb7,0x93,0xb5,0xb9,0x24,0xa3,0xb6,0x5a,0x2f,0x04,0x04,0x00,0x00,0x00,0x00,0x00,0x00,0x00,0x00,0x00,0x00,0x00,0x00,0x00,0x00,0x00,0x00,0x00,0x00,0x00,0x00,0x00,0x00,0x00,0x00,0x00,0x00,0x00,0x00,0x00,0x00,0x00,0x00,0x00,0x00,0x00,0x00,0x00,
    0x00,0x00,0x00,0x00,0x00,0x00,0x00,0x00,0x00,0x00,0x00,0x00,0x00,0x00,0x00,0x00,0x00,0x00,0x00,0x00,0x00,0x00,0x00,0x00,0x00,0x00,0x00,0x00,0x00,0x00,0x00,0x00,0x00,0x00,0x00,0x00,0x00,0x00,0x00,0x00,0x00,0x06,0x00,0x2c,0x6c,0x56,0x2c,0x3f,0x1f,0xb5,0x98,0x93,0xb5,0xbd,0xd9,0xc7,0x5d,0x0d,0x38,0x1f,0xb6,0xca,0xab,0xc0,0xa3,0x93,0xab,0xb8,0xbe,0xbe,0x14,0xbe,0xd2,0xaf,0xaf,0xca,0x0e,0xba,0x0d,0x0d,0x14,0xca,0xac,0xb6,0x39,0xca,0xca,0xb0,0xa2,0x9c,0xad,0xca,0xdd,0xa1,0x24,0xb6,0xd5,0x93,0xb6,0xe8,0xb5,0xb3,0x39,0x2d,0x2c,0x00,0x06,0x00,0x00,0x00,0x00,0x00,0x00,0x00,0x00,0x00,0x00,0x00,0x00,0x00,0x00,0x00,0x00,0x00,0x00,0x00,0x00,0x00,0x00,0x00,0x00,0x00,0x00,0x00,0x00,0x00,0x00,0x00,0x00,0x00,0x00,0x00,0x00,0x00,
    0x00,0x00,0x00,0x00,0x00,0x00,0x00,0x00,0x00,0x00,0x00,0x00,0x00,0x00,0x00,0x00,0x00,0x00,0x00,0x00,0x00,0x00,0x00,0x00,0x00,0x00,0x00,0x00,0x00,0x00,0x00,0x00,0x00,0x00,0x00,0x00,0x00,0x00,0x00,0x00,0x00,0x04,0x00,0x43,0x35,0x79,0x4c,0x57,0x1f,0xa3,0x8c,0x9e,0xbc,0xd9,0xee,0xe1,0xd8,0xd9,0xbd,0xc4,0xb7,0x11,0x9a,0xb7,0x1f,0xb3,0xc4,0xcc,0x8a,0x90,0x8d,0xc4,0xbe,0xbe,0x91,0x9d,0x97,0x97,0x9c,0x88,0x8f,0xa2,0x9a,0xa2,0xbe,0xd2,0xc6,0x09,0xc6,0xd2,0xba,0xb6,0xb7,0xb5,0xd4,0xb7,0xb7,0xa1,0x41,0xdd,0x93,0x8c,0x27,0x82,0x19,0x03,0x04,0x00,0x00,0x00,0x00,0x00,0x00,0x00,0x00,0x00,0x00,0x00,0x00,0x00,0x00,0x00,0x00,0x00,0x00,0x00,0x00,0x00,0x00,0x00,0x00,0x00,0x00,0x00,0x00,0x00,0x00,0x00,0x00,0x00,0x00,0x00,0x00,0x00,
    0x00,0x00,0x00,0x00,0x00,0x00,0x00,0x00,0x00,0x00,0x00,0x00,0x00,0x00,0x00,0x00,0x00,0x00,0x00,0x00,0x00,0x00,0x00,0x00,0x00,0x00,0x00,0x00,0x00,0x00,0x00,0x00,0x00,0x00,0x00,0x00,0x00,0x00,0x00,0x00,0x00,0x00,0x04,0x00,0x2c,0x35,0xd5,0x6e,0x24,0x96,0xa3,0x9e,0xc5,0xf4,0xd8,0xd8,0xe1,0xe1,0xe1,0xbd,0x39,0xab,0x9f,0xed,0x27,0xd3,0x90,0xd3,0x67,0xcb,0xc4,0xd3,0x8a,0xd6,0x9c,0x99,0x95,0x95,0x95,0x95,0x99,0xc8,0xc0,0xb6,0x09,0x8a,0x49,0x67,0x09,0x90,0xcc,0x15,0x27,0x38,0xb7,0x15,0xbc,0x93,0x24,0x93,0x9a,0xbc,0x15,0x36,0x1e,0x00,0x06,0x00,0x00,0x00,0x00,0x00,0x00,0x00,0x00,0x00,0x00,0x00,0x00,0x00,0x00,0x00,0x00,0x00,0x00,0x00,0x00,0x00,0x00,0x00,0x00,0x00,0x00,0x00,0x00,0x00,0x00,0x00,0x00,0x00,0x00,0x00,0x00,0x00,
    0x00,0x00,0x00,0x00,0x00,0x00,0x00,0x00,0x00,0x00,0x00,0x00,0x00,0x00,0x00,0x00,0x00,0x00,0x00,0x00,0x00,0x00,0x00,0x00,0x00,0x00,0x00,0x00,0x00,0x00,0x00,0x00,0x00,0x00,0x00,0x00,0x00,0x00,0x00,0x00,0x00,0x00,0x00,0x05,0x00,0x7f,0x4f,0xeb,0xa3,0x8c,0xa6,0x96,0xb3,0xac,0xf3,0xc7,0xd9,0xd9,0xd8,0xbd,0x25,0x97,0xb7,0xcc,0x90,0xcc,0x33,0xb0,0xc5,0x27,0xcb,0xd6,0xd2,0xcc,0x99,0x95,0x99,0x99,0x95,0xad,0x86,0xaf,0xa2,0x27,0x67,0xc5,0xc4,0x15,0x0d,0x33,0x09,0x90,0x27,0xb5,0xdd,0xc6,0xb6,0xb3,0xb1,0x8c,0x86,0x1f,0xba,0x18,0x4d,0x0c,0x00,0x06,0x00,0x00,0x00,0x00,0x00,0x00,0x00,0x00,0x00,0x00,0x00,0x00,0x00,0x00,0x00,0x00,0x00,0x00,0x00,0x00,0x00,0x00,0x00,0x00,0x00,0x00,0x00,0x00,0x00,0x00,0x00,0x00,0x00,0x00,0x00,0x00,
    0x00,0x00,0x00,0x00,0x00,0x00,0x00,0x00,0x00,0x00,0x00,0x00,0x00,0x00,0x00,0x00,0x00,0x00,0x00,0x00,0x00,0x00,0x00,0x00,0x00,0x00,0x00,0x00,0x00,0x00,0x00,0x00,0x00,0x00,0x00,0x00,0x00,0x00,0x00,0x00,0x00,0x00,0x00,0x03,0x03,0x1e,0x40,0x47,0x96,0x8c,0x86,0x8c,0x96,0x9e,0x9e,0xa1,0x47,0xcf,0x4e,0xc5,0x88,0x9d,0xc5,0x90,0xc4,0x8f,0x9d,0x49,0x90,0xcc,0xcb,0x8a,0x33,0x14,0xaf,0x91,0x11,0x91,0x91,0x95,0x99,0x96,0xb8,0x0d,0x15,0x90,0xc6,0x87,0xcc,0x9c,0x20,0xd3,0xcc,0xd0,0x15,0x09,0xb3,0xb3,0x86,0x8c,0x96,0xad,0xd2,0xaf,0x0e,0x4a,0x0a,0x00,0x05,0x00,0x00,0x00,0x00,0x00,0x00,0x00,0x00,0x00,0x00,0x00,0x00,0x00,0x00,0x00,0x00,0x00,0x00,0x00,0x00,0x00,0x00,0x00,0x00,0x00,0x00,0x00,0x00,0x00,0x00,0x00,0x00,0x00,0x00,0x00,
    0x00,0x00,0x00,0x00,0x00,0x00,0x00,0x00,0x00,0x00,0x00,0x00,0x00,0x00,0x00,0x00,0x00,0x00,0x00,0x00,0x00,0x00,0x00,0x00,0x00,0x00,0x00,0x00,0x00,0x00,0x00,0x00,0x00,0x00,0x00,0x00,0x00,0x00,0x00,0x00,0x00,0x00,0x00,0x06,0x00,0x26,0x6e,0xb7,0xb5,0x93,0x8c,0x86,0x8c,0xa6,0xa3,0xeb,0xfa,0x28,0xfa,0xab,0xa9,0x14,0x89,0x49,0x9c,0x9d,0xc5,0x90,0xda,0x88,0x9d,0xc4,0x89,0xaf,0x97,0x8f,0x8f,0x91,0x91,0x91,0x91,0x91,0x9d,0x33,0x8a,0x33,0x9d,0xb2,0x90,0xc5,0x9d,0x5d,0x90,0xba,0xd2,0x51,0xb1,0x93,0x8c,0x86,0xa6,0x93,0x4f,0x70,0x95,0xc5,0x2d,0x30,0x00,0x06,0x00,0x00,0x00,0x00,0x00,0x00,0x00,0x00,0x00,0x00,0x00,0x00,0x00,0x00,0x00,0x00,0x00,0x00,0x00,0x00,0x00,0x00,0x00,0x00,0x00,0x00,0x00,0x00,0x00,0x00,0x00,0x00,0x00,0x00,
    0x00,0x00,0x00,0x00,0x00,0x00,0x00,0x00,0x00,0x00,0x00,0x00,0x00,0x00,0x00,0x00,0x00,0x00,0x00,0x00,0x00,0x00,0x00,0x00,0x00,0x00,0x00,0x00,0x00,0x00,0x00,0x00,0x00,0x00,0x00,0x00,0x03,0x06,0x00,0x00,0x03,0x06,0x0c,0x00,0x30,0x36,0x20,0xb1,0xb5,0x93,0x8c,0x86,0x86,0xc0,0xa1,0xea,0xe4,0xc9,0x49,0x88,0x91,0xc6,0x8e,0x0d,0xa9,0x95,0x09,0x8e,0xb0,0xab,0xa9,0xc4,0x90,0x33,0x9c,0xaf,0x95,0x99,0x95,0x8f,0x8f,0x8f,0x9c,0xcc,0xc4,0x9d,0x9c,0xd6,0x90,0xc4,0x9d,0xb0,0x8b,0xdd,0xe9,0xdb,0x24,0x96,0xa6,0xa6,0xa3,0xeb,0x3e,0x3c,0x75,0xb0,0x97,0x75,0x43,0x00,0x04,0x00,0x00,0x00,0x00,0x00,0x00,0x00,0x00,0x00,0x00,0x00,0x00,0x00,0x00,0x00,0x00,0x00,0x00,0x00,0x00,0x00,0x00,0x00,0x00,0x00,0x00,0x00,0x00,0x00,0x00,0x00,0x00,0x00,
    0x00,0x00,0x00,0x00,0x00,0x00,0x00,0x00,0x00,0x00,0x00,0x00,0x00,0x00,0x00,0x00,0x00,0x00,0x00,0x00,0x00,0x00,0x00,0x00,0x00,0x00,0x00,0x00,0x00,0x00,0x00,0x00,0x00,0x00,0x00,0x03,0x00,0x00,0x0c,0x00,0x00,0x00,0x00,0x2b,0x4c,0x3e,0xab,0xa6,0x86,0x86,0x86,0x86,0x8c,0x96,0xa3,0xe4,0xe5,0xbc,0x15,0xab,0x8f,0xc6,0xcc,0x97,0x9c,0xb0,0x85,0xf4,0xe0,0xf7,0xec,0xd9,0x90,0xda,0xd0,0xaf,0x95,0x99,0xad,0x11,0x8f,0x9c,0x20,0x87,0xbb,0xf7,0xf7,0xef,0xc3,0x67,0x9d,0x95,0xcc,0x85,0xf1,0xdb,0x39,0xa1,0xa3,0xa6,0x8c,0x86,0xc8,0x17,0x37,0x4f,0xa9,0x78,0x31,0x1e,0x05,0x01,0x00,0x00,0x00,0x00,0x00,0x00,0x00,0x00,0x00,0x00,0x00,0x00,0x00,0x00,0x00,0x00,0x00,0x00,0x00,0x00,0x00,0x00,0x00,0x00,0x00,0x00,0x00,0x00,0x00,0x00,0x00,0x00,
    0x00,0x00,0x00,0x00,0x00,0x00,0x00,0x00,0x00,0x00,0x00,0x00,0x00,0x00,0x00,0x00,0x00,0x00,0x00,0x00,0x00,0x00,0x00,0x00,0x00,0x00,0x00,0x00,0x00,0x00,0x00,0x00,0x00,0x00,0x04,0x00,0x63,0x55,0x6d,0x6d,0x5e,0x30,0x30,0x2f,0x15,0x0e,0x98,0x8c,0x86,0x86,0x86,0x86,0xc0,0xa1,0xf0,0xae,0x67,0x38,0xac,0x25,0x97,0x0d,0x27,0x20,0x97,0xaf,0xc6,0xe0,0xec,0xec,0xe0,0xec,0xb4,0xd6,0x9d,0x91,0x8f,0x91,0x8f,0x8f,0x8f,0x97,0xb0,0x1c,0xee,0xe0,0xe0,0xec,0xd9,0x15,0x9d,0xaf,0xcc,0x8d,0xe3,0x76,0xfa,0xa1,0xc0,0x86,0x86,0x8c,0xad,0x2d,0x5f,0x4d,0x18,0xde,0x78,0x37,0x06,0x06,0x00,0x00,0x00,0x00,0x00,0x00,0x00,0x00,0x00,0x00,0x00,0x00,0x00,0x00,0x00,0x00,0x00,0x00,0x00,0x00,0x00,0x00,0x00,0x00,0x00,0x00,0x00,0x00,0x00,0x00,0x00,0x00,
    0x00,0x00,0x00,0x00,0x00,0x00,0x00,0x00,0x00,0x00,0x00,0x00,0x00,0x00,0x00,0x00,0x00,0x00,0x00,0x00,0x00,0x00,0x00,0x00,0x00,0x00,0x00,0x00,0x00,0x00,0x00,0x00,0x00,0x04,0x00,0x30,0x36,0x42,0x18,0x18,0x36,0x36,0x36,0x3e,0xad,0x96,0x8c,0x86,0x86,0x86,0x86,0xc0,0xa1,0xd6,0xae,0xe9,0xd4,0x38,0xca,0xed,0xa2,0xab,0xbe,0xde,0x97,0xa9,0xf3,0xec,0xf9,0xf9,0xf7,0xf9,0xe3,0x11,0x88,0x8f,0x8f,0x8f,0x8f,0x8f,0x8f,0x8f,0x11,0xe3,0xec,0xec,0xec,0xf9,0xe3,0xd6,0x9d,0xd6,0xd2,0xd4,0xb7,0xf0,0xe5,0xa3,0x96,0x86,0x86,0x8c,0xad,0x5a,0x26,0x00,0x4d,0x18,0x5a,0x31,0x0c,0x00,0x00,0x00,0x00,0x00,0x00,0x00,0x00,0x00,0x00,0x00,0x00,0x00,0x00,0x00,0x00,0x00,0x00,0x00,0x00,0x00,0x00,0x00,0x00,0x00,0x00,0x00,0x00,0x00,0x00,0x00,0x00,0x00,
    0x00,0x00,0x00,0x00,0x00,0x00,0x00,0x00,0x00,0x00,0x00,0x00,0x00,0x00,0x00,0x00,0x00,0x00,0x00,0x00,0x00,0x00,0x00,0x00,0x00,0x00,0x00,0x00,0x00,0x00,0x00,0x00,0x03,0x04,0x16,0x4f,0x25,0xab,0xa2,0xa2,0xa2,0x91,0xab,0x9a,0x96,0x8c,0x86,0x86,0x86,0x86,0xc0,0xa1,0xb1,0xe5,0xe9,0x41,0xb9,0xdd,0x9f,0x1f,0x88,0x99,0x9a,0xad,0x91,0x97,0x0d,0xe3,0xf9,0x95,0xaf,0x5d,0xd6,0x97,0x91,0x8f,0x8f,0x8f,0x8f,0x8f,0x91,0x99,0x9c,0xac,0xf3,0xf7,0xf7,0xb2,0xda,0x97,0x91,0xaf,0xca,0xb9,0x27,0x4e,0xe4,0x14,0x93,0x8c,0x86,0x8c,0x93,0x0d,0x72,0x66,0x19,0x17,0x0d,0x40,0x00,0x04,0x00,0x00,0x00,0x00,0x00,0x00,0x00,0x00,0x00,0x00,0x00,0x00,0x00,0x00,0x00,0x00,0x00,0x00,0x00,0x00,0x00,0x00,0x00,0x00,0x00,0x00,0x00,0x00,0x00,0x00,0x00,0x00,
    0x00,0x00,0x00,0x00,0x00,0x00,0x00,0x00,0x00,0x00,0x00,0x00,0x00,0x00,0x00,0x00,0x00,0x00,0x00,0x00,0x00,0x00,0x00,0x00,0x00,0x00,0x00,0x00,0x00,0x00,0x00,0x00,0x06,0x06,0x2f,0x0d,0xad,0xa6,0xa6,0xa6,0x8c,0x8c,0xa6,0x8c,0x8c,0x86,0x86,0x86,0x86,0xc0,0xa1,0xb5,0x28,0x28,0xb9,0xb9,0xb9,0x38,0xad,0x39,0xb0,0x88,0xc8,0xa6,0xb8,0x11,0x9c,0xb2,0xe3,0x5d,0x5d,0xb2,0x97,0x11,0x11,0x95,0x91,0x8f,0x8f,0x95,0x99,0x99,0x95,0x88,0x33,0xda,0xd2,0xc5,0x99,0x91,0xb8,0x88,0x1f,0xb7,0xe8,0xcb,0x4e,0x5d,0x9e,0xc0,0x86,0x86,0x86,0xc0,0x17,0x52,0x1e,0x40,0x0d,0x17,0x00,0x03,0x00,0x00,0x00,0x00,0x00,0x00,0x00,0x00,0x00,0x00,0x00,0x00,0x00,0x00,0x00,0x00,0x00,0x00,0x00,0x00,0x00,0x00,0x00,0x00,0x00,0x00,0x00,0x00,0x00,0x00,0x00,0x00,
    0x00,0x00,0x00,0x00,0x00,0x00,0x00,0x00,0x00,0x00,0x00,0x00,0x00,0x00,0x00,0x00,0x00,0x00,0x00,0x00,0x00,0x00,0x00,0x00,0x00,0x00,0x00,0x00,0x00,0x00,0x00,0x00,0x06,0x00,0x32,0xa2,0x86,0x8c,0x86,0x86,0x8c,0x93,0x96,0x86,0x86,0x86,0x86,0x86,0xc0,0x93,0xd6,0xae,0xa4,0xcf,0xba,0xed,0x38,0xe8,0xb9,0xd4,0xbc,0x9d,0x99,0xa3,0x9f,0x9f,0x9f,0xcd,0x9f,0xca,0xc0,0x9a,0x99,0x91,0x8f,0x8f,0x91,0xad,0x99,0x11,0x95,0x91,0x91,0x8f,0xa9,0xb8,0xba,0xcd,0x9f,0x9f,0x9f,0xba,0xdc,0xb9,0xd4,0xdc,0xb9,0x4e,0xb3,0x98,0x86,0x93,0x86,0x98,0x25,0x62,0x30,0x44,0xaf,0x3c,0x00,0x00,0x00,0x00,0x00,0x00,0x00,0x00,0x00,0x00,0x00,0x00,0x00,0x00,0x00,0x00,0x00,0x00,0x00,0x00,0x00,0x00,0x00,0x00,0x00,0x00,0x00,0x00,0x00,0x00,0x00,0x00,0x00,0x00,
    0x00,0x00,0x00,0x00,0x00,0x00,0x00,0x00,0x00,0x00,0x00,0x00,0x00,0x00,0x00,0x00,0x00,0x00,0x00,0x00,0x00,0x00,0x00,0x00,0x00,0x00,0x00,0x00,0x00,0x00,0x00,0x00,0x00,0x00,0x42,0xa2,0x86,0x96,0x96,0x86,0x9e,0x24,0xb5,0x93,0x8c,0x86,0x86,0xc0,0xa1,0xea,0xc1,0xa4,0x92,0xf1,0xe3,0x9a,0x93,0x38,0x39,0xb2,0xc5,0x88,0x99,0x9f,0x9f,0xcd,0xcd,0x9f,0x9f,0xb8,0xc0,0xa6,0xad,0x95,0x91,0x91,0x91,0x99,0x11,0x8f,0x8f,0x8f,0x91,0x11,0x99,0xc0,0x9f,0x9f,0xcd,0xcd,0x9f,0x1f,0xdc,0x38,0xdc,0xb9,0xb6,0x28,0xe5,0x96,0x86,0x86,0x86,0x86,0x86,0x5a,0x2f,0x3c,0xa9,0x42,0x00,0x00,0x00,0x00,0x00,0x00,0x00,0x00,0x00,0x00,0x00,0x00,0x00,0x00,0x00,0x00,0x00,0x00,0x00,0x00,0x00,0x00,0x00,0x00,0x00,0x00,0x00,0x00,0x00,0x00,0x00,0x00,0x00,0x00,
    0x00,0x00,0x00,0x00,0x00,0x00,0x00,0x00,0x00,0x00,0x00,0x00,0x00,0x00,0x00,0x00,0x00,0x00,0x00,0x00,0x00,0x00,0x00,0x00,0x00,0x00,0x00,0x00,0x00,0x00,0x00,0x00,0x00,0x00,0x59,0xa2,0xa3,0xb3,0xa6,0xa6,0x41,0xda,0xc8,0x86,0x86,0x86,0xc0,0xa1,0xea,0xaa,0xa5,0xa5,0x92,0xcf,0xdb,0xe9,0x0d,0xb9,0xb8,0x9d,0xbe,0xde,0x88,0xa3,0x9f,0x9f,0x9f,0x9f,0x9f,0x9f,0xa6,0x86,0x99,0x95,0x95,0x91,0x91,0x8f,0x8f,0x8f,0x8f,0x8f,0x91,0x95,0xad,0xa3,0x9f,0x9f,0xcd,0xcd,0x9f,0xe8,0xd4,0xe8,0xdc,0xb6,0xc8,0x28,0xfc,0xde,0xa1,0xc0,0x86,0x8c,0x93,0xb1,0x17,0x25,0xa2,0x59,0x00,0x00,0x00,0x00,0x00,0x00,0x00,0x00,0x00,0x00,0x00,0x00,0x00,0x00,0x00,0x00,0x00,0x00,0x00,0x00,0x00,0x00,0x00,0x00,0x00,0x00,0x00,0x00,0x00,0x00,0x00,0x00,0x00,0x00,
    0x00,0x00,0x00,0x00,0x00,0x00,0x00,0x00,0x00,0x00,0x00,0x00,0x00,0x00,0x00,0x00,0x00,0x00,0x00,0x00,0x00,0x00,0x00,0x00,0x00,0x00,0x00,0x00,0x00,0x00,0x00,0x00,0x00,0x00,0x42,0xc8,0x72,0x44,0x32,0x4f,0x0e,0xad,0x96,0xc0,0x8c,0x8c,0x93,0xba,0xae,0xa5,0xa0,0xa0,0xa5,0xf1,0xf2,0xf2,0xdb,0x27,0xfa,0xd6,0xf0,0xe9,0x95,0xa2,0xb3,0x9f,0x9f,0x9f,0xa3,0xc0,0xad,0x11,0x91,0x8f,0x8f,0x8f,0x9c,0x91,0x88,0x11,0x95,0x95,0x95,0x99,0x86,0x86,0x9f,0x9f,0xcd,0x9f,0xb6,0xd2,0xb7,0xb9,0x20,0xa9,0xea,0xc1,0xa8,0xf0,0xa1,0xc0,0x86,0x86,0x86,0x8c,0xa3,0x9f,0xa2,0x17,0x00,0x03,0x00,0x00,0x00,0x00,0x00,0x00,0x00,0x00,0x00,0x00,0x00,0x00,0x00,0x00,0x00,0x00,0x00,0x00,0x00,0x00,0x00,0x00,0x00,0x00,0x00,0x00,0x00,0x00,0x00,0x00,0x00,0x00,
    0x00,0x00,0x00,0x00,0x00,0x00,0x00,0x00,0x00,0x00,0x00,0x00,0x00,0x00,0x00,0x00,0x00,0x00,0x00,0x00,0x00,0x00,0x00,0x00,0x00,0x00,0x00,0x00,0x00,0x00,0x00,0x00,0x00,0x00,0x18,0x3c,0x6f,0x5e,0x44,0x70,0xa2,0x8c,0x8c,0xa1,0x96,0xc0,0x93,0xe5,0xe7,0xaa,0xa0,0xa0,0xa0,0xf1,0xf2,0xfc,0xdb,0x6c,0x6b,0xf2,0x28,0xf1,0xe9,0xb8,0xab,0xc0,0xa6,0x8c,0x96,0x99,0x95,0x8f,0x88,0x8f,0x8f,0x9c,0xb0,0xdc,0xe6,0x95,0x99,0x99,0x11,0x11,0x99,0x86,0x86,0xc0,0xb8,0xc0,0xd2,0x9d,0xb7,0x41,0x9d,0xde,0xae,0xaa,0xaa,0xe5,0xeb,0x86,0x86,0x86,0x8c,0xeb,0xb6,0x9f,0x2d,0x31,0x03,0x04,0x00,0x00,0x00,0x00,0x00,0x00,0x00,0x00,0x00,0x00,0x00,0x00,0x00,0x00,0x00,0x00,0x00,0x00,0x00,0x00,0x00,0x00,0x00,0x00,0x00,0x00,0x00,0x00,0x00,0x00,0x00,0x00,
    0x00,0x00,0x00,0x00,0x00,0x00,0x00,0x00,0x00,0x00,0x00,0x00,0x00,0x00,0x00,0x00,0x00,0x00,0x00,0x00,0x00,0x00,0x00,0x00,0x00,0x00,0x00,0x00,0x00,0x00,0x00,0x00,0x00,0x00,0x4f,0x17,0x1e,0x50,0x6e,0xab,0xa2,0xad,0xa1,0xf0,0xea,0x9e,0xb1,0x28,0xa8,0xaa,0xa0,0xa4,0xaa,0xdb,0xe7,0xcf,0xc6,0xf5,0xf6,0x67,0xc9,0xdb,0xdb,0x76,0xde,0xa9,0x8f,0xaf,0xaf,0x99,0x95,0x91,0x11,0x95,0x95,0x8f,0xcd,0xb9,0xe6,0x99,0x99,0x91,0x8f,0x8f,0x11,0x99,0xaf,0x8f,0xab,0xfa,0xc9,0xea,0xc4,0xcb,0xf0,0xae,0xaa,0xae,0xfc,0x28,0xb3,0x98,0x8c,0x86,0x8c,0x93,0xd5,0x4a,0x4c,0x5f,0x04,0x04,0x00,0x00,0x00,0x00,0x00,0x00,0x00,0x00,0x00,0x00,0x00,0x00,0x00,0x00,0x00,0x00,0x00,0x00,0x00,0x00,0x00,0x00,0x00,0x00,0x00,0x00,0x00,0x00,0x00,0x00,0x00,0x00,
    0x00,0x00,0x00,0x00,0x00,0x00,0x00,0x00,0x00,0x00,0x00,0x00,0x00,0x00,0x00,0x00,0x00,0x00,0x00,0x00,0x00,0x00,0x00,0x00,0x00,0x00,0x00,0x00,0x00,0x00,0x00,0x00,0x00,0x00,0x56,0x3f,0x30,0x77,0x47,0xad,0xb8,0xd0,0xb2,0xc1,0x28,0xc0,0xde,0xc1,0xa5,0xa4,0xa4,0xa5,0xa0,0xae,0xa4,0xc9,0xf6,0xfb,0xfb,0xfd,0xae,0xdb,0xf1,0x74,0x9b,0xc4,0x14,0x9c,0x9c,0x96,0xc0,0xc0,0x99,0x99,0x99,0x99,0x91,0x91,0x97,0x9c,0x11,0x8f,0x91,0x11,0x8f,0x9c,0xa9,0x14,0xe3,0xae,0xe7,0xdb,0x6c,0x49,0xf2,0xaa,0xa8,0xae,0xc1,0xae,0xb5,0x93,0x8c,0x86,0x8c,0x93,0xc8,0x4a,0x4b,0x00,0x06,0x00,0x00,0x00,0x00,0x00,0x00,0x00,0x00,0x00,0x00,0x00,0x00,0x00,0x00,0x00,0x00,0x00,0x00,0x00,0x00,0x00,0x00,0x00,0x00,0x00,0x00,0x00,0x00,0x00,0x00,0x00,0x00,0x00,
    0x00,0x00,0x00,0x00,0x00,0x00,0x00,0x00,0x00,0x00,0x00,0x00,0x00,0x00,0x00,0x00,0x00,0x00,0x00,0x00,0x00,0x00,0x00,0x00,0x00,0x00,0x00,0x00,0x00,0x00,0x00,0x00,0x04,0x00,0x54,0x84,0x60,0x44,0xd0,0x8c,0x86,0xa6,0xe9,0xa4,0xa8,0xf0,0xb2,0xaa,0xc2,0x92,0xa5,0xa4,0xa4,0xae,0xa8,0xe7,0x49,0xfb,0xf5,0x4e,0xae,0x9b,0x90,0x89,0x8d,0x90,0x8d,0x27,0x33,0xb8,0xd0,0x9a,0x11,0x11,0x11,0x8f,0x97,0xb0,0x14,0x25,0x97,0x97,0x9d,0x9d,0x91,0xca,0xcb,0x51,0xdb,0xe7,0xcf,0x27,0xf5,0xf6,0x49,0xc9,0xa8,0xc9,0xaa,0xae,0xb1,0x98,0x8c,0x86,0x86,0x86,0x9e,0x2d,0x2c,0x00,0x00,0x00,0x00,0x00,0x00,0x00,0x00,0x00,0x00,0x00,0x00,0x00,0x00,0x00,0x00,0x00,0x00,0x00,0x00,0x00,0x00,0x00,0x00,0x00,0x00,0x00,0x00,0x00,0x00,0x00,0x00,0x00,0x00,0x00,
    0x00,0x00,0x00,0x00,0x00,0x00,0x00,0x00,0x00,0x00,0x00,0x00,0x00,0x00,0x00,0x00,0x00,0x00,0x00,0x00,0x00,0x00,0x00,0x00,0x00,0x00,0x00,0x00,0x00,0x00,0x00,0x00,0x00,0x00,0x00,0x10,0x19,0x72,0x20,0x86,0x93,0xba,0x48,0xa4,0xa0,0xa0,0xe9,0xa0,0xc2,0xa4,0xa0,0xa0,0xa0,0xc1,0xa8,0xfc,0x6c,0x49,0xf6,0xff,0xcf,0x89,0x94,0x94,0x94,0x8a,0x89,0x90,0x90,0x09,0xc4,0xb6,0x25,0x11,0x88,0xa9,0xac,0xd5,0xac,0xac,0xca,0x25,0xac,0x15,0xc6,0x8d,0x90,0x8a,0xcf,0xe7,0xcf,0xf6,0xfb,0xfb,0x6c,0xae,0xa4,0xc9,0xa8,0xe5,0x96,0x8c,0x86,0x8c,0x86,0xa3,0xba,0x0e,0x57,0x1e,0x03,0x01,0x00,0x00,0x00,0x00,0x00,0x00,0x00,0x00,0x00,0x00,0x00,0x00,0x00,0x00,0x00,0x00,0x00,0x00,0x00,0x00,0x00,0x00,0x00,0x00,0x00,0x00,0x00,0x00,0x00,0x00,0x00,0x00,
    0x00,0x00,0x00,0x00,0x00,0x00,0x00,0x00,0x00,0x00,0x00,0x00,0x00,0x00,0x00,0x00,0x00,0x00,0x00,0x00,0x00,0x00,0x00,0x00,0x00,0x00,0x00,0x00,0x00,0x00,0x00,0x00,0x00,0x00,0x01,0x00,0x0c,0x82,0xbc,0xa2,0x91,0x0e,0x28,0x92,0xa5,0xc2,0x28,0xaa,0xc2,0xa5,0xa4,0xa0,0xa0,0xc1,0xa8,0xc1,0xc9,0xa8,0xae,0xc9,0x51,0x8a,0x94,0x85,0x85,0x8b,0x8d,0x8d,0x8e,0x89,0x90,0xd4,0xe6,0xdc,0xcd,0x1f,0xc5,0x97,0xb6,0xbe,0xca,0x09,0x90,0x90,0x90,0x8a,0x9b,0x8a,0xc3,0xa8,0xc9,0xf6,0xf5,0xf5,0x4e,0x92,0xc1,0xc1,0xaa,0xd6,0xa1,0xc0,0x86,0xa6,0xeb,0xb5,0xc5,0xda,0x4c,0x16,0x00,0x04,0x00,0x00,0x00,0x00,0x00,0x00,0x00,0x00,0x00,0x00,0x00,0x00,0x00,0x00,0x00,0x00,0x00,0x00,0x00,0x00,0x00,0x00,0x00,0x00,0x00,0x00,0x00,0x00,0x00,0x00,0x00,0x00,
    0x00,0x00,0x00,0x00,0x00,0x00,0x00,0x00,0x00,0x00,0x00,0x00,0x00,0x00,0x00,0x00,0x00,0x00,0x00,0x00,0x00,0x00,0x00,0x00,0x00,0x00,0x00,0x00,0x00,0x00,0x00,0x00,0x00,0x00,0x00,0x06,0x00,0x26,0x59,0xb6,0x47,0x0d,0x73,0xc2,0x92,0x92,0xc2,0x92,0x92,0x92,0x92,0xa5,0xa5,0xa8,0xa0,0xa8,0xa4,0xa5,0xae,0xc3,0x8a,0x87,0x8a,0x8a,0x85,0x8b,0x8d,0x8e,0x8d,0x89,0xcc,0xe2,0xe2,0xe6,0xe2,0xb9,0xb0,0x97,0xaf,0xac,0x88,0xda,0x90,0x8d,0x8e,0x8a,0x8b,0x87,0x89,0xcf,0x48,0xfd,0xc9,0xfd,0xe9,0x92,0xcf,0xc9,0xea,0x9e,0x86,0x8c,0x86,0x8c,0x93,0x20,0x44,0x3f,0x69,0x1e,0x03,0x01,0x00,0x00,0x00,0x00,0x00,0x00,0x00,0x00,0x00,0x00,0x00,0x00,0x00,0x00,0x00,0x00,0x00,0x00,0x00,0x00,0x00,0x00,0x00,0x00,0x00,0x00,0x00,0x00,0x00,0x00,0x00,0x00,
    0x00,0x00,0x00,0x00,0x00,0x00,0x00,0x00,0x00,0x00,0x00,0x00,0x00,0x00,0x00,0x00,0x00,0x00,0x00,0x00,0x00,0x00,0x00,0x00,0x00,0x00,0x00,0x00,0x00,0x00,0x00,0x00,0x00,0x01,0x1b,0x6a,0x6a,0x52,0x59,0x17,0x3c,0xb8,0xe4,0x92,0xa4,0xa5,0xa5,0x92,0x92,0x92,0x92,0x92,0x92,0xa0,0xa8,0xaa,0xa8,0xae,0x8a,0x89,0x8d,0x89,0x89,0x8e,0x85,0x85,0x85,0x8b,0x8b,0x8b,0xd3,0xcb,0xe2,0xe2,0xe6,0xb9,0x25,0x8f,0x88,0x9c,0x99,0xad,0xc6,0x90,0x8d,0x89,0x89,0x89,0x89,0x90,0xcf,0xaa,0xc2,0xae,0xc1,0x73,0xfe,0x14,0x9e,0xa3,0x86,0x96,0x8c,0xa3,0x9e,0x3e,0x50,0x55,0x6d,0x00,0x03,0x00,0x00,0x00,0x00,0x00,0x00,0x00,0x00,0x00,0x00,0x00,0x00,0x00,0x00,0x00,0x00,0x00,0x00,0x00,0x00,0x00,0x00,0x00,0x00,0x00,0x00,0x00,0x00,0x00,0x00,0x00,0x00,0x00,
    0x00,0x00,0x00,0x00,0x00,0x00,0x00,0x00,0x00,0x00,0x00,0x00,0x00,0x00,0x00,0x00,0x00,0x00,0x00,0x00,0x00,0x00,0x00,0x00,0x00,0x00,0x00,0x00,0x00,0x00,0x00,0x00,0x02,0x00,0x23,0x74,0x7c,0x3b,0x7b,0x32,0x36,0x1f,0xe4,0xa4,0xa0,0xa0,0xa0,0xa4,0x92,0x92,0x92,0x92,0x92,0xaa,0xaa,0xaa,0xa8,0x51,0x8d,0x94,0x8a,0x8d,0x8d,0x8a,0x85,0x85,0x85,0x87,0x85,0x85,0x8b,0x89,0xcc,0xe6,0xe2,0xb9,0x95,0x96,0x8c,0xa6,0xa6,0x9a,0xda,0x90,0x8e,0x8e,0x89,0x8d,0x8a,0x89,0x74,0x92,0xaa,0xa5,0xa0,0xe5,0x9e,0x9e,0xd6,0x4e,0x5d,0xa1,0x8c,0xa6,0x96,0x2d,0x50,0x32,0x82,0x0a,0x00,0x04,0x00,0x00,0x00,0x00,0x00,0x00,0x00,0x00,0x00,0x00,0x00,0x00,0x00,0x00,0x00,0x00,0x00,0x00,0x00,0x00,0x00,0x00,0x00,0x00,0x00,0x00,0x00,0x00,0x00,0x00,0x00,0x00,
    0x00,0x00,0x00,0x00,0x00,0x00,0x00,0x00,0x00,0x00,0x00,0x00,0x00,0x00,0x00,0x00,0x00,0x00,0x00,0x00,0x00,0x00,0x00,0x00,0x00,0x00,0x00,0x00,0x00,0x00,0x00,0x00,0x01,0x00,0x13,0x71,0x4e,0x65,0x3a,0x3a,0x3a,0x76,0xa0,0xa0,0xa0,0xa0,0xa0,0xa5,0x92,0x92,0x92,0x92,0x92,0xaa,0xaa,0xa8,0xaa,0xc3,0x8b,0x94,0x8b,0x85,0x87,0x94,0x87,0x87,0x85,0x85,0x8e,0x8e,0x8e,0x8d,0x90,0xd3,0xdd,0xb7,0xca,0xc0,0xa2,0xa2,0x99,0x91,0xaf,0xcc,0x90,0x8a,0x85,0x85,0x94,0x8a,0x51,0xa8,0xa0,0xa8,0xc1,0xfe,0x9e,0x33,0xae,0xa8,0xae,0x33,0xa1,0xc0,0x86,0x25,0x59,0x4a,0x54,0x2a,0x04,0x01,0x00,0x00,0x00,0x00,0x00,0x00,0x00,0x00,0x00,0x00,0x00,0x00,0x00,0x00,0x00,0x00,0x00,0x00,0x00,0x00,0x00,0x00,0x00,0x00,0x00,0x00,0x00,0x00,0x00,0x00,0x00,0x00,
    0x00,0x00,0x00,0x00,0x00,0x00,0x00,0x00,0x00,0x00,0x00,0x00,0x00,0x00,0x00,0x00,0x00,0x00,0x00,0x00,0x00,0x00,0x00,0x00,0x00,0x00,0x00,0x00,0x00,0x00,0x00,0x00,0x00,0x04,0x00,0x6a,0x6b,0xae,0x76,0x7a,0x28,0xa5,0x92,0xa4,0xa5,0xa5,0xa5,0x92,0x92,0x92,0x92,0x92,0x92,0xa5,0xa8,0xaa,0xaa,0x9b,0x8d,0x8d,0x8d,0x8d,0x8d,0x8a,0x8b,0x8b,0x8d,0x8e,0x8e,0x8b,0x8d,0x89,0x8e,0x8e,0xcb,0xcb,0xac,0x9d,0x20,0xaf,0x88,0x91,0xa9,0x15,0x90,0x8d,0x8d,0x8e,0x8a,0x85,0x89,0x74,0xa4,0xa8,0xc1,0xea,0xa3,0xc9,0xa4,0xa0,0xa4,0xe4,0xeb,0x86,0xa6,0xab,0xc5,0x71,0x80,0x00,0x05,0x00,0x00,0x00,0x00,0x00,0x00,0x00,0x00,0x00,0x00,0x00,0x00,0x00,0x00,0x00,0x00,0x00,0x00,0x00,0x00,0x00,0x00,0x00,0x00,0x00,0x00,0x00,0x00,0x00,0x00,0x00,0x00,0x00,
    0x00,0x00,0x00,0x00,0x00,0x00,0x00,0x00,0x00,0x00,0x00,0x00,0x00,0x00,0x00,0x00,0x00,0x00,0x00,0x00,0x00,0x00,0x00,0x00,0x00,0x00,0x00,0x00,0x00,0x00,0x00,0x00,0x00,0x01,0x03,0x2a,0x71,0x48,0xa4,0x92,0x92,0xa5,0xa5,0xa5,0x92,0xc2,0xc2,0x92,0x92,0x92,0x92,0x92,0x92,0xc2,0xa0,0xaa,0xa8,0x51,0x90,0x8b,0x87,0x8b,0x8e,0x89,0x89,0x89,0x89,0x89,0x89,0x8e,0x8e,0x89,0x90,0x89,0x49,0x09,0x67,0xbc,0xb9,0xba,0x8f,0xaf,0x97,0xd2,0x90,0x94,0x89,0x89,0x89,0x8e,0x89,0x89,0xae,0xa5,0xa8,0xe5,0x41,0xae,0x92,0xa5,0xc2,0x28,0xb5,0x93,0xa6,0x9a,0x47,0x26,0x0c,0x1b,0x03,0x00,0x00,0x00,0x00,0x00,0x00,0x00,0x00,0x00,0x00,0x00,0x00,0x00,0x00,0x00,0x00,0x00,0x00,0x00,0x00,0x00,0x00,0x00,0x00,0x00,0x00,0x00,0x00,0x00,0x00,0x00,0x00,0x00,
    0x00,0x00,0x00,0x00,0x00,0x00,0x00,0x00,0x00,0x00,0x00,0x00,0x00,0x00,0x00,0x00,0x00,0x00,0x00,0x00,0x00,0x00,0x00,0x00,0x00,0x00,0x00,0x00,0x00,0x00,0x00,0x00,0x00,0x00,0x01,0x00,0x1b,0x3a,0x65,0xc1,0xa8,0xa5,0xa4,0xa5,0xc2,0x73,0xc1,0xc2,0x92,0x92,0x92,0xa5,0xa0,0xaa,0xa4,0xe7,0xa8,0xcf,0x89,0x94,0x85,0x85,0x85,0x8a,0x8e,0x89,0x89,0x89,0x89,0x89,0x89,0x8a,0x1c,0x8d,0x8e,0x8a,0x8e,0x90,0xcb,0xab,0xaf,0x9a,0xb0,0x09,0x90,0x8d,0x8a,0x89,0x89,0x89,0x8e,0x90,0xcf,0x92,0xa0,0xaa,0x48,0xaa,0x92,0xa5,0x92,0xe4,0xa3,0x96,0x8c,0x8c,0xa1,0x3c,0x64,0x31,0x01,0x10,0x00,0x00,0x00,0x00,0x00,0x00,0x00,0x00,0x00,0x00,0x00,0x00,0x00,0x00,0x00,0x00,0x00,0x00,0x00,0x00,0x00,0x00,0x00,0x00,0x00,0x00,0x00,0x00,0x00,0x00,0x00,0x00,
    0x00,0x00,0x00,0x00,0x00,0x00,0x00,0x00,0x00,0x00,0x00,0x00,0x00,0x00,0x00,0x00,0x00,0x00,0x00,0x00,0x00,0x00,0x00,0x00,0x00,0x00,0x00,0x00,0x00,0x00,0x00,0x00,0x00,0x00,0x00,0x03,0x00,0x00,0x6a,0x3b,0x65,0x76,0xae,0x73,0x7a,0x6b,0xa0,0xc2,0x92,0x92,0xa4,0xa4,0xc1,0xcf,0xa0,0xaa,0xa4,0x51,0x8d,0x87,0x85,0x85,0x85,0x87,0x85,0x8b,0x8a,0x8a,0x8a,0x8a,0x8e,0x85,0xce,0x8d,0x87,0x85,0x94,0x8b,0x90,0xcb,0xa9,0x0e,0xc6,0x89,0x8a,0x89,0x8d,0x8e,0x8d,0x8d,0x8e,0x90,0x51,0x92,0x92,0xc2,0xa4,0xaa,0xa5,0xa0,0xa5,0x4e,0xb7,0x93,0x96,0x9e,0xb1,0x39,0xcb,0x31,0x05,0x05,0x00,0x00,0x00,0x00,0x00,0x00,0x00,0x00,0x00,0x00,0x00,0x00,0x00,0x00,0x00,0x00,0x00,0x00,0x00,0x00,0x00,0x00,0x00,0x00,0x00,0x00,0x00,0x00,0x00,0x00,0x00,0x00,
    0x00,0x00,0x00,0x00,0x00,0x00,0x00,0x00,0x00,0x00,0x00,0x00,0x00,0x00,0x00,0x00,0x00,0x00,0x00,0x00,0x00,0x00,0x00,0x00,0x00,0x00,0x00,0x00,0x00,0x00,0x00,0x00,0x00,0x00,0x00,0x00,0x03,0x04,0x02,0x43,0x58,0x6a,0x3b,0x3a,0x83,0x7a,0x92,0x92,0x92,0xa5,0xa0,0xa8,0xe4,0x7e,0xaa,0xa5,0xc1,0x9b,0x94,0x85,0x85,0x8b,0x85,0x85,0x85,0x87,0x87,0x87,0x87,0x87,0x8b,0x8b,0x1c,0x8e,0x8d,0x89,0x8e,0x8d,0x89,0x8d,0xc4,0xd3,0x89,0x94,0x85,0x85,0x8b,0x8e,0x87,0x87,0x8d,0x8e,0x90,0xf1,0x92,0xa0,0xa8,0xc1,0xa5,0xa5,0xc2,0xc9,0x41,0x9e,0x2d,0x17,0x44,0x3f,0x2c,0x2b,0x03,0x01,0x00,0x00,0x00,0x00,0x00,0x00,0x00,0x00,0x00,0x00,0x00,0x00,0x00,0x00,0x00,0x00,0x00,0x00,0x00,0x00,0x00,0x00,0x00,0x00,0x00,0x00,0x00,0x00,0x00,0x00,0x00,0x00,
    0x00,0x00,0x00,0x00,0x00,0x00,0x00,0x00,0x00,0x00,0x00,0x00,0x00,0x00,0x00,0x00,0x00,0x00,0x00,0x00,0x00,0x00,0x00,0x00,0x00,0x00,0x00,0x00,0x00,0x00,0x00,0x00,0x00,0x00,0x00,0x00,0x00,0x00,0x00,0x04,0x04,0x03,0x2a,0x1b,0x0c,0x7a,0x28,0x92,0x92,0x92,0xa5,0xa4,0xe4,0xf5,0xae,0xc2,0xcf,0x8d,0x94,0x8d,0x89,0x89,0x8e,0x8a,0x8a,0x87,0x8a,0x8b,0x85,0x85,0x8b,0x9b,0xce,0x8d,0x87,0x85,0x85,0x85,0x8d,0x8e,0x89,0x8b,0x94,0x85,0x85,0x87,0x8a,0x8a,0x87,0x85,0x85,0x8e,0x89,0x89,0xae,0xa5,0xa8,0xa5,0x48,0xa8,0x92,0xc1,0xde,0xeb,0x57,0x58,0x19,0x1e,0x00,0x00,0x00,0x00,0x00,0x00,0x00,0x00,0x00,0x00,0x00,0x00,0x00,0x00,0x00,0x00,0x00,0x00,0x00,0x00,0x00,0x00,0x00,0x00,0x00,0x00,0x00,0x00,0x00,0x00,0x00,0x00,0x00,0x00,0x00,0x00,
    0x00,0x00,0x00,0x00,0x00,0x00,0x00,0x00,0x00,0x00,0x00,0x00,0x00,0x00,0x00,0x00,0x00,0x00,0x00,0x00,0x00,0x00,0x00,0x00,0x00,0x00,0x00,0x00,0x00,0x00,0x00,0x00,0x00,0x00,0x00,0x00,0x00,0x00,0x00,0x04,0x04,0x01,0x00,0x04,0x01,0x3a,0x6b,0x73,0xc2,0x92,0xc2,0xa8,0xc9,0xff,0xdb,0x92,0x51,0x8d,0x87,0x8b,0x8b,0x85,0x8a,0x89,0x8d,0x94,0x8a,0x8a,0x87,0x85,0x8b,0x9b,0xbb,0x8a,0x87,0x85,0x85,0x85,0x89,0x8e,0x94,0x87,0x85,0x85,0x87,0x8b,0x8d,0x85,0x85,0x85,0x87,0x8b,0x8e,0x90,0x74,0x92,0xa0,0xa0,0xe4,0x48,0xa4,0xaa,0xe5,0xb5,0x40,0x1e,0x00,0x00,0x05,0x01,0x00,0x00,0x00,0x00,0x00,0x00,0x00,0x00,0x00,0x00,0x00,0x00,0x00,0x00,0x00,0x00,0x00,0x00,0x00,0x00,0x00,0x00,0x00,0x00,0x00,0x00,0x00,0x00,0x00,0x00,0x00,0x00,0x00,0x00,
    0x00,0x00,0x00,0x00,0x00,0x00,0x00,0x00,0x00,0x00,0x00,0x00,0x00,0x00,0x00,0x00,0x00,0x00,0x00,0x00,0x00,0x00,0x00,0x00,0x00,0x00,0x00,0x00,0x00,0x00,0x00,0x00,0x00,0x00,0x00,0x00,0x00,0x00,0x00,0x00,0x00,0x00,0x01,0x01,0x03,0x2a,0x3a,0x65,0x48,0xae,0x28,0xc9,0x3b,0x65,0xc1,0x48,0x8a,0x85,0x85,0x85,0x85,0x85,0x87,0x85,0x8d,0x8a,0x85,0x8d,0x85,0x85,0x85,0x8b,0xbb,0x85,0x85,0x85,0x85,0x85,0x89,0x8e,0x85,0x87,0x87,0x87,0x8b,0x8d,0x85,0x87,0x85,0x85,0x85,0x85,0x8e,0x8e,0x8d,0xae,0xa8,0xc9,0x48,0x7c,0x48,0x92,0xae,0xda,0x32,0x0c,0x06,0x03,0x00,0x00,0x00,0x00,0x00,0x00,0x00,0x00,0x00,0x00,0x00,0x00,0x00,0x00,0x00,0x00,0x00,0x00,0x00,0x00,0x00,0x00,0x00,0x00,0x00,0x00,0x00,0x00,0x00,0x00,0x00,0x00,0x00,0x00,0x00,0x00,
    0x00,0x00,0x00,0x00,0x00,0x00,0x00,0x00,0x00,0x00,0x00,0x00,0x00,0x00,0x00,0x00,0x00,0x00,0x00,0x00,0x00,0x00,0x00,0x00,0x00,0x00,0x00,0x00,0x00,0x00,0x00,0x00,0x00,0x00,0x00,0x00,0x00,0x00,0x00,0x00,0x00,0x00,0x00,0x00,0x01,0x00,0x2b,0x6a,0x3b,0x3b,0x3b,0x3b,0x3b,0x7c,0x28,0x74,0x8d,0x94,0x85,0x85,0x85,0x85,0x85,0x85,0x87,0x8a,0x8a,0x8e,0x85,0x87,0x8b,0x8d,0xbd,0x85,0x85,0x85,0x85,0x85,0x8d,0x8e,0x8e,0x85,0x8a,0x8d,0x8a,0x85,0x85,0x85,0x85,0x85,0x85,0x87,0x8a,0x89,0x89,0xc3,0x6b,0xc9,0x7c,0x3a,0x65,0x92,0x73,0x65,0x52,0x00,0x04,0x00,0x00,0x00,0x00,0x00,0x00,0x00,0x00,0x00,0x00,0x00,0x00,0x00,0x00,0x00,0x00,0x00,0x00,0x00,0x00,0x00,0x00,0x00,0x00,0x00,0x00,0x00,0x00,0x00,0x00,0x00,0x00,0x00,0x00,0x00,0x00,0x00,
    0x00,0x00,0x00,0x00,0x00,0x00,0x00,0x00,0x00,0x00,0x00,0x00,0x00,0x00,0x00,0x00,0x00,0x00,0x00,0x00,0x00,0x00,0x00,0x00,0x00,0x00,0x00,0x00,0x00,0x00,0x00,0x00,0x00,0x00,0x00,0x00,0x00,0x00,0x00,0x00,0x00,0x00,0x00,0x00,0x00,0x01,0x00,0x00,0x43,0x43,0x43,0x3a,0x6b,0x4e,0x65,0x71,0x8b,0x08,0x85,0x85,0x85,0x85,0x85,0x85,0x85,0x87,0x8b,0x89,0x8a,0x94,0x8a,0x89,0xbb,0x94,0x8b,0x85,0x85,0x87,0x8a,0x89,0x8a,0x8d,0x8a,0x8b,0x87,0x85,0x85,0x85,0x85,0x85,0x85,0x85,0x85,0x8d,0x8d,0x0b,0x51,0x3b,0x66,0x3a,0x6b,0x48,0x3b,0x58,0x00,0x00,0x00,0x00,0x00,0x00,0x00,0x00,0x00,0x00,0x00,0x00,0x00,0x00,0x00,0x00,0x00,0x00,0x00,0x00,0x00,0x00,0x00,0x00,0x00,0x00,0x00,0x00,0x00,0x00,0x00,0x00,0x00,0x00,0x00,0x00,0x00,0x00,0x00,0x00,
    0x00,0x00,0x00,0x00,0x00,0x00,0x00,0x00,0x00,0x00,0x00,0x00,0x00,0x00,0x00,0x00,0x00,0x00,0x00,0x00,0x00,0x00,0x00,0x00,0x00,0x00,0x00,0x00,0x00,0x00,0x00,0x00,0x00,0x00,0x00,0x00,0x00,0x00,0x00,0x00,0x00,0x00,0x00,0x00,0x00,0x00,0x01,0x03,0x00,0x00,0x00,0x58,0x58,0x43,0x46,0x29,0x94,0x08,0x85,0x85,0x85,0x85,0x85,0x85,0x85,0x85,0x87,0x8b,0x8d,0x8a,0x94,0x8d,0xbb,0x9b,0x8b,0x85,0x85,0x87,0x8a,0x8d,0x94,0x85,0x87,0x85,0x85,0x85,0x85,0x85,0x85,0x85,0x85,0x85,0x87,0x8b,0x8a,0x07,0x2e,0x0f,0x6a,0x7c,0x3b,0x58,0x00,0x00,0x04,0x00,0x00,0x00,0x00,0x00,0x00,0x00,0x00,0x00,0x00,0x00,0x00,0x00,0x00,0x00,0x00,0x00,0x00,0x00,0x00,0x00,0x00,0x00,0x00,0x00,0x00,0x00,0x00,0x00,0x00,0x00,0x00,0x00,0x00,0x00,0x00,0x00,0x00,0x00,
    0x00,0x00,0x00,0x00,0x00,0x00,0x00,0x00,0x00,0x00,0x00,0x00,0x00,0x00,0x00,0x00,0x00,0x00,0x00,0x00,0x00,0x00,0x00,0x00,0x00,0x00,0x00,0x00,0x00,0x00,0x00,0x00,0x00,0x00,0x00,0x00,0x00,0x00,0x00,0x00,0x00,0x00,0x00,0x00,0x00,0x00,0x00,0x00,0x04,0x04,0x01,0x00,0x00,0x00,0x5c,0x1a,0x87,0x08,0x85,0x85,0x85,0x85,0x85,0x85,0x85,0x85,0x85,0x85,0x85,0x8d,0x8a,0x8d,0xbb,0xa7,0x8b,0x85,0x85,0x87,0x8b,0x8d,0x85,0x85,0x85,0x85,0x85,0x85,0x85,0x85,0x85,0x85,0x85,0x85,0x85,0x85,0x8a,0x8b,0x87,0x1d,0x23,0x80,0x63,0x00,0x05,0x04,0x00,0x00,0x00,0x00,0x00,0x00,0x00,0x00,0x00,0x00,0x00,0x00,0x00,0x00,0x00,0x00,0x00,0x00,0x00,0x00,0x00,0x00,0x00,0x00,0x00,0x00,0x00,0x00,0x00,0x00,0x00,0x00,0x00,0x00,0x00,0x00,0x00,0x00,0x00,0x00,
    0x00,0x00,0x00,0x00,0x00,0x00,0x00,0x00,0x00,0x00,0x00,0x00,0x00,0x00,0x00,0x00,0x00,0x00,0x00,0x00,0x00,0x00,0x00,0x00,0x00,0x00,0x00,0x00,0x00,0x00,0x00,0x00,0x00,0x00,0x00,0x00,0x00,0x00,0x00,0x00,0x00,0x00,0x00,0x00,0x00,0x00,0x00,0x00,0x00,0x00,0x00,0x02,0x10,0x04,0x5c,0x1a,0x85,0x08,0x85,0x85,0x85,0x85,0x85,0x85,0x85,0x85,0x85,0x85,0x87,0x87,0x8a,0x89,0xbb,0xa7,0x8b,0x87,0x87,0x85,0x85,0x8e,0x8b,0x85,0x85,0x85,0x85,0x85,0x85,0x85,0x85,0x85,0x85,0x85,0x85,0x87,0x8b,0x07,0x85,0x29,0x10,0x00,0x00,0x02,0x00,0x00,0x00,0x00,0x00,0x00,0x00,0x00,0x00,0x00,0x00,0x00,0x00,0x00,0x00,0x00,0x00,0x00,0x00,0x00,0x00,0x00,0x00,0x00,0x00,0x00,0x00,0x00,0x00,0x00,0x00,0x00,0x00,0x00,0x00,0x00,0x00,0x00,0x00,0x00,0x00,0x00,
    0x00,0x00,0x00,0x00,0x00,0x00,0x00,0x00,0x00,0x00,0x00,0x00,0x00,0x00,0x00,0x00,0x00,0x00,0x00,0x00,0x00,0x00,0x00,0x00,0x00,0x00,0x00,0x00,0x00,0x00,0x00,0x00,0x00,0x00,0x00,0x00,0x00,0x00,0x00,0x00,0x00,0x00,0x00,0x00,0x00,0x00,0x00,0x00,0x00,0x00,0x00,0x00,0x01,0x00,0x53,0x1a,0x8b,0x94,0x85,0x85,0x85,0x85,0x85,0x85,0x85,0x85,0x85,0x85,0x8b,0x85,0x8a,0x89,0xb4,0x85,0x8e,0x8a,0x8b,0x85,0x87,0x8d,0x8a,0x87,0x85,0x85,0x85,0x85,0x85,0x85,0x85,0x85,0x85,0x85,0x85,0x85,0x85,0x94,0x8b,0x2e,0x53,0x05,0x10,0x00,0x00,0x00,0x00,0x00,0x00,0x00,0x00,0x00,0x00,0x00,0x00,0x00,0x00,0x00,0x00,0x00,0x00,0x00,0x00,0x00,0x00,0x00,0x00,0x00,0x00,0x00,0x00,0x00,0x00,0x00,0x00,0x00,0x00,0x00,0x00,0x00,0x00,0x00,0x00,0x00,0x00,0x00,
    0x00,0x00,0x00,0x00,0x00,0x00,0x00,0x00,0x00,0x00,0x00,0x00,0x00,0x00,0x00,0x00,0x00,0x00,0x00,0x00,0x00,0x00,0x00,0x00,0x00,0x00,0x00,0x00,0x00,0x00,0x00,0x00,0x00,0x00,0x00,0x00,0x00,0x00,0x00,0x00,0x00,0x00,0x00,0x00,0x00,0x00,0x00,0x00,0x00,0x00,0x00,0x00,0x00,0x00,0x00,0x1a,0x8a,0x07,0x85,0x85,0x85,0x85,0x85,0x85,0x85,0x85,0x85,0x8d,0x8d,0x8d,0x8d,0x89,0x1c,0xa7,0x8d,0x8a,0x8e,0x8d,0x85,0x85,0x8d,0x87,0x85,0x85,0x85,0x85,0x85,0x85,0x85,0x85,0x85,0x85,0x85,0x85,0x85,0x85,0x08,0x8b,0x23,0x00,0x02,0x00,0x00,0x00,0x00,0x00,0x00,0x00,0x00,0x00,0x00,0x00,0x00,0x00,0x00,0x00,0x00,0x00,0x00,0x00,0x00,0x00,0x00,0x00,0x00,0x00,0x00,0x00,0x00,0x00,0x00,0x00,0x00,0x00,0x00,0x00,0x00,0x00,0x00,0x00,0x00,0x00,0x00,0x00,
    0x00,0x00,0x00,0x00,0x00,0x00,0x00,0x00,0x00,0x00,0x00,0x00,0x00,0x00,0x00,0x00,0x00,0x00,0x00,0x00,0x00,0x00,0x00,0x00,0x00,0x00,0x00,0x00,0x00,0x00,0x00,0x00,0x00,0x00,0x00,0x00,0x00,0x00,0x00,0x00,0x00,0x00,0x00,0x00,0x00,0x00,0x00,0x00,0x00,0x00,0x00,0x00,0x00,0x00,0x05,0x1a,0x85,0x07,0x85,0x85,0x85,0x85,0x85,0x85,0x85,0x85,0x85,0x85,0x85,0x85,0x87,0x87,0x8b,0x8b,0x87,0x87,0x85,0x89,0x8e,0x8a,0x8e,0x8b,0x87,0x85,0x85,0x85,0x85,0x85,0x85,0x85,0x85,0x85,0x85,0x85,0x85,0x85,0x85,0x08,0x22,0x2a,0x00,0x01,0x00,0x00,0x00,0x00,0x00,0x00,0x00,0x00,0x00,0x00,0x00,0x00,0x00,0x00,0x00,0x00,0x00,0x00,0x00,0x00,0x00,0x00,0x00,0x00,0x00,0x00,0x00,0x00,0x00,0x00,0x00,0x00,0x00,0x00,0x00,0x00,0x00,0x00,0x00,0x00,0x00,0x00,
    0x00,0x00,0x00,0x00,0x00,0x00,0x00,0x00,0x00,0x00,0x00,0x00,0x00,0x00,0x00,0x00,0x00,0x00,0x00,0x00,0x00,0x00,0x00,0x00,0x00,0x00,0x00,0x00,0x00,0x00,0x00,0x00,0x00,0x00,0x00,0x00,0x00,0x00,0x00,0x00,0x00,0x00,0x00,0x00,0x00,0x00,0x00,0x00,0x00,0x00,0x00,0x00,0x00,0x00,0x00,0x29,0x87,0x08,0x85,0x85,0x85,0x85,0x85,0x85,0x85,0x85,0x85,0x85,0x85,0x85,0x85,0x85,0x85,0x85,0x85,0x85,0x87,0x8a,0x8d,0x8b,0x8e,0x8e,0x87,0x85,0x85,0x85,0x85,0x85,0x85,0x85,0x85,0x85,0x85,0x85,0x85,0x07,0x94,0x45,0x0f,0x10,0x05,0x00,0x00,0x00,0x00,0x00,0x00,0x00,0x00,0x00,0x00,0x00,0x00,0x00,0x00,0x00,0x00,0x00,0x00,0x00,0x00,0x00,0x00,0x00,0x00,0x00,0x00,0x00,0x00,0x00,0x00,0x00,0x00,0x00,0x00,0x00,0x00,0x00,0x00,0x00,0x00,0x00,0x00,0x00,
    0x00,0x00,0x00,0x00,0x00,0x00,0x00,0x00,0x00,0x00,0x00,0x00,0x00,0x00,0x00,0x00,0x00,0x00,0x00,0x00,0x00,0x00,0x00,0x00,0x00,0x00,0x00,0x00,0x00,0x00,0x00,0x00,0x00,0x00,0x00,0x00,0x00,0x00,0x00,0x00,0x00,0x00,0x00,0x00,0x00,0x00,0x00,0x00,0x00,0x00,0x00,0x00,0x00,0x10,0x00,0x5b,0x85,0x45,0x85,0x85,0x85,0x85,0x85,0x85,0x85,0x85,0x85,0x85,0x85,0x85,0x85,0x85,0x85,0x85,0x85,0x85,0x85,0x8b,0x8e,0x87,0x85,0x8a,0x8a,0x94,0x87,0x85,0x85,0x85,0x85,0x85,0x85,0x85,0x85,0x85,0x85,0x07,0x07,0x12,0x53,0x00,0x05,0x00,0x00,0x00,0x00,0x00,0x00,0x00,0x00,0x00,0x00,0x00,0x00,0x00,0x00,0x00,0x00,0x00,0x00,0x00,0x00,0x00,0x00,0x00,0x00,0x00,0x00,0x00,0x00,0x00,0x00,0x00,0x00,0x00,0x00,0x00,0x00,0x00,0x00,0x00,0x00,0x00,0x00,0x00,
    0x00,0x00,0x00,0x00,0x00,0x00,0x00,0x00,0x00,0x00,0x00,0x00,0x00,0x00,0x00,0x00,0x00,0x00,0x00,0x00,0x00,0x00,0x00,0x00,0x00,0x00,0x00,0x00,0x00,0x00,0x00,0x00,0x00,0x00,0x00,0x00,0x00,0x00,0x00,0x00,0x00,0x00,0x00,0x00,0x00,0x00,0x00,0x00,0x00,0x00,0x00,0x00,0x00,0x10,0x00,0x21,0x8a,0x45,0x85,0x85,0x85,0x85,0x85,0x85,0x85,0x85,0x85,0x85,0x85,0x85,0x85,0x85,0x85,0x85,0x85,0x85,0x85,0x87,0x8d,0x8a,0x87,0x85,0x8e,0x89,0x85,0x94,0x85,0x85,0x85,0x85,0x85,0x85,0x85,0x85,0x07,0x07,0x0b,0x13,0x00,0x05,0x00,0x00,0x00,0x00,0x00,0x00,0x00,0x00,0x00,0x00,0x00,0x00,0x00,0x00,0x00,0x00,0x00,0x00,0x00,0x00,0x00,0x00,0x00,0x00,0x00,0x00,0x00,0x00,0x00,0x00,0x00,0x00,0x00,0x00,0x00,0x00,0x00,0x00,0x00,0x00,0x00,0x00,0x00,0x00,
    0x00,0x00,0x00,0x00,0x00,0x00,0x00,0x00,0x00,0x00,0x00,0x00,0x00,0x00,0x00,0x00,0x00,0x00,0x00,0x00,0x00,0x00,0x00,0x00,0x00,0x00,0x00,0x00,0x00,0x00,0x00,0x00,0x00,0x00,0x00,0x00,0x00,0x00,0x00,0x00,0x00,0x00,0x00,0x00,0x00,0x00,0x00,0x00,0x00,0x00,0x00,0x00,0x00,0x10,0x05,0x23,0x89,0x8b,0x87,0x85,0x85,0x85,0x85,0x85,0x85,0x85,0x85,0x85,0x85,0x85,0x85,0x85,0x85,0x85,0x85,0x85,0x85,0x87,0x8a,0x8a,0x87,0x85,0x9b,0xc4,0x85,0x8e,0x94,0x85,0x85,0x85,0x85,0x85,0x85,0x87,0x45,0x8a,0x21,0x01,0x10,0x00,0x00,0x00,0x00,0x00,0x00,0x00,0x00,0x00,0x00,0x00,0x00,0x00,0x00,0x00,0x00,0x00,0x00,0x00,0x00,0x00,0x00,0x00,0x00,0x00,0x00,0x00,0x00,0x00,0x00,0x00,0x00,0x00,0x00,0x00,0x00,0x00,0x00,0x00,0x00,0x00,0x00,0x00,0x00,0x00,
    0x00,0x00,0x00,0x00,0x00,0x00,0x00,0x00,0x00,0x00,0x00,0x00,0x00,0x00,0x00,0x00,0x00,0x00,0x00,0x00,0x00,0x00,0x00,0x00,0x00,0x00,0x00,0x00,0x00,0x00,0x00,0x00,0x00,0x00,0x00,0x00,0x00,0x00,0x00,0x00,0x00,0x00,0x00,0x00,0x00,0x00,0x00,0x00,0x00,0x00,0x00,0x00,0x00,0x05,0x00,0x12,0x8a,0x8a,0x85,0x85,0x85,0x85,0x85,0x85,0x85,0x85,0x85,0x85,0x85,0x85,0x85,0x85,0x85,0x85,0x85,0x85,0x85,0x87,0x8a,0x8a,0x87,0x94,0x8e,0xbe,0x14,0x09,0x89,0x8b,0x85,0x87,0x87,0x87,0x8b,0x8a,0x8a,0x0f,0x10,0x05,0x01,0x00,0x00,0x00,0x00,0x00,0x00,0x00,0x00,0x00,0x00,0x00,0x00,0x00,0x00,0x00,0x00,0x00,0x00,0x00,0x00,0x00,0x00,0x00,0x00,0x00,0x00,0x00,0x00,0x00,0x00,0x00,0x00,0x00,0x00,0x00,0x00,0x00,0x00,0x00,0x00,0x00,0x00,0x00,0x00,0x00,
    0x00,0x00,0x00,0x00,0x00,0x00,0x00,0x00,0x00,0x00,0x00,0x00,0x00,0x00,0x00,0x00,0x00,0x00,0x00,0x00,0x00,0x00,0x00,0x00,0x00,0x00,0x00,0x00,0x00,0x00,0x00,0x00,0x00,0x00,0x00,0x00,0x00,0x00,0x00,0x00,0x00,0x00,0x00,0x00,0x00,0x00,0x00,0x00,0x00,0x00,0x00,0x00,0x00,0x01,0x0a,0x1a,0x94,0x8a,0x8a,0x87,0x85,0x85,0x85,0x85,0x85,0x85,0x85,0x85,0x85,0x85,0x85,0x85,0x85,0x85,0x85,0x85,0x85,0x87,0x8b,0x8a,0x87,0x94,0x90,0xac,0x25,0xd4,0x27,0x90,0x8a,0x8b,0x8b,0x8b,0x0b,0x0b,0x0f,0x00,0x01,0x01,0x00,0x00,0x00,0x00,0x00,0x00,0x00,0x00,0x00,0x00,0x00,0x00,0x00,0x00,0x00,0x00,0x00,0x00,0x00,0x00,0x00,0x00,0x00,0x00,0x00,0x00,0x00,0x00,0x00,0x00,0x00,0x00,0x00,0x00,0x00,0x00,0x00,0x00,0x00,0x00,0x00,0x00,0x00,0x00,0x00,0x00,
    0x00,0x00,0x00,0x00,0x00,0x00,0x00,0x00,0x00,0x00,0x00,0x00,0x00,0x00,0x00,0x00,0x00,0x00,0x00,0x00,0x00,0x00,0x00,0x00,0x00,0x00,0x00,0x00,0x00,0x00,0x00,0x00,0x00,0x00,0x00,0x00,0x00,0x00,0x00,0x00,0x00,0x00,0x00,0x00,0x00,0x00,0x00,0x00,0x00,0x00,0x00,0x01,0x01,0x2a,0x0f,0x8b,0x07,0x87,0x8d,0x8b,0x87,0x85,0x85,0x85,0x85,0x85,0x85,0x85,0x85,0x85,0x85,0x85,0x85,0x85,0x85,0x85,0x85,0x85,0x8a,0x8b,0x87,0x8b,0xd3,0xda,0xd4,0xdd,0xc6,0x8d,0x8b,0x8d,0x8d,0x8a,0x8b,0x46,0x00,0x02,0x01,0x00,0x00,0x00,0x00,0x00,0x00,0x00,0x00,0x00,0x00,0x00,0x00,0x00,0x00,0x00,0x00,0x00,0x00,0x00,0x00,0x00,0x00,0x00,0x00,0x00,0x00,0x00,0x00,0x00,0x00,0x00,0x00,0x00,0x00,0x00,0x00,0x00,0x00,0x00,0x00,0x00,0x00,0x00,0x00,0x00,0x00,0x00,
    0x00,0x00,0x00,0x00,0x00,0x00,0x00,0x00,0x00,0x00,0x00,0x00,0x00,0x00,0x00,0x00,0x00,0x00,0x00,0x00,0x00,0x00,0x00,0x00,0x00,0x00,0x00,0x00,0x00,0x00,0x00,0x00,0x00,0x00,0x00,0x00,0x00,0x00,0x00,0x00,0x00,0x00,0x00,0x00,0x00,0x00,0x00,0x00,0x00,0x00,0x00,0x10,0x00,0x46,0x29,0x08,0x87,0x85,0x85,0x8d,0x8b,0x87,0x85,0x85,0x85,0x85,0x85,0x85,0x85,0x85,0x85,0x85,0x85,0x85,0x85,0x85,0x85,0x8b,0x8e,0x85,0x94,0x8d,0x8b,0x8b,0x8a,0x8b,0x8e,0x94,0x87,0x87,0x87,0x45,0x07,0x22,0x0a,0x05,0x05,0x00,0x00,0x00,0x00,0x00,0x00,0x00,0x00,0x00,0x00,0x00,0x00,0x00,0x00,0x00,0x00,0x00,0x00,0x00,0x00,0x00,0x00,0x00,0x00,0x00,0x00,0x00,0x00,0x00,0x00,0x00,0x00,0x00,0x00,0x00,0x00,0x00,0x00,0x00,0x00,0x00,0x00,0x00,0x00,0x00,0x00,0x00,
    0x00,0x00,0x00,0x00,0x00,0x00,0x00,0x00,0x00,0x00,0x00,0x00,0x00,0x00,0x00,0x00,0x00,0x00,0x00,0x00,0x00,0x00,0x00,0x00,0x00,0x00,0x00,0x00,0x00,0x00,0x00,0x00,0x00,0x00,0x00,0x00,0x00,0x00,0x00,0x00,0x00,0x00,0x00,0x00,0x00,0x00,0x00,0x00,0x00,0x00,0x00,0x05,0x10,0x5b,0x1d,0x87,0x07,0x85,0x85,0x85,0x8d,0x8a,0x85,0x87,0x85,0x85,0x85,0x85,0x85,0x85,0x85,0x85,0x85,0x87,0x87,0x85,0x87,0x8d,0x8b,0x85,0x8a,0x8d,0x8b,0x85,0x87,0x85,0x94,0x85,0x85,0x85,0x85,0x07,0x07,0x45,0x5b,0x01,0x05,0x00,0x00,0x00,0x00,0x00,0x00,0x00,0x00,0x00,0x00,0x00,0x00,0x00,0x00,0x00,0x00,0x00,0x00,0x00,0x00,0x00,0x00,0x00,0x00,0x00,0x00,0x00,0x00,0x00,0x00,0x00,0x00,0x00,0x00,0x00,0x00,0x00,0x00,0x00,0x00,0x00,0x00,0x00,0x00,0x00,0x00,0x00,
    0x00,0x00,0x00,0x00,0x00,0x00,0x00,0x00,0x00,0x00,0x00,0x00,0x00,0x00,0x00,0x00,0x00,0x00,0x00,0x00,0x00,0x00,0x00,0x00,0x00,0x00,0x00,0x00,0x00,0x00,0x00,0x00,0x00,0x00,0x00,0x00,0x00,0x00,0x00,0x00,0x00,0x00,0x00,0x00,0x00,0x00,0x00,0x00,0x00,0x00,0x05,0x00,0x0a,0x34,0x87,0x08,0x85,0x85,0x85,0x85,0x85,0x8b,0x8d,0x8a,0x85,0x87,0x87,0x87,0x85,0x85,0x85,0x85,0x85,0x8b,0x8a,0x85,0x8a,0x89,0x8d,0x8d,0x8b,0x85,0x87,0x85,0x85,0x85,0x85,0x85,0x85,0x85,0x85,0x85,0x08,0x45,0x0f,0x2a,0x00,0x01,0x00,0x00,0x00,0x00,0x00,0x00,0x00,0x00,0x00,0x00,0x00,0x00,0x00,0x00,0x00,0x00,0x00,0x00,0x00,0x00,0x00,0x00,0x00,0x00,0x00,0x00,0x00,0x00,0x00,0x00,0x00,0x00,0x00,0x00,0x00,0x00,0x00,0x00,0x00,0x00,0x00,0x00,0x00,0x00,0x00,0x00,
    0x00,0x00,0x00,0x00,0x00,0x00,0x00,0x00,0x00,0x00,0x00,0x00,0x00,0x00,0x00,0x00,0x00,0x00,0x00,0x00,0x00,0x00,0x00,0x00,0x00,0x00,0x00,0x00,0x00,0x00,0x00,0x00,0x00,0x00,0x00,0x00,0x00,0x00,0x00,0x00,0x00,0x00,0x00,0x00,0x00,0x00,0x00,0x00,0x00,0x00,0x02,0x05,0x21,0x45,0x94,0x07,0x85,0x85,0x85,0x85,0x85,0x87,0x85,0x8a,0x8d,0x8d,0x8a,0x8b,0x85,0x85,0x85,0x87,0x8a,0x89,0x89,0x8e,0x8a,0x85,0x85,0x85,0x87,0x85,0x85,0x85,0x85,0x85,0x85,0x85,0x85,0x85,0x85,0x85,0x08,0x94,0x29,0x46,0x01,0x02,0x00,0x00,0x00,0x00,0x00,0x00,0x00,0x00,0x00,0x00,0x00,0x00,0x00,0x00,0x00,0x00,0x00,0x00,0x00,0x00,0x00,0x00,0x00,0x00,0x00,0x00,0x00,0x00,0x00,0x00,0x00,0x00,0x00,0x00,0x00,0x00,0x00,0x00,0x00,0x00,0x00,0x00,0x00,0x00,0x00,0x00,
    0x00,0x00,0x00,0x00,0x00,0x00,0x00,0x00,0x00,0x00,0x00,0x00,0x00,0x00,0x00,0x00,0x00,0x00,0x00,0x00,0x00,0x00,0x00,0x00,0x00,0x00,0x00,0x00,0x00,0x00,0x00,0x00,0x00,0x00,0x00,0x00,0x00,0x00,0x00,0x00,0x00,0x00,0x00,0x00,0x00,0x00,0x00,0x00,0x00,0x00,0x10,0x05,0x21,0x9b,0x08,0x85,0x85,0x85,0x85,0x85,0x85,0x85,0x85,0x87,0x85,0x8b,0x8a,0x8a,0x8a,0x8d,0x8d,0x8d,0x8e,0x8d,0x8a,0x8b,0x87,0x85,0x85,0x85,0x85,0x85,0x85,0x85,0x85,0x85,0x85,0x85,0x85,0x85,0x85,0x85,0x85,0x08,0x9b,0x5c,0x00,0x02,0x00,0x00,0x00,0x00,0x00,0x00,0x00,0x00,0x00,0x00,0x00,0x00,0x00,0x00,0x00,0x00,0x00,0x00,0x00,0x00,0x00,0x00,0x00,0x00,0x00,0x00,0x00,0x00,0x00,0x00,0x00,0x00,0x00,0x00,0x00,0x00,0x00,0x00,0x00,0x00,0x00,0x00,0x00,0x00,0x00,0x00,
    0x00,0x00,0x00,0x00,0x00,0x00,0x00,0x00,0x00,0x00,0x00,0x00,0x00,0x00,0x00,0x00,0x00,0x00,0x00,0x00,0x00,0x00,0x00,0x00,0x00,0x00,0x00,0x00,0x00,0x00,0x00,0x00,0x00,0x00,0x00,0x00,0x00,0x00,0x00,0x00,0x00,0x00,0x00,0x00,0x00,0x00,0x00,0x00,0x00,0x00,0x10,0x01,0x21,0x87,0x08,0x85,0x85,0x85,0x85,0x85,0x85,0x85,0x85,0x85,0x85,0x87,0x87,0x87,0x85,0x85,0x85,0x85,0x85,0x85,0x87,0x85,0x85,0x85,0x85,0x85,0x85,0x85,0x85,0x85,0x85,0x85,0x85,0x85,0x85,0x85,0x85,0x85,0x85,0x08,0x8b,0x22,0x2a,0x05,0x01,0x00,0x00,0x00,0x00,0x00,0x00,0x00,0x00,0x00,0x00,0x00,0x00,0x00,0x00,0x00,0x00,0x00,0x00,0x00,0x00,0x00,0x00,0x00,0x00,0x00,0x00,0x00,0x00,0x00,0x00,0x00,0x00,0x00,0x00,0x00,0x00,0x00,0x00,0x00,0x00,0x00,0x00,0x00,0x00,0x00,
    0x00,0x00,0x00,0x00,0x00,0x00,0x00,0x00,0x00,0x00,0x00,0x00,0x00,0x00,0x00,0x00,0x00,0x00,0x00,0x00,0x00,0x00,0x00,0x00,0x00,0x00,0x00,0x00,0x00,0x00,0x00,0x00,0x00,0x00,0x00,0x00,0x00,0x00,0x00,0x00,0x00,0x00,0x00,0x00,0x00,0x00,0x00,0x00,0x00,0x00,0x00,0x00,0x29,0x87,0x08,0x85,0x85,0x85,0x85,0x85,0x85,0x85,0x85,0x85,0x85,0x85,0x85,0x85,0x85,0x85,0x85,0x85,0x85,0x85,0x85,0x85,0x85,0x85,0x85,0x85,0x85,0x85,0x85,0x85,0x85,0x85,0x85,0x85,0x85,0x85,0x85,0x85,0x85,0x07,0x08,0x1d,0x21,0x00,0x02,0x00,0x00,0x00,0x00,0x00,0x00,0x00,0x00,0x00,0x00,0x00,0x00,0x00,0x00,0x00,0x00,0x00,0x00,0x00,0x00,0x00,0x00,0x00,0x00,0x00,0x00,0x00,0x00,0x00,0x00,0x00,0x00,0x00,0x00,0x00,0x00,0x00,0x00,0x00,0x00,0x00,0x00,0x00,0x00,0x00,
    0x00,0x00,0x00,0x00,0x00,0x00,0x00,0x00,0x00,0x00,0x00,0x00,0x00,0x00,0x00,0x00,0x00,0x00,0x00,0x00,0x00,0x00,0x00,0x00,0x00,0x00,0x00,0x00,0x00,0x00,0x00,0x00,0x00,0x00,0x00,0x00,0x00,0x00,0x00,0x00,0x00,0x00,0x00,0x00,0x00,0x00,0x00,0x00,0x00,0x05,0x00,0x0a,0x1d,0x9b,0x07,0x85,0x85,0x85,0x85,0x85,0x85,0x85,0x85,0x85,0x85,0x85,0x85,0x85,0x85,0x85,0x85,0x85,0x85,0x85,0x85,0x85,0x85,0x85,0x85,0x85,0x85,0x85,0x85,0x85,0x85,0x85,0x85,0x85,0x85,0x85,0x85,0x85,0x85,0x07,0x07,0x1d,0x22,0x00,0x01,0x00,0x00,0x00,0x00,0x00,0x00,0x00,0x00,0x00,0x00,0x00,0x00,0x00,0x00,0x00,0x00,0x00,0x00,0x00,0x00,0x00,0x00,0x00,0x00,0x00,0x00,0x00,0x00,0x00,0x00,0x00,0x00,0x00,0x00,0x00,0x00,0x00,0x00,0x00,0x00,0x00,0x00,0x00,0x00,0x00,
    0x00,0x00,0x00,0x00,0x00,0x00,0x00,0x00,0x00,0x00,0x00,0x00,0x00,0x00,0x00,0x00,0x00,0x00,0x00,0x00,0x00,0x00,0x00,0x00,0x00,0x00,0x00,0x00,0x00,0x00,0x00,0x00,0x00,0x00,0x00,0x00,0x00,0x00,0x00,0x00,0x00,0x00,0x00,0x00,0x00,0x00,0x00,0x00,0x00,0x02,0x00,0x23,0x94,0x45,0x85,0x85,0x85,0x85,0x85,0x85,0x85,0x85,0x85,0x85,0x85,0x85,0x85,0x85,0x85,0x85,0x85,0x85,0x85,0x85,0x85,0x85,0x85,0x85,0x85,0x85,0x85,0x85,0x85,0x85,0x85,0x85,0x85,0x85,0x85,0x85,0x85,0x85,0x85,0x85,0x07,0x08,0x34,0x13,0x00,0x01,0x00,0x00,0x00,0x00,0x00,0x00,0x00,0x00,0x00,0x00,0x00,0x00,0x00,0x00,0x00,0x00,0x00,0x00,0x00,0x00,0x00,0x00,0x00,0x00,0x00,0x00,0x00,0x00,0x00,0x00,0x00,0x00,0x00,0x00,0x00,0x00,0x00,0x00,0x00,0x00,0x00,0x00,0x00,0x00,
    0x00,0x00,0x00,0x00,0x00,0x00,0x00,0x00,0x00,0x00,0x00,0x00,0x00,0x00,0x00,0x00,0x00,0x00,0x00,0x00,0x00,0x00,0x00,0x00,0x00,0x00,0x00,0x00,0x00,0x00,0x00,0x00,0x00,0x00,0x00,0x00,0x00,0x00,0x00,0x00,0x00,0x00,0x00,0x00,0x00,0x00,0x00,0x00,0x00,0x00,0x00,0x02,0x1a,0x85,0x08,0x85,0x85,0x85,0x85,0x85,0x85,0x85,0x85,0x85,0x85,0x85,0x85,0x85,0x85,0x85,0x85,0x85,0x85,0x85,0x85,0x85,0x85,0x85,0x85,0x85,0x85,0x85,0x85,0x85,0x85,0x85,0x85,0x85,0x85,0x85,0x85,0x85,0x85,0x85,0x08,0x85,0x0f,0x0a,0x00,0x05,0x00,0x00,0x00,0x00,0x00,0x00,0x00,0x00,0x00,0x00,0x00,0x00,0x00,0x00,0x00,0x00,0x00,0x00,0x00,0x00,0x00,0x00,0x00,0x00,0x00,0x00,0x00,0x00,0x00,0x00,0x00,0x00,0x00,0x00,0x00,0x00,0x00,0x00,0x00,0x00,0x00,0x00,0x00,0x00,
    0x00,0x00,0x00,0x00,0x00,0x00,0x00,0x00,0x00,0x00,0x00,0x00,0x00,0x00,0x00,0x00,0x00,0x00,0x00,0x00,0x00,0x00,0x00,0x00,0x00,0x00,0x00,0x00,0x00,0x00,0x00,0x00,0x00,0x00,0x00,0x00,0x00,0x00,0x00,0x00,0x00,0x00,0x00,0x00,0x00,0x00,0x00,0x00,0x00,0x00,0x05,0x00,0x12,0x85,0x08,0x85,0x85,0x85,0x85,0x85,0x85,0x85,0x85,0x87,0x85,0x85,0x85,0x85,0x85,0x85,0x85,0x85,0x85,0x85,0x85,0x85,0x85,0x85,0x85,0x85,0x85,0x85,0x85,0x85,0x85,0x85,0x85,0x85,0x85,0x85,0x85,0x85,0x85,0x85,0x08,0x85,0x21,0x10,0x10,0x00,0x00,0x00,0x00,0x00,0x00,0x00,0x00,0x00,0x00,0x00,0x00,0x00,0x00,0x00,0x00,0x00,0x00,0x00,0x00,0x00,0x00,0x00,0x00,0x00,0x00,0x00,0x00,0x00,0x00,0x00,0x00,0x00,0x00,0x00,0x00,0x00,0x00,0x00,0x00,0x00,0x00,0x00,0x00,0x00,
    0x00,0x00,0x00,0x00,0x00,0x00,0x00,0x00,0x00,0x00,0x00,0x00,0x00,0x00,0x00,0x00,0x00,0x00,0x00,0x00,0x00,0x00,0x00,0x00,0x00,0x00,0x00,0x00,0x00,0x00,0x00,0x00,0x00,0x00,0x00,0x00,0x00,0x00,0x00,0x00,0x00,0x00,0x00,0x00,0x00,0x00,0x00,0x00,0x00,0x00,0x10,0x00,0x5b,0x08,0x45,0x85,0x85,0x87,0x87,0x87,0x85,0x85,0x8b,0x8a,0x85,0x85,0x87,0x85,0x85,0x85,0x85,0x85,0x85,0x85,0x85,0x85,0x85,0x85,0x85,0x85,0x85,0x85,0x85,0x85,0x87,0x85,0x85,0x87,0x85,0x85,0x85,0x85,0x85,0x85,0x08,0x08,0x53,0x00,0x02,0x00,0x00,0x00,0x00,0x00,0x00,0x00,0x00,0x00,0x00,0x00,0x00,0x00,0x00,0x00,0x00,0x00,0x00,0x00,0x00,0x00,0x00,0x00,0x00,0x00,0x00,0x00,0x00,0x00,0x00,0x00,0x00,0x00,0x00,0x00,0x00,0x00,0x00,0x00,0x00,0x00,0x00,0x00,0x00,0x00,
    0x00,0x00,0x00,0x00,0x00,0x00,0x00,0x00,0x00,0x00,0x00,0x00,0x00,0x00,0x00,0x00,0x00,0x00,0x00,0x00,0x00,0x00,0x00,0x00,0x00,0x00,0x00,0x00,0x00,0x00,0x00,0x00,0x00,0x00,0x00,0x00,0x00,0x00,0x00,0x00,0x00,0x00,0x00,0x00,0x00,0x00,0x00,0x00,0x00,0x00,0x05,0x01,0x13,0x1d,0x94,0x08,0x85,0x8a,0x8d,0x8d,0x8d,0x8d,0x8d,0x8d,0x8e,0x8e,0x8a,0x85,0x87,0x85,0x85,0x85,0x85,0x85,0x85,0x85,0x85,0x85,0x85,0x87,0x87,0x85,0x85,0x8b,0x8a,0x8b,0x85,0x8b,0x8b,0x85,0x85,0x85,0x85,0x07,0x08,0x1d,0x13,0x00,0x05,0x00,0x00,0x00,0x00,0x00,0x00,0x00,0x00,0x00,0x00,0x00,0x00,0x00,0x00,0x00,0x00,0x00,0x00,0x00,0x00,0x00,0x00,0x00,0x00,0x00,0x00,0x00,0x00,0x00,0x00,0x00,0x00,0x00,0x00,0x00,0x00,0x00,0x00,0x00,0x00,0x00,0x00,0x00,0x00,0x00,
    0x00,0x00,0x00,0x00,0x00,0x00,0x00,0x00,0x00,0x00,0x00,0x00,0x00,0x00,0x00,0x00,0x00,0x00,0x00,0x00,0x00,0x00,0x00,0x00,0x00,0x00,0x00,0x00,0x00,0x00,0x00,0x00,0x00,0x00,0x00,0x00,0x00,0x00,0x00,0x00,0x00,0x00,0x00,0x00,0x00,0x00,0x00,0x00,0x00,0x00,0x01,0x00,0x2a,0x5c,0x2e,0x8b,0x8b,0x8e,0x89,0x89,0x89,0x89,0x8e,0x8e,0x89,0x89,0x89,0x8d,0x8b,0x85,0x87,0x87,0x87,0x87,0x87,0x87,0x87,0x87,0x85,0x8b,0x8a,0x8d,0x8e,0x89,0x89,0x8e,0x8d,0x89,0x8e,0x8a,0x85,0x87,0x85,0x08,0x8a,0x34,0x53,0x01,0x05,0x00,0x00,0x00,0x00,0x00,0x00,0x00,0x00,0x00,0x00,0x00,0x00,0x00,0x00,0x00,0x00,0x00,0x00,0x00,0x00,0x00,0x00,0x00,0x00,0x00,0x00,0x00,0x00,0x00,0x00,0x00,0x00,0x00,0x00,0x00,0x00,0x00,0x00,0x00,0x00,0x00,0x00,0x00,0x00,0x00,
    0x00,0x00,0x00,0x00,0x00,0x00,0x00,0x00,0x00,0x00,0x00,0x00,0x00,0x00,0x00,0x00,0x00,0x00,0x00,0x00,0x00,0x00,0x00,0x00,0x00,0x00,0x00,0x00,0x00,0x00,0x00,0x00,0x00,0x00,0x00,0x00,0x00,0x00,0x00,0x00,0x00,0x00,0x00,0x00,0x00,0x00,0x00,0x00,0x00,0x00,0x00,0x00,0x00,0x00,0x23,0x2e,0x8a,0x8d,0x8d,0x8a,0x8b,0x8b,0x8b,0x8b,0x8b,0x8b,0x85,0x8a,0x8d,0x8d,0x8d,0x8d,0x8a,0x8a,0x8a,0x8a,0x8a,0x8a,0x89,0x89,0x89,0x89,0x89,0x8e,0x8d,0x8d,0x8d,0x8a,0x8b,0x8a,0x8d,0x8a,0x07,0x94,0x12,0x2b,0x00,0x01,0x00,0x00,0x00,0x00,0x00,0x00,0x00,0x00,0x00,0x00,0x00,0x00,0x00,0x00,0x00,0x00,0x00,0x00,0x00,0x00,0x00,0x00,0x00,0x00,0x00,0x00,0x00,0x00,0x00,0x00,0x00,0x00,0x00,0x00,0x00,0x00,0x00,0x00,0x00,0x00,0x00,0x00,0x00,0x00,0x00,0x00,
    0x00,0x00,0x00,0x00,0x00,0x00,0x00,0x00,0x00,0x00,0x00,0x00,0x00,0x00,0x00,0x00,0x00,0x00,0x00,0x00,0x00,0x00,0x00,0x00,0x00,0x00,0x00,0x00,0x00,0x00,0x00,0x00,0x00,0x00,0x00,0x00,0x00,0x00,0x00,0x00,0x00,0x00,0x00,0x00,0x00,0x00,0x00,0x00,0x00,0x00,0x00,0x00,0x00,0x02,0x00,0x29,0x94,0x08,0x87,0x87,0x87,0x85,0x87,0x87,0x87,0x87,0x87,0x87,0x87,0x85,0x8b,0x8b,0x8a,0x8a,0x8e,0x8e,0x8a,0x8a,0x8a,0x8a,0x8b,0x85,0x85,0x85,0x87,0x87,0x87,0x87,0x87,0x87,0x8b,0x8a,0x8d,0x12,0x23,0x05,0x02,0x00,0x00,0x00,0x00,0x00,0x00,0x00,0x00,0x00,0x00,0x00,0x00,0x00,0x00,0x00,0x00,0x00,0x00,0x00,0x00,0x00,0x00,0x00,0x00,0x00,0x00,0x00,0x00,0x00,0x00,0x00,0x00,0x00,0x00,0x00,0x00,0x00,0x00,0x00,0x00,0x00,0x00,0x00,0x00,0x00,0x00,0x00,
    0x00,0x00,0x00,0x00,0x00,0x00,0x00,0x00,0x00,0x00,0x00,0x00,0x00,0x00,0x00,0x00,0x00,0x00,0x00,0x00,0x00,0x00,0x00,0x00,0x00,0x00,0x00,0x00,0x00,0x00,0x00,0x00,0x00,0x00,0x00,0x00,0x00,0x00,0x00,0x00,0x00,0x00,0x00,0x00,0x00,0x00,0x00,0x00,0x00,0x00,0x00,0x00,0x00,0x00,0x05,0x29,0x87,0x08,0x85,0x85,0x85,0x85,0x85,0x85,0x85,0x85,0x85,0x85,0x85,0x85,0x85,0x87,0x87,0x87,0x87,0x87,0x87,0x87,0x87,0x87,0x87,0x85,0x85,0x85,0x85,0x85,0x85,0x85,0x85,0x87,0x8a,0x0b,0x8e,0x46,0x00,0x10,0x00,0x00,0x00,0x00,0x00,0x00,0x00,0x00,0x00,0x00,0x00,0x00,0x00,0x00,0x00,0x00,0x00,0x00,0x00,0x00,0x00,0x00,0x00,0x00,0x00,0x00,0x00,0x00,0x00,0x00,0x00,0x00,0x00,0x00,0x00,0x00,0x00,0x00,0x00,0x00,0x00,0x00,0x00,0x00,0x00,0x00,0x00,0x00,
    0x00,0x00,0x00,0x00,0x00,0x00,0x00,0x00,0x00,0x00,0x00,0x00,0x00,0x00,0x00,0x00,0x00,0x00,0x00,0x00,0x00,0x00,0x00,0x00,0x00,0x00,0x00,0x00,0x00,0x00,0x00,0x00,0x00,0x00,0x00,0x00,0x00,0x00,0x00,0x00,0x00,0x00,0x00,0x00,0x00,0x00,0x00,0x00,0x00,0x00,0x00,0x00,0x00,0x00,0x00,0x1a,0x45,0x45,0x08,0x08,0x85,0x94,0x94,0x87,0x87,0x87,0x85,0x85,0x85,0x85,0x85,0x85,0x85,0x85,0x85,0x85,0x85,0x85,0x85,0x85,0x85,0x85,0x85,0x85,0x85,0x87,0x87,0x87,0x85,0x08,0x07,0x08,0x8a,0x5c,0x05,0x10,0x00,0x00,0x00,0x00,0x00,0x00,0x00,0x00,0x00,0x00,0x00,0x00,0x00,0x00,0x00,0x00,0x00,0x00,0x00,0x00,0x00,0x00,0x00,0x00,0x00,0x00,0x00,0x00,0x00,0x00,0x00,0x00,0x00,0x00,0x00,0x00,0x00,0x00,0x00,0x00,0x00,0x00,0x00,0x00,0x00,0x00,0x00,0x00,
    0x00,0x00,0x00,0x00,0x00,0x00,0x00,0x00,0x00,0x00,0x00,0x00,0x00,0x00,0x00,0x00,0x00,0x00,0x00,0x00,0x00,0x00,0x00,0x00,0x00,0x00,0x00,0x00,0x00,0x00,0x00,0x00,0x00,0x00,0x00,0x00,0x00,0x00,0x00,0x00,0x00,0x00,0x00,0x00,0x00,0x00,0x00,0x00,0x00,0x00,0x00,0x00,0x00,0x01,0x00,0x12,0x8b,0x8b,0x87,0x94,0x85,0x8d,0x8d,0x8a,0x8a,0x8b,0x85,0x94,0x94,0x94,0x94,0x9b,0x9b,0x87,0x07,0x87,0x94,0x94,0x94,0x94,0x94,0x94,0x94,0x85,0x85,0x8b,0x8a,0x8a,0x8b,0x87,0x85,0x87,0x8b,0x5c,0x00,0x10,0x00,0x00,0x00,0x00,0x00,0x00,0x00,0x00,0x00,0x00,0x00,0x00,0x00,0x00,0x00,0x00,0x00,0x00,0x00,0x00,0x00,0x00,0x00,0x00,0x00,0x00,0x00,0x00,0x00,0x00,0x00,0x00,0x00,0x00,0x00,0x00,0x00,0x00,0x00,0x00,0x00,0x00,0x00,0x00,0x00,0x00,0x00,0x00,
    0x00,0x00,0x00,0x00,0x00,0x00,0x00,0x00,0x00,0x00,0x00,0x00,0x00,0x00,0x00,0x00,0x00,0x00,0x00,0x00,0x00,0x00,0x00,0x00,0x00,0x00,0x00,0x00,0x00,0x00,0x00,0x00,0x00,0x00,0x00,0x00,0x00,0x00,0x00,0x00,0x00,0x00,0x00,0x00,0x00,0x00,0x00,0x00,0x00,0x00,0x00,0x00,0x00,0x05,0x01,0x13,0x0f,0x1a,0x1a,0x1a,0x94,0xc6,0xc6,0xc6,0x09,0x94,0x8b,0x8e,0x89,0x8e,0x8a,0x94,0x9b,0x94,0x94,0x8b,0x8d,0x8e,0x89,0x89,0x89,0x89,0x8d,0x87,0xd3,0x09,0x09,0x09,0x2e,0x29,0x1a,0x34,0x5c,0x2a,0x01,0x01,0x00,0x00,0x00,0x00,0x00,0x00,0x00,0x00,0x00,0x00,0x00,0x00,0x00,0x00,0x00,0x00,0x00,0x00,0x00,0x00,0x00,0x00,0x00,0x00,0x00,0x00,0x00,0x00,0x00,0x00,0x00,0x00,0x00,0x00,0x00,0x00,0x00,0x00,0x00,0x00,0x00,0x00,0x00,0x00,0x00,0x00,0x00,0x00,
    0x00,0x00,0x00,0x00,0x00,0x00,0x00,0x00,0x00,0x00,0x00,0x00,0x00,0x00,0x00,0x00,0x00,0x00,0x00,0x00,0x00,0x00,0x00,0x00,0x00,0x00,0x00,0x00,0x00,0x00,0x00,0x00,0x00,0x00,0x00,0x00,0x00,0x00,0x00,0x00,0x00,0x00,0x00,0x00,0x00,0x00,0x00,0x00,0x00,0x00,0x00,0x00,0x00,0x00,0x00,0x00,0x00,0x00,0x6a,0x54,0x27,0xb6,0xd1,0xe2,0xe6,0xdc,0xdc,0xb9,0x38,0xd4,0xcb,0xe8,0x27,0x09,0x1a,0x09,0xc6,0xc6,0x27,0xe8,0xd4,0x38,0xb9,0xdc,0xe6,0xe6,0xe2,0x1f,0x56,0x31,0x5f,0x16,0x00,0x00,0x00,0x00,0x00,0x00,0x00,0x00,0x00,0x00,0x00,0x00,0x00,0x00,0x00,0x00,0x00,0x00,0x00,0x00,0x00,0x00,0x00,0x00,0x00,0x00,0x00,0x00,0x00,0x00,0x00,0x00,0x00,0x00,0x00,0x00,0x00,0x00,0x00,0x00,0x00,0x00,0x00,0x00,0x00,0x00,0x00,0x00,0x00,0x00,0x00,0x00,
    0x00,0x00,0x00,0x00,0x00,0x00,0x00,0x00,0x00,0x00,0x00,0x00,0x00,0x00,0x00,0x00,0x00,0x00,0x00,0x00,0x00,0x00,0x00,0x00,0x00,0x00,0x00,0x00,0x00,0x00,0x00,0x00,0x00,0x00,0x00,0x00,0x00,0x00,0x00,0x00,0x00,0x00,0x00,0x00,0x00,0x00,0x00,0x00,0x00,0x00,0x00,0x00,0x00,0x00,0x00,0x01,0x02,0x04,0x00,0x58,0x56,0xb9,0xe2,0xe2,0xd1,0x9f,0xa3,0xb8,0xb8,0x9f,0xcd,0xd1,0xd1,0x49,0x54,0x68,0xe2,0xe2,0xd1,0xcd,0xb8,0xa2,0xa2,0xb8,0x9f,0xd1,0xe2,0xdc,0x35,0x66,0x00,0x01,0x10,0x01,0x00,0x00,0x00,0x00,0x00,0x00,0x00,0x00,0x00,0x00,0x00,0x00,0x00,0x00,0x00,0x00,0x00,0x00,0x00,0x00,0x00,0x00,0x00,0x00,0x00,0x00,0x00,0x00,0x00,0x00,0x00,0x00,0x00,0x00,0x00,0x00,0x00,0x00,0x00,0x00,0x00,0x00,0x00,0x00,0x00,0x00,0x00,0x00,0x00,0x00,
    0x00,0x00,0x00,0x00,0x00,0x00,0x00,0x00,0x00,0x00,0x00,0x00,0x00,0x00,0x00,0x00,0x00,0x00,0x00,0x00,0x00,0x00,0x00,0x00,0x00,0x00,0x00,0x00,0x00,0x00,0x00,0x00,0x00,0x00,0x00,0x00,0x00,0x00,0x00,0x00,0x00,0x00,0x00,0x00,0x00,0x00,0x00,0x00,0x00,0x00,0x00,0x00,0x00,0x00,0x00,0x00,0x00,0x01,0x01,0x2b,0x64,0xdd,0x9f,0xb8,0x8f,0x88,0x88,0x88,0x8f,0x8f,0x99,0xd1,0xd1,0x71,0x4c,0x7d,0xe6,0xd1,0xb8,0x8f,0x8f,0x8f,0x8f,0x88,0x88,0xaf,0xcd,0x38,0x31,0x0c,0x01,0x00,0x00,0x00,0x00,0x00,0x00,0x00,0x00,0x00,0x00,0x00,0x00,0x00,0x00,0x00,0x00,0x00,0x00,0x00,0x00,0x00,0x00,0x00,0x00,0x00,0x00,0x00,0x00,0x00,0x00,0x00,0x00,0x00,0x00,0x00,0x00,0x00,0x00,0x00,0x00,0x00,0x00,0x00,0x00,0x00,0x00,0x00,0x00,0x00,0x00,0x00,0x00,0x00,
    0x00,0x00,0x00,0x00,0x00,0x00,0x00,0x00,0x00,0x00,0x00,0x00,0x00,0x00,0x00,0x00,0x00,0x00,0x00,0x00,0x00,0x00,0x00,0x00,0x00,0x00,0x00,0x00,0x00,0x00,0x00,0x00,0x00,0x00,0x00,0x00,0x00,0x00,0x00,0x00,0x00,0x00,0x00,0x00,0x00,0x00,0x00,0x00,0x00,0x00,0x00,0x00,0x00,0x00,0x00,0x00,0x00,0x00,0x05,0x1b,0x31,0xd2,0x11,0x88,0x8f,0x8f,0x8f,0x8f,0x8f,0x8f,0x88,0x9c,0xed,0x56,0x64,0x64,0xcd,0x8f,0x88,0x8f,0x8f,0x8f,0x8f,0x91,0x8f,0x91,0x8f,0x39,0x54,0x06,0x03,0x00,0x00,0x00,0x00,0x00,0x00,0x00,0x00,0x00,0x00,0x00,0x00,0x00,0x00,0x00,0x00,0x00,0x00,0x00,0x00,0x00,0x00,0x00,0x00,0x00,0x00,0x00,0x00,0x00,0x00,0x00,0x00,0x00,0x00,0x00,0x00,0x00,0x00,0x00,0x00,0x00,0x00,0x00,0x00,0x00,0x00,0x00,0x00,0x00,0x00,0x00,0x00,0x00,
    0x00,0x00,0x00,0x00,0x00,0x00,0x00,0x00,0x00,0x00,0x00,0x00,0x00,0x00,0x00,0x00,0x00,0x00,0x00,0x00,0x00,0x00,0x00,0x00,0x00,0x00,0x00,0x00,0x00,0x00,0x00,0x00,0x00,0x00,0x00,0x00,0x00,0x00,0x00,0x00,0x00,0x00,0x00,0x00,0x00,0x00,0x00,0x00,0x00,0x00,0x00,0x00,0x00,0x00,0x00,0x00,0x00,0x00,0x02,0x00,0x31,0x15,0x11,0x8f,0x8f,0x8f,0x8f,0x8f,0x8f,0x8f,0x11,0x9d,0xb2,0x71,0x58,0x32,0xd0,0x8f,0x8f,0x8f,0x8f,0x8f,0x8f,0x8f,0x8f,0x88,0x91,0x2d,0x69,0x00,0x06,0x00,0x00,0x00,0x00,0x00,0x00,0x00,0x00,0x00,0x00,0x00,0x00,0x00,0x00,0x00,0x00,0x00,0x00,0x00,0x00,0x00,0x00,0x00,0x00,0x00,0x00,0x00,0x00,0x00,0x00,0x00,0x00,0x00,0x00,0x00,0x00,0x00,0x00,0x00,0x00,0x00,0x00,0x00,0x00,0x00,0x00,0x00,0x00,0x00,0x00,0x00,0x00,0x00,
    0x00,0x00,0x00,0x00,0x00,0x00,0x00,0x00,0x00,0x00,0x00,0x00,0x00,0x00,0x00,0x00,0x00,0x00,0x00,0x00,0x00,0x00,0x00,0x00,0x00,0x00,0x00,0x00,0x00,0x00,0x00,0x00,0x00,0x00,0x00,0x00,0x00,0x00,0x00,0x00,0x00,0x00,0x00,0x00,0x00,0x00,0x00,0x00,0x00,0x00,0x00,0x00,0x00,0x00,0x00,0x00,0x00,0x00,0x04,0x00,0x4b,0x78,0xb0,0x88,0x8f,0x91,0x91,0x91,0x91,0x8f,0x8f,0x88,0x95,0x4c,0x37,0x36,0x20,0x88,0x8f,0x8f,0x8f,0x8f,0x8f,0x8f,0x8f,0x8f,0xaf,0x17,0x19,0x00,0x05,0x00,0x00,0x00,0x00,0x00,0x00,0x00,0x00,0x00,0x00,0x00,0x00,0x00,0x00,0x00,0x00,0x00,0x00,0x00,0x00,0x00,0x00,0x00,0x00,0x00,0x00,0x00,0x00,0x00,0x00,0x00,0x00,0x00,0x00,0x00,0x00,0x00,0x00,0x00,0x00,0x00,0x00,0x00,0x00,0x00,0x00,0x00,0x00,0x00,0x00,0x00,0x00,0x00,
    0x00,0x00,0x00,0x00,0x00,0x00,0x00,0x00,0x00,0x00,0x00,0x00,0x00,0x00,0x00,0x00,0x00,0x00,0x00,0x00,0x00,0x00,0x00,0x00,0x00,0x00,0x00,0x00,0x00,0x00,0x00,0x00,0x00,0x00,0x00,0x00,0x00,0x00,0x00,0x00,0x00,0x00,0x00,0x00,0x00,0x00,0x00,0x00,0x00,0x00,0x00,0x00,0x00,0x00,0x00,0x00,0x00,0x00,0x06,0x00,0x19,0x7b,0xb0,0x88,0x11,0x99,0x99,0x95,0x95,0x91,0x8f,0x9c,0xbc,0x4c,0x16,0x17,0x95,0x8f,0x8f,0x8f,0x8f,0x8f,0x8f,0x8f,0x8f,0x97,0x25,0x40,0x1e,0x03,0x03,0x00,0x00,0x00,0x00,0x00,0x00,0x00,0x00,0x00,0x00,0x00,0x00,0x00,0x00,0x00,0x00,0x00,0x00,0x00,0x00,0x00,0x00,0x00,0x00,0x00,0x00,0x00,0x00,0x00,0x00,0x00,0x00,0x00,0x00,0x00,0x00,0x00,0x00,0x00,0x00,0x00,0x00,0x00,0x00,0x00,0x00,0x00,0x00,0x00,0x00,0x00,0x00,0x00,
    0x00,0x00,0x00,0x00,0x00,0x00,0x00,0x00,0x00,0x00,0x00,0x00,0x00,0x00,0x00,0x00,0x00,0x00,0x00,0x00,0x00,0x00,0x00,0x00,0x00,0x00,0x00,0x00,0x00,0x00,0x00,0x00,0x00,0x00,0x00,0x00,0x00,0x00,0x00,0x00,0x00,0x00,0x00,0x00,0x00,0x00,0x00,0x00,0x00,0x00,0x00,0x00,0x00,0x00,0x00,0x00,0x00,0x00,0x04,0x00,0x16,0x40,0x25,0x91,0x99,0x95,0x95,0x95,0x91,0x8f,0x91,0xa9,0x5a,0x2c,0x0c,0x30,0x18,0x88,0x11,0x11,0x8f,0x8f,0x8f,0x8f,0x91,0x9c,0x18,0x50,0x00,0x00,0x00,0x00,0x00,0x00,0x00,0x00,0x00,0x00,0x00,0x00,0x00,0x00,0x00,0x00,0x00,0x00,0x00,0x00,0x00,0x00,0x00,0x00,0x00,0x00,0x00,0x00,0x00,0x00,0x00,0x00,0x00,0x00,0x00,0x00,0x00,0x00,0x00,0x00,0x00,0x00,0x00,0x00,0x00,0x00,0x00,0x00,0x00,0x00,0x00,0x00,0x00,0x00,0x00,0x00,
    0x00,0x00,0x00,0x00,0x00,0x00,0x00,0x00,0x00,0x00,0x00,0x00,0x00,0x00,0x00,0x00,0x00,0x00,0x00,0x00,0x00,0x00,0x00,0x00,0x00,0x00,0x00,0x00,0x00,0x00,0x00,0x00,0x00,0x00,0x00,0x00,0x00,0x00,0x00,0x00,0x00,0x00,0x00,0x00,0x00,0x00,0x00,0x00,0x00,0x00,0x00,0x00,0x00,0x00,0x00,0x00,0x00,0x00,0x00,0x00,0x0c,0x3f,0xde,0x88,0x91,0x8f,0x8f,0x8f,0x8f,0x8f,0x8f,0x95,0x5a,0x26,0x03,0x00,0x42,0x97,0x11,0x91,0x8f,0x8f,0x8f,0x8f,0x91,0x9c,0x18,0x4d,0x03,0x03,0x00,0x00,0x00,0x00,0x00,0x00,0x00,0x00,0x00,0x00,0x00,0x00,0x00,0x00,0x00,0x00,0x00,0x00,0x00,0x00,0x00,0x00,0x00,0x00,0x00,0x00,0x00,0x00,0x00,0x00,0x00,0x00,0x00,0x00,0x00,0x00,0x00,0x00,0x00,0x00,0x00,0x00,0x00,0x00,0x00,0x00,0x00,0x00,0x00,0x00,0x00,0x00,0x00,0x00,
    0x00,0x00,0x00,0x00,0x00,0x00,0x00,0x00,0x00,0x00,0x00,0x00,0x00,0x00,0x00,0x00,0x00,0x00,0x00,0x00,0x00,0x00,0x00,0x00,0x00,0x00,0x00,0x00,0x00,0x00,0x00,0x00,0x00,0x00,0x00,0x00,0x00,0x00,0x00,0x00,0x00,0x00,0x00,0x00,0x00,0x00,0x00,0x00,0x00,0x00,0x00,0x00,0x00,0x00,0x00,0x00,0x00,0x00,0x00,0x00,0x0c,0x26,0x0d,0x88,0x8f,0x8f,0x8f,0x8f,0x8f,0x8f,0x88,0x91,0x78,0x4b,0x00,0x06,0x75,0xa9,0x8f,0x8f,0x8f,0x8f,0x8f,0x8f,0x8f,0x8f,0x42,0x55,0x00,0x0c,0x00,0x00,0x00,0x00,0x00,0x00,0x00,0x00,0x00,0x00,0x00,0x00,0x00,0x00,0x00,0x00,0x00,0x00,0x00,0x00,0x00,0x00,0x00,0x00,0x00,0x00,0x00,0x00,0x00,0x00,0x00,0x00,0x00,0x00,0x00,0x00,0x00,0x00,0x00,0x00,0x00,0x00,0x00,0x00,0x00,0x00,0x00,0x00,0x00,0x00,0x00,0x00,0x00,0x00,
    0x00,0x00,0x00,0x00,0x00,0x00,0x00,0x00,0x00,0x00,0x00,0x00,0x00,0x00,0x00,0x00,0x00,0x00,0x00,0x00,0x00,0x00,0x00,0x00,0x00,0x00,0x00,0x00,0x00,0x00,0x00,0x00,0x00,0x00,0x00,0x00,0x00,0x00,0x00,0x00,0x00,0x00,0x00,0x00,0x00,0x00,0x00,0x00,0x00,0x00,0x00,0x00,0x00,0x00,0x00,0x00,0x00,0x00,0x00,0x03,0x00,0x62,0x33,0x11,0x8f,0x8f,0x8f,0x8f,0x8f,0x8f,0x8f,0x11,0x17,0x69,0x00,0x03,0x42,0xa9,0x91,0x8f,0x8f,0x8f,0x8f,0x8f,0x8f,0x97,0x36,0x5e,0x00,0x06,0x00,0x00,0x00,0x00,0x00,0x00,0x00,0x00,0x00,0x00,0x00,0x00,0x00,0x00,0x00,0x00,0x00,0x00,0x00,0x00,0x00,0x00,0x00,0x00,0x00,0x00,0x00,0x00,0x00,0x00,0x00,0x00,0x00,0x00,0x00,0x00,0x00,0x00,0x00,0x00,0x00,0x00,0x00,0x00,0x00,0x00,0x00,0x00,0x00,0x00,0x00,0x00,0x00,0x00,
    0x00,0x00,0x00,0x00,0x00,0x00,0x00,0x00,0x00,0x00,0x00,0x00,0x00,0x00,0x00,0x00,0x00,0x00,0x00,0x00,0x00,0x00,0x00,0x00,0x00,0x00,0x00,0x00,0x00,0x00,0x00,0x00,0x00,0x00,0x00,0x00,0x00,0x00,0x00,0x00,0x00,0x00,0x00,0x00,0x00,0x00,0x00,0x00,0x00,0x00,0x00,0x00,0x00,0x00,0x00,0x00,0x00,0x00,0x00,0x00,0x0c,0x26,0x14,0x88,0x8f,0x8f,0x8f,0x8f,0x8f,0x91,0x91,0xaf,0x17,0x19,0x00,0x03,0x3c,0x91,0x8f,0x8f,0x8f,0x8f,0x8f,0x8f,0x8f,0x8f,0x17,0x5e,0x00,0x06,0x00,0x00,0x00,0x00,0x00,0x00,0x00,0x00,0x00,0x00,0x00,0x00,0x00,0x00,0x00,0x00,0x00,0x00,0x00,0x00,0x00,0x00,0x00,0x00,0x00,0x00,0x00,0x00,0x00,0x00,0x00,0x00,0x00,0x00,0x00,0x00,0x00,0x00,0x00,0x00,0x00,0x00,0x00,0x00,0x00,0x00,0x00,0x00,0x00,0x00,0x00,0x00,0x00,0x00,
    0x00,0x00,0x00,0x00,0x00,0x00,0x00,0x00,0x00,0x00,0x00,0x00,0x00,0x00,0x00,0x00,0x00,0x00,0x00,0x00,0x00,0x00,0x00,0x00,0x00,0x00,0x00,0x00,0x00,0x00,0x00,0x00,0x00,0x00,0x00,0x00,0x00,0x00,0x00,0x00,0x00,0x00,0x00,0x00,0x00,0x00,0x00,0x00,0x00,0x00,0x00,0x00,0x00,0x00,0x00,0x00,0x00,0x00,0x00,0x03,0x06,0x3f,0xd6,0x9c,0x8f,0x8f,0x8f,0x8f,0x8f,0x11,0x99,0x9c,0x32,0x66,0x00,0x03,0x68,0xaf,0x88,0x8f,0x8f,0x8f,0x8f,0x8f,0x8f,0x8f,0x36,0x5e,0x00,0x06,0x00,0x00,0x00,0x00,0x00,0x00,0x00,0x00,0x00,0x00,0x00,0x00,0x00,0x00,0x00,0x00,0x00,0x00,0x00,0x00,0x00,0x00,0x00,0x00,0x00,0x00,0x00,0x00,0x00,0x00,0x00,0x00,0x00,0x00,0x00,0x00,0x00,0x00,0x00,0x00,0x00,0x00,0x00,0x00,0x00,0x00,0x00,0x00,0x00,0x00,0x00,0x00,0x00,0x00,
    0x00,0x00,0x00,0x00,0x00,0x00,0x00,0x00,0x00,0x00,0x00,0x00,0x00,0x00,0x00,0x00,0x00,0x00,0x00,0x00,0x00,0x00,0x00,0x00,0x00,0x00,0x00,0x00,0x00,0x00,0x00,0x00,0x00,0x00,0x00,0x00,0x00,0x00,0x00,0x00,0x00,0x00,0x00,0x00,0x00,0x00,0x00,0x00,0x00,0x00,0x00,0x00,0x00,0x00,0x00,0x00,0x00,0x00,0x04,0x00,0x16,0x68,0x0d,0x8f,0x8f,0x8f,0x8f,0x8f,0x8f,0x8f,0x88,0x0e,0x40,0x63,0x03,0x00,0x6d,0x9d,0x91,0x8f,0x8f,0x8f,0x8f,0x8f,0x8f,0x88,0x42,0x55,0x00,0x06,0x00,0x00,0x00,0x00,0x00,0x00,0x00,0x00,0x00,0x00,0x00,0x00,0x00,0x00,0x00,0x00,0x00,0x00,0x00,0x00,0x00,0x00,0x00,0x00,0x00,0x00,0x00,0x00,0x00,0x00,0x00,0x00,0x00,0x00,0x00,0x00,0x00,0x00,0x00,0x00,0x00,0x00,0x00,0x00,0x00,0x00,0x00,0x00,0x00,0x00,0x00,0x00,0x00,0x00,
    0x00,0x00,0x00,0x00,0x00,0x00,0x00,0x00,0x00,0x00,0x00,0x00,0x00,0x00,0x00,0x00,0x00,0x00,0x00,0x00,0x00,0x00,0x00,0x00,0x00,0x00,0x00,0x00,0x00,0x00,0x00,0x00,0x00,0x00,0x00,0x00,0x00,0x00,0x00,0x00,0x00,0x00,0x00,0x00,0x00,0x00,0x00,0x00,0x00,0x00,0x00,0x00,0x00,0x00,0x00,0x00,0x00,0x00,0x06,0x00,0x19,0x36,0x9d,0x11,0x11,0x91,0x8f,0x8f,0x8f,0x91,0x9c,0xb0,0x2f,0x00,0x0c,0x00,0x4d,0x95,0x8f,0x8f,0x8f,0x8f,0x8f,0x8f,0x91,0x9c,0x3e,0x2f,0x00,0x04,0x00,0x00,0x00,0x00,0x00,0x00,0x00,0x00,0x00,0x00,0x00,0x00,0x00,0x00,0x00,0x00,0x00,0x00,0x00,0x00,0x00,0x00,0x00,0x00,0x00,0x00,0x00,0x00,0x00,0x00,0x00,0x00,0x00,0x00,0x00,0x00,0x00,0x00,0x00,0x00,0x00,0x00,0x00,0x00,0x00,0x00,0x00,0x00,0x00,0x00,0x00,0x00,0x00,0x00,
    0x00,0x00,0x00,0x00,0x00,0x00,0x00,0x00,0x00,0x00,0x00,0x00,0x00,0x00,0x00,0x00,0x00,0x00,0x00,0x00,0x00,0x00,0x00,0x00,0x00,0x00,0x00,0x00,0x00,0x00,0x00,0x00,0x00,0x00,0x00,0x00,0x00,0x00,0x00,0x00,0x00,0x00,0x00,0x00,0x00,0x00,0x00,0x00,0x00,0x00,0x00,0x00,0x00,0x00,0x00,0x00,0x00,0x00,0x06,0x00,0x30,0x75,0x8f,0x95,0x99,0x99,0x91,0x8f,0x8f,0x91,0x97,0x18,0x37,0x05,0x06,0x03,0x26,0xde,0x97,0x8f,0x8f,0x8f,0x8f,0x8f,0x91,0x97,0x70,0x37,0x03,0x00,0x00,0x00,0x00,0x00,0x00,0x00,0x00,0x00,0x00,0x00,0x00,0x00,0x00,0x00,0x00,0x00,0x00,0x00,0x00,0x00,0x00,0x00,0x00,0x00,0x00,0x00,0x00,0x00,0x00,0x00,0x00,0x00,0x00,0x00,0x00,0x00,0x00,0x00,0x00,0x00,0x00,0x00,0x00,0x00,0x00,0x00,0x00,0x00,0x00,0x00,0x00,0x00,0x00,0x00,
    0x00,0x00,0x00,0x00,0x00,0x00,0x00,0x00,0x00,0x00,0x00,0x00,0x00,0x00,0x00,0x00,0x00,0x00,0x00,0x00,0x00,0x00,0x00,0x00,0x00,0x00,0x00,0x00,0x00,0x00,0x00,0x00,0x00,0x00,0x00,0x00,0x00,0x00,0x00,0x00,0x00,0x00,0x00,0x00,0x00,0x00,0x00,0x00,0x00,0x00,0x00,0x00,0x00,0x00,0x00,0x00,0x00,0x00,0x06,0x00,0x55,0x18,0x91,0x91,0x91,0x95,0x8f,0x8f,0x8f,0x91,0x9c,0x70,0x2f,0x03,0x00,0x1b,0x26,0x20,0x9c,0x8f,0x8f,0x8f,0x8f,0x8f,0x91,0x9c,0x3e,0x6f,0x06,0x00,0x00,0x00,0x00,0x00,0x00,0x00,0x00,0x00,0x00,0x00,0x00,0x00,0x00,0x00,0x00,0x00,0x00,0x00,0x00,0x00,0x00,0x00,0x00,0x00,0x00,0x00,0x00,0x00,0x00,0x00,0x00,0x00,0x00,0x00,0x00,0x00,0x00,0x00,0x00,0x00,0x00,0x00,0x00,0x00,0x00,0x00,0x00,0x00,0x00,0x00,0x00,0x00,0x00,0x00,
    0x00,0x00,0x00,0x00,0x00,0x00,0x00,0x00,0x00,0x00,0x00,0x00,0x00,0x00,0x00,0x00,0x00,0x00,0x00,0x00,0x00,0x00,0x00,0x00,0x00,0x00,0x00,0x00,0x00,0x00,0x00,0x00,0x00,0x00,0x00,0x00,0x00,0x00,0x00,0x00,0x00,0x00,0x00,0x00,0x00,0x00,0x00,0x00,0x00,0x00,0x00,0x00,0x00,0x00,0x00,0x00,0x00,0x00,0x04,0x00,0x37,0x18,0x97,0x91,0x88,0x88,0x8f,0x8f,0x8f,0x8f,0x11,0x17,0x37,0x01,0x00,0x1b,0x4d,0x95,0x91,0x8f,0x8f,0x8f,0x8f,0x8f,0x91,0x97,0x3e,0x6f,0x00,0x00,0x00,0x00,0x00,0x00,0x00,0x00,0x00,0x00,0x00,0x00,0x00,0x00,0x00,0x00,0x00,0x00,0x00,0x00,0x00,0x00,0x00,0x00,0x00,0x00,0x00,0x00,0x00,0x00,0x00,0x00,0x00,0x00,0x00,0x00,0x00,0x00,0x00,0x00,0x00,0x00,0x00,0x00,0x00,0x00,0x00,0x00,0x00,0x00,0x00,0x00,0x00,0x00,0x00,0x00,
    0x00,0x00,0x00,0x00,0x00,0x00,0x00,0x00,0x00,0x00,0x00,0x00,0x00,0x00,0x00,0x00,0x00,0x00,0x00,0x00,0x00,0x00,0x00,0x00,0x00,0x00,0x00,0x00,0x00,0x00,0x00,0x00,0x00,0x00,0x00,0x00,0x00,0x00,0x00,0x00,0x00,0x00,0x00,0x00,0x00,0x00,0x00,0x00,0x00,0x00,0x00,0x00,0x00,0x00,0x00,0x00,0x00,0x00,0x04,0x00,0x43,0x5a,0x8f,0x11,0x95,0x99,0x11,0x99,0x99,0x91,0x91,0x17,0x60,0x00,0x04,0x0c,0x4d,0x3e,0x91,0x91,0x8f,0x8f,0x8f,0x8f,0x91,0x99,0x18,0x32,0x30,0x05,0x04,0x00,0x00,0x00,0x00,0x00,0x00,0x00,0x00,0x00,0x00,0x00,0x00,0x00,0x00,0x00,0x00,0x00,0x00,0x00,0x00,0x00,0x00,0x00,0x00,0x00,0x00,0x00,0x00,0x00,0x00,0x00,0x00,0x00,0x00,0x00,0x00,0x00,0x00,0x00,0x00,0x00,0x00,0x00,0x00,0x00,0x00,0x00,0x00,0x00,0x00,0x00,0x00,0x00,
    0x00,0x00,0x00,0x00,0x00,0x00,0x00,0x00,0x00,0x00,0x00,0x00,0x00,0x00,0x00,0x00,0x00,0x00,0x00,0x00,0x00,0x00,0x00,0x00,0x00,0x00,0x00,0x00,0x00,0x00,0x00,0x00,0x00,0x00,0x00,0x00,0x00,0x00,0x00,0x00,0x00,0x00,0x00,0x00,0x00,0x00,0x00,0x00,0x00,0x00,0x00,0x00,0x00,0x00,0x00,0x00,0x00,0x00,0x02,0x02,0x21,0x09,0xaf,0x9d,0x9a,0x93,0xa2,0x9a,0xa2,0x9d,0xaf,0x67,0x21,0x2b,0x00,0x10,0x0f,0x79,0x9d,0xa9,0x97,0x9c,0x9c,0x9c,0x88,0xa9,0xbe,0x34,0x22,0x13,0x04,0x01,0x00,0x00,0x00,0x00,0x00,0x00,0x00,0x00,0x00,0x00,0x00,0x00,0x00,0x00,0x00,0x00,0x00,0x00,0x00,0x00,0x00,0x00,0x00,0x00,0x00,0x00,0x00,0x00,0x00,0x00,0x00,0x00,0x00,0x00,0x00,0x00,0x00,0x00,0x00,0x00,0x00,0x00,0x00,0x00,0x00,0x00,0x00,0x00,0x00,0x00,0x00,0x00,
    0x00,0x00,0x00,0x00,0x00,0x00,0x00,0x00,0x00,0x00,0x00,0x00,0x00,0x00,0x00,0x00,0x00,0x00,0x00,0x00,0x00,0x00,0x00,0x00,0x00,0x00,0x00,0x00,0x00,0x00,0x00,0x00,0x00,0x00,0x00,0x00,0x00,0x00,0x00,0x00,0x00,0x00,0x00,0x00,0x00,0x00,0x00,0x00,0x00,0x00,0x00,0x00,0x00,0x00,0x00,0x00,0x00,0x02,0x00,0x46,0x8d,0x89,0x15,0x33,0xb2,0x0e,0x0d,0x0d,0x14,0xd6,0xc5,0x8a,0x8e,0x21,0x13,0x22,0x89,0xd3,0x33,0xde,0x25,0xb0,0xb0,0x0d,0xca,0x33,0xc6,0x89,0x8b,0x0a,0x00,0x02,0x00,0x00,0x00,0x00,0x00,0x00,0x00,0x00,0x00,0x00,0x00,0x00,0x00,0x00,0x00,0x00,0x00,0x00,0x00,0x00,0x00,0x00,0x00,0x00,0x00,0x00,0x00,0x00,0x00,0x00,0x00,0x00,0x00,0x00,0x00,0x00,0x00,0x00,0x00,0x00,0x00,0x00,0x00,0x00,0x00,0x00,0x00,0x00,0x00,0x00,0x00,0x00,
    0x00,0x00,0x00,0x00,0x00,0x00,0x00,0x00,0x00,0x00,0x00,0x00,0x00,0x00,0x00,0x00,0x00,0x00,0x00,0x00,0x00,0x00,0x00,0x00,0x00,0x00,0x00,0x00,0x00,0x00,0x00,0x00,0x00,0x00,0x00,0x00,0x00,0x00,0x00,0x00,0x00,0x00,0x00,0x00,0x00,0x00,0x00,0x00,0x00,0x00,0x00,0x00,0x00,0x00,0x00,0x00,0x00,0x1b,0x0a,0x12,0x0b,0x0b,0x90,0x89,0x89,0x8b,0x94,0x94,0x8b,0x89,0x90,0x0b,0x0b,0x12,0x3d,0x1d,0x08,0x89,0x90,0x8d,0x94,0xd3,0xd3,0x94,0x8b,0x90,0x8e,0x08,0x0b,0x5b,0x0a,0x05,0x01,0x00,0x00,0x00,0x00,0x00,0x00,0x00,0x00,0x00,0x00,0x00,0x00,0x00,0x00,0x00,0x00,0x00,0x00,0x00,0x00,0x00,0x00,0x00,0x00,0x00,0x00,0x00,0x00,0x00,0x00,0x00,0x00,0x00,0x00,0x00,0x00,0x00,0x00,0x00,0x00,0x00,0x00,0x00,0x00,0x00,0x00,0x00,0x00,0x00,0x00,0x00,
    0x00,0x00,0x00,0x00,0x00,0x00,0x00,0x00,0x00,0x00,0x00,0x00,0x00,0x00,0x00,0x00,0x00,0x00,0x00,0x00,0x00,0x00,0x00,0x00,0x00,0x00,0x00,0x00,0x00,0x00,0x00,0x00,0x00,0x00,0x00,0x00,0x00,0x00,0x00,0x00,0x00,0x00,0x00,0x00,0x00,0x00,0x00,0x00,0x00,0x00,0x00,0x00,0x00,0x00,0x00,0x00,0x00,0x0c,0x54,0x8e,0x87,0x8a,0x8d,0x8b,0x94,0x85,0x8b,0x8b,0x85,0x8b,0x8e,0x8d,0x8d,0x1a,0x46,0x1d,0x8a,0x8d,0x8d,0x87,0x8b,0x8b,0x8b,0x8b,0x85,0x8d,0x8d,0x0b,0x8a,0x29,0x23,0x00,0x02,0x00,0x00,0x00,0x00,0x00,0x00,0x00,0x00,0x00,0x00,0x00,0x00,0x00,0x00,0x00,0x00,0x00,0x00,0x00,0x00,0x00,0x00,0x00,0x00,0x00,0x00,0x00,0x00,0x00,0x00,0x00,0x00,0x00,0x00,0x00,0x00,0x00,0x00,0x00,0x00,0x00,0x00,0x00,0x00,0x00,0x00,0x00,0x00,0x00,0x00,0x00,
    0x00,0x00,0x00,0x00,0x00,0x00,0x00,0x00,0x00,0x00,0x00,0x00,0x00,0x00,0x00,0x00,0x00,0x00,0x00,0x00,0x00,0x00,0x00,0x00,0x00,0x00,0x00,0x00,0x00,0x00,0x00,0x00,0x00,0x00,0x00,0x00,0x00,0x00,0x00,0x00,0x00,0x00,0x00,0x00,0x00,0x00,0x00,0x00,0x00,0x00,0x00,0x00,0x00,0x00,0x00,0x00,0x00,0x0c,0x54,0x2e,0x94,0x87,0x8b,0x8e,0x87,0x85,0x87,0x87,0x87,0x8b,0x8d,0x8b,0x8d,0x1a,0x2b,0x2e,0x8a,0x8b,0x89,0x8b,0x87,0x87,0x87,0x85,0x85,0x8e,0x8b,0x08,0x8a,0x0f,0x10,0x10,0x00,0x00,0x00,0x00,0x00,0x00,0x00,0x00,0x00,0x00,0x00,0x00,0x00,0x00,0x00,0x00,0x00,0x00,0x00,0x00,0x00,0x00,0x00,0x00,0x00,0x00,0x00,0x00,0x00,0x00,0x00,0x00,0x00,0x00,0x00,0x00,0x00,0x00,0x00,0x00,0x00,0x00,0x00,0x00,0x00,0x00,0x00,0x00,0x00,0x00,0x00,0x00,
    0x00,0x00,0x00,0x00,0x00,0x00,0x00,0x00,0x00,0x00,0x00,0x00,0x00,0x00,0x00,0x00,0x00,0x00,0x00,0x00,0x00,0x00,0x00,0x00,0x00,0x00,0x00,0x00,0x00,0x00,0x00,0x00,0x00,0x00,0x00,0x00,0x00,0x00,0x00,0x00,0x00,0x00,0x00,0x00,0x00,0x00,0x00,0x00,0x00,0x00,0x00,0x00,0x00,0x00,0x00,0x00,0x01,0x06,0x0a,0x1a,0x87,0x07,0x8d,0x8d,0x94,0x87,0x85,0x85,0x94,0x8a,0x89,0x0b,0x8e,0x34,0x13,0x1a,0x8e,0x89,0x89,0x85,0x87,0x85,0x85,0x94,0x8b,0x89,0x8e,0x45,0x8d,0x3d,0x00,0x10,0x00,0x00,0x00,0x00,0x00,0x00,0x00,0x00,0x00,0x00,0x00,0x00,0x00,0x00,0x00,0x00,0x00,0x00,0x00,0x00,0x00,0x00,0x00,0x00,0x00,0x00,0x00,0x00,0x00,0x00,0x00,0x00,0x00,0x00,0x00,0x00,0x00,0x00,0x00,0x00,0x00,0x00,0x00,0x00,0x00,0x00,0x00,0x00,0x00,0x00,0x00,0x00,
    0x00,0x00,0x00,0x00,0x00,0x00,0x00,0x00,0x00,0x00,0x00,0x00,0x00,0x00,0x00,0x00,0x00,0x00,0x00,0x00,0x00,0x00,0x00,0x00,0x00,0x00,0x00,0x00,0x00,0x00,0x00,0x00,0x00,0x00,0x00,0x00,0x00,0x00,0x00,0x00,0x00,0x00,0x00,0x00,0x00,0x00,0x00,0x00,0x00,0x00,0x00,0x00,0x00,0x00,0x00,0x00,0x00,0x05,0x00,0x12,0x8b,0x08,0x9b,0x89,0x89,0x8a,0x85,0x8b,0x8d,0x90,0x09,0x09,0x8a,0x3d,0x10,0x0f,0x8e,0x09,0x8d,0x90,0x8d,0x8b,0x8b,0x8d,0x89,0x8e,0x1c,0x08,0x8e,0x53,0x00,0x02,0x00,0x00,0x00,0x00,0x00,0x00,0x00,0x00,0x00,0x00,0x00,0x00,0x00,0x00,0x00,0x00,0x00,0x00,0x00,0x00,0x00,0x00,0x00,0x00,0x00,0x00,0x00,0x00,0x00,0x00,0x00,0x00,0x00,0x00,0x00,0x00,0x00,0x00,0x00,0x00,0x00,0x00,0x00,0x00,0x00,0x00,0x00,0x00,0x00,0x00,0x00,0x00,
    0x00,0x00,0x00,0x00,0x00,0x00,0x00,0x00,0x00,0x00,0x00,0x00,0x00,0x00,0x00,0x00,0x00,0x00,0x00,0x00,0x00,0x00,0x00,0x00,0x00,0x00,0x00,0x00,0x00,0x00,0x00,0x00,0x00,0x00,0x00,0x00,0x00,0x00,0x00,0x00,0x00,0x00,0x00,0x00,0x00,0x00,0x00,0x00,0x00,0x00,0x00,0x00,0x00,0x00,0x00,0x00,0x00,0x02,0x00,0x12,0x8d,0xa7,0xdf,0xbb,0xce,0x9b,0x8a,0x94,0xb4,0xbf,0xf8,0xbd,0x8b,0x5b,0x00,0x0f,0x89,0xdf,0xbf,0xbd,0xc3,0x8a,0x85,0x1c,0xbd,0xbf,0xd9,0x08,0x89,0x23,0x00,0x02,0x00,0x00,0x00,0x00,0x00,0x00,0x00,0x00,0x00,0x00,0x00,0x00,0x00,0x00,0x00,0x00,0x00,0x00,0x00,0x00,0x00,0x00,0x00,0x00,0x00,0x00,0x00,0x00,0x00,0x00,0x00,0x00,0x00,0x00,0x00,0x00,0x00,0x00,0x00,0x00,0x00,0x00,0x00,0x00,0x00,0x00,0x00,0x00,0x00,0x00,0x00,0x00,
    0x00,0x00,0x00,0x00,0x00,0x00,0x00,0x00,0x00,0x00,0x00,0x00,0x00,0x00,0x00,0x00,0x00,0x00,0x00,0x00,0x00,0x00,0x00,0x00,0x00,0x00,0x00,0x00,0x00,0x00,0x00,0x00,0x00,0x00,0x00,0x00,0x00,0x00,0x00,0x00,0x00,0x00,0x00,0x00,0x00,0x00,0x00,0x00,0x00,0x00,0x00,0x00,0x00,0x00,0x00,0x00,0x00,0x02,0x00,0x12,0x8b,0x0b,0xb4,0xc3,0xb4,0xd7,0xee,0xd7,0xbf,0xc3,0xbd,0x45,0x87,0x3d,0x01,0x22,0x8d,0x1c,0xce,0x1c,0xd7,0xee,0xee,0xd7,0xb4,0xb4,0x9b,0x0b,0x8e,0x23,0x00,0x02,0x00,0x00,0x00,0x00,0x00,0x00,0x00,0x00,0x00,0x00,0x00,0x00,0x00,0x00,0x00,0x00,0x00,0x00,0x00,0x00,0x00,0x00,0x00,0x00,0x00,0x00,0x00,0x00,0x00,0x00,0x00,0x00,0x00,0x00,0x00,0x00,0x00,0x00,0x00,0x00,0x00,0x00,0x00,0x00,0x00,0x00,0x00,0x00,0x00,0x00,0x00,0x00,
    0x00,0x00,0x00,0x00,0x00,0x00,0x00,0x00,0x00,0x00,0x00,0x00,0x00,0x00,0x00,0x00,0x00,0x00,0x00,0x00,0x00,0x00,0x00,0x00,0x00,0x00,0x00,0x00,0x00,0x00,0x00,0x00,0x00,0x00,0x00,0x00,0x00,0x00,0x00,0x00,0x00,0x00,0x00,0x00,0x00,0x00,0x00,0x00,0x00,0x00,0x00,0x00,0x00,0x00,0x00,0x00,0x00,0x02,0x00,0x12,0x8a,0x08,0x85,0xb4,0xbf,0xbf,0xb4,0xbd,0xd9,0xbd,0xc3,0x89,0x8e,0x0a,0x2b,0x0f,0x94,0x85,0xce,0xdf,0xf8,0xbd,0xce,0xf8,0xbb,0x1c,0x89,0x0b,0x8e,0x23,0x00,0x02,0x00,0x00,0x00,0x00,0x00,0x00,0x00,0x00,0x00,0x00,0x00,0x00,0x00,0x00,0x00,0x00,0x00,0x00,0x00,0x00,0x00,0x00,0x00,0x00,0x00,0x00,0x00,0x00,0x00,0x00,0x00,0x00,0x00,0x00,0x00,0x00,0x00,0x00,0x00,0x00,0x00,0x00,0x00,0x00,0x00,0x00,0x00,0x00,0x00,0x00,0x00,0x00,
    0x00,0x00,0x00,0x00,0x00,0x00,0x00,0x00,0x00,0x00,0x00,0x00,0x00,0x00,0x00,0x00,0x00,0x00,0x00,0x00,0x00,0x00,0x00,0x00,0x00,0x00,0x00,0x00,0x00,0x00,0x00,0x00,0x00,0x00,0x00,0x00,0x00,0x00,0x00,0x00,0x00,0x00,0x00,0x00,0x00,0x00,0x00,0x00,0x00,0x00,0x00,0x00,0x00,0x00,0x00,0x00,0x00,0x02,0x00,0x12,0x8b,0x0b,0xbb,0xef,0xbb,0x90,0x90,0x90,0xb4,0xd7,0xd9,0x89,0x8e,0x0a,0x10,0x5c,0x8d,0x09,0xef,0xc7,0x85,0x90,0x90,0x94,0xc7,0xef,0x1c,0x0b,0x8d,0x23,0x00,0x02,0x00,0x00,0x00,0x00,0x00,0x00,0x00,0x00,0x00,0x00,0x00,0x00,0x00,0x00,0x00,0x00,0x00,0x00,0x00,0x00,0x00,0x00,0x00,0x00,0x00,0x00,0x00,0x00,0x00,0x00,0x00,0x00,0x00,0x00,0x00,0x00,0x00,0x00,0x00,0x00,0x00,0x00,0x00,0x00,0x00,0x00,0x00,0x00,0x00,0x00,0x00,0x00,
    0x00,0x00,0x00,0x00,0x00,0x00,0x00,0x00,0x00,0x00,0x00,0x00,0x00,0x00,0x00,0x00,0x00,0x00,0x00,0x00,0x00,0x00,0x00,0x00,0x00,0x00,0x00,0x00,0x00,0x00,0x00,0x00,0x00,0x00,0x00,0x00,0x00,0x00,0x00,0x00,0x00,0x00,0x00,0x00,0x00,0x00,0x00,0x00,0x00,0x00,0x00,0x00,0x00,0x00,0x00,0x00,0x00,0x02,0x00,0x12,0x8b,0x08,0x1c,0x1c,0xf8,0xc7,0xc3,0xbf,0xef,0xc3,0x9b,0x8e,0x89,0x0a,0x00,0x23,0x89,0xa7,0xa7,0xbd,0xf8,0xb4,0x1c,0xc7,0xbb,0xa7,0xa7,0x8a,0x8b,0x23,0x00,0x02,0x00,0x00,0x00,0x00,0x00,0x00,0x00,0x00,0x00,0x00,0x00,0x00,0x00,0x00,0x00,0x00,0x00,0x00,0x00,0x00,0x00,0x00,0x00,0x00,0x00,0x00,0x00,0x00,0x00,0x00,0x00,0x00,0x00,0x00,0x00,0x00,0x00,0x00,0x00,0x00,0x00,0x00,0x00,0x00,0x00,0x00,0x00,0x00,0x00,0x00,0x00,0x00,
    0x00,0x00,0x00,0x00,0x00,0x00,0x00,0x00,0x00,0x00,0x00,0x00,0x00,0x00,0x00,0x00,0x00,0x00,0x00,0x00,0x00,0x00,0x00,0x00,0x00,0x00,0x00,0x00,0x00,0x00,0x00,0x00,0x00,0x00,0x00,0x00,0x00,0x00,0x00,0x00,0x00,0x00,0x00,0x00,0x00,0x00,0x00,0x00,0x00,0x00,0x00,0x00,0x00,0x00,0x00,0x00,0x00,0x02,0x00,0x12,0x8a,0x08,0x8a,0x90,0x87,0xe0,0xe0,0xee,0xc3,0x90,0x89,0x89,0x89,0x0a,0x01,0x0f,0x8a,0x08,0x8d,0x90,0xbf,0xe0,0xe0,0xbf,0x90,0x90,0x89,0x0b,0x8e,0x23,0x00,0x02,0x00,0x00,0x00,0x00,0x00,0x00,0x00,0x00,0x00,0x00,0x00,0x00,0x00,0x00,0x00,0x00,0x00,0x00,0x00,0x00,0x00,0x00,0x00,0x00,0x00,0x00,0x00,0x00,0x00,0x00,0x00,0x00,0x00,0x00,0x00,0x00,0x00,0x00,0x00,0x00,0x00,0x00,0x00,0x00,0x00,0x00,0x00,0x00,0x00,0x00,0x00,0x00,
    0x00,0x00,0x00,0x00,0x00,0x00,0x00,0x00,0x00,0x00,0x00,0x00,0x00,0x00,0x00,0x00,0x00,0x00,0x00,0x00,0x00,0x00,0x00,0x00,0x00,0x00,0x00,0x00,0x00,0x00,0x00,0x00,0x00,0x00,0x00,0x00,0x00,0x00,0x00,0x00,0x00,0x00,0x00,0x00,0x00,0x00,0x00,0x00,0x00,0x00,0x00,0x00,0x00,0x00,0x00,0x00,0x00,0x02,0x01,0x12,0x85,0x08,0x8b,0x1c,0xc7,0xc7,0x1c,0xbd,0xc7,0x1c,0x89,0x89,0x89,0x0a,0x00,0x0f,0x87,0x08,0x8a,0xbb,0xc7,0xb4,0xc3,0xdf,0xbb,0x85,0x8e,0x0b,0x8e,0x22,0x00,0x10,0x00,0x00,0x00,0x00,0x00,0x00,0x00,0x00,0x00,0x00,0x00,0x00,0x00,0x00,0x00,0x00,0x00,0x00,0x00,0x00,0x00,0x00,0x00,0x00,0x00,0x00,0x00,0x00,0x00,0x00,0x00,0x00,0x00,0x00,0x00,0x00,0x00,0x00,0x00,0x00,0x00,0x00,0x00,0x00,0x00,0x00,0x00,0x00,0x00,0x00,0x00,0x00,
    0x00,0x00,0x00,0x00,0x00,0x00,0x00,0x00,0x00,0x00,0x00,0x00,0x00,0x00,0x00,0x00,0x00,0x00,0x00,0x00,0x00,0x00,0x00,0x00,0x00,0x00,0x00,0x00,0x00,0x00,0x00,0x00,0x00,0x00,0x00,0x00,0x00,0x00,0x00,0x00,0x00,0x00,0x00,0x00,0x00,0x00,0x00,0x00,0x00,0x00,0x00,0x00,0x00,0x00,0x00,0x00,0x00,0x02,0x00,0x34,0x94,0x8a,0x1c,0xe0,0xbf,0x89,0x89,0x90,0xce,0xe0,0xb4,0x8e,0x8b,0x13,0x2a,0x34,0x8a,0x0b,0xdf,0xef,0x9b,0x90,0x90,0xa7,0xef,0xc7,0x8e,0x08,0x87,0x0f,0x00,0x10,0x00,0x00,0x00,0x00,0x00,0x00,0x00,0x00,0x00,0x00,0x00,0x00,0x00,0x00,0x00,0x00,0x00,0x00,0x00,0x00,0x00,0x00,0x00,0x00,0x00,0x00,0x00,0x00,0x00,0x00,0x00,0x00,0x00,0x00,0x00,0x00,0x00,0x00,0x00,0x00,0x00,0x00,0x00,0x00,0x00,0x00,0x00,0x00,0x00,0x00,0x00,0x00,
    0x00,0x00,0x00,0x00,0x00,0x00,0x00,0x00,0x00,0x00,0x00,0x00,0x00,0x00,0x00,0x00,0x00,0x00,0x00,0x00,0x00,0x00,0x00,0x00,0x00,0x00,0x00,0x00,0x00,0x00,0x00,0x00,0x00,0x00,0x00,0x00,0x00,0x00,0x00,0x00,0x00,0x00,0x00,0x00,0x00,0x00,0x00,0x00,0x00,0x00,0x00,0x00,0x00,0x00,0x00,0x00,0x01,0x01,0x13,0x1d,0x94,0x8b,0x8d,0xa7,0xbf,0xdf,0xb4,0xbf,0xdf,0xb4,0x85,0x08,0x94,0x21,0x53,0x12,0x8e,0x0b,0x85,0xce,0xc7,0xbd,0xbd,0xc7,0xbd,0x9b,0x85,0x45,0x87,0x0f,0x00,0x10,0x00,0x00,0x00,0x00,0x00,0x00,0x00,0x00,0x00,0x00,0x00,0x00,0x00,0x00,0x00,0x00,0x00,0x00,0x00,0x00,0x00,0x00,0x00,0x00,0x00,0x00,0x00,0x00,0x00,0x00,0x00,0x00,0x00,0x00,0x00,0x00,0x00,0x00,0x00,0x00,0x00,0x00,0x00,0x00,0x00,0x00,0x00,0x00,0x00,0x00,0x00,0x00,
    0x00,0x00,0x00,0x00,0x00,0x00,0x00,0x00,0x00,0x00,0x00,0x00,0x00,0x00,0x00,0x00,0x00,0x00,0x00,0x00,0x00,0x00,0x00,0x00,0x00,0x00,0x00,0x00,0x00,0x00,0x00,0x00,0x00,0x00,0x00,0x00,0x00,0x00,0x00,0x00,0x00,0x00,0x00,0x00,0x00,0x00,0x00,0x00,0x00,0x00,0x00,0x00,0x00,0x00,0x00,0x00,0x05,0x00,0x0a,0x8d,0x8a,0x89,0x89,0x90,0x9b,0xc7,0xc7,0xd7,0xb4,0x90,0x89,0x08,0x94,0x3d,0x0a,0x12,0x8e,0x0b,0x90,0x8b,0xd9,0xd7,0xd7,0xbd,0x8a,0x89,0x8a,0x8b,0x85,0x0f,0x00,0x10,0x00,0x00,0x00,0x00,0x00,0x00,0x00,0x00,0x00,0x00,0x00,0x00,0x00,0x00,0x00,0x00,0x00,0x00,0x00,0x00,0x00,0x00,0x00,0x00,0x00,0x00,0x00,0x00,0x00,0x00,0x00,0x00,0x00,0x00,0x00,0x00,0x00,0x00,0x00,0x00,0x00,0x00,0x00,0x00,0x00,0x00,0x00,0x00,0x00,0x00,0x00,0x00,
    0x00,0x00,0x00,0x00,0x00,0x00,0x00,0x00,0x00,0x00,0x00,0x00,0x00,0x00,0x00,0x00,0x00,0x00,0x00,0x00,0x00,0x00,0x00,0x00,0x00,0x00,0x00,0x00,0x00,0x00,0x00,0x00,0x00,0x00,0x00,0x00,0x00,0x00,0x00,0x00,0x00,0x00,0x00,0x00,0x00,0x00,0x00,0x00,0x00,0x00,0x00,0x00,0x00,0x00,0x00,0x00,0x05,0x00,0x0a,0x8d,0x8a,0x89,0x8b,0xdf,0xee,0xbf,0xc3,0xce,0xd7,0xc7,0xa7,0x0b,0x94,0x21,0x53,0x29,0x8a,0x8d,0xbf,0xee,0xd7,0xb4,0xb4,0xc7,0xd7,0xce,0x89,0x0b,0x8b,0x0f,0x00,0x10,0x00,0x00,0x00,0x00,0x00,0x00,0x00,0x00,0x00,0x00,0x00,0x00,0x00,0x00,0x00,0x00,0x00,0x00,0x00,0x00,0x00,0x00,0x00,0x00,0x00,0x00,0x00,0x00,0x00,0x00,0x00,0x00,0x00,0x00,0x00,0x00,0x00,0x00,0x00,0x00,0x00,0x00,0x00,0x00,0x00,0x00,0x00,0x00,0x00,0x00,0x00,0x00,
    0x00,0x00,0x00,0x00,0x00,0x00,0x00,0x00,0x00,0x00,0x00,0x00,0x00,0x00,0x00,0x00,0x00,0x00,0x00,0x00,0x00,0x00,0x00,0x00,0x00,0x00,0x00,0x00,0x00,0x00,0x00,0x00,0x00,0x00,0x00,0x00,0x00,0x00,0x00,0x00,0x00,0x00,0x00,0x00,0x00,0x00,0x00,0x00,0x00,0x00,0x00,0x00,0x00,0x00,0x00,0x00,0x05,0x00,0x0a,0x8d,0x94,0x89,0xb4,0xbf,0xc3,0xbd,0xbf,0xbb,0xb4,0xb4,0xce,0x0b,0x8d,0x22,0x2a,0x1d,0x85,0x9b,0xdf,0xb4,0xbd,0xbf,0xdf,0xce,0xc3,0xbb,0x8b,0x8a,0x8b,0x34,0x10,0x02,0x00,0x00,0x00,0x00,0x00,0x00,0x00,0x00,0x00,0x00,0x00,0x00,0x00,0x00,0x00,0x00,0x00,0x00,0x00,0x00,0x00,0x00,0x00,0x00,0x00,0x00,0x00,0x00,0x00,0x00,0x00,0x00,0x00,0x00,0x00,0x00,0x00,0x00,0x00,0x00,0x00,0x00,0x00,0x00,0x00,0x00,0x00,0x00,0x00,0x00,0x00,0x00,
    0x00,0x00,0x00,0x00,0x00,0x00,0x00,0x00,0x00,0x00,0x00,0x00,0x00,0x00,0x00,0x00,0x00,0x00,0x00,0x00,0x00,0x00,0x00,0x00,0x00,0x00,0x00,0x00,0x00,0x00,0x00,0x00,0x00,0x00,0x00,0x00,0x00,0x00,0x00,0x00,0x00,0x00,0x00,0x00,0x00,0x00,0x00,0x00,0x00,0x00,0x00,0x00,0x00,0x00,0x00,0x00,0x02,0x00,0x46,0x89,0x08,0x8e,0x89,0x90,0x90,0x89,0x89,0x8e,0x89,0x90,0x89,0x0b,0x89,0x29,0x0a,0x0b,0x8d,0x8e,0x90,0x90,0x89,0x89,0x89,0x89,0x90,0x90,0x89,0x8a,0x87,0x2e,0x2a,0x00,0x01,0x00,0x00,0x00,0x00,0x00,0x00,0x00,0x00,0x00,0x00,0x00,0x00,0x00,0x00,0x00,0x00,0x00,0x00,0x00,0x00,0x00,0x00,0x00,0x00,0x00,0x00,0x00,0x00,0x00,0x00,0x00,0x00,0x00,0x00,0x00,0x00,0x00,0x00,0x00,0x00,0x00,0x00,0x00,0x00,0x00,0x00,0x00,0x00,0x00,0x00,0x00,
    0x00,0x00,0x00,0x00,0x00,0x00,0x00,0x00,0x00,0x00,0x00,0x00,0x00,0x00,0x00,0x00,0x00,0x00,0x00,0x00,0x00,0x00,0x00,0x00,0x00,0x00,0x00,0x00,0x00,0x00,0x00,0x00,0x00,0x00,0x00,0x00,0x00,0x00,0x00,0x00,0x00,0x00,0x00,0x00,0x00,0x00,0x00,0x00,0x00,0x00,0x00,0x00,0x00,0x00,0x00,0x00,0x10,0x00,0x5b,0x85,0x45,0x8b,0x8b,0x8b,0x8a,0x8a,0x8a,0x8a,0x8a,0x8d,0x8e,0x89,0x8e,0x1d,0x0f,0x8e,0x8e,0x89,0x8e,0x8e,0x8e,0x8d,0x8d,0x8d,0x8a,0x8b,0x8b,0x07,0x87,0x2e,0x2a,0x00,0x01,0x00,0x00,0x00,0x00,0x00,0x00,0x00,0x00,0x00,0x00,0x00,0x00,0x00,0x00,0x00,0x00,0x00,0x00,0x00,0x00,0x00,0x00,0x00,0x00,0x00,0x00,0x00,0x00,0x00,0x00,0x00,0x00,0x00,0x00,0x00,0x00,0x00,0x00,0x00,0x00,0x00,0x00,0x00,0x00,0x00,0x00,0x00,0x00,0x00,0x00,0x00,
    0x00,0x00,0x00,0x00,0x00,0x00,0x00,0x00,0x00,0x00,0x00,0x00,0x00,0x00,0x00,0x00,0x00,0x00,0x00,0x00,0x00,0x00,0x00,0x00,0x00,0x00,0x00,0x00,0x00,0x00,0x00,0x00,0x00,0x00,0x00,0x00,0x00,0x00,0x00,0x00,0x00,0x00,0x00,0x00,0x00,0x00,0x00,0x00,0x00,0x00,0x00,0x00,0x00,0x00,0x00,0x00,0x10,0x00,0x3d,0x85,0x45,0x87,0x94,0x87,0x87,0x94,0x94,0x8b,0x8b,0x85,0x89,0x8e,0x8d,0x94,0x08,0x8e,0x8d,0x89,0x89,0x89,0x8e,0x8d,0x8d,0x8b,0x87,0x87,0x87,0x94,0x8b,0x2e,0x2b,0x00,0x01,0x00,0x00,0x00,0x00,0x00,0x00,0x00,0x00,0x00,0x00,0x00,0x00,0x00,0x00,0x00,0x00,0x00,0x00,0x00,0x00,0x00,0x00,0x00,0x00,0x00,0x00,0x00,0x00,0x00,0x00,0x00,0x00,0x00,0x00,0x00,0x00,0x00,0x00,0x00,0x00,0x00,0x00,0x00,0x00,0x00,0x00,0x00,0x00,0x00,0x00,0x00,
    0x00,0x00,0x00,0x00,0x00,0x00,0x00,0x00,0x00,0x00,0x00,0x00,0x00,0x00,0x00,0x00,0x00,0x00,0x00,0x00,0x00,0x00,0x00,0x00,0x00,0x00,0x00,0x00,0x00,0x00,0x00,0x00,0x00,0x00,0x00,0x00,0x00,0x00,0x00,0x00,0x00,0x00,0x00,0x00,0x00,0x00,0x00,0x00,0x00,0x00,0x00,0x00,0x00,0x00,0x00,0x00,0x10,0x00,0x3d,0x8e,0x08,0x8a,0x8a,0x8a,0x8b,0x8a,0x8d,0x8e,0x8a,0x8b,0x8a,0x8a,0x8a,0x07,0xcc,0x8d,0x87,0x87,0x8a,0x89,0x89,0x89,0x89,0x8a,0x8b,0x85,0x85,0x07,0x8d,0x2e,0x13,0x00,0x01,0x00,0x00,0x00,0x00,0x00,0x00,0x00,0x00,0x00,0x00,0x00,0x00,0x00,0x00,0x00,0x00,0x00,0x00,0x00,0x00,0x00,0x00,0x00,0x00,0x00,0x00,0x00,0x00,0x00,0x00,0x00,0x00,0x00,0x00,0x00,0x00,0x00,0x00,0x00,0x00,0x00,0x00,0x00,0x00,0x00,0x00,0x00,0x00,0x00,0x00,0x00,
    0x00,0x00,0x00,0x00,0x00,0x00,0x00,0x00,0x00,0x00,0x00,0x00,0x00,0x00,0x00,0x00,0x00,0x00,0x00,0x00,0x00,0x00,0x00,0x00,0x00,0x00,0x00,0x00,0x00,0x00,0x00,0x00,0x00,0x00,0x00,0x00,0x00,0x00,0x00,0x00,0x00,0x00,0x00,0x00,0x00,0x00,0x00,0x00,0x00,0x00,0x00,0x00,0x00,0x00,0x00,0x00,0x10,0x00,0x3d,0x8b,0x0b,0x89,0x89,0x89,0x89,0x89,0x89,0x89,0x89,0x89,0x89,0x8e,0x89,0x8b,0x09,0x8d,0x8d,0x8a,0x8d,0x89,0x89,0x8d,0x8b,0x8a,0x8d,0x8d,0x8d,0x8d,0x0b,0x2e,0x21,0x01,0x00,0x00,0x00,0x00,0x00,0x00,0x00,0x00,0x00,0x00,0x00,0x00,0x00,0x00,0x00,0x00,0x00,0x00,0x00,0x00,0x00,0x00,0x00,0x00,0x00,0x00,0x00,0x00,0x00,0x00,0x00,0x00,0x00,0x00,0x00,0x00,0x00,0x00,0x00,0x00,0x00,0x00,0x00,0x00,0x00,0x00,0x00,0x00,0x00,0x00,0x00,0x00,
    0x00,0x00,0x00,0x00,0x00,0x00,0x00,0x00,0x00,0x00,0x00,0x00,0x00,0x00,0x00,0x00,0x00,0x00,0x00,0x00,0x00,0x00,0x00,0x00,0x00,0x00,0x00,0x00,0x00,0x00,0x00,0x00,0x00,0x00,0x00,0x00,0x00,0x00,0x00,0x00,0x00,0x00,0x00,0x00,0x00,0x00,0x00,0x00,0x00,0x00,0x00,0x00,0x00,0x00,0x00,0x00,0x10,0x00,0x3d,0x94,0x45,0x94,0x8b,0x8d,0x8d,0x8d,0x8d,0x8e,0x89,0x8e,0x8d,0x8a,0x8a,0x9b,0x1d,0x9b,0x8b,0x8d,0x8e,0x8e,0x8e,0x8a,0x8d,0x8d,0x8d,0x8d,0x8a,0x07,0x9b,0x1d,0x21,0x01,0x00,0x00,0x00,0x00,0x00,0x00,0x00,0x00,0x00,0x00,0x00,0x00,0x00,0x00,0x00,0x00,0x00,0x00,0x00,0x00,0x00,0x00,0x00,0x00,0x00,0x00,0x00,0x00,0x00,0x00,0x00,0x00,0x00,0x00,0x00,0x00,0x00,0x00,0x00,0x00,0x00,0x00,0x00,0x00,0x00,0x00,0x00,0x00,0x00,0x00,0x00,0x00,
    0x00,0x00,0x00,0x00,0x00,0x00,0x00,0x00,0x00,0x00,0x00,0x00,0x00,0x00,0x00,0x00,0x00,0x00,0x00,0x00,0x00,0x00,0x00,0x00,0x00,0x00,0x00,0x00,0x00,0x00,0x00,0x00,0x00,0x00,0x00,0x00,0x00,0x00,0x00,0x00,0x00,0x00,0x00,0x00,0x00,0x00,0x00,0x00,0x00,0x00,0x00,0x00,0x00,0x00,0x00,0x00,0x10,0x00,0x3d,0x9b,0x09,0x09,0x09,0x09,0xa7,0xa7,0x9b,0x85,0x94,0x9b,0x09,0x09,0xa7,0x09,0x34,0x09,0x09,0xa7,0xa7,0x9b,0x9b,0x9b,0x94,0x94,0xa7,0xa7,0xa7,0x45,0x9b,0x45,0x5b,0x01,0x01,0x00,0x00,0x00,0x00,0x00,0x00,0x00,0x00,0x00,0x00,0x00,0x00,0x00,0x00,0x00,0x00,0x00,0x00,0x00,0x00,0x00,0x00,0x00,0x00,0x00,0x00,0x00,0x00,0x00,0x00,0x00,0x00,0x00,0x00,0x00,0x00,0x00,0x00,0x00,0x00,0x00,0x00,0x00,0x00,0x00,0x00,0x00,0x00,0x00,0x00,0x00,
    0x00,0x00,0x00,0x00,0x00,0x00,0x00,0x00,0x00,0x00,0x00,0x00,0x00,0x00,0x00,0x00,0x00,0x00,0x00,0x00,0x00,0x00,0x00,0x00,0x00,0x00,0x00,0x00,0x00,0x00,0x00,0x00,0x00,0x00,0x00,0x00,0x00,0x00,0x00,0x00,0x00,0x00,0x00,0x00,0x00,0x00,0x00,0x00,0x00,0x00,0x00,0x00,0x00,0x00,0x00,0x00,0x01,0x01,0x13,0x1d,0xa7,0x09,0x09,0x09,0x09,0xa7,0x94,0x94,0x9b,0xa7,0x09,0xa7,0x09,0x09,0x0f,0x45,0xa7,0x09,0xa7,0xa7,0xa7,0xa7,0xa7,0xa7,0x09,0x09,0xa7,0xa7,0x94,0x12,0x46,0x00,0x05,0x00,0x00,0x00,0x00,0x00,0x00,0x00,0x00,0x00,0x00,0x00,0x00,0x00,0x00,0x00,0x00,0x00,0x00,0x00,0x00,0x00,0x00,0x00,0x00,0x00,0x00,0x00,0x00,0x00,0x00,0x00,0x00,0x00,0x00,0x00,0x00,0x00,0x00,0x00,0x00,0x00,0x00,0x00,0x00,0x00,0x00,0x00,0x00,0x00,0x00,0x00,
    0x00,0x00,0x00,0x00,0x00,0x00,0x00,0x00,0x00,0x00,0x00,0x00,0x00,0x00,0x00,0x00,0x00,0x00,0x00,0x00,0x00,0x00,0x00,0x00,0x00,0x00,0x00,0x00,0x00,0x00,0x00,0x00,0x00,0x00,0x00,0x00,0x00,0x00,0x00,0x00,0x00,0x00,0x00,0x00,0x00,0x00,0x00,0x00,0x00,0x00,0x00,0x00,0x00,0x00,0x00,0x00,0x00,0x05,0x00,0x0a,0x0f,0x29,0x1d,0x94,0xd3,0xa7,0xa7,0xa7,0xa7,0x9b,0x12,0x34,0x22,0x22,0x13,0x53,0x34,0x1d,0x94,0x9b,0x9b,0x9b,0x94,0x9b,0xa7,0x94,0x29,0x0f,0x46,0x10,0x00,0x00,0x00,0x00,0x00,0x00,0x00,0x00,0x00,0x00,0x00,0x00,0x00,0x00,0x00,0x00,0x00,0x00,0x00,0x00,0x00,0x00,0x00,0x00,0x00,0x00,0x00,0x00,0x00,0x00,0x00,0x00,0x00,0x00,0x00,0x00,0x00,0x00,0x00,0x00,0x00,0x00,0x00,0x00,0x00,0x00,0x00,0x00,0x00,0x00,0x00,0x00,0x00,0x00,
    0x00,0x00,0x00,0x00,0x00,0x00,0x00,0x00,0x00,0x00,0x00,0x00,0x00,0x00,0x00,0x00,0x00,0x00,0x00,0x00,0x00,0x00,0x00,0x00,0x00,0x00,0x00,0x00,0x00,0x00,0x00,0x00,0x00,0x00,0x00,0x00,0x00,0x00,0x00,0x00,0x00,0x00,0x00,0x00,0x00,0x00,0x00,0x00,0x00,0x00,0x00,0x00,0x00,0x00,0x00,0x00,0x00,0x00,0x01,0x00,0x00,0x2b,0x13,0x0a,0x0a,0x0a,0x0a,0x0a,0x0a,0x0a,0x00,0x00,0x00,0x00,0x00,0x00,0x00,0x13,0x0a,0x0a,0x0a,0x0a,0x0a,0x0a,0x0a,0x0a,0x00,0x00,0x00,0x00,0x01,0x00,0x00,0x00,0x00,0x00,0x00,0x00,0x00,0x00,0x00,0x00,0x00,0x00,0x00,0x00,0x00,0x00,0x00,0x00,0x00,0x00,0x00,0x00,0x00,0x00,0x00,0x00,0x00,0x00,0x00,0x00,0x00,0x00,0x00,0x00,0x00,0x00,0x00,0x00,0x00,0x00,0x00,0x00,0x00,0x00,0x00,0x00,0x00,0x00,0x00,0x00,0x00,0x00,
    0x00,0x00,0x00,0x00,0x00,0x00,0x00,0x00,0x00,0x00,0x00,0x00,0x00,0x00,0x00,0x00,0x00,0x00,0x00,0x00,0x00,0x00,0x00,0x00,0x00,0x00,0x00,0x00,0x00,0x00,0x00,0x00,0x00,0x00,0x00,0x00,0x00,0x00,0x00,0x00,0x00,0x00,0x00,0x00,0x00,0x00,0x00,0x00,0x00,0x00,0x00,0x00,0x00,0x00,0x00,0x00,0x00,0x00,0x00,0x05,0x02,0x00,0x00,0x00,0x00,0x00,0x00,0x00,0x00,0x00,0x03,0x02,0x02,0x10,0x01,0x02,0x02,0x00,0x00,0x00,0x00,0x00,0x00,0x00,0x00,0x00,0x00,0x02,0x10,0x01,0x00,0x00,0x00,0x00,0x00,0x00,0x00,0x00,0x00,0x00,0x00,0x00,0x00,0x00,0x00,0x00,0x00,0x00,0x00,0x00,0x00,0x00,0x00,0x00,0x00,0x00,0x00,0x00,0x00,0x00,0x00,0x00,0x00,0x00,0x00,0x00,0x00,0x00,0x00,0x00,0x00,0x00,0x00,0x00,0x00,0x00,0x00,0x00,0x00,0x00,0x00,0x00,0x00,0x00,

};

const lv_image_dsc_t passport_pet_review_5 = {
  .header = {
    .magic = LV_IMAGE_HEADER_MAGIC,
    .cf = LV_COLOR_FORMAT_I8,
    .flags = 0,
    .w = 144,
    .h = 156,
    .stride = 144,
    .reserved_2 = 0,
  },
  .data_size = sizeof(passport_pet_review_5_map),
  .data = passport_pet_review_5_map,
  .reserved = NULL,
};
