
#if defined(LV_LVGL_H_INCLUDE_SIMPLE)
#include "lvgl.h"
#elif defined(LV_LVGL_H_INCLUDE_SYSTEM)
#include <lvgl.h>
#elif defined(LV_BUILD_TEST)
#include "../lvgl.h"
#else
#include "lvgl/lvgl.h"
#endif

#ifndef LV_ATTRIBUTE_MEM_ALIGN
#define LV_ATTRIBUTE_MEM_ALIGN
#endif

#ifndef LV_ATTRIBUTE_PASSPORT_PET_WAVING_0
#define LV_ATTRIBUTE_PASSPORT_PET_WAVING_0
#endif

static const
LV_ATTRIBUTE_MEM_ALIGN LV_ATTRIBUTE_LARGE_CONST LV_ATTRIBUTE_PASSPORT_PET_WAVING_0
uint8_t passport_pet_waving_0_map[] = {

    0x4c,0x70,0x47,0x00,0x0e,0x00,0x0b,0x02,0xcb,0xd6,0xd6,0x02,0xf8,0xff,0xf0,0x01,
    0x12,0x00,0x17,0x01,0x1a,0x17,0x19,0xfd,0xd3,0xdf,0xe2,0x04,0x85,0x7f,0x85,0x02,
    0x27,0x20,0x21,0xfe,0xf6,0xfa,0xfe,0xfe,0x1a,0x15,0x18,0xd2,0xe5,0xf0,0xf0,0x14,
    0x18,0x12,0x14,0x36,0x1c,0x16,0x18,0x86,0x1a,0x15,0x16,0x27,0xb4,0xbd,0xc7,0xfe,
    0xe0,0xe5,0xe9,0x0a,0x26,0x21,0x24,0x0a,0xe0,0xeb,0xec,0x8a,0xe0,0xea,0xec,0x4a,
    0x17,0x11,0x13,0xa3,0xdc,0xe8,0xe9,0x3a,0xc8,0xe1,0xef,0xfe,0x20,0x1c,0x1e,0x1d,
    0xef,0xf4,0xf6,0x27,0xfe,0xb9,0x02,0xfd,0x18,0x13,0x15,0xc1,0x1b,0x15,0x17,0x94,
    0x14,0x0f,0x11,0x52,0x15,0x0f,0x11,0x44,0x32,0x35,0x37,0x05,0x14,0x0e,0x10,0x72,
    0x16,0x11,0x14,0xe8,0xef,0xf6,0xf9,0xdc,0x9d,0xa2,0xac,0xfd,0x21,0x1a,0x1c,0xf9,
    0xeb,0xf4,0xf8,0xd0,0x0e,0x0c,0x0e,0xfc,0x99,0xa5,0xb4,0xff,0xc5,0xd6,0xe2,0xfe,
    0xb2,0xba,0xc5,0x2a,0xed,0xf1,0xf4,0x6d,0x0e,0x0a,0x0d,0xda,0xf1,0xf6,0xf9,0x56,
    0x10,0x09,0x0b,0xfd,0xf7,0xfa,0xfd,0xef,0x17,0x11,0x13,0x63,0xd6,0xea,0xf6,0xfd,
    0xaf,0xb7,0xbd,0x40,0xb5,0xc9,0xca,0xae,0x6d,0x72,0x7a,0xfe,0xd5,0xe4,0xe8,0xbd,
    0xb6,0xca,0xcd,0x6c,0xf9,0xfa,0xfd,0xb9,0x14,0x0e,0x11,0xb4,0xef,0xf7,0xf9,0xa6,
    0xa7,0xaf,0xb6,0xa8,0x87,0x8c,0x60,0x2a,0x7a,0x87,0x8a,0x52,0x96,0xa7,0xa8,0x1d,
    0x8a,0x8f,0x91,0x3a,0x24,0x20,0x23,0x12,0xd0,0xdd,0xe4,0xd8,0xe8,0xf2,0xf8,0xf6,
    0x9a,0xa9,0xbd,0xfe,0xc1,0xd0,0xd7,0xc4,0x87,0x90,0xc1,0xfe,0xa0,0xb3,0xb8,0x84,
    0xda,0xe5,0xea,0xe7,0xa6,0xbd,0xbe,0x5f,0xc0,0xd3,0xd5,0x7a,0x80,0x81,0x84,0xfd,
    0xf8,0xfb,0xfd,0xe3,0xec,0xf6,0xf6,0x94,0x5f,0x68,0x84,0xfe,0x1e,0x26,0x28,0x03,
    0x8b,0x92,0x9e,0xbd,0x95,0xa0,0xcf,0xfc,0x86,0x97,0x9b,0xa0,0xe2,0xf0,0xf2,0xc2,
    0x23,0x1e,0x1f,0xf0,0xb4,0xc6,0xcc,0xe2,0xa9,0xbe,0xc0,0x50,0xa1,0xb2,0xbc,0xd7,
    0x8a,0x95,0x9a,0x7c,0x92,0xa5,0xaa,0xd3,0xdb,0xeb,0xf2,0xed,0xbd,0xdd,0xe2,0xea,
    0xa8,0xbb,0xc3,0xdf,0x9c,0xc5,0xbf,0x8f,0x1a,0x14,0x17,0xdb,0x12,0x0e,0x11,0xf3,
    0xb3,0xce,0xd5,0xf3,0x98,0xa2,0x79,0x14,0x55,0x5b,0x6f,0xfc,0xc5,0xcf,0xd2,0xe7,
    0xce,0xe3,0xe2,0xac,0xb1,0x92,0x06,0xd8,0xe3,0xee,0xf3,0xf4,0x8d,0x97,0x9a,0xd1,
    0x24,0x1d,0x21,0xb4,0x7d,0x98,0x98,0x68,0x9f,0xd8,0xd2,0xdf,0xc4,0x9c,0x03,0x40,
    0xd3,0x9d,0x0a,0xb4,0x63,0x63,0x6b,0xc2,0x6d,0x75,0x78,0xcb,0xf4,0xa8,0x02,0xf2,
    0x56,0x5e,0x66,0x73,0x7c,0x88,0x9a,0xfb,0xb5,0x96,0x06,0x76,0x45,0x47,0x4a,0xde,
    0x5e,0x68,0x84,0xe0,0x47,0x50,0x55,0xb3,0xf1,0xbc,0x05,0x8e,0xe2,0xa4,0x17,0xef,
    0x8a,0x99,0xb4,0xf6,0x3e,0x2b,0x18,0x52,0x73,0x91,0x05,0x99,0x22,0x1b,0x1d,0xff,
    0xce,0xea,0xfb,0xff,0xf3,0xf8,0xfd,0xff,0x18,0x15,0x17,0xff,0x1e,0x19,0x1b,0xff,
    0x1a,0x16,0x18,0xff,0x1c,0x18,0x1a,0xff,0x13,0x10,0x13,0xff,0x16,0x12,0x15,0xff,
    0x11,0x0e,0x10,0xff,0xf2,0xf6,0xfc,0xff,0x0c,0x0a,0x0d,0xff,0x22,0x1c,0x1d,0xff,
    0xf1,0xf5,0xfb,0xff,0xcc,0xe9,0xfa,0xff,0x08,0x07,0x09,0xff,0xf7,0xaa,0x02,0xff,
    0xff,0xff,0xff,0xff,0x2a,0x25,0x26,0xff,0xe5,0xea,0xf7,0xff,0xd2,0xee,0xfe,0xff,
    0x02,0x01,0x03,0xff,0x24,0x1c,0x1f,0xff,0xd4,0xf1,0xfe,0xff,0xd1,0xed,0xfc,0xff,
    0xd7,0xf4,0xff,0xff,0xf7,0xfb,0xff,0xff,0xf4,0xa7,0x02,0xff,0x24,0x1e,0x22,0xff,
    0xf9,0xfd,0xff,0xff,0xfd,0xb0,0x02,0xff,0xeb,0xee,0xf7,0xff,0xe2,0xf3,0xfd,0xff,
    0xdc,0xf7,0xff,0xff,0xed,0xf3,0xfb,0xff,0xfb,0xff,0xff,0xff,0xe2,0xe6,0xee,0xff,
    0xd9,0xef,0xfc,0xff,0xd9,0xdf,0xe7,0xff,0xbf,0xc9,0xf5,0xff,0xd9,0xe3,0xf5,0xff,
    0xd0,0xd6,0xdf,0xff,0xc6,0xe4,0xf7,0xff,0xb9,0xca,0xde,0xff,0xb7,0xd2,0xe2,0xff,
    0xc9,0x83,0x05,0xff,0xc9,0xcf,0xd7,0xff,0x39,0x1f,0x25,0xff,0xa9,0xae,0xb8,0xff,
    0xe8,0xfc,0xff,0xff,0x96,0x96,0x9d,0xff,0x9e,0x4f,0x61,0xff,0xf3,0xa2,0x02,0xff,
    0xb4,0xc5,0xd2,0xff,0xbf,0xc3,0xcd,0xff,0x8e,0x9d,0xac,0xff,0xb3,0x5b,0x70,0xff,
    0xdd,0xfb,0xff,0xff,0x9d,0xb0,0xc1,0xff,0x86,0x40,0x4e,0xff,0xc3,0xdc,0xea,0xff,
    0x60,0x35,0x40,0xff,0x30,0x2e,0x34,0xff,0xee,0x99,0x02,0xff,0xab,0xbf,0xd0,0xff,
    0x83,0x57,0x29,0xff,0x6e,0x43,0x4c,0xff,0xe1,0x8d,0x02,0xff,0x7f,0x8b,0xac,0xff,
    0x46,0x27,0x2b,0xff,0x64,0x66,0x6e,0xff,0xb1,0xb6,0xbe,0xff,0xfd,0xaa,0x00,0xff,
    0x25,0x13,0x17,0xff,0x85,0x51,0x5d,0xff,0xf4,0x54,0x74,0xff,0x86,0x95,0xa6,0xff,
    0x89,0x88,0x8f,0xff,0xaa,0x73,0x12,0xff,0xc4,0x4e,0x01,0xff,0xc5,0xca,0xd0,0xff,
    0xa7,0xaa,0xaf,0xfe,0x4c,0x4e,0x58,0xff,0x73,0x7d,0x8d,0xff,0xd5,0x76,0x01,0xff,
    0x9c,0x40,0x57,0xff,0x58,0x3c,0x0c,0xff,0x6a,0x77,0xa5,0xff,0x53,0x2d,0x36,0xff,
    0xcc,0x5f,0x7c,0xff,0xc1,0xbd,0xc2,0xff,0xb0,0x42,0x01,0xff,0xa6,0xa2,0x6e,0xff,
    0x5a,0x57,0x5b,0xff,0x87,0x8e,0x98,0xff,0x9e,0xb8,0xcb,0xff,0x91,0x3b,0x07,0xff,
    0xd3,0xda,0xf8,0xff,0xb1,0x90,0x3d,0xff,0xbf,0xd7,0xee,0xff,0xcd,0x90,0x09,0xff,
    0xa5,0x90,0x64,0xff,0x2c,0x1c,0x0f,0xff,0xbe,0x8b,0x1e,0xff,0xae,0x64,0x08,0xff,
    0x40,0x43,0x50,0xff,0x75,0x38,0x48,0xff,0xe5,0x70,0x8e,0xff,0x84,0x75,0x75,0xff,
    0xa9,0xb4,0xc7,0xff,0xb3,0xbc,0xfc,0xff,0xe5,0xa0,0x05,0xff,0x3f,0x3c,0x41,0xff,
    0x48,0x32,0x37,0xff,0xce,0x43,0x5f,0xff,0x8d,0x63,0x70,0xff,0xc0,0x6b,0x7d,0xff,
    0xa9,0x81,0x23,0xff,0x98,0x76,0x84,0xff,0xd0,0x61,0x00,0xff,0xf7,0xd7,0xdb,0xff,
    0xf6,0xae,0xb0,0xff,0xe9,0x8f,0x98,0xff,0x9b,0xaa,0xe1,0xff,0xb1,0xbc,0xe5,0xff,
    0x92,0x63,0x0e,0xff,0xaa,0xa7,0x91,0xff,0x06,0xe0,0xfd,0xff,0x8a,0x6a,0x56,0xff,
    0x44,0x82,0x6d,0xff,0x13,0x8b,0xa4,0xff,0x38,0x65,0x5b,0xff,0x05,0xbc,0xde,0xff,
    0xde,0x9a,0x0e,0xff,0x5e,0x70,0x34,0xff,0xbe,0xba,0xa9,0xff,0x06,0xa5,0xc8,0xff,

    0x00,0x00,0x00,0x00,0x00,0x00,0x00,0x00,0x00,0x00,0x00,0x00,0x00,0x00,0x00,0x00,0x00,0x00,0x00,0x00,0x00,0x00,0x00,0x00,0x00,0x00,0x00,0x00,0x00,0x00,0x00,0x00,0x00,0x00,0x00,0x00,0x00,0x00,0x00,0x00,0x00,0x00,0x00,0x00,0x00,0x00,0x00,0x00,0x00,0x00,0x00,0x00,0x00,0x00,0x00,0x00,0x00,0x00,0x00,0x00,0x03,0x00,0x00,0x00,0x00,0x00,0x00,0x00,0x00,0x00,0x00,0x00,0x00,0x00,0x00,0x00,0x00,0x00,0x00,0x00,0x00,0x00,0x00,0x00,0x00,0x00,0x00,0x00,0x00,0x00,0x00,0x00,0x00,0x00,0x00,0x00,0x00,0x00,0x00,0x00,0x00,0x00,0x00,0x00,0x00,0x00,0x00,0x00,0x00,0x00,0x00,0x00,0x00,0x00,0x00,0x00,0x00,0x00,0x00,0x00,0x00,0x00,0x00,0x00,0x00,0x00,0x00,0x00,0x00,0x00,0x00,0x00,0x00,0x00,0x00,0x00,0x00,0x00,0x00,0x00,0x00,0x00,0x00,0x00,
    0x00,0x00,0x00,0x00,0x00,0x00,0x00,0x00,0x00,0x00,0x00,0x00,0x00,0x00,0x00,0x00,0x00,0x00,0x00,0x00,0x00,0x00,0x00,0x00,0x00,0x00,0x00,0x00,0x00,0x00,0x00,0x00,0x00,0x00,0x00,0x00,0x00,0x00,0x00,0x00,0x00,0x00,0x00,0x00,0x00,0x00,0x00,0x00,0x00,0x00,0x00,0x00,0x00,0x00,0x00,0x00,0x00,0x00,0x00,0x03,0x00,0x04,0x0b,0x18,0x18,0x00,0x00,0x00,0x00,0x00,0x00,0x00,0x00,0x00,0x00,0x00,0x00,0x00,0x00,0x00,0x00,0x00,0x00,0x00,0x00,0x00,0x00,0x00,0x00,0x00,0x00,0x00,0x00,0x00,0x00,0x00,0x00,0x00,0x00,0x00,0x00,0x00,0x00,0x00,0x00,0x00,0x00,0x00,0x00,0x00,0x00,0x00,0x00,0x00,0x00,0x00,0x00,0x00,0x00,0x00,0x00,0x00,0x00,0x00,0x00,0x00,0x00,0x00,0x00,0x00,0x00,0x00,0x00,0x00,0x00,0x00,0x00,0x00,0x00,0x00,0x00,0x00,0x00,0x00,
    0x00,0x00,0x00,0x00,0x00,0x00,0x00,0x00,0x00,0x00,0x00,0x00,0x00,0x00,0x00,0x00,0x00,0x00,0x00,0x00,0x00,0x00,0x00,0x00,0x00,0x00,0x00,0x00,0x00,0x00,0x00,0x00,0x00,0x00,0x00,0x00,0x00,0x00,0x00,0x00,0x00,0x00,0x00,0x00,0x00,0x00,0x00,0x00,0x00,0x00,0x00,0x00,0x00,0x00,0x00,0x00,0x00,0x00,0x06,0x00,0x13,0x35,0x24,0x35,0x29,0x00,0x02,0x00,0x00,0x00,0x00,0x00,0x00,0x00,0x00,0x00,0x00,0x00,0x00,0x00,0x00,0x00,0x00,0x00,0x00,0x00,0x00,0x00,0x00,0x00,0x00,0x00,0x00,0x00,0x00,0x00,0x00,0x00,0x00,0x00,0x00,0x00,0x00,0x00,0x00,0x00,0x00,0x00,0x00,0x00,0x00,0x00,0x00,0x00,0x00,0x00,0x00,0x00,0x00,0x00,0x00,0x00,0x00,0x00,0x00,0x00,0x00,0x00,0x00,0x00,0x00,0x00,0x00,0x00,0x00,0x00,0x00,0x00,0x00,0x00,0x00,0x00,0x00,0x00,
    0x00,0x00,0x00,0x00,0x00,0x00,0x00,0x00,0x00,0x00,0x00,0x00,0x00,0x00,0x00,0x00,0x00,0x00,0x00,0x00,0x00,0x00,0x00,0x00,0x00,0x00,0x00,0x00,0x00,0x00,0x00,0x00,0x00,0x00,0x00,0x00,0x00,0x00,0x00,0x00,0x00,0x00,0x00,0x00,0x00,0x00,0x00,0x00,0x00,0x00,0x00,0x00,0x00,0x00,0x00,0x00,0x00,0x02,0x00,0x18,0x35,0x88,0x48,0x15,0x00,0x02,0x00,0x00,0x00,0x00,0x00,0x00,0x00,0x00,0x00,0x00,0x00,0x00,0x00,0x00,0x00,0x00,0x00,0x00,0x00,0x00,0x00,0x00,0x00,0x00,0x00,0x00,0x00,0x00,0x00,0x00,0x00,0x00,0x00,0x00,0x00,0x00,0x00,0x00,0x00,0x00,0x00,0x00,0x00,0x00,0x00,0x00,0x00,0x00,0x00,0x00,0x00,0x00,0x00,0x00,0x00,0x00,0x00,0x00,0x00,0x00,0x00,0x00,0x00,0x00,0x00,0x00,0x00,0x00,0x00,0x00,0x00,0x00,0x00,0x00,0x00,0x00,0x00,0x00,
    0x00,0x00,0x00,0x00,0x00,0x00,0x00,0x00,0x00,0x00,0x00,0x00,0x00,0x00,0x00,0x00,0x00,0x00,0x00,0x00,0x00,0x00,0x00,0x00,0x00,0x00,0x00,0x00,0x00,0x00,0x00,0x00,0x00,0x00,0x00,0x00,0x00,0x00,0x00,0x00,0x00,0x00,0x00,0x00,0x00,0x00,0x00,0x00,0x00,0x00,0x00,0x00,0x00,0x00,0x00,0x00,0x03,0x03,0x0b,0x35,0x2d,0x2d,0x12,0x00,0x06,0x00,0x00,0x00,0x00,0x00,0x00,0x00,0x00,0x00,0x00,0x00,0x00,0x00,0x00,0x00,0x00,0x00,0x00,0x00,0x00,0x00,0x00,0x00,0x00,0x00,0x00,0x00,0x00,0x00,0x00,0x00,0x00,0x00,0x00,0x00,0x00,0x00,0x00,0x00,0x00,0x00,0x00,0x00,0x00,0x00,0x00,0x00,0x00,0x00,0x00,0x00,0x00,0x00,0x00,0x00,0x00,0x00,0x00,0x00,0x00,0x00,0x00,0x00,0x00,0x00,0x00,0x00,0x00,0x00,0x00,0x00,0x00,0x00,0x00,0x00,0x00,0x00,0x00,0x00,
    0x00,0x00,0x00,0x00,0x00,0x00,0x00,0x00,0x00,0x00,0x00,0x00,0x00,0x00,0x00,0x00,0x00,0x00,0x00,0x00,0x00,0x00,0x00,0x00,0x00,0x00,0x00,0x00,0x00,0x00,0x00,0x00,0x00,0x00,0x00,0x00,0x00,0x00,0x00,0x00,0x00,0x00,0x00,0x00,0x00,0x00,0x00,0x00,0x00,0x00,0x00,0x00,0x00,0x00,0x00,0x00,0x03,0x02,0x0b,0x35,0x88,0x37,0x18,0x06,0x02,0x00,0x00,0x00,0x00,0x00,0x00,0x00,0x00,0x00,0x00,0x00,0x00,0x00,0x00,0x00,0x00,0x00,0x00,0x00,0x00,0x00,0x00,0x00,0x00,0x00,0x00,0x00,0x00,0x00,0x00,0x00,0x00,0x00,0x00,0x00,0x00,0x00,0x00,0x00,0x00,0x00,0x00,0x00,0x00,0x00,0x00,0x00,0x00,0x00,0x00,0x00,0x00,0x00,0x00,0x00,0x00,0x00,0x00,0x00,0x00,0x00,0x00,0x00,0x00,0x00,0x00,0x00,0x00,0x00,0x00,0x00,0x00,0x00,0x00,0x00,0x00,0x00,0x00,0x00,
    0x00,0x00,0x00,0x00,0x00,0x00,0x00,0x00,0x00,0x00,0x00,0x00,0x00,0x00,0x00,0x00,0x00,0x00,0x00,0x00,0x00,0x00,0x00,0x00,0x00,0x00,0x00,0x00,0x00,0x00,0x00,0x00,0x00,0x00,0x00,0x00,0x00,0x00,0x00,0x00,0x00,0x00,0x00,0x00,0x00,0x00,0x00,0x00,0x00,0x00,0x00,0x00,0x00,0x00,0x00,0x00,0x4b,0x03,0x3a,0x33,0x9a,0x37,0x18,0x00,0x06,0x00,0x00,0x00,0x00,0x00,0x00,0x00,0x00,0x04,0x07,0x02,0x02,0x02,0x07,0x03,0x03,0x00,0x00,0x00,0x00,0x00,0x00,0x00,0x00,0x00,0x00,0x00,0x00,0x00,0x00,0x00,0x00,0x00,0x00,0x00,0x00,0x00,0x00,0x00,0x00,0x00,0x00,0x00,0x00,0x00,0x00,0x00,0x00,0x00,0x00,0x00,0x00,0x00,0x00,0x00,0x00,0x00,0x00,0x00,0x00,0x00,0x00,0x00,0x00,0x00,0x00,0x00,0x00,0x00,0x00,0x00,0x00,0x00,0x00,0x00,0x00,0x00,0x00,0x00,
    0x00,0x00,0x00,0x00,0x00,0x00,0x00,0x00,0x00,0x00,0x00,0x00,0x00,0x00,0x00,0x00,0x00,0x00,0x00,0x00,0x00,0x00,0x00,0x00,0x00,0x00,0x00,0x00,0x00,0x00,0x00,0x00,0x00,0x00,0x00,0x00,0x00,0x00,0x00,0x00,0x00,0x00,0x00,0x00,0x00,0x00,0x00,0x00,0x00,0x00,0x00,0x00,0x00,0x00,0x00,0x00,0x02,0x00,0x3a,0x24,0x88,0x21,0x2b,0x10,0x02,0x03,0x00,0x00,0x00,0x00,0x07,0x02,0x03,0x00,0x00,0x00,0x00,0x00,0x00,0x00,0x00,0x07,0x02,0x07,0x00,0x00,0x00,0x00,0x00,0x00,0x00,0x00,0x00,0x00,0x00,0x00,0x00,0x00,0x00,0x00,0x00,0x00,0x00,0x00,0x00,0x00,0x00,0x00,0x00,0x00,0x00,0x00,0x00,0x00,0x00,0x00,0x00,0x00,0x00,0x00,0x00,0x00,0x00,0x00,0x00,0x00,0x00,0x00,0x00,0x00,0x00,0x00,0x00,0x00,0x00,0x00,0x00,0x00,0x00,0x00,0x00,0x00,0x00,0x00,
    0x00,0x00,0x00,0x00,0x00,0x00,0x00,0x00,0x00,0x00,0x00,0x00,0x00,0x00,0x00,0x00,0x00,0x00,0x00,0x00,0x00,0x00,0x00,0x00,0x00,0x00,0x00,0x00,0x00,0x00,0x00,0x00,0x00,0x00,0x00,0x00,0x00,0x00,0x00,0x00,0x00,0x00,0x00,0x00,0x00,0x00,0x00,0x00,0x00,0x00,0x00,0x00,0x00,0x00,0x00,0x00,0x02,0x00,0x3a,0x4f,0x91,0x3f,0x24,0x15,0x00,0x06,0x02,0x02,0x04,0x00,0x00,0x00,0x00,0x10,0x28,0x30,0x30,0x30,0x39,0x0b,0x10,0x00,0x00,0x00,0x03,0x02,0x03,0x00,0x00,0x00,0x00,0x00,0x00,0x00,0x00,0x00,0x00,0x00,0x00,0x00,0x00,0x00,0x00,0x00,0x00,0x00,0x00,0x00,0x00,0x00,0x00,0x00,0x00,0x00,0x00,0x00,0x00,0x00,0x00,0x00,0x00,0x00,0x00,0x00,0x00,0x00,0x00,0x00,0x00,0x00,0x00,0x00,0x00,0x00,0x00,0x00,0x00,0x00,0x00,0x00,0x00,0x00,0x00,0x00,
    0x00,0x00,0x00,0x00,0x00,0x00,0x00,0x00,0x00,0x00,0x00,0x00,0x00,0x00,0x00,0x00,0x00,0x00,0x00,0x00,0x00,0x00,0x00,0x00,0x00,0x00,0x00,0x00,0x00,0x00,0x00,0x00,0x00,0x00,0x00,0x00,0x00,0x00,0x00,0x00,0x00,0x00,0x00,0x00,0x00,0x00,0x00,0x00,0x00,0x00,0x00,0x00,0x00,0x00,0x00,0x00,0x07,0x03,0x28,0x33,0x99,0x99,0x3e,0x13,0x10,0x00,0x00,0x00,0x00,0x11,0x39,0x3a,0x45,0x54,0x38,0x41,0x41,0x41,0x38,0x43,0x43,0x45,0x65,0x3b,0x00,0x00,0x00,0x02,0x03,0x00,0x00,0x00,0x00,0x00,0x00,0x00,0x00,0x00,0x00,0x00,0x00,0x00,0x00,0x00,0x00,0x00,0x00,0x00,0x00,0x00,0x00,0x00,0x00,0x00,0x00,0x00,0x00,0x00,0x00,0x00,0x00,0x00,0x00,0x00,0x00,0x00,0x00,0x00,0x00,0x00,0x00,0x00,0x00,0x00,0x00,0x00,0x00,0x00,0x00,0x00,0x00,0x00,0x00,0x00,
    0x00,0x00,0x00,0x00,0x00,0x00,0x00,0x00,0x00,0x00,0x00,0x00,0x00,0x00,0x00,0x00,0x00,0x00,0x00,0x00,0x00,0x00,0x00,0x00,0x00,0x00,0x00,0x00,0x00,0x00,0x00,0x00,0x00,0x00,0x00,0x00,0x00,0x00,0x00,0x00,0x00,0x00,0x00,0x00,0x00,0x00,0x00,0x00,0x00,0x00,0x00,0x00,0x00,0x00,0x00,0x00,0x03,0x07,0x0b,0x4f,0x2f,0x8a,0x3f,0x4f,0x52,0x30,0x52,0x3a,0x65,0x43,0x38,0x31,0x53,0x5c,0xa5,0x8a,0x97,0x8a,0x9d,0xac,0x57,0x58,0x51,0x59,0x3b,0x15,0x10,0x00,0x00,0x02,0x00,0x00,0x00,0x00,0x00,0x00,0x00,0x00,0x00,0x00,0x00,0x00,0x00,0x00,0x00,0x00,0x00,0x00,0x00,0x00,0x00,0x00,0x00,0x00,0x00,0x00,0x00,0x00,0x00,0x00,0x00,0x00,0x00,0x00,0x00,0x00,0x00,0x00,0x00,0x00,0x00,0x00,0x00,0x00,0x00,0x00,0x00,0x00,0x00,0x00,0x00,0x00,0x00,0x00,
    0x00,0x00,0x00,0x00,0x00,0x00,0x00,0x00,0x00,0x00,0x00,0x00,0x00,0x00,0x00,0x00,0x00,0x00,0x00,0x00,0x00,0x00,0x00,0x00,0x00,0x00,0x00,0x00,0x00,0x00,0x00,0x00,0x00,0x00,0x00,0x00,0x00,0x00,0x00,0x00,0x00,0x00,0x00,0x00,0x00,0x00,0x00,0x00,0x00,0x00,0x00,0x00,0x00,0x00,0x00,0x00,0x00,0x03,0x00,0x0b,0x46,0x21,0x88,0x79,0x9f,0x51,0x53,0x3e,0x51,0x27,0xa1,0x8b,0x78,0x8b,0x8b,0x8f,0x78,0x78,0x8b,0x8e,0x8b,0x78,0x9c,0x8a,0x44,0x4f,0x29,0x30,0x3b,0x00,0x00,0x02,0x00,0x00,0x00,0x00,0x00,0x00,0x00,0x00,0x00,0x00,0x00,0x00,0x00,0x00,0x00,0x00,0x00,0x00,0x00,0x00,0x00,0x00,0x00,0x00,0x00,0x00,0x00,0x00,0x00,0x00,0x00,0x00,0x00,0x00,0x00,0x00,0x00,0x00,0x00,0x00,0x00,0x00,0x00,0x00,0x00,0x00,0x00,0x00,0x00,0x00,0x00,0x00,
    0x00,0x00,0x00,0x00,0x00,0x00,0x00,0x00,0x00,0x00,0x00,0x00,0x00,0x00,0x00,0x00,0x00,0x00,0x00,0x00,0x00,0x00,0x00,0x00,0x00,0x00,0x00,0x00,0x00,0x00,0x00,0x00,0x00,0x00,0x00,0x00,0x00,0x00,0x00,0x00,0x00,0x00,0x00,0x00,0x00,0x00,0x00,0x00,0x00,0x00,0x00,0x00,0x00,0x00,0x00,0x00,0x00,0x03,0x03,0x00,0x00,0x2b,0x60,0x60,0x5c,0xb1,0x16,0x98,0x8e,0x8b,0x78,0x78,0x78,0x85,0x85,0x85,0x78,0x85,0x85,0x85,0x85,0x78,0x85,0x78,0x90,0x99,0x57,0x33,0x12,0x13,0x06,0x00,0x03,0x00,0x00,0x00,0x00,0x00,0x00,0x00,0x00,0x00,0x00,0x00,0x00,0x00,0x00,0x00,0x00,0x00,0x00,0x00,0x00,0x00,0x00,0x00,0x00,0x00,0x00,0x00,0x00,0x00,0x00,0x00,0x00,0x00,0x00,0x00,0x00,0x00,0x00,0x00,0x00,0x00,0x00,0x00,0x00,0x00,0x00,0x00,0x00,0x00,0x00,0x00,
    0x00,0x00,0x00,0x00,0x00,0x00,0x00,0x00,0x00,0x00,0x00,0x00,0x00,0x00,0x00,0x00,0x00,0x00,0x00,0x00,0x00,0x00,0x00,0x00,0x00,0x00,0x00,0x00,0x00,0x00,0x00,0x00,0x00,0x00,0x00,0x00,0x00,0x00,0x00,0x00,0x00,0x00,0x00,0x00,0x00,0x00,0x00,0x00,0x00,0x00,0x00,0x00,0x00,0x00,0x00,0x02,0x00,0x00,0x00,0x28,0x30,0x45,0x4e,0x37,0x62,0xb3,0x85,0x85,0x85,0x85,0x85,0x78,0x78,0x78,0x78,0x78,0x78,0x78,0x78,0x78,0x78,0x78,0x78,0x85,0x85,0x85,0xa1,0x97,0x84,0x24,0x13,0x15,0x00,0x07,0x00,0x00,0x00,0x00,0x00,0x00,0x00,0x00,0x00,0x00,0x00,0x00,0x00,0x00,0x00,0x00,0x00,0x00,0x00,0x00,0x00,0x00,0x00,0x00,0x00,0x00,0x00,0x00,0x00,0x00,0x00,0x00,0x00,0x00,0x00,0x00,0x00,0x00,0x00,0x00,0x00,0x00,0x00,0x00,0x00,0x00,0x00,0x00,0x00,0x00,
    0x00,0x00,0x00,0x00,0x00,0x00,0x00,0x00,0x00,0x00,0x00,0x00,0x00,0x00,0x00,0x00,0x00,0x00,0x00,0x00,0x00,0x00,0x00,0x00,0x00,0x00,0x00,0x00,0x00,0x00,0x00,0x00,0x00,0x00,0x00,0x00,0x00,0x00,0x00,0x00,0x00,0x00,0x00,0x00,0x00,0x00,0x00,0x00,0x00,0x00,0x00,0x00,0x00,0x03,0x03,0x00,0x06,0x10,0x29,0x49,0x3e,0xa9,0xad,0x88,0x97,0x78,0x78,0x78,0x78,0x78,0x78,0x78,0x78,0x78,0x78,0x78,0x78,0x78,0x78,0x78,0x78,0x78,0x78,0x78,0x78,0x85,0x78,0x85,0x78,0x97,0x9d,0x41,0x30,0x00,0x06,0x00,0x00,0x00,0x00,0x00,0x00,0x00,0x00,0x00,0x00,0x00,0x00,0x00,0x00,0x00,0x00,0x00,0x00,0x00,0x00,0x00,0x00,0x00,0x00,0x00,0x00,0x00,0x00,0x00,0x00,0x00,0x00,0x00,0x00,0x00,0x00,0x00,0x00,0x00,0x00,0x00,0x00,0x00,0x00,0x00,0x00,0x00,0x00,0x00,
    0x00,0x00,0x00,0x00,0x00,0x00,0x00,0x00,0x00,0x00,0x00,0x00,0x00,0x00,0x00,0x00,0x00,0x00,0x00,0x00,0x00,0x00,0x00,0x00,0x00,0x00,0x00,0x00,0x00,0x00,0x00,0x00,0x00,0x00,0x00,0x00,0x00,0x00,0x00,0x00,0x00,0x00,0x00,0x00,0x00,0x00,0x00,0x00,0x00,0x00,0x00,0x00,0x02,0x00,0x00,0x15,0x29,0x49,0x48,0x9d,0xa7,0x27,0xa8,0x2f,0x85,0x78,0x78,0x78,0x78,0x78,0x78,0x78,0x78,0x78,0x78,0x78,0x78,0x78,0x78,0x78,0x78,0x78,0x78,0x78,0x78,0x78,0x78,0x78,0x85,0x85,0x9c,0x57,0x12,0x15,0x00,0x02,0x00,0x00,0x00,0x00,0x00,0x00,0x00,0x00,0x00,0x00,0x00,0x00,0x00,0x00,0x00,0x00,0x00,0x00,0x00,0x00,0x00,0x00,0x00,0x00,0x00,0x00,0x00,0x00,0x00,0x00,0x00,0x00,0x00,0x00,0x00,0x00,0x00,0x00,0x00,0x00,0x00,0x00,0x00,0x00,0x00,0x00,0x00,0x00,
    0x00,0x00,0x00,0x00,0x00,0x00,0x00,0x00,0x00,0x00,0x00,0x00,0x00,0x00,0x00,0x00,0x00,0x00,0x00,0x00,0x00,0x00,0x00,0x00,0x00,0x00,0x00,0x00,0x00,0x00,0x00,0x00,0x00,0x00,0x00,0x00,0x00,0x00,0x00,0x00,0x00,0x00,0x00,0x00,0x00,0x00,0x00,0x00,0x00,0x00,0x00,0x03,0x00,0x0b,0x2b,0x21,0x2d,0x81,0x21,0x9d,0xa1,0x8b,0x85,0x85,0x78,0x78,0x78,0x78,0x78,0x85,0x78,0x78,0x78,0x78,0x78,0x78,0x78,0x78,0x78,0x78,0x78,0x85,0x78,0x78,0x78,0x78,0x78,0x78,0x78,0x78,0x85,0x8e,0x97,0x33,0x13,0x00,0x06,0x00,0x00,0x00,0x00,0x00,0x00,0x00,0x00,0x00,0x00,0x00,0x00,0x00,0x00,0x00,0x00,0x00,0x00,0x00,0x00,0x00,0x00,0x00,0x00,0x00,0x00,0x00,0x00,0x00,0x00,0x00,0x00,0x00,0x00,0x00,0x00,0x00,0x00,0x00,0x00,0x00,0x00,0x00,0x00,0x00,0x00,0x00,
    0x00,0x00,0x00,0x00,0x00,0x00,0x00,0x00,0x00,0x00,0x00,0x00,0x00,0x00,0x00,0x00,0x00,0x00,0x00,0x00,0x00,0x00,0x00,0x00,0x00,0x00,0x00,0x00,0x00,0x00,0x00,0x00,0x00,0x00,0x00,0x00,0x00,0x00,0x00,0x00,0x00,0x00,0x00,0x00,0x00,0x00,0x00,0x00,0x00,0x03,0x02,0x02,0x15,0x12,0x2d,0x48,0x35,0x49,0x2d,0x97,0x78,0x85,0x78,0x78,0x78,0x78,0x78,0x78,0x85,0x8f,0x8f,0x85,0x78,0x78,0x78,0x78,0x78,0x78,0x78,0x78,0x85,0x8f,0x78,0x78,0x78,0x78,0x78,0x78,0x78,0x78,0x78,0x85,0x78,0x97,0x3e,0x28,0x00,0x02,0x00,0x00,0x00,0x00,0x00,0x00,0x00,0x00,0x00,0x00,0x00,0x00,0x00,0x00,0x00,0x00,0x00,0x00,0x00,0x00,0x00,0x00,0x00,0x00,0x00,0x00,0x00,0x00,0x00,0x00,0x00,0x00,0x00,0x00,0x00,0x00,0x00,0x00,0x00,0x00,0x00,0x00,0x00,0x00,0x00,0x00,
    0x00,0x00,0x00,0x00,0x00,0x00,0x00,0x00,0x00,0x00,0x00,0x00,0x00,0x00,0x00,0x00,0x00,0x00,0x00,0x00,0x00,0x00,0x00,0x00,0x00,0x00,0x00,0x00,0x00,0x00,0x00,0x00,0x00,0x00,0x00,0x00,0x00,0x00,0x00,0x00,0x00,0x00,0x00,0x00,0x00,0x00,0x00,0x00,0x03,0x02,0x04,0x2b,0x35,0x09,0x21,0x12,0x49,0x2d,0x94,0x85,0x78,0x78,0x78,0x78,0x78,0x78,0x78,0x85,0x8e,0xda,0xda,0x8b,0x85,0x78,0x78,0x78,0x78,0x78,0x78,0x85,0x8f,0xda,0x85,0x78,0x78,0x78,0x78,0x78,0x78,0x78,0x78,0x78,0x85,0x8f,0x5c,0x55,0x52,0x00,0x02,0x00,0x00,0x00,0x00,0x00,0x00,0x00,0x00,0x00,0x00,0x00,0x00,0x00,0x00,0x00,0x00,0x00,0x00,0x00,0x00,0x00,0x00,0x00,0x00,0x00,0x00,0x00,0x00,0x00,0x00,0x00,0x00,0x00,0x00,0x00,0x00,0x00,0x00,0x00,0x00,0x00,0x00,0x00,0x00,0x00,
    0x00,0x00,0x00,0x00,0x00,0x00,0x00,0x00,0x00,0x00,0x00,0x00,0x00,0x00,0x00,0x00,0x00,0x00,0x00,0x00,0x00,0x00,0x00,0x00,0x00,0x00,0x00,0x00,0x00,0x00,0x00,0x00,0x00,0x00,0x00,0x00,0x00,0x00,0x00,0x00,0x00,0x00,0x00,0x00,0x00,0x00,0x00,0x03,0x06,0x00,0x2b,0x21,0x2d,0x12,0x13,0x37,0x3f,0x81,0x8f,0x78,0x78,0x78,0x78,0x78,0x78,0x78,0x78,0x85,0x8f,0xca,0xb3,0x8b,0x85,0x78,0x78,0x78,0x78,0x78,0x78,0x85,0x98,0x0f,0xa7,0xa8,0xa1,0x78,0x78,0x85,0x78,0x78,0x78,0x78,0x78,0x85,0x97,0x27,0x41,0x1e,0x04,0x03,0x00,0x00,0x00,0x00,0x00,0x00,0x00,0x00,0x00,0x00,0x00,0x00,0x00,0x00,0x00,0x00,0x00,0x00,0x00,0x00,0x00,0x00,0x00,0x00,0x00,0x00,0x00,0x00,0x00,0x00,0x00,0x00,0x00,0x00,0x00,0x00,0x00,0x00,0x00,0x00,0x00,0x00,0x00,0x00,
    0x00,0x00,0x00,0x00,0x00,0x00,0x00,0x00,0x00,0x00,0x00,0x00,0x00,0x00,0x00,0x00,0x00,0x00,0x00,0x00,0x00,0x00,0x00,0x00,0x00,0x00,0x00,0x00,0x00,0x00,0x00,0x00,0x00,0x00,0x00,0x00,0x00,0x00,0x00,0x00,0x00,0x00,0x00,0x00,0x00,0x00,0x00,0x06,0x00,0x2b,0x48,0x21,0x29,0x00,0x29,0x48,0x99,0x85,0x78,0x78,0x78,0x78,0x78,0x78,0x78,0x78,0x85,0x90,0xc3,0xbd,0x90,0x85,0x78,0x78,0x78,0x78,0x78,0x85,0x8f,0x8f,0x81,0x9b,0xbd,0xb7,0x98,0x85,0x85,0x8b,0x78,0x78,0x78,0x78,0x78,0x85,0x99,0x09,0x44,0x29,0x06,0x02,0x00,0x00,0x00,0x00,0x00,0x00,0x00,0x00,0x00,0x00,0x00,0x00,0x00,0x00,0x00,0x00,0x00,0x00,0x00,0x00,0x00,0x00,0x00,0x00,0x00,0x00,0x00,0x00,0x00,0x00,0x00,0x00,0x00,0x00,0x00,0x00,0x00,0x00,0x00,0x00,0x00,0x00,0x00,0x00,
    0x00,0x00,0x00,0x00,0x00,0x00,0x00,0x00,0x00,0x00,0x00,0x00,0x00,0x00,0x00,0x00,0x00,0x00,0x00,0x00,0x00,0x00,0x00,0x00,0x00,0x00,0x00,0x00,0x00,0x00,0x00,0x00,0x00,0x00,0x00,0x00,0x00,0x00,0x00,0x00,0x00,0x00,0x00,0x00,0x00,0x00,0x06,0x00,0x12,0x48,0x24,0x13,0x06,0x2b,0x21,0x91,0x99,0x78,0x78,0x78,0x78,0x78,0x78,0x78,0x78,0xa1,0x98,0xe4,0xbb,0x26,0x90,0x85,0x78,0x78,0x78,0x78,0x78,0x78,0x78,0x78,0x8b,0x96,0xae,0xbb,0x26,0x90,0xb3,0xac,0x8b,0x85,0x78,0x78,0x85,0x9c,0x81,0x84,0x09,0x48,0x13,0x04,0x06,0x00,0x00,0x00,0x00,0x00,0x00,0x00,0x00,0x00,0x00,0x00,0x00,0x00,0x00,0x00,0x00,0x00,0x00,0x00,0x00,0x00,0x00,0x00,0x00,0x00,0x00,0x00,0x00,0x00,0x00,0x00,0x00,0x00,0x00,0x00,0x00,0x00,0x00,0x00,0x00,0x00,0x00,0x00,
    0x00,0x00,0x00,0x00,0x00,0x00,0x00,0x00,0x00,0x00,0x00,0x00,0x00,0x00,0x00,0x00,0x00,0x00,0x00,0x00,0x00,0x00,0x00,0x00,0x00,0x00,0x00,0x00,0x00,0x00,0x00,0x00,0x00,0x00,0x00,0x00,0x00,0x00,0x00,0x00,0x00,0x00,0x00,0x00,0x00,0x06,0x00,0x15,0x24,0x56,0x13,0x00,0x18,0x21,0x94,0x84,0x9c,0x9c,0x78,0x78,0x78,0x78,0x78,0x8f,0x9c,0x98,0x27,0xae,0xa2,0x26,0x94,0x85,0x78,0x78,0x78,0x78,0x78,0x78,0x78,0x78,0x85,0x8f,0xae,0x9f,0xc3,0xd6,0xa8,0x26,0xda,0x8b,0x78,0x8f,0x78,0x8f,0x84,0x81,0x81,0x2d,0x49,0x00,0x03,0x00,0x00,0x00,0x00,0x00,0x00,0x00,0x00,0x00,0x00,0x00,0x00,0x00,0x00,0x00,0x00,0x00,0x00,0x00,0x00,0x00,0x00,0x00,0x00,0x00,0x00,0x00,0x00,0x00,0x00,0x00,0x00,0x00,0x00,0x00,0x00,0x00,0x00,0x00,0x00,0x00,0x00,0x00,
    0x00,0x00,0x00,0x00,0x00,0x00,0x00,0x00,0x00,0x00,0x00,0x00,0x00,0x00,0x00,0x00,0x00,0x00,0x00,0x00,0x00,0x00,0x00,0x00,0x00,0x00,0x00,0x00,0x00,0x00,0x00,0x00,0x00,0x00,0x00,0x00,0x00,0x00,0x00,0x00,0x00,0x00,0x00,0x00,0x02,0x00,0x18,0x4f,0x56,0x49,0x0b,0x06,0x37,0x48,0x09,0x97,0x97,0x97,0x85,0x78,0x78,0x78,0xa1,0x16,0x97,0x96,0xc3,0x2f,0xa2,0xa7,0xa8,0x78,0x85,0x78,0x78,0x78,0x78,0x78,0x78,0x78,0x85,0x90,0xae,0xa5,0x9c,0xc3,0x16,0x27,0xe4,0x98,0x78,0x97,0x8b,0x85,0x78,0x97,0x97,0xd8,0x53,0x65,0x01,0x02,0x00,0x00,0x00,0x00,0x00,0x00,0x00,0x00,0x00,0x00,0x00,0x00,0x00,0x00,0x00,0x00,0x00,0x00,0x00,0x00,0x00,0x00,0x00,0x00,0x00,0x00,0x00,0x00,0x00,0x00,0x00,0x00,0x00,0x00,0x00,0x00,0x00,0x00,0x00,0x00,0x00,0x00,
    0x00,0x00,0x00,0x00,0x00,0x00,0x00,0x00,0x00,0x00,0x00,0x00,0x00,0x00,0x00,0x00,0x00,0x00,0x00,0x00,0x00,0x00,0x00,0x00,0x00,0x00,0x00,0x00,0x00,0x00,0x00,0x00,0x00,0x00,0x00,0x00,0x00,0x00,0x00,0x00,0x00,0x00,0x00,0x03,0x07,0x0b,0x12,0x24,0x4f,0x15,0x04,0x13,0x21,0x84,0x99,0x8f,0x8f,0x78,0x8f,0x78,0x85,0x90,0xb1,0xa3,0xb0,0xb1,0xb7,0xa8,0x27,0xbe,0x98,0x85,0x85,0x78,0x78,0x78,0x78,0x78,0x78,0x78,0x85,0x98,0xae,0xc7,0x9a,0x8a,0xae,0x97,0xa7,0x99,0x8f,0x8f,0x78,0x78,0x78,0x85,0x78,0x85,0x26,0x32,0x17,0x03,0x07,0x00,0x00,0x00,0x00,0x00,0x00,0x00,0x00,0x00,0x00,0x00,0x00,0x00,0x00,0x00,0x00,0x00,0x00,0x00,0x00,0x00,0x00,0x00,0x00,0x00,0x00,0x00,0x00,0x00,0x00,0x00,0x00,0x00,0x00,0x00,0x00,0x00,0x00,0x00,0x00,0x00,
    0x00,0x00,0x00,0x00,0x00,0x00,0x00,0x00,0x00,0x00,0x00,0x00,0x00,0x00,0x00,0x00,0x00,0x00,0x00,0x00,0x00,0x00,0x00,0x00,0x00,0x00,0x00,0x00,0x00,0x00,0x00,0x00,0x00,0x00,0x00,0x00,0x00,0x00,0x00,0x00,0x00,0x00,0x00,0x02,0x03,0x12,0x62,0x24,0x13,0x00,0x10,0x49,0x3f,0x8a,0x97,0x85,0x85,0x8e,0x8b,0x8f,0x90,0xb3,0x26,0xb0,0xa3,0xae,0x9a,0x88,0xbe,0xd5,0x78,0x85,0x8b,0x85,0x78,0x78,0x78,0x78,0x78,0x78,0x85,0x98,0xae,0xc4,0xc7,0x84,0xa0,0x0f,0xad,0xac,0x90,0x85,0x78,0x78,0x78,0x78,0x85,0x8b,0x16,0x58,0x34,0x00,0x02,0x00,0x00,0x00,0x00,0x00,0x00,0x00,0x00,0x00,0x00,0x00,0x00,0x00,0x00,0x00,0x00,0x00,0x00,0x00,0x00,0x00,0x00,0x00,0x00,0x00,0x00,0x00,0x00,0x00,0x00,0x00,0x00,0x00,0x00,0x00,0x00,0x00,0x00,0x00,0x00,0x00,
    0x00,0x00,0x00,0x00,0x00,0x00,0x00,0x00,0x00,0x00,0x00,0x00,0x00,0x00,0x00,0x00,0x00,0x00,0x00,0x00,0x00,0x00,0x00,0x00,0x00,0x00,0x00,0x00,0x00,0x00,0x00,0x00,0x00,0x00,0x00,0x00,0x00,0x00,0x00,0x00,0x00,0x00,0x03,0x00,0x0b,0x21,0x3f,0x49,0x06,0x02,0x45,0x24,0x79,0x96,0x97,0x85,0x8b,0xa3,0xa1,0xb0,0xa8,0xae,0xa3,0xa8,0x26,0xa0,0xa5,0x22,0x47,0x32,0x85,0xa3,0xa2,0x8e,0x85,0x78,0x78,0x78,0x78,0x85,0x85,0xa8,0x26,0x22,0xad,0x22,0xbe,0xd5,0x0f,0xb1,0x8e,0x85,0x78,0x78,0x78,0x78,0x9c,0x85,0x8e,0xb3,0x58,0x28,0x03,0x07,0x00,0x00,0x00,0x00,0x00,0x00,0x00,0x00,0x00,0x00,0x00,0x00,0x00,0x00,0x00,0x00,0x00,0x00,0x00,0x00,0x00,0x00,0x00,0x00,0x00,0x00,0x00,0x00,0x00,0x00,0x00,0x00,0x00,0x00,0x00,0x00,0x00,0x00,0x00,0x00,
    0x00,0x00,0x00,0x00,0x00,0x00,0x00,0x00,0x00,0x00,0x00,0x00,0x00,0x00,0x00,0x00,0x00,0x00,0x00,0x00,0x00,0x00,0x00,0x00,0x00,0x00,0x00,0x00,0x00,0x00,0x00,0x00,0x00,0x00,0x00,0x00,0x00,0x00,0x00,0x00,0x00,0x00,0x02,0x00,0x2b,0x24,0x37,0x0b,0x00,0x28,0x55,0x9d,0x8f,0x97,0x8f,0x98,0xb1,0xb2,0xea,0x47,0xd5,0xbd,0xa8,0x27,0x32,0xa9,0xa7,0x9d,0x96,0xae,0xb0,0xae,0xd5,0x98,0x85,0x85,0x85,0x78,0x78,0x8f,0x97,0x94,0x0f,0xc7,0x88,0x81,0x9d,0xd5,0xbd,0x40,0x16,0x8f,0x78,0x78,0x78,0x85,0x9c,0x9c,0x8b,0xb7,0x51,0x13,0x00,0x02,0x00,0x00,0x00,0x00,0x00,0x00,0x00,0x00,0x00,0x00,0x00,0x00,0x00,0x00,0x00,0x00,0x00,0x00,0x00,0x00,0x00,0x00,0x00,0x00,0x00,0x00,0x00,0x00,0x00,0x00,0x00,0x00,0x00,0x00,0x00,0x00,0x00,0x00,0x00,0x00,
    0x00,0x00,0x00,0x00,0x00,0x00,0x00,0x00,0x00,0x00,0x00,0x00,0x00,0x00,0x00,0x00,0x00,0x00,0x00,0x00,0x00,0x00,0x00,0x00,0x00,0x00,0x00,0x00,0x00,0x00,0x00,0x00,0x00,0x00,0x00,0x00,0x00,0x00,0x00,0x00,0x00,0x07,0x00,0x3b,0x58,0x51,0x45,0x00,0x00,0x13,0x33,0x2f,0x78,0x8f,0x78,0x8e,0xea,0xc2,0xc2,0xe9,0xe9,0xcf,0x27,0xc4,0xa9,0x8a,0x9a,0x91,0x84,0x26,0x16,0xae,0x22,0x9c,0x78,0x9c,0x8b,0x8b,0x8f,0x8b,0x78,0x90,0xd6,0x0f,0x91,0x96,0x99,0x94,0xc8,0x4a,0xa3,0x90,0x85,0x78,0x78,0x78,0x8f,0x9c,0x8e,0xa2,0xad,0x35,0x18,0x00,0x02,0x00,0x00,0x00,0x00,0x00,0x00,0x00,0x00,0x00,0x00,0x00,0x00,0x00,0x00,0x00,0x00,0x00,0x00,0x00,0x00,0x00,0x00,0x00,0x00,0x00,0x00,0x00,0x00,0x00,0x00,0x00,0x00,0x00,0x00,0x00,0x00,0x00,0x00,0x00,
    0x00,0x00,0x00,0x00,0x00,0x00,0x00,0x00,0x00,0x00,0x00,0x00,0x00,0x00,0x00,0x00,0x00,0x00,0x00,0x00,0x00,0x00,0x00,0x00,0x00,0x00,0x00,0x00,0x00,0x00,0x00,0x00,0x00,0x00,0x00,0x00,0x00,0x00,0x00,0x00,0x00,0x07,0x00,0x3c,0x63,0x63,0x3c,0x03,0x3b,0x38,0x62,0x8b,0x85,0xa1,0x8f,0xb7,0xb2,0xc2,0xc2,0xc2,0xc2,0xc1,0xb1,0xbe,0x88,0x84,0x8a,0x8a,0x81,0x40,0xb7,0xa7,0xa7,0x8a,0x97,0x9c,0x9c,0x8e,0x85,0x85,0x85,0x8e,0xb1,0x0f,0x99,0x8a,0x99,0x84,0x88,0xca,0x26,0xa8,0x85,0x78,0x78,0x78,0x85,0x8b,0x8b,0x16,0xd1,0x3f,0x12,0x06,0x07,0x00,0x00,0x00,0x00,0x00,0x00,0x00,0x00,0x00,0x00,0x00,0x00,0x00,0x00,0x00,0x00,0x00,0x00,0x00,0x00,0x00,0x00,0x00,0x00,0x00,0x00,0x00,0x00,0x00,0x00,0x00,0x00,0x00,0x00,0x00,0x00,0x00,0x00,0x00,
    0x00,0x00,0x00,0x00,0x00,0x00,0x00,0x00,0x00,0x00,0x00,0x00,0x00,0x00,0x00,0x00,0x00,0x00,0x00,0x00,0x00,0x00,0x00,0x00,0x00,0x00,0x00,0x00,0x00,0x00,0x00,0x00,0x00,0x00,0x00,0x00,0x00,0x00,0x00,0x00,0x00,0x4b,0x03,0x3c,0x63,0x4e,0x00,0x00,0x46,0x5f,0x9f,0x78,0x85,0xa1,0xa1,0x16,0x22,0xe3,0xc1,0xaa,0xb2,0x32,0xb1,0x91,0x84,0x99,0x81,0x8a,0x79,0x0f,0x26,0xc7,0x0f,0x27,0x98,0x8b,0x8b,0x8b,0x8e,0x8e,0xa1,0x8e,0xd6,0xc7,0x9b,0xc7,0x88,0x99,0x94,0x9d,0xd5,0x16,0xa1,0x78,0x78,0x85,0x8b,0xa3,0x85,0x9c,0xc7,0x94,0x49,0x10,0x02,0x03,0x00,0x00,0x00,0x00,0x00,0x00,0x00,0x00,0x00,0x00,0x00,0x00,0x00,0x00,0x00,0x00,0x00,0x00,0x00,0x00,0x00,0x00,0x00,0x00,0x00,0x00,0x00,0x00,0x00,0x00,0x00,0x00,0x00,0x00,0x00,0x00,0x00,0x00,
    0x00,0x00,0x00,0x00,0x00,0x00,0x00,0x00,0x00,0x00,0x00,0x00,0x00,0x00,0x00,0x00,0x00,0x00,0x00,0x00,0x00,0x00,0x00,0x00,0x00,0x00,0x00,0x00,0x00,0x00,0x00,0x00,0x00,0x00,0x00,0x00,0x00,0x00,0x00,0x00,0x00,0x04,0x02,0x54,0x47,0x3a,0x04,0x10,0x49,0x84,0x9c,0x85,0x78,0x78,0x8f,0x85,0xb0,0xb0,0x90,0xae,0xc3,0x4a,0x9d,0x99,0x99,0x94,0x79,0xb7,0xe4,0xa5,0xc3,0xa0,0xa5,0x40,0xb3,0xa3,0xa3,0xa3,0xa3,0xa3,0xd6,0xc3,0xbb,0xc8,0x26,0x26,0x9b,0x99,0x96,0x96,0xc3,0xb1,0x85,0x78,0x78,0x85,0x90,0xb1,0x27,0x98,0xa2,0x81,0x4f,0x13,0x03,0x02,0x00,0x00,0x00,0x00,0x00,0x00,0x00,0x00,0x00,0x00,0x00,0x00,0x00,0x00,0x00,0x00,0x00,0x00,0x00,0x00,0x00,0x00,0x00,0x00,0x00,0x00,0x00,0x00,0x00,0x00,0x00,0x00,0x00,0x00,0x00,0x00,0x00,0x00,
    0x00,0x00,0x00,0x00,0x00,0x00,0x00,0x00,0x00,0x00,0x00,0x00,0x00,0x00,0x00,0x00,0x00,0x00,0x00,0x00,0x00,0x00,0x00,0x00,0x00,0x00,0x00,0x00,0x00,0x00,0x00,0x00,0x00,0x00,0x00,0x00,0x00,0x00,0x00,0x00,0x03,0x00,0x5d,0x4c,0x4c,0x3c,0x00,0x10,0x37,0x79,0x9c,0x8e,0x85,0x98,0x22,0xaa,0xed,0xed,0xc4,0xbd,0xca,0x0f,0x91,0x8a,0x9b,0x0f,0x40,0xe4,0xae,0xac,0x32,0xad,0x09,0xc3,0xc3,0x26,0xa7,0xbe,0xbe,0x0f,0xbe,0xca,0xca,0x26,0x0f,0xb7,0x26,0xac,0x81,0x88,0xa9,0xc3,0x90,0x85,0x8f,0x85,0x8e,0xad,0xa3,0x98,0xa2,0x9b,0x21,0x2b,0x00,0x06,0x00,0x00,0x00,0x00,0x00,0x00,0x00,0x00,0x00,0x00,0x00,0x00,0x00,0x00,0x00,0x00,0x00,0x00,0x00,0x00,0x00,0x00,0x00,0x00,0x00,0x00,0x00,0x00,0x00,0x00,0x00,0x00,0x00,0x00,0x00,0x00,0x00,0x00,
    0x00,0x00,0x00,0x00,0x00,0x00,0x00,0x00,0x00,0x00,0x00,0x00,0x00,0x00,0x00,0x00,0x00,0x00,0x00,0x00,0x00,0x00,0x00,0x00,0x00,0x00,0x00,0x00,0x00,0x00,0x00,0x00,0x00,0x00,0x00,0x00,0x00,0x00,0x00,0x00,0x4b,0x00,0x39,0x6a,0x6a,0x3c,0x06,0x15,0x4f,0x97,0xa1,0xa1,0x78,0x8f,0xea,0xc2,0xc2,0xc2,0xc2,0xcc,0xc9,0x91,0x81,0x99,0x84,0xb1,0x47,0xbd,0x32,0x0f,0x22,0xc7,0x94,0x99,0x94,0x9a,0x94,0x91,0x91,0x9a,0x09,0x9d,0x9b,0xd5,0xc9,0xe7,0xd4,0xae,0x8a,0xd8,0xc3,0xca,0xb0,0x8e,0xa3,0xb3,0x90,0xa5,0xa2,0x8f,0x27,0x9d,0x2d,0x37,0x00,0x03,0x00,0x00,0x00,0x00,0x00,0x00,0x00,0x00,0x00,0x00,0x00,0x00,0x00,0x00,0x00,0x00,0x00,0x00,0x00,0x00,0x00,0x00,0x00,0x00,0x00,0x00,0x00,0x00,0x00,0x00,0x00,0x00,0x00,0x00,0x00,0x00,0x00,0x00,
    0x00,0x00,0x00,0x00,0x00,0x00,0x00,0x00,0x00,0x00,0x00,0x00,0x00,0x00,0x00,0x00,0x00,0x00,0x00,0x00,0x00,0x00,0x00,0x00,0x00,0x00,0x00,0x00,0x00,0x00,0x00,0x00,0x00,0x00,0x00,0x00,0x00,0x00,0x00,0x00,0x4b,0x00,0x39,0x69,0x6a,0x30,0x06,0x49,0x2f,0x85,0xa2,0xa2,0x8e,0xda,0xb2,0xe9,0xe9,0xe9,0xc2,0xe9,0x47,0x09,0xe5,0xf3,0x32,0x86,0x8c,0x7e,0x7c,0x8c,0xc9,0x9b,0x84,0x84,0x84,0x84,0x84,0x84,0x84,0x99,0x91,0xc7,0x7f,0x82,0xe7,0xe0,0x93,0x8c,0x89,0x42,0xf2,0xc3,0xda,0xac,0xd6,0xa3,0x98,0xac,0xc3,0xa1,0x16,0xa0,0x2d,0x12,0x00,0x06,0x00,0x00,0x00,0x00,0x00,0x00,0x00,0x00,0x00,0x00,0x00,0x00,0x00,0x00,0x00,0x00,0x00,0x00,0x00,0x00,0x00,0x00,0x00,0x00,0x00,0x00,0x00,0x00,0x00,0x00,0x00,0x00,0x00,0x00,0x00,0x00,0x00,0x00,
    0x00,0x00,0x00,0x00,0x00,0x00,0x00,0x00,0x00,0x00,0x00,0x00,0x00,0x00,0x00,0x00,0x00,0x00,0x00,0x00,0x00,0x00,0x00,0x00,0x00,0x00,0x00,0x00,0x00,0x00,0x00,0x00,0x00,0x00,0x00,0x00,0x00,0x00,0x00,0x00,0x07,0x00,0x3b,0x6a,0x69,0x3b,0x0b,0x37,0x3f,0x85,0xd6,0xda,0x8f,0x8b,0xac,0x22,0xc4,0xed,0xb9,0xb5,0xad,0x9e,0xce,0xb5,0x8c,0x32,0xa5,0xad,0xad,0xa0,0xbd,0xc4,0x88,0x99,0x81,0x81,0x81,0x81,0x81,0x84,0x91,0xbd,0xd5,0x9d,0xc8,0xa9,0xa0,0xd1,0xb5,0x8c,0x4a,0x4d,0x5e,0xd6,0xd6,0xa3,0x98,0xb1,0xae,0x98,0x16,0xa0,0x33,0x18,0x02,0x02,0x00,0x00,0x00,0x00,0x00,0x00,0x00,0x00,0x00,0x00,0x00,0x00,0x00,0x00,0x00,0x00,0x00,0x00,0x00,0x00,0x00,0x00,0x00,0x00,0x00,0x00,0x00,0x00,0x00,0x00,0x00,0x00,0x00,0x00,0x00,0x00,0x00,0x00,
    0x00,0x00,0x00,0x00,0x00,0x00,0x00,0x00,0x00,0x00,0x00,0x00,0x00,0x00,0x00,0x00,0x00,0x00,0x00,0x00,0x00,0x00,0x00,0x00,0x00,0x00,0x00,0x00,0x00,0x00,0x00,0x00,0x00,0x00,0x00,0x00,0x00,0x00,0x00,0x00,0x00,0x00,0x07,0x4e,0x63,0x39,0x13,0x3e,0x84,0x16,0xd6,0x78,0x8b,0xa3,0xa3,0xa1,0x90,0x78,0xce,0x4d,0x98,0xd6,0x7a,0x83,0xad,0x81,0xd4,0x8c,0xe0,0xa9,0x96,0xa0,0x81,0x84,0x81,0x81,0x81,0x81,0x84,0x96,0x9b,0xa0,0x9d,0x89,0x8c,0xd4,0xb5,0xc7,0x94,0xbd,0x8c,0x4a,0xb1,0xa3,0xb7,0xb3,0x8b,0x78,0x8e,0x8f,0x2f,0xd5,0x38,0x10,0x00,0x02,0x00,0x00,0x00,0x00,0x00,0x00,0x00,0x00,0x00,0x00,0x00,0x00,0x00,0x00,0x00,0x00,0x00,0x00,0x00,0x00,0x00,0x00,0x00,0x00,0x00,0x00,0x00,0x00,0x00,0x00,0x00,0x00,0x00,0x00,0x00,0x00,0x00,0x00,
    0x00,0x00,0x00,0x00,0x00,0x00,0x00,0x00,0x00,0x00,0x00,0x00,0x00,0x00,0x00,0x00,0x00,0x00,0x00,0x00,0x00,0x00,0x00,0x00,0x00,0x00,0x00,0x00,0x00,0x00,0x00,0x00,0x00,0x00,0x00,0x00,0x00,0x00,0x00,0x00,0x00,0x02,0x07,0x52,0x57,0x59,0x13,0x3e,0x79,0xa3,0xb1,0x8e,0x16,0xc1,0xcc,0xcc,0xcc,0xaa,0xb4,0xbb,0x9f,0x7c,0x7d,0xa0,0x88,0xe0,0x7b,0x47,0xad,0xc9,0xc9,0x88,0x84,0x81,0x81,0x81,0x81,0x81,0x99,0x8a,0x8a,0x79,0xb5,0xe7,0xd1,0x99,0x93,0x93,0x96,0x9a,0xe0,0x93,0xa0,0xac,0xae,0xa3,0x8b,0x85,0x85,0x8f,0xda,0xac,0x44,0x29,0x10,0x03,0x02,0x00,0x00,0x00,0x00,0x00,0x00,0x00,0x00,0x00,0x00,0x00,0x00,0x00,0x00,0x00,0x00,0x00,0x00,0x00,0x00,0x00,0x00,0x00,0x00,0x00,0x00,0x00,0x00,0x00,0x00,0x00,0x00,0x00,0x00,0x00,0x00,0x00,
    0x00,0x00,0x00,0x00,0x00,0x00,0x00,0x00,0x00,0x00,0x00,0x00,0x00,0x00,0x00,0x00,0x00,0x00,0x00,0x00,0x00,0x00,0x00,0x00,0x00,0x00,0x00,0x00,0x00,0x00,0x00,0x00,0x00,0x00,0x00,0x00,0x00,0x00,0x00,0x00,0x00,0x06,0x00,0x45,0x66,0x66,0x46,0x35,0x9a,0xb7,0xb7,0xa8,0xb7,0xcc,0xc2,0xc2,0xc2,0xc2,0xe9,0x22,0xac,0x8c,0x22,0x88,0xa7,0x86,0xa0,0x88,0x88,0xd4,0x8c,0xad,0x94,0x99,0x99,0x81,0x81,0x81,0x81,0x99,0x9a,0xbe,0x86,0xa0,0x88,0x88,0x47,0x8c,0xa9,0x88,0xa5,0x8c,0x32,0xa3,0xd4,0xac,0x90,0x85,0x78,0x78,0x85,0xb3,0x84,0x3f,0x29,0x02,0x00,0x02,0x00,0x00,0x00,0x00,0x00,0x00,0x00,0x00,0x00,0x00,0x00,0x00,0x00,0x00,0x00,0x00,0x00,0x00,0x00,0x00,0x00,0x00,0x00,0x00,0x00,0x00,0x00,0x00,0x00,0x00,0x00,0x00,0x00,0x00,0x00,0x00,
    0x00,0x00,0x00,0x00,0x00,0x00,0x00,0x00,0x00,0x00,0x00,0x00,0x00,0x00,0x00,0x00,0x00,0x00,0x00,0x00,0x00,0x00,0x00,0x00,0x00,0x00,0x00,0x00,0x00,0x00,0x00,0x00,0x00,0x00,0x00,0x00,0x00,0x00,0x00,0x00,0x00,0x02,0x00,0x28,0x66,0x5c,0x31,0x24,0xa8,0xb1,0xa3,0xb0,0xb7,0xcc,0xe9,0xe9,0xe9,0xc2,0xcc,0xad,0xc9,0x89,0x81,0x94,0xbd,0x82,0x9b,0x79,0x88,0xe3,0x8c,0xd5,0x88,0x99,0x84,0x81,0x81,0x81,0x81,0x99,0x88,0xc4,0x8c,0xa5,0x94,0x9a,0xed,0x86,0xd4,0x94,0x88,0xd4,0x7e,0x40,0xb8,0xd1,0x90,0x85,0x8f,0x8f,0x9c,0xd6,0x9b,0x9a,0x48,0x12,0x0b,0x00,0x06,0x00,0x00,0x00,0x00,0x00,0x00,0x00,0x00,0x00,0x00,0x00,0x00,0x00,0x00,0x00,0x00,0x00,0x00,0x00,0x00,0x00,0x00,0x00,0x00,0x00,0x00,0x00,0x00,0x00,0x00,0x00,0x00,0x00,0x00,0x00,
    0x00,0x00,0x00,0x00,0x00,0x00,0x00,0x00,0x00,0x00,0x00,0x00,0x00,0x00,0x00,0x00,0x00,0x00,0x00,0x00,0x00,0x00,0x00,0x00,0x00,0x00,0x00,0x00,0x00,0x00,0x00,0x00,0x00,0x00,0x00,0x00,0x00,0x00,0x00,0x00,0x00,0x00,0x02,0x06,0x59,0x66,0x41,0x33,0x98,0xd6,0xb3,0x8f,0x78,0xa2,0xb1,0x22,0xa7,0xd4,0xbd,0x26,0x8c,0xc4,0x88,0x94,0xc9,0xa6,0xf1,0x96,0xef,0xeb,0x7e,0x47,0x88,0x99,0x81,0x81,0x81,0x81,0x81,0x99,0x88,0xc4,0xc0,0xf1,0xef,0xf0,0xf1,0xaf,0xc9,0x94,0x9a,0xa7,0x8c,0x32,0xc5,0xd3,0x90,0x85,0x78,0x78,0x78,0x97,0x33,0x35,0x9a,0x21,0x60,0x18,0x00,0x02,0x00,0x00,0x00,0x00,0x00,0x00,0x00,0x00,0x00,0x00,0x00,0x00,0x00,0x00,0x00,0x00,0x00,0x00,0x00,0x00,0x00,0x00,0x00,0x00,0x00,0x00,0x00,0x00,0x00,0x00,0x00,0x00,0x00,0x00,
    0x00,0x00,0x00,0x00,0x00,0x00,0x00,0x00,0x00,0x00,0x00,0x00,0x00,0x00,0x00,0x00,0x00,0x00,0x00,0x00,0x00,0x00,0x00,0x00,0x00,0x00,0x00,0x00,0x00,0x00,0x00,0x00,0x00,0x00,0x00,0x00,0x00,0x00,0x00,0x00,0x00,0x00,0x00,0x00,0x00,0x59,0x66,0x5c,0x16,0x85,0x85,0x78,0x78,0x8e,0x90,0xb0,0xac,0xc5,0xfe,0xad,0x8c,0x0f,0x94,0x9a,0x5e,0xaa,0xf1,0xf1,0xf0,0xf0,0xb2,0x22,0x88,0x99,0x81,0x81,0x81,0x81,0x81,0x99,0x88,0xa7,0xb2,0xf0,0xf0,0xf0,0xf0,0xeb,0x47,0x88,0x9a,0xc8,0xc9,0x26,0xdf,0xec,0xa1,0x8f,0x78,0x78,0x85,0x8e,0x33,0x4f,0x48,0x81,0x44,0x37,0x15,0x00,0x02,0x00,0x00,0x00,0x00,0x00,0x00,0x00,0x00,0x00,0x00,0x00,0x00,0x00,0x00,0x00,0x00,0x00,0x00,0x00,0x00,0x00,0x00,0x00,0x00,0x00,0x00,0x00,0x00,0x00,0x00,0x00,0x00,0x00,
    0x00,0x00,0x00,0x00,0x00,0x00,0x00,0x00,0x00,0x00,0x00,0x00,0x00,0x00,0x00,0x00,0x00,0x00,0x00,0x00,0x00,0x00,0x00,0x00,0x00,0x00,0x00,0x00,0x00,0x00,0x00,0x00,0x00,0x00,0x00,0x00,0x00,0x00,0x00,0x00,0x00,0x00,0x00,0x03,0x06,0x3b,0x34,0x51,0x8f,0x78,0x78,0x78,0x78,0x78,0x78,0xb3,0xf4,0xa4,0xb8,0x79,0xd4,0xc8,0x88,0x88,0xa7,0xaa,0xef,0xef,0x96,0xef,0xc1,0x9d,0x91,0x84,0x81,0x81,0x81,0x81,0x81,0x81,0x09,0x8a,0xc1,0xf0,0xef,0xef,0x9b,0xc1,0xc7,0x94,0x94,0xa9,0xa0,0xe3,0xf4,0xf4,0xb1,0x98,0x85,0x78,0x85,0x8e,0x56,0x31,0x2b,0x81,0x9a,0x99,0x60,0x0b,0x00,0x03,0x00,0x00,0x00,0x00,0x00,0x00,0x00,0x00,0x00,0x00,0x00,0x00,0x00,0x00,0x00,0x00,0x00,0x00,0x00,0x00,0x00,0x00,0x00,0x00,0x00,0x00,0x00,0x00,0x00,0x00,0x00,0x00,
    0x00,0x00,0x00,0x00,0x00,0x00,0x00,0x00,0x00,0x00,0x00,0x00,0x00,0x00,0x00,0x00,0x00,0x00,0x00,0x00,0x00,0x00,0x00,0x00,0x00,0x00,0x00,0x00,0x00,0x00,0x00,0x00,0x00,0x00,0x00,0x00,0x00,0x00,0x00,0x00,0x00,0x00,0x00,0x00,0x06,0x00,0x34,0x58,0xa2,0x8b,0x85,0x78,0x78,0x8f,0xb0,0xf5,0xec,0xd3,0xb5,0xa5,0x9b,0x26,0x79,0x79,0x81,0xe3,0xc4,0x9b,0xef,0xed,0xc8,0x9a,0x99,0x81,0x81,0x81,0x81,0x81,0x81,0x81,0x84,0x94,0xad,0xe3,0xd1,0xd1,0xed,0xc8,0x9a,0x81,0x99,0x9b,0x99,0xc4,0xc4,0xa9,0xb1,0x9c,0x85,0x78,0x85,0x8b,0x16,0x55,0x5d,0x2b,0x24,0x99,0x3e,0x34,0x1e,0x03,0x00,0x00,0x00,0x00,0x00,0x00,0x00,0x00,0x00,0x00,0x00,0x00,0x00,0x00,0x00,0x00,0x00,0x00,0x00,0x00,0x00,0x00,0x00,0x00,0x00,0x00,0x00,0x00,0x00,0x00,0x00,0x00,
    0x00,0x00,0x00,0x00,0x00,0x00,0x00,0x00,0x00,0x00,0x00,0x00,0x00,0x00,0x00,0x00,0x00,0x00,0x00,0x00,0x00,0x00,0x00,0x00,0x00,0x00,0x00,0x00,0x00,0x00,0x00,0x00,0x00,0x00,0x00,0x00,0x00,0x00,0x00,0x00,0x00,0x00,0x00,0x00,0x03,0x02,0x37,0x2d,0xb7,0x16,0x8f,0x78,0x85,0x8f,0x16,0xf4,0xfe,0xb7,0xc4,0xbe,0x88,0x99,0x99,0x96,0x79,0x96,0xc4,0xd4,0xbd,0xa7,0x91,0x84,0x81,0x81,0x81,0x84,0x99,0x81,0x81,0x81,0x81,0x84,0x9a,0xa5,0xc4,0xe3,0xa9,0xa0,0x99,0x9d,0x99,0x94,0x9d,0xbe,0xbd,0xe3,0xdc,0xda,0x8b,0x85,0x85,0x85,0x2f,0x57,0x34,0x00,0x41,0x9b,0x97,0x58,0x34,0x00,0x02,0x00,0x00,0x00,0x00,0x00,0x00,0x00,0x00,0x00,0x00,0x00,0x00,0x00,0x00,0x00,0x00,0x00,0x00,0x00,0x00,0x00,0x00,0x00,0x00,0x00,0x00,0x00,0x00,0x00,0x00,0x00,
    0x00,0x00,0x00,0x00,0x00,0x00,0x00,0x00,0x00,0x00,0x00,0x00,0x00,0x00,0x00,0x00,0x00,0x00,0x00,0x00,0x00,0x00,0x00,0x00,0x00,0x00,0x00,0x00,0x00,0x00,0x00,0x00,0x00,0x00,0x00,0x00,0x00,0x00,0x00,0x00,0x00,0x00,0x00,0x06,0x00,0x13,0x21,0x09,0x16,0x85,0x8f,0x78,0x85,0x90,0xa9,0xba,0xf5,0xc9,0xbd,0xb1,0x79,0x84,0x96,0x9f,0x9f,0x0f,0xad,0xa0,0x96,0x9a,0x84,0x81,0x81,0x81,0x81,0x99,0x8a,0x81,0x81,0x81,0x81,0x81,0x96,0x99,0x09,0xa8,0x27,0xad,0x8a,0x8a,0x96,0x91,0xad,0xb7,0x4a,0xb8,0xcb,0xf5,0x98,0x85,0x8f,0x8f,0x9c,0x3f,0x12,0x00,0x46,0x56,0x9c,0x27,0x45,0x00,0x02,0x00,0x00,0x00,0x00,0x00,0x00,0x00,0x00,0x00,0x00,0x00,0x00,0x00,0x00,0x00,0x00,0x00,0x00,0x00,0x00,0x00,0x00,0x00,0x00,0x00,0x00,0x00,0x00,0x00,0x00,0x00,
    0x00,0x00,0x00,0x00,0x00,0x00,0x00,0x00,0x00,0x00,0x00,0x00,0x00,0x00,0x00,0x00,0x00,0x00,0x00,0x00,0x00,0x00,0x00,0x00,0x00,0x00,0x00,0x00,0x00,0x00,0x00,0x00,0x00,0x00,0x00,0x00,0x00,0x03,0x02,0x03,0x07,0x04,0x06,0x00,0x5d,0x41,0x2f,0x9c,0x8f,0x8f,0x8b,0x78,0x98,0xb7,0xdf,0xa4,0xbd,0xc9,0xbb,0x40,0x9d,0x97,0x9f,0x9f,0x9f,0x9f,0x96,0x84,0x79,0x84,0x81,0x81,0x81,0x81,0x81,0x84,0x84,0x84,0x81,0x81,0x81,0x81,0x84,0x99,0x8a,0x9b,0x9c,0x9c,0x8a,0x96,0x8a,0x99,0xb1,0xf3,0xbb,0xca,0xb8,0xb8,0x16,0x91,0x84,0x79,0x99,0x97,0x57,0x46,0x2b,0x44,0x78,0x79,0x15,0x00,0x06,0x00,0x00,0x00,0x00,0x00,0x00,0x00,0x00,0x00,0x00,0x00,0x00,0x00,0x00,0x00,0x00,0x00,0x00,0x00,0x00,0x00,0x00,0x00,0x00,0x00,0x00,0x00,0x00,0x00,0x00,0x00,
    0x00,0x00,0x00,0x00,0x00,0x00,0x00,0x00,0x00,0x00,0x00,0x00,0x00,0x00,0x00,0x00,0x00,0x00,0x00,0x00,0x00,0x00,0x00,0x00,0x00,0x00,0x00,0x00,0x00,0x00,0x00,0x00,0x00,0x00,0x00,0x00,0x00,0x00,0x00,0x00,0x00,0x00,0x02,0x0b,0x2b,0x3e,0x2f,0x85,0x85,0x78,0x8f,0x78,0x8e,0xf7,0xe3,0x6d,0xbb,0xce,0x42,0xf2,0xad,0x99,0x2f,0x9f,0xa1,0x8a,0x8a,0x8a,0x84,0x81,0x81,0x81,0x81,0x81,0x84,0x09,0x91,0x91,0x84,0x81,0x81,0x81,0x81,0x81,0x96,0x8a,0x8a,0x8a,0x8a,0x96,0x96,0x9b,0xb1,0x9e,0xce,0xf2,0xf2,0xe3,0xd9,0x8e,0x9c,0x8f,0x8f,0x85,0x98,0x31,0x12,0x56,0x78,0x9a,0x13,0x00,0x06,0x00,0x00,0x00,0x00,0x00,0x00,0x00,0x00,0x00,0x00,0x00,0x00,0x00,0x00,0x00,0x00,0x00,0x00,0x00,0x00,0x00,0x00,0x00,0x00,0x00,0x00,0x00,0x00,0x00,0x00,0x00,
    0x00,0x00,0x00,0x00,0x00,0x00,0x00,0x00,0x00,0x00,0x00,0x00,0x00,0x00,0x00,0x00,0x00,0x00,0x00,0x00,0x00,0x00,0x00,0x00,0x00,0x00,0x00,0x00,0x00,0x00,0x00,0x00,0x00,0x00,0x00,0x03,0x00,0x10,0x18,0x45,0x45,0x5d,0x18,0x49,0x24,0x81,0x78,0x85,0x78,0x78,0x85,0x90,0xd3,0xdf,0xd6,0x42,0xf2,0xbb,0x4d,0xf3,0x40,0x79,0x8a,0x96,0x8a,0x8a,0x8a,0x96,0x81,0x81,0x81,0x81,0x81,0x84,0x91,0xa5,0xbb,0xad,0x09,0x84,0x81,0x81,0x81,0x81,0x84,0x8a,0x8a,0x8a,0x8a,0x9b,0x81,0x0f,0xbb,0xf3,0x42,0xf3,0x4d,0xfe,0xcb,0xf5,0x8b,0x85,0x78,0x78,0x78,0x2f,0x57,0x8a,0x84,0x9a,0x15,0x00,0x06,0x00,0x00,0x00,0x00,0x00,0x00,0x00,0x00,0x00,0x00,0x00,0x00,0x00,0x00,0x00,0x00,0x00,0x00,0x00,0x00,0x00,0x00,0x00,0x00,0x00,0x00,0x00,0x00,0x00,0x00,0x00,
    0x00,0x00,0x00,0x00,0x00,0x00,0x00,0x00,0x00,0x00,0x00,0x00,0x00,0x00,0x00,0x00,0x00,0x00,0x00,0x00,0x00,0x00,0x00,0x00,0x00,0x00,0x00,0x00,0x00,0x00,0x00,0x00,0x00,0x00,0x03,0x04,0x06,0x29,0x24,0x48,0x21,0x21,0x3f,0x99,0xa8,0x78,0x78,0x78,0x78,0x85,0x90,0xbe,0xa4,0xa4,0x27,0x40,0xbb,0xce,0x42,0x9e,0x4a,0x9b,0x81,0x8a,0x8a,0x8a,0x8a,0x84,0x81,0x81,0x81,0x81,0x81,0x81,0x84,0xce,0xce,0x4a,0x96,0x79,0x81,0x81,0x81,0x81,0x81,0x99,0x96,0x8a,0x96,0x8a,0x91,0xca,0xce,0xce,0xbb,0x40,0x97,0xd3,0xba,0xde,0xb3,0x8b,0x78,0x78,0x85,0x78,0x8e,0x96,0x84,0x44,0x13,0x00,0x02,0x00,0x00,0x00,0x00,0x00,0x00,0x00,0x00,0x00,0x00,0x00,0x00,0x00,0x00,0x00,0x00,0x00,0x00,0x00,0x00,0x00,0x00,0x00,0x00,0x00,0x00,0x00,0x00,0x00,0x00,0x00,
    0x00,0x00,0x00,0x00,0x00,0x00,0x00,0x00,0x00,0x00,0x00,0x00,0x00,0x00,0x00,0x00,0x00,0x00,0x00,0x00,0x00,0x00,0x00,0x00,0x00,0x00,0x00,0x00,0x00,0x00,0x00,0x00,0x00,0x03,0x02,0x06,0x29,0x48,0x9a,0x97,0x98,0x98,0x97,0x8f,0x85,0x78,0x8e,0x90,0x78,0x8e,0x27,0xde,0x19,0xcb,0xd1,0x88,0x9d,0xca,0x4a,0x4d,0xce,0x26,0x88,0x99,0x84,0x99,0x81,0x81,0x81,0x81,0x81,0x81,0x81,0x84,0x09,0xe4,0xce,0x40,0x81,0x81,0x81,0x81,0x81,0x81,0x81,0x81,0x81,0x81,0x99,0x88,0xad,0x22,0x9f,0xca,0xad,0x88,0xa2,0xc5,0xa4,0xa4,0xbe,0x90,0x78,0x8e,0x8b,0x8e,0x8f,0x99,0x94,0x3f,0x34,0x00,0x02,0x00,0x00,0x00,0x00,0x00,0x00,0x00,0x00,0x00,0x00,0x00,0x00,0x00,0x00,0x00,0x00,0x00,0x00,0x00,0x00,0x00,0x00,0x00,0x00,0x00,0x00,0x00,0x00,0x00,0x00,0x00,
    0x00,0x00,0x00,0x00,0x00,0x00,0x00,0x00,0x00,0x00,0x00,0x00,0x00,0x00,0x00,0x00,0x00,0x00,0x00,0x00,0x00,0x00,0x00,0x00,0x00,0x00,0x00,0x00,0x00,0x00,0x00,0x00,0x00,0x02,0x00,0x12,0x48,0x79,0x2f,0x85,0x85,0x85,0x85,0x8f,0x85,0x8b,0x90,0x97,0x9c,0xa1,0xd9,0xab,0x95,0xc5,0xb8,0x9d,0x88,0x9b,0x32,0xa0,0x96,0x26,0xa0,0x88,0x99,0x81,0x81,0x81,0x81,0x81,0x81,0x81,0x81,0x81,0x79,0x94,0x96,0x91,0x79,0x81,0x81,0x81,0x81,0x81,0x81,0x81,0x81,0x99,0x9a,0x9b,0xca,0x79,0x88,0xc4,0x9c,0xa5,0xb8,0xba,0xa4,0xba,0xd3,0x8e,0x85,0x90,0x97,0x98,0x16,0xc3,0x41,0x2b,0x06,0x03,0x00,0x00,0x00,0x00,0x00,0x00,0x00,0x00,0x00,0x00,0x00,0x00,0x00,0x00,0x00,0x00,0x00,0x00,0x00,0x00,0x00,0x00,0x00,0x00,0x00,0x00,0x00,0x00,0x00,0x00,0x00,0x00,
    0x00,0x00,0x00,0x00,0x00,0x00,0x00,0x00,0x00,0x00,0x00,0x00,0x00,0x00,0x00,0x00,0x00,0x00,0x00,0x00,0x00,0x00,0x00,0x00,0x00,0x00,0x00,0x00,0x00,0x00,0x00,0x00,0x02,0x00,0x30,0x5f,0x97,0x85,0x85,0x85,0x78,0x8f,0x85,0xb3,0x8e,0x8e,0x90,0x97,0x90,0xdc,0xb6,0x87,0x95,0xc5,0xd2,0xdf,0xd1,0x9f,0xe0,0xa5,0x09,0xd1,0xd4,0x9d,0x9a,0x99,0x99,0x81,0x81,0x81,0x81,0x81,0x81,0x81,0x81,0x84,0x79,0x84,0x81,0x81,0x81,0x81,0x81,0x81,0x84,0x99,0x79,0x88,0x9f,0xb9,0xb8,0xf5,0xfe,0xe0,0xe3,0xdf,0xcb,0xb6,0xa4,0xb6,0xd3,0x8b,0x78,0x8e,0x8b,0x85,0x8e,0xac,0x55,0x5d,0x01,0x07,0x00,0x00,0x00,0x00,0x00,0x00,0x00,0x00,0x00,0x00,0x00,0x00,0x00,0x00,0x00,0x00,0x00,0x00,0x00,0x00,0x00,0x00,0x00,0x00,0x00,0x00,0x00,0x00,0x00,0x00,0x00,0x00,
    0x00,0x00,0x00,0x00,0x00,0x00,0x00,0x00,0x00,0x00,0x00,0x00,0x00,0x00,0x00,0x00,0x00,0x00,0x00,0x00,0x00,0x00,0x00,0x00,0x00,0x00,0x00,0x00,0x00,0x00,0x00,0x00,0x06,0x00,0x15,0x9d,0x2f,0x85,0x78,0x8e,0x8b,0x98,0xe4,0xa0,0xa8,0x90,0x9c,0x98,0xad,0xa4,0xab,0xb6,0x92,0xa4,0xd2,0xee,0xee,0xb8,0xf9,0xb8,0xc5,0xa4,0xcb,0xb8,0xd1,0x91,0x9a,0x79,0x84,0x99,0x84,0x84,0x81,0x81,0x81,0x81,0x81,0x81,0x81,0x81,0x81,0x84,0x99,0x99,0x91,0x88,0x97,0xc8,0xb2,0xd2,0xcb,0xcb,0xcd,0xff,0xd7,0xee,0xa4,0xab,0xa4,0x92,0xd3,0x8b,0x78,0x78,0x85,0x78,0x85,0x90,0xac,0x4e,0x00,0x03,0x00,0x00,0x00,0x00,0x00,0x00,0x00,0x00,0x00,0x00,0x00,0x00,0x00,0x00,0x00,0x00,0x00,0x00,0x00,0x00,0x00,0x00,0x00,0x00,0x00,0x00,0x00,0x00,0x00,0x00,0x00,0x00,
    0x00,0x00,0x00,0x00,0x00,0x00,0x00,0x00,0x00,0x00,0x00,0x00,0x00,0x00,0x00,0x00,0x00,0x00,0x00,0x00,0x00,0x00,0x00,0x00,0x00,0x00,0x00,0x00,0x00,0x00,0x00,0x00,0x02,0x00,0x18,0x91,0x84,0x97,0x98,0x85,0x90,0xac,0xa2,0x98,0x78,0x8f,0x85,0x8e,0xdc,0xba,0xb6,0xb6,0xab,0xa4,0xcb,0xba,0xb8,0xfa,0xfb,0xf9,0xfa,0xec,0xb6,0xd2,0xd7,0xf7,0xbe,0x8a,0x9a,0x9a,0x94,0x09,0x84,0x84,0x84,0x84,0x84,0x84,0x84,0x84,0x81,0x94,0x88,0x9a,0x9f,0xc8,0xb8,0xd7,0xc6,0xc6,0xcb,0xfa,0xfb,0xf6,0xff,0xfa,0xba,0xab,0xa4,0xab,0xd3,0x8b,0x85,0x78,0x78,0x78,0x78,0x90,0xe4,0x6a,0x3c,0x00,0x07,0x00,0x00,0x00,0x00,0x00,0x00,0x00,0x00,0x00,0x00,0x00,0x00,0x00,0x00,0x00,0x00,0x00,0x00,0x00,0x00,0x00,0x00,0x00,0x00,0x00,0x00,0x00,0x00,0x00,0x00,0x00,
    0x00,0x00,0x00,0x00,0x00,0x00,0x00,0x00,0x00,0x00,0x00,0x00,0x00,0x00,0x00,0x00,0x00,0x00,0x00,0x00,0x00,0x00,0x00,0x00,0x00,0x00,0x00,0x00,0x00,0x00,0x00,0x00,0x02,0x00,0x18,0x99,0x96,0xb3,0x3e,0x31,0x41,0xb3,0x9c,0x85,0x8b,0x78,0x8b,0xa1,0xd9,0xb6,0xab,0x92,0x87,0xb6,0xa4,0x95,0xfd,0xfb,0xf6,0xf6,0xf9,0xdb,0xab,0xc6,0xee,0xc6,0xdf,0xd9,0xdc,0xa7,0xa0,0x8a,0x91,0x94,0x79,0x09,0x91,0x09,0x91,0x94,0x99,0x9d,0xa7,0xe3,0xb8,0xa4,0xee,0xc6,0xc6,0xc6,0xb6,0xc5,0xfb,0xf6,0xfb,0xec,0x19,0xe6,0xdb,0xab,0xc8,0x98,0x85,0x78,0x78,0x8f,0xb3,0x27,0xa2,0x5e,0x6c,0x00,0x02,0x00,0x00,0x00,0x00,0x00,0x00,0x00,0x00,0x00,0x00,0x00,0x00,0x00,0x00,0x00,0x00,0x00,0x00,0x00,0x00,0x00,0x00,0x00,0x00,0x00,0x00,0x00,0x00,0x00,0x00,0x00,
    0x00,0x00,0x00,0x00,0x00,0x00,0x00,0x00,0x00,0x00,0x00,0x00,0x00,0x00,0x00,0x00,0x00,0x00,0x00,0x00,0x00,0x00,0x00,0x00,0x00,0x00,0x00,0x00,0x00,0x00,0x00,0x00,0x02,0x07,0x18,0x99,0x2f,0x59,0x34,0x35,0x48,0x09,0x99,0xa8,0xa5,0xdc,0xa1,0xa1,0xde,0xab,0x92,0x87,0x87,0x92,0xb6,0x19,0xbf,0xf8,0xf6,0xf6,0xfd,0xbf,0x92,0xee,0xc6,0xc6,0xba,0x19,0xba,0xd7,0xd7,0xb8,0xf7,0xbb,0xf3,0x9f,0xd8,0x9f,0xa2,0x42,0xf7,0xb8,0xd2,0xd2,0xcb,0x19,0xcb,0xd2,0xd2,0xc6,0xab,0xde,0xf9,0xf9,0xff,0xa4,0x19,0xa4,0xba,0xde,0x16,0x78,0x85,0x78,0x85,0x8e,0x56,0x12,0x35,0x53,0x3a,0x10,0x04,0x00,0x00,0x00,0x00,0x00,0x00,0x00,0x00,0x00,0x00,0x00,0x00,0x00,0x00,0x00,0x00,0x00,0x00,0x00,0x00,0x00,0x00,0x00,0x00,0x00,0x00,0x00,0x00,0x00,0x00,0x00,
    0x00,0x00,0x00,0x00,0x00,0x00,0x00,0x00,0x00,0x00,0x00,0x00,0x00,0x00,0x00,0x00,0x00,0x00,0x00,0x00,0x00,0x00,0x00,0x00,0x00,0x00,0x00,0x00,0x00,0x00,0x00,0x00,0x02,0x00,0x0b,0x62,0xc8,0x5f,0x24,0x53,0x97,0x78,0x9c,0x9c,0xd9,0xb6,0xdc,0xda,0xd9,0xbf,0x92,0x92,0x92,0x87,0xab,0x87,0x87,0xf8,0xf8,0xf8,0xf8,0xbf,0x87,0xee,0xc6,0xd2,0xc5,0xa4,0xc5,0xd7,0xd7,0xc6,0xc6,0xf7,0x9e,0x9e,0x9e,0x9e,0xe5,0x42,0xd2,0xd2,0xd7,0xd7,0xdf,0xdb,0xdf,0xd2,0xc6,0xee,0xbf,0xec,0xfd,0xba,0xfa,0xec,0xbf,0xb8,0xc5,0xa5,0x8e,0x90,0x78,0x78,0x8f,0x97,0x21,0x29,0x29,0x44,0x59,0x5d,0x00,0x03,0x00,0x00,0x00,0x00,0x00,0x00,0x00,0x00,0x00,0x00,0x00,0x00,0x00,0x00,0x00,0x00,0x00,0x00,0x00,0x00,0x00,0x00,0x00,0x00,0x00,0x00,0x00,0x00,0x00,0x00,
    0x00,0x00,0x00,0x00,0x00,0x00,0x00,0x00,0x00,0x00,0x00,0x00,0x00,0x00,0x00,0x00,0x00,0x00,0x00,0x00,0x00,0x00,0x00,0x00,0x00,0x00,0x00,0x00,0x00,0x00,0x00,0x07,0x02,0x3c,0x4e,0x53,0xc7,0xad,0x99,0xae,0xb1,0x8e,0x78,0xda,0xdb,0x19,0xab,0xdc,0xdc,0xbf,0x92,0x92,0x92,0x92,0x92,0x92,0x92,0xc5,0xbf,0x92,0xdb,0x87,0x87,0xcb,0xd7,0xdd,0x7c,0x80,0x86,0x86,0x86,0x7e,0x80,0x5e,0x9e,0x9e,0x9e,0x9e,0x9e,0x4d,0xdd,0x80,0x86,0x86,0x82,0x82,0x7a,0xdd,0xd7,0xcb,0x87,0x92,0xbf,0x95,0xab,0xab,0xde,0xac,0x85,0x98,0xa1,0xbe,0x97,0x97,0x99,0x79,0x2d,0x46,0x54,0x4c,0x52,0x02,0x07,0x00,0x00,0x00,0x00,0x00,0x00,0x00,0x00,0x00,0x00,0x00,0x00,0x00,0x00,0x00,0x00,0x00,0x00,0x00,0x00,0x00,0x00,0x00,0x00,0x00,0x00,0x00,0x00,0x00,0x00,0x00,
    0x00,0x00,0x00,0x00,0x00,0x00,0x00,0x00,0x00,0x00,0x00,0x00,0x00,0x00,0x00,0x00,0x00,0x00,0x00,0x00,0x00,0x00,0x00,0x00,0x00,0x00,0x00,0x00,0x00,0x00,0x03,0x07,0x01,0x31,0x27,0xa0,0x9d,0x9d,0x6d,0x8a,0xa7,0x16,0xa8,0xa3,0xde,0x95,0x87,0x92,0xec,0x87,0x95,0x95,0x95,0x87,0x92,0x92,0x92,0x95,0x92,0x87,0x95,0xab,0x95,0xdf,0x80,0x7d,0x83,0x7a,0x82,0x82,0x86,0x82,0x8c,0xe0,0x9e,0x9e,0x9e,0x9e,0xd8,0xe4,0x8c,0x86,0x86,0x86,0x86,0x86,0x7a,0x7d,0x86,0xdf,0x95,0x92,0x92,0x92,0x87,0xab,0xdc,0x90,0x8e,0xb3,0xec,0xdf,0xf5,0x94,0x84,0x9c,0x9c,0x9f,0x22,0x38,0x00,0x00,0x00,0x00,0x00,0x00,0x00,0x00,0x00,0x00,0x00,0x00,0x00,0x00,0x00,0x00,0x00,0x00,0x00,0x00,0x00,0x00,0x00,0x00,0x00,0x00,0x00,0x00,0x00,0x00,0x00,0x00,0x00,0x00,
    0x00,0x00,0x00,0x00,0x00,0x00,0x00,0x00,0x00,0x00,0x00,0x00,0x00,0x00,0x00,0x00,0x00,0x00,0x00,0x00,0x00,0x00,0x00,0x00,0x00,0x00,0x00,0x00,0x00,0x00,0x03,0x03,0x45,0x55,0x9b,0x94,0x9d,0xd8,0xe4,0x8a,0xa5,0x6d,0x0f,0xa1,0xec,0xbf,0xab,0x92,0x87,0x92,0x87,0x87,0x87,0x87,0x92,0x92,0x87,0x87,0x87,0x92,0x92,0x95,0xe6,0xdd,0x7f,0x7d,0x7a,0x7c,0x7e,0x86,0x86,0x86,0x8c,0xa9,0x9f,0x9e,0x9e,0x9e,0x9f,0x9b,0xe0,0x8c,0x86,0x86,0x82,0x7e,0x7a,0x7d,0x86,0xdd,0xab,0x87,0x92,0x92,0x92,0xb6,0xd3,0x8e,0x85,0xdc,0xba,0xba,0xa4,0xac,0x99,0x85,0x85,0x98,0x0f,0x43,0x10,0x00,0x00,0x00,0x00,0x00,0x00,0x00,0x00,0x00,0x00,0x00,0x00,0x00,0x00,0x00,0x00,0x00,0x00,0x00,0x00,0x00,0x00,0x00,0x00,0x00,0x00,0x00,0x00,0x00,0x00,0x00,0x00,0x00,
    0x00,0x00,0x00,0x00,0x00,0x00,0x00,0x00,0x00,0x00,0x00,0x00,0x00,0x00,0x00,0x00,0x00,0x00,0x00,0x00,0x00,0x00,0x00,0x00,0x00,0x00,0x00,0x00,0x00,0x00,0x02,0x00,0x4c,0x9d,0x9d,0x9f,0x81,0xa2,0x4d,0x8a,0x9b,0x7a,0x8c,0xca,0xd3,0x95,0x95,0x19,0x92,0x92,0x92,0x92,0x92,0x87,0xab,0xba,0x95,0x95,0x87,0x92,0x87,0xe6,0x89,0x86,0x7e,0x7c,0x7c,0x7c,0x7c,0x7c,0x82,0x93,0x40,0x91,0x81,0x96,0x9f,0x96,0x81,0x84,0x84,0xce,0x86,0x7f,0x7c,0x7c,0x7c,0x7c,0x80,0x8c,0xcd,0x87,0x95,0x87,0x87,0xbf,0xd9,0x90,0xac,0xa4,0xab,0xba,0xb6,0xdc,0x8b,0x85,0x85,0x9c,0x5c,0x43,0x12,0x15,0x00,0x02,0x00,0x00,0x00,0x00,0x00,0x00,0x00,0x00,0x00,0x00,0x00,0x00,0x00,0x00,0x00,0x00,0x00,0x00,0x00,0x00,0x00,0x00,0x00,0x00,0x00,0x00,0x00,0x00,0x00,0x00,
    0x00,0x00,0x00,0x00,0x00,0x00,0x00,0x00,0x00,0x00,0x00,0x00,0x00,0x00,0x00,0x00,0x00,0x00,0x00,0x00,0x00,0x00,0x00,0x00,0x00,0x00,0x00,0x00,0x00,0x00,0x4b,0x00,0x69,0x22,0x99,0x81,0x81,0x9e,0x9e,0x9a,0x96,0x89,0x7a,0x7d,0xe7,0xcd,0xcd,0xf4,0x92,0xbf,0x92,0x92,0x92,0x87,0x92,0xba,0x87,0x92,0x92,0x92,0x87,0xcd,0x82,0x7e,0x80,0x7c,0x7c,0x7c,0x7c,0x7c,0x7d,0x7a,0xca,0x91,0x91,0x81,0x09,0x79,0x81,0x88,0x9b,0xc9,0x7a,0x7b,0x7c,0x7c,0x7c,0x7c,0x7c,0x7d,0x82,0xcd,0x19,0x87,0x95,0x95,0xe6,0xc7,0xac,0xba,0xbf,0x92,0xbf,0xd9,0xa1,0x8b,0x85,0x78,0x8f,0xb3,0x9f,0x13,0x00,0x06,0x00,0x00,0x00,0x00,0x00,0x00,0x00,0x00,0x00,0x00,0x00,0x00,0x00,0x00,0x00,0x00,0x00,0x00,0x00,0x00,0x00,0x00,0x00,0x00,0x00,0x00,0x00,0x00,0x00,0x00,
    0x00,0x00,0x00,0x00,0x00,0x00,0x00,0x00,0x00,0x00,0x00,0x00,0x00,0x00,0x00,0x00,0x00,0x00,0x00,0x00,0x00,0x00,0x00,0x00,0x00,0x00,0x00,0x00,0x00,0x00,0x02,0x00,0x38,0x9b,0x96,0x09,0xd8,0xf3,0x9e,0x9a,0xa9,0x82,0x7b,0x7b,0x86,0x82,0x7f,0x82,0xbc,0xfc,0x95,0x92,0x92,0x92,0x87,0xab,0x92,0x92,0xab,0x19,0xa4,0x82,0x7d,0x7d,0x7d,0x7c,0x7c,0x7c,0x7c,0x7c,0x7c,0x7c,0x86,0x5e,0x9b,0x84,0x81,0x96,0x8a,0xbe,0xe7,0x80,0x83,0x7c,0x7c,0x7c,0x7c,0x7c,0x7c,0x7c,0x83,0x82,0xc5,0x95,0x92,0x87,0x95,0xfc,0x26,0xfc,0xbf,0x92,0x95,0xde,0xb3,0x8e,0x85,0x8b,0x8e,0x16,0x33,0x13,0x00,0x06,0x00,0x00,0x00,0x00,0x00,0x00,0x00,0x00,0x00,0x00,0x00,0x00,0x00,0x00,0x00,0x00,0x00,0x00,0x00,0x00,0x00,0x00,0x00,0x00,0x00,0x00,0x00,0x00,0x00,0x00,
    0x00,0x00,0x00,0x00,0x00,0x00,0x00,0x00,0x00,0x00,0x00,0x00,0x00,0x00,0x00,0x00,0x00,0x00,0x00,0x00,0x00,0x00,0x00,0x00,0x00,0x00,0x00,0x00,0x00,0x00,0x02,0x00,0x4c,0x84,0x79,0x9f,0xa2,0x9b,0x9f,0xb7,0x7f,0x7f,0x7c,0x7a,0x80,0x7a,0x7b,0x83,0x7f,0xa6,0xe6,0x87,0x92,0x92,0x92,0x92,0xbf,0x95,0x95,0xdb,0xcd,0x82,0x80,0x80,0x7f,0x7c,0x7c,0x7c,0x7c,0x7c,0x8d,0x93,0x08,0x82,0xe0,0xd8,0x99,0x8a,0xbb,0x7a,0x7e,0x7b,0x7e,0x7a,0x7c,0x7c,0x7c,0x7c,0x7f,0x80,0x7e,0x80,0xcd,0x95,0x92,0x87,0x87,0x95,0xdb,0xde,0xbf,0x92,0xbf,0xde,0xca,0xb3,0x8b,0xb7,0x40,0x31,0x15,0x06,0x03,0x00,0x00,0x00,0x00,0x00,0x00,0x00,0x00,0x00,0x00,0x00,0x00,0x00,0x00,0x00,0x00,0x00,0x00,0x00,0x00,0x00,0x00,0x00,0x00,0x00,0x00,0x00,0x00,0x00,0x00,0x00,
    0x00,0x00,0x00,0x00,0x00,0x00,0x00,0x00,0x00,0x00,0x00,0x00,0x00,0x00,0x00,0x00,0x00,0x00,0x00,0x00,0x00,0x00,0x00,0x00,0x00,0x00,0x00,0x00,0x00,0x00,0x07,0x00,0x45,0x24,0x09,0x84,0x81,0x88,0xa5,0x89,0x7a,0x77,0x7c,0x7c,0x80,0x83,0x83,0x77,0x93,0x7e,0xcd,0x95,0x87,0x92,0x92,0x87,0xfc,0xdb,0xcd,0x7e,0x7e,0x77,0x7c,0x7f,0x80,0x80,0x7f,0x7c,0x7c,0x7c,0x7d,0x7b,0x7d,0x89,0x89,0x32,0x88,0xd1,0xe0,0x89,0x7c,0x7c,0x7a,0x7c,0x7c,0x7c,0x7e,0x80,0x82,0x7e,0x7b,0x7f,0x7c,0xe6,0xbf,0x95,0x95,0x87,0xbf,0xba,0x92,0x87,0xbf,0xdb,0x47,0x9c,0x2f,0x55,0x6c,0x3b,0x00,0x04,0x00,0x00,0x00,0x00,0x00,0x00,0x00,0x00,0x00,0x00,0x00,0x00,0x00,0x00,0x00,0x00,0x00,0x00,0x00,0x00,0x00,0x00,0x00,0x00,0x00,0x00,0x00,0x00,0x00,0x00,0x00,0x00,
    0x00,0x00,0x00,0x00,0x00,0x00,0x00,0x00,0x00,0x00,0x00,0x00,0x00,0x00,0x00,0x00,0x00,0x00,0x00,0x00,0x00,0x00,0x00,0x00,0x00,0x00,0x00,0x00,0x00,0x00,0x04,0x07,0x02,0x29,0x44,0x8a,0x88,0xc8,0x93,0x7e,0x77,0x7c,0x7b,0x7e,0x7a,0x8d,0x77,0x77,0x7b,0x7d,0x82,0xb8,0x87,0x95,0x19,0xdb,0x89,0x7c,0x7a,0x83,0x7b,0x7b,0x7d,0x77,0x77,0x7a,0x80,0x82,0x80,0x7f,0x7c,0x7f,0x80,0x7c,0x7b,0x80,0xbd,0xb5,0x7a,0x7a,0x7a,0x80,0x7c,0x7f,0x80,0x86,0x86,0x7f,0x7d,0x7b,0x77,0x7a,0xbc,0x87,0x87,0x87,0x87,0x87,0x92,0xab,0xb6,0xa4,0xb6,0xb6,0xd3,0x90,0x62,0x34,0x06,0x00,0x02,0x00,0x00,0x00,0x00,0x00,0x00,0x00,0x00,0x00,0x00,0x00,0x00,0x00,0x00,0x00,0x00,0x00,0x00,0x00,0x00,0x00,0x00,0x00,0x00,0x00,0x00,0x00,0x00,0x00,0x00,0x00,0x00,0x00,
    0x00,0x00,0x00,0x00,0x00,0x00,0x00,0x00,0x00,0x00,0x00,0x00,0x00,0x00,0x00,0x00,0x00,0x00,0x00,0x00,0x00,0x00,0x00,0x00,0x00,0x00,0x00,0x00,0x00,0x00,0x00,0x07,0x00,0x15,0x0a,0xb5,0xd4,0x82,0x7e,0x7d,0x7a,0x7c,0x7c,0x82,0x7a,0x7c,0x7d,0x77,0x7c,0x7c,0x7d,0x86,0xcd,0xc5,0xcd,0x7b,0x7a,0x83,0x8d,0x77,0x7d,0x7c,0x7c,0x7c,0x7c,0x7c,0x7c,0x7e,0x82,0x82,0x86,0xb5,0xe7,0x80,0x7a,0x7c,0x86,0x7f,0x7c,0x7c,0x7d,0xb9,0x80,0x82,0x80,0x7e,0x7a,0x7c,0x7c,0x7a,0x7a,0x7a,0xdd,0xab,0xab,0xab,0x87,0x92,0x92,0x92,0x87,0x61,0xdb,0xbf,0xfc,0xc7,0x84,0x29,0x00,0x06,0x00,0x00,0x00,0x00,0x00,0x00,0x00,0x00,0x00,0x00,0x00,0x00,0x00,0x00,0x00,0x00,0x00,0x00,0x00,0x00,0x00,0x00,0x00,0x00,0x00,0x00,0x00,0x00,0x00,0x00,0x00,0x00,0x00,0x00,
    0x00,0x00,0x00,0x00,0x00,0x00,0x00,0x00,0x00,0x00,0x00,0x00,0x00,0x00,0x00,0x00,0x00,0x00,0x00,0x00,0x00,0x00,0x00,0x00,0x00,0x00,0x00,0x00,0x00,0x00,0x00,0x04,0x00,0x3d,0x2c,0x82,0x25,0x7d,0x7b,0x7d,0x7d,0x7d,0x82,0x7f,0x7b,0x7c,0x7c,0x7b,0x7b,0x7b,0x7b,0x7c,0x7e,0x7e,0x7e,0x77,0x8d,0x77,0x77,0x77,0x7d,0x7a,0x7c,0x7c,0x7d,0x7b,0x77,0x77,0x7b,0x7b,0x7e,0xa6,0xa6,0x8c,0x86,0x82,0x7b,0x7f,0x82,0x82,0x7e,0xb4,0x7b,0x93,0x93,0x83,0x7b,0x7c,0x7c,0x7c,0x7a,0x7d,0x82,0xf4,0xc5,0xde,0xbf,0x92,0x92,0x92,0x19,0x19,0x68,0x6b,0x95,0x73,0x33,0x15,0x00,0x02,0x00,0x00,0x00,0x00,0x00,0x00,0x00,0x00,0x00,0x00,0x00,0x00,0x00,0x00,0x00,0x00,0x00,0x00,0x00,0x00,0x00,0x00,0x00,0x00,0x00,0x00,0x00,0x00,0x00,0x00,0x00,0x00,0x00,0x00,
    0x00,0x00,0x00,0x00,0x00,0x00,0x00,0x00,0x00,0x00,0x00,0x00,0x00,0x00,0x00,0x00,0x00,0x00,0x00,0x00,0x00,0x00,0x00,0x00,0x00,0x00,0x00,0x00,0x00,0x00,0x00,0x00,0x01,0x03,0x0d,0x93,0x08,0x7b,0x7d,0x77,0x83,0x7e,0x7f,0x8d,0x77,0x77,0x7b,0x77,0x77,0x77,0x83,0x77,0x80,0x77,0x83,0x7b,0x77,0x77,0x77,0x77,0x7d,0x7a,0x7c,0x7a,0x7b,0x7b,0x7b,0x7b,0x7c,0x7d,0x7e,0xcf,0xa6,0x82,0x7f,0x7c,0x7d,0x7f,0x7e,0x80,0x86,0xb4,0x8d,0x8d,0x77,0x77,0x7c,0x7c,0x7c,0x7f,0x7c,0x7c,0x7f,0xdd,0xd3,0xd9,0xbf,0x92,0x92,0x92,0x95,0x72,0x67,0x61,0x87,0x6b,0x68,0x00,0x03,0x00,0x00,0x00,0x00,0x00,0x00,0x00,0x00,0x00,0x00,0x00,0x00,0x00,0x00,0x00,0x00,0x00,0x00,0x00,0x00,0x00,0x00,0x00,0x00,0x00,0x00,0x00,0x00,0x00,0x00,0x00,0x00,0x00,0x00,0x00,
    0x00,0x00,0x00,0x00,0x00,0x00,0x00,0x00,0x00,0x00,0x00,0x00,0x00,0x00,0x00,0x00,0x00,0x00,0x00,0x00,0x00,0x00,0x00,0x00,0x00,0x00,0x00,0x00,0x00,0x00,0x00,0x00,0x4b,0x00,0x1d,0x0a,0x23,0x77,0x7b,0x7b,0x7e,0x82,0x7b,0x77,0x77,0x77,0x77,0x77,0x77,0x77,0x77,0x8d,0x7e,0x7e,0x8d,0x7c,0x77,0x77,0x7b,0x7c,0x7c,0x7f,0x7f,0x7f,0x7d,0x7c,0x7c,0x7c,0x7c,0x7d,0x82,0xe1,0xbc,0x7d,0x93,0x93,0x77,0x77,0x7d,0x7b,0x7e,0xb9,0xa6,0x7a,0x7d,0x7d,0x7c,0x7a,0x7f,0x80,0x7c,0x8d,0x08,0x7c,0xfd,0xe6,0xbf,0x87,0xbf,0xe6,0x61,0x67,0x39,0x61,0xe6,0x68,0x39,0x07,0x07,0x00,0x00,0x00,0x00,0x00,0x00,0x00,0x00,0x00,0x00,0x00,0x00,0x00,0x00,0x00,0x00,0x00,0x00,0x00,0x00,0x00,0x00,0x00,0x00,0x00,0x00,0x00,0x00,0x00,0x00,0x00,0x00,0x00,0x00,0x00,
    0x00,0x00,0x00,0x00,0x00,0x00,0x00,0x00,0x00,0x00,0x00,0x00,0x00,0x00,0x00,0x00,0x00,0x00,0x00,0x00,0x00,0x00,0x00,0x00,0x00,0x00,0x00,0x00,0x00,0x00,0x00,0x00,0x04,0x01,0x3d,0x1b,0x20,0x7e,0x7e,0x80,0x82,0x7a,0x7b,0x77,0x77,0x77,0x77,0x77,0x77,0x77,0x77,0x77,0x7b,0x80,0x77,0x7b,0x7b,0x83,0x7d,0x7a,0x7c,0x7e,0x80,0x7c,0x7c,0x7c,0x7c,0x7d,0x7b,0x7b,0x7e,0xb2,0xbc,0x7b,0x8d,0x77,0x7b,0x77,0x77,0x8d,0x7f,0xb9,0xbc,0x7f,0x7c,0x7c,0x7c,0x7a,0x82,0x7f,0x7c,0x8d,0x93,0x7c,0xdd,0x61,0x6b,0x6b,0x73,0x68,0x67,0x5d,0x76,0x61,0x68,0x67,0x00,0x03,0x00,0x00,0x00,0x00,0x00,0x00,0x00,0x00,0x00,0x00,0x00,0x00,0x00,0x00,0x00,0x00,0x00,0x00,0x00,0x00,0x00,0x00,0x00,0x00,0x00,0x00,0x00,0x00,0x00,0x00,0x00,0x00,0x00,0x00,0x00,0x00,
    0x00,0x00,0x00,0x00,0x00,0x00,0x00,0x00,0x00,0x00,0x00,0x00,0x00,0x00,0x00,0x00,0x00,0x00,0x00,0x00,0x00,0x00,0x00,0x00,0x00,0x00,0x00,0x00,0x00,0x00,0x00,0x00,0x00,0x04,0x00,0x2e,0x2a,0x7b,0x05,0x7b,0x7a,0x77,0x77,0x77,0x77,0x77,0x77,0x77,0x77,0x77,0x77,0x77,0x8d,0x7f,0x7d,0x83,0x77,0x77,0x7b,0x7a,0x7c,0x7a,0x82,0x7c,0x7d,0x7c,0x7d,0x77,0x77,0x8d,0x7f,0xc1,0x89,0x77,0x8d,0x7b,0x7c,0x7c,0x7c,0x7b,0x7e,0xb9,0xe8,0x7e,0x7d,0x7c,0x7c,0x7d,0x82,0x7f,0x7c,0x7c,0x7a,0x7c,0x23,0x0d,0x6e,0x72,0x6e,0x39,0x00,0x00,0x39,0x6e,0x67,0x00,0x02,0x00,0x00,0x00,0x00,0x00,0x00,0x00,0x00,0x00,0x00,0x00,0x00,0x00,0x00,0x00,0x00,0x00,0x00,0x00,0x00,0x00,0x00,0x00,0x00,0x00,0x00,0x00,0x00,0x00,0x00,0x00,0x00,0x00,0x00,0x00,0x00,0x00,
    0x00,0x00,0x00,0x00,0x00,0x00,0x00,0x00,0x00,0x00,0x00,0x00,0x00,0x00,0x00,0x00,0x00,0x00,0x00,0x00,0x00,0x00,0x00,0x00,0x00,0x00,0x00,0x00,0x00,0x00,0x00,0x00,0x00,0x00,0x1e,0x00,0x1b,0x8d,0x23,0x77,0x83,0x77,0x77,0x77,0x77,0x77,0x77,0x77,0x77,0x77,0x77,0x77,0x77,0x7d,0x7c,0x77,0x77,0x77,0x7b,0x7c,0x7c,0x7c,0x80,0x77,0x77,0x77,0x77,0x77,0x77,0x8d,0x7f,0xea,0x89,0x93,0x93,0x7b,0x7c,0x7c,0x7c,0x7d,0x80,0xb9,0xb4,0x80,0x7d,0x7c,0x7c,0x7c,0x82,0x7d,0x7c,0x7c,0x7d,0x7b,0x7b,0x5a,0x75,0x5d,0x1e,0x00,0x04,0x00,0x00,0x03,0x00,0x03,0x00,0x00,0x00,0x00,0x00,0x00,0x00,0x00,0x00,0x00,0x00,0x00,0x00,0x00,0x00,0x00,0x00,0x00,0x00,0x00,0x00,0x00,0x00,0x00,0x00,0x00,0x00,0x00,0x00,0x00,0x00,0x00,0x00,0x00,0x00,0x00,0x00,0x00,
    0x00,0x00,0x00,0x00,0x00,0x00,0x00,0x00,0x00,0x00,0x00,0x00,0x00,0x00,0x00,0x00,0x00,0x00,0x00,0x00,0x00,0x00,0x00,0x00,0x00,0x00,0x00,0x00,0x00,0x00,0x00,0x00,0x00,0x00,0x01,0x11,0x36,0x23,0x23,0x77,0x77,0x77,0x77,0x77,0x77,0x77,0x77,0x77,0x77,0x77,0x77,0x77,0x77,0x7b,0x7c,0x7b,0x77,0x77,0x77,0x77,0x7c,0x7c,0x7f,0x83,0x77,0x77,0x77,0x77,0x77,0x8d,0x7d,0xea,0x08,0x93,0x77,0x7c,0x7c,0x7c,0x7c,0x7d,0x80,0xb9,0xb9,0x82,0x7d,0x7c,0x7c,0x7c,0x82,0x7b,0x7b,0x7d,0x83,0x8d,0x8d,0x23,0x1b,0x00,0x01,0x07,0x00,0x00,0x00,0x00,0x03,0x00,0x00,0x00,0x00,0x00,0x00,0x00,0x00,0x00,0x00,0x00,0x00,0x00,0x00,0x00,0x00,0x00,0x00,0x00,0x00,0x00,0x00,0x00,0x00,0x00,0x00,0x00,0x00,0x00,0x00,0x00,0x00,0x00,0x00,0x00,0x00,0x00,0x00,0x00,
    0x00,0x00,0x00,0x00,0x00,0x00,0x00,0x00,0x00,0x00,0x00,0x00,0x00,0x00,0x00,0x00,0x00,0x00,0x00,0x00,0x00,0x00,0x00,0x00,0x00,0x00,0x00,0x00,0x00,0x00,0x00,0x00,0x00,0x00,0x01,0x11,0x1c,0x20,0x8d,0x8d,0x77,0x77,0x77,0x77,0x77,0x77,0x77,0x77,0x77,0x77,0x77,0x77,0x77,0x77,0x77,0x77,0x77,0x77,0x77,0x77,0x7b,0x7a,0x7a,0x8d,0x77,0x77,0x77,0x77,0x77,0x8d,0x7d,0xed,0x8d,0x7c,0x7c,0x7c,0x7c,0x7c,0x7c,0x7d,0x82,0xb9,0xc1,0x80,0x8d,0x77,0x7b,0x7b,0x80,0x77,0x7b,0x7d,0x7b,0x77,0x7b,0x8d,0x0a,0x17,0x00,0x01,0x00,0x00,0x00,0x00,0x00,0x00,0x00,0x00,0x00,0x00,0x00,0x00,0x00,0x00,0x00,0x00,0x00,0x00,0x00,0x00,0x00,0x00,0x00,0x00,0x00,0x00,0x00,0x00,0x00,0x00,0x00,0x00,0x00,0x00,0x00,0x00,0x00,0x00,0x00,0x00,0x00,0x00,0x00,0x00,
    0x00,0x00,0x00,0x00,0x00,0x00,0x00,0x00,0x00,0x00,0x00,0x00,0x00,0x00,0x00,0x00,0x00,0x00,0x00,0x00,0x00,0x00,0x00,0x00,0x00,0x00,0x00,0x00,0x00,0x00,0x00,0x00,0x00,0x00,0x01,0x00,0x17,0x14,0x25,0x77,0x8d,0x77,0x77,0x77,0x77,0x77,0x77,0x77,0x77,0x77,0x77,0x77,0x77,0x77,0x77,0x77,0x77,0x77,0x77,0x7b,0x7d,0x7e,0x7a,0x83,0x77,0x77,0x77,0x77,0x77,0x7b,0x7f,0xea,0x7b,0x7a,0x7d,0x7b,0x7b,0x77,0x77,0x77,0x7f,0xe8,0xb9,0x7e,0x08,0x77,0x77,0x77,0x80,0x77,0x7c,0x7c,0x7d,0x7b,0x7d,0x93,0x0a,0x1d,0x01,0x4b,0x00,0x00,0x00,0x00,0x00,0x00,0x00,0x00,0x00,0x00,0x00,0x00,0x00,0x00,0x00,0x00,0x00,0x00,0x00,0x00,0x00,0x00,0x00,0x00,0x00,0x00,0x00,0x00,0x00,0x00,0x00,0x00,0x00,0x00,0x00,0x00,0x00,0x00,0x00,0x00,0x00,0x00,0x00,0x00,
    0x00,0x00,0x00,0x00,0x00,0x00,0x00,0x00,0x00,0x00,0x00,0x00,0x00,0x00,0x00,0x00,0x00,0x00,0x00,0x00,0x00,0x00,0x00,0x00,0x00,0x00,0x00,0x00,0x00,0x00,0x00,0x00,0x00,0x00,0x00,0x00,0x00,0x00,0x1c,0x5b,0x77,0x8d,0x77,0x77,0x77,0x77,0x77,0x77,0x77,0x77,0x77,0x77,0x77,0x77,0x77,0x77,0x77,0x77,0x77,0x7d,0x05,0x7e,0x7d,0x83,0x77,0x7b,0x7d,0x7b,0x7b,0x7a,0x08,0xed,0x7c,0x7a,0x7c,0x7d,0x7c,0x7c,0x7b,0x77,0x7c,0xe7,0xea,0x7d,0x89,0x77,0x7b,0x7d,0x7f,0x7d,0x7c,0x7c,0x7d,0x7b,0x77,0x93,0x23,0x0c,0x00,0x4b,0x00,0x00,0x00,0x00,0x00,0x00,0x00,0x00,0x00,0x00,0x00,0x00,0x00,0x00,0x00,0x00,0x00,0x00,0x00,0x00,0x00,0x00,0x00,0x00,0x00,0x00,0x00,0x00,0x00,0x00,0x00,0x00,0x00,0x00,0x00,0x00,0x00,0x00,0x00,0x00,0x00,0x00,0x00,0x00,
    0x00,0x00,0x00,0x00,0x00,0x00,0x00,0x00,0x00,0x00,0x00,0x00,0x00,0x00,0x00,0x00,0x00,0x00,0x00,0x00,0x00,0x00,0x00,0x00,0x00,0x00,0x00,0x00,0x00,0x00,0x00,0x00,0x00,0x00,0x00,0x00,0x04,0x4b,0x00,0x0c,0x0a,0x77,0x93,0x23,0x77,0x77,0x77,0x77,0x77,0x77,0x77,0x77,0x77,0x77,0x77,0x77,0x77,0x77,0x7b,0x05,0x7a,0x80,0x77,0x77,0x77,0x7c,0x7c,0x7c,0x7c,0x7e,0xcf,0xf1,0x7b,0x7d,0x7b,0x7b,0x7d,0x7c,0x7c,0x7d,0x82,0xb4,0xf1,0x7f,0x83,0x7b,0x7c,0x7c,0x7e,0x7d,0x7c,0x7c,0x7b,0x77,0x77,0x93,0x7b,0x1a,0x0c,0x04,0x01,0x00,0x00,0x00,0x00,0x00,0x00,0x00,0x00,0x00,0x00,0x00,0x00,0x00,0x00,0x00,0x00,0x00,0x00,0x00,0x00,0x00,0x00,0x00,0x00,0x00,0x00,0x00,0x00,0x00,0x00,0x00,0x00,0x00,0x00,0x00,0x00,0x00,0x00,0x00,0x00,0x00,0x00,0x00,
    0x00,0x00,0x00,0x00,0x00,0x00,0x00,0x00,0x00,0x00,0x00,0x00,0x00,0x00,0x00,0x00,0x00,0x00,0x00,0x00,0x00,0x00,0x00,0x00,0x00,0x00,0x00,0x00,0x00,0x00,0x00,0x00,0x00,0x00,0x00,0x00,0x00,0x04,0x4b,0x11,0x0e,0x64,0x23,0x83,0x83,0x77,0x77,0x77,0x77,0x77,0x8d,0x77,0x77,0x77,0x77,0x77,0x77,0x77,0x05,0x7a,0x14,0x20,0x83,0x77,0x77,0x77,0x77,0x77,0x77,0x7d,0xa6,0xb2,0x7d,0x08,0x89,0x89,0x8d,0x8d,0x77,0x77,0x7a,0xa6,0xcc,0x80,0x7d,0x7c,0x7c,0x7c,0x7e,0x7d,0x77,0x77,0x77,0x77,0x77,0x08,0x89,0x23,0x0d,0x1e,0x4b,0x00,0x00,0x00,0x00,0x00,0x00,0x00,0x00,0x00,0x00,0x00,0x00,0x00,0x00,0x00,0x00,0x00,0x00,0x00,0x00,0x00,0x00,0x00,0x00,0x00,0x00,0x00,0x00,0x00,0x00,0x00,0x00,0x00,0x00,0x00,0x00,0x00,0x00,0x00,0x00,0x00,0x00,0x00,
    0x00,0x00,0x00,0x00,0x00,0x00,0x00,0x00,0x00,0x00,0x00,0x00,0x00,0x00,0x00,0x00,0x00,0x00,0x00,0x00,0x00,0x00,0x00,0x00,0x00,0x00,0x00,0x00,0x00,0x00,0x00,0x00,0x00,0x00,0x00,0x00,0x00,0x00,0x00,0x00,0x04,0x0c,0x0d,0x14,0x7f,0x7b,0x8d,0x8d,0x77,0x8d,0x8d,0x77,0x77,0x77,0x77,0x77,0x8d,0x77,0x7a,0x0d,0x0c,0x20,0x8d,0x77,0x77,0x8d,0x8d,0x8d,0x8d,0x8d,0x7b,0x7b,0x83,0x93,0x08,0x93,0x77,0x77,0x77,0x77,0x77,0x7d,0xc0,0x7a,0x7c,0x7c,0x7c,0x7d,0x7e,0x7a,0x8d,0x77,0x77,0x77,0x77,0x93,0x89,0x93,0x14,0x00,0x04,0x00,0x00,0x00,0x00,0x00,0x00,0x00,0x00,0x00,0x00,0x00,0x00,0x00,0x00,0x00,0x00,0x00,0x00,0x00,0x00,0x00,0x00,0x00,0x00,0x00,0x00,0x00,0x00,0x00,0x00,0x00,0x00,0x00,0x00,0x00,0x00,0x00,0x00,0x00,0x00,0x00,0x00,0x00,
    0x00,0x00,0x00,0x00,0x00,0x00,0x00,0x00,0x00,0x00,0x00,0x00,0x00,0x00,0x00,0x00,0x00,0x00,0x00,0x00,0x00,0x00,0x00,0x00,0x00,0x00,0x00,0x00,0x00,0x00,0x00,0x00,0x00,0x00,0x00,0x00,0x00,0x00,0x00,0x04,0x00,0x00,0x04,0x00,0x1c,0x20,0x8d,0x08,0x08,0x08,0x23,0x77,0x8d,0x05,0x77,0x7b,0x77,0x20,0x2e,0x00,0x1d,0x89,0x08,0x8d,0x8d,0x77,0x77,0x77,0x77,0x77,0x77,0x77,0x77,0x77,0x77,0x77,0x77,0x77,0x77,0x77,0x77,0x77,0x77,0x77,0x7b,0x77,0x7c,0x7c,0x7a,0x7a,0x83,0x77,0x7b,0x7b,0x77,0x08,0x08,0x7c,0x5b,0x0c,0x11,0x01,0x00,0x00,0x00,0x00,0x00,0x00,0x00,0x00,0x00,0x00,0x00,0x00,0x00,0x00,0x00,0x00,0x00,0x00,0x00,0x00,0x00,0x00,0x00,0x00,0x00,0x00,0x00,0x00,0x00,0x00,0x00,0x00,0x00,0x00,0x00,0x00,0x00,0x00,0x00,0x00,0x00,0x00,
    0x00,0x00,0x00,0x00,0x00,0x00,0x00,0x00,0x00,0x00,0x00,0x00,0x00,0x00,0x00,0x00,0x00,0x00,0x00,0x00,0x00,0x00,0x00,0x00,0x00,0x00,0x00,0x00,0x00,0x00,0x00,0x00,0x00,0x00,0x00,0x00,0x00,0x00,0x00,0x00,0x00,0x04,0x00,0x1e,0x00,0x0c,0x0d,0x0a,0x7b,0x7c,0x7b,0x7d,0x7b,0x7b,0x7b,0x5b,0x14,0x1f,0x01,0x00,0x1d,0x7b,0x08,0x8d,0x77,0x77,0x77,0x77,0x77,0x77,0x77,0x77,0x77,0x77,0x77,0x77,0x77,0x77,0x77,0x77,0x77,0x77,0x77,0x77,0x77,0x77,0x7b,0x7c,0x7a,0x7f,0x7b,0x7b,0x7c,0x7d,0x77,0x93,0x93,0x05,0x7b,0x0a,0x17,0x00,0x01,0x00,0x00,0x00,0x00,0x00,0x00,0x00,0x00,0x00,0x00,0x00,0x00,0x00,0x00,0x00,0x00,0x00,0x00,0x00,0x00,0x00,0x00,0x00,0x00,0x00,0x00,0x00,0x00,0x00,0x00,0x00,0x00,0x00,0x00,0x00,0x00,0x00,0x00,0x00,0x00,0x00,
    0x00,0x00,0x00,0x00,0x00,0x00,0x00,0x00,0x00,0x00,0x00,0x00,0x00,0x00,0x00,0x00,0x00,0x00,0x00,0x00,0x00,0x00,0x00,0x00,0x00,0x00,0x00,0x00,0x00,0x00,0x00,0x00,0x00,0x00,0x00,0x00,0x00,0x00,0x00,0x00,0x00,0x00,0x00,0x00,0x4b,0x00,0x17,0x1c,0x1d,0x1d,0x0d,0x14,0x1a,0x1a,0x1a,0x0d,0x11,0x3d,0x04,0x0c,0x1b,0x05,0x8d,0x77,0x77,0x77,0x77,0x77,0x77,0x77,0x77,0x77,0x77,0x77,0x77,0x77,0x77,0x77,0x77,0x77,0x77,0x77,0x77,0x77,0x77,0x77,0x7d,0x7c,0x7f,0x82,0x7b,0x7c,0x7c,0x7c,0x7b,0x77,0x77,0x77,0x8d,0x50,0x1b,0x3d,0x04,0x04,0x00,0x00,0x00,0x00,0x00,0x00,0x00,0x00,0x00,0x00,0x00,0x00,0x00,0x00,0x00,0x00,0x00,0x00,0x00,0x00,0x00,0x00,0x00,0x00,0x00,0x00,0x00,0x00,0x00,0x00,0x00,0x00,0x00,0x00,0x00,0x00,0x00,0x00,0x00,0x00,
    0x00,0x00,0x00,0x00,0x00,0x00,0x00,0x00,0x00,0x00,0x00,0x00,0x00,0x00,0x00,0x00,0x00,0x00,0x00,0x00,0x00,0x00,0x00,0x00,0x00,0x00,0x00,0x00,0x00,0x00,0x00,0x00,0x00,0x00,0x00,0x00,0x00,0x00,0x00,0x00,0x00,0x00,0x00,0x00,0x00,0x01,0x00,0x1e,0x00,0x00,0x00,0x00,0x0c,0x0c,0x1d,0x17,0x00,0x04,0x04,0x1d,0x0a,0x83,0x8d,0x77,0x77,0x77,0x77,0x77,0x77,0x77,0x77,0x77,0x77,0x77,0x77,0x77,0x77,0x77,0x77,0x77,0x77,0x77,0x77,0x77,0x77,0x77,0x7b,0x7d,0x7a,0x80,0x77,0x77,0x7d,0x7b,0x77,0x77,0x77,0x77,0x83,0x93,0x50,0x2e,0x00,0x4b,0x00,0x00,0x00,0x00,0x00,0x00,0x00,0x00,0x00,0x00,0x00,0x00,0x00,0x00,0x00,0x00,0x00,0x00,0x00,0x00,0x00,0x00,0x00,0x00,0x00,0x00,0x00,0x00,0x00,0x00,0x00,0x00,0x00,0x00,0x00,0x00,0x00,0x00,0x00,0x00,
    0x00,0x00,0x00,0x00,0x00,0x00,0x00,0x00,0x00,0x00,0x00,0x00,0x00,0x00,0x00,0x00,0x00,0x00,0x00,0x00,0x00,0x00,0x00,0x00,0x00,0x00,0x00,0x00,0x00,0x00,0x00,0x00,0x00,0x00,0x00,0x00,0x00,0x00,0x00,0x00,0x00,0x00,0x00,0x00,0x00,0x00,0x01,0x00,0x01,0x4b,0x1e,0x1e,0x00,0x00,0x00,0x00,0x04,0x4b,0x00,0x1f,0x20,0x77,0x77,0x77,0x77,0x77,0x77,0x77,0x77,0x77,0x77,0x77,0x77,0x77,0x77,0x77,0x77,0x77,0x77,0x77,0x77,0x77,0x77,0x7b,0x7c,0x7b,0x7b,0x7c,0x7c,0x80,0x7d,0x83,0x77,0x77,0x77,0x77,0x77,0x77,0x77,0x8d,0x50,0x0d,0x11,0x04,0x00,0x00,0x00,0x00,0x00,0x00,0x00,0x00,0x00,0x00,0x00,0x00,0x00,0x00,0x00,0x00,0x00,0x00,0x00,0x00,0x00,0x00,0x00,0x00,0x00,0x00,0x00,0x00,0x00,0x00,0x00,0x00,0x00,0x00,0x00,0x00,0x00,0x00,0x00,0x00,
    0x00,0x00,0x00,0x00,0x00,0x00,0x00,0x00,0x00,0x00,0x00,0x00,0x00,0x00,0x00,0x00,0x00,0x00,0x00,0x00,0x00,0x00,0x00,0x00,0x00,0x00,0x00,0x00,0x00,0x00,0x00,0x00,0x00,0x00,0x00,0x00,0x00,0x00,0x00,0x00,0x00,0x00,0x00,0x00,0x00,0x00,0x00,0x00,0x00,0x00,0x00,0x00,0x4b,0x4b,0x4b,0x04,0x04,0x04,0x3d,0x14,0x05,0x8d,0x77,0x77,0x77,0x77,0x77,0x77,0x77,0x77,0x77,0x77,0x77,0x77,0x77,0x77,0x77,0x77,0x77,0x77,0x77,0x77,0x77,0x7b,0x7d,0x77,0x7b,0x7a,0x7c,0x7e,0x7f,0x83,0x77,0x77,0x77,0x77,0x77,0x77,0x77,0x8d,0x08,0x0a,0x0c,0x00,0x4b,0x00,0x00,0x00,0x00,0x00,0x00,0x00,0x00,0x00,0x00,0x00,0x00,0x00,0x00,0x00,0x00,0x00,0x00,0x00,0x00,0x00,0x00,0x00,0x00,0x00,0x00,0x00,0x00,0x00,0x00,0x00,0x00,0x00,0x00,0x00,0x00,0x00,0x00,0x00,
    0x00,0x00,0x00,0x00,0x00,0x00,0x00,0x00,0x00,0x00,0x00,0x00,0x00,0x00,0x00,0x00,0x00,0x00,0x00,0x00,0x00,0x00,0x00,0x00,0x00,0x00,0x00,0x00,0x00,0x00,0x00,0x00,0x00,0x00,0x00,0x00,0x00,0x00,0x00,0x00,0x00,0x00,0x00,0x00,0x00,0x00,0x00,0x00,0x00,0x00,0x00,0x00,0x00,0x00,0x00,0x00,0x01,0x04,0x17,0x36,0x83,0x8d,0x77,0x77,0x77,0x77,0x77,0x77,0x77,0x77,0x77,0x77,0x77,0x77,0x77,0x77,0x77,0x77,0x77,0x77,0x77,0x77,0x77,0x77,0x77,0x77,0x77,0x7c,0x7c,0x7f,0x80,0x83,0x77,0x77,0x77,0x77,0x77,0x77,0x77,0x83,0x08,0x20,0x0c,0x11,0x04,0x00,0x00,0x00,0x00,0x00,0x00,0x00,0x00,0x00,0x00,0x00,0x00,0x00,0x00,0x00,0x00,0x00,0x00,0x00,0x00,0x00,0x00,0x00,0x00,0x00,0x00,0x00,0x00,0x00,0x00,0x00,0x00,0x00,0x00,0x00,0x00,0x00,0x00,0x00,
    0x00,0x00,0x00,0x00,0x00,0x00,0x00,0x00,0x00,0x00,0x00,0x00,0x00,0x00,0x00,0x00,0x00,0x00,0x00,0x00,0x00,0x00,0x00,0x00,0x00,0x00,0x00,0x00,0x00,0x00,0x00,0x00,0x00,0x00,0x00,0x00,0x00,0x00,0x00,0x00,0x00,0x00,0x00,0x00,0x00,0x00,0x00,0x00,0x00,0x00,0x00,0x00,0x00,0x00,0x00,0x00,0x01,0x04,0x2e,0x0a,0x08,0x08,0x83,0x77,0x83,0x77,0x8d,0x8d,0x77,0x77,0x77,0x77,0x77,0x77,0x77,0x77,0x77,0x77,0x77,0x77,0x77,0x77,0x77,0x77,0x77,0x77,0x77,0x7b,0x7c,0x7c,0x80,0x7b,0x77,0x77,0x77,0x77,0x77,0x77,0x77,0x83,0x08,0x23,0x36,0x0c,0x00,0x4b,0x00,0x00,0x00,0x00,0x00,0x00,0x00,0x00,0x00,0x00,0x00,0x00,0x00,0x00,0x00,0x00,0x00,0x00,0x00,0x00,0x00,0x00,0x00,0x00,0x00,0x00,0x00,0x00,0x00,0x00,0x00,0x00,0x00,0x00,0x00,0x00,0x00,0x00,
    0x00,0x00,0x00,0x00,0x00,0x00,0x00,0x00,0x00,0x00,0x00,0x00,0x00,0x00,0x00,0x00,0x00,0x00,0x00,0x00,0x00,0x00,0x00,0x00,0x00,0x00,0x00,0x00,0x00,0x00,0x00,0x00,0x00,0x00,0x00,0x00,0x00,0x00,0x00,0x00,0x00,0x00,0x00,0x00,0x00,0x00,0x00,0x00,0x00,0x00,0x00,0x00,0x00,0x00,0x00,0x00,0x01,0x1e,0x1b,0x93,0x08,0x83,0x8d,0x8d,0x8d,0x8d,0x8d,0x8d,0x77,0x77,0x77,0x77,0x77,0x77,0x77,0x77,0x77,0x77,0x77,0x77,0x77,0x77,0x77,0x77,0x77,0x77,0x77,0x77,0x77,0x77,0x7f,0x7c,0x83,0x77,0x77,0x7b,0x77,0x77,0x77,0x93,0x08,0x08,0x50,0x0d,0x04,0x01,0x00,0x00,0x00,0x00,0x00,0x00,0x00,0x00,0x00,0x00,0x00,0x00,0x00,0x00,0x00,0x00,0x00,0x00,0x00,0x00,0x00,0x00,0x00,0x00,0x00,0x00,0x00,0x00,0x00,0x00,0x00,0x00,0x00,0x00,0x00,0x00,0x00,0x00,
    0x00,0x00,0x00,0x00,0x00,0x00,0x00,0x00,0x00,0x00,0x00,0x00,0x00,0x00,0x00,0x00,0x00,0x00,0x00,0x00,0x00,0x00,0x00,0x00,0x00,0x00,0x00,0x00,0x00,0x00,0x00,0x00,0x00,0x00,0x00,0x00,0x00,0x00,0x00,0x00,0x00,0x00,0x00,0x00,0x00,0x00,0x00,0x00,0x00,0x00,0x00,0x00,0x00,0x00,0x00,0x00,0x4b,0x00,0x36,0x93,0x08,0x83,0x77,0x77,0x77,0x8d,0x8d,0x8d,0x77,0x77,0x77,0x77,0x77,0x77,0x77,0x77,0x77,0x77,0x77,0x77,0x77,0x77,0x77,0x77,0x77,0x77,0x77,0x77,0x77,0x8d,0x7d,0x7a,0x8d,0x77,0x77,0x7b,0x7b,0x77,0x77,0x77,0x77,0x8d,0x8d,0x14,0x4b,0x01,0x00,0x00,0x00,0x00,0x00,0x00,0x00,0x00,0x00,0x00,0x00,0x00,0x00,0x00,0x00,0x00,0x00,0x00,0x00,0x00,0x00,0x00,0x00,0x00,0x00,0x00,0x00,0x00,0x00,0x00,0x00,0x00,0x00,0x00,0x00,0x00,0x00,0x00,
    0x00,0x00,0x00,0x00,0x00,0x00,0x00,0x00,0x00,0x00,0x00,0x00,0x00,0x00,0x00,0x00,0x00,0x00,0x00,0x00,0x00,0x00,0x00,0x00,0x00,0x00,0x00,0x00,0x00,0x00,0x00,0x00,0x00,0x00,0x00,0x00,0x00,0x00,0x00,0x00,0x00,0x00,0x00,0x00,0x00,0x00,0x00,0x00,0x00,0x00,0x00,0x00,0x00,0x00,0x00,0x00,0x00,0x17,0x20,0x93,0x08,0x83,0x77,0x77,0x77,0x8d,0x8d,0x8d,0x77,0x77,0x77,0x77,0x77,0x77,0x77,0x77,0x77,0x77,0x77,0x77,0x77,0x77,0x77,0x77,0x77,0x7d,0x7b,0x7b,0x7b,0x7b,0x7b,0x7e,0x77,0x77,0x77,0x77,0x77,0x77,0x77,0x77,0x77,0x05,0x7d,0x5a,0x00,0x00,0x00,0x00,0x00,0x00,0x00,0x00,0x00,0x00,0x00,0x00,0x00,0x00,0x00,0x00,0x00,0x00,0x00,0x00,0x00,0x00,0x00,0x00,0x00,0x00,0x00,0x00,0x00,0x00,0x00,0x00,0x00,0x00,0x00,0x00,0x00,0x00,0x00,0x00,
    0x00,0x00,0x00,0x00,0x00,0x00,0x00,0x00,0x00,0x00,0x00,0x00,0x00,0x00,0x00,0x00,0x00,0x00,0x00,0x00,0x00,0x00,0x00,0x00,0x00,0x00,0x00,0x00,0x00,0x00,0x00,0x00,0x00,0x00,0x00,0x00,0x00,0x00,0x00,0x00,0x00,0x00,0x00,0x00,0x00,0x00,0x00,0x00,0x00,0x00,0x00,0x00,0x00,0x00,0x01,0x00,0x0e,0x0a,0x77,0x93,0x93,0x83,0x77,0x77,0x8d,0x8d,0x8d,0x77,0x77,0x77,0x77,0x77,0x77,0x77,0x77,0x77,0x77,0x77,0x77,0x77,0x77,0x77,0x77,0x77,0x77,0x77,0x7b,0x7d,0x7d,0x7d,0x7b,0x7e,0x7a,0x8d,0x77,0x77,0x77,0x77,0x77,0x77,0x77,0x77,0x83,0x2a,0x00,0x00,0x00,0x00,0x00,0x00,0x00,0x00,0x00,0x00,0x00,0x00,0x00,0x00,0x00,0x00,0x00,0x00,0x00,0x00,0x00,0x00,0x00,0x00,0x00,0x00,0x00,0x00,0x00,0x00,0x00,0x00,0x00,0x00,0x00,0x00,0x00,0x00,0x00,0x00,
    0x00,0x00,0x00,0x00,0x00,0x00,0x00,0x00,0x00,0x00,0x00,0x00,0x00,0x00,0x00,0x00,0x00,0x00,0x00,0x00,0x00,0x00,0x00,0x00,0x00,0x00,0x00,0x00,0x00,0x00,0x00,0x00,0x00,0x00,0x00,0x00,0x00,0x00,0x00,0x00,0x00,0x00,0x00,0x00,0x00,0x00,0x00,0x00,0x00,0x00,0x00,0x00,0x00,0x00,0x4b,0x00,0x1f,0x20,0x93,0x08,0x08,0x77,0x77,0x77,0x77,0x8d,0x77,0x77,0x77,0x77,0x77,0x77,0x77,0x77,0x77,0x77,0x77,0x77,0x77,0x77,0x77,0x77,0x77,0x77,0x77,0x77,0x77,0x77,0x77,0x7b,0x7b,0x7a,0x80,0x77,0x77,0x77,0x77,0x77,0x7b,0x7b,0x7d,0x05,0x7b,0x36,0x00,0x01,0x00,0x00,0x00,0x00,0x00,0x00,0x00,0x00,0x00,0x00,0x00,0x00,0x00,0x00,0x00,0x00,0x00,0x00,0x00,0x00,0x00,0x00,0x00,0x00,0x00,0x00,0x00,0x00,0x00,0x00,0x00,0x00,0x00,0x00,0x00,0x00,0x00,0x00,
    0x00,0x00,0x00,0x00,0x00,0x00,0x00,0x00,0x00,0x00,0x00,0x00,0x00,0x00,0x00,0x00,0x00,0x00,0x00,0x00,0x00,0x00,0x00,0x00,0x00,0x00,0x00,0x00,0x00,0x00,0x00,0x00,0x00,0x00,0x00,0x00,0x00,0x00,0x00,0x00,0x00,0x00,0x00,0x00,0x00,0x00,0x00,0x00,0x00,0x00,0x00,0x00,0x00,0x04,0x04,0x11,0x1b,0x23,0x08,0x93,0x93,0x77,0x77,0x77,0x77,0x77,0x77,0x77,0x77,0x77,0x77,0x77,0x77,0x77,0x77,0x77,0x77,0x77,0x77,0x77,0x77,0x77,0x77,0x7b,0x7b,0x77,0x77,0x77,0x77,0x77,0x77,0x77,0x80,0x77,0x83,0x77,0x77,0x7b,0x7c,0x7c,0x7c,0x05,0x7f,0x0d,0x00,0x1e,0x00,0x00,0x00,0x00,0x00,0x00,0x00,0x00,0x00,0x00,0x00,0x00,0x00,0x00,0x00,0x00,0x00,0x00,0x00,0x00,0x00,0x00,0x00,0x00,0x00,0x00,0x00,0x00,0x00,0x00,0x00,0x00,0x00,0x00,0x00,0x00,0x00,0x00,
    0x00,0x00,0x00,0x00,0x00,0x00,0x00,0x00,0x00,0x00,0x00,0x00,0x00,0x00,0x00,0x00,0x00,0x00,0x00,0x00,0x00,0x00,0x00,0x00,0x00,0x00,0x00,0x00,0x00,0x00,0x00,0x00,0x00,0x00,0x00,0x00,0x00,0x00,0x00,0x00,0x00,0x00,0x00,0x00,0x00,0x00,0x00,0x00,0x00,0x00,0x00,0x00,0x00,0x00,0x1e,0x01,0x2e,0x7e,0x08,0x77,0x77,0x77,0x77,0x77,0x77,0x77,0x77,0x77,0x77,0x77,0x77,0x77,0x77,0x77,0x77,0x77,0x77,0x77,0x77,0x77,0x77,0x77,0x77,0x77,0x7b,0x77,0x77,0x77,0x77,0x7d,0x7c,0x7b,0x7e,0x7d,0x83,0x77,0x77,0x93,0x93,0x7c,0x80,0x25,0x80,0x0d,0x03,0x1e,0x00,0x00,0x00,0x00,0x00,0x00,0x00,0x00,0x00,0x00,0x00,0x00,0x00,0x00,0x00,0x00,0x00,0x00,0x00,0x00,0x00,0x00,0x00,0x00,0x00,0x00,0x00,0x00,0x00,0x00,0x00,0x00,0x00,0x00,0x00,0x00,0x00,0x00,
    0x00,0x00,0x00,0x00,0x00,0x00,0x00,0x00,0x00,0x00,0x00,0x00,0x00,0x00,0x00,0x00,0x00,0x00,0x00,0x00,0x00,0x00,0x00,0x00,0x00,0x00,0x00,0x00,0x00,0x00,0x00,0x00,0x00,0x00,0x00,0x00,0x00,0x00,0x00,0x00,0x00,0x00,0x00,0x00,0x00,0x00,0x00,0x00,0x00,0x00,0x00,0x00,0x00,0x00,0x1e,0x00,0x2e,0x7c,0x08,0x77,0x77,0x77,0x77,0x77,0x77,0x77,0x77,0x77,0x77,0x77,0x77,0x77,0x77,0x77,0x77,0x77,0x77,0x77,0x77,0x77,0x7b,0x77,0x7b,0x77,0x77,0x7b,0x77,0x77,0x7b,0x7b,0x7d,0x7c,0x7a,0x7f,0x93,0x8d,0x7b,0x77,0x7f,0x7f,0x7a,0x7f,0x7e,0x5a,0x00,0x07,0x00,0x00,0x00,0x00,0x00,0x00,0x00,0x00,0x00,0x00,0x00,0x00,0x00,0x00,0x00,0x00,0x00,0x00,0x00,0x00,0x00,0x00,0x00,0x00,0x00,0x00,0x00,0x00,0x00,0x00,0x00,0x00,0x00,0x00,0x00,0x00,0x00,0x00,
    0x00,0x00,0x00,0x00,0x00,0x00,0x00,0x00,0x00,0x00,0x00,0x00,0x00,0x00,0x00,0x00,0x00,0x00,0x00,0x00,0x00,0x00,0x00,0x00,0x00,0x00,0x00,0x00,0x00,0x00,0x00,0x00,0x00,0x00,0x00,0x00,0x00,0x00,0x00,0x00,0x00,0x00,0x00,0x00,0x00,0x00,0x00,0x00,0x00,0x00,0x00,0x00,0x00,0x00,0x1e,0x00,0x2e,0x7b,0x89,0x8d,0x77,0x77,0x77,0x77,0x77,0x77,0x77,0x77,0x77,0x77,0x77,0x77,0x77,0x77,0x77,0x77,0x77,0x77,0x77,0x77,0x77,0x77,0x77,0x77,0x77,0x77,0x77,0x7b,0x7b,0x7b,0x7c,0x7c,0x7c,0x7e,0x8d,0x80,0x82,0x7e,0x7f,0x7c,0x7a,0x05,0x7f,0x50,0x3b,0x00,0x07,0x00,0x00,0x00,0x00,0x00,0x00,0x00,0x00,0x00,0x00,0x00,0x00,0x00,0x00,0x00,0x00,0x00,0x00,0x00,0x00,0x00,0x00,0x00,0x00,0x00,0x00,0x00,0x00,0x00,0x00,0x00,0x00,0x00,0x00,0x00,0x00,0x00,
    0x00,0x00,0x00,0x00,0x00,0x00,0x00,0x00,0x00,0x00,0x00,0x00,0x00,0x00,0x00,0x00,0x00,0x00,0x00,0x00,0x00,0x00,0x00,0x00,0x00,0x00,0x00,0x00,0x00,0x00,0x00,0x00,0x00,0x00,0x00,0x00,0x00,0x00,0x00,0x00,0x00,0x00,0x00,0x00,0x00,0x00,0x00,0x00,0x00,0x00,0x00,0x00,0x00,0x00,0x4b,0x00,0x1d,0x7a,0x08,0x83,0x77,0x77,0x77,0x77,0x77,0x77,0x83,0x8d,0x83,0x77,0x77,0x77,0x77,0x77,0x8d,0x77,0x77,0x77,0x77,0x77,0x77,0x77,0x77,0x77,0x77,0x77,0x7b,0x7c,0x7d,0x7c,0x7c,0x7c,0x7c,0x80,0x7f,0x82,0x7c,0x7b,0x7c,0x7a,0x7b,0x7f,0x08,0xad,0x33,0x28,0x00,0x02,0x00,0x00,0x00,0x00,0x00,0x00,0x00,0x00,0x00,0x00,0x00,0x00,0x00,0x00,0x00,0x00,0x00,0x00,0x00,0x00,0x00,0x00,0x00,0x00,0x00,0x00,0x00,0x00,0x00,0x00,0x00,0x00,0x00,0x00,0x00,0x00,
    0x00,0x00,0x00,0x00,0x00,0x00,0x00,0x00,0x00,0x00,0x00,0x00,0x00,0x00,0x00,0x00,0x00,0x00,0x00,0x00,0x00,0x00,0x00,0x00,0x00,0x00,0x00,0x00,0x00,0x00,0x00,0x00,0x00,0x00,0x00,0x00,0x00,0x00,0x00,0x00,0x00,0x00,0x00,0x00,0x00,0x00,0x00,0x00,0x00,0x00,0x00,0x00,0x00,0x00,0x01,0x04,0x0e,0x20,0x93,0x77,0x77,0x7b,0x7b,0x7b,0x7b,0x7e,0x7e,0x7a,0x7d,0x77,0x93,0x93,0x93,0x8d,0x8d,0x77,0x77,0x77,0x77,0x77,0x77,0x77,0x77,0x77,0x7b,0x7c,0x7c,0x7d,0x7b,0x7d,0x7b,0x7d,0x7d,0x80,0x80,0x8d,0x93,0x08,0x08,0x89,0x77,0x7c,0xd1,0x88,0xa0,0x4c,0x3d,0x07,0x03,0x00,0x00,0x00,0x00,0x00,0x00,0x00,0x00,0x00,0x00,0x00,0x00,0x00,0x00,0x00,0x00,0x00,0x00,0x00,0x00,0x00,0x00,0x00,0x00,0x00,0x00,0x00,0x00,0x00,0x00,0x00,0x00,0x00,0x00,0x00,
    0x00,0x00,0x00,0x00,0x00,0x00,0x00,0x00,0x00,0x00,0x00,0x00,0x00,0x00,0x00,0x00,0x00,0x00,0x00,0x00,0x00,0x00,0x00,0x00,0x00,0x00,0x00,0x00,0x00,0x00,0x00,0x00,0x00,0x00,0x00,0x00,0x00,0x00,0x00,0x00,0x00,0x00,0x00,0x00,0x00,0x00,0x00,0x00,0x00,0x00,0x00,0x00,0x00,0x00,0x00,0x1e,0x00,0x1b,0x77,0x23,0x7d,0x7a,0x7f,0x7e,0x80,0x80,0x86,0x86,0x86,0x82,0x7f,0x7d,0x7d,0x7b,0x77,0x7b,0x7d,0x77,0x7b,0x7b,0x77,0x7b,0x7d,0x7d,0x7c,0x7c,0x7a,0x7f,0x7f,0x7a,0x7c,0x7a,0x7a,0x82,0x7d,0x7d,0x7d,0x7b,0x89,0x7f,0x83,0xbe,0x91,0x0f,0x0f,0x4c,0x0e,0x03,0x07,0x00,0x00,0x00,0x00,0x00,0x00,0x00,0x00,0x00,0x00,0x00,0x00,0x00,0x00,0x00,0x00,0x00,0x00,0x00,0x00,0x00,0x00,0x00,0x00,0x00,0x00,0x00,0x00,0x00,0x00,0x00,0x00,0x00,0x00,0x00,
    0x00,0x00,0x00,0x00,0x00,0x00,0x00,0x00,0x00,0x00,0x00,0x00,0x00,0x00,0x00,0x00,0x00,0x00,0x00,0x00,0x00,0x00,0x00,0x00,0x00,0x00,0x00,0x00,0x00,0x00,0x00,0x00,0x00,0x00,0x00,0x00,0x00,0x00,0x00,0x00,0x00,0x00,0x00,0x00,0x00,0x00,0x00,0x00,0x00,0x00,0x00,0x00,0x00,0x00,0x00,0x01,0x11,0x0d,0x7b,0x7b,0x7e,0x80,0x80,0x7e,0x7e,0x7e,0x7f,0x7f,0x7f,0x7e,0x7f,0x7e,0x82,0x7e,0x7e,0x7e,0x7e,0x7f,0x7e,0x80,0x80,0x7e,0x80,0x82,0x82,0x80,0x7e,0x82,0x80,0x82,0x82,0x86,0x7e,0x80,0x7a,0x7a,0x7a,0x82,0x8c,0xe7,0xa5,0x9a,0x9b,0xae,0x22,0x69,0x3a,0x00,0x4b,0x00,0x00,0x00,0x00,0x00,0x00,0x00,0x00,0x00,0x00,0x00,0x00,0x00,0x00,0x00,0x00,0x00,0x00,0x00,0x00,0x00,0x00,0x00,0x00,0x00,0x00,0x00,0x00,0x00,0x00,0x00,0x00,0x00,0x00,0x00,
    0x00,0x00,0x00,0x00,0x00,0x00,0x00,0x00,0x00,0x00,0x00,0x00,0x00,0x00,0x00,0x00,0x00,0x00,0x00,0x00,0x00,0x00,0x00,0x00,0x00,0x00,0x00,0x00,0x00,0x00,0x00,0x00,0x00,0x00,0x00,0x00,0x00,0x00,0x00,0x00,0x00,0x00,0x00,0x00,0x00,0x00,0x00,0x00,0x00,0x00,0x00,0x00,0x00,0x00,0x00,0x04,0x00,0x3d,0x20,0x7f,0x7a,0x7d,0x7d,0x7c,0x7c,0x7c,0x7c,0x7c,0x7d,0x7d,0x7d,0x7b,0x7b,0x8d,0x7b,0x7c,0x7f,0x7f,0x7e,0x7e,0x7f,0x7b,0x77,0x7a,0x7a,0x7d,0x7d,0x7d,0x7c,0x7c,0x7e,0x82,0x80,0x7e,0x08,0x93,0x7f,0xb5,0xbd,0xa7,0x94,0x79,0x9a,0x8a,0x26,0x69,0x39,0x00,0x07,0x00,0x00,0x00,0x00,0x00,0x00,0x00,0x00,0x00,0x00,0x00,0x00,0x00,0x00,0x00,0x00,0x00,0x00,0x00,0x00,0x00,0x00,0x00,0x00,0x00,0x00,0x00,0x00,0x00,0x00,0x00,0x00,0x00,0x00,0x00,
    0x00,0x00,0x00,0x00,0x00,0x00,0x00,0x00,0x00,0x00,0x00,0x00,0x00,0x00,0x00,0x00,0x00,0x00,0x00,0x00,0x00,0x00,0x00,0x00,0x00,0x00,0x00,0x00,0x00,0x00,0x00,0x00,0x00,0x00,0x00,0x00,0x00,0x00,0x00,0x00,0x00,0x00,0x00,0x00,0x00,0x00,0x00,0x00,0x00,0x00,0x00,0x00,0x00,0x00,0x00,0x00,0x00,0x11,0x2a,0x7d,0x05,0x7c,0x7c,0x7c,0x7c,0x7c,0x7c,0x7d,0x7c,0x7c,0x7c,0x7c,0x7c,0x7b,0x7d,0x7c,0x7d,0x7d,0x7c,0x7d,0x7b,0x83,0x7b,0x7d,0x7c,0x7c,0x7c,0x7c,0x7c,0x7c,0x7c,0x7c,0x80,0x82,0x7b,0x2c,0x6f,0x97,0x9d,0x6d,0x55,0xbe,0xa5,0x3e,0x53,0x54,0x07,0x02,0x00,0x00,0x00,0x00,0x00,0x00,0x00,0x00,0x00,0x00,0x00,0x00,0x00,0x00,0x00,0x00,0x00,0x00,0x00,0x00,0x00,0x00,0x00,0x00,0x00,0x00,0x00,0x00,0x00,0x00,0x00,0x00,0x00,0x00,0x00,0x00,
    0x00,0x00,0x00,0x00,0x00,0x00,0x00,0x00,0x00,0x00,0x00,0x00,0x00,0x00,0x00,0x00,0x00,0x00,0x00,0x00,0x00,0x00,0x00,0x00,0x00,0x00,0x00,0x00,0x00,0x00,0x00,0x00,0x00,0x00,0x00,0x00,0x00,0x00,0x00,0x00,0x00,0x00,0x00,0x00,0x00,0x00,0x00,0x00,0x00,0x00,0x00,0x00,0x00,0x00,0x00,0x01,0x00,0x0e,0x50,0x05,0x7c,0x7c,0x7c,0x7c,0x7c,0x7c,0x7c,0x7b,0x7c,0x7c,0x7c,0x7c,0x7c,0x7d,0x7c,0x7c,0x7c,0x7c,0x7c,0x7c,0x7c,0x7b,0x7c,0x7c,0x7c,0x7d,0x7b,0x7d,0x7c,0x7c,0x7a,0x05,0x7a,0x0a,0x0c,0x6c,0x34,0x24,0xa0,0x63,0x65,0x54,0x43,0x34,0x3a,0x00,0x03,0x00,0x00,0x00,0x00,0x00,0x00,0x00,0x00,0x00,0x00,0x00,0x00,0x00,0x00,0x00,0x00,0x00,0x00,0x00,0x00,0x00,0x00,0x00,0x00,0x00,0x00,0x00,0x00,0x00,0x00,0x00,0x00,0x00,0x00,0x00,0x00,0x00,
    0x00,0x00,0x00,0x00,0x00,0x00,0x00,0x00,0x00,0x00,0x00,0x00,0x00,0x00,0x00,0x00,0x00,0x00,0x00,0x00,0x00,0x00,0x00,0x00,0x00,0x00,0x00,0x00,0x00,0x00,0x00,0x00,0x00,0x00,0x00,0x00,0x00,0x00,0x00,0x00,0x00,0x00,0x00,0x00,0x00,0x00,0x00,0x00,0x00,0x00,0x00,0x00,0x00,0x00,0x00,0x00,0x00,0x00,0x20,0x7d,0x05,0x7d,0x7b,0x7d,0x7b,0x7b,0x7b,0x83,0x7b,0x7b,0x7b,0x7b,0x7d,0x7b,0x7d,0x7c,0x7c,0x7c,0x7c,0x7c,0x7c,0x7d,0x7c,0x7c,0x7d,0x7b,0x7b,0x7b,0x7b,0x05,0x05,0x05,0x7b,0x1a,0x11,0x10,0x06,0x13,0x38,0x30,0x06,0x10,0x0b,0x00,0x00,0x00,0x00,0x00,0x00,0x00,0x00,0x00,0x00,0x00,0x00,0x00,0x00,0x00,0x00,0x00,0x00,0x00,0x00,0x00,0x00,0x00,0x00,0x00,0x00,0x00,0x00,0x00,0x00,0x00,0x00,0x00,0x00,0x00,0x00,0x00,0x00,0x00,0x00,0x00,
    0x00,0x00,0x00,0x00,0x00,0x00,0x00,0x00,0x00,0x00,0x00,0x00,0x00,0x00,0x00,0x00,0x00,0x00,0x00,0x00,0x00,0x00,0x00,0x00,0x00,0x00,0x00,0x00,0x00,0x00,0x00,0x00,0x00,0x00,0x00,0x00,0x00,0x00,0x00,0x00,0x00,0x00,0x00,0x00,0x00,0x00,0x00,0x00,0x00,0x00,0x00,0x00,0x00,0x00,0x00,0x00,0x01,0x01,0x14,0x20,0x05,0x7f,0x7f,0x80,0x80,0x80,0x80,0x82,0x86,0x82,0x82,0x7e,0x7a,0x77,0x93,0x7b,0x77,0x08,0x8d,0x7b,0x7c,0x7d,0x7c,0x7f,0x7e,0x82,0x82,0x82,0x82,0x7b,0x7d,0x77,0x5a,0x1a,0x0c,0x00,0x04,0x01,0x0b,0x00,0x07,0x00,0x00,0x04,0x07,0x00,0x00,0x00,0x00,0x00,0x00,0x00,0x00,0x00,0x00,0x00,0x00,0x00,0x00,0x00,0x00,0x00,0x00,0x00,0x00,0x00,0x00,0x00,0x00,0x00,0x00,0x00,0x00,0x00,0x00,0x00,0x00,0x00,0x00,0x00,0x00,0x00,0x00,0x00,
    0x00,0x00,0x00,0x00,0x00,0x00,0x00,0x00,0x00,0x00,0x00,0x00,0x00,0x00,0x00,0x00,0x00,0x00,0x00,0x00,0x00,0x00,0x00,0x00,0x00,0x00,0x00,0x00,0x00,0x00,0x00,0x00,0x00,0x00,0x00,0x00,0x00,0x00,0x00,0x00,0x00,0x00,0x00,0x00,0x00,0x00,0x00,0x00,0x00,0x00,0x00,0x00,0x00,0x00,0x00,0x00,0x00,0x01,0x1c,0x1f,0x0d,0x0d,0x71,0xbb,0x42,0xbb,0xce,0x4a,0x5e,0xc9,0xe0,0xb5,0xb5,0x93,0x77,0x7d,0x7b,0x7b,0x7c,0x7c,0x7c,0x7f,0x7a,0x93,0xb5,0xe0,0xc9,0x4a,0x4a,0x64,0x1b,0x1c,0x2e,0x0e,0x00,0x01,0x00,0x00,0x00,0x07,0x00,0x04,0x03,0x00,0x00,0x00,0x00,0x00,0x00,0x00,0x00,0x00,0x00,0x00,0x00,0x00,0x00,0x00,0x00,0x00,0x00,0x00,0x00,0x00,0x00,0x00,0x00,0x00,0x00,0x00,0x00,0x00,0x00,0x00,0x00,0x00,0x00,0x00,0x00,0x00,0x00,0x00,0x00,0x00,
    0x00,0x00,0x00,0x00,0x00,0x00,0x00,0x00,0x00,0x00,0x00,0x00,0x00,0x00,0x00,0x00,0x00,0x00,0x00,0x00,0x00,0x00,0x00,0x00,0x00,0x00,0x00,0x00,0x00,0x00,0x00,0x00,0x00,0x00,0x00,0x00,0x00,0x00,0x00,0x00,0x00,0x00,0x00,0x00,0x00,0x00,0x00,0x00,0x00,0x00,0x00,0x00,0x00,0x00,0x00,0x00,0x00,0x00,0x00,0x1e,0x3d,0x3c,0x4c,0xe5,0xe5,0xe5,0x9e,0x9f,0x8a,0x8a,0x9f,0x9e,0xf2,0xf2,0xbb,0x71,0x71,0x6d,0x42,0x42,0x4d,0xe4,0xa2,0x9e,0x9e,0x9e,0xe5,0xe5,0x4d,0x43,0x10,0x03,0x00,0x00,0x04,0x00,0x00,0x00,0x07,0x00,0x00,0x00,0x00,0x00,0x00,0x00,0x00,0x00,0x00,0x00,0x00,0x00,0x00,0x00,0x00,0x00,0x00,0x00,0x00,0x00,0x00,0x00,0x00,0x00,0x00,0x00,0x00,0x00,0x00,0x00,0x00,0x00,0x00,0x00,0x00,0x00,0x00,0x00,0x00,0x00,0x00,0x00,0x00,0x00,
    0x00,0x00,0x00,0x00,0x00,0x00,0x00,0x00,0x00,0x00,0x00,0x00,0x00,0x00,0x00,0x00,0x00,0x00,0x00,0x00,0x00,0x00,0x00,0x00,0x00,0x00,0x00,0x00,0x00,0x00,0x00,0x00,0x00,0x00,0x00,0x00,0x00,0x00,0x00,0x00,0x00,0x00,0x00,0x00,0x00,0x00,0x00,0x00,0x00,0x00,0x00,0x00,0x00,0x00,0x00,0x00,0x00,0x00,0x04,0x00,0x00,0x02,0x4e,0x74,0x9e,0x8a,0x84,0x81,0x81,0x81,0x79,0x79,0xd8,0xe5,0x42,0x28,0x43,0x4d,0xe5,0xd8,0x99,0x94,0x9a,0x91,0x79,0x99,0x9f,0x9e,0x70,0x39,0x00,0x03,0x04,0x04,0x00,0x00,0x00,0x00,0x00,0x00,0x00,0x00,0x00,0x00,0x00,0x00,0x00,0x00,0x00,0x00,0x00,0x00,0x00,0x00,0x00,0x00,0x00,0x00,0x00,0x00,0x00,0x00,0x00,0x00,0x00,0x00,0x00,0x00,0x00,0x00,0x00,0x00,0x00,0x00,0x00,0x00,0x00,0x00,0x00,0x00,0x00,0x00,0x00,0x00,
    0x00,0x00,0x00,0x00,0x00,0x00,0x00,0x00,0x00,0x00,0x00,0x00,0x00,0x00,0x00,0x00,0x00,0x00,0x00,0x00,0x00,0x00,0x00,0x00,0x00,0x00,0x00,0x00,0x00,0x00,0x00,0x00,0x00,0x00,0x00,0x00,0x00,0x00,0x00,0x00,0x00,0x00,0x00,0x00,0x00,0x00,0x00,0x00,0x00,0x00,0x00,0x00,0x00,0x00,0x00,0x00,0x00,0x00,0x00,0x00,0x04,0x03,0x65,0x22,0x91,0x79,0x81,0x84,0x84,0x84,0x84,0x81,0x79,0x8a,0x70,0x3a,0x54,0x74,0xd8,0x79,0x81,0x84,0x84,0x84,0x84,0x84,0x91,0x96,0x70,0x00,0x03,0x00,0x00,0x00,0x00,0x00,0x00,0x00,0x00,0x00,0x00,0x00,0x00,0x00,0x00,0x00,0x00,0x00,0x00,0x00,0x00,0x00,0x00,0x00,0x00,0x00,0x00,0x00,0x00,0x00,0x00,0x00,0x00,0x00,0x00,0x00,0x00,0x00,0x00,0x00,0x00,0x00,0x00,0x00,0x00,0x00,0x00,0x00,0x00,0x00,0x00,0x00,0x00,0x00,
    0x00,0x00,0x00,0x00,0x00,0x00,0x00,0x00,0x00,0x00,0x00,0x00,0x00,0x00,0x00,0x00,0x00,0x00,0x00,0x00,0x00,0x00,0x00,0x00,0x00,0x00,0x00,0x00,0x00,0x00,0x00,0x00,0x00,0x00,0x00,0x00,0x00,0x00,0x00,0x00,0x00,0x00,0x00,0x00,0x00,0x00,0x00,0x00,0x00,0x00,0x00,0x00,0x00,0x00,0x00,0x00,0x00,0x00,0x00,0x00,0x07,0x04,0x46,0x44,0x81,0x84,0x81,0x81,0x81,0x81,0x81,0x81,0x84,0x94,0x58,0x54,0x12,0x62,0x91,0x84,0x84,0x81,0x81,0x81,0x81,0x84,0x09,0x9b,0x4c,0x3b,0x00,0x07,0x00,0x00,0x00,0x00,0x00,0x00,0x00,0x00,0x00,0x00,0x00,0x00,0x00,0x00,0x00,0x00,0x00,0x00,0x00,0x00,0x00,0x00,0x00,0x00,0x00,0x00,0x00,0x00,0x00,0x00,0x00,0x00,0x00,0x00,0x00,0x00,0x00,0x00,0x00,0x00,0x00,0x00,0x00,0x00,0x00,0x00,0x00,0x00,0x00,0x00,0x00,0x00,
    0x00,0x00,0x00,0x00,0x00,0x00,0x00,0x00,0x00,0x00,0x00,0x00,0x00,0x00,0x00,0x00,0x00,0x00,0x00,0x00,0x00,0x00,0x00,0x00,0x00,0x00,0x00,0x00,0x00,0x00,0x00,0x00,0x00,0x00,0x00,0x00,0x00,0x00,0x00,0x00,0x00,0x00,0x00,0x00,0x00,0x00,0x00,0x00,0x00,0x00,0x00,0x00,0x00,0x00,0x00,0x00,0x00,0x00,0x00,0x00,0x06,0x00,0x52,0x21,0x81,0x84,0x81,0x81,0x81,0x81,0x81,0x84,0x79,0x9b,0xc8,0x52,0x2b,0x21,0x09,0x84,0x81,0x81,0x81,0x81,0x81,0x84,0x79,0x9b,0x38,0x28,0x00,0x02,0x00,0x00,0x00,0x00,0x00,0x00,0x00,0x00,0x00,0x00,0x00,0x00,0x00,0x00,0x00,0x00,0x00,0x00,0x00,0x00,0x00,0x00,0x00,0x00,0x00,0x00,0x00,0x00,0x00,0x00,0x00,0x00,0x00,0x00,0x00,0x00,0x00,0x00,0x00,0x00,0x00,0x00,0x00,0x00,0x00,0x00,0x00,0x00,0x00,0x00,0x00,0x00,
    0x00,0x00,0x00,0x00,0x00,0x00,0x00,0x00,0x00,0x00,0x00,0x00,0x00,0x00,0x00,0x00,0x00,0x00,0x00,0x00,0x00,0x00,0x00,0x00,0x00,0x00,0x00,0x00,0x00,0x00,0x00,0x00,0x00,0x00,0x00,0x00,0x00,0x00,0x00,0x00,0x00,0x00,0x00,0x00,0x00,0x00,0x00,0x00,0x00,0x00,0x00,0x00,0x00,0x00,0x00,0x00,0x00,0x00,0x00,0x00,0x03,0x00,0x0b,0x60,0x9b,0x96,0x96,0x81,0x81,0x81,0x81,0x81,0x81,0x79,0x31,0x3c,0x13,0x3e,0x94,0x84,0x81,0x81,0x81,0x81,0x81,0x84,0x09,0xa0,0x31,0x28,0x00,0x07,0x00,0x00,0x00,0x00,0x00,0x00,0x00,0x00,0x00,0x00,0x00,0x00,0x00,0x00,0x00,0x00,0x00,0x00,0x00,0x00,0x00,0x00,0x00,0x00,0x00,0x00,0x00,0x00,0x00,0x00,0x00,0x00,0x00,0x00,0x00,0x00,0x00,0x00,0x00,0x00,0x00,0x00,0x00,0x00,0x00,0x00,0x00,0x00,0x00,0x00,0x00,0x00,
    0x00,0x00,0x00,0x00,0x00,0x00,0x00,0x00,0x00,0x00,0x00,0x00,0x00,0x00,0x00,0x00,0x00,0x00,0x00,0x00,0x00,0x00,0x00,0x00,0x00,0x00,0x00,0x00,0x00,0x00,0x00,0x00,0x00,0x00,0x00,0x00,0x00,0x00,0x00,0x00,0x00,0x00,0x00,0x00,0x00,0x00,0x00,0x00,0x00,0x00,0x00,0x00,0x00,0x00,0x00,0x00,0x00,0x00,0x00,0x00,0x03,0x00,0x0b,0x12,0x96,0x84,0x99,0x81,0x81,0x81,0x81,0x81,0x84,0x9a,0x33,0x3c,0x2b,0x21,0x09,0x84,0x81,0x81,0x81,0x81,0x81,0x84,0x79,0x3f,0x31,0x04,0x00,0x00,0x00,0x00,0x00,0x00,0x00,0x00,0x00,0x00,0x00,0x00,0x00,0x00,0x00,0x00,0x00,0x00,0x00,0x00,0x00,0x00,0x00,0x00,0x00,0x00,0x00,0x00,0x00,0x00,0x00,0x00,0x00,0x00,0x00,0x00,0x00,0x00,0x00,0x00,0x00,0x00,0x00,0x00,0x00,0x00,0x00,0x00,0x00,0x00,0x00,0x00,0x00,0x00,
    0x00,0x00,0x00,0x00,0x00,0x00,0x00,0x00,0x00,0x00,0x00,0x00,0x00,0x00,0x00,0x00,0x00,0x00,0x00,0x00,0x00,0x00,0x00,0x00,0x00,0x00,0x00,0x00,0x00,0x00,0x00,0x00,0x00,0x00,0x00,0x00,0x00,0x00,0x00,0x00,0x00,0x00,0x00,0x00,0x00,0x00,0x00,0x00,0x00,0x00,0x00,0x00,0x00,0x00,0x00,0x00,0x00,0x00,0x00,0x00,0x00,0x03,0x02,0x15,0x62,0x79,0x81,0x81,0x81,0x81,0x81,0x84,0x09,0xa0,0x53,0x28,0x0b,0x35,0x79,0x81,0x81,0x81,0x81,0x81,0x81,0x81,0x84,0x5f,0x46,0x04,0x02,0x00,0x00,0x00,0x00,0x00,0x00,0x00,0x00,0x00,0x00,0x00,0x00,0x00,0x00,0x00,0x00,0x00,0x00,0x00,0x00,0x00,0x00,0x00,0x00,0x00,0x00,0x00,0x00,0x00,0x00,0x00,0x00,0x00,0x00,0x00,0x00,0x00,0x00,0x00,0x00,0x00,0x00,0x00,0x00,0x00,0x00,0x00,0x00,0x00,0x00,0x00,0x00,0x00,
    0x00,0x00,0x00,0x00,0x00,0x00,0x00,0x00,0x00,0x00,0x00,0x00,0x00,0x00,0x00,0x00,0x00,0x00,0x00,0x00,0x00,0x00,0x00,0x00,0x00,0x00,0x00,0x00,0x00,0x00,0x00,0x00,0x00,0x00,0x00,0x00,0x00,0x00,0x00,0x00,0x00,0x00,0x00,0x00,0x00,0x00,0x00,0x00,0x00,0x00,0x00,0x00,0x00,0x00,0x00,0x00,0x00,0x00,0x00,0x00,0x00,0x02,0x00,0x30,0xad,0x84,0x81,0x81,0x81,0x81,0x84,0x99,0x91,0xad,0x4e,0x1e,0x0b,0x31,0x9d,0x09,0x81,0x81,0x81,0x81,0x81,0x84,0x09,0x51,0x3a,0x00,0x07,0x00,0x00,0x00,0x00,0x00,0x00,0x00,0x00,0x00,0x00,0x00,0x00,0x00,0x00,0x00,0x00,0x00,0x00,0x00,0x00,0x00,0x00,0x00,0x00,0x00,0x00,0x00,0x00,0x00,0x00,0x00,0x00,0x00,0x00,0x00,0x00,0x00,0x00,0x00,0x00,0x00,0x00,0x00,0x00,0x00,0x00,0x00,0x00,0x00,0x00,0x00,0x00,0x00,
    0x00,0x00,0x00,0x00,0x00,0x00,0x00,0x00,0x00,0x00,0x00,0x00,0x00,0x00,0x00,0x00,0x00,0x00,0x00,0x00,0x00,0x00,0x00,0x00,0x00,0x00,0x00,0x00,0x00,0x00,0x00,0x00,0x00,0x00,0x00,0x00,0x00,0x00,0x00,0x00,0x00,0x00,0x00,0x00,0x00,0x00,0x00,0x00,0x00,0x00,0x00,0x00,0x00,0x00,0x00,0x00,0x00,0x00,0x00,0x00,0x00,0x02,0x00,0x3c,0xae,0x84,0x81,0x81,0x81,0x81,0x81,0x81,0x79,0x9d,0x31,0x1e,0x18,0x4e,0xa5,0x94,0x84,0x81,0x81,0x81,0x81,0x84,0x09,0x24,0x28,0x00,0x02,0x00,0x00,0x00,0x00,0x00,0x00,0x00,0x00,0x00,0x00,0x00,0x00,0x00,0x00,0x00,0x00,0x00,0x00,0x00,0x00,0x00,0x00,0x00,0x00,0x00,0x00,0x00,0x00,0x00,0x00,0x00,0x00,0x00,0x00,0x00,0x00,0x00,0x00,0x00,0x00,0x00,0x00,0x00,0x00,0x00,0x00,0x00,0x00,0x00,0x00,0x00,0x00,0x00,
    0x00,0x00,0x00,0x00,0x00,0x00,0x00,0x00,0x00,0x00,0x00,0x00,0x00,0x00,0x00,0x00,0x00,0x00,0x00,0x00,0x00,0x00,0x00,0x00,0x00,0x00,0x00,0x00,0x00,0x00,0x00,0x00,0x00,0x00,0x00,0x00,0x00,0x00,0x00,0x00,0x00,0x00,0x00,0x00,0x00,0x00,0x00,0x00,0x00,0x00,0x00,0x00,0x00,0x00,0x00,0x00,0x00,0x00,0x00,0x00,0x00,0x02,0x00,0x3c,0x22,0x84,0x81,0x81,0x81,0x81,0x81,0x84,0x79,0x51,0x34,0x00,0x3b,0x38,0x9b,0x99,0x81,0x81,0x81,0x81,0x81,0x84,0x91,0x24,0x18,0x00,0x02,0x00,0x00,0x00,0x00,0x00,0x00,0x00,0x00,0x00,0x00,0x00,0x00,0x00,0x00,0x00,0x00,0x00,0x00,0x00,0x00,0x00,0x00,0x00,0x00,0x00,0x00,0x00,0x00,0x00,0x00,0x00,0x00,0x00,0x00,0x00,0x00,0x00,0x00,0x00,0x00,0x00,0x00,0x00,0x00,0x00,0x00,0x00,0x00,0x00,0x00,0x00,0x00,0x00,
    0x00,0x00,0x00,0x00,0x00,0x00,0x00,0x00,0x00,0x00,0x00,0x00,0x00,0x00,0x00,0x00,0x00,0x00,0x00,0x00,0x00,0x00,0x00,0x00,0x00,0x00,0x00,0x00,0x00,0x00,0x00,0x00,0x00,0x00,0x00,0x00,0x00,0x00,0x00,0x00,0x00,0x00,0x00,0x00,0x00,0x00,0x00,0x00,0x00,0x00,0x00,0x00,0x00,0x00,0x00,0x00,0x00,0x00,0x00,0x00,0x00,0x02,0x00,0x30,0xc7,0x84,0x81,0x81,0x81,0x81,0x81,0x84,0x91,0x55,0x6c,0x00,0x5d,0x38,0xd1,0x81,0x84,0x81,0x81,0x81,0x81,0x84,0x09,0x44,0x13,0x00,0x06,0x00,0x00,0x00,0x00,0x00,0x00,0x00,0x00,0x00,0x00,0x00,0x00,0x00,0x00,0x00,0x00,0x00,0x00,0x00,0x00,0x00,0x00,0x00,0x00,0x00,0x00,0x00,0x00,0x00,0x00,0x00,0x00,0x00,0x00,0x00,0x00,0x00,0x00,0x00,0x00,0x00,0x00,0x00,0x00,0x00,0x00,0x00,0x00,0x00,0x00,0x00,0x00,0x00,
    0x00,0x00,0x00,0x00,0x00,0x00,0x00,0x00,0x00,0x00,0x00,0x00,0x00,0x00,0x00,0x00,0x00,0x00,0x00,0x00,0x00,0x00,0x00,0x00,0x00,0x00,0x00,0x00,0x00,0x00,0x00,0x00,0x00,0x00,0x00,0x00,0x00,0x00,0x00,0x00,0x00,0x00,0x00,0x00,0x00,0x00,0x00,0x00,0x00,0x00,0x00,0x00,0x00,0x00,0x00,0x00,0x00,0x00,0x00,0x00,0x00,0x06,0x00,0x15,0x96,0x84,0x81,0x81,0x81,0x81,0x81,0x99,0x84,0x3e,0x3a,0x00,0x02,0x54,0x5f,0x94,0x84,0x81,0x81,0x81,0x81,0x84,0x81,0x56,0x12,0x02,0x03,0x00,0x00,0x00,0x00,0x00,0x00,0x00,0x00,0x00,0x00,0x00,0x00,0x00,0x00,0x00,0x00,0x00,0x00,0x00,0x00,0x00,0x00,0x00,0x00,0x00,0x00,0x00,0x00,0x00,0x00,0x00,0x00,0x00,0x00,0x00,0x00,0x00,0x00,0x00,0x00,0x00,0x00,0x00,0x00,0x00,0x00,0x00,0x00,0x00,0x00,0x00,0x00,0x00,
    0x00,0x00,0x00,0x00,0x00,0x00,0x00,0x00,0x00,0x00,0x00,0x00,0x00,0x00,0x00,0x00,0x00,0x00,0x00,0x00,0x00,0x00,0x00,0x00,0x00,0x00,0x00,0x00,0x00,0x00,0x00,0x00,0x00,0x00,0x00,0x00,0x00,0x00,0x00,0x00,0x00,0x00,0x00,0x00,0x00,0x00,0x00,0x00,0x00,0x00,0x00,0x00,0x00,0x00,0x00,0x00,0x00,0x00,0x00,0x00,0x00,0x00,0x11,0x52,0x2d,0x09,0x84,0x81,0x81,0x81,0x84,0x79,0x96,0x41,0x18,0x00,0x06,0x46,0x56,0x79,0x84,0x81,0x81,0x81,0x81,0x84,0x91,0x3f,0x46,0x10,0x00,0x00,0x00,0x00,0x00,0x00,0x00,0x00,0x00,0x00,0x00,0x00,0x00,0x00,0x00,0x00,0x00,0x00,0x00,0x00,0x00,0x00,0x00,0x00,0x00,0x00,0x00,0x00,0x00,0x00,0x00,0x00,0x00,0x00,0x00,0x00,0x00,0x00,0x00,0x00,0x00,0x00,0x00,0x00,0x00,0x00,0x00,0x00,0x00,0x00,0x00,0x00,0x00,0x00,
    0x00,0x00,0x00,0x00,0x00,0x00,0x00,0x00,0x00,0x00,0x00,0x00,0x00,0x00,0x00,0x00,0x00,0x00,0x00,0x00,0x00,0x00,0x00,0x00,0x00,0x00,0x00,0x00,0x00,0x00,0x00,0x00,0x00,0x00,0x00,0x00,0x00,0x00,0x00,0x00,0x00,0x00,0x00,0x00,0x00,0x00,0x00,0x00,0x00,0x00,0x00,0x00,0x00,0x00,0x00,0x00,0x00,0x00,0x00,0x00,0x03,0x00,0x0b,0x31,0x9d,0x79,0x81,0x81,0x81,0x81,0x84,0x09,0x9b,0x38,0x18,0x00,0x00,0x34,0x5f,0x8a,0x79,0x81,0x81,0x81,0x81,0x84,0x91,0x0f,0x43,0x10,0x00,0x00,0x00,0x00,0x00,0x00,0x00,0x00,0x00,0x00,0x00,0x00,0x00,0x00,0x00,0x00,0x00,0x00,0x00,0x00,0x00,0x00,0x00,0x00,0x00,0x00,0x00,0x00,0x00,0x00,0x00,0x00,0x00,0x00,0x00,0x00,0x00,0x00,0x00,0x00,0x00,0x00,0x00,0x00,0x00,0x00,0x00,0x00,0x00,0x00,0x00,0x00,0x00,0x00,
    0x00,0x00,0x00,0x00,0x00,0x00,0x00,0x00,0x00,0x00,0x00,0x00,0x00,0x00,0x00,0x00,0x00,0x00,0x00,0x00,0x00,0x00,0x00,0x00,0x00,0x00,0x00,0x00,0x00,0x00,0x00,0x00,0x00,0x00,0x00,0x00,0x00,0x00,0x00,0x00,0x00,0x00,0x00,0x00,0x00,0x00,0x00,0x00,0x00,0x00,0x00,0x00,0x00,0x00,0x00,0x00,0x00,0x00,0x00,0x00,0x03,0x04,0x0b,0x12,0x9d,0x96,0x99,0x81,0x81,0x81,0x84,0x09,0x9b,0x4e,0x28,0x07,0x00,0x30,0x63,0x9d,0x09,0x84,0x81,0x81,0x81,0x81,0x91,0x0f,0x43,0x10,0x00,0x00,0x00,0x00,0x00,0x00,0x00,0x00,0x00,0x00,0x00,0x00,0x00,0x00,0x00,0x00,0x00,0x00,0x00,0x00,0x00,0x00,0x00,0x00,0x00,0x00,0x00,0x00,0x00,0x00,0x00,0x00,0x00,0x00,0x00,0x00,0x00,0x00,0x00,0x00,0x00,0x00,0x00,0x00,0x00,0x00,0x00,0x00,0x00,0x00,0x00,0x00,0x00,0x00,
    0x00,0x00,0x00,0x00,0x00,0x00,0x00,0x00,0x00,0x00,0x00,0x00,0x00,0x00,0x00,0x00,0x00,0x00,0x00,0x00,0x00,0x00,0x00,0x00,0x00,0x00,0x00,0x00,0x00,0x00,0x00,0x00,0x00,0x00,0x00,0x00,0x00,0x00,0x00,0x00,0x00,0x00,0x00,0x00,0x00,0x00,0x00,0x00,0x00,0x00,0x00,0x00,0x00,0x00,0x00,0x00,0x00,0x00,0x00,0x00,0x03,0x00,0x0b,0x12,0x9b,0x96,0x99,0x81,0x81,0x79,0x79,0x81,0x88,0x46,0x00,0x06,0x4b,0x3b,0x4c,0x9b,0x09,0x84,0x81,0x81,0x99,0x8a,0x96,0x5c,0x43,0x06,0x00,0x00,0x00,0x00,0x00,0x00,0x00,0x00,0x00,0x00,0x00,0x00,0x00,0x00,0x00,0x00,0x00,0x00,0x00,0x00,0x00,0x00,0x00,0x00,0x00,0x00,0x00,0x00,0x00,0x00,0x00,0x00,0x00,0x00,0x00,0x00,0x00,0x00,0x00,0x00,0x00,0x00,0x00,0x00,0x00,0x00,0x00,0x00,0x00,0x00,0x00,0x00,0x00,0x00,
    0x00,0x00,0x00,0x00,0x00,0x00,0x00,0x00,0x00,0x00,0x00,0x00,0x00,0x00,0x00,0x00,0x00,0x00,0x00,0x00,0x00,0x00,0x00,0x00,0x00,0x00,0x00,0x00,0x00,0x00,0x00,0x00,0x00,0x00,0x00,0x00,0x00,0x00,0x00,0x00,0x00,0x00,0x00,0x00,0x00,0x00,0x00,0x00,0x00,0x00,0x00,0x00,0x00,0x00,0x00,0x00,0x00,0x00,0x00,0x00,0x03,0x10,0x0b,0x60,0x96,0x99,0x99,0x99,0x96,0x8a,0x2f,0x8a,0x8a,0x29,0x00,0x06,0x00,0x00,0x49,0x88,0x96,0x99,0x99,0x99,0x96,0x9b,0x8a,0xa5,0x59,0x0b,0x04,0x04,0x00,0x00,0x00,0x00,0x00,0x00,0x00,0x00,0x00,0x00,0x00,0x00,0x00,0x00,0x00,0x00,0x00,0x00,0x00,0x00,0x00,0x00,0x00,0x00,0x00,0x00,0x00,0x00,0x00,0x00,0x00,0x00,0x00,0x00,0x00,0x00,0x00,0x00,0x00,0x00,0x00,0x00,0x00,0x00,0x00,0x00,0x00,0x00,0x00,0x00,0x00,0x00,
    0x00,0x00,0x00,0x00,0x00,0x00,0x00,0x00,0x00,0x00,0x00,0x00,0x00,0x00,0x00,0x00,0x00,0x00,0x00,0x00,0x00,0x00,0x00,0x00,0x00,0x00,0x00,0x00,0x00,0x00,0x00,0x00,0x00,0x00,0x00,0x00,0x00,0x00,0x00,0x00,0x00,0x00,0x00,0x00,0x00,0x00,0x00,0x00,0x00,0x00,0x00,0x00,0x00,0x00,0x00,0x00,0x00,0x00,0x00,0x04,0x4b,0x11,0x1b,0x6f,0x9d,0x88,0x88,0x88,0x9a,0xa8,0x98,0x9a,0xbe,0x36,0x1d,0x4b,0x17,0x2e,0x6f,0x99,0x88,0x88,0x88,0x88,0x9a,0x91,0x88,0x0f,0x0a,0x0d,0x03,0x4b,0x00,0x00,0x00,0x00,0x00,0x00,0x00,0x00,0x00,0x00,0x00,0x00,0x00,0x00,0x00,0x00,0x00,0x00,0x00,0x00,0x00,0x00,0x00,0x00,0x00,0x00,0x00,0x00,0x00,0x00,0x00,0x00,0x00,0x00,0x00,0x00,0x00,0x00,0x00,0x00,0x00,0x00,0x00,0x00,0x00,0x00,0x00,0x00,0x00,0x00,0x00,0x00,
    0x00,0x00,0x00,0x00,0x00,0x00,0x00,0x00,0x00,0x00,0x00,0x00,0x00,0x00,0x00,0x00,0x00,0x00,0x00,0x00,0x00,0x00,0x00,0x00,0x00,0x00,0x00,0x00,0x00,0x00,0x00,0x00,0x00,0x00,0x00,0x00,0x00,0x00,0x00,0x00,0x00,0x00,0x00,0x00,0x00,0x00,0x00,0x00,0x00,0x00,0x00,0x00,0x00,0x00,0x00,0x00,0x00,0x00,0x00,0x1e,0x00,0x0d,0x82,0x8c,0xe7,0x32,0x47,0xa9,0xa9,0xd5,0xa9,0xa9,0xe7,0x8c,0x5b,0x00,0x2e,0x7f,0x8c,0xd4,0x47,0xa9,0xa9,0xa9,0xd5,0xa9,0x32,0xb5,0x82,0x80,0x0c,0x00,0x4b,0x00,0x00,0x00,0x00,0x00,0x00,0x00,0x00,0x00,0x00,0x00,0x00,0x00,0x00,0x00,0x00,0x00,0x00,0x00,0x00,0x00,0x00,0x00,0x00,0x00,0x00,0x00,0x00,0x00,0x00,0x00,0x00,0x00,0x00,0x00,0x00,0x00,0x00,0x00,0x00,0x00,0x00,0x00,0x00,0x00,0x00,0x00,0x00,0x00,0x00,0x00,
    0x00,0x00,0x00,0x00,0x00,0x00,0x00,0x00,0x00,0x00,0x00,0x00,0x00,0x00,0x00,0x00,0x00,0x00,0x00,0x00,0x00,0x00,0x00,0x00,0x00,0x00,0x00,0x00,0x00,0x00,0x00,0x00,0x00,0x00,0x00,0x00,0x00,0x00,0x00,0x00,0x00,0x00,0x00,0x00,0x00,0x00,0x00,0x00,0x00,0x00,0x00,0x00,0x00,0x00,0x00,0x00,0x00,0x00,0x01,0x00,0x1c,0x5b,0x25,0x25,0x86,0x86,0x86,0x86,0x86,0x8c,0x86,0x8c,0x8c,0x25,0x2c,0x2e,0x1f,0x25,0x25,0x8c,0x8c,0x86,0x86,0x86,0x86,0x86,0x8c,0x8c,0x25,0x7e,0x36,0x0c,0x04,0x4b,0x00,0x00,0x00,0x00,0x00,0x00,0x00,0x00,0x00,0x00,0x00,0x00,0x00,0x00,0x00,0x00,0x00,0x00,0x00,0x00,0x00,0x00,0x00,0x00,0x00,0x00,0x00,0x00,0x00,0x00,0x00,0x00,0x00,0x00,0x00,0x00,0x00,0x00,0x00,0x00,0x00,0x00,0x00,0x00,0x00,0x00,0x00,0x00,0x00,0x00,
    0x00,0x00,0x00,0x00,0x00,0x00,0x00,0x00,0x00,0x00,0x00,0x00,0x00,0x00,0x00,0x00,0x00,0x00,0x00,0x00,0x00,0x00,0x00,0x00,0x00,0x00,0x00,0x00,0x00,0x00,0x00,0x00,0x00,0x00,0x00,0x00,0x00,0x00,0x00,0x00,0x00,0x00,0x00,0x00,0x00,0x00,0x00,0x00,0x00,0x00,0x00,0x00,0x00,0x00,0x00,0x00,0x00,0x00,0x4b,0x00,0x1c,0x7b,0x05,0x80,0x82,0x7f,0x77,0x7b,0x7b,0x7b,0x77,0x7f,0x82,0x25,0x7e,0x36,0x1f,0x7f,0x7f,0x82,0x7c,0x77,0x7b,0x7b,0x7b,0x7b,0x82,0x82,0x25,0x7d,0x5a,0x1c,0x00,0x4b,0x00,0x00,0x00,0x00,0x00,0x00,0x00,0x00,0x00,0x00,0x00,0x00,0x00,0x00,0x00,0x00,0x00,0x00,0x00,0x00,0x00,0x00,0x00,0x00,0x00,0x00,0x00,0x00,0x00,0x00,0x00,0x00,0x00,0x00,0x00,0x00,0x00,0x00,0x00,0x00,0x00,0x00,0x00,0x00,0x00,0x00,0x00,0x00,0x00,0x00,
    0x00,0x00,0x00,0x00,0x00,0x00,0x00,0x00,0x00,0x00,0x00,0x00,0x00,0x00,0x00,0x00,0x00,0x00,0x00,0x00,0x00,0x00,0x00,0x00,0x00,0x00,0x00,0x00,0x00,0x00,0x00,0x00,0x00,0x00,0x00,0x00,0x00,0x00,0x00,0x00,0x00,0x00,0x00,0x00,0x00,0x00,0x00,0x00,0x00,0x00,0x00,0x00,0x00,0x00,0x00,0x00,0x00,0x00,0x00,0x00,0x1e,0x2a,0x7c,0x05,0x7a,0x80,0x7c,0x7c,0x7c,0x7c,0x7c,0x82,0x7a,0x05,0x7d,0x14,0x1f,0x77,0x23,0x80,0x7e,0x7c,0x7c,0x7c,0x7c,0x7f,0x80,0x7b,0x05,0x7c,0x0a,0x1c,0x00,0x4b,0x00,0x00,0x00,0x00,0x00,0x00,0x00,0x00,0x00,0x00,0x00,0x00,0x00,0x00,0x00,0x00,0x00,0x00,0x00,0x00,0x00,0x00,0x00,0x00,0x00,0x00,0x00,0x00,0x00,0x00,0x00,0x00,0x00,0x00,0x00,0x00,0x00,0x00,0x00,0x00,0x00,0x00,0x00,0x00,0x00,0x00,0x00,0x00,0x00,0x00,
    0x00,0x00,0x00,0x00,0x00,0x00,0x00,0x00,0x00,0x00,0x00,0x00,0x00,0x00,0x00,0x00,0x00,0x00,0x00,0x00,0x00,0x00,0x00,0x00,0x00,0x00,0x00,0x00,0x00,0x00,0x00,0x00,0x00,0x00,0x00,0x00,0x00,0x00,0x00,0x00,0x00,0x00,0x00,0x00,0x00,0x00,0x00,0x00,0x00,0x00,0x00,0x00,0x00,0x00,0x00,0x00,0x00,0x00,0x00,0x00,0x00,0x2a,0x7b,0x7c,0x82,0x82,0x7b,0x7d,0x7c,0x7c,0x7b,0x82,0x80,0x77,0x7d,0x36,0x1b,0x83,0x05,0x86,0x7f,0x7b,0x7c,0x7a,0x7d,0x7a,0x86,0x7e,0x05,0x7c,0x5a,0x0c,0x00,0x4b,0x00,0x00,0x00,0x00,0x00,0x00,0x00,0x00,0x00,0x00,0x00,0x00,0x00,0x00,0x00,0x00,0x00,0x00,0x00,0x00,0x00,0x00,0x00,0x00,0x00,0x00,0x00,0x00,0x00,0x00,0x00,0x00,0x00,0x00,0x00,0x00,0x00,0x00,0x00,0x00,0x00,0x00,0x00,0x00,0x00,0x00,0x00,0x00,0x00,0x00,
    0x00,0x00,0x00,0x00,0x00,0x00,0x00,0x00,0x00,0x00,0x00,0x00,0x00,0x00,0x00,0x00,0x00,0x00,0x00,0x00,0x00,0x00,0x00,0x00,0x00,0x00,0x00,0x00,0x00,0x00,0x00,0x00,0x00,0x00,0x00,0x00,0x00,0x00,0x00,0x00,0x00,0x00,0x00,0x00,0x00,0x00,0x00,0x00,0x00,0x00,0x00,0x00,0x00,0x00,0x00,0x00,0x00,0x00,0x00,0x00,0x04,0x2a,0x7d,0x77,0xe8,0x7e,0x80,0x7e,0x7d,0x7e,0x7e,0x7e,0xb4,0x23,0x7f,0x1c,0x1f,0x80,0xe8,0xbc,0x86,0x82,0x7e,0x82,0x82,0x82,0x8d,0xbc,0x7f,0x7f,0x14,0x17,0x00,0x01,0x00,0x00,0x00,0x00,0x00,0x00,0x00,0x00,0x00,0x00,0x00,0x00,0x00,0x00,0x00,0x00,0x00,0x00,0x00,0x00,0x00,0x00,0x00,0x00,0x00,0x00,0x00,0x00,0x00,0x00,0x00,0x00,0x00,0x00,0x00,0x00,0x00,0x00,0x00,0x00,0x00,0x00,0x00,0x00,0x00,0x00,0x00,0x00,0x00,0x00,
    0x00,0x00,0x00,0x00,0x00,0x00,0x00,0x00,0x00,0x00,0x00,0x00,0x00,0x00,0x00,0x00,0x00,0x00,0x00,0x00,0x00,0x00,0x00,0x00,0x00,0x00,0x00,0x00,0x00,0x00,0x00,0x00,0x00,0x00,0x00,0x00,0x00,0x00,0x00,0x00,0x00,0x00,0x00,0x00,0x00,0x00,0x00,0x00,0x00,0x00,0x00,0x00,0x00,0x00,0x00,0x00,0x00,0x00,0x00,0x00,0x00,0x2a,0x7c,0x05,0xaf,0xaf,0xc1,0xe8,0x7b,0xcf,0xb2,0xaa,0xaf,0x23,0x82,0x1d,0x1f,0x82,0xb4,0xaf,0xaa,0xb9,0xa6,0xbc,0xe1,0xc1,0xaf,0xb2,0x25,0x7f,0x14,0x17,0x00,0x01,0x00,0x00,0x00,0x00,0x00,0x00,0x00,0x00,0x00,0x00,0x00,0x00,0x00,0x00,0x00,0x00,0x00,0x00,0x00,0x00,0x00,0x00,0x00,0x00,0x00,0x00,0x00,0x00,0x00,0x00,0x00,0x00,0x00,0x00,0x00,0x00,0x00,0x00,0x00,0x00,0x00,0x00,0x00,0x00,0x00,0x00,0x00,0x00,0x00,0x00,
    0x00,0x00,0x00,0x00,0x00,0x00,0x00,0x00,0x00,0x00,0x00,0x00,0x00,0x00,0x00,0x00,0x00,0x00,0x00,0x00,0x00,0x00,0x00,0x00,0x00,0x00,0x00,0x00,0x00,0x00,0x00,0x00,0x00,0x00,0x00,0x00,0x00,0x00,0x00,0x00,0x00,0x00,0x00,0x00,0x00,0x00,0x00,0x00,0x00,0x00,0x00,0x00,0x00,0x00,0x00,0x00,0x00,0x00,0x00,0x00,0x00,0x2a,0x7c,0x7e,0x89,0x7f,0xe1,0xe2,0xd0,0xe2,0xe1,0x8c,0xe8,0x23,0x80,0x1c,0x1f,0x82,0x23,0x77,0xc0,0xaf,0xd0,0xd0,0xaf,0xc0,0x89,0x89,0x7a,0x7f,0x14,0x17,0x00,0x01,0x00,0x00,0x00,0x00,0x00,0x00,0x00,0x00,0x00,0x00,0x00,0x00,0x00,0x00,0x00,0x00,0x00,0x00,0x00,0x00,0x00,0x00,0x00,0x00,0x00,0x00,0x00,0x00,0x00,0x00,0x00,0x00,0x00,0x00,0x00,0x00,0x00,0x00,0x00,0x00,0x00,0x00,0x00,0x00,0x00,0x00,0x00,0x00,0x00,0x00,
    0x00,0x00,0x00,0x00,0x00,0x00,0x00,0x00,0x00,0x00,0x00,0x00,0x00,0x00,0x00,0x00,0x00,0x00,0x00,0x00,0x00,0x00,0x00,0x00,0x00,0x00,0x00,0x00,0x00,0x00,0x00,0x00,0x00,0x00,0x00,0x00,0x00,0x00,0x00,0x00,0x00,0x00,0x00,0x00,0x00,0x00,0x00,0x00,0x00,0x00,0x00,0x00,0x00,0x00,0x00,0x00,0x00,0x00,0x00,0x00,0x00,0x2a,0x8d,0x05,0x7b,0xc1,0xeb,0xb9,0xc0,0xb4,0xaf,0xb2,0x7c,0x7a,0x7f,0x1c,0x1f,0x7c,0x82,0xbc,0xaf,0xc1,0xc0,0xa6,0xaa,0xaf,0xb9,0x7f,0x05,0x7e,0x14,0x17,0x00,0x01,0x00,0x00,0x00,0x00,0x00,0x00,0x00,0x00,0x00,0x00,0x00,0x00,0x00,0x00,0x00,0x00,0x00,0x00,0x00,0x00,0x00,0x00,0x00,0x00,0x00,0x00,0x00,0x00,0x00,0x00,0x00,0x00,0x00,0x00,0x00,0x00,0x00,0x00,0x00,0x00,0x00,0x00,0x00,0x00,0x00,0x00,0x00,0x00,0x00,0x00,
    0x00,0x00,0x00,0x00,0x00,0x00,0x00,0x00,0x00,0x00,0x00,0x00,0x00,0x00,0x00,0x00,0x00,0x00,0x00,0x00,0x00,0x00,0x00,0x00,0x00,0x00,0x00,0x00,0x00,0x00,0x00,0x00,0x00,0x00,0x00,0x00,0x00,0x00,0x00,0x00,0x00,0x00,0x00,0x00,0x00,0x00,0x00,0x00,0x00,0x00,0x00,0x00,0x00,0x00,0x00,0x00,0x00,0x00,0x00,0x00,0x00,0x2a,0x93,0x05,0xaf,0xaf,0xb4,0x86,0x86,0x8c,0xcf,0xaa,0xb2,0x25,0x7a,0x1d,0x2e,0x7d,0xa6,0xeb,0xaa,0x8d,0x80,0x82,0x7f,0xcc,0xd0,0xbc,0x7e,0x7c,0x14,0x17,0x00,0x01,0x00,0x00,0x00,0x00,0x00,0x00,0x00,0x00,0x00,0x00,0x00,0x00,0x00,0x00,0x00,0x00,0x00,0x00,0x00,0x00,0x00,0x00,0x00,0x00,0x00,0x00,0x00,0x00,0x00,0x00,0x00,0x00,0x00,0x00,0x00,0x00,0x00,0x00,0x00,0x00,0x00,0x00,0x00,0x00,0x00,0x00,0x00,0x00,0x00,0x00,
    0x00,0x00,0x00,0x00,0x00,0x00,0x00,0x00,0x00,0x00,0x00,0x00,0x00,0x00,0x00,0x00,0x00,0x00,0x00,0x00,0x00,0x00,0x00,0x00,0x00,0x00,0x00,0x00,0x00,0x00,0x00,0x00,0x00,0x00,0x00,0x00,0x00,0x00,0x00,0x00,0x00,0x00,0x00,0x00,0x00,0x00,0x00,0x00,0x00,0x00,0x00,0x00,0x00,0x00,0x00,0x00,0x00,0x00,0x00,0x00,0x00,0x2a,0x7c,0x05,0x8d,0x2c,0xeb,0xaa,0xa6,0xcc,0xaa,0x7f,0x80,0x7a,0x7d,0x2e,0x0d,0x77,0x08,0x7b,0xb4,0xe2,0xb9,0xcf,0xaf,0xe1,0x86,0x80,0x7f,0x7c,0x36,0x17,0x00,0x01,0x00,0x00,0x00,0x00,0x00,0x00,0x00,0x00,0x00,0x00,0x00,0x00,0x00,0x00,0x00,0x00,0x00,0x00,0x00,0x00,0x00,0x00,0x00,0x00,0x00,0x00,0x00,0x00,0x00,0x00,0x00,0x00,0x00,0x00,0x00,0x00,0x00,0x00,0x00,0x00,0x00,0x00,0x00,0x00,0x00,0x00,0x00,0x00,0x00,0x00,
    0x00,0x00,0x00,0x00,0x00,0x00,0x00,0x00,0x00,0x00,0x00,0x00,0x00,0x00,0x00,0x00,0x00,0x00,0x00,0x00,0x00,0x00,0x00,0x00,0x00,0x00,0x00,0x00,0x00,0x00,0x00,0x00,0x00,0x00,0x00,0x00,0x00,0x00,0x00,0x00,0x00,0x00,0x00,0x00,0x00,0x00,0x00,0x00,0x00,0x00,0x00,0x00,0x00,0x00,0x00,0x00,0x00,0x00,0x00,0x00,0x00,0x2a,0x7c,0x7a,0x86,0x8c,0xa6,0xe2,0xe2,0xd0,0x7a,0x86,0x7f,0x7c,0x7c,0x1b,0x14,0x7b,0x05,0x7e,0x86,0xb2,0xe2,0xd0,0xcc,0x86,0x8c,0x86,0x7f,0x05,0x5a,0x1c,0x00,0x4b,0x00,0x00,0x00,0x00,0x00,0x00,0x00,0x00,0x00,0x00,0x00,0x00,0x00,0x00,0x00,0x00,0x00,0x00,0x00,0x00,0x00,0x00,0x00,0x00,0x00,0x00,0x00,0x00,0x00,0x00,0x00,0x00,0x00,0x00,0x00,0x00,0x00,0x00,0x00,0x00,0x00,0x00,0x00,0x00,0x00,0x00,0x00,0x00,0x00,0x00,
    0x00,0x00,0x00,0x00,0x00,0x00,0x00,0x00,0x00,0x00,0x00,0x00,0x00,0x00,0x00,0x00,0x00,0x00,0x00,0x00,0x00,0x00,0x00,0x00,0x00,0x00,0x00,0x00,0x00,0x00,0x00,0x00,0x00,0x00,0x00,0x00,0x00,0x00,0x00,0x00,0x00,0x00,0x00,0x00,0x00,0x00,0x00,0x00,0x00,0x00,0x00,0x00,0x00,0x00,0x00,0x00,0x00,0x00,0x00,0x00,0x00,0x2a,0x7c,0x05,0x80,0xb4,0xeb,0xb9,0xc0,0xe1,0xeb,0xb4,0x7f,0x05,0x7c,0x1b,0x14,0x7c,0x7c,0x7b,0xaa,0xaf,0xa6,0x82,0xe1,0xaf,0xcf,0x82,0x05,0x7c,0x0a,0x1c,0x00,0x4b,0x00,0x00,0x00,0x00,0x00,0x00,0x00,0x00,0x00,0x00,0x00,0x00,0x00,0x00,0x00,0x00,0x00,0x00,0x00,0x00,0x00,0x00,0x00,0x00,0x00,0x00,0x00,0x00,0x00,0x00,0x00,0x00,0x00,0x00,0x00,0x00,0x00,0x00,0x00,0x00,0x00,0x00,0x00,0x00,0x00,0x00,0x00,0x00,0x00,0x00,
    0x00,0x00,0x00,0x00,0x00,0x00,0x00,0x00,0x00,0x00,0x00,0x00,0x00,0x00,0x00,0x00,0x00,0x00,0x00,0x00,0x00,0x00,0x00,0x00,0x00,0x00,0x00,0x00,0x00,0x00,0x00,0x00,0x00,0x00,0x00,0x00,0x00,0x00,0x00,0x00,0x00,0x00,0x00,0x00,0x00,0x00,0x00,0x00,0x00,0x00,0x00,0x00,0x00,0x00,0x00,0x00,0x00,0x00,0x00,0x00,0x4b,0x2a,0x7d,0x25,0xcf,0xe2,0xb2,0x82,0x82,0x7e,0xaa,0xe2,0x93,0x7a,0x7d,0x1f,0x1b,0x7a,0x7f,0xcf,0xe2,0xcf,0x8c,0x8c,0xbc,0xd0,0xaa,0x7e,0x05,0x7c,0x0a,0x1c,0x00,0x4b,0x00,0x00,0x00,0x00,0x00,0x00,0x00,0x00,0x00,0x00,0x00,0x00,0x00,0x00,0x00,0x00,0x00,0x00,0x00,0x00,0x00,0x00,0x00,0x00,0x00,0x00,0x00,0x00,0x00,0x00,0x00,0x00,0x00,0x00,0x00,0x00,0x00,0x00,0x00,0x00,0x00,0x00,0x00,0x00,0x00,0x00,0x00,0x00,0x00,0x00,
    0x00,0x00,0x00,0x00,0x00,0x00,0x00,0x00,0x00,0x00,0x00,0x00,0x00,0x00,0x00,0x00,0x00,0x00,0x00,0x00,0x00,0x00,0x00,0x00,0x00,0x00,0x00,0x00,0x00,0x00,0x00,0x00,0x00,0x00,0x00,0x00,0x00,0x00,0x00,0x00,0x00,0x00,0x00,0x00,0x00,0x00,0x00,0x00,0x00,0x00,0x00,0x00,0x00,0x00,0x00,0x00,0x00,0x00,0x4b,0x00,0x1d,0x7b,0x05,0x7c,0x7a,0xc0,0xb2,0xeb,0xc1,0xd0,0xb2,0xc0,0x7c,0x05,0x7e,0x1d,0x1f,0x80,0x7a,0x86,0x7f,0xaa,0xaf,0xcc,0xaf,0xbc,0x86,0x7a,0x05,0x7c,0x0a,0x0c,0x04,0x01,0x00,0x00,0x00,0x00,0x00,0x00,0x00,0x00,0x00,0x00,0x00,0x00,0x00,0x00,0x00,0x00,0x00,0x00,0x00,0x00,0x00,0x00,0x00,0x00,0x00,0x00,0x00,0x00,0x00,0x00,0x00,0x00,0x00,0x00,0x00,0x00,0x00,0x00,0x00,0x00,0x00,0x00,0x00,0x00,0x00,0x00,0x00,0x00,0x00,0x00,
    0x00,0x00,0x00,0x00,0x00,0x00,0x00,0x00,0x00,0x00,0x00,0x00,0x00,0x00,0x00,0x00,0x00,0x00,0x00,0x00,0x00,0x00,0x00,0x00,0x00,0x00,0x00,0x00,0x00,0x00,0x00,0x00,0x00,0x00,0x00,0x00,0x00,0x00,0x00,0x00,0x00,0x00,0x00,0x00,0x00,0x00,0x00,0x00,0x00,0x00,0x00,0x00,0x00,0x00,0x00,0x00,0x00,0x00,0x01,0x00,0x0c,0x5b,0x25,0x7a,0x7e,0x82,0xe1,0xaf,0xb2,0xaa,0xb4,0x7e,0x82,0x25,0x86,0x1c,0x1f,0x86,0x2c,0x86,0xc0,0xaa,0xaa,0xe1,0xcc,0xbc,0x86,0x7f,0x7e,0x80,0x1a,0x00,0x4b,0x00,0x00,0x00,0x00,0x00,0x00,0x00,0x00,0x00,0x00,0x00,0x00,0x00,0x00,0x00,0x00,0x00,0x00,0x00,0x00,0x00,0x00,0x00,0x00,0x00,0x00,0x00,0x00,0x00,0x00,0x00,0x00,0x00,0x00,0x00,0x00,0x00,0x00,0x00,0x00,0x00,0x00,0x00,0x00,0x00,0x00,0x00,0x00,0x00,0x00,0x00,
    0x00,0x00,0x00,0x00,0x00,0x00,0x00,0x00,0x00,0x00,0x00,0x00,0x00,0x00,0x00,0x00,0x00,0x00,0x00,0x00,0x00,0x00,0x00,0x00,0x00,0x00,0x00,0x00,0x00,0x00,0x00,0x00,0x00,0x00,0x00,0x00,0x00,0x00,0x00,0x00,0x00,0x00,0x00,0x00,0x00,0x00,0x00,0x00,0x00,0x00,0x00,0x00,0x00,0x00,0x00,0x00,0x00,0x00,0x04,0x00,0x17,0x20,0x7b,0x7f,0xa6,0xd0,0xd0,0xaa,0xb4,0xe1,0xaf,0xaf,0xc0,0x25,0x82,0x1d,0x1f,0x80,0x82,0xb4,0xe2,0xd0,0xb2,0xb4,0xaa,0xd0,0xcc,0x80,0x05,0x7f,0x1a,0x00,0x4b,0x00,0x00,0x00,0x00,0x00,0x00,0x00,0x00,0x00,0x00,0x00,0x00,0x00,0x00,0x00,0x00,0x00,0x00,0x00,0x00,0x00,0x00,0x00,0x00,0x00,0x00,0x00,0x00,0x00,0x00,0x00,0x00,0x00,0x00,0x00,0x00,0x00,0x00,0x00,0x00,0x00,0x00,0x00,0x00,0x00,0x00,0x00,0x00,0x00,0x00,0x00,
    0x00,0x00,0x00,0x00,0x00,0x00,0x00,0x00,0x00,0x00,0x00,0x00,0x00,0x00,0x00,0x00,0x00,0x00,0x00,0x00,0x00,0x00,0x00,0x00,0x00,0x00,0x00,0x00,0x00,0x00,0x00,0x00,0x00,0x00,0x00,0x00,0x00,0x00,0x00,0x00,0x00,0x00,0x00,0x00,0x00,0x00,0x00,0x00,0x00,0x00,0x00,0x00,0x00,0x00,0x00,0x00,0x00,0x00,0x4b,0x00,0x1d,0x7a,0x05,0x7f,0xa6,0xbc,0x80,0xbc,0xcf,0xbc,0x7c,0xa6,0x8d,0x05,0x80,0x1c,0x0d,0x7b,0x05,0xcf,0xa6,0xa6,0xb4,0xb4,0xe8,0x7f,0xbc,0x7e,0x7f,0x7d,0x0a,0x11,0x01,0x04,0x00,0x00,0x00,0x00,0x00,0x00,0x00,0x00,0x00,0x00,0x00,0x00,0x00,0x00,0x00,0x00,0x00,0x00,0x00,0x00,0x00,0x00,0x00,0x00,0x00,0x00,0x00,0x00,0x00,0x00,0x00,0x00,0x00,0x00,0x00,0x00,0x00,0x00,0x00,0x00,0x00,0x00,0x00,0x00,0x00,0x00,0x00,0x00,0x00,0x00,
    0x00,0x00,0x00,0x00,0x00,0x00,0x00,0x00,0x00,0x00,0x00,0x00,0x00,0x00,0x00,0x00,0x00,0x00,0x00,0x00,0x00,0x00,0x00,0x00,0x00,0x00,0x00,0x00,0x00,0x00,0x00,0x00,0x00,0x00,0x00,0x00,0x00,0x00,0x00,0x00,0x00,0x00,0x00,0x00,0x00,0x00,0x00,0x00,0x00,0x00,0x00,0x00,0x00,0x00,0x00,0x00,0x00,0x00,0x4b,0x00,0x0c,0x7e,0x05,0x7c,0x80,0x8c,0x86,0x8c,0x8c,0x8c,0x86,0x82,0x7f,0x05,0x7c,0x36,0x0a,0x7b,0x77,0x80,0x86,0x82,0x86,0x82,0x86,0x8c,0x86,0x7f,0x7a,0x7c,0x7f,0x0e,0x00,0x01,0x00,0x00,0x00,0x00,0x00,0x00,0x00,0x00,0x00,0x00,0x00,0x00,0x00,0x00,0x00,0x00,0x00,0x00,0x00,0x00,0x00,0x00,0x00,0x00,0x00,0x00,0x00,0x00,0x00,0x00,0x00,0x00,0x00,0x00,0x00,0x00,0x00,0x00,0x00,0x00,0x00,0x00,0x00,0x00,0x00,0x00,0x00,0x00,0x00,0x00,
    0x00,0x00,0x00,0x00,0x00,0x00,0x00,0x00,0x00,0x00,0x00,0x00,0x00,0x00,0x00,0x00,0x00,0x00,0x00,0x00,0x00,0x00,0x00,0x00,0x00,0x00,0x00,0x00,0x00,0x00,0x00,0x00,0x00,0x00,0x00,0x00,0x00,0x00,0x00,0x00,0x00,0x00,0x00,0x00,0x00,0x00,0x00,0x00,0x00,0x00,0x00,0x00,0x00,0x00,0x00,0x00,0x00,0x00,0x1e,0x00,0x0d,0x7e,0x05,0x7c,0x7d,0x7c,0x7f,0x7f,0x7e,0x7a,0x7c,0x7d,0x7c,0x05,0x7c,0x1a,0x0a,0x7c,0x7c,0x7d,0x7d,0x7f,0x7e,0x7f,0x7f,0x7a,0x7d,0x7c,0x7c,0x7c,0x7c,0x17,0x00,0x01,0x00,0x00,0x00,0x00,0x00,0x00,0x00,0x00,0x00,0x00,0x00,0x00,0x00,0x00,0x00,0x00,0x00,0x00,0x00,0x00,0x00,0x00,0x00,0x00,0x00,0x00,0x00,0x00,0x00,0x00,0x00,0x00,0x00,0x00,0x00,0x00,0x00,0x00,0x00,0x00,0x00,0x00,0x00,0x00,0x00,0x00,0x00,0x00,0x00,0x00,
    0x00,0x00,0x00,0x00,0x00,0x00,0x00,0x00,0x00,0x00,0x00,0x00,0x00,0x00,0x00,0x00,0x00,0x00,0x00,0x00,0x00,0x00,0x00,0x00,0x00,0x00,0x00,0x00,0x00,0x00,0x00,0x00,0x00,0x00,0x00,0x00,0x00,0x00,0x00,0x00,0x00,0x00,0x00,0x00,0x00,0x00,0x00,0x00,0x00,0x00,0x00,0x00,0x00,0x00,0x00,0x00,0x00,0x00,0x1e,0x00,0x14,0x80,0x05,0x7c,0x7c,0x7c,0x7c,0x7c,0x7c,0x7c,0x7c,0x7c,0x7c,0x05,0x7d,0x1a,0x0a,0x7d,0x05,0x7c,0x7c,0x7c,0x7a,0x7c,0x7c,0x7c,0x7c,0x7c,0x7c,0x7a,0x2c,0x0c,0x07,0x04,0x00,0x00,0x00,0x00,0x00,0x00,0x00,0x00,0x00,0x00,0x00,0x00,0x00,0x00,0x00,0x00,0x00,0x00,0x00,0x00,0x00,0x00,0x00,0x00,0x00,0x00,0x00,0x00,0x00,0x00,0x00,0x00,0x00,0x00,0x00,0x00,0x00,0x00,0x00,0x00,0x00,0x00,0x00,0x00,0x00,0x00,0x00,0x00,0x00,0x00,
    0x00,0x00,0x00,0x00,0x00,0x00,0x00,0x00,0x00,0x00,0x00,0x00,0x00,0x00,0x00,0x00,0x00,0x00,0x00,0x00,0x00,0x00,0x00,0x00,0x00,0x00,0x00,0x00,0x00,0x00,0x00,0x00,0x00,0x00,0x00,0x00,0x00,0x00,0x00,0x00,0x00,0x00,0x00,0x00,0x00,0x00,0x00,0x00,0x00,0x00,0x00,0x00,0x00,0x00,0x00,0x00,0x00,0x00,0x4b,0x11,0x14,0x80,0x7f,0x7c,0x7c,0x7c,0x7c,0x7c,0x7c,0x7c,0x7c,0x7c,0x7d,0x05,0x7e,0x1a,0x0a,0x80,0x7c,0x7c,0x7a,0x80,0x82,0x7e,0x7c,0x7c,0x7c,0x7d,0x7a,0x82,0x5b,0x0d,0x11,0x00,0x00,0x00,0x00,0x00,0x00,0x00,0x00,0x00,0x00,0x00,0x00,0x00,0x00,0x00,0x00,0x00,0x00,0x00,0x00,0x00,0x00,0x00,0x00,0x00,0x00,0x00,0x00,0x00,0x00,0x00,0x00,0x00,0x00,0x00,0x00,0x00,0x00,0x00,0x00,0x00,0x00,0x00,0x00,0x00,0x00,0x00,0x00,0x00,0x00,0x00,
    0x00,0x00,0x00,0x00,0x00,0x00,0x00,0x00,0x00,0x00,0x00,0x00,0x00,0x00,0x00,0x00,0x00,0x00,0x00,0x00,0x00,0x00,0x00,0x00,0x00,0x00,0x00,0x00,0x00,0x00,0x00,0x00,0x00,0x00,0x00,0x00,0x00,0x00,0x00,0x00,0x00,0x00,0x00,0x00,0x00,0x00,0x00,0x00,0x00,0x00,0x00,0x00,0x00,0x00,0x00,0x00,0x00,0x4b,0x00,0x0c,0x1a,0x93,0x7f,0x82,0x80,0x7f,0x7a,0x7f,0x7f,0x7a,0x7a,0x7e,0x80,0x25,0x7f,0x1a,0x0a,0x80,0x82,0x86,0x86,0x86,0x82,0x7e,0x7a,0x7a,0x7e,0x82,0x80,0x7d,0x23,0x1f,0x11,0x00,0x00,0x00,0x00,0x00,0x00,0x00,0x00,0x00,0x00,0x00,0x00,0x00,0x00,0x00,0x00,0x00,0x00,0x00,0x00,0x00,0x00,0x00,0x00,0x00,0x00,0x00,0x00,0x00,0x00,0x00,0x00,0x00,0x00,0x00,0x00,0x00,0x00,0x00,0x00,0x00,0x00,0x00,0x00,0x00,0x00,0x00,0x00,0x00,0x00,0x00,
    0x00,0x00,0x00,0x00,0x00,0x00,0x00,0x00,0x00,0x00,0x00,0x00,0x00,0x00,0x00,0x00,0x00,0x00,0x00,0x00,0x00,0x00,0x00,0x00,0x00,0x00,0x00,0x00,0x00,0x00,0x00,0x00,0x00,0x00,0x00,0x00,0x00,0x00,0x00,0x00,0x00,0x00,0x00,0x00,0x00,0x00,0x00,0x00,0x00,0x00,0x00,0x00,0x00,0x00,0x00,0x00,0x00,0x4b,0x00,0x1d,0x1a,0x08,0x89,0x08,0x7b,0x7d,0x7a,0x7a,0x7f,0x80,0x7e,0x7f,0x7f,0x05,0x7c,0x1a,0x0a,0x77,0x05,0x7f,0x7a,0x7f,0x7f,0x7c,0x7a,0x7a,0x7c,0x83,0x89,0x89,0x50,0x0d,0x11,0x00,0x00,0x00,0x00,0x00,0x00,0x00,0x00,0x00,0x00,0x00,0x00,0x00,0x00,0x00,0x00,0x00,0x00,0x00,0x00,0x00,0x00,0x00,0x00,0x00,0x00,0x00,0x00,0x00,0x00,0x00,0x00,0x00,0x00,0x00,0x00,0x00,0x00,0x00,0x00,0x00,0x00,0x00,0x00,0x00,0x00,0x00,0x00,0x00,0x00,0x00,
    0x00,0x00,0x00,0x00,0x00,0x00,0x00,0x00,0x00,0x00,0x00,0x00,0x00,0x00,0x00,0x00,0x00,0x00,0x00,0x00,0x00,0x00,0x00,0x00,0x00,0x00,0x00,0x00,0x00,0x00,0x00,0x00,0x00,0x00,0x00,0x00,0x00,0x00,0x00,0x00,0x00,0x00,0x00,0x00,0x00,0x00,0x00,0x00,0x00,0x00,0x00,0x00,0x00,0x00,0x00,0x00,0x00,0x04,0x01,0x3d,0x1f,0x7b,0x89,0xb5,0xb5,0x89,0x89,0x89,0x89,0x08,0x89,0x89,0x89,0x89,0x8d,0x36,0x1a,0x89,0xb5,0xb5,0x89,0x89,0x89,0x89,0x08,0x89,0x89,0x89,0x89,0x89,0x08,0x1b,0x04,0x01,0x00,0x00,0x00,0x00,0x00,0x00,0x00,0x00,0x00,0x00,0x00,0x00,0x00,0x00,0x00,0x00,0x00,0x00,0x00,0x00,0x00,0x00,0x00,0x00,0x00,0x00,0x00,0x00,0x00,0x00,0x00,0x00,0x00,0x00,0x00,0x00,0x00,0x00,0x00,0x00,0x00,0x00,0x00,0x00,0x00,0x00,0x00,0x00,0x00,0x00,
    0x00,0x00,0x00,0x00,0x00,0x00,0x00,0x00,0x00,0x00,0x00,0x00,0x00,0x00,0x00,0x00,0x00,0x00,0x00,0x00,0x00,0x00,0x00,0x00,0x00,0x00,0x00,0x00,0x00,0x00,0x00,0x00,0x00,0x00,0x00,0x00,0x00,0x00,0x00,0x00,0x00,0x00,0x00,0x00,0x00,0x00,0x00,0x00,0x00,0x00,0x00,0x00,0x00,0x00,0x00,0x00,0x00,0x00,0x04,0x00,0x11,0x1a,0x08,0x89,0x89,0x89,0x89,0x89,0x89,0x89,0x89,0x89,0x89,0x89,0x50,0x1b,0x14,0x50,0x89,0xb5,0x89,0x89,0x89,0x89,0x89,0x89,0x89,0x89,0x08,0x05,0x1b,0x0e,0x04,0x01,0x00,0x00,0x00,0x00,0x00,0x00,0x00,0x00,0x00,0x00,0x00,0x00,0x00,0x00,0x00,0x00,0x00,0x00,0x00,0x00,0x00,0x00,0x00,0x00,0x00,0x00,0x00,0x00,0x00,0x00,0x00,0x00,0x00,0x00,0x00,0x00,0x00,0x00,0x00,0x00,0x00,0x00,0x00,0x00,0x00,0x00,0x00,0x00,0x00,0x00,
    0x00,0x00,0x00,0x00,0x00,0x00,0x00,0x00,0x00,0x00,0x00,0x00,0x00,0x00,0x00,0x00,0x00,0x00,0x00,0x00,0x00,0x00,0x00,0x00,0x00,0x00,0x00,0x00,0x00,0x00,0x00,0x00,0x00,0x00,0x00,0x00,0x00,0x00,0x00,0x00,0x00,0x00,0x00,0x00,0x00,0x00,0x00,0x00,0x00,0x00,0x00,0x00,0x00,0x00,0x00,0x00,0x00,0x00,0x00,0x4b,0x1e,0x1d,0x1b,0x64,0x5a,0x08,0x77,0x83,0x7a,0x7e,0x7d,0x93,0x0a,0x64,0x2e,0x17,0x0e,0x0d,0x64,0x0a,0x08,0x7b,0x7b,0x8d,0x77,0x83,0x93,0x0a,0x1a,0x1f,0x3d,0x00,0x04,0x00,0x00,0x00,0x00,0x00,0x00,0x00,0x00,0x00,0x00,0x00,0x00,0x00,0x00,0x00,0x00,0x00,0x00,0x00,0x00,0x00,0x00,0x00,0x00,0x00,0x00,0x00,0x00,0x00,0x00,0x00,0x00,0x00,0x00,0x00,0x00,0x00,0x00,0x00,0x00,0x00,0x00,0x00,0x00,0x00,0x00,0x00,0x00,0x00,0x00,0x00,
    0x00,0x00,0x00,0x00,0x00,0x00,0x00,0x00,0x00,0x00,0x00,0x00,0x00,0x00,0x00,0x00,0x00,0x00,0x00,0x00,0x00,0x00,0x00,0x00,0x00,0x00,0x00,0x00,0x00,0x00,0x00,0x00,0x00,0x00,0x00,0x00,0x00,0x00,0x00,0x00,0x00,0x00,0x00,0x00,0x00,0x00,0x00,0x00,0x00,0x00,0x00,0x00,0x00,0x00,0x00,0x00,0x00,0x00,0x00,0x00,0x00,0x07,0x17,0x00,0x11,0x0e,0x0e,0x0e,0x0e,0x0e,0x0e,0x0e,0x01,0x11,0x11,0x00,0x00,0x11,0x00,0x11,0x0e,0x0e,0x0e,0x0e,0x0e,0x0e,0x0e,0x1e,0x17,0x1e,0x00,0x01,0x00,0x00,0x00,0x00,0x00,0x00,0x00,0x00,0x00,0x00,0x00,0x00,0x00,0x00,0x00,0x00,0x00,0x00,0x00,0x00,0x00,0x00,0x00,0x00,0x00,0x00,0x00,0x00,0x00,0x00,0x00,0x00,0x00,0x00,0x00,0x00,0x00,0x00,0x00,0x00,0x00,0x00,0x00,0x00,0x00,0x00,0x00,0x00,0x00,0x00,0x00,0x00,
    0x00,0x00,0x00,0x00,0x00,0x00,0x00,0x00,0x00,0x00,0x00,0x00,0x00,0x00,0x00,0x00,0x00,0x00,0x00,0x00,0x00,0x00,0x00,0x00,0x00,0x00,0x00,0x00,0x00,0x00,0x00,0x00,0x00,0x00,0x00,0x00,0x00,0x00,0x00,0x00,0x00,0x00,0x00,0x00,0x00,0x00,0x00,0x00,0x00,0x00,0x00,0x00,0x00,0x00,0x00,0x00,0x00,0x00,0x00,0x00,0x00,0x04,0x00,0x4b,0x00,0x00,0x00,0x00,0x00,0x00,0x00,0x00,0x00,0x00,0x00,0x04,0x04,0x00,0x01,0x00,0x00,0x00,0x00,0x00,0x00,0x00,0x00,0x00,0x00,0x00,0x04,0x00,0x00,0x00,0x00,0x00,0x00,0x00,0x00,0x00,0x00,0x00,0x00,0x00,0x00,0x00,0x00,0x00,0x00,0x00,0x00,0x00,0x00,0x00,0x00,0x00,0x00,0x00,0x00,0x00,0x00,0x00,0x00,0x00,0x00,0x00,0x00,0x00,0x00,0x00,0x00,0x00,0x00,0x00,0x00,0x00,0x00,0x00,0x00,0x00,0x00,0x00,0x00,0x00,

};

const lv_image_dsc_t passport_pet_waving_0 = {
  .header = {
    .magic = LV_IMAGE_HEADER_MAGIC,
    .cf = LV_COLOR_FORMAT_I8,
    .flags = 0,
    .w = 144,
    .h = 156,
    .stride = 144,
    .reserved_2 = 0,
  },
  .data_size = sizeof(passport_pet_waving_0_map),
  .data = passport_pet_waving_0_map,
  .reserved = NULL,
};
