
#if defined(LV_LVGL_H_INCLUDE_SIMPLE)
#include "lvgl.h"
#elif defined(LV_LVGL_H_INCLUDE_SYSTEM)
#include <lvgl.h>
#elif defined(LV_BUILD_TEST)
#include "../lvgl.h"
#else
#include "lvgl/lvgl.h"
#endif

#ifndef LV_ATTRIBUTE_MEM_ALIGN
#define LV_ATTRIBUTE_MEM_ALIGN
#endif

#ifndef LV_ATTRIBUTE_PASSPORT_PET_REVIEW_4
#define LV_ATTRIBUTE_PASSPORT_PET_REVIEW_4
#endif

static const
LV_ATTRIBUTE_MEM_ALIGN LV_ATTRIBUTE_LARGE_CONST LV_ATTRIBUTE_PASSPORT_PET_REVIEW_4
uint8_t passport_pet_review_4_map[] = {

    0x4c,0x70,0x47,0x00,0x15,0x00,0x1c,0x01,0x15,0x15,0x12,0x03,0x58,0x57,0x53,0x02,
    0xc2,0xff,0xe8,0x01,0x8c,0x9e,0xa1,0x03,0x19,0x14,0x16,0xfe,0xe3,0xec,0xe8,0x02,
    0x19,0x14,0x16,0xfc,0x9b,0xb0,0xbe,0xfe,0x17,0x14,0x16,0x23,0xac,0xc5,0xd6,0xfe,
    0xd1,0xda,0xe4,0xfe,0xc4,0xd1,0xe0,0xfe,0x0f,0x0f,0x0e,0x42,0x80,0x90,0xa2,0xfe,
    0x24,0x21,0x11,0x16,0x13,0x10,0x10,0x7b,0xc1,0xd4,0xce,0x09,0x38,0x3d,0x36,0x08,
    0x0d,0x0a,0x0c,0xfb,0x8b,0x8c,0x76,0x12,0xb0,0x76,0x10,0xfe,0x0f,0x0c,0x0c,0x84,
    0x0f,0x0d,0x0b,0x55,0x6e,0x86,0x80,0x1b,0x70,0x7e,0x8c,0xfe,0xda,0xe4,0xf0,0xfe,
    0x14,0x10,0x12,0xfb,0x11,0x0d,0x0e,0xc1,0x12,0x0f,0x0e,0x62,0x47,0x4a,0x50,0xfd,
    0x20,0x20,0x12,0x0e,0x14,0x12,0x10,0x9b,0x9f,0xb6,0xbf,0xbb,0x1a,0x1e,0x19,0x2f,
    0x5b,0x63,0x6f,0xfb,0x8a,0xa5,0xa6,0x92,0x44,0x54,0x4e,0x8a,0xd8,0xe0,0xeb,0xff,
    0x13,0x0f,0x10,0xde,0xba,0xcc,0xda,0xfd,0xb5,0xc2,0xcc,0x12,0x60,0x7d,0x7c,0x2c,
    0xbc,0xcf,0xd2,0x8c,0x13,0x12,0x13,0xb2,0x74,0x75,0x7e,0xfd,0xad,0xb6,0xbf,0xfe,
    0xcf,0xde,0xe7,0x18,0x78,0x57,0x08,0x9b,0xd0,0xdf,0xe6,0xd0,0x16,0x15,0x12,0x90,
    0x11,0x0e,0x0f,0xd3,0x86,0x98,0xce,0xfe,0xa4,0xb6,0xba,0xe5,0xdf,0xe9,0xef,0x8b,
    0x93,0xb5,0x92,0x25,0x11,0x0f,0x0e,0xa4,0x18,0x14,0x14,0xef,0x92,0xb0,0xb0,0x31,
    0x88,0xa1,0xa3,0x63,0x9b,0xaa,0xae,0xdc,0xd7,0xe5,0xf0,0xe3,0x7c,0x92,0x90,0x42,
    0xaf,0xc5,0xc9,0xe6,0x53,0x61,0x56,0x23,0xa9,0xbe,0xc2,0x80,0x89,0xae,0xb5,0xfe,
    0x11,0x0d,0x0e,0xe7,0xe3,0xeb,0xf1,0x80,0x82,0x93,0x96,0x80,0x89,0x9d,0xa3,0xdc,
    0xe6,0xef,0xf1,0x39,0x4e,0x66,0x6e,0xb8,0xbe,0xcf,0xd6,0xdf,0xef,0xf6,0xfa,0xc8,
    0xc5,0xd6,0xda,0x33,0xa4,0xc1,0xd1,0xfd,0x49,0x5d,0x65,0x70,0x61,0x86,0x7e,0x9c,
    0xb2,0xc0,0xc6,0x52,0xda,0xe9,0xec,0x67,0xe3,0x92,0x09,0xfe,0x67,0x3d,0x0b,0xfb,
    0x93,0x85,0x90,0xfe,0xa4,0xc6,0xc6,0xc2,0xe7,0xf1,0xf8,0xea,0x90,0xa4,0xa9,0x48,
    0x65,0x76,0x7a,0xc8,0x7e,0x5d,0x07,0x75,0x48,0x5f,0x5c,0x3e,0x6f,0x86,0x8a,0xd7,
    0xef,0xf6,0xfb,0xf4,0x85,0x5a,0x09,0xe5,0x70,0x57,0x08,0xc2,0x4a,0x52,0x6d,0xfe,
    0x13,0x10,0x0f,0x6e,0x35,0x5c,0x53,0xf9,0x83,0x8e,0x8b,0xcc,0x80,0x99,0xa3,0xf8,
    0x66,0x8c,0x86,0x89,0x6c,0x8e,0x8d,0xe8,0x63,0x82,0x83,0x4e,0x7d,0x9e,0x9e,0xc4,
    0xbd,0xd5,0xd4,0x5f,0xa7,0x7a,0x06,0xe1,0xe3,0xee,0xf2,0xa3,0x56,0x91,0x80,0xfb,
    0x8e,0xa8,0xaf,0x7c,0x6d,0x7a,0x93,0xa4,0x5d,0x77,0x72,0x5c,0x82,0xa4,0xa3,0xf4,
    0xa6,0xb0,0xb6,0xab,0x53,0x69,0x74,0xd7,0xc7,0xd6,0xdd,0xa1,0x33,0x59,0x51,0xd0,
    0x4d,0x53,0x33,0x4a,0x5c,0x8b,0x84,0xb0,0x62,0x75,0xa5,0xfc,0x13,0x0e,0x10,0xf3,
    0x66,0x6c,0x6d,0xa1,0xa4,0xb0,0x0d,0xec,0x65,0x70,0x71,0x88,0x78,0x98,0x97,0xa2,
    0x89,0xa3,0xa6,0xb5,0x58,0x75,0x80,0x71,0xbe,0xd8,0xdd,0xbb,0x39,0x56,0x53,0xa6,
    0xc3,0xd8,0xe1,0xeb,0x85,0x88,0x5d,0xfd,0x89,0x72,0x19,0xfe,0xb0,0x78,0x03,0x9b,
    0x82,0x60,0x02,0x36,0x95,0xa1,0x07,0xb2,0xaa,0xbe,0x0d,0x4b,0x99,0xa5,0x0c,0x6a,
    0x19,0x14,0x16,0xff,0xcd,0xea,0xfb,0xff,0x1a,0x15,0x17,0xff,0xee,0xf5,0xfd,0xff,
    0x08,0x06,0x09,0xff,0xcc,0xe8,0xfb,0xff,0x17,0x12,0x14,0xff,0x0d,0x0a,0x0d,0xff,
    0x0b,0x08,0x0b,0xff,0xed,0xf4,0xfc,0xff,0xe3,0xec,0xfa,0xff,0x12,0x0e,0x10,0xff,
    0x14,0x0f,0x12,0xff,0x02,0x01,0x03,0xff,0xe8,0xf1,0xfc,0xff,0x10,0x0c,0x0e,0xff,
    0xeb,0xf2,0xfb,0xff,0xd1,0xec,0xfd,0xff,0xf0,0xf7,0xfe,0xff,0xf9,0xff,0xff,0xff,
    0xd3,0xef,0xfe,0xff,0x28,0x1a,0x1f,0xff,0xe6,0xee,0xfb,0xff,0xf4,0x99,0x02,0xff,
    0xf2,0xf9,0xff,0xff,0xfa,0x9e,0x02,0xff,0xcb,0xe7,0xf9,0xff,0x20,0x18,0x1a,0xff,
    0xf5,0xfd,0xff,0xff,0xd1,0xf2,0xff,0xff,0xd5,0xf5,0xff,0xff,0x2d,0x20,0x26,0xff,
    0xf9,0xa2,0x03,0xff,0xd7,0xf2,0xff,0xff,0xf9,0x9b,0x01,0xff,0xdc,0xec,0xfb,0xff,
    0xb6,0xbf,0xce,0xff,0xde,0xf0,0xfe,0xff,0x9d,0xb9,0xca,0xff,0xe0,0xe9,0xf3,0xff,
    0xce,0xde,0xed,0xff,0xac,0xb9,0xc8,0xff,0xd7,0xe9,0xf8,0xff,0x9d,0xa9,0xb8,0xff,
    0xc5,0xe3,0xf4,0xff,0xc4,0xd8,0xe6,0xff,0xf3,0x94,0x02,0xff,0xbd,0xc7,0xd1,0xff,
    0xe0,0xf4,0xff,0xff,0xbc,0xdd,0xed,0xff,0xb3,0xce,0xdf,0xff,0xcb,0xd7,0xf4,0xff,
    0xb9,0xd4,0xe4,0xff,0xc3,0xcc,0xf8,0xff,0x62,0x31,0x3f,0xff,0xff,0xa3,0x02,0xff,
    0xc4,0xcd,0xd9,0xff,0x99,0xa3,0xb0,0xff,0x3e,0x3c,0x49,0xff,0x90,0x96,0xa0,0xff,
    0xa7,0xae,0xb7,0xff,0xc7,0x77,0x07,0xff,0xe4,0x88,0x02,0xff,0xe2,0x59,0x7b,0xff,
    0x87,0x9d,0xb5,0xff,0x2e,0x30,0x3a,0xff,0xe1,0xfc,0xff,0xff,0x8c,0x4a,0x5c,0xff,
    0xde,0x7e,0x03,0xff,0xb7,0x82,0x38,0xff,0xb4,0x9b,0x76,0xff,0xef,0x8e,0x01,0xff,
    0x79,0x87,0x98,0xff,0x6a,0x77,0x89,0xff,0xa8,0x68,0x0c,0xff,0xcf,0xdf,0xfb,0xff,
    0x42,0x27,0x2f,0xff,0xd9,0xf8,0xff,0xff,0xc5,0xe8,0xfb,0xff,0x52,0x26,0x35,0xff,
    0x7d,0x41,0x53,0xff,0xab,0x56,0x6c,0xff,0xbc,0x51,0x70,0xff,0xd3,0xe5,0xf7,0xff,
    0x1a,0x0f,0x14,0xff,0xb5,0xc4,0xf5,0xff,0xca,0xee,0xfe,0xff,0x94,0x9d,0xad,0xff,
    0x6a,0x3d,0x48,0xff,0xd0,0x86,0x0f,0xff,0xc7,0x40,0x5d,0xff,0x48,0x28,0x0a,0xff,
    0x5a,0x68,0x8e,0xff,0x9f,0x41,0x5c,0xff,0xac,0xbb,0xfb,0xff,0xae,0xab,0x9b,0xff,
    0xb5,0x5a,0x07,0xff,0xff,0xaa,0x02,0xff,0x78,0x8b,0xbb,0xff,0x89,0x48,0x07,0xff,
    0x9a,0xaa,0xe8,0xff,0x91,0x39,0x50,0xff,0x9a,0xaf,0xcf,0xff,0xe8,0x6f,0x8e,0xff,
    0xb0,0xc0,0xbe,0xff,0x80,0x57,0x67,0xff,0x8a,0x75,0x55,0xff,0x30,0x78,0x7c,0xff,
    0xb2,0x67,0x7c,0xff,0xc0,0x93,0x44,0xff,0x70,0x81,0xad,0xff,0x63,0x64,0x3e,0xff,
    0xd8,0x6a,0x02,0xff,0x8c,0x5d,0x26,0xff,0x0e,0x94,0xb0,0xff,0x06,0xc1,0xe4,0xff,
    0x81,0x28,0x3f,0xff,0xcd,0x63,0x81,0xff,0x05,0xe5,0xff,0xff,0xd5,0xd4,0x08,0xff,

    0x00,0x00,0x00,0x00,0x00,0x00,0x00,0x00,0x00,0x00,0x00,0x00,0x00,0x00,0x00,0x00,0x00,0x00,0x00,0x00,0x00,0x00,0x00,0x00,0x00,0x00,0x00,0x00,0x00,0x00,0x00,0x00,0x00,0x00,0x00,0x00,0x00,0x00,0x00,0x00,0x00,0x00,0x00,0x00,0x00,0x00,0x00,0x00,0x00,0x00,0x00,0x00,0x00,0x00,0x00,0x00,0x00,0x00,0x00,0x00,0x00,0x00,0x04,0x04,0x00,0x00,0x00,0x00,0x00,0x00,0x00,0x00,0x00,0x00,0x00,0x00,0x00,0x00,0x00,0x00,0x00,0x00,0x00,0x00,0x00,0x00,0x00,0x00,0x00,0x00,0x00,0x00,0x00,0x00,0x00,0x00,0x00,0x00,0x00,0x00,0x00,0x00,0x00,0x00,0x00,0x00,0x00,0x00,0x00,0x00,0x00,0x00,0x00,0x00,0x00,0x00,0x00,0x00,0x00,0x00,0x00,0x00,0x00,0x00,0x00,0x00,0x00,0x00,0x00,0x00,0x00,0x00,0x00,0x00,0x00,0x00,0x00,0x00,0x00,0x00,0x00,0x00,0x00,0x00,
    0x00,0x00,0x00,0x00,0x00,0x00,0x00,0x00,0x00,0x00,0x00,0x00,0x00,0x00,0x00,0x00,0x00,0x00,0x00,0x00,0x00,0x00,0x00,0x00,0x00,0x00,0x00,0x00,0x00,0x00,0x00,0x00,0x00,0x00,0x00,0x00,0x00,0x00,0x00,0x00,0x00,0x00,0x00,0x00,0x00,0x00,0x00,0x00,0x00,0x00,0x00,0x00,0x00,0x00,0x00,0x00,0x00,0x00,0x00,0x00,0x00,0x01,0x00,0x00,0x00,0x15,0x38,0x19,0x00,0x00,0x00,0x00,0x00,0x00,0x00,0x00,0x00,0x00,0x00,0x00,0x00,0x00,0x00,0x00,0x00,0x00,0x00,0x00,0x00,0x00,0x00,0x00,0x00,0x00,0x00,0x00,0x00,0x00,0x00,0x00,0x00,0x00,0x00,0x00,0x00,0x00,0x00,0x00,0x00,0x00,0x00,0x00,0x00,0x00,0x00,0x00,0x00,0x00,0x00,0x00,0x00,0x00,0x00,0x00,0x00,0x00,0x00,0x00,0x00,0x00,0x00,0x00,0x00,0x00,0x00,0x00,0x00,0x00,0x00,0x00,0x00,0x00,0x00,0x00,
    0x00,0x00,0x00,0x00,0x00,0x00,0x00,0x00,0x00,0x00,0x00,0x00,0x00,0x00,0x00,0x00,0x00,0x00,0x00,0x00,0x00,0x00,0x00,0x00,0x00,0x00,0x00,0x00,0x00,0x00,0x00,0x00,0x00,0x00,0x00,0x00,0x00,0x00,0x00,0x00,0x00,0x00,0x00,0x00,0x00,0x00,0x00,0x00,0x00,0x00,0x00,0x00,0x00,0x00,0x00,0x00,0x00,0x00,0x00,0x00,0x04,0x00,0x04,0x68,0x72,0x6f,0x65,0x64,0x00,0x01,0x00,0x00,0x00,0x00,0x00,0x00,0x00,0x00,0x00,0x00,0x00,0x00,0x00,0x00,0x00,0x00,0x00,0x00,0x00,0x00,0x00,0x00,0x00,0x00,0x00,0x00,0x00,0x00,0x00,0x00,0x00,0x00,0x00,0x00,0x00,0x00,0x00,0x00,0x00,0x00,0x00,0x00,0x00,0x00,0x00,0x00,0x00,0x00,0x00,0x00,0x00,0x00,0x00,0x00,0x00,0x00,0x00,0x00,0x00,0x00,0x00,0x00,0x00,0x00,0x00,0x00,0x00,0x00,0x00,0x00,0x00,0x00,0x00,0x00,
    0x00,0x00,0x00,0x00,0x00,0x00,0x00,0x00,0x00,0x00,0x00,0x00,0x00,0x00,0x00,0x00,0x00,0x00,0x00,0x00,0x00,0x00,0x00,0x00,0x00,0x00,0x00,0x00,0x00,0x00,0x00,0x00,0x00,0x00,0x00,0x00,0x00,0x00,0x00,0x00,0x00,0x00,0x00,0x00,0x00,0x00,0x00,0x00,0x00,0x00,0x00,0x00,0x00,0x00,0x00,0x00,0x00,0x00,0x00,0x04,0x04,0x07,0x6a,0xb2,0xc4,0x62,0x3f,0x15,0x04,0x00,0x00,0x00,0x00,0x00,0x00,0x00,0x00,0x00,0x00,0x00,0x00,0x00,0x00,0x00,0x00,0x00,0x00,0x00,0x00,0x00,0x00,0x00,0x00,0x00,0x00,0x00,0x00,0x00,0x00,0x00,0x00,0x00,0x00,0x00,0x00,0x00,0x00,0x00,0x00,0x00,0x00,0x00,0x00,0x00,0x00,0x00,0x00,0x00,0x00,0x00,0x00,0x00,0x00,0x00,0x00,0x00,0x00,0x00,0x00,0x00,0x00,0x00,0x00,0x00,0x00,0x00,0x00,0x00,0x00,0x00,0x00,0x00,0x00,0x00,
    0x00,0x00,0x00,0x00,0x00,0x00,0x00,0x00,0x00,0x00,0x00,0x00,0x00,0x00,0x00,0x00,0x00,0x00,0x00,0x00,0x00,0x00,0x00,0x00,0x00,0x00,0x00,0x00,0x00,0x00,0x00,0x00,0x00,0x00,0x00,0x00,0x00,0x00,0x00,0x00,0x00,0x00,0x00,0x00,0x00,0x00,0x00,0x00,0x00,0x00,0x00,0x00,0x00,0x00,0x00,0x00,0x00,0x00,0x00,0x03,0x12,0x42,0xb0,0xb5,0x47,0x66,0x00,0x00,0x00,0x00,0x00,0x00,0x00,0x00,0x00,0x00,0x00,0x00,0x00,0x00,0x00,0x00,0x00,0x00,0x00,0x00,0x00,0x00,0x00,0x00,0x00,0x00,0x00,0x00,0x00,0x00,0x00,0x00,0x00,0x00,0x00,0x00,0x00,0x00,0x00,0x00,0x00,0x00,0x00,0x00,0x00,0x00,0x00,0x00,0x00,0x00,0x00,0x00,0x00,0x00,0x00,0x00,0x00,0x00,0x00,0x00,0x00,0x00,0x00,0x00,0x00,0x00,0x00,0x00,0x00,0x00,0x00,0x00,0x00,0x00,0x00,0x00,0x00,0x00,
    0x00,0x00,0x00,0x00,0x00,0x00,0x00,0x00,0x00,0x00,0x00,0x00,0x00,0x00,0x00,0x00,0x00,0x00,0x00,0x00,0x00,0x00,0x00,0x00,0x00,0x00,0x00,0x00,0x00,0x00,0x00,0x00,0x00,0x00,0x00,0x00,0x00,0x00,0x00,0x00,0x00,0x00,0x00,0x00,0x00,0x00,0x00,0x00,0x00,0x00,0x00,0x00,0x00,0x00,0x00,0x00,0x00,0x00,0x05,0x00,0x66,0x40,0xaf,0xb5,0x3d,0x38,0x01,0x05,0x00,0x00,0x00,0x00,0x00,0x00,0x00,0x00,0x00,0x00,0x00,0x00,0x00,0x00,0x00,0x00,0x00,0x00,0x00,0x00,0x00,0x00,0x00,0x00,0x00,0x00,0x00,0x00,0x00,0x00,0x00,0x00,0x00,0x00,0x00,0x00,0x00,0x00,0x00,0x00,0x00,0x00,0x00,0x00,0x00,0x00,0x00,0x00,0x00,0x00,0x00,0x00,0x00,0x00,0x00,0x00,0x00,0x00,0x00,0x00,0x00,0x00,0x00,0x00,0x00,0x00,0x00,0x00,0x00,0x00,0x00,0x00,0x00,0x00,0x00,0x00,
    0x00,0x00,0x00,0x00,0x00,0x00,0x00,0x00,0x00,0x00,0x00,0x00,0x00,0x00,0x00,0x00,0x00,0x00,0x00,0x00,0x00,0x00,0x00,0x00,0x00,0x00,0x00,0x00,0x00,0x00,0x00,0x00,0x00,0x00,0x00,0x00,0x00,0x00,0x00,0x00,0x00,0x00,0x00,0x00,0x00,0x00,0x00,0x00,0x00,0x00,0x00,0x00,0x00,0x00,0x00,0x00,0x00,0x00,0x05,0x00,0x46,0x6f,0x9e,0x9e,0x2c,0x05,0x00,0x00,0x00,0x00,0x00,0x00,0x00,0x00,0x00,0x00,0x00,0x00,0x00,0x00,0x00,0x00,0x00,0x00,0x00,0x00,0x00,0x00,0x00,0x00,0x00,0x00,0x00,0x00,0x00,0x00,0x00,0x00,0x00,0x00,0x00,0x00,0x00,0x00,0x00,0x00,0x00,0x00,0x00,0x00,0x00,0x00,0x00,0x00,0x00,0x00,0x00,0x00,0x00,0x00,0x00,0x00,0x00,0x00,0x00,0x00,0x00,0x00,0x00,0x00,0x00,0x00,0x00,0x00,0x00,0x00,0x00,0x00,0x00,0x00,0x00,0x00,0x00,0x00,
    0x00,0x00,0x00,0x00,0x00,0x00,0x00,0x00,0x00,0x00,0x00,0x00,0x00,0x00,0x00,0x00,0x00,0x00,0x00,0x00,0x00,0x00,0x00,0x00,0x00,0x00,0x00,0x00,0x00,0x00,0x00,0x00,0x00,0x00,0x00,0x00,0x00,0x00,0x00,0x00,0x00,0x00,0x00,0x00,0x00,0x00,0x00,0x00,0x00,0x00,0x00,0x00,0x00,0x00,0x00,0x00,0x00,0x04,0x00,0x2a,0x70,0x0d,0x96,0x5c,0x37,0x12,0x00,0x00,0x00,0x00,0x00,0x00,0x00,0x00,0x00,0x00,0x00,0x00,0x00,0x00,0x00,0x00,0x00,0x00,0x00,0x00,0x00,0x00,0x00,0x00,0x00,0x00,0x00,0x00,0x00,0x00,0x00,0x00,0x00,0x00,0x00,0x00,0x00,0x00,0x00,0x00,0x00,0x00,0x00,0x00,0x00,0x00,0x00,0x00,0x00,0x00,0x00,0x00,0x00,0x00,0x00,0x00,0x00,0x00,0x00,0x00,0x00,0x00,0x00,0x00,0x00,0x00,0x00,0x00,0x00,0x00,0x00,0x00,0x00,0x00,0x00,0x00,0x00,0x00,
    0x00,0x00,0x00,0x00,0x00,0x00,0x00,0x00,0x00,0x00,0x00,0x00,0x00,0x00,0x00,0x00,0x00,0x00,0x00,0x00,0x00,0x00,0x00,0x00,0x00,0x00,0x00,0x00,0x00,0x00,0x00,0x00,0x00,0x00,0x00,0x00,0x00,0x00,0x00,0x00,0x00,0x00,0x00,0x00,0x00,0x00,0x00,0x00,0x00,0x00,0x00,0x00,0x00,0x00,0x00,0x00,0x00,0x04,0x00,0x2a,0x25,0xb0,0x98,0x5c,0x4b,0x30,0x07,0x07,0x03,0x04,0x03,0x03,0x03,0x03,0x05,0x07,0x07,0x07,0x07,0x05,0x05,0x03,0x04,0x03,0x03,0x00,0x00,0x00,0x00,0x00,0x00,0x00,0x00,0x00,0x00,0x00,0x00,0x00,0x00,0x00,0x00,0x00,0x00,0x00,0x00,0x00,0x00,0x00,0x00,0x00,0x00,0x00,0x00,0x00,0x00,0x00,0x00,0x00,0x00,0x00,0x00,0x00,0x00,0x00,0x00,0x00,0x00,0x00,0x00,0x00,0x00,0x00,0x00,0x00,0x00,0x00,0x00,0x00,0x00,0x00,0x00,0x00,0x00,0x00,
    0x00,0x00,0x00,0x00,0x00,0x00,0x00,0x00,0x00,0x00,0x00,0x00,0x00,0x00,0x00,0x00,0x00,0x00,0x00,0x00,0x00,0x00,0x00,0x00,0x00,0x00,0x00,0x00,0x00,0x00,0x00,0x00,0x00,0x00,0x00,0x00,0x00,0x00,0x00,0x00,0x00,0x00,0x00,0x00,0x00,0x00,0x00,0x00,0x00,0x00,0x00,0x00,0x00,0x00,0x00,0x00,0x00,0x00,0x05,0x04,0x6c,0x2f,0x9e,0x9a,0x4a,0x50,0x00,0x01,0x00,0x00,0x00,0x00,0x00,0x00,0x00,0x00,0x00,0x00,0x00,0x00,0x00,0x00,0x00,0x00,0x00,0x00,0x03,0x01,0x00,0x00,0x00,0x00,0x00,0x00,0x00,0x00,0x00,0x00,0x00,0x00,0x00,0x00,0x00,0x00,0x00,0x00,0x00,0x00,0x00,0x00,0x00,0x00,0x00,0x00,0x00,0x00,0x00,0x00,0x00,0x00,0x00,0x00,0x00,0x00,0x00,0x00,0x00,0x00,0x00,0x00,0x00,0x00,0x00,0x00,0x00,0x00,0x00,0x00,0x00,0x00,0x00,0x00,0x00,0x00,
    0x00,0x00,0x00,0x00,0x00,0x00,0x00,0x00,0x00,0x00,0x00,0x00,0x00,0x00,0x00,0x00,0x00,0x00,0x00,0x00,0x00,0x00,0x00,0x00,0x00,0x00,0x00,0x00,0x00,0x00,0x00,0x00,0x00,0x00,0x00,0x00,0x00,0x00,0x00,0x00,0x00,0x00,0x00,0x00,0x00,0x00,0x00,0x00,0x00,0x00,0x00,0x00,0x00,0x00,0x00,0x00,0x00,0x00,0x03,0x00,0x3b,0x32,0xad,0xad,0x80,0x45,0x48,0x12,0x38,0x07,0x3f,0x3f,0x2b,0x23,0x6c,0x45,0x45,0x45,0x45,0x42,0x4e,0x0a,0x19,0x57,0x38,0x05,0x00,0x00,0x03,0x00,0x00,0x00,0x00,0x00,0x00,0x00,0x00,0x00,0x00,0x00,0x00,0x00,0x00,0x00,0x00,0x00,0x00,0x00,0x00,0x00,0x00,0x00,0x00,0x00,0x00,0x00,0x00,0x00,0x00,0x00,0x00,0x00,0x00,0x00,0x00,0x00,0x00,0x00,0x00,0x00,0x00,0x00,0x00,0x00,0x00,0x00,0x00,0x00,0x00,0x00,0x00,0x00,0x00,0x00,
    0x00,0x00,0x00,0x00,0x00,0x00,0x00,0x00,0x00,0x00,0x00,0x00,0x00,0x00,0x00,0x00,0x00,0x00,0x00,0x00,0x00,0x00,0x00,0x00,0x00,0x00,0x00,0x00,0x00,0x00,0x00,0x00,0x00,0x00,0x00,0x00,0x00,0x00,0x00,0x00,0x00,0x00,0x00,0x00,0x00,0x00,0x00,0x00,0x00,0x00,0x00,0x00,0x00,0x00,0x00,0x00,0x00,0x04,0x07,0x05,0x07,0x48,0x32,0xad,0xa4,0x56,0x22,0x7a,0x7b,0x46,0x22,0x47,0x09,0x63,0xba,0xb8,0xa4,0xa4,0xa4,0x27,0xb3,0x0f,0x65,0x67,0x78,0x7d,0x66,0x15,0x00,0x00,0x07,0x00,0x00,0x00,0x00,0x00,0x00,0x00,0x00,0x00,0x00,0x00,0x00,0x00,0x00,0x00,0x00,0x00,0x00,0x00,0x00,0x00,0x00,0x00,0x00,0x00,0x00,0x00,0x00,0x00,0x00,0x00,0x00,0x00,0x00,0x00,0x00,0x00,0x00,0x00,0x00,0x00,0x00,0x00,0x00,0x00,0x00,0x00,0x00,0x00,0x00,0x00,0x00,0x00,
    0x00,0x00,0x00,0x00,0x00,0x00,0x00,0x00,0x00,0x00,0x00,0x00,0x00,0x00,0x00,0x00,0x00,0x00,0x00,0x00,0x00,0x00,0x00,0x00,0x00,0x00,0x00,0x00,0x00,0x00,0x00,0x00,0x00,0x00,0x00,0x00,0x00,0x00,0x00,0x00,0x00,0x00,0x00,0x00,0x00,0x00,0x00,0x00,0x00,0x00,0x00,0x00,0x00,0x00,0x00,0x07,0x03,0x00,0x00,0x00,0x00,0x05,0x48,0x7e,0x4a,0x0b,0xac,0x43,0xb9,0xba,0x8d,0x8d,0x89,0xa9,0x9c,0x8d,0xa2,0xa2,0xa2,0x99,0xa9,0x9c,0x89,0xb0,0x09,0x65,0x58,0x26,0x5a,0x13,0x00,0x00,0x00,0x00,0x00,0x00,0x00,0x00,0x00,0x00,0x00,0x00,0x00,0x00,0x00,0x00,0x00,0x00,0x00,0x00,0x00,0x00,0x00,0x00,0x00,0x00,0x00,0x00,0x00,0x00,0x00,0x00,0x00,0x00,0x00,0x00,0x00,0x00,0x00,0x00,0x00,0x00,0x00,0x00,0x00,0x00,0x00,0x00,0x00,0x00,0x00,0x00,0x00,0x00,
    0x00,0x00,0x00,0x00,0x00,0x00,0x00,0x00,0x00,0x00,0x00,0x00,0x00,0x00,0x00,0x00,0x00,0x00,0x00,0x00,0x00,0x00,0x00,0x00,0x00,0x00,0x00,0x00,0x00,0x00,0x00,0x00,0x00,0x00,0x00,0x00,0x00,0x00,0x00,0x00,0x00,0x00,0x00,0x00,0x00,0x00,0x00,0x00,0x00,0x00,0x00,0x00,0x00,0x01,0x00,0x00,0x00,0x30,0x30,0x57,0x68,0x42,0x57,0x2c,0x22,0x63,0x0f,0xba,0x9c,0x9c,0x89,0x89,0x89,0xa2,0x8d,0x8d,0x89,0x8d,0x8d,0x8d,0xa2,0x8d,0x89,0x99,0x9c,0x9c,0x0b,0x24,0x73,0x3c,0x4c,0x07,0x04,0x01,0x00,0x00,0x00,0x00,0x00,0x00,0x00,0x00,0x00,0x00,0x00,0x00,0x00,0x00,0x00,0x00,0x00,0x00,0x00,0x00,0x00,0x00,0x00,0x00,0x00,0x00,0x00,0x00,0x00,0x00,0x00,0x00,0x00,0x00,0x00,0x00,0x00,0x00,0x00,0x00,0x00,0x00,0x00,0x00,0x00,0x00,0x00,0x00,0x00,0x00,
    0x00,0x00,0x00,0x00,0x00,0x00,0x00,0x00,0x00,0x00,0x00,0x00,0x00,0x00,0x00,0x00,0x00,0x00,0x00,0x00,0x00,0x00,0x00,0x00,0x00,0x00,0x00,0x00,0x00,0x00,0x00,0x00,0x00,0x00,0x00,0x00,0x00,0x00,0x00,0x00,0x00,0x00,0x00,0x00,0x00,0x00,0x00,0x00,0x00,0x00,0x00,0x00,0x07,0x00,0x12,0x4c,0x68,0x37,0x6a,0x55,0x55,0x40,0x36,0x40,0x9c,0x99,0x9c,0x99,0x8d,0x8d,0x8d,0x89,0x89,0x89,0x89,0x89,0x89,0x89,0x89,0x89,0x89,0x89,0x89,0x8d,0xa2,0x8d,0x9c,0xb4,0x29,0x3e,0x55,0x25,0x07,0x07,0x04,0x00,0x00,0x00,0x00,0x00,0x00,0x00,0x00,0x00,0x00,0x00,0x00,0x00,0x00,0x00,0x00,0x00,0x00,0x00,0x00,0x00,0x00,0x00,0x00,0x00,0x00,0x00,0x00,0x00,0x00,0x00,0x00,0x00,0x00,0x00,0x00,0x00,0x00,0x00,0x00,0x00,0x00,0x00,0x00,0x00,0x00,0x00,0x00,0x00,
    0x00,0x00,0x00,0x00,0x00,0x00,0x00,0x00,0x00,0x00,0x00,0x00,0x00,0x00,0x00,0x00,0x00,0x00,0x00,0x00,0x00,0x00,0x00,0x00,0x00,0x00,0x00,0x00,0x00,0x00,0x00,0x00,0x00,0x00,0x00,0x00,0x00,0x00,0x00,0x00,0x00,0x00,0x00,0x00,0x00,0x00,0x00,0x00,0x00,0x00,0x00,0x02,0x00,0x19,0x3c,0x72,0x4b,0x1b,0x7e,0x40,0xf0,0x0f,0x0d,0xb8,0x89,0x99,0xa2,0x8d,0x89,0x89,0x89,0x89,0x89,0x89,0x89,0x89,0x89,0x89,0x89,0x89,0x89,0x89,0x89,0x89,0x89,0x89,0x8d,0x89,0x9c,0xad,0xb5,0x22,0x3c,0x00,0x00,0x04,0x00,0x00,0x00,0x00,0x00,0x00,0x00,0x00,0x00,0x00,0x00,0x00,0x00,0x00,0x00,0x00,0x00,0x00,0x00,0x00,0x00,0x00,0x00,0x00,0x00,0x00,0x00,0x00,0x00,0x00,0x00,0x00,0x00,0x00,0x00,0x00,0x00,0x00,0x00,0x00,0x00,0x00,0x00,0x00,0x00,0x00,0x00,0x00,
    0x00,0x00,0x00,0x00,0x00,0x00,0x00,0x00,0x00,0x00,0x00,0x00,0x00,0x00,0x00,0x00,0x00,0x00,0x00,0x00,0x00,0x00,0x00,0x00,0x00,0x00,0x00,0x00,0x00,0x00,0x00,0x00,0x00,0x00,0x00,0x00,0x00,0x00,0x00,0x00,0x00,0x00,0x00,0x00,0x00,0x00,0x00,0x00,0x00,0x00,0x05,0x00,0x68,0x70,0x47,0xc4,0x32,0x72,0x42,0x55,0xb4,0xbc,0xbb,0x8d,0x8d,0x89,0x89,0x89,0x89,0x89,0x89,0x89,0x89,0x89,0x89,0x89,0x89,0x89,0x89,0x89,0x89,0x89,0x89,0x89,0x89,0x89,0x89,0x8d,0xa2,0xa2,0x9c,0xdb,0x47,0x3c,0x15,0x00,0x02,0x00,0x00,0x00,0x00,0x00,0x00,0x00,0x00,0x00,0x00,0x00,0x00,0x00,0x00,0x00,0x00,0x00,0x00,0x00,0x00,0x00,0x00,0x00,0x00,0x00,0x00,0x00,0x00,0x00,0x00,0x00,0x00,0x00,0x00,0x00,0x00,0x00,0x00,0x00,0x00,0x00,0x00,0x00,0x00,0x00,0x00,0x00,
    0x00,0x00,0x00,0x00,0x00,0x00,0x00,0x00,0x00,0x00,0x00,0x00,0x00,0x00,0x00,0x00,0x00,0x00,0x00,0x00,0x00,0x00,0x00,0x00,0x00,0x00,0x00,0x00,0x00,0x00,0x00,0x00,0x00,0x00,0x00,0x00,0x00,0x00,0x00,0x00,0x00,0x00,0x00,0x00,0x00,0x00,0x00,0x00,0x01,0x02,0x00,0x5a,0x09,0xb1,0x65,0x46,0x50,0x2c,0x4a,0x9a,0xad,0x99,0x99,0x89,0x89,0x89,0x89,0x89,0x89,0x89,0x89,0x89,0x89,0x89,0x89,0x89,0x89,0x89,0x89,0x89,0x89,0x89,0x89,0x89,0x89,0x89,0x89,0x89,0x89,0x89,0xa2,0x99,0xdb,0x3d,0x25,0x2a,0x00,0x03,0x00,0x00,0x00,0x00,0x00,0x00,0x00,0x00,0x00,0x00,0x00,0x00,0x00,0x00,0x00,0x00,0x00,0x00,0x00,0x00,0x00,0x00,0x00,0x00,0x00,0x00,0x00,0x00,0x00,0x00,0x00,0x00,0x00,0x00,0x00,0x00,0x00,0x00,0x00,0x00,0x00,0x00,0x00,0x00,0x00,0x00,
    0x00,0x00,0x00,0x00,0x00,0x00,0x00,0x00,0x00,0x00,0x00,0x00,0x00,0x00,0x00,0x00,0x00,0x00,0x00,0x00,0x00,0x00,0x00,0x00,0x00,0x00,0x00,0x00,0x00,0x00,0x00,0x00,0x00,0x00,0x00,0x00,0x00,0x00,0x00,0x00,0x00,0x00,0x00,0x00,0x00,0x00,0x00,0x03,0x00,0x00,0x38,0x73,0x24,0x25,0x41,0x74,0x4f,0xba,0x96,0xad,0x8d,0x8d,0x8d,0x89,0x89,0x89,0x89,0x89,0x89,0x89,0x89,0x89,0x89,0x89,0x89,0x89,0x89,0x89,0x89,0x89,0x89,0x89,0x89,0x89,0x89,0x89,0x89,0x89,0x89,0x89,0x89,0x8d,0x89,0xad,0x40,0x6c,0x19,0x01,0x03,0x00,0x00,0x00,0x00,0x00,0x00,0x00,0x00,0x00,0x00,0x00,0x00,0x00,0x00,0x00,0x00,0x00,0x00,0x00,0x00,0x00,0x00,0x00,0x00,0x00,0x00,0x00,0x00,0x00,0x00,0x00,0x00,0x00,0x00,0x00,0x00,0x00,0x00,0x00,0x00,0x00,0x00,0x00,0x00,0x00,
    0x00,0x00,0x00,0x00,0x00,0x00,0x00,0x00,0x00,0x00,0x00,0x00,0x00,0x00,0x00,0x00,0x00,0x00,0x00,0x00,0x00,0x00,0x00,0x00,0x00,0x00,0x00,0x00,0x00,0x00,0x00,0x00,0x00,0x00,0x00,0x00,0x00,0x00,0x00,0x00,0x00,0x00,0x00,0x00,0x00,0x00,0x03,0x00,0x19,0x64,0x47,0x5b,0x26,0x00,0x51,0x1a,0xc8,0xb2,0x89,0x8d,0x89,0x89,0x89,0x89,0x89,0x89,0x89,0x89,0x89,0x89,0x89,0x89,0x89,0x89,0x89,0x89,0x89,0x89,0x89,0x89,0x89,0x89,0x89,0x89,0x89,0x89,0x89,0x89,0x89,0x89,0x89,0x89,0x89,0xa5,0xb2,0x09,0x67,0x12,0x03,0x04,0x00,0x00,0x00,0x00,0x00,0x00,0x00,0x00,0x00,0x00,0x00,0x00,0x00,0x00,0x00,0x00,0x00,0x00,0x00,0x00,0x00,0x00,0x00,0x00,0x00,0x00,0x00,0x00,0x00,0x00,0x00,0x00,0x00,0x00,0x00,0x00,0x00,0x00,0x00,0x00,0x00,0x00,0x00,0x00,
    0x00,0x00,0x00,0x00,0x00,0x00,0x00,0x00,0x00,0x00,0x00,0x00,0x00,0x00,0x00,0x00,0x00,0x00,0x00,0x00,0x00,0x00,0x00,0x00,0x00,0x00,0x00,0x00,0x00,0x00,0x00,0x00,0x00,0x00,0x00,0x00,0x00,0x00,0x00,0x00,0x00,0x00,0x00,0x00,0x00,0x04,0x00,0x19,0x4f,0x6b,0x62,0x57,0x00,0x51,0x5c,0x92,0xaf,0x9a,0x99,0x8d,0x89,0x89,0x89,0x89,0x89,0x89,0x89,0x89,0x89,0x89,0x89,0x8d,0x89,0x89,0x89,0x89,0x89,0x89,0x89,0x89,0x89,0x89,0x89,0x89,0x8d,0x89,0x89,0x89,0x89,0x89,0x89,0x89,0x89,0x89,0x99,0xb2,0x47,0x6e,0x00,0x03,0x00,0x00,0x00,0x00,0x00,0x00,0x00,0x00,0x00,0x00,0x00,0x00,0x00,0x00,0x00,0x00,0x00,0x00,0x00,0x00,0x00,0x00,0x00,0x00,0x00,0x00,0x00,0x00,0x00,0x00,0x00,0x00,0x00,0x00,0x00,0x00,0x00,0x00,0x00,0x00,0x00,0x00,0x00,0x00,
    0x00,0x00,0x00,0x00,0x00,0x00,0x00,0x00,0x00,0x00,0x00,0x00,0x00,0x00,0x00,0x00,0x00,0x00,0x00,0x00,0x00,0x00,0x00,0x00,0x00,0x00,0x00,0x00,0x00,0x00,0x00,0x00,0x00,0x00,0x00,0x00,0x00,0x00,0x00,0x00,0x00,0x00,0x00,0x00,0x04,0x01,0x15,0x75,0x6b,0x6b,0x64,0x05,0x4c,0x4b,0x5c,0x9a,0x8b,0x8b,0x99,0x8d,0x89,0x89,0x89,0x89,0x89,0x89,0x89,0x89,0x89,0x89,0xa2,0x9c,0x89,0x89,0x89,0x89,0x89,0x89,0x89,0x89,0x89,0x89,0x89,0x89,0x99,0x89,0x89,0x89,0x89,0x89,0x89,0x89,0x89,0x89,0x8d,0x99,0xb7,0x40,0x3c,0x00,0x05,0x00,0x00,0x00,0x00,0x00,0x00,0x00,0x00,0x00,0x00,0x00,0x00,0x00,0x00,0x00,0x00,0x00,0x00,0x00,0x00,0x00,0x00,0x00,0x00,0x00,0x00,0x00,0x00,0x00,0x00,0x00,0x00,0x00,0x00,0x00,0x00,0x00,0x00,0x00,0x00,0x00,0x00,0x00,
    0x00,0x00,0x00,0x00,0x00,0x00,0x00,0x00,0x00,0x00,0x00,0x00,0x00,0x00,0x00,0x00,0x00,0x00,0x00,0x00,0x00,0x00,0x00,0x00,0x00,0x00,0x00,0x00,0x00,0x00,0x00,0x00,0x00,0x00,0x00,0x00,0x00,0x00,0x00,0x00,0x00,0x00,0x00,0x00,0x03,0x04,0x64,0x65,0x6b,0x75,0x12,0x00,0x6a,0x5c,0x8b,0x98,0x91,0x91,0x96,0x89,0x89,0x89,0x89,0x89,0x89,0x89,0x89,0x89,0x89,0xa2,0xd5,0xae,0x0b,0xa5,0xa2,0x89,0x89,0x89,0x89,0x89,0x89,0x89,0x8d,0x89,0xb9,0x89,0x89,0x89,0x89,0x89,0x89,0x89,0x89,0x89,0x89,0xa2,0xa4,0x2f,0x49,0x15,0x00,0x04,0x00,0x00,0x00,0x00,0x00,0x00,0x00,0x00,0x00,0x00,0x00,0x00,0x00,0x00,0x00,0x00,0x00,0x00,0x00,0x00,0x00,0x00,0x00,0x00,0x00,0x00,0x00,0x00,0x00,0x00,0x00,0x00,0x00,0x00,0x00,0x00,0x00,0x00,0x00,0x00,0x00,0x00,
    0x00,0x00,0x00,0x00,0x00,0x00,0x00,0x00,0x00,0x00,0x00,0x00,0x00,0x00,0x00,0x00,0x00,0x00,0x00,0x00,0x00,0x00,0x00,0x00,0x00,0x00,0x00,0x00,0x00,0x00,0x00,0x00,0x00,0x00,0x00,0x00,0x00,0x00,0x00,0x00,0x00,0x00,0x00,0x03,0x00,0x2b,0x5b,0x6b,0x4f,0x00,0x00,0x51,0x4b,0x9e,0x96,0x8b,0x99,0xab,0x91,0x8d,0x8d,0x89,0x89,0x89,0x89,0x89,0x89,0x89,0xa2,0xa9,0xbc,0x1a,0xb5,0x9c,0x8d,0x89,0x89,0x89,0x89,0x89,0x89,0x89,0xa2,0xa6,0xc1,0xba,0xa9,0xa2,0x89,0x89,0x89,0x89,0x89,0x89,0x8d,0x99,0x91,0x1b,0x36,0x2c,0x00,0x03,0x00,0x00,0x00,0x00,0x00,0x00,0x00,0x00,0x00,0x00,0x00,0x00,0x00,0x00,0x00,0x00,0x00,0x00,0x00,0x00,0x00,0x00,0x00,0x00,0x00,0x00,0x00,0x00,0x00,0x00,0x00,0x00,0x00,0x00,0x00,0x00,0x00,0x00,0x00,0x00,0x00,0x00,
    0x00,0x00,0x00,0x00,0x00,0x00,0x00,0x00,0x00,0x00,0x00,0x00,0x00,0x00,0x00,0x00,0x00,0x00,0x00,0x00,0x00,0x00,0x00,0x00,0x00,0x00,0x00,0x00,0x00,0x00,0x00,0x00,0x00,0x00,0x00,0x00,0x00,0x00,0x00,0x00,0x00,0x00,0x04,0x04,0x12,0x78,0x65,0x4f,0x2b,0x03,0x12,0x45,0x5c,0x9e,0x98,0xad,0xd6,0x89,0x99,0x99,0x99,0x8d,0x89,0x89,0x8d,0x89,0x89,0xa2,0xa5,0xba,0xdf,0x0b,0xdb,0xa5,0x89,0x89,0x89,0x89,0x89,0x89,0x89,0x89,0xa2,0xa6,0xae,0xd1,0xa6,0xa2,0x89,0x89,0x89,0x89,0x89,0x89,0x8d,0xab,0x8b,0x8b,0xa0,0x32,0x3b,0x00,0x07,0x00,0x00,0x00,0x00,0x00,0x00,0x00,0x00,0x00,0x00,0x00,0x00,0x00,0x00,0x00,0x00,0x00,0x00,0x00,0x00,0x00,0x00,0x00,0x00,0x00,0x00,0x00,0x00,0x00,0x00,0x00,0x00,0x00,0x00,0x00,0x00,0x00,0x00,0x00,0x00,0x00,
    0x00,0x00,0x00,0x00,0x00,0x00,0x00,0x00,0x00,0x00,0x00,0x00,0x00,0x00,0x00,0x00,0x00,0x00,0x00,0x00,0x00,0x00,0x00,0x00,0x00,0x00,0x00,0x00,0x00,0x00,0x00,0x00,0x00,0x00,0x00,0x00,0x00,0x00,0x00,0x00,0x00,0x00,0x02,0x00,0x3f,0x5b,0x24,0x6e,0x00,0x05,0x12,0x72,0x92,0x9e,0x91,0xab,0x8d,0x89,0xa2,0x99,0x99,0x8d,0x89,0x8d,0x9c,0x89,0x8d,0x99,0xb4,0x0f,0xb2,0xac,0x1b,0x9c,0x89,0x89,0x89,0x89,0x89,0x89,0x89,0x89,0x8d,0x9c,0xba,0x76,0xee,0xa9,0xa2,0xb4,0x89,0x89,0x89,0x89,0x8d,0x99,0x91,0x91,0x98,0x36,0x3c,0x00,0x05,0x00,0x00,0x00,0x00,0x00,0x00,0x00,0x00,0x00,0x00,0x00,0x00,0x00,0x00,0x00,0x00,0x00,0x00,0x00,0x00,0x00,0x00,0x00,0x00,0x00,0x00,0x00,0x00,0x00,0x00,0x00,0x00,0x00,0x00,0x00,0x00,0x00,0x00,0x00,0x00,0x00,
    0x00,0x00,0x00,0x00,0x00,0x00,0x00,0x00,0x00,0x00,0x00,0x00,0x00,0x00,0x00,0x00,0x00,0x00,0x00,0x00,0x00,0x00,0x00,0x00,0x00,0x00,0x00,0x00,0x00,0x00,0x00,0x00,0x00,0x00,0x00,0x00,0x00,0x00,0x00,0x00,0x00,0x03,0x00,0x19,0x25,0x2e,0x78,0x15,0x05,0x00,0x12,0x3e,0x8b,0x98,0x8b,0xab,0x8d,0x8d,0x99,0xa2,0xa2,0x89,0xa2,0xa9,0x09,0xbc,0x99,0xa5,0xc8,0xba,0xa9,0xb1,0xab,0x9c,0x8d,0x89,0x89,0x89,0x89,0x89,0x89,0x89,0x8d,0xa5,0x0d,0xae,0xee,0xba,0xd5,0xba,0xa2,0x89,0x89,0x89,0x89,0x8d,0xad,0x98,0xab,0x63,0x26,0x19,0x00,0x01,0x00,0x00,0x00,0x00,0x00,0x00,0x00,0x00,0x00,0x00,0x00,0x00,0x00,0x00,0x00,0x00,0x00,0x00,0x00,0x00,0x00,0x00,0x00,0x00,0x00,0x00,0x00,0x00,0x00,0x00,0x00,0x00,0x00,0x00,0x00,0x00,0x00,0x00,0x00,0x00,
    0x00,0x00,0x00,0x00,0x00,0x00,0x00,0x00,0x00,0x00,0x00,0x00,0x00,0x00,0x00,0x00,0x00,0x00,0x00,0x00,0x00,0x00,0x00,0x00,0x00,0x00,0x00,0x00,0x00,0x00,0x00,0x00,0x00,0x00,0x00,0x00,0x00,0x00,0x00,0x00,0x00,0x05,0x00,0x57,0x58,0x49,0x2b,0x00,0x05,0x15,0x70,0xb2,0x89,0x99,0x9c,0x89,0x89,0x99,0xb9,0xa6,0xa9,0xb4,0xa9,0xba,0xd0,0x9c,0xa6,0x09,0x09,0xa9,0x89,0xb1,0xab,0x99,0x8d,0x89,0x89,0x89,0x89,0x89,0x89,0x89,0x8d,0x9c,0xb5,0xb1,0x99,0xc8,0xa6,0xb5,0xbc,0xa9,0x99,0xad,0x8d,0x89,0x89,0x8d,0x9c,0x09,0x1f,0x41,0x04,0x03,0x00,0x00,0x00,0x00,0x00,0x00,0x00,0x00,0x00,0x00,0x00,0x00,0x00,0x00,0x00,0x00,0x00,0x00,0x00,0x00,0x00,0x00,0x00,0x00,0x00,0x00,0x00,0x00,0x00,0x00,0x00,0x00,0x00,0x00,0x00,0x00,0x00,0x00,0x00,0x00,
    0x00,0x00,0x00,0x00,0x00,0x00,0x00,0x00,0x00,0x00,0x00,0x00,0x00,0x00,0x00,0x00,0x00,0x00,0x00,0x00,0x00,0x00,0x00,0x00,0x00,0x00,0x00,0x00,0x00,0x00,0x00,0x00,0x00,0x00,0x00,0x00,0x00,0x00,0x00,0x00,0x00,0x05,0x05,0x46,0x2e,0x78,0x07,0x02,0x00,0x42,0x29,0xab,0x8d,0x8d,0x8d,0xa2,0xd5,0xb3,0xd8,0x54,0xba,0xd5,0xd5,0x2e,0xba,0xd5,0xbc,0x0f,0xb8,0xb2,0xab,0xac,0xb2,0x89,0x89,0x89,0x89,0x89,0x89,0x89,0x89,0x89,0x8d,0x9c,0xb5,0x09,0xa4,0xb7,0x0b,0x9c,0xae,0x99,0x99,0x99,0x8d,0x89,0x89,0x8d,0x8d,0xa9,0x63,0x3f,0x00,0x03,0x00,0x00,0x00,0x00,0x00,0x00,0x00,0x00,0x00,0x00,0x00,0x00,0x00,0x00,0x00,0x00,0x00,0x00,0x00,0x00,0x00,0x00,0x00,0x00,0x00,0x00,0x00,0x00,0x00,0x00,0x00,0x00,0x00,0x00,0x00,0x00,0x00,0x00,0x00,0x00,
    0x00,0x00,0x00,0x00,0x00,0x00,0x00,0x00,0x00,0x00,0x00,0x00,0x00,0x00,0x00,0x00,0x00,0x00,0x00,0x00,0x00,0x00,0x00,0x00,0x00,0x00,0x00,0x00,0x00,0x00,0x00,0x00,0x00,0x00,0x00,0x00,0x00,0x00,0x00,0x00,0x00,0x05,0x04,0x46,0x2e,0x4e,0x00,0x00,0x2b,0x3d,0xb5,0x8d,0x8d,0x89,0x89,0x99,0xa2,0xf1,0xc7,0xe2,0xed,0x1a,0x1a,0xc3,0xa6,0x9c,0x0f,0x0c,0xa0,0xa0,0x9a,0xb3,0xa2,0x89,0x89,0x89,0x89,0x89,0x89,0x89,0x89,0x89,0x8d,0x9c,0xbc,0x09,0x9b,0xa0,0x09,0xa2,0xae,0xb9,0x99,0x8d,0x89,0x89,0x89,0x89,0x8d,0x99,0xb9,0x49,0x41,0x03,0x03,0x00,0x00,0x00,0x00,0x00,0x00,0x00,0x00,0x00,0x00,0x00,0x00,0x00,0x00,0x00,0x00,0x00,0x00,0x00,0x00,0x00,0x00,0x00,0x00,0x00,0x00,0x00,0x00,0x00,0x00,0x00,0x00,0x00,0x00,0x00,0x00,0x00,0x00,0x00,
    0x00,0x00,0x00,0x00,0x00,0x00,0x00,0x00,0x00,0x00,0x00,0x00,0x00,0x00,0x00,0x00,0x00,0x00,0x00,0x00,0x00,0x00,0x00,0x00,0x00,0x00,0x00,0x00,0x00,0x00,0x00,0x00,0x00,0x00,0x00,0x00,0x00,0x00,0x00,0x00,0x00,0x02,0x00,0x26,0x71,0x41,0x00,0x00,0x57,0x36,0xdb,0x8d,0x89,0x89,0xa2,0xa9,0xae,0xfc,0xc7,0xc7,0xc7,0xe2,0xfc,0x2e,0xca,0xae,0xb3,0x9b,0x98,0x0c,0xc3,0xd1,0x99,0x89,0x8d,0x89,0x89,0x89,0x89,0x89,0x89,0x89,0x8d,0x99,0xb9,0xd0,0xb1,0x0c,0xb7,0x0b,0x0b,0x4d,0xa9,0xa2,0x89,0x89,0x89,0x8d,0x8d,0xa5,0xbc,0x24,0x6d,0x00,0x03,0x00,0x00,0x00,0x00,0x00,0x00,0x00,0x00,0x00,0x00,0x00,0x00,0x00,0x00,0x00,0x00,0x00,0x00,0x00,0x00,0x00,0x00,0x00,0x00,0x00,0x00,0x00,0x00,0x00,0x00,0x00,0x00,0x00,0x00,0x00,0x00,0x00,0x00,0x00,
    0x00,0x00,0x00,0x00,0x00,0x00,0x00,0x00,0x00,0x00,0x00,0x00,0x00,0x00,0x00,0x00,0x00,0x00,0x00,0x00,0x00,0x00,0x00,0x00,0x00,0x00,0x00,0x00,0x00,0x00,0x00,0x00,0x00,0x00,0x00,0x00,0x00,0x00,0x00,0x00,0x00,0x04,0x12,0x58,0x7f,0x13,0x00,0x13,0x7b,0x0b,0x9c,0xa2,0x89,0x89,0xa2,0xa6,0xa5,0xc3,0xcb,0xe5,0xe2,0xc7,0xe2,0x2e,0xca,0xc1,0xaf,0xc0,0xc4,0x2f,0x0c,0x09,0xb4,0x99,0x9c,0x89,0x89,0x89,0x89,0x89,0x89,0x89,0x8d,0x9c,0xb5,0xb3,0xaf,0xac,0xf0,0xc1,0x0d,0xae,0xa6,0xa2,0x89,0x89,0x89,0xa9,0x89,0xa5,0xb0,0x1a,0x7e,0x4c,0x00,0x07,0x00,0x00,0x00,0x00,0x00,0x00,0x00,0x00,0x00,0x00,0x00,0x00,0x00,0x00,0x00,0x00,0x00,0x00,0x00,0x00,0x00,0x00,0x00,0x00,0x00,0x00,0x00,0x00,0x00,0x00,0x00,0x00,0x00,0x00,0x00,0x00,0x00,0x00,
    0x00,0x00,0x00,0x00,0x00,0x00,0x00,0x00,0x00,0x00,0x00,0x00,0x00,0x00,0x00,0x00,0x00,0x00,0x00,0x00,0x00,0x00,0x00,0x00,0x00,0x00,0x00,0x00,0x00,0x00,0x00,0x00,0x00,0x00,0x00,0x00,0x00,0x00,0x00,0x00,0x05,0x00,0x57,0xc3,0x26,0x19,0x00,0x2a,0x7c,0xba,0x9c,0x8d,0x89,0xa2,0xa5,0x4d,0x0b,0xca,0xa6,0x0b,0x54,0xfc,0xfc,0x0b,0xb4,0xb3,0x2f,0xac,0xaf,0xa0,0xa4,0x2f,0xb4,0x8d,0xae,0xa2,0x8d,0x89,0x89,0x89,0x89,0x89,0xa2,0x9c,0xba,0x2f,0x9b,0xa0,0x98,0xc3,0xc4,0xb1,0x89,0x8d,0x89,0x89,0x89,0x9c,0x99,0x89,0xa2,0xb3,0x80,0x25,0x00,0x07,0x00,0x00,0x00,0x00,0x00,0x00,0x00,0x00,0x00,0x00,0x00,0x00,0x00,0x00,0x00,0x00,0x00,0x00,0x00,0x00,0x00,0x00,0x00,0x00,0x00,0x00,0x00,0x00,0x00,0x00,0x00,0x00,0x00,0x00,0x00,0x00,0x00,0x00,
    0x00,0x00,0x00,0x00,0x00,0x00,0x00,0x00,0x00,0x00,0x00,0x00,0x00,0x00,0x00,0x00,0x00,0x00,0x00,0x00,0x00,0x00,0x00,0x00,0x00,0x00,0x00,0x00,0x00,0x00,0x00,0x00,0x00,0x00,0x00,0x00,0x00,0x00,0x00,0x00,0x05,0x00,0x3f,0x1a,0x26,0x19,0x00,0x4c,0x32,0xb2,0xa2,0x89,0xa2,0x9c,0xb5,0xbe,0xed,0xf1,0xc1,0xa2,0xc8,0x0f,0xbc,0xa5,0xdf,0xac,0x9e,0xa4,0x9a,0x92,0x96,0xc4,0xb9,0xb9,0xd0,0xa2,0x89,0x89,0x89,0x89,0x89,0x89,0xb4,0xde,0x0b,0xb1,0xa4,0x96,0xa0,0x9e,0xc3,0xb3,0x99,0x99,0x89,0x89,0x89,0x89,0xb4,0xd6,0xde,0xb3,0xb7,0x22,0x05,0x00,0x00,0x00,0x00,0x00,0x00,0x00,0x00,0x00,0x00,0x00,0x00,0x00,0x00,0x00,0x00,0x00,0x00,0x00,0x00,0x00,0x00,0x00,0x00,0x00,0x00,0x00,0x00,0x00,0x00,0x00,0x00,0x00,0x00,0x00,0x00,0x00,0x00,0x00,
    0x00,0x00,0x00,0x00,0x00,0x00,0x00,0x00,0x00,0x00,0x00,0x00,0x00,0x00,0x00,0x00,0x00,0x00,0x00,0x00,0x00,0x00,0x00,0x00,0x00,0x00,0x00,0x00,0x00,0x00,0x00,0x00,0x00,0x00,0x00,0x00,0x00,0x00,0x00,0x00,0x02,0x00,0x74,0x61,0x26,0x19,0x04,0x68,0x3e,0x99,0xbc,0x89,0xa2,0xd5,0xc3,0xed,0xc7,0xe2,0xe5,0xcb,0xc2,0xe4,0x89,0xb3,0xb7,0x9b,0x8b,0x98,0x91,0x98,0x8b,0xb3,0xb9,0xbc,0xd1,0xd6,0x89,0x89,0x8d,0x8d,0x8d,0x89,0xa2,0x9c,0x0b,0xac,0x9b,0x91,0x98,0xa4,0xac,0x1a,0xab,0xa5,0x8d,0x89,0xa2,0xa9,0xae,0xc8,0xa5,0xb3,0xb0,0x22,0x3b,0x00,0x05,0x00,0x00,0x00,0x00,0x00,0x00,0x00,0x00,0x00,0x00,0x00,0x00,0x00,0x00,0x00,0x00,0x00,0x00,0x00,0x00,0x00,0x00,0x00,0x00,0x00,0x00,0x00,0x00,0x00,0x00,0x00,0x00,0x00,0x00,0x00,0x00,0x00,
    0x00,0x00,0x00,0x00,0x00,0x00,0x00,0x00,0x00,0x00,0x00,0x00,0x00,0x00,0x00,0x00,0x00,0x00,0x00,0x00,0x00,0x00,0x00,0x00,0x00,0x00,0x00,0x00,0x00,0x00,0x00,0x00,0x00,0x00,0x00,0x00,0x00,0x00,0x00,0x00,0x03,0x00,0x41,0x61,0x7f,0x20,0x00,0x6c,0x80,0xbc,0x0b,0x9c,0xa2,0xa6,0xc3,0xfc,0xe2,0xda,0xc7,0xc7,0xc7,0xbe,0x0f,0xac,0x9b,0x98,0x91,0x91,0x98,0x98,0xa0,0xb3,0xbc,0xae,0x2e,0xb4,0x89,0x8d,0x99,0xad,0x99,0x8d,0x89,0xd5,0xc1,0xb7,0x9e,0x27,0x91,0x91,0xaf,0x24,0xb5,0x99,0x8d,0x89,0x89,0xa6,0xae,0xd1,0xa5,0x09,0x0d,0x22,0x3b,0x00,0x05,0x00,0x00,0x00,0x00,0x00,0x00,0x00,0x00,0x00,0x00,0x00,0x00,0x00,0x00,0x00,0x00,0x00,0x00,0x00,0x00,0x00,0x00,0x00,0x00,0x00,0x00,0x00,0x00,0x00,0x00,0x00,0x00,0x00,0x00,0x00,0x00,0x00,
    0x00,0x00,0x00,0x00,0x00,0x00,0x00,0x00,0x00,0x00,0x00,0x00,0x00,0x00,0x00,0x00,0x00,0x00,0x00,0x00,0x00,0x00,0x00,0x00,0x00,0x00,0x00,0x00,0x00,0x00,0x00,0x00,0x00,0x00,0x00,0x00,0x00,0x00,0x00,0x00,0x01,0x00,0x13,0x73,0x61,0x26,0x19,0x22,0x0b,0xae,0xbc,0x9c,0xa2,0xa9,0xd5,0x29,0x54,0xf1,0xe5,0xe2,0xe2,0xed,0xdf,0x8b,0xab,0x92,0x9e,0x92,0x9e,0x98,0x9a,0xb3,0xae,0x09,0xc1,0xb9,0x9c,0x8d,0x99,0xad,0x89,0x9c,0xb9,0xb4,0x0f,0x0c,0x0c,0xc0,0x9b,0x96,0x91,0x1a,0x43,0xd6,0xb4,0xb9,0xb9,0xa6,0xae,0xd0,0x89,0xae,0xb5,0x7e,0x2b,0x00,0x05,0x00,0x00,0x00,0x00,0x00,0x00,0x00,0x00,0x00,0x00,0x00,0x00,0x00,0x00,0x00,0x00,0x00,0x00,0x00,0x00,0x00,0x00,0x00,0x00,0x00,0x00,0x00,0x00,0x00,0x00,0x00,0x00,0x00,0x00,0x00,0x00,0x00,
    0x00,0x00,0x00,0x00,0x00,0x00,0x00,0x00,0x00,0x00,0x00,0x00,0x00,0x00,0x00,0x00,0x00,0x00,0x00,0x00,0x00,0x00,0x00,0x00,0x00,0x00,0x00,0x00,0x00,0x00,0x00,0x00,0x00,0x00,0x00,0x00,0x00,0x00,0x00,0x00,0x00,0x03,0x03,0x7f,0x61,0x73,0x7d,0x72,0xd3,0xee,0x8d,0xa2,0xa6,0x2f,0x54,0xb7,0xa9,0xca,0x43,0xf1,0xf1,0x1f,0xb0,0x96,0x8d,0x8d,0xab,0xab,0x27,0x0d,0x91,0xac,0xc8,0x09,0xb3,0xbc,0xa6,0xa2,0xa2,0xa2,0xa2,0xa9,0xae,0x09,0xc8,0x1b,0xb1,0xb3,0xac,0xb7,0xaf,0xd0,0xc8,0xd6,0xd6,0xba,0xee,0xca,0x09,0xd0,0xd6,0x0b,0xac,0x7c,0x2b,0x00,0x05,0x00,0x00,0x00,0x00,0x00,0x00,0x00,0x00,0x00,0x00,0x00,0x00,0x00,0x00,0x00,0x00,0x00,0x00,0x00,0x00,0x00,0x00,0x00,0x00,0x00,0x00,0x00,0x00,0x00,0x00,0x00,0x00,0x00,0x00,0x00,0x00,0x00,
    0x00,0x00,0x00,0x00,0x00,0x00,0x00,0x00,0x00,0x00,0x00,0x00,0x00,0x00,0x00,0x00,0x00,0x00,0x00,0x00,0x00,0x00,0x00,0x00,0x00,0x00,0x00,0x00,0x00,0x00,0x00,0x00,0x00,0x00,0x00,0x00,0x00,0x00,0x00,0x00,0x00,0x02,0x00,0x23,0x73,0x65,0x7c,0x7b,0x0b,0x4d,0xa9,0xa2,0xa6,0xf1,0xe2,0xe2,0xcb,0x54,0xd1,0x0f,0xae,0xb7,0xa0,0xaf,0xab,0xab,0x92,0x96,0xac,0xc1,0xc0,0xc1,0xc2,0xb7,0x2f,0x0b,0xa6,0x99,0x9c,0x9c,0x9c,0xa5,0x43,0x43,0xc1,0x0c,0xac,0x27,0x29,0xb7,0x1b,0xb3,0x0b,0xde,0xae,0x4d,0x0b,0xa5,0x0f,0x1a,0xa5,0x09,0xb3,0x67,0x2b,0x00,0x03,0x00,0x00,0x00,0x00,0x00,0x00,0x00,0x00,0x00,0x00,0x00,0x00,0x00,0x00,0x00,0x00,0x00,0x00,0x00,0x00,0x00,0x00,0x00,0x00,0x00,0x00,0x00,0x00,0x00,0x00,0x00,0x00,0x00,0x00,0x00,0x00,0x00,
    0x00,0x00,0x00,0x00,0x00,0x00,0x00,0x00,0x00,0x00,0x00,0x00,0x00,0x00,0x00,0x00,0x00,0x00,0x00,0x00,0x00,0x00,0x00,0x00,0x00,0x00,0x00,0x00,0x00,0x00,0x00,0x00,0x00,0x00,0x00,0x00,0x00,0x00,0x00,0x00,0x00,0x00,0x03,0x00,0x25,0x6f,0x67,0x75,0x43,0xb5,0x99,0x99,0xbc,0xed,0xc7,0xc7,0xc7,0xe2,0xe5,0xed,0x24,0xaf,0x8b,0x91,0x98,0x98,0x98,0x91,0xa0,0x96,0xc0,0xc4,0xd0,0x9b,0x2f,0xdf,0xb1,0xae,0xae,0xae,0x4d,0x0b,0x1a,0x1a,0xd0,0xdf,0xc0,0xa0,0xa0,0xa0,0xa4,0xb1,0xb9,0xba,0xd1,0xae,0xbc,0xb4,0xc8,0x43,0xca,0xc8,0x1f,0x42,0x00,0x05,0x00,0x00,0x00,0x00,0x00,0x00,0x00,0x00,0x00,0x00,0x00,0x00,0x00,0x00,0x00,0x00,0x00,0x00,0x00,0x00,0x00,0x00,0x00,0x00,0x00,0x00,0x00,0x00,0x00,0x00,0x00,0x00,0x00,0x00,0x00,0x00,0x00,0x00,
    0x00,0x00,0x00,0x00,0x00,0x00,0x00,0x00,0x00,0x00,0x00,0x00,0x00,0x00,0x00,0x00,0x00,0x00,0x00,0x00,0x00,0x00,0x00,0x00,0x00,0x00,0x00,0x00,0x00,0x00,0x00,0x00,0x00,0x00,0x00,0x00,0x00,0x00,0x00,0x00,0x00,0x00,0x03,0x01,0x2b,0x49,0x6b,0x6f,0x4d,0x99,0xa2,0x9c,0xb5,0xf1,0xe5,0xe2,0xe2,0xc7,0xef,0xe2,0x54,0x9b,0x98,0x91,0x91,0x8b,0x8b,0x8b,0x98,0x98,0x9a,0x8b,0xbb,0xd3,0x9e,0x9e,0xb2,0x1b,0x1b,0x1b,0x27,0xaf,0xee,0x09,0xb0,0xdb,0xad,0x9e,0x98,0x98,0x91,0xc8,0xc8,0xae,0xd1,0xc8,0xba,0xdd,0xb9,0xa6,0xb0,0xd0,0x36,0x2c,0x00,0x05,0x00,0x00,0x00,0x00,0x00,0x00,0x00,0x00,0x00,0x00,0x00,0x00,0x00,0x00,0x00,0x00,0x00,0x00,0x00,0x00,0x00,0x00,0x00,0x00,0x00,0x00,0x00,0x00,0x00,0x00,0x00,0x00,0x00,0x00,0x00,0x00,0x00,0x00,
    0x00,0x00,0x00,0x00,0x00,0x00,0x00,0x00,0x00,0x00,0x00,0x00,0x00,0x00,0x00,0x00,0x00,0x00,0x00,0x00,0x00,0x00,0x00,0x00,0x00,0x00,0x00,0x00,0x00,0x00,0x00,0x00,0x00,0x00,0x00,0x00,0x00,0x00,0x00,0x00,0x00,0x00,0x00,0x03,0x00,0x0a,0x7c,0xb8,0xd6,0x8d,0x89,0x8d,0x9c,0xde,0xba,0xdf,0x2e,0xd8,0xda,0xed,0xc4,0x9b,0x98,0x91,0x8b,0x91,0x91,0x9e,0x9e,0x92,0x92,0x92,0x92,0xb2,0x9e,0x98,0x98,0x91,0x91,0x91,0x91,0x9e,0x9e,0x96,0x96,0x96,0x96,0x91,0x91,0x98,0x96,0xb3,0x0d,0xab,0x1f,0x24,0xae,0xa2,0x89,0x9c,0xba,0x09,0x96,0x22,0x3b,0x00,0x03,0x00,0x00,0x00,0x00,0x00,0x00,0x00,0x00,0x00,0x00,0x00,0x00,0x00,0x00,0x00,0x00,0x00,0x00,0x00,0x00,0x00,0x00,0x00,0x00,0x00,0x00,0x00,0x00,0x00,0x00,0x00,0x00,0x00,0x00,0x00,0x00,0x00,
    0x00,0x00,0x00,0x00,0x00,0x00,0x00,0x00,0x00,0x00,0x00,0x00,0x00,0x00,0x00,0x00,0x00,0x00,0x00,0x00,0x00,0x00,0x00,0x00,0x00,0x00,0x00,0x00,0x00,0x00,0x00,0x00,0x00,0x00,0x00,0x00,0x00,0x00,0x00,0x00,0x00,0x00,0x00,0x00,0x03,0x04,0x7e,0x0b,0xb0,0x99,0x8d,0x89,0x8d,0x89,0x9c,0xca,0xb0,0x82,0xf2,0xc4,0x27,0x9a,0x96,0x98,0x96,0x9e,0x9e,0x92,0x92,0x92,0x92,0x92,0x92,0x9e,0x9e,0x8b,0x91,0x91,0x91,0x91,0x91,0x96,0x96,0x9e,0x96,0x98,0x91,0x91,0x91,0x91,0x91,0x9a,0x9b,0xbb,0xc2,0x5f,0xb9,0x9c,0xa2,0x8d,0xa6,0x4d,0xc4,0xb0,0x22,0x3f,0x04,0x05,0x00,0x00,0x00,0x00,0x00,0x00,0x00,0x00,0x00,0x00,0x00,0x00,0x00,0x00,0x00,0x00,0x00,0x00,0x00,0x00,0x00,0x00,0x00,0x00,0x00,0x00,0x00,0x00,0x00,0x00,0x00,0x00,0x00,0x00,0x00,0x00,
    0x00,0x00,0x00,0x00,0x00,0x00,0x00,0x00,0x00,0x00,0x00,0x00,0x00,0x00,0x00,0x00,0x00,0x00,0x00,0x00,0x00,0x00,0x00,0x00,0x00,0x00,0x00,0x00,0x00,0x00,0x00,0x00,0x00,0x00,0x00,0x00,0x00,0x00,0x04,0x05,0x01,0x00,0x00,0x07,0x00,0x48,0x4b,0x09,0x09,0xa6,0xa2,0x89,0x89,0x89,0xa2,0xd6,0xf2,0x16,0xf2,0xa0,0x8b,0x96,0x96,0x96,0x9e,0x9e,0x96,0x91,0x9e,0xaf,0x92,0x92,0x92,0x92,0x9e,0x8b,0x91,0x91,0x91,0x91,0x91,0x96,0x9e,0x92,0x92,0x92,0x96,0x91,0x91,0x8b,0x8b,0x98,0x9b,0xac,0xe3,0x54,0xd5,0xa2,0x89,0x89,0xb4,0xde,0x36,0x4a,0xb1,0x58,0x19,0x00,0x05,0x00,0x00,0x00,0x00,0x00,0x00,0x00,0x00,0x00,0x00,0x00,0x00,0x00,0x00,0x00,0x00,0x00,0x00,0x00,0x00,0x00,0x00,0x00,0x00,0x00,0x00,0x00,0x00,0x00,0x00,0x00,0x00,0x00,0x00,0x00,
    0x00,0x00,0x00,0x00,0x00,0x00,0x00,0x00,0x00,0x00,0x00,0x00,0x00,0x00,0x00,0x00,0x00,0x00,0x00,0x00,0x00,0x00,0x00,0x00,0x00,0x00,0x00,0x00,0x00,0x00,0x00,0x00,0x00,0x00,0x00,0x00,0x04,0x04,0x00,0x00,0x00,0x07,0x05,0x00,0x05,0x64,0x56,0xb2,0x0b,0x9c,0x8d,0x89,0x8d,0xb4,0xa6,0xe7,0xf5,0xe7,0xf7,0x92,0x91,0x91,0x91,0xa0,0xa0,0x98,0x98,0x98,0x9a,0x8b,0xa0,0x96,0xaf,0x96,0x91,0x91,0x91,0x91,0x91,0x91,0x8b,0x9e,0x92,0xab,0x96,0x96,0xad,0x96,0x9e,0x92,0x92,0x92,0xa4,0xd0,0xeb,0xce,0xa5,0xa2,0x89,0x89,0xa2,0xad,0x4b,0x45,0x3e,0x80,0x2c,0x19,0x00,0x03,0x00,0x00,0x00,0x00,0x00,0x00,0x00,0x00,0x00,0x00,0x00,0x00,0x00,0x00,0x00,0x00,0x00,0x00,0x00,0x00,0x00,0x00,0x00,0x00,0x00,0x00,0x00,0x00,0x00,0x00,0x00,0x00,0x00,0x00,
    0x00,0x00,0x00,0x00,0x00,0x00,0x00,0x00,0x00,0x00,0x00,0x00,0x00,0x00,0x00,0x00,0x00,0x00,0x00,0x00,0x00,0x00,0x00,0x00,0x00,0x00,0x00,0x00,0x00,0x00,0x00,0x00,0x00,0x00,0x00,0x07,0x00,0x00,0x30,0x4c,0x12,0x00,0x00,0x12,0x4e,0x71,0xb0,0x99,0x99,0x89,0x89,0x89,0xa2,0x99,0xb5,0xe1,0xce,0x35,0xc3,0x1b,0xa0,0x98,0xa0,0x27,0x27,0x9b,0x9b,0xa0,0xb5,0x0d,0x0d,0x29,0xb0,0xa0,0x91,0x91,0x91,0x91,0x91,0x91,0x91,0x98,0xa0,0x27,0xb7,0x0c,0x0c,0xbc,0xb4,0xb8,0xad,0x92,0xad,0xe0,0xe8,0xf2,0xde,0x89,0x89,0x89,0xa2,0xad,0x5c,0x37,0x51,0x0c,0xb7,0x2c,0x30,0x07,0x04,0x00,0x00,0x00,0x00,0x00,0x00,0x00,0x00,0x00,0x00,0x00,0x00,0x00,0x00,0x00,0x00,0x00,0x00,0x00,0x00,0x00,0x00,0x00,0x00,0x00,0x00,0x00,0x00,0x00,0x00,0x00,0x00,0x00,
    0x00,0x00,0x00,0x00,0x00,0x00,0x00,0x00,0x00,0x00,0x00,0x00,0x00,0x00,0x00,0x00,0x00,0x00,0x00,0x00,0x00,0x00,0x00,0x00,0x00,0x00,0x00,0x00,0x00,0x00,0x00,0x00,0x00,0x00,0x07,0x00,0x30,0x50,0x2c,0x22,0x42,0x50,0x66,0x46,0x3d,0x4d,0x89,0x8d,0x89,0x89,0x89,0x89,0xa2,0x89,0xce,0x52,0xf7,0xe4,0xb7,0x0c,0xa0,0x9e,0xa0,0xd1,0xa3,0x24,0xd0,0xb3,0x2f,0xb1,0xb1,0xc1,0x2e,0xac,0xa4,0x98,0x98,0x91,0x91,0x98,0x91,0x8b,0x9e,0x2f,0xb7,0xc0,0xc0,0xb7,0xb0,0xac,0x0c,0x9b,0xb7,0x24,0xce,0xf2,0xb4,0x99,0x89,0x89,0x89,0x8d,0x91,0x22,0x3b,0x22,0x0c,0x4b,0x37,0x05,0x07,0x00,0x00,0x00,0x00,0x00,0x00,0x00,0x00,0x00,0x00,0x00,0x00,0x00,0x00,0x00,0x00,0x00,0x00,0x00,0x00,0x00,0x00,0x00,0x00,0x00,0x00,0x00,0x00,0x00,0x00,0x00,0x00,0x00,
    0x00,0x00,0x00,0x00,0x00,0x00,0x00,0x00,0x00,0x00,0x00,0x00,0x00,0x00,0x00,0x00,0x00,0x00,0x00,0x00,0x00,0x00,0x00,0x00,0x00,0x00,0x00,0x00,0x00,0x00,0x00,0x00,0x00,0x07,0x00,0x48,0x4b,0x32,0x1b,0x1b,0x29,0x55,0x32,0x4d,0xb8,0xa9,0x8d,0x89,0x89,0x89,0x8d,0xa2,0xa5,0xe7,0x16,0x81,0x76,0xea,0x0d,0xac,0x96,0x9e,0xb0,0x1f,0x95,0x95,0x95,0x95,0x9d,0xa3,0x97,0x95,0x95,0xdf,0xa0,0xaf,0x92,0x92,0x92,0x92,0x92,0xa4,0xb1,0x95,0xa3,0xc2,0x1f,0x1f,0xc9,0x95,0x1f,0xb7,0xb3,0xd1,0x2e,0x81,0xb7,0xa5,0x8d,0x89,0x8d,0x99,0xbc,0x71,0x74,0x50,0x36,0x9e,0x32,0x4c,0x00,0x05,0x00,0x00,0x00,0x00,0x00,0x00,0x00,0x00,0x00,0x00,0x00,0x00,0x00,0x00,0x00,0x00,0x00,0x00,0x00,0x00,0x00,0x00,0x00,0x00,0x00,0x00,0x00,0x00,0x00,0x00,0x00,0x00,
    0x00,0x00,0x00,0x00,0x00,0x00,0x00,0x00,0x00,0x00,0x00,0x00,0x00,0x00,0x00,0x00,0x00,0x00,0x00,0x00,0x00,0x00,0x00,0x00,0x00,0x00,0x00,0x00,0x00,0x00,0x00,0x00,0x07,0x04,0x48,0x6a,0x56,0x9a,0x99,0x99,0x99,0xa9,0xca,0xa9,0x89,0x8d,0x89,0x89,0x89,0x89,0x89,0xa6,0xf0,0xf5,0xc3,0x35,0x35,0xf6,0xb0,0xee,0x92,0x96,0x96,0x92,0xac,0xd1,0xc2,0xc9,0xc9,0xc9,0xc2,0x2e,0xac,0x96,0x96,0x9e,0x9e,0x9e,0x9e,0x9e,0x9e,0x8b,0x1b,0xc3,0xc2,0x94,0x95,0x95,0x95,0x93,0xc2,0x0f,0xc8,0xd1,0x53,0xd2,0xf0,0xa5,0xa2,0x8d,0x8d,0x89,0xdb,0xd1,0x26,0x15,0x67,0x0d,0x3e,0x50,0x04,0x05,0x00,0x00,0x00,0x00,0x00,0x00,0x00,0x00,0x00,0x00,0x00,0x00,0x00,0x00,0x00,0x00,0x00,0x00,0x00,0x00,0x00,0x00,0x00,0x00,0x00,0x00,0x00,0x00,0x00,0x00,0x00,0x00,
    0x00,0x00,0x00,0x00,0x00,0x00,0x00,0x00,0x00,0x00,0x00,0x00,0x00,0x00,0x00,0x00,0x00,0x00,0x00,0x00,0x00,0x00,0x00,0x00,0x00,0x00,0x00,0x00,0x00,0x00,0x00,0x00,0x05,0x00,0x48,0x56,0x92,0xb4,0x8d,0x8d,0x8d,0xa2,0xa2,0xa2,0x89,0x89,0x89,0x89,0x89,0xa2,0xa5,0xf0,0xcc,0xcd,0xbb,0x76,0xea,0x76,0xb5,0xee,0x0d,0xa4,0x98,0x92,0xd3,0xbd,0xbd,0xdd,0xbb,0xaf,0x91,0xa4,0xa4,0x91,0x91,0x91,0x91,0x91,0x98,0x91,0x91,0x91,0x9a,0xa4,0xb8,0xb5,0xc4,0xc3,0x0f,0xb1,0x96,0xb0,0xc8,0xf6,0xd1,0xf9,0xce,0xd5,0xb2,0x99,0x9c,0xab,0x8b,0xdf,0x58,0x2a,0x25,0x29,0x29,0x4e,0x00,0x05,0x00,0x00,0x00,0x00,0x00,0x00,0x00,0x00,0x00,0x00,0x00,0x00,0x00,0x00,0x00,0x00,0x00,0x00,0x00,0x00,0x00,0x00,0x00,0x00,0x00,0x00,0x00,0x00,0x00,0x00,0x00,0x00,
    0x00,0x00,0x00,0x00,0x00,0x00,0x00,0x00,0x00,0x00,0x00,0x00,0x00,0x00,0x00,0x00,0x00,0x00,0x00,0x00,0x00,0x00,0x00,0x00,0x00,0x00,0x00,0x00,0x00,0x00,0x00,0x00,0x07,0x04,0x4c,0x3e,0x89,0xa2,0x8d,0x8d,0xa2,0x9c,0x89,0x8d,0x89,0x89,0x89,0x89,0x8d,0xa5,0xc4,0xc5,0xb6,0xf9,0xd3,0x1b,0x0f,0xe4,0x35,0xf6,0xd0,0x9b,0x92,0xbb,0xdd,0xbd,0xbd,0xbb,0xd3,0x8d,0xb2,0xaf,0x92,0x92,0x96,0x91,0x8b,0x96,0xb2,0x92,0x92,0x9e,0x92,0xaf,0x89,0x89,0xdb,0xbb,0xbb,0xbd,0xd3,0xb3,0x35,0xea,0x35,0xee,0xf2,0xb7,0xca,0x96,0xb8,0x96,0xb8,0xb0,0x5b,0x5a,0x2c,0x56,0xb5,0x4e,0x00,0x02,0x00,0x00,0x00,0x00,0x00,0x00,0x00,0x00,0x00,0x00,0x00,0x00,0x00,0x00,0x00,0x00,0x00,0x00,0x00,0x00,0x00,0x00,0x00,0x00,0x00,0x00,0x00,0x00,0x00,0x00,0x00,0x00,
    0x00,0x00,0x00,0x00,0x00,0x00,0x00,0x00,0x00,0x00,0x00,0x00,0x00,0x00,0x00,0x00,0x00,0x00,0x00,0x00,0x00,0x00,0x00,0x00,0x00,0x00,0x00,0x00,0x00,0x00,0x00,0x00,0x05,0x00,0x3c,0x1b,0x9c,0x99,0x99,0x99,0xd5,0x0b,0x0b,0x9c,0x8d,0x89,0x89,0xa2,0xa5,0xe7,0xcc,0xaa,0xbf,0xe8,0xf2,0xb8,0x9b,0xc8,0xac,0x0c,0x1a,0x27,0xad,0xbd,0xbd,0xbd,0xbd,0xbd,0xbb,0xbb,0x8d,0xab,0x9e,0x9e,0x92,0x9e,0x91,0x96,0xab,0x92,0x92,0x92,0x92,0x92,0x8d,0xbb,0xbd,0xdd,0xdd,0xdd,0xbd,0xea,0xea,0xe4,0xea,0xec,0xe7,0xd2,0xb9,0x99,0x8d,0xd6,0xb4,0x89,0x0f,0x7f,0x32,0xa2,0xb4,0x46,0x00,0x05,0x00,0x00,0x00,0x00,0x00,0x00,0x00,0x00,0x00,0x00,0x00,0x00,0x00,0x00,0x00,0x00,0x00,0x00,0x00,0x00,0x00,0x00,0x00,0x00,0x00,0x00,0x00,0x00,0x00,0x00,0x00,0x00,
    0x00,0x00,0x00,0x00,0x00,0x00,0x00,0x00,0x00,0x00,0x00,0x00,0x00,0x00,0x00,0x00,0x00,0x00,0x00,0x00,0x00,0x00,0x00,0x00,0x00,0x00,0x00,0x00,0x00,0x00,0x00,0x00,0x05,0x00,0x46,0xb0,0xa2,0xbc,0xb9,0xbc,0xae,0xc1,0xdb,0x89,0x8d,0x89,0xa2,0xa6,0x2f,0xc5,0xa1,0x9f,0xa1,0xe8,0xe8,0x16,0xb7,0x0f,0x0d,0x9b,0xac,0xdf,0xa0,0xb0,0xbb,0xbb,0xbb,0xbb,0xbb,0xb0,0x99,0x92,0x98,0x91,0x91,0x96,0x92,0x98,0x98,0x92,0x96,0x91,0x96,0x92,0xa2,0xbb,0xbd,0xdd,0xdd,0xdd,0xac,0x5f,0x5f,0xe4,0xb1,0xca,0xce,0xf8,0xce,0xde,0xa2,0x8d,0xa2,0x89,0xb4,0x3d,0x80,0xca,0xb5,0x7a,0x00,0x05,0x00,0x00,0x00,0x00,0x00,0x00,0x00,0x00,0x00,0x00,0x00,0x00,0x00,0x00,0x00,0x00,0x00,0x00,0x00,0x00,0x00,0x00,0x00,0x00,0x00,0x00,0x00,0x00,0x00,0x00,0x00,0x00,
    0x00,0x00,0x00,0x00,0x00,0x00,0x00,0x00,0x00,0x00,0x00,0x00,0x00,0x00,0x00,0x00,0x00,0x00,0x00,0x00,0x00,0x00,0x00,0x00,0x00,0x00,0x00,0x00,0x00,0x00,0x00,0x00,0x05,0x00,0x42,0x96,0x4a,0x25,0x25,0x75,0x09,0x9c,0x89,0xa2,0x99,0xa2,0x99,0xb4,0xcd,0xcf,0xcf,0x9f,0xaa,0xe8,0xf8,0xf8,0xf8,0xc2,0xf2,0xce,0xcd,0xe0,0x0d,0xa0,0xb2,0xb2,0xb2,0xd3,0xd3,0x8d,0x92,0x92,0x91,0x8b,0x91,0x91,0xa0,0x8b,0x9a,0x98,0x91,0x8b,0x91,0x9e,0xab,0xb4,0xbb,0xbd,0xdd,0xbb,0x0f,0xc1,0xe4,0xac,0x9b,0xc0,0xc5,0xcf,0xf5,0xd6,0x89,0x99,0x99,0x8d,0x99,0x9c,0x99,0xb2,0xb1,0x6e,0x00,0x05,0x00,0x00,0x00,0x00,0x00,0x00,0x00,0x00,0x00,0x00,0x00,0x00,0x00,0x00,0x00,0x00,0x00,0x00,0x00,0x00,0x00,0x00,0x00,0x00,0x00,0x00,0x00,0x00,0x00,0x00,0x00,0x00,
    0x00,0x00,0x00,0x00,0x00,0x00,0x00,0x00,0x00,0x00,0x00,0x00,0x00,0x00,0x00,0x00,0x00,0x00,0x00,0x00,0x00,0x00,0x00,0x00,0x00,0x00,0x00,0x00,0x00,0x00,0x00,0x00,0x07,0x00,0x2c,0xaf,0x51,0x38,0x67,0x6f,0xab,0x8d,0x8d,0x9c,0xd6,0x89,0xa5,0xe7,0xc6,0xb6,0xc6,0xcf,0xb6,0xe8,0xcc,0xcc,0xe8,0xf3,0x61,0xe8,0xc5,0xe8,0xf9,0x0c,0x9b,0x98,0x9e,0x9e,0x92,0x92,0x92,0x92,0x9e,0x9e,0x9e,0x9e,0x0d,0xaf,0x1b,0x92,0x8b,0x91,0x91,0x91,0x9e,0xab,0xa2,0xbb,0xab,0xee,0xdf,0xa4,0x5f,0xd3,0xb5,0xcd,0xc6,0xc6,0xe1,0xbc,0x9c,0x9c,0xa5,0xa2,0x99,0xba,0xb5,0xab,0x0f,0x2b,0x00,0x03,0x00,0x00,0x00,0x00,0x00,0x00,0x00,0x00,0x00,0x00,0x00,0x00,0x00,0x00,0x00,0x00,0x00,0x00,0x00,0x00,0x00,0x00,0x00,0x00,0x00,0x00,0x00,0x00,0x00,0x00,0x00,0x00,
    0x00,0x00,0x00,0x00,0x00,0x00,0x00,0x00,0x00,0x00,0x00,0x00,0x00,0x00,0x00,0x00,0x00,0x00,0x00,0x00,0x00,0x00,0x00,0x00,0x00,0x00,0x00,0x00,0x00,0x00,0x00,0x00,0x05,0x00,0x6c,0x40,0x3b,0x68,0x4a,0xb2,0x99,0xa2,0xa5,0xc4,0xcd,0x89,0x9c,0xce,0xb6,0x9f,0xb6,0x9f,0xb6,0xe8,0xcf,0xeb,0xf3,0xfb,0xfb,0xf3,0xe8,0xcc,0xf8,0xe8,0xe7,0xa0,0x9b,0x98,0xaf,0x92,0x92,0x92,0x92,0x92,0xab,0xab,0x29,0xbb,0xb5,0xaf,0x8b,0x91,0x91,0x91,0x98,0x9e,0x9e,0xa4,0x0d,0xf9,0xcd,0xce,0xc2,0xc3,0xcd,0xb6,0xe1,0xcc,0xc6,0xf0,0x9c,0xa2,0x89,0xa2,0xa9,0x0b,0x1a,0x32,0x2c,0x13,0x05,0x00,0x00,0x00,0x00,0x00,0x00,0x00,0x00,0x00,0x00,0x00,0x00,0x00,0x00,0x00,0x00,0x00,0x00,0x00,0x00,0x00,0x00,0x00,0x00,0x00,0x00,0x00,0x00,0x00,0x00,0x00,0x00,0x00,
    0x00,0x00,0x00,0x00,0x00,0x00,0x00,0x00,0x00,0x00,0x00,0x00,0x00,0x00,0x00,0x00,0x00,0x00,0x00,0x00,0x00,0x00,0x00,0x00,0x00,0x00,0x00,0x00,0x00,0x00,0x00,0x00,0x05,0x00,0x7d,0x5b,0x57,0x37,0x8b,0xad,0xa2,0x9c,0x29,0xe1,0xb6,0xce,0xde,0xcd,0xa1,0x9f,0x9f,0x9f,0x9f,0xc5,0xb6,0xcc,0xf3,0xfe,0xfe,0xf3,0xcc,0xeb,0x53,0xe3,0x97,0xc2,0xc4,0x96,0xa4,0xad,0x8d,0xb2,0x92,0x92,0x96,0x96,0x8b,0x96,0x98,0x98,0x9e,0x98,0x96,0x91,0xa4,0x9b,0x98,0xdf,0xf9,0xcf,0xcc,0x53,0xf3,0xeb,0xcc,0xcf,0xcc,0xc6,0xc6,0xb7,0xa5,0xa2,0x89,0x89,0xa2,0xa6,0x6f,0x7b,0x07,0x00,0x04,0x00,0x00,0x00,0x00,0x00,0x00,0x00,0x00,0x00,0x00,0x00,0x00,0x00,0x00,0x00,0x00,0x00,0x00,0x00,0x00,0x00,0x00,0x00,0x00,0x00,0x00,0x00,0x00,0x00,0x00,0x00,0x00,0x00,
    0x00,0x00,0x00,0x00,0x00,0x00,0x00,0x00,0x00,0x00,0x00,0x00,0x00,0x00,0x00,0x00,0x00,0x00,0x00,0x00,0x00,0x00,0x00,0x00,0x00,0x00,0x00,0x00,0x00,0x00,0x00,0x00,0x03,0x00,0x2b,0x6d,0x4c,0x51,0xc0,0xb8,0xa2,0xa5,0xce,0x9f,0xe9,0xc6,0xb1,0xf5,0xbf,0xa8,0xa8,0x9f,0xa1,0xc6,0x9f,0xcf,0xf3,0xfb,0xfb,0x81,0xeb,0x8f,0x94,0x94,0x8f,0x95,0x95,0xc9,0x0f,0xb5,0xb8,0xb8,0x8b,0x8b,0xa0,0xa0,0xa4,0x98,0x98,0x9a,0xa4,0xa4,0xa4,0x96,0xb7,0x54,0xc9,0x8c,0xf8,0xc6,0x1f,0xfa,0xfb,0xfa,0xf7,0xcc,0xcc,0xcf,0xe1,0xbc,0x9c,0x8d,0x89,0x89,0xa2,0xde,0xb9,0x7b,0x15,0x00,0x04,0x00,0x00,0x00,0x00,0x00,0x00,0x00,0x00,0x00,0x00,0x00,0x00,0x00,0x00,0x00,0x00,0x00,0x00,0x00,0x00,0x00,0x00,0x00,0x00,0x00,0x00,0x00,0x00,0x00,0x00,0x00,0x00,0x00,
    0x00,0x00,0x00,0x00,0x00,0x00,0x00,0x00,0x00,0x00,0x00,0x00,0x00,0x00,0x00,0x00,0x00,0x00,0x00,0x00,0x00,0x00,0x00,0x00,0x00,0x00,0x00,0x00,0x00,0x00,0x00,0x00,0x00,0x00,0x05,0x41,0x07,0x42,0x43,0xb8,0xa2,0xd6,0xcd,0xaa,0x9f,0xa1,0x16,0x16,0xbf,0xa8,0xa1,0x9f,0xa1,0xcf,0xaa,0xcf,0x61,0xd2,0xf3,0xf7,0xe3,0x8e,0xa3,0x8e,0x90,0x8f,0x8f,0x95,0x95,0x8a,0xd1,0xb1,0x0c,0xaf,0xb1,0xc4,0xc0,0xa4,0x9a,0xaf,0xc4,0xdf,0x24,0xc9,0x97,0x95,0x95,0x95,0x53,0xe9,0x82,0xfb,0xfe,0xfa,0x16,0xbf,0xd2,0x9f,0xcd,0xd6,0x89,0x89,0x89,0x8d,0x99,0xb4,0x0d,0x7c,0x19,0x00,0x03,0x00,0x00,0x00,0x00,0x00,0x00,0x00,0x00,0x00,0x00,0x00,0x00,0x00,0x00,0x00,0x00,0x00,0x00,0x00,0x00,0x00,0x00,0x00,0x00,0x00,0x00,0x00,0x00,0x00,0x00,0x00,0x00,0x00,
    0x00,0x00,0x00,0x00,0x00,0x00,0x00,0x00,0x00,0x00,0x00,0x00,0x00,0x00,0x00,0x00,0x00,0x00,0x00,0x00,0x00,0x00,0x00,0x00,0x00,0x00,0x00,0x00,0x00,0x00,0x00,0x00,0x00,0x00,0x00,0x04,0x12,0x45,0xaf,0xab,0xa2,0xb4,0xcd,0xaa,0x9f,0xaa,0xb6,0xc6,0xa8,0xa8,0xa8,0xa1,0xa1,0xb6,0x9f,0xb6,0xc5,0xa1,0xcc,0xe3,0x93,0x97,0x8a,0x94,0x90,0x8f,0x8f,0x8f,0x93,0x95,0xe4,0xec,0xe4,0xc3,0x0c,0xaf,0x1a,0xf6,0xdd,0x5f,0xc9,0x2f,0xdf,0x8e,0x95,0x97,0x8f,0x8c,0xe3,0xe9,0x82,0xfa,0xfa,0xfa,0xe1,0xcf,0xcc,0x52,0xe7,0xa5,0xa2,0x89,0x89,0x89,0xa2,0x1a,0x0d,0x3d,0x3f,0x01,0x05,0x00,0x00,0x00,0x00,0x00,0x00,0x00,0x00,0x00,0x00,0x00,0x00,0x00,0x00,0x00,0x00,0x00,0x00,0x00,0x00,0x00,0x00,0x00,0x00,0x00,0x00,0x00,0x00,0x00,0x00,0x00,0x00,0x00,
    0x00,0x00,0x00,0x00,0x00,0x00,0x00,0x00,0x00,0x00,0x00,0x00,0x00,0x00,0x00,0x00,0x00,0x00,0x00,0x00,0x00,0x00,0x00,0x00,0x00,0x00,0x00,0x00,0x00,0x00,0x00,0x00,0x00,0x00,0x00,0x05,0x00,0x51,0x56,0xc1,0xd0,0x8d,0xf5,0xaa,0xa8,0xa1,0xa8,0xbf,0xa8,0xa8,0xa8,0xa8,0xa1,0xcf,0xb6,0xc6,0xb6,0xc5,0x9d,0x8c,0x90,0x8f,0x94,0x8a,0x8e,0x88,0x88,0x88,0x8c,0xc9,0xdd,0xec,0xc8,0x9a,0xc0,0xc3,0xc4,0xe4,0x76,0x1f,0x0c,0xac,0xab,0x0c,0xc9,0x8c,0x8a,0x88,0x94,0xd2,0xf7,0x1f,0x16,0x61,0xe1,0xd2,0xd2,0xce,0xb8,0x9c,0x89,0x89,0xa2,0x9c,0x4d,0x4f,0x37,0x50,0x01,0x00,0x04,0x00,0x00,0x00,0x00,0x00,0x00,0x00,0x00,0x00,0x00,0x00,0x00,0x00,0x00,0x00,0x00,0x00,0x00,0x00,0x00,0x00,0x00,0x00,0x00,0x00,0x00,0x00,0x00,0x00,0x00,0x00,0x00,0x00,
    0x00,0x00,0x00,0x00,0x00,0x00,0x00,0x00,0x00,0x00,0x00,0x00,0x00,0x00,0x00,0x00,0x00,0x00,0x00,0x00,0x00,0x00,0x00,0x00,0x00,0x00,0x00,0x00,0x00,0x00,0x00,0x00,0x00,0x00,0x00,0x00,0x2a,0x3b,0x40,0x47,0x4f,0xa5,0xce,0x9f,0xbf,0xa8,0xaa,0x9f,0xa1,0xa8,0xa8,0xa1,0xa1,0xc6,0xb6,0xcf,0xcf,0xe3,0x95,0x94,0x93,0x90,0x90,0x88,0x8a,0x8a,0x8a,0x8a,0x88,0x8a,0xe4,0xc8,0xaf,0xa0,0xb1,0xbc,0xab,0x0f,0x95,0x1a,0x29,0x27,0xb1,0x9b,0xac,0x93,0x8a,0x88,0x90,0x8c,0xd2,0xaa,0xbf,0xcc,0xc5,0xe7,0xb0,0xca,0xa5,0xde,0xa6,0x9c,0x99,0x99,0x67,0x3b,0x5a,0x55,0x2c,0x2a,0x04,0x04,0x00,0x00,0x00,0x00,0x00,0x00,0x00,0x00,0x00,0x00,0x00,0x00,0x00,0x00,0x00,0x00,0x00,0x00,0x00,0x00,0x00,0x00,0x00,0x00,0x00,0x00,0x00,0x00,0x00,0x00,0x00,0x00,
    0x00,0x00,0x00,0x00,0x00,0x00,0x00,0x00,0x00,0x00,0x00,0x00,0x00,0x00,0x00,0x00,0x00,0x00,0x00,0x00,0x00,0x00,0x00,0x00,0x00,0x00,0x00,0x00,0x00,0x00,0x00,0x00,0x00,0x00,0x01,0x84,0x5e,0x31,0x4f,0x25,0x3d,0xc4,0xcd,0xa8,0xa1,0x9f,0x9f,0x9f,0x9f,0xaa,0x9f,0x9f,0xa1,0xcc,0xb6,0xbf,0xc5,0x8f,0xa3,0x8a,0x8a,0x8e,0x94,0x8e,0x8e,0x94,0x97,0x90,0x93,0x97,0x95,0x2f,0xa4,0x96,0xa0,0xb2,0xc8,0xc1,0x95,0xc3,0xac,0xc0,0x91,0x9e,0xa4,0x1f,0x8c,0xa3,0x8a,0x8f,0xeb,0xbf,0xb6,0xaa,0xcd,0x89,0xca,0xba,0xcd,0xce,0x9c,0x89,0x9c,0xad,0x36,0x7d,0x55,0xd5,0x2c,0x12,0x04,0x04,0x00,0x00,0x00,0x00,0x00,0x00,0x00,0x00,0x00,0x00,0x00,0x00,0x00,0x00,0x00,0x00,0x00,0x00,0x00,0x00,0x00,0x00,0x00,0x00,0x00,0x00,0x00,0x00,0x00,0x00,0x00,0x00,
    0x00,0x00,0x00,0x00,0x00,0x00,0x00,0x00,0x00,0x00,0x00,0x00,0x00,0x00,0x00,0x00,0x00,0x00,0x00,0x00,0x00,0x00,0x00,0x00,0x00,0x00,0x00,0x00,0x00,0x00,0x00,0x00,0x00,0x03,0x00,0x59,0x5d,0x5e,0x26,0x59,0x31,0x5d,0xb6,0xaa,0x9f,0x9f,0x9f,0x9f,0x9f,0x9f,0xa1,0xa1,0xa8,0x9f,0x9f,0xbf,0xd2,0x8f,0xa3,0x8e,0x94,0x8e,0x88,0x94,0x90,0x90,0x90,0x90,0x90,0x95,0xc9,0x92,0x9e,0x96,0x8b,0xaf,0xa0,0xc0,0x8c,0x0f,0x27,0x0c,0x9e,0xdb,0xa0,0xc3,0x95,0x88,0x8e,0x8f,0xeb,0xa1,0x9f,0xcf,0xce,0xca,0x29,0xc5,0xc6,0xc5,0xe7,0xa6,0xa2,0x9c,0xb4,0xb5,0x3e,0x37,0x07,0x00,0x04,0x00,0x00,0x00,0x00,0x00,0x00,0x00,0x00,0x00,0x00,0x00,0x00,0x00,0x00,0x00,0x00,0x00,0x00,0x00,0x00,0x00,0x00,0x00,0x00,0x00,0x00,0x00,0x00,0x00,0x00,0x00,0x00,0x00,
    0x00,0x00,0x00,0x00,0x00,0x00,0x00,0x00,0x00,0x00,0x00,0x00,0x00,0x00,0x00,0x00,0x00,0x00,0x00,0x00,0x00,0x00,0x00,0x00,0x00,0x00,0x00,0x00,0x00,0x00,0x00,0x00,0x00,0x03,0x00,0x19,0x5e,0xd2,0xc5,0x16,0x16,0xa1,0xa1,0x9f,0xaa,0x9f,0xa1,0xaa,0xaa,0xa1,0xa8,0xa8,0xa8,0xa8,0x9f,0xbf,0xd2,0x90,0x8e,0x93,0x93,0x90,0x90,0x90,0x90,0x90,0x90,0x90,0x8f,0x95,0x24,0xa4,0x98,0x8b,0x91,0x9a,0xb3,0xc3,0x8c,0x0f,0xb3,0x96,0x92,0xb2,0x9c,0xc0,0x97,0x8c,0x90,0x8c,0x53,0xe9,0x9f,0xb6,0xce,0xa5,0xf5,0xaa,0x9f,0xb6,0xcd,0xb4,0x99,0x8d,0x8d,0xca,0x32,0x38,0x00,0x07,0x00,0x00,0x00,0x00,0x00,0x00,0x00,0x00,0x00,0x00,0x00,0x00,0x00,0x00,0x00,0x00,0x00,0x00,0x00,0x00,0x00,0x00,0x00,0x00,0x00,0x00,0x00,0x00,0x00,0x00,0x00,0x00,0x00,0x00,
    0x00,0x00,0x00,0x00,0x00,0x00,0x00,0x00,0x00,0x00,0x00,0x00,0x00,0x00,0x00,0x00,0x00,0x00,0x00,0x00,0x00,0x00,0x00,0x00,0x00,0x00,0x00,0x00,0x00,0x00,0x00,0x00,0x00,0x00,0x03,0x04,0x83,0x52,0xbf,0xe9,0xe9,0xa1,0xaa,0xa1,0xa1,0xbf,0xe9,0xa8,0xa8,0xa8,0xa8,0xa8,0xa8,0xbf,0x9f,0xa1,0xe1,0x93,0x93,0x8e,0x93,0x8e,0x93,0x8f,0x90,0x90,0x90,0x90,0x94,0x95,0xc1,0xa4,0x9e,0xad,0xab,0xab,0xb0,0x5f,0x95,0x1f,0xdb,0x92,0x96,0x96,0x98,0x98,0xc2,0x95,0x8f,0x90,0x90,0xd2,0xbf,0x9f,0xc6,0xb3,0xe1,0xa1,0x9f,0xe9,0xc5,0x0b,0xa9,0xa2,0xb4,0xd6,0x22,0x66,0x57,0x02,0x04,0x00,0x00,0x00,0x00,0x00,0x00,0x00,0x00,0x00,0x00,0x00,0x00,0x00,0x00,0x00,0x00,0x00,0x00,0x00,0x00,0x00,0x00,0x00,0x00,0x00,0x00,0x00,0x00,0x00,0x00,0x00,0x00,0x00,
    0x00,0x00,0x00,0x00,0x00,0x00,0x00,0x00,0x00,0x00,0x00,0x00,0x00,0x00,0x00,0x00,0x00,0x00,0x00,0x00,0x00,0x00,0x00,0x00,0x00,0x00,0x00,0x00,0x00,0x00,0x00,0x00,0x00,0x00,0x04,0x01,0x15,0x83,0x69,0xc5,0x9f,0xa1,0xa1,0xa1,0xbf,0x52,0x16,0xa8,0xa8,0xa1,0xaa,0x9f,0x9f,0xc5,0x9f,0xaa,0xb6,0x9d,0x8e,0x88,0x8e,0x88,0x8a,0x88,0x97,0x90,0x90,0x8f,0x97,0x95,0x1a,0xa4,0xdb,0x8d,0xa2,0xb8,0x2e,0x8c,0x8f,0x95,0xd1,0xd3,0x9e,0x9e,0x8b,0x96,0xc9,0x90,0x90,0x90,0x8c,0x8c,0xc5,0xa8,0x9f,0xc6,0x52,0xa8,0xa1,0xbf,0xe1,0xb4,0x9c,0x8d,0x8d,0xb9,0x3d,0x71,0x73,0x74,0x00,0x02,0x00,0x00,0x00,0x00,0x00,0x00,0x00,0x00,0x00,0x00,0x00,0x00,0x00,0x00,0x00,0x00,0x00,0x00,0x00,0x00,0x00,0x00,0x00,0x00,0x00,0x00,0x00,0x00,0x00,0x00,0x00,0x00,
    0x00,0x00,0x00,0x00,0x00,0x00,0x00,0x00,0x00,0x00,0x00,0x00,0x00,0x00,0x00,0x00,0x00,0x00,0x00,0x00,0x00,0x00,0x00,0x00,0x00,0x00,0x00,0x00,0x00,0x00,0x00,0x00,0x00,0x00,0x00,0x04,0x00,0x10,0x59,0x5e,0x5d,0x16,0x82,0x16,0x16,0x5d,0xd2,0xbf,0x9f,0x9f,0x9f,0xaa,0x52,0xf7,0x52,0xe9,0x16,0x8f,0x8a,0x8a,0x8a,0x88,0x8a,0x97,0x94,0x8e,0x97,0x88,0x93,0x90,0x94,0xb7,0x9b,0x9e,0xa4,0xd0,0x95,0x93,0x90,0x8f,0x95,0x1a,0xa4,0x91,0xa4,0x2e,0x95,0x8e,0x8f,0x90,0x90,0x8c,0xe3,0xa1,0x9f,0xaa,0xaa,0xa1,0x9f,0xbf,0xd2,0xd0,0xa9,0x89,0x89,0x99,0x09,0x61,0x26,0x10,0x01,0x04,0x00,0x00,0x00,0x00,0x00,0x00,0x00,0x00,0x00,0x00,0x00,0x00,0x00,0x00,0x00,0x00,0x00,0x00,0x00,0x00,0x00,0x00,0x00,0x00,0x00,0x00,0x00,0x00,0x00,0x00,0x00,0x00,
    0x00,0x00,0x00,0x00,0x00,0x00,0x00,0x00,0x00,0x00,0x00,0x00,0x00,0x00,0x00,0x00,0x00,0x00,0x00,0x00,0x00,0x00,0x00,0x00,0x00,0x00,0x00,0x00,0x00,0x00,0x00,0x00,0x00,0x00,0x00,0x00,0x03,0x00,0x02,0x84,0x59,0x31,0x31,0x31,0x26,0x31,0xe1,0xaa,0x9f,0xaa,0x9f,0xa1,0x52,0x43,0xe1,0xe9,0x53,0x8f,0x8a,0x94,0x93,0x94,0x8e,0x97,0x8a,0x8e,0x97,0x88,0x8a,0x8a,0x93,0xa7,0xc1,0x9a,0xdf,0x8c,0x97,0x8f,0x90,0x90,0x90,0x8c,0xc1,0xc0,0x1f,0x95,0x90,0x8f,0x97,0x93,0x8e,0x8f,0x8f,0xc5,0xbf,0xb6,0xeb,0xe1,0xa1,0xa1,0x16,0xd1,0xca,0x63,0x63,0x55,0x4f,0x5a,0x13,0x00,0x01,0x00,0x00,0x00,0x00,0x00,0x00,0x00,0x00,0x00,0x00,0x00,0x00,0x00,0x00,0x00,0x00,0x00,0x00,0x00,0x00,0x00,0x00,0x00,0x00,0x00,0x00,0x00,0x00,0x00,0x00,0x00,0x00,0x00,
    0x00,0x00,0x00,0x00,0x00,0x00,0x00,0x00,0x00,0x00,0x00,0x00,0x00,0x00,0x00,0x00,0x00,0x00,0x00,0x00,0x00,0x00,0x00,0x00,0x00,0x00,0x00,0x00,0x00,0x00,0x00,0x00,0x00,0x00,0x00,0x00,0x00,0x01,0x00,0x00,0x00,0x15,0x15,0x10,0x15,0x59,0x5d,0xb6,0xa1,0x9f,0x9f,0xaa,0x52,0xae,0x16,0xc6,0x8e,0x8f,0x8f,0x90,0x90,0x90,0x8f,0x88,0x88,0x8a,0x93,0x94,0x8a,0x88,0x8a,0x94,0x8c,0xc9,0x94,0x8f,0x8e,0x8e,0x88,0x8f,0x93,0x90,0x93,0x8e,0x90,0x8a,0x8e,0x8a,0x97,0x8e,0x8a,0x8e,0x8c,0xe3,0x9f,0xaa,0x5d,0x53,0xcf,0xa1,0xc6,0xe7,0xab,0x5b,0x4e,0x3b,0x2a,0x07,0x00,0x04,0x00,0x00,0x00,0x00,0x00,0x00,0x00,0x00,0x00,0x00,0x00,0x00,0x00,0x00,0x00,0x00,0x00,0x00,0x00,0x00,0x00,0x00,0x00,0x00,0x00,0x00,0x00,0x00,0x00,0x00,0x00,0x00,0x00,0x00,
    0x00,0x00,0x00,0x00,0x00,0x00,0x00,0x00,0x00,0x00,0x00,0x00,0x00,0x00,0x00,0x00,0x00,0x00,0x00,0x00,0x00,0x00,0x00,0x00,0x00,0x00,0x00,0x00,0x00,0x00,0x00,0x00,0x00,0x00,0x00,0x00,0x00,0x00,0x00,0x03,0x00,0x00,0x00,0x00,0x00,0x41,0x31,0xc5,0xaa,0xa1,0xa1,0xaa,0x16,0x81,0xd2,0x16,0x8f,0x88,0x8e,0x8e,0x90,0x8f,0x8e,0x8a,0x88,0x88,0x88,0x97,0x8e,0x8a,0x88,0x8a,0xa3,0x90,0x8c,0x8f,0x94,0x8a,0x8a,0x93,0x90,0x93,0x8a,0x88,0xa3,0x88,0x8a,0x8e,0x97,0x8a,0x88,0x93,0x8f,0x95,0x53,0x9f,0x83,0x31,0xd2,0xbf,0xa1,0xf5,0x29,0x58,0x2b,0x00,0x00,0x00,0x01,0x00,0x00,0x00,0x00,0x00,0x00,0x00,0x00,0x00,0x00,0x00,0x00,0x00,0x00,0x00,0x00,0x00,0x00,0x00,0x00,0x00,0x00,0x00,0x00,0x00,0x00,0x00,0x00,0x00,0x00,0x00,0x00,0x00,0x00,0x00,
    0x00,0x00,0x00,0x00,0x00,0x00,0x00,0x00,0x00,0x00,0x00,0x00,0x00,0x00,0x00,0x00,0x00,0x00,0x00,0x00,0x00,0x00,0x00,0x00,0x00,0x00,0x00,0x00,0x00,0x00,0x00,0x00,0x00,0x00,0x00,0x00,0x00,0x00,0x00,0x00,0x00,0x01,0x01,0x01,0x04,0x00,0x69,0x79,0x16,0xc5,0xc6,0x16,0x5e,0x31,0x69,0xeb,0x97,0x8a,0x88,0x93,0x94,0x8a,0x88,0x88,0x88,0x88,0x88,0x8e,0x97,0x8e,0x8a,0x8a,0x8a,0x97,0x93,0x8f,0x8e,0x88,0x8a,0x94,0x93,0x94,0x8a,0x88,0x88,0x8a,0x8e,0x8f,0x8e,0x88,0x88,0x93,0x8f,0x97,0x8f,0xf9,0x79,0x79,0x69,0x69,0xa1,0x9f,0x81,0x75,0x13,0x05,0x04,0x00,0x00,0x00,0x00,0x00,0x00,0x00,0x00,0x00,0x00,0x00,0x00,0x00,0x00,0x00,0x00,0x00,0x00,0x00,0x00,0x00,0x00,0x00,0x00,0x00,0x00,0x00,0x00,0x00,0x00,0x00,0x00,0x00,0x00,0x00,0x00,0x00,
    0x00,0x00,0x00,0x00,0x00,0x00,0x00,0x00,0x00,0x00,0x00,0x00,0x00,0x00,0x00,0x00,0x00,0x00,0x00,0x00,0x00,0x00,0x00,0x00,0x00,0x00,0x00,0x00,0x00,0x00,0x00,0x00,0x00,0x00,0x00,0x00,0x00,0x00,0x00,0x00,0x00,0x00,0x00,0x00,0x00,0x13,0x87,0x79,0x85,0x83,0x31,0x59,0x84,0x59,0x53,0xa3,0x06,0x8a,0x93,0x93,0x8a,0x88,0x88,0x88,0x88,0x88,0x88,0x8a,0x88,0x94,0x94,0x94,0x94,0x90,0x97,0x8e,0x8a,0x88,0x8a,0x93,0xbe,0xa7,0x97,0x8a,0x8e,0x93,0x97,0x8e,0x8a,0x88,0x88,0x8a,0x8a,0x97,0x90,0xa7,0xff,0x79,0x85,0x5d,0xc6,0xe1,0x5e,0x6e,0x12,0x00,0x00,0x00,0x00,0x00,0x00,0x00,0x00,0x00,0x00,0x00,0x00,0x00,0x00,0x00,0x00,0x00,0x00,0x00,0x00,0x00,0x00,0x00,0x00,0x00,0x00,0x00,0x00,0x00,0x00,0x00,0x00,0x00,0x00,0x00,0x00,0x00,0x00,0x00,
    0x00,0x00,0x00,0x00,0x00,0x00,0x00,0x00,0x00,0x00,0x00,0x00,0x00,0x00,0x00,0x00,0x00,0x00,0x00,0x00,0x00,0x00,0x00,0x00,0x00,0x00,0x00,0x00,0x00,0x00,0x00,0x00,0x00,0x00,0x00,0x00,0x00,0x00,0x00,0x00,0x00,0x00,0x00,0x00,0x04,0x00,0x12,0x86,0x38,0x38,0x41,0x20,0x00,0x13,0x11,0x94,0x06,0x94,0x8f,0x88,0x88,0x88,0x88,0x88,0x88,0x88,0x88,0x88,0x88,0x8a,0x8e,0x93,0x97,0x90,0x97,0x8a,0x88,0x88,0x8a,0x94,0xa3,0x88,0x93,0x97,0x97,0x94,0x88,0x8a,0x88,0x88,0x88,0x88,0x88,0x8e,0x8f,0xdc,0x82,0x85,0x69,0x5d,0x69,0x31,0x74,0x13,0x00,0x01,0x00,0x00,0x00,0x00,0x00,0x00,0x00,0x00,0x00,0x00,0x00,0x00,0x00,0x00,0x00,0x00,0x00,0x00,0x00,0x00,0x00,0x00,0x00,0x00,0x00,0x00,0x00,0x00,0x00,0x00,0x00,0x00,0x00,0x00,0x00,0x00,0x00,0x00,
    0x00,0x00,0x00,0x00,0x00,0x00,0x00,0x00,0x00,0x00,0x00,0x00,0x00,0x00,0x00,0x00,0x00,0x00,0x00,0x00,0x00,0x00,0x00,0x00,0x00,0x00,0x00,0x00,0x00,0x00,0x00,0x00,0x00,0x00,0x00,0x00,0x00,0x00,0x00,0x00,0x00,0x00,0x00,0x00,0x00,0x00,0x00,0x00,0x00,0x00,0x00,0x00,0x02,0x10,0x39,0x94,0x1c,0x90,0x94,0x88,0x88,0x88,0x88,0x88,0x88,0x88,0x88,0x88,0x88,0x88,0x8a,0x8a,0x8a,0x8e,0x8f,0x8e,0x88,0x88,0x8a,0x8e,0x90,0x8e,0x8a,0x88,0x88,0x8a,0x88,0x88,0x88,0x88,0x88,0x88,0x88,0x8a,0x93,0x8e,0xa3,0x5e,0x31,0x5e,0x59,0x84,0x00,0x01,0x00,0x00,0x00,0x00,0x00,0x00,0x00,0x00,0x00,0x00,0x00,0x00,0x00,0x00,0x00,0x00,0x00,0x00,0x00,0x00,0x00,0x00,0x00,0x00,0x00,0x00,0x00,0x00,0x00,0x00,0x00,0x00,0x00,0x00,0x00,0x00,0x00,0x00,0x00,0x00,
    0x00,0x00,0x00,0x00,0x00,0x00,0x00,0x00,0x00,0x00,0x00,0x00,0x00,0x00,0x00,0x00,0x00,0x00,0x00,0x00,0x00,0x00,0x00,0x00,0x00,0x00,0x00,0x00,0x00,0x00,0x00,0x00,0x00,0x00,0x00,0x00,0x00,0x00,0x00,0x00,0x00,0x00,0x00,0x00,0x00,0x00,0x00,0x05,0x07,0x03,0x03,0x02,0x01,0x0e,0x34,0x08,0x1c,0x97,0x8a,0x88,0x88,0x88,0x88,0x88,0x88,0x88,0x88,0x88,0x88,0x88,0x88,0x88,0x88,0x88,0x8f,0x8e,0x88,0x88,0x88,0x8e,0x90,0x8e,0x88,0x88,0x88,0x88,0x88,0x88,0x88,0x88,0x88,0x88,0x88,0x88,0x8e,0x08,0x94,0x18,0x00,0x74,0x10,0x00,0x02,0x00,0x00,0x00,0x00,0x00,0x00,0x00,0x00,0x00,0x00,0x00,0x00,0x00,0x00,0x00,0x00,0x00,0x00,0x00,0x00,0x00,0x00,0x00,0x00,0x00,0x00,0x00,0x00,0x00,0x00,0x00,0x00,0x00,0x00,0x00,0x00,0x00,0x00,0x00,0x00,0x00,
    0x00,0x00,0x00,0x00,0x00,0x00,0x00,0x00,0x00,0x00,0x00,0x00,0x00,0x00,0x00,0x00,0x00,0x00,0x00,0x00,0x00,0x00,0x00,0x00,0x00,0x00,0x00,0x00,0x00,0x00,0x00,0x00,0x00,0x00,0x00,0x00,0x00,0x00,0x00,0x00,0x00,0x00,0x00,0x00,0x00,0x00,0x00,0x00,0x00,0x00,0x00,0x01,0x01,0x13,0x44,0x88,0x8e,0x8e,0x88,0x88,0x88,0x88,0x88,0x88,0x88,0x88,0x88,0x88,0x88,0x88,0x88,0x88,0x88,0x8e,0x8f,0x88,0x88,0x88,0x88,0x8e,0x94,0x8e,0x8e,0x88,0x88,0x88,0x88,0x88,0x88,0x88,0x88,0x88,0x88,0x88,0x88,0x08,0x06,0x1d,0x23,0x00,0x00,0x04,0x00,0x00,0x00,0x00,0x00,0x00,0x00,0x00,0x00,0x00,0x00,0x00,0x00,0x00,0x00,0x00,0x00,0x00,0x00,0x00,0x00,0x00,0x00,0x00,0x00,0x00,0x00,0x00,0x00,0x00,0x00,0x00,0x00,0x00,0x00,0x00,0x00,0x00,0x00,0x00,0x00,0x00,
    0x00,0x00,0x00,0x00,0x00,0x00,0x00,0x00,0x00,0x00,0x00,0x00,0x00,0x00,0x00,0x00,0x00,0x00,0x00,0x00,0x00,0x00,0x00,0x00,0x00,0x00,0x00,0x00,0x00,0x00,0x00,0x00,0x00,0x00,0x00,0x00,0x00,0x00,0x00,0x00,0x00,0x00,0x00,0x00,0x00,0x00,0x00,0x00,0x00,0x00,0x00,0x01,0x00,0x20,0x3a,0x8a,0x06,0x88,0x88,0x88,0x88,0x88,0x88,0x88,0x88,0x88,0x88,0x88,0x88,0x88,0x88,0x88,0x8a,0x93,0x94,0x8a,0x88,0x88,0x8a,0x94,0xa7,0xd4,0x97,0x8a,0x88,0x88,0x88,0x88,0x88,0x88,0x88,0x88,0x88,0x88,0x88,0x06,0x8a,0x34,0x18,0x02,0x02,0x00,0x00,0x00,0x00,0x00,0x00,0x00,0x00,0x00,0x00,0x00,0x00,0x00,0x00,0x00,0x00,0x00,0x00,0x00,0x00,0x00,0x00,0x00,0x00,0x00,0x00,0x00,0x00,0x00,0x00,0x00,0x00,0x00,0x00,0x00,0x00,0x00,0x00,0x00,0x00,0x00,0x00,0x00,
    0x00,0x00,0x00,0x00,0x00,0x00,0x00,0x00,0x00,0x00,0x00,0x00,0x00,0x00,0x00,0x00,0x00,0x00,0x00,0x00,0x00,0x00,0x00,0x00,0x00,0x00,0x00,0x00,0x00,0x00,0x00,0x00,0x00,0x00,0x00,0x00,0x00,0x00,0x00,0x00,0x00,0x00,0x00,0x00,0x00,0x00,0x00,0x00,0x00,0x00,0x00,0x01,0x00,0x20,0x3a,0xa3,0x06,0x88,0x88,0x88,0x88,0x88,0x88,0x88,0x88,0x88,0x88,0x88,0x88,0x88,0x88,0x88,0x8a,0x97,0x88,0x88,0x88,0x88,0x8a,0x93,0xa7,0xe0,0x8f,0x8a,0x88,0x88,0x88,0x88,0x88,0x88,0x88,0x88,0x88,0x88,0x88,0x06,0x8a,0x28,0x1e,0x00,0x03,0x00,0x00,0x00,0x00,0x00,0x00,0x00,0x00,0x00,0x00,0x00,0x00,0x00,0x00,0x00,0x00,0x00,0x00,0x00,0x00,0x00,0x00,0x00,0x00,0x00,0x00,0x00,0x00,0x00,0x00,0x00,0x00,0x00,0x00,0x00,0x00,0x00,0x00,0x00,0x00,0x00,0x00,0x00,
    0x00,0x00,0x00,0x00,0x00,0x00,0x00,0x00,0x00,0x00,0x00,0x00,0x00,0x00,0x00,0x00,0x00,0x00,0x00,0x00,0x00,0x00,0x00,0x00,0x00,0x00,0x00,0x00,0x00,0x00,0x00,0x00,0x00,0x00,0x00,0x00,0x00,0x00,0x00,0x00,0x00,0x00,0x00,0x00,0x00,0x00,0x00,0x00,0x00,0x00,0x00,0x00,0x02,0x03,0x2d,0x06,0x08,0x88,0x88,0x88,0x88,0x88,0x88,0x88,0x88,0x88,0x88,0x88,0x88,0x88,0x88,0x8a,0x94,0x94,0x8a,0x88,0x88,0x88,0x8a,0x8f,0xc2,0xf4,0x8f,0x8a,0x88,0x88,0x88,0x88,0x88,0x88,0x88,0x88,0x88,0x88,0x88,0x06,0x06,0x44,0x60,0x00,0x02,0x00,0x00,0x00,0x00,0x00,0x00,0x00,0x00,0x00,0x00,0x00,0x00,0x00,0x00,0x00,0x00,0x00,0x00,0x00,0x00,0x00,0x00,0x00,0x00,0x00,0x00,0x00,0x00,0x00,0x00,0x00,0x00,0x00,0x00,0x00,0x00,0x00,0x00,0x00,0x00,0x00,0x00,0x00,
    0x00,0x00,0x00,0x00,0x00,0x00,0x00,0x00,0x00,0x00,0x00,0x00,0x00,0x00,0x00,0x00,0x00,0x00,0x00,0x00,0x00,0x00,0x00,0x00,0x00,0x00,0x00,0x00,0x00,0x00,0x00,0x00,0x00,0x00,0x00,0x00,0x00,0x00,0x00,0x00,0x00,0x00,0x00,0x00,0x00,0x00,0x00,0x00,0x00,0x00,0x00,0x00,0x02,0x00,0x18,0x93,0x08,0x88,0x88,0x88,0x88,0x88,0x88,0x88,0x88,0x88,0x88,0x88,0x88,0x88,0x8a,0x8e,0x8e,0x88,0x88,0x88,0x88,0x88,0x8a,0x8f,0xd7,0xf4,0x97,0x8e,0x8a,0x88,0x88,0x88,0x88,0x88,0x88,0x88,0x88,0x88,0x88,0x08,0x8e,0x17,0x20,0x02,0x01,0x00,0x00,0x00,0x00,0x00,0x00,0x00,0x00,0x00,0x00,0x00,0x00,0x00,0x00,0x00,0x00,0x00,0x00,0x00,0x00,0x00,0x00,0x00,0x00,0x00,0x00,0x00,0x00,0x00,0x00,0x00,0x00,0x00,0x00,0x00,0x00,0x00,0x00,0x00,0x00,0x00,0x00,0x00,
    0x00,0x00,0x00,0x00,0x00,0x00,0x00,0x00,0x00,0x00,0x00,0x00,0x00,0x00,0x00,0x00,0x00,0x00,0x00,0x00,0x00,0x00,0x00,0x00,0x00,0x00,0x00,0x00,0x00,0x00,0x00,0x00,0x00,0x00,0x00,0x00,0x00,0x00,0x00,0x00,0x00,0x00,0x00,0x00,0x00,0x00,0x00,0x00,0x00,0x00,0x00,0x00,0x01,0x00,0x0a,0x44,0x06,0x06,0x88,0x88,0x88,0x88,0x88,0x88,0x88,0x88,0x88,0x88,0x88,0x88,0x8e,0xa3,0x1f,0x94,0x8a,0x88,0x88,0x88,0x88,0x8e,0x9d,0xbe,0x90,0x97,0x8e,0x88,0x88,0x88,0x88,0x88,0x88,0x88,0x88,0x88,0x88,0x08,0x88,0x0e,0x00,0x02,0x00,0x00,0x00,0x00,0x00,0x00,0x00,0x00,0x00,0x00,0x00,0x00,0x00,0x00,0x00,0x00,0x00,0x00,0x00,0x00,0x00,0x00,0x00,0x00,0x00,0x00,0x00,0x00,0x00,0x00,0x00,0x00,0x00,0x00,0x00,0x00,0x00,0x00,0x00,0x00,0x00,0x00,0x00,0x00,
    0x00,0x00,0x00,0x00,0x00,0x00,0x00,0x00,0x00,0x00,0x00,0x00,0x00,0x00,0x00,0x00,0x00,0x00,0x00,0x00,0x00,0x00,0x00,0x00,0x00,0x00,0x00,0x00,0x00,0x00,0x00,0x00,0x00,0x00,0x00,0x00,0x00,0x00,0x00,0x00,0x00,0x00,0x00,0x00,0x00,0x00,0x00,0x00,0x00,0x00,0x00,0x01,0x00,0x20,0x17,0x77,0x93,0x8e,0x88,0x88,0x88,0x88,0x88,0x88,0x88,0x88,0x88,0x88,0x88,0x8a,0x8e,0x88,0xd4,0x88,0x8a,0x88,0x88,0x88,0x88,0x88,0x8e,0x8e,0x8e,0x8e,0x97,0x8a,0x8a,0x88,0x88,0x88,0x88,0x88,0x88,0x88,0x08,0x06,0x1d,0x23,0x02,0x03,0x00,0x00,0x00,0x00,0x00,0x00,0x00,0x00,0x00,0x00,0x00,0x00,0x00,0x00,0x00,0x00,0x00,0x00,0x00,0x00,0x00,0x00,0x00,0x00,0x00,0x00,0x00,0x00,0x00,0x00,0x00,0x00,0x00,0x00,0x00,0x00,0x00,0x00,0x00,0x00,0x00,0x00,0x00,0x00,
    0x00,0x00,0x00,0x00,0x00,0x00,0x00,0x00,0x00,0x00,0x00,0x00,0x00,0x00,0x00,0x00,0x00,0x00,0x00,0x00,0x00,0x00,0x00,0x00,0x00,0x00,0x00,0x00,0x00,0x00,0x00,0x00,0x00,0x00,0x00,0x00,0x00,0x00,0x00,0x00,0x00,0x00,0x00,0x00,0x00,0x00,0x00,0x00,0x00,0x00,0x00,0x00,0x02,0x00,0x17,0x8e,0x1c,0x97,0x8a,0x88,0x88,0x88,0x88,0x88,0x88,0x88,0x88,0x88,0x8a,0x8e,0x93,0x8e,0x8e,0x8a,0x88,0x88,0x88,0x88,0x88,0x88,0x88,0x8e,0x88,0x8a,0x94,0x97,0x8e,0x8a,0x8a,0x88,0x88,0x8e,0x06,0x08,0x06,0x08,0x0e,0x00,0x02,0x00,0x00,0x00,0x00,0x00,0x00,0x00,0x00,0x00,0x00,0x00,0x00,0x00,0x00,0x00,0x00,0x00,0x00,0x00,0x00,0x00,0x00,0x00,0x00,0x00,0x00,0x00,0x00,0x00,0x00,0x00,0x00,0x00,0x00,0x00,0x00,0x00,0x00,0x00,0x00,0x00,0x00,0x00,0x00,0x00,
    0x00,0x00,0x00,0x00,0x00,0x00,0x00,0x00,0x00,0x00,0x00,0x00,0x00,0x00,0x00,0x00,0x00,0x00,0x00,0x00,0x00,0x00,0x00,0x00,0x00,0x00,0x00,0x00,0x00,0x00,0x00,0x00,0x00,0x00,0x00,0x00,0x00,0x00,0x00,0x00,0x00,0x00,0x00,0x00,0x00,0x00,0x00,0x00,0x00,0x00,0x00,0x03,0x00,0x11,0x28,0x06,0x08,0x97,0x93,0x8a,0x8a,0x88,0x88,0x88,0x88,0x88,0x8a,0x8a,0x8e,0x97,0x8e,0x8a,0x88,0x88,0x88,0x88,0x88,0x88,0x88,0x88,0x88,0x88,0x88,0x88,0x8a,0x8e,0x97,0x93,0x8e,0x88,0x8e,0x94,0x94,0x8e,0x08,0x21,0x10,0x03,0x01,0x00,0x00,0x00,0x00,0x00,0x00,0x00,0x00,0x00,0x00,0x00,0x00,0x00,0x00,0x00,0x00,0x00,0x00,0x00,0x00,0x00,0x00,0x00,0x00,0x00,0x00,0x00,0x00,0x00,0x00,0x00,0x00,0x00,0x00,0x00,0x00,0x00,0x00,0x00,0x00,0x00,0x00,0x00,0x00,0x00,
    0x00,0x00,0x00,0x00,0x00,0x00,0x00,0x00,0x00,0x00,0x00,0x00,0x00,0x00,0x00,0x00,0x00,0x00,0x00,0x00,0x00,0x00,0x00,0x00,0x00,0x00,0x00,0x00,0x00,0x00,0x00,0x00,0x00,0x00,0x00,0x00,0x00,0x00,0x00,0x00,0x00,0x00,0x00,0x00,0x00,0x00,0x00,0x00,0x00,0x00,0x01,0x01,0x20,0x21,0x9d,0x08,0x88,0x8a,0x94,0x8f,0x94,0x88,0x88,0x88,0x8a,0x88,0x94,0x97,0x97,0x88,0x88,0x88,0x88,0x88,0x88,0x88,0x88,0x88,0x88,0x88,0x88,0x88,0x88,0x88,0x88,0x8a,0x8a,0x94,0x93,0x97,0x93,0x8f,0x1d,0x1e,0x23,0x0a,0x00,0x01,0x00,0x00,0x00,0x00,0x00,0x00,0x00,0x00,0x00,0x00,0x00,0x00,0x00,0x00,0x00,0x00,0x00,0x00,0x00,0x00,0x00,0x00,0x00,0x00,0x00,0x00,0x00,0x00,0x00,0x00,0x00,0x00,0x00,0x00,0x00,0x00,0x00,0x00,0x00,0x00,0x00,0x00,0x00,0x00,0x00,0x00,
    0x00,0x00,0x00,0x00,0x00,0x00,0x00,0x00,0x00,0x00,0x00,0x00,0x00,0x00,0x00,0x00,0x00,0x00,0x00,0x00,0x00,0x00,0x00,0x00,0x00,0x00,0x00,0x00,0x00,0x00,0x00,0x00,0x00,0x00,0x00,0x00,0x00,0x00,0x00,0x00,0x00,0x00,0x00,0x00,0x00,0x00,0x00,0x00,0x00,0x00,0x00,0x02,0x02,0x18,0xa3,0x08,0x88,0x88,0x8a,0x8e,0x97,0x8f,0x97,0x97,0x97,0x97,0x93,0x8e,0x8a,0x88,0x88,0x88,0x88,0x88,0x88,0x88,0x88,0x88,0x88,0x88,0x88,0x88,0x88,0x88,0x88,0x88,0x88,0x8a,0x8a,0x88,0x08,0x94,0x0e,0x00,0x00,0x00,0x01,0x00,0x00,0x00,0x00,0x00,0x00,0x00,0x00,0x00,0x00,0x00,0x00,0x00,0x00,0x00,0x00,0x00,0x00,0x00,0x00,0x00,0x00,0x00,0x00,0x00,0x00,0x00,0x00,0x00,0x00,0x00,0x00,0x00,0x00,0x00,0x00,0x00,0x00,0x00,0x00,0x00,0x00,0x00,0x00,0x00,0x00,0x00,
    0x00,0x00,0x00,0x00,0x00,0x00,0x00,0x00,0x00,0x00,0x00,0x00,0x00,0x00,0x00,0x00,0x00,0x00,0x00,0x00,0x00,0x00,0x00,0x00,0x00,0x00,0x00,0x00,0x00,0x00,0x00,0x00,0x00,0x00,0x00,0x00,0x00,0x00,0x00,0x00,0x00,0x00,0x00,0x00,0x00,0x00,0x00,0x00,0x00,0x00,0x00,0x02,0x00,0x21,0x8e,0x08,0x88,0x88,0x88,0x8a,0x88,0x8e,0x8e,0x8e,0x8e,0x8e,0x8a,0x88,0x88,0x88,0x88,0x88,0x88,0x88,0x88,0x88,0x88,0x88,0x88,0x88,0x88,0x88,0x88,0x88,0x88,0x88,0x88,0x88,0x88,0x88,0x08,0x88,0x21,0x01,0x13,0x01,0x00,0x00,0x00,0x00,0x00,0x00,0x00,0x00,0x00,0x00,0x00,0x00,0x00,0x00,0x00,0x00,0x00,0x00,0x00,0x00,0x00,0x00,0x00,0x00,0x00,0x00,0x00,0x00,0x00,0x00,0x00,0x00,0x00,0x00,0x00,0x00,0x00,0x00,0x00,0x00,0x00,0x00,0x00,0x00,0x00,0x00,0x00,0x00,
    0x00,0x00,0x00,0x00,0x00,0x00,0x00,0x00,0x00,0x00,0x00,0x00,0x00,0x00,0x00,0x00,0x00,0x00,0x00,0x00,0x00,0x00,0x00,0x00,0x00,0x00,0x00,0x00,0x00,0x00,0x00,0x00,0x00,0x00,0x00,0x00,0x00,0x00,0x00,0x00,0x00,0x00,0x00,0x00,0x00,0x00,0x00,0x00,0x00,0x00,0x02,0x03,0x18,0x44,0x08,0x06,0x88,0x88,0x88,0x88,0x88,0x88,0x88,0x88,0x88,0x88,0x88,0x88,0x88,0x88,0x88,0x88,0x88,0x88,0x88,0x88,0x88,0x88,0x88,0x88,0x88,0x88,0x88,0x88,0x88,0x88,0x88,0x88,0x88,0x88,0x06,0x06,0x44,0x10,0x02,0x01,0x00,0x00,0x00,0x00,0x00,0x00,0x00,0x00,0x00,0x00,0x00,0x00,0x00,0x00,0x00,0x00,0x00,0x00,0x00,0x00,0x00,0x00,0x00,0x00,0x00,0x00,0x00,0x00,0x00,0x00,0x00,0x00,0x00,0x00,0x00,0x00,0x00,0x00,0x00,0x00,0x00,0x00,0x00,0x00,0x00,0x00,0x00,0x00,
    0x00,0x00,0x00,0x00,0x00,0x00,0x00,0x00,0x00,0x00,0x00,0x00,0x00,0x00,0x00,0x00,0x00,0x00,0x00,0x00,0x00,0x00,0x00,0x00,0x00,0x00,0x00,0x00,0x00,0x00,0x00,0x00,0x00,0x00,0x00,0x00,0x00,0x00,0x00,0x00,0x00,0x00,0x00,0x00,0x00,0x00,0x00,0x00,0x00,0x00,0x01,0x13,0x21,0x08,0x06,0x88,0x88,0x88,0x88,0x88,0x88,0x88,0x88,0x88,0x88,0x88,0x88,0x88,0x88,0x88,0x88,0x88,0x88,0x88,0x88,0x88,0x88,0x88,0x88,0x88,0x88,0x88,0x88,0x88,0x88,0x88,0x88,0x88,0x88,0x88,0x88,0x08,0x94,0x1e,0x00,0x13,0x00,0x00,0x00,0x00,0x00,0x00,0x00,0x00,0x00,0x00,0x00,0x00,0x00,0x00,0x00,0x00,0x00,0x00,0x00,0x00,0x00,0x00,0x00,0x00,0x00,0x00,0x00,0x00,0x00,0x00,0x00,0x00,0x00,0x00,0x00,0x00,0x00,0x00,0x00,0x00,0x00,0x00,0x00,0x00,0x00,0x00,0x00,0x00,
    0x00,0x00,0x00,0x00,0x00,0x00,0x00,0x00,0x00,0x00,0x00,0x00,0x00,0x00,0x00,0x00,0x00,0x00,0x00,0x00,0x00,0x00,0x00,0x00,0x00,0x00,0x00,0x00,0x00,0x00,0x00,0x00,0x00,0x00,0x00,0x00,0x00,0x00,0x00,0x00,0x00,0x00,0x00,0x00,0x00,0x00,0x00,0x00,0x00,0x00,0x02,0x00,0x21,0x8e,0x08,0x88,0x88,0x88,0x88,0x88,0x88,0x88,0x88,0x88,0x88,0x88,0x88,0x88,0x88,0x88,0x88,0x88,0x88,0x88,0x88,0x88,0x88,0x88,0x88,0x88,0x88,0x88,0x88,0x88,0x88,0x88,0x88,0x88,0x88,0x88,0x88,0x06,0x06,0x34,0x18,0x00,0x01,0x00,0x00,0x00,0x00,0x00,0x00,0x00,0x00,0x00,0x00,0x00,0x00,0x00,0x00,0x00,0x00,0x00,0x00,0x00,0x00,0x00,0x00,0x00,0x00,0x00,0x00,0x00,0x00,0x00,0x00,0x00,0x00,0x00,0x00,0x00,0x00,0x00,0x00,0x00,0x00,0x00,0x00,0x00,0x00,0x00,0x00,0x00,
    0x00,0x00,0x00,0x00,0x00,0x00,0x00,0x00,0x00,0x00,0x00,0x00,0x00,0x00,0x00,0x00,0x00,0x00,0x00,0x00,0x00,0x00,0x00,0x00,0x00,0x00,0x00,0x00,0x00,0x00,0x00,0x00,0x00,0x00,0x00,0x00,0x00,0x00,0x00,0x00,0x00,0x00,0x00,0x00,0x00,0x00,0x00,0x00,0x00,0x00,0x03,0x13,0x1d,0x8e,0x08,0x88,0x88,0x88,0x88,0x88,0x88,0x88,0x88,0x88,0x88,0x88,0x88,0x88,0x88,0x88,0x88,0x88,0x88,0x88,0x88,0x88,0x88,0x88,0x88,0x88,0x88,0x88,0x88,0x88,0x88,0x88,0x88,0x88,0x88,0x88,0x88,0x88,0x06,0x8a,0x1d,0x13,0x00,0x00,0x00,0x00,0x00,0x00,0x00,0x00,0x00,0x00,0x00,0x00,0x00,0x00,0x00,0x00,0x00,0x00,0x00,0x00,0x00,0x00,0x00,0x00,0x00,0x00,0x00,0x00,0x00,0x00,0x00,0x00,0x00,0x00,0x00,0x00,0x00,0x00,0x00,0x00,0x00,0x00,0x00,0x00,0x00,0x00,0x00,0x00,
    0x00,0x00,0x00,0x00,0x00,0x00,0x00,0x00,0x00,0x00,0x00,0x00,0x00,0x00,0x00,0x00,0x00,0x00,0x00,0x00,0x00,0x00,0x00,0x00,0x00,0x00,0x00,0x00,0x00,0x00,0x00,0x00,0x00,0x00,0x00,0x00,0x00,0x00,0x00,0x00,0x00,0x00,0x00,0x00,0x00,0x00,0x00,0x00,0x00,0x03,0x00,0x23,0x77,0x08,0x06,0x88,0x88,0x88,0x88,0x88,0x88,0x88,0x88,0x88,0x88,0x88,0x88,0x88,0x88,0x88,0x88,0x88,0x88,0x88,0x88,0x88,0x88,0x88,0x88,0x88,0x88,0x88,0x88,0x88,0x88,0x88,0x88,0x88,0x88,0x88,0x88,0x88,0x06,0x08,0x34,0x18,0x00,0x02,0x00,0x00,0x00,0x00,0x00,0x00,0x00,0x00,0x00,0x00,0x00,0x00,0x00,0x00,0x00,0x00,0x00,0x00,0x00,0x00,0x00,0x00,0x00,0x00,0x00,0x00,0x00,0x00,0x00,0x00,0x00,0x00,0x00,0x00,0x00,0x00,0x00,0x00,0x00,0x00,0x00,0x00,0x00,0x00,0x00,0x00,
    0x00,0x00,0x00,0x00,0x00,0x00,0x00,0x00,0x00,0x00,0x00,0x00,0x00,0x00,0x00,0x00,0x00,0x00,0x00,0x00,0x00,0x00,0x00,0x00,0x00,0x00,0x00,0x00,0x00,0x00,0x00,0x00,0x00,0x00,0x00,0x00,0x00,0x00,0x00,0x00,0x00,0x00,0x00,0x00,0x00,0x00,0x00,0x00,0x00,0x02,0x00,0x0e,0x93,0x08,0x88,0x88,0x88,0x88,0x88,0x88,0x88,0x88,0x88,0x88,0x88,0x88,0x88,0x88,0x88,0x88,0x88,0x88,0x88,0x88,0x88,0x88,0x88,0x88,0x88,0x88,0x88,0x88,0x88,0x88,0x88,0x88,0x88,0x88,0x88,0x88,0x88,0x88,0x06,0x06,0x3a,0x17,0x00,0x02,0x00,0x00,0x00,0x00,0x00,0x00,0x00,0x00,0x00,0x00,0x00,0x00,0x00,0x00,0x00,0x00,0x00,0x00,0x00,0x00,0x00,0x00,0x00,0x00,0x00,0x00,0x00,0x00,0x00,0x00,0x00,0x00,0x00,0x00,0x00,0x00,0x00,0x00,0x00,0x00,0x00,0x00,0x00,0x00,0x00,0x00,
    0x00,0x00,0x00,0x00,0x00,0x00,0x00,0x00,0x00,0x00,0x00,0x00,0x00,0x00,0x00,0x00,0x00,0x00,0x00,0x00,0x00,0x00,0x00,0x00,0x00,0x00,0x00,0x00,0x00,0x00,0x00,0x00,0x00,0x00,0x00,0x00,0x00,0x00,0x00,0x00,0x00,0x00,0x00,0x00,0x00,0x00,0x00,0x00,0x00,0x02,0x00,0x0e,0x8e,0x08,0x88,0x88,0x88,0x88,0x88,0x88,0x88,0x88,0x88,0x88,0x88,0x88,0x88,0x88,0x88,0x88,0x88,0x88,0x88,0x88,0x88,0x88,0x88,0x88,0x88,0x88,0x88,0x88,0x88,0x88,0x88,0x88,0x88,0x88,0x88,0x88,0x88,0x88,0x88,0x88,0x1c,0x17,0x20,0x00,0x01,0x00,0x00,0x00,0x00,0x00,0x00,0x00,0x00,0x00,0x00,0x00,0x00,0x00,0x00,0x00,0x00,0x00,0x00,0x00,0x00,0x00,0x00,0x00,0x00,0x00,0x00,0x00,0x00,0x00,0x00,0x00,0x00,0x00,0x00,0x00,0x00,0x00,0x00,0x00,0x00,0x00,0x00,0x00,0x00,0x00,
    0x00,0x00,0x00,0x00,0x00,0x00,0x00,0x00,0x00,0x00,0x00,0x00,0x00,0x00,0x00,0x00,0x00,0x00,0x00,0x00,0x00,0x00,0x00,0x00,0x00,0x00,0x00,0x00,0x00,0x00,0x00,0x00,0x00,0x00,0x00,0x00,0x00,0x00,0x00,0x00,0x00,0x00,0x00,0x00,0x00,0x00,0x00,0x00,0x00,0x02,0x00,0x0e,0x94,0x08,0x88,0x88,0x88,0x88,0x88,0x88,0x88,0x88,0x88,0x88,0x88,0x88,0x88,0x88,0x88,0x88,0x88,0x88,0x88,0x88,0x88,0x88,0x88,0x88,0x88,0x88,0x88,0x88,0x88,0x88,0x88,0x88,0x88,0x88,0x88,0x88,0x88,0x88,0x88,0x88,0x88,0x33,0x10,0x00,0x01,0x00,0x00,0x00,0x00,0x00,0x00,0x00,0x00,0x00,0x00,0x00,0x00,0x00,0x00,0x00,0x00,0x00,0x00,0x00,0x00,0x00,0x00,0x00,0x00,0x00,0x00,0x00,0x00,0x00,0x00,0x00,0x00,0x00,0x00,0x00,0x00,0x00,0x00,0x00,0x00,0x00,0x00,0x00,0x00,0x00,
    0x00,0x00,0x00,0x00,0x00,0x00,0x00,0x00,0x00,0x00,0x00,0x00,0x00,0x00,0x00,0x00,0x00,0x00,0x00,0x00,0x00,0x00,0x00,0x00,0x00,0x00,0x00,0x00,0x00,0x00,0x00,0x00,0x00,0x00,0x00,0x00,0x00,0x00,0x00,0x00,0x00,0x00,0x00,0x00,0x00,0x00,0x00,0x00,0x00,0x03,0x00,0x23,0x1c,0x08,0x88,0x88,0x88,0x88,0x88,0x88,0x88,0x88,0x88,0x88,0x88,0x88,0x88,0x88,0x88,0x88,0x88,0x88,0x88,0x88,0x88,0x88,0x88,0x88,0x88,0x88,0x88,0x88,0x88,0x88,0x88,0x88,0x88,0x88,0x88,0x88,0x88,0x88,0x88,0x88,0x06,0x33,0x10,0x00,0x01,0x00,0x00,0x00,0x00,0x00,0x00,0x00,0x00,0x00,0x00,0x00,0x00,0x00,0x00,0x00,0x00,0x00,0x00,0x00,0x00,0x00,0x00,0x00,0x00,0x00,0x00,0x00,0x00,0x00,0x00,0x00,0x00,0x00,0x00,0x00,0x00,0x00,0x00,0x00,0x00,0x00,0x00,0x00,0x00,0x00,
    0x00,0x00,0x00,0x00,0x00,0x00,0x00,0x00,0x00,0x00,0x00,0x00,0x00,0x00,0x00,0x00,0x00,0x00,0x00,0x00,0x00,0x00,0x00,0x00,0x00,0x00,0x00,0x00,0x00,0x00,0x00,0x00,0x00,0x00,0x00,0x00,0x00,0x00,0x00,0x00,0x00,0x00,0x00,0x00,0x00,0x00,0x00,0x00,0x00,0x01,0x01,0x10,0x34,0x08,0x06,0x88,0x88,0x88,0x88,0x88,0x88,0x88,0x88,0x88,0x88,0x88,0x88,0x88,0x88,0x88,0x88,0x88,0x88,0x88,0x88,0x88,0x88,0x88,0x88,0x88,0x88,0x88,0x88,0x88,0x88,0x88,0x88,0x88,0x88,0x88,0x88,0x88,0x88,0x88,0x88,0x33,0x10,0x00,0x01,0x00,0x00,0x00,0x00,0x00,0x00,0x00,0x00,0x00,0x00,0x00,0x00,0x00,0x00,0x00,0x00,0x00,0x00,0x00,0x00,0x00,0x00,0x00,0x00,0x00,0x00,0x00,0x00,0x00,0x00,0x00,0x00,0x00,0x00,0x00,0x00,0x00,0x00,0x00,0x00,0x00,0x00,0x00,0x00,0x00,
    0x00,0x00,0x00,0x00,0x00,0x00,0x00,0x00,0x00,0x00,0x00,0x00,0x00,0x00,0x00,0x00,0x00,0x00,0x00,0x00,0x00,0x00,0x00,0x00,0x00,0x00,0x00,0x00,0x00,0x00,0x00,0x00,0x00,0x00,0x00,0x00,0x00,0x00,0x00,0x00,0x00,0x00,0x00,0x00,0x00,0x00,0x00,0x00,0x00,0x00,0x02,0x00,0x21,0xa3,0x08,0x88,0x8a,0x8a,0x8a,0x88,0x8e,0x88,0x8e,0x8e,0x8a,0x8a,0x88,0x88,0x88,0x88,0x88,0x88,0x88,0x88,0x88,0x88,0x88,0x88,0x88,0x88,0x88,0x88,0x88,0x8a,0x88,0x8a,0x88,0x88,0x88,0x88,0x88,0x88,0x88,0x88,0x08,0x39,0x20,0x00,0x01,0x00,0x00,0x00,0x00,0x00,0x00,0x00,0x00,0x00,0x00,0x00,0x00,0x00,0x00,0x00,0x00,0x00,0x00,0x00,0x00,0x00,0x00,0x00,0x00,0x00,0x00,0x00,0x00,0x00,0x00,0x00,0x00,0x00,0x00,0x00,0x00,0x00,0x00,0x00,0x00,0x00,0x00,0x00,0x00,0x00,
    0x00,0x00,0x00,0x00,0x00,0x00,0x00,0x00,0x00,0x00,0x00,0x00,0x00,0x00,0x00,0x00,0x00,0x00,0x00,0x00,0x00,0x00,0x00,0x00,0x00,0x00,0x00,0x00,0x00,0x00,0x00,0x00,0x00,0x00,0x00,0x00,0x00,0x00,0x00,0x00,0x00,0x00,0x00,0x00,0x00,0x00,0x00,0x00,0x00,0x00,0x03,0x13,0x21,0x3a,0x08,0x06,0x8e,0x97,0x97,0x8f,0x97,0x8e,0x94,0x8f,0x97,0x94,0x8a,0x8a,0x8a,0x88,0x88,0x88,0x88,0x88,0x88,0x88,0x88,0x88,0x88,0x8a,0x88,0x97,0x8f,0x94,0x97,0x8e,0x88,0x8a,0x8a,0x88,0x88,0x88,0x06,0x08,0x1c,0x21,0x01,0x02,0x00,0x00,0x00,0x00,0x00,0x00,0x00,0x00,0x00,0x00,0x00,0x00,0x00,0x00,0x00,0x00,0x00,0x00,0x00,0x00,0x00,0x00,0x00,0x00,0x00,0x00,0x00,0x00,0x00,0x00,0x00,0x00,0x00,0x00,0x00,0x00,0x00,0x00,0x00,0x00,0x00,0x00,0x00,0x00,0x00,0x00,
    0x00,0x00,0x00,0x00,0x00,0x00,0x00,0x00,0x00,0x00,0x00,0x00,0x00,0x00,0x00,0x00,0x00,0x00,0x00,0x00,0x00,0x00,0x00,0x00,0x00,0x00,0x00,0x00,0x00,0x00,0x00,0x00,0x00,0x00,0x00,0x00,0x00,0x00,0x00,0x00,0x00,0x00,0x00,0x00,0x00,0x00,0x00,0x00,0x00,0x00,0x03,0x13,0x0e,0x3a,0x8e,0x8f,0x8f,0x90,0x8c,0x90,0x97,0x97,0x97,0x90,0x8c,0x8c,0x97,0x93,0x94,0x88,0x8a,0x88,0x8a,0x8a,0x8a,0x8a,0x8a,0x8a,0x8a,0x94,0x90,0x90,0x90,0x90,0x97,0x97,0x97,0x93,0x94,0x93,0x8f,0x8e,0x08,0x97,0x17,0x10,0x02,0x01,0x00,0x00,0x00,0x00,0x00,0x00,0x00,0x00,0x00,0x00,0x00,0x00,0x00,0x00,0x00,0x00,0x00,0x00,0x00,0x00,0x00,0x00,0x00,0x00,0x00,0x00,0x00,0x00,0x00,0x00,0x00,0x00,0x00,0x00,0x00,0x00,0x00,0x00,0x00,0x00,0x00,0x00,0x00,0x00,0x00,0x00,
    0x00,0x00,0x00,0x00,0x00,0x00,0x00,0x00,0x00,0x00,0x00,0x00,0x00,0x00,0x00,0x00,0x00,0x00,0x00,0x00,0x00,0x00,0x00,0x00,0x00,0x00,0x00,0x00,0x00,0x00,0x00,0x00,0x00,0x00,0x00,0x00,0x00,0x00,0x00,0x00,0x00,0x00,0x00,0x00,0x00,0x00,0x00,0x00,0x00,0x00,0x00,0x01,0x00,0x18,0x39,0x8f,0x93,0x97,0x94,0x8e,0x88,0x88,0x88,0x8e,0x8e,0x8e,0x94,0x94,0x93,0x93,0x97,0x97,0x8f,0x97,0x94,0x94,0x94,0x93,0x8f,0x90,0x90,0x97,0x93,0x97,0x94,0x94,0x94,0x94,0x93,0x97,0x90,0x90,0x90,0x1d,0x02,0x00,0x01,0x00,0x00,0x00,0x00,0x00,0x00,0x00,0x00,0x00,0x00,0x00,0x00,0x00,0x00,0x00,0x00,0x00,0x00,0x00,0x00,0x00,0x00,0x00,0x00,0x00,0x00,0x00,0x00,0x00,0x00,0x00,0x00,0x00,0x00,0x00,0x00,0x00,0x00,0x00,0x00,0x00,0x00,0x00,0x00,0x00,0x00,0x00,
    0x00,0x00,0x00,0x00,0x00,0x00,0x00,0x00,0x00,0x00,0x00,0x00,0x00,0x00,0x00,0x00,0x00,0x00,0x00,0x00,0x00,0x00,0x00,0x00,0x00,0x00,0x00,0x00,0x00,0x00,0x00,0x00,0x00,0x00,0x00,0x00,0x00,0x00,0x00,0x00,0x00,0x00,0x00,0x00,0x00,0x00,0x00,0x00,0x00,0x00,0x00,0x03,0x01,0x10,0x2d,0x8a,0x06,0x8a,0x8a,0x88,0x88,0x88,0x88,0x88,0x8a,0x8a,0x8a,0x8a,0x8a,0x8a,0x8e,0x8e,0x94,0x94,0x94,0x94,0x94,0x94,0x94,0x8e,0x8e,0x88,0x8a,0x8a,0x8a,0x8a,0x8a,0x8a,0x8a,0x8a,0x1c,0x8f,0x39,0x20,0x01,0x03,0x00,0x00,0x00,0x00,0x00,0x00,0x00,0x00,0x00,0x00,0x00,0x00,0x00,0x00,0x00,0x00,0x00,0x00,0x00,0x00,0x00,0x00,0x00,0x00,0x00,0x00,0x00,0x00,0x00,0x00,0x00,0x00,0x00,0x00,0x00,0x00,0x00,0x00,0x00,0x00,0x00,0x00,0x00,0x00,0x00,0x00,0x00,0x00,
    0x00,0x00,0x00,0x00,0x00,0x00,0x00,0x00,0x00,0x00,0x00,0x00,0x00,0x00,0x00,0x00,0x00,0x00,0x00,0x00,0x00,0x00,0x00,0x00,0x00,0x00,0x00,0x00,0x00,0x00,0x00,0x00,0x00,0x00,0x00,0x00,0x00,0x00,0x00,0x00,0x00,0x00,0x00,0x00,0x00,0x00,0x00,0x00,0x00,0x00,0x00,0x03,0x03,0x0a,0x2d,0xa3,0x08,0x88,0x88,0x88,0x88,0x88,0x88,0x88,0x88,0x88,0x88,0x88,0x88,0x88,0x88,0x88,0x8a,0x8a,0x8a,0x8a,0x8a,0x8a,0x8a,0x88,0x88,0x88,0x88,0x88,0x88,0x88,0x88,0x88,0x88,0x88,0x08,0x88,0x18,0x00,0x02,0x00,0x00,0x00,0x00,0x00,0x00,0x00,0x00,0x00,0x00,0x00,0x00,0x00,0x00,0x00,0x00,0x00,0x00,0x00,0x00,0x00,0x00,0x00,0x00,0x00,0x00,0x00,0x00,0x00,0x00,0x00,0x00,0x00,0x00,0x00,0x00,0x00,0x00,0x00,0x00,0x00,0x00,0x00,0x00,0x00,0x00,0x00,0x00,0x00,
    0x00,0x00,0x00,0x00,0x00,0x00,0x00,0x00,0x00,0x00,0x00,0x00,0x00,0x00,0x00,0x00,0x00,0x00,0x00,0x00,0x00,0x00,0x00,0x00,0x00,0x00,0x00,0x00,0x00,0x00,0x00,0x00,0x00,0x00,0x00,0x00,0x00,0x00,0x00,0x00,0x00,0x00,0x00,0x00,0x00,0x00,0x00,0x00,0x00,0x00,0x00,0x00,0x02,0x00,0x17,0x94,0x77,0x08,0x06,0x88,0x8a,0xa3,0x8a,0x8a,0x8a,0x8a,0x88,0x88,0x88,0x88,0x8e,0x88,0x88,0x88,0x88,0x88,0x88,0x88,0x88,0x88,0x88,0x88,0x88,0x8a,0x8a,0x8a,0x8a,0x06,0x06,0x06,0x08,0x08,0x60,0x00,0x02,0x00,0x00,0x00,0x00,0x00,0x00,0x00,0x00,0x00,0x00,0x00,0x00,0x00,0x00,0x00,0x00,0x00,0x00,0x00,0x00,0x00,0x00,0x00,0x00,0x00,0x00,0x00,0x00,0x00,0x00,0x00,0x00,0x00,0x00,0x00,0x00,0x00,0x00,0x00,0x00,0x00,0x00,0x00,0x00,0x00,0x00,0x00,0x00,0x00,
    0x00,0x00,0x00,0x00,0x00,0x00,0x00,0x00,0x00,0x00,0x00,0x00,0x00,0x00,0x00,0x00,0x00,0x00,0x00,0x00,0x00,0x00,0x00,0x00,0x00,0x00,0x00,0x00,0x00,0x00,0x00,0x00,0x00,0x00,0x00,0x00,0x00,0x00,0x00,0x00,0x00,0x00,0x00,0x00,0x00,0x00,0x00,0x00,0x00,0x00,0x00,0x00,0x02,0x01,0x18,0x93,0x8a,0x8e,0x8e,0x88,0x8f,0x90,0x8f,0x97,0x93,0x8e,0x8a,0x8a,0xa3,0xa3,0x9d,0x9d,0xa3,0x06,0x06,0xa3,0x9d,0xa3,0x8a,0x8a,0x8a,0x8a,0x88,0x94,0x97,0x97,0x97,0x8e,0x8a,0x8e,0x93,0x8a,0x39,0x03,0x02,0x00,0x00,0x00,0x00,0x00,0x00,0x00,0x00,0x00,0x00,0x00,0x00,0x00,0x00,0x00,0x00,0x00,0x00,0x00,0x00,0x00,0x00,0x00,0x00,0x00,0x00,0x00,0x00,0x00,0x00,0x00,0x00,0x00,0x00,0x00,0x00,0x00,0x00,0x00,0x00,0x00,0x00,0x00,0x00,0x00,0x00,0x00,0x00,0x00,
    0x00,0x00,0x00,0x00,0x00,0x00,0x00,0x00,0x00,0x00,0x00,0x00,0x00,0x00,0x00,0x00,0x00,0x00,0x00,0x00,0x00,0x00,0x00,0x00,0x00,0x00,0x00,0x00,0x00,0x00,0x00,0x00,0x00,0x00,0x00,0x00,0x00,0x00,0x00,0x00,0x00,0x00,0x00,0x00,0x00,0x00,0x00,0x00,0x00,0x00,0x00,0x00,0x00,0x03,0x00,0x18,0x11,0x1d,0x3a,0x97,0xc2,0x5f,0x1f,0xc2,0xc9,0xa7,0xa3,0x88,0xdc,0x93,0x93,0xdc,0xdc,0xa3,0x88,0x97,0x97,0x97,0x97,0x93,0x8f,0x97,0x88,0x9d,0xc9,0xc2,0xc2,0x3a,0x28,0x14,0x1d,0x17,0x18,0x20,0x03,0x00,0x00,0x00,0x00,0x00,0x00,0x00,0x00,0x00,0x00,0x00,0x00,0x00,0x00,0x00,0x00,0x00,0x00,0x00,0x00,0x00,0x00,0x00,0x00,0x00,0x00,0x00,0x00,0x00,0x00,0x00,0x00,0x00,0x00,0x00,0x00,0x00,0x00,0x00,0x00,0x00,0x00,0x00,0x00,0x00,0x00,0x00,0x00,0x00,
    0x00,0x00,0x00,0x00,0x00,0x00,0x00,0x00,0x00,0x00,0x00,0x00,0x00,0x00,0x00,0x00,0x00,0x00,0x00,0x00,0x00,0x00,0x00,0x00,0x00,0x00,0x00,0x00,0x00,0x00,0x00,0x00,0x00,0x00,0x00,0x00,0x00,0x00,0x00,0x00,0x00,0x00,0x00,0x00,0x00,0x00,0x00,0x00,0x00,0x00,0x00,0x00,0x00,0x00,0x03,0x00,0x00,0x10,0x11,0x26,0x35,0xbd,0xe6,0xe6,0xec,0xec,0xec,0x35,0xea,0xf6,0xe4,0xe4,0xc9,0x44,0x3a,0xc2,0x24,0xd0,0x0f,0xea,0xf6,0xea,0x35,0xec,0xe6,0xe6,0xdd,0x62,0x0e,0x23,0x00,0x00,0x20,0x00,0x01,0x00,0x00,0x00,0x00,0x00,0x00,0x00,0x00,0x00,0x00,0x00,0x00,0x00,0x00,0x00,0x00,0x00,0x00,0x00,0x00,0x00,0x00,0x00,0x00,0x00,0x00,0x00,0x00,0x00,0x00,0x00,0x00,0x00,0x00,0x00,0x00,0x00,0x00,0x00,0x00,0x00,0x00,0x00,0x00,0x00,0x00,0x00,0x00,0x00,
    0x00,0x00,0x00,0x00,0x00,0x00,0x00,0x00,0x00,0x00,0x00,0x00,0x00,0x00,0x00,0x00,0x00,0x00,0x00,0x00,0x00,0x00,0x00,0x00,0x00,0x00,0x00,0x00,0x00,0x00,0x00,0x00,0x00,0x00,0x00,0x00,0x00,0x00,0x00,0x00,0x00,0x00,0x00,0x00,0x00,0x00,0x00,0x00,0x00,0x00,0x00,0x00,0x00,0x00,0x00,0x02,0x02,0x01,0x13,0x19,0x71,0xe6,0xe6,0xbd,0xdb,0x92,0x9e,0xab,0xd3,0xbd,0xe6,0xdd,0x1a,0x7f,0x49,0xec,0xe6,0xec,0xe6,0xbd,0xd3,0xd3,0xd3,0xbb,0xdd,0xe6,0x35,0x6d,0x30,0x00,0x03,0x00,0x00,0x00,0x00,0x00,0x00,0x00,0x00,0x00,0x00,0x00,0x00,0x00,0x00,0x00,0x00,0x00,0x00,0x00,0x00,0x00,0x00,0x00,0x00,0x00,0x00,0x00,0x00,0x00,0x00,0x00,0x00,0x00,0x00,0x00,0x00,0x00,0x00,0x00,0x00,0x00,0x00,0x00,0x00,0x00,0x00,0x00,0x00,0x00,0x00,0x00,0x00,0x00,
    0x00,0x00,0x00,0x00,0x00,0x00,0x00,0x00,0x00,0x00,0x00,0x00,0x00,0x00,0x00,0x00,0x00,0x00,0x00,0x00,0x00,0x00,0x00,0x00,0x00,0x00,0x00,0x00,0x00,0x00,0x00,0x00,0x00,0x00,0x00,0x00,0x00,0x00,0x00,0x00,0x00,0x00,0x00,0x00,0x00,0x00,0x00,0x00,0x00,0x00,0x00,0x00,0x00,0x00,0x00,0x00,0x00,0x01,0x00,0x13,0x5f,0xbd,0xb2,0x8b,0x9a,0x8b,0x8b,0x8b,0x8b,0x96,0xbb,0xbd,0x0f,0x49,0x6d,0x35,0xe6,0xbb,0x9e,0x8b,0x91,0x91,0x9a,0x9a,0x9e,0xd3,0xea,0x39,0x41,0x03,0x03,0x01,0x01,0x00,0x00,0x00,0x00,0x00,0x00,0x00,0x00,0x00,0x00,0x00,0x00,0x00,0x00,0x00,0x00,0x00,0x00,0x00,0x00,0x00,0x00,0x00,0x00,0x00,0x00,0x00,0x00,0x00,0x00,0x00,0x00,0x00,0x00,0x00,0x00,0x00,0x00,0x00,0x00,0x00,0x00,0x00,0x00,0x00,0x00,0x00,0x00,0x00,0x00,0x00,
    0x00,0x00,0x00,0x00,0x00,0x00,0x00,0x00,0x00,0x00,0x00,0x00,0x00,0x00,0x00,0x00,0x00,0x00,0x00,0x00,0x00,0x00,0x00,0x00,0x00,0x00,0x00,0x00,0x00,0x00,0x00,0x00,0x00,0x00,0x00,0x00,0x00,0x00,0x00,0x00,0x00,0x00,0x00,0x00,0x00,0x00,0x00,0x00,0x00,0x00,0x00,0x00,0x00,0x00,0x00,0x00,0x00,0x03,0x01,0x2b,0x24,0x0c,0x9a,0x98,0x91,0x91,0x91,0x91,0x91,0x8b,0xa0,0x0c,0x76,0x6d,0x26,0x35,0x9e,0x9a,0x91,0x91,0x91,0x91,0x96,0x98,0x91,0xa0,0x09,0x49,0x13,0x04,0x01,0x00,0x00,0x00,0x00,0x00,0x00,0x00,0x00,0x00,0x00,0x00,0x00,0x00,0x00,0x00,0x00,0x00,0x00,0x00,0x00,0x00,0x00,0x00,0x00,0x00,0x00,0x00,0x00,0x00,0x00,0x00,0x00,0x00,0x00,0x00,0x00,0x00,0x00,0x00,0x00,0x00,0x00,0x00,0x00,0x00,0x00,0x00,0x00,0x00,0x00,0x00,0x00,0x00,
    0x00,0x00,0x00,0x00,0x00,0x00,0x00,0x00,0x00,0x00,0x00,0x00,0x00,0x00,0x00,0x00,0x00,0x00,0x00,0x00,0x00,0x00,0x00,0x00,0x00,0x00,0x00,0x00,0x00,0x00,0x00,0x00,0x00,0x00,0x00,0x00,0x00,0x00,0x00,0x00,0x00,0x00,0x00,0x00,0x00,0x00,0x00,0x00,0x00,0x00,0x00,0x00,0x00,0x00,0x00,0x00,0x00,0x02,0x00,0x5a,0x58,0x27,0x9a,0x98,0x91,0x91,0x8b,0x96,0x9e,0x9e,0x9a,0xb0,0x71,0x7d,0x21,0xdf,0x9b,0x96,0x91,0x91,0x91,0x91,0x98,0x91,0x98,0xa0,0x63,0x4e,0x00,0x04,0x00,0x00,0x00,0x00,0x00,0x00,0x00,0x00,0x00,0x00,0x00,0x00,0x00,0x00,0x00,0x00,0x00,0x00,0x00,0x00,0x00,0x00,0x00,0x00,0x00,0x00,0x00,0x00,0x00,0x00,0x00,0x00,0x00,0x00,0x00,0x00,0x00,0x00,0x00,0x00,0x00,0x00,0x00,0x00,0x00,0x00,0x00,0x00,0x00,0x00,0x00,0x00,0x00,0x00,
    0x00,0x00,0x00,0x00,0x00,0x00,0x00,0x00,0x00,0x00,0x00,0x00,0x00,0x00,0x00,0x00,0x00,0x00,0x00,0x00,0x00,0x00,0x00,0x00,0x00,0x00,0x00,0x00,0x00,0x00,0x00,0x00,0x00,0x00,0x00,0x00,0x00,0x00,0x00,0x00,0x00,0x00,0x00,0x00,0x00,0x00,0x00,0x00,0x00,0x00,0x00,0x00,0x00,0x00,0x00,0x00,0x00,0x04,0x00,0x30,0x64,0xc4,0xa0,0x98,0x91,0x8b,0x91,0x92,0x92,0x92,0x9e,0x91,0x5b,0x4e,0x21,0xc3,0x9b,0x98,0x91,0x91,0x91,0x91,0x91,0x91,0x91,0x9a,0x22,0x0e,0x00,0x02,0x00,0x00,0x00,0x00,0x00,0x00,0x00,0x00,0x00,0x00,0x00,0x00,0x00,0x00,0x00,0x00,0x00,0x00,0x00,0x00,0x00,0x00,0x00,0x00,0x00,0x00,0x00,0x00,0x00,0x00,0x00,0x00,0x00,0x00,0x00,0x00,0x00,0x00,0x00,0x00,0x00,0x00,0x00,0x00,0x00,0x00,0x00,0x00,0x00,0x00,0x00,0x00,0x00,0x00,
    0x00,0x00,0x00,0x00,0x00,0x00,0x00,0x00,0x00,0x00,0x00,0x00,0x00,0x00,0x00,0x00,0x00,0x00,0x00,0x00,0x00,0x00,0x00,0x00,0x00,0x00,0x00,0x00,0x00,0x00,0x00,0x00,0x00,0x00,0x00,0x00,0x00,0x00,0x00,0x00,0x00,0x00,0x00,0x00,0x00,0x00,0x00,0x00,0x00,0x00,0x00,0x00,0x00,0x00,0x00,0x00,0x00,0x04,0x00,0x2a,0x7a,0x2f,0xa0,0x98,0x96,0x98,0x96,0x92,0x92,0x92,0x9e,0x27,0x47,0x66,0x7a,0xb7,0xa0,0x98,0x91,0x91,0x91,0x91,0x91,0x91,0x9a,0x92,0x62,0x66,0x00,0x05,0x00,0x00,0x00,0x00,0x00,0x00,0x00,0x00,0x00,0x00,0x00,0x00,0x00,0x00,0x00,0x00,0x00,0x00,0x00,0x00,0x00,0x00,0x00,0x00,0x00,0x00,0x00,0x00,0x00,0x00,0x00,0x00,0x00,0x00,0x00,0x00,0x00,0x00,0x00,0x00,0x00,0x00,0x00,0x00,0x00,0x00,0x00,0x00,0x00,0x00,0x00,0x00,0x00,0x00,
    0x00,0x00,0x00,0x00,0x00,0x00,0x00,0x00,0x00,0x00,0x00,0x00,0x00,0x00,0x00,0x00,0x00,0x00,0x00,0x00,0x00,0x00,0x00,0x00,0x00,0x00,0x00,0x00,0x00,0x00,0x00,0x00,0x00,0x00,0x00,0x00,0x00,0x00,0x00,0x00,0x00,0x00,0x00,0x00,0x00,0x00,0x00,0x00,0x00,0x00,0x00,0x00,0x00,0x00,0x00,0x00,0x00,0x04,0x00,0x15,0x78,0x2f,0x8b,0x91,0x96,0x92,0x91,0x9e,0x9e,0x9e,0xa4,0x09,0x49,0x38,0x6e,0x36,0xa4,0x98,0x91,0x91,0x91,0x91,0x98,0x96,0x8b,0x1b,0x22,0x19,0x00,0x04,0x00,0x00,0x00,0x00,0x00,0x00,0x00,0x00,0x00,0x00,0x00,0x00,0x00,0x00,0x00,0x00,0x00,0x00,0x00,0x00,0x00,0x00,0x00,0x00,0x00,0x00,0x00,0x00,0x00,0x00,0x00,0x00,0x00,0x00,0x00,0x00,0x00,0x00,0x00,0x00,0x00,0x00,0x00,0x00,0x00,0x00,0x00,0x00,0x00,0x00,0x00,0x00,0x00,0x00,
    0x00,0x00,0x00,0x00,0x00,0x00,0x00,0x00,0x00,0x00,0x00,0x00,0x00,0x00,0x00,0x00,0x00,0x00,0x00,0x00,0x00,0x00,0x00,0x00,0x00,0x00,0x00,0x00,0x00,0x00,0x00,0x00,0x00,0x00,0x00,0x00,0x00,0x00,0x00,0x00,0x00,0x00,0x00,0x00,0x00,0x00,0x00,0x00,0x00,0x00,0x00,0x00,0x00,0x00,0x00,0x00,0x00,0x00,0x03,0x03,0x7a,0x54,0x98,0x91,0x91,0x91,0x91,0x91,0x91,0x98,0xa4,0xf0,0x75,0x30,0x4e,0x40,0xa0,0x98,0x91,0x91,0x96,0x96,0x91,0x9e,0xa0,0xc0,0x6d,0x15,0x00,0x01,0x00,0x00,0x00,0x00,0x00,0x00,0x00,0x00,0x00,0x00,0x00,0x00,0x00,0x00,0x00,0x00,0x00,0x00,0x00,0x00,0x00,0x00,0x00,0x00,0x00,0x00,0x00,0x00,0x00,0x00,0x00,0x00,0x00,0x00,0x00,0x00,0x00,0x00,0x00,0x00,0x00,0x00,0x00,0x00,0x00,0x00,0x00,0x00,0x00,0x00,0x00,0x00,0x00,0x00,
    0x00,0x00,0x00,0x00,0x00,0x00,0x00,0x00,0x00,0x00,0x00,0x00,0x00,0x00,0x00,0x00,0x00,0x00,0x00,0x00,0x00,0x00,0x00,0x00,0x00,0x00,0x00,0x00,0x00,0x00,0x00,0x00,0x00,0x00,0x00,0x00,0x00,0x00,0x00,0x00,0x00,0x00,0x00,0x00,0x00,0x00,0x00,0x00,0x00,0x00,0x00,0x00,0x00,0x00,0x00,0x00,0x00,0x00,0x05,0x00,0x3c,0x3d,0x27,0x9a,0x91,0x91,0x91,0x91,0x91,0x98,0x9a,0x0c,0x70,0x12,0x50,0x32,0x98,0x8b,0x98,0x96,0x91,0x91,0x91,0x91,0x8b,0x56,0x25,0x02,0x03,0x00,0x00,0x00,0x00,0x00,0x00,0x00,0x00,0x00,0x00,0x00,0x00,0x00,0x00,0x00,0x00,0x00,0x00,0x00,0x00,0x00,0x00,0x00,0x00,0x00,0x00,0x00,0x00,0x00,0x00,0x00,0x00,0x00,0x00,0x00,0x00,0x00,0x00,0x00,0x00,0x00,0x00,0x00,0x00,0x00,0x00,0x00,0x00,0x00,0x00,0x00,0x00,0x00,0x00,0x00,
    0x00,0x00,0x00,0x00,0x00,0x00,0x00,0x00,0x00,0x00,0x00,0x00,0x00,0x00,0x00,0x00,0x00,0x00,0x00,0x00,0x00,0x00,0x00,0x00,0x00,0x00,0x00,0x00,0x00,0x00,0x00,0x00,0x00,0x00,0x00,0x00,0x00,0x00,0x00,0x00,0x00,0x00,0x00,0x00,0x00,0x00,0x00,0x00,0x00,0x00,0x00,0x00,0x00,0x00,0x00,0x00,0x00,0x00,0x05,0x00,0x3b,0x62,0xb7,0xa0,0x98,0x91,0x91,0x91,0x91,0x98,0xa0,0x5c,0x42,0x00,0x3f,0x58,0x1b,0x8b,0x9e,0x98,0x91,0x91,0x91,0x98,0xa4,0x3e,0x68,0x00,0x03,0x00,0x00,0x00,0x00,0x00,0x00,0x00,0x00,0x00,0x00,0x00,0x00,0x00,0x00,0x00,0x00,0x00,0x00,0x00,0x00,0x00,0x00,0x00,0x00,0x00,0x00,0x00,0x00,0x00,0x00,0x00,0x00,0x00,0x00,0x00,0x00,0x00,0x00,0x00,0x00,0x00,0x00,0x00,0x00,0x00,0x00,0x00,0x00,0x00,0x00,0x00,0x00,0x00,0x00,0x00,
    0x00,0x00,0x00,0x00,0x00,0x00,0x00,0x00,0x00,0x00,0x00,0x00,0x00,0x00,0x00,0x00,0x00,0x00,0x00,0x00,0x00,0x00,0x00,0x00,0x00,0x00,0x00,0x00,0x00,0x00,0x00,0x00,0x00,0x00,0x00,0x00,0x00,0x00,0x00,0x00,0x00,0x00,0x00,0x00,0x00,0x00,0x00,0x00,0x00,0x00,0x00,0x00,0x00,0x00,0x00,0x00,0x00,0x00,0x05,0x00,0x3f,0x62,0x0c,0xa0,0x98,0x91,0x91,0x91,0x91,0x91,0x8b,0x56,0x45,0x00,0x5a,0x62,0xaf,0x9e,0x92,0x9e,0x98,0x91,0x91,0x98,0xa4,0x3e,0x3c,0x00,0x03,0x00,0x00,0x00,0x00,0x00,0x00,0x00,0x00,0x00,0x00,0x00,0x00,0x00,0x00,0x00,0x00,0x00,0x00,0x00,0x00,0x00,0x00,0x00,0x00,0x00,0x00,0x00,0x00,0x00,0x00,0x00,0x00,0x00,0x00,0x00,0x00,0x00,0x00,0x00,0x00,0x00,0x00,0x00,0x00,0x00,0x00,0x00,0x00,0x00,0x00,0x00,0x00,0x00,0x00,0x00,
    0x00,0x00,0x00,0x00,0x00,0x00,0x00,0x00,0x00,0x00,0x00,0x00,0x00,0x00,0x00,0x00,0x00,0x00,0x00,0x00,0x00,0x00,0x00,0x00,0x00,0x00,0x00,0x00,0x00,0x00,0x00,0x00,0x00,0x00,0x00,0x00,0x00,0x00,0x00,0x00,0x00,0x00,0x00,0x00,0x00,0x00,0x00,0x00,0x00,0x00,0x00,0x00,0x00,0x00,0x00,0x00,0x00,0x00,0x03,0x00,0x50,0x4a,0xa4,0x98,0x91,0x91,0x91,0x8b,0x96,0xab,0x91,0x4b,0x48,0x00,0x30,0x70,0xc0,0x98,0x92,0x92,0x98,0x91,0x91,0x98,0xa4,0x3e,0x6e,0x00,0x03,0x00,0x00,0x00,0x00,0x00,0x00,0x00,0x00,0x00,0x00,0x00,0x00,0x00,0x00,0x00,0x00,0x00,0x00,0x00,0x00,0x00,0x00,0x00,0x00,0x00,0x00,0x00,0x00,0x00,0x00,0x00,0x00,0x00,0x00,0x00,0x00,0x00,0x00,0x00,0x00,0x00,0x00,0x00,0x00,0x00,0x00,0x00,0x00,0x00,0x00,0x00,0x00,0x00,0x00,0x00,
    0x00,0x00,0x00,0x00,0x00,0x00,0x00,0x00,0x00,0x00,0x00,0x00,0x00,0x00,0x00,0x00,0x00,0x00,0x00,0x00,0x00,0x00,0x00,0x00,0x00,0x00,0x00,0x00,0x00,0x00,0x00,0x00,0x00,0x00,0x00,0x00,0x00,0x00,0x00,0x00,0x00,0x00,0x00,0x00,0x00,0x00,0x00,0x00,0x00,0x00,0x00,0x00,0x00,0x00,0x00,0x00,0x00,0x00,0x07,0x12,0x37,0x5c,0x8b,0x91,0x91,0x91,0x91,0x91,0x91,0x9e,0x98,0x6a,0x30,0x00,0x12,0x2b,0x36,0xa0,0xaf,0x92,0x9e,0x8b,0x91,0x98,0xa0,0x0c,0x64,0x05,0x03,0x00,0x00,0x00,0x00,0x00,0x00,0x00,0x00,0x00,0x00,0x00,0x00,0x00,0x00,0x00,0x00,0x00,0x00,0x00,0x00,0x00,0x00,0x00,0x00,0x00,0x00,0x00,0x00,0x00,0x00,0x00,0x00,0x00,0x00,0x00,0x00,0x00,0x00,0x00,0x00,0x00,0x00,0x00,0x00,0x00,0x00,0x00,0x00,0x00,0x00,0x00,0x00,0x00,0x00,0x00,
    0x00,0x00,0x00,0x00,0x00,0x00,0x00,0x00,0x00,0x00,0x00,0x00,0x00,0x00,0x00,0x00,0x00,0x00,0x00,0x00,0x00,0x00,0x00,0x00,0x00,0x00,0x00,0x00,0x00,0x00,0x00,0x00,0x00,0x00,0x00,0x00,0x00,0x00,0x00,0x00,0x00,0x00,0x00,0x00,0x00,0x00,0x00,0x00,0x00,0x00,0x00,0x00,0x00,0x00,0x00,0x00,0x00,0x04,0x00,0x30,0x6a,0x96,0x98,0x91,0x91,0x91,0x91,0x91,0x91,0x8b,0x98,0x37,0x2a,0x00,0x00,0x00,0x3d,0x9b,0x92,0x96,0x96,0x91,0x91,0x98,0xa0,0xb7,0x4f,0x15,0x00,0x04,0x00,0x00,0x00,0x00,0x00,0x00,0x00,0x00,0x00,0x00,0x00,0x00,0x00,0x00,0x00,0x00,0x00,0x00,0x00,0x00,0x00,0x00,0x00,0x00,0x00,0x00,0x00,0x00,0x00,0x00,0x00,0x00,0x00,0x00,0x00,0x00,0x00,0x00,0x00,0x00,0x00,0x00,0x00,0x00,0x00,0x00,0x00,0x00,0x00,0x00,0x00,0x00,0x00,0x00,
    0x00,0x00,0x00,0x00,0x00,0x00,0x00,0x00,0x00,0x00,0x00,0x00,0x00,0x00,0x00,0x00,0x00,0x00,0x00,0x00,0x00,0x00,0x00,0x00,0x00,0x00,0x00,0x00,0x00,0x00,0x00,0x00,0x00,0x00,0x00,0x00,0x00,0x00,0x00,0x00,0x00,0x00,0x00,0x00,0x00,0x00,0x00,0x00,0x00,0x00,0x00,0x00,0x00,0x00,0x00,0x00,0x00,0x04,0x00,0x15,0x2c,0x91,0x9e,0x92,0x9e,0x91,0x91,0x91,0x91,0x91,0x96,0x37,0x2a,0x00,0x04,0x03,0x4a,0xa4,0x98,0x8b,0x91,0x91,0x91,0x98,0x9e,0x1b,0x25,0x15,0x00,0x04,0x00,0x00,0x00,0x00,0x00,0x00,0x00,0x00,0x00,0x00,0x00,0x00,0x00,0x00,0x00,0x00,0x00,0x00,0x00,0x00,0x00,0x00,0x00,0x00,0x00,0x00,0x00,0x00,0x00,0x00,0x00,0x00,0x00,0x00,0x00,0x00,0x00,0x00,0x00,0x00,0x00,0x00,0x00,0x00,0x00,0x00,0x00,0x00,0x00,0x00,0x00,0x00,0x00,0x00,
    0x00,0x00,0x00,0x00,0x00,0x00,0x00,0x00,0x00,0x00,0x00,0x00,0x00,0x00,0x00,0x00,0x00,0x00,0x00,0x00,0x00,0x00,0x00,0x00,0x00,0x00,0x00,0x00,0x00,0x00,0x00,0x00,0x00,0x00,0x00,0x00,0x00,0x00,0x00,0x00,0x00,0x00,0x00,0x00,0x00,0x00,0x00,0x00,0x00,0x00,0x00,0x00,0x00,0x00,0x00,0x00,0x00,0x01,0x00,0x10,0x46,0x8b,0x92,0x92,0x92,0x98,0x91,0x91,0x91,0x98,0x27,0x72,0x12,0x04,0x04,0x01,0x4a,0xa0,0x98,0x91,0x91,0x8b,0x8b,0x91,0x8b,0xab,0x2c,0x2a,0x00,0x04,0x00,0x00,0x00,0x00,0x00,0x00,0x00,0x00,0x00,0x00,0x00,0x00,0x00,0x00,0x00,0x00,0x00,0x00,0x00,0x00,0x00,0x00,0x00,0x00,0x00,0x00,0x00,0x00,0x00,0x00,0x00,0x00,0x00,0x00,0x00,0x00,0x00,0x00,0x00,0x00,0x00,0x00,0x00,0x00,0x00,0x00,0x00,0x00,0x00,0x00,0x00,0x00,0x00,0x00,
    0x00,0x00,0x00,0x00,0x00,0x00,0x00,0x00,0x00,0x00,0x00,0x00,0x00,0x00,0x00,0x00,0x00,0x00,0x00,0x00,0x00,0x00,0x00,0x00,0x00,0x00,0x00,0x00,0x00,0x00,0x00,0x00,0x00,0x00,0x00,0x00,0x00,0x00,0x00,0x00,0x00,0x00,0x00,0x00,0x00,0x00,0x00,0x00,0x00,0x00,0x00,0x00,0x00,0x00,0x00,0x00,0x00,0x01,0x00,0x10,0x25,0x8b,0x9e,0x98,0x91,0x91,0x91,0x91,0x91,0x9a,0x40,0x6c,0x00,0x05,0x00,0x00,0x47,0xa0,0x91,0x91,0x98,0x96,0x9e,0xab,0x9e,0xaf,0x37,0x2a,0x01,0x04,0x00,0x00,0x00,0x00,0x00,0x00,0x00,0x00,0x00,0x00,0x00,0x00,0x00,0x00,0x00,0x00,0x00,0x00,0x00,0x00,0x00,0x00,0x00,0x00,0x00,0x00,0x00,0x00,0x00,0x00,0x00,0x00,0x00,0x00,0x00,0x00,0x00,0x00,0x00,0x00,0x00,0x00,0x00,0x00,0x00,0x00,0x00,0x00,0x00,0x00,0x00,0x00,0x00,0x00,
    0x00,0x00,0x00,0x00,0x00,0x00,0x00,0x00,0x00,0x00,0x00,0x00,0x00,0x00,0x00,0x00,0x00,0x00,0x00,0x00,0x00,0x00,0x00,0x00,0x00,0x00,0x00,0x00,0x00,0x00,0x00,0x00,0x00,0x00,0x00,0x00,0x00,0x00,0x00,0x00,0x00,0x00,0x00,0x00,0x00,0x00,0x00,0x00,0x00,0x00,0x00,0x00,0x00,0x00,0x00,0x00,0x00,0x03,0x01,0x41,0x49,0x27,0x91,0x98,0x98,0x9e,0x92,0x92,0x92,0x98,0x36,0x3c,0x01,0x05,0x00,0x19,0x5b,0x91,0x96,0x98,0x9e,0xb2,0xa2,0xa2,0xb4,0xb2,0x70,0x0e,0x00,0x03,0x00,0x00,0x00,0x00,0x00,0x00,0x00,0x00,0x00,0x00,0x00,0x00,0x00,0x00,0x00,0x00,0x00,0x00,0x00,0x00,0x00,0x00,0x00,0x00,0x00,0x00,0x00,0x00,0x00,0x00,0x00,0x00,0x00,0x00,0x00,0x00,0x00,0x00,0x00,0x00,0x00,0x00,0x00,0x00,0x00,0x00,0x00,0x00,0x00,0x00,0x00,0x00,0x00,0x00,
    0x00,0x00,0x00,0x00,0x00,0x00,0x00,0x00,0x00,0x00,0x00,0x00,0x00,0x00,0x00,0x00,0x00,0x00,0x00,0x00,0x00,0x00,0x00,0x00,0x00,0x00,0x00,0x00,0x00,0x00,0x00,0x00,0x00,0x00,0x00,0x00,0x00,0x00,0x00,0x00,0x00,0x00,0x00,0x00,0x00,0x00,0x00,0x00,0x00,0x00,0x00,0x00,0x00,0x00,0x00,0x00,0x00,0x02,0x00,0x1e,0x28,0xc1,0x9b,0xa4,0xa0,0xad,0x9c,0x96,0x9a,0xa4,0x24,0x17,0x00,0x02,0x05,0x33,0x1f,0x9b,0x9b,0xa4,0xa4,0x8b,0xb8,0xad,0xa4,0xc0,0x34,0x2d,0x1e,0x00,0x01,0x00,0x00,0x00,0x00,0x00,0x00,0x00,0x00,0x00,0x00,0x00,0x00,0x00,0x00,0x00,0x00,0x00,0x00,0x00,0x00,0x00,0x00,0x00,0x00,0x00,0x00,0x00,0x00,0x00,0x00,0x00,0x00,0x00,0x00,0x00,0x00,0x00,0x00,0x00,0x00,0x00,0x00,0x00,0x00,0x00,0x00,0x00,0x00,0x00,0x00,0x00,0x00,0x00,
    0x00,0x00,0x00,0x00,0x00,0x00,0x00,0x00,0x00,0x00,0x00,0x00,0x00,0x00,0x00,0x00,0x00,0x00,0x00,0x00,0x00,0x00,0x00,0x00,0x00,0x00,0x00,0x00,0x00,0x00,0x00,0x00,0x00,0x00,0x00,0x00,0x00,0x00,0x00,0x00,0x00,0x00,0x00,0x00,0x00,0x00,0x00,0x00,0x00,0x00,0x00,0x00,0x00,0x00,0x00,0x00,0x03,0x01,0x23,0x90,0x90,0xc2,0xc3,0xc4,0xac,0x0d,0xb5,0xc0,0xb1,0xb3,0xa7,0x95,0x17,0x00,0x18,0x95,0xc9,0xc3,0xc4,0xb7,0x0d,0xb7,0xac,0xc0,0xc4,0x1f,0x8c,0x8a,0x60,0x00,0x02,0x00,0x00,0x00,0x00,0x00,0x00,0x00,0x00,0x00,0x00,0x00,0x00,0x00,0x00,0x00,0x00,0x00,0x00,0x00,0x00,0x00,0x00,0x00,0x00,0x00,0x00,0x00,0x00,0x00,0x00,0x00,0x00,0x00,0x00,0x00,0x00,0x00,0x00,0x00,0x00,0x00,0x00,0x00,0x00,0x00,0x00,0x00,0x00,0x00,0x00,0x00,0x00,0x00,
    0x00,0x00,0x00,0x00,0x00,0x00,0x00,0x00,0x00,0x00,0x00,0x00,0x00,0x00,0x00,0x00,0x00,0x00,0x00,0x00,0x00,0x00,0x00,0x00,0x00,0x00,0x00,0x00,0x00,0x00,0x00,0x00,0x00,0x00,0x00,0x00,0x00,0x00,0x00,0x00,0x00,0x00,0x00,0x00,0x00,0x00,0x00,0x00,0x00,0x00,0x00,0x00,0x00,0x00,0x00,0x00,0x13,0x00,0x17,0x8f,0x1c,0x95,0x95,0x8f,0x8f,0x88,0xa3,0x8a,0x93,0x95,0x93,0x14,0x44,0x02,0x39,0x8f,0x14,0x95,0x90,0x93,0x88,0x8e,0x94,0x8a,0x8c,0x95,0x14,0x14,0x39,0x00,0x02,0x00,0x00,0x00,0x00,0x00,0x00,0x00,0x00,0x00,0x00,0x00,0x00,0x00,0x00,0x00,0x00,0x00,0x00,0x00,0x00,0x00,0x00,0x00,0x00,0x00,0x00,0x00,0x00,0x00,0x00,0x00,0x00,0x00,0x00,0x00,0x00,0x00,0x00,0x00,0x00,0x00,0x00,0x00,0x00,0x00,0x00,0x00,0x00,0x00,0x00,0x00,0x00,0x00,
    0x00,0x00,0x00,0x00,0x00,0x00,0x00,0x00,0x00,0x00,0x00,0x00,0x00,0x00,0x00,0x00,0x00,0x00,0x00,0x00,0x00,0x00,0x00,0x00,0x00,0x00,0x00,0x00,0x00,0x00,0x00,0x00,0x00,0x00,0x00,0x00,0x00,0x00,0x00,0x00,0x00,0x00,0x00,0x00,0x00,0x00,0x00,0x00,0x00,0x00,0x00,0x00,0x00,0x00,0x00,0x00,0x13,0x00,0x11,0x06,0x1c,0x8f,0x97,0x8e,0x8a,0x8e,0x8e,0x88,0x88,0x97,0x93,0x97,0x8e,0x23,0x1d,0x97,0x14,0x97,0x8a,0x8a,0x8e,0x88,0x8a,0x8a,0x94,0x97,0x93,0x8e,0x28,0x00,0x00,0x00,0x00,0x00,0x00,0x00,0x00,0x00,0x00,0x00,0x00,0x00,0x00,0x00,0x00,0x00,0x00,0x00,0x00,0x00,0x00,0x00,0x00,0x00,0x00,0x00,0x00,0x00,0x00,0x00,0x00,0x00,0x00,0x00,0x00,0x00,0x00,0x00,0x00,0x00,0x00,0x00,0x00,0x00,0x00,0x00,0x00,0x00,0x00,0x00,0x00,0x00,0x00,0x00,
    0x00,0x00,0x00,0x00,0x00,0x00,0x00,0x00,0x00,0x00,0x00,0x00,0x00,0x00,0x00,0x00,0x00,0x00,0x00,0x00,0x00,0x00,0x00,0x00,0x00,0x00,0x00,0x00,0x00,0x00,0x00,0x00,0x00,0x00,0x00,0x00,0x00,0x00,0x00,0x00,0x00,0x00,0x00,0x00,0x00,0x00,0x00,0x00,0x00,0x00,0x00,0x00,0x00,0x00,0x00,0x00,0x13,0x00,0x11,0x8a,0x08,0x8e,0x90,0x8e,0x88,0x88,0x8a,0x88,0x8e,0x97,0x8a,0x8a,0x08,0x33,0x1d,0x8e,0x08,0x8f,0x8e,0x8a,0x8a,0x8a,0x88,0x88,0x97,0x88,0x08,0x88,0x28,0x00,0x00,0x00,0x00,0x00,0x00,0x00,0x00,0x00,0x00,0x00,0x00,0x00,0x00,0x00,0x00,0x00,0x00,0x00,0x00,0x00,0x00,0x00,0x00,0x00,0x00,0x00,0x00,0x00,0x00,0x00,0x00,0x00,0x00,0x00,0x00,0x00,0x00,0x00,0x00,0x00,0x00,0x00,0x00,0x00,0x00,0x00,0x00,0x00,0x00,0x00,0x00,0x00,0x00,0x00,
    0x00,0x00,0x00,0x00,0x00,0x00,0x00,0x00,0x00,0x00,0x00,0x00,0x00,0x00,0x00,0x00,0x00,0x00,0x00,0x00,0x00,0x00,0x00,0x00,0x00,0x00,0x00,0x00,0x00,0x00,0x00,0x00,0x00,0x00,0x00,0x00,0x00,0x00,0x00,0x00,0x00,0x00,0x00,0x00,0x00,0x00,0x00,0x00,0x00,0x00,0x00,0x00,0x00,0x00,0x00,0x00,0x13,0x00,0x17,0x8e,0x08,0x97,0x90,0x8a,0x8a,0x88,0x8a,0x8a,0x8a,0x90,0x94,0x94,0x34,0x0e,0x1d,0x8f,0x14,0x8c,0x97,0x8e,0x8e,0x88,0x88,0x8a,0x90,0x97,0x08,0x88,0x21,0x00,0x02,0x00,0x00,0x00,0x00,0x00,0x00,0x00,0x00,0x00,0x00,0x00,0x00,0x00,0x00,0x00,0x00,0x00,0x00,0x00,0x00,0x00,0x00,0x00,0x00,0x00,0x00,0x00,0x00,0x00,0x00,0x00,0x00,0x00,0x00,0x00,0x00,0x00,0x00,0x00,0x00,0x00,0x00,0x00,0x00,0x00,0x00,0x00,0x00,0x00,0x00,0x00,0x00,0x00,
    0x00,0x00,0x00,0x00,0x00,0x00,0x00,0x00,0x00,0x00,0x00,0x00,0x00,0x00,0x00,0x00,0x00,0x00,0x00,0x00,0x00,0x00,0x00,0x00,0x00,0x00,0x00,0x00,0x00,0x00,0x00,0x00,0x00,0x00,0x00,0x00,0x00,0x00,0x00,0x00,0x00,0x00,0x00,0x00,0x00,0x00,0x00,0x00,0x00,0x00,0x00,0x00,0x00,0x00,0x00,0x00,0x13,0x00,0x11,0x8e,0x1c,0xa7,0x8e,0x90,0x93,0x8e,0x94,0x97,0x8c,0xa3,0xd4,0x8c,0x1e,0x00,0x2d,0x90,0xd4,0x8e,0x95,0x95,0x8c,0x8c,0x95,0x8c,0xdc,0xbe,0x08,0x88,0x11,0x00,0x13,0x00,0x00,0x00,0x00,0x00,0x00,0x00,0x00,0x00,0x00,0x00,0x00,0x00,0x00,0x00,0x00,0x00,0x00,0x00,0x00,0x00,0x00,0x00,0x00,0x00,0x00,0x00,0x00,0x00,0x00,0x00,0x00,0x00,0x00,0x00,0x00,0x00,0x00,0x00,0x00,0x00,0x00,0x00,0x00,0x00,0x00,0x00,0x00,0x00,0x00,0x00,0x00,0x00,
    0x00,0x00,0x00,0x00,0x00,0x00,0x00,0x00,0x00,0x00,0x00,0x00,0x00,0x00,0x00,0x00,0x00,0x00,0x00,0x00,0x00,0x00,0x00,0x00,0x00,0x00,0x00,0x00,0x00,0x00,0x00,0x00,0x00,0x00,0x00,0x00,0x00,0x00,0x00,0x00,0x00,0x00,0x00,0x00,0x00,0x00,0x00,0x00,0x00,0x00,0x00,0x00,0x00,0x00,0x00,0x00,0x01,0x01,0x11,0x06,0x97,0xd8,0xd9,0xcb,0xd7,0x9d,0x9d,0xd7,0xd8,0xd9,0xcb,0x8c,0x1e,0x02,0x1e,0x8c,0xcb,0xe5,0xbe,0xd7,0xdc,0xdc,0xd7,0xd8,0xe5,0xe5,0x08,0x8e,0x11,0x01,0x13,0x00,0x00,0x00,0x00,0x00,0x00,0x00,0x00,0x00,0x00,0x00,0x00,0x00,0x00,0x00,0x00,0x00,0x00,0x00,0x00,0x00,0x00,0x00,0x00,0x00,0x00,0x00,0x00,0x00,0x00,0x00,0x00,0x00,0x00,0x00,0x00,0x00,0x00,0x00,0x00,0x00,0x00,0x00,0x00,0x00,0x00,0x00,0x00,0x00,0x00,0x00,0x00,0x00,
    0x00,0x00,0x00,0x00,0x00,0x00,0x00,0x00,0x00,0x00,0x00,0x00,0x00,0x00,0x00,0x00,0x00,0x00,0x00,0x00,0x00,0x00,0x00,0x00,0x00,0x00,0x00,0x00,0x00,0x00,0x00,0x00,0x00,0x00,0x00,0x00,0x00,0x00,0x00,0x00,0x00,0x00,0x00,0x00,0x00,0x00,0x00,0x00,0x00,0x00,0x00,0x00,0x00,0x00,0x00,0x00,0x00,0x13,0x33,0x77,0x94,0x9d,0xd4,0xd4,0xda,0xc7,0xc7,0xe5,0x9d,0xbe,0x08,0x8c,0x1e,0x00,0x1e,0x8c,0xa7,0xd7,0x9d,0xe5,0xc7,0xc7,0xda,0xa7,0xd4,0x9d,0x14,0xa3,0x11,0x00,0x13,0x00,0x00,0x00,0x00,0x00,0x00,0x00,0x00,0x00,0x00,0x00,0x00,0x00,0x00,0x00,0x00,0x00,0x00,0x00,0x00,0x00,0x00,0x00,0x00,0x00,0x00,0x00,0x00,0x00,0x00,0x00,0x00,0x00,0x00,0x00,0x00,0x00,0x00,0x00,0x00,0x00,0x00,0x00,0x00,0x00,0x00,0x00,0x00,0x00,0x00,0x00,0x00,0x00,
    0x00,0x00,0x00,0x00,0x00,0x00,0x00,0x00,0x00,0x00,0x00,0x00,0x00,0x00,0x00,0x00,0x00,0x00,0x00,0x00,0x00,0x00,0x00,0x00,0x00,0x00,0x00,0x00,0x00,0x00,0x00,0x00,0x00,0x00,0x00,0x00,0x00,0x00,0x00,0x00,0x00,0x00,0x00,0x00,0x00,0x00,0x00,0x00,0x00,0x00,0x00,0x00,0x00,0x00,0x00,0x00,0x01,0x02,0x0e,0x08,0x8a,0x97,0xd4,0xcb,0xd9,0xd7,0xd7,0xd9,0xe0,0xd4,0x14,0x8f,0x1e,0x02,0x11,0x90,0x94,0xbe,0xcb,0xd9,0xbe,0xd7,0xd9,0xf1,0xd7,0x93,0x1c,0x8a,0x21,0x10,0x03,0x03,0x00,0x00,0x00,0x00,0x00,0x00,0x00,0x00,0x00,0x00,0x00,0x00,0x00,0x00,0x00,0x00,0x00,0x00,0x00,0x00,0x00,0x00,0x00,0x00,0x00,0x00,0x00,0x00,0x00,0x00,0x00,0x00,0x00,0x00,0x00,0x00,0x00,0x00,0x00,0x00,0x00,0x00,0x00,0x00,0x00,0x00,0x00,0x00,0x00,0x00,0x00,0x00,
    0x00,0x00,0x00,0x00,0x00,0x00,0x00,0x00,0x00,0x00,0x00,0x00,0x00,0x00,0x00,0x00,0x00,0x00,0x00,0x00,0x00,0x00,0x00,0x00,0x00,0x00,0x00,0x00,0x00,0x00,0x00,0x00,0x00,0x00,0x00,0x00,0x00,0x00,0x00,0x00,0x00,0x00,0x00,0x00,0x00,0x00,0x00,0x00,0x00,0x00,0x00,0x00,0x00,0x00,0x00,0x00,0x03,0x00,0x10,0x8a,0x97,0xd4,0xef,0xd9,0x8e,0x95,0x95,0xdc,0xcb,0xd9,0xdc,0x8c,0x33,0x0e,0x21,0x90,0xd4,0xfd,0xda,0x9d,0x8c,0x8f,0x94,0xcb,0xef,0xbe,0x8f,0x8a,0x2d,0x23,0x00,0x02,0x00,0x00,0x00,0x00,0x00,0x00,0x00,0x00,0x00,0x00,0x00,0x00,0x00,0x00,0x00,0x00,0x00,0x00,0x00,0x00,0x00,0x00,0x00,0x00,0x00,0x00,0x00,0x00,0x00,0x00,0x00,0x00,0x00,0x00,0x00,0x00,0x00,0x00,0x00,0x00,0x00,0x00,0x00,0x00,0x00,0x00,0x00,0x00,0x00,0x00,0x00,0x00,
    0x00,0x00,0x00,0x00,0x00,0x00,0x00,0x00,0x00,0x00,0x00,0x00,0x00,0x00,0x00,0x00,0x00,0x00,0x00,0x00,0x00,0x00,0x00,0x00,0x00,0x00,0x00,0x00,0x00,0x00,0x00,0x00,0x00,0x00,0x00,0x00,0x00,0x00,0x00,0x00,0x00,0x00,0x00,0x00,0x00,0x00,0x00,0x00,0x00,0x00,0x00,0x00,0x00,0x00,0x00,0x00,0x02,0x00,0x60,0x8e,0x90,0xa7,0x9d,0xbe,0xda,0xd4,0xa7,0xd9,0xbe,0xdc,0xdc,0x90,0x33,0x5a,0x1d,0x88,0x9d,0xdc,0xbe,0xf4,0xe0,0xd4,0xd9,0xcb,0x8a,0xa3,0x90,0x94,0x2d,0x23,0x00,0x02,0x00,0x00,0x00,0x00,0x00,0x00,0x00,0x00,0x00,0x00,0x00,0x00,0x00,0x00,0x00,0x00,0x00,0x00,0x00,0x00,0x00,0x00,0x00,0x00,0x00,0x00,0x00,0x00,0x00,0x00,0x00,0x00,0x00,0x00,0x00,0x00,0x00,0x00,0x00,0x00,0x00,0x00,0x00,0x00,0x00,0x00,0x00,0x00,0x00,0x00,0x00,0x00,
    0x00,0x00,0x00,0x00,0x00,0x00,0x00,0x00,0x00,0x00,0x00,0x00,0x00,0x00,0x00,0x00,0x00,0x00,0x00,0x00,0x00,0x00,0x00,0x00,0x00,0x00,0x00,0x00,0x00,0x00,0x00,0x00,0x00,0x00,0x00,0x00,0x00,0x00,0x00,0x00,0x00,0x00,0x00,0x00,0x00,0x00,0x00,0x00,0x00,0x00,0x00,0x00,0x00,0x00,0x00,0x00,0x13,0x01,0x17,0x90,0x14,0x8c,0x95,0x95,0xd8,0xef,0xef,0xbe,0x95,0x8c,0x06,0x88,0x21,0x23,0x2d,0x88,0x1c,0x90,0x95,0xd7,0xef,0xef,0xcb,0x95,0x95,0x8c,0x14,0x97,0x2d,0x23,0x00,0x02,0x00,0x00,0x00,0x00,0x00,0x00,0x00,0x00,0x00,0x00,0x00,0x00,0x00,0x00,0x00,0x00,0x00,0x00,0x00,0x00,0x00,0x00,0x00,0x00,0x00,0x00,0x00,0x00,0x00,0x00,0x00,0x00,0x00,0x00,0x00,0x00,0x00,0x00,0x00,0x00,0x00,0x00,0x00,0x00,0x00,0x00,0x00,0x00,0x00,0x00,0x00,0x00,
    0x00,0x00,0x00,0x00,0x00,0x00,0x00,0x00,0x00,0x00,0x00,0x00,0x00,0x00,0x00,0x00,0x00,0x00,0x00,0x00,0x00,0x00,0x00,0x00,0x00,0x00,0x00,0x00,0x00,0x00,0x00,0x00,0x00,0x00,0x00,0x00,0x00,0x00,0x00,0x00,0x00,0x00,0x00,0x00,0x00,0x00,0x00,0x00,0x00,0x00,0x00,0x00,0x00,0x00,0x00,0x00,0x13,0x00,0x11,0x90,0x1c,0x8f,0xa3,0xcb,0xf4,0xbe,0xbe,0xd9,0xbe,0x8e,0x08,0x8a,0x11,0x0a,0x11,0x94,0x1c,0xdc,0xe0,0xd9,0xd7,0x9d,0xcb,0xd8,0xa3,0x8c,0x14,0x97,0x2d,0x0a,0x01,0x02,0x00,0x00,0x00,0x00,0x00,0x00,0x00,0x00,0x00,0x00,0x00,0x00,0x00,0x00,0x00,0x00,0x00,0x00,0x00,0x00,0x00,0x00,0x00,0x00,0x00,0x00,0x00,0x00,0x00,0x00,0x00,0x00,0x00,0x00,0x00,0x00,0x00,0x00,0x00,0x00,0x00,0x00,0x00,0x00,0x00,0x00,0x00,0x00,0x00,0x00,0x00,0x00,
    0x00,0x00,0x00,0x00,0x00,0x00,0x00,0x00,0x00,0x00,0x00,0x00,0x00,0x00,0x00,0x00,0x00,0x00,0x00,0x00,0x00,0x00,0x00,0x00,0x00,0x00,0x00,0x00,0x00,0x00,0x00,0x00,0x00,0x00,0x00,0x00,0x00,0x00,0x00,0x00,0x00,0x00,0x00,0x00,0x00,0x00,0x00,0x00,0x00,0x00,0x00,0x00,0x00,0x00,0x00,0x00,0x13,0x20,0x33,0x94,0x08,0x8a,0xf4,0xf4,0x9d,0x95,0x95,0xd4,0xef,0xd8,0x1c,0xa3,0x1e,0x00,0x18,0x8f,0x8c,0xe0,0xf4,0x9d,0x95,0x95,0xa3,0xda,0xf4,0x97,0x14,0x94,0x17,0x00,0x13,0x00,0x00,0x00,0x00,0x00,0x00,0x00,0x00,0x00,0x00,0x00,0x00,0x00,0x00,0x00,0x00,0x00,0x00,0x00,0x00,0x00,0x00,0x00,0x00,0x00,0x00,0x00,0x00,0x00,0x00,0x00,0x00,0x00,0x00,0x00,0x00,0x00,0x00,0x00,0x00,0x00,0x00,0x00,0x00,0x00,0x00,0x00,0x00,0x00,0x00,0x00,0x00,0x00,
    0x00,0x00,0x00,0x00,0x00,0x00,0x00,0x00,0x00,0x00,0x00,0x00,0x00,0x00,0x00,0x00,0x00,0x00,0x00,0x00,0x00,0x00,0x00,0x00,0x00,0x00,0x00,0x00,0x00,0x00,0x00,0x00,0x00,0x00,0x00,0x00,0x00,0x00,0x00,0x00,0x00,0x00,0x00,0x00,0x00,0x00,0x00,0x00,0x00,0x00,0x00,0x00,0x00,0x00,0x00,0x02,0x00,0x60,0x44,0x06,0x08,0x8e,0x8a,0xbe,0xd9,0xd8,0xd8,0xd9,0xd7,0xdc,0x14,0x93,0x1e,0x00,0x11,0x8f,0x14,0x8f,0xd4,0xe5,0xe0,0xd8,0xda,0xbe,0x9d,0x93,0xa3,0x94,0x17,0x00,0x13,0x00,0x00,0x00,0x00,0x00,0x00,0x00,0x00,0x00,0x00,0x00,0x00,0x00,0x00,0x00,0x00,0x00,0x00,0x00,0x00,0x00,0x00,0x00,0x00,0x00,0x00,0x00,0x00,0x00,0x00,0x00,0x00,0x00,0x00,0x00,0x00,0x00,0x00,0x00,0x00,0x00,0x00,0x00,0x00,0x00,0x00,0x00,0x00,0x00,0x00,0x00,0x00,0x00,
    0x00,0x00,0x00,0x00,0x00,0x00,0x00,0x00,0x00,0x00,0x00,0x00,0x00,0x00,0x00,0x00,0x00,0x00,0x00,0x00,0x00,0x00,0x00,0x00,0x00,0x00,0x00,0x00,0x00,0x00,0x00,0x00,0x00,0x00,0x00,0x00,0x00,0x00,0x00,0x00,0x00,0x00,0x00,0x00,0x00,0x00,0x00,0x00,0x00,0x00,0x00,0x00,0x00,0x00,0x00,0x03,0x00,0x18,0x28,0x8e,0x8e,0x94,0x8c,0x88,0xe5,0xda,0xda,0xed,0x97,0x95,0x14,0x90,0x18,0x03,0x34,0x90,0x14,0x95,0xdc,0xe5,0xda,0xda,0xed,0x93,0x95,0x93,0x1c,0x97,0x11,0x00,0x13,0x00,0x00,0x00,0x00,0x00,0x00,0x00,0x00,0x00,0x00,0x00,0x00,0x00,0x00,0x00,0x00,0x00,0x00,0x00,0x00,0x00,0x00,0x00,0x00,0x00,0x00,0x00,0x00,0x00,0x00,0x00,0x00,0x00,0x00,0x00,0x00,0x00,0x00,0x00,0x00,0x00,0x00,0x00,0x00,0x00,0x00,0x00,0x00,0x00,0x00,0x00,0x00,0x00,
    0x00,0x00,0x00,0x00,0x00,0x00,0x00,0x00,0x00,0x00,0x00,0x00,0x00,0x00,0x00,0x00,0x00,0x00,0x00,0x00,0x00,0x00,0x00,0x00,0x00,0x00,0x00,0x00,0x00,0x00,0x00,0x00,0x00,0x00,0x00,0x00,0x00,0x00,0x00,0x00,0x00,0x00,0x00,0x00,0x00,0x00,0x00,0x00,0x00,0x00,0x00,0x00,0x00,0x00,0x00,0x02,0x00,0x17,0x3a,0x14,0x97,0x8f,0xd8,0xfd,0xda,0xd4,0xd7,0xda,0xc7,0xbe,0x90,0x93,0x11,0x18,0x34,0x93,0x8f,0xe0,0xfd,0xda,0xbe,0xd4,0xd9,0xfd,0xe0,0x8f,0x1c,0x94,0x17,0x01,0x13,0x00,0x00,0x00,0x00,0x00,0x00,0x00,0x00,0x00,0x00,0x00,0x00,0x00,0x00,0x00,0x00,0x00,0x00,0x00,0x00,0x00,0x00,0x00,0x00,0x00,0x00,0x00,0x00,0x00,0x00,0x00,0x00,0x00,0x00,0x00,0x00,0x00,0x00,0x00,0x00,0x00,0x00,0x00,0x00,0x00,0x00,0x00,0x00,0x00,0x00,0x00,0x00,0x00,
    0x00,0x00,0x00,0x00,0x00,0x00,0x00,0x00,0x00,0x00,0x00,0x00,0x00,0x00,0x00,0x00,0x00,0x00,0x00,0x00,0x00,0x00,0x00,0x00,0x00,0x00,0x00,0x00,0x00,0x00,0x00,0x00,0x00,0x00,0x00,0x00,0x00,0x00,0x00,0x00,0x00,0x00,0x00,0x00,0x00,0x00,0x00,0x00,0x00,0x00,0x00,0x00,0x00,0x00,0x00,0x03,0x00,0x1e,0x44,0x14,0x97,0xa3,0xcb,0xa7,0xbe,0xd8,0xe0,0xd7,0xd4,0xd8,0x14,0x94,0x28,0x1e,0x2d,0x97,0x08,0xd8,0xa7,0xe0,0xf1,0xcb,0xe0,0xa7,0xcb,0x9d,0x94,0x93,0x34,0x00,0x00,0x00,0x00,0x00,0x00,0x00,0x00,0x00,0x00,0x00,0x00,0x00,0x00,0x00,0x00,0x00,0x00,0x00,0x00,0x00,0x00,0x00,0x00,0x00,0x00,0x00,0x00,0x00,0x00,0x00,0x00,0x00,0x00,0x00,0x00,0x00,0x00,0x00,0x00,0x00,0x00,0x00,0x00,0x00,0x00,0x00,0x00,0x00,0x00,0x00,0x00,0x00,0x00,0x00,
    0x00,0x00,0x00,0x00,0x00,0x00,0x00,0x00,0x00,0x00,0x00,0x00,0x00,0x00,0x00,0x00,0x00,0x00,0x00,0x00,0x00,0x00,0x00,0x00,0x00,0x00,0x00,0x00,0x00,0x00,0x00,0x00,0x00,0x00,0x00,0x00,0x00,0x00,0x00,0x00,0x00,0x00,0x00,0x00,0x00,0x00,0x00,0x00,0x00,0x00,0x00,0x00,0x00,0x00,0x00,0x01,0x00,0x10,0x44,0x90,0x90,0x90,0x95,0x95,0x95,0x95,0x8c,0x95,0x8c,0x8c,0x97,0x8e,0x77,0x0a,0x28,0x97,0x06,0x95,0x95,0x8c,0x90,0x90,0x95,0x95,0x95,0x90,0x90,0x90,0x77,0x0a,0x00,0x01,0x00,0x00,0x00,0x00,0x00,0x00,0x00,0x00,0x00,0x00,0x00,0x00,0x00,0x00,0x00,0x00,0x00,0x00,0x00,0x00,0x00,0x00,0x00,0x00,0x00,0x00,0x00,0x00,0x00,0x00,0x00,0x00,0x00,0x00,0x00,0x00,0x00,0x00,0x00,0x00,0x00,0x00,0x00,0x00,0x00,0x00,0x00,0x00,0x00,0x00,0x00,0x00,
    0x00,0x00,0x00,0x00,0x00,0x00,0x00,0x00,0x00,0x00,0x00,0x00,0x00,0x00,0x00,0x00,0x00,0x00,0x00,0x00,0x00,0x00,0x00,0x00,0x00,0x00,0x00,0x00,0x00,0x00,0x00,0x00,0x00,0x00,0x00,0x00,0x00,0x00,0x00,0x00,0x00,0x00,0x00,0x00,0x00,0x00,0x00,0x00,0x00,0x00,0x00,0x00,0x00,0x00,0x00,0x02,0x00,0x0e,0x8f,0x94,0x97,0x90,0x90,0x8f,0x8f,0x97,0x97,0x8f,0x90,0x90,0x90,0x8f,0x14,0x11,0x90,0x8e,0x8a,0x8e,0x8f,0x8f,0x8f,0x8f,0x8f,0x8f,0x90,0x90,0x90,0x8f,0x90,0x0e,0x00,0x02,0x00,0x00,0x00,0x00,0x00,0x00,0x00,0x00,0x00,0x00,0x00,0x00,0x00,0x00,0x00,0x00,0x00,0x00,0x00,0x00,0x00,0x00,0x00,0x00,0x00,0x00,0x00,0x00,0x00,0x00,0x00,0x00,0x00,0x00,0x00,0x00,0x00,0x00,0x00,0x00,0x00,0x00,0x00,0x00,0x00,0x00,0x00,0x00,0x00,0x00,0x00,0x00,
    0x00,0x00,0x00,0x00,0x00,0x00,0x00,0x00,0x00,0x00,0x00,0x00,0x00,0x00,0x00,0x00,0x00,0x00,0x00,0x00,0x00,0x00,0x00,0x00,0x00,0x00,0x00,0x00,0x00,0x00,0x00,0x00,0x00,0x00,0x00,0x00,0x00,0x00,0x00,0x00,0x00,0x00,0x00,0x00,0x00,0x00,0x00,0x00,0x00,0x00,0x00,0x00,0x00,0x00,0x00,0x02,0x00,0x0e,0x8f,0x08,0x8a,0x8e,0x8f,0x90,0x90,0x8f,0x8f,0x90,0x97,0x94,0x97,0x8e,0x8e,0x8e,0x90,0x94,0x8e,0x93,0x90,0x90,0x90,0x90,0x90,0x90,0x90,0x90,0x8c,0x14,0x8f,0x0e,0x00,0x02,0x00,0x00,0x00,0x00,0x00,0x00,0x00,0x00,0x00,0x00,0x00,0x00,0x00,0x00,0x00,0x00,0x00,0x00,0x00,0x00,0x00,0x00,0x00,0x00,0x00,0x00,0x00,0x00,0x00,0x00,0x00,0x00,0x00,0x00,0x00,0x00,0x00,0x00,0x00,0x00,0x00,0x00,0x00,0x00,0x00,0x00,0x00,0x00,0x00,0x00,0x00,0x00,
    0x00,0x00,0x00,0x00,0x00,0x00,0x00,0x00,0x00,0x00,0x00,0x00,0x00,0x00,0x00,0x00,0x00,0x00,0x00,0x00,0x00,0x00,0x00,0x00,0x00,0x00,0x00,0x00,0x00,0x00,0x00,0x00,0x00,0x00,0x00,0x00,0x00,0x00,0x00,0x00,0x00,0x00,0x00,0x00,0x00,0x00,0x00,0x00,0x00,0x00,0x00,0x00,0x00,0x00,0x01,0x00,0x20,0x17,0x90,0x8f,0x94,0x94,0x90,0x90,0x90,0x90,0x90,0x8f,0x93,0x94,0x93,0x94,0x94,0xa3,0x90,0x90,0x90,0x90,0x90,0x90,0x90,0x90,0x90,0x90,0x90,0x97,0x94,0x14,0x90,0x0e,0x00,0x02,0x00,0x00,0x00,0x00,0x00,0x00,0x00,0x00,0x00,0x00,0x00,0x00,0x00,0x00,0x00,0x00,0x00,0x00,0x00,0x00,0x00,0x00,0x00,0x00,0x00,0x00,0x00,0x00,0x00,0x00,0x00,0x00,0x00,0x00,0x00,0x00,0x00,0x00,0x00,0x00,0x00,0x00,0x00,0x00,0x00,0x00,0x00,0x00,0x00,0x00,0x00,0x00,
    0x00,0x00,0x00,0x00,0x00,0x00,0x00,0x00,0x00,0x00,0x00,0x00,0x00,0x00,0x00,0x00,0x00,0x00,0x00,0x00,0x00,0x00,0x00,0x00,0x00,0x00,0x00,0x00,0x00,0x00,0x00,0x00,0x00,0x00,0x00,0x00,0x00,0x00,0x00,0x00,0x00,0x00,0x00,0x00,0x00,0x00,0x00,0x00,0x00,0x00,0x00,0x00,0x00,0x00,0x01,0x00,0x10,0x33,0x94,0x97,0x90,0x97,0x97,0x8f,0x90,0x90,0x90,0x90,0x90,0x90,0x90,0x90,0x94,0xa3,0x8f,0x8c,0x90,0x90,0x90,0x90,0x90,0x90,0x90,0x90,0x90,0x90,0x8f,0x14,0x8f,0x0e,0x00,0x02,0x00,0x00,0x00,0x00,0x00,0x00,0x00,0x00,0x00,0x00,0x00,0x00,0x00,0x00,0x00,0x00,0x00,0x00,0x00,0x00,0x00,0x00,0x00,0x00,0x00,0x00,0x00,0x00,0x00,0x00,0x00,0x00,0x00,0x00,0x00,0x00,0x00,0x00,0x00,0x00,0x00,0x00,0x00,0x00,0x00,0x00,0x00,0x00,0x00,0x00,0x00,0x00,
    0x00,0x00,0x00,0x00,0x00,0x00,0x00,0x00,0x00,0x00,0x00,0x00,0x00,0x00,0x00,0x00,0x00,0x00,0x00,0x00,0x00,0x00,0x00,0x00,0x00,0x00,0x00,0x00,0x00,0x00,0x00,0x00,0x00,0x00,0x00,0x00,0x00,0x00,0x00,0x00,0x00,0x00,0x00,0x00,0x00,0x00,0x00,0x00,0x00,0x00,0x00,0x00,0x00,0x00,0x01,0x00,0x10,0x39,0x9d,0x9d,0xa3,0x88,0x8e,0x97,0x8f,0x8f,0x90,0x90,0x90,0x8f,0x97,0x94,0x06,0x8a,0x06,0x94,0x8f,0x8f,0x90,0x90,0x97,0x97,0x8f,0x8f,0x97,0x8e,0x88,0x08,0x8e,0x0e,0x00,0x02,0x00,0x00,0x00,0x00,0x00,0x00,0x00,0x00,0x00,0x00,0x00,0x00,0x00,0x00,0x00,0x00,0x00,0x00,0x00,0x00,0x00,0x00,0x00,0x00,0x00,0x00,0x00,0x00,0x00,0x00,0x00,0x00,0x00,0x00,0x00,0x00,0x00,0x00,0x00,0x00,0x00,0x00,0x00,0x00,0x00,0x00,0x00,0x00,0x00,0x00,0x00,0x00,
    0x00,0x00,0x00,0x00,0x00,0x00,0x00,0x00,0x00,0x00,0x00,0x00,0x00,0x00,0x00,0x00,0x00,0x00,0x00,0x00,0x00,0x00,0x00,0x00,0x00,0x00,0x00,0x00,0x00,0x00,0x00,0x00,0x00,0x00,0x00,0x00,0x00,0x00,0x00,0x00,0x00,0x00,0x00,0x00,0x00,0x00,0x00,0x00,0x00,0x00,0x00,0x00,0x00,0x00,0x00,0x03,0x03,0x33,0xa7,0xa7,0xa7,0xa7,0xa7,0x9d,0xa3,0x8a,0x8a,0x88,0x06,0x9d,0x9d,0x9d,0xa3,0x08,0xa3,0x9d,0xa3,0x9d,0x9d,0x9d,0xa7,0x9d,0xa3,0xa7,0xa7,0xa7,0xa7,0xa3,0x28,0x13,0x00,0x00,0x00,0x00,0x00,0x00,0x00,0x00,0x00,0x00,0x00,0x00,0x00,0x00,0x00,0x00,0x00,0x00,0x00,0x00,0x00,0x00,0x00,0x00,0x00,0x00,0x00,0x00,0x00,0x00,0x00,0x00,0x00,0x00,0x00,0x00,0x00,0x00,0x00,0x00,0x00,0x00,0x00,0x00,0x00,0x00,0x00,0x00,0x00,0x00,0x00,0x00,0x00,0x00,
    0x00,0x00,0x00,0x00,0x00,0x00,0x00,0x00,0x00,0x00,0x00,0x00,0x00,0x00,0x00,0x00,0x00,0x00,0x00,0x00,0x00,0x00,0x00,0x00,0x00,0x00,0x00,0x00,0x00,0x00,0x00,0x00,0x00,0x00,0x00,0x00,0x00,0x00,0x00,0x00,0x00,0x00,0x00,0x00,0x00,0x00,0x00,0x00,0x00,0x00,0x00,0x00,0x00,0x00,0x00,0x02,0x00,0x1e,0x2d,0x8e,0xa3,0x9d,0x9d,0x9d,0x9d,0xa3,0x9d,0x9d,0xa7,0xa7,0xa7,0x9d,0x28,0x11,0x28,0xa3,0xa7,0xa7,0xa7,0x9d,0xa3,0x9d,0xa7,0xa7,0xa7,0xa7,0xa7,0xa7,0x39,0x00,0x02,0x00,0x00,0x00,0x00,0x00,0x00,0x00,0x00,0x00,0x00,0x00,0x00,0x00,0x00,0x00,0x00,0x00,0x00,0x00,0x00,0x00,0x00,0x00,0x00,0x00,0x00,0x00,0x00,0x00,0x00,0x00,0x00,0x00,0x00,0x00,0x00,0x00,0x00,0x00,0x00,0x00,0x00,0x00,0x00,0x00,0x00,0x00,0x00,0x00,0x00,0x00,0x00,0x00,
    0x00,0x00,0x00,0x00,0x00,0x00,0x00,0x00,0x00,0x00,0x00,0x00,0x00,0x00,0x00,0x00,0x00,0x00,0x00,0x00,0x00,0x00,0x00,0x00,0x00,0x00,0x00,0x00,0x00,0x00,0x00,0x00,0x00,0x00,0x00,0x00,0x00,0x00,0x00,0x00,0x00,0x00,0x00,0x00,0x00,0x00,0x00,0x00,0x00,0x00,0x00,0x00,0x00,0x00,0x00,0x00,0x00,0x04,0x00,0x18,0x1d,0x1d,0x88,0x9d,0x9d,0x9d,0x9d,0x9d,0xa3,0x1d,0x1d,0x60,0x20,0x00,0x0a,0x39,0x28,0x06,0x9d,0x9d,0x9d,0x9d,0x9d,0x9d,0xa3,0x08,0x2d,0x60,0x1e,0x01,0x03,0x00,0x00,0x00,0x00,0x00,0x00,0x00,0x00,0x00,0x00,0x00,0x00,0x00,0x00,0x00,0x00,0x00,0x00,0x00,0x00,0x00,0x00,0x00,0x00,0x00,0x00,0x00,0x00,0x00,0x00,0x00,0x00,0x00,0x00,0x00,0x00,0x00,0x00,0x00,0x00,0x00,0x00,0x00,0x00,0x00,0x00,0x00,0x00,0x00,0x00,0x00,0x00,0x00,
    0x00,0x00,0x00,0x00,0x00,0x00,0x00,0x00,0x00,0x00,0x00,0x00,0x00,0x00,0x00,0x00,0x00,0x00,0x00,0x00,0x00,0x00,0x00,0x00,0x00,0x00,0x00,0x00,0x00,0x00,0x00,0x00,0x00,0x00,0x00,0x00,0x00,0x00,0x00,0x00,0x00,0x00,0x00,0x00,0x00,0x00,0x00,0x00,0x00,0x00,0x00,0x00,0x00,0x00,0x00,0x00,0x00,0x00,0x01,0x00,0x00,0x00,0x0a,0x0a,0x0a,0x0a,0x0a,0x0a,0x0a,0x00,0x00,0x00,0x00,0x01,0x00,0x00,0x20,0x0a,0x0a,0x0a,0x0a,0x0a,0x0a,0x0a,0x0a,0x0a,0x00,0x00,0x04,0x00,0x00,0x00,0x00,0x00,0x00,0x00,0x00,0x00,0x00,0x00,0x00,0x00,0x00,0x00,0x00,0x00,0x00,0x00,0x00,0x00,0x00,0x00,0x00,0x00,0x00,0x00,0x00,0x00,0x00,0x00,0x00,0x00,0x00,0x00,0x00,0x00,0x00,0x00,0x00,0x00,0x00,0x00,0x00,0x00,0x00,0x00,0x00,0x00,0x00,0x00,0x00,0x00,0x00,0x00,
    0x00,0x00,0x00,0x00,0x00,0x00,0x00,0x00,0x00,0x00,0x00,0x00,0x00,0x00,0x00,0x00,0x00,0x00,0x00,0x00,0x00,0x00,0x00,0x00,0x00,0x00,0x00,0x00,0x00,0x00,0x00,0x00,0x00,0x00,0x00,0x00,0x00,0x00,0x00,0x00,0x00,0x00,0x00,0x00,0x00,0x00,0x00,0x00,0x00,0x00,0x00,0x00,0x00,0x00,0x00,0x00,0x00,0x00,0x00,0x02,0x02,0x01,0x00,0x00,0x00,0x00,0x00,0x00,0x00,0x03,0x02,0x02,0x01,0x00,0x03,0x02,0x00,0x00,0x00,0x00,0x00,0x00,0x00,0x00,0x00,0x00,0x02,0x02,0x02,0x00,0x00,0x00,0x00,0x00,0x00,0x00,0x00,0x00,0x00,0x00,0x00,0x00,0x00,0x00,0x00,0x00,0x00,0x00,0x00,0x00,0x00,0x00,0x00,0x00,0x00,0x00,0x00,0x00,0x00,0x00,0x00,0x00,0x00,0x00,0x00,0x00,0x00,0x00,0x00,0x00,0x00,0x00,0x00,0x00,0x00,0x00,0x00,0x00,0x00,0x00,0x00,0x00,0x00,0x00,

};

const lv_image_dsc_t passport_pet_review_4 = {
  .header = {
    .magic = LV_IMAGE_HEADER_MAGIC,
    .cf = LV_COLOR_FORMAT_I8,
    .flags = 0,
    .w = 144,
    .h = 156,
    .stride = 144,
    .reserved_2 = 0,
  },
  .data_size = sizeof(passport_pet_review_4_map),
  .data = passport_pet_review_4_map,
  .reserved = NULL,
};
