
#if defined(LV_LVGL_H_INCLUDE_SIMPLE)
#include "lvgl.h"
#elif defined(LV_LVGL_H_INCLUDE_SYSTEM)
#include <lvgl.h>
#elif defined(LV_BUILD_TEST)
#include "../lvgl.h"
#else
#include "lvgl/lvgl.h"
#endif

#ifndef LV_ATTRIBUTE_MEM_ALIGN
#define LV_ATTRIBUTE_MEM_ALIGN
#endif

#ifndef LV_ATTRIBUTE_PASSPORT_PET_REVIEW_1
#define LV_ATTRIBUTE_PASSPORT_PET_REVIEW_1
#endif

static const
LV_ATTRIBUTE_MEM_ALIGN LV_ATTRIBUTE_LARGE_CONST LV_ATTRIBUTE_PASSPORT_PET_REVIEW_1
uint8_t passport_pet_review_1_map[] = {

    0x4c,0x70,0x47,0x00,0x56,0x4e,0x53,0x01,0x29,0x23,0x18,0x02,0xc3,0xff,0xd9,0x01,
    0x18,0x13,0x16,0xfc,0x9a,0xb1,0xb0,0x03,0x22,0x1b,0x1d,0x07,0x98,0xad,0xba,0xfe,
    0x25,0x22,0x21,0x11,0xde,0xf3,0xfe,0xff,0x0b,0x09,0x0b,0xfb,0xe3,0xf1,0xed,0x02,
    0x15,0x16,0x12,0x33,0xb3,0xcd,0xde,0xfe,0x13,0x0f,0x0f,0xc2,0x10,0x0e,0x0f,0x76,
    0x10,0x0d,0x10,0xfb,0xa9,0xc7,0xd6,0xfd,0xd8,0x86,0x07,0xfe,0x19,0x12,0x14,0xbc,
    0x8d,0xa5,0xa8,0xd8,0x83,0xa0,0xa0,0x1e,0x16,0x14,0x0a,0x1d,0x67,0x74,0x63,0x25,
    0xc8,0xd8,0xd8,0x08,0x10,0x0b,0x0b,0x64,0x91,0x98,0xa2,0xfe,0x11,0x0d,0x0f,0x85,
    0x2a,0x2b,0x29,0x04,0x10,0x0e,0x0d,0x54,0x6c,0x8d,0x8c,0x44,0x12,0x12,0x10,0x43,
    0x14,0x0f,0x11,0xd1,0x75,0x7c,0x88,0xfd,0x2b,0x25,0x2d,0xfe,0x80,0x98,0x9e,0x06,
    0xd8,0xe5,0xea,0xe2,0x8f,0x9f,0xa1,0x89,0x11,0x0d,0x0c,0x98,0xa3,0xbd,0xd1,0xfe,
    0xd9,0xe0,0xe6,0x59,0x44,0x5a,0x5b,0x33,0x84,0x9f,0x9d,0x31,0x72,0x96,0x94,0x70,
    0xef,0xf3,0xf9,0xf3,0xdb,0xe2,0xe8,0x7c,0xcf,0xdb,0xdf,0x40,0x68,0x6e,0x51,0x16,
    0x16,0x13,0x13,0xaf,0xd6,0xdd,0xdd,0x23,0x5b,0x76,0x7a,0x97,0xb2,0xc1,0xc8,0x95,
    0x7b,0x95,0x8d,0xc1,0x17,0x12,0x13,0xe6,0x0f,0x0b,0x0e,0xeb,0xa2,0x6b,0x0c,0xfe,
    0x85,0x64,0x02,0x64,0x4a,0x5c,0x63,0xde,0xcf,0xdc,0xe2,0xdc,0x67,0x7c,0x6c,0x0e,
    0x83,0x84,0x89,0xfd,0x6a,0x90,0x8e,0x9c,0xe6,0xec,0xf2,0xbb,0x83,0x5c,0x0c,0xfb,
    0x5f,0x73,0x7f,0x76,0x62,0x84,0x80,0xbe,0xc5,0xd2,0xdc,0xd2,0x9e,0xb4,0xbb,0xcf,
    0x16,0x11,0x12,0xde,0xc2,0xcc,0xd6,0xfd,0x70,0x82,0x92,0xde,0xe3,0xe9,0xed,0xa4,
    0x5e,0x72,0x80,0xd5,0x6e,0x9a,0x93,0xf7,0x8f,0x6a,0x05,0xa8,0xad,0xc8,0xc7,0x6e,
    0xa2,0xc0,0xc4,0xef,0x79,0x60,0x0a,0x91,0xb2,0xc3,0xc9,0xd7,0x8e,0xa5,0xa4,0x59,
    0x7a,0x90,0xa1,0xf8,0x37,0x51,0x57,0xbc,0x19,0x13,0x10,0xa1,0x9d,0xac,0xab,0xf9,
    0x0c,0x09,0x0b,0xda,0x6c,0x72,0x7a,0xfc,0xd9,0xe0,0xe6,0x11,0xeb,0xf1,0xf6,0xe3,
    0x45,0x4f,0x53,0x97,0xb6,0xbf,0xc2,0x58,0x8c,0xa4,0xa2,0xab,0xb8,0xcb,0xd0,0xb3,
    0xc1,0x85,0x07,0xfb,0x80,0x97,0x96,0xda,0x1a,0x13,0x15,0xf6,0x7f,0x85,0x6c,0x80,
    0x63,0x83,0x7f,0x52,0x4b,0x5e,0x5f,0x67,0xa3,0xb5,0xbc,0x3f,0x51,0x66,0x5e,0x86,
    0x58,0x6b,0x6d,0xbc,0x6e,0x5a,0x0b,0xc3,0x82,0x97,0x99,0x58,0x8a,0x48,0x0e,0xfc,
    0x4d,0x75,0x68,0xfa,0x9a,0x68,0x06,0xdd,0x43,0x57,0x4f,0x45,0x33,0x46,0x2d,0x6e,
    0x8c,0xa6,0x9e,0xf2,0xc8,0xd5,0xdf,0xf3,0xd4,0xac,0x06,0xf6,0x62,0x8a,0x89,0xf0,
    0x35,0x5b,0x4c,0x53,0x39,0x43,0x3d,0xc7,0x9b,0xbc,0xbc,0xb1,0x81,0x64,0x02,0x39,
    0x56,0x62,0x76,0x52,0xb4,0x7c,0x08,0xe1,0xa5,0x82,0x02,0x44,0x50,0x72,0x6e,0x5a,
    0x93,0x73,0x06,0xc2,0x63,0xbe,0xa4,0xfb,0x67,0x74,0x92,0x60,0xd6,0x81,0x00,0x03,
    0x65,0xac,0x7d,0xfd,0x18,0x13,0x16,0xff,0xcd,0xea,0xfb,0xff,0x19,0x14,0x17,0xff,
    0x09,0x07,0x0a,0xff,0x13,0x0e,0x12,0xff,0x0c,0x09,0x0c,0xff,0x10,0x0c,0x0f,0xff,
    0xf0,0xf8,0xfd,0xff,0xcc,0xe8,0xfb,0xff,0x16,0x11,0x14,0xff,0xe4,0xed,0xfa,0xff,
    0xcb,0xe7,0xf9,0xff,0x02,0x02,0x04,0xff,0xef,0xf6,0xfc,0xff,0xec,0xf4,0xfb,0xff,
    0xf5,0x99,0x02,0xff,0xe8,0xf1,0xfb,0xff,0xd1,0xed,0xfe,0xff,0xcc,0xec,0xfc,0xff,
    0xd1,0xf0,0xff,0xff,0xd4,0xf3,0xff,0xff,0xfc,0xff,0xff,0xff,0xf3,0xfb,0xff,0xff,
    0xf9,0x9c,0x02,0xff,0x25,0x18,0x1d,0xff,0x28,0x1d,0x23,0xff,0xd9,0xef,0xfd,0xff,
    0xdf,0xeb,0xfa,0xff,0xfa,0xa1,0x02,0xff,0x1b,0x16,0x1a,0xff,0xf4,0xfe,0xff,0xff,
    0xe5,0xf6,0xff,0xff,0xef,0x8f,0x02,0xff,0xda,0xf7,0xff,0xff,0xc0,0xe1,0xf3,0xff,
    0x96,0xa5,0xb8,0xff,0xfd,0xa6,0x02,0xff,0xc6,0xe5,0xf8,0xff,0xd5,0xe1,0xf5,0xff,
    0xf5,0x94,0x01,0xff,0xbe,0xdb,0xe9,0xff,0xc9,0xd2,0xde,0xff,0xcb,0xd8,0xe5,0xff,
    0xe8,0x87,0x01,0xff,0xd5,0xeb,0xfa,0xff,0xb4,0xc1,0xd0,0xff,0xa2,0xb0,0xc2,0xff,
    0xd7,0x79,0x03,0xff,0x47,0x27,0x31,0xff,0xd7,0xe8,0xf9,0xff,0xd8,0xde,0xe6,0xff,
    0xb1,0xba,0xc6,0xff,0x9c,0xb6,0xc8,0xff,0xb0,0x54,0x6c,0xff,0x86,0x96,0xac,0xff,
    0x7a,0x3c,0x4e,0xff,0xb6,0xd3,0xe4,0xff,0xab,0xb5,0xbe,0xff,0x98,0xa1,0xaa,0xff,
    0x55,0x32,0x3c,0xff,0x8a,0x8e,0x9c,0xff,0x85,0x46,0x59,0xff,0xbc,0xc7,0xd1,0xff,
    0xcc,0xd7,0xf3,0xff,0x66,0x34,0x42,0xff,0x84,0x96,0xcf,0xff,0xe2,0xfd,0xff,0xff,
    0xbb,0xc9,0xf5,0xff,0x9f,0x4d,0x64,0xff,0x30,0x33,0x39,0xff,0xae,0xbe,0xfd,0xff,
    0xcc,0xdd,0xf4,0xff,0x90,0x4e,0x60,0xff,0xc7,0xd4,0xf7,0xff,0xe0,0xe7,0xef,0xfe,
    0xbb,0x5e,0x79,0xff,0x40,0x1c,0x27,0xff,0xcc,0xe0,0xec,0xff,0xba,0xc2,0xc3,0xff,
    0xaa,0x56,0x09,0xff,0x56,0x48,0x4f,0xff,0xbf,0x72,0x08,0xff,0xbb,0x87,0x2e,0xff,
    0x65,0x78,0x99,0xff,0x73,0x84,0x9e,0xff,0x3a,0x41,0x3e,0xff,0x9d,0x71,0x33,0xff,
    0x8b,0x75,0x85,0xff,0x51,0x5d,0x77,0xff,0x83,0xa1,0xae,0xff,0x65,0x75,0x87,0xff,
    0xde,0x92,0x08,0xff,0xaf,0xad,0xb4,0xff,0xa0,0xb0,0xf5,0xff,0x95,0xa7,0xde,0xff,
    0x51,0x51,0x5a,0xff,0xba,0xa8,0x88,0xff,0x28,0x7c,0x7f,0xff,0x55,0x62,0x88,0xff,
    0x79,0x8d,0xb0,0xff,0xe6,0x5b,0x7b,0xff,0xbd,0x9d,0x68,0xff,0xe0,0x67,0x86,0xff,
    0xc3,0x44,0x5f,0xff,0xa2,0x9a,0x91,0xff,0x94,0x7e,0x54,0xff,0x3b,0x41,0x5c,0xff,
    0xa3,0x3d,0x56,0xff,0x58,0x60,0x5c,0xff,0x41,0x25,0x0e,0xff,0xaf,0xc2,0xe1,0xff,
    0x6f,0x7e,0xb7,0xff,0x66,0x69,0x70,0xff,0xf5,0x8b,0xa9,0xff,0x62,0x35,0x0b,0xff,
    0xf4,0xba,0xd1,0xff,0xa8,0x8e,0x62,0xff,0xd2,0x61,0x00,0xff,0xd7,0x4d,0x67,0xff,
    0x68,0x42,0x0e,0xff,0x09,0xb3,0xd2,0xff,0x7e,0x5d,0x68,0xff,0x86,0x2a,0x44,0xff,
    0x6b,0x5e,0x35,0xff,0x03,0xdf,0xff,0xff,0xda,0x9f,0xb3,0xff,0xf4,0xd0,0xe0,0xff,
    0x1e,0x60,0x65,0xff,0xb1,0x73,0x83,0xff,0x72,0xdb,0xcf,0xff,0x00,0xbe,0xf1,0xff,

    0x00,0x00,0x00,0x00,0x00,0x00,0x00,0x00,0x00,0x00,0x00,0x00,0x00,0x00,0x00,0x00,0x00,0x00,0x00,0x00,0x00,0x00,0x00,0x00,0x00,0x00,0x00,0x00,0x00,0x00,0x00,0x00,0x00,0x00,0x00,0x00,0x00,0x00,0x00,0x00,0x00,0x00,0x00,0x00,0x00,0x00,0x00,0x00,0x00,0x00,0x00,0x00,0x00,0x00,0x00,0x00,0x00,0x00,0x00,0x00,0x00,0x00,0x00,0x00,0x0b,0x00,0x00,0x00,0x00,0x00,0x00,0x00,0x00,0x00,0x00,0x00,0x00,0x00,0x00,0x00,0x00,0x00,0x00,0x00,0x00,0x00,0x00,0x00,0x00,0x00,0x00,0x00,0x00,0x00,0x00,0x00,0x00,0x00,0x00,0x00,0x00,0x00,0x00,0x00,0x00,0x00,0x00,0x00,0x00,0x00,0x00,0x00,0x00,0x00,0x00,0x00,0x00,0x00,0x00,0x00,0x00,0x00,0x00,0x00,0x00,0x00,0x00,0x00,0x00,0x00,0x00,0x00,0x00,0x00,0x00,0x00,0x00,0x00,0x00,0x00,0x00,0x00,0x00,0x00,
    0x00,0x00,0x00,0x00,0x00,0x00,0x00,0x00,0x00,0x00,0x00,0x00,0x00,0x00,0x00,0x00,0x00,0x00,0x00,0x00,0x00,0x00,0x00,0x00,0x00,0x00,0x00,0x00,0x00,0x00,0x00,0x00,0x00,0x00,0x00,0x00,0x00,0x00,0x00,0x00,0x00,0x00,0x00,0x00,0x00,0x00,0x00,0x00,0x00,0x00,0x00,0x00,0x00,0x00,0x00,0x00,0x00,0x00,0x00,0x00,0x00,0x00,0x00,0x00,0x00,0x05,0x00,0x29,0x29,0x1c,0x00,0x00,0x00,0x00,0x00,0x00,0x00,0x00,0x00,0x00,0x00,0x00,0x00,0x00,0x00,0x00,0x00,0x00,0x00,0x00,0x00,0x00,0x00,0x00,0x00,0x00,0x00,0x00,0x00,0x00,0x00,0x00,0x00,0x00,0x00,0x00,0x00,0x00,0x00,0x00,0x00,0x00,0x00,0x00,0x00,0x00,0x00,0x00,0x00,0x00,0x00,0x00,0x00,0x00,0x00,0x00,0x00,0x00,0x00,0x00,0x00,0x00,0x00,0x00,0x00,0x00,0x00,0x00,0x00,0x00,0x00,0x00,0x00,0x00,
    0x00,0x00,0x00,0x00,0x00,0x00,0x00,0x00,0x00,0x00,0x00,0x00,0x00,0x00,0x00,0x00,0x00,0x00,0x00,0x00,0x00,0x00,0x00,0x00,0x00,0x00,0x00,0x00,0x00,0x00,0x00,0x00,0x00,0x00,0x00,0x00,0x00,0x00,0x00,0x00,0x00,0x00,0x00,0x00,0x00,0x00,0x00,0x00,0x00,0x00,0x00,0x00,0x00,0x00,0x00,0x00,0x00,0x00,0x00,0x00,0x00,0x00,0x03,0x02,0x62,0x25,0x64,0x39,0x51,0x2a,0x00,0x00,0x00,0x00,0x00,0x00,0x00,0x00,0x00,0x00,0x00,0x00,0x00,0x00,0x00,0x00,0x00,0x00,0x00,0x00,0x00,0x00,0x00,0x00,0x00,0x00,0x00,0x00,0x00,0x00,0x00,0x00,0x00,0x00,0x00,0x00,0x00,0x00,0x00,0x00,0x00,0x00,0x00,0x00,0x00,0x00,0x00,0x00,0x00,0x00,0x00,0x00,0x00,0x00,0x00,0x00,0x00,0x00,0x00,0x00,0x00,0x00,0x00,0x00,0x00,0x00,0x00,0x00,0x00,0x00,0x00,0x00,0x00,0x00,
    0x00,0x00,0x00,0x00,0x00,0x00,0x00,0x00,0x00,0x00,0x00,0x00,0x00,0x00,0x00,0x00,0x00,0x00,0x00,0x00,0x00,0x00,0x00,0x00,0x00,0x00,0x00,0x00,0x00,0x00,0x00,0x00,0x00,0x00,0x00,0x00,0x00,0x00,0x00,0x00,0x00,0x00,0x00,0x00,0x00,0x00,0x00,0x00,0x00,0x00,0x00,0x00,0x00,0x00,0x00,0x00,0x00,0x00,0x00,0x00,0x00,0x05,0x00,0x28,0x42,0xb0,0x41,0x70,0x6a,0x02,0x00,0x00,0x00,0x00,0x00,0x00,0x00,0x00,0x00,0x00,0x00,0x00,0x00,0x00,0x00,0x00,0x00,0x00,0x00,0x00,0x00,0x00,0x00,0x00,0x00,0x00,0x00,0x00,0x00,0x00,0x00,0x00,0x00,0x00,0x00,0x00,0x00,0x00,0x00,0x00,0x00,0x00,0x00,0x00,0x00,0x00,0x00,0x00,0x00,0x00,0x00,0x00,0x00,0x00,0x00,0x00,0x00,0x00,0x00,0x00,0x00,0x00,0x00,0x00,0x00,0x00,0x00,0x00,0x00,0x00,0x00,0x00,0x00,0x00,
    0x00,0x00,0x00,0x00,0x00,0x00,0x00,0x00,0x00,0x00,0x00,0x00,0x00,0x00,0x00,0x00,0x00,0x00,0x00,0x00,0x00,0x00,0x00,0x00,0x00,0x00,0x00,0x00,0x00,0x00,0x00,0x00,0x00,0x00,0x00,0x00,0x00,0x00,0x00,0x00,0x00,0x00,0x00,0x00,0x00,0x00,0x00,0x00,0x00,0x00,0x00,0x00,0x00,0x00,0x00,0x00,0x00,0x00,0x00,0x00,0x0b,0x00,0x28,0x24,0x8d,0x3e,0x31,0x00,0x00,0x00,0x00,0x00,0x00,0x00,0x00,0x00,0x00,0x00,0x00,0x00,0x00,0x00,0x00,0x00,0x00,0x00,0x00,0x00,0x00,0x00,0x00,0x00,0x00,0x00,0x00,0x00,0x00,0x00,0x00,0x00,0x00,0x00,0x00,0x00,0x00,0x00,0x00,0x00,0x00,0x00,0x00,0x00,0x00,0x00,0x00,0x00,0x00,0x00,0x00,0x00,0x00,0x00,0x00,0x00,0x00,0x00,0x00,0x00,0x00,0x00,0x00,0x00,0x00,0x00,0x00,0x00,0x00,0x00,0x00,0x00,0x00,0x00,0x00,0x00,
    0x00,0x00,0x00,0x00,0x00,0x00,0x00,0x00,0x00,0x00,0x00,0x00,0x00,0x00,0x00,0x00,0x00,0x00,0x00,0x00,0x00,0x00,0x00,0x00,0x00,0x00,0x00,0x00,0x00,0x00,0x00,0x00,0x00,0x00,0x00,0x00,0x00,0x00,0x00,0x00,0x00,0x00,0x00,0x00,0x00,0x00,0x00,0x00,0x00,0x00,0x00,0x00,0x00,0x00,0x00,0x00,0x00,0x00,0x00,0x05,0x00,0x2a,0x5b,0x8d,0x24,0x33,0x00,0x05,0x02,0x00,0x00,0x00,0x00,0x00,0x00,0x00,0x00,0x00,0x00,0x00,0x00,0x00,0x00,0x00,0x00,0x00,0x00,0x00,0x00,0x00,0x00,0x00,0x00,0x00,0x00,0x00,0x00,0x00,0x00,0x00,0x00,0x00,0x00,0x00,0x00,0x00,0x00,0x00,0x00,0x00,0x00,0x00,0x00,0x00,0x00,0x00,0x00,0x00,0x00,0x00,0x00,0x00,0x00,0x00,0x00,0x00,0x00,0x00,0x00,0x00,0x00,0x00,0x00,0x00,0x00,0x00,0x00,0x00,0x00,0x00,0x00,0x00,0x00,0x00,
    0x00,0x00,0x00,0x00,0x00,0x00,0x00,0x00,0x00,0x00,0x00,0x00,0x00,0x00,0x00,0x00,0x00,0x00,0x00,0x00,0x00,0x00,0x00,0x00,0x00,0x00,0x00,0x00,0x00,0x00,0x00,0x00,0x00,0x00,0x00,0x00,0x00,0x00,0x00,0x00,0x00,0x00,0x00,0x00,0x00,0x00,0x00,0x00,0x00,0x00,0x00,0x00,0x00,0x00,0x00,0x00,0x00,0x00,0x00,0x05,0x00,0x25,0x6d,0x9b,0x47,0x18,0x05,0x01,0x00,0x00,0x00,0x00,0x00,0x00,0x00,0x00,0x00,0x00,0x00,0x00,0x00,0x00,0x00,0x00,0x00,0x00,0x00,0x00,0x00,0x00,0x00,0x00,0x00,0x00,0x00,0x00,0x00,0x00,0x00,0x00,0x00,0x00,0x00,0x00,0x00,0x00,0x00,0x00,0x00,0x00,0x00,0x00,0x00,0x00,0x00,0x00,0x00,0x00,0x00,0x00,0x00,0x00,0x00,0x00,0x00,0x00,0x00,0x00,0x00,0x00,0x00,0x00,0x00,0x00,0x00,0x00,0x00,0x00,0x00,0x00,0x00,0x00,0x00,0x00,
    0x00,0x00,0x00,0x00,0x00,0x00,0x00,0x00,0x00,0x00,0x00,0x00,0x00,0x00,0x00,0x00,0x00,0x00,0x00,0x00,0x00,0x00,0x00,0x00,0x00,0x00,0x00,0x00,0x00,0x00,0x00,0x00,0x00,0x00,0x00,0x00,0x00,0x00,0x00,0x00,0x00,0x00,0x00,0x00,0x00,0x00,0x00,0x00,0x00,0x00,0x00,0x00,0x00,0x00,0x00,0x00,0x00,0x00,0x00,0x00,0x18,0x25,0x6d,0x9b,0x2d,0x00,0x23,0x00,0x00,0x00,0x00,0x00,0x00,0x00,0x00,0x00,0x00,0x00,0x00,0x00,0x00,0x00,0x00,0x00,0x00,0x00,0x00,0x00,0x00,0x00,0x00,0x00,0x00,0x00,0x00,0x00,0x00,0x00,0x00,0x00,0x00,0x00,0x00,0x00,0x00,0x00,0x00,0x00,0x00,0x00,0x00,0x00,0x00,0x00,0x00,0x00,0x00,0x00,0x00,0x00,0x00,0x00,0x00,0x00,0x00,0x00,0x00,0x00,0x00,0x00,0x00,0x00,0x00,0x00,0x00,0x00,0x00,0x00,0x00,0x00,0x00,0x00,0x00,0x00,
    0x00,0x00,0x00,0x00,0x00,0x00,0x00,0x00,0x00,0x00,0x00,0x00,0x00,0x00,0x00,0x00,0x00,0x00,0x00,0x00,0x00,0x00,0x00,0x00,0x00,0x00,0x00,0x00,0x00,0x00,0x00,0x00,0x00,0x00,0x00,0x00,0x00,0x00,0x00,0x00,0x00,0x00,0x00,0x00,0x00,0x00,0x00,0x00,0x00,0x00,0x00,0x00,0x00,0x00,0x00,0x00,0x00,0x00,0x00,0x00,0x18,0x25,0x45,0x92,0x3e,0x15,0x01,0x05,0x00,0x00,0x00,0x01,0x01,0x02,0x01,0x00,0x00,0x00,0x00,0x00,0x00,0x00,0x02,0x01,0x01,0x00,0x00,0x00,0x00,0x00,0x00,0x00,0x00,0x00,0x00,0x00,0x00,0x00,0x00,0x00,0x00,0x00,0x00,0x00,0x00,0x00,0x00,0x00,0x00,0x00,0x00,0x00,0x00,0x00,0x00,0x00,0x00,0x00,0x00,0x00,0x00,0x00,0x00,0x00,0x00,0x00,0x00,0x00,0x00,0x00,0x00,0x00,0x00,0x00,0x00,0x00,0x00,0x00,0x00,0x00,0x00,0x00,0x00,0x00,
    0x00,0x00,0x00,0x00,0x00,0x00,0x00,0x00,0x00,0x00,0x00,0x00,0x00,0x00,0x00,0x00,0x00,0x00,0x00,0x00,0x00,0x00,0x00,0x00,0x00,0x00,0x00,0x00,0x00,0x00,0x00,0x00,0x00,0x00,0x00,0x00,0x00,0x00,0x00,0x00,0x00,0x00,0x00,0x00,0x00,0x00,0x00,0x00,0x00,0x00,0x00,0x00,0x00,0x00,0x00,0x00,0x00,0x00,0x00,0x00,0x23,0x25,0x45,0x92,0xa7,0x33,0x18,0x00,0x00,0x00,0x00,0x00,0x00,0x00,0x00,0x23,0x06,0x23,0x06,0x06,0x06,0x23,0x00,0x00,0x00,0x00,0x01,0x01,0x00,0x00,0x00,0x00,0x00,0x00,0x00,0x00,0x00,0x00,0x00,0x00,0x00,0x00,0x00,0x00,0x00,0x00,0x00,0x00,0x00,0x00,0x00,0x00,0x00,0x00,0x00,0x00,0x00,0x00,0x00,0x00,0x00,0x00,0x00,0x00,0x00,0x00,0x00,0x00,0x00,0x00,0x00,0x00,0x00,0x00,0x00,0x00,0x00,0x00,0x00,0x00,0x00,0x00,0x00,0x00,
    0x00,0x00,0x00,0x00,0x00,0x00,0x00,0x00,0x00,0x00,0x00,0x00,0x00,0x00,0x00,0x00,0x00,0x00,0x00,0x00,0x00,0x00,0x00,0x00,0x00,0x00,0x00,0x00,0x00,0x00,0x00,0x00,0x00,0x00,0x00,0x00,0x00,0x00,0x00,0x00,0x00,0x00,0x00,0x00,0x00,0x00,0x00,0x00,0x00,0x00,0x00,0x00,0x00,0x00,0x00,0x00,0x00,0x00,0x00,0x05,0x03,0x59,0x24,0x97,0x98,0x42,0x66,0x15,0x05,0x03,0x23,0x15,0x15,0x1e,0x7a,0x5f,0x5f,0x63,0x40,0x25,0x2b,0x40,0x1e,0x29,0x15,0x23,0x00,0x00,0x01,0x01,0x00,0x00,0x00,0x00,0x00,0x00,0x00,0x00,0x00,0x00,0x00,0x00,0x00,0x00,0x00,0x00,0x00,0x00,0x00,0x00,0x00,0x00,0x00,0x00,0x00,0x00,0x00,0x00,0x00,0x00,0x00,0x00,0x00,0x00,0x00,0x00,0x00,0x00,0x00,0x00,0x00,0x00,0x00,0x00,0x00,0x00,0x00,0x00,0x00,0x00,0x00,0x00,0x00,0x00,
    0x00,0x00,0x00,0x00,0x00,0x00,0x00,0x00,0x00,0x00,0x00,0x00,0x00,0x00,0x00,0x00,0x00,0x00,0x00,0x00,0x00,0x00,0x00,0x00,0x00,0x00,0x00,0x00,0x00,0x00,0x00,0x00,0x00,0x00,0x00,0x00,0x00,0x00,0x00,0x00,0x00,0x00,0x00,0x00,0x00,0x00,0x00,0x00,0x00,0x00,0x00,0x00,0x00,0x00,0x00,0x00,0x00,0x00,0x00,0x0b,0x0b,0x31,0x3e,0xae,0x9c,0xa3,0x43,0x3d,0x40,0x2b,0x2b,0x3d,0x3d,0x41,0x48,0x0d,0x6d,0x6c,0xb5,0x09,0xc7,0x50,0x48,0x51,0x58,0x5f,0x60,0x08,0x00,0x00,0x01,0x00,0x00,0x00,0x00,0x00,0x00,0x00,0x00,0x00,0x00,0x00,0x00,0x00,0x00,0x00,0x00,0x00,0x00,0x00,0x00,0x00,0x00,0x00,0x00,0x00,0x00,0x00,0x00,0x00,0x00,0x00,0x00,0x00,0x00,0x00,0x00,0x00,0x00,0x00,0x00,0x00,0x00,0x00,0x00,0x00,0x00,0x00,0x00,0x00,0x00,0x00,0x00,0x00,
    0x00,0x00,0x00,0x00,0x00,0x00,0x00,0x00,0x00,0x00,0x00,0x00,0x00,0x00,0x00,0x00,0x00,0x00,0x00,0x00,0x00,0x00,0x00,0x00,0x00,0x00,0x00,0x00,0x00,0x00,0x00,0x00,0x00,0x00,0x00,0x00,0x00,0x00,0x00,0x00,0x00,0x00,0x00,0x00,0x00,0x00,0x00,0x00,0x00,0x00,0x00,0x00,0x00,0x00,0x00,0x00,0x01,0x05,0x03,0x00,0x00,0x00,0x56,0x2d,0x3a,0xa7,0xa7,0x07,0x6f,0x49,0x6c,0x11,0x11,0xca,0x9f,0x91,0x90,0x97,0x8e,0x8e,0x9c,0xa9,0xa5,0x11,0x07,0x14,0x41,0x32,0x1e,0x3b,0x00,0x00,0x03,0x00,0x00,0x00,0x00,0x00,0x00,0x00,0x00,0x00,0x00,0x00,0x00,0x00,0x00,0x00,0x00,0x00,0x00,0x00,0x00,0x00,0x00,0x00,0x00,0x00,0x00,0x00,0x00,0x00,0x00,0x00,0x00,0x00,0x00,0x00,0x00,0x00,0x00,0x00,0x00,0x00,0x00,0x00,0x00,0x00,0x00,0x00,0x00,0x00,0x00,0x00,
    0x00,0x00,0x00,0x00,0x00,0x00,0x00,0x00,0x00,0x00,0x00,0x00,0x00,0x00,0x00,0x00,0x00,0x00,0x00,0x00,0x00,0x00,0x00,0x00,0x00,0x00,0x00,0x00,0x00,0x00,0x00,0x00,0x00,0x00,0x00,0x00,0x00,0x00,0x00,0x00,0x00,0x00,0x00,0x00,0x00,0x00,0x00,0x00,0x00,0x00,0x00,0x00,0x00,0x00,0x01,0x01,0x00,0x00,0x00,0x05,0x15,0x2e,0x66,0x4b,0x4b,0x3d,0xd7,0xd1,0x11,0x90,0x7e,0x97,0x8e,0x8e,0x8e,0x88,0x85,0x85,0x85,0x85,0x88,0x85,0x8e,0x90,0x09,0x8e,0xb5,0x07,0x51,0x0f,0x29,0x23,0x00,0x03,0x00,0x00,0x00,0x00,0x00,0x00,0x00,0x00,0x00,0x00,0x00,0x00,0x00,0x00,0x00,0x00,0x00,0x00,0x00,0x00,0x00,0x00,0x00,0x00,0x00,0x00,0x00,0x00,0x00,0x00,0x00,0x00,0x00,0x00,0x00,0x00,0x00,0x00,0x00,0x00,0x00,0x00,0x00,0x00,0x00,0x00,0x00,0x00,0x00,0x00,
    0x00,0x00,0x00,0x00,0x00,0x00,0x00,0x00,0x00,0x00,0x00,0x00,0x00,0x00,0x00,0x00,0x00,0x00,0x00,0x00,0x00,0x00,0x00,0x00,0x00,0x00,0x00,0x00,0x00,0x00,0x00,0x00,0x00,0x00,0x00,0x00,0x00,0x00,0x00,0x00,0x00,0x00,0x00,0x00,0x00,0x00,0x00,0x00,0x00,0x00,0x00,0x00,0x00,0x01,0x00,0x00,0x3b,0x62,0x33,0x4b,0x33,0x4e,0x14,0x41,0x4e,0x6d,0x0d,0x9f,0xa2,0x88,0x85,0x88,0x85,0x85,0x85,0x7e,0x7e,0x7e,0x7e,0x7e,0x7e,0x7e,0x85,0x88,0x88,0x88,0x8e,0x09,0xb1,0x39,0x5a,0x4b,0x31,0x00,0x01,0x00,0x00,0x00,0x00,0x00,0x00,0x00,0x00,0x00,0x00,0x00,0x00,0x00,0x00,0x00,0x00,0x00,0x00,0x00,0x00,0x00,0x00,0x00,0x00,0x00,0x00,0x00,0x00,0x00,0x00,0x00,0x00,0x00,0x00,0x00,0x00,0x00,0x00,0x00,0x00,0x00,0x00,0x00,0x00,0x00,0x00,0x00,0x00,0x00,
    0x00,0x00,0x00,0x00,0x00,0x00,0x00,0x00,0x00,0x00,0x00,0x00,0x00,0x00,0x00,0x00,0x00,0x00,0x00,0x00,0x00,0x00,0x00,0x00,0x00,0x00,0x00,0x00,0x00,0x00,0x00,0x00,0x00,0x00,0x00,0x00,0x00,0x00,0x00,0x00,0x00,0x00,0x00,0x00,0x00,0x00,0x00,0x00,0x00,0x00,0x00,0x01,0x01,0x00,0x23,0x60,0x63,0x34,0xaf,0x3a,0x11,0x0d,0xd7,0xb6,0x9b,0x9c,0x90,0x85,0x85,0x7e,0x7e,0x7e,0x7e,0x7e,0x7e,0x7e,0x7e,0x7e,0x7e,0x7e,0x7e,0x7e,0x7e,0x7e,0x7e,0x7e,0x85,0x85,0x91,0x88,0x98,0x24,0x42,0x62,0x00,0x05,0x00,0x00,0x00,0x00,0x00,0x00,0x00,0x00,0x00,0x00,0x00,0x00,0x00,0x00,0x00,0x00,0x00,0x00,0x00,0x00,0x00,0x00,0x00,0x00,0x00,0x00,0x00,0x00,0x00,0x00,0x00,0x00,0x00,0x00,0x00,0x00,0x00,0x00,0x00,0x00,0x00,0x00,0x00,0x00,0x00,0x00,0x00,0x00,
    0x00,0x00,0x00,0x00,0x00,0x00,0x00,0x00,0x00,0x00,0x00,0x00,0x00,0x00,0x00,0x00,0x00,0x00,0x00,0x00,0x00,0x00,0x00,0x00,0x00,0x00,0x00,0x00,0x00,0x00,0x00,0x00,0x00,0x00,0x00,0x00,0x00,0x00,0x00,0x00,0x00,0x00,0x00,0x00,0x00,0x00,0x00,0x00,0x00,0x00,0x01,0x00,0x00,0x17,0x40,0x48,0x68,0x41,0x2d,0x28,0x3e,0x7e,0x27,0x8e,0x7e,0x7e,0x85,0x7e,0x7e,0x7e,0x7e,0x7e,0x7e,0x7e,0x7e,0x7e,0x7e,0x7e,0x7e,0x7e,0x7e,0x7e,0x7e,0x7e,0x7e,0x7e,0x7e,0x7e,0x88,0x7e,0x7e,0x09,0xca,0x46,0x74,0x00,0x01,0x01,0x00,0x00,0x00,0x00,0x00,0x00,0x00,0x00,0x00,0x00,0x00,0x00,0x00,0x00,0x00,0x00,0x00,0x00,0x00,0x00,0x00,0x00,0x00,0x00,0x00,0x00,0x00,0x00,0x00,0x00,0x00,0x00,0x00,0x00,0x00,0x00,0x00,0x00,0x00,0x00,0x00,0x00,0x00,0x00,0x00,0x00,
    0x00,0x00,0x00,0x00,0x00,0x00,0x00,0x00,0x00,0x00,0x00,0x00,0x00,0x00,0x00,0x00,0x00,0x00,0x00,0x00,0x00,0x00,0x00,0x00,0x00,0x00,0x00,0x00,0x00,0x00,0x00,0x00,0x00,0x00,0x00,0x00,0x00,0x00,0x00,0x00,0x00,0x00,0x00,0x00,0x00,0x00,0x00,0x00,0x00,0x03,0x00,0x2a,0x2b,0x68,0x68,0x32,0x17,0x62,0x2d,0x2c,0x8a,0x7e,0x90,0x85,0x7e,0x85,0x7e,0x7e,0x7e,0x7e,0x7e,0x7e,0x7e,0x7e,0x7e,0x7e,0x7e,0x7e,0x7e,0x7e,0x7e,0x7e,0x7e,0x7e,0x7e,0x7e,0x7e,0x7e,0x7e,0x85,0x85,0xa2,0x97,0xa7,0x46,0x74,0x02,0x00,0x01,0x00,0x00,0x00,0x00,0x00,0x00,0x00,0x00,0x00,0x00,0x00,0x00,0x00,0x00,0x00,0x00,0x00,0x00,0x00,0x00,0x00,0x00,0x00,0x00,0x00,0x00,0x00,0x00,0x00,0x00,0x00,0x00,0x00,0x00,0x00,0x00,0x00,0x00,0x00,0x00,0x00,0x00,0x00,0x00,0x00,
    0x00,0x00,0x00,0x00,0x00,0x00,0x00,0x00,0x00,0x00,0x00,0x00,0x00,0x00,0x00,0x00,0x00,0x00,0x00,0x00,0x00,0x00,0x00,0x00,0x00,0x00,0x00,0x00,0x00,0x00,0x00,0x00,0x00,0x00,0x00,0x00,0x00,0x00,0x00,0x00,0x00,0x00,0x00,0x00,0x00,0x00,0x00,0x00,0x01,0x00,0x1e,0x49,0xd6,0x46,0x63,0x05,0x0c,0x5b,0x92,0x8a,0x97,0x85,0x85,0x7e,0x7e,0x7e,0x7e,0x7e,0x7e,0x7e,0x7e,0x7e,0x7e,0x7e,0x7e,0x7e,0x7e,0x7e,0x7e,0x7e,0x7e,0x7e,0x7e,0x7e,0x7e,0x7e,0x7e,0x7e,0x7e,0x7e,0x7e,0x7e,0x88,0x90,0xa7,0x46,0x40,0x23,0x02,0x01,0x00,0x00,0x00,0x00,0x00,0x00,0x00,0x00,0x00,0x00,0x00,0x00,0x00,0x00,0x00,0x00,0x00,0x00,0x00,0x00,0x00,0x00,0x00,0x00,0x00,0x00,0x00,0x00,0x00,0x00,0x00,0x00,0x00,0x00,0x00,0x00,0x00,0x00,0x00,0x00,0x00,0x00,0x00,0x00,
    0x00,0x00,0x00,0x00,0x00,0x00,0x00,0x00,0x00,0x00,0x00,0x00,0x00,0x00,0x00,0x00,0x00,0x00,0x00,0x00,0x00,0x00,0x00,0x00,0x00,0x00,0x00,0x00,0x00,0x00,0x00,0x00,0x00,0x00,0x00,0x00,0x00,0x00,0x00,0x00,0x00,0x00,0x00,0x00,0x00,0x00,0x00,0x05,0x03,0x2b,0x34,0x49,0x3d,0x66,0x1c,0x28,0x43,0x0d,0x97,0x7e,0x85,0x7e,0x7e,0x7e,0x7e,0x7e,0x7e,0x7e,0x7e,0x7e,0x7e,0x7e,0x7e,0x7e,0x7e,0x7e,0x7e,0x7e,0x7e,0x7e,0x7e,0x7e,0x7e,0x7e,0x7e,0x7e,0x7e,0x7e,0x7e,0x7e,0x7e,0x7e,0x7e,0x85,0x97,0xbc,0x14,0x2b,0x00,0x03,0x01,0x00,0x00,0x00,0x00,0x00,0x00,0x00,0x00,0x00,0x00,0x00,0x00,0x00,0x00,0x00,0x00,0x00,0x00,0x00,0x00,0x00,0x00,0x00,0x00,0x00,0x00,0x00,0x00,0x00,0x00,0x00,0x00,0x00,0x00,0x00,0x00,0x00,0x00,0x00,0x00,0x00,0x00,0x00,
    0x00,0x00,0x00,0x00,0x00,0x00,0x00,0x00,0x00,0x00,0x00,0x00,0x00,0x00,0x00,0x00,0x00,0x00,0x00,0x00,0x00,0x00,0x00,0x00,0x00,0x00,0x00,0x00,0x00,0x00,0x00,0x00,0x00,0x00,0x00,0x00,0x00,0x00,0x00,0x00,0x00,0x00,0x00,0x00,0x00,0x00,0x01,0x00,0x2a,0x34,0x49,0x3d,0x15,0x00,0x2e,0x5b,0x98,0x8e,0xa2,0x85,0x7e,0x7e,0x7e,0x7e,0x7e,0x7e,0x7e,0x7e,0x7e,0x7e,0x7e,0x85,0x7e,0x7e,0x7e,0x7e,0x7e,0x7e,0x7e,0x7e,0x7e,0x7e,0x7e,0x7e,0x85,0x7e,0x7e,0x7e,0x7e,0x7e,0x7e,0x7e,0x7e,0x7e,0x88,0x97,0xb5,0x14,0x32,0x23,0x01,0x00,0x00,0x00,0x00,0x00,0x00,0x00,0x00,0x00,0x00,0x00,0x00,0x00,0x00,0x00,0x00,0x00,0x00,0x00,0x00,0x00,0x00,0x00,0x00,0x00,0x00,0x00,0x00,0x00,0x00,0x00,0x00,0x00,0x00,0x00,0x00,0x00,0x00,0x00,0x00,0x00,0x00,0x00,
    0x00,0x00,0x00,0x00,0x00,0x00,0x00,0x00,0x00,0x00,0x00,0x00,0x00,0x00,0x00,0x00,0x00,0x00,0x00,0x00,0x00,0x00,0x00,0x00,0x00,0x00,0x00,0x00,0x00,0x00,0x00,0x00,0x00,0x00,0x00,0x00,0x00,0x00,0x00,0x00,0x00,0x00,0x00,0x00,0x00,0x0b,0x00,0x1e,0x34,0x49,0x3d,0x15,0x00,0x56,0x3e,0x8d,0x8d,0x7e,0x97,0x7e,0x7e,0x7e,0x7e,0x7e,0x7e,0x7e,0x7e,0x7e,0x7e,0x7e,0x85,0x7e,0xa2,0x85,0x7e,0x7e,0x7e,0x7e,0x7e,0x7e,0x7e,0x7e,0x7e,0x85,0x8e,0x7e,0x85,0x7e,0x7e,0x7e,0x7e,0x7e,0x7e,0x7e,0x7e,0x88,0x09,0xb1,0x48,0x08,0x00,0x01,0x00,0x00,0x00,0x00,0x00,0x00,0x00,0x00,0x00,0x00,0x00,0x00,0x00,0x00,0x00,0x00,0x00,0x00,0x00,0x00,0x00,0x00,0x00,0x00,0x00,0x00,0x00,0x00,0x00,0x00,0x00,0x00,0x00,0x00,0x00,0x00,0x00,0x00,0x00,0x00,0x00,0x00,
    0x00,0x00,0x00,0x00,0x00,0x00,0x00,0x00,0x00,0x00,0x00,0x00,0x00,0x00,0x00,0x00,0x00,0x00,0x00,0x00,0x00,0x00,0x00,0x00,0x00,0x00,0x00,0x00,0x00,0x00,0x00,0x00,0x00,0x00,0x00,0x00,0x00,0x00,0x00,0x00,0x00,0x00,0x00,0x00,0x03,0x01,0x18,0x34,0x49,0x3d,0x15,0x00,0x18,0x47,0x57,0x93,0x8a,0x8a,0x8a,0x8f,0x85,0x7e,0x7e,0x7e,0x7e,0x7e,0x7e,0x7e,0x7e,0x88,0x90,0xb5,0xd6,0x90,0x85,0x7e,0x7e,0x7e,0x7e,0x7e,0x7e,0x7e,0x85,0x97,0xb5,0x9f,0x7e,0x85,0x7e,0x7e,0x7e,0x7e,0x7e,0x7e,0x7e,0x85,0xa9,0x87,0x14,0x5a,0x56,0x01,0x03,0x00,0x00,0x00,0x00,0x00,0x00,0x00,0x00,0x00,0x00,0x00,0x00,0x00,0x00,0x00,0x00,0x00,0x00,0x00,0x00,0x00,0x00,0x00,0x00,0x00,0x00,0x00,0x00,0x00,0x00,0x00,0x00,0x00,0x00,0x00,0x00,0x00,0x00,0x00,0x00,0x00,
    0x00,0x00,0x00,0x00,0x00,0x00,0x00,0x00,0x00,0x00,0x00,0x00,0x00,0x00,0x00,0x00,0x00,0x00,0x00,0x00,0x00,0x00,0x00,0x00,0x00,0x00,0x00,0x00,0x00,0x00,0x00,0x00,0x00,0x00,0x00,0x00,0x00,0x00,0x00,0x00,0x00,0x00,0x00,0x00,0x01,0x00,0x61,0x6f,0x5d,0x17,0x00,0x00,0x2d,0x24,0x93,0x8b,0x97,0xa9,0x8b,0x8f,0x85,0x7e,0x7e,0x7e,0x7e,0x7e,0x7e,0x7e,0x88,0x8e,0x88,0xd7,0xab,0x91,0x88,0x7e,0x7e,0x7e,0x7e,0x7e,0x7e,0x7e,0x88,0x9e,0xaa,0x50,0xbf,0x88,0x7e,0x7e,0x85,0x7e,0x7e,0x7e,0x7e,0x85,0x8d,0x8a,0x8a,0x24,0x4f,0x00,0x05,0x00,0x00,0x00,0x00,0x00,0x00,0x00,0x00,0x00,0x00,0x00,0x00,0x00,0x00,0x00,0x00,0x00,0x00,0x00,0x00,0x00,0x00,0x00,0x00,0x00,0x00,0x00,0x00,0x00,0x00,0x00,0x00,0x00,0x00,0x00,0x00,0x00,0x00,0x00,0x00,0x00,
    0x00,0x00,0x00,0x00,0x00,0x00,0x00,0x00,0x00,0x00,0x00,0x00,0x00,0x00,0x00,0x00,0x00,0x00,0x00,0x00,0x00,0x00,0x00,0x00,0x00,0x00,0x00,0x00,0x00,0x00,0x00,0x00,0x00,0x00,0x00,0x00,0x00,0x00,0x00,0x00,0x00,0x00,0x00,0x01,0x00,0x3b,0x71,0x71,0x2a,0x05,0x00,0x2e,0x57,0x8d,0x8b,0x8d,0x85,0x85,0x91,0x8e,0x7e,0x7e,0x7e,0x7e,0x85,0x85,0x7e,0x85,0x8f,0x88,0xa0,0xb6,0xa7,0x84,0x85,0x7e,0x7e,0x7e,0x7e,0x7e,0x7e,0x7e,0x85,0x8e,0xca,0xd5,0xab,0x91,0x88,0x7e,0x8e,0x85,0x7e,0x7e,0x7e,0x85,0x8d,0x8b,0x93,0x4c,0x41,0x18,0x00,0x03,0x00,0x00,0x00,0x00,0x00,0x00,0x00,0x00,0x00,0x00,0x00,0x00,0x00,0x00,0x00,0x00,0x00,0x00,0x00,0x00,0x00,0x00,0x00,0x00,0x00,0x00,0x00,0x00,0x00,0x00,0x00,0x00,0x00,0x00,0x00,0x00,0x00,0x00,0x00,0x00,
    0x00,0x00,0x00,0x00,0x00,0x00,0x00,0x00,0x00,0x00,0x00,0x00,0x00,0x00,0x00,0x00,0x00,0x00,0x00,0x00,0x00,0x00,0x00,0x00,0x00,0x00,0x00,0x00,0x00,0x00,0x00,0x00,0x00,0x00,0x00,0x00,0x00,0x00,0x00,0x00,0x00,0x00,0x01,0x02,0x06,0x63,0x39,0x6b,0x00,0x00,0x56,0x47,0x8b,0x8b,0x8b,0x09,0x85,0x7e,0x7e,0x7e,0x91,0x91,0x7e,0x85,0x8e,0x8f,0x85,0x85,0x97,0xa0,0xa3,0xaa,0xa5,0x84,0x8e,0x85,0x7e,0x7e,0x7e,0x7e,0x7e,0x7e,0x7e,0x7e,0xa2,0xa0,0xe0,0x27,0x9e,0xa5,0xb5,0x8e,0x85,0x7e,0x85,0x8f,0x09,0x8a,0x84,0xc7,0x49,0x60,0x00,0x05,0x00,0x00,0x00,0x00,0x00,0x00,0x00,0x00,0x00,0x00,0x00,0x00,0x00,0x00,0x00,0x00,0x00,0x00,0x00,0x00,0x00,0x00,0x00,0x00,0x00,0x00,0x00,0x00,0x00,0x00,0x00,0x00,0x00,0x00,0x00,0x00,0x00,0x00,0x00,0x00,
    0x00,0x00,0x00,0x00,0x00,0x00,0x00,0x00,0x00,0x00,0x00,0x00,0x00,0x00,0x00,0x00,0x00,0x00,0x00,0x00,0x00,0x00,0x00,0x00,0x00,0x00,0x00,0x00,0x00,0x00,0x00,0x00,0x00,0x00,0x00,0x00,0x00,0x00,0x00,0x00,0x00,0x00,0x01,0x00,0x5f,0x55,0x71,0x17,0x03,0x05,0x2d,0x57,0x8a,0x8d,0x8a,0x09,0x85,0x85,0x8e,0x88,0x7e,0x7e,0x88,0x8e,0xa5,0x11,0x8e,0x91,0xb1,0x27,0x09,0xab,0xa5,0x8e,0x7e,0x7e,0x7e,0x7e,0x7e,0x7e,0x7e,0x7e,0x7e,0x85,0x7e,0xa0,0xc6,0xe0,0xca,0x88,0xa0,0x8e,0x7e,0x09,0x7e,0x7e,0x8e,0x8d,0x84,0xa3,0x6f,0x32,0x3b,0x01,0x01,0x00,0x00,0x00,0x00,0x00,0x00,0x00,0x00,0x00,0x00,0x00,0x00,0x00,0x00,0x00,0x00,0x00,0x00,0x00,0x00,0x00,0x00,0x00,0x00,0x00,0x00,0x00,0x00,0x00,0x00,0x00,0x00,0x00,0x00,0x00,0x00,0x00,0x00,0x00,
    0x00,0x00,0x00,0x00,0x00,0x00,0x00,0x00,0x00,0x00,0x00,0x00,0x00,0x00,0x00,0x00,0x00,0x00,0x00,0x00,0x00,0x00,0x00,0x00,0x00,0x00,0x00,0x00,0x00,0x00,0x00,0x00,0x00,0x00,0x00,0x00,0x00,0x00,0x00,0x00,0x00,0x05,0x00,0x17,0x46,0x39,0x58,0x00,0x00,0x15,0x3a,0x8d,0xa9,0x7e,0x09,0xa9,0x85,0x8e,0x9f,0x91,0x91,0x88,0x7e,0x97,0xb3,0xca,0x9e,0x0d,0xa0,0x97,0x97,0x07,0xa5,0x8e,0x7e,0x7e,0x7e,0x7e,0x7e,0x7e,0x7e,0x7e,0x7e,0x85,0x97,0x07,0xae,0xa7,0xa0,0x9b,0xb0,0xca,0x8e,0xa9,0x7e,0x85,0x85,0x85,0x7e,0xa9,0xb3,0x39,0x29,0x01,0x01,0x00,0x00,0x00,0x00,0x00,0x00,0x00,0x00,0x00,0x00,0x00,0x00,0x00,0x00,0x00,0x00,0x00,0x00,0x00,0x00,0x00,0x00,0x00,0x00,0x00,0x00,0x00,0x00,0x00,0x00,0x00,0x00,0x00,0x00,0x00,0x00,0x00,0x00,0x00,
    0x00,0x00,0x00,0x00,0x00,0x00,0x00,0x00,0x00,0x00,0x00,0x00,0x00,0x00,0x00,0x00,0x00,0x00,0x00,0x00,0x00,0x00,0x00,0x00,0x00,0x00,0x00,0x00,0x00,0x00,0x00,0x00,0x00,0x00,0x00,0x00,0x00,0x00,0x00,0x00,0x00,0x01,0x00,0x32,0x3c,0x39,0x17,0x00,0x00,0x2b,0x53,0x97,0x88,0x85,0x7e,0x88,0x91,0xaa,0xb4,0xd4,0xbb,0x09,0xbf,0xb3,0xb7,0xbf,0x7e,0x1a,0xc7,0x84,0x93,0xab,0x9f,0x8e,0x7e,0x7e,0x7e,0x7e,0x7e,0x7e,0x7e,0x7e,0x7e,0x85,0x7e,0x07,0xc7,0x92,0xb6,0xa6,0xa7,0x11,0x90,0x88,0x7e,0x7e,0x7e,0x7e,0x88,0x90,0xbc,0x46,0x2b,0x23,0x01,0x00,0x00,0x00,0x00,0x00,0x00,0x00,0x00,0x00,0x00,0x00,0x00,0x00,0x00,0x00,0x00,0x00,0x00,0x00,0x00,0x00,0x00,0x00,0x00,0x00,0x00,0x00,0x00,0x00,0x00,0x00,0x00,0x00,0x00,0x00,0x00,0x00,0x00,0x00,
    0x00,0x00,0x00,0x00,0x00,0x00,0x00,0x00,0x00,0x00,0x00,0x00,0x00,0x00,0x00,0x00,0x00,0x00,0x00,0x00,0x00,0x00,0x00,0x00,0x00,0x00,0x00,0x00,0x00,0x00,0x00,0x00,0x00,0x00,0x00,0x00,0x00,0x00,0x00,0x00,0x01,0x00,0x17,0x14,0x21,0x6b,0x00,0x05,0x05,0x25,0x27,0xa2,0x88,0x7e,0x85,0x7e,0x8f,0xf6,0xf3,0xe4,0xb4,0xd4,0xb3,0xd7,0x88,0x9e,0x07,0xcb,0x92,0x93,0x93,0x1a,0xa5,0x8e,0x88,0x85,0x7e,0x7e,0x7e,0x7e,0x7e,0x7e,0x7e,0x88,0x8e,0xa0,0x45,0x93,0x8d,0xa0,0xca,0xb1,0x90,0x85,0x7e,0x7e,0x7e,0x7e,0x7e,0xa2,0x09,0xb7,0x0f,0x00,0x02,0x00,0x00,0x00,0x00,0x00,0x00,0x00,0x00,0x00,0x00,0x00,0x00,0x00,0x00,0x00,0x00,0x00,0x00,0x00,0x00,0x00,0x00,0x00,0x00,0x00,0x00,0x00,0x00,0x00,0x00,0x00,0x00,0x00,0x00,0x00,0x00,0x00,0x00,0x00,
    0x00,0x00,0x00,0x00,0x00,0x00,0x00,0x00,0x00,0x00,0x00,0x00,0x00,0x00,0x00,0x00,0x00,0x00,0x00,0x00,0x00,0x00,0x00,0x00,0x00,0x00,0x00,0x00,0x00,0x00,0x00,0x00,0x00,0x00,0x00,0x00,0x00,0x00,0x00,0x00,0x01,0x00,0x59,0x5d,0x39,0x6a,0x01,0x23,0x00,0x4b,0xa9,0x85,0x85,0x7e,0x88,0x91,0xb1,0xf7,0xe1,0xe3,0xe1,0xe4,0xf7,0xcd,0x8e,0xa5,0xb9,0x92,0xaf,0xcb,0xb6,0x21,0x27,0x91,0x7e,0x7e,0x85,0x7e,0x7e,0x7e,0x7e,0x7e,0x7e,0x7e,0x9e,0xb7,0x1a,0xab,0xa7,0xaa,0xbb,0xab,0x9f,0x7e,0x7e,0x7e,0x7e,0x85,0x8e,0x8e,0x90,0x07,0x39,0x1e,0x00,0x01,0x00,0x00,0x00,0x00,0x00,0x00,0x00,0x00,0x00,0x00,0x00,0x00,0x00,0x00,0x00,0x00,0x00,0x00,0x00,0x00,0x00,0x00,0x00,0x00,0x00,0x00,0x00,0x00,0x00,0x00,0x00,0x00,0x00,0x00,0x00,0x00,0x00,0x00,
    0x00,0x00,0x00,0x00,0x00,0x00,0x00,0x00,0x00,0x00,0x00,0x00,0x00,0x00,0x00,0x00,0x00,0x00,0x00,0x00,0x00,0x00,0x00,0x00,0x00,0x00,0x00,0x00,0x00,0x00,0x00,0x00,0x00,0x00,0x00,0x00,0x00,0x00,0x00,0x00,0x01,0x00,0x66,0x5d,0x64,0x2f,0x00,0x0b,0x3b,0x14,0xae,0x85,0x7e,0x7e,0x88,0x8e,0xa2,0xb3,0xc5,0xe8,0xf3,0xe1,0xe4,0xcd,0xbf,0xa0,0xb0,0xb6,0xd9,0xa6,0x8a,0xbb,0x11,0x9e,0xb5,0xa5,0x8e,0x7e,0x7e,0x7e,0x7e,0x85,0x7e,0x8e,0x91,0xb6,0xc7,0xc7,0xb0,0xb7,0xa0,0xb1,0x0d,0x90,0x85,0x8f,0x7e,0x7e,0x7e,0x7e,0x90,0x0d,0x49,0x72,0x2f,0x00,0x01,0x00,0x00,0x00,0x00,0x00,0x00,0x00,0x00,0x00,0x00,0x00,0x00,0x00,0x00,0x00,0x00,0x00,0x00,0x00,0x00,0x00,0x00,0x00,0x00,0x00,0x00,0x00,0x00,0x00,0x00,0x00,0x00,0x00,0x00,0x00,0x00,0x00,
    0x00,0x00,0x00,0x00,0x00,0x00,0x00,0x00,0x00,0x00,0x00,0x00,0x00,0x00,0x00,0x00,0x00,0x00,0x00,0x00,0x00,0x00,0x00,0x00,0x00,0x00,0x00,0x00,0x00,0x00,0x00,0x00,0x00,0x00,0x00,0x00,0x00,0x00,0x00,0x01,0x01,0x08,0x5f,0x3c,0x58,0x08,0x00,0x00,0x2a,0xb1,0x88,0x85,0x7e,0x85,0x8e,0xa5,0x9f,0xbf,0x9e,0xb6,0xd4,0xb4,0xc9,0x07,0xa5,0x21,0xb6,0xa7,0x8a,0x8a,0x93,0xb0,0x27,0xbf,0xd0,0x11,0x91,0x88,0x7e,0x7e,0x7e,0x7e,0x7e,0x88,0x8f,0x07,0xaf,0x9b,0x9b,0xc7,0xb9,0xb7,0xaa,0x9e,0x85,0x7e,0x7e,0x7e,0x7e,0x7e,0x90,0xb5,0x07,0x4e,0x77,0x02,0x02,0x00,0x00,0x00,0x00,0x00,0x00,0x00,0x00,0x00,0x00,0x00,0x00,0x00,0x00,0x00,0x00,0x00,0x00,0x00,0x00,0x00,0x00,0x00,0x00,0x00,0x00,0x00,0x00,0x00,0x00,0x00,0x00,0x00,0x00,0x00,0x00,0x00,
    0x00,0x00,0x00,0x00,0x00,0x00,0x00,0x00,0x00,0x00,0x00,0x00,0x00,0x00,0x00,0x00,0x00,0x00,0x00,0x00,0x00,0x00,0x00,0x00,0x00,0x00,0x00,0x00,0x00,0x00,0x00,0x00,0x00,0x00,0x00,0x00,0x00,0x00,0x00,0x03,0x00,0x08,0x25,0x3c,0x58,0x2f,0x00,0x00,0x4f,0xa7,0x9f,0x9f,0x7e,0x7e,0x8f,0xf6,0xc5,0xd4,0xb1,0x90,0x9f,0xd0,0x07,0x0d,0xd1,0xa6,0x9c,0x97,0xae,0x98,0x8b,0xaa,0xb1,0x9f,0xb3,0x11,0x91,0x88,0x7e,0x7e,0x7e,0x91,0x91,0x8f,0x8e,0xa0,0xc7,0x84,0x8b,0x92,0xc7,0x21,0xb6,0x9e,0x88,0x7e,0x7e,0x7e,0x85,0x9f,0x85,0x9f,0xa0,0xb0,0x41,0x18,0x00,0x03,0x00,0x00,0x00,0x00,0x00,0x00,0x00,0x00,0x00,0x00,0x00,0x00,0x00,0x00,0x00,0x00,0x00,0x00,0x00,0x00,0x00,0x00,0x00,0x00,0x00,0x00,0x00,0x00,0x00,0x00,0x00,0x00,0x00,0x00,0x00,0x00,
    0x00,0x00,0x00,0x00,0x00,0x00,0x00,0x00,0x00,0x00,0x00,0x00,0x00,0x00,0x00,0x00,0x00,0x00,0x00,0x00,0x00,0x00,0x00,0x00,0x00,0x00,0x00,0x00,0x00,0x00,0x00,0x00,0x00,0x00,0x00,0x00,0x00,0x00,0x00,0x03,0x00,0x2f,0x25,0xb9,0x58,0x08,0x00,0x2a,0x4e,0xa3,0xeb,0x85,0x88,0x91,0xb1,0xe8,0xe1,0xe4,0xe8,0xc5,0xcd,0xdf,0x8f,0xb3,0xa6,0x9c,0x98,0x98,0x87,0x87,0x8a,0xa6,0xb1,0x11,0xb6,0xb1,0x91,0x88,0x7e,0x7e,0x7e,0x7e,0x7e,0x8e,0x97,0xa0,0x98,0x84,0x8d,0x87,0x93,0xab,0x50,0x9e,0x88,0x7e,0x7e,0x88,0x91,0xd6,0x27,0x8e,0xab,0xa7,0x34,0x29,0x00,0x01,0x00,0x00,0x00,0x00,0x00,0x00,0x00,0x00,0x00,0x00,0x00,0x00,0x00,0x00,0x00,0x00,0x00,0x00,0x00,0x00,0x00,0x00,0x00,0x00,0x00,0x00,0x00,0x00,0x00,0x00,0x00,0x00,0x00,0x00,0x00,0x00,
    0x00,0x00,0x00,0x00,0x00,0x00,0x00,0x00,0x00,0x00,0x00,0x00,0x00,0x00,0x00,0x00,0x00,0x00,0x00,0x00,0x00,0x00,0x00,0x00,0x00,0x00,0x00,0x00,0x00,0x00,0x00,0x00,0x00,0x00,0x00,0x00,0x00,0x00,0x00,0x03,0x03,0x3b,0x5a,0x6c,0x34,0x15,0x01,0x2e,0x42,0xbb,0x11,0x90,0xa2,0x9e,0xb3,0xf7,0xe4,0xf3,0xe1,0xf3,0xe4,0xbd,0xd0,0xaa,0x9c,0x98,0x8d,0x8b,0x8a,0x8a,0x92,0xc7,0x07,0x07,0xa6,0xab,0x90,0x88,0x85,0x85,0x7e,0x7e,0x7e,0x9f,0xa5,0xd6,0x87,0x98,0x98,0x88,0x8e,0xca,0xb9,0x9f,0x9f,0x7e,0x7e,0x88,0x9e,0xb3,0xb3,0x9e,0x27,0xbc,0x64,0x6a,0x00,0x02,0x00,0x00,0x00,0x00,0x00,0x00,0x00,0x00,0x00,0x00,0x00,0x00,0x00,0x00,0x00,0x00,0x00,0x00,0x00,0x00,0x00,0x00,0x00,0x00,0x00,0x00,0x00,0x00,0x00,0x00,0x00,0x00,0x00,0x00,0x00,0x00,
    0x00,0x00,0x00,0x00,0x00,0x00,0x00,0x00,0x00,0x00,0x00,0x00,0x00,0x00,0x00,0x00,0x00,0x00,0x00,0x00,0x00,0x00,0x00,0x00,0x00,0x00,0x00,0x00,0x00,0x00,0x00,0x00,0x00,0x00,0x00,0x00,0x00,0x00,0x00,0x00,0x05,0x00,0x25,0x53,0x14,0x4f,0x00,0x2b,0x24,0xa0,0x0d,0x90,0x88,0x90,0x9e,0xaa,0xd4,0xba,0xb4,0xe4,0xf3,0xc5,0xa0,0x8d,0x98,0x8d,0x84,0x8a,0x8a,0xa6,0xbb,0x87,0xd6,0xb3,0xc7,0x07,0x91,0x85,0x90,0x90,0x8f,0x85,0x91,0xb1,0xb3,0x07,0xca,0xd1,0xa7,0x8b,0x8d,0x98,0xb7,0xb1,0x9f,0x7e,0x7e,0xa2,0x91,0xa0,0xb3,0x9f,0xaa,0xaf,0x64,0x1e,0x00,0x05,0x00,0x00,0x00,0x00,0x00,0x00,0x00,0x00,0x00,0x00,0x00,0x00,0x00,0x00,0x00,0x00,0x00,0x00,0x00,0x00,0x00,0x00,0x00,0x00,0x00,0x00,0x00,0x00,0x00,0x00,0x00,0x00,0x00,0x00,0x00,0x00,
    0x00,0x00,0x00,0x00,0x00,0x00,0x00,0x00,0x00,0x00,0x00,0x00,0x00,0x00,0x00,0x00,0x00,0x00,0x00,0x00,0x00,0x00,0x00,0x00,0x00,0x00,0x00,0x00,0x00,0x00,0x00,0x00,0x00,0x00,0x00,0x00,0x00,0x00,0x00,0x00,0x03,0x03,0x15,0x5a,0x6c,0x14,0x2a,0x2b,0x07,0xd6,0xa2,0x85,0x90,0x11,0xb9,0x0d,0x91,0x91,0xbb,0xdc,0xcd,0xcd,0xa7,0x97,0x97,0xa9,0x97,0xa6,0x07,0xab,0xab,0xa6,0xb9,0xa0,0x93,0xd1,0x11,0x11,0x0d,0xb5,0xb5,0xb5,0xa5,0xa0,0xd7,0xb0,0xb0,0x07,0xa0,0xab,0xa7,0x92,0xb9,0xd1,0x8f,0x8f,0x27,0x0d,0x8f,0xd6,0xd1,0xb5,0x27,0xaf,0x14,0x1e,0x00,0x05,0x00,0x00,0x00,0x00,0x00,0x00,0x00,0x00,0x00,0x00,0x00,0x00,0x00,0x00,0x00,0x00,0x00,0x00,0x00,0x00,0x00,0x00,0x00,0x00,0x00,0x00,0x00,0x00,0x00,0x00,0x00,0x00,0x00,0x00,0x00,0x00,
    0x00,0x00,0x00,0x00,0x00,0x00,0x00,0x00,0x00,0x00,0x00,0x00,0x00,0x00,0x00,0x00,0x00,0x00,0x00,0x00,0x00,0x00,0x00,0x00,0x00,0x00,0x00,0x00,0x00,0x00,0x00,0x00,0x00,0x00,0x00,0x00,0x00,0x00,0x00,0x00,0x00,0x05,0x00,0x1e,0x14,0x6c,0x2b,0x2d,0x0d,0x27,0x90,0xa2,0x9e,0xd4,0xe8,0xe4,0xc5,0xb9,0xb6,0xd5,0x11,0x0d,0x97,0x88,0xeb,0xc0,0x09,0xc4,0xaa,0xb0,0xd9,0xa6,0xbb,0x07,0x87,0xbb,0xbb,0xbb,0xaa,0xaa,0xcb,0xcb,0xb6,0x07,0xb9,0x07,0xa6,0xa6,0xa6,0x8d,0x93,0x93,0xb9,0x07,0x8f,0x9f,0xb3,0xb5,0x8f,0xd7,0xd0,0x7e,0xb1,0xa6,0x43,0x2f,0x00,0x03,0x00,0x00,0x00,0x00,0x00,0x00,0x00,0x00,0x00,0x00,0x00,0x00,0x00,0x00,0x00,0x00,0x00,0x00,0x00,0x00,0x00,0x00,0x00,0x00,0x00,0x00,0x00,0x00,0x00,0x00,0x00,0x00,0x00,0x00,0x00,0x00,
    0x00,0x00,0x00,0x00,0x00,0x00,0x00,0x00,0x00,0x00,0x00,0x00,0x00,0x00,0x00,0x00,0x00,0x00,0x00,0x00,0x00,0x00,0x00,0x00,0x00,0x00,0x00,0x00,0x00,0x00,0x00,0x00,0x00,0x00,0x00,0x00,0x00,0x00,0x00,0x00,0x00,0x00,0x05,0x00,0x4f,0x6c,0x43,0x5a,0x11,0xb5,0x8e,0x7e,0x9f,0xba,0xe1,0xe3,0xe1,0xe4,0xe8,0xb4,0xd5,0xa3,0x09,0xb5,0xec,0xc0,0xb9,0x22,0x89,0x89,0x89,0x81,0xed,0xaa,0xa3,0x9c,0x8a,0x84,0x8a,0x8a,0x8b,0x8a,0x9c,0x9c,0x8d,0xa0,0xdc,0x9a,0x9a,0xc2,0xd7,0xeb,0xd1,0x9f,0xa0,0xe0,0xd6,0x88,0xca,0xd1,0x27,0xbf,0xd1,0x55,0x33,0x23,0x01,0x00,0x00,0x00,0x00,0x00,0x00,0x00,0x00,0x00,0x00,0x00,0x00,0x00,0x00,0x00,0x00,0x00,0x00,0x00,0x00,0x00,0x00,0x00,0x00,0x00,0x00,0x00,0x00,0x00,0x00,0x00,0x00,0x00,0x00,0x00,0x00,0x00,
    0x00,0x00,0x00,0x00,0x00,0x00,0x00,0x00,0x00,0x00,0x00,0x00,0x00,0x00,0x00,0x00,0x00,0x00,0x00,0x00,0x00,0x00,0x00,0x00,0x00,0x00,0x00,0x00,0x00,0x00,0x00,0x00,0x00,0x00,0x00,0x00,0x00,0x00,0x00,0x00,0x00,0x00,0x03,0x0b,0x3b,0x33,0xa2,0xb1,0x11,0x90,0x85,0x7e,0x9f,0xf6,0xe8,0xe4,0xf3,0xe1,0xe3,0xf3,0xf6,0x8b,0x98,0x85,0xdf,0xc2,0x89,0x9a,0xdc,0x3c,0x3c,0xdc,0x89,0xd2,0x8d,0x8d,0x8b,0x8a,0x8b,0x8a,0x8a,0x8a,0x8b,0x93,0xed,0x89,0xd2,0xed,0xe9,0x96,0x89,0x9a,0xd0,0xe0,0xd0,0xe0,0x50,0x7e,0xb1,0x9f,0x9e,0x0d,0xd7,0x53,0x33,0x00,0x01,0x03,0x00,0x00,0x00,0x00,0x00,0x00,0x00,0x00,0x00,0x00,0x00,0x00,0x00,0x00,0x00,0x00,0x00,0x00,0x00,0x00,0x00,0x00,0x00,0x00,0x00,0x00,0x00,0x00,0x00,0x00,0x00,0x00,0x00,0x00,0x00,0x00,
    0x00,0x00,0x00,0x00,0x00,0x00,0x00,0x00,0x00,0x00,0x00,0x00,0x00,0x00,0x00,0x00,0x00,0x00,0x00,0x00,0x00,0x00,0x00,0x00,0x00,0x00,0x00,0x00,0x00,0x00,0x00,0x00,0x00,0x00,0x00,0x00,0x00,0x00,0x00,0x00,0x00,0x00,0x00,0x0b,0x00,0x2e,0x5b,0x0d,0x85,0x85,0x7e,0x85,0x7e,0x8f,0x0d,0xb7,0xd4,0xba,0xe8,0xf7,0xb7,0x93,0x87,0x1a,0x80,0x86,0x1a,0x8d,0xa6,0xdc,0xd2,0x21,0xd9,0xc2,0xa0,0x93,0x87,0x8a,0x8a,0x8a,0x8a,0x8d,0x93,0xab,0xc2,0xd9,0x3c,0xe9,0x53,0x8d,0xb7,0x82,0x82,0xd1,0xc0,0xdf,0xd7,0x9f,0x0d,0xa2,0xa2,0xb1,0xa0,0x8d,0x43,0x4f,0x03,0x0b,0x00,0x00,0x00,0x00,0x00,0x00,0x00,0x00,0x00,0x00,0x00,0x00,0x00,0x00,0x00,0x00,0x00,0x00,0x00,0x00,0x00,0x00,0x00,0x00,0x00,0x00,0x00,0x00,0x00,0x00,0x00,0x00,0x00,0x00,0x00,0x00,
    0x00,0x00,0x00,0x00,0x00,0x00,0x00,0x00,0x00,0x00,0x00,0x00,0x00,0x00,0x00,0x00,0x00,0x00,0x00,0x00,0x00,0x00,0x00,0x00,0x00,0x00,0x00,0x00,0x00,0x00,0x00,0x00,0x00,0x00,0x00,0x00,0x00,0x00,0x00,0x00,0x00,0x00,0x00,0x03,0x00,0x18,0x72,0x50,0xa2,0x7e,0x7e,0x7e,0x7e,0x7e,0x90,0xbf,0x90,0xe6,0xf8,0xa0,0xca,0x92,0xb0,0x89,0x22,0xa7,0x92,0x45,0x7d,0x82,0xc2,0x3c,0xcd,0x45,0xbb,0x8a,0x98,0x87,0x8b,0x8a,0x87,0x85,0x97,0xa6,0xa6,0xd2,0xd2,0xdc,0x89,0x55,0x92,0xa0,0x89,0xb3,0x91,0xc2,0x55,0x8f,0x85,0x88,0xa2,0x9e,0xd6,0xaa,0xaf,0x4e,0x31,0x00,0x05,0x00,0x00,0x00,0x00,0x00,0x00,0x00,0x00,0x00,0x00,0x00,0x00,0x00,0x00,0x00,0x00,0x00,0x00,0x00,0x00,0x00,0x00,0x00,0x00,0x00,0x00,0x00,0x00,0x00,0x00,0x00,0x00,0x00,0x00,0x00,
    0x00,0x00,0x00,0x00,0x00,0x00,0x00,0x00,0x00,0x00,0x00,0x00,0x00,0x00,0x00,0x00,0x00,0x00,0x00,0x00,0x00,0x00,0x00,0x00,0x00,0x00,0x00,0x00,0x00,0x00,0x00,0x00,0x00,0x00,0x00,0x00,0x00,0x01,0x01,0x02,0x03,0x00,0x00,0x23,0x0b,0x4f,0x3a,0xeb,0x27,0x91,0x88,0x7e,0x7e,0x85,0x88,0x90,0xe6,0xcc,0xf8,0x8d,0x84,0x98,0xd2,0x86,0xa6,0x92,0x8b,0xc2,0xc2,0xc7,0x8a,0x92,0x7f,0x55,0x92,0x8b,0x8a,0x87,0x87,0x8d,0x98,0xa9,0x88,0x9b,0xe9,0xc2,0x93,0x92,0xdc,0x80,0xaf,0x92,0xd2,0xc2,0xb5,0xea,0x3c,0x9e,0x88,0x7e,0x85,0x8f,0x11,0x5a,0x2c,0xaa,0x32,0x2f,0x00,0x01,0x00,0x00,0x00,0x00,0x00,0x00,0x00,0x00,0x00,0x00,0x00,0x00,0x00,0x00,0x00,0x00,0x00,0x00,0x00,0x00,0x00,0x00,0x00,0x00,0x00,0x00,0x00,0x00,0x00,0x00,0x00,0x00,0x00,0x00,
    0x00,0x00,0x00,0x00,0x00,0x00,0x00,0x00,0x00,0x00,0x00,0x00,0x00,0x00,0x00,0x00,0x00,0x00,0x00,0x00,0x00,0x00,0x00,0x00,0x00,0x00,0x00,0x00,0x00,0x00,0x00,0x00,0x00,0x00,0x00,0x00,0x03,0x00,0x00,0x00,0x00,0x03,0x03,0x00,0x62,0x43,0xa5,0x9f,0x0d,0x8e,0x85,0x7e,0x7e,0x88,0x91,0xdd,0xcf,0xdd,0xcd,0xa6,0x92,0x21,0x89,0x3c,0x92,0x8a,0xbb,0x89,0xe9,0x92,0x9b,0x45,0x80,0xd2,0x84,0x8a,0x8a,0x87,0x87,0x98,0x87,0x87,0x8b,0xa6,0x80,0xb6,0x92,0x93,0xcd,0x89,0xb6,0x92,0xb9,0x96,0xe0,0xcc,0xe2,0x8f,0x88,0xa2,0xa2,0x88,0x88,0x5b,0x2c,0x87,0xb9,0x64,0x15,0x00,0x01,0x00,0x00,0x00,0x00,0x00,0x00,0x00,0x00,0x00,0x00,0x00,0x00,0x00,0x00,0x00,0x00,0x00,0x00,0x00,0x00,0x00,0x00,0x00,0x00,0x00,0x00,0x00,0x00,0x00,0x00,0x00,0x00,0x00,
    0x00,0x00,0x00,0x00,0x00,0x00,0x00,0x00,0x00,0x00,0x00,0x00,0x00,0x00,0x00,0x00,0x00,0x00,0x00,0x00,0x00,0x00,0x00,0x00,0x00,0x00,0x00,0x00,0x00,0x00,0x00,0x00,0x00,0x00,0x03,0x05,0x00,0x15,0x1e,0x77,0x17,0x00,0x23,0x2a,0x3d,0x11,0x91,0x85,0x8e,0x85,0x7e,0x7e,0x88,0x90,0xcb,0xac,0xe2,0xd0,0xb7,0x45,0x92,0xcb,0x82,0xcb,0x84,0x93,0xb7,0xc9,0xc8,0xfa,0xfb,0xee,0xc9,0xc2,0x8b,0x8d,0x87,0x98,0x87,0x8d,0x8b,0x8b,0x92,0xd9,0x83,0xfd,0xfb,0xf0,0xc5,0x80,0xb6,0x92,0xb6,0x89,0xd2,0xf2,0xd3,0xa2,0x7e,0x85,0x7e,0x7e,0x97,0x4e,0x47,0xc7,0xa0,0x1a,0x2b,0x23,0x00,0x01,0x00,0x00,0x00,0x00,0x00,0x00,0x00,0x00,0x00,0x00,0x00,0x00,0x00,0x00,0x00,0x00,0x00,0x00,0x00,0x00,0x00,0x00,0x00,0x00,0x00,0x00,0x00,0x00,0x00,0x00,0x00,0x00,
    0x00,0x00,0x00,0x00,0x00,0x00,0x00,0x00,0x00,0x00,0x00,0x00,0x00,0x00,0x00,0x00,0x00,0x00,0x00,0x00,0x00,0x00,0x00,0x00,0x00,0x00,0x00,0x00,0x00,0x00,0x00,0x00,0x00,0x03,0x03,0x00,0x28,0x5b,0x72,0x48,0x32,0x1e,0x4b,0x42,0x11,0xa2,0x85,0x7e,0x85,0x7e,0x7e,0x85,0x7e,0xa2,0xcf,0x94,0xd3,0xe7,0xd9,0xb0,0x8a,0x9b,0x21,0xb9,0x92,0x9b,0xd9,0xc1,0xee,0xee,0xee,0xee,0xb2,0xdc,0x9c,0xae,0xa9,0x98,0x8b,0x8a,0x8a,0x8b,0x92,0x1a,0xb4,0xee,0xee,0xee,0xee,0xad,0xa6,0x92,0x1a,0x7f,0xf8,0xf1,0xe6,0x0d,0x8e,0x7e,0x7e,0x88,0x97,0x4c,0x66,0x4f,0x21,0xb7,0x50,0x40,0x3b,0x01,0x01,0x00,0x00,0x00,0x00,0x00,0x00,0x00,0x00,0x00,0x00,0x00,0x00,0x00,0x00,0x00,0x00,0x00,0x00,0x00,0x00,0x00,0x00,0x00,0x00,0x00,0x00,0x00,0x00,0x00,0x00,0x00,
    0x00,0x00,0x00,0x00,0x00,0x00,0x00,0x00,0x00,0x00,0x00,0x00,0x00,0x00,0x00,0x00,0x00,0x00,0x00,0x00,0x00,0x00,0x00,0x00,0x00,0x00,0x00,0x00,0x00,0x00,0x00,0x00,0x03,0x00,0x18,0x28,0x3a,0x8d,0x9c,0xae,0x45,0x24,0xa3,0x97,0x97,0x7e,0x7e,0x7e,0x7e,0x7e,0x85,0x88,0x91,0xe5,0xce,0xe6,0xdf,0xdf,0x45,0xab,0xae,0x97,0xae,0xaa,0x84,0x93,0xa7,0xd4,0xfb,0xf0,0xf0,0xfb,0xfd,0xd9,0x93,0x98,0x87,0x8d,0x8a,0x8a,0x8a,0x8b,0x92,0xb0,0xfd,0xf0,0xfa,0xf0,0xfa,0xd4,0x84,0x8b,0x55,0xb9,0xd5,0x07,0x07,0x27,0x8f,0xa2,0x88,0x88,0x91,0x07,0x32,0x00,0x66,0x14,0xb0,0x48,0x29,0x00,0x01,0x00,0x00,0x00,0x00,0x00,0x00,0x00,0x00,0x00,0x00,0x00,0x00,0x00,0x00,0x00,0x00,0x00,0x00,0x00,0x00,0x00,0x00,0x00,0x00,0x00,0x00,0x00,0x00,0x00,0x00,0x00,
    0x00,0x00,0x00,0x00,0x00,0x00,0x00,0x00,0x00,0x00,0x00,0x00,0x00,0x00,0x00,0x00,0x00,0x00,0x00,0x00,0x00,0x00,0x00,0x00,0x00,0x00,0x00,0x00,0x00,0x00,0x00,0x03,0x03,0x56,0x47,0x2c,0x09,0x7e,0x88,0x8f,0x90,0x91,0x8e,0x85,0x88,0x7e,0x7e,0x7e,0x7e,0x85,0x7e,0x91,0xdd,0xd3,0x55,0xdb,0xbe,0xdf,0xa7,0xb1,0xa6,0x84,0x98,0x98,0x98,0x8a,0x9b,0xd9,0xfa,0xaf,0xc7,0xd9,0xe5,0x84,0x8a,0x8a,0x8a,0x8a,0x8a,0x8a,0x8a,0x8a,0x84,0x87,0x3c,0xf0,0xfb,0xfb,0xd4,0xaf,0x92,0xaf,0xa7,0xab,0xd5,0x3f,0x3f,0xb7,0x90,0x9f,0x88,0x88,0x8f,0xa5,0x46,0x29,0x2f,0x14,0xaf,0x50,0x17,0x00,0x01,0x00,0x00,0x00,0x00,0x00,0x00,0x00,0x00,0x00,0x00,0x00,0x00,0x00,0x00,0x00,0x00,0x00,0x00,0x00,0x00,0x00,0x00,0x00,0x00,0x00,0x00,0x00,0x00,0x00,0x00,0x00,
    0x00,0x00,0x00,0x00,0x00,0x00,0x00,0x00,0x00,0x00,0x00,0x00,0x00,0x00,0x00,0x00,0x00,0x00,0x00,0x00,0x00,0x00,0x00,0x00,0x00,0x00,0x00,0x00,0x00,0x00,0x00,0x03,0x03,0x15,0x4e,0x98,0x85,0x85,0x7e,0x85,0x88,0x85,0x85,0x7e,0x7e,0x7e,0x7e,0x7e,0x88,0x8e,0x90,0xdd,0x9d,0xd3,0xeb,0xbe,0xbe,0xec,0xb5,0x0d,0xab,0x93,0xae,0xbc,0xbc,0xae,0x8b,0x98,0xa0,0x3c,0x1a,0xd9,0x8a,0x8a,0x8b,0x8a,0x8a,0x8b,0x8a,0x8a,0x8a,0x8a,0x8d,0x84,0xa6,0xd4,0xb9,0xd4,0xb0,0x9c,0xa3,0x97,0xa3,0xb3,0xd7,0xd4,0xe6,0xe6,0x9e,0x97,0xa9,0x97,0x09,0x8b,0x50,0x3d,0x23,0x5b,0x2c,0xb0,0x29,0x00,0x02,0x00,0x00,0x00,0x00,0x00,0x00,0x00,0x00,0x00,0x00,0x00,0x00,0x00,0x00,0x00,0x00,0x00,0x00,0x00,0x00,0x00,0x00,0x00,0x00,0x00,0x00,0x00,0x00,0x00,0x00,0x00,
    0x00,0x00,0x00,0x00,0x00,0x00,0x00,0x00,0x00,0x00,0x00,0x00,0x00,0x00,0x00,0x00,0x00,0x00,0x00,0x00,0x00,0x00,0x00,0x00,0x00,0x00,0x00,0x00,0x00,0x00,0x00,0x01,0x03,0x2a,0x4e,0x87,0x7e,0x88,0x85,0x85,0x8e,0x88,0x85,0x7e,0x7e,0x7e,0x7e,0x88,0x90,0x9f,0xe2,0x9d,0x99,0x67,0xbc,0x87,0xa0,0xd5,0xd0,0xe0,0xdf,0x8b,0xa3,0xbc,0xc6,0xc0,0xc6,0xc0,0xc6,0xc4,0xae,0x9c,0x8d,0x87,0x87,0x8d,0x8d,0x87,0xae,0x87,0x8d,0x8d,0x98,0x88,0x91,0xae,0xaa,0xaa,0xc6,0xc6,0xc6,0x09,0xab,0xbe,0xec,0xda,0xdb,0xf6,0xe5,0x9b,0x87,0x09,0x8d,0x09,0xc4,0x5d,0x1e,0x2d,0x2c,0xa3,0x1e,0x00,0x05,0x00,0x00,0x00,0x00,0x00,0x00,0x00,0x00,0x00,0x00,0x00,0x00,0x00,0x00,0x00,0x00,0x00,0x00,0x00,0x00,0x00,0x00,0x00,0x00,0x00,0x00,0x00,0x00,0x00,0x00,0x00,
    0x00,0x00,0x00,0x00,0x00,0x00,0x00,0x00,0x00,0x00,0x00,0x00,0x00,0x00,0x00,0x00,0x00,0x00,0x00,0x00,0x00,0x00,0x00,0x00,0x00,0x00,0x00,0x00,0x00,0x00,0x00,0x05,0x00,0x2e,0x98,0x87,0x9c,0x90,0x8e,0x8e,0xa5,0x07,0x85,0x7e,0x7e,0x7e,0x88,0x90,0xa5,0xcf,0x9d,0x94,0x8c,0x67,0xd3,0xc7,0x92,0xe0,0xe0,0xa6,0x1a,0xb0,0xae,0xc6,0xc0,0xc0,0xc0,0xc6,0xbc,0xbc,0xc4,0x88,0x7e,0x87,0x87,0x87,0x87,0x87,0xae,0x98,0x87,0x8b,0x87,0xa9,0x85,0x85,0xa3,0xa3,0xc4,0xbc,0xa3,0xae,0xb3,0xbe,0xbe,0xdb,0xb1,0xdd,0xcc,0xa7,0x8e,0x88,0x88,0x85,0xa2,0x4c,0x5a,0x3e,0x8d,0xa3,0x62,0x00,0x05,0x00,0x00,0x00,0x00,0x00,0x00,0x00,0x00,0x00,0x00,0x00,0x00,0x00,0x00,0x00,0x00,0x00,0x00,0x00,0x00,0x00,0x00,0x00,0x00,0x00,0x00,0x00,0x00,0x00,0x00,0x00,
    0x00,0x00,0x00,0x00,0x00,0x00,0x00,0x00,0x00,0x00,0x00,0x00,0x00,0x00,0x00,0x00,0x00,0x00,0x00,0x00,0x00,0x00,0x00,0x00,0x00,0x00,0x00,0x00,0x00,0x00,0x00,0x05,0x00,0x2e,0x84,0x97,0x4c,0x14,0x4c,0x07,0x0d,0xa2,0x7e,0x85,0x7e,0x85,0x8e,0xa5,0xcf,0xa4,0x94,0x8c,0x9d,0xcc,0xf2,0xd3,0xcb,0xec,0xab,0x92,0x09,0xb9,0xa3,0xc4,0xc6,0xbc,0xc6,0xbc,0xbc,0xbc,0xc4,0x85,0xa9,0x87,0x98,0x98,0x98,0x98,0x87,0x98,0x87,0x8d,0x98,0x87,0x7e,0xa3,0xbc,0xc6,0xc0,0xc0,0xae,0xb6,0xd5,0xdf,0xec,0x27,0x9e,0xf1,0xf2,0xe2,0x90,0x88,0x85,0x85,0x85,0x8e,0x14,0x3a,0x93,0xa6,0x1e,0x00,0x05,0x00,0x00,0x00,0x00,0x00,0x00,0x00,0x00,0x00,0x00,0x00,0x00,0x00,0x00,0x00,0x00,0x00,0x00,0x00,0x00,0x00,0x00,0x00,0x00,0x00,0x00,0x00,0x00,0x00,0x00,0x00,
    0x00,0x00,0x00,0x00,0x00,0x00,0x00,0x00,0x00,0x00,0x00,0x00,0x00,0x00,0x00,0x00,0x00,0x00,0x00,0x00,0x00,0x00,0x00,0x00,0x00,0x00,0x00,0x00,0x00,0x00,0x00,0x0b,0x00,0x31,0xc7,0x4c,0x25,0x28,0x4b,0x3a,0x9c,0x85,0x88,0x90,0x85,0x85,0x8f,0xf1,0x9d,0x94,0x8c,0x94,0x9d,0xcc,0xac,0xac,0xac,0xcd,0xed,0xdd,0xf1,0xcc,0xe5,0xbf,0xa3,0xc4,0xc4,0xc4,0xc4,0xa2,0x7e,0x98,0x87,0x8d,0x8d,0x8d,0x8a,0x8a,0x8d,0x8d,0x98,0x87,0x8d,0x8d,0xa9,0x88,0xbc,0xc6,0xc0,0xc0,0xa3,0xd1,0xa0,0xd5,0xa7,0x9b,0xbb,0xce,0xa8,0xcf,0x88,0x7e,0x7e,0x8e,0x85,0x7e,0x9f,0xa2,0x8d,0xb7,0x29,0x00,0x01,0x00,0x00,0x00,0x00,0x00,0x00,0x00,0x00,0x00,0x00,0x00,0x00,0x00,0x00,0x00,0x00,0x00,0x00,0x00,0x00,0x00,0x00,0x00,0x00,0x00,0x00,0x00,0x00,0x00,0x00,0x00,
    0x00,0x00,0x00,0x00,0x00,0x00,0x00,0x00,0x00,0x00,0x00,0x00,0x00,0x00,0x00,0x00,0x00,0x00,0x00,0x00,0x00,0x00,0x00,0x00,0x00,0x00,0x00,0x00,0x00,0x00,0x00,0x05,0x00,0x2e,0xca,0x14,0x2a,0x31,0x3e,0x8a,0xa2,0x85,0x90,0xa5,0xae,0x09,0xbb,0xac,0x94,0x8c,0x8c,0xa4,0x12,0xcc,0xac,0xac,0xf2,0x68,0xfc,0xcc,0x9d,0xac,0xcc,0xe5,0x8a,0x84,0xae,0xae,0xa9,0xa9,0x87,0x87,0x87,0x8b,0x8b,0x8d,0x8d,0xdb,0xbe,0xbc,0x8d,0x87,0x8a,0x8b,0x87,0x98,0x88,0xc4,0xbc,0x98,0xa0,0xa6,0xa3,0xd0,0xbf,0xcb,0xcf,0xa8,0xa8,0x12,0xb5,0x90,0x7e,0x91,0x8e,0x8e,0xb5,0xae,0xa7,0x34,0x17,0x00,0x01,0x00,0x00,0x00,0x00,0x00,0x00,0x00,0x00,0x00,0x00,0x00,0x00,0x00,0x00,0x00,0x00,0x00,0x00,0x00,0x00,0x00,0x00,0x00,0x00,0x00,0x00,0x00,0x00,0x00,0x00,0x00,
    0x00,0x00,0x00,0x00,0x00,0x00,0x00,0x00,0x00,0x00,0x00,0x00,0x00,0x00,0x00,0x00,0x00,0x00,0x00,0x00,0x00,0x00,0x00,0x00,0x00,0x00,0x00,0x00,0x00,0x00,0x00,0x05,0x00,0x1e,0x1a,0x25,0x18,0x72,0xca,0x97,0xa2,0x91,0xcb,0xce,0xcb,0xbf,0xdd,0xa8,0x9d,0x8c,0x8c,0xa4,0x12,0xce,0xa8,0xf4,0xde,0xf5,0xf5,0xde,0xce,0xa8,0xf2,0xcc,0xe6,0xaf,0x92,0x8b,0x98,0x98,0x98,0x87,0x87,0x87,0x98,0x7e,0xa9,0xdb,0xbe,0xc6,0x8d,0x98,0x8b,0x8a,0x8d,0x87,0x98,0x87,0xbf,0xb6,0x67,0xdd,0xb9,0xd5,0xf1,0xce,0xa4,0x12,0xac,0x12,0xcb,0x91,0x88,0x7e,0x7e,0x9e,0xa0,0xd7,0x72,0x2a,0x00,0x01,0x00,0x00,0x00,0x00,0x00,0x00,0x00,0x00,0x00,0x00,0x00,0x00,0x00,0x00,0x00,0x00,0x00,0x00,0x00,0x00,0x00,0x00,0x00,0x00,0x00,0x00,0x00,0x00,0x00,0x00,0x00,0x00,
    0x00,0x00,0x00,0x00,0x00,0x00,0x00,0x00,0x00,0x00,0x00,0x00,0x00,0x00,0x00,0x00,0x00,0x00,0x00,0x00,0x00,0x00,0x00,0x00,0x00,0x00,0x00,0x00,0x00,0x00,0x00,0x01,0x00,0x29,0x39,0x77,0x28,0x57,0x91,0x85,0x8e,0x9f,0xcf,0x94,0xcf,0xa2,0xe2,0x9d,0x8c,0x8c,0x8c,0x94,0x9d,0xac,0x94,0xac,0xde,0xf9,0xf9,0xde,0x99,0xac,0xef,0xef,0xef,0x96,0x21,0xa7,0x84,0x91,0x7e,0x88,0xae,0x98,0x7e,0x85,0x85,0x9c,0x9c,0x8a,0x87,0x8d,0x8b,0x8d,0x8d,0x93,0x92,0x87,0xe5,0xcc,0xac,0x67,0xd2,0xfc,0xf2,0xa4,0x9d,0x12,0xac,0xa8,0xb0,0x91,0x88,0x7e,0x85,0x88,0x91,0x49,0x32,0x00,0x01,0x00,0x00,0x00,0x00,0x00,0x00,0x00,0x00,0x00,0x00,0x00,0x00,0x00,0x00,0x00,0x00,0x00,0x00,0x00,0x00,0x00,0x00,0x00,0x00,0x00,0x00,0x00,0x00,0x00,0x00,0x00,0x00,0x00,
    0x00,0x00,0x00,0x00,0x00,0x00,0x00,0x00,0x00,0x00,0x00,0x00,0x00,0x00,0x00,0x00,0x00,0x00,0x00,0x00,0x00,0x00,0x00,0x00,0x00,0x00,0x00,0x00,0x00,0x00,0x00,0x00,0x00,0x1c,0x61,0x1c,0x59,0x57,0x9b,0x7e,0x9e,0x53,0xa8,0x99,0x9d,0xdd,0xe2,0xa4,0x8c,0x8c,0x8c,0x94,0xa4,0xa8,0x99,0xa4,0x68,0xf5,0xf5,0x68,0x99,0xea,0x89,0x82,0x81,0x80,0x89,0x9a,0xed,0xb0,0xae,0x9e,0x91,0x90,0x85,0xa9,0x93,0xa7,0xaa,0xaf,0x9b,0x93,0x9b,0x92,0x93,0xaf,0x1a,0xc2,0xcc,0xa8,0xcc,0xfc,0xf5,0xf5,0x68,0x3f,0xa4,0xa8,0x9d,0x12,0x0d,0x90,0x85,0x7e,0x7e,0x88,0x90,0x11,0x41,0x17,0x00,0x01,0x00,0x00,0x00,0x00,0x00,0x00,0x00,0x00,0x00,0x00,0x00,0x00,0x00,0x00,0x00,0x00,0x00,0x00,0x00,0x00,0x00,0x00,0x00,0x00,0x00,0x00,0x00,0x00,0x00,0x00,0x00,0x00,
    0x00,0x00,0x00,0x00,0x00,0x00,0x00,0x00,0x00,0x00,0x00,0x00,0x00,0x00,0x00,0x00,0x00,0x00,0x00,0x00,0x00,0x00,0x00,0x00,0x00,0x00,0x00,0x00,0x00,0x00,0x00,0x00,0x00,0x00,0x00,0x00,0x2b,0x4e,0x97,0x85,0x90,0xf1,0xa4,0x94,0x99,0xd8,0xd3,0x99,0x94,0x94,0x8c,0x8c,0x94,0x8c,0x94,0xa8,0xde,0xf8,0xe9,0xde,0x5c,0x82,0x9a,0x7f,0x7f,0x81,0x83,0x80,0x89,0x80,0xc2,0x21,0xeb,0xa7,0x87,0x84,0xab,0xa0,0xaa,0xb6,0xaa,0x98,0xbb,0x1a,0xe9,0x96,0x89,0x89,0xef,0xa8,0xf2,0xde,0xf9,0xf9,0xde,0xac,0x99,0xce,0xa8,0xcf,0xa2,0x8e,0x85,0x7e,0x85,0x7e,0x8e,0x93,0x33,0x17,0x00,0x01,0x00,0x00,0x00,0x00,0x00,0x00,0x00,0x00,0x00,0x00,0x00,0x00,0x00,0x00,0x00,0x00,0x00,0x00,0x00,0x00,0x00,0x00,0x00,0x00,0x00,0x00,0x00,0x00,0x00,0x00,0x00,0x00,
    0x00,0x00,0x00,0x00,0x00,0x00,0x00,0x00,0x00,0x00,0x00,0x00,0x00,0x00,0x00,0x00,0x00,0x00,0x00,0x00,0x00,0x00,0x00,0x00,0x00,0x00,0x00,0x00,0x00,0x00,0x00,0x00,0x00,0x00,0x05,0x01,0x4f,0x5d,0x45,0x7e,0x8f,0xf1,0x94,0xa1,0x99,0xa1,0x12,0x99,0xa1,0xa1,0x94,0x8c,0x8c,0x8c,0x8c,0x9d,0x37,0xa4,0x99,0xce,0xf4,0x82,0x7f,0x7d,0x7d,0x86,0x83,0x82,0x83,0x83,0x89,0xe7,0xda,0xbe,0xda,0xd1,0x07,0x8a,0xab,0xaf,0xb0,0x22,0x83,0x89,0x89,0x80,0x83,0x82,0x83,0xac,0xa8,0xde,0xf5,0xff,0xf8,0xa4,0x9d,0xce,0xac,0xe5,0x91,0x88,0x7e,0x85,0x8e,0xca,0x21,0x8d,0x3e,0x31,0x00,0x0b,0x00,0x00,0x00,0x00,0x00,0x00,0x00,0x00,0x00,0x00,0x00,0x00,0x00,0x00,0x00,0x00,0x00,0x00,0x00,0x00,0x00,0x00,0x00,0x00,0x00,0x00,0x00,0x00,0x00,0x00,0x00,0x00,
    0x00,0x00,0x00,0x00,0x00,0x00,0x00,0x00,0x00,0x00,0x00,0x00,0x00,0x00,0x00,0x00,0x00,0x00,0x00,0x00,0x00,0x00,0x00,0x00,0x00,0x00,0x00,0x00,0x00,0x00,0x00,0x00,0x00,0x00,0x02,0x00,0x2f,0x34,0xb6,0x07,0x9f,0xe5,0x8c,0xa1,0x99,0x99,0xa1,0x99,0x94,0x94,0x94,0x8c,0x94,0x8c,0xa4,0x9d,0x9d,0x9d,0xac,0xea,0x89,0x82,0x82,0x81,0x86,0x86,0x83,0x81,0x86,0x80,0xc2,0xdb,0xc3,0xda,0xdb,0xb3,0x84,0x8d,0xbb,0xa0,0x09,0xed,0x89,0x81,0x83,0x82,0x82,0x83,0x82,0xef,0xac,0xe9,0x37,0xde,0xe9,0x94,0x37,0x37,0xe2,0x97,0x8e,0x88,0x7e,0x85,0x8f,0x11,0x51,0x34,0x47,0x56,0x03,0x03,0x00,0x00,0x00,0x00,0x00,0x00,0x00,0x00,0x00,0x00,0x00,0x00,0x00,0x00,0x00,0x00,0x00,0x00,0x00,0x00,0x00,0x00,0x00,0x00,0x00,0x00,0x00,0x00,0x00,0x00,0x00,0x00,
    0x00,0x00,0x00,0x00,0x00,0x00,0x00,0x00,0x00,0x00,0x00,0x00,0x00,0x00,0x00,0x00,0x00,0x00,0x00,0x00,0x00,0x00,0x00,0x00,0x00,0x00,0x00,0x00,0x00,0x00,0x00,0x00,0x00,0x00,0x00,0x08,0x00,0x34,0xb7,0x14,0x91,0x53,0xa8,0x99,0x8c,0x8c,0x8c,0x8c,0x8c,0x8c,0x8c,0x99,0x8c,0x9d,0x8c,0x9d,0xa8,0xa8,0xea,0x89,0x83,0x82,0x82,0x82,0x86,0x7d,0x7d,0x7f,0x7f,0x86,0x95,0xd7,0xc3,0xda,0xec,0x50,0xa2,0x7e,0x90,0x97,0x8e,0xa7,0x7d,0x80,0x83,0x82,0x82,0x82,0x82,0x80,0xea,0xac,0x94,0xce,0x37,0xac,0x53,0xa5,0xbf,0x8f,0x9f,0x90,0x88,0x85,0x90,0x4c,0x60,0x29,0x18,0x00,0x03,0x00,0x00,0x00,0x00,0x00,0x00,0x00,0x00,0x00,0x00,0x00,0x00,0x00,0x00,0x00,0x00,0x00,0x00,0x00,0x00,0x00,0x00,0x00,0x00,0x00,0x00,0x00,0x00,0x00,0x00,0x00,0x00,0x00,
    0x00,0x00,0x00,0x00,0x00,0x00,0x00,0x00,0x00,0x00,0x00,0x00,0x00,0x00,0x00,0x00,0x00,0x00,0x00,0x00,0x00,0x00,0x00,0x00,0x00,0x00,0x00,0x00,0x00,0x00,0x00,0x00,0x02,0x7b,0x38,0x65,0x4a,0x65,0x5f,0x5f,0x43,0xe6,0xa4,0x94,0x8c,0x8c,0x8c,0x8c,0x99,0x94,0x8c,0x94,0x9d,0xac,0x9d,0xa8,0xa4,0xcc,0x80,0x7f,0x86,0x86,0x86,0x81,0x7d,0x7d,0x7d,0x7d,0x7d,0x86,0x83,0x89,0xc2,0xdb,0xbe,0xb6,0x9c,0x85,0xae,0x98,0x87,0x84,0xe9,0x89,0x83,0x82,0x82,0x82,0x82,0x83,0x89,0x67,0x9d,0x9d,0xa4,0xcf,0x90,0xbf,0xaa,0xd3,0xe6,0x8f,0x7e,0x88,0x09,0x24,0x33,0x59,0x3b,0x03,0x00,0x00,0x00,0x00,0x00,0x00,0x00,0x00,0x00,0x00,0x00,0x00,0x00,0x00,0x00,0x00,0x00,0x00,0x00,0x00,0x00,0x00,0x00,0x00,0x00,0x00,0x00,0x00,0x00,0x00,0x00,0x00,0x00,0x00,
    0x00,0x00,0x00,0x00,0x00,0x00,0x00,0x00,0x00,0x00,0x00,0x00,0x00,0x00,0x00,0x00,0x00,0x00,0x00,0x00,0x00,0x00,0x00,0x00,0x00,0x00,0x00,0x00,0x00,0x00,0x00,0x00,0x7b,0x00,0x73,0x65,0x3f,0x65,0x4d,0x4d,0x67,0xa4,0x99,0x8c,0x8c,0x8c,0x8c,0x8c,0x8c,0x8c,0x8c,0x94,0xa4,0x9d,0xa4,0x9d,0x94,0xf4,0x83,0x9a,0x86,0x86,0x7d,0x7f,0x7f,0x7f,0x7f,0x7f,0x7f,0x81,0x82,0x83,0x89,0x9a,0xb3,0xb3,0xaa,0x84,0x8d,0x98,0x98,0x8b,0x45,0x86,0x82,0x82,0x83,0x83,0x83,0x81,0x81,0xea,0xa4,0x8c,0xa8,0xdd,0xbf,0xb6,0xcc,0x12,0xce,0xe5,0x91,0x88,0x85,0xae,0xc4,0x6f,0x70,0x01,0x01,0x00,0x00,0x00,0x00,0x00,0x00,0x00,0x00,0x00,0x00,0x00,0x00,0x00,0x00,0x00,0x00,0x00,0x00,0x00,0x00,0x00,0x00,0x00,0x00,0x00,0x00,0x00,0x00,0x00,0x00,0x00,0x00,0x00,
    0x00,0x00,0x00,0x00,0x00,0x00,0x00,0x00,0x00,0x00,0x00,0x00,0x00,0x00,0x00,0x00,0x00,0x00,0x00,0x00,0x00,0x00,0x00,0x00,0x00,0x00,0x00,0x00,0x00,0x00,0x00,0x00,0x00,0x02,0x01,0x4d,0x3f,0x12,0x12,0x5c,0x99,0xa1,0x99,0x94,0x8c,0x8c,0x8c,0x8c,0x8c,0x8c,0x8c,0x94,0x8c,0x8c,0x8c,0x8c,0xa1,0xf4,0x82,0x86,0x83,0x83,0x83,0x83,0x81,0x86,0x83,0x81,0x86,0x7f,0x7f,0x86,0x9a,0x83,0x55,0x21,0xaf,0xa3,0xc4,0x7e,0x85,0x8f,0xa3,0x22,0x80,0x82,0x82,0x82,0x82,0x83,0x83,0xea,0x99,0x94,0x9d,0xe2,0x9e,0xd3,0xa4,0xd8,0xa8,0xd3,0x9f,0x7e,0x88,0x09,0x50,0x71,0x2f,0x00,0x02,0x00,0x00,0x00,0x00,0x00,0x00,0x00,0x00,0x00,0x00,0x00,0x00,0x00,0x00,0x00,0x00,0x00,0x00,0x00,0x00,0x00,0x00,0x00,0x00,0x00,0x00,0x00,0x00,0x00,0x00,0x00,0x00,0x00,
    0x00,0x00,0x00,0x00,0x00,0x00,0x00,0x00,0x00,0x00,0x00,0x00,0x00,0x00,0x00,0x00,0x00,0x00,0x00,0x00,0x00,0x00,0x00,0x00,0x00,0x00,0x00,0x00,0x00,0x00,0x00,0x00,0x00,0x01,0x01,0x2f,0x4d,0xce,0x9d,0x99,0x99,0x94,0x94,0x94,0x94,0x94,0x8c,0x8c,0x8c,0x8c,0x8c,0x94,0x99,0x99,0x8c,0x8c,0xa1,0x3f,0x89,0x86,0x7f,0x7f,0x86,0x81,0x82,0x82,0x82,0x82,0x82,0x83,0x86,0x86,0x82,0x83,0x96,0x22,0xd5,0xbe,0xeb,0x8e,0x88,0x97,0xa3,0x96,0x81,0x86,0x82,0x83,0x83,0x82,0x82,0x81,0x37,0x99,0x8c,0x12,0xaa,0xcf,0x94,0xa4,0x99,0x5c,0x0d,0x8e,0x88,0x90,0xd6,0x51,0x1e,0x15,0x01,0x01,0x00,0x00,0x00,0x00,0x00,0x00,0x00,0x00,0x00,0x00,0x00,0x00,0x00,0x00,0x00,0x00,0x00,0x00,0x00,0x00,0x00,0x00,0x00,0x00,0x00,0x00,0x00,0x00,0x00,0x00,0x00,0x00,
    0x00,0x00,0x00,0x00,0x00,0x00,0x00,0x00,0x00,0x00,0x00,0x00,0x00,0x00,0x00,0x00,0x00,0x00,0x00,0x00,0x00,0x00,0x00,0x00,0x00,0x00,0x00,0x00,0x00,0x00,0x00,0x00,0x00,0x00,0x02,0x00,0x3b,0x4d,0x69,0xce,0x9d,0x8c,0xa4,0x8c,0xd8,0x37,0x8c,0x99,0x99,0x99,0x99,0xa1,0xac,0xd8,0x94,0x9d,0x94,0x12,0x7d,0x7d,0x7d,0x7d,0x7d,0x7f,0x7d,0x83,0x82,0x82,0x82,0x82,0x80,0x81,0xc9,0x80,0x80,0x89,0x80,0x21,0x98,0x87,0x87,0x92,0xb9,0x89,0x9a,0x7d,0x83,0x82,0x82,0x82,0x81,0x81,0xea,0x94,0x94,0x8c,0x12,0xd8,0x94,0x8c,0x94,0xcf,0x9f,0x8e,0x85,0xa2,0x9f,0x4c,0x41,0x61,0x00,0x1c,0x00,0x00,0x00,0x00,0x00,0x00,0x00,0x00,0x00,0x00,0x00,0x00,0x00,0x00,0x00,0x00,0x00,0x00,0x00,0x00,0x00,0x00,0x00,0x00,0x00,0x00,0x00,0x00,0x00,0x00,0x00,0x00,
    0x00,0x00,0x00,0x00,0x00,0x00,0x00,0x00,0x00,0x00,0x00,0x00,0x00,0x00,0x00,0x00,0x00,0x00,0x00,0x00,0x00,0x00,0x00,0x00,0x00,0x00,0x00,0x00,0x00,0x00,0x00,0x00,0x00,0x00,0x00,0x02,0x00,0x2f,0x38,0x4a,0x65,0x69,0x69,0x69,0x78,0x6e,0xa1,0x99,0xa1,0xa1,0x99,0x99,0xd3,0xcf,0xa1,0x9d,0xa1,0x37,0x86,0x7f,0x7d,0x7f,0x7d,0x7d,0x7d,0x7d,0x86,0x81,0x82,0x82,0x80,0x7d,0xb8,0x80,0x82,0x82,0x82,0x89,0xdc,0x93,0x93,0xb7,0x9a,0x7d,0x7f,0x7d,0x81,0x83,0x7d,0x83,0x86,0x9a,0x81,0x5c,0x99,0x8c,0xa4,0xa8,0x94,0x8c,0xa4,0xd3,0xd1,0xa2,0x7e,0x9e,0xa5,0x07,0x6f,0x70,0x03,0x02,0x00,0x00,0x00,0x00,0x00,0x00,0x00,0x00,0x00,0x00,0x00,0x00,0x00,0x00,0x00,0x00,0x00,0x00,0x00,0x00,0x00,0x00,0x00,0x00,0x00,0x00,0x00,0x00,0x00,0x00,0x00,0x00,
    0x00,0x00,0x00,0x00,0x00,0x00,0x00,0x00,0x00,0x00,0x00,0x00,0x00,0x00,0x00,0x00,0x00,0x00,0x00,0x00,0x00,0x00,0x00,0x00,0x00,0x00,0x00,0x00,0x00,0x00,0x00,0x00,0x00,0x00,0x00,0x00,0x03,0x00,0x7b,0x17,0x6a,0x38,0x38,0x38,0x5f,0x6e,0xa1,0x99,0x99,0x99,0x99,0x9d,0x79,0x7c,0x94,0x8c,0x99,0xef,0x82,0x7f,0x86,0x81,0x7d,0x7d,0x7d,0x86,0x7f,0x7f,0x7d,0x86,0x81,0x7f,0xc9,0x80,0x82,0x82,0x86,0x86,0x89,0x55,0xdc,0x89,0x81,0x83,0x83,0x83,0x83,0x81,0x7f,0x86,0x82,0x83,0x80,0x67,0xa1,0x94,0x12,0xf4,0x94,0x8c,0x94,0x37,0xd0,0x97,0xb1,0x6d,0x43,0x58,0x4b,0x0b,0x03,0x00,0x00,0x00,0x00,0x00,0x00,0x00,0x00,0x00,0x00,0x00,0x00,0x00,0x00,0x00,0x00,0x00,0x00,0x00,0x00,0x00,0x00,0x00,0x00,0x00,0x00,0x00,0x00,0x00,0x00,0x00,0x00,0x00,
    0x00,0x00,0x00,0x00,0x00,0x00,0x00,0x00,0x00,0x00,0x00,0x00,0x00,0x00,0x00,0x00,0x00,0x00,0x00,0x00,0x00,0x00,0x00,0x00,0x00,0x00,0x00,0x00,0x00,0x00,0x00,0x00,0x00,0x00,0x00,0x00,0x00,0x01,0x00,0x01,0x00,0x00,0x00,0x00,0x76,0x75,0xd8,0xa1,0x94,0xa4,0x94,0xa8,0xfe,0x79,0xa8,0x94,0x12,0x7f,0x82,0x81,0x86,0x82,0x83,0x7d,0x86,0x83,0x86,0x7d,0x7d,0x7f,0x86,0x95,0xbd,0x82,0x7f,0x7d,0x7f,0x83,0x82,0x89,0x89,0x83,0x82,0x82,0x81,0x86,0x83,0x86,0x7d,0x7f,0x81,0x82,0x80,0x7f,0x9d,0x94,0xd8,0x3f,0x5c,0xa8,0xa1,0x12,0xd9,0x09,0x5d,0x2b,0x62,0x17,0x00,0x00,0x00,0x00,0x00,0x00,0x00,0x00,0x00,0x00,0x00,0x00,0x00,0x00,0x00,0x00,0x00,0x00,0x00,0x00,0x00,0x00,0x00,0x00,0x00,0x00,0x00,0x00,0x00,0x00,0x00,0x00,0x00,0x00,0x00,0x00,
    0x00,0x00,0x00,0x00,0x00,0x00,0x00,0x00,0x00,0x00,0x00,0x00,0x00,0x00,0x00,0x00,0x00,0x00,0x00,0x00,0x00,0x00,0x00,0x00,0x00,0x00,0x00,0x00,0x00,0x00,0x00,0x00,0x00,0x00,0x00,0x00,0x00,0x00,0x00,0x02,0x02,0x02,0x02,0x7b,0x02,0x38,0x69,0xd8,0xa1,0x99,0xa1,0x5c,0x79,0x34,0xac,0xa1,0x37,0x80,0x83,0x7d,0x7f,0x7d,0x86,0x86,0x83,0x86,0x86,0x86,0x7f,0x7d,0x86,0x96,0xbd,0x80,0x86,0x81,0x7d,0x81,0x82,0x81,0x83,0x82,0x82,0x83,0x86,0x83,0x86,0x7f,0x7d,0x7d,0x7d,0x83,0x82,0x89,0xf4,0xa1,0x5c,0x6e,0x37,0x37,0xa1,0x99,0xe2,0x27,0x32,0x15,0x00,0x00,0x01,0x00,0x00,0x00,0x00,0x00,0x00,0x00,0x00,0x00,0x00,0x00,0x00,0x00,0x00,0x00,0x00,0x00,0x00,0x00,0x00,0x00,0x00,0x00,0x00,0x00,0x00,0x00,0x00,0x00,0x00,0x00,0x00,0x00,0x00,0x00,
    0x00,0x00,0x00,0x00,0x00,0x00,0x00,0x00,0x00,0x00,0x00,0x00,0x00,0x00,0x00,0x00,0x00,0x00,0x00,0x00,0x00,0x00,0x00,0x00,0x00,0x00,0x00,0x00,0x00,0x00,0x00,0x00,0x00,0x00,0x00,0x00,0x00,0x00,0x00,0x00,0x00,0x00,0x00,0x00,0x03,0x00,0x76,0x4a,0x75,0x12,0x75,0x78,0x4d,0x63,0xac,0xd8,0x3f,0x86,0x7f,0x7d,0x7d,0x7d,0x7d,0x7f,0x86,0x83,0x81,0x83,0x7f,0x7d,0x86,0x96,0xcd,0x80,0x83,0x82,0x81,0x81,0x82,0x83,0x81,0x86,0x86,0x82,0x82,0x81,0x7d,0x7d,0x7d,0x7d,0x7f,0x86,0x82,0x82,0x80,0x12,0x6e,0x6e,0x78,0x4a,0x5c,0xa1,0xd8,0xed,0x63,0x23,0x23,0x01,0x00,0x00,0x00,0x00,0x00,0x00,0x00,0x00,0x00,0x00,0x00,0x00,0x00,0x00,0x00,0x00,0x00,0x00,0x00,0x00,0x00,0x00,0x00,0x00,0x00,0x00,0x00,0x00,0x00,0x00,0x00,0x00,0x00,0x00,0x00,0x00,
    0x00,0x00,0x00,0x00,0x00,0x00,0x00,0x00,0x00,0x00,0x00,0x00,0x00,0x00,0x00,0x00,0x00,0x00,0x00,0x00,0x00,0x00,0x00,0x00,0x00,0x00,0x00,0x00,0x00,0x00,0x00,0x00,0x00,0x00,0x00,0x00,0x00,0x00,0x00,0x00,0x00,0x00,0x00,0x00,0x00,0x7b,0x7b,0x17,0x38,0x38,0x38,0x73,0x76,0x4a,0xce,0x69,0x20,0x7d,0x04,0x7d,0x7f,0x81,0x86,0x7d,0x7f,0x86,0x83,0x82,0x7d,0x7d,0x86,0x96,0xb4,0x82,0x7f,0x82,0x82,0x83,0x83,0x83,0x82,0x83,0x83,0x83,0x86,0x7f,0x7d,0x7d,0x7d,0x7d,0x7d,0x7f,0x83,0x82,0x83,0xef,0x5c,0x4a,0x76,0x4d,0x3f,0x8c,0x5c,0x71,0x74,0x00,0x02,0x00,0x00,0x00,0x00,0x00,0x00,0x00,0x00,0x00,0x00,0x00,0x00,0x00,0x00,0x00,0x00,0x00,0x00,0x00,0x00,0x00,0x00,0x00,0x00,0x00,0x00,0x00,0x00,0x00,0x00,0x00,0x00,0x00,0x00,0x00,0x00,0x00,
    0x00,0x00,0x00,0x00,0x00,0x00,0x00,0x00,0x00,0x00,0x00,0x00,0x00,0x00,0x00,0x00,0x00,0x00,0x00,0x00,0x00,0x00,0x00,0x00,0x00,0x00,0x00,0x00,0x00,0x00,0x00,0x00,0x00,0x00,0x00,0x00,0x00,0x00,0x00,0x00,0x00,0x00,0x00,0x00,0x00,0x00,0x00,0x00,0x00,0x7b,0x03,0x00,0x06,0x38,0x4a,0x4a,0x0e,0x7f,0x04,0x7d,0x86,0x83,0x7f,0x7d,0x7d,0x7f,0x7d,0x83,0x83,0x7f,0x86,0x95,0xb4,0x82,0x7f,0x82,0x82,0x83,0x83,0x83,0x86,0x81,0x86,0x7f,0x7f,0x7d,0x7d,0x7d,0x7d,0x7d,0x7d,0x7f,0x81,0x83,0x7d,0x80,0x52,0x73,0x6b,0x65,0x3f,0x75,0x4a,0x76,0x00,0x03,0x00,0x00,0x00,0x00,0x00,0x00,0x00,0x00,0x00,0x00,0x00,0x00,0x00,0x00,0x00,0x00,0x00,0x00,0x00,0x00,0x00,0x00,0x00,0x00,0x00,0x00,0x00,0x00,0x00,0x00,0x00,0x00,0x00,0x00,0x00,0x00,0x00,0x00,
    0x00,0x00,0x00,0x00,0x00,0x00,0x00,0x00,0x00,0x00,0x00,0x00,0x00,0x00,0x00,0x00,0x00,0x00,0x00,0x00,0x00,0x00,0x00,0x00,0x00,0x00,0x00,0x00,0x00,0x00,0x00,0x00,0x00,0x00,0x00,0x00,0x00,0x00,0x00,0x00,0x00,0x00,0x00,0x00,0x00,0x00,0x00,0x02,0x01,0x00,0x00,0x7b,0x00,0x2f,0x17,0x1b,0x35,0x04,0x7f,0x7f,0x86,0x81,0x7f,0x7d,0x7d,0x7d,0x7d,0x7d,0x83,0x83,0x83,0x95,0xcd,0x82,0x9a,0x83,0x82,0x81,0x83,0x83,0x7d,0x7f,0x7f,0x7d,0x7d,0x7d,0x7d,0x7d,0x7d,0x7d,0x7d,0x7d,0x7d,0x83,0x81,0x82,0x20,0x2f,0x4d,0x3f,0x65,0x4d,0x73,0x00,0x01,0x00,0x00,0x00,0x00,0x00,0x00,0x00,0x00,0x00,0x00,0x00,0x00,0x00,0x00,0x00,0x00,0x00,0x00,0x00,0x00,0x00,0x00,0x00,0x00,0x00,0x00,0x00,0x00,0x00,0x00,0x00,0x00,0x00,0x00,0x00,0x00,0x00,0x00,0x00,
    0x00,0x00,0x00,0x00,0x00,0x00,0x00,0x00,0x00,0x00,0x00,0x00,0x00,0x00,0x00,0x00,0x00,0x00,0x00,0x00,0x00,0x00,0x00,0x00,0x00,0x00,0x00,0x00,0x00,0x00,0x00,0x00,0x00,0x00,0x00,0x00,0x00,0x00,0x00,0x00,0x00,0x00,0x00,0x00,0x00,0x00,0x00,0x00,0x00,0x00,0x00,0x00,0x00,0x00,0x05,0x1b,0x5e,0x7d,0x7d,0x7f,0x83,0x86,0x7f,0x7d,0x7d,0x7d,0x7d,0x7d,0x7f,0x86,0x80,0x95,0xc5,0x80,0x7f,0x7d,0x86,0x7f,0x86,0x83,0x7d,0x7d,0x7d,0x7d,0x7d,0x7d,0x7d,0x7d,0x7d,0x7d,0x7d,0x7d,0x7f,0x86,0x83,0x83,0x81,0x16,0x2f,0x38,0x70,0x16,0x00,0x02,0x00,0x00,0x00,0x00,0x00,0x00,0x00,0x00,0x00,0x00,0x00,0x00,0x00,0x00,0x00,0x00,0x00,0x00,0x00,0x00,0x00,0x00,0x00,0x00,0x00,0x00,0x00,0x00,0x00,0x00,0x00,0x00,0x00,0x00,0x00,0x00,0x00,0x00,0x00,0x00,
    0x00,0x00,0x00,0x00,0x00,0x00,0x00,0x00,0x00,0x00,0x00,0x00,0x00,0x00,0x00,0x00,0x00,0x00,0x00,0x00,0x00,0x00,0x00,0x00,0x00,0x00,0x00,0x00,0x00,0x00,0x00,0x00,0x00,0x00,0x00,0x00,0x00,0x00,0x00,0x00,0x00,0x00,0x00,0x00,0x00,0x00,0x00,0x00,0x00,0x00,0x00,0x00,0x00,0x03,0x08,0x52,0x5e,0x7d,0x7d,0x86,0x83,0x7d,0x7d,0x7d,0x7d,0x7d,0x7d,0x7d,0x7d,0x7f,0x83,0x7d,0xb8,0x80,0x7f,0x7f,0x7f,0x7d,0x7d,0x83,0x7d,0x7d,0x7d,0x7d,0x7d,0x7d,0x7d,0x7d,0x7d,0x7d,0x7d,0x7d,0x7d,0x7f,0x81,0x10,0x81,0x0f,0x02,0x06,0x00,0x00,0x02,0x00,0x00,0x00,0x00,0x00,0x00,0x00,0x00,0x00,0x00,0x00,0x00,0x00,0x00,0x00,0x00,0x00,0x00,0x00,0x00,0x00,0x00,0x00,0x00,0x00,0x00,0x00,0x00,0x00,0x00,0x00,0x00,0x00,0x00,0x00,0x00,0x00,0x00,0x00,0x00,0x00,
    0x00,0x00,0x00,0x00,0x00,0x00,0x00,0x00,0x00,0x00,0x00,0x00,0x00,0x00,0x00,0x00,0x00,0x00,0x00,0x00,0x00,0x00,0x00,0x00,0x00,0x00,0x00,0x00,0x00,0x00,0x00,0x00,0x00,0x00,0x00,0x00,0x00,0x00,0x00,0x00,0x00,0x00,0x00,0x00,0x00,0x00,0x00,0x00,0x00,0x00,0x00,0x00,0x02,0x00,0x16,0x0e,0x7d,0x04,0x7f,0x81,0x81,0x7f,0x7d,0x7d,0x7d,0x7d,0x7d,0x7d,0x7d,0x7f,0x83,0xad,0xba,0x80,0x81,0x81,0x81,0x7d,0x7f,0x81,0x81,0x7f,0x7d,0x7d,0x7d,0x7d,0x7d,0x7d,0x7d,0x7d,0x7d,0x7d,0x7d,0x7d,0x7d,0x04,0x81,0x1b,0x00,0x1c,0x7b,0x02,0x00,0x00,0x00,0x00,0x00,0x00,0x00,0x00,0x00,0x00,0x00,0x00,0x00,0x00,0x00,0x00,0x00,0x00,0x00,0x00,0x00,0x00,0x00,0x00,0x00,0x00,0x00,0x00,0x00,0x00,0x00,0x00,0x00,0x00,0x00,0x00,0x00,0x00,0x00,0x00,0x00,0x00,
    0x00,0x00,0x00,0x00,0x00,0x00,0x00,0x00,0x00,0x00,0x00,0x00,0x00,0x00,0x00,0x00,0x00,0x00,0x00,0x00,0x00,0x00,0x00,0x00,0x00,0x00,0x00,0x00,0x00,0x00,0x00,0x00,0x00,0x00,0x00,0x00,0x00,0x00,0x00,0x00,0x00,0x00,0x00,0x00,0x00,0x00,0x00,0x00,0x00,0x00,0x00,0x00,0x1c,0x00,0x1d,0x44,0x04,0x7f,0x7d,0x83,0x86,0x7d,0x7d,0x7d,0x7d,0x7d,0x7d,0x7d,0x7d,0x7f,0x80,0xb8,0xc8,0x82,0x83,0x83,0x83,0x83,0x86,0x86,0x83,0x7f,0x7d,0x7d,0x7d,0x7d,0x7d,0x7d,0x7d,0x7d,0x7d,0x7d,0x7d,0x7d,0x7d,0x04,0x7d,0x1b,0x00,0x1c,0x00,0x00,0x00,0x00,0x00,0x00,0x00,0x00,0x00,0x00,0x00,0x00,0x00,0x00,0x00,0x00,0x00,0x00,0x00,0x00,0x00,0x00,0x00,0x00,0x00,0x00,0x00,0x00,0x00,0x00,0x00,0x00,0x00,0x00,0x00,0x00,0x00,0x00,0x00,0x00,0x00,0x00,0x00,0x00,
    0x00,0x00,0x00,0x00,0x00,0x00,0x00,0x00,0x00,0x00,0x00,0x00,0x00,0x00,0x00,0x00,0x00,0x00,0x00,0x00,0x00,0x00,0x00,0x00,0x00,0x00,0x00,0x00,0x00,0x00,0x00,0x00,0x00,0x00,0x00,0x00,0x00,0x00,0x00,0x00,0x00,0x00,0x00,0x00,0x00,0x00,0x00,0x00,0x00,0x00,0x00,0x00,0x02,0x00,0x19,0x35,0x7d,0x04,0x86,0x83,0x7d,0x7d,0x7d,0x7d,0x7d,0x7d,0x7d,0x7d,0x7d,0x86,0x82,0x81,0xc9,0x81,0x7f,0x7f,0x7f,0x86,0x83,0x7d,0x83,0x81,0x7f,0x7d,0x7d,0x7d,0x7d,0x7d,0x7d,0x7d,0x7d,0x7d,0x7d,0x7d,0x7d,0x04,0x81,0x1b,0x00,0x1c,0x00,0x00,0x00,0x00,0x00,0x00,0x00,0x00,0x00,0x00,0x00,0x00,0x00,0x00,0x00,0x00,0x00,0x00,0x00,0x00,0x00,0x00,0x00,0x00,0x00,0x00,0x00,0x00,0x00,0x00,0x00,0x00,0x00,0x00,0x00,0x00,0x00,0x00,0x00,0x00,0x00,0x00,0x00,0x00,
    0x00,0x00,0x00,0x00,0x00,0x00,0x00,0x00,0x00,0x00,0x00,0x00,0x00,0x00,0x00,0x00,0x00,0x00,0x00,0x00,0x00,0x00,0x00,0x00,0x00,0x00,0x00,0x00,0x00,0x00,0x00,0x00,0x00,0x00,0x00,0x00,0x00,0x00,0x00,0x00,0x00,0x00,0x00,0x00,0x00,0x00,0x00,0x00,0x00,0x00,0x00,0x00,0x02,0x00,0x1d,0x44,0x7d,0x04,0x81,0x81,0x7f,0x7d,0x7d,0x7d,0x7d,0x7d,0x7f,0x81,0x83,0x81,0x7d,0x81,0x81,0x7d,0x7d,0x7d,0x7d,0x7f,0x7d,0x81,0x96,0x96,0x86,0x7d,0x7d,0x7d,0x7d,0x7d,0x7d,0x7d,0x7d,0x7d,0x7d,0x7d,0x7d,0x04,0x81,0x1b,0x00,0x1c,0x00,0x00,0x00,0x00,0x00,0x00,0x00,0x00,0x00,0x00,0x00,0x00,0x00,0x00,0x00,0x00,0x00,0x00,0x00,0x00,0x00,0x00,0x00,0x00,0x00,0x00,0x00,0x00,0x00,0x00,0x00,0x00,0x00,0x00,0x00,0x00,0x00,0x00,0x00,0x00,0x00,0x00,0x00,0x00,
    0x00,0x00,0x00,0x00,0x00,0x00,0x00,0x00,0x00,0x00,0x00,0x00,0x00,0x00,0x00,0x00,0x00,0x00,0x00,0x00,0x00,0x00,0x00,0x00,0x00,0x00,0x00,0x00,0x00,0x00,0x00,0x00,0x00,0x00,0x00,0x00,0x00,0x00,0x00,0x00,0x00,0x00,0x00,0x00,0x00,0x00,0x00,0x00,0x00,0x00,0x00,0x00,0x02,0x00,0x19,0x44,0x7f,0x7f,0x83,0x7d,0x7d,0x7d,0x7d,0x7d,0x7d,0x7d,0x7d,0x86,0x7d,0x7f,0x7d,0x7f,0x7f,0x7d,0x7d,0x7d,0x7d,0x7d,0x7f,0x83,0x22,0xb8,0x83,0x7f,0x7d,0x7d,0x7d,0x7d,0x7d,0x7d,0x7d,0x7d,0x7d,0x7d,0x7d,0x04,0x81,0x1f,0x00,0x1c,0x00,0x00,0x00,0x00,0x00,0x00,0x00,0x00,0x00,0x00,0x00,0x00,0x00,0x00,0x00,0x00,0x00,0x00,0x00,0x00,0x00,0x00,0x00,0x00,0x00,0x00,0x00,0x00,0x00,0x00,0x00,0x00,0x00,0x00,0x00,0x00,0x00,0x00,0x00,0x00,0x00,0x00,0x00,0x00,
    0x00,0x00,0x00,0x00,0x00,0x00,0x00,0x00,0x00,0x00,0x00,0x00,0x00,0x00,0x00,0x00,0x00,0x00,0x00,0x00,0x00,0x00,0x00,0x00,0x00,0x00,0x00,0x00,0x00,0x00,0x00,0x00,0x00,0x00,0x00,0x00,0x00,0x00,0x00,0x00,0x00,0x00,0x00,0x00,0x00,0x00,0x00,0x00,0x00,0x00,0x00,0x00,0x02,0x00,0x1d,0x44,0x7d,0x10,0x83,0x7f,0x7d,0x7d,0x7d,0x7d,0x7d,0x7d,0x7d,0x7d,0x7d,0x7d,0x7d,0x7d,0x7d,0x7d,0x7d,0x7d,0x7d,0x7d,0x7d,0x86,0x83,0x81,0x82,0x86,0x7f,0x7d,0x7d,0x7d,0x7d,0x7d,0x7d,0x7d,0x7d,0x7d,0x04,0x86,0x36,0x08,0x01,0x01,0x00,0x00,0x00,0x00,0x00,0x00,0x00,0x00,0x00,0x00,0x00,0x00,0x00,0x00,0x00,0x00,0x00,0x00,0x00,0x00,0x00,0x00,0x00,0x00,0x00,0x00,0x00,0x00,0x00,0x00,0x00,0x00,0x00,0x00,0x00,0x00,0x00,0x00,0x00,0x00,0x00,0x00,0x00,0x00,
    0x00,0x00,0x00,0x00,0x00,0x00,0x00,0x00,0x00,0x00,0x00,0x00,0x00,0x00,0x00,0x00,0x00,0x00,0x00,0x00,0x00,0x00,0x00,0x00,0x00,0x00,0x00,0x00,0x00,0x00,0x00,0x00,0x00,0x00,0x00,0x00,0x00,0x00,0x00,0x00,0x00,0x00,0x00,0x00,0x00,0x00,0x00,0x00,0x00,0x00,0x00,0x00,0x02,0x00,0x19,0x35,0x7d,0x83,0x81,0x7f,0x7d,0x7d,0x7d,0x7d,0x7d,0x7d,0x7d,0x7d,0x7d,0x7d,0x7d,0x7d,0x7d,0x7d,0x7d,0x7d,0x7d,0x7d,0x7d,0x7d,0x7d,0x81,0x81,0x83,0x86,0x7f,0x7d,0x7d,0x7d,0x7d,0x7d,0x7d,0x7d,0x7d,0x83,0x82,0x0f,0x00,0x1c,0x00,0x00,0x00,0x00,0x00,0x00,0x00,0x00,0x00,0x00,0x00,0x00,0x00,0x00,0x00,0x00,0x00,0x00,0x00,0x00,0x00,0x00,0x00,0x00,0x00,0x00,0x00,0x00,0x00,0x00,0x00,0x00,0x00,0x00,0x00,0x00,0x00,0x00,0x00,0x00,0x00,0x00,0x00,0x00,0x00,
    0x00,0x00,0x00,0x00,0x00,0x00,0x00,0x00,0x00,0x00,0x00,0x00,0x00,0x00,0x00,0x00,0x00,0x00,0x00,0x00,0x00,0x00,0x00,0x00,0x00,0x00,0x00,0x00,0x00,0x00,0x00,0x00,0x00,0x00,0x00,0x00,0x00,0x00,0x00,0x00,0x00,0x00,0x00,0x00,0x00,0x00,0x00,0x00,0x00,0x00,0x00,0x00,0x02,0x00,0x1f,0x20,0x86,0x81,0x81,0x7d,0x7d,0x7d,0x7d,0x7d,0x7d,0x7d,0x7d,0x7d,0x7d,0x7d,0x7d,0x7d,0x7d,0x7d,0x7d,0x7d,0x7d,0x7d,0x7d,0x7d,0x7f,0x86,0x83,0x83,0x83,0x81,0x7d,0x7f,0x7f,0x7d,0x7d,0x7f,0x7f,0x7d,0x10,0x0f,0x06,0x02,0x01,0x00,0x00,0x00,0x00,0x00,0x00,0x00,0x00,0x00,0x00,0x00,0x00,0x00,0x00,0x00,0x00,0x00,0x00,0x00,0x00,0x00,0x00,0x00,0x00,0x00,0x00,0x00,0x00,0x00,0x00,0x00,0x00,0x00,0x00,0x00,0x00,0x00,0x00,0x00,0x00,0x00,0x00,0x00,0x00,0x00,
    0x00,0x00,0x00,0x00,0x00,0x00,0x00,0x00,0x00,0x00,0x00,0x00,0x00,0x00,0x00,0x00,0x00,0x00,0x00,0x00,0x00,0x00,0x00,0x00,0x00,0x00,0x00,0x00,0x00,0x00,0x00,0x00,0x00,0x00,0x00,0x00,0x00,0x00,0x00,0x00,0x00,0x00,0x00,0x00,0x00,0x00,0x00,0x00,0x00,0x00,0x00,0x00,0x00,0x00,0x06,0x13,0x04,0x7d,0x83,0x7d,0x7d,0x7d,0x7d,0x7d,0x7d,0x7d,0x7d,0x7d,0x7d,0x7d,0x7d,0x7d,0x7d,0x7d,0x7d,0x7d,0x7d,0x7d,0x7d,0x7d,0x86,0x86,0x83,0x83,0x86,0x81,0x83,0x83,0x81,0x81,0x86,0x10,0x83,0x20,0x0c,0x00,0x00,0x00,0x00,0x00,0x00,0x00,0x00,0x00,0x00,0x00,0x00,0x00,0x00,0x00,0x00,0x00,0x00,0x00,0x00,0x00,0x00,0x00,0x00,0x00,0x00,0x00,0x00,0x00,0x00,0x00,0x00,0x00,0x00,0x00,0x00,0x00,0x00,0x00,0x00,0x00,0x00,0x00,0x00,0x00,0x00,0x00,0x00,0x00,
    0x00,0x00,0x00,0x00,0x00,0x00,0x00,0x00,0x00,0x00,0x00,0x00,0x00,0x00,0x00,0x00,0x00,0x00,0x00,0x00,0x00,0x00,0x00,0x00,0x00,0x00,0x00,0x00,0x00,0x00,0x00,0x00,0x00,0x00,0x00,0x00,0x00,0x00,0x00,0x00,0x00,0x00,0x00,0x00,0x00,0x00,0x00,0x00,0x00,0x00,0x00,0x00,0x01,0x02,0x08,0x0e,0x7f,0x04,0x81,0x81,0x7f,0x7d,0x7d,0x7d,0x7d,0x7d,0x7d,0x7d,0x7d,0x7d,0x7d,0x7d,0x7d,0x7d,0x7d,0x7d,0x7d,0x7d,0x86,0x81,0x86,0x86,0x86,0x7d,0x7d,0x7f,0x83,0x81,0x83,0x83,0x83,0x10,0x86,0x52,0x00,0x06,0x00,0x00,0x00,0x00,0x00,0x00,0x00,0x00,0x00,0x00,0x00,0x00,0x00,0x00,0x00,0x00,0x00,0x00,0x00,0x00,0x00,0x00,0x00,0x00,0x00,0x00,0x00,0x00,0x00,0x00,0x00,0x00,0x00,0x00,0x00,0x00,0x00,0x00,0x00,0x00,0x00,0x00,0x00,0x00,0x00,0x00,0x00,0x00,
    0x00,0x00,0x00,0x00,0x00,0x00,0x00,0x00,0x00,0x00,0x00,0x00,0x00,0x00,0x00,0x00,0x00,0x00,0x00,0x00,0x00,0x00,0x00,0x00,0x00,0x00,0x00,0x00,0x00,0x00,0x00,0x00,0x00,0x00,0x00,0x00,0x00,0x00,0x00,0x00,0x00,0x00,0x00,0x00,0x00,0x00,0x00,0x00,0x00,0x00,0x00,0x00,0x01,0x1c,0x0f,0x35,0x86,0x04,0x7d,0x81,0x86,0x7d,0x7d,0x7d,0x7d,0x7d,0x7d,0x7d,0x7d,0x7d,0x7d,0x7d,0x7d,0x7d,0x7d,0x7d,0x7d,0x7d,0x7d,0x7d,0x7f,0x7f,0x7d,0x7d,0x7d,0x7d,0x81,0x7d,0x7f,0x7f,0x7f,0x04,0x7d,0x0e,0x1c,0x1c,0x00,0x00,0x00,0x00,0x00,0x00,0x00,0x00,0x00,0x00,0x00,0x00,0x00,0x00,0x00,0x00,0x00,0x00,0x00,0x00,0x00,0x00,0x00,0x00,0x00,0x00,0x00,0x00,0x00,0x00,0x00,0x00,0x00,0x00,0x00,0x00,0x00,0x00,0x00,0x00,0x00,0x00,0x00,0x00,0x00,0x00,0x00,0x00,
    0x00,0x00,0x00,0x00,0x00,0x00,0x00,0x00,0x00,0x00,0x00,0x00,0x00,0x00,0x00,0x00,0x00,0x00,0x00,0x00,0x00,0x00,0x00,0x00,0x00,0x00,0x00,0x00,0x00,0x00,0x00,0x00,0x00,0x00,0x00,0x00,0x00,0x00,0x00,0x00,0x00,0x00,0x00,0x00,0x00,0x00,0x00,0x00,0x00,0x00,0x00,0x01,0x02,0x06,0x26,0x86,0x04,0x7d,0x7d,0x7d,0x86,0x7d,0x7d,0x7d,0x7d,0x7d,0x7d,0x7d,0x7d,0x7d,0x7d,0x7d,0x7d,0x7d,0x7d,0x7d,0x7d,0x7d,0x7d,0x7d,0x7d,0x7d,0x7d,0x7d,0x7d,0x7d,0x7d,0x7d,0x7d,0x7d,0x7d,0x7d,0x7d,0x5e,0x16,0x01,0x02,0x00,0x00,0x00,0x00,0x00,0x00,0x00,0x00,0x00,0x00,0x00,0x00,0x00,0x00,0x00,0x00,0x00,0x00,0x00,0x00,0x00,0x00,0x00,0x00,0x00,0x00,0x00,0x00,0x00,0x00,0x00,0x00,0x00,0x00,0x00,0x00,0x00,0x00,0x00,0x00,0x00,0x00,0x00,0x00,0x00,0x00,0x00,
    0x00,0x00,0x00,0x00,0x00,0x00,0x00,0x00,0x00,0x00,0x00,0x00,0x00,0x00,0x00,0x00,0x00,0x00,0x00,0x00,0x00,0x00,0x00,0x00,0x00,0x00,0x00,0x00,0x00,0x00,0x00,0x00,0x00,0x00,0x00,0x00,0x00,0x00,0x00,0x00,0x00,0x00,0x00,0x00,0x00,0x00,0x00,0x00,0x00,0x00,0x00,0x1c,0x00,0x26,0x36,0x7d,0x7f,0x7d,0x7d,0x7d,0x7d,0x7d,0x7d,0x7d,0x7d,0x7d,0x7d,0x7d,0x7d,0x7d,0x7d,0x7d,0x7d,0x7d,0x7d,0x7d,0x7d,0x7d,0x7d,0x7d,0x7d,0x7d,0x7d,0x7d,0x7d,0x7d,0x7d,0x7d,0x7d,0x7d,0x7d,0x7d,0x04,0x86,0x0f,0x00,0x1c,0x00,0x00,0x00,0x00,0x00,0x00,0x00,0x00,0x00,0x00,0x00,0x00,0x00,0x00,0x00,0x00,0x00,0x00,0x00,0x00,0x00,0x00,0x00,0x00,0x00,0x00,0x00,0x00,0x00,0x00,0x00,0x00,0x00,0x00,0x00,0x00,0x00,0x00,0x00,0x00,0x00,0x00,0x00,0x00,0x00,0x00,0x00,
    0x00,0x00,0x00,0x00,0x00,0x00,0x00,0x00,0x00,0x00,0x00,0x00,0x00,0x00,0x00,0x00,0x00,0x00,0x00,0x00,0x00,0x00,0x00,0x00,0x00,0x00,0x00,0x00,0x00,0x00,0x00,0x00,0x00,0x00,0x00,0x00,0x00,0x00,0x00,0x00,0x00,0x00,0x00,0x00,0x00,0x00,0x00,0x00,0x00,0x00,0x00,0x1c,0x1c,0x0f,0x04,0x04,0x7d,0x7d,0x7d,0x7d,0x7d,0x7d,0x7d,0x7d,0x7d,0x7d,0x7d,0x7d,0x7d,0x7d,0x7d,0x7d,0x7d,0x7d,0x7d,0x7d,0x7d,0x7d,0x7d,0x7d,0x7d,0x7d,0x7d,0x7d,0x7d,0x7d,0x7d,0x7d,0x7d,0x7d,0x7d,0x7d,0x04,0x7d,0x54,0x00,0x00,0x00,0x00,0x00,0x00,0x00,0x00,0x00,0x00,0x00,0x00,0x00,0x00,0x00,0x00,0x00,0x00,0x00,0x00,0x00,0x00,0x00,0x00,0x00,0x00,0x00,0x00,0x00,0x00,0x00,0x00,0x00,0x00,0x00,0x00,0x00,0x00,0x00,0x00,0x00,0x00,0x00,0x00,0x00,0x00,0x00,0x00,0x00,
    0x00,0x00,0x00,0x00,0x00,0x00,0x00,0x00,0x00,0x00,0x00,0x00,0x00,0x00,0x00,0x00,0x00,0x00,0x00,0x00,0x00,0x00,0x00,0x00,0x00,0x00,0x00,0x00,0x00,0x00,0x00,0x00,0x00,0x00,0x00,0x00,0x00,0x00,0x00,0x00,0x00,0x00,0x00,0x00,0x00,0x00,0x00,0x00,0x00,0x00,0x01,0x01,0x08,0x20,0x7d,0x04,0x7d,0x7d,0x7d,0x7d,0x7d,0x7d,0x7d,0x7d,0x7d,0x7d,0x7d,0x7d,0x7d,0x7d,0x7d,0x7d,0x7d,0x7d,0x7d,0x7d,0x7d,0x7d,0x7d,0x7d,0x7d,0x7d,0x7d,0x7d,0x7d,0x7d,0x7d,0x7d,0x7d,0x7d,0x7d,0x7d,0x7d,0x04,0x10,0x1f,0x1c,0x02,0x00,0x00,0x00,0x00,0x00,0x00,0x00,0x00,0x00,0x00,0x00,0x00,0x00,0x00,0x00,0x00,0x00,0x00,0x00,0x00,0x00,0x00,0x00,0x00,0x00,0x00,0x00,0x00,0x00,0x00,0x00,0x00,0x00,0x00,0x00,0x00,0x00,0x00,0x00,0x00,0x00,0x00,0x00,0x00,0x00,0x00,
    0x00,0x00,0x00,0x00,0x00,0x00,0x00,0x00,0x00,0x00,0x00,0x00,0x00,0x00,0x00,0x00,0x00,0x00,0x00,0x00,0x00,0x00,0x00,0x00,0x00,0x00,0x00,0x00,0x00,0x00,0x00,0x00,0x00,0x00,0x00,0x00,0x00,0x00,0x00,0x00,0x00,0x00,0x00,0x00,0x00,0x00,0x00,0x00,0x00,0x00,0x01,0x06,0x1f,0x86,0x7f,0x7d,0x7d,0x7d,0x7d,0x7d,0x7d,0x7d,0x7d,0x7d,0x7d,0x7d,0x7d,0x7d,0x7d,0x7d,0x7d,0x7d,0x7d,0x7d,0x7d,0x7d,0x7d,0x7d,0x7d,0x7d,0x7d,0x7d,0x7d,0x7d,0x7d,0x7d,0x7d,0x7d,0x7d,0x7d,0x7d,0x7d,0x7d,0x04,0x7d,0x52,0x06,0x1c,0x00,0x00,0x00,0x00,0x00,0x00,0x00,0x00,0x00,0x00,0x00,0x00,0x00,0x00,0x00,0x00,0x00,0x00,0x00,0x00,0x00,0x00,0x00,0x00,0x00,0x00,0x00,0x00,0x00,0x00,0x00,0x00,0x00,0x00,0x00,0x00,0x00,0x00,0x00,0x00,0x00,0x00,0x00,0x00,0x00,0x00,
    0x00,0x00,0x00,0x00,0x00,0x00,0x00,0x00,0x00,0x00,0x00,0x00,0x00,0x00,0x00,0x00,0x00,0x00,0x00,0x00,0x00,0x00,0x00,0x00,0x00,0x00,0x00,0x00,0x00,0x00,0x00,0x00,0x00,0x00,0x00,0x00,0x00,0x00,0x00,0x00,0x00,0x00,0x00,0x00,0x00,0x00,0x00,0x00,0x00,0x1c,0x00,0x0c,0x13,0x7d,0x04,0x7d,0x7d,0x7d,0x7d,0x7d,0x7d,0x7d,0x7d,0x7d,0x7d,0x7d,0x7d,0x7d,0x7d,0x7d,0x7d,0x7d,0x7d,0x7d,0x7d,0x7d,0x7d,0x7d,0x7d,0x7d,0x7d,0x7d,0x7d,0x7d,0x7d,0x7d,0x7d,0x7d,0x7d,0x7d,0x7d,0x7d,0x7d,0x7f,0x7d,0x36,0x08,0x01,0x01,0x00,0x00,0x00,0x00,0x00,0x00,0x00,0x00,0x00,0x00,0x00,0x00,0x00,0x00,0x00,0x00,0x00,0x00,0x00,0x00,0x00,0x00,0x00,0x00,0x00,0x00,0x00,0x00,0x00,0x00,0x00,0x00,0x00,0x00,0x00,0x00,0x00,0x00,0x00,0x00,0x00,0x00,0x00,0x00,0x00,
    0x00,0x00,0x00,0x00,0x00,0x00,0x00,0x00,0x00,0x00,0x00,0x00,0x00,0x00,0x00,0x00,0x00,0x00,0x00,0x00,0x00,0x00,0x00,0x00,0x00,0x00,0x00,0x00,0x00,0x00,0x00,0x00,0x00,0x00,0x00,0x00,0x00,0x00,0x00,0x00,0x00,0x00,0x00,0x00,0x00,0x00,0x00,0x00,0x00,0x1c,0x00,0x0c,0x30,0x86,0x04,0x7d,0x7d,0x7d,0x7d,0x7d,0x7d,0x7d,0x7d,0x7d,0x7d,0x7d,0x7d,0x7d,0x7d,0x7d,0x7d,0x7d,0x7d,0x7d,0x7d,0x7d,0x7d,0x7d,0x7d,0x7d,0x7d,0x7d,0x7d,0x7d,0x7d,0x7d,0x7d,0x7d,0x7d,0x7d,0x7d,0x7d,0x7d,0x7d,0x04,0x86,0x1d,0x00,0x1c,0x00,0x00,0x00,0x00,0x00,0x00,0x00,0x00,0x00,0x00,0x00,0x00,0x00,0x00,0x00,0x00,0x00,0x00,0x00,0x00,0x00,0x00,0x00,0x00,0x00,0x00,0x00,0x00,0x00,0x00,0x00,0x00,0x00,0x00,0x00,0x00,0x00,0x00,0x00,0x00,0x00,0x00,0x00,0x00,0x00,
    0x00,0x00,0x00,0x00,0x00,0x00,0x00,0x00,0x00,0x00,0x00,0x00,0x00,0x00,0x00,0x00,0x00,0x00,0x00,0x00,0x00,0x00,0x00,0x00,0x00,0x00,0x00,0x00,0x00,0x00,0x00,0x00,0x00,0x00,0x00,0x00,0x00,0x00,0x00,0x00,0x00,0x00,0x00,0x00,0x00,0x00,0x00,0x00,0x00,0x1c,0x00,0x0c,0x30,0x7d,0x04,0x7d,0x7d,0x7d,0x7d,0x7d,0x7d,0x7d,0x7d,0x7d,0x7d,0x7d,0x7d,0x7d,0x7d,0x7d,0x7d,0x7d,0x7d,0x7d,0x7d,0x7d,0x7d,0x7d,0x7d,0x7d,0x7d,0x7d,0x7d,0x7d,0x7d,0x7d,0x7d,0x7d,0x7d,0x7d,0x7d,0x7d,0x7d,0x7d,0x04,0x86,0x19,0x02,0x1c,0x00,0x00,0x00,0x00,0x00,0x00,0x00,0x00,0x00,0x00,0x00,0x00,0x00,0x00,0x00,0x00,0x00,0x00,0x00,0x00,0x00,0x00,0x00,0x00,0x00,0x00,0x00,0x00,0x00,0x00,0x00,0x00,0x00,0x00,0x00,0x00,0x00,0x00,0x00,0x00,0x00,0x00,0x00,0x00,0x00,
    0x00,0x00,0x00,0x00,0x00,0x00,0x00,0x00,0x00,0x00,0x00,0x00,0x00,0x00,0x00,0x00,0x00,0x00,0x00,0x00,0x00,0x00,0x00,0x00,0x00,0x00,0x00,0x00,0x00,0x00,0x00,0x00,0x00,0x00,0x00,0x00,0x00,0x00,0x00,0x00,0x00,0x00,0x00,0x00,0x00,0x00,0x00,0x00,0x00,0x02,0x00,0x0c,0x0e,0x04,0x7f,0x7d,0x7d,0x7d,0x7d,0x7d,0x7d,0x7d,0x7d,0x7d,0x7d,0x7d,0x7d,0x7d,0x7d,0x7d,0x7d,0x7d,0x7d,0x7d,0x7d,0x7d,0x7d,0x7d,0x7d,0x7d,0x7d,0x7d,0x7d,0x7d,0x7d,0x7d,0x7d,0x7d,0x7d,0x7d,0x7d,0x7d,0x7d,0x7d,0x04,0x81,0x26,0x16,0x00,0x02,0x00,0x00,0x00,0x00,0x00,0x00,0x00,0x00,0x00,0x00,0x00,0x00,0x00,0x00,0x00,0x00,0x00,0x00,0x00,0x00,0x00,0x00,0x00,0x00,0x00,0x00,0x00,0x00,0x00,0x00,0x00,0x00,0x00,0x00,0x00,0x00,0x00,0x00,0x00,0x00,0x00,0x00,0x00,0x00,
    0x00,0x00,0x00,0x00,0x00,0x00,0x00,0x00,0x00,0x00,0x00,0x00,0x00,0x00,0x00,0x00,0x00,0x00,0x00,0x00,0x00,0x00,0x00,0x00,0x00,0x00,0x00,0x00,0x00,0x00,0x00,0x00,0x00,0x00,0x00,0x00,0x00,0x00,0x00,0x00,0x00,0x00,0x00,0x00,0x00,0x00,0x00,0x00,0x00,0x00,0x00,0x00,0x13,0x86,0x7f,0x7d,0x7d,0x7d,0x7d,0x7d,0x7d,0x7d,0x7f,0x7f,0x7f,0x7d,0x7d,0x7d,0x7d,0x7d,0x7d,0x7d,0x7d,0x7d,0x7d,0x7d,0x7d,0x7d,0x7d,0x7d,0x7d,0x7d,0x7d,0x7d,0x7d,0x7d,0x7d,0x7d,0x7d,0x7d,0x7d,0x7d,0x7d,0x7d,0x04,0x86,0x30,0x16,0x00,0x02,0x00,0x00,0x00,0x00,0x00,0x00,0x00,0x00,0x00,0x00,0x00,0x00,0x00,0x00,0x00,0x00,0x00,0x00,0x00,0x00,0x00,0x00,0x00,0x00,0x00,0x00,0x00,0x00,0x00,0x00,0x00,0x00,0x00,0x00,0x00,0x00,0x00,0x00,0x00,0x00,0x00,0x00,0x00,0x00,
    0x00,0x00,0x00,0x00,0x00,0x00,0x00,0x00,0x00,0x00,0x00,0x00,0x00,0x00,0x00,0x00,0x00,0x00,0x00,0x00,0x00,0x00,0x00,0x00,0x00,0x00,0x00,0x00,0x00,0x00,0x00,0x00,0x00,0x00,0x00,0x00,0x00,0x00,0x00,0x00,0x00,0x00,0x00,0x00,0x00,0x00,0x00,0x00,0x00,0x00,0x00,0x1c,0x0c,0x20,0x7d,0x04,0x7d,0x7d,0x7f,0x7d,0x7f,0x7d,0x86,0x81,0x81,0x86,0x7f,0x7f,0x7d,0x7d,0x7d,0x7d,0x7d,0x7d,0x7d,0x7d,0x7d,0x7d,0x7d,0x7d,0x7d,0x7d,0x7d,0x7f,0x7f,0x7f,0x7f,0x7f,0x7f,0x7d,0x7f,0x7d,0x7d,0x7d,0x7f,0x04,0x13,0x08,0x00,0x01,0x00,0x00,0x00,0x00,0x00,0x00,0x00,0x00,0x00,0x00,0x00,0x00,0x00,0x00,0x00,0x00,0x00,0x00,0x00,0x00,0x00,0x00,0x00,0x00,0x00,0x00,0x00,0x00,0x00,0x00,0x00,0x00,0x00,0x00,0x00,0x00,0x00,0x00,0x00,0x00,0x00,0x00,0x00,0x00,
    0x00,0x00,0x00,0x00,0x00,0x00,0x00,0x00,0x00,0x00,0x00,0x00,0x00,0x00,0x00,0x00,0x00,0x00,0x00,0x00,0x00,0x00,0x00,0x00,0x00,0x00,0x00,0x00,0x00,0x00,0x00,0x00,0x00,0x00,0x00,0x00,0x00,0x00,0x00,0x00,0x00,0x00,0x00,0x00,0x00,0x00,0x00,0x00,0x00,0x00,0x00,0x1c,0x00,0x1d,0x7d,0x04,0x7f,0x86,0x81,0x83,0x83,0x83,0x83,0x82,0x82,0x82,0x83,0x83,0x86,0x7f,0x7f,0x7d,0x7d,0x7d,0x7d,0x7d,0x7d,0x7d,0x7d,0x7f,0x7f,0x7d,0x86,0x81,0x83,0x83,0x83,0x83,0x86,0x86,0x86,0x7d,0x7d,0x04,0x7f,0x54,0x0c,0x00,0x00,0x00,0x00,0x00,0x00,0x00,0x00,0x00,0x00,0x00,0x00,0x00,0x00,0x00,0x00,0x00,0x00,0x00,0x00,0x00,0x00,0x00,0x00,0x00,0x00,0x00,0x00,0x00,0x00,0x00,0x00,0x00,0x00,0x00,0x00,0x00,0x00,0x00,0x00,0x00,0x00,0x00,0x00,0x00,0x00,0x00,
    0x00,0x00,0x00,0x00,0x00,0x00,0x00,0x00,0x00,0x00,0x00,0x00,0x00,0x00,0x00,0x00,0x00,0x00,0x00,0x00,0x00,0x00,0x00,0x00,0x00,0x00,0x00,0x00,0x00,0x00,0x00,0x00,0x00,0x00,0x00,0x00,0x00,0x00,0x00,0x00,0x00,0x00,0x00,0x00,0x00,0x00,0x00,0x00,0x00,0x00,0x00,0x02,0x02,0x16,0x26,0x83,0x83,0x82,0x82,0x80,0x82,0x83,0x83,0x83,0x83,0x82,0x80,0x80,0x82,0x83,0x86,0x86,0x7d,0x7d,0x7f,0x7f,0x7f,0x7f,0x7d,0x86,0x81,0x82,0x82,0x80,0x82,0x82,0x82,0x80,0x82,0x82,0x82,0x82,0x82,0x10,0x81,0x1f,0x00,0x1c,0x00,0x00,0x00,0x00,0x00,0x00,0x00,0x00,0x00,0x00,0x00,0x00,0x00,0x00,0x00,0x00,0x00,0x00,0x00,0x00,0x00,0x00,0x00,0x00,0x00,0x00,0x00,0x00,0x00,0x00,0x00,0x00,0x00,0x00,0x00,0x00,0x00,0x00,0x00,0x00,0x00,0x00,0x00,0x00,0x00,0x00,
    0x00,0x00,0x00,0x00,0x00,0x00,0x00,0x00,0x00,0x00,0x00,0x00,0x00,0x00,0x00,0x00,0x00,0x00,0x00,0x00,0x00,0x00,0x00,0x00,0x00,0x00,0x00,0x00,0x00,0x00,0x00,0x00,0x00,0x00,0x00,0x00,0x00,0x00,0x00,0x00,0x00,0x00,0x00,0x00,0x00,0x00,0x00,0x00,0x00,0x00,0x00,0x00,0x00,0x1c,0x00,0x0f,0x82,0x0a,0x83,0x81,0x86,0x7d,0x7d,0x7d,0x7d,0x86,0x86,0x86,0x86,0x86,0x83,0x81,0x81,0x83,0x83,0x83,0x81,0x83,0x82,0x82,0x82,0x82,0x83,0x83,0x86,0x86,0x86,0x86,0x86,0x81,0x83,0x82,0x0a,0x82,0x26,0x00,0x1c,0x00,0x00,0x00,0x00,0x00,0x00,0x00,0x00,0x00,0x00,0x00,0x00,0x00,0x00,0x00,0x00,0x00,0x00,0x00,0x00,0x00,0x00,0x00,0x00,0x00,0x00,0x00,0x00,0x00,0x00,0x00,0x00,0x00,0x00,0x00,0x00,0x00,0x00,0x00,0x00,0x00,0x00,0x00,0x00,0x00,0x00,0x00,
    0x00,0x00,0x00,0x00,0x00,0x00,0x00,0x00,0x00,0x00,0x00,0x00,0x00,0x00,0x00,0x00,0x00,0x00,0x00,0x00,0x00,0x00,0x00,0x00,0x00,0x00,0x00,0x00,0x00,0x00,0x00,0x00,0x00,0x00,0x00,0x00,0x00,0x00,0x00,0x00,0x00,0x00,0x00,0x00,0x00,0x00,0x00,0x00,0x00,0x00,0x00,0x00,0x00,0x1c,0x01,0x08,0x7d,0x7d,0x7d,0x7f,0x7d,0x7d,0x7d,0x7d,0x7d,0x7d,0x7f,0x7f,0x7f,0x7f,0x7f,0x7f,0x86,0x86,0x81,0x81,0x81,0x81,0x81,0x86,0x7d,0x7d,0x7f,0x7f,0x7f,0x7f,0x7f,0x7f,0x7f,0x7f,0x7d,0x7d,0x83,0x54,0x08,0x02,0x01,0x00,0x00,0x00,0x00,0x00,0x00,0x00,0x00,0x00,0x00,0x00,0x00,0x00,0x00,0x00,0x00,0x00,0x00,0x00,0x00,0x00,0x00,0x00,0x00,0x00,0x00,0x00,0x00,0x00,0x00,0x00,0x00,0x00,0x00,0x00,0x00,0x00,0x00,0x00,0x00,0x00,0x00,0x00,0x00,0x00,0x00,0x00,
    0x00,0x00,0x00,0x00,0x00,0x00,0x00,0x00,0x00,0x00,0x00,0x00,0x00,0x00,0x00,0x00,0x00,0x00,0x00,0x00,0x00,0x00,0x00,0x00,0x00,0x00,0x00,0x00,0x00,0x00,0x00,0x00,0x00,0x00,0x00,0x00,0x00,0x00,0x00,0x00,0x00,0x00,0x00,0x00,0x00,0x00,0x00,0x00,0x00,0x00,0x00,0x00,0x00,0x02,0x01,0x0c,0x04,0x7d,0x7d,0x7d,0x7d,0x7d,0x7d,0x7d,0x7d,0x7d,0x7d,0x7d,0x7d,0x7d,0x7d,0x7d,0x7d,0x7d,0x7f,0x7f,0x7f,0x7f,0x7f,0x7d,0x7d,0x7d,0x7d,0x7d,0x7d,0x7d,0x7d,0x7d,0x7d,0x7d,0x7d,0x7f,0x7d,0x36,0x16,0x01,0x01,0x00,0x00,0x00,0x00,0x00,0x00,0x00,0x00,0x00,0x00,0x00,0x00,0x00,0x00,0x00,0x00,0x00,0x00,0x00,0x00,0x00,0x00,0x00,0x00,0x00,0x00,0x00,0x00,0x00,0x00,0x00,0x00,0x00,0x00,0x00,0x00,0x00,0x00,0x00,0x00,0x00,0x00,0x00,0x00,0x00,0x00,0x00,
    0x00,0x00,0x00,0x00,0x00,0x00,0x00,0x00,0x00,0x00,0x00,0x00,0x00,0x00,0x00,0x00,0x00,0x00,0x00,0x00,0x00,0x00,0x00,0x00,0x00,0x00,0x00,0x00,0x00,0x00,0x00,0x00,0x00,0x00,0x00,0x00,0x00,0x00,0x00,0x00,0x00,0x00,0x00,0x00,0x00,0x00,0x00,0x00,0x00,0x00,0x00,0x00,0x00,0x00,0x06,0x1b,0x10,0x04,0x04,0x04,0x7f,0x9a,0x9a,0x9a,0x9a,0x9a,0x7f,0x7f,0x7f,0x7d,0x7d,0x7d,0x86,0x7d,0x7d,0x7d,0x7d,0x7d,0x7d,0x7d,0x7d,0x7d,0x7f,0x7f,0x7f,0x9a,0x9a,0x9a,0x7d,0x7d,0x04,0x5e,0x04,0x26,0x00,0x1c,0x00,0x00,0x00,0x00,0x00,0x00,0x00,0x00,0x00,0x00,0x00,0x00,0x00,0x00,0x00,0x00,0x00,0x00,0x00,0x00,0x00,0x00,0x00,0x00,0x00,0x00,0x00,0x00,0x00,0x00,0x00,0x00,0x00,0x00,0x00,0x00,0x00,0x00,0x00,0x00,0x00,0x00,0x00,0x00,0x00,0x00,0x00,0x00,
    0x00,0x00,0x00,0x00,0x00,0x00,0x00,0x00,0x00,0x00,0x00,0x00,0x00,0x00,0x00,0x00,0x00,0x00,0x00,0x00,0x00,0x00,0x00,0x00,0x00,0x00,0x00,0x00,0x00,0x00,0x00,0x00,0x00,0x00,0x00,0x00,0x00,0x00,0x00,0x00,0x00,0x00,0x00,0x00,0x00,0x00,0x00,0x00,0x00,0x00,0x00,0x00,0x00,0x01,0x1c,0x26,0x36,0x7f,0x7f,0x7d,0x86,0x82,0x80,0x80,0x80,0x82,0x83,0x86,0x7d,0x9a,0x9a,0x9a,0x95,0x9a,0x04,0x7f,0x9a,0x9a,0x9a,0x9a,0x7f,0x7d,0x86,0x86,0x83,0x82,0x82,0x82,0x7d,0x9a,0x7d,0x86,0x86,0x20,0x08,0x02,0x01,0x00,0x00,0x00,0x00,0x00,0x00,0x00,0x00,0x00,0x00,0x00,0x00,0x00,0x00,0x00,0x00,0x00,0x00,0x00,0x00,0x00,0x00,0x00,0x00,0x00,0x00,0x00,0x00,0x00,0x00,0x00,0x00,0x00,0x00,0x00,0x00,0x00,0x00,0x00,0x00,0x00,0x00,0x00,0x00,0x00,0x00,0x00,
    0x00,0x00,0x00,0x00,0x00,0x00,0x00,0x00,0x00,0x00,0x00,0x00,0x00,0x00,0x00,0x00,0x00,0x00,0x00,0x00,0x00,0x00,0x00,0x00,0x00,0x00,0x00,0x00,0x00,0x00,0x00,0x00,0x00,0x00,0x00,0x00,0x00,0x00,0x00,0x00,0x00,0x00,0x00,0x00,0x00,0x00,0x00,0x00,0x00,0x00,0x00,0x00,0x00,0x01,0x00,0x16,0x0f,0x30,0x30,0x44,0x36,0xe7,0xdf,0xd5,0xdc,0xe7,0xc2,0x22,0x96,0x95,0x9a,0x86,0x86,0x81,0x7f,0x86,0x81,0x82,0x82,0x83,0x81,0x7d,0x9a,0x96,0x22,0xe7,0xe7,0xe7,0x9a,0x36,0x20,0x30,0x0f,0x19,0x16,0x00,0x01,0x00,0x00,0x00,0x00,0x00,0x00,0x00,0x00,0x00,0x00,0x00,0x00,0x00,0x00,0x00,0x00,0x00,0x00,0x00,0x00,0x00,0x00,0x00,0x00,0x00,0x00,0x00,0x00,0x00,0x00,0x00,0x00,0x00,0x00,0x00,0x00,0x00,0x00,0x00,0x00,0x00,0x00,0x00,0x00,0x00,0x00,0x00,
    0x00,0x00,0x00,0x00,0x00,0x00,0x00,0x00,0x00,0x00,0x00,0x00,0x00,0x00,0x00,0x00,0x00,0x00,0x00,0x00,0x00,0x00,0x00,0x00,0x00,0x00,0x00,0x00,0x00,0x00,0x00,0x00,0x00,0x00,0x00,0x00,0x00,0x00,0x00,0x00,0x00,0x00,0x00,0x00,0x00,0x00,0x00,0x00,0x00,0x00,0x00,0x00,0x00,0x00,0x01,0x00,0x06,0x0c,0x03,0x06,0x51,0xbe,0xc3,0xc3,0xc3,0xc3,0xc0,0xc0,0xeb,0xdb,0xbe,0xe0,0xd0,0xd5,0x30,0x36,0xe7,0xdf,0xd0,0xec,0xec,0xbe,0xbe,0xdb,0xda,0xc3,0xc3,0xc3,0x39,0x0f,0x1c,0x00,0x00,0x00,0x00,0x00,0x00,0x00,0x00,0x00,0x00,0x00,0x00,0x00,0x00,0x00,0x00,0x00,0x00,0x00,0x00,0x00,0x00,0x00,0x00,0x00,0x00,0x00,0x00,0x00,0x00,0x00,0x00,0x00,0x00,0x00,0x00,0x00,0x00,0x00,0x00,0x00,0x00,0x00,0x00,0x00,0x00,0x00,0x00,0x00,0x00,0x00,0x00,0x00,
    0x00,0x00,0x00,0x00,0x00,0x00,0x00,0x00,0x00,0x00,0x00,0x00,0x00,0x00,0x00,0x00,0x00,0x00,0x00,0x00,0x00,0x00,0x00,0x00,0x00,0x00,0x00,0x00,0x00,0x00,0x00,0x00,0x00,0x00,0x00,0x00,0x00,0x00,0x00,0x00,0x00,0x00,0x00,0x00,0x00,0x00,0x00,0x00,0x00,0x00,0x00,0x00,0x00,0x00,0x00,0x01,0x00,0x00,0x01,0x03,0x40,0x46,0xda,0xc0,0xa3,0x87,0x8a,0x84,0x84,0x8d,0xc6,0xc3,0xc3,0x43,0x7a,0x64,0xda,0xda,0xda,0xc3,0xc6,0xae,0x98,0x98,0xa3,0xc0,0xc3,0xbe,0x51,0x6a,0x1c,0x1c,0x1c,0x01,0x01,0x00,0x00,0x00,0x00,0x00,0x00,0x00,0x00,0x00,0x00,0x00,0x00,0x00,0x00,0x00,0x00,0x00,0x00,0x00,0x00,0x00,0x00,0x00,0x00,0x00,0x00,0x00,0x00,0x00,0x00,0x00,0x00,0x00,0x00,0x00,0x00,0x00,0x00,0x00,0x00,0x00,0x00,0x00,0x00,0x00,0x00,0x00,0x00,0x00,
    0x00,0x00,0x00,0x00,0x00,0x00,0x00,0x00,0x00,0x00,0x00,0x00,0x00,0x00,0x00,0x00,0x00,0x00,0x00,0x00,0x00,0x00,0x00,0x00,0x00,0x00,0x00,0x00,0x00,0x00,0x00,0x00,0x00,0x00,0x00,0x00,0x00,0x00,0x00,0x00,0x00,0x00,0x00,0x00,0x00,0x00,0x00,0x00,0x00,0x00,0x00,0x00,0x00,0x00,0x00,0x00,0x00,0x1c,0x02,0x00,0x61,0x46,0xa3,0x84,0x84,0x84,0x8a,0x8a,0x8a,0x8a,0x8a,0xa3,0xc3,0x48,0x32,0x48,0xbe,0xc3,0xa3,0x8b,0x84,0x84,0x84,0x84,0x93,0x84,0x98,0xb3,0x58,0x1c,0x00,0x01,0x00,0x00,0x00,0x00,0x00,0x00,0x00,0x00,0x00,0x00,0x00,0x00,0x00,0x00,0x00,0x00,0x00,0x00,0x00,0x00,0x00,0x00,0x00,0x00,0x00,0x00,0x00,0x00,0x00,0x00,0x00,0x00,0x00,0x00,0x00,0x00,0x00,0x00,0x00,0x00,0x00,0x00,0x00,0x00,0x00,0x00,0x00,0x00,0x00,0x00,0x00,0x00,
    0x00,0x00,0x00,0x00,0x00,0x00,0x00,0x00,0x00,0x00,0x00,0x00,0x00,0x00,0x00,0x00,0x00,0x00,0x00,0x00,0x00,0x00,0x00,0x00,0x00,0x00,0x00,0x00,0x00,0x00,0x00,0x00,0x00,0x00,0x00,0x00,0x00,0x00,0x00,0x00,0x00,0x00,0x00,0x00,0x00,0x00,0x00,0x00,0x00,0x00,0x00,0x00,0x00,0x00,0x00,0x00,0x00,0x00,0x05,0x00,0x60,0x4e,0x8b,0x8a,0x8b,0x8b,0x8b,0x8d,0x8a,0x8b,0x8d,0x93,0xa3,0x39,0x6b,0x58,0xb9,0x8a,0x84,0x8a,0x8a,0x8a,0x8a,0x8a,0x8a,0x8b,0x92,0x4c,0x40,0x23,0x03,0x00,0x00,0x00,0x00,0x00,0x00,0x00,0x00,0x00,0x00,0x00,0x00,0x00,0x00,0x00,0x00,0x00,0x00,0x00,0x00,0x00,0x00,0x00,0x00,0x00,0x00,0x00,0x00,0x00,0x00,0x00,0x00,0x00,0x00,0x00,0x00,0x00,0x00,0x00,0x00,0x00,0x00,0x00,0x00,0x00,0x00,0x00,0x00,0x00,0x00,0x00,0x00,0x00,
    0x00,0x00,0x00,0x00,0x00,0x00,0x00,0x00,0x00,0x00,0x00,0x00,0x00,0x00,0x00,0x00,0x00,0x00,0x00,0x00,0x00,0x00,0x00,0x00,0x00,0x00,0x00,0x00,0x00,0x00,0x00,0x00,0x00,0x00,0x00,0x00,0x00,0x00,0x00,0x00,0x00,0x00,0x00,0x00,0x00,0x00,0x00,0x00,0x00,0x00,0x00,0x00,0x00,0x00,0x00,0x00,0x00,0x00,0x05,0x00,0x2a,0x41,0xaf,0x93,0x87,0xae,0xa9,0x87,0x87,0x87,0x87,0x8b,0x8a,0x5d,0x6b,0x32,0xa6,0x93,0x8b,0x8a,0x8a,0x8a,0x8a,0x8a,0x8a,0x8b,0x8b,0x42,0x59,0x00,0x05,0x00,0x00,0x00,0x00,0x00,0x00,0x00,0x00,0x00,0x00,0x00,0x00,0x00,0x00,0x00,0x00,0x00,0x00,0x00,0x00,0x00,0x00,0x00,0x00,0x00,0x00,0x00,0x00,0x00,0x00,0x00,0x00,0x00,0x00,0x00,0x00,0x00,0x00,0x00,0x00,0x00,0x00,0x00,0x00,0x00,0x00,0x00,0x00,0x00,0x00,0x00,0x00,0x00,
    0x00,0x00,0x00,0x00,0x00,0x00,0x00,0x00,0x00,0x00,0x00,0x00,0x00,0x00,0x00,0x00,0x00,0x00,0x00,0x00,0x00,0x00,0x00,0x00,0x00,0x00,0x00,0x00,0x00,0x00,0x00,0x00,0x00,0x00,0x00,0x00,0x00,0x00,0x00,0x00,0x00,0x00,0x00,0x00,0x00,0x00,0x00,0x00,0x00,0x00,0x00,0x00,0x00,0x00,0x00,0x00,0x00,0x00,0x00,0x00,0x3b,0x5a,0xaf,0x8d,0x85,0x85,0x85,0x87,0x87,0x8d,0x8a,0x84,0xc7,0x34,0x15,0x4b,0x24,0x93,0x8b,0x8a,0x8a,0x8a,0x8a,0x8a,0x8a,0x84,0x8d,0x48,0x28,0x00,0x05,0x00,0x00,0x00,0x00,0x00,0x00,0x00,0x00,0x00,0x00,0x00,0x00,0x00,0x00,0x00,0x00,0x00,0x00,0x00,0x00,0x00,0x00,0x00,0x00,0x00,0x00,0x00,0x00,0x00,0x00,0x00,0x00,0x00,0x00,0x00,0x00,0x00,0x00,0x00,0x00,0x00,0x00,0x00,0x00,0x00,0x00,0x00,0x00,0x00,0x00,0x00,0x00,0x00,
    0x00,0x00,0x00,0x00,0x00,0x00,0x00,0x00,0x00,0x00,0x00,0x00,0x00,0x00,0x00,0x00,0x00,0x00,0x00,0x00,0x00,0x00,0x00,0x00,0x00,0x00,0x00,0x00,0x00,0x00,0x00,0x00,0x00,0x00,0x00,0x00,0x00,0x00,0x00,0x00,0x00,0x00,0x00,0x00,0x00,0x00,0x00,0x00,0x00,0x00,0x00,0x00,0x00,0x00,0x00,0x00,0x00,0x00,0x00,0x00,0x18,0x25,0xcb,0x09,0xa2,0x85,0xa9,0x98,0x98,0x8d,0x8a,0x8a,0x8a,0x14,0x17,0x59,0x24,0x92,0x8b,0x8a,0x8a,0x8a,0x8a,0x8a,0x8a,0x84,0xc7,0x3d,0x56,0x05,0x03,0x00,0x00,0x00,0x00,0x00,0x00,0x00,0x00,0x00,0x00,0x00,0x00,0x00,0x00,0x00,0x00,0x00,0x00,0x00,0x00,0x00,0x00,0x00,0x00,0x00,0x00,0x00,0x00,0x00,0x00,0x00,0x00,0x00,0x00,0x00,0x00,0x00,0x00,0x00,0x00,0x00,0x00,0x00,0x00,0x00,0x00,0x00,0x00,0x00,0x00,0x00,0x00,0x00,
    0x00,0x00,0x00,0x00,0x00,0x00,0x00,0x00,0x00,0x00,0x00,0x00,0x00,0x00,0x00,0x00,0x00,0x00,0x00,0x00,0x00,0x00,0x00,0x00,0x00,0x00,0x00,0x00,0x00,0x00,0x00,0x00,0x00,0x00,0x00,0x00,0x00,0x00,0x00,0x00,0x00,0x00,0x00,0x00,0x00,0x00,0x00,0x00,0x00,0x00,0x00,0x00,0x00,0x00,0x00,0x00,0x00,0x00,0x00,0x0b,0x01,0x25,0x24,0x8b,0x87,0x8d,0x8b,0x8d,0x8d,0x8b,0x8a,0x93,0x6d,0x33,0x00,0x2d,0x57,0x84,0x8a,0x8a,0x8a,0x8a,0x8b,0x8a,0x8b,0x9b,0xbb,0x74,0x00,0x02,0x00,0x00,0x00,0x00,0x00,0x00,0x00,0x00,0x00,0x00,0x00,0x00,0x00,0x00,0x00,0x00,0x00,0x00,0x00,0x00,0x00,0x00,0x00,0x00,0x00,0x00,0x00,0x00,0x00,0x00,0x00,0x00,0x00,0x00,0x00,0x00,0x00,0x00,0x00,0x00,0x00,0x00,0x00,0x00,0x00,0x00,0x00,0x00,0x00,0x00,0x00,0x00,0x00,0x00,
    0x00,0x00,0x00,0x00,0x00,0x00,0x00,0x00,0x00,0x00,0x00,0x00,0x00,0x00,0x00,0x00,0x00,0x00,0x00,0x00,0x00,0x00,0x00,0x00,0x00,0x00,0x00,0x00,0x00,0x00,0x00,0x00,0x00,0x00,0x00,0x00,0x00,0x00,0x00,0x00,0x00,0x00,0x00,0x00,0x00,0x00,0x00,0x00,0x00,0x00,0x00,0x00,0x00,0x00,0x00,0x00,0x00,0x00,0x00,0x05,0x00,0x2e,0x3a,0x93,0x8a,0x84,0x8a,0x8a,0x8a,0x8a,0x8b,0x92,0x53,0x63,0x01,0x2e,0x24,0x8a,0x8a,0x8d,0x87,0x87,0x8b,0x8a,0x8a,0x8a,0x45,0x60,0x03,0x05,0x00,0x00,0x00,0x00,0x00,0x00,0x00,0x00,0x00,0x00,0x00,0x00,0x00,0x00,0x00,0x00,0x00,0x00,0x00,0x00,0x00,0x00,0x00,0x00,0x00,0x00,0x00,0x00,0x00,0x00,0x00,0x00,0x00,0x00,0x00,0x00,0x00,0x00,0x00,0x00,0x00,0x00,0x00,0x00,0x00,0x00,0x00,0x00,0x00,0x00,0x00,0x00,0x00,0x00,
    0x00,0x00,0x00,0x00,0x00,0x00,0x00,0x00,0x00,0x00,0x00,0x00,0x00,0x00,0x00,0x00,0x00,0x00,0x00,0x00,0x00,0x00,0x00,0x00,0x00,0x00,0x00,0x00,0x00,0x00,0x00,0x00,0x00,0x00,0x00,0x00,0x00,0x00,0x00,0x00,0x00,0x00,0x00,0x00,0x00,0x00,0x00,0x00,0x00,0x00,0x00,0x00,0x00,0x00,0x00,0x00,0x00,0x00,0x00,0x0b,0x00,0x31,0x3e,0x8a,0x8a,0x8a,0x8a,0x8a,0x8a,0x8a,0x8b,0x9b,0x42,0x61,0x00,0x31,0x47,0x92,0x8b,0x8b,0x87,0x8d,0x8a,0x8a,0x8b,0x93,0x53,0x17,0x00,0x0b,0x00,0x00,0x00,0x00,0x00,0x00,0x00,0x00,0x00,0x00,0x00,0x00,0x00,0x00,0x00,0x00,0x00,0x00,0x00,0x00,0x00,0x00,0x00,0x00,0x00,0x00,0x00,0x00,0x00,0x00,0x00,0x00,0x00,0x00,0x00,0x00,0x00,0x00,0x00,0x00,0x00,0x00,0x00,0x00,0x00,0x00,0x00,0x00,0x00,0x00,0x00,0x00,0x00,0x00,
    0x00,0x00,0x00,0x00,0x00,0x00,0x00,0x00,0x00,0x00,0x00,0x00,0x00,0x00,0x00,0x00,0x00,0x00,0x00,0x00,0x00,0x00,0x00,0x00,0x00,0x00,0x00,0x00,0x00,0x00,0x00,0x00,0x00,0x00,0x00,0x00,0x00,0x00,0x00,0x00,0x00,0x00,0x00,0x00,0x00,0x00,0x00,0x00,0x00,0x00,0x00,0x00,0x00,0x00,0x00,0x00,0x00,0x00,0x00,0x0b,0x00,0x31,0x47,0x8b,0x8a,0x8a,0x8a,0x8a,0x8a,0x87,0x87,0x8b,0x43,0x1e,0x00,0x2e,0x3e,0x8b,0x8a,0x8a,0x8a,0x8a,0x8a,0x8a,0x8b,0x9b,0x24,0x1c,0x00,0x03,0x00,0x00,0x00,0x00,0x00,0x00,0x00,0x00,0x00,0x00,0x00,0x00,0x00,0x00,0x00,0x00,0x00,0x00,0x00,0x00,0x00,0x00,0x00,0x00,0x00,0x00,0x00,0x00,0x00,0x00,0x00,0x00,0x00,0x00,0x00,0x00,0x00,0x00,0x00,0x00,0x00,0x00,0x00,0x00,0x00,0x00,0x00,0x00,0x00,0x00,0x00,0x00,0x00,0x00,
    0x00,0x00,0x00,0x00,0x00,0x00,0x00,0x00,0x00,0x00,0x00,0x00,0x00,0x00,0x00,0x00,0x00,0x00,0x00,0x00,0x00,0x00,0x00,0x00,0x00,0x00,0x00,0x00,0x00,0x00,0x00,0x00,0x00,0x00,0x00,0x00,0x00,0x00,0x00,0x00,0x00,0x00,0x00,0x00,0x00,0x00,0x00,0x00,0x00,0x00,0x00,0x00,0x00,0x00,0x00,0x00,0x00,0x00,0x00,0x05,0x00,0x28,0x57,0x8a,0x8a,0x8a,0x8a,0x8a,0x8a,0x87,0x87,0x84,0x3e,0x31,0x00,0x56,0x5b,0x2c,0x84,0x8a,0x8a,0x8a,0x8a,0x8a,0x8b,0x93,0x3a,0x2a,0x03,0x01,0x00,0x00,0x00,0x00,0x00,0x00,0x00,0x00,0x00,0x00,0x00,0x00,0x00,0x00,0x00,0x00,0x00,0x00,0x00,0x00,0x00,0x00,0x00,0x00,0x00,0x00,0x00,0x00,0x00,0x00,0x00,0x00,0x00,0x00,0x00,0x00,0x00,0x00,0x00,0x00,0x00,0x00,0x00,0x00,0x00,0x00,0x00,0x00,0x00,0x00,0x00,0x00,0x00,0x00,
    0x00,0x00,0x00,0x00,0x00,0x00,0x00,0x00,0x00,0x00,0x00,0x00,0x00,0x00,0x00,0x00,0x00,0x00,0x00,0x00,0x00,0x00,0x00,0x00,0x00,0x00,0x00,0x00,0x00,0x00,0x00,0x00,0x00,0x00,0x00,0x00,0x00,0x00,0x00,0x00,0x00,0x00,0x00,0x00,0x00,0x00,0x00,0x00,0x00,0x00,0x00,0x00,0x00,0x00,0x00,0x00,0x00,0x00,0x00,0x05,0x00,0x28,0x3a,0x84,0x87,0x8d,0x8a,0x8a,0x8b,0x98,0x09,0xa7,0x33,0x31,0x00,0x18,0x25,0x6d,0x93,0x8a,0x8a,0x8a,0x8a,0x8a,0x8a,0x84,0xbb,0x40,0x00,0x05,0x00,0x00,0x00,0x00,0x00,0x00,0x00,0x00,0x00,0x00,0x00,0x00,0x00,0x00,0x00,0x00,0x00,0x00,0x00,0x00,0x00,0x00,0x00,0x00,0x00,0x00,0x00,0x00,0x00,0x00,0x00,0x00,0x00,0x00,0x00,0x00,0x00,0x00,0x00,0x00,0x00,0x00,0x00,0x00,0x00,0x00,0x00,0x00,0x00,0x00,0x00,0x00,0x00,0x00,
    0x00,0x00,0x00,0x00,0x00,0x00,0x00,0x00,0x00,0x00,0x00,0x00,0x00,0x00,0x00,0x00,0x00,0x00,0x00,0x00,0x00,0x00,0x00,0x00,0x00,0x00,0x00,0x00,0x00,0x00,0x00,0x00,0x00,0x00,0x00,0x00,0x00,0x00,0x00,0x00,0x00,0x00,0x00,0x00,0x00,0x00,0x00,0x00,0x00,0x00,0x00,0x00,0x00,0x00,0x00,0x00,0x00,0x00,0x00,0x05,0x00,0x2d,0x57,0x8d,0xae,0x98,0x8d,0x87,0x87,0xae,0x9c,0xb0,0x6a,0x0b,0x23,0x03,0x33,0x2c,0x84,0x8b,0x8a,0x8a,0x8a,0x8a,0x8b,0x92,0xcb,0x1f,0x00,0x02,0x00,0x00,0x00,0x00,0x00,0x00,0x00,0x00,0x00,0x00,0x00,0x00,0x00,0x00,0x00,0x00,0x00,0x00,0x00,0x00,0x00,0x00,0x00,0x00,0x00,0x00,0x00,0x00,0x00,0x00,0x00,0x00,0x00,0x00,0x00,0x00,0x00,0x00,0x00,0x00,0x00,0x00,0x00,0x00,0x00,0x00,0x00,0x00,0x00,0x00,0x00,0x00,0x00,0x00,
    0x00,0x00,0x00,0x00,0x00,0x00,0x00,0x00,0x00,0x00,0x00,0x00,0x00,0x00,0x00,0x00,0x00,0x00,0x00,0x00,0x00,0x00,0x00,0x00,0x00,0x00,0x00,0x00,0x00,0x00,0x00,0x00,0x00,0x00,0x00,0x00,0x00,0x00,0x00,0x00,0x00,0x00,0x00,0x00,0x00,0x00,0x00,0x00,0x00,0x00,0x00,0x00,0x00,0x00,0x00,0x00,0x00,0x00,0x00,0x03,0x0b,0x47,0x2c,0x8a,0x8d,0x8d,0x8d,0x8d,0x8b,0x8b,0x92,0xa7,0x70,0x00,0x23,0x00,0x28,0x3a,0x93,0x8b,0x8a,0x8a,0x8a,0x8a,0x8b,0x93,0xa6,0x60,0x00,0x05,0x00,0x00,0x00,0x00,0x00,0x00,0x00,0x00,0x00,0x00,0x00,0x00,0x00,0x00,0x00,0x00,0x00,0x00,0x00,0x00,0x00,0x00,0x00,0x00,0x00,0x00,0x00,0x00,0x00,0x00,0x00,0x00,0x00,0x00,0x00,0x00,0x00,0x00,0x00,0x00,0x00,0x00,0x00,0x00,0x00,0x00,0x00,0x00,0x00,0x00,0x00,0x00,0x00,0x00,
    0x00,0x00,0x00,0x00,0x00,0x00,0x00,0x00,0x00,0x00,0x00,0x00,0x00,0x00,0x00,0x00,0x00,0x00,0x00,0x00,0x00,0x00,0x00,0x00,0x00,0x00,0x00,0x00,0x00,0x00,0x00,0x00,0x00,0x00,0x00,0x00,0x00,0x00,0x00,0x00,0x00,0x00,0x00,0x00,0x00,0x00,0x00,0x00,0x00,0x00,0x00,0x00,0x00,0x00,0x00,0x00,0x00,0x00,0x00,0x00,0x18,0x2d,0x2c,0x93,0x8a,0x8a,0x8a,0x8a,0x8a,0x8a,0x8a,0x8b,0x28,0x00,0x18,0x00,0x28,0x14,0x8b,0x87,0x87,0x8d,0x8a,0x8b,0x8d,0x8a,0xc7,0x4f,0x00,0x05,0x00,0x00,0x00,0x00,0x00,0x00,0x00,0x00,0x00,0x00,0x00,0x00,0x00,0x00,0x00,0x00,0x00,0x00,0x00,0x00,0x00,0x00,0x00,0x00,0x00,0x00,0x00,0x00,0x00,0x00,0x00,0x00,0x00,0x00,0x00,0x00,0x00,0x00,0x00,0x00,0x00,0x00,0x00,0x00,0x00,0x00,0x00,0x00,0x00,0x00,0x00,0x00,0x00,0x00,
    0x00,0x00,0x00,0x00,0x00,0x00,0x00,0x00,0x00,0x00,0x00,0x00,0x00,0x00,0x00,0x00,0x00,0x00,0x00,0x00,0x00,0x00,0x00,0x00,0x00,0x00,0x00,0x00,0x00,0x00,0x00,0x00,0x00,0x00,0x00,0x00,0x00,0x00,0x00,0x00,0x00,0x00,0x00,0x00,0x00,0x00,0x00,0x00,0x00,0x00,0x00,0x00,0x00,0x00,0x00,0x00,0x00,0x00,0x00,0x00,0x18,0x2d,0x2c,0x8b,0x8d,0x8b,0x8a,0x8a,0x84,0x8a,0x84,0xb0,0x66,0x00,0x23,0x00,0x2e,0x42,0x84,0x87,0x8d,0x8a,0x8b,0x87,0x98,0x8d,0x87,0x59,0x01,0x05,0x00,0x00,0x00,0x00,0x00,0x00,0x00,0x00,0x00,0x00,0x00,0x00,0x00,0x00,0x00,0x00,0x00,0x00,0x00,0x00,0x00,0x00,0x00,0x00,0x00,0x00,0x00,0x00,0x00,0x00,0x00,0x00,0x00,0x00,0x00,0x00,0x00,0x00,0x00,0x00,0x00,0x00,0x00,0x00,0x00,0x00,0x00,0x00,0x00,0x00,0x00,0x00,0x00,0x00,
    0x00,0x00,0x00,0x00,0x00,0x00,0x00,0x00,0x00,0x00,0x00,0x00,0x00,0x00,0x00,0x00,0x00,0x00,0x00,0x00,0x00,0x00,0x00,0x00,0x00,0x00,0x00,0x00,0x00,0x00,0x00,0x00,0x00,0x00,0x00,0x00,0x00,0x00,0x00,0x00,0x00,0x00,0x00,0x00,0x00,0x00,0x00,0x00,0x00,0x00,0x00,0x00,0x00,0x00,0x00,0x00,0x00,0x00,0x00,0x01,0x3b,0x2d,0x8b,0x8a,0x8d,0x87,0x8d,0x8d,0x8d,0x87,0x8b,0x1a,0x61,0x1c,0x23,0x00,0x59,0x24,0x93,0x8a,0x8a,0x8a,0x8a,0x8a,0x8b,0x84,0xaf,0x61,0x00,0x05,0x00,0x00,0x00,0x00,0x00,0x00,0x00,0x00,0x00,0x00,0x00,0x00,0x00,0x00,0x00,0x00,0x00,0x00,0x00,0x00,0x00,0x00,0x00,0x00,0x00,0x00,0x00,0x00,0x00,0x00,0x00,0x00,0x00,0x00,0x00,0x00,0x00,0x00,0x00,0x00,0x00,0x00,0x00,0x00,0x00,0x00,0x00,0x00,0x00,0x00,0x00,0x00,0x00,0x00,
    0x00,0x00,0x00,0x00,0x00,0x00,0x00,0x00,0x00,0x00,0x00,0x00,0x00,0x00,0x00,0x00,0x00,0x00,0x00,0x00,0x00,0x00,0x00,0x00,0x00,0x00,0x00,0x00,0x00,0x00,0x00,0x00,0x00,0x00,0x00,0x00,0x00,0x00,0x00,0x00,0x00,0x00,0x00,0x00,0x00,0x00,0x00,0x00,0x00,0x00,0x00,0x00,0x00,0x00,0x00,0x00,0x00,0x00,0x02,0x00,0x0c,0x64,0xc7,0x84,0x8b,0x8d,0x87,0xae,0xa2,0x9f,0x97,0x14,0x6b,0x00,0x03,0x00,0x2e,0x42,0x8d,0x8b,0x8d,0x8b,0x8b,0x8b,0x8d,0x9c,0xa7,0x51,0x1d,0x06,0x01,0x00,0x00,0x00,0x00,0x00,0x00,0x00,0x00,0x00,0x00,0x00,0x00,0x00,0x00,0x00,0x00,0x00,0x00,0x00,0x00,0x00,0x00,0x00,0x00,0x00,0x00,0x00,0x00,0x00,0x00,0x00,0x00,0x00,0x00,0x00,0x00,0x00,0x00,0x00,0x00,0x00,0x00,0x00,0x00,0x00,0x00,0x00,0x00,0x00,0x00,0x00,0x00,0x00,
    0x00,0x00,0x00,0x00,0x00,0x00,0x00,0x00,0x00,0x00,0x00,0x00,0x00,0x00,0x00,0x00,0x00,0x00,0x00,0x00,0x00,0x00,0x00,0x00,0x00,0x00,0x00,0x00,0x00,0x00,0x00,0x00,0x00,0x00,0x00,0x00,0x00,0x00,0x00,0x00,0x00,0x00,0x00,0x00,0x00,0x00,0x00,0x00,0x00,0x00,0x00,0x00,0x00,0x00,0x00,0x00,0x00,0x01,0x02,0x08,0x1b,0x0a,0x1a,0x92,0x92,0x92,0x9b,0x9e,0x9e,0x9e,0x9b,0xdc,0x54,0x0f,0x16,0x06,0x26,0x22,0xc7,0x92,0x92,0x92,0x92,0x92,0x92,0x9b,0xbb,0x04,0x20,0x1f,0x00,0x02,0x00,0x00,0x00,0x00,0x00,0x00,0x00,0x00,0x00,0x00,0x00,0x00,0x00,0x00,0x00,0x00,0x00,0x00,0x00,0x00,0x00,0x00,0x00,0x00,0x00,0x00,0x00,0x00,0x00,0x00,0x00,0x00,0x00,0x00,0x00,0x00,0x00,0x00,0x00,0x00,0x00,0x00,0x00,0x00,0x00,0x00,0x00,0x00,0x00,0x00,0x00,0x00,
    0x00,0x00,0x00,0x00,0x00,0x00,0x00,0x00,0x00,0x00,0x00,0x00,0x00,0x00,0x00,0x00,0x00,0x00,0x00,0x00,0x00,0x00,0x00,0x00,0x00,0x00,0x00,0x00,0x00,0x00,0x00,0x00,0x00,0x00,0x00,0x00,0x00,0x00,0x00,0x00,0x00,0x00,0x00,0x00,0x00,0x00,0x00,0x00,0x00,0x00,0x00,0x00,0x00,0x00,0x00,0x00,0x00,0x1c,0x00,0x0f,0x82,0x82,0x96,0xdc,0x21,0x1a,0xb7,0xa0,0xb7,0x1a,0x21,0x22,0x81,0x44,0x08,0x19,0x82,0x82,0xdc,0x3c,0x1a,0xb7,0xb7,0x1a,0x21,0xed,0xd2,0x82,0x86,0x1d,0x00,0x1c,0x00,0x00,0x00,0x00,0x00,0x00,0x00,0x00,0x00,0x00,0x00,0x00,0x00,0x00,0x00,0x00,0x00,0x00,0x00,0x00,0x00,0x00,0x00,0x00,0x00,0x00,0x00,0x00,0x00,0x00,0x00,0x00,0x00,0x00,0x00,0x00,0x00,0x00,0x00,0x00,0x00,0x00,0x00,0x00,0x00,0x00,0x00,0x00,0x00,0x00,0x00,0x00,
    0x00,0x00,0x00,0x00,0x00,0x00,0x00,0x00,0x00,0x00,0x00,0x00,0x00,0x00,0x00,0x00,0x00,0x00,0x00,0x00,0x00,0x00,0x00,0x00,0x00,0x00,0x00,0x00,0x00,0x00,0x00,0x00,0x00,0x00,0x00,0x00,0x00,0x00,0x00,0x00,0x00,0x00,0x00,0x00,0x00,0x00,0x00,0x00,0x00,0x00,0x00,0x00,0x00,0x00,0x00,0x00,0x00,0x1c,0x00,0x0e,0x10,0x0a,0x80,0x89,0x89,0x89,0x80,0x80,0x80,0x80,0x89,0x10,0x81,0x20,0x1d,0x20,0x10,0x0a,0x89,0x89,0x80,0x80,0x80,0x80,0x80,0x89,0x89,0x0a,0x0a,0x54,0x06,0x01,0x01,0x00,0x00,0x00,0x00,0x00,0x00,0x00,0x00,0x00,0x00,0x00,0x00,0x00,0x00,0x00,0x00,0x00,0x00,0x00,0x00,0x00,0x00,0x00,0x00,0x00,0x00,0x00,0x00,0x00,0x00,0x00,0x00,0x00,0x00,0x00,0x00,0x00,0x00,0x00,0x00,0x00,0x00,0x00,0x00,0x00,0x00,0x00,0x00,0x00,0x00,0x00,
    0x00,0x00,0x00,0x00,0x00,0x00,0x00,0x00,0x00,0x00,0x00,0x00,0x00,0x00,0x00,0x00,0x00,0x00,0x00,0x00,0x00,0x00,0x00,0x00,0x00,0x00,0x00,0x00,0x00,0x00,0x00,0x00,0x00,0x00,0x00,0x00,0x00,0x00,0x00,0x00,0x00,0x00,0x00,0x00,0x00,0x00,0x00,0x00,0x00,0x00,0x00,0x00,0x00,0x00,0x00,0x00,0x00,0x1c,0x00,0x13,0x9a,0x04,0x81,0x83,0x83,0x81,0x7f,0x9a,0x9a,0x7f,0x83,0x81,0x83,0x20,0x30,0x35,0x04,0x86,0x81,0x7f,0x9a,0x9a,0x9a,0x9a,0x9a,0x83,0x83,0x81,0x83,0x10,0x08,0x00,0x01,0x00,0x00,0x00,0x00,0x00,0x00,0x00,0x00,0x00,0x00,0x00,0x00,0x00,0x00,0x00,0x00,0x00,0x00,0x00,0x00,0x00,0x00,0x00,0x00,0x00,0x00,0x00,0x00,0x00,0x00,0x00,0x00,0x00,0x00,0x00,0x00,0x00,0x00,0x00,0x00,0x00,0x00,0x00,0x00,0x00,0x00,0x00,0x00,0x00,0x00,0x00,
    0x00,0x00,0x00,0x00,0x00,0x00,0x00,0x00,0x00,0x00,0x00,0x00,0x00,0x00,0x00,0x00,0x00,0x00,0x00,0x00,0x00,0x00,0x00,0x00,0x00,0x00,0x00,0x00,0x00,0x00,0x00,0x00,0x00,0x00,0x00,0x00,0x00,0x00,0x00,0x00,0x00,0x00,0x00,0x00,0x00,0x00,0x00,0x00,0x00,0x00,0x00,0x00,0x00,0x00,0x00,0x00,0x00,0x1c,0x00,0x0e,0x7d,0x10,0x81,0x83,0x86,0x86,0x7d,0x7d,0x7f,0x86,0x83,0x9a,0x86,0x54,0x0c,0x5e,0x7f,0x9a,0x81,0x81,0x7f,0x7f,0x7f,0x7f,0x7f,0x83,0x7f,0x9a,0x7f,0x35,0x1d,0x00,0x02,0x00,0x00,0x00,0x00,0x00,0x00,0x00,0x00,0x00,0x00,0x00,0x00,0x00,0x00,0x00,0x00,0x00,0x00,0x00,0x00,0x00,0x00,0x00,0x00,0x00,0x00,0x00,0x00,0x00,0x00,0x00,0x00,0x00,0x00,0x00,0x00,0x00,0x00,0x00,0x00,0x00,0x00,0x00,0x00,0x00,0x00,0x00,0x00,0x00,0x00,0x00,
    0x00,0x00,0x00,0x00,0x00,0x00,0x00,0x00,0x00,0x00,0x00,0x00,0x00,0x00,0x00,0x00,0x00,0x00,0x00,0x00,0x00,0x00,0x00,0x00,0x00,0x00,0x00,0x00,0x00,0x00,0x00,0x00,0x00,0x00,0x00,0x00,0x00,0x00,0x00,0x00,0x00,0x00,0x00,0x00,0x00,0x00,0x00,0x00,0x00,0x00,0x00,0x00,0x00,0x00,0x00,0x00,0x00,0x1c,0x00,0x0f,0x82,0x10,0x82,0x89,0x86,0x9a,0x7f,0x7f,0x9a,0x86,0x80,0x10,0x81,0x1b,0x0c,0x35,0x81,0x82,0x80,0x82,0x83,0x81,0x86,0x81,0x81,0x80,0x82,0x86,0x9a,0x20,0x1f,0x00,0x1c,0x00,0x00,0x00,0x00,0x00,0x00,0x00,0x00,0x00,0x00,0x00,0x00,0x00,0x00,0x00,0x00,0x00,0x00,0x00,0x00,0x00,0x00,0x00,0x00,0x00,0x00,0x00,0x00,0x00,0x00,0x00,0x00,0x00,0x00,0x00,0x00,0x00,0x00,0x00,0x00,0x00,0x00,0x00,0x00,0x00,0x00,0x00,0x00,0x00,0x00,0x00,
    0x00,0x00,0x00,0x00,0x00,0x00,0x00,0x00,0x00,0x00,0x00,0x00,0x00,0x00,0x00,0x00,0x00,0x00,0x00,0x00,0x00,0x00,0x00,0x00,0x00,0x00,0x00,0x00,0x00,0x00,0x00,0x00,0x00,0x00,0x00,0x00,0x00,0x00,0x00,0x00,0x00,0x00,0x00,0x00,0x00,0x00,0x00,0x00,0x00,0x00,0x00,0x00,0x00,0x00,0x00,0x00,0x00,0x1c,0x00,0x1d,0x83,0x10,0xb8,0xad,0x81,0x83,0x83,0x83,0x83,0x83,0xad,0xbd,0x80,0x0f,0x08,0x30,0x80,0xad,0xad,0x82,0x89,0x89,0x89,0x89,0x80,0xc9,0xb4,0x95,0x86,0x13,0x1f,0x00,0x1c,0x00,0x00,0x00,0x00,0x00,0x00,0x00,0x00,0x00,0x00,0x00,0x00,0x00,0x00,0x00,0x00,0x00,0x00,0x00,0x00,0x00,0x00,0x00,0x00,0x00,0x00,0x00,0x00,0x00,0x00,0x00,0x00,0x00,0x00,0x00,0x00,0x00,0x00,0x00,0x00,0x00,0x00,0x00,0x00,0x00,0x00,0x00,0x00,0x00,0x00,0x00,
    0x00,0x00,0x00,0x00,0x00,0x00,0x00,0x00,0x00,0x00,0x00,0x00,0x00,0x00,0x00,0x00,0x00,0x00,0x00,0x00,0x00,0x00,0x00,0x00,0x00,0x00,0x00,0x00,0x00,0x00,0x00,0x00,0x00,0x00,0x00,0x00,0x00,0x00,0x00,0x00,0x00,0x00,0x00,0x00,0x00,0x00,0x00,0x00,0x00,0x00,0x00,0x00,0x00,0x00,0x00,0x00,0x00,0x1c,0x00,0x19,0x83,0x10,0xb8,0xc1,0xc1,0xb4,0xad,0xb8,0xb4,0xba,0xc1,0xb4,0x80,0x1b,0x00,0x26,0x80,0xb8,0xba,0xb4,0xbd,0xad,0xc9,0xbd,0xba,0xc1,0xb4,0x04,0x7f,0x0e,0x1f,0x00,0x1c,0x00,0x00,0x00,0x00,0x00,0x00,0x00,0x00,0x00,0x00,0x00,0x00,0x00,0x00,0x00,0x00,0x00,0x00,0x00,0x00,0x00,0x00,0x00,0x00,0x00,0x00,0x00,0x00,0x00,0x00,0x00,0x00,0x00,0x00,0x00,0x00,0x00,0x00,0x00,0x00,0x00,0x00,0x00,0x00,0x00,0x00,0x00,0x00,0x00,0x00,0x00,
    0x00,0x00,0x00,0x00,0x00,0x00,0x00,0x00,0x00,0x00,0x00,0x00,0x00,0x00,0x00,0x00,0x00,0x00,0x00,0x00,0x00,0x00,0x00,0x00,0x00,0x00,0x00,0x00,0x00,0x00,0x00,0x00,0x00,0x00,0x00,0x00,0x00,0x00,0x00,0x00,0x00,0x00,0x00,0x00,0x00,0x00,0x00,0x00,0x00,0x00,0x00,0x00,0x00,0x00,0x00,0x00,0x00,0x1c,0x00,0x19,0x86,0x04,0x95,0x95,0x95,0xb2,0xe3,0xe3,0xb2,0x7d,0xad,0x04,0x80,0x1b,0x02,0x1f,0x80,0x95,0xad,0x80,0xba,0xe3,0xc8,0xe1,0xc9,0x81,0x22,0x10,0x7d,0x13,0x0c,0x00,0x1c,0x00,0x00,0x00,0x00,0x00,0x00,0x00,0x00,0x00,0x00,0x00,0x00,0x00,0x00,0x00,0x00,0x00,0x00,0x00,0x00,0x00,0x00,0x00,0x00,0x00,0x00,0x00,0x00,0x00,0x00,0x00,0x00,0x00,0x00,0x00,0x00,0x00,0x00,0x00,0x00,0x00,0x00,0x00,0x00,0x00,0x00,0x00,0x00,0x00,0x00,0x00,
    0x00,0x00,0x00,0x00,0x00,0x00,0x00,0x00,0x00,0x00,0x00,0x00,0x00,0x00,0x00,0x00,0x00,0x00,0x00,0x00,0x00,0x00,0x00,0x00,0x00,0x00,0x00,0x00,0x00,0x00,0x00,0x00,0x00,0x00,0x00,0x00,0x00,0x00,0x00,0x00,0x00,0x00,0x00,0x00,0x00,0x00,0x00,0x00,0x00,0x00,0x00,0x00,0x00,0x00,0x00,0x00,0x00,0x1c,0x00,0x19,0x81,0x04,0x7d,0xba,0xb2,0xb4,0x95,0x86,0xba,0xc8,0xbd,0x82,0x82,0x30,0x15,0x0c,0x81,0x0a,0xbd,0xb2,0xc5,0xc9,0x83,0xbd,0xc8,0xc5,0x95,0x04,0x86,0x13,0x29,0x00,0x02,0x00,0x00,0x00,0x00,0x00,0x00,0x00,0x00,0x00,0x00,0x00,0x00,0x00,0x00,0x00,0x00,0x00,0x00,0x00,0x00,0x00,0x00,0x00,0x00,0x00,0x00,0x00,0x00,0x00,0x00,0x00,0x00,0x00,0x00,0x00,0x00,0x00,0x00,0x00,0x00,0x00,0x00,0x00,0x00,0x00,0x00,0x00,0x00,0x00,0x00,0x00,
    0x00,0x00,0x00,0x00,0x00,0x00,0x00,0x00,0x00,0x00,0x00,0x00,0x00,0x00,0x00,0x00,0x00,0x00,0x00,0x00,0x00,0x00,0x00,0x00,0x00,0x00,0x00,0x00,0x00,0x00,0x00,0x00,0x00,0x00,0x00,0x00,0x00,0x00,0x00,0x00,0x00,0x00,0x00,0x00,0x00,0x00,0x00,0x00,0x00,0x00,0x00,0x00,0x00,0x00,0x00,0x00,0x00,0x1c,0x00,0x19,0x83,0x0a,0xb8,0xc5,0xb4,0xad,0x89,0x89,0x95,0xc5,0xc8,0x96,0x89,0x30,0x15,0x0c,0x86,0x95,0xb2,0xc1,0xbd,0x80,0x89,0x81,0xb4,0xb2,0xbd,0x0a,0x81,0x0e,0x29,0x00,0x02,0x00,0x00,0x00,0x00,0x00,0x00,0x00,0x00,0x00,0x00,0x00,0x00,0x00,0x00,0x00,0x00,0x00,0x00,0x00,0x00,0x00,0x00,0x00,0x00,0x00,0x00,0x00,0x00,0x00,0x00,0x00,0x00,0x00,0x00,0x00,0x00,0x00,0x00,0x00,0x00,0x00,0x00,0x00,0x00,0x00,0x00,0x00,0x00,0x00,0x00,0x00,
    0x00,0x00,0x00,0x00,0x00,0x00,0x00,0x00,0x00,0x00,0x00,0x00,0x00,0x00,0x00,0x00,0x00,0x00,0x00,0x00,0x00,0x00,0x00,0x00,0x00,0x00,0x00,0x00,0x00,0x00,0x00,0x00,0x00,0x00,0x00,0x00,0x00,0x00,0x00,0x00,0x00,0x00,0x00,0x00,0x00,0x00,0x00,0x00,0x00,0x00,0x00,0x00,0x00,0x00,0x00,0x00,0x00,0x1c,0x00,0x1d,0x82,0x0a,0x81,0x89,0xc9,0xb2,0xba,0xbd,0xc8,0xb8,0x80,0x10,0x80,0x30,0x15,0x0c,0x7f,0x04,0x83,0x95,0xb2,0xc8,0xba,0xc8,0xba,0x83,0x81,0x10,0x81,0x0e,0x0c,0x00,0x1c,0x00,0x00,0x00,0x00,0x00,0x00,0x00,0x00,0x00,0x00,0x00,0x00,0x00,0x00,0x00,0x00,0x00,0x00,0x00,0x00,0x00,0x00,0x00,0x00,0x00,0x00,0x00,0x00,0x00,0x00,0x00,0x00,0x00,0x00,0x00,0x00,0x00,0x00,0x00,0x00,0x00,0x00,0x00,0x00,0x00,0x00,0x00,0x00,0x00,0x00,0x00,
    0x00,0x00,0x00,0x00,0x00,0x00,0x00,0x00,0x00,0x00,0x00,0x00,0x00,0x00,0x00,0x00,0x00,0x00,0x00,0x00,0x00,0x00,0x00,0x00,0x00,0x00,0x00,0x00,0x00,0x00,0x00,0x00,0x00,0x00,0x00,0x00,0x00,0x00,0x00,0x00,0x00,0x00,0x00,0x00,0x00,0x00,0x00,0x00,0x00,0x00,0x00,0x00,0x00,0x00,0x00,0x00,0x00,0x1c,0x00,0x26,0x82,0x0a,0x82,0x89,0x89,0xbd,0xe1,0xe3,0xba,0x89,0x89,0x10,0x86,0x30,0x17,0x0c,0x7f,0x04,0x81,0x89,0xb8,0xe3,0xc8,0xc8,0x95,0x89,0x80,0x10,0x86,0x0e,0x1f,0x00,0x1c,0x00,0x00,0x00,0x00,0x00,0x00,0x00,0x00,0x00,0x00,0x00,0x00,0x00,0x00,0x00,0x00,0x00,0x00,0x00,0x00,0x00,0x00,0x00,0x00,0x00,0x00,0x00,0x00,0x00,0x00,0x00,0x00,0x00,0x00,0x00,0x00,0x00,0x00,0x00,0x00,0x00,0x00,0x00,0x00,0x00,0x00,0x00,0x00,0x00,0x00,0x00,
    0x00,0x00,0x00,0x00,0x00,0x00,0x00,0x00,0x00,0x00,0x00,0x00,0x00,0x00,0x00,0x00,0x00,0x00,0x00,0x00,0x00,0x00,0x00,0x00,0x00,0x00,0x00,0x00,0x00,0x00,0x00,0x00,0x00,0x00,0x00,0x00,0x00,0x00,0x00,0x00,0x00,0x00,0x00,0x00,0x00,0x00,0x00,0x00,0x00,0x00,0x00,0x00,0x00,0x00,0x00,0x00,0x00,0x1c,0x00,0x0e,0x82,0x0a,0x80,0xad,0xba,0xba,0x95,0x83,0xb4,0xc8,0xad,0x10,0x9a,0x26,0x08,0x1f,0x9a,0x10,0x9a,0xc1,0xc1,0x95,0x89,0xad,0xb2,0xb4,0x83,0x04,0x7f,0x13,0x0c,0x01,0x1c,0x00,0x00,0x00,0x00,0x00,0x00,0x00,0x00,0x00,0x00,0x00,0x00,0x00,0x00,0x00,0x00,0x00,0x00,0x00,0x00,0x00,0x00,0x00,0x00,0x00,0x00,0x00,0x00,0x00,0x00,0x00,0x00,0x00,0x00,0x00,0x00,0x00,0x00,0x00,0x00,0x00,0x00,0x00,0x00,0x00,0x00,0x00,0x00,0x00,0x00,0x00,
    0x00,0x00,0x00,0x00,0x00,0x00,0x00,0x00,0x00,0x00,0x00,0x00,0x00,0x00,0x00,0x00,0x00,0x00,0x00,0x00,0x00,0x00,0x00,0x00,0x00,0x00,0x00,0x00,0x00,0x00,0x00,0x00,0x00,0x00,0x00,0x00,0x00,0x00,0x00,0x00,0x00,0x00,0x00,0x00,0x00,0x00,0x00,0x00,0x00,0x00,0x00,0x00,0x00,0x00,0x00,0x00,0x00,0x1c,0x00,0x13,0x86,0x10,0x83,0xc5,0xc8,0xad,0x89,0x80,0xad,0xc8,0xc5,0x10,0x7f,0x1b,0x00,0x1d,0x83,0x80,0xc9,0xb2,0xbd,0x82,0x89,0xc9,0xc1,0xc1,0x86,0x04,0x7f,0x52,0x00,0x1c,0x00,0x00,0x00,0x00,0x00,0x00,0x00,0x00,0x00,0x00,0x00,0x00,0x00,0x00,0x00,0x00,0x00,0x00,0x00,0x00,0x00,0x00,0x00,0x00,0x00,0x00,0x00,0x00,0x00,0x00,0x00,0x00,0x00,0x00,0x00,0x00,0x00,0x00,0x00,0x00,0x00,0x00,0x00,0x00,0x00,0x00,0x00,0x00,0x00,0x00,0x00,0x00,
    0x00,0x00,0x00,0x00,0x00,0x00,0x00,0x00,0x00,0x00,0x00,0x00,0x00,0x00,0x00,0x00,0x00,0x00,0x00,0x00,0x00,0x00,0x00,0x00,0x00,0x00,0x00,0x00,0x00,0x00,0x00,0x00,0x00,0x00,0x00,0x00,0x00,0x00,0x00,0x00,0x00,0x00,0x00,0x00,0x00,0x00,0x00,0x00,0x00,0x00,0x00,0x00,0x00,0x00,0x00,0x00,0x00,0x1c,0x00,0x0e,0x7d,0x04,0x9a,0x82,0x95,0xb2,0xb2,0xb2,0xc1,0x95,0x80,0x04,0x81,0x1b,0x00,0x26,0x82,0x0a,0x80,0x89,0xb4,0xb2,0xc1,0xb2,0xc9,0x82,0x7d,0x04,0x7f,0x52,0x00,0x1c,0x00,0x00,0x00,0x00,0x00,0x00,0x00,0x00,0x00,0x00,0x00,0x00,0x00,0x00,0x00,0x00,0x00,0x00,0x00,0x00,0x00,0x00,0x00,0x00,0x00,0x00,0x00,0x00,0x00,0x00,0x00,0x00,0x00,0x00,0x00,0x00,0x00,0x00,0x00,0x00,0x00,0x00,0x00,0x00,0x00,0x00,0x00,0x00,0x00,0x00,0x00,0x00,
    0x00,0x00,0x00,0x00,0x00,0x00,0x00,0x00,0x00,0x00,0x00,0x00,0x00,0x00,0x00,0x00,0x00,0x00,0x00,0x00,0x00,0x00,0x00,0x00,0x00,0x00,0x00,0x00,0x00,0x00,0x00,0x00,0x00,0x00,0x00,0x00,0x00,0x00,0x00,0x00,0x00,0x00,0x00,0x00,0x00,0x00,0x00,0x00,0x00,0x00,0x00,0x00,0x00,0x00,0x00,0x00,0x00,0x1c,0x00,0x0e,0x83,0x10,0x81,0x83,0xad,0xb2,0xc5,0xb4,0xe8,0xb8,0x82,0x0a,0x82,0x0f,0x08,0x13,0x82,0x0a,0x89,0x96,0xc5,0xba,0xbd,0xc1,0xbd,0x7f,0x83,0x0a,0x83,0x52,0x00,0x1c,0x00,0x00,0x00,0x00,0x00,0x00,0x00,0x00,0x00,0x00,0x00,0x00,0x00,0x00,0x00,0x00,0x00,0x00,0x00,0x00,0x00,0x00,0x00,0x00,0x00,0x00,0x00,0x00,0x00,0x00,0x00,0x00,0x00,0x00,0x00,0x00,0x00,0x00,0x00,0x00,0x00,0x00,0x00,0x00,0x00,0x00,0x00,0x00,0x00,0x00,0x00,0x00,
    0x00,0x00,0x00,0x00,0x00,0x00,0x00,0x00,0x00,0x00,0x00,0x00,0x00,0x00,0x00,0x00,0x00,0x00,0x00,0x00,0x00,0x00,0x00,0x00,0x00,0x00,0x00,0x00,0x00,0x00,0x00,0x00,0x00,0x00,0x00,0x00,0x00,0x00,0x00,0x00,0x00,0x00,0x00,0x00,0x00,0x00,0x00,0x00,0x00,0x00,0x00,0x00,0x00,0x00,0x00,0x00,0x00,0x1c,0x02,0x0e,0x86,0x04,0x81,0xf6,0xb2,0xc1,0xb8,0xb8,0xe8,0xb2,0xc5,0x10,0x83,0x13,0x19,0x30,0x83,0x80,0xba,0xc8,0xb2,0xb4,0xbd,0xc1,0xe3,0xc1,0x95,0x10,0x86,0x30,0x02,0x1c,0x00,0x00,0x00,0x00,0x00,0x00,0x00,0x00,0x00,0x00,0x00,0x00,0x00,0x00,0x00,0x00,0x00,0x00,0x00,0x00,0x00,0x00,0x00,0x00,0x00,0x00,0x00,0x00,0x00,0x00,0x00,0x00,0x00,0x00,0x00,0x00,0x00,0x00,0x00,0x00,0x00,0x00,0x00,0x00,0x00,0x00,0x00,0x00,0x00,0x00,0x00,0x00,
    0x00,0x00,0x00,0x00,0x00,0x00,0x00,0x00,0x00,0x00,0x00,0x00,0x00,0x00,0x00,0x00,0x00,0x00,0x00,0x00,0x00,0x00,0x00,0x00,0x00,0x00,0x00,0x00,0x00,0x00,0x00,0x00,0x00,0x00,0x00,0x00,0x00,0x00,0x00,0x00,0x00,0x00,0x00,0x00,0x00,0x00,0x00,0x00,0x00,0x00,0x00,0x00,0x00,0x00,0x00,0x00,0x02,0x00,0x16,0x0a,0x86,0x83,0x7f,0xb8,0x80,0x96,0xad,0xad,0xc9,0x80,0xad,0x04,0x83,0x36,0x06,0x26,0x82,0x0a,0xb8,0x95,0x96,0xb8,0xb8,0xb8,0x7f,0xad,0x96,0x86,0x7d,0x36,0x06,0x00,0x01,0x00,0x00,0x00,0x00,0x00,0x00,0x00,0x00,0x00,0x00,0x00,0x00,0x00,0x00,0x00,0x00,0x00,0x00,0x00,0x00,0x00,0x00,0x00,0x00,0x00,0x00,0x00,0x00,0x00,0x00,0x00,0x00,0x00,0x00,0x00,0x00,0x00,0x00,0x00,0x00,0x00,0x00,0x00,0x00,0x00,0x00,0x00,0x00,0x00,0x00,0x00,
    0x00,0x00,0x00,0x00,0x00,0x00,0x00,0x00,0x00,0x00,0x00,0x00,0x00,0x00,0x00,0x00,0x00,0x00,0x00,0x00,0x00,0x00,0x00,0x00,0x00,0x00,0x00,0x00,0x00,0x00,0x00,0x00,0x00,0x00,0x00,0x00,0x00,0x00,0x00,0x00,0x00,0x00,0x00,0x00,0x00,0x00,0x00,0x00,0x00,0x00,0x00,0x00,0x00,0x00,0x00,0x00,0x02,0x00,0x16,0x82,0x83,0x82,0x80,0x89,0x82,0x89,0x89,0x89,0x89,0x82,0x80,0x82,0x82,0x10,0x1d,0x44,0x81,0x86,0x89,0x80,0x80,0x89,0x89,0x89,0x80,0x89,0x80,0x83,0x83,0x10,0x16,0x00,0x01,0x00,0x00,0x00,0x00,0x00,0x00,0x00,0x00,0x00,0x00,0x00,0x00,0x00,0x00,0x00,0x00,0x00,0x00,0x00,0x00,0x00,0x00,0x00,0x00,0x00,0x00,0x00,0x00,0x00,0x00,0x00,0x00,0x00,0x00,0x00,0x00,0x00,0x00,0x00,0x00,0x00,0x00,0x00,0x00,0x00,0x00,0x00,0x00,0x00,0x00,0x00,
    0x00,0x00,0x00,0x00,0x00,0x00,0x00,0x00,0x00,0x00,0x00,0x00,0x00,0x00,0x00,0x00,0x00,0x00,0x00,0x00,0x00,0x00,0x00,0x00,0x00,0x00,0x00,0x00,0x00,0x00,0x00,0x00,0x00,0x00,0x00,0x00,0x00,0x00,0x00,0x00,0x00,0x00,0x00,0x00,0x00,0x00,0x00,0x00,0x00,0x00,0x00,0x00,0x00,0x00,0x00,0x00,0x1c,0x00,0x19,0x83,0x10,0x86,0x86,0x9a,0x86,0x81,0x83,0x83,0x82,0x82,0x83,0x82,0x83,0x0a,0x52,0x7f,0x7f,0x7f,0x9a,0x86,0x82,0x82,0x82,0x82,0x82,0x82,0x82,0x82,0x0a,0x82,0x19,0x00,0x1c,0x00,0x00,0x00,0x00,0x00,0x00,0x00,0x00,0x00,0x00,0x00,0x00,0x00,0x00,0x00,0x00,0x00,0x00,0x00,0x00,0x00,0x00,0x00,0x00,0x00,0x00,0x00,0x00,0x00,0x00,0x00,0x00,0x00,0x00,0x00,0x00,0x00,0x00,0x00,0x00,0x00,0x00,0x00,0x00,0x00,0x00,0x00,0x00,0x00,0x00,0x00,
    0x00,0x00,0x00,0x00,0x00,0x00,0x00,0x00,0x00,0x00,0x00,0x00,0x00,0x00,0x00,0x00,0x00,0x00,0x00,0x00,0x00,0x00,0x00,0x00,0x00,0x00,0x00,0x00,0x00,0x00,0x00,0x00,0x00,0x00,0x00,0x00,0x00,0x00,0x00,0x00,0x00,0x00,0x00,0x00,0x00,0x00,0x00,0x00,0x00,0x00,0x00,0x00,0x00,0x00,0x00,0x00,0x1c,0x00,0x1b,0x82,0x0a,0x81,0x86,0x86,0x86,0x83,0x82,0x82,0x83,0x86,0x86,0x86,0x81,0x0a,0x54,0x7f,0x7d,0x7d,0x83,0x82,0x82,0x82,0x82,0x82,0x82,0x82,0x82,0x83,0x10,0x82,0x19,0x00,0x1c,0x00,0x00,0x00,0x00,0x00,0x00,0x00,0x00,0x00,0x00,0x00,0x00,0x00,0x00,0x00,0x00,0x00,0x00,0x00,0x00,0x00,0x00,0x00,0x00,0x00,0x00,0x00,0x00,0x00,0x00,0x00,0x00,0x00,0x00,0x00,0x00,0x00,0x00,0x00,0x00,0x00,0x00,0x00,0x00,0x00,0x00,0x00,0x00,0x00,0x00,0x00,
    0x00,0x00,0x00,0x00,0x00,0x00,0x00,0x00,0x00,0x00,0x00,0x00,0x00,0x00,0x00,0x00,0x00,0x00,0x00,0x00,0x00,0x00,0x00,0x00,0x00,0x00,0x00,0x00,0x00,0x00,0x00,0x00,0x00,0x00,0x00,0x00,0x00,0x00,0x00,0x00,0x00,0x00,0x00,0x00,0x00,0x00,0x00,0x00,0x00,0x00,0x00,0x00,0x00,0x00,0x00,0x00,0x1c,0x00,0x0f,0x83,0x0a,0x82,0x82,0x83,0x82,0x82,0x82,0x82,0x82,0x81,0x86,0x83,0x82,0x83,0xc2,0x81,0x83,0x83,0x82,0x82,0x82,0x82,0x82,0x82,0x83,0x86,0x7f,0x7f,0x10,0x83,0x19,0x00,0x1c,0x00,0x00,0x00,0x00,0x00,0x00,0x00,0x00,0x00,0x00,0x00,0x00,0x00,0x00,0x00,0x00,0x00,0x00,0x00,0x00,0x00,0x00,0x00,0x00,0x00,0x00,0x00,0x00,0x00,0x00,0x00,0x00,0x00,0x00,0x00,0x00,0x00,0x00,0x00,0x00,0x00,0x00,0x00,0x00,0x00,0x00,0x00,0x00,0x00,0x00,0x00,
    0x00,0x00,0x00,0x00,0x00,0x00,0x00,0x00,0x00,0x00,0x00,0x00,0x00,0x00,0x00,0x00,0x00,0x00,0x00,0x00,0x00,0x00,0x00,0x00,0x00,0x00,0x00,0x00,0x00,0x00,0x00,0x00,0x00,0x00,0x00,0x00,0x00,0x00,0x00,0x00,0x00,0x00,0x00,0x00,0x00,0x00,0x00,0x00,0x00,0x00,0x00,0x00,0x00,0x00,0x00,0x00,0x1c,0x00,0x1b,0x7d,0x10,0x82,0x82,0x82,0x83,0x83,0x82,0x82,0x82,0x80,0x82,0x82,0x82,0x7d,0xd2,0x83,0x82,0x80,0x82,0x82,0x82,0x80,0x82,0x83,0x82,0x83,0x83,0x83,0x10,0x86,0x1d,0x00,0x1c,0x00,0x00,0x00,0x00,0x00,0x00,0x00,0x00,0x00,0x00,0x00,0x00,0x00,0x00,0x00,0x00,0x00,0x00,0x00,0x00,0x00,0x00,0x00,0x00,0x00,0x00,0x00,0x00,0x00,0x00,0x00,0x00,0x00,0x00,0x00,0x00,0x00,0x00,0x00,0x00,0x00,0x00,0x00,0x00,0x00,0x00,0x00,0x00,0x00,0x00,0x00,
    0x00,0x00,0x00,0x00,0x00,0x00,0x00,0x00,0x00,0x00,0x00,0x00,0x00,0x00,0x00,0x00,0x00,0x00,0x00,0x00,0x00,0x00,0x00,0x00,0x00,0x00,0x00,0x00,0x00,0x00,0x00,0x00,0x00,0x00,0x00,0x00,0x00,0x00,0x00,0x00,0x00,0x00,0x00,0x00,0x00,0x00,0x00,0x00,0x00,0x00,0x00,0x00,0x00,0x00,0x00,0x00,0x1c,0x00,0x1f,0x81,0x95,0x96,0x96,0x7f,0x7d,0x81,0x83,0x83,0x83,0x83,0x81,0x86,0x7f,0x81,0x9a,0x9a,0x86,0x86,0x83,0x83,0x81,0x86,0x7f,0x81,0x81,0x7d,0x9a,0x95,0x04,0x5e,0x0f,0x00,0x02,0x00,0x00,0x00,0x00,0x00,0x00,0x00,0x00,0x00,0x00,0x00,0x00,0x00,0x00,0x00,0x00,0x00,0x00,0x00,0x00,0x00,0x00,0x00,0x00,0x00,0x00,0x00,0x00,0x00,0x00,0x00,0x00,0x00,0x00,0x00,0x00,0x00,0x00,0x00,0x00,0x00,0x00,0x00,0x00,0x00,0x00,0x00,0x00,0x00,0x00,0x00,
    0x00,0x00,0x00,0x00,0x00,0x00,0x00,0x00,0x00,0x00,0x00,0x00,0x00,0x00,0x00,0x00,0x00,0x00,0x00,0x00,0x00,0x00,0x00,0x00,0x00,0x00,0x00,0x00,0x00,0x00,0x00,0x00,0x00,0x00,0x00,0x00,0x00,0x00,0x00,0x00,0x00,0x00,0x00,0x00,0x00,0x00,0x00,0x00,0x00,0x00,0x00,0x00,0x00,0x00,0x00,0x00,0x1c,0x00,0x1f,0x96,0x96,0x96,0x96,0x96,0x96,0x95,0x04,0x04,0x04,0x95,0x96,0x96,0x95,0x86,0x20,0x7d,0x95,0x96,0x96,0x96,0x96,0x96,0x96,0x96,0x96,0x22,0x22,0x22,0x96,0x9a,0x26,0x01,0x01,0x00,0x00,0x00,0x00,0x00,0x00,0x00,0x00,0x00,0x00,0x00,0x00,0x00,0x00,0x00,0x00,0x00,0x00,0x00,0x00,0x00,0x00,0x00,0x00,0x00,0x00,0x00,0x00,0x00,0x00,0x00,0x00,0x00,0x00,0x00,0x00,0x00,0x00,0x00,0x00,0x00,0x00,0x00,0x00,0x00,0x00,0x00,0x00,0x00,0x00,0x00,
    0x00,0x00,0x00,0x00,0x00,0x00,0x00,0x00,0x00,0x00,0x00,0x00,0x00,0x00,0x00,0x00,0x00,0x00,0x00,0x00,0x00,0x00,0x00,0x00,0x00,0x00,0x00,0x00,0x00,0x00,0x00,0x00,0x00,0x00,0x00,0x00,0x00,0x00,0x00,0x00,0x00,0x00,0x00,0x00,0x00,0x00,0x00,0x00,0x00,0x00,0x00,0x00,0x00,0x00,0x00,0x00,0x1c,0x00,0x1d,0x30,0x35,0x7f,0x95,0x95,0x95,0x95,0x95,0x95,0x95,0x96,0x96,0x96,0x95,0x35,0x0c,0x0e,0x9a,0x96,0x96,0x96,0x96,0x96,0x95,0x96,0x96,0x22,0x22,0x96,0x35,0x1b,0x1f,0x00,0x02,0x00,0x00,0x00,0x00,0x00,0x00,0x00,0x00,0x00,0x00,0x00,0x00,0x00,0x00,0x00,0x00,0x00,0x00,0x00,0x00,0x00,0x00,0x00,0x00,0x00,0x00,0x00,0x00,0x00,0x00,0x00,0x00,0x00,0x00,0x00,0x00,0x00,0x00,0x00,0x00,0x00,0x00,0x00,0x00,0x00,0x00,0x00,0x00,0x00,0x00,0x00,
    0x00,0x00,0x00,0x00,0x00,0x00,0x00,0x00,0x00,0x00,0x00,0x00,0x00,0x00,0x00,0x00,0x00,0x00,0x00,0x00,0x00,0x00,0x00,0x00,0x00,0x00,0x00,0x00,0x00,0x00,0x00,0x00,0x00,0x00,0x00,0x00,0x00,0x00,0x00,0x00,0x00,0x00,0x00,0x00,0x00,0x00,0x00,0x00,0x00,0x00,0x00,0x00,0x00,0x00,0x00,0x00,0x00,0x00,0x0b,0x03,0x08,0x1d,0x19,0x0e,0x20,0x13,0x13,0x13,0x13,0x20,0x44,0x0f,0x0c,0x08,0x00,0x06,0x1d,0x1b,0x36,0x96,0x13,0x13,0x13,0x44,0x5e,0x5e,0x20,0x19,0x16,0x00,0x00,0x00,0x00,0x00,0x00,0x00,0x00,0x00,0x00,0x00,0x00,0x00,0x00,0x00,0x00,0x00,0x00,0x00,0x00,0x00,0x00,0x00,0x00,0x00,0x00,0x00,0x00,0x00,0x00,0x00,0x00,0x00,0x00,0x00,0x00,0x00,0x00,0x00,0x00,0x00,0x00,0x00,0x00,0x00,0x00,0x00,0x00,0x00,0x00,0x00,0x00,0x00,0x00,0x00,
    0x00,0x00,0x00,0x00,0x00,0x00,0x00,0x00,0x00,0x00,0x00,0x00,0x00,0x00,0x00,0x00,0x00,0x00,0x00,0x00,0x00,0x00,0x00,0x00,0x00,0x00,0x00,0x00,0x00,0x00,0x00,0x00,0x00,0x00,0x00,0x00,0x00,0x00,0x00,0x00,0x00,0x00,0x00,0x00,0x00,0x00,0x00,0x00,0x00,0x00,0x00,0x00,0x00,0x00,0x00,0x00,0x00,0x00,0x00,0x01,0x00,0x00,0x00,0x00,0x1c,0x00,0x00,0x00,0x00,0x1c,0x08,0x00,0x00,0x00,0x01,0x00,0x00,0x00,0x08,0x16,0x00,0x00,0x00,0x06,0x16,0x16,0x02,0x00,0x00,0x1c,0x02,0x00,0x00,0x00,0x00,0x00,0x00,0x00,0x00,0x00,0x00,0x00,0x00,0x00,0x00,0x00,0x00,0x00,0x00,0x00,0x00,0x00,0x00,0x00,0x00,0x00,0x00,0x00,0x00,0x00,0x00,0x00,0x00,0x00,0x00,0x00,0x00,0x00,0x00,0x00,0x00,0x00,0x00,0x00,0x00,0x00,0x00,0x00,0x00,0x00,0x00,0x00,0x00,0x00,
    0x00,0x00,0x00,0x00,0x00,0x00,0x00,0x00,0x00,0x00,0x00,0x00,0x00,0x00,0x00,0x00,0x00,0x00,0x00,0x00,0x00,0x00,0x00,0x00,0x00,0x00,0x00,0x00,0x00,0x00,0x00,0x00,0x00,0x00,0x00,0x00,0x00,0x00,0x00,0x00,0x00,0x00,0x00,0x00,0x00,0x00,0x00,0x00,0x00,0x00,0x00,0x00,0x00,0x00,0x00,0x00,0x00,0x00,0x00,0x00,0x01,0x1c,0x1c,0x02,0x00,0x1c,0x1c,0x1c,0x1c,0x00,0x00,0x1c,0x02,0x01,0x00,0x01,0x1c,0x1c,0x00,0x00,0x02,0x02,0x02,0x00,0x00,0x00,0x00,0x1c,0x01,0x00,0x00,0x00,0x00,0x00,0x00,0x00,0x00,0x00,0x00,0x00,0x00,0x00,0x00,0x00,0x00,0x00,0x00,0x00,0x00,0x00,0x00,0x00,0x00,0x00,0x00,0x00,0x00,0x00,0x00,0x00,0x00,0x00,0x00,0x00,0x00,0x00,0x00,0x00,0x00,0x00,0x00,0x00,0x00,0x00,0x00,0x00,0x00,0x00,0x00,0x00,0x00,0x00,0x00,0x00,

};

const lv_image_dsc_t passport_pet_review_1 = {
  .header = {
    .magic = LV_IMAGE_HEADER_MAGIC,
    .cf = LV_COLOR_FORMAT_I8,
    .flags = 0,
    .w = 144,
    .h = 156,
    .stride = 144,
    .reserved_2 = 0,
  },
  .data_size = sizeof(passport_pet_review_1_map),
  .data = passport_pet_review_1_map,
  .reserved = NULL,
};
