
#if defined(LV_LVGL_H_INCLUDE_SIMPLE)
#include "lvgl.h"
#elif defined(LV_LVGL_H_INCLUDE_SYSTEM)
#include <lvgl.h>
#elif defined(LV_BUILD_TEST)
#include "../lvgl.h"
#else
#include "lvgl/lvgl.h"
#endif

#ifndef LV_ATTRIBUTE_MEM_ALIGN
#define LV_ATTRIBUTE_MEM_ALIGN
#endif

#ifndef LV_ATTRIBUTE_PASSPORT_PET_FAILED_5
#define LV_ATTRIBUTE_PASSPORT_PET_FAILED_5
#endif

static const
LV_ATTRIBUTE_MEM_ALIGN LV_ATTRIBUTE_LARGE_CONST LV_ATTRIBUTE_PASSPORT_PET_FAILED_5
uint8_t passport_pet_failed_5_map[] = {

    0x4c,0x70,0x47,0x00,0x0c,0x00,0x06,0x01,0xbe,0xda,0xef,0x03,0xd9,0xff,0xf2,0x01,
    0xb0,0xc2,0xc3,0x02,0x0b,0x05,0x05,0x03,0xd1,0xe7,0xfd,0xfe,0xca,0xe3,0xfc,0xfb,
    0xbe,0xdd,0xfa,0xfd,0x19,0x12,0x16,0xfc,0xc8,0xdf,0xfa,0xfe,0x17,0x12,0x0d,0x43,
    0x10,0x0b,0x0f,0xbf,0x1d,0x15,0x19,0xfc,0x08,0x04,0x09,0x27,0x95,0xae,0xc9,0xfe,
    0xb4,0xd5,0xed,0xfe,0xd4,0xe7,0xf8,0xcd,0x24,0x1a,0x0d,0x1d,0xcf,0xe4,0xf3,0x5f,
    0x09,0x05,0x08,0x7d,0xc7,0xdf,0xf1,0xb9,0xc2,0xdd,0xee,0x29,0x1e,0x1b,0x1b,0x0d,
    0xd0,0xe5,0xf9,0xfc,0xad,0xc8,0xd6,0x97,0xb3,0x92,0x41,0x03,0xb3,0xd1,0xd9,0x5b,
    0xc3,0xe6,0xf5,0xfd,0xa4,0xcb,0xd7,0x1e,0xcb,0xe2,0xea,0x07,0x1a,0x11,0x15,0xf1,
    0xa0,0xbe,0xcf,0xc1,0xc5,0xe0,0xf2,0x7b,0xc6,0xe2,0xed,0x49,0xbd,0xdb,0xe6,0x3e,
    0xc9,0xde,0xe6,0x11,0xb0,0xcd,0xe0,0xfd,0x14,0x11,0x0c,0x66,0x16,0x12,0x1c,0xa7,
    0x0f,0x0b,0x0e,0x55,0x8b,0xa8,0xba,0xb2,0x92,0xbc,0xbe,0x54,0x84,0xae,0xb6,0x41,
    0xad,0xd1,0xe1,0xcc,0xd0,0xe8,0xf5,0x90,0xc8,0xe3,0xf7,0xa5,0x72,0x9f,0xa6,0x0b,
    0xa4,0xc5,0xd0,0xac,0xb2,0x82,0x08,0xfd,0x0d,0x08,0x0c,0xfc,0x11,0x0c,0x10,0xf8,
    0xb5,0xd6,0xe7,0xe8,0x9e,0xbb,0xc1,0x79,0x78,0xac,0x9d,0x14,0xa0,0xc5,0xce,0x81,
    0x79,0x92,0x77,0x23,0xa4,0xc9,0xd6,0xee,0xa4,0x74,0x06,0x63,0xdf,0xa7,0x1a,0xfa,
    0x9b,0xba,0xcb,0xfd,0x1c,0x12,0x17,0xda,0x9a,0xc0,0xcc,0xd9,0xd1,0xd6,0xe9,0xfe,
    0xbc,0xda,0xe2,0xd0,0x97,0x74,0x05,0x30,0x8f,0xb5,0xbf,0x68,0x5a,0x79,0x60,0x12,
    0xd1,0xee,0xfd,0xe5,0x74,0x94,0xa2,0x37,0xb1,0x88,0x12,0x87,0x69,0x76,0x54,0x06,
    0x96,0x7b,0x07,0xd2,0xbd,0x81,0x05,0xb4,0xa3,0x77,0x15,0xfe,0x14,0x0d,0x0f,0x8d,
    0x5f,0x8e,0x9c,0x90,0xe5,0xf2,0xfb,0xeb,0xce,0xa5,0x0b,0x6a,0xcf,0xd2,0xb1,0xfe,
    0xc9,0xe1,0xf7,0xea,0x64,0x58,0x2b,0xf2,0xaf,0x9d,0x0c,0xfe,0xbd,0x91,0x09,0xeb,
    0x66,0x83,0x98,0xd0,0xe6,0xa8,0x04,0x46,0xa3,0xbb,0xd8,0xef,0x82,0x74,0x73,0xdd,
    0x61,0x77,0x98,0xe7,0xca,0xe3,0xfb,0xff,0x1b,0x14,0x18,0xff,0xbb,0xde,0xfc,0xff,
    0x1c,0x15,0x19,0xff,0xba,0xdd,0xfb,0xff,0xcc,0xe3,0xfb,0xff,0x0b,0x05,0x0a,0xff,
    0x20,0x17,0x1c,0xff,0x1e,0x16,0x1a,0xff,0xbd,0xe0,0xfc,0xff,0xc9,0xe2,0xfb,0xff,
    0x0e,0x08,0x0d,0xff,0x11,0x0b,0x10,0xff,0xc5,0xe2,0xfc,0xff,0xc1,0xe3,0xfd,0xff,
    0xc0,0xe1,0xfc,0xff,0xc4,0xe1,0xfc,0xff,0x15,0x0e,0x12,0xff,0xc4,0xe0,0xfb,0xff,
    0xc9,0xe1,0xf9,0xff,0xbe,0xe1,0xfe,0xff,0x23,0x1b,0x20,0xff,0x16,0x0f,0x13,0xff,
    0x17,0x11,0x16,0xff,0xbf,0xdf,0xfb,0xff,0x04,0x01,0x04,0xff,0xd0,0xea,0xff,0xff,
    0xcf,0xe8,0xfe,0xff,0xf3,0xa4,0x03,0xff,0x22,0x18,0x1d,0xff,0xcb,0xe3,0xfb,0xff,
    0xb9,0xdc,0xfb,0xff,0xcb,0xe7,0xff,0xff,0x1a,0x12,0x16,0xff,0x23,0x1a,0x1c,0xff,
    0xbb,0xdf,0xfc,0xff,0xa2,0xab,0xf9,0xff,0xb8,0xd9,0xfa,0xff,0xd8,0xe7,0xf9,0xff,
    0xd9,0xf0,0xff,0xff,0xd3,0xed,0xff,0xff,0xc2,0xdf,0xfa,0xff,0xe0,0xea,0xf9,0xff,
    0x26,0x1d,0x24,0xff,0x9a,0xa5,0xf8,0xff,0xcd,0xe6,0xfc,0xff,0xed,0xa1,0x04,0xff,
    0xe5,0xee,0xfc,0xff,0xc6,0xeb,0xff,0xff,0xac,0xb5,0xfb,0xff,0xc3,0xe6,0xff,0xff,
    0x2a,0x22,0x26,0xff,0xed,0x9b,0x02,0xff,0xf6,0xfe,0xff,0xff,0xd8,0xeb,0xfe,0xff,
    0xde,0xf5,0xff,0xff,0xc7,0xdc,0xf8,0xff,0x8e,0xa1,0xc0,0xff,0xf9,0xa9,0x03,0xff,
    0xa7,0xc0,0xdb,0xff,0xa1,0xb1,0xc2,0xff,0xe9,0xf4,0xff,0xff,0xb5,0xd3,0xf7,0xff,
    0x95,0xa8,0xbf,0xff,0xea,0xf9,0xff,0xff,0xe2,0x88,0x00,0xff,0xb5,0x6a,0x03,0xff,
    0xde,0x93,0x04,0xff,0xad,0xcc,0xf6,0xff,0xb7,0xc4,0xd3,0xff,0xaa,0xc6,0xdf,0xff,
    0x28,0x25,0x31,0xff,0xad,0xce,0xea,0xff,0x8b,0x9d,0xb3,0xff,0xcf,0xf2,0xff,0xff,
    0x9b,0xb3,0xd8,0xff,0xcc,0xdb,0xe5,0xff,0xd1,0x82,0x02,0xff,0xc2,0xd6,0xf6,0xff,
    0xa2,0xc4,0xf0,0xff,0xbd,0xcc,0xdb,0xff,0xbd,0xd0,0xe7,0xff,0x6c,0x73,0x83,0xff,
    0x5d,0x60,0x70,0xff,0xcf,0x8a,0x04,0xff,0x5a,0x2a,0x3c,0xff,0xb3,0xbd,0xfe,0xff,
    0x93,0x3a,0x58,0xff,0xa2,0xbd,0xed,0xff,0xc0,0xda,0xef,0xff,0x6b,0x37,0x4b,0xff,
    0xaf,0xba,0xc9,0xff,0xd0,0xe0,0xef,0xff,0xa4,0xbb,0xd5,0xff,0x88,0x92,0xa2,0xff,
    0x35,0x2c,0x33,0xff,0xa1,0x60,0x04,0xff,0x77,0x83,0x9d,0xff,0x40,0x23,0x2e,0xff,
    0x63,0x6a,0x9b,0xff,0x74,0x7d,0x8b,0xff,0x7f,0x3f,0x56,0xff,0x54,0x55,0x59,0xff,
    0xf5,0x57,0x81,0xff,0x35,0x35,0x40,0xff,0xbb,0xd8,0xeb,0xff,0x6e,0x75,0xb4,0xff,
    0x82,0x87,0x91,0xff,0x84,0x97,0xb1,0xff,0xa0,0xa8,0xb6,0xff,0xb8,0xc6,0xf5,0xff,
    0xfd,0xb0,0x04,0xff,0x75,0x86,0xad,0xff,0x8d,0x59,0x0b,0xff,0xcd,0x77,0x01,0xff,
    0xc1,0x74,0x03,0xff,0x76,0x4a,0x0e,0xff,0x4d,0x2e,0x0a,0xff,0x49,0x4c,0x66,0xff,
    0x81,0x8a,0xcd,0xff,0x49,0x49,0x52,0xff,0x99,0xa0,0xf2,0xff,0xbe,0xdd,0xf1,0xff,
    0x3e,0x3d,0x46,0xff,0x63,0x6a,0x71,0xff,0x4e,0x51,0x87,0xff,0x8f,0xa7,0xda,0xff,
    0x59,0x61,0x83,0xff,0xdb,0xb7,0x57,0xff,0xe8,0x47,0x74,0xff,0xcf,0xc8,0x8e,0xff,
    0x2e,0x33,0x4e,0xff,0xa2,0x4c,0x69,0xff,0xd1,0x3f,0x67,0xff,0xbd,0xcf,0xf9,0xff,
    0xc7,0xd7,0xcb,0xff,0xd2,0xf9,0xff,0xff,0x15,0x53,0x6d,0xff,0x82,0x97,0xc8,0xff,
    0x60,0x3b,0x0f,0xff,0xee,0xaf,0x0d,0xff,0xe0,0xb3,0x35,0xff,0x9b,0x6d,0x0d,0xff,
    0x0c,0xb0,0xe4,0xff,0x7d,0x50,0x6c,0xff,0x89,0x65,0x80,0xff,0x3b,0x3c,0x6e,0xff,
    0x92,0x9a,0xe5,0xff,0x51,0x57,0x77,0xff,0x88,0x85,0x7e,0xff,0x77,0x74,0x22,0xff,
    0x0e,0xc8,0xfc,0xff,0x1a,0x94,0xb5,0xff,0xbd,0x3c,0x63,0xff,0xaa,0xa4,0x74,0xff,
    0x10,0xc3,0xf2,0xff,0x11,0xd7,0xfe,0xff,0xdc,0xc7,0x72,0xff,0xb7,0x90,0x2a,0xff,
    0x98,0x9b,0x96,0xff,0x3d,0x82,0x7c,0xff,0x72,0x9a,0x9f,0xff,0xc3,0xc9,0xaf,0xff,
    0x77,0x7c,0x6a,0xff,0x97,0x8c,0x5e,0xff,0x9a,0x7b,0x97,0xff,0x25,0x56,0x5b,0xff,

    0x00,0x00,0x00,0x00,0x00,0x00,0x00,0x00,0x00,0x00,0x00,0x00,0x00,0x00,0x00,0x00,0x00,0x00,0x00,0x00,0x00,0x00,0x00,0x00,0x00,0x00,0x00,0x00,0x00,0x00,0x00,0x00,0x00,0x00,0x00,0x00,0x00,0x00,0x00,0x00,0x00,0x00,0x00,0x00,0x00,0x00,0x00,0x00,0x00,0x00,0x00,0x00,0x00,0x00,0x00,0x00,0x00,0x00,0x00,0x00,0x00,0x00,0x00,0x00,0x00,0x00,0x00,0x00,0x00,0x00,0x00,0x00,0x00,0x00,0x00,0x00,0x00,0x00,0x00,0x00,0x00,0x00,0x00,0x00,0x00,0x00,0x00,0x00,0x00,0x00,0x00,0x00,0x00,0x00,0x00,0x00,0x00,0x00,0x00,0x00,0x00,0x00,0x00,0x00,0x00,0x00,0x00,0x00,0x00,0x00,0x00,0x00,0x00,0x00,0x00,0x00,0x00,0x00,0x00,0x00,0x00,0x00,0x00,0x00,0x00,0x00,0x00,0x00,0x00,0x00,0x00,0x00,0x00,0x00,0x00,0x00,0x00,0x00,0x00,0x00,0x00,0x00,0x00,0x00,
    0x00,0x00,0x00,0x00,0x00,0x00,0x00,0x00,0x00,0x00,0x00,0x00,0x00,0x00,0x00,0x00,0x00,0x00,0x00,0x00,0x00,0x00,0x00,0x00,0x00,0x00,0x00,0x00,0x00,0x00,0x00,0x00,0x00,0x00,0x00,0x00,0x00,0x00,0x00,0x00,0x00,0x00,0x00,0x00,0x00,0x00,0x00,0x00,0x00,0x00,0x00,0x00,0x00,0x00,0x00,0x00,0x00,0x00,0x00,0x00,0x00,0x00,0x00,0x00,0x00,0x00,0x00,0x00,0x00,0x00,0x00,0x00,0x00,0x00,0x00,0x00,0x00,0x00,0x00,0x00,0x00,0x00,0x00,0x00,0x00,0x00,0x00,0x00,0x00,0x00,0x00,0x00,0x00,0x00,0x00,0x00,0x00,0x00,0x00,0x00,0x00,0x00,0x00,0x00,0x00,0x00,0x00,0x00,0x00,0x00,0x00,0x00,0x00,0x00,0x00,0x00,0x00,0x00,0x00,0x00,0x00,0x00,0x00,0x00,0x00,0x00,0x00,0x00,0x00,0x00,0x00,0x00,0x00,0x00,0x00,0x00,0x00,0x00,0x00,0x00,0x00,0x00,0x00,0x00,
    0x00,0x00,0x00,0x00,0x00,0x00,0x00,0x00,0x00,0x00,0x00,0x00,0x00,0x00,0x00,0x00,0x00,0x00,0x00,0x00,0x00,0x00,0x00,0x00,0x00,0x00,0x00,0x00,0x00,0x00,0x00,0x00,0x00,0x00,0x00,0x00,0x00,0x00,0x00,0x00,0x00,0x00,0x00,0x00,0x00,0x00,0x00,0x00,0x00,0x00,0x00,0x00,0x00,0x00,0x00,0x00,0x00,0x00,0x00,0x00,0x00,0x00,0x00,0x00,0x00,0x00,0x00,0x00,0x00,0x00,0x00,0x00,0x00,0x00,0x00,0x00,0x00,0x00,0x00,0x00,0x00,0x00,0x00,0x00,0x00,0x00,0x00,0x00,0x00,0x00,0x00,0x00,0x00,0x00,0x00,0x00,0x00,0x00,0x00,0x00,0x00,0x00,0x00,0x00,0x00,0x00,0x00,0x00,0x00,0x00,0x00,0x00,0x00,0x00,0x00,0x00,0x00,0x00,0x00,0x00,0x00,0x00,0x00,0x00,0x00,0x00,0x00,0x00,0x00,0x00,0x00,0x00,0x00,0x00,0x00,0x00,0x00,0x00,0x00,0x00,0x00,0x00,0x00,0x00,
    0x00,0x00,0x00,0x00,0x00,0x00,0x00,0x00,0x00,0x00,0x00,0x00,0x00,0x00,0x00,0x00,0x00,0x00,0x00,0x00,0x00,0x00,0x00,0x00,0x00,0x00,0x00,0x00,0x00,0x00,0x00,0x00,0x00,0x00,0x00,0x00,0x00,0x00,0x00,0x00,0x00,0x00,0x00,0x00,0x00,0x00,0x00,0x00,0x00,0x00,0x00,0x00,0x00,0x00,0x00,0x00,0x00,0x00,0x00,0x00,0x00,0x00,0x00,0x00,0x00,0x00,0x00,0x00,0x00,0x00,0x00,0x00,0x00,0x00,0x00,0x00,0x00,0x00,0x00,0x00,0x00,0x00,0x00,0x00,0x00,0x00,0x00,0x00,0x00,0x00,0x00,0x00,0x00,0x00,0x00,0x00,0x00,0x00,0x00,0x00,0x00,0x00,0x00,0x00,0x00,0x00,0x00,0x00,0x00,0x00,0x00,0x00,0x00,0x00,0x00,0x00,0x00,0x00,0x00,0x00,0x00,0x00,0x00,0x00,0x00,0x00,0x00,0x00,0x00,0x00,0x00,0x00,0x00,0x00,0x00,0x00,0x00,0x00,0x00,0x00,0x00,0x00,0x00,0x00,
    0x00,0x00,0x00,0x00,0x00,0x00,0x00,0x00,0x00,0x00,0x00,0x00,0x00,0x00,0x00,0x00,0x00,0x00,0x00,0x00,0x00,0x00,0x00,0x00,0x00,0x00,0x00,0x00,0x00,0x00,0x00,0x00,0x00,0x00,0x00,0x00,0x00,0x00,0x00,0x00,0x00,0x00,0x00,0x00,0x00,0x00,0x00,0x00,0x00,0x00,0x00,0x00,0x00,0x00,0x00,0x00,0x00,0x00,0x00,0x00,0x00,0x00,0x00,0x00,0x00,0x00,0x00,0x00,0x00,0x00,0x00,0x00,0x00,0x00,0x00,0x00,0x00,0x00,0x00,0x00,0x00,0x00,0x00,0x00,0x00,0x00,0x00,0x00,0x00,0x00,0x00,0x00,0x00,0x00,0x00,0x00,0x00,0x00,0x00,0x00,0x00,0x00,0x00,0x00,0x00,0x00,0x00,0x00,0x00,0x00,0x00,0x00,0x00,0x00,0x00,0x00,0x00,0x00,0x00,0x00,0x00,0x00,0x00,0x00,0x00,0x00,0x00,0x00,0x00,0x00,0x00,0x00,0x00,0x00,0x00,0x00,0x00,0x00,0x00,0x00,0x00,0x00,0x00,0x00,
    0x00,0x00,0x00,0x00,0x00,0x00,0x00,0x00,0x00,0x00,0x00,0x00,0x00,0x00,0x00,0x00,0x00,0x00,0x00,0x00,0x00,0x00,0x00,0x00,0x00,0x00,0x00,0x00,0x00,0x00,0x00,0x00,0x00,0x00,0x00,0x00,0x00,0x00,0x00,0x00,0x00,0x00,0x00,0x00,0x00,0x00,0x00,0x00,0x00,0x00,0x00,0x00,0x00,0x00,0x00,0x00,0x00,0x00,0x00,0x00,0x00,0x00,0x00,0x00,0x00,0x00,0x00,0x00,0x00,0x00,0x00,0x00,0x00,0x00,0x00,0x00,0x00,0x00,0x00,0x00,0x00,0x00,0x00,0x00,0x00,0x00,0x00,0x00,0x00,0x00,0x00,0x00,0x00,0x00,0x00,0x00,0x00,0x00,0x00,0x00,0x00,0x00,0x00,0x00,0x00,0x00,0x00,0x00,0x00,0x00,0x00,0x00,0x00,0x00,0x00,0x00,0x00,0x00,0x00,0x00,0x00,0x00,0x00,0x00,0x00,0x00,0x00,0x00,0x00,0x00,0x00,0x00,0x00,0x00,0x00,0x00,0x00,0x00,0x00,0x00,0x00,0x00,0x00,0x00,
    0x00,0x00,0x00,0x00,0x00,0x00,0x00,0x00,0x00,0x00,0x00,0x00,0x00,0x00,0x00,0x00,0x00,0x00,0x00,0x00,0x00,0x00,0x00,0x00,0x00,0x00,0x00,0x00,0x00,0x00,0x00,0x00,0x00,0x00,0x00,0x00,0x00,0x00,0x00,0x00,0x00,0x00,0x00,0x00,0x00,0x00,0x00,0x00,0x00,0x00,0x00,0x00,0x00,0x00,0x00,0x00,0x00,0x00,0x00,0x00,0x00,0x00,0x00,0x00,0x00,0x00,0x00,0x00,0x00,0x00,0x00,0x00,0x00,0x00,0x00,0x00,0x00,0x00,0x00,0x00,0x00,0x00,0x00,0x00,0x00,0x00,0x00,0x00,0x00,0x00,0x00,0x00,0x00,0x00,0x00,0x00,0x00,0x00,0x00,0x00,0x00,0x00,0x00,0x00,0x00,0x00,0x00,0x00,0x00,0x00,0x00,0x00,0x00,0x00,0x00,0x00,0x00,0x00,0x00,0x00,0x00,0x00,0x00,0x00,0x00,0x00,0x00,0x00,0x00,0x00,0x00,0x00,0x00,0x00,0x00,0x00,0x00,0x00,0x00,0x00,0x00,0x00,0x00,0x00,
    0x00,0x00,0x00,0x00,0x00,0x00,0x00,0x00,0x00,0x00,0x00,0x00,0x00,0x00,0x00,0x00,0x00,0x00,0x00,0x00,0x00,0x00,0x00,0x00,0x00,0x00,0x00,0x00,0x00,0x00,0x00,0x00,0x00,0x00,0x00,0x00,0x00,0x00,0x00,0x00,0x00,0x00,0x00,0x00,0x00,0x00,0x00,0x00,0x00,0x00,0x00,0x00,0x00,0x00,0x00,0x00,0x00,0x00,0x00,0x00,0x00,0x00,0x00,0x00,0x00,0x00,0x00,0x00,0x00,0x00,0x00,0x00,0x00,0x00,0x00,0x00,0x00,0x00,0x00,0x00,0x00,0x00,0x00,0x00,0x00,0x00,0x00,0x00,0x00,0x00,0x00,0x00,0x00,0x00,0x00,0x00,0x00,0x00,0x00,0x00,0x00,0x00,0x00,0x00,0x00,0x00,0x00,0x00,0x00,0x00,0x00,0x00,0x00,0x00,0x00,0x00,0x00,0x00,0x00,0x00,0x00,0x00,0x00,0x00,0x00,0x00,0x00,0x00,0x00,0x00,0x00,0x00,0x00,0x00,0x00,0x00,0x00,0x00,0x00,0x00,0x00,0x00,0x00,0x00,
    0x00,0x00,0x00,0x00,0x00,0x00,0x00,0x00,0x00,0x00,0x00,0x00,0x00,0x00,0x00,0x00,0x00,0x00,0x00,0x00,0x00,0x00,0x00,0x00,0x00,0x00,0x00,0x00,0x00,0x00,0x00,0x00,0x00,0x00,0x00,0x00,0x00,0x00,0x00,0x00,0x00,0x00,0x00,0x00,0x00,0x00,0x00,0x00,0x00,0x00,0x00,0x00,0x00,0x00,0x00,0x00,0x00,0x00,0x00,0x00,0x00,0x00,0x00,0x00,0x00,0x00,0x00,0x00,0x00,0x00,0x00,0x00,0x00,0x00,0x00,0x00,0x00,0x00,0x00,0x00,0x00,0x00,0x00,0x00,0x00,0x00,0x00,0x00,0x00,0x00,0x00,0x00,0x00,0x00,0x00,0x00,0x00,0x00,0x00,0x00,0x00,0x00,0x00,0x00,0x00,0x00,0x00,0x00,0x00,0x00,0x00,0x00,0x00,0x00,0x00,0x00,0x00,0x00,0x00,0x00,0x00,0x00,0x00,0x00,0x00,0x00,0x00,0x00,0x00,0x00,0x00,0x00,0x00,0x00,0x00,0x00,0x00,0x00,0x00,0x00,0x00,0x00,0x00,0x00,
    0x00,0x00,0x00,0x00,0x00,0x00,0x00,0x00,0x00,0x00,0x00,0x00,0x00,0x00,0x00,0x00,0x00,0x00,0x00,0x00,0x00,0x00,0x00,0x00,0x00,0x00,0x00,0x00,0x00,0x00,0x00,0x00,0x00,0x00,0x00,0x00,0x00,0x00,0x00,0x00,0x00,0x00,0x00,0x00,0x00,0x00,0x00,0x00,0x00,0x00,0x00,0x00,0x00,0x00,0x00,0x00,0x00,0x00,0x00,0x00,0x00,0x00,0x00,0x00,0x00,0x00,0x00,0x00,0x00,0x00,0x00,0x00,0x00,0x00,0x00,0x00,0x00,0x00,0x00,0x00,0x00,0x00,0x00,0x00,0x00,0x00,0x00,0x00,0x00,0x00,0x00,0x00,0x00,0x00,0x00,0x00,0x00,0x00,0x00,0x00,0x00,0x00,0x00,0x00,0x00,0x00,0x00,0x00,0x00,0x00,0x00,0x00,0x00,0x00,0x00,0x00,0x00,0x00,0x00,0x00,0x00,0x00,0x00,0x00,0x00,0x00,0x00,0x00,0x00,0x00,0x00,0x00,0x00,0x00,0x00,0x00,0x00,0x00,0x00,0x00,0x00,0x00,0x00,0x00,
    0x00,0x00,0x00,0x00,0x00,0x00,0x00,0x00,0x00,0x00,0x00,0x00,0x00,0x00,0x00,0x00,0x00,0x00,0x00,0x00,0x00,0x00,0x00,0x00,0x00,0x00,0x00,0x00,0x00,0x00,0x00,0x00,0x00,0x00,0x00,0x00,0x00,0x00,0x00,0x00,0x00,0x00,0x00,0x00,0x00,0x00,0x00,0x00,0x00,0x00,0x00,0x00,0x00,0x00,0x00,0x00,0x00,0x00,0x00,0x00,0x00,0x00,0x00,0x00,0x00,0x00,0x00,0x00,0x00,0x00,0x00,0x00,0x00,0x00,0x00,0x00,0x00,0x00,0x00,0x00,0x00,0x00,0x00,0x00,0x00,0x00,0x00,0x00,0x00,0x00,0x00,0x00,0x00,0x00,0x00,0x00,0x00,0x00,0x00,0x00,0x00,0x00,0x00,0x00,0x00,0x00,0x00,0x00,0x00,0x00,0x00,0x00,0x00,0x00,0x00,0x00,0x00,0x00,0x00,0x00,0x00,0x00,0x00,0x00,0x00,0x00,0x00,0x00,0x00,0x00,0x00,0x00,0x00,0x00,0x00,0x00,0x00,0x00,0x00,0x00,0x00,0x00,0x00,0x00,
    0x00,0x00,0x00,0x00,0x00,0x00,0x00,0x00,0x00,0x00,0x00,0x00,0x00,0x00,0x00,0x00,0x00,0x00,0x00,0x00,0x00,0x00,0x00,0x00,0x00,0x00,0x00,0x00,0x00,0x00,0x00,0x00,0x00,0x00,0x00,0x00,0x00,0x00,0x00,0x00,0x00,0x00,0x00,0x00,0x00,0x00,0x00,0x00,0x00,0x00,0x00,0x00,0x00,0x00,0x00,0x00,0x00,0x00,0x00,0x00,0x00,0x00,0x00,0x00,0x00,0x00,0x00,0x00,0x00,0x00,0x00,0x00,0x00,0x00,0x00,0x00,0x00,0x00,0x00,0x00,0x00,0x00,0x00,0x00,0x00,0x00,0x00,0x00,0x00,0x00,0x00,0x00,0x00,0x00,0x00,0x00,0x00,0x00,0x00,0x00,0x00,0x00,0x00,0x00,0x00,0x00,0x00,0x00,0x00,0x00,0x00,0x00,0x00,0x00,0x00,0x00,0x00,0x00,0x00,0x00,0x00,0x00,0x00,0x00,0x00,0x00,0x00,0x00,0x00,0x00,0x00,0x00,0x00,0x00,0x00,0x00,0x00,0x00,0x00,0x00,0x00,0x00,0x00,0x00,
    0x00,0x00,0x00,0x00,0x00,0x00,0x00,0x00,0x00,0x00,0x00,0x00,0x00,0x00,0x00,0x00,0x00,0x00,0x00,0x00,0x00,0x00,0x00,0x00,0x00,0x00,0x00,0x00,0x00,0x00,0x00,0x00,0x00,0x00,0x00,0x00,0x00,0x00,0x00,0x00,0x00,0x00,0x00,0x00,0x00,0x00,0x00,0x00,0x00,0x00,0x00,0x00,0x00,0x00,0x00,0x00,0x00,0x00,0x00,0x00,0x00,0x00,0x00,0x00,0x00,0x00,0x00,0x00,0x00,0x00,0x00,0x00,0x00,0x00,0x00,0x00,0x00,0x00,0x00,0x00,0x00,0x00,0x00,0x00,0x00,0x00,0x00,0x00,0x00,0x00,0x00,0x00,0x00,0x00,0x00,0x00,0x00,0x00,0x00,0x00,0x00,0x00,0x00,0x00,0x00,0x00,0x00,0x00,0x00,0x00,0x00,0x00,0x00,0x00,0x00,0x00,0x00,0x00,0x00,0x00,0x00,0x00,0x00,0x00,0x00,0x00,0x00,0x00,0x00,0x00,0x00,0x00,0x00,0x00,0x00,0x00,0x00,0x00,0x00,0x00,0x00,0x00,0x00,0x00,
    0x00,0x00,0x00,0x00,0x00,0x00,0x00,0x00,0x00,0x00,0x00,0x00,0x00,0x00,0x00,0x00,0x00,0x00,0x00,0x00,0x00,0x00,0x00,0x00,0x00,0x00,0x00,0x00,0x00,0x00,0x00,0x00,0x00,0x00,0x00,0x00,0x00,0x00,0x00,0x00,0x00,0x00,0x00,0x00,0x00,0x00,0x00,0x00,0x00,0x00,0x00,0x00,0x00,0x00,0x00,0x00,0x00,0x00,0x00,0x00,0x00,0x00,0x00,0x00,0x00,0x00,0x00,0x00,0x00,0x00,0x00,0x00,0x00,0x00,0x00,0x00,0x00,0x00,0x00,0x00,0x00,0x00,0x00,0x00,0x00,0x00,0x00,0x00,0x00,0x00,0x00,0x00,0x00,0x00,0x00,0x00,0x00,0x00,0x00,0x00,0x00,0x00,0x00,0x00,0x00,0x00,0x00,0x00,0x00,0x00,0x00,0x00,0x00,0x00,0x00,0x00,0x00,0x00,0x00,0x00,0x00,0x00,0x00,0x00,0x00,0x00,0x00,0x00,0x00,0x00,0x00,0x00,0x00,0x00,0x00,0x00,0x00,0x00,0x00,0x00,0x00,0x00,0x00,0x00,
    0x00,0x00,0x00,0x00,0x00,0x00,0x00,0x00,0x00,0x00,0x00,0x00,0x00,0x00,0x00,0x00,0x00,0x00,0x00,0x00,0x00,0x00,0x00,0x00,0x00,0x00,0x00,0x00,0x00,0x00,0x00,0x00,0x00,0x00,0x00,0x00,0x00,0x00,0x00,0x00,0x00,0x00,0x00,0x00,0x00,0x00,0x00,0x00,0x00,0x00,0x00,0x00,0x00,0x00,0x00,0x00,0x00,0x00,0x00,0x00,0x00,0x00,0x00,0x00,0x00,0x00,0x00,0x00,0x00,0x00,0x00,0x00,0x00,0x00,0x00,0x00,0x00,0x00,0x00,0x00,0x00,0x00,0x00,0x00,0x00,0x00,0x00,0x00,0x00,0x00,0x00,0x00,0x00,0x00,0x00,0x00,0x00,0x00,0x00,0x00,0x00,0x00,0x00,0x00,0x00,0x00,0x00,0x00,0x00,0x00,0x00,0x00,0x00,0x00,0x00,0x00,0x00,0x00,0x00,0x00,0x00,0x00,0x00,0x00,0x00,0x00,0x00,0x00,0x00,0x00,0x00,0x00,0x00,0x00,0x00,0x00,0x00,0x00,0x00,0x00,0x00,0x00,0x00,0x00,
    0x00,0x00,0x00,0x00,0x00,0x00,0x00,0x00,0x00,0x00,0x00,0x00,0x00,0x00,0x00,0x00,0x00,0x00,0x00,0x00,0x00,0x00,0x00,0x00,0x00,0x00,0x00,0x00,0x00,0x00,0x00,0x00,0x00,0x00,0x00,0x00,0x00,0x00,0x00,0x00,0x00,0x00,0x00,0x00,0x00,0x00,0x00,0x00,0x00,0x00,0x00,0x00,0x00,0x00,0x00,0x00,0x00,0x00,0x00,0x00,0x00,0x00,0x00,0x00,0x00,0x00,0x00,0x00,0x00,0x00,0x00,0x00,0x00,0x00,0x00,0x00,0x00,0x00,0x00,0x00,0x00,0x00,0x00,0x00,0x00,0x00,0x00,0x00,0x00,0x00,0x00,0x00,0x00,0x00,0x00,0x00,0x00,0x00,0x00,0x00,0x00,0x00,0x00,0x00,0x00,0x00,0x00,0x00,0x00,0x00,0x00,0x00,0x00,0x00,0x00,0x00,0x00,0x00,0x00,0x00,0x00,0x00,0x00,0x00,0x00,0x00,0x00,0x00,0x00,0x00,0x00,0x00,0x00,0x00,0x00,0x00,0x00,0x00,0x00,0x00,0x00,0x00,0x00,0x00,
    0x00,0x00,0x00,0x00,0x00,0x00,0x00,0x00,0x00,0x00,0x00,0x00,0x00,0x00,0x00,0x00,0x00,0x00,0x00,0x00,0x00,0x00,0x00,0x00,0x00,0x00,0x00,0x00,0x00,0x00,0x00,0x00,0x00,0x00,0x00,0x00,0x00,0x00,0x00,0x00,0x00,0x00,0x00,0x00,0x00,0x00,0x00,0x00,0x00,0x00,0x00,0x00,0x00,0x00,0x00,0x00,0x00,0x00,0x00,0x00,0x00,0x00,0x00,0x00,0x00,0x00,0x00,0x00,0x00,0x00,0x00,0x00,0x00,0x00,0x00,0x00,0x00,0x00,0x00,0x00,0x00,0x00,0x00,0x00,0x00,0x00,0x00,0x00,0x00,0x00,0x00,0x00,0x00,0x00,0x00,0x00,0x00,0x00,0x00,0x00,0x00,0x00,0x00,0x00,0x00,0x00,0x00,0x00,0x00,0x00,0x00,0x00,0x00,0x00,0x00,0x00,0x00,0x00,0x00,0x00,0x00,0x00,0x00,0x00,0x00,0x00,0x00,0x00,0x00,0x00,0x00,0x00,0x00,0x00,0x00,0x00,0x00,0x00,0x00,0x00,0x00,0x00,0x00,0x00,
    0x00,0x00,0x00,0x00,0x00,0x00,0x00,0x00,0x00,0x00,0x00,0x00,0x00,0x00,0x00,0x00,0x00,0x00,0x00,0x00,0x00,0x00,0x00,0x00,0x00,0x00,0x00,0x00,0x00,0x00,0x00,0x00,0x00,0x00,0x00,0x00,0x00,0x00,0x00,0x00,0x00,0x00,0x00,0x00,0x00,0x00,0x00,0x00,0x00,0x00,0x00,0x00,0x00,0x00,0x00,0x00,0x00,0x00,0x00,0x00,0x00,0x00,0x00,0x00,0x00,0x00,0x00,0x00,0x00,0x00,0x00,0x00,0x00,0x00,0x00,0x00,0x00,0x00,0x00,0x00,0x00,0x00,0x00,0x00,0x00,0x00,0x00,0x00,0x00,0x00,0x00,0x00,0x00,0x00,0x00,0x00,0x00,0x00,0x00,0x00,0x00,0x00,0x00,0x00,0x00,0x00,0x00,0x00,0x00,0x00,0x00,0x00,0x00,0x00,0x00,0x00,0x00,0x00,0x00,0x00,0x00,0x00,0x00,0x00,0x00,0x00,0x00,0x00,0x00,0x00,0x00,0x00,0x00,0x00,0x00,0x00,0x00,0x00,0x00,0x00,0x00,0x00,0x00,0x00,
    0x00,0x00,0x00,0x00,0x00,0x00,0x00,0x00,0x00,0x00,0x00,0x00,0x00,0x00,0x00,0x00,0x00,0x00,0x00,0x00,0x00,0x00,0x00,0x00,0x00,0x00,0x00,0x00,0x00,0x00,0x00,0x00,0x00,0x00,0x00,0x00,0x00,0x00,0x00,0x00,0x00,0x00,0x00,0x00,0x00,0x00,0x00,0x00,0x00,0x00,0x00,0x00,0x00,0x00,0x00,0x00,0x00,0x00,0x00,0x00,0x00,0x00,0x00,0x00,0x00,0x00,0x00,0x00,0x00,0x00,0x00,0x00,0x00,0x00,0x00,0x00,0x00,0x00,0x00,0x00,0x00,0x00,0x00,0x00,0x00,0x00,0x00,0x00,0x00,0x00,0x00,0x00,0x00,0x00,0x00,0x00,0x00,0x00,0x00,0x00,0x00,0x00,0x00,0x00,0x00,0x00,0x00,0x00,0x00,0x00,0x00,0x00,0x00,0x00,0x00,0x00,0x00,0x00,0x00,0x00,0x00,0x00,0x00,0x00,0x00,0x00,0x00,0x00,0x00,0x00,0x00,0x00,0x00,0x00,0x00,0x00,0x00,0x00,0x00,0x00,0x00,0x00,0x00,0x00,
    0x00,0x00,0x00,0x00,0x00,0x00,0x00,0x00,0x00,0x00,0x00,0x00,0x00,0x00,0x00,0x00,0x00,0x00,0x00,0x00,0x00,0x00,0x00,0x00,0x00,0x00,0x00,0x00,0x00,0x00,0x00,0x00,0x00,0x00,0x00,0x00,0x00,0x00,0x00,0x00,0x00,0x00,0x00,0x00,0x00,0x00,0x00,0x00,0x00,0x00,0x00,0x00,0x00,0x00,0x00,0x00,0x00,0x00,0x00,0x00,0x00,0x00,0x00,0x00,0x00,0x00,0x00,0x00,0x00,0x00,0x00,0x00,0x00,0x00,0x00,0x00,0x00,0x00,0x00,0x00,0x00,0x00,0x00,0x00,0x00,0x00,0x00,0x00,0x00,0x00,0x00,0x00,0x00,0x00,0x00,0x00,0x00,0x00,0x00,0x00,0x00,0x00,0x00,0x00,0x00,0x00,0x00,0x00,0x00,0x00,0x00,0x00,0x00,0x00,0x00,0x00,0x00,0x00,0x00,0x00,0x00,0x00,0x00,0x00,0x00,0x00,0x00,0x00,0x00,0x00,0x00,0x00,0x00,0x00,0x00,0x00,0x00,0x00,0x00,0x00,0x00,0x00,0x00,0x00,
    0x00,0x00,0x00,0x00,0x00,0x00,0x00,0x00,0x00,0x00,0x00,0x00,0x00,0x00,0x00,0x00,0x00,0x00,0x00,0x00,0x00,0x00,0x00,0x00,0x00,0x00,0x00,0x00,0x00,0x00,0x00,0x00,0x00,0x00,0x00,0x00,0x00,0x00,0x00,0x00,0x00,0x00,0x00,0x00,0x00,0x00,0x00,0x00,0x00,0x00,0x00,0x00,0x00,0x00,0x00,0x00,0x00,0x00,0x00,0x00,0x00,0x00,0x00,0x00,0x00,0x00,0x00,0x00,0x00,0x00,0x00,0x00,0x00,0x00,0x00,0x00,0x00,0x00,0x00,0x00,0x00,0x00,0x00,0x00,0x00,0x00,0x00,0x00,0x00,0x00,0x00,0x00,0x00,0x00,0x00,0x00,0x00,0x00,0x00,0x00,0x00,0x00,0x00,0x00,0x00,0x00,0x00,0x00,0x00,0x00,0x00,0x00,0x00,0x00,0x00,0x00,0x00,0x00,0x00,0x00,0x00,0x00,0x00,0x00,0x00,0x00,0x00,0x00,0x00,0x00,0x00,0x00,0x00,0x00,0x00,0x00,0x00,0x00,0x00,0x00,0x00,0x00,0x00,0x00,
    0x00,0x00,0x00,0x00,0x00,0x00,0x00,0x00,0x00,0x00,0x00,0x00,0x00,0x00,0x00,0x00,0x00,0x00,0x00,0x00,0x00,0x00,0x00,0x00,0x00,0x00,0x00,0x00,0x00,0x00,0x00,0x00,0x00,0x00,0x00,0x00,0x00,0x00,0x00,0x00,0x00,0x00,0x00,0x00,0x00,0x00,0x00,0x00,0x00,0x00,0x00,0x00,0x00,0x00,0x00,0x00,0x00,0x00,0x00,0x00,0x00,0x00,0x00,0x00,0x00,0x00,0x00,0x00,0x00,0x00,0x00,0x00,0x00,0x00,0x00,0x00,0x00,0x00,0x00,0x00,0x00,0x00,0x00,0x00,0x00,0x00,0x00,0x00,0x00,0x00,0x00,0x00,0x00,0x00,0x00,0x00,0x00,0x00,0x00,0x00,0x00,0x00,0x00,0x00,0x00,0x00,0x00,0x00,0x00,0x00,0x00,0x00,0x00,0x00,0x00,0x00,0x00,0x00,0x00,0x00,0x00,0x00,0x00,0x00,0x00,0x00,0x00,0x00,0x00,0x00,0x00,0x00,0x00,0x00,0x00,0x00,0x00,0x00,0x00,0x00,0x00,0x00,0x00,0x00,
    0x00,0x00,0x00,0x00,0x00,0x00,0x00,0x00,0x00,0x00,0x00,0x00,0x00,0x00,0x00,0x00,0x00,0x00,0x00,0x00,0x00,0x00,0x00,0x00,0x00,0x00,0x00,0x00,0x00,0x00,0x00,0x00,0x00,0x00,0x00,0x00,0x00,0x00,0x00,0x00,0x00,0x00,0x00,0x00,0x00,0x00,0x00,0x00,0x00,0x00,0x00,0x00,0x00,0x00,0x00,0x00,0x00,0x00,0x00,0x00,0x00,0x00,0x00,0x00,0x00,0x00,0x00,0x00,0x00,0x00,0x00,0x00,0x00,0x00,0x00,0x00,0x00,0x00,0x00,0x00,0x00,0x00,0x00,0x00,0x00,0x00,0x00,0x00,0x00,0x00,0x00,0x00,0x00,0x00,0x00,0x00,0x00,0x00,0x00,0x00,0x00,0x00,0x00,0x00,0x00,0x00,0x00,0x00,0x00,0x00,0x00,0x00,0x00,0x00,0x00,0x00,0x00,0x00,0x00,0x00,0x00,0x00,0x00,0x00,0x00,0x00,0x00,0x00,0x00,0x00,0x00,0x00,0x00,0x00,0x00,0x00,0x00,0x00,0x00,0x00,0x00,0x00,0x00,0x00,
    0x00,0x00,0x00,0x00,0x00,0x00,0x00,0x00,0x00,0x00,0x00,0x00,0x00,0x00,0x00,0x00,0x00,0x00,0x00,0x00,0x00,0x00,0x00,0x00,0x00,0x00,0x00,0x00,0x00,0x00,0x00,0x00,0x00,0x00,0x00,0x00,0x00,0x00,0x00,0x00,0x00,0x00,0x00,0x00,0x00,0x00,0x00,0x00,0x00,0x00,0x00,0x00,0x00,0x00,0x00,0x03,0x02,0x00,0x00,0x00,0x00,0x00,0x00,0x00,0x00,0x00,0x00,0x00,0x00,0x00,0x00,0x00,0x00,0x00,0x00,0x00,0x00,0x00,0x00,0x00,0x00,0x00,0x00,0x00,0x00,0x00,0x00,0x00,0x00,0x00,0x00,0x00,0x00,0x00,0x00,0x00,0x00,0x00,0x00,0x00,0x00,0x00,0x00,0x00,0x00,0x00,0x00,0x00,0x00,0x00,0x00,0x00,0x00,0x00,0x00,0x00,0x00,0x00,0x00,0x00,0x00,0x00,0x00,0x00,0x00,0x00,0x00,0x00,0x00,0x00,0x00,0x00,0x00,0x00,0x00,0x00,0x00,0x00,0x00,0x00,0x00,0x00,0x00,0x00,
    0x00,0x00,0x00,0x00,0x00,0x00,0x00,0x00,0x00,0x00,0x00,0x00,0x00,0x00,0x00,0x00,0x00,0x00,0x00,0x00,0x00,0x00,0x00,0x00,0x00,0x00,0x00,0x00,0x00,0x00,0x00,0x00,0x00,0x00,0x00,0x00,0x00,0x00,0x00,0x00,0x00,0x00,0x00,0x00,0x00,0x00,0x00,0x00,0x00,0x00,0x00,0x00,0x00,0x00,0x02,0x00,0x00,0x00,0x00,0x00,0x00,0x00,0x00,0x00,0x00,0x00,0x00,0x00,0x00,0x00,0x00,0x00,0x00,0x00,0x00,0x00,0x00,0x00,0x00,0x00,0x00,0x00,0x00,0x00,0x00,0x00,0x00,0x00,0x00,0x00,0x00,0x00,0x00,0x00,0x00,0x00,0x00,0x00,0x00,0x00,0x00,0x00,0x00,0x00,0x00,0x00,0x00,0x00,0x00,0x00,0x00,0x00,0x00,0x00,0x00,0x00,0x00,0x00,0x00,0x00,0x00,0x00,0x00,0x00,0x00,0x00,0x00,0x00,0x00,0x00,0x00,0x00,0x00,0x00,0x00,0x00,0x00,0x00,0x00,0x00,0x00,0x00,0x00,0x00,
    0x00,0x00,0x00,0x00,0x00,0x00,0x00,0x00,0x00,0x00,0x00,0x00,0x00,0x00,0x00,0x00,0x00,0x00,0x00,0x00,0x00,0x00,0x00,0x00,0x00,0x00,0x00,0x00,0x00,0x00,0x00,0x00,0x00,0x00,0x00,0x00,0x00,0x00,0x00,0x00,0x00,0x00,0x00,0x00,0x00,0x00,0x00,0x00,0x00,0x00,0x00,0x00,0x00,0x02,0x00,0x24,0x13,0x1e,0x03,0x00,0x00,0x00,0x00,0x00,0x00,0x00,0x00,0x00,0x00,0x00,0x00,0x00,0x00,0x00,0x00,0x00,0x00,0x00,0x00,0x00,0x00,0x00,0x00,0x00,0x00,0x00,0x00,0x00,0x00,0x00,0x00,0x00,0x00,0x00,0x00,0x00,0x00,0x00,0x00,0x00,0x00,0x00,0x00,0x00,0x00,0x00,0x00,0x00,0x00,0x00,0x00,0x00,0x00,0x00,0x00,0x00,0x00,0x00,0x00,0x00,0x00,0x00,0x00,0x00,0x00,0x00,0x00,0x00,0x00,0x00,0x00,0x00,0x00,0x00,0x00,0x00,0x00,0x00,0x00,0x00,0x00,0x00,0x00,0x00,
    0x00,0x00,0x00,0x00,0x00,0x00,0x00,0x00,0x00,0x00,0x00,0x00,0x00,0x00,0x00,0x00,0x00,0x00,0x00,0x00,0x00,0x00,0x00,0x00,0x00,0x00,0x00,0x00,0x00,0x00,0x00,0x00,0x00,0x00,0x00,0x00,0x00,0x00,0x00,0x00,0x00,0x00,0x00,0x00,0x00,0x00,0x00,0x00,0x00,0x00,0x00,0x00,0x02,0x00,0x23,0x11,0x13,0x04,0x04,0x00,0x00,0x00,0x00,0x00,0x00,0x00,0x00,0x00,0x00,0x00,0x00,0x00,0x00,0x00,0x00,0x00,0x00,0x00,0x00,0x00,0x00,0x00,0x00,0x00,0x00,0x00,0x00,0x00,0x00,0x00,0x00,0x00,0x00,0x00,0x00,0x00,0x00,0x00,0x00,0x00,0x00,0x00,0x00,0x00,0x00,0x00,0x00,0x00,0x00,0x00,0x00,0x00,0x00,0x00,0x00,0x00,0x00,0x00,0x00,0x00,0x00,0x00,0x00,0x00,0x00,0x00,0x00,0x00,0x00,0x00,0x00,0x00,0x00,0x00,0x00,0x00,0x00,0x00,0x00,0x00,0x00,0x00,0x00,0x00,
    0x00,0x00,0x00,0x00,0x00,0x00,0x00,0x00,0x00,0x00,0x00,0x00,0x00,0x00,0x00,0x00,0x00,0x00,0x00,0x00,0x00,0x00,0x00,0x00,0x00,0x00,0x00,0x00,0x00,0x00,0x00,0x00,0x00,0x00,0x00,0x00,0x00,0x00,0x00,0x00,0x00,0x00,0x00,0x00,0x00,0x00,0x00,0x00,0x00,0x00,0x00,0x02,0x00,0x13,0x8e,0x19,0x00,0x04,0x00,0x00,0x00,0x00,0x00,0x00,0x00,0x00,0x00,0x00,0x00,0x00,0x00,0x00,0x00,0x00,0x00,0x00,0x00,0x00,0x00,0x00,0x00,0x00,0x00,0x00,0x00,0x00,0x00,0x00,0x00,0x00,0x00,0x00,0x00,0x00,0x00,0x00,0x00,0x00,0x00,0x00,0x00,0x00,0x00,0x00,0x00,0x00,0x00,0x00,0x00,0x00,0x00,0x00,0x00,0x00,0x00,0x00,0x00,0x00,0x00,0x00,0x00,0x00,0x00,0x00,0x00,0x00,0x00,0x00,0x00,0x00,0x00,0x00,0x00,0x00,0x00,0x00,0x00,0x00,0x00,0x00,0x00,0x00,0x00,0x00,
    0x00,0x00,0x00,0x00,0x00,0x00,0x00,0x00,0x00,0x00,0x00,0x00,0x00,0x00,0x00,0x00,0x00,0x00,0x00,0x00,0x00,0x00,0x00,0x00,0x00,0x00,0x00,0x00,0x00,0x00,0x00,0x00,0x00,0x00,0x00,0x00,0x00,0x00,0x00,0x00,0x00,0x00,0x00,0x00,0x00,0x00,0x00,0x00,0x00,0x00,0x02,0x04,0x22,0x99,0x4d,0x1e,0x02,0x03,0x00,0x00,0x00,0x00,0x00,0x00,0x00,0x00,0x00,0x00,0x00,0x00,0x00,0x00,0x00,0x00,0x00,0x00,0x00,0x00,0x00,0x00,0x00,0x00,0x00,0x00,0x00,0x00,0x00,0x00,0x00,0x00,0x00,0x00,0x00,0x00,0x00,0x00,0x00,0x00,0x00,0x00,0x00,0x00,0x00,0x00,0x00,0x00,0x00,0x00,0x00,0x00,0x00,0x00,0x00,0x00,0x00,0x00,0x00,0x00,0x00,0x00,0x00,0x00,0x00,0x00,0x00,0x00,0x00,0x00,0x00,0x00,0x00,0x00,0x00,0x00,0x00,0x00,0x00,0x00,0x00,0x00,0x00,0x00,0x00,0x00,
    0x00,0x00,0x00,0x00,0x00,0x00,0x00,0x00,0x00,0x00,0x00,0x00,0x00,0x00,0x00,0x00,0x00,0x00,0x00,0x00,0x00,0x00,0x00,0x00,0x00,0x00,0x00,0x00,0x00,0x00,0x00,0x00,0x00,0x00,0x00,0x00,0x00,0x00,0x00,0x00,0x00,0x00,0x00,0x00,0x00,0x00,0x00,0x00,0x00,0x00,0x02,0x00,0x2e,0x8e,0x15,0x00,0x02,0x00,0x00,0x00,0x00,0x00,0x00,0x00,0x00,0x00,0x00,0x00,0x00,0x00,0x00,0x00,0x00,0x00,0x00,0x00,0x00,0x00,0x00,0x00,0x00,0x00,0x00,0x00,0x00,0x00,0x00,0x00,0x00,0x00,0x00,0x00,0x00,0x00,0x00,0x00,0x00,0x00,0x00,0x00,0x00,0x00,0x00,0x00,0x00,0x00,0x00,0x00,0x00,0x00,0x00,0x00,0x00,0x00,0x00,0x00,0x00,0x00,0x00,0x00,0x00,0x00,0x00,0x00,0x00,0x00,0x00,0x00,0x00,0x00,0x00,0x00,0x00,0x00,0x00,0x00,0x00,0x00,0x00,0x00,0x00,0x00,0x00,0x00,
    0x00,0x00,0x00,0x00,0x00,0x00,0x00,0x00,0x00,0x00,0x00,0x00,0x00,0x00,0x00,0x00,0x00,0x00,0x00,0x00,0x00,0x00,0x00,0x00,0x00,0x00,0x00,0x00,0x00,0x00,0x00,0x00,0x00,0x00,0x00,0x00,0x00,0x00,0x00,0x00,0x00,0x00,0x00,0x00,0x00,0x00,0x00,0x00,0x00,0x04,0x00,0x16,0x18,0x90,0x15,0x03,0x04,0x00,0x00,0x00,0x00,0x00,0x00,0x03,0x03,0x02,0x02,0x02,0x04,0x02,0x02,0x02,0x02,0x04,0x04,0x02,0x02,0x04,0x03,0x00,0x00,0x00,0x00,0x00,0x00,0x00,0x00,0x00,0x00,0x00,0x00,0x00,0x00,0x00,0x00,0x00,0x00,0x00,0x00,0x00,0x00,0x00,0x00,0x00,0x00,0x00,0x00,0x00,0x00,0x00,0x00,0x00,0x00,0x00,0x00,0x00,0x00,0x00,0x00,0x00,0x00,0x00,0x00,0x00,0x00,0x00,0x00,0x00,0x00,0x00,0x00,0x00,0x00,0x00,0x00,0x00,0x00,0x00,0x00,0x00,0x00,0x00,0x00,0x00,
    0x00,0x00,0x00,0x00,0x00,0x00,0x00,0x00,0x00,0x00,0x00,0x00,0x00,0x00,0x00,0x00,0x00,0x00,0x00,0x00,0x00,0x00,0x00,0x00,0x00,0x00,0x00,0x00,0x00,0x00,0x00,0x00,0x00,0x00,0x00,0x00,0x00,0x00,0x00,0x00,0x00,0x00,0x00,0x00,0x00,0x00,0x00,0x00,0x00,0x02,0x00,0x19,0x90,0x18,0x18,0x1d,0x00,0x04,0x00,0x00,0x00,0x04,0x02,0x00,0x00,0x00,0x00,0x00,0x00,0x00,0x00,0x00,0x00,0x00,0x00,0x00,0x00,0x00,0x00,0x02,0x02,0x03,0x00,0x00,0x00,0x00,0x00,0x00,0x00,0x00,0x00,0x00,0x00,0x00,0x00,0x00,0x00,0x00,0x00,0x00,0x00,0x00,0x00,0x00,0x00,0x00,0x00,0x00,0x00,0x00,0x00,0x00,0x00,0x00,0x00,0x00,0x00,0x00,0x00,0x00,0x00,0x00,0x00,0x00,0x00,0x00,0x00,0x00,0x00,0x00,0x00,0x00,0x00,0x00,0x00,0x00,0x00,0x00,0x00,0x00,0x00,0x00,0x00,0x00,
    0x00,0x00,0x00,0x00,0x00,0x00,0x00,0x00,0x00,0x00,0x00,0x00,0x00,0x00,0x00,0x00,0x00,0x00,0x00,0x00,0x00,0x00,0x00,0x00,0x00,0x00,0x00,0x00,0x00,0x00,0x00,0x00,0x00,0x00,0x00,0x00,0x00,0x00,0x00,0x00,0x00,0x00,0x00,0x00,0x00,0x00,0x00,0x00,0x00,0x02,0x00,0x29,0x06,0x18,0x6c,0x16,0x04,0x04,0x04,0x02,0x00,0x00,0x00,0x05,0x36,0x2a,0x13,0x37,0x20,0x13,0x13,0x13,0x1b,0x30,0x29,0x42,0x1b,0x38,0x2f,0x00,0x00,0x00,0x02,0x04,0x00,0x00,0x00,0x00,0x00,0x00,0x00,0x00,0x00,0x00,0x00,0x00,0x00,0x00,0x00,0x00,0x00,0x00,0x00,0x00,0x00,0x00,0x00,0x00,0x00,0x00,0x00,0x00,0x00,0x00,0x00,0x00,0x00,0x00,0x00,0x00,0x00,0x00,0x00,0x00,0x00,0x00,0x00,0x00,0x00,0x00,0x00,0x00,0x00,0x00,0x00,0x00,0x00,0x00,0x00,0x00,0x00,0x00,0x00,0x00,
    0x00,0x00,0x00,0x00,0x00,0x00,0x00,0x00,0x00,0x00,0x00,0x00,0x00,0x00,0x00,0x00,0x00,0x00,0x00,0x00,0x00,0x00,0x00,0x00,0x00,0x00,0x00,0x00,0x00,0x00,0x00,0x00,0x00,0x00,0x00,0x00,0x00,0x00,0x00,0x00,0x00,0x00,0x00,0x00,0x00,0x00,0x00,0x00,0x00,0x02,0x00,0x35,0x5e,0x07,0xa3,0x21,0x00,0x2f,0x00,0x00,0x00,0x2b,0x19,0x3e,0x34,0xc2,0x80,0x73,0x74,0xa3,0x81,0x81,0x81,0x79,0x66,0x73,0x79,0x25,0x56,0x29,0x2a,0x36,0x00,0x00,0x04,0x04,0x00,0x00,0x00,0x00,0x00,0x00,0x00,0x00,0x00,0x00,0x00,0x00,0x00,0x00,0x00,0x00,0x00,0x00,0x00,0x00,0x00,0x00,0x00,0x00,0x00,0x00,0x00,0x00,0x00,0x00,0x00,0x00,0x00,0x00,0x00,0x00,0x00,0x00,0x00,0x00,0x00,0x00,0x00,0x00,0x00,0x00,0x00,0x00,0x00,0x00,0x00,0x00,0x00,0x00,0x00,0x00,0x00,0x00,
    0x00,0x00,0x00,0x00,0x00,0x00,0x00,0x00,0x00,0x00,0x00,0x00,0x00,0x00,0x00,0x00,0x00,0x00,0x00,0x00,0x00,0x00,0x00,0x00,0x00,0x00,0x00,0x00,0x00,0x00,0x00,0x00,0x00,0x00,0x00,0x00,0x00,0x00,0x00,0x00,0x00,0x00,0x00,0x00,0x00,0x00,0x00,0x00,0x00,0x04,0x00,0x16,0x06,0x07,0x86,0x44,0x16,0x00,0x1d,0x42,0x2c,0xb2,0x81,0x73,0x73,0x06,0x0a,0x07,0x6b,0x78,0x7e,0x7e,0x7e,0x78,0x5d,0x78,0x78,0x67,0x67,0x79,0x67,0x34,0x21,0x16,0x00,0x00,0x04,0x03,0x00,0x00,0x00,0x00,0x00,0x00,0x00,0x00,0x00,0x00,0x00,0x00,0x00,0x00,0x00,0x00,0x00,0x00,0x00,0x00,0x00,0x00,0x00,0x00,0x00,0x00,0x00,0x00,0x00,0x00,0x00,0x00,0x00,0x00,0x00,0x00,0x00,0x00,0x00,0x00,0x00,0x00,0x00,0x00,0x00,0x00,0x00,0x00,0x00,0x00,0x00,0x00,0x00,0x00,0x00,0x00,
    0x00,0x00,0x00,0x00,0x00,0x00,0x00,0x00,0x00,0x00,0x00,0x00,0x00,0x00,0x00,0x00,0x00,0x00,0x00,0x00,0x00,0x00,0x00,0x00,0x00,0x00,0x00,0x00,0x00,0x00,0x00,0x00,0x00,0x00,0x00,0x00,0x00,0x00,0x00,0x00,0x00,0x00,0x00,0x00,0x00,0x00,0x00,0x00,0x00,0x00,0x04,0x03,0x15,0x99,0x06,0x90,0x50,0x54,0x39,0x89,0x74,0x66,0x6b,0x08,0x71,0x71,0x68,0x68,0x7c,0x5b,0x5b,0x5b,0x5b,0x7c,0x5d,0x5b,0x5d,0x78,0x78,0x5b,0x6d,0x79,0x80,0x18,0x15,0x23,0x00,0x00,0x04,0x00,0x00,0x00,0x00,0x00,0x00,0x00,0x00,0x00,0x00,0x00,0x00,0x00,0x00,0x00,0x00,0x00,0x00,0x00,0x00,0x00,0x00,0x00,0x00,0x00,0x00,0x00,0x00,0x00,0x00,0x00,0x00,0x00,0x00,0x00,0x00,0x00,0x00,0x00,0x00,0x00,0x00,0x00,0x00,0x00,0x00,0x00,0x00,0x00,0x00,0x00,0x00,0x00,0x00,0x00,
    0x00,0x00,0x00,0x00,0x00,0x00,0x00,0x00,0x00,0x00,0x00,0x00,0x00,0x00,0x00,0x00,0x00,0x00,0x00,0x00,0x00,0x00,0x00,0x00,0x00,0x00,0x00,0x00,0x00,0x00,0x00,0x00,0x00,0x00,0x00,0x00,0x00,0x00,0x00,0x00,0x00,0x00,0x00,0x00,0x00,0x00,0x00,0x00,0x00,0x00,0x03,0x04,0x36,0x30,0x39,0x9f,0x97,0xb1,0xd7,0x7e,0x78,0x78,0x78,0x5d,0x71,0x66,0x66,0x66,0x69,0x71,0x68,0x66,0x66,0x68,0x68,0x68,0x7c,0x5d,0x5b,0x7c,0x6b,0x6c,0x07,0x59,0x80,0x6c,0x19,0x36,0x00,0x02,0x00,0x00,0x00,0x00,0x00,0x00,0x00,0x00,0x00,0x00,0x00,0x00,0x00,0x00,0x00,0x00,0x00,0x00,0x00,0x00,0x00,0x00,0x00,0x00,0x00,0x00,0x00,0x00,0x00,0x00,0x00,0x00,0x00,0x00,0x00,0x00,0x00,0x00,0x00,0x00,0x00,0x00,0x00,0x00,0x00,0x00,0x00,0x00,0x00,0x00,0x00,0x00,0x00,0x00,
    0x00,0x00,0x00,0x00,0x00,0x00,0x00,0x00,0x00,0x00,0x00,0x00,0x00,0x00,0x00,0x00,0x00,0x00,0x00,0x00,0x00,0x00,0x00,0x00,0x00,0x00,0x00,0x00,0x00,0x00,0x00,0x00,0x00,0x00,0x00,0x00,0x00,0x00,0x00,0x00,0x00,0x00,0x00,0x00,0x00,0x00,0x00,0x00,0x00,0x00,0x03,0x00,0x00,0x45,0x3e,0xb6,0x98,0x0f,0xb1,0x7e,0x7c,0x71,0x6b,0x69,0x77,0x77,0x77,0x77,0x77,0x77,0x77,0x77,0x59,0x63,0x59,0x66,0x62,0x7c,0x5b,0x5d,0x5d,0x5b,0x71,0x5b,0x08,0x71,0x89,0x2c,0x1d,0x00,0x02,0x00,0x00,0x00,0x00,0x00,0x00,0x00,0x00,0x00,0x00,0x00,0x00,0x00,0x00,0x00,0x00,0x00,0x00,0x00,0x00,0x00,0x00,0x00,0x00,0x00,0x00,0x00,0x00,0x00,0x00,0x00,0x00,0x00,0x00,0x00,0x00,0x00,0x00,0x00,0x00,0x00,0x00,0x00,0x00,0x00,0x00,0x00,0x00,0x00,0x00,0x00,0x00,0x00,
    0x00,0x00,0x00,0x00,0x00,0x00,0x00,0x00,0x00,0x00,0x00,0x00,0x00,0x00,0x00,0x00,0x00,0x00,0x00,0x00,0x00,0x00,0x00,0x00,0x00,0x00,0x00,0x00,0x00,0x00,0x00,0x00,0x00,0x00,0x00,0x00,0x00,0x00,0x00,0x00,0x00,0x00,0x00,0x00,0x00,0x00,0x00,0x00,0x00,0x1a,0x00,0x36,0x4c,0xb6,0x73,0x77,0x63,0x69,0x66,0x66,0x63,0x77,0x77,0x77,0x59,0x77,0x77,0x77,0x59,0x63,0x66,0x68,0x7c,0x5b,0x7c,0x5b,0x5b,0x5b,0x5b,0x5d,0x5b,0x71,0x68,0x82,0x71,0x7c,0x08,0x81,0x11,0x2b,0x00,0x02,0x00,0x00,0x00,0x00,0x00,0x00,0x00,0x00,0x00,0x00,0x00,0x00,0x00,0x00,0x00,0x00,0x00,0x00,0x00,0x00,0x00,0x00,0x00,0x00,0x00,0x00,0x00,0x00,0x00,0x00,0x00,0x00,0x00,0x00,0x00,0x00,0x00,0x00,0x00,0x00,0x00,0x00,0x00,0x00,0x00,0x00,0x00,0x00,0x00,0x00,0x00,0x00,
    0x00,0x00,0x00,0x00,0x00,0x00,0x00,0x00,0x00,0x00,0x00,0x00,0x00,0x00,0x00,0x00,0x00,0x00,0x00,0x00,0x00,0x00,0x00,0x00,0x00,0x00,0x00,0x00,0x00,0x00,0x00,0x00,0x00,0x00,0x00,0x00,0x00,0x00,0x00,0x00,0x00,0x00,0x00,0x00,0x00,0x00,0x03,0x02,0x02,0x00,0x43,0x3e,0x08,0x97,0x5d,0x7e,0x5d,0x6b,0x6c,0x63,0x77,0x77,0x59,0x59,0x63,0x82,0x68,0x68,0x71,0x7c,0x7c,0x5b,0x5b,0x7c,0x7c,0x5b,0x5b,0x5b,0x7c,0x71,0x59,0x77,0x77,0x77,0x77,0x59,0x59,0x0a,0x74,0xb2,0x35,0x00,0x02,0x00,0x00,0x00,0x00,0x00,0x00,0x00,0x00,0x00,0x00,0x00,0x00,0x00,0x00,0x00,0x00,0x00,0x00,0x00,0x00,0x00,0x00,0x00,0x00,0x00,0x00,0x00,0x00,0x00,0x00,0x00,0x00,0x00,0x00,0x00,0x00,0x00,0x00,0x00,0x00,0x00,0x00,0x00,0x00,0x00,0x00,0x00,0x00,0x00,0x00,0x00,
    0x00,0x00,0x00,0x00,0x00,0x00,0x00,0x00,0x00,0x00,0x00,0x00,0x00,0x00,0x00,0x00,0x00,0x00,0x00,0x00,0x00,0x00,0x00,0x00,0x00,0x00,0x00,0x00,0x00,0x00,0x00,0x00,0x00,0x00,0x00,0x00,0x00,0x00,0x00,0x00,0x00,0x00,0x00,0x00,0x00,0x02,0x00,0x00,0x00,0x38,0x3e,0x79,0x18,0x5e,0x82,0x6b,0x71,0x71,0x08,0x82,0x63,0x6b,0x66,0x63,0x62,0x5d,0x7c,0x62,0x7c,0x7c,0x68,0x62,0x7c,0x7c,0x5b,0x7c,0x62,0x5b,0x82,0x68,0x69,0x59,0x77,0x59,0x59,0x59,0x59,0x66,0x6b,0x06,0x1c,0x21,0x00,0x04,0x00,0x00,0x00,0x00,0x00,0x00,0x00,0x00,0x00,0x00,0x00,0x00,0x00,0x00,0x00,0x00,0x00,0x00,0x00,0x00,0x00,0x00,0x00,0x00,0x00,0x00,0x00,0x00,0x00,0x00,0x00,0x00,0x00,0x00,0x00,0x00,0x00,0x00,0x00,0x00,0x00,0x00,0x00,0x00,0x00,0x00,0x00,0x00,0x00,0x00,
    0x00,0x00,0x00,0x00,0x00,0x00,0x00,0x00,0x00,0x00,0x00,0x00,0x00,0x00,0x00,0x00,0x00,0x00,0x00,0x00,0x00,0x00,0x00,0x00,0x00,0x00,0x00,0x00,0x00,0x00,0x00,0x00,0x00,0x00,0x00,0x00,0x00,0x00,0x00,0x00,0x00,0x00,0x00,0x03,0x04,0x00,0x1d,0x21,0x20,0x98,0x81,0x08,0x6b,0x69,0x68,0x68,0x62,0x5d,0x5b,0x82,0x68,0x71,0x68,0x69,0x68,0x66,0x63,0x59,0x59,0x69,0x66,0x66,0x68,0x7c,0x5b,0x5d,0x5b,0x71,0x5b,0x5b,0x5b,0x71,0x71,0x59,0x59,0x59,0x77,0x69,0x62,0x6c,0x18,0x90,0x22,0x00,0x02,0x00,0x00,0x00,0x00,0x00,0x00,0x00,0x00,0x00,0x00,0x00,0x00,0x00,0x00,0x00,0x00,0x00,0x00,0x00,0x00,0x00,0x00,0x00,0x00,0x00,0x00,0x00,0x00,0x00,0x00,0x00,0x00,0x00,0x00,0x00,0x00,0x00,0x00,0x00,0x00,0x00,0x00,0x00,0x00,0x00,0x00,0x00,0x00,0x00,
    0x00,0x00,0x00,0x00,0x00,0x00,0x00,0x00,0x00,0x00,0x00,0x00,0x00,0x00,0x00,0x00,0x00,0x00,0x00,0x00,0x00,0x00,0x00,0x00,0x00,0x00,0x00,0x00,0x00,0x00,0x00,0x00,0x00,0x00,0x00,0x00,0x00,0x00,0x00,0x00,0x00,0x00,0x04,0x00,0x00,0x13,0x1c,0xb6,0x25,0x79,0x7e,0x78,0x78,0x5d,0x5b,0x7c,0x62,0x66,0x59,0x77,0x77,0x6c,0x59,0x59,0x66,0x6b,0x63,0x63,0x63,0x59,0x66,0x68,0x7c,0x7c,0x7c,0x5b,0x5b,0x71,0x82,0x0a,0x77,0x69,0x7c,0x63,0x77,0x77,0x77,0x77,0x59,0x59,0x91,0x79,0x34,0x1d,0x04,0x03,0x00,0x00,0x00,0x00,0x00,0x00,0x00,0x00,0x00,0x00,0x00,0x00,0x00,0x00,0x00,0x00,0x00,0x00,0x00,0x00,0x00,0x00,0x00,0x00,0x00,0x00,0x00,0x00,0x00,0x00,0x00,0x00,0x00,0x00,0x00,0x00,0x00,0x00,0x00,0x00,0x00,0x00,0x00,0x00,0x00,0x00,0x00,0x00,
    0x00,0x00,0x00,0x00,0x00,0x00,0x00,0x00,0x00,0x00,0x00,0x00,0x00,0x00,0x00,0x00,0x00,0x00,0x00,0x00,0x00,0x00,0x00,0x00,0x00,0x00,0x00,0x00,0x00,0x00,0x00,0x00,0x00,0x00,0x00,0x00,0x00,0x00,0x00,0x00,0x00,0x02,0x00,0x24,0x2e,0x15,0x2a,0x25,0x06,0x0a,0x63,0x71,0x71,0x71,0x69,0x69,0x63,0x77,0x77,0x77,0x77,0x59,0x59,0x77,0x69,0x66,0x69,0x69,0x59,0x77,0x66,0x62,0x66,0x68,0x71,0x71,0x69,0x82,0x69,0x59,0x77,0x59,0x68,0x66,0x63,0x66,0x68,0x82,0x63,0x0a,0x82,0x82,0x81,0x20,0x01,0x02,0x00,0x00,0x00,0x00,0x00,0x00,0x00,0x00,0x00,0x00,0x00,0x00,0x00,0x00,0x00,0x00,0x00,0x00,0x00,0x00,0x00,0x00,0x00,0x00,0x00,0x00,0x00,0x00,0x00,0x00,0x00,0x00,0x00,0x00,0x00,0x00,0x00,0x00,0x00,0x00,0x00,0x00,0x00,0x00,0x00,0x00,0x00,0x00,
    0x00,0x00,0x00,0x00,0x00,0x00,0x00,0x00,0x00,0x00,0x00,0x00,0x00,0x00,0x00,0x00,0x00,0x00,0x00,0x00,0x00,0x00,0x00,0x00,0x00,0x00,0x00,0x00,0x00,0x00,0x00,0x00,0x00,0x00,0x00,0x00,0x00,0x00,0x00,0x00,0x04,0x00,0x16,0x40,0x2d,0x00,0x19,0x89,0x0a,0x59,0x77,0x77,0x59,0x59,0x77,0x77,0x59,0x59,0x69,0x69,0x68,0x66,0x66,0x63,0x69,0x66,0x66,0x69,0x63,0x77,0x63,0x66,0x66,0x67,0x82,0x71,0x68,0x6b,0x6c,0x59,0x59,0x59,0x6b,0x68,0x69,0x71,0x71,0x71,0x66,0x63,0x77,0x59,0x07,0xd3,0x2b,0x00,0x04,0x00,0x00,0x00,0x00,0x00,0x00,0x00,0x00,0x00,0x00,0x00,0x00,0x00,0x00,0x00,0x00,0x00,0x00,0x00,0x00,0x00,0x00,0x00,0x00,0x00,0x00,0x00,0x00,0x00,0x00,0x00,0x00,0x00,0x00,0x00,0x00,0x00,0x00,0x00,0x00,0x00,0x00,0x00,0x00,0x00,0x00,0x00,
    0x00,0x00,0x00,0x00,0x00,0x00,0x00,0x00,0x00,0x00,0x00,0x00,0x00,0x00,0x00,0x00,0x00,0x00,0x00,0x00,0x00,0x00,0x00,0x00,0x00,0x00,0x00,0x00,0x00,0x00,0x00,0x00,0x00,0x00,0x00,0x00,0x00,0x00,0x00,0x02,0x00,0x13,0x4d,0x22,0x00,0x23,0xa3,0x08,0x5d,0x5d,0x71,0x66,0x59,0x77,0x59,0x59,0x77,0x59,0x63,0x71,0x5d,0x71,0x62,0x66,0x69,0x68,0x69,0x6b,0x59,0x77,0x63,0x82,0x63,0x66,0x63,0x63,0x59,0x63,0x6b,0x66,0x63,0x68,0x71,0x71,0x69,0x5e,0x59,0x77,0x59,0x59,0x59,0x59,0x07,0x73,0x2c,0x1e,0x04,0x03,0x00,0x00,0x00,0x00,0x00,0x00,0x00,0x00,0x00,0x00,0x00,0x00,0x00,0x00,0x00,0x00,0x00,0x00,0x00,0x00,0x00,0x00,0x00,0x00,0x00,0x00,0x00,0x00,0x00,0x00,0x00,0x00,0x00,0x00,0x00,0x00,0x00,0x00,0x00,0x00,0x00,0x00,0x00,0x00,0x00,0x00,
    0x00,0x00,0x00,0x00,0x00,0x00,0x00,0x00,0x00,0x00,0x00,0x00,0x00,0x00,0x00,0x00,0x00,0x00,0x00,0x00,0x00,0x00,0x00,0x00,0x00,0x00,0x00,0x00,0x00,0x00,0x00,0x00,0x00,0x00,0x00,0x00,0x00,0x00,0x02,0x00,0x16,0xd3,0x22,0x00,0x24,0x15,0x68,0x78,0x5d,0x5d,0x5d,0x5b,0x71,0x66,0x59,0x68,0x69,0x59,0x77,0x59,0x69,0x69,0x68,0x62,0x62,0x62,0x62,0x62,0x59,0x77,0x68,0x82,0x82,0x71,0x82,0x71,0x82,0x69,0x59,0x63,0x66,0x59,0x66,0x63,0x0a,0x63,0x6b,0x6b,0x59,0x59,0x59,0x63,0x59,0x07,0xa3,0x35,0x00,0x02,0x00,0x00,0x00,0x00,0x00,0x00,0x00,0x00,0x00,0x00,0x00,0x00,0x00,0x00,0x00,0x00,0x00,0x00,0x00,0x00,0x00,0x00,0x00,0x00,0x00,0x00,0x00,0x00,0x00,0x00,0x00,0x00,0x00,0x00,0x00,0x00,0x00,0x00,0x00,0x00,0x00,0x00,0x00,0x00,0x00,0x00,
    0x00,0x00,0x00,0x00,0x00,0x00,0x00,0x00,0x00,0x00,0x00,0x00,0x00,0x00,0x00,0x00,0x00,0x00,0x00,0x00,0x00,0x00,0x00,0x00,0x00,0x00,0x00,0x00,0x00,0x00,0x00,0x00,0x00,0x00,0x00,0x00,0x00,0x03,0x00,0x24,0x40,0x23,0x00,0x03,0x2d,0x99,0x08,0x7c,0x78,0x5d,0x5d,0x5d,0x5b,0x5b,0x62,0x5b,0x71,0x77,0x69,0x66,0x5e,0x63,0x62,0x62,0x62,0x62,0x7c,0x5b,0x68,0x59,0x66,0x68,0x66,0x71,0x82,0x82,0x69,0x66,0x59,0x63,0x6b,0x82,0x69,0x6c,0x6c,0x69,0x82,0x6b,0x63,0x59,0x59,0x59,0x59,0x63,0x74,0x39,0x2f,0x03,0x03,0x00,0x00,0x00,0x00,0x00,0x00,0x00,0x00,0x00,0x00,0x00,0x00,0x00,0x00,0x00,0x00,0x00,0x00,0x00,0x00,0x00,0x00,0x00,0x00,0x00,0x00,0x00,0x00,0x00,0x00,0x00,0x00,0x00,0x00,0x00,0x00,0x00,0x00,0x00,0x00,0x00,0x00,0x00,0x00,0x00,
    0x00,0x00,0x00,0x00,0x00,0x00,0x00,0x00,0x00,0x00,0x00,0x00,0x00,0x00,0x00,0x00,0x00,0x00,0x00,0x00,0x00,0x00,0x00,0x00,0x00,0x00,0x00,0x00,0x00,0x00,0x00,0x00,0x00,0x00,0x00,0x00,0x00,0x04,0x02,0x19,0x1b,0x00,0x02,0x24,0x50,0x06,0x6c,0x59,0x6c,0x69,0x62,0x5b,0x5b,0x5b,0x5b,0x7c,0x69,0x6c,0x69,0x66,0x69,0x68,0x5b,0x7c,0x7c,0x5b,0x5d,0x5b,0x5b,0x71,0x71,0x71,0x5b,0x5b,0x71,0x71,0x82,0x66,0x59,0x63,0x71,0x71,0x6b,0x82,0x0a,0x82,0x71,0x82,0x59,0x63,0x59,0x59,0x59,0x77,0x07,0x74,0x35,0x00,0x02,0x00,0x00,0x00,0x00,0x00,0x00,0x00,0x00,0x00,0x00,0x00,0x00,0x00,0x00,0x00,0x00,0x00,0x00,0x00,0x00,0x00,0x00,0x00,0x00,0x00,0x00,0x00,0x00,0x00,0x00,0x00,0x00,0x00,0x00,0x00,0x00,0x00,0x00,0x00,0x00,0x00,0x00,0x00,0x00,0x00,
    0x00,0x00,0x00,0x00,0x00,0x00,0x00,0x00,0x00,0x00,0x00,0x00,0x00,0x00,0x00,0x00,0x00,0x00,0x00,0x00,0x00,0x00,0x00,0x00,0x00,0x00,0x00,0x00,0x00,0x00,0x00,0x00,0x00,0x00,0x00,0x00,0x02,0x00,0x37,0x1b,0x00,0x1e,0x00,0x22,0x73,0x0a,0x77,0x77,0x77,0x59,0x69,0x66,0x71,0x7c,0x62,0x71,0x71,0x5d,0x5b,0x7c,0x5b,0x5b,0x5b,0x7c,0x7c,0x7c,0x7c,0x7c,0x5d,0x7c,0x5b,0x5b,0x7c,0x5d,0x6b,0x68,0x66,0x6b,0x82,0x71,0x5b,0x5b,0x5d,0x5b,0x6b,0x66,0x63,0x71,0x62,0x71,0x59,0x59,0x59,0x77,0x6b,0x89,0x20,0x1a,0x04,0x00,0x00,0x00,0x00,0x00,0x00,0x00,0x00,0x00,0x00,0x00,0x00,0x00,0x00,0x00,0x00,0x00,0x00,0x00,0x00,0x00,0x00,0x00,0x00,0x00,0x00,0x00,0x00,0x00,0x00,0x00,0x00,0x00,0x00,0x00,0x00,0x00,0x00,0x00,0x00,0x00,0x00,0x00,0x00,0x00,
    0x00,0x00,0x00,0x00,0x00,0x00,0x00,0x00,0x00,0x00,0x00,0x00,0x00,0x00,0x00,0x00,0x00,0x00,0x00,0x00,0x00,0x00,0x00,0x00,0x00,0x00,0x00,0x00,0x00,0x00,0x00,0x00,0x00,0x00,0x00,0x00,0x01,0x04,0x22,0x00,0x04,0x04,0x00,0x2c,0x8b,0x08,0x82,0x68,0x66,0x63,0x66,0x59,0x69,0x68,0x68,0x69,0x5d,0x5b,0x5d,0x5d,0x7c,0x5b,0x7c,0x7c,0x7c,0x5b,0x7c,0x7c,0x5b,0x5b,0x5b,0x7c,0x68,0x62,0x7c,0x5b,0x5b,0x5b,0x5b,0x7c,0x5b,0x5b,0x5b,0x5d,0x5b,0x7c,0x66,0x69,0x7c,0x62,0x59,0x77,0x77,0x77,0x59,0x5e,0xaa,0x45,0x00,0x04,0x00,0x00,0x00,0x00,0x00,0x00,0x00,0x00,0x00,0x00,0x00,0x00,0x00,0x00,0x00,0x00,0x00,0x00,0x00,0x00,0x00,0x00,0x00,0x00,0x00,0x00,0x00,0x00,0x00,0x00,0x00,0x00,0x00,0x00,0x00,0x00,0x00,0x00,0x00,0x00,0x00,0x00,0x00,0x00,
    0x00,0x00,0x00,0x00,0x00,0x00,0x00,0x00,0x00,0x00,0x00,0x00,0x00,0x00,0x00,0x00,0x00,0x00,0x00,0x00,0x00,0x00,0x00,0x00,0x00,0x00,0x00,0x00,0x00,0x00,0x00,0x00,0x00,0x00,0x00,0x00,0x00,0x00,0x00,0x00,0x02,0x00,0x2a,0x66,0x08,0x5d,0x5d,0x5d,0x7c,0x82,0x71,0x66,0x68,0x68,0x62,0x7c,0x6b,0x82,0x5b,0x5b,0x5d,0x5b,0x5b,0x7c,0x62,0x7c,0x62,0x5b,0x7c,0x7c,0x7c,0x5b,0x5b,0x62,0x7c,0x5b,0x5b,0x62,0x68,0x6b,0x69,0x7c,0x62,0x6b,0x69,0x66,0x63,0x66,0x7c,0x5b,0x5b,0x71,0x82,0x66,0x59,0x07,0x73,0x35,0x03,0x02,0x00,0x00,0x00,0x00,0x00,0x00,0x00,0x00,0x00,0x00,0x00,0x00,0x00,0x00,0x00,0x00,0x00,0x00,0x00,0x00,0x00,0x00,0x00,0x00,0x00,0x00,0x00,0x00,0x00,0x00,0x00,0x00,0x00,0x00,0x00,0x00,0x00,0x00,0x00,0x00,0x00,0x00,0x00,0x00,
    0x00,0x00,0x00,0x00,0x00,0x00,0x00,0x00,0x00,0x00,0x00,0x00,0x00,0x00,0x00,0x00,0x00,0x00,0x00,0x00,0x00,0x00,0x00,0x00,0x00,0x00,0x00,0x00,0x00,0x00,0x00,0x00,0x00,0x00,0x00,0x00,0x00,0x00,0x04,0x03,0x04,0x02,0x11,0x73,0x07,0x82,0x5d,0x5d,0x5d,0x5d,0x5d,0x6b,0x62,0x5d,0x7c,0x7c,0x68,0x68,0x5b,0x7c,0x5b,0x5b,0x7c,0x7c,0x7c,0x7c,0x5b,0x5b,0x5b,0x5b,0x7c,0x5b,0x5b,0x5d,0x5b,0x7c,0x62,0x69,0x68,0x6b,0x5e,0x82,0x63,0x5e,0x5e,0x63,0x66,0x63,0x68,0x5b,0x5b,0x7c,0x71,0x66,0x59,0x07,0x73,0x20,0x00,0x03,0x00,0x00,0x00,0x00,0x00,0x00,0x00,0x00,0x00,0x00,0x00,0x00,0x00,0x00,0x00,0x00,0x00,0x00,0x00,0x00,0x00,0x00,0x00,0x00,0x00,0x00,0x00,0x00,0x00,0x00,0x00,0x00,0x00,0x00,0x00,0x00,0x00,0x00,0x00,0x00,0x00,0x00,0x00,0x00,
    0x00,0x00,0x00,0x00,0x00,0x00,0x00,0x00,0x00,0x00,0x00,0x00,0x00,0x00,0x00,0x00,0x00,0x00,0x00,0x00,0x00,0x00,0x00,0x00,0x00,0x00,0x00,0x00,0x00,0x00,0x00,0x00,0x00,0x00,0x00,0x00,0x00,0x00,0x00,0x04,0x00,0x16,0x06,0x5e,0x59,0x5e,0x68,0x7c,0x5b,0x5d,0x5b,0x5d,0x5d,0x62,0x62,0x5d,0x82,0x68,0x5b,0x5d,0x5d,0x5b,0x7c,0x7c,0x5d,0x5d,0x7c,0x7e,0x7e,0x5b,0x5d,0x5b,0x62,0x71,0x62,0x5b,0x69,0x59,0x63,0x63,0x69,0x71,0x68,0x69,0x63,0x66,0x68,0x71,0x7c,0x5b,0x5b,0x62,0x66,0x5e,0x59,0x0a,0x79,0x34,0x36,0x00,0x03,0x00,0x00,0x00,0x00,0x00,0x00,0x00,0x00,0x00,0x00,0x00,0x00,0x00,0x00,0x00,0x00,0x00,0x00,0x00,0x00,0x00,0x00,0x00,0x00,0x00,0x00,0x00,0x00,0x00,0x00,0x00,0x00,0x00,0x00,0x00,0x00,0x00,0x00,0x00,0x00,0x00,0x00,0x00,
    0x00,0x00,0x00,0x00,0x00,0x00,0x00,0x00,0x00,0x00,0x00,0x00,0x00,0x00,0x00,0x00,0x00,0x00,0x00,0x00,0x00,0x00,0x00,0x00,0x00,0x00,0x00,0x00,0x00,0x00,0x00,0x00,0x00,0x00,0x00,0x00,0x00,0x00,0x00,0x02,0x03,0x19,0x86,0x0a,0x69,0x68,0x62,0x5b,0x78,0x7c,0x7e,0xa8,0x7c,0x5d,0x7c,0x7e,0x5b,0x62,0x62,0x7c,0x5d,0x5b,0x5b,0x5b,0x7c,0x5d,0x68,0x7e,0x97,0x71,0x5b,0x63,0x77,0x77,0x67,0x78,0x97,0x59,0x5b,0x5b,0x7c,0x5d,0x5d,0x5d,0x71,0x69,0x62,0x5d,0x5d,0x5d,0x5b,0x62,0x68,0x77,0x59,0x59,0x07,0x1c,0x2a,0x00,0x02,0x00,0x00,0x00,0x00,0x00,0x00,0x00,0x00,0x00,0x00,0x00,0x00,0x00,0x00,0x00,0x00,0x00,0x00,0x00,0x00,0x00,0x00,0x00,0x00,0x00,0x00,0x00,0x00,0x00,0x00,0x00,0x00,0x00,0x00,0x00,0x00,0x00,0x00,0x00,0x00,0x00,0x00,0x00,
    0x00,0x00,0x00,0x00,0x00,0x00,0x00,0x00,0x00,0x00,0x00,0x00,0x00,0x00,0x00,0x00,0x00,0x00,0x00,0x00,0x00,0x00,0x00,0x00,0x00,0x00,0x00,0x00,0x00,0x00,0x00,0x00,0x00,0x00,0x00,0x00,0x00,0x00,0x00,0x02,0x00,0x20,0x79,0x78,0x78,0x5d,0x5b,0x71,0x78,0x68,0xb1,0x9d,0x62,0x78,0x5d,0x94,0x6d,0x71,0x63,0x59,0x69,0x69,0x66,0x69,0x68,0x63,0x86,0xb2,0xd7,0x66,0x6c,0x66,0x71,0x71,0x5b,0x67,0x9d,0x7e,0x68,0x5b,0x5d,0x5d,0x5b,0x7c,0x5b,0x5b,0x71,0x5d,0x5d,0x5d,0x78,0x5d,0x71,0x59,0x59,0x63,0x07,0x79,0x29,0x00,0x02,0x00,0x00,0x00,0x00,0x00,0x00,0x00,0x00,0x00,0x00,0x00,0x00,0x00,0x00,0x00,0x00,0x00,0x00,0x00,0x00,0x00,0x00,0x00,0x00,0x00,0x00,0x00,0x00,0x00,0x00,0x00,0x00,0x00,0x00,0x00,0x00,0x00,0x00,0x00,0x00,0x00,0x00,0x00,
    0x00,0x00,0x00,0x00,0x00,0x00,0x00,0x00,0x00,0x00,0x00,0x00,0x00,0x00,0x00,0x00,0x00,0x00,0x00,0x00,0x00,0x00,0x00,0x00,0x00,0x00,0x00,0x00,0x00,0x00,0x00,0x00,0x00,0x00,0x00,0x00,0x00,0x00,0x04,0x03,0x1d,0x50,0x5e,0x6b,0x67,0x59,0x6c,0x6c,0x59,0x7e,0xb1,0x67,0x7e,0x89,0x0f,0xa2,0x89,0x5d,0x68,0x68,0x66,0x66,0x59,0x63,0x63,0x77,0x77,0x59,0xab,0xa1,0x77,0x78,0x5d,0x5d,0x78,0x7c,0x7e,0x9d,0x68,0x5b,0x5b,0x71,0x71,0x5b,0x7c,0x68,0x68,0x71,0x5d,0x6b,0x69,0x69,0x63,0x77,0x63,0x6b,0x07,0x73,0x20,0x47,0x04,0x00,0x00,0x00,0x00,0x00,0x00,0x00,0x00,0x00,0x00,0x00,0x00,0x00,0x00,0x00,0x00,0x00,0x00,0x00,0x00,0x00,0x00,0x00,0x00,0x00,0x00,0x00,0x00,0x00,0x00,0x00,0x00,0x00,0x00,0x00,0x00,0x00,0x00,0x00,0x00,0x00,0x00,0x00,
    0x00,0x00,0x00,0x00,0x00,0x00,0x00,0x00,0x00,0x00,0x00,0x00,0x00,0x00,0x00,0x00,0x00,0x00,0x00,0x00,0x00,0x00,0x00,0x00,0x00,0x00,0x00,0x00,0x00,0x00,0x00,0x00,0x00,0x00,0x00,0x00,0x00,0x00,0x02,0x00,0x21,0x90,0x07,0x86,0xd3,0x10,0x89,0x73,0x80,0xb1,0x97,0x86,0x77,0xd3,0xd5,0x94,0x79,0x78,0x5d,0x5d,0x5b,0x62,0x68,0x62,0x6b,0x59,0x59,0x63,0x92,0x98,0x63,0x63,0x69,0x68,0x71,0x7c,0x68,0xa8,0x82,0x6b,0x66,0x59,0x59,0x62,0x7c,0x62,0x62,0x71,0x62,0x69,0x6b,0x5e,0x77,0x77,0x6b,0x71,0x6c,0x86,0x95,0x43,0x00,0x03,0x00,0x00,0x00,0x00,0x00,0x00,0x00,0x00,0x00,0x00,0x00,0x00,0x00,0x00,0x00,0x00,0x00,0x00,0x00,0x00,0x00,0x00,0x00,0x00,0x00,0x00,0x00,0x00,0x00,0x00,0x00,0x00,0x00,0x00,0x00,0x00,0x00,0x00,0x00,0x00,0x00,0x00,
    0x00,0x00,0x00,0x00,0x00,0x00,0x00,0x00,0x00,0x00,0x00,0x00,0x00,0x00,0x00,0x00,0x00,0x00,0x00,0x00,0x00,0x00,0x00,0x00,0x00,0x00,0x00,0x00,0x00,0x00,0x00,0x00,0x00,0x00,0x00,0x00,0x00,0x00,0x02,0x01,0x19,0xa3,0x91,0x81,0xba,0xe9,0xfe,0x98,0x94,0xa4,0x81,0x71,0x79,0xa2,0xa2,0xaa,0x74,0x6b,0x71,0x69,0x63,0x59,0x59,0x59,0x59,0x59,0x63,0x86,0x0f,0xb4,0x94,0x81,0x6c,0x77,0x77,0x59,0x86,0x9d,0x97,0x86,0x66,0x66,0x77,0x63,0x63,0x66,0x68,0x68,0x62,0x5b,0x6b,0x63,0x59,0x5e,0x71,0x78,0x91,0x74,0x39,0x17,0x00,0x03,0x00,0x00,0x00,0x00,0x00,0x00,0x00,0x00,0x00,0x00,0x00,0x00,0x00,0x00,0x00,0x00,0x00,0x00,0x00,0x00,0x00,0x00,0x00,0x00,0x00,0x00,0x00,0x00,0x00,0x00,0x00,0x00,0x00,0x00,0x00,0x00,0x00,0x00,0x00,0x00,0x00,0x00,
    0x00,0x00,0x00,0x00,0x00,0x00,0x00,0x00,0x00,0x00,0x00,0x00,0x00,0x00,0x00,0x00,0x00,0x00,0x00,0x00,0x00,0x00,0x00,0x00,0x00,0x00,0x00,0x00,0x00,0x00,0x00,0x00,0x00,0x00,0x00,0x00,0x00,0x00,0x00,0x01,0x11,0x74,0x5e,0xd3,0xe9,0xc0,0xda,0xde,0xdd,0xe9,0xb6,0xa3,0x0f,0xb4,0x95,0xaa,0x74,0x59,0x77,0x77,0x77,0x59,0x59,0x59,0x59,0x59,0x6c,0x73,0x92,0xb5,0x95,0x10,0x86,0x59,0x59,0x66,0x66,0x7e,0x9d,0x59,0x71,0x7c,0x82,0x77,0x5e,0x6b,0x97,0x59,0x63,0x62,0x62,0x5d,0x7c,0x68,0x5b,0x5d,0x91,0x07,0x25,0x45,0x00,0x1a,0x00,0x00,0x00,0x00,0x00,0x00,0x00,0x00,0x00,0x00,0x00,0x00,0x00,0x00,0x00,0x00,0x00,0x00,0x00,0x00,0x00,0x00,0x00,0x00,0x00,0x00,0x00,0x00,0x00,0x00,0x00,0x00,0x00,0x00,0x00,0x00,0x00,0x00,0x00,0x00,0x00,0x00,
    0x00,0x00,0x00,0x00,0x00,0x00,0x00,0x00,0x00,0x00,0x00,0x00,0x00,0x00,0x00,0x00,0x00,0x00,0x00,0x00,0x00,0x00,0x00,0x00,0x00,0x00,0x00,0x00,0x00,0x00,0x00,0x00,0x00,0x00,0x00,0x00,0x00,0x03,0x00,0x43,0x34,0x74,0x81,0x3c,0xb0,0xc0,0xc0,0xc0,0xc0,0xb0,0xb6,0x6b,0xa2,0x99,0xc6,0xb2,0x86,0x77,0x59,0x59,0x59,0x59,0x59,0x59,0x59,0x59,0x6c,0x73,0x98,0xa9,0xb5,0x92,0x79,0x82,0x7c,0x7c,0x5b,0x71,0xb1,0x5d,0x7c,0x68,0x63,0x59,0x59,0x59,0x97,0x82,0x77,0x68,0x7c,0x7c,0x62,0x69,0x62,0x5d,0x91,0x08,0x73,0x1b,0x00,0x02,0x00,0x00,0x00,0x00,0x00,0x00,0x00,0x00,0x00,0x00,0x00,0x00,0x00,0x00,0x00,0x00,0x00,0x00,0x00,0x00,0x00,0x00,0x00,0x00,0x00,0x00,0x00,0x00,0x00,0x00,0x00,0x00,0x00,0x00,0x00,0x00,0x00,0x00,0x00,0x00,0x00,0x00,
    0x00,0x00,0x00,0x00,0x00,0x00,0x00,0x00,0x00,0x00,0x00,0x00,0x00,0x00,0x00,0x00,0x00,0x00,0x00,0x00,0x00,0x00,0x00,0x00,0x00,0x00,0x00,0x00,0x00,0x00,0x00,0x00,0x00,0x00,0x00,0x00,0x00,0x04,0x00,0x2b,0xa1,0x6d,0x67,0x25,0xea,0xdd,0xf2,0xde,0xda,0xe9,0x89,0x92,0xa9,0x80,0xa2,0xa7,0x62,0x6b,0x6c,0x59,0x59,0x77,0x59,0x59,0x59,0x59,0x6c,0x73,0x0f,0x9e,0x99,0x95,0x94,0x73,0x6b,0x66,0x62,0x66,0xa8,0x97,0x86,0x59,0x5e,0x77,0x63,0x86,0x97,0x7e,0x59,0x59,0x66,0x68,0x63,0x5e,0x66,0x5d,0x91,0x82,0x8b,0x4c,0x00,0x02,0x00,0x00,0x00,0x00,0x00,0x00,0x00,0x00,0x00,0x00,0x00,0x00,0x00,0x00,0x00,0x00,0x00,0x00,0x00,0x00,0x00,0x00,0x00,0x00,0x00,0x00,0x00,0x00,0x00,0x00,0x00,0x00,0x00,0x00,0x00,0x00,0x00,0x00,0x00,0x00,0x00,0x00,
    0x00,0x00,0x00,0x00,0x00,0x00,0x00,0x00,0x00,0x00,0x00,0x00,0x00,0x00,0x00,0x00,0x00,0x00,0x00,0x00,0x00,0x00,0x00,0x00,0x00,0x00,0x00,0x00,0x00,0x00,0x00,0x00,0x00,0x00,0x00,0x00,0x00,0x02,0x00,0x2b,0x91,0x68,0x7c,0x8b,0x89,0xa1,0x98,0xea,0xbe,0xc5,0x97,0x92,0x80,0x7f,0x98,0x08,0x68,0x82,0x63,0x77,0x59,0x63,0x59,0x59,0x59,0x59,0x6c,0x81,0x3c,0xb4,0x80,0x7f,0xa2,0xd3,0x86,0x77,0x63,0x79,0xa1,0x94,0x79,0x69,0x68,0x66,0x77,0x86,0x7e,0x9d,0x68,0x7c,0x7c,0x62,0x68,0x66,0x62,0x5b,0x91,0x07,0x79,0x29,0x00,0x04,0x00,0x00,0x00,0x00,0x00,0x00,0x00,0x00,0x00,0x00,0x00,0x00,0x00,0x00,0x00,0x00,0x00,0x00,0x00,0x00,0x00,0x00,0x00,0x00,0x00,0x00,0x00,0x00,0x00,0x00,0x00,0x00,0x00,0x00,0x00,0x00,0x00,0x00,0x00,0x00,0x00,0x00,
    0x00,0x00,0x00,0x00,0x00,0x00,0x00,0x00,0x00,0x00,0x00,0x00,0x00,0x00,0x00,0x00,0x00,0x00,0x00,0x00,0x00,0x00,0x00,0x00,0x00,0x00,0x00,0x00,0x00,0x00,0x00,0x00,0x00,0x00,0x00,0x00,0x00,0x02,0x00,0x35,0x63,0x5e,0x5b,0x9f,0x10,0xa3,0xe1,0x94,0xa1,0x7e,0x92,0xa5,0x99,0x88,0x98,0x69,0x5e,0x77,0x59,0x66,0x68,0x62,0x69,0x5e,0x59,0x59,0x6c,0x79,0xb6,0x95,0x80,0x79,0xa9,0xa2,0x73,0x71,0x62,0x7c,0x7e,0x0f,0x68,0x7c,0x5b,0x71,0x69,0x62,0x7e,0xa8,0x7c,0x78,0x5b,0x7c,0x7c,0x62,0x7c,0x5d,0x67,0x9d,0x97,0x20,0x00,0x04,0x00,0x00,0x00,0x00,0x00,0x00,0x00,0x00,0x00,0x00,0x00,0x00,0x00,0x00,0x00,0x00,0x00,0x00,0x00,0x00,0x00,0x00,0x00,0x00,0x00,0x00,0x00,0x00,0x00,0x00,0x00,0x00,0x00,0x00,0x00,0x00,0x00,0x00,0x00,0x00,0x00,0x00,
    0x00,0x00,0x00,0x00,0x00,0x00,0x00,0x00,0x00,0x00,0x00,0x00,0x00,0x00,0x00,0x00,0x00,0x00,0x00,0x00,0x00,0x00,0x00,0x00,0x00,0x00,0x00,0x00,0x00,0x00,0x00,0x00,0x00,0x00,0x00,0x00,0x00,0x02,0x00,0x30,0x74,0x18,0x0f,0xbe,0xdd,0xfe,0x92,0x98,0x67,0xa1,0x98,0x96,0x83,0x83,0x92,0x78,0x5b,0x68,0x71,0x7c,0x5b,0x7c,0x7c,0x66,0x77,0x77,0x82,0x67,0x94,0xc6,0x80,0x82,0x81,0xc6,0xb6,0x73,0x6b,0x6b,0x79,0x98,0x10,0x67,0x7c,0x7c,0x5d,0x5d,0x5d,0xb1,0x78,0x5b,0x7c,0x62,0x68,0x66,0x63,0x63,0x59,0x97,0xa4,0x15,0x01,0x02,0x00,0x00,0x00,0x00,0x00,0x00,0x00,0x00,0x00,0x00,0x00,0x00,0x00,0x00,0x00,0x00,0x00,0x00,0x00,0x00,0x00,0x00,0x00,0x00,0x00,0x00,0x00,0x00,0x00,0x00,0x00,0x00,0x00,0x00,0x00,0x00,0x00,0x00,0x00,0x00,0x00,0x00,
    0x00,0x00,0x00,0x00,0x00,0x00,0x00,0x00,0x00,0x00,0x00,0x00,0x00,0x00,0x00,0x00,0x00,0x00,0x00,0x00,0x00,0x00,0x00,0x00,0x00,0x00,0x00,0x00,0x00,0x00,0x00,0x00,0x00,0x00,0x00,0x00,0x00,0x02,0x00,0x2d,0x73,0x74,0xba,0xde,0xda,0xde,0xf2,0xb0,0xac,0x92,0x9e,0x73,0x82,0x06,0xa2,0x7e,0x78,0xa8,0x5d,0x5d,0x5d,0x5b,0x7c,0x5b,0x71,0x71,0x78,0x6d,0xa1,0xa2,0x80,0x6c,0x59,0x7f,0xa2,0x6c,0x5e,0x6c,0x81,0x3c,0x9f,0x74,0x69,0x68,0x5b,0x5d,0x68,0xa8,0x97,0x7c,0x71,0x59,0x77,0x77,0x59,0x77,0x63,0x74,0xb1,0x29,0x00,0x04,0x00,0x00,0x00,0x00,0x00,0x00,0x00,0x00,0x00,0x00,0x00,0x00,0x00,0x00,0x00,0x00,0x00,0x00,0x00,0x00,0x00,0x00,0x00,0x00,0x00,0x00,0x00,0x00,0x00,0x00,0x00,0x00,0x00,0x00,0x00,0x00,0x00,0x00,0x00,0x00,0x00,0x00,
    0x00,0x00,0x00,0x00,0x00,0x00,0x00,0x00,0x00,0x00,0x00,0x00,0x00,0x00,0x00,0x00,0x00,0x00,0x00,0x00,0x00,0x00,0x00,0x00,0x00,0x00,0x00,0x00,0x00,0x00,0x00,0x00,0x00,0x00,0x00,0x00,0x03,0x03,0x2f,0x11,0x73,0x81,0xab,0xde,0xc0,0xc0,0xc0,0xc0,0xbe,0xba,0x88,0x83,0x83,0x8f,0x98,0x08,0xd3,0xc9,0x66,0x69,0x82,0x62,0x7c,0x7c,0x5d,0x5d,0x62,0x6d,0x10,0xc5,0x88,0x83,0x7f,0x8f,0xa9,0x98,0x80,0x0a,0x73,0x9f,0x0f,0x89,0x5d,0x5b,0x5d,0x78,0x6d,0xa8,0x9d,0x66,0x63,0x59,0x59,0x77,0x59,0x59,0x66,0x6b,0x67,0x58,0x17,0x02,0x04,0x00,0x00,0x00,0x00,0x00,0x00,0x00,0x00,0x00,0x00,0x00,0x00,0x00,0x00,0x00,0x00,0x00,0x00,0x00,0x00,0x00,0x00,0x00,0x00,0x00,0x00,0x00,0x00,0x00,0x00,0x00,0x00,0x00,0x00,0x00,0x00,0x00,0x00,0x00,0x00,0x00,
    0x00,0x00,0x00,0x00,0x00,0x00,0x00,0x00,0x00,0x00,0x00,0x00,0x00,0x00,0x00,0x00,0x00,0x00,0x00,0x00,0x00,0x00,0x00,0x00,0x00,0x00,0x00,0x00,0x00,0x00,0x00,0x00,0x00,0x00,0x00,0x00,0x03,0x00,0x43,0x3c,0x86,0x74,0xb6,0xea,0xdd,0xf2,0xde,0xda,0xb3,0x0f,0x96,0x7f,0x83,0x96,0x95,0xd3,0xb2,0xba,0x59,0x5e,0x77,0x62,0x5d,0x5d,0x78,0x8b,0x0f,0x9f,0x71,0xb7,0x8f,0x83,0x06,0x6b,0x81,0x95,0x94,0x73,0x86,0xa1,0x92,0x8b,0x7e,0x78,0x5d,0x78,0x68,0x9d,0xa8,0x86,0x63,0x77,0x59,0x68,0x62,0x7c,0x7c,0x5d,0x5b,0x67,0x37,0x00,0x02,0x04,0x00,0x00,0x00,0x00,0x00,0x00,0x00,0x00,0x00,0x00,0x00,0x00,0x00,0x00,0x00,0x00,0x00,0x00,0x00,0x00,0x00,0x00,0x00,0x00,0x00,0x00,0x00,0x00,0x00,0x00,0x00,0x00,0x00,0x00,0x00,0x00,0x00,0x00,0x00,0x00,
    0x00,0x00,0x00,0x00,0x00,0x00,0x00,0x00,0x00,0x00,0x00,0x00,0x00,0x00,0x00,0x00,0x00,0x00,0x00,0x00,0x00,0x00,0x00,0x00,0x00,0x00,0x00,0x00,0x00,0x00,0x00,0x00,0x00,0x00,0x00,0x00,0x03,0x00,0x2f,0x39,0x74,0x6c,0xa3,0xe1,0xa1,0xc9,0xb7,0xe9,0xcf,0x9f,0x73,0x6c,0x6c,0x80,0x95,0xc2,0xc2,0x98,0xb2,0x86,0x68,0x7c,0x5d,0x5d,0x78,0x89,0xa2,0xbd,0xe1,0xb7,0x83,0x88,0x83,0x7f,0x86,0x7f,0xa2,0xc2,0x79,0xa8,0xc9,0x1c,0x71,0x71,0x82,0x71,0x8b,0x97,0xa8,0x86,0x69,0x66,0x62,0x7c,0x5b,0x5d,0x5d,0x5d,0x78,0x67,0x86,0x19,0x00,0x00,0x02,0x00,0x00,0x00,0x00,0x00,0x00,0x00,0x00,0x00,0x00,0x00,0x00,0x00,0x00,0x00,0x00,0x00,0x00,0x00,0x00,0x00,0x00,0x00,0x00,0x00,0x00,0x00,0x00,0x00,0x00,0x00,0x00,0x00,0x00,0x00,0x00,0x00,0x00,0x00,
    0x00,0x00,0x00,0x00,0x00,0x00,0x00,0x00,0x00,0x00,0x00,0x00,0x00,0x00,0x00,0x00,0x00,0x00,0x00,0x00,0x00,0x00,0x00,0x00,0x00,0x00,0x00,0x00,0x00,0x00,0x00,0x00,0x00,0x00,0x00,0x00,0x04,0x00,0x45,0x25,0x07,0x66,0x98,0x98,0xa8,0xa8,0xe1,0x92,0xa4,0xaa,0x74,0x63,0x6b,0x81,0x95,0x9f,0x59,0xba,0x98,0x81,0x78,0x5d,0x5d,0x5d,0x5d,0x74,0xb6,0xed,0xaa,0x95,0xb5,0x88,0x83,0x06,0x6c,0x73,0xaa,0xc5,0x79,0xb1,0xc9,0xc2,0x74,0x77,0x5e,0x77,0x74,0x10,0xd7,0x8b,0x78,0x5b,0x5b,0x7c,0x5b,0x5d,0x5d,0x5d,0x5b,0xa1,0x63,0x7f,0x15,0x16,0x00,0x02,0x03,0x00,0x00,0x00,0x00,0x00,0x00,0x00,0x00,0x00,0x00,0x00,0x00,0x00,0x00,0x00,0x00,0x00,0x00,0x00,0x00,0x00,0x00,0x00,0x00,0x00,0x00,0x00,0x00,0x00,0x00,0x00,0x00,0x00,0x00,0x00,0x00,0x00,
    0x00,0x00,0x00,0x00,0x00,0x00,0x00,0x00,0x00,0x00,0x00,0x00,0x00,0x00,0x00,0x00,0x00,0x00,0x00,0x00,0x00,0x00,0x00,0x00,0x00,0x00,0x00,0x00,0x00,0x00,0x00,0x00,0x00,0x00,0x00,0x00,0x04,0x00,0x45,0x3c,0x8b,0xa1,0xb3,0xf2,0xb0,0xea,0xb7,0xba,0x9f,0x7f,0x88,0x83,0x74,0x90,0x9e,0x95,0xb7,0xbd,0xb6,0x67,0x78,0x5d,0x5b,0x69,0x63,0x73,0x25,0xc5,0x98,0xab,0xa5,0x8e,0x8f,0x86,0x59,0x6b,0x81,0x95,0x98,0xdf,0xe3,0x9f,0x73,0x63,0x59,0x63,0x67,0x10,0xd8,0xb2,0x6d,0x78,0x7c,0x71,0x71,0x82,0x6b,0x82,0x73,0xc5,0x94,0x8e,0x99,0x44,0x1b,0x00,0x00,0x04,0x00,0x00,0x00,0x00,0x00,0x00,0x00,0x00,0x00,0x00,0x00,0x00,0x00,0x00,0x00,0x00,0x00,0x00,0x00,0x00,0x00,0x00,0x00,0x00,0x00,0x00,0x00,0x00,0x00,0x00,0x00,0x00,0x00,0x00,0x00,0x00,
    0x00,0x00,0x00,0x00,0x00,0x00,0x00,0x00,0x00,0x00,0x00,0x00,0x00,0x00,0x00,0x00,0x00,0x00,0x00,0x00,0x00,0x00,0x00,0x00,0x00,0x00,0x00,0x00,0x00,0x00,0x00,0x00,0x00,0x00,0x00,0x00,0x00,0x02,0x00,0x30,0xa3,0x3c,0xb0,0xc0,0xda,0xda,0xde,0xb0,0xac,0x88,0x96,0x83,0x3f,0x9e,0xb7,0xd5,0xc9,0x0a,0x0f,0x10,0x6d,0x62,0x67,0x86,0x86,0x81,0xa9,0xc5,0x86,0xb7,0xc4,0xb4,0x9e,0xb2,0x6c,0x7f,0x7f,0x96,0xc5,0x9f,0xa4,0x0f,0x74,0x5d,0x5b,0x78,0x7c,0x10,0xcf,0xbd,0x79,0x59,0x63,0x59,0x59,0x5e,0x5e,0x6c,0x8f,0xa4,0x4c,0x11,0x88,0x96,0x91,0x30,0x2f,0x00,0x02,0x00,0x00,0x00,0x00,0x00,0x00,0x00,0x00,0x00,0x00,0x00,0x00,0x00,0x00,0x00,0x00,0x00,0x00,0x00,0x00,0x00,0x00,0x00,0x00,0x00,0x00,0x00,0x00,0x00,0x00,0x00,0x00,0x00,0x00,0x00,
    0x00,0x00,0x00,0x00,0x00,0x00,0x00,0x00,0x00,0x00,0x00,0x00,0x00,0x00,0x00,0x00,0x00,0x00,0x00,0x00,0x00,0x00,0x00,0x00,0x00,0x00,0x00,0x00,0x00,0x00,0x00,0x00,0x00,0x00,0x00,0x00,0x04,0x04,0x24,0x11,0x06,0x94,0xb0,0xda,0xc0,0xc0,0xc0,0xda,0xe9,0x8f,0x7f,0xa7,0xa4,0xb4,0xa9,0x92,0xe3,0x91,0x94,0xa4,0x7e,0x9d,0x97,0x97,0x97,0x7e,0xa4,0xa4,0xa8,0xd7,0xa4,0xa9,0x95,0x98,0xb4,0x88,0x88,0x88,0xb5,0xc5,0x3c,0xa2,0x8b,0x7e,0x5d,0x78,0x62,0xa1,0xac,0xab,0xbd,0x6c,0x5e,0x59,0x77,0x63,0x68,0x82,0x59,0x97,0x20,0x1e,0x13,0x50,0x80,0x8f,0x11,0x23,0x00,0x02,0x00,0x00,0x00,0x00,0x00,0x00,0x00,0x00,0x00,0x00,0x00,0x00,0x00,0x00,0x00,0x00,0x00,0x00,0x00,0x00,0x00,0x00,0x00,0x00,0x00,0x00,0x00,0x00,0x00,0x00,0x00,0x00,0x00,0x00,
    0x00,0x00,0x00,0x00,0x00,0x00,0x00,0x00,0x00,0x00,0x00,0x00,0x00,0x00,0x00,0x00,0x00,0x00,0x00,0x00,0x00,0x00,0x00,0x00,0x00,0x00,0x00,0x00,0x00,0x00,0x00,0x00,0x00,0x00,0x00,0x00,0x02,0x00,0x2e,0x80,0xa7,0x86,0x98,0xea,0xb0,0xf2,0xda,0xde,0xea,0x80,0x0a,0x86,0x81,0x81,0x96,0xb6,0x94,0x83,0x88,0x91,0xa7,0xa7,0x97,0x9d,0x9d,0x9d,0xc7,0x63,0x08,0xd7,0xb1,0x7f,0x99,0x88,0x88,0x88,0x83,0x88,0x96,0x9e,0xba,0xa2,0x8b,0x7e,0x62,0x62,0x8b,0x9f,0xb6,0x8e,0xb4,0xb7,0x80,0x6c,0x66,0x7c,0x5d,0x5d,0x78,0x5b,0xe1,0x30,0x00,0x1d,0x2e,0x07,0x8e,0xa9,0x45,0x00,0x04,0x00,0x00,0x00,0x00,0x00,0x00,0x00,0x00,0x00,0x00,0x00,0x00,0x00,0x00,0x00,0x00,0x00,0x00,0x00,0x00,0x00,0x00,0x00,0x00,0x00,0x00,0x00,0x00,0x00,0x00,0x00,0x00,0x00,
    0x00,0x00,0x00,0x00,0x00,0x00,0x00,0x00,0x00,0x00,0x00,0x00,0x00,0x00,0x00,0x00,0x00,0x00,0x00,0x00,0x00,0x00,0x00,0x00,0x00,0x00,0x00,0x00,0x00,0x00,0x00,0x00,0x00,0x00,0x00,0x1e,0x00,0x42,0x8b,0x08,0x5d,0x5d,0x89,0x89,0x10,0xfc,0xca,0xbe,0xbd,0x80,0x6c,0x63,0x6c,0x6c,0x5e,0x8f,0x8f,0x86,0x7f,0x8f,0x86,0x74,0x74,0x86,0x86,0x86,0x74,0x59,0x86,0x73,0x74,0x5e,0x5e,0x18,0x5e,0x86,0x86,0x86,0x6c,0x90,0xb7,0xab,0x81,0x6b,0x59,0x63,0x86,0xb2,0xd8,0xd6,0xb2,0xc4,0x10,0x67,0x78,0x5b,0x7c,0x5b,0x5d,0x08,0x18,0x10,0x38,0x00,0x00,0x23,0x4d,0xb5,0xa5,0x23,0x04,0x04,0x00,0x00,0x00,0x00,0x00,0x00,0x00,0x00,0x00,0x00,0x00,0x00,0x00,0x00,0x00,0x00,0x00,0x00,0x00,0x00,0x00,0x00,0x00,0x00,0x00,0x00,0x00,0x00,0x00,0x00,0x00,0x00,
    0x00,0x00,0x00,0x00,0x00,0x00,0x00,0x00,0x00,0x00,0x00,0x00,0x00,0x00,0x00,0x00,0x00,0x00,0x00,0x00,0x00,0x00,0x00,0x00,0x00,0x00,0x00,0x00,0x00,0x00,0x00,0x00,0x00,0x03,0x02,0x00,0x1e,0x3e,0x97,0x5d,0x5d,0x5d,0x7e,0x5d,0x8b,0xe6,0xe5,0xf8,0xb7,0x7f,0x5e,0x6c,0x63,0x59,0x59,0x6c,0x6b,0x6c,0x6c,0x63,0x63,0x63,0x63,0x63,0x63,0x63,0x63,0x59,0x59,0x6c,0x6c,0x6c,0x63,0x59,0x59,0x59,0x59,0x59,0x63,0x74,0xa5,0xbd,0x73,0x63,0x59,0x63,0x74,0x25,0xd6,0xc3,0xe3,0xee,0xf8,0x81,0x71,0x68,0x68,0x68,0x69,0x59,0x18,0x67,0x29,0x00,0x2f,0x00,0x2a,0x7f,0x99,0x2d,0x00,0x02,0x00,0x00,0x00,0x00,0x00,0x00,0x00,0x00,0x00,0x00,0x00,0x00,0x00,0x00,0x00,0x00,0x00,0x00,0x00,0x00,0x00,0x00,0x00,0x00,0x00,0x00,0x00,0x00,0x00,0x00,0x00,0x00,
    0x00,0x00,0x00,0x00,0x00,0x00,0x00,0x00,0x00,0x00,0x00,0x00,0x00,0x00,0x00,0x00,0x00,0x00,0x00,0x00,0x00,0x00,0x00,0x00,0x00,0x00,0x00,0x00,0x00,0x00,0x00,0x00,0x00,0x00,0x00,0x23,0x11,0x79,0x08,0x5d,0x5d,0x5d,0x78,0x62,0xa9,0x87,0x31,0xdc,0xd8,0xb5,0x96,0x99,0x8f,0x6c,0x6c,0x59,0x73,0x73,0x73,0x63,0x59,0x59,0x59,0x59,0x59,0x59,0x59,0x59,0x59,0x86,0x74,0x73,0x74,0x59,0x59,0x59,0x63,0x6c,0x82,0x6c,0x7f,0xa2,0x82,0x59,0x77,0x63,0x81,0x9f,0xc3,0xec,0xb1,0xee,0x4a,0x7f,0x59,0x77,0x77,0x77,0x77,0x77,0x59,0x08,0x9d,0x37,0x00,0x02,0x2f,0x3e,0x81,0x39,0x38,0x00,0x04,0x00,0x00,0x00,0x00,0x00,0x00,0x00,0x00,0x00,0x00,0x00,0x00,0x00,0x00,0x00,0x00,0x00,0x00,0x00,0x00,0x00,0x00,0x00,0x00,0x00,0x00,0x00,0x00,0x00,0x00,0x00,
    0x00,0x00,0x00,0x00,0x00,0x00,0x00,0x00,0x00,0x00,0x00,0x00,0x00,0x00,0x00,0x00,0x00,0x00,0x00,0x00,0x00,0x00,0x00,0x00,0x00,0x00,0x00,0x00,0x00,0x00,0x00,0x03,0x03,0x1d,0x2d,0x1c,0x89,0x7e,0x5d,0x5d,0x5d,0x5d,0x78,0x6d,0xdb,0x8d,0xfd,0xe3,0xeb,0x9e,0x8e,0x95,0x7f,0x8e,0x96,0x79,0x9f,0x94,0xb6,0xa7,0x6c,0x59,0x59,0x59,0x59,0x59,0x59,0x63,0x73,0xb6,0xb6,0x94,0x25,0x77,0x5e,0x5e,0x74,0x81,0x90,0x80,0x7f,0xb7,0x7e,0x62,0x71,0x5b,0x89,0xa4,0xd0,0x7d,0x90,0xee,0xcb,0xdb,0x8b,0x6c,0x66,0x68,0x62,0x68,0x5b,0x62,0x97,0xb2,0x1b,0x02,0x36,0x39,0x8f,0x25,0x2b,0x00,0x1a,0x00,0x00,0x00,0x00,0x00,0x00,0x00,0x00,0x00,0x00,0x00,0x00,0x00,0x00,0x00,0x00,0x00,0x00,0x00,0x00,0x00,0x00,0x00,0x00,0x00,0x00,0x00,0x00,0x00,0x00,0x00,
    0x00,0x00,0x00,0x00,0x00,0x00,0x00,0x00,0x00,0x00,0x00,0x00,0x00,0x00,0x00,0x00,0x00,0x00,0x00,0x00,0x00,0x00,0x00,0x00,0x00,0x00,0x00,0x00,0x00,0x00,0x03,0x04,0x1e,0x11,0x90,0x5d,0x7e,0x5d,0x62,0x5d,0x5d,0x5d,0x5b,0xd3,0x3b,0x9a,0xee,0x9d,0xd0,0xba,0xa5,0x6f,0x6e,0xbd,0x95,0xb4,0xb4,0x9e,0x9e,0x0a,0x91,0x63,0x59,0x59,0x59,0x59,0x59,0x59,0x86,0x7f,0xa9,0xa9,0x3f,0x83,0x88,0x88,0xa5,0xb4,0xbd,0xab,0xb5,0xc5,0x10,0x62,0x5d,0x78,0x8b,0xc5,0xd0,0xc7,0x90,0xbf,0xa6,0xe5,0xa5,0x86,0x69,0x62,0x71,0x62,0x68,0x5b,0x5d,0x8b,0x10,0x00,0x1b,0xa3,0x74,0x34,0x1a,0x00,0x00,0x00,0x00,0x00,0x00,0x00,0x00,0x00,0x00,0x00,0x00,0x00,0x00,0x00,0x00,0x00,0x00,0x00,0x00,0x00,0x00,0x00,0x00,0x00,0x00,0x00,0x00,0x00,0x00,0x00,0x00,0x00,
    0x00,0x00,0x00,0x00,0x00,0x00,0x00,0x00,0x00,0x00,0x00,0x00,0x00,0x00,0x00,0x00,0x00,0x00,0x00,0x00,0x00,0x00,0x00,0x00,0x00,0x00,0x00,0x00,0x00,0x00,0x02,0x00,0x42,0x74,0x0a,0x08,0x08,0x5b,0xa8,0x68,0x62,0x6b,0x67,0xdb,0x75,0xa6,0xbf,0x6b,0x7d,0xed,0x92,0xcf,0x70,0x72,0xc1,0x7b,0x70,0x8c,0x70,0xd5,0x80,0x6c,0x77,0x59,0x59,0x59,0x59,0x6c,0x80,0xc4,0x64,0xc1,0xc1,0xd1,0xd1,0xa0,0x61,0x72,0x72,0x72,0xba,0x0f,0xa1,0x6d,0x78,0x5d,0x7c,0xbc,0xd7,0x90,0x92,0xe4,0x9b,0x93,0xd9,0x79,0x6c,0x59,0x77,0x77,0x77,0x59,0x6c,0x06,0x34,0x22,0x44,0x86,0x80,0x30,0x00,0x04,0x00,0x00,0x00,0x00,0x00,0x00,0x00,0x00,0x00,0x00,0x00,0x00,0x00,0x00,0x00,0x00,0x00,0x00,0x00,0x00,0x00,0x00,0x00,0x00,0x00,0x00,0x00,0x00,0x00,0x00,0x00,0x00,
    0x00,0x00,0x00,0x00,0x00,0x00,0x00,0x00,0x00,0x00,0x00,0x00,0x00,0x00,0x00,0x00,0x00,0x00,0x00,0x00,0x00,0x00,0x00,0x00,0x00,0x00,0x00,0x00,0x00,0x00,0x02,0x00,0x15,0x06,0x07,0x81,0xa3,0x94,0x94,0x73,0x63,0x5e,0x82,0xe6,0x93,0xb9,0xb9,0xc4,0x7e,0xac,0xec,0x7d,0xec,0xc3,0xbc,0xed,0xbf,0xd1,0xbf,0xb7,0x88,0x88,0x5e,0x59,0x59,0x59,0x59,0x63,0x74,0xb7,0xd1,0xa0,0x6f,0xc1,0xd4,0xa0,0xd4,0xed,0xbc,0xc9,0xaf,0x92,0xa1,0x6d,0x78,0x8b,0x94,0xe3,0xe1,0x92,0xe4,0xcc,0xca,0x8d,0x8d,0xdb,0x79,0x6c,0x59,0x59,0x59,0x59,0x59,0x86,0xc2,0x1c,0x73,0x07,0x86,0x2a,0x01,0x02,0x00,0x00,0x00,0x00,0x00,0x00,0x00,0x00,0x00,0x00,0x00,0x00,0x00,0x00,0x00,0x00,0x00,0x00,0x00,0x00,0x00,0x00,0x00,0x00,0x00,0x00,0x00,0x00,0x00,0x00,0x00,0x00,
    0x00,0x00,0x00,0x00,0x00,0x00,0x00,0x00,0x00,0x00,0x00,0x00,0x00,0x00,0x00,0x00,0x00,0x00,0x00,0x00,0x00,0x00,0x00,0x00,0x00,0x00,0x00,0x00,0x00,0x00,0x02,0x00,0x11,0x80,0x10,0x40,0x2c,0x9f,0x86,0x77,0x77,0x59,0xb5,0xe5,0x87,0xcd,0x9a,0xcc,0xd5,0xdc,0xc9,0x85,0xec,0xd2,0x85,0x8a,0x8f,0x90,0x99,0x96,0x83,0x7f,0x59,0x59,0x59,0x59,0x59,0x59,0x63,0x80,0x80,0x0a,0xa7,0xaa,0x3f,0x7f,0x0a,0x8a,0x8a,0x8a,0x8a,0x98,0xc2,0x67,0x7e,0xd3,0x0f,0x0f,0xba,0xcd,0xcb,0xa6,0xb9,0x9c,0x8d,0x8d,0x4f,0x8b,0x77,0x59,0x59,0x59,0x59,0x59,0x86,0x63,0x07,0x80,0x21,0x00,0x02,0x00,0x00,0x00,0x00,0x00,0x00,0x00,0x00,0x00,0x00,0x00,0x00,0x00,0x00,0x00,0x00,0x00,0x00,0x00,0x00,0x00,0x00,0x00,0x00,0x00,0x00,0x00,0x00,0x00,0x00,0x00,0x00,0x00,
    0x00,0x00,0x00,0x00,0x00,0x00,0x00,0x00,0x00,0x00,0x00,0x00,0x00,0x00,0x00,0x00,0x00,0x00,0x00,0x00,0x00,0x00,0x00,0x00,0x00,0x00,0x00,0x00,0x00,0x00,0x02,0x00,0x11,0x99,0x1b,0x00,0x13,0xa3,0x08,0x71,0x82,0x6d,0xdb,0x75,0x9c,0xca,0x9c,0x9c,0x31,0xd4,0xd5,0xdf,0xc7,0xaf,0xc7,0xc7,0xa7,0xa7,0x91,0x6c,0x63,0x59,0x59,0x59,0x59,0x59,0x59,0x59,0x59,0x6c,0x6c,0x0a,0x0a,0xdf,0x8a,0x8a,0x7d,0xd2,0x7d,0xd2,0xc7,0x95,0xaa,0xa3,0xf3,0xfb,0xac,0x6e,0x5f,0xb9,0x9a,0xa6,0x9b,0xad,0x87,0x8d,0x3b,0xa5,0x63,0x69,0x68,0x59,0x59,0x59,0x63,0x5e,0x81,0x21,0x00,0x02,0x00,0x00,0x00,0x00,0x00,0x00,0x00,0x00,0x00,0x00,0x00,0x00,0x00,0x00,0x00,0x00,0x00,0x00,0x00,0x00,0x00,0x00,0x00,0x00,0x00,0x00,0x00,0x00,0x00,0x00,0x00,0x00,0x00,0x00,
    0x00,0x00,0x00,0x00,0x00,0x00,0x00,0x00,0x00,0x00,0x00,0x00,0x00,0x00,0x00,0x00,0x00,0x00,0x00,0x00,0x00,0x00,0x00,0x00,0x00,0x00,0x00,0x00,0x00,0x00,0x02,0x00,0x11,0x2e,0x00,0x24,0x50,0x67,0x78,0x78,0x5b,0xe0,0x8d,0x8d,0x9c,0xb9,0x75,0x9c,0x4a,0xf1,0xca,0xab,0x63,0x80,0x91,0xa7,0x91,0x91,0x91,0x0a,0x59,0x59,0x63,0x6c,0x63,0x59,0x63,0x63,0x63,0x59,0x59,0x59,0x0a,0xa7,0xb1,0x8a,0x8a,0x7d,0x85,0x8a,0x3f,0xf8,0x5d,0xe0,0xcc,0xfd,0xe2,0x61,0x65,0x65,0xcc,0x9a,0x9b,0xa6,0x93,0x75,0x75,0xf6,0x8b,0x6c,0x59,0x77,0x59,0x63,0x86,0x08,0x54,0x00,0x04,0x1e,0x02,0x04,0x00,0x00,0x00,0x00,0x00,0x00,0x00,0x00,0x00,0x00,0x00,0x00,0x00,0x00,0x00,0x00,0x00,0x00,0x00,0x00,0x00,0x00,0x00,0x00,0x00,0x00,0x00,0x00,0x00,0x00,0x00,0x00,
    0x00,0x00,0x00,0x00,0x00,0x00,0x00,0x00,0x00,0x00,0x00,0x00,0x00,0x00,0x00,0x00,0x00,0x00,0x00,0x00,0x00,0x00,0x00,0x00,0x00,0x00,0x00,0x00,0x00,0x00,0x02,0x00,0x11,0x13,0x04,0x21,0xa3,0x7e,0x78,0x5b,0x6d,0xfb,0x8d,0x75,0x9c,0xe7,0x4a,0xd5,0xf9,0xf5,0xf9,0x51,0xd4,0x92,0x6b,0x73,0x91,0xa7,0xa7,0x0a,0x59,0x59,0x59,0x77,0x86,0x86,0x86,0x7f,0x74,0x86,0x59,0x59,0x63,0x91,0xa7,0xc7,0xc7,0xc7,0xaf,0xc6,0xd1,0xd4,0x4f,0xf7,0xe4,0xff,0xf5,0xe2,0x5c,0x5f,0xce,0x9a,0x9b,0xad,0x93,0x75,0x75,0xe5,0xb5,0x59,0x5e,0x63,0x6b,0x6b,0x8b,0xa4,0x0f,0x2a,0x00,0x00,0x00,0x00,0x00,0x00,0x00,0x00,0x00,0x00,0x00,0x00,0x00,0x00,0x00,0x00,0x00,0x00,0x00,0x00,0x00,0x00,0x00,0x00,0x00,0x00,0x00,0x00,0x00,0x00,0x00,0x00,0x00,0x00,0x00,0x00,
    0x00,0x00,0x00,0x00,0x00,0x00,0x00,0x00,0x00,0x00,0x00,0x00,0x00,0x00,0x00,0x00,0x00,0x00,0x00,0x00,0x00,0x00,0x00,0x00,0x00,0x00,0x00,0x00,0x00,0x00,0x04,0x00,0x19,0x35,0x00,0x2c,0x73,0x08,0x69,0x10,0x08,0x4f,0x75,0x93,0x8d,0x9b,0xe7,0xf1,0xf5,0xf4,0xf0,0xf1,0xca,0xcd,0xd1,0xc9,0xaa,0x73,0x73,0x73,0x86,0x6c,0x6c,0x91,0xdf,0xa7,0x91,0xa7,0xdf,0x7f,0x6c,0x6c,0x86,0x73,0x81,0x74,0xdf,0xa2,0xcf,0x65,0x72,0xe4,0x87,0xe4,0xf1,0xf0,0xf4,0xf0,0xf1,0x65,0x72,0x9b,0x9b,0x9c,0x93,0x75,0x75,0x75,0xe0,0x67,0x8b,0x97,0xa1,0x62,0x78,0x7e,0x8b,0x67,0x40,0x21,0x37,0x45,0x00,0x04,0x00,0x00,0x00,0x00,0x00,0x00,0x00,0x00,0x00,0x00,0x00,0x00,0x00,0x00,0x00,0x00,0x00,0x00,0x00,0x00,0x00,0x00,0x00,0x00,0x00,0x00,0x00,0x00,0x00,0x00,
    0x00,0x00,0x00,0x00,0x00,0x00,0x00,0x00,0x00,0x00,0x00,0x00,0x00,0x00,0x00,0x00,0x00,0x00,0x00,0x00,0x00,0x00,0x00,0x00,0x00,0x00,0x00,0x00,0x00,0x00,0x00,0x00,0x03,0x24,0x00,0x15,0x81,0x18,0x8b,0xf3,0xe0,0xb2,0x75,0x75,0x75,0xe7,0x9a,0xcd,0xf4,0xf5,0xe8,0xcd,0x9a,0xcc,0x6f,0x72,0x84,0xac,0xc5,0x9e,0xb5,0x96,0x8e,0x96,0x91,0x8f,0x7f,0x8f,0x7f,0x90,0x80,0x8f,0xb5,0xa9,0xa2,0xac,0xa0,0x5f,0x64,0x61,0x6a,0xca,0xe7,0x72,0xdc,0xf4,0xf0,0xe8,0x60,0x5f,0x72,0xe4,0xb9,0x87,0x75,0x75,0x75,0x87,0xa5,0x67,0xc2,0xf3,0xa1,0x6d,0x5d,0x62,0x82,0x5e,0x81,0x99,0x8e,0x42,0x00,0x02,0x00,0x00,0x00,0x00,0x00,0x00,0x00,0x00,0x00,0x00,0x00,0x00,0x00,0x00,0x00,0x00,0x00,0x00,0x00,0x00,0x00,0x00,0x00,0x00,0x00,0x00,0x00,0x00,0x00,0x00,
    0x00,0x00,0x00,0x00,0x00,0x00,0x00,0x00,0x00,0x00,0x00,0x00,0x00,0x00,0x00,0x00,0x00,0x00,0x00,0x00,0x00,0x00,0x00,0x00,0x00,0x00,0x00,0x00,0x00,0x00,0x00,0x00,0x00,0x04,0x01,0x20,0x73,0x07,0x8b,0xe6,0xd9,0x7c,0xd9,0x87,0x93,0x9b,0xcb,0xef,0xe8,0xf9,0xe8,0xef,0xcc,0x5a,0x65,0x61,0x7a,0x7b,0x6a,0x64,0xa0,0xd1,0xd5,0xc4,0xc6,0xc6,0x95,0x9e,0xc6,0xc4,0xab,0xac,0xc1,0x6a,0x5f,0x72,0x7a,0x8c,0xa0,0x8c,0x5a,0x9b,0x7b,0x72,0xe2,0xf0,0xe8,0xe8,0x6f,0x5f,0x64,0x64,0xb9,0x87,0x8d,0x87,0x75,0xd9,0x89,0xb2,0xd9,0x3b,0x7c,0x91,0x78,0x8b,0x79,0x0a,0x07,0x91,0x8f,0x15,0x00,0x02,0x00,0x00,0x00,0x00,0x00,0x00,0x00,0x00,0x00,0x00,0x00,0x00,0x00,0x00,0x00,0x00,0x00,0x00,0x00,0x00,0x00,0x00,0x00,0x00,0x00,0x00,0x00,0x00,0x00,0x00,
    0x00,0x00,0x00,0x00,0x00,0x00,0x00,0x00,0x00,0x00,0x00,0x00,0x00,0x00,0x00,0x00,0x00,0x00,0x00,0x00,0x00,0x00,0x00,0x00,0x00,0x00,0x00,0x00,0x00,0x00,0x00,0x00,0x01,0x02,0x03,0x2b,0x10,0x73,0x8b,0xf3,0x9c,0xd9,0xdb,0x75,0x93,0xad,0xcb,0x51,0x51,0x9b,0xbf,0xcd,0xce,0x72,0x6a,0x6f,0x5c,0xa0,0x8c,0x61,0x5a,0x5f,0x72,0x72,0x72,0xa0,0xeb,0xdc,0xeb,0xbc,0xc3,0xc3,0xa0,0x5f,0x76,0xb8,0xb8,0x84,0x6a,0x64,0x7b,0xce,0x5c,0x64,0xe2,0xe2,0x5a,0xe2,0x6e,0x5f,0x5f,0x6f,0xcb,0x87,0x75,0x75,0x75,0xe0,0xe0,0xf7,0x9a,0xf6,0x66,0x91,0x67,0x94,0x9f,0x81,0x81,0x73,0x81,0x30,0x00,0x02,0x00,0x00,0x00,0x00,0x00,0x00,0x00,0x00,0x00,0x00,0x00,0x00,0x00,0x00,0x00,0x00,0x00,0x00,0x00,0x00,0x00,0x00,0x00,0x00,0x00,0x00,0x00,0x00,0x00,0x00,
    0x00,0x00,0x00,0x00,0x00,0x00,0x00,0x00,0x00,0x00,0x00,0x00,0x00,0x00,0x00,0x00,0x00,0x00,0x00,0x00,0x00,0x00,0x00,0x00,0x00,0x00,0x00,0x00,0x00,0x00,0x00,0x00,0x00,0x00,0x03,0x00,0x16,0x15,0x81,0xb1,0xe7,0x8d,0x87,0x75,0x75,0x87,0x9b,0xa6,0x9a,0x9c,0x9a,0x4a,0x64,0x65,0x5f,0x5f,0x5f,0x5f,0x5a,0x5a,0x65,0x65,0x65,0x65,0x64,0x70,0xc3,0x85,0x85,0x7d,0xd0,0xdc,0x6f,0x6a,0x61,0x8c,0x6a,0x5f,0x5f,0x5f,0x6f,0x8c,0x5c,0x5a,0x64,0x7a,0xb8,0x6a,0x6a,0x6a,0x5f,0xcd,0x9a,0x87,0x75,0x87,0xe6,0xdb,0xad,0x9b,0x8d,0xf6,0x79,0x6c,0x79,0x9f,0xfa,0x2c,0x2e,0x2e,0xc2,0x23,0x00,0x02,0x00,0x00,0x00,0x00,0x00,0x00,0x00,0x00,0x00,0x00,0x00,0x00,0x00,0x00,0x00,0x00,0x00,0x00,0x00,0x00,0x00,0x00,0x00,0x00,0x00,0x00,0x00,0x00,0x00,0x00,
    0x00,0x00,0x00,0x00,0x00,0x00,0x00,0x00,0x00,0x00,0x00,0x00,0x00,0x00,0x00,0x00,0x00,0x00,0x00,0x00,0x00,0x00,0x00,0x00,0x00,0x00,0x00,0x00,0x00,0x00,0x00,0x00,0x00,0x00,0x04,0x02,0x00,0x1d,0x1c,0x7e,0xee,0x8d,0x75,0x87,0x87,0x87,0xcc,0xcb,0xa6,0x9a,0xca,0x8c,0x70,0x6a,0x64,0x5f,0x64,0x7b,0xa0,0x8c,0x61,0x5f,0x5f,0x5f,0x65,0x72,0x65,0xc9,0xc9,0xba,0xa0,0x60,0x65,0x84,0x5a,0x64,0x64,0x5f,0x6a,0x6f,0x8c,0x8c,0x70,0x5a,0x5c,0x60,0x5c,0x60,0x6a,0x6a,0x65,0x9b,0xa6,0x87,0x75,0x75,0xe6,0x3b,0xb9,0x9c,0x93,0xd9,0x89,0x59,0x6c,0x67,0x89,0x37,0x00,0x00,0x37,0x02,0x03,0x00,0x00,0x00,0x00,0x00,0x00,0x00,0x00,0x00,0x00,0x00,0x00,0x00,0x00,0x00,0x00,0x00,0x00,0x00,0x00,0x00,0x00,0x00,0x00,0x00,0x00,0x00,0x00,0x00,0x00,0x00,
    0x00,0x00,0x00,0x00,0x00,0x00,0x00,0x00,0x00,0x00,0x00,0x00,0x00,0x00,0x00,0x00,0x00,0x00,0x00,0x00,0x00,0x00,0x00,0x00,0x00,0x00,0x00,0x00,0x00,0x00,0x00,0x00,0x00,0x00,0x00,0x02,0x1e,0x47,0x40,0xe1,0x98,0xad,0x93,0x75,0x87,0x75,0xa6,0x9b,0x9a,0xcd,0x5f,0x65,0x6a,0x65,0x65,0x7a,0x84,0x6e,0x61,0x5a,0x70,0x65,0x60,0x8c,0x64,0x6e,0xbd,0xc6,0xb4,0xc6,0xbd,0x6e,0x5f,0xa0,0x5f,0x5f,0x64,0x6f,0x61,0x5c,0x6a,0x6a,0x7a,0x5c,0x5c,0x5a,0x5a,0x5a,0x7a,0x7a,0x5f,0xce,0x9a,0x8d,0x87,0x8d,0x8d,0x75,0xcc,0x9b,0x8d,0x93,0xd9,0xe0,0x86,0x82,0x73,0x10,0x24,0x02,0x1e,0x00,0x00,0x00,0x00,0x00,0x00,0x00,0x00,0x00,0x00,0x00,0x00,0x00,0x00,0x00,0x00,0x00,0x00,0x00,0x00,0x00,0x00,0x00,0x00,0x00,0x00,0x00,0x00,0x00,0x00,0x00,0x00,0x00,
    0x00,0x00,0x00,0x00,0x00,0x00,0x00,0x00,0x00,0x00,0x00,0x00,0x00,0x00,0x00,0x00,0x00,0x00,0x00,0x00,0x00,0x00,0x00,0x00,0x00,0x00,0x00,0x00,0x00,0x00,0x00,0x00,0x00,0x1e,0x16,0x00,0x00,0x22,0x1c,0x86,0xfc,0x87,0x93,0x75,0x75,0xc8,0xa6,0xcb,0xca,0x5f,0x6a,0x65,0x5a,0x5a,0x5a,0x6e,0x61,0x7a,0x5a,0x7a,0x64,0x5c,0x84,0x5c,0xb8,0xa5,0x8e,0x96,0x81,0x80,0x63,0x94,0xc1,0x72,0x6f,0x64,0x65,0x6a,0x65,0x64,0x5f,0x5f,0x64,0x65,0x70,0x5c,0x5a,0x5a,0x5a,0x61,0x6a,0x5f,0xca,0x9c,0x87,0x87,0x87,0x75,0x93,0x9c,0x9b,0xad,0x75,0xe6,0x59,0x0a,0xb2,0x2d,0x02,0x04,0x00,0x00,0x00,0x00,0x00,0x00,0x00,0x00,0x00,0x00,0x00,0x00,0x00,0x00,0x00,0x00,0x00,0x00,0x00,0x00,0x00,0x00,0x00,0x00,0x00,0x00,0x00,0x00,0x00,0x00,0x00,0x00,0x00,0x00,
    0x00,0x00,0x00,0x00,0x00,0x00,0x00,0x00,0x00,0x00,0x00,0x00,0x00,0x00,0x00,0x00,0x00,0x00,0x00,0x00,0x00,0x00,0x00,0x00,0x00,0x00,0x00,0x00,0x00,0x00,0x00,0x00,0x00,0x1e,0x40,0x2e,0x2d,0x18,0x99,0xfa,0xad,0xc8,0x75,0x75,0x75,0x87,0xb9,0x9b,0x6f,0x70,0x65,0x7a,0x5c,0x5a,0x61,0x5a,0x5a,0x5a,0x5c,0x6a,0x6a,0x5c,0x5a,0x64,0x95,0x90,0xb5,0x6c,0x0a,0x86,0x9f,0x92,0xa4,0x6e,0x61,0x70,0x64,0x6e,0x6f,0x5f,0x65,0x65,0x64,0x5f,0x64,0x6a,0x7a,0x5c,0x5a,0x5c,0x7a,0x5f,0x7b,0xcb,0x9c,0x93,0x93,0x75,0x87,0x93,0x87,0xb9,0x87,0x75,0x4f,0xa3,0x4c,0x00,0x47,0x03,0x03,0x00,0x00,0x00,0x00,0x00,0x00,0x00,0x00,0x00,0x00,0x00,0x00,0x00,0x00,0x00,0x00,0x00,0x00,0x00,0x00,0x00,0x00,0x00,0x00,0x00,0x00,0x00,0x00,0x00,0x00,0x00,0x00,0x00,
    0x00,0x00,0x00,0x00,0x00,0x00,0x00,0x00,0x00,0x00,0x00,0x00,0x00,0x00,0x00,0x00,0x00,0x00,0x00,0x00,0x00,0x00,0x00,0x00,0x00,0x00,0x00,0x00,0x00,0x00,0x00,0x00,0x04,0x00,0x1b,0x4d,0x90,0x3f,0x2c,0xf7,0xc8,0x87,0x87,0x93,0xc8,0xb9,0xcc,0xce,0x65,0x61,0x7a,0x5c,0x5a,0x5a,0x5a,0x5a,0x5a,0x5a,0x5a,0x65,0x61,0x60,0x65,0xd4,0x8f,0x82,0x59,0x59,0x77,0xaa,0x5e,0x9e,0x92,0xac,0x64,0x76,0x70,0x65,0x65,0x5f,0x6f,0x61,0x5a,0x5a,0x61,0x5a,0x6a,0x6a,0x5c,0x5c,0x6f,0x6a,0x6f,0xcc,0x9a,0xa6,0x8d,0x87,0x93,0x75,0x75,0x9b,0x9c,0x8d,0x3b,0xdb,0x46,0x00,0x00,0x00,0x00,0x00,0x00,0x00,0x00,0x00,0x00,0x00,0x00,0x00,0x00,0x00,0x00,0x00,0x00,0x00,0x00,0x00,0x00,0x00,0x00,0x00,0x00,0x00,0x00,0x00,0x00,0x00,0x00,0x00,0x00,0x00,0x00,0x00,
    0x00,0x00,0x00,0x00,0x00,0x00,0x00,0x00,0x00,0x00,0x00,0x00,0x00,0x00,0x00,0x00,0x00,0x00,0x00,0x00,0x00,0x00,0x00,0x00,0x00,0x00,0x00,0x00,0x00,0x00,0x00,0x00,0x00,0x00,0x03,0x00,0x2b,0x38,0x55,0xc8,0x75,0x75,0xc8,0x75,0xe7,0x31,0xcb,0x6a,0x61,0x5a,0x5a,0x5a,0x5a,0x5a,0x5a,0x5a,0x5a,0x5a,0x5a,0x6a,0x76,0x6e,0x64,0xab,0x99,0x6c,0x59,0x6c,0x5e,0x0a,0x92,0x59,0xba,0x84,0x76,0x60,0x60,0x60,0x65,0x5f,0x65,0x5c,0x5a,0x5c,0x5a,0x5c,0x5a,0x7a,0x5a,0x5c,0x6f,0x6f,0x64,0xcd,0x8d,0xa6,0xa6,0xa6,0xe7,0x9c,0xad,0xe7,0x75,0x8d,0x75,0x93,0x3b,0x4e,0x4e,0x43,0x00,0x01,0x00,0x00,0x00,0x00,0x00,0x00,0x00,0x00,0x00,0x00,0x00,0x00,0x00,0x00,0x00,0x00,0x00,0x00,0x00,0x00,0x00,0x00,0x00,0x00,0x00,0x00,0x00,0x00,0x00,0x00,0x00,0x00,
    0x00,0x00,0x00,0x00,0x00,0x00,0x00,0x00,0x00,0x00,0x00,0x00,0x00,0x00,0x00,0x00,0x00,0x00,0x00,0x00,0x00,0x00,0x00,0x00,0x00,0x00,0x00,0x00,0x00,0x00,0x00,0x00,0x00,0x00,0x04,0x00,0x00,0x00,0x4e,0xc8,0x75,0x87,0x31,0x3a,0x48,0x93,0xcd,0x70,0x7b,0x61,0x61,0x5c,0x5c,0x61,0x5c,0x5a,0x5a,0x5c,0x70,0x6a,0x5c,0x76,0x5f,0xc4,0x8e,0x83,0x86,0x6c,0x92,0x91,0x94,0xa4,0xab,0x64,0x6e,0x84,0x84,0x6e,0x76,0x64,0x64,0x5a,0x5a,0x5a,0x5a,0x5a,0x5a,0x5c,0x6f,0x5a,0x6f,0x65,0x70,0x7b,0x9a,0xad,0xad,0xad,0xef,0x48,0x3a,0x48,0xc8,0x93,0xa6,0x9c,0xc8,0xc8,0x31,0x38,0x01,0x1a,0x00,0x00,0x00,0x00,0x00,0x00,0x00,0x00,0x00,0x00,0x00,0x00,0x00,0x00,0x00,0x00,0x00,0x00,0x00,0x00,0x00,0x00,0x00,0x00,0x00,0x00,0x00,0x00,0x00,0x00,0x00,0x00,
    0x00,0x00,0x00,0x00,0x00,0x00,0x00,0x00,0x00,0x00,0x00,0x00,0x00,0x00,0x00,0x00,0x00,0x00,0x00,0x00,0x00,0x00,0x00,0x00,0x00,0x00,0x00,0x00,0x00,0x00,0x00,0x00,0x00,0x00,0x00,0x01,0x47,0x04,0x41,0x9c,0x87,0x87,0x3a,0x00,0x49,0x8d,0xce,0x5c,0x6e,0x76,0x76,0x76,0x76,0x76,0x5c,0x5a,0x5a,0x5c,0x70,0x65,0x5a,0x61,0x72,0xac,0x8e,0x91,0x91,0x99,0xb6,0x92,0xb2,0xc1,0x6e,0x5a,0x60,0x6e,0x76,0x76,0x7b,0x70,0x65,0x6f,0x60,0x61,0x5c,0x5a,0x5a,0x5c,0x70,0x5a,0x6f,0x64,0x7a,0x5f,0xb9,0x9a,0x9a,0x31,0x52,0x49,0x00,0x3a,0x87,0x93,0xad,0x51,0x48,0x3a,0x12,0x00,0x01,0x00,0x00,0x00,0x00,0x00,0x00,0x00,0x00,0x00,0x00,0x00,0x00,0x00,0x00,0x00,0x00,0x00,0x00,0x00,0x00,0x00,0x00,0x00,0x00,0x00,0x00,0x00,0x00,0x00,0x00,0x00,0x00,0x00,
    0x00,0x00,0x00,0x00,0x00,0x00,0x00,0x00,0x00,0x00,0x00,0x00,0x00,0x00,0x00,0x00,0x00,0x00,0x00,0x00,0x00,0x00,0x00,0x00,0x00,0x00,0x00,0x00,0x00,0x00,0x00,0x00,0x00,0x00,0x00,0x00,0x00,0x04,0x00,0x46,0xad,0xe5,0x46,0x17,0x3a,0x8d,0xce,0x60,0x7b,0x76,0x76,0x76,0x76,0x76,0x61,0x5a,0x5a,0x5c,0x7a,0x64,0x7a,0x5a,0x64,0x6a,0xac,0xc1,0xb8,0xc6,0x83,0xd8,0xd1,0x64,0x60,0x60,0x5c,0x5a,0x5c,0x60,0x76,0x61,0x6a,0x65,0x5a,0x76,0x60,0x5c,0x5a,0x5a,0x5a,0x5c,0x6f,0x6a,0x5c,0x5f,0xce,0x9a,0x9c,0xef,0xe5,0x49,0x00,0x46,0x8d,0x75,0xad,0x12,0x00,0x1a,0x03,0x00,0x00,0x00,0x00,0x00,0x00,0x00,0x00,0x00,0x00,0x00,0x00,0x00,0x00,0x00,0x00,0x00,0x00,0x00,0x00,0x00,0x00,0x00,0x00,0x00,0x00,0x00,0x00,0x00,0x00,0x00,0x00,0x00,0x00,0x00,
    0x00,0x00,0x00,0x00,0x00,0x00,0x00,0x00,0x00,0x00,0x00,0x00,0x00,0x00,0x00,0x00,0x00,0x00,0x00,0x00,0x00,0x00,0x00,0x00,0x00,0x00,0x00,0x00,0x00,0x00,0x00,0x00,0x00,0x00,0x00,0x00,0x00,0x00,0x05,0x00,0x41,0x46,0x48,0x0b,0x38,0x31,0x61,0x60,0x61,0x5c,0x61,0x61,0x60,0x76,0x76,0x61,0x5a,0x5a,0x7a,0x65,0x7a,0x61,0x6a,0x5f,0x72,0x65,0x72,0x64,0xd4,0x7a,0x6a,0x6e,0x76,0x76,0x76,0x60,0x5a,0x5a,0x5a,0x5c,0x7a,0x6a,0x70,0x76,0x61,0x5a,0x5a,0x5a,0x5a,0x5c,0x70,0x6f,0x61,0x70,0x7a,0xcb,0x31,0x52,0xc8,0x49,0x12,0x53,0x93,0x9c,0x3a,0x00,0x1a,0x1a,0x1a,0x00,0x00,0x00,0x00,0x00,0x00,0x00,0x00,0x00,0x00,0x00,0x00,0x00,0x00,0x00,0x00,0x00,0x00,0x00,0x00,0x00,0x00,0x00,0x00,0x00,0x00,0x00,0x00,0x00,0x00,0x00,0x00,0x00,0x00,0x00,
    0x00,0x00,0x00,0x00,0x00,0x00,0x00,0x00,0x00,0x00,0x00,0x00,0x00,0x00,0x00,0x00,0x00,0x00,0x00,0x00,0x00,0x00,0x00,0x00,0x00,0x00,0x00,0x00,0x00,0x00,0x00,0x00,0x00,0x00,0x00,0x00,0x00,0x00,0x00,0x1a,0x00,0x00,0x47,0x00,0x00,0x26,0x0d,0x0d,0x5a,0x5a,0x61,0x61,0x60,0x76,0x76,0x61,0x5c,0x5c,0x5a,0x64,0x64,0x6a,0x5f,0x5f,0x70,0x7a,0x65,0x5a,0x65,0x76,0x6e,0x60,0x76,0x76,0x76,0x76,0x60,0x60,0x5a,0x5a,0x5a,0x5c,0x5c,0x5a,0x5c,0x5a,0x5a,0x5a,0x5a,0x5a,0x5c,0x5a,0x5a,0x61,0x5f,0xca,0xef,0x52,0x8d,0x53,0x3b,0x87,0x49,0x41,0x00,0x1a,0x00,0x00,0x00,0x00,0x00,0x00,0x00,0x00,0x00,0x00,0x00,0x00,0x00,0x00,0x00,0x00,0x00,0x00,0x00,0x00,0x00,0x00,0x00,0x00,0x00,0x00,0x00,0x00,0x00,0x00,0x00,0x00,0x00,0x00,0x00,0x00,0x00,0x00,
    0x00,0x00,0x00,0x00,0x00,0x00,0x00,0x00,0x00,0x00,0x00,0x00,0x00,0x00,0x00,0x00,0x00,0x00,0x00,0x00,0x00,0x00,0x00,0x00,0x00,0x00,0x00,0x00,0x00,0x00,0x00,0x00,0x00,0x00,0x00,0x00,0x00,0x00,0x00,0x00,0x1a,0x1a,0x00,0x01,0x00,0x00,0x3d,0x60,0x0d,0x76,0x76,0x76,0x76,0x60,0x5c,0x5a,0x5a,0x5a,0x5c,0x6f,0x64,0x65,0x6a,0x64,0x7a,0x6f,0x6f,0x76,0x5a,0x7a,0x76,0x76,0x76,0x76,0x76,0x76,0x76,0x76,0x61,0x5a,0x5a,0x5a,0x5a,0x5a,0x5a,0x5a,0x5a,0x5a,0x5a,0x7a,0x6f,0x5a,0x5a,0x61,0x64,0xce,0xca,0x4a,0x53,0x4e,0x55,0x41,0x00,0x00,0x1a,0x00,0x00,0x00,0x00,0x00,0x00,0x00,0x00,0x00,0x00,0x00,0x00,0x00,0x00,0x00,0x00,0x00,0x00,0x00,0x00,0x00,0x00,0x00,0x00,0x00,0x00,0x00,0x00,0x00,0x00,0x00,0x00,0x00,0x00,0x00,0x00,0x00,0x00,0x00,
    0x00,0x00,0x00,0x00,0x00,0x00,0x00,0x00,0x00,0x00,0x00,0x00,0x00,0x00,0x00,0x00,0x00,0x00,0x00,0x00,0x00,0x00,0x00,0x00,0x00,0x00,0x00,0x00,0x00,0x00,0x00,0x00,0x00,0x00,0x00,0x00,0x00,0x00,0x00,0x00,0x00,0x00,0x01,0x00,0x05,0x1a,0x0c,0x6e,0x84,0x6e,0x6e,0x76,0x61,0x5c,0x5a,0x5c,0x60,0x60,0x60,0x5a,0x5f,0x65,0x64,0x65,0x5c,0x65,0x70,0x60,0x6a,0x64,0x5c,0x61,0x76,0x76,0x76,0x76,0x76,0x76,0x76,0x5c,0x5a,0x5a,0x5a,0x5a,0x5a,0x5c,0x5a,0x5c,0x5a,0x65,0x70,0x5a,0x5a,0x5c,0x5c,0x33,0x0b,0x41,0x41,0x00,0x00,0x00,0x1a,0x1a,0x00,0x00,0x00,0x00,0x00,0x00,0x00,0x00,0x00,0x00,0x00,0x00,0x00,0x00,0x00,0x00,0x00,0x00,0x00,0x00,0x00,0x00,0x00,0x00,0x00,0x00,0x00,0x00,0x00,0x00,0x00,0x00,0x00,0x00,0x00,0x00,0x00,0x00,0x00,0x00,
    0x00,0x00,0x00,0x00,0x00,0x00,0x00,0x00,0x00,0x00,0x00,0x00,0x00,0x00,0x00,0x00,0x00,0x00,0x00,0x00,0x00,0x00,0x00,0x00,0x00,0x00,0x00,0x00,0x00,0x00,0x00,0x00,0x00,0x00,0x00,0x00,0x00,0x00,0x00,0x00,0x00,0x00,0x00,0x00,0x05,0x01,0x0b,0x6e,0x84,0x84,0x6e,0x60,0x6f,0x65,0x65,0x65,0x64,0x64,0x65,0x72,0xcf,0xd0,0x5c,0x64,0x84,0x70,0x64,0x6e,0x7a,0x6a,0x5c,0x5a,0x61,0x76,0x76,0x76,0x76,0x76,0x76,0x60,0x61,0x5c,0x5c,0x5c,0x5c,0x5a,0x5c,0x7a,0x65,0x6f,0x61,0x5c,0x5a,0x5a,0x0d,0x0d,0x0b,0x00,0x00,0x1a,0x1a,0x04,0x00,0x00,0x00,0x00,0x00,0x00,0x00,0x00,0x00,0x00,0x00,0x00,0x00,0x00,0x00,0x00,0x00,0x00,0x00,0x00,0x00,0x00,0x00,0x00,0x00,0x00,0x00,0x00,0x00,0x00,0x00,0x00,0x00,0x00,0x00,0x00,0x00,0x00,0x00,0x00,0x00,0x00,
    0x00,0x00,0x00,0x00,0x00,0x00,0x00,0x00,0x00,0x00,0x00,0x00,0x00,0x00,0x00,0x00,0x00,0x00,0x00,0x00,0x00,0x00,0x00,0x00,0x00,0x00,0x00,0x00,0x00,0x00,0x00,0x00,0x00,0x00,0x00,0x00,0x00,0x00,0x00,0x00,0x00,0x00,0x00,0x00,0x00,0x05,0x00,0x28,0x76,0x6e,0x0d,0x6f,0x64,0x72,0x72,0x60,0xcf,0xd8,0xd8,0xc3,0x7d,0xc7,0xc9,0xd6,0x7d,0xd7,0xa0,0x72,0x64,0x7a,0x60,0x5a,0x5c,0x76,0x76,0x76,0x76,0x76,0x76,0x60,0x61,0x5a,0x5c,0x5c,0x5a,0x5c,0x7a,0x64,0x64,0x65,0x6f,0x6f,0x7a,0x5c,0x0d,0x5c,0x27,0x00,0x47,0x00,0x00,0x00,0x00,0x00,0x00,0x00,0x00,0x00,0x00,0x00,0x00,0x00,0x00,0x00,0x00,0x00,0x00,0x00,0x00,0x00,0x00,0x00,0x00,0x00,0x00,0x00,0x00,0x00,0x00,0x00,0x00,0x00,0x00,0x00,0x00,0x00,0x00,0x00,0x00,0x00,0x00,0x00,0x00,0x00,
    0x00,0x00,0x00,0x00,0x00,0x00,0x00,0x00,0x00,0x00,0x00,0x00,0x00,0x00,0x00,0x00,0x00,0x00,0x00,0x00,0x00,0x00,0x00,0x00,0x00,0x00,0x00,0x00,0x00,0x00,0x00,0x00,0x00,0x00,0x00,0x00,0x00,0x00,0x00,0x00,0x00,0x00,0x00,0x00,0x00,0x00,0x05,0x00,0x28,0x3d,0x7a,0x64,0x65,0xc1,0xc4,0xaa,0x88,0x8f,0x73,0x5e,0xc7,0x8a,0xbc,0x98,0x8f,0x8f,0xaa,0xab,0xc1,0x70,0x5f,0x76,0x6e,0x76,0x76,0x76,0x76,0x60,0x5a,0x5c,0x5a,0x5c,0x60,0x6e,0x7b,0x70,0x64,0x5f,0x64,0x5f,0x5f,0x5f,0x64,0x6f,0x5c,0x5c,0x1f,0x12,0x01,0x01,0x00,0x00,0x00,0x00,0x00,0x00,0x00,0x00,0x00,0x00,0x00,0x00,0x00,0x00,0x00,0x00,0x00,0x00,0x00,0x00,0x00,0x00,0x00,0x00,0x00,0x00,0x00,0x00,0x00,0x00,0x00,0x00,0x00,0x00,0x00,0x00,0x00,0x00,0x00,0x00,0x00,0x00,0x00,0x00,
    0x00,0x00,0x00,0x00,0x00,0x00,0x00,0x00,0x00,0x00,0x00,0x00,0x00,0x00,0x00,0x00,0x00,0x00,0x00,0x00,0x00,0x00,0x00,0x00,0x00,0x00,0x00,0x00,0x00,0x00,0x00,0x00,0x00,0x00,0x00,0x00,0x00,0x00,0x00,0x00,0x00,0x00,0x00,0x00,0x00,0x00,0x00,0x05,0x00,0x17,0x4b,0xac,0x9e,0x88,0x8e,0x8e,0x88,0x83,0x7f,0x6c,0x86,0xa7,0xed,0x9e,0x80,0x6c,0x74,0x99,0x96,0x9e,0xbf,0x70,0x6a,0x6e,0x76,0x76,0x76,0x76,0x61,0x60,0x76,0x76,0x76,0x60,0x6a,0x65,0x60,0x61,0x64,0x5f,0x64,0x64,0x5f,0x64,0x7a,0x5c,0x65,0x0e,0x00,0x05,0x00,0x00,0x00,0x00,0x00,0x00,0x00,0x00,0x00,0x00,0x00,0x00,0x00,0x00,0x00,0x00,0x00,0x00,0x00,0x00,0x00,0x00,0x00,0x00,0x00,0x00,0x00,0x00,0x00,0x00,0x00,0x00,0x00,0x00,0x00,0x00,0x00,0x00,0x00,0x00,0x00,0x00,0x00,0x00,
    0x00,0x00,0x00,0x00,0x00,0x00,0x00,0x00,0x00,0x00,0x00,0x00,0x00,0x00,0x00,0x00,0x00,0x00,0x00,0x00,0x00,0x00,0x00,0x00,0x00,0x00,0x00,0x00,0x00,0x00,0x00,0x00,0x00,0x00,0x00,0x00,0x00,0x00,0x00,0x00,0x00,0x00,0x00,0x00,0x00,0x00,0x00,0x00,0x47,0x00,0x22,0x96,0x8e,0x96,0x83,0x83,0x83,0x86,0x63,0x77,0x63,0x59,0xd8,0xaa,0x88,0x83,0x7f,0x7f,0x7f,0x96,0x99,0x9e,0xd1,0x72,0x6a,0x76,0x6e,0x84,0x6e,0x76,0x5a,0x6f,0x6a,0x65,0x65,0x64,0x7a,0x76,0x5a,0x64,0x64,0x64,0x64,0x64,0x7a,0x5c,0x65,0x0e,0x00,0x05,0x00,0x00,0x00,0x00,0x00,0x00,0x00,0x00,0x00,0x00,0x00,0x00,0x00,0x00,0x00,0x00,0x00,0x00,0x00,0x00,0x00,0x00,0x00,0x00,0x00,0x00,0x00,0x00,0x00,0x00,0x00,0x00,0x00,0x00,0x00,0x00,0x00,0x00,0x00,0x00,0x00,0x00,0x00,0x00,
    0x00,0x00,0x00,0x00,0x00,0x00,0x00,0x00,0x00,0x00,0x00,0x00,0x00,0x00,0x00,0x00,0x00,0x00,0x00,0x00,0x00,0x00,0x00,0x00,0x00,0x00,0x00,0x00,0x00,0x00,0x00,0x00,0x00,0x00,0x00,0x00,0x00,0x00,0x00,0x00,0x00,0x00,0x00,0x00,0x00,0x00,0x00,0x00,0x02,0x05,0x13,0x8e,0x18,0x6c,0x0a,0x6c,0x18,0x7f,0x7f,0x83,0x88,0x5e,0xab,0x7f,0x06,0x77,0x77,0x63,0x63,0x6b,0x18,0x99,0x63,0xba,0xc1,0x65,0x64,0x65,0x6a,0x6f,0x60,0xa0,0x64,0x5a,0x5a,0x64,0x5f,0x7a,0x61,0x7a,0x65,0x64,0x64,0x5f,0x6a,0x5c,0x65,0x0e,0x00,0x05,0x00,0x00,0x00,0x00,0x00,0x00,0x00,0x00,0x00,0x00,0x00,0x00,0x00,0x00,0x00,0x00,0x00,0x00,0x00,0x00,0x00,0x00,0x00,0x00,0x00,0x00,0x00,0x00,0x00,0x00,0x00,0x00,0x00,0x00,0x00,0x00,0x00,0x00,0x00,0x00,0x00,0x00,0x00,0x00,
    0x00,0x00,0x00,0x00,0x00,0x00,0x00,0x00,0x00,0x00,0x00,0x00,0x00,0x00,0x00,0x00,0x00,0x00,0x00,0x00,0x00,0x00,0x00,0x00,0x00,0x00,0x00,0x00,0x00,0x00,0x00,0x00,0x00,0x00,0x00,0x00,0x00,0x00,0x00,0x00,0x00,0x00,0x00,0x00,0x00,0x00,0x00,0x00,0x02,0x00,0x2d,0x8e,0x8e,0x99,0x90,0x80,0x88,0x83,0x83,0x88,0x99,0xa5,0xab,0x83,0x6c,0x5e,0x6c,0x7f,0x7f,0x7f,0x83,0x83,0x88,0x80,0xaa,0xcf,0xbc,0xed,0xc3,0xd0,0xec,0xd0,0x70,0x5a,0x61,0x70,0x5f,0x6a,0x76,0x76,0x60,0x65,0x5f,0x64,0x64,0x5a,0x64,0x12,0x00,0x05,0x00,0x00,0x00,0x00,0x00,0x00,0x00,0x00,0x00,0x00,0x00,0x00,0x00,0x00,0x00,0x00,0x00,0x00,0x00,0x00,0x00,0x00,0x00,0x00,0x00,0x00,0x00,0x00,0x00,0x00,0x00,0x00,0x00,0x00,0x00,0x00,0x00,0x00,0x00,0x00,0x00,0x00,0x00,0x00,
    0x00,0x00,0x00,0x00,0x00,0x00,0x00,0x00,0x00,0x00,0x00,0x00,0x00,0x00,0x00,0x00,0x00,0x00,0x00,0x00,0x00,0x00,0x00,0x00,0x00,0x00,0x00,0x00,0x00,0x00,0x00,0x00,0x00,0x00,0x00,0x00,0x00,0x00,0x00,0x00,0x00,0x00,0x00,0x00,0x00,0x00,0x00,0x00,0x47,0x28,0x57,0xb4,0xc4,0xc4,0xb7,0xc6,0xa9,0x90,0x8f,0x8f,0x96,0xaa,0xd5,0x8e,0x96,0x96,0x99,0x8e,0x8e,0x8e,0x88,0x83,0x83,0x83,0xa5,0xbc,0x8a,0x8a,0x8a,0x7d,0x7d,0x8a,0xdc,0x6a,0x84,0x6e,0x65,0x70,0x60,0x6e,0x84,0x6e,0x6a,0x5f,0x64,0x5c,0x70,0x4b,0x00,0x05,0x00,0x00,0x00,0x00,0x00,0x00,0x00,0x00,0x00,0x00,0x00,0x00,0x00,0x00,0x00,0x00,0x00,0x00,0x00,0x00,0x00,0x00,0x00,0x00,0x00,0x00,0x00,0x00,0x00,0x00,0x00,0x00,0x00,0x00,0x00,0x00,0x00,0x00,0x00,0x00,0x00,0x00,0x00,0x00,
    0x00,0x00,0x00,0x00,0x00,0x00,0x00,0x00,0x00,0x00,0x00,0x00,0x00,0x00,0x00,0x00,0x00,0x00,0x00,0x00,0x00,0x00,0x00,0x00,0x00,0x00,0x00,0x00,0x00,0x00,0x00,0x00,0x00,0x00,0x00,0x00,0x00,0x00,0x00,0x00,0x00,0x00,0x00,0x00,0x00,0x00,0x05,0x00,0x0b,0x5a,0x6a,0x6a,0x65,0x5f,0x5f,0x64,0x5a,0xbd,0xa9,0x9e,0xa5,0xab,0x70,0xbd,0xbf,0xd1,0xbf,0xd5,0xc4,0xb4,0x99,0x99,0x80,0x90,0xb5,0xbc,0x7d,0xd2,0x85,0x85,0x85,0x8a,0xed,0x5f,0x60,0x61,0x6a,0x65,0x7a,0x5c,0x61,0x61,0x60,0x6f,0x64,0x5a,0x84,0x6e,0x28,0x00,0x05,0x00,0x00,0x00,0x00,0x00,0x00,0x00,0x00,0x00,0x00,0x00,0x00,0x00,0x00,0x00,0x00,0x00,0x00,0x00,0x00,0x00,0x00,0x00,0x00,0x00,0x00,0x00,0x00,0x00,0x00,0x00,0x00,0x00,0x00,0x00,0x00,0x00,0x00,0x00,0x00,0x00,0x00,0x00,
    0x00,0x00,0x00,0x00,0x00,0x00,0x00,0x00,0x00,0x00,0x00,0x00,0x00,0x00,0x00,0x00,0x00,0x00,0x00,0x00,0x00,0x00,0x00,0x00,0x00,0x00,0x00,0x00,0x00,0x00,0x00,0x00,0x00,0x00,0x00,0x00,0x00,0x00,0x00,0x00,0x00,0x00,0x00,0x00,0x00,0x00,0x05,0x00,0x0b,0x09,0x70,0x6f,0x6e,0x6e,0x84,0x8c,0x70,0x65,0x8c,0x6e,0x6e,0x64,0x6a,0x5f,0x6f,0x6a,0x65,0x65,0x64,0x65,0xac,0xac,0xbf,0xbf,0xbf,0xd4,0xd2,0x7d,0x7d,0x7d,0x7d,0xaf,0xc3,0x72,0x5c,0x5a,0x7a,0x65,0x70,0x5a,0x5c,0x5a,0x5a,0x61,0x7a,0x5a,0x0d,0x0d,0x27,0x05,0x05,0x00,0x00,0x00,0x00,0x00,0x00,0x00,0x00,0x00,0x00,0x00,0x00,0x00,0x00,0x00,0x00,0x00,0x00,0x00,0x00,0x00,0x00,0x00,0x00,0x00,0x00,0x00,0x00,0x00,0x00,0x00,0x00,0x00,0x00,0x00,0x00,0x00,0x00,0x00,0x00,0x00,0x00,0x00,
    0x00,0x00,0x00,0x00,0x00,0x00,0x00,0x00,0x00,0x00,0x00,0x00,0x00,0x00,0x00,0x00,0x00,0x00,0x00,0x00,0x00,0x00,0x00,0x00,0x00,0x00,0x00,0x00,0x00,0x00,0x00,0x00,0x00,0x00,0x00,0x00,0x00,0x00,0x00,0x00,0x00,0x00,0x00,0x00,0x00,0x00,0x05,0x00,0x0b,0x5a,0xb8,0x70,0x6a,0x5a,0x70,0x70,0x6a,0x84,0x8c,0x8c,0x76,0x65,0x6f,0x64,0x6e,0x84,0x84,0x6e,0x70,0x5f,0x70,0x65,0x5f,0x5f,0x64,0x72,0xbc,0xaf,0x8a,0x8a,0x8a,0xaf,0xe3,0x65,0x61,0x61,0x60,0x65,0x5a,0x76,0x76,0x76,0x76,0x60,0x76,0x6e,0x6e,0x60,0x1f,0x17,0x00,0x01,0x00,0x00,0x00,0x00,0x00,0x00,0x00,0x00,0x00,0x00,0x00,0x00,0x00,0x00,0x00,0x00,0x00,0x00,0x00,0x00,0x00,0x00,0x00,0x00,0x00,0x00,0x00,0x00,0x00,0x00,0x00,0x00,0x00,0x00,0x00,0x00,0x00,0x00,0x00,0x00,0x00,0x00,
    0x00,0x00,0x00,0x00,0x00,0x00,0x00,0x00,0x00,0x00,0x00,0x00,0x00,0x00,0x00,0x00,0x00,0x00,0x00,0x00,0x00,0x00,0x00,0x00,0x00,0x00,0x00,0x00,0x00,0x00,0x00,0x00,0x00,0x00,0x00,0x00,0x00,0x00,0x00,0x00,0x00,0x00,0x00,0x00,0x00,0x00,0x05,0x00,0x0b,0x65,0xbb,0xae,0xbb,0x60,0xae,0xb0,0xbe,0x61,0x5a,0x5c,0x6a,0x64,0x84,0xb8,0x6a,0x5f,0x6a,0x6e,0xbb,0xbb,0x60,0x8c,0x84,0x84,0x6e,0x65,0xbc,0xaf,0x8a,0x7d,0x7d,0x7d,0xd2,0x84,0x6f,0x5c,0x5c,0x6f,0x65,0x60,0x76,0x6e,0x76,0x76,0x76,0x76,0x6e,0x7b,0x1f,0x12,0x00,0x05,0x00,0x00,0x00,0x00,0x00,0x00,0x00,0x00,0x00,0x00,0x00,0x00,0x00,0x00,0x00,0x00,0x00,0x00,0x00,0x00,0x00,0x00,0x00,0x00,0x00,0x00,0x00,0x00,0x00,0x00,0x00,0x00,0x00,0x00,0x00,0x00,0x00,0x00,0x00,0x00,0x00,0x00,
    0x00,0x00,0x00,0x00,0x00,0x00,0x00,0x00,0x00,0x00,0x00,0x00,0x00,0x00,0x00,0x00,0x00,0x00,0x00,0x00,0x00,0x00,0x00,0x00,0x00,0x00,0x00,0x00,0x00,0x00,0x00,0x00,0x00,0x00,0x00,0x00,0x00,0x00,0x00,0x00,0x00,0x00,0x00,0x00,0x00,0x00,0x05,0x00,0x0b,0x65,0x6f,0xb3,0xdd,0xdd,0xb0,0x60,0x6f,0x70,0x76,0x6f,0x65,0x64,0x6f,0xae,0xbe,0xae,0xb3,0xb3,0xae,0xbb,0x70,0x7a,0x76,0x8c,0x5c,0x6a,0xd0,0xaf,0x7d,0x85,0x85,0x85,0x7d,0xdc,0x65,0x61,0x60,0x5a,0x64,0x5c,0x61,0x60,0x61,0x5a,0x60,0x60,0x60,0x0d,0x6e,0x26,0x00,0x05,0x00,0x00,0x00,0x00,0x00,0x00,0x00,0x00,0x00,0x00,0x00,0x00,0x00,0x00,0x00,0x00,0x00,0x00,0x00,0x00,0x00,0x00,0x00,0x00,0x00,0x00,0x00,0x00,0x00,0x00,0x00,0x00,0x00,0x00,0x00,0x00,0x00,0x00,0x00,0x00,0x00,0x00,
    0x00,0x00,0x00,0x00,0x00,0x00,0x00,0x00,0x00,0x00,0x00,0x00,0x00,0x00,0x00,0x00,0x00,0x00,0x00,0x00,0x00,0x00,0x00,0x00,0x00,0x00,0x00,0x00,0x00,0x00,0x00,0x00,0x00,0x00,0x00,0x00,0x00,0x00,0x00,0x00,0x00,0x00,0x00,0x00,0x00,0x00,0x05,0x00,0x14,0x7a,0xdd,0xae,0x72,0x5f,0xb3,0xb3,0x64,0x6a,0x61,0x64,0x5f,0x5f,0x6a,0xae,0xb3,0xae,0xb3,0xbb,0x72,0x6a,0x5a,0x5a,0x7a,0x70,0x6f,0x8c,0x7d,0x8a,0x8a,0x8a,0x8a,0x7d,0x8a,0xed,0x64,0x6e,0x6e,0x60,0x64,0x70,0x5c,0x5a,0x5c,0x60,0x61,0x5c,0x5c,0x5c,0x1f,0x12,0x00,0x05,0x00,0x00,0x00,0x00,0x00,0x00,0x00,0x00,0x00,0x00,0x00,0x00,0x00,0x00,0x00,0x00,0x00,0x00,0x00,0x00,0x00,0x00,0x00,0x00,0x00,0x00,0x00,0x00,0x00,0x00,0x00,0x00,0x00,0x00,0x00,0x00,0x00,0x00,0x00,0x00,0x00,0x00,
    0x00,0x00,0x00,0x00,0x00,0x00,0x00,0x00,0x00,0x00,0x00,0x00,0x00,0x00,0x00,0x00,0x00,0x00,0x00,0x00,0x00,0x00,0x00,0x00,0x00,0x00,0x00,0x00,0x00,0x00,0x00,0x00,0x00,0x00,0x00,0x00,0x00,0x00,0x00,0x00,0x00,0x00,0x00,0x00,0x00,0x01,0x05,0x17,0x3d,0x6a,0xbb,0xbe,0x84,0xbb,0xb3,0xbe,0x60,0x6f,0x5a,0x65,0x64,0x5f,0xbb,0xbe,0x5f,0x72,0x84,0xdd,0xb3,0x65,0x60,0x5c,0x61,0x61,0x6a,0xc1,0x8a,0x8a,0x8a,0x7d,0x7d,0x85,0x8a,0xc3,0x64,0x76,0x76,0x6e,0x6a,0x7a,0x76,0x76,0x76,0x76,0x76,0x76,0x5a,0x61,0x1f,0x17,0x00,0x01,0x00,0x00,0x00,0x00,0x00,0x00,0x00,0x00,0x00,0x00,0x00,0x00,0x00,0x00,0x00,0x00,0x00,0x00,0x00,0x00,0x00,0x00,0x00,0x00,0x00,0x00,0x00,0x00,0x00,0x00,0x00,0x00,0x00,0x00,0x00,0x00,0x00,0x00,0x00,0x00,0x00,0x00,
    0x00,0x00,0x00,0x00,0x00,0x00,0x00,0x00,0x00,0x00,0x00,0x00,0x00,0x00,0x00,0x00,0x00,0x00,0x00,0x00,0x00,0x00,0x00,0x00,0x00,0x00,0x00,0x00,0x00,0x00,0x00,0x00,0x00,0x00,0x00,0x00,0x00,0x00,0x00,0x00,0x00,0x00,0x00,0x00,0x00,0x01,0x01,0x17,0x1f,0x65,0xbb,0xbe,0xb0,0xbe,0x76,0x72,0x65,0x61,0x5c,0x61,0x65,0x70,0x72,0xae,0xb0,0xb0,0xb0,0xae,0x8c,0x5c,0x7b,0x60,0x60,0x60,0x64,0xcf,0x8a,0x7d,0x7d,0x85,0x85,0x85,0x7d,0xd0,0x65,0x7a,0x5a,0x76,0x5a,0x6a,0x76,0x6e,0x6e,0x6e,0x6e,0x6e,0x6e,0x5a,0x27,0x05,0x05,0x00,0x00,0x00,0x00,0x00,0x00,0x00,0x00,0x00,0x00,0x00,0x00,0x00,0x00,0x00,0x00,0x00,0x00,0x00,0x00,0x00,0x00,0x00,0x00,0x00,0x00,0x00,0x00,0x00,0x00,0x00,0x00,0x00,0x00,0x00,0x00,0x00,0x00,0x00,0x00,0x00,0x00,0x00,
    0x00,0x00,0x00,0x00,0x00,0x00,0x00,0x00,0x00,0x00,0x00,0x00,0x00,0x00,0x00,0x00,0x00,0x00,0x00,0x00,0x00,0x00,0x00,0x00,0x00,0x00,0x00,0x00,0x00,0x00,0x00,0x00,0x00,0x00,0x00,0x00,0x00,0x00,0x00,0x00,0x00,0x00,0x00,0x00,0x00,0x05,0x00,0x0e,0x33,0x6a,0xbb,0x65,0x72,0x84,0xb3,0x76,0x61,0x76,0x76,0x7b,0x6f,0x65,0xae,0xbe,0xae,0xae,0xb3,0x5a,0x64,0x7a,0x5c,0x7a,0x65,0x65,0x72,0xd8,0x7d,0x85,0x85,0x85,0x85,0x85,0x7d,0xec,0x60,0x65,0x5a,0x61,0x5c,0x65,0x7a,0x76,0x6e,0x6e,0x6e,0x6e,0x84,0x1f,0x0e,0x00,0x05,0x00,0x00,0x00,0x00,0x00,0x00,0x00,0x00,0x00,0x00,0x00,0x00,0x00,0x00,0x00,0x00,0x00,0x00,0x00,0x00,0x00,0x00,0x00,0x00,0x00,0x00,0x00,0x00,0x00,0x00,0x00,0x00,0x00,0x00,0x00,0x00,0x00,0x00,0x00,0x00,0x00,0x00,0x00,
    0x00,0x00,0x00,0x00,0x00,0x00,0x00,0x00,0x00,0x00,0x00,0x00,0x00,0x00,0x00,0x00,0x00,0x00,0x00,0x00,0x00,0x00,0x00,0x00,0x00,0x00,0x00,0x00,0x00,0x00,0x00,0x00,0x00,0x00,0x00,0x00,0x00,0x00,0x00,0x00,0x00,0x00,0x00,0x00,0x05,0x00,0x12,0x0c,0x5f,0x32,0x72,0x5f,0x64,0x5f,0x5a,0x7a,0x61,0x76,0x6e,0x61,0x7a,0x6f,0x8c,0x7a,0x5f,0x72,0xb8,0xd4,0x64,0x6a,0x5a,0x7a,0x65,0x70,0x64,0xc3,0x7d,0x85,0x85,0x85,0x85,0x85,0x7d,0x8a,0xdc,0x6a,0x5c,0x5c,0x70,0x64,0x64,0x7a,0x76,0x60,0x76,0x84,0x60,0x26,0x00,0x05,0x00,0x00,0x00,0x00,0x00,0x00,0x00,0x00,0x00,0x00,0x00,0x00,0x00,0x00,0x00,0x00,0x00,0x00,0x00,0x00,0x00,0x00,0x00,0x00,0x00,0x00,0x00,0x00,0x00,0x00,0x00,0x00,0x00,0x00,0x00,0x00,0x00,0x00,0x00,0x00,0x00,0x00,0x00,0x00,
    0x00,0x00,0x00,0x00,0x00,0x00,0x00,0x00,0x00,0x00,0x00,0x00,0x00,0x00,0x00,0x00,0x00,0x00,0x00,0x00,0x00,0x00,0x00,0x00,0x00,0x00,0x00,0x00,0x00,0x00,0x00,0x00,0x00,0x00,0x00,0x00,0x00,0x00,0x00,0x00,0x00,0x00,0x00,0x05,0x00,0x0e,0x3d,0x8c,0x84,0x76,0x61,0x61,0x5a,0x5a,0x5a,0x6e,0x84,0x6e,0x61,0x64,0x65,0x65,0x65,0x6a,0x65,0x5f,0x72,0x5f,0x7a,0x76,0x5a,0x5a,0x5c,0x60,0x64,0xbc,0xaf,0xd2,0x85,0x85,0x85,0x7d,0xaf,0xd7,0xa0,0x7a,0x7b,0x6a,0x64,0x32,0x65,0x6a,0x6f,0x0d,0x5c,0x33,0x4b,0x01,0x05,0x00,0x00,0x00,0x00,0x00,0x00,0x00,0x00,0x00,0x00,0x00,0x00,0x00,0x00,0x00,0x00,0x00,0x00,0x00,0x00,0x00,0x00,0x00,0x00,0x00,0x00,0x00,0x00,0x00,0x00,0x00,0x00,0x00,0x00,0x00,0x00,0x00,0x00,0x00,0x00,0x00,0x00,0x00,0x00,0x00,
    0x00,0x00,0x00,0x00,0x00,0x00,0x00,0x00,0x00,0x00,0x00,0x00,0x00,0x00,0x00,0x00,0x00,0x00,0x00,0x00,0x00,0x00,0x00,0x00,0x00,0x00,0x00,0x00,0x00,0x00,0x00,0x00,0x00,0x00,0x00,0x00,0x00,0x00,0x00,0x00,0x00,0x00,0x00,0x05,0x05,0x0c,0x8c,0xb8,0xb8,0xb8,0x8c,0x8c,0x76,0x61,0x5c,0x8c,0x84,0x5c,0x65,0x60,0x84,0x84,0x6e,0x6e,0x61,0x5c,0x5c,0x6e,0xb8,0x60,0x61,0x5a,0x5a,0x61,0x65,0xcf,0xec,0x7d,0x7d,0x7d,0x7d,0x85,0xbc,0x5c,0x72,0x7a,0x5c,0x32,0x5f,0x64,0x6f,0x65,0x70,0x5a,0x1f,0x0b,0x00,0x05,0x00,0x00,0x00,0x00,0x00,0x00,0x00,0x00,0x00,0x00,0x00,0x00,0x00,0x00,0x00,0x00,0x00,0x00,0x00,0x00,0x00,0x00,0x00,0x00,0x00,0x00,0x00,0x00,0x00,0x00,0x00,0x00,0x00,0x00,0x00,0x00,0x00,0x00,0x00,0x00,0x00,0x00,0x00,0x00,0x00,0x00,
    0x00,0x00,0x00,0x00,0x00,0x00,0x00,0x00,0x00,0x00,0x00,0x00,0x00,0x00,0x00,0x00,0x00,0x00,0x00,0x00,0x00,0x00,0x00,0x00,0x00,0x00,0x00,0x00,0x00,0x00,0x00,0x00,0x00,0x00,0x00,0x00,0x00,0x00,0x00,0x00,0x00,0x00,0x01,0x00,0x17,0x84,0x6e,0x84,0x6e,0x76,0x7b,0x76,0x76,0x76,0x5a,0x5a,0x70,0x64,0x6a,0x6e,0x6e,0x8c,0x8c,0x8c,0x84,0x6e,0x7b,0x84,0x60,0x7a,0x5c,0x5a,0x5a,0x0d,0x6f,0x27,0x27,0xeb,0xd6,0xd6,0xeb,0x84,0x72,0x5f,0x32,0x32,0x32,0x65,0x64,0x0c,0x32,0x64,0x3d,0x14,0x12,0x00,0x05,0x00,0x00,0x00,0x00,0x00,0x00,0x00,0x00,0x00,0x00,0x00,0x00,0x00,0x00,0x00,0x00,0x00,0x00,0x00,0x00,0x00,0x00,0x00,0x00,0x00,0x00,0x00,0x00,0x00,0x00,0x00,0x00,0x00,0x00,0x00,0x00,0x00,0x00,0x00,0x00,0x00,0x00,0x00,0x00,0x00,0x00,0x00,
    0x00,0x00,0x00,0x00,0x00,0x00,0x00,0x00,0x00,0x00,0x00,0x00,0x00,0x00,0x00,0x00,0x00,0x00,0x00,0x00,0x00,0x00,0x00,0x00,0x00,0x00,0x00,0x00,0x00,0x00,0x00,0x00,0x00,0x00,0x00,0x00,0x00,0x00,0x00,0x00,0x00,0x00,0x05,0x00,0x28,0x09,0x6e,0x76,0x7b,0x76,0x76,0x76,0x76,0x76,0x5a,0x5c,0x6a,0x5f,0x7a,0x5a,0x61,0x76,0x76,0x6e,0x6e,0x76,0x60,0x76,0x61,0x6a,0x7a,0x5a,0x5a,0x0d,0x70,0x0b,0x00,0x0e,0x0e,0x14,0x14,0x14,0x27,0x64,0x64,0x64,0x64,0x0c,0x0b,0x00,0x0e,0x0e,0x00,0x00,0x00,0x05,0x00,0x00,0x00,0x00,0x00,0x00,0x00,0x00,0x00,0x00,0x00,0x00,0x00,0x00,0x00,0x00,0x00,0x00,0x00,0x00,0x00,0x00,0x00,0x00,0x00,0x00,0x00,0x00,0x00,0x00,0x00,0x00,0x00,0x00,0x00,0x00,0x00,0x00,0x00,0x00,0x00,0x00,0x00,0x00,0x00,0x00,0x00,0x00,
    0x00,0x00,0x00,0x00,0x00,0x00,0x00,0x00,0x00,0x00,0x00,0x00,0x00,0x00,0x00,0x00,0x00,0x00,0x00,0x00,0x00,0x00,0x00,0x00,0x00,0x00,0x00,0x00,0x00,0x00,0x00,0x00,0x00,0x00,0x00,0x00,0x00,0x00,0x00,0x00,0x00,0x00,0x05,0x00,0x26,0x64,0x09,0x76,0x76,0x76,0x60,0x60,0x60,0x60,0x5c,0x5c,0x65,0x64,0x5a,0x7b,0x76,0x76,0x6e,0x6e,0x6e,0x76,0x76,0x76,0x60,0x61,0x7a,0x60,0x5a,0x6f,0x33,0x0e,0x04,0x00,0x00,0x00,0x00,0x00,0x00,0x0b,0x27,0x4b,0x0b,0x00,0x00,0x05,0x00,0x00,0x00,0x05,0x01,0x00,0x00,0x00,0x00,0x00,0x00,0x00,0x00,0x00,0x00,0x00,0x00,0x00,0x00,0x00,0x00,0x00,0x00,0x00,0x00,0x00,0x00,0x00,0x00,0x00,0x00,0x00,0x00,0x00,0x00,0x00,0x00,0x00,0x00,0x00,0x00,0x00,0x00,0x00,0x00,0x00,0x00,0x00,0x00,0x00,0x00,0x00,0x00,0x00,
    0x00,0x00,0x00,0x00,0x00,0x00,0x00,0x00,0x00,0x00,0x00,0x00,0x00,0x00,0x00,0x00,0x00,0x00,0x00,0x00,0x00,0x00,0x00,0x00,0x00,0x00,0x00,0x00,0x00,0x00,0x00,0x00,0x00,0x00,0x00,0x00,0x00,0x00,0x00,0x00,0x00,0x00,0x05,0x00,0x0b,0x0d,0x09,0x7a,0x6f,0x65,0x65,0x64,0x64,0x65,0x65,0x65,0x65,0x64,0x6f,0x7a,0x7a,0x5a,0x5c,0x5a,0x5c,0x60,0x60,0x76,0x6e,0x76,0x6f,0x61,0x5c,0x0d,0x5a,0x26,0x00,0x47,0x01,0x05,0x05,0x05,0x05,0x00,0x00,0x00,0x00,0x00,0x05,0x00,0x05,0x05,0x01,0x00,0x00,0x00,0x00,0x00,0x00,0x00,0x00,0x00,0x00,0x00,0x00,0x00,0x00,0x00,0x00,0x00,0x00,0x00,0x00,0x00,0x00,0x00,0x00,0x00,0x00,0x00,0x00,0x00,0x00,0x00,0x00,0x00,0x00,0x00,0x00,0x00,0x00,0x00,0x00,0x00,0x00,0x00,0x00,0x00,0x00,0x00,0x00,0x00,0x00,0x00,
    0x00,0x00,0x00,0x00,0x00,0x00,0x00,0x00,0x00,0x00,0x00,0x00,0x00,0x00,0x00,0x00,0x00,0x00,0x00,0x00,0x00,0x00,0x00,0x00,0x00,0x00,0x00,0x00,0x00,0x00,0x00,0x00,0x00,0x00,0x00,0x00,0x00,0x00,0x00,0x00,0x00,0x00,0x01,0x00,0x17,0x1f,0x0d,0x0d,0x0d,0x0d,0x0d,0x09,0x09,0x09,0x6e,0x6e,0x0d,0x6f,0x6e,0x5a,0x70,0x6f,0x65,0x6a,0x65,0x65,0x65,0x65,0x65,0x6a,0x09,0x6e,0x8c,0xa0,0x6e,0x26,0x00,0x05,0x00,0x00,0x00,0x00,0x00,0x05,0x05,0x05,0x05,0x00,0x00,0x00,0x00,0x00,0x00,0x00,0x00,0x00,0x00,0x00,0x00,0x00,0x00,0x00,0x00,0x00,0x00,0x00,0x00,0x00,0x00,0x00,0x00,0x00,0x00,0x00,0x00,0x00,0x00,0x00,0x00,0x00,0x00,0x00,0x00,0x00,0x00,0x00,0x00,0x00,0x00,0x00,0x00,0x00,0x00,0x00,0x00,0x00,0x00,0x00,0x00,0x00,0x00,0x00,0x00,0x00,
    0x00,0x00,0x00,0x00,0x00,0x00,0x00,0x00,0x00,0x00,0x00,0x00,0x00,0x00,0x00,0x00,0x00,0x00,0x00,0x00,0x00,0x00,0x00,0x00,0x00,0x00,0x00,0x00,0x00,0x00,0x00,0x00,0x00,0x00,0x00,0x00,0x00,0x00,0x00,0x00,0x00,0x00,0x01,0x05,0x17,0x3d,0x70,0x70,0x5a,0x5a,0x5c,0x61,0x61,0x61,0x61,0x7a,0x6a,0x33,0x76,0x60,0x84,0x8c,0x8c,0x8c,0x0d,0x0d,0x0d,0x0d,0x5c,0x5c,0x5c,0x65,0x6a,0x5a,0x0c,0x12,0x01,0x01,0x00,0x00,0x00,0x00,0x00,0x00,0x00,0x00,0x00,0x00,0x00,0x00,0x00,0x00,0x00,0x00,0x00,0x00,0x00,0x00,0x00,0x00,0x00,0x00,0x00,0x00,0x00,0x00,0x00,0x00,0x00,0x00,0x00,0x00,0x00,0x00,0x00,0x00,0x00,0x00,0x00,0x00,0x00,0x00,0x00,0x00,0x00,0x00,0x00,0x00,0x00,0x00,0x00,0x00,0x00,0x00,0x00,0x00,0x00,0x00,0x00,0x00,0x00,0x00,0x00,0x00,
    0x00,0x00,0x00,0x00,0x00,0x00,0x00,0x00,0x00,0x00,0x00,0x00,0x00,0x00,0x00,0x00,0x00,0x00,0x00,0x00,0x00,0x00,0x00,0x00,0x00,0x00,0x00,0x00,0x00,0x00,0x00,0x00,0x00,0x00,0x00,0x00,0x00,0x00,0x00,0x00,0x00,0x00,0x00,0x01,0x00,0x12,0x26,0x27,0x0c,0x0c,0x0c,0x0c,0x0c,0x0c,0x0c,0x0c,0x28,0x0b,0x33,0x6a,0x76,0x61,0x7a,0x5a,0x61,0x5c,0x5a,0x6a,0x65,0x65,0x0c,0x0b,0x28,0x28,0x05,0x00,0x01,0x00,0x00,0x00,0x00,0x00,0x00,0x00,0x00,0x00,0x00,0x00,0x00,0x00,0x00,0x00,0x00,0x00,0x00,0x00,0x00,0x00,0x00,0x00,0x00,0x00,0x00,0x00,0x00,0x00,0x00,0x00,0x00,0x00,0x00,0x00,0x00,0x00,0x00,0x00,0x00,0x00,0x00,0x00,0x00,0x00,0x00,0x00,0x00,0x00,0x00,0x00,0x00,0x00,0x00,0x00,0x00,0x00,0x00,0x00,0x00,0x00,0x00,0x00,0x00,0x00,0x00,0x00,
    0x00,0x00,0x00,0x00,0x00,0x00,0x00,0x00,0x00,0x00,0x00,0x00,0x00,0x00,0x00,0x00,0x00,0x00,0x00,0x00,0x00,0x00,0x00,0x00,0x00,0x00,0x00,0x00,0x00,0x00,0x00,0x00,0x00,0x00,0x00,0x00,0x00,0x00,0x00,0x00,0x00,0x00,0x00,0x00,0x00,0x00,0x00,0x00,0x00,0x00,0x00,0x00,0x00,0x00,0x00,0x00,0x00,0x00,0x12,0x0e,0x26,0x14,0x14,0x14,0x14,0x14,0x14,0x14,0x0e,0x0e,0x00,0x00,0x00,0x00,0x00,0x01,0x00,0x00,0x00,0x00,0x00,0x00,0x00,0x00,0x00,0x00,0x00,0x00,0x00,0x00,0x00,0x00,0x00,0x00,0x00,0x00,0x00,0x00,0x00,0x00,0x00,0x00,0x00,0x00,0x00,0x00,0x00,0x00,0x00,0x00,0x00,0x00,0x00,0x00,0x00,0x00,0x00,0x00,0x00,0x00,0x00,0x00,0x00,0x00,0x00,0x00,0x00,0x00,0x00,0x00,0x00,0x00,0x00,0x00,0x00,0x00,0x00,0x00,0x00,0x00,0x00,0x00,0x00,0x00,
    0x00,0x00,0x00,0x00,0x00,0x00,0x00,0x00,0x00,0x00,0x00,0x00,0x00,0x00,0x00,0x00,0x00,0x00,0x00,0x00,0x00,0x00,0x00,0x00,0x00,0x00,0x00,0x00,0x00,0x00,0x00,0x00,0x00,0x00,0x00,0x00,0x00,0x00,0x00,0x00,0x00,0x00,0x00,0x00,0x00,0x01,0x05,0x05,0x05,0x05,0x05,0x05,0x05,0x05,0x05,0x05,0x05,0x05,0x00,0x00,0x00,0x00,0x00,0x00,0x00,0x00,0x00,0x00,0x00,0x00,0x01,0x05,0x05,0x05,0x01,0x00,0x00,0x00,0x00,0x00,0x00,0x00,0x00,0x00,0x00,0x00,0x00,0x00,0x00,0x00,0x00,0x00,0x00,0x00,0x00,0x00,0x00,0x00,0x00,0x00,0x00,0x00,0x00,0x00,0x00,0x00,0x00,0x00,0x00,0x00,0x00,0x00,0x00,0x00,0x00,0x00,0x00,0x00,0x00,0x00,0x00,0x00,0x00,0x00,0x00,0x00,0x00,0x00,0x00,0x00,0x00,0x00,0x00,0x00,0x00,0x00,0x00,0x00,0x00,0x00,0x00,0x00,0x00,0x00,
    0x00,0x00,0x00,0x00,0x00,0x00,0x00,0x00,0x00,0x00,0x00,0x00,0x00,0x00,0x00,0x00,0x00,0x00,0x00,0x00,0x00,0x00,0x00,0x00,0x00,0x00,0x00,0x00,0x00,0x00,0x00,0x00,0x00,0x00,0x00,0x00,0x00,0x00,0x00,0x00,0x00,0x00,0x00,0x00,0x00,0x00,0x00,0x00,0x00,0x00,0x00,0x00,0x00,0x00,0x00,0x00,0x00,0x00,0x05,0x05,0x05,0x05,0x05,0x05,0x05,0x05,0x05,0x05,0x05,0x05,0x00,0x00,0x00,0x00,0x00,0x00,0x00,0x00,0x00,0x00,0x00,0x00,0x00,0x00,0x00,0x00,0x00,0x00,0x00,0x00,0x00,0x00,0x00,0x00,0x00,0x00,0x00,0x00,0x00,0x00,0x00,0x00,0x00,0x00,0x00,0x00,0x00,0x00,0x00,0x00,0x00,0x00,0x00,0x00,0x00,0x00,0x00,0x00,0x00,0x00,0x00,0x00,0x00,0x00,0x00,0x00,0x00,0x00,0x00,0x00,0x00,0x00,0x00,0x00,0x00,0x00,0x00,0x00,0x00,0x00,0x00,0x00,0x00,0x00,
    0x00,0x00,0x00,0x00,0x00,0x00,0x00,0x00,0x00,0x00,0x00,0x00,0x00,0x00,0x00,0x00,0x00,0x00,0x00,0x00,0x00,0x00,0x00,0x00,0x00,0x00,0x00,0x00,0x00,0x00,0x00,0x00,0x00,0x00,0x00,0x00,0x00,0x00,0x00,0x00,0x00,0x00,0x00,0x00,0x00,0x00,0x00,0x00,0x00,0x00,0x00,0x00,0x00,0x00,0x00,0x00,0x00,0x00,0x00,0x00,0x00,0x00,0x00,0x00,0x00,0x00,0x00,0x00,0x00,0x00,0x00,0x00,0x00,0x00,0x00,0x00,0x00,0x00,0x00,0x00,0x00,0x00,0x00,0x00,0x00,0x00,0x00,0x00,0x00,0x00,0x00,0x00,0x00,0x00,0x00,0x00,0x00,0x00,0x00,0x00,0x00,0x00,0x00,0x00,0x00,0x00,0x00,0x00,0x00,0x00,0x00,0x00,0x00,0x00,0x00,0x00,0x00,0x00,0x00,0x00,0x00,0x00,0x00,0x00,0x00,0x00,0x00,0x00,0x00,0x00,0x00,0x00,0x00,0x00,0x00,0x00,0x00,0x00,0x00,0x00,0x00,0x00,0x00,0x00,
    0x00,0x00,0x00,0x00,0x00,0x00,0x00,0x00,0x00,0x00,0x00,0x00,0x00,0x00,0x00,0x00,0x00,0x00,0x00,0x00,0x00,0x00,0x00,0x00,0x00,0x00,0x00,0x00,0x00,0x00,0x00,0x00,0x00,0x00,0x00,0x00,0x00,0x00,0x00,0x00,0x00,0x00,0x00,0x00,0x00,0x00,0x00,0x00,0x00,0x00,0x00,0x00,0x00,0x00,0x00,0x00,0x00,0x00,0x00,0x00,0x00,0x00,0x00,0x00,0x00,0x00,0x00,0x00,0x00,0x00,0x00,0x00,0x00,0x00,0x00,0x00,0x00,0x00,0x00,0x00,0x00,0x00,0x00,0x00,0x00,0x00,0x00,0x00,0x00,0x00,0x00,0x00,0x00,0x00,0x00,0x00,0x00,0x00,0x00,0x00,0x00,0x00,0x00,0x00,0x00,0x00,0x00,0x00,0x00,0x00,0x00,0x00,0x00,0x00,0x00,0x00,0x00,0x00,0x00,0x00,0x00,0x00,0x00,0x00,0x00,0x00,0x00,0x00,0x00,0x00,0x00,0x00,0x00,0x00,0x00,0x00,0x00,0x00,0x00,0x00,0x00,0x00,0x00,0x00,
    0x00,0x00,0x00,0x00,0x00,0x00,0x00,0x00,0x00,0x00,0x00,0x00,0x00,0x00,0x00,0x00,0x00,0x00,0x00,0x00,0x00,0x00,0x00,0x00,0x00,0x00,0x00,0x00,0x00,0x00,0x00,0x00,0x00,0x00,0x00,0x00,0x00,0x00,0x00,0x00,0x00,0x00,0x00,0x00,0x00,0x00,0x00,0x00,0x00,0x00,0x00,0x00,0x00,0x00,0x00,0x00,0x00,0x00,0x00,0x00,0x00,0x00,0x00,0x00,0x00,0x00,0x00,0x00,0x00,0x00,0x00,0x00,0x00,0x00,0x00,0x00,0x00,0x00,0x00,0x00,0x00,0x00,0x00,0x00,0x00,0x00,0x00,0x00,0x00,0x00,0x00,0x00,0x00,0x00,0x00,0x00,0x00,0x00,0x00,0x00,0x00,0x00,0x00,0x00,0x00,0x00,0x00,0x00,0x00,0x00,0x00,0x00,0x00,0x00,0x00,0x00,0x00,0x00,0x00,0x00,0x00,0x00,0x00,0x00,0x00,0x00,0x00,0x00,0x00,0x00,0x00,0x00,0x00,0x00,0x00,0x00,0x00,0x00,0x00,0x00,0x00,0x00,0x00,0x00,
    0x00,0x00,0x00,0x00,0x00,0x00,0x00,0x00,0x00,0x00,0x00,0x00,0x00,0x00,0x00,0x00,0x00,0x00,0x00,0x00,0x00,0x00,0x00,0x00,0x00,0x00,0x00,0x00,0x00,0x00,0x00,0x00,0x00,0x00,0x00,0x00,0x00,0x00,0x00,0x00,0x00,0x00,0x00,0x00,0x00,0x00,0x00,0x00,0x00,0x00,0x00,0x00,0x00,0x00,0x00,0x00,0x00,0x00,0x00,0x00,0x00,0x00,0x00,0x00,0x00,0x00,0x00,0x00,0x00,0x00,0x00,0x00,0x00,0x00,0x00,0x00,0x00,0x00,0x00,0x00,0x00,0x00,0x00,0x00,0x00,0x00,0x00,0x00,0x00,0x00,0x00,0x00,0x00,0x00,0x00,0x00,0x00,0x00,0x00,0x00,0x00,0x00,0x00,0x00,0x00,0x00,0x00,0x00,0x00,0x00,0x00,0x00,0x00,0x00,0x00,0x00,0x00,0x00,0x00,0x00,0x00,0x00,0x00,0x00,0x00,0x00,0x00,0x00,0x00,0x00,0x00,0x00,0x00,0x00,0x00,0x00,0x00,0x00,0x00,0x00,0x00,0x00,0x00,0x00,
    0x00,0x00,0x00,0x00,0x00,0x00,0x00,0x00,0x00,0x00,0x00,0x00,0x00,0x00,0x00,0x00,0x00,0x00,0x00,0x00,0x00,0x00,0x00,0x00,0x00,0x00,0x00,0x00,0x00,0x00,0x00,0x00,0x00,0x00,0x00,0x00,0x00,0x00,0x00,0x00,0x00,0x00,0x00,0x00,0x00,0x00,0x00,0x00,0x00,0x00,0x00,0x00,0x00,0x00,0x00,0x00,0x00,0x00,0x00,0x00,0x00,0x00,0x00,0x00,0x00,0x00,0x00,0x00,0x00,0x00,0x00,0x00,0x00,0x00,0x00,0x00,0x00,0x00,0x00,0x00,0x00,0x00,0x00,0x00,0x00,0x00,0x00,0x00,0x00,0x00,0x00,0x00,0x00,0x00,0x00,0x00,0x00,0x00,0x00,0x00,0x00,0x00,0x00,0x00,0x00,0x00,0x00,0x00,0x00,0x00,0x00,0x00,0x00,0x00,0x00,0x00,0x00,0x00,0x00,0x00,0x00,0x00,0x00,0x00,0x00,0x00,0x00,0x00,0x00,0x00,0x00,0x00,0x00,0x00,0x00,0x00,0x00,0x00,0x00,0x00,0x00,0x00,0x00,0x00,
    0x00,0x00,0x00,0x00,0x00,0x00,0x00,0x00,0x00,0x00,0x00,0x00,0x00,0x00,0x00,0x00,0x00,0x00,0x00,0x00,0x00,0x00,0x00,0x00,0x00,0x00,0x00,0x00,0x00,0x00,0x00,0x00,0x00,0x00,0x00,0x00,0x00,0x00,0x00,0x00,0x00,0x00,0x00,0x00,0x00,0x00,0x00,0x00,0x00,0x00,0x00,0x00,0x00,0x00,0x00,0x00,0x00,0x00,0x00,0x00,0x00,0x00,0x00,0x00,0x00,0x00,0x00,0x00,0x00,0x00,0x00,0x00,0x00,0x00,0x00,0x00,0x00,0x00,0x00,0x00,0x00,0x00,0x00,0x00,0x00,0x00,0x00,0x00,0x00,0x00,0x00,0x00,0x00,0x00,0x00,0x00,0x00,0x00,0x00,0x00,0x00,0x00,0x00,0x00,0x00,0x00,0x00,0x00,0x00,0x00,0x00,0x00,0x00,0x00,0x00,0x00,0x00,0x00,0x00,0x00,0x00,0x00,0x00,0x00,0x00,0x00,0x00,0x00,0x00,0x00,0x00,0x00,0x00,0x00,0x00,0x00,0x00,0x00,0x00,0x00,0x00,0x00,0x00,0x00,
    0x00,0x00,0x00,0x00,0x00,0x00,0x00,0x00,0x00,0x00,0x00,0x00,0x00,0x00,0x00,0x00,0x00,0x00,0x00,0x00,0x00,0x00,0x00,0x00,0x00,0x00,0x00,0x00,0x00,0x00,0x00,0x00,0x00,0x00,0x00,0x00,0x00,0x00,0x00,0x00,0x00,0x00,0x00,0x00,0x00,0x00,0x00,0x00,0x00,0x00,0x00,0x00,0x00,0x00,0x00,0x00,0x00,0x00,0x00,0x00,0x00,0x00,0x00,0x00,0x00,0x00,0x00,0x00,0x00,0x00,0x00,0x00,0x00,0x00,0x00,0x00,0x00,0x00,0x00,0x00,0x00,0x00,0x00,0x00,0x00,0x00,0x00,0x00,0x00,0x00,0x00,0x00,0x00,0x00,0x00,0x00,0x00,0x00,0x00,0x00,0x00,0x00,0x00,0x00,0x00,0x00,0x00,0x00,0x00,0x00,0x00,0x00,0x00,0x00,0x00,0x00,0x00,0x00,0x00,0x00,0x00,0x00,0x00,0x00,0x00,0x00,0x00,0x00,0x00,0x00,0x00,0x00,0x00,0x00,0x00,0x00,0x00,0x00,0x00,0x00,0x00,0x00,0x00,0x00,
    0x00,0x00,0x00,0x00,0x00,0x00,0x00,0x00,0x00,0x00,0x00,0x00,0x00,0x00,0x00,0x00,0x00,0x00,0x00,0x00,0x00,0x00,0x00,0x00,0x00,0x00,0x00,0x00,0x00,0x00,0x00,0x00,0x00,0x00,0x00,0x00,0x00,0x00,0x00,0x00,0x00,0x00,0x00,0x00,0x00,0x00,0x00,0x00,0x00,0x00,0x00,0x00,0x00,0x00,0x00,0x00,0x00,0x00,0x00,0x00,0x00,0x00,0x00,0x00,0x00,0x00,0x00,0x00,0x00,0x00,0x00,0x00,0x00,0x00,0x00,0x00,0x00,0x00,0x00,0x00,0x00,0x00,0x00,0x00,0x00,0x00,0x00,0x00,0x00,0x00,0x00,0x00,0x00,0x00,0x00,0x00,0x00,0x00,0x00,0x00,0x00,0x00,0x00,0x00,0x00,0x00,0x00,0x00,0x00,0x00,0x00,0x00,0x00,0x00,0x00,0x00,0x00,0x00,0x00,0x00,0x00,0x00,0x00,0x00,0x00,0x00,0x00,0x00,0x00,0x00,0x00,0x00,0x00,0x00,0x00,0x00,0x00,0x00,0x00,0x00,0x00,0x00,0x00,0x00,
    0x00,0x00,0x00,0x00,0x00,0x00,0x00,0x00,0x00,0x00,0x00,0x00,0x00,0x00,0x00,0x00,0x00,0x00,0x00,0x00,0x00,0x00,0x00,0x00,0x00,0x00,0x00,0x00,0x00,0x00,0x00,0x00,0x00,0x00,0x00,0x00,0x00,0x00,0x00,0x00,0x00,0x00,0x00,0x00,0x00,0x00,0x00,0x00,0x00,0x00,0x00,0x00,0x00,0x00,0x00,0x00,0x00,0x00,0x00,0x00,0x00,0x00,0x00,0x00,0x00,0x00,0x00,0x00,0x00,0x00,0x00,0x00,0x00,0x00,0x00,0x00,0x00,0x00,0x00,0x00,0x00,0x00,0x00,0x00,0x00,0x00,0x00,0x00,0x00,0x00,0x00,0x00,0x00,0x00,0x00,0x00,0x00,0x00,0x00,0x00,0x00,0x00,0x00,0x00,0x00,0x00,0x00,0x00,0x00,0x00,0x00,0x00,0x00,0x00,0x00,0x00,0x00,0x00,0x00,0x00,0x00,0x00,0x00,0x00,0x00,0x00,0x00,0x00,0x00,0x00,0x00,0x00,0x00,0x00,0x00,0x00,0x00,0x00,0x00,0x00,0x00,0x00,0x00,0x00,
    0x00,0x00,0x00,0x00,0x00,0x00,0x00,0x00,0x00,0x00,0x00,0x00,0x00,0x00,0x00,0x00,0x00,0x00,0x00,0x00,0x00,0x00,0x00,0x00,0x00,0x00,0x00,0x00,0x00,0x00,0x00,0x00,0x00,0x00,0x00,0x00,0x00,0x00,0x00,0x00,0x00,0x00,0x00,0x00,0x00,0x00,0x00,0x00,0x00,0x00,0x00,0x00,0x00,0x00,0x00,0x00,0x00,0x00,0x00,0x00,0x00,0x00,0x00,0x00,0x00,0x00,0x00,0x00,0x00,0x00,0x00,0x00,0x00,0x00,0x00,0x00,0x00,0x00,0x00,0x00,0x00,0x00,0x00,0x00,0x00,0x00,0x00,0x00,0x00,0x00,0x00,0x00,0x00,0x00,0x00,0x00,0x00,0x00,0x00,0x00,0x00,0x00,0x00,0x00,0x00,0x00,0x00,0x00,0x00,0x00,0x00,0x00,0x00,0x00,0x00,0x00,0x00,0x00,0x00,0x00,0x00,0x00,0x00,0x00,0x00,0x00,0x00,0x00,0x00,0x00,0x00,0x00,0x00,0x00,0x00,0x00,0x00,0x00,0x00,0x00,0x00,0x00,0x00,0x00,
    0x00,0x00,0x00,0x00,0x00,0x00,0x00,0x00,0x00,0x00,0x00,0x00,0x00,0x00,0x00,0x00,0x00,0x00,0x00,0x00,0x00,0x00,0x00,0x00,0x00,0x00,0x00,0x00,0x00,0x00,0x00,0x00,0x00,0x00,0x00,0x00,0x00,0x00,0x00,0x00,0x00,0x00,0x00,0x00,0x00,0x00,0x00,0x00,0x00,0x00,0x00,0x00,0x00,0x00,0x00,0x00,0x00,0x00,0x00,0x00,0x00,0x00,0x00,0x00,0x00,0x00,0x00,0x00,0x00,0x00,0x00,0x00,0x00,0x00,0x00,0x00,0x00,0x00,0x00,0x00,0x00,0x00,0x00,0x00,0x00,0x00,0x00,0x00,0x00,0x00,0x00,0x00,0x00,0x00,0x00,0x00,0x00,0x00,0x00,0x00,0x00,0x00,0x00,0x00,0x00,0x00,0x00,0x00,0x00,0x00,0x00,0x00,0x00,0x00,0x00,0x00,0x00,0x00,0x00,0x00,0x00,0x00,0x00,0x00,0x00,0x00,0x00,0x00,0x00,0x00,0x00,0x00,0x00,0x00,0x00,0x00,0x00,0x00,0x00,0x00,0x00,0x00,0x00,0x00,
    0x00,0x00,0x00,0x00,0x00,0x00,0x00,0x00,0x00,0x00,0x00,0x00,0x00,0x00,0x00,0x00,0x00,0x00,0x00,0x00,0x00,0x00,0x00,0x00,0x00,0x00,0x00,0x00,0x00,0x00,0x00,0x00,0x00,0x00,0x00,0x00,0x00,0x00,0x00,0x00,0x00,0x00,0x00,0x00,0x00,0x00,0x00,0x00,0x00,0x00,0x00,0x00,0x00,0x00,0x00,0x00,0x00,0x00,0x00,0x00,0x00,0x00,0x00,0x00,0x00,0x00,0x00,0x00,0x00,0x00,0x00,0x00,0x00,0x00,0x00,0x00,0x00,0x00,0x00,0x00,0x00,0x00,0x00,0x00,0x00,0x00,0x00,0x00,0x00,0x00,0x00,0x00,0x00,0x00,0x00,0x00,0x00,0x00,0x00,0x00,0x00,0x00,0x00,0x00,0x00,0x00,0x00,0x00,0x00,0x00,0x00,0x00,0x00,0x00,0x00,0x00,0x00,0x00,0x00,0x00,0x00,0x00,0x00,0x00,0x00,0x00,0x00,0x00,0x00,0x00,0x00,0x00,0x00,0x00,0x00,0x00,0x00,0x00,0x00,0x00,0x00,0x00,0x00,0x00,
    0x00,0x00,0x00,0x00,0x00,0x00,0x00,0x00,0x00,0x00,0x00,0x00,0x00,0x00,0x00,0x00,0x00,0x00,0x00,0x00,0x00,0x00,0x00,0x00,0x00,0x00,0x00,0x00,0x00,0x00,0x00,0x00,0x00,0x00,0x00,0x00,0x00,0x00,0x00,0x00,0x00,0x00,0x00,0x00,0x00,0x00,0x00,0x00,0x00,0x00,0x00,0x00,0x00,0x00,0x00,0x00,0x00,0x00,0x00,0x00,0x00,0x00,0x00,0x00,0x00,0x00,0x00,0x00,0x00,0x00,0x00,0x00,0x00,0x00,0x00,0x00,0x00,0x00,0x00,0x00,0x00,0x00,0x00,0x00,0x00,0x00,0x00,0x00,0x00,0x00,0x00,0x00,0x00,0x00,0x00,0x00,0x00,0x00,0x00,0x00,0x00,0x00,0x00,0x00,0x00,0x00,0x00,0x00,0x00,0x00,0x00,0x00,0x00,0x00,0x00,0x00,0x00,0x00,0x00,0x00,0x00,0x00,0x00,0x00,0x00,0x00,0x00,0x00,0x00,0x00,0x00,0x00,0x00,0x00,0x00,0x00,0x00,0x00,0x00,0x00,0x00,0x00,0x00,0x00,
    0x00,0x00,0x00,0x00,0x00,0x00,0x00,0x00,0x00,0x00,0x00,0x00,0x00,0x00,0x00,0x00,0x00,0x00,0x00,0x00,0x00,0x00,0x00,0x00,0x00,0x00,0x00,0x00,0x00,0x00,0x00,0x00,0x00,0x00,0x00,0x00,0x00,0x00,0x00,0x00,0x00,0x00,0x00,0x00,0x00,0x00,0x00,0x00,0x00,0x00,0x00,0x00,0x00,0x00,0x00,0x00,0x00,0x00,0x00,0x00,0x00,0x00,0x00,0x00,0x00,0x00,0x00,0x00,0x00,0x00,0x00,0x00,0x00,0x00,0x00,0x00,0x00,0x00,0x00,0x00,0x00,0x00,0x00,0x00,0x00,0x00,0x00,0x00,0x00,0x00,0x00,0x00,0x00,0x00,0x00,0x00,0x00,0x00,0x00,0x00,0x00,0x00,0x00,0x00,0x00,0x00,0x00,0x00,0x00,0x00,0x00,0x00,0x00,0x00,0x00,0x00,0x00,0x00,0x00,0x00,0x00,0x00,0x00,0x00,0x00,0x00,0x00,0x00,0x00,0x00,0x00,0x00,0x00,0x00,0x00,0x00,0x00,0x00,0x00,0x00,0x00,0x00,0x00,0x00,
    0x00,0x00,0x00,0x00,0x00,0x00,0x00,0x00,0x00,0x00,0x00,0x00,0x00,0x00,0x00,0x00,0x00,0x00,0x00,0x00,0x00,0x00,0x00,0x00,0x00,0x00,0x00,0x00,0x00,0x00,0x00,0x00,0x00,0x00,0x00,0x00,0x00,0x00,0x00,0x00,0x00,0x00,0x00,0x00,0x00,0x00,0x00,0x00,0x00,0x00,0x00,0x00,0x00,0x00,0x00,0x00,0x00,0x00,0x00,0x00,0x00,0x00,0x00,0x00,0x00,0x00,0x00,0x00,0x00,0x00,0x00,0x00,0x00,0x00,0x00,0x00,0x00,0x00,0x00,0x00,0x00,0x00,0x00,0x00,0x00,0x00,0x00,0x00,0x00,0x00,0x00,0x00,0x00,0x00,0x00,0x00,0x00,0x00,0x00,0x00,0x00,0x00,0x00,0x00,0x00,0x00,0x00,0x00,0x00,0x00,0x00,0x00,0x00,0x00,0x00,0x00,0x00,0x00,0x00,0x00,0x00,0x00,0x00,0x00,0x00,0x00,0x00,0x00,0x00,0x00,0x00,0x00,0x00,0x00,0x00,0x00,0x00,0x00,0x00,0x00,0x00,0x00,0x00,0x00,
    0x00,0x00,0x00,0x00,0x00,0x00,0x00,0x00,0x00,0x00,0x00,0x00,0x00,0x00,0x00,0x00,0x00,0x00,0x00,0x00,0x00,0x00,0x00,0x00,0x00,0x00,0x00,0x00,0x00,0x00,0x00,0x00,0x00,0x00,0x00,0x00,0x00,0x00,0x00,0x00,0x00,0x00,0x00,0x00,0x00,0x00,0x00,0x00,0x00,0x00,0x00,0x00,0x00,0x00,0x00,0x00,0x00,0x00,0x00,0x00,0x00,0x00,0x00,0x00,0x00,0x00,0x00,0x00,0x00,0x00,0x00,0x00,0x00,0x00,0x00,0x00,0x00,0x00,0x00,0x00,0x00,0x00,0x00,0x00,0x00,0x00,0x00,0x00,0x00,0x00,0x00,0x00,0x00,0x00,0x00,0x00,0x00,0x00,0x00,0x00,0x00,0x00,0x00,0x00,0x00,0x00,0x00,0x00,0x00,0x00,0x00,0x00,0x00,0x00,0x00,0x00,0x00,0x00,0x00,0x00,0x00,0x00,0x00,0x00,0x00,0x00,0x00,0x00,0x00,0x00,0x00,0x00,0x00,0x00,0x00,0x00,0x00,0x00,0x00,0x00,0x00,0x00,0x00,0x00,
    0x00,0x00,0x00,0x00,0x00,0x00,0x00,0x00,0x00,0x00,0x00,0x00,0x00,0x00,0x00,0x00,0x00,0x00,0x00,0x00,0x00,0x00,0x00,0x00,0x00,0x00,0x00,0x00,0x00,0x00,0x00,0x00,0x00,0x00,0x00,0x00,0x00,0x00,0x00,0x00,0x00,0x00,0x00,0x00,0x00,0x00,0x00,0x00,0x00,0x00,0x00,0x00,0x00,0x00,0x00,0x00,0x00,0x00,0x00,0x00,0x00,0x00,0x00,0x00,0x00,0x00,0x00,0x00,0x00,0x00,0x00,0x00,0x00,0x00,0x00,0x00,0x00,0x00,0x00,0x00,0x00,0x00,0x00,0x00,0x00,0x00,0x00,0x00,0x00,0x00,0x00,0x00,0x00,0x00,0x00,0x00,0x00,0x00,0x00,0x00,0x00,0x00,0x00,0x00,0x00,0x00,0x00,0x00,0x00,0x00,0x00,0x00,0x00,0x00,0x00,0x00,0x00,0x00,0x00,0x00,0x00,0x00,0x00,0x00,0x00,0x00,0x00,0x00,0x00,0x00,0x00,0x00,0x00,0x00,0x00,0x00,0x00,0x00,0x00,0x00,0x00,0x00,0x00,0x00,
    0x00,0x00,0x00,0x00,0x00,0x00,0x00,0x00,0x00,0x00,0x00,0x00,0x00,0x00,0x00,0x00,0x00,0x00,0x00,0x00,0x00,0x00,0x00,0x00,0x00,0x00,0x00,0x00,0x00,0x00,0x00,0x00,0x00,0x00,0x00,0x00,0x00,0x00,0x00,0x00,0x00,0x00,0x00,0x00,0x00,0x00,0x00,0x00,0x00,0x00,0x00,0x00,0x00,0x00,0x00,0x00,0x00,0x00,0x00,0x00,0x00,0x00,0x00,0x00,0x00,0x00,0x00,0x00,0x00,0x00,0x00,0x00,0x00,0x00,0x00,0x00,0x00,0x00,0x00,0x00,0x00,0x00,0x00,0x00,0x00,0x00,0x00,0x00,0x00,0x00,0x00,0x00,0x00,0x00,0x00,0x00,0x00,0x00,0x00,0x00,0x00,0x00,0x00,0x00,0x00,0x00,0x00,0x00,0x00,0x00,0x00,0x00,0x00,0x00,0x00,0x00,0x00,0x00,0x00,0x00,0x00,0x00,0x00,0x00,0x00,0x00,0x00,0x00,0x00,0x00,0x00,0x00,0x00,0x00,0x00,0x00,0x00,0x00,0x00,0x00,0x00,0x00,0x00,0x00,
    0x00,0x00,0x00,0x00,0x00,0x00,0x00,0x00,0x00,0x00,0x00,0x00,0x00,0x00,0x00,0x00,0x00,0x00,0x00,0x00,0x00,0x00,0x00,0x00,0x00,0x00,0x00,0x00,0x00,0x00,0x00,0x00,0x00,0x00,0x00,0x00,0x00,0x00,0x00,0x00,0x00,0x00,0x00,0x00,0x00,0x00,0x00,0x00,0x00,0x00,0x00,0x00,0x00,0x00,0x00,0x00,0x00,0x00,0x00,0x00,0x00,0x00,0x00,0x00,0x00,0x00,0x00,0x00,0x00,0x00,0x00,0x00,0x00,0x00,0x00,0x00,0x00,0x00,0x00,0x00,0x00,0x00,0x00,0x00,0x00,0x00,0x00,0x00,0x00,0x00,0x00,0x00,0x00,0x00,0x00,0x00,0x00,0x00,0x00,0x00,0x00,0x00,0x00,0x00,0x00,0x00,0x00,0x00,0x00,0x00,0x00,0x00,0x00,0x00,0x00,0x00,0x00,0x00,0x00,0x00,0x00,0x00,0x00,0x00,0x00,0x00,0x00,0x00,0x00,0x00,0x00,0x00,0x00,0x00,0x00,0x00,0x00,0x00,0x00,0x00,0x00,0x00,0x00,0x00,
    0x00,0x00,0x00,0x00,0x00,0x00,0x00,0x00,0x00,0x00,0x00,0x00,0x00,0x00,0x00,0x00,0x00,0x00,0x00,0x00,0x00,0x00,0x00,0x00,0x00,0x00,0x00,0x00,0x00,0x00,0x00,0x00,0x00,0x00,0x00,0x00,0x00,0x00,0x00,0x00,0x00,0x00,0x00,0x00,0x00,0x00,0x00,0x00,0x00,0x00,0x00,0x00,0x00,0x00,0x00,0x00,0x00,0x00,0x00,0x00,0x00,0x00,0x00,0x00,0x00,0x00,0x00,0x00,0x00,0x00,0x00,0x00,0x00,0x00,0x00,0x00,0x00,0x00,0x00,0x00,0x00,0x00,0x00,0x00,0x00,0x00,0x00,0x00,0x00,0x00,0x00,0x00,0x00,0x00,0x00,0x00,0x00,0x00,0x00,0x00,0x00,0x00,0x00,0x00,0x00,0x00,0x00,0x00,0x00,0x00,0x00,0x00,0x00,0x00,0x00,0x00,0x00,0x00,0x00,0x00,0x00,0x00,0x00,0x00,0x00,0x00,0x00,0x00,0x00,0x00,0x00,0x00,0x00,0x00,0x00,0x00,0x00,0x00,0x00,0x00,0x00,0x00,0x00,0x00,
    0x00,0x00,0x00,0x00,0x00,0x00,0x00,0x00,0x00,0x00,0x00,0x00,0x00,0x00,0x00,0x00,0x00,0x00,0x00,0x00,0x00,0x00,0x00,0x00,0x00,0x00,0x00,0x00,0x00,0x00,0x00,0x00,0x00,0x00,0x00,0x00,0x00,0x00,0x00,0x00,0x00,0x00,0x00,0x00,0x00,0x00,0x00,0x00,0x00,0x00,0x00,0x00,0x00,0x00,0x00,0x00,0x00,0x00,0x00,0x00,0x00,0x00,0x00,0x00,0x00,0x00,0x00,0x00,0x00,0x00,0x00,0x00,0x00,0x00,0x00,0x00,0x00,0x00,0x00,0x00,0x00,0x00,0x00,0x00,0x00,0x00,0x00,0x00,0x00,0x00,0x00,0x00,0x00,0x00,0x00,0x00,0x00,0x00,0x00,0x00,0x00,0x00,0x00,0x00,0x00,0x00,0x00,0x00,0x00,0x00,0x00,0x00,0x00,0x00,0x00,0x00,0x00,0x00,0x00,0x00,0x00,0x00,0x00,0x00,0x00,0x00,0x00,0x00,0x00,0x00,0x00,0x00,0x00,0x00,0x00,0x00,0x00,0x00,0x00,0x00,0x00,0x00,0x00,0x00,
    0x00,0x00,0x00,0x00,0x00,0x00,0x00,0x00,0x00,0x00,0x00,0x00,0x00,0x00,0x00,0x00,0x00,0x00,0x00,0x00,0x00,0x00,0x00,0x00,0x00,0x00,0x00,0x00,0x00,0x00,0x00,0x00,0x00,0x00,0x00,0x00,0x00,0x00,0x00,0x00,0x00,0x00,0x00,0x00,0x00,0x00,0x00,0x00,0x00,0x00,0x00,0x00,0x00,0x00,0x00,0x00,0x00,0x00,0x00,0x00,0x00,0x00,0x00,0x00,0x00,0x00,0x00,0x00,0x00,0x00,0x00,0x00,0x00,0x00,0x00,0x00,0x00,0x00,0x00,0x00,0x00,0x00,0x00,0x00,0x00,0x00,0x00,0x00,0x00,0x00,0x00,0x00,0x00,0x00,0x00,0x00,0x00,0x00,0x00,0x00,0x00,0x00,0x00,0x00,0x00,0x00,0x00,0x00,0x00,0x00,0x00,0x00,0x00,0x00,0x00,0x00,0x00,0x00,0x00,0x00,0x00,0x00,0x00,0x00,0x00,0x00,0x00,0x00,0x00,0x00,0x00,0x00,0x00,0x00,0x00,0x00,0x00,0x00,0x00,0x00,0x00,0x00,0x00,0x00,
    0x00,0x00,0x00,0x00,0x00,0x00,0x00,0x00,0x00,0x00,0x00,0x00,0x00,0x00,0x00,0x00,0x00,0x00,0x00,0x00,0x00,0x00,0x00,0x00,0x00,0x00,0x00,0x00,0x00,0x00,0x00,0x00,0x00,0x00,0x00,0x00,0x00,0x00,0x00,0x00,0x00,0x00,0x00,0x00,0x00,0x00,0x00,0x00,0x00,0x00,0x00,0x00,0x00,0x00,0x00,0x00,0x00,0x00,0x00,0x00,0x00,0x00,0x00,0x00,0x00,0x00,0x00,0x00,0x00,0x00,0x00,0x00,0x00,0x00,0x00,0x00,0x00,0x00,0x00,0x00,0x00,0x00,0x00,0x00,0x00,0x00,0x00,0x00,0x00,0x00,0x00,0x00,0x00,0x00,0x00,0x00,0x00,0x00,0x00,0x00,0x00,0x00,0x00,0x00,0x00,0x00,0x00,0x00,0x00,0x00,0x00,0x00,0x00,0x00,0x00,0x00,0x00,0x00,0x00,0x00,0x00,0x00,0x00,0x00,0x00,0x00,0x00,0x00,0x00,0x00,0x00,0x00,0x00,0x00,0x00,0x00,0x00,0x00,0x00,0x00,0x00,0x00,0x00,0x00,

};

const lv_image_dsc_t passport_pet_failed_5 = {
  .header = {
    .magic = LV_IMAGE_HEADER_MAGIC,
    .cf = LV_COLOR_FORMAT_I8,
    .flags = 0,
    .w = 144,
    .h = 156,
    .stride = 144,
    .reserved_2 = 0,
  },
  .data_size = sizeof(passport_pet_failed_5_map),
  .data = passport_pet_failed_5_map,
  .reserved = NULL,
};
