
#if defined(LV_LVGL_H_INCLUDE_SIMPLE)
#include "lvgl.h"
#elif defined(LV_LVGL_H_INCLUDE_SYSTEM)
#include <lvgl.h>
#elif defined(LV_BUILD_TEST)
#include "../lvgl.h"
#else
#include "lvgl/lvgl.h"
#endif

#ifndef LV_ATTRIBUTE_MEM_ALIGN
#define LV_ATTRIBUTE_MEM_ALIGN
#endif

#ifndef LV_ATTRIBUTE_PASSPORT_PET_RUNNING_4
#define LV_ATTRIBUTE_PASSPORT_PET_RUNNING_4
#endif

static const
LV_ATTRIBUTE_MEM_ALIGN LV_ATTRIBUTE_LARGE_CONST LV_ATTRIBUTE_PASSPORT_PET_RUNNING_4
uint8_t passport_pet_running_4_map[] = {

    0x4c,0x70,0x47,0x00,0x73,0x78,0x7b,0x01,0x36,0x37,0x35,0x02,0x19,0x13,0x16,0xfc,
    0x0f,0x09,0x07,0x03,0x8b,0xb1,0xad,0x03,0xaa,0xbd,0xcc,0xfe,0xc9,0xff,0xfa,0x02,
    0x14,0x0f,0x10,0xc5,0x0a,0x08,0x0b,0xfc,0xf0,0xf8,0xfe,0xfe,0x18,0x12,0x12,0x27,
    0x0f,0x0a,0x0c,0x61,0xd9,0xee,0xfe,0xfe,0x14,0x0f,0x10,0xba,0x15,0x10,0x10,0x9e,
    0x17,0x14,0x12,0x79,0x2b,0x25,0x2a,0xfe,0xaa,0xb5,0xbd,0xfc,0x82,0x9b,0xb1,0xfe,
    0x60,0x85,0x92,0x04,0xaf,0xc9,0xda,0xfe,0x13,0x0f,0x10,0x1d,0xd5,0xe8,0xfa,0xfe,
    0x1e,0x1e,0x13,0x3a,0x8b,0xa9,0xae,0xd3,0xc0,0xdc,0xee,0xfe,0x2b,0x26,0x1c,0x13,
    0x13,0x0d,0x10,0xf4,0x8d,0x9d,0xa8,0x0d,0xcb,0xd8,0xe5,0xfe,0x1f,0x18,0x10,0x0c,
    0x10,0x0c,0x0d,0xaa,0x6d,0x83,0x97,0xfe,0x7b,0x96,0x92,0x57,0x92,0xb0,0xb8,0xe8,
    0xcc,0xdf,0xed,0xfb,0xa3,0xbf,0xc5,0xc5,0xa8,0x6a,0x0b,0xfe,0xb2,0xd5,0xd2,0x0f,
    0x8a,0xa3,0xaa,0xba,0x92,0xae,0xb3,0x65,0x72,0x94,0x99,0x76,0x92,0xb4,0xba,0x07,
    0x12,0x0d,0x0e,0x8b,0x12,0x0e,0x0d,0x45,0x1d,0x26,0x1d,0x56,0xa8,0xc6,0xcf,0xe0,
    0x70,0x91,0x96,0xae,0xae,0x77,0x1e,0xfe,0x73,0x92,0x98,0x96,0x73,0x89,0x84,0x18,
    0x76,0x98,0x9f,0x40,0x71,0x90,0x9d,0xd0,0x93,0xb2,0xc1,0xfd,0x99,0xb5,0xb6,0x89,
    0xba,0xd1,0xda,0xec,0xa9,0xbc,0xc4,0x9d,0x9f,0xbb,0xbc,0x47,0xcb,0xe1,0xe3,0x2f,
    0x45,0x67,0x69,0x87,0xb4,0xd1,0xd3,0x1d,0x11,0x0b,0x0e,0xd7,0xe8,0xf1,0xf7,0xd1,
    0x33,0x4d,0x4d,0xa6,0x47,0x4c,0x35,0x26,0x1a,0x12,0x11,0xe7,0xec,0xf2,0xf7,0x76,
    0x47,0x4b,0x2e,0x40,0x5e,0x7b,0x8b,0xc4,0x47,0x5d,0x62,0xcc,0xc6,0x8b,0x0a,0xfc,
    0xe0,0xef,0xf0,0x53,0xa0,0xb5,0xdc,0xfe,0xa0,0xb3,0xb9,0x56,0xe1,0xf0,0xf3,0xbf,
    0x8d,0x61,0x05,0x84,0x25,0x43,0x39,0xe5,0xc4,0xdd,0xe5,0xee,0xba,0xd2,0xd7,0x86,
    0x3c,0x5b,0x5b,0x6d,0xbd,0xd4,0xe1,0xc8,0x49,0x67,0x6e,0xaf,0xe1,0xf3,0xf8,0xe6,
    0x7c,0x94,0xcf,0xfc,0x17,0x10,0x12,0xf0,0x27,0x2a,0x1c,0xa1,0x68,0x49,0x2e,0xfe,
    0x6c,0x51,0x09,0xc2,0x6c,0x97,0x99,0x2a,0xa1,0x61,0x04,0xc0,0xad,0xc5,0xc8,0x70,
    0xd2,0xe2,0xe7,0x99,0x6a,0x3f,0x10,0xfd,0x68,0x82,0x8b,0xa5,0x20,0x19,0x1b,0xfa,
    0x4f,0x73,0x7b,0x66,0x82,0x68,0x29,0x0a,0xa3,0x68,0x05,0xe9,0xcc,0xe0,0xe2,0xac,
    0x73,0x59,0x11,0x9b,0x5c,0x79,0x86,0xf5,0x27,0x31,0x32,0xbe,0x88,0x5f,0x02,0x6f,
    0x33,0x3d,0x2a,0x70,0x51,0x81,0x7c,0xdd,0x44,0x63,0x6f,0x30,0x73,0x93,0x9e,0xf1,
    0x4d,0x74,0x73,0x4b,0x6f,0x98,0x99,0xe0,0x48,0x80,0x80,0x2c,0x88,0x60,0x02,0x2c,
    0x26,0x27,0x2c,0xda,0x50,0x61,0x68,0xe1,0x7a,0x55,0x30,0xf7,0x82,0x67,0x1f,0xfb,
    0x61,0x85,0x8c,0xf0,0x63,0x71,0x9e,0x2e,0xb2,0x6b,0x00,0x32,0x19,0x13,0x16,0xff,
    0xcd,0xe8,0xfc,0xff,0x08,0x06,0x09,0xff,0x1a,0x14,0x17,0xff,0x22,0x17,0x1a,0xff,
    0x0e,0x0a,0x0d,0xff,0x0b,0x08,0x0b,0xff,0xbc,0xe3,0xfd,0xff,0xcc,0xe6,0xfb,0xff,
    0x10,0x0c,0x0f,0xff,0xcf,0xe8,0xfb,0xff,0x1c,0x15,0x18,0xff,0x02,0x01,0x04,0xff,
    0x17,0x11,0x14,0xff,0xc9,0xe6,0xfb,0xff,0x13,0x0e,0x11,0xff,0x14,0x0f,0x13,0xff,
    0xe2,0xec,0xfb,0xff,0xc1,0xe4,0xfc,0xff,0xd0,0xea,0xfd,0xff,0x1f,0x16,0x19,0xff,
    0xc5,0xe6,0xfc,0xff,0xd2,0xed,0xff,0xff,0xf2,0x98,0x02,0xff,0xd8,0xf0,0xff,0xff,
    0xbc,0xe2,0xfc,0xff,0x27,0x18,0x1c,0xff,0xfa,0x9e,0x02,0xff,0xd6,0xf3,0xff,0xff,
    0xea,0xf5,0xfd,0xfe,0xdb,0xea,0xfc,0xff,0xc8,0xe4,0xf8,0xff,0xe5,0xf1,0xfc,0xff,
    0xcc,0xe5,0xf9,0xff,0xc8,0xd7,0xf5,0xff,0x26,0x23,0x2a,0xff,0xfc,0xa2,0x02,0xff,
    0xf5,0x9c,0x02,0xff,0xcd,0xde,0xfa,0xff,0x90,0x9d,0xab,0xff,0x9e,0xb5,0xc9,0xff,
    0xad,0xcd,0xe4,0xff,0xf7,0xfe,0xff,0xff,0xd5,0xea,0xfa,0xff,0xd4,0xe2,0xf0,0xff,
    0xe0,0xf4,0xff,0xff,0x9a,0xaa,0xb7,0xff,0xba,0xe0,0xf8,0xff,0xcb,0xf0,0xff,0xff,
    0x46,0x26,0x2d,0xff,0xc2,0xe8,0xff,0xff,0x27,0x1c,0x21,0xff,0xa6,0xc1,0xd7,0xff,
    0xc7,0xeb,0xfe,0xff,0xc1,0xd1,0xe0,0xff,0xcf,0x7b,0x03,0xff,0x8a,0xa4,0xbb,0xff,
    0x3a,0x1e,0x24,0xff,0x55,0x2a,0x37,0xff,0xe7,0x8e,0x03,0xff,0x6c,0x79,0x88,0xff,
    0xba,0xca,0xf7,0xff,0x79,0x3f,0x50,0xff,0xb5,0xd6,0xee,0xff,0xb5,0xda,0xf5,0xff,
    0xb8,0xd5,0xe5,0xff,0x78,0x2e,0x45,0xff,0xc6,0xe1,0xf6,0xff,0xb4,0xc4,0xd2,0xff,
    0x5d,0x66,0x74,0xff,0xdf,0xf7,0xff,0xff,0xff,0xa6,0x01,0xff,0xf1,0x94,0x02,0xff,
    0x97,0xad,0xc7,0xff,0x42,0x45,0x4f,0xff,0x87,0x95,0xa4,0xff,0xc0,0xca,0xd5,0xff,
    0xea,0xfa,0xff,0xff,0x4f,0x58,0x60,0xff,0x1b,0x19,0x23,0xff,0xce,0x70,0x03,0xff,
    0x3d,0x4b,0x6f,0xff,0xe6,0x83,0x00,0xff,0x97,0x45,0x5e,0xff,0x22,0x12,0x17,0xff,
    0x7a,0x90,0xa3,0xff,0xb3,0x57,0x71,0xff,0x9a,0x4f,0x64,0xff,0xdf,0xea,0xf5,0xff,
    0x92,0xaa,0xf8,0xff,0x8f,0x58,0x06,0xff,0x5e,0x71,0x98,0xff,0xdb,0x87,0x02,0xff,
    0xe8,0x55,0x7a,0xff,0x7e,0x83,0x8e,0xff,0x75,0x85,0xa5,0xff,0xc5,0x5f,0x7b,0xff,
    0xbb,0x64,0x03,0xff,0xa5,0xba,0xf7,0xff,0x79,0x70,0x78,0xff,0xbc,0xce,0xe8,0xff,
    0x5f,0x34,0x41,0xff,0x8d,0x6d,0x3e,0xff,0x3a,0x33,0x37,0xff,0xbd,0x55,0x03,0xff,
    0x8a,0xa4,0xd7,0xff,0x8c,0x3c,0x55,0xff,0x7b,0x4c,0x0d,0xff,0xb4,0x3a,0x5a,0xff,
    0xd8,0x64,0x86,0xff,0x5a,0x59,0x3e,0xff,0xa4,0x48,0x05,0xff,0x28,0x2f,0x4c,0xff,
    0x9a,0x32,0x02,0xff,0xaf,0x4c,0x68,0xff,0xd2,0x44,0x69,0xff,0xa2,0xc2,0xe6,0xff,
    0x76,0x5d,0x6c,0xff,0x52,0x62,0x92,0xff,0x67,0x29,0x08,0xff,0xa6,0xa2,0x8f,0xff,
    0x66,0x7d,0xb8,0xff,0xa0,0x9a,0x6b,0xff,0x98,0x8a,0x6d,0xff,0x83,0x29,0x00,0xff,
    0xdb,0xff,0xff,0xff,0x09,0x9f,0xc3,0xff,0xae,0xa9,0x9d,0xff,0x9c,0x92,0x88,0xff,
    0x89,0x77,0x5e,0xff,0xd0,0x56,0x7b,0xff,0x09,0xc8,0xee,0xff,0x11,0x8a,0xab,0xff,
    0x17,0x70,0x85,0xff,0xe6,0x6d,0x8f,0xff,0x09,0xec,0xff,0xff,0xff,0xba,0x00,0xff,

    0x00,0x00,0x00,0x00,0x00,0x00,0x00,0x00,0x00,0x00,0x00,0x00,0x00,0x00,0x00,0x00,0x00,0x00,0x00,0x00,0x00,0x00,0x00,0x00,0x00,0x00,0x00,0x00,0x00,0x00,0x00,0x00,0x00,0x00,0x00,0x00,0x00,0x00,0x00,0x00,0x00,0x00,0x00,0x00,0x00,0x00,0x00,0x00,0x00,0x00,0x00,0x00,0x00,0x00,0x00,0x00,0x00,0x00,0x00,0x00,0x00,0x00,0x00,0x00,0x00,0x00,0x00,0x00,0x00,0x00,0x00,0x00,0x00,0x00,0x00,0x00,0x00,0x00,0x00,0x00,0x00,0x00,0x00,0x00,0x00,0x00,0x00,0x00,0x00,0x00,0x00,0x00,0x00,0x00,0x00,0x00,0x00,0x00,0x00,0x00,0x00,0x00,0x00,0x00,0x00,0x00,0x00,0x00,0x00,0x00,0x00,0x00,0x00,0x00,0x00,0x00,0x00,0x00,0x00,0x00,0x00,0x00,0x00,0x00,0x00,0x00,0x00,0x00,0x00,0x00,0x00,0x00,0x00,0x00,0x00,0x00,0x00,0x00,0x00,0x00,0x00,0x00,0x00,0x00,
    0x00,0x00,0x00,0x00,0x00,0x00,0x00,0x00,0x00,0x00,0x00,0x00,0x00,0x00,0x00,0x00,0x00,0x00,0x00,0x00,0x00,0x00,0x00,0x00,0x00,0x00,0x00,0x00,0x00,0x00,0x00,0x00,0x00,0x00,0x00,0x00,0x00,0x00,0x00,0x00,0x00,0x00,0x00,0x00,0x00,0x00,0x00,0x00,0x00,0x00,0x00,0x00,0x00,0x00,0x00,0x00,0x00,0x00,0x00,0x01,0x01,0x07,0x07,0x3d,0x3b,0x3b,0x05,0x00,0x00,0x00,0x00,0x00,0x00,0x00,0x00,0x00,0x00,0x00,0x00,0x00,0x00,0x00,0x00,0x00,0x00,0x00,0x00,0x00,0x00,0x00,0x00,0x00,0x00,0x00,0x00,0x00,0x00,0x00,0x00,0x00,0x00,0x00,0x00,0x00,0x00,0x00,0x00,0x00,0x00,0x00,0x00,0x00,0x00,0x00,0x00,0x00,0x00,0x00,0x00,0x00,0x00,0x00,0x00,0x00,0x00,0x00,0x00,0x00,0x00,0x00,0x00,0x00,0x00,0x00,0x00,0x00,0x00,0x00,0x00,0x00,0x00,0x00,0x00,0x00,
    0x00,0x00,0x00,0x00,0x00,0x00,0x00,0x00,0x00,0x00,0x00,0x00,0x00,0x00,0x00,0x00,0x00,0x00,0x00,0x00,0x00,0x00,0x00,0x00,0x00,0x00,0x00,0x00,0x00,0x00,0x00,0x00,0x00,0x00,0x00,0x00,0x00,0x00,0x00,0x00,0x00,0x00,0x00,0x00,0x00,0x00,0x00,0x00,0x00,0x00,0x00,0x00,0x00,0x00,0x00,0x00,0x00,0x00,0x00,0x07,0x00,0x48,0x4b,0x38,0x51,0x5b,0x05,0x02,0x00,0x00,0x00,0x00,0x00,0x00,0x00,0x00,0x00,0x00,0x00,0x00,0x00,0x00,0x00,0x00,0x00,0x00,0x00,0x00,0x00,0x00,0x00,0x00,0x00,0x00,0x00,0x00,0x00,0x00,0x00,0x00,0x00,0x00,0x00,0x00,0x00,0x00,0x00,0x00,0x00,0x00,0x00,0x00,0x00,0x00,0x00,0x00,0x00,0x00,0x00,0x00,0x00,0x00,0x00,0x00,0x00,0x00,0x00,0x00,0x00,0x00,0x00,0x00,0x00,0x00,0x00,0x00,0x00,0x00,0x00,0x00,0x00,0x00,0x00,0x00,
    0x00,0x00,0x00,0x00,0x00,0x00,0x00,0x00,0x00,0x00,0x00,0x00,0x00,0x00,0x00,0x00,0x00,0x00,0x00,0x00,0x00,0x00,0x00,0x00,0x00,0x00,0x00,0x00,0x00,0x00,0x00,0x00,0x00,0x00,0x00,0x00,0x00,0x00,0x00,0x00,0x00,0x00,0x00,0x00,0x00,0x00,0x00,0x00,0x00,0x00,0x00,0x00,0x00,0x00,0x00,0x00,0x00,0x00,0x02,0x00,0x43,0x3f,0x4e,0x4f,0x3a,0x00,0x00,0x00,0x00,0x00,0x00,0x00,0x00,0x00,0x00,0x00,0x00,0x00,0x00,0x00,0x00,0x00,0x00,0x00,0x00,0x00,0x00,0x00,0x00,0x00,0x00,0x00,0x00,0x00,0x00,0x00,0x00,0x00,0x00,0x00,0x00,0x00,0x00,0x00,0x00,0x00,0x00,0x00,0x00,0x00,0x00,0x00,0x00,0x00,0x00,0x00,0x00,0x00,0x00,0x00,0x00,0x00,0x00,0x00,0x00,0x00,0x00,0x00,0x00,0x00,0x00,0x00,0x00,0x00,0x00,0x00,0x00,0x00,0x00,0x00,0x00,0x00,0x00,0x00,
    0x00,0x00,0x00,0x00,0x00,0x00,0x00,0x00,0x00,0x00,0x00,0x00,0x00,0x00,0x00,0x00,0x00,0x00,0x00,0x00,0x00,0x00,0x00,0x00,0x00,0x00,0x00,0x00,0x00,0x00,0x00,0x00,0x00,0x00,0x00,0x00,0x00,0x00,0x00,0x00,0x00,0x00,0x00,0x00,0x00,0x00,0x00,0x00,0x00,0x00,0x00,0x00,0x00,0x00,0x00,0x00,0x00,0x01,0x01,0x3b,0x53,0xa1,0x63,0x27,0x00,0x07,0x00,0x00,0x00,0x00,0x00,0x00,0x00,0x00,0x00,0x00,0x00,0x00,0x00,0x00,0x00,0x00,0x00,0x00,0x00,0x00,0x00,0x00,0x00,0x00,0x00,0x00,0x00,0x00,0x00,0x00,0x00,0x00,0x00,0x00,0x00,0x00,0x00,0x00,0x00,0x00,0x00,0x00,0x00,0x00,0x00,0x00,0x00,0x00,0x00,0x00,0x00,0x00,0x00,0x00,0x00,0x00,0x00,0x00,0x00,0x00,0x00,0x00,0x00,0x00,0x00,0x00,0x00,0x00,0x00,0x00,0x00,0x00,0x00,0x00,0x00,0x00,0x00,0x00,
    0x00,0x00,0x00,0x00,0x00,0x00,0x00,0x00,0x00,0x00,0x00,0x00,0x00,0x00,0x00,0x00,0x00,0x00,0x00,0x00,0x00,0x00,0x00,0x00,0x00,0x00,0x00,0x00,0x00,0x00,0x00,0x00,0x00,0x00,0x00,0x00,0x00,0x00,0x00,0x00,0x00,0x00,0x00,0x00,0x00,0x00,0x00,0x00,0x00,0x00,0x00,0x00,0x00,0x00,0x00,0x00,0x00,0x01,0x00,0x5c,0x88,0x24,0x43,0x00,0x2b,0x00,0x00,0x00,0x00,0x00,0x00,0x00,0x00,0x00,0x00,0x00,0x00,0x00,0x00,0x00,0x00,0x00,0x00,0x00,0x00,0x00,0x00,0x00,0x00,0x00,0x00,0x00,0x00,0x00,0x00,0x00,0x00,0x00,0x00,0x00,0x00,0x00,0x00,0x00,0x00,0x00,0x00,0x00,0x00,0x00,0x00,0x00,0x00,0x00,0x00,0x00,0x00,0x00,0x00,0x00,0x00,0x00,0x00,0x00,0x00,0x00,0x00,0x00,0x00,0x00,0x00,0x00,0x00,0x00,0x00,0x00,0x00,0x00,0x00,0x00,0x00,0x00,0x00,0x00,
    0x00,0x00,0x00,0x00,0x00,0x00,0x00,0x00,0x00,0x00,0x00,0x00,0x00,0x00,0x00,0x00,0x00,0x00,0x00,0x00,0x00,0x00,0x00,0x00,0x00,0x00,0x00,0x00,0x00,0x00,0x00,0x00,0x00,0x00,0x00,0x00,0x00,0x00,0x00,0x00,0x00,0x00,0x00,0x00,0x00,0x00,0x00,0x00,0x00,0x00,0x00,0x00,0x00,0x00,0x00,0x00,0x07,0x00,0x59,0x25,0x88,0x23,0x29,0x00,0x05,0x00,0x00,0x00,0x00,0x00,0x00,0x00,0x00,0x00,0x00,0x00,0x00,0x00,0x00,0x00,0x00,0x00,0x00,0x00,0x00,0x00,0x00,0x00,0x00,0x00,0x00,0x00,0x00,0x00,0x00,0x00,0x00,0x00,0x00,0x00,0x00,0x00,0x00,0x00,0x00,0x00,0x00,0x00,0x00,0x00,0x00,0x00,0x00,0x00,0x00,0x00,0x00,0x00,0x00,0x00,0x00,0x00,0x00,0x00,0x00,0x00,0x00,0x00,0x00,0x00,0x00,0x00,0x00,0x00,0x00,0x00,0x00,0x00,0x00,0x00,0x00,0x00,0x00,0x00,
    0x00,0x00,0x00,0x00,0x00,0x00,0x00,0x00,0x00,0x00,0x00,0x00,0x00,0x00,0x00,0x00,0x00,0x00,0x00,0x00,0x00,0x00,0x00,0x00,0x00,0x00,0x00,0x00,0x00,0x00,0x00,0x00,0x00,0x00,0x00,0x00,0x00,0x00,0x00,0x00,0x00,0x00,0x00,0x00,0x00,0x00,0x00,0x00,0x00,0x00,0x00,0x00,0x00,0x00,0x00,0x00,0x05,0x00,0x22,0x19,0x24,0x36,0x45,0x14,0x01,0x00,0x00,0x00,0x00,0x00,0x01,0x02,0x02,0x02,0x02,0x02,0x02,0x00,0x00,0x00,0x00,0x00,0x00,0x00,0x00,0x00,0x00,0x00,0x00,0x00,0x00,0x00,0x00,0x00,0x00,0x00,0x00,0x00,0x00,0x00,0x00,0x00,0x00,0x00,0x00,0x00,0x00,0x00,0x00,0x00,0x00,0x00,0x00,0x00,0x00,0x00,0x00,0x00,0x00,0x00,0x00,0x00,0x00,0x00,0x00,0x00,0x00,0x00,0x00,0x00,0x00,0x00,0x00,0x00,0x00,0x00,0x00,0x00,0x00,0x00,0x00,0x00,0x00,0x00,
    0x00,0x00,0x00,0x00,0x00,0x00,0x00,0x00,0x00,0x00,0x00,0x00,0x00,0x00,0x00,0x00,0x00,0x00,0x00,0x00,0x00,0x00,0x00,0x00,0x00,0x00,0x00,0x00,0x00,0x00,0x00,0x00,0x00,0x00,0x00,0x00,0x00,0x00,0x00,0x00,0x00,0x00,0x00,0x00,0x00,0x00,0x00,0x00,0x00,0x00,0x00,0x00,0x00,0x00,0x00,0x00,0x05,0x00,0x22,0x35,0x9d,0x06,0x46,0x41,0x01,0x02,0x01,0x05,0x02,0x00,0x00,0x00,0x00,0x00,0x00,0x00,0x00,0x00,0x00,0x05,0x01,0x00,0x00,0x00,0x00,0x00,0x00,0x00,0x00,0x00,0x00,0x00,0x00,0x00,0x00,0x00,0x00,0x00,0x00,0x00,0x00,0x00,0x00,0x00,0x00,0x00,0x00,0x00,0x00,0x00,0x00,0x00,0x00,0x00,0x00,0x00,0x00,0x00,0x00,0x00,0x00,0x00,0x00,0x00,0x00,0x00,0x00,0x00,0x00,0x00,0x00,0x00,0x00,0x00,0x00,0x00,0x00,0x00,0x00,0x00,0x00,0x00,0x00,0x00,
    0x00,0x00,0x00,0x00,0x00,0x00,0x00,0x00,0x00,0x00,0x00,0x00,0x00,0x00,0x00,0x00,0x00,0x00,0x00,0x00,0x00,0x00,0x00,0x00,0x00,0x00,0x00,0x00,0x00,0x00,0x00,0x00,0x00,0x00,0x00,0x00,0x00,0x00,0x00,0x00,0x00,0x00,0x00,0x00,0x00,0x00,0x00,0x00,0x00,0x00,0x00,0x00,0x00,0x00,0x00,0x00,0x14,0x00,0x22,0x19,0xba,0xa3,0x65,0x3c,0x00,0x02,0x00,0x00,0x00,0x2b,0x1d,0x75,0x75,0x6a,0x6a,0x6e,0x33,0x2b,0x00,0x00,0x01,0x14,0x01,0x05,0x01,0x00,0x00,0x00,0x00,0x00,0x00,0x00,0x00,0x00,0x00,0x00,0x00,0x00,0x00,0x00,0x00,0x00,0x00,0x00,0x00,0x00,0x00,0x00,0x00,0x00,0x00,0x00,0x00,0x00,0x00,0x00,0x00,0x00,0x00,0x00,0x00,0x00,0x00,0x00,0x00,0x00,0x00,0x00,0x00,0x00,0x00,0x00,0x00,0x00,0x00,0x00,0x00,0x00,0x00,0x00,0x00,0x00,0x00,0x00,
    0x00,0x00,0x00,0x00,0x00,0x00,0x00,0x00,0x00,0x00,0x00,0x00,0x00,0x00,0x00,0x00,0x00,0x00,0x00,0x00,0x00,0x00,0x00,0x00,0x00,0x00,0x00,0x00,0x00,0x00,0x00,0x00,0x00,0x00,0x00,0x00,0x00,0x00,0x00,0x00,0x00,0x00,0x00,0x00,0x00,0x00,0x00,0x00,0x00,0x00,0x00,0x00,0x00,0x00,0x00,0x00,0x01,0x01,0x27,0x28,0x15,0x95,0xb8,0x25,0x34,0x00,0x27,0x3a,0x22,0x3c,0x3c,0x52,0x52,0x30,0x30,0x30,0x32,0x2a,0x22,0x3a,0x61,0x00,0x00,0x00,0x00,0x02,0x00,0x00,0x00,0x00,0x00,0x00,0x00,0x00,0x00,0x00,0x00,0x00,0x00,0x00,0x00,0x00,0x00,0x00,0x00,0x00,0x00,0x00,0x00,0x00,0x00,0x00,0x00,0x00,0x00,0x00,0x00,0x00,0x00,0x00,0x00,0x00,0x00,0x00,0x00,0x00,0x00,0x00,0x00,0x00,0x00,0x00,0x00,0x00,0x00,0x00,0x00,0x00,0x00,0x00,0x00,0x00,0x00,0x00,
    0x00,0x00,0x00,0x00,0x00,0x00,0x00,0x00,0x00,0x00,0x00,0x00,0x00,0x00,0x00,0x00,0x00,0x00,0x00,0x00,0x00,0x00,0x00,0x00,0x00,0x00,0x00,0x00,0x00,0x00,0x00,0x00,0x00,0x00,0x00,0x00,0x00,0x00,0x00,0x00,0x00,0x00,0x00,0x00,0x00,0x00,0x00,0x00,0x00,0x00,0x00,0x00,0x00,0x00,0x00,0x00,0x00,0x02,0x01,0x59,0x35,0xb8,0xbd,0x9d,0x28,0x5e,0x40,0x46,0x45,0x6b,0x21,0xe0,0xab,0xb6,0x1a,0xb6,0x96,0x15,0x2f,0x19,0x32,0x60,0x6c,0x34,0x07,0x00,0x01,0x01,0x00,0x00,0x00,0x00,0x00,0x00,0x00,0x00,0x00,0x00,0x00,0x00,0x00,0x00,0x00,0x00,0x00,0x00,0x00,0x00,0x00,0x00,0x00,0x00,0x00,0x00,0x00,0x00,0x00,0x00,0x00,0x00,0x00,0x00,0x00,0x00,0x00,0x00,0x00,0x00,0x00,0x00,0x00,0x00,0x00,0x00,0x00,0x00,0x00,0x00,0x00,0x00,0x00,0x00,0x00,0x00,
    0x00,0x00,0x00,0x00,0x00,0x00,0x00,0x00,0x00,0x00,0x00,0x00,0x00,0x00,0x00,0x00,0x00,0x00,0x00,0x00,0x00,0x00,0x00,0x00,0x00,0x00,0x00,0x00,0x00,0x00,0x00,0x00,0x00,0x00,0x00,0x00,0x00,0x00,0x00,0x00,0x00,0x00,0x00,0x00,0x00,0x00,0x00,0x00,0x00,0x00,0x00,0x00,0x00,0x00,0x00,0x00,0x01,0x00,0x00,0x00,0x22,0x5c,0x51,0x36,0x06,0xab,0x9f,0xab,0xba,0x78,0xac,0xa9,0x89,0x90,0x89,0x8a,0x81,0x0d,0x8f,0x85,0xba,0xab,0x23,0x28,0x32,0x6a,0x00,0x00,0x01,0x00,0x00,0x00,0x00,0x00,0x00,0x00,0x00,0x00,0x00,0x00,0x00,0x00,0x00,0x00,0x00,0x00,0x00,0x00,0x00,0x00,0x00,0x00,0x00,0x00,0x00,0x00,0x00,0x00,0x00,0x00,0x00,0x00,0x00,0x00,0x00,0x00,0x00,0x00,0x00,0x00,0x00,0x00,0x00,0x00,0x00,0x00,0x00,0x00,0x00,0x00,0x00,0x00,0x00,0x00,
    0x00,0x00,0x00,0x00,0x00,0x00,0x00,0x00,0x00,0x00,0x00,0x00,0x00,0x00,0x00,0x00,0x00,0x00,0x00,0x00,0x00,0x00,0x00,0x00,0x00,0x00,0x00,0x00,0x00,0x00,0x00,0x00,0x00,0x00,0x00,0x00,0x00,0x00,0x00,0x00,0x00,0x00,0x00,0x00,0x00,0x00,0x00,0x00,0x00,0x00,0x00,0x00,0x00,0x00,0x00,0x01,0x00,0x27,0x3b,0x3d,0x43,0x32,0x3c,0x65,0xcc,0x1a,0x8f,0x8d,0x85,0x90,0xa6,0x90,0x7e,0x8c,0x89,0x96,0x8c,0x89,0xa6,0xb7,0xb7,0x90,0x89,0xb8,0x74,0x40,0x34,0x33,0x00,0x02,0x00,0x00,0x00,0x00,0x00,0x00,0x00,0x00,0x00,0x00,0x00,0x00,0x00,0x00,0x00,0x00,0x00,0x00,0x00,0x00,0x00,0x00,0x00,0x00,0x00,0x00,0x00,0x00,0x00,0x00,0x00,0x00,0x00,0x00,0x00,0x00,0x00,0x00,0x00,0x00,0x00,0x00,0x00,0x00,0x00,0x00,0x00,0x00,0x00,0x00,0x00,0x00,0x00,0x00,
    0x00,0x00,0x00,0x00,0x00,0x00,0x00,0x00,0x00,0x00,0x00,0x00,0x00,0x00,0x00,0x00,0x00,0x00,0x00,0x00,0x00,0x00,0x00,0x00,0x00,0x00,0x00,0x00,0x00,0x00,0x00,0x00,0x00,0x00,0x00,0x00,0x00,0x00,0x00,0x00,0x00,0x00,0x00,0x00,0x00,0x00,0x00,0x00,0x00,0x00,0x00,0x00,0x00,0x07,0x07,0x01,0x3b,0x43,0x4b,0x94,0x12,0xb3,0xbb,0x8d,0xa7,0x78,0x98,0x85,0x7f,0x89,0x8c,0x85,0x7f,0x81,0x81,0x7f,0x7f,0x85,0x85,0x89,0x90,0xa6,0xa6,0xa9,0xb6,0x49,0x23,0x30,0x59,0x00,0x02,0x00,0x00,0x00,0x00,0x00,0x00,0x00,0x00,0x00,0x00,0x00,0x00,0x00,0x00,0x00,0x00,0x00,0x00,0x00,0x00,0x00,0x00,0x00,0x00,0x00,0x00,0x00,0x00,0x00,0x00,0x00,0x00,0x00,0x00,0x00,0x00,0x00,0x00,0x00,0x00,0x00,0x00,0x00,0x00,0x00,0x00,0x00,0x00,0x00,0x00,0x00,0x00,0x00,
    0x00,0x00,0x00,0x00,0x00,0x00,0x00,0x00,0x00,0x00,0x00,0x00,0x00,0x00,0x00,0x00,0x00,0x00,0x00,0x00,0x00,0x00,0x00,0x00,0x00,0x00,0x00,0x00,0x00,0x00,0x00,0x00,0x00,0x00,0x00,0x00,0x00,0x00,0x00,0x00,0x00,0x00,0x00,0x00,0x00,0x00,0x00,0x00,0x00,0x00,0x00,0x00,0x00,0x00,0x00,0x48,0x4b,0x53,0x88,0x9e,0xc2,0x81,0x8d,0x89,0xa6,0x90,0x89,0x89,0x8c,0x7f,0x8c,0x85,0x81,0x7f,0x7f,0x7f,0x7f,0x81,0x81,0x81,0x81,0x85,0x89,0x90,0x7e,0x8c,0x98,0x06,0x30,0x6e,0x00,0x02,0x01,0x00,0x00,0x00,0x00,0x00,0x00,0x00,0x00,0x00,0x00,0x00,0x00,0x00,0x00,0x00,0x00,0x00,0x00,0x00,0x00,0x00,0x00,0x00,0x00,0x00,0x00,0x00,0x00,0x00,0x00,0x00,0x00,0x00,0x00,0x00,0x00,0x00,0x00,0x00,0x00,0x00,0x00,0x00,0x00,0x00,0x00,0x00,0x00,0x00,0x00,0x00,
    0x00,0x00,0x00,0x00,0x00,0x00,0x00,0x00,0x00,0x00,0x00,0x00,0x00,0x00,0x00,0x00,0x00,0x00,0x00,0x00,0x00,0x00,0x00,0x00,0x00,0x00,0x00,0x00,0x00,0x00,0x00,0x00,0x00,0x00,0x00,0x00,0x00,0x00,0x00,0x00,0x00,0x00,0x00,0x00,0x00,0x00,0x00,0x00,0x00,0x00,0x07,0x07,0x07,0x48,0x43,0x3f,0xa1,0xa2,0xa5,0x15,0xac,0x8c,0xa6,0x7e,0x7e,0x7e,0x7e,0x7e,0x7e,0x7e,0x89,0x89,0x7f,0x7f,0x7f,0x7f,0x7f,0x7f,0x81,0x81,0x7f,0x81,0x7f,0x8c,0x90,0x7e,0x89,0x8f,0x15,0x30,0x22,0x00,0x01,0x01,0x00,0x00,0x00,0x00,0x00,0x00,0x00,0x00,0x00,0x00,0x00,0x00,0x00,0x00,0x00,0x00,0x00,0x00,0x00,0x00,0x00,0x00,0x00,0x00,0x00,0x00,0x00,0x00,0x00,0x00,0x00,0x00,0x00,0x00,0x00,0x00,0x00,0x00,0x00,0x00,0x00,0x00,0x00,0x00,0x00,0x00,0x00,0x00,0x00,0x00,
    0x00,0x00,0x00,0x00,0x00,0x00,0x00,0x00,0x00,0x00,0x00,0x00,0x00,0x00,0x00,0x00,0x00,0x00,0x00,0x00,0x00,0x00,0x00,0x00,0x00,0x00,0x00,0x00,0x00,0x00,0x00,0x00,0x00,0x00,0x00,0x00,0x00,0x00,0x00,0x00,0x00,0x00,0x00,0x00,0x00,0x00,0x00,0x00,0x00,0x01,0x00,0x00,0x48,0x3f,0xa1,0x3f,0x4e,0xb8,0x81,0x8d,0xa6,0x90,0x7e,0x7e,0x7e,0x7e,0x7e,0x7e,0x7e,0x7e,0x7e,0x7e,0x7f,0x7f,0x7f,0x7f,0x7f,0x7f,0x8c,0x89,0x85,0x7f,0x7f,0x7f,0x89,0x90,0x8c,0x98,0x8d,0x1a,0x2f,0x29,0x02,0x00,0x00,0x00,0x00,0x00,0x00,0x00,0x00,0x00,0x00,0x00,0x00,0x00,0x00,0x00,0x00,0x00,0x00,0x00,0x00,0x00,0x00,0x00,0x00,0x00,0x00,0x00,0x00,0x00,0x00,0x00,0x00,0x00,0x00,0x00,0x00,0x00,0x00,0x00,0x00,0x00,0x00,0x00,0x00,0x00,0x00,0x00,0x00,0x00,0x00,0x00,
    0x00,0x00,0x00,0x00,0x00,0x00,0x00,0x00,0x00,0x00,0x00,0x00,0x00,0x00,0x00,0x00,0x00,0x00,0x00,0x00,0x00,0x00,0x00,0x00,0x00,0x00,0x00,0x00,0x00,0x00,0x00,0x00,0x00,0x00,0x00,0x00,0x00,0x00,0x00,0x00,0x00,0x00,0x00,0x00,0x00,0x00,0x00,0x00,0x07,0x00,0x3d,0x43,0x53,0x0a,0x63,0x51,0x1a,0x8c,0x89,0x85,0x78,0x8c,0x85,0x85,0x89,0x85,0x85,0x85,0x85,0x89,0x7e,0x89,0x7f,0x7f,0x81,0x81,0x7f,0x89,0x7e,0x7e,0x7e,0x89,0x89,0x7e,0x8c,0x85,0x81,0x7f,0x98,0x8d,0xa2,0x19,0x4a,0x14,0x05,0x00,0x00,0x00,0x00,0x00,0x00,0x00,0x00,0x00,0x00,0x00,0x00,0x00,0x00,0x00,0x00,0x00,0x00,0x00,0x00,0x00,0x00,0x00,0x00,0x00,0x00,0x00,0x00,0x00,0x00,0x00,0x00,0x00,0x00,0x00,0x00,0x00,0x00,0x00,0x00,0x00,0x00,0x00,0x00,0x00,0x00,0x00,0x00,0x00,
    0x00,0x00,0x00,0x00,0x00,0x00,0x00,0x00,0x00,0x00,0x00,0x00,0x00,0x00,0x00,0x00,0x00,0x00,0x00,0x00,0x00,0x00,0x00,0x00,0x00,0x00,0x00,0x00,0x00,0x00,0x00,0x00,0x00,0x00,0x00,0x00,0x00,0x00,0x00,0x00,0x00,0x00,0x00,0x00,0x00,0x00,0x00,0x07,0x00,0x27,0x5c,0xa1,0x3f,0x4f,0x32,0xb8,0x78,0x8c,0x85,0x85,0x81,0x81,0x81,0x81,0x7f,0x7f,0x81,0x81,0x81,0x7f,0x8c,0x7f,0x81,0x81,0x85,0x89,0x89,0x7e,0x7e,0x7e,0x7e,0x7e,0x7e,0x7e,0x7f,0x81,0x7f,0x7f,0x7f,0x98,0x8a,0x4e,0x19,0x4a,0x00,0x05,0x00,0x00,0x00,0x00,0x00,0x00,0x00,0x00,0x00,0x00,0x00,0x00,0x00,0x00,0x00,0x00,0x00,0x00,0x00,0x00,0x00,0x00,0x00,0x00,0x00,0x00,0x00,0x00,0x00,0x00,0x00,0x00,0x00,0x00,0x00,0x00,0x00,0x00,0x00,0x00,0x00,0x00,0x00,0x00,0x00,0x00,0x00,0x00,
    0x00,0x00,0x00,0x00,0x00,0x00,0x00,0x00,0x00,0x00,0x00,0x00,0x00,0x00,0x00,0x00,0x00,0x00,0x00,0x00,0x00,0x00,0x00,0x00,0x00,0x00,0x00,0x00,0x00,0x00,0x00,0x00,0x00,0x00,0x00,0x00,0x00,0x00,0x00,0x00,0x00,0x00,0x00,0x00,0x00,0x00,0x01,0x00,0x27,0x5c,0x94,0x4b,0x43,0x4b,0x1a,0x9d,0x8c,0x89,0x81,0x7f,0x7f,0x7f,0x7f,0x7f,0x7f,0x7f,0x7f,0x7f,0x7f,0x85,0x89,0x85,0x85,0x89,0x7e,0x7e,0x7e,0x7e,0x7e,0x7e,0x7e,0x7e,0x7e,0x89,0x7f,0x7f,0x7f,0x7f,0x7f,0x7f,0x98,0x8d,0x24,0x39,0x04,0x00,0x01,0x00,0x00,0x00,0x00,0x00,0x00,0x00,0x00,0x00,0x00,0x00,0x00,0x00,0x00,0x00,0x00,0x00,0x00,0x00,0x00,0x00,0x00,0x00,0x00,0x00,0x00,0x00,0x00,0x00,0x00,0x00,0x00,0x00,0x00,0x00,0x00,0x00,0x00,0x00,0x00,0x00,0x00,0x00,0x00,0x00,0x00,0x00,
    0x00,0x00,0x00,0x00,0x00,0x00,0x00,0x00,0x00,0x00,0x00,0x00,0x00,0x00,0x00,0x00,0x00,0x00,0x00,0x00,0x00,0x00,0x00,0x00,0x00,0x00,0x00,0x00,0x00,0x00,0x00,0x00,0x00,0x00,0x00,0x00,0x00,0x00,0x00,0x00,0x00,0x00,0x00,0x00,0x00,0x07,0x02,0x3d,0x4b,0x0d,0x4b,0x3b,0x43,0x94,0x97,0x98,0x8c,0x7f,0x7f,0x7f,0x7f,0x7f,0x7f,0x7f,0x7f,0x7f,0x7f,0x7f,0x81,0x89,0x7e,0x89,0x89,0x7e,0x7e,0x7e,0x7e,0x7e,0x7e,0x7e,0x7e,0x89,0x89,0x85,0x7f,0x7f,0x7f,0x7f,0x7f,0x7f,0x7f,0x98,0x8d,0x2f,0x4f,0x1d,0x02,0x01,0x00,0x00,0x00,0x00,0x00,0x00,0x00,0x00,0x00,0x00,0x00,0x00,0x00,0x00,0x00,0x00,0x00,0x00,0x00,0x00,0x00,0x00,0x00,0x00,0x00,0x00,0x00,0x00,0x00,0x00,0x00,0x00,0x00,0x00,0x00,0x00,0x00,0x00,0x00,0x00,0x00,0x00,0x00,0x00,0x00,0x00,
    0x00,0x00,0x00,0x00,0x00,0x00,0x00,0x00,0x00,0x00,0x00,0x00,0x00,0x00,0x00,0x00,0x00,0x00,0x00,0x00,0x00,0x00,0x00,0x00,0x00,0x00,0x00,0x00,0x00,0x00,0x00,0x00,0x00,0x00,0x00,0x00,0x00,0x00,0x00,0x00,0x00,0x00,0x00,0x00,0x00,0x07,0x00,0x5b,0x17,0x3f,0x48,0x48,0x4b,0xa1,0x97,0x7f,0x81,0x7f,0x7f,0x81,0x81,0x81,0x81,0x81,0x7f,0x7f,0x7f,0x85,0x85,0x7e,0x7e,0x7e,0x7e,0x7e,0x7e,0x7e,0x7e,0x7e,0x89,0x8c,0x7f,0x81,0x81,0x81,0x7f,0x81,0x7f,0x7f,0x7f,0x7f,0x7f,0x78,0x97,0xa1,0x38,0x29,0x00,0x02,0x00,0x00,0x00,0x00,0x00,0x00,0x00,0x00,0x00,0x00,0x00,0x00,0x00,0x00,0x00,0x00,0x00,0x00,0x00,0x00,0x00,0x00,0x00,0x00,0x00,0x00,0x00,0x00,0x00,0x00,0x00,0x00,0x00,0x00,0x00,0x00,0x00,0x00,0x00,0x00,0x00,0x00,0x00,0x00,0x00,0x00,
    0x00,0x00,0x00,0x00,0x00,0x00,0x00,0x00,0x00,0x00,0x00,0x00,0x00,0x00,0x00,0x00,0x00,0x00,0x00,0x00,0x00,0x00,0x00,0x00,0x00,0x00,0x00,0x00,0x00,0x00,0x00,0x00,0x00,0x00,0x00,0x00,0x00,0x00,0x00,0x00,0x00,0x00,0x00,0x00,0x02,0x02,0x2a,0x25,0x2f,0x3b,0x3d,0x3f,0xc4,0x0a,0x0d,0x85,0x7f,0x7f,0x7f,0x89,0x8c,0x85,0x85,0x85,0x7f,0x81,0x7f,0x7f,0x85,0x7e,0x90,0x7e,0x7e,0x89,0x89,0x89,0x89,0x85,0x7f,0x85,0x8c,0x8c,0x85,0x7f,0x85,0x85,0x7f,0x7f,0x7f,0x7f,0x7f,0x7f,0x97,0x0a,0x1e,0x25,0x33,0x01,0x07,0x00,0x00,0x00,0x00,0x00,0x00,0x00,0x00,0x00,0x00,0x00,0x00,0x00,0x00,0x00,0x00,0x00,0x00,0x00,0x00,0x00,0x00,0x00,0x00,0x00,0x00,0x00,0x00,0x00,0x00,0x00,0x00,0x00,0x00,0x00,0x00,0x00,0x00,0x00,0x00,0x00,0x00,0x00,0x00,0x00,
    0x00,0x00,0x00,0x00,0x00,0x00,0x00,0x00,0x00,0x00,0x00,0x00,0x00,0x00,0x00,0x00,0x00,0x00,0x00,0x00,0x00,0x00,0x00,0x00,0x00,0x00,0x00,0x00,0x00,0x00,0x00,0x00,0x00,0x00,0x00,0x00,0x00,0x00,0x00,0x00,0x00,0x00,0x00,0x05,0x07,0x2a,0xcc,0x13,0x37,0x00,0x28,0x38,0x0a,0x94,0x81,0x85,0x81,0x81,0x85,0x7e,0x7e,0x7e,0x7e,0x7e,0x7e,0x85,0x81,0x81,0x89,0x90,0x8c,0x85,0x7f,0x7f,0x81,0x81,0x81,0x81,0x85,0x7e,0x7e,0x7e,0x7e,0x90,0x7e,0x7e,0x7e,0x89,0x81,0x7f,0x81,0x7f,0xa2,0x0a,0x94,0x2f,0x5b,0x07,0x02,0x00,0x00,0x00,0x00,0x00,0x00,0x00,0x00,0x00,0x00,0x00,0x00,0x00,0x00,0x00,0x00,0x00,0x00,0x00,0x00,0x00,0x00,0x00,0x00,0x00,0x00,0x00,0x00,0x00,0x00,0x00,0x00,0x00,0x00,0x00,0x00,0x00,0x00,0x00,0x00,0x00,0x00,0x00,0x00,0x00,
    0x00,0x00,0x00,0x00,0x00,0x00,0x00,0x00,0x00,0x00,0x00,0x00,0x00,0x00,0x00,0x00,0x00,0x00,0x00,0x00,0x00,0x00,0x00,0x00,0x00,0x00,0x00,0x00,0x00,0x00,0x00,0x00,0x00,0x00,0x00,0x00,0x00,0x00,0x00,0x00,0x00,0x00,0x01,0x01,0x2b,0x19,0x13,0x35,0x34,0x27,0x39,0xa3,0x97,0x94,0x81,0x7f,0xa7,0x8d,0x96,0x7e,0x7e,0x7e,0x7e,0x7e,0x7e,0x85,0x85,0x89,0x90,0xa9,0xb7,0x89,0x85,0x81,0x7f,0x81,0x81,0x81,0x7f,0x89,0x7e,0xa6,0xb7,0x89,0x7e,0x7e,0x7e,0x8c,0x81,0x7f,0x7f,0x81,0x78,0x97,0x0a,0xcf,0x51,0x3d,0x01,0x07,0x00,0x00,0x00,0x00,0x00,0x00,0x00,0x00,0x00,0x00,0x00,0x00,0x00,0x00,0x00,0x00,0x00,0x00,0x00,0x00,0x00,0x00,0x00,0x00,0x00,0x00,0x00,0x00,0x00,0x00,0x00,0x00,0x00,0x00,0x00,0x00,0x00,0x00,0x00,0x00,0x00,0x00,0x00,0x00,
    0x00,0x00,0x00,0x00,0x00,0x00,0x00,0x00,0x00,0x00,0x00,0x00,0x00,0x00,0x00,0x00,0x00,0x00,0x00,0x00,0x00,0x00,0x00,0x00,0x00,0x00,0x00,0x00,0x00,0x00,0x00,0x00,0x00,0x00,0x00,0x00,0x00,0x00,0x00,0x00,0x00,0x00,0x07,0x00,0x4a,0x23,0x23,0x2a,0x00,0x4f,0x4e,0x17,0x98,0x81,0x7f,0x7f,0x81,0x81,0x85,0x7e,0x7e,0x7e,0x7e,0x7e,0x85,0x81,0x7f,0x96,0x93,0x9f,0x21,0xa7,0x90,0x89,0x89,0x89,0x89,0x89,0x89,0x7e,0x89,0x96,0xb3,0xba,0x8a,0x85,0x85,0x7f,0x7f,0x7f,0x7f,0x8f,0x78,0x7f,0xa2,0x99,0x23,0x32,0x00,0x05,0x00,0x00,0x00,0x00,0x00,0x00,0x00,0x00,0x00,0x00,0x00,0x00,0x00,0x00,0x00,0x00,0x00,0x00,0x00,0x00,0x00,0x00,0x00,0x00,0x00,0x00,0x00,0x00,0x00,0x00,0x00,0x00,0x00,0x00,0x00,0x00,0x00,0x00,0x00,0x00,0x00,0x00,0x00,0x00,
    0x00,0x00,0x00,0x00,0x00,0x00,0x00,0x00,0x00,0x00,0x00,0x00,0x00,0x00,0x00,0x00,0x00,0x00,0x00,0x00,0x00,0x00,0x00,0x00,0x00,0x00,0x00,0x00,0x00,0x00,0x00,0x00,0x00,0x00,0x00,0x00,0x00,0x00,0x00,0x00,0x00,0x01,0x00,0x27,0x19,0x23,0x37,0x00,0x3b,0x38,0x8c,0x7f,0x7f,0x78,0x85,0x7e,0x90,0xa6,0x7e,0x89,0x7e,0x7e,0x7e,0xac,0x81,0x7f,0x98,0x8d,0xba,0xb3,0xc0,0x93,0x96,0x89,0x7e,0x90,0x7e,0x7e,0x7e,0x7e,0xa6,0xa7,0xb3,0x21,0x93,0x96,0x89,0x7e,0x78,0x81,0x7f,0x78,0x78,0x7f,0x78,0xba,0x13,0x19,0x59,0x00,0x02,0x00,0x00,0x00,0x00,0x00,0x00,0x00,0x00,0x00,0x00,0x00,0x00,0x00,0x00,0x00,0x00,0x00,0x00,0x00,0x00,0x00,0x00,0x00,0x00,0x00,0x00,0x00,0x00,0x00,0x00,0x00,0x00,0x00,0x00,0x00,0x00,0x00,0x00,0x00,0x00,0x00,0x00,0x00,
    0x00,0x00,0x00,0x00,0x00,0x00,0x00,0x00,0x00,0x00,0x00,0x00,0x00,0x00,0x00,0x00,0x00,0x00,0x00,0x00,0x00,0x00,0x00,0x00,0x00,0x00,0x00,0x00,0x00,0x00,0x00,0x00,0x00,0x00,0x00,0x00,0x00,0x00,0x00,0x00,0x00,0x14,0x00,0x3a,0x23,0x23,0x3a,0x00,0x37,0x38,0x81,0x7f,0x81,0x81,0x81,0x89,0xa7,0xa7,0x89,0x96,0x7e,0x90,0xa6,0xab,0x89,0x90,0x78,0x1a,0xcc,0xa5,0x15,0x8f,0x98,0x85,0x8c,0x8c,0x8c,0x7f,0x7f,0x8c,0x89,0xa7,0xc0,0xd2,0x36,0xac,0x7e,0xa0,0x1a,0x8a,0x7f,0x7f,0x7f,0x7f,0x7f,0x78,0x78,0x23,0x60,0x00,0x14,0x00,0x00,0x00,0x00,0x00,0x00,0x00,0x00,0x00,0x00,0x00,0x00,0x00,0x00,0x00,0x00,0x00,0x00,0x00,0x00,0x00,0x00,0x00,0x00,0x00,0x00,0x00,0x00,0x00,0x00,0x00,0x00,0x00,0x00,0x00,0x00,0x00,0x00,0x00,0x00,0x00,0x00,0x00,
    0x00,0x00,0x00,0x00,0x00,0x00,0x00,0x00,0x00,0x00,0x00,0x00,0x00,0x00,0x00,0x00,0x00,0x00,0x00,0x00,0x00,0x00,0x00,0x00,0x00,0x00,0x00,0x00,0x00,0x00,0x00,0x00,0x00,0x00,0x00,0x00,0x00,0x00,0x00,0x00,0x00,0x05,0x00,0x37,0x12,0x19,0x3d,0x41,0x35,0xb8,0x90,0xa6,0x8c,0x96,0x96,0x8f,0x9f,0x9f,0xa7,0x93,0x98,0x93,0xaf,0x9f,0xac,0x90,0x8c,0xd6,0xeb,0xaf,0x15,0x8d,0x85,0x7e,0x89,0x81,0x81,0x81,0x81,0x81,0x98,0x93,0xc0,0xab,0x13,0xa0,0x93,0xb6,0xa0,0x8d,0x7f,0x7f,0x7f,0x7f,0x7f,0x98,0x93,0x65,0x10,0x1d,0x02,0x01,0x00,0x00,0x00,0x00,0x00,0x00,0x00,0x00,0x00,0x00,0x00,0x00,0x00,0x00,0x00,0x00,0x00,0x00,0x00,0x00,0x00,0x00,0x00,0x00,0x00,0x00,0x00,0x00,0x00,0x00,0x00,0x00,0x00,0x00,0x00,0x00,0x00,0x00,0x00,0x00,0x00,0x00,
    0x00,0x00,0x00,0x00,0x00,0x00,0x00,0x00,0x00,0x00,0x00,0x00,0x00,0x00,0x00,0x00,0x00,0x00,0x00,0x00,0x00,0x00,0x00,0x00,0x00,0x00,0x00,0x00,0x00,0x00,0x00,0x00,0x00,0x00,0x00,0x00,0x00,0x00,0x00,0x00,0x01,0x00,0x1b,0x52,0xc5,0x52,0x01,0x3c,0x74,0xa6,0xb7,0xb7,0xb7,0xb7,0x90,0xa0,0xdc,0xe1,0xec,0xa5,0xac,0xb8,0x21,0x8f,0x98,0xa7,0x9e,0x06,0x81,0x13,0x1a,0x8a,0x7f,0x89,0x8c,0x7f,0x7f,0x7f,0x7f,0x89,0x89,0xac,0x9f,0x9f,0x9d,0xcc,0x8c,0x89,0x36,0x85,0x85,0x7f,0x7f,0x7f,0x7f,0x98,0xa7,0x13,0x71,0x22,0x00,0x02,0x00,0x00,0x00,0x00,0x00,0x00,0x00,0x00,0x00,0x00,0x00,0x00,0x00,0x00,0x00,0x00,0x00,0x00,0x00,0x00,0x00,0x00,0x00,0x00,0x00,0x00,0x00,0x00,0x00,0x00,0x00,0x00,0x00,0x00,0x00,0x00,0x00,0x00,0x00,0x00,0x00,0x00,
    0x00,0x00,0x00,0x00,0x00,0x00,0x00,0x00,0x00,0x00,0x00,0x00,0x00,0x00,0x00,0x00,0x00,0x00,0x00,0x00,0x00,0x00,0x00,0x00,0x00,0x00,0x00,0x00,0x00,0x00,0x00,0x00,0x00,0x00,0x00,0x00,0x00,0x00,0x00,0x00,0x04,0x00,0x44,0x4d,0x66,0x18,0x07,0x3a,0x06,0x89,0xba,0x78,0x89,0x90,0xa7,0xd6,0xe3,0xd4,0xea,0xe1,0xec,0xc5,0xab,0xac,0xac,0xaf,0xa5,0xbd,0x0d,0xa5,0xba,0x8a,0x7f,0x81,0x81,0x81,0x81,0x81,0x81,0x8c,0x89,0xac,0xab,0xaf,0xa4,0xc0,0xc0,0xa7,0xaf,0xb6,0x90,0x89,0x7f,0x7f,0x78,0x7f,0x8d,0xab,0x21,0x63,0x3d,0x01,0x02,0x00,0x00,0x00,0x00,0x00,0x00,0x00,0x00,0x00,0x00,0x00,0x00,0x00,0x00,0x00,0x00,0x00,0x00,0x00,0x00,0x00,0x00,0x00,0x00,0x00,0x00,0x00,0x00,0x00,0x00,0x00,0x00,0x00,0x00,0x00,0x00,0x00,0x00,0x00,0x00,0x00,
    0x00,0x00,0x00,0x00,0x00,0x00,0x00,0x00,0x00,0x00,0x00,0x00,0x00,0x00,0x00,0x00,0x00,0x00,0x00,0x00,0x00,0x00,0x00,0x00,0x00,0x00,0x00,0x00,0x00,0x00,0x00,0x00,0x00,0x00,0x00,0x00,0x00,0x00,0x00,0x00,0x02,0x00,0x2e,0x4d,0x40,0x02,0x3d,0x51,0x8f,0xb7,0xa6,0x81,0x78,0xa6,0xa7,0xda,0xe3,0xea,0xd4,0xd4,0xea,0xb9,0x21,0x93,0xab,0xc2,0xc4,0xad,0xa5,0x21,0x8a,0x8d,0x7f,0x7f,0x7f,0x85,0x85,0x85,0x85,0x85,0x85,0x8d,0xab,0xc2,0xa1,0x97,0xa5,0xac,0x06,0xab,0xa9,0xa6,0x81,0x81,0x8a,0x8a,0x8a,0xb8,0xcc,0x4e,0x4f,0x00,0x05,0x00,0x00,0x00,0x00,0x00,0x00,0x00,0x00,0x00,0x00,0x00,0x00,0x00,0x00,0x00,0x00,0x00,0x00,0x00,0x00,0x00,0x00,0x00,0x00,0x00,0x00,0x00,0x00,0x00,0x00,0x00,0x00,0x00,0x00,0x00,0x00,0x00,0x00,0x00,0x00,0x00,
    0x00,0x00,0x00,0x00,0x00,0x00,0x00,0x00,0x00,0x00,0x00,0x00,0x00,0x00,0x00,0x00,0x00,0x00,0x00,0x00,0x00,0x00,0x00,0x00,0x00,0x00,0x00,0x00,0x00,0x00,0x00,0x00,0x00,0x00,0x00,0x00,0x00,0x00,0x00,0x00,0x02,0x00,0x41,0x4d,0x40,0x00,0x4f,0x53,0xa2,0xb7,0xb7,0x89,0x89,0xa6,0xac,0xba,0x9e,0xec,0xe3,0xe3,0xd4,0xb9,0xa5,0xbd,0xc2,0x12,0x12,0xbb,0x1e,0x9e,0x85,0x8d,0x8c,0x89,0x7f,0x7e,0x7e,0x7e,0x90,0x7e,0x90,0xa9,0xa0,0xbc,0x12,0xcf,0xa3,0xab,0x1a,0xaf,0xa9,0xa6,0x85,0x85,0x85,0x96,0xba,0x90,0xaf,0x4e,0x39,0x1d,0x00,0x01,0x00,0x00,0x00,0x00,0x00,0x00,0x00,0x00,0x00,0x00,0x00,0x00,0x00,0x00,0x00,0x00,0x00,0x00,0x00,0x00,0x00,0x00,0x00,0x00,0x00,0x00,0x00,0x00,0x00,0x00,0x00,0x00,0x00,0x00,0x00,0x00,0x00,0x00,0x00,0x00,
    0x00,0x00,0x00,0x00,0x00,0x00,0x00,0x00,0x00,0x00,0x00,0x00,0x00,0x00,0x00,0x00,0x00,0x00,0x00,0x00,0x00,0x00,0x00,0x00,0x00,0x00,0x00,0x00,0x00,0x00,0x00,0x00,0x00,0x00,0x00,0x00,0x00,0x00,0x00,0x01,0x00,0x1d,0x3c,0x4d,0x2e,0x1d,0x19,0x24,0x8f,0xb6,0xb7,0x85,0x8c,0xa9,0x9f,0xb8,0xf4,0xf4,0x15,0xd5,0xb9,0xa8,0x8c,0x9f,0xb3,0xc3,0xcf,0x94,0x97,0xc2,0xb6,0x8c,0xb7,0x7e,0x89,0x7e,0x89,0x89,0x8c,0x85,0x98,0x8d,0xad,0xcc,0xad,0xc2,0x12,0x9e,0xb8,0xcc,0x90,0x7e,0x90,0x90,0xa9,0xa0,0xaf,0xa9,0xc0,0xad,0x19,0x59,0x00,0x05,0x00,0x00,0x00,0x00,0x00,0x00,0x00,0x00,0x00,0x00,0x00,0x00,0x00,0x00,0x00,0x00,0x00,0x00,0x00,0x00,0x00,0x00,0x00,0x00,0x00,0x00,0x00,0x00,0x00,0x00,0x00,0x00,0x00,0x00,0x00,0x00,0x00,0x00,0x00,0x00,
    0x00,0x00,0x00,0x00,0x00,0x00,0x00,0x00,0x00,0x00,0x00,0x00,0x00,0x00,0x00,0x00,0x00,0x00,0x00,0x00,0x00,0x00,0x00,0x00,0x00,0x00,0x00,0x00,0x00,0x00,0x00,0x00,0x00,0x00,0x00,0x00,0x00,0x00,0x00,0x01,0x00,0x33,0x40,0x4d,0x2e,0x3b,0x25,0x24,0x7f,0xeb,0xb7,0x8c,0x8d,0x9f,0xb9,0xca,0xda,0xa5,0x93,0xb6,0xd2,0x13,0xa0,0xc2,0x97,0x0a,0x88,0x98,0x0d,0xd5,0xb6,0xab,0x21,0xa9,0xa6,0x7e,0x7e,0x85,0x81,0x81,0x7f,0x8d,0xad,0x9e,0xa1,0x94,0xc3,0xa5,0x9e,0xaf,0xb7,0x8c,0x8c,0x89,0x8c,0x1a,0xaf,0x7e,0x49,0xad,0x28,0x04,0x01,0x00,0x00,0x00,0x00,0x00,0x00,0x00,0x00,0x00,0x00,0x00,0x00,0x00,0x00,0x00,0x00,0x00,0x00,0x00,0x00,0x00,0x00,0x00,0x00,0x00,0x00,0x00,0x00,0x00,0x00,0x00,0x00,0x00,0x00,0x00,0x00,0x00,0x00,0x00,0x00,0x00,
    0x00,0x00,0x00,0x00,0x00,0x00,0x00,0x00,0x00,0x00,0x00,0x00,0x00,0x00,0x00,0x00,0x00,0x00,0x00,0x00,0x00,0x00,0x00,0x00,0x00,0x00,0x00,0x00,0x00,0x00,0x00,0x00,0x00,0x00,0x00,0x00,0x00,0x00,0x00,0x01,0x00,0x1d,0x50,0x4d,0x2e,0x48,0x53,0xc4,0xa0,0xe0,0xb7,0xa6,0xa7,0xb3,0xe3,0xd4,0xea,0xca,0xce,0xc1,0xd2,0xa6,0xaf,0xa3,0x8f,0x98,0x81,0x96,0xa4,0x9e,0xb7,0x13,0xb3,0x8c,0xa6,0x7e,0x89,0x81,0x7f,0x7f,0x7f,0x8d,0xad,0x9e,0xa1,0x94,0xa1,0xa1,0x9e,0xb3,0xb7,0x8a,0x85,0x78,0x8a,0x98,0x36,0xa9,0xa0,0xb8,0x35,0x2e,0x01,0x02,0x00,0x00,0x00,0x00,0x00,0x00,0x00,0x00,0x00,0x00,0x00,0x00,0x00,0x00,0x00,0x00,0x00,0x00,0x00,0x00,0x00,0x00,0x00,0x00,0x00,0x00,0x00,0x00,0x00,0x00,0x00,0x00,0x00,0x00,0x00,0x00,0x00,0x00,0x00,0x00,
    0x00,0x00,0x00,0x00,0x00,0x00,0x00,0x00,0x00,0x00,0x00,0x00,0x00,0x00,0x00,0x00,0x00,0x00,0x00,0x00,0x00,0x00,0x00,0x00,0x00,0x00,0x00,0x00,0x00,0x00,0x00,0x00,0x00,0x00,0x00,0x00,0x00,0x00,0x00,0x00,0x04,0x00,0x0b,0x4d,0x68,0x4a,0x6d,0x8f,0x49,0xe0,0xac,0x98,0x93,0xd5,0xb9,0xea,0xd4,0xd4,0xd4,0xe3,0xb1,0xd2,0x06,0x8f,0x96,0x8a,0x8d,0x96,0x8f,0x13,0xeb,0xcc,0xd5,0xac,0x7e,0x89,0x85,0x81,0x7f,0x7f,0x7f,0x78,0x15,0x9e,0x94,0x97,0x95,0x94,0xa3,0xc1,0xeb,0x89,0xa6,0xb7,0x90,0x85,0xc0,0xa0,0x1a,0xbb,0x19,0x50,0x00,0x02,0x00,0x00,0x00,0x00,0x00,0x00,0x00,0x00,0x00,0x00,0x00,0x00,0x00,0x00,0x00,0x00,0x00,0x00,0x00,0x00,0x00,0x00,0x00,0x00,0x00,0x00,0x00,0x00,0x00,0x00,0x00,0x00,0x00,0x00,0x00,0x00,0x00,0x00,0x00,0x00,
    0x00,0x00,0x00,0x00,0x00,0x00,0x00,0x00,0x00,0x00,0x00,0x00,0x00,0x00,0x00,0x00,0x00,0x00,0x00,0x00,0x00,0x00,0x00,0x00,0x00,0x00,0x00,0x00,0x00,0x00,0x00,0x00,0x00,0x00,0x00,0x00,0x00,0x00,0x00,0x00,0x04,0x00,0x2e,0x4d,0x40,0x37,0x23,0x98,0xe0,0xeb,0xac,0x96,0x8f,0x93,0x9f,0xda,0xca,0xe3,0xea,0xe3,0xec,0x9e,0xa2,0x98,0x8d,0x9f,0xc0,0xa2,0xa4,0xc0,0xaf,0x9f,0xc2,0x96,0x7f,0x81,0x81,0x7f,0x7f,0x7f,0x85,0xac,0x15,0x9e,0xa4,0xa0,0xba,0x7f,0xbd,0xd5,0x9f,0x90,0x90,0xaf,0xa0,0xac,0xcc,0x13,0x8d,0xaf,0x30,0x27,0x05,0x00,0x00,0x00,0x00,0x00,0x00,0x00,0x00,0x00,0x00,0x00,0x00,0x00,0x00,0x00,0x00,0x00,0x00,0x00,0x00,0x00,0x00,0x00,0x00,0x00,0x00,0x00,0x00,0x00,0x00,0x00,0x00,0x00,0x00,0x00,0x00,0x00,0x00,0x00,0x00,0x00,
    0x00,0x00,0x00,0x00,0x00,0x00,0x00,0x00,0x00,0x00,0x00,0x00,0x00,0x00,0x00,0x00,0x00,0x00,0x00,0x00,0x00,0x00,0x00,0x00,0x00,0x00,0x00,0x00,0x00,0x00,0x00,0x00,0x00,0x00,0x00,0x00,0x00,0x00,0x00,0x00,0x02,0x00,0x60,0x69,0x69,0x32,0xad,0x85,0xaf,0xb6,0x8c,0x8d,0x06,0x9e,0xac,0xf4,0xac,0x21,0xb5,0xdc,0xc1,0xad,0x8d,0x98,0x78,0x1e,0xa5,0xc2,0x24,0xbb,0xb3,0xa3,0x9f,0xb8,0x93,0x98,0x81,0x7f,0x7f,0x81,0x1a,0x9f,0x15,0x12,0xa3,0x13,0x98,0x96,0x93,0xa5,0xab,0x7e,0xb6,0x36,0xb8,0x93,0xa5,0x15,0xbd,0x21,0x46,0x01,0x00,0x02,0x00,0x00,0x00,0x00,0x00,0x00,0x00,0x00,0x00,0x00,0x00,0x00,0x00,0x00,0x00,0x00,0x00,0x00,0x00,0x00,0x00,0x00,0x00,0x00,0x00,0x00,0x00,0x00,0x00,0x00,0x00,0x00,0x00,0x00,0x00,0x00,0x00,0x00,0x00,0x00,
    0x00,0x00,0x00,0x00,0x00,0x00,0x00,0x00,0x00,0x00,0x00,0x00,0x00,0x00,0x00,0x00,0x00,0x00,0x00,0x00,0x00,0x00,0x00,0x00,0x00,0x00,0x00,0x00,0x00,0x00,0x00,0x00,0x00,0x00,0x00,0x00,0x00,0x00,0x00,0x00,0x02,0x00,0x6e,0x69,0x74,0x5e,0x06,0x89,0xe0,0x78,0x96,0xac,0xec,0xb9,0xca,0xda,0xc2,0xd2,0x21,0xa5,0xa5,0x8f,0x98,0x7f,0x7f,0x8a,0xbd,0x1e,0xc2,0xbb,0xbc,0xf4,0xad,0xbb,0xf4,0x8a,0x8d,0x8d,0x8d,0x93,0xb8,0xbc,0xaf,0x9e,0xa5,0xa3,0x97,0x88,0xc4,0x12,0xa0,0xc2,0x13,0x9f,0xb8,0x8a,0xac,0x8d,0xdb,0x13,0x2f,0x2a,0x61,0x00,0x01,0x00,0x00,0x00,0x00,0x00,0x00,0x00,0x00,0x00,0x00,0x00,0x00,0x00,0x00,0x00,0x00,0x00,0x00,0x00,0x00,0x00,0x00,0x00,0x00,0x00,0x00,0x00,0x00,0x00,0x00,0x00,0x00,0x00,0x00,0x00,0x00,0x00,0x00,0x00,
    0x00,0x00,0x00,0x00,0x00,0x00,0x00,0x00,0x00,0x00,0x00,0x00,0x00,0x00,0x00,0x00,0x00,0x00,0x00,0x00,0x00,0x00,0x00,0x00,0x00,0x00,0x00,0x00,0x00,0x00,0x00,0x00,0x00,0x00,0x00,0x00,0x00,0x00,0x00,0x00,0x00,0x02,0x14,0x60,0xc0,0xaf,0x9f,0x8c,0xeb,0x8d,0x78,0xa6,0xb5,0xd4,0xd4,0xea,0xe3,0xca,0xb9,0xc5,0xcf,0x97,0xa2,0x81,0x81,0x7f,0x96,0x8d,0x1e,0x9e,0xb3,0x15,0xbb,0xc2,0xad,0xa0,0xa0,0xa0,0xa0,0xb8,0xa5,0x21,0xb3,0xa5,0x8f,0x8a,0xa2,0x94,0xa1,0x9e,0x21,0xbb,0xc2,0x13,0xb8,0xa9,0xa6,0x7e,0xa0,0xaf,0x9d,0x36,0x39,0x3d,0x2b,0x02,0x00,0x00,0x00,0x00,0x00,0x00,0x00,0x00,0x00,0x00,0x00,0x00,0x00,0x00,0x00,0x00,0x00,0x00,0x00,0x00,0x00,0x00,0x00,0x00,0x00,0x00,0x00,0x00,0x00,0x00,0x00,0x00,0x00,0x00,0x00,0x00,0x00,0x00,
    0x00,0x00,0x00,0x00,0x00,0x00,0x00,0x00,0x00,0x00,0x00,0x00,0x00,0x00,0x00,0x00,0x00,0x00,0x00,0x00,0x00,0x00,0x00,0x00,0x00,0x00,0x00,0x00,0x00,0x00,0x00,0x00,0x00,0x00,0x00,0x00,0x00,0x00,0x00,0x00,0x00,0x01,0x00,0x2b,0x37,0x23,0x1a,0x98,0xba,0x7f,0x81,0x85,0xec,0xe1,0xe3,0xea,0xd4,0xd4,0xea,0xd5,0xa1,0x97,0x88,0x88,0x88,0x95,0x81,0x98,0x8d,0xa3,0xc3,0xc3,0xc3,0x12,0x06,0xad,0xbb,0xbb,0xab,0x15,0x13,0xd2,0xa0,0x8d,0x85,0x85,0x81,0x95,0x94,0xc3,0x1e,0xa1,0xb3,0xbc,0xba,0x89,0x7e,0x90,0xa9,0x36,0x38,0x97,0x4e,0x5b,0x00,0x01,0x01,0x00,0x00,0x00,0x00,0x00,0x00,0x00,0x00,0x00,0x00,0x00,0x00,0x00,0x00,0x00,0x00,0x00,0x00,0x00,0x00,0x00,0x00,0x00,0x00,0x00,0x00,0x00,0x00,0x00,0x00,0x00,0x00,0x00,0x00,0x00,0x00,0x00,
    0x00,0x00,0x00,0x00,0x00,0x00,0x00,0x00,0x00,0x00,0x00,0x00,0x00,0x00,0x00,0x00,0x00,0x00,0x00,0x00,0x00,0x00,0x00,0x00,0x00,0x00,0x00,0x00,0x00,0x00,0x00,0x00,0x00,0x00,0x00,0x00,0x00,0x00,0x00,0x00,0x00,0x00,0x05,0x00,0x34,0x71,0x9f,0x8f,0x7f,0x81,0x7f,0x8a,0xac,0xab,0xc2,0xda,0xb5,0xe3,0xb9,0xa5,0xbd,0xcf,0x88,0x88,0x88,0x88,0xa2,0x7f,0x7f,0x8a,0x8f,0x8f,0x8f,0x8f,0x8f,0x8f,0x8f,0x8f,0x0d,0x8f,0xb7,0xdb,0x98,0x81,0xa2,0x95,0x95,0x95,0x95,0xa4,0x88,0xc4,0xda,0xde,0xac,0x78,0x8c,0x7e,0x90,0xac,0x25,0x63,0x24,0x63,0x5b,0x27,0x00,0x01,0x00,0x00,0x00,0x00,0x00,0x00,0x00,0x00,0x00,0x00,0x00,0x00,0x00,0x00,0x00,0x00,0x00,0x00,0x00,0x00,0x00,0x00,0x00,0x00,0x00,0x00,0x00,0x00,0x00,0x00,0x00,0x00,0x00,0x00,0x00,0x00,
    0x00,0x00,0x00,0x00,0x00,0x00,0x00,0x00,0x00,0x00,0x00,0x00,0x00,0x00,0x00,0x00,0x00,0x00,0x00,0x00,0x00,0x00,0x00,0x00,0x00,0x00,0x00,0x00,0x00,0x00,0x00,0x00,0x00,0x00,0x00,0x00,0x00,0x00,0x00,0x00,0x00,0x02,0x01,0x33,0x45,0x36,0xaf,0xba,0x8c,0x85,0x7f,0x7f,0x81,0x8f,0xbd,0xa9,0xe5,0xda,0xbb,0xcf,0x0d,0x95,0x88,0x88,0x88,0x88,0x17,0x85,0x98,0x7f,0x78,0x98,0x98,0x98,0x98,0x98,0x98,0x98,0x7f,0x98,0x8a,0x0d,0x95,0xa2,0x88,0x88,0x95,0x95,0x81,0x98,0x96,0x93,0xf8,0xd1,0x15,0xa9,0xa6,0x89,0x7f,0x8d,0x19,0x37,0x52,0xbb,0x1e,0x39,0x1d,0x05,0x01,0x00,0x00,0x00,0x00,0x00,0x00,0x00,0x00,0x00,0x00,0x00,0x00,0x00,0x00,0x00,0x00,0x00,0x00,0x00,0x00,0x00,0x00,0x00,0x00,0x00,0x00,0x00,0x00,0x00,0x00,0x00,0x00,0x00,0x00,0x00,
    0x00,0x00,0x00,0x00,0x00,0x00,0x00,0x00,0x00,0x00,0x00,0x00,0x00,0x00,0x00,0x00,0x00,0x00,0x00,0x00,0x00,0x00,0x00,0x00,0x00,0x00,0x00,0x00,0x00,0x00,0x00,0x00,0x00,0x00,0x00,0x00,0x00,0x00,0x00,0x01,0x00,0x00,0x00,0x37,0x23,0x96,0xa0,0xa0,0xa9,0x90,0x7e,0x85,0x7f,0xba,0x93,0xda,0xd1,0xf2,0xa1,0x94,0x95,0x8a,0x7f,0x96,0x98,0x17,0x0d,0x0d,0x0d,0x98,0x1a,0x7f,0x7f,0x7f,0x7f,0x7f,0x7f,0x7f,0x7f,0x7f,0x95,0x95,0xa3,0x88,0x97,0x8f,0xa2,0xba,0x98,0x78,0x7f,0x8a,0x57,0xe6,0xc2,0xa7,0x96,0x7f,0x98,0x0d,0x15,0x5e,0x6c,0x28,0x38,0x25,0x3a,0x00,0x02,0x00,0x00,0x00,0x00,0x00,0x00,0x00,0x00,0x00,0x00,0x00,0x00,0x00,0x00,0x00,0x00,0x00,0x00,0x00,0x00,0x00,0x00,0x00,0x00,0x00,0x00,0x00,0x00,0x00,0x00,0x00,0x00,0x00,0x00,0x00,
    0x00,0x00,0x00,0x00,0x00,0x00,0x00,0x00,0x00,0x00,0x00,0x00,0x00,0x00,0x00,0x00,0x00,0x00,0x00,0x00,0x00,0x00,0x00,0x00,0x00,0x00,0x00,0x00,0x00,0x00,0x00,0x00,0x00,0x00,0x00,0x00,0x00,0x01,0x01,0x00,0x14,0x1d,0x3a,0x25,0x78,0x81,0xba,0xa6,0x85,0x8c,0x7f,0x81,0x98,0x93,0x12,0xf2,0xf1,0xda,0xa1,0x88,0x81,0x1a,0x98,0x8f,0xbd,0x8d,0xad,0xc3,0xad,0xc3,0xad,0x8f,0x17,0xa2,0x81,0x7f,0x7f,0x81,0x81,0xa2,0x88,0x95,0xbb,0xbb,0x06,0xa5,0xdb,0xc4,0xa4,0xa3,0xa4,0xc3,0xc1,0xd5,0xd6,0x8a,0x7f,0x7f,0x7f,0x8a,0xb8,0x69,0x22,0x4a,0x51,0xad,0x19,0x4a,0x00,0x05,0x00,0x00,0x00,0x00,0x00,0x00,0x00,0x00,0x00,0x00,0x00,0x00,0x00,0x00,0x00,0x00,0x00,0x00,0x00,0x00,0x00,0x00,0x00,0x00,0x00,0x00,0x00,0x00,0x00,0x00,0x00,0x00,0x00,0x00,
    0x00,0x00,0x00,0x00,0x00,0x00,0x00,0x00,0x00,0x00,0x00,0x00,0x00,0x00,0x00,0x00,0x00,0x00,0x00,0x00,0x00,0x00,0x00,0x00,0x00,0x00,0x00,0x00,0x00,0x00,0x00,0x00,0x00,0x00,0x00,0x00,0x01,0x00,0x00,0x1d,0x00,0x2a,0x19,0x96,0x7f,0x7f,0x7f,0x78,0x81,0x81,0x8c,0x89,0x89,0xa9,0x31,0xef,0x13,0xb3,0x97,0x94,0xc4,0x9e,0xde,0xbc,0xc2,0x9f,0x06,0x06,0xa5,0xd5,0xc5,0xbb,0xa1,0x88,0xa2,0x7f,0x7f,0xa2,0x88,0x88,0xa3,0xc1,0xbc,0xc2,0xa5,0xa5,0x9e,0xd5,0xc5,0xbc,0xa1,0xa5,0xaf,0x21,0xf2,0xb6,0x8a,0x7f,0x7f,0x89,0x96,0x4e,0x39,0x00,0x5c,0x24,0x36,0x30,0x2b,0x02,0x00,0x00,0x00,0x00,0x00,0x00,0x00,0x00,0x00,0x00,0x00,0x00,0x00,0x00,0x00,0x00,0x00,0x00,0x00,0x00,0x00,0x00,0x00,0x00,0x00,0x00,0x00,0x00,0x00,0x00,0x00,0x00,0x00,0x00,
    0x00,0x00,0x00,0x00,0x00,0x00,0x00,0x00,0x00,0x00,0x00,0x00,0x00,0x00,0x00,0x00,0x00,0x00,0x00,0x00,0x00,0x00,0x00,0x00,0x00,0x00,0x00,0x00,0x00,0x00,0x00,0x00,0x00,0x00,0x00,0x01,0x01,0x2b,0x3a,0x4f,0x39,0x38,0xa3,0x78,0x90,0x7e,0x89,0x7f,0x81,0x8c,0x7e,0xa6,0xa7,0xf6,0x26,0xbc,0xc8,0xd6,0xc3,0x94,0x94,0xaf,0x83,0x83,0x83,0x83,0x83,0xc6,0x83,0x83,0x9a,0x06,0xa4,0x98,0x7f,0x7f,0x7f,0x81,0x88,0x97,0x97,0xc5,0x83,0x83,0x83,0x79,0x83,0x83,0x83,0xb3,0x94,0x9e,0xb3,0x57,0x26,0xf6,0xa7,0x98,0x7f,0x7f,0x8d,0xa3,0x69,0x50,0x07,0x3f,0x17,0x30,0x2b,0x07,0x00,0x00,0x00,0x00,0x00,0x00,0x00,0x00,0x00,0x00,0x00,0x00,0x00,0x00,0x00,0x00,0x00,0x00,0x00,0x00,0x00,0x00,0x00,0x00,0x00,0x00,0x00,0x00,0x00,0x00,0x00,0x00,0x00,0x00,
    0x00,0x00,0x00,0x00,0x00,0x00,0x00,0x00,0x00,0x00,0x00,0x00,0x00,0x00,0x00,0x00,0x00,0x00,0x00,0x00,0x00,0x00,0x00,0x00,0x00,0x00,0x00,0x00,0x00,0x00,0x00,0x00,0x00,0x00,0x01,0x00,0x07,0x29,0x25,0x17,0x0d,0x0d,0x8a,0x85,0x8c,0x7f,0x7f,0x7f,0x7f,0x85,0xba,0x93,0xc0,0x5d,0xdd,0xed,0xed,0xc0,0xa5,0x8f,0x7f,0xba,0x06,0xd5,0xc5,0xc1,0xc1,0xc5,0xd5,0x06,0x95,0x8d,0x98,0x7f,0x7f,0x7f,0x7f,0x81,0x88,0x88,0x97,0x94,0xad,0x9e,0xbc,0xc1,0xc1,0xbc,0xcc,0x15,0x24,0x13,0xd6,0xe7,0x5d,0xdd,0x7e,0x81,0x7f,0x78,0x8a,0xba,0x6b,0x32,0x3d,0x51,0x0d,0x35,0x2b,0x07,0x00,0x00,0x00,0x00,0x00,0x00,0x00,0x00,0x00,0x00,0x00,0x00,0x00,0x00,0x00,0x00,0x00,0x00,0x00,0x00,0x00,0x00,0x00,0x00,0x00,0x00,0x00,0x00,0x00,0x00,0x00,0x00,0x00,0x00,
    0x00,0x00,0x00,0x00,0x00,0x00,0x00,0x00,0x00,0x00,0x00,0x00,0x00,0x00,0x00,0x00,0x00,0x00,0x00,0x00,0x00,0x00,0x00,0x00,0x00,0x00,0x00,0x00,0x00,0x00,0x00,0x00,0x00,0x01,0x02,0x1d,0x2a,0x2f,0x96,0x17,0x81,0x98,0x7f,0x81,0x81,0x81,0x7f,0x81,0x81,0x98,0x8f,0xb6,0xdd,0x47,0xed,0x54,0xed,0xab,0x9f,0x24,0x78,0x78,0xa4,0x88,0x99,0x9d,0x9d,0x95,0xa4,0x8f,0x7f,0x98,0x7f,0x7f,0x7f,0x7f,0x98,0x7f,0x7f,0x7f,0x7f,0x7f,0x8f,0x0d,0x88,0x9d,0x9d,0x9d,0x9d,0x9d,0x49,0xaf,0x54,0xd2,0xd6,0xdd,0xf7,0x8c,0x98,0x7f,0x8c,0x7e,0x89,0x28,0x5c,0x24,0x1a,0x6b,0x1d,0x00,0x01,0x00,0x00,0x00,0x00,0x00,0x00,0x00,0x00,0x00,0x00,0x00,0x00,0x00,0x00,0x00,0x00,0x00,0x00,0x00,0x00,0x00,0x00,0x00,0x00,0x00,0x00,0x00,0x00,0x00,0x00,0x00,0x00,0x00,
    0x00,0x00,0x00,0x00,0x00,0x00,0x00,0x00,0x00,0x00,0x00,0x00,0x00,0x00,0x00,0x00,0x00,0x00,0x00,0x00,0x00,0x00,0x00,0x00,0x00,0x00,0x00,0x00,0x00,0x00,0x00,0x00,0x00,0x05,0x00,0x34,0x13,0xa0,0x78,0x85,0x85,0x8c,0x85,0x7f,0x7f,0x7f,0x81,0x85,0x85,0x8a,0xa6,0xdd,0xc9,0xf1,0xf0,0x54,0xed,0xe0,0xd9,0xab,0xa4,0x96,0x99,0xb4,0xb4,0xb4,0x99,0x99,0x99,0x98,0x7f,0x81,0x81,0x81,0x7f,0x7f,0x9d,0x7f,0x7f,0x7f,0x7f,0x7f,0x9d,0x99,0x99,0xb4,0xb4,0xb4,0xb4,0x9d,0xc0,0xaf,0x54,0xf0,0x13,0xf1,0xe6,0x36,0x8d,0x98,0x89,0xa6,0x89,0xa0,0x06,0x17,0x98,0x28,0x14,0x05,0x00,0x00,0x00,0x00,0x00,0x00,0x00,0x00,0x00,0x00,0x00,0x00,0x00,0x00,0x00,0x00,0x00,0x00,0x00,0x00,0x00,0x00,0x00,0x00,0x00,0x00,0x00,0x00,0x00,0x00,0x00,0x00,0x00,0x00,
    0x00,0x00,0x00,0x00,0x00,0x00,0x00,0x00,0x00,0x00,0x00,0x00,0x00,0x00,0x00,0x00,0x00,0x00,0x00,0x00,0x00,0x00,0x00,0x00,0x00,0x00,0x00,0x00,0x00,0x00,0x00,0x00,0x00,0x07,0x00,0x4a,0xb8,0xba,0xb7,0x7e,0x90,0x7e,0xa9,0x7f,0x7f,0x7f,0x7f,0x89,0x81,0x89,0xf8,0xae,0xc7,0xf7,0xa3,0xd2,0xc8,0xd2,0xf0,0xd2,0xa4,0x9d,0x99,0xb4,0xb4,0xb4,0x99,0x99,0x99,0x7f,0x95,0x88,0x88,0x88,0x81,0x7f,0x7f,0x7f,0x7f,0x7f,0x81,0x7f,0x98,0x99,0x99,0x99,0xb4,0xb4,0xb4,0x9d,0xb3,0xc8,0xf0,0x13,0x95,0xdd,0xdf,0xf7,0xa7,0x98,0x81,0x78,0x85,0x8a,0xeb,0x98,0x1a,0x25,0x27,0x01,0x01,0x00,0x00,0x00,0x00,0x00,0x00,0x00,0x00,0x00,0x00,0x00,0x00,0x00,0x00,0x00,0x00,0x00,0x00,0x00,0x00,0x00,0x00,0x00,0x00,0x00,0x00,0x00,0x00,0x00,0x00,0x00,0x00,0x00,
    0x00,0x00,0x00,0x00,0x00,0x00,0x00,0x00,0x00,0x00,0x00,0x00,0x00,0x00,0x00,0x00,0x00,0x00,0x00,0x00,0x00,0x00,0x00,0x00,0x00,0x00,0x00,0x00,0x00,0x00,0x00,0x00,0x00,0x05,0x00,0x29,0x96,0xba,0xa6,0x90,0x85,0x8d,0xa0,0x7f,0x7f,0x81,0x81,0x98,0x93,0xef,0xc9,0x8e,0xae,0x57,0x97,0xc4,0xd6,0x21,0xad,0xc2,0x06,0x0d,0x99,0x99,0x99,0x99,0x99,0x99,0x9d,0x81,0x88,0x88,0x88,0x88,0x88,0x17,0x17,0x17,0x95,0x95,0x88,0x81,0x78,0x98,0x9d,0x9d,0x99,0x99,0x99,0xdb,0xb3,0xbc,0xd6,0xa1,0x12,0xe6,0xd8,0x31,0xa6,0x8a,0x8a,0x8a,0x81,0x96,0xc0,0x06,0x25,0x29,0x05,0x01,0x00,0x00,0x00,0x00,0x00,0x00,0x00,0x00,0x00,0x00,0x00,0x00,0x00,0x00,0x00,0x00,0x00,0x00,0x00,0x00,0x00,0x00,0x00,0x00,0x00,0x00,0x00,0x00,0x00,0x00,0x00,0x00,0x00,0x00,
    0x00,0x00,0x00,0x00,0x00,0x00,0x00,0x00,0x00,0x00,0x00,0x00,0x00,0x00,0x00,0x00,0x00,0x00,0x00,0x00,0x00,0x00,0x00,0x00,0x00,0x00,0x00,0x00,0x00,0x00,0x00,0x00,0x00,0x14,0x00,0x22,0xb8,0x0d,0x7f,0xa9,0x8d,0xc0,0x9f,0x8d,0x98,0x85,0x96,0x8f,0xab,0xd8,0x8e,0x92,0xae,0xf3,0xdd,0xa3,0x9f,0xd2,0xa1,0xc4,0xcc,0xa3,0x8f,0xba,0x96,0x9d,0x98,0x98,0x7f,0x81,0x95,0x88,0x88,0x95,0x88,0x97,0x97,0x97,0x88,0x88,0x88,0xa2,0x81,0x78,0x78,0x98,0x98,0xba,0xc4,0x9e,0xa3,0x13,0xa0,0xc3,0xe6,0xd8,0xdf,0xd8,0x9f,0x8d,0x96,0x85,0x7f,0x78,0xaf,0x45,0x34,0x00,0x01,0x00,0x00,0x00,0x00,0x00,0x00,0x00,0x00,0x00,0x00,0x00,0x00,0x00,0x00,0x00,0x00,0x00,0x00,0x00,0x00,0x00,0x00,0x00,0x00,0x00,0x00,0x00,0x00,0x00,0x00,0x00,0x00,0x00,0x00,0x00,
    0x00,0x00,0x00,0x00,0x00,0x00,0x00,0x00,0x00,0x00,0x00,0x00,0x00,0x00,0x00,0x00,0x00,0x00,0x00,0x00,0x00,0x00,0x00,0x00,0x00,0x00,0x00,0x00,0x00,0x00,0x00,0x00,0x00,0x14,0x00,0x22,0xba,0xab,0xcc,0x6d,0x6d,0xc2,0x85,0x90,0x90,0x7e,0x89,0xac,0xf8,0xc9,0xb2,0xbf,0xd8,0xe6,0xdf,0xdf,0x72,0xde,0xf6,0xf6,0x57,0xe5,0xa3,0xbd,0x81,0x96,0x7f,0x7f,0x7f,0x7f,0x7f,0x7f,0x7f,0x8f,0x06,0xc0,0xad,0x06,0xa3,0x0d,0x7f,0x7f,0x7f,0x7f,0x7f,0x96,0x96,0xf4,0x06,0xe5,0xef,0xc1,0x72,0xe6,0xe6,0xd8,0xd8,0xc7,0x9e,0xac,0xa6,0x7e,0x7e,0x89,0x8d,0x2f,0x2a,0x01,0x14,0x00,0x00,0x00,0x00,0x00,0x00,0x00,0x00,0x00,0x00,0x00,0x00,0x00,0x00,0x00,0x00,0x00,0x00,0x00,0x00,0x00,0x00,0x00,0x00,0x00,0x00,0x00,0x00,0x00,0x00,0x00,0x00,0x00,0x00,0x00,
    0x00,0x00,0x00,0x00,0x00,0x00,0x00,0x00,0x00,0x00,0x00,0x00,0x00,0x00,0x00,0x00,0x00,0x00,0x00,0x00,0x00,0x00,0x00,0x00,0x00,0x00,0x00,0x00,0x00,0x00,0x00,0x00,0x00,0x05,0x00,0x4a,0xad,0x25,0x6c,0x22,0x25,0x8f,0x98,0x85,0x78,0x8a,0x8d,0xa0,0x26,0x92,0xb2,0xbf,0xc7,0xdf,0xc7,0xdf,0x5d,0xfb,0xe8,0xdf,0xe6,0xf3,0xb5,0xa5,0x78,0xbd,0x0d,0x17,0x98,0x98,0x7f,0x7f,0x7f,0x78,0xba,0x99,0xad,0x1e,0x17,0x7f,0x7f,0x7f,0x98,0x98,0x81,0x93,0x93,0x9e,0xe2,0xd8,0xf3,0xfc,0xee,0xe6,0xc7,0xae,0xc7,0xc9,0xef,0xa7,0x89,0x89,0x7e,0x90,0x8d,0xa0,0x28,0x61,0x00,0x00,0x00,0x00,0x00,0x00,0x00,0x00,0x00,0x00,0x00,0x00,0x00,0x00,0x00,0x00,0x00,0x00,0x00,0x00,0x00,0x00,0x00,0x00,0x00,0x00,0x00,0x00,0x00,0x00,0x00,0x00,0x00,0x00,0x00,0x00,
    0x00,0x00,0x00,0x00,0x00,0x00,0x00,0x00,0x00,0x00,0x00,0x00,0x00,0x00,0x00,0x00,0x00,0x00,0x00,0x00,0x00,0x00,0x00,0x00,0x00,0x00,0x00,0x00,0x00,0x00,0x00,0x00,0x00,0x14,0x00,0x29,0x12,0x5b,0x07,0x25,0xa6,0x81,0x98,0x8a,0xb6,0xb6,0xbd,0xc0,0xae,0x9b,0x8e,0x92,0xae,0xc7,0xd8,0xc8,0xfb,0xfa,0xf5,0xc1,0xdf,0xe8,0xe8,0xf3,0xdd,0xf6,0xa3,0xc4,0xa4,0x8d,0x78,0x7f,0x98,0x7f,0x7f,0x81,0x8a,0x78,0x96,0x96,0x17,0x97,0x94,0xa4,0x8a,0x12,0xec,0xee,0xc7,0x57,0xfc,0xfa,0xf5,0xc5,0xc9,0xae,0xae,0xae,0x12,0x93,0x98,0x7f,0x98,0x8d,0xab,0xbb,0x46,0x18,0x00,0x04,0x00,0x00,0x00,0x00,0x00,0x00,0x00,0x00,0x00,0x00,0x00,0x00,0x00,0x00,0x00,0x00,0x00,0x00,0x00,0x00,0x00,0x00,0x00,0x00,0x00,0x00,0x00,0x00,0x00,0x00,0x00,0x00,0x00,0x00,
    0x00,0x00,0x00,0x00,0x00,0x00,0x00,0x00,0x00,0x00,0x00,0x00,0x00,0x00,0x00,0x00,0x00,0x00,0x00,0x00,0x00,0x00,0x00,0x00,0x00,0x00,0x00,0x00,0x00,0x00,0x00,0x00,0x00,0x14,0x00,0x29,0x06,0x29,0x48,0x53,0xa7,0xa6,0x89,0x7e,0xf8,0xdd,0x93,0x9f,0xae,0x92,0xbf,0x92,0xb2,0xae,0x9c,0xe5,0xfa,0xfe,0xf5,0x26,0xc7,0xe8,0xe8,0xdf,0xc9,0xc7,0x57,0xbc,0xa5,0x15,0x96,0xa2,0x8f,0x8d,0x8a,0x8d,0x8f,0xa4,0xc4,0xa1,0xc4,0xa3,0xc3,0xef,0x57,0xee,0xf3,0xe8,0xc9,0xe2,0xfb,0xfe,0xfa,0xe5,0xbf,0xc7,0xc9,0xc7,0xa0,0xa9,0x90,0x7e,0x89,0x96,0xbc,0x71,0x56,0x41,0x00,0x04,0x00,0x00,0x00,0x00,0x00,0x00,0x00,0x00,0x00,0x00,0x00,0x00,0x00,0x00,0x00,0x00,0x00,0x00,0x00,0x00,0x00,0x00,0x00,0x00,0x00,0x00,0x00,0x00,0x00,0x00,0x00,0x00,0x00,0x00,
    0x00,0x00,0x00,0x00,0x00,0x00,0x00,0x00,0x00,0x00,0x00,0x00,0x00,0x00,0x00,0x00,0x00,0x00,0x00,0x00,0x00,0x00,0x00,0x00,0x00,0x00,0x00,0x00,0x00,0x00,0x00,0x00,0x00,0x07,0x00,0x34,0x19,0x37,0x5b,0x53,0x93,0xba,0x8f,0x06,0xae,0xb2,0xf1,0xab,0xae,0xbe,0x92,0xbe,0x9c,0xae,0xbe,0xc7,0xf5,0xf5,0xf5,0x26,0xd8,0xf3,0xee,0xee,0x5d,0xe2,0xb0,0x7c,0x91,0xee,0xc1,0xd6,0xc0,0xb4,0x99,0xdb,0xbb,0x06,0xa5,0xb3,0xc5,0xde,0x5d,0xd1,0xf3,0xe8,0xe8,0xe8,0xb2,0xc7,0xfc,0xfb,0xf5,0x73,0x8e,0xd1,0xc7,0xf1,0xac,0xba,0x85,0x96,0xac,0xa5,0x46,0x68,0x68,0x16,0x01,0x01,0x00,0x00,0x00,0x00,0x00,0x00,0x00,0x00,0x00,0x00,0x00,0x00,0x00,0x00,0x00,0x00,0x00,0x00,0x00,0x00,0x00,0x00,0x00,0x00,0x00,0x00,0x00,0x00,0x00,0x00,0x00,0x00,0x00,0x00,
    0x00,0x00,0x00,0x00,0x00,0x00,0x00,0x00,0x00,0x00,0x00,0x00,0x00,0x00,0x00,0x00,0x00,0x00,0x00,0x00,0x00,0x00,0x00,0x00,0x00,0x00,0x00,0x00,0x00,0x00,0x00,0x00,0x00,0x00,0x01,0x1d,0x29,0x33,0x29,0xab,0xa7,0x96,0x93,0xf7,0xae,0x9b,0xb2,0xf8,0x26,0xbe,0x9b,0x92,0x8e,0xae,0x92,0x31,0xc5,0xc7,0xe5,0x26,0xdf,0x86,0x7c,0x79,0x83,0x83,0x79,0x7c,0x7c,0x7c,0xaa,0xe0,0xd0,0xd0,0xd9,0xe0,0x54,0xe7,0x83,0x83,0x83,0x83,0x79,0x79,0x7d,0x86,0xee,0xe6,0x92,0x26,0xc1,0xd8,0xe5,0x73,0xae,0xe5,0xf2,0x96,0x93,0x93,0x98,0x98,0x0d,0x9f,0x52,0x50,0x5e,0x28,0x27,0x00,0x01,0x00,0x00,0x00,0x00,0x00,0x00,0x00,0x00,0x00,0x00,0x00,0x00,0x00,0x00,0x00,0x00,0x00,0x00,0x00,0x00,0x00,0x00,0x00,0x00,0x00,0x00,0x00,0x00,0x00,0x00,0x00,0x00,0x00,
    0x00,0x00,0x00,0x00,0x00,0x00,0x00,0x00,0x00,0x00,0x00,0x00,0x00,0x00,0x00,0x00,0x00,0x00,0x00,0x00,0x00,0x00,0x00,0x00,0x00,0x00,0x00,0x00,0x00,0x00,0x00,0x00,0x00,0x00,0x00,0x00,0x01,0x00,0x34,0x35,0xb6,0x89,0x8d,0xf2,0xae,0x8e,0x92,0xd3,0xae,0x92,0x92,0x9c,0x9c,0xb2,0x8e,0xd3,0xae,0xbf,0xc9,0xc9,0x91,0x83,0x87,0x7a,0x84,0x7c,0x7d,0x7d,0x7c,0x83,0xc6,0xd9,0xd9,0xd9,0xd0,0xd0,0xd0,0x9a,0x79,0x80,0x7c,0x7d,0x7d,0x7c,0x7d,0x7d,0x83,0x26,0x9b,0xb2,0xb2,0xbe,0xb2,0xc9,0x31,0xb6,0x8d,0x93,0x13,0x13,0x93,0x98,0x7f,0x8d,0x36,0x6d,0x19,0x29,0x01,0x02,0x00,0x00,0x00,0x00,0x00,0x00,0x00,0x00,0x00,0x00,0x00,0x00,0x00,0x00,0x00,0x00,0x00,0x00,0x00,0x00,0x00,0x00,0x00,0x00,0x00,0x00,0x00,0x00,0x00,0x00,0x00,0x00,0x00,0x00,
    0x00,0x00,0x00,0x00,0x00,0x00,0x00,0x00,0x00,0x00,0x00,0x00,0x00,0x00,0x00,0x00,0x00,0x00,0x00,0x00,0x00,0x00,0x00,0x00,0x00,0x00,0x00,0x00,0x00,0x00,0x00,0x00,0x00,0x00,0x00,0x01,0x02,0x00,0x6a,0x45,0x15,0xcc,0x8a,0xf7,0xc9,0x9b,0x9c,0x9b,0xbe,0x9c,0x9b,0x9b,0x9b,0xbf,0xbf,0x9c,0x8e,0xbf,0xbf,0xe2,0x79,0x7d,0x7c,0x7c,0x77,0x84,0x7c,0x7d,0x7c,0x79,0xbc,0x9d,0xd9,0xd0,0xd0,0xd0,0xd9,0xc8,0x83,0x7d,0x7d,0x7d,0x7c,0x80,0x7d,0x7c,0x83,0xe2,0xbe,0xbf,0x9c,0x8e,0x9c,0xb2,0xf1,0x8f,0x8f,0x9e,0x26,0xe2,0xeb,0x8f,0x89,0x85,0x8f,0x06,0x28,0x1d,0x02,0x01,0x00,0x00,0x00,0x00,0x00,0x00,0x00,0x00,0x00,0x00,0x00,0x00,0x00,0x00,0x00,0x00,0x00,0x00,0x00,0x00,0x00,0x00,0x00,0x00,0x00,0x00,0x00,0x00,0x00,0x00,0x00,0x00,0x00,0x00,
    0x00,0x00,0x00,0x00,0x00,0x00,0x00,0x00,0x00,0x00,0x00,0x00,0x00,0x00,0x00,0x00,0x00,0x00,0x00,0x00,0x00,0x00,0x00,0x00,0x00,0x00,0x00,0x00,0x00,0x00,0x00,0x00,0x00,0x00,0x00,0x00,0x00,0x1f,0x1f,0x2a,0x1a,0x74,0x9f,0x12,0xd3,0xbe,0x9b,0x92,0x9c,0x92,0x9c,0x9c,0x8e,0x8e,0xb2,0x8e,0x9c,0xbf,0xa8,0x79,0x7c,0x7c,0x7d,0x79,0x7d,0x7d,0x7d,0x7c,0x79,0xde,0xdb,0x0d,0xba,0xb4,0xd9,0xb4,0x99,0x99,0x9e,0x7a,0x79,0x7d,0x7d,0x7d,0x7d,0x7d,0x7d,0x83,0xe2,0x9c,0x8e,0x8e,0x92,0xd3,0xef,0xc4,0xa0,0x31,0xbe,0xb2,0xf8,0xa9,0xa6,0x89,0x8d,0x06,0x5e,0x22,0x27,0x01,0x01,0x00,0x00,0x00,0x00,0x00,0x00,0x00,0x00,0x00,0x00,0x00,0x00,0x00,0x00,0x00,0x00,0x00,0x00,0x00,0x00,0x00,0x00,0x00,0x00,0x00,0x00,0x00,0x00,0x00,0x00,0x00,0x00,0x00,
    0x00,0x00,0x00,0x00,0x00,0x00,0x00,0x00,0x00,0x00,0x00,0x00,0x00,0x00,0x00,0x00,0x00,0x00,0x00,0x00,0x00,0x00,0x00,0x00,0x00,0x00,0x00,0x00,0x00,0x00,0x00,0x00,0x00,0x00,0x00,0x01,0x00,0x41,0x2e,0x3b,0x37,0x32,0x2f,0xef,0xc9,0x92,0x8e,0x8e,0x8e,0x8e,0x8e,0x8e,0x92,0xbf,0xd3,0x9c,0x9b,0x5d,0x83,0x82,0x7a,0x7a,0x87,0x80,0x86,0x7c,0x7d,0x7d,0x7c,0x79,0xde,0xdb,0x0d,0x99,0x9d,0x9d,0x95,0xdb,0xc5,0x84,0x77,0x77,0x84,0x84,0x86,0x7d,0x7d,0x7d,0x83,0xd1,0xbe,0x9c,0x92,0xb2,0xf2,0xf4,0xf7,0xc9,0x9c,0x92,0x31,0xa0,0x8a,0x98,0x98,0x96,0x2f,0x35,0x1b,0x00,0x01,0x00,0x00,0x00,0x00,0x00,0x00,0x00,0x00,0x00,0x00,0x00,0x00,0x00,0x00,0x00,0x00,0x00,0x00,0x00,0x00,0x00,0x00,0x00,0x00,0x00,0x00,0x00,0x00,0x00,0x00,0x00,0x00,0x00,
    0x00,0x00,0x00,0x00,0x00,0x00,0x00,0x00,0x00,0x00,0x00,0x00,0x00,0x00,0x00,0x00,0x00,0x00,0x00,0x00,0x00,0x00,0x00,0x00,0x00,0x00,0x00,0x00,0x00,0x00,0x00,0x00,0x00,0x00,0x00,0x02,0x00,0x0b,0x66,0x68,0x67,0x68,0x4d,0x31,0x92,0x8e,0x8e,0x8e,0x9c,0x92,0x92,0x9b,0x9b,0x92,0xbf,0x9b,0x31,0x79,0x7d,0x7d,0x7c,0x84,0x77,0x82,0x7a,0x77,0x84,0x87,0x84,0x7a,0x79,0x9a,0x06,0x0d,0x9d,0x99,0xc2,0x9a,0x83,0x7a,0x84,0x87,0x80,0x80,0x86,0x7c,0x7c,0x80,0x86,0xcb,0xb2,0x92,0x8e,0x92,0x26,0xeb,0xf2,0xbf,0x9c,0xbe,0x47,0x15,0x93,0x81,0x8d,0x8a,0xdb,0x65,0x1f,0x00,0x01,0x00,0x00,0x00,0x00,0x00,0x00,0x00,0x00,0x00,0x00,0x00,0x00,0x00,0x00,0x00,0x00,0x00,0x00,0x00,0x00,0x00,0x00,0x00,0x00,0x00,0x00,0x00,0x00,0x00,0x00,0x00,0x00,0x00,
    0x00,0x00,0x00,0x00,0x00,0x00,0x00,0x00,0x00,0x00,0x00,0x00,0x00,0x00,0x00,0x00,0x00,0x00,0x00,0x00,0x00,0x00,0x00,0x00,0x00,0x00,0x00,0x00,0x00,0x00,0x00,0x00,0x00,0x00,0x00,0x04,0x00,0x44,0xd1,0x26,0x5a,0x62,0x26,0x9b,0x9b,0x92,0x92,0x9c,0x92,0x9b,0x9b,0x9b,0x9b,0x9b,0x8e,0x9b,0xe2,0x83,0x80,0x86,0x7d,0x80,0x80,0x7c,0x87,0x7a,0x77,0x77,0x77,0x82,0x11,0x80,0xc6,0xcc,0xa2,0x9e,0xc1,0x79,0x86,0x7d,0x7d,0x7d,0x80,0x7c,0x7c,0x7c,0x7c,0x7d,0x80,0x83,0xd1,0x9b,0xbf,0x9c,0x8e,0x31,0xf8,0x8e,0xbe,0xbe,0xd3,0xc5,0xb6,0xb6,0xab,0x13,0x45,0x60,0x2b,0x01,0x00,0x00,0x00,0x00,0x00,0x00,0x00,0x00,0x00,0x00,0x00,0x00,0x00,0x00,0x00,0x00,0x00,0x00,0x00,0x00,0x00,0x00,0x00,0x00,0x00,0x00,0x00,0x00,0x00,0x00,0x00,0x00,0x00,0x00,
    0x00,0x00,0x00,0x00,0x00,0x00,0x00,0x00,0x00,0x00,0x00,0x00,0x00,0x00,0x00,0x00,0x00,0x00,0x00,0x00,0x00,0x00,0x00,0x00,0x00,0x00,0x00,0x00,0x00,0x00,0x00,0x00,0x00,0x00,0x00,0x04,0x01,0x44,0x62,0xd3,0xbf,0x9c,0x9b,0x9c,0x9c,0x9c,0x92,0x9c,0x8e,0x8e,0x9c,0x8e,0x9c,0x9b,0x9c,0xbe,0xd1,0x79,0x7b,0x7a,0x77,0x87,0x7c,0x79,0x80,0x82,0x7a,0x7a,0x8b,0x87,0x84,0x7a,0x7d,0x87,0xbc,0xc5,0x82,0x87,0x86,0x86,0x84,0x84,0x83,0x83,0x79,0x7d,0x80,0x87,0x84,0x79,0xd1,0x9b,0x8e,0x8e,0x9c,0x9b,0xc7,0xd3,0xbe,0x92,0xc9,0xe5,0xb7,0x9f,0x52,0x3c,0x44,0x14,0x00,0x01,0x00,0x00,0x00,0x00,0x00,0x00,0x00,0x00,0x00,0x00,0x00,0x00,0x00,0x00,0x00,0x00,0x00,0x00,0x00,0x00,0x00,0x00,0x00,0x00,0x00,0x00,0x00,0x00,0x00,0x00,0x00,0x00,0x00,0x00,
    0x00,0x00,0x00,0x00,0x00,0x00,0x00,0x00,0x00,0x00,0x00,0x00,0x00,0x00,0x00,0x00,0x00,0x00,0x00,0x00,0x00,0x00,0x00,0x00,0x00,0x00,0x00,0x00,0x00,0x00,0x00,0x00,0x00,0x00,0x00,0x00,0x01,0x00,0x1b,0x4c,0x47,0xb2,0x8e,0x9c,0x92,0x92,0xd3,0xb2,0x9c,0x8e,0x8e,0x8e,0x9b,0xb2,0xd8,0xff,0xd1,0x87,0x91,0x82,0x77,0x7a,0x77,0x87,0x7d,0x7c,0x86,0x86,0x83,0xc6,0xc6,0x83,0x80,0x86,0x83,0x83,0x7d,0x87,0x87,0x87,0x87,0x8b,0xda,0xc1,0x87,0x77,0x84,0x82,0x82,0x7c,0x26,0xbe,0xb2,0x9b,0x8e,0x8e,0x92,0x8e,0xc7,0xbf,0xb2,0x31,0x81,0x23,0x2a,0x33,0x00,0x01,0x00,0x00,0x00,0x00,0x00,0x00,0x00,0x00,0x00,0x00,0x00,0x00,0x00,0x00,0x00,0x00,0x00,0x00,0x00,0x00,0x00,0x00,0x00,0x00,0x00,0x00,0x00,0x00,0x00,0x00,0x00,0x00,0x00,0x00,0x00,0x00,
    0x00,0x00,0x00,0x00,0x00,0x00,0x00,0x00,0x00,0x00,0x00,0x00,0x00,0x00,0x00,0x00,0x00,0x00,0x00,0x00,0x00,0x00,0x00,0x00,0x00,0x00,0x00,0x00,0x00,0x00,0x00,0x00,0x00,0x00,0x00,0x00,0x00,0x02,0x00,0x33,0x67,0x5a,0x62,0xc7,0xae,0x62,0x72,0x47,0x9b,0x8e,0x8e,0x8e,0xbe,0x47,0xdd,0x47,0x82,0x77,0x77,0x77,0x77,0x77,0x77,0x7a,0x84,0x86,0x79,0x7d,0xda,0x1e,0x1a,0xc1,0x83,0x7d,0x7c,0x7c,0x7d,0x83,0xaa,0xc5,0x83,0xd5,0x0a,0x24,0xad,0xa5,0x84,0x77,0x7a,0x87,0xb0,0x8e,0xae,0x92,0x8e,0x8e,0xbf,0x9b,0xe2,0x26,0x8e,0xae,0xf6,0x23,0x50,0x00,0x14,0x00,0x00,0x00,0x00,0x00,0x00,0x00,0x00,0x00,0x00,0x00,0x00,0x00,0x00,0x00,0x00,0x00,0x00,0x00,0x00,0x00,0x00,0x00,0x00,0x00,0x00,0x00,0x00,0x00,0x00,0x00,0x00,0x00,0x00,0x00,0x00,0x00,
    0x00,0x00,0x00,0x00,0x00,0x00,0x00,0x00,0x00,0x00,0x00,0x00,0x00,0x00,0x00,0x00,0x00,0x00,0x00,0x00,0x00,0x00,0x00,0x00,0x00,0x00,0x00,0x00,0x00,0x00,0x00,0x00,0x00,0x00,0x00,0x00,0x00,0x00,0x02,0x00,0x04,0x44,0x4c,0x5a,0x5a,0x4c,0x58,0xb2,0x92,0x8e,0x8e,0x8e,0x92,0x47,0xf1,0x91,0x84,0x7a,0x7a,0x87,0x80,0x77,0x84,0x7a,0x7a,0x7a,0x79,0x9e,0xc4,0x15,0x49,0x21,0xc5,0x82,0x79,0x80,0x7c,0x79,0xcb,0xb1,0xbc,0xd6,0x49,0xc0,0xdb,0xa1,0xbc,0x79,0x8b,0x7a,0x79,0xd1,0xd1,0xd3,0x92,0x8e,0xbf,0xbe,0x31,0x58,0xb2,0x92,0x31,0x45,0x34,0x01,0x05,0x00,0x00,0x00,0x00,0x00,0x00,0x00,0x00,0x00,0x00,0x00,0x00,0x00,0x00,0x00,0x00,0x00,0x00,0x00,0x00,0x00,0x00,0x00,0x00,0x00,0x00,0x00,0x00,0x00,0x00,0x00,0x00,0x00,0x00,0x00,0x00,0x00,
    0x00,0x00,0x00,0x00,0x00,0x00,0x00,0x00,0x00,0x00,0x00,0x00,0x00,0x00,0x00,0x00,0x00,0x00,0x00,0x00,0x00,0x00,0x00,0x00,0x00,0x00,0x00,0x00,0x00,0x00,0x00,0x00,0x00,0x00,0x00,0x00,0x00,0x00,0x00,0x01,0x00,0x00,0x61,0x6f,0x6f,0x76,0x5a,0xae,0x92,0x8e,0x8e,0x8e,0x8e,0x31,0xe5,0x79,0x84,0x7a,0x7a,0x84,0x7d,0x86,0x7d,0x86,0x77,0x7d,0xc1,0xa4,0x17,0x15,0x1e,0x1e,0x06,0xde,0x7d,0x7a,0x84,0x80,0x86,0xa8,0xd2,0x06,0x97,0x17,0x96,0x8f,0xa5,0x79,0x87,0x7d,0x79,0x84,0x7c,0xd1,0xbe,0xbf,0x8e,0x9c,0x73,0x64,0x5a,0x9c,0x47,0x4c,0x27,0x01,0x01,0x00,0x00,0x00,0x00,0x00,0x00,0x00,0x00,0x00,0x00,0x00,0x00,0x00,0x00,0x00,0x00,0x00,0x00,0x00,0x00,0x00,0x00,0x00,0x00,0x00,0x00,0x00,0x00,0x00,0x00,0x00,0x00,0x00,0x00,0x00,0x00,0x00,
    0x00,0x00,0x00,0x00,0x00,0x00,0x00,0x00,0x00,0x00,0x00,0x00,0x00,0x00,0x00,0x00,0x00,0x00,0x00,0x00,0x00,0x00,0x00,0x00,0x00,0x00,0x00,0x00,0x00,0x00,0x00,0x00,0x00,0x00,0x00,0x00,0x00,0x00,0x00,0x00,0x00,0x02,0x00,0x00,0x00,0x00,0x56,0x5d,0xbf,0x92,0x9c,0x9c,0x92,0xe2,0x84,0x79,0x7c,0x7a,0x84,0x87,0x7d,0x80,0x86,0x86,0x86,0x83,0xd5,0xc4,0xcf,0x97,0xa3,0x99,0xbc,0x84,0x7a,0x77,0x77,0x7a,0x87,0xdc,0xe7,0x13,0x9f,0x9f,0x98,0x8d,0x15,0x86,0x79,0x7d,0x7c,0x80,0x7c,0xa8,0x8e,0x9c,0x92,0x47,0x4c,0x67,0x58,0x47,0x5a,0x67,0x00,0x04,0x00,0x00,0x00,0x00,0x00,0x00,0x00,0x00,0x00,0x00,0x00,0x00,0x00,0x00,0x00,0x00,0x00,0x00,0x00,0x00,0x00,0x00,0x00,0x00,0x00,0x00,0x00,0x00,0x00,0x00,0x00,0x00,0x00,0x00,0x00,0x00,0x00,0x00,
    0x00,0x00,0x00,0x00,0x00,0x00,0x00,0x00,0x00,0x00,0x00,0x00,0x00,0x00,0x00,0x00,0x00,0x00,0x00,0x00,0x00,0x00,0x00,0x00,0x00,0x00,0x00,0x00,0x00,0x00,0x00,0x00,0x00,0x00,0x00,0x00,0x00,0x00,0x00,0x00,0x00,0x00,0x00,0x02,0x14,0x01,0x18,0x58,0x62,0xd3,0xb2,0xb2,0x26,0x55,0x79,0x7d,0x7d,0x80,0x7d,0x7c,0x87,0x7a,0x82,0x77,0x7a,0x79,0x9e,0xc4,0x17,0x81,0x99,0xa4,0xb3,0x83,0x8b,0x77,0x77,0x77,0x86,0xb1,0x80,0x06,0x95,0x81,0x98,0x8f,0xad,0xc6,0x7d,0x84,0x80,0x84,0x7d,0x8b,0xae,0x8e,0x26,0x4c,0x4c,0x70,0x57,0x64,0x22,0x14,0x02,0x00,0x00,0x00,0x00,0x00,0x00,0x00,0x00,0x00,0x00,0x00,0x00,0x00,0x00,0x00,0x00,0x00,0x00,0x00,0x00,0x00,0x00,0x00,0x00,0x00,0x00,0x00,0x00,0x00,0x00,0x00,0x00,0x00,0x00,0x00,0x00,0x00,0x00,0x00,
    0x00,0x00,0x00,0x00,0x00,0x00,0x00,0x00,0x00,0x00,0x00,0x00,0x00,0x00,0x00,0x00,0x00,0x00,0x00,0x00,0x00,0x00,0x00,0x00,0x00,0x00,0x00,0x00,0x00,0x00,0x00,0x00,0x00,0x00,0x00,0x00,0x00,0x00,0x00,0x00,0x00,0x00,0x00,0x00,0x01,0x01,0x1b,0x67,0x4c,0x58,0x58,0x58,0x56,0x42,0x86,0x7d,0x7d,0x7d,0x86,0x7a,0x7a,0x77,0x77,0x7c,0x7b,0x79,0xbc,0xa4,0x96,0x78,0x24,0xc3,0xb3,0x79,0x82,0x77,0x77,0x77,0x80,0xb0,0x87,0xb3,0x9f,0xc3,0x97,0x94,0x9f,0xc6,0x7a,0x77,0x7a,0x86,0x7d,0x80,0x42,0x64,0x64,0x41,0x41,0x56,0x10,0x6f,0x00,0x00,0x00,0x00,0x00,0x00,0x00,0x00,0x00,0x00,0x00,0x00,0x00,0x00,0x00,0x00,0x00,0x00,0x00,0x00,0x00,0x00,0x00,0x00,0x00,0x00,0x00,0x00,0x00,0x00,0x00,0x00,0x00,0x00,0x00,0x00,0x00,0x00,0x00,0x00,0x00,0x00,
    0x00,0x00,0x00,0x00,0x00,0x00,0x00,0x00,0x00,0x00,0x00,0x00,0x00,0x00,0x00,0x00,0x00,0x00,0x00,0x00,0x00,0x00,0x00,0x00,0x00,0x00,0x00,0x00,0x00,0x00,0x00,0x00,0x00,0x00,0x00,0x00,0x00,0x00,0x00,0x00,0x00,0x00,0x00,0x00,0x00,0x00,0x14,0x61,0x61,0x44,0x18,0x2c,0x42,0x82,0x87,0x7c,0x7d,0x84,0x82,0x77,0x77,0x77,0x80,0x7c,0x82,0x7d,0x11,0x9d,0x7f,0x78,0xb8,0x1e,0xbc,0x79,0x82,0x77,0x77,0x82,0x80,0xa8,0x7d,0xb3,0xa1,0xa2,0x17,0x89,0xc8,0x80,0x86,0x87,0x82,0x80,0x79,0x87,0x09,0x0c,0x41,0x00,0x00,0x1b,0x61,0x00,0x05,0x00,0x00,0x00,0x00,0x00,0x00,0x00,0x00,0x00,0x00,0x00,0x00,0x00,0x00,0x00,0x00,0x00,0x00,0x00,0x00,0x00,0x00,0x00,0x00,0x00,0x00,0x00,0x00,0x00,0x00,0x00,0x00,0x00,0x00,0x00,0x00,0x00,0x00,0x00,0x00,0x00,
    0x00,0x00,0x00,0x00,0x00,0x00,0x00,0x00,0x00,0x00,0x00,0x00,0x00,0x00,0x00,0x00,0x00,0x00,0x00,0x00,0x00,0x00,0x00,0x00,0x00,0x00,0x00,0x00,0x00,0x00,0x00,0x00,0x00,0x00,0x00,0x00,0x00,0x00,0x00,0x00,0x00,0x00,0x00,0x00,0x00,0x00,0x01,0x00,0x00,0x00,0x00,0x0f,0x1c,0x03,0x7a,0x7c,0x80,0x7a,0x77,0x77,0x77,0x84,0x7c,0x7c,0x84,0x77,0x83,0xc0,0x93,0x96,0x8d,0xa2,0xc5,0x79,0x82,0x77,0x77,0x7a,0x80,0xb1,0xcb,0x11,0xd5,0x9f,0x9d,0xed,0x7d,0x7a,0x7d,0x87,0x7a,0x87,0x7d,0x03,0x8b,0x0f,0x16,0x02,0x02,0x00,0x00,0x01,0x00,0x00,0x00,0x00,0x00,0x00,0x00,0x00,0x00,0x00,0x00,0x00,0x00,0x00,0x00,0x00,0x00,0x00,0x00,0x00,0x00,0x00,0x00,0x00,0x00,0x00,0x00,0x00,0x00,0x00,0x00,0x00,0x00,0x00,0x00,0x00,0x00,0x00,0x00,0x00,0x00,0x00,
    0x00,0x00,0x00,0x00,0x00,0x00,0x00,0x00,0x00,0x00,0x00,0x00,0x00,0x00,0x00,0x00,0x00,0x00,0x00,0x00,0x00,0x00,0x00,0x00,0x00,0x00,0x00,0x00,0x00,0x00,0x00,0x00,0x00,0x00,0x00,0x00,0x00,0x00,0x00,0x00,0x00,0x00,0x00,0x00,0x00,0x00,0x00,0x01,0x02,0x02,0x16,0x0e,0x77,0x7a,0x87,0x7d,0x84,0x77,0x77,0x77,0x77,0x77,0x82,0x7c,0x87,0x8b,0x7d,0xc1,0xa4,0x8f,0xd2,0xc6,0x87,0x77,0x77,0x77,0x77,0x7a,0x80,0xb1,0xb0,0x83,0x83,0xe7,0xc8,0x7d,0x82,0x86,0x80,0x7a,0x77,0x84,0x7c,0x77,0x8b,0x03,0x0f,0x1f,0x01,0x02,0x01,0x00,0x00,0x00,0x00,0x00,0x00,0x00,0x00,0x00,0x00,0x00,0x00,0x00,0x00,0x00,0x00,0x00,0x00,0x00,0x00,0x00,0x00,0x00,0x00,0x00,0x00,0x00,0x00,0x00,0x00,0x00,0x00,0x00,0x00,0x00,0x00,0x00,0x00,0x00,0x00,0x00,0x00,0x00,
    0x00,0x00,0x00,0x00,0x00,0x00,0x00,0x00,0x00,0x00,0x00,0x00,0x00,0x00,0x00,0x00,0x00,0x00,0x00,0x00,0x00,0x00,0x00,0x00,0x00,0x00,0x00,0x00,0x00,0x00,0x00,0x00,0x00,0x00,0x00,0x00,0x00,0x00,0x00,0x00,0x00,0x00,0x00,0x00,0x00,0x00,0x00,0x00,0x04,0x00,0x18,0x08,0x7a,0x03,0x80,0x87,0x7a,0x77,0x77,0x77,0x77,0x77,0x77,0x84,0x80,0x77,0x82,0x7d,0xbc,0xd2,0x83,0x7c,0x82,0x77,0x77,0x77,0x77,0x7a,0x80,0xb1,0xa8,0x83,0x86,0x80,0x7d,0x7a,0x77,0x80,0x87,0x7a,0x77,0x77,0x87,0x77,0x03,0x84,0x20,0x16,0x01,0x02,0x00,0x00,0x00,0x00,0x00,0x00,0x00,0x00,0x00,0x00,0x00,0x00,0x00,0x00,0x00,0x00,0x00,0x00,0x00,0x00,0x00,0x00,0x00,0x00,0x00,0x00,0x00,0x00,0x00,0x00,0x00,0x00,0x00,0x00,0x00,0x00,0x00,0x00,0x00,0x00,0x00,0x00,0x00,0x00,
    0x00,0x00,0x00,0x00,0x00,0x00,0x00,0x00,0x00,0x00,0x00,0x00,0x00,0x00,0x00,0x00,0x00,0x00,0x00,0x00,0x00,0x00,0x00,0x00,0x00,0x00,0x00,0x00,0x00,0x00,0x00,0x00,0x00,0x00,0x00,0x00,0x00,0x00,0x00,0x00,0x00,0x00,0x00,0x00,0x00,0x00,0x00,0x00,0x04,0x01,0x18,0x0e,0x82,0x03,0x77,0x77,0x77,0x77,0x77,0x77,0x77,0x77,0x77,0x82,0x86,0x87,0x7a,0x7a,0x7d,0x7d,0x7d,0x80,0x7a,0x80,0x80,0x7c,0x87,0x77,0x80,0xa8,0xb1,0x83,0x86,0x82,0x82,0x7a,0x77,0x80,0x84,0x77,0x77,0x77,0x77,0x77,0x03,0x87,0x20,0x00,0x04,0x00,0x00,0x00,0x00,0x00,0x00,0x00,0x00,0x00,0x00,0x00,0x00,0x00,0x00,0x00,0x00,0x00,0x00,0x00,0x00,0x00,0x00,0x00,0x00,0x00,0x00,0x00,0x00,0x00,0x00,0x00,0x00,0x00,0x00,0x00,0x00,0x00,0x00,0x00,0x00,0x00,0x00,0x00,0x00,0x00,
    0x00,0x00,0x00,0x00,0x00,0x00,0x00,0x00,0x00,0x00,0x00,0x00,0x00,0x00,0x00,0x00,0x00,0x00,0x00,0x00,0x00,0x00,0x00,0x00,0x00,0x00,0x00,0x00,0x00,0x00,0x00,0x00,0x00,0x00,0x00,0x00,0x00,0x00,0x00,0x00,0x00,0x00,0x00,0x00,0x00,0x00,0x00,0x00,0x00,0x04,0x00,0x0f,0x91,0x7b,0x7a,0x77,0x77,0x7a,0x8b,0x77,0x77,0x77,0x77,0x77,0x84,0x80,0x7a,0x7a,0x82,0x82,0x7c,0x86,0x87,0x7d,0x7d,0x7d,0x7d,0x87,0x86,0xa8,0xdc,0x83,0x7c,0x86,0x84,0x87,0x77,0x84,0x77,0x77,0x77,0x77,0x7a,0x7a,0x03,0x87,0x08,0x00,0x04,0x00,0x00,0x00,0x00,0x00,0x00,0x00,0x00,0x00,0x00,0x00,0x00,0x00,0x00,0x00,0x00,0x00,0x00,0x00,0x00,0x00,0x00,0x00,0x00,0x00,0x00,0x00,0x00,0x00,0x00,0x00,0x00,0x00,0x00,0x00,0x00,0x00,0x00,0x00,0x00,0x00,0x00,0x00,0x00,0x00,
    0x00,0x00,0x00,0x00,0x00,0x00,0x00,0x00,0x00,0x00,0x00,0x00,0x00,0x00,0x00,0x00,0x00,0x00,0x00,0x00,0x00,0x00,0x00,0x00,0x00,0x00,0x00,0x00,0x00,0x00,0x00,0x00,0x00,0x00,0x00,0x00,0x00,0x00,0x00,0x00,0x00,0x00,0x00,0x00,0x00,0x00,0x00,0x00,0x00,0x04,0x00,0x2c,0xcb,0x03,0x77,0x77,0x77,0x7a,0x82,0x8b,0x7b,0x8b,0x82,0x77,0x7a,0x87,0x7c,0x87,0x84,0x7c,0xa8,0x77,0x80,0x80,0x7c,0x7c,0x80,0x77,0x86,0xa8,0xb5,0x83,0x7c,0x79,0x7d,0x87,0x7a,0x77,0x77,0x77,0x82,0x8b,0x7b,0x7b,0x7b,0x84,0x08,0x00,0x04,0x00,0x00,0x00,0x00,0x00,0x00,0x00,0x00,0x00,0x00,0x00,0x00,0x00,0x00,0x00,0x00,0x00,0x00,0x00,0x00,0x00,0x00,0x00,0x00,0x00,0x00,0x00,0x00,0x00,0x00,0x00,0x00,0x00,0x00,0x00,0x00,0x00,0x00,0x00,0x00,0x00,0x00,0x00,0x00,0x00,
    0x00,0x00,0x00,0x00,0x00,0x00,0x00,0x00,0x00,0x00,0x00,0x00,0x00,0x00,0x00,0x00,0x00,0x00,0x00,0x00,0x00,0x00,0x00,0x00,0x00,0x00,0x00,0x00,0x00,0x00,0x00,0x00,0x00,0x00,0x00,0x00,0x00,0x00,0x00,0x00,0x00,0x00,0x00,0x00,0x00,0x00,0x00,0x00,0x01,0x00,0x1b,0x20,0x84,0x7a,0x77,0x77,0x7a,0x7a,0x82,0x7b,0x8b,0x8b,0x8b,0x77,0x77,0x77,0x86,0x7c,0x79,0x7d,0xb5,0x77,0x82,0x8b,0x7a,0x7a,0x7a,0x7a,0x84,0x91,0xa8,0x83,0x7c,0x87,0x84,0x7a,0x77,0x77,0x77,0x82,0x7b,0x7b,0x7b,0x8b,0x03,0x84,0x10,0x00,0x04,0x00,0x00,0x00,0x00,0x00,0x00,0x00,0x00,0x00,0x00,0x00,0x00,0x00,0x00,0x00,0x00,0x00,0x00,0x00,0x00,0x00,0x00,0x00,0x00,0x00,0x00,0x00,0x00,0x00,0x00,0x00,0x00,0x00,0x00,0x00,0x00,0x00,0x00,0x00,0x00,0x00,0x00,0x00,0x00,0x00,
    0x00,0x00,0x00,0x00,0x00,0x00,0x00,0x00,0x00,0x00,0x00,0x00,0x00,0x00,0x00,0x00,0x00,0x00,0x00,0x00,0x00,0x00,0x00,0x00,0x00,0x00,0x00,0x00,0x00,0x00,0x00,0x00,0x00,0x00,0x00,0x00,0x00,0x00,0x00,0x00,0x00,0x00,0x00,0x00,0x00,0x00,0x00,0x00,0x01,0x01,0x1f,0x0f,0x55,0x82,0x7a,0x77,0x7a,0x82,0x77,0x7a,0x77,0x77,0x77,0x77,0x77,0x77,0x7a,0x82,0x7d,0x91,0xd7,0x91,0x8b,0x7b,0x7b,0x7b,0x8b,0x7a,0x86,0xb0,0xca,0x7d,0x7d,0x84,0x7a,0x77,0x77,0x77,0x77,0x7a,0x7b,0x7b,0x7b,0x77,0x03,0x87,0x2d,0x00,0x04,0x00,0x00,0x00,0x00,0x00,0x00,0x00,0x00,0x00,0x00,0x00,0x00,0x00,0x00,0x00,0x00,0x00,0x00,0x00,0x00,0x00,0x00,0x00,0x00,0x00,0x00,0x00,0x00,0x00,0x00,0x00,0x00,0x00,0x00,0x00,0x00,0x00,0x00,0x00,0x00,0x00,0x00,0x00,0x00,0x00,
    0x00,0x00,0x00,0x00,0x00,0x00,0x00,0x00,0x00,0x00,0x00,0x00,0x00,0x00,0x00,0x00,0x00,0x00,0x00,0x00,0x00,0x00,0x00,0x00,0x00,0x00,0x00,0x00,0x00,0x00,0x00,0x00,0x00,0x00,0x00,0x00,0x00,0x00,0x00,0x00,0x00,0x00,0x00,0x00,0x00,0x00,0x00,0x00,0x00,0x04,0x00,0x10,0x5f,0x7b,0x7a,0x77,0x77,0x77,0x77,0x77,0x77,0x77,0x77,0x77,0x77,0x77,0x77,0x7a,0x83,0xb1,0xe4,0x77,0x7b,0x7b,0x7b,0x82,0x77,0x7a,0x7c,0xa8,0xe4,0x86,0x7d,0x7c,0x7a,0x77,0x77,0x77,0x77,0x77,0x7a,0x8b,0x7b,0x03,0x82,0x42,0x04,0x01,0x01,0x00,0x00,0x00,0x00,0x00,0x00,0x00,0x00,0x00,0x00,0x00,0x00,0x00,0x00,0x00,0x00,0x00,0x00,0x00,0x00,0x00,0x00,0x00,0x00,0x00,0x00,0x00,0x00,0x00,0x00,0x00,0x00,0x00,0x00,0x00,0x00,0x00,0x00,0x00,0x00,0x00,0x00,0x00,0x00,0x00,
    0x00,0x00,0x00,0x00,0x00,0x00,0x00,0x00,0x00,0x00,0x00,0x00,0x00,0x00,0x00,0x00,0x00,0x00,0x00,0x00,0x00,0x00,0x00,0x00,0x00,0x00,0x00,0x00,0x00,0x00,0x00,0x00,0x00,0x00,0x00,0x00,0x00,0x00,0x00,0x00,0x00,0x00,0x00,0x00,0x00,0x00,0x00,0x00,0x00,0x02,0x01,0x0b,0x0f,0x84,0x03,0x77,0x77,0x77,0x77,0x77,0x77,0x77,0x77,0x77,0x77,0x7a,0x84,0x80,0x87,0x91,0xb1,0x87,0x91,0x7b,0x8b,0x77,0x77,0x77,0x87,0x91,0xb9,0x86,0x82,0x86,0x7c,0x84,0x7a,0x77,0x77,0x77,0x77,0x7a,0x82,0x5f,0x84,0x0c,0x00,0x04,0x00,0x00,0x00,0x00,0x00,0x00,0x00,0x00,0x00,0x00,0x00,0x00,0x00,0x00,0x00,0x00,0x00,0x00,0x00,0x00,0x00,0x00,0x00,0x00,0x00,0x00,0x00,0x00,0x00,0x00,0x00,0x00,0x00,0x00,0x00,0x00,0x00,0x00,0x00,0x00,0x00,0x00,0x00,0x00,0x00,0x00,
    0x00,0x00,0x00,0x00,0x00,0x00,0x00,0x00,0x00,0x00,0x00,0x00,0x00,0x00,0x00,0x00,0x00,0x00,0x00,0x00,0x00,0x00,0x00,0x00,0x00,0x00,0x00,0x00,0x00,0x00,0x00,0x00,0x00,0x00,0x00,0x00,0x00,0x00,0x00,0x00,0x00,0x00,0x00,0x00,0x00,0x00,0x00,0x00,0x00,0x00,0x01,0x00,0x02,0x0e,0x77,0x03,0x77,0x77,0x7a,0x7a,0x77,0x77,0x77,0x7a,0x7a,0x87,0x7c,0x84,0x82,0x80,0x86,0x84,0x7a,0x7a,0x77,0x77,0x77,0x77,0x82,0xcb,0xb0,0x84,0x8b,0x7a,0x84,0x7c,0x77,0x7a,0x77,0x84,0x84,0x84,0x03,0x77,0x0e,0x00,0x02,0x00,0x00,0x00,0x00,0x00,0x00,0x00,0x00,0x00,0x00,0x00,0x00,0x00,0x00,0x00,0x00,0x00,0x00,0x00,0x00,0x00,0x00,0x00,0x00,0x00,0x00,0x00,0x00,0x00,0x00,0x00,0x00,0x00,0x00,0x00,0x00,0x00,0x00,0x00,0x00,0x00,0x00,0x00,0x00,0x00,0x00,0x00,
    0x00,0x00,0x00,0x00,0x00,0x00,0x00,0x00,0x00,0x00,0x00,0x00,0x00,0x00,0x00,0x00,0x00,0x00,0x00,0x00,0x00,0x00,0x00,0x00,0x00,0x00,0x00,0x00,0x00,0x00,0x00,0x00,0x00,0x00,0x00,0x00,0x00,0x00,0x00,0x00,0x00,0x00,0x00,0x00,0x00,0x00,0x00,0x00,0x00,0x00,0x00,0x04,0x04,0x2e,0x0e,0x86,0x03,0x77,0x87,0x87,0x77,0x7a,0x84,0x87,0x80,0x7c,0x84,0x7a,0x77,0x77,0x84,0x77,0x77,0x84,0x77,0x77,0x77,0x77,0x7a,0x87,0x7c,0x7a,0x77,0x77,0x7a,0x84,0x7c,0x7c,0x80,0x7d,0x86,0x86,0x86,0x2c,0x1f,0x04,0x01,0x00,0x00,0x00,0x00,0x00,0x00,0x00,0x00,0x00,0x00,0x00,0x00,0x00,0x00,0x00,0x00,0x00,0x00,0x00,0x00,0x00,0x00,0x00,0x00,0x00,0x00,0x00,0x00,0x00,0x00,0x00,0x00,0x00,0x00,0x00,0x00,0x00,0x00,0x00,0x00,0x00,0x00,0x00,0x00,0x00,0x00,0x00,
    0x00,0x00,0x00,0x00,0x00,0x00,0x00,0x00,0x00,0x00,0x00,0x00,0x00,0x00,0x00,0x00,0x00,0x00,0x00,0x00,0x00,0x00,0x00,0x00,0x00,0x00,0x00,0x00,0x00,0x00,0x00,0x00,0x00,0x00,0x00,0x00,0x00,0x00,0x00,0x00,0x00,0x00,0x00,0x00,0x00,0x00,0x00,0x00,0x00,0x00,0x00,0x04,0x01,0x18,0x08,0x87,0x86,0x7d,0x7d,0x7d,0x7d,0x80,0x7c,0x80,0x87,0x77,0x7a,0x77,0x77,0x77,0x77,0x7a,0x82,0x82,0x77,0x77,0x77,0x77,0x7a,0x84,0x87,0x7a,0x77,0x77,0x77,0x7a,0x77,0x87,0x80,0x87,0x10,0x10,0x18,0x00,0x00,0x00,0x00,0x00,0x00,0x00,0x00,0x00,0x00,0x00,0x00,0x00,0x00,0x00,0x00,0x00,0x00,0x00,0x00,0x00,0x00,0x00,0x00,0x00,0x00,0x00,0x00,0x00,0x00,0x00,0x00,0x00,0x00,0x00,0x00,0x00,0x00,0x00,0x00,0x00,0x00,0x00,0x00,0x00,0x00,0x00,0x00,0x00,0x00,0x00,
    0x00,0x00,0x00,0x00,0x00,0x00,0x00,0x00,0x00,0x00,0x00,0x00,0x00,0x00,0x00,0x00,0x00,0x00,0x00,0x00,0x00,0x00,0x00,0x00,0x00,0x00,0x00,0x00,0x00,0x00,0x00,0x00,0x00,0x00,0x00,0x00,0x00,0x00,0x00,0x00,0x00,0x00,0x00,0x00,0x00,0x00,0x00,0x00,0x00,0x00,0x00,0x02,0x00,0x10,0x55,0x82,0x7a,0x84,0x86,0x80,0x80,0x86,0x84,0x7a,0x7a,0x77,0x77,0x77,0x77,0x77,0x77,0x77,0x7a,0x8b,0x77,0x77,0x77,0x77,0x84,0x87,0x7a,0x77,0x77,0x77,0x77,0x77,0x77,0x7a,0x8b,0x03,0x0c,0x00,0x00,0x04,0x01,0x00,0x00,0x00,0x00,0x00,0x00,0x00,0x00,0x00,0x00,0x00,0x00,0x00,0x00,0x00,0x00,0x00,0x00,0x00,0x00,0x00,0x00,0x00,0x00,0x00,0x00,0x00,0x00,0x00,0x00,0x00,0x00,0x00,0x00,0x00,0x00,0x00,0x00,0x00,0x00,0x00,0x00,0x00,0x00,0x00,0x00,0x00,0x00,0x00,
    0x00,0x00,0x00,0x00,0x00,0x00,0x00,0x00,0x00,0x00,0x00,0x00,0x00,0x00,0x00,0x00,0x00,0x00,0x00,0x00,0x00,0x00,0x00,0x00,0x00,0x00,0x00,0x00,0x00,0x00,0x00,0x00,0x00,0x00,0x00,0x00,0x00,0x00,0x00,0x00,0x00,0x00,0x00,0x00,0x00,0x00,0x00,0x00,0x00,0x00,0x00,0x02,0x00,0x0b,0x1c,0x7a,0x7a,0x7a,0x7a,0x7a,0x7a,0x7a,0x77,0x77,0x77,0x77,0x77,0x77,0x77,0x77,0x77,0x77,0x77,0x77,0x77,0x77,0x77,0x7a,0x84,0x87,0x77,0x77,0x77,0x77,0x77,0x77,0x77,0x77,0x82,0x82,0x55,0x1f,0x00,0x01,0x00,0x00,0x00,0x00,0x00,0x00,0x00,0x00,0x00,0x00,0x00,0x00,0x00,0x00,0x00,0x00,0x00,0x00,0x00,0x00,0x00,0x00,0x00,0x00,0x00,0x00,0x00,0x00,0x00,0x00,0x00,0x00,0x00,0x00,0x00,0x00,0x00,0x00,0x00,0x00,0x00,0x00,0x00,0x00,0x00,0x00,0x00,0x00,0x00,0x00,
    0x00,0x00,0x00,0x00,0x00,0x00,0x00,0x00,0x00,0x00,0x00,0x00,0x00,0x00,0x00,0x00,0x00,0x00,0x00,0x00,0x00,0x00,0x00,0x00,0x00,0x00,0x00,0x00,0x00,0x00,0x00,0x00,0x00,0x00,0x00,0x00,0x00,0x00,0x00,0x00,0x00,0x00,0x00,0x00,0x00,0x00,0x00,0x00,0x00,0x00,0x00,0x04,0x00,0x2c,0x77,0x03,0x77,0x77,0x77,0x77,0x77,0x77,0x77,0x77,0x77,0x77,0x77,0x77,0x77,0x77,0x7a,0x77,0x77,0x77,0x77,0x77,0x77,0x77,0x77,0x77,0x77,0x77,0x77,0x77,0x77,0x77,0x77,0x77,0x77,0x7a,0x87,0x2c,0x16,0x01,0x02,0x00,0x00,0x00,0x00,0x00,0x00,0x00,0x00,0x00,0x00,0x00,0x00,0x00,0x00,0x00,0x00,0x00,0x00,0x00,0x00,0x00,0x00,0x00,0x00,0x00,0x00,0x00,0x00,0x00,0x00,0x00,0x00,0x00,0x00,0x00,0x00,0x00,0x00,0x00,0x00,0x00,0x00,0x00,0x00,0x00,0x00,0x00,0x00,0x00,
    0x00,0x00,0x00,0x00,0x00,0x00,0x00,0x00,0x00,0x00,0x00,0x00,0x00,0x00,0x00,0x00,0x00,0x00,0x00,0x00,0x00,0x00,0x00,0x00,0x00,0x00,0x00,0x00,0x00,0x00,0x00,0x00,0x00,0x00,0x00,0x00,0x00,0x00,0x00,0x00,0x00,0x00,0x00,0x00,0x00,0x00,0x00,0x00,0x00,0x00,0x00,0x04,0x00,0x08,0x8b,0x7b,0x77,0x77,0x77,0x77,0x77,0x77,0x77,0x77,0x77,0x77,0x77,0x77,0x77,0x84,0x80,0x84,0x7a,0x7a,0x77,0x7a,0x77,0x77,0x77,0x77,0x7a,0x77,0x77,0x77,0x77,0x77,0x77,0x77,0x77,0x03,0x7a,0x08,0x16,0x00,0x02,0x00,0x00,0x00,0x00,0x00,0x00,0x00,0x00,0x00,0x00,0x00,0x00,0x00,0x00,0x00,0x00,0x00,0x00,0x00,0x00,0x00,0x00,0x00,0x00,0x00,0x00,0x00,0x00,0x00,0x00,0x00,0x00,0x00,0x00,0x00,0x00,0x00,0x00,0x00,0x00,0x00,0x00,0x00,0x00,0x00,0x00,0x00,0x00,0x00,
    0x00,0x00,0x00,0x00,0x00,0x00,0x00,0x00,0x00,0x00,0x00,0x00,0x00,0x00,0x00,0x00,0x00,0x00,0x00,0x00,0x00,0x00,0x00,0x00,0x00,0x00,0x00,0x00,0x00,0x00,0x00,0x00,0x00,0x00,0x00,0x00,0x00,0x00,0x00,0x00,0x00,0x00,0x00,0x00,0x00,0x00,0x00,0x00,0x00,0x00,0x00,0x04,0x04,0x0e,0x7b,0x91,0x8b,0x77,0x77,0x77,0x77,0x77,0x7a,0x77,0x77,0x77,0x77,0x77,0x77,0x77,0x86,0x86,0x87,0x84,0x84,0x80,0x77,0x7a,0x7a,0x84,0x87,0x84,0x77,0x77,0x77,0x77,0x77,0x77,0x77,0x7a,0x7a,0x42,0x1f,0x00,0x00,0x00,0x00,0x00,0x00,0x00,0x00,0x00,0x00,0x00,0x00,0x00,0x00,0x00,0x00,0x00,0x00,0x00,0x00,0x00,0x00,0x00,0x00,0x00,0x00,0x00,0x00,0x00,0x00,0x00,0x00,0x00,0x00,0x00,0x00,0x00,0x00,0x00,0x00,0x00,0x00,0x00,0x00,0x00,0x00,0x00,0x00,0x00,0x00,0x00,
    0x00,0x00,0x00,0x00,0x00,0x00,0x00,0x00,0x00,0x00,0x00,0x00,0x00,0x00,0x00,0x00,0x00,0x00,0x00,0x00,0x00,0x00,0x00,0x00,0x00,0x00,0x00,0x00,0x00,0x00,0x00,0x00,0x00,0x00,0x00,0x00,0x00,0x00,0x00,0x00,0x00,0x00,0x00,0x00,0x00,0x00,0x00,0x00,0x00,0x00,0x02,0x00,0x1b,0x1c,0x7b,0x7b,0x7b,0x77,0x77,0x77,0x77,0x84,0x86,0x84,0x84,0x77,0x77,0x77,0x77,0x77,0x7a,0x7a,0x87,0x86,0x7c,0x7d,0x86,0x80,0x86,0x80,0x86,0x77,0x77,0x77,0x77,0x77,0x77,0x7a,0x77,0x77,0x03,0x87,0x2d,0x00,0x04,0x00,0x00,0x00,0x00,0x00,0x00,0x00,0x00,0x00,0x00,0x00,0x00,0x00,0x00,0x00,0x00,0x00,0x00,0x00,0x00,0x00,0x00,0x00,0x00,0x00,0x00,0x00,0x00,0x00,0x00,0x00,0x00,0x00,0x00,0x00,0x00,0x00,0x00,0x00,0x00,0x00,0x00,0x00,0x00,0x00,0x00,0x00,0x00,0x00,
    0x00,0x00,0x00,0x00,0x00,0x00,0x00,0x00,0x00,0x00,0x00,0x00,0x00,0x00,0x00,0x00,0x00,0x00,0x00,0x00,0x00,0x00,0x00,0x00,0x00,0x00,0x00,0x00,0x00,0x00,0x00,0x00,0x00,0x00,0x00,0x00,0x00,0x00,0x00,0x00,0x00,0x00,0x00,0x00,0x00,0x00,0x00,0x00,0x00,0x01,0x01,0x1b,0x10,0x84,0x7b,0x7b,0x7b,0x8b,0x7a,0x77,0x77,0x80,0x80,0x84,0x77,0x77,0x77,0x77,0x77,0x77,0x77,0x7a,0x82,0x7a,0x77,0x84,0x87,0x87,0x84,0x7a,0x7a,0x77,0x77,0x77,0x77,0x77,0x7a,0x8b,0x7a,0x77,0x03,0x84,0x2d,0x00,0x04,0x00,0x00,0x00,0x00,0x00,0x00,0x00,0x00,0x00,0x00,0x00,0x00,0x00,0x00,0x00,0x00,0x00,0x00,0x00,0x00,0x00,0x00,0x00,0x00,0x00,0x00,0x00,0x00,0x00,0x00,0x00,0x00,0x00,0x00,0x00,0x00,0x00,0x00,0x00,0x00,0x00,0x00,0x00,0x00,0x00,0x00,0x00,0x00,0x00,
    0x00,0x00,0x00,0x00,0x00,0x00,0x00,0x00,0x00,0x00,0x00,0x00,0x00,0x00,0x00,0x00,0x00,0x00,0x00,0x00,0x00,0x00,0x00,0x00,0x00,0x00,0x00,0x00,0x00,0x00,0x00,0x00,0x00,0x00,0x00,0x00,0x00,0x00,0x00,0x00,0x00,0x00,0x00,0x00,0x00,0x00,0x00,0x00,0x00,0x04,0x00,0x18,0x08,0x91,0x91,0x7b,0x7b,0x7b,0x8b,0x7a,0x77,0x7a,0x7a,0x77,0x77,0x82,0x8b,0x82,0x8b,0x8b,0x8b,0x8b,0x7b,0x82,0x77,0x77,0x7a,0x7a,0x77,0x77,0x77,0x77,0x77,0x77,0x77,0x77,0x77,0x77,0x77,0x77,0x03,0x77,0x0f,0x00,0x04,0x00,0x00,0x00,0x00,0x00,0x00,0x00,0x00,0x00,0x00,0x00,0x00,0x00,0x00,0x00,0x00,0x00,0x00,0x00,0x00,0x00,0x00,0x00,0x00,0x00,0x00,0x00,0x00,0x00,0x00,0x00,0x00,0x00,0x00,0x00,0x00,0x00,0x00,0x00,0x00,0x00,0x00,0x00,0x00,0x00,0x00,0x00,0x00,0x00,
    0x00,0x00,0x00,0x00,0x00,0x00,0x00,0x00,0x00,0x00,0x00,0x00,0x00,0x00,0x00,0x00,0x00,0x00,0x00,0x00,0x00,0x00,0x00,0x00,0x00,0x00,0x00,0x00,0x00,0x00,0x00,0x00,0x00,0x00,0x00,0x00,0x00,0x00,0x00,0x00,0x00,0x00,0x00,0x00,0x00,0x00,0x00,0x00,0x00,0x04,0x00,0x0b,0x20,0x7b,0x7b,0x7b,0x7b,0x7b,0x7b,0x7b,0x7a,0x77,0x77,0x77,0x77,0x7a,0x82,0x8b,0x8b,0x7b,0x7b,0x7b,0x8b,0x82,0x82,0x77,0x77,0x77,0x77,0x77,0x77,0x77,0x77,0x77,0x77,0x77,0x77,0x77,0x77,0x77,0x03,0x82,0x56,0x00,0x04,0x00,0x00,0x00,0x00,0x00,0x00,0x00,0x00,0x00,0x00,0x00,0x00,0x00,0x00,0x00,0x00,0x00,0x00,0x00,0x00,0x00,0x00,0x00,0x00,0x00,0x00,0x00,0x00,0x00,0x00,0x00,0x00,0x00,0x00,0x00,0x00,0x00,0x00,0x00,0x00,0x00,0x00,0x00,0x00,0x00,0x00,0x00,0x00,0x00,
    0x00,0x00,0x00,0x00,0x00,0x00,0x00,0x00,0x00,0x00,0x00,0x00,0x00,0x00,0x00,0x00,0x00,0x00,0x00,0x00,0x00,0x00,0x00,0x00,0x00,0x00,0x00,0x00,0x00,0x00,0x00,0x00,0x00,0x00,0x00,0x00,0x00,0x00,0x00,0x00,0x00,0x00,0x00,0x00,0x00,0x00,0x00,0x00,0x00,0x01,0x00,0x1b,0x20,0x03,0x82,0x8b,0x7b,0x7b,0x7b,0x7b,0x8b,0x7a,0x77,0x77,0x77,0x77,0x77,0x82,0x8b,0x7b,0x7b,0x7b,0x7b,0x7b,0x7b,0x8b,0x7b,0x82,0x77,0x77,0x77,0x77,0x77,0x77,0x77,0x77,0x77,0x77,0x77,0x77,0x03,0x82,0x56,0x00,0x04,0x00,0x00,0x00,0x00,0x00,0x00,0x00,0x00,0x00,0x00,0x00,0x00,0x00,0x00,0x00,0x00,0x00,0x00,0x00,0x00,0x00,0x00,0x00,0x00,0x00,0x00,0x00,0x00,0x00,0x00,0x00,0x00,0x00,0x00,0x00,0x00,0x00,0x00,0x00,0x00,0x00,0x00,0x00,0x00,0x00,0x00,0x00,0x00,0x00,
    0x00,0x00,0x00,0x00,0x00,0x00,0x00,0x00,0x00,0x00,0x00,0x00,0x00,0x00,0x00,0x00,0x00,0x00,0x00,0x00,0x00,0x00,0x00,0x00,0x00,0x00,0x00,0x00,0x00,0x00,0x00,0x00,0x00,0x00,0x00,0x00,0x00,0x00,0x00,0x00,0x00,0x00,0x00,0x00,0x00,0x00,0x00,0x00,0x00,0x00,0x01,0x02,0x10,0x87,0x77,0x82,0x7b,0x7b,0x7b,0x7b,0x7b,0x7b,0x82,0x7a,0x7a,0x7a,0x82,0x82,0x7b,0x7b,0x7b,0x7b,0x7b,0x7b,0x7b,0x7b,0x7b,0x7b,0x7b,0x7a,0x77,0x77,0x7a,0x7a,0x7a,0x7a,0x7a,0x77,0x77,0x77,0x03,0x03,0x0f,0x00,0x04,0x00,0x00,0x00,0x00,0x00,0x00,0x00,0x00,0x00,0x00,0x00,0x00,0x00,0x00,0x00,0x00,0x00,0x00,0x00,0x00,0x00,0x00,0x00,0x00,0x00,0x00,0x00,0x00,0x00,0x00,0x00,0x00,0x00,0x00,0x00,0x00,0x00,0x00,0x00,0x00,0x00,0x00,0x00,0x00,0x00,0x00,0x00,0x00,0x00,
    0x00,0x00,0x00,0x00,0x00,0x00,0x00,0x00,0x00,0x00,0x00,0x00,0x00,0x00,0x00,0x00,0x00,0x00,0x00,0x00,0x00,0x00,0x00,0x00,0x00,0x00,0x00,0x00,0x00,0x00,0x00,0x00,0x00,0x00,0x00,0x00,0x00,0x00,0x00,0x00,0x00,0x00,0x00,0x00,0x00,0x00,0x00,0x00,0x00,0x00,0x00,0x04,0x00,0x0e,0x82,0x03,0x82,0x7b,0x8b,0x7a,0x84,0x86,0x80,0x80,0x80,0x86,0x84,0x8b,0x7b,0x7b,0x7b,0x7b,0x7b,0x7b,0x7b,0x7b,0x7b,0x7b,0x7b,0x82,0x7a,0x77,0x84,0x86,0x86,0x86,0x87,0x84,0x84,0x84,0x03,0x86,0x2e,0x00,0x04,0x00,0x00,0x00,0x00,0x00,0x00,0x00,0x00,0x00,0x00,0x00,0x00,0x00,0x00,0x00,0x00,0x00,0x00,0x00,0x00,0x00,0x00,0x00,0x00,0x00,0x00,0x00,0x00,0x00,0x00,0x00,0x00,0x00,0x00,0x00,0x00,0x00,0x00,0x00,0x00,0x00,0x00,0x00,0x00,0x00,0x00,0x00,0x00,0x00,
    0x00,0x00,0x00,0x00,0x00,0x00,0x00,0x00,0x00,0x00,0x00,0x00,0x00,0x00,0x00,0x00,0x00,0x00,0x00,0x00,0x00,0x00,0x00,0x00,0x00,0x00,0x00,0x00,0x00,0x00,0x00,0x00,0x00,0x00,0x00,0x00,0x00,0x00,0x00,0x00,0x00,0x00,0x00,0x00,0x00,0x00,0x00,0x00,0x00,0x00,0x00,0x04,0x00,0x10,0x80,0x84,0x86,0x7c,0x7c,0x7d,0x79,0x79,0x79,0x7d,0x7d,0x79,0x7d,0x7c,0x87,0x82,0x82,0x82,0x82,0x82,0x82,0x82,0x82,0x84,0x84,0x80,0x7c,0x7c,0x7d,0x79,0x79,0x79,0x7d,0x7d,0x7d,0x09,0x09,0x3e,0x0b,0x02,0x02,0x00,0x00,0x00,0x00,0x00,0x00,0x00,0x00,0x00,0x00,0x00,0x00,0x00,0x00,0x00,0x00,0x00,0x00,0x00,0x00,0x00,0x00,0x00,0x00,0x00,0x00,0x00,0x00,0x00,0x00,0x00,0x00,0x00,0x00,0x00,0x00,0x00,0x00,0x00,0x00,0x00,0x00,0x00,0x00,0x00,0x00,0x00,0x00,0x00,
    0x00,0x00,0x00,0x00,0x00,0x00,0x00,0x00,0x00,0x00,0x00,0x00,0x00,0x00,0x00,0x00,0x00,0x00,0x00,0x00,0x00,0x00,0x00,0x00,0x00,0x00,0x00,0x00,0x00,0x00,0x00,0x00,0x00,0x00,0x00,0x00,0x00,0x00,0x00,0x00,0x00,0x00,0x00,0x00,0x00,0x00,0x00,0x00,0x00,0x00,0x00,0x00,0x04,0x00,0x20,0x84,0x84,0x7d,0x79,0x7d,0x7c,0x7c,0x7c,0x7d,0x7c,0x87,0x87,0x87,0x87,0x80,0x7c,0x7d,0x7d,0x7d,0x7d,0x7d,0x7d,0x79,0x79,0x7d,0x7d,0x7d,0x7c,0x7c,0x7c,0x7c,0x80,0x7c,0x7d,0x09,0x80,0x0c,0x00,0x04,0x00,0x00,0x00,0x00,0x00,0x00,0x00,0x00,0x00,0x00,0x00,0x00,0x00,0x00,0x00,0x00,0x00,0x00,0x00,0x00,0x00,0x00,0x00,0x00,0x00,0x00,0x00,0x00,0x00,0x00,0x00,0x00,0x00,0x00,0x00,0x00,0x00,0x00,0x00,0x00,0x00,0x00,0x00,0x00,0x00,0x00,0x00,0x00,0x00,0x00,
    0x00,0x00,0x00,0x00,0x00,0x00,0x00,0x00,0x00,0x00,0x00,0x00,0x00,0x00,0x00,0x00,0x00,0x00,0x00,0x00,0x00,0x00,0x00,0x00,0x00,0x00,0x00,0x00,0x00,0x00,0x00,0x00,0x00,0x00,0x00,0x00,0x00,0x00,0x00,0x00,0x00,0x00,0x00,0x00,0x00,0x00,0x00,0x00,0x00,0x00,0x00,0x00,0x01,0x04,0x16,0x0f,0x86,0x86,0x80,0x7c,0x87,0x84,0x84,0x87,0x82,0x7b,0x7b,0x7b,0x7b,0x7b,0x8b,0x77,0x87,0x86,0x86,0x86,0x86,0x86,0x86,0x84,0x84,0x77,0x77,0x7a,0x7a,0x77,0x80,0x7c,0x09,0x7d,0x20,0x04,0x04,0x00,0x00,0x00,0x00,0x00,0x00,0x00,0x00,0x00,0x00,0x00,0x00,0x00,0x00,0x00,0x00,0x00,0x00,0x00,0x00,0x00,0x00,0x00,0x00,0x00,0x00,0x00,0x00,0x00,0x00,0x00,0x00,0x00,0x00,0x00,0x00,0x00,0x00,0x00,0x00,0x00,0x00,0x00,0x00,0x00,0x00,0x00,0x00,0x00,0x00,0x00,
    0x00,0x00,0x00,0x00,0x00,0x00,0x00,0x00,0x00,0x00,0x00,0x00,0x00,0x00,0x00,0x00,0x00,0x00,0x00,0x00,0x00,0x00,0x00,0x00,0x00,0x00,0x00,0x00,0x00,0x00,0x00,0x00,0x00,0x00,0x00,0x00,0x00,0x00,0x00,0x00,0x00,0x00,0x00,0x00,0x00,0x00,0x00,0x00,0x00,0x00,0x00,0x00,0x00,0x04,0x00,0x18,0x7a,0x03,0x77,0x7a,0x7b,0x8b,0x82,0x82,0x7b,0x7b,0x7b,0x7b,0x7b,0x7b,0x91,0x7b,0x7b,0x7b,0x7b,0x7b,0x7b,0x7b,0x7b,0x7b,0x7b,0x7b,0x7b,0x7b,0x8b,0x8b,0x82,0x84,0x03,0x80,0x0e,0x00,0x04,0x00,0x00,0x00,0x00,0x00,0x00,0x00,0x00,0x00,0x00,0x00,0x00,0x00,0x00,0x00,0x00,0x00,0x00,0x00,0x00,0x00,0x00,0x00,0x00,0x00,0x00,0x00,0x00,0x00,0x00,0x00,0x00,0x00,0x00,0x00,0x00,0x00,0x00,0x00,0x00,0x00,0x00,0x00,0x00,0x00,0x00,0x00,0x00,0x00,0x00,0x00,
    0x00,0x00,0x00,0x00,0x00,0x00,0x00,0x00,0x00,0x00,0x00,0x00,0x00,0x00,0x00,0x00,0x00,0x00,0x00,0x00,0x00,0x00,0x00,0x00,0x00,0x00,0x00,0x00,0x00,0x00,0x00,0x00,0x00,0x00,0x00,0x00,0x00,0x00,0x00,0x00,0x00,0x00,0x00,0x00,0x00,0x00,0x00,0x00,0x00,0x00,0x00,0x00,0x00,0x04,0x01,0x2c,0xaa,0x5f,0x8b,0x91,0x7b,0x7b,0x7b,0x82,0x8b,0x7b,0x7b,0x7b,0x7b,0x7b,0x7b,0x7b,0x7b,0x8b,0x7b,0x7b,0x7b,0x7b,0x7b,0x7b,0x7b,0x7b,0x7b,0x7b,0x7b,0x7b,0x7b,0x82,0x03,0x7a,0x2c,0x00,0x04,0x00,0x00,0x00,0x00,0x00,0x00,0x00,0x00,0x00,0x00,0x00,0x00,0x00,0x00,0x00,0x00,0x00,0x00,0x00,0x00,0x00,0x00,0x00,0x00,0x00,0x00,0x00,0x00,0x00,0x00,0x00,0x00,0x00,0x00,0x00,0x00,0x00,0x00,0x00,0x00,0x00,0x00,0x00,0x00,0x00,0x00,0x00,0x00,0x00,0x00,0x00,
    0x00,0x00,0x00,0x00,0x00,0x00,0x00,0x00,0x00,0x00,0x00,0x00,0x00,0x00,0x00,0x00,0x00,0x00,0x00,0x00,0x00,0x00,0x00,0x00,0x00,0x00,0x00,0x00,0x00,0x00,0x00,0x00,0x00,0x00,0x00,0x00,0x00,0x00,0x00,0x00,0x00,0x00,0x00,0x00,0x00,0x00,0x00,0x00,0x00,0x00,0x00,0x00,0x00,0x04,0x00,0x2e,0xcb,0x5f,0x7b,0xaa,0xaa,0x91,0x91,0x91,0x91,0x91,0x91,0x7b,0x7b,0x7b,0x7b,0x7b,0x7b,0x82,0x8b,0x7b,0x8b,0x8b,0x7b,0x7b,0x7b,0x7b,0x91,0x91,0x91,0x91,0x91,0x7b,0x03,0x77,0x10,0x00,0x04,0x00,0x00,0x00,0x00,0x00,0x00,0x00,0x00,0x00,0x00,0x00,0x00,0x00,0x00,0x00,0x00,0x00,0x00,0x00,0x00,0x00,0x00,0x00,0x00,0x00,0x00,0x00,0x00,0x00,0x00,0x00,0x00,0x00,0x00,0x00,0x00,0x00,0x00,0x00,0x00,0x00,0x00,0x00,0x00,0x00,0x00,0x00,0x00,0x00,0x00,0x00,
    0x00,0x00,0x00,0x00,0x00,0x00,0x00,0x00,0x00,0x00,0x00,0x00,0x00,0x00,0x00,0x00,0x00,0x00,0x00,0x00,0x00,0x00,0x00,0x00,0x00,0x00,0x00,0x00,0x00,0x00,0x00,0x00,0x00,0x00,0x00,0x00,0x00,0x00,0x00,0x00,0x00,0x00,0x00,0x00,0x00,0x00,0x00,0x00,0x00,0x00,0x00,0x00,0x00,0x02,0x01,0x16,0x09,0x86,0x80,0x87,0x86,0x7c,0x86,0x86,0x7c,0x80,0x86,0xcb,0x91,0xaa,0xaa,0x91,0x91,0x8b,0x7b,0xaa,0xaa,0xaa,0xaa,0x91,0x7b,0x84,0x80,0x7c,0x7d,0x7d,0x7d,0x86,0x8b,0x42,0x18,0x00,0x04,0x00,0x00,0x00,0x00,0x00,0x00,0x00,0x00,0x00,0x00,0x00,0x00,0x00,0x00,0x00,0x00,0x00,0x00,0x00,0x00,0x00,0x00,0x00,0x00,0x00,0x00,0x00,0x00,0x00,0x00,0x00,0x00,0x00,0x00,0x00,0x00,0x00,0x00,0x00,0x00,0x00,0x00,0x00,0x00,0x00,0x00,0x00,0x00,0x00,0x00,0x00,
    0x00,0x00,0x00,0x00,0x00,0x00,0x00,0x00,0x00,0x00,0x00,0x00,0x00,0x00,0x00,0x00,0x00,0x00,0x00,0x00,0x00,0x00,0x00,0x00,0x00,0x00,0x00,0x00,0x00,0x00,0x00,0x00,0x00,0x00,0x00,0x00,0x00,0x00,0x00,0x00,0x00,0x00,0x00,0x00,0x00,0x00,0x00,0x00,0x00,0x00,0x00,0x00,0x00,0x00,0x01,0x04,0x0b,0x10,0x56,0x66,0xc8,0xed,0xc8,0xc8,0xc8,0xe7,0xe7,0x9a,0x9a,0xc6,0x77,0x86,0x84,0x82,0x77,0x77,0x77,0x8b,0x82,0xc6,0xc6,0x9a,0xe7,0xc8,0xc8,0xed,0xc8,0x66,0x2c,0x0c,0x1f,0x00,0x01,0x00,0x00,0x00,0x00,0x00,0x00,0x00,0x00,0x00,0x00,0x00,0x00,0x00,0x00,0x00,0x00,0x00,0x00,0x00,0x00,0x00,0x00,0x00,0x00,0x00,0x00,0x00,0x00,0x00,0x00,0x00,0x00,0x00,0x00,0x00,0x00,0x00,0x00,0x00,0x00,0x00,0x00,0x00,0x00,0x00,0x00,0x00,0x00,0x00,0x00,0x00,
    0x00,0x00,0x00,0x00,0x00,0x00,0x00,0x00,0x00,0x00,0x00,0x00,0x00,0x00,0x00,0x00,0x00,0x00,0x00,0x00,0x00,0x00,0x00,0x00,0x00,0x00,0x00,0x00,0x00,0x00,0x00,0x00,0x00,0x00,0x00,0x00,0x00,0x00,0x00,0x00,0x00,0x00,0x00,0x00,0x00,0x00,0x00,0x00,0x00,0x00,0x00,0x00,0x00,0x00,0x00,0x00,0x00,0x07,0x33,0x3c,0x54,0xd0,0xd0,0xd9,0xb4,0x9d,0x9d,0xdb,0x49,0x54,0xf0,0xf0,0xc8,0x3e,0xc1,0xd6,0xd6,0x54,0xe0,0x49,0xeb,0xb4,0xb4,0xd9,0xd0,0xd0,0xf0,0x45,0x41,0x01,0x00,0x00,0x00,0x00,0x00,0x00,0x00,0x00,0x00,0x00,0x00,0x00,0x00,0x00,0x00,0x00,0x00,0x00,0x00,0x00,0x00,0x00,0x00,0x00,0x00,0x00,0x00,0x00,0x00,0x00,0x00,0x00,0x00,0x00,0x00,0x00,0x00,0x00,0x00,0x00,0x00,0x00,0x00,0x00,0x00,0x00,0x00,0x00,0x00,0x00,0x00,0x00,0x00,0x00,
    0x00,0x00,0x00,0x00,0x00,0x00,0x00,0x00,0x00,0x00,0x00,0x00,0x00,0x00,0x00,0x00,0x00,0x00,0x00,0x00,0x00,0x00,0x00,0x00,0x00,0x00,0x00,0x00,0x00,0x00,0x00,0x00,0x00,0x00,0x00,0x00,0x00,0x00,0x00,0x00,0x00,0x00,0x00,0x00,0x00,0x00,0x00,0x00,0x00,0x00,0x00,0x00,0x00,0x00,0x00,0x00,0x02,0x04,0x00,0x34,0x35,0xd9,0x9d,0x97,0x94,0x97,0x97,0x97,0x0d,0x17,0xb4,0xd0,0xc8,0x40,0x46,0xe0,0xb4,0x9d,0x8d,0x8d,0xa4,0x94,0x94,0x97,0xa3,0xb4,0x65,0x40,0x00,0x02,0x00,0x00,0x00,0x00,0x00,0x00,0x00,0x00,0x00,0x00,0x00,0x00,0x00,0x00,0x00,0x00,0x00,0x00,0x00,0x00,0x00,0x00,0x00,0x00,0x00,0x00,0x00,0x00,0x00,0x00,0x00,0x00,0x00,0x00,0x00,0x00,0x00,0x00,0x00,0x00,0x00,0x00,0x00,0x00,0x00,0x00,0x00,0x00,0x00,0x00,0x00,0x00,0x00,0x00,
    0x00,0x00,0x00,0x00,0x00,0x00,0x00,0x00,0x00,0x00,0x00,0x00,0x00,0x00,0x00,0x00,0x00,0x00,0x00,0x00,0x00,0x00,0x00,0x00,0x00,0x00,0x00,0x00,0x00,0x00,0x00,0x00,0x00,0x00,0x00,0x00,0x00,0x00,0x00,0x00,0x00,0x00,0x00,0x00,0x00,0x00,0x00,0x00,0x00,0x00,0x00,0x00,0x00,0x00,0x00,0x00,0x00,0x01,0x14,0x14,0x50,0xa3,0x0a,0x88,0x7f,0x17,0x88,0x88,0x88,0x88,0x0d,0xab,0x70,0x66,0x46,0x49,0x98,0x81,0x7f,0x98,0x98,0x88,0x88,0x97,0xa1,0x88,0x19,0x6c,0x02,0x05,0x00,0x00,0x00,0x00,0x00,0x00,0x00,0x00,0x00,0x00,0x00,0x00,0x00,0x00,0x00,0x00,0x00,0x00,0x00,0x00,0x00,0x00,0x00,0x00,0x00,0x00,0x00,0x00,0x00,0x00,0x00,0x00,0x00,0x00,0x00,0x00,0x00,0x00,0x00,0x00,0x00,0x00,0x00,0x00,0x00,0x00,0x00,0x00,0x00,0x00,0x00,0x00,0x00,0x00,
    0x00,0x00,0x00,0x00,0x00,0x00,0x00,0x00,0x00,0x00,0x00,0x00,0x00,0x00,0x00,0x00,0x00,0x00,0x00,0x00,0x00,0x00,0x00,0x00,0x00,0x00,0x00,0x00,0x00,0x00,0x00,0x00,0x00,0x00,0x00,0x00,0x00,0x00,0x00,0x00,0x00,0x00,0x00,0x00,0x00,0x00,0x00,0x00,0x00,0x00,0x00,0x00,0x00,0x00,0x00,0x00,0x00,0x00,0x14,0x00,0x52,0x1e,0x0a,0x88,0x81,0x7f,0x81,0x81,0x81,0x17,0x8a,0xa3,0x46,0x5e,0x28,0xa3,0x97,0x17,0x7f,0x7f,0x7f,0x81,0x95,0x95,0x97,0xa3,0x45,0x34,0x00,0x05,0x00,0x00,0x00,0x00,0x00,0x00,0x00,0x00,0x00,0x00,0x00,0x00,0x00,0x00,0x00,0x00,0x00,0x00,0x00,0x00,0x00,0x00,0x00,0x00,0x00,0x00,0x00,0x00,0x00,0x00,0x00,0x00,0x00,0x00,0x00,0x00,0x00,0x00,0x00,0x00,0x00,0x00,0x00,0x00,0x00,0x00,0x00,0x00,0x00,0x00,0x00,0x00,0x00,0x00,
    0x00,0x00,0x00,0x00,0x00,0x00,0x00,0x00,0x00,0x00,0x00,0x00,0x00,0x00,0x00,0x00,0x00,0x00,0x00,0x00,0x00,0x00,0x00,0x00,0x00,0x00,0x00,0x00,0x00,0x00,0x00,0x00,0x00,0x00,0x00,0x00,0x00,0x00,0x00,0x00,0x00,0x00,0x00,0x00,0x00,0x00,0x00,0x00,0x00,0x00,0x00,0x00,0x00,0x00,0x00,0x00,0x00,0x01,0x01,0x1d,0x28,0x1e,0x94,0x88,0x7f,0x7f,0x7f,0x7f,0x7f,0x98,0x8a,0x15,0x35,0x4a,0x3c,0xc3,0xa1,0x94,0x88,0x7f,0x7f,0x7f,0x7f,0x7f,0x78,0xcf,0x19,0x41,0x00,0x02,0x00,0x00,0x00,0x00,0x00,0x00,0x00,0x00,0x00,0x00,0x00,0x00,0x00,0x00,0x00,0x00,0x00,0x00,0x00,0x00,0x00,0x00,0x00,0x00,0x00,0x00,0x00,0x00,0x00,0x00,0x00,0x00,0x00,0x00,0x00,0x00,0x00,0x00,0x00,0x00,0x00,0x00,0x00,0x00,0x00,0x00,0x00,0x00,0x00,0x00,0x00,0x00,0x00,0x00,
    0x00,0x00,0x00,0x00,0x00,0x00,0x00,0x00,0x00,0x00,0x00,0x00,0x00,0x00,0x00,0x00,0x00,0x00,0x00,0x00,0x00,0x00,0x00,0x00,0x00,0x00,0x00,0x00,0x00,0x00,0x00,0x00,0x00,0x00,0x00,0x00,0x00,0x00,0x00,0x00,0x00,0x00,0x00,0x00,0x00,0x00,0x00,0x00,0x00,0x00,0x00,0x00,0x00,0x00,0x00,0x00,0x00,0x01,0x00,0x33,0x37,0xcf,0xa2,0x81,0x7f,0x7f,0x7f,0x7f,0x81,0x88,0x94,0x24,0x28,0x3a,0x39,0xcf,0x0a,0x0a,0x88,0x7f,0x7f,0x7f,0x7f,0x96,0x93,0x12,0x32,0x27,0x00,0x01,0x00,0x00,0x00,0x00,0x00,0x00,0x00,0x00,0x00,0x00,0x00,0x00,0x00,0x00,0x00,0x00,0x00,0x00,0x00,0x00,0x00,0x00,0x00,0x00,0x00,0x00,0x00,0x00,0x00,0x00,0x00,0x00,0x00,0x00,0x00,0x00,0x00,0x00,0x00,0x00,0x00,0x00,0x00,0x00,0x00,0x00,0x00,0x00,0x00,0x00,0x00,0x00,0x00,0x00,
    0x00,0x00,0x00,0x00,0x00,0x00,0x00,0x00,0x00,0x00,0x00,0x00,0x00,0x00,0x00,0x00,0x00,0x00,0x00,0x00,0x00,0x00,0x00,0x00,0x00,0x00,0x00,0x00,0x00,0x00,0x00,0x00,0x00,0x00,0x00,0x00,0x00,0x00,0x00,0x00,0x00,0x00,0x00,0x00,0x00,0x00,0x00,0x00,0x00,0x00,0x00,0x00,0x00,0x00,0x00,0x00,0x00,0x01,0x00,0x1d,0x28,0x12,0xa2,0x85,0x7f,0x7f,0x7f,0x7f,0x17,0x94,0x94,0x24,0x5c,0x1d,0x4f,0x4e,0x0a,0x88,0x81,0x7f,0x7f,0x7f,0x7f,0x98,0x0d,0x4e,0x2a,0x14,0x07,0x00,0x00,0x00,0x00,0x00,0x00,0x00,0x00,0x00,0x00,0x00,0x00,0x00,0x00,0x00,0x00,0x00,0x00,0x00,0x00,0x00,0x00,0x00,0x00,0x00,0x00,0x00,0x00,0x00,0x00,0x00,0x00,0x00,0x00,0x00,0x00,0x00,0x00,0x00,0x00,0x00,0x00,0x00,0x00,0x00,0x00,0x00,0x00,0x00,0x00,0x00,0x00,0x00,0x00,0x00,
    0x00,0x00,0x00,0x00,0x00,0x00,0x00,0x00,0x00,0x00,0x00,0x00,0x00,0x00,0x00,0x00,0x00,0x00,0x00,0x00,0x00,0x00,0x00,0x00,0x00,0x00,0x00,0x00,0x00,0x00,0x00,0x00,0x00,0x00,0x00,0x00,0x00,0x00,0x00,0x00,0x00,0x00,0x00,0x00,0x00,0x00,0x00,0x00,0x00,0x00,0x00,0x00,0x00,0x00,0x00,0x00,0x00,0x00,0x05,0x00,0x2a,0x38,0x94,0x98,0x7f,0x81,0x81,0x7f,0x17,0x97,0x97,0x23,0x29,0x00,0x29,0x12,0xc4,0x98,0x7f,0x7f,0x7f,0x7f,0xa2,0x88,0x94,0x23,0x48,0x00,0x02,0x00,0x00,0x00,0x00,0x00,0x00,0x00,0x00,0x00,0x00,0x00,0x00,0x00,0x00,0x00,0x00,0x00,0x00,0x00,0x00,0x00,0x00,0x00,0x00,0x00,0x00,0x00,0x00,0x00,0x00,0x00,0x00,0x00,0x00,0x00,0x00,0x00,0x00,0x00,0x00,0x00,0x00,0x00,0x00,0x00,0x00,0x00,0x00,0x00,0x00,0x00,0x00,0x00,0x00,0x00,
    0x00,0x00,0x00,0x00,0x00,0x00,0x00,0x00,0x00,0x00,0x00,0x00,0x00,0x00,0x00,0x00,0x00,0x00,0x00,0x00,0x00,0x00,0x00,0x00,0x00,0x00,0x00,0x00,0x00,0x00,0x00,0x00,0x00,0x00,0x00,0x00,0x00,0x00,0x00,0x00,0x00,0x00,0x00,0x00,0x00,0x00,0x00,0x00,0x00,0x00,0x00,0x00,0x00,0x00,0x00,0x00,0x00,0x00,0x02,0x00,0x22,0x53,0xa1,0x94,0x97,0x88,0x88,0x95,0x88,0xcf,0x88,0x12,0x2a,0x07,0x1d,0x51,0x8f,0x98,0x7f,0x7f,0x81,0x95,0x97,0x0a,0x0a,0x35,0x22,0x00,0x02,0x00,0x00,0x00,0x00,0x00,0x00,0x00,0x00,0x00,0x00,0x00,0x00,0x00,0x00,0x00,0x00,0x00,0x00,0x00,0x00,0x00,0x00,0x00,0x00,0x00,0x00,0x00,0x00,0x00,0x00,0x00,0x00,0x00,0x00,0x00,0x00,0x00,0x00,0x00,0x00,0x00,0x00,0x00,0x00,0x00,0x00,0x00,0x00,0x00,0x00,0x00,0x00,0x00,0x00,0x00,
    0x00,0x00,0x00,0x00,0x00,0x00,0x00,0x00,0x00,0x00,0x00,0x00,0x00,0x00,0x00,0x00,0x00,0x00,0x00,0x00,0x00,0x00,0x00,0x00,0x00,0x00,0x00,0x00,0x00,0x00,0x00,0x00,0x00,0x00,0x00,0x00,0x00,0x00,0x00,0x00,0x00,0x00,0x00,0x00,0x00,0x00,0x00,0x00,0x00,0x00,0x00,0x00,0x00,0x00,0x00,0x00,0x00,0x00,0x02,0x00,0x22,0x3f,0xa1,0x94,0x94,0x97,0x97,0x97,0x88,0x88,0xcf,0x2f,0x29,0x00,0x01,0x5e,0x24,0x8a,0x7f,0x7f,0x95,0x88,0x88,0x94,0x0a,0x19,0x60,0x00,0x02,0x00,0x00,0x00,0x00,0x00,0x00,0x00,0x00,0x00,0x00,0x00,0x00,0x00,0x00,0x00,0x00,0x00,0x00,0x00,0x00,0x00,0x00,0x00,0x00,0x00,0x00,0x00,0x00,0x00,0x00,0x00,0x00,0x00,0x00,0x00,0x00,0x00,0x00,0x00,0x00,0x00,0x00,0x00,0x00,0x00,0x00,0x00,0x00,0x00,0x00,0x00,0x00,0x00,0x00,0x00,
    0x00,0x00,0x00,0x00,0x00,0x00,0x00,0x00,0x00,0x00,0x00,0x00,0x00,0x00,0x00,0x00,0x00,0x00,0x00,0x00,0x00,0x00,0x00,0x00,0x00,0x00,0x00,0x00,0x00,0x00,0x00,0x00,0x00,0x00,0x00,0x00,0x00,0x00,0x00,0x00,0x00,0x00,0x00,0x00,0x00,0x00,0x00,0x00,0x00,0x00,0x00,0x00,0x00,0x00,0x00,0x00,0x00,0x00,0x05,0x01,0x2a,0x23,0x88,0x17,0x81,0x17,0x88,0x97,0x88,0x88,0xcf,0x35,0x59,0x00,0x00,0x64,0x1e,0x8a,0x7f,0x7f,0x95,0x88,0x88,0x88,0x0a,0x38,0x50,0x02,0x02,0x00,0x00,0x00,0x00,0x00,0x00,0x00,0x00,0x00,0x00,0x00,0x00,0x00,0x00,0x00,0x00,0x00,0x00,0x00,0x00,0x00,0x00,0x00,0x00,0x00,0x00,0x00,0x00,0x00,0x00,0x00,0x00,0x00,0x00,0x00,0x00,0x00,0x00,0x00,0x00,0x00,0x00,0x00,0x00,0x00,0x00,0x00,0x00,0x00,0x00,0x00,0x00,0x00,0x00,0x00,
    0x00,0x00,0x00,0x00,0x00,0x00,0x00,0x00,0x00,0x00,0x00,0x00,0x00,0x00,0x00,0x00,0x00,0x00,0x00,0x00,0x00,0x00,0x00,0x00,0x00,0x00,0x00,0x00,0x00,0x00,0x00,0x00,0x00,0x00,0x00,0x00,0x00,0x00,0x00,0x00,0x00,0x00,0x00,0x00,0x00,0x00,0x00,0x00,0x00,0x00,0x00,0x00,0x00,0x00,0x00,0x00,0x00,0x01,0x00,0x27,0x39,0xad,0x88,0x17,0x85,0x7f,0x7f,0x81,0x7f,0x8a,0x24,0x32,0x1b,0x00,0x05,0x30,0x1e,0x97,0x95,0x95,0x88,0x88,0x88,0x88,0x94,0xc3,0x30,0x1d,0x00,0x01,0x00,0x00,0x00,0x00,0x00,0x00,0x00,0x00,0x00,0x00,0x00,0x00,0x00,0x00,0x00,0x00,0x00,0x00,0x00,0x00,0x00,0x00,0x00,0x00,0x00,0x00,0x00,0x00,0x00,0x00,0x00,0x00,0x00,0x00,0x00,0x00,0x00,0x00,0x00,0x00,0x00,0x00,0x00,0x00,0x00,0x00,0x00,0x00,0x00,0x00,0x00,0x00,0x00,0x00,
    0x00,0x00,0x00,0x00,0x00,0x00,0x00,0x00,0x00,0x00,0x00,0x00,0x00,0x00,0x00,0x00,0x00,0x00,0x00,0x00,0x00,0x00,0x00,0x00,0x00,0x00,0x00,0x00,0x00,0x00,0x00,0x00,0x00,0x00,0x00,0x00,0x00,0x00,0x00,0x00,0x00,0x00,0x00,0x00,0x00,0x00,0x00,0x00,0x00,0x00,0x00,0x00,0x00,0x00,0x00,0x00,0x00,0x01,0x02,0x2b,0x25,0x94,0x97,0x88,0x81,0x81,0x7f,0x7f,0x96,0x8f,0x06,0x3c,0x33,0x00,0x33,0x39,0xcf,0x88,0x95,0x95,0xa2,0x95,0x88,0x88,0x88,0xcf,0x3f,0x3b,0x00,0x07,0x00,0x00,0x00,0x00,0x00,0x00,0x00,0x00,0x00,0x00,0x00,0x00,0x00,0x00,0x00,0x00,0x00,0x00,0x00,0x00,0x00,0x00,0x00,0x00,0x00,0x00,0x00,0x00,0x00,0x00,0x00,0x00,0x00,0x00,0x00,0x00,0x00,0x00,0x00,0x00,0x00,0x00,0x00,0x00,0x00,0x00,0x00,0x00,0x00,0x00,0x00,0x00,0x00,0x00,
    0x00,0x00,0x00,0x00,0x00,0x00,0x00,0x00,0x00,0x00,0x00,0x00,0x00,0x00,0x00,0x00,0x00,0x00,0x00,0x00,0x00,0x00,0x00,0x00,0x00,0x00,0x00,0x00,0x00,0x00,0x00,0x00,0x00,0x00,0x00,0x00,0x00,0x00,0x00,0x00,0x00,0x00,0x00,0x00,0x00,0x00,0x00,0x00,0x00,0x00,0x00,0x00,0x00,0x00,0x00,0x00,0x00,0x00,0x2b,0x02,0x39,0xcf,0x17,0x95,0xa2,0xa2,0x81,0x95,0x95,0xa4,0x38,0x3c,0x14,0x00,0x33,0x37,0xa3,0xa2,0x85,0x7f,0x7f,0xa2,0x95,0x88,0x97,0x97,0x25,0x3a,0x00,0x07,0x00,0x00,0x00,0x00,0x00,0x00,0x00,0x00,0x00,0x00,0x00,0x00,0x00,0x00,0x00,0x00,0x00,0x00,0x00,0x00,0x00,0x00,0x00,0x00,0x00,0x00,0x00,0x00,0x00,0x00,0x00,0x00,0x00,0x00,0x00,0x00,0x00,0x00,0x00,0x00,0x00,0x00,0x00,0x00,0x00,0x00,0x00,0x00,0x00,0x00,0x00,0x00,0x00,0x00,
    0x00,0x00,0x00,0x00,0x00,0x00,0x00,0x00,0x00,0x00,0x00,0x00,0x00,0x00,0x00,0x00,0x00,0x00,0x00,0x00,0x00,0x00,0x00,0x00,0x00,0x00,0x00,0x00,0x00,0x00,0x00,0x00,0x00,0x00,0x00,0x00,0x00,0x00,0x00,0x00,0x00,0x00,0x00,0x00,0x00,0x00,0x00,0x00,0x00,0x00,0x00,0x00,0x00,0x00,0x00,0x00,0x00,0x00,0x00,0x07,0x43,0x8f,0xba,0x78,0x7f,0x7f,0x7f,0x95,0x95,0xa4,0x2f,0x50,0x00,0x00,0x1b,0x32,0x06,0x97,0x88,0x81,0x7f,0x7f,0x7f,0x81,0x0d,0xa2,0x32,0x00,0x14,0x00,0x00,0x00,0x00,0x00,0x00,0x00,0x00,0x00,0x00,0x00,0x00,0x00,0x00,0x00,0x00,0x00,0x00,0x00,0x00,0x00,0x00,0x00,0x00,0x00,0x00,0x00,0x00,0x00,0x00,0x00,0x00,0x00,0x00,0x00,0x00,0x00,0x00,0x00,0x00,0x00,0x00,0x00,0x00,0x00,0x00,0x00,0x00,0x00,0x00,0x00,0x00,0x00,0x00,0x00,
    0x00,0x00,0x00,0x00,0x00,0x00,0x00,0x00,0x00,0x00,0x00,0x00,0x00,0x00,0x00,0x00,0x00,0x00,0x00,0x00,0x00,0x00,0x00,0x00,0x00,0x00,0x00,0x00,0x00,0x00,0x00,0x00,0x00,0x00,0x00,0x00,0x00,0x00,0x00,0x00,0x00,0x00,0x00,0x00,0x00,0x00,0x00,0x00,0x00,0x00,0x00,0x00,0x00,0x00,0x00,0x00,0x02,0x00,0x0c,0x2c,0x40,0x24,0x98,0x98,0x7f,0x7f,0x7f,0x7f,0x96,0x0d,0x6b,0x44,0x00,0x07,0x1f,0x40,0x9e,0x94,0x94,0x88,0x98,0x98,0x96,0x9d,0x9d,0x1a,0x46,0x2d,0x14,0x04,0x00,0x00,0x00,0x00,0x00,0x00,0x00,0x00,0x00,0x00,0x00,0x00,0x00,0x00,0x00,0x00,0x00,0x00,0x00,0x00,0x00,0x00,0x00,0x00,0x00,0x00,0x00,0x00,0x00,0x00,0x00,0x00,0x00,0x00,0x00,0x00,0x00,0x00,0x00,0x00,0x00,0x00,0x00,0x00,0x00,0x00,0x00,0x00,0x00,0x00,0x00,0x00,0x00,0x00,
    0x00,0x00,0x00,0x00,0x00,0x00,0x00,0x00,0x00,0x00,0x00,0x00,0x00,0x00,0x00,0x00,0x00,0x00,0x00,0x00,0x00,0x00,0x00,0x00,0x00,0x00,0x00,0x00,0x00,0x00,0x00,0x00,0x00,0x00,0x00,0x00,0x00,0x00,0x00,0x00,0x00,0x00,0x00,0x00,0x00,0x00,0x00,0x00,0x00,0x00,0x00,0x00,0x00,0x00,0x00,0x00,0x04,0x02,0x0f,0x86,0x9a,0x95,0xbd,0x8f,0x8a,0x8a,0x8a,0x8a,0x8d,0xa4,0xde,0x20,0x0b,0x04,0x1b,0x3e,0xc1,0xa1,0xa1,0x94,0x8d,0x8d,0x8a,0x9d,0x17,0x96,0x11,0x7d,0x0c,0x00,0x04,0x00,0x00,0x00,0x00,0x00,0x00,0x00,0x00,0x00,0x00,0x00,0x00,0x00,0x00,0x00,0x00,0x00,0x00,0x00,0x00,0x00,0x00,0x00,0x00,0x00,0x00,0x00,0x00,0x00,0x00,0x00,0x00,0x00,0x00,0x00,0x00,0x00,0x00,0x00,0x00,0x00,0x00,0x00,0x00,0x00,0x00,0x00,0x00,0x00,0x00,0x00,0x00,0x00,
    0x00,0x00,0x00,0x00,0x00,0x00,0x00,0x00,0x00,0x00,0x00,0x00,0x00,0x00,0x00,0x00,0x00,0x00,0x00,0x00,0x00,0x00,0x00,0x00,0x00,0x00,0x00,0x00,0x00,0x00,0x00,0x00,0x00,0x00,0x00,0x00,0x00,0x00,0x00,0x00,0x00,0x00,0x00,0x00,0x00,0x00,0x00,0x00,0x00,0x00,0x00,0x00,0x00,0x00,0x00,0x00,0x01,0x00,0x20,0x09,0x84,0xd5,0x12,0xbb,0xad,0x1e,0xa3,0xa3,0x1e,0xc3,0x9a,0x83,0x0c,0x00,0x2e,0x79,0x03,0x12,0xc3,0xc3,0xad,0xad,0xbb,0x06,0x9f,0xbc,0x03,0x86,0x08,0x2d,0x04,0x01,0x00,0x00,0x00,0x00,0x00,0x00,0x00,0x00,0x00,0x00,0x00,0x00,0x00,0x00,0x00,0x00,0x00,0x00,0x00,0x00,0x00,0x00,0x00,0x00,0x00,0x00,0x00,0x00,0x00,0x00,0x00,0x00,0x00,0x00,0x00,0x00,0x00,0x00,0x00,0x00,0x00,0x00,0x00,0x00,0x00,0x00,0x00,0x00,0x00,0x00,0x00,0x00,
    0x00,0x00,0x00,0x00,0x00,0x00,0x00,0x00,0x00,0x00,0x00,0x00,0x00,0x00,0x00,0x00,0x00,0x00,0x00,0x00,0x00,0x00,0x00,0x00,0x00,0x00,0x00,0x00,0x00,0x00,0x00,0x00,0x00,0x00,0x00,0x00,0x00,0x00,0x00,0x00,0x00,0x00,0x00,0x00,0x00,0x00,0x00,0x00,0x00,0x00,0x00,0x00,0x00,0x00,0x00,0x00,0x61,0x10,0x03,0x79,0x79,0x83,0x83,0x80,0xc6,0x9a,0x9a,0x11,0xaa,0x86,0x86,0x09,0x3e,0x0f,0x20,0x7d,0x09,0x79,0x87,0x82,0xc6,0xc6,0x7a,0x87,0x7d,0x83,0x79,0x09,0x7a,0x10,0x04,0x02,0x00,0x00,0x00,0x00,0x00,0x00,0x00,0x00,0x00,0x00,0x00,0x00,0x00,0x00,0x00,0x00,0x00,0x00,0x00,0x00,0x00,0x00,0x00,0x00,0x00,0x00,0x00,0x00,0x00,0x00,0x00,0x00,0x00,0x00,0x00,0x00,0x00,0x00,0x00,0x00,0x00,0x00,0x00,0x00,0x00,0x00,0x00,0x00,0x00,0x00,0x00,0x00,
    0x00,0x00,0x00,0x00,0x00,0x00,0x00,0x00,0x00,0x00,0x00,0x00,0x00,0x00,0x00,0x00,0x00,0x00,0x00,0x00,0x00,0x00,0x00,0x00,0x00,0x00,0x00,0x00,0x00,0x00,0x00,0x00,0x00,0x00,0x00,0x00,0x00,0x00,0x00,0x00,0x00,0x00,0x00,0x00,0x00,0x00,0x00,0x00,0x00,0x00,0x00,0x00,0x00,0x00,0x04,0x00,0x18,0x70,0x7b,0x86,0x80,0x7c,0x7c,0x7d,0x86,0x84,0x86,0x87,0x86,0x7d,0x7c,0x7c,0x03,0x10,0x5f,0x86,0x7c,0x7d,0x87,0x77,0x84,0x84,0x77,0x84,0x87,0x7c,0x7d,0x84,0x84,0x0c,0x00,0x04,0x00,0x00,0x00,0x00,0x00,0x00,0x00,0x00,0x00,0x00,0x00,0x00,0x00,0x00,0x00,0x00,0x00,0x00,0x00,0x00,0x00,0x00,0x00,0x00,0x00,0x00,0x00,0x00,0x00,0x00,0x00,0x00,0x00,0x00,0x00,0x00,0x00,0x00,0x00,0x00,0x00,0x00,0x00,0x00,0x00,0x00,0x00,0x00,0x00,0x00,0x00,0x00,
    0x00,0x00,0x00,0x00,0x00,0x00,0x00,0x00,0x00,0x00,0x00,0x00,0x00,0x00,0x00,0x00,0x00,0x00,0x00,0x00,0x00,0x00,0x00,0x00,0x00,0x00,0x00,0x00,0x00,0x00,0x00,0x00,0x00,0x00,0x00,0x00,0x00,0x00,0x00,0x00,0x00,0x00,0x00,0x00,0x00,0x00,0x00,0x00,0x00,0x00,0x00,0x00,0x00,0x00,0x04,0x00,0x18,0x0e,0x77,0x03,0x8b,0x86,0x80,0x80,0x80,0x84,0x7a,0x82,0x87,0x7c,0x7a,0x77,0x1c,0x2d,0x5f,0x82,0x8b,0x7c,0x80,0x84,0x84,0x77,0x77,0x84,0x86,0x7c,0x84,0x03,0x84,0x0e,0x1b,0x04,0x01,0x00,0x00,0x00,0x00,0x00,0x00,0x00,0x00,0x00,0x00,0x00,0x00,0x00,0x00,0x00,0x00,0x00,0x00,0x00,0x00,0x00,0x00,0x00,0x00,0x00,0x00,0x00,0x00,0x00,0x00,0x00,0x00,0x00,0x00,0x00,0x00,0x00,0x00,0x00,0x00,0x00,0x00,0x00,0x00,0x00,0x00,0x00,0x00,0x00,0x00,0x00,
    0x00,0x00,0x00,0x00,0x00,0x00,0x00,0x00,0x00,0x00,0x00,0x00,0x00,0x00,0x00,0x00,0x00,0x00,0x00,0x00,0x00,0x00,0x00,0x00,0x00,0x00,0x00,0x00,0x00,0x00,0x00,0x00,0x00,0x00,0x00,0x00,0x00,0x00,0x00,0x00,0x00,0x00,0x00,0x00,0x00,0x00,0x00,0x00,0x00,0x00,0x00,0x00,0x00,0x00,0x04,0x00,0x18,0x08,0x86,0x03,0x7d,0x79,0x7c,0x80,0x80,0x86,0x77,0x82,0x87,0x7d,0x84,0x77,0x08,0x16,0x1c,0x82,0x80,0x79,0x7d,0x7c,0x7c,0x7c,0x7c,0x84,0x86,0x79,0x80,0x03,0x77,0x08,0x2d,0x00,0x04,0x00,0x00,0x00,0x00,0x00,0x00,0x00,0x00,0x00,0x00,0x00,0x00,0x00,0x00,0x00,0x00,0x00,0x00,0x00,0x00,0x00,0x00,0x00,0x00,0x00,0x00,0x00,0x00,0x00,0x00,0x00,0x00,0x00,0x00,0x00,0x00,0x00,0x00,0x00,0x00,0x00,0x00,0x00,0x00,0x00,0x00,0x00,0x00,0x00,0x00,0x00,
    0x00,0x00,0x00,0x00,0x00,0x00,0x00,0x00,0x00,0x00,0x00,0x00,0x00,0x00,0x00,0x00,0x00,0x00,0x00,0x00,0x00,0x00,0x00,0x00,0x00,0x00,0x00,0x00,0x00,0x00,0x00,0x00,0x00,0x00,0x00,0x00,0x00,0x00,0x00,0x00,0x00,0x00,0x00,0x00,0x00,0x00,0x00,0x00,0x00,0x00,0x00,0x00,0x00,0x00,0x04,0x00,0x44,0x08,0x7d,0x79,0x11,0xb0,0x79,0x7d,0x86,0x77,0x87,0x80,0x83,0x7b,0x91,0x86,0x3e,0x0f,0x3e,0x80,0xaa,0xaa,0x83,0x83,0x83,0x79,0x83,0x83,0x83,0xb0,0xde,0x80,0x7a,0x08,0x16,0x00,0x01,0x00,0x00,0x00,0x00,0x00,0x00,0x00,0x00,0x00,0x00,0x00,0x00,0x00,0x00,0x00,0x00,0x00,0x00,0x00,0x00,0x00,0x00,0x00,0x00,0x00,0x00,0x00,0x00,0x00,0x00,0x00,0x00,0x00,0x00,0x00,0x00,0x00,0x00,0x00,0x00,0x00,0x00,0x00,0x00,0x00,0x00,0x00,0x00,0x00,0x00,0x00,
    0x00,0x00,0x00,0x00,0x00,0x00,0x00,0x00,0x00,0x00,0x00,0x00,0x00,0x00,0x00,0x00,0x00,0x00,0x00,0x00,0x00,0x00,0x00,0x00,0x00,0x00,0x00,0x00,0x00,0x00,0x00,0x00,0x00,0x00,0x00,0x00,0x00,0x00,0x00,0x00,0x00,0x00,0x00,0x00,0x00,0x00,0x00,0x00,0x00,0x00,0x00,0x00,0x00,0x00,0x04,0x00,0x44,0x08,0x7d,0x79,0xb1,0xce,0xca,0xb5,0xa8,0x8b,0xaa,0xb1,0xb5,0xcd,0xde,0x79,0x20,0x0b,0x08,0x83,0xb1,0xce,0xe1,0xb9,0xb0,0xcb,0xb0,0xb9,0xb5,0xcd,0xdc,0x80,0x82,0x08,0x2d,0x00,0x04,0x00,0x00,0x00,0x00,0x00,0x00,0x00,0x00,0x00,0x00,0x00,0x00,0x00,0x00,0x00,0x00,0x00,0x00,0x00,0x00,0x00,0x00,0x00,0x00,0x00,0x00,0x00,0x00,0x00,0x00,0x00,0x00,0x00,0x00,0x00,0x00,0x00,0x00,0x00,0x00,0x00,0x00,0x00,0x00,0x00,0x00,0x00,0x00,0x00,0x00,0x00,
    0x00,0x00,0x00,0x00,0x00,0x00,0x00,0x00,0x00,0x00,0x00,0x00,0x00,0x00,0x00,0x00,0x00,0x00,0x00,0x00,0x00,0x00,0x00,0x00,0x00,0x00,0x00,0x00,0x00,0x00,0x00,0x00,0x00,0x00,0x00,0x00,0x00,0x00,0x00,0x00,0x00,0x00,0x00,0x00,0x00,0x00,0x00,0x00,0x00,0x00,0x00,0x00,0x00,0x00,0x04,0x00,0x18,0x08,0x80,0x03,0x7d,0xaa,0x91,0xb9,0xe4,0xf9,0xf9,0xb9,0xb0,0xb0,0x79,0x7c,0x0c,0x00,0x0e,0x7c,0x79,0xaa,0xb0,0xb9,0xd4,0xf9,0xe4,0xe1,0xcb,0x11,0x7d,0x03,0x7a,0x0e,0x18,0x00,0x04,0x00,0x00,0x00,0x00,0x00,0x00,0x00,0x00,0x00,0x00,0x00,0x00,0x00,0x00,0x00,0x00,0x00,0x00,0x00,0x00,0x00,0x00,0x00,0x00,0x00,0x00,0x00,0x00,0x00,0x00,0x00,0x00,0x00,0x00,0x00,0x00,0x00,0x00,0x00,0x00,0x00,0x00,0x00,0x00,0x00,0x00,0x00,0x00,0x00,0x00,0x00,
    0x00,0x00,0x00,0x00,0x00,0x00,0x00,0x00,0x00,0x00,0x00,0x00,0x00,0x00,0x00,0x00,0x00,0x00,0x00,0x00,0x00,0x00,0x00,0x00,0x00,0x00,0x00,0x00,0x00,0x00,0x00,0x00,0x00,0x00,0x00,0x00,0x00,0x00,0x00,0x00,0x00,0x00,0x00,0x00,0x00,0x00,0x00,0x00,0x00,0x00,0x00,0x00,0x00,0x00,0x04,0x00,0x18,0x08,0x84,0x03,0x7c,0xa8,0xce,0xce,0xb9,0xb0,0xb9,0xe1,0xdc,0x91,0x09,0x7c,0x0c,0x01,0x0c,0x7c,0x09,0xaa,0xca,0xce,0xe1,0x91,0xb1,0xca,0xce,0xa8,0x79,0x09,0x84,0x08,0x2d,0x00,0x04,0x00,0x00,0x00,0x00,0x00,0x00,0x00,0x00,0x00,0x00,0x00,0x00,0x00,0x00,0x00,0x00,0x00,0x00,0x00,0x00,0x00,0x00,0x00,0x00,0x00,0x00,0x00,0x00,0x00,0x00,0x00,0x00,0x00,0x00,0x00,0x00,0x00,0x00,0x00,0x00,0x00,0x00,0x00,0x00,0x00,0x00,0x00,0x00,0x00,0x00,0x00,
    0x00,0x00,0x00,0x00,0x00,0x00,0x00,0x00,0x00,0x00,0x00,0x00,0x00,0x00,0x00,0x00,0x00,0x00,0x00,0x00,0x00,0x00,0x00,0x00,0x00,0x00,0x00,0x00,0x00,0x00,0x00,0x00,0x00,0x00,0x00,0x00,0x00,0x00,0x00,0x00,0x00,0x00,0x00,0x00,0x00,0x00,0x00,0x00,0x00,0x00,0x00,0x00,0x00,0x00,0x02,0x01,0x0b,0x0e,0x82,0x84,0x91,0xd7,0xcd,0xb1,0x83,0x83,0x83,0xb1,0xd7,0xb5,0x79,0x7c,0x0c,0x00,0x0c,0x86,0x09,0xce,0xd7,0xb9,0x7d,0x7d,0x83,0x91,0xe9,0xcd,0x91,0x09,0x77,0x0e,0x0b,0x01,0x02,0x00,0x00,0x00,0x00,0x00,0x00,0x00,0x00,0x00,0x00,0x00,0x00,0x00,0x00,0x00,0x00,0x00,0x00,0x00,0x00,0x00,0x00,0x00,0x00,0x00,0x00,0x00,0x00,0x00,0x00,0x00,0x00,0x00,0x00,0x00,0x00,0x00,0x00,0x00,0x00,0x00,0x00,0x00,0x00,0x00,0x00,0x00,0x00,0x00,0x00,0x00,
    0x00,0x00,0x00,0x00,0x00,0x00,0x00,0x00,0x00,0x00,0x00,0x00,0x00,0x00,0x00,0x00,0x00,0x00,0x00,0x00,0x00,0x00,0x00,0x00,0x00,0x00,0x00,0x00,0x00,0x00,0x00,0x00,0x00,0x00,0x00,0x00,0x00,0x00,0x00,0x00,0x00,0x00,0x00,0x00,0x00,0x00,0x00,0x00,0x00,0x00,0x00,0x00,0x00,0x00,0x00,0x04,0x00,0x0f,0x82,0x09,0x87,0x86,0xb0,0xcd,0xe1,0xb0,0xe1,0xe9,0x91,0x82,0x86,0x1c,0x16,0x00,0x0c,0x82,0x03,0xaa,0xcb,0xca,0xcd,0xb1,0xb5,0xd7,0xdc,0x86,0x87,0x09,0x77,0x0f,0x00,0x04,0x00,0x00,0x00,0x00,0x00,0x00,0x00,0x00,0x00,0x00,0x00,0x00,0x00,0x00,0x00,0x00,0x00,0x00,0x00,0x00,0x00,0x00,0x00,0x00,0x00,0x00,0x00,0x00,0x00,0x00,0x00,0x00,0x00,0x00,0x00,0x00,0x00,0x00,0x00,0x00,0x00,0x00,0x00,0x00,0x00,0x00,0x00,0x00,0x00,0x00,0x00,0x00,
    0x00,0x00,0x00,0x00,0x00,0x00,0x00,0x00,0x00,0x00,0x00,0x00,0x00,0x00,0x00,0x00,0x00,0x00,0x00,0x00,0x00,0x00,0x00,0x00,0x00,0x00,0x00,0x00,0x00,0x00,0x00,0x00,0x00,0x00,0x00,0x00,0x00,0x00,0x00,0x00,0x00,0x00,0x00,0x00,0x00,0x00,0x00,0x00,0x00,0x00,0x00,0x00,0x00,0x00,0x00,0x04,0x01,0x0f,0x87,0x09,0x7d,0x83,0x83,0xa8,0xfd,0xf9,0xd7,0xaa,0x83,0x7c,0x82,0x55,0x1b,0x00,0x0c,0x84,0x03,0x7c,0x83,0x84,0xe4,0xe4,0xe4,0xb5,0x83,0x83,0x79,0x84,0x82,0x0f,0x01,0x04,0x00,0x00,0x00,0x00,0x00,0x00,0x00,0x00,0x00,0x00,0x00,0x00,0x00,0x00,0x00,0x00,0x00,0x00,0x00,0x00,0x00,0x00,0x00,0x00,0x00,0x00,0x00,0x00,0x00,0x00,0x00,0x00,0x00,0x00,0x00,0x00,0x00,0x00,0x00,0x00,0x00,0x00,0x00,0x00,0x00,0x00,0x00,0x00,0x00,0x00,0x00,0x00,
    0x00,0x00,0x00,0x00,0x00,0x00,0x00,0x00,0x00,0x00,0x00,0x00,0x00,0x00,0x00,0x00,0x00,0x00,0x00,0x00,0x00,0x00,0x00,0x00,0x00,0x00,0x00,0x00,0x00,0x00,0x00,0x00,0x00,0x00,0x00,0x00,0x00,0x00,0x00,0x00,0x00,0x00,0x00,0x00,0x00,0x00,0x00,0x00,0x00,0x00,0x00,0x00,0x00,0x00,0x00,0x04,0x00,0x0f,0x7c,0x09,0x79,0xde,0xce,0xce,0xa8,0x80,0xb1,0xcd,0xe1,0x84,0x77,0x55,0x1f,0x1f,0x10,0x7c,0x09,0x87,0xb5,0xcd,0xdc,0x7d,0x87,0xb5,0xcd,0xb1,0x7c,0x03,0x7a,0x0f,0x00,0x04,0x00,0x00,0x00,0x00,0x00,0x00,0x00,0x00,0x00,0x00,0x00,0x00,0x00,0x00,0x00,0x00,0x00,0x00,0x00,0x00,0x00,0x00,0x00,0x00,0x00,0x00,0x00,0x00,0x00,0x00,0x00,0x00,0x00,0x00,0x00,0x00,0x00,0x00,0x00,0x00,0x00,0x00,0x00,0x00,0x00,0x00,0x00,0x00,0x00,0x00,0x00,0x00,
    0x00,0x00,0x00,0x00,0x00,0x00,0x00,0x00,0x00,0x00,0x00,0x00,0x00,0x00,0x00,0x00,0x00,0x00,0x00,0x00,0x00,0x00,0x00,0x00,0x00,0x00,0x00,0x00,0x00,0x00,0x00,0x00,0x00,0x00,0x00,0x00,0x00,0x00,0x00,0x00,0x00,0x00,0x00,0x00,0x00,0x00,0x00,0x00,0x00,0x00,0x00,0x00,0x00,0x00,0x01,0x02,0x01,0x08,0x7d,0x09,0x79,0xb5,0xe4,0xb5,0x84,0x83,0x77,0xce,0xfd,0xb0,0x87,0x1c,0x16,0x01,0x0c,0x7c,0x09,0x91,0xd7,0xe9,0xaa,0x83,0x80,0xdc,0xe4,0xce,0x84,0x03,0x77,0x0f,0x00,0x04,0x00,0x00,0x00,0x00,0x00,0x00,0x00,0x00,0x00,0x00,0x00,0x00,0x00,0x00,0x00,0x00,0x00,0x00,0x00,0x00,0x00,0x00,0x00,0x00,0x00,0x00,0x00,0x00,0x00,0x00,0x00,0x00,0x00,0x00,0x00,0x00,0x00,0x00,0x00,0x00,0x00,0x00,0x00,0x00,0x00,0x00,0x00,0x00,0x00,0x00,0x00,0x00,
    0x00,0x00,0x00,0x00,0x00,0x00,0x00,0x00,0x00,0x00,0x00,0x00,0x00,0x00,0x00,0x00,0x00,0x00,0x00,0x00,0x00,0x00,0x00,0x00,0x00,0x00,0x00,0x00,0x00,0x00,0x00,0x00,0x00,0x00,0x00,0x00,0x00,0x00,0x00,0x00,0x00,0x00,0x00,0x00,0x00,0x00,0x00,0x00,0x00,0x00,0x00,0x00,0x00,0x00,0x01,0x00,0x18,0x1c,0x7d,0x80,0x7c,0x79,0x87,0xb5,0xd7,0xca,0xd7,0xb5,0x7c,0x7d,0x86,0x7d,0x0c,0x00,0x0c,0x7d,0x09,0x7d,0x83,0xa8,0xd7,0xe9,0xe9,0xca,0x91,0x83,0x87,0x86,0x80,0x3e,0x1f,0x01,0x01,0x00,0x00,0x00,0x00,0x00,0x00,0x00,0x00,0x00,0x00,0x00,0x00,0x00,0x00,0x00,0x00,0x00,0x00,0x00,0x00,0x00,0x00,0x00,0x00,0x00,0x00,0x00,0x00,0x00,0x00,0x00,0x00,0x00,0x00,0x00,0x00,0x00,0x00,0x00,0x00,0x00,0x00,0x00,0x00,0x00,0x00,0x00,0x00,0x00,0x00,0x00,
    0x00,0x00,0x00,0x00,0x00,0x00,0x00,0x00,0x00,0x00,0x00,0x00,0x00,0x00,0x00,0x00,0x00,0x00,0x00,0x00,0x00,0x00,0x00,0x00,0x00,0x00,0x00,0x00,0x00,0x00,0x00,0x00,0x00,0x00,0x00,0x00,0x00,0x00,0x00,0x00,0x00,0x00,0x00,0x00,0x00,0x00,0x00,0x00,0x00,0x00,0x00,0x00,0x00,0x00,0x01,0x01,0x0f,0x55,0x86,0x80,0x7c,0x7d,0xb0,0xb5,0xce,0xb9,0xca,0xb9,0xcb,0x83,0x09,0x7d,0x0c,0x00,0x0c,0x7d,0x09,0x83,0xcb,0xb5,0xcd,0xb9,0xb9,0xca,0xa8,0x79,0x79,0x7d,0x7d,0x1c,0x1f,0x00,0x01,0x00,0x00,0x00,0x00,0x00,0x00,0x00,0x00,0x00,0x00,0x00,0x00,0x00,0x00,0x00,0x00,0x00,0x00,0x00,0x00,0x00,0x00,0x00,0x00,0x00,0x00,0x00,0x00,0x00,0x00,0x00,0x00,0x00,0x00,0x00,0x00,0x00,0x00,0x00,0x00,0x00,0x00,0x00,0x00,0x00,0x00,0x00,0x00,0x00,0x00,0x00,
    0x00,0x00,0x00,0x00,0x00,0x00,0x00,0x00,0x00,0x00,0x00,0x00,0x00,0x00,0x00,0x00,0x00,0x00,0x00,0x00,0x00,0x00,0x00,0x00,0x00,0x00,0x00,0x00,0x00,0x00,0x00,0x00,0x00,0x00,0x00,0x00,0x00,0x00,0x00,0x00,0x00,0x00,0x00,0x00,0x00,0x00,0x00,0x00,0x00,0x00,0x00,0x00,0x00,0x00,0x04,0x00,0x10,0x03,0x03,0x87,0x86,0xca,0xcd,0xcd,0xb5,0xb1,0xb5,0xe9,0xe9,0xb1,0x79,0x7c,0x0c,0x00,0x10,0x7c,0x09,0xb1,0xd7,0xcd,0xca,0xdc,0xdc,0xce,0xe9,0xe9,0x84,0x7d,0x80,0x1c,0x16,0x00,0x01,0x00,0x00,0x00,0x00,0x00,0x00,0x00,0x00,0x00,0x00,0x00,0x00,0x00,0x00,0x00,0x00,0x00,0x00,0x00,0x00,0x00,0x00,0x00,0x00,0x00,0x00,0x00,0x00,0x00,0x00,0x00,0x00,0x00,0x00,0x00,0x00,0x00,0x00,0x00,0x00,0x00,0x00,0x00,0x00,0x00,0x00,0x00,0x00,0x00,0x00,0x00,
    0x00,0x00,0x00,0x00,0x00,0x00,0x00,0x00,0x00,0x00,0x00,0x00,0x00,0x00,0x00,0x00,0x00,0x00,0x00,0x00,0x00,0x00,0x00,0x00,0x00,0x00,0x00,0x00,0x00,0x00,0x00,0x00,0x00,0x00,0x00,0x00,0x00,0x00,0x00,0x00,0x00,0x00,0x00,0x00,0x00,0x00,0x00,0x00,0x00,0x00,0x00,0x00,0x00,0x00,0x04,0x00,0x0f,0x84,0x09,0x84,0x7b,0xb1,0x7c,0x7b,0xa8,0xa8,0xa8,0x8b,0xcb,0xa8,0x09,0x7c,0x20,0x02,0x08,0x86,0x87,0xa8,0xb0,0x80,0xa8,0xa8,0xa8,0xb0,0x80,0xa8,0x8b,0x84,0x09,0x7c,0x0c,0x00,0x04,0x00,0x00,0x00,0x00,0x00,0x00,0x00,0x00,0x00,0x00,0x00,0x00,0x00,0x00,0x00,0x00,0x00,0x00,0x00,0x00,0x00,0x00,0x00,0x00,0x00,0x00,0x00,0x00,0x00,0x00,0x00,0x00,0x00,0x00,0x00,0x00,0x00,0x00,0x00,0x00,0x00,0x00,0x00,0x00,0x00,0x00,0x00,0x00,0x00,0x00,0x00,
    0x00,0x00,0x00,0x00,0x00,0x00,0x00,0x00,0x00,0x00,0x00,0x00,0x00,0x00,0x00,0x00,0x00,0x00,0x00,0x00,0x00,0x00,0x00,0x00,0x00,0x00,0x00,0x00,0x00,0x00,0x00,0x00,0x00,0x00,0x00,0x00,0x00,0x00,0x00,0x00,0x00,0x00,0x00,0x00,0x00,0x00,0x00,0x00,0x00,0x00,0x00,0x00,0x00,0x00,0x04,0x00,0x08,0x84,0x86,0x7c,0x7d,0x83,0x79,0x79,0x83,0x83,0x83,0x79,0x79,0x83,0x09,0x7d,0x0e,0x1b,0x84,0x7a,0x82,0x7c,0x83,0x79,0x83,0x79,0x83,0x83,0x79,0x83,0x7d,0x7c,0x09,0x7c,0x0c,0x00,0x04,0x00,0x00,0x00,0x00,0x00,0x00,0x00,0x00,0x00,0x00,0x00,0x00,0x00,0x00,0x00,0x00,0x00,0x00,0x00,0x00,0x00,0x00,0x00,0x00,0x00,0x00,0x00,0x00,0x00,0x00,0x00,0x00,0x00,0x00,0x00,0x00,0x00,0x00,0x00,0x00,0x00,0x00,0x00,0x00,0x00,0x00,0x00,0x00,0x00,0x00,0x00,
    0x00,0x00,0x00,0x00,0x00,0x00,0x00,0x00,0x00,0x00,0x00,0x00,0x00,0x00,0x00,0x00,0x00,0x00,0x00,0x00,0x00,0x00,0x00,0x00,0x00,0x00,0x00,0x00,0x00,0x00,0x00,0x00,0x00,0x00,0x00,0x00,0x00,0x00,0x00,0x00,0x00,0x00,0x00,0x00,0x00,0x00,0x00,0x00,0x00,0x00,0x00,0x00,0x00,0x00,0x04,0x00,0x0e,0x87,0x03,0x7d,0x7d,0x7c,0x7d,0x7d,0x7c,0x7c,0x7c,0x7d,0x7d,0x7c,0x09,0x7d,0x20,0x0b,0x7c,0x7a,0x84,0x86,0x7d,0x7d,0x7c,0x7d,0x7c,0x7c,0x7d,0x7c,0x7d,0x7d,0x09,0x86,0x0c,0x00,0x04,0x00,0x00,0x00,0x00,0x00,0x00,0x00,0x00,0x00,0x00,0x00,0x00,0x00,0x00,0x00,0x00,0x00,0x00,0x00,0x00,0x00,0x00,0x00,0x00,0x00,0x00,0x00,0x00,0x00,0x00,0x00,0x00,0x00,0x00,0x00,0x00,0x00,0x00,0x00,0x00,0x00,0x00,0x00,0x00,0x00,0x00,0x00,0x00,0x00,0x00,0x00,
    0x00,0x00,0x00,0x00,0x00,0x00,0x00,0x00,0x00,0x00,0x00,0x00,0x00,0x00,0x00,0x00,0x00,0x00,0x00,0x00,0x00,0x00,0x00,0x00,0x00,0x00,0x00,0x00,0x00,0x00,0x00,0x00,0x00,0x00,0x00,0x00,0x00,0x00,0x00,0x00,0x00,0x00,0x00,0x00,0x00,0x00,0x00,0x00,0x00,0x00,0x00,0x00,0x00,0x01,0x01,0x16,0x1c,0x7d,0x7d,0x7d,0x7d,0x7d,0x7d,0x7d,0x7d,0x7d,0x7d,0x7d,0x7d,0x7d,0x09,0x7c,0x08,0x2c,0x7d,0x84,0x7c,0x7d,0x7d,0x7d,0x7d,0x7d,0x7d,0x7d,0x7d,0x7d,0x7d,0x87,0x03,0x87,0x0c,0x00,0x04,0x00,0x00,0x00,0x00,0x00,0x00,0x00,0x00,0x00,0x00,0x00,0x00,0x00,0x00,0x00,0x00,0x00,0x00,0x00,0x00,0x00,0x00,0x00,0x00,0x00,0x00,0x00,0x00,0x00,0x00,0x00,0x00,0x00,0x00,0x00,0x00,0x00,0x00,0x00,0x00,0x00,0x00,0x00,0x00,0x00,0x00,0x00,0x00,0x00,0x00,0x00,
    0x00,0x00,0x00,0x00,0x00,0x00,0x00,0x00,0x00,0x00,0x00,0x00,0x00,0x00,0x00,0x00,0x00,0x00,0x00,0x00,0x00,0x00,0x00,0x00,0x00,0x00,0x00,0x00,0x00,0x00,0x00,0x00,0x00,0x00,0x00,0x00,0x00,0x00,0x00,0x00,0x00,0x00,0x00,0x00,0x00,0x00,0x00,0x00,0x00,0x00,0x00,0x00,0x00,0x02,0x00,0x0b,0x7c,0x7d,0x7d,0x7d,0x7d,0x7d,0x7d,0x7d,0x7d,0x7d,0x7d,0x7d,0x7d,0x7d,0x7c,0x84,0x1c,0x20,0x7d,0x09,0x7d,0x7d,0x7d,0x7d,0x7d,0x7d,0x7d,0x7d,0x7d,0x7d,0x7c,0x77,0x03,0x7c,0x10,0x00,0x04,0x00,0x00,0x00,0x00,0x00,0x00,0x00,0x00,0x00,0x00,0x00,0x00,0x00,0x00,0x00,0x00,0x00,0x00,0x00,0x00,0x00,0x00,0x00,0x00,0x00,0x00,0x00,0x00,0x00,0x00,0x00,0x00,0x00,0x00,0x00,0x00,0x00,0x00,0x00,0x00,0x00,0x00,0x00,0x00,0x00,0x00,0x00,0x00,0x00,0x00,0x00,
    0x00,0x00,0x00,0x00,0x00,0x00,0x00,0x00,0x00,0x00,0x00,0x00,0x00,0x00,0x00,0x00,0x00,0x00,0x00,0x00,0x00,0x00,0x00,0x00,0x00,0x00,0x00,0x00,0x00,0x00,0x00,0x00,0x00,0x00,0x00,0x00,0x00,0x00,0x00,0x00,0x00,0x00,0x00,0x00,0x00,0x00,0x00,0x00,0x00,0x00,0x00,0x00,0x00,0x01,0x02,0x1b,0x3e,0x84,0x09,0x7d,0x7d,0x7d,0x7d,0x7d,0x7d,0x7d,0x7d,0x7d,0x7d,0x7d,0x7d,0x7c,0x55,0x20,0x7c,0x09,0x7d,0x7d,0x7d,0x7d,0x7d,0x7d,0x7d,0x7d,0x7d,0x7d,0x87,0x84,0x09,0x87,0x0e,0x00,0x04,0x00,0x00,0x00,0x00,0x00,0x00,0x00,0x00,0x00,0x00,0x00,0x00,0x00,0x00,0x00,0x00,0x00,0x00,0x00,0x00,0x00,0x00,0x00,0x00,0x00,0x00,0x00,0x00,0x00,0x00,0x00,0x00,0x00,0x00,0x00,0x00,0x00,0x00,0x00,0x00,0x00,0x00,0x00,0x00,0x00,0x00,0x00,0x00,0x00,0x00,0x00,
    0x00,0x00,0x00,0x00,0x00,0x00,0x00,0x00,0x00,0x00,0x00,0x00,0x00,0x00,0x00,0x00,0x00,0x00,0x00,0x00,0x00,0x00,0x00,0x00,0x00,0x00,0x00,0x00,0x00,0x00,0x00,0x00,0x00,0x00,0x00,0x00,0x00,0x00,0x00,0x00,0x00,0x00,0x00,0x00,0x00,0x00,0x00,0x00,0x00,0x00,0x00,0x00,0x00,0x00,0x02,0x1f,0x3e,0x82,0x77,0x80,0x7d,0x7d,0x79,0x7d,0x7d,0x7d,0x7d,0x7d,0x7d,0x7d,0x7d,0x87,0x55,0x20,0x82,0x87,0x7c,0x7d,0x79,0x79,0x79,0x79,0x79,0x79,0x7d,0x7d,0x7c,0x80,0x03,0x82,0x08,0x00,0x04,0x00,0x00,0x00,0x00,0x00,0x00,0x00,0x00,0x00,0x00,0x00,0x00,0x00,0x00,0x00,0x00,0x00,0x00,0x00,0x00,0x00,0x00,0x00,0x00,0x00,0x00,0x00,0x00,0x00,0x00,0x00,0x00,0x00,0x00,0x00,0x00,0x00,0x00,0x00,0x00,0x00,0x00,0x00,0x00,0x00,0x00,0x00,0x00,0x00,0x00,0x00,
    0x00,0x00,0x00,0x00,0x00,0x00,0x00,0x00,0x00,0x00,0x00,0x00,0x00,0x00,0x00,0x00,0x00,0x00,0x00,0x00,0x00,0x00,0x00,0x00,0x00,0x00,0x00,0x00,0x00,0x00,0x00,0x00,0x00,0x00,0x00,0x00,0x00,0x00,0x00,0x00,0x00,0x00,0x00,0x00,0x00,0x00,0x00,0x00,0x00,0x00,0x00,0x00,0x00,0x00,0x04,0x04,0x0e,0x82,0x03,0x8b,0x8b,0x84,0x87,0x84,0x87,0x87,0x84,0x86,0x86,0x84,0x8b,0x8b,0x1c,0x0f,0x03,0x7b,0x7b,0x82,0x84,0x84,0x7a,0x7a,0x84,0x84,0x86,0x87,0x77,0xaa,0x5f,0x84,0x2c,0x00,0x04,0x00,0x00,0x00,0x00,0x00,0x00,0x00,0x00,0x00,0x00,0x00,0x00,0x00,0x00,0x00,0x00,0x00,0x00,0x00,0x00,0x00,0x00,0x00,0x00,0x00,0x00,0x00,0x00,0x00,0x00,0x00,0x00,0x00,0x00,0x00,0x00,0x00,0x00,0x00,0x00,0x00,0x00,0x00,0x00,0x00,0x00,0x00,0x00,0x00,0x00,0x00,
    0x00,0x00,0x00,0x00,0x00,0x00,0x00,0x00,0x00,0x00,0x00,0x00,0x00,0x00,0x00,0x00,0x00,0x00,0x00,0x00,0x00,0x00,0x00,0x00,0x00,0x00,0x00,0x00,0x00,0x00,0x00,0x00,0x00,0x00,0x00,0x00,0x00,0x00,0x00,0x00,0x00,0x00,0x00,0x00,0x00,0x00,0x00,0x00,0x00,0x00,0x00,0x00,0x00,0x00,0x04,0x00,0x2e,0x8b,0x5f,0x11,0x11,0x11,0x9a,0xaa,0x91,0x7b,0x8b,0x91,0x11,0x11,0x11,0x9a,0x42,0x0b,0x87,0x11,0x11,0x11,0x11,0xaa,0xaa,0xaa,0x91,0xaa,0xaa,0x9a,0x11,0x11,0x11,0x80,0x18,0x00,0x04,0x00,0x00,0x00,0x00,0x00,0x00,0x00,0x00,0x00,0x00,0x00,0x00,0x00,0x00,0x00,0x00,0x00,0x00,0x00,0x00,0x00,0x00,0x00,0x00,0x00,0x00,0x00,0x00,0x00,0x00,0x00,0x00,0x00,0x00,0x00,0x00,0x00,0x00,0x00,0x00,0x00,0x00,0x00,0x00,0x00,0x00,0x00,0x00,0x00,0x00,0x00,
    0x00,0x00,0x00,0x00,0x00,0x00,0x00,0x00,0x00,0x00,0x00,0x00,0x00,0x00,0x00,0x00,0x00,0x00,0x00,0x00,0x00,0x00,0x00,0x00,0x00,0x00,0x00,0x00,0x00,0x00,0x00,0x00,0x00,0x00,0x00,0x00,0x00,0x00,0x00,0x00,0x00,0x00,0x00,0x00,0x00,0x00,0x00,0x00,0x00,0x00,0x00,0x00,0x00,0x00,0x02,0x00,0x16,0x0e,0x8b,0x9a,0x9a,0x11,0x11,0x11,0xaa,0xaa,0x9a,0x11,0x11,0x11,0x9a,0x7b,0x10,0x1f,0x08,0x9a,0x9a,0x9a,0x11,0x9a,0xaa,0x7b,0x7b,0xaa,0x11,0x11,0x11,0x9a,0x7a,0x2c,0x00,0x02,0x00,0x00,0x00,0x00,0x00,0x00,0x00,0x00,0x00,0x00,0x00,0x00,0x00,0x00,0x00,0x00,0x00,0x00,0x00,0x00,0x00,0x00,0x00,0x00,0x00,0x00,0x00,0x00,0x00,0x00,0x00,0x00,0x00,0x00,0x00,0x00,0x00,0x00,0x00,0x00,0x00,0x00,0x00,0x00,0x00,0x00,0x00,0x00,0x00,0x00,0x00,0x00,
    0x00,0x00,0x00,0x00,0x00,0x00,0x00,0x00,0x00,0x00,0x00,0x00,0x00,0x00,0x00,0x00,0x00,0x00,0x00,0x00,0x00,0x00,0x00,0x00,0x00,0x00,0x00,0x00,0x00,0x00,0x00,0x00,0x00,0x00,0x00,0x00,0x00,0x00,0x00,0x00,0x00,0x00,0x00,0x00,0x00,0x00,0x00,0x00,0x00,0x00,0x00,0x00,0x00,0x00,0x00,0x00,0x07,0x16,0x2d,0x0e,0x08,0x3e,0x1c,0x7b,0xaa,0x9a,0x11,0xc6,0x55,0x42,0x08,0x10,0x00,0x02,0x2d,0x20,0x08,0x42,0x5f,0x91,0xaa,0x8b,0x82,0x7b,0x7a,0x1c,0x0e,0x0e,0x10,0x00,0x02,0x00,0x00,0x00,0x00,0x00,0x00,0x00,0x00,0x00,0x00,0x00,0x00,0x00,0x00,0x00,0x00,0x00,0x00,0x00,0x00,0x00,0x00,0x00,0x00,0x00,0x00,0x00,0x00,0x00,0x00,0x00,0x00,0x00,0x00,0x00,0x00,0x00,0x00,0x00,0x00,0x00,0x00,0x00,0x00,0x00,0x00,0x00,0x00,0x00,0x00,0x00,0x00,0x00,
    0x00,0x00,0x00,0x00,0x00,0x00,0x00,0x00,0x00,0x00,0x00,0x00,0x00,0x00,0x00,0x00,0x00,0x00,0x00,0x00,0x00,0x00,0x00,0x00,0x00,0x00,0x00,0x00,0x00,0x00,0x00,0x00,0x00,0x00,0x00,0x00,0x00,0x00,0x00,0x00,0x00,0x00,0x00,0x00,0x00,0x00,0x00,0x00,0x00,0x00,0x00,0x00,0x00,0x00,0x00,0x00,0x00,0x00,0x00,0x00,0x00,0x04,0x16,0x0b,0x0b,0x0b,0x16,0x0b,0x16,0x1b,0x00,0x00,0x02,0x00,0x00,0x1b,0x00,0x1b,0x16,0x0b,0x0b,0x0b,0x0b,0x0b,0x0b,0x16,0x00,0x04,0x1f,0x02,0x01,0x00,0x00,0x00,0x00,0x00,0x00,0x00,0x00,0x00,0x00,0x00,0x00,0x00,0x00,0x00,0x00,0x00,0x00,0x00,0x00,0x00,0x00,0x00,0x00,0x00,0x00,0x00,0x00,0x00,0x00,0x00,0x00,0x00,0x00,0x00,0x00,0x00,0x00,0x00,0x00,0x00,0x00,0x00,0x00,0x00,0x00,0x00,0x00,0x00,0x00,0x00,0x00,0x00,
    0x00,0x00,0x00,0x00,0x00,0x00,0x00,0x00,0x00,0x00,0x00,0x00,0x00,0x00,0x00,0x00,0x00,0x00,0x00,0x00,0x00,0x00,0x00,0x00,0x00,0x00,0x00,0x00,0x00,0x00,0x00,0x00,0x00,0x00,0x00,0x00,0x00,0x00,0x00,0x00,0x00,0x00,0x00,0x00,0x00,0x00,0x00,0x00,0x00,0x00,0x00,0x00,0x00,0x00,0x00,0x00,0x00,0x02,0x04,0x04,0x04,0x00,0x00,0x00,0x00,0x00,0x00,0x00,0x00,0x00,0x04,0x04,0x00,0x00,0x00,0x00,0x01,0x00,0x00,0x00,0x00,0x00,0x00,0x00,0x00,0x00,0x04,0x00,0x00,0x00,0x00,0x00,0x00,0x00,0x00,0x00,0x00,0x00,0x00,0x00,0x00,0x00,0x00,0x00,0x00,0x00,0x00,0x00,0x00,0x00,0x00,0x00,0x00,0x00,0x00,0x00,0x00,0x00,0x00,0x00,0x00,0x00,0x00,0x00,0x00,0x00,0x00,0x00,0x00,0x00,0x00,0x00,0x00,0x00,0x00,0x00,0x00,0x00,0x00,0x00,0x00,0x00,0x00,0x00,

};

const lv_image_dsc_t passport_pet_running_4 = {
  .header = {
    .magic = LV_IMAGE_HEADER_MAGIC,
    .cf = LV_COLOR_FORMAT_I8,
    .flags = 0,
    .w = 144,
    .h = 156,
    .stride = 144,
    .reserved_2 = 0,
  },
  .data_size = sizeof(passport_pet_running_4_map),
  .data = passport_pet_running_4_map,
  .reserved = NULL,
};
