
#if defined(LV_LVGL_H_INCLUDE_SIMPLE)
#include "lvgl.h"
#elif defined(LV_LVGL_H_INCLUDE_SYSTEM)
#include <lvgl.h>
#elif defined(LV_BUILD_TEST)
#include "../lvgl.h"
#else
#include "lvgl/lvgl.h"
#endif

#ifndef LV_ATTRIBUTE_MEM_ALIGN
#define LV_ATTRIBUTE_MEM_ALIGN
#endif

#ifndef LV_ATTRIBUTE_PASSPORT_PET_WAVING_1
#define LV_ATTRIBUTE_PASSPORT_PET_WAVING_1
#endif

static const
LV_ATTRIBUTE_MEM_ALIGN LV_ATTRIBUTE_LARGE_CONST LV_ATTRIBUTE_PASSPORT_PET_WAVING_1
uint8_t passport_pet_waving_1_map[] = {

    0x4c,0x70,0x47,0x00,0x0f,0x00,0x0b,0x01,0xf5,0xff,0xe5,0x01,0x15,0x11,0x0d,0x02,
    0xa1,0xad,0xa7,0x03,0xef,0xfe,0xfe,0x02,0x1a,0x16,0x18,0xfc,0x7f,0x77,0x72,0x02,
    0x20,0x1b,0x1c,0xfc,0x19,0x12,0x15,0x23,0x18,0x14,0x15,0xc3,0x14,0x0e,0x0f,0x60,
    0x1a,0x14,0x15,0x9f,0xe3,0xf3,0xfd,0xfe,0xf6,0xfa,0xff,0xfd,0xde,0xe6,0xed,0x35,
    0xc3,0xdb,0xe9,0xfe,0xa6,0xb9,0xca,0xfe,0x1c,0x13,0x17,0x3b,0xdc,0xdc,0xe4,0xfe,
    0xb6,0xbf,0xbe,0x0b,0x1b,0x14,0x16,0xab,0x23,0x20,0x22,0x0f,0xe7,0xf0,0xf5,0xb7,
    0xd0,0xe2,0xd6,0x05,0x1d,0x16,0x16,0x15,0x13,0x10,0x13,0xfd,0xc0,0xcc,0xd0,0x76,
    0xda,0xe2,0xe5,0x55,0xd4,0xe6,0xf2,0xfe,0xd2,0xdd,0xe9,0x18,0x18,0x13,0x14,0xd3,
    0x1b,0x15,0x14,0x4e,0x18,0x13,0x14,0xb7,0xa9,0xac,0xae,0x34,0xa1,0x9f,0xa6,0xff,
    0xb5,0xcc,0xd8,0xfe,0xce,0xe0,0xe0,0x11,0x14,0x0f,0x0f,0x2b,0x81,0x93,0x92,0x23,
    0xea,0xf2,0xf5,0x7d,0xb9,0xd1,0xd2,0x8c,0x98,0xa3,0xac,0xbd,0xab,0x6c,0x0a,0xfe,
    0x1d,0x18,0x19,0xf0,0xcf,0xd1,0xda,0xfd,0x1f,0x1f,0x21,0x09,0xf8,0xfb,0xfd,0xb9,
    0x1d,0x16,0x19,0xe3,0xdf,0xed,0xf1,0x24,0x87,0x85,0x8d,0xfe,0x88,0x8b,0x95,0xfe,
    0xba,0xd0,0xd5,0xce,0xec,0xf3,0xf6,0x41,0xec,0xf3,0xf7,0x93,0xf2,0xf7,0xfa,0xdb,
    0x9b,0xa6,0xaa,0x67,0x19,0x12,0x14,0x7d,0x1e,0x18,0x15,0x8d,0x0e,0x0b,0x0e,0xfa,
    0xb0,0xbc,0xc4,0xe1,0xf6,0xf9,0xfd,0xe3,0x1b,0x15,0x17,0xf5,0x73,0x94,0x94,0x53,
    0xb1,0x95,0x04,0x93,0xce,0xdd,0xe3,0xd6,0x0b,0x06,0x09,0xdc,0xda,0xe2,0xeb,0xe6,
    0xb8,0xcc,0xd4,0xe3,0x95,0x91,0x5a,0x16,0x4e,0x36,0x10,0xfe,0xeb,0xf4,0xf7,0x5c,
    0xe3,0xee,0xf2,0x6c,0x99,0xa5,0xad,0x4f,0x8f,0x94,0xa0,0xaf,0x90,0x98,0xa0,0xde,
    0xe6,0xee,0xf4,0xcf,0x98,0xa6,0xab,0xd5,0xa8,0xb8,0xbc,0x9b,0x77,0x89,0x8c,0xca,
    0xf6,0xfa,0xfd,0xf1,0xba,0xcb,0xd0,0x4e,0xb0,0xbd,0xc6,0xc3,0xee,0xf4,0xfb,0xfa,
    0x1a,0x13,0x10,0x04,0x18,0x14,0x14,0x75,0x75,0x7e,0x87,0xa3,0xbb,0xbc,0xc7,0xad,
    0xa2,0xb2,0xb6,0x74,0xe6,0xee,0xf6,0xec,0xcf,0xdd,0xe1,0x9a,0xdb,0xe6,0xe9,0xad,
    0x86,0x8f,0x93,0x83,0x72,0x81,0x81,0x69,0x6e,0x7f,0x86,0x47,0x5c,0x64,0x3d,0x35,
    0x63,0x69,0x41,0x7c,0xe6,0xa6,0x02,0xc4,0xcd,0xa2,0x02,0x5d,0xb2,0x88,0x06,0xcf,
    0x9e,0xa0,0xa6,0x94,0xae,0xac,0xaa,0xfe,0x70,0x76,0x07,0x48,0xb5,0x90,0x03,0x3f,
    0x5b,0x62,0x67,0x96,0xe5,0xf1,0xf4,0xf5,0xab,0xae,0xb4,0xe0,0x8d,0x79,0x06,0xb1,
    0x9f,0xa6,0xaf,0xe8,0x6f,0x72,0x75,0xe1,0x13,0x41,0x12,0xf8,0x4c,0x43,0x23,0xd5,
    0xb4,0x86,0x08,0xed,0xe4,0xa4,0x03,0xeb,0xbb,0xa8,0x05,0x20,0xa8,0xb0,0xde,0xfe,
    0x4d,0x52,0x5c,0xe3,0xe4,0xa7,0x03,0xf3,0x4c,0x5b,0x57,0x5b,0xc5,0x98,0x04,0xe2,
    0xd0,0xcc,0xc9,0xf8,0x59,0x6b,0x75,0xbb,0xc1,0xaf,0x80,0xfc,0x43,0x44,0x4a,0xab,
    0x21,0x1b,0x1d,0xff,0xcf,0xea,0xfc,0xff,0xf2,0xf7,0xfd,0xff,0x1a,0x16,0x18,0xff,
    0x1c,0x18,0x1a,0xff,0x1b,0x17,0x19,0xff,0x1e,0x19,0x1b,0xff,0xf2,0xf6,0xfc,0xff,
    0x22,0x1c,0x1e,0xff,0x14,0x10,0x12,0xff,0x10,0x0e,0x10,0xff,0x15,0x13,0x15,0xff,
    0x0d,0x0a,0x0d,0xff,0x08,0x07,0x09,0xff,0xce,0xe9,0xfb,0xff,0x18,0x14,0x16,0xff,
    0xff,0xff,0xff,0xff,0xe7,0xeb,0xf8,0xff,0xd8,0xf3,0xff,0xff,0xcc,0xe7,0xf9,0xff,
    0xd3,0xef,0xfe,0xff,0x24,0x1d,0x20,0xff,0xf8,0xfc,0xff,0xff,0xfa,0xff,0xff,0xff,
    0x28,0x24,0x26,0xff,0xd2,0xec,0xfc,0xff,0xef,0xf4,0xfa,0xff,0xf6,0xf9,0xfd,0xff,
    0x02,0x01,0x02,0xff,0xf4,0xa9,0x02,0xff,0x25,0x1f,0x21,0xff,0xec,0xef,0xf9,0xff,
    0xdd,0xf6,0xff,0xff,0xfc,0xae,0x02,0xff,0xe3,0xe6,0xef,0xff,0xc2,0xc7,0xd2,0xff,
    0xa1,0xae,0xbc,0xff,0xca,0xe4,0xf8,0xff,0xde,0xe7,0xf9,0xff,0x9d,0xa7,0xb3,0xff,
    0xdb,0xef,0xfc,0xff,0xcd,0xd6,0xe1,0xff,0x92,0x96,0x9d,0xff,0xad,0xb3,0xbc,0xff,
    0x63,0x30,0x3e,0xff,0xb8,0xd1,0xe1,0xff,0xdc,0xe1,0xed,0xff,0x5f,0x39,0x43,0xff,
    0x4a,0x28,0x32,0xff,0x91,0xa0,0xac,0xff,0xb6,0xba,0xc5,0xff,0xe6,0xfc,0xff,0xff,
    0xba,0xc6,0xf9,0xff,0x28,0x17,0x1a,0xff,0xc0,0xd2,0xee,0xff,0x39,0x21,0x28,0xff,
    0xc4,0xe1,0xf1,0xff,0x6e,0x70,0x76,0xff,0xf4,0xa3,0x01,0xff,0x2c,0x2b,0x2b,0xff,
    0xad,0xc2,0xd1,0xff,0xff,0xb7,0x02,0xff,0xd0,0xdd,0xee,0xff,0x8c,0x45,0x58,0xff,
    0xbe,0xc0,0xc8,0xff,0x4b,0x4c,0x56,0xff,0x8a,0x92,0xa1,0xff,0x74,0x40,0x4d,0xff,
    0xb4,0x7b,0x0e,0xff,0xda,0x82,0x02,0xff,0x58,0x67,0x74,0xff,0xde,0x97,0x03,0xff,
    0xcd,0x74,0x03,0xff,0xd1,0x8d,0x05,0xff,0xba,0x47,0x01,0xff,0x83,0x7c,0x83,0xff,
    0x95,0x4c,0x60,0xff,0x65,0x72,0x87,0xff,0xcf,0x58,0x7a,0xff,0xb0,0x59,0x70,0xff,
    0xc0,0x5c,0x03,0xff,0xe9,0x9d,0x03,0xff,0xc2,0xcf,0xdf,0xfe,0xaa,0x4a,0x64,0xff,
    0x60,0x61,0x64,0xff,0xce,0x41,0x5c,0xff,0x9f,0x54,0x68,0xff,0x7b,0x50,0x1e,0xff,
    0x7f,0x58,0x63,0xff,0xbf,0x8c,0x14,0xff,0x3f,0x3a,0x42,0xff,0x2f,0x30,0x3b,0xff,
    0xb1,0xbf,0xe3,0xff,0xf7,0x51,0x70,0xff,0x92,0x60,0x17,0xff,0x76,0x86,0x99,0xff,
    0x52,0x57,0x70,0xff,0xe9,0x93,0x9e,0xff,0x8a,0x6c,0x72,0xff,0xcd,0xd6,0xfa,0xff,
    0x7a,0x86,0xb6,0xff,0x8f,0x9d,0xc4,0xff,0x8a,0x95,0xb2,0xff,0x39,0x1c,0x14,0xff,
    0x8c,0x77,0x48,0xff,0xd6,0x66,0x85,0xff,0xbe,0x62,0x77,0xff,0xaf,0xb7,0xf4,0xff,
    0xab,0xba,0xae,0xff,0xba,0x95,0x4a,0xff,0xa8,0x9d,0x83,0xff,0x98,0xab,0xd1,0xff,
    0x85,0x33,0x07,0xff,0x89,0x34,0x4c,0xff,0x62,0x6d,0x47,0xff,0x9f,0x3e,0x03,0xff,
    0x42,0x42,0x4b,0xff,0x7b,0x8c,0xa0,0xff,0x63,0x6c,0xa1,0xff,0x9c,0x88,0x63,0xff,
    0x17,0x19,0x21,0xff,0x06,0xe3,0xfc,0xff,0xea,0x75,0x93,0xff,0x82,0x91,0xc6,0xff,
    0x29,0x8d,0x91,0xff,0xf6,0xc9,0xce,0xff,0x10,0xa1,0xb7,0xff,0xad,0x9c,0x69,0xff,
    0xd2,0x50,0x01,0xff,0x0d,0xb6,0xcf,0xff,0xf8,0xae,0xb0,0xff,0x0a,0x5c,0x10,0xff,

    0x00,0x00,0x00,0x00,0x00,0x00,0x00,0x00,0x00,0x00,0x00,0x00,0x00,0x00,0x00,0x00,0x00,0x00,0x00,0x00,0x00,0x00,0x00,0x00,0x00,0x00,0x00,0x00,0x00,0x00,0x00,0x00,0x00,0x00,0x00,0x00,0x00,0x00,0x00,0x00,0x00,0x00,0x00,0x00,0x00,0x00,0x00,0x00,0x00,0x00,0x00,0x00,0x00,0x00,0x00,0x00,0x00,0x00,0x00,0x00,0x00,0x00,0x01,0x00,0x00,0x00,0x00,0x00,0x00,0x00,0x00,0x00,0x00,0x00,0x00,0x00,0x00,0x00,0x00,0x00,0x00,0x00,0x00,0x00,0x00,0x00,0x00,0x00,0x00,0x00,0x00,0x00,0x00,0x00,0x00,0x00,0x00,0x00,0x00,0x00,0x00,0x00,0x00,0x00,0x00,0x00,0x00,0x00,0x00,0x00,0x00,0x00,0x00,0x00,0x00,0x00,0x00,0x00,0x00,0x00,0x00,0x00,0x00,0x00,0x00,0x00,0x00,0x00,0x00,0x00,0x00,0x00,0x00,0x00,0x00,0x00,0x00,0x00,0x00,0x00,0x00,0x00,0x00,0x00,
    0x00,0x00,0x00,0x00,0x00,0x00,0x00,0x00,0x00,0x00,0x00,0x00,0x00,0x00,0x00,0x00,0x00,0x00,0x00,0x00,0x00,0x00,0x00,0x00,0x00,0x00,0x00,0x00,0x00,0x00,0x00,0x00,0x00,0x00,0x00,0x00,0x00,0x00,0x00,0x00,0x00,0x00,0x00,0x00,0x00,0x00,0x00,0x00,0x00,0x00,0x00,0x00,0x00,0x00,0x00,0x00,0x00,0x00,0x00,0x00,0x00,0x02,0x00,0x02,0x1e,0x0f,0x31,0x18,0x00,0x00,0x00,0x00,0x00,0x00,0x00,0x00,0x00,0x00,0x00,0x00,0x00,0x00,0x00,0x00,0x00,0x00,0x00,0x00,0x00,0x00,0x00,0x00,0x00,0x00,0x00,0x00,0x00,0x00,0x00,0x00,0x00,0x00,0x00,0x00,0x00,0x00,0x00,0x00,0x00,0x00,0x00,0x00,0x00,0x00,0x00,0x00,0x00,0x00,0x00,0x00,0x00,0x00,0x00,0x00,0x00,0x00,0x00,0x00,0x00,0x00,0x00,0x00,0x00,0x00,0x00,0x00,0x00,0x00,0x00,0x00,0x00,0x00,0x00,0x00,
    0x00,0x00,0x00,0x00,0x00,0x00,0x00,0x00,0x00,0x00,0x00,0x00,0x00,0x00,0x00,0x00,0x00,0x00,0x00,0x00,0x00,0x00,0x00,0x00,0x00,0x00,0x00,0x00,0x00,0x00,0x00,0x00,0x00,0x00,0x00,0x00,0x00,0x00,0x00,0x00,0x00,0x00,0x00,0x00,0x00,0x00,0x00,0x00,0x00,0x00,0x00,0x00,0x00,0x00,0x00,0x00,0x00,0x00,0x00,0x00,0x02,0x01,0x04,0x48,0x37,0x37,0x48,0x14,0x02,0x02,0x00,0x00,0x00,0x00,0x00,0x00,0x00,0x00,0x00,0x00,0x00,0x00,0x00,0x00,0x00,0x00,0x00,0x00,0x00,0x00,0x00,0x00,0x00,0x00,0x00,0x00,0x00,0x00,0x00,0x00,0x00,0x00,0x00,0x00,0x00,0x00,0x00,0x00,0x00,0x00,0x00,0x00,0x00,0x00,0x00,0x00,0x00,0x00,0x00,0x00,0x00,0x00,0x00,0x00,0x00,0x00,0x00,0x00,0x00,0x00,0x00,0x00,0x00,0x00,0x00,0x00,0x00,0x00,0x00,0x00,0x00,0x00,0x00,0x00,
    0x00,0x00,0x00,0x00,0x00,0x00,0x00,0x00,0x00,0x00,0x00,0x00,0x00,0x00,0x00,0x00,0x00,0x00,0x00,0x00,0x00,0x00,0x00,0x00,0x00,0x00,0x00,0x00,0x00,0x00,0x00,0x00,0x00,0x00,0x00,0x00,0x00,0x00,0x00,0x00,0x00,0x00,0x00,0x00,0x00,0x00,0x00,0x00,0x00,0x00,0x00,0x00,0x00,0x00,0x00,0x00,0x00,0x00,0x00,0x02,0x05,0x18,0x48,0x59,0x41,0x1b,0x14,0x01,0x02,0x00,0x00,0x00,0x00,0x00,0x00,0x00,0x00,0x00,0x00,0x00,0x00,0x00,0x00,0x00,0x00,0x00,0x00,0x00,0x00,0x00,0x00,0x00,0x00,0x00,0x00,0x00,0x00,0x00,0x00,0x00,0x00,0x00,0x00,0x00,0x00,0x00,0x00,0x00,0x00,0x00,0x00,0x00,0x00,0x00,0x00,0x00,0x00,0x00,0x00,0x00,0x00,0x00,0x00,0x00,0x00,0x00,0x00,0x00,0x00,0x00,0x00,0x00,0x00,0x00,0x00,0x00,0x00,0x00,0x00,0x00,0x00,0x00,0x00,0x00,
    0x00,0x00,0x00,0x00,0x00,0x00,0x00,0x00,0x00,0x00,0x00,0x00,0x00,0x00,0x00,0x00,0x00,0x00,0x00,0x00,0x00,0x00,0x00,0x00,0x00,0x00,0x00,0x00,0x00,0x00,0x00,0x00,0x00,0x00,0x00,0x00,0x00,0x00,0x00,0x00,0x00,0x00,0x00,0x00,0x00,0x00,0x00,0x00,0x00,0x00,0x00,0x00,0x00,0x00,0x00,0x00,0x00,0x00,0x00,0x05,0x00,0x47,0x37,0x96,0x5a,0x25,0x00,0x02,0x00,0x00,0x00,0x00,0x00,0x00,0x00,0x00,0x00,0x00,0x00,0x00,0x00,0x00,0x00,0x00,0x00,0x00,0x00,0x00,0x00,0x00,0x00,0x00,0x00,0x00,0x00,0x00,0x00,0x00,0x00,0x00,0x00,0x00,0x00,0x00,0x00,0x00,0x00,0x00,0x00,0x00,0x00,0x00,0x00,0x00,0x00,0x00,0x00,0x00,0x00,0x00,0x00,0x00,0x00,0x00,0x00,0x00,0x00,0x00,0x00,0x00,0x00,0x00,0x00,0x00,0x00,0x00,0x00,0x00,0x00,0x00,0x00,0x00,0x00,0x00,
    0x00,0x00,0x00,0x00,0x00,0x00,0x00,0x00,0x00,0x00,0x00,0x00,0x00,0x00,0x00,0x00,0x00,0x00,0x00,0x00,0x00,0x00,0x00,0x00,0x00,0x00,0x00,0x00,0x00,0x00,0x00,0x00,0x00,0x00,0x00,0x00,0x00,0x00,0x00,0x00,0x00,0x00,0x00,0x00,0x00,0x00,0x00,0x00,0x00,0x00,0x00,0x00,0x00,0x00,0x00,0x00,0x00,0x00,0x02,0x00,0x1e,0x2f,0x7e,0x50,0x28,0x00,0x05,0x00,0x00,0x00,0x00,0x00,0x00,0x00,0x00,0x00,0x00,0x00,0x00,0x00,0x00,0x00,0x00,0x00,0x00,0x00,0x00,0x00,0x00,0x00,0x00,0x00,0x00,0x00,0x00,0x00,0x00,0x00,0x00,0x00,0x00,0x00,0x00,0x00,0x00,0x00,0x00,0x00,0x00,0x00,0x00,0x00,0x00,0x00,0x00,0x00,0x00,0x00,0x00,0x00,0x00,0x00,0x00,0x00,0x00,0x00,0x00,0x00,0x00,0x00,0x00,0x00,0x00,0x00,0x00,0x00,0x00,0x00,0x00,0x00,0x00,0x00,0x00,0x00,
    0x00,0x00,0x00,0x00,0x00,0x00,0x00,0x00,0x00,0x00,0x00,0x00,0x00,0x00,0x00,0x00,0x00,0x00,0x00,0x00,0x00,0x00,0x00,0x00,0x00,0x00,0x00,0x00,0x00,0x00,0x00,0x00,0x00,0x00,0x00,0x00,0x00,0x00,0x00,0x00,0x00,0x00,0x00,0x00,0x00,0x00,0x00,0x00,0x00,0x00,0x00,0x00,0x00,0x00,0x00,0x00,0x00,0x00,0x05,0x00,0x0f,0x2f,0x97,0x3d,0x48,0x02,0x18,0x00,0x00,0x00,0x00,0x00,0x00,0x00,0x00,0x00,0x02,0x02,0x02,0x02,0x02,0x00,0x00,0x00,0x00,0x00,0x00,0x00,0x00,0x00,0x00,0x00,0x00,0x00,0x00,0x00,0x00,0x00,0x00,0x00,0x00,0x00,0x00,0x00,0x00,0x00,0x00,0x00,0x00,0x00,0x00,0x00,0x00,0x00,0x00,0x00,0x00,0x00,0x00,0x00,0x00,0x00,0x00,0x00,0x00,0x00,0x00,0x00,0x00,0x00,0x00,0x00,0x00,0x00,0x00,0x00,0x00,0x00,0x00,0x00,0x00,0x00,0x00,0x00,
    0x00,0x00,0x00,0x00,0x00,0x00,0x00,0x00,0x00,0x00,0x00,0x00,0x00,0x00,0x00,0x00,0x00,0x00,0x00,0x00,0x00,0x00,0x00,0x00,0x00,0x00,0x00,0x00,0x00,0x00,0x00,0x00,0x00,0x00,0x00,0x00,0x00,0x00,0x00,0x00,0x00,0x00,0x00,0x00,0x00,0x00,0x00,0x00,0x00,0x00,0x00,0x00,0x00,0x00,0x00,0x00,0x00,0x00,0x05,0x00,0x0f,0x17,0x97,0x50,0x5b,0x02,0x02,0x00,0x00,0x00,0x00,0x00,0x00,0x07,0x05,0x07,0x00,0x00,0x00,0x00,0x00,0x00,0x07,0x05,0x02,0x00,0x00,0x00,0x00,0x00,0x00,0x00,0x00,0x00,0x00,0x00,0x00,0x00,0x00,0x00,0x00,0x00,0x00,0x00,0x00,0x00,0x00,0x00,0x00,0x00,0x00,0x00,0x00,0x00,0x00,0x00,0x00,0x00,0x00,0x00,0x00,0x00,0x00,0x00,0x00,0x00,0x00,0x00,0x00,0x00,0x00,0x00,0x00,0x00,0x00,0x00,0x00,0x00,0x00,0x00,0x00,0x00,0x00,0x00,
    0x00,0x00,0x00,0x00,0x00,0x00,0x00,0x00,0x00,0x00,0x00,0x00,0x00,0x00,0x00,0x00,0x00,0x00,0x00,0x00,0x00,0x00,0x00,0x00,0x00,0x00,0x00,0x00,0x00,0x00,0x00,0x00,0x00,0x00,0x00,0x00,0x00,0x00,0x00,0x00,0x00,0x00,0x00,0x00,0x00,0x00,0x00,0x00,0x00,0x00,0x00,0x00,0x00,0x00,0x00,0x00,0x00,0x00,0x05,0x00,0x0f,0x17,0x92,0x8d,0x34,0x31,0x00,0x05,0x04,0x04,0x07,0x00,0x00,0x00,0x00,0x00,0x25,0x1e,0x25,0x25,0x1e,0x18,0x00,0x00,0x00,0x00,0x02,0x05,0x00,0x00,0x00,0x00,0x00,0x00,0x00,0x00,0x00,0x00,0x00,0x00,0x00,0x00,0x00,0x00,0x00,0x00,0x00,0x00,0x00,0x00,0x00,0x00,0x00,0x00,0x00,0x00,0x00,0x00,0x00,0x00,0x00,0x00,0x00,0x00,0x00,0x00,0x00,0x00,0x00,0x00,0x00,0x00,0x00,0x00,0x00,0x00,0x00,0x00,0x00,0x00,0x00,0x00,0x00,0x00,
    0x00,0x00,0x00,0x00,0x00,0x00,0x00,0x00,0x00,0x00,0x00,0x00,0x00,0x00,0x00,0x00,0x00,0x00,0x00,0x00,0x00,0x00,0x00,0x00,0x00,0x00,0x00,0x00,0x00,0x00,0x00,0x00,0x00,0x00,0x00,0x00,0x00,0x00,0x00,0x00,0x00,0x00,0x00,0x00,0x00,0x00,0x00,0x00,0x00,0x00,0x00,0x00,0x00,0x00,0x00,0x00,0x00,0x00,0x02,0x00,0x1e,0x17,0x0e,0x53,0x43,0x47,0x25,0x18,0x00,0x00,0x00,0x14,0x14,0x1e,0x51,0x1c,0x29,0x29,0x29,0x4e,0x4e,0x1b,0x47,0x51,0x1e,0x14,0x00,0x00,0x00,0x07,0x00,0x00,0x00,0x00,0x00,0x00,0x00,0x00,0x00,0x00,0x00,0x00,0x00,0x00,0x00,0x00,0x00,0x00,0x00,0x00,0x00,0x00,0x00,0x00,0x00,0x00,0x00,0x00,0x00,0x00,0x00,0x00,0x00,0x00,0x00,0x00,0x00,0x00,0x00,0x00,0x00,0x00,0x00,0x00,0x00,0x00,0x00,0x00,0x00,0x00,0x00,0x00,0x00,0x00,
    0x00,0x00,0x00,0x00,0x00,0x00,0x00,0x00,0x00,0x00,0x00,0x00,0x00,0x00,0x00,0x00,0x00,0x00,0x00,0x00,0x00,0x00,0x00,0x00,0x00,0x00,0x00,0x00,0x00,0x00,0x00,0x00,0x00,0x00,0x00,0x00,0x00,0x00,0x00,0x00,0x00,0x00,0x00,0x00,0x00,0x00,0x00,0x00,0x00,0x00,0x00,0x00,0x00,0x00,0x00,0x00,0x00,0x00,0x00,0x02,0x05,0x36,0x83,0x92,0x97,0x4c,0x58,0x5d,0x3f,0x3f,0x5e,0x38,0x29,0x29,0x34,0x44,0x10,0xa9,0xa9,0x24,0xce,0x43,0x3c,0x34,0x29,0x28,0x51,0x0f,0x14,0x00,0x00,0x05,0x00,0x00,0x00,0x00,0x00,0x00,0x00,0x00,0x00,0x00,0x00,0x00,0x00,0x00,0x00,0x00,0x00,0x00,0x00,0x00,0x00,0x00,0x00,0x00,0x00,0x00,0x00,0x00,0x00,0x00,0x00,0x00,0x00,0x00,0x00,0x00,0x00,0x00,0x00,0x00,0x00,0x00,0x00,0x00,0x00,0x00,0x00,0x00,0x00,0x00,0x00,0x00,
    0x00,0x00,0x00,0x00,0x00,0x00,0x00,0x00,0x00,0x00,0x00,0x00,0x00,0x00,0x00,0x00,0x00,0x00,0x00,0x00,0x00,0x00,0x00,0x00,0x00,0x00,0x00,0x00,0x00,0x00,0x00,0x00,0x00,0x00,0x00,0x00,0x00,0x00,0x00,0x00,0x00,0x00,0x00,0x00,0x00,0x00,0x00,0x00,0x00,0x00,0x00,0x00,0x00,0x00,0x00,0x00,0x00,0x00,0x00,0x05,0x00,0x0f,0x36,0x3d,0x97,0x93,0x24,0x44,0x34,0x34,0x34,0x44,0x10,0x8f,0x95,0x7d,0x95,0x95,0x7d,0x7d,0x90,0x95,0x8a,0x7d,0x1d,0x1d,0x59,0x17,0x1b,0x5e,0x2e,0x00,0x07,0x05,0x00,0x00,0x00,0x00,0x00,0x00,0x00,0x00,0x00,0x00,0x00,0x00,0x00,0x00,0x00,0x00,0x00,0x00,0x00,0x00,0x00,0x00,0x00,0x00,0x00,0x00,0x00,0x00,0x00,0x00,0x00,0x00,0x00,0x00,0x00,0x00,0x00,0x00,0x00,0x00,0x00,0x00,0x00,0x00,0x00,0x00,0x00,0x00,0x00,0x00,
    0x00,0x00,0x00,0x00,0x00,0x00,0x00,0x00,0x00,0x00,0x00,0x00,0x00,0x00,0x00,0x00,0x00,0x00,0x00,0x00,0x00,0x00,0x00,0x00,0x00,0x00,0x00,0x00,0x00,0x00,0x00,0x00,0x00,0x00,0x00,0x00,0x00,0x00,0x00,0x00,0x00,0x00,0x00,0x00,0x00,0x00,0x00,0x00,0x00,0x00,0x00,0x00,0x00,0x00,0x00,0x00,0x00,0x00,0x00,0x00,0x05,0x00,0x0f,0x28,0x28,0x17,0x8d,0x11,0x10,0x0d,0x9c,0x8e,0x90,0x7d,0x8a,0x8a,0x8f,0x8a,0x8a,0x8a,0x8f,0x8f,0x8a,0x8f,0x8a,0x95,0xa4,0x8e,0x3c,0x2a,0x1b,0x0f,0x00,0x00,0x02,0x00,0x00,0x00,0x00,0x00,0x00,0x00,0x00,0x00,0x00,0x00,0x00,0x00,0x00,0x00,0x00,0x00,0x00,0x00,0x00,0x00,0x00,0x00,0x00,0x00,0x00,0x00,0x00,0x00,0x00,0x00,0x00,0x00,0x00,0x00,0x00,0x00,0x00,0x00,0x00,0x00,0x00,0x00,0x00,0x00,0x00,0x00,0x00,0x00,
    0x00,0x00,0x00,0x00,0x00,0x00,0x00,0x00,0x00,0x00,0x00,0x00,0x00,0x00,0x00,0x00,0x00,0x00,0x00,0x00,0x00,0x00,0x00,0x00,0x00,0x00,0x00,0x00,0x00,0x00,0x00,0x00,0x00,0x00,0x00,0x00,0x00,0x00,0x00,0x00,0x00,0x00,0x00,0x00,0x00,0x00,0x00,0x00,0x00,0x00,0x00,0x00,0x00,0x00,0x00,0x00,0x00,0x05,0x00,0x05,0x00,0x31,0x35,0x58,0x56,0x34,0x53,0xba,0xa1,0x8f,0x8f,0x8f,0x8f,0x8a,0x8a,0x8a,0x8a,0x8a,0x8a,0x8a,0x8a,0x8a,0x8a,0x8a,0x8a,0x8f,0x8f,0x8a,0x7d,0xa2,0x3d,0x17,0x1c,0x0f,0x00,0x04,0x00,0x00,0x00,0x00,0x00,0x00,0x00,0x00,0x00,0x00,0x00,0x00,0x00,0x00,0x00,0x00,0x00,0x00,0x00,0x00,0x00,0x00,0x00,0x00,0x00,0x00,0x00,0x00,0x00,0x00,0x00,0x00,0x00,0x00,0x00,0x00,0x00,0x00,0x00,0x00,0x00,0x00,0x00,0x00,0x00,0x00,0x00,0x00,
    0x00,0x00,0x00,0x00,0x00,0x00,0x00,0x00,0x00,0x00,0x00,0x00,0x00,0x00,0x00,0x00,0x00,0x00,0x00,0x00,0x00,0x00,0x00,0x00,0x00,0x00,0x00,0x00,0x00,0x00,0x00,0x00,0x00,0x00,0x00,0x00,0x00,0x00,0x00,0x00,0x00,0x00,0x00,0x00,0x00,0x00,0x00,0x00,0x00,0x00,0x00,0x00,0x00,0x00,0x00,0x05,0x02,0x00,0x05,0x00,0x47,0x17,0x3d,0x65,0xa7,0x93,0xa4,0x7d,0x8a,0x8a,0x8a,0x8a,0x8a,0x8a,0x8a,0x8a,0x8a,0x8a,0x8a,0x8a,0x8a,0x8a,0x8a,0x8a,0x8a,0x8a,0x8a,0x8a,0x8f,0x7d,0x90,0x7e,0x13,0x4d,0x27,0x00,0x04,0x00,0x00,0x00,0x00,0x00,0x00,0x00,0x00,0x00,0x00,0x00,0x00,0x00,0x00,0x00,0x00,0x00,0x00,0x00,0x00,0x00,0x00,0x00,0x00,0x00,0x00,0x00,0x00,0x00,0x00,0x00,0x00,0x00,0x00,0x00,0x00,0x00,0x00,0x00,0x00,0x00,0x00,0x00,0x00,0x00,0x00,0x00,
    0x00,0x00,0x00,0x00,0x00,0x00,0x00,0x00,0x00,0x00,0x00,0x00,0x00,0x00,0x00,0x00,0x00,0x00,0x00,0x00,0x00,0x00,0x00,0x00,0x00,0x00,0x00,0x00,0x00,0x00,0x00,0x00,0x00,0x00,0x00,0x00,0x00,0x00,0x00,0x00,0x00,0x00,0x00,0x00,0x00,0x00,0x00,0x00,0x00,0x00,0x00,0x00,0x00,0x00,0x07,0x00,0x00,0x0f,0x28,0x17,0x3d,0x96,0x9f,0xb8,0xa4,0x95,0x8f,0x8a,0x8a,0x8a,0x8a,0x8a,0x8a,0x8a,0x8a,0x8a,0x8a,0x8a,0x8a,0x8a,0x8a,0x8a,0x8a,0x8a,0x8a,0x8a,0x8a,0x8a,0x8a,0x8a,0x8f,0x8f,0x95,0x3c,0x5a,0x1c,0x00,0x04,0x00,0x00,0x00,0x00,0x00,0x00,0x00,0x00,0x00,0x00,0x00,0x00,0x00,0x00,0x00,0x00,0x00,0x00,0x00,0x00,0x00,0x00,0x00,0x00,0x00,0x00,0x00,0x00,0x00,0x00,0x00,0x00,0x00,0x00,0x00,0x00,0x00,0x00,0x00,0x00,0x00,0x00,0x00,0x00,0x00,0x00,
    0x00,0x00,0x00,0x00,0x00,0x00,0x00,0x00,0x00,0x00,0x00,0x00,0x00,0x00,0x00,0x00,0x00,0x00,0x00,0x00,0x00,0x00,0x00,0x00,0x00,0x00,0x00,0x00,0x00,0x00,0x00,0x00,0x00,0x00,0x00,0x00,0x00,0x00,0x00,0x00,0x00,0x00,0x00,0x00,0x00,0x00,0x00,0x00,0x00,0x00,0x00,0x00,0x01,0x04,0x00,0x31,0x28,0x2f,0x50,0x3d,0x2f,0x0d,0xb4,0x90,0x8a,0x8a,0x8a,0x8a,0x8a,0x8a,0x8a,0x8a,0x8a,0x8a,0x8a,0x8a,0x8a,0x8a,0x8a,0x8a,0x8a,0x8a,0x8a,0x8f,0x8a,0x8a,0x8a,0x8a,0x8a,0x8a,0x8a,0x8a,0x8a,0x8e,0x53,0x36,0x31,0x00,0x04,0x00,0x00,0x00,0x00,0x00,0x00,0x00,0x00,0x00,0x00,0x00,0x00,0x00,0x00,0x00,0x00,0x00,0x00,0x00,0x00,0x00,0x00,0x00,0x00,0x00,0x00,0x00,0x00,0x00,0x00,0x00,0x00,0x00,0x00,0x00,0x00,0x00,0x00,0x00,0x00,0x00,0x00,0x00,0x00,0x00,
    0x00,0x00,0x00,0x00,0x00,0x00,0x00,0x00,0x00,0x00,0x00,0x00,0x00,0x00,0x00,0x00,0x00,0x00,0x00,0x00,0x00,0x00,0x00,0x00,0x00,0x00,0x00,0x00,0x00,0x00,0x00,0x00,0x00,0x00,0x00,0x00,0x00,0x00,0x00,0x00,0x00,0x00,0x00,0x00,0x00,0x00,0x00,0x00,0x00,0x00,0x00,0x01,0x00,0x00,0x22,0x2f,0x50,0x37,0x28,0x48,0x3d,0x0d,0x8a,0x8f,0x8a,0x8a,0x8a,0x8a,0x8a,0x8a,0x8a,0x7d,0x7d,0x8a,0x8a,0x8a,0x8a,0x8a,0x8a,0x8a,0x8a,0x8a,0x8a,0x90,0x7d,0x8a,0x8a,0x8a,0x8a,0x8a,0x8a,0x8a,0x8a,0xa1,0xa4,0x3d,0x4c,0x0f,0x00,0x04,0x00,0x00,0x00,0x00,0x00,0x00,0x00,0x00,0x00,0x00,0x00,0x00,0x00,0x00,0x00,0x00,0x00,0x00,0x00,0x00,0x00,0x00,0x00,0x00,0x00,0x00,0x00,0x00,0x00,0x00,0x00,0x00,0x00,0x00,0x00,0x00,0x00,0x00,0x00,0x00,0x00,0x00,0x00,0x00,
    0x00,0x00,0x00,0x00,0x00,0x00,0x00,0x00,0x00,0x00,0x00,0x00,0x00,0x00,0x00,0x00,0x00,0x00,0x00,0x00,0x00,0x00,0x00,0x00,0x00,0x00,0x00,0x00,0x00,0x00,0x00,0x00,0x00,0x00,0x00,0x00,0x00,0x00,0x00,0x00,0x00,0x00,0x00,0x00,0x00,0x00,0x00,0x00,0x00,0x00,0x02,0x00,0x14,0x38,0x1b,0x8c,0x17,0x35,0x48,0x59,0xa4,0x8f,0x8a,0x8a,0x8a,0x8a,0x8a,0x8a,0x8a,0x8a,0x95,0xb4,0x10,0x95,0x8a,0x8a,0x8a,0x8a,0x8a,0x8a,0x8a,0x8f,0x95,0x24,0xa1,0x8a,0x8a,0x8a,0x8a,0x8a,0x8a,0x8a,0x8a,0x8a,0x8f,0x8e,0x43,0x5a,0x49,0x04,0x04,0x00,0x00,0x00,0x00,0x00,0x00,0x00,0x00,0x00,0x00,0x00,0x00,0x00,0x00,0x00,0x00,0x00,0x00,0x00,0x00,0x00,0x00,0x00,0x00,0x00,0x00,0x00,0x00,0x00,0x00,0x00,0x00,0x00,0x00,0x00,0x00,0x00,0x00,0x00,0x00,0x00,0x00,0x00,
    0x00,0x00,0x00,0x00,0x00,0x00,0x00,0x00,0x00,0x00,0x00,0x00,0x00,0x00,0x00,0x00,0x00,0x00,0x00,0x00,0x00,0x00,0x00,0x00,0x00,0x00,0x00,0x00,0x00,0x00,0x00,0x00,0x00,0x00,0x00,0x00,0x00,0x00,0x00,0x00,0x00,0x00,0x00,0x00,0x00,0x00,0x00,0x00,0x00,0x02,0x05,0x18,0x38,0x4d,0x6c,0x1c,0x0f,0x28,0x50,0xa4,0xa1,0x7d,0x8a,0x8a,0x8a,0x8a,0x8a,0x8a,0x8a,0x8f,0x9c,0xdb,0xa9,0x90,0x8f,0x8a,0x8a,0x8a,0x8a,0x8a,0x8a,0x8f,0x8e,0xa0,0xa0,0xaf,0xa1,0x8a,0x8a,0x8f,0x8a,0x8a,0x8a,0x8a,0x8a,0x8f,0x0d,0x2d,0x57,0x25,0x00,0x02,0x00,0x00,0x00,0x00,0x00,0x00,0x00,0x00,0x00,0x00,0x00,0x00,0x00,0x00,0x00,0x00,0x00,0x00,0x00,0x00,0x00,0x00,0x00,0x00,0x00,0x00,0x00,0x00,0x00,0x00,0x00,0x00,0x00,0x00,0x00,0x00,0x00,0x00,0x00,0x00,0x00,0x00,
    0x00,0x00,0x00,0x00,0x00,0x00,0x00,0x00,0x00,0x00,0x00,0x00,0x00,0x00,0x00,0x00,0x00,0x00,0x00,0x00,0x00,0x00,0x00,0x00,0x00,0x00,0x00,0x00,0x00,0x00,0x00,0x00,0x00,0x00,0x00,0x00,0x00,0x00,0x00,0x00,0x00,0x00,0x00,0x00,0x00,0x00,0x00,0x00,0x02,0x00,0x00,0x38,0x4b,0x4a,0x49,0x54,0x36,0x92,0x7e,0x8f,0x8a,0x8a,0x8a,0x8a,0x8a,0x8a,0x8a,0x7d,0x8f,0x9c,0x11,0xc2,0x95,0x7d,0x8a,0x8a,0x8a,0x8a,0x8a,0x8a,0x8a,0x8f,0x90,0xba,0xdc,0x11,0x8e,0x8f,0x8a,0x95,0x8a,0x8a,0x8a,0x8a,0x8a,0x8f,0x0d,0x7e,0x43,0x36,0x25,0x02,0x02,0x00,0x00,0x00,0x00,0x00,0x00,0x00,0x00,0x00,0x00,0x00,0x00,0x00,0x00,0x00,0x00,0x00,0x00,0x00,0x00,0x00,0x00,0x00,0x00,0x00,0x00,0x00,0x00,0x00,0x00,0x00,0x00,0x00,0x00,0x00,0x00,0x00,0x00,0x00,0x00,0x00,
    0x00,0x00,0x00,0x00,0x00,0x00,0x00,0x00,0x00,0x00,0x00,0x00,0x00,0x00,0x00,0x00,0x00,0x00,0x00,0x00,0x00,0x00,0x00,0x00,0x00,0x00,0x00,0x00,0x00,0x00,0x00,0x00,0x00,0x00,0x00,0x00,0x00,0x00,0x00,0x00,0x00,0x00,0x00,0x00,0x00,0x00,0x00,0x01,0x04,0x14,0x64,0x6a,0x4f,0x5f,0x00,0x35,0x37,0x0e,0xa4,0x8f,0x7d,0x8a,0x8a,0x8a,0x8a,0x8f,0x8a,0x8f,0x90,0xa5,0xf1,0xad,0xa4,0x95,0x7d,0x8a,0x8a,0x8a,0x8a,0x8a,0x8a,0x8a,0x7d,0x95,0xe2,0xe0,0xa0,0xaf,0x8f,0xb2,0x8a,0x8a,0x8a,0x8a,0x8a,0x8f,0x0d,0x83,0x92,0x37,0x35,0x00,0x04,0x00,0x00,0x00,0x00,0x00,0x00,0x00,0x00,0x00,0x00,0x00,0x00,0x00,0x00,0x00,0x00,0x00,0x00,0x00,0x00,0x00,0x00,0x00,0x00,0x00,0x00,0x00,0x00,0x00,0x00,0x00,0x00,0x00,0x00,0x00,0x00,0x00,0x00,0x00,0x00,0x00,
    0x00,0x00,0x00,0x00,0x00,0x00,0x00,0x00,0x00,0x00,0x00,0x00,0x00,0x00,0x00,0x00,0x00,0x00,0x00,0x00,0x00,0x00,0x00,0x00,0x00,0x00,0x00,0x00,0x00,0x00,0x00,0x00,0x00,0x00,0x00,0x00,0x00,0x00,0x00,0x00,0x00,0x00,0x00,0x00,0x00,0x00,0x00,0x04,0x00,0x22,0x6a,0x4b,0x22,0x00,0x0f,0x2f,0x0e,0x83,0x7d,0xa4,0x90,0x8a,0x8a,0x8a,0x8a,0x95,0x8a,0xa4,0xa4,0xbe,0xd8,0xad,0x7e,0x8f,0x8a,0x8a,0x8a,0x8a,0x8a,0x8a,0x8a,0x8a,0x8a,0x90,0xa3,0xa4,0xa0,0x9f,0x93,0xa0,0x24,0x90,0x8f,0x95,0x95,0xa4,0x0d,0x83,0x0e,0x69,0x36,0x05,0x00,0x01,0x00,0x00,0x00,0x00,0x00,0x00,0x00,0x00,0x00,0x00,0x00,0x00,0x00,0x00,0x00,0x00,0x00,0x00,0x00,0x00,0x00,0x00,0x00,0x00,0x00,0x00,0x00,0x00,0x00,0x00,0x00,0x00,0x00,0x00,0x00,0x00,0x00,0x00,0x00,0x00,
    0x00,0x00,0x00,0x00,0x00,0x00,0x00,0x00,0x00,0x00,0x00,0x00,0x00,0x00,0x00,0x00,0x00,0x00,0x00,0x00,0x00,0x00,0x00,0x00,0x00,0x00,0x00,0x00,0x00,0x00,0x00,0x00,0x00,0x00,0x00,0x00,0x00,0x00,0x00,0x00,0x00,0x00,0x00,0x00,0x00,0x00,0x04,0x00,0x5e,0x2a,0x2a,0x5c,0x14,0x01,0x28,0x50,0x0e,0xa4,0x95,0x0d,0xa4,0x8a,0x8a,0x8a,0x95,0x10,0x8a,0x93,0xa3,0x11,0xb2,0xad,0xaf,0x8f,0x8a,0x8a,0x8a,0x8a,0x8a,0x8a,0x8a,0x8a,0x8f,0x8e,0xad,0xce,0xa4,0xf1,0xa5,0xb4,0xad,0x90,0x8f,0x0d,0xa4,0xa4,0x95,0xa4,0x96,0x8d,0x43,0x51,0x02,0x05,0x00,0x00,0x00,0x00,0x00,0x00,0x00,0x00,0x00,0x00,0x00,0x00,0x00,0x00,0x00,0x00,0x00,0x00,0x00,0x00,0x00,0x00,0x00,0x00,0x00,0x00,0x00,0x00,0x00,0x00,0x00,0x00,0x00,0x00,0x00,0x00,0x00,0x00,0x00,0x00,
    0x00,0x00,0x00,0x00,0x00,0x00,0x00,0x00,0x00,0x00,0x00,0x00,0x00,0x00,0x00,0x00,0x00,0x00,0x00,0x00,0x00,0x00,0x00,0x00,0x00,0x00,0x00,0x00,0x00,0x00,0x00,0x00,0x00,0x00,0x00,0x00,0x00,0x00,0x00,0x00,0x00,0x00,0x00,0x00,0x00,0x02,0x07,0x14,0x57,0x3c,0x57,0x14,0x00,0x25,0x36,0x53,0x83,0x7d,0x7d,0x7d,0xa4,0x90,0x8a,0x8e,0x9f,0xa0,0xaf,0x24,0xbe,0x7e,0x2d,0xad,0x8e,0x8f,0x8f,0x8a,0x8a,0x8a,0x8a,0x8a,0x8a,0x8a,0x8f,0x8e,0xad,0xce,0x0d,0x10,0xdb,0x8e,0xad,0x10,0x8e,0x7d,0x8a,0x8a,0x8a,0x8f,0x7d,0xa1,0xa0,0x4f,0x14,0x05,0x02,0x00,0x00,0x00,0x00,0x00,0x00,0x00,0x00,0x00,0x00,0x00,0x00,0x00,0x00,0x00,0x00,0x00,0x00,0x00,0x00,0x00,0x00,0x00,0x00,0x00,0x00,0x00,0x00,0x00,0x00,0x00,0x00,0x00,0x00,0x00,0x00,0x00,0x00,0x00,
    0x00,0x00,0x00,0x00,0x00,0x00,0x00,0x00,0x00,0x00,0x00,0x00,0x00,0x00,0x00,0x00,0x00,0x00,0x00,0x00,0x00,0x00,0x00,0x00,0x00,0x00,0x00,0x00,0x00,0x00,0x00,0x00,0x00,0x00,0x00,0x00,0x00,0x00,0x00,0x00,0x00,0x00,0x00,0x00,0x00,0x04,0x00,0x51,0x4d,0x4a,0x22,0x05,0x1e,0x2f,0x53,0x7d,0xa4,0x8a,0x8f,0x95,0x8e,0xa4,0x7d,0x95,0xe2,0xa1,0x95,0xbe,0xaa,0x8c,0x13,0xa3,0x8e,0x8f,0x95,0x8a,0x8a,0x8a,0x8a,0x8a,0x8a,0x8a,0x8f,0x9c,0xa0,0x9f,0x8c,0x8c,0xbc,0x11,0xb8,0xa7,0x8e,0x8f,0x8a,0x8a,0x8a,0x8a,0x8f,0x90,0xa9,0x2a,0x0f,0x00,0x04,0x00,0x00,0x00,0x00,0x00,0x00,0x00,0x00,0x00,0x00,0x00,0x00,0x00,0x00,0x00,0x00,0x00,0x00,0x00,0x00,0x00,0x00,0x00,0x00,0x00,0x00,0x00,0x00,0x00,0x00,0x00,0x00,0x00,0x00,0x00,0x00,0x00,0x00,0x00,
    0x00,0x00,0x00,0x00,0x00,0x00,0x00,0x00,0x00,0x00,0x00,0x00,0x00,0x00,0x00,0x00,0x00,0x00,0x00,0x00,0x00,0x00,0x00,0x00,0x00,0x00,0x00,0x00,0x00,0x00,0x00,0x00,0x00,0x00,0x00,0x00,0x00,0x00,0x00,0x00,0x00,0x00,0x00,0x00,0x01,0x02,0x14,0x64,0x4b,0x5c,0x04,0x00,0x1c,0x83,0x53,0x8f,0x95,0x8f,0x90,0x10,0xb4,0x8e,0xaf,0xa7,0xa0,0xaf,0xa3,0xae,0x8c,0x93,0xa0,0xb5,0x9c,0xb4,0xb2,0x7d,0x8a,0x8a,0x8a,0x8a,0x8a,0x8a,0x8f,0xaf,0xa7,0xb5,0xa7,0x13,0x8c,0xad,0x11,0xa3,0x8e,0x8f,0x8a,0x8a,0x8a,0x7d,0x95,0x8f,0x90,0x1d,0x5b,0x0f,0x02,0x04,0x00,0x00,0x00,0x00,0x00,0x00,0x00,0x00,0x00,0x00,0x00,0x00,0x00,0x00,0x00,0x00,0x00,0x00,0x00,0x00,0x00,0x00,0x00,0x00,0x00,0x00,0x00,0x00,0x00,0x00,0x00,0x00,0x00,0x00,0x00,0x00,0x00,0x00,
    0x00,0x00,0x00,0x00,0x00,0x00,0x00,0x00,0x00,0x00,0x00,0x00,0x00,0x00,0x00,0x00,0x00,0x00,0x00,0x00,0x00,0x00,0x00,0x00,0x00,0x00,0x00,0x00,0x00,0x00,0x00,0x00,0x00,0x00,0x00,0x00,0x00,0x00,0x00,0x00,0x00,0x00,0x00,0x00,0x04,0x00,0x1c,0x3c,0x4b,0x49,0x00,0x27,0x2a,0xa5,0x7e,0x8f,0x8f,0x90,0x24,0xbf,0xc8,0xb5,0xa0,0xc2,0x10,0x1d,0xa3,0x9b,0xbc,0x23,0x23,0xc9,0x9c,0xad,0xf1,0x8e,0x8f,0x8a,0x8a,0x8a,0x8a,0x8a,0x8f,0x9c,0x11,0xa3,0x2d,0xa3,0xae,0xbc,0xa6,0xa0,0x1d,0x7d,0x8a,0x8a,0x8a,0x95,0x0d,0x8f,0x95,0xce,0x2d,0x48,0x00,0x04,0x00,0x00,0x00,0x00,0x00,0x00,0x00,0x00,0x00,0x00,0x00,0x00,0x00,0x00,0x00,0x00,0x00,0x00,0x00,0x00,0x00,0x00,0x00,0x00,0x00,0x00,0x00,0x00,0x00,0x00,0x00,0x00,0x00,0x00,0x00,0x00,0x00,0x00,
    0x00,0x00,0x00,0x00,0x00,0x00,0x00,0x00,0x00,0x00,0x00,0x00,0x00,0x00,0x00,0x00,0x00,0x00,0x00,0x00,0x00,0x00,0x00,0x00,0x00,0x00,0x00,0x00,0x00,0x00,0x00,0x00,0x00,0x00,0x00,0x00,0x00,0x00,0x00,0x00,0x00,0x00,0x00,0x00,0x01,0x02,0x5d,0x4b,0x5c,0x01,0x04,0x5c,0x6c,0xa2,0x8a,0x8a,0x8f,0x90,0xde,0xd1,0xd9,0xd1,0xd1,0xa8,0xa3,0x11,0xa6,0x23,0xbc,0x9e,0x93,0xad,0x1d,0xbe,0xad,0xaf,0x95,0x8f,0x8a,0x8a,0x8a,0x8a,0x8f,0x9c,0xb8,0xae,0x8c,0x92,0x13,0xa3,0x32,0xbe,0xce,0x90,0x8a,0x8a,0x8a,0x7d,0x0d,0x95,0x90,0xce,0x9f,0x2f,0x35,0x00,0x05,0x00,0x00,0x00,0x00,0x00,0x00,0x00,0x00,0x00,0x00,0x00,0x00,0x00,0x00,0x00,0x00,0x00,0x00,0x00,0x00,0x00,0x00,0x00,0x00,0x00,0x00,0x00,0x00,0x00,0x00,0x00,0x00,0x00,0x00,0x00,0x00,0x00,
    0x00,0x00,0x00,0x00,0x00,0x00,0x00,0x00,0x00,0x00,0x00,0x00,0x00,0x00,0x00,0x00,0x00,0x00,0x00,0x00,0x00,0x00,0x00,0x00,0x00,0x00,0x00,0x00,0x00,0x00,0x00,0x00,0x00,0x00,0x00,0x00,0x00,0x00,0x00,0x00,0x00,0x00,0x00,0x07,0x00,0x27,0x4f,0x4f,0x14,0x00,0x14,0x2a,0xbc,0x95,0x8f,0x8a,0x95,0xb4,0xbb,0xd1,0xd9,0xd9,0xd9,0xbb,0xa0,0x33,0x9f,0x9b,0x93,0x97,0x7e,0xad,0xb8,0xa0,0xa0,0x9b,0x7e,0xa4,0x95,0xa4,0x90,0x7d,0x8f,0x9c,0xb8,0xa7,0x8c,0x96,0x92,0x97,0xaa,0xd0,0xa0,0xaf,0x95,0x8a,0x8a,0x7d,0x7d,0x90,0x95,0xb4,0xae,0x92,0x36,0x18,0x05,0x00,0x00,0x00,0x00,0x00,0x00,0x00,0x00,0x00,0x00,0x00,0x00,0x00,0x00,0x00,0x00,0x00,0x00,0x00,0x00,0x00,0x00,0x00,0x00,0x00,0x00,0x00,0x00,0x00,0x00,0x00,0x00,0x00,0x00,0x00,0x00,0x00,
    0x00,0x00,0x00,0x00,0x00,0x00,0x00,0x00,0x00,0x00,0x00,0x00,0x00,0x00,0x00,0x00,0x00,0x00,0x00,0x00,0x00,0x00,0x00,0x00,0x00,0x00,0x00,0x00,0x00,0x00,0x00,0x00,0x00,0x00,0x00,0x00,0x00,0x00,0x00,0x00,0x00,0x00,0x00,0x04,0x00,0x3f,0x4f,0x56,0x14,0x02,0x0f,0x34,0x1d,0x7d,0x7d,0x8a,0x8a,0x8e,0xae,0xc7,0xd4,0xbb,0xed,0xbd,0xad,0xaa,0x97,0x8d,0x9b,0x96,0x8c,0xae,0xad,0x9f,0xa7,0xaa,0xaf,0x9c,0x90,0x8e,0x8e,0x90,0x95,0x9c,0x24,0xa7,0x7e,0xba,0x97,0x8d,0x93,0x23,0xc2,0xa1,0x8a,0x8f,0x8a,0x8f,0x95,0xa9,0xb4,0x7d,0x24,0x8d,0x17,0x0f,0x00,0x05,0x00,0x00,0x00,0x00,0x00,0x00,0x00,0x00,0x00,0x00,0x00,0x00,0x00,0x00,0x00,0x00,0x00,0x00,0x00,0x00,0x00,0x00,0x00,0x00,0x00,0x00,0x00,0x00,0x00,0x00,0x00,0x00,0x00,0x00,0x00,0x00,
    0x00,0x00,0x00,0x00,0x00,0x00,0x00,0x00,0x00,0x00,0x00,0x00,0x00,0x00,0x00,0x00,0x00,0x00,0x00,0x00,0x00,0x00,0x00,0x00,0x00,0x00,0x00,0x00,0x00,0x00,0x00,0x00,0x00,0x00,0x00,0x00,0x00,0x00,0x00,0x00,0x00,0x00,0x00,0x07,0x00,0x5d,0x4b,0x68,0x45,0x00,0x4e,0xce,0xa4,0x8f,0x90,0x7d,0x8a,0xa9,0x90,0xaf,0xaf,0xa0,0xdb,0xc2,0xae,0x92,0x8d,0x9b,0x7e,0xd8,0xd8,0xce,0xdb,0xa5,0xae,0xa7,0xb4,0xa9,0xa5,0x10,0xa5,0xce,0x10,0x11,0xdb,0xa0,0xae,0xe1,0xa5,0xa2,0x8d,0x9e,0xc2,0x24,0x90,0x8f,0x7d,0x8f,0x8e,0x11,0x24,0x9c,0xce,0x83,0x41,0x35,0x00,0x05,0x00,0x00,0x00,0x00,0x00,0x00,0x00,0x00,0x00,0x00,0x00,0x00,0x00,0x00,0x00,0x00,0x00,0x00,0x00,0x00,0x00,0x00,0x00,0x00,0x00,0x00,0x00,0x00,0x00,0x00,0x00,0x00,0x00,0x00,0x00,0x00,
    0x00,0x00,0x00,0x00,0x00,0x00,0x00,0x00,0x00,0x00,0x00,0x00,0x00,0x00,0x00,0x00,0x00,0x00,0x00,0x00,0x00,0x00,0x00,0x00,0x00,0x00,0x00,0x00,0x00,0x00,0x00,0x00,0x00,0x00,0x00,0x00,0x00,0x00,0x00,0x00,0x00,0x00,0x00,0x03,0x00,0x60,0x6d,0x5c,0x54,0x27,0x4f,0x24,0xa4,0xa1,0xb4,0x8e,0xa6,0xed,0xd4,0xde,0x23,0xc9,0xdb,0xa3,0x97,0x83,0x97,0xa5,0xa0,0xa0,0xad,0x9f,0xc9,0x9f,0x9e,0x33,0xa6,0xa3,0xa7,0xbc,0xbc,0xa7,0xae,0xbe,0xc9,0xa3,0x11,0x11,0xeb,0xa2,0x97,0x93,0xb5,0x11,0x8e,0x8f,0xb4,0xa1,0x8e,0xce,0xb8,0x9c,0xce,0x8d,0x37,0x35,0x00,0x05,0x00,0x00,0x00,0x00,0x00,0x00,0x00,0x00,0x00,0x00,0x00,0x00,0x00,0x00,0x00,0x00,0x00,0x00,0x00,0x00,0x00,0x00,0x00,0x00,0x00,0x00,0x00,0x00,0x00,0x00,0x00,0x00,0x00,0x00,0x00,0x00,
    0x00,0x00,0x00,0x00,0x00,0x00,0x00,0x00,0x00,0x00,0x00,0x00,0x00,0x00,0x00,0x00,0x00,0x00,0x00,0x00,0x00,0x00,0x00,0x00,0x00,0x00,0x00,0x00,0x00,0x00,0x00,0x00,0x00,0x00,0x00,0x00,0x00,0x00,0x00,0x00,0x00,0x00,0x01,0x02,0x2e,0x56,0x6d,0x76,0x00,0x49,0x4d,0x9e,0x7d,0xb2,0xb4,0xa1,0xd2,0xd9,0xd9,0xd9,0xd1,0xcf,0xa8,0xce,0x8c,0x8d,0x9b,0x2d,0xa6,0xb5,0xb5,0x23,0x33,0x9f,0x92,0x9b,0x92,0x93,0x93,0x92,0x92,0x93,0x92,0xa5,0xa5,0xa3,0xc2,0xbd,0xdc,0xa6,0xba,0xdf,0xc9,0xa3,0x9c,0x9c,0x11,0xa9,0x8e,0xce,0xb8,0x8e,0xa9,0xaa,0x59,0x1b,0x00,0x05,0x00,0x00,0x00,0x00,0x00,0x00,0x00,0x00,0x00,0x00,0x00,0x00,0x00,0x00,0x00,0x00,0x00,0x00,0x00,0x00,0x00,0x00,0x00,0x00,0x00,0x00,0x00,0x00,0x00,0x00,0x00,0x00,0x00,0x00,0x00,0x00,
    0x00,0x00,0x00,0x00,0x00,0x00,0x00,0x00,0x00,0x00,0x00,0x00,0x00,0x00,0x00,0x00,0x00,0x00,0x00,0x00,0x00,0x00,0x00,0x00,0x00,0x00,0x00,0x00,0x00,0x00,0x00,0x00,0x00,0x00,0x00,0x00,0x00,0x00,0x00,0x00,0x00,0x00,0x01,0x00,0x16,0x56,0x6d,0x76,0x00,0x1c,0x52,0xaf,0xd8,0xd8,0x90,0x10,0xbb,0xd1,0xd1,0xd1,0xd9,0xd9,0xbf,0x1d,0xdf,0xdf,0xf2,0x9a,0x98,0x88,0x81,0x88,0xf4,0xa7,0x7e,0x8d,0x96,0x96,0x96,0x83,0x96,0x96,0x9b,0x9b,0xbd,0x98,0xb7,0xf0,0xb7,0x98,0x86,0xdb,0xe1,0xeb,0x10,0x11,0x11,0x24,0x8e,0xba,0xa6,0xb4,0x10,0xa5,0x69,0x29,0x02,0x02,0x00,0x00,0x00,0x00,0x00,0x00,0x00,0x00,0x00,0x00,0x00,0x00,0x00,0x00,0x00,0x00,0x00,0x00,0x00,0x00,0x00,0x00,0x00,0x00,0x00,0x00,0x00,0x00,0x00,0x00,0x00,0x00,0x00,0x00,0x00,0x00,
    0x00,0x00,0x00,0x00,0x00,0x00,0x00,0x00,0x00,0x00,0x00,0x00,0x00,0x00,0x00,0x00,0x00,0x00,0x00,0x00,0x00,0x00,0x00,0x00,0x00,0x00,0x00,0x00,0x00,0x00,0x00,0x00,0x00,0x00,0x00,0x00,0x00,0x00,0x00,0x00,0x00,0x00,0x00,0x04,0x00,0x60,0x6d,0x60,0x00,0x48,0x3d,0x0d,0xeb,0xb2,0x95,0x8e,0xb4,0xae,0xbe,0xc7,0xbf,0xa8,0xb5,0xaf,0xe0,0xbd,0x98,0xd6,0xa7,0x9f,0xa7,0x2d,0xa6,0xd0,0x9b,0x96,0x83,0x83,0x83,0x83,0x83,0x96,0x8c,0xbe,0xbd,0xa5,0xbc,0x23,0x2d,0xaa,0xd0,0x98,0xdc,0xe1,0xc9,0xdb,0x11,0x24,0x8e,0x10,0xbe,0x95,0xb4,0xa5,0x3d,0x1c,0x00,0x18,0x00,0x00,0x00,0x00,0x00,0x00,0x00,0x00,0x00,0x00,0x00,0x00,0x00,0x00,0x00,0x00,0x00,0x00,0x00,0x00,0x00,0x00,0x00,0x00,0x00,0x00,0x00,0x00,0x00,0x00,0x00,0x00,0x00,0x00,0x00,0x00,
    0x00,0x00,0x00,0x00,0x00,0x00,0x00,0x00,0x00,0x00,0x00,0x00,0x00,0x00,0x00,0x00,0x00,0x00,0x00,0x00,0x00,0x00,0x00,0x00,0x00,0x00,0x00,0x00,0x00,0x00,0x00,0x00,0x00,0x00,0x00,0x00,0x00,0x00,0x00,0x00,0x00,0x00,0x00,0x07,0x00,0x5d,0x4b,0x4a,0x1e,0x29,0x69,0xa1,0xe1,0x8f,0x90,0xa9,0x24,0x1d,0x8e,0x9c,0xc9,0xf1,0x10,0xba,0xd6,0x98,0x33,0x8c,0xa6,0x88,0x81,0x33,0x2d,0x8d,0x9e,0x97,0x83,0x83,0x83,0x83,0x83,0x83,0x83,0x9f,0x97,0xd0,0x98,0xd0,0xf0,0xa6,0x8c,0x23,0x98,0xd7,0xa5,0xa3,0xad,0xa9,0x90,0x8f,0x90,0x8a,0xa4,0xa0,0x52,0x35,0x00,0x18,0x00,0x00,0x00,0x00,0x00,0x00,0x00,0x00,0x00,0x00,0x00,0x00,0x00,0x00,0x00,0x00,0x00,0x00,0x00,0x00,0x00,0x00,0x00,0x00,0x00,0x00,0x00,0x00,0x00,0x00,0x00,0x00,0x00,0x00,0x00,0x00,
    0x00,0x00,0x00,0x00,0x00,0x00,0x00,0x00,0x00,0x00,0x00,0x00,0x00,0x00,0x00,0x00,0x00,0x00,0x00,0x00,0x00,0x00,0x00,0x00,0x00,0x00,0x00,0x00,0x00,0x00,0x00,0x00,0x00,0x00,0x07,0x00,0x00,0x02,0x07,0x00,0x00,0x00,0x00,0x05,0x00,0x47,0x50,0x17,0x04,0x1b,0x53,0x10,0xeb,0x0d,0x8a,0xd4,0xcf,0xcf,0xd2,0xd4,0xab,0xdc,0xa2,0xbd,0x98,0x23,0x8c,0xa6,0x98,0xb5,0x65,0xa7,0x80,0x13,0x93,0x96,0x83,0x83,0x83,0x83,0x96,0x9b,0x8d,0x8c,0xb5,0x98,0xa6,0x92,0xd0,0x98,0xbc,0x8c,0x32,0x98,0x9f,0xa3,0xd0,0xa9,0x90,0x8f,0x8a,0x8a,0x8f,0x11,0x4c,0x47,0x07,0x00,0x05,0x00,0x00,0x00,0x00,0x00,0x00,0x00,0x00,0x00,0x00,0x00,0x00,0x00,0x00,0x00,0x00,0x00,0x00,0x00,0x00,0x00,0x00,0x00,0x00,0x00,0x00,0x00,0x00,0x00,0x00,0x00,0x00,0x00,0x00,0x00,
    0x00,0x00,0x00,0x00,0x00,0x00,0x00,0x00,0x00,0x00,0x00,0x00,0x00,0x00,0x00,0x00,0x00,0x00,0x00,0x00,0x00,0x00,0x00,0x00,0x00,0x00,0x00,0x00,0x00,0x00,0x00,0x00,0x00,0x02,0x00,0x02,0x05,0x00,0x00,0x00,0x00,0x00,0x00,0x02,0x02,0x25,0x36,0x17,0x1c,0x28,0x0e,0xa9,0xb8,0xaf,0xb8,0xd1,0xd9,0xd9,0xd9,0xd9,0xd1,0xd4,0xa4,0x9a,0xbd,0x8c,0x9b,0x9a,0xb5,0x8c,0x8c,0xa7,0x98,0xb5,0x8c,0x96,0x83,0x83,0x83,0x83,0x83,0x96,0x7e,0x9e,0x86,0xc7,0x8c,0x92,0xbc,0x98,0xbd,0x97,0x83,0xb7,0xf0,0xa7,0x84,0x10,0x90,0x8f,0x8a,0x8a,0x8f,0xce,0x53,0x4c,0x47,0x1e,0x00,0x05,0x00,0x00,0x00,0x00,0x00,0x00,0x00,0x00,0x00,0x00,0x00,0x00,0x00,0x00,0x00,0x00,0x00,0x00,0x00,0x00,0x00,0x00,0x00,0x00,0x00,0x00,0x00,0x00,0x00,0x00,0x00,0x00,0x00,0x00,
    0x00,0x00,0x00,0x00,0x00,0x00,0x00,0x00,0x00,0x00,0x00,0x00,0x00,0x00,0x00,0x00,0x00,0x00,0x00,0x00,0x00,0x00,0x00,0x00,0x00,0x00,0x00,0x00,0x00,0x00,0x00,0x02,0x02,0x00,0x27,0x00,0x00,0x3f,0x3f,0x07,0x07,0x00,0x02,0x00,0x05,0x00,0x35,0x69,0x17,0x5a,0x0d,0xb8,0x24,0x9c,0x11,0xed,0xd1,0xd1,0xd1,0xca,0xd1,0x32,0xa6,0x98,0x9f,0x8c,0x9f,0x98,0x33,0x8c,0x93,0xbc,0x98,0xd6,0x96,0x96,0x83,0x83,0x83,0x83,0x83,0x96,0x93,0x9f,0x98,0x32,0x93,0x93,0xbc,0x88,0x94,0x9e,0x8c,0x23,0x98,0xbe,0xda,0xe8,0x8e,0x8f,0x8a,0x8f,0x90,0x11,0xa5,0x8c,0x37,0x28,0x1e,0x00,0x04,0x00,0x00,0x00,0x00,0x00,0x00,0x00,0x00,0x00,0x00,0x00,0x00,0x00,0x00,0x00,0x00,0x00,0x00,0x00,0x00,0x00,0x00,0x00,0x00,0x00,0x00,0x00,0x00,0x00,0x00,0x00,0x00,0x00,
    0x00,0x00,0x00,0x00,0x00,0x00,0x00,0x00,0x00,0x00,0x00,0x00,0x00,0x00,0x00,0x00,0x00,0x00,0x00,0x00,0x00,0x00,0x00,0x00,0x00,0x00,0x00,0x00,0x00,0x00,0x00,0x02,0x00,0x38,0x4a,0x49,0x47,0x3c,0x4b,0x38,0x02,0x04,0x00,0x00,0x02,0x02,0x31,0x5b,0x4c,0x43,0x1d,0xb8,0xb4,0x95,0x7d,0xa9,0x11,0xa0,0xa7,0xb5,0x46,0xa7,0xf4,0xd6,0x7e,0x7e,0xa3,0x88,0xe6,0x13,0x9e,0xdd,0xac,0xd7,0x83,0x83,0x83,0x83,0x83,0x83,0x83,0x96,0x8c,0x9f,0x89,0xc8,0xf9,0xf9,0xdd,0xe5,0xb7,0x13,0x93,0x13,0x86,0xd7,0xcc,0xf3,0x8e,0x8f,0x8a,0x8a,0x7d,0xaf,0x36,0x2f,0x0e,0x50,0x2f,0x1c,0x00,0x04,0x00,0x00,0x00,0x00,0x00,0x00,0x00,0x00,0x00,0x00,0x00,0x00,0x00,0x00,0x00,0x00,0x00,0x00,0x00,0x00,0x00,0x00,0x00,0x00,0x00,0x00,0x00,0x00,0x00,0x00,0x00,0x00,
    0x00,0x00,0x00,0x00,0x00,0x00,0x00,0x00,0x00,0x00,0x00,0x00,0x00,0x00,0x00,0x00,0x00,0x00,0x00,0x00,0x00,0x00,0x00,0x00,0x00,0x00,0x00,0x00,0x00,0x01,0x04,0x2e,0x3f,0x4d,0xae,0x41,0x41,0x10,0x9f,0x5a,0x00,0x00,0x14,0x00,0x00,0x02,0x00,0x25,0x17,0x10,0x10,0x7d,0x8a,0x8a,0x8a,0x90,0x8e,0xaf,0xb2,0xd5,0xd5,0xa4,0xd7,0xd0,0x8c,0x92,0xa7,0xa8,0xdd,0xdd,0xdd,0xfe,0xe6,0xd0,0x8c,0x96,0x83,0x83,0x83,0x83,0x83,0x83,0x97,0x9e,0xa8,0xdd,0xfe,0xdd,0xf9,0xfe,0xd4,0x9b,0x93,0xa5,0xf0,0xa6,0xc4,0xc0,0xb4,0x8e,0x8a,0x8a,0x8f,0xa4,0x4c,0x36,0x3d,0x53,0x53,0x2f,0x47,0x00,0x05,0x00,0x00,0x00,0x00,0x00,0x00,0x00,0x00,0x00,0x00,0x00,0x00,0x00,0x00,0x00,0x00,0x00,0x00,0x00,0x00,0x00,0x00,0x00,0x00,0x00,0x00,0x00,0x00,0x00,0x00,0x00,
    0x00,0x00,0x00,0x00,0x00,0x00,0x00,0x00,0x00,0x00,0x00,0x00,0x00,0x00,0x00,0x00,0x00,0x00,0x00,0x00,0x00,0x00,0x00,0x00,0x00,0x00,0x00,0x00,0x00,0x01,0x04,0x1c,0x52,0x3c,0x96,0xaa,0xb8,0xaa,0x83,0x4c,0x0f,0x22,0x38,0x00,0x07,0x00,0x05,0x02,0x1c,0x37,0x9c,0x90,0x7d,0x8a,0x90,0x7d,0xa1,0x95,0xe4,0xc1,0xd3,0x9f,0xbc,0xc2,0x92,0x7e,0x8d,0xd4,0xfe,0xf9,0xf9,0x83,0xd2,0x23,0x8c,0x96,0x83,0x83,0x83,0x83,0x83,0x83,0x96,0x93,0xc7,0xdd,0x92,0x13,0x8c,0xea,0x33,0x93,0x93,0x65,0xae,0xa6,0xcc,0x2b,0xa0,0x9c,0x8f,0x8a,0x8f,0x95,0xb4,0x2a,0x48,0x37,0x8d,0x97,0x4c,0x31,0x00,0x05,0x00,0x00,0x00,0x00,0x00,0x00,0x00,0x00,0x00,0x00,0x00,0x00,0x00,0x00,0x00,0x00,0x00,0x00,0x00,0x00,0x00,0x00,0x00,0x00,0x00,0x00,0x00,0x00,0x00,0x00,
    0x00,0x00,0x00,0x00,0x00,0x00,0x00,0x00,0x00,0x00,0x00,0x00,0x00,0x00,0x00,0x00,0x00,0x00,0x00,0x00,0x00,0x00,0x00,0x00,0x00,0x00,0x00,0x00,0x07,0x07,0x27,0x5b,0x9b,0x24,0xaa,0x8d,0xe8,0xe8,0x96,0x37,0x5a,0x34,0x13,0x31,0x01,0x02,0x05,0x02,0x35,0x3d,0x10,0x8a,0x7d,0x8a,0x7d,0x8f,0x8e,0xb8,0xda,0xea,0xb7,0xc7,0x8c,0xa7,0x13,0x97,0x8c,0xa7,0xde,0x13,0x9e,0xdd,0xde,0x96,0x83,0x83,0x83,0x83,0x83,0x83,0x83,0x83,0x83,0x97,0x9e,0xde,0x23,0x2d,0x23,0x32,0x9b,0x97,0x7e,0xa5,0x9b,0xc7,0x23,0xa6,0xad,0x90,0x8f,0x8a,0x8a,0x8a,0x1d,0x44,0x22,0x0f,0x17,0x9b,0x59,0x5a,0x25,0x01,0x02,0x00,0x00,0x00,0x00,0x00,0x00,0x00,0x00,0x00,0x00,0x00,0x00,0x00,0x00,0x00,0x00,0x00,0x00,0x00,0x00,0x00,0x00,0x00,0x00,0x00,0x00,0x00,0x00,0x00,
    0x00,0x00,0x00,0x00,0x00,0x00,0x00,0x00,0x00,0x00,0x00,0x00,0x00,0x00,0x00,0x00,0x00,0x00,0x00,0x00,0x00,0x00,0x00,0x00,0x00,0x00,0x00,0x00,0x07,0x00,0x5d,0x6a,0xaa,0xe8,0xad,0x97,0xaa,0xad,0x8d,0x53,0x41,0x97,0x50,0x1c,0x00,0x54,0x54,0x00,0x5a,0x59,0x24,0xb2,0x90,0x8a,0x8a,0x95,0x90,0xe4,0xe9,0xb4,0xa6,0x33,0x96,0x9b,0x8d,0x96,0x9b,0x8c,0xae,0xd0,0xd0,0x23,0x96,0x97,0x83,0x83,0x83,0x83,0x83,0x83,0x83,0x83,0x83,0x96,0x92,0x8d,0x23,0xc7,0x32,0x9f,0x9b,0xaa,0xa2,0x97,0x13,0xa3,0x32,0xee,0xe4,0xb2,0x90,0x8f,0x8a,0x8f,0xa4,0x10,0x4e,0x00,0x29,0xce,0x97,0x24,0x4e,0x05,0x01,0x00,0x00,0x00,0x00,0x00,0x00,0x00,0x00,0x00,0x00,0x00,0x00,0x00,0x00,0x00,0x00,0x00,0x00,0x00,0x00,0x00,0x00,0x00,0x00,0x00,0x00,0x00,0x00,0x00,
    0x00,0x00,0x00,0x00,0x00,0x00,0x00,0x00,0x00,0x00,0x00,0x00,0x00,0x00,0x00,0x00,0x00,0x00,0x00,0x00,0x00,0x00,0x00,0x00,0x00,0x00,0x00,0x00,0x07,0x00,0x5d,0x23,0x83,0x9e,0x33,0x9f,0x8c,0x83,0x96,0xba,0x9f,0x96,0xb5,0x42,0x39,0x19,0x00,0x0f,0x5b,0x9b,0x1d,0xa1,0x7d,0x8a,0x8f,0x9c,0xa3,0xc4,0xe9,0xc9,0xc2,0xa3,0xba,0x9b,0x8d,0x1d,0xa5,0x13,0xae,0x9f,0x8d,0x8c,0x7e,0x83,0x83,0x83,0x83,0x7e,0x8d,0x9b,0x7e,0x83,0x83,0x83,0x83,0x83,0x8c,0x93,0x9b,0x9f,0xaa,0x1d,0xa2,0x83,0x9f,0xa0,0xc9,0xd3,0xc4,0xea,0x8e,0x8f,0x7d,0x90,0x96,0x53,0x17,0x31,0x27,0x52,0x1d,0xba,0x4e,0x02,0x04,0x00,0x00,0x00,0x00,0x00,0x00,0x00,0x00,0x00,0x00,0x00,0x00,0x00,0x00,0x00,0x00,0x00,0x00,0x00,0x00,0x00,0x00,0x00,0x00,0x00,0x00,0x00,0x00,0x00,
    0x00,0x00,0x00,0x00,0x00,0x00,0x00,0x00,0x00,0x00,0x00,0x00,0x00,0x00,0x00,0x00,0x00,0x00,0x00,0x00,0x00,0x00,0x00,0x00,0x00,0x00,0x00,0x00,0x04,0x00,0x38,0x29,0x2f,0x8c,0x8d,0xaa,0x7e,0x97,0xaa,0xce,0x92,0x83,0xd7,0x89,0x08,0x20,0x20,0x7b,0x34,0x93,0x8f,0x7d,0x8a,0x8f,0x90,0xb2,0xda,0xc1,0xd3,0xe0,0xe2,0xb8,0x2d,0x93,0x8d,0x8d,0x8d,0x8d,0x8d,0x9b,0x83,0x96,0x83,0x83,0x83,0x83,0x83,0x83,0x96,0x83,0x83,0x83,0x83,0x83,0x83,0x83,0x96,0x9e,0x8d,0xa4,0x1d,0xa2,0xa2,0x96,0xa0,0xb8,0xe1,0xdc,0xd3,0xe4,0x24,0xaf,0x0d,0x96,0x0d,0xa4,0x24,0x52,0x51,0x52,0x10,0x93,0x28,0x00,0x18,0x00,0x00,0x00,0x00,0x00,0x00,0x00,0x00,0x00,0x00,0x00,0x00,0x00,0x00,0x00,0x00,0x00,0x00,0x00,0x00,0x00,0x00,0x00,0x00,0x00,0x00,0x00,0x00,0x00,
    0x00,0x00,0x00,0x00,0x00,0x00,0x00,0x00,0x00,0x00,0x00,0x00,0x00,0x00,0x00,0x00,0x00,0x00,0x00,0x00,0x00,0x00,0x00,0x00,0x00,0x00,0x00,0x00,0x05,0x00,0x58,0x17,0x41,0xa0,0xaa,0x92,0x83,0x7e,0xd8,0x9b,0x93,0x13,0xb7,0x08,0x80,0x85,0x85,0x88,0xd6,0xa3,0x8e,0x8f,0x8f,0x8f,0x8e,0xe4,0xf3,0xa6,0xc2,0xe0,0xf7,0xba,0xbc,0x7e,0x8d,0xa2,0xaa,0xba,0x8d,0x8d,0x8d,0x83,0x83,0x83,0x83,0x83,0x83,0x83,0x92,0x92,0x83,0x83,0x83,0x83,0x83,0x7e,0x9b,0x8d,0x8d,0x8d,0xa2,0x9b,0x96,0x9b,0xa3,0xba,0xe2,0xe1,0xf7,0xbe,0xe4,0xb4,0x90,0x8a,0xa1,0xa1,0xa1,0x44,0x29,0x41,0x8f,0x93,0x28,0x00,0x18,0x00,0x00,0x00,0x00,0x00,0x00,0x00,0x00,0x00,0x00,0x00,0x00,0x00,0x00,0x00,0x00,0x00,0x00,0x00,0x00,0x00,0x00,0x00,0x00,0x00,0x00,0x00,0x00,0x00,
    0x00,0x00,0x00,0x00,0x00,0x00,0x00,0x00,0x00,0x00,0x00,0x00,0x00,0x00,0x00,0x00,0x00,0x00,0x00,0x00,0x00,0x00,0x00,0x00,0x00,0x00,0x00,0x00,0x04,0x00,0x56,0xaa,0x9e,0xbe,0xaa,0x7e,0x97,0x8d,0xd8,0x83,0x96,0xbd,0x81,0x94,0x91,0x87,0x81,0x94,0x06,0x88,0xdb,0x9c,0xa1,0x8e,0x65,0x2b,0x78,0xeb,0xf7,0xeb,0xf2,0xdf,0xa3,0xaa,0x8d,0xba,0xba,0xba,0x8d,0x8d,0x8d,0x83,0x83,0x83,0x83,0x83,0x83,0x7e,0xa7,0xa7,0x96,0x83,0x83,0x83,0x83,0x7e,0x9b,0x8d,0x8d,0x8d,0x8d,0x8d,0x9b,0x13,0xe2,0xb2,0xe0,0xeb,0xe0,0xae,0x2b,0xfb,0x8f,0xa1,0xa1,0x8f,0x7d,0x8f,0x41,0x59,0x53,0x8c,0x28,0x00,0x18,0x00,0x00,0x00,0x00,0x00,0x00,0x00,0x00,0x00,0x00,0x00,0x00,0x00,0x00,0x00,0x00,0x00,0x00,0x00,0x00,0x00,0x00,0x00,0x00,0x00,0x00,0x00,0x00,0x00,
    0x00,0x00,0x00,0x00,0x00,0x00,0x00,0x00,0x00,0x00,0x00,0x00,0x00,0x00,0x00,0x00,0x00,0x00,0x00,0x00,0x00,0x00,0x00,0x00,0x00,0x00,0x00,0x00,0x05,0x00,0x49,0x34,0x13,0x92,0x7e,0x96,0x83,0x96,0xa2,0xa2,0xbd,0x88,0x91,0x80,0x82,0x85,0x88,0x81,0x80,0x84,0x86,0xdb,0xaf,0xb8,0xc5,0xc3,0xae,0xaa,0xf1,0xe1,0xdc,0xe7,0xe0,0xa3,0x92,0x9e,0xa2,0x8d,0x8d,0x8d,0x96,0x83,0x83,0x83,0x83,0x96,0x8c,0xae,0xf2,0xf2,0xae,0x8c,0x96,0x83,0x83,0x83,0x83,0x9b,0x8d,0x8d,0x8d,0x9e,0x97,0xad,0xf2,0xe0,0xf2,0xf1,0xba,0xe8,0xc0,0xd5,0xa9,0x90,0x8f,0x7d,0x90,0x90,0x9c,0x9b,0x53,0x9e,0x29,0x05,0x04,0x00,0x00,0x00,0x00,0x00,0x00,0x00,0x00,0x00,0x00,0x00,0x00,0x00,0x00,0x00,0x00,0x00,0x00,0x00,0x00,0x00,0x00,0x00,0x00,0x00,0x00,0x00,0x00,0x00,
    0x00,0x00,0x00,0x00,0x00,0x00,0x00,0x00,0x00,0x00,0x00,0x00,0x00,0x00,0x00,0x00,0x00,0x00,0x00,0x00,0x00,0x00,0x00,0x00,0x00,0x00,0x00,0x00,0x00,0x01,0x00,0x0f,0x1b,0x17,0x92,0x93,0x97,0x8c,0x9e,0xbd,0x89,0x82,0x8b,0x7f,0x87,0x88,0x80,0x7c,0x84,0x94,0x94,0x85,0xe2,0xe9,0xb9,0xc1,0xc7,0xaf,0xa2,0xad,0xdc,0xf2,0xe0,0xc9,0x7e,0x96,0x8d,0x8d,0x8d,0x96,0x7e,0x83,0x83,0x83,0x83,0x83,0x97,0x13,0xe1,0xe2,0x13,0x97,0x83,0x83,0x83,0x83,0x83,0x83,0x83,0x96,0x9b,0x9b,0xaa,0xb5,0xa0,0xc9,0xf1,0x83,0x97,0xf3,0xc3,0xc5,0x65,0x7e,0xa4,0x8e,0x8e,0x95,0xa1,0xa1,0x7e,0x0d,0x4e,0x05,0x07,0x00,0x00,0x00,0x00,0x00,0x00,0x00,0x00,0x00,0x00,0x00,0x00,0x00,0x00,0x00,0x00,0x00,0x00,0x00,0x00,0x00,0x00,0x00,0x00,0x00,0x00,0x00,0x00,0x00,
    0x00,0x00,0x00,0x00,0x00,0x00,0x00,0x00,0x00,0x00,0x00,0x00,0x00,0x00,0x00,0x00,0x00,0x00,0x00,0x00,0x00,0x00,0x00,0x00,0x00,0x00,0x00,0x00,0x00,0x00,0x02,0x00,0x25,0x0f,0x1b,0xbc,0x9e,0xa3,0xb7,0x85,0x91,0x80,0x81,0x82,0x86,0x7c,0x91,0x84,0x84,0x91,0x9a,0x82,0x98,0x2b,0xb9,0xc4,0xef,0xae,0x92,0x8c,0xbe,0xae,0x13,0xae,0xa0,0x8c,0x9e,0x9b,0x83,0x7e,0x83,0x83,0x83,0x83,0x83,0x83,0x83,0x92,0x83,0x83,0x92,0x83,0x83,0x83,0x83,0x83,0x83,0x83,0x83,0x96,0x83,0x8c,0x33,0xa5,0x8c,0xe2,0xce,0x93,0x23,0xc1,0xc3,0xc3,0xe9,0xa4,0x96,0x8e,0x8e,0x8a,0x95,0xad,0x3c,0x36,0x25,0x00,0x02,0x00,0x00,0x00,0x00,0x00,0x00,0x00,0x00,0x00,0x00,0x00,0x00,0x00,0x00,0x00,0x00,0x00,0x00,0x00,0x00,0x00,0x00,0x00,0x00,0x00,0x00,0x00,0x00,0x00,
    0x00,0x00,0x00,0x00,0x00,0x00,0x00,0x00,0x00,0x00,0x00,0x00,0x00,0x00,0x00,0x00,0x00,0x00,0x00,0x00,0x00,0x00,0x00,0x00,0x00,0x00,0x00,0x00,0x00,0x00,0x00,0x05,0x00,0x00,0x3a,0x1a,0xd7,0x86,0x80,0x9a,0x7c,0x7c,0x7c,0x87,0x82,0x94,0x84,0x7c,0x7c,0x7c,0x81,0x7f,0x86,0x88,0xc0,0xc5,0xc6,0xcc,0xea,0x8d,0xc9,0x32,0x8c,0xa2,0xb5,0xae,0x8c,0x96,0x96,0x83,0x83,0x83,0x83,0x83,0x83,0x83,0x83,0x83,0x83,0x83,0x83,0x83,0x83,0x83,0x83,0x83,0x83,0x96,0x96,0x92,0x93,0x33,0xd3,0x7a,0x78,0xbd,0xb5,0xf3,0xcc,0xc1,0xc1,0xcd,0xd5,0xb2,0x90,0x95,0x8a,0x8a,0x7d,0x10,0x44,0x47,0x00,0x04,0x00,0x00,0x00,0x00,0x00,0x00,0x00,0x00,0x00,0x00,0x00,0x00,0x00,0x00,0x00,0x00,0x00,0x00,0x00,0x00,0x00,0x00,0x00,0x00,0x00,0x00,0x00,0x00,0x00,0x00,
    0x00,0x00,0x00,0x00,0x00,0x00,0x00,0x00,0x00,0x00,0x00,0x00,0x00,0x00,0x00,0x00,0x00,0x00,0x00,0x00,0x00,0x00,0x00,0x00,0x00,0x00,0x00,0x00,0x00,0x00,0x00,0x01,0x02,0x16,0x1f,0x81,0x06,0x7c,0x7c,0x80,0x81,0x82,0x7f,0x85,0x9a,0x7c,0x7c,0x7c,0x7c,0x7c,0x7c,0x82,0x8b,0x7f,0x8b,0x46,0xcc,0xc4,0xc4,0x2b,0xc2,0xc2,0x2b,0xc0,0xc4,0xd3,0x65,0x7e,0x8c,0x97,0x96,0x96,0x96,0x83,0x83,0x83,0x83,0x83,0x83,0x83,0x83,0x83,0x83,0x83,0x96,0x96,0x83,0x93,0x93,0xa5,0xde,0xec,0xc1,0xc5,0xd3,0xf8,0xd3,0xfc,0xc4,0xc1,0xc0,0xc3,0xd5,0xa9,0x90,0x8f,0x8a,0x8a,0x8a,0x90,0xa4,0x2a,0x5f,0x01,0x07,0x00,0x00,0x00,0x00,0x00,0x00,0x00,0x00,0x00,0x00,0x00,0x00,0x00,0x00,0x00,0x00,0x00,0x00,0x00,0x00,0x00,0x00,0x00,0x00,0x00,0x00,0x00,0x00,0x00,
    0x00,0x00,0x00,0x00,0x00,0x00,0x00,0x00,0x00,0x00,0x00,0x00,0x00,0x00,0x00,0x00,0x00,0x00,0x00,0x00,0x00,0x00,0x00,0x00,0x00,0x00,0x00,0x00,0x00,0x00,0x00,0x00,0x01,0x2e,0x3a,0x2c,0x91,0x84,0x82,0x82,0x7c,0x8b,0x88,0x80,0x7c,0x7c,0x7c,0x7c,0x7c,0x7c,0x7c,0x7c,0x82,0x81,0x7c,0x87,0xe3,0xc1,0xc4,0xd3,0xfa,0xfd,0xd0,0xda,0xb6,0xcc,0xef,0xe4,0xa7,0xa2,0x93,0x8c,0x92,0x97,0x96,0x96,0x83,0x83,0x83,0x83,0x83,0x83,0x96,0x97,0x8c,0x8c,0x7e,0x9f,0xf3,0xd3,0xc6,0xc6,0xc1,0xee,0xfa,0xf5,0xfd,0xc2,0x2b,0x9d,0xc0,0xc3,0xd5,0xb2,0x90,0x7d,0x8a,0x8a,0x8a,0xa1,0xba,0xb5,0x68,0x03,0x07,0x00,0x00,0x00,0x00,0x00,0x00,0x00,0x00,0x00,0x00,0x00,0x00,0x00,0x00,0x00,0x00,0x00,0x00,0x00,0x00,0x00,0x00,0x00,0x00,0x00,0x00,0x00,0x00,0x00,
    0x00,0x00,0x00,0x00,0x00,0x00,0x00,0x00,0x00,0x00,0x00,0x00,0x00,0x00,0x00,0x00,0x00,0x00,0x00,0x00,0x00,0x00,0x00,0x00,0x00,0x00,0x00,0x00,0x00,0x00,0x00,0x00,0x54,0x00,0x20,0x1f,0x2c,0x7c,0x9a,0x84,0x7f,0x88,0x86,0x84,0x7c,0x7c,0x7c,0x7c,0x7c,0x7c,0x7c,0x7c,0x7c,0x80,0x86,0x80,0x87,0xe3,0xda,0xf8,0xf5,0xf5,0xfa,0xc0,0xb9,0xcc,0xfc,0xc6,0xc6,0xe4,0xf3,0xa0,0xa5,0xa2,0x7e,0x92,0x97,0x97,0x97,0x97,0x7e,0x83,0x83,0xa2,0x9f,0x33,0xd4,0xc0,0xc4,0xfc,0xfc,0xc6,0xb6,0xd5,0xfa,0xf5,0xf5,0xee,0xb6,0x9d,0xc0,0xb6,0xe9,0x90,0x95,0x90,0x8a,0x8f,0x90,0xa9,0xa2,0x3c,0x76,0x00,0x54,0x00,0x00,0x00,0x00,0x00,0x00,0x00,0x00,0x00,0x00,0x00,0x00,0x00,0x00,0x00,0x00,0x00,0x00,0x00,0x00,0x00,0x00,0x00,0x00,0x00,0x00,0x00,0x00,0x00,
    0x00,0x00,0x00,0x00,0x00,0x00,0x00,0x00,0x00,0x00,0x00,0x00,0x00,0x00,0x00,0x00,0x00,0x00,0x00,0x00,0x00,0x00,0x00,0x00,0x00,0x00,0x00,0x00,0x00,0x00,0x00,0x00,0x00,0x00,0x00,0x19,0x0c,0x86,0x1a,0x86,0x8b,0x87,0x82,0x84,0x7c,0x7c,0x7c,0x7c,0x7c,0x7c,0x7c,0x7c,0x7c,0x80,0x85,0x86,0x82,0x85,0xb1,0xb7,0xfd,0xf5,0xf8,0x9d,0x9d,0xc4,0xc6,0xc6,0xc4,0xb6,0xc1,0xec,0xec,0xd3,0xde,0x32,0x11,0xba,0xa2,0xa2,0xba,0xeb,0xc7,0xda,0xec,0xec,0xcc,0xb9,0xc1,0xc6,0xc6,0xc6,0xb6,0xc3,0xf8,0xfa,0xfd,0xe4,0x9d,0xcd,0xda,0xc5,0xe8,0x9c,0x8f,0x7d,0x8a,0x8f,0x0d,0x17,0x17,0x1b,0x45,0x02,0x02,0x00,0x00,0x00,0x00,0x00,0x00,0x00,0x00,0x00,0x00,0x00,0x00,0x00,0x00,0x00,0x00,0x00,0x00,0x00,0x00,0x00,0x00,0x00,0x00,0x00,0x00,0x00,0x00,0x00,
    0x00,0x00,0x00,0x00,0x00,0x00,0x00,0x00,0x00,0x00,0x00,0x00,0x00,0x00,0x00,0x00,0x00,0x00,0x00,0x00,0x00,0x00,0x00,0x00,0x00,0x00,0x00,0x00,0x00,0x00,0x00,0x00,0x00,0x00,0x54,0x00,0x0c,0x80,0x06,0x7c,0x7c,0x7c,0x7c,0x7c,0x7c,0x7c,0x7c,0x7c,0x7c,0x7c,0x7c,0x7c,0x7c,0x82,0x8b,0x88,0x7f,0x7c,0x7c,0x7f,0xb7,0xee,0xf8,0xcd,0xb9,0xc4,0xc6,0xc6,0xcc,0x2b,0x2b,0xef,0xec,0xef,0xcc,0xd3,0xd8,0xb2,0xb2,0xb2,0xb2,0xb0,0xda,0xcc,0xef,0xec,0xda,0xc5,0x2b,0xef,0xc6,0xcc,0x9d,0xd5,0xee,0xc5,0xee,0xee,0x9d,0xd5,0xee,0xea,0x7d,0x90,0x90,0x8f,0x8a,0x95,0x7e,0x47,0x35,0x31,0x00,0x02,0x00,0x00,0x00,0x00,0x00,0x00,0x00,0x00,0x00,0x00,0x00,0x00,0x00,0x00,0x00,0x00,0x00,0x00,0x00,0x00,0x00,0x00,0x00,0x00,0x00,0x00,0x00,0x00,0x00,0x00,
    0x00,0x00,0x00,0x00,0x00,0x00,0x00,0x00,0x00,0x00,0x00,0x00,0x00,0x00,0x00,0x00,0x00,0x00,0x00,0x00,0x00,0x00,0x00,0x00,0x00,0x00,0x00,0x00,0x00,0x00,0x00,0x00,0x00,0x54,0x01,0x12,0x21,0x7c,0x08,0x7c,0x7c,0x7c,0x7c,0x7c,0x7c,0x7c,0x7c,0x7c,0x7c,0x7c,0x7c,0x7c,0x7c,0x82,0x82,0x85,0x87,0x91,0x91,0x9a,0x8b,0xb1,0x46,0xc3,0xb9,0xc1,0xef,0xe3,0x7f,0x87,0x87,0x88,0x89,0x88,0x85,0xd6,0xb0,0xb0,0xb0,0xb0,0xb0,0xb0,0xf0,0x86,0x88,0x89,0x88,0x88,0x86,0x85,0xe3,0xcc,0x9d,0x99,0xb6,0xb9,0x99,0xc3,0xb6,0xfb,0xa4,0x0d,0xaf,0xb8,0xce,0x9c,0x0d,0x0d,0x0d,0x17,0x1b,0x58,0x14,0x02,0x00,0x00,0x00,0x00,0x00,0x00,0x00,0x00,0x00,0x00,0x00,0x00,0x00,0x00,0x00,0x00,0x00,0x00,0x00,0x00,0x00,0x00,0x00,0x00,0x00,0x00,0x00,0x00,0x00,0x00,
    0x00,0x00,0x00,0x00,0x00,0x00,0x00,0x00,0x00,0x00,0x00,0x00,0x00,0x00,0x00,0x00,0x00,0x00,0x00,0x00,0x00,0x00,0x00,0x00,0x00,0x00,0x00,0x00,0x00,0x00,0x00,0x00,0x00,0x03,0x00,0x26,0x1f,0x84,0x9a,0x7c,0x91,0x91,0x91,0x7c,0x7c,0x7c,0x7c,0x7c,0x7c,0x7c,0x7c,0x7c,0x7c,0x7c,0x7c,0x80,0x85,0x84,0x7c,0x7c,0x80,0x81,0x87,0x81,0xda,0xd3,0x88,0x85,0x82,0x81,0x86,0x89,0x89,0x88,0x98,0xf4,0xe7,0xe7,0xb0,0xb0,0xb0,0xb0,0xd7,0x98,0x88,0x89,0x89,0x89,0x88,0x8b,0x88,0x46,0x99,0x99,0x99,0xb6,0x99,0xb9,0xc5,0xae,0x9c,0x9c,0xe8,0x2b,0xe4,0x1d,0x96,0x8a,0x8f,0x9c,0xaa,0x4d,0x3f,0x01,0x04,0x00,0x00,0x00,0x00,0x00,0x00,0x00,0x00,0x00,0x00,0x00,0x00,0x00,0x00,0x00,0x00,0x00,0x00,0x00,0x00,0x00,0x00,0x00,0x00,0x00,0x00,0x00,0x00,0x00,
    0x00,0x00,0x00,0x00,0x00,0x00,0x00,0x00,0x00,0x00,0x00,0x00,0x00,0x00,0x00,0x00,0x00,0x00,0x00,0x00,0x00,0x00,0x00,0x00,0x00,0x00,0x00,0x00,0x00,0x00,0x00,0x00,0x00,0x00,0x03,0x54,0x15,0x91,0x08,0x7c,0x7c,0x7c,0x7c,0x7c,0x7c,0x7c,0x7c,0x7c,0x7c,0x7c,0x7c,0x7c,0x7c,0x7c,0x7c,0x82,0x7f,0x82,0x7c,0x7c,0x80,0x7f,0x82,0x80,0x85,0x88,0x86,0x80,0x7f,0x7f,0x87,0x88,0x89,0x89,0x98,0xb5,0xa2,0xb0,0xb0,0xb0,0xb0,0x8d,0xa6,0x87,0x89,0x89,0x89,0x85,0x7f,0x7f,0x82,0x88,0xc0,0xb9,0xb6,0x99,0x99,0x9d,0xd5,0xb8,0x9c,0xb8,0xc4,0xc3,0xc1,0xfb,0x90,0x8f,0x8a,0x7d,0x1d,0x4d,0x38,0x00,0x04,0x00,0x00,0x00,0x00,0x00,0x00,0x00,0x00,0x00,0x00,0x00,0x00,0x00,0x00,0x00,0x00,0x00,0x00,0x00,0x00,0x00,0x00,0x00,0x00,0x00,0x00,0x00,0x00,0x00,
    0x00,0x00,0x00,0x00,0x00,0x00,0x00,0x00,0x00,0x00,0x00,0x00,0x00,0x00,0x00,0x00,0x00,0x00,0x00,0x00,0x00,0x00,0x00,0x00,0x00,0x00,0x00,0x00,0x00,0x00,0x00,0x00,0x00,0x00,0x03,0x00,0x26,0x0c,0x08,0x84,0x08,0x7c,0x7c,0x7c,0x7c,0x7c,0x7c,0x7c,0x7c,0x7c,0x7c,0x7c,0x7c,0x7c,0x7c,0x7c,0x80,0x82,0x7c,0x7c,0x82,0x7f,0x7f,0x82,0x82,0x82,0x85,0x87,0x81,0x7f,0x81,0x7f,0x85,0x85,0xe2,0x7e,0x97,0x83,0x9b,0x8d,0x96,0x83,0x8c,0xb2,0x94,0x89,0x80,0x80,0x7f,0x7f,0x81,0x88,0x88,0xc0,0xb9,0xb6,0x99,0x9d,0xc3,0xbc,0xaf,0xfb,0xb6,0xcd,0xcd,0xc5,0x24,0x0d,0x8f,0x8a,0xa1,0x44,0x29,0x49,0x02,0x05,0x00,0x00,0x00,0x00,0x00,0x00,0x00,0x00,0x00,0x00,0x00,0x00,0x00,0x00,0x00,0x00,0x00,0x00,0x00,0x00,0x00,0x00,0x00,0x00,0x00,0x00,0x00,0x00,
    0x00,0x00,0x00,0x00,0x00,0x00,0x00,0x00,0x00,0x00,0x00,0x00,0x00,0x00,0x00,0x00,0x00,0x00,0x00,0x00,0x00,0x00,0x00,0x00,0x00,0x00,0x00,0x00,0x00,0x00,0x00,0x00,0x00,0x00,0x00,0x03,0x00,0x19,0x0c,0x3e,0x84,0x84,0x7c,0x7c,0x7c,0x7c,0x7c,0x7c,0x7c,0x7c,0x7c,0x7c,0x7c,0x7c,0x7c,0x7c,0x7c,0x7c,0x7c,0x7c,0x82,0x7f,0x7f,0x7f,0x7f,0x7f,0x8b,0x86,0x81,0x7f,0x7f,0x7f,0x7c,0x8b,0xc2,0x96,0x93,0x96,0x7e,0x83,0x9b,0x9b,0x92,0xbe,0x8b,0x7f,0x81,0x7f,0x7f,0x7f,0x7f,0x81,0x87,0x86,0xc5,0x9d,0x99,0x99,0x99,0xe9,0x7d,0xe9,0xb6,0x99,0x9d,0xcd,0xe8,0xaf,0x8f,0x8f,0x8a,0x8f,0x10,0x4a,0x00,0x04,0x00,0x00,0x00,0x00,0x00,0x00,0x00,0x00,0x00,0x00,0x00,0x00,0x00,0x00,0x00,0x00,0x00,0x00,0x00,0x00,0x00,0x00,0x00,0x00,0x00,0x00,0x00,0x00,
    0x00,0x00,0x00,0x00,0x00,0x00,0x00,0x00,0x00,0x00,0x00,0x00,0x00,0x00,0x00,0x00,0x00,0x00,0x00,0x00,0x00,0x00,0x00,0x00,0x00,0x00,0x00,0x00,0x00,0x00,0x00,0x00,0x00,0x00,0x00,0x00,0x03,0x00,0x19,0x26,0x0a,0x82,0x7c,0x84,0x7c,0x7c,0x82,0x7c,0x7c,0x7c,0x7c,0x7c,0x7c,0x7c,0x7c,0x7c,0x7c,0x7c,0x7c,0x7c,0x7c,0x81,0x7f,0x7f,0x7f,0x85,0x80,0x88,0x87,0x81,0x7f,0x7f,0x7f,0x80,0x89,0xf0,0xa5,0x9b,0x8d,0x8d,0xa2,0x9e,0xb5,0x89,0x8b,0x81,0x7f,0x7f,0x7f,0x7f,0x7f,0x81,0x82,0x85,0x46,0x9d,0x99,0x99,0x9d,0xc3,0xea,0xea,0xb6,0x99,0x99,0xcd,0xea,0x90,0x8f,0x90,0x8e,0x8e,0x43,0x58,0x02,0x04,0x00,0x00,0x00,0x00,0x00,0x00,0x00,0x00,0x00,0x00,0x00,0x00,0x00,0x00,0x00,0x00,0x00,0x00,0x00,0x00,0x00,0x00,0x00,0x00,0x00,0x00,0x00,0x00,
    0x00,0x00,0x00,0x00,0x00,0x00,0x00,0x00,0x00,0x00,0x00,0x00,0x00,0x00,0x00,0x00,0x00,0x00,0x00,0x00,0x00,0x00,0x00,0x00,0x00,0x00,0x00,0x00,0x00,0x00,0x00,0x00,0x00,0x00,0x00,0x00,0x00,0x01,0x00,0x00,0x09,0x0a,0x7f,0x7c,0x84,0x91,0x7c,0x7c,0x7c,0x7c,0x7c,0x7c,0x7c,0x7c,0x7c,0x7c,0x7c,0x7c,0x7c,0x7c,0x7c,0x82,0x7f,0x7f,0x7f,0x85,0x81,0x8b,0x88,0x7f,0x7f,0x7f,0x7f,0x7f,0x82,0x86,0xd7,0xd8,0x8d,0x8d,0xd8,0xbd,0x87,0x9a,0x7f,0x7f,0x7f,0x7f,0x81,0x81,0x8b,0x87,0x86,0x7f,0x88,0xc0,0x9d,0xb6,0x99,0x99,0xb6,0x2b,0xc5,0x9d,0x99,0xb6,0xe4,0xa0,0x9c,0xce,0x11,0x41,0x1b,0x1e,0x05,0x02,0x00,0x00,0x00,0x00,0x00,0x00,0x00,0x00,0x00,0x00,0x00,0x00,0x00,0x00,0x00,0x00,0x00,0x00,0x00,0x00,0x00,0x00,0x00,0x00,0x00,0x00,0x00,0x00,
    0x00,0x00,0x00,0x00,0x00,0x00,0x00,0x00,0x00,0x00,0x00,0x00,0x00,0x00,0x00,0x00,0x00,0x00,0x00,0x00,0x00,0x00,0x00,0x00,0x00,0x00,0x00,0x00,0x00,0x00,0x00,0x00,0x00,0x00,0x00,0x00,0x00,0x00,0x01,0x54,0x66,0x60,0x20,0x6f,0x7c,0x1a,0x84,0x91,0x7c,0x7c,0x7c,0x7c,0x7c,0x7c,0x7c,0x7c,0x7c,0x7c,0x7c,0x7c,0x7c,0x82,0x7f,0x81,0x7f,0x85,0x7f,0x81,0x85,0x85,0x81,0x81,0x7f,0x7f,0x80,0x9a,0xb7,0xbd,0x9e,0x92,0xb5,0xb7,0x91,0x82,0x81,0x7f,0x81,0x8b,0x85,0x86,0x88,0x88,0x87,0x85,0x98,0x2b,0xb9,0xb6,0x99,0x99,0x9d,0xb6,0xcd,0x99,0x9d,0x9d,0xf3,0xa9,0x8e,0xa0,0x79,0x3f,0x14,0x00,0x01,0x00,0x00,0x00,0x00,0x00,0x00,0x00,0x00,0x00,0x00,0x00,0x00,0x00,0x00,0x00,0x00,0x00,0x00,0x00,0x00,0x00,0x00,0x00,0x00,0x00,0x00,0x00,0x00,0x00,
    0x00,0x00,0x00,0x00,0x00,0x00,0x00,0x00,0x00,0x00,0x00,0x00,0x00,0x00,0x00,0x00,0x00,0x00,0x00,0x00,0x00,0x00,0x00,0x00,0x00,0x00,0x00,0x00,0x00,0x00,0x00,0x00,0x00,0x00,0x00,0x00,0x00,0x00,0x03,0x04,0x60,0x70,0x61,0x75,0xd5,0x46,0x87,0x81,0x91,0x08,0x7c,0x7c,0x7c,0x7c,0x7c,0x7c,0x7c,0x7c,0x7c,0x7c,0x7c,0x80,0x7f,0x7c,0x7f,0x87,0x82,0x82,0x82,0x86,0x89,0x86,0x7f,0x7f,0x85,0x8b,0x82,0x88,0xbd,0xb5,0x88,0x84,0x8b,0x89,0x85,0x8b,0x86,0x88,0x88,0x87,0x8b,0x81,0x81,0x80,0x89,0xd5,0x9d,0x99,0x99,0x99,0x99,0x99,0x9d,0xc5,0xc5,0xb9,0xc3,0x9f,0xaf,0x44,0x3f,0x00,0x02,0x02,0x00,0x00,0x00,0x00,0x00,0x00,0x00,0x00,0x00,0x00,0x00,0x00,0x00,0x00,0x00,0x00,0x00,0x00,0x00,0x00,0x00,0x00,0x00,0x00,0x00,0x00,0x00,0x00,0x00,0x00,
    0x00,0x00,0x00,0x00,0x00,0x00,0x00,0x00,0x00,0x00,0x00,0x00,0x00,0x00,0x00,0x00,0x00,0x00,0x00,0x00,0x00,0x00,0x00,0x00,0x00,0x00,0x00,0x00,0x00,0x00,0x00,0x00,0x00,0x00,0x00,0x00,0x00,0x00,0x02,0x00,0x45,0x40,0x99,0xb9,0x9d,0x9d,0xc0,0x46,0x8b,0x7f,0x80,0x82,0x7c,0x7c,0x7c,0x7c,0x7c,0x7c,0x7c,0x7c,0x7c,0x82,0x7f,0x7c,0x81,0x85,0x7c,0x80,0x81,0x7f,0x86,0x89,0x89,0x7f,0xbf,0x8b,0x7f,0x7c,0x86,0x88,0x80,0x81,0x86,0xab,0x94,0x89,0x87,0x80,0x80,0x81,0x7f,0x7f,0x7f,0x80,0x88,0xda,0x9d,0xc0,0xb6,0x99,0x99,0x99,0x99,0x99,0x63,0x99,0x9d,0xe9,0xa4,0x48,0x45,0x05,0x05,0x00,0x00,0x00,0x00,0x00,0x00,0x00,0x00,0x00,0x00,0x00,0x00,0x00,0x00,0x00,0x00,0x00,0x00,0x00,0x00,0x00,0x00,0x00,0x00,0x00,0x00,0x00,0x00,0x00,0x00,0x00,
    0x00,0x00,0x00,0x00,0x00,0x00,0x00,0x00,0x00,0x00,0x00,0x00,0x00,0x00,0x00,0x00,0x00,0x00,0x00,0x00,0x00,0x00,0x00,0x00,0x00,0x00,0x00,0x00,0x00,0x00,0x00,0x00,0x00,0x00,0x00,0x00,0x00,0x00,0x00,0x02,0x00,0x45,0x62,0x61,0x71,0xc3,0xcd,0xc5,0x6f,0x1f,0x1a,0x1a,0x82,0x91,0x84,0x7c,0x7c,0x7c,0x7c,0x7c,0x7c,0x7c,0x82,0x82,0x7f,0x85,0x80,0x7f,0x7f,0x7f,0x81,0x7f,0x85,0xb1,0xa8,0x88,0x88,0x85,0x82,0x82,0x8b,0x87,0x89,0xac,0xb3,0x7f,0x7c,0x82,0x81,0x7f,0x7f,0x7f,0x8b,0x85,0x87,0xe3,0xc5,0x2b,0xcd,0x99,0x99,0x99,0xb6,0x9d,0x61,0x61,0x99,0x99,0x7a,0x48,0x02,0x04,0x00,0x00,0x00,0x00,0x00,0x00,0x00,0x00,0x00,0x00,0x00,0x00,0x00,0x00,0x00,0x00,0x00,0x00,0x00,0x00,0x00,0x00,0x00,0x00,0x00,0x00,0x00,0x00,0x00,0x00,0x00,0x00,
    0x00,0x00,0x00,0x00,0x00,0x00,0x00,0x00,0x00,0x00,0x00,0x00,0x00,0x00,0x00,0x00,0x00,0x00,0x00,0x00,0x00,0x00,0x00,0x00,0x00,0x00,0x00,0x00,0x00,0x00,0x00,0x00,0x00,0x00,0x00,0x00,0x00,0x00,0x00,0x00,0x02,0x00,0x01,0x67,0x40,0x40,0x40,0x40,0x62,0x60,0x70,0x2b,0x46,0x87,0x8b,0x84,0x84,0x7c,0x7c,0x7c,0x7c,0x7c,0x84,0x84,0x7f,0x86,0x91,0x7f,0x7f,0x7f,0x7f,0x7f,0x8b,0xb3,0xab,0x88,0x85,0x8b,0x7f,0x81,0x7f,0x7f,0x88,0xac,0xa8,0x8b,0x84,0x82,0x81,0x7f,0x7f,0x81,0x87,0x87,0x82,0x1a,0x46,0x40,0x99,0x9d,0x99,0x99,0x9d,0x75,0x40,0x40,0x77,0x99,0x77,0x22,0x00,0x07,0x00,0x00,0x00,0x00,0x00,0x00,0x00,0x00,0x00,0x00,0x00,0x00,0x00,0x00,0x00,0x00,0x00,0x00,0x00,0x00,0x00,0x00,0x00,0x00,0x00,0x00,0x00,0x00,0x00,0x00,0x00,0x00,
    0x00,0x00,0x00,0x00,0x00,0x00,0x00,0x00,0x00,0x00,0x00,0x00,0x00,0x00,0x00,0x00,0x00,0x00,0x00,0x00,0x00,0x00,0x00,0x00,0x00,0x00,0x00,0x00,0x00,0x00,0x00,0x00,0x00,0x00,0x00,0x00,0x00,0x00,0x00,0x00,0x00,0x02,0x02,0x00,0x14,0x72,0x72,0x45,0x00,0x67,0x71,0xb9,0x99,0x2b,0x46,0x08,0xf4,0x08,0x80,0x7c,0x7c,0x80,0x82,0x84,0x7c,0x87,0x84,0x82,0x81,0x7f,0x7f,0x7f,0x87,0xac,0xbf,0x86,0x82,0x81,0x7f,0x7f,0x7f,0x81,0x86,0xab,0xab,0x87,0x84,0x82,0x81,0x7f,0x85,0x8b,0x7f,0x81,0x84,0x7c,0x06,0xc3,0xb9,0x9d,0x99,0xb9,0xc3,0x63,0x67,0x6b,0xd5,0x77,0x62,0x01,0x02,0x00,0x00,0x00,0x00,0x00,0x00,0x00,0x00,0x00,0x00,0x00,0x00,0x00,0x00,0x00,0x00,0x00,0x00,0x00,0x00,0x00,0x00,0x00,0x00,0x00,0x00,0x00,0x00,0x00,0x00,0x00,0x00,0x00,
    0x00,0x00,0x00,0x00,0x00,0x00,0x00,0x00,0x00,0x00,0x00,0x00,0x00,0x00,0x00,0x00,0x00,0x00,0x00,0x00,0x00,0x00,0x00,0x00,0x00,0x00,0x00,0x00,0x00,0x00,0x00,0x00,0x00,0x00,0x00,0x00,0x00,0x00,0x00,0x00,0x00,0x00,0x00,0x07,0x00,0x00,0x00,0x00,0x07,0x18,0x62,0x61,0xcd,0x9d,0x9d,0xc0,0x46,0x80,0x7c,0x08,0x7c,0x81,0x8b,0x80,0x7f,0x85,0x82,0x7c,0x81,0x7f,0x7f,0x81,0x86,0xab,0xab,0x86,0x80,0x7f,0x7f,0x7f,0x7f,0x82,0x87,0xab,0xbf,0x86,0x80,0x7f,0x7f,0x7f,0x85,0x85,0x8b,0x7f,0x91,0x91,0x9a,0x70,0x71,0xc3,0x75,0x61,0x40,0x5f,0x67,0x6b,0x63,0x62,0x00,0x02,0x00,0x00,0x00,0x00,0x00,0x00,0x00,0x00,0x00,0x00,0x00,0x00,0x00,0x00,0x00,0x00,0x00,0x00,0x00,0x00,0x00,0x00,0x00,0x00,0x00,0x00,0x00,0x00,0x00,0x00,0x00,0x00,0x00,0x00,
    0x00,0x00,0x00,0x00,0x00,0x00,0x00,0x00,0x00,0x00,0x00,0x00,0x00,0x00,0x00,0x00,0x00,0x00,0x00,0x00,0x00,0x00,0x00,0x00,0x00,0x00,0x00,0x00,0x00,0x00,0x00,0x00,0x00,0x00,0x00,0x00,0x00,0x00,0x00,0x00,0x00,0x00,0x00,0x00,0x01,0x07,0x07,0x02,0x00,0x01,0x00,0x67,0x6b,0x63,0x63,0x63,0x6b,0x0c,0x81,0x7c,0x08,0x82,0x8b,0x81,0x87,0x8b,0x80,0x81,0x7f,0x7f,0x7f,0x80,0x86,0xbf,0xab,0x87,0x84,0x80,0x80,0x7f,0x7f,0x82,0x81,0xac,0xbf,0x86,0x80,0x7f,0x7f,0x7f,0x85,0x86,0x7f,0x81,0x82,0x7c,0x84,0x1f,0x3a,0x40,0x40,0x62,0x72,0x00,0x04,0x66,0x66,0x01,0x02,0x01,0x00,0x00,0x00,0x00,0x00,0x00,0x00,0x00,0x00,0x00,0x00,0x00,0x00,0x00,0x00,0x00,0x00,0x00,0x00,0x00,0x00,0x00,0x00,0x00,0x00,0x00,0x00,0x00,0x00,0x00,0x00,0x00,0x00,0x00,
    0x00,0x00,0x00,0x00,0x00,0x00,0x00,0x00,0x00,0x00,0x00,0x00,0x00,0x00,0x00,0x00,0x00,0x00,0x00,0x00,0x00,0x00,0x00,0x00,0x00,0x00,0x00,0x00,0x00,0x00,0x00,0x00,0x00,0x00,0x00,0x00,0x00,0x00,0x00,0x00,0x00,0x00,0x00,0x00,0x00,0x00,0x00,0x00,0x00,0x00,0x04,0x00,0x5f,0x66,0x5f,0x66,0x27,0x26,0x39,0x0a,0x85,0x7f,0x06,0x80,0x87,0x7f,0x82,0x82,0x81,0x7f,0x7f,0x80,0x86,0xbf,0xab,0x87,0x91,0x7c,0x82,0x7f,0x7f,0x81,0x8b,0xb3,0xbb,0x86,0x82,0x81,0x7f,0x80,0x85,0x85,0x84,0x7c,0x7c,0x7c,0x08,0x06,0x0b,0x45,0x45,0x00,0x00,0x07,0x00,0x00,0x00,0x00,0x00,0x00,0x00,0x00,0x00,0x00,0x00,0x00,0x00,0x00,0x00,0x00,0x00,0x00,0x00,0x00,0x00,0x00,0x00,0x00,0x00,0x00,0x00,0x00,0x00,0x00,0x00,0x00,0x00,0x00,0x00,0x00,0x00,0x00,0x00,0x00,
    0x00,0x00,0x00,0x00,0x00,0x00,0x00,0x00,0x00,0x00,0x00,0x00,0x00,0x00,0x00,0x00,0x00,0x00,0x00,0x00,0x00,0x00,0x00,0x00,0x00,0x00,0x00,0x00,0x00,0x00,0x00,0x00,0x00,0x00,0x00,0x00,0x00,0x00,0x00,0x00,0x00,0x00,0x00,0x00,0x00,0x00,0x00,0x00,0x00,0x00,0x00,0x02,0x00,0x00,0x00,0x01,0x01,0x00,0x00,0x00,0x0b,0x30,0x7f,0x82,0x8b,0x84,0x7c,0x7c,0x7c,0x7c,0x81,0x80,0x88,0xd4,0xab,0x87,0x84,0x7c,0x82,0x7f,0x81,0x82,0x81,0xb3,0xd4,0x87,0x91,0x7c,0x7c,0x91,0x7f,0x7f,0x84,0x82,0x80,0x80,0x06,0x7f,0x3a,0x00,0x00,0x07,0x02,0x00,0x00,0x00,0x07,0x00,0x00,0x00,0x00,0x00,0x00,0x00,0x00,0x00,0x00,0x00,0x00,0x00,0x00,0x00,0x00,0x00,0x00,0x00,0x00,0x00,0x00,0x00,0x00,0x00,0x00,0x00,0x00,0x00,0x00,0x00,0x00,0x00,0x00,0x00,0x00,0x00,
    0x00,0x00,0x00,0x00,0x00,0x00,0x00,0x00,0x00,0x00,0x00,0x00,0x00,0x00,0x00,0x00,0x00,0x00,0x00,0x00,0x00,0x00,0x00,0x00,0x00,0x00,0x00,0x00,0x00,0x00,0x00,0x00,0x00,0x00,0x00,0x00,0x00,0x00,0x00,0x00,0x00,0x00,0x00,0x00,0x00,0x00,0x00,0x00,0x00,0x00,0x00,0x00,0x07,0x07,0x07,0x03,0x07,0x01,0x03,0x03,0x00,0x0b,0x15,0x30,0x82,0x91,0x82,0x7c,0x7c,0x82,0x7f,0x82,0x88,0xd4,0xd6,0x87,0x84,0x7c,0x7c,0x80,0x81,0x81,0x81,0xb3,0xde,0x87,0x84,0x7c,0x7c,0x7c,0x8b,0x8b,0x80,0x7f,0x7f,0x7f,0x7f,0x82,0x21,0x12,0x03,0x03,0x00,0x00,0x00,0x00,0x00,0x00,0x00,0x00,0x00,0x00,0x00,0x00,0x00,0x00,0x00,0x00,0x00,0x00,0x00,0x00,0x00,0x00,0x00,0x00,0x00,0x00,0x00,0x00,0x00,0x00,0x00,0x00,0x00,0x00,0x00,0x00,0x00,0x00,0x00,0x00,0x00,0x00,
    0x00,0x00,0x00,0x00,0x00,0x00,0x00,0x00,0x00,0x00,0x00,0x00,0x00,0x00,0x00,0x00,0x00,0x00,0x00,0x00,0x00,0x00,0x00,0x00,0x00,0x00,0x00,0x00,0x00,0x00,0x00,0x00,0x00,0x00,0x00,0x00,0x00,0x00,0x00,0x00,0x00,0x00,0x00,0x00,0x00,0x00,0x00,0x00,0x00,0x00,0x00,0x00,0x00,0x00,0x00,0x00,0x00,0x00,0x00,0x01,0x03,0x2e,0x09,0x15,0x9a,0x08,0x7c,0x7c,0x7c,0x81,0x7f,0x82,0x88,0xd4,0xd6,0x7f,0x91,0x7c,0x82,0x81,0x7f,0x7f,0x8b,0x9a,0xde,0x8b,0x91,0x7c,0x80,0x7f,0x87,0x87,0x81,0x7f,0x7f,0x7f,0x81,0x82,0x3e,0x0c,0x00,0x03,0x00,0x00,0x00,0x00,0x00,0x00,0x00,0x00,0x00,0x00,0x00,0x00,0x00,0x00,0x00,0x00,0x00,0x00,0x00,0x00,0x00,0x00,0x00,0x00,0x00,0x00,0x00,0x00,0x00,0x00,0x00,0x00,0x00,0x00,0x00,0x00,0x00,0x00,0x00,0x00,0x00,0x00,
    0x00,0x00,0x00,0x00,0x00,0x00,0x00,0x00,0x00,0x00,0x00,0x00,0x00,0x00,0x00,0x00,0x00,0x00,0x00,0x00,0x00,0x00,0x00,0x00,0x00,0x00,0x00,0x00,0x00,0x00,0x00,0x00,0x00,0x00,0x00,0x00,0x00,0x00,0x00,0x00,0x00,0x00,0x00,0x00,0x00,0x00,0x00,0x00,0x00,0x00,0x00,0x00,0x00,0x00,0x00,0x00,0x00,0x00,0x00,0x00,0x54,0x00,0x26,0x1f,0x7c,0x08,0x7c,0x7c,0x80,0x7f,0x7f,0x81,0x85,0x32,0xd6,0x87,0x91,0x81,0x8b,0x7f,0x7f,0x7f,0x8b,0x82,0xde,0x94,0x9a,0x91,0x82,0x81,0x87,0x8b,0x81,0x7f,0x7f,0x7f,0x82,0x91,0x08,0x1f,0x09,0x01,0x03,0x00,0x00,0x00,0x00,0x00,0x00,0x00,0x00,0x00,0x00,0x00,0x00,0x00,0x00,0x00,0x00,0x00,0x00,0x00,0x00,0x00,0x00,0x00,0x00,0x00,0x00,0x00,0x00,0x00,0x00,0x00,0x00,0x00,0x00,0x00,0x00,0x00,0x00,0x00,0x00,0x00,
    0x00,0x00,0x00,0x00,0x00,0x00,0x00,0x00,0x00,0x00,0x00,0x00,0x00,0x00,0x00,0x00,0x00,0x00,0x00,0x00,0x00,0x00,0x00,0x00,0x00,0x00,0x00,0x00,0x00,0x00,0x00,0x00,0x00,0x00,0x00,0x00,0x00,0x00,0x00,0x00,0x00,0x00,0x00,0x00,0x00,0x00,0x00,0x00,0x00,0x00,0x00,0x00,0x00,0x00,0x00,0x00,0x00,0x00,0x00,0x00,0x00,0x03,0x09,0x30,0x84,0x7c,0x7c,0x7c,0x82,0x7c,0x91,0x9a,0x82,0xdd,0xab,0x86,0x91,0x82,0x82,0x80,0x81,0x80,0x80,0x82,0xdd,0xd7,0x80,0x7c,0x81,0x80,0x87,0x7f,0x84,0x7c,0x7c,0x7c,0x7c,0x91,0x91,0x30,0x55,0x00,0x54,0x00,0x00,0x00,0x00,0x00,0x00,0x00,0x00,0x00,0x00,0x00,0x00,0x00,0x00,0x00,0x00,0x00,0x00,0x00,0x00,0x00,0x00,0x00,0x00,0x00,0x00,0x00,0x00,0x00,0x00,0x00,0x00,0x00,0x00,0x00,0x00,0x00,0x00,0x00,0x00,0x00,
    0x00,0x00,0x00,0x00,0x00,0x00,0x00,0x00,0x00,0x00,0x00,0x00,0x00,0x00,0x00,0x00,0x00,0x00,0x00,0x00,0x00,0x00,0x00,0x00,0x00,0x00,0x00,0x00,0x00,0x00,0x00,0x00,0x00,0x00,0x00,0x00,0x00,0x00,0x00,0x00,0x00,0x00,0x00,0x00,0x00,0x00,0x00,0x00,0x00,0x00,0x00,0x00,0x00,0x00,0x00,0x00,0x00,0x00,0x00,0x00,0x00,0x00,0x55,0x2c,0x91,0x84,0x84,0x91,0x91,0x91,0x9a,0x94,0x81,0xed,0xb3,0x81,0x7c,0x7c,0x7c,0x7c,0x7c,0x84,0x91,0x85,0xed,0x91,0x7f,0x7f,0x7f,0x81,0x85,0x85,0x91,0x7c,0x7c,0x7c,0x7c,0x7c,0x84,0x08,0x1f,0x09,0x00,0x01,0x00,0x00,0x00,0x00,0x00,0x00,0x00,0x00,0x00,0x00,0x00,0x00,0x00,0x00,0x00,0x00,0x00,0x00,0x00,0x00,0x00,0x00,0x00,0x00,0x00,0x00,0x00,0x00,0x00,0x00,0x00,0x00,0x00,0x00,0x00,0x00,0x00,0x00,0x00,0x00,
    0x00,0x00,0x00,0x00,0x00,0x00,0x00,0x00,0x00,0x00,0x00,0x00,0x00,0x00,0x00,0x00,0x00,0x00,0x00,0x00,0x00,0x00,0x00,0x00,0x00,0x00,0x00,0x00,0x00,0x00,0x00,0x00,0x00,0x00,0x00,0x00,0x00,0x00,0x00,0x00,0x00,0x00,0x00,0x00,0x00,0x00,0x00,0x00,0x00,0x00,0x00,0x00,0x00,0x00,0x00,0x00,0x00,0x00,0x00,0x01,0x01,0x16,0x0c,0x06,0x94,0x94,0x91,0x91,0x84,0x7c,0x7c,0x91,0x82,0x82,0x82,0x7c,0x7c,0x7c,0x7c,0x7c,0x7c,0x7c,0x84,0x80,0x8b,0x81,0x7c,0x7f,0x7f,0x80,0x87,0x85,0x91,0x7c,0x7c,0x7c,0x7c,0x7c,0x84,0x91,0x06,0x20,0x00,0x54,0x00,0x00,0x00,0x00,0x00,0x00,0x00,0x00,0x00,0x00,0x00,0x00,0x00,0x00,0x00,0x00,0x00,0x00,0x00,0x00,0x00,0x00,0x00,0x00,0x00,0x00,0x00,0x00,0x00,0x00,0x00,0x00,0x00,0x00,0x00,0x00,0x00,0x00,0x00,0x00,
    0x00,0x00,0x00,0x00,0x00,0x00,0x00,0x00,0x00,0x00,0x00,0x00,0x00,0x00,0x00,0x00,0x00,0x00,0x00,0x00,0x00,0x00,0x00,0x00,0x00,0x00,0x00,0x00,0x00,0x00,0x00,0x00,0x00,0x00,0x00,0x00,0x00,0x00,0x00,0x00,0x00,0x00,0x00,0x00,0x00,0x00,0x00,0x00,0x00,0x00,0x00,0x00,0x00,0x00,0x00,0x00,0x00,0x00,0x00,0x03,0x00,0x09,0x0c,0x7c,0x94,0x94,0x91,0x7c,0x7c,0x7c,0x7c,0x7c,0x7c,0x84,0x84,0x7c,0x7c,0x7c,0x7c,0x7c,0x7c,0x7c,0x7c,0x82,0x82,0x7c,0x82,0x82,0x82,0x84,0x7f,0x85,0x91,0x7c,0x80,0x81,0x80,0x7c,0x84,0x08,0x7f,0x3a,0x00,0x03,0x00,0x00,0x00,0x00,0x00,0x00,0x00,0x00,0x00,0x00,0x00,0x00,0x00,0x00,0x00,0x00,0x00,0x00,0x00,0x00,0x00,0x00,0x00,0x00,0x00,0x00,0x00,0x00,0x00,0x00,0x00,0x00,0x00,0x00,0x00,0x00,0x00,0x00,0x00,0x00,
    0x00,0x00,0x00,0x00,0x00,0x00,0x00,0x00,0x00,0x00,0x00,0x00,0x00,0x00,0x00,0x00,0x00,0x00,0x00,0x00,0x00,0x00,0x00,0x00,0x00,0x00,0x00,0x00,0x00,0x00,0x00,0x00,0x00,0x00,0x00,0x00,0x00,0x00,0x00,0x00,0x00,0x00,0x00,0x00,0x00,0x00,0x00,0x00,0x00,0x00,0x00,0x00,0x00,0x00,0x00,0x00,0x00,0x00,0x00,0x03,0x00,0x09,0x0c,0x9a,0x94,0x9a,0x84,0x91,0x7c,0x7c,0x7c,0x7c,0x7c,0x7c,0x7c,0x7c,0x7c,0x7c,0x7c,0x7c,0x7c,0x7c,0x7c,0x82,0x80,0x7c,0x82,0x82,0x80,0x80,0x80,0x87,0x7c,0x81,0x7f,0x7f,0x81,0x84,0x91,0x91,0x91,0x30,0x20,0x01,0x01,0x00,0x00,0x00,0x00,0x00,0x00,0x00,0x00,0x00,0x00,0x00,0x00,0x00,0x00,0x00,0x00,0x00,0x00,0x00,0x00,0x00,0x00,0x00,0x00,0x00,0x00,0x00,0x00,0x00,0x00,0x00,0x00,0x00,0x00,0x00,0x00,0x00,0x00,0x00,
    0x00,0x00,0x00,0x00,0x00,0x00,0x00,0x00,0x00,0x00,0x00,0x00,0x00,0x00,0x00,0x00,0x00,0x00,0x00,0x00,0x00,0x00,0x00,0x00,0x00,0x00,0x00,0x00,0x00,0x00,0x00,0x00,0x00,0x00,0x00,0x00,0x00,0x00,0x00,0x00,0x00,0x00,0x00,0x00,0x00,0x00,0x00,0x00,0x00,0x00,0x00,0x00,0x00,0x00,0x00,0x00,0x00,0x00,0x00,0x01,0x01,0x19,0x3a,0x9a,0x9a,0x84,0x9a,0x91,0x7c,0x7c,0x7c,0x7c,0x7c,0x7c,0x7c,0x7c,0x7c,0x7c,0x7c,0x80,0x82,0x82,0x7c,0x80,0x81,0x7c,0x82,0x82,0x80,0x7f,0x81,0x85,0x80,0x82,0x7f,0x7f,0x81,0x7c,0x84,0x91,0x7c,0x84,0x30,0x12,0x00,0x54,0x00,0x00,0x00,0x00,0x00,0x00,0x00,0x00,0x00,0x00,0x00,0x00,0x00,0x00,0x00,0x00,0x00,0x00,0x00,0x00,0x00,0x00,0x00,0x00,0x00,0x00,0x00,0x00,0x00,0x00,0x00,0x00,0x00,0x00,0x00,0x00,0x00,0x00,
    0x00,0x00,0x00,0x00,0x00,0x00,0x00,0x00,0x00,0x00,0x00,0x00,0x00,0x00,0x00,0x00,0x00,0x00,0x00,0x00,0x00,0x00,0x00,0x00,0x00,0x00,0x00,0x00,0x00,0x00,0x00,0x00,0x00,0x00,0x00,0x00,0x00,0x00,0x00,0x00,0x00,0x00,0x00,0x00,0x00,0x00,0x00,0x00,0x00,0x00,0x00,0x00,0x00,0x00,0x00,0x00,0x00,0x00,0x00,0x00,0x54,0x00,0x20,0x9a,0x9a,0x84,0x9a,0x84,0x84,0x84,0x7c,0x7c,0x7c,0x7c,0x7c,0x7c,0x7c,0x7c,0x82,0x80,0x82,0x7c,0x7c,0x82,0x82,0x82,0x82,0x7c,0x80,0x7f,0x81,0x86,0x81,0x84,0x82,0x82,0x7c,0x80,0x80,0x7c,0x7c,0x08,0x9a,0x39,0x54,0x54,0x00,0x00,0x00,0x00,0x00,0x00,0x00,0x00,0x00,0x00,0x00,0x00,0x00,0x00,0x00,0x00,0x00,0x00,0x00,0x00,0x00,0x00,0x00,0x00,0x00,0x00,0x00,0x00,0x00,0x00,0x00,0x00,0x00,0x00,0x00,0x00,0x00,0x00,
    0x00,0x00,0x00,0x00,0x00,0x00,0x00,0x00,0x00,0x00,0x00,0x00,0x00,0x00,0x00,0x00,0x00,0x00,0x00,0x00,0x00,0x00,0x00,0x00,0x00,0x00,0x00,0x00,0x00,0x00,0x00,0x00,0x00,0x00,0x00,0x00,0x00,0x00,0x00,0x00,0x00,0x00,0x00,0x00,0x00,0x00,0x00,0x00,0x00,0x00,0x00,0x00,0x00,0x00,0x00,0x00,0x00,0x00,0x00,0x00,0x54,0x00,0x39,0x91,0x94,0x7c,0x7c,0x84,0x7c,0x7c,0x7c,0x7c,0x7c,0x7c,0x7c,0x7c,0x7c,0x7c,0x80,0x82,0x7c,0x7c,0x7c,0x7c,0x7c,0x7c,0x7c,0x7c,0x80,0x8b,0x80,0x85,0x8b,0x84,0x7c,0x7c,0x7c,0x81,0x80,0x80,0x7c,0x82,0x9a,0x0a,0x09,0x00,0x03,0x00,0x00,0x00,0x00,0x00,0x00,0x00,0x00,0x00,0x00,0x00,0x00,0x00,0x00,0x00,0x00,0x00,0x00,0x00,0x00,0x00,0x00,0x00,0x00,0x00,0x00,0x00,0x00,0x00,0x00,0x00,0x00,0x00,0x00,0x00,0x00,0x00,
    0x00,0x00,0x00,0x00,0x00,0x00,0x00,0x00,0x00,0x00,0x00,0x00,0x00,0x00,0x00,0x00,0x00,0x00,0x00,0x00,0x00,0x00,0x00,0x00,0x00,0x00,0x00,0x00,0x00,0x00,0x00,0x00,0x00,0x00,0x00,0x00,0x00,0x00,0x00,0x00,0x00,0x00,0x00,0x00,0x00,0x00,0x00,0x00,0x00,0x00,0x00,0x00,0x00,0x00,0x00,0x00,0x00,0x00,0x00,0x54,0x03,0x20,0x1f,0x9a,0x9a,0x7c,0x7c,0x7c,0x7c,0x7c,0x7c,0x7c,0x7c,0x7c,0x7c,0x7c,0x7c,0x7c,0x82,0x7c,0x7c,0x7c,0x7c,0x7c,0x7c,0x7c,0x7c,0x7c,0x81,0x7f,0x81,0x86,0x85,0x7c,0x7c,0x7c,0x7c,0x82,0x82,0x82,0x7c,0x82,0x08,0x2c,0x26,0x00,0x03,0x00,0x00,0x00,0x00,0x00,0x00,0x00,0x00,0x00,0x00,0x00,0x00,0x00,0x00,0x00,0x00,0x00,0x00,0x00,0x00,0x00,0x00,0x00,0x00,0x00,0x00,0x00,0x00,0x00,0x00,0x00,0x00,0x00,0x00,0x00,0x00,0x00,
    0x00,0x00,0x00,0x00,0x00,0x00,0x00,0x00,0x00,0x00,0x00,0x00,0x00,0x00,0x00,0x00,0x00,0x00,0x00,0x00,0x00,0x00,0x00,0x00,0x00,0x00,0x00,0x00,0x00,0x00,0x00,0x00,0x00,0x00,0x00,0x00,0x00,0x00,0x00,0x00,0x00,0x00,0x00,0x00,0x00,0x00,0x00,0x00,0x00,0x00,0x00,0x00,0x00,0x00,0x00,0x00,0x00,0x00,0x00,0x00,0x00,0x15,0x06,0x9a,0x91,0x7c,0x7c,0x7c,0x7c,0x7c,0x7c,0x7c,0x7c,0x7c,0x7c,0x7c,0x7c,0x7c,0x7c,0x7c,0x7c,0x7c,0x7c,0x7c,0x7c,0x7c,0x7c,0x7c,0x81,0x8b,0x81,0x8b,0x86,0x7c,0x7c,0x7c,0x7c,0x80,0x81,0x82,0x7c,0x7c,0x08,0x80,0x21,0x26,0x00,0x54,0x00,0x00,0x00,0x00,0x00,0x00,0x00,0x00,0x00,0x00,0x00,0x00,0x00,0x00,0x00,0x00,0x00,0x00,0x00,0x00,0x00,0x00,0x00,0x00,0x00,0x00,0x00,0x00,0x00,0x00,0x00,0x00,0x00,0x00,0x00,0x00,
    0x00,0x00,0x00,0x00,0x00,0x00,0x00,0x00,0x00,0x00,0x00,0x00,0x00,0x00,0x00,0x00,0x00,0x00,0x00,0x00,0x00,0x00,0x00,0x00,0x00,0x00,0x00,0x00,0x00,0x00,0x00,0x00,0x00,0x00,0x00,0x00,0x00,0x00,0x00,0x00,0x00,0x00,0x00,0x00,0x00,0x00,0x00,0x00,0x00,0x00,0x00,0x00,0x00,0x00,0x00,0x00,0x00,0x00,0x54,0x00,0x0b,0x1f,0x9a,0x94,0x91,0x7c,0x7c,0x7c,0x7c,0x7c,0x7c,0x7c,0x7c,0x7c,0x7c,0x7c,0x7c,0x7c,0x7c,0x7c,0x7c,0x7c,0x7c,0x7c,0x7c,0x7c,0x7c,0x7c,0x7c,0x80,0x7f,0x81,0x86,0x7f,0x84,0x7c,0x7c,0x7c,0x82,0x7c,0x7c,0x7c,0x84,0x08,0x2c,0x55,0x01,0x54,0x00,0x00,0x00,0x00,0x00,0x00,0x00,0x00,0x00,0x00,0x00,0x00,0x00,0x00,0x00,0x00,0x00,0x00,0x00,0x00,0x00,0x00,0x00,0x00,0x00,0x00,0x00,0x00,0x00,0x00,0x00,0x00,0x00,0x00,0x00,0x00,
    0x00,0x00,0x00,0x00,0x00,0x00,0x00,0x00,0x00,0x00,0x00,0x00,0x00,0x00,0x00,0x00,0x00,0x00,0x00,0x00,0x00,0x00,0x00,0x00,0x00,0x00,0x00,0x00,0x00,0x00,0x00,0x00,0x00,0x00,0x00,0x00,0x00,0x00,0x00,0x00,0x00,0x00,0x00,0x00,0x00,0x00,0x00,0x00,0x00,0x00,0x00,0x00,0x00,0x00,0x00,0x00,0x00,0x00,0x03,0x03,0x0b,0x2c,0x9a,0x9a,0x7c,0x7c,0x7c,0x7c,0x7c,0x7c,0x7c,0x7c,0x7c,0x7c,0x7c,0x7c,0x7c,0x7c,0x7c,0x7c,0x7c,0x7c,0x7c,0x7c,0x7c,0x7c,0x7c,0x7c,0x7c,0x7c,0x80,0x81,0x87,0x87,0x84,0x7c,0x7c,0x7c,0x7c,0x7c,0x7c,0x7c,0x7c,0x08,0x08,0x0c,0x2e,0x01,0x01,0x00,0x00,0x00,0x00,0x00,0x00,0x00,0x00,0x00,0x00,0x00,0x00,0x00,0x00,0x00,0x00,0x00,0x00,0x00,0x00,0x00,0x00,0x00,0x00,0x00,0x00,0x00,0x00,0x00,0x00,0x00,0x00,0x00,0x00,0x00,
    0x00,0x00,0x00,0x00,0x00,0x00,0x00,0x00,0x00,0x00,0x00,0x00,0x00,0x00,0x00,0x00,0x00,0x00,0x00,0x00,0x00,0x00,0x00,0x00,0x00,0x00,0x00,0x00,0x00,0x00,0x00,0x00,0x00,0x00,0x00,0x00,0x00,0x00,0x00,0x00,0x00,0x00,0x00,0x00,0x00,0x00,0x00,0x00,0x00,0x00,0x00,0x00,0x00,0x00,0x00,0x00,0x00,0x01,0x00,0x16,0x0c,0x08,0x9a,0x7c,0x7c,0x7c,0x7c,0x7c,0x7c,0x7c,0x7c,0x7c,0x7c,0x7c,0x7c,0x7c,0x7c,0x7c,0x7c,0x7c,0x7c,0x7c,0x7c,0x7c,0x7c,0x80,0x7c,0x7c,0x7c,0x82,0x81,0x7f,0x7f,0x86,0x84,0x7c,0x7c,0x7c,0x7c,0x7c,0x7c,0x7c,0x7c,0x7c,0x82,0x1f,0x2e,0x54,0x00,0x00,0x00,0x00,0x00,0x00,0x00,0x00,0x00,0x00,0x00,0x00,0x00,0x00,0x00,0x00,0x00,0x00,0x00,0x00,0x00,0x00,0x00,0x00,0x00,0x00,0x00,0x00,0x00,0x00,0x00,0x00,0x00,0x00,0x00,0x00,
    0x00,0x00,0x00,0x00,0x00,0x00,0x00,0x00,0x00,0x00,0x00,0x00,0x00,0x00,0x00,0x00,0x00,0x00,0x00,0x00,0x00,0x00,0x00,0x00,0x00,0x00,0x00,0x00,0x00,0x00,0x00,0x00,0x00,0x00,0x00,0x00,0x00,0x00,0x00,0x00,0x00,0x00,0x00,0x00,0x00,0x00,0x00,0x00,0x00,0x00,0x00,0x00,0x00,0x00,0x00,0x00,0x00,0x54,0x00,0x0b,0x2c,0x84,0x84,0x7c,0x7c,0x7c,0x7c,0x7c,0x7c,0x7c,0x7c,0x7c,0x7c,0x7c,0x7c,0x7c,0x7c,0x7c,0x7c,0x7c,0x7c,0x7c,0x7c,0x7c,0x82,0x82,0x7c,0x82,0x7c,0x7c,0x7f,0x7f,0x81,0x86,0x80,0x7c,0x7c,0x7c,0x7c,0x7c,0x7c,0x7c,0x7c,0x82,0x80,0x85,0x26,0x00,0x03,0x00,0x00,0x00,0x00,0x00,0x00,0x00,0x00,0x00,0x00,0x00,0x00,0x00,0x00,0x00,0x00,0x00,0x00,0x00,0x00,0x00,0x00,0x00,0x00,0x00,0x00,0x00,0x00,0x00,0x00,0x00,0x00,0x00,0x00,0x00,
    0x00,0x00,0x00,0x00,0x00,0x00,0x00,0x00,0x00,0x00,0x00,0x00,0x00,0x00,0x00,0x00,0x00,0x00,0x00,0x00,0x00,0x00,0x00,0x00,0x00,0x00,0x00,0x00,0x00,0x00,0x00,0x00,0x00,0x00,0x00,0x00,0x00,0x00,0x00,0x00,0x00,0x00,0x00,0x00,0x00,0x00,0x00,0x00,0x00,0x00,0x00,0x00,0x00,0x00,0x00,0x00,0x00,0x01,0x03,0x12,0x2c,0x91,0x91,0x7c,0x7c,0x7c,0x7c,0x7c,0x7c,0x7c,0x7c,0x7c,0x7c,0x7c,0x7c,0x7c,0x7c,0x7c,0x7c,0x7c,0x7c,0x7c,0x7c,0x7c,0x7c,0x7c,0x7c,0x7c,0x7c,0x7c,0x82,0x82,0x7c,0x85,0x85,0x91,0x7c,0x7c,0x7c,0x82,0x7f,0x81,0x84,0x82,0x81,0x7c,0x26,0x01,0x03,0x00,0x00,0x00,0x00,0x00,0x00,0x00,0x00,0x00,0x00,0x00,0x00,0x00,0x00,0x00,0x00,0x00,0x00,0x00,0x00,0x00,0x00,0x00,0x00,0x00,0x00,0x00,0x00,0x00,0x00,0x00,0x00,0x00,0x00,0x00,
    0x00,0x00,0x00,0x00,0x00,0x00,0x00,0x00,0x00,0x00,0x00,0x00,0x00,0x00,0x00,0x00,0x00,0x00,0x00,0x00,0x00,0x00,0x00,0x00,0x00,0x00,0x00,0x00,0x00,0x00,0x00,0x00,0x00,0x00,0x00,0x00,0x00,0x00,0x00,0x00,0x00,0x00,0x00,0x00,0x00,0x00,0x00,0x00,0x00,0x00,0x00,0x00,0x00,0x00,0x00,0x00,0x00,0x54,0x00,0x26,0x06,0x08,0x84,0x7c,0x7c,0x7c,0x7c,0x7c,0x7c,0x7c,0x7c,0x7c,0x7c,0x7c,0x7c,0x7c,0x7c,0x7c,0x7c,0x7c,0x7c,0x7c,0x7c,0x7c,0x7c,0x7c,0x7c,0x7c,0x7c,0x7c,0x7c,0x7c,0x80,0x80,0x86,0x82,0x7c,0x7c,0x7c,0x7c,0x80,0x81,0x7f,0x7f,0x7f,0x06,0x39,0x2e,0x00,0x00,0x00,0x00,0x00,0x00,0x00,0x00,0x00,0x00,0x00,0x00,0x00,0x00,0x00,0x00,0x00,0x00,0x00,0x00,0x00,0x00,0x00,0x00,0x00,0x00,0x00,0x00,0x00,0x00,0x00,0x00,0x00,0x00,0x00,0x00,
    0x00,0x00,0x00,0x00,0x00,0x00,0x00,0x00,0x00,0x00,0x00,0x00,0x00,0x00,0x00,0x00,0x00,0x00,0x00,0x00,0x00,0x00,0x00,0x00,0x00,0x00,0x00,0x00,0x00,0x00,0x00,0x00,0x00,0x00,0x00,0x00,0x00,0x00,0x00,0x00,0x00,0x00,0x00,0x00,0x00,0x00,0x00,0x00,0x00,0x00,0x00,0x00,0x00,0x00,0x00,0x00,0x03,0x03,0x26,0x15,0x82,0x08,0x7c,0x7c,0x7c,0x7c,0x7c,0x7c,0x7c,0x7c,0x7c,0x7c,0x7c,0x7c,0x7c,0x7c,0x7c,0x7c,0x7c,0x7c,0x7c,0x7c,0x7c,0x7c,0x7c,0x7c,0x7c,0x7c,0x7c,0x7c,0x7c,0x82,0x7f,0x80,0x85,0x8b,0x84,0x7c,0x7c,0x84,0x7c,0x7c,0x7c,0x06,0x7f,0x1f,0x0b,0x16,0x00,0x00,0x00,0x00,0x00,0x00,0x00,0x00,0x00,0x00,0x00,0x00,0x00,0x00,0x00,0x00,0x00,0x00,0x00,0x00,0x00,0x00,0x00,0x00,0x00,0x00,0x00,0x00,0x00,0x00,0x00,0x00,0x00,0x00,0x00,0x00,
    0x00,0x00,0x00,0x00,0x00,0x00,0x00,0x00,0x00,0x00,0x00,0x00,0x00,0x00,0x00,0x00,0x00,0x00,0x00,0x00,0x00,0x00,0x00,0x00,0x00,0x00,0x00,0x00,0x00,0x00,0x00,0x00,0x00,0x00,0x00,0x00,0x00,0x00,0x00,0x00,0x00,0x00,0x00,0x00,0x00,0x00,0x00,0x00,0x00,0x00,0x00,0x00,0x00,0x00,0x00,0x00,0x54,0x00,0x3a,0x3e,0x91,0x84,0x7c,0x7c,0x7c,0x7c,0x7c,0x7c,0x7c,0x7c,0x7c,0x7c,0x7c,0x7c,0x7c,0x7c,0x7c,0x7c,0x7c,0x7c,0x7c,0x7c,0x7c,0x7c,0x7c,0x7c,0x7c,0x7c,0x7c,0x7c,0x7c,0x82,0x82,0x7c,0x7f,0x87,0x84,0x7c,0x84,0x84,0x9a,0x9a,0x81,0x86,0x8b,0x30,0x0c,0x16,0x00,0x00,0x00,0x00,0x00,0x00,0x00,0x00,0x00,0x00,0x00,0x00,0x00,0x00,0x00,0x00,0x00,0x00,0x00,0x00,0x00,0x00,0x00,0x00,0x00,0x00,0x00,0x00,0x00,0x00,0x00,0x00,0x00,0x00,0x00,0x00,
    0x00,0x00,0x00,0x00,0x00,0x00,0x00,0x00,0x00,0x00,0x00,0x00,0x00,0x00,0x00,0x00,0x00,0x00,0x00,0x00,0x00,0x00,0x00,0x00,0x00,0x00,0x00,0x00,0x00,0x00,0x00,0x00,0x00,0x00,0x00,0x00,0x00,0x00,0x00,0x00,0x00,0x00,0x00,0x00,0x00,0x00,0x00,0x00,0x00,0x00,0x00,0x00,0x00,0x00,0x00,0x00,0x00,0x2e,0x3a,0x3e,0x91,0x7c,0x7c,0x7c,0x7c,0x7c,0x7c,0x7c,0x7c,0x7c,0x7c,0x7c,0x7c,0x7c,0x7c,0x7c,0x7c,0x7c,0x7c,0x7c,0x7c,0x7c,0x7c,0x7c,0x7c,0x7c,0x7c,0x7c,0x7c,0x82,0x82,0x7c,0x82,0x82,0x7f,0x86,0x7c,0x7c,0x7f,0x81,0x81,0x86,0x88,0x8b,0x82,0x7f,0x0a,0x5f,0x00,0x03,0x00,0x00,0x00,0x00,0x00,0x00,0x00,0x00,0x00,0x00,0x00,0x00,0x00,0x00,0x00,0x00,0x00,0x00,0x00,0x00,0x00,0x00,0x00,0x00,0x00,0x00,0x00,0x00,0x00,0x00,0x00,0x00,0x00,0x00,
    0x00,0x00,0x00,0x00,0x00,0x00,0x00,0x00,0x00,0x00,0x00,0x00,0x00,0x00,0x00,0x00,0x00,0x00,0x00,0x00,0x00,0x00,0x00,0x00,0x00,0x00,0x00,0x00,0x00,0x00,0x00,0x00,0x00,0x00,0x00,0x00,0x00,0x00,0x00,0x00,0x00,0x00,0x00,0x00,0x00,0x00,0x00,0x00,0x00,0x00,0x00,0x00,0x00,0x00,0x00,0x00,0x00,0x2e,0x39,0x3e,0x84,0x7c,0x7c,0x7c,0x7c,0x7c,0x7c,0x7c,0x7c,0x7c,0x7c,0x7c,0x7c,0x7c,0x7c,0x7c,0x7c,0x7c,0x7c,0x7c,0x7c,0x7c,0x7c,0x7c,0x7c,0x7c,0x7c,0x7c,0x80,0x82,0x82,0x7c,0x82,0x7f,0x81,0x86,0x7f,0x7f,0x88,0x88,0x86,0x8b,0x87,0x7f,0x06,0x88,0x2a,0x0f,0x00,0x05,0x00,0x00,0x00,0x00,0x00,0x00,0x00,0x00,0x00,0x00,0x00,0x00,0x00,0x00,0x00,0x00,0x00,0x00,0x00,0x00,0x00,0x00,0x00,0x00,0x00,0x00,0x00,0x00,0x00,0x00,0x00,0x00,0x00,0x00,
    0x00,0x00,0x00,0x00,0x00,0x00,0x00,0x00,0x00,0x00,0x00,0x00,0x00,0x00,0x00,0x00,0x00,0x00,0x00,0x00,0x00,0x00,0x00,0x00,0x00,0x00,0x00,0x00,0x00,0x00,0x00,0x00,0x00,0x00,0x00,0x00,0x00,0x00,0x00,0x00,0x00,0x00,0x00,0x00,0x00,0x00,0x00,0x00,0x00,0x00,0x00,0x00,0x00,0x00,0x00,0x00,0x03,0x54,0x39,0x08,0x91,0x7c,0x7c,0x7c,0x7c,0x7c,0x7c,0x7c,0x84,0x84,0x7c,0x7c,0x7c,0x7c,0x7c,0x84,0x84,0x7c,0x7c,0x7c,0x7c,0x7c,0x7c,0x7c,0x7c,0x7c,0x7c,0x7c,0x82,0x82,0x82,0x7c,0x82,0x82,0x91,0x8b,0x82,0x85,0x85,0x82,0x82,0x7f,0x81,0x9a,0x88,0x32,0x37,0x29,0x18,0x05,0x00,0x00,0x00,0x00,0x00,0x00,0x00,0x00,0x00,0x00,0x00,0x00,0x00,0x00,0x00,0x00,0x00,0x00,0x00,0x00,0x00,0x00,0x00,0x00,0x00,0x00,0x00,0x00,0x00,0x00,0x00,0x00,0x00,0x00,
    0x00,0x00,0x00,0x00,0x00,0x00,0x00,0x00,0x00,0x00,0x00,0x00,0x00,0x00,0x00,0x00,0x00,0x00,0x00,0x00,0x00,0x00,0x00,0x00,0x00,0x00,0x00,0x00,0x00,0x00,0x00,0x00,0x00,0x00,0x00,0x00,0x00,0x00,0x00,0x00,0x00,0x00,0x00,0x00,0x00,0x00,0x00,0x00,0x00,0x00,0x00,0x00,0x00,0x00,0x00,0x00,0x54,0x00,0x12,0x21,0x91,0x08,0x7c,0x7c,0x82,0x82,0x80,0x80,0x7f,0x8b,0x82,0x84,0x91,0x84,0x7c,0x7c,0x84,0x82,0x82,0x7c,0x7c,0x7c,0x7c,0x7c,0x7c,0x7c,0x7c,0x7c,0x82,0x82,0x7c,0x7c,0x7c,0x84,0x9a,0x8b,0x86,0x80,0x9a,0x80,0x81,0x80,0x82,0x89,0xc7,0x8c,0x9b,0x34,0x22,0x00,0x05,0x00,0x00,0x00,0x00,0x00,0x00,0x00,0x00,0x00,0x00,0x00,0x00,0x00,0x00,0x00,0x00,0x00,0x00,0x00,0x00,0x00,0x00,0x00,0x00,0x00,0x00,0x00,0x00,0x00,0x00,0x00,0x00,0x00,
    0x00,0x00,0x00,0x00,0x00,0x00,0x00,0x00,0x00,0x00,0x00,0x00,0x00,0x00,0x00,0x00,0x00,0x00,0x00,0x00,0x00,0x00,0x00,0x00,0x00,0x00,0x00,0x00,0x00,0x00,0x00,0x00,0x00,0x00,0x00,0x00,0x00,0x00,0x00,0x00,0x00,0x00,0x00,0x00,0x00,0x00,0x00,0x00,0x00,0x00,0x00,0x00,0x00,0x00,0x00,0x00,0x00,0x54,0x00,0x0b,0x8b,0x08,0x80,0x7f,0x87,0x85,0x86,0x86,0x88,0x89,0x89,0x88,0x8b,0x81,0x7c,0x7c,0x84,0x82,0x80,0x82,0x82,0x82,0x82,0x82,0x81,0x81,0x81,0x87,0x87,0x87,0x87,0x87,0x7f,0x80,0x81,0x88,0x86,0x80,0x8b,0x87,0x87,0x86,0x98,0xc7,0x93,0xa5,0x2d,0x3c,0x38,0x02,0x01,0x00,0x00,0x00,0x00,0x00,0x00,0x00,0x00,0x00,0x00,0x00,0x00,0x00,0x00,0x00,0x00,0x00,0x00,0x00,0x00,0x00,0x00,0x00,0x00,0x00,0x00,0x00,0x00,0x00,0x00,0x00,0x00,0x00,
    0x00,0x00,0x00,0x00,0x00,0x00,0x00,0x00,0x00,0x00,0x00,0x00,0x00,0x00,0x00,0x00,0x00,0x00,0x00,0x00,0x00,0x00,0x00,0x00,0x00,0x00,0x00,0x00,0x00,0x00,0x00,0x00,0x00,0x00,0x00,0x00,0x00,0x00,0x00,0x00,0x00,0x00,0x00,0x00,0x00,0x00,0x00,0x00,0x00,0x00,0x00,0x00,0x00,0x00,0x00,0x00,0x00,0x54,0x01,0x20,0x1a,0x7c,0x85,0x86,0x86,0x85,0x85,0x85,0x87,0x87,0x87,0x8b,0x8b,0x7f,0x8b,0x85,0x85,0x85,0x86,0x86,0x86,0x86,0x86,0x85,0x85,0x88,0x88,0x88,0x86,0x88,0x85,0x85,0x85,0x87,0x80,0x86,0x80,0x80,0x82,0x91,0x86,0x87,0xa6,0x93,0x7e,0xae,0x23,0x6a,0x38,0x02,0x00,0x00,0x00,0x00,0x00,0x00,0x00,0x00,0x00,0x00,0x00,0x00,0x00,0x00,0x00,0x00,0x00,0x00,0x00,0x00,0x00,0x00,0x00,0x00,0x00,0x00,0x00,0x00,0x00,0x00,0x00,0x00,0x00,0x00,
    0x00,0x00,0x00,0x00,0x00,0x00,0x00,0x00,0x00,0x00,0x00,0x00,0x00,0x00,0x00,0x00,0x00,0x00,0x00,0x00,0x00,0x00,0x00,0x00,0x00,0x00,0x00,0x00,0x00,0x00,0x00,0x00,0x00,0x00,0x00,0x00,0x00,0x00,0x00,0x00,0x00,0x00,0x00,0x00,0x00,0x00,0x00,0x00,0x00,0x00,0x00,0x00,0x00,0x00,0x00,0x00,0x00,0x01,0x00,0x2e,0x2c,0x85,0x87,0x80,0x81,0x81,0x81,0x81,0x81,0x81,0x80,0x82,0x7c,0x82,0x82,0x81,0x81,0x8b,0x86,0x85,0x85,0x85,0x87,0x8b,0x8b,0x8b,0x8b,0x7f,0x81,0x81,0x80,0x81,0x81,0x85,0x86,0x88,0x7c,0x84,0x7c,0x7c,0xdc,0x32,0xa5,0x93,0x93,0x93,0x9f,0x32,0x3f,0x00,0x07,0x00,0x00,0x00,0x00,0x00,0x00,0x00,0x00,0x00,0x00,0x00,0x00,0x00,0x00,0x00,0x00,0x00,0x00,0x00,0x00,0x00,0x00,0x00,0x00,0x00,0x00,0x00,0x00,0x00,0x00,0x00,0x00,0x00,
    0x00,0x00,0x00,0x00,0x00,0x00,0x00,0x00,0x00,0x00,0x00,0x00,0x00,0x00,0x00,0x00,0x00,0x00,0x00,0x00,0x00,0x00,0x00,0x00,0x00,0x00,0x00,0x00,0x00,0x00,0x00,0x00,0x00,0x00,0x00,0x00,0x00,0x00,0x00,0x00,0x00,0x00,0x00,0x00,0x00,0x00,0x00,0x00,0x00,0x00,0x00,0x00,0x00,0x00,0x00,0x00,0x00,0x01,0x00,0x16,0x2c,0x80,0x80,0x7f,0x7f,0x7f,0x7f,0x7f,0x7f,0x7f,0x7f,0x81,0x7f,0x8b,0x8b,0x7f,0x81,0x81,0x81,0x80,0x80,0x80,0x80,0x81,0x7f,0x7f,0x7f,0x7f,0x7f,0x7f,0x7f,0x7f,0x7f,0x81,0x85,0x88,0x1a,0x7f,0x0a,0x6c,0x8c,0xbe,0xdb,0x23,0xa3,0xce,0x3c,0x56,0x5f,0x00,0x03,0x00,0x00,0x00,0x00,0x00,0x00,0x00,0x00,0x00,0x00,0x00,0x00,0x00,0x00,0x00,0x00,0x00,0x00,0x00,0x00,0x00,0x00,0x00,0x00,0x00,0x00,0x00,0x00,0x00,0x00,0x00,0x00,0x00,
    0x00,0x00,0x00,0x00,0x00,0x00,0x00,0x00,0x00,0x00,0x00,0x00,0x00,0x00,0x00,0x00,0x00,0x00,0x00,0x00,0x00,0x00,0x00,0x00,0x00,0x00,0x00,0x00,0x00,0x00,0x00,0x00,0x00,0x00,0x00,0x00,0x00,0x00,0x00,0x00,0x00,0x00,0x00,0x00,0x00,0x00,0x00,0x00,0x00,0x00,0x00,0x00,0x00,0x00,0x00,0x00,0x00,0x01,0x00,0x16,0x2c,0x7c,0x7f,0x7f,0x7f,0x7f,0x7f,0x7f,0x7f,0x7f,0x7f,0x7f,0x7f,0x7f,0x7f,0x7f,0x7f,0x7f,0x7f,0x7f,0x7f,0x7f,0x8b,0x7f,0x81,0x7f,0x81,0x7f,0x7f,0x81,0x7f,0x7f,0x7f,0x7f,0x06,0x1a,0x3a,0x20,0x3f,0x2f,0x8c,0x44,0x56,0x68,0x56,0x64,0x38,0x14,0x00,0x02,0x00,0x00,0x00,0x00,0x00,0x00,0x00,0x00,0x00,0x00,0x00,0x00,0x00,0x00,0x00,0x00,0x00,0x00,0x00,0x00,0x00,0x00,0x00,0x00,0x00,0x00,0x00,0x00,0x00,0x00,0x00,0x00,0x00,0x00,
    0x00,0x00,0x00,0x00,0x00,0x00,0x00,0x00,0x00,0x00,0x00,0x00,0x00,0x00,0x00,0x00,0x00,0x00,0x00,0x00,0x00,0x00,0x00,0x00,0x00,0x00,0x00,0x00,0x00,0x00,0x00,0x00,0x00,0x00,0x00,0x00,0x00,0x00,0x00,0x00,0x00,0x00,0x00,0x00,0x00,0x00,0x00,0x00,0x00,0x00,0x00,0x00,0x00,0x00,0x00,0x00,0x00,0x01,0x00,0x16,0x3b,0x80,0x80,0x80,0x82,0x82,0x82,0x82,0x82,0x82,0x82,0x82,0x80,0x81,0x81,0x7f,0x81,0x7f,0x81,0x80,0x82,0x7f,0x7f,0x80,0x7c,0x7f,0x82,0x82,0x82,0x82,0x82,0x82,0x06,0x06,0x06,0x85,0x0b,0x00,0x54,0x31,0x1b,0x29,0x22,0x45,0x25,0x25,0x00,0x02,0x07,0x00,0x00,0x00,0x00,0x00,0x00,0x00,0x00,0x00,0x00,0x00,0x00,0x00,0x00,0x00,0x00,0x00,0x00,0x00,0x00,0x00,0x00,0x00,0x00,0x00,0x00,0x00,0x00,0x00,0x00,0x00,0x00,0x00,0x00,0x00,
    0x00,0x00,0x00,0x00,0x00,0x00,0x00,0x00,0x00,0x00,0x00,0x00,0x00,0x00,0x00,0x00,0x00,0x00,0x00,0x00,0x00,0x00,0x00,0x00,0x00,0x00,0x00,0x00,0x00,0x00,0x00,0x00,0x00,0x00,0x00,0x00,0x00,0x00,0x00,0x00,0x00,0x00,0x00,0x00,0x00,0x00,0x00,0x00,0x00,0x00,0x00,0x00,0x00,0x00,0x00,0x00,0x00,0x00,0x54,0x03,0x55,0x2c,0x9a,0x8b,0x85,0x8b,0x85,0x87,0x86,0x86,0x86,0x88,0x86,0x85,0x8b,0x7f,0x84,0x82,0x7c,0x84,0x7c,0x81,0x81,0x80,0x80,0x8b,0x8b,0x8b,0x85,0x88,0x88,0x86,0x87,0x85,0x88,0x1f,0x12,0x00,0x54,0x00,0x16,0x19,0x00,0x00,0x00,0x00,0x00,0x01,0x00,0x00,0x00,0x00,0x00,0x00,0x00,0x00,0x00,0x00,0x00,0x00,0x00,0x00,0x00,0x00,0x00,0x00,0x00,0x00,0x00,0x00,0x00,0x00,0x00,0x00,0x00,0x00,0x00,0x00,0x00,0x00,0x00,0x00,0x00,0x00,
    0x00,0x00,0x00,0x00,0x00,0x00,0x00,0x00,0x00,0x00,0x00,0x00,0x00,0x00,0x00,0x00,0x00,0x00,0x00,0x00,0x00,0x00,0x00,0x00,0x00,0x00,0x00,0x00,0x00,0x00,0x00,0x00,0x00,0x00,0x00,0x00,0x00,0x00,0x00,0x00,0x00,0x00,0x00,0x00,0x00,0x00,0x00,0x00,0x00,0x00,0x00,0x00,0x00,0x00,0x00,0x00,0x00,0x00,0x01,0x03,0x19,0x39,0x3a,0x68,0x68,0x33,0xe1,0xe0,0xdb,0xc9,0xdc,0xbd,0xd6,0xd7,0xb7,0x94,0x91,0x7c,0x7c,0x85,0x7f,0x87,0x85,0x87,0xf4,0x94,0xd7,0xf0,0xdc,0xdc,0xc9,0x6f,0x21,0x20,0x12,0x00,0x00,0x00,0x00,0x07,0x00,0x00,0x07,0x01,0x02,0x02,0x00,0x00,0x00,0x00,0x00,0x00,0x00,0x00,0x00,0x00,0x00,0x00,0x00,0x00,0x00,0x00,0x00,0x00,0x00,0x00,0x00,0x00,0x00,0x00,0x00,0x00,0x00,0x00,0x00,0x00,0x00,0x00,0x00,0x00,0x00,0x00,0x00,0x00,
    0x00,0x00,0x00,0x00,0x00,0x00,0x00,0x00,0x00,0x00,0x00,0x00,0x00,0x00,0x00,0x00,0x00,0x00,0x00,0x00,0x00,0x00,0x00,0x00,0x00,0x00,0x00,0x00,0x00,0x00,0x00,0x00,0x00,0x00,0x00,0x00,0x00,0x00,0x00,0x00,0x00,0x00,0x00,0x00,0x00,0x00,0x00,0x00,0x00,0x00,0x00,0x00,0x00,0x00,0x00,0x00,0x00,0x00,0x00,0x01,0x01,0x2e,0x19,0x1e,0x38,0x4d,0xb0,0xb0,0xb0,0xdf,0xa1,0xa2,0xa1,0xb2,0xe7,0x73,0xe2,0x74,0x0c,0x74,0xf7,0xe0,0xf7,0xe1,0xd8,0xb2,0xdf,0xdf,0xb0,0xb0,0x73,0x4f,0x3f,0x00,0x00,0x00,0x01,0x00,0x00,0x00,0x01,0x02,0x00,0x00,0x00,0x00,0x00,0x00,0x00,0x00,0x00,0x00,0x00,0x00,0x00,0x00,0x00,0x00,0x00,0x00,0x00,0x00,0x00,0x00,0x00,0x00,0x00,0x00,0x00,0x00,0x00,0x00,0x00,0x00,0x00,0x00,0x00,0x00,0x00,0x00,0x00,0x00,0x00,0x00,
    0x00,0x00,0x00,0x00,0x00,0x00,0x00,0x00,0x00,0x00,0x00,0x00,0x00,0x00,0x00,0x00,0x00,0x00,0x00,0x00,0x00,0x00,0x00,0x00,0x00,0x00,0x00,0x00,0x00,0x00,0x00,0x00,0x00,0x00,0x00,0x00,0x00,0x00,0x00,0x00,0x00,0x00,0x00,0x00,0x00,0x00,0x00,0x00,0x00,0x00,0x00,0x00,0x00,0x00,0x00,0x00,0x00,0x00,0x00,0x00,0x00,0x00,0x00,0x00,0x5e,0x4b,0xe7,0xb2,0x8d,0x83,0x7e,0x83,0x97,0x7e,0x9b,0xdf,0xe7,0x4f,0x5c,0x52,0xe7,0xb0,0xa2,0x7e,0x92,0x92,0x97,0x7e,0x9b,0xdf,0x73,0x79,0x16,0x03,0x54,0x00,0x00,0x00,0x00,0x00,0x00,0x00,0x00,0x00,0x00,0x00,0x00,0x00,0x00,0x00,0x00,0x00,0x00,0x00,0x00,0x00,0x00,0x00,0x00,0x00,0x00,0x00,0x00,0x00,0x00,0x00,0x00,0x00,0x00,0x00,0x00,0x00,0x00,0x00,0x00,0x00,0x00,0x00,0x00,0x00,0x00,0x00,0x00,0x00,
    0x00,0x00,0x00,0x00,0x00,0x00,0x00,0x00,0x00,0x00,0x00,0x00,0x00,0x00,0x00,0x00,0x00,0x00,0x00,0x00,0x00,0x00,0x00,0x00,0x00,0x00,0x00,0x00,0x00,0x00,0x00,0x00,0x00,0x00,0x00,0x00,0x00,0x00,0x00,0x00,0x00,0x00,0x00,0x00,0x00,0x00,0x00,0x00,0x00,0x00,0x00,0x00,0x00,0x00,0x00,0x00,0x00,0x00,0x00,0x00,0x00,0x01,0x07,0x02,0x1e,0x57,0xaa,0x0e,0x7e,0x83,0x83,0x83,0x83,0x83,0x7e,0x92,0x9f,0x2a,0x51,0x4a,0xe7,0x9b,0x97,0x83,0x83,0x83,0x83,0x83,0x83,0x8c,0x9f,0x5c,0x18,0x00,0x00,0x00,0x00,0x00,0x00,0x00,0x00,0x00,0x00,0x00,0x00,0x00,0x00,0x00,0x00,0x00,0x00,0x00,0x00,0x00,0x00,0x00,0x00,0x00,0x00,0x00,0x00,0x00,0x00,0x00,0x00,0x00,0x00,0x00,0x00,0x00,0x00,0x00,0x00,0x00,0x00,0x00,0x00,0x00,0x00,0x00,0x00,0x00,0x00,0x00,
    0x00,0x00,0x00,0x00,0x00,0x00,0x00,0x00,0x00,0x00,0x00,0x00,0x00,0x00,0x00,0x00,0x00,0x00,0x00,0x00,0x00,0x00,0x00,0x00,0x00,0x00,0x00,0x00,0x00,0x00,0x00,0x00,0x00,0x00,0x00,0x00,0x00,0x00,0x00,0x00,0x00,0x00,0x00,0x00,0x00,0x00,0x00,0x00,0x00,0x00,0x00,0x00,0x00,0x00,0x00,0x00,0x00,0x00,0x00,0x00,0x00,0x00,0x07,0x00,0x1e,0x64,0x13,0x0e,0x96,0x83,0x83,0x83,0x83,0x9b,0x9b,0x7e,0x9e,0x64,0x0f,0x4a,0xaa,0x92,0x96,0x83,0x83,0x83,0x83,0x83,0x96,0x97,0x59,0x58,0x18,0x05,0x00,0x00,0x00,0x00,0x00,0x00,0x00,0x00,0x00,0x00,0x00,0x00,0x00,0x00,0x00,0x00,0x00,0x00,0x00,0x00,0x00,0x00,0x00,0x00,0x00,0x00,0x00,0x00,0x00,0x00,0x00,0x00,0x00,0x00,0x00,0x00,0x00,0x00,0x00,0x00,0x00,0x00,0x00,0x00,0x00,0x00,0x00,0x00,0x00,0x00,
    0x00,0x00,0x00,0x00,0x00,0x00,0x00,0x00,0x00,0x00,0x00,0x00,0x00,0x00,0x00,0x00,0x00,0x00,0x00,0x00,0x00,0x00,0x00,0x00,0x00,0x00,0x00,0x00,0x00,0x00,0x00,0x00,0x00,0x00,0x00,0x00,0x00,0x00,0x00,0x00,0x00,0x00,0x00,0x00,0x00,0x00,0x00,0x00,0x00,0x00,0x00,0x00,0x00,0x00,0x00,0x00,0x00,0x00,0x00,0x00,0x00,0x00,0x07,0x00,0x27,0x4e,0x9e,0x0e,0x83,0x83,0x83,0x83,0x83,0x9b,0x8d,0x8d,0x8d,0x28,0x0f,0x56,0xa5,0x92,0x96,0x83,0x83,0x83,0x83,0x83,0x83,0x7e,0x44,0x1c,0x00,0x04,0x00,0x00,0x00,0x00,0x00,0x00,0x00,0x00,0x00,0x00,0x00,0x00,0x00,0x00,0x00,0x00,0x00,0x00,0x00,0x00,0x00,0x00,0x00,0x00,0x00,0x00,0x00,0x00,0x00,0x00,0x00,0x00,0x00,0x00,0x00,0x00,0x00,0x00,0x00,0x00,0x00,0x00,0x00,0x00,0x00,0x00,0x00,0x00,0x00,0x00,
    0x00,0x00,0x00,0x00,0x00,0x00,0x00,0x00,0x00,0x00,0x00,0x00,0x00,0x00,0x00,0x00,0x00,0x00,0x00,0x00,0x00,0x00,0x00,0x00,0x00,0x00,0x00,0x00,0x00,0x00,0x00,0x00,0x00,0x00,0x00,0x00,0x00,0x00,0x00,0x00,0x00,0x00,0x00,0x00,0x00,0x00,0x00,0x00,0x00,0x00,0x00,0x00,0x00,0x00,0x00,0x00,0x00,0x00,0x00,0x00,0x00,0x00,0x07,0x00,0x27,0x4e,0x2d,0x7e,0x83,0x7e,0x83,0x83,0x83,0x7e,0x53,0x83,0x44,0x1c,0x27,0x4a,0x9e,0x0e,0x83,0x83,0x83,0x83,0x83,0x83,0x7e,0x96,0x4a,0x35,0x00,0x04,0x00,0x00,0x00,0x00,0x00,0x00,0x00,0x00,0x00,0x00,0x00,0x00,0x00,0x00,0x00,0x00,0x00,0x00,0x00,0x00,0x00,0x00,0x00,0x00,0x00,0x00,0x00,0x00,0x00,0x00,0x00,0x00,0x00,0x00,0x00,0x00,0x00,0x00,0x00,0x00,0x00,0x00,0x00,0x00,0x00,0x00,0x00,0x00,0x00,0x00,
    0x00,0x00,0x00,0x00,0x00,0x00,0x00,0x00,0x00,0x00,0x00,0x00,0x00,0x00,0x00,0x00,0x00,0x00,0x00,0x00,0x00,0x00,0x00,0x00,0x00,0x00,0x00,0x00,0x00,0x00,0x00,0x00,0x00,0x00,0x00,0x00,0x00,0x00,0x00,0x00,0x00,0x00,0x00,0x00,0x00,0x00,0x00,0x00,0x00,0x00,0x00,0x00,0x00,0x00,0x00,0x00,0x00,0x00,0x00,0x00,0x00,0x00,0x00,0x01,0x04,0x64,0x13,0x92,0x96,0x9b,0x83,0x83,0x83,0x83,0x96,0x93,0x43,0x1c,0x27,0x57,0x13,0x7e,0x83,0x83,0x83,0x83,0x83,0x83,0x0e,0x9b,0x2a,0x49,0x00,0x04,0x00,0x00,0x00,0x00,0x00,0x00,0x00,0x00,0x00,0x00,0x00,0x00,0x00,0x00,0x00,0x00,0x00,0x00,0x00,0x00,0x00,0x00,0x00,0x00,0x00,0x00,0x00,0x00,0x00,0x00,0x00,0x00,0x00,0x00,0x00,0x00,0x00,0x00,0x00,0x00,0x00,0x00,0x00,0x00,0x00,0x00,0x00,0x00,0x00,0x00,
    0x00,0x00,0x00,0x00,0x00,0x00,0x00,0x00,0x00,0x00,0x00,0x00,0x00,0x00,0x00,0x00,0x00,0x00,0x00,0x00,0x00,0x00,0x00,0x00,0x00,0x00,0x00,0x00,0x00,0x00,0x00,0x00,0x00,0x00,0x00,0x00,0x00,0x00,0x00,0x00,0x00,0x00,0x00,0x00,0x00,0x00,0x00,0x00,0x00,0x00,0x00,0x00,0x00,0x00,0x00,0x00,0x00,0x00,0x00,0x00,0x00,0x00,0x00,0x02,0x00,0x48,0x43,0x9b,0x96,0x8d,0x83,0x83,0x83,0x83,0x83,0x0e,0x43,0x49,0x45,0x4a,0xbc,0x92,0x83,0x83,0x83,0x83,0x83,0x96,0x92,0xa5,0x4b,0x22,0x00,0x07,0x00,0x00,0x00,0x00,0x00,0x00,0x00,0x00,0x00,0x00,0x00,0x00,0x00,0x00,0x00,0x00,0x00,0x00,0x00,0x00,0x00,0x00,0x00,0x00,0x00,0x00,0x00,0x00,0x00,0x00,0x00,0x00,0x00,0x00,0x00,0x00,0x00,0x00,0x00,0x00,0x00,0x00,0x00,0x00,0x00,0x00,0x00,0x00,0x00,0x00,
    0x00,0x00,0x00,0x00,0x00,0x00,0x00,0x00,0x00,0x00,0x00,0x00,0x00,0x00,0x00,0x00,0x00,0x00,0x00,0x00,0x00,0x00,0x00,0x00,0x00,0x00,0x00,0x00,0x00,0x00,0x00,0x00,0x00,0x00,0x00,0x00,0x00,0x00,0x00,0x00,0x00,0x00,0x00,0x00,0x00,0x00,0x00,0x00,0x00,0x00,0x00,0x00,0x00,0x00,0x00,0x00,0x00,0x00,0x00,0x00,0x00,0x00,0x00,0x04,0x00,0x51,0x52,0x9b,0x7e,0x83,0x83,0x83,0x83,0x83,0x0e,0x9e,0x6c,0x49,0x01,0x4e,0xaa,0x97,0x83,0x83,0x83,0x83,0x83,0x83,0x0e,0xaa,0x4a,0x45,0x00,0x07,0x00,0x00,0x00,0x00,0x00,0x00,0x00,0x00,0x00,0x00,0x00,0x00,0x00,0x00,0x00,0x00,0x00,0x00,0x00,0x00,0x00,0x00,0x00,0x00,0x00,0x00,0x00,0x00,0x00,0x00,0x00,0x00,0x00,0x00,0x00,0x00,0x00,0x00,0x00,0x00,0x00,0x00,0x00,0x00,0x00,0x00,0x00,0x00,0x00,0x00,
    0x00,0x00,0x00,0x00,0x00,0x00,0x00,0x00,0x00,0x00,0x00,0x00,0x00,0x00,0x00,0x00,0x00,0x00,0x00,0x00,0x00,0x00,0x00,0x00,0x00,0x00,0x00,0x00,0x00,0x00,0x00,0x00,0x00,0x00,0x00,0x00,0x00,0x00,0x00,0x00,0x00,0x00,0x00,0x00,0x00,0x00,0x00,0x00,0x00,0x00,0x00,0x00,0x00,0x00,0x00,0x00,0x00,0x00,0x00,0x00,0x00,0x00,0x00,0x04,0x00,0x22,0x17,0x8c,0x96,0x83,0x83,0x83,0x83,0x83,0x0e,0xaa,0x4f,0x22,0x02,0x1b,0x3c,0x9b,0x0e,0x83,0x83,0x83,0x83,0x83,0x83,0x13,0x57,0x27,0x00,0x07,0x00,0x00,0x00,0x00,0x00,0x00,0x00,0x00,0x00,0x00,0x00,0x00,0x00,0x00,0x00,0x00,0x00,0x00,0x00,0x00,0x00,0x00,0x00,0x00,0x00,0x00,0x00,0x00,0x00,0x00,0x00,0x00,0x00,0x00,0x00,0x00,0x00,0x00,0x00,0x00,0x00,0x00,0x00,0x00,0x00,0x00,0x00,0x00,0x00,0x00,
    0x00,0x00,0x00,0x00,0x00,0x00,0x00,0x00,0x00,0x00,0x00,0x00,0x00,0x00,0x00,0x00,0x00,0x00,0x00,0x00,0x00,0x00,0x00,0x00,0x00,0x00,0x00,0x00,0x00,0x00,0x00,0x00,0x00,0x00,0x00,0x00,0x00,0x00,0x00,0x00,0x00,0x00,0x00,0x00,0x00,0x00,0x00,0x00,0x00,0x00,0x00,0x00,0x00,0x00,0x00,0x00,0x00,0x00,0x00,0x00,0x00,0x00,0x00,0x04,0x00,0x22,0x4c,0x93,0x96,0x83,0x83,0x83,0x83,0x83,0x0e,0x9e,0x57,0x22,0x00,0x51,0x6a,0x83,0x83,0x96,0x83,0x83,0x83,0x83,0x83,0x8d,0x57,0x27,0x00,0x07,0x00,0x00,0x00,0x00,0x00,0x00,0x00,0x00,0x00,0x00,0x00,0x00,0x00,0x00,0x00,0x00,0x00,0x00,0x00,0x00,0x00,0x00,0x00,0x00,0x00,0x00,0x00,0x00,0x00,0x00,0x00,0x00,0x00,0x00,0x00,0x00,0x00,0x00,0x00,0x00,0x00,0x00,0x00,0x00,0x00,0x00,0x00,0x00,0x00,0x00,
    0x00,0x00,0x00,0x00,0x00,0x00,0x00,0x00,0x00,0x00,0x00,0x00,0x00,0x00,0x00,0x00,0x00,0x00,0x00,0x00,0x00,0x00,0x00,0x00,0x00,0x00,0x00,0x00,0x00,0x00,0x00,0x00,0x00,0x00,0x00,0x00,0x00,0x00,0x00,0x00,0x00,0x00,0x00,0x00,0x00,0x00,0x00,0x00,0x00,0x00,0x00,0x00,0x00,0x00,0x00,0x00,0x00,0x00,0x00,0x00,0x00,0x00,0x00,0x04,0x00,0x1b,0x43,0x96,0x83,0x83,0x83,0x83,0x83,0x96,0x0e,0x11,0x2a,0x1e,0x00,0x51,0x4c,0x8c,0x96,0x83,0x83,0x83,0x83,0x83,0x0e,0x9e,0x2a,0x27,0x00,0x07,0x00,0x00,0x00,0x00,0x00,0x00,0x00,0x00,0x00,0x00,0x00,0x00,0x00,0x00,0x00,0x00,0x00,0x00,0x00,0x00,0x00,0x00,0x00,0x00,0x00,0x00,0x00,0x00,0x00,0x00,0x00,0x00,0x00,0x00,0x00,0x00,0x00,0x00,0x00,0x00,0x00,0x00,0x00,0x00,0x00,0x00,0x00,0x00,0x00,0x00,
    0x00,0x00,0x00,0x00,0x00,0x00,0x00,0x00,0x00,0x00,0x00,0x00,0x00,0x00,0x00,0x00,0x00,0x00,0x00,0x00,0x00,0x00,0x00,0x00,0x00,0x00,0x00,0x00,0x00,0x00,0x00,0x00,0x00,0x00,0x00,0x00,0x00,0x00,0x00,0x00,0x00,0x00,0x00,0x00,0x00,0x00,0x00,0x00,0x00,0x00,0x00,0x00,0x00,0x00,0x00,0x00,0x00,0x00,0x00,0x00,0x00,0x00,0x00,0x00,0x03,0x1b,0x43,0x83,0x83,0x83,0x83,0x83,0x83,0x96,0x92,0x11,0x5c,0x18,0x00,0x22,0x5b,0x96,0x96,0x83,0x83,0x83,0x83,0x96,0x92,0x13,0x4d,0x22,0x00,0x04,0x00,0x00,0x00,0x00,0x00,0x00,0x00,0x00,0x00,0x00,0x00,0x00,0x00,0x00,0x00,0x00,0x00,0x00,0x00,0x00,0x00,0x00,0x00,0x00,0x00,0x00,0x00,0x00,0x00,0x00,0x00,0x00,0x00,0x00,0x00,0x00,0x00,0x00,0x00,0x00,0x00,0x00,0x00,0x00,0x00,0x00,0x00,0x00,0x00,0x00,
    0x00,0x00,0x00,0x00,0x00,0x00,0x00,0x00,0x00,0x00,0x00,0x00,0x00,0x00,0x00,0x00,0x00,0x00,0x00,0x00,0x00,0x00,0x00,0x00,0x00,0x00,0x00,0x00,0x00,0x00,0x00,0x00,0x00,0x00,0x00,0x00,0x00,0x00,0x00,0x00,0x00,0x00,0x00,0x00,0x00,0x00,0x00,0x00,0x00,0x00,0x00,0x00,0x00,0x00,0x00,0x00,0x00,0x00,0x00,0x00,0x00,0x00,0x00,0x01,0x00,0x58,0x50,0x0e,0x96,0x83,0x83,0x83,0x83,0x83,0x7e,0x69,0x1b,0x14,0x00,0x1e,0x5a,0x97,0x53,0x7e,0x83,0x83,0x83,0x83,0x83,0x83,0x34,0x49,0x00,0x04,0x00,0x00,0x00,0x00,0x00,0x00,0x00,0x00,0x00,0x00,0x00,0x00,0x00,0x00,0x00,0x00,0x00,0x00,0x00,0x00,0x00,0x00,0x00,0x00,0x00,0x00,0x00,0x00,0x00,0x00,0x00,0x00,0x00,0x00,0x00,0x00,0x00,0x00,0x00,0x00,0x00,0x00,0x00,0x00,0x00,0x00,0x00,0x00,0x00,0x00,
    0x00,0x00,0x00,0x00,0x00,0x00,0x00,0x00,0x00,0x00,0x00,0x00,0x00,0x00,0x00,0x00,0x00,0x00,0x00,0x00,0x00,0x00,0x00,0x00,0x00,0x00,0x00,0x00,0x00,0x00,0x00,0x00,0x00,0x00,0x00,0x00,0x00,0x00,0x00,0x00,0x00,0x00,0x00,0x00,0x00,0x00,0x00,0x00,0x00,0x00,0x00,0x00,0x00,0x00,0x00,0x00,0x00,0x00,0x00,0x00,0x00,0x00,0x01,0x02,0x14,0x2a,0x2d,0x0e,0x83,0x83,0x83,0x83,0x83,0x83,0x83,0x44,0x1c,0x00,0x00,0x31,0x17,0x92,0x83,0x83,0x83,0x83,0x83,0x83,0x96,0x92,0x4c,0x5e,0x00,0x04,0x00,0x00,0x00,0x00,0x00,0x00,0x00,0x00,0x00,0x00,0x00,0x00,0x00,0x00,0x00,0x00,0x00,0x00,0x00,0x00,0x00,0x00,0x00,0x00,0x00,0x00,0x00,0x00,0x00,0x00,0x00,0x00,0x00,0x00,0x00,0x00,0x00,0x00,0x00,0x00,0x00,0x00,0x00,0x00,0x00,0x00,0x00,0x00,0x00,0x00,
    0x00,0x00,0x00,0x00,0x00,0x00,0x00,0x00,0x00,0x00,0x00,0x00,0x00,0x00,0x00,0x00,0x00,0x00,0x00,0x00,0x00,0x00,0x00,0x00,0x00,0x00,0x00,0x00,0x00,0x00,0x00,0x00,0x00,0x00,0x00,0x00,0x00,0x00,0x00,0x00,0x00,0x00,0x00,0x00,0x00,0x00,0x00,0x00,0x00,0x00,0x00,0x00,0x00,0x00,0x00,0x00,0x00,0x00,0x00,0x00,0x00,0x00,0x07,0x00,0x27,0x2a,0xbc,0x0e,0x83,0x83,0x83,0x83,0x83,0x83,0x7e,0x2a,0x51,0x00,0x05,0x25,0x17,0x53,0x83,0x83,0x83,0x83,0x83,0x7e,0x83,0x92,0x52,0x5e,0x01,0x03,0x00,0x00,0x00,0x00,0x00,0x00,0x00,0x00,0x00,0x00,0x00,0x00,0x00,0x00,0x00,0x00,0x00,0x00,0x00,0x00,0x00,0x00,0x00,0x00,0x00,0x00,0x00,0x00,0x00,0x00,0x00,0x00,0x00,0x00,0x00,0x00,0x00,0x00,0x00,0x00,0x00,0x00,0x00,0x00,0x00,0x00,0x00,0x00,0x00,0x00,
    0x00,0x00,0x00,0x00,0x00,0x00,0x00,0x00,0x00,0x00,0x00,0x00,0x00,0x00,0x00,0x00,0x00,0x00,0x00,0x00,0x00,0x00,0x00,0x00,0x00,0x00,0x00,0x00,0x00,0x00,0x00,0x00,0x00,0x00,0x00,0x00,0x00,0x00,0x00,0x00,0x00,0x00,0x00,0x00,0x00,0x00,0x00,0x00,0x00,0x00,0x00,0x00,0x00,0x00,0x00,0x00,0x00,0x00,0x00,0x00,0x00,0x00,0x01,0x05,0x16,0x58,0xa5,0x83,0x83,0x83,0x7e,0x83,0x83,0x96,0x7e,0x41,0x1c,0x00,0x05,0x00,0x1b,0x78,0x92,0x96,0x83,0x83,0x83,0x96,0x53,0x9b,0x4f,0x5e,0x00,0x54,0x00,0x00,0x00,0x00,0x00,0x00,0x00,0x00,0x00,0x00,0x00,0x00,0x00,0x00,0x00,0x00,0x00,0x00,0x00,0x00,0x00,0x00,0x00,0x00,0x00,0x00,0x00,0x00,0x00,0x00,0x00,0x00,0x00,0x00,0x00,0x00,0x00,0x00,0x00,0x00,0x00,0x00,0x00,0x00,0x00,0x00,0x00,0x00,0x00,0x00,
    0x00,0x00,0x00,0x00,0x00,0x00,0x00,0x00,0x00,0x00,0x00,0x00,0x00,0x00,0x00,0x00,0x00,0x00,0x00,0x00,0x00,0x00,0x00,0x00,0x00,0x00,0x00,0x00,0x00,0x00,0x00,0x00,0x00,0x00,0x00,0x00,0x00,0x00,0x00,0x00,0x00,0x00,0x00,0x00,0x00,0x00,0x00,0x00,0x00,0x00,0x00,0x00,0x00,0x00,0x00,0x00,0x00,0x00,0x00,0x00,0x00,0x00,0x00,0x04,0x00,0x35,0x2d,0x53,0x8d,0xa2,0x9b,0x96,0x96,0x53,0x9b,0x37,0x35,0x01,0x04,0x00,0x5d,0x3c,0x97,0x9b,0x96,0x96,0x8d,0x8f,0xa1,0x1d,0x4b,0x5d,0x16,0x00,0x01,0x00,0x00,0x00,0x00,0x00,0x00,0x00,0x00,0x00,0x00,0x00,0x00,0x00,0x00,0x00,0x00,0x00,0x00,0x00,0x00,0x00,0x00,0x00,0x00,0x00,0x00,0x00,0x00,0x00,0x00,0x00,0x00,0x00,0x00,0x00,0x00,0x00,0x00,0x00,0x00,0x00,0x00,0x00,0x00,0x00,0x00,0x00,0x00,0x00,
    0x00,0x00,0x00,0x00,0x00,0x00,0x00,0x00,0x00,0x00,0x00,0x00,0x00,0x00,0x00,0x00,0x00,0x00,0x00,0x00,0x00,0x00,0x00,0x00,0x00,0x00,0x00,0x00,0x00,0x00,0x00,0x00,0x00,0x00,0x00,0x00,0x00,0x00,0x00,0x00,0x00,0x00,0x00,0x00,0x00,0x00,0x00,0x00,0x00,0x00,0x00,0x00,0x00,0x00,0x00,0x00,0x00,0x00,0x00,0x00,0x00,0x00,0x54,0x00,0x0b,0x21,0xa6,0x8c,0x97,0xaf,0x93,0x8c,0x8c,0x8c,0x7e,0x74,0x55,0x00,0x02,0x26,0x0a,0xa6,0x8c,0x8c,0x8c,0x8c,0x9c,0x8e,0xaf,0x7e,0xbd,0x21,0x55,0x19,0x03,0x01,0x00,0x00,0x00,0x00,0x00,0x00,0x00,0x00,0x00,0x00,0x00,0x00,0x00,0x00,0x00,0x00,0x00,0x00,0x00,0x00,0x00,0x00,0x00,0x00,0x00,0x00,0x00,0x00,0x00,0x00,0x00,0x00,0x00,0x00,0x00,0x00,0x00,0x00,0x00,0x00,0x00,0x00,0x00,0x00,0x00,0x00,0x00,0x00,
    0x00,0x00,0x00,0x00,0x00,0x00,0x00,0x00,0x00,0x00,0x00,0x00,0x00,0x00,0x00,0x00,0x00,0x00,0x00,0x00,0x00,0x00,0x00,0x00,0x00,0x00,0x00,0x00,0x00,0x00,0x00,0x00,0x00,0x00,0x00,0x00,0x00,0x00,0x00,0x00,0x00,0x00,0x00,0x00,0x00,0x00,0x00,0x00,0x00,0x00,0x00,0x00,0x00,0x00,0x00,0x00,0x00,0x00,0x00,0x00,0x00,0x03,0x00,0x19,0x3b,0x88,0xd7,0xc7,0x32,0xc7,0xa6,0xa6,0x33,0x33,0xc2,0x98,0x89,0x12,0x54,0x42,0x98,0xb7,0xc7,0xa6,0xa6,0xa6,0x33,0xbe,0x32,0xd0,0x88,0x88,0x30,0x19,0x01,0x01,0x00,0x00,0x00,0x00,0x00,0x00,0x00,0x00,0x00,0x00,0x00,0x00,0x00,0x00,0x00,0x00,0x00,0x00,0x00,0x00,0x00,0x00,0x00,0x00,0x00,0x00,0x00,0x00,0x00,0x00,0x00,0x00,0x00,0x00,0x00,0x00,0x00,0x00,0x00,0x00,0x00,0x00,0x00,0x00,0x00,0x00,0x00,0x00,
    0x00,0x00,0x00,0x00,0x00,0x00,0x00,0x00,0x00,0x00,0x00,0x00,0x00,0x00,0x00,0x00,0x00,0x00,0x00,0x00,0x00,0x00,0x00,0x00,0x00,0x00,0x00,0x00,0x00,0x00,0x00,0x00,0x00,0x00,0x00,0x00,0x00,0x00,0x00,0x00,0x00,0x00,0x00,0x00,0x00,0x00,0x00,0x00,0x00,0x00,0x00,0x00,0x00,0x00,0x00,0x00,0x00,0x00,0x00,0x00,0x54,0x01,0x12,0x0a,0x1a,0x3b,0x89,0x98,0x98,0x98,0x98,0x89,0x98,0x89,0x98,0x88,0x88,0x21,0x12,0x88,0x3b,0x98,0x98,0x98,0x89,0x89,0x89,0x89,0x98,0x98,0x89,0x3b,0x3b,0x26,0x00,0x03,0x00,0x00,0x00,0x00,0x00,0x00,0x00,0x00,0x00,0x00,0x00,0x00,0x00,0x00,0x00,0x00,0x00,0x00,0x00,0x00,0x00,0x00,0x00,0x00,0x00,0x00,0x00,0x00,0x00,0x00,0x00,0x00,0x00,0x00,0x00,0x00,0x00,0x00,0x00,0x00,0x00,0x00,0x00,0x00,0x00,0x00,0x00,0x00,
    0x00,0x00,0x00,0x00,0x00,0x00,0x00,0x00,0x00,0x00,0x00,0x00,0x00,0x00,0x00,0x00,0x00,0x00,0x00,0x00,0x00,0x00,0x00,0x00,0x00,0x00,0x00,0x00,0x00,0x00,0x00,0x00,0x00,0x00,0x00,0x00,0x00,0x00,0x00,0x00,0x00,0x00,0x00,0x00,0x00,0x00,0x00,0x00,0x00,0x00,0x00,0x00,0x00,0x00,0x00,0x00,0x00,0x00,0x00,0x00,0x01,0x03,0x09,0x0a,0x06,0x1a,0x87,0x86,0x82,0x82,0x82,0x82,0x7c,0x8b,0x88,0x88,0x88,0x42,0x15,0x82,0x86,0x89,0x88,0x82,0x82,0x82,0x82,0x7c,0x7f,0x88,0x88,0x3b,0x85,0x0b,0x00,0x54,0x00,0x00,0x00,0x00,0x00,0x00,0x00,0x00,0x00,0x00,0x00,0x00,0x00,0x00,0x00,0x00,0x00,0x00,0x00,0x00,0x00,0x00,0x00,0x00,0x00,0x00,0x00,0x00,0x00,0x00,0x00,0x00,0x00,0x00,0x00,0x00,0x00,0x00,0x00,0x00,0x00,0x00,0x00,0x00,0x00,0x00,0x00,0x00,
    0x00,0x00,0x00,0x00,0x00,0x00,0x00,0x00,0x00,0x00,0x00,0x00,0x00,0x00,0x00,0x00,0x00,0x00,0x00,0x00,0x00,0x00,0x00,0x00,0x00,0x00,0x00,0x00,0x00,0x00,0x00,0x00,0x00,0x00,0x00,0x00,0x00,0x00,0x00,0x00,0x00,0x00,0x00,0x00,0x00,0x00,0x00,0x00,0x00,0x00,0x00,0x00,0x00,0x00,0x00,0x00,0x00,0x00,0x00,0x00,0x01,0x03,0x16,0x0a,0x8b,0x06,0x7f,0x88,0x8b,0x7f,0x7f,0x7f,0x81,0x86,0x88,0x80,0x87,0x42,0x15,0x7f,0x06,0x8b,0x88,0x7f,0x7f,0x7f,0x7f,0x81,0x86,0x87,0x82,0x06,0x80,0x0b,0x54,0x54,0x00,0x00,0x00,0x00,0x00,0x00,0x00,0x00,0x00,0x00,0x00,0x00,0x00,0x00,0x00,0x00,0x00,0x00,0x00,0x00,0x00,0x00,0x00,0x00,0x00,0x00,0x00,0x00,0x00,0x00,0x00,0x00,0x00,0x00,0x00,0x00,0x00,0x00,0x00,0x00,0x00,0x00,0x00,0x00,0x00,0x00,0x00,0x00,
    0x00,0x00,0x00,0x00,0x00,0x00,0x00,0x00,0x00,0x00,0x00,0x00,0x00,0x00,0x00,0x00,0x00,0x00,0x00,0x00,0x00,0x00,0x00,0x00,0x00,0x00,0x00,0x00,0x00,0x00,0x00,0x00,0x00,0x00,0x00,0x00,0x00,0x00,0x00,0x00,0x00,0x00,0x00,0x00,0x00,0x00,0x00,0x00,0x00,0x00,0x00,0x00,0x00,0x00,0x00,0x00,0x00,0x00,0x00,0x00,0x54,0x00,0x20,0x1f,0x84,0x9a,0x85,0x89,0x8b,0x81,0x7f,0x81,0x82,0x86,0x89,0x06,0x7f,0x15,0x12,0x8b,0x06,0x86,0x89,0x8b,0x82,0x81,0x81,0x82,0x86,0x89,0x87,0x06,0x7f,0x0c,0x09,0x00,0x03,0x00,0x00,0x00,0x00,0x00,0x00,0x00,0x00,0x00,0x00,0x00,0x00,0x00,0x00,0x00,0x00,0x00,0x00,0x00,0x00,0x00,0x00,0x00,0x00,0x00,0x00,0x00,0x00,0x00,0x00,0x00,0x00,0x00,0x00,0x00,0x00,0x00,0x00,0x00,0x00,0x00,0x00,0x00,0x00,0x00,0x00,0x00,
    0x00,0x00,0x00,0x00,0x00,0x00,0x00,0x00,0x00,0x00,0x00,0x00,0x00,0x00,0x00,0x00,0x00,0x00,0x00,0x00,0x00,0x00,0x00,0x00,0x00,0x00,0x00,0x00,0x00,0x00,0x00,0x00,0x00,0x00,0x00,0x00,0x00,0x00,0x00,0x00,0x00,0x00,0x00,0x00,0x00,0x00,0x00,0x00,0x00,0x00,0x00,0x00,0x00,0x00,0x00,0x00,0x00,0x00,0x00,0x00,0x54,0x00,0x12,0x0a,0x9a,0x08,0xab,0x81,0x89,0x89,0x86,0x86,0x86,0x88,0xa8,0xac,0x80,0x3a,0x26,0x7f,0x1a,0xac,0x88,0x98,0x88,0x87,0x85,0x86,0x87,0xab,0xac,0x87,0x82,0x15,0x09,0x00,0x03,0x00,0x00,0x00,0x00,0x00,0x00,0x00,0x00,0x00,0x00,0x00,0x00,0x00,0x00,0x00,0x00,0x00,0x00,0x00,0x00,0x00,0x00,0x00,0x00,0x00,0x00,0x00,0x00,0x00,0x00,0x00,0x00,0x00,0x00,0x00,0x00,0x00,0x00,0x00,0x00,0x00,0x00,0x00,0x00,0x00,0x00,0x00,
    0x00,0x00,0x00,0x00,0x00,0x00,0x00,0x00,0x00,0x00,0x00,0x00,0x00,0x00,0x00,0x00,0x00,0x00,0x00,0x00,0x00,0x00,0x00,0x00,0x00,0x00,0x00,0x00,0x00,0x00,0x00,0x00,0x00,0x00,0x00,0x00,0x00,0x00,0x00,0x00,0x00,0x00,0x00,0x00,0x00,0x00,0x00,0x00,0x00,0x00,0x00,0x00,0x00,0x00,0x00,0x00,0x00,0x00,0x00,0x00,0x54,0x00,0x12,0x0a,0x80,0x1a,0xbb,0xcf,0xbb,0xab,0x9a,0xac,0xc8,0xd2,0xe6,0xa8,0x80,0x3a,0x26,0x81,0x06,0xd2,0xcf,0xbb,0xa8,0xb1,0xac,0xbb,0xcf,0xca,0xac,0x87,0x2c,0x15,0x16,0x00,0x01,0x00,0x00,0x00,0x00,0x00,0x00,0x00,0x00,0x00,0x00,0x00,0x00,0x00,0x00,0x00,0x00,0x00,0x00,0x00,0x00,0x00,0x00,0x00,0x00,0x00,0x00,0x00,0x00,0x00,0x00,0x00,0x00,0x00,0x00,0x00,0x00,0x00,0x00,0x00,0x00,0x00,0x00,0x00,0x00,0x00,0x00,0x00,
    0x00,0x00,0x00,0x00,0x00,0x00,0x00,0x00,0x00,0x00,0x00,0x00,0x00,0x00,0x00,0x00,0x00,0x00,0x00,0x00,0x00,0x00,0x00,0x00,0x00,0x00,0x00,0x00,0x00,0x00,0x00,0x00,0x00,0x00,0x00,0x00,0x00,0x00,0x00,0x00,0x00,0x00,0x00,0x00,0x00,0x00,0x00,0x00,0x00,0x00,0x00,0x00,0x00,0x00,0x00,0x00,0x00,0x00,0x00,0x00,0x54,0x00,0x12,0x0a,0x80,0x1a,0x7c,0xf4,0xe3,0xca,0xf6,0xf6,0xc8,0x86,0xb3,0xb3,0x81,0x15,0x0b,0x81,0x87,0xd6,0x8b,0xa8,0xe5,0xca,0xca,0xa8,0x88,0xac,0x7f,0x80,0x08,0x15,0x19,0x00,0x01,0x00,0x00,0x00,0x00,0x00,0x00,0x00,0x00,0x00,0x00,0x00,0x00,0x00,0x00,0x00,0x00,0x00,0x00,0x00,0x00,0x00,0x00,0x00,0x00,0x00,0x00,0x00,0x00,0x00,0x00,0x00,0x00,0x00,0x00,0x00,0x00,0x00,0x00,0x00,0x00,0x00,0x00,0x00,0x00,0x00,0x00,0x00,
    0x00,0x00,0x00,0x00,0x00,0x00,0x00,0x00,0x00,0x00,0x00,0x00,0x00,0x00,0x00,0x00,0x00,0x00,0x00,0x00,0x00,0x00,0x00,0x00,0x00,0x00,0x00,0x00,0x00,0x00,0x00,0x00,0x00,0x00,0x00,0x00,0x00,0x00,0x00,0x00,0x00,0x00,0x00,0x00,0x00,0x00,0x00,0x00,0x00,0x00,0x00,0x00,0x00,0x00,0x00,0x00,0x00,0x00,0x00,0x00,0x54,0x00,0x12,0x0a,0x81,0x08,0x87,0xab,0xe6,0xd2,0xb3,0xac,0xcb,0xc8,0xb3,0x87,0x80,0x21,0x39,0x81,0x8b,0x87,0xbb,0xcb,0xa8,0x85,0xed,0xcb,0xbf,0x82,0x87,0x06,0x81,0x0c,0x09,0x00,0x03,0x00,0x00,0x00,0x00,0x00,0x00,0x00,0x00,0x00,0x00,0x00,0x00,0x00,0x00,0x00,0x00,0x00,0x00,0x00,0x00,0x00,0x00,0x00,0x00,0x00,0x00,0x00,0x00,0x00,0x00,0x00,0x00,0x00,0x00,0x00,0x00,0x00,0x00,0x00,0x00,0x00,0x00,0x00,0x00,0x00,0x00,0x00,
    0x00,0x00,0x00,0x00,0x00,0x00,0x00,0x00,0x00,0x00,0x00,0x00,0x00,0x00,0x00,0x00,0x00,0x00,0x00,0x00,0x00,0x00,0x00,0x00,0x00,0x00,0x00,0x00,0x00,0x00,0x00,0x00,0x00,0x00,0x00,0x00,0x00,0x00,0x00,0x00,0x00,0x00,0x00,0x00,0x00,0x00,0x00,0x00,0x00,0x00,0x00,0x00,0x00,0x00,0x00,0x00,0x00,0x00,0x00,0x00,0x54,0x00,0x12,0x0a,0x91,0x06,0xab,0xf6,0xc8,0xb1,0x89,0x98,0xb3,0xcf,0xcf,0x1a,0x81,0x21,0x39,0x84,0x86,0xbf,0xcb,0xab,0x85,0x89,0x89,0xa8,0xca,0xcf,0x85,0x06,0x7f,0x0c,0x09,0x00,0x03,0x00,0x00,0x00,0x00,0x00,0x00,0x00,0x00,0x00,0x00,0x00,0x00,0x00,0x00,0x00,0x00,0x00,0x00,0x00,0x00,0x00,0x00,0x00,0x00,0x00,0x00,0x00,0x00,0x00,0x00,0x00,0x00,0x00,0x00,0x00,0x00,0x00,0x00,0x00,0x00,0x00,0x00,0x00,0x00,0x00,0x00,0x00,
    0x00,0x00,0x00,0x00,0x00,0x00,0x00,0x00,0x00,0x00,0x00,0x00,0x00,0x00,0x00,0x00,0x00,0x00,0x00,0x00,0x00,0x00,0x00,0x00,0x00,0x00,0x00,0x00,0x00,0x00,0x00,0x00,0x00,0x00,0x00,0x00,0x00,0x00,0x00,0x00,0x00,0x00,0x00,0x00,0x00,0x00,0x00,0x00,0x00,0x00,0x00,0x00,0x00,0x00,0x00,0x00,0x00,0x00,0x00,0x00,0x54,0x00,0x12,0x0a,0x7c,0x06,0xb3,0x8b,0xa8,0xe5,0xa8,0xbf,0xe6,0xb3,0x88,0x3b,0x7f,0x21,0x21,0x2c,0x8b,0x91,0x88,0xd2,0xe5,0xac,0xc8,0xcb,0xb1,0xb1,0x7f,0x06,0x8b,0x0c,0x09,0x00,0x03,0x00,0x00,0x00,0x00,0x00,0x00,0x00,0x00,0x00,0x00,0x00,0x00,0x00,0x00,0x00,0x00,0x00,0x00,0x00,0x00,0x00,0x00,0x00,0x00,0x00,0x00,0x00,0x00,0x00,0x00,0x00,0x00,0x00,0x00,0x00,0x00,0x00,0x00,0x00,0x00,0x00,0x00,0x00,0x00,0x00,0x00,0x00,
    0x00,0x00,0x00,0x00,0x00,0x00,0x00,0x00,0x00,0x00,0x00,0x00,0x00,0x00,0x00,0x00,0x00,0x00,0x00,0x00,0x00,0x00,0x00,0x00,0x00,0x00,0x00,0x00,0x00,0x00,0x00,0x00,0x00,0x00,0x00,0x00,0x00,0x00,0x00,0x00,0x00,0x00,0x00,0x00,0x00,0x00,0x00,0x00,0x00,0x00,0x00,0x00,0x00,0x00,0x00,0x00,0x00,0x00,0x00,0x00,0x54,0x00,0x12,0x0a,0x7f,0x06,0x8b,0x89,0x98,0xbb,0xf6,0xe5,0xa8,0x98,0x88,0x06,0x80,0x0c,0x0b,0x3e,0x7f,0x7f,0x88,0x98,0xe6,0xe5,0xe5,0xac,0x89,0x87,0x81,0x06,0x8b,0x55,0x14,0x54,0x01,0x00,0x00,0x00,0x00,0x00,0x00,0x00,0x00,0x00,0x00,0x00,0x00,0x00,0x00,0x00,0x00,0x00,0x00,0x00,0x00,0x00,0x00,0x00,0x00,0x00,0x00,0x00,0x00,0x00,0x00,0x00,0x00,0x00,0x00,0x00,0x00,0x00,0x00,0x00,0x00,0x00,0x00,0x00,0x00,0x00,0x00,0x00,
    0x00,0x00,0x00,0x00,0x00,0x00,0x00,0x00,0x00,0x00,0x00,0x00,0x00,0x00,0x00,0x00,0x00,0x00,0x00,0x00,0x00,0x00,0x00,0x00,0x00,0x00,0x00,0x00,0x00,0x00,0x00,0x00,0x00,0x00,0x00,0x00,0x00,0x00,0x00,0x00,0x00,0x00,0x00,0x00,0x00,0x00,0x00,0x00,0x00,0x00,0x00,0x00,0x00,0x00,0x00,0x00,0x00,0x00,0x00,0x00,0x54,0x00,0x12,0x0a,0x81,0x06,0x87,0xb3,0xd2,0xd2,0xb1,0x7f,0xbb,0xc8,0x91,0x06,0x80,0x0c,0x19,0x3b,0x7f,0x1a,0xb3,0xcb,0xbf,0x85,0xac,0xcb,0xbb,0xb1,0x8b,0x06,0x81,0x0b,0x00,0x54,0x00,0x00,0x00,0x00,0x00,0x00,0x00,0x00,0x00,0x00,0x00,0x00,0x00,0x00,0x00,0x00,0x00,0x00,0x00,0x00,0x00,0x00,0x00,0x00,0x00,0x00,0x00,0x00,0x00,0x00,0x00,0x00,0x00,0x00,0x00,0x00,0x00,0x00,0x00,0x00,0x00,0x00,0x00,0x00,0x00,0x00,0x00,0x00,
    0x00,0x00,0x00,0x00,0x00,0x00,0x00,0x00,0x00,0x00,0x00,0x00,0x00,0x00,0x00,0x00,0x00,0x00,0x00,0x00,0x00,0x00,0x00,0x00,0x00,0x00,0x00,0x00,0x00,0x00,0x00,0x00,0x00,0x00,0x00,0x00,0x00,0x00,0x00,0x00,0x00,0x00,0x00,0x00,0x00,0x00,0x00,0x00,0x00,0x00,0x00,0x00,0x00,0x00,0x00,0x00,0x00,0x00,0x00,0x00,0x01,0x54,0x16,0x15,0x81,0x06,0x86,0xcb,0xe5,0xb3,0x98,0x98,0xac,0xca,0xa8,0x1a,0x82,0x0c,0x00,0x42,0x7f,0x86,0xc8,0xe6,0x7c,0x86,0x82,0xc8,0xf6,0xa8,0x85,0x06,0x81,0x0b,0x01,0x54,0x00,0x00,0x00,0x00,0x00,0x00,0x00,0x00,0x00,0x00,0x00,0x00,0x00,0x00,0x00,0x00,0x00,0x00,0x00,0x00,0x00,0x00,0x00,0x00,0x00,0x00,0x00,0x00,0x00,0x00,0x00,0x00,0x00,0x00,0x00,0x00,0x00,0x00,0x00,0x00,0x00,0x00,0x00,0x00,0x00,0x00,0x00,0x00,
    0x00,0x00,0x00,0x00,0x00,0x00,0x00,0x00,0x00,0x00,0x00,0x00,0x00,0x00,0x00,0x00,0x00,0x00,0x00,0x00,0x00,0x00,0x00,0x00,0x00,0x00,0x00,0x00,0x00,0x00,0x00,0x00,0x00,0x00,0x00,0x00,0x00,0x00,0x00,0x00,0x00,0x00,0x00,0x00,0x00,0x00,0x00,0x00,0x00,0x00,0x00,0x00,0x00,0x00,0x00,0x00,0x00,0x00,0x00,0x00,0x00,0x54,0x00,0x0c,0x82,0x06,0x81,0x85,0xac,0xcb,0xcb,0xcb,0xcf,0xb1,0x87,0x06,0x81,0x15,0x0b,0x42,0x8b,0x1a,0x98,0xac,0xe6,0xcf,0xca,0xbb,0x85,0x87,0x80,0x06,0x7f,0x0b,0x00,0x54,0x00,0x00,0x00,0x00,0x00,0x00,0x00,0x00,0x00,0x00,0x00,0x00,0x00,0x00,0x00,0x00,0x00,0x00,0x00,0x00,0x00,0x00,0x00,0x00,0x00,0x00,0x00,0x00,0x00,0x00,0x00,0x00,0x00,0x00,0x00,0x00,0x00,0x00,0x00,0x00,0x00,0x00,0x00,0x00,0x00,0x00,0x00,0x00,
    0x00,0x00,0x00,0x00,0x00,0x00,0x00,0x00,0x00,0x00,0x00,0x00,0x00,0x00,0x00,0x00,0x00,0x00,0x00,0x00,0x00,0x00,0x00,0x00,0x00,0x00,0x00,0x00,0x00,0x00,0x00,0x00,0x00,0x00,0x00,0x00,0x00,0x00,0x00,0x00,0x00,0x00,0x00,0x00,0x00,0x00,0x00,0x00,0x00,0x00,0x00,0x00,0x00,0x00,0x00,0x00,0x00,0x00,0x00,0x00,0x00,0x54,0x01,0x0c,0x87,0x1a,0x8b,0x88,0xb3,0xd2,0xc8,0xc8,0xbb,0xb1,0x86,0x1a,0x87,0x1f,0x21,0x42,0x86,0x86,0x89,0xa8,0xcf,0xed,0xbb,0xa8,0x8b,0x89,0x85,0x1a,0x86,0x0b,0x00,0x54,0x00,0x00,0x00,0x00,0x00,0x00,0x00,0x00,0x00,0x00,0x00,0x00,0x00,0x00,0x00,0x00,0x00,0x00,0x00,0x00,0x00,0x00,0x00,0x00,0x00,0x00,0x00,0x00,0x00,0x00,0x00,0x00,0x00,0x00,0x00,0x00,0x00,0x00,0x00,0x00,0x00,0x00,0x00,0x00,0x00,0x00,0x00,0x00,
    0x00,0x00,0x00,0x00,0x00,0x00,0x00,0x00,0x00,0x00,0x00,0x00,0x00,0x00,0x00,0x00,0x00,0x00,0x00,0x00,0x00,0x00,0x00,0x00,0x00,0x00,0x00,0x00,0x00,0x00,0x00,0x00,0x00,0x00,0x00,0x00,0x00,0x00,0x00,0x00,0x00,0x00,0x00,0x00,0x00,0x00,0x00,0x00,0x00,0x00,0x00,0x00,0x00,0x00,0x00,0x00,0x00,0x00,0x00,0x00,0x00,0x54,0x00,0x0c,0x7f,0x08,0x86,0xc8,0xe5,0xd2,0xbf,0xab,0xcb,0xca,0xa8,0x86,0x80,0x0a,0x15,0x2c,0x8b,0xb1,0xe6,0xca,0xd2,0xbf,0xbb,0xca,0xca,0xac,0x86,0x08,0x86,0x0b,0x00,0x54,0x00,0x00,0x00,0x00,0x00,0x00,0x00,0x00,0x00,0x00,0x00,0x00,0x00,0x00,0x00,0x00,0x00,0x00,0x00,0x00,0x00,0x00,0x00,0x00,0x00,0x00,0x00,0x00,0x00,0x00,0x00,0x00,0x00,0x00,0x00,0x00,0x00,0x00,0x00,0x00,0x00,0x00,0x00,0x00,0x00,0x00,0x00,0x00,
    0x00,0x00,0x00,0x00,0x00,0x00,0x00,0x00,0x00,0x00,0x00,0x00,0x00,0x00,0x00,0x00,0x00,0x00,0x00,0x00,0x00,0x00,0x00,0x00,0x00,0x00,0x00,0x00,0x00,0x00,0x00,0x00,0x00,0x00,0x00,0x00,0x00,0x00,0x00,0x00,0x00,0x00,0x00,0x00,0x00,0x00,0x00,0x00,0x00,0x00,0x00,0x00,0x00,0x00,0x00,0x00,0x00,0x00,0x00,0x00,0x01,0x01,0x2e,0x1f,0x8b,0x06,0x7f,0xa8,0x85,0x91,0xa8,0xa8,0xb3,0xb1,0xac,0x1a,0x8b,0x42,0x20,0x87,0x81,0xb1,0xac,0xb1,0xab,0xab,0xab,0x91,0xe3,0xac,0x85,0x08,0x86,0x39,0x00,0x54,0x00,0x00,0x00,0x00,0x00,0x00,0x00,0x00,0x00,0x00,0x00,0x00,0x00,0x00,0x00,0x00,0x00,0x00,0x00,0x00,0x00,0x00,0x00,0x00,0x00,0x00,0x00,0x00,0x00,0x00,0x00,0x00,0x00,0x00,0x00,0x00,0x00,0x00,0x00,0x00,0x00,0x00,0x00,0x00,0x00,0x00,0x00,0x00,
    0x00,0x00,0x00,0x00,0x00,0x00,0x00,0x00,0x00,0x00,0x00,0x00,0x00,0x00,0x00,0x00,0x00,0x00,0x00,0x00,0x00,0x00,0x00,0x00,0x00,0x00,0x00,0x00,0x00,0x00,0x00,0x00,0x00,0x00,0x00,0x00,0x00,0x00,0x00,0x00,0x00,0x00,0x00,0x00,0x00,0x00,0x00,0x00,0x00,0x00,0x00,0x00,0x00,0x00,0x00,0x00,0x00,0x00,0x00,0x00,0x01,0x00,0x2e,0x3e,0x7f,0x81,0x7f,0x89,0x89,0x98,0x98,0x98,0x98,0x89,0x88,0x82,0x86,0x42,0x39,0x86,0x06,0x85,0x89,0x88,0x89,0x89,0x89,0x89,0x89,0x86,0x81,0x06,0x85,0x0a,0x00,0x54,0x00,0x00,0x00,0x00,0x00,0x00,0x00,0x00,0x00,0x00,0x00,0x00,0x00,0x00,0x00,0x00,0x00,0x00,0x00,0x00,0x00,0x00,0x00,0x00,0x00,0x00,0x00,0x00,0x00,0x00,0x00,0x00,0x00,0x00,0x00,0x00,0x00,0x00,0x00,0x00,0x00,0x00,0x00,0x00,0x00,0x00,0x00,0x00,
    0x00,0x00,0x00,0x00,0x00,0x00,0x00,0x00,0x00,0x00,0x00,0x00,0x00,0x00,0x00,0x00,0x00,0x00,0x00,0x00,0x00,0x00,0x00,0x00,0x00,0x00,0x00,0x00,0x00,0x00,0x00,0x00,0x00,0x00,0x00,0x00,0x00,0x00,0x00,0x00,0x00,0x00,0x00,0x00,0x00,0x00,0x00,0x00,0x00,0x00,0x00,0x00,0x00,0x00,0x00,0x00,0x00,0x00,0x00,0x00,0x03,0x00,0x26,0x3e,0x80,0x81,0x7f,0x82,0x7f,0x8b,0x85,0x85,0x8b,0x8b,0x80,0x81,0x8b,0x42,0x0a,0x80,0x06,0x81,0x80,0x8b,0x8b,0x8b,0x87,0x7f,0x80,0x81,0x7f,0x06,0x7f,0x0a,0x00,0x54,0x00,0x00,0x00,0x00,0x00,0x00,0x00,0x00,0x00,0x00,0x00,0x00,0x00,0x00,0x00,0x00,0x00,0x00,0x00,0x00,0x00,0x00,0x00,0x00,0x00,0x00,0x00,0x00,0x00,0x00,0x00,0x00,0x00,0x00,0x00,0x00,0x00,0x00,0x00,0x00,0x00,0x00,0x00,0x00,0x00,0x00,0x00,0x00,
    0x00,0x00,0x00,0x00,0x00,0x00,0x00,0x00,0x00,0x00,0x00,0x00,0x00,0x00,0x00,0x00,0x00,0x00,0x00,0x00,0x00,0x00,0x00,0x00,0x00,0x00,0x00,0x00,0x00,0x00,0x00,0x00,0x00,0x00,0x00,0x00,0x00,0x00,0x00,0x00,0x00,0x00,0x00,0x00,0x00,0x00,0x00,0x00,0x00,0x00,0x00,0x00,0x00,0x00,0x00,0x00,0x00,0x00,0x00,0x00,0x54,0x00,0x0b,0x89,0x06,0x81,0x7f,0x7f,0x81,0x81,0x81,0x81,0x81,0x7f,0x7f,0x81,0x85,0x08,0x6e,0x85,0x80,0x7f,0x7f,0x7f,0x85,0x87,0x81,0x81,0x7f,0x7f,0x7f,0x06,0x87,0x0a,0x00,0x54,0x00,0x00,0x00,0x00,0x00,0x00,0x00,0x00,0x00,0x00,0x00,0x00,0x00,0x00,0x00,0x00,0x00,0x00,0x00,0x00,0x00,0x00,0x00,0x00,0x00,0x00,0x00,0x00,0x00,0x00,0x00,0x00,0x00,0x00,0x00,0x00,0x00,0x00,0x00,0x00,0x00,0x00,0x00,0x00,0x00,0x00,0x00,0x00,
    0x00,0x00,0x00,0x00,0x00,0x00,0x00,0x00,0x00,0x00,0x00,0x00,0x00,0x00,0x00,0x00,0x00,0x00,0x00,0x00,0x00,0x00,0x00,0x00,0x00,0x00,0x00,0x00,0x00,0x00,0x00,0x00,0x00,0x00,0x00,0x00,0x00,0x00,0x00,0x00,0x00,0x00,0x00,0x00,0x00,0x00,0x00,0x00,0x00,0x00,0x00,0x00,0x00,0x00,0x00,0x00,0x00,0x00,0x00,0x00,0x54,0x00,0x0b,0x88,0x1a,0x8b,0x81,0x81,0x8b,0x87,0x86,0x81,0x7f,0x81,0x81,0x80,0x88,0xb7,0xff,0x89,0x81,0x81,0x81,0x81,0x85,0x89,0x86,0x8b,0x81,0x80,0x81,0x8b,0x8b,0x21,0x00,0x54,0x00,0x00,0x00,0x00,0x00,0x00,0x00,0x00,0x00,0x00,0x00,0x00,0x00,0x00,0x00,0x00,0x00,0x00,0x00,0x00,0x00,0x00,0x00,0x00,0x00,0x00,0x00,0x00,0x00,0x00,0x00,0x00,0x00,0x00,0x00,0x00,0x00,0x00,0x00,0x00,0x00,0x00,0x00,0x00,0x00,0x00,0x00,0x00,
    0x00,0x00,0x00,0x00,0x00,0x00,0x00,0x00,0x00,0x00,0x00,0x00,0x00,0x00,0x00,0x00,0x00,0x00,0x00,0x00,0x00,0x00,0x00,0x00,0x00,0x00,0x00,0x00,0x00,0x00,0x00,0x00,0x00,0x00,0x00,0x00,0x00,0x00,0x00,0x00,0x00,0x00,0x00,0x00,0x00,0x00,0x00,0x00,0x00,0x00,0x00,0x00,0x00,0x00,0x00,0x00,0x00,0x00,0x00,0x00,0x54,0x00,0x0b,0x8b,0x06,0x88,0x88,0x86,0x89,0x89,0x88,0x8b,0x87,0x86,0x86,0x86,0x86,0x6e,0xff,0x88,0x86,0x86,0x85,0x8b,0x87,0x89,0x98,0x89,0x86,0x86,0x88,0x06,0x9a,0x21,0x00,0x54,0x00,0x00,0x00,0x00,0x00,0x00,0x00,0x00,0x00,0x00,0x00,0x00,0x00,0x00,0x00,0x00,0x00,0x00,0x00,0x00,0x00,0x00,0x00,0x00,0x00,0x00,0x00,0x00,0x00,0x00,0x00,0x00,0x00,0x00,0x00,0x00,0x00,0x00,0x00,0x00,0x00,0x00,0x00,0x00,0x00,0x00,0x00,0x00,
    0x00,0x00,0x00,0x00,0x00,0x00,0x00,0x00,0x00,0x00,0x00,0x00,0x00,0x00,0x00,0x00,0x00,0x00,0x00,0x00,0x00,0x00,0x00,0x00,0x00,0x00,0x00,0x00,0x00,0x00,0x00,0x00,0x00,0x00,0x00,0x00,0x00,0x00,0x00,0x00,0x00,0x00,0x00,0x00,0x00,0x00,0x00,0x00,0x00,0x00,0x00,0x00,0x00,0x00,0x00,0x00,0x00,0x00,0x00,0x00,0x03,0x00,0x12,0x3e,0x08,0x7c,0x7f,0x87,0x8b,0x86,0x85,0x8b,0x8b,0x8b,0x82,0x84,0x82,0x94,0x6e,0x1a,0x7c,0x87,0x87,0x8b,0x86,0x86,0x86,0x86,0x87,0x80,0x9a,0x94,0x94,0x0a,0x00,0x54,0x00,0x00,0x00,0x00,0x00,0x00,0x00,0x00,0x00,0x00,0x00,0x00,0x00,0x00,0x00,0x00,0x00,0x00,0x00,0x00,0x00,0x00,0x00,0x00,0x00,0x00,0x00,0x00,0x00,0x00,0x00,0x00,0x00,0x00,0x00,0x00,0x00,0x00,0x00,0x00,0x00,0x00,0x00,0x00,0x00,0x00,0x00,0x00,
    0x00,0x00,0x00,0x00,0x00,0x00,0x00,0x00,0x00,0x00,0x00,0x00,0x00,0x00,0x00,0x00,0x00,0x00,0x00,0x00,0x00,0x00,0x00,0x00,0x00,0x00,0x00,0x00,0x00,0x00,0x00,0x00,0x00,0x00,0x00,0x00,0x00,0x00,0x00,0x00,0x00,0x00,0x00,0x00,0x00,0x00,0x00,0x00,0x00,0x00,0x00,0x00,0x00,0x00,0x00,0x00,0x00,0x00,0x00,0x00,0x01,0x00,0x20,0x06,0x94,0x94,0x94,0x94,0x94,0x94,0x94,0x94,0x9a,0x94,0x94,0x94,0x9a,0x42,0x0c,0x91,0xb7,0xb7,0x94,0x94,0x94,0x94,0x94,0x94,0x94,0x94,0xb7,0x94,0x91,0x15,0x00,0x54,0x00,0x00,0x00,0x00,0x00,0x00,0x00,0x00,0x00,0x00,0x00,0x00,0x00,0x00,0x00,0x00,0x00,0x00,0x00,0x00,0x00,0x00,0x00,0x00,0x00,0x00,0x00,0x00,0x00,0x00,0x00,0x00,0x00,0x00,0x00,0x00,0x00,0x00,0x00,0x00,0x00,0x00,0x00,0x00,0x00,0x00,0x00,0x00,
    0x00,0x00,0x00,0x00,0x00,0x00,0x00,0x00,0x00,0x00,0x00,0x00,0x00,0x00,0x00,0x00,0x00,0x00,0x00,0x00,0x00,0x00,0x00,0x00,0x00,0x00,0x00,0x00,0x00,0x00,0x00,0x00,0x00,0x00,0x00,0x00,0x00,0x00,0x00,0x00,0x00,0x00,0x00,0x00,0x00,0x00,0x00,0x00,0x00,0x00,0x00,0x00,0x00,0x00,0x00,0x00,0x00,0x00,0x00,0x00,0x03,0x00,0x0b,0x15,0x30,0x94,0x94,0x94,0x94,0x94,0x9a,0x84,0x9a,0x94,0x94,0x94,0x2c,0x12,0x20,0x1f,0xb7,0xb7,0x94,0x94,0x94,0x94,0x94,0x94,0x94,0x94,0x94,0x9a,0x30,0x12,0x01,0x01,0x00,0x00,0x00,0x00,0x00,0x00,0x00,0x00,0x00,0x00,0x00,0x00,0x00,0x00,0x00,0x00,0x00,0x00,0x00,0x00,0x00,0x00,0x00,0x00,0x00,0x00,0x00,0x00,0x00,0x00,0x00,0x00,0x00,0x00,0x00,0x00,0x00,0x00,0x00,0x00,0x00,0x00,0x00,0x00,0x00,0x00,0x00,0x00,
    0x00,0x00,0x00,0x00,0x00,0x00,0x00,0x00,0x00,0x00,0x00,0x00,0x00,0x00,0x00,0x00,0x00,0x00,0x00,0x00,0x00,0x00,0x00,0x00,0x00,0x00,0x00,0x00,0x00,0x00,0x00,0x00,0x00,0x00,0x00,0x00,0x00,0x00,0x00,0x00,0x00,0x00,0x00,0x00,0x00,0x00,0x00,0x00,0x00,0x00,0x00,0x00,0x00,0x00,0x00,0x00,0x00,0x00,0x00,0x00,0x00,0x00,0x00,0x19,0x12,0x15,0x0a,0x9a,0x91,0x85,0x85,0x86,0x85,0x9a,0x30,0x21,0x55,0x02,0x19,0x0b,0x15,0x0a,0x7c,0x8b,0x86,0x7f,0x94,0x9a,0x84,0x30,0x21,0x0c,0x20,0x00,0x03,0x00,0x00,0x00,0x00,0x00,0x00,0x00,0x00,0x00,0x00,0x00,0x00,0x00,0x00,0x00,0x00,0x00,0x00,0x00,0x00,0x00,0x00,0x00,0x00,0x00,0x00,0x00,0x00,0x00,0x00,0x00,0x00,0x00,0x00,0x00,0x00,0x00,0x00,0x00,0x00,0x00,0x00,0x00,0x00,0x00,0x00,0x00,0x00,0x00,
    0x00,0x00,0x00,0x00,0x00,0x00,0x00,0x00,0x00,0x00,0x00,0x00,0x00,0x00,0x00,0x00,0x00,0x00,0x00,0x00,0x00,0x00,0x00,0x00,0x00,0x00,0x00,0x00,0x00,0x00,0x00,0x00,0x00,0x00,0x00,0x00,0x00,0x00,0x00,0x00,0x00,0x00,0x00,0x00,0x00,0x00,0x00,0x00,0x00,0x00,0x00,0x00,0x00,0x00,0x00,0x00,0x00,0x00,0x00,0x00,0x00,0x00,0x03,0x00,0x2e,0x16,0x00,0x09,0x09,0x09,0x09,0x09,0x09,0x09,0x16,0x00,0x19,0x03,0x00,0x03,0x16,0x00,0x09,0x09,0x09,0x09,0x09,0x09,0x09,0x19,0x00,0x19,0x00,0x01,0x00,0x00,0x00,0x00,0x00,0x00,0x00,0x00,0x00,0x00,0x00,0x00,0x00,0x00,0x00,0x00,0x00,0x00,0x00,0x00,0x00,0x00,0x00,0x00,0x00,0x00,0x00,0x00,0x00,0x00,0x00,0x00,0x00,0x00,0x00,0x00,0x00,0x00,0x00,0x00,0x00,0x00,0x00,0x00,0x00,0x00,0x00,0x00,0x00,0x00,
    0x00,0x00,0x00,0x00,0x00,0x00,0x00,0x00,0x00,0x00,0x00,0x00,0x00,0x00,0x00,0x00,0x00,0x00,0x00,0x00,0x00,0x00,0x00,0x00,0x00,0x00,0x00,0x00,0x00,0x00,0x00,0x00,0x00,0x00,0x00,0x00,0x00,0x00,0x00,0x00,0x00,0x00,0x00,0x00,0x00,0x00,0x00,0x00,0x00,0x00,0x00,0x00,0x00,0x00,0x00,0x00,0x00,0x00,0x00,0x00,0x00,0x00,0x00,0x01,0x00,0x00,0x01,0x00,0x00,0x00,0x00,0x00,0x00,0x00,0x00,0x00,0x00,0x00,0x01,0x00,0x00,0x01,0x00,0x00,0x00,0x00,0x00,0x00,0x00,0x00,0x54,0x00,0x03,0x00,0x00,0x00,0x00,0x00,0x00,0x00,0x00,0x00,0x00,0x00,0x00,0x00,0x00,0x00,0x00,0x00,0x00,0x00,0x00,0x00,0x00,0x00,0x00,0x00,0x00,0x00,0x00,0x00,0x00,0x00,0x00,0x00,0x00,0x00,0x00,0x00,0x00,0x00,0x00,0x00,0x00,0x00,0x00,0x00,0x00,0x00,0x00,0x00,0x00,0x00,

};

const lv_image_dsc_t passport_pet_waving_1 = {
  .header = {
    .magic = LV_IMAGE_HEADER_MAGIC,
    .cf = LV_COLOR_FORMAT_I8,
    .flags = 0,
    .w = 144,
    .h = 156,
    .stride = 144,
    .reserved_2 = 0,
  },
  .data_size = sizeof(passport_pet_waving_1_map),
  .data = passport_pet_waving_1_map,
  .reserved = NULL,
};
