
#if defined(LV_LVGL_H_INCLUDE_SIMPLE)
#include "lvgl.h"
#elif defined(LV_LVGL_H_INCLUDE_SYSTEM)
#include <lvgl.h>
#elif defined(LV_BUILD_TEST)
#include "../lvgl.h"
#else
#include "lvgl/lvgl.h"
#endif

#ifndef LV_ATTRIBUTE_MEM_ALIGN
#define LV_ATTRIBUTE_MEM_ALIGN
#endif

#ifndef LV_ATTRIBUTE_PASSPORT_PET_RUNNING_2
#define LV_ATTRIBUTE_PASSPORT_PET_RUNNING_2
#endif

static const
LV_ATTRIBUTE_MEM_ALIGN LV_ATTRIBUTE_LARGE_CONST LV_ATTRIBUTE_PASSPORT_PET_RUNNING_2
uint8_t passport_pet_running_2_map[] = {

    0x4c,0x70,0x47,0x00,0x15,0x00,0x1d,0x01,0x9c,0xaf,0xb2,0x01,0x0a,0x06,0x08,0x02,
    0xee,0xf7,0xfd,0xfe,0x13,0x10,0x11,0x23,0xea,0xf2,0xfa,0xfe,0x0b,0x08,0x0b,0xfc,
    0x8a,0xa8,0xa9,0x03,0x18,0x12,0x15,0xfb,0x68,0x68,0x56,0x03,0x75,0x81,0x92,0xfd,
    0x15,0x11,0x10,0x44,0xe5,0xff,0xff,0x02,0x2a,0x35,0x27,0x06,0x15,0x11,0x12,0x2f,
    0x14,0x0f,0x0f,0x94,0x25,0x2a,0x24,0x0b,0x14,0x0e,0x10,0xe0,0x16,0x14,0x12,0x15,
    0x0e,0x0a,0x0c,0x81,0x5b,0x5e,0x6d,0xfb,0xbf,0xda,0xec,0xfe,0x12,0x0c,0x0f,0xa9,
    0x15,0x0f,0x0f,0x6f,0x18,0x15,0x17,0xbd,0x85,0x9c,0xb2,0xff,0x98,0xb1,0xc0,0xfe,
    0xc1,0xc2,0xc3,0x09,0x1b,0x14,0x15,0xed,0x14,0x0f,0x10,0xd4,0xb8,0xbe,0xc7,0xff,
    0x14,0x10,0x10,0xc7,0x8a,0xa4,0xac,0x57,0xe4,0xf2,0xf5,0xd4,0x51,0x59,0x46,0x26,
    0xc6,0xd3,0xda,0x15,0xb3,0xc9,0xd1,0x22,0x19,0x12,0x11,0x50,0x9a,0x69,0x18,0xfe,
    0x17,0x16,0x13,0x60,0x9c,0xba,0xda,0xfe,0x99,0xac,0xb4,0xe3,0x80,0x9a,0xa3,0x1e,
    0xd0,0x78,0x03,0xfe,0x8f,0xab,0xbe,0xfe,0xac,0xb4,0xc1,0xfe,0xa5,0xc5,0xc5,0x04,
    0xdf,0xf1,0xf1,0x2f,0xa6,0xba,0xc5,0xe4,0x2f,0x2d,0x32,0xfe,0x6a,0x8f,0x96,0x7e,
    0x5c,0x7a,0x83,0x6a,0x83,0x9a,0x9f,0x39,0x4b,0x64,0x67,0xc4,0x62,0x71,0x77,0xdc,
    0x10,0x0b,0x0e,0xf3,0x3b,0x56,0x58,0x78,0x9b,0xb3,0xc1,0xc6,0x9a,0xb5,0xbe,0x6c,
    0x5a,0x76,0x77,0x4d,0x93,0xa8,0xb1,0x83,0x6e,0x9a,0x9d,0x69,0x81,0xa1,0xa8,0xca,
    0x6a,0x8d,0x8b,0x2b,0x64,0x83,0x8a,0xb9,0x52,0x56,0x5c,0xfe,0x66,0x7a,0xae,0xfe,
    0xaa,0xca,0xd5,0xa5,0x76,0x9b,0xa0,0xb5,0x75,0x9f,0xa6,0xea,0x92,0x5c,0x03,0x7b,
    0xc4,0xdc,0xe6,0xe5,0x99,0xa9,0xb0,0xa7,0xb0,0xca,0xd6,0xdf,0x99,0x72,0x42,0xfe,
    0xe7,0xf7,0xf7,0x61,0xcd,0xdf,0xe2,0x50,0x99,0x5a,0x05,0xfe,0xdc,0xec,0xf0,0xbf,
    0x32,0x3a,0x2a,0xb3,0x25,0x20,0x13,0x7d,0x5a,0x6c,0x9d,0xfe,0xd7,0xe5,0xec,0xb6,
    0x9f,0xb2,0xb6,0x46,0xde,0xef,0xf2,0x9a,0x65,0x83,0x87,0xd2,0x75,0x93,0x9a,0x9e,
    0x5b,0x71,0x7b,0x9a,0x6d,0x94,0x98,0xdd,0x71,0x7b,0x83,0xfd,0x88,0x5c,0x07,0xb9,
    0xdd,0xeb,0xed,0x86,0xe0,0xf4,0xf8,0xea,0xd5,0xe5,0xf4,0xf5,0x8b,0xa4,0xe9,0xfe,
    0x78,0xa8,0xb0,0xda,0xa7,0xc4,0xcb,0xc7,0x75,0x54,0x0c,0x45,0xae,0xc5,0xcb,0x87,
    0x38,0x4d,0x56,0x57,0xa2,0x6c,0x0f,0x9d,0x84,0x79,0x8e,0xfd,0x5d,0x4c,0x0d,0x9f,
    0x3d,0x5c,0x55,0x39,0x79,0x53,0x08,0xe1,0x23,0x1f,0x21,0xe1,0x6b,0x75,0x65,0x17,
    0x73,0xa4,0xb6,0xfe,0x38,0x5d,0x56,0x98,0x72,0x8a,0xc0,0xfd,0xb1,0x72,0x07,0xd9,
    0x56,0x4f,0x2e,0xcb,0xb8,0xd0,0xdf,0xf1,0x61,0x91,0x87,0xfc,0x3c,0x3f,0x46,0xe7,
    0xce,0xe8,0xfb,0xff,0x18,0x12,0x15,0xff,0x22,0x15,0x19,0xff,0x0a,0x07,0x0a,0xff,
    0x1a,0x13,0x17,0xff,0x0f,0x0b,0x0e,0xff,0x0c,0x09,0x0c,0xff,0x07,0x05,0x08,0xff,
    0xbb,0xe3,0xfc,0xff,0x12,0x0d,0x10,0xff,0x15,0x10,0x13,0xff,0xcc,0xe6,0xfb,0xff,
    0xc9,0xe7,0xfc,0xff,0xf5,0x99,0x01,0xff,0x1d,0x14,0x17,0xff,0x01,0x01,0x03,0xff,
    0xc0,0xe4,0xfc,0xff,0x22,0x17,0x1a,0xff,0xd1,0xeb,0xfe,0xff,0x1c,0x16,0x19,0xff,
    0x24,0x19,0x1d,0xff,0xc4,0xe5,0xfc,0xff,0xd4,0xee,0xff,0xff,0xd2,0xe9,0xfc,0xff,
    0xca,0xe4,0xf8,0xff,0xda,0xea,0xfa,0xff,0x29,0x1b,0x21,0xff,0xe2,0xec,0xf9,0xff,
    0xf3,0x96,0x01,0xff,0xd8,0xf2,0xff,0xff,0xfa,0x9d,0x01,0xff,0x29,0x21,0x26,0xff,
    0xe1,0xf2,0xff,0xff,0xca,0xd9,0xf6,0xff,0xba,0xe1,0xfa,0xff,0xd6,0xe3,0xf0,0xff,
    0x72,0x3a,0x4a,0xff,0xf2,0xfd,0xff,0xff,0xfc,0xff,0xff,0xff,0xef,0x90,0x01,0xff,
    0xfa,0xa3,0x02,0xff,0xd1,0xdc,0xe8,0xff,0xc4,0xeb,0xff,0xff,0x69,0x2d,0x3f,0xff,
    0xa9,0xc0,0xd4,0xff,0xb5,0xc6,0xd5,0xff,0xb2,0xcb,0xdd,0xff,0x86,0x95,0xa7,0xff,
    0xc4,0xe0,0xf3,0xff,0xb4,0xd6,0xeb,0xff,0xce,0xf2,0xff,0xff,0x94,0xa5,0xb7,0xff,
    0xba,0xdd,0xf5,0xff,0xcd,0xea,0xff,0xff,0x29,0x25,0x2c,0xff,0x44,0x22,0x2a,0xff,
    0xaa,0xba,0xce,0xff,0xcb,0xdf,0xf9,0xff,0x9b,0xb2,0xcd,0xff,0xc2,0xcb,0xd8,0xff,
    0xa7,0xc5,0xde,0xff,0x84,0x8b,0x99,0xff,0xd9,0x81,0x02,0xff,0xbf,0xd2,0xf1,0xff,
    0x52,0x2b,0x36,0xff,0xe7,0x88,0x01,0xff,0xaf,0xcf,0xe4,0xff,0x37,0x1e,0x24,0xff,
    0xbc,0x6c,0x08,0xff,0x75,0x8f,0xa5,0xff,0x98,0x4d,0x63,0xff,0xa0,0xab,0xb8,0xff,
    0xcc,0xef,0xff,0xff,0xa3,0xb7,0xf6,0xff,0xdf,0xfa,0xff,0xff,0xab,0x38,0x02,0xff,
    0x36,0x39,0x48,0xff,0x62,0x3b,0x15,0xff,0xae,0x51,0x6c,0xff,0x45,0x49,0x53,0xff,
    0x8e,0xa0,0xb6,0xfe,0xc8,0x55,0x76,0xff,0x8d,0x3b,0x54,0xff,0xcd,0xd4,0xdf,0xff,
    0x93,0x9e,0xa6,0xff,0xbc,0x5f,0x03,0xff,0xe0,0x8c,0x04,0xff,0xd4,0xf7,0xff,0xff,
    0x62,0x69,0x77,0xff,0xd5,0xe7,0xf7,0xff,0xc0,0x77,0x06,0xff,0xb9,0xc9,0xf0,0xff,
    0xc0,0xe8,0xfe,0xff,0x6f,0x20,0x0c,0xff,0x93,0x42,0x0a,0xff,0xa4,0xba,0xc3,0xfe,
    0x8a,0x45,0x5c,0xff,0x7b,0x65,0x3e,0xff,0x22,0x0f,0x0f,0xff,0x95,0xa6,0xc6,0xff,
    0x6a,0x72,0x84,0xff,0x13,0x08,0x0c,0xff,0xd0,0xe3,0xfb,0xff,0xe9,0x54,0x7b,0xff,
    0x3c,0x4f,0x6e,0xff,0x1c,0x1d,0x2c,0xff,0x99,0x90,0x78,0xff,0x96,0xb0,0xf7,0xff,
    0xce,0x61,0x80,0xff,0xb9,0x43,0x60,0xff,0xb9,0x4d,0x08,0xff,0x98,0x90,0x93,0xff,
    0xab,0xa7,0xa9,0xff,0x70,0x4f,0x39,0xff,0x95,0x7d,0x76,0xff,0x8a,0x2f,0x02,0xff,
    0x63,0x76,0x8f,0xff,0x05,0xb1,0xd6,0xff,0xa5,0xa2,0x8f,0xff,0xb6,0x82,0x19,0xff,
    0x55,0x65,0x88,0xff,0xaa,0x2c,0x49,0xff,0xaa,0xc1,0xfd,0xff,0xff,0xac,0x01,0xff,
    0x80,0x4e,0x09,0xff,0x3b,0x0e,0x08,0xff,0xe9,0xa7,0xb1,0xff,0x7f,0x97,0xd2,0xff,
    0xf1,0x63,0x89,0xff,0x8a,0x2c,0x33,0xff,0x6b,0x4c,0x5a,0xff,0xef,0x77,0x8d,0xff,
    0xac,0x5f,0x72,0xff,0x1f,0x79,0x8b,0xff,0x08,0xe7,0xfb,0xff,0x03,0x8f,0xbc,0xff,
    0xd9,0x46,0x68,0xff,0xe0,0xbb,0xbf,0xff,0xe8,0x8c,0x9d,0xff,0xd8,0xa8,0x36,0xff,

    0x00,0x00,0x00,0x00,0x00,0x00,0x00,0x00,0x00,0x00,0x00,0x00,0x00,0x00,0x00,0x00,0x00,0x00,0x00,0x00,0x00,0x00,0x00,0x00,0x00,0x00,0x00,0x00,0x00,0x00,0x00,0x00,0x00,0x00,0x00,0x00,0x00,0x00,0x00,0x00,0x00,0x00,0x00,0x00,0x00,0x00,0x00,0x00,0x00,0x00,0x00,0x00,0x00,0x00,0x00,0x00,0x00,0x00,0x00,0x00,0x00,0x00,0x02,0x00,0x00,0x00,0x00,0x00,0x00,0x00,0x00,0x00,0x00,0x00,0x00,0x00,0x00,0x00,0x00,0x00,0x00,0x00,0x00,0x00,0x00,0x00,0x00,0x00,0x00,0x00,0x00,0x00,0x00,0x00,0x00,0x00,0x00,0x00,0x00,0x00,0x00,0x00,0x00,0x00,0x00,0x00,0x00,0x00,0x00,0x00,0x00,0x00,0x00,0x00,0x00,0x00,0x00,0x00,0x00,0x00,0x00,0x00,0x00,0x00,0x00,0x00,0x00,0x00,0x00,0x00,0x00,0x00,0x00,0x00,0x00,0x00,0x00,0x00,0x00,0x00,0x00,0x00,0x00,0x00,
    0x00,0x00,0x00,0x00,0x00,0x00,0x00,0x00,0x00,0x00,0x00,0x00,0x00,0x00,0x00,0x00,0x00,0x00,0x00,0x00,0x00,0x00,0x00,0x00,0x00,0x00,0x00,0x00,0x00,0x00,0x00,0x00,0x00,0x00,0x00,0x00,0x00,0x00,0x00,0x00,0x00,0x00,0x00,0x00,0x00,0x00,0x00,0x00,0x00,0x00,0x00,0x00,0x00,0x00,0x00,0x00,0x00,0x00,0x00,0x00,0x00,0x00,0x00,0x24,0x30,0x30,0x2b,0x00,0x00,0x00,0x00,0x00,0x00,0x00,0x00,0x00,0x00,0x00,0x00,0x00,0x00,0x00,0x00,0x00,0x00,0x00,0x00,0x00,0x00,0x00,0x00,0x00,0x00,0x00,0x00,0x00,0x00,0x00,0x00,0x00,0x00,0x00,0x00,0x00,0x00,0x00,0x00,0x00,0x00,0x00,0x00,0x00,0x00,0x00,0x00,0x00,0x00,0x00,0x00,0x00,0x00,0x00,0x00,0x00,0x00,0x00,0x00,0x00,0x00,0x00,0x00,0x00,0x00,0x00,0x00,0x00,0x00,0x00,0x00,0x00,0x00,0x00,0x00,0x00,
    0x00,0x00,0x00,0x00,0x00,0x00,0x00,0x00,0x00,0x00,0x00,0x00,0x00,0x00,0x00,0x00,0x00,0x00,0x00,0x00,0x00,0x00,0x00,0x00,0x00,0x00,0x00,0x00,0x00,0x00,0x00,0x00,0x00,0x00,0x00,0x00,0x00,0x00,0x00,0x00,0x00,0x00,0x00,0x00,0x00,0x00,0x00,0x00,0x00,0x00,0x00,0x00,0x00,0x00,0x00,0x00,0x00,0x00,0x00,0x0d,0x02,0x5c,0x4f,0x5d,0x22,0x53,0x54,0x02,0x00,0x00,0x00,0x00,0x00,0x00,0x00,0x00,0x00,0x00,0x00,0x00,0x00,0x00,0x00,0x00,0x00,0x00,0x00,0x00,0x00,0x00,0x00,0x00,0x00,0x00,0x00,0x00,0x00,0x00,0x00,0x00,0x00,0x00,0x00,0x00,0x00,0x00,0x00,0x00,0x00,0x00,0x00,0x00,0x00,0x00,0x00,0x00,0x00,0x00,0x00,0x00,0x00,0x00,0x00,0x00,0x00,0x00,0x00,0x00,0x00,0x00,0x00,0x00,0x00,0x00,0x00,0x00,0x00,0x00,0x00,0x00,0x00,0x00,0x00,0x00,
    0x00,0x00,0x00,0x00,0x00,0x00,0x00,0x00,0x00,0x00,0x00,0x00,0x00,0x00,0x00,0x00,0x00,0x00,0x00,0x00,0x00,0x00,0x00,0x00,0x00,0x00,0x00,0x00,0x00,0x00,0x00,0x00,0x00,0x00,0x00,0x00,0x00,0x00,0x00,0x00,0x00,0x00,0x00,0x00,0x00,0x00,0x00,0x00,0x00,0x00,0x00,0x00,0x00,0x00,0x00,0x00,0x00,0x00,0x0d,0x00,0x30,0x04,0x5e,0x55,0x4c,0x30,0x00,0x02,0x00,0x00,0x00,0x00,0x00,0x00,0x00,0x00,0x00,0x00,0x00,0x00,0x00,0x00,0x00,0x00,0x00,0x00,0x00,0x00,0x00,0x00,0x00,0x00,0x00,0x00,0x00,0x00,0x00,0x00,0x00,0x00,0x00,0x00,0x00,0x00,0x00,0x00,0x00,0x00,0x00,0x00,0x00,0x00,0x00,0x00,0x00,0x00,0x00,0x00,0x00,0x00,0x00,0x00,0x00,0x00,0x00,0x00,0x00,0x00,0x00,0x00,0x00,0x00,0x00,0x00,0x00,0x00,0x00,0x00,0x00,0x00,0x00,0x00,0x00,0x00,
    0x00,0x00,0x00,0x00,0x00,0x00,0x00,0x00,0x00,0x00,0x00,0x00,0x00,0x00,0x00,0x00,0x00,0x00,0x00,0x00,0x00,0x00,0x00,0x00,0x00,0x00,0x00,0x00,0x00,0x00,0x00,0x00,0x00,0x00,0x00,0x00,0x00,0x00,0x00,0x00,0x00,0x00,0x00,0x00,0x00,0x00,0x00,0x00,0x00,0x00,0x00,0x00,0x00,0x00,0x00,0x00,0x00,0x0d,0x00,0x30,0x22,0x04,0x53,0x30,0x00,0x00,0x02,0x00,0x00,0x00,0x00,0x00,0x00,0x00,0x00,0x00,0x00,0x00,0x00,0x00,0x00,0x00,0x00,0x00,0x00,0x00,0x00,0x00,0x00,0x00,0x00,0x00,0x00,0x00,0x00,0x00,0x00,0x00,0x00,0x00,0x00,0x00,0x00,0x00,0x00,0x00,0x00,0x00,0x00,0x00,0x00,0x00,0x00,0x00,0x00,0x00,0x00,0x00,0x00,0x00,0x00,0x00,0x00,0x00,0x00,0x00,0x00,0x00,0x00,0x00,0x00,0x00,0x00,0x00,0x00,0x00,0x00,0x00,0x00,0x00,0x00,0x00,0x00,0x00,
    0x00,0x00,0x00,0x00,0x00,0x00,0x00,0x00,0x00,0x00,0x00,0x00,0x00,0x00,0x00,0x00,0x00,0x00,0x00,0x00,0x00,0x00,0x00,0x00,0x00,0x00,0x00,0x00,0x00,0x00,0x00,0x00,0x00,0x00,0x00,0x00,0x00,0x00,0x00,0x00,0x00,0x00,0x00,0x00,0x00,0x00,0x00,0x00,0x00,0x00,0x00,0x00,0x00,0x00,0x00,0x00,0x02,0x02,0x1c,0x53,0x06,0x5d,0x5c,0x00,0x2f,0x0d,0x00,0x00,0x00,0x00,0x00,0x00,0x00,0x00,0x00,0x00,0x00,0x00,0x00,0x00,0x00,0x00,0x00,0x00,0x00,0x00,0x00,0x00,0x00,0x00,0x00,0x00,0x00,0x00,0x00,0x00,0x00,0x00,0x00,0x00,0x00,0x00,0x00,0x00,0x00,0x00,0x00,0x00,0x00,0x00,0x00,0x00,0x00,0x00,0x00,0x00,0x00,0x00,0x00,0x00,0x00,0x00,0x00,0x00,0x00,0x00,0x00,0x00,0x00,0x00,0x00,0x00,0x00,0x00,0x00,0x00,0x00,0x00,0x00,0x00,0x00,0x00,0x00,0x00,
    0x00,0x00,0x00,0x00,0x00,0x00,0x00,0x00,0x00,0x00,0x00,0x00,0x00,0x00,0x00,0x00,0x00,0x00,0x00,0x00,0x00,0x00,0x00,0x00,0x00,0x00,0x00,0x00,0x00,0x00,0x00,0x00,0x00,0x00,0x00,0x00,0x00,0x00,0x00,0x00,0x00,0x00,0x00,0x00,0x00,0x00,0x00,0x00,0x00,0x00,0x00,0x00,0x00,0x00,0x00,0x00,0x0a,0x00,0x21,0x31,0x06,0x31,0x4d,0x02,0x02,0x00,0x00,0x00,0x00,0x00,0x00,0x00,0x00,0x00,0x00,0x00,0x00,0x00,0x00,0x00,0x00,0x00,0x00,0x00,0x00,0x00,0x00,0x00,0x00,0x00,0x00,0x00,0x00,0x00,0x00,0x00,0x00,0x00,0x00,0x00,0x00,0x00,0x00,0x00,0x00,0x00,0x00,0x00,0x00,0x00,0x00,0x00,0x00,0x00,0x00,0x00,0x00,0x00,0x00,0x00,0x00,0x00,0x00,0x00,0x00,0x00,0x00,0x00,0x00,0x00,0x00,0x00,0x00,0x00,0x00,0x00,0x00,0x00,0x00,0x00,0x00,0x00,0x00,0x00,
    0x00,0x00,0x00,0x00,0x00,0x00,0x00,0x00,0x00,0x00,0x00,0x00,0x00,0x00,0x00,0x00,0x00,0x00,0x00,0x00,0x00,0x00,0x00,0x00,0x00,0x00,0x00,0x00,0x00,0x00,0x00,0x00,0x00,0x00,0x00,0x00,0x00,0x00,0x00,0x00,0x00,0x00,0x00,0x00,0x00,0x00,0x00,0x00,0x00,0x00,0x00,0x00,0x00,0x00,0x00,0x00,0x08,0x00,0x3d,0x2a,0x97,0x4a,0x3b,0x01,0x0a,0x00,0x00,0x00,0x00,0x00,0x00,0x00,0x00,0x00,0x00,0x00,0x00,0x00,0x00,0x00,0x00,0x00,0x00,0x00,0x00,0x00,0x00,0x00,0x00,0x00,0x00,0x00,0x00,0x00,0x00,0x00,0x00,0x00,0x00,0x00,0x00,0x00,0x00,0x00,0x00,0x00,0x00,0x00,0x00,0x00,0x00,0x00,0x00,0x00,0x00,0x00,0x00,0x00,0x00,0x00,0x00,0x00,0x00,0x00,0x00,0x00,0x00,0x00,0x00,0x00,0x00,0x00,0x00,0x00,0x00,0x00,0x00,0x00,0x00,0x00,0x00,0x00,0x00,0x00,
    0x00,0x00,0x00,0x00,0x00,0x00,0x00,0x00,0x00,0x00,0x00,0x00,0x00,0x00,0x00,0x00,0x00,0x00,0x00,0x00,0x00,0x00,0x00,0x00,0x00,0x00,0x00,0x00,0x00,0x00,0x00,0x00,0x00,0x00,0x00,0x00,0x00,0x00,0x00,0x00,0x00,0x00,0x00,0x00,0x00,0x00,0x00,0x00,0x00,0x00,0x00,0x00,0x00,0x00,0x00,0x00,0x02,0x2f,0x3d,0xbb,0xcd,0x5e,0x63,0x00,0x02,0x0d,0x02,0x02,0x00,0x01,0x0a,0x00,0x00,0x00,0x00,0x00,0x00,0x00,0x0a,0x02,0x01,0x02,0x00,0x00,0x00,0x00,0x00,0x00,0x00,0x00,0x00,0x00,0x00,0x00,0x00,0x00,0x00,0x00,0x00,0x00,0x00,0x00,0x00,0x00,0x00,0x00,0x00,0x00,0x00,0x00,0x00,0x00,0x00,0x00,0x00,0x00,0x00,0x00,0x00,0x00,0x00,0x00,0x00,0x00,0x00,0x00,0x00,0x00,0x00,0x00,0x00,0x00,0x00,0x00,0x00,0x00,0x00,0x00,0x00,0x00,0x00,0x00,0x00,0x00,
    0x00,0x00,0x00,0x00,0x00,0x00,0x00,0x00,0x00,0x00,0x00,0x00,0x00,0x00,0x00,0x00,0x00,0x00,0x00,0x00,0x00,0x00,0x00,0x00,0x00,0x00,0x00,0x00,0x00,0x00,0x00,0x00,0x00,0x00,0x00,0x00,0x00,0x00,0x00,0x00,0x00,0x00,0x00,0x00,0x00,0x00,0x00,0x00,0x00,0x00,0x00,0x00,0x00,0x00,0x00,0x00,0x2f,0x00,0x21,0x60,0x16,0xa4,0x59,0x3c,0x2f,0x00,0x00,0x00,0x08,0x00,0x00,0x2f,0x0e,0x11,0x11,0x11,0x0e,0x0d,0x00,0x00,0x00,0x00,0x02,0x02,0x00,0x00,0x00,0x00,0x00,0x00,0x00,0x00,0x00,0x00,0x00,0x00,0x00,0x00,0x00,0x00,0x00,0x00,0x00,0x00,0x00,0x00,0x00,0x00,0x00,0x00,0x00,0x00,0x00,0x00,0x00,0x00,0x00,0x00,0x00,0x00,0x00,0x00,0x00,0x00,0x00,0x00,0x00,0x00,0x00,0x00,0x00,0x00,0x00,0x00,0x00,0x00,0x00,0x00,0x00,0x00,0x00,0x00,0x00,0x00,
    0x00,0x00,0x00,0x00,0x00,0x00,0x00,0x00,0x00,0x00,0x00,0x00,0x00,0x00,0x00,0x00,0x00,0x00,0x00,0x00,0x00,0x00,0x00,0x00,0x00,0x00,0x00,0x00,0x00,0x00,0x00,0x00,0x00,0x00,0x00,0x00,0x00,0x00,0x00,0x00,0x00,0x00,0x00,0x00,0x00,0x00,0x00,0x00,0x00,0x00,0x00,0x00,0x00,0x00,0x00,0x00,0x02,0x00,0x40,0x59,0xa5,0xda,0x2d,0x45,0x6b,0x2b,0x2b,0x2b,0x00,0x11,0x3c,0x39,0x33,0x33,0x33,0x33,0x33,0x34,0x3c,0x2b,0x1c,0x2b,0x00,0x00,0x00,0x00,0x00,0x00,0x00,0x00,0x00,0x00,0x00,0x00,0x00,0x00,0x00,0x00,0x00,0x00,0x00,0x00,0x00,0x00,0x00,0x00,0x00,0x00,0x00,0x00,0x00,0x00,0x00,0x00,0x00,0x00,0x00,0x00,0x00,0x00,0x00,0x00,0x00,0x00,0x00,0x00,0x00,0x00,0x00,0x00,0x00,0x00,0x00,0x00,0x00,0x00,0x00,0x00,0x00,0x00,0x00,0x00,0x00,0x00,
    0x00,0x00,0x00,0x00,0x00,0x00,0x00,0x00,0x00,0x00,0x00,0x00,0x00,0x00,0x00,0x00,0x00,0x00,0x00,0x00,0x00,0x00,0x00,0x00,0x00,0x00,0x00,0x00,0x00,0x00,0x00,0x00,0x00,0x00,0x00,0x00,0x00,0x00,0x00,0x00,0x00,0x00,0x00,0x00,0x00,0x00,0x00,0x00,0x00,0x00,0x00,0x00,0x00,0x00,0x00,0x00,0x00,0x0d,0x00,0x3b,0x53,0x8b,0x8d,0x31,0x45,0x57,0x57,0x58,0x36,0x36,0x3a,0x31,0xa0,0x7f,0x5e,0x16,0x29,0x4a,0x3a,0x36,0x41,0x39,0x3c,0x35,0x0e,0x00,0x0a,0x01,0x00,0x00,0x00,0x00,0x00,0x00,0x00,0x00,0x00,0x00,0x00,0x00,0x00,0x00,0x00,0x00,0x00,0x00,0x00,0x00,0x00,0x00,0x00,0x00,0x00,0x00,0x00,0x00,0x00,0x00,0x00,0x00,0x00,0x00,0x00,0x00,0x00,0x00,0x00,0x00,0x00,0x00,0x00,0x00,0x00,0x00,0x00,0x00,0x00,0x00,0x00,0x00,0x00,0x00,0x00,0x00,
    0x00,0x00,0x00,0x00,0x00,0x00,0x00,0x00,0x00,0x00,0x00,0x00,0x00,0x00,0x00,0x00,0x00,0x00,0x00,0x00,0x00,0x00,0x00,0x00,0x00,0x00,0x00,0x00,0x00,0x00,0x00,0x00,0x00,0x00,0x00,0x00,0x00,0x00,0x00,0x00,0x00,0x00,0x00,0x00,0x00,0x00,0x00,0x00,0x00,0x00,0x00,0x00,0x00,0x00,0x00,0x00,0x0d,0x00,0x00,0x00,0x03,0x4f,0x48,0xa0,0x1b,0xae,0x29,0xae,0x16,0xa4,0x84,0xa9,0x80,0x80,0x7f,0x74,0x86,0x8a,0x80,0xa8,0xa2,0x1b,0x3a,0x45,0x3e,0x1c,0x00,0x00,0x02,0x00,0x00,0x00,0x00,0x00,0x00,0x00,0x00,0x00,0x00,0x00,0x00,0x00,0x00,0x00,0x00,0x00,0x00,0x00,0x00,0x00,0x00,0x00,0x00,0x00,0x00,0x00,0x00,0x00,0x00,0x00,0x00,0x00,0x00,0x00,0x00,0x00,0x00,0x00,0x00,0x00,0x00,0x00,0x00,0x00,0x00,0x00,0x00,0x00,0x00,0x00,0x00,0x00,0x00,0x00,
    0x00,0x00,0x00,0x00,0x00,0x00,0x00,0x00,0x00,0x00,0x00,0x00,0x00,0x00,0x00,0x00,0x00,0x00,0x00,0x00,0x00,0x00,0x00,0x00,0x00,0x00,0x00,0x00,0x00,0x00,0x00,0x00,0x00,0x00,0x00,0x00,0x00,0x00,0x00,0x00,0x00,0x00,0x00,0x00,0x00,0x00,0x00,0x00,0x00,0x00,0x00,0x00,0x00,0x00,0x0d,0x00,0x00,0x24,0x4d,0x4d,0x30,0x34,0x41,0x0b,0x1a,0xad,0x84,0xd0,0x7c,0x7c,0x7c,0x96,0x96,0x7c,0x84,0x89,0x84,0x96,0x96,0xa8,0xa8,0x84,0xa8,0xa2,0x2a,0x3c,0x68,0x6b,0x00,0x03,0x00,0x00,0x00,0x00,0x00,0x00,0x00,0x00,0x00,0x00,0x00,0x00,0x00,0x00,0x00,0x00,0x00,0x00,0x00,0x00,0x00,0x00,0x00,0x00,0x00,0x00,0x00,0x00,0x00,0x00,0x00,0x00,0x00,0x00,0x00,0x00,0x00,0x00,0x00,0x00,0x00,0x00,0x00,0x00,0x00,0x00,0x00,0x00,0x00,0x00,0x00,0x00,0x00,0x00,
    0x00,0x00,0x00,0x00,0x00,0x00,0x00,0x00,0x00,0x00,0x00,0x00,0x00,0x00,0x00,0x00,0x00,0x00,0x00,0x00,0x00,0x00,0x00,0x00,0x00,0x00,0x00,0x00,0x00,0x00,0x00,0x00,0x00,0x00,0x00,0x00,0x00,0x00,0x00,0x00,0x00,0x00,0x00,0x00,0x00,0x00,0x00,0x00,0x00,0x00,0x00,0x00,0x02,0x02,0x00,0x1c,0x4c,0x55,0x22,0x04,0x2e,0xe8,0xa2,0x86,0x91,0x74,0x89,0x84,0x7c,0x7c,0x7c,0x7c,0x7c,0x7c,0x7c,0x7c,0x7c,0x7c,0x7c,0x96,0xa8,0xa8,0x84,0xa9,0xa5,0x2d,0x46,0x33,0x25,0x00,0x02,0x00,0x00,0x00,0x00,0x00,0x00,0x00,0x00,0x00,0x00,0x00,0x00,0x00,0x00,0x00,0x00,0x00,0x00,0x00,0x00,0x00,0x00,0x00,0x00,0x00,0x00,0x00,0x00,0x00,0x00,0x00,0x00,0x00,0x00,0x00,0x00,0x00,0x00,0x00,0x00,0x00,0x00,0x00,0x00,0x00,0x00,0x00,0x00,0x00,0x00,0x00,0x00,0x00,
    0x00,0x00,0x00,0x00,0x00,0x00,0x00,0x00,0x00,0x00,0x00,0x00,0x00,0x00,0x00,0x00,0x00,0x00,0x00,0x00,0x00,0x00,0x00,0x00,0x00,0x00,0x00,0x00,0x00,0x00,0x00,0x00,0x00,0x00,0x00,0x00,0x00,0x00,0x00,0x00,0x00,0x00,0x00,0x00,0x00,0x00,0x00,0x00,0x00,0x00,0x00,0x0d,0x00,0x0d,0x25,0x4c,0x22,0x04,0x97,0xc8,0xb9,0x86,0x86,0x8c,0x8c,0x7f,0x74,0x74,0x7f,0x80,0x7c,0x7c,0x7c,0x7c,0x7c,0x7c,0x7c,0x7c,0x7c,0x7c,0x84,0x80,0x74,0x7f,0x74,0x86,0x86,0x4a,0x44,0x25,0x2f,0x02,0x02,0x00,0x00,0x00,0x00,0x00,0x00,0x00,0x00,0x00,0x00,0x00,0x00,0x00,0x00,0x00,0x00,0x00,0x00,0x00,0x00,0x00,0x00,0x00,0x00,0x00,0x00,0x00,0x00,0x00,0x00,0x00,0x00,0x00,0x00,0x00,0x00,0x00,0x00,0x00,0x00,0x00,0x00,0x00,0x00,0x00,0x00,0x00,0x00,0x00,0x00,0x00,
    0x00,0x00,0x00,0x00,0x00,0x00,0x00,0x00,0x00,0x00,0x00,0x00,0x00,0x00,0x00,0x00,0x00,0x00,0x00,0x00,0x00,0x00,0x00,0x00,0x00,0x00,0x00,0x00,0x00,0x00,0x00,0x00,0x00,0x00,0x00,0x00,0x00,0x00,0x00,0x00,0x00,0x00,0x00,0x00,0x00,0x00,0x00,0x00,0x00,0x00,0x08,0x00,0x24,0x4c,0x22,0x99,0x04,0xa5,0xc4,0xa2,0xbc,0x89,0x96,0x7c,0x7c,0x80,0x84,0x7c,0x84,0x7f,0x7c,0x7c,0x7c,0x7c,0x7c,0x7c,0x7c,0x7c,0x89,0x7f,0x80,0x80,0x74,0x7f,0x7f,0x7f,0x7f,0x8a,0xa8,0x3a,0x21,0x00,0x02,0x01,0x00,0x00,0x00,0x00,0x00,0x00,0x00,0x00,0x00,0x00,0x00,0x00,0x00,0x00,0x00,0x00,0x00,0x00,0x00,0x00,0x00,0x00,0x00,0x00,0x00,0x00,0x00,0x00,0x00,0x00,0x00,0x00,0x00,0x00,0x00,0x00,0x00,0x00,0x00,0x00,0x00,0x00,0x00,0x00,0x00,0x00,0x00,0x00,0x00,0x00,
    0x00,0x00,0x00,0x00,0x00,0x00,0x00,0x00,0x00,0x00,0x00,0x00,0x00,0x00,0x00,0x00,0x00,0x00,0x00,0x00,0x00,0x00,0x00,0x00,0x00,0x00,0x00,0x00,0x00,0x00,0x00,0x00,0x00,0x00,0x00,0x00,0x00,0x00,0x00,0x00,0x00,0x00,0x00,0x00,0x00,0x00,0x00,0x00,0x00,0x02,0x00,0x24,0x55,0x5d,0x06,0x53,0x4f,0xa8,0xa4,0xd0,0x96,0x96,0x84,0x89,0x84,0x7c,0x7c,0x84,0x80,0x74,0x89,0x89,0x89,0x84,0x7c,0x7c,0x84,0x7f,0x74,0x7f,0x7f,0x7f,0x7f,0x7f,0x74,0x7f,0x7f,0x8c,0x8b,0xa4,0x31,0x4d,0x00,0x02,0x00,0x00,0x00,0x00,0x00,0x00,0x00,0x00,0x00,0x00,0x00,0x00,0x00,0x00,0x00,0x00,0x00,0x00,0x00,0x00,0x00,0x00,0x00,0x00,0x00,0x00,0x00,0x00,0x00,0x00,0x00,0x00,0x00,0x00,0x00,0x00,0x00,0x00,0x00,0x00,0x00,0x00,0x00,0x00,0x00,0x00,0x00,0x00,0x00,0x00,
    0x00,0x00,0x00,0x00,0x00,0x00,0x00,0x00,0x00,0x00,0x00,0x00,0x00,0x00,0x00,0x00,0x00,0x00,0x00,0x00,0x00,0x00,0x00,0x00,0x00,0x00,0x00,0x00,0x00,0x00,0x00,0x00,0x00,0x00,0x00,0x00,0x00,0x00,0x00,0x00,0x00,0x00,0x00,0x00,0x00,0x00,0x00,0x02,0x00,0x2f,0x4d,0x4f,0x04,0x22,0x55,0x57,0x71,0xa9,0x7c,0x7c,0x89,0x80,0x74,0x74,0x89,0x7c,0x89,0x7f,0x74,0x7f,0x7f,0x74,0x74,0x7f,0x7f,0x89,0x89,0x80,0x74,0x7f,0x7f,0x7f,0x7f,0x80,0x84,0x7f,0x74,0x7f,0x7f,0x7f,0x8b,0x4a,0x21,0x00,0x0a,0x00,0x00,0x00,0x00,0x00,0x00,0x00,0x00,0x00,0x00,0x00,0x00,0x00,0x00,0x00,0x00,0x00,0x00,0x00,0x00,0x00,0x00,0x00,0x00,0x00,0x00,0x00,0x00,0x00,0x00,0x00,0x00,0x00,0x00,0x00,0x00,0x00,0x00,0x00,0x00,0x00,0x00,0x00,0x00,0x00,0x00,0x00,0x00,0x00,
    0x00,0x00,0x00,0x00,0x00,0x00,0x00,0x00,0x00,0x00,0x00,0x00,0x00,0x00,0x00,0x00,0x00,0x00,0x00,0x00,0x00,0x00,0x00,0x00,0x00,0x00,0x00,0x00,0x00,0x00,0x00,0x00,0x00,0x00,0x00,0x00,0x00,0x00,0x00,0x00,0x00,0x00,0x00,0x00,0x00,0x00,0x02,0x08,0x1c,0x5c,0x22,0x5d,0x4c,0x5c,0x22,0x97,0xda,0x74,0x7f,0x74,0x74,0x74,0x7f,0x74,0x89,0x84,0x7f,0x74,0x7f,0x74,0x7f,0x7f,0x7f,0x7f,0x7f,0x74,0x89,0x80,0x74,0x7f,0x7f,0x74,0x74,0x89,0x96,0x84,0x74,0x7f,0x7f,0x7f,0x74,0x97,0x60,0x3e,0x00,0x08,0x00,0x00,0x00,0x00,0x00,0x00,0x00,0x00,0x00,0x00,0x00,0x00,0x00,0x00,0x00,0x00,0x00,0x00,0x00,0x00,0x00,0x00,0x00,0x00,0x00,0x00,0x00,0x00,0x00,0x00,0x00,0x00,0x00,0x00,0x00,0x00,0x00,0x00,0x00,0x00,0x00,0x00,0x00,0x00,0x00,0x00,0x00,0x00,
    0x00,0x00,0x00,0x00,0x00,0x00,0x00,0x00,0x00,0x00,0x00,0x00,0x00,0x00,0x00,0x00,0x00,0x00,0x00,0x00,0x00,0x00,0x00,0x00,0x00,0x00,0x00,0x00,0x00,0x00,0x00,0x00,0x00,0x00,0x00,0x00,0x00,0x00,0x00,0x00,0x00,0x00,0x00,0x00,0x00,0x00,0x2f,0x00,0x4c,0x06,0xbe,0x55,0x30,0x5c,0x06,0x8d,0x7f,0x74,0x7f,0x7f,0x7f,0x7f,0x7f,0x7f,0x84,0x7c,0x7c,0x84,0x84,0x89,0x7f,0x7f,0x7f,0x7f,0x7f,0x74,0x80,0x7f,0x7f,0x7f,0x7f,0x84,0x7f,0x7f,0x7f,0x80,0x7f,0x7f,0x7f,0x7f,0x7f,0x86,0xa5,0x3a,0x35,0x00,0x02,0x00,0x00,0x00,0x00,0x00,0x00,0x00,0x00,0x00,0x00,0x00,0x00,0x00,0x00,0x00,0x00,0x00,0x00,0x00,0x00,0x00,0x00,0x00,0x00,0x00,0x00,0x00,0x00,0x00,0x00,0x00,0x00,0x00,0x00,0x00,0x00,0x00,0x00,0x00,0x00,0x00,0x00,0x00,0x00,0x00,0x00,0x00,
    0x00,0x00,0x00,0x00,0x00,0x00,0x00,0x00,0x00,0x00,0x00,0x00,0x00,0x00,0x00,0x00,0x00,0x00,0x00,0x00,0x00,0x00,0x00,0x00,0x00,0x00,0x00,0x00,0x00,0x00,0x00,0x00,0x00,0x00,0x00,0x00,0x00,0x00,0x00,0x00,0x00,0x00,0x00,0x00,0x00,0x0d,0x00,0x30,0x4f,0x55,0x4c,0x4c,0x22,0x5d,0x8a,0x84,0x84,0x89,0x7f,0x74,0x89,0x7c,0x7f,0x74,0x84,0x7c,0x7c,0x7c,0x7c,0x96,0x7c,0x7c,0x7f,0x74,0x7f,0x7f,0x7f,0x7f,0x7f,0x74,0x74,0x89,0x7f,0x74,0x74,0x74,0x7f,0x7f,0x7f,0x7f,0x74,0x7f,0xda,0xa0,0x61,0x24,0x02,0x02,0x00,0x00,0x00,0x00,0x00,0x00,0x00,0x00,0x00,0x00,0x00,0x00,0x00,0x00,0x00,0x00,0x00,0x00,0x00,0x00,0x00,0x00,0x00,0x00,0x00,0x00,0x00,0x00,0x00,0x00,0x00,0x00,0x00,0x00,0x00,0x00,0x00,0x00,0x00,0x00,0x00,0x00,0x00,0x00,0x00,0x00,
    0x00,0x00,0x00,0x00,0x00,0x00,0x00,0x00,0x00,0x00,0x00,0x00,0x00,0x00,0x00,0x00,0x00,0x00,0x00,0x00,0x00,0x00,0x00,0x00,0x00,0x00,0x00,0x00,0x00,0x00,0x00,0x00,0x00,0x00,0x00,0x00,0x00,0x00,0x00,0x00,0x00,0x00,0x00,0x00,0x08,0x00,0x4c,0x5d,0x8f,0x5c,0x00,0x4f,0x04,0x99,0x86,0x7c,0x7c,0x84,0x7f,0x74,0x80,0x80,0x7f,0x7f,0x7f,0x7f,0x84,0x7c,0x7c,0xd0,0x7c,0x7c,0x80,0x7f,0x7f,0x7f,0x7f,0x7f,0x7f,0x7f,0x80,0xa9,0x7f,0x7f,0x7f,0x7f,0x7f,0x7f,0x7f,0x7f,0x89,0x80,0xcd,0x04,0x22,0x4d,0x00,0x08,0x00,0x00,0x00,0x00,0x00,0x00,0x00,0x00,0x00,0x00,0x00,0x00,0x00,0x00,0x00,0x00,0x00,0x00,0x00,0x00,0x00,0x00,0x00,0x00,0x00,0x00,0x00,0x00,0x00,0x00,0x00,0x00,0x00,0x00,0x00,0x00,0x00,0x00,0x00,0x00,0x00,0x00,0x00,0x00,0x00,0x00,
    0x00,0x00,0x00,0x00,0x00,0x00,0x00,0x00,0x00,0x00,0x00,0x00,0x00,0x00,0x00,0x00,0x00,0x00,0x00,0x00,0x00,0x00,0x00,0x00,0x00,0x00,0x00,0x00,0x00,0x00,0x00,0x00,0x00,0x00,0x00,0x00,0x00,0x00,0x00,0x00,0x00,0x00,0x00,0x02,0x00,0x24,0x22,0xbe,0x22,0x30,0x4d,0x48,0x04,0x04,0x91,0x89,0x86,0x74,0x74,0x74,0x74,0x74,0x74,0x74,0x7f,0x74,0x84,0x7c,0xd0,0xa0,0x84,0x7c,0x80,0x89,0x89,0x80,0x7f,0x74,0x7f,0xd0,0xa5,0xb6,0x80,0x89,0x7f,0x7f,0x74,0x74,0x74,0x89,0x7c,0x89,0x94,0x99,0x06,0x53,0x54,0x00,0x02,0x00,0x00,0x00,0x00,0x00,0x00,0x00,0x00,0x00,0x00,0x00,0x00,0x00,0x00,0x00,0x00,0x00,0x00,0x00,0x00,0x00,0x00,0x00,0x00,0x00,0x00,0x00,0x00,0x00,0x00,0x00,0x00,0x00,0x00,0x00,0x00,0x00,0x00,0x00,0x00,0x00,0x00,0x00,0x00,0x00,
    0x00,0x00,0x00,0x00,0x00,0x00,0x00,0x00,0x00,0x00,0x00,0x00,0x00,0x00,0x00,0x00,0x00,0x00,0x00,0x00,0x00,0x00,0x00,0x00,0x00,0x00,0x00,0x00,0x00,0x00,0x00,0x00,0x00,0x00,0x00,0x00,0x00,0x00,0x00,0x00,0x00,0x00,0x01,0x02,0x0e,0x49,0x48,0x44,0x24,0x1c,0x4f,0x04,0x04,0x04,0x8b,0x74,0xa6,0x8b,0x89,0x89,0x80,0x80,0x80,0x7f,0x74,0x80,0x96,0xbc,0xb9,0xb9,0xa6,0x84,0x7c,0x84,0x84,0x84,0x7c,0x89,0x7f,0xa9,0x16,0xa3,0x91,0x7f,0x7f,0x7f,0x80,0x7f,0x7f,0x89,0x7f,0x7f,0x8d,0x04,0x99,0x9d,0x61,0x24,0x00,0x02,0x00,0x00,0x00,0x00,0x00,0x00,0x00,0x00,0x00,0x00,0x00,0x00,0x00,0x00,0x00,0x00,0x00,0x00,0x00,0x00,0x00,0x00,0x00,0x00,0x00,0x00,0x00,0x00,0x00,0x00,0x00,0x00,0x00,0x00,0x00,0x00,0x00,0x00,0x00,0x00,0x00,0x00,0x00,0x00,
    0x00,0x00,0x00,0x00,0x00,0x00,0x00,0x00,0x00,0x00,0x00,0x00,0x00,0x00,0x00,0x00,0x00,0x00,0x00,0x00,0x00,0x00,0x00,0x00,0x00,0x00,0x00,0x00,0x00,0x00,0x00,0x00,0x00,0x00,0x00,0x00,0x00,0x00,0x00,0x00,0x00,0x00,0x02,0x00,0x21,0x2a,0x0b,0x05,0x00,0x63,0x22,0x94,0xcd,0x86,0x80,0x7f,0x74,0x74,0x89,0x89,0x84,0x7c,0x7c,0x80,0x74,0x84,0xbc,0xae,0xec,0xa0,0x91,0x7f,0x89,0x7c,0x7c,0x7c,0x7c,0x7c,0x7c,0x8c,0x91,0x0b,0x2d,0xcb,0x8c,0x84,0x7c,0x84,0x7f,0x74,0x7f,0x7f,0x7f,0x94,0x04,0x04,0x48,0x21,0x02,0x08,0x00,0x00,0x00,0x00,0x00,0x00,0x00,0x00,0x00,0x00,0x00,0x00,0x00,0x00,0x00,0x00,0x00,0x00,0x00,0x00,0x00,0x00,0x00,0x00,0x00,0x00,0x00,0x00,0x00,0x00,0x00,0x00,0x00,0x00,0x00,0x00,0x00,0x00,0x00,0x00,0x00,0x00,0x00,0x00,
    0x00,0x00,0x00,0x00,0x00,0x00,0x00,0x00,0x00,0x00,0x00,0x00,0x00,0x00,0x00,0x00,0x00,0x00,0x00,0x00,0x00,0x00,0x00,0x00,0x00,0x00,0x00,0x00,0x00,0x00,0x00,0x00,0x00,0x00,0x00,0x00,0x00,0x00,0x00,0x00,0x00,0x02,0x02,0x25,0x3a,0xb1,0x36,0x1c,0x54,0x31,0xcd,0x7f,0x8c,0x74,0x80,0x96,0x8c,0x7f,0x74,0x74,0x7f,0x74,0x86,0x7f,0x8c,0x91,0xa1,0x1a,0xa0,0xaf,0x8a,0x7f,0x89,0x7c,0x7c,0x7c,0x7c,0x84,0x84,0x8c,0x91,0x1b,0xe8,0xa0,0x91,0x89,0xa5,0xa4,0x74,0x86,0x86,0x7f,0x7f,0x74,0x8a,0xb3,0x46,0x21,0x00,0x01,0x00,0x00,0x00,0x00,0x00,0x00,0x00,0x00,0x00,0x00,0x00,0x00,0x00,0x00,0x00,0x00,0x00,0x00,0x00,0x00,0x00,0x00,0x00,0x00,0x00,0x00,0x00,0x00,0x00,0x00,0x00,0x00,0x00,0x00,0x00,0x00,0x00,0x00,0x00,0x00,0x00,0x00,0x00,0x00,
    0x00,0x00,0x00,0x00,0x00,0x00,0x00,0x00,0x00,0x00,0x00,0x00,0x00,0x00,0x00,0x00,0x00,0x00,0x00,0x00,0x00,0x00,0x00,0x00,0x00,0x00,0x00,0x00,0x00,0x00,0x00,0x00,0x00,0x00,0x00,0x00,0x00,0x00,0x00,0x00,0x00,0x08,0x00,0x35,0x3f,0x36,0x68,0x00,0x3b,0x71,0x8d,0x74,0x8a,0x86,0x7f,0x80,0xa6,0x8b,0x8c,0x7f,0x8b,0xa4,0x1b,0x8b,0x8b,0xa4,0xb9,0xb3,0xc4,0x16,0x86,0x7f,0x89,0x89,0x89,0x7f,0x7f,0x7f,0x74,0x8c,0x91,0xa0,0xac,0x1a,0xa2,0xcb,0xb0,0xb0,0x8a,0x7f,0x74,0x7f,0x80,0x89,0x80,0xa8,0xb9,0x37,0x40,0x00,0x02,0x00,0x00,0x00,0x00,0x00,0x00,0x00,0x00,0x00,0x00,0x00,0x00,0x00,0x00,0x00,0x00,0x00,0x00,0x00,0x00,0x00,0x00,0x00,0x00,0x00,0x00,0x00,0x00,0x00,0x00,0x00,0x00,0x00,0x00,0x00,0x00,0x00,0x00,0x00,0x00,0x00,0x00,0x00,
    0x00,0x00,0x00,0x00,0x00,0x00,0x00,0x00,0x00,0x00,0x00,0x00,0x00,0x00,0x00,0x00,0x00,0x00,0x00,0x00,0x00,0x00,0x00,0x00,0x00,0x00,0x00,0x00,0x00,0x00,0x00,0x00,0x00,0x00,0x00,0x00,0x00,0x00,0x00,0x00,0x02,0x00,0x2b,0x49,0x37,0x34,0x00,0x35,0x3f,0x8c,0x86,0x86,0x89,0x89,0x74,0xa8,0x2d,0xa8,0xcb,0x86,0x91,0x1a,0xa0,0x8a,0x8a,0xc8,0xa2,0xad,0xa7,0xa4,0x86,0x7f,0x74,0x74,0x74,0x7f,0x7f,0x74,0x89,0x7c,0x9e,0xa1,0xd7,0xda,0xb9,0x8c,0x8c,0xa7,0x84,0x7f,0x7f,0x84,0x7c,0x80,0x7f,0x8a,0xa5,0x46,0x34,0x00,0x08,0x00,0x00,0x00,0x00,0x00,0x00,0x00,0x00,0x00,0x00,0x00,0x00,0x00,0x00,0x00,0x00,0x00,0x00,0x00,0x00,0x00,0x00,0x00,0x00,0x00,0x00,0x00,0x00,0x00,0x00,0x00,0x00,0x00,0x00,0x00,0x00,0x00,0x00,0x00,0x00,0x00,0x00,0x00,
    0x00,0x00,0x00,0x00,0x00,0x00,0x00,0x00,0x00,0x00,0x00,0x00,0x00,0x00,0x00,0x00,0x00,0x00,0x00,0x00,0x00,0x00,0x00,0x00,0x00,0x00,0x00,0x00,0x00,0x00,0x00,0x00,0x00,0x00,0x00,0x00,0x00,0x00,0x00,0x00,0x08,0x01,0x3e,0x0b,0x6d,0x00,0x00,0x41,0x6c,0x96,0xa8,0x84,0x7c,0x96,0xa6,0x66,0xed,0xba,0xa3,0x16,0xa2,0xc4,0x91,0xa6,0xa7,0x1f,0x04,0x04,0xae,0xa8,0x80,0x7f,0x7f,0x7f,0x74,0x74,0x74,0x74,0x80,0x7c,0xd0,0xa2,0xa3,0x8b,0xa1,0xa3,0xcb,0x1a,0xb0,0x8a,0x7f,0x80,0x7f,0x74,0x74,0x8c,0x8a,0x1b,0x36,0x3c,0x00,0x0a,0x00,0x00,0x00,0x00,0x00,0x00,0x00,0x00,0x00,0x00,0x00,0x00,0x00,0x00,0x00,0x00,0x00,0x00,0x00,0x00,0x00,0x00,0x00,0x00,0x00,0x00,0x00,0x00,0x00,0x00,0x00,0x00,0x00,0x00,0x00,0x00,0x00,0x00,0x00,0x00,0x00,0x00,
    0x00,0x00,0x00,0x00,0x00,0x00,0x00,0x00,0x00,0x00,0x00,0x00,0x00,0x00,0x00,0x00,0x00,0x00,0x00,0x00,0x00,0x00,0x00,0x00,0x00,0x00,0x00,0x00,0x00,0x00,0x00,0x00,0x00,0x00,0x00,0x00,0x00,0x00,0x00,0x00,0x02,0x00,0x39,0x70,0x58,0x11,0x40,0x56,0xa0,0xa8,0xa8,0x7c,0x7c,0xa9,0xb6,0xd4,0xf4,0xdb,0xe1,0xd4,0xc0,0xa7,0xcb,0xa0,0xb1,0x99,0x97,0xaf,0xcc,0xb6,0x7c,0xa8,0x7c,0x84,0x84,0x89,0x84,0x80,0x74,0x7f,0xa9,0xa5,0xa3,0x8d,0x8a,0xa7,0x29,0xa1,0x1b,0x91,0x8c,0x74,0x74,0x7f,0x7f,0x8c,0x8a,0xa0,0xe8,0x45,0x1c,0x02,0x00,0x00,0x00,0x00,0x00,0x00,0x00,0x00,0x00,0x00,0x00,0x00,0x00,0x00,0x00,0x00,0x00,0x00,0x00,0x00,0x00,0x00,0x00,0x00,0x00,0x00,0x00,0x00,0x00,0x00,0x00,0x00,0x00,0x00,0x00,0x00,0x00,0x00,0x00,0x00,0x00,0x00,
    0x00,0x00,0x00,0x00,0x00,0x00,0x00,0x00,0x00,0x00,0x00,0x00,0x00,0x00,0x00,0x00,0x00,0x00,0x00,0x00,0x00,0x00,0x00,0x00,0x00,0x00,0x00,0x00,0x00,0x00,0x00,0x00,0x00,0x00,0x00,0x00,0x00,0x00,0x00,0x01,0x01,0x6b,0x37,0x42,0x39,0x01,0x3b,0x31,0x8b,0xa8,0x7f,0x7c,0x96,0xd0,0x2d,0x9f,0xe1,0xdb,0xf4,0xdb,0xed,0x15,0xa6,0x1a,0x1f,0x1f,0x2e,0x1f,0xb9,0xa8,0x96,0x96,0x7c,0x7c,0x7c,0x7c,0x7c,0x7c,0x84,0x80,0x74,0x8c,0xd8,0xbb,0x97,0xcd,0xa3,0x16,0xc4,0x8a,0x7f,0x7f,0x7f,0x7f,0x91,0x74,0x86,0xb6,0xb9,0x61,0x25,0x02,0x02,0x00,0x00,0x00,0x00,0x00,0x00,0x00,0x00,0x00,0x00,0x00,0x00,0x00,0x00,0x00,0x00,0x00,0x00,0x00,0x00,0x00,0x00,0x00,0x00,0x00,0x00,0x00,0x00,0x00,0x00,0x00,0x00,0x00,0x00,0x00,0x00,0x00,0x00,0x00,0x00,0x00,
    0x00,0x00,0x00,0x00,0x00,0x00,0x00,0x00,0x00,0x00,0x00,0x00,0x00,0x00,0x00,0x00,0x00,0x00,0x00,0x00,0x00,0x00,0x00,0x00,0x00,0x00,0x00,0x00,0x00,0x00,0x00,0x00,0x00,0x00,0x00,0x00,0x00,0x00,0x00,0x0a,0x00,0x3c,0x37,0x73,0x64,0x00,0x63,0x97,0xcd,0x96,0x7c,0x7c,0x96,0x9e,0xa6,0xa0,0xd8,0x98,0xe1,0xdb,0xed,0xa0,0xb0,0xcc,0x1f,0x9d,0x99,0x9a,0xa7,0xa4,0x84,0x1b,0x7c,0x7c,0x7c,0x7c,0x7c,0x7c,0x7c,0x84,0x8b,0xa4,0xc8,0xc7,0x1f,0x8f,0xbb,0xae,0xc4,0xa4,0x8b,0x74,0x7f,0x80,0x8a,0xa9,0x89,0xa8,0xc4,0x48,0x3e,0x00,0x0d,0x00,0x00,0x00,0x00,0x00,0x00,0x00,0x00,0x00,0x00,0x00,0x00,0x00,0x00,0x00,0x00,0x00,0x00,0x00,0x00,0x00,0x00,0x00,0x00,0x00,0x00,0x00,0x00,0x00,0x00,0x00,0x00,0x00,0x00,0x00,0x00,0x00,0x00,0x00,0x00,0x00,
    0x00,0x00,0x00,0x00,0x00,0x00,0x00,0x00,0x00,0x00,0x00,0x00,0x00,0x00,0x00,0x00,0x00,0x00,0x00,0x00,0x00,0x00,0x00,0x00,0x00,0x00,0x00,0x00,0x00,0x00,0x00,0x00,0x00,0x00,0x00,0x00,0x00,0x00,0x00,0x0a,0x00,0x0f,0x50,0x19,0x05,0x1c,0x57,0x8c,0x8b,0x84,0x89,0x8c,0xbc,0x2d,0xa7,0x8a,0x99,0x9e,0x0b,0xf6,0xc3,0xb6,0x0b,0xc7,0x99,0x04,0x8f,0x06,0xc8,0x8c,0xb0,0xd8,0xbc,0x84,0x89,0x7f,0x7f,0x7f,0x80,0x80,0x74,0xa4,0x1a,0x04,0x06,0x97,0xc7,0xa3,0x2d,0xb6,0x8a,0x80,0x7c,0x7c,0x84,0xa5,0xa5,0x84,0x2d,0xd3,0x56,0x2b,0x00,0x02,0x00,0x00,0x00,0x00,0x00,0x00,0x00,0x00,0x00,0x00,0x00,0x00,0x00,0x00,0x00,0x00,0x00,0x00,0x00,0x00,0x00,0x00,0x00,0x00,0x00,0x00,0x00,0x00,0x00,0x00,0x00,0x00,0x00,0x00,0x00,0x00,0x00,0x00,0x00,0x00,
    0x00,0x00,0x00,0x00,0x00,0x00,0x00,0x00,0x00,0x00,0x00,0x00,0x00,0x00,0x00,0x00,0x00,0x00,0x00,0x00,0x00,0x00,0x00,0x00,0x00,0x00,0x00,0x00,0x00,0x00,0x00,0x00,0x00,0x00,0x00,0x00,0x00,0x00,0x00,0x0a,0x00,0x0f,0x20,0x50,0x05,0x21,0x31,0xcd,0x8c,0xcf,0xa4,0x86,0xa8,0x98,0xed,0xd4,0x66,0xd3,0xb9,0xb9,0xb6,0xb9,0xa1,0x04,0xda,0x8f,0x06,0x04,0xa7,0xa4,0x2d,0xc8,0x8c,0x8b,0x74,0x74,0x7f,0x7f,0x74,0x74,0x8b,0xa4,0x1a,0x8f,0x8f,0x8f,0x97,0xa1,0xb9,0x1b,0xbc,0x96,0x7c,0x96,0x9e,0xd3,0x1a,0xa6,0xb0,0xa0,0x60,0x3e,0x00,0x08,0x00,0x00,0x00,0x00,0x00,0x00,0x00,0x00,0x00,0x00,0x00,0x00,0x00,0x00,0x00,0x00,0x00,0x00,0x00,0x00,0x00,0x00,0x00,0x00,0x00,0x00,0x00,0x00,0x00,0x00,0x00,0x00,0x00,0x00,0x00,0x00,0x00,0x00,0x00,0x00,
    0x00,0x00,0x00,0x00,0x00,0x00,0x00,0x00,0x00,0x00,0x00,0x00,0x00,0x00,0x00,0x00,0x00,0x00,0x00,0x00,0x00,0x00,0x00,0x00,0x00,0x00,0x00,0x00,0x00,0x00,0x00,0x00,0x00,0x00,0x00,0x00,0x00,0x00,0x00,0x0a,0x00,0x0f,0x70,0x36,0x23,0x58,0x31,0x8a,0x29,0xdf,0x84,0x9e,0x2d,0xed,0xdb,0xdb,0xfc,0xc6,0x9f,0xc3,0xb9,0xc4,0x99,0x06,0x8f,0xa7,0xc7,0x9a,0xbb,0x29,0x1b,0xa7,0x16,0x86,0x74,0xbc,0x86,0x74,0x8b,0x7f,0x80,0xa8,0xa7,0x8f,0x8d,0x97,0xcc,0xc7,0x5a,0x0b,0xbc,0x96,0x7c,0x89,0x8a,0xa2,0x1b,0x91,0xb6,0x16,0x46,0x34,0x00,0x02,0x00,0x00,0x00,0x00,0x00,0x00,0x00,0x00,0x00,0x00,0x00,0x00,0x00,0x00,0x00,0x00,0x00,0x00,0x00,0x00,0x00,0x00,0x00,0x00,0x00,0x00,0x00,0x00,0x00,0x00,0x00,0x00,0x00,0x00,0x00,0x00,0x00,0x00,0x00,0x00,
    0x00,0x00,0x00,0x00,0x00,0x00,0x00,0x00,0x00,0x00,0x00,0x00,0x00,0x00,0x00,0x00,0x00,0x00,0x00,0x00,0x00,0x00,0x00,0x00,0x00,0x00,0x00,0x00,0x00,0x00,0x00,0x00,0x00,0x00,0x00,0x00,0x00,0x00,0x00,0x08,0x00,0x35,0x3f,0x60,0x3e,0x6d,0x2d,0x89,0xf3,0xb0,0x9e,0xa9,0xa0,0xd4,0xe1,0xe1,0xdb,0xdb,0xdb,0xf5,0xcc,0x8f,0x8f,0xcd,0x8d,0x16,0xe8,0xac,0xac,0xb9,0xaf,0xbb,0xa0,0x8a,0x8c,0x8c,0x7f,0x7f,0x74,0x84,0x96,0xb6,0x2d,0x94,0xda,0x95,0xa3,0x9d,0x2e,0xcc,0x9e,0x96,0x7c,0xa8,0x86,0xb6,0xa1,0xa9,0xa5,0xa0,0x59,0x34,0x00,0x02,0x00,0x00,0x00,0x00,0x00,0x00,0x00,0x00,0x00,0x00,0x00,0x00,0x00,0x00,0x00,0x00,0x00,0x00,0x00,0x00,0x00,0x00,0x00,0x00,0x00,0x00,0x00,0x00,0x00,0x00,0x00,0x00,0x00,0x00,0x00,0x00,0x00,0x00,0x00,0x00,
    0x00,0x00,0x00,0x00,0x00,0x00,0x00,0x00,0x00,0x00,0x00,0x00,0x00,0x00,0x00,0x00,0x00,0x00,0x00,0x00,0x00,0x00,0x00,0x00,0x00,0x00,0x00,0x00,0x00,0x00,0x00,0x00,0x00,0x00,0x00,0x00,0x00,0x00,0x00,0x0d,0x00,0x35,0x60,0x46,0x3d,0x49,0xa2,0xa8,0x6e,0xa4,0x74,0x86,0xbe,0xa6,0xd3,0x0b,0xf6,0x9f,0xe1,0xab,0xac,0x94,0xa4,0x8c,0x74,0x8a,0x97,0xb9,0xb1,0xe8,0x97,0x1f,0xac,0xbe,0x8a,0x8a,0xbc,0xbc,0x9e,0xa6,0x29,0x6c,0xae,0xb0,0xb9,0xa2,0x04,0x94,0x97,0x0b,0x96,0x9e,0xa8,0xae,0x9e,0xb0,0xa7,0xb6,0xa8,0x2d,0x37,0x34,0x00,0x03,0x00,0x00,0x00,0x00,0x00,0x00,0x00,0x00,0x00,0x00,0x00,0x00,0x00,0x00,0x00,0x00,0x00,0x00,0x00,0x00,0x00,0x00,0x00,0x00,0x00,0x00,0x00,0x00,0x00,0x00,0x00,0x00,0x00,0x00,0x00,0x00,0x00,0x00,0x00,0x00,
    0x00,0x00,0x00,0x00,0x00,0x00,0x00,0x00,0x00,0x00,0x00,0x00,0x00,0x00,0x00,0x00,0x00,0x00,0x00,0x00,0x00,0x00,0x00,0x00,0x00,0x00,0x00,0x00,0x00,0x00,0x00,0x00,0x00,0x00,0x00,0x00,0x00,0x00,0x00,0x00,0x02,0x00,0x33,0x46,0x45,0x61,0x8a,0xb0,0xd7,0x8a,0x8a,0xa1,0xd8,0xc4,0xb6,0xcb,0xb0,0xec,0xc0,0xd8,0x04,0x04,0x8f,0xa2,0xaf,0x94,0x9a,0x94,0xac,0xcc,0x99,0x97,0xa3,0xa1,0xac,0xac,0xae,0xae,0x1b,0xa0,0xb9,0x0b,0xb9,0xd7,0xae,0x9d,0x9a,0x9a,0x8f,0xa7,0xa6,0xb6,0xb6,0x6c,0x9e,0xb6,0xcc,0xb0,0x80,0xb9,0x15,0x34,0x00,0x0a,0x00,0x00,0x00,0x00,0x00,0x00,0x00,0x00,0x00,0x00,0x00,0x00,0x00,0x00,0x00,0x00,0x00,0x00,0x00,0x00,0x00,0x00,0x00,0x00,0x00,0x00,0x00,0x00,0x00,0x00,0x00,0x00,0x00,0x00,0x00,0x00,0x00,0x00,0x00,0x00,
    0x00,0x00,0x00,0x00,0x00,0x00,0x00,0x00,0x00,0x00,0x00,0x00,0x00,0x00,0x00,0x00,0x00,0x00,0x00,0x00,0x00,0x00,0x00,0x00,0x00,0x00,0x00,0x00,0x00,0x00,0x00,0x00,0x00,0x00,0x00,0x00,0x00,0x00,0x00,0x00,0x08,0x00,0x3e,0x46,0x45,0x3f,0x80,0x29,0xb0,0xa9,0xa6,0x66,0xed,0xe1,0xc6,0xba,0x15,0xdc,0xe8,0x94,0x9a,0x97,0x5a,0x15,0x42,0x15,0xa7,0xaf,0xa0,0xd8,0x0b,0xa2,0xbb,0xa1,0xaf,0xa1,0xa1,0xa1,0xa1,0xaf,0xac,0xcc,0xb1,0xac,0xaf,0xa1,0xbb,0x2e,0x1f,0x1a,0xb6,0x15,0xae,0x6c,0xd0,0x84,0xa2,0x7f,0x86,0xb9,0x37,0x33,0x00,0x08,0x00,0x00,0x00,0x00,0x00,0x00,0x00,0x00,0x00,0x00,0x00,0x00,0x00,0x00,0x00,0x00,0x00,0x00,0x00,0x00,0x00,0x00,0x00,0x00,0x00,0x00,0x00,0x00,0x00,0x00,0x00,0x00,0x00,0x00,0x00,0x00,0x00,0x00,0x00,0x00,
    0x00,0x00,0x00,0x00,0x00,0x00,0x00,0x00,0x00,0x00,0x00,0x00,0x00,0x00,0x00,0x00,0x00,0x00,0x00,0x00,0x00,0x00,0x00,0x00,0x00,0x00,0x00,0x00,0x00,0x00,0x00,0x00,0x00,0x00,0x00,0x00,0x00,0x00,0x00,0x00,0x02,0x00,0x2b,0x60,0xb0,0x1b,0x86,0xae,0xa5,0x84,0xd0,0xba,0xfc,0xdb,0xdb,0xdb,0xfc,0xc6,0x15,0x9d,0xb1,0xaa,0x83,0x83,0x75,0x79,0x83,0x75,0xc3,0xa7,0xb1,0xa7,0xbe,0x8a,0x8a,0x8a,0x91,0x94,0x04,0x94,0xa3,0xac,0xa7,0xcc,0xaa,0x77,0x83,0x83,0x83,0xaa,0xd8,0xd3,0xb9,0xa7,0xa9,0x7f,0x8a,0x86,0xa5,0xa7,0xaf,0x41,0x40,0x00,0x08,0x00,0x00,0x00,0x00,0x00,0x00,0x00,0x00,0x00,0x00,0x00,0x00,0x00,0x00,0x00,0x00,0x00,0x00,0x00,0x00,0x00,0x00,0x00,0x00,0x00,0x00,0x00,0x00,0x00,0x00,0x00,0x00,0x00,0x00,0x00,0x00,0x00,0x00,0x00,
    0x00,0x00,0x00,0x00,0x00,0x00,0x00,0x00,0x00,0x00,0x00,0x00,0x00,0x00,0x00,0x00,0x00,0x00,0x00,0x00,0x00,0x00,0x00,0x00,0x00,0x00,0x00,0x00,0x00,0x00,0x00,0x00,0x00,0x00,0x00,0x00,0x00,0x00,0x00,0x00,0x00,0x02,0x00,0x54,0x61,0x2d,0x8c,0xa5,0x96,0x7c,0x9e,0xe3,0xba,0xe1,0xe1,0xc5,0xf4,0xfc,0x66,0xc3,0x83,0x7e,0x5a,0x1f,0xb1,0xab,0xf1,0x76,0x87,0x7b,0xa3,0x99,0x8f,0x8d,0x74,0x7f,0xcd,0x8d,0x8f,0x06,0xc7,0x42,0x79,0x83,0xd9,0x88,0x0b,0x0b,0xc0,0x83,0x75,0xa3,0x42,0x0b,0x91,0x8c,0x7c,0x7c,0x7c,0x2d,0x9d,0x2e,0x49,0x30,0x00,0x08,0x00,0x00,0x00,0x00,0x00,0x00,0x00,0x00,0x00,0x00,0x00,0x00,0x00,0x00,0x00,0x00,0x00,0x00,0x00,0x00,0x00,0x00,0x00,0x00,0x00,0x00,0x00,0x00,0x00,0x00,0x00,0x00,0x00,0x00,0x00,0x00,0x00,0x00,
    0x00,0x00,0x00,0x00,0x00,0x00,0x00,0x00,0x00,0x00,0x00,0x00,0x00,0x00,0x00,0x00,0x00,0x00,0x00,0x00,0x00,0x00,0x00,0x00,0x00,0x00,0x00,0x00,0x00,0x00,0x00,0x00,0x00,0x00,0x00,0x00,0x00,0x00,0x00,0x00,0x00,0x02,0x02,0x25,0x37,0xb9,0xd0,0x7c,0x84,0x7c,0x7f,0xa6,0xd0,0xb0,0xa7,0x15,0xd4,0x98,0xc0,0x7b,0xaa,0xc7,0x9a,0x2e,0xf1,0xd1,0xe1,0xf5,0x32,0x15,0x88,0xaf,0x04,0xcd,0x7f,0x7f,0x80,0x7f,0x7f,0x8d,0xc0,0xb4,0xf5,0xf5,0xe2,0xd1,0xc3,0x9a,0x06,0xc3,0x83,0xcc,0xc1,0x15,0xa6,0x96,0x7c,0x96,0x96,0xb0,0xd3,0x5e,0x97,0x44,0x23,0x00,0x08,0x00,0x00,0x00,0x00,0x00,0x00,0x00,0x00,0x00,0x00,0x00,0x00,0x00,0x00,0x00,0x00,0x00,0x00,0x00,0x00,0x00,0x00,0x00,0x00,0x00,0x00,0x00,0x00,0x00,0x00,0x00,0x00,0x00,0x00,0x00,0x00,0x00,
    0x00,0x00,0x00,0x00,0x00,0x00,0x00,0x00,0x00,0x00,0x00,0x00,0x00,0x00,0x00,0x00,0x00,0x00,0x00,0x00,0x00,0x00,0x00,0x00,0x00,0x00,0x00,0x00,0x00,0x00,0x00,0x00,0x00,0x00,0x00,0x00,0x00,0x00,0x00,0x00,0x00,0x0a,0x00,0x54,0x45,0x1a,0xb6,0xa9,0x7f,0x7f,0x74,0x7f,0x74,0x91,0x9e,0xd5,0xd3,0x1a,0x83,0x79,0x1f,0x9a,0x06,0xaa,0xe5,0xf2,0x06,0xfd,0xd1,0xc0,0xbb,0xbb,0x91,0x8c,0x74,0x74,0x74,0x74,0x8b,0x8c,0xbb,0x98,0xfe,0x06,0xf2,0xd1,0x83,0x1f,0x9a,0xaf,0x7e,0x7d,0xab,0x4b,0x7c,0x7c,0x7c,0x7c,0xa4,0xbc,0x48,0x4a,0xcd,0x2e,0x58,0x25,0x00,0x02,0x00,0x00,0x00,0x00,0x00,0x00,0x00,0x00,0x00,0x00,0x00,0x00,0x00,0x00,0x00,0x00,0x00,0x00,0x00,0x00,0x00,0x00,0x00,0x00,0x00,0x00,0x00,0x00,0x00,0x00,0x00,0x00,0x00,0x00,0x00,0x00,
    0x00,0x00,0x00,0x00,0x00,0x00,0x00,0x00,0x00,0x00,0x00,0x00,0x00,0x00,0x00,0x00,0x00,0x00,0x00,0x00,0x00,0x00,0x00,0x00,0x00,0x00,0x00,0x00,0x00,0x00,0x00,0x00,0x00,0x00,0x00,0x00,0x00,0x00,0x00,0x00,0x00,0x00,0x08,0x21,0x4a,0xad,0xae,0xa9,0x7f,0x74,0x7f,0x89,0x8c,0x91,0xde,0xc9,0xea,0xc7,0x7b,0xc0,0x04,0x99,0x1f,0x83,0x8e,0x8f,0x99,0xc7,0xf5,0x83,0x2e,0x04,0xcd,0x74,0x8d,0x06,0x06,0x06,0x06,0x9a,0xa3,0x83,0xc7,0x9a,0xfd,0xd1,0x83,0xe3,0x99,0x8f,0x8e,0x32,0x4b,0xc9,0xa2,0x8a,0x89,0x89,0x7f,0xbc,0x71,0x2a,0x72,0xa3,0x2e,0x41,0x40,0x00,0x08,0x00,0x00,0x00,0x00,0x00,0x00,0x00,0x00,0x00,0x00,0x00,0x00,0x00,0x00,0x00,0x00,0x00,0x00,0x00,0x00,0x00,0x00,0x00,0x00,0x00,0x00,0x00,0x00,0x00,0x00,0x00,0x00,0x00,0x00,0x00,
    0x00,0x00,0x00,0x00,0x00,0x00,0x00,0x00,0x00,0x00,0x00,0x00,0x00,0x00,0x00,0x00,0x00,0x00,0x00,0x00,0x00,0x00,0x00,0x00,0x00,0x00,0x00,0x00,0x00,0x00,0x00,0x00,0x00,0x00,0x00,0x00,0x00,0x01,0x08,0x02,0x0a,0x1c,0x39,0x37,0xa4,0xa9,0xa5,0x7c,0x84,0x84,0x7c,0x96,0x9e,0xb6,0xd5,0xe5,0x42,0x9a,0xb1,0x32,0x04,0x99,0xbb,0xd9,0x9f,0xe6,0xf2,0xf7,0xed,0xf1,0xe4,0x9a,0x06,0x06,0x8f,0x04,0x04,0x04,0x04,0x9a,0x15,0xd9,0xba,0xe4,0xe1,0xed,0xf1,0xb1,0x9a,0xc7,0xaa,0x2e,0xe5,0xd2,0xa3,0xcb,0x8c,0x7f,0x8c,0x9e,0xb0,0x41,0x39,0x41,0x9d,0xc8,0x57,0x1c,0x02,0x02,0x00,0x00,0x00,0x00,0x00,0x00,0x00,0x00,0x00,0x00,0x00,0x00,0x00,0x00,0x00,0x00,0x00,0x00,0x00,0x00,0x00,0x00,0x00,0x00,0x00,0x00,0x00,0x00,0x00,0x00,0x00,0x00,0x00,0x00,
    0x00,0x00,0x00,0x00,0x00,0x00,0x00,0x00,0x00,0x00,0x00,0x00,0x00,0x00,0x00,0x00,0x00,0x00,0x00,0x00,0x00,0x00,0x00,0x00,0x00,0x00,0x00,0x00,0x00,0x00,0x00,0x00,0x00,0x00,0x00,0x00,0x02,0x00,0x00,0x00,0x00,0x30,0x2a,0xd3,0x8a,0x7f,0x80,0x84,0x89,0x84,0x7c,0x96,0xbc,0xe6,0xe4,0x16,0x15,0x97,0x9a,0xd8,0x1f,0x9a,0xbb,0x9f,0xf7,0xfe,0xdb,0xfe,0xfe,0x9f,0xa1,0x9a,0x06,0x04,0x06,0x8f,0x06,0x04,0x06,0x9a,0x42,0xf5,0xf4,0xe1,0xf7,0xf7,0x9f,0xd3,0x9a,0xc8,0xc8,0xa1,0x0b,0x1a,0x0b,0xa4,0x89,0x7c,0x96,0x89,0x16,0x59,0x24,0x4d,0x22,0x9d,0x4a,0x21,0x00,0x02,0x00,0x00,0x00,0x00,0x00,0x00,0x00,0x00,0x00,0x00,0x00,0x00,0x00,0x00,0x00,0x00,0x00,0x00,0x00,0x00,0x00,0x00,0x00,0x00,0x00,0x00,0x00,0x00,0x00,0x00,0x00,0x00,0x00,0x00,
    0x00,0x00,0x00,0x00,0x00,0x00,0x00,0x00,0x00,0x00,0x00,0x00,0x00,0x00,0x00,0x00,0x00,0x00,0x00,0x00,0x00,0x00,0x00,0x00,0x00,0x00,0x00,0x00,0x00,0x00,0x00,0x00,0x00,0x00,0x00,0x02,0x00,0x2f,0x35,0x3c,0x68,0x3d,0x5e,0x94,0x8c,0x74,0x74,0x74,0x74,0x7f,0x8c,0x91,0xd3,0xeb,0xe5,0xe8,0xe8,0xac,0x94,0x16,0xb3,0x9a,0x97,0x98,0xf2,0xc7,0x9d,0x97,0xfd,0x15,0x06,0x8f,0x74,0x8b,0xcd,0x8d,0x74,0x74,0x8d,0x99,0x0b,0xc2,0xf2,0xf2,0xfd,0xf2,0xf6,0x8f,0x06,0x1b,0x94,0xa3,0x43,0x4b,0xeb,0xa2,0xbc,0x8c,0x7f,0x8c,0x94,0x2a,0x39,0x1c,0x33,0xd3,0xc7,0x56,0x40,0x00,0x0d,0x00,0x00,0x00,0x00,0x00,0x00,0x00,0x00,0x00,0x00,0x00,0x00,0x00,0x00,0x00,0x00,0x00,0x00,0x00,0x00,0x00,0x00,0x00,0x00,0x00,0x00,0x00,0x00,0x00,0x00,0x00,0x00,0x00,
    0x00,0x00,0x00,0x00,0x00,0x00,0x00,0x00,0x00,0x00,0x00,0x00,0x00,0x00,0x00,0x00,0x00,0x00,0x00,0x00,0x00,0x00,0x00,0x00,0x00,0x00,0x00,0x00,0x00,0x00,0x00,0x00,0x00,0x00,0x02,0x00,0x24,0x49,0x3a,0x3a,0xc4,0xa4,0x86,0x84,0x84,0x89,0x80,0x7f,0x7f,0x8c,0x8a,0xa8,0x27,0xeb,0x43,0xec,0xc4,0xa7,0x86,0xad,0x95,0xb3,0x99,0x1f,0xe6,0x97,0x04,0x1f,0xcc,0xc7,0x04,0x8d,0x7f,0x7f,0x7f,0x80,0x7f,0x8b,0x8d,0x06,0x9d,0xf6,0xaf,0x8f,0x8f,0xe6,0x1f,0x9a,0xaf,0xb3,0x97,0xc4,0xec,0xe5,0xb8,0xea,0xcb,0x8c,0x74,0x7f,0x8a,0xa1,0x56,0x6b,0x40,0x4f,0x8d,0x46,0x33,0x00,0x08,0x00,0x00,0x00,0x00,0x00,0x00,0x00,0x00,0x00,0x00,0x00,0x00,0x00,0x00,0x00,0x00,0x00,0x00,0x00,0x00,0x00,0x00,0x00,0x00,0x00,0x00,0x00,0x00,0x00,0x00,0x00,0x00,0x00,
    0x00,0x00,0x00,0x00,0x00,0x00,0x00,0x00,0x00,0x00,0x00,0x00,0x00,0x00,0x00,0x00,0x00,0x00,0x00,0x00,0x00,0x00,0x00,0x00,0x00,0x00,0x00,0x00,0x00,0x00,0x00,0x00,0x00,0x02,0x00,0x11,0x3e,0x60,0x8c,0x91,0x86,0x8b,0x7f,0x84,0x7c,0x7c,0x7c,0x84,0x89,0x74,0xa6,0xe6,0xb2,0x0b,0x52,0x52,0xb0,0xae,0x97,0x7f,0x95,0xb3,0xcf,0x95,0xb1,0x15,0xb1,0xc8,0x9d,0x94,0x7f,0x8b,0x74,0x7f,0x7f,0x7f,0x7f,0x8d,0x8f,0x8f,0x9a,0xc7,0xe3,0xe4,0xcc,0x66,0x9d,0x95,0xb3,0xda,0xae,0xae,0xd8,0x15,0x0b,0xe5,0xa8,0x86,0x84,0x89,0xa8,0x9e,0xc4,0x6d,0x3b,0x22,0x99,0x48,0x3e,0x02,0x00,0x00,0x00,0x00,0x00,0x00,0x00,0x00,0x00,0x00,0x00,0x00,0x00,0x00,0x00,0x00,0x00,0x00,0x00,0x00,0x00,0x00,0x00,0x00,0x00,0x00,0x00,0x00,0x00,0x00,0x00,0x00,0x00,0x00,
    0x00,0x00,0x00,0x00,0x00,0x00,0x00,0x00,0x00,0x00,0x00,0x00,0x00,0x00,0x00,0x00,0x00,0x00,0x00,0x00,0x00,0x00,0x00,0x00,0x00,0x00,0x00,0x00,0x00,0x00,0x00,0x00,0x02,0x01,0x24,0x5c,0x31,0x16,0x94,0x8b,0x7f,0x7f,0x7f,0x80,0x89,0x7c,0x7c,0x7c,0x7c,0x9e,0x5a,0xc9,0xff,0x6e,0x5f,0x43,0xb0,0x29,0xaf,0x04,0x8c,0x95,0x95,0xcf,0xcf,0xb3,0x95,0x91,0x86,0x8c,0x7f,0x7f,0x7f,0x7f,0x7f,0x7f,0x7f,0x7f,0x7f,0x74,0x74,0x91,0x91,0x97,0xb3,0xcf,0xcf,0xcf,0xb3,0xda,0xb9,0x29,0x43,0x6e,0xf3,0xe5,0x42,0x96,0xa8,0xa8,0x89,0x89,0xa8,0x46,0x3a,0x16,0x91,0x5d,0x3b,0x01,0x00,0x00,0x00,0x00,0x00,0x00,0x00,0x00,0x00,0x00,0x00,0x00,0x00,0x00,0x00,0x00,0x00,0x00,0x00,0x00,0x00,0x00,0x00,0x00,0x00,0x00,0x00,0x00,0x00,0x00,0x00,0x00,0x00,0x00,
    0x00,0x00,0x00,0x00,0x00,0x00,0x00,0x00,0x00,0x00,0x00,0x00,0x00,0x00,0x00,0x00,0x00,0x00,0x00,0x00,0x00,0x00,0x00,0x00,0x00,0x00,0x00,0x00,0x00,0x00,0x00,0x00,0x0d,0x01,0x25,0x22,0x94,0x7f,0x89,0x89,0x80,0x7f,0x7f,0x7f,0x74,0x89,0x84,0x84,0x9e,0x5a,0xc9,0xc9,0xac,0xd7,0x43,0x52,0x6e,0x5f,0xa3,0x94,0xad,0x95,0x95,0x95,0x95,0x95,0x95,0xad,0x7f,0x7f,0x80,0x7f,0x7f,0x7f,0x7f,0xad,0x7f,0x74,0x7f,0x7f,0x7f,0x8c,0x7f,0xad,0xad,0xb3,0xcf,0xcf,0x95,0xb6,0x43,0xf3,0x52,0x43,0xa2,0xe6,0xd2,0x1b,0xbc,0x8c,0x74,0x7f,0x86,0x9d,0xa1,0x8c,0xda,0x71,0x63,0x02,0x01,0x00,0x00,0x00,0x00,0x00,0x00,0x00,0x00,0x00,0x00,0x00,0x00,0x00,0x00,0x00,0x00,0x00,0x00,0x00,0x00,0x00,0x00,0x00,0x00,0x00,0x00,0x00,0x00,0x00,0x00,0x00,0x00,0x00,
    0x00,0x00,0x00,0x00,0x00,0x00,0x00,0x00,0x00,0x00,0x00,0x00,0x00,0x00,0x00,0x00,0x00,0x00,0x00,0x00,0x00,0x00,0x00,0x00,0x00,0x00,0x00,0x00,0x00,0x00,0x00,0x00,0x0d,0x01,0x25,0x5e,0x8c,0x84,0x7c,0x96,0x7c,0x9e,0x7f,0x7f,0x7f,0x74,0x8c,0x91,0xa7,0xc9,0x90,0x4e,0xa3,0xbe,0xac,0xdc,0xdc,0x52,0xdc,0xa0,0xda,0x95,0xb3,0x95,0x95,0x95,0x95,0x7f,0x7f,0x8b,0x8d,0x8d,0x8b,0x80,0x7f,0x7f,0x7f,0x7f,0x8b,0x8b,0x7f,0x7f,0x74,0xad,0x95,0xb3,0xcf,0xcf,0xda,0x1a,0xdc,0xec,0xdc,0xa0,0xbe,0xd5,0xc9,0xde,0xa6,0x8c,0x7f,0x7f,0x74,0x7f,0x96,0xda,0xa5,0x60,0x21,0x00,0x08,0x00,0x00,0x00,0x00,0x00,0x00,0x00,0x00,0x00,0x00,0x00,0x00,0x00,0x00,0x00,0x00,0x00,0x00,0x00,0x00,0x00,0x00,0x00,0x00,0x00,0x00,0x00,0x00,0x00,0x00,0x00,0x00,0x00,
    0x00,0x00,0x00,0x00,0x00,0x00,0x00,0x00,0x00,0x00,0x00,0x00,0x00,0x00,0x00,0x00,0x00,0x00,0x00,0x00,0x00,0x00,0x00,0x00,0x00,0x00,0x00,0x00,0x00,0x00,0x00,0x00,0x02,0x00,0x40,0xb6,0xa9,0x96,0x84,0x80,0x80,0x29,0x74,0x7f,0x7f,0x7f,0x86,0xa5,0xb8,0x81,0x81,0xb8,0xc1,0xaf,0x9a,0xac,0x0b,0xaf,0x1f,0xb1,0x94,0xad,0xad,0x95,0x95,0x95,0x8c,0x74,0x74,0x8f,0x8f,0x8d,0x74,0x74,0x8a,0x8a,0xa9,0x7f,0x8b,0x8b,0x7f,0x7f,0x7f,0x7f,0xad,0x95,0x95,0xad,0x97,0xb1,0xaf,0xb1,0xac,0x99,0xe4,0xe7,0xc9,0xb8,0xa8,0x86,0x7f,0x74,0x74,0x7c,0x29,0xb3,0x48,0x57,0x0e,0x02,0x02,0x00,0x00,0x00,0x00,0x00,0x00,0x00,0x00,0x00,0x00,0x00,0x00,0x00,0x00,0x00,0x00,0x00,0x00,0x00,0x00,0x00,0x00,0x00,0x00,0x00,0x00,0x00,0x00,0x00,0x00,0x00,0x00,0x00,
    0x00,0x00,0x00,0x00,0x00,0x00,0x00,0x00,0x00,0x00,0x00,0x00,0x00,0x00,0x00,0x00,0x00,0x00,0x00,0x00,0x00,0x00,0x00,0x00,0x00,0x00,0x00,0x00,0x00,0x00,0x00,0x00,0x02,0x00,0x23,0x1b,0x91,0x89,0xa9,0x8a,0xc4,0xae,0x8a,0x8c,0x7f,0x8c,0xa6,0xde,0xb2,0x9b,0x90,0xb8,0xe7,0xd2,0xe4,0xaf,0xcc,0x99,0x99,0xb1,0xa3,0x99,0x8d,0x8c,0x7f,0x7f,0x74,0x7f,0x74,0x8f,0x8f,0x7f,0x74,0xda,0xd7,0x1a,0x95,0xa9,0x7f,0x7f,0x74,0x7f,0x7f,0x74,0x74,0x8c,0x7f,0xbe,0xb1,0x9d,0x9a,0x0b,0xb6,0xe4,0xd2,0xc9,0xc9,0xb8,0x1b,0x91,0x8c,0x80,0x84,0x96,0xb0,0xb9,0x44,0x1c,0x00,0x02,0x00,0x00,0x00,0x00,0x00,0x00,0x00,0x00,0x00,0x00,0x00,0x00,0x00,0x00,0x00,0x00,0x00,0x00,0x00,0x00,0x00,0x00,0x00,0x00,0x00,0x00,0x00,0x00,0x00,0x00,0x00,0x00,0x00,0x00,
    0x00,0x00,0x00,0x00,0x00,0x00,0x00,0x00,0x00,0x00,0x00,0x00,0x00,0x00,0x00,0x00,0x00,0x00,0x00,0x00,0x00,0x00,0x00,0x00,0x00,0x00,0x00,0x00,0x00,0x00,0x00,0x00,0x02,0x00,0x23,0x1b,0x16,0x4a,0x44,0x41,0x1a,0xa9,0x7c,0x96,0x96,0xd0,0xa5,0x27,0xb5,0xb5,0x9b,0xc9,0xe7,0xe2,0xe7,0xc1,0xc3,0x4b,0x4b,0xd2,0xd1,0xe3,0x8a,0x91,0x7f,0x8c,0x8c,0x7f,0x7f,0x8b,0x8f,0x8f,0x8f,0xcd,0xb3,0xb3,0x97,0x8f,0x8d,0x7f,0x7f,0x7f,0x7f,0x8c,0x8c,0x91,0x91,0x5a,0xd1,0xe6,0xe3,0xc0,0xd2,0xe2,0xe2,0xc9,0xc9,0xb2,0xe3,0x91,0x8c,0x89,0x7c,0xa4,0x80,0xb6,0x3f,0x2b,0x00,0x02,0x00,0x00,0x00,0x00,0x00,0x00,0x00,0x00,0x00,0x00,0x00,0x00,0x00,0x00,0x00,0x00,0x00,0x00,0x00,0x00,0x00,0x00,0x00,0x00,0x00,0x00,0x00,0x00,0x00,0x00,0x00,0x00,0x00,0x00,
    0x00,0x00,0x00,0x00,0x00,0x00,0x00,0x00,0x00,0x00,0x00,0x00,0x00,0x00,0x00,0x00,0x00,0x00,0x00,0x00,0x00,0x00,0x00,0x00,0x00,0x00,0x00,0x00,0x00,0x00,0x00,0x00,0x02,0x00,0x23,0xbb,0x4a,0x3e,0x3b,0x3f,0xa8,0x84,0x96,0xd0,0x89,0xbc,0x1b,0xce,0x9b,0xb5,0x9b,0xb8,0xe2,0xc9,0xd2,0xc1,0xe9,0xc1,0xd2,0xe2,0xbf,0xe7,0xe5,0xd7,0xad,0x91,0x8a,0x74,0x8c,0x8c,0x8c,0x8b,0x74,0x74,0x8a,0x86,0x8d,0xcd,0x8d,0xcd,0x8d,0x06,0x99,0x99,0x94,0xd3,0xf6,0xd1,0xe2,0xd2,0xf1,0xfb,0xc1,0xe2,0xc9,0x2c,0xb8,0xb5,0xe3,0x91,0x8c,0x89,0x84,0x80,0x74,0xa9,0x3d,0x1c,0x2f,0x02,0x00,0x00,0x00,0x00,0x00,0x00,0x00,0x00,0x00,0x00,0x00,0x00,0x00,0x00,0x00,0x00,0x00,0x00,0x00,0x00,0x00,0x00,0x00,0x00,0x00,0x00,0x00,0x00,0x00,0x00,0x00,0x00,0x00,0x00,
    0x00,0x00,0x00,0x00,0x00,0x00,0x00,0x00,0x00,0x00,0x00,0x00,0x00,0x00,0x00,0x00,0x00,0x00,0x00,0x00,0x00,0x00,0x00,0x00,0x00,0x00,0x00,0x00,0x00,0x00,0x00,0x00,0x02,0x00,0x2b,0x1a,0x3f,0x54,0x44,0xcd,0x86,0x8c,0xa6,0xc8,0x2e,0xbe,0xe3,0x2c,0x9b,0x9b,0x90,0xb2,0xce,0xb2,0xdc,0xe9,0xfa,0xe9,0xf9,0xc9,0xbf,0xbf,0xbf,0xd2,0xd5,0xe3,0xa1,0x74,0xcb,0xcb,0x8a,0xa9,0x74,0x7f,0x7f,0x7f,0x7f,0xa9,0x8a,0x04,0x9a,0x99,0xc7,0xe4,0xd5,0xe7,0xbf,0xe2,0xe2,0xdc,0xe9,0xfa,0xe9,0xc3,0x2c,0x2c,0xb8,0xb5,0xc8,0xbc,0x8c,0x7c,0x96,0x7c,0xa5,0x16,0x41,0x68,0x00,0x01,0x00,0x00,0x00,0x00,0x00,0x00,0x00,0x00,0x00,0x00,0x00,0x00,0x00,0x00,0x00,0x00,0x00,0x00,0x00,0x00,0x00,0x00,0x00,0x00,0x00,0x00,0x00,0x00,0x00,0x00,0x00,0x00,0x00,0x00,
    0x00,0x00,0x00,0x00,0x00,0x00,0x00,0x00,0x00,0x00,0x00,0x00,0x00,0x00,0x00,0x00,0x00,0x00,0x00,0x00,0x00,0x00,0x00,0x00,0x00,0x00,0x00,0x00,0x00,0x00,0x00,0x00,0x03,0x00,0x23,0xc0,0x50,0x39,0x59,0x7f,0x89,0x9e,0xb0,0xb8,0xeb,0x9e,0xea,0xb5,0x92,0x81,0x81,0x90,0x2c,0x9c,0x27,0xe9,0xfa,0xe9,0x27,0x90,0xbf,0xbf,0xbf,0xc9,0x90,0xb2,0xd2,0xe5,0xe6,0xe4,0xa1,0xad,0x8c,0x8b,0x8b,0x74,0xda,0xa4,0xa2,0xbb,0x0b,0xd5,0xb8,0xb8,0xbf,0xbf,0xbf,0xbf,0xb5,0x27,0xe9,0xfa,0xe9,0xf0,0x9c,0xce,0xca,0xce,0xa2,0x8a,0x7f,0x7f,0x8c,0xbc,0xa3,0x1b,0x3f,0x64,0x25,0x01,0x02,0x00,0x00,0x00,0x00,0x00,0x00,0x00,0x00,0x00,0x00,0x00,0x00,0x00,0x00,0x00,0x00,0x00,0x00,0x00,0x00,0x00,0x00,0x00,0x00,0x00,0x00,0x00,0x00,0x00,0x00,0x00,0x00,0x00,
    0x00,0x00,0x00,0x00,0x00,0x00,0x00,0x00,0x00,0x00,0x00,0x00,0x00,0x00,0x00,0x00,0x00,0x00,0x00,0x00,0x00,0x00,0x00,0x00,0x00,0x00,0x00,0x00,0x00,0x00,0x00,0x00,0x03,0x00,0x05,0x19,0x6a,0x50,0x36,0xa5,0x7f,0xbc,0xc8,0xb5,0x90,0xde,0xbb,0xca,0x81,0x90,0x81,0x90,0x2c,0x90,0x2c,0xf9,0xf9,0xfb,0x4b,0x9b,0xd2,0xbf,0xe7,0xe2,0xb8,0xb8,0xe7,0xd1,0xe7,0xd2,0xc1,0xf3,0x5f,0xbd,0xee,0x5f,0xf3,0x42,0xd2,0xd1,0xf1,0xd1,0xb2,0xb8,0xbf,0xbf,0xbf,0xbf,0x9b,0xb8,0xfb,0xf9,0xfb,0xeb,0xef,0xb8,0x2c,0xde,0xbc,0x8c,0x74,0x74,0x8b,0xa4,0x37,0x6d,0x3b,0x57,0x3c,0x00,0x08,0x00,0x00,0x00,0x00,0x00,0x00,0x00,0x00,0x00,0x00,0x00,0x00,0x00,0x00,0x00,0x00,0x00,0x00,0x00,0x00,0x00,0x00,0x00,0x00,0x00,0x00,0x00,0x00,0x00,0x00,0x00,0x00,0x00,
    0x00,0x00,0x00,0x00,0x00,0x00,0x00,0x00,0x00,0x00,0x00,0x00,0x00,0x00,0x00,0x00,0x00,0x00,0x00,0x00,0x00,0x00,0x00,0x00,0x00,0x00,0x00,0x00,0x00,0x00,0x00,0x00,0x00,0x00,0x0e,0x23,0x0c,0x39,0x3f,0x7f,0x8b,0xbc,0xde,0xb5,0x92,0x90,0xd5,0xb2,0x9c,0x90,0x81,0x90,0xce,0x9b,0xce,0xc3,0x2c,0x27,0xd5,0xb5,0xbf,0xd1,0xd6,0x7e,0x7d,0x7b,0x77,0x7a,0x7d,0xd6,0x32,0xbd,0xbd,0xbd,0xbd,0xbd,0xee,0xc3,0xd6,0xd6,0x79,0x7a,0x7a,0xd9,0xd9,0xf1,0xd1,0xe2,0x81,0x27,0xd5,0xb5,0xd5,0x27,0x9c,0xd5,0xe6,0x80,0x8a,0xbc,0x84,0x89,0x86,0x16,0x59,0x33,0x58,0x42,0x50,0x00,0x0a,0x00,0x00,0x00,0x00,0x00,0x00,0x00,0x00,0x00,0x00,0x00,0x00,0x00,0x00,0x00,0x00,0x00,0x00,0x00,0x00,0x00,0x00,0x00,0x00,0x00,0x00,0x00,0x00,0x00,0x00,0x00,0x00,0x00,
    0x00,0x00,0x00,0x00,0x00,0x00,0x00,0x00,0x00,0x00,0x00,0x00,0x00,0x00,0x00,0x00,0x00,0x00,0x00,0x00,0x00,0x00,0x00,0x00,0x00,0x00,0x00,0x00,0x00,0x00,0x00,0x00,0x00,0x00,0x00,0x00,0x00,0x25,0x60,0x16,0x16,0xa6,0xde,0xb5,0x81,0x92,0x9b,0xb5,0x9c,0x92,0x81,0x81,0xb2,0xb5,0xb5,0x9b,0x9c,0x92,0x9b,0x9b,0xd1,0x83,0x7a,0x7e,0x79,0x7a,0x7a,0x77,0x7a,0x83,0xdd,0xdf,0xbd,0xbd,0xbd,0xbd,0xbd,0xc0,0x83,0x7a,0x77,0x77,0x77,0x77,0x77,0x7b,0x83,0x4e,0x81,0x90,0x81,0x9c,0x81,0x90,0xeb,0xa5,0xbc,0xa6,0x1b,0x1a,0xbc,0x89,0x7c,0x80,0x16,0x53,0x36,0x50,0x68,0x01,0x0a,0x00,0x00,0x00,0x00,0x00,0x00,0x00,0x00,0x00,0x00,0x00,0x00,0x00,0x00,0x00,0x00,0x00,0x00,0x00,0x00,0x00,0x00,0x00,0x00,0x00,0x00,0x00,0x00,0x00,0x00,0x00,0x00,0x00,
    0x00,0x00,0x00,0x00,0x00,0x00,0x00,0x00,0x00,0x00,0x00,0x00,0x00,0x00,0x00,0x00,0x00,0x00,0x00,0x00,0x00,0x00,0x00,0x00,0x00,0x00,0x00,0x00,0x00,0x00,0x00,0x00,0x00,0x00,0x00,0x03,0x0a,0x11,0x45,0xa1,0x1a,0xa5,0xea,0xb5,0x92,0x90,0x81,0x92,0x90,0x81,0x81,0x81,0x9b,0xb5,0x9b,0x92,0x90,0x81,0x90,0xf0,0x7b,0x7a,0x7a,0x77,0x77,0x77,0x77,0x7a,0x77,0x83,0x15,0x95,0xbd,0xbd,0xbd,0xdf,0xee,0x15,0x83,0x7b,0x7a,0x77,0x7a,0x77,0x77,0x79,0x7b,0xc1,0xef,0x90,0x92,0x81,0x81,0x90,0xde,0xa9,0x8a,0x1b,0xb8,0x4e,0xa7,0xbc,0x96,0x7c,0x7c,0x86,0x56,0x05,0x00,0x01,0x00,0x00,0x00,0x00,0x00,0x00,0x00,0x00,0x00,0x00,0x00,0x00,0x00,0x00,0x00,0x00,0x00,0x00,0x00,0x00,0x00,0x00,0x00,0x00,0x00,0x00,0x00,0x00,0x00,0x00,0x00,0x00,0x00,0x00,
    0x00,0x00,0x00,0x00,0x00,0x00,0x00,0x00,0x00,0x00,0x00,0x00,0x00,0x00,0x00,0x00,0x00,0x00,0x00,0x00,0x00,0x00,0x00,0x00,0x00,0x00,0x00,0x00,0x00,0x00,0x00,0x00,0x00,0x00,0x00,0x00,0x08,0x00,0x2b,0x44,0xcc,0x6c,0x2e,0xb2,0x92,0x90,0x81,0x90,0x81,0x81,0x81,0x81,0x9b,0xb2,0x9b,0x81,0x81,0x90,0xc1,0x77,0x79,0x77,0x77,0x7a,0x79,0x79,0x79,0x77,0x87,0x0b,0xcd,0x06,0xad,0xcf,0xee,0xb3,0xda,0x97,0xa3,0xdd,0x7b,0x7a,0x77,0x7a,0x79,0x79,0x75,0x75,0x4e,0x9c,0x9c,0x92,0x92,0xb5,0xde,0xcb,0xa8,0x27,0xb5,0x9b,0x27,0xb6,0x86,0x84,0x84,0x89,0x44,0x24,0x30,0x0d,0x02,0x00,0x00,0x00,0x00,0x00,0x00,0x00,0x00,0x00,0x00,0x00,0x00,0x00,0x00,0x00,0x00,0x00,0x00,0x00,0x00,0x00,0x00,0x00,0x00,0x00,0x00,0x00,0x00,0x00,0x00,0x00,0x00,0x00,
    0x00,0x00,0x00,0x00,0x00,0x00,0x00,0x00,0x00,0x00,0x00,0x00,0x00,0x00,0x00,0x00,0x00,0x00,0x00,0x00,0x00,0x00,0x00,0x00,0x00,0x00,0x00,0x00,0x00,0x00,0x00,0x00,0x00,0x00,0x00,0x01,0x00,0x18,0x28,0x50,0x6d,0x44,0xe3,0xb5,0x92,0x90,0x81,0x81,0x81,0x81,0x81,0x81,0x90,0xb2,0x92,0x90,0x92,0xc1,0x77,0x85,0x78,0x7e,0x7a,0x75,0x82,0x78,0x82,0x75,0x87,0x0b,0x86,0x86,0xda,0xda,0xda,0xad,0x95,0x8d,0xb0,0xaa,0x77,0x7e,0x75,0x75,0x78,0x78,0x82,0x82,0x7b,0xf0,0x9c,0x90,0x90,0x9b,0x4b,0xa6,0x1b,0xb8,0xca,0xca,0xb2,0xea,0xbc,0x8c,0x7f,0xa9,0xa5,0x55,0x55,0x0d,0x0d,0x00,0x00,0x00,0x00,0x00,0x00,0x00,0x00,0x00,0x00,0x00,0x00,0x00,0x00,0x00,0x00,0x00,0x00,0x00,0x00,0x00,0x00,0x00,0x00,0x00,0x00,0x00,0x00,0x00,0x00,0x00,0x00,0x00,
    0x00,0x00,0x00,0x00,0x00,0x00,0x00,0x00,0x00,0x00,0x00,0x00,0x00,0x00,0x00,0x00,0x00,0x00,0x00,0x00,0x00,0x00,0x00,0x00,0x00,0x00,0x00,0x00,0x00,0x00,0x00,0x00,0x00,0x00,0x00,0x00,0x23,0x19,0x32,0x67,0x3c,0x65,0xce,0x9c,0x81,0x81,0x81,0x81,0x81,0x81,0x81,0x81,0x92,0x9c,0x9c,0xef,0xce,0x7d,0x87,0x75,0x78,0x82,0x78,0x78,0x75,0x75,0x7e,0x7e,0x7d,0x83,0xc3,0xa2,0xad,0x95,0x95,0x95,0x8b,0xc4,0x78,0x79,0x87,0x78,0x78,0x78,0x75,0x78,0x7e,0x79,0x7a,0x7a,0xb2,0x92,0x90,0x92,0xb2,0xea,0x29,0x2c,0x81,0x90,0x9b,0xde,0xcb,0x8c,0x86,0x86,0x86,0x94,0x53,0x00,0x08,0x00,0x00,0x00,0x00,0x00,0x00,0x00,0x00,0x00,0x00,0x00,0x00,0x00,0x00,0x00,0x00,0x00,0x00,0x00,0x00,0x00,0x00,0x00,0x00,0x00,0x00,0x00,0x00,0x00,0x00,0x00,0x00,0x00,
    0x00,0x00,0x00,0x00,0x00,0x00,0x00,0x00,0x00,0x00,0x00,0x00,0x00,0x00,0x00,0x00,0x00,0x00,0x00,0x00,0x00,0x00,0x00,0x00,0x00,0x00,0x00,0x00,0x00,0x00,0x00,0x00,0x00,0x00,0x0a,0x00,0x62,0x69,0x27,0x6f,0x5b,0x2c,0x92,0x92,0x81,0x90,0x90,0x81,0x81,0x81,0x81,0x81,0x81,0x9c,0x9c,0xef,0xf0,0x7a,0x7e,0x77,0x79,0x79,0x79,0x7a,0x7a,0x77,0x77,0x77,0x77,0x79,0x83,0xdd,0xd7,0xb3,0x95,0xb3,0xd8,0x88,0x75,0x87,0x7e,0x7e,0x78,0x7e,0x7a,0x7a,0x77,0x77,0x7a,0x83,0xf0,0x9c,0x90,0x92,0x9c,0xca,0xe6,0x4b,0x92,0x90,0x92,0x27,0xa3,0x8a,0xb6,0x16,0x1b,0x41,0x21,0x02,0x02,0x00,0x00,0x00,0x00,0x00,0x00,0x00,0x00,0x00,0x00,0x00,0x00,0x00,0x00,0x00,0x00,0x00,0x00,0x00,0x00,0x00,0x00,0x00,0x00,0x00,0x00,0x00,0x00,0x00,0x00,0x00,0x00,0x00,
    0x00,0x00,0x00,0x00,0x00,0x00,0x00,0x00,0x00,0x00,0x00,0x00,0x00,0x00,0x00,0x00,0x00,0x00,0x00,0x00,0x00,0x00,0x00,0x00,0x00,0x00,0x00,0x00,0x00,0x00,0x00,0x00,0x00,0x00,0x01,0x01,0x0a,0x70,0x4e,0x90,0x81,0x81,0x90,0x90,0x90,0x81,0x92,0x81,0x81,0x81,0x81,0x81,0x81,0x90,0x81,0x9c,0xc1,0x83,0x7d,0x75,0x7d,0x7a,0x77,0x77,0x77,0x77,0x77,0x77,0x77,0x79,0x75,0x7e,0xc3,0x9d,0x99,0xbb,0xc3,0x93,0x78,0x7e,0x7a,0x7a,0x7a,0x7a,0x77,0x77,0x77,0x7a,0x7d,0x7b,0xc1,0x92,0x81,0x9c,0x9c,0x92,0xca,0xce,0x92,0x92,0x90,0xca,0xde,0xcb,0x46,0x41,0x3d,0x3c,0x0e,0x02,0x01,0x00,0x00,0x00,0x00,0x00,0x00,0x00,0x00,0x00,0x00,0x00,0x00,0x00,0x00,0x00,0x00,0x00,0x00,0x00,0x00,0x00,0x00,0x00,0x00,0x00,0x00,0x00,0x00,0x00,0x00,0x00,0x00,0x00,
    0x00,0x00,0x00,0x00,0x00,0x00,0x00,0x00,0x00,0x00,0x00,0x00,0x00,0x00,0x00,0x00,0x00,0x00,0x00,0x00,0x00,0x00,0x00,0x00,0x00,0x00,0x00,0x00,0x00,0x00,0x00,0x00,0x00,0x00,0x00,0x0a,0x00,0x23,0x67,0x6f,0x9b,0x92,0x92,0x92,0x92,0x81,0xb2,0x81,0x81,0x81,0x81,0x90,0x81,0x4e,0xca,0xef,0x4e,0x77,0x87,0x78,0x78,0x78,0x75,0x79,0x77,0x7a,0x79,0x7d,0x78,0x7d,0x76,0x93,0x75,0xc0,0xc8,0x32,0xaa,0x7d,0x7e,0x7b,0x7d,0x7a,0x7a,0x7b,0x77,0x7a,0x7e,0x78,0x82,0x7a,0xc1,0xef,0xca,0x81,0x81,0x90,0x81,0x92,0x9b,0xb2,0x90,0x2c,0xea,0x89,0x59,0x3e,0x00,0x0d,0x00,0x00,0x00,0x00,0x00,0x00,0x00,0x00,0x00,0x00,0x00,0x00,0x00,0x00,0x00,0x00,0x00,0x00,0x00,0x00,0x00,0x00,0x00,0x00,0x00,0x00,0x00,0x00,0x00,0x00,0x00,0x00,0x00,0x00,0x00,0x00,
    0x00,0x00,0x00,0x00,0x00,0x00,0x00,0x00,0x00,0x00,0x00,0x00,0x00,0x00,0x00,0x00,0x00,0x00,0x00,0x00,0x00,0x00,0x00,0x00,0x00,0x00,0x00,0x00,0x00,0x00,0x00,0x00,0x00,0x00,0x00,0x00,0x0a,0x00,0x6b,0x47,0x5b,0x6f,0x2c,0xb5,0x2c,0x6f,0xce,0x92,0x90,0x81,0x90,0x92,0x9b,0xd5,0xca,0x9c,0xb7,0x7e,0x7e,0x75,0x78,0x78,0x78,0x7e,0x77,0x77,0x77,0x79,0x77,0xc0,0xaa,0x79,0x7e,0x7b,0x7b,0x7d,0x77,0x77,0x75,0xb4,0x77,0x77,0x83,0xdd,0x7e,0x7a,0x7e,0x78,0x78,0x78,0x7d,0xeb,0xca,0x92,0x81,0x81,0x90,0x81,0x9b,0xc1,0xb2,0x9b,0x4b,0x29,0x56,0x23,0x01,0x0a,0x01,0x00,0x00,0x00,0x00,0x00,0x00,0x00,0x00,0x00,0x00,0x00,0x00,0x00,0x00,0x00,0x00,0x00,0x00,0x00,0x00,0x00,0x00,0x00,0x00,0x00,0x00,0x00,0x00,0x00,0x00,0x00,0x00,0x00,0x00,0x00,
    0x00,0x00,0x00,0x00,0x00,0x00,0x00,0x00,0x00,0x00,0x00,0x00,0x00,0x00,0x00,0x00,0x00,0x00,0x00,0x00,0x00,0x00,0x00,0x00,0x00,0x00,0x00,0x00,0x00,0x00,0x00,0x00,0x00,0x00,0x00,0x00,0x00,0x0a,0x00,0x0e,0x00,0x62,0x47,0x47,0x47,0x65,0x90,0x81,0x81,0x81,0x90,0x92,0xb2,0x72,0xff,0x27,0x79,0x7d,0x7b,0x77,0x75,0x75,0x7e,0x78,0x7e,0x7d,0x7d,0x7e,0x7b,0x82,0x7e,0x83,0x77,0x7e,0x87,0x78,0x7a,0x7b,0x7e,0x9f,0x77,0x7b,0x42,0x8f,0xaf,0xa0,0x0b,0x7b,0x87,0x82,0x7d,0xab,0x9c,0xce,0x92,0x90,0x81,0x81,0x90,0x4e,0xb2,0x9b,0xca,0x4b,0x21,0x2f,0x01,0x00,0x00,0x00,0x00,0x00,0x00,0x00,0x00,0x00,0x00,0x00,0x00,0x00,0x00,0x00,0x00,0x00,0x00,0x00,0x00,0x00,0x00,0x00,0x00,0x00,0x00,0x00,0x00,0x00,0x00,0x00,0x00,0x00,0x00,0x00,0x00,0x00,
    0x00,0x00,0x00,0x00,0x00,0x00,0x00,0x00,0x00,0x00,0x00,0x00,0x00,0x00,0x00,0x00,0x00,0x00,0x00,0x00,0x00,0x00,0x00,0x00,0x00,0x00,0x00,0x00,0x00,0x00,0x00,0x00,0x00,0x00,0x00,0x00,0x00,0x00,0x02,0x00,0x02,0x03,0x1c,0x11,0x1c,0x47,0xb8,0x92,0x90,0x81,0x90,0x92,0x2c,0x72,0xeb,0xb7,0x78,0x75,0x7d,0x77,0x7d,0x7e,0x7e,0x78,0x78,0x82,0x87,0x7d,0x8e,0xb1,0xa0,0xb1,0x83,0x79,0x87,0x78,0x79,0x79,0x79,0xb4,0x77,0xb1,0xb1,0xa7,0xac,0x94,0x04,0xc3,0x77,0x87,0x7e,0x75,0xc1,0x32,0xca,0x81,0x90,0x92,0x9b,0x5b,0x65,0x69,0x81,0xce,0x62,0x00,0x0a,0x00,0x00,0x00,0x00,0x00,0x00,0x00,0x00,0x00,0x00,0x00,0x00,0x00,0x00,0x00,0x00,0x00,0x00,0x00,0x00,0x00,0x00,0x00,0x00,0x00,0x00,0x00,0x00,0x00,0x00,0x00,0x00,0x00,0x00,0x00,0x00,0x00,
    0x00,0x00,0x00,0x00,0x00,0x00,0x00,0x00,0x00,0x00,0x00,0x00,0x00,0x00,0x00,0x00,0x00,0x00,0x00,0x00,0x00,0x00,0x00,0x00,0x00,0x00,0x00,0x00,0x00,0x00,0x00,0x00,0x00,0x00,0x00,0x00,0x00,0x00,0x00,0x00,0x00,0x00,0x00,0x00,0x00,0x23,0x5b,0xb2,0x92,0x81,0x81,0x9c,0xb2,0xd5,0xc1,0x7e,0x85,0x76,0x87,0x7a,0x7a,0x79,0x7e,0x87,0x75,0x7e,0x79,0x7e,0xac,0xbe,0xb3,0xc4,0xaa,0x87,0x7d,0x78,0x75,0x82,0x7e,0x9f,0x82,0xd8,0x1a,0x9d,0xa0,0xa4,0xbe,0xa7,0x83,0x79,0x77,0x7b,0x79,0x87,0xce,0x92,0x81,0x90,0x27,0x5b,0x50,0x69,0x27,0x70,0x62,0x00,0x0a,0x00,0x00,0x00,0x00,0x00,0x00,0x00,0x00,0x00,0x00,0x00,0x00,0x00,0x00,0x00,0x00,0x00,0x00,0x00,0x00,0x00,0x00,0x00,0x00,0x00,0x00,0x00,0x00,0x00,0x00,0x00,0x00,0x00,0x00,0x00,0x00,0x00,
    0x00,0x00,0x00,0x00,0x00,0x00,0x00,0x00,0x00,0x00,0x00,0x00,0x00,0x00,0x00,0x00,0x00,0x00,0x00,0x00,0x00,0x00,0x00,0x00,0x00,0x00,0x00,0x00,0x00,0x00,0x00,0x00,0x00,0x00,0x00,0x00,0x00,0x00,0x00,0x00,0x00,0x00,0x00,0x00,0x0a,0x03,0x47,0x69,0xca,0x81,0x9b,0xca,0x4e,0x67,0x38,0x75,0x82,0x82,0x87,0x7e,0x77,0x77,0x79,0x79,0x7d,0x79,0x83,0xd8,0xcb,0x95,0x1a,0x2e,0xa7,0x42,0x7d,0x78,0x78,0x82,0x79,0x9f,0xd6,0x32,0xac,0xac,0xb3,0x8b,0x8a,0xa0,0x7e,0x7a,0x79,0x7d,0x7d,0x7a,0xf0,0x9c,0xca,0x27,0x50,0x51,0x6a,0xc1,0x5b,0x62,0x00,0x0a,0x00,0x00,0x00,0x00,0x00,0x00,0x00,0x00,0x00,0x00,0x00,0x00,0x00,0x00,0x00,0x00,0x00,0x00,0x00,0x00,0x00,0x00,0x00,0x00,0x00,0x00,0x00,0x00,0x00,0x00,0x00,0x00,0x00,0x00,0x00,0x00,0x00,0x00,
    0x00,0x00,0x00,0x00,0x00,0x00,0x00,0x00,0x00,0x00,0x00,0x00,0x00,0x00,0x00,0x00,0x00,0x00,0x00,0x00,0x00,0x00,0x00,0x00,0x00,0x00,0x00,0x00,0x00,0x00,0x00,0x00,0x00,0x00,0x00,0x00,0x00,0x00,0x00,0x00,0x00,0x00,0x00,0x00,0x01,0x02,0x11,0x47,0x65,0x65,0x5b,0x67,0x47,0x10,0x09,0x82,0x7e,0x79,0x79,0x79,0x79,0x7e,0x75,0x79,0x79,0x82,0x88,0xc7,0x94,0x7f,0x8a,0xad,0xd7,0x78,0x75,0x78,0x78,0x82,0x77,0xb4,0xb7,0x7a,0x2e,0x9d,0xa5,0xcd,0x04,0x1f,0x78,0x82,0x7e,0x87,0x7d,0x77,0xd6,0x69,0x67,0x47,0x23,0x0c,0x51,0x28,0x23,0x00,0x01,0x00,0x00,0x00,0x00,0x00,0x00,0x00,0x00,0x00,0x00,0x00,0x00,0x00,0x00,0x00,0x00,0x00,0x00,0x00,0x00,0x00,0x00,0x00,0x00,0x00,0x00,0x00,0x00,0x00,0x00,0x00,0x00,0x00,0x00,0x00,0x00,0x00,0x00,0x00,
    0x00,0x00,0x00,0x00,0x00,0x00,0x00,0x00,0x00,0x00,0x00,0x00,0x00,0x00,0x00,0x00,0x00,0x00,0x00,0x00,0x00,0x00,0x00,0x00,0x00,0x00,0x00,0x00,0x00,0x00,0x00,0x00,0x00,0x00,0x00,0x00,0x00,0x00,0x00,0x00,0x00,0x00,0x00,0x00,0x00,0x01,0x00,0x0a,0x00,0x00,0x25,0x03,0x28,0x7e,0x75,0x7d,0x77,0x77,0x79,0x75,0x78,0x78,0x78,0x7d,0x7e,0x7e,0x32,0x97,0x8b,0x74,0xa4,0xae,0xae,0x93,0x7e,0x78,0x78,0x82,0x7d,0xb4,0xb7,0x77,0xbb,0xa0,0x16,0xcd,0x04,0xb1,0xd9,0x85,0x7e,0x78,0x7e,0x07,0x7a,0x12,0x26,0x11,0x00,0x00,0x00,0x01,0x00,0x01,0x00,0x00,0x00,0x00,0x00,0x00,0x00,0x00,0x00,0x00,0x00,0x00,0x00,0x00,0x00,0x00,0x00,0x00,0x00,0x00,0x00,0x00,0x00,0x00,0x00,0x00,0x00,0x00,0x00,0x00,0x00,0x00,0x00,0x00,0x00,0x00,0x00,0x00,0x00,0x00,
    0x00,0x00,0x00,0x00,0x00,0x00,0x00,0x00,0x00,0x00,0x00,0x00,0x00,0x00,0x00,0x00,0x00,0x00,0x00,0x00,0x00,0x00,0x00,0x00,0x00,0x00,0x00,0x00,0x00,0x00,0x00,0x00,0x00,0x00,0x00,0x00,0x00,0x00,0x00,0x00,0x00,0x00,0x00,0x00,0x00,0x00,0x01,0x00,0x00,0x03,0x00,0x05,0x1e,0x7e,0x07,0x7a,0x7a,0x79,0x82,0x78,0x78,0x78,0x7d,0x77,0x78,0x75,0x7d,0xac,0x86,0x7f,0x74,0xad,0xb3,0xc0,0xd9,0x87,0x78,0x82,0x7d,0xab,0xab,0x83,0xb1,0x9d,0xa2,0x94,0xad,0xc0,0xd9,0x75,0x79,0x87,0x7d,0x77,0x7e,0x78,0x20,0x13,0x01,0x0e,0x0a,0x00,0x0a,0x00,0x00,0x00,0x00,0x00,0x00,0x00,0x00,0x00,0x00,0x00,0x00,0x00,0x00,0x00,0x00,0x00,0x00,0x00,0x00,0x00,0x00,0x00,0x00,0x00,0x00,0x00,0x00,0x00,0x00,0x00,0x00,0x00,0x00,0x00,0x00,0x00,0x00,0x00,0x00,0x00,
    0x00,0x00,0x00,0x00,0x00,0x00,0x00,0x00,0x00,0x00,0x00,0x00,0x00,0x00,0x00,0x00,0x00,0x00,0x00,0x00,0x00,0x00,0x00,0x00,0x00,0x00,0x00,0x00,0x00,0x00,0x00,0x00,0x00,0x00,0x00,0x00,0x00,0x00,0x00,0x00,0x00,0x00,0x00,0x00,0x00,0x00,0x00,0x01,0x00,0x00,0x02,0x00,0x1e,0x78,0x78,0x7d,0x79,0x75,0x78,0x78,0x78,0x78,0x7e,0x77,0x75,0x87,0x7b,0xbb,0x91,0x8c,0xa9,0xa1,0xd7,0xaa,0x7e,0x78,0x78,0x82,0x7d,0xb7,0xb4,0x7b,0x42,0xc8,0x8a,0xb3,0xec,0x7e,0x82,0x7d,0x7d,0x78,0x75,0x7a,0x7e,0x88,0x1d,0x26,0x00,0x03,0x00,0x00,0x00,0x00,0x00,0x00,0x00,0x00,0x00,0x00,0x00,0x00,0x00,0x00,0x00,0x00,0x00,0x00,0x00,0x00,0x00,0x00,0x00,0x00,0x00,0x00,0x00,0x00,0x00,0x00,0x00,0x00,0x00,0x00,0x00,0x00,0x00,0x00,0x00,0x00,0x00,0x00,0x00,0x00,
    0x00,0x00,0x00,0x00,0x00,0x00,0x00,0x00,0x00,0x00,0x00,0x00,0x00,0x00,0x00,0x00,0x00,0x00,0x00,0x00,0x00,0x00,0x00,0x00,0x00,0x00,0x00,0x00,0x00,0x00,0x00,0x00,0x00,0x00,0x00,0x00,0x00,0x00,0x00,0x00,0x00,0x00,0x00,0x00,0x00,0x00,0x00,0x00,0x00,0x03,0x00,0x0f,0x1d,0x85,0x75,0x79,0x78,0x78,0x78,0x78,0x78,0x78,0x75,0x7d,0x7e,0x88,0xd9,0xcc,0x99,0x8c,0x86,0x8c,0xa0,0xaa,0x7d,0x82,0x78,0x82,0x7e,0xb7,0x9f,0x7e,0x77,0x83,0xc3,0xc0,0x83,0x75,0x78,0x7d,0x78,0x78,0x78,0x7e,0x79,0x8e,0x8e,0x0f,0x00,0x03,0x00,0x00,0x00,0x00,0x00,0x00,0x00,0x00,0x00,0x00,0x00,0x00,0x00,0x00,0x00,0x00,0x00,0x00,0x00,0x00,0x00,0x00,0x00,0x00,0x00,0x00,0x00,0x00,0x00,0x00,0x00,0x00,0x00,0x00,0x00,0x00,0x00,0x00,0x00,0x00,0x00,0x00,0x00,0x00,
    0x00,0x00,0x00,0x00,0x00,0x00,0x00,0x00,0x00,0x00,0x00,0x00,0x00,0x00,0x00,0x00,0x00,0x00,0x00,0x00,0x00,0x00,0x00,0x00,0x00,0x00,0x00,0x00,0x00,0x00,0x00,0x00,0x00,0x00,0x00,0x00,0x00,0x00,0x00,0x00,0x00,0x00,0x00,0x00,0x00,0x00,0x00,0x00,0x00,0x03,0x00,0x0c,0x85,0x87,0x7e,0x7e,0x78,0x78,0x78,0x78,0x78,0x78,0x78,0x78,0x79,0x78,0x87,0x7e,0xac,0x91,0xad,0x15,0x7b,0x79,0x75,0x75,0x7e,0x7d,0x7d,0xb7,0x98,0x79,0x7e,0x7d,0xd9,0x79,0x87,0x78,0x7e,0x75,0x78,0x78,0x78,0x78,0x75,0x85,0x93,0x05,0x00,0x03,0x00,0x00,0x00,0x00,0x00,0x00,0x00,0x00,0x00,0x00,0x00,0x00,0x00,0x00,0x00,0x00,0x00,0x00,0x00,0x00,0x00,0x00,0x00,0x00,0x00,0x00,0x00,0x00,0x00,0x00,0x00,0x00,0x00,0x00,0x00,0x00,0x00,0x00,0x00,0x00,0x00,0x00,0x00,0x00,
    0x00,0x00,0x00,0x00,0x00,0x00,0x00,0x00,0x00,0x00,0x00,0x00,0x00,0x00,0x00,0x00,0x00,0x00,0x00,0x00,0x00,0x00,0x00,0x00,0x00,0x00,0x00,0x00,0x00,0x00,0x00,0x00,0x00,0x00,0x00,0x00,0x00,0x00,0x00,0x00,0x00,0x00,0x00,0x00,0x00,0x00,0x00,0x00,0x00,0x03,0x00,0x05,0x1d,0x85,0x78,0x78,0x78,0x78,0x78,0x78,0x78,0x78,0x78,0x78,0x7d,0x7e,0x87,0x7d,0xaa,0xec,0xdd,0x77,0x79,0x7e,0x7e,0x7d,0x7d,0x77,0x7a,0x76,0x9f,0x77,0x79,0x79,0x87,0x87,0x75,0x7d,0x75,0x82,0x82,0x82,0x87,0x82,0x82,0x88,0x8e,0x05,0x00,0x03,0x00,0x00,0x00,0x00,0x00,0x00,0x00,0x00,0x00,0x00,0x00,0x00,0x00,0x00,0x00,0x00,0x00,0x00,0x00,0x00,0x00,0x00,0x00,0x00,0x00,0x00,0x00,0x00,0x00,0x00,0x00,0x00,0x00,0x00,0x00,0x00,0x00,0x00,0x00,0x00,0x00,0x00,0x00,0x00,
    0x00,0x00,0x00,0x00,0x00,0x00,0x00,0x00,0x00,0x00,0x00,0x00,0x00,0x00,0x00,0x00,0x00,0x00,0x00,0x00,0x00,0x00,0x00,0x00,0x00,0x00,0x00,0x00,0x00,0x00,0x00,0x00,0x00,0x00,0x00,0x00,0x00,0x00,0x00,0x00,0x00,0x00,0x00,0x00,0x00,0x00,0x00,0x00,0x00,0x03,0x00,0x0c,0x75,0x88,0x76,0x82,0x82,0x87,0x87,0x87,0x82,0x85,0x82,0x78,0x78,0x79,0x78,0x87,0x7e,0x77,0x77,0x79,0x87,0x78,0x78,0x78,0x75,0x75,0x7e,0x82,0xc6,0x7e,0x7a,0x77,0x79,0x79,0x79,0x75,0x78,0x87,0x85,0x85,0x85,0x85,0x85,0x88,0x1d,0x13,0x01,0x01,0x00,0x00,0x00,0x00,0x00,0x00,0x00,0x00,0x00,0x00,0x00,0x00,0x00,0x00,0x00,0x00,0x00,0x00,0x00,0x00,0x00,0x00,0x00,0x00,0x00,0x00,0x00,0x00,0x00,0x00,0x00,0x00,0x00,0x00,0x00,0x00,0x00,0x00,0x00,0x00,0x00,0x00,0x00,0x00,
    0x00,0x00,0x00,0x00,0x00,0x00,0x00,0x00,0x00,0x00,0x00,0x00,0x00,0x00,0x00,0x00,0x00,0x00,0x00,0x00,0x00,0x00,0x00,0x00,0x00,0x00,0x00,0x00,0x00,0x00,0x00,0x00,0x00,0x00,0x00,0x00,0x00,0x00,0x00,0x00,0x00,0x00,0x00,0x00,0x00,0x00,0x00,0x00,0x00,0x03,0x00,0x05,0x1d,0x88,0x85,0x85,0x85,0x85,0x85,0x85,0x85,0x82,0x78,0x78,0x78,0x79,0x7d,0x78,0x78,0x75,0x7d,0x7d,0x82,0x82,0x82,0x82,0x82,0x87,0x78,0x8e,0xe0,0x88,0x7b,0x77,0x77,0x79,0x7e,0x78,0x78,0x76,0x85,0x85,0x85,0x85,0x85,0x87,0x20,0x00,0x03,0x00,0x00,0x00,0x00,0x00,0x00,0x00,0x00,0x00,0x00,0x00,0x00,0x00,0x00,0x00,0x00,0x00,0x00,0x00,0x00,0x00,0x00,0x00,0x00,0x00,0x00,0x00,0x00,0x00,0x00,0x00,0x00,0x00,0x00,0x00,0x00,0x00,0x00,0x00,0x00,0x00,0x00,0x00,0x00,0x00,
    0x00,0x00,0x00,0x00,0x00,0x00,0x00,0x00,0x00,0x00,0x00,0x00,0x00,0x00,0x00,0x00,0x00,0x00,0x00,0x00,0x00,0x00,0x00,0x00,0x00,0x00,0x00,0x00,0x00,0x00,0x00,0x00,0x00,0x00,0x00,0x00,0x00,0x00,0x00,0x00,0x00,0x00,0x00,0x00,0x00,0x00,0x00,0x00,0x00,0x03,0x0e,0x51,0x88,0x85,0x85,0x85,0x85,0x85,0x85,0x85,0x85,0x82,0x78,0x78,0x78,0x75,0x79,0x7a,0x77,0x7b,0x79,0x78,0x85,0x85,0x85,0x85,0x85,0x85,0x88,0x79,0x9f,0x76,0x77,0x79,0x78,0x78,0x82,0x76,0x82,0x85,0x85,0x85,0x85,0x85,0x88,0x85,0x17,0x00,0x03,0x00,0x00,0x00,0x00,0x00,0x00,0x00,0x00,0x00,0x00,0x00,0x00,0x00,0x00,0x00,0x00,0x00,0x00,0x00,0x00,0x00,0x00,0x00,0x00,0x00,0x00,0x00,0x00,0x00,0x00,0x00,0x00,0x00,0x00,0x00,0x00,0x00,0x00,0x00,0x00,0x00,0x00,0x00,0x00,0x00,
    0x00,0x00,0x00,0x00,0x00,0x00,0x00,0x00,0x00,0x00,0x00,0x00,0x00,0x00,0x00,0x00,0x00,0x00,0x00,0x00,0x00,0x00,0x00,0x00,0x00,0x00,0x00,0x00,0x00,0x00,0x00,0x00,0x00,0x00,0x00,0x00,0x00,0x00,0x00,0x00,0x00,0x00,0x00,0x00,0x00,0x00,0x00,0x00,0x00,0x03,0x00,0x51,0x6a,0x88,0x85,0x85,0x85,0x85,0x85,0x85,0x85,0x85,0x78,0x78,0x78,0x78,0x78,0x7e,0x79,0x7b,0xba,0x32,0x75,0x88,0x85,0x85,0x85,0x85,0x88,0x7a,0xf8,0xd4,0x77,0x7d,0x75,0x78,0x82,0x85,0x85,0x85,0x85,0x85,0x76,0x87,0x09,0x85,0x10,0x11,0x03,0x01,0x00,0x00,0x00,0x00,0x00,0x00,0x00,0x00,0x00,0x00,0x00,0x00,0x00,0x00,0x00,0x00,0x00,0x00,0x00,0x00,0x00,0x00,0x00,0x00,0x00,0x00,0x00,0x00,0x00,0x00,0x00,0x00,0x00,0x00,0x00,0x00,0x00,0x00,0x00,0x00,0x00,0x00,0x00,0x00,
    0x00,0x00,0x00,0x00,0x00,0x00,0x00,0x00,0x00,0x00,0x00,0x00,0x00,0x00,0x00,0x00,0x00,0x00,0x00,0x00,0x00,0x00,0x00,0x00,0x00,0x00,0x00,0x00,0x00,0x00,0x00,0x00,0x00,0x00,0x00,0x00,0x00,0x00,0x00,0x00,0x00,0x00,0x00,0x00,0x00,0x00,0x00,0x00,0x00,0x03,0x00,0x0f,0x12,0x78,0x85,0x85,0x85,0x85,0x85,0x85,0x85,0x82,0x78,0x78,0x78,0x78,0x78,0x87,0x79,0xd9,0xc2,0xb7,0x7e,0x85,0x76,0x76,0x85,0x85,0x88,0x7d,0xd4,0xc6,0x79,0x78,0x79,0x75,0x82,0x82,0x82,0x82,0x76,0x82,0x75,0x75,0x75,0x38,0x10,0x11,0x01,0x00,0x00,0x00,0x00,0x00,0x00,0x00,0x00,0x00,0x00,0x00,0x00,0x00,0x00,0x00,0x00,0x00,0x00,0x00,0x00,0x00,0x00,0x00,0x00,0x00,0x00,0x00,0x00,0x00,0x00,0x00,0x00,0x00,0x00,0x00,0x00,0x00,0x00,0x00,0x00,0x00,0x00,0x00,0x00,0x00,
    0x00,0x00,0x00,0x00,0x00,0x00,0x00,0x00,0x00,0x00,0x00,0x00,0x00,0x00,0x00,0x00,0x00,0x00,0x00,0x00,0x00,0x00,0x00,0x00,0x00,0x00,0x00,0x00,0x00,0x00,0x00,0x00,0x00,0x00,0x00,0x00,0x00,0x00,0x00,0x00,0x00,0x00,0x00,0x00,0x00,0x00,0x00,0x00,0x00,0x00,0x03,0x03,0x26,0x1d,0x82,0x87,0x76,0x87,0x85,0x76,0x82,0x78,0x78,0x78,0x78,0x78,0x78,0x79,0x7d,0x7e,0xab,0x7e,0x78,0x78,0x78,0x78,0x82,0x78,0x82,0x75,0xb7,0xb7,0x78,0x85,0x75,0x7d,0x7e,0x78,0x78,0x78,0x78,0x09,0x09,0x7e,0x38,0x0c,0x00,0x00,0x00,0x00,0x00,0x00,0x00,0x00,0x00,0x00,0x00,0x00,0x00,0x00,0x00,0x00,0x00,0x00,0x00,0x00,0x00,0x00,0x00,0x00,0x00,0x00,0x00,0x00,0x00,0x00,0x00,0x00,0x00,0x00,0x00,0x00,0x00,0x00,0x00,0x00,0x00,0x00,0x00,0x00,0x00,0x00,0x00,0x00,
    0x00,0x00,0x00,0x00,0x00,0x00,0x00,0x00,0x00,0x00,0x00,0x00,0x00,0x00,0x00,0x00,0x00,0x00,0x00,0x00,0x00,0x00,0x00,0x00,0x00,0x00,0x00,0x00,0x00,0x00,0x00,0x00,0x00,0x00,0x00,0x00,0x00,0x00,0x00,0x00,0x00,0x00,0x00,0x00,0x00,0x00,0x00,0x00,0x00,0x00,0x01,0x00,0x11,0x51,0x1d,0x82,0x85,0x78,0x82,0x78,0x78,0x78,0x78,0x78,0x78,0x7e,0x79,0x7e,0x88,0x82,0x75,0x87,0x78,0x78,0x78,0x78,0x78,0x78,0x78,0x78,0x7e,0x7e,0x87,0x78,0x78,0x78,0x7d,0x79,0x7e,0x75,0x78,0x78,0x78,0x38,0x0c,0x00,0x03,0x00,0x00,0x00,0x00,0x00,0x00,0x00,0x00,0x00,0x00,0x00,0x00,0x00,0x00,0x00,0x00,0x00,0x00,0x00,0x00,0x00,0x00,0x00,0x00,0x00,0x00,0x00,0x00,0x00,0x00,0x00,0x00,0x00,0x00,0x00,0x00,0x00,0x00,0x00,0x00,0x00,0x00,0x00,0x00,0x00,0x00,0x00,
    0x00,0x00,0x00,0x00,0x00,0x00,0x00,0x00,0x00,0x00,0x00,0x00,0x00,0x00,0x00,0x00,0x00,0x00,0x00,0x00,0x00,0x00,0x00,0x00,0x00,0x00,0x00,0x00,0x00,0x00,0x00,0x00,0x00,0x00,0x00,0x00,0x00,0x00,0x00,0x00,0x00,0x00,0x00,0x00,0x00,0x00,0x00,0x00,0x00,0x00,0x00,0x03,0x00,0x05,0x18,0x7d,0x7e,0x7e,0x7d,0x79,0x7a,0x79,0x79,0x79,0x79,0x79,0x75,0x82,0x82,0x78,0x87,0x82,0x78,0x78,0x78,0x78,0x78,0x78,0x78,0x78,0x82,0x82,0x78,0x78,0x78,0x78,0x78,0x7e,0x7d,0x7e,0x1d,0x17,0x14,0x05,0x00,0x03,0x00,0x00,0x00,0x00,0x00,0x00,0x00,0x00,0x00,0x00,0x00,0x00,0x00,0x00,0x00,0x00,0x00,0x00,0x00,0x00,0x00,0x00,0x00,0x00,0x00,0x00,0x00,0x00,0x00,0x00,0x00,0x00,0x00,0x00,0x00,0x00,0x00,0x00,0x00,0x00,0x00,0x00,0x00,0x00,0x00,0x00,0x00,0x00,
    0x00,0x00,0x00,0x00,0x00,0x00,0x00,0x00,0x00,0x00,0x00,0x00,0x00,0x00,0x00,0x00,0x00,0x00,0x00,0x00,0x00,0x00,0x00,0x00,0x00,0x00,0x00,0x00,0x00,0x00,0x00,0x00,0x00,0x00,0x00,0x00,0x00,0x00,0x00,0x00,0x00,0x00,0x00,0x00,0x00,0x00,0x00,0x00,0x00,0x00,0x00,0x00,0x0e,0x00,0x28,0x7e,0x7e,0x7a,0x7b,0x77,0x77,0x77,0x79,0x7d,0x7a,0x7e,0x87,0x78,0x78,0x78,0x78,0x78,0x78,0x78,0x78,0x78,0x78,0x78,0x78,0x78,0x78,0x78,0x78,0x78,0x78,0x82,0x82,0x78,0x09,0x82,0x1e,0x18,0x00,0x00,0x03,0x00,0x00,0x00,0x00,0x00,0x00,0x00,0x00,0x00,0x00,0x00,0x00,0x00,0x00,0x00,0x00,0x00,0x00,0x00,0x00,0x00,0x00,0x00,0x00,0x00,0x00,0x00,0x00,0x00,0x00,0x00,0x00,0x00,0x00,0x00,0x00,0x00,0x00,0x00,0x00,0x00,0x00,0x00,0x00,0x00,0x00,0x00,0x00,0x00,
    0x00,0x00,0x00,0x00,0x00,0x00,0x00,0x00,0x00,0x00,0x00,0x00,0x00,0x00,0x00,0x00,0x00,0x00,0x00,0x00,0x00,0x00,0x00,0x00,0x00,0x00,0x00,0x00,0x00,0x00,0x00,0x00,0x00,0x00,0x00,0x00,0x00,0x00,0x00,0x00,0x00,0x00,0x00,0x00,0x00,0x00,0x00,0x00,0x00,0x00,0x00,0x00,0x0e,0x03,0x17,0x75,0x09,0x75,0x7e,0x7e,0x7e,0x75,0x82,0x78,0x78,0x79,0x79,0x7e,0x78,0x78,0x78,0x78,0x78,0x78,0x78,0x78,0x78,0x78,0x78,0x78,0x78,0x78,0x78,0x78,0x78,0x82,0x82,0x78,0x78,0x09,0x75,0x18,0x0e,0x0e,0x00,0x00,0x00,0x00,0x00,0x00,0x00,0x00,0x00,0x00,0x00,0x00,0x00,0x00,0x00,0x00,0x00,0x00,0x00,0x00,0x00,0x00,0x00,0x00,0x00,0x00,0x00,0x00,0x00,0x00,0x00,0x00,0x00,0x00,0x00,0x00,0x00,0x00,0x00,0x00,0x00,0x00,0x00,0x00,0x00,0x00,0x00,0x00,0x00,0x00,
    0x00,0x00,0x00,0x00,0x00,0x00,0x00,0x00,0x00,0x00,0x00,0x00,0x00,0x00,0x00,0x00,0x00,0x00,0x00,0x00,0x00,0x00,0x00,0x00,0x00,0x00,0x00,0x00,0x00,0x00,0x00,0x00,0x00,0x00,0x00,0x00,0x00,0x00,0x00,0x00,0x00,0x00,0x00,0x00,0x00,0x00,0x00,0x00,0x00,0x00,0x00,0x01,0x01,0x0e,0x12,0x88,0x85,0x85,0x85,0x85,0x87,0x82,0x78,0x78,0x78,0x78,0x7e,0x7a,0x7a,0x7e,0x82,0x78,0x78,0x78,0x78,0x78,0x78,0x78,0x78,0x78,0x78,0x78,0x78,0x78,0x78,0x78,0x78,0x78,0x78,0x09,0x82,0x17,0x01,0x03,0x00,0x00,0x00,0x00,0x00,0x00,0x00,0x00,0x00,0x00,0x00,0x00,0x00,0x00,0x00,0x00,0x00,0x00,0x00,0x00,0x00,0x00,0x00,0x00,0x00,0x00,0x00,0x00,0x00,0x00,0x00,0x00,0x00,0x00,0x00,0x00,0x00,0x00,0x00,0x00,0x00,0x00,0x00,0x00,0x00,0x00,0x00,0x00,0x00,0x00,
    0x00,0x00,0x00,0x00,0x00,0x00,0x00,0x00,0x00,0x00,0x00,0x00,0x00,0x00,0x00,0x00,0x00,0x00,0x00,0x00,0x00,0x00,0x00,0x00,0x00,0x00,0x00,0x00,0x00,0x00,0x00,0x00,0x00,0x00,0x00,0x00,0x00,0x00,0x00,0x00,0x00,0x00,0x00,0x00,0x00,0x00,0x00,0x00,0x00,0x00,0x00,0x03,0x00,0x0f,0x09,0x88,0x85,0x85,0x76,0x82,0x78,0x75,0x78,0x78,0x78,0x78,0x78,0x75,0x7d,0x7a,0x79,0x7e,0x78,0x78,0x78,0x78,0x78,0x78,0x78,0x78,0x78,0x78,0x78,0x78,0x78,0x78,0x78,0x78,0x78,0x78,0x82,0x12,0x00,0x00,0x00,0x00,0x00,0x00,0x00,0x00,0x00,0x00,0x00,0x00,0x00,0x00,0x00,0x00,0x00,0x00,0x00,0x00,0x00,0x00,0x00,0x00,0x00,0x00,0x00,0x00,0x00,0x00,0x00,0x00,0x00,0x00,0x00,0x00,0x00,0x00,0x00,0x00,0x00,0x00,0x00,0x00,0x00,0x00,0x00,0x00,0x00,0x00,0x00,0x00,
    0x00,0x00,0x00,0x00,0x00,0x00,0x00,0x00,0x00,0x00,0x00,0x00,0x00,0x00,0x00,0x00,0x00,0x00,0x00,0x00,0x00,0x00,0x00,0x00,0x00,0x00,0x00,0x00,0x00,0x00,0x00,0x00,0x00,0x00,0x00,0x00,0x00,0x00,0x00,0x00,0x00,0x00,0x00,0x00,0x00,0x00,0x00,0x00,0x00,0x00,0x00,0x0e,0x03,0x18,0x82,0x88,0x85,0x85,0x85,0x85,0x76,0x82,0x82,0x78,0x78,0x78,0x78,0x78,0x78,0x75,0x7d,0x79,0x79,0x79,0x79,0x79,0x79,0x79,0x7d,0x7e,0x7e,0x7e,0x78,0x78,0x78,0x78,0x78,0x78,0x78,0x78,0x85,0x09,0x28,0x11,0x03,0x01,0x00,0x00,0x00,0x00,0x00,0x00,0x00,0x00,0x00,0x00,0x00,0x00,0x00,0x00,0x00,0x00,0x00,0x00,0x00,0x00,0x00,0x00,0x00,0x00,0x00,0x00,0x00,0x00,0x00,0x00,0x00,0x00,0x00,0x00,0x00,0x00,0x00,0x00,0x00,0x00,0x00,0x00,0x00,0x00,0x00,0x00,0x00,0x00,
    0x00,0x00,0x00,0x00,0x00,0x00,0x00,0x00,0x00,0x00,0x00,0x00,0x00,0x00,0x00,0x00,0x00,0x00,0x00,0x00,0x00,0x00,0x00,0x00,0x00,0x00,0x00,0x00,0x00,0x00,0x00,0x00,0x00,0x00,0x00,0x00,0x00,0x00,0x00,0x00,0x00,0x00,0x00,0x00,0x00,0x00,0x00,0x00,0x00,0x00,0x03,0x01,0x26,0x20,0x85,0x88,0x85,0x85,0x85,0x85,0x85,0x76,0x78,0x78,0x78,0x78,0x78,0x78,0x78,0x78,0x78,0x78,0x7e,0x7d,0x79,0x77,0x79,0x79,0x7d,0x7a,0x77,0x77,0x7d,0x7e,0x78,0x78,0x82,0x76,0x85,0x85,0x85,0x88,0x6a,0x0c,0x00,0x0e,0x00,0x00,0x00,0x00,0x00,0x00,0x00,0x00,0x00,0x00,0x00,0x00,0x00,0x00,0x00,0x00,0x00,0x00,0x00,0x00,0x00,0x00,0x00,0x00,0x00,0x00,0x00,0x00,0x00,0x00,0x00,0x00,0x00,0x00,0x00,0x00,0x00,0x00,0x00,0x00,0x00,0x00,0x00,0x00,0x00,0x00,0x00,0x00,
    0x00,0x00,0x00,0x00,0x00,0x00,0x00,0x00,0x00,0x00,0x00,0x00,0x00,0x00,0x00,0x00,0x00,0x00,0x00,0x00,0x00,0x00,0x00,0x00,0x00,0x00,0x00,0x00,0x00,0x00,0x00,0x00,0x00,0x00,0x00,0x00,0x00,0x00,0x00,0x00,0x00,0x00,0x00,0x00,0x00,0x00,0x00,0x00,0x00,0x00,0x03,0x00,0x26,0x1e,0x85,0x88,0x85,0x85,0x85,0x85,0x85,0x78,0x78,0x7e,0x7d,0x79,0x7e,0x78,0x78,0x82,0x82,0x78,0x75,0x7e,0x7e,0x7d,0x7d,0x7d,0x7d,0x7d,0x7e,0x7e,0x82,0x78,0x82,0x76,0x85,0x85,0x85,0x85,0x85,0x88,0x1d,0x14,0x00,0x03,0x00,0x00,0x00,0x00,0x00,0x00,0x00,0x00,0x00,0x00,0x00,0x00,0x00,0x00,0x00,0x00,0x00,0x00,0x00,0x00,0x00,0x00,0x00,0x00,0x00,0x00,0x00,0x00,0x00,0x00,0x00,0x00,0x00,0x00,0x00,0x00,0x00,0x00,0x00,0x00,0x00,0x00,0x00,0x00,0x00,0x00,0x00,0x00,
    0x00,0x00,0x00,0x00,0x00,0x00,0x00,0x00,0x00,0x00,0x00,0x00,0x00,0x00,0x00,0x00,0x00,0x00,0x00,0x00,0x00,0x00,0x00,0x00,0x00,0x00,0x00,0x00,0x00,0x00,0x00,0x00,0x00,0x00,0x00,0x00,0x00,0x00,0x00,0x00,0x00,0x00,0x00,0x00,0x00,0x00,0x00,0x00,0x00,0x00,0x03,0x00,0x26,0x1e,0x85,0x88,0x85,0x85,0x85,0x85,0x87,0x78,0x75,0x7e,0x75,0x7e,0x7e,0x75,0x78,0x85,0x85,0x85,0x87,0x78,0x78,0x78,0x78,0x78,0x78,0x82,0x87,0x82,0x85,0x85,0x85,0x85,0x85,0x85,0x85,0x85,0x85,0x76,0x1d,0x18,0x01,0x00,0x00,0x00,0x00,0x00,0x00,0x00,0x00,0x00,0x00,0x00,0x00,0x00,0x00,0x00,0x00,0x00,0x00,0x00,0x00,0x00,0x00,0x00,0x00,0x00,0x00,0x00,0x00,0x00,0x00,0x00,0x00,0x00,0x00,0x00,0x00,0x00,0x00,0x00,0x00,0x00,0x00,0x00,0x00,0x00,0x00,0x00,0x00,0x00,
    0x00,0x00,0x00,0x00,0x00,0x00,0x00,0x00,0x00,0x00,0x00,0x00,0x00,0x00,0x00,0x00,0x00,0x00,0x00,0x00,0x00,0x00,0x00,0x00,0x00,0x00,0x00,0x00,0x00,0x00,0x00,0x00,0x00,0x00,0x00,0x00,0x00,0x00,0x00,0x00,0x00,0x00,0x00,0x00,0x00,0x00,0x00,0x00,0x00,0x00,0x03,0x00,0x26,0x1e,0x85,0x88,0x85,0x85,0x85,0x85,0x85,0x85,0x85,0x85,0x85,0x85,0x85,0x85,0x76,0x85,0x85,0x85,0x85,0x87,0x82,0x82,0x82,0x82,0x76,0x85,0x85,0x85,0x85,0x85,0x85,0x85,0x85,0x85,0x85,0x85,0x85,0x85,0x1d,0x18,0x01,0x00,0x00,0x00,0x00,0x00,0x00,0x00,0x00,0x00,0x00,0x00,0x00,0x00,0x00,0x00,0x00,0x00,0x00,0x00,0x00,0x00,0x00,0x00,0x00,0x00,0x00,0x00,0x00,0x00,0x00,0x00,0x00,0x00,0x00,0x00,0x00,0x00,0x00,0x00,0x00,0x00,0x00,0x00,0x00,0x00,0x00,0x00,0x00,0x00,
    0x00,0x00,0x00,0x00,0x00,0x00,0x00,0x00,0x00,0x00,0x00,0x00,0x00,0x00,0x00,0x00,0x00,0x00,0x00,0x00,0x00,0x00,0x00,0x00,0x00,0x00,0x00,0x00,0x00,0x00,0x00,0x00,0x00,0x00,0x00,0x00,0x00,0x00,0x00,0x00,0x00,0x00,0x00,0x00,0x00,0x00,0x00,0x00,0x00,0x00,0x03,0x00,0x0c,0x20,0x85,0x88,0x85,0x85,0x85,0x85,0x85,0x85,0x85,0x85,0x85,0x85,0x85,0x85,0x85,0x85,0x85,0x85,0x85,0x85,0x85,0x85,0x85,0x85,0x85,0x85,0x85,0x85,0x85,0x85,0x85,0x85,0x85,0x85,0x85,0x85,0x85,0x82,0x1d,0x05,0x00,0x01,0x00,0x00,0x00,0x00,0x00,0x00,0x00,0x00,0x00,0x00,0x00,0x00,0x00,0x00,0x00,0x00,0x00,0x00,0x00,0x00,0x00,0x00,0x00,0x00,0x00,0x00,0x00,0x00,0x00,0x00,0x00,0x00,0x00,0x00,0x00,0x00,0x00,0x00,0x00,0x00,0x00,0x00,0x00,0x00,0x00,0x00,0x00,0x00,
    0x00,0x00,0x00,0x00,0x00,0x00,0x00,0x00,0x00,0x00,0x00,0x00,0x00,0x00,0x00,0x00,0x00,0x00,0x00,0x00,0x00,0x00,0x00,0x00,0x00,0x00,0x00,0x00,0x00,0x00,0x00,0x00,0x00,0x00,0x00,0x00,0x00,0x00,0x00,0x00,0x00,0x00,0x00,0x00,0x00,0x00,0x00,0x00,0x00,0x00,0x0e,0x00,0x28,0x12,0x07,0x09,0x85,0x85,0x85,0x85,0x85,0x85,0x85,0x85,0x85,0x85,0x85,0x85,0x85,0x85,0x85,0x85,0x85,0x85,0x85,0x85,0x85,0x85,0x85,0x85,0x85,0x85,0x85,0x76,0x76,0x85,0x85,0x85,0x85,0x85,0x82,0x78,0x38,0x11,0x00,0x01,0x00,0x00,0x00,0x00,0x00,0x00,0x00,0x00,0x00,0x00,0x00,0x00,0x00,0x00,0x00,0x00,0x00,0x00,0x00,0x00,0x00,0x00,0x00,0x00,0x00,0x00,0x00,0x00,0x00,0x00,0x00,0x00,0x00,0x00,0x00,0x00,0x00,0x00,0x00,0x00,0x00,0x00,0x00,0x00,0x00,0x00,0x00,0x00,
    0x00,0x00,0x00,0x00,0x00,0x00,0x00,0x00,0x00,0x00,0x00,0x00,0x00,0x00,0x00,0x00,0x00,0x00,0x00,0x00,0x00,0x00,0x00,0x00,0x00,0x00,0x00,0x00,0x00,0x00,0x00,0x00,0x00,0x00,0x00,0x00,0x00,0x00,0x00,0x00,0x00,0x00,0x00,0x00,0x00,0x00,0x00,0x00,0x00,0x00,0x01,0x03,0x13,0x18,0x7a,0x09,0x85,0x88,0x85,0x85,0x82,0x78,0x78,0x78,0x78,0x82,0x85,0x85,0x85,0x85,0x85,0x85,0x85,0x85,0x85,0x85,0x85,0x85,0x85,0x88,0x85,0x85,0x82,0x7e,0x7e,0x75,0x75,0x78,0x78,0x82,0x09,0x75,0x1e,0x11,0x03,0x00,0x00,0x00,0x00,0x00,0x00,0x00,0x00,0x00,0x00,0x00,0x00,0x00,0x00,0x00,0x00,0x00,0x00,0x00,0x00,0x00,0x00,0x00,0x00,0x00,0x00,0x00,0x00,0x00,0x00,0x00,0x00,0x00,0x00,0x00,0x00,0x00,0x00,0x00,0x00,0x00,0x00,0x00,0x00,0x00,0x00,0x00,0x00,0x00,
    0x00,0x00,0x00,0x00,0x00,0x00,0x00,0x00,0x00,0x00,0x00,0x00,0x00,0x00,0x00,0x00,0x00,0x00,0x00,0x00,0x00,0x00,0x00,0x00,0x00,0x00,0x00,0x00,0x00,0x00,0x00,0x00,0x00,0x00,0x00,0x00,0x00,0x00,0x00,0x00,0x00,0x00,0x00,0x00,0x00,0x00,0x00,0x00,0x00,0x00,0x00,0x00,0x00,0x00,0x17,0x7d,0x09,0x7e,0x7d,0x79,0x77,0x77,0x77,0x77,0x77,0x77,0x7a,0x7d,0x82,0x76,0x85,0x85,0x85,0x85,0x85,0x85,0x85,0x87,0x82,0x75,0x7e,0x79,0x79,0x77,0x77,0x77,0x77,0x77,0x77,0x77,0x7e,0x7e,0x14,0x00,0x0e,0x00,0x00,0x00,0x00,0x00,0x00,0x00,0x00,0x00,0x00,0x00,0x00,0x00,0x00,0x00,0x00,0x00,0x00,0x00,0x00,0x00,0x00,0x00,0x00,0x00,0x00,0x00,0x00,0x00,0x00,0x00,0x00,0x00,0x00,0x00,0x00,0x00,0x00,0x00,0x00,0x00,0x00,0x00,0x00,0x00,0x00,0x00,0x00,0x00,
    0x00,0x00,0x00,0x00,0x00,0x00,0x00,0x00,0x00,0x00,0x00,0x00,0x00,0x00,0x00,0x00,0x00,0x00,0x00,0x00,0x00,0x00,0x00,0x00,0x00,0x00,0x00,0x00,0x00,0x00,0x00,0x00,0x00,0x00,0x00,0x00,0x00,0x00,0x00,0x00,0x00,0x00,0x00,0x00,0x00,0x00,0x00,0x00,0x00,0x00,0x00,0x00,0x0e,0x00,0x0c,0x79,0x77,0x77,0x77,0x77,0x77,0x7a,0x77,0x77,0x7a,0x79,0x7a,0x79,0x79,0x7d,0x7d,0x79,0x79,0x79,0x79,0x79,0x79,0x77,0x77,0x7b,0x7b,0x77,0x77,0x77,0x7a,0x79,0x79,0x79,0x7a,0x77,0x79,0x1d,0x13,0x00,0x01,0x00,0x00,0x00,0x00,0x00,0x00,0x00,0x00,0x00,0x00,0x00,0x00,0x00,0x00,0x00,0x00,0x00,0x00,0x00,0x00,0x00,0x00,0x00,0x00,0x00,0x00,0x00,0x00,0x00,0x00,0x00,0x00,0x00,0x00,0x00,0x00,0x00,0x00,0x00,0x00,0x00,0x00,0x00,0x00,0x00,0x00,0x00,0x00,0x00,
    0x00,0x00,0x00,0x00,0x00,0x00,0x00,0x00,0x00,0x00,0x00,0x00,0x00,0x00,0x00,0x00,0x00,0x00,0x00,0x00,0x00,0x00,0x00,0x00,0x00,0x00,0x00,0x00,0x00,0x00,0x00,0x00,0x00,0x00,0x00,0x00,0x00,0x00,0x00,0x00,0x00,0x00,0x00,0x00,0x00,0x00,0x00,0x00,0x00,0x00,0x00,0x00,0x01,0x01,0x05,0x28,0x38,0x79,0x7d,0x7e,0x7e,0x75,0x75,0x78,0x88,0x88,0x88,0x88,0x85,0x76,0x82,0x75,0x7d,0x7d,0x7a,0x7a,0x7a,0x79,0x7d,0x7d,0x7d,0x7d,0x7d,0x7d,0x75,0x75,0x7d,0x7d,0x7d,0x7d,0x7e,0x14,0x00,0x0e,0x00,0x00,0x00,0x00,0x00,0x00,0x00,0x00,0x00,0x00,0x00,0x00,0x00,0x00,0x00,0x00,0x00,0x00,0x00,0x00,0x00,0x00,0x00,0x00,0x00,0x00,0x00,0x00,0x00,0x00,0x00,0x00,0x00,0x00,0x00,0x00,0x00,0x00,0x00,0x00,0x00,0x00,0x00,0x00,0x00,0x00,0x00,0x00,0x00,0x00,
    0x00,0x00,0x00,0x00,0x00,0x00,0x00,0x00,0x00,0x00,0x00,0x00,0x00,0x00,0x00,0x00,0x00,0x00,0x00,0x00,0x00,0x00,0x00,0x00,0x00,0x00,0x00,0x00,0x00,0x00,0x00,0x00,0x00,0x00,0x00,0x00,0x00,0x00,0x00,0x00,0x00,0x00,0x00,0x00,0x00,0x00,0x00,0x00,0x00,0x00,0x00,0x00,0x00,0x00,0x00,0x00,0x19,0x82,0x09,0x78,0x85,0x85,0x85,0x85,0x88,0x88,0x8e,0x88,0x85,0x85,0x88,0x88,0x88,0x8e,0x8e,0x8e,0x8e,0x88,0x8e,0x88,0x88,0x85,0x85,0x85,0x85,0x87,0x82,0x78,0x75,0x09,0x87,0x51,0x03,0x0e,0x00,0x00,0x00,0x00,0x00,0x00,0x00,0x00,0x00,0x00,0x00,0x00,0x00,0x00,0x00,0x00,0x00,0x00,0x00,0x00,0x00,0x00,0x00,0x00,0x00,0x00,0x00,0x00,0x00,0x00,0x00,0x00,0x00,0x00,0x00,0x00,0x00,0x00,0x00,0x00,0x00,0x00,0x00,0x00,0x00,0x00,0x00,0x00,0x00,0x00,
    0x00,0x00,0x00,0x00,0x00,0x00,0x00,0x00,0x00,0x00,0x00,0x00,0x00,0x00,0x00,0x00,0x00,0x00,0x00,0x00,0x00,0x00,0x00,0x00,0x00,0x00,0x00,0x00,0x00,0x00,0x00,0x00,0x00,0x00,0x00,0x00,0x00,0x00,0x00,0x00,0x00,0x00,0x00,0x00,0x00,0x00,0x00,0x00,0x00,0x00,0x00,0x00,0x00,0x00,0x0e,0x03,0x19,0x78,0x09,0x82,0x88,0x85,0x88,0x85,0x85,0x88,0x8e,0x8e,0x8e,0x8e,0x88,0x8e,0x8e,0x8e,0x8e,0x8e,0x8e,0x8e,0x8e,0x8e,0x88,0x88,0x85,0x88,0x85,0x85,0x85,0x85,0x78,0x09,0x09,0x19,0x0f,0x00,0x03,0x00,0x00,0x00,0x00,0x00,0x00,0x00,0x00,0x00,0x00,0x00,0x00,0x00,0x00,0x00,0x00,0x00,0x00,0x00,0x00,0x00,0x00,0x00,0x00,0x00,0x00,0x00,0x00,0x00,0x00,0x00,0x00,0x00,0x00,0x00,0x00,0x00,0x00,0x00,0x00,0x00,0x00,0x00,0x00,0x00,0x00,0x00,0x00,0x00,
    0x00,0x00,0x00,0x00,0x00,0x00,0x00,0x00,0x00,0x00,0x00,0x00,0x00,0x00,0x00,0x00,0x00,0x00,0x00,0x00,0x00,0x00,0x00,0x00,0x00,0x00,0x00,0x00,0x00,0x00,0x00,0x00,0x00,0x00,0x00,0x00,0x00,0x00,0x00,0x00,0x00,0x00,0x00,0x00,0x00,0x00,0x00,0x00,0x00,0x00,0x00,0x00,0x00,0x00,0x03,0x00,0x20,0x09,0x09,0x88,0x8e,0x8e,0x8e,0x8e,0x8e,0x8e,0x8e,0x8e,0x8e,0x8e,0x8e,0x8e,0x8e,0x8e,0x8e,0x8e,0x8e,0x8e,0x8e,0x8e,0x8e,0x8e,0x88,0x8e,0x88,0x88,0x88,0x88,0x85,0x87,0x78,0x19,0x13,0x00,0x00,0x00,0x00,0x00,0x00,0x00,0x00,0x00,0x00,0x00,0x00,0x00,0x00,0x00,0x00,0x00,0x00,0x00,0x00,0x00,0x00,0x00,0x00,0x00,0x00,0x00,0x00,0x00,0x00,0x00,0x00,0x00,0x00,0x00,0x00,0x00,0x00,0x00,0x00,0x00,0x00,0x00,0x00,0x00,0x00,0x00,0x00,0x00,0x00,0x00,
    0x00,0x00,0x00,0x00,0x00,0x00,0x00,0x00,0x00,0x00,0x00,0x00,0x00,0x00,0x00,0x00,0x00,0x00,0x00,0x00,0x00,0x00,0x00,0x00,0x00,0x00,0x00,0x00,0x00,0x00,0x00,0x00,0x00,0x00,0x00,0x00,0x00,0x00,0x00,0x00,0x00,0x00,0x00,0x00,0x00,0x00,0x00,0x00,0x00,0x00,0x00,0x00,0x00,0x00,0x0e,0x00,0x18,0x82,0xd6,0x88,0x8e,0x82,0x82,0x76,0x76,0x82,0x82,0x88,0x8e,0x8e,0x93,0x93,0x93,0x88,0x8e,0x93,0x93,0x93,0x93,0x93,0x8e,0x8e,0x76,0x82,0xd6,0xd6,0x7d,0x82,0x85,0x38,0x12,0x10,0x00,0x01,0x00,0x00,0x00,0x00,0x00,0x00,0x00,0x00,0x00,0x00,0x00,0x00,0x00,0x00,0x00,0x00,0x00,0x00,0x00,0x00,0x00,0x00,0x00,0x00,0x00,0x00,0x00,0x00,0x00,0x00,0x00,0x00,0x00,0x00,0x00,0x00,0x00,0x00,0x00,0x00,0x00,0x00,0x00,0x00,0x00,0x00,0x00,0x00,0x00,0x00,
    0x00,0x00,0x00,0x00,0x00,0x00,0x00,0x00,0x00,0x00,0x00,0x00,0x00,0x00,0x00,0x00,0x00,0x00,0x00,0x00,0x00,0x00,0x00,0x00,0x00,0x00,0x00,0x00,0x00,0x00,0x00,0x00,0x00,0x00,0x00,0x00,0x00,0x00,0x00,0x00,0x00,0x00,0x00,0x00,0x00,0x00,0x00,0x00,0x00,0x00,0x00,0x00,0x00,0x00,0x01,0x00,0x0e,0x28,0x18,0x10,0x6a,0xdc,0xdc,0xc0,0x32,0xdd,0xdd,0xdd,0x87,0x78,0x87,0x87,0x87,0x8e,0x93,0x75,0x75,0x82,0x78,0x7d,0x7e,0x78,0xdd,0xaa,0xc0,0xdc,0xdc,0x19,0x28,0x05,0x0c,0x13,0x00,0x01,0x00,0x00,0x00,0x00,0x00,0x00,0x00,0x00,0x00,0x00,0x00,0x00,0x00,0x00,0x00,0x00,0x00,0x00,0x00,0x00,0x00,0x00,0x00,0x00,0x00,0x00,0x00,0x00,0x00,0x00,0x00,0x00,0x00,0x00,0x00,0x00,0x00,0x00,0x00,0x00,0x00,0x00,0x00,0x00,0x00,0x00,0x00,0x00,0x00,0x00,
    0x00,0x00,0x00,0x00,0x00,0x00,0x00,0x00,0x00,0x00,0x00,0x00,0x00,0x00,0x00,0x00,0x00,0x00,0x00,0x00,0x00,0x00,0x00,0x00,0x00,0x00,0x00,0x00,0x00,0x00,0x00,0x00,0x00,0x00,0x00,0x00,0x00,0x00,0x00,0x00,0x00,0x00,0x00,0x00,0x00,0x00,0x00,0x00,0x00,0x00,0x00,0x00,0x00,0x00,0x00,0x00,0x00,0x00,0x02,0x24,0x58,0x6e,0xdf,0x5f,0xdf,0xdf,0xbd,0xb0,0xae,0xf3,0x43,0x43,0x52,0x6a,0x6a,0x15,0x52,0x52,0x43,0xa3,0xd7,0x29,0xbd,0xbd,0xdf,0xdf,0x5f,0x34,0x00,0x00,0x00,0x00,0x00,0x00,0x00,0x00,0x00,0x00,0x00,0x00,0x00,0x00,0x00,0x00,0x00,0x00,0x00,0x00,0x00,0x00,0x00,0x00,0x00,0x00,0x00,0x00,0x00,0x00,0x00,0x00,0x00,0x00,0x00,0x00,0x00,0x00,0x00,0x00,0x00,0x00,0x00,0x00,0x00,0x00,0x00,0x00,0x00,0x00,0x00,0x00,0x00,0x00,0x00,0x00,
    0x00,0x00,0x00,0x00,0x00,0x00,0x00,0x00,0x00,0x00,0x00,0x00,0x00,0x00,0x00,0x00,0x00,0x00,0x00,0x00,0x00,0x00,0x00,0x00,0x00,0x00,0x00,0x00,0x00,0x00,0x00,0x00,0x00,0x00,0x00,0x00,0x00,0x00,0x00,0x00,0x00,0x00,0x00,0x00,0x00,0x00,0x00,0x00,0x00,0x00,0x00,0x00,0x00,0x00,0x00,0x00,0x01,0x0e,0x0e,0x01,0x0f,0x52,0xbd,0xcf,0xda,0x8b,0x86,0x94,0x94,0x94,0xad,0xee,0xdf,0x3b,0x3d,0x5f,0xdf,0xee,0x74,0x91,0x91,0x91,0x06,0x06,0x8f,0xda,0xd7,0x64,0x0a,0x0e,0x01,0x01,0x00,0x00,0x00,0x00,0x00,0x00,0x00,0x00,0x00,0x00,0x00,0x00,0x00,0x00,0x00,0x00,0x00,0x00,0x00,0x00,0x00,0x00,0x00,0x00,0x00,0x00,0x00,0x00,0x00,0x00,0x00,0x00,0x00,0x00,0x00,0x00,0x00,0x00,0x00,0x00,0x00,0x00,0x00,0x00,0x00,0x00,0x00,0x00,0x00,0x00,0x00,0x00,
    0x00,0x00,0x00,0x00,0x00,0x00,0x00,0x00,0x00,0x00,0x00,0x00,0x00,0x00,0x00,0x00,0x00,0x00,0x00,0x00,0x00,0x00,0x00,0x00,0x00,0x00,0x00,0x00,0x00,0x00,0x00,0x00,0x00,0x00,0x00,0x00,0x00,0x00,0x00,0x00,0x00,0x00,0x00,0x00,0x00,0x00,0x00,0x00,0x00,0x00,0x00,0x00,0x00,0x00,0x00,0x00,0x00,0x00,0x0a,0x01,0x64,0x0b,0x8b,0x04,0x06,0x8f,0x8f,0x74,0x8c,0x7f,0x74,0x7f,0xae,0x2b,0x3b,0x43,0xcf,0xcd,0x74,0x8c,0x8c,0x7f,0xcd,0x8d,0x8d,0x04,0x1f,0x58,0x25,0x00,0x02,0x00,0x00,0x00,0x00,0x00,0x00,0x00,0x00,0x00,0x00,0x00,0x00,0x00,0x00,0x00,0x00,0x00,0x00,0x00,0x00,0x00,0x00,0x00,0x00,0x00,0x00,0x00,0x00,0x00,0x00,0x00,0x00,0x00,0x00,0x00,0x00,0x00,0x00,0x00,0x00,0x00,0x00,0x00,0x00,0x00,0x00,0x00,0x00,0x00,0x00,0x00,0x00,0x00,
    0x00,0x00,0x00,0x00,0x00,0x00,0x00,0x00,0x00,0x00,0x00,0x00,0x00,0x00,0x00,0x00,0x00,0x00,0x00,0x00,0x00,0x00,0x00,0x00,0x00,0x00,0x00,0x00,0x00,0x00,0x00,0x00,0x00,0x00,0x00,0x00,0x00,0x00,0x00,0x00,0x00,0x00,0x00,0x00,0x00,0x00,0x00,0x00,0x00,0x00,0x00,0x00,0x00,0x00,0x00,0x00,0x00,0x00,0x02,0x00,0x34,0x59,0x04,0x8d,0x8d,0x8b,0x74,0x74,0x7f,0x7f,0xcd,0x04,0xd7,0x23,0x35,0x56,0x99,0x04,0x8f,0x8b,0x80,0x7f,0x7f,0x7f,0x7f,0x74,0x1f,0x49,0x1c,0x02,0x02,0x00,0x00,0x00,0x00,0x00,0x00,0x00,0x00,0x00,0x00,0x00,0x00,0x00,0x00,0x00,0x00,0x00,0x00,0x00,0x00,0x00,0x00,0x00,0x00,0x00,0x00,0x00,0x00,0x00,0x00,0x00,0x00,0x00,0x00,0x00,0x00,0x00,0x00,0x00,0x00,0x00,0x00,0x00,0x00,0x00,0x00,0x00,0x00,0x00,0x00,0x00,0x00,0x00,
    0x00,0x00,0x00,0x00,0x00,0x00,0x00,0x00,0x00,0x00,0x00,0x00,0x00,0x00,0x00,0x00,0x00,0x00,0x00,0x00,0x00,0x00,0x00,0x00,0x00,0x00,0x00,0x00,0x00,0x00,0x00,0x00,0x00,0x00,0x00,0x00,0x00,0x00,0x00,0x00,0x00,0x00,0x00,0x00,0x00,0x00,0x00,0x00,0x00,0x00,0x00,0x00,0x00,0x00,0x00,0x00,0x00,0x00,0x08,0x00,0x3b,0x2a,0x9d,0x80,0x7f,0x7f,0x7f,0x7f,0x7f,0x74,0x8d,0x99,0xb1,0x05,0x00,0x31,0x04,0x04,0x06,0x8f,0x74,0x7f,0x7f,0x7f,0x7f,0x86,0x0b,0x34,0x00,0x00,0x00,0x00,0x00,0x00,0x00,0x00,0x00,0x00,0x00,0x00,0x00,0x00,0x00,0x00,0x00,0x00,0x00,0x00,0x00,0x00,0x00,0x00,0x00,0x00,0x00,0x00,0x00,0x00,0x00,0x00,0x00,0x00,0x00,0x00,0x00,0x00,0x00,0x00,0x00,0x00,0x00,0x00,0x00,0x00,0x00,0x00,0x00,0x00,0x00,0x00,0x00,0x00,0x00,0x00,
    0x00,0x00,0x00,0x00,0x00,0x00,0x00,0x00,0x00,0x00,0x00,0x00,0x00,0x00,0x00,0x00,0x00,0x00,0x00,0x00,0x00,0x00,0x00,0x00,0x00,0x00,0x00,0x00,0x00,0x00,0x00,0x00,0x00,0x00,0x00,0x00,0x00,0x00,0x00,0x00,0x00,0x00,0x00,0x00,0x00,0x00,0x00,0x00,0x00,0x00,0x00,0x00,0x00,0x00,0x00,0x00,0x00,0x00,0x08,0x00,0x35,0x2a,0x8d,0x8d,0x74,0x7f,0x7f,0x7f,0x7f,0x7f,0xcd,0x04,0x37,0x28,0x40,0x66,0x9d,0x06,0x8d,0x8b,0x8d,0x8b,0x7f,0x8b,0x8f,0x06,0x2a,0x3d,0x02,0x01,0x00,0x00,0x00,0x00,0x00,0x00,0x00,0x00,0x00,0x00,0x00,0x00,0x00,0x00,0x00,0x00,0x00,0x00,0x00,0x00,0x00,0x00,0x00,0x00,0x00,0x00,0x00,0x00,0x00,0x00,0x00,0x00,0x00,0x00,0x00,0x00,0x00,0x00,0x00,0x00,0x00,0x00,0x00,0x00,0x00,0x00,0x00,0x00,0x00,0x00,0x00,0x00,0x00,0x00,
    0x00,0x00,0x00,0x00,0x00,0x00,0x00,0x00,0x00,0x00,0x00,0x00,0x00,0x00,0x00,0x00,0x00,0x00,0x00,0x00,0x00,0x00,0x00,0x00,0x00,0x00,0x00,0x00,0x00,0x00,0x00,0x00,0x00,0x00,0x00,0x00,0x00,0x00,0x00,0x00,0x00,0x00,0x00,0x00,0x00,0x00,0x00,0x00,0x00,0x00,0x00,0x00,0x00,0x00,0x00,0x00,0x00,0x00,0x02,0x00,0x24,0x49,0xc7,0x06,0x8f,0x7f,0x7f,0x7f,0x7f,0x7f,0x8d,0x8d,0x0b,0x39,0x62,0xe5,0xc7,0x86,0x8c,0x80,0x74,0x74,0x7f,0x8d,0x99,0x9d,0x2a,0x21,0x00,0x0a,0x00,0x00,0x00,0x00,0x00,0x00,0x00,0x00,0x00,0x00,0x00,0x00,0x00,0x00,0x00,0x00,0x00,0x00,0x00,0x00,0x00,0x00,0x00,0x00,0x00,0x00,0x00,0x00,0x00,0x00,0x00,0x00,0x00,0x00,0x00,0x00,0x00,0x00,0x00,0x00,0x00,0x00,0x00,0x00,0x00,0x00,0x00,0x00,0x00,0x00,0x00,0x00,0x00,0x00,
    0x00,0x00,0x00,0x00,0x00,0x00,0x00,0x00,0x00,0x00,0x00,0x00,0x00,0x00,0x00,0x00,0x00,0x00,0x00,0x00,0x00,0x00,0x00,0x00,0x00,0x00,0x00,0x00,0x00,0x00,0x00,0x00,0x00,0x00,0x00,0x00,0x00,0x00,0x00,0x00,0x00,0x00,0x00,0x00,0x00,0x00,0x00,0x00,0x00,0x00,0x00,0x00,0x00,0x00,0x00,0x00,0x00,0x00,0x00,0x00,0x1c,0x3d,0x1f,0x04,0x8d,0x7f,0x7f,0x74,0x8d,0x8d,0x8f,0x8d,0xd8,0x39,0x13,0x37,0xaf,0x94,0xcd,0x74,0x7f,0x7f,0x7f,0x8b,0x06,0x04,0x3a,0x35,0x00,0x08,0x00,0x00,0x00,0x00,0x00,0x00,0x00,0x00,0x00,0x00,0x00,0x00,0x00,0x00,0x00,0x00,0x00,0x00,0x00,0x00,0x00,0x00,0x00,0x00,0x00,0x00,0x00,0x00,0x00,0x00,0x00,0x00,0x00,0x00,0x00,0x00,0x00,0x00,0x00,0x00,0x00,0x00,0x00,0x00,0x00,0x00,0x00,0x00,0x00,0x00,0x00,0x00,0x00,0x00,
    0x00,0x00,0x00,0x00,0x00,0x00,0x00,0x00,0x00,0x00,0x00,0x00,0x00,0x00,0x00,0x00,0x00,0x00,0x00,0x00,0x00,0x00,0x00,0x00,0x00,0x00,0x00,0x00,0x00,0x00,0x00,0x00,0x00,0x00,0x00,0x00,0x00,0x00,0x00,0x00,0x00,0x00,0x00,0x00,0x00,0x00,0x00,0x00,0x00,0x00,0x00,0x00,0x00,0x00,0x00,0x00,0x00,0x00,0x00,0x00,0x2f,0x63,0x06,0x06,0xcd,0x80,0x7f,0x74,0x7f,0x8d,0x04,0x97,0x15,0x64,0x1c,0x36,0xe4,0x9a,0x06,0x74,0x7f,0x8b,0x74,0x8d,0x06,0x9a,0x4f,0x35,0x00,0x08,0x00,0x00,0x00,0x00,0x00,0x00,0x00,0x00,0x00,0x00,0x00,0x00,0x00,0x00,0x00,0x00,0x00,0x00,0x00,0x00,0x00,0x00,0x00,0x00,0x00,0x00,0x00,0x00,0x00,0x00,0x00,0x00,0x00,0x00,0x00,0x00,0x00,0x00,0x00,0x00,0x00,0x00,0x00,0x00,0x00,0x00,0x00,0x00,0x00,0x00,0x00,0x00,0x00,0x00,
    0x00,0x00,0x00,0x00,0x00,0x00,0x00,0x00,0x00,0x00,0x00,0x00,0x00,0x00,0x00,0x00,0x00,0x00,0x00,0x00,0x00,0x00,0x00,0x00,0x00,0x00,0x00,0x00,0x00,0x00,0x00,0x00,0x00,0x00,0x00,0x00,0x00,0x00,0x00,0x00,0x00,0x00,0x00,0x00,0x00,0x00,0x00,0x00,0x00,0x00,0x00,0x00,0x00,0x00,0x00,0x00,0x00,0x00,0x00,0x00,0x1c,0x3d,0x06,0x04,0x06,0x8d,0x74,0x74,0x7f,0x7f,0x94,0xaf,0x37,0x64,0x0e,0x58,0x71,0x04,0xcd,0x7f,0x7f,0x8b,0x8f,0x06,0x04,0x8f,0x61,0x54,0x00,0x2f,0x00,0x00,0x00,0x00,0x00,0x00,0x00,0x00,0x00,0x00,0x00,0x00,0x00,0x00,0x00,0x00,0x00,0x00,0x00,0x00,0x00,0x00,0x00,0x00,0x00,0x00,0x00,0x00,0x00,0x00,0x00,0x00,0x00,0x00,0x00,0x00,0x00,0x00,0x00,0x00,0x00,0x00,0x00,0x00,0x00,0x00,0x00,0x00,0x00,0x00,0x00,0x00,0x00,0x00,
    0x00,0x00,0x00,0x00,0x00,0x00,0x00,0x00,0x00,0x00,0x00,0x00,0x00,0x00,0x00,0x00,0x00,0x00,0x00,0x00,0x00,0x00,0x00,0x00,0x00,0x00,0x00,0x00,0x00,0x00,0x00,0x00,0x00,0x00,0x00,0x00,0x00,0x00,0x00,0x00,0x00,0x00,0x00,0x00,0x00,0x00,0x00,0x00,0x00,0x00,0x00,0x00,0x00,0x00,0x00,0x00,0x00,0x00,0x00,0x00,0x1c,0x3d,0xac,0x99,0x04,0x8f,0x8b,0x7f,0x7f,0x8c,0x8a,0xa7,0x36,0x40,0x00,0x3b,0x71,0x94,0x8c,0x74,0x7f,0x74,0x8f,0x8f,0x04,0x8f,0x2a,0x33,0x00,0x02,0x00,0x00,0x00,0x00,0x00,0x00,0x00,0x00,0x00,0x00,0x00,0x00,0x00,0x00,0x00,0x00,0x00,0x00,0x00,0x00,0x00,0x00,0x00,0x00,0x00,0x00,0x00,0x00,0x00,0x00,0x00,0x00,0x00,0x00,0x00,0x00,0x00,0x00,0x00,0x00,0x00,0x00,0x00,0x00,0x00,0x00,0x00,0x00,0x00,0x00,0x00,0x00,0x00,0x00,
    0x00,0x00,0x00,0x00,0x00,0x00,0x00,0x00,0x00,0x00,0x00,0x00,0x00,0x00,0x00,0x00,0x00,0x00,0x00,0x00,0x00,0x00,0x00,0x00,0x00,0x00,0x00,0x00,0x00,0x00,0x00,0x00,0x00,0x00,0x00,0x00,0x00,0x00,0x00,0x00,0x00,0x00,0x00,0x00,0x00,0x00,0x00,0x00,0x00,0x00,0x00,0x00,0x00,0x00,0x00,0x00,0x00,0x00,0x02,0x00,0x2b,0x45,0xaf,0x94,0x8d,0x74,0x74,0x7f,0x8b,0x8d,0x94,0xd3,0x36,0x23,0x00,0x35,0x3f,0x9d,0x86,0x7f,0x7f,0x7f,0x7f,0xcd,0x8f,0x94,0x1f,0x49,0x1c,0x01,0x01,0x00,0x00,0x00,0x00,0x00,0x00,0x00,0x00,0x00,0x00,0x00,0x00,0x00,0x00,0x00,0x00,0x00,0x00,0x00,0x00,0x00,0x00,0x00,0x00,0x00,0x00,0x00,0x00,0x00,0x00,0x00,0x00,0x00,0x00,0x00,0x00,0x00,0x00,0x00,0x00,0x00,0x00,0x00,0x00,0x00,0x00,0x00,0x00,0x00,0x00,0x00,0x00,0x00,
    0x00,0x00,0x00,0x00,0x00,0x00,0x00,0x00,0x00,0x00,0x00,0x00,0x00,0x00,0x00,0x00,0x00,0x00,0x00,0x00,0x00,0x00,0x00,0x00,0x00,0x00,0x00,0x00,0x00,0x00,0x00,0x00,0x00,0x00,0x00,0x00,0x00,0x00,0x00,0x00,0x00,0x00,0x00,0x00,0x00,0x00,0x00,0x00,0x00,0x00,0x00,0x00,0x00,0x00,0x00,0x00,0x00,0x00,0x08,0x00,0x35,0x56,0xa1,0x8a,0x8c,0x7f,0x7f,0x7f,0x74,0x74,0x8c,0x2e,0x57,0x0e,0x00,0x35,0x3a,0x97,0x8f,0x8f,0x74,0x7f,0x7f,0x74,0xcd,0x8b,0x8d,0x63,0x2b,0x02,0x02,0x00,0x00,0x00,0x00,0x00,0x00,0x00,0x00,0x00,0x00,0x00,0x00,0x00,0x00,0x00,0x00,0x00,0x00,0x00,0x00,0x00,0x00,0x00,0x00,0x00,0x00,0x00,0x00,0x00,0x00,0x00,0x00,0x00,0x00,0x00,0x00,0x00,0x00,0x00,0x00,0x00,0x00,0x00,0x00,0x00,0x00,0x00,0x00,0x00,0x00,0x00,0x00,0x00,
    0x00,0x00,0x00,0x00,0x00,0x00,0x00,0x00,0x00,0x00,0x00,0x00,0x00,0x00,0x00,0x00,0x00,0x00,0x00,0x00,0x00,0x00,0x00,0x00,0x00,0x00,0x00,0x00,0x00,0x00,0x00,0x00,0x00,0x00,0x00,0x00,0x00,0x00,0x00,0x00,0x00,0x00,0x00,0x00,0x00,0x00,0x00,0x00,0x00,0x00,0x00,0x00,0x00,0x00,0x00,0x00,0x00,0x00,0x02,0x00,0x21,0x3f,0x9d,0x8f,0x8d,0x7f,0x7f,0x7f,0x7f,0x7f,0x74,0x5a,0x34,0x02,0x00,0x24,0x45,0x1f,0x91,0xcd,0x74,0x7f,0x7f,0x7f,0x7f,0x8b,0x9d,0x21,0x00,0x2f,0x00,0x00,0x00,0x00,0x00,0x00,0x00,0x00,0x00,0x00,0x00,0x00,0x00,0x00,0x00,0x00,0x00,0x00,0x00,0x00,0x00,0x00,0x00,0x00,0x00,0x00,0x00,0x00,0x00,0x00,0x00,0x00,0x00,0x00,0x00,0x00,0x00,0x00,0x00,0x00,0x00,0x00,0x00,0x00,0x00,0x00,0x00,0x00,0x00,0x00,0x00,0x00,0x00,0x00,
    0x00,0x00,0x00,0x00,0x00,0x00,0x00,0x00,0x00,0x00,0x00,0x00,0x00,0x00,0x00,0x00,0x00,0x00,0x00,0x00,0x00,0x00,0x00,0x00,0x00,0x00,0x00,0x00,0x00,0x00,0x00,0x00,0x00,0x00,0x00,0x00,0x00,0x00,0x00,0x00,0x00,0x00,0x00,0x00,0x00,0x00,0x00,0x00,0x00,0x00,0x00,0x00,0x00,0x00,0x00,0x00,0x00,0x00,0x03,0x03,0x28,0x31,0x8f,0x8b,0x8b,0x7f,0x7f,0x7f,0x7f,0x8c,0x8f,0x2a,0x39,0x02,0x02,0x00,0x49,0x5e,0x8b,0x74,0x7f,0x7f,0x7f,0x74,0x74,0x74,0x8f,0x44,0x23,0x0a,0x02,0x00,0x00,0x00,0x00,0x00,0x00,0x00,0x00,0x00,0x00,0x00,0x00,0x00,0x00,0x00,0x00,0x00,0x00,0x00,0x00,0x00,0x00,0x00,0x00,0x00,0x00,0x00,0x00,0x00,0x00,0x00,0x00,0x00,0x00,0x00,0x00,0x00,0x00,0x00,0x00,0x00,0x00,0x00,0x00,0x00,0x00,0x00,0x00,0x00,0x00,0x00,0x00,0x00,
    0x00,0x00,0x00,0x00,0x00,0x00,0x00,0x00,0x00,0x00,0x00,0x00,0x00,0x00,0x00,0x00,0x00,0x00,0x00,0x00,0x00,0x00,0x00,0x00,0x00,0x00,0x00,0x00,0x00,0x00,0x00,0x00,0x00,0x00,0x00,0x00,0x00,0x00,0x00,0x00,0x00,0x00,0x00,0x00,0x00,0x00,0x00,0x00,0x00,0x00,0x00,0x00,0x00,0x00,0x00,0x00,0x00,0x00,0x01,0x00,0x14,0x15,0x97,0x95,0x8c,0x7f,0x7f,0x7f,0x7f,0x74,0x97,0x31,0x4d,0x00,0x2f,0x11,0x54,0x4a,0x04,0x06,0x7f,0x8c,0x8c,0x95,0x95,0x8c,0x97,0x73,0x17,0x0e,0x03,0x00,0x00,0x00,0x00,0x00,0x00,0x00,0x00,0x00,0x00,0x00,0x00,0x00,0x00,0x00,0x00,0x00,0x00,0x00,0x00,0x00,0x00,0x00,0x00,0x00,0x00,0x00,0x00,0x00,0x00,0x00,0x00,0x00,0x00,0x00,0x00,0x00,0x00,0x00,0x00,0x00,0x00,0x00,0x00,0x00,0x00,0x00,0x00,0x00,0x00,0x00,0x00,0x00,
    0x00,0x00,0x00,0x00,0x00,0x00,0x00,0x00,0x00,0x00,0x00,0x00,0x00,0x00,0x00,0x00,0x00,0x00,0x00,0x00,0x00,0x00,0x00,0x00,0x00,0x00,0x00,0x00,0x00,0x00,0x00,0x00,0x00,0x00,0x00,0x00,0x00,0x00,0x00,0x00,0x00,0x00,0x00,0x00,0x00,0x00,0x00,0x00,0x00,0x00,0x00,0x00,0x00,0x00,0x00,0x00,0x00,0x03,0x00,0x18,0x38,0x32,0x8f,0xda,0xad,0x8b,0xa9,0xa9,0x86,0x04,0x8f,0x15,0x17,0x11,0x00,0x05,0x20,0xc3,0x9a,0x99,0x91,0x91,0x86,0x7f,0x8b,0x94,0x9d,0x88,0x7b,0x17,0x13,0x03,0x01,0x00,0x00,0x00,0x00,0x00,0x00,0x00,0x00,0x00,0x00,0x00,0x00,0x00,0x00,0x00,0x00,0x00,0x00,0x00,0x00,0x00,0x00,0x00,0x00,0x00,0x00,0x00,0x00,0x00,0x00,0x00,0x00,0x00,0x00,0x00,0x00,0x00,0x00,0x00,0x00,0x00,0x00,0x00,0x00,0x00,0x00,0x00,0x00,0x00,0x00,0x00,
    0x00,0x00,0x00,0x00,0x00,0x00,0x00,0x00,0x00,0x00,0x00,0x00,0x00,0x00,0x00,0x00,0x00,0x00,0x00,0x00,0x00,0x00,0x00,0x00,0x00,0x00,0x00,0x00,0x00,0x00,0x00,0x00,0x00,0x00,0x00,0x00,0x00,0x00,0x00,0x00,0x00,0x00,0x00,0x00,0x00,0x00,0x00,0x00,0x00,0x00,0x00,0x00,0x00,0x00,0x00,0x00,0x01,0x03,0x13,0x38,0x77,0x87,0xbb,0xaf,0xa2,0xc7,0x9d,0x9d,0x9d,0x9d,0x2e,0x78,0x7b,0x0f,0x13,0x14,0x77,0x93,0xc8,0xbb,0xac,0x1b,0xc8,0xb1,0x5a,0xd8,0xc0,0x07,0x07,0x12,0x0c,0x00,0x00,0x00,0x00,0x00,0x00,0x00,0x00,0x00,0x00,0x00,0x00,0x00,0x00,0x00,0x00,0x00,0x00,0x00,0x00,0x00,0x00,0x00,0x00,0x00,0x00,0x00,0x00,0x00,0x00,0x00,0x00,0x00,0x00,0x00,0x00,0x00,0x00,0x00,0x00,0x00,0x00,0x00,0x00,0x00,0x00,0x00,0x00,0x00,0x00,0x00,0x00,0x00,
    0x00,0x00,0x00,0x00,0x00,0x00,0x00,0x00,0x00,0x00,0x00,0x00,0x00,0x00,0x00,0x00,0x00,0x00,0x00,0x00,0x00,0x00,0x00,0x00,0x00,0x00,0x00,0x00,0x00,0x00,0x00,0x00,0x00,0x00,0x00,0x00,0x00,0x00,0x00,0x00,0x00,0x00,0x00,0x00,0x00,0x00,0x00,0x00,0x00,0x00,0x00,0x00,0x00,0x00,0x00,0x00,0x03,0x03,0x18,0x79,0x07,0x7b,0x83,0x7e,0x85,0x93,0x93,0xaa,0x93,0x78,0x7a,0x77,0x7d,0x19,0x0c,0x19,0x7d,0x77,0x83,0x7b,0x79,0x7a,0x77,0x77,0x7b,0x83,0x83,0x77,0x79,0x82,0x17,0x13,0x01,0x01,0x00,0x00,0x00,0x00,0x00,0x00,0x00,0x00,0x00,0x00,0x00,0x00,0x00,0x00,0x00,0x00,0x00,0x00,0x00,0x00,0x00,0x00,0x00,0x00,0x00,0x00,0x00,0x00,0x00,0x00,0x00,0x00,0x00,0x00,0x00,0x00,0x00,0x00,0x00,0x00,0x00,0x00,0x00,0x00,0x00,0x00,0x00,0x00,0x00,0x00,
    0x00,0x00,0x00,0x00,0x00,0x00,0x00,0x00,0x00,0x00,0x00,0x00,0x00,0x00,0x00,0x00,0x00,0x00,0x00,0x00,0x00,0x00,0x00,0x00,0x00,0x00,0x00,0x00,0x00,0x00,0x00,0x00,0x00,0x00,0x00,0x00,0x00,0x00,0x00,0x00,0x00,0x00,0x00,0x00,0x00,0x00,0x00,0x00,0x00,0x00,0x00,0x00,0x00,0x00,0x00,0x00,0x0e,0x00,0x14,0x78,0x7e,0x7a,0x7a,0x77,0x77,0x7a,0x7d,0x79,0x7b,0x7a,0x77,0x07,0xd9,0x12,0x0e,0x1e,0x7e,0x7d,0x79,0x7d,0x7d,0x78,0x87,0x87,0x75,0x79,0x79,0x7a,0x07,0x7e,0x17,0x05,0x00,0x03,0x00,0x00,0x00,0x00,0x00,0x00,0x00,0x00,0x00,0x00,0x00,0x00,0x00,0x00,0x00,0x00,0x00,0x00,0x00,0x00,0x00,0x00,0x00,0x00,0x00,0x00,0x00,0x00,0x00,0x00,0x00,0x00,0x00,0x00,0x00,0x00,0x00,0x00,0x00,0x00,0x00,0x00,0x00,0x00,0x00,0x00,0x00,0x00,0x00,0x00,
    0x00,0x00,0x00,0x00,0x00,0x00,0x00,0x00,0x00,0x00,0x00,0x00,0x00,0x00,0x00,0x00,0x00,0x00,0x00,0x00,0x00,0x00,0x00,0x00,0x00,0x00,0x00,0x00,0x00,0x00,0x00,0x00,0x00,0x00,0x00,0x00,0x00,0x00,0x00,0x00,0x00,0x00,0x00,0x00,0x00,0x00,0x00,0x00,0x00,0x00,0x00,0x00,0x00,0x00,0x00,0x00,0x0e,0x00,0x14,0x7e,0x09,0x82,0x7d,0x79,0x79,0x7a,0x7d,0x7a,0x7a,0x7a,0x7a,0x07,0x77,0x1e,0x11,0x38,0x78,0x87,0x7d,0x77,0x77,0x77,0x7a,0x7a,0x77,0x77,0x7a,0x79,0x07,0x7a,0x17,0x05,0x00,0x03,0x00,0x00,0x00,0x00,0x00,0x00,0x00,0x00,0x00,0x00,0x00,0x00,0x00,0x00,0x00,0x00,0x00,0x00,0x00,0x00,0x00,0x00,0x00,0x00,0x00,0x00,0x00,0x00,0x00,0x00,0x00,0x00,0x00,0x00,0x00,0x00,0x00,0x00,0x00,0x00,0x00,0x00,0x00,0x00,0x00,0x00,0x00,0x00,0x00,0x00,
    0x00,0x00,0x00,0x00,0x00,0x00,0x00,0x00,0x00,0x00,0x00,0x00,0x00,0x00,0x00,0x00,0x00,0x00,0x00,0x00,0x00,0x00,0x00,0x00,0x00,0x00,0x00,0x00,0x00,0x00,0x00,0x00,0x00,0x00,0x00,0x00,0x00,0x00,0x00,0x00,0x00,0x00,0x00,0x00,0x00,0x00,0x00,0x00,0x00,0x00,0x00,0x00,0x00,0x00,0x00,0x00,0x0e,0x00,0x14,0x7e,0x09,0x7d,0x79,0x7a,0x7a,0x77,0x77,0x77,0x7a,0x7a,0x7b,0x07,0x7a,0x10,0x03,0x17,0x7e,0x7e,0x7b,0x7a,0x7a,0x7a,0x7a,0x7a,0x7a,0x77,0x83,0x83,0x7d,0x82,0x17,0x05,0x00,0x03,0x00,0x00,0x00,0x00,0x00,0x00,0x00,0x00,0x00,0x00,0x00,0x00,0x00,0x00,0x00,0x00,0x00,0x00,0x00,0x00,0x00,0x00,0x00,0x00,0x00,0x00,0x00,0x00,0x00,0x00,0x00,0x00,0x00,0x00,0x00,0x00,0x00,0x00,0x00,0x00,0x00,0x00,0x00,0x00,0x00,0x00,0x00,0x00,0x00,0x00,
    0x00,0x00,0x00,0x00,0x00,0x00,0x00,0x00,0x00,0x00,0x00,0x00,0x00,0x00,0x00,0x00,0x00,0x00,0x00,0x00,0x00,0x00,0x00,0x00,0x00,0x00,0x00,0x00,0x00,0x00,0x00,0x00,0x00,0x00,0x00,0x00,0x00,0x00,0x00,0x00,0x00,0x00,0x00,0x00,0x00,0x00,0x00,0x00,0x00,0x00,0x00,0x00,0x00,0x00,0x00,0x00,0x0e,0x00,0x14,0x7e,0x7e,0x93,0x88,0x83,0x83,0x77,0x7a,0x7a,0x7b,0x83,0x76,0x09,0x77,0x14,0x00,0x17,0x7b,0xb7,0xb4,0x83,0x83,0x83,0x7b,0x83,0x83,0x7a,0x9f,0x9f,0x79,0x82,0x20,0x05,0x00,0x03,0x00,0x00,0x00,0x00,0x00,0x00,0x00,0x00,0x00,0x00,0x00,0x00,0x00,0x00,0x00,0x00,0x00,0x00,0x00,0x00,0x00,0x00,0x00,0x00,0x00,0x00,0x00,0x00,0x00,0x00,0x00,0x00,0x00,0x00,0x00,0x00,0x00,0x00,0x00,0x00,0x00,0x00,0x00,0x00,0x00,0x00,0x00,0x00,0x00,0x00,
    0x00,0x00,0x00,0x00,0x00,0x00,0x00,0x00,0x00,0x00,0x00,0x00,0x00,0x00,0x00,0x00,0x00,0x00,0x00,0x00,0x00,0x00,0x00,0x00,0x00,0x00,0x00,0x00,0x00,0x00,0x00,0x00,0x00,0x00,0x00,0x00,0x00,0x00,0x00,0x00,0x00,0x00,0x00,0x00,0x00,0x00,0x00,0x00,0x00,0x00,0x00,0x00,0x00,0x00,0x00,0x00,0x0e,0x00,0x14,0x75,0x7d,0xb4,0xc2,0x9f,0xab,0x76,0x7d,0x88,0xb4,0x98,0xc2,0xb4,0x7d,0x18,0x00,0x10,0x77,0xb7,0xba,0xc6,0x9f,0xab,0x76,0xab,0x98,0xba,0xba,0xb4,0x75,0x75,0x19,0x03,0x03,0x00,0x00,0x00,0x00,0x00,0x00,0x00,0x00,0x00,0x00,0x00,0x00,0x00,0x00,0x00,0x00,0x00,0x00,0x00,0x00,0x00,0x00,0x00,0x00,0x00,0x00,0x00,0x00,0x00,0x00,0x00,0x00,0x00,0x00,0x00,0x00,0x00,0x00,0x00,0x00,0x00,0x00,0x00,0x00,0x00,0x00,0x00,0x00,0x00,0x00,0x00,
    0x00,0x00,0x00,0x00,0x00,0x00,0x00,0x00,0x00,0x00,0x00,0x00,0x00,0x00,0x00,0x00,0x00,0x00,0x00,0x00,0x00,0x00,0x00,0x00,0x00,0x00,0x00,0x00,0x00,0x00,0x00,0x00,0x00,0x00,0x00,0x00,0x00,0x00,0x00,0x00,0x00,0x00,0x00,0x00,0x00,0x00,0x00,0x00,0x00,0x00,0x00,0x00,0x00,0x00,0x00,0x00,0x0e,0x00,0x14,0x75,0x88,0x77,0xb7,0xab,0x9f,0xc5,0xc5,0xc5,0x9f,0xb7,0xab,0x79,0x78,0x05,0x00,0x0c,0x7d,0x7b,0xaa,0xb4,0xab,0xdb,0xc5,0xf4,0xc6,0x78,0x87,0x7a,0x09,0x7d,0x20,0x00,0x03,0x00,0x00,0x00,0x00,0x00,0x00,0x00,0x00,0x00,0x00,0x00,0x00,0x00,0x00,0x00,0x00,0x00,0x00,0x00,0x00,0x00,0x00,0x00,0x00,0x00,0x00,0x00,0x00,0x00,0x00,0x00,0x00,0x00,0x00,0x00,0x00,0x00,0x00,0x00,0x00,0x00,0x00,0x00,0x00,0x00,0x00,0x00,0x00,0x00,0x00,0x00,
    0x00,0x00,0x00,0x00,0x00,0x00,0x00,0x00,0x00,0x00,0x00,0x00,0x00,0x00,0x00,0x00,0x00,0x00,0x00,0x00,0x00,0x00,0x00,0x00,0x00,0x00,0x00,0x00,0x00,0x00,0x00,0x00,0x00,0x00,0x00,0x00,0x00,0x00,0x00,0x00,0x00,0x00,0x00,0x00,0x00,0x00,0x00,0x00,0x00,0x00,0x00,0x00,0x00,0x00,0x00,0x00,0x0e,0x00,0x14,0x79,0x09,0x7b,0x88,0x98,0xd4,0x98,0xab,0xc6,0xd4,0x9f,0x76,0x77,0x7a,0x0f,0x00,0x28,0x7d,0x07,0xb7,0xba,0xc2,0xc6,0x8e,0xab,0xba,0xc2,0x98,0x7a,0x07,0x77,0x20,0x05,0x03,0x01,0x00,0x00,0x00,0x00,0x00,0x00,0x00,0x00,0x00,0x00,0x00,0x00,0x00,0x00,0x00,0x00,0x00,0x00,0x00,0x00,0x00,0x00,0x00,0x00,0x00,0x00,0x00,0x00,0x00,0x00,0x00,0x00,0x00,0x00,0x00,0x00,0x00,0x00,0x00,0x00,0x00,0x00,0x00,0x00,0x00,0x00,0x00,0x00,0x00,0x00,
    0x00,0x00,0x00,0x00,0x00,0x00,0x00,0x00,0x00,0x00,0x00,0x00,0x00,0x00,0x00,0x00,0x00,0x00,0x00,0x00,0x00,0x00,0x00,0x00,0x00,0x00,0x00,0x00,0x00,0x00,0x00,0x00,0x00,0x00,0x00,0x00,0x00,0x00,0x00,0x00,0x00,0x00,0x00,0x00,0x00,0x00,0x00,0x00,0x00,0x00,0x00,0x00,0x00,0x00,0x00,0x00,0x0e,0x00,0x14,0x79,0x09,0x7d,0xf8,0xe0,0x9f,0x83,0x83,0x83,0x9f,0xc5,0x98,0x7b,0x7a,0x0f,0x00,0x26,0x75,0x07,0xd4,0xe0,0x98,0x7e,0x7b,0x83,0x8e,0xba,0xc2,0xab,0x7b,0x79,0x1e,0x26,0x00,0x03,0x00,0x00,0x00,0x00,0x00,0x00,0x00,0x00,0x00,0x00,0x00,0x00,0x00,0x00,0x00,0x00,0x00,0x00,0x00,0x00,0x00,0x00,0x00,0x00,0x00,0x00,0x00,0x00,0x00,0x00,0x00,0x00,0x00,0x00,0x00,0x00,0x00,0x00,0x00,0x00,0x00,0x00,0x00,0x00,0x00,0x00,0x00,0x00,0x00,0x00,
    0x00,0x00,0x00,0x00,0x00,0x00,0x00,0x00,0x00,0x00,0x00,0x00,0x00,0x00,0x00,0x00,0x00,0x00,0x00,0x00,0x00,0x00,0x00,0x00,0x00,0x00,0x00,0x00,0x00,0x00,0x00,0x00,0x00,0x00,0x00,0x00,0x00,0x00,0x00,0x00,0x00,0x00,0x00,0x00,0x00,0x00,0x00,0x00,0x00,0x00,0x00,0x00,0x00,0x00,0x00,0x00,0x0e,0x0e,0x14,0x7e,0x09,0x85,0x93,0xb7,0xc5,0xd4,0xb7,0xc6,0xc2,0x8e,0x76,0x79,0x7d,0x0f,0x00,0x0c,0x87,0x09,0x78,0x77,0x98,0xc5,0x9f,0x98,0xc2,0xab,0x7b,0xd9,0x7d,0x75,0x1e,0x0c,0x00,0x03,0x00,0x00,0x00,0x00,0x00,0x00,0x00,0x00,0x00,0x00,0x00,0x00,0x00,0x00,0x00,0x00,0x00,0x00,0x00,0x00,0x00,0x00,0x00,0x00,0x00,0x00,0x00,0x00,0x00,0x00,0x00,0x00,0x00,0x00,0x00,0x00,0x00,0x00,0x00,0x00,0x00,0x00,0x00,0x00,0x00,0x00,0x00,0x00,0x00,0x00,
    0x00,0x00,0x00,0x00,0x00,0x00,0x00,0x00,0x00,0x00,0x00,0x00,0x00,0x00,0x00,0x00,0x00,0x00,0x00,0x00,0x00,0x00,0x00,0x00,0x00,0x00,0x00,0x00,0x00,0x00,0x00,0x00,0x00,0x00,0x00,0x00,0x00,0x00,0x00,0x00,0x00,0x00,0x00,0x00,0x00,0x00,0x00,0x00,0x00,0x00,0x00,0x00,0x00,0x00,0x00,0x03,0x00,0x0f,0x19,0x7a,0x09,0x7d,0x79,0x83,0xab,0xf7,0xe0,0xc5,0xd6,0x83,0x77,0x7d,0x79,0x0f,0x00,0x0c,0x75,0x7d,0x77,0x83,0x7b,0xc2,0xe0,0xc5,0xc6,0xd9,0x83,0x77,0x75,0x09,0x12,0x18,0x00,0x0e,0x00,0x00,0x00,0x00,0x00,0x00,0x00,0x00,0x00,0x00,0x00,0x00,0x00,0x00,0x00,0x00,0x00,0x00,0x00,0x00,0x00,0x00,0x00,0x00,0x00,0x00,0x00,0x00,0x00,0x00,0x00,0x00,0x00,0x00,0x00,0x00,0x00,0x00,0x00,0x00,0x00,0x00,0x00,0x00,0x00,0x00,0x00,0x00,0x00,0x00,
    0x00,0x00,0x00,0x00,0x00,0x00,0x00,0x00,0x00,0x00,0x00,0x00,0x00,0x00,0x00,0x00,0x00,0x00,0x00,0x00,0x00,0x00,0x00,0x00,0x00,0x00,0x00,0x00,0x00,0x00,0x00,0x00,0x00,0x00,0x00,0x00,0x00,0x00,0x00,0x00,0x00,0x00,0x00,0x00,0x00,0x00,0x00,0x00,0x00,0x00,0x00,0x00,0x00,0x00,0x00,0x03,0x00,0x0f,0x17,0x79,0x09,0x7e,0x85,0x98,0xf8,0x98,0x82,0xb4,0xba,0x98,0x7d,0x7e,0x7d,0x05,0x00,0x0c,0x7d,0x07,0x77,0xb4,0xf8,0x98,0x83,0x83,0x9f,0xc5,0x98,0x7d,0x78,0x78,0x88,0x10,0x0e,0x00,0x00,0x00,0x00,0x00,0x00,0x00,0x00,0x00,0x00,0x00,0x00,0x00,0x00,0x00,0x00,0x00,0x00,0x00,0x00,0x00,0x00,0x00,0x00,0x00,0x00,0x00,0x00,0x00,0x00,0x00,0x00,0x00,0x00,0x00,0x00,0x00,0x00,0x00,0x00,0x00,0x00,0x00,0x00,0x00,0x00,0x00,0x00,0x00,0x00,0x00,
    0x00,0x00,0x00,0x00,0x00,0x00,0x00,0x00,0x00,0x00,0x00,0x00,0x00,0x00,0x00,0x00,0x00,0x00,0x00,0x00,0x00,0x00,0x00,0x00,0x00,0x00,0x00,0x00,0x00,0x00,0x00,0x00,0x00,0x00,0x00,0x00,0x00,0x00,0x00,0x00,0x00,0x00,0x00,0x00,0x00,0x00,0x00,0x00,0x00,0x00,0x00,0x00,0x00,0x00,0x00,0x03,0x00,0x05,0x19,0x78,0x85,0x79,0x98,0xf4,0x98,0x79,0x7b,0x85,0xba,0xe0,0x8e,0x77,0x79,0x0f,0x00,0x0c,0x79,0x07,0x7a,0xba,0xc2,0xb4,0x79,0x7d,0x98,0xe0,0xba,0x75,0x78,0x78,0x09,0x18,0x0e,0x00,0x00,0x00,0x00,0x00,0x00,0x00,0x00,0x00,0x00,0x00,0x00,0x00,0x00,0x00,0x00,0x00,0x00,0x00,0x00,0x00,0x00,0x00,0x00,0x00,0x00,0x00,0x00,0x00,0x00,0x00,0x00,0x00,0x00,0x00,0x00,0x00,0x00,0x00,0x00,0x00,0x00,0x00,0x00,0x00,0x00,0x00,0x00,0x00,0x00,0x00,
    0x00,0x00,0x00,0x00,0x00,0x00,0x00,0x00,0x00,0x00,0x00,0x00,0x00,0x00,0x00,0x00,0x00,0x00,0x00,0x00,0x00,0x00,0x00,0x00,0x00,0x00,0x00,0x00,0x00,0x00,0x00,0x00,0x00,0x00,0x00,0x00,0x00,0x00,0x00,0x00,0x00,0x00,0x00,0x00,0x00,0x00,0x00,0x00,0x00,0x00,0x00,0x00,0x00,0x00,0x00,0x03,0x00,0x28,0x12,0x09,0x7e,0x7d,0x7a,0xd6,0x98,0xc5,0xc6,0xc5,0xb4,0x77,0x77,0x07,0x7a,0x14,0x00,0x0c,0x7a,0x07,0x7a,0x83,0x7d,0xc2,0xe0,0xe0,0xc2,0x75,0x83,0x79,0x79,0x7a,0x77,0x05,0x00,0x03,0x00,0x00,0x00,0x00,0x00,0x00,0x00,0x00,0x00,0x00,0x00,0x00,0x00,0x00,0x00,0x00,0x00,0x00,0x00,0x00,0x00,0x00,0x00,0x00,0x00,0x00,0x00,0x00,0x00,0x00,0x00,0x00,0x00,0x00,0x00,0x00,0x00,0x00,0x00,0x00,0x00,0x00,0x00,0x00,0x00,0x00,0x00,0x00,0x00,0x00,
    0x00,0x00,0x00,0x00,0x00,0x00,0x00,0x00,0x00,0x00,0x00,0x00,0x00,0x00,0x00,0x00,0x00,0x00,0x00,0x00,0x00,0x00,0x00,0x00,0x00,0x00,0x00,0x00,0x00,0x00,0x00,0x00,0x00,0x00,0x00,0x00,0x00,0x00,0x00,0x00,0x00,0x00,0x00,0x00,0x00,0x00,0x00,0x00,0x00,0x00,0x00,0x00,0x00,0x00,0x00,0x01,0x00,0x0f,0x12,0x7d,0x07,0x77,0x83,0x8e,0x98,0xd4,0x9f,0xc6,0x98,0x75,0x83,0x07,0x7a,0x14,0x00,0x26,0x75,0x7d,0x7b,0x79,0x9f,0xc2,0x98,0xb4,0xba,0x98,0x76,0x7b,0x7a,0x77,0x77,0x05,0x00,0x03,0x00,0x00,0x00,0x00,0x00,0x00,0x00,0x00,0x00,0x00,0x00,0x00,0x00,0x00,0x00,0x00,0x00,0x00,0x00,0x00,0x00,0x00,0x00,0x00,0x00,0x00,0x00,0x00,0x00,0x00,0x00,0x00,0x00,0x00,0x00,0x00,0x00,0x00,0x00,0x00,0x00,0x00,0x00,0x00,0x00,0x00,0x00,0x00,0x00,0x00,
    0x00,0x00,0x00,0x00,0x00,0x00,0x00,0x00,0x00,0x00,0x00,0x00,0x00,0x00,0x00,0x00,0x00,0x00,0x00,0x00,0x00,0x00,0x00,0x00,0x00,0x00,0x00,0x00,0x00,0x00,0x00,0x00,0x00,0x00,0x00,0x00,0x00,0x00,0x00,0x00,0x00,0x00,0x00,0x00,0x00,0x00,0x00,0x00,0x00,0x00,0x00,0x00,0x00,0x00,0x00,0x00,0x00,0x00,0x1e,0x7e,0x78,0x7a,0xba,0xe0,0xba,0x98,0xb4,0x98,0xba,0xc2,0xb4,0x77,0x79,0x10,0x00,0x18,0x78,0x75,0x76,0xc5,0xc2,0xd4,0xb4,0x9f,0xc6,0xc6,0xc5,0xb7,0x7d,0x09,0x79,0x18,0x00,0x0e,0x00,0x00,0x00,0x00,0x00,0x00,0x00,0x00,0x00,0x00,0x00,0x00,0x00,0x00,0x00,0x00,0x00,0x00,0x00,0x00,0x00,0x00,0x00,0x00,0x00,0x00,0x00,0x00,0x00,0x00,0x00,0x00,0x00,0x00,0x00,0x00,0x00,0x00,0x00,0x00,0x00,0x00,0x00,0x00,0x00,0x00,0x00,0x00,0x00,0x00,
    0x00,0x00,0x00,0x00,0x00,0x00,0x00,0x00,0x00,0x00,0x00,0x00,0x00,0x00,0x00,0x00,0x00,0x00,0x00,0x00,0x00,0x00,0x00,0x00,0x00,0x00,0x00,0x00,0x00,0x00,0x00,0x00,0x00,0x00,0x00,0x00,0x00,0x00,0x00,0x00,0x00,0x00,0x00,0x00,0x00,0x00,0x00,0x00,0x00,0x00,0x00,0x00,0x00,0x00,0x00,0x03,0x00,0x0f,0x38,0x75,0x82,0x88,0x98,0x88,0x78,0xab,0xab,0xab,0x78,0x76,0xb4,0x77,0x7a,0x12,0x03,0x28,0x7e,0x75,0x8e,0xb4,0x7a,0xb7,0xab,0xb7,0x76,0x7b,0x76,0x76,0x7e,0x07,0x7d,0x17,0x00,0x03,0x00,0x00,0x00,0x00,0x00,0x00,0x00,0x00,0x00,0x00,0x00,0x00,0x00,0x00,0x00,0x00,0x00,0x00,0x00,0x00,0x00,0x00,0x00,0x00,0x00,0x00,0x00,0x00,0x00,0x00,0x00,0x00,0x00,0x00,0x00,0x00,0x00,0x00,0x00,0x00,0x00,0x00,0x00,0x00,0x00,0x00,0x00,0x00,0x00,0x00,
    0x00,0x00,0x00,0x00,0x00,0x00,0x00,0x00,0x00,0x00,0x00,0x00,0x00,0x00,0x00,0x00,0x00,0x00,0x00,0x00,0x00,0x00,0x00,0x00,0x00,0x00,0x00,0x00,0x00,0x00,0x00,0x00,0x00,0x00,0x00,0x00,0x00,0x00,0x00,0x00,0x00,0x00,0x00,0x00,0x00,0x00,0x00,0x00,0x00,0x00,0x00,0x00,0x00,0x00,0x00,0x03,0x01,0x0c,0x7a,0x07,0x7a,0x7a,0x83,0x7b,0x77,0x7b,0x83,0x83,0x7b,0x7b,0x83,0x7a,0x07,0x07,0x0f,0x18,0x7a,0x07,0x7b,0x83,0x7a,0x7b,0x7b,0x83,0x7b,0x77,0x7b,0x7b,0x7a,0x07,0x77,0x20,0x00,0x01,0x00,0x00,0x00,0x00,0x00,0x00,0x00,0x00,0x00,0x00,0x00,0x00,0x00,0x00,0x00,0x00,0x00,0x00,0x00,0x00,0x00,0x00,0x00,0x00,0x00,0x00,0x00,0x00,0x00,0x00,0x00,0x00,0x00,0x00,0x00,0x00,0x00,0x00,0x00,0x00,0x00,0x00,0x00,0x00,0x00,0x00,0x00,0x00,0x00,0x00,
    0x00,0x00,0x00,0x00,0x00,0x00,0x00,0x00,0x00,0x00,0x00,0x00,0x00,0x00,0x00,0x00,0x00,0x00,0x00,0x00,0x00,0x00,0x00,0x00,0x00,0x00,0x00,0x00,0x00,0x00,0x00,0x00,0x00,0x00,0x00,0x00,0x00,0x00,0x00,0x00,0x00,0x00,0x00,0x00,0x00,0x00,0x00,0x00,0x00,0x00,0x00,0x00,0x00,0x00,0x00,0x0e,0x00,0x10,0x79,0x07,0x77,0x77,0x79,0x7a,0x7a,0x7a,0x7a,0x7a,0x7a,0x7a,0x7a,0x77,0x07,0x7a,0x0f,0x10,0x7a,0x07,0x7a,0x7a,0x77,0x7a,0x7a,0x7a,0x7a,0x77,0x7a,0x77,0x77,0x7d,0x78,0x20,0x00,0x01,0x00,0x00,0x00,0x00,0x00,0x00,0x00,0x00,0x00,0x00,0x00,0x00,0x00,0x00,0x00,0x00,0x00,0x00,0x00,0x00,0x00,0x00,0x00,0x00,0x00,0x00,0x00,0x00,0x00,0x00,0x00,0x00,0x00,0x00,0x00,0x00,0x00,0x00,0x00,0x00,0x00,0x00,0x00,0x00,0x00,0x00,0x00,0x00,0x00,0x00,
    0x00,0x00,0x00,0x00,0x00,0x00,0x00,0x00,0x00,0x00,0x00,0x00,0x00,0x00,0x00,0x00,0x00,0x00,0x00,0x00,0x00,0x00,0x00,0x00,0x00,0x00,0x00,0x00,0x00,0x00,0x00,0x00,0x00,0x00,0x00,0x00,0x00,0x00,0x00,0x00,0x00,0x00,0x00,0x00,0x00,0x00,0x00,0x00,0x00,0x00,0x00,0x00,0x00,0x00,0x01,0x03,0x13,0x17,0x7e,0x09,0x7a,0x77,0x77,0x77,0x77,0x77,0x77,0x77,0x77,0x77,0x79,0x7d,0x7e,0x7a,0x0f,0x10,0x7d,0x07,0x7a,0x77,0x77,0x77,0x77,0x77,0x77,0x77,0x77,0x79,0x78,0x09,0x7d,0x12,0x00,0x00,0x00,0x00,0x00,0x00,0x00,0x00,0x00,0x00,0x00,0x00,0x00,0x00,0x00,0x00,0x00,0x00,0x00,0x00,0x00,0x00,0x00,0x00,0x00,0x00,0x00,0x00,0x00,0x00,0x00,0x00,0x00,0x00,0x00,0x00,0x00,0x00,0x00,0x00,0x00,0x00,0x00,0x00,0x00,0x00,0x00,0x00,0x00,0x00,0x00,0x00,
    0x00,0x00,0x00,0x00,0x00,0x00,0x00,0x00,0x00,0x00,0x00,0x00,0x00,0x00,0x00,0x00,0x00,0x00,0x00,0x00,0x00,0x00,0x00,0x00,0x00,0x00,0x00,0x00,0x00,0x00,0x00,0x00,0x00,0x00,0x00,0x00,0x00,0x00,0x00,0x00,0x00,0x00,0x00,0x00,0x00,0x00,0x00,0x00,0x00,0x00,0x00,0x00,0x00,0x00,0x0e,0x00,0x26,0x1e,0x7a,0x7e,0x7a,0x77,0x77,0x77,0x77,0x77,0x77,0x77,0x77,0x77,0x75,0x78,0x09,0x79,0x0c,0x10,0x75,0x09,0x7a,0x77,0x77,0x77,0x77,0x77,0x77,0x77,0x77,0x7a,0x7e,0x7e,0x79,0x12,0x00,0x00,0x00,0x00,0x00,0x00,0x00,0x00,0x00,0x00,0x00,0x00,0x00,0x00,0x00,0x00,0x00,0x00,0x00,0x00,0x00,0x00,0x00,0x00,0x00,0x00,0x00,0x00,0x00,0x00,0x00,0x00,0x00,0x00,0x00,0x00,0x00,0x00,0x00,0x00,0x00,0x00,0x00,0x00,0x00,0x00,0x00,0x00,0x00,0x00,0x00,0x00,
    0x00,0x00,0x00,0x00,0x00,0x00,0x00,0x00,0x00,0x00,0x00,0x00,0x00,0x00,0x00,0x00,0x00,0x00,0x00,0x00,0x00,0x00,0x00,0x00,0x00,0x00,0x00,0x00,0x00,0x00,0x00,0x00,0x00,0x00,0x00,0x00,0x00,0x00,0x00,0x00,0x00,0x00,0x00,0x00,0x00,0x00,0x00,0x00,0x00,0x00,0x00,0x00,0x00,0x00,0x01,0x00,0x13,0x19,0x78,0x7a,0x77,0x77,0x77,0x77,0x77,0x77,0x77,0x77,0x77,0x77,0x7a,0x79,0x07,0x77,0x10,0x10,0x7a,0x07,0x77,0x77,0x77,0x77,0x7a,0x7a,0x77,0x77,0x77,0x77,0x77,0x07,0x87,0x1e,0x00,0x00,0x00,0x00,0x00,0x00,0x00,0x00,0x00,0x00,0x00,0x00,0x00,0x00,0x00,0x00,0x00,0x00,0x00,0x00,0x00,0x00,0x00,0x00,0x00,0x00,0x00,0x00,0x00,0x00,0x00,0x00,0x00,0x00,0x00,0x00,0x00,0x00,0x00,0x00,0x00,0x00,0x00,0x00,0x00,0x00,0x00,0x00,0x00,0x00,0x00,0x00,
    0x00,0x00,0x00,0x00,0x00,0x00,0x00,0x00,0x00,0x00,0x00,0x00,0x00,0x00,0x00,0x00,0x00,0x00,0x00,0x00,0x00,0x00,0x00,0x00,0x00,0x00,0x00,0x00,0x00,0x00,0x00,0x00,0x00,0x00,0x00,0x00,0x00,0x00,0x00,0x00,0x00,0x00,0x00,0x00,0x00,0x00,0x00,0x00,0x00,0x00,0x00,0x00,0x00,0x00,0x03,0x00,0x0c,0x1e,0x09,0x78,0x7d,0x77,0x77,0x77,0x77,0x77,0x77,0x77,0x77,0x77,0x77,0x7a,0x09,0x75,0x14,0x10,0x79,0x07,0x77,0x77,0x77,0x77,0x77,0x7a,0x77,0x77,0x77,0x7a,0x7d,0x09,0x85,0x12,0x00,0x00,0x00,0x00,0x00,0x00,0x00,0x00,0x00,0x00,0x00,0x00,0x00,0x00,0x00,0x00,0x00,0x00,0x00,0x00,0x00,0x00,0x00,0x00,0x00,0x00,0x00,0x00,0x00,0x00,0x00,0x00,0x00,0x00,0x00,0x00,0x00,0x00,0x00,0x00,0x00,0x00,0x00,0x00,0x00,0x00,0x00,0x00,0x00,0x00,0x00,0x00,
    0x00,0x00,0x00,0x00,0x00,0x00,0x00,0x00,0x00,0x00,0x00,0x00,0x00,0x00,0x00,0x00,0x00,0x00,0x00,0x00,0x00,0x00,0x00,0x00,0x00,0x00,0x00,0x00,0x00,0x00,0x00,0x00,0x00,0x00,0x00,0x00,0x00,0x00,0x00,0x00,0x00,0x00,0x00,0x00,0x00,0x00,0x00,0x00,0x00,0x00,0x00,0x00,0x00,0x00,0x01,0x00,0x05,0x20,0x7e,0x75,0x87,0x87,0x7e,0x7d,0x7e,0x7d,0x7d,0x7e,0x7e,0x7d,0x75,0x82,0x09,0x82,0x10,0x10,0x87,0x88,0x82,0x75,0x75,0x75,0x82,0x78,0x75,0x75,0x87,0x88,0x8e,0x09,0x82,0x1e,0x00,0x01,0x00,0x00,0x00,0x00,0x00,0x00,0x00,0x00,0x00,0x00,0x00,0x00,0x00,0x00,0x00,0x00,0x00,0x00,0x00,0x00,0x00,0x00,0x00,0x00,0x00,0x00,0x00,0x00,0x00,0x00,0x00,0x00,0x00,0x00,0x00,0x00,0x00,0x00,0x00,0x00,0x00,0x00,0x00,0x00,0x00,0x00,0x00,0x00,0x00,0x00,
    0x00,0x00,0x00,0x00,0x00,0x00,0x00,0x00,0x00,0x00,0x00,0x00,0x00,0x00,0x00,0x00,0x00,0x00,0x00,0x00,0x00,0x00,0x00,0x00,0x00,0x00,0x00,0x00,0x00,0x00,0x00,0x00,0x00,0x00,0x00,0x00,0x00,0x00,0x00,0x00,0x00,0x00,0x00,0x00,0x00,0x00,0x00,0x00,0x00,0x00,0x00,0x00,0x00,0x00,0x00,0x00,0x11,0x0c,0x12,0x88,0x93,0xaa,0x93,0x93,0x8e,0x85,0x82,0x82,0x78,0x8e,0xaa,0xaa,0x8e,0x79,0x0f,0x14,0x8e,0x32,0xaa,0xaa,0x93,0x88,0x8e,0x88,0x8e,0x93,0xaa,0xaa,0xaa,0x93,0x87,0x10,0x00,0x03,0x00,0x00,0x00,0x00,0x00,0x00,0x00,0x00,0x00,0x00,0x00,0x00,0x00,0x00,0x00,0x00,0x00,0x00,0x00,0x00,0x00,0x00,0x00,0x00,0x00,0x00,0x00,0x00,0x00,0x00,0x00,0x00,0x00,0x00,0x00,0x00,0x00,0x00,0x00,0x00,0x00,0x00,0x00,0x00,0x00,0x00,0x00,0x00,0x00,0x00,
    0x00,0x00,0x00,0x00,0x00,0x00,0x00,0x00,0x00,0x00,0x00,0x00,0x00,0x00,0x00,0x00,0x00,0x00,0x00,0x00,0x00,0x00,0x00,0x00,0x00,0x00,0x00,0x00,0x00,0x00,0x00,0x00,0x00,0x00,0x00,0x00,0x00,0x00,0x00,0x00,0x00,0x00,0x00,0x00,0x00,0x00,0x00,0x00,0x00,0x00,0x00,0x00,0x00,0x00,0x00,0x00,0x00,0x00,0x10,0x93,0x93,0x93,0xaa,0xaa,0x93,0x82,0x78,0x87,0x85,0x93,0x93,0x93,0x85,0x19,0x00,0x26,0x88,0x93,0x93,0xaa,0xaa,0x8e,0x88,0x85,0x88,0x93,0x93,0x93,0x93,0x93,0x19,0x13,0x01,0x01,0x00,0x00,0x00,0x00,0x00,0x00,0x00,0x00,0x00,0x00,0x00,0x00,0x00,0x00,0x00,0x00,0x00,0x00,0x00,0x00,0x00,0x00,0x00,0x00,0x00,0x00,0x00,0x00,0x00,0x00,0x00,0x00,0x00,0x00,0x00,0x00,0x00,0x00,0x00,0x00,0x00,0x00,0x00,0x00,0x00,0x00,0x00,0x00,0x00,0x00,
    0x00,0x00,0x00,0x00,0x00,0x00,0x00,0x00,0x00,0x00,0x00,0x00,0x00,0x00,0x00,0x00,0x00,0x00,0x00,0x00,0x00,0x00,0x00,0x00,0x00,0x00,0x00,0x00,0x00,0x00,0x00,0x00,0x00,0x00,0x00,0x00,0x00,0x00,0x00,0x00,0x00,0x00,0x00,0x00,0x00,0x00,0x00,0x00,0x00,0x00,0x00,0x00,0x00,0x00,0x00,0x00,0x01,0x03,0x05,0x51,0x17,0x20,0x1d,0x75,0x87,0x82,0x87,0x88,0x88,0x1d,0x20,0x19,0x26,0x01,0x03,0x26,0x10,0x17,0x1e,0x1d,0x87,0x93,0x88,0x87,0x82,0x7e,0x38,0x1e,0x19,0x10,0x0c,0x0e,0x01,0x00,0x00,0x00,0x00,0x00,0x00,0x00,0x00,0x00,0x00,0x00,0x00,0x00,0x00,0x00,0x00,0x00,0x00,0x00,0x00,0x00,0x00,0x00,0x00,0x00,0x00,0x00,0x00,0x00,0x00,0x00,0x00,0x00,0x00,0x00,0x00,0x00,0x00,0x00,0x00,0x00,0x00,0x00,0x00,0x00,0x00,0x00,0x00,0x00,0x00,0x00,
    0x00,0x00,0x00,0x00,0x00,0x00,0x00,0x00,0x00,0x00,0x00,0x00,0x00,0x00,0x00,0x00,0x00,0x00,0x00,0x00,0x00,0x00,0x00,0x00,0x00,0x00,0x00,0x00,0x00,0x00,0x00,0x00,0x00,0x00,0x00,0x00,0x00,0x00,0x00,0x00,0x00,0x00,0x00,0x00,0x00,0x00,0x00,0x00,0x00,0x00,0x00,0x00,0x00,0x00,0x00,0x00,0x00,0x01,0x00,0x11,0x0e,0x00,0x13,0x05,0x05,0x05,0x05,0x05,0x05,0x13,0x00,0x00,0x00,0x00,0x01,0x00,0x13,0x00,0x11,0x13,0x05,0x05,0x05,0x05,0x05,0x05,0x13,0x00,0x00,0x11,0x00,0x00,0x00,0x00,0x00,0x00,0x00,0x00,0x00,0x00,0x00,0x00,0x00,0x00,0x00,0x00,0x00,0x00,0x00,0x00,0x00,0x00,0x00,0x00,0x00,0x00,0x00,0x00,0x00,0x00,0x00,0x00,0x00,0x00,0x00,0x00,0x00,0x00,0x00,0x00,0x00,0x00,0x00,0x00,0x00,0x00,0x00,0x00,0x00,0x00,0x00,0x00,0x00,0x00,
    0x00,0x00,0x00,0x00,0x00,0x00,0x00,0x00,0x00,0x00,0x00,0x00,0x00,0x00,0x00,0x00,0x00,0x00,0x00,0x00,0x00,0x00,0x00,0x00,0x00,0x00,0x00,0x00,0x00,0x00,0x00,0x00,0x00,0x00,0x00,0x00,0x00,0x00,0x00,0x00,0x00,0x00,0x00,0x00,0x00,0x00,0x00,0x00,0x00,0x00,0x00,0x00,0x00,0x00,0x00,0x00,0x00,0x00,0x01,0x00,0x00,0x03,0x00,0x00,0x00,0x00,0x00,0x00,0x00,0x00,0x00,0x03,0x03,0x01,0x00,0x03,0x00,0x00,0x00,0x00,0x00,0x00,0x00,0x00,0x00,0x00,0x00,0x00,0x03,0x00,0x01,0x00,0x00,0x00,0x00,0x00,0x00,0x00,0x00,0x00,0x00,0x00,0x00,0x00,0x00,0x00,0x00,0x00,0x00,0x00,0x00,0x00,0x00,0x00,0x00,0x00,0x00,0x00,0x00,0x00,0x00,0x00,0x00,0x00,0x00,0x00,0x00,0x00,0x00,0x00,0x00,0x00,0x00,0x00,0x00,0x00,0x00,0x00,0x00,0x00,0x00,0x00,0x00,0x00,

};

const lv_image_dsc_t passport_pet_running_2 = {
  .header = {
    .magic = LV_IMAGE_HEADER_MAGIC,
    .cf = LV_COLOR_FORMAT_I8,
    .flags = 0,
    .w = 144,
    .h = 156,
    .stride = 144,
    .reserved_2 = 0,
  },
  .data_size = sizeof(passport_pet_running_2_map),
  .data = passport_pet_running_2_map,
  .reserved = NULL,
};
