
#if defined(LV_LVGL_H_INCLUDE_SIMPLE)
#include "lvgl.h"
#elif defined(LV_LVGL_H_INCLUDE_SYSTEM)
#include <lvgl.h>
#elif defined(LV_BUILD_TEST)
#include "../lvgl.h"
#else
#include "lvgl/lvgl.h"
#endif

#ifndef LV_ATTRIBUTE_MEM_ALIGN
#define LV_ATTRIBUTE_MEM_ALIGN
#endif

#ifndef LV_ATTRIBUTE_PASSPORT_PET_REVIEW_3
#define LV_ATTRIBUTE_PASSPORT_PET_REVIEW_3
#endif

static const
LV_ATTRIBUTE_MEM_ALIGN LV_ATTRIBUTE_LARGE_CONST LV_ATTRIBUTE_PASSPORT_PET_REVIEW_3
uint8_t passport_pet_review_3_map[] = {

    0x4c,0x70,0x47,0x00,0x51,0x56,0x50,0x02,0x13,0x10,0x10,0x03,0x1c,0x00,0x00,0x01,
    0xe2,0xff,0xf2,0x01,0xed,0xf4,0xfb,0xfe,0x9b,0xb0,0xa6,0x03,0x18,0x13,0x16,0xfc,
    0x16,0x11,0x14,0xfd,0x1c,0x13,0x15,0x23,0x0f,0x0c,0x0d,0x9f,0x20,0x25,0x19,0x0c,
    0x29,0x24,0x2a,0xfe,0x0d,0x0a,0x0d,0xfa,0xc0,0xcc,0xd6,0xff,0x0e,0x09,0x0a,0x40,
    0xc8,0xde,0xde,0x06,0xd9,0xe4,0xef,0xfe,0x10,0x0f,0x0e,0x58,0x5f,0x7c,0x7c,0x33,
    0xcb,0xd9,0xdc,0x2d,0x73,0x8b,0x80,0x11,0x81,0x9a,0x98,0x25,0xb1,0xc8,0xcb,0x96,
    0x11,0x11,0x0f,0x30,0xce,0xdb,0xe5,0xfd,0x9d,0xb0,0xb0,0x6e,0x56,0x57,0x65,0xfe,
    0x8d,0x8e,0x98,0xff,0xcb,0xe6,0xf4,0xfe,0xc0,0xd2,0xd6,0x1e,0x5e,0x76,0x7f,0x08,
    0x9a,0xb8,0xb6,0x55,0x75,0x83,0x9f,0xfd,0x7d,0x93,0x92,0x8b,0x9c,0xb0,0xb3,0x3f,
    0xb0,0xb7,0xbf,0xfd,0xc3,0xd2,0xd5,0x72,0x0c,0x08,0x0b,0xc2,0x10,0x11,0x0e,0x17,
    0x13,0x0f,0x0f,0xba,0x11,0x10,0x11,0x77,0x14,0x11,0x11,0x66,0x14,0x10,0x10,0xe0,
    0x5f,0x74,0x75,0xd1,0xb2,0xc8,0xcc,0x11,0x9a,0xaa,0xb1,0xd3,0x12,0x11,0x11,0x84,
    0x11,0x0e,0x0f,0xab,0x12,0x0f,0x0f,0xcd,0x6d,0x79,0x86,0xfe,0x47,0x72,0x6a,0xe2,
    0x65,0x5c,0x0c,0x93,0x0f,0x0a,0x0c,0xee,0x82,0x98,0x97,0x53,0xdf,0x7f,0x02,0xfe,
    0x60,0x66,0x6f,0xfb,0x5b,0x6b,0x63,0x43,0x4b,0x64,0x65,0xd5,0xae,0xc8,0xcb,0xdd,
    0x4d,0x6f,0x6f,0xb5,0x8a,0xa2,0xa3,0xbc,0x81,0x4f,0x0e,0xfe,0xd2,0xe5,0xe6,0x4f,
    0x86,0x9a,0x9f,0xe7,0xee,0xf3,0xf9,0xf3,0xa0,0xb9,0xbc,0xc3,0x8d,0xa9,0xa7,0x9d,
    0x67,0x88,0x8a,0xeb,0xa5,0xbb,0xb9,0x84,0xca,0xd9,0xdb,0xb3,0xc1,0xdb,0xde,0xd3,
    0x6b,0x5a,0x0a,0x74,0xe1,0xea,0xf0,0x78,0xa5,0x81,0x2c,0xfe,0x95,0xb2,0xc6,0xfd,
    0x37,0x75,0x6c,0xfc,0x67,0x87,0x8a,0xa8,0x79,0x5f,0x0b,0xc7,0x4b,0x6f,0x73,0x1e,
    0x7c,0x91,0x94,0xce,0x18,0x14,0x15,0xda,0x11,0x0a,0x0e,0xe5,0x37,0x51,0x53,0x9d,
    0xf6,0xf9,0xfb,0x8f,0xdc,0xe4,0xed,0xe8,0xeb,0xf0,0xf7,0xe4,0x9b,0xb3,0xbd,0xdf,
    0x23,0x18,0x0e,0x92,0xaf,0xca,0xc4,0xb1,0x61,0x6e,0x3b,0x15,0x44,0x70,0x68,0x55,
    0x9b,0xa5,0xa0,0xfb,0xc5,0xbf,0xbe,0xfd,0x48,0x69,0x69,0x6f,0x4a,0x7b,0x6e,0x92,
    0xb1,0xc7,0xcc,0xef,0xb2,0xc4,0xcd,0xc3,0xa1,0x6f,0x0d,0xf4,0xe9,0xf0,0xf4,0xcb,
    0xce,0x8e,0x08,0xe3,0xdf,0xea,0xf1,0xc2,0x83,0x9b,0x9e,0xad,0xbd,0xcf,0xd4,0xf3,
    0x8c,0xab,0xb4,0xf3,0x94,0x7b,0x07,0x8b,0x70,0x68,0x0a,0x26,0x34,0x6a,0x5d,0x97,
    0x69,0x5a,0x13,0xea,0x9e,0x8e,0x08,0xba,0x93,0x00,0xff,0x01,0xc2,0xdb,0xde,0xe6,
    0x7d,0x64,0x05,0x57,0x37,0x38,0x39,0xd5,0x93,0x65,0x0c,0xe4,0x5b,0x69,0x78,0x98,
    0xa7,0xb3,0xb4,0xf7,0x5f,0x7f,0x7a,0x6e,0x6b,0x81,0x86,0xc8,0x85,0x9f,0x9f,0xd7,
    0x70,0x8c,0x8c,0x63,0x38,0x53,0x44,0x55,0x59,0x83,0x75,0x81,0x43,0x43,0x44,0xb3,
    0x34,0x8d,0x88,0xfe,0x53,0x81,0x7d,0x68,0xaa,0x84,0x14,0x64,0x18,0x12,0x16,0xff,
    0xcd,0xe9,0xfb,0xff,0x19,0x14,0x17,0xff,0x0b,0x08,0x0b,0xff,0x0e,0x0a,0x0d,0xff,
    0x15,0x10,0x13,0xff,0xcc,0xe8,0xfa,0xff,0x11,0x0d,0x10,0xff,0xf0,0xf6,0xfc,0xff,
    0x08,0x06,0x09,0xff,0xee,0xf5,0xfc,0xff,0xe5,0xed,0xfa,0xff,0x02,0x01,0x03,0xff,
    0xd2,0xee,0xfe,0xff,0xe9,0xf1,0xfb,0xff,0xf0,0xf8,0xff,0xff,0x1d,0x15,0x19,0xff,
    0xd0,0xec,0xfd,0xff,0xf6,0x9b,0x02,0xff,0xca,0xe7,0xf9,0xff,0xf9,0x9e,0x02,0xff,
    0x24,0x19,0x1d,0xff,0xfb,0xff,0xff,0xff,0xd3,0xf1,0xff,0xff,0xd7,0xf3,0xff,0xff,
    0xe1,0xeb,0xf8,0xff,0xf2,0xfb,0xff,0xff,0xfa,0xa3,0x02,0xff,0xd9,0xf6,0xff,0xff,
    0xf6,0xfd,0xff,0xff,0xf2,0x98,0x03,0xff,0xe6,0xf6,0xff,0xff,0xb8,0xc4,0xcc,0xff,
    0xcc,0xd8,0xf3,0xff,0xda,0xee,0xfc,0xff,0xa1,0xb1,0xc1,0xff,0xd6,0xe8,0xfa,0xff,
    0xcb,0xd5,0xe1,0xff,0xe0,0xf1,0xfd,0xff,0x9d,0xa6,0xb4,0xff,0x26,0x1d,0x23,0xff,
    0xe0,0xe7,0xf1,0xff,0xc5,0xe0,0xef,0xff,0xb1,0xbc,0xca,0xff,0x6c,0x38,0x48,0xff,
    0x4d,0x27,0x32,0xff,0xa8,0xc2,0xd3,0xff,0x7e,0x90,0xa5,0xff,0xdc,0x8c,0x07,0xff,
    0xaa,0x4f,0x67,0xff,0xbc,0xdc,0xeb,0xff,0x90,0xa0,0xb4,0xff,0x6d,0x6f,0x7b,0xff,
    0xb6,0xc8,0xd9,0xff,0x66,0x77,0x9b,0xff,0x58,0x67,0x86,0xff,0xdf,0xfd,0xff,0xff,
    0xc3,0xd1,0xdc,0xff,0x34,0x19,0x23,0xff,0xca,0x84,0x10,0xff,0xce,0xdf,0xf7,0xff,
    0xf9,0x93,0x00,0xff,0xba,0xd6,0xe8,0xff,0x88,0x82,0x8a,0xff,0xee,0x8e,0x02,0xff,
    0xbf,0xe6,0xf9,0xff,0xb3,0x77,0x0f,0xff,0xc6,0xf0,0xfe,0xff,0xcb,0x77,0x05,0xff,
    0x3d,0x22,0x23,0xff,0xb7,0xcd,0xe3,0xff,0xa7,0xb6,0xcb,0xff,0xba,0x66,0x07,0xff,
    0x9b,0xb9,0xcc,0xff,0xd3,0xdf,0xe9,0xff,0xff,0xa8,0x03,0xff,0x8f,0x4e,0x60,0xff,
    0xef,0x93,0x02,0xff,0x90,0x41,0x58,0xff,0xce,0x67,0x83,0xff,0xcf,0x49,0x69,0xff,
    0x7d,0x3f,0x51,0xff,0xae,0xbe,0xfd,0xff,0xe9,0x89,0x01,0xff,0x8a,0x9b,0xcf,0xff,
    0x3e,0x4b,0x5a,0xff,0x99,0x60,0x14,0xff,0xe8,0x5a,0x7d,0xff,0x8e,0x9a,0xa9,0xff,
    0x57,0x33,0x3f,0xff,0x35,0x36,0x3f,0xff,0x9c,0xad,0xf0,0xff,0x40,0x41,0x4d,0xff,
    0x94,0xa8,0xc1,0xff,0xef,0xff,0xff,0xff,0xb0,0x5a,0x72,0xff,0xec,0x77,0x95,0xff,
    0x2e,0x2e,0x3d,0xff,0xbb,0x99,0x5d,0xff,0x9a,0xae,0xb4,0xff,0xb9,0x8c,0x3f,0xff,
    0x7d,0x99,0xb9,0xff,0x73,0x49,0x52,0xff,0xb2,0xad,0x9a,0xff,0x88,0x5f,0x6f,0xff,
    0xac,0x38,0x57,0xff,0xd6,0x5c,0x00,0xff,0x65,0x39,0x0c,0xff,0x7a,0x8a,0xc3,0xff,
    0xb1,0xc1,0xe8,0xff,0x76,0x29,0x3e,0xff,0xbe,0xcf,0xf9,0xff,0x75,0x6f,0x3d,0xff,
    0xc6,0xb5,0x93,0xff,0x98,0xae,0xd7,0xff,0x4d,0x69,0x50,0xff,0xa0,0x99,0xa4,0xff,
    0x60,0x58,0x4a,0xff,0x97,0x79,0x53,0xff,0xdf,0xd8,0xe1,0xff,0x9b,0x42,0x03,0xff,
    0x02,0xc0,0xe7,0xff,0x0f,0xa4,0xc0,0xff,0xa0,0x94,0x7e,0xff,0x04,0xe0,0xfe,0xff,
    0xf0,0xc6,0xd9,0xff,0xea,0xad,0xc4,0xff,0xf3,0x85,0xa6,0xff,0xe9,0x99,0xb3,0xff,

    0x00,0x00,0x00,0x00,0x00,0x00,0x00,0x00,0x00,0x00,0x00,0x00,0x00,0x00,0x00,0x00,0x00,0x00,0x00,0x00,0x00,0x00,0x00,0x00,0x00,0x00,0x00,0x00,0x00,0x00,0x00,0x00,0x00,0x00,0x00,0x00,0x00,0x00,0x00,0x00,0x00,0x00,0x00,0x00,0x00,0x00,0x00,0x00,0x00,0x00,0x00,0x00,0x00,0x00,0x00,0x00,0x00,0x00,0x00,0x00,0x00,0x00,0x00,0x04,0x00,0x04,0x00,0x00,0x00,0x00,0x00,0x00,0x00,0x00,0x00,0x00,0x00,0x00,0x00,0x00,0x00,0x00,0x00,0x00,0x00,0x00,0x00,0x00,0x00,0x00,0x00,0x00,0x00,0x00,0x00,0x00,0x00,0x00,0x00,0x00,0x00,0x00,0x00,0x00,0x00,0x00,0x00,0x00,0x00,0x00,0x00,0x00,0x00,0x00,0x00,0x00,0x00,0x00,0x00,0x00,0x00,0x00,0x00,0x00,0x00,0x00,0x00,0x00,0x00,0x00,0x00,0x00,0x00,0x00,0x00,0x00,0x00,0x00,0x00,0x00,0x00,0x00,0x00,0x00,
    0x00,0x00,0x00,0x00,0x00,0x00,0x00,0x00,0x00,0x00,0x00,0x00,0x00,0x00,0x00,0x00,0x00,0x00,0x00,0x00,0x00,0x00,0x00,0x00,0x00,0x00,0x00,0x00,0x00,0x00,0x00,0x00,0x00,0x00,0x00,0x00,0x00,0x00,0x00,0x00,0x00,0x00,0x00,0x00,0x00,0x00,0x00,0x00,0x00,0x00,0x00,0x00,0x00,0x00,0x00,0x00,0x00,0x00,0x00,0x00,0x00,0x00,0x04,0x00,0x06,0x00,0x15,0x14,0x4f,0x02,0x00,0x00,0x00,0x00,0x00,0x00,0x00,0x00,0x00,0x00,0x00,0x00,0x00,0x00,0x00,0x00,0x00,0x00,0x00,0x00,0x00,0x00,0x00,0x00,0x00,0x00,0x00,0x00,0x00,0x00,0x00,0x00,0x00,0x00,0x00,0x00,0x00,0x00,0x00,0x00,0x00,0x00,0x00,0x00,0x00,0x00,0x00,0x00,0x00,0x00,0x00,0x00,0x00,0x00,0x00,0x00,0x00,0x00,0x00,0x00,0x00,0x00,0x00,0x00,0x00,0x00,0x00,0x00,0x00,0x00,0x00,0x00,0x00,0x00,
    0x00,0x00,0x00,0x00,0x00,0x00,0x00,0x00,0x00,0x00,0x00,0x00,0x00,0x00,0x00,0x00,0x00,0x00,0x00,0x00,0x00,0x00,0x00,0x00,0x00,0x00,0x00,0x00,0x00,0x00,0x00,0x00,0x00,0x00,0x00,0x00,0x00,0x00,0x00,0x00,0x00,0x00,0x00,0x00,0x00,0x00,0x00,0x00,0x00,0x00,0x00,0x00,0x00,0x00,0x00,0x00,0x00,0x00,0x00,0x00,0x00,0x01,0x00,0x2d,0x20,0x3d,0x57,0x2e,0x78,0x0b,0x00,0x03,0x00,0x00,0x00,0x00,0x00,0x00,0x00,0x00,0x00,0x00,0x00,0x00,0x00,0x00,0x00,0x00,0x00,0x00,0x00,0x00,0x00,0x00,0x00,0x00,0x00,0x00,0x00,0x00,0x00,0x00,0x00,0x00,0x00,0x00,0x00,0x00,0x00,0x00,0x00,0x00,0x00,0x00,0x00,0x00,0x00,0x00,0x00,0x00,0x00,0x00,0x00,0x00,0x00,0x00,0x00,0x00,0x00,0x00,0x00,0x00,0x00,0x00,0x00,0x00,0x00,0x00,0x00,0x00,0x00,0x00,0x00,0x00,
    0x00,0x00,0x00,0x00,0x00,0x00,0x00,0x00,0x00,0x00,0x00,0x00,0x00,0x00,0x00,0x00,0x00,0x00,0x00,0x00,0x00,0x00,0x00,0x00,0x00,0x00,0x00,0x00,0x00,0x00,0x00,0x00,0x00,0x00,0x00,0x00,0x00,0x00,0x00,0x00,0x00,0x00,0x00,0x00,0x00,0x00,0x00,0x00,0x00,0x00,0x00,0x00,0x00,0x00,0x00,0x00,0x00,0x00,0x00,0x00,0x04,0x00,0x2d,0x45,0x67,0xb8,0x43,0x23,0x2d,0x00,0x04,0x00,0x00,0x00,0x00,0x00,0x00,0x00,0x00,0x00,0x00,0x00,0x00,0x00,0x00,0x00,0x00,0x00,0x00,0x00,0x00,0x00,0x00,0x00,0x00,0x00,0x00,0x00,0x00,0x00,0x00,0x00,0x00,0x00,0x00,0x00,0x00,0x00,0x00,0x00,0x00,0x00,0x00,0x00,0x00,0x00,0x00,0x00,0x00,0x00,0x00,0x00,0x00,0x00,0x00,0x00,0x00,0x00,0x00,0x00,0x00,0x00,0x00,0x00,0x00,0x00,0x00,0x00,0x00,0x00,0x00,0x00,0x00,0x00,
    0x00,0x00,0x00,0x00,0x00,0x00,0x00,0x00,0x00,0x00,0x00,0x00,0x00,0x00,0x00,0x00,0x00,0x00,0x00,0x00,0x00,0x00,0x00,0x00,0x00,0x00,0x00,0x00,0x00,0x00,0x00,0x00,0x00,0x00,0x00,0x00,0x00,0x00,0x00,0x00,0x00,0x00,0x00,0x00,0x00,0x00,0x00,0x00,0x00,0x00,0x00,0x00,0x00,0x00,0x00,0x00,0x00,0x00,0x00,0x04,0x04,0x2d,0x45,0x60,0xb8,0x46,0x2d,0x00,0x00,0x00,0x00,0x00,0x00,0x00,0x00,0x00,0x00,0x00,0x00,0x00,0x00,0x00,0x00,0x00,0x00,0x00,0x00,0x00,0x00,0x00,0x00,0x00,0x00,0x00,0x00,0x00,0x00,0x00,0x00,0x00,0x00,0x00,0x00,0x00,0x00,0x00,0x00,0x00,0x00,0x00,0x00,0x00,0x00,0x00,0x00,0x00,0x00,0x00,0x00,0x00,0x00,0x00,0x00,0x00,0x00,0x00,0x00,0x00,0x00,0x00,0x00,0x00,0x00,0x00,0x00,0x00,0x00,0x00,0x00,0x00,0x00,0x00,0x00,0x00,
    0x00,0x00,0x00,0x00,0x00,0x00,0x00,0x00,0x00,0x00,0x00,0x00,0x00,0x00,0x00,0x00,0x00,0x00,0x00,0x00,0x00,0x00,0x00,0x00,0x00,0x00,0x00,0x00,0x00,0x00,0x00,0x00,0x00,0x00,0x00,0x00,0x00,0x00,0x00,0x00,0x00,0x00,0x00,0x00,0x00,0x00,0x00,0x00,0x00,0x00,0x00,0x00,0x00,0x00,0x00,0x00,0x00,0x00,0x00,0x03,0x00,0x4d,0xe2,0x8a,0x55,0x25,0x00,0x10,0x03,0x00,0x00,0x00,0x00,0x00,0x00,0x00,0x00,0x00,0x00,0x00,0x00,0x00,0x00,0x00,0x00,0x00,0x00,0x00,0x00,0x00,0x00,0x00,0x00,0x00,0x00,0x00,0x00,0x00,0x00,0x00,0x00,0x00,0x00,0x00,0x00,0x00,0x00,0x00,0x00,0x00,0x00,0x00,0x00,0x00,0x00,0x00,0x00,0x00,0x00,0x00,0x00,0x00,0x00,0x00,0x00,0x00,0x00,0x00,0x00,0x00,0x00,0x00,0x00,0x00,0x00,0x00,0x00,0x00,0x00,0x00,0x00,0x00,0x00,0x00,
    0x00,0x00,0x00,0x00,0x00,0x00,0x00,0x00,0x00,0x00,0x00,0x00,0x00,0x00,0x00,0x00,0x00,0x00,0x00,0x00,0x00,0x00,0x00,0x00,0x00,0x00,0x00,0x00,0x00,0x00,0x00,0x00,0x00,0x00,0x00,0x00,0x00,0x00,0x00,0x00,0x00,0x00,0x00,0x00,0x00,0x00,0x00,0x00,0x00,0x00,0x00,0x00,0x00,0x00,0x00,0x00,0x00,0x00,0x01,0x00,0x16,0x50,0xaa,0x9c,0x65,0x14,0x03,0x06,0x00,0x00,0x00,0x00,0x00,0x00,0x00,0x00,0x00,0x00,0x00,0x00,0x00,0x00,0x00,0x00,0x00,0x00,0x00,0x00,0x00,0x00,0x00,0x00,0x00,0x00,0x00,0x00,0x00,0x00,0x00,0x00,0x00,0x00,0x00,0x00,0x00,0x00,0x00,0x00,0x00,0x00,0x00,0x00,0x00,0x00,0x00,0x00,0x00,0x00,0x00,0x00,0x00,0x00,0x00,0x00,0x00,0x00,0x00,0x00,0x00,0x00,0x00,0x00,0x00,0x00,0x00,0x00,0x00,0x00,0x00,0x00,0x00,0x00,0x00,0x00,
    0x00,0x00,0x00,0x00,0x00,0x00,0x00,0x00,0x00,0x00,0x00,0x00,0x00,0x00,0x00,0x00,0x00,0x00,0x00,0x00,0x00,0x00,0x00,0x00,0x00,0x00,0x00,0x00,0x00,0x00,0x00,0x00,0x00,0x00,0x00,0x00,0x00,0x00,0x00,0x00,0x00,0x00,0x00,0x00,0x00,0x00,0x00,0x00,0x00,0x00,0x00,0x00,0x00,0x00,0x00,0x00,0x00,0x00,0x06,0x00,0x13,0x59,0x8d,0x96,0x46,0x14,0x00,0x06,0x00,0x00,0x00,0x00,0x00,0x00,0x00,0x00,0x00,0x00,0x00,0x00,0x00,0x00,0x00,0x00,0x00,0x00,0x00,0x00,0x00,0x00,0x00,0x00,0x00,0x00,0x00,0x00,0x00,0x00,0x00,0x00,0x00,0x00,0x00,0x00,0x00,0x00,0x00,0x00,0x00,0x00,0x00,0x00,0x00,0x00,0x00,0x00,0x00,0x00,0x00,0x00,0x00,0x00,0x00,0x00,0x00,0x00,0x00,0x00,0x00,0x00,0x00,0x00,0x00,0x00,0x00,0x00,0x00,0x00,0x00,0x00,0x00,0x00,0x00,0x00,
    0x00,0x00,0x00,0x00,0x00,0x00,0x00,0x00,0x00,0x00,0x00,0x00,0x00,0x00,0x00,0x00,0x00,0x00,0x00,0x00,0x00,0x00,0x00,0x00,0x00,0x00,0x00,0x00,0x00,0x00,0x00,0x00,0x00,0x00,0x00,0x00,0x00,0x00,0x00,0x00,0x00,0x00,0x00,0x00,0x00,0x00,0x00,0x00,0x00,0x00,0x00,0x00,0x00,0x00,0x00,0x00,0x00,0x00,0x06,0x00,0x13,0x46,0x9b,0x1d,0x47,0x14,0x03,0x06,0x00,0x00,0x00,0x01,0x01,0x06,0x06,0x00,0x00,0x00,0x00,0x00,0x04,0x03,0x01,0x01,0x01,0x00,0x00,0x00,0x00,0x00,0x00,0x00,0x00,0x00,0x00,0x00,0x00,0x00,0x00,0x00,0x00,0x00,0x00,0x00,0x00,0x00,0x00,0x00,0x00,0x00,0x00,0x00,0x00,0x00,0x00,0x00,0x00,0x00,0x00,0x00,0x00,0x00,0x00,0x00,0x00,0x00,0x00,0x00,0x00,0x00,0x00,0x00,0x00,0x00,0x00,0x00,0x00,0x00,0x00,0x00,0x00,0x00,0x00,0x00,
    0x00,0x00,0x00,0x00,0x00,0x00,0x00,0x00,0x00,0x00,0x00,0x00,0x00,0x00,0x00,0x00,0x00,0x00,0x00,0x00,0x00,0x00,0x00,0x00,0x00,0x00,0x00,0x00,0x00,0x00,0x00,0x00,0x00,0x00,0x00,0x00,0x00,0x00,0x00,0x00,0x00,0x00,0x00,0x00,0x00,0x00,0x00,0x00,0x00,0x00,0x00,0x00,0x00,0x00,0x00,0x00,0x00,0x00,0x01,0x00,0x16,0x3d,0xa4,0xa5,0x6f,0x1a,0x00,0x00,0x00,0x00,0x00,0x00,0x00,0x00,0x00,0x06,0x1f,0x1f,0x1f,0x02,0x00,0x00,0x00,0x00,0x00,0x00,0x01,0x01,0x00,0x00,0x00,0x00,0x00,0x00,0x00,0x00,0x00,0x00,0x00,0x00,0x00,0x00,0x00,0x00,0x00,0x00,0x00,0x00,0x00,0x00,0x00,0x00,0x00,0x00,0x00,0x00,0x00,0x00,0x00,0x00,0x00,0x00,0x00,0x00,0x00,0x00,0x00,0x00,0x00,0x00,0x00,0x00,0x00,0x00,0x00,0x00,0x00,0x00,0x00,0x00,0x00,0x00,0x00,0x00,
    0x00,0x00,0x00,0x00,0x00,0x00,0x00,0x00,0x00,0x00,0x00,0x00,0x00,0x00,0x00,0x00,0x00,0x00,0x00,0x00,0x00,0x00,0x00,0x00,0x00,0x00,0x00,0x00,0x00,0x00,0x00,0x00,0x00,0x00,0x00,0x00,0x00,0x00,0x00,0x00,0x00,0x00,0x00,0x00,0x00,0x00,0x00,0x00,0x00,0x00,0x00,0x00,0x00,0x00,0x00,0x00,0x00,0x00,0x00,0x03,0x10,0x22,0x9f,0x9e,0xa9,0x46,0x23,0x16,0x04,0x04,0x10,0x1e,0x14,0x20,0x3f,0x1a,0x25,0x25,0x45,0x1a,0x14,0x36,0x36,0x39,0x16,0x10,0x00,0x00,0x00,0x01,0x00,0x00,0x00,0x00,0x00,0x00,0x00,0x00,0x00,0x00,0x00,0x00,0x00,0x00,0x00,0x00,0x00,0x00,0x00,0x00,0x00,0x00,0x00,0x00,0x00,0x00,0x00,0x00,0x00,0x00,0x00,0x00,0x00,0x00,0x00,0x00,0x00,0x00,0x00,0x00,0x00,0x00,0x00,0x00,0x00,0x00,0x00,0x00,0x00,0x00,0x00,0x00,0x00,0x00,
    0x00,0x00,0x00,0x00,0x00,0x00,0x00,0x00,0x00,0x00,0x00,0x00,0x00,0x00,0x00,0x00,0x00,0x00,0x00,0x00,0x00,0x00,0x00,0x00,0x00,0x00,0x00,0x00,0x00,0x00,0x00,0x00,0x00,0x00,0x00,0x00,0x00,0x00,0x00,0x00,0x00,0x00,0x00,0x00,0x00,0x00,0x00,0x00,0x00,0x00,0x00,0x00,0x00,0x00,0x00,0x00,0x00,0x00,0x00,0x06,0x06,0x20,0x3b,0xb1,0x9e,0x98,0x3d,0x6b,0x5e,0x75,0x22,0x4d,0x66,0x50,0x2c,0x57,0x11,0x41,0x41,0x8d,0xa4,0x44,0x2c,0x3c,0x53,0x5e,0x39,0x16,0x00,0x00,0x04,0x04,0x00,0x00,0x00,0x00,0x00,0x00,0x00,0x00,0x00,0x00,0x00,0x00,0x00,0x00,0x00,0x00,0x00,0x00,0x00,0x00,0x00,0x00,0x00,0x00,0x00,0x00,0x00,0x00,0x00,0x00,0x00,0x00,0x00,0x00,0x00,0x00,0x00,0x00,0x00,0x00,0x00,0x00,0x00,0x00,0x00,0x00,0x00,0x00,0x00,0x00,0x00,0x00,
    0x00,0x00,0x00,0x00,0x00,0x00,0x00,0x00,0x00,0x00,0x00,0x00,0x00,0x00,0x00,0x00,0x00,0x00,0x00,0x00,0x00,0x00,0x00,0x00,0x00,0x00,0x00,0x00,0x00,0x00,0x00,0x00,0x00,0x00,0x00,0x00,0x00,0x00,0x00,0x00,0x00,0x00,0x00,0x00,0x00,0x00,0x00,0x00,0x00,0x00,0x00,0x00,0x00,0x00,0x00,0x00,0x00,0x01,0x06,0x00,0x00,0x00,0x23,0x17,0x55,0x11,0xa4,0xe2,0x44,0x44,0x68,0xc8,0xad,0xa3,0xbd,0x92,0x90,0x90,0x8c,0x90,0x80,0xa9,0xa9,0xbd,0xe2,0x40,0x76,0x4d,0x78,0x4f,0x00,0x00,0x01,0x00,0x00,0x00,0x00,0x00,0x00,0x00,0x00,0x00,0x00,0x00,0x00,0x00,0x00,0x00,0x00,0x00,0x00,0x00,0x00,0x00,0x00,0x00,0x00,0x00,0x00,0x00,0x00,0x00,0x00,0x00,0x00,0x00,0x00,0x00,0x00,0x00,0x00,0x00,0x00,0x00,0x00,0x00,0x00,0x00,0x00,0x00,0x00,0x00,0x00,0x00,
    0x00,0x00,0x00,0x00,0x00,0x00,0x00,0x00,0x00,0x00,0x00,0x00,0x00,0x00,0x00,0x00,0x00,0x00,0x00,0x00,0x00,0x00,0x00,0x00,0x00,0x00,0x00,0x00,0x00,0x00,0x00,0x00,0x00,0x00,0x00,0x00,0x00,0x00,0x00,0x00,0x00,0x00,0x00,0x00,0x00,0x00,0x00,0x00,0x00,0x00,0x00,0x00,0x00,0x00,0x00,0x01,0x03,0x00,0x00,0x10,0x14,0x20,0x3f,0x49,0x25,0x3d,0x32,0xd7,0xc5,0x92,0xc0,0x8c,0x8c,0x90,0x8c,0x80,0x80,0x85,0x85,0x85,0x80,0x90,0x90,0x90,0x9b,0x8c,0xb1,0x24,0x3a,0x53,0x1a,0x16,0x00,0x01,0x00,0x00,0x00,0x00,0x00,0x00,0x00,0x00,0x00,0x00,0x00,0x00,0x00,0x00,0x00,0x00,0x00,0x00,0x00,0x00,0x00,0x00,0x00,0x00,0x00,0x00,0x00,0x00,0x00,0x00,0x00,0x00,0x00,0x00,0x00,0x00,0x00,0x00,0x00,0x00,0x00,0x00,0x00,0x00,0x00,0x00,0x00,0x00,0x00,0x00,
    0x00,0x00,0x00,0x00,0x00,0x00,0x00,0x00,0x00,0x00,0x00,0x00,0x00,0x00,0x00,0x00,0x00,0x00,0x00,0x00,0x00,0x00,0x00,0x00,0x00,0x00,0x00,0x00,0x00,0x00,0x00,0x00,0x00,0x00,0x00,0x00,0x00,0x00,0x00,0x00,0x00,0x00,0x00,0x00,0x00,0x00,0x00,0x00,0x00,0x00,0x00,0x00,0x00,0x03,0x00,0x00,0x00,0x1e,0x23,0x45,0x3d,0x42,0x3a,0x2c,0x57,0x0e,0xb1,0x1d,0x80,0x85,0x80,0x85,0x85,0x85,0x85,0x80,0x80,0x80,0x80,0x80,0x80,0x80,0x85,0x85,0x92,0x85,0x90,0x9b,0xaa,0x21,0x60,0x42,0x2d,0x00,0x06,0x00,0x00,0x00,0x00,0x00,0x00,0x00,0x00,0x00,0x00,0x00,0x00,0x00,0x00,0x00,0x00,0x00,0x00,0x00,0x00,0x00,0x00,0x00,0x00,0x00,0x00,0x00,0x00,0x00,0x00,0x00,0x00,0x00,0x00,0x00,0x00,0x00,0x00,0x00,0x00,0x00,0x00,0x00,0x00,0x00,0x00,0x00,0x00,0x00,
    0x00,0x00,0x00,0x00,0x00,0x00,0x00,0x00,0x00,0x00,0x00,0x00,0x00,0x00,0x00,0x00,0x00,0x00,0x00,0x00,0x00,0x00,0x00,0x00,0x00,0x00,0x00,0x00,0x00,0x00,0x00,0x00,0x00,0x00,0x00,0x00,0x00,0x00,0x00,0x00,0x00,0x00,0x00,0x00,0x00,0x00,0x00,0x00,0x00,0x00,0x00,0x00,0x03,0x00,0x00,0x13,0x20,0x17,0x57,0x3b,0x24,0x9f,0xb3,0xa6,0x99,0x8e,0x8c,0x80,0x80,0x80,0x80,0x80,0x80,0x80,0x80,0x80,0x80,0x80,0x80,0x80,0x80,0x80,0x80,0x80,0x80,0x80,0x85,0x92,0x8c,0x8c,0xa1,0x6f,0x17,0x14,0x00,0x06,0x00,0x00,0x00,0x00,0x00,0x00,0x00,0x00,0x00,0x00,0x00,0x00,0x00,0x00,0x00,0x00,0x00,0x00,0x00,0x00,0x00,0x00,0x00,0x00,0x00,0x00,0x00,0x00,0x00,0x00,0x00,0x00,0x00,0x00,0x00,0x00,0x00,0x00,0x00,0x00,0x00,0x00,0x00,0x00,0x00,0x00,0x00,0x00,
    0x00,0x00,0x00,0x00,0x00,0x00,0x00,0x00,0x00,0x00,0x00,0x00,0x00,0x00,0x00,0x00,0x00,0x00,0x00,0x00,0x00,0x00,0x00,0x00,0x00,0x00,0x00,0x00,0x00,0x00,0x00,0x00,0x00,0x00,0x00,0x00,0x00,0x00,0x00,0x00,0x00,0x00,0x00,0x00,0x00,0x00,0x00,0x00,0x00,0x00,0x03,0x01,0x04,0x1f,0x22,0x3d,0x40,0x42,0x17,0x17,0x65,0xa3,0xbd,0x90,0x90,0x80,0x80,0x80,0x80,0x80,0x80,0x80,0x80,0x80,0x80,0x80,0x80,0x80,0x80,0x80,0x80,0x80,0x80,0x80,0x80,0x80,0x80,0x80,0x85,0x85,0x85,0xa5,0x11,0x3d,0x23,0x00,0x01,0x03,0x00,0x00,0x00,0x00,0x00,0x00,0x00,0x00,0x00,0x00,0x00,0x00,0x00,0x00,0x00,0x00,0x00,0x00,0x00,0x00,0x00,0x00,0x00,0x00,0x00,0x00,0x00,0x00,0x00,0x00,0x00,0x00,0x00,0x00,0x00,0x00,0x00,0x00,0x00,0x00,0x00,0x00,0x00,0x00,0x00,0x00,
    0x00,0x00,0x00,0x00,0x00,0x00,0x00,0x00,0x00,0x00,0x00,0x00,0x00,0x00,0x00,0x00,0x00,0x00,0x00,0x00,0x00,0x00,0x00,0x00,0x00,0x00,0x00,0x00,0x00,0x00,0x00,0x00,0x00,0x00,0x00,0x00,0x00,0x00,0x00,0x00,0x00,0x00,0x00,0x00,0x00,0x00,0x00,0x00,0x00,0x03,0x00,0x00,0x00,0x6b,0x44,0x40,0x22,0x16,0x49,0x19,0x9e,0xa1,0x80,0x85,0x85,0x80,0x80,0x80,0x80,0x80,0x80,0x80,0x80,0x80,0x80,0x80,0x80,0x80,0x80,0x80,0x80,0x80,0x80,0x80,0x80,0x80,0x80,0x80,0x80,0x80,0x80,0x92,0x90,0xa4,0x2e,0x1a,0x00,0x00,0x04,0x00,0x00,0x00,0x00,0x00,0x00,0x00,0x00,0x00,0x00,0x00,0x00,0x00,0x00,0x00,0x00,0x00,0x00,0x00,0x00,0x00,0x00,0x00,0x00,0x00,0x00,0x00,0x00,0x00,0x00,0x00,0x00,0x00,0x00,0x00,0x00,0x00,0x00,0x00,0x00,0x00,0x00,0x00,0x00,0x00,
    0x00,0x00,0x00,0x00,0x00,0x00,0x00,0x00,0x00,0x00,0x00,0x00,0x00,0x00,0x00,0x00,0x00,0x00,0x00,0x00,0x00,0x00,0x00,0x00,0x00,0x00,0x00,0x00,0x00,0x00,0x00,0x00,0x00,0x00,0x00,0x00,0x00,0x00,0x00,0x00,0x00,0x00,0x00,0x00,0x00,0x00,0x00,0x00,0x01,0x00,0x5a,0x79,0x3c,0x33,0x7a,0x10,0x16,0x66,0x19,0x9e,0xa3,0x80,0x80,0x80,0x80,0x80,0x80,0x80,0x80,0x80,0x80,0x80,0x80,0x80,0x80,0x80,0x80,0x80,0x80,0x80,0x80,0x80,0x80,0x80,0x80,0x80,0x80,0x80,0x80,0x80,0x80,0x80,0x85,0x8c,0x98,0xad,0x43,0x10,0x03,0x03,0x00,0x00,0x00,0x00,0x00,0x00,0x00,0x00,0x00,0x00,0x00,0x00,0x00,0x00,0x00,0x00,0x00,0x00,0x00,0x00,0x00,0x00,0x00,0x00,0x00,0x00,0x00,0x00,0x00,0x00,0x00,0x00,0x00,0x00,0x00,0x00,0x00,0x00,0x00,0x00,0x00,0x00,0x00,0x00,
    0x00,0x00,0x00,0x00,0x00,0x00,0x00,0x00,0x00,0x00,0x00,0x00,0x00,0x00,0x00,0x00,0x00,0x00,0x00,0x00,0x00,0x00,0x00,0x00,0x00,0x00,0x00,0x00,0x00,0x00,0x00,0x00,0x00,0x00,0x00,0x00,0x00,0x00,0x00,0x00,0x00,0x00,0x00,0x00,0x00,0x00,0x00,0x01,0x00,0x0b,0x6b,0x33,0x3a,0x79,0x03,0x16,0x42,0x19,0xa1,0x92,0x85,0x80,0x80,0x80,0x80,0x80,0x80,0x80,0x80,0x80,0x80,0x80,0x80,0x80,0x80,0x80,0x80,0x80,0x80,0x80,0x80,0x80,0x80,0x80,0x80,0x80,0x80,0x80,0x80,0x80,0x80,0x80,0x80,0x92,0x90,0xa9,0xae,0x7d,0x10,0x01,0x03,0x00,0x00,0x00,0x00,0x00,0x00,0x00,0x00,0x00,0x00,0x00,0x00,0x00,0x00,0x00,0x00,0x00,0x00,0x00,0x00,0x00,0x00,0x00,0x00,0x00,0x00,0x00,0x00,0x00,0x00,0x00,0x00,0x00,0x00,0x00,0x00,0x00,0x00,0x00,0x00,0x00,0x00,0x00,
    0x00,0x00,0x00,0x00,0x00,0x00,0x00,0x00,0x00,0x00,0x00,0x00,0x00,0x00,0x00,0x00,0x00,0x00,0x00,0x00,0x00,0x00,0x00,0x00,0x00,0x00,0x00,0x00,0x00,0x00,0x00,0x00,0x00,0x00,0x00,0x00,0x00,0x00,0x00,0x00,0x00,0x00,0x00,0x00,0x00,0x00,0x04,0x00,0x15,0x5f,0x4c,0x6b,0x39,0x00,0x3f,0x61,0xa4,0x89,0x85,0x80,0x80,0x80,0x80,0x80,0x80,0x80,0x80,0x80,0x80,0x80,0x80,0x80,0x92,0x80,0x80,0x80,0x80,0x80,0x80,0x80,0x80,0x80,0x80,0x80,0x85,0x85,0x80,0x80,0x80,0x80,0x80,0x80,0x80,0x80,0x92,0x8c,0x0e,0x44,0x5e,0x00,0x06,0x00,0x00,0x00,0x00,0x00,0x00,0x00,0x00,0x00,0x00,0x00,0x00,0x00,0x00,0x00,0x00,0x00,0x00,0x00,0x00,0x00,0x00,0x00,0x00,0x00,0x00,0x00,0x00,0x00,0x00,0x00,0x00,0x00,0x00,0x00,0x00,0x00,0x00,0x00,0x00,0x00,0x00,0x00,
    0x00,0x00,0x00,0x00,0x00,0x00,0x00,0x00,0x00,0x00,0x00,0x00,0x00,0x00,0x00,0x00,0x00,0x00,0x00,0x00,0x00,0x00,0x00,0x00,0x00,0x00,0x00,0x00,0x00,0x00,0x00,0x00,0x00,0x00,0x00,0x00,0x00,0x00,0x00,0x00,0x00,0x00,0x00,0x00,0x00,0x04,0x01,0x4f,0x5f,0x4c,0x6b,0x4f,0x00,0x14,0x65,0x89,0x8e,0x05,0x90,0x80,0x80,0x80,0x80,0x80,0x80,0x80,0x80,0x80,0x80,0x80,0x80,0x85,0x96,0x80,0x85,0x80,0x80,0x80,0x80,0x80,0x80,0x80,0x80,0x85,0x90,0x8c,0x85,0x80,0x80,0x80,0x80,0x80,0x80,0x80,0x80,0x92,0xa1,0xaa,0x76,0x13,0x00,0x06,0x00,0x00,0x00,0x00,0x00,0x00,0x00,0x00,0x00,0x00,0x00,0x00,0x00,0x00,0x00,0x00,0x00,0x00,0x00,0x00,0x00,0x00,0x00,0x00,0x00,0x00,0x00,0x00,0x00,0x00,0x00,0x00,0x00,0x00,0x00,0x00,0x00,0x00,0x00,0x00,0x00,0x00,
    0x00,0x00,0x00,0x00,0x00,0x00,0x00,0x00,0x00,0x00,0x00,0x00,0x00,0x00,0x00,0x00,0x00,0x00,0x00,0x00,0x00,0x00,0x00,0x00,0x00,0x00,0x00,0x00,0x00,0x00,0x00,0x00,0x00,0x00,0x00,0x00,0x00,0x00,0x00,0x00,0x00,0x00,0x00,0x00,0x00,0x01,0x00,0x5f,0x4c,0x33,0x5b,0x00,0x10,0x54,0x56,0x87,0x05,0x89,0x80,0x90,0x80,0x80,0x80,0x80,0x80,0x80,0x80,0x80,0x80,0x80,0x92,0x97,0xa2,0xbd,0x8c,0x85,0x80,0x80,0x80,0x80,0x80,0x80,0x85,0x90,0xa9,0xbd,0x8c,0x85,0x80,0x80,0x80,0x80,0x80,0x80,0x80,0x80,0x80,0x87,0x74,0x43,0x2d,0x04,0x04,0x00,0x00,0x00,0x00,0x00,0x00,0x00,0x00,0x00,0x00,0x00,0x00,0x00,0x00,0x00,0x00,0x00,0x00,0x00,0x00,0x00,0x00,0x00,0x00,0x00,0x00,0x00,0x00,0x00,0x00,0x00,0x00,0x00,0x00,0x00,0x00,0x00,0x00,0x00,0x00,0x00,
    0x00,0x00,0x00,0x00,0x00,0x00,0x00,0x00,0x00,0x00,0x00,0x00,0x00,0x00,0x00,0x00,0x00,0x00,0x00,0x00,0x00,0x00,0x00,0x00,0x00,0x00,0x00,0x00,0x00,0x00,0x00,0x00,0x00,0x00,0x00,0x00,0x00,0x00,0x00,0x00,0x00,0x00,0x00,0x00,0x01,0x00,0x75,0x33,0x33,0x7a,0x1f,0x00,0x20,0x63,0x89,0x05,0x87,0xa1,0x8c,0x96,0x85,0x80,0x80,0x80,0x80,0x80,0x80,0x80,0x80,0x85,0x96,0x4b,0xb6,0x1d,0x80,0x80,0x80,0x80,0x80,0x80,0x80,0x80,0x80,0x90,0xa9,0x32,0x90,0x80,0x80,0x80,0x80,0x80,0x80,0x80,0x80,0x85,0xa5,0x87,0x8d,0x56,0x49,0x00,0x06,0x00,0x00,0x00,0x00,0x00,0x00,0x00,0x00,0x00,0x00,0x00,0x00,0x00,0x00,0x00,0x00,0x00,0x00,0x00,0x00,0x00,0x00,0x00,0x00,0x00,0x00,0x00,0x00,0x00,0x00,0x00,0x00,0x00,0x00,0x00,0x00,0x00,0x00,0x00,0x00,0x00,
    0x00,0x00,0x00,0x00,0x00,0x00,0x00,0x00,0x00,0x00,0x00,0x00,0x00,0x00,0x00,0x00,0x00,0x00,0x00,0x00,0x00,0x00,0x00,0x00,0x00,0x00,0x00,0x00,0x00,0x00,0x00,0x00,0x00,0x00,0x00,0x00,0x00,0x00,0x00,0x00,0x00,0x00,0x00,0x01,0x00,0x4f,0x2c,0x4c,0x5f,0x15,0x03,0x14,0x61,0xa4,0x05,0x05,0xa5,0x92,0xa1,0xa5,0x85,0x80,0x80,0x80,0x80,0x85,0x80,0x80,0x92,0x97,0xc8,0xb2,0xc6,0xa1,0x80,0x80,0x80,0x80,0x80,0x80,0x80,0x80,0x80,0x92,0x9b,0xb3,0xe4,0x9b,0x85,0x80,0x80,0x80,0x80,0x80,0x80,0x85,0xa5,0x89,0x8e,0x8d,0x42,0x15,0x00,0x04,0x00,0x00,0x00,0x00,0x00,0x00,0x00,0x00,0x00,0x00,0x00,0x00,0x00,0x00,0x00,0x00,0x00,0x00,0x00,0x00,0x00,0x00,0x00,0x00,0x00,0x00,0x00,0x00,0x00,0x00,0x00,0x00,0x00,0x00,0x00,0x00,0x00,0x00,0x00,0x00,
    0x00,0x00,0x00,0x00,0x00,0x00,0x00,0x00,0x00,0x00,0x00,0x00,0x00,0x00,0x00,0x00,0x00,0x00,0x00,0x00,0x00,0x00,0x00,0x00,0x00,0x00,0x00,0x00,0x00,0x00,0x00,0x00,0x00,0x00,0x00,0x00,0x00,0x00,0x00,0x00,0x00,0x00,0x04,0x01,0x02,0x75,0x33,0x2c,0x15,0x00,0x00,0x25,0x56,0x8e,0x8d,0x9e,0x80,0x85,0x90,0x8c,0x85,0x80,0x80,0x80,0x85,0x8c,0x80,0x92,0x97,0xb4,0xb2,0x98,0xa2,0x8e,0xa1,0x85,0x80,0x80,0x80,0x80,0x80,0x80,0x80,0x92,0x97,0xa2,0xe4,0xc8,0x9b,0x92,0x90,0x80,0x85,0x96,0x8c,0x80,0x97,0x89,0x87,0x8a,0x61,0x10,0x00,0x00,0x00,0x00,0x00,0x00,0x00,0x00,0x00,0x00,0x00,0x00,0x00,0x00,0x00,0x00,0x00,0x00,0x00,0x00,0x00,0x00,0x00,0x00,0x00,0x00,0x00,0x00,0x00,0x00,0x00,0x00,0x00,0x00,0x00,0x00,0x00,0x00,0x00,0x00,0x00,0x00,
    0x00,0x00,0x00,0x00,0x00,0x00,0x00,0x00,0x00,0x00,0x00,0x00,0x00,0x00,0x00,0x00,0x00,0x00,0x00,0x00,0x00,0x00,0x00,0x00,0x00,0x00,0x00,0x00,0x00,0x00,0x00,0x00,0x00,0x00,0x00,0x00,0x00,0x00,0x00,0x00,0x00,0x00,0x01,0x00,0x36,0x40,0x2c,0x39,0x00,0x6e,0x16,0x2e,0x8a,0xa5,0xa5,0x89,0x90,0x85,0x85,0x92,0x85,0x80,0x80,0x92,0x8c,0xc5,0x92,0x8c,0xb1,0xb2,0xbb,0xa0,0xa2,0x9e,0x80,0x85,0x80,0x80,0x80,0x80,0x80,0x80,0x80,0x92,0x9b,0x4b,0xec,0xe4,0xbd,0x9b,0xb4,0xb1,0x90,0x90,0xa5,0x80,0x90,0x90,0x9e,0x1d,0xb2,0x13,0x01,0x01,0x00,0x00,0x00,0x00,0x00,0x00,0x00,0x00,0x00,0x00,0x00,0x00,0x00,0x00,0x00,0x00,0x00,0x00,0x00,0x00,0x00,0x00,0x00,0x00,0x00,0x00,0x00,0x00,0x00,0x00,0x00,0x00,0x00,0x00,0x00,0x00,0x00,0x00,0x00,0x00,
    0x00,0x00,0x00,0x00,0x00,0x00,0x00,0x00,0x00,0x00,0x00,0x00,0x00,0x00,0x00,0x00,0x00,0x00,0x00,0x00,0x00,0x00,0x00,0x00,0x00,0x00,0x00,0x00,0x00,0x00,0x00,0x00,0x00,0x00,0x00,0x00,0x00,0x00,0x00,0x00,0x00,0x04,0x04,0x15,0x66,0xb3,0x53,0x06,0x06,0x06,0x23,0x60,0x1d,0x80,0xa1,0x8e,0x8c,0x90,0x96,0x9b,0x96,0x85,0x92,0x9b,0xc6,0xb2,0x9b,0x80,0xb2,0x19,0xa3,0xa4,0xa2,0x96,0x92,0x80,0x80,0x80,0x80,0x80,0x80,0x80,0x80,0x92,0x97,0xaa,0xc5,0x1d,0xe4,0x9b,0xb8,0xad,0x96,0x92,0x90,0x80,0x85,0x80,0x92,0x9b,0x21,0x2f,0x00,0x02,0x00,0x00,0x00,0x00,0x00,0x00,0x00,0x00,0x00,0x00,0x00,0x00,0x00,0x00,0x00,0x00,0x00,0x00,0x00,0x00,0x00,0x00,0x00,0x00,0x00,0x00,0x00,0x00,0x00,0x00,0x00,0x00,0x00,0x00,0x00,0x00,0x00,0x00,0x00,0x00,
    0x00,0x00,0x00,0x00,0x00,0x00,0x00,0x00,0x00,0x00,0x00,0x00,0x00,0x00,0x00,0x00,0x00,0x00,0x00,0x00,0x00,0x00,0x00,0x00,0x00,0x00,0x00,0x00,0x00,0x00,0x00,0x00,0x00,0x00,0x00,0x00,0x00,0x00,0x00,0x00,0x00,0x02,0x00,0x1a,0x40,0x3a,0x39,0x00,0x1f,0x00,0x3f,0xa5,0x90,0x85,0x80,0x8c,0x8c,0x92,0xb3,0xbe,0xb8,0xb7,0xdd,0xbd,0x32,0xa1,0xb7,0xc8,0x9f,0x8e,0x89,0xb8,0xa2,0x97,0x92,0x80,0x80,0x80,0x80,0x80,0x80,0x80,0x80,0x92,0x97,0xad,0xb4,0x95,0xc6,0xc6,0x9e,0xc8,0x90,0x85,0x85,0x80,0x80,0x80,0x85,0x96,0x19,0x2c,0x36,0x00,0x04,0x00,0x00,0x00,0x00,0x00,0x00,0x00,0x00,0x00,0x00,0x00,0x00,0x00,0x00,0x00,0x00,0x00,0x00,0x00,0x00,0x00,0x00,0x00,0x00,0x00,0x00,0x00,0x00,0x00,0x00,0x00,0x00,0x00,0x00,0x00,0x00,0x00,0x00,0x00,
    0x00,0x00,0x00,0x00,0x00,0x00,0x00,0x00,0x00,0x00,0x00,0x00,0x00,0x00,0x00,0x00,0x00,0x00,0x00,0x00,0x00,0x00,0x00,0x00,0x00,0x00,0x00,0x00,0x00,0x00,0x00,0x00,0x00,0x00,0x00,0x00,0x00,0x00,0x00,0x00,0x00,0x04,0x00,0x17,0x1c,0x3a,0x15,0x06,0x06,0x1e,0x47,0x97,0x85,0x80,0x80,0x92,0x9b,0x1c,0xe8,0xcf,0xcd,0xbe,0x9f,0xb3,0xb4,0x9b,0xb1,0xd7,0x8e,0x89,0x95,0x19,0xc6,0x97,0x92,0x80,0x80,0x80,0x80,0x80,0x80,0x80,0x80,0x92,0x97,0x9f,0xad,0x95,0x89,0xae,0xa3,0xdc,0xb1,0x8c,0x85,0x80,0x80,0x80,0x80,0x92,0x96,0xb4,0x2c,0x27,0x04,0x01,0x00,0x00,0x00,0x00,0x00,0x00,0x00,0x00,0x00,0x00,0x00,0x00,0x00,0x00,0x00,0x00,0x00,0x00,0x00,0x00,0x00,0x00,0x00,0x00,0x00,0x00,0x00,0x00,0x00,0x00,0x00,0x00,0x00,0x00,0x00,0x00,0x00,0x00,
    0x00,0x00,0x00,0x00,0x00,0x00,0x00,0x00,0x00,0x00,0x00,0x00,0x00,0x00,0x00,0x00,0x00,0x00,0x00,0x00,0x00,0x00,0x00,0x00,0x00,0x00,0x00,0x00,0x00,0x00,0x00,0x00,0x00,0x00,0x00,0x00,0x00,0x00,0x00,0x00,0x04,0x00,0x15,0x4d,0xbe,0x73,0x00,0x06,0x00,0x17,0x1d,0x90,0x85,0x92,0xc0,0xc0,0xb1,0xab,0xcf,0xd6,0xd6,0xcf,0xcd,0xdb,0xc5,0xb7,0xd7,0xa4,0x95,0xa8,0xb8,0x1c,0xd7,0x9b,0x92,0x80,0x80,0x80,0x80,0x80,0x80,0x80,0x80,0xa5,0xb7,0xaa,0x32,0x24,0x98,0xb4,0xaa,0xaa,0xc8,0x97,0x92,0x85,0x80,0x80,0x80,0x92,0x8c,0xb4,0x71,0x5e,0x00,0x01,0x00,0x00,0x00,0x00,0x00,0x00,0x00,0x00,0x00,0x00,0x00,0x00,0x00,0x00,0x00,0x00,0x00,0x00,0x00,0x00,0x00,0x00,0x00,0x00,0x00,0x00,0x00,0x00,0x00,0x00,0x00,0x00,0x00,0x00,0x00,0x00,0x00,0x00,
    0x00,0x00,0x00,0x00,0x00,0x00,0x00,0x00,0x00,0x00,0x00,0x00,0x00,0x00,0x00,0x00,0x00,0x00,0x00,0x00,0x00,0x00,0x00,0x00,0x00,0x00,0x00,0x00,0x00,0x00,0x00,0x00,0x00,0x00,0x00,0x00,0x00,0x00,0x00,0x00,0x06,0x00,0x23,0x2e,0x2c,0x39,0x03,0x03,0x1e,0x47,0xa3,0x80,0x80,0xc0,0xc0,0x80,0x8c,0x1c,0xcd,0xe8,0xcf,0xd6,0xd6,0xed,0xad,0xa9,0xa2,0xa8,0xaa,0xa2,0x9f,0x0e,0xe2,0x8c,0x85,0x92,0x80,0x80,0x80,0x80,0x80,0x80,0x80,0x80,0x97,0xaa,0xaa,0xa4,0xa6,0x9f,0xa6,0xaa,0xa2,0x9b,0x92,0x90,0x80,0x80,0x96,0x85,0x8c,0xb1,0x44,0x77,0x1e,0x00,0x04,0x00,0x00,0x00,0x00,0x00,0x00,0x00,0x00,0x00,0x00,0x00,0x00,0x00,0x00,0x00,0x00,0x00,0x00,0x00,0x00,0x00,0x00,0x00,0x00,0x00,0x00,0x00,0x00,0x00,0x00,0x00,0x00,0x00,0x00,0x00,0x00,0x00,
    0x00,0x00,0x00,0x00,0x00,0x00,0x00,0x00,0x00,0x00,0x00,0x00,0x00,0x00,0x00,0x00,0x00,0x00,0x00,0x00,0x00,0x00,0x00,0x00,0x00,0x00,0x00,0x00,0x00,0x00,0x00,0x00,0x00,0x00,0x00,0x00,0x00,0x00,0x00,0x00,0x01,0x00,0x36,0x40,0x2c,0x13,0x00,0x00,0x20,0x6f,0x8c,0xa9,0x80,0x80,0x90,0x1d,0xa9,0xb7,0x90,0xe2,0xb3,0xcd,0xe8,0xe5,0xb7,0xdc,0xa6,0x24,0xc9,0x8d,0x99,0x98,0xb2,0x9b,0xb4,0xae,0x96,0x92,0x80,0x80,0x80,0x80,0x80,0x92,0x97,0x9f,0xb4,0x95,0x05,0x0e,0x32,0xb2,0xa2,0x97,0x92,0xa1,0x90,0x80,0x90,0x80,0x90,0xa9,0xb2,0x3b,0x20,0x00,0x06,0x00,0x00,0x00,0x00,0x00,0x00,0x00,0x00,0x00,0x00,0x00,0x00,0x00,0x00,0x00,0x00,0x00,0x00,0x00,0x00,0x00,0x00,0x00,0x00,0x00,0x00,0x00,0x00,0x00,0x00,0x00,0x00,0x00,0x00,0x00,0x00,0x00,
    0x00,0x00,0x00,0x00,0x00,0x00,0x00,0x00,0x00,0x00,0x00,0x00,0x00,0x00,0x00,0x00,0x00,0x00,0x00,0x00,0x00,0x00,0x00,0x00,0x00,0x00,0x00,0x00,0x00,0x00,0x00,0x00,0x00,0x00,0x00,0x00,0x00,0x00,0x00,0x00,0x01,0x00,0x36,0x2e,0x50,0x15,0x00,0x00,0x25,0x55,0xbb,0xbd,0x8c,0x92,0x9b,0x32,0xd0,0xbe,0xaa,0xb7,0xc2,0xb6,0x32,0x4b,0x4b,0x21,0xa4,0x8d,0x8d,0x98,0x98,0x98,0xb2,0x97,0xa2,0xae,0x96,0x85,0x80,0x80,0x80,0x80,0x80,0x85,0x96,0xad,0xb4,0x99,0x8d,0x9c,0xa4,0xb3,0xb2,0x8c,0x85,0x85,0x80,0x80,0x80,0x92,0x90,0x1d,0xa2,0x47,0x1a,0x00,0x01,0x00,0x00,0x00,0x00,0x00,0x00,0x00,0x00,0x00,0x00,0x00,0x00,0x00,0x00,0x00,0x00,0x00,0x00,0x00,0x00,0x00,0x00,0x00,0x00,0x00,0x00,0x00,0x00,0x00,0x00,0x00,0x00,0x00,0x00,0x00,0x00,0x00,
    0x00,0x00,0x00,0x00,0x00,0x00,0x00,0x00,0x00,0x00,0x00,0x00,0x00,0x00,0x00,0x00,0x00,0x00,0x00,0x00,0x00,0x00,0x00,0x00,0x00,0x00,0x00,0x00,0x00,0x00,0x00,0x00,0x00,0x00,0x00,0x00,0x00,0x00,0x00,0x00,0x01,0x00,0x5b,0x33,0x2c,0x13,0x00,0x15,0x59,0xa1,0xc8,0xa9,0x90,0x90,0xb1,0xcd,0xcf,0xcf,0xe8,0xe7,0x1b,0xb5,0xc2,0xc5,0xae,0x89,0x89,0x8a,0x8a,0x05,0x87,0x89,0xa2,0xa9,0x24,0xaa,0x90,0x80,0x80,0x80,0x80,0x85,0x85,0x92,0xb7,0xad,0x0e,0x9c,0x8d,0x8d,0x95,0x1c,0xb3,0x9b,0x85,0x80,0x80,0x92,0x9b,0xa2,0xdc,0x9b,0xc6,0x11,0x49,0x10,0x04,0x00,0x00,0x00,0x00,0x00,0x00,0x00,0x00,0x00,0x00,0x00,0x00,0x00,0x00,0x00,0x00,0x00,0x00,0x00,0x00,0x00,0x00,0x00,0x00,0x00,0x00,0x00,0x00,0x00,0x00,0x00,0x00,0x00,0x00,0x00,0x00,0x00,
    0x00,0x00,0x00,0x00,0x00,0x00,0x00,0x00,0x00,0x00,0x00,0x00,0x00,0x00,0x00,0x00,0x00,0x00,0x00,0x00,0x00,0x00,0x00,0x00,0x00,0x00,0x00,0x00,0x00,0x00,0x00,0x00,0x00,0x00,0x00,0x00,0x00,0x00,0x00,0x00,0x02,0x00,0x5b,0x3a,0x3a,0x5b,0x00,0x39,0x2e,0xc5,0x4b,0x8c,0x92,0x97,0xad,0xed,0xcf,0xd6,0xd6,0xcf,0xcf,0xed,0xae,0xe4,0x98,0x8e,0x05,0x87,0x87,0x8d,0xa8,0x95,0xa2,0xc6,0x9f,0xaa,0xa9,0x80,0x85,0x85,0x80,0x96,0x96,0x90,0xb4,0xa2,0xa4,0x9c,0x8e,0x87,0x8e,0x19,0x32,0x85,0x1d,0x80,0x85,0x92,0x9b,0xe2,0xb5,0xb7,0xad,0x9f,0x17,0x1e,0x00,0x04,0x00,0x00,0x00,0x00,0x00,0x00,0x00,0x00,0x00,0x00,0x00,0x00,0x00,0x00,0x00,0x00,0x00,0x00,0x00,0x00,0x00,0x00,0x00,0x00,0x00,0x00,0x00,0x00,0x00,0x00,0x00,0x00,0x00,0x00,0x00,0x00,
    0x00,0x00,0x00,0x00,0x00,0x00,0x00,0x00,0x00,0x00,0x00,0x00,0x00,0x00,0x00,0x00,0x00,0x00,0x00,0x00,0x00,0x00,0x00,0x00,0x00,0x00,0x00,0x00,0x00,0x00,0x00,0x00,0x00,0x00,0x00,0x00,0x00,0x00,0x00,0x00,0x01,0x00,0x13,0x33,0x38,0x3c,0x02,0x23,0x61,0xc8,0xad,0xc2,0xc0,0x80,0xb7,0xaa,0xe7,0xcd,0xe8,0xcf,0xd6,0xcf,0xb6,0xa4,0x9c,0x8d,0x8d,0x8a,0xa5,0x9e,0xc6,0x9f,0x24,0xae,0xaa,0x24,0xb1,0x96,0x90,0x90,0x90,0x96,0x90,0x90,0x21,0xae,0xb8,0xc6,0xd7,0x8d,0x87,0x89,0xa6,0x4b,0xc0,0xc0,0xc0,0xb1,0x8c,0xc8,0xb5,0x92,0xad,0x9f,0x43,0x15,0x00,0x04,0x00,0x00,0x00,0x00,0x00,0x00,0x00,0x00,0x00,0x00,0x00,0x00,0x00,0x00,0x00,0x00,0x00,0x00,0x00,0x00,0x00,0x00,0x00,0x00,0x00,0x00,0x00,0x00,0x00,0x00,0x00,0x00,0x00,0x00,0x00,0x00,
    0x00,0x00,0x00,0x00,0x00,0x00,0x00,0x00,0x00,0x00,0x00,0x00,0x00,0x00,0x00,0x00,0x00,0x00,0x00,0x00,0x00,0x00,0x00,0x00,0x00,0x00,0x00,0x00,0x00,0x00,0x00,0x00,0x00,0x00,0x00,0x00,0x00,0x00,0x00,0x00,0x00,0x01,0x00,0x73,0x38,0x3a,0x4f,0x3f,0x56,0x4b,0xb1,0x90,0x90,0x1d,0xd7,0xc5,0xb7,0xc2,0xdc,0xab,0xcd,0xed,0x21,0x9c,0x8d,0x8d,0x98,0x98,0xb1,0x9f,0xb4,0xc6,0xa2,0xd4,0x9f,0x9f,0xad,0x1d,0xa9,0xa3,0x1d,0xa3,0xa9,0xbd,0xb5,0xb6,0x0e,0xa6,0xa2,0xa3,0x8d,0x99,0xbe,0x21,0x96,0x97,0xbd,0xc8,0x9b,0xc8,0x21,0xbd,0xc6,0xaa,0x22,0x5a,0x00,0x04,0x00,0x00,0x00,0x00,0x00,0x00,0x00,0x00,0x00,0x00,0x00,0x00,0x00,0x00,0x00,0x00,0x00,0x00,0x00,0x00,0x00,0x00,0x00,0x00,0x00,0x00,0x00,0x00,0x00,0x00,0x00,0x00,0x00,0x00,0x00,0x00,
    0x00,0x00,0x00,0x00,0x00,0x00,0x00,0x00,0x00,0x00,0x00,0x00,0x00,0x00,0x00,0x00,0x00,0x00,0x00,0x00,0x00,0x00,0x00,0x00,0x00,0x00,0x00,0x00,0x00,0x00,0x00,0x00,0x00,0x00,0x00,0x00,0x00,0x00,0x00,0x00,0x00,0x06,0x00,0x5b,0x33,0x44,0x22,0x45,0x60,0xad,0x90,0x92,0x9b,0xa2,0xed,0xe8,0xcb,0xf3,0xad,0xb6,0xad,0xae,0xa4,0x99,0x89,0x05,0x8e,0x95,0x8d,0xc6,0xb4,0xa4,0xb4,0x32,0x95,0xc9,0xaa,0x9f,0xb4,0x0e,0x0e,0xb8,0xc6,0x21,0xa6,0x21,0xa8,0xb8,0xc9,0xb8,0x1d,0x97,0xae,0xdc,0xb7,0xad,0xad,0xad,0xb7,0xd7,0xb5,0x92,0xb2,0x5c,0x4d,0x15,0x00,0x04,0x00,0x00,0x00,0x00,0x00,0x00,0x00,0x00,0x00,0x00,0x00,0x00,0x00,0x00,0x00,0x00,0x00,0x00,0x00,0x00,0x00,0x00,0x00,0x00,0x00,0x00,0x00,0x00,0x00,0x00,0x00,0x00,0x00,0x00,0x00,0x00,
    0x00,0x00,0x00,0x00,0x00,0x00,0x00,0x00,0x00,0x00,0x00,0x00,0x00,0x00,0x00,0x00,0x00,0x00,0x00,0x00,0x00,0x00,0x00,0x00,0x00,0x00,0x00,0x00,0x00,0x00,0x00,0x00,0x00,0x00,0x00,0x00,0x00,0x00,0x00,0x00,0x00,0x00,0x03,0x1f,0x3c,0x32,0x50,0x17,0x4b,0xc5,0x90,0x1d,0x9b,0xbe,0xcf,0xd6,0xcf,0xe8,0xe8,0xab,0xb6,0xb2,0x9e,0x8a,0xa3,0xa4,0x19,0xaa,0x1b,0x8f,0x0c,0xdb,0xd7,0xc5,0xc6,0xa5,0x9e,0x8d,0x9e,0x8d,0x05,0x05,0x8d,0x98,0x9c,0x0e,0xae,0xd7,0xb2,0xa6,0xa5,0xdd,0xb2,0xb1,0xbd,0xb3,0xa2,0xad,0xb7,0xae,0xb2,0xb7,0xb3,0x1b,0x22,0x01,0x01,0x00,0x00,0x00,0x00,0x00,0x00,0x00,0x00,0x00,0x00,0x00,0x00,0x00,0x00,0x00,0x00,0x00,0x00,0x00,0x00,0x00,0x00,0x00,0x00,0x00,0x00,0x00,0x00,0x00,0x00,0x00,0x00,0x00,0x00,0x00,0x00,0x00,
    0x00,0x00,0x00,0x00,0x00,0x00,0x00,0x00,0x00,0x00,0x00,0x00,0x00,0x00,0x00,0x00,0x00,0x00,0x00,0x00,0x00,0x00,0x00,0x00,0x00,0x00,0x00,0x00,0x00,0x00,0x00,0x00,0x00,0x00,0x00,0x00,0x00,0x00,0x00,0x00,0x00,0x00,0x01,0x00,0x13,0x3c,0xa4,0x47,0xad,0x8c,0x80,0x92,0x9b,0xbe,0xe8,0xcf,0xd6,0xd6,0xd6,0xd6,0xd8,0xc5,0xa5,0xa1,0xa1,0xa6,0x8f,0x8b,0xa7,0x1b,0x1b,0xdb,0x86,0xd9,0xaa,0x05,0x8a,0x8d,0x8a,0x98,0x98,0x98,0x8a,0x87,0x11,0xa6,0xa6,0xbe,0x1b,0xdb,0xdb,0x1c,0x21,0xae,0xe4,0xae,0xae,0xbd,0xb1,0xc5,0xb7,0xc5,0x21,0x60,0x45,0x00,0x10,0x00,0x00,0x00,0x00,0x00,0x00,0x00,0x00,0x00,0x00,0x00,0x00,0x00,0x00,0x00,0x00,0x00,0x00,0x00,0x00,0x00,0x00,0x00,0x00,0x00,0x00,0x00,0x00,0x00,0x00,0x00,0x00,0x00,0x00,0x00,0x00,0x00,
    0x00,0x00,0x00,0x00,0x00,0x00,0x00,0x00,0x00,0x00,0x00,0x00,0x00,0x00,0x00,0x00,0x00,0x00,0x00,0x00,0x00,0x00,0x00,0x00,0x00,0x00,0x00,0x00,0x00,0x00,0x00,0x00,0x00,0x00,0x00,0x00,0x00,0x00,0x00,0x00,0x00,0x00,0x00,0x06,0x00,0x1a,0x44,0x0e,0x96,0x85,0x80,0x80,0x80,0x1d,0xa2,0xbe,0xe7,0xb0,0xcf,0xcf,0x1b,0x8e,0xa8,0xa6,0x1b,0x8b,0xd4,0x9f,0xa8,0x1c,0xdb,0xb3,0x24,0x1b,0x1b,0x8e,0x87,0x87,0x87,0x8d,0x8a,0xa3,0x92,0xa5,0x11,0x1c,0x0c,0x8b,0xe0,0xdb,0x94,0x8b,0x7f,0xb5,0xee,0xb3,0xb6,0x92,0xb1,0x92,0x96,0x4b,0xc6,0x11,0x43,0x16,0x00,0x06,0x00,0x00,0x00,0x00,0x00,0x00,0x00,0x00,0x00,0x00,0x00,0x00,0x00,0x00,0x00,0x00,0x00,0x00,0x00,0x00,0x00,0x00,0x00,0x00,0x00,0x00,0x00,0x00,0x00,0x00,0x00,0x00,0x00,0x00,0x00,0x00,
    0x00,0x00,0x00,0x00,0x00,0x00,0x00,0x00,0x00,0x00,0x00,0x00,0x00,0x00,0x00,0x00,0x00,0x00,0x00,0x00,0x00,0x00,0x00,0x00,0x00,0x00,0x00,0x00,0x00,0x00,0x00,0x00,0x00,0x00,0x00,0x00,0x00,0x00,0x00,0x00,0x00,0x00,0x00,0x6e,0x06,0x2d,0x3d,0x68,0x1d,0x90,0x80,0x80,0x80,0x80,0xc2,0xc2,0xc2,0xbe,0x3e,0xe5,0xa6,0x95,0x99,0xd9,0x8b,0xbe,0x95,0x99,0xdb,0x8b,0x0c,0x38,0xa7,0x1c,0x1c,0x19,0x8e,0x8d,0x8a,0x98,0xa3,0x80,0x80,0x98,0xb3,0x88,0x83,0x0c,0x94,0xd7,0x87,0x38,0x8b,0xa6,0xdd,0xdb,0x32,0x96,0x1d,0x80,0x85,0x96,0xaa,0x11,0xb4,0x3d,0x16,0x00,0x06,0x00,0x00,0x00,0x00,0x00,0x00,0x00,0x00,0x00,0x00,0x00,0x00,0x00,0x00,0x00,0x00,0x00,0x00,0x00,0x00,0x00,0x00,0x00,0x00,0x00,0x00,0x00,0x00,0x00,0x00,0x00,0x00,0x00,0x00,0x00,
    0x00,0x00,0x00,0x00,0x00,0x00,0x00,0x00,0x00,0x00,0x00,0x00,0x00,0x00,0x00,0x00,0x00,0x00,0x00,0x00,0x00,0x00,0x00,0x00,0x00,0x00,0x00,0x00,0x00,0x00,0x00,0x00,0x00,0x00,0x00,0x00,0x00,0x00,0x04,0x04,0x00,0x00,0x00,0x10,0x00,0x45,0x8e,0xa2,0x4b,0x97,0x92,0x80,0x80,0xc0,0xa9,0xc2,0xad,0xc1,0xba,0xe6,0x95,0x8d,0xa6,0x88,0x38,0x95,0x95,0x1c,0x8b,0xf3,0x87,0x95,0x38,0x8b,0xb8,0x87,0x98,0xa3,0x98,0x8a,0x98,0xa3,0x80,0xa3,0x1c,0xa7,0x24,0x05,0xf4,0x88,0xc9,0x8e,0xa7,0xdb,0x1d,0xac,0xbe,0x97,0x80,0x80,0x85,0x90,0x8d,0x0e,0xc9,0xa2,0x44,0x13,0x00,0x01,0x00,0x00,0x00,0x00,0x00,0x00,0x00,0x00,0x00,0x00,0x00,0x00,0x00,0x00,0x00,0x00,0x00,0x00,0x00,0x00,0x00,0x00,0x00,0x00,0x00,0x00,0x00,0x00,0x00,0x00,0x00,0x00,0x00,0x00,
    0x00,0x00,0x00,0x00,0x00,0x00,0x00,0x00,0x00,0x00,0x00,0x00,0x00,0x00,0x00,0x00,0x00,0x00,0x00,0x00,0x00,0x00,0x00,0x00,0x00,0x00,0x00,0x00,0x00,0x00,0x00,0x00,0x00,0x00,0x00,0x00,0x04,0x04,0x00,0x00,0x04,0x06,0x10,0x00,0x14,0x43,0x67,0xb1,0xc5,0x8c,0x85,0x80,0x80,0x80,0x80,0x90,0xe3,0xe1,0xd5,0xf3,0x95,0x11,0x94,0x84,0xf6,0x99,0x87,0xd9,0x88,0xf6,0xdd,0x9c,0xf4,0x8b,0x1c,0x99,0xa3,0x80,0x98,0x8a,0x8d,0x05,0x8d,0x99,0xd9,0xb3,0x95,0x95,0xb3,0x8b,0xa6,0x95,0xb3,0x0c,0xe4,0xf7,0xfa,0xc2,0xc0,0xc0,0xc0,0xc0,0x1d,0x61,0x2e,0x9f,0xe2,0x3b,0x14,0x00,0x01,0x00,0x00,0x00,0x00,0x00,0x00,0x00,0x00,0x00,0x00,0x00,0x00,0x00,0x00,0x00,0x00,0x00,0x00,0x00,0x00,0x00,0x00,0x00,0x00,0x00,0x00,0x00,0x00,0x00,0x00,0x00,0x00,0x00,
    0x00,0x00,0x00,0x00,0x00,0x00,0x00,0x00,0x00,0x00,0x00,0x00,0x00,0x00,0x00,0x00,0x00,0x00,0x00,0x00,0x00,0x00,0x00,0x00,0x00,0x00,0x00,0x00,0x00,0x00,0x00,0x00,0x00,0x00,0x00,0x04,0x00,0x00,0x1e,0x14,0x00,0x00,0x00,0x13,0x66,0x19,0x90,0x80,0x90,0x80,0x80,0x80,0x80,0x92,0x97,0xe6,0xba,0x5c,0xb3,0xa6,0x9c,0x05,0xdb,0xd9,0x8e,0x89,0x11,0x94,0xed,0xdf,0xf6,0xfd,0xd0,0x8b,0x1c,0x95,0x8a,0x8d,0x8d,0x05,0x89,0x89,0x99,0xa4,0x8b,0xe7,0x8d,0xfc,0xed,0x8b,0x5c,0x95,0x1c,0x8b,0xd8,0xe9,0xf5,0xc2,0x85,0x92,0xc0,0x92,0x8c,0x61,0x78,0x50,0xa4,0x60,0x73,0x06,0x04,0x03,0x00,0x00,0x00,0x00,0x00,0x00,0x00,0x00,0x00,0x00,0x00,0x00,0x00,0x00,0x00,0x00,0x00,0x00,0x00,0x00,0x00,0x00,0x00,0x00,0x00,0x00,0x00,0x00,0x00,0x00,0x00,0x00,
    0x00,0x00,0x00,0x00,0x00,0x00,0x00,0x00,0x00,0x00,0x00,0x00,0x00,0x00,0x00,0x00,0x00,0x00,0x00,0x00,0x00,0x00,0x00,0x00,0x00,0x00,0x00,0x00,0x00,0x00,0x00,0x00,0x00,0x00,0x01,0x00,0x1e,0x20,0x17,0x59,0x20,0x20,0x3f,0x43,0x68,0xb1,0x8c,0x85,0x80,0x80,0x80,0x80,0x92,0x96,0x0e,0xba,0xc1,0xd4,0xb6,0xa6,0xa1,0x8d,0x11,0x38,0xc9,0x9c,0xa8,0xd8,0xdf,0xfe,0xfe,0xdf,0xdf,0xc4,0x9f,0x95,0x05,0x87,0x87,0x89,0x8d,0x8d,0x9c,0x9f,0x8f,0xce,0xdf,0xdf,0xdf,0xac,0xaa,0x95,0x32,0xe0,0xf4,0xe3,0xd5,0xa9,0x8c,0x80,0x80,0x85,0xa1,0x3b,0x78,0x13,0x2e,0x5c,0x76,0x7a,0x01,0x04,0x00,0x00,0x00,0x00,0x00,0x00,0x00,0x00,0x00,0x00,0x00,0x00,0x00,0x00,0x00,0x00,0x00,0x00,0x00,0x00,0x00,0x00,0x00,0x00,0x00,0x00,0x00,0x00,0x00,0x00,0x00,0x00,
    0x00,0x00,0x00,0x00,0x00,0x00,0x00,0x00,0x00,0x00,0x00,0x00,0x00,0x00,0x00,0x00,0x00,0x00,0x00,0x00,0x00,0x00,0x00,0x00,0x00,0x00,0x00,0x00,0x00,0x00,0x00,0x00,0x00,0x01,0x00,0x1e,0x46,0x47,0x19,0xa8,0x47,0x46,0x63,0x55,0xa3,0x90,0x85,0x80,0x80,0x80,0x80,0x85,0x90,0xc0,0x4a,0xba,0xbe,0xb5,0xdc,0xad,0xc9,0x89,0x8e,0xc9,0xc9,0x8e,0x9c,0xb3,0xff,0xfc,0xfd,0xfc,0xff,0xe7,0x9e,0x89,0x89,0x89,0x89,0x89,0x8a,0x98,0x89,0xa4,0xe5,0xfe,0xfe,0xff,0xfd,0xe7,0x05,0xa8,0xbe,0xd7,0xb5,0xe2,0xe6,0xad,0x97,0x92,0x80,0x85,0x8c,0xad,0x66,0x00,0x22,0x67,0xb8,0x5e,0x01,0x01,0x00,0x00,0x00,0x00,0x00,0x00,0x00,0x00,0x00,0x00,0x00,0x00,0x00,0x00,0x00,0x00,0x00,0x00,0x00,0x00,0x00,0x00,0x00,0x00,0x00,0x00,0x00,0x00,0x00,0x00,0x00,0x00,
    0x00,0x00,0x00,0x00,0x00,0x00,0x00,0x00,0x00,0x00,0x00,0x00,0x00,0x00,0x00,0x00,0x00,0x00,0x00,0x00,0x00,0x00,0x00,0x00,0x00,0x00,0x00,0x00,0x00,0x00,0x00,0x00,0x01,0x00,0x1e,0x17,0xc9,0x9e,0xa5,0xa1,0x97,0x9e,0x9e,0x96,0x80,0x85,0x80,0x80,0x80,0x80,0x92,0x8c,0xc2,0xe3,0x4a,0xbe,0xec,0xb5,0xc6,0x0e,0xb4,0x95,0x05,0x8e,0x87,0x8d,0x9c,0x0e,0xe7,0xfc,0x8a,0xa8,0xe7,0x5d,0x8e,0x98,0x8a,0x89,0x87,0x89,0x89,0x89,0x05,0x99,0xbe,0xfd,0xa8,0xa8,0x1c,0xaa,0x95,0xc9,0x19,0xa2,0xb6,0xea,0x62,0x24,0x96,0x92,0x85,0x92,0x90,0xbd,0x50,0x0b,0x23,0x3b,0x0e,0x4d,0x00,0x01,0x00,0x00,0x00,0x00,0x00,0x00,0x00,0x00,0x00,0x00,0x00,0x00,0x00,0x00,0x00,0x00,0x00,0x00,0x00,0x00,0x00,0x00,0x00,0x00,0x00,0x00,0x00,0x00,0x00,0x00,0x00,0x00,
    0x00,0x00,0x00,0x00,0x00,0x00,0x00,0x00,0x00,0x00,0x00,0x00,0x00,0x00,0x00,0x00,0x00,0x00,0x00,0x00,0x00,0x00,0x00,0x00,0x00,0x00,0x00,0x00,0x00,0x00,0x00,0x03,0x03,0x2d,0x25,0x0e,0xa3,0x92,0x92,0x85,0x92,0x92,0x92,0x92,0x80,0x80,0x80,0x80,0x80,0x92,0x96,0xc0,0xe1,0xc3,0xe6,0xd3,0xe4,0xb5,0xd3,0xbb,0xb2,0x8e,0x98,0x80,0x80,0x90,0xa5,0xa5,0xf3,0xb3,0x1c,0xbe,0x24,0x9c,0x8d,0x8d,0x8a,0x8a,0x05,0x89,0x87,0x89,0x05,0x99,0xa4,0xbe,0xe2,0xbe,0xa6,0x8e,0x98,0x8a,0xb4,0xdc,0xb6,0x1b,0xd5,0xf5,0x9b,0x8c,0xa1,0x8c,0x96,0xc9,0x50,0x13,0x04,0x3d,0x98,0x2e,0x00,0x00,0x00,0x00,0x00,0x00,0x00,0x00,0x00,0x00,0x00,0x00,0x00,0x00,0x00,0x00,0x00,0x00,0x00,0x00,0x00,0x00,0x00,0x00,0x00,0x00,0x00,0x00,0x00,0x00,0x00,0x00,0x00,0x00,
    0x00,0x00,0x00,0x00,0x00,0x00,0x00,0x00,0x00,0x00,0x00,0x00,0x00,0x00,0x00,0x00,0x00,0x00,0x00,0x00,0x00,0x00,0x00,0x00,0x00,0x00,0x00,0x00,0x00,0x00,0x00,0x06,0x00,0x13,0x2e,0xa3,0x85,0x85,0x85,0x85,0x85,0x96,0x85,0x80,0x80,0x80,0x80,0x80,0x92,0x97,0xbd,0xe3,0xcc,0xc3,0xf3,0xa5,0xae,0xb6,0xb6,0xeb,0x1b,0x11,0xa1,0x80,0xbb,0xa0,0xbb,0xa0,0xc5,0xc9,0x9f,0x11,0x9c,0x8d,0x89,0x89,0x8a,0x98,0x98,0x98,0x8d,0x8d,0x8a,0x98,0x9e,0x11,0xa6,0xa6,0xc5,0xa0,0xa0,0xbb,0xdc,0xdc,0xb6,0xd3,0xf1,0xb3,0x9f,0xb7,0x8d,0x9e,0x9e,0x8d,0x67,0x17,0x14,0x59,0xa5,0x3b,0x00,0x00,0x00,0x00,0x00,0x00,0x00,0x00,0x00,0x00,0x00,0x00,0x00,0x00,0x00,0x00,0x00,0x00,0x00,0x00,0x00,0x00,0x00,0x00,0x00,0x00,0x00,0x00,0x00,0x00,0x00,0x00,0x00,0x00,
    0x00,0x00,0x00,0x00,0x00,0x00,0x00,0x00,0x00,0x00,0x00,0x00,0x00,0x00,0x00,0x00,0x00,0x00,0x00,0x00,0x00,0x00,0x00,0x00,0x00,0x00,0x00,0x00,0x00,0x00,0x00,0x04,0x00,0x5a,0x40,0x98,0x90,0x80,0x8c,0x8c,0x96,0x4b,0xbd,0x90,0x80,0x80,0x80,0x92,0x96,0x9f,0xba,0xbc,0xca,0xc3,0x3e,0xa4,0xdd,0xf1,0xb5,0xaa,0xae,0xa2,0x95,0x8a,0xa0,0xa0,0xa0,0xa0,0xbb,0xbb,0xa1,0xa1,0xa3,0x8a,0x8a,0x8a,0x8a,0x8a,0xa1,0x80,0x98,0x8d,0x8a,0x8a,0xa3,0x90,0xa1,0xbb,0xa0,0xa0,0xa0,0xa0,0xf1,0xe4,0xeb,0xd3,0xf1,0xe1,0xc1,0x1d,0x90,0x80,0x80,0x90,0x8c,0x68,0x43,0x63,0x95,0x57,0x00,0x00,0x00,0x00,0x00,0x00,0x00,0x00,0x00,0x00,0x00,0x00,0x00,0x00,0x00,0x00,0x00,0x00,0x00,0x00,0x00,0x00,0x00,0x00,0x00,0x00,0x00,0x00,0x00,0x00,0x00,0x00,0x00,0x00,
    0x00,0x00,0x00,0x00,0x00,0x00,0x00,0x00,0x00,0x00,0x00,0x00,0x00,0x00,0x00,0x00,0x00,0x00,0x00,0x00,0x00,0x00,0x00,0x00,0x00,0x00,0x00,0x00,0x00,0x00,0x00,0x06,0x00,0x23,0xa2,0xa3,0xa5,0x98,0x19,0xa9,0xb2,0xe2,0x96,0x92,0x80,0x80,0x92,0x96,0x9f,0xc3,0x91,0x9d,0x9a,0xc7,0xf7,0xc7,0x5d,0xa2,0xeb,0x95,0x9c,0xb2,0x8a,0x87,0xa3,0xa0,0xa0,0xa0,0xa0,0xa0,0xa0,0x80,0xa3,0x98,0x8a,0x8a,0x8a,0x98,0x8a,0x8a,0x8d,0x89,0x89,0x8d,0x8a,0x80,0xbb,0xa0,0xa0,0xa0,0xa3,0xdc,0xb6,0xb6,0xd3,0xf1,0xa1,0xe3,0x37,0xe6,0xc2,0x85,0x80,0x92,0x90,0x4b,0x77,0x11,0x99,0x2e,0x00,0x00,0x00,0x00,0x00,0x00,0x00,0x00,0x00,0x00,0x00,0x00,0x00,0x00,0x00,0x00,0x00,0x00,0x00,0x00,0x00,0x00,0x00,0x00,0x00,0x00,0x00,0x00,0x00,0x00,0x00,0x00,0x00,0x00,
    0x00,0x00,0x00,0x00,0x00,0x00,0x00,0x00,0x00,0x00,0x00,0x00,0x00,0x00,0x00,0x00,0x00,0x00,0x00,0x00,0x00,0x00,0x00,0x00,0x00,0x00,0x00,0x00,0x00,0x00,0x00,0x06,0x00,0x23,0xf6,0x11,0x47,0x17,0x17,0x3b,0x0e,0x9e,0x80,0x80,0x80,0x85,0x8c,0xa9,0xba,0x91,0x9d,0x9d,0x93,0xd5,0xc7,0xe9,0xc7,0xab,0x1b,0xf0,0xf0,0xf5,0xbe,0xdd,0x98,0xa0,0xa0,0xa0,0xa0,0xbb,0x80,0x98,0x8a,0x8a,0x8a,0x8d,0x8d,0x05,0x8d,0x8a,0x8d,0x89,0x87,0x89,0x8a,0xa3,0x92,0xa0,0xa0,0xee,0xa0,0x21,0xae,0x21,0xa8,0x95,0x9f,0xc3,0xcc,0xe1,0xc2,0x90,0x80,0x80,0x80,0x90,0xa9,0xa3,0x9e,0x61,0x00,0x04,0x00,0x00,0x00,0x00,0x00,0x00,0x00,0x00,0x00,0x00,0x00,0x00,0x00,0x00,0x00,0x00,0x00,0x00,0x00,0x00,0x00,0x00,0x00,0x00,0x00,0x00,0x00,0x00,0x00,0x00,0x00,0x00,
    0x00,0x00,0x00,0x00,0x00,0x00,0x00,0x00,0x00,0x00,0x00,0x00,0x00,0x00,0x00,0x00,0x00,0x00,0x00,0x00,0x00,0x00,0x00,0x00,0x00,0x00,0x00,0x00,0x00,0x00,0x00,0x04,0x00,0x14,0x41,0x56,0x3f,0x14,0x46,0xa8,0x99,0x90,0x90,0x80,0x80,0x92,0x9b,0xe6,0xbf,0x93,0x9d,0x9d,0x93,0xc7,0xc3,0x37,0xe9,0xd4,0x4c,0xe9,0xd2,0xc7,0xf7,0xfa,0x9e,0x8a,0xbb,0xbb,0x1d,0x90,0x8a,0x8d,0x87,0x89,0x89,0x89,0x87,0x8a,0x8d,0xa8,0x98,0x8a,0x8d,0x87,0x05,0x98,0xa3,0x92,0xbb,0xa5,0xc6,0xb4,0x11,0xae,0x95,0xa4,0xba,0xba,0xaf,0xaf,0xa9,0x96,0x85,0x8c,0x96,0x90,0xbd,0xa3,0xa4,0x49,0x00,0x04,0x00,0x00,0x00,0x00,0x00,0x00,0x00,0x00,0x00,0x00,0x00,0x00,0x00,0x00,0x00,0x00,0x00,0x00,0x00,0x00,0x00,0x00,0x00,0x00,0x00,0x00,0x00,0x00,0x00,0x00,0x00,0x00,
    0x00,0x00,0x00,0x00,0x00,0x00,0x00,0x00,0x00,0x00,0x00,0x00,0x00,0x00,0x00,0x00,0x00,0x00,0x00,0x00,0x00,0x00,0x00,0x00,0x00,0x00,0x00,0x00,0x00,0x00,0x00,0x01,0x00,0x16,0x74,0x47,0x2d,0x54,0x41,0xa1,0x80,0x8c,0xc2,0xe1,0xf0,0x9b,0xa9,0xe3,0x93,0x9d,0x9d,0x9d,0x93,0xc7,0xbf,0xc7,0xd4,0xf9,0xf8,0xd4,0x6c,0xc7,0xe9,0xe9,0xe1,0xa8,0x9c,0x8d,0x98,0x98,0x8a,0x8d,0x8d,0x8a,0x8a,0x8a,0x8d,0xc5,0xa0,0xc5,0xa3,0x98,0x8a,0x87,0x8d,0x98,0x98,0x98,0xdd,0xb8,0xe5,0xf0,0xfa,0xb6,0xe6,0xc1,0x91,0xc3,0xba,0xaf,0x9f,0x96,0x92,0x80,0x85,0x96,0xae,0x40,0x4d,0x14,0x04,0x03,0x00,0x00,0x00,0x00,0x00,0x00,0x00,0x00,0x00,0x00,0x00,0x00,0x00,0x00,0x00,0x00,0x00,0x00,0x00,0x00,0x00,0x00,0x00,0x00,0x00,0x00,0x00,0x00,0x00,0x00,0x00,0x00,
    0x00,0x00,0x00,0x00,0x00,0x00,0x00,0x00,0x00,0x00,0x00,0x00,0x00,0x00,0x00,0x00,0x00,0x00,0x00,0x00,0x00,0x00,0x00,0x00,0x00,0x00,0x00,0x00,0x00,0x00,0x00,0x01,0x00,0x13,0x38,0x22,0x13,0x42,0x8d,0x90,0x92,0x96,0xe6,0xbf,0xaf,0xb1,0xb8,0xaf,0x9a,0x91,0x91,0x9d,0x93,0xc3,0xbf,0x37,0x4c,0xfb,0xfb,0xf9,0x4a,0xc3,0xf7,0xea,0xea,0x0c,0x1c,0xa8,0x95,0x8e,0x98,0xa3,0x98,0x98,0x98,0x8a,0xa3,0xa1,0xa5,0x9e,0x8d,0x8d,0x8a,0x98,0xa3,0xa1,0x8e,0x8d,0xa6,0xd5,0x37,0xe9,0xf2,0x4c,0xe9,0x93,0x91,0xc3,0xaf,0xaf,0x9f,0x96,0x92,0x80,0x85,0x8c,0x1d,0x50,0x36,0x00,0x06,0x00,0x00,0x00,0x00,0x00,0x00,0x00,0x00,0x00,0x00,0x00,0x00,0x00,0x00,0x00,0x00,0x00,0x00,0x00,0x00,0x00,0x00,0x00,0x00,0x00,0x00,0x00,0x00,0x00,0x00,0x00,0x00,0x00,
    0x00,0x00,0x00,0x00,0x00,0x00,0x00,0x00,0x00,0x00,0x00,0x00,0x00,0x00,0x00,0x00,0x00,0x00,0x00,0x00,0x00,0x00,0x00,0x00,0x00,0x00,0x00,0x00,0x00,0x00,0x00,0x03,0x03,0x5a,0x5b,0x39,0x16,0x4d,0xb1,0x8c,0x90,0xa9,0xba,0x93,0xbc,0xe1,0xa2,0xaf,0x93,0x93,0x91,0x9d,0x93,0xc3,0xd2,0xbc,0xd5,0xf8,0xf8,0x4c,0xbc,0x3e,0x88,0x83,0x86,0x8b,0x8b,0xa7,0xb3,0xaa,0xa5,0x9e,0x9e,0x8d,0x8d,0x8d,0x99,0x8d,0xa4,0xb8,0x8a,0x99,0x05,0x9e,0x9b,0xa8,0xa6,0xf4,0xf7,0x37,0xc7,0xd4,0xf9,0xf9,0xef,0xd5,0xcc,0xc3,0x9d,0xba,0xbd,0x8c,0x85,0x80,0x80,0x85,0x9b,0x3b,0x20,0x04,0x04,0x00,0x00,0x00,0x00,0x00,0x00,0x00,0x00,0x00,0x00,0x00,0x00,0x00,0x00,0x00,0x00,0x00,0x00,0x00,0x00,0x00,0x00,0x00,0x00,0x00,0x00,0x00,0x00,0x00,0x00,0x00,0x00,0x00,
    0x00,0x00,0x00,0x00,0x00,0x00,0x00,0x00,0x00,0x00,0x00,0x00,0x00,0x00,0x00,0x00,0x00,0x00,0x00,0x00,0x00,0x00,0x00,0x00,0x00,0x00,0x00,0x00,0x00,0x00,0x00,0x00,0x00,0x00,0x01,0x6e,0x14,0x46,0xa5,0xa1,0x96,0x0e,0xaf,0x93,0x91,0xcc,0xef,0xaf,0x91,0x9d,0x9d,0x9d,0x93,0x37,0xbf,0xbc,0xef,0x4c,0xf2,0x7c,0x91,0xa7,0x84,0x8f,0x7f,0x83,0x83,0x8b,0x8b,0x88,0xd9,0x21,0xc5,0xc9,0x87,0x95,0x19,0xb2,0xa6,0xaa,0xa2,0xb8,0xb8,0xa6,0x38,0x0c,0x8b,0x88,0x3e,0xd2,0xc7,0x7c,0xfb,0xfb,0xf9,0x62,0x9a,0xc1,0xca,0xe3,0xc2,0x80,0x80,0x80,0x80,0x80,0xa1,0x3b,0x1a,0x04,0x00,0x00,0x00,0x00,0x00,0x00,0x00,0x00,0x00,0x00,0x00,0x00,0x00,0x00,0x00,0x00,0x00,0x00,0x00,0x00,0x00,0x00,0x00,0x00,0x00,0x00,0x00,0x00,0x00,0x00,0x00,0x00,0x00,0x00,
    0x00,0x00,0x00,0x00,0x00,0x00,0x00,0x00,0x00,0x00,0x00,0x00,0x00,0x00,0x00,0x00,0x00,0x00,0x00,0x00,0x00,0x00,0x00,0x00,0x00,0x00,0x00,0x00,0x00,0x00,0x00,0x00,0x00,0x03,0x06,0x01,0x14,0x63,0x87,0x85,0x96,0x9f,0xaf,0xca,0x9d,0x93,0xba,0xaf,0x93,0x91,0x9d,0x9d,0x91,0x37,0xbf,0xbf,0xc1,0xc3,0xcc,0xc1,0xd5,0x7f,0x81,0x7f,0x7f,0x7f,0x84,0x83,0x83,0x83,0x8b,0xe0,0xda,0xd3,0xec,0xec,0xb5,0xc9,0x9f,0xdc,0x11,0xb3,0x82,0x8b,0x8b,0x8b,0x84,0x83,0x94,0xbf,0xbf,0xf2,0xf8,0xf8,0xf2,0xbc,0xaf,0xc1,0x9d,0xe6,0x96,0x85,0x80,0x85,0x96,0xad,0xae,0x32,0x1a,0x00,0x00,0x00,0x00,0x00,0x00,0x00,0x00,0x00,0x00,0x00,0x00,0x00,0x00,0x00,0x00,0x00,0x00,0x00,0x00,0x00,0x00,0x00,0x00,0x00,0x00,0x00,0x00,0x00,0x00,0x00,0x00,0x00,0x00,0x00,
    0x00,0x00,0x00,0x00,0x00,0x00,0x00,0x00,0x00,0x00,0x00,0x00,0x00,0x00,0x00,0x00,0x00,0x00,0x00,0x00,0x00,0x00,0x00,0x00,0x00,0x00,0x00,0x00,0x00,0x00,0x00,0x00,0x00,0x00,0x00,0x01,0x00,0x66,0x5c,0xa6,0xad,0xb4,0xba,0xca,0x93,0x91,0x93,0x91,0x93,0x9a,0x9a,0x93,0x93,0xbf,0xcc,0xd2,0xbf,0xbf,0xbf,0xea,0x82,0x86,0x84,0x7f,0x7f,0x7f,0x81,0x81,0x84,0x82,0xa7,0xd3,0xd1,0xda,0xda,0xeb,0xb2,0xa3,0xa3,0xb4,0xa5,0x11,0x0c,0x88,0x86,0x7f,0x81,0x81,0x84,0xc3,0x91,0x4c,0xf4,0xf2,0xef,0x93,0xd5,0x3e,0xe1,0x80,0x92,0x80,0x80,0x92,0x9b,0xdc,0x3c,0x5f,0x5b,0x01,0x00,0x00,0x00,0x00,0x00,0x00,0x00,0x00,0x00,0x00,0x00,0x00,0x00,0x00,0x00,0x00,0x00,0x00,0x00,0x00,0x00,0x00,0x00,0x00,0x00,0x00,0x00,0x00,0x00,0x00,0x00,0x00,0x00,0x00,
    0x00,0x00,0x00,0x00,0x00,0x00,0x00,0x00,0x00,0x00,0x00,0x00,0x00,0x00,0x00,0x00,0x00,0x00,0x00,0x00,0x00,0x00,0x00,0x00,0x00,0x00,0x00,0x00,0x00,0x00,0x00,0x00,0x00,0x00,0x00,0x00,0x5a,0x34,0x6c,0x33,0x57,0xa9,0xba,0x9a,0x91,0x91,0x9d,0x9d,0x91,0x9a,0x9a,0x9a,0x9a,0xcc,0xbf,0xcc,0xd2,0xbc,0xea,0x88,0x84,0x82,0x88,0x86,0x7f,0x7f,0x7f,0x7f,0x83,0x83,0x84,0xd4,0xd3,0xda,0xda,0xb5,0xb8,0x9e,0x89,0x99,0x05,0x9c,0x1c,0x8b,0x81,0x81,0x81,0x7f,0x83,0x7f,0xd5,0xc7,0xbf,0xc3,0xc7,0x37,0x5c,0xc8,0xc0,0xc2,0x8c,0x85,0x85,0x8c,0xbd,0x42,0x36,0x1a,0x59,0x14,0x04,0x04,0x00,0x00,0x00,0x00,0x00,0x00,0x00,0x00,0x00,0x00,0x00,0x00,0x00,0x00,0x00,0x00,0x00,0x00,0x00,0x00,0x00,0x00,0x00,0x00,0x00,0x00,0x00,0x00,0x00,0x00,0x00,0x00,
    0x00,0x00,0x00,0x00,0x00,0x00,0x00,0x00,0x00,0x00,0x00,0x00,0x00,0x00,0x00,0x00,0x00,0x00,0x00,0x00,0x00,0x00,0x00,0x00,0x00,0x00,0x00,0x00,0x00,0x00,0x00,0x00,0x00,0x00,0x04,0x6a,0x69,0x69,0x4e,0x7a,0x59,0xbe,0xc1,0x9a,0x9d,0x9d,0x9d,0x91,0x93,0x9a,0x9a,0x93,0x93,0xcc,0xd2,0xcc,0xbc,0xc3,0x86,0x8f,0x81,0x7f,0x86,0x83,0x84,0x7f,0x7f,0x7f,0x86,0x82,0x82,0x8b,0x81,0xb5,0xd1,0xb5,0x0e,0x05,0x87,0x05,0x8d,0x89,0xc9,0xa7,0x83,0x86,0x83,0x83,0x82,0x88,0x86,0x37,0xcc,0xcc,0xbc,0xe3,0xc2,0xb7,0x9f,0xf5,0x5c,0x97,0x92,0x90,0x80,0x3b,0x25,0x59,0x47,0x3f,0x06,0x06,0x00,0x00,0x00,0x00,0x00,0x00,0x00,0x00,0x00,0x00,0x00,0x00,0x00,0x00,0x00,0x00,0x00,0x00,0x00,0x00,0x00,0x00,0x00,0x00,0x00,0x00,0x00,0x00,0x00,0x00,0x00,0x00,
    0x00,0x00,0x00,0x00,0x00,0x00,0x00,0x00,0x00,0x00,0x00,0x00,0x00,0x00,0x00,0x00,0x00,0x00,0x00,0x00,0x00,0x00,0x00,0x00,0x00,0x00,0x00,0x00,0x00,0x00,0x00,0x00,0x00,0x03,0x04,0x34,0x62,0x6d,0x69,0x7e,0x34,0x72,0x9a,0x93,0x91,0x9d,0x9d,0x91,0x93,0x91,0x91,0x93,0x91,0x9d,0xcc,0xbf,0xbc,0x3e,0x88,0x84,0x84,0x84,0x7f,0x81,0x81,0x7f,0x7f,0x81,0x81,0x7f,0x84,0x81,0x7f,0x82,0xb6,0xae,0xa6,0x98,0xa3,0x90,0x80,0xa3,0x9e,0x1b,0x8b,0x83,0x82,0x82,0x82,0x81,0x83,0x3e,0x9a,0x9d,0xd2,0xf0,0xb7,0x5d,0xc1,0xbc,0xc7,0xb4,0x96,0x92,0x8c,0xb1,0x67,0x6f,0x17,0x10,0x01,0x04,0x00,0x00,0x00,0x00,0x00,0x00,0x00,0x00,0x00,0x00,0x00,0x00,0x00,0x00,0x00,0x00,0x00,0x00,0x00,0x00,0x00,0x00,0x00,0x00,0x00,0x00,0x00,0x00,0x00,0x00,0x00,0x00,
    0x00,0x00,0x00,0x00,0x00,0x00,0x00,0x00,0x00,0x00,0x00,0x00,0x00,0x00,0x00,0x00,0x00,0x00,0x00,0x00,0x00,0x00,0x00,0x00,0x00,0x00,0x00,0x00,0x00,0x00,0x00,0x00,0x00,0x02,0x00,0x70,0x6c,0xc1,0x64,0x72,0x64,0x93,0x9a,0x9a,0x9a,0x9a,0x91,0x93,0x91,0x9d,0x9d,0x9a,0x9a,0x9a,0x91,0xd2,0xbc,0x3e,0x8b,0x82,0x82,0x86,0x86,0x86,0x84,0x7f,0x84,0x84,0x84,0x7f,0x81,0x81,0x81,0x84,0xe0,0xb5,0xae,0xa5,0x96,0x1d,0x80,0x92,0x97,0xa6,0x8b,0x83,0x82,0x82,0x82,0x86,0x83,0xd5,0xca,0x91,0xd2,0xf0,0xc2,0xc1,0x91,0x91,0xd2,0xfa,0x96,0x92,0x92,0x8c,0x8e,0x65,0x1e,0x03,0x06,0x00,0x00,0x00,0x00,0x00,0x00,0x00,0x00,0x00,0x00,0x00,0x00,0x00,0x00,0x00,0x00,0x00,0x00,0x00,0x00,0x00,0x00,0x00,0x00,0x00,0x00,0x00,0x00,0x00,0x00,0x00,0x00,0x00,
    0x00,0x00,0x00,0x00,0x00,0x00,0x00,0x00,0x00,0x00,0x00,0x00,0x00,0x00,0x00,0x00,0x00,0x00,0x00,0x00,0x00,0x00,0x00,0x00,0x00,0x00,0x00,0x00,0x00,0x00,0x00,0x00,0x00,0x00,0x01,0x01,0x48,0x6c,0x9d,0xca,0xca,0x93,0x93,0x93,0x93,0x9a,0x9a,0x9a,0x93,0x93,0x9a,0x9a,0x9a,0xca,0x91,0xd2,0xbc,0xc7,0x88,0x83,0x7f,0x81,0x7f,0x7f,0x83,0x82,0x82,0x82,0x82,0x83,0x83,0x83,0x8b,0x82,0x86,0xd9,0xd9,0x38,0xb2,0xa2,0xa5,0x11,0xdd,0xd7,0x88,0x7f,0x83,0x84,0x82,0x82,0x88,0xc4,0xbf,0x9d,0xbc,0xe1,0xad,0xba,0x9a,0x91,0x93,0x4a,0xc0,0x80,0x92,0x85,0x96,0x49,0x00,0x00,0x00,0x00,0x00,0x00,0x00,0x00,0x00,0x00,0x00,0x00,0x00,0x00,0x00,0x00,0x00,0x00,0x00,0x00,0x00,0x00,0x00,0x00,0x00,0x00,0x00,0x00,0x00,0x00,0x00,0x00,0x00,0x00,0x00,0x00,
    0x00,0x00,0x00,0x00,0x00,0x00,0x00,0x00,0x00,0x00,0x00,0x00,0x00,0x00,0x00,0x00,0x00,0x00,0x00,0x00,0x00,0x00,0x00,0x00,0x00,0x00,0x00,0x00,0x00,0x00,0x00,0x00,0x00,0x00,0x00,0x03,0x00,0x70,0x72,0x37,0x9d,0x91,0x93,0x93,0xca,0xba,0xaf,0xca,0x9a,0x9a,0x9a,0x93,0x91,0x37,0x93,0xbf,0xd2,0xbc,0xc4,0x83,0x81,0x7f,0x7f,0x81,0x84,0x82,0x82,0x82,0x82,0x82,0x88,0x83,0x0c,0x83,0x82,0x8b,0x88,0x8b,0xa7,0x19,0x99,0x95,0xa4,0x0c,0x86,0x8f,0x86,0x82,0x82,0x82,0x83,0x8b,0xea,0xbc,0x9d,0xcc,0x4a,0xaf,0x93,0x93,0x9d,0xe1,0x96,0x92,0x92,0x80,0x92,0x42,0x53,0x18,0x01,0x03,0x00,0x00,0x00,0x00,0x00,0x00,0x00,0x00,0x00,0x00,0x00,0x00,0x00,0x00,0x00,0x00,0x00,0x00,0x00,0x00,0x00,0x00,0x00,0x00,0x00,0x00,0x00,0x00,0x00,0x00,0x00,0x00,
    0x00,0x00,0x00,0x00,0x00,0x00,0x00,0x00,0x00,0x00,0x00,0x00,0x00,0x00,0x00,0x00,0x00,0x00,0x00,0x00,0x00,0x00,0x00,0x00,0x00,0x00,0x00,0x00,0x00,0x00,0x00,0x00,0x00,0x00,0x00,0x03,0x01,0x06,0x70,0x69,0x4e,0x64,0x64,0x64,0x6d,0x4e,0xaf,0x9a,0x9a,0x9a,0x91,0x93,0xba,0xef,0x9d,0x9d,0xcc,0xaf,0x94,0x7f,0x7f,0x7f,0x81,0x7f,0x7f,0x84,0x84,0x86,0x86,0x83,0x83,0x84,0xd8,0x83,0x86,0x84,0x86,0x86,0x8b,0x1b,0x9e,0xa6,0x0c,0x83,0x81,0x81,0x84,0x83,0x84,0x83,0x82,0x88,0x84,0xaf,0x91,0x91,0x91,0x9d,0x91,0x9d,0x9d,0xf4,0xbd,0x8c,0x96,0xa1,0xa0,0xa2,0xd4,0x2a,0x02,0x6e,0x00,0x00,0x00,0x00,0x00,0x00,0x00,0x00,0x00,0x00,0x00,0x00,0x00,0x00,0x00,0x00,0x00,0x00,0x00,0x00,0x00,0x00,0x00,0x00,0x00,0x00,0x00,0x00,0x00,0x00,0x00,0x00,
    0x00,0x00,0x00,0x00,0x00,0x00,0x00,0x00,0x00,0x00,0x00,0x00,0x00,0x00,0x00,0x00,0x00,0x00,0x00,0x00,0x00,0x00,0x00,0x00,0x00,0x00,0x00,0x00,0x00,0x00,0x00,0x00,0x00,0x00,0x00,0x00,0x00,0x00,0x03,0x5a,0x70,0x70,0x34,0x48,0x48,0x4e,0x9d,0x93,0x91,0x91,0x9d,0x93,0xba,0xc8,0xe3,0x93,0x9a,0xc1,0x7f,0x8f,0x7f,0x7f,0x84,0x7f,0x81,0x84,0x84,0x81,0x81,0x7f,0x81,0x7f,0xc4,0x83,0x82,0x82,0x82,0x82,0x88,0x84,0xd9,0x88,0x86,0x8f,0x7f,0x81,0x86,0x86,0x81,0x7f,0x82,0x83,0x88,0xd5,0xca,0x91,0xaf,0xc1,0x9a,0x9d,0x9d,0xef,0xc0,0xb1,0x68,0x47,0x42,0x22,0x5e,0x1f,0x00,0x03,0x00,0x00,0x00,0x00,0x00,0x00,0x00,0x00,0x00,0x00,0x00,0x00,0x00,0x00,0x00,0x00,0x00,0x00,0x00,0x00,0x00,0x00,0x00,0x00,0x00,0x00,0x00,0x00,0x00,0x00,0x00,0x00,
    0x00,0x00,0x00,0x00,0x00,0x00,0x00,0x00,0x00,0x00,0x00,0x00,0x00,0x00,0x00,0x00,0x00,0x00,0x00,0x00,0x00,0x00,0x00,0x00,0x00,0x00,0x00,0x00,0x00,0x00,0x00,0x00,0x00,0x00,0x00,0x00,0x00,0x00,0x01,0x00,0x00,0x00,0x15,0x00,0x6a,0x6d,0xaf,0x93,0x9d,0x9d,0x9d,0x91,0xe3,0xb1,0x4a,0xbc,0xca,0x3e,0x84,0x81,0x7f,0x83,0x82,0x83,0x84,0x84,0x83,0x7f,0x7f,0x7f,0x81,0x84,0xab,0x84,0x88,0x86,0x86,0x83,0x83,0x7f,0x88,0x84,0x8f,0x7f,0x7f,0x7f,0x83,0x84,0x7f,0x81,0x84,0x82,0x88,0x7f,0xd2,0x93,0xcc,0xd5,0xc7,0x91,0x9d,0x4a,0x90,0xb4,0x3c,0x36,0x23,0x2d,0x00,0x00,0x00,0x00,0x00,0x00,0x00,0x00,0x00,0x00,0x00,0x00,0x00,0x00,0x00,0x00,0x00,0x00,0x00,0x00,0x00,0x00,0x00,0x00,0x00,0x00,0x00,0x00,0x00,0x00,0x00,0x00,0x00,0x00,0x00,0x00,
    0x00,0x00,0x00,0x00,0x00,0x00,0x00,0x00,0x00,0x00,0x00,0x00,0x00,0x00,0x00,0x00,0x00,0x00,0x00,0x00,0x00,0x00,0x00,0x00,0x00,0x00,0x00,0x00,0x00,0x00,0x00,0x00,0x00,0x00,0x00,0x00,0x00,0x00,0x00,0x03,0x01,0x01,0x00,0x02,0x00,0x69,0x72,0xcc,0xca,0x9a,0xca,0x93,0xf5,0x7c,0x3e,0xbf,0x9a,0xc4,0x86,0x81,0x7f,0x7f,0x84,0x86,0x86,0x83,0x83,0x84,0x81,0x7f,0x81,0x86,0xab,0x8f,0x84,0x7f,0x81,0x86,0x83,0x8f,0x7f,0x83,0x7f,0x81,0x7f,0x83,0x86,0x81,0x7f,0x7f,0x81,0x83,0x83,0x8b,0xea,0x93,0xaf,0x4a,0x3e,0xc3,0x93,0xaf,0x5d,0x68,0x5f,0x00,0x00,0x00,0x01,0x03,0x00,0x00,0x00,0x00,0x00,0x00,0x00,0x00,0x00,0x00,0x00,0x00,0x00,0x00,0x00,0x00,0x00,0x00,0x00,0x00,0x00,0x00,0x00,0x00,0x00,0x00,0x00,0x00,0x00,0x00,0x00,0x00,0x00,0x00,
    0x00,0x00,0x00,0x00,0x00,0x00,0x00,0x00,0x00,0x00,0x00,0x00,0x00,0x00,0x00,0x00,0x00,0x00,0x00,0x00,0x00,0x00,0x00,0x00,0x00,0x00,0x00,0x00,0x00,0x00,0x00,0x00,0x00,0x00,0x00,0x00,0x00,0x00,0x00,0x00,0x00,0x00,0x03,0x03,0x01,0x0b,0x48,0x72,0xc1,0xc3,0xba,0xc1,0x4e,0x34,0x4e,0x9d,0xc1,0x83,0x7f,0x81,0x7f,0x7f,0x81,0x81,0x81,0x7f,0x84,0x83,0x7f,0x7f,0x8f,0x83,0xab,0xa7,0x84,0x7f,0x7f,0x84,0x83,0x7f,0x81,0x83,0x7f,0x84,0x83,0x84,0x7f,0x7f,0x7f,0x7f,0x7f,0x86,0x82,0x82,0x88,0xc3,0x64,0x6d,0x4a,0x6c,0xba,0xca,0x4a,0x33,0x5b,0x04,0x10,0x04,0x00,0x00,0x00,0x00,0x00,0x00,0x00,0x00,0x00,0x00,0x00,0x00,0x00,0x00,0x00,0x00,0x00,0x00,0x00,0x00,0x00,0x00,0x00,0x00,0x00,0x00,0x00,0x00,0x00,0x00,0x00,0x00,0x00,0x00,0x00,0x00,
    0x00,0x00,0x00,0x00,0x00,0x00,0x00,0x00,0x00,0x00,0x00,0x00,0x00,0x00,0x00,0x00,0x00,0x00,0x00,0x00,0x00,0x00,0x00,0x00,0x00,0x00,0x00,0x00,0x00,0x00,0x00,0x00,0x00,0x00,0x00,0x00,0x00,0x00,0x00,0x00,0x00,0x00,0x00,0x00,0x04,0x00,0x0b,0x48,0x34,0x34,0x34,0x48,0x69,0x6d,0x62,0xba,0x4e,0x83,0x81,0x7f,0x7f,0x7f,0x7f,0x7f,0x7f,0x7f,0x84,0x86,0x86,0x81,0x8f,0x83,0xab,0xa7,0x84,0x81,0x7f,0x7f,0x83,0x83,0x86,0x82,0x83,0x86,0x84,0x81,0x7f,0x7f,0x7f,0x7f,0x7f,0x81,0x83,0x82,0x82,0xc4,0x62,0xef,0x4e,0x34,0x62,0x9a,0xc1,0x7b,0x13,0x00,0x01,0x00,0x00,0x00,0x00,0x00,0x00,0x00,0x00,0x00,0x00,0x00,0x00,0x00,0x00,0x00,0x00,0x00,0x00,0x00,0x00,0x00,0x00,0x00,0x00,0x00,0x00,0x00,0x00,0x00,0x00,0x00,0x00,0x00,0x00,0x00,0x00,0x00,
    0x00,0x00,0x00,0x00,0x00,0x00,0x00,0x00,0x00,0x00,0x00,0x00,0x00,0x00,0x00,0x00,0x00,0x00,0x00,0x00,0x00,0x00,0x00,0x00,0x00,0x00,0x00,0x00,0x00,0x00,0x00,0x00,0x00,0x00,0x00,0x00,0x00,0x00,0x00,0x00,0x00,0x00,0x00,0x00,0x00,0x03,0x00,0x00,0x6a,0x6a,0x6a,0x48,0x4e,0xc1,0x6c,0x34,0x58,0x81,0x07,0x7f,0x7f,0x7f,0x7f,0x7f,0x7f,0x7f,0x84,0x86,0x82,0x84,0x7f,0x8b,0xab,0x94,0x84,0x81,0x7f,0x7f,0x83,0x82,0x82,0x83,0x84,0x81,0x7f,0x7f,0x7f,0x7f,0x7f,0x7f,0x7f,0x81,0x84,0x86,0x8f,0x83,0x2b,0x34,0x09,0x58,0xc7,0x62,0x48,0x15,0x0b,0x00,0x00,0x00,0x00,0x00,0x00,0x00,0x00,0x00,0x00,0x00,0x00,0x00,0x00,0x00,0x00,0x00,0x00,0x00,0x00,0x00,0x00,0x00,0x00,0x00,0x00,0x00,0x00,0x00,0x00,0x00,0x00,0x00,0x00,0x00,0x00,0x00,0x00,0x00,
    0x00,0x00,0x00,0x00,0x00,0x00,0x00,0x00,0x00,0x00,0x00,0x00,0x00,0x00,0x00,0x00,0x00,0x00,0x00,0x00,0x00,0x00,0x00,0x00,0x00,0x00,0x00,0x00,0x00,0x00,0x00,0x00,0x00,0x00,0x00,0x00,0x00,0x00,0x00,0x00,0x00,0x00,0x00,0x00,0x00,0x00,0x03,0x00,0x00,0x00,0x02,0x34,0x48,0x39,0x5a,0x18,0x28,0x8f,0x81,0x7f,0x7f,0x7f,0x7f,0x7f,0x7f,0x7f,0x81,0x81,0x84,0x86,0x83,0x88,0xe5,0xb9,0x86,0x81,0x7f,0x81,0x86,0x82,0x7f,0x7f,0x81,0x7f,0x7f,0x7f,0x7f,0x7f,0x7f,0x7f,0x7f,0x7f,0x7f,0x86,0x81,0x86,0x52,0x2a,0x2a,0x71,0x48,0x6a,0x00,0x00,0x00,0x00,0x00,0x00,0x00,0x00,0x00,0x00,0x00,0x00,0x00,0x00,0x00,0x00,0x00,0x00,0x00,0x00,0x00,0x00,0x00,0x00,0x00,0x00,0x00,0x00,0x00,0x00,0x00,0x00,0x00,0x00,0x00,0x00,0x00,0x00,0x00,0x00,0x00,0x00,
    0x00,0x00,0x00,0x00,0x00,0x00,0x00,0x00,0x00,0x00,0x00,0x00,0x00,0x00,0x00,0x00,0x00,0x00,0x00,0x00,0x00,0x00,0x00,0x00,0x00,0x00,0x00,0x00,0x00,0x00,0x00,0x00,0x00,0x00,0x00,0x00,0x00,0x00,0x00,0x00,0x00,0x00,0x00,0x00,0x00,0x00,0x00,0x00,0x01,0x02,0x03,0x4f,0x00,0x00,0x00,0x12,0x2b,0x84,0x07,0x7f,0x7f,0x7f,0x7f,0x7f,0x7f,0x7f,0x7f,0x7f,0x81,0x81,0x86,0x8b,0xe5,0xc4,0x86,0x81,0x7f,0x81,0x84,0x83,0x7f,0x7f,0x7f,0x7f,0x7f,0x7f,0x7f,0x7f,0x7f,0x7f,0x7f,0x7f,0x7f,0x7f,0x81,0x83,0x84,0x0a,0x4f,0x13,0x00,0x00,0x03,0x03,0x00,0x00,0x00,0x00,0x00,0x00,0x00,0x00,0x00,0x00,0x00,0x00,0x00,0x00,0x00,0x00,0x00,0x00,0x00,0x00,0x00,0x00,0x00,0x00,0x00,0x00,0x00,0x00,0x00,0x00,0x00,0x00,0x00,0x00,0x00,0x00,0x00,0x00,0x00,0x00,
    0x00,0x00,0x00,0x00,0x00,0x00,0x00,0x00,0x00,0x00,0x00,0x00,0x00,0x00,0x00,0x00,0x00,0x00,0x00,0x00,0x00,0x00,0x00,0x00,0x00,0x00,0x00,0x00,0x00,0x00,0x00,0x00,0x00,0x00,0x00,0x00,0x00,0x00,0x00,0x00,0x00,0x00,0x00,0x00,0x00,0x00,0x00,0x00,0x00,0x00,0x00,0x00,0x03,0x02,0x01,0x0f,0x31,0x84,0x07,0x7f,0x7f,0x7f,0x7f,0x7f,0x7f,0x7f,0x7f,0x7f,0x7f,0x7f,0x8f,0x82,0xd8,0x8f,0x84,0x81,0x81,0x7f,0x7f,0x83,0x7f,0x7f,0x7f,0x7f,0x7f,0x7f,0x7f,0x7f,0x7f,0x7f,0x7f,0x7f,0x7f,0x7f,0x81,0x84,0x07,0x2b,0x18,0x00,0x02,0x01,0x00,0x00,0x00,0x00,0x00,0x00,0x00,0x00,0x00,0x00,0x00,0x00,0x00,0x00,0x00,0x00,0x00,0x00,0x00,0x00,0x00,0x00,0x00,0x00,0x00,0x00,0x00,0x00,0x00,0x00,0x00,0x00,0x00,0x00,0x00,0x00,0x00,0x00,0x00,0x00,0x00,0x00,
    0x00,0x00,0x00,0x00,0x00,0x00,0x00,0x00,0x00,0x00,0x00,0x00,0x00,0x00,0x00,0x00,0x00,0x00,0x00,0x00,0x00,0x00,0x00,0x00,0x00,0x00,0x00,0x00,0x00,0x00,0x00,0x00,0x00,0x00,0x00,0x00,0x00,0x00,0x00,0x00,0x00,0x00,0x00,0x00,0x00,0x00,0x00,0x00,0x00,0x00,0x00,0x01,0x03,0x00,0x02,0x00,0x26,0x84,0x07,0x7f,0x7f,0x7f,0x7f,0x7f,0x7f,0x7f,0x7f,0x7f,0x7f,0x81,0x8f,0x83,0xac,0xab,0x8b,0x84,0x84,0x81,0x81,0x86,0x86,0x81,0x7f,0x7f,0x7f,0x7f,0x7f,0x7f,0x7f,0x7f,0x7f,0x7f,0x7f,0x7f,0x7f,0x81,0x81,0x2b,0x2a,0x01,0x02,0x00,0x00,0x00,0x00,0x00,0x00,0x00,0x00,0x00,0x00,0x00,0x00,0x00,0x00,0x00,0x00,0x00,0x00,0x00,0x00,0x00,0x00,0x00,0x00,0x00,0x00,0x00,0x00,0x00,0x00,0x00,0x00,0x00,0x00,0x00,0x00,0x00,0x00,0x00,0x00,0x00,0x00,0x00,
    0x00,0x00,0x00,0x00,0x00,0x00,0x00,0x00,0x00,0x00,0x00,0x00,0x00,0x00,0x00,0x00,0x00,0x00,0x00,0x00,0x00,0x00,0x00,0x00,0x00,0x00,0x00,0x00,0x00,0x00,0x00,0x00,0x00,0x00,0x00,0x00,0x00,0x00,0x00,0x00,0x00,0x00,0x00,0x00,0x00,0x00,0x00,0x00,0x00,0x00,0x00,0x00,0x00,0x00,0x02,0x00,0x28,0x86,0x07,0x7f,0x7f,0x7f,0x7f,0x7f,0x7f,0x7f,0x7f,0x7f,0x84,0x86,0x86,0x88,0x8f,0xb9,0x82,0x83,0x82,0x86,0x81,0x86,0x82,0x81,0x7f,0x7f,0x7f,0x7f,0x7f,0x7f,0x7f,0x7f,0x7f,0x7f,0x7f,0x7f,0x7f,0x07,0x81,0x2b,0x12,0x00,0x01,0x00,0x00,0x00,0x00,0x00,0x00,0x00,0x00,0x00,0x00,0x00,0x00,0x00,0x00,0x00,0x00,0x00,0x00,0x00,0x00,0x00,0x00,0x00,0x00,0x00,0x00,0x00,0x00,0x00,0x00,0x00,0x00,0x00,0x00,0x00,0x00,0x00,0x00,0x00,0x00,0x00,0x00,0x00,
    0x00,0x00,0x00,0x00,0x00,0x00,0x00,0x00,0x00,0x00,0x00,0x00,0x00,0x00,0x00,0x00,0x00,0x00,0x00,0x00,0x00,0x00,0x00,0x00,0x00,0x00,0x00,0x00,0x00,0x00,0x00,0x00,0x00,0x00,0x00,0x00,0x00,0x00,0x00,0x00,0x00,0x00,0x00,0x00,0x00,0x00,0x00,0x00,0x00,0x00,0x00,0x00,0x00,0x03,0x01,0x27,0x28,0x86,0x08,0x7f,0x7f,0x7f,0x7f,0x7f,0x7f,0x7f,0x7f,0x7f,0x7f,0x84,0x86,0x7f,0x7f,0x7f,0x81,0x81,0x7f,0x84,0x86,0x86,0x82,0x84,0x81,0x7f,0x7f,0x7f,0x7f,0x7f,0x7f,0x7f,0x7f,0x7f,0x7f,0x7f,0x7f,0x07,0x81,0x2b,0x2a,0x00,0x01,0x00,0x00,0x00,0x00,0x00,0x00,0x00,0x00,0x00,0x00,0x00,0x00,0x00,0x00,0x00,0x00,0x00,0x00,0x00,0x00,0x00,0x00,0x00,0x00,0x00,0x00,0x00,0x00,0x00,0x00,0x00,0x00,0x00,0x00,0x00,0x00,0x00,0x00,0x00,0x00,0x00,0x00,0x00,
    0x00,0x00,0x00,0x00,0x00,0x00,0x00,0x00,0x00,0x00,0x00,0x00,0x00,0x00,0x00,0x00,0x00,0x00,0x00,0x00,0x00,0x00,0x00,0x00,0x00,0x00,0x00,0x00,0x00,0x00,0x00,0x00,0x00,0x00,0x00,0x00,0x00,0x00,0x00,0x00,0x00,0x00,0x00,0x00,0x00,0x00,0x00,0x00,0x00,0x00,0x00,0x00,0x00,0x03,0x01,0x0b,0x12,0x0d,0x08,0x7f,0x7f,0x7f,0x7f,0x7f,0x7f,0x7f,0x7f,0x7f,0x7f,0x81,0x81,0x7f,0x7f,0x7f,0x7f,0x7f,0x7f,0x8f,0x84,0x82,0x86,0x83,0x7f,0x7f,0x7f,0x7f,0x7f,0x7f,0x7f,0x7f,0x7f,0x7f,0x7f,0x7f,0x7f,0x81,0x07,0x2b,0x12,0x00,0x02,0x00,0x00,0x00,0x00,0x00,0x00,0x00,0x00,0x00,0x00,0x00,0x00,0x00,0x00,0x00,0x00,0x00,0x00,0x00,0x00,0x00,0x00,0x00,0x00,0x00,0x00,0x00,0x00,0x00,0x00,0x00,0x00,0x00,0x00,0x00,0x00,0x00,0x00,0x00,0x00,0x00,0x00,0x00,
    0x00,0x00,0x00,0x00,0x00,0x00,0x00,0x00,0x00,0x00,0x00,0x00,0x00,0x00,0x00,0x00,0x00,0x00,0x00,0x00,0x00,0x00,0x00,0x00,0x00,0x00,0x00,0x00,0x00,0x00,0x00,0x00,0x00,0x00,0x00,0x00,0x00,0x00,0x00,0x00,0x00,0x00,0x00,0x00,0x00,0x00,0x00,0x00,0x00,0x00,0x00,0x00,0x00,0x00,0x03,0x00,0x12,0x35,0x86,0x81,0x7f,0x7f,0x7f,0x7f,0x7f,0x7f,0x7f,0x7f,0x7f,0x7f,0x7f,0x7f,0x7f,0x7f,0x7f,0x7f,0x7f,0x7f,0x81,0x86,0x82,0x82,0x86,0x81,0x7f,0x7f,0x7f,0x7f,0x7f,0x7f,0x7f,0x7f,0x7f,0x7f,0x7f,0x07,0x81,0x28,0x0b,0x00,0x03,0x00,0x00,0x00,0x00,0x00,0x00,0x00,0x00,0x00,0x00,0x00,0x00,0x00,0x00,0x00,0x00,0x00,0x00,0x00,0x00,0x00,0x00,0x00,0x00,0x00,0x00,0x00,0x00,0x00,0x00,0x00,0x00,0x00,0x00,0x00,0x00,0x00,0x00,0x00,0x00,0x00,0x00,0x00,
    0x00,0x00,0x00,0x00,0x00,0x00,0x00,0x00,0x00,0x00,0x00,0x00,0x00,0x00,0x00,0x00,0x00,0x00,0x00,0x00,0x00,0x00,0x00,0x00,0x00,0x00,0x00,0x00,0x00,0x00,0x00,0x00,0x00,0x00,0x00,0x00,0x00,0x00,0x00,0x00,0x00,0x00,0x00,0x00,0x00,0x00,0x00,0x00,0x00,0x00,0x00,0x00,0x00,0x02,0x03,0x18,0x35,0x81,0x83,0x84,0x7f,0x7f,0x7f,0x7f,0x7f,0x7f,0x7f,0x7f,0x7f,0x7f,0x7f,0x7f,0x7f,0x7f,0x7f,0x7f,0x7f,0x7f,0x7f,0x84,0x82,0x86,0x83,0x84,0x81,0x7f,0x7f,0x7f,0x7f,0x7f,0x7f,0x7f,0x7f,0x7f,0x07,0x84,0x26,0x18,0x03,0x03,0x00,0x00,0x00,0x00,0x00,0x00,0x00,0x00,0x00,0x00,0x00,0x00,0x00,0x00,0x00,0x00,0x00,0x00,0x00,0x00,0x00,0x00,0x00,0x00,0x00,0x00,0x00,0x00,0x00,0x00,0x00,0x00,0x00,0x00,0x00,0x00,0x00,0x00,0x00,0x00,0x00,0x00,0x00,0x00,
    0x00,0x00,0x00,0x00,0x00,0x00,0x00,0x00,0x00,0x00,0x00,0x00,0x00,0x00,0x00,0x00,0x00,0x00,0x00,0x00,0x00,0x00,0x00,0x00,0x00,0x00,0x00,0x00,0x00,0x00,0x00,0x00,0x00,0x00,0x00,0x00,0x00,0x00,0x00,0x00,0x00,0x00,0x00,0x00,0x00,0x00,0x00,0x00,0x00,0x00,0x00,0x00,0x00,0x02,0x00,0x2f,0x52,0x07,0x84,0x86,0x81,0x7f,0x7f,0x7f,0x7f,0x7f,0x7f,0x7f,0x7f,0x7f,0x7f,0x7f,0x7f,0x7f,0x7f,0x7f,0x7f,0x7f,0x7f,0x7f,0x82,0x84,0x84,0x82,0x7f,0x81,0x81,0x7f,0x7f,0x7f,0x7f,0x7f,0x7f,0x07,0x08,0x83,0x0f,0x00,0x02,0x00,0x00,0x00,0x00,0x00,0x00,0x00,0x00,0x00,0x00,0x00,0x00,0x00,0x00,0x00,0x00,0x00,0x00,0x00,0x00,0x00,0x00,0x00,0x00,0x00,0x00,0x00,0x00,0x00,0x00,0x00,0x00,0x00,0x00,0x00,0x00,0x00,0x00,0x00,0x00,0x00,0x00,0x00,0x00,0x00,
    0x00,0x00,0x00,0x00,0x00,0x00,0x00,0x00,0x00,0x00,0x00,0x00,0x00,0x00,0x00,0x00,0x00,0x00,0x00,0x00,0x00,0x00,0x00,0x00,0x00,0x00,0x00,0x00,0x00,0x00,0x00,0x00,0x00,0x00,0x00,0x00,0x00,0x00,0x00,0x00,0x00,0x00,0x00,0x00,0x00,0x00,0x00,0x00,0x00,0x00,0x00,0x00,0x00,0x01,0x03,0x18,0x84,0x7f,0x7f,0x83,0x84,0x7f,0x7f,0x7f,0x7f,0x7f,0x7f,0x7f,0x7f,0x7f,0x7f,0x7f,0x7f,0x7f,0x7f,0x7f,0x7f,0x7f,0x7f,0x81,0x86,0x86,0x8f,0x86,0x83,0x86,0x7f,0x8f,0x7f,0x7f,0x7f,0x7f,0x81,0x8f,0x84,0x0a,0x03,0x02,0x00,0x00,0x00,0x00,0x00,0x00,0x00,0x00,0x00,0x00,0x00,0x00,0x00,0x00,0x00,0x00,0x00,0x00,0x00,0x00,0x00,0x00,0x00,0x00,0x00,0x00,0x00,0x00,0x00,0x00,0x00,0x00,0x00,0x00,0x00,0x00,0x00,0x00,0x00,0x00,0x00,0x00,0x00,0x00,0x00,0x00,
    0x00,0x00,0x00,0x00,0x00,0x00,0x00,0x00,0x00,0x00,0x00,0x00,0x00,0x00,0x00,0x00,0x00,0x00,0x00,0x00,0x00,0x00,0x00,0x00,0x00,0x00,0x00,0x00,0x00,0x00,0x00,0x00,0x00,0x00,0x00,0x00,0x00,0x00,0x00,0x00,0x00,0x00,0x00,0x00,0x00,0x00,0x00,0x00,0x00,0x00,0x00,0x00,0x00,0x02,0x00,0x29,0x83,0x07,0x81,0x84,0x86,0x81,0x7f,0x7f,0x7f,0x7f,0x7f,0x7f,0x7f,0x7f,0x7f,0x7f,0x7f,0x7f,0x7f,0x7f,0x7f,0x7f,0x7f,0x81,0x84,0x84,0x84,0x86,0x88,0xa7,0x81,0x8b,0x84,0x7f,0x7f,0x08,0x84,0x2b,0x0a,0x27,0x02,0x01,0x00,0x00,0x00,0x00,0x00,0x00,0x00,0x00,0x00,0x00,0x00,0x00,0x00,0x00,0x00,0x00,0x00,0x00,0x00,0x00,0x00,0x00,0x00,0x00,0x00,0x00,0x00,0x00,0x00,0x00,0x00,0x00,0x00,0x00,0x00,0x00,0x00,0x00,0x00,0x00,0x00,0x00,0x00,0x00,0x00,0x00,
    0x00,0x00,0x00,0x00,0x00,0x00,0x00,0x00,0x00,0x00,0x00,0x00,0x00,0x00,0x00,0x00,0x00,0x00,0x00,0x00,0x00,0x00,0x00,0x00,0x00,0x00,0x00,0x00,0x00,0x00,0x00,0x00,0x00,0x00,0x00,0x00,0x00,0x00,0x00,0x00,0x00,0x00,0x00,0x00,0x00,0x00,0x00,0x00,0x00,0x00,0x00,0x00,0x00,0x00,0x27,0x2b,0x84,0x86,0x81,0x81,0x86,0x84,0x81,0x7f,0x7f,0x7f,0x7f,0x7f,0x7f,0x7f,0x7f,0x7f,0x7f,0x7f,0x7f,0x7f,0x7f,0x7f,0x7f,0x81,0x86,0x84,0x86,0x83,0x8b,0xb3,0xaa,0xd9,0x83,0x83,0x83,0x0d,0x82,0x12,0x0b,0x0b,0x03,0x00,0x00,0x00,0x00,0x00,0x00,0x00,0x00,0x00,0x00,0x00,0x00,0x00,0x00,0x00,0x00,0x00,0x00,0x00,0x00,0x00,0x00,0x00,0x00,0x00,0x00,0x00,0x00,0x00,0x00,0x00,0x00,0x00,0x00,0x00,0x00,0x00,0x00,0x00,0x00,0x00,0x00,0x00,0x00,0x00,0x00,0x00,
    0x00,0x00,0x00,0x00,0x00,0x00,0x00,0x00,0x00,0x00,0x00,0x00,0x00,0x00,0x00,0x00,0x00,0x00,0x00,0x00,0x00,0x00,0x00,0x00,0x00,0x00,0x00,0x00,0x00,0x00,0x00,0x00,0x00,0x00,0x00,0x00,0x00,0x00,0x00,0x00,0x00,0x00,0x00,0x00,0x00,0x00,0x00,0x00,0x00,0x00,0x00,0x03,0x00,0x27,0x31,0x84,0x81,0x84,0x7f,0x7f,0x7f,0x83,0x84,0x81,0x7f,0x7f,0x7f,0x7f,0x7f,0x7f,0x7f,0x7f,0x7f,0x7f,0x7f,0x7f,0x7f,0x7f,0x7f,0x7f,0x83,0x7f,0x81,0x81,0x8b,0xa6,0x95,0xee,0xb6,0x88,0x7f,0x84,0x86,0x0a,0x0b,0x00,0x03,0x00,0x00,0x00,0x00,0x00,0x00,0x00,0x00,0x00,0x00,0x00,0x00,0x00,0x00,0x00,0x00,0x00,0x00,0x00,0x00,0x00,0x00,0x00,0x00,0x00,0x00,0x00,0x00,0x00,0x00,0x00,0x00,0x00,0x00,0x00,0x00,0x00,0x00,0x00,0x00,0x00,0x00,0x00,0x00,0x00,0x00,0x00,
    0x00,0x00,0x00,0x00,0x00,0x00,0x00,0x00,0x00,0x00,0x00,0x00,0x00,0x00,0x00,0x00,0x00,0x00,0x00,0x00,0x00,0x00,0x00,0x00,0x00,0x00,0x00,0x00,0x00,0x00,0x00,0x00,0x00,0x00,0x00,0x00,0x00,0x00,0x00,0x00,0x00,0x00,0x00,0x00,0x00,0x00,0x00,0x00,0x00,0x00,0x00,0x01,0x03,0x09,0x31,0x81,0x07,0x7f,0x7f,0x7f,0x7f,0x7f,0x83,0x86,0x7f,0x81,0x7f,0x7f,0x7f,0x7f,0x7f,0x7f,0x7f,0x7f,0x7f,0x7f,0x7f,0x7f,0x81,0x7f,0x83,0x81,0x81,0x86,0xd9,0xc6,0xec,0xa3,0xb3,0x82,0x8f,0x81,0x81,0x07,0x30,0x27,0x03,0x03,0x00,0x00,0x00,0x00,0x00,0x00,0x00,0x00,0x00,0x00,0x00,0x00,0x00,0x00,0x00,0x00,0x00,0x00,0x00,0x00,0x00,0x00,0x00,0x00,0x00,0x00,0x00,0x00,0x00,0x00,0x00,0x00,0x00,0x00,0x00,0x00,0x00,0x00,0x00,0x00,0x00,0x00,0x00,0x00,0x00,0x00,
    0x00,0x00,0x00,0x00,0x00,0x00,0x00,0x00,0x00,0x00,0x00,0x00,0x00,0x00,0x00,0x00,0x00,0x00,0x00,0x00,0x00,0x00,0x00,0x00,0x00,0x00,0x00,0x00,0x00,0x00,0x00,0x00,0x00,0x00,0x00,0x00,0x00,0x00,0x00,0x00,0x00,0x00,0x00,0x00,0x00,0x00,0x00,0x00,0x00,0x00,0x00,0x03,0x03,0x09,0x35,0x81,0x81,0x7f,0x7f,0x7f,0x7f,0x7f,0x7f,0x86,0x86,0x84,0x7f,0x81,0x7f,0x7f,0x7f,0x7f,0x7f,0x7f,0x7f,0x7f,0x7f,0x7f,0x84,0x83,0x86,0x86,0x81,0x83,0x81,0x7f,0xe0,0x38,0x7f,0x86,0x84,0x84,0x08,0x07,0x31,0x27,0x00,0x01,0x00,0x00,0x00,0x00,0x00,0x00,0x00,0x00,0x00,0x00,0x00,0x00,0x00,0x00,0x00,0x00,0x00,0x00,0x00,0x00,0x00,0x00,0x00,0x00,0x00,0x00,0x00,0x00,0x00,0x00,0x00,0x00,0x00,0x00,0x00,0x00,0x00,0x00,0x00,0x00,0x00,0x00,0x00,0x00,0x00,0x00,
    0x00,0x00,0x00,0x00,0x00,0x00,0x00,0x00,0x00,0x00,0x00,0x00,0x00,0x00,0x00,0x00,0x00,0x00,0x00,0x00,0x00,0x00,0x00,0x00,0x00,0x00,0x00,0x00,0x00,0x00,0x00,0x00,0x00,0x00,0x00,0x00,0x00,0x00,0x00,0x00,0x00,0x00,0x00,0x00,0x00,0x00,0x00,0x00,0x00,0x00,0x00,0x02,0x00,0x0a,0x7f,0x07,0x7f,0x7f,0x7f,0x7f,0x7f,0x7f,0x7f,0x81,0x7f,0x86,0x86,0x84,0x7f,0x81,0x81,0x81,0x81,0x81,0x81,0x81,0x84,0x82,0x82,0x82,0x82,0x88,0x83,0x86,0x86,0x84,0x83,0x8b,0x86,0x86,0x83,0x82,0x83,0x83,0x52,0x12,0x01,0x00,0x00,0x00,0x00,0x00,0x00,0x00,0x00,0x00,0x00,0x00,0x00,0x00,0x00,0x00,0x00,0x00,0x00,0x00,0x00,0x00,0x00,0x00,0x00,0x00,0x00,0x00,0x00,0x00,0x00,0x00,0x00,0x00,0x00,0x00,0x00,0x00,0x00,0x00,0x00,0x00,0x00,0x00,0x00,0x00,0x00,0x00,
    0x00,0x00,0x00,0x00,0x00,0x00,0x00,0x00,0x00,0x00,0x00,0x00,0x00,0x00,0x00,0x00,0x00,0x00,0x00,0x00,0x00,0x00,0x00,0x00,0x00,0x00,0x00,0x00,0x00,0x00,0x00,0x00,0x00,0x00,0x00,0x00,0x00,0x00,0x00,0x00,0x00,0x00,0x00,0x00,0x00,0x00,0x00,0x00,0x00,0x00,0x00,0x02,0x02,0x31,0x7f,0x07,0x7f,0x7f,0x7f,0x7f,0x7f,0x7f,0x7f,0x7f,0x7f,0x81,0x7f,0x86,0x83,0x86,0x86,0x84,0x84,0x84,0x84,0x86,0x88,0x82,0x82,0x83,0x86,0x86,0x84,0x81,0x81,0x81,0x8f,0x8f,0x81,0x81,0x81,0x7f,0x86,0x86,0x86,0x51,0x09,0x03,0x01,0x00,0x00,0x00,0x00,0x00,0x00,0x00,0x00,0x00,0x00,0x00,0x00,0x00,0x00,0x00,0x00,0x00,0x00,0x00,0x00,0x00,0x00,0x00,0x00,0x00,0x00,0x00,0x00,0x00,0x00,0x00,0x00,0x00,0x00,0x00,0x00,0x00,0x00,0x00,0x00,0x00,0x00,0x00,0x00,0x00,
    0x00,0x00,0x00,0x00,0x00,0x00,0x00,0x00,0x00,0x00,0x00,0x00,0x00,0x00,0x00,0x00,0x00,0x00,0x00,0x00,0x00,0x00,0x00,0x00,0x00,0x00,0x00,0x00,0x00,0x00,0x00,0x00,0x00,0x00,0x00,0x00,0x00,0x00,0x00,0x00,0x00,0x00,0x00,0x00,0x00,0x00,0x00,0x00,0x00,0x00,0x01,0x00,0x18,0x86,0x81,0x7f,0x7f,0x7f,0x7f,0x7f,0x7f,0x7f,0x7f,0x7f,0x7f,0x7f,0x7f,0x81,0x7f,0x84,0x84,0x86,0x86,0x86,0x86,0x86,0x86,0x86,0x84,0x81,0x81,0x81,0x7f,0x7f,0x7f,0x7f,0x7f,0x7f,0x7f,0x7f,0x7f,0x7f,0x81,0x81,0x08,0x52,0x2f,0x03,0x03,0x00,0x00,0x00,0x00,0x00,0x00,0x00,0x00,0x00,0x00,0x00,0x00,0x00,0x00,0x00,0x00,0x00,0x00,0x00,0x00,0x00,0x00,0x00,0x00,0x00,0x00,0x00,0x00,0x00,0x00,0x00,0x00,0x00,0x00,0x00,0x00,0x00,0x00,0x00,0x00,0x00,0x00,0x00,0x00,0x00,
    0x00,0x00,0x00,0x00,0x00,0x00,0x00,0x00,0x00,0x00,0x00,0x00,0x00,0x00,0x00,0x00,0x00,0x00,0x00,0x00,0x00,0x00,0x00,0x00,0x00,0x00,0x00,0x00,0x00,0x00,0x00,0x00,0x00,0x00,0x00,0x00,0x00,0x00,0x00,0x00,0x00,0x00,0x00,0x00,0x00,0x00,0x00,0x00,0x00,0x00,0x02,0x00,0x29,0x7f,0x07,0x7f,0x7f,0x7f,0x7f,0x7f,0x7f,0x7f,0x7f,0x7f,0x7f,0x7f,0x7f,0x7f,0x7f,0x81,0x81,0x81,0x81,0x81,0x81,0x81,0x81,0x81,0x7f,0x7f,0x7f,0x7f,0x7f,0x7f,0x7f,0x7f,0x7f,0x7f,0x7f,0x7f,0x7f,0x7f,0x7f,0x7f,0x07,0x07,0x2f,0x00,0x01,0x00,0x00,0x00,0x00,0x00,0x00,0x00,0x00,0x00,0x00,0x00,0x00,0x00,0x00,0x00,0x00,0x00,0x00,0x00,0x00,0x00,0x00,0x00,0x00,0x00,0x00,0x00,0x00,0x00,0x00,0x00,0x00,0x00,0x00,0x00,0x00,0x00,0x00,0x00,0x00,0x00,0x00,0x00,0x00,0x00,
    0x00,0x00,0x00,0x00,0x00,0x00,0x00,0x00,0x00,0x00,0x00,0x00,0x00,0x00,0x00,0x00,0x00,0x00,0x00,0x00,0x00,0x00,0x00,0x00,0x00,0x00,0x00,0x00,0x00,0x00,0x00,0x00,0x00,0x00,0x00,0x00,0x00,0x00,0x00,0x00,0x00,0x00,0x00,0x00,0x00,0x00,0x00,0x00,0x00,0x00,0x02,0x1f,0x2f,0x81,0x07,0x7f,0x7f,0x7f,0x7f,0x7f,0x7f,0x7f,0x7f,0x7f,0x7f,0x7f,0x7f,0x7f,0x7f,0x7f,0x7f,0x7f,0x7f,0x7f,0x7f,0x7f,0x7f,0x7f,0x7f,0x7f,0x7f,0x7f,0x7f,0x7f,0x7f,0x7f,0x7f,0x7f,0x7f,0x7f,0x7f,0x7f,0x7f,0x7f,0x07,0x86,0x12,0x00,0x02,0x00,0x00,0x00,0x00,0x00,0x00,0x00,0x00,0x00,0x00,0x00,0x00,0x00,0x00,0x00,0x00,0x00,0x00,0x00,0x00,0x00,0x00,0x00,0x00,0x00,0x00,0x00,0x00,0x00,0x00,0x00,0x00,0x00,0x00,0x00,0x00,0x00,0x00,0x00,0x00,0x00,0x00,0x00,0x00,0x00,
    0x00,0x00,0x00,0x00,0x00,0x00,0x00,0x00,0x00,0x00,0x00,0x00,0x00,0x00,0x00,0x00,0x00,0x00,0x00,0x00,0x00,0x00,0x00,0x00,0x00,0x00,0x00,0x00,0x00,0x00,0x00,0x00,0x00,0x00,0x00,0x00,0x00,0x00,0x00,0x00,0x00,0x00,0x00,0x00,0x00,0x00,0x00,0x00,0x00,0x02,0x00,0x18,0x30,0x81,0x07,0x7f,0x7f,0x7f,0x7f,0x7f,0x7f,0x7f,0x7f,0x7f,0x7f,0x7f,0x7f,0x7f,0x7f,0x7f,0x7f,0x7f,0x7f,0x7f,0x7f,0x7f,0x7f,0x7f,0x7f,0x7f,0x7f,0x7f,0x7f,0x7f,0x7f,0x7f,0x7f,0x7f,0x7f,0x7f,0x7f,0x7f,0x7f,0x7f,0x07,0x84,0x30,0x00,0x02,0x00,0x00,0x00,0x00,0x00,0x00,0x00,0x00,0x00,0x00,0x00,0x00,0x00,0x00,0x00,0x00,0x00,0x00,0x00,0x00,0x00,0x00,0x00,0x00,0x00,0x00,0x00,0x00,0x00,0x00,0x00,0x00,0x00,0x00,0x00,0x00,0x00,0x00,0x00,0x00,0x00,0x00,0x00,0x00,0x00,
    0x00,0x00,0x00,0x00,0x00,0x00,0x00,0x00,0x00,0x00,0x00,0x00,0x00,0x00,0x00,0x00,0x00,0x00,0x00,0x00,0x00,0x00,0x00,0x00,0x00,0x00,0x00,0x00,0x00,0x00,0x00,0x00,0x00,0x00,0x00,0x00,0x00,0x00,0x00,0x00,0x00,0x00,0x00,0x00,0x00,0x00,0x00,0x00,0x00,0x02,0x00,0x18,0x28,0x8f,0x07,0x7f,0x7f,0x7f,0x7f,0x7f,0x7f,0x7f,0x7f,0x7f,0x7f,0x7f,0x7f,0x7f,0x7f,0x7f,0x7f,0x7f,0x7f,0x7f,0x7f,0x7f,0x7f,0x7f,0x7f,0x7f,0x7f,0x7f,0x7f,0x7f,0x7f,0x7f,0x7f,0x7f,0x7f,0x7f,0x7f,0x7f,0x7f,0x7f,0x07,0x84,0x26,0x00,0x02,0x00,0x00,0x00,0x00,0x00,0x00,0x00,0x00,0x00,0x00,0x00,0x00,0x00,0x00,0x00,0x00,0x00,0x00,0x00,0x00,0x00,0x00,0x00,0x00,0x00,0x00,0x00,0x00,0x00,0x00,0x00,0x00,0x00,0x00,0x00,0x00,0x00,0x00,0x00,0x00,0x00,0x00,0x00,0x00,0x00,
    0x00,0x00,0x00,0x00,0x00,0x00,0x00,0x00,0x00,0x00,0x00,0x00,0x00,0x00,0x00,0x00,0x00,0x00,0x00,0x00,0x00,0x00,0x00,0x00,0x00,0x00,0x00,0x00,0x00,0x00,0x00,0x00,0x00,0x00,0x00,0x00,0x00,0x00,0x00,0x00,0x00,0x00,0x00,0x00,0x00,0x00,0x00,0x00,0x00,0x00,0x00,0x0b,0x30,0xa7,0x8f,0x7f,0x7f,0x7f,0x7f,0x7f,0x7f,0x7f,0x81,0x81,0x7f,0x7f,0x7f,0x7f,0x7f,0x7f,0x7f,0x7f,0x7f,0x7f,0x7f,0x7f,0x7f,0x7f,0x7f,0x7f,0x7f,0x7f,0x7f,0x7f,0x7f,0x7f,0x7f,0x7f,0x7f,0x7f,0x7f,0x7f,0x7f,0x7f,0x07,0x86,0x26,0x00,0x02,0x00,0x00,0x00,0x00,0x00,0x00,0x00,0x00,0x00,0x00,0x00,0x00,0x00,0x00,0x00,0x00,0x00,0x00,0x00,0x00,0x00,0x00,0x00,0x00,0x00,0x00,0x00,0x00,0x00,0x00,0x00,0x00,0x00,0x00,0x00,0x00,0x00,0x00,0x00,0x00,0x00,0x00,0x00,0x00,0x00,
    0x00,0x00,0x00,0x00,0x00,0x00,0x00,0x00,0x00,0x00,0x00,0x00,0x00,0x00,0x00,0x00,0x00,0x00,0x00,0x00,0x00,0x00,0x00,0x00,0x00,0x00,0x00,0x00,0x00,0x00,0x00,0x00,0x00,0x00,0x00,0x00,0x00,0x00,0x00,0x00,0x00,0x00,0x00,0x00,0x00,0x00,0x00,0x00,0x00,0x00,0x01,0x03,0x12,0x51,0x94,0x08,0x7f,0x81,0x81,0x81,0x7f,0x7f,0x84,0x84,0x7f,0x7f,0x81,0x7f,0x7f,0x7f,0x7f,0x7f,0x7f,0x7f,0x7f,0x7f,0x7f,0x7f,0x7f,0x7f,0x7f,0x7f,0x81,0x81,0x81,0x7f,0x7f,0x7f,0x7f,0x81,0x7f,0x7f,0x7f,0x7f,0x07,0x86,0x29,0x00,0x02,0x00,0x00,0x00,0x00,0x00,0x00,0x00,0x00,0x00,0x00,0x00,0x00,0x00,0x00,0x00,0x00,0x00,0x00,0x00,0x00,0x00,0x00,0x00,0x00,0x00,0x00,0x00,0x00,0x00,0x00,0x00,0x00,0x00,0x00,0x00,0x00,0x00,0x00,0x00,0x00,0x00,0x00,0x00,0x00,0x00,
    0x00,0x00,0x00,0x00,0x00,0x00,0x00,0x00,0x00,0x00,0x00,0x00,0x00,0x00,0x00,0x00,0x00,0x00,0x00,0x00,0x00,0x00,0x00,0x00,0x00,0x00,0x00,0x00,0x00,0x00,0x00,0x00,0x00,0x00,0x00,0x00,0x00,0x00,0x00,0x00,0x00,0x00,0x00,0x00,0x00,0x00,0x00,0x00,0x00,0x00,0x01,0x00,0x27,0x0a,0x86,0x07,0x84,0x86,0x86,0x86,0x82,0x83,0x83,0x83,0x82,0x83,0x84,0x7f,0x81,0x81,0x7f,0x7f,0x7f,0x7f,0x7f,0x7f,0x7f,0x7f,0x7f,0x81,0x7f,0x7f,0x84,0x84,0x84,0x81,0x7f,0x7f,0x7f,0x84,0x84,0x7f,0x7f,0x08,0x07,0x52,0x0b,0x03,0x03,0x00,0x00,0x00,0x00,0x00,0x00,0x00,0x00,0x00,0x00,0x00,0x00,0x00,0x00,0x00,0x00,0x00,0x00,0x00,0x00,0x00,0x00,0x00,0x00,0x00,0x00,0x00,0x00,0x00,0x00,0x00,0x00,0x00,0x00,0x00,0x00,0x00,0x00,0x00,0x00,0x00,0x00,0x00,0x00,0x00,
    0x00,0x00,0x00,0x00,0x00,0x00,0x00,0x00,0x00,0x00,0x00,0x00,0x00,0x00,0x00,0x00,0x00,0x00,0x00,0x00,0x00,0x00,0x00,0x00,0x00,0x00,0x00,0x00,0x00,0x00,0x00,0x00,0x00,0x00,0x00,0x00,0x00,0x00,0x00,0x00,0x00,0x00,0x00,0x00,0x00,0x00,0x00,0x00,0x00,0x00,0x00,0x00,0x03,0x00,0x2f,0x7f,0x0d,0x82,0x82,0x88,0x82,0x82,0x86,0x83,0x82,0x82,0x82,0x83,0x86,0x84,0x7f,0x7f,0x7f,0x81,0x81,0x81,0x81,0x7f,0x7f,0x84,0x83,0x82,0x82,0x86,0x84,0x86,0x86,0x86,0x86,0x83,0x82,0x83,0x82,0x0d,0x86,0x29,0x00,0x02,0x00,0x00,0x00,0x00,0x00,0x00,0x00,0x00,0x00,0x00,0x00,0x00,0x00,0x00,0x00,0x00,0x00,0x00,0x00,0x00,0x00,0x00,0x00,0x00,0x00,0x00,0x00,0x00,0x00,0x00,0x00,0x00,0x00,0x00,0x00,0x00,0x00,0x00,0x00,0x00,0x00,0x00,0x00,0x00,0x00,0x00,
    0x00,0x00,0x00,0x00,0x00,0x00,0x00,0x00,0x00,0x00,0x00,0x00,0x00,0x00,0x00,0x00,0x00,0x00,0x00,0x00,0x00,0x00,0x00,0x00,0x00,0x00,0x00,0x00,0x00,0x00,0x00,0x00,0x00,0x00,0x00,0x00,0x00,0x00,0x00,0x00,0x00,0x00,0x00,0x00,0x00,0x00,0x00,0x00,0x00,0x00,0x00,0x00,0x03,0x01,0x02,0x28,0x86,0x86,0x83,0x86,0x84,0x84,0x7f,0x84,0x84,0x84,0x84,0x84,0x86,0x86,0x84,0x86,0x83,0x86,0x86,0x86,0x83,0x82,0x82,0x82,0x82,0x82,0x83,0x86,0x86,0x84,0x84,0x84,0x84,0x84,0x83,0x82,0x83,0x82,0x31,0x0b,0x02,0x03,0x00,0x00,0x00,0x00,0x00,0x00,0x00,0x00,0x00,0x00,0x00,0x00,0x00,0x00,0x00,0x00,0x00,0x00,0x00,0x00,0x00,0x00,0x00,0x00,0x00,0x00,0x00,0x00,0x00,0x00,0x00,0x00,0x00,0x00,0x00,0x00,0x00,0x00,0x00,0x00,0x00,0x00,0x00,0x00,0x00,0x00,
    0x00,0x00,0x00,0x00,0x00,0x00,0x00,0x00,0x00,0x00,0x00,0x00,0x00,0x00,0x00,0x00,0x00,0x00,0x00,0x00,0x00,0x00,0x00,0x00,0x00,0x00,0x00,0x00,0x00,0x00,0x00,0x00,0x00,0x00,0x00,0x00,0x00,0x00,0x00,0x00,0x00,0x00,0x00,0x00,0x00,0x00,0x00,0x00,0x00,0x00,0x00,0x00,0x00,0x02,0x00,0x0f,0x86,0x08,0x7f,0x81,0x81,0x81,0x7f,0x81,0x81,0x81,0x81,0x81,0x81,0x81,0x81,0x8f,0x81,0x84,0x86,0x86,0x86,0x84,0x84,0x84,0x7f,0x7f,0x7f,0x81,0x81,0x81,0x81,0x81,0x81,0x81,0x81,0x84,0x83,0x35,0x18,0x00,0x02,0x00,0x00,0x00,0x00,0x00,0x00,0x00,0x00,0x00,0x00,0x00,0x00,0x00,0x00,0x00,0x00,0x00,0x00,0x00,0x00,0x00,0x00,0x00,0x00,0x00,0x00,0x00,0x00,0x00,0x00,0x00,0x00,0x00,0x00,0x00,0x00,0x00,0x00,0x00,0x00,0x00,0x00,0x00,0x00,0x00,0x00,0x00,
    0x00,0x00,0x00,0x00,0x00,0x00,0x00,0x00,0x00,0x00,0x00,0x00,0x00,0x00,0x00,0x00,0x00,0x00,0x00,0x00,0x00,0x00,0x00,0x00,0x00,0x00,0x00,0x00,0x00,0x00,0x00,0x00,0x00,0x00,0x00,0x00,0x00,0x00,0x00,0x00,0x00,0x00,0x00,0x00,0x00,0x00,0x00,0x00,0x00,0x00,0x00,0x00,0x00,0x02,0x03,0x2a,0x84,0x07,0x7f,0x7f,0x7f,0x7f,0x7f,0x7f,0x7f,0x7f,0x7f,0x7f,0x7f,0x7f,0x7f,0x7f,0x7f,0x81,0x81,0x81,0x81,0x81,0x81,0x81,0x7f,0x7f,0x7f,0x7f,0x7f,0x7f,0x7f,0x7f,0x7f,0x7f,0x7f,0x07,0x7f,0x26,0x00,0x02,0x00,0x00,0x00,0x00,0x00,0x00,0x00,0x00,0x00,0x00,0x00,0x00,0x00,0x00,0x00,0x00,0x00,0x00,0x00,0x00,0x00,0x00,0x00,0x00,0x00,0x00,0x00,0x00,0x00,0x00,0x00,0x00,0x00,0x00,0x00,0x00,0x00,0x00,0x00,0x00,0x00,0x00,0x00,0x00,0x00,0x00,0x00,0x00,
    0x00,0x00,0x00,0x00,0x00,0x00,0x00,0x00,0x00,0x00,0x00,0x00,0x00,0x00,0x00,0x00,0x00,0x00,0x00,0x00,0x00,0x00,0x00,0x00,0x00,0x00,0x00,0x00,0x00,0x00,0x00,0x00,0x00,0x00,0x00,0x00,0x00,0x00,0x00,0x00,0x00,0x00,0x00,0x00,0x00,0x00,0x00,0x00,0x00,0x00,0x00,0x00,0x00,0x02,0x00,0x2f,0x86,0x94,0x07,0x07,0x81,0x8f,0x8f,0x8f,0x81,0x81,0x81,0x7f,0x7f,0x7f,0x7f,0x7f,0x7f,0x7f,0x7f,0x7f,0x7f,0x7f,0x7f,0x7f,0x7f,0x7f,0x7f,0x81,0x81,0x81,0x81,0x81,0x7f,0x81,0x7f,0x07,0x07,0x0a,0x01,0x02,0x00,0x00,0x00,0x00,0x00,0x00,0x00,0x00,0x00,0x00,0x00,0x00,0x00,0x00,0x00,0x00,0x00,0x00,0x00,0x00,0x00,0x00,0x00,0x00,0x00,0x00,0x00,0x00,0x00,0x00,0x00,0x00,0x00,0x00,0x00,0x00,0x00,0x00,0x00,0x00,0x00,0x00,0x00,0x00,0x00,0x00,0x00,0x00,
    0x00,0x00,0x00,0x00,0x00,0x00,0x00,0x00,0x00,0x00,0x00,0x00,0x00,0x00,0x00,0x00,0x00,0x00,0x00,0x00,0x00,0x00,0x00,0x00,0x00,0x00,0x00,0x00,0x00,0x00,0x00,0x00,0x00,0x00,0x00,0x00,0x00,0x00,0x00,0x00,0x00,0x00,0x00,0x00,0x00,0x00,0x00,0x00,0x00,0x00,0x00,0x00,0x00,0x02,0x03,0x0f,0x08,0x84,0x84,0x81,0x84,0x82,0x88,0x82,0x83,0x84,0x81,0x8f,0x8f,0x8f,0x8f,0x8f,0x8f,0x81,0x81,0x81,0x81,0x8f,0x8f,0x8f,0x8f,0x8f,0x81,0x7f,0x84,0x84,0x86,0x86,0x81,0x8f,0x7f,0x81,0x86,0x12,0x00,0x02,0x00,0x00,0x00,0x00,0x00,0x00,0x00,0x00,0x00,0x00,0x00,0x00,0x00,0x00,0x00,0x00,0x00,0x00,0x00,0x00,0x00,0x00,0x00,0x00,0x00,0x00,0x00,0x00,0x00,0x00,0x00,0x00,0x00,0x00,0x00,0x00,0x00,0x00,0x00,0x00,0x00,0x00,0x00,0x00,0x00,0x00,0x00,0x00,
    0x00,0x00,0x00,0x00,0x00,0x00,0x00,0x00,0x00,0x00,0x00,0x00,0x00,0x00,0x00,0x00,0x00,0x00,0x00,0x00,0x00,0x00,0x00,0x00,0x00,0x00,0x00,0x00,0x00,0x00,0x00,0x00,0x00,0x00,0x00,0x00,0x00,0x00,0x00,0x00,0x00,0x00,0x00,0x00,0x00,0x00,0x00,0x00,0x00,0x00,0x00,0x00,0x00,0x00,0x01,0x00,0x0f,0x2f,0x30,0x2b,0x07,0xdb,0xd4,0xd4,0xdb,0xe0,0x0c,0xa7,0x81,0x86,0x83,0x82,0x83,0x84,0x81,0x8f,0x84,0x83,0x83,0x82,0x88,0x88,0x83,0x7f,0x8f,0xe0,0xe0,0xe0,0x0c,0x52,0x83,0x30,0x29,0x27,0x00,0x03,0x00,0x00,0x00,0x00,0x00,0x00,0x00,0x00,0x00,0x00,0x00,0x00,0x00,0x00,0x00,0x00,0x00,0x00,0x00,0x00,0x00,0x00,0x00,0x00,0x00,0x00,0x00,0x00,0x00,0x00,0x00,0x00,0x00,0x00,0x00,0x00,0x00,0x00,0x00,0x00,0x00,0x00,0x00,0x00,0x00,0x00,0x00,0x00,
    0x00,0x00,0x00,0x00,0x00,0x00,0x00,0x00,0x00,0x00,0x00,0x00,0x00,0x00,0x00,0x00,0x00,0x00,0x00,0x00,0x00,0x00,0x00,0x00,0x00,0x00,0x00,0x00,0x00,0x00,0x00,0x00,0x00,0x00,0x00,0x00,0x00,0x00,0x00,0x00,0x00,0x00,0x00,0x00,0x00,0x00,0x00,0x00,0x00,0x00,0x00,0x00,0x00,0x00,0x00,0x01,0x00,0x00,0x00,0x1f,0x53,0xe4,0xd1,0xd1,0xd1,0xd1,0xda,0xf1,0xd3,0x21,0xb5,0xb6,0x1b,0xe0,0x52,0x0c,0xdb,0x1b,0xb6,0xb5,0xb5,0xb5,0xeb,0xeb,0xd3,0xda,0xd1,0xd3,0x3a,0x29,0x0f,0x00,0x00,0x00,0x00,0x00,0x00,0x00,0x00,0x00,0x00,0x00,0x00,0x00,0x00,0x00,0x00,0x00,0x00,0x00,0x00,0x00,0x00,0x00,0x00,0x00,0x00,0x00,0x00,0x00,0x00,0x00,0x00,0x00,0x00,0x00,0x00,0x00,0x00,0x00,0x00,0x00,0x00,0x00,0x00,0x00,0x00,0x00,0x00,0x00,0x00,0x00,0x00,0x00,
    0x00,0x00,0x00,0x00,0x00,0x00,0x00,0x00,0x00,0x00,0x00,0x00,0x00,0x00,0x00,0x00,0x00,0x00,0x00,0x00,0x00,0x00,0x00,0x00,0x00,0x00,0x00,0x00,0x00,0x00,0x00,0x00,0x00,0x00,0x00,0x00,0x00,0x00,0x00,0x00,0x00,0x00,0x00,0x00,0x00,0x00,0x00,0x00,0x00,0x00,0x00,0x00,0x00,0x00,0x00,0x00,0x01,0x02,0x01,0x15,0x73,0xd3,0xd1,0xec,0xa0,0x98,0xa5,0x8d,0x8a,0xbb,0xee,0xd1,0xd1,0x21,0x53,0x2c,0xda,0xd1,0xd1,0xee,0xa3,0xa5,0xa3,0xa0,0xd1,0xda,0xda,0xeb,0x3a,0x39,0x00,0x02,0x02,0x03,0x00,0x00,0x00,0x00,0x00,0x00,0x00,0x00,0x00,0x00,0x00,0x00,0x00,0x00,0x00,0x00,0x00,0x00,0x00,0x00,0x00,0x00,0x00,0x00,0x00,0x00,0x00,0x00,0x00,0x00,0x00,0x00,0x00,0x00,0x00,0x00,0x00,0x00,0x00,0x00,0x00,0x00,0x00,0x00,0x00,0x00,0x00,0x00,0x00,0x00,
    0x00,0x00,0x00,0x00,0x00,0x00,0x00,0x00,0x00,0x00,0x00,0x00,0x00,0x00,0x00,0x00,0x00,0x00,0x00,0x00,0x00,0x00,0x00,0x00,0x00,0x00,0x00,0x00,0x00,0x00,0x00,0x00,0x00,0x00,0x00,0x00,0x00,0x00,0x00,0x00,0x00,0x00,0x00,0x00,0x00,0x00,0x00,0x00,0x00,0x00,0x00,0x00,0x00,0x00,0x00,0x00,0x00,0x00,0x01,0x1f,0x73,0x21,0xa0,0x05,0x8e,0x87,0x87,0x89,0x87,0x89,0x8a,0xee,0xda,0x3a,0x3c,0x7b,0xd3,0xee,0xa8,0x05,0x87,0x89,0x89,0x87,0x89,0xa3,0xee,0x21,0x3c,0x15,0x01,0x03,0x00,0x00,0x00,0x00,0x00,0x00,0x00,0x00,0x00,0x00,0x00,0x00,0x00,0x00,0x00,0x00,0x00,0x00,0x00,0x00,0x00,0x00,0x00,0x00,0x00,0x00,0x00,0x00,0x00,0x00,0x00,0x00,0x00,0x00,0x00,0x00,0x00,0x00,0x00,0x00,0x00,0x00,0x00,0x00,0x00,0x00,0x00,0x00,0x00,0x00,0x00,0x00,
    0x00,0x00,0x00,0x00,0x00,0x00,0x00,0x00,0x00,0x00,0x00,0x00,0x00,0x00,0x00,0x00,0x00,0x00,0x00,0x00,0x00,0x00,0x00,0x00,0x00,0x00,0x00,0x00,0x00,0x00,0x00,0x00,0x00,0x00,0x00,0x00,0x00,0x00,0x00,0x00,0x00,0x00,0x00,0x00,0x00,0x00,0x00,0x00,0x00,0x00,0x00,0x00,0x00,0x00,0x00,0x00,0x00,0x00,0x01,0x00,0x5e,0x44,0x87,0x8e,0x05,0x89,0x89,0x89,0x89,0x8d,0x8d,0x8e,0xc9,0x71,0x53,0x4d,0xec,0x9e,0x05,0x8d,0x89,0x89,0x89,0x89,0x89,0x87,0x8e,0xa2,0x6b,0x00,0x04,0x00,0x00,0x00,0x00,0x00,0x00,0x00,0x00,0x00,0x00,0x00,0x00,0x00,0x00,0x00,0x00,0x00,0x00,0x00,0x00,0x00,0x00,0x00,0x00,0x00,0x00,0x00,0x00,0x00,0x00,0x00,0x00,0x00,0x00,0x00,0x00,0x00,0x00,0x00,0x00,0x00,0x00,0x00,0x00,0x00,0x00,0x00,0x00,0x00,0x00,0x00,0x00,0x00,
    0x00,0x00,0x00,0x00,0x00,0x00,0x00,0x00,0x00,0x00,0x00,0x00,0x00,0x00,0x00,0x00,0x00,0x00,0x00,0x00,0x00,0x00,0x00,0x00,0x00,0x00,0x00,0x00,0x00,0x00,0x00,0x00,0x00,0x00,0x00,0x00,0x00,0x00,0x00,0x00,0x00,0x00,0x00,0x00,0x00,0x00,0x00,0x00,0x00,0x00,0x00,0x00,0x00,0x00,0x00,0x00,0x00,0x00,0x01,0x00,0x36,0x40,0x98,0x89,0x89,0x87,0x89,0x89,0x89,0x89,0x05,0x89,0x11,0x71,0x7b,0x2e,0xa4,0x99,0x05,0x89,0x89,0x89,0x89,0x89,0x89,0x05,0x8a,0x57,0x20,0x00,0x06,0x00,0x00,0x00,0x00,0x00,0x00,0x00,0x00,0x00,0x00,0x00,0x00,0x00,0x00,0x00,0x00,0x00,0x00,0x00,0x00,0x00,0x00,0x00,0x00,0x00,0x00,0x00,0x00,0x00,0x00,0x00,0x00,0x00,0x00,0x00,0x00,0x00,0x00,0x00,0x00,0x00,0x00,0x00,0x00,0x00,0x00,0x00,0x00,0x00,0x00,0x00,0x00,0x00,
    0x00,0x00,0x00,0x00,0x00,0x00,0x00,0x00,0x00,0x00,0x00,0x00,0x00,0x00,0x00,0x00,0x00,0x00,0x00,0x00,0x00,0x00,0x00,0x00,0x00,0x00,0x00,0x00,0x00,0x00,0x00,0x00,0x00,0x00,0x00,0x00,0x00,0x00,0x00,0x00,0x00,0x00,0x00,0x00,0x00,0x00,0x00,0x00,0x00,0x00,0x00,0x00,0x00,0x00,0x00,0x00,0x00,0x00,0x06,0x00,0x23,0x77,0x11,0x87,0x8d,0x8d,0x89,0x89,0x89,0x89,0x05,0x8e,0x19,0x2c,0x79,0x1a,0x19,0x99,0x05,0x87,0x87,0x87,0x89,0x05,0x89,0x05,0x8d,0x42,0x20,0x00,0x06,0x00,0x00,0x00,0x00,0x00,0x00,0x00,0x00,0x00,0x00,0x00,0x00,0x00,0x00,0x00,0x00,0x00,0x00,0x00,0x00,0x00,0x00,0x00,0x00,0x00,0x00,0x00,0x00,0x00,0x00,0x00,0x00,0x00,0x00,0x00,0x00,0x00,0x00,0x00,0x00,0x00,0x00,0x00,0x00,0x00,0x00,0x00,0x00,0x00,0x00,0x00,0x00,0x00,
    0x00,0x00,0x00,0x00,0x00,0x00,0x00,0x00,0x00,0x00,0x00,0x00,0x00,0x00,0x00,0x00,0x00,0x00,0x00,0x00,0x00,0x00,0x00,0x00,0x00,0x00,0x00,0x00,0x00,0x00,0x00,0x00,0x00,0x00,0x00,0x00,0x00,0x00,0x00,0x00,0x00,0x00,0x00,0x00,0x00,0x00,0x00,0x00,0x00,0x00,0x00,0x00,0x00,0x00,0x00,0x00,0x00,0x00,0x01,0x00,0x16,0x3d,0xa4,0x89,0x8d,0x98,0x8a,0x8d,0x8d,0x89,0x89,0x8d,0x95,0x46,0x09,0x1e,0x99,0x87,0x8d,0x8d,0x8d,0x8d,0x8d,0x8d,0x05,0x99,0xa4,0x2e,0x20,0x00,0x06,0x00,0x00,0x00,0x00,0x00,0x00,0x00,0x00,0x00,0x00,0x00,0x00,0x00,0x00,0x00,0x00,0x00,0x00,0x00,0x00,0x00,0x00,0x00,0x00,0x00,0x00,0x00,0x00,0x00,0x00,0x00,0x00,0x00,0x00,0x00,0x00,0x00,0x00,0x00,0x00,0x00,0x00,0x00,0x00,0x00,0x00,0x00,0x00,0x00,0x00,0x00,0x00,0x00,
    0x00,0x00,0x00,0x00,0x00,0x00,0x00,0x00,0x00,0x00,0x00,0x00,0x00,0x00,0x00,0x00,0x00,0x00,0x00,0x00,0x00,0x00,0x00,0x00,0x00,0x00,0x00,0x00,0x00,0x00,0x00,0x00,0x00,0x00,0x00,0x00,0x00,0x00,0x00,0x00,0x00,0x00,0x00,0x00,0x00,0x00,0x00,0x00,0x00,0x00,0x00,0x00,0x00,0x00,0x00,0x00,0x00,0x00,0x00,0x00,0x06,0x22,0x67,0x8e,0x05,0x89,0x89,0x89,0x89,0x89,0x89,0x89,0x89,0x54,0x2d,0x23,0x11,0x8d,0x98,0x98,0x98,0x8a,0x8d,0x89,0x05,0x99,0x19,0x5f,0x15,0x00,0x04,0x00,0x00,0x00,0x00,0x00,0x00,0x00,0x00,0x00,0x00,0x00,0x00,0x00,0x00,0x00,0x00,0x00,0x00,0x00,0x00,0x00,0x00,0x00,0x00,0x00,0x00,0x00,0x00,0x00,0x00,0x00,0x00,0x00,0x00,0x00,0x00,0x00,0x00,0x00,0x00,0x00,0x00,0x00,0x00,0x00,0x00,0x00,0x00,0x00,0x00,0x00,0x00,0x00,
    0x00,0x00,0x00,0x00,0x00,0x00,0x00,0x00,0x00,0x00,0x00,0x00,0x00,0x00,0x00,0x00,0x00,0x00,0x00,0x00,0x00,0x00,0x00,0x00,0x00,0x00,0x00,0x00,0x00,0x00,0x00,0x00,0x00,0x00,0x00,0x00,0x00,0x00,0x00,0x00,0x00,0x00,0x00,0x00,0x00,0x00,0x00,0x00,0x00,0x00,0x00,0x00,0x00,0x00,0x00,0x00,0x00,0x00,0x00,0x00,0x10,0x54,0x87,0x05,0x89,0x89,0x89,0x89,0x89,0x89,0x05,0x8e,0x41,0x25,0x00,0x23,0x9f,0x8d,0x8a,0x8a,0x8d,0x05,0x05,0x89,0x05,0x8e,0x67,0x45,0x00,0x04,0x00,0x00,0x00,0x00,0x00,0x00,0x00,0x00,0x00,0x00,0x00,0x00,0x00,0x00,0x00,0x00,0x00,0x00,0x00,0x00,0x00,0x00,0x00,0x00,0x00,0x00,0x00,0x00,0x00,0x00,0x00,0x00,0x00,0x00,0x00,0x00,0x00,0x00,0x00,0x00,0x00,0x00,0x00,0x00,0x00,0x00,0x00,0x00,0x00,0x00,0x00,0x00,0x00,0x00,
    0x00,0x00,0x00,0x00,0x00,0x00,0x00,0x00,0x00,0x00,0x00,0x00,0x00,0x00,0x00,0x00,0x00,0x00,0x00,0x00,0x00,0x00,0x00,0x00,0x00,0x00,0x00,0x00,0x00,0x00,0x00,0x00,0x00,0x00,0x00,0x00,0x00,0x00,0x00,0x00,0x00,0x00,0x00,0x00,0x00,0x00,0x00,0x00,0x00,0x00,0x00,0x00,0x00,0x00,0x00,0x00,0x00,0x00,0x00,0x06,0x00,0x49,0x56,0x8e,0x05,0x89,0x89,0x89,0x89,0x89,0x05,0x05,0x24,0x22,0x10,0x15,0x65,0x9c,0x05,0x89,0x87,0x89,0x89,0x89,0x05,0x9c,0x40,0x1a,0x04,0x00,0x00,0x00,0x00,0x00,0x00,0x00,0x00,0x00,0x00,0x00,0x00,0x00,0x00,0x00,0x00,0x00,0x00,0x00,0x00,0x00,0x00,0x00,0x00,0x00,0x00,0x00,0x00,0x00,0x00,0x00,0x00,0x00,0x00,0x00,0x00,0x00,0x00,0x00,0x00,0x00,0x00,0x00,0x00,0x00,0x00,0x00,0x00,0x00,0x00,0x00,0x00,0x00,0x00,0x00,
    0x00,0x00,0x00,0x00,0x00,0x00,0x00,0x00,0x00,0x00,0x00,0x00,0x00,0x00,0x00,0x00,0x00,0x00,0x00,0x00,0x00,0x00,0x00,0x00,0x00,0x00,0x00,0x00,0x00,0x00,0x00,0x00,0x00,0x00,0x00,0x00,0x00,0x00,0x00,0x00,0x00,0x00,0x00,0x00,0x00,0x00,0x00,0x00,0x00,0x00,0x00,0x00,0x00,0x00,0x00,0x00,0x00,0x00,0x00,0x06,0x00,0x3f,0x63,0x9c,0x8d,0x89,0x89,0x89,0x89,0x05,0x99,0xc9,0x2c,0x75,0x00,0x00,0x57,0x98,0x8e,0x05,0x89,0x89,0x89,0x89,0x05,0x87,0x55,0x25,0x04,0x00,0x00,0x00,0x00,0x00,0x00,0x00,0x00,0x00,0x00,0x00,0x00,0x00,0x00,0x00,0x00,0x00,0x00,0x00,0x00,0x00,0x00,0x00,0x00,0x00,0x00,0x00,0x00,0x00,0x00,0x00,0x00,0x00,0x00,0x00,0x00,0x00,0x00,0x00,0x00,0x00,0x00,0x00,0x00,0x00,0x00,0x00,0x00,0x00,0x00,0x00,0x00,0x00,0x00,0x00,
    0x00,0x00,0x00,0x00,0x00,0x00,0x00,0x00,0x00,0x00,0x00,0x00,0x00,0x00,0x00,0x00,0x00,0x00,0x00,0x00,0x00,0x00,0x00,0x00,0x00,0x00,0x00,0x00,0x00,0x00,0x00,0x00,0x00,0x00,0x00,0x00,0x00,0x00,0x00,0x00,0x00,0x00,0x00,0x00,0x00,0x00,0x00,0x00,0x00,0x00,0x00,0x00,0x00,0x00,0x00,0x00,0x00,0x00,0x00,0x06,0x00,0x3f,0x56,0x99,0x05,0x89,0x89,0x89,0x89,0x05,0x05,0x89,0x50,0x39,0x00,0x04,0x45,0x89,0x89,0x89,0x89,0x89,0x89,0x89,0x05,0x87,0x55,0x25,0x6e,0x00,0x00,0x00,0x00,0x00,0x00,0x00,0x00,0x00,0x00,0x00,0x00,0x00,0x00,0x00,0x00,0x00,0x00,0x00,0x00,0x00,0x00,0x00,0x00,0x00,0x00,0x00,0x00,0x00,0x00,0x00,0x00,0x00,0x00,0x00,0x00,0x00,0x00,0x00,0x00,0x00,0x00,0x00,0x00,0x00,0x00,0x00,0x00,0x00,0x00,0x00,0x00,0x00,0x00,0x00,
    0x00,0x00,0x00,0x00,0x00,0x00,0x00,0x00,0x00,0x00,0x00,0x00,0x00,0x00,0x00,0x00,0x00,0x00,0x00,0x00,0x00,0x00,0x00,0x00,0x00,0x00,0x00,0x00,0x00,0x00,0x00,0x00,0x00,0x00,0x00,0x00,0x00,0x00,0x00,0x00,0x00,0x00,0x00,0x00,0x00,0x00,0x00,0x00,0x00,0x00,0x00,0x00,0x00,0x00,0x00,0x00,0x00,0x00,0x00,0x04,0x00,0x54,0x41,0x05,0x05,0x87,0x89,0x89,0x87,0x8d,0x8d,0xa4,0x77,0x36,0x00,0x00,0x49,0x95,0x05,0x89,0x89,0x89,0x89,0x89,0x05,0x99,0x55,0x25,0x04,0x00,0x00,0x00,0x00,0x00,0x00,0x00,0x00,0x00,0x00,0x00,0x00,0x00,0x00,0x00,0x00,0x00,0x00,0x00,0x00,0x00,0x00,0x00,0x00,0x00,0x00,0x00,0x00,0x00,0x00,0x00,0x00,0x00,0x00,0x00,0x00,0x00,0x00,0x00,0x00,0x00,0x00,0x00,0x00,0x00,0x00,0x00,0x00,0x00,0x00,0x00,0x00,0x00,0x00,0x00,
    0x00,0x00,0x00,0x00,0x00,0x00,0x00,0x00,0x00,0x00,0x00,0x00,0x00,0x00,0x00,0x00,0x00,0x00,0x00,0x00,0x00,0x00,0x00,0x00,0x00,0x00,0x00,0x00,0x00,0x00,0x00,0x00,0x00,0x00,0x00,0x00,0x00,0x00,0x00,0x00,0x00,0x00,0x00,0x00,0x00,0x00,0x00,0x00,0x00,0x00,0x00,0x00,0x00,0x00,0x00,0x00,0x00,0x00,0x00,0x00,0x10,0x54,0x41,0x89,0x05,0x8d,0x05,0x89,0x89,0x8d,0x89,0x9f,0x3c,0x16,0x00,0x00,0x43,0xf6,0x8e,0x05,0x05,0x89,0x89,0x89,0x05,0x9c,0x60,0x25,0x00,0x00,0x00,0x00,0x00,0x00,0x00,0x00,0x00,0x00,0x00,0x00,0x00,0x00,0x00,0x00,0x00,0x00,0x00,0x00,0x00,0x00,0x00,0x00,0x00,0x00,0x00,0x00,0x00,0x00,0x00,0x00,0x00,0x00,0x00,0x00,0x00,0x00,0x00,0x00,0x00,0x00,0x00,0x00,0x00,0x00,0x00,0x00,0x00,0x00,0x00,0x00,0x00,0x00,0x00,0x00,
    0x00,0x00,0x00,0x00,0x00,0x00,0x00,0x00,0x00,0x00,0x00,0x00,0x00,0x00,0x00,0x00,0x00,0x00,0x00,0x00,0x00,0x00,0x00,0x00,0x00,0x00,0x00,0x00,0x00,0x00,0x00,0x00,0x00,0x00,0x00,0x00,0x00,0x00,0x00,0x00,0x00,0x00,0x00,0x00,0x00,0x00,0x00,0x00,0x00,0x00,0x00,0x00,0x00,0x00,0x00,0x00,0x00,0x00,0x00,0x00,0x10,0x54,0x05,0x89,0x8d,0x98,0x8d,0x87,0x89,0x89,0x8e,0xb8,0x43,0x2d,0x00,0x10,0x22,0x74,0x95,0x05,0x89,0x87,0x89,0x89,0x05,0x8e,0x56,0x49,0x10,0x00,0x00,0x00,0x00,0x00,0x00,0x00,0x00,0x00,0x00,0x00,0x00,0x00,0x00,0x00,0x00,0x00,0x00,0x00,0x00,0x00,0x00,0x00,0x00,0x00,0x00,0x00,0x00,0x00,0x00,0x00,0x00,0x00,0x00,0x00,0x00,0x00,0x00,0x00,0x00,0x00,0x00,0x00,0x00,0x00,0x00,0x00,0x00,0x00,0x00,0x00,0x00,0x00,0x00,0x00,
    0x00,0x00,0x00,0x00,0x00,0x00,0x00,0x00,0x00,0x00,0x00,0x00,0x00,0x00,0x00,0x00,0x00,0x00,0x00,0x00,0x00,0x00,0x00,0x00,0x00,0x00,0x00,0x00,0x00,0x00,0x00,0x00,0x00,0x00,0x00,0x00,0x00,0x00,0x00,0x00,0x00,0x00,0x00,0x00,0x00,0x00,0x00,0x00,0x00,0x00,0x00,0x00,0x00,0x00,0x00,0x00,0x00,0x00,0x04,0x00,0x14,0x63,0x9c,0x8d,0x89,0x8a,0x8d,0x05,0x89,0x05,0x9c,0x6f,0x1a,0x00,0x00,0x1f,0x1a,0x11,0x99,0x89,0x8d,0x8d,0x89,0x89,0x89,0x05,0x8d,0x54,0x1e,0x00,0x04,0x00,0x00,0x00,0x00,0x00,0x00,0x00,0x00,0x00,0x00,0x00,0x00,0x00,0x00,0x00,0x00,0x00,0x00,0x00,0x00,0x00,0x00,0x00,0x00,0x00,0x00,0x00,0x00,0x00,0x00,0x00,0x00,0x00,0x00,0x00,0x00,0x00,0x00,0x00,0x00,0x00,0x00,0x00,0x00,0x00,0x00,0x00,0x00,0x00,0x00,0x00,0x00,0x00,
    0x00,0x00,0x00,0x00,0x00,0x00,0x00,0x00,0x00,0x00,0x00,0x00,0x00,0x00,0x00,0x00,0x00,0x00,0x00,0x00,0x00,0x00,0x00,0x00,0x00,0x00,0x00,0x00,0x00,0x00,0x00,0x00,0x00,0x00,0x00,0x00,0x00,0x00,0x00,0x00,0x00,0x00,0x00,0x00,0x00,0x00,0x00,0x00,0x00,0x00,0x00,0x00,0x00,0x00,0x00,0x00,0x00,0x00,0x06,0x00,0x13,0x46,0x9c,0x8d,0x8d,0x8a,0x8d,0x05,0x89,0x05,0x99,0x41,0x1a,0x01,0x00,0x0b,0x45,0x41,0x89,0x89,0x8d,0x8d,0x87,0x89,0x89,0x89,0x8a,0x17,0x16,0x00,0x01,0x00,0x00,0x00,0x00,0x00,0x00,0x00,0x00,0x00,0x00,0x00,0x00,0x00,0x00,0x00,0x00,0x00,0x00,0x00,0x00,0x00,0x00,0x00,0x00,0x00,0x00,0x00,0x00,0x00,0x00,0x00,0x00,0x00,0x00,0x00,0x00,0x00,0x00,0x00,0x00,0x00,0x00,0x00,0x00,0x00,0x00,0x00,0x00,0x00,0x00,0x00,0x00,0x00,
    0x00,0x00,0x00,0x00,0x00,0x00,0x00,0x00,0x00,0x00,0x00,0x00,0x00,0x00,0x00,0x00,0x00,0x00,0x00,0x00,0x00,0x00,0x00,0x00,0x00,0x00,0x00,0x00,0x00,0x00,0x00,0x00,0x00,0x00,0x00,0x00,0x00,0x00,0x00,0x00,0x00,0x00,0x00,0x00,0x00,0x00,0x00,0x00,0x00,0x00,0x00,0x00,0x00,0x00,0x00,0x00,0x00,0x00,0x02,0x00,0x18,0x59,0x95,0x98,0xa3,0xa3,0x8d,0x87,0x89,0x05,0x99,0x56,0x25,0x02,0x00,0x0b,0x22,0x5d,0x8d,0x87,0x89,0x89,0x89,0x89,0x05,0x9c,0x9f,0x53,0x4f,0x03,0x01,0x00,0x00,0x00,0x00,0x00,0x00,0x00,0x00,0x00,0x00,0x00,0x00,0x00,0x00,0x00,0x00,0x00,0x00,0x00,0x00,0x00,0x00,0x00,0x00,0x00,0x00,0x00,0x00,0x00,0x00,0x00,0x00,0x00,0x00,0x00,0x00,0x00,0x00,0x00,0x00,0x00,0x00,0x00,0x00,0x00,0x00,0x00,0x00,0x00,0x00,0x00,0x00,0x00,
    0x00,0x00,0x00,0x00,0x00,0x00,0x00,0x00,0x00,0x00,0x00,0x00,0x00,0x00,0x00,0x00,0x00,0x00,0x00,0x00,0x00,0x00,0x00,0x00,0x00,0x00,0x00,0x00,0x00,0x00,0x00,0x00,0x00,0x00,0x00,0x00,0x00,0x00,0x00,0x00,0x00,0x00,0x00,0x00,0x00,0x00,0x00,0x00,0x00,0x00,0x00,0x00,0x00,0x00,0x00,0x00,0x00,0x00,0x01,0x02,0x79,0x2c,0xa8,0x8a,0x85,0x92,0x8a,0x05,0x05,0x8d,0x8d,0x55,0x17,0x00,0x04,0x1f,0x22,0x5c,0x8a,0x05,0x05,0x89,0x8a,0x98,0x98,0x87,0xaa,0x3c,0x13,0x00,0x01,0x00,0x00,0x00,0x00,0x00,0x00,0x00,0x00,0x00,0x00,0x00,0x00,0x00,0x00,0x00,0x00,0x00,0x00,0x00,0x00,0x00,0x00,0x00,0x00,0x00,0x00,0x00,0x00,0x00,0x00,0x00,0x00,0x00,0x00,0x00,0x00,0x00,0x00,0x00,0x00,0x00,0x00,0x00,0x00,0x00,0x00,0x00,0x00,0x00,0x00,0x00,0x00,0x00,
    0x00,0x00,0x00,0x00,0x00,0x00,0x00,0x00,0x00,0x00,0x00,0x00,0x00,0x00,0x00,0x00,0x00,0x00,0x00,0x00,0x00,0x00,0x00,0x00,0x00,0x00,0x00,0x00,0x00,0x00,0x00,0x00,0x00,0x00,0x00,0x00,0x00,0x00,0x00,0x00,0x00,0x00,0x00,0x00,0x00,0x00,0x00,0x00,0x00,0x00,0x00,0x00,0x00,0x00,0x00,0x00,0x00,0x00,0x03,0x02,0x58,0x35,0x24,0x95,0x8e,0x96,0xa5,0x8e,0x99,0x95,0x99,0x38,0x0a,0x09,0x02,0x00,0x2f,0x1b,0x9c,0x95,0x99,0x89,0xa1,0x96,0x8d,0xdd,0xb2,0x71,0x0a,0x18,0x00,0x01,0x00,0x00,0x00,0x00,0x00,0x00,0x00,0x00,0x00,0x00,0x00,0x00,0x00,0x00,0x00,0x00,0x00,0x00,0x00,0x00,0x00,0x00,0x00,0x00,0x00,0x00,0x00,0x00,0x00,0x00,0x00,0x00,0x00,0x00,0x00,0x00,0x00,0x00,0x00,0x00,0x00,0x00,0x00,0x00,0x00,0x00,0x00,0x00,0x00,0x00,0x00,0x00,
    0x00,0x00,0x00,0x00,0x00,0x00,0x00,0x00,0x00,0x00,0x00,0x00,0x00,0x00,0x00,0x00,0x00,0x00,0x00,0x00,0x00,0x00,0x00,0x00,0x00,0x00,0x00,0x00,0x00,0x00,0x00,0x00,0x00,0x00,0x00,0x00,0x00,0x00,0x00,0x00,0x00,0x00,0x00,0x00,0x00,0x00,0x00,0x00,0x00,0x00,0x00,0x00,0x00,0x00,0x00,0x00,0x00,0x01,0x00,0x27,0x0d,0x82,0xd4,0x74,0x24,0x9f,0xb8,0xa4,0x0e,0x24,0xa6,0xd9,0x8b,0x0a,0x00,0x0f,0x82,0x07,0xf3,0x24,0x0e,0x19,0x19,0xb8,0x0e,0xa2,0xd4,0x88,0x8f,0x31,0x0b,0x00,0x03,0x00,0x00,0x00,0x00,0x00,0x00,0x00,0x00,0x00,0x00,0x00,0x00,0x00,0x00,0x00,0x00,0x00,0x00,0x00,0x00,0x00,0x00,0x00,0x00,0x00,0x00,0x00,0x00,0x00,0x00,0x00,0x00,0x00,0x00,0x00,0x00,0x00,0x00,0x00,0x00,0x00,0x00,0x00,0x00,0x00,0x00,0x00,0x00,0x00,0x00,0x00,
    0x00,0x00,0x00,0x00,0x00,0x00,0x00,0x00,0x00,0x00,0x00,0x00,0x00,0x00,0x00,0x00,0x00,0x00,0x00,0x00,0x00,0x00,0x00,0x00,0x00,0x00,0x00,0x00,0x00,0x00,0x00,0x00,0x00,0x00,0x00,0x00,0x00,0x00,0x00,0x00,0x00,0x00,0x00,0x00,0x00,0x00,0x00,0x00,0x00,0x00,0x00,0x00,0x00,0x00,0x00,0x00,0x00,0x02,0x00,0x2f,0x84,0x08,0x8b,0x88,0x86,0x86,0x81,0x81,0x84,0x88,0x8b,0x86,0x0d,0x2b,0x09,0x28,0x83,0x83,0x8b,0x82,0x84,0x94,0x94,0x81,0x84,0x8b,0x8b,0x0d,0x84,0x0a,0x02,0x02,0x00,0x00,0x00,0x00,0x00,0x00,0x00,0x00,0x00,0x00,0x00,0x00,0x00,0x00,0x00,0x00,0x00,0x00,0x00,0x00,0x00,0x00,0x00,0x00,0x00,0x00,0x00,0x00,0x00,0x00,0x00,0x00,0x00,0x00,0x00,0x00,0x00,0x00,0x00,0x00,0x00,0x00,0x00,0x00,0x00,0x00,0x00,0x00,0x00,0x00,0x00,0x00,
    0x00,0x00,0x00,0x00,0x00,0x00,0x00,0x00,0x00,0x00,0x00,0x00,0x00,0x00,0x00,0x00,0x00,0x00,0x00,0x00,0x00,0x00,0x00,0x00,0x00,0x00,0x00,0x00,0x00,0x00,0x00,0x00,0x00,0x00,0x00,0x00,0x00,0x00,0x00,0x00,0x00,0x00,0x00,0x00,0x00,0x00,0x00,0x00,0x00,0x00,0x00,0x00,0x00,0x00,0x00,0x00,0x00,0x02,0x00,0x26,0x84,0x0d,0x86,0x86,0x81,0x81,0x7f,0x84,0x7f,0x84,0x82,0x82,0x83,0x35,0x18,0x35,0x82,0x86,0x83,0x7f,0x7f,0x84,0x84,0x84,0x7f,0x86,0x83,0x0d,0x83,0x0a,0x00,0x02,0x00,0x00,0x00,0x00,0x00,0x00,0x00,0x00,0x00,0x00,0x00,0x00,0x00,0x00,0x00,0x00,0x00,0x00,0x00,0x00,0x00,0x00,0x00,0x00,0x00,0x00,0x00,0x00,0x00,0x00,0x00,0x00,0x00,0x00,0x00,0x00,0x00,0x00,0x00,0x00,0x00,0x00,0x00,0x00,0x00,0x00,0x00,0x00,0x00,0x00,0x00,0x00,
    0x00,0x00,0x00,0x00,0x00,0x00,0x00,0x00,0x00,0x00,0x00,0x00,0x00,0x00,0x00,0x00,0x00,0x00,0x00,0x00,0x00,0x00,0x00,0x00,0x00,0x00,0x00,0x00,0x00,0x00,0x00,0x00,0x00,0x00,0x00,0x00,0x00,0x00,0x00,0x00,0x00,0x00,0x00,0x00,0x00,0x00,0x00,0x00,0x00,0x00,0x00,0x00,0x00,0x00,0x00,0x00,0x00,0x02,0x00,0x26,0x7f,0x07,0x7f,0x82,0x84,0x7f,0x81,0x81,0x81,0x86,0x82,0x86,0x83,0x31,0x27,0x35,0x82,0x08,0x83,0x84,0x7f,0x81,0x81,0x81,0x7f,0x82,0x84,0x07,0x86,0x0a,0x00,0x02,0x00,0x00,0x00,0x00,0x00,0x00,0x00,0x00,0x00,0x00,0x00,0x00,0x00,0x00,0x00,0x00,0x00,0x00,0x00,0x00,0x00,0x00,0x00,0x00,0x00,0x00,0x00,0x00,0x00,0x00,0x00,0x00,0x00,0x00,0x00,0x00,0x00,0x00,0x00,0x00,0x00,0x00,0x00,0x00,0x00,0x00,0x00,0x00,0x00,0x00,0x00,0x00,
    0x00,0x00,0x00,0x00,0x00,0x00,0x00,0x00,0x00,0x00,0x00,0x00,0x00,0x00,0x00,0x00,0x00,0x00,0x00,0x00,0x00,0x00,0x00,0x00,0x00,0x00,0x00,0x00,0x00,0x00,0x00,0x00,0x00,0x00,0x00,0x00,0x00,0x00,0x00,0x00,0x00,0x00,0x00,0x00,0x00,0x00,0x00,0x00,0x00,0x00,0x00,0x00,0x00,0x00,0x00,0x00,0x00,0x02,0x00,0x0a,0x81,0x07,0x86,0x82,0x81,0x8f,0x7f,0x81,0x7f,0x83,0x88,0x88,0x82,0x52,0x2f,0x2b,0x82,0x83,0x88,0x84,0x8f,0x7f,0x7f,0x81,0x8f,0x82,0x83,0x07,0x86,0x30,0x00,0x02,0x00,0x00,0x00,0x00,0x00,0x00,0x00,0x00,0x00,0x00,0x00,0x00,0x00,0x00,0x00,0x00,0x00,0x00,0x00,0x00,0x00,0x00,0x00,0x00,0x00,0x00,0x00,0x00,0x00,0x00,0x00,0x00,0x00,0x00,0x00,0x00,0x00,0x00,0x00,0x00,0x00,0x00,0x00,0x00,0x00,0x00,0x00,0x00,0x00,0x00,0x00,0x00,
    0x00,0x00,0x00,0x00,0x00,0x00,0x00,0x00,0x00,0x00,0x00,0x00,0x00,0x00,0x00,0x00,0x00,0x00,0x00,0x00,0x00,0x00,0x00,0x00,0x00,0x00,0x00,0x00,0x00,0x00,0x00,0x00,0x00,0x00,0x00,0x00,0x00,0x00,0x00,0x00,0x00,0x00,0x00,0x00,0x00,0x00,0x00,0x00,0x00,0x00,0x00,0x00,0x00,0x00,0x00,0x00,0x00,0x02,0x00,0x12,0x84,0x0d,0xa7,0x86,0x88,0x83,0x7f,0x84,0x83,0x88,0x8f,0xc4,0x82,0x30,0x09,0x0a,0x88,0x0c,0x84,0x8b,0x88,0x88,0x88,0x88,0x88,0x86,0xc4,0x07,0x83,0x2a,0x00,0x02,0x00,0x00,0x00,0x00,0x00,0x00,0x00,0x00,0x00,0x00,0x00,0x00,0x00,0x00,0x00,0x00,0x00,0x00,0x00,0x00,0x00,0x00,0x00,0x00,0x00,0x00,0x00,0x00,0x00,0x00,0x00,0x00,0x00,0x00,0x00,0x00,0x00,0x00,0x00,0x00,0x00,0x00,0x00,0x00,0x00,0x00,0x00,0x00,0x00,0x00,0x00,0x00,
    0x00,0x00,0x00,0x00,0x00,0x00,0x00,0x00,0x00,0x00,0x00,0x00,0x00,0x00,0x00,0x00,0x00,0x00,0x00,0x00,0x00,0x00,0x00,0x00,0x00,0x00,0x00,0x00,0x00,0x00,0x00,0x00,0x00,0x00,0x00,0x00,0x00,0x00,0x00,0x00,0x00,0x00,0x00,0x00,0x00,0x00,0x00,0x00,0x00,0x00,0x00,0x00,0x00,0x00,0x00,0x00,0x00,0x02,0x00,0x2a,0x82,0x0d,0xd0,0xcb,0xab,0xc4,0x84,0x8f,0xac,0xd0,0xb0,0xd0,0x82,0x29,0x0b,0x28,0x88,0xcb,0xb0,0xab,0xb9,0x84,0x8f,0xac,0xab,0xcd,0xcb,0x07,0x84,0x0f,0x00,0x02,0x00,0x00,0x00,0x00,0x00,0x00,0x00,0x00,0x00,0x00,0x00,0x00,0x00,0x00,0x00,0x00,0x00,0x00,0x00,0x00,0x00,0x00,0x00,0x00,0x00,0x00,0x00,0x00,0x00,0x00,0x00,0x00,0x00,0x00,0x00,0x00,0x00,0x00,0x00,0x00,0x00,0x00,0x00,0x00,0x00,0x00,0x00,0x00,0x00,0x00,0x00,0x00,
    0x00,0x00,0x00,0x00,0x00,0x00,0x00,0x00,0x00,0x00,0x00,0x00,0x00,0x00,0x00,0x00,0x00,0x00,0x00,0x00,0x00,0x00,0x00,0x00,0x00,0x00,0x00,0x00,0x00,0x00,0x00,0x00,0x00,0x00,0x00,0x00,0x00,0x00,0x00,0x00,0x00,0x00,0x00,0x00,0x00,0x00,0x00,0x00,0x00,0x00,0x00,0x00,0x00,0x00,0x00,0x00,0x00,0x02,0x00,0x2a,0x84,0x0d,0xc4,0xa7,0xc4,0xb0,0xce,0xce,0xcd,0xb9,0xd8,0xb9,0x84,0x29,0x18,0x51,0x86,0xb9,0xac,0xb9,0xb0,0xd6,0xcf,0xcd,0xb9,0xac,0xc4,0x0d,0x8f,0x0f,0x00,0x02,0x00,0x00,0x00,0x00,0x00,0x00,0x00,0x00,0x00,0x00,0x00,0x00,0x00,0x00,0x00,0x00,0x00,0x00,0x00,0x00,0x00,0x00,0x00,0x00,0x00,0x00,0x00,0x00,0x00,0x00,0x00,0x00,0x00,0x00,0x00,0x00,0x00,0x00,0x00,0x00,0x00,0x00,0x00,0x00,0x00,0x00,0x00,0x00,0x00,0x00,0x00,0x00,
    0x00,0x00,0x00,0x00,0x00,0x00,0x00,0x00,0x00,0x00,0x00,0x00,0x00,0x00,0x00,0x00,0x00,0x00,0x00,0x00,0x00,0x00,0x00,0x00,0x00,0x00,0x00,0x00,0x00,0x00,0x00,0x00,0x00,0x00,0x00,0x00,0x00,0x00,0x00,0x00,0x00,0x00,0x00,0x00,0x00,0x00,0x00,0x00,0x00,0x00,0x00,0x00,0x00,0x00,0x00,0x00,0x00,0x02,0x00,0x28,0x8f,0x07,0x7f,0xd8,0xcb,0xb0,0xac,0xed,0xb0,0xd0,0xac,0x0d,0x81,0x29,0x00,0x30,0x84,0x86,0xd8,0xcb,0xcb,0xc4,0xac,0xb0,0xd0,0xb9,0x83,0x07,0x84,0x0f,0x00,0x02,0x00,0x00,0x00,0x00,0x00,0x00,0x00,0x00,0x00,0x00,0x00,0x00,0x00,0x00,0x00,0x00,0x00,0x00,0x00,0x00,0x00,0x00,0x00,0x00,0x00,0x00,0x00,0x00,0x00,0x00,0x00,0x00,0x00,0x00,0x00,0x00,0x00,0x00,0x00,0x00,0x00,0x00,0x00,0x00,0x00,0x00,0x00,0x00,0x00,0x00,0x00,0x00,
    0x00,0x00,0x00,0x00,0x00,0x00,0x00,0x00,0x00,0x00,0x00,0x00,0x00,0x00,0x00,0x00,0x00,0x00,0x00,0x00,0x00,0x00,0x00,0x00,0x00,0x00,0x00,0x00,0x00,0x00,0x00,0x00,0x00,0x00,0x00,0x00,0x00,0x00,0x00,0x00,0x00,0x00,0x00,0x00,0x00,0x00,0x00,0x00,0x00,0x00,0x00,0x00,0x00,0x00,0x00,0x00,0x00,0x02,0x00,0x29,0x81,0x0d,0xe5,0xce,0xd0,0x82,0x8b,0x8b,0xb9,0xb0,0xb0,0x07,0x86,0x2a,0x01,0x58,0x82,0xb9,0xce,0xcd,0x82,0x8b,0x8b,0x7f,0xb0,0xce,0xc4,0x84,0x83,0x0f,0x00,0x02,0x00,0x00,0x00,0x00,0x00,0x00,0x00,0x00,0x00,0x00,0x00,0x00,0x00,0x00,0x00,0x00,0x00,0x00,0x00,0x00,0x00,0x00,0x00,0x00,0x00,0x00,0x00,0x00,0x00,0x00,0x00,0x00,0x00,0x00,0x00,0x00,0x00,0x00,0x00,0x00,0x00,0x00,0x00,0x00,0x00,0x00,0x00,0x00,0x00,0x00,0x00,0x00,
    0x00,0x00,0x00,0x00,0x00,0x00,0x00,0x00,0x00,0x00,0x00,0x00,0x00,0x00,0x00,0x00,0x00,0x00,0x00,0x00,0x00,0x00,0x00,0x00,0x00,0x00,0x00,0x00,0x00,0x00,0x00,0x00,0x00,0x00,0x00,0x00,0x00,0x00,0x00,0x00,0x00,0x00,0x00,0x00,0x00,0x00,0x00,0x00,0x00,0x00,0x00,0x00,0x00,0x00,0x00,0x00,0x00,0x02,0x00,0x12,0x82,0x82,0xa7,0x84,0xcd,0xde,0xc4,0xab,0xce,0xac,0x8f,0x84,0x88,0x09,0x0b,0x58,0x86,0x94,0x7f,0xd0,0xce,0xac,0xac,0xce,0xcb,0xb9,0xa7,0x08,0x84,0x0f,0x00,0x02,0x00,0x00,0x00,0x00,0x00,0x00,0x00,0x00,0x00,0x00,0x00,0x00,0x00,0x00,0x00,0x00,0x00,0x00,0x00,0x00,0x00,0x00,0x00,0x00,0x00,0x00,0x00,0x00,0x00,0x00,0x00,0x00,0x00,0x00,0x00,0x00,0x00,0x00,0x00,0x00,0x00,0x00,0x00,0x00,0x00,0x00,0x00,0x00,0x00,0x00,0x00,0x00,
    0x00,0x00,0x00,0x00,0x00,0x00,0x00,0x00,0x00,0x00,0x00,0x00,0x00,0x00,0x00,0x00,0x00,0x00,0x00,0x00,0x00,0x00,0x00,0x00,0x00,0x00,0x00,0x00,0x00,0x00,0x00,0x00,0x00,0x00,0x00,0x00,0x00,0x00,0x00,0x00,0x00,0x00,0x00,0x00,0x00,0x00,0x00,0x00,0x00,0x00,0x00,0x00,0x00,0x00,0x00,0x00,0x00,0x02,0x00,0x0a,0x86,0x84,0x88,0x8b,0x8b,0xb0,0xdf,0xdf,0xac,0x8b,0x88,0x82,0x82,0x09,0x03,0x0f,0x86,0x07,0x86,0x8b,0xcd,0xdf,0xdf,0xab,0x8b,0x8b,0x82,0x08,0x83,0x0f,0x00,0x02,0x00,0x00,0x00,0x00,0x00,0x00,0x00,0x00,0x00,0x00,0x00,0x00,0x00,0x00,0x00,0x00,0x00,0x00,0x00,0x00,0x00,0x00,0x00,0x00,0x00,0x00,0x00,0x00,0x00,0x00,0x00,0x00,0x00,0x00,0x00,0x00,0x00,0x00,0x00,0x00,0x00,0x00,0x00,0x00,0x00,0x00,0x00,0x00,0x00,0x00,0x00,0x00,
    0x00,0x00,0x00,0x00,0x00,0x00,0x00,0x00,0x00,0x00,0x00,0x00,0x00,0x00,0x00,0x00,0x00,0x00,0x00,0x00,0x00,0x00,0x00,0x00,0x00,0x00,0x00,0x00,0x00,0x00,0x00,0x00,0x00,0x00,0x00,0x00,0x00,0x00,0x00,0x00,0x00,0x00,0x00,0x00,0x00,0x00,0x00,0x00,0x00,0x00,0x00,0x00,0x00,0x00,0x00,0x00,0x00,0x02,0x00,0x26,0x84,0x07,0x86,0xa7,0xcb,0xde,0xb9,0xac,0xb0,0xd8,0x86,0x83,0x82,0x12,0x00,0x0f,0x86,0x08,0x7f,0xd0,0xde,0xac,0xac,0xb0,0xd0,0x84,0x82,0x08,0x83,0x0f,0x00,0x02,0x00,0x00,0x00,0x00,0x00,0x00,0x00,0x00,0x00,0x00,0x00,0x00,0x00,0x00,0x00,0x00,0x00,0x00,0x00,0x00,0x00,0x00,0x00,0x00,0x00,0x00,0x00,0x00,0x00,0x00,0x00,0x00,0x00,0x00,0x00,0x00,0x00,0x00,0x00,0x00,0x00,0x00,0x00,0x00,0x00,0x00,0x00,0x00,0x00,0x00,0x00,0x00,
    0x00,0x00,0x00,0x00,0x00,0x00,0x00,0x00,0x00,0x00,0x00,0x00,0x00,0x00,0x00,0x00,0x00,0x00,0x00,0x00,0x00,0x00,0x00,0x00,0x00,0x00,0x00,0x00,0x00,0x00,0x00,0x00,0x00,0x00,0x00,0x00,0x00,0x00,0x00,0x00,0x00,0x00,0x00,0x00,0x00,0x00,0x00,0x00,0x00,0x00,0x00,0x00,0x00,0x00,0x00,0x00,0x00,0x02,0x00,0x26,0x82,0x82,0x7f,0xce,0xb0,0x83,0x8b,0x8b,0xac,0xce,0xe5,0x88,0x83,0x0f,0x03,0x0f,0x86,0x83,0xde,0xce,0xb9,0x88,0x8b,0xc4,0xdf,0xcb,0x83,0x07,0x86,0x2f,0x00,0x02,0x00,0x00,0x00,0x00,0x00,0x00,0x00,0x00,0x00,0x00,0x00,0x00,0x00,0x00,0x00,0x00,0x00,0x00,0x00,0x00,0x00,0x00,0x00,0x00,0x00,0x00,0x00,0x00,0x00,0x00,0x00,0x00,0x00,0x00,0x00,0x00,0x00,0x00,0x00,0x00,0x00,0x00,0x00,0x00,0x00,0x00,0x00,0x00,0x00,0x00,0x00,0x00,
    0x00,0x00,0x00,0x00,0x00,0x00,0x00,0x00,0x00,0x00,0x00,0x00,0x00,0x00,0x00,0x00,0x00,0x00,0x00,0x00,0x00,0x00,0x00,0x00,0x00,0x00,0x00,0x00,0x00,0x00,0x00,0x00,0x00,0x00,0x00,0x00,0x00,0x00,0x00,0x00,0x00,0x00,0x00,0x00,0x00,0x00,0x00,0x00,0x00,0x00,0x00,0x00,0x00,0x00,0x00,0x00,0x00,0x02,0x00,0x26,0x86,0x0d,0x82,0x8f,0xd0,0xde,0xab,0xcb,0xb0,0xac,0x8f,0x07,0x84,0x12,0x00,0x0a,0x83,0x0d,0x7f,0xab,0xde,0xab,0xcd,0xde,0xd8,0x94,0x81,0x07,0x8f,0x0a,0x00,0x02,0x00,0x00,0x00,0x00,0x00,0x00,0x00,0x00,0x00,0x00,0x00,0x00,0x00,0x00,0x00,0x00,0x00,0x00,0x00,0x00,0x00,0x00,0x00,0x00,0x00,0x00,0x00,0x00,0x00,0x00,0x00,0x00,0x00,0x00,0x00,0x00,0x00,0x00,0x00,0x00,0x00,0x00,0x00,0x00,0x00,0x00,0x00,0x00,0x00,0x00,0x00,0x00,
    0x00,0x00,0x00,0x00,0x00,0x00,0x00,0x00,0x00,0x00,0x00,0x00,0x00,0x00,0x00,0x00,0x00,0x00,0x00,0x00,0x00,0x00,0x00,0x00,0x00,0x00,0x00,0x00,0x00,0x00,0x00,0x00,0x00,0x00,0x00,0x00,0x00,0x00,0x00,0x00,0x00,0x00,0x00,0x00,0x00,0x00,0x00,0x00,0x00,0x00,0x00,0x00,0x00,0x00,0x00,0x00,0x00,0x02,0x03,0x26,0x86,0x84,0x82,0x8b,0xb9,0xde,0xde,0xde,0xab,0x84,0x86,0x0d,0x86,0x0a,0x0b,0x0a,0x82,0x83,0x8b,0x84,0xcd,0xb0,0xb0,0xcd,0x8f,0x88,0x84,0x0d,0x86,0x0a,0x00,0x02,0x00,0x00,0x00,0x00,0x00,0x00,0x00,0x00,0x00,0x00,0x00,0x00,0x00,0x00,0x00,0x00,0x00,0x00,0x00,0x00,0x00,0x00,0x00,0x00,0x00,0x00,0x00,0x00,0x00,0x00,0x00,0x00,0x00,0x00,0x00,0x00,0x00,0x00,0x00,0x00,0x00,0x00,0x00,0x00,0x00,0x00,0x00,0x00,0x00,0x00,0x00,0x00,
    0x00,0x00,0x00,0x00,0x00,0x00,0x00,0x00,0x00,0x00,0x00,0x00,0x00,0x00,0x00,0x00,0x00,0x00,0x00,0x00,0x00,0x00,0x00,0x00,0x00,0x00,0x00,0x00,0x00,0x00,0x00,0x00,0x00,0x00,0x00,0x00,0x00,0x00,0x00,0x00,0x00,0x00,0x00,0x00,0x00,0x00,0x00,0x00,0x00,0x00,0x00,0x00,0x00,0x00,0x00,0x00,0x00,0x02,0x00,0x28,0x86,0x84,0x81,0xcb,0xce,0xb0,0xac,0xd8,0xde,0xb0,0xac,0x88,0x08,0x31,0x09,0x58,0x82,0x0d,0xd0,0xce,0xb0,0xac,0xac,0xb0,0xce,0xab,0x83,0x0d,0x83,0x0a,0x00,0x02,0x00,0x00,0x00,0x00,0x00,0x00,0x00,0x00,0x00,0x00,0x00,0x00,0x00,0x00,0x00,0x00,0x00,0x00,0x00,0x00,0x00,0x00,0x00,0x00,0x00,0x00,0x00,0x00,0x00,0x00,0x00,0x00,0x00,0x00,0x00,0x00,0x00,0x00,0x00,0x00,0x00,0x00,0x00,0x00,0x00,0x00,0x00,0x00,0x00,0x00,0x00,0x00,
    0x00,0x00,0x00,0x00,0x00,0x00,0x00,0x00,0x00,0x00,0x00,0x00,0x00,0x00,0x00,0x00,0x00,0x00,0x00,0x00,0x00,0x00,0x00,0x00,0x00,0x00,0x00,0x00,0x00,0x00,0x00,0x00,0x00,0x00,0x00,0x00,0x00,0x00,0x00,0x00,0x00,0x00,0x00,0x00,0x00,0x00,0x00,0x00,0x00,0x00,0x00,0x00,0x00,0x00,0x00,0x00,0x03,0x01,0x27,0x52,0x8f,0x86,0xe0,0xe7,0xb9,0xab,0xd0,0xab,0xac,0xb9,0xab,0x83,0x83,0x2b,0x18,0x31,0x84,0xa7,0xcb,0xb9,0xab,0xcb,0xe5,0xd8,0xb9,0xcb,0xa7,0x0d,0x86,0x28,0x02,0x02,0x00,0x00,0x00,0x00,0x00,0x00,0x00,0x00,0x00,0x00,0x00,0x00,0x00,0x00,0x00,0x00,0x00,0x00,0x00,0x00,0x00,0x00,0x00,0x00,0x00,0x00,0x00,0x00,0x00,0x00,0x00,0x00,0x00,0x00,0x00,0x00,0x00,0x00,0x00,0x00,0x00,0x00,0x00,0x00,0x00,0x00,0x00,0x00,0x00,0x00,0x00,0x00,
    0x00,0x00,0x00,0x00,0x00,0x00,0x00,0x00,0x00,0x00,0x00,0x00,0x00,0x00,0x00,0x00,0x00,0x00,0x00,0x00,0x00,0x00,0x00,0x00,0x00,0x00,0x00,0x00,0x00,0x00,0x00,0x00,0x00,0x00,0x00,0x00,0x00,0x00,0x00,0x00,0x00,0x00,0x00,0x00,0x00,0x00,0x00,0x00,0x00,0x00,0x00,0x00,0x00,0x00,0x00,0x00,0x01,0x00,0x09,0x86,0x81,0x81,0x84,0x8b,0x8b,0x88,0x82,0x88,0x8b,0x88,0x8b,0x83,0x82,0x51,0x02,0x0d,0x86,0x84,0x8b,0x88,0x82,0x88,0x82,0x82,0x88,0x8b,0x82,0x82,0x82,0x0d,0x0b,0x00,0x03,0x00,0x00,0x00,0x00,0x00,0x00,0x00,0x00,0x00,0x00,0x00,0x00,0x00,0x00,0x00,0x00,0x00,0x00,0x00,0x00,0x00,0x00,0x00,0x00,0x00,0x00,0x00,0x00,0x00,0x00,0x00,0x00,0x00,0x00,0x00,0x00,0x00,0x00,0x00,0x00,0x00,0x00,0x00,0x00,0x00,0x00,0x00,0x00,0x00,0x00,0x00,
    0x00,0x00,0x00,0x00,0x00,0x00,0x00,0x00,0x00,0x00,0x00,0x00,0x00,0x00,0x00,0x00,0x00,0x00,0x00,0x00,0x00,0x00,0x00,0x00,0x00,0x00,0x00,0x00,0x00,0x00,0x00,0x00,0x00,0x00,0x00,0x00,0x00,0x00,0x00,0x00,0x00,0x00,0x00,0x00,0x00,0x00,0x00,0x00,0x00,0x00,0x00,0x00,0x00,0x00,0x00,0x03,0x03,0x15,0x12,0x83,0x81,0x7f,0x81,0x81,0x84,0x86,0x86,0x83,0x83,0x82,0x82,0x82,0x82,0x35,0x12,0x35,0x82,0x83,0x86,0x83,0x86,0x83,0x83,0x86,0x86,0x86,0x88,0x86,0x08,0x0d,0x0f,0x00,0x02,0x00,0x00,0x00,0x00,0x00,0x00,0x00,0x00,0x00,0x00,0x00,0x00,0x00,0x00,0x00,0x00,0x00,0x00,0x00,0x00,0x00,0x00,0x00,0x00,0x00,0x00,0x00,0x00,0x00,0x00,0x00,0x00,0x00,0x00,0x00,0x00,0x00,0x00,0x00,0x00,0x00,0x00,0x00,0x00,0x00,0x00,0x00,0x00,0x00,0x00,0x00,
    0x00,0x00,0x00,0x00,0x00,0x00,0x00,0x00,0x00,0x00,0x00,0x00,0x00,0x00,0x00,0x00,0x00,0x00,0x00,0x00,0x00,0x00,0x00,0x00,0x00,0x00,0x00,0x00,0x00,0x00,0x00,0x00,0x00,0x00,0x00,0x00,0x00,0x00,0x00,0x00,0x00,0x00,0x00,0x00,0x00,0x00,0x00,0x00,0x00,0x00,0x00,0x00,0x00,0x00,0x00,0x01,0x03,0x16,0x30,0x88,0x07,0x81,0x81,0x81,0x84,0x86,0x86,0x83,0x82,0x86,0x82,0x83,0x83,0x83,0x30,0x86,0x7f,0x84,0x84,0x86,0x83,0x82,0x82,0x82,0x86,0x86,0x86,0x7f,0x07,0x86,0x2a,0x00,0x02,0x00,0x00,0x00,0x00,0x00,0x00,0x00,0x00,0x00,0x00,0x00,0x00,0x00,0x00,0x00,0x00,0x00,0x00,0x00,0x00,0x00,0x00,0x00,0x00,0x00,0x00,0x00,0x00,0x00,0x00,0x00,0x00,0x00,0x00,0x00,0x00,0x00,0x00,0x00,0x00,0x00,0x00,0x00,0x00,0x00,0x00,0x00,0x00,0x00,0x00,0x00,
    0x00,0x00,0x00,0x00,0x00,0x00,0x00,0x00,0x00,0x00,0x00,0x00,0x00,0x00,0x00,0x00,0x00,0x00,0x00,0x00,0x00,0x00,0x00,0x00,0x00,0x00,0x00,0x00,0x00,0x00,0x00,0x00,0x00,0x00,0x00,0x00,0x00,0x00,0x00,0x00,0x00,0x00,0x00,0x00,0x00,0x00,0x00,0x00,0x00,0x00,0x00,0x00,0x00,0x00,0x00,0x00,0x02,0x00,0x29,0x86,0x0d,0x84,0x86,0x83,0x82,0x82,0x82,0x82,0x82,0x82,0x86,0x7f,0x84,0x0d,0x0a,0x83,0x81,0x81,0x7f,0x83,0x82,0x82,0x82,0x82,0x82,0x83,0x86,0x7f,0x08,0x82,0x12,0x00,0x02,0x00,0x00,0x00,0x00,0x00,0x00,0x00,0x00,0x00,0x00,0x00,0x00,0x00,0x00,0x00,0x00,0x00,0x00,0x00,0x00,0x00,0x00,0x00,0x00,0x00,0x00,0x00,0x00,0x00,0x00,0x00,0x00,0x00,0x00,0x00,0x00,0x00,0x00,0x00,0x00,0x00,0x00,0x00,0x00,0x00,0x00,0x00,0x00,0x00,0x00,0x00,
    0x00,0x00,0x00,0x00,0x00,0x00,0x00,0x00,0x00,0x00,0x00,0x00,0x00,0x00,0x00,0x00,0x00,0x00,0x00,0x00,0x00,0x00,0x00,0x00,0x00,0x00,0x00,0x00,0x00,0x00,0x00,0x00,0x00,0x00,0x00,0x00,0x00,0x00,0x00,0x00,0x00,0x00,0x00,0x00,0x00,0x00,0x00,0x00,0x00,0x00,0x00,0x00,0x00,0x00,0x00,0x03,0x02,0x15,0x58,0x7f,0x0d,0x82,0x88,0x82,0x83,0x83,0x82,0x82,0x82,0x82,0x86,0x86,0x83,0x0d,0x0a,0x86,0x83,0x83,0x82,0x82,0x82,0x82,0x82,0x82,0x82,0x82,0x88,0x83,0x0d,0x83,0x2a,0x00,0x02,0x00,0x00,0x00,0x00,0x00,0x00,0x00,0x00,0x00,0x00,0x00,0x00,0x00,0x00,0x00,0x00,0x00,0x00,0x00,0x00,0x00,0x00,0x00,0x00,0x00,0x00,0x00,0x00,0x00,0x00,0x00,0x00,0x00,0x00,0x00,0x00,0x00,0x00,0x00,0x00,0x00,0x00,0x00,0x00,0x00,0x00,0x00,0x00,0x00,0x00,0x00,
    0x00,0x00,0x00,0x00,0x00,0x00,0x00,0x00,0x00,0x00,0x00,0x00,0x00,0x00,0x00,0x00,0x00,0x00,0x00,0x00,0x00,0x00,0x00,0x00,0x00,0x00,0x00,0x00,0x00,0x00,0x00,0x00,0x00,0x00,0x00,0x00,0x00,0x00,0x00,0x00,0x00,0x00,0x00,0x00,0x00,0x00,0x00,0x00,0x00,0x00,0x00,0x00,0x00,0x00,0x00,0x00,0x02,0x1f,0x2a,0x8f,0x94,0x94,0x81,0x84,0x86,0x86,0x82,0x82,0x82,0x82,0x86,0x7f,0x8f,0x0d,0x0a,0x8f,0x84,0x83,0x83,0x82,0x83,0x83,0x83,0x82,0x83,0x83,0x83,0x84,0x07,0x0d,0x0f,0x00,0x02,0x00,0x00,0x00,0x00,0x00,0x00,0x00,0x00,0x00,0x00,0x00,0x00,0x00,0x00,0x00,0x00,0x00,0x00,0x00,0x00,0x00,0x00,0x00,0x00,0x00,0x00,0x00,0x00,0x00,0x00,0x00,0x00,0x00,0x00,0x00,0x00,0x00,0x00,0x00,0x00,0x00,0x00,0x00,0x00,0x00,0x00,0x00,0x00,0x00,0x00,0x00,
    0x00,0x00,0x00,0x00,0x00,0x00,0x00,0x00,0x00,0x00,0x00,0x00,0x00,0x00,0x00,0x00,0x00,0x00,0x00,0x00,0x00,0x00,0x00,0x00,0x00,0x00,0x00,0x00,0x00,0x00,0x00,0x00,0x00,0x00,0x00,0x00,0x00,0x00,0x00,0x00,0x00,0x00,0x00,0x00,0x00,0x00,0x00,0x00,0x00,0x00,0x00,0x00,0x00,0x00,0x00,0x00,0x02,0x00,0x18,0x94,0x0c,0x0c,0x0c,0x0c,0xa7,0x94,0x94,0x8f,0x7f,0x8f,0xa7,0xa7,0x0c,0x35,0x0a,0x94,0x94,0x8f,0x8f,0x8f,0xa7,0x94,0x94,0x94,0xa7,0xa7,0xa7,0x94,0xa7,0xa7,0x27,0x00,0x01,0x00,0x00,0x00,0x00,0x00,0x00,0x00,0x00,0x00,0x00,0x00,0x00,0x00,0x00,0x00,0x00,0x00,0x00,0x00,0x00,0x00,0x00,0x00,0x00,0x00,0x00,0x00,0x00,0x00,0x00,0x00,0x00,0x00,0x00,0x00,0x00,0x00,0x00,0x00,0x00,0x00,0x00,0x00,0x00,0x00,0x00,0x00,0x00,0x00,0x00,0x00,
    0x00,0x00,0x00,0x00,0x00,0x00,0x00,0x00,0x00,0x00,0x00,0x00,0x00,0x00,0x00,0x00,0x00,0x00,0x00,0x00,0x00,0x00,0x00,0x00,0x00,0x00,0x00,0x00,0x00,0x00,0x00,0x00,0x00,0x00,0x00,0x00,0x00,0x00,0x00,0x00,0x00,0x00,0x00,0x00,0x00,0x00,0x00,0x00,0x00,0x00,0x00,0x00,0x00,0x00,0x00,0x00,0x00,0x01,0x1f,0x26,0x94,0xa7,0x0c,0xa7,0xa7,0x94,0x94,0x94,0x94,0x94,0x94,0x94,0xa7,0x51,0x29,0x35,0x8f,0x94,0xa7,0xa7,0x94,0x94,0x94,0x0c,0x0c,0x0c,0x0c,0xa7,0x8f,0x31,0x18,0x00,0x01,0x00,0x00,0x00,0x00,0x00,0x00,0x00,0x00,0x00,0x00,0x00,0x00,0x00,0x00,0x00,0x00,0x00,0x00,0x00,0x00,0x00,0x00,0x00,0x00,0x00,0x00,0x00,0x00,0x00,0x00,0x00,0x00,0x00,0x00,0x00,0x00,0x00,0x00,0x00,0x00,0x00,0x00,0x00,0x00,0x00,0x00,0x00,0x00,0x00,0x00,0x00,
    0x00,0x00,0x00,0x00,0x00,0x00,0x00,0x00,0x00,0x00,0x00,0x00,0x00,0x00,0x00,0x00,0x00,0x00,0x00,0x00,0x00,0x00,0x00,0x00,0x00,0x00,0x00,0x00,0x00,0x00,0x00,0x00,0x00,0x00,0x00,0x00,0x00,0x00,0x00,0x00,0x00,0x00,0x00,0x00,0x00,0x00,0x00,0x00,0x00,0x00,0x00,0x00,0x00,0x00,0x00,0x00,0x00,0x03,0x00,0x0b,0x29,0x26,0x51,0x8f,0xa7,0xa7,0xa7,0xa7,0x94,0x81,0x31,0x28,0x12,0x12,0x0b,0x09,0x58,0x51,0x07,0x8f,0x94,0x94,0xa7,0xa7,0xa7,0x51,0x28,0x30,0x0f,0x0b,0x00,0x00,0x00,0x00,0x00,0x00,0x00,0x00,0x00,0x00,0x00,0x00,0x00,0x00,0x00,0x00,0x00,0x00,0x00,0x00,0x00,0x00,0x00,0x00,0x00,0x00,0x00,0x00,0x00,0x00,0x00,0x00,0x00,0x00,0x00,0x00,0x00,0x00,0x00,0x00,0x00,0x00,0x00,0x00,0x00,0x00,0x00,0x00,0x00,0x00,0x00,0x00,0x00,0x00,
    0x00,0x00,0x00,0x00,0x00,0x00,0x00,0x00,0x00,0x00,0x00,0x00,0x00,0x00,0x00,0x00,0x00,0x00,0x00,0x00,0x00,0x00,0x00,0x00,0x00,0x00,0x00,0x00,0x00,0x00,0x00,0x00,0x00,0x00,0x00,0x00,0x00,0x00,0x00,0x00,0x00,0x00,0x00,0x00,0x00,0x00,0x00,0x00,0x00,0x00,0x00,0x00,0x00,0x00,0x00,0x00,0x00,0x00,0x03,0x00,0x00,0x00,0x02,0x09,0x09,0x09,0x09,0x09,0x09,0x09,0x00,0x00,0x00,0x00,0x00,0x00,0x00,0x0b,0x09,0x09,0x09,0x09,0x09,0x09,0x09,0x0b,0x00,0x00,0x00,0x00,0x03,0x00,0x00,0x00,0x00,0x00,0x00,0x00,0x00,0x00,0x00,0x00,0x00,0x00,0x00,0x00,0x00,0x00,0x00,0x00,0x00,0x00,0x00,0x00,0x00,0x00,0x00,0x00,0x00,0x00,0x00,0x00,0x00,0x00,0x00,0x00,0x00,0x00,0x00,0x00,0x00,0x00,0x00,0x00,0x00,0x00,0x00,0x00,0x00,0x00,0x00,0x00,0x00,0x00,
    0x00,0x00,0x00,0x00,0x00,0x00,0x00,0x00,0x00,0x00,0x00,0x00,0x00,0x00,0x00,0x00,0x00,0x00,0x00,0x00,0x00,0x00,0x00,0x00,0x00,0x00,0x00,0x00,0x00,0x00,0x00,0x00,0x00,0x00,0x00,0x00,0x00,0x00,0x00,0x00,0x00,0x00,0x00,0x00,0x00,0x00,0x00,0x00,0x00,0x00,0x00,0x00,0x00,0x00,0x00,0x00,0x00,0x00,0x00,0x03,0x02,0x02,0x00,0x00,0x00,0x00,0x00,0x00,0x00,0x00,0x03,0x02,0x02,0x01,0x00,0x01,0x02,0x00,0x00,0x00,0x00,0x00,0x00,0x00,0x00,0x00,0x02,0x02,0x02,0x03,0x00,0x00,0x00,0x00,0x00,0x00,0x00,0x00,0x00,0x00,0x00,0x00,0x00,0x00,0x00,0x00,0x00,0x00,0x00,0x00,0x00,0x00,0x00,0x00,0x00,0x00,0x00,0x00,0x00,0x00,0x00,0x00,0x00,0x00,0x00,0x00,0x00,0x00,0x00,0x00,0x00,0x00,0x00,0x00,0x00,0x00,0x00,0x00,0x00,0x00,0x00,0x00,0x00,0x00,

};

const lv_image_dsc_t passport_pet_review_3 = {
  .header = {
    .magic = LV_IMAGE_HEADER_MAGIC,
    .cf = LV_COLOR_FORMAT_I8,
    .flags = 0,
    .w = 144,
    .h = 156,
    .stride = 144,
    .reserved_2 = 0,
  },
  .data_size = sizeof(passport_pet_review_3_map),
  .data = passport_pet_review_3_map,
  .reserved = NULL,
};
