
#if defined(LV_LVGL_H_INCLUDE_SIMPLE)
#include "lvgl.h"
#elif defined(LV_LVGL_H_INCLUDE_SYSTEM)
#include <lvgl.h>
#elif defined(LV_BUILD_TEST)
#include "../lvgl.h"
#else
#include "lvgl/lvgl.h"
#endif

#ifndef LV_ATTRIBUTE_MEM_ALIGN
#define LV_ATTRIBUTE_MEM_ALIGN
#endif

#ifndef LV_ATTRIBUTE_PASSPORT_PET_FAILED_3
#define LV_ATTRIBUTE_PASSPORT_PET_FAILED_3
#endif

static const
LV_ATTRIBUTE_MEM_ALIGN LV_ATTRIBUTE_LARGE_CONST LV_ATTRIBUTE_PASSPORT_PET_FAILED_3
uint8_t passport_pet_failed_3_map[] = {

    0x4c,0x70,0x47,0x00,0x19,0x00,0x20,0x01,0xe3,0xff,0xe6,0x01,0x07,0x02,0x02,0x03,
    0xba,0xe0,0xeb,0x04,0x9c,0xa3,0xbc,0x03,0x50,0x4a,0x53,0x02,0xe0,0xff,0xef,0x02,
    0xcc,0xe3,0xfc,0xfc,0xc1,0xe0,0xfb,0xfd,0x19,0x13,0x16,0xfb,0x17,0x15,0x08,0x0f,
    0xc0,0xe1,0xee,0x8d,0x12,0x10,0x19,0x28,0x11,0x0b,0x0e,0x5e,0xc0,0xdb,0xe7,0x26,
    0x11,0x0c,0x0f,0xee,0x8a,0xa2,0xbb,0xfe,0xb8,0xdd,0xe7,0x38,0xbb,0xdb,0xed,0x55,
    0xc7,0xdb,0xf6,0xfd,0x81,0x78,0x41,0x03,0xa7,0xc3,0xf0,0xff,0x70,0x97,0x8b,0x07,
    0x13,0x0c,0x0f,0x81,0xc3,0x7e,0x04,0xfc,0xcb,0xde,0xfb,0xfc,0xbc,0xdb,0xee,0xc3,
    0x9f,0xbe,0xcd,0xcb,0xbd,0xde,0xe8,0x0f,0x0e,0x0a,0x12,0x9f,0x2a,0x3d,0x25,0x0a,
    0x0d,0x08,0x0b,0x43,0xb4,0xd3,0xe5,0xec,0xa8,0xb7,0xd1,0xfd,0xa2,0xc4,0xd2,0xed,
    0x69,0x8c,0x82,0x10,0xbe,0xdd,0xef,0xfd,0x8f,0xad,0xb8,0x5a,0x0c,0x06,0x0a,0xf6,
    0xb3,0xd8,0xe1,0xa6,0x82,0xa9,0xb5,0x3b,0xd2,0xeb,0xf6,0xa3,0xcd,0xe8,0xf7,0xd6,
    0xb4,0xd1,0xde,0xda,0xd3,0xdf,0xee,0x1d,0xc4,0xd7,0xe1,0x6a,0x4e,0x73,0x7c,0x27,
    0xae,0xcd,0xd8,0x86,0x9c,0xbd,0xcc,0x74,0x3f,0x20,0x29,0xfe,0x1d,0x20,0x39,0xfd,
    0x7e,0x66,0x04,0x57,0x0d,0x08,0x0c,0xc9,0x94,0xa7,0xb7,0xc6,0x83,0xa1,0xb6,0xe1,
    0x74,0xa0,0x9f,0x1d,0x98,0xbc,0xc9,0x9e,0x3c,0x26,0x0f,0xfc,0x80,0x72,0x20,0x19,
    0x93,0x79,0x06,0xce,0xc9,0x99,0x13,0xfa,0x76,0x5e,0x03,0x46,0x7c,0x9c,0xaa,0xad,
    0xa8,0xd3,0xd7,0xbf,0x0f,0x09,0x0e,0xdd,0xbd,0x9e,0x13,0x66,0x50,0x6b,0x5e,0x34,
    0xa5,0x78,0x05,0xb1,0xbe,0x8a,0x04,0xd4,0x00,0x00,0x00,0x19,0xab,0x7a,0x04,0x95,
    0x48,0x6d,0x69,0x78,0xc7,0x97,0x05,0xa8,0x83,0x5f,0x05,0x27,0x81,0xa7,0xb2,0x7a,
    0xce,0xe7,0xf5,0x74,0x64,0x87,0x9b,0x8c,0x83,0x67,0x08,0x6f,0x6e,0x68,0x04,0xb8,
    0x49,0x56,0x78,0xb6,0x90,0x80,0x51,0x3f,0x63,0x82,0x97,0xba,0xa2,0x69,0x05,0xf3,
    0xcc,0xe4,0xfc,0xff,0x19,0x13,0x16,0xff,0xb9,0xdc,0xfa,0xff,0xc9,0xe3,0xfc,0xff,
    0xce,0xe5,0xfd,0xff,0x11,0x0b,0x0f,0xff,0x1b,0x14,0x18,0xff,0xbd,0xe0,0xfd,0xff,
    0xba,0xdd,0xfb,0xff,0x0e,0x08,0x0c,0xff,0x17,0x10,0x14,0xff,0x24,0x1b,0x20,0xff,
    0xc0,0xe1,0xfc,0xff,0x21,0x18,0x1b,0xff,0x14,0x0e,0x12,0xff,0x1e,0x16,0x1a,0xff,
    0xbc,0xdf,0xfc,0xff,0x0b,0x06,0x0a,0xff,0xc6,0xe2,0xfc,0xff,0xbb,0xde,0xfc,0xff,
    0xcc,0xe3,0xfb,0xff,0xc3,0xe2,0xfc,0xff,0xc4,0xe4,0xfe,0xfe,0xd1,0xe6,0xfc,0xff,
    0xf4,0xa6,0x04,0xff,0xd5,0xed,0xff,0xff,0x29,0x1f,0x24,0xff,0xe4,0x88,0x00,0xff,
    0xcb,0xe2,0xfa,0xff,0xd1,0xeb,0xff,0xff,0xc6,0xdf,0xf9,0xff,0x02,0x00,0x04,0xff,
    0xcf,0xe8,0xff,0xff,0xdd,0xf0,0xff,0xff,0xc0,0xdc,0xf8,0xff,0x08,0x03,0x07,0xff,
    0xb7,0xdb,0xf9,0xff,0xc9,0xec,0xff,0xff,0xe3,0xf5,0xff,0xff,0xc9,0xe8,0xff,0xff,
    0xe3,0xeb,0xf9,0xff,0xee,0xf8,0xff,0xff,0xdb,0xeb,0xfc,0xff,0xbf,0xe4,0xff,0xff,
    0xe8,0xf1,0xfd,0xff,0xd3,0xf1,0xff,0xff,0xf9,0xaa,0x04,0xff,0xd8,0xe7,0xf8,0xff,
    0xf2,0x9f,0x03,0xff,0x92,0xab,0xc3,0xff,0xc2,0xe7,0xff,0xff,0xd4,0xe9,0xfe,0xff,
    0x93,0x9f,0xb1,0xff,0xa6,0xbe,0xd7,0xff,0x34,0x32,0x3b,0xff,0xf7,0xff,0xff,0xff,
    0x2c,0x26,0x2c,0xff,0xc5,0xd5,0xe7,0xff,0xd7,0x7d,0x02,0xff,0xb8,0xd7,0xf6,0xff,
    0xd8,0x84,0x02,0xff,0xb5,0xd2,0xf1,0xff,0xfb,0xaf,0x04,0xff,0xee,0x97,0x01,0xff,
    0xaf,0xbc,0xfb,0xff,0x73,0x75,0x7e,0xff,0xce,0x78,0x02,0xff,0xab,0xb6,0xf9,0xff,
    0x5a,0x30,0x3d,0xff,0xb5,0x73,0x05,0xff,0x87,0x96,0xad,0xff,0xbf,0xd2,0xfa,0xff,
    0xac,0xcc,0xee,0xff,0x99,0xa5,0xb6,0xff,0xed,0x8e,0x00,0xff,0xb4,0xd2,0xe8,0xff,
    0xc7,0x73,0x02,0xff,0xbd,0xc7,0xd2,0xff,0x94,0x60,0x0c,0xff,0xb3,0xcb,0xe1,0xff,
    0x97,0xb0,0xd8,0xff,0xda,0x90,0x04,0xff,0x68,0x6c,0x7a,0xff,0x7c,0x8e,0xa8,0xff,
    0xd0,0xdb,0xe9,0xff,0x6c,0x7d,0x9b,0xff,0xc6,0x48,0x6b,0xff,0x59,0x65,0x75,0xff,
    0x9c,0xb8,0xdf,0xff,0x8a,0x9c,0xb0,0xff,0x9e,0xb1,0xca,0xff,0x47,0x3f,0x44,0xff,
    0x63,0x6f,0x8f,0xff,0xa7,0xb1,0xfa,0xff,0x90,0x97,0xa2,0xff,0x82,0x39,0x53,0xff,
    0xb0,0xc6,0xde,0xff,0xdc,0xe3,0xed,0xff,0xb6,0x69,0x03,0xff,0x52,0x57,0x6d,0xff,
    0x9b,0xa7,0xf4,0xff,0x4e,0x4e,0x5c,0xff,0x7d,0x84,0x8f,0xff,0xe0,0x9d,0x07,0xff,
    0xb8,0xc6,0xf8,0xff,0xd1,0xf6,0xff,0xff,0xa2,0xac,0xf4,0xff,0xa5,0xc1,0xe4,0xff,
    0xb1,0xbd,0xcf,0xff,0x9e,0x40,0x5d,0xff,0x73,0x46,0x0f,0xff,0xa8,0xb2,0xc3,0xff,
    0xa1,0xac,0xbc,0xff,0x3a,0x41,0x54,0xff,0xc6,0xd0,0xda,0xff,0x14,0xcd,0xfc,0xff,
    0x9b,0x4d,0x64,0xff,0xe4,0xfb,0xff,0xff,0x8a,0x95,0xd3,0xff,0x7c,0x97,0xbe,0xff,
    0x51,0x32,0x0a,0xff,0x31,0x19,0x19,0xff,0x96,0xb6,0xcc,0xff,0x83,0x87,0xca,0xff,
    0x99,0xa1,0xe7,0xff,0x89,0x52,0x0b,0xff,0xd4,0xca,0xed,0xff,0xc8,0x8a,0x07,0xff,
    0x8c,0x8c,0xa8,0xff,0x89,0xa1,0xcf,0xff,0xf5,0x60,0x88,0xff,0xd5,0xb2,0xce,0xff,
    0xe0,0xb9,0x55,0xff,0x2e,0x4f,0x6d,0xff,0xd0,0xd7,0xd3,0xff,0xbc,0xb9,0xef,0xff,
    0x84,0x8d,0x9a,0xff,0xdf,0xc2,0x72,0xff,0xe6,0xb2,0x36,0xff,0xd1,0xd0,0xb3,0xff,
    0x8f,0x78,0x4e,0xff,0x81,0x5a,0x75,0xff,0x54,0x5c,0x86,0xff,0x71,0x85,0xb6,0xff,
    0x18,0xbd,0xe8,0xff,0x64,0x5a,0x34,0xff,0xe5,0x5a,0x7d,0xff,0xde,0x53,0x76,0xff,
    0x6b,0x2d,0x40,0xff,0x6b,0x3a,0x4a,0xff,0xae,0xb6,0xc0,0xff,0x1b,0x64,0x7f,0xff,
    0xaa,0x8a,0xb5,0xff,0x12,0xa2,0xca,0xff,0x6f,0x63,0x60,0xff,0xc5,0x9e,0x9d,0xff,
    0xfd,0xbe,0x11,0xff,0xd2,0xc8,0x8a,0xff,0x97,0x80,0x8e,0xff,0xea,0xab,0x17,0xff,
    0x51,0x41,0x20,0xff,0xa7,0xab,0x94,0xff,0xc3,0x83,0x91,0xff,0x6e,0x4f,0x6a,0xff,
    0x12,0x84,0xa8,0xff,0xcf,0xac,0x68,0xff,0xcc,0xa8,0x4c,0xff,0x95,0x6e,0x7c,0xff,
    0xb9,0x9f,0xcd,0xff,0xb6,0xa4,0x78,0xff,0xe3,0x6b,0x8c,0xff,0x3a,0x9d,0xa5,0xff,

    0x00,0x00,0x00,0x00,0x00,0x00,0x00,0x00,0x00,0x00,0x00,0x00,0x00,0x00,0x00,0x00,0x00,0x00,0x00,0x00,0x00,0x00,0x00,0x00,0x00,0x00,0x00,0x00,0x00,0x00,0x00,0x00,0x00,0x00,0x00,0x00,0x00,0x00,0x00,0x00,0x00,0x00,0x00,0x00,0x00,0x00,0x00,0x00,0x00,0x00,0x00,0x00,0x00,0x00,0x00,0x00,0x00,0x00,0x00,0x00,0x00,0x00,0x00,0x00,0x00,0x00,0x00,0x00,0x00,0x00,0x00,0x00,0x00,0x00,0x00,0x00,0x00,0x00,0x00,0x00,0x00,0x00,0x00,0x00,0x00,0x00,0x00,0x00,0x00,0x00,0x00,0x00,0x00,0x00,0x00,0x00,0x00,0x00,0x00,0x00,0x00,0x00,0x00,0x00,0x00,0x00,0x00,0x00,0x00,0x00,0x00,0x00,0x00,0x00,0x00,0x00,0x00,0x00,0x00,0x00,0x00,0x00,0x00,0x00,0x00,0x00,0x00,0x00,0x00,0x00,0x00,0x00,0x00,0x00,0x00,0x00,0x00,0x00,0x00,0x00,0x00,0x00,0x00,0x00,
    0x00,0x00,0x00,0x00,0x00,0x00,0x00,0x00,0x00,0x00,0x00,0x00,0x00,0x00,0x00,0x00,0x00,0x00,0x00,0x00,0x00,0x00,0x00,0x00,0x00,0x00,0x00,0x00,0x00,0x00,0x00,0x00,0x00,0x00,0x00,0x00,0x00,0x00,0x00,0x00,0x00,0x00,0x00,0x00,0x00,0x00,0x00,0x00,0x00,0x00,0x00,0x00,0x00,0x00,0x00,0x00,0x00,0x00,0x00,0x00,0x00,0x00,0x00,0x00,0x00,0x00,0x00,0x00,0x00,0x00,0x00,0x00,0x00,0x00,0x00,0x00,0x00,0x00,0x00,0x00,0x00,0x00,0x00,0x00,0x00,0x00,0x00,0x00,0x00,0x00,0x00,0x00,0x00,0x00,0x00,0x00,0x00,0x00,0x00,0x00,0x00,0x00,0x00,0x00,0x00,0x00,0x00,0x00,0x00,0x00,0x00,0x00,0x00,0x00,0x00,0x00,0x00,0x00,0x00,0x00,0x00,0x00,0x00,0x00,0x00,0x00,0x00,0x00,0x00,0x00,0x00,0x00,0x00,0x00,0x00,0x00,0x00,0x00,0x00,0x00,0x00,0x00,0x00,0x00,
    0x00,0x00,0x00,0x00,0x00,0x00,0x00,0x00,0x00,0x00,0x00,0x00,0x00,0x00,0x00,0x00,0x00,0x00,0x00,0x00,0x00,0x00,0x00,0x00,0x00,0x00,0x00,0x00,0x00,0x00,0x00,0x00,0x00,0x00,0x00,0x00,0x00,0x00,0x00,0x00,0x00,0x00,0x00,0x00,0x00,0x00,0x00,0x00,0x00,0x00,0x00,0x00,0x00,0x00,0x00,0x00,0x00,0x00,0x00,0x00,0x00,0x00,0x00,0x00,0x00,0x00,0x00,0x00,0x00,0x00,0x00,0x00,0x00,0x00,0x00,0x00,0x00,0x00,0x00,0x00,0x00,0x00,0x00,0x00,0x00,0x00,0x00,0x00,0x00,0x00,0x00,0x00,0x00,0x00,0x00,0x00,0x00,0x00,0x00,0x00,0x00,0x00,0x00,0x00,0x00,0x00,0x00,0x00,0x00,0x00,0x00,0x00,0x00,0x00,0x00,0x00,0x00,0x00,0x00,0x00,0x00,0x00,0x00,0x00,0x00,0x00,0x00,0x00,0x00,0x00,0x00,0x00,0x00,0x00,0x00,0x00,0x00,0x00,0x00,0x00,0x00,0x00,0x00,0x00,
    0x00,0x00,0x00,0x00,0x00,0x00,0x00,0x00,0x00,0x00,0x00,0x00,0x00,0x00,0x00,0x00,0x00,0x00,0x00,0x00,0x00,0x00,0x00,0x00,0x00,0x00,0x00,0x00,0x00,0x00,0x00,0x00,0x00,0x00,0x00,0x00,0x00,0x00,0x00,0x00,0x00,0x00,0x00,0x00,0x00,0x00,0x00,0x00,0x00,0x00,0x00,0x00,0x00,0x00,0x00,0x00,0x00,0x00,0x00,0x00,0x00,0x00,0x00,0x00,0x00,0x00,0x00,0x00,0x00,0x00,0x00,0x00,0x00,0x00,0x00,0x00,0x00,0x00,0x00,0x00,0x00,0x00,0x00,0x00,0x00,0x00,0x00,0x00,0x00,0x00,0x00,0x00,0x00,0x00,0x00,0x00,0x00,0x00,0x00,0x00,0x00,0x00,0x00,0x00,0x00,0x00,0x00,0x00,0x00,0x00,0x00,0x00,0x00,0x00,0x00,0x00,0x00,0x00,0x00,0x00,0x00,0x00,0x00,0x00,0x00,0x00,0x00,0x00,0x00,0x00,0x00,0x00,0x00,0x00,0x00,0x00,0x00,0x00,0x00,0x00,0x00,0x00,0x00,0x00,
    0x00,0x00,0x00,0x00,0x00,0x00,0x00,0x00,0x00,0x00,0x00,0x00,0x00,0x00,0x00,0x00,0x00,0x00,0x00,0x00,0x00,0x00,0x00,0x00,0x00,0x00,0x00,0x00,0x00,0x00,0x00,0x00,0x00,0x00,0x00,0x00,0x00,0x00,0x00,0x00,0x00,0x00,0x00,0x00,0x00,0x00,0x00,0x00,0x00,0x00,0x00,0x00,0x00,0x00,0x00,0x00,0x00,0x00,0x00,0x00,0x00,0x00,0x00,0x00,0x00,0x00,0x00,0x00,0x00,0x00,0x00,0x00,0x00,0x00,0x00,0x00,0x00,0x00,0x00,0x00,0x00,0x00,0x00,0x00,0x00,0x00,0x00,0x00,0x00,0x00,0x00,0x00,0x00,0x00,0x00,0x00,0x00,0x00,0x00,0x00,0x00,0x00,0x00,0x00,0x00,0x00,0x00,0x00,0x00,0x00,0x00,0x00,0x00,0x00,0x00,0x00,0x00,0x00,0x00,0x00,0x00,0x00,0x00,0x00,0x00,0x00,0x00,0x00,0x00,0x00,0x00,0x00,0x00,0x00,0x00,0x00,0x00,0x00,0x00,0x00,0x00,0x00,0x00,0x00,
    0x00,0x00,0x00,0x00,0x00,0x00,0x00,0x00,0x00,0x00,0x00,0x00,0x00,0x00,0x00,0x00,0x00,0x00,0x00,0x00,0x00,0x00,0x00,0x00,0x00,0x00,0x00,0x00,0x00,0x00,0x00,0x00,0x00,0x00,0x00,0x00,0x00,0x00,0x00,0x00,0x00,0x00,0x00,0x00,0x00,0x00,0x00,0x00,0x00,0x00,0x00,0x00,0x00,0x00,0x00,0x00,0x00,0x00,0x00,0x00,0x00,0x00,0x00,0x00,0x00,0x00,0x00,0x00,0x00,0x00,0x00,0x00,0x00,0x00,0x00,0x00,0x00,0x00,0x00,0x00,0x00,0x00,0x00,0x00,0x00,0x00,0x00,0x00,0x00,0x00,0x00,0x00,0x00,0x00,0x00,0x00,0x00,0x00,0x00,0x00,0x00,0x00,0x00,0x00,0x00,0x00,0x00,0x00,0x00,0x00,0x00,0x00,0x00,0x00,0x00,0x00,0x00,0x00,0x00,0x00,0x00,0x00,0x00,0x00,0x00,0x00,0x00,0x00,0x00,0x00,0x00,0x00,0x00,0x00,0x00,0x00,0x00,0x00,0x00,0x00,0x00,0x00,0x00,0x00,
    0x00,0x00,0x00,0x00,0x00,0x00,0x00,0x00,0x00,0x00,0x00,0x00,0x00,0x00,0x00,0x00,0x00,0x00,0x00,0x00,0x00,0x00,0x00,0x00,0x00,0x00,0x00,0x00,0x00,0x00,0x00,0x00,0x00,0x00,0x00,0x00,0x00,0x00,0x00,0x00,0x00,0x00,0x00,0x00,0x00,0x00,0x00,0x00,0x00,0x00,0x00,0x00,0x00,0x00,0x00,0x00,0x00,0x00,0x00,0x00,0x00,0x00,0x00,0x00,0x00,0x00,0x00,0x00,0x00,0x00,0x00,0x00,0x00,0x00,0x00,0x00,0x00,0x00,0x00,0x00,0x00,0x00,0x00,0x00,0x00,0x00,0x00,0x00,0x00,0x00,0x00,0x00,0x00,0x00,0x00,0x00,0x00,0x00,0x00,0x00,0x00,0x00,0x00,0x00,0x00,0x00,0x00,0x00,0x00,0x00,0x00,0x00,0x00,0x00,0x00,0x00,0x00,0x00,0x00,0x00,0x00,0x00,0x00,0x00,0x00,0x00,0x00,0x00,0x00,0x00,0x00,0x00,0x00,0x00,0x00,0x00,0x00,0x00,0x00,0x00,0x00,0x00,0x00,0x00,
    0x00,0x00,0x00,0x00,0x00,0x00,0x00,0x00,0x00,0x00,0x00,0x00,0x00,0x00,0x00,0x00,0x00,0x00,0x00,0x00,0x00,0x00,0x00,0x00,0x00,0x00,0x00,0x00,0x00,0x00,0x00,0x00,0x00,0x00,0x00,0x00,0x00,0x00,0x00,0x00,0x00,0x00,0x00,0x00,0x00,0x00,0x00,0x00,0x00,0x00,0x00,0x00,0x00,0x00,0x00,0x00,0x00,0x00,0x00,0x00,0x00,0x00,0x00,0x00,0x00,0x00,0x00,0x00,0x00,0x00,0x00,0x00,0x00,0x00,0x00,0x00,0x00,0x00,0x00,0x00,0x00,0x00,0x00,0x00,0x00,0x00,0x00,0x00,0x00,0x00,0x00,0x00,0x00,0x00,0x00,0x00,0x00,0x00,0x00,0x00,0x00,0x00,0x00,0x00,0x00,0x00,0x00,0x00,0x00,0x00,0x00,0x00,0x00,0x00,0x00,0x00,0x00,0x00,0x00,0x00,0x00,0x00,0x00,0x00,0x00,0x00,0x00,0x00,0x00,0x00,0x00,0x00,0x00,0x00,0x00,0x00,0x00,0x00,0x00,0x00,0x00,0x00,0x00,0x00,
    0x00,0x00,0x00,0x00,0x00,0x00,0x00,0x00,0x00,0x00,0x00,0x00,0x00,0x00,0x00,0x00,0x00,0x00,0x00,0x00,0x00,0x00,0x00,0x00,0x00,0x00,0x00,0x00,0x00,0x00,0x00,0x00,0x00,0x00,0x00,0x00,0x00,0x00,0x00,0x00,0x00,0x00,0x00,0x00,0x00,0x00,0x00,0x00,0x00,0x00,0x00,0x00,0x00,0x00,0x00,0x00,0x00,0x00,0x00,0x00,0x00,0x00,0x00,0x00,0x00,0x00,0x00,0x00,0x00,0x00,0x00,0x00,0x00,0x00,0x00,0x00,0x00,0x00,0x00,0x00,0x00,0x00,0x00,0x00,0x00,0x00,0x00,0x00,0x00,0x00,0x00,0x00,0x00,0x00,0x00,0x00,0x00,0x00,0x00,0x00,0x00,0x00,0x00,0x00,0x00,0x00,0x00,0x00,0x00,0x00,0x00,0x00,0x00,0x00,0x00,0x00,0x00,0x00,0x00,0x00,0x00,0x00,0x00,0x00,0x00,0x00,0x00,0x00,0x00,0x00,0x00,0x00,0x00,0x00,0x00,0x00,0x00,0x00,0x00,0x00,0x00,0x00,0x00,0x00,
    0x00,0x00,0x00,0x00,0x00,0x00,0x00,0x00,0x00,0x00,0x00,0x00,0x00,0x00,0x00,0x00,0x00,0x00,0x00,0x00,0x00,0x00,0x00,0x00,0x00,0x00,0x00,0x00,0x00,0x00,0x00,0x00,0x00,0x00,0x00,0x00,0x00,0x00,0x00,0x00,0x00,0x00,0x00,0x00,0x00,0x00,0x00,0x00,0x00,0x00,0x00,0x00,0x00,0x00,0x00,0x00,0x00,0x00,0x00,0x00,0x00,0x00,0x00,0x00,0x00,0x00,0x00,0x00,0x00,0x00,0x00,0x00,0x00,0x00,0x00,0x00,0x00,0x00,0x00,0x00,0x00,0x00,0x00,0x00,0x00,0x00,0x00,0x00,0x00,0x00,0x00,0x00,0x00,0x00,0x00,0x00,0x00,0x00,0x00,0x00,0x00,0x00,0x00,0x00,0x00,0x00,0x00,0x00,0x00,0x00,0x00,0x00,0x00,0x00,0x00,0x00,0x00,0x00,0x00,0x00,0x00,0x00,0x00,0x00,0x00,0x00,0x00,0x00,0x00,0x00,0x00,0x00,0x00,0x00,0x00,0x00,0x00,0x00,0x00,0x00,0x00,0x00,0x00,0x00,
    0x00,0x00,0x00,0x00,0x00,0x00,0x00,0x00,0x00,0x00,0x00,0x00,0x00,0x00,0x00,0x00,0x00,0x00,0x00,0x00,0x00,0x00,0x00,0x00,0x00,0x00,0x00,0x00,0x00,0x00,0x00,0x00,0x00,0x00,0x00,0x00,0x00,0x00,0x00,0x00,0x00,0x00,0x00,0x00,0x00,0x00,0x00,0x00,0x00,0x00,0x00,0x00,0x00,0x00,0x00,0x00,0x00,0x00,0x00,0x00,0x00,0x00,0x00,0x00,0x00,0x00,0x00,0x00,0x00,0x00,0x00,0x00,0x00,0x00,0x00,0x00,0x00,0x00,0x00,0x00,0x00,0x00,0x00,0x00,0x00,0x00,0x00,0x00,0x00,0x00,0x00,0x00,0x00,0x00,0x00,0x00,0x00,0x00,0x00,0x00,0x00,0x00,0x00,0x00,0x00,0x00,0x00,0x00,0x00,0x00,0x00,0x00,0x00,0x00,0x00,0x00,0x00,0x00,0x00,0x00,0x00,0x00,0x00,0x00,0x00,0x00,0x00,0x00,0x00,0x00,0x00,0x00,0x00,0x00,0x00,0x00,0x00,0x00,0x00,0x00,0x00,0x00,0x00,0x00,
    0x00,0x00,0x00,0x00,0x00,0x00,0x00,0x00,0x00,0x00,0x00,0x00,0x00,0x00,0x00,0x00,0x00,0x00,0x00,0x00,0x00,0x00,0x00,0x00,0x00,0x00,0x00,0x00,0x00,0x00,0x00,0x00,0x00,0x00,0x00,0x00,0x00,0x00,0x00,0x00,0x00,0x00,0x00,0x00,0x00,0x00,0x00,0x00,0x00,0x00,0x00,0x00,0x00,0x00,0x00,0x00,0x00,0x00,0x00,0x00,0x00,0x00,0x00,0x00,0x00,0x00,0x00,0x00,0x00,0x00,0x00,0x00,0x00,0x00,0x00,0x00,0x00,0x00,0x00,0x00,0x00,0x00,0x00,0x00,0x00,0x00,0x00,0x00,0x00,0x00,0x00,0x00,0x00,0x00,0x00,0x00,0x00,0x00,0x00,0x00,0x00,0x00,0x00,0x00,0x00,0x00,0x00,0x00,0x00,0x00,0x00,0x00,0x00,0x00,0x00,0x00,0x00,0x00,0x00,0x00,0x00,0x00,0x00,0x00,0x00,0x00,0x00,0x00,0x00,0x00,0x00,0x00,0x00,0x00,0x00,0x00,0x00,0x00,0x00,0x00,0x00,0x00,0x00,0x00,
    0x00,0x00,0x00,0x00,0x00,0x00,0x00,0x00,0x00,0x00,0x00,0x00,0x00,0x00,0x00,0x00,0x00,0x00,0x00,0x00,0x00,0x00,0x00,0x00,0x00,0x00,0x00,0x00,0x00,0x00,0x00,0x00,0x00,0x00,0x00,0x00,0x00,0x00,0x00,0x00,0x00,0x00,0x00,0x00,0x00,0x00,0x00,0x00,0x00,0x00,0x00,0x00,0x00,0x00,0x00,0x00,0x00,0x00,0x00,0x00,0x00,0x00,0x00,0x00,0x00,0x00,0x00,0x00,0x00,0x00,0x00,0x00,0x00,0x00,0x00,0x00,0x00,0x00,0x00,0x00,0x00,0x00,0x00,0x00,0x00,0x00,0x00,0x00,0x00,0x00,0x00,0x00,0x00,0x00,0x00,0x00,0x00,0x00,0x00,0x00,0x00,0x00,0x00,0x00,0x00,0x00,0x00,0x00,0x00,0x00,0x00,0x00,0x00,0x00,0x00,0x00,0x00,0x00,0x00,0x00,0x00,0x00,0x00,0x00,0x00,0x00,0x00,0x00,0x00,0x00,0x00,0x00,0x00,0x00,0x00,0x00,0x00,0x00,0x00,0x00,0x00,0x00,0x00,0x00,
    0x00,0x00,0x00,0x00,0x00,0x00,0x00,0x00,0x00,0x00,0x00,0x00,0x00,0x00,0x00,0x00,0x00,0x00,0x00,0x00,0x00,0x00,0x00,0x00,0x00,0x00,0x00,0x00,0x00,0x00,0x00,0x00,0x00,0x00,0x00,0x00,0x00,0x00,0x00,0x00,0x00,0x00,0x00,0x00,0x00,0x00,0x00,0x00,0x00,0x00,0x00,0x00,0x00,0x00,0x00,0x00,0x00,0x00,0x00,0x00,0x00,0x00,0x00,0x00,0x00,0x00,0x00,0x00,0x00,0x00,0x00,0x00,0x00,0x00,0x00,0x00,0x00,0x00,0x00,0x00,0x00,0x00,0x00,0x00,0x00,0x00,0x00,0x00,0x00,0x00,0x00,0x00,0x00,0x00,0x00,0x00,0x00,0x00,0x00,0x00,0x00,0x00,0x00,0x00,0x00,0x00,0x00,0x00,0x00,0x00,0x00,0x00,0x00,0x00,0x00,0x00,0x00,0x00,0x00,0x00,0x00,0x00,0x00,0x00,0x00,0x00,0x00,0x00,0x00,0x00,0x00,0x00,0x00,0x00,0x00,0x00,0x00,0x00,0x00,0x00,0x00,0x00,0x00,0x00,
    0x00,0x00,0x00,0x00,0x00,0x00,0x00,0x00,0x00,0x00,0x00,0x00,0x00,0x00,0x00,0x00,0x00,0x00,0x00,0x00,0x00,0x00,0x00,0x00,0x00,0x00,0x00,0x00,0x00,0x00,0x00,0x00,0x00,0x00,0x00,0x00,0x00,0x00,0x00,0x00,0x00,0x00,0x00,0x00,0x00,0x00,0x00,0x00,0x00,0x00,0x00,0x00,0x00,0x00,0x00,0x00,0x00,0x00,0x00,0x00,0x00,0x00,0x00,0x00,0x00,0x00,0x00,0x00,0x00,0x00,0x00,0x00,0x00,0x00,0x00,0x00,0x00,0x00,0x00,0x00,0x00,0x00,0x00,0x00,0x00,0x00,0x00,0x00,0x00,0x00,0x00,0x00,0x00,0x00,0x00,0x00,0x00,0x00,0x00,0x00,0x00,0x00,0x00,0x00,0x00,0x00,0x00,0x00,0x00,0x00,0x00,0x00,0x00,0x00,0x00,0x00,0x00,0x00,0x00,0x00,0x00,0x00,0x00,0x00,0x00,0x00,0x00,0x00,0x00,0x00,0x00,0x00,0x00,0x00,0x00,0x00,0x00,0x00,0x00,0x00,0x00,0x00,0x00,0x00,
    0x00,0x00,0x00,0x00,0x00,0x00,0x00,0x00,0x00,0x00,0x00,0x00,0x00,0x00,0x00,0x00,0x00,0x00,0x00,0x00,0x00,0x00,0x00,0x00,0x00,0x00,0x00,0x00,0x00,0x00,0x00,0x00,0x00,0x00,0x00,0x00,0x00,0x00,0x00,0x00,0x00,0x00,0x00,0x00,0x00,0x00,0x00,0x00,0x00,0x00,0x00,0x00,0x00,0x00,0x00,0x00,0x00,0x00,0x00,0x00,0x00,0x00,0x00,0x00,0x00,0x00,0x00,0x00,0x00,0x00,0x00,0x00,0x00,0x00,0x00,0x00,0x00,0x00,0x00,0x00,0x00,0x00,0x00,0x00,0x00,0x00,0x00,0x00,0x00,0x00,0x00,0x00,0x00,0x00,0x00,0x00,0x00,0x00,0x00,0x00,0x00,0x00,0x00,0x00,0x00,0x00,0x00,0x00,0x00,0x00,0x00,0x00,0x00,0x00,0x00,0x00,0x00,0x00,0x00,0x00,0x00,0x00,0x00,0x00,0x00,0x00,0x00,0x00,0x00,0x00,0x00,0x00,0x00,0x00,0x00,0x00,0x00,0x00,0x00,0x00,0x00,0x00,0x00,0x00,
    0x00,0x00,0x00,0x00,0x00,0x00,0x00,0x00,0x00,0x00,0x00,0x00,0x00,0x00,0x00,0x00,0x00,0x00,0x00,0x00,0x00,0x00,0x00,0x00,0x00,0x00,0x00,0x00,0x00,0x00,0x00,0x00,0x00,0x00,0x00,0x00,0x00,0x00,0x00,0x00,0x00,0x00,0x00,0x00,0x00,0x00,0x00,0x00,0x00,0x00,0x00,0x00,0x00,0x00,0x00,0x00,0x00,0x00,0x00,0x00,0x00,0x00,0x00,0x00,0x00,0x00,0x00,0x00,0x00,0x00,0x00,0x00,0x00,0x00,0x00,0x00,0x00,0x00,0x00,0x00,0x00,0x00,0x00,0x00,0x00,0x00,0x00,0x00,0x00,0x00,0x00,0x00,0x00,0x00,0x00,0x00,0x00,0x00,0x00,0x00,0x00,0x00,0x00,0x00,0x00,0x00,0x00,0x00,0x00,0x00,0x00,0x00,0x00,0x00,0x00,0x00,0x00,0x00,0x00,0x00,0x00,0x00,0x00,0x00,0x00,0x00,0x00,0x00,0x00,0x00,0x00,0x00,0x00,0x00,0x00,0x00,0x00,0x00,0x00,0x00,0x00,0x00,0x00,0x00,
    0x00,0x00,0x00,0x00,0x00,0x00,0x00,0x00,0x00,0x00,0x00,0x00,0x00,0x00,0x00,0x00,0x00,0x00,0x00,0x00,0x00,0x00,0x00,0x00,0x00,0x00,0x00,0x00,0x00,0x00,0x00,0x00,0x00,0x00,0x00,0x00,0x00,0x00,0x00,0x00,0x00,0x00,0x00,0x00,0x00,0x00,0x00,0x00,0x00,0x00,0x00,0x00,0x00,0x00,0x00,0x00,0x00,0x00,0x00,0x00,0x00,0x00,0x00,0x00,0x00,0x00,0x00,0x00,0x00,0x00,0x00,0x00,0x00,0x00,0x00,0x00,0x00,0x00,0x00,0x00,0x00,0x00,0x00,0x00,0x00,0x00,0x00,0x00,0x00,0x00,0x00,0x00,0x00,0x00,0x00,0x00,0x00,0x00,0x00,0x00,0x00,0x00,0x00,0x00,0x00,0x00,0x00,0x00,0x00,0x00,0x00,0x00,0x00,0x00,0x00,0x00,0x00,0x00,0x00,0x00,0x00,0x00,0x00,0x00,0x00,0x00,0x00,0x00,0x00,0x00,0x00,0x00,0x00,0x00,0x00,0x00,0x00,0x00,0x00,0x00,0x00,0x00,0x00,0x00,
    0x00,0x00,0x00,0x00,0x00,0x00,0x00,0x00,0x00,0x00,0x00,0x00,0x00,0x00,0x00,0x00,0x00,0x00,0x00,0x00,0x00,0x00,0x00,0x00,0x00,0x00,0x00,0x00,0x00,0x00,0x00,0x00,0x00,0x00,0x00,0x00,0x00,0x00,0x00,0x00,0x00,0x00,0x00,0x00,0x00,0x00,0x00,0x00,0x00,0x00,0x00,0x00,0x00,0x00,0x00,0x00,0x00,0x00,0x00,0x00,0x00,0x00,0x00,0x00,0x00,0x00,0x00,0x00,0x00,0x00,0x00,0x00,0x00,0x00,0x00,0x00,0x00,0x00,0x00,0x00,0x00,0x00,0x00,0x00,0x00,0x00,0x00,0x00,0x00,0x00,0x00,0x00,0x00,0x00,0x00,0x00,0x00,0x00,0x00,0x00,0x00,0x00,0x00,0x00,0x00,0x00,0x00,0x00,0x00,0x00,0x00,0x00,0x00,0x00,0x00,0x00,0x00,0x00,0x00,0x00,0x00,0x00,0x00,0x00,0x00,0x00,0x00,0x00,0x00,0x00,0x00,0x00,0x00,0x00,0x00,0x00,0x00,0x00,0x00,0x00,0x00,0x00,0x00,0x00,
    0x00,0x00,0x00,0x00,0x00,0x00,0x00,0x00,0x00,0x00,0x00,0x00,0x00,0x00,0x00,0x00,0x00,0x00,0x00,0x00,0x00,0x00,0x00,0x00,0x00,0x00,0x00,0x00,0x00,0x00,0x00,0x00,0x00,0x00,0x00,0x00,0x00,0x00,0x00,0x00,0x00,0x00,0x00,0x00,0x00,0x00,0x00,0x00,0x00,0x00,0x00,0x00,0x00,0x00,0x00,0x00,0x00,0x00,0x00,0x00,0x00,0x00,0x00,0x00,0x00,0x00,0x00,0x00,0x00,0x00,0x00,0x00,0x00,0x00,0x00,0x00,0x00,0x00,0x00,0x00,0x00,0x00,0x00,0x00,0x00,0x00,0x00,0x00,0x00,0x00,0x00,0x00,0x00,0x00,0x00,0x00,0x00,0x00,0x00,0x00,0x00,0x00,0x00,0x00,0x00,0x00,0x00,0x00,0x00,0x00,0x00,0x00,0x00,0x00,0x00,0x00,0x00,0x00,0x00,0x00,0x00,0x00,0x00,0x00,0x00,0x00,0x00,0x00,0x00,0x00,0x00,0x00,0x00,0x00,0x00,0x00,0x00,0x00,0x00,0x00,0x00,0x00,0x00,0x00,
    0x00,0x00,0x00,0x00,0x00,0x00,0x00,0x00,0x00,0x00,0x00,0x00,0x00,0x00,0x00,0x00,0x00,0x00,0x00,0x00,0x00,0x00,0x00,0x00,0x00,0x00,0x00,0x00,0x00,0x00,0x00,0x00,0x00,0x00,0x00,0x00,0x00,0x00,0x00,0x00,0x00,0x00,0x00,0x00,0x00,0x00,0x00,0x00,0x00,0x00,0x00,0x00,0x00,0x00,0x00,0x00,0x00,0x00,0x00,0x00,0x00,0x00,0x00,0x00,0x00,0x00,0x00,0x00,0x00,0x00,0x00,0x00,0x00,0x00,0x00,0x00,0x00,0x00,0x00,0x00,0x00,0x00,0x00,0x00,0x00,0x00,0x00,0x00,0x00,0x00,0x00,0x00,0x00,0x00,0x00,0x00,0x00,0x00,0x00,0x00,0x00,0x00,0x00,0x00,0x00,0x00,0x00,0x00,0x00,0x00,0x00,0x00,0x00,0x00,0x00,0x00,0x00,0x00,0x00,0x00,0x00,0x00,0x00,0x00,0x00,0x00,0x00,0x00,0x00,0x00,0x00,0x00,0x00,0x00,0x00,0x00,0x00,0x00,0x00,0x00,0x00,0x00,0x00,0x00,
    0x00,0x00,0x00,0x00,0x00,0x00,0x00,0x00,0x00,0x00,0x00,0x00,0x00,0x00,0x00,0x00,0x00,0x00,0x00,0x00,0x00,0x00,0x00,0x00,0x00,0x00,0x00,0x00,0x00,0x00,0x00,0x00,0x00,0x00,0x00,0x00,0x00,0x00,0x00,0x00,0x00,0x00,0x00,0x00,0x00,0x00,0x00,0x00,0x00,0x00,0x00,0x00,0x00,0x00,0x00,0x00,0x00,0x00,0x00,0x00,0x00,0x00,0x00,0x00,0x00,0x00,0x00,0x00,0x00,0x00,0x00,0x00,0x00,0x00,0x00,0x00,0x00,0x00,0x00,0x00,0x00,0x00,0x00,0x00,0x00,0x00,0x00,0x00,0x00,0x00,0x00,0x00,0x00,0x00,0x00,0x00,0x00,0x00,0x00,0x00,0x00,0x00,0x00,0x00,0x00,0x00,0x00,0x00,0x00,0x00,0x00,0x00,0x00,0x00,0x00,0x00,0x00,0x00,0x00,0x00,0x00,0x00,0x00,0x00,0x00,0x00,0x00,0x00,0x00,0x00,0x00,0x00,0x00,0x00,0x00,0x00,0x00,0x00,0x00,0x00,0x00,0x00,0x00,0x00,
    0x00,0x00,0x00,0x00,0x00,0x00,0x00,0x00,0x00,0x00,0x00,0x00,0x00,0x00,0x00,0x00,0x00,0x00,0x00,0x00,0x00,0x00,0x00,0x00,0x00,0x00,0x00,0x00,0x00,0x00,0x00,0x00,0x00,0x00,0x00,0x00,0x00,0x00,0x00,0x00,0x00,0x00,0x00,0x00,0x00,0x00,0x00,0x00,0x00,0x00,0x00,0x00,0x00,0x00,0x00,0x00,0x00,0x00,0x00,0x00,0x00,0x00,0x00,0x00,0x00,0x00,0x00,0x00,0x00,0x00,0x00,0x00,0x00,0x00,0x00,0x00,0x00,0x00,0x00,0x00,0x00,0x00,0x00,0x00,0x00,0x00,0x00,0x00,0x00,0x00,0x00,0x00,0x00,0x00,0x00,0x00,0x00,0x00,0x00,0x00,0x00,0x00,0x00,0x00,0x00,0x00,0x00,0x00,0x00,0x00,0x00,0x00,0x00,0x00,0x00,0x00,0x00,0x00,0x00,0x00,0x00,0x00,0x00,0x00,0x00,0x00,0x00,0x00,0x00,0x00,0x00,0x00,0x00,0x00,0x00,0x00,0x00,0x00,0x00,0x00,0x00,0x00,0x00,0x00,
    0x00,0x00,0x00,0x00,0x00,0x00,0x00,0x00,0x00,0x00,0x00,0x00,0x00,0x00,0x00,0x00,0x00,0x00,0x00,0x00,0x00,0x00,0x00,0x00,0x00,0x00,0x00,0x00,0x00,0x00,0x00,0x00,0x00,0x00,0x00,0x00,0x00,0x00,0x00,0x00,0x00,0x00,0x00,0x00,0x00,0x00,0x00,0x00,0x00,0x00,0x00,0x00,0x00,0x02,0x15,0x00,0x00,0x00,0x00,0x00,0x00,0x00,0x00,0x00,0x00,0x00,0x00,0x00,0x00,0x00,0x00,0x00,0x00,0x00,0x00,0x00,0x00,0x00,0x00,0x00,0x00,0x00,0x00,0x00,0x00,0x00,0x00,0x00,0x00,0x00,0x00,0x00,0x00,0x00,0x00,0x00,0x00,0x00,0x00,0x00,0x00,0x00,0x00,0x00,0x00,0x00,0x00,0x00,0x00,0x00,0x00,0x00,0x00,0x00,0x00,0x00,0x00,0x00,0x00,0x00,0x00,0x00,0x00,0x00,0x00,0x00,0x00,0x00,0x00,0x00,0x00,0x00,0x00,0x00,0x00,0x00,0x00,0x00,0x00,0x00,0x00,0x00,0x00,0x00,
    0x00,0x00,0x00,0x00,0x00,0x00,0x00,0x00,0x00,0x00,0x00,0x00,0x00,0x00,0x00,0x00,0x00,0x00,0x00,0x00,0x00,0x00,0x00,0x00,0x00,0x00,0x00,0x00,0x00,0x00,0x00,0x00,0x00,0x00,0x00,0x00,0x00,0x00,0x00,0x00,0x00,0x00,0x00,0x00,0x00,0x00,0x00,0x00,0x00,0x00,0x00,0x00,0x02,0x00,0x00,0x15,0x01,0x00,0x00,0x00,0x00,0x00,0x00,0x00,0x00,0x00,0x00,0x00,0x00,0x00,0x00,0x00,0x00,0x00,0x00,0x00,0x00,0x00,0x00,0x00,0x00,0x00,0x00,0x00,0x00,0x00,0x00,0x00,0x00,0x00,0x00,0x00,0x00,0x00,0x00,0x00,0x00,0x00,0x00,0x00,0x00,0x00,0x00,0x00,0x00,0x00,0x00,0x00,0x00,0x00,0x00,0x00,0x00,0x00,0x00,0x00,0x00,0x00,0x00,0x00,0x00,0x00,0x00,0x00,0x00,0x00,0x00,0x00,0x00,0x00,0x00,0x00,0x00,0x00,0x00,0x00,0x00,0x00,0x00,0x00,0x00,0x00,0x00,0x00,
    0x00,0x00,0x00,0x00,0x00,0x00,0x00,0x00,0x00,0x00,0x00,0x00,0x00,0x00,0x00,0x00,0x00,0x00,0x00,0x00,0x00,0x00,0x00,0x00,0x00,0x00,0x00,0x00,0x00,0x00,0x00,0x00,0x00,0x00,0x00,0x00,0x00,0x00,0x00,0x00,0x00,0x00,0x00,0x00,0x00,0x00,0x00,0x00,0x00,0x00,0x00,0x00,0x00,0x03,0x48,0x48,0x15,0x06,0x00,0x00,0x00,0x00,0x00,0x00,0x00,0x00,0x00,0x00,0x00,0x00,0x00,0x00,0x00,0x00,0x00,0x00,0x00,0x00,0x00,0x00,0x00,0x00,0x00,0x00,0x00,0x00,0x00,0x00,0x00,0x00,0x00,0x00,0x00,0x00,0x00,0x00,0x00,0x00,0x00,0x00,0x00,0x00,0x00,0x00,0x00,0x00,0x00,0x00,0x00,0x00,0x00,0x00,0x00,0x00,0x00,0x00,0x00,0x00,0x00,0x00,0x00,0x00,0x00,0x00,0x00,0x00,0x00,0x00,0x00,0x00,0x00,0x00,0x00,0x00,0x00,0x00,0x00,0x00,0x00,0x00,0x00,0x00,0x00,0x00,
    0x00,0x00,0x00,0x00,0x00,0x00,0x00,0x00,0x00,0x00,0x00,0x00,0x00,0x00,0x00,0x00,0x00,0x00,0x00,0x00,0x00,0x00,0x00,0x00,0x00,0x00,0x00,0x00,0x00,0x00,0x00,0x00,0x00,0x00,0x00,0x00,0x00,0x00,0x00,0x00,0x00,0x00,0x00,0x00,0x00,0x00,0x00,0x00,0x00,0x00,0x02,0x17,0x38,0x1b,0x36,0x1f,0x07,0x01,0x00,0x00,0x00,0x00,0x00,0x00,0x00,0x00,0x00,0x00,0x00,0x00,0x00,0x00,0x00,0x00,0x00,0x00,0x00,0x00,0x00,0x00,0x00,0x00,0x00,0x00,0x00,0x00,0x00,0x00,0x00,0x00,0x00,0x00,0x00,0x00,0x00,0x00,0x00,0x00,0x00,0x00,0x00,0x00,0x00,0x00,0x00,0x00,0x00,0x00,0x00,0x00,0x00,0x00,0x00,0x00,0x00,0x00,0x00,0x00,0x00,0x00,0x00,0x00,0x00,0x00,0x00,0x00,0x00,0x00,0x00,0x00,0x00,0x00,0x00,0x00,0x00,0x00,0x00,0x00,0x00,0x00,0x00,0x00,0x00,0x00,
    0x00,0x00,0x00,0x00,0x00,0x00,0x00,0x00,0x00,0x00,0x00,0x00,0x00,0x00,0x00,0x00,0x00,0x00,0x00,0x00,0x00,0x00,0x00,0x00,0x00,0x00,0x00,0x00,0x00,0x00,0x00,0x00,0x00,0x00,0x00,0x00,0x00,0x00,0x00,0x00,0x00,0x00,0x00,0x00,0x00,0x00,0x00,0x00,0x00,0x05,0x01,0x43,0x23,0x7c,0x2d,0x00,0x07,0x00,0x00,0x00,0x00,0x00,0x00,0x00,0x00,0x00,0x00,0x00,0x00,0x00,0x00,0x00,0x00,0x00,0x00,0x00,0x00,0x00,0x00,0x00,0x00,0x00,0x00,0x00,0x00,0x00,0x00,0x00,0x00,0x00,0x00,0x00,0x00,0x00,0x00,0x00,0x00,0x00,0x00,0x00,0x00,0x00,0x00,0x00,0x00,0x00,0x00,0x00,0x00,0x00,0x00,0x00,0x00,0x00,0x00,0x00,0x00,0x00,0x00,0x00,0x00,0x00,0x00,0x00,0x00,0x00,0x00,0x00,0x00,0x00,0x00,0x00,0x00,0x00,0x00,0x00,0x00,0x00,0x00,0x00,0x00,0x00,0x00,0x00,
    0x00,0x00,0x00,0x00,0x00,0x00,0x00,0x00,0x00,0x00,0x00,0x00,0x00,0x00,0x00,0x00,0x00,0x00,0x00,0x00,0x00,0x00,0x00,0x00,0x00,0x00,0x00,0x00,0x00,0x00,0x00,0x00,0x00,0x00,0x00,0x00,0x00,0x00,0x00,0x00,0x00,0x00,0x00,0x00,0x00,0x00,0x00,0x00,0x00,0x04,0x00,0x2e,0x8b,0x2a,0x00,0x04,0x00,0x00,0x00,0x00,0x00,0x00,0x00,0x00,0x00,0x00,0x00,0x00,0x00,0x00,0x00,0x00,0x00,0x00,0x00,0x00,0x00,0x00,0x00,0x00,0x00,0x00,0x00,0x00,0x00,0x00,0x00,0x00,0x00,0x00,0x00,0x00,0x00,0x00,0x00,0x00,0x00,0x00,0x00,0x00,0x00,0x00,0x00,0x00,0x00,0x00,0x00,0x00,0x00,0x00,0x00,0x00,0x00,0x00,0x00,0x00,0x00,0x00,0x00,0x00,0x00,0x00,0x00,0x00,0x00,0x00,0x00,0x00,0x00,0x00,0x00,0x00,0x00,0x00,0x00,0x00,0x00,0x00,0x00,0x00,0x00,0x00,0x00,0x00,
    0x00,0x00,0x00,0x00,0x00,0x00,0x00,0x00,0x00,0x00,0x00,0x00,0x00,0x00,0x00,0x00,0x00,0x00,0x00,0x00,0x00,0x00,0x00,0x00,0x00,0x00,0x00,0x00,0x00,0x00,0x00,0x00,0x00,0x00,0x00,0x00,0x00,0x00,0x00,0x00,0x00,0x00,0x00,0x00,0x00,0x00,0x00,0x00,0x00,0x04,0x00,0x1b,0x8b,0x13,0x01,0x04,0x00,0x00,0x00,0x00,0x00,0x00,0x00,0x00,0x00,0x00,0x01,0x06,0x06,0x02,0x00,0x00,0x01,0x06,0x00,0x00,0x00,0x00,0x00,0x00,0x00,0x00,0x00,0x00,0x00,0x00,0x00,0x00,0x00,0x00,0x00,0x00,0x00,0x00,0x00,0x00,0x00,0x00,0x00,0x00,0x00,0x00,0x00,0x00,0x00,0x00,0x00,0x00,0x00,0x00,0x00,0x00,0x00,0x00,0x00,0x00,0x00,0x00,0x00,0x00,0x00,0x00,0x00,0x00,0x00,0x00,0x00,0x00,0x00,0x00,0x00,0x00,0x00,0x00,0x00,0x00,0x00,0x00,0x00,0x00,0x00,0x00,0x00,0x00,
    0x00,0x00,0x00,0x00,0x00,0x00,0x00,0x00,0x00,0x00,0x00,0x00,0x00,0x00,0x00,0x00,0x00,0x00,0x00,0x00,0x00,0x00,0x00,0x00,0x00,0x00,0x00,0x00,0x00,0x00,0x00,0x00,0x00,0x00,0x00,0x00,0x00,0x00,0x00,0x00,0x00,0x00,0x00,0x00,0x00,0x00,0x00,0x00,0x05,0x00,0x29,0x08,0xc9,0x13,0x01,0x04,0x00,0x00,0x00,0x00,0x00,0x01,0x02,0x04,0x04,0x05,0x00,0x00,0x00,0x00,0x04,0x04,0x00,0x00,0x05,0x05,0x04,0x04,0x02,0x01,0x00,0x00,0x00,0x00,0x00,0x00,0x00,0x00,0x00,0x00,0x00,0x00,0x00,0x00,0x00,0x00,0x00,0x00,0x00,0x00,0x00,0x00,0x00,0x00,0x00,0x00,0x00,0x00,0x00,0x00,0x00,0x00,0x00,0x00,0x00,0x00,0x00,0x00,0x00,0x00,0x00,0x00,0x00,0x00,0x00,0x00,0x00,0x00,0x00,0x00,0x00,0x00,0x00,0x00,0x00,0x00,0x00,0x00,0x00,0x00,0x00,0x00,0x00,0x00,
    0x00,0x00,0x00,0x00,0x00,0x00,0x00,0x00,0x00,0x00,0x00,0x00,0x00,0x00,0x00,0x00,0x00,0x00,0x00,0x00,0x00,0x00,0x00,0x00,0x00,0x00,0x00,0x00,0x00,0x00,0x00,0x00,0x00,0x00,0x00,0x00,0x00,0x00,0x00,0x00,0x00,0x00,0x00,0x00,0x00,0x00,0x00,0x00,0x04,0x00,0x26,0x54,0xc9,0x28,0x00,0x04,0x00,0x00,0x00,0x02,0x04,0x00,0x00,0x00,0x00,0x00,0x00,0x2f,0x2f,0x3b,0x00,0x00,0x06,0x38,0x00,0x00,0x00,0x00,0x00,0x00,0x05,0x02,0x00,0x00,0x00,0x00,0x00,0x00,0x00,0x00,0x00,0x00,0x00,0x00,0x00,0x00,0x00,0x00,0x00,0x00,0x00,0x00,0x00,0x00,0x00,0x00,0x00,0x00,0x00,0x00,0x00,0x00,0x00,0x00,0x00,0x00,0x00,0x00,0x00,0x00,0x00,0x00,0x00,0x00,0x00,0x00,0x00,0x00,0x00,0x00,0x00,0x00,0x00,0x00,0x00,0x00,0x00,0x00,0x00,0x00,0x00,0x00,0x00,0x00,
    0x00,0x00,0x00,0x00,0x00,0x00,0x00,0x00,0x00,0x00,0x00,0x00,0x00,0x00,0x00,0x00,0x00,0x00,0x00,0x00,0x00,0x00,0x00,0x00,0x00,0x00,0x00,0x00,0x00,0x00,0x00,0x00,0x00,0x00,0x00,0x00,0x00,0x00,0x00,0x00,0x00,0x00,0x00,0x00,0x00,0x00,0x00,0x00,0x04,0x00,0x13,0x7b,0x6d,0x2c,0x17,0x04,0x02,0x06,0x04,0x00,0x00,0x00,0x24,0x26,0x39,0x1c,0x1b,0x85,0xce,0x23,0x40,0x40,0x1c,0x9f,0x1b,0x36,0x31,0x26,0x24,0x00,0x00,0x00,0x04,0x07,0x00,0x00,0x00,0x00,0x00,0x00,0x00,0x00,0x00,0x00,0x00,0x00,0x00,0x00,0x00,0x00,0x00,0x00,0x00,0x00,0x00,0x00,0x00,0x00,0x00,0x00,0x00,0x00,0x00,0x00,0x00,0x00,0x00,0x00,0x00,0x00,0x00,0x00,0x00,0x00,0x00,0x00,0x00,0x00,0x00,0x00,0x00,0x00,0x00,0x00,0x00,0x00,0x00,0x00,0x00,0x00,0x00,0x00,0x00,0x00,
    0x00,0x00,0x00,0x00,0x00,0x00,0x00,0x00,0x00,0x00,0x00,0x00,0x00,0x00,0x00,0x00,0x00,0x00,0x00,0x00,0x00,0x00,0x00,0x00,0x00,0x00,0x00,0x00,0x00,0x00,0x00,0x00,0x00,0x00,0x00,0x00,0x00,0x00,0x00,0x00,0x00,0x00,0x00,0x00,0x00,0x00,0x00,0x00,0x04,0x00,0x2e,0x81,0x08,0x86,0x31,0x00,0x17,0x00,0x00,0x38,0x31,0x1c,0x21,0x76,0x58,0x6a,0x7b,0x68,0x58,0x6b,0x6d,0x6d,0x6d,0x74,0x71,0x57,0x7b,0x8f,0x23,0x36,0x4b,0x38,0x00,0x00,0x05,0x02,0x00,0x00,0x00,0x00,0x00,0x00,0x00,0x00,0x00,0x00,0x00,0x00,0x00,0x00,0x00,0x00,0x00,0x00,0x00,0x00,0x00,0x00,0x00,0x00,0x00,0x00,0x00,0x00,0x00,0x00,0x00,0x00,0x00,0x00,0x00,0x00,0x00,0x00,0x00,0x00,0x00,0x00,0x00,0x00,0x00,0x00,0x00,0x00,0x00,0x00,0x00,0x00,0x00,0x00,0x00,0x00,0x00,0x00,
    0x00,0x00,0x00,0x00,0x00,0x00,0x00,0x00,0x00,0x00,0x00,0x00,0x00,0x00,0x00,0x00,0x00,0x00,0x00,0x00,0x00,0x00,0x00,0x00,0x00,0x00,0x00,0x00,0x00,0x00,0x00,0x00,0x00,0x00,0x00,0x00,0x00,0x00,0x00,0x00,0x00,0x00,0x00,0x00,0x00,0x00,0x00,0x00,0x04,0x00,0x13,0x7a,0x1a,0x6b,0x9f,0x26,0x00,0x0f,0x30,0x21,0x71,0x58,0x5b,0x5c,0x78,0x56,0x78,0x56,0x67,0x09,0x09,0x09,0x66,0x60,0x67,0x67,0x5c,0x5b,0x74,0x74,0x72,0x21,0x30,0x29,0x00,0x00,0x04,0x00,0x00,0x00,0x00,0x00,0x00,0x00,0x00,0x00,0x00,0x00,0x00,0x00,0x00,0x00,0x00,0x00,0x00,0x00,0x00,0x00,0x00,0x00,0x00,0x00,0x00,0x00,0x00,0x00,0x00,0x00,0x00,0x00,0x00,0x00,0x00,0x00,0x00,0x00,0x00,0x00,0x00,0x00,0x00,0x00,0x00,0x00,0x00,0x00,0x00,0x00,0x00,0x00,0x00,0x00,0x00,0x00,
    0x00,0x00,0x00,0x00,0x00,0x00,0x00,0x00,0x00,0x00,0x00,0x00,0x00,0x00,0x00,0x00,0x00,0x00,0x00,0x00,0x00,0x00,0x00,0x00,0x00,0x00,0x00,0x00,0x00,0x00,0x00,0x00,0x00,0x00,0x00,0x00,0x00,0x00,0x00,0x00,0x00,0x00,0x00,0x00,0x00,0x00,0x00,0x00,0x02,0x07,0x17,0x2b,0x8b,0x71,0x75,0x89,0x52,0xce,0x71,0x87,0x54,0x70,0x09,0x67,0x5c,0x5c,0x67,0x5c,0x78,0x5c,0x64,0x67,0x64,0x5b,0x5b,0x67,0x64,0x69,0x70,0x09,0x6a,0x7b,0x81,0xa3,0x3f,0x24,0x00,0x00,0x00,0x00,0x00,0x00,0x00,0x00,0x00,0x00,0x00,0x00,0x00,0x00,0x00,0x00,0x00,0x00,0x00,0x00,0x00,0x00,0x00,0x00,0x00,0x00,0x00,0x00,0x00,0x00,0x00,0x00,0x00,0x00,0x00,0x00,0x00,0x00,0x00,0x00,0x00,0x00,0x00,0x00,0x00,0x00,0x00,0x00,0x00,0x00,0x00,0x00,0x00,0x00,0x00,0x00,0x00,0x00,
    0x00,0x00,0x00,0x00,0x00,0x00,0x00,0x00,0x00,0x00,0x00,0x00,0x00,0x00,0x00,0x00,0x00,0x00,0x00,0x00,0x00,0x00,0x00,0x00,0x00,0x00,0x00,0x00,0x00,0x00,0x00,0x00,0x00,0x00,0x00,0x00,0x00,0x00,0x00,0x00,0x00,0x00,0x00,0x00,0x00,0x00,0x00,0x00,0x00,0x02,0x02,0x2d,0x0c,0x23,0xa4,0xac,0xa4,0xcb,0x9c,0x76,0x72,0x68,0x54,0x54,0x66,0x66,0x57,0x64,0x67,0x56,0x5c,0x64,0x56,0x67,0x5b,0x5b,0x5b,0x57,0x54,0x68,0x60,0x5c,0x56,0x69,0x66,0x23,0x26,0x01,0x07,0x02,0x00,0x00,0x00,0x00,0x00,0x00,0x00,0x00,0x00,0x00,0x00,0x00,0x00,0x00,0x00,0x00,0x00,0x00,0x00,0x00,0x00,0x00,0x00,0x00,0x00,0x00,0x00,0x00,0x00,0x00,0x00,0x00,0x00,0x00,0x00,0x00,0x00,0x00,0x00,0x00,0x00,0x00,0x00,0x00,0x00,0x00,0x00,0x00,0x00,0x00,0x00,0x00,0x00,0x00,
    0x00,0x00,0x00,0x00,0x00,0x00,0x00,0x00,0x00,0x00,0x00,0x00,0x00,0x00,0x00,0x00,0x00,0x00,0x00,0x00,0x00,0x00,0x00,0x00,0x00,0x00,0x00,0x00,0x00,0x00,0x00,0x00,0x00,0x00,0x00,0x00,0x00,0x00,0x00,0x00,0x00,0x00,0x00,0x00,0x00,0x00,0x00,0x00,0x00,0x00,0x01,0x00,0x29,0x37,0xac,0xa4,0xa4,0xbf,0x8f,0x56,0x72,0x54,0x54,0x54,0x58,0x58,0x54,0x57,0x60,0x67,0x67,0x67,0x5c,0x5c,0x5b,0x5b,0x5b,0x66,0x54,0x54,0x54,0x54,0x57,0x66,0x08,0x7b,0x69,0x3f,0x00,0x04,0x07,0x00,0x00,0x00,0x00,0x00,0x00,0x00,0x00,0x00,0x00,0x00,0x00,0x00,0x00,0x00,0x00,0x00,0x00,0x00,0x00,0x00,0x00,0x00,0x00,0x00,0x00,0x00,0x00,0x00,0x00,0x00,0x00,0x00,0x00,0x00,0x00,0x00,0x00,0x00,0x00,0x00,0x00,0x00,0x00,0x00,0x00,0x00,0x00,0x00,0x00,0x00,0x00,0x00,
    0x00,0x00,0x00,0x00,0x00,0x00,0x00,0x00,0x00,0x00,0x00,0x00,0x00,0x00,0x00,0x00,0x00,0x00,0x00,0x00,0x00,0x00,0x00,0x00,0x00,0x00,0x00,0x00,0x00,0x00,0x00,0x00,0x00,0x00,0x00,0x00,0x00,0x00,0x00,0x00,0x00,0x00,0x00,0x00,0x00,0x00,0x00,0x00,0x02,0x07,0x04,0x4c,0x25,0x67,0x6a,0x7f,0x7f,0x5b,0x5c,0x56,0x5c,0x67,0x60,0x60,0x60,0x66,0x60,0x69,0x66,0x68,0x57,0x69,0x64,0x67,0x5c,0x60,0x54,0x54,0x54,0x54,0x54,0x54,0x54,0x58,0x69,0x09,0x69,0x7b,0x0c,0x00,0x00,0x02,0x00,0x00,0x00,0x00,0x00,0x00,0x00,0x00,0x00,0x00,0x00,0x00,0x00,0x00,0x00,0x00,0x00,0x00,0x00,0x00,0x00,0x00,0x00,0x00,0x00,0x00,0x00,0x00,0x00,0x00,0x00,0x00,0x00,0x00,0x00,0x00,0x00,0x00,0x00,0x00,0x00,0x00,0x00,0x00,0x00,0x00,0x00,0x00,0x00,0x00,0x00,0x00,
    0x00,0x00,0x00,0x00,0x00,0x00,0x00,0x00,0x00,0x00,0x00,0x00,0x00,0x00,0x00,0x00,0x00,0x00,0x00,0x00,0x00,0x00,0x00,0x00,0x00,0x00,0x00,0x00,0x00,0x00,0x00,0x00,0x00,0x00,0x00,0x00,0x00,0x00,0x00,0x00,0x00,0x00,0x00,0x00,0x00,0x00,0x00,0x07,0x04,0x00,0x31,0x7a,0x1a,0x14,0x78,0x78,0x78,0x78,0x56,0x56,0x56,0x67,0x5c,0x64,0x67,0x5c,0x5c,0x66,0x58,0x54,0x54,0x54,0x54,0x57,0x57,0x57,0x72,0x66,0x69,0x54,0x54,0x54,0x54,0x66,0x70,0x66,0x64,0x08,0x81,0x0c,0x1d,0x04,0x02,0x00,0x00,0x00,0x00,0x00,0x00,0x00,0x00,0x00,0x00,0x00,0x00,0x00,0x00,0x00,0x00,0x00,0x00,0x00,0x00,0x00,0x00,0x00,0x00,0x00,0x00,0x00,0x00,0x00,0x00,0x00,0x00,0x00,0x00,0x00,0x00,0x00,0x00,0x00,0x00,0x00,0x00,0x00,0x00,0x00,0x00,0x00,0x00,0x00,0x00,0x00,
    0x00,0x00,0x00,0x00,0x00,0x00,0x00,0x00,0x00,0x00,0x00,0x00,0x00,0x00,0x00,0x00,0x00,0x00,0x00,0x00,0x00,0x00,0x00,0x00,0x00,0x00,0x00,0x00,0x00,0x00,0x00,0x00,0x00,0x00,0x00,0x00,0x00,0x00,0x00,0x00,0x00,0x00,0x00,0x00,0x00,0x02,0x04,0x00,0x00,0x4b,0x9f,0x1a,0x78,0x56,0x5c,0x56,0x56,0x56,0x5c,0x67,0x64,0x67,0x5c,0x5c,0x56,0x56,0x56,0x56,0x67,0x54,0x54,0x54,0x54,0x54,0x54,0x54,0x54,0x57,0x66,0x66,0x57,0x54,0x54,0x09,0x64,0x66,0x5b,0x60,0x09,0xc9,0x40,0x00,0x04,0x01,0x00,0x00,0x00,0x00,0x00,0x00,0x00,0x00,0x00,0x00,0x00,0x00,0x00,0x00,0x00,0x00,0x00,0x00,0x00,0x00,0x00,0x00,0x00,0x00,0x00,0x00,0x00,0x00,0x00,0x00,0x00,0x00,0x00,0x00,0x00,0x00,0x00,0x00,0x00,0x00,0x00,0x00,0x00,0x00,0x00,0x00,0x00,0x00,0x00,0x00,
    0x00,0x00,0x00,0x00,0x00,0x00,0x00,0x00,0x00,0x00,0x00,0x00,0x00,0x00,0x00,0x00,0x00,0x00,0x00,0x00,0x00,0x00,0x00,0x00,0x00,0x00,0x00,0x00,0x00,0x00,0x00,0x00,0x00,0x00,0x00,0x00,0x00,0x00,0x00,0x00,0x00,0x00,0x00,0x00,0x04,0x00,0x00,0x0f,0x28,0x58,0x72,0x76,0x5c,0x64,0x64,0x5c,0x5c,0x5c,0x5b,0x5b,0x5b,0x5b,0x67,0x67,0x67,0x5c,0x56,0x5c,0x56,0x57,0x54,0x54,0x54,0x54,0x54,0x54,0x54,0x54,0x54,0x54,0x54,0x54,0x68,0x72,0x69,0x57,0x69,0x67,0x60,0x08,0x6d,0x0c,0x00,0x05,0x00,0x00,0x00,0x00,0x00,0x00,0x00,0x00,0x00,0x00,0x00,0x00,0x00,0x00,0x00,0x00,0x00,0x00,0x00,0x00,0x00,0x00,0x00,0x00,0x00,0x00,0x00,0x00,0x00,0x00,0x00,0x00,0x00,0x00,0x00,0x00,0x00,0x00,0x00,0x00,0x00,0x00,0x00,0x00,0x00,0x00,0x00,0x00,0x00,0x00,
    0x00,0x00,0x00,0x00,0x00,0x00,0x00,0x00,0x00,0x00,0x00,0x00,0x00,0x00,0x00,0x00,0x00,0x00,0x00,0x00,0x00,0x00,0x00,0x00,0x00,0x00,0x00,0x00,0x00,0x00,0x00,0x00,0x00,0x00,0x00,0x00,0x00,0x00,0x00,0x00,0x00,0x00,0x00,0x07,0x00,0x1d,0x30,0x37,0x79,0x56,0x56,0x56,0x56,0x56,0x56,0x56,0x5c,0x5c,0x56,0x67,0x5b,0x69,0x64,0x69,0x57,0x60,0x09,0x72,0x72,0x09,0x57,0x54,0x54,0x57,0x57,0x57,0x57,0x54,0x54,0x54,0x54,0x54,0x54,0x54,0x68,0x66,0x60,0x5b,0x64,0x69,0x1a,0x81,0x13,0x00,0x04,0x00,0x00,0x00,0x00,0x00,0x00,0x00,0x00,0x00,0x00,0x00,0x00,0x00,0x00,0x00,0x00,0x00,0x00,0x00,0x00,0x00,0x00,0x00,0x00,0x00,0x00,0x00,0x00,0x00,0x00,0x00,0x00,0x00,0x00,0x00,0x00,0x00,0x00,0x00,0x00,0x00,0x00,0x00,0x00,0x00,0x00,0x00,0x00,0x00,
    0x00,0x00,0x00,0x00,0x00,0x00,0x00,0x00,0x00,0x00,0x00,0x00,0x00,0x00,0x00,0x00,0x00,0x00,0x00,0x00,0x00,0x00,0x00,0x00,0x00,0x00,0x00,0x00,0x00,0x00,0x00,0x00,0x00,0x00,0x00,0x00,0x00,0x00,0x00,0x00,0x00,0x02,0x07,0x00,0x2e,0x2b,0xc3,0xa3,0x08,0x60,0x60,0x67,0x56,0x56,0x56,0x56,0x56,0x5c,0x64,0x67,0x5c,0x64,0x69,0x54,0x57,0x66,0x72,0x57,0x69,0x60,0x57,0x60,0x5b,0x5b,0x64,0x5c,0x5c,0x60,0x57,0x54,0x54,0x54,0x54,0x54,0x54,0x54,0x66,0x66,0x69,0x64,0x72,0x6b,0x21,0x51,0x00,0x06,0x00,0x00,0x00,0x00,0x00,0x00,0x00,0x00,0x00,0x00,0x00,0x00,0x00,0x00,0x00,0x00,0x00,0x00,0x00,0x00,0x00,0x00,0x00,0x00,0x00,0x00,0x00,0x00,0x00,0x00,0x00,0x00,0x00,0x00,0x00,0x00,0x00,0x00,0x00,0x00,0x00,0x00,0x00,0x00,0x00,0x00,0x00,0x00,
    0x00,0x00,0x00,0x00,0x00,0x00,0x00,0x00,0x00,0x00,0x00,0x00,0x00,0x00,0x00,0x00,0x00,0x00,0x00,0x00,0x00,0x00,0x00,0x00,0x00,0x00,0x00,0x00,0x00,0x00,0x00,0x00,0x00,0x00,0x00,0x00,0x00,0x00,0x00,0x00,0x02,0x06,0x00,0x2a,0x1b,0x12,0x2b,0x6d,0x70,0x57,0x5b,0x64,0x67,0x5c,0x56,0x56,0x56,0x56,0x64,0x67,0x5c,0x64,0x69,0x54,0x57,0x66,0x70,0x57,0x57,0x69,0x57,0x64,0x5c,0x64,0x64,0x64,0x5c,0x67,0x66,0x58,0x54,0x54,0x54,0x54,0x54,0x54,0x54,0x57,0x57,0x60,0x58,0x08,0x71,0x37,0x1f,0x06,0x00,0x00,0x00,0x00,0x00,0x00,0x00,0x00,0x00,0x00,0x00,0x00,0x00,0x00,0x00,0x00,0x00,0x00,0x00,0x00,0x00,0x00,0x00,0x00,0x00,0x00,0x00,0x00,0x00,0x00,0x00,0x00,0x00,0x00,0x00,0x00,0x00,0x00,0x00,0x00,0x00,0x00,0x00,0x00,0x00,0x00,0x00,0x00,
    0x00,0x00,0x00,0x00,0x00,0x00,0x00,0x00,0x00,0x00,0x00,0x00,0x00,0x00,0x00,0x00,0x00,0x00,0x00,0x00,0x00,0x00,0x00,0x00,0x00,0x00,0x00,0x00,0x00,0x00,0x00,0x00,0x00,0x00,0x00,0x00,0x00,0x00,0x00,0x02,0x07,0x00,0x0c,0x28,0x00,0x0c,0x86,0x8f,0x5c,0x56,0x56,0x64,0x5b,0x5b,0x5c,0x56,0x64,0x64,0x5b,0x5b,0x60,0x54,0x54,0x54,0x54,0x54,0x58,0x66,0x69,0x57,0x68,0x69,0x72,0x69,0x64,0x67,0x67,0x67,0x64,0x60,0x60,0x66,0x66,0x69,0x60,0x69,0x66,0x5b,0x66,0x69,0x66,0x60,0x09,0x72,0x12,0x02,0x04,0x00,0x00,0x00,0x00,0x00,0x00,0x00,0x00,0x00,0x00,0x00,0x00,0x00,0x00,0x00,0x00,0x00,0x00,0x00,0x00,0x00,0x00,0x00,0x00,0x00,0x00,0x00,0x00,0x00,0x00,0x00,0x00,0x00,0x00,0x00,0x00,0x00,0x00,0x00,0x00,0x00,0x00,0x00,0x00,0x00,0x00,0x00,
    0x00,0x00,0x00,0x00,0x00,0x00,0x00,0x00,0x00,0x00,0x00,0x00,0x00,0x00,0x00,0x00,0x00,0x00,0x00,0x00,0x00,0x00,0x00,0x00,0x00,0x00,0x00,0x00,0x00,0x00,0x00,0x00,0x00,0x00,0x00,0x00,0x00,0x00,0x02,0x06,0x00,0x0c,0x13,0x00,0x12,0xbd,0x76,0x76,0x5c,0x5c,0x56,0x5c,0x5b,0x64,0x64,0x67,0x5b,0x57,0x66,0x57,0x54,0x57,0x54,0x54,0x54,0x54,0x54,0x66,0x69,0x60,0x69,0x60,0x66,0x57,0x57,0x57,0x66,0x64,0x67,0x5c,0x67,0x67,0x5c,0x67,0x5c,0x64,0x5b,0x69,0x66,0x69,0x64,0x60,0x08,0x81,0x2a,0x00,0x05,0x00,0x00,0x00,0x00,0x00,0x00,0x00,0x00,0x00,0x00,0x00,0x00,0x00,0x00,0x00,0x00,0x00,0x00,0x00,0x00,0x00,0x00,0x00,0x00,0x00,0x00,0x00,0x00,0x00,0x00,0x00,0x00,0x00,0x00,0x00,0x00,0x00,0x00,0x00,0x00,0x00,0x00,0x00,0x00,0x00,0x00,0x00,
    0x00,0x00,0x00,0x00,0x00,0x00,0x00,0x00,0x00,0x00,0x00,0x00,0x00,0x00,0x00,0x00,0x00,0x00,0x00,0x00,0x00,0x00,0x00,0x00,0x00,0x00,0x00,0x00,0x00,0x00,0x00,0x00,0x00,0x00,0x00,0x00,0x00,0x00,0x00,0x00,0x0c,0x13,0x00,0x03,0x40,0x7b,0x8f,0x76,0x64,0x5b,0x69,0x66,0x57,0x57,0x57,0x54,0x60,0x60,0x56,0x66,0x58,0x54,0x70,0x57,0x54,0x66,0x5c,0x72,0x66,0x60,0x5b,0x57,0x54,0x54,0x54,0x54,0x54,0x54,0x64,0x67,0x5c,0x5c,0x67,0x64,0x64,0x5b,0x57,0x66,0x60,0x5b,0x57,0x54,0x54,0x08,0x6b,0x12,0x00,0x04,0x00,0x00,0x00,0x00,0x00,0x00,0x00,0x00,0x00,0x00,0x00,0x00,0x00,0x00,0x00,0x00,0x00,0x00,0x00,0x00,0x00,0x00,0x00,0x00,0x00,0x00,0x00,0x00,0x00,0x00,0x00,0x00,0x00,0x00,0x00,0x00,0x00,0x00,0x00,0x00,0x00,0x00,0x00,0x00,0x00,0x00,
    0x00,0x00,0x00,0x00,0x00,0x00,0x00,0x00,0x00,0x00,0x00,0x00,0x00,0x00,0x00,0x00,0x00,0x00,0x00,0x00,0x00,0x00,0x00,0x00,0x00,0x00,0x00,0x00,0x00,0x00,0x00,0x00,0x00,0x00,0x00,0x00,0x00,0x07,0x17,0x0c,0x13,0x00,0x02,0x31,0x25,0x09,0x78,0x56,0x5c,0x66,0x54,0x54,0x54,0x54,0x54,0x54,0x60,0x64,0x64,0x5b,0x60,0x66,0x60,0x5b,0x64,0x5b,0x57,0x57,0x54,0x68,0x57,0x54,0x54,0x69,0x69,0x69,0x69,0x66,0x69,0x70,0x66,0x69,0x64,0x5b,0x5b,0x5b,0x66,0x60,0x67,0x60,0x54,0x54,0x54,0x08,0x6d,0x28,0x00,0x04,0x00,0x00,0x00,0x00,0x00,0x00,0x00,0x00,0x00,0x00,0x00,0x00,0x00,0x00,0x00,0x00,0x00,0x00,0x00,0x00,0x00,0x00,0x00,0x00,0x00,0x00,0x00,0x00,0x00,0x00,0x00,0x00,0x00,0x00,0x00,0x00,0x00,0x00,0x00,0x00,0x00,0x00,0x00,0x00,0x00,0x00,
    0x00,0x00,0x00,0x00,0x00,0x00,0x00,0x00,0x00,0x00,0x00,0x00,0x00,0x00,0x00,0x00,0x00,0x00,0x00,0x00,0x00,0x00,0x00,0x00,0x00,0x00,0x00,0x00,0x00,0x00,0x00,0x00,0x00,0x00,0x00,0x00,0x02,0x00,0x1d,0x12,0x00,0x04,0x04,0x21,0x6d,0x08,0x72,0x66,0x54,0x54,0x54,0x54,0x54,0x57,0x66,0x69,0x5b,0x64,0x5c,0x5c,0x56,0x56,0x56,0x56,0x5c,0x67,0x60,0x69,0x57,0x58,0x76,0x72,0x58,0x57,0x60,0x66,0x57,0x66,0x69,0x66,0x69,0x57,0x66,0x60,0x60,0x5b,0x67,0x5c,0x67,0x66,0x54,0x54,0x54,0x54,0x57,0x25,0x29,0x00,0x05,0x00,0x00,0x00,0x00,0x00,0x00,0x00,0x00,0x00,0x00,0x00,0x00,0x00,0x00,0x00,0x00,0x00,0x00,0x00,0x00,0x00,0x00,0x00,0x00,0x00,0x00,0x00,0x00,0x00,0x00,0x00,0x00,0x00,0x00,0x00,0x00,0x00,0x00,0x00,0x00,0x00,0x00,0x00,0x00,0x00,
    0x00,0x00,0x00,0x00,0x00,0x00,0x00,0x00,0x00,0x00,0x00,0x00,0x00,0x00,0x00,0x00,0x00,0x00,0x00,0x00,0x00,0x00,0x00,0x00,0x00,0x00,0x00,0x00,0x00,0x00,0x00,0x00,0x00,0x00,0x00,0x00,0x00,0x00,0x00,0x07,0x04,0x00,0x13,0x71,0x08,0x54,0x54,0x54,0x54,0x54,0x54,0x57,0x5b,0x67,0x5c,0x5c,0x5c,0x60,0x85,0x09,0x78,0x56,0x67,0x60,0x5c,0x64,0x5b,0x64,0x64,0x7b,0x89,0xb4,0x71,0x57,0x54,0x57,0x60,0x64,0x67,0x5c,0x64,0x5b,0x69,0x54,0x54,0x54,0x57,0x5b,0x5b,0x5b,0x69,0x54,0x57,0x70,0x08,0x7b,0x3f,0x00,0x15,0x00,0x00,0x00,0x00,0x00,0x00,0x00,0x00,0x00,0x00,0x00,0x00,0x00,0x00,0x00,0x00,0x00,0x00,0x00,0x00,0x00,0x00,0x00,0x00,0x00,0x00,0x00,0x00,0x00,0x00,0x00,0x00,0x00,0x00,0x00,0x00,0x00,0x00,0x00,0x00,0x00,0x00,0x00,0x00,0x00,
    0x00,0x00,0x00,0x00,0x00,0x00,0x00,0x00,0x00,0x00,0x00,0x00,0x00,0x00,0x00,0x00,0x00,0x00,0x00,0x00,0x00,0x00,0x00,0x00,0x00,0x00,0x00,0x00,0x00,0x00,0x00,0x00,0x00,0x00,0x00,0x00,0x00,0x00,0x01,0x05,0x06,0x17,0x2c,0x6d,0x08,0x54,0x54,0x54,0x54,0x54,0x57,0x5b,0x60,0x5c,0x5c,0x78,0x7b,0x11,0xa7,0x71,0x76,0x66,0x57,0x58,0x57,0x57,0x57,0x57,0x66,0x7b,0xa3,0xa7,0x81,0x70,0x54,0x64,0x67,0x56,0x56,0x5c,0x56,0x64,0x69,0x54,0x54,0x54,0x57,0x60,0x60,0x5b,0x5b,0x5b,0x5b,0x76,0x76,0x7b,0x1c,0x17,0x07,0x01,0x00,0x00,0x00,0x00,0x00,0x00,0x00,0x00,0x00,0x00,0x00,0x00,0x00,0x00,0x00,0x00,0x00,0x00,0x00,0x00,0x00,0x00,0x00,0x00,0x00,0x00,0x00,0x00,0x00,0x00,0x00,0x00,0x00,0x00,0x00,0x00,0x00,0x00,0x00,0x00,0x00,0x00,0x00,0x00,
    0x00,0x00,0x00,0x00,0x00,0x00,0x00,0x00,0x00,0x00,0x00,0x00,0x00,0x00,0x00,0x00,0x00,0x00,0x00,0x00,0x00,0x00,0x00,0x00,0x00,0x00,0x00,0x00,0x00,0x00,0x00,0x00,0x00,0x00,0x00,0x00,0x00,0x00,0x00,0x05,0x00,0x12,0x08,0x14,0x76,0x67,0x69,0x54,0x70,0x67,0x5c,0x5c,0x9c,0x56,0x09,0x74,0x76,0xab,0xae,0x6d,0x70,0x54,0x54,0x54,0x54,0x54,0x54,0x54,0x54,0x54,0x54,0xa6,0xb4,0x58,0x78,0x56,0x56,0x56,0x56,0x78,0x66,0x57,0x54,0x54,0x54,0x57,0x5b,0x60,0x60,0x5b,0x5b,0x69,0x60,0x60,0x72,0x7f,0x9f,0x38,0x00,0x07,0x00,0x00,0x00,0x00,0x00,0x00,0x00,0x00,0x00,0x00,0x00,0x00,0x00,0x00,0x00,0x00,0x00,0x00,0x00,0x00,0x00,0x00,0x00,0x00,0x00,0x00,0x00,0x00,0x00,0x00,0x00,0x00,0x00,0x00,0x00,0x00,0x00,0x00,0x00,0x00,0x00,0x00,0x00,0x00,
    0x00,0x00,0x00,0x00,0x00,0x00,0x00,0x00,0x00,0x00,0x00,0x00,0x00,0x00,0x00,0x00,0x00,0x00,0x00,0x00,0x00,0x00,0x00,0x00,0x00,0x00,0x00,0x00,0x00,0x00,0x00,0x00,0x00,0x00,0x00,0x00,0x00,0x00,0x00,0x04,0x00,0x30,0x6d,0x1a,0x64,0x78,0x5c,0x60,0x69,0x5c,0x60,0x16,0x16,0x64,0x09,0x6b,0xad,0x88,0x9f,0x74,0x68,0x54,0x54,0x54,0x54,0x54,0x54,0x54,0x54,0x54,0x7b,0xc4,0x9a,0x8f,0x67,0x78,0x56,0x78,0x60,0x91,0x72,0x58,0x54,0x54,0x60,0x5b,0x5b,0x67,0x64,0x5b,0x5b,0x69,0x54,0x54,0x57,0x6a,0x25,0x26,0x00,0x17,0x00,0x00,0x00,0x00,0x00,0x00,0x00,0x00,0x00,0x00,0x00,0x00,0x00,0x00,0x00,0x00,0x00,0x00,0x00,0x00,0x00,0x00,0x00,0x00,0x00,0x00,0x00,0x00,0x00,0x00,0x00,0x00,0x00,0x00,0x00,0x00,0x00,0x00,0x00,0x00,0x00,0x00,0x00,0x00,
    0x00,0x00,0x00,0x00,0x00,0x00,0x00,0x00,0x00,0x00,0x00,0x00,0x00,0x00,0x00,0x00,0x00,0x00,0x00,0x00,0x00,0x00,0x00,0x00,0x00,0x00,0x00,0x00,0x00,0x00,0x00,0x00,0x00,0x00,0x00,0x00,0x00,0x00,0x00,0x07,0x17,0x2b,0x6d,0x70,0x54,0x66,0x72,0x72,0x66,0x58,0x76,0xa4,0x60,0x56,0x79,0x85,0xc0,0xc3,0x9f,0x74,0x54,0x54,0x54,0x54,0x54,0x54,0x54,0x54,0x54,0x09,0x69,0xae,0xc0,0xcb,0x7b,0x76,0x60,0x64,0x57,0x91,0x16,0x57,0x09,0x5b,0x67,0x64,0x56,0x5c,0x66,0x69,0x60,0x60,0x54,0x54,0x60,0x64,0x58,0x3f,0x01,0x02,0x00,0x00,0x00,0x00,0x00,0x00,0x00,0x00,0x00,0x00,0x00,0x00,0x00,0x00,0x00,0x00,0x00,0x00,0x00,0x00,0x00,0x00,0x00,0x00,0x00,0x00,0x00,0x00,0x00,0x00,0x00,0x00,0x00,0x00,0x00,0x00,0x00,0x00,0x00,0x00,0x00,0x00,0x00,0x00,
    0x00,0x00,0x00,0x00,0x00,0x00,0x00,0x00,0x00,0x00,0x00,0x00,0x00,0x00,0x00,0x00,0x00,0x00,0x00,0x00,0x00,0x00,0x00,0x00,0x00,0x00,0x00,0x00,0x00,0x00,0x00,0x00,0x00,0x00,0x00,0x00,0x00,0x00,0x05,0x00,0x12,0x75,0x70,0x54,0x54,0x7b,0x79,0x81,0x74,0x6d,0xbf,0x9c,0x87,0x87,0x9f,0x88,0x8b,0xc4,0x54,0x54,0x54,0x54,0x54,0x57,0x54,0x54,0x54,0x66,0x57,0x78,0x86,0x85,0xa8,0x9d,0x89,0x71,0x68,0x58,0x70,0x09,0x85,0x56,0x56,0x5c,0x67,0x69,0x76,0x91,0x6b,0x54,0x58,0x57,0x57,0x60,0x5b,0x09,0x7b,0x1c,0x00,0x00,0x00,0x00,0x00,0x00,0x00,0x00,0x00,0x00,0x00,0x00,0x00,0x00,0x00,0x00,0x00,0x00,0x00,0x00,0x00,0x00,0x00,0x00,0x00,0x00,0x00,0x00,0x00,0x00,0x00,0x00,0x00,0x00,0x00,0x00,0x00,0x00,0x00,0x00,0x00,0x00,0x00,0x00,0x00,0x00,
    0x00,0x00,0x00,0x00,0x00,0x00,0x00,0x00,0x00,0x00,0x00,0x00,0x00,0x00,0x00,0x00,0x00,0x00,0x00,0x00,0x00,0x00,0x00,0x00,0x00,0x00,0x00,0x00,0x00,0x00,0x00,0x00,0x00,0x00,0x00,0x00,0x00,0x00,0x04,0x02,0x30,0x7a,0x08,0x68,0x71,0xd4,0xfb,0x88,0x9f,0x54,0xa4,0x7b,0x72,0x71,0xad,0xb5,0x80,0x85,0x58,0x54,0x54,0x54,0x54,0x57,0x54,0x57,0x54,0x66,0x54,0x72,0x71,0xae,0xa1,0x80,0xa7,0x66,0x69,0x67,0x78,0x86,0xae,0x89,0x6a,0x76,0x66,0x54,0x74,0xbf,0x8f,0x6a,0x69,0x60,0x5b,0x5b,0x60,0x70,0x87,0xb4,0x2f,0x00,0x07,0x00,0x00,0x00,0x00,0x00,0x00,0x00,0x00,0x00,0x00,0x00,0x00,0x00,0x00,0x00,0x00,0x00,0x00,0x00,0x00,0x00,0x00,0x00,0x00,0x00,0x00,0x00,0x00,0x00,0x00,0x00,0x00,0x00,0x00,0x00,0x00,0x00,0x00,0x00,0x00,0x00,0x00,0x00,
    0x00,0x00,0x00,0x00,0x00,0x00,0x00,0x00,0x00,0x00,0x00,0x00,0x00,0x00,0x00,0x00,0x00,0x00,0x00,0x00,0x00,0x00,0x00,0x00,0x00,0x00,0x00,0x00,0x00,0x00,0x00,0x00,0x00,0x00,0x00,0x00,0x00,0x00,0x00,0x02,0x1c,0x7e,0x08,0x87,0x9f,0xc8,0xe6,0xaa,0xc8,0xe1,0xa9,0x8f,0x86,0xce,0xc3,0x7a,0xa8,0x11,0x58,0x68,0x54,0x54,0x54,0x58,0x54,0x54,0x54,0x54,0x54,0x68,0x6d,0xc0,0xc0,0xc9,0xc0,0x85,0x86,0x78,0x78,0x60,0xb4,0x85,0x7b,0x72,0x57,0x66,0x7b,0x9c,0xbf,0x7f,0x5b,0x5b,0x5b,0x5b,0x5b,0x69,0x08,0x72,0x29,0x00,0x05,0x00,0x00,0x00,0x00,0x00,0x00,0x00,0x00,0x00,0x00,0x00,0x00,0x00,0x00,0x00,0x00,0x00,0x00,0x00,0x00,0x00,0x00,0x00,0x00,0x00,0x00,0x00,0x00,0x00,0x00,0x00,0x00,0x00,0x00,0x00,0x00,0x00,0x00,0x00,0x00,0x00,0x00,0x00,
    0x00,0x00,0x00,0x00,0x00,0x00,0x00,0x00,0x00,0x00,0x00,0x00,0x00,0x00,0x00,0x00,0x00,0x00,0x00,0x00,0x00,0x00,0x00,0x00,0x00,0x00,0x00,0x00,0x00,0x00,0x00,0x00,0x00,0x00,0x00,0x00,0x00,0x06,0x00,0x2f,0x23,0x58,0x14,0xbd,0x88,0xaa,0xfe,0xfe,0xe6,0xe7,0xb3,0xa4,0x60,0xad,0x6b,0x58,0x8d,0x88,0x74,0x70,0x54,0x54,0x57,0x69,0x69,0x69,0x69,0x69,0x66,0x69,0x7b,0x89,0xc4,0x75,0x75,0x88,0x9c,0x60,0x78,0x5c,0x76,0x11,0x60,0x78,0x56,0x56,0x67,0x78,0xbf,0x58,0x54,0x54,0x57,0x5b,0x64,0x5c,0x69,0x76,0x4d,0x00,0x05,0x00,0x00,0x00,0x00,0x00,0x00,0x00,0x00,0x00,0x00,0x00,0x00,0x00,0x00,0x00,0x00,0x00,0x00,0x00,0x00,0x00,0x00,0x00,0x00,0x00,0x00,0x00,0x00,0x00,0x00,0x00,0x00,0x00,0x00,0x00,0x00,0x00,0x00,0x00,0x00,0x00,0x00,0x00,
    0x00,0x00,0x00,0x00,0x00,0x00,0x00,0x00,0x00,0x00,0x00,0x00,0x00,0x00,0x00,0x00,0x00,0x00,0x00,0x00,0x00,0x00,0x00,0x00,0x00,0x00,0x00,0x00,0x00,0x00,0x00,0x00,0x00,0x00,0x00,0x00,0x00,0x04,0x00,0x29,0x9f,0x1a,0x8f,0x86,0xd4,0xc1,0xaa,0xaa,0xe6,0xe6,0xe1,0x86,0x85,0xa1,0x75,0x87,0x8d,0x9d,0x6d,0x70,0x54,0x66,0x5b,0x5b,0x5b,0x5b,0x64,0x5b,0x5b,0x64,0x86,0xb4,0x88,0x75,0x87,0x8d,0xad,0x7b,0x78,0x78,0x86,0x85,0x9f,0x5b,0x56,0x5c,0x78,0x60,0x16,0x72,0x58,0x54,0x54,0x69,0x69,0x56,0xbf,0x6d,0x39,0x00,0x04,0x00,0x00,0x00,0x00,0x00,0x00,0x00,0x00,0x00,0x00,0x00,0x00,0x00,0x00,0x00,0x00,0x00,0x00,0x00,0x00,0x00,0x00,0x00,0x00,0x00,0x00,0x00,0x00,0x00,0x00,0x00,0x00,0x00,0x00,0x00,0x00,0x00,0x00,0x00,0x00,0x00,0x00,0x00,
    0x00,0x00,0x00,0x00,0x00,0x00,0x00,0x00,0x00,0x00,0x00,0x00,0x00,0x00,0x00,0x00,0x00,0x00,0x00,0x00,0x00,0x00,0x00,0x00,0x00,0x00,0x00,0x00,0x00,0x00,0x00,0x00,0x00,0x00,0x00,0x00,0x00,0x04,0x00,0x13,0x6d,0x1a,0x09,0x78,0x64,0x89,0xd4,0xe1,0xc8,0xc1,0xd4,0x72,0x9a,0x80,0x7c,0x80,0xa8,0x9d,0x6d,0x72,0x60,0x5b,0x5b,0x64,0x5c,0x67,0x64,0x5b,0x5b,0x5b,0x7f,0x9f,0x88,0x75,0x72,0x75,0xc4,0xce,0x86,0x8f,0x86,0x89,0x89,0x71,0x60,0x5b,0x67,0x60,0x16,0x9b,0x58,0x60,0x57,0x54,0x54,0x74,0x11,0x9f,0x1c,0x1f,0x02,0x02,0x00,0x00,0x00,0x00,0x00,0x00,0x00,0x00,0x00,0x00,0x00,0x00,0x00,0x00,0x00,0x00,0x00,0x00,0x00,0x00,0x00,0x00,0x00,0x00,0x00,0x00,0x00,0x00,0x00,0x00,0x00,0x00,0x00,0x00,0x00,0x00,0x00,0x00,0x00,0x00,0x00,0x00,
    0x00,0x00,0x00,0x00,0x00,0x00,0x00,0x00,0x00,0x00,0x00,0x00,0x00,0x00,0x00,0x00,0x00,0x00,0x00,0x00,0x00,0x00,0x00,0x00,0x00,0x00,0x00,0x00,0x00,0x00,0x00,0x00,0x00,0x00,0x00,0x00,0x00,0x04,0x00,0x39,0x71,0x08,0x54,0x7b,0x7f,0x81,0xbd,0x86,0xa7,0x85,0x8f,0x11,0xc6,0x80,0x7c,0x80,0x8d,0x88,0x7b,0x78,0x5b,0x5c,0x64,0x64,0x56,0x67,0x67,0x64,0x5b,0x56,0x5b,0x9f,0xad,0x80,0x83,0x7c,0x7c,0xb2,0x76,0x76,0x87,0xa3,0x85,0x7b,0x67,0x67,0x56,0x5b,0x9c,0x16,0x60,0x5c,0x5b,0x60,0x69,0x7b,0x76,0xcb,0x11,0x24,0x02,0x02,0x00,0x00,0x00,0x00,0x00,0x00,0x00,0x00,0x00,0x00,0x00,0x00,0x00,0x00,0x00,0x00,0x00,0x00,0x00,0x00,0x00,0x00,0x00,0x00,0x00,0x00,0x00,0x00,0x00,0x00,0x00,0x00,0x00,0x00,0x00,0x00,0x00,0x00,0x00,0x00,0x00,0x00,
    0x00,0x00,0x00,0x00,0x00,0x00,0x00,0x00,0x00,0x00,0x00,0x00,0x00,0x00,0x00,0x00,0x00,0x00,0x00,0x00,0x00,0x00,0x00,0x00,0x00,0x00,0x00,0x00,0x00,0x00,0x00,0x00,0x00,0x00,0x00,0x00,0x00,0x04,0x02,0x28,0x75,0x1a,0x81,0x9a,0xf7,0xd4,0xce,0x85,0xcb,0xbd,0x91,0x9a,0x80,0x54,0x6b,0x6d,0x8d,0x11,0x79,0x8f,0x91,0x5b,0x5c,0x5c,0x64,0x5c,0x56,0x56,0x64,0x5c,0x60,0x25,0x88,0x80,0x80,0x7d,0x7d,0xa1,0x9d,0x6d,0x54,0x8f,0xcb,0x60,0x78,0x56,0x56,0x64,0x91,0xac,0x5b,0x78,0x67,0x5c,0x5c,0x56,0x5b,0x91,0xa9,0x2f,0x00,0x04,0x00,0x00,0x00,0x00,0x00,0x00,0x00,0x00,0x00,0x00,0x00,0x00,0x00,0x00,0x00,0x00,0x00,0x00,0x00,0x00,0x00,0x00,0x00,0x00,0x00,0x00,0x00,0x00,0x00,0x00,0x00,0x00,0x00,0x00,0x00,0x00,0x00,0x00,0x00,0x00,0x00,0x00,
    0x00,0x00,0x00,0x00,0x00,0x00,0x00,0x00,0x00,0x00,0x00,0x00,0x00,0x00,0x00,0x00,0x00,0x00,0x00,0x00,0x00,0x00,0x00,0x00,0x00,0x00,0x00,0x00,0x00,0x00,0x00,0x00,0x00,0x00,0x00,0x00,0x02,0x00,0x24,0x23,0x74,0x68,0x7b,0xe1,0xe7,0xaa,0xc8,0xb3,0xf7,0x11,0xcb,0x22,0x6d,0x70,0x72,0x58,0x9f,0xad,0x81,0xbf,0xa7,0x6d,0x70,0x66,0x60,0x67,0x5c,0x64,0x64,0x60,0x74,0x69,0xad,0x7c,0x80,0x80,0x7c,0x7d,0x88,0x89,0x6a,0x5c,0xa7,0x91,0x64,0x56,0x56,0x56,0x56,0xac,0x78,0x56,0x78,0x56,0x56,0x5c,0x5c,0x54,0x7b,0x1c,0x38,0x00,0x05,0x00,0x00,0x00,0x00,0x00,0x00,0x00,0x00,0x00,0x00,0x00,0x00,0x00,0x00,0x00,0x00,0x00,0x00,0x00,0x00,0x00,0x00,0x00,0x00,0x00,0x00,0x00,0x00,0x00,0x00,0x00,0x00,0x00,0x00,0x00,0x00,0x00,0x00,0x00,0x00,0x00,
    0x00,0x00,0x00,0x00,0x00,0x00,0x00,0x00,0x00,0x00,0x00,0x00,0x00,0x00,0x00,0x00,0x00,0x00,0x00,0x00,0x00,0x00,0x00,0x00,0x00,0x00,0x00,0x00,0x00,0x00,0x00,0x00,0x00,0x00,0x00,0x00,0x02,0x00,0x1d,0x21,0x72,0x68,0x9f,0xc8,0xd6,0xd6,0xd6,0xe7,0xaa,0xb3,0xa9,0x70,0x54,0x54,0x70,0x74,0x9f,0x9a,0xbd,0x85,0xb0,0x81,0x70,0x58,0x57,0x5b,0x5b,0x5b,0x7f,0x9f,0xb4,0x7b,0x9a,0xb5,0x74,0x54,0x54,0x87,0x70,0xa7,0x64,0x6a,0xad,0xa3,0x5b,0x78,0x56,0x78,0x60,0xac,0x8f,0x69,0x60,0x64,0x60,0x69,0x66,0x66,0x57,0x6d,0x21,0x0f,0x00,0x04,0x06,0x00,0x00,0x00,0x00,0x00,0x00,0x00,0x00,0x00,0x00,0x00,0x00,0x00,0x00,0x00,0x00,0x00,0x00,0x00,0x00,0x00,0x00,0x00,0x00,0x00,0x00,0x00,0x00,0x00,0x00,0x00,0x00,0x00,0x00,0x00,0x00,0x00,0x00,0x00,
    0x00,0x00,0x00,0x00,0x00,0x00,0x00,0x00,0x00,0x00,0x00,0x00,0x00,0x00,0x00,0x00,0x00,0x00,0x00,0x00,0x00,0x00,0x00,0x00,0x00,0x00,0x00,0x00,0x00,0x00,0x00,0x00,0x00,0x00,0x00,0x00,0x02,0x00,0x24,0x22,0x60,0x67,0x9f,0xe1,0xaa,0xaa,0xe7,0xe7,0xd6,0xb3,0x85,0x7a,0x70,0x54,0x54,0x74,0x8d,0xad,0x7b,0xad,0x9d,0x72,0x57,0x66,0x60,0x5b,0x5b,0x64,0x86,0x89,0xb0,0x7a,0xad,0x8d,0x74,0x54,0x54,0x70,0x75,0xae,0x11,0x81,0x85,0x89,0x7f,0x78,0x56,0x56,0x7b,0xbf,0x91,0x58,0x54,0x54,0x54,0x60,0x67,0x67,0x56,0x8f,0x74,0x21,0x26,0x00,0x00,0x02,0x06,0x00,0x00,0x00,0x00,0x00,0x00,0x00,0x00,0x00,0x00,0x00,0x00,0x00,0x00,0x00,0x00,0x00,0x00,0x00,0x00,0x00,0x00,0x00,0x00,0x00,0x00,0x00,0x00,0x00,0x00,0x00,0x00,0x00,0x00,0x00,0x00,0x00,
    0x00,0x00,0x00,0x00,0x00,0x00,0x00,0x00,0x00,0x00,0x00,0x00,0x00,0x00,0x00,0x00,0x00,0x00,0x00,0x00,0x00,0x00,0x00,0x00,0x00,0x00,0x00,0x00,0x00,0x00,0x00,0x00,0x00,0x00,0x00,0x00,0x02,0x00,0x24,0x23,0x60,0x78,0x67,0x78,0x85,0xd4,0xfb,0xc8,0xaa,0xe9,0x83,0x80,0x7c,0x6b,0x57,0x58,0x8d,0x88,0x8f,0xad,0xdc,0xa3,0x5b,0x56,0x56,0x67,0x64,0x64,0x86,0xa3,0xab,0xa1,0xc4,0x8d,0x71,0x72,0x68,0x54,0x70,0x7e,0xdc,0x9c,0xa4,0xae,0x86,0x78,0x64,0x76,0x6d,0xac,0x9c,0x74,0x54,0x54,0x60,0x5c,0x78,0x67,0x8f,0xce,0x86,0x6d,0x68,0x39,0x0d,0x00,0x00,0x00,0x00,0x00,0x00,0x00,0x00,0x00,0x00,0x00,0x00,0x00,0x00,0x00,0x00,0x00,0x00,0x00,0x00,0x00,0x00,0x00,0x00,0x00,0x00,0x00,0x00,0x00,0x00,0x00,0x00,0x00,0x00,0x00,0x00,0x00,0x00,0x00,
    0x00,0x00,0x00,0x00,0x00,0x00,0x00,0x00,0x00,0x00,0x00,0x00,0x00,0x00,0x00,0x00,0x00,0x00,0x00,0x00,0x00,0x00,0x00,0x00,0x00,0x00,0x00,0x00,0x00,0x00,0x00,0x00,0x00,0x00,0x00,0x00,0x02,0x00,0x1d,0x1a,0x72,0x56,0x5b,0x5b,0xbd,0xbd,0xbd,0x11,0xa7,0x9a,0x80,0x83,0x83,0x58,0x74,0x6d,0x83,0x88,0x11,0xa9,0x88,0x89,0x60,0x78,0x56,0x78,0x78,0x56,0x86,0xb4,0xa9,0x9d,0xab,0xc3,0x7a,0x6d,0x71,0x74,0x68,0x74,0xa3,0xa7,0x16,0x85,0x71,0x68,0x69,0x78,0x7b,0xa4,0xbf,0x74,0x57,0x60,0x5b,0x5b,0x66,0x70,0x6d,0x1c,0x13,0x2b,0xc9,0x6d,0x11,0x50,0x29,0x00,0x00,0x02,0x00,0x00,0x00,0x00,0x00,0x00,0x00,0x00,0x00,0x00,0x00,0x00,0x00,0x00,0x00,0x00,0x00,0x00,0x00,0x00,0x00,0x00,0x00,0x00,0x00,0x00,0x00,0x00,0x00,0x00,0x00,0x00,0x00,0x00,
    0x00,0x00,0x00,0x00,0x00,0x00,0x00,0x00,0x00,0x00,0x00,0x00,0x00,0x00,0x00,0x00,0x00,0x00,0x00,0x00,0x00,0x00,0x00,0x00,0x00,0x00,0x00,0x00,0x00,0x00,0x00,0x00,0x00,0x00,0x00,0x00,0x02,0x00,0x1d,0x14,0x5c,0x7f,0xa7,0xf7,0x95,0x9a,0xa3,0xa9,0xac,0x89,0x87,0x70,0x54,0x72,0x8d,0xa1,0x9a,0xb0,0xa7,0xac,0xb5,0xae,0x6d,0x78,0x56,0x5b,0x5b,0x5c,0x79,0xac,0xcb,0xa4,0xae,0xb0,0x88,0xae,0xa3,0x8d,0x68,0x83,0x7d,0x88,0xad,0x85,0x74,0x60,0x5c,0x8f,0x79,0x85,0x89,0x6d,0x70,0x57,0x57,0x60,0x66,0x72,0x6a,0x9f,0x43,0x1d,0x0c,0x87,0x7a,0x9b,0x25,0x2a,0x03,0x05,0x01,0x00,0x00,0x00,0x00,0x00,0x00,0x00,0x00,0x00,0x00,0x00,0x00,0x00,0x00,0x00,0x00,0x00,0x00,0x00,0x00,0x00,0x00,0x00,0x00,0x00,0x00,0x00,0x00,0x00,0x00,0x00,0x00,0x00,
    0x00,0x00,0x00,0x00,0x00,0x00,0x00,0x00,0x00,0x00,0x00,0x00,0x00,0x00,0x00,0x00,0x00,0x00,0x00,0x00,0x00,0x00,0x00,0x00,0x00,0x00,0x00,0x00,0x00,0x00,0x00,0x00,0x00,0x00,0x00,0x00,0x07,0x00,0x0f,0x16,0x64,0x64,0xe1,0xaa,0xaa,0xc1,0xc8,0xf7,0xb0,0xc0,0x6d,0x70,0x58,0x22,0x9d,0x85,0x22,0xd5,0xbf,0xb5,0x7c,0xa4,0x76,0x94,0x16,0x16,0x16,0x97,0x94,0xcb,0x16,0xd5,0xe3,0xa4,0x72,0x22,0xae,0x89,0x83,0x7c,0x7c,0x83,0xa9,0x9a,0x74,0x72,0x69,0x72,0x81,0xb2,0x95,0x81,0x70,0x58,0x69,0x67,0x56,0x56,0x56,0x86,0x39,0x00,0x00,0x12,0x2a,0x6d,0x87,0x8b,0x2a,0x00,0x04,0x00,0x00,0x00,0x00,0x00,0x00,0x00,0x00,0x00,0x00,0x00,0x00,0x00,0x00,0x00,0x00,0x00,0x00,0x00,0x00,0x00,0x00,0x00,0x00,0x00,0x00,0x00,0x00,0x00,0x00,0x00,0x00,0x00,
    0x00,0x00,0x00,0x00,0x00,0x00,0x00,0x00,0x00,0x00,0x00,0x00,0x00,0x00,0x00,0x00,0x00,0x00,0x00,0x00,0x00,0x00,0x00,0x00,0x00,0x00,0x00,0x00,0x00,0x00,0x00,0x00,0x00,0x00,0x00,0x00,0x05,0x07,0x29,0x85,0x09,0x78,0xe1,0xd6,0xd6,0xd6,0xe6,0xd6,0xc1,0x9d,0x7a,0x70,0x54,0x58,0x87,0x71,0x6d,0x91,0x70,0x80,0x7c,0x83,0x70,0x6b,0x70,0x70,0x1a,0x8f,0x9b,0x76,0x58,0x58,0x91,0x72,0x58,0x6d,0x6d,0x6d,0x54,0x83,0x7c,0x7d,0xea,0xa6,0x81,0x70,0x58,0x70,0x6d,0x88,0xcc,0xea,0x71,0x76,0x67,0x56,0x56,0x56,0x78,0x09,0x25,0x0f,0x07,0x00,0x00,0x4c,0x7a,0x80,0x8d,0x2f,0x00,0x06,0x00,0x00,0x00,0x00,0x00,0x00,0x00,0x00,0x00,0x00,0x00,0x00,0x00,0x00,0x00,0x00,0x00,0x00,0x00,0x00,0x00,0x00,0x00,0x00,0x00,0x00,0x00,0x00,0x00,0x00,0x00,0x00,
    0x00,0x00,0x00,0x00,0x00,0x00,0x00,0x00,0x00,0x00,0x00,0x00,0x00,0x00,0x00,0x00,0x00,0x00,0x00,0x00,0x00,0x00,0x00,0x00,0x00,0x00,0x00,0x00,0x00,0x00,0x00,0x00,0x00,0x00,0x00,0x00,0x04,0x00,0x0c,0x9f,0x76,0x7b,0xa6,0xc1,0xaa,0xe7,0xe6,0xd6,0xaa,0x9d,0x7a,0x70,0x54,0x54,0x66,0x70,0x66,0x58,0x68,0x54,0x6b,0x6b,0x6b,0x54,0x54,0x58,0x58,0x74,0x6b,0x6b,0x54,0x57,0x74,0x54,0x70,0x72,0x72,0x66,0x57,0x57,0x6b,0x7e,0x7e,0xad,0x70,0x57,0x60,0x56,0x79,0x9a,0x95,0x95,0xce,0x7f,0x78,0x56,0x56,0x5c,0x69,0x72,0x74,0x23,0x17,0x04,0x17,0x00,0x2a,0x75,0x8f,0x4d,0x00,0x17,0x00,0x00,0x00,0x00,0x00,0x00,0x00,0x00,0x00,0x00,0x00,0x00,0x00,0x00,0x00,0x00,0x00,0x00,0x00,0x00,0x00,0x00,0x00,0x00,0x00,0x00,0x00,0x00,0x00,0x00,0x00,0x00,
    0x00,0x00,0x00,0x00,0x00,0x00,0x00,0x00,0x00,0x00,0x00,0x00,0x00,0x00,0x00,0x00,0x00,0x00,0x00,0x00,0x00,0x00,0x00,0x00,0x00,0x00,0x00,0x00,0x00,0x00,0x00,0x00,0x00,0x00,0x00,0x04,0x02,0x0f,0x14,0x6a,0x76,0x09,0x78,0x85,0xba,0xe1,0xb3,0xaa,0xb3,0x89,0x71,0x70,0x70,0x54,0x6b,0x6b,0x6d,0x87,0x87,0x83,0x6b,0x58,0x54,0x54,0x54,0x54,0x54,0x68,0x54,0x68,0x6b,0x83,0x83,0x7e,0x75,0x80,0x75,0x87,0x83,0x68,0x68,0x70,0x87,0x88,0x91,0x64,0x56,0x78,0x7f,0x85,0xae,0xa8,0x95,0x8f,0x67,0x56,0x5c,0x60,0x54,0x58,0x08,0x7f,0x28,0x00,0x17,0x07,0x12,0x75,0x68,0x1c,0x00,0x00,0x00,0x00,0x00,0x00,0x00,0x00,0x00,0x00,0x00,0x00,0x00,0x00,0x00,0x00,0x00,0x00,0x00,0x00,0x00,0x00,0x00,0x00,0x00,0x00,0x00,0x00,0x00,0x00,0x00,0x00,0x00,0x00,
    0x00,0x00,0x00,0x00,0x00,0x00,0x00,0x00,0x00,0x00,0x00,0x00,0x00,0x00,0x00,0x00,0x00,0x00,0x00,0x00,0x00,0x00,0x00,0x00,0x00,0x00,0x00,0x00,0x00,0x00,0x00,0x00,0x00,0x00,0x04,0x04,0x00,0x1b,0x79,0x8f,0x56,0x78,0x56,0x7f,0x86,0xf1,0x3d,0xf5,0x8a,0x8d,0x87,0x83,0x7a,0x80,0x80,0x7c,0xc6,0xa3,0xb4,0xac,0x16,0x8f,0x72,0x68,0x54,0x54,0x54,0x54,0x54,0x54,0x58,0x9b,0x94,0xa4,0xa4,0x22,0x22,0x72,0x75,0x74,0x71,0x71,0x6d,0xad,0x9c,0x5b,0x56,0x8f,0x79,0xa9,0x33,0xca,0xb2,0xae,0x81,0x66,0x54,0x54,0x54,0x54,0x57,0x08,0x79,0x13,0x00,0x02,0x0f,0x71,0x6d,0x2c,0x00,0x00,0x00,0x00,0x00,0x00,0x00,0x00,0x00,0x00,0x00,0x00,0x00,0x00,0x00,0x00,0x00,0x00,0x00,0x00,0x00,0x00,0x00,0x00,0x00,0x00,0x00,0x00,0x00,0x00,0x00,0x00,0x00,0x00,
    0x00,0x00,0x00,0x00,0x00,0x00,0x00,0x00,0x00,0x00,0x00,0x00,0x00,0x00,0x00,0x00,0x00,0x00,0x00,0x00,0x00,0x00,0x00,0x00,0x00,0x00,0x00,0x00,0x00,0x00,0x00,0x00,0x02,0x04,0x00,0x00,0x28,0x86,0x78,0x5c,0x56,0x56,0x56,0x78,0x8f,0xf3,0x92,0xf5,0xc5,0xa1,0x8b,0xb5,0x88,0x83,0x83,0xda,0xea,0xc4,0x88,0xad,0xbc,0x9b,0x72,0x57,0x54,0x54,0x54,0x54,0x58,0x6b,0x72,0x9b,0xc0,0x9d,0x9a,0x9d,0xc4,0xb4,0x8d,0x8d,0xa3,0x9a,0x6b,0xc4,0xbf,0x7f,0x78,0x78,0x79,0xe2,0xcf,0xca,0x9d,0xe0,0x75,0x68,0x54,0x54,0x54,0x57,0x5b,0x5c,0x09,0x25,0x12,0x00,0x0f,0x7b,0x6d,0x2c,0x00,0x00,0x00,0x00,0x00,0x00,0x00,0x00,0x00,0x00,0x00,0x00,0x00,0x00,0x00,0x00,0x00,0x00,0x00,0x00,0x00,0x00,0x00,0x00,0x00,0x00,0x00,0x00,0x00,0x00,0x00,0x00,0x00,0x00,
    0x00,0x00,0x00,0x00,0x00,0x00,0x00,0x00,0x00,0x00,0x00,0x00,0x00,0x00,0x00,0x00,0x00,0x00,0x00,0x00,0x00,0x00,0x00,0x00,0x00,0x00,0x00,0x00,0x00,0x00,0x00,0x00,0x00,0x05,0x12,0x1b,0x69,0x78,0x56,0x56,0x56,0x56,0x78,0x5b,0xa1,0x82,0xd3,0x8a,0xdc,0xab,0xb9,0xaf,0x73,0x5a,0x8c,0x5f,0x59,0x55,0x5f,0x73,0xaf,0xc6,0x7e,0x6b,0x54,0x54,0x54,0x54,0x58,0x70,0x75,0xab,0x73,0x77,0x62,0x5a,0x55,0x55,0x62,0x77,0x73,0x73,0xaf,0xb7,0x9f,0x6a,0x69,0x6a,0x76,0xb0,0xd0,0x94,0x11,0xb6,0xf1,0x86,0x68,0x57,0x69,0x5b,0x5b,0x67,0x78,0x7f,0x2b,0x2d,0x0c,0x81,0x71,0x2c,0x00,0x00,0x00,0x00,0x00,0x00,0x00,0x00,0x00,0x00,0x00,0x00,0x00,0x00,0x00,0x00,0x00,0x00,0x00,0x00,0x00,0x00,0x00,0x00,0x00,0x00,0x00,0x00,0x00,0x00,0x00,0x00,0x00,0x00,
    0x00,0x00,0x00,0x00,0x00,0x00,0x00,0x00,0x00,0x00,0x00,0x00,0x00,0x00,0x00,0x00,0x00,0x00,0x00,0x00,0x00,0x00,0x00,0x00,0x00,0x00,0x00,0x00,0x00,0x00,0x02,0x02,0x1d,0x0c,0x7b,0x7b,0x56,0x56,0x5c,0x56,0x56,0x56,0x78,0x5b,0xf9,0x93,0xe5,0xa9,0xb7,0xab,0xb9,0x77,0x95,0xc4,0xba,0x73,0x8c,0x95,0xa6,0x8c,0x5f,0xdc,0x7d,0x7c,0x7c,0x6b,0x54,0x54,0x68,0x58,0x14,0x95,0xb9,0xaf,0xba,0xb9,0x8c,0x73,0xb9,0xb2,0xdc,0x95,0x63,0xab,0x9f,0x7b,0x66,0x74,0xa3,0xd5,0xdb,0x75,0xb2,0x19,0x82,0xda,0x6a,0x64,0x64,0x5b,0x5b,0x5b,0x5b,0x5c,0x7b,0x21,0x09,0x6b,0x70,0x52,0x00,0x05,0x00,0x00,0x00,0x00,0x00,0x00,0x00,0x00,0x00,0x00,0x00,0x00,0x00,0x00,0x00,0x00,0x00,0x00,0x00,0x00,0x00,0x00,0x00,0x00,0x00,0x00,0x00,0x00,0x00,0x00,0x00,0x00,
    0x00,0x00,0x00,0x00,0x00,0x00,0x00,0x00,0x00,0x00,0x00,0x00,0x00,0x00,0x00,0x00,0x00,0x00,0x00,0x00,0x00,0x00,0x00,0x00,0x00,0x00,0x00,0x00,0x00,0x00,0x04,0x00,0x0c,0xc9,0x78,0x78,0x78,0x5c,0x8f,0x78,0x56,0x56,0x67,0xc6,0xbb,0xd3,0xba,0xe3,0xb0,0xa9,0x8d,0xc3,0x8b,0x8b,0xb7,0x61,0x80,0x8b,0x7d,0x95,0x62,0xc6,0x7d,0x7c,0x83,0x58,0x54,0x54,0x54,0x57,0x6b,0x8b,0xb9,0x8c,0xc6,0x80,0xb5,0xf2,0x63,0xa1,0x8b,0x7d,0xb4,0xa4,0xac,0x7f,0x78,0x86,0xce,0xe3,0x14,0x7a,0xee,0xa5,0x6c,0xd8,0x6a,0x68,0x60,0x5b,0x5b,0x5b,0x5b,0x66,0x70,0x72,0x70,0x87,0xa3,0x43,0x00,0x15,0x00,0x00,0x00,0x00,0x00,0x00,0x00,0x00,0x00,0x00,0x00,0x00,0x00,0x00,0x00,0x00,0x00,0x00,0x00,0x00,0x00,0x00,0x00,0x00,0x00,0x00,0x00,0x00,0x00,0x00,0x00,0x00,
    0x00,0x00,0x00,0x00,0x00,0x00,0x00,0x00,0x00,0x00,0x00,0x00,0x00,0x00,0x00,0x00,0x00,0x00,0x00,0x00,0x00,0x00,0x00,0x00,0x00,0x00,0x00,0x00,0x00,0x00,0x05,0x00,0x1b,0x87,0x09,0x76,0x09,0x76,0x9c,0x64,0x56,0x76,0x64,0xfa,0xbb,0x99,0xae,0xd5,0xb0,0xb0,0xc3,0x7d,0x7c,0x8b,0xee,0x32,0xef,0xb5,0xb5,0xef,0x6e,0xb2,0x7a,0x72,0x57,0x54,0x54,0x54,0x54,0x83,0x7c,0x80,0x8a,0xee,0xda,0x7c,0x7d,0xf6,0xcd,0xdc,0x8b,0xd2,0x9b,0xd5,0xac,0x7f,0x8f,0x86,0xcb,0x89,0x8b,0x88,0xc2,0xa5,0x82,0x6c,0xdf,0x7b,0x68,0x60,0x69,0x57,0x54,0x54,0x54,0x54,0x6b,0x69,0x4b,0x00,0x05,0x00,0x00,0x00,0x00,0x00,0x00,0x00,0x00,0x00,0x00,0x00,0x00,0x00,0x00,0x00,0x00,0x00,0x00,0x00,0x00,0x00,0x00,0x00,0x00,0x00,0x00,0x00,0x00,0x00,0x00,0x00,0x00,0x00,
    0x00,0x00,0x00,0x00,0x00,0x00,0x00,0x00,0x00,0x00,0x00,0x00,0x00,0x00,0x00,0x00,0x00,0x00,0x00,0x00,0x00,0x00,0x00,0x00,0x00,0x00,0x00,0x00,0x00,0x07,0x00,0x0f,0x83,0x83,0x74,0x7a,0x81,0x89,0x76,0x69,0x78,0x64,0xdf,0xa5,0xbb,0xa2,0xa6,0x67,0xd5,0xd9,0xa6,0xbc,0xd0,0xd2,0xef,0xc8,0xf6,0xaa,0xaa,0xd7,0x95,0xa1,0x6d,0x68,0x54,0x54,0x54,0x54,0x54,0x83,0x7c,0x8b,0xf2,0xef,0xfb,0xef,0xf6,0xf6,0xc8,0xf2,0xd7,0xdb,0xbc,0xd5,0xac,0x7f,0x5b,0x9c,0xcb,0x75,0x9a,0xd1,0xa0,0x19,0x92,0x6c,0xde,0x83,0x54,0x54,0x54,0x54,0x54,0x66,0x60,0x08,0x54,0x3f,0x00,0x05,0x00,0x00,0x00,0x00,0x00,0x00,0x00,0x00,0x00,0x00,0x00,0x00,0x00,0x00,0x00,0x00,0x00,0x00,0x00,0x00,0x00,0x00,0x00,0x00,0x00,0x00,0x00,0x00,0x00,0x00,0x00,0x00,0x00,0x00,
    0x00,0x00,0x00,0x00,0x00,0x00,0x00,0x00,0x00,0x00,0x00,0x00,0x00,0x00,0x00,0x00,0x00,0x00,0x00,0x00,0x00,0x00,0x00,0x00,0x00,0x00,0x00,0x00,0x00,0x07,0x00,0x0f,0x7d,0x7e,0x1c,0x2a,0x0c,0x25,0x68,0x72,0x78,0x67,0xf9,0x9e,0xbb,0xa2,0xb6,0xdc,0x78,0xa9,0xb7,0x97,0xb8,0xcf,0xfc,0xec,0xec,0xec,0xfc,0xc4,0xa8,0x80,0x6b,0x54,0x54,0x54,0x54,0x54,0x54,0x54,0x6b,0x80,0xa8,0x88,0xec,0xdb,0xfc,0xf2,0xec,0xd2,0xd7,0x94,0x9b,0x11,0xbf,0x60,0x89,0x89,0xe3,0x95,0xd1,0x90,0xa0,0x99,0x6c,0x6c,0x84,0xdd,0x7b,0x68,0x57,0x60,0x60,0x5b,0x64,0x7b,0x37,0x1f,0x04,0x02,0x02,0x06,0x00,0x00,0x00,0x00,0x00,0x00,0x00,0x00,0x00,0x00,0x00,0x00,0x00,0x00,0x00,0x00,0x00,0x00,0x00,0x00,0x00,0x00,0x00,0x00,0x00,0x00,0x00,0x00,0x00,0x00,0x00,0x00,
    0x00,0x00,0x00,0x00,0x00,0x00,0x00,0x00,0x00,0x00,0x00,0x00,0x00,0x00,0x00,0x00,0x00,0x00,0x00,0x00,0x00,0x00,0x00,0x00,0x00,0x00,0x00,0x00,0x00,0x07,0x00,0x0f,0x8b,0x2b,0x24,0x00,0x28,0x81,0x08,0x70,0x70,0x5b,0xde,0x84,0xbb,0x99,0x93,0x90,0xee,0xab,0x9a,0xca,0x94,0xbe,0x97,0x94,0xbc,0x9b,0x74,0x6d,0x7e,0x68,0x54,0x54,0x70,0x54,0x54,0x54,0x54,0x54,0x54,0x68,0x58,0x6d,0x9b,0x94,0x94,0x94,0xdb,0xd2,0xd2,0x16,0x9b,0xd5,0x91,0xf5,0xfd,0xab,0xcd,0xb6,0x6f,0x90,0x8e,0x99,0x84,0x93,0x93,0xbb,0xda,0x60,0x64,0x5b,0x60,0x57,0x58,0x8f,0x37,0x17,0x00,0x04,0x00,0x00,0x00,0x00,0x00,0x00,0x00,0x00,0x00,0x00,0x00,0x00,0x00,0x00,0x00,0x00,0x00,0x00,0x00,0x00,0x00,0x00,0x00,0x00,0x00,0x00,0x00,0x00,0x00,0x00,0x00,0x00,0x00,0x00,
    0x00,0x00,0x00,0x00,0x00,0x00,0x00,0x00,0x00,0x00,0x00,0x00,0x00,0x00,0x00,0x00,0x00,0x00,0x00,0x00,0x00,0x00,0x00,0x00,0x00,0x00,0x00,0x00,0x00,0x07,0x00,0x2d,0x7d,0x2e,0x00,0x12,0x79,0x08,0x54,0x54,0x7b,0xda,0x6c,0x82,0xbb,0xb6,0x84,0x84,0xb6,0xeb,0xe5,0xee,0x94,0x94,0xb1,0x97,0xdb,0xbc,0x14,0x14,0x14,0x54,0x54,0x54,0x68,0x54,0x57,0x68,0x68,0x68,0x54,0x54,0x68,0x70,0xbc,0x97,0x97,0xdb,0xd7,0xd7,0xdb,0x1a,0x9c,0xa9,0xc6,0xa2,0xe0,0xeb,0xf4,0x8e,0x6f,0x90,0x90,0x99,0x84,0x93,0x93,0x93,0xd8,0x5b,0x60,0x66,0x54,0x58,0x6b,0x9c,0x64,0x1b,0x13,0x00,0x17,0x2d,0x00,0x00,0x00,0x00,0x00,0x00,0x00,0x00,0x00,0x00,0x00,0x00,0x00,0x00,0x00,0x00,0x00,0x00,0x00,0x00,0x00,0x00,0x00,0x00,0x00,0x00,0x00,0x00,0x00,0x00,0x00,0x00,
    0x00,0x00,0x00,0x00,0x00,0x00,0x00,0x00,0x00,0x00,0x00,0x00,0x00,0x00,0x00,0x00,0x00,0x00,0x00,0x00,0x00,0x00,0x00,0x00,0x00,0x00,0x00,0x00,0x00,0x00,0x05,0x00,0x2c,0x2e,0x02,0x0c,0xbd,0x08,0x57,0x72,0x7f,0xdd,0x84,0x82,0xa5,0xa2,0x9e,0xb6,0xf4,0xe4,0xe5,0xd1,0xb7,0xbe,0x9b,0xd2,0xd2,0xd2,0x9b,0x14,0x14,0x68,0x54,0x54,0x57,0x6b,0x7e,0x6b,0x87,0x6b,0x54,0x54,0x54,0x54,0x68,0xbc,0x97,0xbc,0xd2,0xd7,0xd7,0xa7,0x33,0xe5,0xfa,0xcc,0xd9,0xc7,0xeb,0xc2,0xd1,0x90,0x6f,0x99,0x6c,0x6c,0x82,0x6c,0xde,0x54,0x54,0x58,0x66,0x72,0x66,0x67,0x56,0x7b,0x7f,0x1c,0x2c,0x40,0x06,0x04,0x00,0x00,0x00,0x00,0x00,0x00,0x00,0x00,0x00,0x00,0x00,0x00,0x00,0x00,0x00,0x00,0x00,0x00,0x00,0x00,0x00,0x00,0x00,0x00,0x00,0x00,0x00,0x00,0x00,0x00,
    0x00,0x00,0x00,0x00,0x00,0x00,0x00,0x00,0x00,0x00,0x00,0x00,0x00,0x00,0x00,0x00,0x00,0x00,0x00,0x00,0x00,0x00,0x00,0x00,0x00,0x00,0x00,0x00,0x00,0x00,0x04,0x00,0x0c,0x2e,0x00,0x1b,0x79,0x56,0x64,0x64,0x78,0xde,0x6c,0x82,0xbb,0xa2,0xd1,0xf8,0xed,0xc7,0xed,0xff,0xd1,0xc2,0xb0,0xd0,0xdf,0xda,0x1a,0x14,0x14,0x72,0x70,0x70,0x87,0x70,0x9b,0x9b,0xbc,0x8f,0x58,0x70,0x70,0x72,0x68,0x74,0x1a,0x94,0xd7,0xdd,0xa2,0x73,0x77,0x99,0xf4,0xed,0xe4,0xe4,0xc7,0xed,0x5f,0x6f,0x6f,0x99,0x82,0x6c,0x6c,0x6c,0xde,0x60,0x72,0x7b,0x85,0x9f,0x5b,0x78,0x78,0x78,0x78,0x74,0x87,0x14,0x0f,0x00,0x07,0x00,0x00,0x00,0x00,0x00,0x00,0x00,0x00,0x00,0x00,0x00,0x00,0x00,0x00,0x00,0x00,0x00,0x00,0x00,0x00,0x00,0x00,0x00,0x00,0x00,0x00,0x00,0x00,0x00,
    0x00,0x00,0x00,0x00,0x00,0x00,0x00,0x00,0x00,0x00,0x00,0x00,0x00,0x00,0x00,0x00,0x00,0x00,0x00,0x00,0x00,0x00,0x00,0x00,0x00,0x00,0x00,0x00,0x00,0x00,0x05,0x00,0x12,0x2e,0x1d,0x09,0x5c,0x5c,0x91,0xf5,0x67,0xdd,0x82,0x6c,0x6c,0xa2,0x19,0xab,0xc7,0xc7,0xc7,0xab,0xa0,0x90,0xb6,0xcc,0xe0,0xf9,0xae,0x58,0x7e,0x75,0x75,0x80,0x80,0x94,0x14,0x83,0x9b,0x9b,0x71,0x71,0x75,0x7a,0x75,0xa3,0xd4,0xb9,0x3a,0x3d,0xf4,0x5d,0x3a,0xc2,0x65,0xd9,0xc7,0xc7,0xe4,0x8c,0x5d,0x96,0x8e,0x19,0x92,0x6c,0x6c,0x6c,0xd8,0x86,0x86,0xa1,0xe0,0x60,0x5c,0x56,0x5b,0x56,0x14,0x1a,0x08,0x83,0x0f,0x00,0x07,0x00,0x00,0x00,0x00,0x00,0x00,0x00,0x00,0x00,0x00,0x00,0x00,0x00,0x00,0x00,0x00,0x00,0x00,0x00,0x00,0x00,0x00,0x00,0x00,0x00,0x00,0x00,0x00,0x00,
    0x00,0x00,0x00,0x00,0x00,0x00,0x00,0x00,0x00,0x00,0x00,0x00,0x00,0x00,0x00,0x00,0x00,0x00,0x00,0x00,0x00,0x00,0x00,0x00,0x00,0x00,0x00,0x00,0x00,0x00,0x00,0x00,0x17,0x0f,0x0f,0x69,0x56,0x7b,0x22,0xd3,0xda,0xc6,0x92,0x6c,0x92,0x99,0x6f,0xb6,0xe4,0xc7,0xc7,0xe5,0x96,0x96,0x8e,0xcc,0x65,0xcd,0x62,0xaf,0xa6,0xb2,0xea,0xc6,0xb5,0x83,0x83,0x7e,0x7e,0x83,0x9f,0xa1,0xc3,0xd4,0xb9,0x5f,0x73,0x73,0x77,0x5e,0x5e,0x5f,0xcd,0x5f,0x62,0xd9,0xc7,0xed,0xe4,0x63,0x73,0xa2,0xa0,0x19,0x82,0x6c,0x6c,0x6c,0xdf,0x79,0xda,0x90,0xfd,0x79,0x70,0x60,0x9c,0x64,0x7b,0x7b,0x74,0x22,0x2f,0x00,0x06,0x00,0x00,0x00,0x00,0x00,0x00,0x00,0x00,0x00,0x00,0x00,0x00,0x00,0x00,0x00,0x00,0x00,0x00,0x00,0x00,0x00,0x00,0x00,0x00,0x00,0x00,0x00,0x00,0x00,
    0x00,0x00,0x00,0x00,0x00,0x00,0x00,0x00,0x00,0x00,0x00,0x00,0x00,0x00,0x00,0x00,0x00,0x00,0x00,0x00,0x00,0x00,0x00,0x00,0x00,0x00,0x00,0x00,0x00,0x00,0x00,0x00,0x02,0x00,0x1d,0x2c,0x74,0x87,0xb4,0xbb,0xf0,0x8d,0xde,0x6c,0x92,0xd3,0xa0,0xe0,0xf8,0xe5,0xf8,0xeb,0xb6,0x8e,0xa0,0x5e,0x5d,0x55,0x63,0x5f,0x77,0x65,0x65,0x62,0x5f,0x8a,0xb7,0xb7,0xb0,0xe2,0xe2,0xe2,0xd9,0xc5,0x77,0x62,0x55,0x5a,0x5f,0x6e,0x6e,0x61,0x5e,0x55,0x59,0xd9,0xc5,0x65,0xd9,0x33,0x73,0xc2,0xa0,0xa5,0x82,0x6c,0x84,0xd8,0x86,0xf1,0xd3,0x96,0xdf,0x7b,0x70,0x6b,0x11,0x37,0x40,0x39,0x36,0x36,0x06,0x05,0x00,0x00,0x00,0x00,0x00,0x00,0x00,0x00,0x00,0x00,0x00,0x00,0x00,0x00,0x00,0x00,0x00,0x00,0x00,0x00,0x00,0x00,0x00,0x00,0x00,0x00,0x00,0x00,0x00,0x00,
    0x00,0x00,0x00,0x00,0x00,0x00,0x00,0x00,0x00,0x00,0x00,0x00,0x00,0x00,0x00,0x00,0x00,0x00,0x00,0x00,0x00,0x00,0x00,0x00,0x00,0x00,0x00,0x00,0x00,0x00,0x00,0x00,0x00,0x04,0x00,0x13,0xbd,0x72,0x60,0xdd,0xf0,0xd8,0xdd,0x6c,0x6c,0x6c,0x99,0xb6,0xd1,0xa0,0xb6,0xa2,0xa0,0x96,0x90,0xc2,0x5d,0x61,0x61,0x8c,0x8a,0x6e,0x62,0x65,0x65,0x5e,0xcf,0xd0,0xd0,0xb8,0xb8,0xb8,0xe2,0x77,0x59,0x5d,0x55,0x6e,0x6e,0x61,0x55,0x59,0x65,0x65,0x59,0x5d,0x77,0x65,0x77,0x5d,0x77,0xc2,0x8e,0x84,0x82,0x6c,0x84,0xdf,0xfa,0x90,0xa2,0x93,0xdf,0x7b,0x70,0x08,0xbd,0x1b,0x00,0x00,0x2d,0x26,0x00,0x05,0x00,0x00,0x00,0x00,0x00,0x00,0x00,0x00,0x00,0x00,0x00,0x00,0x00,0x00,0x00,0x00,0x00,0x00,0x00,0x00,0x00,0x00,0x00,0x00,0x00,0x00,0x00,0x00,0x00,0x00,
    0x00,0x00,0x00,0x00,0x00,0x00,0x00,0x00,0x00,0x00,0x00,0x00,0x00,0x00,0x00,0x00,0x00,0x00,0x00,0x00,0x00,0x00,0x00,0x00,0x00,0x00,0x00,0x00,0x00,0x00,0x00,0x00,0x00,0x00,0x06,0x02,0x13,0x21,0x9c,0xd4,0xbb,0x92,0x6c,0x6c,0x6c,0x92,0xa5,0x8e,0x90,0x96,0x8e,0x8e,0x8e,0x8e,0x6f,0xc2,0x59,0x5e,0x5e,0x62,0x6e,0x8c,0x5f,0x62,0x59,0x59,0x33,0xcf,0xb1,0xb1,0x97,0xca,0x8a,0x62,0x55,0x61,0x5f,0x5e,0x5d,0x65,0x65,0x65,0x59,0x55,0x5a,0x63,0x5a,0x59,0x59,0x65,0x59,0xa0,0xa0,0xa5,0x82,0x6c,0xf3,0xdd,0x93,0xb6,0xd3,0x6c,0xd8,0x79,0x58,0x68,0x09,0x5b,0x12,0x05,0x02,0x00,0x00,0x00,0x00,0x00,0x00,0x00,0x00,0x00,0x00,0x00,0x00,0x00,0x00,0x00,0x00,0x00,0x00,0x00,0x00,0x00,0x00,0x00,0x00,0x00,0x00,0x00,0x00,0x00,0x00,0x00,0x00,0x00,
    0x00,0x00,0x00,0x00,0x00,0x00,0x00,0x00,0x00,0x00,0x00,0x00,0x00,0x00,0x00,0x00,0x00,0x00,0x00,0x00,0x00,0x00,0x00,0x00,0x00,0x00,0x00,0x00,0x00,0x00,0x00,0x00,0x00,0x02,0x06,0x17,0x00,0x30,0xc9,0xa4,0xc2,0x6c,0x6c,0x6c,0x6c,0x6c,0x84,0x96,0x96,0x96,0x96,0x8e,0x90,0x6f,0xa2,0x59,0x63,0x62,0x65,0x65,0x5d,0x62,0x5e,0x61,0x5a,0x55,0x73,0xb9,0xdb,0xd0,0xe3,0x63,0x5e,0x5f,0x8c,0x5f,0x5d,0x65,0x65,0x5d,0x65,0x59,0x5a,0x5a,0x55,0x62,0x59,0x55,0x61,0x59,0xcc,0x9e,0xa0,0x99,0x82,0x6c,0x6c,0x6c,0x92,0x19,0x19,0x82,0x84,0xd8,0xa8,0x58,0x09,0x9c,0x12,0x00,0x05,0x02,0x00,0x00,0x00,0x00,0x00,0x00,0x00,0x00,0x00,0x00,0x00,0x00,0x00,0x00,0x00,0x00,0x00,0x00,0x00,0x00,0x00,0x00,0x00,0x00,0x00,0x00,0x00,0x00,0x00,0x00,0x00,0x00,
    0x00,0x00,0x00,0x00,0x00,0x00,0x00,0x00,0x00,0x00,0x00,0x00,0x00,0x00,0x00,0x00,0x00,0x00,0x00,0x00,0x00,0x00,0x00,0x00,0x00,0x00,0x00,0x00,0x00,0x00,0x00,0x00,0x00,0x00,0x00,0x00,0x07,0x0c,0xc9,0x6a,0xe0,0x82,0x6c,0x6c,0x6c,0x82,0x84,0x96,0x8e,0x8e,0x6f,0x6f,0x90,0x6f,0x3a,0x73,0x5e,0x65,0x65,0x65,0x65,0x62,0x65,0x5f,0x5f,0x63,0x5a,0x5f,0xc3,0xa1,0x6e,0x55,0x5f,0x5f,0xaf,0x5d,0x62,0x5d,0x65,0x65,0x59,0x61,0x5a,0x5e,0x62,0x5e,0x5a,0x5a,0x5a,0x62,0x5a,0xa0,0x8e,0x96,0x93,0x92,0x82,0x6c,0x6c,0x92,0xa5,0x99,0x93,0x93,0xde,0x74,0xac,0x48,0x00,0x15,0x00,0x00,0x00,0x00,0x00,0x00,0x00,0x00,0x00,0x00,0x00,0x00,0x00,0x00,0x00,0x00,0x00,0x00,0x00,0x00,0x00,0x00,0x00,0x00,0x00,0x00,0x00,0x00,0x00,0x00,0x00,0x00,0x00,0x00,
    0x00,0x00,0x00,0x00,0x00,0x00,0x00,0x00,0x00,0x00,0x00,0x00,0x00,0x00,0x00,0x00,0x00,0x00,0x00,0x00,0x00,0x00,0x00,0x00,0x00,0x00,0x00,0x00,0x00,0x00,0x00,0x02,0x00,0x2d,0x0f,0x1d,0x2e,0x74,0x81,0xb2,0xf3,0x82,0x6c,0x6c,0x6c,0x82,0x96,0x8e,0x9e,0x6f,0x6f,0x6f,0x9e,0x8e,0x62,0x55,0x5f,0x5e,0x62,0x5d,0x65,0x55,0x5e,0xaf,0x5f,0x77,0x62,0x73,0x5a,0x6e,0x65,0x5e,0x5d,0x59,0x5f,0x65,0x5d,0x65,0x65,0x65,0x63,0x5a,0x5a,0x5a,0x5a,0x5a,0x5a,0x5a,0x5a,0x5a,0x65,0xd1,0x9e,0x6f,0x8e,0x90,0x6c,0x92,0x82,0x6c,0x92,0x19,0xa0,0x84,0x93,0xb5,0xd5,0x0d,0x02,0x17,0x00,0x00,0x00,0x00,0x00,0x00,0x00,0x00,0x00,0x00,0x00,0x00,0x00,0x00,0x00,0x00,0x00,0x00,0x00,0x00,0x00,0x00,0x00,0x00,0x00,0x00,0x00,0x00,0x00,0x00,0x00,0x00,0x00,0x00,
    0x00,0x00,0x00,0x00,0x00,0x00,0x00,0x00,0x00,0x00,0x00,0x00,0x00,0x00,0x00,0x00,0x00,0x00,0x00,0x00,0x00,0x00,0x00,0x00,0x00,0x00,0x00,0x00,0x00,0x00,0x00,0x02,0x02,0x2d,0x2b,0x25,0x7b,0x60,0xdc,0xd3,0x84,0x84,0x6c,0x82,0x6c,0xa0,0xa0,0x6f,0x6f,0x6f,0x6f,0x6f,0x9e,0xa2,0x5e,0x6e,0x63,0x63,0x5a,0x62,0x65,0x59,0x62,0xaf,0x61,0x55,0x55,0x5e,0x62,0x59,0x62,0x5d,0x77,0x5e,0xaf,0x65,0x77,0x65,0x65,0x59,0x55,0x5e,0x5f,0x5f,0x5a,0x5a,0x5a,0x5a,0x5a,0x63,0x62,0xcc,0x9e,0x6f,0x6f,0x96,0xb6,0x96,0xa5,0x84,0x92,0xa5,0x8e,0x6c,0x6c,0xd8,0xf1,0x42,0x00,0x00,0x00,0x00,0x00,0x00,0x00,0x00,0x00,0x00,0x00,0x00,0x00,0x00,0x00,0x00,0x00,0x00,0x00,0x00,0x00,0x00,0x00,0x00,0x00,0x00,0x00,0x00,0x00,0x00,0x00,0x00,0x00,0x00,0x00,0x00,
    0x00,0x00,0x00,0x00,0x00,0x00,0x00,0x00,0x00,0x00,0x00,0x00,0x00,0x00,0x00,0x00,0x00,0x00,0x00,0x00,0x00,0x00,0x00,0x00,0x00,0x00,0x00,0x00,0x00,0x00,0x00,0x00,0x02,0x00,0x1d,0x31,0x31,0x4d,0xa2,0x92,0x84,0x84,0x6c,0xa5,0x96,0x96,0x90,0x6f,0x6f,0x6f,0x6f,0x6f,0x9e,0xcc,0x55,0x63,0x55,0x59,0x62,0x5d,0x5d,0x5d,0x77,0xaf,0x61,0x55,0x5a,0x63,0x61,0x63,0x62,0x5d,0x5d,0x65,0x5f,0x62,0x55,0x62,0x59,0x65,0x62,0x55,0x5e,0x5e,0x5e,0x55,0x5a,0x5a,0x5a,0x5a,0x5a,0x55,0x96,0x9e,0x6f,0x9e,0x6f,0x96,0xa0,0xa0,0x90,0xb6,0xa5,0x92,0xa5,0x84,0x92,0x6c,0x45,0x47,0x4e,0x00,0x06,0x00,0x00,0x00,0x00,0x00,0x00,0x00,0x00,0x00,0x00,0x00,0x00,0x00,0x00,0x00,0x00,0x00,0x00,0x00,0x00,0x00,0x00,0x00,0x00,0x00,0x00,0x00,0x00,0x00,0x00,0x00,
    0x00,0x00,0x00,0x00,0x00,0x00,0x00,0x00,0x00,0x00,0x00,0x00,0x00,0x00,0x00,0x00,0x00,0x00,0x00,0x00,0x00,0x00,0x00,0x00,0x00,0x00,0x00,0x00,0x00,0x00,0x00,0x00,0x00,0x02,0x00,0x00,0x00,0x3e,0xbb,0x82,0x82,0x84,0x53,0xb6,0x6f,0x6f,0x6f,0x8e,0x90,0x6f,0x90,0x6f,0xb6,0x5d,0x62,0x5d,0x5d,0x59,0x5d,0x63,0x6e,0x63,0x73,0x8a,0x63,0x5e,0x5a,0x77,0x73,0x73,0x65,0x5a,0x5f,0x63,0x5d,0x6e,0x8c,0x8c,0x6e,0x5e,0x65,0x59,0x59,0x55,0x5e,0x62,0x62,0x5e,0x5a,0x5a,0x55,0x65,0xd1,0x9e,0x6f,0x6f,0x6f,0x90,0x93,0x84,0x19,0xa2,0x82,0x92,0xa5,0xa2,0xf0,0x92,0x3d,0x44,0x3b,0x01,0x01,0x00,0x00,0x00,0x00,0x00,0x00,0x00,0x00,0x00,0x00,0x00,0x00,0x00,0x00,0x00,0x00,0x00,0x00,0x00,0x00,0x00,0x00,0x00,0x00,0x00,0x00,0x00,0x00,0x00,0x00,0x00,
    0x00,0x00,0x00,0x00,0x00,0x00,0x00,0x00,0x00,0x00,0x00,0x00,0x00,0x00,0x00,0x00,0x00,0x00,0x00,0x00,0x00,0x00,0x00,0x00,0x00,0x00,0x00,0x00,0x00,0x00,0x00,0x00,0x00,0x00,0x02,0x17,0x04,0x4e,0x92,0x92,0xf0,0x49,0x3e,0x9e,0x93,0x9e,0xd3,0xa2,0x6f,0x6f,0x90,0x6f,0xcc,0x73,0x5d,0x5d,0x73,0x8c,0xdc,0xa1,0xa8,0x8d,0x9d,0x8a,0x73,0x63,0x73,0x8a,0x88,0x88,0x5f,0x59,0x61,0x6e,0x5e,0x59,0x5a,0x5a,0x63,0x63,0x63,0x5f,0x5e,0x62,0x63,0x63,0x55,0x62,0x62,0x5a,0x5e,0x77,0xcc,0x6f,0x6f,0x6f,0x9e,0x99,0xa2,0x82,0xf3,0x4f,0x19,0x82,0x82,0x3c,0x42,0x42,0x0b,0x00,0x00,0x00,0x00,0x00,0x00,0x00,0x00,0x00,0x00,0x00,0x00,0x00,0x00,0x00,0x00,0x00,0x00,0x00,0x00,0x00,0x00,0x00,0x00,0x00,0x00,0x00,0x00,0x00,0x00,0x00,0x00,0x00,0x00,0x00,
    0x00,0x00,0x00,0x00,0x00,0x00,0x00,0x00,0x00,0x00,0x00,0x00,0x00,0x00,0x00,0x00,0x00,0x00,0x00,0x00,0x00,0x00,0x00,0x00,0x00,0x00,0x00,0x00,0x00,0x00,0x00,0x00,0x00,0x00,0x00,0x01,0x06,0x1f,0x45,0x82,0x82,0x47,0x00,0x45,0x84,0x90,0x34,0x42,0x6c,0x93,0x93,0x99,0x65,0x5e,0x59,0x73,0x8a,0x8d,0x7a,0x6d,0x71,0x75,0x80,0xa8,0x8a,0x73,0xa6,0x87,0x75,0xc9,0x9d,0x59,0x5f,0x6e,0x61,0x5d,0x55,0x5a,0x63,0x61,0x61,0x63,0x61,0x5d,0x5d,0x55,0x5a,0x5a,0x55,0x5a,0x63,0x62,0xcd,0x6f,0x6f,0x6f,0x6f,0x90,0x4e,0x45,0x45,0x03,0x53,0x84,0x82,0x49,0x00,0x00,0x00,0x15,0x01,0x00,0x00,0x00,0x00,0x00,0x00,0x00,0x00,0x00,0x00,0x00,0x00,0x00,0x00,0x00,0x00,0x00,0x00,0x00,0x00,0x00,0x00,0x00,0x00,0x00,0x00,0x00,0x00,0x00,0x00,0x00,0x00,0x00,
    0x00,0x00,0x00,0x00,0x00,0x00,0x00,0x00,0x00,0x00,0x00,0x00,0x00,0x00,0x00,0x00,0x00,0x00,0x00,0x00,0x00,0x00,0x00,0x00,0x00,0x00,0x00,0x00,0x00,0x00,0x00,0x00,0x00,0x00,0x00,0x00,0x06,0x00,0x3b,0x44,0x3d,0x3c,0x24,0x34,0x9e,0x19,0x01,0x34,0x84,0x93,0x6c,0xc2,0x59,0x61,0x62,0x55,0xb4,0x6d,0x76,0x68,0x76,0x72,0x22,0x9a,0xb2,0x8a,0x75,0xa3,0x7c,0x7c,0x83,0x8a,0x5e,0x61,0x63,0x62,0x5a,0x63,0x5a,0x5a,0x5a,0x5a,0x5a,0x5e,0x65,0x5d,0x55,0x5a,0x5a,0x5a,0x5a,0x5a,0x65,0x99,0x9e,0x6f,0x9e,0x6f,0x4a,0x3e,0x4f,0x3e,0x19,0x84,0xbb,0x51,0x15,0x17,0x02,0x00,0x00,0x00,0x00,0x00,0x00,0x00,0x00,0x00,0x00,0x00,0x00,0x00,0x00,0x00,0x00,0x00,0x00,0x00,0x00,0x00,0x00,0x00,0x00,0x00,0x00,0x00,0x00,0x00,0x00,0x00,0x00,0x00,0x00,0x00,
    0x00,0x00,0x00,0x00,0x00,0x00,0x00,0x00,0x00,0x00,0x00,0x00,0x00,0x00,0x00,0x00,0x00,0x00,0x00,0x00,0x00,0x00,0x00,0x00,0x00,0x00,0x00,0x00,0x00,0x00,0x00,0x00,0x00,0x00,0x00,0x00,0x00,0x02,0x00,0x00,0x0b,0x34,0x4a,0x00,0x44,0xa5,0x3e,0x3b,0x90,0x93,0xbb,0x3a,0x5e,0x61,0x5d,0xaf,0x87,0x91,0x72,0x91,0x72,0x85,0x8d,0xa7,0xa6,0xba,0xb4,0xc3,0x7d,0x8d,0x6d,0xb7,0x5d,0x63,0x5a,0x59,0x5e,0x5a,0x5a,0x5a,0x5a,0x5a,0x5a,0x5a,0x5e,0x59,0x59,0x5a,0x61,0x5a,0x5a,0x5a,0x73,0xc2,0x93,0x6f,0x93,0x19,0x3b,0x15,0x3c,0x19,0x84,0xa5,0x34,0x00,0x06,0x00,0x00,0x00,0x00,0x00,0x00,0x00,0x00,0x00,0x00,0x00,0x00,0x00,0x00,0x00,0x00,0x00,0x00,0x00,0x00,0x00,0x00,0x00,0x00,0x00,0x00,0x00,0x00,0x00,0x00,0x00,0x00,0x00,0x00,0x00,0x00,0x00,
    0x00,0x00,0x00,0x00,0x00,0x00,0x00,0x00,0x00,0x00,0x00,0x00,0x00,0x00,0x00,0x00,0x00,0x00,0x00,0x00,0x00,0x00,0x00,0x00,0x00,0x00,0x00,0x00,0x00,0x00,0x00,0x00,0x00,0x00,0x00,0x00,0x00,0x00,0x02,0x06,0x00,0x00,0x00,0x02,0x1f,0x47,0x4f,0x1f,0x47,0x93,0x3c,0x10,0x5e,0x63,0x59,0x77,0xb2,0x9a,0xa8,0xae,0xc0,0xa9,0x9d,0x8a,0x77,0x88,0x9d,0x8d,0xc3,0xae,0x8b,0xa6,0x65,0x5f,0x61,0x59,0x62,0x63,0x5a,0x5a,0x5a,0x5a,0x5a,0x5a,0x63,0x5e,0x59,0x62,0x5f,0x63,0x5a,0x5a,0x77,0x3a,0x6f,0x96,0x84,0x44,0x1f,0x3c,0x3d,0xd3,0x49,0x4a,0x00,0x06,0x00,0x00,0x00,0x00,0x00,0x00,0x00,0x00,0x00,0x00,0x00,0x00,0x00,0x00,0x00,0x00,0x00,0x00,0x00,0x00,0x00,0x00,0x00,0x00,0x00,0x00,0x00,0x00,0x00,0x00,0x00,0x00,0x00,0x00,0x00,0x00,0x00,0x00,
    0x00,0x00,0x00,0x00,0x00,0x00,0x00,0x00,0x00,0x00,0x00,0x00,0x00,0x00,0x00,0x00,0x00,0x00,0x00,0x00,0x00,0x00,0x00,0x00,0x00,0x00,0x00,0x00,0x00,0x00,0x00,0x00,0x00,0x00,0x00,0x00,0x00,0x00,0x00,0x00,0x02,0x15,0x01,0x01,0x00,0x00,0x3e,0x34,0x1f,0x3c,0x34,0x41,0x55,0x63,0x73,0xa6,0x9d,0xdc,0xb2,0x95,0xb2,0xea,0xb2,0xc6,0xc5,0x8c,0xb7,0xb0,0xab,0xa7,0x9a,0x8a,0x5e,0x65,0x65,0x62,0x61,0x5f,0x61,0x61,0x61,0x61,0x63,0x5a,0x5a,0x5a,0x62,0x59,0x5a,0x61,0x63,0x55,0x5d,0x59,0xa2,0x99,0x3d,0x3b,0x0d,0x44,0x3e,0x4a,0x00,0x00,0x15,0x00,0x00,0x00,0x00,0x00,0x00,0x00,0x00,0x00,0x00,0x00,0x00,0x00,0x00,0x00,0x00,0x00,0x00,0x00,0x00,0x00,0x00,0x00,0x00,0x00,0x00,0x00,0x00,0x00,0x00,0x00,0x00,0x00,0x00,0x00,0x00,0x00,0x00,0x00,
    0x00,0x00,0x00,0x00,0x00,0x00,0x00,0x00,0x00,0x00,0x00,0x00,0x00,0x00,0x00,0x00,0x00,0x00,0x00,0x00,0x00,0x00,0x00,0x00,0x00,0x00,0x00,0x00,0x00,0x00,0x00,0x00,0x00,0x00,0x00,0x00,0x00,0x00,0x00,0x00,0x00,0x00,0x00,0x00,0x01,0x15,0x00,0x00,0x00,0x00,0x0d,0x10,0x63,0x59,0x8a,0x7d,0x8b,0x7d,0x7c,0x7e,0x7a,0x7d,0x7d,0x8b,0xba,0xa6,0x70,0x89,0x8f,0x22,0x11,0x9f,0x89,0x9a,0xc5,0x77,0x6e,0x5f,0x5f,0x61,0x61,0x61,0x61,0x5a,0x5a,0x5a,0x5a,0x55,0x55,0x5a,0x5a,0x62,0x65,0x65,0x3a,0x49,0x42,0x00,0x06,0x00,0x02,0x00,0x15,0x06,0x00,0x00,0x00,0x00,0x00,0x00,0x00,0x00,0x00,0x00,0x00,0x00,0x00,0x00,0x00,0x00,0x00,0x00,0x00,0x00,0x00,0x00,0x00,0x00,0x00,0x00,0x00,0x00,0x00,0x00,0x00,0x00,0x00,0x00,0x00,0x00,0x00,0x00,0x00,0x00,
    0x00,0x00,0x00,0x00,0x00,0x00,0x00,0x00,0x00,0x00,0x00,0x00,0x00,0x00,0x00,0x00,0x00,0x00,0x00,0x00,0x00,0x00,0x00,0x00,0x00,0x00,0x00,0x00,0x00,0x00,0x00,0x00,0x00,0x00,0x00,0x00,0x00,0x00,0x00,0x00,0x00,0x00,0x00,0x00,0x00,0x00,0x06,0x02,0x03,0x00,0x20,0x61,0x61,0x59,0xc3,0x8b,0x80,0x83,0x57,0x58,0x72,0x14,0x72,0x68,0xab,0x14,0x6b,0x58,0x70,0x74,0x6d,0x58,0x74,0x7a,0x7a,0xa6,0x59,0x6e,0x61,0x61,0x61,0x61,0x61,0x63,0x5a,0x5a,0x5a,0x5a,0x5a,0x5a,0x5a,0x5d,0x59,0x5e,0x10,0x0b,0x00,0x15,0x01,0x15,0x15,0x06,0x00,0x00,0x00,0x00,0x00,0x00,0x00,0x00,0x00,0x00,0x00,0x00,0x00,0x00,0x00,0x00,0x00,0x00,0x00,0x00,0x00,0x00,0x00,0x00,0x00,0x00,0x00,0x00,0x00,0x00,0x00,0x00,0x00,0x00,0x00,0x00,0x00,0x00,0x00,0x00,0x00,0x00,
    0x00,0x00,0x00,0x00,0x00,0x00,0x00,0x00,0x00,0x00,0x00,0x00,0x00,0x00,0x00,0x00,0x00,0x00,0x00,0x00,0x00,0x00,0x00,0x00,0x00,0x00,0x00,0x00,0x00,0x00,0x00,0x00,0x00,0x00,0x00,0x00,0x00,0x00,0x00,0x00,0x00,0x00,0x00,0x00,0x00,0x00,0x00,0x00,0x03,0x01,0x0e,0x5e,0x5e,0x8a,0x83,0x7e,0x7e,0x6b,0x54,0x54,0x68,0x1a,0x76,0xb4,0x95,0x6d,0x70,0x68,0x54,0x68,0x70,0x54,0x68,0x70,0x83,0x7a,0xa6,0x5d,0x5f,0x61,0x61,0x61,0x63,0x5a,0x5a,0x5a,0x5a,0x5a,0x5a,0x5a,0x55,0x59,0x5a,0x0a,0x62,0x20,0x07,0x03,0x00,0x00,0x00,0x00,0x00,0x00,0x00,0x00,0x00,0x00,0x00,0x00,0x00,0x00,0x00,0x00,0x00,0x00,0x00,0x00,0x00,0x00,0x00,0x00,0x00,0x00,0x00,0x00,0x00,0x00,0x00,0x00,0x00,0x00,0x00,0x00,0x00,0x00,0x00,0x00,0x00,0x00,0x00,0x00,0x00,0x00,
    0x00,0x00,0x00,0x00,0x00,0x00,0x00,0x00,0x00,0x00,0x00,0x00,0x00,0x00,0x00,0x00,0x00,0x00,0x00,0x00,0x00,0x00,0x00,0x00,0x00,0x00,0x00,0x00,0x00,0x00,0x00,0x00,0x00,0x00,0x00,0x00,0x00,0x00,0x00,0x00,0x00,0x00,0x00,0x00,0x00,0x00,0x00,0x00,0x01,0x00,0x0b,0x59,0x77,0xc5,0x74,0x72,0x54,0x54,0x54,0x54,0x54,0x54,0x6b,0xc0,0xba,0x7a,0x70,0x54,0x54,0x54,0x54,0x54,0x54,0x54,0x68,0x7e,0x7a,0xb9,0x5d,0x61,0x63,0x5a,0x5a,0x5a,0x5a,0x5a,0x5a,0x5a,0x5a,0x5a,0x59,0x59,0x5a,0x0a,0x59,0x1e,0x00,0x03,0x00,0x00,0x00,0x00,0x00,0x00,0x00,0x00,0x00,0x00,0x00,0x00,0x00,0x00,0x00,0x00,0x00,0x00,0x00,0x00,0x00,0x00,0x00,0x00,0x00,0x00,0x00,0x00,0x00,0x00,0x00,0x00,0x00,0x00,0x00,0x00,0x00,0x00,0x00,0x00,0x00,0x00,0x00,0x00,0x00,0x00,
    0x00,0x00,0x00,0x00,0x00,0x00,0x00,0x00,0x00,0x00,0x00,0x00,0x00,0x00,0x00,0x00,0x00,0x00,0x00,0x00,0x00,0x00,0x00,0x00,0x00,0x00,0x00,0x00,0x00,0x00,0x00,0x00,0x00,0x00,0x00,0x00,0x00,0x00,0x00,0x00,0x00,0x00,0x00,0x00,0x00,0x00,0x00,0x00,0x00,0x06,0x01,0x18,0x77,0x95,0x75,0x70,0x54,0x54,0x54,0x54,0x57,0x68,0x6d,0xc0,0xba,0x7a,0x70,0x54,0x54,0x54,0x54,0x54,0x54,0x54,0x74,0x8d,0xc4,0xbe,0x62,0x65,0x59,0x5e,0x5a,0x5a,0x5a,0x5a,0x5a,0x5a,0x63,0x55,0x65,0x65,0x55,0x0a,0x59,0x1e,0x03,0x03,0x00,0x00,0x00,0x00,0x00,0x00,0x00,0x00,0x00,0x00,0x00,0x00,0x00,0x00,0x00,0x00,0x00,0x00,0x00,0x00,0x00,0x00,0x00,0x00,0x00,0x00,0x00,0x00,0x00,0x00,0x00,0x00,0x00,0x00,0x00,0x00,0x00,0x00,0x00,0x00,0x00,0x00,0x00,0x00,0x00,0x00,
    0x00,0x00,0x00,0x00,0x00,0x00,0x00,0x00,0x00,0x00,0x00,0x00,0x00,0x00,0x00,0x00,0x00,0x00,0x00,0x00,0x00,0x00,0x00,0x00,0x00,0x00,0x00,0x00,0x00,0x00,0x00,0x00,0x00,0x00,0x00,0x00,0x00,0x00,0x00,0x00,0x00,0x00,0x00,0x00,0x00,0x00,0x00,0x00,0x00,0x00,0x03,0x00,0x1e,0x9d,0x8b,0x7c,0x7c,0x7e,0x58,0x6b,0x83,0x6b,0x75,0xc0,0xba,0x7a,0x72,0x54,0x54,0x54,0x54,0x54,0x54,0x57,0x58,0xa8,0xb7,0x94,0xb7,0x73,0x5d,0x65,0x5e,0x5a,0x5a,0x63,0x63,0x61,0x61,0x59,0x65,0x65,0x5d,0x59,0x5d,0x1e,0x00,0x03,0x00,0x00,0x00,0x00,0x00,0x00,0x00,0x00,0x00,0x00,0x00,0x00,0x00,0x00,0x00,0x00,0x00,0x00,0x00,0x00,0x00,0x00,0x00,0x00,0x00,0x00,0x00,0x00,0x00,0x00,0x00,0x00,0x00,0x00,0x00,0x00,0x00,0x00,0x00,0x00,0x00,0x00,0x00,0x00,0x00,0x00,
    0x00,0x00,0x00,0x00,0x00,0x00,0x00,0x00,0x00,0x00,0x00,0x00,0x00,0x00,0x00,0x00,0x00,0x00,0x00,0x00,0x00,0x00,0x00,0x00,0x00,0x00,0x00,0x00,0x00,0x00,0x00,0x00,0x00,0x00,0x00,0x00,0x00,0x00,0x00,0x00,0x00,0x00,0x00,0x00,0x00,0x00,0x00,0x00,0x00,0x00,0x15,0x06,0x48,0xa8,0x80,0x83,0x6b,0x58,0x54,0x7e,0x7c,0x7c,0x80,0xa1,0xba,0x7a,0x70,0x54,0x54,0x54,0x57,0x57,0x58,0x7e,0x6b,0x7e,0xa6,0xb8,0xd0,0x63,0x77,0x59,0x55,0x63,0x5a,0x63,0x63,0x5e,0x62,0x65,0x65,0x5d,0x65,0x5d,0x65,0x27,0x18,0x00,0x06,0x00,0x00,0x00,0x00,0x00,0x00,0x00,0x00,0x00,0x00,0x00,0x00,0x00,0x00,0x00,0x00,0x00,0x00,0x00,0x00,0x00,0x00,0x00,0x00,0x00,0x00,0x00,0x00,0x00,0x00,0x00,0x00,0x00,0x00,0x00,0x00,0x00,0x00,0x00,0x00,0x00,0x00,0x00,0x00,0x00,
    0x00,0x00,0x00,0x00,0x00,0x00,0x00,0x00,0x00,0x00,0x00,0x00,0x00,0x00,0x00,0x00,0x00,0x00,0x00,0x00,0x00,0x00,0x00,0x00,0x00,0x00,0x00,0x00,0x00,0x00,0x00,0x00,0x00,0x00,0x00,0x00,0x00,0x00,0x00,0x00,0x00,0x00,0x00,0x00,0x00,0x00,0x00,0x00,0x00,0x00,0x04,0x01,0x30,0x80,0x08,0x70,0x54,0x54,0x54,0x58,0x7c,0x7c,0x8b,0xc6,0xba,0x7d,0x70,0x54,0x54,0x58,0x83,0x83,0x7e,0x7c,0x7c,0x80,0x95,0xca,0x94,0xe2,0x77,0x62,0x59,0x59,0x62,0x5d,0x5d,0x55,0x61,0x55,0x59,0x5e,0x5d,0x65,0x65,0x5e,0x5f,0x0e,0x00,0x03,0x00,0x00,0x00,0x00,0x00,0x00,0x00,0x00,0x00,0x00,0x00,0x00,0x00,0x00,0x00,0x00,0x00,0x00,0x00,0x00,0x00,0x00,0x00,0x00,0x00,0x00,0x00,0x00,0x00,0x00,0x00,0x00,0x00,0x00,0x00,0x00,0x00,0x00,0x00,0x00,0x00,0x00,0x00,0x00,
    0x00,0x00,0x00,0x00,0x00,0x00,0x00,0x00,0x00,0x00,0x00,0x00,0x00,0x00,0x00,0x00,0x00,0x00,0x00,0x00,0x00,0x00,0x00,0x00,0x00,0x00,0x00,0x00,0x00,0x00,0x00,0x00,0x00,0x00,0x00,0x00,0x00,0x00,0x00,0x00,0x00,0x00,0x00,0x00,0x00,0x00,0x00,0x00,0x00,0x00,0x17,0x00,0x4c,0x7d,0x87,0x74,0x57,0x70,0x70,0x83,0x7c,0x7c,0x7d,0x89,0xa9,0x7a,0x72,0x70,0x70,0x68,0x83,0x6b,0x54,0x54,0x70,0x7a,0x95,0xcf,0x94,0xca,0x5e,0x5a,0x55,0x5e,0x65,0x65,0x5e,0x5f,0x63,0x5a,0x5a,0x5a,0x55,0x5e,0x55,0x0a,0x61,0x41,0x03,0x00,0x00,0x00,0x00,0x00,0x00,0x00,0x00,0x00,0x00,0x00,0x00,0x00,0x00,0x00,0x00,0x00,0x00,0x00,0x00,0x00,0x00,0x00,0x00,0x00,0x00,0x00,0x00,0x00,0x00,0x00,0x00,0x00,0x00,0x00,0x00,0x00,0x00,0x00,0x00,0x00,0x00,0x00,0x00,0x00,
    0x00,0x00,0x00,0x00,0x00,0x00,0x00,0x00,0x00,0x00,0x00,0x00,0x00,0x00,0x00,0x00,0x00,0x00,0x00,0x00,0x00,0x00,0x00,0x00,0x00,0x00,0x00,0x00,0x00,0x00,0x00,0x00,0x00,0x00,0x00,0x00,0x00,0x00,0x00,0x00,0x00,0x00,0x00,0x00,0x00,0x00,0x00,0x00,0x00,0x01,0x00,0x0b,0x36,0x8b,0xa8,0x83,0x75,0x7a,0x7d,0x80,0x58,0x57,0x81,0xca,0xab,0x7a,0x71,0x6d,0x75,0x75,0x7e,0x6b,0x70,0x72,0x76,0x7a,0xba,0xcf,0x94,0x94,0xc5,0x5e,0x6e,0x6e,0x55,0x59,0x61,0x61,0x63,0x5a,0x5a,0x5a,0x5a,0x5a,0x5a,0x5a,0x61,0x0a,0x20,0x00,0x03,0x00,0x00,0x00,0x00,0x00,0x00,0x00,0x00,0x00,0x00,0x00,0x00,0x00,0x00,0x00,0x00,0x00,0x00,0x00,0x00,0x00,0x00,0x00,0x00,0x00,0x00,0x00,0x00,0x00,0x00,0x00,0x00,0x00,0x00,0x00,0x00,0x00,0x00,0x00,0x00,0x00,0x00,0x00,
    0x00,0x00,0x00,0x00,0x00,0x00,0x00,0x00,0x00,0x00,0x00,0x00,0x00,0x00,0x00,0x00,0x00,0x00,0x00,0x00,0x00,0x00,0x00,0x00,0x00,0x00,0x00,0x00,0x00,0x00,0x00,0x00,0x00,0x00,0x00,0x00,0x00,0x00,0x00,0x00,0x00,0x00,0x00,0x00,0x00,0x00,0x00,0x00,0x06,0x01,0x0d,0x41,0x8c,0xb9,0x8a,0x8a,0xc5,0xb9,0x95,0x8d,0x75,0x83,0x7a,0xb7,0x8a,0xb5,0xa1,0xa1,0xa1,0x8d,0xb5,0x7d,0x8b,0x7a,0x75,0xc9,0x95,0xcf,0x94,0x97,0xcf,0x59,0x61,0x63,0x63,0x59,0x62,0x63,0x5a,0x5a,0x5a,0x5a,0x5a,0x5a,0x5a,0x5a,0x0a,0x55,0x20,0x00,0x03,0x00,0x00,0x00,0x00,0x00,0x00,0x00,0x00,0x00,0x00,0x00,0x00,0x00,0x00,0x00,0x00,0x00,0x00,0x00,0x00,0x00,0x00,0x00,0x00,0x00,0x00,0x00,0x00,0x00,0x00,0x00,0x00,0x00,0x00,0x00,0x00,0x00,0x00,0x00,0x00,0x00,0x00,0x00,
    0x00,0x00,0x00,0x00,0x00,0x00,0x00,0x00,0x00,0x00,0x00,0x00,0x00,0x00,0x00,0x00,0x00,0x00,0x00,0x00,0x00,0x00,0x00,0x00,0x00,0x00,0x00,0x00,0x00,0x00,0x00,0x00,0x00,0x00,0x00,0x00,0x00,0x00,0x00,0x00,0x00,0x00,0x00,0x00,0x00,0x00,0x00,0x00,0x03,0x00,0x0e,0x5a,0x0a,0x59,0x5f,0x61,0x63,0x5a,0x73,0x8c,0xaf,0x8a,0xaf,0x5f,0x62,0x8c,0x5f,0x6e,0x6e,0x8c,0x8a,0x95,0xb2,0x95,0xab,0xb9,0x55,0x8a,0xd0,0xb8,0x97,0xb9,0x65,0x63,0x55,0x5a,0x59,0x59,0x5a,0x5a,0x63,0x63,0x5a,0x5a,0x5a,0x5a,0x0a,0x5a,0x1e,0x00,0x03,0x00,0x00,0x00,0x00,0x00,0x00,0x00,0x00,0x00,0x00,0x00,0x00,0x00,0x00,0x00,0x00,0x00,0x00,0x00,0x00,0x00,0x00,0x00,0x00,0x00,0x00,0x00,0x00,0x00,0x00,0x00,0x00,0x00,0x00,0x00,0x00,0x00,0x00,0x00,0x00,0x00,0x00,0x00,
    0x00,0x00,0x00,0x00,0x00,0x00,0x00,0x00,0x00,0x00,0x00,0x00,0x00,0x00,0x00,0x00,0x00,0x00,0x00,0x00,0x00,0x00,0x00,0x00,0x00,0x00,0x00,0x00,0x00,0x00,0x00,0x00,0x00,0x00,0x00,0x00,0x00,0x00,0x00,0x00,0x00,0x00,0x00,0x00,0x00,0x00,0x00,0x00,0x03,0x00,0x0e,0x63,0x0a,0x5e,0x5f,0x6e,0x5f,0x63,0x65,0x63,0x63,0x5a,0x59,0x5d,0x59,0x73,0x5f,0x6e,0x6e,0x5f,0x5a,0x65,0x65,0x77,0x77,0x5d,0x62,0x77,0xcf,0xb1,0xbe,0xb8,0x33,0x5e,0x5f,0x5f,0x5f,0x55,0x59,0x62,0x55,0x61,0x61,0x61,0x61,0x63,0x0a,0x5a,0x1e,0x00,0x03,0x00,0x00,0x00,0x00,0x00,0x00,0x00,0x00,0x00,0x00,0x00,0x00,0x00,0x00,0x00,0x00,0x00,0x00,0x00,0x00,0x00,0x00,0x00,0x00,0x00,0x00,0x00,0x00,0x00,0x00,0x00,0x00,0x00,0x00,0x00,0x00,0x00,0x00,0x00,0x00,0x00,0x00,0x00,
    0x00,0x00,0x00,0x00,0x00,0x00,0x00,0x00,0x00,0x00,0x00,0x00,0x00,0x00,0x00,0x00,0x00,0x00,0x00,0x00,0x00,0x00,0x00,0x00,0x00,0x00,0x00,0x00,0x00,0x00,0x00,0x00,0x00,0x00,0x00,0x00,0x00,0x00,0x00,0x00,0x00,0x00,0x00,0x00,0x00,0x00,0x00,0x00,0x03,0x00,0x0e,0x5a,0x98,0x98,0x6e,0x63,0x6e,0x98,0x98,0x6e,0x6e,0x63,0x59,0x59,0x55,0x8c,0x5a,0x59,0x62,0x63,0x32,0x61,0x62,0x63,0x55,0x55,0x5a,0x59,0xe3,0xb1,0xb8,0xb1,0xca,0x5a,0x5f,0x6e,0x8c,0x6e,0x55,0x5d,0x62,0x63,0x61,0x5f,0x5f,0x5f,0x5f,0x5a,0x18,0x00,0x03,0x00,0x00,0x00,0x00,0x00,0x00,0x00,0x00,0x00,0x00,0x00,0x00,0x00,0x00,0x00,0x00,0x00,0x00,0x00,0x00,0x00,0x00,0x00,0x00,0x00,0x00,0x00,0x00,0x00,0x00,0x00,0x00,0x00,0x00,0x00,0x00,0x00,0x00,0x00,0x00,0x00,0x00,0x00,
    0x00,0x00,0x00,0x00,0x00,0x00,0x00,0x00,0x00,0x00,0x00,0x00,0x00,0x00,0x00,0x00,0x00,0x00,0x00,0x00,0x00,0x00,0x00,0x00,0x00,0x00,0x00,0x00,0x00,0x00,0x00,0x00,0x00,0x00,0x00,0x00,0x00,0x00,0x00,0x00,0x00,0x00,0x00,0x00,0x00,0x00,0x00,0x00,0x03,0x00,0x0e,0x5e,0x5d,0x98,0xc8,0xc1,0xc1,0x32,0xcd,0x5a,0x6e,0x61,0x5e,0x59,0x5e,0x6e,0xe9,0x98,0xe8,0xe8,0x98,0x5a,0x59,0x63,0x5e,0x65,0x62,0x55,0xca,0x94,0x97,0x97,0xbc,0xa9,0x59,0x6e,0x8c,0x5f,0x61,0x5e,0x62,0x5a,0x61,0x5f,0x5f,0x5f,0x61,0x5e,0x20,0x00,0x03,0x00,0x00,0x00,0x00,0x00,0x00,0x00,0x00,0x00,0x00,0x00,0x00,0x00,0x00,0x00,0x00,0x00,0x00,0x00,0x00,0x00,0x00,0x00,0x00,0x00,0x00,0x00,0x00,0x00,0x00,0x00,0x00,0x00,0x00,0x00,0x00,0x00,0x00,0x00,0x00,0x00,0x00,0x00,
    0x00,0x00,0x00,0x00,0x00,0x00,0x00,0x00,0x00,0x00,0x00,0x00,0x00,0x00,0x00,0x00,0x00,0x00,0x00,0x00,0x00,0x00,0x00,0x00,0x00,0x00,0x00,0x00,0x00,0x00,0x00,0x00,0x00,0x00,0x00,0x00,0x00,0x00,0x00,0x00,0x00,0x00,0x00,0x00,0x00,0x00,0x00,0x00,0x03,0x00,0x0e,0x73,0x32,0xe9,0x59,0x77,0x98,0xb3,0x62,0x55,0x5f,0x61,0x61,0x5e,0x62,0xcd,0xb3,0x98,0xb3,0xe8,0x65,0x77,0x65,0x65,0x65,0x59,0x59,0x8a,0xb1,0xb1,0x97,0x97,0xb1,0xbc,0xb0,0x5a,0x5f,0x61,0x63,0x5a,0x5e,0x59,0x5e,0x5a,0x55,0x5e,0x5e,0x35,0x03,0x01,0x00,0x00,0x00,0x00,0x00,0x00,0x00,0x00,0x00,0x00,0x00,0x00,0x00,0x00,0x00,0x00,0x00,0x00,0x00,0x00,0x00,0x00,0x00,0x00,0x00,0x00,0x00,0x00,0x00,0x00,0x00,0x00,0x00,0x00,0x00,0x00,0x00,0x00,0x00,0x00,0x00,0x00,0x00,0x00,
    0x00,0x00,0x00,0x00,0x00,0x00,0x00,0x00,0x00,0x00,0x00,0x00,0x00,0x00,0x00,0x00,0x00,0x00,0x00,0x00,0x00,0x00,0x00,0x00,0x00,0x00,0x00,0x00,0x00,0x00,0x00,0x00,0x00,0x00,0x00,0x00,0x00,0x00,0x00,0x00,0x00,0x00,0x00,0x00,0x00,0x00,0x00,0x00,0x03,0x00,0x0e,0x65,0x27,0xe8,0x98,0x32,0xe8,0xc1,0x32,0x55,0x61,0x61,0x5a,0x62,0x59,0x98,0x98,0x73,0x5d,0xb3,0xe9,0x77,0x5e,0x62,0x62,0x63,0x5d,0xc5,0xb1,0xb8,0xb8,0xb8,0xbe,0xb1,0x97,0x8c,0x59,0x5f,0x5f,0x61,0x5f,0x63,0x5d,0x5d,0x59,0x5d,0x41,0x46,0x01,0x06,0x00,0x00,0x00,0x00,0x00,0x00,0x00,0x00,0x00,0x00,0x00,0x00,0x00,0x00,0x00,0x00,0x00,0x00,0x00,0x00,0x00,0x00,0x00,0x00,0x00,0x00,0x00,0x00,0x00,0x00,0x00,0x00,0x00,0x00,0x00,0x00,0x00,0x00,0x00,0x00,0x00,0x00,0x00,0x00,
    0x00,0x00,0x00,0x00,0x00,0x00,0x00,0x00,0x00,0x00,0x00,0x00,0x00,0x00,0x00,0x00,0x00,0x00,0x00,0x00,0x00,0x00,0x00,0x00,0x00,0x00,0x00,0x00,0x00,0x00,0x00,0x00,0x00,0x00,0x00,0x00,0x00,0x00,0x00,0x00,0x00,0x00,0x00,0x00,0x00,0x00,0x00,0x00,0x03,0x03,0x18,0x62,0x6e,0xb3,0xb3,0xc1,0xb3,0x59,0x59,0x5a,0x5a,0x5a,0x5e,0x59,0x59,0x77,0xb3,0xc1,0xc1,0xcd,0x65,0x59,0x5a,0x5a,0x5a,0x63,0x5d,0xc5,0x97,0xbe,0xbe,0xb8,0xb8,0xb1,0xb7,0x65,0x5d,0x59,0x61,0x6e,0x6e,0x8c,0x5f,0x5d,0x27,0x35,0x46,0x00,0x06,0x00,0x00,0x00,0x00,0x00,0x00,0x00,0x00,0x00,0x00,0x00,0x00,0x00,0x00,0x00,0x00,0x00,0x00,0x00,0x00,0x00,0x00,0x00,0x00,0x00,0x00,0x00,0x00,0x00,0x00,0x00,0x00,0x00,0x00,0x00,0x00,0x00,0x00,0x00,0x00,0x00,0x00,0x00,0x00,0x00,
    0x00,0x00,0x00,0x00,0x00,0x00,0x00,0x00,0x00,0x00,0x00,0x00,0x00,0x00,0x00,0x00,0x00,0x00,0x00,0x00,0x00,0x00,0x00,0x00,0x00,0x00,0x00,0x00,0x00,0x00,0x00,0x00,0x00,0x00,0x00,0x00,0x00,0x00,0x00,0x00,0x00,0x00,0x00,0x00,0x00,0x00,0x00,0x00,0x06,0x00,0x35,0x5e,0x32,0x5f,0x65,0x59,0x98,0x98,0x5d,0x55,0x5e,0x5e,0x59,0x5d,0x65,0x98,0x98,0x61,0x98,0xe9,0x61,0x5e,0x63,0x5a,0x55,0x63,0x5d,0xc5,0x97,0xbe,0xbe,0x97,0xb1,0xb7,0x65,0x59,0x5d,0x5d,0x59,0x63,0x8c,0x8c,0x5f,0x5e,0x10,0x03,0x00,0x06,0x00,0x00,0x00,0x00,0x00,0x00,0x00,0x00,0x00,0x00,0x00,0x00,0x00,0x00,0x00,0x00,0x00,0x00,0x00,0x00,0x00,0x00,0x00,0x00,0x00,0x00,0x00,0x00,0x00,0x00,0x00,0x00,0x00,0x00,0x00,0x00,0x00,0x00,0x00,0x00,0x00,0x00,0x00,0x00,0x00,0x00,
    0x00,0x00,0x00,0x00,0x00,0x00,0x00,0x00,0x00,0x00,0x00,0x00,0x00,0x00,0x00,0x00,0x00,0x00,0x00,0x00,0x00,0x00,0x00,0x00,0x00,0x00,0x00,0x00,0x00,0x00,0x00,0x00,0x00,0x00,0x00,0x00,0x00,0x00,0x00,0x00,0x00,0x00,0x00,0x00,0x00,0x00,0x00,0x06,0x03,0x0e,0x27,0x59,0x5d,0x5d,0x5e,0x62,0x65,0x59,0x59,0x5e,0x5a,0x62,0x65,0x65,0x5d,0x59,0x77,0x65,0x73,0x5f,0x6e,0x5a,0x5f,0x61,0x61,0x5f,0x55,0x8a,0xca,0xb8,0xd0,0xb0,0x33,0x5d,0x63,0x55,0x5d,0x5d,0x65,0x27,0x55,0x63,0x55,0x62,0x0e,0x00,0x03,0x00,0x00,0x00,0x00,0x00,0x00,0x00,0x00,0x00,0x00,0x00,0x00,0x00,0x00,0x00,0x00,0x00,0x00,0x00,0x00,0x00,0x00,0x00,0x00,0x00,0x00,0x00,0x00,0x00,0x00,0x00,0x00,0x00,0x00,0x00,0x00,0x00,0x00,0x00,0x00,0x00,0x00,0x00,0x00,0x00,0x00,0x00,
    0x00,0x00,0x00,0x00,0x00,0x00,0x00,0x00,0x00,0x00,0x00,0x00,0x00,0x00,0x00,0x00,0x00,0x00,0x00,0x00,0x00,0x00,0x00,0x00,0x00,0x00,0x00,0x00,0x00,0x00,0x00,0x00,0x00,0x00,0x00,0x00,0x00,0x00,0x00,0x00,0x00,0x00,0x00,0x00,0x00,0x00,0x03,0x01,0x18,0x6e,0x8a,0x8c,0x6e,0x6e,0x5f,0x5f,0x5f,0x5f,0x6e,0x5a,0x5e,0x59,0x65,0x62,0x62,0x5e,0x55,0x5e,0x5e,0x5e,0x5e,0x63,0x61,0x61,0x5f,0x6e,0x6e,0x0a,0x1e,0x50,0x33,0x27,0x27,0x10,0x10,0x10,0x10,0x18,0x20,0x0d,0x1e,0x10,0x10,0x0e,0x00,0x03,0x00,0x00,0x00,0x00,0x00,0x00,0x00,0x00,0x00,0x00,0x00,0x00,0x00,0x00,0x00,0x00,0x00,0x00,0x00,0x00,0x00,0x00,0x00,0x00,0x00,0x00,0x00,0x00,0x00,0x00,0x00,0x00,0x00,0x00,0x00,0x00,0x00,0x00,0x00,0x00,0x00,0x00,0x00,0x00,0x00,0x00,0x00,0x00,
    0x00,0x00,0x00,0x00,0x00,0x00,0x00,0x00,0x00,0x00,0x00,0x00,0x00,0x00,0x00,0x00,0x00,0x00,0x00,0x00,0x00,0x00,0x00,0x00,0x00,0x00,0x00,0x00,0x00,0x00,0x00,0x00,0x00,0x00,0x00,0x00,0x00,0x00,0x00,0x00,0x00,0x00,0x00,0x00,0x00,0x01,0x00,0x0b,0x10,0x5f,0x6e,0x6e,0x6e,0x5f,0x61,0x61,0x5f,0x5f,0x5f,0x5a,0x55,0x59,0x5f,0x8c,0x8c,0x8c,0x8c,0x8c,0x6e,0x6e,0x5f,0x5e,0x5e,0x63,0x5a,0x63,0x61,0x10,0x00,0x00,0x0b,0x0b,0x0b,0x0b,0x0b,0x0b,0x0b,0x00,0x00,0x00,0x00,0x0b,0x0b,0x00,0x06,0x00,0x00,0x00,0x00,0x00,0x00,0x00,0x00,0x00,0x00,0x00,0x00,0x00,0x00,0x00,0x00,0x00,0x00,0x00,0x00,0x00,0x00,0x00,0x00,0x00,0x00,0x00,0x00,0x00,0x00,0x00,0x00,0x00,0x00,0x00,0x00,0x00,0x00,0x00,0x00,0x00,0x00,0x00,0x00,0x00,0x00,0x00,0x00,0x00,
    0x00,0x00,0x00,0x00,0x00,0x00,0x00,0x00,0x00,0x00,0x00,0x00,0x00,0x00,0x00,0x00,0x00,0x00,0x00,0x00,0x00,0x00,0x00,0x00,0x00,0x00,0x00,0x00,0x00,0x00,0x00,0x00,0x00,0x00,0x00,0x00,0x00,0x00,0x00,0x00,0x00,0x00,0x00,0x00,0x00,0x03,0x00,0x0e,0x5a,0x5f,0x63,0x63,0x61,0x5f,0x6e,0x6e,0x5f,0x61,0x63,0x59,0x63,0x5a,0x6e,0x5f,0x5f,0x6e,0x6e,0x6e,0x5f,0x63,0x55,0x5e,0x62,0x5a,0x55,0x5a,0x63,0x10,0x0b,0x05,0x00,0x00,0x00,0x00,0x00,0x00,0x00,0x03,0x03,0x06,0x06,0x00,0x00,0x06,0x00,0x00,0x00,0x00,0x00,0x00,0x00,0x00,0x00,0x00,0x00,0x00,0x00,0x00,0x00,0x00,0x00,0x00,0x00,0x00,0x00,0x00,0x00,0x00,0x00,0x00,0x00,0x00,0x00,0x00,0x00,0x00,0x00,0x00,0x00,0x00,0x00,0x00,0x00,0x00,0x00,0x00,0x00,0x00,0x00,0x00,0x00,0x00,0x00,0x00,
    0x00,0x00,0x00,0x00,0x00,0x00,0x00,0x00,0x00,0x00,0x00,0x00,0x00,0x00,0x00,0x00,0x00,0x00,0x00,0x00,0x00,0x00,0x00,0x00,0x00,0x00,0x00,0x00,0x00,0x00,0x00,0x00,0x00,0x00,0x00,0x00,0x00,0x00,0x00,0x00,0x00,0x00,0x00,0x00,0x00,0x03,0x00,0x0e,0x62,0x5f,0x61,0x5f,0x5f,0x5f,0x5f,0x5f,0x61,0x61,0x5f,0x61,0x5d,0x61,0x6e,0x5f,0x61,0x61,0x61,0x61,0x61,0x63,0x5a,0x63,0x59,0x5a,0x61,0x62,0x62,0x27,0x20,0x00,0x03,0x01,0x01,0x01,0x01,0x01,0x01,0x00,0x00,0x00,0x00,0x01,0x01,0x00,0x00,0x00,0x00,0x00,0x00,0x00,0x00,0x00,0x00,0x00,0x00,0x00,0x00,0x00,0x00,0x00,0x00,0x00,0x00,0x00,0x00,0x00,0x00,0x00,0x00,0x00,0x00,0x00,0x00,0x00,0x00,0x00,0x00,0x00,0x00,0x00,0x00,0x00,0x00,0x00,0x00,0x00,0x00,0x00,0x00,0x00,0x00,0x00,0x00,0x00,
    0x00,0x00,0x00,0x00,0x00,0x00,0x00,0x00,0x00,0x00,0x00,0x00,0x00,0x00,0x00,0x00,0x00,0x00,0x00,0x00,0x00,0x00,0x00,0x00,0x00,0x00,0x00,0x00,0x00,0x00,0x00,0x00,0x00,0x00,0x00,0x00,0x00,0x00,0x00,0x00,0x00,0x00,0x00,0x00,0x00,0x03,0x00,0x0e,0x62,0x0a,0x5a,0x5a,0x5a,0x55,0x5e,0x62,0x5e,0x5e,0x5e,0x62,0x5d,0x59,0x5a,0x61,0x5f,0x5f,0x5f,0x5f,0x5f,0x5f,0x61,0x61,0x62,0x59,0x62,0x59,0x5e,0x10,0x46,0x00,0x01,0x00,0x00,0x00,0x00,0x00,0x00,0x00,0x00,0x00,0x00,0x00,0x00,0x00,0x00,0x00,0x00,0x00,0x00,0x00,0x00,0x00,0x00,0x00,0x00,0x00,0x00,0x00,0x00,0x00,0x00,0x00,0x00,0x00,0x00,0x00,0x00,0x00,0x00,0x00,0x00,0x00,0x00,0x00,0x00,0x00,0x00,0x00,0x00,0x00,0x00,0x00,0x00,0x00,0x00,0x00,0x00,0x00,0x00,0x00,0x00,0x00,0x00,0x00,
    0x00,0x00,0x00,0x00,0x00,0x00,0x00,0x00,0x00,0x00,0x00,0x00,0x00,0x00,0x00,0x00,0x00,0x00,0x00,0x00,0x00,0x00,0x00,0x00,0x00,0x00,0x00,0x00,0x00,0x00,0x00,0x00,0x00,0x00,0x00,0x00,0x00,0x00,0x00,0x00,0x00,0x00,0x00,0x00,0x00,0x03,0x00,0x0e,0x61,0x6e,0x5f,0x5a,0x62,0x59,0x59,0x59,0x59,0x62,0x62,0x62,0x5d,0x5e,0x5e,0x5e,0x55,0x5a,0x5e,0x5e,0x5e,0x5e,0x59,0x59,0x62,0x0a,0x0a,0x0a,0x63,0x62,0x0b,0x00,0x01,0x00,0x00,0x00,0x00,0x00,0x00,0x00,0x00,0x00,0x00,0x00,0x00,0x00,0x00,0x00,0x00,0x00,0x00,0x00,0x00,0x00,0x00,0x00,0x00,0x00,0x00,0x00,0x00,0x00,0x00,0x00,0x00,0x00,0x00,0x00,0x00,0x00,0x00,0x00,0x00,0x00,0x00,0x00,0x00,0x00,0x00,0x00,0x00,0x00,0x00,0x00,0x00,0x00,0x00,0x00,0x00,0x00,0x00,0x00,0x00,0x00,0x00,0x00,
    0x00,0x00,0x00,0x00,0x00,0x00,0x00,0x00,0x00,0x00,0x00,0x00,0x00,0x00,0x00,0x00,0x00,0x00,0x00,0x00,0x00,0x00,0x00,0x00,0x00,0x00,0x00,0x00,0x00,0x00,0x00,0x00,0x00,0x00,0x00,0x00,0x00,0x00,0x00,0x00,0x00,0x00,0x00,0x00,0x00,0x03,0x00,0x20,0x62,0x5e,0x5a,0x5a,0x63,0x61,0x61,0x61,0x63,0x63,0x55,0x5d,0x65,0x55,0x63,0x63,0x63,0x0a,0x0a,0x0a,0x0a,0x0a,0x5a,0x61,0x6e,0x61,0x61,0x5f,0x5e,0x1e,0x1f,0x01,0x01,0x00,0x00,0x00,0x00,0x00,0x00,0x00,0x00,0x00,0x00,0x00,0x00,0x00,0x00,0x00,0x00,0x00,0x00,0x00,0x00,0x00,0x00,0x00,0x00,0x00,0x00,0x00,0x00,0x00,0x00,0x00,0x00,0x00,0x00,0x00,0x00,0x00,0x00,0x00,0x00,0x00,0x00,0x00,0x00,0x00,0x00,0x00,0x00,0x00,0x00,0x00,0x00,0x00,0x00,0x00,0x00,0x00,0x00,0x00,0x00,0x00,0x00,0x00,
    0x00,0x00,0x00,0x00,0x00,0x00,0x00,0x00,0x00,0x00,0x00,0x00,0x00,0x00,0x00,0x00,0x00,0x00,0x00,0x00,0x00,0x00,0x00,0x00,0x00,0x00,0x00,0x00,0x00,0x00,0x00,0x00,0x00,0x00,0x00,0x00,0x00,0x00,0x00,0x00,0x00,0x00,0x00,0x00,0x00,0x00,0x01,0x00,0x18,0x35,0x41,0x5d,0x62,0x61,0x6e,0x6e,0x5a,0x59,0x35,0x1e,0x20,0x35,0x59,0x62,0x63,0x5e,0x5e,0x5e,0x55,0x5e,0x5f,0x5f,0x10,0x18,0x1e,0x18,0x20,0x00,0x00,0x00,0x00,0x00,0x00,0x00,0x00,0x00,0x00,0x00,0x00,0x00,0x00,0x00,0x00,0x00,0x00,0x00,0x00,0x00,0x00,0x00,0x00,0x00,0x00,0x00,0x00,0x00,0x00,0x00,0x00,0x00,0x00,0x00,0x00,0x00,0x00,0x00,0x00,0x00,0x00,0x00,0x00,0x00,0x00,0x00,0x00,0x00,0x00,0x00,0x00,0x00,0x00,0x00,0x00,0x00,0x00,0x00,0x00,0x00,0x00,0x00,0x00,0x00,0x00,0x00,
    0x00,0x00,0x00,0x00,0x00,0x00,0x00,0x00,0x00,0x00,0x00,0x00,0x00,0x00,0x00,0x00,0x00,0x00,0x00,0x00,0x00,0x00,0x00,0x00,0x00,0x00,0x00,0x00,0x00,0x00,0x00,0x00,0x00,0x00,0x00,0x00,0x00,0x00,0x00,0x00,0x00,0x00,0x00,0x00,0x00,0x00,0x00,0x00,0x00,0x00,0x03,0x0d,0x0d,0x0d,0x0d,0x0d,0x0d,0x0d,0x00,0x00,0x00,0x0b,0x0d,0x0d,0x0e,0x18,0x18,0x18,0x18,0x0e,0x0d,0x0d,0x46,0x00,0x00,0x00,0x00,0x06,0x00,0x00,0x00,0x00,0x00,0x00,0x00,0x00,0x00,0x00,0x00,0x00,0x00,0x00,0x00,0x00,0x00,0x00,0x00,0x00,0x00,0x00,0x00,0x00,0x00,0x00,0x00,0x00,0x00,0x00,0x00,0x00,0x00,0x00,0x00,0x00,0x00,0x00,0x00,0x00,0x00,0x00,0x00,0x00,0x00,0x00,0x00,0x00,0x00,0x00,0x00,0x00,0x00,0x00,0x00,0x00,0x00,0x00,0x00,0x00,0x00,0x00,0x00,0x00,0x00,0x00,
    0x00,0x00,0x00,0x00,0x00,0x00,0x00,0x00,0x00,0x00,0x00,0x00,0x00,0x00,0x00,0x00,0x00,0x00,0x00,0x00,0x00,0x00,0x00,0x00,0x00,0x00,0x00,0x00,0x00,0x00,0x00,0x00,0x00,0x00,0x00,0x00,0x00,0x00,0x00,0x00,0x00,0x00,0x00,0x00,0x00,0x00,0x00,0x00,0x03,0x03,0x00,0x00,0x00,0x00,0x00,0x00,0x00,0x00,0x01,0x03,0x03,0x00,0x00,0x00,0x00,0x00,0x00,0x00,0x00,0x00,0x00,0x00,0x00,0x03,0x03,0x03,0x03,0x00,0x00,0x00,0x00,0x00,0x00,0x00,0x00,0x00,0x00,0x00,0x00,0x00,0x00,0x00,0x00,0x00,0x00,0x00,0x00,0x00,0x00,0x00,0x00,0x00,0x00,0x00,0x00,0x00,0x00,0x00,0x00,0x00,0x00,0x00,0x00,0x00,0x00,0x00,0x00,0x00,0x00,0x00,0x00,0x00,0x00,0x00,0x00,0x00,0x00,0x00,0x00,0x00,0x00,0x00,0x00,0x00,0x00,0x00,0x00,0x00,0x00,0x00,0x00,0x00,0x00,0x00,
    0x00,0x00,0x00,0x00,0x00,0x00,0x00,0x00,0x00,0x00,0x00,0x00,0x00,0x00,0x00,0x00,0x00,0x00,0x00,0x00,0x00,0x00,0x00,0x00,0x00,0x00,0x00,0x00,0x00,0x00,0x00,0x00,0x00,0x00,0x00,0x00,0x00,0x00,0x00,0x00,0x00,0x00,0x00,0x00,0x00,0x00,0x00,0x00,0x00,0x00,0x01,0x06,0x06,0x06,0x06,0x06,0x06,0x06,0x00,0x00,0x00,0x01,0x06,0x06,0x03,0x03,0x03,0x03,0x03,0x03,0x06,0x06,0x01,0x00,0x00,0x00,0x00,0x00,0x00,0x00,0x00,0x00,0x00,0x00,0x00,0x00,0x00,0x00,0x00,0x00,0x00,0x00,0x00,0x00,0x00,0x00,0x00,0x00,0x00,0x00,0x00,0x00,0x00,0x00,0x00,0x00,0x00,0x00,0x00,0x00,0x00,0x00,0x00,0x00,0x00,0x00,0x00,0x00,0x00,0x00,0x00,0x00,0x00,0x00,0x00,0x00,0x00,0x00,0x00,0x00,0x00,0x00,0x00,0x00,0x00,0x00,0x00,0x00,0x00,0x00,0x00,0x00,0x00,0x00,
    0x00,0x00,0x00,0x00,0x00,0x00,0x00,0x00,0x00,0x00,0x00,0x00,0x00,0x00,0x00,0x00,0x00,0x00,0x00,0x00,0x00,0x00,0x00,0x00,0x00,0x00,0x00,0x00,0x00,0x00,0x00,0x00,0x00,0x00,0x00,0x00,0x00,0x00,0x00,0x00,0x00,0x00,0x00,0x00,0x00,0x00,0x00,0x00,0x00,0x00,0x00,0x00,0x00,0x00,0x00,0x00,0x00,0x00,0x00,0x00,0x00,0x00,0x00,0x00,0x00,0x00,0x00,0x00,0x00,0x00,0x00,0x00,0x00,0x00,0x00,0x00,0x00,0x00,0x00,0x00,0x00,0x00,0x00,0x00,0x00,0x00,0x00,0x00,0x00,0x00,0x00,0x00,0x00,0x00,0x00,0x00,0x00,0x00,0x00,0x00,0x00,0x00,0x00,0x00,0x00,0x00,0x00,0x00,0x00,0x00,0x00,0x00,0x00,0x00,0x00,0x00,0x00,0x00,0x00,0x00,0x00,0x00,0x00,0x00,0x00,0x00,0x00,0x00,0x00,0x00,0x00,0x00,0x00,0x00,0x00,0x00,0x00,0x00,0x00,0x00,0x00,0x00,0x00,0x00,
    0x00,0x00,0x00,0x00,0x00,0x00,0x00,0x00,0x00,0x00,0x00,0x00,0x00,0x00,0x00,0x00,0x00,0x00,0x00,0x00,0x00,0x00,0x00,0x00,0x00,0x00,0x00,0x00,0x00,0x00,0x00,0x00,0x00,0x00,0x00,0x00,0x00,0x00,0x00,0x00,0x00,0x00,0x00,0x00,0x00,0x00,0x00,0x00,0x00,0x00,0x00,0x00,0x00,0x00,0x00,0x00,0x00,0x00,0x00,0x00,0x00,0x00,0x00,0x00,0x00,0x00,0x00,0x00,0x00,0x00,0x00,0x00,0x00,0x00,0x00,0x00,0x00,0x00,0x00,0x00,0x00,0x00,0x00,0x00,0x00,0x00,0x00,0x00,0x00,0x00,0x00,0x00,0x00,0x00,0x00,0x00,0x00,0x00,0x00,0x00,0x00,0x00,0x00,0x00,0x00,0x00,0x00,0x00,0x00,0x00,0x00,0x00,0x00,0x00,0x00,0x00,0x00,0x00,0x00,0x00,0x00,0x00,0x00,0x00,0x00,0x00,0x00,0x00,0x00,0x00,0x00,0x00,0x00,0x00,0x00,0x00,0x00,0x00,0x00,0x00,0x00,0x00,0x00,0x00,
    0x00,0x00,0x00,0x00,0x00,0x00,0x00,0x00,0x00,0x00,0x00,0x00,0x00,0x00,0x00,0x00,0x00,0x00,0x00,0x00,0x00,0x00,0x00,0x00,0x00,0x00,0x00,0x00,0x00,0x00,0x00,0x00,0x00,0x00,0x00,0x00,0x00,0x00,0x00,0x00,0x00,0x00,0x00,0x00,0x00,0x00,0x00,0x00,0x00,0x00,0x00,0x00,0x00,0x00,0x00,0x00,0x00,0x00,0x00,0x00,0x00,0x00,0x00,0x00,0x00,0x00,0x00,0x00,0x00,0x00,0x00,0x00,0x00,0x00,0x00,0x00,0x00,0x00,0x00,0x00,0x00,0x00,0x00,0x00,0x00,0x00,0x00,0x00,0x00,0x00,0x00,0x00,0x00,0x00,0x00,0x00,0x00,0x00,0x00,0x00,0x00,0x00,0x00,0x00,0x00,0x00,0x00,0x00,0x00,0x00,0x00,0x00,0x00,0x00,0x00,0x00,0x00,0x00,0x00,0x00,0x00,0x00,0x00,0x00,0x00,0x00,0x00,0x00,0x00,0x00,0x00,0x00,0x00,0x00,0x00,0x00,0x00,0x00,0x00,0x00,0x00,0x00,0x00,0x00,
    0x00,0x00,0x00,0x00,0x00,0x00,0x00,0x00,0x00,0x00,0x00,0x00,0x00,0x00,0x00,0x00,0x00,0x00,0x00,0x00,0x00,0x00,0x00,0x00,0x00,0x00,0x00,0x00,0x00,0x00,0x00,0x00,0x00,0x00,0x00,0x00,0x00,0x00,0x00,0x00,0x00,0x00,0x00,0x00,0x00,0x00,0x00,0x00,0x00,0x00,0x00,0x00,0x00,0x00,0x00,0x00,0x00,0x00,0x00,0x00,0x00,0x00,0x00,0x00,0x00,0x00,0x00,0x00,0x00,0x00,0x00,0x00,0x00,0x00,0x00,0x00,0x00,0x00,0x00,0x00,0x00,0x00,0x00,0x00,0x00,0x00,0x00,0x00,0x00,0x00,0x00,0x00,0x00,0x00,0x00,0x00,0x00,0x00,0x00,0x00,0x00,0x00,0x00,0x00,0x00,0x00,0x00,0x00,0x00,0x00,0x00,0x00,0x00,0x00,0x00,0x00,0x00,0x00,0x00,0x00,0x00,0x00,0x00,0x00,0x00,0x00,0x00,0x00,0x00,0x00,0x00,0x00,0x00,0x00,0x00,0x00,0x00,0x00,0x00,0x00,0x00,0x00,0x00,0x00,
    0x00,0x00,0x00,0x00,0x00,0x00,0x00,0x00,0x00,0x00,0x00,0x00,0x00,0x00,0x00,0x00,0x00,0x00,0x00,0x00,0x00,0x00,0x00,0x00,0x00,0x00,0x00,0x00,0x00,0x00,0x00,0x00,0x00,0x00,0x00,0x00,0x00,0x00,0x00,0x00,0x00,0x00,0x00,0x00,0x00,0x00,0x00,0x00,0x00,0x00,0x00,0x00,0x00,0x00,0x00,0x00,0x00,0x00,0x00,0x00,0x00,0x00,0x00,0x00,0x00,0x00,0x00,0x00,0x00,0x00,0x00,0x00,0x00,0x00,0x00,0x00,0x00,0x00,0x00,0x00,0x00,0x00,0x00,0x00,0x00,0x00,0x00,0x00,0x00,0x00,0x00,0x00,0x00,0x00,0x00,0x00,0x00,0x00,0x00,0x00,0x00,0x00,0x00,0x00,0x00,0x00,0x00,0x00,0x00,0x00,0x00,0x00,0x00,0x00,0x00,0x00,0x00,0x00,0x00,0x00,0x00,0x00,0x00,0x00,0x00,0x00,0x00,0x00,0x00,0x00,0x00,0x00,0x00,0x00,0x00,0x00,0x00,0x00,0x00,0x00,0x00,0x00,0x00,0x00,
    0x00,0x00,0x00,0x00,0x00,0x00,0x00,0x00,0x00,0x00,0x00,0x00,0x00,0x00,0x00,0x00,0x00,0x00,0x00,0x00,0x00,0x00,0x00,0x00,0x00,0x00,0x00,0x00,0x00,0x00,0x00,0x00,0x00,0x00,0x00,0x00,0x00,0x00,0x00,0x00,0x00,0x00,0x00,0x00,0x00,0x00,0x00,0x00,0x00,0x00,0x00,0x00,0x00,0x00,0x00,0x00,0x00,0x00,0x00,0x00,0x00,0x00,0x00,0x00,0x00,0x00,0x00,0x00,0x00,0x00,0x00,0x00,0x00,0x00,0x00,0x00,0x00,0x00,0x00,0x00,0x00,0x00,0x00,0x00,0x00,0x00,0x00,0x00,0x00,0x00,0x00,0x00,0x00,0x00,0x00,0x00,0x00,0x00,0x00,0x00,0x00,0x00,0x00,0x00,0x00,0x00,0x00,0x00,0x00,0x00,0x00,0x00,0x00,0x00,0x00,0x00,0x00,0x00,0x00,0x00,0x00,0x00,0x00,0x00,0x00,0x00,0x00,0x00,0x00,0x00,0x00,0x00,0x00,0x00,0x00,0x00,0x00,0x00,0x00,0x00,0x00,0x00,0x00,0x00,
    0x00,0x00,0x00,0x00,0x00,0x00,0x00,0x00,0x00,0x00,0x00,0x00,0x00,0x00,0x00,0x00,0x00,0x00,0x00,0x00,0x00,0x00,0x00,0x00,0x00,0x00,0x00,0x00,0x00,0x00,0x00,0x00,0x00,0x00,0x00,0x00,0x00,0x00,0x00,0x00,0x00,0x00,0x00,0x00,0x00,0x00,0x00,0x00,0x00,0x00,0x00,0x00,0x00,0x00,0x00,0x00,0x00,0x00,0x00,0x00,0x00,0x00,0x00,0x00,0x00,0x00,0x00,0x00,0x00,0x00,0x00,0x00,0x00,0x00,0x00,0x00,0x00,0x00,0x00,0x00,0x00,0x00,0x00,0x00,0x00,0x00,0x00,0x00,0x00,0x00,0x00,0x00,0x00,0x00,0x00,0x00,0x00,0x00,0x00,0x00,0x00,0x00,0x00,0x00,0x00,0x00,0x00,0x00,0x00,0x00,0x00,0x00,0x00,0x00,0x00,0x00,0x00,0x00,0x00,0x00,0x00,0x00,0x00,0x00,0x00,0x00,0x00,0x00,0x00,0x00,0x00,0x00,0x00,0x00,0x00,0x00,0x00,0x00,0x00,0x00,0x00,0x00,0x00,0x00,
    0x00,0x00,0x00,0x00,0x00,0x00,0x00,0x00,0x00,0x00,0x00,0x00,0x00,0x00,0x00,0x00,0x00,0x00,0x00,0x00,0x00,0x00,0x00,0x00,0x00,0x00,0x00,0x00,0x00,0x00,0x00,0x00,0x00,0x00,0x00,0x00,0x00,0x00,0x00,0x00,0x00,0x00,0x00,0x00,0x00,0x00,0x00,0x00,0x00,0x00,0x00,0x00,0x00,0x00,0x00,0x00,0x00,0x00,0x00,0x00,0x00,0x00,0x00,0x00,0x00,0x00,0x00,0x00,0x00,0x00,0x00,0x00,0x00,0x00,0x00,0x00,0x00,0x00,0x00,0x00,0x00,0x00,0x00,0x00,0x00,0x00,0x00,0x00,0x00,0x00,0x00,0x00,0x00,0x00,0x00,0x00,0x00,0x00,0x00,0x00,0x00,0x00,0x00,0x00,0x00,0x00,0x00,0x00,0x00,0x00,0x00,0x00,0x00,0x00,0x00,0x00,0x00,0x00,0x00,0x00,0x00,0x00,0x00,0x00,0x00,0x00,0x00,0x00,0x00,0x00,0x00,0x00,0x00,0x00,0x00,0x00,0x00,0x00,0x00,0x00,0x00,0x00,0x00,0x00,
    0x00,0x00,0x00,0x00,0x00,0x00,0x00,0x00,0x00,0x00,0x00,0x00,0x00,0x00,0x00,0x00,0x00,0x00,0x00,0x00,0x00,0x00,0x00,0x00,0x00,0x00,0x00,0x00,0x00,0x00,0x00,0x00,0x00,0x00,0x00,0x00,0x00,0x00,0x00,0x00,0x00,0x00,0x00,0x00,0x00,0x00,0x00,0x00,0x00,0x00,0x00,0x00,0x00,0x00,0x00,0x00,0x00,0x00,0x00,0x00,0x00,0x00,0x00,0x00,0x00,0x00,0x00,0x00,0x00,0x00,0x00,0x00,0x00,0x00,0x00,0x00,0x00,0x00,0x00,0x00,0x00,0x00,0x00,0x00,0x00,0x00,0x00,0x00,0x00,0x00,0x00,0x00,0x00,0x00,0x00,0x00,0x00,0x00,0x00,0x00,0x00,0x00,0x00,0x00,0x00,0x00,0x00,0x00,0x00,0x00,0x00,0x00,0x00,0x00,0x00,0x00,0x00,0x00,0x00,0x00,0x00,0x00,0x00,0x00,0x00,0x00,0x00,0x00,0x00,0x00,0x00,0x00,0x00,0x00,0x00,0x00,0x00,0x00,0x00,0x00,0x00,0x00,0x00,0x00,
    0x00,0x00,0x00,0x00,0x00,0x00,0x00,0x00,0x00,0x00,0x00,0x00,0x00,0x00,0x00,0x00,0x00,0x00,0x00,0x00,0x00,0x00,0x00,0x00,0x00,0x00,0x00,0x00,0x00,0x00,0x00,0x00,0x00,0x00,0x00,0x00,0x00,0x00,0x00,0x00,0x00,0x00,0x00,0x00,0x00,0x00,0x00,0x00,0x00,0x00,0x00,0x00,0x00,0x00,0x00,0x00,0x00,0x00,0x00,0x00,0x00,0x00,0x00,0x00,0x00,0x00,0x00,0x00,0x00,0x00,0x00,0x00,0x00,0x00,0x00,0x00,0x00,0x00,0x00,0x00,0x00,0x00,0x00,0x00,0x00,0x00,0x00,0x00,0x00,0x00,0x00,0x00,0x00,0x00,0x00,0x00,0x00,0x00,0x00,0x00,0x00,0x00,0x00,0x00,0x00,0x00,0x00,0x00,0x00,0x00,0x00,0x00,0x00,0x00,0x00,0x00,0x00,0x00,0x00,0x00,0x00,0x00,0x00,0x00,0x00,0x00,0x00,0x00,0x00,0x00,0x00,0x00,0x00,0x00,0x00,0x00,0x00,0x00,0x00,0x00,0x00,0x00,0x00,0x00,
    0x00,0x00,0x00,0x00,0x00,0x00,0x00,0x00,0x00,0x00,0x00,0x00,0x00,0x00,0x00,0x00,0x00,0x00,0x00,0x00,0x00,0x00,0x00,0x00,0x00,0x00,0x00,0x00,0x00,0x00,0x00,0x00,0x00,0x00,0x00,0x00,0x00,0x00,0x00,0x00,0x00,0x00,0x00,0x00,0x00,0x00,0x00,0x00,0x00,0x00,0x00,0x00,0x00,0x00,0x00,0x00,0x00,0x00,0x00,0x00,0x00,0x00,0x00,0x00,0x00,0x00,0x00,0x00,0x00,0x00,0x00,0x00,0x00,0x00,0x00,0x00,0x00,0x00,0x00,0x00,0x00,0x00,0x00,0x00,0x00,0x00,0x00,0x00,0x00,0x00,0x00,0x00,0x00,0x00,0x00,0x00,0x00,0x00,0x00,0x00,0x00,0x00,0x00,0x00,0x00,0x00,0x00,0x00,0x00,0x00,0x00,0x00,0x00,0x00,0x00,0x00,0x00,0x00,0x00,0x00,0x00,0x00,0x00,0x00,0x00,0x00,0x00,0x00,0x00,0x00,0x00,0x00,0x00,0x00,0x00,0x00,0x00,0x00,0x00,0x00,0x00,0x00,0x00,0x00,
    0x00,0x00,0x00,0x00,0x00,0x00,0x00,0x00,0x00,0x00,0x00,0x00,0x00,0x00,0x00,0x00,0x00,0x00,0x00,0x00,0x00,0x00,0x00,0x00,0x00,0x00,0x00,0x00,0x00,0x00,0x00,0x00,0x00,0x00,0x00,0x00,0x00,0x00,0x00,0x00,0x00,0x00,0x00,0x00,0x00,0x00,0x00,0x00,0x00,0x00,0x00,0x00,0x00,0x00,0x00,0x00,0x00,0x00,0x00,0x00,0x00,0x00,0x00,0x00,0x00,0x00,0x00,0x00,0x00,0x00,0x00,0x00,0x00,0x00,0x00,0x00,0x00,0x00,0x00,0x00,0x00,0x00,0x00,0x00,0x00,0x00,0x00,0x00,0x00,0x00,0x00,0x00,0x00,0x00,0x00,0x00,0x00,0x00,0x00,0x00,0x00,0x00,0x00,0x00,0x00,0x00,0x00,0x00,0x00,0x00,0x00,0x00,0x00,0x00,0x00,0x00,0x00,0x00,0x00,0x00,0x00,0x00,0x00,0x00,0x00,0x00,0x00,0x00,0x00,0x00,0x00,0x00,0x00,0x00,0x00,0x00,0x00,0x00,0x00,0x00,0x00,0x00,0x00,0x00,
    0x00,0x00,0x00,0x00,0x00,0x00,0x00,0x00,0x00,0x00,0x00,0x00,0x00,0x00,0x00,0x00,0x00,0x00,0x00,0x00,0x00,0x00,0x00,0x00,0x00,0x00,0x00,0x00,0x00,0x00,0x00,0x00,0x00,0x00,0x00,0x00,0x00,0x00,0x00,0x00,0x00,0x00,0x00,0x00,0x00,0x00,0x00,0x00,0x00,0x00,0x00,0x00,0x00,0x00,0x00,0x00,0x00,0x00,0x00,0x00,0x00,0x00,0x00,0x00,0x00,0x00,0x00,0x00,0x00,0x00,0x00,0x00,0x00,0x00,0x00,0x00,0x00,0x00,0x00,0x00,0x00,0x00,0x00,0x00,0x00,0x00,0x00,0x00,0x00,0x00,0x00,0x00,0x00,0x00,0x00,0x00,0x00,0x00,0x00,0x00,0x00,0x00,0x00,0x00,0x00,0x00,0x00,0x00,0x00,0x00,0x00,0x00,0x00,0x00,0x00,0x00,0x00,0x00,0x00,0x00,0x00,0x00,0x00,0x00,0x00,0x00,0x00,0x00,0x00,0x00,0x00,0x00,0x00,0x00,0x00,0x00,0x00,0x00,0x00,0x00,0x00,0x00,0x00,0x00,
    0x00,0x00,0x00,0x00,0x00,0x00,0x00,0x00,0x00,0x00,0x00,0x00,0x00,0x00,0x00,0x00,0x00,0x00,0x00,0x00,0x00,0x00,0x00,0x00,0x00,0x00,0x00,0x00,0x00,0x00,0x00,0x00,0x00,0x00,0x00,0x00,0x00,0x00,0x00,0x00,0x00,0x00,0x00,0x00,0x00,0x00,0x00,0x00,0x00,0x00,0x00,0x00,0x00,0x00,0x00,0x00,0x00,0x00,0x00,0x00,0x00,0x00,0x00,0x00,0x00,0x00,0x00,0x00,0x00,0x00,0x00,0x00,0x00,0x00,0x00,0x00,0x00,0x00,0x00,0x00,0x00,0x00,0x00,0x00,0x00,0x00,0x00,0x00,0x00,0x00,0x00,0x00,0x00,0x00,0x00,0x00,0x00,0x00,0x00,0x00,0x00,0x00,0x00,0x00,0x00,0x00,0x00,0x00,0x00,0x00,0x00,0x00,0x00,0x00,0x00,0x00,0x00,0x00,0x00,0x00,0x00,0x00,0x00,0x00,0x00,0x00,0x00,0x00,0x00,0x00,0x00,0x00,0x00,0x00,0x00,0x00,0x00,0x00,0x00,0x00,0x00,0x00,0x00,0x00,
    0x00,0x00,0x00,0x00,0x00,0x00,0x00,0x00,0x00,0x00,0x00,0x00,0x00,0x00,0x00,0x00,0x00,0x00,0x00,0x00,0x00,0x00,0x00,0x00,0x00,0x00,0x00,0x00,0x00,0x00,0x00,0x00,0x00,0x00,0x00,0x00,0x00,0x00,0x00,0x00,0x00,0x00,0x00,0x00,0x00,0x00,0x00,0x00,0x00,0x00,0x00,0x00,0x00,0x00,0x00,0x00,0x00,0x00,0x00,0x00,0x00,0x00,0x00,0x00,0x00,0x00,0x00,0x00,0x00,0x00,0x00,0x00,0x00,0x00,0x00,0x00,0x00,0x00,0x00,0x00,0x00,0x00,0x00,0x00,0x00,0x00,0x00,0x00,0x00,0x00,0x00,0x00,0x00,0x00,0x00,0x00,0x00,0x00,0x00,0x00,0x00,0x00,0x00,0x00,0x00,0x00,0x00,0x00,0x00,0x00,0x00,0x00,0x00,0x00,0x00,0x00,0x00,0x00,0x00,0x00,0x00,0x00,0x00,0x00,0x00,0x00,0x00,0x00,0x00,0x00,0x00,0x00,0x00,0x00,0x00,0x00,0x00,0x00,0x00,0x00,0x00,0x00,0x00,0x00,
    0x00,0x00,0x00,0x00,0x00,0x00,0x00,0x00,0x00,0x00,0x00,0x00,0x00,0x00,0x00,0x00,0x00,0x00,0x00,0x00,0x00,0x00,0x00,0x00,0x00,0x00,0x00,0x00,0x00,0x00,0x00,0x00,0x00,0x00,0x00,0x00,0x00,0x00,0x00,0x00,0x00,0x00,0x00,0x00,0x00,0x00,0x00,0x00,0x00,0x00,0x00,0x00,0x00,0x00,0x00,0x00,0x00,0x00,0x00,0x00,0x00,0x00,0x00,0x00,0x00,0x00,0x00,0x00,0x00,0x00,0x00,0x00,0x00,0x00,0x00,0x00,0x00,0x00,0x00,0x00,0x00,0x00,0x00,0x00,0x00,0x00,0x00,0x00,0x00,0x00,0x00,0x00,0x00,0x00,0x00,0x00,0x00,0x00,0x00,0x00,0x00,0x00,0x00,0x00,0x00,0x00,0x00,0x00,0x00,0x00,0x00,0x00,0x00,0x00,0x00,0x00,0x00,0x00,0x00,0x00,0x00,0x00,0x00,0x00,0x00,0x00,0x00,0x00,0x00,0x00,0x00,0x00,0x00,0x00,0x00,0x00,0x00,0x00,0x00,0x00,0x00,0x00,0x00,0x00,
    0x00,0x00,0x00,0x00,0x00,0x00,0x00,0x00,0x00,0x00,0x00,0x00,0x00,0x00,0x00,0x00,0x00,0x00,0x00,0x00,0x00,0x00,0x00,0x00,0x00,0x00,0x00,0x00,0x00,0x00,0x00,0x00,0x00,0x00,0x00,0x00,0x00,0x00,0x00,0x00,0x00,0x00,0x00,0x00,0x00,0x00,0x00,0x00,0x00,0x00,0x00,0x00,0x00,0x00,0x00,0x00,0x00,0x00,0x00,0x00,0x00,0x00,0x00,0x00,0x00,0x00,0x00,0x00,0x00,0x00,0x00,0x00,0x00,0x00,0x00,0x00,0x00,0x00,0x00,0x00,0x00,0x00,0x00,0x00,0x00,0x00,0x00,0x00,0x00,0x00,0x00,0x00,0x00,0x00,0x00,0x00,0x00,0x00,0x00,0x00,0x00,0x00,0x00,0x00,0x00,0x00,0x00,0x00,0x00,0x00,0x00,0x00,0x00,0x00,0x00,0x00,0x00,0x00,0x00,0x00,0x00,0x00,0x00,0x00,0x00,0x00,0x00,0x00,0x00,0x00,0x00,0x00,0x00,0x00,0x00,0x00,0x00,0x00,0x00,0x00,0x00,0x00,0x00,0x00,
    0x00,0x00,0x00,0x00,0x00,0x00,0x00,0x00,0x00,0x00,0x00,0x00,0x00,0x00,0x00,0x00,0x00,0x00,0x00,0x00,0x00,0x00,0x00,0x00,0x00,0x00,0x00,0x00,0x00,0x00,0x00,0x00,0x00,0x00,0x00,0x00,0x00,0x00,0x00,0x00,0x00,0x00,0x00,0x00,0x00,0x00,0x00,0x00,0x00,0x00,0x00,0x00,0x00,0x00,0x00,0x00,0x00,0x00,0x00,0x00,0x00,0x00,0x00,0x00,0x00,0x00,0x00,0x00,0x00,0x00,0x00,0x00,0x00,0x00,0x00,0x00,0x00,0x00,0x00,0x00,0x00,0x00,0x00,0x00,0x00,0x00,0x00,0x00,0x00,0x00,0x00,0x00,0x00,0x00,0x00,0x00,0x00,0x00,0x00,0x00,0x00,0x00,0x00,0x00,0x00,0x00,0x00,0x00,0x00,0x00,0x00,0x00,0x00,0x00,0x00,0x00,0x00,0x00,0x00,0x00,0x00,0x00,0x00,0x00,0x00,0x00,0x00,0x00,0x00,0x00,0x00,0x00,0x00,0x00,0x00,0x00,0x00,0x00,0x00,0x00,0x00,0x00,0x00,0x00,
    0x00,0x00,0x00,0x00,0x00,0x00,0x00,0x00,0x00,0x00,0x00,0x00,0x00,0x00,0x00,0x00,0x00,0x00,0x00,0x00,0x00,0x00,0x00,0x00,0x00,0x00,0x00,0x00,0x00,0x00,0x00,0x00,0x00,0x00,0x00,0x00,0x00,0x00,0x00,0x00,0x00,0x00,0x00,0x00,0x00,0x00,0x00,0x00,0x00,0x00,0x00,0x00,0x00,0x00,0x00,0x00,0x00,0x00,0x00,0x00,0x00,0x00,0x00,0x00,0x00,0x00,0x00,0x00,0x00,0x00,0x00,0x00,0x00,0x00,0x00,0x00,0x00,0x00,0x00,0x00,0x00,0x00,0x00,0x00,0x00,0x00,0x00,0x00,0x00,0x00,0x00,0x00,0x00,0x00,0x00,0x00,0x00,0x00,0x00,0x00,0x00,0x00,0x00,0x00,0x00,0x00,0x00,0x00,0x00,0x00,0x00,0x00,0x00,0x00,0x00,0x00,0x00,0x00,0x00,0x00,0x00,0x00,0x00,0x00,0x00,0x00,0x00,0x00,0x00,0x00,0x00,0x00,0x00,0x00,0x00,0x00,0x00,0x00,0x00,0x00,0x00,0x00,0x00,0x00,
    0x00,0x00,0x00,0x00,0x00,0x00,0x00,0x00,0x00,0x00,0x00,0x00,0x00,0x00,0x00,0x00,0x00,0x00,0x00,0x00,0x00,0x00,0x00,0x00,0x00,0x00,0x00,0x00,0x00,0x00,0x00,0x00,0x00,0x00,0x00,0x00,0x00,0x00,0x00,0x00,0x00,0x00,0x00,0x00,0x00,0x00,0x00,0x00,0x00,0x00,0x00,0x00,0x00,0x00,0x00,0x00,0x00,0x00,0x00,0x00,0x00,0x00,0x00,0x00,0x00,0x00,0x00,0x00,0x00,0x00,0x00,0x00,0x00,0x00,0x00,0x00,0x00,0x00,0x00,0x00,0x00,0x00,0x00,0x00,0x00,0x00,0x00,0x00,0x00,0x00,0x00,0x00,0x00,0x00,0x00,0x00,0x00,0x00,0x00,0x00,0x00,0x00,0x00,0x00,0x00,0x00,0x00,0x00,0x00,0x00,0x00,0x00,0x00,0x00,0x00,0x00,0x00,0x00,0x00,0x00,0x00,0x00,0x00,0x00,0x00,0x00,0x00,0x00,0x00,0x00,0x00,0x00,0x00,0x00,0x00,0x00,0x00,0x00,0x00,0x00,0x00,0x00,0x00,0x00,
    0x00,0x00,0x00,0x00,0x00,0x00,0x00,0x00,0x00,0x00,0x00,0x00,0x00,0x00,0x00,0x00,0x00,0x00,0x00,0x00,0x00,0x00,0x00,0x00,0x00,0x00,0x00,0x00,0x00,0x00,0x00,0x00,0x00,0x00,0x00,0x00,0x00,0x00,0x00,0x00,0x00,0x00,0x00,0x00,0x00,0x00,0x00,0x00,0x00,0x00,0x00,0x00,0x00,0x00,0x00,0x00,0x00,0x00,0x00,0x00,0x00,0x00,0x00,0x00,0x00,0x00,0x00,0x00,0x00,0x00,0x00,0x00,0x00,0x00,0x00,0x00,0x00,0x00,0x00,0x00,0x00,0x00,0x00,0x00,0x00,0x00,0x00,0x00,0x00,0x00,0x00,0x00,0x00,0x00,0x00,0x00,0x00,0x00,0x00,0x00,0x00,0x00,0x00,0x00,0x00,0x00,0x00,0x00,0x00,0x00,0x00,0x00,0x00,0x00,0x00,0x00,0x00,0x00,0x00,0x00,0x00,0x00,0x00,0x00,0x00,0x00,0x00,0x00,0x00,0x00,0x00,0x00,0x00,0x00,0x00,0x00,0x00,0x00,0x00,0x00,0x00,0x00,0x00,0x00,
    0x00,0x00,0x00,0x00,0x00,0x00,0x00,0x00,0x00,0x00,0x00,0x00,0x00,0x00,0x00,0x00,0x00,0x00,0x00,0x00,0x00,0x00,0x00,0x00,0x00,0x00,0x00,0x00,0x00,0x00,0x00,0x00,0x00,0x00,0x00,0x00,0x00,0x00,0x00,0x00,0x00,0x00,0x00,0x00,0x00,0x00,0x00,0x00,0x00,0x00,0x00,0x00,0x00,0x00,0x00,0x00,0x00,0x00,0x00,0x00,0x00,0x00,0x00,0x00,0x00,0x00,0x00,0x00,0x00,0x00,0x00,0x00,0x00,0x00,0x00,0x00,0x00,0x00,0x00,0x00,0x00,0x00,0x00,0x00,0x00,0x00,0x00,0x00,0x00,0x00,0x00,0x00,0x00,0x00,0x00,0x00,0x00,0x00,0x00,0x00,0x00,0x00,0x00,0x00,0x00,0x00,0x00,0x00,0x00,0x00,0x00,0x00,0x00,0x00,0x00,0x00,0x00,0x00,0x00,0x00,0x00,0x00,0x00,0x00,0x00,0x00,0x00,0x00,0x00,0x00,0x00,0x00,0x00,0x00,0x00,0x00,0x00,0x00,0x00,0x00,0x00,0x00,0x00,0x00,
    0x00,0x00,0x00,0x00,0x00,0x00,0x00,0x00,0x00,0x00,0x00,0x00,0x00,0x00,0x00,0x00,0x00,0x00,0x00,0x00,0x00,0x00,0x00,0x00,0x00,0x00,0x00,0x00,0x00,0x00,0x00,0x00,0x00,0x00,0x00,0x00,0x00,0x00,0x00,0x00,0x00,0x00,0x00,0x00,0x00,0x00,0x00,0x00,0x00,0x00,0x00,0x00,0x00,0x00,0x00,0x00,0x00,0x00,0x00,0x00,0x00,0x00,0x00,0x00,0x00,0x00,0x00,0x00,0x00,0x00,0x00,0x00,0x00,0x00,0x00,0x00,0x00,0x00,0x00,0x00,0x00,0x00,0x00,0x00,0x00,0x00,0x00,0x00,0x00,0x00,0x00,0x00,0x00,0x00,0x00,0x00,0x00,0x00,0x00,0x00,0x00,0x00,0x00,0x00,0x00,0x00,0x00,0x00,0x00,0x00,0x00,0x00,0x00,0x00,0x00,0x00,0x00,0x00,0x00,0x00,0x00,0x00,0x00,0x00,0x00,0x00,0x00,0x00,0x00,0x00,0x00,0x00,0x00,0x00,0x00,0x00,0x00,0x00,0x00,0x00,0x00,0x00,0x00,0x00,

};

const lv_image_dsc_t passport_pet_failed_3 = {
  .header = {
    .magic = LV_IMAGE_HEADER_MAGIC,
    .cf = LV_COLOR_FORMAT_I8,
    .flags = 0,
    .w = 144,
    .h = 156,
    .stride = 144,
    .reserved_2 = 0,
  },
  .data_size = sizeof(passport_pet_failed_3_map),
  .data = passport_pet_failed_3_map,
  .reserved = NULL,
};
