
#if defined(LV_LVGL_H_INCLUDE_SIMPLE)
#include "lvgl.h"
#elif defined(LV_LVGL_H_INCLUDE_SYSTEM)
#include <lvgl.h>
#elif defined(LV_BUILD_TEST)
#include "../lvgl.h"
#else
#include "lvgl/lvgl.h"
#endif

#ifndef LV_ATTRIBUTE_MEM_ALIGN
#define LV_ATTRIBUTE_MEM_ALIGN
#endif

#ifndef LV_ATTRIBUTE_PASSPORT_PET_IDLE_1
#define LV_ATTRIBUTE_PASSPORT_PET_IDLE_1
#endif

static const
LV_ATTRIBUTE_MEM_ALIGN LV_ATTRIBUTE_LARGE_CONST LV_ATTRIBUTE_PASSPORT_PET_IDLE_1
uint8_t passport_pet_idle_1_map[] = {

    0x4c,0x70,0x47,0x00,0x4c,0x47,0x4f,0x01,0x0d,0x0b,0x0b,0x03,0xdb,0xf1,0xf9,0x01,
    0x79,0x79,0x7d,0x04,0x15,0x14,0x14,0xfc,0x8b,0xb0,0xb8,0x02,0xa1,0xc5,0xcd,0x04,
    0x12,0x11,0x11,0xfd,0x73,0x59,0x4a,0x02,0xba,0xd9,0xef,0xfe,0x0f,0x0f,0x13,0x26,
    0x0c,0x0b,0x0c,0x7d,0xb0,0xcf,0xe8,0xfe,0xba,0x71,0x0b,0xfe,0x3a,0x3f,0x4b,0x09,
    0x20,0x1f,0x24,0x10,0x0c,0x0b,0x0b,0xdc,0xe2,0x8a,0x04,0xfe,0x2a,0x24,0x29,0xfe,
    0xae,0xc3,0xd3,0xfe,0x12,0x15,0x16,0x19,0x11,0x10,0x13,0xd1,0x6b,0x80,0x92,0x3f,
    0x0b,0x0b,0x0c,0x3f,0x11,0x0f,0x0f,0xeb,0xd2,0xdb,0xe8,0xfe,0xb1,0xcd,0xe0,0xfd,
    0xd2,0xe0,0xfb,0xfd,0x0a,0x09,0x0a,0xf5,0x0d,0x0b,0x0c,0xbf,0x0c,0x0b,0x0b,0x4f,
    0x70,0x7b,0x88,0xfe,0x4d,0x53,0x59,0x92,0x0c,0x0d,0x0f,0x5f,0x76,0x87,0x91,0x13,
    0x7a,0x8d,0xa1,0xaa,0x17,0x17,0x19,0x32,0x6c,0x7d,0x8c,0x55,0x9f,0xbb,0xc7,0x2a,
    0x4f,0x52,0x55,0x2a,0x0c,0x0b,0x0d,0xa2,0x92,0xa6,0xb3,0x46,0x0f,0x0e,0x0f,0x6d,
    0x74,0x8b,0xa0,0xfc,0x5e,0x3a,0x3a,0xfb,0x4d,0x56,0x5d,0x46,0x87,0x9e,0xb3,0x77,
    0x7c,0x90,0xa0,0x8d,0xa8,0xc3,0xd1,0x5c,0x8b,0xa2,0xb2,0x5a,0x50,0x5b,0x64,0xfd,
    0x42,0x4c,0x57,0x5b,0xa7,0xc3,0xd7,0xfd,0x67,0x77,0x88,0x7e,0xae,0x6b,0x07,0x3d,
    0x8f,0xa4,0xb3,0xb5,0x87,0x9a,0xaa,0xdb,0xcd,0xe4,0xf1,0xc4,0x09,0x07,0x08,0x8e,
    0x61,0x69,0x78,0xfe,0xc4,0xd9,0xe7,0x98,0x0b,0x0a,0x0b,0xae,0x53,0x59,0x61,0xb5,
    0x46,0x4a,0x51,0xc8,0xa4,0x64,0x0a,0x67,0x63,0x72,0x84,0xa6,0x62,0x70,0x84,0xf1,
    0x86,0x98,0xa7,0xef,0x6e,0x5e,0x47,0x1c,0xb2,0xcb,0xd4,0x1e,0xaa,0xc3,0xd3,0x85,
    0x91,0xae,0xc7,0xcb,0x95,0x67,0x2b,0xff,0x8e,0xa6,0xb6,0xef,0xa4,0xba,0xf7,0xfe,
    0x62,0x76,0xaf,0xfa,0x28,0x22,0x27,0xf9,0xaf,0x6a,0x08,0x8f,0x9f,0x64,0x17,0xb1,
    0x75,0x86,0x96,0xc1,0x9a,0xaf,0xbf,0xa0,0xb9,0xd4,0xe1,0x3f,0xc1,0xda,0xe0,0x12,
    0xae,0xc3,0xd3,0xe3,0x74,0x8b,0x97,0x1f,0x8d,0xa7,0xb7,0x8b,0x71,0x4c,0x27,0xf9,
    0xdb,0x87,0x05,0xcd,0x49,0x55,0x61,0x6f,0x31,0x38,0x42,0xb6,0x61,0x71,0x82,0xcb,
    0x7e,0x90,0x9d,0x66,0x86,0x9e,0xad,0xc8,0xa7,0xc6,0xd7,0x75,0xcf,0x83,0x05,0x0e,
    0xa0,0x5f,0x09,0xd7,0x6f,0x80,0x91,0xeb,0x2e,0x3c,0x5a,0xef,0xc2,0xd0,0xdd,0xe2,
    0x8a,0x9d,0xb1,0x0d,0x2b,0x32,0x3c,0x9f,0x53,0x5b,0x64,0xdc,0xaf,0xd2,0xe3,0xbc,
    0x9f,0xbb,0xcc,0xf6,0x9b,0xb1,0xc1,0xe3,0x15,0x14,0x14,0xff,0x16,0x15,0x15,0xff,
    0xd1,0xe5,0xfa,0xff,0x0d,0x0b,0x0c,0xff,0x13,0x12,0x12,0xff,0x11,0x0f,0x10,0xff,
    0xbe,0xe3,0xfc,0xff,0xf1,0x96,0x01,0xff,0x0a,0x08,0x09,0xff,0x07,0x06,0x07,0xff,
    0xcf,0xe4,0xfa,0xff,0x0f,0x0d,0x0e,0xff,0xcf,0xe7,0xfc,0xff,0xd4,0xe7,0xfa,0xff,
    0xbc,0xe1,0xfa,0xff,0xb6,0xdb,0xf5,0xff,0xc4,0xe3,0xfb,0xff,0x01,0x01,0x02,0xff,
    0xcd,0xe1,0xf8,0xff,0xca,0xe5,0xfb,0xff,0xd7,0xed,0xff,0xff,0xb9,0xde,0xf8,0xff,
    0x26,0x1f,0x23,0xff,0xdb,0xe9,0xfb,0xff,0x05,0x09,0x0b,0xff,0xcd,0xdc,0xf5,0xff,
    0xde,0xef,0xfe,0xff,0xcb,0xd8,0xf4,0xff,0xe3,0xeb,0xf8,0xff,0xd5,0xea,0xfe,0xff,
    0xa2,0xbf,0xd6,0xff,0xf8,0xfe,0xff,0xff,0xf7,0x99,0x01,0xff,0xd2,0xe3,0xf8,0xff,
    0xf9,0x9c,0x01,0xff,0x20,0x1b,0x1e,0xff,0xe3,0xf3,0xff,0xff,0xc7,0xd4,0xe6,0xff,
    0xd4,0xf1,0xff,0xff,0xc1,0xe7,0xff,0xff,0xa2,0xaa,0xb5,0xff,0xb4,0xd4,0xea,0xff,
    0xc1,0xe1,0xf8,0xff,0xcc,0xec,0xff,0xff,0x2f,0x1c,0x1c,0xff,0xc3,0xcd,0xdd,0xff,
    0xef,0xf6,0xfd,0xff,0x95,0xaf,0xc6,0xff,0xba,0xc8,0xda,0xff,0x92,0xa1,0xb4,0xff,
    0xed,0x8f,0x02,0xff,0xe8,0xf0,0xfa,0xff,0x1b,0x17,0x18,0xff,0x93,0x4d,0x5c,0xff,
    0x36,0x20,0x25,0xff,0x9a,0xb7,0xce,0xff,0x9f,0xb3,0xc7,0xff,0x4c,0x2c,0x33,0xff,
    0x74,0x3e,0x49,0xff,0xa4,0xb9,0xcc,0xff,0x7e,0x92,0xa7,0xff,0x94,0xaa,0xf5,0xff,
    0xed,0x94,0x03,0xff,0xe9,0x8c,0x03,0xff,0xc3,0xea,0xff,0xff,0xe6,0xf8,0xff,0xff,
    0x7f,0x8a,0x9a,0xff,0x96,0xaa,0xbc,0xff,0xc9,0x7a,0x08,0xff,0xdc,0xe7,0xf5,0xff,
    0xd7,0xe1,0xed,0xff,0x3f,0x40,0x48,0xff,0xfe,0xa2,0x00,0xff,0xb2,0x41,0x08,0xff,
    0x25,0x15,0x11,0xff,0xa1,0xa0,0xa5,0xff,0xac,0x63,0x07,0xff,0x42,0x26,0x2b,0xff,
    0x8a,0x9b,0xad,0xff,0x90,0x95,0xa1,0xff,0xdf,0x83,0x02,0xff,0xf6,0x93,0x01,0xff,
    0xd5,0xe5,0xfd,0xff,0x46,0x50,0x5f,0xff,0x82,0x47,0x53,0xff,0xd2,0x72,0x04,0xff,
    0x73,0x82,0x97,0xff,0xc5,0xd0,0xf4,0xff,0x8d,0x7d,0x76,0xff,0xd6,0x7d,0x02,0xff,
    0xc5,0x65,0x03,0xff,0x2e,0x30,0x39,0xff,0x60,0x31,0x3c,0xff,0x62,0x72,0x99,0xff,
    0xbb,0x54,0x03,0xff,0xaa,0xc7,0xdd,0xff,0xa4,0x92,0x7b,0xff,0x6f,0x2d,0x16,0xff,
    0x74,0x72,0x7c,0xff,0x3e,0x5e,0x82,0xff,0xae,0x5e,0x6e,0xff,0x42,0x25,0x0d,0xff,
    0x8c,0xa7,0xbf,0xff,0xa2,0x55,0x65,0xff,0x60,0x61,0x6e,0xff,0xb2,0xbb,0xc9,0xff,
    0xa6,0xb1,0xbd,0xff,0xcb,0x66,0x77,0xff,0x9c,0x34,0x0b,0xff,0xb9,0xc1,0xcc,0xff,
    0x8f,0x8d,0x91,0xff,0xd3,0x56,0x5e,0xff,0xb0,0x43,0x4d,0xff,0xb2,0xc5,0xf3,0xff,
    0x93,0x57,0x10,0xff,0x7b,0x93,0xd8,0xff,0xda,0x76,0x8b,0xff,0x83,0x99,0xb5,0xff,
    0x8d,0x56,0x63,0xff,0x87,0x9f,0xea,0xff,0x81,0xa0,0xb7,0xff,0xd3,0x84,0x0a,0xff,
    0x80,0x5d,0x34,0xff,0x5d,0x7b,0x9c,0xff,0x75,0x6d,0x68,0xff,0x63,0x44,0x42,0xff,
    0x6f,0x4f,0x52,0xff,0xb1,0xb2,0xb9,0xff,0xd0,0xf7,0xff,0xff,0xa9,0x78,0x36,0xff,
    0x8f,0x3b,0x0d,0xff,0x8b,0xa5,0xd3,0xff,0x80,0x62,0x6b,0xff,0x6c,0x81,0xc3,0xff,
    0x98,0x65,0x62,0xff,0xc1,0x8c,0x3e,0xff,0x55,0x66,0x94,0xff,0xe7,0x95,0xa2,0xff,
    0x4b,0x60,0xc0,0xff,0x15,0xd4,0xfa,0xff,0xfd,0xc2,0xcb,0xff,0xea,0xa6,0xb4,0xff,
    0x69,0x40,0x09,0xff,0xff,0xb5,0xc5,0xff,0xc6,0x84,0x8f,0xff,0x9a,0x47,0x00,0xff,
    0x14,0x8c,0xb9,0xff,0x09,0xa6,0xd6,0xff,0x15,0xb8,0xdd,0xff,0x17,0x9d,0xc3,0xff,

    0x00,0x00,0x00,0x00,0x00,0x00,0x00,0x00,0x00,0x00,0x00,0x00,0x00,0x00,0x00,0x00,0x00,0x00,0x00,0x00,0x00,0x00,0x00,0x00,0x00,0x00,0x00,0x00,0x00,0x00,0x00,0x00,0x00,0x00,0x00,0x00,0x00,0x00,0x00,0x00,0x00,0x00,0x00,0x00,0x00,0x00,0x00,0x00,0x00,0x00,0x00,0x00,0x00,0x00,0x00,0x00,0x00,0x00,0x00,0x00,0x00,0x02,0x00,0x00,0x00,0x00,0x00,0x00,0x00,0x00,0x00,0x00,0x00,0x00,0x00,0x00,0x00,0x00,0x00,0x00,0x00,0x00,0x00,0x00,0x00,0x00,0x00,0x00,0x00,0x00,0x00,0x00,0x00,0x00,0x00,0x00,0x00,0x00,0x00,0x00,0x00,0x00,0x00,0x00,0x00,0x00,0x00,0x00,0x00,0x00,0x00,0x00,0x00,0x00,0x00,0x00,0x00,0x00,0x00,0x00,0x00,0x00,0x00,0x00,0x00,0x00,0x00,0x00,0x00,0x00,0x00,0x00,0x00,0x00,0x00,0x00,0x00,0x00,0x00,0x00,0x00,0x00,0x00,0x00,
    0x00,0x00,0x00,0x00,0x00,0x00,0x00,0x00,0x00,0x00,0x00,0x00,0x00,0x00,0x00,0x00,0x00,0x00,0x00,0x00,0x00,0x00,0x00,0x00,0x00,0x00,0x00,0x00,0x00,0x00,0x00,0x00,0x00,0x00,0x00,0x00,0x00,0x00,0x00,0x00,0x00,0x00,0x00,0x00,0x00,0x00,0x00,0x00,0x00,0x00,0x00,0x00,0x00,0x00,0x00,0x00,0x00,0x00,0x00,0x00,0x09,0x00,0x02,0x28,0x0b,0x00,0x00,0x00,0x00,0x00,0x00,0x00,0x00,0x00,0x00,0x00,0x00,0x00,0x00,0x00,0x00,0x00,0x00,0x00,0x00,0x00,0x00,0x00,0x00,0x00,0x00,0x00,0x00,0x00,0x00,0x00,0x00,0x00,0x00,0x00,0x00,0x00,0x00,0x00,0x00,0x00,0x00,0x00,0x00,0x00,0x00,0x00,0x00,0x00,0x00,0x00,0x00,0x00,0x00,0x00,0x00,0x00,0x00,0x00,0x00,0x00,0x00,0x00,0x00,0x00,0x00,0x00,0x00,0x00,0x00,0x00,0x00,0x00,0x00,0x00,0x00,0x00,0x00,0x00,
    0x00,0x00,0x00,0x00,0x00,0x00,0x00,0x00,0x00,0x00,0x00,0x00,0x00,0x00,0x00,0x00,0x00,0x00,0x00,0x00,0x00,0x00,0x00,0x00,0x00,0x00,0x00,0x00,0x00,0x00,0x00,0x00,0x00,0x00,0x00,0x00,0x00,0x00,0x00,0x00,0x00,0x00,0x00,0x00,0x00,0x00,0x00,0x00,0x00,0x00,0x00,0x00,0x00,0x00,0x00,0x00,0x00,0x00,0x00,0x09,0x00,0x22,0x62,0x62,0x21,0x01,0x00,0x00,0x00,0x00,0x00,0x00,0x00,0x00,0x00,0x00,0x00,0x00,0x00,0x00,0x00,0x00,0x00,0x00,0x00,0x00,0x00,0x00,0x00,0x00,0x00,0x00,0x00,0x00,0x00,0x00,0x00,0x00,0x00,0x00,0x00,0x00,0x00,0x00,0x00,0x00,0x00,0x00,0x00,0x00,0x00,0x00,0x00,0x00,0x00,0x00,0x00,0x00,0x00,0x00,0x00,0x00,0x00,0x00,0x00,0x00,0x00,0x00,0x00,0x00,0x00,0x00,0x00,0x00,0x00,0x00,0x00,0x00,0x00,0x00,0x00,0x00,0x00,0x00,
    0x00,0x00,0x00,0x00,0x00,0x00,0x00,0x00,0x00,0x00,0x00,0x00,0x00,0x00,0x00,0x00,0x00,0x00,0x00,0x00,0x00,0x00,0x00,0x00,0x00,0x00,0x00,0x00,0x00,0x00,0x00,0x00,0x00,0x00,0x00,0x00,0x00,0x00,0x00,0x00,0x00,0x00,0x00,0x00,0x00,0x00,0x00,0x00,0x00,0x00,0x00,0x00,0x00,0x00,0x00,0x00,0x00,0x00,0x06,0x00,0x56,0xc7,0x5a,0x0f,0x00,0x01,0x00,0x00,0x00,0x00,0x00,0x00,0x00,0x00,0x00,0x00,0x00,0x00,0x00,0x00,0x00,0x00,0x00,0x00,0x00,0x00,0x00,0x00,0x00,0x00,0x00,0x00,0x00,0x00,0x00,0x00,0x00,0x00,0x00,0x00,0x00,0x00,0x00,0x00,0x00,0x00,0x00,0x00,0x00,0x00,0x00,0x00,0x00,0x00,0x00,0x00,0x00,0x00,0x00,0x00,0x00,0x00,0x00,0x00,0x00,0x00,0x00,0x00,0x00,0x00,0x00,0x00,0x00,0x00,0x00,0x00,0x00,0x00,0x00,0x00,0x00,0x00,0x00,0x00,
    0x00,0x00,0x00,0x00,0x00,0x00,0x00,0x00,0x00,0x00,0x00,0x00,0x00,0x00,0x00,0x00,0x00,0x00,0x00,0x00,0x00,0x00,0x00,0x00,0x00,0x00,0x00,0x00,0x00,0x00,0x00,0x00,0x00,0x00,0x00,0x00,0x00,0x00,0x00,0x00,0x00,0x00,0x00,0x00,0x00,0x00,0x00,0x00,0x00,0x00,0x00,0x00,0x00,0x00,0x00,0x00,0x00,0x09,0x00,0x36,0xe2,0x5d,0x00,0x00,0x02,0x00,0x00,0x00,0x00,0x00,0x00,0x00,0x00,0x00,0x00,0x00,0x00,0x00,0x00,0x00,0x00,0x00,0x00,0x00,0x00,0x00,0x00,0x00,0x00,0x00,0x00,0x00,0x00,0x00,0x00,0x00,0x00,0x00,0x00,0x00,0x00,0x00,0x00,0x00,0x00,0x00,0x00,0x00,0x00,0x00,0x00,0x00,0x00,0x00,0x00,0x00,0x00,0x00,0x00,0x00,0x00,0x00,0x00,0x00,0x00,0x00,0x00,0x00,0x00,0x00,0x00,0x00,0x00,0x00,0x00,0x00,0x00,0x00,0x00,0x00,0x00,0x00,0x00,0x00,
    0x00,0x00,0x00,0x00,0x00,0x00,0x00,0x00,0x00,0x00,0x00,0x00,0x00,0x00,0x00,0x00,0x00,0x00,0x00,0x00,0x00,0x00,0x00,0x00,0x00,0x00,0x00,0x00,0x00,0x00,0x00,0x00,0x00,0x00,0x00,0x00,0x00,0x00,0x00,0x00,0x00,0x00,0x00,0x00,0x00,0x00,0x00,0x00,0x00,0x00,0x00,0x00,0x00,0x00,0x00,0x00,0x09,0x01,0x45,0x3c,0x88,0x5e,0x00,0x04,0x00,0x00,0x00,0x00,0x00,0x00,0x00,0x00,0x00,0x00,0x00,0x00,0x00,0x00,0x00,0x00,0x00,0x00,0x00,0x00,0x00,0x00,0x00,0x00,0x00,0x00,0x00,0x00,0x00,0x00,0x00,0x00,0x00,0x00,0x00,0x00,0x00,0x00,0x00,0x00,0x00,0x00,0x00,0x00,0x00,0x00,0x00,0x00,0x00,0x00,0x00,0x00,0x00,0x00,0x00,0x00,0x00,0x00,0x00,0x00,0x00,0x00,0x00,0x00,0x00,0x00,0x00,0x00,0x00,0x00,0x00,0x00,0x00,0x00,0x00,0x00,0x00,0x00,0x00,0x00,
    0x00,0x00,0x00,0x00,0x00,0x00,0x00,0x00,0x00,0x00,0x00,0x00,0x00,0x00,0x00,0x00,0x00,0x00,0x00,0x00,0x00,0x00,0x00,0x00,0x00,0x00,0x00,0x00,0x00,0x00,0x00,0x00,0x00,0x00,0x00,0x00,0x00,0x00,0x00,0x00,0x00,0x00,0x00,0x00,0x00,0x00,0x00,0x00,0x00,0x00,0x00,0x00,0x00,0x00,0x00,0x00,0x04,0x00,0x2f,0xad,0x0a,0x47,0x01,0x07,0x00,0x00,0x00,0x00,0x00,0x00,0x00,0x00,0x00,0x00,0x00,0x00,0x00,0x00,0x00,0x00,0x00,0x00,0x00,0x00,0x00,0x00,0x00,0x00,0x00,0x00,0x00,0x00,0x00,0x00,0x00,0x00,0x00,0x00,0x00,0x00,0x00,0x00,0x00,0x00,0x00,0x00,0x00,0x00,0x00,0x00,0x00,0x00,0x00,0x00,0x00,0x00,0x00,0x00,0x00,0x00,0x00,0x00,0x00,0x00,0x00,0x00,0x00,0x00,0x00,0x00,0x00,0x00,0x00,0x00,0x00,0x00,0x00,0x00,0x00,0x00,0x00,0x00,0x00,0x00,
    0x00,0x00,0x00,0x00,0x00,0x00,0x00,0x00,0x00,0x00,0x00,0x00,0x00,0x00,0x00,0x00,0x00,0x00,0x00,0x00,0x00,0x00,0x00,0x00,0x00,0x00,0x00,0x00,0x00,0x00,0x00,0x00,0x00,0x00,0x00,0x00,0x00,0x00,0x00,0x00,0x00,0x00,0x00,0x00,0x00,0x00,0x00,0x00,0x00,0x00,0x00,0x00,0x00,0x00,0x00,0x00,0x07,0x00,0x47,0x0a,0xa1,0x36,0x03,0x04,0x00,0x00,0x00,0x00,0x00,0x00,0x00,0x00,0x00,0x00,0x00,0x00,0x00,0x00,0x00,0x00,0x00,0x00,0x00,0x00,0x00,0x00,0x00,0x00,0x00,0x00,0x00,0x00,0x00,0x00,0x00,0x00,0x00,0x00,0x00,0x00,0x00,0x00,0x00,0x00,0x00,0x00,0x00,0x00,0x00,0x00,0x00,0x00,0x00,0x00,0x00,0x00,0x00,0x00,0x00,0x00,0x00,0x00,0x00,0x00,0x00,0x00,0x00,0x00,0x00,0x00,0x00,0x00,0x00,0x00,0x00,0x00,0x00,0x00,0x00,0x00,0x00,0x00,0x00,0x00,
    0x00,0x00,0x00,0x00,0x00,0x00,0x00,0x00,0x00,0x00,0x00,0x00,0x00,0x00,0x00,0x00,0x00,0x00,0x00,0x00,0x00,0x00,0x00,0x00,0x00,0x00,0x00,0x00,0x00,0x00,0x00,0x00,0x00,0x00,0x00,0x00,0x00,0x00,0x00,0x00,0x00,0x00,0x00,0x00,0x00,0x00,0x00,0x00,0x00,0x00,0x00,0x00,0x00,0x00,0x00,0x00,0x04,0x00,0x31,0x88,0xe2,0x50,0x00,0x03,0x00,0x00,0x00,0x00,0x00,0x00,0x00,0x00,0x00,0x00,0x00,0x00,0x00,0x00,0x00,0x00,0x00,0x00,0x00,0x00,0x00,0x00,0x00,0x00,0x00,0x00,0x00,0x00,0x00,0x00,0x00,0x00,0x00,0x00,0x00,0x00,0x00,0x00,0x00,0x00,0x00,0x00,0x00,0x00,0x00,0x00,0x00,0x00,0x00,0x00,0x00,0x00,0x00,0x00,0x00,0x00,0x00,0x00,0x00,0x00,0x00,0x00,0x00,0x00,0x00,0x00,0x00,0x00,0x00,0x00,0x00,0x00,0x00,0x00,0x00,0x00,0x00,0x00,0x00,0x00,
    0x00,0x00,0x00,0x00,0x00,0x00,0x00,0x00,0x00,0x00,0x00,0x00,0x00,0x00,0x00,0x00,0x00,0x00,0x00,0x00,0x00,0x00,0x00,0x00,0x00,0x00,0x00,0x00,0x00,0x00,0x00,0x00,0x00,0x00,0x00,0x00,0x00,0x00,0x00,0x00,0x00,0x00,0x00,0x00,0x00,0x00,0x00,0x00,0x00,0x00,0x00,0x00,0x00,0x00,0x00,0x00,0x09,0x00,0x55,0x88,0x0d,0xa6,0x55,0x02,0x04,0x00,0x00,0x01,0x03,0x09,0x04,0x04,0x07,0x07,0x06,0x07,0x07,0x07,0x04,0x04,0x06,0x03,0x00,0x00,0x00,0x00,0x00,0x00,0x00,0x00,0x00,0x00,0x00,0x00,0x00,0x00,0x00,0x00,0x00,0x00,0x00,0x00,0x00,0x00,0x00,0x00,0x00,0x00,0x00,0x00,0x00,0x00,0x00,0x00,0x00,0x00,0x00,0x00,0x00,0x00,0x00,0x00,0x00,0x00,0x00,0x00,0x00,0x00,0x00,0x00,0x00,0x00,0x00,0x00,0x00,0x00,0x00,0x00,0x00,0x00,0x00,0x00,0x00,0x00,
    0x00,0x00,0x00,0x00,0x00,0x00,0x00,0x00,0x00,0x00,0x00,0x00,0x00,0x00,0x00,0x00,0x00,0x00,0x00,0x00,0x00,0x00,0x00,0x00,0x00,0x00,0x00,0x00,0x00,0x00,0x00,0x00,0x00,0x00,0x00,0x00,0x00,0x00,0x00,0x00,0x00,0x00,0x00,0x00,0x00,0x00,0x00,0x00,0x00,0x00,0x00,0x00,0x00,0x00,0x00,0x00,0x00,0x06,0x07,0x48,0x0d,0x99,0x24,0x00,0x00,0x06,0x04,0x00,0x00,0x00,0x00,0x00,0x00,0x00,0x00,0x00,0x00,0x00,0x00,0x00,0x00,0x00,0x06,0x06,0x03,0x00,0x00,0x00,0x00,0x00,0x00,0x00,0x00,0x00,0x00,0x00,0x00,0x00,0x00,0x00,0x00,0x00,0x00,0x00,0x00,0x00,0x00,0x00,0x00,0x00,0x00,0x00,0x00,0x00,0x00,0x00,0x00,0x00,0x00,0x00,0x00,0x00,0x00,0x00,0x00,0x00,0x00,0x00,0x00,0x00,0x00,0x00,0x00,0x00,0x00,0x00,0x00,0x00,0x00,0x00,0x00,0x00,0x00,0x00,
    0x00,0x00,0x00,0x00,0x00,0x00,0x00,0x00,0x00,0x00,0x00,0x00,0x00,0x00,0x00,0x00,0x00,0x00,0x00,0x00,0x00,0x00,0x00,0x00,0x00,0x00,0x00,0x00,0x00,0x00,0x00,0x00,0x00,0x00,0x00,0x00,0x00,0x00,0x00,0x00,0x00,0x00,0x00,0x00,0x00,0x00,0x00,0x00,0x00,0x00,0x00,0x00,0x00,0x00,0x00,0x00,0x00,0x06,0x00,0x17,0xa1,0xa1,0x88,0x36,0x45,0x00,0x00,0x00,0x10,0x55,0x34,0x26,0x3d,0x3a,0x3a,0x3a,0x3a,0x67,0x5c,0x34,0x17,0x23,0x00,0x00,0x00,0x09,0x09,0x00,0x00,0x00,0x00,0x00,0x00,0x00,0x00,0x00,0x00,0x00,0x00,0x00,0x00,0x00,0x00,0x00,0x00,0x00,0x00,0x00,0x00,0x00,0x00,0x00,0x00,0x00,0x00,0x00,0x00,0x00,0x00,0x00,0x00,0x00,0x00,0x00,0x00,0x00,0x00,0x00,0x00,0x00,0x00,0x00,0x00,0x00,0x00,0x00,0x00,0x00,0x00,0x00,0x00,0x00,0x00,0x00,
    0x00,0x00,0x00,0x00,0x00,0x00,0x00,0x00,0x00,0x00,0x00,0x00,0x00,0x00,0x00,0x00,0x00,0x00,0x00,0x00,0x00,0x00,0x00,0x00,0x00,0x00,0x00,0x00,0x00,0x00,0x00,0x00,0x00,0x00,0x00,0x00,0x00,0x00,0x00,0x00,0x00,0x00,0x00,0x00,0x00,0x00,0x00,0x00,0x00,0x00,0x00,0x00,0x00,0x00,0x00,0x00,0x00,0x00,0x04,0x00,0x32,0x2c,0xe2,0x99,0x61,0x50,0x42,0x5d,0x4a,0x4a,0x99,0xa1,0xaa,0x90,0xaa,0x95,0xea,0x90,0xc9,0xad,0xa1,0x4a,0x24,0x26,0x23,0x00,0x00,0x06,0x06,0x00,0x00,0x00,0x00,0x00,0x00,0x00,0x00,0x00,0x00,0x00,0x00,0x00,0x00,0x00,0x00,0x00,0x00,0x00,0x00,0x00,0x00,0x00,0x00,0x00,0x00,0x00,0x00,0x00,0x00,0x00,0x00,0x00,0x00,0x00,0x00,0x00,0x00,0x00,0x00,0x00,0x00,0x00,0x00,0x00,0x00,0x00,0x00,0x00,0x00,0x00,0x00,0x00,0x00,0x00,
    0x00,0x00,0x00,0x00,0x00,0x00,0x00,0x00,0x00,0x00,0x00,0x00,0x00,0x00,0x00,0x00,0x00,0x00,0x00,0x00,0x00,0x00,0x00,0x00,0x00,0x00,0x00,0x00,0x00,0x00,0x00,0x00,0x00,0x00,0x00,0x00,0x00,0x00,0x00,0x00,0x00,0x00,0x00,0x00,0x00,0x00,0x00,0x00,0x00,0x00,0x00,0x00,0x00,0x00,0x00,0x09,0x06,0x04,0x00,0x00,0x00,0x28,0x50,0x99,0xa6,0xc9,0x88,0x0d,0x7f,0x79,0x70,0x78,0x79,0x79,0x7f,0x94,0x7f,0x7c,0x76,0x87,0x7c,0x94,0x1b,0xa1,0x43,0x5a,0x2e,0x00,0x00,0x07,0x00,0x00,0x00,0x00,0x00,0x00,0x00,0x00,0x00,0x00,0x00,0x00,0x00,0x00,0x00,0x00,0x00,0x00,0x00,0x00,0x00,0x00,0x00,0x00,0x00,0x00,0x00,0x00,0x00,0x00,0x00,0x00,0x00,0x00,0x00,0x00,0x00,0x00,0x00,0x00,0x00,0x00,0x00,0x00,0x00,0x00,0x00,0x00,0x00,0x00,0x00,0x00,0x00,0x00,
    0x00,0x00,0x00,0x00,0x00,0x00,0x00,0x00,0x00,0x00,0x00,0x00,0x00,0x00,0x00,0x00,0x00,0x00,0x00,0x00,0x00,0x00,0x00,0x00,0x00,0x00,0x00,0x00,0x00,0x00,0x00,0x00,0x00,0x00,0x00,0x00,0x00,0x00,0x00,0x00,0x00,0x00,0x00,0x00,0x00,0x00,0x00,0x00,0x00,0x00,0x00,0x00,0x00,0x02,0x09,0x00,0x00,0x00,0x0f,0x23,0x32,0x30,0x44,0xa1,0x93,0x78,0x78,0x7f,0x79,0x79,0x79,0x7f,0x7f,0x7f,0x78,0x78,0x78,0x78,0x78,0x7f,0x78,0x78,0x70,0x91,0x0d,0xb8,0xc0,0x24,0x27,0x00,0x06,0x03,0x00,0x00,0x00,0x00,0x00,0x00,0x00,0x00,0x00,0x00,0x00,0x00,0x00,0x00,0x00,0x00,0x00,0x00,0x00,0x00,0x00,0x00,0x00,0x00,0x00,0x00,0x00,0x00,0x00,0x00,0x00,0x00,0x00,0x00,0x00,0x00,0x00,0x00,0x00,0x00,0x00,0x00,0x00,0x00,0x00,0x00,0x00,0x00,0x00,0x00,0x00,0x00,
    0x00,0x00,0x00,0x00,0x00,0x00,0x00,0x00,0x00,0x00,0x00,0x00,0x00,0x00,0x00,0x00,0x00,0x00,0x00,0x00,0x00,0x00,0x00,0x00,0x00,0x00,0x00,0x00,0x00,0x00,0x00,0x00,0x00,0x00,0x00,0x00,0x00,0x00,0x00,0x00,0x00,0x00,0x00,0x00,0x00,0x00,0x00,0x00,0x00,0x00,0x00,0x02,0x03,0x00,0x00,0x27,0x31,0x42,0x66,0x33,0xa2,0x7d,0x87,0x77,0x77,0x7c,0x78,0x78,0x78,0x78,0x78,0x78,0x78,0x78,0x78,0x78,0x78,0x78,0x78,0x78,0x7f,0x78,0x78,0x78,0x70,0x91,0x0a,0x0a,0x0a,0x5e,0x00,0x00,0x09,0x00,0x00,0x00,0x00,0x00,0x00,0x00,0x00,0x00,0x00,0x00,0x00,0x00,0x00,0x00,0x00,0x00,0x00,0x00,0x00,0x00,0x00,0x00,0x00,0x00,0x00,0x00,0x00,0x00,0x00,0x00,0x00,0x00,0x00,0x00,0x00,0x00,0x00,0x00,0x00,0x00,0x00,0x00,0x00,0x00,0x00,0x00,0x00,0x00,0x00,0x00,
    0x00,0x00,0x00,0x00,0x00,0x00,0x00,0x00,0x00,0x00,0x00,0x00,0x00,0x00,0x00,0x00,0x00,0x00,0x00,0x00,0x00,0x00,0x00,0x00,0x00,0x00,0x00,0x00,0x00,0x00,0x00,0x00,0x00,0x00,0x00,0x00,0x00,0x00,0x00,0x00,0x00,0x00,0x00,0x00,0x00,0x00,0x00,0x00,0x00,0x00,0x02,0x00,0x00,0x34,0x5d,0x48,0x56,0x24,0x20,0xe2,0x0d,0x7d,0x94,0x7a,0x7a,0x6c,0x6c,0x70,0x78,0x78,0x78,0x78,0x78,0x78,0x78,0x78,0x78,0x78,0x78,0x78,0x78,0x78,0x78,0x78,0x78,0x78,0x78,0x74,0xaa,0x0d,0x5b,0x45,0x00,0x04,0x00,0x00,0x00,0x00,0x00,0x00,0x00,0x00,0x00,0x00,0x00,0x00,0x00,0x00,0x00,0x00,0x00,0x00,0x00,0x00,0x00,0x00,0x00,0x00,0x00,0x00,0x00,0x00,0x00,0x00,0x00,0x00,0x00,0x00,0x00,0x00,0x00,0x00,0x00,0x00,0x00,0x00,0x00,0x00,0x00,0x00,0x00,0x00,0x00,0x00,
    0x00,0x00,0x00,0x00,0x00,0x00,0x00,0x00,0x00,0x00,0x00,0x00,0x00,0x00,0x00,0x00,0x00,0x00,0x00,0x00,0x00,0x00,0x00,0x00,0x00,0x00,0x00,0x00,0x00,0x00,0x00,0x00,0x00,0x00,0x00,0x00,0x00,0x00,0x00,0x00,0x00,0x00,0x00,0x00,0x00,0x00,0x00,0x00,0x01,0x01,0x00,0x2e,0x5a,0x5a,0x32,0x00,0x32,0x44,0x93,0x70,0x7f,0x79,0x7f,0x78,0x78,0x78,0x7a,0x78,0x78,0x78,0x78,0x78,0x78,0x78,0x78,0x78,0x78,0x78,0x78,0x78,0x78,0x78,0x78,0x78,0x78,0x78,0x78,0x94,0x7c,0x74,0x0a,0x61,0x34,0x00,0x04,0x00,0x00,0x00,0x00,0x00,0x00,0x00,0x00,0x00,0x00,0x00,0x00,0x00,0x00,0x00,0x00,0x00,0x00,0x00,0x00,0x00,0x00,0x00,0x00,0x00,0x00,0x00,0x00,0x00,0x00,0x00,0x00,0x00,0x00,0x00,0x00,0x00,0x00,0x00,0x00,0x00,0x00,0x00,0x00,0x00,0x00,0x00,0x00,0x00,
    0x00,0x00,0x00,0x00,0x00,0x00,0x00,0x00,0x00,0x00,0x00,0x00,0x00,0x00,0x00,0x00,0x00,0x00,0x00,0x00,0x00,0x00,0x00,0x00,0x00,0x00,0x00,0x00,0x00,0x00,0x00,0x00,0x00,0x00,0x00,0x00,0x00,0x00,0x00,0x00,0x00,0x00,0x00,0x00,0x00,0x00,0x00,0x09,0x00,0x00,0x21,0x40,0x2e,0x00,0x00,0x21,0x9a,0x7e,0x76,0x74,0x7d,0x7a,0x7d,0x7a,0x7f,0x79,0x7f,0x7f,0x70,0x7f,0x7f,0x7f,0x7f,0x78,0x78,0x78,0x78,0x78,0x78,0x78,0x7a,0x94,0x7d,0x7d,0x7d,0x7d,0x74,0x6c,0x6c,0x74,0x87,0x0a,0xa6,0x26,0x00,0x04,0x00,0x00,0x00,0x00,0x00,0x00,0x00,0x00,0x00,0x00,0x00,0x00,0x00,0x00,0x00,0x00,0x00,0x00,0x00,0x00,0x00,0x00,0x00,0x00,0x00,0x00,0x00,0x00,0x00,0x00,0x00,0x00,0x00,0x00,0x00,0x00,0x00,0x00,0x00,0x00,0x00,0x00,0x00,0x00,0x00,0x00,0x00,0x00,
    0x00,0x00,0x00,0x00,0x00,0x00,0x00,0x00,0x00,0x00,0x00,0x00,0x00,0x00,0x00,0x00,0x00,0x00,0x00,0x00,0x00,0x00,0x00,0x00,0x00,0x00,0x00,0x00,0x00,0x00,0x00,0x00,0x00,0x00,0x00,0x00,0x00,0x00,0x00,0x00,0x00,0x00,0x00,0x00,0x00,0x00,0x01,0x00,0x04,0x3f,0x21,0x04,0x00,0x00,0x59,0x9b,0x74,0x76,0x6c,0x6c,0x6c,0x77,0x77,0x6c,0x78,0x79,0x79,0x78,0x88,0x93,0x79,0x79,0x79,0x7f,0x78,0x78,0x78,0x78,0x7a,0x74,0x7d,0x6c,0x74,0x6c,0x6c,0x6c,0x6c,0x6c,0x6c,0x6c,0x94,0x7d,0x83,0xa6,0x34,0x00,0x02,0x00,0x00,0x00,0x00,0x00,0x00,0x00,0x00,0x00,0x00,0x00,0x00,0x00,0x00,0x00,0x00,0x00,0x00,0x00,0x00,0x00,0x00,0x00,0x00,0x00,0x00,0x00,0x00,0x00,0x00,0x00,0x00,0x00,0x00,0x00,0x00,0x00,0x00,0x00,0x00,0x00,0x00,0x00,0x00,0x00,0x00,0x00,
    0x00,0x00,0x00,0x00,0x00,0x00,0x00,0x00,0x00,0x00,0x00,0x00,0x00,0x00,0x00,0x00,0x00,0x00,0x00,0x00,0x00,0x00,0x00,0x00,0x00,0x00,0x00,0x00,0x00,0x00,0x00,0x00,0x00,0x00,0x00,0x00,0x00,0x00,0x00,0x00,0x00,0x00,0x00,0x00,0x00,0x01,0x03,0x0f,0x21,0x36,0x00,0x06,0x00,0x2f,0x99,0x7c,0x6c,0x74,0x6c,0x6c,0x6c,0x7d,0x7a,0x94,0x78,0x79,0x7f,0x93,0xac,0x94,0x94,0x7f,0x78,0x78,0x78,0x78,0x94,0x74,0x74,0x87,0xa1,0x85,0x87,0x74,0x6c,0x7a,0x7a,0x7a,0x7a,0x70,0x70,0x7c,0x87,0x0a,0x43,0x23,0x03,0x09,0x00,0x00,0x00,0x00,0x00,0x00,0x00,0x00,0x00,0x00,0x00,0x00,0x00,0x00,0x00,0x00,0x00,0x00,0x00,0x00,0x00,0x00,0x00,0x00,0x00,0x00,0x00,0x00,0x00,0x00,0x00,0x00,0x00,0x00,0x00,0x00,0x00,0x00,0x00,0x00,0x00,0x00,0x00,0x00,0x00,0x00,
    0x00,0x00,0x00,0x00,0x00,0x00,0x00,0x00,0x00,0x00,0x00,0x00,0x00,0x00,0x00,0x00,0x00,0x00,0x00,0x00,0x00,0x00,0x00,0x00,0x00,0x00,0x00,0x00,0x00,0x00,0x00,0x00,0x00,0x00,0x00,0x00,0x00,0x00,0x00,0x00,0x00,0x00,0x00,0x00,0x03,0x01,0x02,0x21,0x2e,0x00,0x0f,0x00,0x5c,0x9a,0x7d,0x6c,0x74,0x6c,0x6c,0x74,0x78,0x78,0x78,0x78,0x78,0x78,0xaa,0xc7,0xa6,0x90,0x8b,0x7d,0x78,0x78,0x78,0x7d,0x6c,0x6c,0x74,0x84,0xa2,0xc0,0x90,0x74,0x94,0x70,0x78,0x78,0x78,0x7a,0x6c,0x6c,0x74,0x84,0xb0,0x50,0x00,0x06,0x01,0x00,0x00,0x00,0x00,0x00,0x00,0x00,0x00,0x00,0x00,0x00,0x00,0x00,0x00,0x00,0x00,0x00,0x00,0x00,0x00,0x00,0x00,0x00,0x00,0x00,0x00,0x00,0x00,0x00,0x00,0x00,0x00,0x00,0x00,0x00,0x00,0x00,0x00,0x00,0x00,0x00,0x00,0x00,0x00,0x00,
    0x00,0x00,0x00,0x00,0x00,0x00,0x00,0x00,0x00,0x00,0x00,0x00,0x00,0x00,0x00,0x00,0x00,0x00,0x00,0x00,0x00,0x00,0x00,0x00,0x00,0x00,0x00,0x00,0x00,0x00,0x00,0x00,0x00,0x00,0x00,0x00,0x00,0x00,0x00,0x00,0x00,0x00,0x00,0x01,0x00,0x00,0x3f,0x2e,0x00,0x0f,0x00,0x17,0x92,0x9d,0x8b,0x74,0x6c,0x74,0x7d,0x94,0x79,0x79,0x78,0x78,0x94,0x95,0xed,0xe5,0xa5,0x7e,0x74,0x6c,0x78,0x78,0x78,0x94,0x6c,0x6c,0x6c,0x87,0x93,0xf2,0xef,0x7f,0x78,0x93,0x0a,0x7d,0x74,0x6c,0x6c,0x74,0x77,0x98,0x89,0x8f,0x30,0x00,0x04,0x00,0x00,0x00,0x00,0x00,0x00,0x00,0x00,0x00,0x00,0x00,0x00,0x00,0x00,0x00,0x00,0x00,0x00,0x00,0x00,0x00,0x00,0x00,0x00,0x00,0x00,0x00,0x00,0x00,0x00,0x00,0x00,0x00,0x00,0x00,0x00,0x00,0x00,0x00,0x00,0x00,0x00,0x00,0x00,0x00,
    0x00,0x00,0x00,0x00,0x00,0x00,0x00,0x00,0x00,0x00,0x00,0x00,0x00,0x00,0x00,0x00,0x00,0x00,0x00,0x00,0x00,0x00,0x00,0x00,0x00,0x00,0x00,0x00,0x00,0x00,0x00,0x00,0x00,0x00,0x00,0x00,0x00,0x00,0x00,0x00,0x00,0x00,0x01,0x02,0x04,0x3f,0x21,0x00,0x0f,0x03,0x45,0x39,0x9d,0x98,0x74,0x87,0x77,0x6c,0x7a,0x78,0x7f,0x70,0x7a,0x7c,0x90,0x99,0xd3,0xd7,0x14,0x7e,0x74,0x6c,0x94,0x7a,0x7d,0x94,0x7a,0x7a,0x94,0x7f,0x93,0xd0,0xed,0xc0,0x7a,0x0a,0xd0,0x6c,0x6c,0x6c,0x6c,0x6c,0x74,0x9d,0x98,0x89,0x8f,0x2a,0x00,0x06,0x00,0x00,0x00,0x00,0x00,0x00,0x00,0x00,0x00,0x00,0x00,0x00,0x00,0x00,0x00,0x00,0x00,0x00,0x00,0x00,0x00,0x00,0x00,0x00,0x00,0x00,0x00,0x00,0x00,0x00,0x00,0x00,0x00,0x00,0x00,0x00,0x00,0x00,0x00,0x00,0x00,0x00,0x00,0x00,
    0x00,0x00,0x00,0x00,0x00,0x00,0x00,0x00,0x00,0x00,0x00,0x00,0x00,0x00,0x00,0x00,0x00,0x00,0x00,0x00,0x00,0x00,0x00,0x00,0x00,0x00,0x00,0x00,0x00,0x00,0x00,0x00,0x00,0x00,0x00,0x00,0x00,0x00,0x00,0x00,0x00,0x00,0x02,0x00,0x21,0x21,0x00,0x02,0x04,0x02,0x24,0x1a,0x98,0x7c,0x7a,0x6c,0x6c,0x94,0x78,0x6c,0x76,0x1b,0x83,0x7e,0xc9,0xa6,0x8e,0xd4,0x14,0x95,0x74,0x7d,0x7d,0x7d,0x7d,0x70,0x78,0x78,0x79,0x79,0x79,0xd0,0x81,0xd4,0xa6,0xea,0x99,0xa1,0x7e,0x77,0x6c,0x6c,0x6c,0x77,0x9d,0x84,0x7c,0x44,0x27,0x03,0x09,0x00,0x00,0x00,0x00,0x00,0x00,0x00,0x00,0x00,0x00,0x00,0x00,0x00,0x00,0x00,0x00,0x00,0x00,0x00,0x00,0x00,0x00,0x00,0x00,0x00,0x00,0x00,0x00,0x00,0x00,0x00,0x00,0x00,0x00,0x00,0x00,0x00,0x00,0x00,0x00,0x00,0x00,0x00,
    0x00,0x00,0x00,0x00,0x00,0x00,0x00,0x00,0x00,0x00,0x00,0x00,0x00,0x00,0x00,0x00,0x00,0x00,0x00,0x00,0x00,0x00,0x00,0x00,0x00,0x00,0x00,0x00,0x00,0x00,0x00,0x00,0x00,0x00,0x00,0x00,0x00,0x00,0x00,0x00,0x00,0x09,0x00,0x28,0x66,0x0f,0x02,0x04,0x00,0x26,0xa2,0x8e,0x86,0x7c,0x7a,0x8b,0x7c,0x94,0x74,0x87,0x1b,0xb8,0x87,0x76,0xa6,0x8f,0xbc,0xad,0x35,0x78,0x79,0x7f,0x78,0x78,0x78,0x78,0x78,0x78,0x7f,0x79,0x78,0xb8,0x8f,0x84,0x92,0xa5,0x76,0xdf,0x76,0x77,0x6c,0x6c,0x6c,0x6c,0x74,0x6c,0x94,0xa1,0x24,0x00,0x04,0x00,0x00,0x00,0x00,0x00,0x00,0x00,0x00,0x00,0x00,0x00,0x00,0x00,0x00,0x00,0x00,0x00,0x00,0x00,0x00,0x00,0x00,0x00,0x00,0x00,0x00,0x00,0x00,0x00,0x00,0x00,0x00,0x00,0x00,0x00,0x00,0x00,0x00,0x00,0x00,0x00,0x00,0x00,
    0x00,0x00,0x00,0x00,0x00,0x00,0x00,0x00,0x00,0x00,0x00,0x00,0x00,0x00,0x00,0x00,0x00,0x00,0x00,0x00,0x00,0x00,0x00,0x00,0x00,0x00,0x00,0x00,0x00,0x00,0x00,0x00,0x00,0x00,0x00,0x00,0x00,0x00,0x00,0x00,0x00,0x02,0x09,0x3f,0x2e,0x00,0x04,0x09,0x23,0x39,0x83,0x84,0x81,0x74,0x74,0x7e,0xaa,0x87,0x8b,0x87,0xa6,0x93,0xab,0xad,0xd7,0xab,0x89,0x92,0xd0,0x70,0x7f,0x79,0x7f,0x7f,0x78,0x78,0x78,0x78,0x78,0x94,0x95,0xa6,0x97,0x98,0x89,0x92,0x1a,0x99,0x93,0x87,0x74,0x6c,0x6c,0x6c,0x6c,0x74,0x87,0x93,0x43,0x28,0x09,0x09,0x00,0x00,0x00,0x00,0x00,0x00,0x00,0x00,0x00,0x00,0x00,0x00,0x00,0x00,0x00,0x00,0x00,0x00,0x00,0x00,0x00,0x00,0x00,0x00,0x00,0x00,0x00,0x00,0x00,0x00,0x00,0x00,0x00,0x00,0x00,0x00,0x00,0x00,0x00,0x00,0x00,0x00,
    0x00,0x00,0x00,0x00,0x00,0x00,0x00,0x00,0x00,0x00,0x00,0x00,0x00,0x00,0x00,0x00,0x00,0x00,0x00,0x00,0x00,0x00,0x00,0x00,0x00,0x00,0x00,0x00,0x00,0x00,0x00,0x00,0x00,0x00,0x00,0x00,0x00,0x00,0x00,0x00,0x02,0x00,0x34,0x3f,0x00,0x02,0x04,0x00,0x36,0xa5,0x8b,0x81,0x6c,0x74,0x90,0xd4,0xb8,0xc9,0x90,0x35,0xb8,0xea,0xc9,0x92,0x98,0xd7,0x92,0x3c,0xd0,0x91,0x88,0x79,0x79,0x7f,0x78,0x78,0x78,0x94,0x74,0x74,0x87,0x20,0xb9,0xd4,0xd3,0x1a,0x92,0x14,0x99,0x7e,0x7c,0x74,0x6c,0x74,0x7d,0x6c,0x74,0x76,0xd0,0x36,0x00,0x04,0x00,0x00,0x00,0x00,0x00,0x00,0x00,0x00,0x00,0x00,0x00,0x00,0x00,0x00,0x00,0x00,0x00,0x00,0x00,0x00,0x00,0x00,0x00,0x00,0x00,0x00,0x00,0x00,0x00,0x00,0x00,0x00,0x00,0x00,0x00,0x00,0x00,0x00,0x00,0x00,0x00,0x00,
    0x00,0x00,0x00,0x00,0x00,0x00,0x00,0x00,0x00,0x00,0x00,0x00,0x00,0x00,0x00,0x00,0x00,0x00,0x00,0x00,0x00,0x00,0x00,0x00,0x00,0x00,0x00,0x00,0x00,0x00,0x00,0x00,0x00,0x00,0x00,0x00,0x00,0x00,0x00,0x00,0x09,0x04,0x40,0x28,0x09,0x04,0x01,0x23,0x44,0x1b,0x94,0x94,0x7d,0x7e,0x93,0xbe,0xda,0xbe,0xcc,0xbd,0x99,0x95,0xac,0x92,0x9b,0xd4,0xb0,0xd4,0xa5,0x91,0x3c,0x93,0x70,0x94,0x70,0x7a,0x7a,0x6c,0x77,0x6c,0x84,0xad,0x1a,0x9d,0x9a,0x92,0xb9,0x92,0xb8,0x94,0x94,0x7d,0x6c,0x7d,0x7a,0x6c,0x7a,0x70,0x93,0x2c,0x17,0x00,0x06,0x00,0x00,0x00,0x00,0x00,0x00,0x00,0x00,0x00,0x00,0x00,0x00,0x00,0x00,0x00,0x00,0x00,0x00,0x00,0x00,0x00,0x00,0x00,0x00,0x00,0x00,0x00,0x00,0x00,0x00,0x00,0x00,0x00,0x00,0x00,0x00,0x00,0x00,0x00,0x00,0x00,
    0x00,0x00,0x00,0x00,0x00,0x00,0x00,0x00,0x00,0x00,0x00,0x00,0x00,0x00,0x00,0x00,0x00,0x00,0x00,0x00,0x00,0x00,0x00,0x00,0x00,0x00,0x00,0x00,0x00,0x00,0x00,0x00,0x00,0x00,0x00,0x00,0x00,0x00,0x00,0x09,0x00,0x25,0x40,0x00,0x09,0x04,0x00,0x36,0xad,0x7f,0x79,0x79,0x79,0x95,0xc2,0xd9,0xd5,0xd5,0xd9,0xcb,0xac,0xa1,0x20,0x9a,0x8b,0x8e,0x89,0xd3,0x88,0x0a,0x20,0x1b,0x87,0x74,0x6c,0x6c,0x6c,0x74,0x77,0x7d,0x95,0xad,0x9a,0x7e,0x7e,0x84,0x8f,0xac,0xac,0x0a,0x87,0x74,0x6c,0x6c,0x6c,0x77,0x76,0x78,0x94,0xb8,0x5d,0x00,0x09,0x00,0x00,0x00,0x00,0x00,0x00,0x00,0x00,0x00,0x00,0x00,0x00,0x00,0x00,0x00,0x00,0x00,0x00,0x00,0x00,0x00,0x00,0x00,0x00,0x00,0x00,0x00,0x00,0x00,0x00,0x00,0x00,0x00,0x00,0x00,0x00,0x00,0x00,0x00,0x00,0x00,
    0x00,0x00,0x00,0x00,0x00,0x00,0x00,0x00,0x00,0x00,0x00,0x00,0x00,0x00,0x00,0x00,0x00,0x00,0x00,0x00,0x00,0x00,0x00,0x00,0x00,0x00,0x00,0x00,0x00,0x00,0x00,0x00,0x00,0x00,0x00,0x00,0x00,0x00,0x00,0x02,0x01,0x21,0x21,0x00,0x04,0x09,0x02,0x5b,0x0d,0x7f,0x79,0x79,0x79,0x93,0xe8,0xda,0xda,0xd9,0xd9,0x9f,0xad,0x9b,0xaf,0x84,0x6c,0x7c,0x87,0x9a,0xa2,0xa5,0xd4,0x14,0x7e,0x8b,0x6c,0x6c,0x6c,0x6c,0x7d,0x7f,0x91,0xb8,0x14,0xbc,0x7c,0x7c,0x84,0xaf,0xbd,0x9a,0x7e,0x74,0x6c,0x6c,0x6c,0x77,0x7e,0x94,0x95,0xad,0xa2,0x31,0x00,0x06,0x00,0x00,0x00,0x00,0x00,0x00,0x00,0x00,0x00,0x00,0x00,0x00,0x00,0x00,0x00,0x00,0x00,0x00,0x00,0x00,0x00,0x00,0x00,0x00,0x00,0x00,0x00,0x00,0x00,0x00,0x00,0x00,0x00,0x00,0x00,0x00,0x00,0x00,0x00,0x00,
    0x00,0x00,0x00,0x00,0x00,0x00,0x00,0x00,0x00,0x00,0x00,0x00,0x00,0x00,0x00,0x00,0x00,0x00,0x00,0x00,0x00,0x00,0x00,0x00,0x00,0x00,0x00,0x00,0x00,0x00,0x00,0x00,0x00,0x00,0x00,0x00,0x00,0x00,0x00,0x02,0x00,0x5a,0x2e,0x00,0x04,0x01,0x26,0xad,0x79,0x94,0x7d,0x7f,0x94,0xaa,0x0a,0xad,0xc0,0xee,0xc6,0xe8,0xad,0xb0,0x87,0x7c,0x7c,0x6c,0x84,0x97,0xa6,0xad,0xb0,0xd4,0x87,0x7d,0x76,0x76,0x74,0x95,0x7e,0x7a,0x90,0x9b,0x9a,0xbc,0x8f,0x74,0x7c,0x8e,0xb9,0x9b,0x7a,0x79,0x7d,0x6c,0x6c,0x6c,0x7c,0x8b,0x7e,0x1b,0xa1,0x3a,0x09,0x06,0x00,0x00,0x00,0x00,0x00,0x00,0x00,0x00,0x00,0x00,0x00,0x00,0x00,0x00,0x00,0x00,0x00,0x00,0x00,0x00,0x00,0x00,0x00,0x00,0x00,0x00,0x00,0x00,0x00,0x00,0x00,0x00,0x00,0x00,0x00,0x00,0x00,0x00,0x00,0x00,
    0x00,0x00,0x00,0x00,0x00,0x00,0x00,0x00,0x00,0x00,0x00,0x00,0x00,0x00,0x00,0x00,0x00,0x00,0x00,0x00,0x00,0x00,0x00,0x00,0x00,0x00,0x00,0x00,0x00,0x00,0x00,0x00,0x00,0x00,0x00,0x00,0x00,0x00,0x01,0x01,0x10,0x40,0x10,0x00,0x04,0x00,0x51,0x77,0x7a,0x76,0x77,0x87,0x0a,0xb5,0xa5,0x79,0xea,0xed,0xdd,0xc7,0x97,0x8e,0xaf,0x9d,0x8e,0x83,0x9b,0x8f,0xa6,0x9b,0x8e,0x9b,0x93,0x93,0x93,0x93,0x93,0x93,0x0a,0x0a,0x14,0xa6,0x9a,0x88,0xa6,0xab,0x86,0x7e,0x8f,0x9b,0x93,0x79,0x7a,0x74,0x74,0x7e,0x14,0xad,0x90,0x93,0xa1,0x0a,0x27,0x00,0x06,0x00,0x00,0x00,0x00,0x00,0x00,0x00,0x00,0x00,0x00,0x00,0x00,0x00,0x00,0x00,0x00,0x00,0x00,0x00,0x00,0x00,0x00,0x00,0x00,0x00,0x00,0x00,0x00,0x00,0x00,0x00,0x00,0x00,0x00,0x00,0x00,0x00,0x00,0x00,
    0x00,0x00,0x00,0x00,0x00,0x00,0x00,0x00,0x00,0x00,0x00,0x00,0x00,0x00,0x00,0x00,0x00,0x00,0x00,0x00,0x00,0x00,0x00,0x00,0x00,0x00,0x00,0x00,0x00,0x00,0x00,0x00,0x00,0x00,0x00,0x00,0x00,0x00,0x09,0x00,0x28,0x33,0x23,0x00,0x00,0x64,0x54,0x81,0x7f,0x0a,0x7c,0x90,0xd8,0xda,0x9f,0x9f,0xee,0xb1,0xd2,0x99,0x84,0x81,0x86,0x9a,0xd4,0xb8,0x2c,0x14,0xac,0xac,0x89,0xa2,0xac,0xb8,0x9b,0x92,0x92,0x92,0xd4,0xa6,0x33,0xbd,0xdf,0x88,0xb8,0xa5,0x1a,0x86,0xaf,0x9b,0x99,0x7d,0x74,0x77,0x6c,0x87,0x0d,0xa2,0x95,0x0a,0x99,0x7f,0x31,0x00,0x07,0x00,0x00,0x00,0x00,0x00,0x00,0x00,0x00,0x00,0x00,0x00,0x00,0x00,0x00,0x00,0x00,0x00,0x00,0x00,0x00,0x00,0x00,0x00,0x00,0x00,0x00,0x00,0x00,0x00,0x00,0x00,0x00,0x00,0x00,0x00,0x00,0x00,0x00,0x00,
    0x00,0x00,0x00,0x00,0x00,0x00,0x00,0x00,0x00,0x00,0x00,0x00,0x00,0x00,0x00,0x00,0x00,0x00,0x00,0x00,0x00,0x00,0x00,0x00,0x00,0x00,0x00,0x00,0x00,0x00,0x00,0x00,0x00,0x00,0x00,0x00,0x00,0x00,0x09,0x00,0x28,0xb1,0x0f,0x00,0x00,0x26,0xa5,0x90,0x88,0x88,0x7d,0x78,0xe0,0xd9,0xd5,0xd5,0xd9,0xda,0xcb,0x14,0x87,0x85,0x85,0x0d,0xa2,0x9b,0xb9,0xd7,0xa5,0xb9,0x8e,0x7c,0xb0,0x87,0x77,0x87,0x7e,0x84,0x8e,0x8f,0x9a,0x8f,0x92,0xb9,0xb9,0xb8,0xc9,0x1c,0xbc,0xc0,0xa6,0x7e,0x76,0x1b,0x0d,0x91,0x93,0x88,0x7f,0x7d,0xa2,0x1b,0x51,0x00,0x07,0x00,0x00,0x00,0x00,0x00,0x00,0x00,0x00,0x00,0x00,0x00,0x00,0x00,0x00,0x00,0x00,0x00,0x00,0x00,0x00,0x00,0x00,0x00,0x00,0x00,0x00,0x00,0x00,0x00,0x00,0x00,0x00,0x00,0x00,0x00,0x00,0x00,0x00,0x00,
    0x00,0x00,0x00,0x00,0x00,0x00,0x00,0x00,0x00,0x00,0x00,0x00,0x00,0x00,0x00,0x00,0x00,0x00,0x00,0x00,0x00,0x00,0x00,0x00,0x00,0x00,0x00,0x00,0x00,0x00,0x00,0x00,0x00,0x00,0x00,0x00,0x00,0x00,0x01,0x01,0x15,0x16,0x25,0x00,0x00,0x30,0x93,0x94,0xe2,0x0d,0x87,0x7f,0xee,0x9f,0x9f,0xda,0xd9,0xda,0xbe,0x83,0x83,0xa7,0xdd,0xbd,0x72,0x7b,0x72,0x7b,0xb1,0x8b,0x76,0x74,0x76,0x74,0x6c,0x77,0xaf,0x86,0x9d,0x98,0xd3,0xc5,0x7b,0x73,0x7b,0x73,0xbd,0xed,0xc1,0xa6,0xd0,0x91,0x78,0x99,0x88,0x91,0x0a,0xa5,0xc9,0x95,0x35,0x14,0x2f,0x00,0x04,0x00,0x00,0x00,0x00,0x00,0x00,0x00,0x00,0x00,0x00,0x00,0x00,0x00,0x00,0x00,0x00,0x00,0x00,0x00,0x00,0x00,0x00,0x00,0x00,0x00,0x00,0x00,0x00,0x00,0x00,0x00,0x00,0x00,0x00,0x00,0x00,0x00,0x00,0x00,
    0x00,0x00,0x00,0x00,0x00,0x00,0x00,0x00,0x00,0x00,0x00,0x00,0x00,0x00,0x00,0x00,0x00,0x00,0x00,0x00,0x00,0x00,0x00,0x00,0x00,0x00,0x00,0x00,0x00,0x00,0x00,0x00,0x00,0x00,0x00,0x00,0x00,0x00,0x00,0x02,0x00,0x16,0x2b,0x01,0x64,0x39,0x0a,0x0d,0xe2,0x7a,0x74,0x90,0x90,0x0a,0x14,0x9b,0xd2,0xa3,0xc0,0x87,0x4c,0xcd,0x7b,0x6f,0x20,0xe9,0xd3,0x92,0xc5,0xd2,0x98,0xaf,0x86,0x86,0x86,0x86,0x86,0x86,0x98,0x1a,0xc5,0xcc,0xe9,0x92,0x92,0x20,0x72,0x72,0xc7,0x99,0xa1,0x9b,0x20,0x1b,0x0d,0x87,0x83,0x2c,0x0a,0x7e,0xa5,0xad,0x32,0x00,0x07,0x00,0x00,0x00,0x00,0x00,0x00,0x00,0x00,0x00,0x00,0x00,0x00,0x00,0x00,0x00,0x00,0x00,0x00,0x00,0x00,0x00,0x00,0x00,0x00,0x00,0x00,0x00,0x00,0x00,0x00,0x00,0x00,0x00,0x00,0x00,0x00,0x00,0x00,0x00,
    0x00,0x00,0x00,0x00,0x00,0x00,0x00,0x00,0x00,0x00,0x00,0x00,0x00,0x00,0x00,0x00,0x00,0x00,0x00,0x00,0x00,0x00,0x00,0x00,0x00,0x00,0x00,0x00,0x00,0x00,0x00,0x00,0x00,0x00,0x00,0x00,0x00,0x00,0x00,0x02,0x01,0x0c,0x65,0x00,0x23,0x1b,0x95,0x99,0xd0,0xaa,0x7f,0xcc,0xcc,0xac,0x9b,0x99,0xe5,0xe5,0x8f,0xdb,0xcd,0x7b,0xd2,0x86,0xe9,0xc5,0x13,0xd8,0xb0,0xb5,0xb0,0x9d,0x86,0x86,0x6c,0x6c,0x77,0x6c,0x87,0x99,0x8f,0x97,0xc5,0x72,0x33,0x1a,0x1a,0xbd,0x7b,0xc7,0xe5,0xe2,0xad,0xa5,0x93,0x7e,0x74,0x8f,0x6c,0x95,0x88,0x43,0x46,0x09,0x03,0x00,0x00,0x00,0x00,0x00,0x00,0x00,0x00,0x00,0x00,0x00,0x00,0x00,0x00,0x00,0x00,0x00,0x00,0x00,0x00,0x00,0x00,0x00,0x00,0x00,0x00,0x00,0x00,0x00,0x00,0x00,0x00,0x00,0x00,0x00,0x00,0x00,0x00,0x00,
    0x00,0x00,0x00,0x00,0x00,0x00,0x00,0x00,0x00,0x00,0x00,0x00,0x00,0x00,0x00,0x00,0x00,0x00,0x00,0x00,0x00,0x00,0x00,0x00,0x00,0x00,0x00,0x00,0x00,0x00,0x00,0x00,0x00,0x00,0x00,0x00,0x00,0x00,0x00,0x09,0x00,0x0b,0x4d,0x10,0x46,0x68,0x7e,0xdf,0x88,0x7e,0xc9,0xa4,0xda,0xda,0xda,0xda,0xa4,0xbd,0x8e,0xf2,0x7b,0xcc,0x89,0xb9,0x7b,0xc5,0xb1,0xd2,0xb1,0x98,0x98,0x86,0x86,0x77,0x6c,0x6c,0x6c,0x76,0x83,0xbc,0x97,0x73,0x80,0x20,0xd2,0x72,0x92,0x89,0x33,0x7b,0x4c,0x95,0xa5,0xc0,0x88,0x95,0x94,0x76,0x7d,0x7a,0xa1,0xb8,0x2e,0x00,0x04,0x00,0x00,0x00,0x00,0x00,0x00,0x00,0x00,0x00,0x00,0x00,0x00,0x00,0x00,0x00,0x00,0x00,0x00,0x00,0x00,0x00,0x00,0x00,0x00,0x00,0x00,0x00,0x00,0x00,0x00,0x00,0x00,0x00,0x00,0x00,0x00,0x00,0x00,0x00,
    0x00,0x00,0x00,0x00,0x00,0x00,0x00,0x00,0x00,0x00,0x00,0x00,0x00,0x00,0x00,0x00,0x00,0x00,0x00,0x00,0x00,0x00,0x00,0x00,0x00,0x00,0x00,0x00,0x00,0x00,0x00,0x00,0x00,0x00,0x00,0x00,0x00,0x00,0x00,0x00,0x02,0x00,0x40,0x3f,0x31,0xc9,0x79,0xdf,0x8f,0x84,0x99,0xd6,0xd9,0xd9,0xd9,0xd9,0xd9,0xcc,0x7e,0x9e,0xb1,0x89,0xaf,0x75,0xe6,0x98,0x89,0xcc,0x7b,0xac,0xab,0x8b,0x6c,0x6c,0x6c,0x6c,0x6c,0x7c,0x85,0x84,0xbd,0x13,0x86,0x89,0xb0,0x6a,0x13,0x98,0x98,0x13,0x13,0x74,0x14,0xb1,0xa1,0xaa,0x7f,0x7f,0x78,0x79,0x88,0x0a,0x4a,0x27,0x00,0x07,0x00,0x00,0x00,0x00,0x00,0x00,0x00,0x00,0x00,0x00,0x00,0x00,0x00,0x00,0x00,0x00,0x00,0x00,0x00,0x00,0x00,0x00,0x00,0x00,0x00,0x00,0x00,0x00,0x00,0x00,0x00,0x00,0x00,0x00,0x00,0x00,0x00,0x00,
    0x00,0x00,0x00,0x00,0x00,0x00,0x00,0x00,0x00,0x00,0x00,0x00,0x00,0x00,0x00,0x00,0x00,0x00,0x00,0x00,0x00,0x00,0x00,0x00,0x00,0x00,0x00,0x00,0x00,0x00,0x00,0x00,0x00,0x00,0x00,0x00,0x00,0x00,0x00,0x00,0x09,0x00,0x17,0xe5,0x44,0x88,0x0a,0x99,0x76,0x87,0xc9,0xee,0xe0,0xbe,0xbe,0xd1,0xcb,0xb9,0xad,0x7b,0xd7,0x89,0xb5,0x7b,0x97,0x98,0x89,0xd7,0x7b,0xb1,0x8e,0x7c,0x6c,0x6c,0x6c,0x6c,0x74,0x83,0x83,0xaf,0x80,0xd2,0x89,0xaf,0x89,0xb1,0x7b,0x97,0x89,0x92,0x7b,0x99,0x9a,0xcf,0xd3,0x7e,0x7c,0x94,0x7f,0x91,0x88,0x2c,0xc9,0x54,0x27,0x00,0x07,0x00,0x00,0x00,0x00,0x00,0x00,0x00,0x00,0x00,0x00,0x00,0x00,0x00,0x00,0x00,0x00,0x00,0x00,0x00,0x00,0x00,0x00,0x00,0x00,0x00,0x00,0x00,0x00,0x00,0x00,0x00,0x00,0x00,0x00,0x00,0x00,0x00,
    0x00,0x00,0x00,0x00,0x00,0x00,0x00,0x00,0x00,0x00,0x00,0x00,0x00,0x00,0x00,0x00,0x00,0x00,0x00,0x00,0x00,0x00,0x00,0x00,0x00,0x00,0x00,0x00,0x00,0x00,0x00,0x00,0x00,0x00,0x00,0x00,0x00,0x00,0x00,0x00,0x00,0x06,0x00,0x2f,0x8f,0xa1,0x78,0x0a,0x78,0x94,0x91,0xaa,0x7f,0x79,0x88,0x57,0x49,0x8f,0xc5,0xc5,0x9d,0x89,0xd8,0x7b,0xd8,0x89,0x98,0xb5,0x75,0xb1,0x84,0x74,0x6c,0x6c,0x6c,0x6c,0x6c,0x74,0x6c,0x81,0xc5,0xa0,0x1a,0x9d,0x97,0xce,0xa0,0xe9,0x89,0x9d,0x8d,0xbd,0xa2,0xc8,0xb5,0x95,0x7c,0x7a,0x78,0x7f,0x0a,0x20,0x39,0x0a,0x1b,0x27,0x00,0x07,0x00,0x00,0x00,0x00,0x00,0x00,0x00,0x00,0x00,0x00,0x00,0x00,0x00,0x00,0x00,0x00,0x00,0x00,0x00,0x00,0x00,0x00,0x00,0x00,0x00,0x00,0x00,0x00,0x00,0x00,0x00,0x00,0x00,0x00,0x00,0x00,
    0x00,0x00,0x00,0x00,0x00,0x00,0x00,0x00,0x00,0x00,0x00,0x00,0x00,0x00,0x00,0x00,0x00,0x00,0x00,0x00,0x00,0x00,0x00,0x00,0x00,0x00,0x00,0x00,0x00,0x00,0x00,0x00,0x00,0x00,0x00,0x00,0x00,0x00,0x00,0x00,0x00,0x00,0x07,0x00,0x3d,0x79,0x7f,0x78,0x78,0x78,0x94,0x94,0x8b,0x90,0xca,0x9c,0xf1,0xdb,0x73,0xcc,0x89,0x98,0xb5,0xa3,0xde,0xf7,0xf7,0xde,0xda,0x33,0x84,0x7c,0x6c,0x6c,0x6c,0x6c,0x77,0x81,0x86,0x89,0xd2,0xce,0xf3,0xf3,0xf3,0xf7,0x9f,0xe9,0x89,0x89,0xb1,0xd2,0xac,0xb6,0xeb,0x79,0x7f,0x7f,0x7f,0x79,0x7f,0xa2,0x26,0x5e,0x0a,0x63,0x27,0x00,0x09,0x00,0x00,0x00,0x00,0x00,0x00,0x00,0x00,0x00,0x00,0x00,0x00,0x00,0x00,0x00,0x00,0x00,0x00,0x00,0x00,0x00,0x00,0x00,0x00,0x00,0x00,0x00,0x00,0x00,0x00,0x00,0x00,0x00,0x00,0x00,
    0x00,0x00,0x00,0x00,0x00,0x00,0x00,0x00,0x00,0x00,0x00,0x00,0x00,0x00,0x00,0x00,0x00,0x00,0x00,0x00,0x00,0x00,0x00,0x00,0x00,0x00,0x00,0x00,0x00,0x00,0x00,0x00,0x00,0x00,0x00,0x00,0x00,0x00,0x00,0x00,0x00,0x00,0x07,0x06,0x32,0xa6,0x0a,0x7d,0x74,0x6c,0x6c,0x8b,0x90,0xd4,0xc4,0xae,0xcb,0x8f,0xb8,0x3c,0x89,0x98,0x97,0xf0,0xf9,0xf3,0xf3,0xf9,0xce,0xb9,0xab,0x8b,0x77,0x6c,0x6c,0x6c,0x86,0x86,0x9d,0x89,0xb5,0xfa,0xf9,0xf7,0xf9,0xf6,0xee,0xb0,0x89,0xaf,0x3c,0x8b,0xe6,0xfb,0xf8,0xa2,0x70,0x79,0x78,0x7a,0x7d,0x0a,0x38,0x00,0x2a,0x68,0x54,0x27,0x01,0x09,0x00,0x00,0x00,0x00,0x00,0x00,0x00,0x00,0x00,0x00,0x00,0x00,0x00,0x00,0x00,0x00,0x00,0x00,0x00,0x00,0x00,0x00,0x00,0x00,0x00,0x00,0x00,0x00,0x00,0x00,0x00,0x00,0x00,0x00,
    0x00,0x00,0x00,0x00,0x00,0x00,0x00,0x00,0x00,0x00,0x00,0x00,0x00,0x00,0x00,0x00,0x00,0x00,0x00,0x00,0x00,0x00,0x00,0x00,0x00,0x00,0x00,0x00,0x00,0x00,0x00,0x00,0x00,0x00,0x00,0x00,0x00,0x00,0x00,0x00,0x00,0x00,0x06,0x00,0x38,0xa5,0xa2,0x7e,0x8b,0x6c,0x6c,0x77,0x70,0x49,0xeb,0x9b,0xc5,0x9b,0xab,0xb8,0xaf,0x89,0x89,0xc2,0xfa,0xf6,0xf6,0xf7,0xee,0x86,0x9d,0x86,0x86,0x77,0x6c,0x6c,0x77,0x81,0x86,0x9d,0xb0,0xcc,0xf3,0xf6,0xf6,0xc2,0xb5,0x89,0x89,0x8f,0x9a,0x77,0x33,0xb1,0xe5,0xa6,0x91,0x78,0x78,0x94,0x94,0x7f,0x4a,0x55,0x00,0x2f,0x35,0x39,0x0f,0x03,0x03,0x00,0x00,0x00,0x00,0x00,0x00,0x00,0x00,0x00,0x00,0x00,0x00,0x00,0x00,0x00,0x00,0x00,0x00,0x00,0x00,0x00,0x00,0x00,0x00,0x00,0x00,0x00,0x00,0x00,0x00,0x00,0x00,0x00,
    0x00,0x00,0x00,0x00,0x00,0x00,0x00,0x00,0x00,0x00,0x00,0x00,0x00,0x00,0x00,0x00,0x00,0x00,0x00,0x00,0x00,0x00,0x00,0x00,0x00,0x00,0x00,0x00,0x00,0x00,0x00,0x00,0x00,0x00,0x00,0x00,0x00,0x00,0x00,0x00,0x00,0x06,0x02,0x17,0x9b,0x94,0x1b,0x76,0x74,0x6c,0x7c,0x95,0xb5,0xc8,0x92,0xd0,0xd2,0xb8,0x81,0x84,0xaf,0xb0,0x89,0x9d,0xd8,0xc2,0xee,0xcc,0x8f,0x84,0xaf,0x86,0x81,0x6c,0x6c,0x6c,0x6c,0x6c,0x6c,0x6c,0x84,0x8f,0xc2,0xee,0xe6,0xb5,0x89,0x98,0x1a,0xbc,0x84,0x9a,0xc0,0x33,0xc2,0xc2,0x35,0x91,0x79,0x79,0x79,0x79,0x88,0x32,0x06,0x00,0x69,0xc9,0x56,0x00,0x06,0x00,0x00,0x00,0x00,0x00,0x00,0x00,0x00,0x00,0x00,0x00,0x00,0x00,0x00,0x00,0x00,0x00,0x00,0x00,0x00,0x00,0x00,0x00,0x00,0x00,0x00,0x00,0x00,0x00,0x00,0x00,0x00,0x00,
    0x00,0x00,0x00,0x00,0x00,0x00,0x00,0x00,0x00,0x00,0x00,0x00,0x00,0x00,0x00,0x00,0x00,0x00,0x00,0x00,0x00,0x00,0x00,0x00,0x00,0x00,0x00,0x00,0x00,0x00,0x00,0x00,0x00,0x00,0x00,0x00,0x09,0x04,0x04,0x06,0x06,0x07,0x00,0x24,0x0a,0x94,0x7d,0x6c,0x6c,0x8b,0x95,0x14,0xc4,0xc3,0xc2,0xb1,0xb1,0x9b,0x1a,0x9d,0x83,0xc1,0x1a,0xd3,0xd3,0xd4,0x9a,0x87,0x87,0x74,0x6c,0x6c,0x6c,0x6c,0x85,0x7c,0x6c,0x6c,0x6c,0x6c,0x74,0xbc,0x81,0x9a,0x88,0xa2,0x9a,0x83,0x8f,0x83,0x7e,0xad,0xdf,0xe7,0xb6,0xc4,0xca,0x95,0x94,0x78,0x94,0x7a,0x94,0x5b,0x09,0x06,0x56,0xc9,0x35,0x46,0x00,0x06,0x00,0x00,0x00,0x00,0x00,0x00,0x00,0x00,0x00,0x00,0x00,0x00,0x00,0x00,0x00,0x00,0x00,0x00,0x00,0x00,0x00,0x00,0x00,0x00,0x00,0x00,0x00,0x00,0x00,0x00,0x00,0x00,
    0x00,0x00,0x00,0x00,0x00,0x00,0x00,0x00,0x00,0x00,0x00,0x00,0x00,0x00,0x00,0x00,0x00,0x00,0x00,0x00,0x00,0x00,0x00,0x00,0x00,0x00,0x00,0x00,0x00,0x00,0x00,0x00,0x00,0x00,0x00,0x04,0x00,0x00,0x00,0x00,0x00,0x00,0x34,0x2c,0x78,0x79,0x7f,0x94,0x74,0x77,0x7d,0xf1,0xc4,0xae,0xc2,0xcd,0xc0,0x99,0xd3,0x81,0x83,0x85,0xdb,0x9a,0x85,0x81,0x7e,0x74,0x74,0x6c,0x6c,0x6c,0x6c,0x6c,0x7c,0x7c,0x6c,0x6c,0x6c,0x6c,0x6c,0x83,0x85,0x1c,0x1c,0x83,0x85,0x85,0xbc,0x81,0xaf,0xdf,0x88,0xc7,0xe8,0x49,0x49,0xd7,0x90,0x8b,0x6c,0x6c,0x7e,0xc0,0x29,0x00,0x5e,0xaa,0x7f,0x31,0x00,0x07,0x00,0x00,0x00,0x00,0x00,0x00,0x00,0x00,0x00,0x00,0x00,0x00,0x00,0x00,0x00,0x00,0x00,0x00,0x00,0x00,0x00,0x00,0x00,0x00,0x00,0x00,0x00,0x00,0x00,0x00,0x00,0x00,
    0x00,0x00,0x00,0x00,0x00,0x00,0x00,0x00,0x00,0x00,0x00,0x00,0x00,0x00,0x00,0x00,0x00,0x00,0x00,0x00,0x00,0x00,0x00,0x00,0x00,0x00,0x00,0x00,0x00,0x00,0x00,0x00,0x00,0x00,0x03,0x00,0x28,0x2f,0x30,0x2a,0x2a,0x30,0xe2,0x0d,0x7f,0x79,0x79,0x7f,0x7f,0x91,0xca,0xc3,0xac,0xc7,0x2c,0xcd,0xdf,0x0d,0x9b,0x81,0x85,0xc1,0xc1,0xc1,0x85,0x85,0x7c,0x6c,0x6c,0x6c,0x6c,0x6c,0x74,0x76,0x8e,0x84,0x74,0x74,0x74,0x6c,0x6c,0x7c,0x85,0x83,0x85,0x85,0x83,0x83,0x83,0x84,0x9a,0xd0,0xc9,0xcd,0xef,0xef,0xca,0xdc,0x1b,0x7e,0x74,0x94,0x94,0x95,0x3c,0x65,0x38,0x93,0x93,0x56,0x00,0x07,0x00,0x00,0x00,0x00,0x00,0x00,0x00,0x00,0x00,0x00,0x00,0x00,0x00,0x00,0x00,0x00,0x00,0x00,0x00,0x00,0x00,0x00,0x00,0x00,0x00,0x00,0x00,0x00,0x00,0x00,0x00,0x00,
    0x00,0x00,0x00,0x00,0x00,0x00,0x00,0x00,0x00,0x00,0x00,0x00,0x00,0x00,0x00,0x00,0x00,0x00,0x00,0x00,0x00,0x00,0x00,0x00,0x00,0x00,0x00,0x00,0x00,0x00,0x00,0x00,0x00,0x09,0x01,0x59,0x44,0xa2,0x1b,0x88,0x35,0x93,0x76,0x70,0x7f,0x7f,0x7f,0x79,0x70,0xb5,0xba,0x0e,0x88,0xdd,0xe1,0xcd,0xc0,0xc1,0xa6,0xb0,0x83,0x85,0x85,0xc1,0x85,0x83,0x83,0x6c,0x6c,0x6c,0x6c,0x74,0x76,0xb0,0x9b,0xa2,0x84,0x77,0x81,0x6c,0x6c,0x6c,0x83,0x85,0x83,0x83,0xc1,0xc1,0x85,0x81,0xdf,0xe1,0xed,0xf2,0xdd,0xd0,0xa5,0xc8,0xeb,0x70,0x7f,0x79,0x79,0x7f,0x0a,0x2c,0xdf,0x79,0x90,0x47,0x00,0x07,0x00,0x00,0x00,0x00,0x00,0x00,0x00,0x00,0x00,0x00,0x00,0x00,0x00,0x00,0x00,0x00,0x00,0x00,0x00,0x00,0x00,0x00,0x00,0x00,0x00,0x00,0x00,0x00,0x00,0x00,0x00,0x00,
    0x00,0x00,0x00,0x00,0x00,0x00,0x00,0x00,0x00,0x00,0x00,0x00,0x00,0x00,0x00,0x00,0x00,0x00,0x00,0x00,0x00,0x00,0x00,0x00,0x00,0x00,0x00,0x00,0x00,0x00,0x00,0x00,0x04,0x00,0x59,0xac,0x0a,0x78,0x7d,0x0a,0x94,0x87,0x8b,0x7d,0x78,0x78,0x7f,0xaa,0xd4,0xbf,0xbb,0xb6,0x88,0x0d,0x4c,0xcd,0xc7,0x4b,0x4c,0x9b,0x84,0x85,0x83,0x85,0x83,0x83,0x6c,0x6c,0x6c,0x6c,0x6c,0x7c,0x8e,0xa6,0xf4,0xf4,0xd7,0x98,0xaf,0x6c,0x6c,0x6c,0x8b,0x83,0x83,0x85,0x85,0x85,0x83,0x97,0x62,0xef,0xf2,0xc7,0x9b,0x83,0x92,0xb6,0x0e,0xad,0x95,0x7c,0x7d,0x7a,0x7d,0x76,0x7d,0x94,0x1b,0x31,0x00,0x07,0x00,0x00,0x00,0x00,0x00,0x00,0x00,0x00,0x00,0x00,0x00,0x00,0x00,0x00,0x00,0x00,0x00,0x00,0x00,0x00,0x00,0x00,0x00,0x00,0x00,0x00,0x00,0x00,0x00,0x00,0x00,0x00,
    0x00,0x00,0x00,0x00,0x00,0x00,0x00,0x00,0x00,0x00,0x00,0x00,0x00,0x00,0x00,0x00,0x00,0x00,0x00,0x00,0x00,0x00,0x00,0x00,0x00,0x00,0x00,0x00,0x00,0x00,0x00,0x01,0x00,0x0f,0x39,0x0a,0x7f,0x79,0x7f,0x78,0x70,0x94,0x78,0x78,0x78,0x7a,0x7a,0xa1,0xe3,0xbb,0x8c,0xb6,0xac,0xab,0x83,0xad,0xbd,0xc7,0xa6,0x3c,0xb0,0x8b,0x7c,0x7c,0x7c,0x6c,0x6c,0x6c,0x6c,0x6c,0x6c,0x77,0x98,0xa5,0xf4,0xf4,0x97,0x84,0x74,0x6c,0x6c,0x6c,0x6c,0x6c,0x74,0x7c,0x8b,0x83,0x84,0xac,0xac,0xb9,0xbd,0xa5,0x76,0x70,0xf0,0xb6,0xc3,0xca,0x95,0x6c,0x6c,0x6c,0x6c,0x7c,0x7c,0x0d,0x2c,0x23,0x01,0x03,0x00,0x00,0x00,0x00,0x00,0x00,0x00,0x00,0x00,0x00,0x00,0x00,0x00,0x00,0x00,0x00,0x00,0x00,0x00,0x00,0x00,0x00,0x00,0x00,0x00,0x00,0x00,0x00,0x00,0x00,0x00,0x00,
    0x00,0x00,0x00,0x00,0x00,0x00,0x00,0x00,0x00,0x00,0x00,0x00,0x00,0x00,0x00,0x00,0x00,0x00,0x00,0x00,0x00,0x00,0x00,0x00,0x00,0x00,0x00,0x00,0x00,0x00,0x00,0x04,0x00,0x2f,0x88,0x79,0x79,0x79,0x79,0x78,0x0d,0x93,0x7d,0x7d,0x74,0x7e,0xc9,0xeb,0x8a,0xa8,0x8c,0xbf,0xcb,0x92,0x8e,0x89,0x20,0xd3,0x89,0xd3,0xa6,0xab,0xaf,0x77,0x6c,0x6c,0x6c,0x6c,0x6c,0x6c,0x6c,0x77,0x81,0x84,0x8f,0x83,0x7e,0x77,0x77,0x77,0x6c,0x6c,0x6c,0x6c,0x77,0x81,0xaf,0xab,0xa5,0xac,0x89,0xaf,0xc0,0xea,0x0a,0xe6,0xc4,0x0e,0xba,0xeb,0x0a,0x76,0x74,0x6c,0x6c,0x7c,0xdf,0x4a,0x17,0x00,0x09,0x00,0x00,0x00,0x00,0x00,0x00,0x00,0x00,0x00,0x00,0x00,0x00,0x00,0x00,0x00,0x00,0x00,0x00,0x00,0x00,0x00,0x00,0x00,0x00,0x00,0x00,0x00,0x00,0x00,0x00,0x00,0x00,0x00,
    0x00,0x00,0x00,0x00,0x00,0x00,0x00,0x00,0x00,0x00,0x00,0x00,0x00,0x00,0x00,0x00,0x00,0x00,0x00,0x00,0x00,0x00,0x00,0x00,0x00,0x00,0x00,0x00,0x00,0x00,0x00,0x07,0x00,0x38,0x35,0x7f,0x79,0x78,0x91,0x7f,0xc0,0x0a,0x7d,0x74,0x8b,0x95,0xca,0xba,0xa9,0xa9,0xbb,0x0e,0xd6,0xb3,0xc2,0x97,0xd2,0xb8,0x84,0xe9,0xe7,0xe9,0x89,0xaf,0x7c,0x6c,0x6c,0x6c,0x6c,0x6c,0x6c,0x6c,0x74,0x74,0x87,0x77,0x74,0x6c,0x6c,0x6c,0x6c,0x6c,0x6c,0x74,0x7c,0x77,0x89,0xd7,0xcb,0xf0,0xd7,0xb5,0xbd,0xd8,0x57,0xfb,0xa9,0x0e,0xba,0xae,0x88,0x91,0x78,0x7a,0x7d,0x77,0x0d,0x38,0x00,0x06,0x00,0x00,0x00,0x00,0x00,0x00,0x00,0x00,0x00,0x00,0x00,0x00,0x00,0x00,0x00,0x00,0x00,0x00,0x00,0x00,0x00,0x00,0x00,0x00,0x00,0x00,0x00,0x00,0x00,0x00,0x00,0x00,0x00,0x00,
    0x00,0x00,0x00,0x00,0x00,0x00,0x00,0x00,0x00,0x00,0x00,0x00,0x00,0x00,0x00,0x00,0x00,0x00,0x00,0x00,0x00,0x00,0x00,0x00,0x00,0x00,0x00,0x00,0x00,0x00,0x00,0x06,0x00,0x5c,0x88,0x91,0x94,0x35,0xa2,0xc0,0x88,0x70,0x79,0x7f,0x7a,0x0d,0x0e,0x12,0xba,0xa9,0x9c,0xae,0xec,0xc4,0xc8,0xd6,0xcd,0xcd,0xfb,0xc8,0xc4,0xec,0xb9,0x7a,0x87,0x8b,0x7c,0x7c,0x74,0x6c,0x6c,0x6c,0x6c,0x6c,0x74,0x74,0x6c,0x6c,0x6c,0x6c,0x74,0x7c,0x7c,0x87,0x8e,0x83,0xac,0xcb,0xd6,0xbf,0xc8,0xb1,0xcd,0xd6,0xc4,0xc4,0x9c,0x0e,0xa9,0xe3,0x14,0x91,0x78,0x78,0x78,0x7f,0x78,0xa1,0x17,0x00,0x06,0x00,0x00,0x00,0x00,0x00,0x00,0x00,0x00,0x00,0x00,0x00,0x00,0x00,0x00,0x00,0x00,0x00,0x00,0x00,0x00,0x00,0x00,0x00,0x00,0x00,0x00,0x00,0x00,0x00,0x00,0x00,0x00,0x00,
    0x00,0x00,0x00,0x00,0x00,0x00,0x00,0x00,0x00,0x00,0x00,0x00,0x00,0x00,0x00,0x00,0x00,0x00,0x00,0x00,0x00,0x00,0x00,0x00,0x00,0x00,0x00,0x00,0x00,0x00,0x00,0x06,0x00,0x17,0x1b,0x35,0x47,0x30,0x61,0xa1,0x91,0x78,0x7f,0x79,0xaa,0xd4,0x0e,0x12,0x12,0xa9,0x9c,0xba,0xc8,0xbb,0xdc,0xbd,0xfe,0xfe,0x33,0xdc,0xa9,0xc8,0xd6,0xe4,0xb5,0x85,0x8e,0x8e,0x7e,0x6c,0x7c,0x7c,0x74,0x6c,0x6c,0x74,0x74,0x74,0x7c,0x8b,0x87,0xab,0xab,0x8f,0xd8,0xe7,0xd6,0xb3,0xc8,0xbf,0xe8,0xff,0xf5,0xcd,0x57,0xba,0x9c,0xbf,0x71,0xae,0x0d,0x87,0x78,0x7f,0x7f,0x79,0x78,0xa1,0x30,0x06,0x04,0x00,0x00,0x00,0x00,0x00,0x00,0x00,0x00,0x00,0x00,0x00,0x00,0x00,0x00,0x00,0x00,0x00,0x00,0x00,0x00,0x00,0x00,0x00,0x00,0x00,0x00,0x00,0x00,0x00,0x00,0x00,0x00,0x00,
    0x00,0x00,0x00,0x00,0x00,0x00,0x00,0x00,0x00,0x00,0x00,0x00,0x00,0x00,0x00,0x00,0x00,0x00,0x00,0x00,0x00,0x00,0x00,0x00,0x00,0x00,0x00,0x00,0x00,0x00,0x00,0x06,0x00,0x52,0xaa,0x31,0x00,0x55,0x88,0x95,0x7c,0x7e,0xca,0xca,0xea,0xb5,0xc3,0x8a,0x71,0x71,0x71,0x71,0xbf,0x8c,0x0e,0xff,0xf5,0xf5,0xfc,0xb6,0xbb,0xc8,0xb3,0xb3,0xfb,0xeb,0xca,0xe9,0x8f,0x87,0x7e,0x7e,0x81,0x77,0x6c,0x77,0x87,0x77,0x7e,0x7c,0x97,0xb5,0xee,0xdc,0xc4,0xb3,0xb3,0xb3,0xc8,0xbf,0xcd,0xf5,0xf5,0xfd,0xe4,0x8a,0xa9,0x0e,0xbb,0xeb,0x7f,0x74,0x78,0x79,0x79,0x7f,0xd0,0xd0,0x5d,0x00,0x06,0x00,0x00,0x00,0x00,0x00,0x00,0x00,0x00,0x00,0x00,0x00,0x00,0x00,0x00,0x00,0x00,0x00,0x00,0x00,0x00,0x00,0x00,0x00,0x00,0x00,0x00,0x00,0x00,0x00,0x00,0x00,0x00,0x00,
    0x00,0x00,0x00,0x00,0x00,0x00,0x00,0x00,0x00,0x00,0x00,0x00,0x00,0x00,0x00,0x00,0x00,0x00,0x00,0x00,0x00,0x00,0x00,0x00,0x00,0x00,0x00,0x00,0x00,0x00,0x00,0x06,0x00,0x52,0xaa,0x31,0x06,0x56,0x7d,0x7d,0x7e,0x14,0xae,0x12,0xd4,0xa5,0xba,0x8c,0x71,0x71,0x71,0x71,0x12,0x9c,0x8a,0xe6,0xfe,0xfd,0xe5,0xba,0xa8,0xc4,0xb3,0xd6,0xb6,0xb2,0x9c,0xb6,0xec,0xe4,0xc2,0xb9,0xa1,0xdb,0x83,0xc1,0x88,0xed,0xcc,0xe8,0xcb,0xcb,0xcb,0xa9,0x9c,0xd6,0xb3,0xd6,0xc8,0xb2,0xe4,0xfc,0xfd,0xfc,0xbf,0x8a,0xc3,0xc4,0xc3,0xb9,0x95,0x7c,0x94,0x94,0x7a,0x79,0x42,0x17,0x2a,0x27,0x03,0x03,0x00,0x00,0x00,0x00,0x00,0x00,0x00,0x00,0x00,0x00,0x00,0x00,0x00,0x00,0x00,0x00,0x00,0x00,0x00,0x00,0x00,0x00,0x00,0x00,0x00,0x00,0x00,0x00,0x00,0x00,0x00,0x00,
    0x00,0x00,0x00,0x00,0x00,0x00,0x00,0x00,0x00,0x00,0x00,0x00,0x00,0x00,0x00,0x00,0x00,0x00,0x00,0x00,0x00,0x00,0x00,0x00,0x00,0x00,0x00,0x00,0x00,0x00,0x00,0x06,0x00,0x2a,0x99,0x48,0x07,0x47,0xaa,0x79,0xaa,0xd8,0xbf,0x9c,0xae,0xc2,0xe3,0x8a,0x71,0x71,0x71,0x71,0x71,0x9c,0x8a,0xe6,0xbd,0xe4,0x33,0xba,0x8c,0xc4,0xb3,0xb3,0xc4,0x8c,0x8c,0xbf,0xb3,0xc8,0xc8,0x57,0xdd,0xa7,0x4b,0x4b,0xe1,0xdd,0xcb,0xc8,0xb3,0xec,0xec,0xba,0x12,0xb3,0xb3,0xd6,0xbf,0xb2,0xe4,0xe4,0x49,0xbd,0x0e,0x71,0xb6,0xe4,0xca,0x78,0x90,0x7e,0x8b,0x6c,0x87,0x93,0x2f,0x00,0x52,0x54,0x00,0x09,0x00,0x00,0x00,0x00,0x00,0x00,0x00,0x00,0x00,0x00,0x00,0x00,0x00,0x00,0x00,0x00,0x00,0x00,0x00,0x00,0x00,0x00,0x00,0x00,0x00,0x00,0x00,0x00,0x00,0x00,0x00,0x00,
    0x00,0x00,0x00,0x00,0x00,0x00,0x00,0x00,0x00,0x00,0x00,0x00,0x00,0x00,0x00,0x00,0x00,0x00,0x00,0x00,0x00,0x00,0x00,0x00,0x00,0x00,0x00,0x00,0x00,0x00,0x00,0x06,0x00,0x26,0x30,0x32,0x5d,0x48,0x7f,0x0a,0x91,0xd8,0xbf,0x12,0xbb,0xae,0x0e,0x8c,0x71,0x71,0x71,0x71,0x71,0x71,0x8c,0x0e,0xe3,0xb2,0xba,0x9c,0xb2,0xbf,0xb3,0xcb,0xcf,0xcf,0x96,0xb4,0xb4,0xcf,0xcb,0x2d,0xa7,0xa7,0xa7,0xa7,0xa7,0xa7,0x2d,0xec,0xcf,0xb4,0xb4,0x96,0xcf,0xcf,0xec,0xb3,0xba,0x8c,0xa9,0xbb,0xb2,0xb6,0xe3,0xba,0xc2,0x78,0x7a,0xaa,0x92,0x14,0x90,0x7c,0x77,0x94,0x39,0x28,0x67,0x5e,0x00,0x07,0x00,0x00,0x00,0x00,0x00,0x00,0x00,0x00,0x00,0x00,0x00,0x00,0x00,0x00,0x00,0x00,0x00,0x00,0x00,0x00,0x00,0x00,0x00,0x00,0x00,0x00,0x00,0x00,0x00,0x00,0x00,0x00,
    0x00,0x00,0x00,0x00,0x00,0x00,0x00,0x00,0x00,0x00,0x00,0x00,0x00,0x00,0x00,0x00,0x00,0x00,0x00,0x00,0x00,0x00,0x00,0x00,0x00,0x00,0x00,0x00,0x00,0x00,0x00,0x00,0x00,0x04,0x07,0x00,0x2a,0x48,0x79,0x78,0xaa,0xb5,0xae,0x9c,0x9c,0x8a,0x71,0x71,0x71,0x71,0x71,0x71,0xa9,0x9c,0xa8,0x8c,0x8c,0xa8,0x8c,0x71,0x8c,0xc3,0xcf,0x75,0x6e,0x6f,0x82,0x73,0x73,0x73,0x7b,0x6e,0xe1,0xa7,0xa7,0xa7,0xa7,0xa7,0x8d,0x7b,0x82,0x73,0x73,0x6d,0x6d,0x6e,0x6d,0xcb,0x9c,0x71,0x71,0x71,0xa8,0x8c,0xb2,0x0e,0x99,0x91,0x78,0xca,0xc4,0x49,0x79,0x76,0x94,0x95,0xc9,0x68,0x3d,0x07,0x06,0x03,0x00,0x00,0x00,0x00,0x00,0x00,0x00,0x00,0x00,0x00,0x00,0x00,0x00,0x00,0x00,0x00,0x00,0x00,0x00,0x00,0x00,0x00,0x00,0x00,0x00,0x00,0x00,0x00,0x00,0x00,0x00,0x00,
    0x00,0x00,0x00,0x00,0x00,0x00,0x00,0x00,0x00,0x00,0x00,0x00,0x00,0x00,0x00,0x00,0x00,0x00,0x00,0x00,0x00,0x00,0x00,0x00,0x00,0x00,0x00,0x00,0x00,0x00,0x00,0x00,0x00,0x00,0x00,0x07,0x00,0x53,0x93,0xc9,0x0d,0x1b,0xae,0x8a,0x71,0x71,0x71,0x71,0x71,0x71,0x71,0x71,0x9c,0xba,0x9c,0x71,0x71,0x71,0x71,0xa8,0xb2,0xf8,0x82,0x9e,0x6b,0x6b,0x6e,0x6d,0x72,0x72,0x7b,0xc5,0xdb,0xa7,0xa7,0xa7,0xdb,0x85,0xd2,0x7b,0x73,0x72,0x72,0x72,0x72,0x6d,0x6d,0x73,0xae,0xb2,0xa8,0x71,0x71,0xa8,0xb2,0xae,0x88,0x90,0xb5,0xc4,0x9c,0xbf,0xc2,0x91,0x79,0x79,0x7f,0xa2,0x2e,0x00,0x06,0x00,0x00,0x00,0x00,0x00,0x00,0x00,0x00,0x00,0x00,0x00,0x00,0x00,0x00,0x00,0x00,0x00,0x00,0x00,0x00,0x00,0x00,0x00,0x00,0x00,0x00,0x00,0x00,0x00,0x00,0x00,0x00,0x00,
    0x00,0x00,0x00,0x00,0x00,0x00,0x00,0x00,0x00,0x00,0x00,0x00,0x00,0x00,0x00,0x00,0x00,0x00,0x00,0x00,0x00,0x00,0x00,0x00,0x00,0x00,0x00,0x00,0x00,0x00,0x00,0x00,0x00,0x00,0x01,0x00,0x07,0x04,0x48,0x1b,0xad,0x70,0xf1,0xbb,0x71,0x71,0x71,0x71,0x71,0x71,0x71,0x71,0x8a,0xbf,0x12,0x8a,0x71,0x71,0xa8,0xb2,0xdc,0x82,0x6e,0x6b,0x6a,0x6a,0x6b,0x6b,0x6f,0x75,0x3c,0x97,0x77,0x85,0xc1,0xc1,0x77,0x9d,0x8b,0xac,0x9e,0x72,0x6e,0x6f,0x6d,0x72,0x72,0x73,0xb4,0xae,0x8c,0xa8,0x71,0x71,0x8c,0xe3,0x92,0xea,0xeb,0xa9,0x12,0xbb,0x0e,0x88,0x91,0x94,0x70,0xa1,0x24,0x07,0x0f,0x00,0x00,0x00,0x00,0x00,0x00,0x00,0x00,0x00,0x00,0x00,0x00,0x00,0x00,0x00,0x00,0x00,0x00,0x00,0x00,0x00,0x00,0x00,0x00,0x00,0x00,0x00,0x00,0x00,0x00,0x00,0x00,0x00,
    0x00,0x00,0x00,0x00,0x00,0x00,0x00,0x00,0x00,0x00,0x00,0x00,0x00,0x00,0x00,0x00,0x00,0x00,0x00,0x00,0x00,0x00,0x00,0x00,0x00,0x00,0x00,0x00,0x00,0x00,0x00,0x00,0x00,0x00,0x00,0x00,0x06,0x00,0x26,0xac,0x31,0x0d,0xc2,0xbb,0x71,0x71,0x71,0x71,0x71,0x71,0x71,0x71,0x8a,0xa9,0xa8,0x71,0x71,0xa8,0xb2,0xb6,0x82,0x75,0x72,0x6e,0x6a,0x6a,0x6e,0x75,0x6d,0x6d,0x20,0xbc,0x1c,0x85,0x83,0x83,0x74,0x6c,0x8e,0xad,0x8d,0x6e,0x6b,0x6b,0x6a,0x6e,0x6d,0x75,0x82,0x6e,0xc3,0x8c,0x71,0x71,0xa8,0x8a,0x0e,0x88,0xca,0x9c,0x71,0x8a,0xe3,0x9a,0x90,0x94,0x7f,0x79,0x68,0x43,0x2e,0x00,0x02,0x00,0x00,0x00,0x00,0x00,0x00,0x00,0x00,0x00,0x00,0x00,0x00,0x00,0x00,0x00,0x00,0x00,0x00,0x00,0x00,0x00,0x00,0x00,0x00,0x00,0x00,0x00,0x00,0x00,0x00,0x00,
    0x00,0x00,0x00,0x00,0x00,0x00,0x00,0x00,0x00,0x00,0x00,0x00,0x00,0x00,0x00,0x00,0x00,0x00,0x00,0x00,0x00,0x00,0x00,0x00,0x00,0x00,0x00,0x00,0x00,0x00,0x00,0x00,0x00,0x00,0x00,0x00,0x09,0x45,0x00,0x0f,0x00,0x4f,0x0e,0xbb,0xa8,0x71,0x71,0x71,0x71,0x71,0x71,0x71,0x71,0x71,0x71,0x71,0x71,0x8a,0xa9,0xb4,0x6a,0x6b,0x6d,0x6d,0x6e,0x6a,0x6e,0x6e,0x75,0x6e,0x7b,0xb1,0x8f,0xbc,0x7c,0x74,0x6c,0x8b,0xcc,0x73,0x6e,0x6b,0x6a,0x6a,0x6b,0x6b,0x6b,0x6b,0x9e,0x75,0xcf,0xb2,0x71,0x71,0x71,0x71,0xbb,0xf1,0xca,0xa8,0x71,0x8a,0x12,0xd8,0x0d,0x78,0x79,0xaa,0xe2,0x3f,0x0f,0x09,0x00,0x00,0x00,0x00,0x00,0x00,0x00,0x00,0x00,0x00,0x00,0x00,0x00,0x00,0x00,0x00,0x00,0x00,0x00,0x00,0x00,0x00,0x00,0x00,0x00,0x00,0x00,0x00,0x00,0x00,0x00,0x00,
    0x00,0x00,0x00,0x00,0x00,0x00,0x00,0x00,0x00,0x00,0x00,0x00,0x00,0x00,0x00,0x00,0x00,0x00,0x00,0x00,0x00,0x00,0x00,0x00,0x00,0x00,0x00,0x00,0x00,0x00,0x00,0x00,0x00,0x00,0x00,0x09,0x09,0x4f,0x4e,0x37,0x41,0x0e,0xb2,0x71,0x71,0x71,0x71,0x71,0x71,0x71,0x71,0x71,0x71,0x71,0x8a,0x71,0xa8,0x8c,0xf8,0x73,0x6f,0x6e,0x6a,0x6b,0x6b,0x6a,0x6a,0x6a,0x6b,0x6a,0x9e,0x73,0xc5,0xa2,0x83,0xc1,0x99,0xb1,0x7b,0x75,0x6f,0x6f,0x6b,0x6e,0x6f,0x6d,0x6d,0x75,0x6d,0x9e,0x82,0x0e,0xb2,0x71,0x71,0x71,0x71,0x8c,0x12,0xa8,0x8a,0x9c,0x9c,0x57,0xb8,0x0a,0x88,0x67,0x5c,0x00,0x00,0x01,0x00,0x00,0x00,0x00,0x00,0x00,0x00,0x00,0x00,0x00,0x00,0x00,0x00,0x00,0x00,0x00,0x00,0x00,0x00,0x00,0x00,0x00,0x00,0x00,0x00,0x00,0x00,0x00,0x00,0x00,0x00,0x00,
    0x00,0x00,0x00,0x00,0x00,0x00,0x00,0x00,0x00,0x00,0x00,0x00,0x00,0x00,0x00,0x00,0x00,0x00,0x00,0x00,0x00,0x00,0x00,0x00,0x00,0x00,0x00,0x00,0x00,0x00,0x00,0x00,0x00,0x00,0x00,0x09,0x01,0x37,0x0e,0x0e,0xc3,0xa8,0x71,0x71,0x71,0x8a,0xa8,0x71,0x71,0x71,0x71,0x71,0x8c,0xae,0xb6,0x8c,0x71,0x12,0xb4,0x6d,0x6f,0x6f,0x75,0x75,0x6e,0x6a,0x6a,0x6b,0x6a,0x6b,0x6b,0x8d,0xb1,0xb1,0x1a,0x8e,0xd2,0x80,0x8d,0x6d,0x72,0x72,0x6d,0x72,0x72,0x72,0x72,0x72,0x6d,0x6f,0x82,0xcf,0xb2,0x71,0x71,0x71,0x71,0x8a,0xc3,0xc3,0xba,0xba,0x9c,0xdc,0x88,0x94,0x48,0x00,0x00,0x00,0x00,0x00,0x00,0x00,0x00,0x00,0x00,0x00,0x00,0x00,0x00,0x00,0x00,0x00,0x00,0x00,0x00,0x00,0x00,0x00,0x00,0x00,0x00,0x00,0x00,0x00,0x00,0x00,0x00,0x00,0x00,0x00,0x00,0x00,
    0x00,0x00,0x00,0x00,0x00,0x00,0x00,0x00,0x00,0x00,0x00,0x00,0x00,0x00,0x00,0x00,0x00,0x00,0x00,0x00,0x00,0x00,0x00,0x00,0x00,0x00,0x00,0x00,0x00,0x00,0x00,0x00,0x00,0x00,0x00,0x00,0x09,0x00,0x37,0x0e,0xa9,0x8a,0x8a,0x71,0x8c,0x12,0xdc,0x9c,0x71,0x71,0x71,0x71,0x8c,0xae,0xe4,0x12,0x8c,0x12,0xb4,0x6f,0x6b,0x6b,0x6a,0x6f,0x72,0x72,0x6d,0x75,0x6e,0x6e,0x6d,0x75,0x9e,0x73,0xbd,0xcc,0x6d,0x80,0x9e,0x6e,0x6e,0x6e,0x72,0x72,0x72,0x72,0x6f,0x6d,0x75,0x6e,0x73,0xcf,0x8a,0x71,0x71,0x71,0x71,0x8a,0x12,0x9c,0xb6,0xdc,0x8a,0xba,0xb5,0x93,0x2a,0x06,0x07,0x00,0x00,0x00,0x00,0x00,0x00,0x00,0x00,0x00,0x00,0x00,0x00,0x00,0x00,0x00,0x00,0x00,0x00,0x00,0x00,0x00,0x00,0x00,0x00,0x00,0x00,0x00,0x00,0x00,0x00,0x00,0x00,0x00,0x00,0x00,
    0x00,0x00,0x00,0x00,0x00,0x00,0x00,0x00,0x00,0x00,0x00,0x00,0x00,0x00,0x00,0x00,0x00,0x00,0x00,0x00,0x00,0x00,0x00,0x00,0x00,0x00,0x00,0x00,0x00,0x00,0x00,0x00,0x00,0x00,0x00,0x00,0x00,0x09,0x00,0x28,0x4e,0x58,0x71,0x12,0x4f,0x4e,0x60,0xbb,0xa9,0xa9,0x71,0xa8,0x8a,0xae,0x9a,0xf1,0xbb,0x8a,0xcf,0x6e,0x6b,0x6a,0x6a,0x6b,0x6e,0x6d,0x72,0x73,0x73,0xb4,0xa3,0x73,0x73,0x6d,0x73,0x72,0x6b,0x6e,0x6f,0x80,0x96,0x72,0x75,0x6f,0x6f,0x6a,0x6b,0x6a,0x6a,0x9e,0x82,0xdc,0xb2,0xc3,0xae,0x8c,0x71,0x71,0x71,0x8a,0xae,0x60,0xae,0x8a,0xf1,0x2c,0x55,0x00,0x09,0x00,0x00,0x00,0x00,0x00,0x00,0x00,0x00,0x00,0x00,0x00,0x00,0x00,0x00,0x00,0x00,0x00,0x00,0x00,0x00,0x00,0x00,0x00,0x00,0x00,0x00,0x00,0x00,0x00,0x00,0x00,0x00,0x00,0x00,0x00,
    0x00,0x00,0x00,0x00,0x00,0x00,0x00,0x00,0x00,0x00,0x00,0x00,0x00,0x00,0x00,0x00,0x00,0x00,0x00,0x00,0x00,0x00,0x00,0x00,0x00,0x00,0x00,0x00,0x00,0x00,0x00,0x00,0x00,0x00,0x00,0x00,0x00,0x00,0x09,0x00,0x00,0x04,0x5f,0x5f,0x00,0x00,0x41,0xa9,0x8a,0x71,0x71,0xa8,0x8a,0x0e,0xca,0x49,0xa9,0xb6,0x75,0x6b,0x6e,0x6e,0x6b,0x6a,0x6a,0x6b,0x6a,0x6e,0x82,0xb4,0xa3,0x73,0x72,0x72,0x75,0x6f,0x6d,0x75,0x73,0xa3,0xa3,0x73,0x6b,0x6b,0x6b,0x6a,0x6a,0x6a,0x6a,0x6b,0x6f,0x96,0xa8,0x0e,0x0e,0x8a,0x71,0x71,0x71,0x8c,0xa8,0x45,0x4e,0x12,0xa8,0x60,0x07,0x09,0x00,0x00,0x00,0x00,0x00,0x00,0x00,0x00,0x00,0x00,0x00,0x00,0x00,0x00,0x00,0x00,0x00,0x00,0x00,0x00,0x00,0x00,0x00,0x00,0x00,0x00,0x00,0x00,0x00,0x00,0x00,0x00,0x00,0x00,0x00,0x00,
    0x00,0x00,0x00,0x00,0x00,0x00,0x00,0x00,0x00,0x00,0x00,0x00,0x00,0x00,0x00,0x00,0x00,0x00,0x00,0x00,0x00,0x00,0x00,0x00,0x00,0x00,0x00,0x00,0x00,0x00,0x00,0x00,0x00,0x00,0x00,0x00,0x00,0x00,0x00,0x09,0x04,0x00,0x00,0x00,0x09,0x04,0x5f,0x60,0x12,0x71,0x71,0x71,0x8a,0xae,0xdc,0xe3,0x58,0x96,0x6f,0x6b,0x6e,0x75,0x6b,0x6a,0x6a,0x6a,0x6a,0x6b,0x6f,0xa0,0xb7,0x7b,0x6f,0x6f,0x6b,0x6e,0x6d,0x72,0x73,0xb4,0x96,0x75,0x6b,0x6a,0x6a,0x6a,0x6a,0x6e,0x6a,0x6a,0x9e,0x6f,0xf8,0xb6,0xbf,0x9c,0x71,0x71,0x71,0xe3,0x4e,0x00,0x00,0x58,0x0e,0x37,0x00,0x09,0x00,0x00,0x00,0x00,0x00,0x00,0x00,0x00,0x00,0x00,0x00,0x00,0x00,0x00,0x00,0x00,0x00,0x00,0x00,0x00,0x00,0x00,0x00,0x00,0x00,0x00,0x00,0x00,0x00,0x00,0x00,0x00,0x00,0x00,0x00,0x00,
    0x00,0x00,0x00,0x00,0x00,0x00,0x00,0x00,0x00,0x00,0x00,0x00,0x00,0x00,0x00,0x00,0x00,0x00,0x00,0x00,0x00,0x00,0x00,0x00,0x00,0x00,0x00,0x00,0x00,0x00,0x00,0x00,0x00,0x00,0x00,0x00,0x00,0x00,0x00,0x00,0x00,0x01,0x03,0x03,0x00,0x09,0x00,0x45,0x4f,0xae,0x9c,0xba,0x71,0xb6,0x57,0x37,0x1f,0x08,0x96,0x6b,0x6a,0x75,0x6e,0x6f,0x6b,0x6a,0x6a,0x6b,0x82,0xa3,0xa4,0x82,0x9e,0x6b,0x6a,0x6a,0x6b,0x6a,0x75,0xa0,0xc6,0x6d,0x6b,0x6e,0x6a,0x6a,0x75,0x6f,0x6e,0x6a,0x8d,0x8d,0x1d,0x2d,0x0e,0x8a,0x8c,0xa9,0xc3,0x4f,0x02,0x09,0x41,0xb6,0x41,0x00,0x09,0x00,0x00,0x00,0x00,0x00,0x00,0x00,0x00,0x00,0x00,0x00,0x00,0x00,0x00,0x00,0x00,0x00,0x00,0x00,0x00,0x00,0x00,0x00,0x00,0x00,0x00,0x00,0x00,0x00,0x00,0x00,0x00,0x00,0x00,0x00,0x00,0x00,
    0x00,0x00,0x00,0x00,0x00,0x00,0x00,0x00,0x00,0x00,0x00,0x00,0x00,0x00,0x00,0x00,0x00,0x00,0x00,0x00,0x00,0x00,0x00,0x00,0x00,0x00,0x00,0x00,0x00,0x00,0x00,0x00,0x00,0x00,0x00,0x00,0x00,0x00,0x00,0x00,0x00,0x00,0x00,0x00,0x00,0x00,0x01,0x00,0x00,0x37,0x41,0x41,0x41,0x37,0x0f,0x00,0x1e,0x6a,0x96,0x9e,0x6a,0x6f,0x6d,0x6f,0x6b,0x6a,0x6a,0x6b,0x82,0xa3,0xe7,0x82,0x6b,0x6a,0x6a,0x6a,0x6a,0x6b,0x6f,0xa0,0xa4,0x82,0x6b,0x6e,0x6a,0x6a,0x6d,0x75,0x6e,0x6b,0x9e,0x9e,0x1d,0x1f,0x41,0x58,0x58,0x4e,0x37,0x00,0x00,0x5f,0x4f,0x37,0x00,0x09,0x00,0x00,0x00,0x00,0x00,0x00,0x00,0x00,0x00,0x00,0x00,0x00,0x00,0x00,0x00,0x00,0x00,0x00,0x00,0x00,0x00,0x00,0x00,0x00,0x00,0x00,0x00,0x00,0x00,0x00,0x00,0x00,0x00,0x00,0x00,0x00,0x00,0x00,
    0x00,0x00,0x00,0x00,0x00,0x00,0x00,0x00,0x00,0x00,0x00,0x00,0x00,0x00,0x00,0x00,0x00,0x00,0x00,0x00,0x00,0x00,0x00,0x00,0x00,0x00,0x00,0x00,0x00,0x00,0x00,0x00,0x00,0x00,0x00,0x00,0x00,0x00,0x00,0x00,0x00,0x00,0x00,0x00,0x00,0x00,0x00,0x01,0x09,0x00,0x00,0x00,0x00,0x00,0x00,0x25,0x1d,0x08,0x6a,0x6e,0x6b,0x75,0x6d,0x6a,0x6a,0x6a,0x6a,0x6b,0x82,0x2d,0xe7,0x82,0x6b,0x6a,0x6a,0x6a,0x6a,0x6a,0x6e,0x96,0xa4,0x82,0x6b,0x6a,0x6a,0x6b,0x75,0x72,0x6e,0x6a,0x6a,0x05,0x6e,0x3e,0x00,0x00,0x00,0x00,0x00,0x01,0x01,0x00,0x00,0x00,0x02,0x00,0x00,0x00,0x00,0x00,0x00,0x00,0x00,0x00,0x00,0x00,0x00,0x00,0x00,0x00,0x00,0x00,0x00,0x00,0x00,0x00,0x00,0x00,0x00,0x00,0x00,0x00,0x00,0x00,0x00,0x00,0x00,0x00,0x00,0x00,0x00,0x00,0x00,0x00,
    0x00,0x00,0x00,0x00,0x00,0x00,0x00,0x00,0x00,0x00,0x00,0x00,0x00,0x00,0x00,0x00,0x00,0x00,0x00,0x00,0x00,0x00,0x00,0x00,0x00,0x00,0x00,0x00,0x00,0x00,0x00,0x00,0x00,0x00,0x00,0x00,0x00,0x00,0x00,0x00,0x00,0x00,0x00,0x00,0x00,0x00,0x00,0x00,0x00,0x09,0x04,0x04,0x04,0x0f,0x00,0x0c,0x6e,0x05,0x6a,0x6a,0x6a,0x6e,0x72,0x6e,0x6a,0x6a,0x6a,0x6b,0x82,0xa4,0xe7,0x82,0x6b,0x6a,0x6a,0x6a,0x6a,0x6a,0x6e,0x8d,0xbe,0x75,0x6b,0x6a,0x6a,0x6b,0x6f,0x72,0x6a,0x6a,0x6a,0x6b,0x6b,0x1d,0x0b,0x04,0x02,0x09,0x09,0x00,0x00,0x00,0x09,0x09,0x00,0x00,0x00,0x00,0x00,0x00,0x00,0x00,0x00,0x00,0x00,0x00,0x00,0x00,0x00,0x00,0x00,0x00,0x00,0x00,0x00,0x00,0x00,0x00,0x00,0x00,0x00,0x00,0x00,0x00,0x00,0x00,0x00,0x00,0x00,0x00,0x00,0x00,0x00,0x00,
    0x00,0x00,0x00,0x00,0x00,0x00,0x00,0x00,0x00,0x00,0x00,0x00,0x00,0x00,0x00,0x00,0x00,0x00,0x00,0x00,0x00,0x00,0x00,0x00,0x00,0x00,0x00,0x00,0x00,0x00,0x00,0x00,0x00,0x00,0x00,0x00,0x00,0x00,0x00,0x00,0x00,0x00,0x00,0x00,0x00,0x00,0x00,0x00,0x00,0x00,0x00,0x00,0x09,0x01,0x0b,0x19,0x6a,0x6b,0x6a,0x6a,0x6a,0x6e,0x72,0x6e,0x6a,0x6a,0x6a,0x6b,0x82,0xbe,0x2d,0x82,0x6b,0x6a,0x6a,0x6a,0x6a,0x6a,0x6a,0x6a,0x9f,0x6e,0x6a,0x6a,0x6a,0x6b,0x6f,0x6d,0x6b,0x6a,0x6a,0x6a,0x05,0x6f,0x3b,0x00,0x02,0x00,0x00,0x00,0x00,0x00,0x00,0x00,0x00,0x00,0x00,0x00,0x00,0x00,0x00,0x00,0x00,0x00,0x00,0x00,0x00,0x00,0x00,0x00,0x00,0x00,0x00,0x00,0x00,0x00,0x00,0x00,0x00,0x00,0x00,0x00,0x00,0x00,0x00,0x00,0x00,0x00,0x00,0x00,0x00,0x00,0x00,0x00,
    0x00,0x00,0x00,0x00,0x00,0x00,0x00,0x00,0x00,0x00,0x00,0x00,0x00,0x00,0x00,0x00,0x00,0x00,0x00,0x00,0x00,0x00,0x00,0x00,0x00,0x00,0x00,0x00,0x00,0x00,0x00,0x00,0x00,0x00,0x00,0x00,0x00,0x00,0x00,0x00,0x00,0x00,0x00,0x00,0x00,0x00,0x00,0x00,0x00,0x00,0x00,0x00,0x02,0x00,0x2b,0x6f,0x08,0x6b,0x6a,0x6a,0x6b,0x6e,0x6d,0x6b,0x6a,0x6a,0x6a,0x6b,0x82,0xe0,0xc6,0x82,0x6b,0x6a,0x6a,0x6a,0x6a,0x6a,0x6a,0x6e,0xe0,0x9e,0x6e,0x6a,0x6a,0x6a,0x6e,0x6d,0x6a,0x6a,0x6a,0x6a,0x05,0x6b,0x19,0x02,0x00,0x00,0x00,0x00,0x00,0x00,0x00,0x00,0x00,0x00,0x00,0x00,0x00,0x00,0x00,0x00,0x00,0x00,0x00,0x00,0x00,0x00,0x00,0x00,0x00,0x00,0x00,0x00,0x00,0x00,0x00,0x00,0x00,0x00,0x00,0x00,0x00,0x00,0x00,0x00,0x00,0x00,0x00,0x00,0x00,0x00,0x00,0x00,
    0x00,0x00,0x00,0x00,0x00,0x00,0x00,0x00,0x00,0x00,0x00,0x00,0x00,0x00,0x00,0x00,0x00,0x00,0x00,0x00,0x00,0x00,0x00,0x00,0x00,0x00,0x00,0x00,0x00,0x00,0x00,0x00,0x00,0x00,0x00,0x00,0x00,0x00,0x00,0x00,0x00,0x00,0x00,0x00,0x00,0x00,0x00,0x00,0x00,0x00,0x00,0x01,0x09,0x10,0x11,0x75,0x08,0x6b,0x6a,0x6a,0x6b,0x6e,0x6d,0x6b,0x6a,0x6a,0x6a,0x9e,0x7b,0xe0,0xa3,0x7b,0x6e,0x6b,0x6a,0x6a,0x6a,0x6a,0x9e,0x6e,0xf0,0x80,0x6e,0x6a,0x6a,0x6a,0x6e,0x6d,0x6a,0x6a,0x6a,0x6a,0x6a,0x05,0x6d,0x22,0x00,0x02,0x00,0x00,0x00,0x00,0x00,0x00,0x00,0x00,0x00,0x00,0x00,0x00,0x00,0x00,0x00,0x00,0x00,0x00,0x00,0x00,0x00,0x00,0x00,0x00,0x00,0x00,0x00,0x00,0x00,0x00,0x00,0x00,0x00,0x00,0x00,0x00,0x00,0x00,0x00,0x00,0x00,0x00,0x00,0x00,0x00,0x00,
    0x00,0x00,0x00,0x00,0x00,0x00,0x00,0x00,0x00,0x00,0x00,0x00,0x00,0x00,0x00,0x00,0x00,0x00,0x00,0x00,0x00,0x00,0x00,0x00,0x00,0x00,0x00,0x00,0x00,0x00,0x00,0x00,0x00,0x00,0x00,0x00,0x00,0x00,0x00,0x00,0x00,0x00,0x00,0x00,0x00,0x00,0x00,0x00,0x00,0x00,0x00,0x02,0x00,0x2b,0x6b,0x05,0x6a,0x6a,0x6a,0x6a,0x6b,0x6f,0x6d,0x6b,0x6a,0x6a,0x6a,0x6b,0x82,0xe8,0xa0,0x73,0x6a,0x6a,0x6a,0x6a,0x6a,0x6a,0x6b,0x6f,0xe8,0x80,0x6e,0x6b,0x6a,0x6a,0x6e,0x6d,0x6a,0x6a,0x6a,0x6a,0x6a,0x05,0x6f,0x11,0x02,0x09,0x00,0x00,0x00,0x00,0x00,0x00,0x00,0x00,0x00,0x00,0x00,0x00,0x00,0x00,0x00,0x00,0x00,0x00,0x00,0x00,0x00,0x00,0x00,0x00,0x00,0x00,0x00,0x00,0x00,0x00,0x00,0x00,0x00,0x00,0x00,0x00,0x00,0x00,0x00,0x00,0x00,0x00,0x00,0x00,0x00,0x00,
    0x00,0x00,0x00,0x00,0x00,0x00,0x00,0x00,0x00,0x00,0x00,0x00,0x00,0x00,0x00,0x00,0x00,0x00,0x00,0x00,0x00,0x00,0x00,0x00,0x00,0x00,0x00,0x00,0x00,0x00,0x00,0x00,0x00,0x00,0x00,0x00,0x00,0x00,0x00,0x00,0x00,0x00,0x00,0x00,0x00,0x00,0x00,0x00,0x00,0x00,0x01,0x09,0x10,0x11,0x6a,0x05,0x6a,0x6a,0x6a,0x6a,0x6e,0x72,0x6d,0x6b,0x6a,0x6a,0x6a,0x6a,0x6d,0xfa,0xe7,0x82,0x9e,0x6a,0x6a,0x6a,0x6a,0x6a,0x6b,0x72,0xd5,0xa3,0x7b,0x6f,0x6e,0x6a,0x6e,0x72,0x6e,0x6a,0x6a,0x6a,0x6a,0x6a,0x05,0x05,0x25,0x00,0x02,0x00,0x00,0x00,0x00,0x00,0x00,0x00,0x00,0x00,0x00,0x00,0x00,0x00,0x00,0x00,0x00,0x00,0x00,0x00,0x00,0x00,0x00,0x00,0x00,0x00,0x00,0x00,0x00,0x00,0x00,0x00,0x00,0x00,0x00,0x00,0x00,0x00,0x00,0x00,0x00,0x00,0x00,0x00,0x00,0x00,
    0x00,0x00,0x00,0x00,0x00,0x00,0x00,0x00,0x00,0x00,0x00,0x00,0x00,0x00,0x00,0x00,0x00,0x00,0x00,0x00,0x00,0x00,0x00,0x00,0x00,0x00,0x00,0x00,0x00,0x00,0x00,0x00,0x00,0x00,0x00,0x00,0x00,0x00,0x00,0x00,0x00,0x00,0x00,0x00,0x00,0x00,0x00,0x00,0x00,0x00,0x02,0x00,0x2b,0x6a,0x05,0x6a,0x6a,0x6a,0x6a,0x6a,0x6b,0x75,0x6d,0x6b,0x6a,0x6a,0x6a,0x6b,0x6d,0x9f,0xa3,0x6f,0x6b,0x6a,0x6a,0x6a,0x6a,0x6a,0x6b,0x82,0xa4,0xa0,0x73,0x75,0x6e,0x6a,0x6e,0x72,0x6e,0x6a,0x6a,0x6a,0x6a,0x6a,0x05,0x9e,0x1e,0x0f,0x02,0x01,0x00,0x00,0x00,0x00,0x00,0x00,0x00,0x00,0x00,0x00,0x00,0x00,0x00,0x00,0x00,0x00,0x00,0x00,0x00,0x00,0x00,0x00,0x00,0x00,0x00,0x00,0x00,0x00,0x00,0x00,0x00,0x00,0x00,0x00,0x00,0x00,0x00,0x00,0x00,0x00,0x00,0x00,0x00,0x00,
    0x00,0x00,0x00,0x00,0x00,0x00,0x00,0x00,0x00,0x00,0x00,0x00,0x00,0x00,0x00,0x00,0x00,0x00,0x00,0x00,0x00,0x00,0x00,0x00,0x00,0x00,0x00,0x00,0x00,0x00,0x00,0x00,0x00,0x00,0x00,0x00,0x00,0x00,0x00,0x00,0x00,0x00,0x00,0x00,0x00,0x00,0x00,0x00,0x00,0x01,0x09,0x0f,0x19,0x08,0x05,0x6a,0x6a,0x6a,0x6a,0x6a,0x6b,0x75,0x6f,0x6b,0x6a,0x6a,0x6a,0x6a,0x6e,0x96,0x9e,0x6e,0x6a,0x6a,0x6a,0x6a,0x6a,0x6a,0x6b,0x6e,0x96,0x6a,0x6a,0x6b,0x6a,0x6a,0x6e,0x6d,0x6e,0x6a,0x6a,0x6a,0x6a,0x6a,0x6a,0x05,0x6e,0x18,0x00,0x02,0x00,0x00,0x00,0x00,0x00,0x00,0x00,0x00,0x00,0x00,0x00,0x00,0x00,0x00,0x00,0x00,0x00,0x00,0x00,0x00,0x00,0x00,0x00,0x00,0x00,0x00,0x00,0x00,0x00,0x00,0x00,0x00,0x00,0x00,0x00,0x00,0x00,0x00,0x00,0x00,0x00,0x00,0x00,0x00,
    0x00,0x00,0x00,0x00,0x00,0x00,0x00,0x00,0x00,0x00,0x00,0x00,0x00,0x00,0x00,0x00,0x00,0x00,0x00,0x00,0x00,0x00,0x00,0x00,0x00,0x00,0x00,0x00,0x00,0x00,0x00,0x00,0x00,0x00,0x00,0x00,0x00,0x00,0x00,0x00,0x00,0x00,0x00,0x00,0x00,0x00,0x00,0x00,0x00,0x02,0x00,0x0c,0x6d,0x05,0x6b,0x6a,0x6a,0x6a,0x6a,0x6a,0x6b,0x75,0x6f,0x6b,0x6a,0x6a,0x6a,0x6a,0x6b,0x6f,0x6e,0x6a,0x6a,0x6a,0x6a,0x6a,0x6a,0x6a,0x6a,0x6a,0x6f,0x6e,0x6a,0x6a,0x6a,0x6a,0x6b,0x75,0x6e,0x6b,0x6a,0x6a,0x6a,0x6a,0x6a,0x05,0x05,0x11,0x02,0x09,0x00,0x00,0x00,0x00,0x00,0x00,0x00,0x00,0x00,0x00,0x00,0x00,0x00,0x00,0x00,0x00,0x00,0x00,0x00,0x00,0x00,0x00,0x00,0x00,0x00,0x00,0x00,0x00,0x00,0x00,0x00,0x00,0x00,0x00,0x00,0x00,0x00,0x00,0x00,0x00,0x00,0x00,0x00,0x00,
    0x00,0x00,0x00,0x00,0x00,0x00,0x00,0x00,0x00,0x00,0x00,0x00,0x00,0x00,0x00,0x00,0x00,0x00,0x00,0x00,0x00,0x00,0x00,0x00,0x00,0x00,0x00,0x00,0x00,0x00,0x00,0x00,0x00,0x00,0x00,0x00,0x00,0x00,0x00,0x00,0x00,0x00,0x00,0x00,0x00,0x00,0x00,0x00,0x09,0x00,0x25,0x6f,0x05,0x6b,0x6a,0x6a,0x6a,0x6a,0x6a,0x6a,0x6b,0x75,0x6f,0x6b,0x6a,0x6a,0x6a,0x6a,0x6a,0x6b,0x6a,0x6a,0x6a,0x6a,0x6a,0x6a,0x6a,0x6a,0x6a,0x6a,0x6b,0x6a,0x6a,0x6a,0x6a,0x6a,0x6b,0x6d,0x6e,0x6b,0x6a,0x6a,0x6a,0x6a,0x6a,0x6a,0x05,0x75,0x22,0x00,0x02,0x00,0x00,0x00,0x00,0x00,0x00,0x00,0x00,0x00,0x00,0x00,0x00,0x00,0x00,0x00,0x00,0x00,0x00,0x00,0x00,0x00,0x00,0x00,0x00,0x00,0x00,0x00,0x00,0x00,0x00,0x00,0x00,0x00,0x00,0x00,0x00,0x00,0x00,0x00,0x00,0x00,0x00,0x00,
    0x00,0x00,0x00,0x00,0x00,0x00,0x00,0x00,0x00,0x00,0x00,0x00,0x00,0x00,0x00,0x00,0x00,0x00,0x00,0x00,0x00,0x00,0x00,0x00,0x00,0x00,0x00,0x00,0x00,0x00,0x00,0x00,0x00,0x00,0x00,0x00,0x00,0x00,0x00,0x00,0x00,0x00,0x00,0x00,0x00,0x00,0x00,0x00,0x02,0x02,0x16,0x6b,0x05,0x6a,0x6a,0x6a,0x6a,0x6a,0x6a,0x6a,0x6a,0x6d,0x6a,0x6a,0x6a,0x6a,0x6a,0x6a,0x6a,0x6a,0x6a,0x6a,0x6a,0x6a,0x6a,0x6a,0x6a,0x6a,0x6a,0x6a,0x6a,0x6a,0x6a,0x6a,0x6a,0x6a,0x6b,0x75,0x75,0x6b,0x6a,0x6a,0x6a,0x6a,0x6a,0x6a,0x05,0x05,0x11,0x15,0x09,0x01,0x00,0x00,0x00,0x00,0x00,0x00,0x00,0x00,0x00,0x00,0x00,0x00,0x00,0x00,0x00,0x00,0x00,0x00,0x00,0x00,0x00,0x00,0x00,0x00,0x00,0x00,0x00,0x00,0x00,0x00,0x00,0x00,0x00,0x00,0x00,0x00,0x00,0x00,0x00,0x00,0x00,0x00,
    0x00,0x00,0x00,0x00,0x00,0x00,0x00,0x00,0x00,0x00,0x00,0x00,0x00,0x00,0x00,0x00,0x00,0x00,0x00,0x00,0x00,0x00,0x00,0x00,0x00,0x00,0x00,0x00,0x00,0x00,0x00,0x00,0x00,0x00,0x00,0x00,0x00,0x00,0x00,0x00,0x00,0x00,0x00,0x00,0x00,0x00,0x00,0x02,0x00,0x1f,0x6f,0x05,0x6a,0x6a,0x6a,0x6a,0x6a,0x6a,0x6a,0x6a,0x6a,0x6d,0x6a,0x6a,0x6a,0x6a,0x6a,0x6a,0x6a,0x6a,0x6a,0x6a,0x6a,0x6a,0x6a,0x6a,0x6a,0x6a,0x6a,0x6a,0x6a,0x6a,0x6a,0x6a,0x6a,0x6a,0x6b,0x6f,0x75,0x6b,0x6a,0x6a,0x6a,0x6a,0x6a,0x6a,0x6a,0x05,0x6f,0x3b,0x00,0x02,0x00,0x00,0x00,0x00,0x00,0x00,0x00,0x00,0x00,0x00,0x00,0x00,0x00,0x00,0x00,0x00,0x00,0x00,0x00,0x00,0x00,0x00,0x00,0x00,0x00,0x00,0x00,0x00,0x00,0x00,0x00,0x00,0x00,0x00,0x00,0x00,0x00,0x00,0x00,0x00,0x00,0x00,
    0x00,0x00,0x00,0x00,0x00,0x00,0x00,0x00,0x00,0x00,0x00,0x00,0x00,0x00,0x00,0x00,0x00,0x00,0x00,0x00,0x00,0x00,0x00,0x00,0x00,0x00,0x00,0x00,0x00,0x00,0x00,0x00,0x00,0x00,0x00,0x00,0x00,0x00,0x00,0x00,0x00,0x00,0x00,0x00,0x00,0x00,0x01,0x09,0x10,0x11,0x05,0x05,0x6a,0x6a,0x6a,0x6a,0x6a,0x6a,0x6a,0x6a,0x6e,0x6d,0x6a,0x6a,0x6a,0x6a,0x6a,0x6a,0x6a,0x6a,0x6a,0x6a,0x6a,0x6a,0x6a,0x6a,0x6a,0x6a,0x6a,0x6a,0x6a,0x6a,0x6a,0x6a,0x6a,0x6a,0x6b,0x6e,0x75,0x6b,0x6a,0x6a,0x6a,0x6a,0x6a,0x6a,0x6a,0x6b,0x6a,0x1d,0x15,0x01,0x01,0x00,0x00,0x00,0x00,0x00,0x00,0x00,0x00,0x00,0x00,0x00,0x00,0x00,0x00,0x00,0x00,0x00,0x00,0x00,0x00,0x00,0x00,0x00,0x00,0x00,0x00,0x00,0x00,0x00,0x00,0x00,0x00,0x00,0x00,0x00,0x00,0x00,0x00,0x00,0x00,0x00,
    0x00,0x00,0x00,0x00,0x00,0x00,0x00,0x00,0x00,0x00,0x00,0x00,0x00,0x00,0x00,0x00,0x00,0x00,0x00,0x00,0x00,0x00,0x00,0x00,0x00,0x00,0x00,0x00,0x00,0x00,0x00,0x00,0x00,0x00,0x00,0x00,0x00,0x00,0x00,0x00,0x00,0x00,0x00,0x00,0x00,0x00,0x02,0x00,0x0c,0x6b,0x05,0x6a,0x6a,0x6a,0x6a,0x6a,0x6a,0x6a,0x6a,0x6a,0x75,0x75,0x6b,0x6a,0x6a,0x6a,0x6a,0x6a,0x6a,0x6a,0x6a,0x6a,0x6a,0x6a,0x6a,0x6a,0x6a,0x6a,0x6a,0x6a,0x6a,0x6a,0x6a,0x6a,0x6a,0x6a,0x6a,0x6a,0x6d,0x6a,0x6a,0x6a,0x6a,0x6a,0x6a,0x6a,0x6a,0x6a,0x05,0x6d,0x22,0x00,0x02,0x00,0x00,0x00,0x00,0x00,0x00,0x00,0x00,0x00,0x00,0x00,0x00,0x00,0x00,0x00,0x00,0x00,0x00,0x00,0x00,0x00,0x00,0x00,0x00,0x00,0x00,0x00,0x00,0x00,0x00,0x00,0x00,0x00,0x00,0x00,0x00,0x00,0x00,0x00,0x00,0x00,
    0x00,0x00,0x00,0x00,0x00,0x00,0x00,0x00,0x00,0x00,0x00,0x00,0x00,0x00,0x00,0x00,0x00,0x00,0x00,0x00,0x00,0x00,0x00,0x00,0x00,0x00,0x00,0x00,0x00,0x00,0x00,0x00,0x00,0x00,0x00,0x00,0x00,0x00,0x00,0x00,0x00,0x00,0x00,0x00,0x00,0x00,0x09,0x02,0x16,0x6b,0x05,0x6a,0x6a,0x6a,0x6a,0x6a,0x6a,0x6a,0x6a,0x6b,0x6d,0x6e,0x6b,0x6a,0x6a,0x6a,0x6a,0x6a,0x6a,0x6a,0x6a,0x6a,0x6a,0x6a,0x6a,0x6a,0x6a,0x6a,0x6a,0x6a,0x6a,0x6a,0x6a,0x6a,0x6a,0x6a,0x6a,0x6b,0x75,0x6e,0x6b,0x6a,0x6a,0x6a,0x6a,0x6a,0x6a,0x6a,0x05,0x08,0x3e,0x00,0x02,0x00,0x00,0x00,0x00,0x00,0x00,0x00,0x00,0x00,0x00,0x00,0x00,0x00,0x00,0x00,0x00,0x00,0x00,0x00,0x00,0x00,0x00,0x00,0x00,0x00,0x00,0x00,0x00,0x00,0x00,0x00,0x00,0x00,0x00,0x00,0x00,0x00,0x00,0x00,0x00,0x00,
    0x00,0x00,0x00,0x00,0x00,0x00,0x00,0x00,0x00,0x00,0x00,0x00,0x00,0x00,0x00,0x00,0x00,0x00,0x00,0x00,0x00,0x00,0x00,0x00,0x00,0x00,0x00,0x00,0x00,0x00,0x00,0x00,0x00,0x00,0x00,0x00,0x00,0x00,0x00,0x00,0x00,0x00,0x00,0x00,0x00,0x02,0x00,0x1f,0x6f,0x05,0x6a,0x6a,0x6a,0x6a,0x6a,0x6a,0x6a,0x6a,0x6a,0x6e,0x75,0x6b,0x6a,0x6a,0x6a,0x6a,0x6a,0x6a,0x6a,0x6a,0x6a,0x6a,0x6a,0x6a,0x6a,0x6a,0x6a,0x6a,0x6a,0x6a,0x6a,0x6a,0x6a,0x6a,0x6a,0x6a,0x6a,0x6b,0x6f,0x75,0x6b,0x6a,0x6a,0x6a,0x6a,0x6a,0x6a,0x6a,0x05,0x6a,0x11,0x02,0x00,0x00,0x00,0x00,0x00,0x00,0x00,0x00,0x00,0x00,0x00,0x00,0x00,0x00,0x00,0x00,0x00,0x00,0x00,0x00,0x00,0x00,0x00,0x00,0x00,0x00,0x00,0x00,0x00,0x00,0x00,0x00,0x00,0x00,0x00,0x00,0x00,0x00,0x00,0x00,0x00,0x00,
    0x00,0x00,0x00,0x00,0x00,0x00,0x00,0x00,0x00,0x00,0x00,0x00,0x00,0x00,0x00,0x00,0x00,0x00,0x00,0x00,0x00,0x00,0x00,0x00,0x00,0x00,0x00,0x00,0x00,0x00,0x00,0x00,0x00,0x00,0x00,0x00,0x00,0x00,0x00,0x00,0x00,0x00,0x00,0x00,0x00,0x09,0x02,0x16,0x6e,0x05,0x6a,0x6a,0x6a,0x6a,0x6a,0x6a,0x6a,0x6a,0x6b,0x75,0x6f,0x6b,0x6a,0x6a,0x6a,0x6a,0x6a,0x6a,0x6a,0x6a,0x6a,0x6a,0x6a,0x6a,0x6a,0x6a,0x6a,0x6a,0x6a,0x6a,0x6a,0x6a,0x6a,0x6a,0x6a,0x6a,0x6a,0x6b,0x6e,0x6d,0x6b,0x6a,0x6a,0x6a,0x6a,0x6a,0x6a,0x6a,0x6a,0x05,0x08,0x25,0x00,0x02,0x00,0x00,0x00,0x00,0x00,0x00,0x00,0x00,0x00,0x00,0x00,0x00,0x00,0x00,0x00,0x00,0x00,0x00,0x00,0x00,0x00,0x00,0x00,0x00,0x00,0x00,0x00,0x00,0x00,0x00,0x00,0x00,0x00,0x00,0x00,0x00,0x00,0x00,0x00,0x00,
    0x00,0x00,0x00,0x00,0x00,0x00,0x00,0x00,0x00,0x00,0x00,0x00,0x00,0x00,0x00,0x00,0x00,0x00,0x00,0x00,0x00,0x00,0x00,0x00,0x00,0x00,0x00,0x00,0x00,0x00,0x00,0x00,0x00,0x00,0x00,0x00,0x00,0x00,0x00,0x00,0x00,0x00,0x00,0x00,0x02,0x01,0x1f,0x6d,0x05,0x6a,0x6a,0x6a,0x6a,0x6a,0x6a,0x6a,0x6a,0x6a,0x6a,0x6d,0x6e,0x6a,0x6a,0x6a,0x6a,0x6a,0x6a,0x6a,0x6a,0x6a,0x6a,0x6a,0x6a,0x6a,0x6a,0x6a,0x6a,0x6a,0x6a,0x6a,0x6a,0x6a,0x6a,0x6a,0x6a,0x6a,0x6a,0x6a,0x6b,0x6d,0x6e,0x6a,0x6a,0x6a,0x6a,0x6a,0x6a,0x6a,0x6a,0x05,0x6e,0x1e,0x02,0x09,0x00,0x00,0x00,0x00,0x00,0x00,0x00,0x00,0x00,0x00,0x00,0x00,0x00,0x00,0x00,0x00,0x00,0x00,0x00,0x00,0x00,0x00,0x00,0x00,0x00,0x00,0x00,0x00,0x00,0x00,0x00,0x00,0x00,0x00,0x00,0x00,0x00,0x00,0x00,0x00,
    0x00,0x00,0x00,0x00,0x00,0x00,0x00,0x00,0x00,0x00,0x00,0x00,0x00,0x00,0x00,0x00,0x00,0x00,0x00,0x00,0x00,0x00,0x00,0x00,0x00,0x00,0x00,0x00,0x00,0x00,0x00,0x00,0x00,0x00,0x00,0x00,0x00,0x00,0x00,0x00,0x00,0x00,0x00,0x00,0x01,0x00,0x1e,0x6f,0x05,0x6a,0x6a,0x6a,0x6a,0x6a,0x6a,0x6a,0x6a,0x6b,0x6f,0x6d,0x6b,0x6a,0x6a,0x6a,0x6a,0x6a,0x6a,0x6a,0x6a,0x6a,0x6a,0x6a,0x6a,0x6a,0x6a,0x6a,0x6a,0x6a,0x6a,0x6a,0x6a,0x6a,0x6a,0x6a,0x6a,0x6a,0x6a,0x6a,0x6b,0x6f,0x75,0x6b,0x6a,0x6a,0x6a,0x6a,0x6a,0x6a,0x6a,0x6a,0x05,0x6a,0x1f,0x00,0x02,0x00,0x00,0x00,0x00,0x00,0x00,0x00,0x00,0x00,0x00,0x00,0x00,0x00,0x00,0x00,0x00,0x00,0x00,0x00,0x00,0x00,0x00,0x00,0x00,0x00,0x00,0x00,0x00,0x00,0x00,0x00,0x00,0x00,0x00,0x00,0x00,0x00,0x00,0x00,
    0x00,0x00,0x00,0x00,0x00,0x00,0x00,0x00,0x00,0x00,0x00,0x00,0x00,0x00,0x00,0x00,0x00,0x00,0x00,0x00,0x00,0x00,0x00,0x00,0x00,0x00,0x00,0x00,0x00,0x00,0x00,0x00,0x00,0x00,0x00,0x00,0x00,0x00,0x00,0x00,0x00,0x00,0x00,0x09,0x00,0x25,0x1d,0x08,0x6b,0x6a,0x6a,0x6a,0x6a,0x6a,0x6a,0x6a,0x6a,0x6b,0x6d,0x6e,0x6b,0x6a,0x6a,0x6a,0x6a,0x6a,0x6a,0x6a,0x6a,0x6a,0x6a,0x6a,0x6a,0x6a,0x6a,0x6a,0x6a,0x6a,0x6a,0x6a,0x6a,0x6a,0x6a,0x6a,0x6a,0x6a,0x6a,0x6a,0x6a,0x6e,0x6d,0x6a,0x6a,0x6a,0x6a,0x6a,0x6a,0x6a,0x6a,0x6a,0x05,0x08,0x22,0x00,0x02,0x00,0x00,0x00,0x00,0x00,0x00,0x00,0x00,0x00,0x00,0x00,0x00,0x00,0x00,0x00,0x00,0x00,0x00,0x00,0x00,0x00,0x00,0x00,0x00,0x00,0x00,0x00,0x00,0x00,0x00,0x00,0x00,0x00,0x00,0x00,0x00,0x00,0x00,0x00,
    0x00,0x00,0x00,0x00,0x00,0x00,0x00,0x00,0x00,0x00,0x00,0x00,0x00,0x00,0x00,0x00,0x00,0x00,0x00,0x00,0x00,0x00,0x00,0x00,0x00,0x00,0x00,0x00,0x00,0x00,0x00,0x00,0x00,0x00,0x00,0x00,0x00,0x00,0x00,0x00,0x00,0x00,0x00,0x09,0x00,0x0b,0x1d,0x08,0x6b,0x6a,0x6a,0x6a,0x6a,0x6a,0x6a,0x6a,0x6a,0x6e,0x6d,0x6a,0x6a,0x6a,0x6a,0x6a,0x6a,0x6a,0x6a,0x6a,0x6a,0x6a,0x6a,0x6a,0x6a,0x6a,0x6a,0x6a,0x6a,0x6a,0x6a,0x6a,0x6a,0x6a,0x6a,0x6a,0x6a,0x6a,0x6a,0x6a,0x6a,0x6b,0x6d,0x6f,0x6b,0x6a,0x6a,0x6a,0x6a,0x6a,0x6a,0x6b,0x05,0x75,0x22,0x00,0x02,0x00,0x00,0x00,0x00,0x00,0x00,0x00,0x00,0x00,0x00,0x00,0x00,0x00,0x00,0x00,0x00,0x00,0x00,0x00,0x00,0x00,0x00,0x00,0x00,0x00,0x00,0x00,0x00,0x00,0x00,0x00,0x00,0x00,0x00,0x00,0x00,0x00,0x00,0x00,
    0x00,0x00,0x00,0x00,0x00,0x00,0x00,0x00,0x00,0x00,0x00,0x00,0x00,0x00,0x00,0x00,0x00,0x00,0x00,0x00,0x00,0x00,0x00,0x00,0x00,0x00,0x00,0x00,0x00,0x00,0x00,0x00,0x00,0x00,0x00,0x00,0x00,0x00,0x00,0x00,0x00,0x00,0x00,0x00,0x02,0x00,0x3b,0x6f,0x05,0x6b,0x6a,0x6a,0x6a,0x6a,0x6a,0x6a,0x6b,0x75,0x75,0x6b,0x6a,0x6a,0x6a,0x6a,0x6a,0x6a,0x6a,0x6a,0x6a,0x6a,0x6a,0x6a,0x6a,0x6a,0x6a,0x6a,0x6a,0x6a,0x6a,0x6a,0x6a,0x6a,0x6a,0x6a,0x6a,0x6a,0x6a,0x6a,0x6a,0x6b,0x75,0x75,0x6b,0x6a,0x6a,0x6b,0x6a,0x6a,0x6b,0x6a,0x6f,0x16,0x15,0x09,0x01,0x00,0x00,0x00,0x00,0x00,0x00,0x00,0x00,0x00,0x00,0x00,0x00,0x00,0x00,0x00,0x00,0x00,0x00,0x00,0x00,0x00,0x00,0x00,0x00,0x00,0x00,0x00,0x00,0x00,0x00,0x00,0x00,0x00,0x00,0x00,0x00,0x00,0x00,0x00,
    0x00,0x00,0x00,0x00,0x00,0x00,0x00,0x00,0x00,0x00,0x00,0x00,0x00,0x00,0x00,0x00,0x00,0x00,0x00,0x00,0x00,0x00,0x00,0x00,0x00,0x00,0x00,0x00,0x00,0x00,0x00,0x00,0x00,0x00,0x00,0x00,0x00,0x00,0x00,0x00,0x00,0x00,0x00,0x00,0x02,0x01,0x18,0x72,0x75,0x6f,0x6e,0x6b,0x6b,0x6a,0x6a,0x6a,0x6e,0x72,0x6e,0x6a,0x6a,0x6a,0x6a,0x6a,0x6a,0x6a,0x6a,0x6a,0x6a,0x6a,0x6a,0x6a,0x6a,0x6a,0x6a,0x6a,0x6a,0x6a,0x6a,0x6a,0x6a,0x6a,0x6a,0x6a,0x6a,0x6a,0x6a,0x6a,0x6a,0x6b,0x6e,0x6d,0x6a,0x6b,0x6e,0x6e,0x6b,0x6e,0x75,0x75,0x6d,0x3e,0x00,0x02,0x00,0x00,0x00,0x00,0x00,0x00,0x00,0x00,0x00,0x00,0x00,0x00,0x00,0x00,0x00,0x00,0x00,0x00,0x00,0x00,0x00,0x00,0x00,0x00,0x00,0x00,0x00,0x00,0x00,0x00,0x00,0x00,0x00,0x00,0x00,0x00,0x00,0x00,0x00,0x00,
    0x00,0x00,0x00,0x00,0x00,0x00,0x00,0x00,0x00,0x00,0x00,0x00,0x00,0x00,0x00,0x00,0x00,0x00,0x00,0x00,0x00,0x00,0x00,0x00,0x00,0x00,0x00,0x00,0x00,0x00,0x00,0x00,0x00,0x00,0x00,0x00,0x00,0x00,0x00,0x00,0x00,0x00,0x00,0x00,0x01,0x03,0x16,0x72,0x75,0x72,0x72,0x6d,0x75,0x6d,0x6e,0x6b,0x6f,0x72,0x6b,0x6a,0x6a,0x6a,0x6a,0x6a,0x6a,0x6a,0x6a,0x6a,0x6a,0x6a,0x6a,0x6a,0x6a,0x6a,0x6a,0x6a,0x6a,0x6a,0x6a,0x6a,0x6a,0x6a,0x6a,0x6a,0x6a,0x6a,0x6a,0x6a,0x6a,0x6a,0x6a,0x6d,0x6e,0x6a,0x72,0x6d,0x75,0x72,0x73,0x72,0x6f,0x1d,0x15,0x00,0x09,0x00,0x00,0x00,0x00,0x00,0x00,0x00,0x00,0x00,0x00,0x00,0x00,0x00,0x00,0x00,0x00,0x00,0x00,0x00,0x00,0x00,0x00,0x00,0x00,0x00,0x00,0x00,0x00,0x00,0x00,0x00,0x00,0x00,0x00,0x00,0x00,0x00,0x00,0x00,
    0x00,0x00,0x00,0x00,0x00,0x00,0x00,0x00,0x00,0x00,0x00,0x00,0x00,0x00,0x00,0x00,0x00,0x00,0x00,0x00,0x00,0x00,0x00,0x00,0x00,0x00,0x00,0x00,0x00,0x00,0x00,0x00,0x00,0x00,0x00,0x00,0x00,0x00,0x00,0x00,0x00,0x00,0x00,0x00,0x03,0x00,0x11,0x6a,0x6f,0x72,0x75,0x6f,0x75,0x72,0x72,0x6e,0x6f,0x6d,0x6b,0x6a,0x6a,0x6a,0x6a,0x6a,0x6a,0x6a,0x6a,0x6a,0x6a,0x6a,0x6a,0x6a,0x6a,0x6a,0x6a,0x6a,0x6a,0x6a,0x6a,0x6a,0x6a,0x6a,0x6a,0x6a,0x6a,0x6a,0x6a,0x6a,0x6a,0x6a,0x6b,0x75,0x75,0x6d,0x73,0x6d,0x6f,0x6d,0x6d,0x6d,0x08,0x6f,0x0c,0x00,0x02,0x00,0x00,0x00,0x00,0x00,0x00,0x00,0x00,0x00,0x00,0x00,0x00,0x00,0x00,0x00,0x00,0x00,0x00,0x00,0x00,0x00,0x00,0x00,0x00,0x00,0x00,0x00,0x00,0x00,0x00,0x00,0x00,0x00,0x00,0x00,0x00,0x00,0x00,0x00,
    0x00,0x00,0x00,0x00,0x00,0x00,0x00,0x00,0x00,0x00,0x00,0x00,0x00,0x00,0x00,0x00,0x00,0x00,0x00,0x00,0x00,0x00,0x00,0x00,0x00,0x00,0x00,0x00,0x00,0x00,0x00,0x00,0x00,0x00,0x00,0x00,0x00,0x00,0x00,0x00,0x00,0x00,0x00,0x09,0x00,0x47,0x3c,0x6d,0x6a,0x6a,0x6e,0x6b,0x6b,0x6e,0x6d,0x6d,0x75,0x6f,0x6b,0x6a,0x6a,0x6a,0x6a,0x6a,0x6a,0x6a,0x6b,0x6b,0x6a,0x6a,0x6a,0x6a,0x6a,0x6a,0x6a,0x6a,0x6a,0x6a,0x6a,0x6a,0x6a,0x6a,0x6a,0x6a,0x6a,0x6a,0x6a,0x6a,0x6a,0x6a,0x6b,0x75,0x6d,0x72,0x75,0x6b,0x6f,0x6f,0x6a,0x9e,0x73,0xcc,0x69,0x10,0x06,0x09,0x00,0x00,0x00,0x00,0x00,0x00,0x00,0x00,0x00,0x00,0x00,0x00,0x00,0x00,0x00,0x00,0x00,0x00,0x00,0x00,0x00,0x00,0x00,0x00,0x00,0x00,0x00,0x00,0x00,0x00,0x00,0x00,0x00,0x00,0x00,0x00,0x00,0x00,
    0x00,0x00,0x00,0x00,0x00,0x00,0x00,0x00,0x00,0x00,0x00,0x00,0x00,0x00,0x00,0x00,0x00,0x00,0x00,0x00,0x00,0x00,0x00,0x00,0x00,0x00,0x00,0x00,0x00,0x00,0x00,0x00,0x00,0x00,0x00,0x00,0x00,0x00,0x00,0x00,0x00,0x00,0x06,0x00,0x52,0x97,0x9a,0x20,0x7b,0x6e,0x6b,0x6e,0x6a,0x6b,0x6f,0x75,0x73,0x6f,0x6b,0x6a,0x6a,0x6e,0x75,0x6d,0x6d,0x6d,0x75,0x6f,0x6a,0x6b,0x6b,0x6a,0x6a,0x6a,0x6a,0x6a,0x6a,0x6a,0x6a,0x6a,0x6a,0x6a,0x6b,0x6a,0x6e,0x6e,0x6e,0x6b,0x6b,0x6b,0x6b,0x75,0x6d,0x6a,0x6b,0x6a,0x6a,0x6e,0x6b,0x7b,0x33,0xaf,0xd4,0x3d,0x00,0x06,0x00,0x00,0x00,0x00,0x00,0x00,0x00,0x00,0x00,0x00,0x00,0x00,0x00,0x00,0x00,0x00,0x00,0x00,0x00,0x00,0x00,0x00,0x00,0x00,0x00,0x00,0x00,0x00,0x00,0x00,0x00,0x00,0x00,0x00,0x00,0x00,0x00,0x00,
    0x00,0x00,0x00,0x00,0x00,0x00,0x00,0x00,0x00,0x00,0x00,0x00,0x00,0x00,0x00,0x00,0x00,0x00,0x00,0x00,0x00,0x00,0x00,0x00,0x00,0x00,0x00,0x00,0x00,0x00,0x00,0x00,0x00,0x00,0x00,0x00,0x00,0x00,0x00,0x00,0x00,0x03,0x03,0x46,0x8f,0xac,0xad,0x8e,0xd8,0x6d,0x7b,0x6d,0x6e,0x6e,0x75,0x6a,0x6f,0x6f,0x6b,0x6e,0x6d,0x75,0x6d,0x72,0x72,0x72,0x73,0x73,0x72,0x75,0x6f,0x6e,0x6e,0x6e,0x6b,0x6b,0x6b,0x6b,0x6b,0x6b,0x6a,0x75,0x6d,0x6d,0x72,0x72,0x72,0x6d,0x75,0x6f,0x6e,0x75,0x6e,0x6b,0x6e,0x6b,0x9e,0x6d,0x7b,0xd2,0x84,0x97,0x43,0x99,0x32,0x00,0x06,0x00,0x00,0x00,0x00,0x00,0x00,0x00,0x00,0x00,0x00,0x00,0x00,0x00,0x00,0x00,0x00,0x00,0x00,0x00,0x00,0x00,0x00,0x00,0x00,0x00,0x00,0x00,0x00,0x00,0x00,0x00,0x00,0x00,0x00,0x00,0x00,0x00,
    0x00,0x00,0x00,0x00,0x00,0x00,0x00,0x00,0x00,0x00,0x00,0x00,0x00,0x00,0x00,0x00,0x00,0x00,0x00,0x00,0x00,0x00,0x00,0x00,0x00,0x00,0x00,0x00,0x00,0x00,0x00,0x00,0x00,0x00,0x00,0x00,0x00,0x00,0x00,0x00,0x00,0x09,0x00,0x27,0x92,0xa6,0xe5,0x8f,0xab,0x9a,0xc5,0x73,0x72,0x08,0x05,0x6b,0x75,0x6d,0x75,0x72,0x6d,0x75,0x6f,0x75,0x72,0x75,0x6f,0x6f,0x6f,0x6f,0x6f,0x6f,0x6d,0x6d,0x6d,0x6d,0x6d,0x6d,0x6d,0x75,0x6d,0x6d,0x72,0x72,0x72,0x72,0x6d,0x72,0x72,0x73,0x72,0x6d,0x6f,0x05,0x05,0x6f,0x73,0x6e,0xb9,0x8e,0x84,0x14,0x43,0xc7,0x30,0x00,0x04,0x00,0x00,0x00,0x00,0x00,0x00,0x00,0x00,0x00,0x00,0x00,0x00,0x00,0x00,0x00,0x00,0x00,0x00,0x00,0x00,0x00,0x00,0x00,0x00,0x00,0x00,0x00,0x00,0x00,0x00,0x00,0x00,0x00,0x00,0x00,0x00,0x00,
    0x00,0x00,0x00,0x00,0x00,0x00,0x00,0x00,0x00,0x00,0x00,0x00,0x00,0x00,0x00,0x00,0x00,0x00,0x00,0x00,0x00,0x00,0x00,0x00,0x00,0x00,0x00,0x00,0x00,0x00,0x00,0x00,0x00,0x00,0x00,0x00,0x00,0x00,0x00,0x00,0x00,0x00,0x02,0x04,0x50,0xac,0x9a,0x8b,0x8f,0x9b,0xe5,0x9b,0xb1,0x80,0x6f,0x6a,0x11,0x6d,0x6d,0x6f,0x6a,0x6a,0x6a,0x6b,0x6e,0x6a,0x6b,0x6b,0x6b,0x6b,0x6b,0x6b,0x6a,0x6a,0x6e,0x6e,0x6e,0x6e,0x6e,0x6e,0x6e,0x6e,0x6e,0x6e,0x6e,0x6f,0x6f,0x6e,0x6a,0x6f,0x6d,0x6d,0x1d,0x6b,0x6e,0x13,0xc0,0xc0,0xa2,0xab,0x8b,0xb0,0xa5,0x24,0x02,0x06,0x00,0x00,0x00,0x00,0x00,0x00,0x00,0x00,0x00,0x00,0x00,0x00,0x00,0x00,0x00,0x00,0x00,0x00,0x00,0x00,0x00,0x00,0x00,0x00,0x00,0x00,0x00,0x00,0x00,0x00,0x00,0x00,0x00,0x00,0x00,0x00,0x00,0x00,
    0x00,0x00,0x00,0x00,0x00,0x00,0x00,0x00,0x00,0x00,0x00,0x00,0x00,0x00,0x00,0x00,0x00,0x00,0x00,0x00,0x00,0x00,0x00,0x00,0x00,0x00,0x00,0x00,0x00,0x00,0x00,0x00,0x00,0x00,0x00,0x00,0x00,0x00,0x00,0x00,0x00,0x00,0x03,0x00,0x15,0x38,0x1a,0x63,0x50,0x42,0xc7,0xa2,0xa2,0x42,0x1f,0x25,0x10,0x1d,0x6e,0x6b,0x6a,0x6e,0x6e,0x6a,0x6a,0x6a,0x6a,0x6a,0x6a,0x6a,0x6a,0x6a,0x6a,0x6a,0x6b,0x6b,0x6b,0x6b,0x6b,0x6b,0x6b,0x6a,0x6b,0x6a,0x6a,0x6b,0x6b,0x6a,0x6a,0x6b,0x08,0x6d,0x1f,0x22,0x65,0x9b,0x85,0xdf,0x38,0x3d,0x51,0x51,0x51,0x27,0x00,0x09,0x00,0x00,0x00,0x00,0x00,0x00,0x00,0x00,0x00,0x00,0x00,0x00,0x00,0x00,0x00,0x00,0x00,0x00,0x00,0x00,0x00,0x00,0x00,0x00,0x00,0x00,0x00,0x00,0x00,0x00,0x00,0x00,0x00,0x00,0x00,0x00,0x00,0x00,
    0x00,0x00,0x00,0x00,0x00,0x00,0x00,0x00,0x00,0x00,0x00,0x00,0x00,0x00,0x00,0x00,0x00,0x00,0x00,0x00,0x00,0x00,0x00,0x00,0x00,0x00,0x00,0x00,0x00,0x00,0x00,0x00,0x00,0x00,0x00,0x00,0x00,0x00,0x00,0x00,0x00,0x00,0x00,0x01,0x00,0x00,0x53,0x53,0x00,0x00,0x5b,0xf2,0x26,0x00,0x00,0x00,0x22,0x6f,0x05,0x6a,0x6a,0x6a,0x6a,0x6b,0x6a,0x6a,0x6a,0x6a,0x6a,0x6a,0x6a,0x6a,0x6a,0x6a,0x6a,0x6a,0x6a,0x6e,0x6a,0x6e,0x6e,0x6f,0x6a,0x6a,0x6a,0x6a,0x6a,0x6a,0x6a,0x6b,0x05,0x75,0x18,0x00,0x00,0x2a,0x44,0x2c,0x0f,0x00,0x00,0x00,0x00,0x00,0x01,0x00,0x00,0x00,0x00,0x00,0x00,0x00,0x00,0x00,0x00,0x00,0x00,0x00,0x00,0x00,0x00,0x00,0x00,0x00,0x00,0x00,0x00,0x00,0x00,0x00,0x00,0x00,0x00,0x00,0x00,0x00,0x00,0x00,0x00,0x00,0x00,0x00,0x00,0x00,
    0x00,0x00,0x00,0x00,0x00,0x00,0x00,0x00,0x00,0x00,0x00,0x00,0x00,0x00,0x00,0x00,0x00,0x00,0x00,0x00,0x00,0x00,0x00,0x00,0x00,0x00,0x00,0x00,0x00,0x00,0x00,0x00,0x00,0x00,0x00,0x00,0x00,0x00,0x00,0x00,0x00,0x00,0x00,0x00,0x01,0x09,0x00,0x00,0x09,0x04,0x17,0x17,0x00,0x02,0x0f,0x02,0x2b,0x75,0x6f,0x6a,0x6a,0x6e,0x6e,0x6e,0x6a,0x6b,0x6b,0x9e,0x9e,0x9e,0x6b,0x6b,0x6b,0x6a,0x6a,0x6e,0x6a,0x6e,0x6e,0x6e,0x75,0x6b,0x6b,0x6b,0x9e,0x9e,0x6b,0x05,0x05,0x6b,0x6e,0x6d,0x3b,0x02,0x0f,0x00,0x17,0x26,0x00,0x07,0x07,0x07,0x07,0x09,0x00,0x00,0x00,0x00,0x00,0x00,0x00,0x00,0x00,0x00,0x00,0x00,0x00,0x00,0x00,0x00,0x00,0x00,0x00,0x00,0x00,0x00,0x00,0x00,0x00,0x00,0x00,0x00,0x00,0x00,0x00,0x00,0x00,0x00,0x00,0x00,0x00,0x00,0x00,0x00,
    0x00,0x00,0x00,0x00,0x00,0x00,0x00,0x00,0x00,0x00,0x00,0x00,0x00,0x00,0x00,0x00,0x00,0x00,0x00,0x00,0x00,0x00,0x00,0x00,0x00,0x00,0x00,0x00,0x00,0x00,0x00,0x00,0x00,0x00,0x00,0x00,0x00,0x00,0x00,0x00,0x00,0x00,0x00,0x00,0x00,0x00,0x03,0x03,0x00,0x00,0x00,0x00,0x06,0x00,0x01,0x01,0x15,0x0c,0x3e,0x19,0x19,0x05,0x80,0x8d,0x6a,0x6f,0x6d,0x73,0x7b,0x72,0x6d,0x75,0x6e,0x05,0x05,0x6a,0x6a,0x6f,0x6f,0x6f,0x6d,0x6d,0x6d,0x72,0x73,0x73,0x6d,0x6e,0x6a,0x19,0x1e,0x3b,0x15,0x00,0x01,0x06,0x00,0x00,0x03,0x00,0x00,0x00,0x00,0x00,0x00,0x00,0x00,0x00,0x00,0x00,0x00,0x00,0x00,0x00,0x00,0x00,0x00,0x00,0x00,0x00,0x00,0x00,0x00,0x00,0x00,0x00,0x00,0x00,0x00,0x00,0x00,0x00,0x00,0x00,0x00,0x00,0x00,0x00,0x00,0x00,0x00,0x00,0x00,0x00,
    0x00,0x00,0x00,0x00,0x00,0x00,0x00,0x00,0x00,0x00,0x00,0x00,0x00,0x00,0x00,0x00,0x00,0x00,0x00,0x00,0x00,0x00,0x00,0x00,0x00,0x00,0x00,0x00,0x00,0x00,0x00,0x00,0x00,0x00,0x00,0x00,0x00,0x00,0x00,0x00,0x00,0x00,0x00,0x00,0x00,0x00,0x00,0x00,0x00,0x00,0x09,0x09,0x00,0x00,0x00,0x00,0x00,0x00,0x00,0x10,0x10,0x4c,0xa7,0xdd,0xef,0xef,0x4c,0xf2,0xcd,0xbd,0xb1,0xc5,0x8d,0x6f,0x6b,0x75,0x6e,0x9e,0x8d,0x80,0x80,0x13,0xc5,0x62,0xcd,0xc7,0xc7,0x65,0x1f,0x10,0x00,0x00,0x00,0x00,0x00,0x00,0x09,0x06,0x00,0x00,0x00,0x00,0x00,0x00,0x00,0x00,0x00,0x00,0x00,0x00,0x00,0x00,0x00,0x00,0x00,0x00,0x00,0x00,0x00,0x00,0x00,0x00,0x00,0x00,0x00,0x00,0x00,0x00,0x00,0x00,0x00,0x00,0x00,0x00,0x00,0x00,0x00,0x00,0x00,0x00,0x00,0x00,0x00,0x00,
    0x00,0x00,0x00,0x00,0x00,0x00,0x00,0x00,0x00,0x00,0x00,0x00,0x00,0x00,0x00,0x00,0x00,0x00,0x00,0x00,0x00,0x00,0x00,0x00,0x00,0x00,0x00,0x00,0x00,0x00,0x00,0x00,0x00,0x00,0x00,0x00,0x00,0x00,0x00,0x00,0x00,0x00,0x00,0x00,0x00,0x00,0x00,0x00,0x00,0x00,0x00,0x00,0x00,0x00,0x00,0x00,0x01,0x02,0x02,0x00,0x00,0x24,0xdd,0xa7,0x4b,0xc1,0x7e,0x8e,0xbc,0xdb,0xa7,0xe1,0xe1,0x40,0x0c,0xc7,0xdd,0xdd,0xe1,0xa7,0xdb,0xdb,0xdb,0x4b,0xa7,0xe1,0x4c,0x17,0x00,0x00,0x01,0x02,0x01,0x00,0x00,0x00,0x00,0x00,0x00,0x00,0x00,0x00,0x00,0x00,0x00,0x00,0x00,0x00,0x00,0x00,0x00,0x00,0x00,0x00,0x00,0x00,0x00,0x00,0x00,0x00,0x00,0x00,0x00,0x00,0x00,0x00,0x00,0x00,0x00,0x00,0x00,0x00,0x00,0x00,0x00,0x00,0x00,0x00,0x00,0x00,0x00,0x00,0x00,0x00,
    0x00,0x00,0x00,0x00,0x00,0x00,0x00,0x00,0x00,0x00,0x00,0x00,0x00,0x00,0x00,0x00,0x00,0x00,0x00,0x00,0x00,0x00,0x00,0x00,0x00,0x00,0x00,0x00,0x00,0x00,0x00,0x00,0x00,0x00,0x00,0x00,0x00,0x00,0x00,0x00,0x00,0x00,0x00,0x00,0x00,0x00,0x00,0x00,0x00,0x00,0x00,0x00,0x00,0x00,0x00,0x00,0x00,0x00,0x00,0x02,0x01,0x59,0xed,0x1c,0x77,0x77,0xaf,0x86,0xaf,0x77,0x7c,0x4b,0xe1,0x2f,0x00,0x48,0xa7,0x4b,0x85,0x6c,0x87,0x87,0x77,0x81,0xaf,0x85,0x43,0x10,0x02,0x09,0x00,0x00,0x00,0x00,0x00,0x00,0x00,0x00,0x00,0x00,0x00,0x00,0x00,0x00,0x00,0x00,0x00,0x00,0x00,0x00,0x00,0x00,0x00,0x00,0x00,0x00,0x00,0x00,0x00,0x00,0x00,0x00,0x00,0x00,0x00,0x00,0x00,0x00,0x00,0x00,0x00,0x00,0x00,0x00,0x00,0x00,0x00,0x00,0x00,0x00,0x00,0x00,0x00,0x00,
    0x00,0x00,0x00,0x00,0x00,0x00,0x00,0x00,0x00,0x00,0x00,0x00,0x00,0x00,0x00,0x00,0x00,0x00,0x00,0x00,0x00,0x00,0x00,0x00,0x00,0x00,0x00,0x00,0x00,0x00,0x00,0x00,0x00,0x00,0x00,0x00,0x00,0x00,0x00,0x00,0x00,0x00,0x00,0x00,0x00,0x00,0x00,0x00,0x00,0x00,0x00,0x00,0x00,0x00,0x00,0x00,0x00,0x00,0x00,0x07,0x00,0x30,0x86,0x84,0x74,0x74,0x74,0x74,0x74,0x74,0x6c,0x7e,0xa2,0x36,0x02,0x42,0xdb,0x1c,0x83,0x7c,0x74,0x74,0x77,0x86,0x98,0x98,0x14,0x64,0x00,0x03,0x00,0x00,0x00,0x00,0x00,0x00,0x00,0x00,0x00,0x00,0x00,0x00,0x00,0x00,0x00,0x00,0x00,0x00,0x00,0x00,0x00,0x00,0x00,0x00,0x00,0x00,0x00,0x00,0x00,0x00,0x00,0x00,0x00,0x00,0x00,0x00,0x00,0x00,0x00,0x00,0x00,0x00,0x00,0x00,0x00,0x00,0x00,0x00,0x00,0x00,0x00,0x00,0x00,0x00,
    0x00,0x00,0x00,0x00,0x00,0x00,0x00,0x00,0x00,0x00,0x00,0x00,0x00,0x00,0x00,0x00,0x00,0x00,0x00,0x00,0x00,0x00,0x00,0x00,0x00,0x00,0x00,0x00,0x00,0x00,0x00,0x00,0x00,0x00,0x00,0x00,0x00,0x00,0x00,0x00,0x00,0x00,0x00,0x00,0x00,0x00,0x00,0x00,0x00,0x00,0x00,0x00,0x00,0x00,0x00,0x00,0x00,0x00,0x00,0x06,0x00,0x26,0xb8,0x77,0x6c,0x74,0x6c,0x6c,0x6c,0x6c,0x7c,0x84,0xd4,0x28,0x00,0x24,0x86,0xaf,0x74,0x74,0x6c,0x6c,0x6c,0x77,0x81,0xb0,0x42,0x06,0x06,0x00,0x00,0x00,0x00,0x00,0x00,0x00,0x00,0x00,0x00,0x00,0x00,0x00,0x00,0x00,0x00,0x00,0x00,0x00,0x00,0x00,0x00,0x00,0x00,0x00,0x00,0x00,0x00,0x00,0x00,0x00,0x00,0x00,0x00,0x00,0x00,0x00,0x00,0x00,0x00,0x00,0x00,0x00,0x00,0x00,0x00,0x00,0x00,0x00,0x00,0x00,0x00,0x00,0x00,0x00,
    0x00,0x00,0x00,0x00,0x00,0x00,0x00,0x00,0x00,0x00,0x00,0x00,0x00,0x00,0x00,0x00,0x00,0x00,0x00,0x00,0x00,0x00,0x00,0x00,0x00,0x00,0x00,0x00,0x00,0x00,0x00,0x00,0x00,0x00,0x00,0x00,0x00,0x00,0x00,0x00,0x00,0x00,0x00,0x00,0x00,0x00,0x00,0x00,0x00,0x00,0x00,0x00,0x00,0x00,0x00,0x00,0x00,0x00,0x00,0x09,0x00,0x0b,0xb9,0x84,0x74,0x74,0x6c,0x6c,0x6c,0x6c,0x74,0x77,0xb0,0x27,0x00,0x3d,0x89,0x98,0x86,0x77,0x6c,0x6c,0x6c,0x7c,0x1c,0xaf,0x24,0x00,0x07,0x00,0x00,0x00,0x00,0x00,0x00,0x00,0x00,0x00,0x00,0x00,0x00,0x00,0x00,0x00,0x00,0x00,0x00,0x00,0x00,0x00,0x00,0x00,0x00,0x00,0x00,0x00,0x00,0x00,0x00,0x00,0x00,0x00,0x00,0x00,0x00,0x00,0x00,0x00,0x00,0x00,0x00,0x00,0x00,0x00,0x00,0x00,0x00,0x00,0x00,0x00,0x00,0x00,0x00,0x00,
    0x00,0x00,0x00,0x00,0x00,0x00,0x00,0x00,0x00,0x00,0x00,0x00,0x00,0x00,0x00,0x00,0x00,0x00,0x00,0x00,0x00,0x00,0x00,0x00,0x00,0x00,0x00,0x00,0x00,0x00,0x00,0x00,0x00,0x00,0x00,0x00,0x00,0x00,0x00,0x00,0x00,0x00,0x00,0x00,0x00,0x00,0x00,0x00,0x00,0x00,0x00,0x00,0x00,0x00,0x00,0x00,0x00,0x00,0x00,0x01,0x09,0x23,0x39,0x8f,0x87,0x74,0x6c,0x6c,0x6c,0x6c,0x74,0x84,0x63,0x53,0x00,0x2a,0x1a,0x9d,0x86,0x77,0x6c,0x6c,0x6c,0x7c,0x1c,0xd4,0x5c,0x00,0x06,0x00,0x00,0x00,0x00,0x00,0x00,0x00,0x00,0x00,0x00,0x00,0x00,0x00,0x00,0x00,0x00,0x00,0x00,0x00,0x00,0x00,0x00,0x00,0x00,0x00,0x00,0x00,0x00,0x00,0x00,0x00,0x00,0x00,0x00,0x00,0x00,0x00,0x00,0x00,0x00,0x00,0x00,0x00,0x00,0x00,0x00,0x00,0x00,0x00,0x00,0x00,0x00,0x00,0x00,0x00,
    0x00,0x00,0x00,0x00,0x00,0x00,0x00,0x00,0x00,0x00,0x00,0x00,0x00,0x00,0x00,0x00,0x00,0x00,0x00,0x00,0x00,0x00,0x00,0x00,0x00,0x00,0x00,0x00,0x00,0x00,0x00,0x00,0x00,0x00,0x00,0x00,0x00,0x00,0x00,0x00,0x00,0x00,0x00,0x00,0x00,0x00,0x00,0x00,0x00,0x00,0x00,0x00,0x00,0x00,0x00,0x00,0x00,0x00,0x00,0x00,0x06,0x00,0x5b,0x85,0xbc,0x6c,0x6c,0x6c,0x6c,0x74,0x74,0x8e,0x38,0x00,0x00,0x2a,0xaf,0x86,0x77,0x6c,0x6c,0x6c,0x6c,0x74,0x81,0xac,0x18,0x00,0x02,0x00,0x00,0x00,0x00,0x00,0x00,0x00,0x00,0x00,0x00,0x00,0x00,0x00,0x00,0x00,0x00,0x00,0x00,0x00,0x00,0x00,0x00,0x00,0x00,0x00,0x00,0x00,0x00,0x00,0x00,0x00,0x00,0x00,0x00,0x00,0x00,0x00,0x00,0x00,0x00,0x00,0x00,0x00,0x00,0x00,0x00,0x00,0x00,0x00,0x00,0x00,0x00,0x00,0x00,0x00,
    0x00,0x00,0x00,0x00,0x00,0x00,0x00,0x00,0x00,0x00,0x00,0x00,0x00,0x00,0x00,0x00,0x00,0x00,0x00,0x00,0x00,0x00,0x00,0x00,0x00,0x00,0x00,0x00,0x00,0x00,0x00,0x00,0x00,0x00,0x00,0x00,0x00,0x00,0x00,0x00,0x00,0x00,0x00,0x00,0x00,0x00,0x00,0x00,0x00,0x00,0x00,0x00,0x00,0x00,0x00,0x00,0x00,0x00,0x00,0x00,0x06,0x01,0x38,0x9a,0x6c,0x74,0x6c,0x6c,0x74,0x81,0xaf,0x8e,0x3a,0x03,0x00,0x52,0x98,0x81,0x74,0x6c,0x6c,0x6c,0x6c,0x76,0x83,0x92,0x17,0x00,0x06,0x00,0x00,0x00,0x00,0x00,0x00,0x00,0x00,0x00,0x00,0x00,0x00,0x00,0x00,0x00,0x00,0x00,0x00,0x00,0x00,0x00,0x00,0x00,0x00,0x00,0x00,0x00,0x00,0x00,0x00,0x00,0x00,0x00,0x00,0x00,0x00,0x00,0x00,0x00,0x00,0x00,0x00,0x00,0x00,0x00,0x00,0x00,0x00,0x00,0x00,0x00,0x00,0x00,0x00,0x00,
    0x00,0x00,0x00,0x00,0x00,0x00,0x00,0x00,0x00,0x00,0x00,0x00,0x00,0x00,0x00,0x00,0x00,0x00,0x00,0x00,0x00,0x00,0x00,0x00,0x00,0x00,0x00,0x00,0x00,0x00,0x00,0x00,0x00,0x00,0x00,0x00,0x00,0x00,0x00,0x00,0x00,0x00,0x00,0x00,0x00,0x00,0x00,0x00,0x00,0x00,0x00,0x00,0x00,0x00,0x00,0x00,0x00,0x00,0x00,0x00,0x04,0x00,0x59,0xad,0x84,0x6c,0x6c,0x6c,0x6c,0x6c,0x86,0x86,0x47,0x00,0x07,0x07,0x54,0x87,0x74,0x6c,0x6c,0x6c,0x74,0x81,0x1a,0x66,0x07,0x00,0x00,0x00,0x00,0x00,0x00,0x00,0x00,0x00,0x00,0x00,0x00,0x00,0x00,0x00,0x00,0x00,0x00,0x00,0x00,0x00,0x00,0x00,0x00,0x00,0x00,0x00,0x00,0x00,0x00,0x00,0x00,0x00,0x00,0x00,0x00,0x00,0x00,0x00,0x00,0x00,0x00,0x00,0x00,0x00,0x00,0x00,0x00,0x00,0x00,0x00,0x00,0x00,0x00,0x00,0x00,0x00,
    0x00,0x00,0x00,0x00,0x00,0x00,0x00,0x00,0x00,0x00,0x00,0x00,0x00,0x00,0x00,0x00,0x00,0x00,0x00,0x00,0x00,0x00,0x00,0x00,0x00,0x00,0x00,0x00,0x00,0x00,0x00,0x00,0x00,0x00,0x00,0x00,0x00,0x00,0x00,0x00,0x00,0x00,0x00,0x00,0x00,0x00,0x00,0x00,0x00,0x00,0x00,0x00,0x00,0x00,0x00,0x00,0x00,0x00,0x00,0x00,0x04,0x00,0x34,0x92,0x98,0x86,0x77,0x6c,0x6c,0x6c,0x9d,0x97,0x34,0x00,0x07,0x00,0x63,0x84,0x74,0x6c,0x6c,0x6c,0x77,0x9d,0xb0,0x40,0x00,0x00,0x00,0x00,0x00,0x00,0x00,0x00,0x00,0x00,0x00,0x00,0x00,0x00,0x00,0x00,0x00,0x00,0x00,0x00,0x00,0x00,0x00,0x00,0x00,0x00,0x00,0x00,0x00,0x00,0x00,0x00,0x00,0x00,0x00,0x00,0x00,0x00,0x00,0x00,0x00,0x00,0x00,0x00,0x00,0x00,0x00,0x00,0x00,0x00,0x00,0x00,0x00,0x00,0x00,0x00,0x00,0x00,
    0x00,0x00,0x00,0x00,0x00,0x00,0x00,0x00,0x00,0x00,0x00,0x00,0x00,0x00,0x00,0x00,0x00,0x00,0x00,0x00,0x00,0x00,0x00,0x00,0x00,0x00,0x00,0x00,0x00,0x00,0x00,0x00,0x00,0x00,0x00,0x00,0x00,0x00,0x00,0x00,0x00,0x00,0x00,0x00,0x00,0x00,0x00,0x00,0x00,0x00,0x00,0x00,0x00,0x00,0x00,0x00,0x00,0x00,0x00,0x00,0x04,0x00,0x36,0xa2,0x84,0xaf,0x6c,0x6c,0x6c,0xaf,0x9d,0x8b,0x32,0x00,0x07,0x00,0x3a,0x81,0x7c,0x6c,0x6c,0x6c,0xaf,0x9d,0x1a,0x61,0x53,0x00,0x03,0x00,0x00,0x00,0x00,0x00,0x00,0x00,0x00,0x00,0x00,0x00,0x00,0x00,0x00,0x00,0x00,0x00,0x00,0x00,0x00,0x00,0x00,0x00,0x00,0x00,0x00,0x00,0x00,0x00,0x00,0x00,0x00,0x00,0x00,0x00,0x00,0x00,0x00,0x00,0x00,0x00,0x00,0x00,0x00,0x00,0x00,0x00,0x00,0x00,0x00,0x00,0x00,0x00,0x00,0x00,
    0x00,0x00,0x00,0x00,0x00,0x00,0x00,0x00,0x00,0x00,0x00,0x00,0x00,0x00,0x00,0x00,0x00,0x00,0x00,0x00,0x00,0x00,0x00,0x00,0x00,0x00,0x00,0x00,0x00,0x00,0x00,0x00,0x00,0x00,0x00,0x00,0x00,0x00,0x00,0x00,0x00,0x00,0x00,0x00,0x00,0x00,0x00,0x00,0x00,0x00,0x00,0x00,0x00,0x00,0x00,0x00,0x00,0x00,0x00,0x00,0x06,0x00,0x5d,0x8f,0xbc,0x74,0x6c,0x6c,0x6c,0x8b,0x84,0x4a,0x23,0x00,0x07,0x00,0x47,0x84,0xbc,0x81,0x6c,0x6c,0x81,0x86,0xaf,0xa5,0x17,0x00,0x06,0x00,0x00,0x00,0x00,0x00,0x00,0x00,0x00,0x00,0x00,0x00,0x00,0x00,0x00,0x00,0x00,0x00,0x00,0x00,0x00,0x00,0x00,0x00,0x00,0x00,0x00,0x00,0x00,0x00,0x00,0x00,0x00,0x00,0x00,0x00,0x00,0x00,0x00,0x00,0x00,0x00,0x00,0x00,0x00,0x00,0x00,0x00,0x00,0x00,0x00,0x00,0x00,0x00,0x00,0x00,
    0x00,0x00,0x00,0x00,0x00,0x00,0x00,0x00,0x00,0x00,0x00,0x00,0x00,0x00,0x00,0x00,0x00,0x00,0x00,0x00,0x00,0x00,0x00,0x00,0x00,0x00,0x00,0x00,0x00,0x00,0x00,0x00,0x00,0x00,0x00,0x00,0x00,0x00,0x00,0x00,0x00,0x00,0x00,0x00,0x00,0x00,0x00,0x00,0x00,0x00,0x00,0x00,0x00,0x00,0x00,0x00,0x00,0x00,0x00,0x00,0x02,0x01,0x3f,0x8f,0x87,0x74,0x6c,0x6c,0x6c,0x74,0x87,0x61,0x10,0x00,0x07,0x00,0x3d,0x89,0xaf,0x86,0x77,0x6c,0x6c,0x8b,0x8e,0xac,0x18,0x00,0x02,0x00,0x00,0x00,0x00,0x00,0x00,0x00,0x00,0x00,0x00,0x00,0x00,0x00,0x00,0x00,0x00,0x00,0x00,0x00,0x00,0x00,0x00,0x00,0x00,0x00,0x00,0x00,0x00,0x00,0x00,0x00,0x00,0x00,0x00,0x00,0x00,0x00,0x00,0x00,0x00,0x00,0x00,0x00,0x00,0x00,0x00,0x00,0x00,0x00,0x00,0x00,0x00,0x00,0x00,0x00,
    0x00,0x00,0x00,0x00,0x00,0x00,0x00,0x00,0x00,0x00,0x00,0x00,0x00,0x00,0x00,0x00,0x00,0x00,0x00,0x00,0x00,0x00,0x00,0x00,0x00,0x00,0x00,0x00,0x00,0x00,0x00,0x00,0x00,0x00,0x00,0x00,0x00,0x00,0x00,0x00,0x00,0x00,0x00,0x00,0x00,0x00,0x00,0x00,0x00,0x00,0x00,0x00,0x00,0x00,0x00,0x00,0x00,0x00,0x00,0x00,0x06,0x00,0x42,0x8f,0x84,0x74,0x6c,0x6c,0x6c,0x6c,0x81,0x54,0x64,0x00,0x07,0x00,0x31,0x9d,0x86,0xaf,0x6c,0x6c,0x6c,0x74,0x87,0xb9,0x25,0x00,0x02,0x00,0x00,0x00,0x00,0x00,0x00,0x00,0x00,0x00,0x00,0x00,0x00,0x00,0x00,0x00,0x00,0x00,0x00,0x00,0x00,0x00,0x00,0x00,0x00,0x00,0x00,0x00,0x00,0x00,0x00,0x00,0x00,0x00,0x00,0x00,0x00,0x00,0x00,0x00,0x00,0x00,0x00,0x00,0x00,0x00,0x00,0x00,0x00,0x00,0x00,0x00,0x00,0x00,0x00,0x00,
    0x00,0x00,0x00,0x00,0x00,0x00,0x00,0x00,0x00,0x00,0x00,0x00,0x00,0x00,0x00,0x00,0x00,0x00,0x00,0x00,0x00,0x00,0x00,0x00,0x00,0x00,0x00,0x00,0x00,0x00,0x00,0x00,0x00,0x00,0x00,0x00,0x00,0x00,0x00,0x00,0x00,0x00,0x00,0x00,0x00,0x00,0x00,0x00,0x00,0x00,0x00,0x00,0x00,0x00,0x00,0x00,0x00,0x00,0x00,0x03,0x03,0x23,0x44,0x8f,0x81,0x74,0x6c,0x6c,0x81,0x86,0x86,0x24,0x03,0x07,0x06,0x00,0x46,0x86,0x81,0x6c,0x6c,0x6c,0x6c,0x8b,0x1c,0x14,0x2f,0x00,0x07,0x00,0x00,0x00,0x00,0x00,0x00,0x00,0x00,0x00,0x00,0x00,0x00,0x00,0x00,0x00,0x00,0x00,0x00,0x00,0x00,0x00,0x00,0x00,0x00,0x00,0x00,0x00,0x00,0x00,0x00,0x00,0x00,0x00,0x00,0x00,0x00,0x00,0x00,0x00,0x00,0x00,0x00,0x00,0x00,0x00,0x00,0x00,0x00,0x00,0x00,0x00,0x00,0x00,0x00,0x00,
    0x00,0x00,0x00,0x00,0x00,0x00,0x00,0x00,0x00,0x00,0x00,0x00,0x00,0x00,0x00,0x00,0x00,0x00,0x00,0x00,0x00,0x00,0x00,0x00,0x00,0x00,0x00,0x00,0x00,0x00,0x00,0x00,0x00,0x00,0x00,0x00,0x00,0x00,0x00,0x00,0x00,0x00,0x00,0x00,0x00,0x00,0x00,0x00,0x00,0x00,0x00,0x00,0x00,0x00,0x00,0x00,0x00,0x00,0x00,0x06,0x00,0x27,0xd3,0x85,0x74,0x74,0x6c,0x6c,0x77,0x84,0xb0,0x21,0x09,0x04,0x06,0x00,0x27,0x7e,0x86,0x86,0x6c,0x6c,0x6c,0x74,0x1c,0x83,0x51,0x01,0x07,0x00,0x00,0x00,0x00,0x00,0x00,0x00,0x00,0x00,0x00,0x00,0x00,0x00,0x00,0x00,0x00,0x00,0x00,0x00,0x00,0x00,0x00,0x00,0x00,0x00,0x00,0x00,0x00,0x00,0x00,0x00,0x00,0x00,0x00,0x00,0x00,0x00,0x00,0x00,0x00,0x00,0x00,0x00,0x00,0x00,0x00,0x00,0x00,0x00,0x00,0x00,0x00,0x00,0x00,0x00,
    0x00,0x00,0x00,0x00,0x00,0x00,0x00,0x00,0x00,0x00,0x00,0x00,0x00,0x00,0x00,0x00,0x00,0x00,0x00,0x00,0x00,0x00,0x00,0x00,0x00,0x00,0x00,0x00,0x00,0x00,0x00,0x00,0x00,0x00,0x00,0x00,0x00,0x00,0x00,0x00,0x00,0x00,0x00,0x00,0x00,0x00,0x00,0x00,0x00,0x00,0x00,0x00,0x00,0x00,0x00,0x00,0x00,0x00,0x00,0x06,0x00,0x46,0x8f,0x8b,0x7c,0x7c,0x74,0x7c,0x85,0x1c,0x97,0x21,0x00,0x04,0x09,0x00,0x45,0x92,0x84,0x8b,0x74,0x74,0x7c,0x7c,0x1c,0x7c,0x3d,0x00,0x04,0x00,0x00,0x00,0x00,0x00,0x00,0x00,0x00,0x00,0x00,0x00,0x00,0x00,0x00,0x00,0x00,0x00,0x00,0x00,0x00,0x00,0x00,0x00,0x00,0x00,0x00,0x00,0x00,0x00,0x00,0x00,0x00,0x00,0x00,0x00,0x00,0x00,0x00,0x00,0x00,0x00,0x00,0x00,0x00,0x00,0x00,0x00,0x00,0x00,0x00,0x00,0x00,0x00,0x00,0x00,
    0x00,0x00,0x00,0x00,0x00,0x00,0x00,0x00,0x00,0x00,0x00,0x00,0x00,0x00,0x00,0x00,0x00,0x00,0x00,0x00,0x00,0x00,0x00,0x00,0x00,0x00,0x00,0x00,0x00,0x00,0x00,0x00,0x00,0x00,0x00,0x00,0x00,0x00,0x00,0x00,0x00,0x00,0x00,0x00,0x00,0x00,0x00,0x00,0x00,0x00,0x00,0x00,0x00,0x00,0x00,0x00,0x00,0x00,0x00,0x02,0x03,0x0c,0x20,0x89,0x7e,0x7e,0xbc,0x1c,0x1c,0xbc,0x9a,0x16,0x1f,0x09,0x02,0x03,0x0c,0x3c,0xab,0x74,0x8b,0xbc,0x8b,0x83,0x81,0xb0,0x40,0x15,0x06,0x01,0x00,0x00,0x00,0x00,0x00,0x00,0x00,0x00,0x00,0x00,0x00,0x00,0x00,0x00,0x00,0x00,0x00,0x00,0x00,0x00,0x00,0x00,0x00,0x00,0x00,0x00,0x00,0x00,0x00,0x00,0x00,0x00,0x00,0x00,0x00,0x00,0x00,0x00,0x00,0x00,0x00,0x00,0x00,0x00,0x00,0x00,0x00,0x00,0x00,0x00,0x00,0x00,0x00,0x00,
    0x00,0x00,0x00,0x00,0x00,0x00,0x00,0x00,0x00,0x00,0x00,0x00,0x00,0x00,0x00,0x00,0x00,0x00,0x00,0x00,0x00,0x00,0x00,0x00,0x00,0x00,0x00,0x00,0x00,0x00,0x00,0x00,0x00,0x00,0x00,0x00,0x00,0x00,0x00,0x00,0x00,0x00,0x00,0x00,0x00,0x00,0x00,0x00,0x00,0x00,0x00,0x00,0x00,0x00,0x00,0x00,0x00,0x00,0x02,0x01,0x25,0x73,0x13,0x9b,0x97,0xd7,0x9a,0x97,0x9a,0x85,0xb9,0x75,0x1e,0x00,0x02,0x00,0x19,0xb1,0x97,0x97,0x97,0x97,0x97,0x8f,0x9a,0xcc,0x7b,0x1e,0x00,0x02,0x00,0x00,0x00,0x00,0x00,0x00,0x00,0x00,0x00,0x00,0x00,0x00,0x00,0x00,0x00,0x00,0x00,0x00,0x00,0x00,0x00,0x00,0x00,0x00,0x00,0x00,0x00,0x00,0x00,0x00,0x00,0x00,0x00,0x00,0x00,0x00,0x00,0x00,0x00,0x00,0x00,0x00,0x00,0x00,0x00,0x00,0x00,0x00,0x00,0x00,0x00,0x00,0x00,0x00,
    0x00,0x00,0x00,0x00,0x00,0x00,0x00,0x00,0x00,0x00,0x00,0x00,0x00,0x00,0x00,0x00,0x00,0x00,0x00,0x00,0x00,0x00,0x00,0x00,0x00,0x00,0x00,0x00,0x00,0x00,0x00,0x00,0x00,0x00,0x00,0x00,0x00,0x00,0x00,0x00,0x00,0x00,0x00,0x00,0x00,0x00,0x00,0x00,0x00,0x00,0x00,0x00,0x00,0x00,0x00,0x00,0x00,0x00,0x02,0x00,0x3b,0x75,0x6f,0x72,0x6b,0x6f,0x8d,0x80,0x8d,0x80,0x6f,0x6d,0x1e,0x09,0x09,0x10,0x19,0x75,0x08,0x8d,0x8d,0x8d,0x8d,0x80,0x9e,0x73,0x6d,0x72,0x1f,0x00,0x02,0x00,0x00,0x00,0x00,0x00,0x00,0x00,0x00,0x00,0x00,0x00,0x00,0x00,0x00,0x00,0x00,0x00,0x00,0x00,0x00,0x00,0x00,0x00,0x00,0x00,0x00,0x00,0x00,0x00,0x00,0x00,0x00,0x00,0x00,0x00,0x00,0x00,0x00,0x00,0x00,0x00,0x00,0x00,0x00,0x00,0x00,0x00,0x00,0x00,0x00,0x00,0x00,0x00,
    0x00,0x00,0x00,0x00,0x00,0x00,0x00,0x00,0x00,0x00,0x00,0x00,0x00,0x00,0x00,0x00,0x00,0x00,0x00,0x00,0x00,0x00,0x00,0x00,0x00,0x00,0x00,0x00,0x00,0x00,0x00,0x00,0x00,0x00,0x00,0x00,0x00,0x00,0x00,0x00,0x00,0x00,0x00,0x00,0x00,0x00,0x00,0x00,0x00,0x00,0x00,0x00,0x00,0x00,0x00,0x00,0x00,0x09,0x00,0x0b,0x05,0x6a,0x6a,0x6f,0x6e,0x6a,0x6a,0x6a,0x6a,0x75,0x72,0x6d,0x75,0x0b,0x00,0x22,0x72,0x75,0x6d,0x6f,0x6e,0x6b,0x6b,0x6a,0x6e,0x6d,0x75,0x75,0x11,0x00,0x01,0x00,0x00,0x00,0x00,0x00,0x00,0x00,0x00,0x00,0x00,0x00,0x00,0x00,0x00,0x00,0x00,0x00,0x00,0x00,0x00,0x00,0x00,0x00,0x00,0x00,0x00,0x00,0x00,0x00,0x00,0x00,0x00,0x00,0x00,0x00,0x00,0x00,0x00,0x00,0x00,0x00,0x00,0x00,0x00,0x00,0x00,0x00,0x00,0x00,0x00,0x00,0x00,0x00,
    0x00,0x00,0x00,0x00,0x00,0x00,0x00,0x00,0x00,0x00,0x00,0x00,0x00,0x00,0x00,0x00,0x00,0x00,0x00,0x00,0x00,0x00,0x00,0x00,0x00,0x00,0x00,0x00,0x00,0x00,0x00,0x00,0x00,0x00,0x00,0x00,0x00,0x00,0x00,0x00,0x00,0x00,0x00,0x00,0x00,0x00,0x00,0x00,0x00,0x00,0x00,0x00,0x00,0x00,0x00,0x00,0x00,0x02,0x00,0x18,0x08,0x05,0x6b,0x6d,0x6e,0x6b,0x6a,0x6a,0x6b,0x75,0x6f,0x05,0x6a,0x0c,0x00,0x3e,0x08,0x05,0x6d,0x6e,0x6b,0x6a,0x6a,0x6b,0x6d,0x6f,0x05,0x6e,0x11,0x00,0x00,0x00,0x00,0x00,0x00,0x00,0x00,0x00,0x00,0x00,0x00,0x00,0x00,0x00,0x00,0x00,0x00,0x00,0x00,0x00,0x00,0x00,0x00,0x00,0x00,0x00,0x00,0x00,0x00,0x00,0x00,0x00,0x00,0x00,0x00,0x00,0x00,0x00,0x00,0x00,0x00,0x00,0x00,0x00,0x00,0x00,0x00,0x00,0x00,0x00,0x00,0x00,0x00,0x00,
    0x00,0x00,0x00,0x00,0x00,0x00,0x00,0x00,0x00,0x00,0x00,0x00,0x00,0x00,0x00,0x00,0x00,0x00,0x00,0x00,0x00,0x00,0x00,0x00,0x00,0x00,0x00,0x00,0x00,0x00,0x00,0x00,0x00,0x00,0x00,0x00,0x00,0x00,0x00,0x00,0x00,0x00,0x00,0x00,0x00,0x00,0x00,0x00,0x00,0x00,0x00,0x00,0x00,0x00,0x00,0x00,0x00,0x00,0x09,0x09,0x16,0x6a,0x08,0x6d,0x6a,0x9e,0x6a,0x6a,0x9e,0x6f,0x6f,0x6e,0x6b,0x18,0x00,0x0c,0x72,0x72,0x72,0x6a,0x6b,0x6b,0x6b,0x9e,0x6f,0x6d,0x08,0x6d,0x1e,0x00,0x09,0x00,0x00,0x00,0x00,0x00,0x00,0x00,0x00,0x00,0x00,0x00,0x00,0x00,0x00,0x00,0x00,0x00,0x00,0x00,0x00,0x00,0x00,0x00,0x00,0x00,0x00,0x00,0x00,0x00,0x00,0x00,0x00,0x00,0x00,0x00,0x00,0x00,0x00,0x00,0x00,0x00,0x00,0x00,0x00,0x00,0x00,0x00,0x00,0x00,0x00,0x00,0x00,0x00,
    0x00,0x00,0x00,0x00,0x00,0x00,0x00,0x00,0x00,0x00,0x00,0x00,0x00,0x00,0x00,0x00,0x00,0x00,0x00,0x00,0x00,0x00,0x00,0x00,0x00,0x00,0x00,0x00,0x00,0x00,0x00,0x00,0x00,0x00,0x00,0x00,0x00,0x00,0x00,0x00,0x00,0x00,0x00,0x00,0x00,0x00,0x00,0x00,0x00,0x00,0x00,0x00,0x00,0x00,0x00,0x00,0x00,0x00,0x02,0x00,0x29,0x6f,0x80,0x6f,0x73,0x6d,0x6e,0x6e,0x75,0x7b,0x9e,0x96,0x75,0x0b,0x00,0x18,0xb4,0xa0,0x7b,0x82,0x75,0x6e,0x75,0x82,0x73,0x96,0x05,0x73,0x0c,0x00,0x02,0x00,0x00,0x00,0x00,0x00,0x00,0x00,0x00,0x00,0x00,0x00,0x00,0x00,0x00,0x00,0x00,0x00,0x00,0x00,0x00,0x00,0x00,0x00,0x00,0x00,0x00,0x00,0x00,0x00,0x00,0x00,0x00,0x00,0x00,0x00,0x00,0x00,0x00,0x00,0x00,0x00,0x00,0x00,0x00,0x00,0x00,0x00,0x00,0x00,0x00,0x00,0x00,0x00,
    0x00,0x00,0x00,0x00,0x00,0x00,0x00,0x00,0x00,0x00,0x00,0x00,0x00,0x00,0x00,0x00,0x00,0x00,0x00,0x00,0x00,0x00,0x00,0x00,0x00,0x00,0x00,0x00,0x00,0x00,0x00,0x00,0x00,0x00,0x00,0x00,0x00,0x00,0x00,0x00,0x00,0x00,0x00,0x00,0x00,0x00,0x00,0x00,0x00,0x00,0x00,0x00,0x00,0x00,0x00,0x00,0x00,0x00,0x02,0x00,0x29,0x6d,0x2d,0xbe,0xbe,0x2d,0x8d,0x6b,0xc6,0x2d,0xc6,0xb7,0x7b,0x0b,0x00,0x18,0xb7,0xbe,0xc6,0xa4,0xa0,0x72,0xa0,0xa4,0xa4,0x9f,0x4d,0x6d,0x0c,0x00,0x02,0x00,0x00,0x00,0x00,0x00,0x00,0x00,0x00,0x00,0x00,0x00,0x00,0x00,0x00,0x00,0x00,0x00,0x00,0x00,0x00,0x00,0x00,0x00,0x00,0x00,0x00,0x00,0x00,0x00,0x00,0x00,0x00,0x00,0x00,0x00,0x00,0x00,0x00,0x00,0x00,0x00,0x00,0x00,0x00,0x00,0x00,0x00,0x00,0x00,0x00,0x00,0x00,0x00,
    0x00,0x00,0x00,0x00,0x00,0x00,0x00,0x00,0x00,0x00,0x00,0x00,0x00,0x00,0x00,0x00,0x00,0x00,0x00,0x00,0x00,0x00,0x00,0x00,0x00,0x00,0x00,0x00,0x00,0x00,0x00,0x00,0x00,0x00,0x00,0x00,0x00,0x00,0x00,0x00,0x00,0x00,0x00,0x00,0x00,0x00,0x00,0x00,0x00,0x00,0x00,0x00,0x00,0x00,0x00,0x00,0x00,0x00,0x02,0x00,0x29,0x6e,0x05,0xa3,0xa0,0xce,0xd5,0xd5,0x9f,0xa0,0xb7,0x73,0x72,0x0b,0x00,0x18,0x72,0xbe,0xb7,0xa3,0xd5,0xd5,0xde,0xa4,0x96,0xa3,0x08,0x6a,0x0c,0x00,0x02,0x00,0x00,0x00,0x00,0x00,0x00,0x00,0x00,0x00,0x00,0x00,0x00,0x00,0x00,0x00,0x00,0x00,0x00,0x00,0x00,0x00,0x00,0x00,0x00,0x00,0x00,0x00,0x00,0x00,0x00,0x00,0x00,0x00,0x00,0x00,0x00,0x00,0x00,0x00,0x00,0x00,0x00,0x00,0x00,0x00,0x00,0x00,0x00,0x00,0x00,0x00,0x00,0x00,
    0x00,0x00,0x00,0x00,0x00,0x00,0x00,0x00,0x00,0x00,0x00,0x00,0x00,0x00,0x00,0x00,0x00,0x00,0x00,0x00,0x00,0x00,0x00,0x00,0x00,0x00,0x00,0x00,0x00,0x00,0x00,0x00,0x00,0x00,0x00,0x00,0x00,0x00,0x00,0x00,0x00,0x00,0x00,0x00,0x00,0x00,0x00,0x00,0x00,0x00,0x00,0x00,0x00,0x00,0x00,0x00,0x00,0x00,0x02,0x00,0x29,0x6a,0x05,0xa0,0xa4,0x9f,0xa3,0xa3,0x9f,0xc6,0xb4,0x72,0x72,0x0b,0x00,0x18,0x72,0xa3,0xb7,0xbe,0xd1,0xc6,0x9f,0xf0,0xa3,0x8d,0x05,0x6e,0x0c,0x00,0x02,0x00,0x00,0x00,0x00,0x00,0x00,0x00,0x00,0x00,0x00,0x00,0x00,0x00,0x00,0x00,0x00,0x00,0x00,0x00,0x00,0x00,0x00,0x00,0x00,0x00,0x00,0x00,0x00,0x00,0x00,0x00,0x00,0x00,0x00,0x00,0x00,0x00,0x00,0x00,0x00,0x00,0x00,0x00,0x00,0x00,0x00,0x00,0x00,0x00,0x00,0x00,0x00,0x00,
    0x00,0x00,0x00,0x00,0x00,0x00,0x00,0x00,0x00,0x00,0x00,0x00,0x00,0x00,0x00,0x00,0x00,0x00,0x00,0x00,0x00,0x00,0x00,0x00,0x00,0x00,0x00,0x00,0x00,0x00,0x00,0x00,0x00,0x00,0x00,0x00,0x00,0x00,0x00,0x00,0x00,0x00,0x00,0x00,0x00,0x00,0x00,0x00,0x00,0x00,0x00,0x00,0x00,0x00,0x00,0x00,0x00,0x00,0x02,0x00,0x29,0x6f,0x80,0xf0,0xd1,0xb4,0x7b,0x7b,0x96,0xce,0xbe,0x73,0x72,0x0b,0x00,0x18,0x7b,0x2d,0xde,0x9f,0x6d,0x7b,0x7b,0xa4,0xde,0xa4,0x6f,0x6a,0x0c,0x00,0x02,0x00,0x00,0x00,0x00,0x00,0x00,0x00,0x00,0x00,0x00,0x00,0x00,0x00,0x00,0x00,0x00,0x00,0x00,0x00,0x00,0x00,0x00,0x00,0x00,0x00,0x00,0x00,0x00,0x00,0x00,0x00,0x00,0x00,0x00,0x00,0x00,0x00,0x00,0x00,0x00,0x00,0x00,0x00,0x00,0x00,0x00,0x00,0x00,0x00,0x00,0x00,0x00,0x00,
    0x00,0x00,0x00,0x00,0x00,0x00,0x00,0x00,0x00,0x00,0x00,0x00,0x00,0x00,0x00,0x00,0x00,0x00,0x00,0x00,0x00,0x00,0x00,0x00,0x00,0x00,0x00,0x00,0x00,0x00,0x00,0x00,0x00,0x00,0x00,0x00,0x00,0x00,0x00,0x00,0x00,0x00,0x00,0x00,0x00,0x00,0x00,0x00,0x00,0x00,0x00,0x00,0x00,0x00,0x00,0x00,0x00,0x00,0x02,0x00,0x29,0x6f,0x80,0x8d,0xb7,0xce,0xb7,0xc6,0xe0,0x96,0x8d,0x6a,0x6e,0x0b,0x00,0x18,0x6f,0xa3,0xa0,0xa4,0xce,0xa3,0xbe,0x9f,0x96,0x96,0x6f,0x75,0x0c,0x00,0x02,0x00,0x00,0x00,0x00,0x00,0x00,0x00,0x00,0x00,0x00,0x00,0x00,0x00,0x00,0x00,0x00,0x00,0x00,0x00,0x00,0x00,0x00,0x00,0x00,0x00,0x00,0x00,0x00,0x00,0x00,0x00,0x00,0x00,0x00,0x00,0x00,0x00,0x00,0x00,0x00,0x00,0x00,0x00,0x00,0x00,0x00,0x00,0x00,0x00,0x00,0x00,0x00,0x00,
    0x00,0x00,0x00,0x00,0x00,0x00,0x00,0x00,0x00,0x00,0x00,0x00,0x00,0x00,0x00,0x00,0x00,0x00,0x00,0x00,0x00,0x00,0x00,0x00,0x00,0x00,0x00,0x00,0x00,0x00,0x00,0x00,0x00,0x00,0x00,0x00,0x00,0x00,0x00,0x00,0x00,0x00,0x00,0x00,0x00,0x00,0x00,0x00,0x00,0x00,0x00,0x00,0x00,0x00,0x00,0x00,0x00,0x01,0x01,0x0f,0x16,0x75,0x6f,0x7b,0x7b,0x9f,0xde,0xde,0xa3,0x7b,0x6f,0x6b,0x6e,0x0b,0x00,0x22,0x6f,0x05,0x82,0x75,0xce,0xde,0xde,0xa0,0x7b,0x73,0x05,0x6d,0x0c,0x00,0x02,0x00,0x00,0x00,0x00,0x00,0x00,0x00,0x00,0x00,0x00,0x00,0x00,0x00,0x00,0x00,0x00,0x00,0x00,0x00,0x00,0x00,0x00,0x00,0x00,0x00,0x00,0x00,0x00,0x00,0x00,0x00,0x00,0x00,0x00,0x00,0x00,0x00,0x00,0x00,0x00,0x00,0x00,0x00,0x00,0x00,0x00,0x00,0x00,0x00,0x00,0x00,0x00,0x00,
    0x00,0x00,0x00,0x00,0x00,0x00,0x00,0x00,0x00,0x00,0x00,0x00,0x00,0x00,0x00,0x00,0x00,0x00,0x00,0x00,0x00,0x00,0x00,0x00,0x00,0x00,0x00,0x00,0x00,0x00,0x00,0x00,0x00,0x00,0x00,0x00,0x00,0x00,0x00,0x00,0x00,0x00,0x00,0x00,0x00,0x00,0x00,0x00,0x00,0x00,0x00,0x00,0x00,0x00,0x00,0x00,0x00,0x01,0x00,0x10,0x1d,0x6e,0x6d,0xb7,0x9f,0xbe,0x96,0xb7,0xce,0xa4,0x9e,0x6e,0x6f,0x0b,0x00,0x29,0x6a,0x08,0xb7,0xd1,0xa4,0x6f,0xb7,0xe0,0xc6,0x6f,0x05,0x6f,0x3e,0x00,0x09,0x00,0x00,0x00,0x00,0x00,0x00,0x00,0x00,0x00,0x00,0x00,0x00,0x00,0x00,0x00,0x00,0x00,0x00,0x00,0x00,0x00,0x00,0x00,0x00,0x00,0x00,0x00,0x00,0x00,0x00,0x00,0x00,0x00,0x00,0x00,0x00,0x00,0x00,0x00,0x00,0x00,0x00,0x00,0x00,0x00,0x00,0x00,0x00,0x00,0x00,0x00,0x00,0x00,
    0x00,0x00,0x00,0x00,0x00,0x00,0x00,0x00,0x00,0x00,0x00,0x00,0x00,0x00,0x00,0x00,0x00,0x00,0x00,0x00,0x00,0x00,0x00,0x00,0x00,0x00,0x00,0x00,0x00,0x00,0x00,0x00,0x00,0x00,0x00,0x00,0x00,0x00,0x00,0x00,0x00,0x00,0x00,0x00,0x00,0x00,0x00,0x00,0x00,0x00,0x00,0x00,0x00,0x00,0x00,0x00,0x00,0x02,0x00,0x1f,0x6f,0x05,0x75,0xe0,0xd5,0xa0,0x7b,0x7b,0xc6,0xde,0xa3,0x08,0x6b,0x2b,0x00,0x29,0x6d,0x72,0x9f,0xd1,0x6e,0x7b,0x72,0xa4,0xd5,0x96,0x08,0x6b,0x11,0x00,0x00,0x00,0x00,0x00,0x00,0x00,0x00,0x00,0x00,0x00,0x00,0x00,0x00,0x00,0x00,0x00,0x00,0x00,0x00,0x00,0x00,0x00,0x00,0x00,0x00,0x00,0x00,0x00,0x00,0x00,0x00,0x00,0x00,0x00,0x00,0x00,0x00,0x00,0x00,0x00,0x00,0x00,0x00,0x00,0x00,0x00,0x00,0x00,0x00,0x00,0x00,0x00,0x00,0x00,
    0x00,0x00,0x00,0x00,0x00,0x00,0x00,0x00,0x00,0x00,0x00,0x00,0x00,0x00,0x00,0x00,0x00,0x00,0x00,0x00,0x00,0x00,0x00,0x00,0x00,0x00,0x00,0x00,0x00,0x00,0x00,0x00,0x00,0x00,0x00,0x00,0x00,0x00,0x00,0x00,0x00,0x00,0x00,0x00,0x00,0x00,0x00,0x00,0x00,0x00,0x00,0x00,0x00,0x00,0x00,0x00,0x00,0x02,0x00,0x22,0x6a,0x05,0x6b,0x75,0xa0,0xd1,0xd1,0xd1,0x9f,0x96,0x72,0x08,0x6d,0x0c,0x00,0x1d,0x6d,0x6d,0x73,0xb7,0xce,0x9f,0xce,0xa4,0x6a,0x6e,0x05,0x6e,0x11,0x00,0x00,0x00,0x00,0x00,0x00,0x00,0x00,0x00,0x00,0x00,0x00,0x00,0x00,0x00,0x00,0x00,0x00,0x00,0x00,0x00,0x00,0x00,0x00,0x00,0x00,0x00,0x00,0x00,0x00,0x00,0x00,0x00,0x00,0x00,0x00,0x00,0x00,0x00,0x00,0x00,0x00,0x00,0x00,0x00,0x00,0x00,0x00,0x00,0x00,0x00,0x00,0x00,0x00,0x00,
    0x00,0x00,0x00,0x00,0x00,0x00,0x00,0x00,0x00,0x00,0x00,0x00,0x00,0x00,0x00,0x00,0x00,0x00,0x00,0x00,0x00,0x00,0x00,0x00,0x00,0x00,0x00,0x00,0x00,0x00,0x00,0x00,0x00,0x00,0x00,0x00,0x00,0x00,0x00,0x00,0x00,0x00,0x00,0x00,0x00,0x00,0x00,0x00,0x00,0x00,0x00,0x00,0x00,0x00,0x00,0x00,0x00,0x02,0x00,0x22,0x6d,0x6f,0x6e,0x6d,0xb7,0x9f,0xbe,0xbe,0xa4,0x9e,0x7b,0x6d,0x72,0x0c,0x01,0x16,0x6d,0x73,0x72,0xb7,0x9f,0xbe,0xd1,0x2d,0x6f,0x75,0x75,0x72,0x11,0x01,0x00,0x00,0x00,0x00,0x00,0x00,0x00,0x00,0x00,0x00,0x00,0x00,0x00,0x00,0x00,0x00,0x00,0x00,0x00,0x00,0x00,0x00,0x00,0x00,0x00,0x00,0x00,0x00,0x00,0x00,0x00,0x00,0x00,0x00,0x00,0x00,0x00,0x00,0x00,0x00,0x00,0x00,0x00,0x00,0x00,0x00,0x00,0x00,0x00,0x00,0x00,0x00,0x00,0x00,
    0x00,0x00,0x00,0x00,0x00,0x00,0x00,0x00,0x00,0x00,0x00,0x00,0x00,0x00,0x00,0x00,0x00,0x00,0x00,0x00,0x00,0x00,0x00,0x00,0x00,0x00,0x00,0x00,0x00,0x00,0x00,0x00,0x00,0x00,0x00,0x00,0x00,0x00,0x00,0x00,0x00,0x00,0x00,0x00,0x00,0x00,0x00,0x00,0x00,0x00,0x00,0x00,0x00,0x00,0x00,0x00,0x00,0x09,0x00,0x0b,0x1d,0x6a,0x6f,0x9f,0xce,0xd1,0xa4,0xc6,0x9f,0xd1,0xc6,0x72,0x75,0x0c,0x00,0x1e,0x72,0xb7,0xe0,0xce,0x9f,0xc6,0xbe,0xd1,0xd1,0xa0,0x6f,0x75,0x11,0x00,0x00,0x00,0x00,0x00,0x00,0x00,0x00,0x00,0x00,0x00,0x00,0x00,0x00,0x00,0x00,0x00,0x00,0x00,0x00,0x00,0x00,0x00,0x00,0x00,0x00,0x00,0x00,0x00,0x00,0x00,0x00,0x00,0x00,0x00,0x00,0x00,0x00,0x00,0x00,0x00,0x00,0x00,0x00,0x00,0x00,0x00,0x00,0x00,0x00,0x00,0x00,0x00,0x00,0x00,
    0x00,0x00,0x00,0x00,0x00,0x00,0x00,0x00,0x00,0x00,0x00,0x00,0x00,0x00,0x00,0x00,0x00,0x00,0x00,0x00,0x00,0x00,0x00,0x00,0x00,0x00,0x00,0x00,0x00,0x00,0x00,0x00,0x00,0x00,0x00,0x00,0x00,0x00,0x00,0x00,0x00,0x00,0x00,0x00,0x00,0x00,0x00,0x00,0x00,0x00,0x00,0x00,0x00,0x00,0x00,0x00,0x00,0x02,0x01,0x2b,0x75,0x05,0x75,0xa3,0x72,0x6e,0x96,0xa0,0x6f,0x75,0xa0,0x05,0x6e,0x3b,0x15,0x75,0x6e,0xa0,0x96,0x6f,0xa0,0xa3,0xb7,0x72,0x96,0x96,0x6e,0x08,0x19,0x10,0x00,0x01,0x00,0x00,0x00,0x00,0x00,0x00,0x00,0x00,0x00,0x00,0x00,0x00,0x00,0x00,0x00,0x00,0x00,0x00,0x00,0x00,0x00,0x00,0x00,0x00,0x00,0x00,0x00,0x00,0x00,0x00,0x00,0x00,0x00,0x00,0x00,0x00,0x00,0x00,0x00,0x00,0x00,0x00,0x00,0x00,0x00,0x00,0x00,0x00,0x00,0x00,0x00,0x00,
    0x00,0x00,0x00,0x00,0x00,0x00,0x00,0x00,0x00,0x00,0x00,0x00,0x00,0x00,0x00,0x00,0x00,0x00,0x00,0x00,0x00,0x00,0x00,0x00,0x00,0x00,0x00,0x00,0x00,0x00,0x00,0x00,0x00,0x00,0x00,0x00,0x00,0x00,0x00,0x00,0x00,0x00,0x00,0x00,0x00,0x00,0x00,0x00,0x00,0x00,0x00,0x00,0x00,0x00,0x00,0x00,0x00,0x02,0x00,0x1e,0x6f,0x05,0x75,0x7b,0x72,0x73,0x7b,0x7b,0x73,0x6d,0x6d,0x05,0x6a,0x16,0x2b,0x6f,0x05,0x75,0x73,0x6d,0x73,0x7b,0x7b,0x72,0x73,0x6d,0x6b,0x05,0x6d,0x18,0x00,0x02,0x00,0x00,0x00,0x00,0x00,0x00,0x00,0x00,0x00,0x00,0x00,0x00,0x00,0x00,0x00,0x00,0x00,0x00,0x00,0x00,0x00,0x00,0x00,0x00,0x00,0x00,0x00,0x00,0x00,0x00,0x00,0x00,0x00,0x00,0x00,0x00,0x00,0x00,0x00,0x00,0x00,0x00,0x00,0x00,0x00,0x00,0x00,0x00,0x00,0x00,0x00,0x00,
    0x00,0x00,0x00,0x00,0x00,0x00,0x00,0x00,0x00,0x00,0x00,0x00,0x00,0x00,0x00,0x00,0x00,0x00,0x00,0x00,0x00,0x00,0x00,0x00,0x00,0x00,0x00,0x00,0x00,0x00,0x00,0x00,0x00,0x00,0x00,0x00,0x00,0x00,0x00,0x00,0x00,0x00,0x00,0x00,0x00,0x00,0x00,0x00,0x00,0x00,0x00,0x00,0x00,0x00,0x00,0x00,0x01,0x09,0x10,0x11,0x6f,0x05,0x6e,0x6b,0x6f,0x6e,0x6e,0x6e,0x6e,0x6b,0x6b,0x6b,0x6a,0x11,0x11,0x6a,0x05,0x6b,0x6b,0x6a,0x6a,0x6e,0x6f,0x6d,0x75,0x6e,0x6a,0x05,0x6d,0x18,0x00,0x02,0x00,0x00,0x00,0x00,0x00,0x00,0x00,0x00,0x00,0x00,0x00,0x00,0x00,0x00,0x00,0x00,0x00,0x00,0x00,0x00,0x00,0x00,0x00,0x00,0x00,0x00,0x00,0x00,0x00,0x00,0x00,0x00,0x00,0x00,0x00,0x00,0x00,0x00,0x00,0x00,0x00,0x00,0x00,0x00,0x00,0x00,0x00,0x00,0x00,0x00,0x00,0x00,
    0x00,0x00,0x00,0x00,0x00,0x00,0x00,0x00,0x00,0x00,0x00,0x00,0x00,0x00,0x00,0x00,0x00,0x00,0x00,0x00,0x00,0x00,0x00,0x00,0x00,0x00,0x00,0x00,0x00,0x00,0x00,0x00,0x00,0x00,0x00,0x00,0x00,0x00,0x00,0x00,0x00,0x00,0x00,0x00,0x00,0x00,0x00,0x00,0x00,0x00,0x00,0x00,0x00,0x00,0x00,0x00,0x09,0x00,0x0b,0x72,0x6f,0x6b,0x6a,0x6a,0x6e,0x6e,0x6e,0x6b,0x6a,0x6a,0x6a,0x6b,0x6b,0x75,0x72,0x6f,0x6a,0x6b,0x6b,0x6a,0x6a,0x6a,0x75,0x75,0x6a,0x6a,0x6a,0x05,0x6d,0x0c,0x00,0x02,0x00,0x00,0x00,0x00,0x00,0x00,0x00,0x00,0x00,0x00,0x00,0x00,0x00,0x00,0x00,0x00,0x00,0x00,0x00,0x00,0x00,0x00,0x00,0x00,0x00,0x00,0x00,0x00,0x00,0x00,0x00,0x00,0x00,0x00,0x00,0x00,0x00,0x00,0x00,0x00,0x00,0x00,0x00,0x00,0x00,0x00,0x00,0x00,0x00,0x00,0x00,0x00,
    0x00,0x00,0x00,0x00,0x00,0x00,0x00,0x00,0x00,0x00,0x00,0x00,0x00,0x00,0x00,0x00,0x00,0x00,0x00,0x00,0x00,0x00,0x00,0x00,0x00,0x00,0x00,0x00,0x00,0x00,0x00,0x00,0x00,0x00,0x00,0x00,0x00,0x00,0x00,0x00,0x00,0x00,0x00,0x00,0x00,0x00,0x00,0x00,0x00,0x00,0x00,0x00,0x00,0x00,0x00,0x00,0x09,0x00,0x0b,0x75,0x6d,0x6f,0x6e,0x6b,0x6b,0x6f,0x72,0x6e,0x6b,0x6e,0x6e,0x6e,0x75,0x6d,0x72,0x72,0x72,0x75,0x6f,0x6a,0x6b,0x6b,0x6b,0x6b,0x6b,0x6b,0x6a,0x08,0x75,0x3e,0x00,0x02,0x00,0x00,0x00,0x00,0x00,0x00,0x00,0x00,0x00,0x00,0x00,0x00,0x00,0x00,0x00,0x00,0x00,0x00,0x00,0x00,0x00,0x00,0x00,0x00,0x00,0x00,0x00,0x00,0x00,0x00,0x00,0x00,0x00,0x00,0x00,0x00,0x00,0x00,0x00,0x00,0x00,0x00,0x00,0x00,0x00,0x00,0x00,0x00,0x00,0x00,0x00,0x00,
    0x00,0x00,0x00,0x00,0x00,0x00,0x00,0x00,0x00,0x00,0x00,0x00,0x00,0x00,0x00,0x00,0x00,0x00,0x00,0x00,0x00,0x00,0x00,0x00,0x00,0x00,0x00,0x00,0x00,0x00,0x00,0x00,0x00,0x00,0x00,0x00,0x00,0x00,0x00,0x00,0x00,0x00,0x00,0x00,0x00,0x00,0x00,0x00,0x00,0x00,0x00,0x00,0x00,0x00,0x00,0x00,0x09,0x00,0x0b,0x6e,0x6e,0x75,0x6d,0x75,0x75,0x6e,0x6e,0x6e,0x75,0x72,0x72,0x72,0x6f,0x6f,0x75,0x6e,0x72,0x73,0x73,0x6d,0x6e,0x6e,0x6e,0x6e,0x6f,0x75,0x75,0x05,0x6a,0x0c,0x00,0x02,0x00,0x00,0x00,0x00,0x00,0x00,0x00,0x00,0x00,0x00,0x00,0x00,0x00,0x00,0x00,0x00,0x00,0x00,0x00,0x00,0x00,0x00,0x00,0x00,0x00,0x00,0x00,0x00,0x00,0x00,0x00,0x00,0x00,0x00,0x00,0x00,0x00,0x00,0x00,0x00,0x00,0x00,0x00,0x00,0x00,0x00,0x00,0x00,0x00,0x00,0x00,0x00,
    0x00,0x00,0x00,0x00,0x00,0x00,0x00,0x00,0x00,0x00,0x00,0x00,0x00,0x00,0x00,0x00,0x00,0x00,0x00,0x00,0x00,0x00,0x00,0x00,0x00,0x00,0x00,0x00,0x00,0x00,0x00,0x00,0x00,0x00,0x00,0x00,0x00,0x00,0x00,0x00,0x00,0x00,0x00,0x00,0x00,0x00,0x00,0x00,0x00,0x00,0x00,0x00,0x00,0x00,0x00,0x00,0x01,0x01,0x15,0x19,0x80,0x80,0x80,0x8d,0x9e,0x9e,0x6a,0x6e,0x75,0x6f,0x6e,0x9e,0x8d,0x6e,0x6e,0x80,0x8d,0x9e,0x9e,0x6a,0x6a,0x6a,0x6a,0x6b,0x9e,0x9e,0x80,0x4d,0x08,0x18,0x00,0x02,0x00,0x00,0x00,0x00,0x00,0x00,0x00,0x00,0x00,0x00,0x00,0x00,0x00,0x00,0x00,0x00,0x00,0x00,0x00,0x00,0x00,0x00,0x00,0x00,0x00,0x00,0x00,0x00,0x00,0x00,0x00,0x00,0x00,0x00,0x00,0x00,0x00,0x00,0x00,0x00,0x00,0x00,0x00,0x00,0x00,0x00,0x00,0x00,0x00,0x00,0x00,0x00,
    0x00,0x00,0x00,0x00,0x00,0x00,0x00,0x00,0x00,0x00,0x00,0x00,0x00,0x00,0x00,0x00,0x00,0x00,0x00,0x00,0x00,0x00,0x00,0x00,0x00,0x00,0x00,0x00,0x00,0x00,0x00,0x00,0x00,0x00,0x00,0x00,0x00,0x00,0x00,0x00,0x00,0x00,0x00,0x00,0x00,0x00,0x00,0x00,0x00,0x00,0x00,0x00,0x00,0x00,0x00,0x00,0x00,0x02,0x00,0x3e,0x80,0x4d,0x13,0x13,0x13,0x80,0x96,0x80,0x80,0x80,0x13,0x4d,0x80,0x19,0x16,0x13,0x4d,0x13,0x13,0x13,0x13,0x13,0x80,0x13,0x13,0x13,0x4d,0x80,0x19,0x0f,0x00,0x00,0x00,0x00,0x00,0x00,0x00,0x00,0x00,0x00,0x00,0x00,0x00,0x00,0x00,0x00,0x00,0x00,0x00,0x00,0x00,0x00,0x00,0x00,0x00,0x00,0x00,0x00,0x00,0x00,0x00,0x00,0x00,0x00,0x00,0x00,0x00,0x00,0x00,0x00,0x00,0x00,0x00,0x00,0x00,0x00,0x00,0x00,0x00,0x00,0x00,0x00,0x00,0x00,
    0x00,0x00,0x00,0x00,0x00,0x00,0x00,0x00,0x00,0x00,0x00,0x00,0x00,0x00,0x00,0x00,0x00,0x00,0x00,0x00,0x00,0x00,0x00,0x00,0x00,0x00,0x00,0x00,0x00,0x00,0x00,0x00,0x00,0x00,0x00,0x00,0x00,0x00,0x00,0x00,0x00,0x00,0x00,0x00,0x00,0x00,0x00,0x00,0x00,0x00,0x00,0x00,0x00,0x00,0x00,0x00,0x00,0x01,0x09,0x15,0x16,0x9e,0x80,0x80,0x80,0x13,0x80,0x80,0x80,0x80,0x80,0x8d,0x05,0x2b,0x10,0x16,0x80,0x80,0x80,0x80,0x80,0x80,0x80,0x80,0x80,0x80,0x8d,0x05,0x2b,0x00,0x09,0x00,0x00,0x00,0x00,0x00,0x00,0x00,0x00,0x00,0x00,0x00,0x00,0x00,0x00,0x00,0x00,0x00,0x00,0x00,0x00,0x00,0x00,0x00,0x00,0x00,0x00,0x00,0x00,0x00,0x00,0x00,0x00,0x00,0x00,0x00,0x00,0x00,0x00,0x00,0x00,0x00,0x00,0x00,0x00,0x00,0x00,0x00,0x00,0x00,0x00,0x00,0x00,0x00,
    0x00,0x00,0x00,0x00,0x00,0x00,0x00,0x00,0x00,0x00,0x00,0x00,0x00,0x00,0x00,0x00,0x00,0x00,0x00,0x00,0x00,0x00,0x00,0x00,0x00,0x00,0x00,0x00,0x00,0x00,0x00,0x00,0x00,0x00,0x00,0x00,0x00,0x00,0x00,0x00,0x00,0x00,0x00,0x00,0x00,0x00,0x00,0x00,0x00,0x00,0x00,0x00,0x00,0x00,0x00,0x00,0x00,0x00,0x01,0x00,0x02,0x1f,0x29,0x1e,0x4d,0x8d,0x75,0x6d,0x6a,0x19,0x1e,0x0c,0x25,0x00,0x00,0x15,0x22,0x29,0x16,0x6b,0x6f,0x6d,0x75,0x8d,0x19,0x1e,0x0c,0x25,0x00,0x09,0x00,0x00,0x00,0x00,0x00,0x00,0x00,0x00,0x00,0x00,0x00,0x00,0x00,0x00,0x00,0x00,0x00,0x00,0x00,0x00,0x00,0x00,0x00,0x00,0x00,0x00,0x00,0x00,0x00,0x00,0x00,0x00,0x00,0x00,0x00,0x00,0x00,0x00,0x00,0x00,0x00,0x00,0x00,0x00,0x00,0x00,0x00,0x00,0x00,0x00,0x00,0x00,0x00,0x00,
    0x00,0x00,0x00,0x00,0x00,0x00,0x00,0x00,0x00,0x00,0x00,0x00,0x00,0x00,0x00,0x00,0x00,0x00,0x00,0x00,0x00,0x00,0x00,0x00,0x00,0x00,0x00,0x00,0x00,0x00,0x00,0x00,0x00,0x00,0x00,0x00,0x00,0x00,0x00,0x00,0x00,0x00,0x00,0x00,0x00,0x00,0x00,0x00,0x00,0x00,0x00,0x00,0x00,0x00,0x00,0x00,0x00,0x00,0x00,0x01,0x00,0x00,0x00,0x00,0x15,0x0b,0x0b,0x0b,0x0b,0x15,0x00,0x00,0x00,0x09,0x01,0x00,0x00,0x00,0x00,0x0b,0x0b,0x0b,0x0b,0x0b,0x15,0x00,0x00,0x00,0x09,0x00,0x00,0x00,0x00,0x00,0x00,0x00,0x00,0x00,0x00,0x00,0x00,0x00,0x00,0x00,0x00,0x00,0x00,0x00,0x00,0x00,0x00,0x00,0x00,0x00,0x00,0x00,0x00,0x00,0x00,0x00,0x00,0x00,0x00,0x00,0x00,0x00,0x00,0x00,0x00,0x00,0x00,0x00,0x00,0x00,0x00,0x00,0x00,0x00,0x00,0x00,0x00,0x00,0x00,0x00,
    0x00,0x00,0x00,0x00,0x00,0x00,0x00,0x00,0x00,0x00,0x00,0x00,0x00,0x00,0x00,0x00,0x00,0x00,0x00,0x00,0x00,0x00,0x00,0x00,0x00,0x00,0x00,0x00,0x00,0x00,0x00,0x00,0x00,0x00,0x00,0x00,0x00,0x00,0x00,0x00,0x00,0x00,0x00,0x00,0x00,0x00,0x00,0x00,0x00,0x00,0x00,0x00,0x00,0x00,0x00,0x00,0x00,0x00,0x00,0x00,0x01,0x02,0x02,0x02,0x00,0x00,0x00,0x00,0x00,0x00,0x02,0x02,0x09,0x00,0x00,0x09,0x02,0x02,0x00,0x00,0x00,0x00,0x00,0x00,0x00,0x02,0x02,0x09,0x00,0x00,0x00,0x00,0x00,0x00,0x00,0x00,0x00,0x00,0x00,0x00,0x00,0x00,0x00,0x00,0x00,0x00,0x00,0x00,0x00,0x00,0x00,0x00,0x00,0x00,0x00,0x00,0x00,0x00,0x00,0x00,0x00,0x00,0x00,0x00,0x00,0x00,0x00,0x00,0x00,0x00,0x00,0x00,0x00,0x00,0x00,0x00,0x00,0x00,0x00,0x00,0x00,0x00,0x00,0x00,

};

const lv_image_dsc_t passport_pet_idle_1 = {
  .header = {
    .magic = LV_IMAGE_HEADER_MAGIC,
    .cf = LV_COLOR_FORMAT_I8,
    .flags = 0,
    .w = 144,
    .h = 156,
    .stride = 144,
    .reserved_2 = 0,
  },
  .data_size = sizeof(passport_pet_idle_1_map),
  .data = passport_pet_idle_1_map,
  .reserved = NULL,
};
