
#if defined(LV_LVGL_H_INCLUDE_SIMPLE)
#include "lvgl.h"
#elif defined(LV_LVGL_H_INCLUDE_SYSTEM)
#include <lvgl.h>
#elif defined(LV_BUILD_TEST)
#include "../lvgl.h"
#else
#include "lvgl/lvgl.h"
#endif

#ifndef LV_ATTRIBUTE_MEM_ALIGN
#define LV_ATTRIBUTE_MEM_ALIGN
#endif

#ifndef LV_ATTRIBUTE_PASSPORT_PET_WAITING_0
#define LV_ATTRIBUTE_PASSPORT_PET_WAITING_0
#endif

static const
LV_ATTRIBUTE_MEM_ALIGN LV_ATTRIBUTE_LARGE_CONST LV_ATTRIBUTE_PASSPORT_PET_WAITING_0
uint8_t passport_pet_waiting_0_map[] = {

    0x4c,0x70,0x47,0x00,0x5a,0x54,0x59,0x02,0x1d,0x00,0x1a,0x01,0x16,0x0f,0x0c,0x03,
    0x0a,0x09,0x09,0xfd,0x92,0xa4,0xad,0x03,0xdf,0xff,0xeb,0x01,0x0b,0x0a,0x0a,0xfb,
    0xd8,0xe0,0xea,0xfe,0x09,0x08,0x08,0xa2,0x0b,0x09,0x09,0xd4,0x0b,0x0a,0x0a,0xbd,
    0xde,0xff,0xff,0x02,0x17,0x1a,0x1d,0x12,0xa7,0xc9,0xdd,0xfe,0x22,0x17,0x18,0x08,
    0x13,0x10,0x11,0xfd,0x0c,0x0c,0x10,0x1e,0x9c,0xa3,0xab,0xfd,0xa6,0xbc,0xc7,0x42,
    0x77,0x85,0x85,0x0d,0x07,0x07,0x07,0x27,0x88,0xa2,0xb2,0xfb,0xaf,0xc5,0xcf,0x5e,
    0xd7,0x7a,0x05,0xfd,0x9f,0xb8,0xc8,0xfe,0xad,0xc7,0xd1,0x2e,0x0c,0x0a,0x0a,0x5e,
    0xc3,0xe0,0xe5,0x0a,0xac,0xb2,0xbd,0xfe,0x09,0x08,0x08,0xf0,0x0b,0x0b,0x0c,0xe2,
    0xb4,0xd3,0xe3,0xfe,0xc6,0x6e,0x04,0xfd,0x1b,0x10,0x09,0x96,0xc2,0xd1,0xd6,0x1e,
    0xad,0xc4,0xce,0x76,0xae,0xc3,0xd1,0x14,0xa6,0xcb,0xdc,0xd9,0xae,0xca,0xd6,0x87,
    0xb0,0xc3,0xcc,0x9f,0x5c,0x65,0x6a,0xfd,0xa6,0xcb,0xdd,0xb6,0x87,0x99,0xa6,0xb4,
    0x97,0xb1,0xc4,0xfe,0x78,0x90,0xa6,0x3f,0x93,0xa8,0xb7,0xfb,0x94,0xb0,0xbe,0x7a,
    0xa6,0xc7,0xd7,0xf8,0xac,0xc2,0xc6,0x05,0x97,0xa9,0xb3,0xc5,0x73,0x8b,0xa0,0x80,
    0x7c,0x98,0xaa,0x54,0xa2,0xb0,0xb7,0x92,0x77,0x88,0x97,0xb8,0xa3,0xc2,0xce,0xaf,
    0xe4,0x83,0x01,0xfd,0x90,0x9f,0xa7,0x72,0xc1,0xc5,0xca,0xb4,0x0b,0x0c,0x0d,0x82,
    0x13,0x0d,0x07,0x42,0xe7,0xec,0xef,0x31,0x9b,0xae,0xbc,0xfd,0x89,0x9f,0xac,0x2c,
    0x74,0x86,0x92,0xda,0x7d,0x92,0x9f,0xcc,0xc3,0xd5,0xde,0x45,0x99,0xb9,0xca,0xdc,
    0x73,0x30,0x08,0xfe,0x8f,0xac,0xbf,0xfb,0x0d,0x0d,0x13,0x49,0xbc,0xd9,0xe7,0xd1,
    0xd3,0x83,0x08,0x32,0x76,0x8d,0x9b,0xa0,0xb2,0x65,0x03,0xd0,0x98,0xad,0xb9,0xd1,
    0xa0,0xae,0xbb,0x5b,0x74,0x89,0xa1,0xfc,0xb0,0xd4,0xe5,0xf0,0xa4,0xc1,0xd2,0xf3,
    0xc5,0xc9,0xcf,0xcc,0x72,0x87,0x91,0x22,0x78,0x93,0xa3,0xe0,0xb3,0xbf,0xc6,0xe4,
    0x10,0x0d,0x0e,0xf9,0xa9,0x65,0x0a,0x81,0x99,0xa9,0xb4,0xac,0xc2,0xcc,0xd5,0xec,
    0x56,0x63,0x6e,0x4e,0x86,0x9c,0xb0,0x91,0x8d,0x9e,0xaa,0xdc,0x9e,0x61,0x26,0xfc,
    0xd1,0x7b,0x01,0xba,0x1c,0x0e,0x06,0x3c,0xb3,0x69,0x0a,0x46,0xb0,0x64,0x02,0x9f,
    0xa1,0x5d,0x03,0x24,0x70,0x8a,0x96,0x6b,0x70,0x80,0xc0,0xfd,0x86,0x9c,0xe6,0xf6,
    0xb0,0xb9,0xbe,0xd5,0xbc,0xe0,0xf2,0xdc,0x33,0x19,0x06,0x70,0xe5,0xe6,0xe8,0x6a,
    0x69,0x79,0x84,0xc7,0x56,0x5d,0x62,0x9a,0x88,0xa6,0xc4,0xdc,0x5c,0x70,0x80,0x87,
    0x5a,0x6a,0x77,0x38,0xad,0x67,0x05,0x69,0x48,0x53,0x5d,0xc5,0xe8,0x8b,0x02,0xdb,
    0xe3,0xe4,0xe5,0x86,0xfa,0xe9,0xe4,0xff,0x7d,0x4c,0x1e,0xf5,0x59,0x69,0x99,0xb4,
    0x5a,0x69,0x73,0x70,0x62,0x72,0x81,0x72,0x09,0x08,0x09,0xff,0xbc,0xe3,0xfc,0xff,
    0x0b,0x0a,0x0a,0xff,0xef,0xf6,0xfd,0xff,0x0c,0x0b,0x0b,0xff,0xc9,0xe8,0xfa,0xff,
    0x0f,0x0d,0x0d,0xff,0x12,0x0f,0x0f,0xff,0xe7,0xee,0xf9,0xff,0x02,0x01,0x01,0xff,
    0xc7,0xe7,0xfa,0xff,0xf3,0x89,0x01,0xff,0xed,0xf3,0xfa,0xff,0xc0,0xe5,0xfc,0xff,
    0xee,0xf4,0xfc,0xff,0x05,0x06,0x06,0xff,0xc3,0xe6,0xfb,0xff,0x15,0x12,0x13,0xff,
    0xe9,0xf1,0xfa,0xff,0xf8,0x8e,0x01,0xff,0xcb,0xeb,0xfe,0xff,0xbd,0xe3,0xfa,0xff,
    0xf4,0xf9,0xff,0xff,0xcf,0xef,0xff,0xff,0xf2,0xf7,0xfd,0xff,0xf9,0x8a,0x01,0xff,
    0xbb,0xde,0xf2,0xff,0xf6,0xfc,0xff,0xff,0xfb,0x92,0x01,0xff,0xc8,0xe5,0xf7,0xff,
    0xc8,0xe9,0xfd,0xff,0xe0,0xe8,0xf0,0xff,0xfd,0xff,0xff,0xff,0xc1,0xe9,0xff,0xff,
    0xba,0xe0,0xf9,0xff,0xb9,0xda,0xec,0xff,0x39,0x1e,0x21,0xff,0xdf,0xeb,0xf9,0xff,
    0xd0,0xea,0xfa,0xff,0xef,0x82,0x02,0xff,0x9e,0xbf,0xd3,0xff,0xb2,0xc2,0xce,0xff,
    0x22,0x15,0x16,0xff,0xb1,0xd5,0xed,0xff,0xf7,0xff,0xff,0xff,0xb0,0xba,0xc5,0xff,
    0xd0,0xd8,0xe1,0xff,0x46,0x28,0x2d,0xff,0xc9,0xf1,0xff,0xff,0x21,0x1e,0x22,0xff,
    0x5b,0x2e,0x38,0xff,0xbe,0xc8,0xd1,0xff,0xd8,0xf4,0xff,0xff,0xe6,0xf4,0xff,0xff,
    0xcb,0xd0,0xd8,0xff,0xcd,0xda,0xf2,0xff,0x47,0x56,0x72,0xff,0xc5,0xd3,0xe5,0xff,
    0x84,0x8d,0x97,0xff,0xce,0xdf,0xf5,0xff,0x8d,0x4c,0x5a,0xff,0xae,0x6a,0x10,0xff,
    0xe9,0x7a,0x01,0xff,0xa0,0x50,0x62,0xff,0x78,0x82,0x8e,0xff,0xe4,0x45,0x4e,0xff,
    0x98,0xb5,0xd0,0xff,0xc2,0xec,0xff,0xff,0xb1,0x5e,0x08,0xff,0x30,0x32,0x37,0xff,
    0xab,0xce,0xe5,0xff,0x98,0x94,0x96,0xff,0xdf,0x6d,0x01,0xff,0x66,0x37,0x40,0xff,
    0x74,0x3f,0x4a,0xff,0xd7,0xe5,0xf7,0xff,0x8c,0xa3,0xf9,0xff,0xaa,0x58,0x6a,0xff,
    0x89,0x9a,0xa8,0xff,0xb4,0xc3,0xdd,0xff,0xec,0xfa,0xff,0xff,0xcb,0x4d,0x04,0xff,
    0x7b,0x94,0xad,0xff,0xb7,0xcd,0xdc,0xff,0x26,0x28,0x33,0xff,0x6d,0x7a,0x84,0xff,
    0x74,0x6e,0x74,0xff,0xa2,0xab,0xb6,0xff,0xd0,0xf6,0xff,0xff,0x4b,0x4a,0x4e,0xff,
    0x79,0x8a,0xcc,0xff,0xb9,0xca,0xf6,0xff,0xc3,0x31,0x38,0xff,0xb4,0x61,0x73,0xff,
    0x8b,0x5d,0x66,0xff,0x85,0x5f,0x43,0xff,0x9f,0xb5,0xf6,0xff,0x9d,0x51,0x0b,0xff,
    0xd6,0x5d,0x01,0xff,0xbe,0x41,0x05,0xff,0x40,0x40,0x46,0xff,0xbc,0x6b,0x7c,0xff,
    0xb9,0x7f,0x26,0xff,0xa3,0x90,0x6f,0xff,0x37,0x42,0x6b,0xff,0x32,0x37,0x4a,0xff,
    0xb1,0xac,0xa7,0xff,0x60,0x6f,0x85,0xff,0x51,0x26,0x0d,0xff,0x84,0xa0,0xc0,0xff,
    0xae,0x9e,0x8d,0xff,0x06,0xab,0xe3,0xff,0x6d,0x42,0x11,0xff,0xe2,0x81,0x95,0xff,
    0x74,0x69,0x51,0xff,0xdd,0x72,0x88,0xff,0x9e,0x40,0x4a,0xff,0x9e,0x79,0x48,0xff,
    0x55,0x68,0x9e,0xff,0xc7,0xc2,0xc6,0xff,0x9f,0x37,0x09,0xff,0xde,0xff,0xff,0xff,
    0x74,0x4c,0x56,0xff,0x56,0x79,0xbd,0xff,0x29,0x6f,0x81,0xff,0x8b,0x7a,0x55,0xff,
    0x7e,0x20,0x21,0xff,0xc6,0xa0,0xa7,0xff,0xda,0x5d,0x77,0xff,0xa0,0x2d,0x2e,0xff,
    0xb3,0x8c,0x59,0xff,0xf4,0xab,0xbc,0xff,0x05,0xc9,0xfd,0xff,0x8e,0x7e,0x7b,0xff,
    0xff,0x9d,0x01,0xff,0x7d,0x94,0xf5,0xff,0xbe,0x8d,0x90,0xff,0x71,0x9d,0xbf,0xff,

    0x00,0x00,0x00,0x00,0x00,0x00,0x00,0x00,0x00,0x00,0x00,0x00,0x00,0x00,0x00,0x00,0x00,0x00,0x00,0x00,0x00,0x00,0x00,0x00,0x00,0x00,0x00,0x00,0x00,0x00,0x00,0x00,0x00,0x00,0x00,0x00,0x00,0x00,0x00,0x00,0x00,0x00,0x00,0x00,0x00,0x00,0x00,0x00,0x00,0x00,0x00,0x00,0x00,0x00,0x00,0x00,0x00,0x00,0x00,0x00,0x00,0x00,0x02,0x00,0x00,0x00,0x00,0x00,0x00,0x00,0x00,0x00,0x00,0x00,0x00,0x00,0x00,0x00,0x00,0x00,0x00,0x00,0x00,0x00,0x00,0x00,0x00,0x00,0x00,0x00,0x00,0x00,0x00,0x00,0x00,0x00,0x00,0x00,0x00,0x00,0x00,0x00,0x00,0x00,0x00,0x00,0x00,0x00,0x00,0x00,0x00,0x00,0x00,0x00,0x00,0x00,0x00,0x00,0x00,0x00,0x00,0x00,0x00,0x00,0x00,0x00,0x00,0x00,0x00,0x00,0x00,0x00,0x00,0x00,0x00,0x00,0x00,0x00,0x00,0x00,0x00,0x00,0x00,0x00,
    0x00,0x00,0x00,0x00,0x00,0x00,0x00,0x00,0x00,0x00,0x00,0x00,0x00,0x00,0x00,0x00,0x00,0x00,0x00,0x00,0x00,0x00,0x00,0x00,0x00,0x00,0x00,0x00,0x00,0x00,0x00,0x00,0x00,0x00,0x00,0x00,0x00,0x00,0x00,0x00,0x00,0x00,0x00,0x00,0x00,0x00,0x00,0x00,0x00,0x00,0x00,0x00,0x00,0x00,0x00,0x00,0x00,0x00,0x00,0x00,0x00,0x06,0x00,0x03,0x31,0x3f,0x3f,0x31,0x00,0x00,0x00,0x00,0x00,0x00,0x00,0x00,0x00,0x00,0x00,0x00,0x00,0x00,0x00,0x00,0x00,0x00,0x00,0x00,0x00,0x00,0x00,0x00,0x00,0x00,0x00,0x00,0x00,0x00,0x00,0x00,0x00,0x00,0x00,0x00,0x00,0x00,0x00,0x00,0x00,0x00,0x00,0x00,0x00,0x00,0x00,0x00,0x00,0x00,0x00,0x00,0x00,0x00,0x00,0x00,0x00,0x00,0x00,0x00,0x00,0x00,0x00,0x00,0x00,0x00,0x00,0x00,0x00,0x00,0x00,0x00,0x00,0x00,0x00,0x00,
    0x00,0x00,0x00,0x00,0x00,0x00,0x00,0x00,0x00,0x00,0x00,0x00,0x00,0x00,0x00,0x00,0x00,0x00,0x00,0x00,0x00,0x00,0x00,0x00,0x00,0x00,0x00,0x00,0x00,0x00,0x00,0x00,0x00,0x00,0x00,0x00,0x00,0x00,0x00,0x00,0x00,0x00,0x00,0x00,0x00,0x00,0x00,0x00,0x00,0x00,0x00,0x00,0x00,0x00,0x00,0x00,0x00,0x00,0x00,0x00,0x06,0x00,0x0c,0x61,0x41,0x52,0x49,0x14,0x01,0x02,0x00,0x00,0x00,0x00,0x00,0x00,0x00,0x00,0x00,0x00,0x00,0x00,0x00,0x00,0x00,0x00,0x00,0x00,0x00,0x00,0x00,0x00,0x00,0x00,0x00,0x00,0x00,0x00,0x00,0x00,0x00,0x00,0x00,0x00,0x00,0x00,0x00,0x00,0x00,0x00,0x00,0x00,0x00,0x00,0x00,0x00,0x00,0x00,0x00,0x00,0x00,0x00,0x00,0x00,0x00,0x00,0x00,0x00,0x00,0x00,0x00,0x00,0x00,0x00,0x00,0x00,0x00,0x00,0x00,0x00,0x00,0x00,0x00,0x00,
    0x00,0x00,0x00,0x00,0x00,0x00,0x00,0x00,0x00,0x00,0x00,0x00,0x00,0x00,0x00,0x00,0x00,0x00,0x00,0x00,0x00,0x00,0x00,0x00,0x00,0x00,0x00,0x00,0x00,0x00,0x00,0x00,0x00,0x00,0x00,0x00,0x00,0x00,0x00,0x00,0x00,0x00,0x00,0x00,0x00,0x00,0x00,0x00,0x00,0x00,0x00,0x00,0x00,0x00,0x00,0x00,0x00,0x00,0x00,0x02,0x06,0x1c,0x17,0x4f,0x5a,0x34,0x3f,0x00,0x06,0x00,0x00,0x00,0x00,0x00,0x00,0x00,0x00,0x00,0x00,0x00,0x00,0x00,0x00,0x00,0x00,0x00,0x00,0x00,0x00,0x00,0x00,0x00,0x00,0x00,0x00,0x00,0x00,0x00,0x00,0x00,0x00,0x00,0x00,0x00,0x00,0x00,0x00,0x00,0x00,0x00,0x00,0x00,0x00,0x00,0x00,0x00,0x00,0x00,0x00,0x00,0x00,0x00,0x00,0x00,0x00,0x00,0x00,0x00,0x00,0x00,0x00,0x00,0x00,0x00,0x00,0x00,0x00,0x00,0x00,0x00,0x00,0x00,0x00,0x00,
    0x00,0x00,0x00,0x00,0x00,0x00,0x00,0x00,0x00,0x00,0x00,0x00,0x00,0x00,0x00,0x00,0x00,0x00,0x00,0x00,0x00,0x00,0x00,0x00,0x00,0x00,0x00,0x00,0x00,0x00,0x00,0x00,0x00,0x00,0x00,0x00,0x00,0x00,0x00,0x00,0x00,0x00,0x00,0x00,0x00,0x00,0x00,0x00,0x00,0x00,0x00,0x00,0x00,0x00,0x00,0x00,0x00,0x00,0x00,0x05,0x00,0x17,0x43,0xbc,0x2a,0x31,0x00,0x06,0x00,0x00,0x00,0x00,0x00,0x00,0x00,0x00,0x00,0x00,0x00,0x00,0x00,0x00,0x00,0x00,0x00,0x00,0x00,0x00,0x00,0x00,0x00,0x00,0x00,0x00,0x00,0x00,0x00,0x00,0x00,0x00,0x00,0x00,0x00,0x00,0x00,0x00,0x00,0x00,0x00,0x00,0x00,0x00,0x00,0x00,0x00,0x00,0x00,0x00,0x00,0x00,0x00,0x00,0x00,0x00,0x00,0x00,0x00,0x00,0x00,0x00,0x00,0x00,0x00,0x00,0x00,0x00,0x00,0x00,0x00,0x00,0x00,0x00,0x00,0x00,
    0x00,0x00,0x00,0x00,0x00,0x00,0x00,0x00,0x00,0x00,0x00,0x00,0x00,0x00,0x00,0x00,0x00,0x00,0x00,0x00,0x00,0x00,0x00,0x00,0x00,0x00,0x00,0x00,0x00,0x00,0x00,0x00,0x00,0x00,0x00,0x00,0x00,0x00,0x00,0x00,0x00,0x00,0x00,0x00,0x00,0x00,0x00,0x00,0x00,0x00,0x00,0x00,0x00,0x00,0x00,0x00,0x00,0x00,0x0c,0x00,0x1a,0x2a,0xb8,0x6a,0x24,0x00,0x31,0x00,0x00,0x00,0x00,0x00,0x00,0x00,0x00,0x00,0x00,0x00,0x00,0x00,0x00,0x00,0x00,0x00,0x00,0x00,0x00,0x00,0x00,0x00,0x00,0x00,0x00,0x00,0x00,0x00,0x00,0x00,0x00,0x00,0x00,0x00,0x00,0x00,0x00,0x00,0x00,0x00,0x00,0x00,0x00,0x00,0x00,0x00,0x00,0x00,0x00,0x00,0x00,0x00,0x00,0x00,0x00,0x00,0x00,0x00,0x00,0x00,0x00,0x00,0x00,0x00,0x00,0x00,0x00,0x00,0x00,0x00,0x00,0x00,0x00,0x00,0x00,0x00,
    0x00,0x00,0x00,0x00,0x00,0x00,0x00,0x00,0x00,0x00,0x00,0x00,0x00,0x00,0x00,0x00,0x00,0x00,0x00,0x00,0x00,0x00,0x00,0x00,0x00,0x00,0x00,0x00,0x00,0x00,0x00,0x00,0x00,0x00,0x00,0x00,0x00,0x00,0x00,0x00,0x00,0x00,0x00,0x00,0x00,0x00,0x00,0x00,0x00,0x00,0x00,0x00,0x00,0x00,0x00,0x00,0x00,0x00,0x05,0x00,0x13,0x2a,0x98,0x26,0x13,0x00,0x05,0x00,0x00,0x00,0x00,0x00,0x00,0x00,0x00,0x00,0x00,0x00,0x00,0x00,0x00,0x00,0x00,0x00,0x00,0x00,0x00,0x00,0x00,0x00,0x00,0x00,0x00,0x00,0x00,0x00,0x00,0x00,0x00,0x00,0x00,0x00,0x00,0x00,0x00,0x00,0x00,0x00,0x00,0x00,0x00,0x00,0x00,0x00,0x00,0x00,0x00,0x00,0x00,0x00,0x00,0x00,0x00,0x00,0x00,0x00,0x00,0x00,0x00,0x00,0x00,0x00,0x00,0x00,0x00,0x00,0x00,0x00,0x00,0x00,0x00,0x00,0x00,0x00,
    0x00,0x00,0x00,0x00,0x00,0x00,0x00,0x00,0x00,0x00,0x00,0x00,0x00,0x00,0x00,0x00,0x00,0x00,0x00,0x00,0x00,0x00,0x00,0x00,0x00,0x00,0x00,0x00,0x00,0x00,0x00,0x00,0x00,0x00,0x00,0x00,0x00,0x00,0x00,0x00,0x00,0x00,0x00,0x00,0x00,0x00,0x00,0x00,0x00,0x00,0x00,0x00,0x00,0x00,0x00,0x00,0x00,0x00,0x01,0x00,0x17,0x65,0xb9,0x26,0x42,0x01,0x31,0x00,0x00,0x00,0x0c,0x05,0x0c,0x06,0x01,0x00,0x00,0x06,0x0c,0x05,0x06,0x00,0x00,0x00,0x00,0x00,0x00,0x00,0x00,0x00,0x00,0x00,0x00,0x00,0x00,0x00,0x00,0x00,0x00,0x00,0x00,0x00,0x00,0x00,0x00,0x00,0x00,0x00,0x00,0x00,0x00,0x00,0x00,0x00,0x00,0x00,0x00,0x00,0x00,0x00,0x00,0x00,0x00,0x00,0x00,0x00,0x00,0x00,0x00,0x00,0x00,0x00,0x00,0x00,0x00,0x00,0x00,0x00,0x00,0x00,0x00,0x00,0x00,0x00,
    0x00,0x00,0x00,0x00,0x00,0x00,0x00,0x00,0x00,0x00,0x00,0x00,0x00,0x00,0x00,0x00,0x00,0x00,0x00,0x00,0x00,0x00,0x00,0x00,0x00,0x00,0x00,0x00,0x00,0x00,0x00,0x00,0x00,0x00,0x00,0x00,0x00,0x00,0x00,0x00,0x00,0x00,0x00,0x00,0x00,0x00,0x00,0x00,0x00,0x00,0x00,0x00,0x00,0x00,0x00,0x00,0x00,0x00,0x01,0x00,0x17,0x47,0x98,0x4e,0x28,0x00,0x00,0x00,0x00,0x00,0x00,0x00,0x00,0x00,0x00,0x00,0x00,0x00,0x00,0x00,0x00,0x00,0x01,0x01,0x02,0x00,0x00,0x00,0x00,0x00,0x00,0x00,0x00,0x00,0x00,0x00,0x00,0x00,0x00,0x00,0x00,0x00,0x00,0x00,0x00,0x00,0x00,0x00,0x00,0x00,0x00,0x00,0x00,0x00,0x00,0x00,0x00,0x00,0x00,0x00,0x00,0x00,0x00,0x00,0x00,0x00,0x00,0x00,0x00,0x00,0x00,0x00,0x00,0x00,0x00,0x00,0x00,0x00,0x00,0x00,0x00,0x00,0x00,0x00,
    0x00,0x00,0x00,0x00,0x00,0x00,0x00,0x00,0x00,0x00,0x00,0x00,0x00,0x00,0x00,0x00,0x00,0x00,0x00,0x00,0x00,0x00,0x00,0x00,0x00,0x00,0x00,0x00,0x00,0x00,0x00,0x00,0x00,0x00,0x00,0x00,0x00,0x00,0x00,0x00,0x00,0x00,0x00,0x00,0x00,0x00,0x00,0x00,0x00,0x00,0x00,0x00,0x00,0x00,0x00,0x00,0x00,0x00,0x05,0x00,0x1a,0x4b,0x99,0x98,0x26,0x1a,0x14,0x14,0x14,0x1c,0x3f,0x1a,0x1a,0x13,0x17,0x03,0x00,0x13,0x13,0x3d,0x25,0x1c,0x00,0x00,0x00,0x01,0x02,0x00,0x00,0x00,0x00,0x00,0x00,0x00,0x00,0x00,0x00,0x00,0x00,0x00,0x00,0x00,0x00,0x00,0x00,0x00,0x00,0x00,0x00,0x00,0x00,0x00,0x00,0x00,0x00,0x00,0x00,0x00,0x00,0x00,0x00,0x00,0x00,0x00,0x00,0x00,0x00,0x00,0x00,0x00,0x00,0x00,0x00,0x00,0x00,0x00,0x00,0x00,0x00,0x00,0x00,0x00,0x00,0x00,
    0x00,0x00,0x00,0x00,0x00,0x00,0x00,0x00,0x00,0x00,0x00,0x00,0x00,0x00,0x00,0x00,0x00,0x00,0x00,0x00,0x00,0x00,0x00,0x00,0x00,0x00,0x00,0x00,0x00,0x00,0x00,0x00,0x00,0x00,0x00,0x00,0x00,0x00,0x00,0x00,0x00,0x00,0x00,0x00,0x00,0x00,0x00,0x00,0x00,0x00,0x00,0x00,0x00,0x00,0x00,0x00,0x00,0x00,0x00,0x05,0x14,0x59,0x45,0xbc,0x99,0x37,0x33,0x2f,0x2f,0x2f,0x37,0x2a,0x49,0x41,0x26,0x65,0x65,0x26,0x49,0x56,0x35,0x24,0x17,0x2d,0x14,0x00,0x00,0x01,0x02,0x00,0x00,0x00,0x00,0x00,0x00,0x00,0x00,0x00,0x00,0x00,0x00,0x00,0x00,0x00,0x00,0x00,0x00,0x00,0x00,0x00,0x00,0x00,0x00,0x00,0x00,0x00,0x00,0x00,0x00,0x00,0x00,0x00,0x00,0x00,0x00,0x00,0x00,0x00,0x00,0x00,0x00,0x00,0x00,0x00,0x00,0x00,0x00,0x00,0x00,0x00,0x00,0x00,0x00,0x00,
    0x00,0x00,0x00,0x00,0x00,0x00,0x00,0x00,0x00,0x00,0x00,0x00,0x00,0x00,0x00,0x00,0x00,0x00,0x00,0x00,0x00,0x00,0x00,0x00,0x00,0x00,0x00,0x00,0x00,0x00,0x00,0x00,0x00,0x00,0x00,0x00,0x00,0x00,0x00,0x00,0x00,0x00,0x00,0x00,0x00,0x00,0x00,0x00,0x00,0x00,0x00,0x00,0x00,0x00,0x00,0x00,0x00,0x02,0x0c,0x31,0x00,0x51,0x49,0x5a,0x99,0xbc,0x30,0x0e,0x4e,0x45,0x0e,0x97,0x9e,0x9e,0x99,0x97,0x97,0x98,0x9e,0xbc,0x19,0x30,0x4b,0x59,0x33,0x2d,0x1c,0x00,0x00,0x01,0x00,0x00,0x00,0x00,0x00,0x00,0x00,0x00,0x00,0x00,0x00,0x00,0x00,0x00,0x00,0x00,0x00,0x00,0x00,0x00,0x00,0x00,0x00,0x00,0x00,0x00,0x00,0x00,0x00,0x00,0x00,0x00,0x00,0x00,0x00,0x00,0x00,0x00,0x00,0x00,0x00,0x00,0x00,0x00,0x00,0x00,0x00,0x00,0x00,0x00,0x00,0x00,0x00,0x00,
    0x00,0x00,0x00,0x00,0x00,0x00,0x00,0x00,0x00,0x00,0x00,0x00,0x00,0x00,0x00,0x00,0x00,0x00,0x00,0x00,0x00,0x00,0x00,0x00,0x00,0x00,0x00,0x00,0x00,0x00,0x00,0x00,0x00,0x00,0x00,0x00,0x00,0x00,0x00,0x00,0x00,0x00,0x00,0x00,0x00,0x00,0x00,0x00,0x00,0x00,0x00,0x00,0x00,0x00,0x00,0x02,0x01,0x00,0x00,0x00,0x14,0x0d,0x61,0x2f,0x4f,0x9e,0x0e,0x90,0x8b,0x83,0x98,0x8b,0x97,0x83,0x77,0x98,0x98,0x8b,0x97,0x94,0x94,0x97,0x99,0xbc,0x4f,0x2a,0x33,0x58,0x14,0x00,0x06,0x02,0x00,0x00,0x00,0x00,0x00,0x00,0x00,0x00,0x00,0x00,0x00,0x00,0x00,0x00,0x00,0x00,0x00,0x00,0x00,0x00,0x00,0x00,0x00,0x00,0x00,0x00,0x00,0x00,0x00,0x00,0x00,0x00,0x00,0x00,0x00,0x00,0x00,0x00,0x00,0x00,0x00,0x00,0x00,0x00,0x00,0x00,0x00,0x00,0x00,0x00,0x00,0x00,
    0x00,0x00,0x00,0x00,0x00,0x00,0x00,0x00,0x00,0x00,0x00,0x00,0x00,0x00,0x00,0x00,0x00,0x00,0x00,0x00,0x00,0x00,0x00,0x00,0x00,0x00,0x00,0x00,0x00,0x00,0x00,0x00,0x00,0x00,0x00,0x00,0x00,0x00,0x00,0x00,0x00,0x00,0x00,0x00,0x00,0x00,0x00,0x00,0x00,0x00,0x00,0x00,0x00,0x06,0x01,0x00,0x00,0x14,0x1a,0x34,0x2f,0x49,0x41,0x30,0x90,0x83,0x90,0x77,0x77,0x77,0x77,0x77,0x98,0x8b,0x77,0x77,0x77,0x77,0x8b,0x86,0x83,0x77,0x98,0x99,0x77,0x90,0x16,0x68,0x6b,0x3f,0x00,0x00,0x06,0x00,0x00,0x00,0x00,0x00,0x00,0x00,0x00,0x00,0x00,0x00,0x00,0x00,0x00,0x00,0x00,0x00,0x00,0x00,0x00,0x00,0x00,0x00,0x00,0x00,0x00,0x00,0x00,0x00,0x00,0x00,0x00,0x00,0x00,0x00,0x00,0x00,0x00,0x00,0x00,0x00,0x00,0x00,0x00,0x00,0x00,0x00,0x00,0x00,0x00,0x00,
    0x00,0x00,0x00,0x00,0x00,0x00,0x00,0x00,0x00,0x00,0x00,0x00,0x00,0x00,0x00,0x00,0x00,0x00,0x00,0x00,0x00,0x00,0x00,0x00,0x00,0x00,0x00,0x00,0x00,0x00,0x00,0x00,0x00,0x00,0x00,0x00,0x00,0x00,0x00,0x00,0x00,0x00,0x00,0x00,0x00,0x00,0x00,0x00,0x00,0x00,0x00,0x00,0x01,0x00,0x00,0x0d,0x6c,0x33,0x56,0x43,0x16,0x9e,0x90,0x8d,0x83,0x77,0x77,0x77,0x77,0x77,0x77,0x77,0x77,0x77,0x77,0x77,0x77,0x77,0x8b,0x77,0x77,0x77,0x98,0x98,0x8b,0x80,0x80,0x0e,0x16,0x56,0x34,0x14,0x00,0x01,0x00,0x00,0x00,0x00,0x00,0x00,0x00,0x00,0x00,0x00,0x00,0x00,0x00,0x00,0x00,0x00,0x00,0x00,0x00,0x00,0x00,0x00,0x00,0x00,0x00,0x00,0x00,0x00,0x00,0x00,0x00,0x00,0x00,0x00,0x00,0x00,0x00,0x00,0x00,0x00,0x00,0x00,0x00,0x00,0x00,0x00,0x00,0x00,0x00,0x00,
    0x00,0x00,0x00,0x00,0x00,0x00,0x00,0x00,0x00,0x00,0x00,0x00,0x00,0x00,0x00,0x00,0x00,0x00,0x00,0x00,0x00,0x00,0x00,0x00,0x00,0x00,0x00,0x00,0x00,0x00,0x00,0x00,0x00,0x00,0x00,0x00,0x00,0x00,0x00,0x00,0x00,0x00,0x00,0x00,0x00,0x00,0x00,0x00,0x00,0x00,0x00,0x00,0x00,0x25,0x34,0x6b,0x6e,0x36,0x40,0x9e,0x99,0x86,0x8a,0x7b,0x8b,0x77,0x77,0x77,0x77,0x77,0x77,0x77,0x77,0x77,0x77,0x77,0x77,0x77,0x77,0x77,0x77,0x77,0x77,0x77,0x8b,0x86,0x8b,0x77,0x8b,0x0e,0x40,0x33,0x1c,0x00,0x01,0x00,0x00,0x00,0x00,0x00,0x00,0x00,0x00,0x00,0x00,0x00,0x00,0x00,0x00,0x00,0x00,0x00,0x00,0x00,0x00,0x00,0x00,0x00,0x00,0x00,0x00,0x00,0x00,0x00,0x00,0x00,0x00,0x00,0x00,0x00,0x00,0x00,0x00,0x00,0x00,0x00,0x00,0x00,0x00,0x00,0x00,0x00,0x00,0x00,
    0x00,0x00,0x00,0x00,0x00,0x00,0x00,0x00,0x00,0x00,0x00,0x00,0x00,0x00,0x00,0x00,0x00,0x00,0x00,0x00,0x00,0x00,0x00,0x00,0x00,0x00,0x00,0x00,0x00,0x00,0x00,0x00,0x00,0x00,0x00,0x00,0x00,0x00,0x00,0x00,0x00,0x00,0x00,0x00,0x00,0x00,0x00,0x00,0x00,0x01,0x02,0x31,0x3f,0x2f,0x32,0x2b,0x75,0x6e,0x3e,0x99,0x83,0x77,0x83,0x83,0x77,0x77,0x77,0x77,0x77,0x77,0x77,0x77,0x77,0x77,0x77,0x77,0x77,0x77,0x77,0x77,0x77,0x77,0x77,0x77,0x77,0x77,0x77,0x8b,0x77,0x97,0xa1,0x2c,0x24,0x1c,0x00,0x01,0x00,0x00,0x00,0x00,0x00,0x00,0x00,0x00,0x00,0x00,0x00,0x00,0x00,0x00,0x00,0x00,0x00,0x00,0x00,0x00,0x00,0x00,0x00,0x00,0x00,0x00,0x00,0x00,0x00,0x00,0x00,0x00,0x00,0x00,0x00,0x00,0x00,0x00,0x00,0x00,0x00,0x00,0x00,0x00,0x00,0x00,0x00,0x00,
    0x00,0x00,0x00,0x00,0x00,0x00,0x00,0x00,0x00,0x00,0x00,0x00,0x00,0x00,0x00,0x00,0x00,0x00,0x00,0x00,0x00,0x00,0x00,0x00,0x00,0x00,0x00,0x00,0x00,0x00,0x00,0x00,0x00,0x00,0x00,0x00,0x00,0x00,0x00,0x00,0x00,0x00,0x00,0x00,0x00,0x00,0x00,0x00,0x0c,0x00,0x00,0x17,0x32,0x32,0x35,0x35,0x41,0x19,0x8d,0x86,0x8b,0x77,0x77,0x77,0x77,0x77,0x77,0x77,0x77,0x77,0x77,0x77,0x77,0x77,0x77,0x77,0x77,0x77,0x77,0x77,0x77,0x77,0x77,0x77,0x77,0x77,0x77,0x8b,0x8b,0x86,0x8a,0x80,0x4e,0x24,0x1c,0x00,0x06,0x00,0x00,0x00,0x00,0x00,0x00,0x00,0x00,0x00,0x00,0x00,0x00,0x00,0x00,0x00,0x00,0x00,0x00,0x00,0x00,0x00,0x00,0x00,0x00,0x00,0x00,0x00,0x00,0x00,0x00,0x00,0x00,0x00,0x00,0x00,0x00,0x00,0x00,0x00,0x00,0x00,0x00,0x00,0x00,0x00,0x00,0x00,
    0x00,0x00,0x00,0x00,0x00,0x00,0x00,0x00,0x00,0x00,0x00,0x00,0x00,0x00,0x00,0x00,0x00,0x00,0x00,0x00,0x00,0x00,0x00,0x00,0x00,0x00,0x00,0x00,0x00,0x00,0x00,0x00,0x00,0x00,0x00,0x00,0x00,0x00,0x00,0x00,0x00,0x00,0x00,0x00,0x00,0x00,0x00,0x0c,0x00,0x23,0x67,0x64,0x59,0x13,0x4c,0x5a,0xc9,0x8a,0x7b,0x80,0x80,0x86,0x83,0x86,0x77,0x77,0x77,0x77,0x77,0x77,0x77,0x77,0x77,0x77,0x77,0x77,0x77,0x77,0x77,0x77,0x77,0x77,0x77,0x77,0x77,0x77,0x77,0x86,0x7b,0x80,0x80,0x80,0x8d,0x4e,0x2f,0x0f,0x06,0x02,0x00,0x00,0x00,0x00,0x00,0x00,0x00,0x00,0x00,0x00,0x00,0x00,0x00,0x00,0x00,0x00,0x00,0x00,0x00,0x00,0x00,0x00,0x00,0x00,0x00,0x00,0x00,0x00,0x00,0x00,0x00,0x00,0x00,0x00,0x00,0x00,0x00,0x00,0x00,0x00,0x00,0x00,0x00,0x00,0x00,0x00,
    0x00,0x00,0x00,0x00,0x00,0x00,0x00,0x00,0x00,0x00,0x00,0x00,0x00,0x00,0x00,0x00,0x00,0x00,0x00,0x00,0x00,0x00,0x00,0x00,0x00,0x00,0x00,0x00,0x00,0x00,0x00,0x00,0x00,0x00,0x00,0x00,0x00,0x00,0x00,0x00,0x00,0x00,0x00,0x00,0x00,0x00,0x0c,0x00,0x23,0x28,0x53,0x35,0x31,0x58,0x40,0xac,0x86,0x8b,0x8b,0x77,0x8b,0x80,0x80,0x80,0x86,0x77,0x77,0x77,0x77,0x77,0x77,0x77,0x77,0x77,0x77,0x8b,0x77,0x77,0x77,0x77,0x77,0x77,0x77,0x77,0x77,0x86,0x80,0x86,0x80,0x80,0x80,0x80,0x80,0x7b,0x4d,0x6b,0x01,0x05,0x06,0x00,0x00,0x00,0x00,0x00,0x00,0x00,0x00,0x00,0x00,0x00,0x00,0x00,0x00,0x00,0x00,0x00,0x00,0x00,0x00,0x00,0x00,0x00,0x00,0x00,0x00,0x00,0x00,0x00,0x00,0x00,0x00,0x00,0x00,0x00,0x00,0x00,0x00,0x00,0x00,0x00,0x00,0x00,0x00,0x00,
    0x00,0x00,0x00,0x00,0x00,0x00,0x00,0x00,0x00,0x00,0x00,0x00,0x00,0x00,0x00,0x00,0x00,0x00,0x00,0x00,0x00,0x00,0x00,0x00,0x00,0x00,0x00,0x00,0x00,0x00,0x00,0x00,0x00,0x00,0x00,0x00,0x00,0x00,0x00,0x00,0x00,0x00,0x00,0x00,0x00,0x0c,0x00,0x1a,0x28,0x64,0x24,0x23,0x51,0x68,0xa3,0xab,0x8b,0x77,0x77,0x77,0x77,0x86,0x7b,0x80,0x86,0x77,0x77,0x77,0x77,0x77,0x83,0x77,0x77,0x83,0x80,0x86,0x8b,0x77,0x77,0x77,0x77,0x77,0x8b,0x77,0x77,0x83,0x86,0x80,0x80,0x80,0x80,0x80,0x80,0x8a,0xc9,0x41,0x13,0x00,0x05,0x00,0x00,0x00,0x00,0x00,0x00,0x00,0x00,0x00,0x00,0x00,0x00,0x00,0x00,0x00,0x00,0x00,0x00,0x00,0x00,0x00,0x00,0x00,0x00,0x00,0x00,0x00,0x00,0x00,0x00,0x00,0x00,0x00,0x00,0x00,0x00,0x00,0x00,0x00,0x00,0x00,0x00,0x00,0x00,0x00,
    0x00,0x00,0x00,0x00,0x00,0x00,0x00,0x00,0x00,0x00,0x00,0x00,0x00,0x00,0x00,0x00,0x00,0x00,0x00,0x00,0x00,0x00,0x00,0x00,0x00,0x00,0x00,0x00,0x00,0x00,0x00,0x00,0x00,0x00,0x00,0x00,0x00,0x00,0x00,0x00,0x00,0x00,0x00,0x00,0x02,0x00,0x02,0x28,0x50,0x17,0x00,0x23,0x36,0xa3,0x91,0x80,0x80,0x8b,0x77,0x77,0x77,0x8b,0x86,0x86,0x83,0x83,0x86,0x8b,0x77,0x83,0x90,0x83,0x8b,0x80,0x80,0x80,0x80,0x83,0x83,0x83,0x8b,0x77,0x83,0x83,0x80,0x8b,0x83,0x80,0x80,0x80,0x80,0x80,0x80,0x80,0x8a,0x99,0x2a,0x3f,0x00,0x01,0x00,0x00,0x00,0x00,0x00,0x00,0x00,0x00,0x00,0x00,0x00,0x00,0x00,0x00,0x00,0x00,0x00,0x00,0x00,0x00,0x00,0x00,0x00,0x00,0x00,0x00,0x00,0x00,0x00,0x00,0x00,0x00,0x00,0x00,0x00,0x00,0x00,0x00,0x00,0x00,0x00,0x00,0x00,0x00,
    0x00,0x00,0x00,0x00,0x00,0x00,0x00,0x00,0x00,0x00,0x00,0x00,0x00,0x00,0x00,0x00,0x00,0x00,0x00,0x00,0x00,0x00,0x00,0x00,0x00,0x00,0x00,0x00,0x00,0x00,0x00,0x00,0x00,0x00,0x00,0x00,0x00,0x00,0x00,0x00,0x00,0x00,0x00,0x06,0x01,0x1c,0x17,0x4b,0x27,0x00,0x0c,0x39,0x2e,0xc1,0xab,0x7b,0x80,0x80,0x86,0x77,0x77,0x77,0x77,0x77,0x86,0x80,0x7b,0x93,0xa6,0x45,0xc9,0x8a,0x8b,0x8b,0x83,0x86,0x83,0x83,0x83,0x8b,0x83,0x99,0xa1,0x86,0x86,0x8b,0x77,0x8b,0x8b,0x80,0x80,0x8b,0x83,0x80,0x9c,0xab,0x57,0x24,0x1c,0x01,0x00,0x00,0x00,0x00,0x00,0x00,0x00,0x00,0x00,0x00,0x00,0x00,0x00,0x00,0x00,0x00,0x00,0x00,0x00,0x00,0x00,0x00,0x00,0x00,0x00,0x00,0x00,0x00,0x00,0x00,0x00,0x00,0x00,0x00,0x00,0x00,0x00,0x00,0x00,0x00,0x00,0x00,0x00,0x00,
    0x00,0x00,0x00,0x00,0x00,0x00,0x00,0x00,0x00,0x00,0x00,0x00,0x00,0x00,0x00,0x00,0x00,0x00,0x00,0x00,0x00,0x00,0x00,0x00,0x00,0x00,0x00,0x00,0x00,0x00,0x00,0x00,0x00,0x00,0x00,0x00,0x00,0x00,0x00,0x00,0x00,0x00,0x00,0x0c,0x00,0x67,0x57,0x28,0x25,0x00,0x58,0x41,0x20,0xaa,0x7b,0xaa,0x7b,0x80,0x80,0x86,0x86,0x83,0x83,0x86,0x80,0x80,0x93,0xaa,0x9e,0xe1,0x7b,0x86,0x77,0x77,0x8b,0x8b,0x77,0x77,0x83,0x83,0x97,0x99,0x4d,0xb9,0x8b,0x77,0x77,0x8b,0x77,0x77,0x77,0x77,0x77,0x8b,0x9c,0x8e,0x95,0x50,0x17,0x00,0x05,0x00,0x00,0x00,0x00,0x00,0x00,0x00,0x00,0x00,0x00,0x00,0x00,0x00,0x00,0x00,0x00,0x00,0x00,0x00,0x00,0x00,0x00,0x00,0x00,0x00,0x00,0x00,0x00,0x00,0x00,0x00,0x00,0x00,0x00,0x00,0x00,0x00,0x00,0x00,0x00,0x00,0x00,0x00,
    0x00,0x00,0x00,0x00,0x00,0x00,0x00,0x00,0x00,0x00,0x00,0x00,0x00,0x00,0x00,0x00,0x00,0x00,0x00,0x00,0x00,0x00,0x00,0x00,0x00,0x00,0x00,0x00,0x00,0x00,0x00,0x00,0x00,0x00,0x00,0x00,0x00,0x00,0x00,0x00,0x00,0x00,0x0c,0x00,0x23,0x3a,0x50,0x42,0x00,0x6c,0x6e,0x2e,0x8a,0x93,0x7b,0x8a,0x80,0x7b,0x80,0x86,0x80,0x86,0x80,0x7b,0x80,0x93,0xaa,0xc9,0xc8,0x3e,0x8a,0x83,0x86,0x8b,0x77,0x77,0x77,0x8b,0x80,0x80,0x7b,0x88,0xe1,0xe3,0xb9,0x98,0x77,0x86,0x86,0x86,0x86,0x83,0x83,0x86,0x9c,0x82,0x8e,0x08,0x33,0x0f,0x06,0x02,0x00,0x00,0x00,0x00,0x00,0x00,0x00,0x00,0x00,0x00,0x00,0x00,0x00,0x00,0x00,0x00,0x00,0x00,0x00,0x00,0x00,0x00,0x00,0x00,0x00,0x00,0x00,0x00,0x00,0x00,0x00,0x00,0x00,0x00,0x00,0x00,0x00,0x00,0x00,0x00,0x00,0x00,
    0x00,0x00,0x00,0x00,0x00,0x00,0x00,0x00,0x00,0x00,0x00,0x00,0x00,0x00,0x00,0x00,0x00,0x00,0x00,0x00,0x00,0x00,0x00,0x00,0x00,0x00,0x00,0x00,0x00,0x00,0x00,0x00,0x00,0x00,0x00,0x00,0x00,0x00,0x00,0x00,0x00,0x02,0x02,0x14,0x28,0x64,0x24,0x00,0x31,0x74,0x52,0x95,0x7b,0x80,0x80,0x80,0x80,0x7b,0x7b,0x86,0x83,0x83,0x83,0x8b,0x83,0xaa,0xa4,0x2e,0xc5,0x19,0xc6,0x9c,0x80,0x80,0x80,0x80,0x80,0x80,0x80,0x80,0x8d,0x9b,0x2e,0xe3,0x9e,0x8d,0x90,0x20,0x8a,0x80,0x80,0x7b,0x80,0x80,0x88,0x82,0x79,0xac,0x68,0x2d,0x00,0x03,0x00,0x00,0x00,0x00,0x00,0x00,0x00,0x00,0x00,0x00,0x00,0x00,0x00,0x00,0x00,0x00,0x00,0x00,0x00,0x00,0x00,0x00,0x00,0x00,0x00,0x00,0x00,0x00,0x00,0x00,0x00,0x00,0x00,0x00,0x00,0x00,0x00,0x00,0x00,0x00,0x00,0x00,
    0x00,0x00,0x00,0x00,0x00,0x00,0x00,0x00,0x00,0x00,0x00,0x00,0x00,0x00,0x00,0x00,0x00,0x00,0x00,0x00,0x00,0x00,0x00,0x00,0x00,0x00,0x00,0x00,0x00,0x00,0x00,0x00,0x00,0x00,0x00,0x00,0x00,0x00,0x00,0x00,0x00,0x03,0x00,0x13,0x64,0x3a,0x1c,0x01,0x1a,0x32,0xa9,0x8d,0x80,0x7b,0x80,0x80,0x7b,0x93,0x93,0x80,0x7b,0x90,0x2e,0x8b,0x97,0x99,0xb0,0x9c,0x9f,0x9e,0xce,0x80,0x80,0x80,0x80,0x80,0x80,0x80,0x80,0x80,0x80,0x9c,0x12,0xa1,0xe3,0x20,0xab,0x19,0x90,0x8d,0x9c,0x8d,0x7b,0x80,0x9c,0x9c,0x94,0xbc,0xc8,0x33,0x31,0x00,0x02,0x00,0x00,0x00,0x00,0x00,0x00,0x00,0x00,0x00,0x00,0x00,0x00,0x00,0x00,0x00,0x00,0x00,0x00,0x00,0x00,0x00,0x00,0x00,0x00,0x00,0x00,0x00,0x00,0x00,0x00,0x00,0x00,0x00,0x00,0x00,0x00,0x00,0x00,0x00,0x00,0x00,
    0x00,0x00,0x00,0x00,0x00,0x00,0x00,0x00,0x00,0x00,0x00,0x00,0x00,0x00,0x00,0x00,0x00,0x00,0x00,0x00,0x00,0x00,0x00,0x00,0x00,0x00,0x00,0x00,0x00,0x00,0x00,0x00,0x00,0x00,0x00,0x00,0x00,0x00,0x00,0x00,0x02,0x00,0x1c,0x27,0x64,0x67,0x00,0x02,0x58,0x57,0x9c,0x83,0x7b,0x8a,0x8d,0x8a,0x8b,0xa6,0x8d,0x93,0xaa,0x16,0xa3,0x8d,0x7b,0xc4,0xaf,0xa2,0x2c,0xbc,0xaa,0x86,0x86,0x80,0x80,0x80,0x86,0x86,0x80,0x83,0x77,0x80,0x12,0xaf,0xbc,0xc8,0xaa,0x9f,0x9e,0xaa,0x9c,0x86,0x80,0x80,0x80,0x80,0x80,0x77,0x2c,0x2b,0x2d,0x00,0x05,0x00,0x00,0x00,0x00,0x00,0x00,0x00,0x00,0x00,0x00,0x00,0x00,0x00,0x00,0x00,0x00,0x00,0x00,0x00,0x00,0x00,0x00,0x00,0x00,0x00,0x00,0x00,0x00,0x00,0x00,0x00,0x00,0x00,0x00,0x00,0x00,0x00,0x00,0x00,0x00,0x00,
    0x00,0x00,0x00,0x00,0x00,0x00,0x00,0x00,0x00,0x00,0x00,0x00,0x00,0x00,0x00,0x00,0x00,0x00,0x00,0x00,0x00,0x00,0x00,0x00,0x00,0x00,0x00,0x00,0x00,0x00,0x00,0x00,0x00,0x00,0x00,0x00,0x00,0x00,0x00,0x00,0x03,0x00,0x2d,0x32,0x28,0x31,0x06,0x3f,0x41,0x3e,0x83,0x8b,0x86,0x93,0x8d,0x9f,0xb2,0xcc,0x9e,0xa6,0x20,0xc4,0xab,0xaa,0xa3,0xa9,0x96,0x79,0x45,0xa1,0x8a,0x8b,0x86,0x80,0x80,0x80,0x80,0x8b,0x77,0x77,0x77,0x86,0x16,0xb1,0xc6,0x45,0x19,0x8a,0x16,0x8d,0x7b,0x80,0x86,0x77,0x83,0x86,0x83,0x83,0xa1,0x6a,0x34,0x00,0x05,0x00,0x00,0x00,0x00,0x00,0x00,0x00,0x00,0x00,0x00,0x00,0x00,0x00,0x00,0x00,0x00,0x00,0x00,0x00,0x00,0x00,0x00,0x00,0x00,0x00,0x00,0x00,0x00,0x00,0x00,0x00,0x00,0x00,0x00,0x00,0x00,0x00,0x00,0x00,0x00,0x00,
    0x00,0x00,0x00,0x00,0x00,0x00,0x00,0x00,0x00,0x00,0x00,0x00,0x00,0x00,0x00,0x00,0x00,0x00,0x00,0x00,0x00,0x00,0x00,0x00,0x00,0x00,0x00,0x00,0x00,0x00,0x00,0x00,0x00,0x00,0x00,0x00,0x00,0x00,0x00,0x00,0x00,0x02,0x4c,0x50,0x17,0x0c,0x00,0x39,0x4b,0xb1,0x8b,0x77,0x77,0x98,0xb9,0xcc,0xd2,0xd2,0xea,0xd4,0xae,0x9e,0xaa,0xad,0x1d,0x96,0x88,0xb1,0xc4,0xa1,0x94,0x8b,0x83,0x83,0x80,0x80,0x86,0x83,0x77,0x77,0x77,0x86,0xc8,0xaf,0x8e,0xab,0xc8,0x90,0x16,0x20,0x8a,0x80,0x80,0x8b,0x77,0x8b,0x77,0x86,0x98,0x16,0x61,0x31,0x02,0x00,0x00,0x00,0x00,0x00,0x00,0x00,0x00,0x00,0x00,0x00,0x00,0x00,0x00,0x00,0x00,0x00,0x00,0x00,0x00,0x00,0x00,0x00,0x00,0x00,0x00,0x00,0x00,0x00,0x00,0x00,0x00,0x00,0x00,0x00,0x00,0x00,0x00,0x00,0x00,0x00,
    0x00,0x00,0x00,0x00,0x00,0x00,0x00,0x00,0x00,0x00,0x00,0x00,0x00,0x00,0x00,0x00,0x00,0x00,0x00,0x00,0x00,0x00,0x00,0x00,0x00,0x00,0x00,0x00,0x00,0x00,0x00,0x00,0x00,0x00,0x00,0x00,0x00,0x00,0x00,0x05,0x00,0x13,0x47,0x3a,0x3d,0x00,0x14,0x59,0x19,0x86,0x83,0x83,0x8b,0x94,0x0e,0xf4,0xb7,0xb7,0xb7,0xb7,0xf4,0xb6,0xef,0x2c,0xac,0xed,0xa3,0x1d,0xb6,0x93,0x94,0x8b,0x77,0x77,0x77,0x8b,0x77,0x77,0x77,0x77,0x77,0x94,0xb0,0x1d,0x1d,0x9f,0x9f,0x2c,0x9e,0x2c,0x8d,0x8b,0x8b,0x77,0x77,0x86,0x8b,0x83,0x97,0x4d,0x49,0x1a,0x00,0x01,0x00,0x00,0x00,0x00,0x00,0x00,0x00,0x00,0x00,0x00,0x00,0x00,0x00,0x00,0x00,0x00,0x00,0x00,0x00,0x00,0x00,0x00,0x00,0x00,0x00,0x00,0x00,0x00,0x00,0x00,0x00,0x00,0x00,0x00,0x00,0x00,0x00,0x00,0x00,0x00,
    0x00,0x00,0x00,0x00,0x00,0x00,0x00,0x00,0x00,0x00,0x00,0x00,0x00,0x00,0x00,0x00,0x00,0x00,0x00,0x00,0x00,0x00,0x00,0x00,0x00,0x00,0x00,0x00,0x00,0x00,0x00,0x00,0x00,0x00,0x00,0x00,0x00,0x00,0x00,0x05,0x06,0x1a,0x3a,0x35,0x1c,0x00,0x6c,0x36,0xa1,0x90,0x98,0x80,0x80,0x80,0x90,0xfb,0xb2,0xd2,0xb7,0xb7,0xf4,0x9e,0x93,0xb0,0xcd,0xa9,0x9b,0x8c,0x12,0xc1,0x8d,0x98,0x77,0x77,0x8b,0x83,0x80,0x86,0x86,0x80,0x86,0x9c,0xc4,0x9c,0x82,0xac,0xa3,0xc4,0x19,0x16,0x8d,0x98,0x77,0x83,0x80,0x80,0x80,0x83,0x8a,0x0e,0x6a,0x13,0x00,0x05,0x00,0x00,0x00,0x00,0x00,0x00,0x00,0x00,0x00,0x00,0x00,0x00,0x00,0x00,0x00,0x00,0x00,0x00,0x00,0x00,0x00,0x00,0x00,0x00,0x00,0x00,0x00,0x00,0x00,0x00,0x00,0x00,0x00,0x00,0x00,0x00,0x00,0x00,0x00,0x00,
    0x00,0x00,0x00,0x00,0x00,0x00,0x00,0x00,0x00,0x00,0x00,0x00,0x00,0x00,0x00,0x00,0x00,0x00,0x00,0x00,0x00,0x00,0x00,0x00,0x00,0x00,0x00,0x00,0x00,0x00,0x00,0x00,0x00,0x00,0x00,0x00,0x00,0x00,0x00,0x00,0x05,0x51,0x37,0x27,0x31,0x31,0x39,0x12,0x93,0x8b,0x80,0x80,0x80,0x8a,0xce,0xef,0x90,0xc4,0xb2,0xf7,0xe2,0x9e,0x2e,0x1d,0x84,0x79,0x88,0x79,0xcd,0x95,0x90,0xb6,0x8a,0x8b,0x86,0x7b,0x80,0x80,0x80,0x80,0x7b,0x90,0x16,0x9b,0x8e,0x91,0x91,0x12,0xcb,0xc8,0x93,0x7b,0x86,0x80,0x80,0x80,0x80,0x80,0x8a,0x19,0x43,0x17,0x01,0x01,0x00,0x00,0x00,0x00,0x00,0x00,0x00,0x00,0x00,0x00,0x00,0x00,0x00,0x00,0x00,0x00,0x00,0x00,0x00,0x00,0x00,0x00,0x00,0x00,0x00,0x00,0x00,0x00,0x00,0x00,0x00,0x00,0x00,0x00,0x00,0x00,0x00,0x00,0x00,0x00,
    0x00,0x00,0x00,0x00,0x00,0x00,0x00,0x00,0x00,0x00,0x00,0x00,0x00,0x00,0x00,0x00,0x00,0x00,0x00,0x00,0x00,0x00,0x00,0x00,0x00,0x00,0x00,0x00,0x00,0x00,0x00,0x00,0x00,0x00,0x00,0x00,0x00,0x00,0x00,0x00,0x02,0x2f,0x53,0x70,0x31,0x1c,0x56,0x9f,0x9c,0x8b,0x80,0x93,0xa6,0x3e,0xcc,0x16,0xa1,0xce,0x98,0xe1,0xcb,0x45,0xa3,0x96,0x82,0x82,0x82,0x8c,0x1d,0x93,0x9e,0xcb,0xaa,0x7b,0x80,0x80,0x80,0x80,0x80,0x80,0x94,0xa1,0x12,0x8e,0x88,0x9c,0x88,0xa2,0xc4,0xcb,0x93,0x8a,0x80,0x80,0x80,0x7b,0x86,0x98,0x8a,0x19,0x19,0x27,0x25,0x00,0x06,0x00,0x00,0x00,0x00,0x00,0x00,0x00,0x00,0x00,0x00,0x00,0x00,0x00,0x00,0x00,0x00,0x00,0x00,0x00,0x00,0x00,0x00,0x00,0x00,0x00,0x00,0x00,0x00,0x00,0x00,0x00,0x00,0x00,0x00,0x00,0x00,0x00,0x00,0x00,
    0x00,0x00,0x00,0x00,0x00,0x00,0x00,0x00,0x00,0x00,0x00,0x00,0x00,0x00,0x00,0x00,0x00,0x00,0x00,0x00,0x00,0x00,0x00,0x00,0x00,0x00,0x00,0x00,0x00,0x00,0x00,0x00,0x00,0x00,0x00,0x00,0x00,0x00,0x00,0x00,0x06,0x67,0x53,0x70,0x0c,0x13,0x4b,0xc1,0x80,0x0e,0x98,0x93,0xa6,0xd4,0xd2,0xf7,0xc0,0xcc,0xe1,0xe3,0x0e,0x16,0xab,0x82,0x84,0x84,0x82,0x8c,0x1d,0xa1,0x2c,0xcd,0x95,0xaa,0x7b,0x80,0x80,0x80,0x80,0x7b,0x86,0x9e,0xbd,0x8c,0xc1,0x83,0x9b,0x79,0x08,0xae,0xa1,0x80,0x80,0x80,0x86,0x94,0x0e,0x16,0xaa,0x9e,0xb8,0x2a,0x1a,0x00,0x0c,0x00,0x00,0x00,0x00,0x00,0x00,0x00,0x00,0x00,0x00,0x00,0x00,0x00,0x00,0x00,0x00,0x00,0x00,0x00,0x00,0x00,0x00,0x00,0x00,0x00,0x00,0x00,0x00,0x00,0x00,0x00,0x00,0x00,0x00,0x00,0x00,0x00,0x00,0x00,
    0x00,0x00,0x00,0x00,0x00,0x00,0x00,0x00,0x00,0x00,0x00,0x00,0x00,0x00,0x00,0x00,0x00,0x00,0x00,0x00,0x00,0x00,0x00,0x00,0x00,0x00,0x00,0x00,0x00,0x00,0x00,0x00,0x00,0x00,0x00,0x00,0x00,0x00,0x00,0x00,0x0c,0x42,0x3a,0x70,0x00,0x4c,0x5a,0x93,0x99,0x9e,0x8b,0x8d,0x0e,0xf7,0xb7,0xb7,0xb7,0xb7,0xd2,0xf0,0x4d,0xc1,0x8e,0x82,0x84,0x82,0x9c,0x8d,0x9f,0x19,0xa9,0xa3,0x99,0x8a,0x7b,0x80,0x80,0x80,0x80,0x80,0x86,0xa1,0x12,0x8c,0x84,0x7e,0x82,0x7e,0x96,0xb6,0xb8,0x77,0x86,0x83,0x83,0x77,0xbc,0xe3,0xaa,0x9e,0xa1,0x47,0x42,0x00,0x05,0x00,0x00,0x00,0x00,0x00,0x00,0x00,0x00,0x00,0x00,0x00,0x00,0x00,0x00,0x00,0x00,0x00,0x00,0x00,0x00,0x00,0x00,0x00,0x00,0x00,0x00,0x00,0x00,0x00,0x00,0x00,0x00,0x00,0x00,0x00,0x00,0x00,0x00,0x00,
    0x00,0x00,0x00,0x00,0x00,0x00,0x00,0x00,0x00,0x00,0x00,0x00,0x00,0x00,0x00,0x00,0x00,0x00,0x00,0x00,0x00,0x00,0x00,0x00,0x00,0x00,0x00,0x00,0x00,0x00,0x00,0x00,0x00,0x00,0x00,0x00,0x00,0x00,0x00,0x0c,0x01,0x23,0x3a,0x28,0x25,0x24,0x19,0x8b,0x0e,0x0e,0x8d,0x9c,0x99,0xcc,0xea,0xd2,0xb7,0xb7,0xd2,0xda,0xd6,0x84,0x82,0x82,0x84,0x84,0xaf,0x7b,0xa9,0xc4,0x08,0x9f,0x20,0x8d,0x8a,0x8a,0x8a,0x8a,0x8a,0x8a,0x97,0xbc,0x9f,0xb1,0xc5,0xab,0x7e,0x88,0xa2,0x3e,0xe3,0x98,0x77,0x98,0x99,0x83,0x90,0xb8,0x8b,0x0e,0xbc,0x47,0x2d,0x00,0x05,0x00,0x00,0x00,0x00,0x00,0x00,0x00,0x00,0x00,0x00,0x00,0x00,0x00,0x00,0x00,0x00,0x00,0x00,0x00,0x00,0x00,0x00,0x00,0x00,0x00,0x00,0x00,0x00,0x00,0x00,0x00,0x00,0x00,0x00,0x00,0x00,0x00,0x00,0x00,
    0x00,0x00,0x00,0x00,0x00,0x00,0x00,0x00,0x00,0x00,0x00,0x00,0x00,0x00,0x00,0x00,0x00,0x00,0x00,0x00,0x00,0x00,0x00,0x00,0x00,0x00,0x00,0x00,0x00,0x00,0x00,0x00,0x00,0x00,0x00,0x00,0x00,0x00,0x00,0x0c,0x00,0x1a,0x26,0x26,0x17,0x35,0x90,0x94,0x9e,0xa1,0x8d,0x94,0xce,0xef,0x86,0x16,0xd4,0xea,0xf4,0xe1,0xab,0x7e,0x88,0x91,0x84,0xa4,0xac,0x9f,0xb8,0xb6,0x9b,0xa9,0x2c,0x90,0x99,0x99,0x99,0xad,0x90,0x99,0xb8,0xb8,0xcd,0xb8,0x2c,0xc9,0x7e,0x7e,0x8e,0x45,0x4d,0x97,0x83,0x90,0x19,0x94,0x93,0xb0,0xbc,0x20,0xbc,0x2a,0x6c,0x00,0x05,0x00,0x00,0x00,0x00,0x00,0x00,0x00,0x00,0x00,0x00,0x00,0x00,0x00,0x00,0x00,0x00,0x00,0x00,0x00,0x00,0x00,0x00,0x00,0x00,0x00,0x00,0x00,0x00,0x00,0x00,0x00,0x00,0x00,0x00,0x00,0x00,0x00,0x00,0x00,
    0x00,0x00,0x00,0x00,0x00,0x00,0x00,0x00,0x00,0x00,0x00,0x00,0x00,0x00,0x00,0x00,0x00,0x00,0x00,0x00,0x00,0x00,0x00,0x00,0x00,0x00,0x00,0x00,0x00,0x00,0x00,0x00,0x00,0x00,0x00,0x00,0x00,0x00,0x00,0x00,0x06,0x31,0x27,0x26,0x27,0x39,0x0e,0x8b,0xb8,0x90,0x8d,0xc9,0xd4,0xfb,0x2e,0xa1,0xa6,0xff,0xe1,0xc4,0x79,0x91,0x88,0xa4,0x9f,0xcd,0xa3,0xa4,0xc5,0xe1,0x88,0x7e,0xa3,0x9f,0x9f,0xa9,0xa9,0xa9,0xa9,0xa9,0xcd,0x4d,0xa3,0x9f,0xa3,0x1d,0xc1,0x7e,0x91,0x1d,0xc8,0xa6,0x0e,0xbc,0x9f,0x8d,0x90,0xb0,0x7b,0x90,0x16,0x36,0x25,0x00,0x06,0x00,0x00,0x00,0x00,0x00,0x00,0x00,0x00,0x00,0x00,0x00,0x00,0x00,0x00,0x00,0x00,0x00,0x00,0x00,0x00,0x00,0x00,0x00,0x00,0x00,0x00,0x00,0x00,0x00,0x00,0x00,0x00,0x00,0x00,0x00,0x00,0x00,0x00,0x00,
    0x00,0x00,0x00,0x00,0x00,0x00,0x00,0x00,0x00,0x00,0x00,0x00,0x00,0x00,0x00,0x00,0x00,0x00,0x00,0x00,0x00,0x00,0x00,0x00,0x00,0x00,0x00,0x00,0x00,0x00,0x00,0x00,0x00,0x00,0x00,0x00,0x00,0x00,0x00,0x00,0x05,0x00,0x13,0x37,0x37,0x28,0x90,0xa1,0xb8,0x8b,0xa6,0xc4,0xd2,0xb7,0xd2,0xea,0xd4,0xcf,0xc8,0x79,0xab,0x12,0xcb,0x7d,0x7f,0x85,0x7a,0xa7,0xb6,0xaf,0x95,0x79,0x91,0x8c,0x8c,0x8c,0x8c,0x8c,0x8e,0x8c,0xa4,0x12,0xcf,0xa0,0x7c,0x7f,0x87,0x29,0xaf,0xaf,0xc8,0x9e,0x19,0x19,0x9e,0x8a,0x93,0x8a,0x86,0x99,0xc8,0x32,0x34,0x01,0x05,0x00,0x00,0x00,0x00,0x00,0x00,0x00,0x00,0x00,0x00,0x00,0x00,0x00,0x00,0x00,0x00,0x00,0x00,0x00,0x00,0x00,0x00,0x00,0x00,0x00,0x00,0x00,0x00,0x00,0x00,0x00,0x00,0x00,0x00,0x00,0x00,0x00,0x00,0x00,
    0x00,0x00,0x00,0x00,0x00,0x00,0x00,0x00,0x00,0x00,0x00,0x00,0x00,0x00,0x00,0x00,0x00,0x00,0x00,0x00,0x00,0x00,0x00,0x00,0x00,0x00,0x00,0x00,0x00,0x00,0x00,0x00,0x00,0x00,0x00,0x00,0x00,0x00,0x00,0x00,0x00,0x05,0x00,0x17,0x26,0x26,0x90,0xa1,0x9e,0x8b,0xb9,0xcc,0xd2,0xb7,0xb7,0xb7,0xb7,0xd2,0x29,0x08,0xa3,0x87,0x7f,0xcf,0x12,0xb0,0xcc,0x29,0xa7,0x29,0xab,0x7e,0x82,0x82,0x82,0x82,0x82,0x82,0x88,0x91,0xed,0xca,0xda,0xda,0xcc,0x12,0x29,0x7f,0xa7,0xcb,0xb0,0xc1,0xc9,0x16,0x19,0x8d,0x8b,0x98,0x83,0x0e,0xb8,0x2c,0x36,0x23,0x00,0x01,0x00,0x00,0x00,0x00,0x00,0x00,0x00,0x00,0x00,0x00,0x00,0x00,0x00,0x00,0x00,0x00,0x00,0x00,0x00,0x00,0x00,0x00,0x00,0x00,0x00,0x00,0x00,0x00,0x00,0x00,0x00,0x00,0x00,0x00,0x00,0x00,0x00,0x00,
    0x00,0x00,0x00,0x00,0x00,0x00,0x00,0x00,0x00,0x00,0x00,0x00,0x00,0x00,0x00,0x00,0x00,0x00,0x00,0x00,0x00,0x00,0x00,0x00,0x00,0x00,0x00,0x00,0x00,0x00,0x00,0x00,0x00,0x00,0x00,0x00,0x00,0x00,0x00,0x00,0x00,0x01,0x06,0x23,0x28,0x0e,0x90,0xa1,0xa1,0x86,0x8a,0x3e,0xd4,0xea,0xf7,0xd2,0xb7,0xf7,0xbd,0xcd,0x7f,0x87,0x1d,0x96,0xb6,0xa7,0x87,0xb0,0xed,0xcb,0xac,0x91,0x82,0x84,0x84,0x84,0x84,0x7e,0x7e,0x7e,0xb6,0xb0,0xda,0xbb,0xcf,0x29,0xa2,0xac,0xca,0x7c,0x95,0xa2,0xc9,0xb6,0xc4,0xa6,0x98,0x8b,0x77,0x8b,0x0e,0x9e,0x2e,0x49,0x51,0x02,0x01,0x00,0x00,0x00,0x00,0x00,0x00,0x00,0x00,0x00,0x00,0x00,0x00,0x00,0x00,0x00,0x00,0x00,0x00,0x00,0x00,0x00,0x00,0x00,0x00,0x00,0x00,0x00,0x00,0x00,0x00,0x00,0x00,0x00,0x00,0x00,0x00,0x00,
    0x00,0x00,0x00,0x00,0x00,0x00,0x00,0x00,0x00,0x00,0x00,0x00,0x00,0x00,0x00,0x00,0x00,0x00,0x00,0x00,0x00,0x00,0x00,0x00,0x00,0x00,0x00,0x00,0x00,0x00,0x00,0x00,0x00,0x00,0x00,0x00,0x00,0x00,0x00,0x00,0x00,0x00,0x01,0x01,0x27,0x45,0xa1,0x80,0x80,0x7b,0x80,0x8d,0xa6,0x99,0x2c,0xb6,0x44,0xbf,0xc9,0xcc,0x85,0xa3,0x96,0xbd,0x7d,0xac,0xa4,0x12,0xa7,0xa3,0x82,0x88,0x82,0x82,0x82,0x84,0x84,0x7e,0x7e,0x7e,0x08,0xda,0xbd,0x8e,0xa9,0x7f,0xcb,0x96,0x08,0xa7,0xbb,0xaf,0xaf,0xa5,0xbd,0xa6,0x8b,0x80,0x80,0x8a,0xc9,0x52,0x2c,0x45,0x2f,0x00,0x05,0x02,0x00,0x00,0x00,0x00,0x00,0x00,0x00,0x00,0x00,0x00,0x00,0x00,0x00,0x00,0x00,0x00,0x00,0x00,0x00,0x00,0x00,0x00,0x00,0x00,0x00,0x00,0x00,0x00,0x00,0x00,0x00,0x00,0x00,0x00,0x00,0x00,
    0x00,0x00,0x00,0x00,0x00,0x00,0x00,0x00,0x00,0x00,0x00,0x00,0x00,0x00,0x00,0x00,0x00,0x00,0x00,0x00,0x00,0x00,0x00,0x00,0x00,0x00,0x00,0x00,0x00,0x00,0x00,0x00,0x00,0x00,0x00,0x00,0x00,0x00,0x00,0x00,0x00,0x00,0x05,0x06,0x4c,0x43,0x3e,0x8a,0x80,0x80,0x80,0x93,0x93,0x9c,0xce,0xe4,0xbe,0xe0,0x99,0x7f,0xcb,0x96,0x82,0xca,0xae,0x96,0x91,0x88,0x7c,0xcf,0x91,0x9b,0x7e,0x7e,0x7e,0x82,0x84,0x82,0x7e,0x96,0xbd,0xbb,0x96,0x91,0x7e,0x87,0xa7,0x95,0x96,0xcd,0x7f,0xa3,0xc5,0x44,0xe4,0xa6,0x93,0x80,0x80,0x8a,0xc9,0x2b,0x2a,0x4e,0x26,0x34,0x00,0x01,0x00,0x00,0x00,0x00,0x00,0x00,0x00,0x00,0x00,0x00,0x00,0x00,0x00,0x00,0x00,0x00,0x00,0x00,0x00,0x00,0x00,0x00,0x00,0x00,0x00,0x00,0x00,0x00,0x00,0x00,0x00,0x00,0x00,0x00,0x00,0x00,
    0x00,0x00,0x00,0x00,0x00,0x00,0x00,0x00,0x00,0x00,0x00,0x00,0x00,0x00,0x00,0x00,0x00,0x00,0x00,0x00,0x00,0x00,0x00,0x00,0x00,0x00,0x00,0x00,0x00,0x00,0x00,0x00,0x00,0x00,0x00,0x00,0x00,0x00,0x00,0x00,0x00,0x00,0x01,0x00,0x35,0x30,0x19,0x90,0x94,0x80,0x80,0x80,0x93,0x8d,0xa3,0x21,0xbe,0xe4,0xb6,0x7f,0xa4,0xa2,0x08,0xa0,0xbf,0x08,0xa2,0xa3,0x9a,0xca,0x95,0x88,0x7e,0x7e,0x7e,0x84,0x84,0x84,0x7e,0x91,0xcc,0x7f,0x1d,0x8e,0xf5,0xe2,0x87,0xac,0x91,0x7e,0x7d,0x29,0x12,0xd8,0xf8,0xa6,0x93,0x80,0x80,0x7b,0x80,0x32,0x24,0x37,0x9e,0x40,0x61,0x00,0x01,0x00,0x00,0x00,0x00,0x00,0x00,0x00,0x00,0x00,0x00,0x00,0x00,0x00,0x00,0x00,0x00,0x00,0x00,0x00,0x00,0x00,0x00,0x00,0x00,0x00,0x00,0x00,0x00,0x00,0x00,0x00,0x00,0x00,0x00,0x00,
    0x00,0x00,0x00,0x00,0x00,0x00,0x00,0x00,0x00,0x00,0x00,0x00,0x00,0x00,0x00,0x00,0x00,0x00,0x00,0x00,0x00,0x00,0x00,0x00,0x00,0x00,0x00,0x00,0x00,0x00,0x00,0x00,0x00,0x00,0x00,0x00,0x00,0x00,0x00,0x00,0x00,0x05,0x00,0x51,0x32,0x20,0x77,0x8b,0x7b,0x80,0x86,0x8b,0x7b,0x90,0xb3,0xf3,0xe6,0xd5,0x95,0xda,0xac,0x96,0xa4,0xa5,0xb7,0xf6,0xe9,0xf6,0xb7,0xa8,0x08,0x8c,0x82,0x84,0x84,0x84,0x84,0x84,0x88,0x96,0x29,0xf4,0xf6,0xe9,0xe7,0xf6,0x9a,0xac,0x96,0x95,0xcf,0xaf,0xe8,0xd7,0xd7,0x90,0x94,0x8b,0x86,0x93,0x8a,0x57,0x17,0x13,0x37,0x2e,0x36,0x6c,0x00,0x01,0x00,0x00,0x00,0x00,0x00,0x00,0x00,0x00,0x00,0x00,0x00,0x00,0x00,0x00,0x00,0x00,0x00,0x00,0x00,0x00,0x00,0x00,0x00,0x00,0x00,0x00,0x00,0x00,0x00,0x00,0x00,0x00,0x00,0x00,
    0x00,0x00,0x00,0x00,0x00,0x00,0x00,0x00,0x00,0x00,0x00,0x00,0x00,0x00,0x00,0x00,0x00,0x00,0x00,0x00,0x00,0x00,0x00,0x00,0x00,0x00,0x00,0x00,0x00,0x00,0x00,0x00,0x00,0x00,0x00,0x00,0x00,0x01,0x05,0x05,0x05,0x02,0x14,0x33,0x2e,0x90,0x77,0x86,0x80,0x80,0x8b,0x98,0x97,0xdd,0xbe,0x9f,0xc8,0xcf,0x82,0xa9,0xa9,0x91,0x88,0xc0,0xe7,0xf9,0xe7,0xf9,0xe9,0xf0,0xab,0x84,0x84,0x84,0x84,0x84,0x84,0x84,0x88,0xa2,0xb0,0xf6,0xf9,0xf9,0xed,0xe9,0xbf,0x95,0x8c,0x08,0xa4,0x08,0xc4,0x16,0xbd,0x19,0x97,0x98,0x77,0x8b,0x94,0x99,0x2a,0x31,0x2f,0x4f,0x16,0x36,0x25,0x00,0x06,0x00,0x00,0x00,0x00,0x00,0x00,0x00,0x00,0x00,0x00,0x00,0x00,0x00,0x00,0x00,0x00,0x00,0x00,0x00,0x00,0x00,0x00,0x00,0x00,0x00,0x00,0x00,0x00,0x00,0x00,0x00,0x00,0x00,
    0x00,0x00,0x00,0x00,0x00,0x00,0x00,0x00,0x00,0x00,0x00,0x00,0x00,0x00,0x00,0x00,0x00,0x00,0x00,0x00,0x00,0x00,0x00,0x00,0x00,0x00,0x00,0x00,0x00,0x00,0x00,0x00,0x00,0x00,0x00,0x00,0x00,0x00,0x00,0x00,0x00,0x0c,0x39,0x40,0x0e,0x97,0x8b,0x80,0x80,0x80,0x93,0xa6,0x3e,0xbe,0x89,0xb6,0xae,0x2e,0xc5,0xaa,0x9b,0x7e,0xa2,0xe0,0xfe,0x8e,0xa2,0x96,0xf5,0x12,0xa2,0x82,0x82,0x88,0x84,0x84,0x84,0x84,0x82,0x91,0xac,0xdb,0x71,0x71,0x8e,0xfe,0xbd,0x96,0x82,0x9b,0x91,0xa9,0x2c,0xae,0xe4,0xdd,0x97,0x93,0x86,0x86,0x80,0x93,0x53,0x34,0x1a,0x47,0xa1,0x32,0x13,0x00,0x05,0x00,0x00,0x00,0x00,0x00,0x00,0x00,0x00,0x00,0x00,0x00,0x00,0x00,0x00,0x00,0x00,0x00,0x00,0x00,0x00,0x00,0x00,0x00,0x00,0x00,0x00,0x00,0x00,0x00,0x00,0x00,0x00,0x00,
    0x00,0x00,0x00,0x00,0x00,0x00,0x00,0x00,0x00,0x00,0x00,0x00,0x00,0x00,0x00,0x00,0x00,0x00,0x00,0x00,0x00,0x00,0x00,0x00,0x00,0x00,0x00,0x00,0x00,0x00,0x00,0x00,0x00,0x00,0x06,0x0c,0x00,0x23,0x1a,0x1a,0x1a,0x61,0x37,0x0e,0x77,0x8b,0x86,0x80,0x80,0x93,0x8d,0x99,0xb3,0xba,0xb3,0xec,0xec,0x2c,0xa9,0x8e,0x7e,0x88,0x9b,0x82,0xf5,0xf5,0xed,0xe4,0xe0,0x84,0x84,0x84,0x82,0x88,0x7e,0x88,0x84,0x84,0x84,0x82,0x91,0x1d,0xbd,0xf5,0xe4,0xbd,0x95,0x9b,0x7e,0x88,0x82,0xb8,0x4d,0xec,0x5b,0x21,0x2c,0xaa,0x93,0x7b,0x80,0x7b,0x0e,0x28,0x34,0x43,0x98,0x4e,0x24,0x06,0x06,0x00,0x00,0x00,0x00,0x00,0x00,0x00,0x00,0x00,0x00,0x00,0x00,0x00,0x00,0x00,0x00,0x00,0x00,0x00,0x00,0x00,0x00,0x00,0x00,0x00,0x00,0x00,0x00,0x00,0x00,0x00,0x00,0x00,
    0x00,0x00,0x00,0x00,0x00,0x00,0x00,0x00,0x00,0x00,0x00,0x00,0x00,0x00,0x00,0x00,0x00,0x00,0x00,0x00,0x00,0x00,0x00,0x00,0x00,0x00,0x00,0x00,0x00,0x00,0x00,0x00,0x00,0x00,0x00,0x00,0x17,0x28,0x37,0x2a,0x2a,0x53,0x99,0x94,0x83,0x80,0x80,0x80,0x80,0x9c,0x77,0xeb,0x18,0xcc,0x4d,0x63,0xd0,0xaf,0x9f,0x88,0x82,0x88,0xb1,0xad,0xc5,0x1d,0x12,0x9f,0xab,0x79,0x82,0x84,0x84,0x82,0x7e,0x88,0x82,0x84,0x84,0x84,0x82,0x91,0xa4,0xcd,0xa3,0xc5,0xaf,0xb1,0x9c,0xab,0x08,0x45,0xe3,0xc2,0xd4,0xd5,0xd5,0x90,0x7b,0x86,0x80,0x93,0x8a,0x26,0x37,0x43,0x77,0x43,0x24,0x06,0x00,0x00,0x00,0x00,0x00,0x00,0x00,0x00,0x00,0x00,0x00,0x00,0x00,0x00,0x00,0x00,0x00,0x00,0x00,0x00,0x00,0x00,0x00,0x00,0x00,0x00,0x00,0x00,0x00,0x00,0x00,0x00,0x00,0x00,
    0x00,0x00,0x00,0x00,0x00,0x00,0x00,0x00,0x00,0x00,0x00,0x00,0x00,0x00,0x00,0x00,0x00,0x00,0x00,0x00,0x00,0x00,0x00,0x00,0x00,0x00,0x00,0x00,0x00,0x00,0x00,0x00,0x06,0x06,0x25,0x17,0x56,0x20,0x8b,0xa6,0x8b,0x8a,0x7b,0x80,0x80,0x80,0x80,0x80,0x7b,0xb9,0xdd,0xb4,0xf8,0xb1,0x63,0xc2,0xd0,0xc5,0x19,0xa4,0x88,0xc1,0xc1,0xad,0xad,0xc1,0xaa,0x79,0x88,0x84,0x84,0x84,0x84,0x82,0x7e,0x7e,0x7e,0x82,0x84,0x84,0x84,0x82,0xab,0xab,0x9c,0xb1,0xad,0xb1,0x9c,0x8d,0x9f,0xb8,0xd0,0xc2,0xd0,0xd1,0x5b,0xe8,0x97,0x80,0x80,0x80,0x80,0x9c,0x30,0xa1,0x77,0x4f,0x2f,0x06,0x00,0x00,0x00,0x00,0x00,0x00,0x00,0x00,0x00,0x00,0x00,0x00,0x00,0x00,0x00,0x00,0x00,0x00,0x00,0x00,0x00,0x00,0x00,0x00,0x00,0x00,0x00,0x00,0x00,0x00,0x00,0x00,0x00,0x00,
    0x00,0x00,0x00,0x00,0x00,0x00,0x00,0x00,0x00,0x00,0x00,0x00,0x00,0x00,0x00,0x00,0x00,0x00,0x00,0x00,0x00,0x00,0x00,0x00,0x00,0x00,0x00,0x00,0x00,0x00,0x00,0x00,0x05,0x0c,0x39,0x4b,0xaf,0x9c,0x80,0x93,0x86,0x98,0x8b,0x80,0x80,0x80,0x80,0x7b,0xa6,0xdd,0xb4,0x9d,0xd5,0xc6,0x08,0xc8,0xec,0xd0,0xf1,0xc4,0x91,0xb1,0xad,0xad,0xad,0xad,0x93,0x9b,0x88,0x84,0x84,0x84,0x84,0x7e,0x9b,0xc1,0x7e,0x88,0x88,0x82,0x84,0x88,0x9b,0x93,0xad,0xad,0xad,0xad,0xb1,0xaa,0xe1,0xf1,0x62,0xd0,0xc5,0x9c,0xba,0xc7,0x19,0x8d,0x93,0x80,0x80,0x8a,0xbc,0x98,0xa1,0x4b,0x13,0x00,0x05,0x00,0x00,0x00,0x00,0x00,0x00,0x00,0x00,0x00,0x00,0x00,0x00,0x00,0x00,0x00,0x00,0x00,0x00,0x00,0x00,0x00,0x00,0x00,0x00,0x00,0x00,0x00,0x00,0x00,0x00,0x00,0x00,0x00,
    0x00,0x00,0x00,0x00,0x00,0x00,0x00,0x00,0x00,0x00,0x00,0x00,0x00,0x00,0x00,0x00,0x00,0x00,0x00,0x00,0x00,0x00,0x00,0x00,0x00,0x00,0x00,0x00,0x00,0x00,0x00,0x00,0x31,0x01,0x2f,0xbc,0x98,0x8b,0x8b,0x80,0x86,0x90,0x8b,0x80,0x80,0x80,0x93,0xb9,0xbd,0x18,0x92,0xb4,0xee,0xa3,0xef,0x88,0xb0,0xe3,0xd6,0xb0,0x95,0x7e,0x93,0xb1,0x93,0x7b,0x9b,0x7e,0x88,0x84,0x84,0x84,0x84,0x82,0x7e,0x88,0x88,0x82,0x84,0x84,0x84,0x82,0x7e,0x9b,0x93,0xb1,0xb1,0xb1,0x7e,0xa4,0xcb,0xd0,0xc8,0xaf,0xa2,0xbd,0xd9,0xd8,0xdd,0x8d,0x93,0x80,0x80,0x94,0x0e,0x0e,0xc8,0x69,0x14,0x01,0x02,0x00,0x00,0x00,0x00,0x00,0x00,0x00,0x00,0x00,0x00,0x00,0x00,0x00,0x00,0x00,0x00,0x00,0x00,0x00,0x00,0x00,0x00,0x00,0x00,0x00,0x00,0x00,0x00,0x00,0x00,0x00,0x00,0x00,
    0x00,0x00,0x00,0x00,0x00,0x00,0x00,0x00,0x00,0x00,0x00,0x00,0x00,0x00,0x00,0x00,0x00,0x00,0x00,0x00,0x00,0x00,0x00,0x00,0x00,0x00,0x00,0x00,0x00,0x00,0x00,0x00,0x31,0x00,0x27,0xb9,0x8b,0x8b,0x98,0x8a,0xbc,0x45,0x8a,0x86,0x80,0x8b,0xb9,0x16,0xba,0x8f,0x81,0xb4,0xd9,0xd7,0x12,0xc6,0xa3,0x1d,0x96,0x95,0x3e,0xab,0x93,0x80,0x9c,0x9b,0x7e,0x88,0x84,0x84,0x84,0x84,0x84,0x8e,0x84,0x7e,0x79,0x88,0x84,0x84,0x84,0x84,0x84,0x82,0x7e,0x9b,0x9c,0x9b,0x8e,0x1d,0x8c,0xa4,0xc9,0xef,0xcd,0xee,0xc7,0xbe,0xdc,0x98,0x8a,0x80,0x80,0x86,0xa1,0x45,0x40,0x58,0x00,0x03,0x00,0x00,0x00,0x00,0x00,0x00,0x00,0x00,0x00,0x00,0x00,0x00,0x00,0x00,0x00,0x00,0x00,0x00,0x00,0x00,0x00,0x00,0x00,0x00,0x00,0x00,0x00,0x00,0x00,0x00,0x00,0x00,0x00,0x00,
    0x00,0x00,0x00,0x00,0x00,0x00,0x00,0x00,0x00,0x00,0x00,0x00,0x00,0x00,0x00,0x00,0x00,0x00,0x00,0x00,0x00,0x00,0x00,0x00,0x00,0x00,0x00,0x00,0x00,0x00,0x00,0x00,0x00,0x00,0x26,0x98,0x98,0x8a,0x8d,0x90,0xb0,0xc9,0x83,0x8b,0x80,0x94,0xa1,0x5b,0xb4,0x9d,0x89,0x9d,0xd9,0xc7,0xc7,0xd5,0xae,0xe1,0xac,0xe0,0x72,0xbd,0xc6,0x88,0x7e,0x7e,0x88,0x84,0x84,0x84,0x84,0x82,0x79,0x95,0xa3,0xc5,0x08,0x8e,0x82,0x84,0x84,0x84,0x84,0x84,0x84,0x88,0x88,0x96,0x12,0xb6,0x95,0xb0,0xcb,0xfb,0xc7,0xc7,0xd8,0xbe,0x18,0x0e,0x8a,0x93,0x80,0x80,0x86,0x9e,0x52,0x34,0x00,0x05,0x00,0x00,0x00,0x00,0x00,0x00,0x00,0x00,0x00,0x00,0x00,0x00,0x00,0x00,0x00,0x00,0x00,0x00,0x00,0x00,0x00,0x00,0x00,0x00,0x00,0x00,0x00,0x00,0x00,0x00,0x00,0x00,0x00,0x00,
    0x00,0x00,0x00,0x00,0x00,0x00,0x00,0x00,0x00,0x00,0x00,0x00,0x00,0x00,0x00,0x00,0x00,0x00,0x00,0x00,0x00,0x00,0x00,0x00,0x00,0x00,0x00,0x00,0x00,0x00,0x00,0x00,0x00,0x00,0x65,0xa6,0xbc,0x43,0x47,0xc4,0xc9,0x8d,0x98,0x8a,0x93,0xce,0xe0,0xbe,0x9d,0x9d,0x81,0x9d,0xc7,0xbe,0xbe,0xc7,0xcf,0xae,0xc7,0xbe,0xd8,0xee,0xdd,0x7e,0xa2,0x84,0x7e,0x7e,0x88,0x84,0x84,0x84,0x84,0x7e,0x95,0x88,0x7e,0x84,0x84,0x84,0x82,0x84,0x82,0x88,0x84,0xa2,0xc6,0xbd,0xd7,0xd7,0xba,0xae,0xe6,0xd8,0xbe,0xd8,0xb4,0xb4,0x18,0x9f,0x8d,0x93,0x80,0x80,0x86,0xa1,0x9e,0x24,0x1c,0x06,0x02,0x00,0x00,0x00,0x00,0x00,0x00,0x00,0x00,0x00,0x00,0x00,0x00,0x00,0x00,0x00,0x00,0x00,0x00,0x00,0x00,0x00,0x00,0x00,0x00,0x00,0x00,0x00,0x00,0x00,0x00,0x00,0x00,0x00,
    0x00,0x00,0x00,0x00,0x00,0x00,0x00,0x00,0x00,0x00,0x00,0x00,0x00,0x00,0x00,0x00,0x00,0x00,0x00,0x00,0x00,0x00,0x00,0x00,0x00,0x00,0x00,0x00,0x00,0x00,0x00,0x00,0x00,0x00,0x26,0x20,0x27,0x4c,0x35,0x19,0x83,0x98,0x77,0x0e,0x94,0x8d,0xdd,0xb4,0xb4,0x92,0x89,0x81,0xbe,0x89,0x72,0xae,0xe5,0xe5,0x29,0xb3,0xbe,0xc7,0xd9,0x5b,0xe0,0xc1,0xc6,0xab,0x88,0x88,0x88,0x82,0x82,0x79,0x79,0x82,0x8e,0x82,0x88,0x7e,0x95,0x88,0x8c,0xa2,0xab,0xa3,0xd5,0xd9,0xbe,0xba,0xd5,0xe5,0xf2,0xd5,0xba,0x9d,0x81,0x81,0x38,0x9f,0x8d,0x93,0x83,0x83,0x8b,0x83,0x99,0x28,0x25,0x00,0x06,0x00,0x00,0x00,0x00,0x00,0x00,0x00,0x00,0x00,0x00,0x00,0x00,0x00,0x00,0x00,0x00,0x00,0x00,0x00,0x00,0x00,0x00,0x00,0x00,0x00,0x00,0x00,0x00,0x00,0x00,0x00,0x00,0x00,
    0x00,0x00,0x00,0x00,0x00,0x00,0x00,0x00,0x00,0x00,0x00,0x00,0x00,0x00,0x00,0x00,0x00,0x00,0x00,0x00,0x00,0x00,0x00,0x00,0x00,0x00,0x00,0x00,0x00,0x00,0x00,0x00,0x00,0x00,0x52,0x52,0x2d,0x42,0x26,0x83,0x90,0x97,0x9f,0xb3,0xa3,0xa6,0xeb,0x9d,0x81,0x92,0x92,0x89,0xbe,0x92,0xb3,0xf1,0xfa,0xfa,0xf2,0xba,0xd8,0xd9,0xd9,0xd8,0xb4,0xdc,0xe4,0xac,0x8e,0x96,0x96,0x91,0x79,0x82,0x84,0x8e,0x95,0xaf,0xb1,0x91,0xa2,0x79,0xa4,0xe0,0xd5,0xee,0xd9,0xc7,0x9d,0xd5,0xe5,0xfa,0xe5,0xf2,0x21,0x92,0x21,0x9d,0xdc,0x90,0x8a,0x8b,0x77,0x86,0x90,0x9e,0xbc,0x2a,0x1c,0x06,0x06,0x00,0x00,0x00,0x00,0x00,0x00,0x00,0x00,0x00,0x00,0x00,0x00,0x00,0x00,0x00,0x00,0x00,0x00,0x00,0x00,0x00,0x00,0x00,0x00,0x00,0x00,0x00,0x00,0x00,0x00,0x00,0x00,0x00,
    0x00,0x00,0x00,0x00,0x00,0x00,0x00,0x00,0x00,0x00,0x00,0x00,0x00,0x00,0x00,0x00,0x00,0x00,0x00,0x00,0x00,0x00,0x00,0x00,0x00,0x00,0x00,0x00,0x00,0x00,0x00,0x00,0x00,0x00,0x52,0x59,0x23,0x27,0x99,0x83,0x93,0xb9,0xf8,0x8f,0x18,0x9f,0xdd,0x8f,0x89,0x81,0x81,0x89,0xb4,0x9d,0x8f,0xe8,0xe5,0xe5,0x29,0x8f,0xd8,0xc7,0xd9,0xba,0xb3,0xba,0x44,0x44,0xcf,0xcc,0x12,0x9f,0x95,0x8c,0x82,0xa4,0x08,0x91,0xc5,0xc4,0xcb,0xcf,0xe6,0x44,0x44,0x44,0xee,0xd9,0x81,0x8f,0xcb,0xfa,0xe5,0x5b,0x89,0x92,0xd7,0xba,0x12,0xb9,0x98,0x83,0x80,0x8a,0x20,0x52,0x2b,0x43,0x17,0x00,0x31,0x00,0x00,0x00,0x00,0x00,0x00,0x00,0x00,0x00,0x00,0x00,0x00,0x00,0x00,0x00,0x00,0x00,0x00,0x00,0x00,0x00,0x00,0x00,0x00,0x00,0x00,0x00,0x00,0x00,0x00,0x00,0x00,0x00,
    0x00,0x00,0x00,0x00,0x00,0x00,0x00,0x00,0x00,0x00,0x00,0x00,0x00,0x00,0x00,0x00,0x00,0x00,0x00,0x00,0x00,0x00,0x00,0x00,0x00,0x00,0x00,0x00,0x00,0x00,0x00,0x00,0x00,0x00,0x2b,0x41,0x27,0x37,0x90,0x80,0x94,0xa1,0xb3,0x8f,0x8f,0xdc,0xf3,0x81,0x81,0x81,0x81,0x81,0x9d,0x81,0x8f,0x29,0xf3,0xdc,0xcc,0x9d,0xc7,0xe2,0x7d,0x7c,0x76,0x85,0x76,0x76,0x7f,0x7f,0x7f,0x4d,0xd6,0xc5,0xa9,0xc1,0x8c,0xc5,0xde,0x7f,0x7f,0x7f,0x76,0x76,0x76,0x76,0x7d,0xee,0x9d,0x9d,0xf2,0xe8,0xf2,0xe8,0x92,0x18,0xe8,0xbd,0x8d,0xa6,0x8a,0x93,0x86,0x83,0x20,0x32,0x6b,0x5a,0x39,0x00,0x05,0x00,0x00,0x00,0x00,0x00,0x00,0x00,0x00,0x00,0x00,0x00,0x00,0x00,0x00,0x00,0x00,0x00,0x00,0x00,0x00,0x00,0x00,0x00,0x00,0x00,0x00,0x00,0x00,0x00,0x00,0x00,0x00,0x00,
    0x00,0x00,0x00,0x00,0x00,0x00,0x00,0x00,0x00,0x00,0x00,0x00,0x00,0x00,0x00,0x00,0x00,0x00,0x00,0x00,0x00,0x00,0x00,0x00,0x00,0x00,0x00,0x00,0x00,0x00,0x00,0x00,0x00,0x00,0x2d,0x34,0x1a,0x27,0x20,0x94,0x97,0x9e,0x21,0x89,0x81,0x89,0xba,0x18,0x89,0x89,0x89,0x81,0x81,0x89,0x81,0x38,0x8f,0x92,0x9d,0x8f,0x44,0x85,0x7a,0x7c,0x7a,0x7a,0x7a,0x7a,0x7a,0x7d,0x7a,0xd0,0xd6,0xb8,0x95,0x79,0x08,0xaf,0xb0,0x7c,0x7c,0x7c,0x7a,0x7a,0x7a,0x7c,0x85,0xe2,0x92,0x81,0x21,0x8f,0xb4,0xb3,0x81,0xeb,0x77,0x8d,0x86,0x12,0xc9,0x8d,0x8b,0x86,0xa1,0x40,0x36,0x32,0x2d,0x02,0x01,0x00,0x00,0x00,0x00,0x00,0x00,0x00,0x00,0x00,0x00,0x00,0x00,0x00,0x00,0x00,0x00,0x00,0x00,0x00,0x00,0x00,0x00,0x00,0x00,0x00,0x00,0x00,0x00,0x00,0x00,0x00,0x00,0x00,
    0x00,0x00,0x00,0x00,0x00,0x00,0x00,0x00,0x00,0x00,0x00,0x00,0x00,0x00,0x00,0x00,0x00,0x00,0x00,0x00,0x00,0x00,0x00,0x00,0x00,0x00,0x00,0x00,0x00,0x00,0x00,0x00,0x00,0x00,0x00,0x00,0x00,0x28,0x4e,0x83,0x8b,0xa1,0xdc,0x8f,0x81,0x81,0x92,0x89,0x92,0x92,0x89,0x81,0x89,0x81,0x9d,0x89,0x81,0x9d,0x89,0x81,0xa0,0x7d,0x7d,0x7c,0x7a,0x78,0x78,0x78,0x78,0x7f,0x7a,0xf1,0xaf,0x91,0x82,0x82,0x84,0xa2,0x2e,0x76,0x76,0x7a,0x78,0x78,0x78,0x7a,0x76,0xa0,0x18,0x92,0x89,0x81,0x81,0x92,0xb4,0xe0,0xce,0x8b,0xf3,0xd8,0xb3,0xc9,0x8d,0x93,0x97,0x99,0x16,0x33,0x0f,0x00,0x06,0x00,0x00,0x00,0x00,0x00,0x00,0x00,0x00,0x00,0x00,0x00,0x00,0x00,0x00,0x00,0x00,0x00,0x00,0x00,0x00,0x00,0x00,0x00,0x00,0x00,0x00,0x00,0x00,0x00,0x00,0x00,0x00,0x00,
    0x00,0x00,0x00,0x00,0x00,0x00,0x00,0x00,0x00,0x00,0x00,0x00,0x00,0x00,0x00,0x00,0x00,0x00,0x00,0x00,0x00,0x00,0x00,0x00,0x00,0x00,0x00,0x00,0x00,0x00,0x00,0x00,0x00,0x00,0x05,0x31,0x02,0x13,0x43,0xa1,0x9e,0xa6,0xf8,0x8f,0x92,0x92,0x92,0x81,0x81,0x81,0x81,0x81,0x81,0xb4,0xb4,0x81,0x81,0x81,0x89,0x44,0x76,0x7c,0x7a,0x78,0x78,0x78,0x78,0x78,0x7a,0xa7,0xc8,0x19,0x7e,0x79,0x82,0x84,0x82,0x7e,0xaf,0xcf,0x76,0x7a,0x78,0x78,0x78,0x78,0x7a,0x85,0x9a,0x81,0x89,0x81,0x89,0x92,0x18,0x9f,0xce,0xe4,0xd8,0x9d,0xbe,0xeb,0x97,0x8b,0x98,0x83,0x20,0x4b,0x17,0x14,0x01,0x02,0x00,0x00,0x00,0x00,0x00,0x00,0x00,0x00,0x00,0x00,0x00,0x00,0x00,0x00,0x00,0x00,0x00,0x00,0x00,0x00,0x00,0x00,0x00,0x00,0x00,0x00,0x00,0x00,0x00,0x00,0x00,0x00,
    0x00,0x00,0x00,0x00,0x00,0x00,0x00,0x00,0x00,0x00,0x00,0x00,0x00,0x00,0x00,0x00,0x00,0x00,0x00,0x00,0x00,0x00,0x00,0x00,0x00,0x00,0x00,0x00,0x00,0x00,0x00,0x00,0x00,0x00,0x00,0x01,0x00,0x51,0x32,0x30,0x37,0x93,0xe0,0xb4,0x89,0x89,0x81,0x81,0x81,0x81,0x81,0x81,0x81,0xbe,0x9d,0x81,0x81,0x8f,0xe2,0x85,0x7a,0x78,0x78,0x78,0x78,0x78,0x78,0x78,0x85,0xb6,0x9c,0x9f,0x91,0x82,0x84,0x84,0x82,0x8c,0xac,0xae,0x7d,0x78,0x78,0x78,0x78,0x78,0x78,0x7a,0x76,0xe2,0x81,0x89,0x81,0x89,0xb4,0xbd,0xb9,0xdc,0x8f,0x81,0x8f,0x21,0x30,0xb9,0x8b,0x98,0xa6,0x26,0x68,0x74,0x00,0x05,0x00,0x00,0x00,0x00,0x00,0x00,0x00,0x00,0x00,0x00,0x00,0x00,0x00,0x00,0x00,0x00,0x00,0x00,0x00,0x00,0x00,0x00,0x00,0x00,0x00,0x00,0x00,0x00,0x00,0x00,0x00,0x00,
    0x00,0x00,0x00,0x00,0x00,0x00,0x00,0x00,0x00,0x00,0x00,0x00,0x00,0x00,0x00,0x00,0x00,0x00,0x00,0x00,0x00,0x00,0x00,0x00,0x00,0x00,0x00,0x00,0x00,0x00,0x00,0x00,0x00,0x00,0x00,0x06,0x06,0x0c,0x2a,0x27,0x42,0x26,0xb0,0xb4,0x81,0x81,0x81,0x81,0x81,0x81,0x81,0x81,0x81,0x9d,0x81,0x81,0x92,0xe6,0x7f,0x7c,0x78,0x78,0x78,0x78,0x78,0x76,0x76,0x78,0x7c,0x7a,0x29,0x95,0x82,0x88,0x84,0x84,0x88,0x91,0x08,0x87,0x78,0x7a,0x78,0x78,0x78,0x78,0x78,0x78,0x7c,0x7f,0xe2,0x89,0x81,0x81,0x89,0x21,0xb8,0xf8,0x8f,0x81,0x89,0x18,0xc9,0xce,0x98,0x83,0xbc,0xb6,0x29,0x58,0x00,0x03,0x00,0x00,0x00,0x00,0x00,0x00,0x00,0x00,0x00,0x00,0x00,0x00,0x00,0x00,0x00,0x00,0x00,0x00,0x00,0x00,0x00,0x00,0x00,0x00,0x00,0x00,0x00,0x00,0x00,0x00,0x00,0x00,
    0x00,0x00,0x00,0x00,0x00,0x00,0x00,0x00,0x00,0x00,0x00,0x00,0x00,0x00,0x00,0x00,0x00,0x00,0x00,0x00,0x00,0x00,0x00,0x00,0x00,0x00,0x00,0x00,0x00,0x00,0x00,0x00,0x00,0x00,0x00,0x00,0x01,0x5e,0x55,0x6d,0x48,0x69,0xb3,0x89,0x81,0x81,0x81,0x81,0x81,0x81,0x81,0x81,0x81,0x81,0x81,0x89,0x18,0x7c,0x78,0x78,0x78,0x78,0x78,0x78,0x7a,0x7c,0x7c,0x7c,0x87,0x7f,0xbb,0x8c,0x88,0x88,0x84,0x88,0x91,0x7e,0xae,0x7a,0x7d,0x78,0x78,0x78,0x78,0x78,0x78,0x78,0x78,0x7a,0x85,0xb3,0x92,0x92,0x92,0x92,0xdc,0xf3,0x81,0x92,0x92,0x21,0xfb,0x20,0x8a,0x2e,0x40,0x69,0x58,0x14,0x02,0x00,0x00,0x00,0x00,0x00,0x00,0x00,0x00,0x00,0x00,0x00,0x00,0x00,0x00,0x00,0x00,0x00,0x00,0x00,0x00,0x00,0x00,0x00,0x00,0x00,0x00,0x00,0x00,0x00,0x00,0x00,0x00,0x00,
    0x00,0x00,0x00,0x00,0x00,0x00,0x00,0x00,0x00,0x00,0x00,0x00,0x00,0x00,0x00,0x00,0x00,0x00,0x00,0x00,0x00,0x00,0x00,0x00,0x00,0x00,0x00,0x00,0x00,0x00,0x00,0x00,0x00,0x00,0x00,0x03,0x03,0x55,0x5b,0x4a,0x5c,0x18,0x89,0x81,0x81,0x89,0x89,0x81,0x81,0x81,0x81,0x81,0x81,0x81,0x81,0x92,0xd7,0x7f,0x7a,0x76,0x78,0x78,0x78,0x78,0x7a,0x7d,0x7d,0x87,0x7d,0x7c,0x78,0xb6,0xa2,0x7e,0x95,0x8e,0xb1,0xde,0x85,0x7a,0x78,0x78,0x78,0x78,0x78,0x78,0x78,0x76,0x7a,0x7c,0x7f,0xe6,0xfc,0x89,0x92,0x92,0x92,0x21,0x18,0x92,0x92,0x21,0xe8,0x0e,0x90,0x64,0x61,0x51,0x00,0x00,0x00,0x00,0x00,0x00,0x00,0x00,0x00,0x00,0x00,0x00,0x00,0x00,0x00,0x00,0x00,0x00,0x00,0x00,0x00,0x00,0x00,0x00,0x00,0x00,0x00,0x00,0x00,0x00,0x00,0x00,0x00,0x00,0x00,0x00,
    0x00,0x00,0x00,0x00,0x00,0x00,0x00,0x00,0x00,0x00,0x00,0x00,0x00,0x00,0x00,0x00,0x00,0x00,0x00,0x00,0x00,0x00,0x00,0x00,0x00,0x00,0x00,0x00,0x00,0x00,0x00,0x00,0x00,0x00,0x00,0x01,0x00,0x60,0x4a,0xba,0x38,0x89,0x81,0x81,0x92,0x92,0x9d,0x9d,0x81,0x81,0x81,0x81,0x89,0x21,0xba,0xfc,0x21,0x76,0x7c,0x7c,0x7a,0x78,0x78,0x78,0x78,0x76,0x76,0x7a,0x76,0x7f,0x7d,0x85,0xb6,0x7e,0x84,0xc9,0xbb,0x7f,0x7c,0x76,0x78,0x78,0x78,0x78,0x78,0x78,0x76,0x7c,0x87,0x87,0x85,0xe6,0xfc,0x92,0x89,0x89,0x81,0x89,0x8f,0xba,0x21,0x9d,0xeb,0x97,0xa1,0x27,0x1c,0x00,0x06,0x00,0x00,0x00,0x00,0x00,0x00,0x00,0x00,0x00,0x00,0x00,0x00,0x00,0x00,0x00,0x00,0x00,0x00,0x00,0x00,0x00,0x00,0x00,0x00,0x00,0x00,0x00,0x00,0x00,0x00,0x00,0x00,0x00,0x00,0x00,
    0x00,0x00,0x00,0x00,0x00,0x00,0x00,0x00,0x00,0x00,0x00,0x00,0x00,0x00,0x00,0x00,0x00,0x00,0x00,0x00,0x00,0x00,0x00,0x00,0x00,0x00,0x00,0x00,0x00,0x00,0x00,0x00,0x00,0x00,0x00,0x00,0x01,0x00,0x5e,0x22,0x4a,0x38,0x81,0x92,0x9d,0x18,0xb3,0x38,0x8f,0x81,0x81,0x81,0x8f,0xba,0xd7,0x18,0x89,0xa0,0x7d,0x87,0x7d,0x7a,0x78,0x78,0x78,0x78,0x7a,0x7f,0xbb,0xcf,0x76,0x7c,0x7f,0xae,0x62,0xa7,0x7f,0x7c,0x78,0x7d,0x78,0x78,0x78,0x78,0x78,0x78,0x78,0x7c,0x7c,0x7c,0x85,0xe6,0x92,0x18,0x81,0x81,0x81,0x81,0x8f,0x21,0x4a,0x8f,0x18,0xd5,0x2b,0x23,0x00,0x01,0x00,0x00,0x00,0x00,0x00,0x00,0x00,0x00,0x00,0x00,0x00,0x00,0x00,0x00,0x00,0x00,0x00,0x00,0x00,0x00,0x00,0x00,0x00,0x00,0x00,0x00,0x00,0x00,0x00,0x00,0x00,0x00,0x00,0x00,0x00,0x00,
    0x00,0x00,0x00,0x00,0x00,0x00,0x00,0x00,0x00,0x00,0x00,0x00,0x00,0x00,0x00,0x00,0x00,0x00,0x00,0x00,0x00,0x00,0x00,0x00,0x00,0x00,0x00,0x00,0x00,0x00,0x00,0x00,0x00,0x00,0x00,0x00,0x00,0x02,0x00,0x14,0x6d,0x5f,0x5c,0x6f,0x5c,0x5f,0x5c,0x89,0x81,0x81,0x81,0x81,0x89,0xb3,0xdc,0xba,0xb3,0x7c,0x7a,0x7a,0x7a,0x78,0x78,0x7a,0x78,0x78,0x7c,0x7f,0xb0,0xaf,0x29,0x85,0x87,0x78,0x85,0x85,0x7c,0x85,0xa0,0xbf,0x85,0x78,0x76,0x78,0x78,0x78,0x78,0x78,0x78,0x78,0x76,0x87,0xb3,0xeb,0x8f,0x81,0x81,0x81,0x81,0x38,0x5f,0x21,0x89,0xd7,0x5f,0x0f,0x02,0x02,0x00,0x00,0x00,0x00,0x00,0x00,0x00,0x00,0x00,0x00,0x00,0x00,0x00,0x00,0x00,0x00,0x00,0x00,0x00,0x00,0x00,0x00,0x00,0x00,0x00,0x00,0x00,0x00,0x00,0x00,0x00,0x00,0x00,0x00,0x00,0x00,
    0x00,0x00,0x00,0x00,0x00,0x00,0x00,0x00,0x00,0x00,0x00,0x00,0x00,0x00,0x00,0x00,0x00,0x00,0x00,0x00,0x00,0x00,0x00,0x00,0x00,0x00,0x00,0x00,0x00,0x00,0x00,0x00,0x00,0x00,0x00,0x00,0x00,0x00,0x06,0x00,0x31,0x60,0x48,0x5e,0x48,0x48,0x55,0x18,0x89,0x81,0x81,0x81,0x89,0xb3,0xb3,0x21,0xa5,0x87,0x7a,0x78,0x78,0x78,0x7a,0x7a,0x78,0x78,0x7c,0x7f,0xb6,0x96,0xc9,0xdf,0x7a,0x7c,0x7a,0x7a,0x78,0x76,0x7c,0x9a,0x7c,0x7c,0x7c,0x7a,0x78,0x78,0x78,0x78,0x78,0x78,0x7d,0x7c,0x9a,0x5b,0x9d,0x81,0x81,0x81,0x9d,0x5c,0x55,0x4a,0x38,0x4a,0x48,0x00,0x01,0x00,0x00,0x00,0x00,0x00,0x00,0x00,0x00,0x00,0x00,0x00,0x00,0x00,0x00,0x00,0x00,0x00,0x00,0x00,0x00,0x00,0x00,0x00,0x00,0x00,0x00,0x00,0x00,0x00,0x00,0x00,0x00,0x00,0x00,0x00,0x00,0x00,
    0x00,0x00,0x00,0x00,0x00,0x00,0x00,0x00,0x00,0x00,0x00,0x00,0x00,0x00,0x00,0x00,0x00,0x00,0x00,0x00,0x00,0x00,0x00,0x00,0x00,0x00,0x00,0x00,0x00,0x00,0x00,0x00,0x00,0x00,0x00,0x00,0x00,0x00,0x00,0x02,0x00,0x06,0x0c,0x06,0x00,0x00,0x5e,0x4a,0x18,0x89,0x89,0x81,0x92,0x38,0xba,0x9a,0xa0,0x87,0x7c,0x76,0x7a,0x7a,0x78,0x78,0x78,0x78,0x7c,0x7f,0xdf,0x8c,0xad,0xae,0x7a,0x78,0x7a,0x78,0x78,0x76,0x7d,0xc0,0x7c,0x7d,0x87,0x7c,0x7c,0x7a,0x78,0x78,0x78,0x7c,0x87,0x87,0x78,0xd7,0x9d,0x81,0x81,0x18,0x5c,0x48,0x66,0x44,0x4a,0x5e,0x02,0x01,0x00,0x00,0x00,0x00,0x00,0x00,0x00,0x00,0x00,0x00,0x00,0x00,0x00,0x00,0x00,0x00,0x00,0x00,0x00,0x00,0x00,0x00,0x00,0x00,0x00,0x00,0x00,0x00,0x00,0x00,0x00,0x00,0x00,0x00,0x00,0x00,0x00,0x00,
    0x00,0x00,0x00,0x00,0x00,0x00,0x00,0x00,0x00,0x00,0x00,0x00,0x00,0x00,0x00,0x00,0x00,0x00,0x00,0x00,0x00,0x00,0x00,0x00,0x00,0x00,0x00,0x00,0x00,0x00,0x00,0x00,0x00,0x00,0x00,0x00,0x00,0x00,0x00,0x00,0x00,0x01,0x01,0x03,0x01,0x03,0x00,0x5e,0x5f,0x6f,0x18,0x38,0x38,0x6f,0x72,0x76,0x87,0x7d,0x7a,0x76,0x7c,0x7c,0x78,0x78,0x78,0x78,0x78,0x78,0x76,0x1d,0xa2,0xda,0x85,0x7c,0x78,0x78,0x78,0x7a,0x7d,0xa8,0x7a,0x7a,0x7c,0x7c,0x7a,0x7a,0x78,0x78,0x78,0x7c,0x7d,0x7d,0x7c,0xe2,0x21,0x38,0x4a,0x5f,0x48,0x0f,0x66,0x22,0x5d,0x02,0x01,0x00,0x00,0x00,0x00,0x00,0x00,0x00,0x00,0x00,0x00,0x00,0x00,0x00,0x00,0x00,0x00,0x00,0x00,0x00,0x00,0x00,0x00,0x00,0x00,0x00,0x00,0x00,0x00,0x00,0x00,0x00,0x00,0x00,0x00,0x00,0x00,0x00,0x00,0x00,
    0x00,0x00,0x00,0x00,0x00,0x00,0x00,0x00,0x00,0x00,0x00,0x00,0x00,0x00,0x00,0x00,0x00,0x00,0x00,0x00,0x00,0x00,0x00,0x00,0x00,0x00,0x00,0x00,0x00,0x00,0x00,0x00,0x00,0x00,0x00,0x00,0x00,0x00,0x00,0x00,0x00,0x00,0x00,0x00,0x00,0x00,0x01,0x01,0x60,0x6d,0x55,0x48,0x55,0x55,0x0a,0xa0,0x87,0x7d,0x76,0x7c,0x7d,0x7a,0x78,0x78,0x7a,0x7a,0x78,0x7a,0x7f,0xbb,0xa3,0xa7,0x85,0x7a,0x78,0x78,0x7a,0x7f,0x78,0xa8,0x7f,0x7c,0x87,0x78,0x78,0x78,0x78,0x76,0x78,0x78,0x78,0x7a,0x10,0x78,0x1b,0x48,0x6d,0x60,0x00,0x00,0x0f,0x60,0x00,0x01,0x00,0x00,0x00,0x00,0x00,0x00,0x00,0x00,0x00,0x00,0x00,0x00,0x00,0x00,0x00,0x00,0x00,0x00,0x00,0x00,0x00,0x00,0x00,0x00,0x00,0x00,0x00,0x00,0x00,0x00,0x00,0x00,0x00,0x00,0x00,0x00,0x00,0x00,0x00,0x00,
    0x00,0x00,0x00,0x00,0x00,0x00,0x00,0x00,0x00,0x00,0x00,0x00,0x00,0x00,0x00,0x00,0x00,0x00,0x00,0x00,0x00,0x00,0x00,0x00,0x00,0x00,0x00,0x00,0x00,0x00,0x00,0x00,0x00,0x00,0x00,0x00,0x00,0x00,0x00,0x00,0x00,0x00,0x00,0x00,0x00,0x00,0x00,0x00,0x05,0x0c,0x14,0x00,0x60,0x3c,0x0b,0x87,0x10,0x7a,0x76,0x7c,0x7a,0x76,0x78,0x78,0x78,0x78,0x78,0x78,0x7a,0x7a,0x87,0x85,0x7a,0x78,0x78,0x7a,0x85,0xbb,0xed,0xac,0xbd,0xa7,0x76,0x7d,0x78,0x78,0x7a,0x7c,0x7a,0x78,0x78,0x78,0x04,0x7c,0x0a,0x0f,0x00,0x00,0x06,0x02,0x00,0x00,0x02,0x00,0x00,0x00,0x00,0x00,0x00,0x00,0x00,0x00,0x00,0x00,0x00,0x00,0x00,0x00,0x00,0x00,0x00,0x00,0x00,0x00,0x00,0x00,0x00,0x00,0x00,0x00,0x00,0x00,0x00,0x00,0x00,0x00,0x00,0x00,0x00,0x00,0x00,0x00,0x00,0x00,
    0x00,0x00,0x00,0x00,0x00,0x00,0x00,0x00,0x00,0x00,0x00,0x00,0x00,0x00,0x00,0x00,0x00,0x00,0x00,0x00,0x00,0x00,0x00,0x00,0x00,0x00,0x00,0x00,0x00,0x00,0x00,0x00,0x00,0x00,0x00,0x00,0x00,0x00,0x00,0x00,0x00,0x00,0x00,0x00,0x00,0x00,0x00,0x00,0x01,0x00,0x00,0x03,0x00,0x0d,0x0a,0x87,0x7c,0x76,0x7c,0x7d,0x78,0x78,0x78,0x78,0x7a,0x7d,0x78,0x7d,0x87,0x87,0x78,0x78,0x78,0x7a,0x7c,0x7d,0x85,0xcd,0xc5,0xad,0x96,0xa4,0xca,0x85,0x7a,0x78,0x7a,0x7d,0x87,0x7c,0x78,0x78,0x78,0x04,0x7c,0x22,0x00,0x03,0x00,0x00,0x02,0x02,0x00,0x00,0x00,0x00,0x00,0x00,0x00,0x00,0x00,0x00,0x00,0x00,0x00,0x00,0x00,0x00,0x00,0x00,0x00,0x00,0x00,0x00,0x00,0x00,0x00,0x00,0x00,0x00,0x00,0x00,0x00,0x00,0x00,0x00,0x00,0x00,0x00,0x00,0x00,0x00,0x00,0x00,
    0x00,0x00,0x00,0x00,0x00,0x00,0x00,0x00,0x00,0x00,0x00,0x00,0x00,0x00,0x00,0x00,0x00,0x00,0x00,0x00,0x00,0x00,0x00,0x00,0x00,0x00,0x00,0x00,0x00,0x00,0x00,0x00,0x00,0x00,0x00,0x00,0x00,0x00,0x00,0x00,0x00,0x00,0x00,0x00,0x00,0x00,0x00,0x00,0x00,0x00,0x02,0x02,0x0f,0x22,0x10,0x7c,0x76,0x7a,0x87,0x87,0x7c,0x78,0x78,0x78,0x78,0x87,0x7c,0x7a,0x7c,0x7a,0x7a,0x78,0x78,0x78,0x78,0x7c,0x76,0xc4,0x08,0x95,0x7e,0x96,0xa3,0x85,0x7a,0x78,0x76,0x7d,0x87,0x7d,0x7a,0x7a,0x7c,0x7c,0x10,0x7c,0x3c,0x00,0x03,0x00,0x00,0x00,0x00,0x00,0x00,0x00,0x00,0x00,0x00,0x00,0x00,0x00,0x00,0x00,0x00,0x00,0x00,0x00,0x00,0x00,0x00,0x00,0x00,0x00,0x00,0x00,0x00,0x00,0x00,0x00,0x00,0x00,0x00,0x00,0x00,0x00,0x00,0x00,0x00,0x00,0x00,0x00,0x00,0x00,
    0x00,0x00,0x00,0x00,0x00,0x00,0x00,0x00,0x00,0x00,0x00,0x00,0x00,0x00,0x00,0x00,0x00,0x00,0x00,0x00,0x00,0x00,0x00,0x00,0x00,0x00,0x00,0x00,0x00,0x00,0x00,0x00,0x00,0x00,0x00,0x00,0x00,0x00,0x00,0x00,0x00,0x00,0x00,0x00,0x00,0x00,0x00,0x00,0x00,0x00,0x00,0x03,0x0f,0x09,0x87,0x07,0x78,0x7d,0x87,0x7d,0x7c,0x7c,0x78,0x78,0x78,0x7a,0x7a,0x78,0x76,0x78,0x78,0x78,0x78,0x7a,0x7d,0x78,0xa7,0x08,0xb1,0x82,0x84,0x84,0x7e,0xbb,0x85,0x7a,0x78,0x7a,0x7a,0x76,0x7c,0x7c,0x78,0x7a,0x04,0x7d,0x1f,0x0f,0x01,0x00,0x00,0x00,0x00,0x00,0x00,0x00,0x00,0x00,0x00,0x00,0x00,0x00,0x00,0x00,0x00,0x00,0x00,0x00,0x00,0x00,0x00,0x00,0x00,0x00,0x00,0x00,0x00,0x00,0x00,0x00,0x00,0x00,0x00,0x00,0x00,0x00,0x00,0x00,0x00,0x00,0x00,0x00,0x00,0x00,
    0x00,0x00,0x00,0x00,0x00,0x00,0x00,0x00,0x00,0x00,0x00,0x00,0x00,0x00,0x00,0x00,0x00,0x00,0x00,0x00,0x00,0x00,0x00,0x00,0x00,0x00,0x00,0x00,0x00,0x00,0x00,0x00,0x00,0x00,0x00,0x00,0x00,0x00,0x00,0x00,0x00,0x00,0x00,0x00,0x00,0x00,0x00,0x00,0x00,0x00,0x02,0x01,0x0d,0x1f,0x7a,0x04,0x7a,0x87,0x7d,0x76,0x7c,0x7d,0x78,0x78,0x78,0x78,0x78,0x78,0x78,0x78,0x78,0x78,0x7d,0x7d,0x87,0x7d,0x87,0xcd,0x9b,0x82,0x82,0x82,0x84,0xda,0x85,0x7c,0x78,0x78,0x78,0x78,0x78,0x7d,0x78,0x78,0x78,0x07,0x7a,0x1b,0x00,0x03,0x00,0x00,0x00,0x00,0x00,0x00,0x00,0x00,0x00,0x00,0x00,0x00,0x00,0x00,0x00,0x00,0x00,0x00,0x00,0x00,0x00,0x00,0x00,0x00,0x00,0x00,0x00,0x00,0x00,0x00,0x00,0x00,0x00,0x00,0x00,0x00,0x00,0x00,0x00,0x00,0x00,0x00,0x00,0x00,
    0x00,0x00,0x00,0x00,0x00,0x00,0x00,0x00,0x00,0x00,0x00,0x00,0x00,0x00,0x00,0x00,0x00,0x00,0x00,0x00,0x00,0x00,0x00,0x00,0x00,0x00,0x00,0x00,0x00,0x00,0x00,0x00,0x00,0x00,0x00,0x00,0x00,0x00,0x00,0x00,0x00,0x00,0x00,0x00,0x00,0x00,0x00,0x00,0x00,0x00,0x03,0x00,0x3b,0x7c,0x07,0x7c,0x7c,0x7d,0x7a,0x78,0x7c,0x7a,0x78,0x78,0x78,0x78,0x78,0x78,0x78,0x78,0x78,0x78,0x78,0x78,0x78,0x7c,0x7f,0xb0,0xa4,0x95,0x79,0x82,0x88,0xbb,0x78,0x7d,0x76,0x78,0x78,0x78,0x78,0x78,0x78,0x7a,0x78,0x07,0x7a,0x22,0x00,0x03,0x00,0x00,0x00,0x00,0x00,0x00,0x00,0x00,0x00,0x00,0x00,0x00,0x00,0x00,0x00,0x00,0x00,0x00,0x00,0x00,0x00,0x00,0x00,0x00,0x00,0x00,0x00,0x00,0x00,0x00,0x00,0x00,0x00,0x00,0x00,0x00,0x00,0x00,0x00,0x00,0x00,0x00,0x00,0x00,
    0x00,0x00,0x00,0x00,0x00,0x00,0x00,0x00,0x00,0x00,0x00,0x00,0x00,0x00,0x00,0x00,0x00,0x00,0x00,0x00,0x00,0x00,0x00,0x00,0x00,0x00,0x00,0x00,0x00,0x00,0x00,0x00,0x00,0x00,0x00,0x00,0x00,0x00,0x00,0x00,0x00,0x00,0x00,0x00,0x00,0x00,0x00,0x00,0x00,0x02,0x00,0x11,0x1e,0x04,0x04,0x7d,0x78,0x7a,0x78,0x78,0x78,0x7a,0x7c,0x78,0x78,0x78,0x78,0x78,0x78,0x76,0x76,0x78,0x78,0x78,0x78,0x7a,0x85,0xbb,0x08,0x91,0x84,0x96,0xaf,0x87,0x87,0x7d,0x78,0x78,0x78,0x78,0x78,0x78,0x78,0x7a,0x7c,0x10,0x7a,0x0a,0x00,0x00,0x00,0x00,0x00,0x00,0x00,0x00,0x00,0x00,0x00,0x00,0x00,0x00,0x00,0x00,0x00,0x00,0x00,0x00,0x00,0x00,0x00,0x00,0x00,0x00,0x00,0x00,0x00,0x00,0x00,0x00,0x00,0x00,0x00,0x00,0x00,0x00,0x00,0x00,0x00,0x00,0x00,0x00,0x00,0x00,
    0x00,0x00,0x00,0x00,0x00,0x00,0x00,0x00,0x00,0x00,0x00,0x00,0x00,0x00,0x00,0x00,0x00,0x00,0x00,0x00,0x00,0x00,0x00,0x00,0x00,0x00,0x00,0x00,0x00,0x00,0x00,0x00,0x00,0x00,0x00,0x00,0x00,0x00,0x00,0x00,0x00,0x00,0x00,0x00,0x00,0x00,0x00,0x00,0x00,0x03,0x00,0x46,0x7a,0x7d,0x78,0x87,0x7d,0x7a,0x78,0x78,0x78,0x7a,0x7a,0x78,0x78,0x78,0x78,0x78,0x76,0x7d,0x7c,0x76,0x78,0x78,0x7c,0x7d,0x7d,0x7d,0xb0,0xc5,0xc1,0xad,0xae,0x7f,0x7d,0x7a,0x78,0x78,0x78,0x78,0x76,0x7c,0x7c,0x7c,0x87,0x10,0x78,0x0a,0x00,0x00,0x00,0x00,0x00,0x00,0x00,0x00,0x00,0x00,0x00,0x00,0x00,0x00,0x00,0x00,0x00,0x00,0x00,0x00,0x00,0x00,0x00,0x00,0x00,0x00,0x00,0x00,0x00,0x00,0x00,0x00,0x00,0x00,0x00,0x00,0x00,0x00,0x00,0x00,0x00,0x00,0x00,0x00,0x00,0x00,
    0x00,0x00,0x00,0x00,0x00,0x00,0x00,0x00,0x00,0x00,0x00,0x00,0x00,0x00,0x00,0x00,0x00,0x00,0x00,0x00,0x00,0x00,0x00,0x00,0x00,0x00,0x00,0x00,0x00,0x00,0x00,0x00,0x00,0x00,0x00,0x00,0x00,0x00,0x00,0x00,0x00,0x00,0x00,0x00,0x00,0x00,0x00,0x00,0x00,0x03,0x00,0x3c,0x7d,0x10,0x7d,0x87,0x7d,0x7c,0x78,0x78,0x78,0x78,0x78,0x78,0x78,0x78,0x78,0x7a,0x85,0xa8,0xa0,0x76,0x78,0x78,0x7c,0x7d,0x87,0x7c,0x7c,0xa8,0xca,0xdf,0x76,0x78,0x78,0x78,0x78,0x78,0x78,0x78,0x78,0x7c,0x7c,0x7d,0x7d,0x07,0x7a,0x22,0x00,0x03,0x00,0x00,0x00,0x00,0x00,0x00,0x00,0x00,0x00,0x00,0x00,0x00,0x00,0x00,0x00,0x00,0x00,0x00,0x00,0x00,0x00,0x00,0x00,0x00,0x00,0x00,0x00,0x00,0x00,0x00,0x00,0x00,0x00,0x00,0x00,0x00,0x00,0x00,0x00,0x00,0x00,0x00,0x00,0x00,
    0x00,0x00,0x00,0x00,0x00,0x00,0x00,0x00,0x00,0x00,0x00,0x00,0x00,0x00,0x00,0x00,0x00,0x00,0x00,0x00,0x00,0x00,0x00,0x00,0x00,0x00,0x00,0x00,0x00,0x00,0x00,0x00,0x00,0x00,0x00,0x00,0x00,0x00,0x00,0x00,0x00,0x00,0x00,0x00,0x00,0x00,0x00,0x00,0x00,0x03,0x00,0x5d,0x04,0x10,0x87,0x87,0x7c,0x78,0x78,0x78,0x78,0x78,0x78,0x78,0x78,0x78,0x78,0x76,0x7d,0xb5,0x7d,0x76,0x78,0x78,0x78,0x78,0x7a,0x76,0x87,0xc0,0x7f,0x76,0x7d,0x7a,0x78,0x78,0x78,0x78,0x78,0x78,0x78,0x7a,0x7c,0x7d,0x7d,0x07,0x78,0x1b,0x00,0x03,0x00,0x00,0x00,0x00,0x00,0x00,0x00,0x00,0x00,0x00,0x00,0x00,0x00,0x00,0x00,0x00,0x00,0x00,0x00,0x00,0x00,0x00,0x00,0x00,0x00,0x00,0x00,0x00,0x00,0x00,0x00,0x00,0x00,0x00,0x00,0x00,0x00,0x00,0x00,0x00,0x00,0x00,0x00,0x00,
    0x00,0x00,0x00,0x00,0x00,0x00,0x00,0x00,0x00,0x00,0x00,0x00,0x00,0x00,0x00,0x00,0x00,0x00,0x00,0x00,0x00,0x00,0x00,0x00,0x00,0x00,0x00,0x00,0x00,0x00,0x00,0x00,0x00,0x00,0x00,0x00,0x00,0x00,0x00,0x00,0x00,0x00,0x00,0x00,0x00,0x00,0x00,0x00,0x00,0x00,0x00,0x03,0x1f,0x7d,0x10,0x7d,0x7a,0x78,0x78,0x78,0x78,0x78,0x78,0x78,0x78,0x78,0x78,0x76,0x87,0xd3,0x87,0x76,0x7d,0x7a,0x78,0x78,0x7c,0x7c,0x85,0xc3,0xa5,0x85,0x7a,0x78,0x78,0x78,0x78,0x78,0x78,0x78,0x78,0x78,0x78,0x78,0x7a,0x7a,0x54,0x0d,0x02,0x02,0x00,0x00,0x00,0x00,0x00,0x00,0x00,0x00,0x00,0x00,0x00,0x00,0x00,0x00,0x00,0x00,0x00,0x00,0x00,0x00,0x00,0x00,0x00,0x00,0x00,0x00,0x00,0x00,0x00,0x00,0x00,0x00,0x00,0x00,0x00,0x00,0x00,0x00,0x00,0x00,0x00,0x00,0x00,0x00,
    0x00,0x00,0x00,0x00,0x00,0x00,0x00,0x00,0x00,0x00,0x00,0x00,0x00,0x00,0x00,0x00,0x00,0x00,0x00,0x00,0x00,0x00,0x00,0x00,0x00,0x00,0x00,0x00,0x00,0x00,0x00,0x00,0x00,0x00,0x00,0x00,0x00,0x00,0x00,0x00,0x00,0x00,0x00,0x00,0x00,0x00,0x00,0x00,0x00,0x00,0x03,0x00,0x22,0x7d,0x54,0x7c,0x7a,0x78,0x78,0x78,0x78,0x7a,0x7c,0x76,0x7a,0x7a,0x78,0x78,0x7a,0xea,0x87,0x76,0x7c,0x7a,0x78,0x78,0x7c,0x7d,0x85,0xbf,0x9a,0x85,0x7a,0x78,0x78,0x78,0x78,0x78,0x78,0x78,0x78,0x78,0x78,0x78,0x07,0x7a,0x22,0x00,0x03,0x00,0x00,0x00,0x00,0x00,0x00,0x00,0x00,0x00,0x00,0x00,0x00,0x00,0x00,0x00,0x00,0x00,0x00,0x00,0x00,0x00,0x00,0x00,0x00,0x00,0x00,0x00,0x00,0x00,0x00,0x00,0x00,0x00,0x00,0x00,0x00,0x00,0x00,0x00,0x00,0x00,0x00,0x00,0x00,0x00,
    0x00,0x00,0x00,0x00,0x00,0x00,0x00,0x00,0x00,0x00,0x00,0x00,0x00,0x00,0x00,0x00,0x00,0x00,0x00,0x00,0x00,0x00,0x00,0x00,0x00,0x00,0x00,0x00,0x00,0x00,0x00,0x00,0x00,0x00,0x00,0x00,0x00,0x00,0x00,0x00,0x00,0x00,0x00,0x00,0x00,0x00,0x00,0x00,0x00,0x00,0x03,0x00,0x5d,0x7a,0x10,0x7c,0x78,0x78,0x78,0x78,0x7c,0x87,0x7c,0x78,0x7a,0x7a,0x78,0x78,0x7c,0xa8,0x7a,0x78,0x76,0x78,0x78,0x78,0x78,0x78,0x85,0xa5,0xa0,0x85,0x7a,0x78,0x78,0x78,0x78,0x78,0x78,0x78,0x78,0x78,0x78,0x04,0x04,0x54,0x11,0x02,0x01,0x00,0x00,0x00,0x00,0x00,0x00,0x00,0x00,0x00,0x00,0x00,0x00,0x00,0x00,0x00,0x00,0x00,0x00,0x00,0x00,0x00,0x00,0x00,0x00,0x00,0x00,0x00,0x00,0x00,0x00,0x00,0x00,0x00,0x00,0x00,0x00,0x00,0x00,0x00,0x00,0x00,0x00,0x00,0x00,0x00,
    0x00,0x00,0x00,0x00,0x00,0x00,0x00,0x00,0x00,0x00,0x00,0x00,0x00,0x00,0x00,0x00,0x00,0x00,0x00,0x00,0x00,0x00,0x00,0x00,0x00,0x00,0x00,0x00,0x00,0x00,0x00,0x00,0x00,0x00,0x00,0x00,0x00,0x00,0x00,0x00,0x00,0x00,0x00,0x00,0x00,0x00,0x00,0x00,0x00,0x00,0x02,0x01,0x0f,0x0a,0x7d,0x7d,0x76,0x78,0x78,0x7a,0x87,0x7c,0x76,0x78,0x78,0x78,0x78,0x78,0x85,0x9a,0x7a,0x7c,0x7c,0x7a,0x78,0x7a,0x7d,0x87,0x7d,0x9a,0xa0,0x76,0x78,0x78,0x78,0x78,0x78,0x78,0x78,0x78,0x78,0x78,0x78,0x54,0x7a,0x22,0x00,0x03,0x00,0x00,0x00,0x00,0x00,0x00,0x00,0x00,0x00,0x00,0x00,0x00,0x00,0x00,0x00,0x00,0x00,0x00,0x00,0x00,0x00,0x00,0x00,0x00,0x00,0x00,0x00,0x00,0x00,0x00,0x00,0x00,0x00,0x00,0x00,0x00,0x00,0x00,0x00,0x00,0x00,0x00,0x00,0x00,0x00,0x00,
    0x00,0x00,0x00,0x00,0x00,0x00,0x00,0x00,0x00,0x00,0x00,0x00,0x00,0x00,0x00,0x00,0x00,0x00,0x00,0x00,0x00,0x00,0x00,0x00,0x00,0x00,0x00,0x00,0x00,0x00,0x00,0x00,0x00,0x00,0x00,0x00,0x00,0x00,0x00,0x00,0x00,0x00,0x00,0x00,0x00,0x00,0x00,0x00,0x00,0x00,0x00,0x03,0x00,0x1b,0x7c,0x54,0x7d,0x7d,0x7d,0x7c,0x7a,0x78,0x78,0x78,0x78,0x78,0x78,0x78,0x78,0x7d,0x7c,0x7a,0x7a,0x78,0x78,0x7c,0x7d,0x87,0x7d,0x78,0x7c,0x7d,0x78,0x78,0x78,0x78,0x78,0x78,0x78,0x78,0x78,0x78,0x04,0x7a,0x0a,0x03,0x01,0x00,0x00,0x00,0x00,0x00,0x00,0x00,0x00,0x00,0x00,0x00,0x00,0x00,0x00,0x00,0x00,0x00,0x00,0x00,0x00,0x00,0x00,0x00,0x00,0x00,0x00,0x00,0x00,0x00,0x00,0x00,0x00,0x00,0x00,0x00,0x00,0x00,0x00,0x00,0x00,0x00,0x00,0x00,0x00,0x00,0x00,0x00,
    0x00,0x00,0x00,0x00,0x00,0x00,0x00,0x00,0x00,0x00,0x00,0x00,0x00,0x00,0x00,0x00,0x00,0x00,0x00,0x00,0x00,0x00,0x00,0x00,0x00,0x00,0x00,0x00,0x00,0x00,0x00,0x00,0x00,0x00,0x00,0x00,0x00,0x00,0x00,0x00,0x00,0x00,0x00,0x00,0x00,0x00,0x00,0x00,0x00,0x00,0x00,0x00,0x03,0x02,0x0b,0x7d,0x10,0x87,0x7d,0x78,0x78,0x78,0x78,0x78,0x78,0x78,0x78,0x78,0x78,0x76,0x78,0x78,0x7a,0x7c,0x7c,0x78,0x7c,0x7c,0x78,0x78,0x7c,0x7a,0x78,0x78,0x78,0x78,0x78,0x78,0x78,0x78,0x78,0x04,0x07,0x0b,0x15,0x00,0x01,0x00,0x00,0x00,0x00,0x00,0x00,0x00,0x00,0x00,0x00,0x00,0x00,0x00,0x00,0x00,0x00,0x00,0x00,0x00,0x00,0x00,0x00,0x00,0x00,0x00,0x00,0x00,0x00,0x00,0x00,0x00,0x00,0x00,0x00,0x00,0x00,0x00,0x00,0x00,0x00,0x00,0x00,0x00,0x00,0x00,0x00,0x00,
    0x00,0x00,0x00,0x00,0x00,0x00,0x00,0x00,0x00,0x00,0x00,0x00,0x00,0x00,0x00,0x00,0x00,0x00,0x00,0x00,0x00,0x00,0x00,0x00,0x00,0x00,0x00,0x00,0x00,0x00,0x00,0x00,0x00,0x00,0x00,0x00,0x00,0x00,0x00,0x00,0x00,0x00,0x00,0x00,0x00,0x00,0x00,0x00,0x00,0x00,0x00,0x00,0x02,0x00,0x11,0x0b,0x54,0x7c,0x78,0x78,0x78,0x78,0x78,0x78,0x78,0x78,0x78,0x78,0x78,0x78,0x78,0x78,0x7a,0x7c,0x7d,0x7a,0x78,0x78,0x78,0x78,0x76,0x78,0x78,0x78,0x78,0x78,0x78,0x78,0x78,0x78,0x07,0x7a,0x3b,0x00,0x00,0x02,0x00,0x00,0x00,0x00,0x00,0x00,0x00,0x00,0x00,0x00,0x00,0x00,0x00,0x00,0x00,0x00,0x00,0x00,0x00,0x00,0x00,0x00,0x00,0x00,0x00,0x00,0x00,0x00,0x00,0x00,0x00,0x00,0x00,0x00,0x00,0x00,0x00,0x00,0x00,0x00,0x00,0x00,0x00,0x00,0x00,0x00,0x00,0x00,
    0x00,0x00,0x00,0x00,0x00,0x00,0x00,0x00,0x00,0x00,0x00,0x00,0x00,0x00,0x00,0x00,0x00,0x00,0x00,0x00,0x00,0x00,0x00,0x00,0x00,0x00,0x00,0x00,0x00,0x00,0x00,0x00,0x00,0x00,0x00,0x00,0x00,0x00,0x00,0x00,0x00,0x00,0x00,0x00,0x00,0x00,0x00,0x00,0x00,0x00,0x00,0x00,0x00,0x02,0x00,0x0f,0x1e,0x78,0x04,0x78,0x78,0x78,0x78,0x78,0x78,0x78,0x78,0x78,0x78,0x78,0x78,0x78,0x78,0x7a,0x7a,0x7c,0x7a,0x78,0x78,0x78,0x7a,0x78,0x78,0x78,0x78,0x78,0x78,0x78,0x78,0x78,0x07,0x7a,0x22,0x01,0x0f,0x00,0x00,0x00,0x00,0x00,0x00,0x00,0x00,0x00,0x00,0x00,0x00,0x00,0x00,0x00,0x00,0x00,0x00,0x00,0x00,0x00,0x00,0x00,0x00,0x00,0x00,0x00,0x00,0x00,0x00,0x00,0x00,0x00,0x00,0x00,0x00,0x00,0x00,0x00,0x00,0x00,0x00,0x00,0x00,0x00,0x00,0x00,0x00,0x00,
    0x00,0x00,0x00,0x00,0x00,0x00,0x00,0x00,0x00,0x00,0x00,0x00,0x00,0x00,0x00,0x00,0x00,0x00,0x00,0x00,0x00,0x00,0x00,0x00,0x00,0x00,0x00,0x00,0x00,0x00,0x00,0x00,0x00,0x00,0x00,0x00,0x00,0x00,0x00,0x00,0x00,0x00,0x00,0x00,0x00,0x00,0x00,0x00,0x00,0x00,0x00,0x00,0x00,0x03,0x01,0x46,0x78,0x04,0x78,0x78,0x78,0x78,0x78,0x78,0x78,0x78,0x78,0x78,0x78,0x78,0x78,0x7c,0x7c,0x7c,0x7d,0x7c,0x7c,0x76,0x7a,0x7c,0x7d,0x7d,0x7a,0x78,0x78,0x78,0x78,0x78,0x78,0x78,0x04,0x78,0x1f,0x0f,0x02,0x02,0x00,0x00,0x00,0x00,0x00,0x00,0x00,0x00,0x00,0x00,0x00,0x00,0x00,0x00,0x00,0x00,0x00,0x00,0x00,0x00,0x00,0x00,0x00,0x00,0x00,0x00,0x00,0x00,0x00,0x00,0x00,0x00,0x00,0x00,0x00,0x00,0x00,0x00,0x00,0x00,0x00,0x00,0x00,0x00,0x00,0x00,0x00,0x00,
    0x00,0x00,0x00,0x00,0x00,0x00,0x00,0x00,0x00,0x00,0x00,0x00,0x00,0x00,0x00,0x00,0x00,0x00,0x00,0x00,0x00,0x00,0x00,0x00,0x00,0x00,0x00,0x00,0x00,0x00,0x00,0x00,0x00,0x00,0x00,0x00,0x00,0x00,0x00,0x00,0x00,0x00,0x00,0x00,0x00,0x00,0x00,0x00,0x00,0x00,0x00,0x00,0x00,0x03,0x00,0x09,0x7a,0x07,0x76,0x78,0x78,0x78,0x78,0x78,0x78,0x78,0x78,0x78,0x78,0x78,0x78,0x7c,0x7c,0x7a,0x7c,0x7a,0x78,0x78,0x7c,0x7a,0x7d,0x87,0x7a,0x78,0x78,0x78,0x78,0x78,0x78,0x78,0x78,0x04,0x04,0x3c,0x00,0x03,0x00,0x00,0x00,0x00,0x00,0x00,0x00,0x00,0x00,0x00,0x00,0x00,0x00,0x00,0x00,0x00,0x00,0x00,0x00,0x00,0x00,0x00,0x00,0x00,0x00,0x00,0x00,0x00,0x00,0x00,0x00,0x00,0x00,0x00,0x00,0x00,0x00,0x00,0x00,0x00,0x00,0x00,0x00,0x00,0x00,0x00,0x00,0x00,
    0x00,0x00,0x00,0x00,0x00,0x00,0x00,0x00,0x00,0x00,0x00,0x00,0x00,0x00,0x00,0x00,0x00,0x00,0x00,0x00,0x00,0x00,0x00,0x00,0x00,0x00,0x00,0x00,0x00,0x00,0x00,0x00,0x00,0x00,0x00,0x00,0x00,0x00,0x00,0x00,0x00,0x00,0x00,0x00,0x00,0x00,0x00,0x00,0x00,0x00,0x00,0x00,0x00,0x00,0x0f,0x1f,0x7d,0x7d,0x7c,0x78,0x78,0x78,0x78,0x7a,0x78,0x78,0x78,0x78,0x78,0x78,0x78,0x78,0x78,0x78,0x78,0x78,0x78,0x78,0x78,0x78,0x7a,0x78,0x78,0x78,0x78,0x78,0x78,0x78,0x78,0x78,0x78,0x07,0x78,0x1b,0x02,0x03,0x00,0x00,0x00,0x00,0x00,0x00,0x00,0x00,0x00,0x00,0x00,0x00,0x00,0x00,0x00,0x00,0x00,0x00,0x00,0x00,0x00,0x00,0x00,0x00,0x00,0x00,0x00,0x00,0x00,0x00,0x00,0x00,0x00,0x00,0x00,0x00,0x00,0x00,0x00,0x00,0x00,0x00,0x00,0x00,0x00,0x00,0x00,0x00,
    0x00,0x00,0x00,0x00,0x00,0x00,0x00,0x00,0x00,0x00,0x00,0x00,0x00,0x00,0x00,0x00,0x00,0x00,0x00,0x00,0x00,0x00,0x00,0x00,0x00,0x00,0x00,0x00,0x00,0x00,0x00,0x00,0x00,0x00,0x00,0x00,0x00,0x00,0x00,0x00,0x00,0x00,0x00,0x00,0x00,0x00,0x00,0x00,0x00,0x00,0x00,0x00,0x03,0x00,0x46,0x7c,0x10,0x87,0x7c,0x78,0x78,0x78,0x78,0x78,0x78,0x78,0x78,0x78,0x78,0x78,0x78,0x78,0x78,0x78,0x78,0x78,0x78,0x78,0x78,0x78,0x78,0x78,0x78,0x78,0x78,0x78,0x78,0x78,0x78,0x78,0x78,0x07,0x7a,0x09,0x00,0x03,0x00,0x00,0x00,0x00,0x00,0x00,0x00,0x00,0x00,0x00,0x00,0x00,0x00,0x00,0x00,0x00,0x00,0x00,0x00,0x00,0x00,0x00,0x00,0x00,0x00,0x00,0x00,0x00,0x00,0x00,0x00,0x00,0x00,0x00,0x00,0x00,0x00,0x00,0x00,0x00,0x00,0x00,0x00,0x00,0x00,0x00,0x00,0x00,
    0x00,0x00,0x00,0x00,0x00,0x00,0x00,0x00,0x00,0x00,0x00,0x00,0x00,0x00,0x00,0x00,0x00,0x00,0x00,0x00,0x00,0x00,0x00,0x00,0x00,0x00,0x00,0x00,0x00,0x00,0x00,0x00,0x00,0x00,0x00,0x00,0x00,0x00,0x00,0x00,0x00,0x00,0x00,0x00,0x00,0x00,0x00,0x00,0x00,0x00,0x00,0x00,0x03,0x00,0x22,0x7d,0x10,0x7a,0x7a,0x78,0x78,0x78,0x78,0x78,0x78,0x78,0x78,0x78,0x78,0x78,0x78,0x78,0x7a,0x7c,0x78,0x78,0x78,0x78,0x78,0x78,0x78,0x78,0x78,0x78,0x78,0x78,0x78,0x78,0x78,0x78,0x78,0x04,0x7a,0x0a,0x0f,0x01,0x02,0x00,0x00,0x00,0x00,0x00,0x00,0x00,0x00,0x00,0x00,0x00,0x00,0x00,0x00,0x00,0x00,0x00,0x00,0x00,0x00,0x00,0x00,0x00,0x00,0x00,0x00,0x00,0x00,0x00,0x00,0x00,0x00,0x00,0x00,0x00,0x00,0x00,0x00,0x00,0x00,0x00,0x00,0x00,0x00,0x00,0x00,0x00,
    0x00,0x00,0x00,0x00,0x00,0x00,0x00,0x00,0x00,0x00,0x00,0x00,0x00,0x00,0x00,0x00,0x00,0x00,0x00,0x00,0x00,0x00,0x00,0x00,0x00,0x00,0x00,0x00,0x00,0x00,0x00,0x00,0x00,0x00,0x00,0x00,0x00,0x00,0x00,0x00,0x00,0x00,0x00,0x00,0x00,0x00,0x00,0x00,0x00,0x00,0x00,0x00,0x01,0x0f,0x0a,0x7c,0x07,0x78,0x78,0x78,0x78,0x78,0x78,0x78,0x78,0x78,0x78,0x78,0x78,0x78,0x78,0x78,0x7c,0x87,0x7c,0x78,0x7a,0x78,0x78,0x78,0x78,0x78,0x78,0x78,0x78,0x78,0x78,0x78,0x78,0x78,0x78,0x78,0x78,0x76,0x15,0x00,0x01,0x00,0x00,0x00,0x00,0x00,0x00,0x00,0x00,0x00,0x00,0x00,0x00,0x00,0x00,0x00,0x00,0x00,0x00,0x00,0x00,0x00,0x00,0x00,0x00,0x00,0x00,0x00,0x00,0x00,0x00,0x00,0x00,0x00,0x00,0x00,0x00,0x00,0x00,0x00,0x00,0x00,0x00,0x00,0x00,0x00,0x00,0x00,
    0x00,0x00,0x00,0x00,0x00,0x00,0x00,0x00,0x00,0x00,0x00,0x00,0x00,0x00,0x00,0x00,0x00,0x00,0x00,0x00,0x00,0x00,0x00,0x00,0x00,0x00,0x00,0x00,0x00,0x00,0x00,0x00,0x00,0x00,0x00,0x00,0x00,0x00,0x00,0x00,0x00,0x00,0x00,0x00,0x00,0x00,0x00,0x00,0x00,0x00,0x00,0x02,0x00,0x0d,0x54,0x7c,0x7d,0x7a,0x78,0x78,0x78,0x78,0x78,0x78,0x78,0x78,0x78,0x78,0x78,0x78,0x78,0x78,0x78,0x7c,0x7a,0x7a,0x7a,0x78,0x78,0x78,0x78,0x78,0x78,0x78,0x78,0x78,0x78,0x78,0x78,0x78,0x78,0x78,0x78,0x04,0x15,0x00,0x01,0x00,0x00,0x00,0x00,0x00,0x00,0x00,0x00,0x00,0x00,0x00,0x00,0x00,0x00,0x00,0x00,0x00,0x00,0x00,0x00,0x00,0x00,0x00,0x00,0x00,0x00,0x00,0x00,0x00,0x00,0x00,0x00,0x00,0x00,0x00,0x00,0x00,0x00,0x00,0x00,0x00,0x00,0x00,0x00,0x00,0x00,0x00,
    0x00,0x00,0x00,0x00,0x00,0x00,0x00,0x00,0x00,0x00,0x00,0x00,0x00,0x00,0x00,0x00,0x00,0x00,0x00,0x00,0x00,0x00,0x00,0x00,0x00,0x00,0x00,0x00,0x00,0x00,0x00,0x00,0x00,0x00,0x00,0x00,0x00,0x00,0x00,0x00,0x00,0x00,0x00,0x00,0x00,0x00,0x00,0x00,0x00,0x00,0x00,0x02,0x00,0x0d,0x1e,0x7a,0x7d,0x7c,0x78,0x78,0x78,0x78,0x78,0x78,0x78,0x78,0x78,0x78,0x78,0x78,0x78,0x78,0x78,0x78,0x78,0x78,0x78,0x78,0x78,0x78,0x78,0x78,0x78,0x78,0x78,0x78,0x78,0x78,0x78,0x78,0x78,0x78,0x78,0x76,0x15,0x00,0x01,0x00,0x00,0x00,0x00,0x00,0x00,0x00,0x00,0x00,0x00,0x00,0x00,0x00,0x00,0x00,0x00,0x00,0x00,0x00,0x00,0x00,0x00,0x00,0x00,0x00,0x00,0x00,0x00,0x00,0x00,0x00,0x00,0x00,0x00,0x00,0x00,0x00,0x00,0x00,0x00,0x00,0x00,0x00,0x00,0x00,0x00,0x00,
    0x00,0x00,0x00,0x00,0x00,0x00,0x00,0x00,0x00,0x00,0x00,0x00,0x00,0x00,0x00,0x00,0x00,0x00,0x00,0x00,0x00,0x00,0x00,0x00,0x00,0x00,0x00,0x00,0x00,0x00,0x00,0x00,0x00,0x00,0x00,0x00,0x00,0x00,0x00,0x00,0x00,0x00,0x00,0x00,0x00,0x00,0x00,0x00,0x00,0x00,0x00,0x02,0x02,0x0d,0x1f,0x04,0x04,0x78,0x78,0x78,0x78,0x78,0x78,0x78,0x78,0x78,0x78,0x78,0x78,0x78,0x78,0x78,0x78,0x78,0x78,0x78,0x78,0x78,0x78,0x78,0x78,0x78,0x78,0x78,0x78,0x78,0x78,0x78,0x78,0x78,0x78,0x04,0x7a,0x1f,0x0d,0x02,0x02,0x00,0x00,0x00,0x00,0x00,0x00,0x00,0x00,0x00,0x00,0x00,0x00,0x00,0x00,0x00,0x00,0x00,0x00,0x00,0x00,0x00,0x00,0x00,0x00,0x00,0x00,0x00,0x00,0x00,0x00,0x00,0x00,0x00,0x00,0x00,0x00,0x00,0x00,0x00,0x00,0x00,0x00,0x00,0x00,0x00,0x00,0x00,
    0x00,0x00,0x00,0x00,0x00,0x00,0x00,0x00,0x00,0x00,0x00,0x00,0x00,0x00,0x00,0x00,0x00,0x00,0x00,0x00,0x00,0x00,0x00,0x00,0x00,0x00,0x00,0x00,0x00,0x00,0x00,0x00,0x00,0x00,0x00,0x00,0x00,0x00,0x00,0x00,0x00,0x00,0x00,0x00,0x00,0x00,0x00,0x00,0x00,0x00,0x00,0x00,0x03,0x00,0x09,0x7a,0x07,0x78,0x78,0x78,0x78,0x78,0x78,0x78,0x78,0x78,0x78,0x78,0x78,0x7a,0x78,0x78,0x78,0x78,0x78,0x78,0x78,0x78,0x78,0x78,0x78,0x78,0x78,0x78,0x78,0x78,0x78,0x78,0x78,0x78,0x78,0x07,0x04,0x66,0x00,0x03,0x00,0x00,0x00,0x00,0x00,0x00,0x00,0x00,0x00,0x00,0x00,0x00,0x00,0x00,0x00,0x00,0x00,0x00,0x00,0x00,0x00,0x00,0x00,0x00,0x00,0x00,0x00,0x00,0x00,0x00,0x00,0x00,0x00,0x00,0x00,0x00,0x00,0x00,0x00,0x00,0x00,0x00,0x00,0x00,0x00,0x00,0x00,0x00,
    0x00,0x00,0x00,0x00,0x00,0x00,0x00,0x00,0x00,0x00,0x00,0x00,0x00,0x00,0x00,0x00,0x00,0x00,0x00,0x00,0x00,0x00,0x00,0x00,0x00,0x00,0x00,0x00,0x00,0x00,0x00,0x00,0x00,0x00,0x00,0x00,0x00,0x00,0x00,0x00,0x00,0x00,0x00,0x00,0x00,0x00,0x00,0x00,0x00,0x00,0x00,0x00,0x02,0x00,0x11,0x1f,0x04,0x04,0x78,0x78,0x78,0x78,0x78,0x78,0x78,0x78,0x78,0x78,0x78,0x7c,0x7a,0x7a,0x78,0x78,0x78,0x78,0x78,0x78,0x78,0x78,0x78,0x78,0x78,0x78,0x78,0x78,0x78,0x78,0x78,0x78,0x04,0x78,0x1e,0x0d,0x02,0x02,0x00,0x00,0x00,0x00,0x00,0x00,0x00,0x00,0x00,0x00,0x00,0x00,0x00,0x00,0x00,0x00,0x00,0x00,0x00,0x00,0x00,0x00,0x00,0x00,0x00,0x00,0x00,0x00,0x00,0x00,0x00,0x00,0x00,0x00,0x00,0x00,0x00,0x00,0x00,0x00,0x00,0x00,0x00,0x00,0x00,0x00,0x00,0x00,
    0x00,0x00,0x00,0x00,0x00,0x00,0x00,0x00,0x00,0x00,0x00,0x00,0x00,0x00,0x00,0x00,0x00,0x00,0x00,0x00,0x00,0x00,0x00,0x00,0x00,0x00,0x00,0x00,0x00,0x00,0x00,0x00,0x00,0x00,0x00,0x00,0x00,0x00,0x00,0x00,0x00,0x00,0x00,0x00,0x00,0x00,0x00,0x00,0x00,0x00,0x00,0x00,0x00,0x00,0x00,0x0a,0x7a,0x04,0x78,0x78,0x78,0x78,0x78,0x78,0x78,0x78,0x78,0x78,0x78,0x78,0x78,0x78,0x78,0x78,0x78,0x78,0x78,0x78,0x78,0x78,0x78,0x78,0x78,0x78,0x78,0x78,0x78,0x78,0x78,0x78,0x04,0x78,0x1e,0x0d,0x00,0x02,0x00,0x00,0x00,0x00,0x00,0x00,0x00,0x00,0x00,0x00,0x00,0x00,0x00,0x00,0x00,0x00,0x00,0x00,0x00,0x00,0x00,0x00,0x00,0x00,0x00,0x00,0x00,0x00,0x00,0x00,0x00,0x00,0x00,0x00,0x00,0x00,0x00,0x00,0x00,0x00,0x00,0x00,0x00,0x00,0x00,0x00,0x00,0x00,
    0x00,0x00,0x00,0x00,0x00,0x00,0x00,0x00,0x00,0x00,0x00,0x00,0x00,0x00,0x00,0x00,0x00,0x00,0x00,0x00,0x00,0x00,0x00,0x00,0x00,0x00,0x00,0x00,0x00,0x00,0x00,0x00,0x00,0x00,0x00,0x00,0x00,0x00,0x00,0x00,0x00,0x00,0x00,0x00,0x00,0x00,0x00,0x00,0x00,0x00,0x00,0x00,0x00,0x00,0x02,0x0a,0x04,0x04,0x7c,0x7a,0x7a,0x78,0x78,0x78,0x78,0x78,0x78,0x78,0x78,0x78,0x78,0x78,0x78,0x78,0x78,0x7a,0x78,0x78,0x78,0x78,0x78,0x7a,0x78,0x78,0x78,0x78,0x78,0x78,0x78,0x78,0x04,0x04,0x1e,0x0d,0x00,0x02,0x00,0x00,0x00,0x00,0x00,0x00,0x00,0x00,0x00,0x00,0x00,0x00,0x00,0x00,0x00,0x00,0x00,0x00,0x00,0x00,0x00,0x00,0x00,0x00,0x00,0x00,0x00,0x00,0x00,0x00,0x00,0x00,0x00,0x00,0x00,0x00,0x00,0x00,0x00,0x00,0x00,0x00,0x00,0x00,0x00,0x00,0x00,0x00,
    0x00,0x00,0x00,0x00,0x00,0x00,0x00,0x00,0x00,0x00,0x00,0x00,0x00,0x00,0x00,0x00,0x00,0x00,0x00,0x00,0x00,0x00,0x00,0x00,0x00,0x00,0x00,0x00,0x00,0x00,0x00,0x00,0x00,0x00,0x00,0x00,0x00,0x00,0x00,0x00,0x00,0x00,0x00,0x00,0x00,0x00,0x00,0x00,0x00,0x00,0x00,0x00,0x00,0x00,0x00,0x1f,0x7a,0x54,0x10,0x04,0x7c,0x7c,0x7a,0x7a,0x7c,0x7a,0x7c,0x7c,0x7a,0x7a,0x7c,0x78,0x78,0x78,0x78,0x78,0x78,0x78,0x78,0x78,0x78,0x78,0x78,0x78,0x7a,0x7a,0x7c,0x7c,0x04,0x07,0x07,0x78,0x1f,0x0f,0x02,0x02,0x00,0x00,0x00,0x00,0x00,0x00,0x00,0x00,0x00,0x00,0x00,0x00,0x00,0x00,0x00,0x00,0x00,0x00,0x00,0x00,0x00,0x00,0x00,0x00,0x00,0x00,0x00,0x00,0x00,0x00,0x00,0x00,0x00,0x00,0x00,0x00,0x00,0x00,0x00,0x00,0x00,0x00,0x00,0x00,0x00,0x00,0x00,0x00,
    0x00,0x00,0x00,0x00,0x00,0x00,0x00,0x00,0x00,0x00,0x00,0x00,0x00,0x00,0x00,0x00,0x00,0x00,0x00,0x00,0x00,0x00,0x00,0x00,0x00,0x00,0x00,0x00,0x00,0x00,0x00,0x00,0x00,0x00,0x00,0x00,0x00,0x00,0x00,0x00,0x00,0x00,0x00,0x00,0x00,0x00,0x00,0x00,0x00,0x00,0x00,0x00,0x00,0x01,0x02,0x1b,0x1e,0x7a,0x7c,0x78,0x7f,0x7f,0x7f,0x85,0x7a,0x7d,0x87,0x87,0x87,0x7d,0x87,0x87,0x7c,0x7a,0x04,0x7a,0x7c,0x7c,0x7c,0x7c,0x7c,0x7a,0x7a,0x76,0x85,0x7f,0x7f,0x7f,0x76,0x7a,0x7a,0x1e,0x1b,0x00,0x03,0x00,0x00,0x00,0x00,0x00,0x00,0x00,0x00,0x00,0x00,0x00,0x00,0x00,0x00,0x00,0x00,0x00,0x00,0x00,0x00,0x00,0x00,0x00,0x00,0x00,0x00,0x00,0x00,0x00,0x00,0x00,0x00,0x00,0x00,0x00,0x00,0x00,0x00,0x00,0x00,0x00,0x00,0x00,0x00,0x00,0x00,0x00,0x00,0x00,
    0x00,0x00,0x00,0x00,0x00,0x00,0x00,0x00,0x00,0x00,0x00,0x00,0x00,0x00,0x00,0x00,0x00,0x00,0x00,0x00,0x00,0x00,0x00,0x00,0x00,0x00,0x00,0x00,0x00,0x00,0x00,0x00,0x00,0x00,0x00,0x00,0x00,0x00,0x00,0x00,0x00,0x00,0x00,0x00,0x00,0x00,0x00,0x00,0x00,0x00,0x00,0x00,0x00,0x00,0x02,0x00,0x11,0x3c,0x09,0x0b,0xdf,0xae,0xde,0xdf,0xca,0x87,0x7c,0x78,0x76,0x7f,0x7f,0x7f,0x85,0x7d,0x7d,0x7a,0x78,0x78,0x85,0x85,0x7f,0x7f,0x85,0x7c,0xa7,0xca,0xdf,0xde,0x0a,0x0b,0x46,0x11,0x00,0x02,0x00,0x00,0x00,0x00,0x00,0x00,0x00,0x00,0x00,0x00,0x00,0x00,0x00,0x00,0x00,0x00,0x00,0x00,0x00,0x00,0x00,0x00,0x00,0x00,0x00,0x00,0x00,0x00,0x00,0x00,0x00,0x00,0x00,0x00,0x00,0x00,0x00,0x00,0x00,0x00,0x00,0x00,0x00,0x00,0x00,0x00,0x00,0x00,0x00,0x00,
    0x00,0x00,0x00,0x00,0x00,0x00,0x00,0x00,0x00,0x00,0x00,0x00,0x00,0x00,0x00,0x00,0x00,0x00,0x00,0x00,0x00,0x00,0x00,0x00,0x00,0x00,0x00,0x00,0x00,0x00,0x00,0x00,0x00,0x00,0x00,0x00,0x00,0x00,0x00,0x00,0x00,0x00,0x00,0x00,0x00,0x00,0x00,0x00,0x00,0x00,0x00,0x00,0x00,0x00,0x00,0x01,0x00,0x00,0x0d,0x69,0x63,0xd6,0xc2,0xc2,0xfd,0x63,0xd0,0x62,0xf1,0xec,0xae,0xae,0xae,0xa7,0x0a,0xca,0xdf,0xdf,0xde,0xde,0xae,0xec,0x62,0xd0,0xfd,0xc2,0xc2,0x63,0x73,0x46,0x00,0x00,0x01,0x00,0x00,0x00,0x00,0x00,0x00,0x00,0x00,0x00,0x00,0x00,0x00,0x00,0x00,0x00,0x00,0x00,0x00,0x00,0x00,0x00,0x00,0x00,0x00,0x00,0x00,0x00,0x00,0x00,0x00,0x00,0x00,0x00,0x00,0x00,0x00,0x00,0x00,0x00,0x00,0x00,0x00,0x00,0x00,0x00,0x00,0x00,0x00,0x00,0x00,0x00,
    0x00,0x00,0x00,0x00,0x00,0x00,0x00,0x00,0x00,0x00,0x00,0x00,0x00,0x00,0x00,0x00,0x00,0x00,0x00,0x00,0x00,0x00,0x00,0x00,0x00,0x00,0x00,0x00,0x00,0x00,0x00,0x00,0x00,0x00,0x00,0x00,0x00,0x00,0x00,0x00,0x00,0x00,0x00,0x00,0x00,0x00,0x00,0x00,0x00,0x00,0x00,0x00,0x00,0x00,0x00,0x00,0x02,0x03,0x00,0x2d,0x73,0xfd,0xc2,0xd1,0xb1,0x9b,0x79,0xab,0x9b,0xd1,0xd6,0xd6,0xd6,0x2b,0x6b,0x62,0xfd,0xfd,0xc2,0xd1,0x9b,0xc6,0xab,0xc1,0xd1,0xc2,0xc2,0xd0,0x33,0x0c,0x01,0x01,0x00,0x00,0x00,0x00,0x00,0x00,0x00,0x00,0x00,0x00,0x00,0x00,0x00,0x00,0x00,0x00,0x00,0x00,0x00,0x00,0x00,0x00,0x00,0x00,0x00,0x00,0x00,0x00,0x00,0x00,0x00,0x00,0x00,0x00,0x00,0x00,0x00,0x00,0x00,0x00,0x00,0x00,0x00,0x00,0x00,0x00,0x00,0x00,0x00,0x00,0x00,0x00,
    0x00,0x00,0x00,0x00,0x00,0x00,0x00,0x00,0x00,0x00,0x00,0x00,0x00,0x00,0x00,0x00,0x00,0x00,0x00,0x00,0x00,0x00,0x00,0x00,0x00,0x00,0x00,0x00,0x00,0x00,0x00,0x00,0x00,0x00,0x00,0x00,0x00,0x00,0x00,0x00,0x00,0x00,0x00,0x00,0x00,0x00,0x00,0x00,0x00,0x00,0x00,0x00,0x00,0x00,0x00,0x00,0x00,0x05,0x02,0x2d,0x36,0xd6,0xc1,0x8e,0x84,0x84,0x82,0x84,0x79,0x8e,0xc1,0xd6,0x62,0x59,0x33,0x63,0xc2,0xd1,0x88,0x82,0x7e,0x7e,0x88,0x8e,0x8c,0x82,0xd1,0x6a,0x34,0x0f,0x00,0x00,0x00,0x00,0x00,0x00,0x00,0x00,0x00,0x00,0x00,0x00,0x00,0x00,0x00,0x00,0x00,0x00,0x00,0x00,0x00,0x00,0x00,0x00,0x00,0x00,0x00,0x00,0x00,0x00,0x00,0x00,0x00,0x00,0x00,0x00,0x00,0x00,0x00,0x00,0x00,0x00,0x00,0x00,0x00,0x00,0x00,0x00,0x00,0x00,0x00,0x00,0x00,0x00,
    0x00,0x00,0x00,0x00,0x00,0x00,0x00,0x00,0x00,0x00,0x00,0x00,0x00,0x00,0x00,0x00,0x00,0x00,0x00,0x00,0x00,0x00,0x00,0x00,0x00,0x00,0x00,0x00,0x00,0x00,0x00,0x00,0x00,0x00,0x00,0x00,0x00,0x00,0x00,0x00,0x00,0x00,0x00,0x00,0x00,0x00,0x00,0x00,0x00,0x00,0x00,0x00,0x00,0x00,0x00,0x00,0x00,0x06,0x00,0x25,0x59,0xac,0x91,0x88,0x84,0x84,0x84,0x88,0x88,0x88,0x82,0x8c,0x16,0x33,0x4c,0x6a,0xad,0x91,0x82,0x7e,0x7e,0x7e,0x7e,0x7e,0x7e,0x82,0x8e,0x41,0x13,0x00,0x05,0x00,0x00,0x00,0x00,0x00,0x00,0x00,0x00,0x00,0x00,0x00,0x00,0x00,0x00,0x00,0x00,0x00,0x00,0x00,0x00,0x00,0x00,0x00,0x00,0x00,0x00,0x00,0x00,0x00,0x00,0x00,0x00,0x00,0x00,0x00,0x00,0x00,0x00,0x00,0x00,0x00,0x00,0x00,0x00,0x00,0x00,0x00,0x00,0x00,0x00,0x00,0x00,0x00,
    0x00,0x00,0x00,0x00,0x00,0x00,0x00,0x00,0x00,0x00,0x00,0x00,0x00,0x00,0x00,0x00,0x00,0x00,0x00,0x00,0x00,0x00,0x00,0x00,0x00,0x00,0x00,0x00,0x00,0x00,0x00,0x00,0x00,0x00,0x00,0x00,0x00,0x00,0x00,0x00,0x00,0x00,0x00,0x00,0x00,0x00,0x00,0x00,0x00,0x00,0x00,0x00,0x00,0x00,0x00,0x00,0x00,0x06,0x00,0x25,0x35,0x57,0x8e,0x82,0x82,0x82,0x7e,0x7e,0x7e,0x7e,0x88,0x8e,0x95,0x2f,0x13,0x2b,0x95,0x79,0x82,0x82,0x82,0x82,0x82,0x7e,0x7e,0x7e,0x08,0x32,0x1a,0x00,0x05,0x00,0x00,0x00,0x00,0x00,0x00,0x00,0x00,0x00,0x00,0x00,0x00,0x00,0x00,0x00,0x00,0x00,0x00,0x00,0x00,0x00,0x00,0x00,0x00,0x00,0x00,0x00,0x00,0x00,0x00,0x00,0x00,0x00,0x00,0x00,0x00,0x00,0x00,0x00,0x00,0x00,0x00,0x00,0x00,0x00,0x00,0x00,0x00,0x00,0x00,0x00,0x00,0x00,
    0x00,0x00,0x00,0x00,0x00,0x00,0x00,0x00,0x00,0x00,0x00,0x00,0x00,0x00,0x00,0x00,0x00,0x00,0x00,0x00,0x00,0x00,0x00,0x00,0x00,0x00,0x00,0x00,0x00,0x00,0x00,0x00,0x00,0x00,0x00,0x00,0x00,0x00,0x00,0x00,0x00,0x00,0x00,0x00,0x00,0x00,0x00,0x00,0x00,0x00,0x00,0x00,0x00,0x00,0x00,0x00,0x00,0x00,0x0c,0x31,0x24,0x53,0x8c,0x82,0x88,0x7e,0x7e,0x7e,0x7e,0x7e,0x88,0x88,0x53,0x13,0x2d,0x50,0x91,0x82,0x84,0x82,0x7e,0x88,0x7e,0x7e,0x9b,0x82,0xac,0x49,0x23,0x00,0x01,0x00,0x00,0x00,0x00,0x00,0x00,0x00,0x00,0x00,0x00,0x00,0x00,0x00,0x00,0x00,0x00,0x00,0x00,0x00,0x00,0x00,0x00,0x00,0x00,0x00,0x00,0x00,0x00,0x00,0x00,0x00,0x00,0x00,0x00,0x00,0x00,0x00,0x00,0x00,0x00,0x00,0x00,0x00,0x00,0x00,0x00,0x00,0x00,0x00,0x00,0x00,0x00,0x00,
    0x00,0x00,0x00,0x00,0x00,0x00,0x00,0x00,0x00,0x00,0x00,0x00,0x00,0x00,0x00,0x00,0x00,0x00,0x00,0x00,0x00,0x00,0x00,0x00,0x00,0x00,0x00,0x00,0x00,0x00,0x00,0x00,0x00,0x00,0x00,0x00,0x00,0x00,0x00,0x00,0x00,0x00,0x00,0x00,0x00,0x00,0x00,0x00,0x00,0x00,0x00,0x00,0x00,0x00,0x00,0x00,0x00,0x00,0x01,0x00,0x42,0x47,0x82,0x82,0x88,0x7e,0x7e,0x7e,0x7e,0x9b,0x84,0x95,0x41,0x42,0x2d,0x3a,0x88,0x84,0x84,0x82,0x7e,0x7e,0x7e,0x7e,0x88,0x82,0xa9,0x35,0x25,0x00,0x01,0x00,0x00,0x00,0x00,0x00,0x00,0x00,0x00,0x00,0x00,0x00,0x00,0x00,0x00,0x00,0x00,0x00,0x00,0x00,0x00,0x00,0x00,0x00,0x00,0x00,0x00,0x00,0x00,0x00,0x00,0x00,0x00,0x00,0x00,0x00,0x00,0x00,0x00,0x00,0x00,0x00,0x00,0x00,0x00,0x00,0x00,0x00,0x00,0x00,0x00,0x00,0x00,0x00,
    0x00,0x00,0x00,0x00,0x00,0x00,0x00,0x00,0x00,0x00,0x00,0x00,0x00,0x00,0x00,0x00,0x00,0x00,0x00,0x00,0x00,0x00,0x00,0x00,0x00,0x00,0x00,0x00,0x00,0x00,0x00,0x00,0x00,0x00,0x00,0x00,0x00,0x00,0x00,0x00,0x00,0x00,0x00,0x00,0x00,0x00,0x00,0x00,0x00,0x00,0x00,0x00,0x00,0x00,0x00,0x00,0x00,0x00,0x05,0x00,0x3d,0x2b,0xa4,0x8c,0x88,0x84,0x88,0x88,0x88,0x7e,0x84,0x7e,0x40,0x4c,0x31,0x2d,0xac,0x8c,0x88,0x7e,0x7e,0x7e,0x7e,0x7e,0x88,0xa2,0x1d,0x39,0x00,0x00,0x00,0x00,0x00,0x00,0x00,0x00,0x00,0x00,0x00,0x00,0x00,0x00,0x00,0x00,0x00,0x00,0x00,0x00,0x00,0x00,0x00,0x00,0x00,0x00,0x00,0x00,0x00,0x00,0x00,0x00,0x00,0x00,0x00,0x00,0x00,0x00,0x00,0x00,0x00,0x00,0x00,0x00,0x00,0x00,0x00,0x00,0x00,0x00,0x00,0x00,0x00,0x00,0x00,0x00,
    0x00,0x00,0x00,0x00,0x00,0x00,0x00,0x00,0x00,0x00,0x00,0x00,0x00,0x00,0x00,0x00,0x00,0x00,0x00,0x00,0x00,0x00,0x00,0x00,0x00,0x00,0x00,0x00,0x00,0x00,0x00,0x00,0x00,0x00,0x00,0x00,0x00,0x00,0x00,0x00,0x00,0x00,0x00,0x00,0x00,0x00,0x00,0x00,0x00,0x00,0x00,0x00,0x00,0x00,0x00,0x00,0x00,0x00,0x05,0x00,0x3d,0x3a,0x95,0x79,0x82,0x84,0x84,0x84,0x84,0x84,0x8e,0x08,0x3a,0x13,0x00,0x13,0x95,0x79,0x88,0x7e,0x7e,0x7e,0x88,0x82,0x84,0x95,0x57,0x24,0x06,0x01,0x00,0x00,0x00,0x00,0x00,0x00,0x00,0x00,0x00,0x00,0x00,0x00,0x00,0x00,0x00,0x00,0x00,0x00,0x00,0x00,0x00,0x00,0x00,0x00,0x00,0x00,0x00,0x00,0x00,0x00,0x00,0x00,0x00,0x00,0x00,0x00,0x00,0x00,0x00,0x00,0x00,0x00,0x00,0x00,0x00,0x00,0x00,0x00,0x00,0x00,0x00,0x00,0x00,0x00,
    0x00,0x00,0x00,0x00,0x00,0x00,0x00,0x00,0x00,0x00,0x00,0x00,0x00,0x00,0x00,0x00,0x00,0x00,0x00,0x00,0x00,0x00,0x00,0x00,0x00,0x00,0x00,0x00,0x00,0x00,0x00,0x00,0x00,0x00,0x00,0x00,0x00,0x00,0x00,0x00,0x00,0x00,0x00,0x00,0x00,0x00,0x00,0x00,0x00,0x00,0x00,0x00,0x00,0x00,0x00,0x00,0x00,0x00,0x01,0x00,0x1a,0x24,0xa3,0x84,0x84,0x84,0x84,0x84,0x84,0x88,0x8c,0xa9,0x49,0x23,0x31,0x67,0xa4,0x7e,0x7e,0x7e,0x7e,0x88,0x84,0x82,0x8e,0x08,0x2b,0x3d,0x00,0x05,0x00,0x00,0x00,0x00,0x00,0x00,0x00,0x00,0x00,0x00,0x00,0x00,0x00,0x00,0x00,0x00,0x00,0x00,0x00,0x00,0x00,0x00,0x00,0x00,0x00,0x00,0x00,0x00,0x00,0x00,0x00,0x00,0x00,0x00,0x00,0x00,0x00,0x00,0x00,0x00,0x00,0x00,0x00,0x00,0x00,0x00,0x00,0x00,0x00,0x00,0x00,0x00,0x00,0x00,
    0x00,0x00,0x00,0x00,0x00,0x00,0x00,0x00,0x00,0x00,0x00,0x00,0x00,0x00,0x00,0x00,0x00,0x00,0x00,0x00,0x00,0x00,0x00,0x00,0x00,0x00,0x00,0x00,0x00,0x00,0x00,0x00,0x00,0x00,0x00,0x00,0x00,0x00,0x00,0x00,0x00,0x00,0x00,0x00,0x00,0x00,0x00,0x00,0x00,0x00,0x00,0x00,0x00,0x00,0x00,0x00,0x00,0x00,0x00,0x00,0x25,0x27,0x1d,0x79,0x84,0x84,0x84,0x84,0x88,0x7e,0x9b,0x08,0x56,0x3f,0x00,0x17,0x5a,0x79,0x88,0x88,0x82,0x84,0x84,0x88,0x88,0x08,0x2b,0x42,0x00,0x0c,0x00,0x00,0x00,0x00,0x00,0x00,0x00,0x00,0x00,0x00,0x00,0x00,0x00,0x00,0x00,0x00,0x00,0x00,0x00,0x00,0x00,0x00,0x00,0x00,0x00,0x00,0x00,0x00,0x00,0x00,0x00,0x00,0x00,0x00,0x00,0x00,0x00,0x00,0x00,0x00,0x00,0x00,0x00,0x00,0x00,0x00,0x00,0x00,0x00,0x00,0x00,0x00,0x00,0x00,
    0x00,0x00,0x00,0x00,0x00,0x00,0x00,0x00,0x00,0x00,0x00,0x00,0x00,0x00,0x00,0x00,0x00,0x00,0x00,0x00,0x00,0x00,0x00,0x00,0x00,0x00,0x00,0x00,0x00,0x00,0x00,0x00,0x00,0x00,0x00,0x00,0x00,0x00,0x00,0x00,0x00,0x00,0x00,0x00,0x00,0x00,0x00,0x00,0x00,0x00,0x00,0x00,0x00,0x00,0x00,0x00,0x00,0x00,0x05,0x00,0x3d,0x3a,0x95,0x82,0x82,0x84,0x84,0x82,0x7e,0x7e,0x7e,0x12,0x39,0x1c,0x00,0x4c,0x65,0xa2,0x88,0x88,0x84,0x84,0x88,0x7e,0x7e,0x9b,0x50,0x3d,0x00,0x0c,0x00,0x00,0x00,0x00,0x00,0x00,0x00,0x00,0x00,0x00,0x00,0x00,0x00,0x00,0x00,0x00,0x00,0x00,0x00,0x00,0x00,0x00,0x00,0x00,0x00,0x00,0x00,0x00,0x00,0x00,0x00,0x00,0x00,0x00,0x00,0x00,0x00,0x00,0x00,0x00,0x00,0x00,0x00,0x00,0x00,0x00,0x00,0x00,0x00,0x00,0x00,0x00,0x00,0x00,
    0x00,0x00,0x00,0x00,0x00,0x00,0x00,0x00,0x00,0x00,0x00,0x00,0x00,0x00,0x00,0x00,0x00,0x00,0x00,0x00,0x00,0x00,0x00,0x00,0x00,0x00,0x00,0x00,0x00,0x00,0x00,0x00,0x00,0x00,0x00,0x00,0x00,0x00,0x00,0x00,0x00,0x00,0x00,0x00,0x00,0x00,0x00,0x00,0x00,0x00,0x00,0x00,0x00,0x00,0x00,0x00,0x00,0x00,0x05,0x00,0x3d,0x36,0xa4,0x8c,0x88,0x84,0x84,0x84,0x7e,0x7e,0x8e,0x57,0x39,0x06,0x00,0x4c,0x53,0x08,0x79,0x82,0x88,0x88,0x88,0x7e,0x7e,0x8c,0x57,0x23,0x00,0x06,0x00,0x00,0x00,0x00,0x00,0x00,0x00,0x00,0x00,0x00,0x00,0x00,0x00,0x00,0x00,0x00,0x00,0x00,0x00,0x00,0x00,0x00,0x00,0x00,0x00,0x00,0x00,0x00,0x00,0x00,0x00,0x00,0x00,0x00,0x00,0x00,0x00,0x00,0x00,0x00,0x00,0x00,0x00,0x00,0x00,0x00,0x00,0x00,0x00,0x00,0x00,0x00,0x00,0x00,
    0x00,0x00,0x00,0x00,0x00,0x00,0x00,0x00,0x00,0x00,0x00,0x00,0x00,0x00,0x00,0x00,0x00,0x00,0x00,0x00,0x00,0x00,0x00,0x00,0x00,0x00,0x00,0x00,0x00,0x00,0x00,0x00,0x00,0x00,0x00,0x00,0x00,0x00,0x00,0x00,0x00,0x00,0x00,0x00,0x00,0x00,0x00,0x00,0x00,0x00,0x00,0x00,0x00,0x00,0x00,0x00,0x00,0x00,0x05,0x00,0x3d,0x2b,0xac,0x8c,0x88,0x84,0x84,0x84,0x88,0x8e,0x08,0x4b,0x13,0x05,0x00,0x1a,0x36,0xac,0x8c,0x88,0x84,0x82,0x84,0x84,0x82,0x79,0xcd,0x51,0x03,0x06,0x00,0x00,0x00,0x00,0x00,0x00,0x00,0x00,0x00,0x00,0x00,0x00,0x00,0x00,0x00,0x00,0x00,0x00,0x00,0x00,0x00,0x00,0x00,0x00,0x00,0x00,0x00,0x00,0x00,0x00,0x00,0x00,0x00,0x00,0x00,0x00,0x00,0x00,0x00,0x00,0x00,0x00,0x00,0x00,0x00,0x00,0x00,0x00,0x00,0x00,0x00,0x00,0x00,0x00,
    0x00,0x00,0x00,0x00,0x00,0x00,0x00,0x00,0x00,0x00,0x00,0x00,0x00,0x00,0x00,0x00,0x00,0x00,0x00,0x00,0x00,0x00,0x00,0x00,0x00,0x00,0x00,0x00,0x00,0x00,0x00,0x00,0x00,0x00,0x00,0x00,0x00,0x00,0x00,0x00,0x00,0x00,0x00,0x00,0x00,0x00,0x00,0x00,0x00,0x00,0x00,0x00,0x00,0x00,0x00,0x00,0x00,0x00,0x05,0x00,0x42,0x50,0x9b,0x84,0x82,0x84,0x82,0x84,0x84,0x8e,0x08,0x36,0x3d,0x00,0x00,0x3f,0x3a,0x79,0x84,0x88,0x82,0x84,0x82,0x84,0x84,0x7e,0xa4,0x2b,0x11,0x00,0x01,0x00,0x00,0x00,0x00,0x00,0x00,0x00,0x00,0x00,0x00,0x00,0x00,0x00,0x00,0x00,0x00,0x00,0x00,0x00,0x00,0x00,0x00,0x00,0x00,0x00,0x00,0x00,0x00,0x00,0x00,0x00,0x00,0x00,0x00,0x00,0x00,0x00,0x00,0x00,0x00,0x00,0x00,0x00,0x00,0x00,0x00,0x00,0x00,0x00,0x00,0x00,0x00,0x00,
    0x00,0x00,0x00,0x00,0x00,0x00,0x00,0x00,0x00,0x00,0x00,0x00,0x00,0x00,0x00,0x00,0x00,0x00,0x00,0x00,0x00,0x00,0x00,0x00,0x00,0x00,0x00,0x00,0x00,0x00,0x00,0x00,0x00,0x00,0x00,0x00,0x00,0x00,0x00,0x00,0x00,0x00,0x00,0x00,0x00,0x00,0x00,0x00,0x00,0x00,0x00,0x00,0x00,0x00,0x00,0x00,0x00,0x00,0x01,0x00,0x17,0x08,0x8c,0x88,0x84,0x88,0x82,0x84,0x82,0x84,0x7e,0x50,0x13,0x00,0x01,0x23,0x28,0xa4,0x84,0x84,0x84,0x84,0x84,0x84,0x84,0x82,0x8e,0x35,0x11,0x00,0x01,0x00,0x00,0x00,0x00,0x00,0x00,0x00,0x00,0x00,0x00,0x00,0x00,0x00,0x00,0x00,0x00,0x00,0x00,0x00,0x00,0x00,0x00,0x00,0x00,0x00,0x00,0x00,0x00,0x00,0x00,0x00,0x00,0x00,0x00,0x00,0x00,0x00,0x00,0x00,0x00,0x00,0x00,0x00,0x00,0x00,0x00,0x00,0x00,0x00,0x00,0x00,0x00,0x00,
    0x00,0x00,0x00,0x00,0x00,0x00,0x00,0x00,0x00,0x00,0x00,0x00,0x00,0x00,0x00,0x00,0x00,0x00,0x00,0x00,0x00,0x00,0x00,0x00,0x00,0x00,0x00,0x00,0x00,0x00,0x00,0x00,0x00,0x00,0x00,0x00,0x00,0x00,0x00,0x00,0x00,0x00,0x00,0x00,0x00,0x00,0x00,0x00,0x00,0x00,0x00,0x00,0x00,0x00,0x00,0x00,0x00,0x00,0x01,0x06,0x1b,0x5a,0x8c,0x88,0x88,0x88,0x84,0x84,0x82,0x8e,0xa9,0x35,0x23,0x00,0x00,0x1c,0x39,0x12,0x91,0x82,0x84,0x84,0x84,0x84,0x84,0x88,0xa2,0x56,0x11,0x00,0x01,0x00,0x00,0x00,0x00,0x00,0x00,0x00,0x00,0x00,0x00,0x00,0x00,0x00,0x00,0x00,0x00,0x00,0x00,0x00,0x00,0x00,0x00,0x00,0x00,0x00,0x00,0x00,0x00,0x00,0x00,0x00,0x00,0x00,0x00,0x00,0x00,0x00,0x00,0x00,0x00,0x00,0x00,0x00,0x00,0x00,0x00,0x00,0x00,0x00,0x00,0x00,0x00,0x00,
    0x00,0x00,0x00,0x00,0x00,0x00,0x00,0x00,0x00,0x00,0x00,0x00,0x00,0x00,0x00,0x00,0x00,0x00,0x00,0x00,0x00,0x00,0x00,0x00,0x00,0x00,0x00,0x00,0x00,0x00,0x00,0x00,0x00,0x00,0x00,0x00,0x00,0x00,0x00,0x00,0x00,0x00,0x00,0x00,0x00,0x00,0x00,0x00,0x00,0x00,0x00,0x00,0x00,0x00,0x00,0x00,0x00,0x00,0x01,0x00,0x46,0x40,0x7e,0x7e,0x82,0x82,0x84,0x84,0x82,0x8e,0x1d,0x2b,0x25,0x00,0x00,0x31,0x69,0x12,0x91,0x88,0x84,0x84,0x84,0x82,0x7e,0x88,0x08,0x68,0x0d,0x01,0x01,0x00,0x00,0x00,0x00,0x00,0x00,0x00,0x00,0x00,0x00,0x00,0x00,0x00,0x00,0x00,0x00,0x00,0x00,0x00,0x00,0x00,0x00,0x00,0x00,0x00,0x00,0x00,0x00,0x00,0x00,0x00,0x00,0x00,0x00,0x00,0x00,0x00,0x00,0x00,0x00,0x00,0x00,0x00,0x00,0x00,0x00,0x00,0x00,0x00,0x00,0x00,0x00,0x00,
    0x00,0x00,0x00,0x00,0x00,0x00,0x00,0x00,0x00,0x00,0x00,0x00,0x00,0x00,0x00,0x00,0x00,0x00,0x00,0x00,0x00,0x00,0x00,0x00,0x00,0x00,0x00,0x00,0x00,0x00,0x00,0x00,0x00,0x00,0x00,0x00,0x00,0x00,0x00,0x00,0x00,0x00,0x00,0x00,0x00,0x00,0x00,0x00,0x00,0x00,0x00,0x00,0x00,0x00,0x00,0x00,0x00,0x02,0x02,0x11,0x0b,0x29,0x8c,0x84,0x84,0x84,0x82,0x82,0x88,0xa2,0xcd,0x6e,0x0c,0x01,0x02,0x00,0x3b,0x12,0x96,0x84,0x84,0x82,0x82,0x88,0x82,0x96,0xb8,0x1f,0x15,0x00,0x01,0x00,0x00,0x00,0x00,0x00,0x00,0x00,0x00,0x00,0x00,0x00,0x00,0x00,0x00,0x00,0x00,0x00,0x00,0x00,0x00,0x00,0x00,0x00,0x00,0x00,0x00,0x00,0x00,0x00,0x00,0x00,0x00,0x00,0x00,0x00,0x00,0x00,0x00,0x00,0x00,0x00,0x00,0x00,0x00,0x00,0x00,0x00,0x00,0x00,0x00,0x00,0x00,0x00,
    0x00,0x00,0x00,0x00,0x00,0x00,0x00,0x00,0x00,0x00,0x00,0x00,0x00,0x00,0x00,0x00,0x00,0x00,0x00,0x00,0x00,0x00,0x00,0x00,0x00,0x00,0x00,0x00,0x00,0x00,0x00,0x00,0x00,0x00,0x00,0x00,0x00,0x00,0x00,0x00,0x00,0x00,0x00,0x00,0x00,0x00,0x00,0x00,0x00,0x00,0x00,0x00,0x00,0x00,0x00,0x00,0x00,0x03,0x00,0x0b,0x85,0x10,0x1d,0x95,0x7e,0x79,0x8c,0x8e,0x7e,0x7e,0x29,0x7f,0x3b,0x00,0x00,0x46,0x04,0xbb,0xa4,0x95,0x7e,0x7e,0x95,0x95,0x95,0xa9,0xde,0x7f,0x1f,0x11,0x02,0x02,0x00,0x00,0x00,0x00,0x00,0x00,0x00,0x00,0x00,0x00,0x00,0x00,0x00,0x00,0x00,0x00,0x00,0x00,0x00,0x00,0x00,0x00,0x00,0x00,0x00,0x00,0x00,0x00,0x00,0x00,0x00,0x00,0x00,0x00,0x00,0x00,0x00,0x00,0x00,0x00,0x00,0x00,0x00,0x00,0x00,0x00,0x00,0x00,0x00,0x00,0x00,0x00,
    0x00,0x00,0x00,0x00,0x00,0x00,0x00,0x00,0x00,0x00,0x00,0x00,0x00,0x00,0x00,0x00,0x00,0x00,0x00,0x00,0x00,0x00,0x00,0x00,0x00,0x00,0x00,0x00,0x00,0x00,0x00,0x00,0x00,0x00,0x00,0x00,0x00,0x00,0x00,0x00,0x00,0x00,0x00,0x00,0x00,0x00,0x00,0x00,0x00,0x00,0x00,0x00,0x00,0x00,0x00,0x00,0x02,0x02,0x0d,0x1e,0x04,0x78,0x85,0xa7,0xbb,0xda,0xda,0xda,0xbb,0xa7,0x07,0x7a,0x0a,0x03,0x00,0x09,0x7a,0x07,0x7d,0xca,0xbb,0xbb,0xbb,0xca,0xca,0x7a,0x7f,0x54,0x78,0x66,0x00,0x03,0x00,0x00,0x00,0x00,0x00,0x00,0x00,0x00,0x00,0x00,0x00,0x00,0x00,0x00,0x00,0x00,0x00,0x00,0x00,0x00,0x00,0x00,0x00,0x00,0x00,0x00,0x00,0x00,0x00,0x00,0x00,0x00,0x00,0x00,0x00,0x00,0x00,0x00,0x00,0x00,0x00,0x00,0x00,0x00,0x00,0x00,0x00,0x00,0x00,0x00,0x00,0x00,
    0x00,0x00,0x00,0x00,0x00,0x00,0x00,0x00,0x00,0x00,0x00,0x00,0x00,0x00,0x00,0x00,0x00,0x00,0x00,0x00,0x00,0x00,0x00,0x00,0x00,0x00,0x00,0x00,0x00,0x00,0x00,0x00,0x00,0x00,0x00,0x00,0x00,0x00,0x00,0x00,0x00,0x00,0x00,0x00,0x00,0x00,0x00,0x00,0x00,0x00,0x00,0x00,0x00,0x00,0x00,0x00,0x03,0x00,0x1b,0x7d,0x7d,0x7a,0x7a,0x78,0x76,0x85,0x7f,0x7f,0x7f,0x85,0x78,0x78,0x07,0x11,0x03,0x0a,0x78,0x04,0x76,0x78,0x76,0x76,0x76,0x85,0x85,0x78,0x7a,0x07,0x7a,0x09,0x00,0x03,0x00,0x00,0x00,0x00,0x00,0x00,0x00,0x00,0x00,0x00,0x00,0x00,0x00,0x00,0x00,0x00,0x00,0x00,0x00,0x00,0x00,0x00,0x00,0x00,0x00,0x00,0x00,0x00,0x00,0x00,0x00,0x00,0x00,0x00,0x00,0x00,0x00,0x00,0x00,0x00,0x00,0x00,0x00,0x00,0x00,0x00,0x00,0x00,0x00,0x00,0x00,0x00,
    0x00,0x00,0x00,0x00,0x00,0x00,0x00,0x00,0x00,0x00,0x00,0x00,0x00,0x00,0x00,0x00,0x00,0x00,0x00,0x00,0x00,0x00,0x00,0x00,0x00,0x00,0x00,0x00,0x00,0x00,0x00,0x00,0x00,0x00,0x00,0x00,0x00,0x00,0x00,0x00,0x00,0x00,0x00,0x00,0x00,0x00,0x00,0x00,0x00,0x00,0x00,0x00,0x00,0x00,0x00,0x00,0x03,0x00,0x3b,0x7c,0x54,0x7c,0x7c,0x7a,0x7a,0x7a,0x7a,0x7a,0x7a,0x7a,0x78,0x78,0x78,0x11,0x0f,0x04,0x78,0x7a,0x7a,0x7a,0x7a,0x7a,0x7a,0x7a,0x7a,0x7a,0x7a,0x07,0x7a,0x09,0x00,0x03,0x00,0x00,0x00,0x00,0x00,0x00,0x00,0x00,0x00,0x00,0x00,0x00,0x00,0x00,0x00,0x00,0x00,0x00,0x00,0x00,0x00,0x00,0x00,0x00,0x00,0x00,0x00,0x00,0x00,0x00,0x00,0x00,0x00,0x00,0x00,0x00,0x00,0x00,0x00,0x00,0x00,0x00,0x00,0x00,0x00,0x00,0x00,0x00,0x00,0x00,0x00,0x00,
    0x00,0x00,0x00,0x00,0x00,0x00,0x00,0x00,0x00,0x00,0x00,0x00,0x00,0x00,0x00,0x00,0x00,0x00,0x00,0x00,0x00,0x00,0x00,0x00,0x00,0x00,0x00,0x00,0x00,0x00,0x00,0x00,0x00,0x00,0x00,0x00,0x00,0x00,0x00,0x00,0x00,0x00,0x00,0x00,0x00,0x00,0x00,0x00,0x00,0x00,0x00,0x00,0x00,0x00,0x00,0x00,0x03,0x00,0x5d,0x78,0x78,0x76,0x76,0x7a,0x7a,0x78,0x78,0x78,0x7a,0x7a,0x78,0x78,0x76,0x15,0x03,0x0a,0x78,0x04,0x78,0x7a,0x7a,0x78,0x78,0x7a,0x7a,0x78,0x76,0x07,0x7a,0x09,0x00,0x03,0x00,0x00,0x00,0x00,0x00,0x00,0x00,0x00,0x00,0x00,0x00,0x00,0x00,0x00,0x00,0x00,0x00,0x00,0x00,0x00,0x00,0x00,0x00,0x00,0x00,0x00,0x00,0x00,0x00,0x00,0x00,0x00,0x00,0x00,0x00,0x00,0x00,0x00,0x00,0x00,0x00,0x00,0x00,0x00,0x00,0x00,0x00,0x00,0x00,0x00,0x00,0x00,
    0x00,0x00,0x00,0x00,0x00,0x00,0x00,0x00,0x00,0x00,0x00,0x00,0x00,0x00,0x00,0x00,0x00,0x00,0x00,0x00,0x00,0x00,0x00,0x00,0x00,0x00,0x00,0x00,0x00,0x00,0x00,0x00,0x00,0x00,0x00,0x00,0x00,0x00,0x00,0x00,0x00,0x00,0x00,0x00,0x00,0x00,0x00,0x00,0x00,0x00,0x00,0x00,0x00,0x00,0x00,0x00,0x01,0x00,0x11,0x78,0x78,0x7a,0x7d,0x7f,0x85,0x78,0x7c,0x76,0x7f,0x85,0x7d,0x7c,0x0a,0x0d,0x00,0x09,0x7a,0x07,0x76,0x7f,0x85,0x7a,0x7a,0x85,0x7f,0x7d,0x87,0x07,0x7a,0x09,0x00,0x03,0x00,0x00,0x00,0x00,0x00,0x00,0x00,0x00,0x00,0x00,0x00,0x00,0x00,0x00,0x00,0x00,0x00,0x00,0x00,0x00,0x00,0x00,0x00,0x00,0x00,0x00,0x00,0x00,0x00,0x00,0x00,0x00,0x00,0x00,0x00,0x00,0x00,0x00,0x00,0x00,0x00,0x00,0x00,0x00,0x00,0x00,0x00,0x00,0x00,0x00,0x00,0x00,
    0x00,0x00,0x00,0x00,0x00,0x00,0x00,0x00,0x00,0x00,0x00,0x00,0x00,0x00,0x00,0x00,0x00,0x00,0x00,0x00,0x00,0x00,0x00,0x00,0x00,0x00,0x00,0x00,0x00,0x00,0x00,0x00,0x00,0x00,0x00,0x00,0x00,0x00,0x00,0x00,0x00,0x00,0x00,0x00,0x00,0x00,0x00,0x00,0x00,0x00,0x00,0x00,0x00,0x00,0x00,0x00,0x01,0x00,0x15,0x78,0x85,0xa7,0xd3,0xa5,0x9a,0x76,0x7f,0x87,0x9a,0xc0,0xd3,0x7c,0x0b,0x00,0x00,0x09,0x7f,0xf0,0xc3,0x9a,0xa0,0x7f,0x7f,0x9a,0xa8,0xb5,0xc0,0x76,0x7c,0x09,0x00,0x03,0x00,0x00,0x00,0x00,0x00,0x00,0x00,0x00,0x00,0x00,0x00,0x00,0x00,0x00,0x00,0x00,0x00,0x00,0x00,0x00,0x00,0x00,0x00,0x00,0x00,0x00,0x00,0x00,0x00,0x00,0x00,0x00,0x00,0x00,0x00,0x00,0x00,0x00,0x00,0x00,0x00,0x00,0x00,0x00,0x00,0x00,0x00,0x00,0x00,0x00,0x00,0x00,
    0x00,0x00,0x00,0x00,0x00,0x00,0x00,0x00,0x00,0x00,0x00,0x00,0x00,0x00,0x00,0x00,0x00,0x00,0x00,0x00,0x00,0x00,0x00,0x00,0x00,0x00,0x00,0x00,0x00,0x00,0x00,0x00,0x00,0x00,0x00,0x00,0x00,0x00,0x00,0x00,0x00,0x00,0x00,0x00,0x00,0x00,0x00,0x00,0x00,0x00,0x00,0x00,0x00,0x00,0x00,0x00,0x01,0x00,0x15,0x76,0x76,0x7d,0xa7,0xa8,0xb5,0xc3,0xc3,0xd3,0xb2,0xbf,0xa5,0x78,0x0b,0x02,0x00,0x09,0x85,0x9a,0xa8,0xa8,0xb5,0xb5,0xc3,0xc3,0xbf,0x9a,0xa0,0x07,0x7a,0x09,0x00,0x03,0x00,0x00,0x00,0x00,0x00,0x00,0x00,0x00,0x00,0x00,0x00,0x00,0x00,0x00,0x00,0x00,0x00,0x00,0x00,0x00,0x00,0x00,0x00,0x00,0x00,0x00,0x00,0x00,0x00,0x00,0x00,0x00,0x00,0x00,0x00,0x00,0x00,0x00,0x00,0x00,0x00,0x00,0x00,0x00,0x00,0x00,0x00,0x00,0x00,0x00,0x00,0x00,
    0x00,0x00,0x00,0x00,0x00,0x00,0x00,0x00,0x00,0x00,0x00,0x00,0x00,0x00,0x00,0x00,0x00,0x00,0x00,0x00,0x00,0x00,0x00,0x00,0x00,0x00,0x00,0x00,0x00,0x00,0x00,0x00,0x00,0x00,0x00,0x00,0x00,0x00,0x00,0x00,0x00,0x00,0x00,0x00,0x00,0x00,0x00,0x00,0x00,0x00,0x00,0x00,0x00,0x00,0x00,0x00,0x01,0x00,0x15,0x78,0x78,0x7a,0x7f,0x87,0xb2,0xb5,0xc0,0xc3,0xa8,0xa7,0x07,0x78,0x0b,0x00,0x00,0x09,0x7c,0x04,0x7f,0x9a,0xb5,0xc0,0xb2,0xb5,0x9a,0x87,0x7a,0x07,0x7a,0x09,0x00,0x03,0x00,0x00,0x00,0x00,0x00,0x00,0x00,0x00,0x00,0x00,0x00,0x00,0x00,0x00,0x00,0x00,0x00,0x00,0x00,0x00,0x00,0x00,0x00,0x00,0x00,0x00,0x00,0x00,0x00,0x00,0x00,0x00,0x00,0x00,0x00,0x00,0x00,0x00,0x00,0x00,0x00,0x00,0x00,0x00,0x00,0x00,0x00,0x00,0x00,0x00,0x00,0x00,
    0x00,0x00,0x00,0x00,0x00,0x00,0x00,0x00,0x00,0x00,0x00,0x00,0x00,0x00,0x00,0x00,0x00,0x00,0x00,0x00,0x00,0x00,0x00,0x00,0x00,0x00,0x00,0x00,0x00,0x00,0x00,0x00,0x00,0x00,0x00,0x00,0x00,0x00,0x00,0x00,0x00,0x00,0x00,0x00,0x00,0x00,0x00,0x00,0x00,0x00,0x00,0x00,0x00,0x00,0x00,0x00,0x01,0x00,0x15,0x78,0x7a,0x7c,0xb2,0xdb,0xbf,0x85,0x7f,0x7d,0xea,0xdb,0x9a,0x85,0x0b,0x02,0x00,0x09,0x7a,0xa7,0xdb,0xd3,0xa5,0x7f,0x7f,0x9a,0xd3,0xc3,0x7d,0x07,0x7a,0x09,0x00,0x03,0x00,0x00,0x00,0x00,0x00,0x00,0x00,0x00,0x00,0x00,0x00,0x00,0x00,0x00,0x00,0x00,0x00,0x00,0x00,0x00,0x00,0x00,0x00,0x00,0x00,0x00,0x00,0x00,0x00,0x00,0x00,0x00,0x00,0x00,0x00,0x00,0x00,0x00,0x00,0x00,0x00,0x00,0x00,0x00,0x00,0x00,0x00,0x00,0x00,0x00,0x00,0x00,
    0x00,0x00,0x00,0x00,0x00,0x00,0x00,0x00,0x00,0x00,0x00,0x00,0x00,0x00,0x00,0x00,0x00,0x00,0x00,0x00,0x00,0x00,0x00,0x00,0x00,0x00,0x00,0x00,0x00,0x00,0x00,0x00,0x00,0x00,0x00,0x00,0x00,0x00,0x00,0x00,0x00,0x00,0x00,0x00,0x00,0x00,0x00,0x00,0x00,0x00,0x00,0x00,0x00,0x00,0x00,0x00,0x01,0x00,0x15,0x78,0x78,0x7c,0xa5,0xa8,0xb5,0xa5,0x7d,0xc0,0xb2,0xa5,0xa7,0x76,0x0b,0x00,0x00,0x09,0x7a,0xa7,0xa5,0xa8,0xc0,0xa0,0xa5,0xd3,0xbf,0x9a,0x87,0x07,0x7a,0x22,0x00,0x03,0x00,0x00,0x00,0x00,0x00,0x00,0x00,0x00,0x00,0x00,0x00,0x00,0x00,0x00,0x00,0x00,0x00,0x00,0x00,0x00,0x00,0x00,0x00,0x00,0x00,0x00,0x00,0x00,0x00,0x00,0x00,0x00,0x00,0x00,0x00,0x00,0x00,0x00,0x00,0x00,0x00,0x00,0x00,0x00,0x00,0x00,0x00,0x00,0x00,0x00,0x00,0x00,
    0x00,0x00,0x00,0x00,0x00,0x00,0x00,0x00,0x00,0x00,0x00,0x00,0x00,0x00,0x00,0x00,0x00,0x00,0x00,0x00,0x00,0x00,0x00,0x00,0x00,0x00,0x00,0x00,0x00,0x00,0x00,0x00,0x00,0x00,0x00,0x00,0x00,0x00,0x00,0x00,0x00,0x00,0x00,0x00,0x00,0x00,0x00,0x00,0x00,0x00,0x00,0x00,0x00,0x00,0x00,0x00,0x03,0x00,0x3b,0x7a,0x07,0x78,0x7f,0x7f,0xa5,0xe7,0xe7,0xd3,0x7d,0x7f,0x76,0x7a,0x1f,0x11,0x00,0x09,0x7c,0x07,0x7f,0x7f,0xb2,0xe9,0xe9,0xa8,0x7f,0x7f,0x76,0x04,0x78,0x0a,0x0f,0x02,0x02,0x00,0x00,0x00,0x00,0x00,0x00,0x00,0x00,0x00,0x00,0x00,0x00,0x00,0x00,0x00,0x00,0x00,0x00,0x00,0x00,0x00,0x00,0x00,0x00,0x00,0x00,0x00,0x00,0x00,0x00,0x00,0x00,0x00,0x00,0x00,0x00,0x00,0x00,0x00,0x00,0x00,0x00,0x00,0x00,0x00,0x00,0x00,0x00,0x00,0x00,0x00,
    0x00,0x00,0x00,0x00,0x00,0x00,0x00,0x00,0x00,0x00,0x00,0x00,0x00,0x00,0x00,0x00,0x00,0x00,0x00,0x00,0x00,0x00,0x00,0x00,0x00,0x00,0x00,0x00,0x00,0x00,0x00,0x00,0x00,0x00,0x00,0x00,0x00,0x00,0x00,0x00,0x00,0x00,0x00,0x00,0x00,0x00,0x00,0x00,0x00,0x00,0x00,0x00,0x00,0x00,0x00,0x00,0x03,0x00,0x3b,0x78,0x07,0x78,0x78,0xa5,0xdb,0xb2,0x9a,0xd4,0xd4,0xa0,0x78,0x78,0x76,0x15,0x00,0x09,0x7a,0x07,0x87,0xc0,0xc3,0x9a,0xa5,0xb5,0xc0,0xa0,0x78,0x04,0x78,0x54,0x0d,0x00,0x02,0x00,0x00,0x00,0x00,0x00,0x00,0x00,0x00,0x00,0x00,0x00,0x00,0x00,0x00,0x00,0x00,0x00,0x00,0x00,0x00,0x00,0x00,0x00,0x00,0x00,0x00,0x00,0x00,0x00,0x00,0x00,0x00,0x00,0x00,0x00,0x00,0x00,0x00,0x00,0x00,0x00,0x00,0x00,0x00,0x00,0x00,0x00,0x00,0x00,0x00,0x00,
    0x00,0x00,0x00,0x00,0x00,0x00,0x00,0x00,0x00,0x00,0x00,0x00,0x00,0x00,0x00,0x00,0x00,0x00,0x00,0x00,0x00,0x00,0x00,0x00,0x00,0x00,0x00,0x00,0x00,0x00,0x00,0x00,0x00,0x00,0x00,0x00,0x00,0x00,0x00,0x00,0x00,0x00,0x00,0x00,0x00,0x00,0x00,0x00,0x00,0x00,0x00,0x00,0x00,0x00,0x00,0x00,0x03,0x00,0x3b,0x7a,0x54,0x85,0xc0,0xe7,0xbf,0x7f,0x7f,0x7c,0xc3,0xdb,0x87,0x76,0x04,0x15,0x00,0x09,0x7c,0x07,0xd4,0xe9,0x9a,0x7f,0x7f,0x9a,0xe7,0xd4,0x76,0x7a,0x78,0x1e,0x0d,0x00,0x02,0x00,0x00,0x00,0x00,0x00,0x00,0x00,0x00,0x00,0x00,0x00,0x00,0x00,0x00,0x00,0x00,0x00,0x00,0x00,0x00,0x00,0x00,0x00,0x00,0x00,0x00,0x00,0x00,0x00,0x00,0x00,0x00,0x00,0x00,0x00,0x00,0x00,0x00,0x00,0x00,0x00,0x00,0x00,0x00,0x00,0x00,0x00,0x00,0x00,0x00,0x00,
    0x00,0x00,0x00,0x00,0x00,0x00,0x00,0x00,0x00,0x00,0x00,0x00,0x00,0x00,0x00,0x00,0x00,0x00,0x00,0x00,0x00,0x00,0x00,0x00,0x00,0x00,0x00,0x00,0x00,0x00,0x00,0x00,0x00,0x00,0x00,0x00,0x00,0x00,0x00,0x00,0x00,0x00,0x00,0x00,0x00,0x00,0x00,0x00,0x00,0x00,0x00,0x00,0x00,0x00,0x00,0x00,0x03,0x00,0x22,0x7a,0x07,0x78,0x7d,0x9a,0xb2,0xb2,0xc0,0xb5,0xbf,0xa0,0x7c,0x78,0x76,0x15,0x03,0x0a,0x7c,0x10,0x7d,0xa5,0xc3,0xb2,0xb2,0xc3,0xa5,0x7c,0x7c,0x04,0x78,0x1e,0x0d,0x00,0x02,0x00,0x00,0x00,0x00,0x00,0x00,0x00,0x00,0x00,0x00,0x00,0x00,0x00,0x00,0x00,0x00,0x00,0x00,0x00,0x00,0x00,0x00,0x00,0x00,0x00,0x00,0x00,0x00,0x00,0x00,0x00,0x00,0x00,0x00,0x00,0x00,0x00,0x00,0x00,0x00,0x00,0x00,0x00,0x00,0x00,0x00,0x00,0x00,0x00,0x00,0x00,
    0x00,0x00,0x00,0x00,0x00,0x00,0x00,0x00,0x00,0x00,0x00,0x00,0x00,0x00,0x00,0x00,0x00,0x00,0x00,0x00,0x00,0x00,0x00,0x00,0x00,0x00,0x00,0x00,0x00,0x00,0x00,0x00,0x00,0x00,0x00,0x00,0x00,0x00,0x00,0x00,0x00,0x00,0x00,0x00,0x00,0x00,0x00,0x00,0x00,0x00,0x00,0x00,0x00,0x00,0x00,0x00,0x00,0x00,0x1f,0x78,0x04,0x7a,0x7f,0x7c,0xc0,0xc3,0xb5,0xb5,0x9a,0x7f,0x76,0x7a,0x76,0x11,0x0f,0x07,0x78,0x78,0x7f,0xa0,0xb2,0xc3,0xc3,0xb2,0x9a,0x7f,0x76,0x04,0x78,0x1e,0x0d,0x00,0x02,0x00,0x00,0x00,0x00,0x00,0x00,0x00,0x00,0x00,0x00,0x00,0x00,0x00,0x00,0x00,0x00,0x00,0x00,0x00,0x00,0x00,0x00,0x00,0x00,0x00,0x00,0x00,0x00,0x00,0x00,0x00,0x00,0x00,0x00,0x00,0x00,0x00,0x00,0x00,0x00,0x00,0x00,0x00,0x00,0x00,0x00,0x00,0x00,0x00,0x00,0x00,
    0x00,0x00,0x00,0x00,0x00,0x00,0x00,0x00,0x00,0x00,0x00,0x00,0x00,0x00,0x00,0x00,0x00,0x00,0x00,0x00,0x00,0x00,0x00,0x00,0x00,0x00,0x00,0x00,0x00,0x00,0x00,0x00,0x00,0x00,0x00,0x00,0x00,0x00,0x00,0x00,0x00,0x00,0x00,0x00,0x00,0x00,0x00,0x00,0x00,0x00,0x00,0x00,0x00,0x00,0x00,0x00,0x00,0x00,0x0a,0x7a,0x04,0x76,0xf0,0xdb,0xd3,0xa8,0xa5,0xb5,0xdb,0xb2,0xa0,0x76,0x78,0x11,0x0f,0x1e,0x78,0x7d,0xc0,0xdb,0xd3,0xa8,0xa5,0xb5,0xc3,0xb2,0x87,0x76,0x78,0x1e,0x0d,0x00,0x02,0x00,0x00,0x00,0x00,0x00,0x00,0x00,0x00,0x00,0x00,0x00,0x00,0x00,0x00,0x00,0x00,0x00,0x00,0x00,0x00,0x00,0x00,0x00,0x00,0x00,0x00,0x00,0x00,0x00,0x00,0x00,0x00,0x00,0x00,0x00,0x00,0x00,0x00,0x00,0x00,0x00,0x00,0x00,0x00,0x00,0x00,0x00,0x00,0x00,0x00,0x00,
    0x00,0x00,0x00,0x00,0x00,0x00,0x00,0x00,0x00,0x00,0x00,0x00,0x00,0x00,0x00,0x00,0x00,0x00,0x00,0x00,0x00,0x00,0x00,0x00,0x00,0x00,0x00,0x00,0x00,0x00,0x00,0x00,0x00,0x00,0x00,0x00,0x00,0x00,0x00,0x00,0x00,0x00,0x00,0x00,0x00,0x00,0x00,0x00,0x00,0x00,0x00,0x00,0x00,0x00,0x00,0x00,0x00,0x00,0x0a,0x78,0x04,0x76,0xf0,0x9a,0x9a,0xa8,0xbf,0xa8,0x9a,0xa8,0xa0,0x85,0x78,0x11,0x0f,0x1e,0x76,0x7d,0xbf,0xa0,0xa5,0xa8,0xa8,0xa5,0xa0,0xbf,0xa0,0x76,0x07,0x04,0x1b,0x00,0x03,0x00,0x00,0x00,0x00,0x00,0x00,0x00,0x00,0x00,0x00,0x00,0x00,0x00,0x00,0x00,0x00,0x00,0x00,0x00,0x00,0x00,0x00,0x00,0x00,0x00,0x00,0x00,0x00,0x00,0x00,0x00,0x00,0x00,0x00,0x00,0x00,0x00,0x00,0x00,0x00,0x00,0x00,0x00,0x00,0x00,0x00,0x00,0x00,0x00,0x00,0x00,
    0x00,0x00,0x00,0x00,0x00,0x00,0x00,0x00,0x00,0x00,0x00,0x00,0x00,0x00,0x00,0x00,0x00,0x00,0x00,0x00,0x00,0x00,0x00,0x00,0x00,0x00,0x00,0x00,0x00,0x00,0x00,0x00,0x00,0x00,0x00,0x00,0x00,0x00,0x00,0x00,0x00,0x00,0x00,0x00,0x00,0x00,0x00,0x00,0x00,0x00,0x00,0x00,0x00,0x00,0x00,0x03,0x00,0x5d,0x07,0x07,0x78,0x78,0x7f,0x85,0x85,0x7f,0x7f,0x7f,0x85,0x7f,0x76,0x07,0x7a,0x66,0x3c,0x04,0x07,0x76,0x7f,0x76,0x85,0x7f,0x7f,0x7f,0x76,0x7f,0x76,0x78,0x07,0x78,0x1b,0x00,0x03,0x00,0x00,0x00,0x00,0x00,0x00,0x00,0x00,0x00,0x00,0x00,0x00,0x00,0x00,0x00,0x00,0x00,0x00,0x00,0x00,0x00,0x00,0x00,0x00,0x00,0x00,0x00,0x00,0x00,0x00,0x00,0x00,0x00,0x00,0x00,0x00,0x00,0x00,0x00,0x00,0x00,0x00,0x00,0x00,0x00,0x00,0x00,0x00,0x00,0x00,0x00,
    0x00,0x00,0x00,0x00,0x00,0x00,0x00,0x00,0x00,0x00,0x00,0x00,0x00,0x00,0x00,0x00,0x00,0x00,0x00,0x00,0x00,0x00,0x00,0x00,0x00,0x00,0x00,0x00,0x00,0x00,0x00,0x00,0x00,0x00,0x00,0x00,0x00,0x00,0x00,0x00,0x00,0x00,0x00,0x00,0x00,0x00,0x00,0x00,0x00,0x00,0x00,0x00,0x00,0x00,0x00,0x03,0x00,0x5d,0x78,0x07,0x78,0x78,0x7c,0x7a,0x7a,0x7c,0x7a,0x7c,0x7a,0x7a,0x78,0x04,0x7a,0x0a,0x09,0x7a,0x07,0x78,0x7a,0x7a,0x7a,0x7a,0x7a,0x7a,0x7a,0x7a,0x78,0x78,0x07,0x78,0x1b,0x00,0x03,0x00,0x00,0x00,0x00,0x00,0x00,0x00,0x00,0x00,0x00,0x00,0x00,0x00,0x00,0x00,0x00,0x00,0x00,0x00,0x00,0x00,0x00,0x00,0x00,0x00,0x00,0x00,0x00,0x00,0x00,0x00,0x00,0x00,0x00,0x00,0x00,0x00,0x00,0x00,0x00,0x00,0x00,0x00,0x00,0x00,0x00,0x00,0x00,0x00,0x00,0x00,
    0x00,0x00,0x00,0x00,0x00,0x00,0x00,0x00,0x00,0x00,0x00,0x00,0x00,0x00,0x00,0x00,0x00,0x00,0x00,0x00,0x00,0x00,0x00,0x00,0x00,0x00,0x00,0x00,0x00,0x00,0x00,0x00,0x00,0x00,0x00,0x00,0x00,0x00,0x00,0x00,0x00,0x00,0x00,0x00,0x00,0x00,0x00,0x00,0x00,0x00,0x00,0x00,0x00,0x00,0x00,0x03,0x00,0x3b,0x7a,0x07,0x78,0x78,0x78,0x78,0x78,0x78,0x78,0x78,0x78,0x78,0x78,0x04,0x7a,0x0a,0x0b,0x7a,0x07,0x78,0x78,0x78,0x78,0x78,0x78,0x78,0x78,0x78,0x78,0x78,0x07,0x78,0x1b,0x00,0x03,0x00,0x00,0x00,0x00,0x00,0x00,0x00,0x00,0x00,0x00,0x00,0x00,0x00,0x00,0x00,0x00,0x00,0x00,0x00,0x00,0x00,0x00,0x00,0x00,0x00,0x00,0x00,0x00,0x00,0x00,0x00,0x00,0x00,0x00,0x00,0x00,0x00,0x00,0x00,0x00,0x00,0x00,0x00,0x00,0x00,0x00,0x00,0x00,0x00,0x00,0x00,
    0x00,0x00,0x00,0x00,0x00,0x00,0x00,0x00,0x00,0x00,0x00,0x00,0x00,0x00,0x00,0x00,0x00,0x00,0x00,0x00,0x00,0x00,0x00,0x00,0x00,0x00,0x00,0x00,0x00,0x00,0x00,0x00,0x00,0x00,0x00,0x00,0x00,0x00,0x00,0x00,0x00,0x00,0x00,0x00,0x00,0x00,0x00,0x00,0x00,0x00,0x00,0x00,0x00,0x00,0x00,0x03,0x00,0x09,0x7a,0x07,0x78,0x78,0x78,0x78,0x78,0x78,0x78,0x78,0x78,0x78,0x78,0x04,0x7a,0x0a,0x0b,0x7a,0x07,0x78,0x78,0x78,0x78,0x78,0x78,0x78,0x78,0x78,0x78,0x78,0x07,0x78,0x1b,0x00,0x03,0x00,0x00,0x00,0x00,0x00,0x00,0x00,0x00,0x00,0x00,0x00,0x00,0x00,0x00,0x00,0x00,0x00,0x00,0x00,0x00,0x00,0x00,0x00,0x00,0x00,0x00,0x00,0x00,0x00,0x00,0x00,0x00,0x00,0x00,0x00,0x00,0x00,0x00,0x00,0x00,0x00,0x00,0x00,0x00,0x00,0x00,0x00,0x00,0x00,0x00,0x00,
    0x00,0x00,0x00,0x00,0x00,0x00,0x00,0x00,0x00,0x00,0x00,0x00,0x00,0x00,0x00,0x00,0x00,0x00,0x00,0x00,0x00,0x00,0x00,0x00,0x00,0x00,0x00,0x00,0x00,0x00,0x00,0x00,0x00,0x00,0x00,0x00,0x00,0x00,0x00,0x00,0x00,0x00,0x00,0x00,0x00,0x00,0x00,0x00,0x00,0x00,0x00,0x00,0x00,0x00,0x00,0x03,0x00,0x1b,0x04,0x07,0x78,0x78,0x78,0x78,0x78,0x78,0x78,0x78,0x78,0x78,0x78,0x04,0x7a,0x0a,0x0b,0x7a,0x07,0x78,0x78,0x78,0x78,0x78,0x78,0x78,0x78,0x78,0x78,0x78,0x07,0x78,0x1b,0x00,0x03,0x00,0x00,0x00,0x00,0x00,0x00,0x00,0x00,0x00,0x00,0x00,0x00,0x00,0x00,0x00,0x00,0x00,0x00,0x00,0x00,0x00,0x00,0x00,0x00,0x00,0x00,0x00,0x00,0x00,0x00,0x00,0x00,0x00,0x00,0x00,0x00,0x00,0x00,0x00,0x00,0x00,0x00,0x00,0x00,0x00,0x00,0x00,0x00,0x00,0x00,0x00,
    0x00,0x00,0x00,0x00,0x00,0x00,0x00,0x00,0x00,0x00,0x00,0x00,0x00,0x00,0x00,0x00,0x00,0x00,0x00,0x00,0x00,0x00,0x00,0x00,0x00,0x00,0x00,0x00,0x00,0x00,0x00,0x00,0x00,0x00,0x00,0x00,0x00,0x00,0x00,0x00,0x00,0x00,0x00,0x00,0x00,0x00,0x00,0x00,0x00,0x00,0x00,0x00,0x00,0x00,0x00,0x03,0x00,0x3c,0x78,0x07,0x7c,0x7c,0x7c,0x7c,0x7a,0x76,0x78,0x78,0x76,0x78,0x78,0x04,0x04,0x0a,0x0b,0x07,0x07,0x7a,0x7a,0x7a,0x7a,0x7c,0x7a,0x7c,0x7c,0x7a,0x7a,0x7a,0x07,0x07,0x46,0x00,0x03,0x00,0x00,0x00,0x00,0x00,0x00,0x00,0x00,0x00,0x00,0x00,0x00,0x00,0x00,0x00,0x00,0x00,0x00,0x00,0x00,0x00,0x00,0x00,0x00,0x00,0x00,0x00,0x00,0x00,0x00,0x00,0x00,0x00,0x00,0x00,0x00,0x00,0x00,0x00,0x00,0x00,0x00,0x00,0x00,0x00,0x00,0x00,0x00,0x00,0x00,0x00,
    0x00,0x00,0x00,0x00,0x00,0x00,0x00,0x00,0x00,0x00,0x00,0x00,0x00,0x00,0x00,0x00,0x00,0x00,0x00,0x00,0x00,0x00,0x00,0x00,0x00,0x00,0x00,0x00,0x00,0x00,0x00,0x00,0x00,0x00,0x00,0x00,0x00,0x00,0x00,0x00,0x00,0x00,0x00,0x00,0x00,0x00,0x00,0x00,0x00,0x00,0x00,0x00,0x00,0x00,0x00,0x01,0x00,0x11,0x54,0x87,0xa0,0xa0,0xa0,0x87,0x7d,0x7d,0x7a,0x7a,0x7d,0x10,0x10,0x54,0x7c,0x09,0x3b,0x7d,0x10,0x10,0x10,0x10,0x10,0x7c,0x87,0x87,0x10,0x10,0x10,0x10,0x7c,0x1e,0x0f,0x02,0x02,0x00,0x00,0x00,0x00,0x00,0x00,0x00,0x00,0x00,0x00,0x00,0x00,0x00,0x00,0x00,0x00,0x00,0x00,0x00,0x00,0x00,0x00,0x00,0x00,0x00,0x00,0x00,0x00,0x00,0x00,0x00,0x00,0x00,0x00,0x00,0x00,0x00,0x00,0x00,0x00,0x00,0x00,0x00,0x00,0x00,0x00,0x00,0x00,0x00,0x00,0x00,
    0x00,0x00,0x00,0x00,0x00,0x00,0x00,0x00,0x00,0x00,0x00,0x00,0x00,0x00,0x00,0x00,0x00,0x00,0x00,0x00,0x00,0x00,0x00,0x00,0x00,0x00,0x00,0x00,0x00,0x00,0x00,0x00,0x00,0x00,0x00,0x00,0x00,0x00,0x00,0x00,0x00,0x00,0x00,0x00,0x00,0x00,0x00,0x00,0x00,0x00,0x00,0x00,0x00,0x00,0x00,0x00,0x02,0x00,0x3c,0x1f,0xa0,0xa0,0xa0,0x7d,0x87,0x87,0x87,0x87,0x87,0x87,0x87,0x7d,0x1f,0x11,0x15,0x0b,0x54,0x87,0x87,0x87,0x7d,0x7a,0x7d,0x87,0x87,0x87,0x87,0x7d,0x0b,0x3c,0x01,0x01,0x00,0x00,0x00,0x00,0x00,0x00,0x00,0x00,0x00,0x00,0x00,0x00,0x00,0x00,0x00,0x00,0x00,0x00,0x00,0x00,0x00,0x00,0x00,0x00,0x00,0x00,0x00,0x00,0x00,0x00,0x00,0x00,0x00,0x00,0x00,0x00,0x00,0x00,0x00,0x00,0x00,0x00,0x00,0x00,0x00,0x00,0x00,0x00,0x00,0x00,0x00,0x00,
    0x00,0x00,0x00,0x00,0x00,0x00,0x00,0x00,0x00,0x00,0x00,0x00,0x00,0x00,0x00,0x00,0x00,0x00,0x00,0x00,0x00,0x00,0x00,0x00,0x00,0x00,0x00,0x00,0x00,0x00,0x00,0x00,0x00,0x00,0x00,0x00,0x00,0x00,0x00,0x00,0x00,0x00,0x00,0x00,0x00,0x00,0x00,0x00,0x00,0x00,0x00,0x00,0x00,0x00,0x00,0x00,0x00,0x01,0x00,0x0f,0x3c,0x09,0x0b,0x10,0x7d,0x7a,0x7a,0x7d,0x1f,0x0b,0x22,0x1b,0x0d,0x00,0x0f,0x00,0x1b,0x0b,0x0b,0x0b,0x1e,0x87,0x87,0x87,0x0b,0x0b,0x22,0x46,0x00,0x00,0x02,0x00,0x00,0x00,0x00,0x00,0x00,0x00,0x00,0x00,0x00,0x00,0x00,0x00,0x00,0x00,0x00,0x00,0x00,0x00,0x00,0x00,0x00,0x00,0x00,0x00,0x00,0x00,0x00,0x00,0x00,0x00,0x00,0x00,0x00,0x00,0x00,0x00,0x00,0x00,0x00,0x00,0x00,0x00,0x00,0x00,0x00,0x00,0x00,0x00,0x00,0x00,0x00,0x00,
    0x00,0x00,0x00,0x00,0x00,0x00,0x00,0x00,0x00,0x00,0x00,0x00,0x00,0x00,0x00,0x00,0x00,0x00,0x00,0x00,0x00,0x00,0x00,0x00,0x00,0x00,0x00,0x00,0x00,0x00,0x00,0x00,0x00,0x00,0x00,0x00,0x00,0x00,0x00,0x00,0x00,0x00,0x00,0x00,0x00,0x00,0x00,0x00,0x00,0x00,0x00,0x00,0x00,0x00,0x00,0x00,0x00,0x00,0x03,0x00,0x00,0x00,0x00,0x11,0x15,0x15,0x15,0x15,0x0d,0x00,0x00,0x00,0x00,0x02,0x00,0x02,0x0d,0x03,0x00,0x00,0x0d,0x15,0x15,0x11,0x00,0x00,0x00,0x00,0x00,0x01,0x00,0x00,0x00,0x00,0x00,0x00,0x00,0x00,0x00,0x00,0x00,0x00,0x00,0x00,0x00,0x00,0x00,0x00,0x00,0x00,0x00,0x00,0x00,0x00,0x00,0x00,0x00,0x00,0x00,0x00,0x00,0x00,0x00,0x00,0x00,0x00,0x00,0x00,0x00,0x00,0x00,0x00,0x00,0x00,0x00,0x00,0x00,0x00,0x00,0x00,0x00,0x00,0x00,0x00,
    0x00,0x00,0x00,0x00,0x00,0x00,0x00,0x00,0x00,0x00,0x00,0x00,0x00,0x00,0x00,0x00,0x00,0x00,0x00,0x00,0x00,0x00,0x00,0x00,0x00,0x00,0x00,0x00,0x00,0x00,0x00,0x00,0x00,0x00,0x00,0x00,0x00,0x00,0x00,0x00,0x00,0x00,0x00,0x00,0x00,0x00,0x00,0x00,0x00,0x00,0x00,0x00,0x00,0x00,0x00,0x00,0x00,0x00,0x00,0x02,0x03,0x03,0x01,0x00,0x00,0x00,0x00,0x00,0x00,0x03,0x03,0x03,0x02,0x00,0x00,0x00,0x00,0x00,0x03,0x03,0x00,0x00,0x00,0x00,0x01,0x03,0x03,0x03,0x02,0x00,0x00,0x00,0x00,0x00,0x00,0x00,0x00,0x00,0x00,0x00,0x00,0x00,0x00,0x00,0x00,0x00,0x00,0x00,0x00,0x00,0x00,0x00,0x00,0x00,0x00,0x00,0x00,0x00,0x00,0x00,0x00,0x00,0x00,0x00,0x00,0x00,0x00,0x00,0x00,0x00,0x00,0x00,0x00,0x00,0x00,0x00,0x00,0x00,0x00,0x00,0x00,0x00,0x00,0x00,

};

const lv_image_dsc_t passport_pet_waiting_0 = {
  .header = {
    .magic = LV_IMAGE_HEADER_MAGIC,
    .cf = LV_COLOR_FORMAT_I8,
    .flags = 0,
    .w = 144,
    .h = 156,
    .stride = 144,
    .reserved_2 = 0,
  },
  .data_size = sizeof(passport_pet_waiting_0_map),
  .data = passport_pet_waiting_0_map,
  .reserved = NULL,
};
