
#if defined(LV_LVGL_H_INCLUDE_SIMPLE)
#include "lvgl.h"
#elif defined(LV_LVGL_H_INCLUDE_SYSTEM)
#include <lvgl.h>
#elif defined(LV_BUILD_TEST)
#include "../lvgl.h"
#else
#include "lvgl/lvgl.h"
#endif

#ifndef LV_ATTRIBUTE_MEM_ALIGN
#define LV_ATTRIBUTE_MEM_ALIGN
#endif

#ifndef LV_ATTRIBUTE_PASSPORT_PET_WAVING_3
#define LV_ATTRIBUTE_PASSPORT_PET_WAVING_3
#endif

static const
LV_ATTRIBUTE_MEM_ALIGN LV_ATTRIBUTE_LARGE_CONST LV_ATTRIBUTE_PASSPORT_PET_WAVING_3
uint8_t passport_pet_waving_3_map[] = {

    0x4c,0x70,0x47,0x00,0x56,0x4b,0x3b,0x01,0xf2,0xfd,0xec,0x01,0xf0,0xf5,0xfa,0xff,
    0x0e,0x0a,0x0a,0x02,0xf2,0xff,0xf7,0x02,0xab,0xb0,0xaf,0x03,0x26,0x20,0x21,0xfe,
    0x13,0x0e,0x10,0x26,0x3d,0x35,0x2c,0x09,0xc9,0xd4,0xcf,0x0c,0xd7,0xd9,0xda,0x05,
    0xe5,0xe5,0xee,0x14,0xb8,0xd0,0xdf,0xfe,0xcd,0xd3,0xdc,0xfe,0x1b,0x15,0x17,0xe1,
    0xe0,0xe4,0xeb,0xfe,0x19,0x12,0x16,0xac,0x18,0x14,0x14,0x45,0xce,0xea,0xfc,0xfd,
    0x12,0x0c,0x0e,0xbe,0x1a,0x16,0x17,0xcf,0x1b,0x15,0x16,0x99,0xb0,0xc6,0xd2,0xfd,
    0xe5,0xec,0xed,0x4b,0x14,0x12,0x14,0xfc,0xe0,0xe2,0xe7,0x2b,0x27,0x1f,0x25,0x11,
    0x2e,0x28,0x2b,0xfe,0x19,0x12,0x15,0x6e,0x0e,0x0c,0x0e,0xfb,0xc4,0xd4,0xd5,0x9f,
    0xbc,0xcb,0xcf,0x44,0x1d,0x17,0x17,0x5f,0xae,0x9a,0x09,0x49,0xf2,0xf9,0xfb,0xd3,
    0xdc,0xe7,0xed,0xea,0x95,0xa8,0xac,0x3a,0x1d,0x16,0x18,0x7f,0xc7,0xd6,0xd5,0x64,
    0xe7,0xf0,0xf3,0xb8,0xe5,0xed,0xef,0x36,0xcb,0xd6,0xd7,0x89,0x93,0x97,0x9d,0xfb,
    0x40,0x41,0x4c,0xfd,0xdf,0xea,0xee,0xd6,0x9f,0xaf,0xaf,0x53,0xa9,0x97,0x05,0x94,
    0xc8,0xcd,0xd5,0xc0,0xe1,0xe7,0xe8,0x1d,0x6a,0x7f,0x83,0x3e,0xee,0xf6,0xf9,0x9b,
    0xf5,0xf8,0xfc,0xe1,0x92,0xa4,0xa3,0x23,0xdc,0xe6,0xe7,0xb2,0xe2,0xee,0xee,0x6d,
    0xec,0xf3,0xf4,0x7a,0x16,0x11,0x11,0x52,0xbd,0x99,0x05,0xc8,0xbd,0xd6,0xda,0xd1,
    0xc9,0xde,0xdf,0xde,0xad,0xb2,0xbf,0xaf,0xd8,0xe7,0xec,0xcd,0xc1,0xcd,0xd3,0x7a,
    0xe1,0xed,0xf3,0xf6,0xf2,0xf7,0xf9,0x8d,0xdb,0xaa,0x17,0xf8,0x86,0x94,0x5c,0x16,
    0x33,0x2f,0x2e,0xfe,0xf1,0xf7,0xfa,0xc0,0x1a,0x14,0x14,0x35,0xb0,0xbb,0xef,0xfd,
    0xf4,0xf8,0xfb,0xf0,0x9b,0xa8,0xac,0xdd,0x24,0x1d,0x1a,0xda,0x1f,0x19,0x1b,0xef,
    0x8c,0x91,0x99,0x6b,0x66,0x70,0x72,0x22,0x1c,0x16,0x15,0x8c,0xda,0xe4,0xe3,0xa2,
    0xc6,0x98,0x14,0xfb,0xeb,0xf0,0xf4,0x86,0x76,0xba,0xa8,0xcc,0x76,0x7c,0x81,0xc1,
    0x1a,0x14,0x17,0xf4,0x89,0x8d,0x91,0xcd,0xae,0xb5,0xc4,0xcb,0xe7,0xf4,0xf3,0x5e,
    0xe7,0xa8,0x03,0xe2,0x96,0xb5,0xb1,0x8a,0x8a,0x78,0x83,0xfc,0xb1,0xb3,0xa1,0xfe,
    0xa2,0xa6,0xa8,0x9a,0x79,0x86,0x7b,0x04,0x86,0x94,0x94,0xa5,0xa0,0x83,0x4c,0xfd,
    0xac,0xc6,0xc8,0xd2,0xc0,0xa3,0x02,0x23,0xd2,0xec,0xf1,0xfd,0x66,0x99,0x8f,0x4d,
    0xe1,0xec,0xf4,0xec,0x53,0x51,0x49,0x63,0x28,0x22,0x23,0x1a,0xa7,0xb9,0xb5,0x70,
    0xac,0xb0,0xbd,0xf2,0x7d,0xaa,0xa2,0x75,0x8e,0x88,0x77,0xfd,0x8b,0x92,0x99,0xe5,
    0xc7,0xcf,0xd7,0xf1,0xca,0xa3,0x02,0x73,0x6c,0x74,0x6b,0x90,0x72,0xba,0xa7,0xf2,
    0x72,0xb0,0xa3,0xac,0x39,0x3e,0x42,0xd1,0xb9,0xbd,0xc2,0xf3,0xe2,0xad,0x02,0xba,
    0x72,0xa5,0x9a,0xd0,0x13,0x0e,0x13,0xf0,0xa0,0xbe,0xbe,0xb2,0x69,0x6b,0x76,0xa7,
    0x92,0x76,0x09,0xc5,0x85,0x79,0x0b,0xec,0x21,0x1b,0x1d,0xff,0xcd,0xea,0xfc,0xff,
    0xf2,0xf8,0xfe,0xff,0x19,0x15,0x18,0xff,0x19,0x17,0x19,0xff,0x22,0x1c,0x1e,0xff,
    0x1b,0x16,0x18,0xff,0x10,0x0e,0x10,0xff,0x1e,0x19,0x1c,0xff,0x0c,0x0b,0x0d,0xff,
    0x13,0x10,0x12,0xff,0xcc,0xe8,0xfa,0xff,0xf1,0xf6,0xfc,0xff,0x17,0x14,0x16,0xff,
    0x1b,0x18,0x1a,0xff,0xf6,0xa9,0x02,0xff,0x08,0x07,0x09,0xff,0x15,0x12,0x14,0xff,
    0xfe,0xff,0xff,0xff,0x24,0x1d,0x1f,0xff,0xe8,0xec,0xf7,0xff,0x29,0x24,0x25,0xff,
    0xec,0xf1,0xf9,0xff,0xf5,0xf9,0xfc,0xff,0xd1,0xef,0xff,0xff,0xcf,0xec,0xff,0xff,
    0xf6,0xfb,0xff,0xff,0x02,0x01,0x02,0xff,0xfa,0xab,0x02,0xff,0xfd,0xb2,0x02,0xff,
    0xf7,0xfc,0xff,0xff,0xfa,0xae,0x02,0xff,0xca,0xe7,0xf9,0xff,0xda,0xf0,0xfc,0xff,
    0xd3,0xed,0xfc,0xff,0xd4,0xf2,0xff,0xff,0xf9,0xff,0xff,0xff,0xd9,0xf3,0xff,0xff,
    0xe2,0xe9,0xf4,0xff,0xec,0x9f,0x03,0xff,0xf6,0xa4,0x01,0xff,0xa5,0xad,0xb8,0xff,
    0xdd,0xf8,0xff,0xff,0xc0,0xc8,0xd2,0xff,0xea,0xf7,0xfe,0xff,0xa3,0xb1,0xc3,0xff,
    0xd3,0xd9,0xe2,0xff,0x4c,0x28,0x31,0xff,0xe2,0xf3,0xfd,0xff,0xd7,0xdf,0xe9,0xff,
    0xcc,0x87,0x06,0xff,0xb6,0xc0,0xcd,0xff,0xcb,0xe4,0xf3,0xff,0x77,0x7c,0x85,0xff,
    0xae,0xb8,0xc3,0xff,0x59,0x60,0x71,0xff,0xbc,0xc5,0xf4,0xff,0xc5,0xde,0xf1,0xff,
    0xe5,0xfd,0xff,0xff,0x8b,0x97,0xa7,0xff,0xea,0x97,0x02,0xff,0xd8,0xe3,0xf7,0xff,
    0xb1,0x54,0x6e,0xff,0x98,0x9d,0xa5,0xff,0x8c,0x9e,0xb1,0xff,0xff,0xb9,0x02,0xff,
    0xc1,0x50,0x01,0xff,0xaf,0xca,0xdb,0xff,0xc0,0xd8,0xe9,0xff,0x86,0x87,0x8f,0xff,
    0x90,0x44,0x59,0xff,0xa8,0xa7,0xaa,0xff,0x89,0x36,0x49,0xff,0xc5,0xd0,0xf5,0xff,
    0x29,0x17,0x1c,0xff,0x39,0x1f,0x26,0xff,0x9b,0xa5,0xaf,0xff,0x67,0x3f,0x48,0xff,
    0x6d,0x6f,0x75,0xff,0xb2,0x46,0x03,0xff,0x91,0x8d,0x92,0xff,0x74,0x47,0x51,0xff,
    0xa7,0x71,0x0b,0xff,0xa3,0xba,0xcb,0xff,0x67,0x30,0x3f,0xff,0x97,0x51,0x62,0xff,
    0xac,0x9c,0x77,0xff,0x1d,0x11,0x13,0xff,0x4e,0x50,0x5b,0xff,0xe1,0x8d,0x02,0xff,
    0xdb,0x99,0x07,0xff,0x56,0x37,0x3e,0xff,0x82,0x8e,0xa3,0xff,0xcd,0x62,0x7d,0xff,
    0x6f,0x59,0x61,0xff,0xcb,0x7a,0x04,0xff,0x81,0x64,0x69,0xff,0xbe,0x5c,0x77,0xff,
    0xdc,0x69,0x87,0xff,0x92,0x5b,0x11,0xff,0xb2,0x7d,0x0b,0xff,0xbc,0xbc,0xbf,0xff,
    0x36,0x37,0x42,0xff,0x89,0x92,0xc0,0xff,0xf4,0x55,0x73,0xff,0xcc,0x66,0x05,0xff,
    0x5f,0x6b,0x84,0xff,0x9d,0xab,0xde,0xff,0x8a,0x34,0x05,0xff,0x93,0xa9,0xbe,0xff,
    0x86,0x6b,0x36,0xff,0x94,0x9d,0xc9,0xff,0xc1,0x44,0x60,0xff,0xaa,0x96,0x60,0xff,
    0x6e,0x7c,0xae,0xff,0xb3,0x86,0x29,0xff,0x62,0x5c,0x45,0xff,0x05,0xdd,0xf6,0xff,
    0x7a,0x4e,0x15,0xff,0xf2,0x9f,0xa2,0xff,0xb6,0x90,0x41,0xff,0x51,0x29,0x09,0xff,
    0x78,0x82,0x97,0xff,0xf5,0x68,0x89,0xff,0x23,0x79,0x86,0xff,0x7b,0x78,0x43,0xff,
    0x18,0x92,0xa4,0xff,0xe0,0x83,0x8c,0xff,0xeb,0xd1,0xd5,0xff,0xd8,0x49,0x66,0xff,
    0xbd,0x7f,0x83,0xff,0xac,0x97,0x95,0xff,0xe0,0xba,0xb7,0xff,0x06,0xaf,0xd0,0xff,

    0x00,0x00,0x00,0x00,0x00,0x00,0x00,0x00,0x00,0x00,0x00,0x00,0x00,0x00,0x00,0x00,0x00,0x00,0x00,0x00,0x00,0x00,0x00,0x00,0x00,0x00,0x00,0x00,0x00,0x00,0x00,0x00,0x00,0x00,0x00,0x00,0x00,0x00,0x00,0x00,0x00,0x00,0x00,0x00,0x00,0x00,0x00,0x00,0x00,0x00,0x00,0x00,0x00,0x00,0x00,0x00,0x00,0x00,0x00,0x00,0x00,0x00,0x00,0x00,0x00,0x00,0x00,0x00,0x00,0x00,0x00,0x00,0x00,0x00,0x00,0x00,0x00,0x00,0x00,0x00,0x00,0x00,0x00,0x00,0x00,0x00,0x00,0x00,0x00,0x00,0x00,0x00,0x00,0x00,0x00,0x00,0x00,0x00,0x00,0x00,0x00,0x00,0x00,0x00,0x00,0x00,0x00,0x00,0x00,0x00,0x00,0x00,0x00,0x00,0x00,0x00,0x00,0x00,0x00,0x00,0x00,0x00,0x00,0x00,0x00,0x00,0x00,0x00,0x00,0x00,0x00,0x00,0x00,0x00,0x00,0x00,0x00,0x00,0x00,0x00,0x00,0x00,0x00,0x00,
    0x00,0x00,0x00,0x00,0x00,0x00,0x00,0x00,0x00,0x00,0x00,0x00,0x00,0x00,0x00,0x00,0x00,0x00,0x00,0x00,0x00,0x00,0x00,0x00,0x00,0x00,0x00,0x00,0x00,0x00,0x00,0x00,0x00,0x00,0x00,0x00,0x00,0x00,0x00,0x00,0x00,0x00,0x00,0x00,0x00,0x00,0x00,0x00,0x00,0x00,0x00,0x00,0x00,0x00,0x00,0x00,0x00,0x00,0x00,0x0b,0x31,0x31,0x1a,0x0a,0x00,0x02,0x00,0x00,0x00,0x00,0x00,0x00,0x00,0x00,0x00,0x00,0x00,0x00,0x00,0x00,0x00,0x00,0x00,0x00,0x00,0x00,0x00,0x00,0x00,0x00,0x00,0x00,0x00,0x00,0x00,0x00,0x00,0x00,0x00,0x00,0x00,0x00,0x00,0x00,0x00,0x00,0x00,0x00,0x00,0x00,0x00,0x00,0x00,0x00,0x00,0x00,0x00,0x00,0x00,0x00,0x00,0x00,0x00,0x00,0x00,0x00,0x00,0x00,0x00,0x00,0x00,0x00,0x00,0x00,0x00,0x00,0x00,0x00,0x00,0x00,0x00,0x00,0x00,0x00,
    0x00,0x00,0x00,0x00,0x00,0x00,0x00,0x00,0x00,0x00,0x00,0x00,0x00,0x00,0x00,0x00,0x00,0x00,0x00,0x00,0x00,0x00,0x00,0x00,0x00,0x00,0x00,0x00,0x00,0x00,0x00,0x00,0x00,0x00,0x00,0x00,0x00,0x00,0x00,0x00,0x00,0x00,0x00,0x00,0x00,0x00,0x00,0x00,0x00,0x00,0x00,0x00,0x00,0x00,0x00,0x00,0x00,0x05,0x00,0x29,0x28,0x48,0x41,0x0c,0x02,0x02,0x00,0x00,0x00,0x00,0x00,0x00,0x00,0x00,0x00,0x00,0x00,0x00,0x00,0x00,0x00,0x00,0x00,0x00,0x00,0x00,0x00,0x00,0x00,0x00,0x00,0x00,0x00,0x00,0x00,0x00,0x00,0x00,0x00,0x00,0x00,0x00,0x00,0x00,0x00,0x00,0x00,0x00,0x00,0x00,0x00,0x00,0x00,0x00,0x00,0x00,0x00,0x00,0x00,0x00,0x00,0x00,0x00,0x00,0x00,0x00,0x00,0x00,0x00,0x00,0x00,0x00,0x00,0x00,0x00,0x00,0x00,0x00,0x00,0x00,0x00,0x00,0x00,0x00,
    0x00,0x00,0x00,0x00,0x00,0x00,0x00,0x00,0x00,0x00,0x00,0x00,0x00,0x00,0x00,0x00,0x00,0x00,0x00,0x00,0x00,0x00,0x00,0x00,0x00,0x00,0x00,0x00,0x00,0x00,0x00,0x00,0x00,0x00,0x00,0x00,0x00,0x00,0x00,0x00,0x00,0x00,0x00,0x00,0x00,0x00,0x00,0x00,0x00,0x00,0x00,0x00,0x00,0x00,0x00,0x00,0x05,0x00,0x37,0x45,0x34,0x41,0x0c,0x00,0x02,0x00,0x00,0x00,0x00,0x00,0x00,0x00,0x00,0x00,0x00,0x00,0x00,0x00,0x00,0x00,0x00,0x00,0x00,0x00,0x00,0x00,0x00,0x00,0x00,0x00,0x00,0x00,0x00,0x00,0x00,0x00,0x00,0x00,0x00,0x00,0x00,0x00,0x00,0x00,0x00,0x00,0x00,0x00,0x00,0x00,0x00,0x00,0x00,0x00,0x00,0x00,0x00,0x00,0x00,0x00,0x00,0x00,0x00,0x00,0x00,0x00,0x00,0x00,0x00,0x00,0x00,0x00,0x00,0x00,0x00,0x00,0x00,0x00,0x00,0x00,0x00,0x00,0x00,0x00,
    0x00,0x00,0x00,0x00,0x00,0x00,0x00,0x00,0x00,0x00,0x00,0x00,0x00,0x00,0x00,0x00,0x00,0x00,0x00,0x00,0x00,0x00,0x00,0x00,0x00,0x00,0x00,0x00,0x00,0x00,0x00,0x00,0x00,0x00,0x00,0x00,0x00,0x00,0x00,0x00,0x00,0x00,0x00,0x00,0x00,0x00,0x00,0x00,0x00,0x00,0x00,0x00,0x00,0x00,0x00,0x00,0x01,0x0b,0x41,0x8c,0x23,0x18,0x00,0x0b,0x00,0x00,0x00,0x00,0x00,0x00,0x00,0x00,0x00,0x00,0x00,0x00,0x00,0x00,0x00,0x00,0x00,0x00,0x00,0x00,0x00,0x00,0x00,0x00,0x00,0x00,0x00,0x00,0x00,0x00,0x00,0x00,0x00,0x00,0x00,0x00,0x00,0x00,0x00,0x00,0x00,0x00,0x00,0x00,0x00,0x00,0x00,0x00,0x00,0x00,0x00,0x00,0x00,0x00,0x00,0x00,0x00,0x00,0x00,0x00,0x00,0x00,0x00,0x00,0x00,0x00,0x00,0x00,0x00,0x00,0x00,0x00,0x00,0x00,0x00,0x00,0x00,0x00,0x00,0x00,
    0x00,0x00,0x00,0x00,0x00,0x00,0x00,0x00,0x00,0x00,0x00,0x00,0x00,0x00,0x00,0x00,0x00,0x00,0x00,0x00,0x00,0x00,0x00,0x00,0x00,0x00,0x00,0x00,0x00,0x00,0x00,0x00,0x00,0x00,0x00,0x00,0x00,0x00,0x00,0x00,0x00,0x00,0x00,0x00,0x00,0x00,0x00,0x00,0x00,0x00,0x00,0x00,0x00,0x00,0x00,0x05,0x00,0x29,0x33,0x98,0x23,0x18,0x02,0x05,0x00,0x00,0x00,0x00,0x00,0x00,0x00,0x00,0x00,0x00,0x00,0x00,0x00,0x00,0x00,0x00,0x00,0x00,0x00,0x00,0x00,0x00,0x00,0x00,0x00,0x00,0x00,0x00,0x00,0x00,0x00,0x00,0x00,0x00,0x00,0x00,0x00,0x00,0x00,0x00,0x00,0x00,0x00,0x00,0x00,0x00,0x00,0x00,0x00,0x00,0x00,0x00,0x00,0x00,0x00,0x00,0x00,0x00,0x00,0x00,0x00,0x00,0x00,0x00,0x00,0x00,0x00,0x00,0x00,0x00,0x00,0x00,0x00,0x00,0x00,0x00,0x00,0x00,0x00,0x00,
    0x00,0x00,0x00,0x00,0x00,0x00,0x00,0x00,0x00,0x00,0x00,0x00,0x00,0x00,0x00,0x00,0x00,0x00,0x00,0x00,0x00,0x00,0x00,0x00,0x00,0x00,0x00,0x00,0x00,0x00,0x00,0x00,0x00,0x00,0x00,0x00,0x00,0x00,0x00,0x00,0x00,0x00,0x00,0x00,0x00,0x00,0x00,0x00,0x00,0x00,0x00,0x00,0x00,0x00,0x00,0x05,0x00,0x29,0x23,0x9e,0x28,0x29,0x00,0x06,0x00,0x00,0x00,0x00,0x00,0x00,0x00,0x00,0x02,0x01,0x06,0x06,0x01,0x02,0x02,0x00,0x00,0x00,0x00,0x00,0x00,0x00,0x00,0x00,0x00,0x00,0x00,0x00,0x00,0x00,0x00,0x00,0x00,0x00,0x00,0x00,0x00,0x00,0x00,0x00,0x00,0x00,0x00,0x00,0x00,0x00,0x00,0x00,0x00,0x00,0x00,0x00,0x00,0x00,0x00,0x00,0x00,0x00,0x00,0x00,0x00,0x00,0x00,0x00,0x00,0x00,0x00,0x00,0x00,0x00,0x00,0x00,0x00,0x00,0x00,0x00,0x00,0x00,0x00,0x00,
    0x00,0x00,0x00,0x00,0x00,0x00,0x00,0x00,0x00,0x00,0x00,0x00,0x00,0x00,0x00,0x00,0x00,0x00,0x00,0x00,0x00,0x00,0x00,0x00,0x00,0x00,0x00,0x00,0x00,0x00,0x00,0x00,0x00,0x00,0x00,0x00,0x00,0x00,0x00,0x00,0x00,0x00,0x00,0x00,0x00,0x00,0x00,0x00,0x00,0x00,0x00,0x00,0x00,0x00,0x00,0x06,0x00,0x37,0x34,0x94,0x40,0x37,0x02,0x06,0x00,0x00,0x00,0x00,0x00,0x01,0x05,0x02,0x00,0x00,0x00,0x00,0x00,0x00,0x00,0x01,0x05,0x02,0x00,0x00,0x00,0x00,0x00,0x00,0x00,0x00,0x00,0x00,0x00,0x00,0x00,0x00,0x00,0x00,0x00,0x00,0x00,0x00,0x00,0x00,0x00,0x00,0x00,0x00,0x00,0x00,0x00,0x00,0x00,0x00,0x00,0x00,0x00,0x00,0x00,0x00,0x00,0x00,0x00,0x00,0x00,0x00,0x00,0x00,0x00,0x00,0x00,0x00,0x00,0x00,0x00,0x00,0x00,0x00,0x00,0x00,0x00,0x00,0x00,0x00,
    0x00,0x00,0x00,0x00,0x00,0x00,0x00,0x00,0x00,0x00,0x00,0x00,0x00,0x00,0x00,0x00,0x00,0x00,0x00,0x00,0x00,0x00,0x00,0x00,0x00,0x00,0x00,0x00,0x00,0x00,0x00,0x00,0x00,0x00,0x00,0x00,0x00,0x00,0x00,0x00,0x00,0x00,0x00,0x00,0x00,0x00,0x00,0x00,0x00,0x00,0x00,0x00,0x00,0x00,0x00,0x01,0x00,0x37,0x24,0xa6,0x64,0x38,0x0a,0x00,0x06,0x05,0x06,0x00,0x00,0x00,0x00,0x00,0x0c,0x35,0x25,0x25,0x43,0x0c,0x0c,0x00,0x00,0x00,0x00,0x05,0x01,0x00,0x00,0x00,0x00,0x00,0x00,0x00,0x00,0x00,0x00,0x00,0x00,0x00,0x00,0x00,0x00,0x00,0x00,0x00,0x00,0x00,0x00,0x00,0x00,0x00,0x00,0x00,0x00,0x00,0x00,0x00,0x00,0x00,0x00,0x00,0x00,0x00,0x00,0x00,0x00,0x00,0x00,0x00,0x00,0x00,0x00,0x00,0x00,0x00,0x00,0x00,0x00,0x00,0x00,0x00,0x00,0x00,0x00,0x00,
    0x00,0x00,0x00,0x00,0x00,0x00,0x00,0x00,0x00,0x00,0x00,0x00,0x00,0x00,0x00,0x00,0x00,0x00,0x00,0x00,0x00,0x00,0x00,0x00,0x00,0x00,0x00,0x00,0x00,0x00,0x00,0x00,0x00,0x00,0x00,0x00,0x00,0x00,0x00,0x00,0x00,0x00,0x00,0x00,0x00,0x00,0x00,0x00,0x00,0x00,0x00,0x00,0x00,0x00,0x00,0x06,0x00,0x18,0x3e,0x9b,0xaa,0x2d,0x27,0x0b,0x00,0x00,0x00,0x02,0x0a,0x35,0x63,0x27,0x59,0x59,0x30,0x56,0x3d,0x59,0x67,0x57,0x20,0x0c,0x0a,0x00,0x00,0x05,0x02,0x00,0x00,0x00,0x00,0x00,0x00,0x00,0x00,0x00,0x00,0x00,0x00,0x00,0x00,0x00,0x00,0x00,0x00,0x00,0x00,0x00,0x00,0x00,0x00,0x00,0x00,0x00,0x00,0x00,0x00,0x00,0x00,0x00,0x00,0x00,0x00,0x00,0x00,0x00,0x00,0x00,0x00,0x00,0x00,0x00,0x00,0x00,0x00,0x00,0x00,0x00,0x00,0x00,0x00,0x00,0x00,0x00,
    0x00,0x00,0x00,0x00,0x00,0x00,0x00,0x00,0x00,0x00,0x00,0x00,0x00,0x00,0x00,0x00,0x00,0x00,0x00,0x00,0x00,0x00,0x00,0x00,0x00,0x00,0x00,0x00,0x00,0x00,0x00,0x00,0x00,0x00,0x00,0x00,0x00,0x00,0x00,0x00,0x00,0x00,0x00,0x00,0x00,0x00,0x00,0x00,0x00,0x00,0x00,0x00,0x00,0x00,0x00,0x00,0x05,0x00,0x37,0x34,0x8c,0x40,0x3b,0x20,0x32,0x63,0x20,0x2e,0x3f,0x3d,0x60,0x3b,0x0d,0xa8,0xa0,0x10,0xab,0xbd,0x3c,0x3b,0x28,0x1f,0x3f,0x29,0x31,0x00,0x00,0x02,0x00,0x00,0x00,0x00,0x00,0x00,0x00,0x00,0x00,0x00,0x00,0x00,0x00,0x00,0x00,0x00,0x00,0x00,0x00,0x00,0x00,0x00,0x00,0x00,0x00,0x00,0x00,0x00,0x00,0x00,0x00,0x00,0x00,0x00,0x00,0x00,0x00,0x00,0x00,0x00,0x00,0x00,0x00,0x00,0x00,0x00,0x00,0x00,0x00,0x00,0x00,0x00,0x00,0x00,0x00,0x00,
    0x00,0x00,0x00,0x00,0x00,0x00,0x00,0x00,0x00,0x00,0x00,0x00,0x00,0x00,0x00,0x00,0x00,0x00,0x00,0x00,0x00,0x00,0x00,0x00,0x00,0x00,0x00,0x00,0x00,0x00,0x00,0x00,0x00,0x00,0x00,0x00,0x00,0x00,0x00,0x00,0x00,0x00,0x00,0x00,0x00,0x00,0x00,0x00,0x00,0x00,0x00,0x00,0x00,0x00,0x00,0x00,0x05,0x05,0x29,0x41,0x45,0x7c,0x7c,0x17,0x17,0x3b,0x3b,0x6c,0x0e,0xb3,0x7b,0x9a,0x7b,0x93,0x13,0x13,0x93,0x92,0x9b,0x93,0xa4,0x90,0x24,0x45,0x1f,0x20,0x35,0x00,0x00,0x02,0x00,0x00,0x00,0x00,0x00,0x00,0x00,0x00,0x00,0x00,0x00,0x00,0x00,0x00,0x00,0x00,0x00,0x00,0x00,0x00,0x00,0x00,0x00,0x00,0x00,0x00,0x00,0x00,0x00,0x00,0x00,0x00,0x00,0x00,0x00,0x00,0x00,0x00,0x00,0x00,0x00,0x00,0x00,0x00,0x00,0x00,0x00,0x00,0x00,0x00,0x00,0x00,0x00,0x00,
    0x00,0x00,0x00,0x00,0x00,0x00,0x00,0x00,0x00,0x00,0x00,0x00,0x00,0x00,0x00,0x00,0x00,0x00,0x00,0x00,0x00,0x00,0x00,0x00,0x00,0x00,0x00,0x00,0x00,0x00,0x00,0x00,0x00,0x00,0x00,0x00,0x00,0x00,0x00,0x00,0x00,0x00,0x00,0x00,0x00,0x00,0x00,0x00,0x00,0x00,0x00,0x00,0x00,0x00,0x00,0x00,0x02,0x00,0x00,0x00,0x38,0x51,0x3e,0xa5,0xa7,0x92,0x9f,0x9b,0x92,0x13,0x85,0x13,0x85,0x85,0x85,0x85,0x85,0x85,0x85,0x13,0x9a,0x7b,0x9b,0xb4,0x0d,0x56,0x1f,0x57,0x0a,0x00,0x00,0x00,0x00,0x00,0x00,0x00,0x00,0x00,0x00,0x00,0x00,0x00,0x00,0x00,0x00,0x00,0x00,0x00,0x00,0x00,0x00,0x00,0x00,0x00,0x00,0x00,0x00,0x00,0x00,0x00,0x00,0x00,0x00,0x00,0x00,0x00,0x00,0x00,0x00,0x00,0x00,0x00,0x00,0x00,0x00,0x00,0x00,0x00,0x00,0x00,0x00,0x00,0x00,0x00,
    0x00,0x00,0x00,0x00,0x00,0x00,0x00,0x00,0x00,0x00,0x00,0x00,0x00,0x00,0x00,0x00,0x00,0x00,0x00,0x00,0x00,0x00,0x00,0x00,0x00,0x00,0x00,0x00,0x00,0x00,0x00,0x00,0x00,0x00,0x00,0x00,0x00,0x00,0x00,0x00,0x00,0x00,0x00,0x00,0x00,0x00,0x00,0x00,0x00,0x00,0x00,0x00,0x00,0x01,0x00,0x00,0x00,0x0a,0x18,0x29,0x3f,0x4f,0x24,0xab,0xbe,0x85,0x85,0x85,0x85,0x7b,0x7b,0x7b,0x7b,0x7b,0x7b,0x7b,0x7b,0x7b,0x7b,0x7b,0x7b,0x7b,0x9a,0x85,0x9a,0x9b,0x03,0x34,0x18,0x0c,0x0b,0x00,0x00,0x00,0x00,0x00,0x00,0x00,0x00,0x00,0x00,0x00,0x00,0x00,0x00,0x00,0x00,0x00,0x00,0x00,0x00,0x00,0x00,0x00,0x00,0x00,0x00,0x00,0x00,0x00,0x00,0x00,0x00,0x00,0x00,0x00,0x00,0x00,0x00,0x00,0x00,0x00,0x00,0x00,0x00,0x00,0x00,0x00,0x00,0x00,0x00,0x00,0x00,0x00,
    0x00,0x00,0x00,0x00,0x00,0x00,0x00,0x00,0x00,0x00,0x00,0x00,0x00,0x00,0x00,0x00,0x00,0x00,0x00,0x00,0x00,0x00,0x00,0x00,0x00,0x00,0x00,0x00,0x00,0x00,0x00,0x00,0x00,0x00,0x00,0x00,0x00,0x00,0x00,0x00,0x00,0x00,0x00,0x00,0x00,0x00,0x00,0x00,0x00,0x00,0x00,0x01,0x01,0x00,0x02,0x05,0x1a,0x38,0x23,0x6c,0x68,0x7c,0x9e,0x9b,0x7b,0x13,0x7b,0x7b,0x7b,0x7b,0x7b,0x7b,0x7b,0x7b,0x7b,0x7b,0x7b,0x7b,0x7b,0x7b,0x7b,0x7b,0x7b,0x85,0x7b,0x13,0x85,0xa4,0x24,0x76,0x20,0x00,0x05,0x00,0x00,0x00,0x00,0x00,0x00,0x00,0x00,0x00,0x00,0x00,0x00,0x00,0x00,0x00,0x00,0x00,0x00,0x00,0x00,0x00,0x00,0x00,0x00,0x00,0x00,0x00,0x00,0x00,0x00,0x00,0x00,0x00,0x00,0x00,0x00,0x00,0x00,0x00,0x00,0x00,0x00,0x00,0x00,0x00,0x00,0x00,0x00,0x00,0x00,0x00,
    0x00,0x00,0x00,0x00,0x00,0x00,0x00,0x00,0x00,0x00,0x00,0x00,0x00,0x00,0x00,0x00,0x00,0x00,0x00,0x00,0x00,0x00,0x00,0x00,0x00,0x00,0x00,0x00,0x00,0x00,0x00,0x00,0x00,0x00,0x00,0x00,0x00,0x00,0x00,0x00,0x00,0x00,0x00,0x00,0x00,0x00,0x00,0x00,0x00,0x00,0x02,0x00,0x00,0x0a,0x27,0x1f,0x28,0x40,0xab,0xa3,0xae,0xaa,0x9c,0x85,0x7b,0x7b,0x7b,0x7b,0x7b,0x7b,0x7b,0x7b,0x7b,0x7b,0x7b,0x7b,0x7b,0x7b,0x7b,0x7b,0x7b,0x7b,0x7b,0x7b,0x7b,0x7b,0x7b,0x9a,0x93,0xb3,0x3e,0x18,0x00,0x05,0x00,0x00,0x00,0x00,0x00,0x00,0x00,0x00,0x00,0x00,0x00,0x00,0x00,0x00,0x00,0x00,0x00,0x00,0x00,0x00,0x00,0x00,0x00,0x00,0x00,0x00,0x00,0x00,0x00,0x00,0x00,0x00,0x00,0x00,0x00,0x00,0x00,0x00,0x00,0x00,0x00,0x00,0x00,0x00,0x00,0x00,0x00,0x00,0x00,0x00,
    0x00,0x00,0x00,0x00,0x00,0x00,0x00,0x00,0x00,0x00,0x00,0x00,0x00,0x00,0x00,0x00,0x00,0x00,0x00,0x00,0x00,0x00,0x00,0x00,0x00,0x00,0x00,0x00,0x00,0x00,0x00,0x00,0x00,0x00,0x00,0x00,0x00,0x00,0x00,0x00,0x00,0x00,0x00,0x00,0x00,0x00,0x00,0x00,0x00,0x05,0x00,0x0b,0x25,0x69,0x60,0x62,0x3c,0x34,0x62,0x7b,0x93,0x9a,0x85,0x7b,0x7b,0x7b,0x7b,0x7b,0x85,0x7b,0x7b,0x7b,0x7b,0x7b,0x7b,0x7b,0x7b,0x7b,0x7b,0x7b,0x85,0x7b,0x7b,0x7b,0x7b,0x7b,0x7b,0x7b,0x85,0x93,0x9f,0x3e,0x18,0x00,0x06,0x00,0x00,0x00,0x00,0x00,0x00,0x00,0x00,0x00,0x00,0x00,0x00,0x00,0x00,0x00,0x00,0x00,0x00,0x00,0x00,0x00,0x00,0x00,0x00,0x00,0x00,0x00,0x00,0x00,0x00,0x00,0x00,0x00,0x00,0x00,0x00,0x00,0x00,0x00,0x00,0x00,0x00,0x00,0x00,0x00,0x00,0x00,0x00,0x00,
    0x00,0x00,0x00,0x00,0x00,0x00,0x00,0x00,0x00,0x00,0x00,0x00,0x00,0x00,0x00,0x00,0x00,0x00,0x00,0x00,0x00,0x00,0x00,0x00,0x00,0x00,0x00,0x00,0x00,0x00,0x00,0x00,0x00,0x00,0x00,0x00,0x00,0x00,0x00,0x00,0x00,0x00,0x00,0x00,0x00,0x00,0x00,0x00,0x02,0x00,0x0a,0x69,0x52,0x6f,0x52,0x38,0x33,0x48,0x93,0x85,0x85,0x13,0x7b,0x7b,0x7b,0x7b,0x7b,0x85,0x92,0x7b,0x7b,0x7b,0x7b,0x7b,0x7b,0x7b,0x7b,0x7b,0x7b,0x7b,0x93,0x85,0x7b,0x7b,0x7b,0x7b,0x7b,0x7b,0x7b,0x85,0x85,0x9b,0x3e,0x20,0x00,0x05,0x00,0x00,0x00,0x00,0x00,0x00,0x00,0x00,0x00,0x00,0x00,0x00,0x00,0x00,0x00,0x00,0x00,0x00,0x00,0x00,0x00,0x00,0x00,0x00,0x00,0x00,0x00,0x00,0x00,0x00,0x00,0x00,0x00,0x00,0x00,0x00,0x00,0x00,0x00,0x00,0x00,0x00,0x00,0x00,0x00,0x00,0x00,0x00,
    0x00,0x00,0x00,0x00,0x00,0x00,0x00,0x00,0x00,0x00,0x00,0x00,0x00,0x00,0x00,0x00,0x00,0x00,0x00,0x00,0x00,0x00,0x00,0x00,0x00,0x00,0x00,0x00,0x00,0x00,0x00,0x00,0x00,0x00,0x00,0x00,0x00,0x00,0x00,0x00,0x00,0x00,0x00,0x00,0x00,0x00,0x00,0x06,0x00,0x25,0x59,0x52,0x52,0x1f,0x28,0x45,0x91,0xaa,0x9a,0x13,0x7b,0x7b,0x7b,0x7b,0x7b,0x7b,0x85,0x92,0xbd,0x9a,0x7b,0x7b,0x7b,0x7b,0x7b,0x7b,0x7b,0x7b,0x7b,0xae,0xbe,0x93,0x9a,0x7b,0x7b,0x7b,0x7b,0x7b,0x7b,0x7b,0x7b,0x13,0x9c,0x3e,0x27,0x00,0x06,0x00,0x00,0x00,0x00,0x00,0x00,0x00,0x00,0x00,0x00,0x00,0x00,0x00,0x00,0x00,0x00,0x00,0x00,0x00,0x00,0x00,0x00,0x00,0x00,0x00,0x00,0x00,0x00,0x00,0x00,0x00,0x00,0x00,0x00,0x00,0x00,0x00,0x00,0x00,0x00,0x00,0x00,0x00,0x00,0x00,0x00,0x00,
    0x00,0x00,0x00,0x00,0x00,0x00,0x00,0x00,0x00,0x00,0x00,0x00,0x00,0x00,0x00,0x00,0x00,0x00,0x00,0x00,0x00,0x00,0x00,0x00,0x00,0x00,0x00,0x00,0x00,0x00,0x00,0x00,0x00,0x00,0x00,0x00,0x00,0x00,0x00,0x00,0x00,0x00,0x00,0x00,0x00,0x00,0x01,0x00,0x0a,0x70,0x6f,0x70,0x43,0x38,0x48,0x90,0xaa,0x9c,0x7b,0x7b,0x7b,0x7b,0x7b,0x7b,0x85,0xae,0x92,0xcd,0xbf,0xa4,0x9a,0x7b,0x7b,0x7b,0x7b,0x7b,0x7b,0x85,0x7b,0x62,0xbf,0x85,0x92,0x9a,0x7b,0x85,0x7b,0x7b,0x7b,0x7b,0x7b,0x85,0x9c,0x10,0x76,0x31,0x00,0x01,0x00,0x00,0x00,0x00,0x00,0x00,0x00,0x00,0x00,0x00,0x00,0x00,0x00,0x00,0x00,0x00,0x00,0x00,0x00,0x00,0x00,0x00,0x00,0x00,0x00,0x00,0x00,0x00,0x00,0x00,0x00,0x00,0x00,0x00,0x00,0x00,0x00,0x00,0x00,0x00,0x00,0x00,0x00,0x00,0x00,0x00,
    0x00,0x00,0x00,0x00,0x00,0x00,0x00,0x00,0x00,0x00,0x00,0x00,0x00,0x00,0x00,0x00,0x00,0x00,0x00,0x00,0x00,0x00,0x00,0x00,0x00,0x00,0x00,0x00,0x00,0x00,0x00,0x00,0x00,0x00,0x00,0x00,0x00,0x00,0x00,0x00,0x00,0x00,0x00,0x00,0x00,0x01,0x00,0x4d,0x5e,0x74,0x52,0x2e,0x1a,0x36,0x7c,0x9b,0x9a,0x13,0x7b,0x7b,0x7b,0x7b,0x7b,0x7b,0x85,0x93,0xae,0xb1,0xcd,0x9f,0x9a,0x7b,0x7b,0x7b,0x7b,0x7b,0x7b,0x7b,0x9c,0xb4,0xbf,0xaf,0x9a,0x92,0x9a,0x93,0x7b,0x85,0x7b,0x7b,0x7b,0x85,0x90,0x91,0x40,0x23,0x1a,0x05,0x05,0x00,0x00,0x00,0x00,0x00,0x00,0x00,0x00,0x00,0x00,0x00,0x00,0x00,0x00,0x00,0x00,0x00,0x00,0x00,0x00,0x00,0x00,0x00,0x00,0x00,0x00,0x00,0x00,0x00,0x00,0x00,0x00,0x00,0x00,0x00,0x00,0x00,0x00,0x00,0x00,0x00,0x00,0x00,0x00,0x00,
    0x00,0x00,0x00,0x00,0x00,0x00,0x00,0x00,0x00,0x00,0x00,0x00,0x00,0x00,0x00,0x00,0x00,0x00,0x00,0x00,0x00,0x00,0x00,0x00,0x00,0x00,0x00,0x00,0x00,0x00,0x00,0x00,0x00,0x00,0x00,0x00,0x00,0x00,0x00,0x00,0x00,0x00,0x00,0x00,0x01,0x01,0x04,0x4c,0x49,0x6b,0x25,0x05,0x4f,0x86,0x91,0x9b,0x85,0x85,0x7b,0x7b,0x7b,0x85,0x7b,0x7b,0x85,0x9b,0xb5,0xba,0xa8,0x92,0x9a,0x7b,0x7b,0x7b,0x7b,0x7b,0x7b,0x85,0x85,0xa4,0xa7,0xba,0xd6,0xae,0x92,0xbe,0xae,0x7b,0x7b,0x7b,0x85,0x85,0xaa,0x03,0x91,0x48,0x38,0x00,0x05,0x00,0x00,0x00,0x00,0x00,0x00,0x00,0x00,0x00,0x00,0x00,0x00,0x00,0x00,0x00,0x00,0x00,0x00,0x00,0x00,0x00,0x00,0x00,0x00,0x00,0x00,0x00,0x00,0x00,0x00,0x00,0x00,0x00,0x00,0x00,0x00,0x00,0x00,0x00,0x00,0x00,0x00,0x00,0x00,0x00,
    0x00,0x00,0x00,0x00,0x00,0x00,0x00,0x00,0x00,0x00,0x00,0x00,0x00,0x00,0x00,0x00,0x00,0x00,0x00,0x00,0x00,0x00,0x00,0x00,0x00,0x00,0x00,0x00,0x00,0x00,0x00,0x00,0x00,0x00,0x00,0x00,0x00,0x00,0x00,0x00,0x00,0x00,0x00,0x01,0x06,0x5d,0x5c,0x72,0x3d,0x2e,0x00,0x51,0x24,0x03,0x03,0x9c,0x7b,0x9c,0x7b,0x7b,0x85,0x7b,0x7b,0x85,0x98,0xc6,0xcd,0xa7,0xa8,0x9d,0x85,0x7b,0x7b,0x7b,0x7b,0x7b,0x7b,0x7b,0x9a,0x9f,0xb0,0xa5,0xab,0xd6,0x9b,0x0d,0xa7,0x9f,0x9a,0x7b,0x9c,0x85,0x9b,0x91,0x03,0x86,0x23,0x18,0x00,0x05,0x00,0x00,0x00,0x00,0x00,0x00,0x00,0x00,0x00,0x00,0x00,0x00,0x00,0x00,0x00,0x00,0x00,0x00,0x00,0x00,0x00,0x00,0x00,0x00,0x00,0x00,0x00,0x00,0x00,0x00,0x00,0x00,0x00,0x00,0x00,0x00,0x00,0x00,0x00,0x00,0x00,0x00,0x00,0x00,
    0x00,0x00,0x00,0x00,0x00,0x00,0x00,0x00,0x00,0x00,0x00,0x00,0x00,0x00,0x00,0x00,0x00,0x00,0x00,0x00,0x00,0x00,0x00,0x00,0x00,0x00,0x00,0x00,0x00,0x00,0x00,0x00,0x00,0x00,0x00,0x00,0x00,0x00,0x00,0x00,0x00,0x00,0x00,0x06,0x00,0x25,0x49,0x56,0x2e,0x00,0x35,0x30,0x03,0x91,0x9b,0x9c,0x9b,0x9b,0x85,0x85,0x93,0xb3,0xae,0xb4,0xa5,0xc6,0x9c,0xb5,0xab,0x9d,0x9a,0x7b,0x7b,0x7b,0x7b,0x7b,0x7b,0x7b,0x85,0x9d,0x17,0xa3,0xb4,0xad,0xba,0x9f,0xba,0xae,0x9c,0x9c,0x9b,0x85,0x7b,0x9b,0xa6,0xa0,0xc3,0x5c,0x04,0x05,0x00,0x00,0x00,0x00,0x00,0x00,0x00,0x00,0x00,0x00,0x00,0x00,0x00,0x00,0x00,0x00,0x00,0x00,0x00,0x00,0x00,0x00,0x00,0x00,0x00,0x00,0x00,0x00,0x00,0x00,0x00,0x00,0x00,0x00,0x00,0x00,0x00,0x00,0x00,0x00,0x00,0x00,0x00,0x00,
    0x00,0x00,0x00,0x00,0x00,0x00,0x00,0x00,0x00,0x00,0x00,0x00,0x00,0x00,0x00,0x00,0x00,0x00,0x00,0x00,0x00,0x00,0x00,0x00,0x00,0x00,0x00,0x00,0x00,0x00,0x00,0x00,0x00,0x00,0x00,0x00,0x00,0x00,0x00,0x00,0x00,0x00,0x05,0x01,0x63,0x49,0x2b,0x4c,0x00,0x0b,0x37,0x3c,0x9b,0x03,0x7b,0x85,0x85,0x85,0x7b,0x7b,0x9a,0xba,0xae,0x62,0xb5,0xa0,0xaa,0xc6,0xab,0x93,0x9a,0x7b,0x7b,0x7b,0x7b,0x7b,0x7b,0x7b,0x85,0x92,0xbd,0xa3,0x8c,0x9e,0xb0,0x0d,0x0d,0xad,0x94,0x85,0x7b,0x7b,0x7b,0x85,0x85,0x9c,0xad,0x53,0x32,0x02,0x04,0x00,0x00,0x00,0x00,0x00,0x00,0x00,0x00,0x00,0x00,0x00,0x00,0x00,0x00,0x00,0x00,0x00,0x00,0x00,0x00,0x00,0x00,0x00,0x00,0x00,0x00,0x00,0x00,0x00,0x00,0x00,0x00,0x00,0x00,0x00,0x00,0x00,0x00,0x00,0x00,0x00,0x00,0x00,
    0x00,0x00,0x00,0x00,0x00,0x00,0x00,0x00,0x00,0x00,0x00,0x00,0x00,0x00,0x00,0x00,0x00,0x00,0x00,0x00,0x00,0x00,0x00,0x00,0x00,0x00,0x00,0x00,0x00,0x00,0x00,0x00,0x00,0x00,0x00,0x00,0x00,0x00,0x00,0x00,0x00,0x00,0x01,0x00,0x5c,0x2b,0x53,0x0a,0x00,0x2e,0x3e,0x9b,0x9c,0xaa,0x9a,0x93,0x9d,0x7b,0xae,0x9f,0xa7,0xcd,0xb4,0xba,0x0e,0x8c,0xa0,0xaf,0xbd,0x93,0x92,0x7b,0x7b,0x7b,0x7b,0x7b,0x7b,0x7b,0x85,0x92,0xbe,0xaf,0xdf,0x10,0x9e,0xa3,0xa8,0xc6,0x9b,0x9a,0x7b,0x7b,0x7b,0x7b,0x7b,0x85,0x9b,0xa3,0x3d,0x0a,0x02,0x02,0x00,0x00,0x00,0x00,0x00,0x00,0x00,0x00,0x00,0x00,0x00,0x00,0x00,0x00,0x00,0x00,0x00,0x00,0x00,0x00,0x00,0x00,0x00,0x00,0x00,0x00,0x00,0x00,0x00,0x00,0x00,0x00,0x00,0x00,0x00,0x00,0x00,0x00,0x00,0x00,0x00,0x00,
    0x00,0x00,0x00,0x00,0x00,0x00,0x00,0x00,0x00,0x00,0x00,0x00,0x00,0x00,0x00,0x00,0x00,0x00,0x00,0x00,0x00,0x00,0x00,0x00,0x00,0x00,0x00,0x00,0x00,0x00,0x00,0x00,0x00,0x00,0x00,0x00,0x00,0x00,0x00,0x00,0x00,0x01,0x00,0x32,0x49,0x55,0x25,0x00,0x43,0x5e,0x0e,0xa6,0xaa,0x9c,0x7b,0xb3,0xcd,0x85,0xb4,0x9c,0xba,0x9d,0xbe,0xb9,0x0e,0xb9,0x2b,0xc8,0xcd,0x92,0x17,0x7b,0x7b,0x7b,0x7b,0x7b,0x7b,0x7b,0x9a,0x92,0x0e,0xc8,0xdf,0xc1,0xa3,0xa3,0xa3,0xb9,0x0d,0x92,0x85,0x7b,0x7b,0x7b,0x7b,0x85,0x7b,0x13,0x49,0x4c,0x00,0x06,0x00,0x00,0x00,0x00,0x00,0x00,0x00,0x00,0x00,0x00,0x00,0x00,0x00,0x00,0x00,0x00,0x00,0x00,0x00,0x00,0x00,0x00,0x00,0x00,0x00,0x00,0x00,0x00,0x00,0x00,0x00,0x00,0x00,0x00,0x00,0x00,0x00,0x00,0x00,0x00,0x00,0x00,
    0x00,0x00,0x00,0x00,0x00,0x00,0x00,0x00,0x00,0x00,0x00,0x00,0x00,0x00,0x00,0x00,0x00,0x00,0x00,0x00,0x00,0x00,0x00,0x00,0x00,0x00,0x00,0x00,0x00,0x00,0x00,0x00,0x00,0x00,0x00,0x00,0x00,0x00,0x00,0x00,0x01,0x00,0x09,0x55,0x2b,0x77,0x0a,0x00,0x1a,0x30,0x10,0xaa,0xaa,0x9c,0x9d,0x5a,0xc2,0xd8,0x2b,0xaf,0xb5,0xb4,0xf4,0xc8,0xc1,0x0e,0x9e,0xa7,0x0d,0xbd,0xe4,0x92,0x9a,0x7b,0x85,0x7b,0x7b,0x85,0x9b,0x7c,0xab,0xa3,0x8c,0x98,0x10,0xb0,0xb1,0xbf,0xb0,0x9f,0x9a,0x7b,0x7b,0x85,0x9c,0x7b,0x7b,0x9a,0xf4,0x3d,0x0a,0x00,0x02,0x00,0x00,0x00,0x00,0x00,0x00,0x00,0x00,0x00,0x00,0x00,0x00,0x00,0x00,0x00,0x00,0x00,0x00,0x00,0x00,0x00,0x00,0x00,0x00,0x00,0x00,0x00,0x00,0x00,0x00,0x00,0x00,0x00,0x00,0x00,0x00,0x00,0x00,0x00,0x00,0x00,
    0x00,0x00,0x00,0x00,0x00,0x00,0x00,0x00,0x00,0x00,0x00,0x00,0x00,0x00,0x00,0x00,0x00,0x00,0x00,0x00,0x00,0x00,0x00,0x00,0x00,0x00,0x00,0x00,0x00,0x00,0x00,0x00,0x00,0x00,0x00,0x00,0x00,0x00,0x00,0x00,0x06,0x00,0x25,0x49,0x55,0x4d,0x00,0x0b,0x41,0x86,0x93,0x9a,0x9a,0x9d,0x17,0xea,0xf5,0xe2,0xfb,0xc2,0xc8,0x0d,0xaf,0x10,0x8c,0x94,0x94,0xa7,0xcd,0xcd,0xf4,0xb7,0x9f,0x9b,0x9c,0x7b,0x7b,0x85,0x9c,0x9b,0xbe,0xb9,0x86,0x8e,0x90,0x91,0xa5,0xc8,0xc6,0x9f,0x85,0x7b,0x7b,0x93,0x9c,0x9c,0x9a,0x9c,0xa7,0x24,0x4f,0x09,0x02,0x00,0x00,0x00,0x00,0x00,0x00,0x00,0x00,0x00,0x00,0x00,0x00,0x00,0x00,0x00,0x00,0x00,0x00,0x00,0x00,0x00,0x00,0x00,0x00,0x00,0x00,0x00,0x00,0x00,0x00,0x00,0x00,0x00,0x00,0x00,0x00,0x00,0x00,0x00,0x00,0x00,
    0x00,0x00,0x00,0x00,0x00,0x00,0x00,0x00,0x00,0x00,0x00,0x00,0x00,0x00,0x00,0x00,0x00,0x00,0x00,0x00,0x00,0x00,0x00,0x00,0x00,0x00,0x00,0x00,0x00,0x00,0x00,0x00,0x00,0x00,0x00,0x00,0x00,0x00,0x00,0x00,0x06,0x02,0x4c,0x6b,0x5e,0x5d,0x02,0x31,0x23,0x9b,0x9a,0x13,0x9a,0xa4,0xca,0xea,0xe2,0xe2,0xf5,0xea,0xb5,0xe7,0x90,0x7c,0x90,0x03,0x94,0xa5,0xc6,0xcd,0xc6,0xa8,0xa6,0x9b,0x9b,0x9c,0x9c,0x85,0x9a,0x93,0xbe,0xba,0x03,0xab,0xa0,0x90,0x8c,0xb0,0xb1,0xa6,0x9b,0x7b,0x7b,0x7b,0x7b,0x7b,0x92,0x92,0x0d,0xa8,0x6c,0x25,0x00,0x06,0x00,0x00,0x00,0x00,0x00,0x00,0x00,0x00,0x00,0x00,0x00,0x00,0x00,0x00,0x00,0x00,0x00,0x00,0x00,0x00,0x00,0x00,0x00,0x00,0x00,0x00,0x00,0x00,0x00,0x00,0x00,0x00,0x00,0x00,0x00,0x00,0x00,0x00,0x00,0x00,
    0x00,0x00,0x00,0x00,0x00,0x00,0x00,0x00,0x00,0x00,0x00,0x00,0x00,0x00,0x00,0x00,0x00,0x00,0x00,0x00,0x00,0x00,0x00,0x00,0x00,0x00,0x00,0x00,0x00,0x00,0x00,0x00,0x00,0x00,0x00,0x00,0x00,0x00,0x00,0x02,0x00,0x09,0x53,0x55,0x2e,0x02,0x00,0x2a,0x40,0x9c,0x9a,0x7b,0x9a,0x92,0xb3,0xc1,0x5a,0xda,0xc2,0xc7,0xb5,0xbe,0x90,0x90,0x86,0x90,0x03,0x10,0xb5,0xb0,0xa5,0xb0,0xa4,0x93,0x93,0x93,0x92,0x92,0x92,0x93,0xb3,0xb9,0x8c,0xa7,0x90,0x7c,0x90,0x9e,0xd6,0x0d,0x9a,0x7b,0x7b,0x85,0x7b,0xae,0xcd,0x92,0xb3,0x0e,0x23,0x18,0x00,0x06,0x00,0x00,0x00,0x00,0x00,0x00,0x00,0x00,0x00,0x00,0x00,0x00,0x00,0x00,0x00,0x00,0x00,0x00,0x00,0x00,0x00,0x00,0x00,0x00,0x00,0x00,0x00,0x00,0x00,0x00,0x00,0x00,0x00,0x00,0x00,0x00,0x00,0x00,0x00,0x00,
    0x00,0x00,0x00,0x00,0x00,0x00,0x00,0x00,0x00,0x00,0x00,0x00,0x00,0x00,0x00,0x00,0x00,0x00,0x00,0x00,0x00,0x00,0x00,0x00,0x00,0x00,0x00,0x00,0x00,0x00,0x00,0x00,0x00,0x00,0x00,0x00,0x00,0x00,0x00,0x02,0x00,0x43,0x53,0x55,0x4c,0x00,0x1a,0x3e,0x8e,0x7b,0x85,0x85,0x9c,0xb3,0xbe,0xa4,0xb4,0xbe,0xba,0xaf,0xa7,0x7c,0x8e,0x94,0x98,0xa8,0xa7,0xab,0xb5,0xa3,0xa0,0xba,0xbe,0x17,0xbd,0xbd,0xbd,0xbd,0x0d,0xb5,0xaf,0xb9,0xa5,0xb5,0x0e,0x86,0x90,0x94,0xb0,0xba,0xbd,0x7b,0x85,0x7b,0x93,0xae,0xc6,0x92,0xae,0xa5,0x90,0x36,0x0b,0x02,0x00,0x00,0x00,0x00,0x00,0x00,0x00,0x00,0x00,0x00,0x00,0x00,0x00,0x00,0x00,0x00,0x00,0x00,0x00,0x00,0x00,0x00,0x00,0x00,0x00,0x00,0x00,0x00,0x00,0x00,0x00,0x00,0x00,0x00,0x00,0x00,0x00,0x00,0x00,0x00,
    0x00,0x00,0x00,0x00,0x00,0x00,0x00,0x00,0x00,0x00,0x00,0x00,0x00,0x00,0x00,0x00,0x00,0x00,0x00,0x00,0x00,0x00,0x00,0x00,0x00,0x00,0x00,0x00,0x00,0x00,0x00,0x00,0x00,0x00,0x00,0x00,0x00,0x00,0x00,0x5d,0x00,0x32,0x55,0x53,0x35,0x00,0x2a,0x24,0x90,0x85,0x7b,0x7b,0x85,0xd8,0xc0,0xda,0xca,0xaf,0xaf,0xd6,0x90,0x91,0x91,0x0e,0xa3,0xa7,0xa3,0xad,0xb5,0xd6,0x8c,0xb9,0xd6,0xb9,0xc6,0xa3,0xa7,0xa3,0xdf,0xf4,0xe4,0xb9,0xa7,0xa7,0xba,0xb0,0x98,0x86,0xad,0xe4,0x0d,0x7b,0x85,0x9a,0x85,0x9c,0xad,0x93,0xae,0xa5,0x91,0x33,0x0c,0x00,0x02,0x00,0x00,0x00,0x00,0x00,0x00,0x00,0x00,0x00,0x00,0x00,0x00,0x00,0x00,0x00,0x00,0x00,0x00,0x00,0x00,0x00,0x00,0x00,0x00,0x00,0x00,0x00,0x00,0x00,0x00,0x00,0x00,0x00,0x00,0x00,0x00,0x00,0x00,0x00,
    0x00,0x00,0x00,0x00,0x00,0x00,0x00,0x00,0x00,0x00,0x00,0x00,0x00,0x00,0x00,0x00,0x00,0x00,0x00,0x00,0x00,0x00,0x00,0x00,0x00,0x00,0x00,0x00,0x00,0x00,0x00,0x00,0x00,0x00,0x00,0x00,0x00,0x00,0x00,0x02,0x01,0x4c,0x6b,0x55,0x35,0x00,0x1f,0x10,0xaa,0x85,0xae,0xa4,0xe7,0xea,0xe2,0xe2,0xfb,0xfb,0xc2,0xb5,0x8c,0xb7,0x98,0xab,0xc6,0xaf,0xc8,0xc1,0xad,0x2b,0x86,0x90,0x86,0x8c,0x98,0x94,0x98,0x9e,0x8c,0xab,0xab,0xb9,0xd2,0x2c,0xd2,0xc8,0xad,0xb7,0xad,0xb1,0xbe,0xa4,0x9c,0x17,0x7b,0x9c,0x17,0xbd,0x9c,0xa5,0x90,0x41,0x0c,0x00,0x02,0x00,0x00,0x00,0x00,0x00,0x00,0x00,0x00,0x00,0x00,0x00,0x00,0x00,0x00,0x00,0x00,0x00,0x00,0x00,0x00,0x00,0x00,0x00,0x00,0x00,0x00,0x00,0x00,0x00,0x00,0x00,0x00,0x00,0x00,0x00,0x00,0x00,0x00,0x00,
    0x00,0x00,0x00,0x00,0x00,0x00,0x00,0x00,0x00,0x00,0x00,0x00,0x00,0x00,0x00,0x00,0x00,0x00,0x00,0x00,0x00,0x00,0x00,0x00,0x00,0x00,0x00,0x00,0x00,0x00,0x00,0x00,0x00,0x00,0x00,0x00,0x00,0x00,0x00,0x00,0x01,0x67,0x6b,0x53,0x00,0x0c,0x28,0x03,0x9c,0x17,0xbe,0xa4,0xd6,0xc2,0xea,0xfb,0xe2,0xe2,0xc2,0xad,0xab,0xe5,0xba,0xe0,0x95,0x83,0x7e,0x83,0x8f,0xb0,0x7c,0x8e,0x03,0x03,0x03,0x03,0x03,0x03,0x03,0x91,0x2c,0x95,0x1c,0x2c,0x44,0x95,0x95,0xb1,0xe1,0xe7,0x0d,0xcd,0x0d,0xa7,0x85,0xaa,0xb5,0xe7,0xa4,0xbd,0x10,0x41,0x0c,0x00,0x02,0x00,0x00,0x00,0x00,0x00,0x00,0x00,0x00,0x00,0x00,0x00,0x00,0x00,0x00,0x00,0x00,0x00,0x00,0x00,0x00,0x00,0x00,0x00,0x00,0x00,0x00,0x00,0x00,0x00,0x00,0x00,0x00,0x00,0x00,0x00,0x00,0x00,0x00,0x00,
    0x00,0x00,0x00,0x00,0x00,0x00,0x00,0x00,0x00,0x00,0x00,0x00,0x00,0x00,0x00,0x00,0x00,0x00,0x00,0x00,0x00,0x00,0x00,0x00,0x00,0x00,0x00,0x00,0x00,0x00,0x00,0x00,0x00,0x00,0x00,0x00,0x00,0x00,0x00,0x02,0x01,0x4c,0x5a,0x53,0x4d,0x1a,0x28,0x9e,0xbe,0xa7,0x7b,0x7b,0x92,0x17,0xb9,0xbf,0xd8,0xcb,0xd2,0x90,0xe5,0xb1,0x95,0x1c,0xa3,0x0e,0xad,0x0e,0xb9,0xd2,0x8e,0x91,0x86,0x86,0x86,0x86,0x86,0x03,0x8c,0xb9,0xd2,0x0e,0xb0,0xca,0xa3,0x10,0xc8,0x95,0xe0,0xe9,0xb5,0xd6,0xa7,0xa3,0x9a,0x9d,0xd6,0x0d,0x9f,0xbd,0xa8,0x41,0x0a,0x02,0x02,0x00,0x00,0x00,0x00,0x00,0x00,0x00,0x00,0x00,0x00,0x00,0x00,0x00,0x00,0x00,0x00,0x00,0x00,0x00,0x00,0x00,0x00,0x00,0x00,0x00,0x00,0x00,0x00,0x00,0x00,0x00,0x00,0x00,0x00,0x00,0x00,0x00,0x00,0x00,
    0x00,0x00,0x00,0x00,0x00,0x00,0x00,0x00,0x00,0x00,0x00,0x00,0x00,0x00,0x00,0x00,0x00,0x00,0x00,0x00,0x00,0x00,0x00,0x00,0x00,0x00,0x00,0x00,0x00,0x00,0x00,0x00,0x00,0x00,0x00,0x00,0x00,0x00,0x00,0x5d,0x00,0x63,0x74,0x74,0x4d,0x29,0x23,0x98,0x17,0xcd,0x9f,0xae,0xad,0xbe,0x62,0xb4,0xba,0xe7,0xad,0x03,0xe4,0x95,0xc8,0x98,0xb0,0x7a,0x95,0xc8,0xa5,0xa0,0xa0,0x91,0x03,0x86,0x86,0x86,0x03,0x8e,0x8e,0xa5,0x7c,0xb1,0x95,0x1c,0xd2,0xaf,0x8c,0xa3,0x95,0x8f,0xbd,0xbe,0xc6,0xa3,0x7b,0x9a,0x92,0x7b,0x9d,0x17,0x68,0x38,0x00,0x0b,0x00,0x00,0x00,0x00,0x00,0x00,0x00,0x00,0x00,0x00,0x00,0x00,0x00,0x00,0x00,0x00,0x00,0x00,0x00,0x00,0x00,0x00,0x00,0x00,0x00,0x00,0x00,0x00,0x00,0x00,0x00,0x00,0x00,0x00,0x00,0x00,0x00,0x00,0x00,0x00,
    0x00,0x00,0x00,0x00,0x00,0x00,0x00,0x00,0x00,0x00,0x00,0x00,0x00,0x00,0x00,0x00,0x00,0x00,0x00,0x00,0x00,0x00,0x00,0x00,0x00,0x00,0x00,0x00,0x00,0x00,0x00,0x00,0x00,0x00,0x00,0x00,0x00,0x00,0x00,0x02,0x00,0x35,0x52,0x6f,0x69,0x27,0x24,0x8c,0xcd,0x17,0xb4,0xc6,0xc2,0xb8,0xcf,0xcf,0xcb,0xd2,0xa8,0xc6,0x95,0xc8,0x8c,0xdf,0x95,0xb1,0xca,0xc6,0x8d,0xad,0x8c,0x03,0x86,0x86,0x86,0x86,0x03,0x90,0xa0,0x8c,0xbf,0x95,0xbf,0x10,0xa3,0x95,0xc1,0x8c,0xb9,0x95,0xe7,0x9a,0xaf,0xb5,0x9d,0x9a,0x85,0x9a,0x9c,0xa5,0x8e,0x23,0x29,0x00,0x06,0x00,0x00,0x00,0x00,0x00,0x00,0x00,0x00,0x00,0x00,0x00,0x00,0x00,0x00,0x00,0x00,0x00,0x00,0x00,0x00,0x00,0x00,0x00,0x00,0x00,0x00,0x00,0x00,0x00,0x00,0x00,0x00,0x00,0x00,0x00,0x00,0x00,0x00,0x00,
    0x00,0x00,0x00,0x00,0x00,0x00,0x00,0x00,0x00,0x00,0x00,0x00,0x00,0x00,0x00,0x00,0x00,0x00,0x00,0x00,0x00,0x00,0x00,0x00,0x00,0x00,0x00,0x00,0x00,0x00,0x00,0x00,0x00,0x00,0x00,0x00,0x00,0x00,0x00,0x00,0x06,0x00,0x59,0x6f,0x70,0x67,0x3c,0xb4,0xe7,0xbe,0xa4,0x5a,0xe2,0xf5,0xe2,0xe2,0xe2,0xc2,0xa0,0xc8,0x82,0x90,0x98,0xe0,0x2c,0x8c,0x8c,0x0e,0x95,0xd2,0x98,0x8e,0x8e,0x03,0x86,0x86,0x86,0x86,0x86,0x86,0x8f,0xb1,0x8c,0x94,0x10,0x83,0x44,0x03,0x8c,0x2c,0x7f,0x9b,0xe0,0xaf,0xa4,0x9a,0x7b,0x7b,0x7b,0xae,0x8e,0x64,0x36,0x18,0x00,0x01,0x00,0x00,0x00,0x00,0x00,0x00,0x00,0x00,0x00,0x00,0x00,0x00,0x00,0x00,0x00,0x00,0x00,0x00,0x00,0x00,0x00,0x00,0x00,0x00,0x00,0x00,0x00,0x00,0x00,0x00,0x00,0x00,0x00,0x00,0x00,0x00,0x00,0x00,
    0x00,0x00,0x00,0x00,0x00,0x00,0x00,0x00,0x00,0x00,0x00,0x00,0x00,0x00,0x00,0x00,0x00,0x00,0x00,0x00,0x00,0x00,0x00,0x00,0x00,0x00,0x00,0x00,0x00,0x00,0x00,0x00,0x00,0x00,0x00,0x00,0x00,0x00,0x00,0x00,0x06,0x00,0x25,0x52,0x52,0x70,0x3c,0xa4,0xe7,0x9a,0x92,0x5a,0xea,0xea,0xea,0xfb,0xe2,0xcf,0xa5,0x95,0xca,0x8c,0xab,0x8a,0xda,0x8c,0x7c,0x10,0x83,0x8f,0x8e,0x90,0x90,0x86,0x86,0x86,0x86,0x03,0x98,0x10,0x8a,0xd8,0x8c,0x9e,0xa8,0xa9,0x84,0xa8,0x8c,0xad,0x95,0xe7,0xe8,0x5f,0x9d,0x9a,0x7b,0x85,0x93,0xbe,0xb0,0x94,0xaa,0x36,0x31,0x0b,0x06,0x02,0x00,0x00,0x00,0x00,0x00,0x00,0x00,0x00,0x00,0x00,0x00,0x00,0x00,0x00,0x00,0x00,0x00,0x00,0x00,0x00,0x00,0x00,0x00,0x00,0x00,0x00,0x00,0x00,0x00,0x00,0x00,0x00,0x00,0x00,0x00,0x00,
    0x00,0x00,0x00,0x00,0x00,0x00,0x00,0x00,0x00,0x00,0x00,0x00,0x00,0x00,0x00,0x00,0x00,0x00,0x00,0x00,0x00,0x00,0x00,0x00,0x00,0x00,0x00,0x00,0x00,0x00,0x00,0x00,0x00,0x00,0x00,0x00,0x00,0x00,0x00,0x00,0x00,0x01,0x5d,0x52,0x6f,0x76,0x3c,0x9b,0xcd,0x9c,0x7b,0xae,0x17,0xa3,0xc1,0xbf,0xa9,0xb9,0xb1,0x95,0xa8,0x8c,0xa5,0x8a,0xcf,0xfa,0xa0,0xf1,0xce,0x7f,0xa0,0x94,0x86,0x86,0x86,0x86,0x86,0x03,0x94,0xab,0x82,0xc2,0xfe,0xfa,0xf1,0xf9,0x1c,0xab,0x94,0x90,0x07,0xe0,0xed,0xcc,0xae,0x93,0x85,0x7b,0x9a,0x9f,0x2d,0x28,0x90,0x64,0x4f,0x18,0x00,0x02,0x00,0x00,0x00,0x00,0x00,0x00,0x00,0x00,0x00,0x00,0x00,0x00,0x00,0x00,0x00,0x00,0x00,0x00,0x00,0x00,0x00,0x00,0x00,0x00,0x00,0x00,0x00,0x00,0x00,0x00,0x00,0x00,0x00,0x00,0x00,0x00,
    0x00,0x00,0x00,0x00,0x00,0x00,0x00,0x00,0x00,0x00,0x00,0x00,0x00,0x00,0x00,0x00,0x00,0x00,0x00,0x00,0x00,0x00,0x00,0x00,0x00,0x00,0x00,0x00,0x00,0x00,0x00,0x00,0x00,0x00,0x00,0x00,0x00,0x00,0x00,0x00,0x00,0x06,0x00,0x2e,0x74,0xa7,0x0d,0x9c,0x85,0x7b,0x85,0x7b,0x9d,0xa4,0x93,0xeb,0xde,0x8e,0xc8,0x8f,0x7c,0x94,0xa8,0xa9,0xf9,0xf1,0xf1,0xf1,0xd7,0x2c,0x7c,0x86,0x86,0x86,0x86,0x86,0x86,0x03,0x7c,0x90,0xc7,0xf9,0xf1,0xf1,0xfe,0xf1,0xd8,0x90,0x7c,0x94,0xe0,0xaf,0xed,0xd9,0xcd,0x9d,0x9a,0x7b,0x85,0x9c,0xae,0x1f,0x4f,0x48,0x86,0x4f,0x18,0x0a,0x02,0x00,0x00,0x00,0x00,0x00,0x00,0x00,0x00,0x00,0x00,0x00,0x00,0x00,0x00,0x00,0x00,0x00,0x00,0x00,0x00,0x00,0x00,0x00,0x00,0x00,0x00,0x00,0x00,0x00,0x00,0x00,0x00,0x00,0x00,0x00,
    0x00,0x00,0x00,0x00,0x00,0x00,0x00,0x00,0x00,0x00,0x00,0x00,0x00,0x00,0x00,0x00,0x00,0x00,0x00,0x00,0x00,0x00,0x00,0x00,0x00,0x00,0x00,0x00,0x00,0x00,0x00,0x00,0x00,0x00,0x00,0x00,0x00,0x00,0x00,0x00,0x00,0x00,0x01,0x00,0x63,0x49,0xb7,0x92,0x85,0x85,0x7b,0x85,0xae,0x9d,0xca,0xde,0xcc,0xb9,0x10,0xd2,0x90,0x7c,0x94,0xd8,0xf9,0x03,0x10,0x8c,0xfc,0xca,0x8c,0x90,0x86,0x86,0x86,0x86,0x86,0x86,0x03,0x8c,0xca,0xfc,0x03,0xfa,0x03,0xfc,0xbf,0x8c,0x94,0x0e,0xbf,0x0e,0xf0,0xd9,0x6a,0x9d,0x9a,0x7b,0x85,0x9c,0xb3,0x49,0x67,0x38,0x48,0x03,0x3b,0x20,0x00,0x06,0x00,0x00,0x00,0x00,0x00,0x00,0x00,0x00,0x00,0x00,0x00,0x00,0x00,0x00,0x00,0x00,0x00,0x00,0x00,0x00,0x00,0x00,0x00,0x00,0x00,0x00,0x00,0x00,0x00,0x00,0x00,0x00,0x00,0x00,
    0x00,0x00,0x00,0x00,0x00,0x00,0x00,0x00,0x00,0x00,0x00,0x00,0x00,0x00,0x00,0x00,0x00,0x00,0x00,0x00,0x00,0x00,0x00,0x00,0x00,0x00,0x00,0x00,0x00,0x00,0x00,0x00,0x00,0x00,0x00,0x00,0x00,0x00,0x00,0x00,0x00,0x00,0x05,0x02,0x0c,0x36,0xbe,0xae,0x7b,0x7b,0x9c,0x85,0x9c,0xb3,0xdd,0xeb,0xee,0xd2,0x8c,0xa5,0xa8,0x91,0x8c,0xa5,0xcf,0xfa,0x90,0xfe,0x5a,0xa0,0x91,0x03,0x86,0x86,0x86,0x86,0x86,0x86,0x03,0x86,0x90,0x5a,0xfd,0x0e,0xc1,0xbf,0x90,0x91,0x94,0xab,0x86,0xc1,0xaf,0xdf,0xaf,0x9a,0x7b,0x7b,0x7b,0x85,0x13,0x17,0x69,0x0c,0x45,0x03,0x40,0x30,0x35,0x02,0x00,0x00,0x00,0x00,0x00,0x00,0x00,0x00,0x00,0x00,0x00,0x00,0x00,0x00,0x00,0x00,0x00,0x00,0x00,0x00,0x00,0x00,0x00,0x00,0x00,0x00,0x00,0x00,0x00,0x00,0x00,0x00,0x00,0x00,
    0x00,0x00,0x00,0x00,0x00,0x00,0x00,0x00,0x00,0x00,0x00,0x00,0x00,0x00,0x00,0x00,0x00,0x00,0x00,0x00,0x00,0x00,0x00,0x00,0x00,0x00,0x00,0x00,0x00,0x00,0x00,0x00,0x00,0x00,0x00,0x00,0x00,0x00,0x00,0x00,0x00,0x00,0x06,0x00,0x27,0x23,0xa8,0xad,0x92,0x7b,0x9c,0x9a,0x9d,0xd0,0xde,0xbe,0xad,0xaf,0x10,0x9e,0x86,0x03,0x8e,0x9e,0xa5,0xc8,0xd8,0xca,0xa0,0x94,0x03,0x86,0x86,0x86,0x03,0x03,0x86,0x86,0x86,0x03,0x94,0x90,0xc6,0xc8,0xaf,0xad,0x10,0x8e,0xab,0x94,0x98,0xa3,0xb5,0xb1,0xd0,0xb0,0x9d,0x9a,0x7b,0x85,0x7b,0x40,0x51,0x0c,0x38,0x64,0x9e,0x17,0x63,0x00,0x02,0x00,0x00,0x00,0x00,0x00,0x00,0x00,0x00,0x00,0x00,0x00,0x00,0x00,0x00,0x00,0x00,0x00,0x00,0x00,0x00,0x00,0x00,0x00,0x00,0x00,0x00,0x00,0x00,0x00,0x00,0x00,0x00,0x00,
    0x00,0x00,0x00,0x00,0x00,0x00,0x00,0x00,0x00,0x00,0x00,0x00,0x00,0x00,0x00,0x00,0x00,0x00,0x00,0x00,0x00,0x00,0x00,0x00,0x00,0x00,0x00,0x00,0x00,0x00,0x00,0x00,0x00,0x00,0x00,0x00,0x00,0x00,0x00,0x00,0x00,0x02,0x05,0x00,0x4f,0x40,0x9c,0xb3,0x9c,0x85,0x9a,0x9d,0x17,0xd9,0xf2,0xf4,0x2c,0xb5,0x0e,0x94,0x8e,0x8e,0x0e,0x0e,0xad,0x0e,0xa0,0x9e,0x7c,0x03,0x86,0x86,0x86,0x7c,0x8e,0x90,0x86,0x86,0x86,0x86,0x03,0x86,0x9e,0x98,0x8e,0xa5,0xa8,0x90,0x8e,0x86,0xa0,0xa7,0xaf,0x2c,0xac,0xf2,0x9a,0x7b,0x7b,0x9c,0xaa,0x91,0x48,0x3f,0x0b,0x36,0x90,0xb7,0x4c,0x1b,0x02,0x02,0x00,0x00,0x00,0x00,0x00,0x00,0x00,0x00,0x00,0x00,0x00,0x00,0x00,0x00,0x00,0x00,0x00,0x00,0x00,0x00,0x00,0x00,0x00,0x00,0x00,0x00,0x00,0x00,0x00,0x00,0x00,0x00,
    0x00,0x00,0x00,0x00,0x00,0x00,0x00,0x00,0x00,0x00,0x00,0x00,0x00,0x00,0x00,0x00,0x00,0x00,0x00,0x00,0x00,0x00,0x00,0x00,0x00,0x00,0x00,0x00,0x00,0x00,0x00,0x00,0x00,0x00,0x00,0x00,0x02,0x05,0x05,0x01,0x00,0x05,0x00,0x2e,0x3c,0x9b,0x85,0x93,0x7b,0x85,0x9c,0x7b,0x5f,0xd3,0xe8,0xe4,0xe4,0xa3,0xad,0x7c,0xb7,0xb3,0xb3,0xb7,0x8e,0x90,0x03,0x03,0x03,0x86,0x86,0x86,0x86,0x86,0x03,0x03,0x86,0x86,0x86,0x86,0x86,0x86,0x03,0x90,0x8e,0x86,0x90,0x8e,0x8e,0x90,0x0e,0xcd,0xa3,0xec,0xf7,0xdd,0xb5,0xb4,0x9b,0xa6,0x03,0xa6,0x0d,0x70,0x1a,0x38,0xab,0xa6,0x3d,0x08,0x00,0x01,0x00,0x00,0x00,0x00,0x00,0x00,0x00,0x00,0x00,0x00,0x00,0x00,0x00,0x00,0x00,0x00,0x00,0x00,0x00,0x00,0x00,0x00,0x00,0x00,0x00,0x00,0x00,0x00,0x00,0x00,0x00,0x00,
    0x00,0x00,0x00,0x00,0x00,0x00,0x00,0x00,0x00,0x00,0x00,0x00,0x00,0x00,0x00,0x00,0x00,0x00,0x00,0x00,0x00,0x00,0x00,0x00,0x00,0x00,0x00,0x00,0x00,0x00,0x00,0x00,0x00,0x00,0x00,0x02,0x00,0x00,0x00,0x00,0x05,0x02,0x18,0x2d,0xab,0x13,0x85,0x85,0x7b,0x9a,0x9d,0x5b,0xe8,0xbf,0xe1,0xec,0xec,0xc3,0xa7,0x8e,0xa0,0xb7,0xa0,0x8e,0x8e,0xa0,0x8e,0x03,0x86,0x86,0x86,0x86,0x86,0x86,0x98,0x98,0x86,0x86,0x86,0x86,0x86,0x86,0x03,0x8e,0x8e,0xa0,0x8e,0x8e,0x90,0x98,0xad,0x0d,0xba,0xe9,0xe5,0xd6,0xee,0xa5,0x92,0x7b,0x7b,0x85,0x85,0x3c,0x4f,0x45,0x8e,0x94,0x1f,0x4d,0x00,0x01,0x00,0x00,0x00,0x00,0x00,0x00,0x00,0x00,0x00,0x00,0x00,0x00,0x00,0x00,0x00,0x00,0x00,0x00,0x00,0x00,0x00,0x00,0x00,0x00,0x00,0x00,0x00,0x00,0x00,0x00,0x00,0x00,
    0x00,0x00,0x00,0x00,0x00,0x00,0x00,0x00,0x00,0x00,0x00,0x00,0x00,0x00,0x00,0x00,0x00,0x00,0x00,0x00,0x00,0x00,0x00,0x00,0x00,0x00,0x00,0x00,0x00,0x00,0x00,0x00,0x00,0x00,0x02,0x00,0x0a,0x18,0x57,0x57,0x0a,0x20,0x36,0x48,0x9b,0x9a,0x13,0x7b,0x9a,0x92,0x0d,0xde,0xd0,0xe5,0xe5,0xe9,0xec,0xc3,0xa7,0xa8,0x03,0xa0,0xa0,0x8e,0x8e,0x8e,0x90,0x86,0x86,0x86,0x86,0x86,0x86,0x90,0xa7,0xb0,0x03,0x03,0x86,0x86,0x86,0x86,0x86,0x8e,0x8e,0x8e,0x8e,0xa0,0x03,0x91,0xd6,0xb2,0xba,0xe5,0xe1,0xbd,0xdd,0x5f,0x7b,0x85,0x7b,0x7b,0x13,0xa4,0x2d,0x23,0x91,0x9e,0x1f,0x4d,0x00,0x01,0x00,0x00,0x00,0x00,0x00,0x00,0x00,0x00,0x00,0x00,0x00,0x00,0x00,0x00,0x00,0x00,0x00,0x00,0x00,0x00,0x00,0x00,0x00,0x00,0x00,0x00,0x00,0x00,0x00,0x00,0x00,0x00,
    0x00,0x00,0x00,0x00,0x00,0x00,0x00,0x00,0x00,0x00,0x00,0x00,0x00,0x00,0x00,0x00,0x00,0x00,0x00,0x00,0x00,0x00,0x00,0x00,0x00,0x00,0x00,0x00,0x00,0x00,0x00,0x00,0x00,0x02,0x00,0x0c,0x41,0x23,0x34,0x24,0x2d,0x2d,0x9c,0x92,0x9a,0x7b,0x7b,0x85,0x9c,0x9a,0xf2,0xd3,0xd0,0x10,0xe1,0xe1,0xe4,0x47,0xe9,0xbf,0x94,0xa0,0xa0,0x8e,0x8e,0x90,0x86,0x86,0x86,0x86,0x86,0x03,0x8c,0xa7,0xec,0xec,0xb0,0x9e,0x03,0x86,0x86,0x86,0x86,0x03,0x90,0x8e,0x8e,0x8e,0x98,0xa5,0xb1,0xe1,0xec,0xa7,0xa0,0xfe,0xcc,0xac,0x17,0x9d,0x9a,0x7b,0x85,0x85,0x13,0x13,0x90,0x62,0x59,0x1b,0x02,0x01,0x00,0x00,0x00,0x00,0x00,0x00,0x00,0x00,0x00,0x00,0x00,0x00,0x00,0x00,0x00,0x00,0x00,0x00,0x00,0x00,0x00,0x00,0x00,0x00,0x00,0x00,0x00,0x00,0x00,0x00,0x00,0x00,
    0x00,0x00,0x00,0x00,0x00,0x00,0x00,0x00,0x00,0x00,0x00,0x00,0x00,0x00,0x00,0x00,0x00,0x00,0x00,0x00,0x00,0x00,0x00,0x00,0x00,0x00,0x00,0x00,0x00,0x00,0x00,0x00,0x00,0x05,0x0a,0x41,0x8c,0xa6,0xa6,0x9f,0xaa,0x9f,0x13,0x9a,0x9c,0x9d,0x7b,0x85,0x92,0xd0,0xb6,0xb6,0xe8,0x98,0x91,0xb0,0xb1,0xf4,0xe9,0xb1,0x10,0x91,0x90,0x90,0x90,0x86,0x86,0x86,0x86,0x86,0x86,0x03,0x94,0xab,0xe9,0xe9,0xab,0x94,0x03,0x86,0x86,0x86,0x86,0x86,0x86,0x03,0x03,0x86,0x03,0xbf,0xb0,0xb5,0xba,0x8c,0xb7,0xed,0xac,0xd3,0xd0,0xa4,0x9b,0x9c,0x9c,0x9c,0x93,0xae,0x9b,0x24,0x27,0x00,0x05,0x00,0x00,0x00,0x00,0x00,0x00,0x00,0x00,0x00,0x00,0x00,0x00,0x00,0x00,0x00,0x00,0x00,0x00,0x00,0x00,0x00,0x00,0x00,0x00,0x00,0x00,0x00,0x00,0x00,0x00,0x00,0x00,0x00,
    0x00,0x00,0x00,0x00,0x00,0x00,0x00,0x00,0x00,0x00,0x00,0x00,0x00,0x00,0x00,0x00,0x00,0x00,0x00,0x00,0x00,0x00,0x00,0x00,0x00,0x00,0x00,0x00,0x00,0x00,0x00,0x00,0x06,0x00,0x18,0x34,0x9c,0x9a,0x9a,0x9a,0x9a,0x93,0x85,0xaa,0x86,0xa6,0x7b,0x9d,0xc1,0xd3,0xa1,0xb6,0xc9,0xfd,0x98,0x8c,0xa3,0xb9,0x10,0x0e,0xb5,0x9e,0x03,0x03,0x86,0x86,0x86,0x86,0x86,0x86,0x86,0x86,0x03,0x98,0x86,0x86,0x94,0x03,0x86,0x86,0x86,0x86,0x86,0x86,0x86,0x03,0x03,0x8c,0xb5,0xa5,0x8c,0xc6,0xa7,0x10,0xe8,0xd9,0xd9,0xb6,0xf2,0x93,0x9b,0x9f,0x9f,0xaa,0x9f,0xe7,0x68,0x30,0x1a,0x01,0x05,0x00,0x00,0x00,0x00,0x00,0x00,0x00,0x00,0x00,0x00,0x00,0x00,0x00,0x00,0x00,0x00,0x00,0x00,0x00,0x00,0x00,0x00,0x00,0x00,0x00,0x00,0x00,0x00,0x00,0x00,0x00,0x00,0x00,
    0x00,0x00,0x00,0x00,0x00,0x00,0x00,0x00,0x00,0x00,0x00,0x00,0x00,0x00,0x00,0x00,0x00,0x00,0x00,0x00,0x00,0x00,0x00,0x00,0x00,0x00,0x00,0x00,0x00,0x00,0x00,0x00,0x0b,0x00,0x37,0xa4,0x85,0x7b,0x13,0x85,0x9c,0x0d,0x85,0xaa,0x7c,0xaa,0x9d,0xa5,0xac,0x99,0x89,0xb6,0xc9,0xbc,0x5f,0xa8,0xa3,0xb1,0x86,0xa0,0xda,0xfd,0x9e,0x91,0x03,0x03,0x86,0x86,0x86,0x86,0x86,0x86,0x86,0x03,0x86,0x86,0x03,0x86,0x86,0x86,0x86,0x86,0x86,0x03,0x03,0x98,0x98,0xca,0xf0,0xd0,0xdf,0xb1,0xd8,0xe3,0xe3,0xd9,0xd9,0xa1,0xed,0xb3,0x7b,0x9c,0x9c,0x7b,0x7b,0xae,0x72,0x2a,0x00,0x06,0x00,0x00,0x00,0x00,0x00,0x00,0x00,0x00,0x00,0x00,0x00,0x00,0x00,0x00,0x00,0x00,0x00,0x00,0x00,0x00,0x00,0x00,0x00,0x00,0x00,0x00,0x00,0x00,0x00,0x00,0x00,0x00,0x00,0x00,
    0x00,0x00,0x00,0x00,0x00,0x00,0x00,0x00,0x00,0x00,0x00,0x00,0x00,0x00,0x00,0x00,0x00,0x00,0x00,0x00,0x00,0x00,0x00,0x00,0x00,0x00,0x00,0x00,0x00,0x00,0x00,0x00,0x0b,0x00,0x51,0xb4,0x9a,0x9a,0x9a,0x9f,0x17,0xb0,0x92,0x9c,0x9b,0x7b,0x92,0xeb,0xb6,0xa1,0xa1,0xb6,0xbc,0xe3,0xbc,0xc9,0xee,0xf6,0xdd,0xde,0xac,0xbc,0x6a,0xa0,0x9e,0x98,0x03,0x03,0x03,0x03,0x86,0x86,0x86,0x86,0x86,0x86,0x86,0x86,0x86,0x03,0x03,0x03,0x86,0x9e,0x98,0x0d,0xda,0xe6,0xe3,0xe3,0xf3,0xf8,0xf7,0xe3,0xac,0xa1,0xac,0xa2,0xed,0xb3,0x7b,0x85,0x85,0x7b,0x85,0x9c,0x9c,0x1f,0x0a,0x00,0x02,0x00,0x00,0x00,0x00,0x00,0x00,0x00,0x00,0x00,0x00,0x00,0x00,0x00,0x00,0x00,0x00,0x00,0x00,0x00,0x00,0x00,0x00,0x00,0x00,0x00,0x00,0x00,0x00,0x00,0x00,0x00,0x00,0x00,
    0x00,0x00,0x00,0x00,0x00,0x00,0x00,0x00,0x00,0x00,0x00,0x00,0x00,0x00,0x00,0x00,0x00,0x00,0x00,0x00,0x00,0x00,0x00,0x00,0x00,0x00,0x00,0x00,0x00,0x00,0x00,0x00,0x0b,0x00,0x51,0x9e,0x90,0xa6,0x62,0x0d,0xc6,0x9c,0x85,0x85,0x9a,0x92,0x0d,0xac,0xa1,0xb6,0xb6,0xb6,0xe3,0xb6,0xe3,0xee,0xf8,0xef,0xf6,0xe8,0xa1,0xe3,0xc9,0xdd,0xfd,0xa8,0x7c,0x9e,0x9e,0x91,0x86,0x03,0x03,0x03,0x03,0x03,0x86,0x03,0x03,0x94,0x8c,0x9e,0xa6,0xa5,0x6a,0xf0,0xc9,0xc9,0xd9,0xee,0xff,0xef,0xef,0xf6,0xde,0xbb,0xac,0xa2,0xf2,0x9a,0x9c,0x9c,0x7b,0x85,0x7b,0xb3,0xae,0x3c,0x3f,0x00,0x05,0x00,0x00,0x00,0x00,0x00,0x00,0x00,0x00,0x00,0x00,0x00,0x00,0x00,0x00,0x00,0x00,0x00,0x00,0x00,0x00,0x00,0x00,0x00,0x00,0x00,0x00,0x00,0x00,0x00,0x00,0x00,0x00,0x00,
    0x00,0x00,0x00,0x00,0x00,0x00,0x00,0x00,0x00,0x00,0x00,0x00,0x00,0x00,0x00,0x00,0x00,0x00,0x00,0x00,0x00,0x00,0x00,0x00,0x00,0x00,0x00,0x00,0x00,0x00,0x00,0x00,0x0b,0x00,0x2a,0x9e,0x24,0x3b,0x4f,0x2d,0x90,0x13,0x7b,0x93,0x7b,0x9d,0x5b,0xac,0xb6,0xb6,0xa2,0xa1,0xac,0x97,0xb6,0xf6,0xef,0xef,0xff,0xf7,0xa2,0xe3,0xbc,0xbc,0xc9,0xcc,0x5f,0xc1,0xa5,0xa0,0xa6,0x9e,0x94,0x7c,0x7c,0x86,0x86,0x86,0x90,0xb7,0xad,0xca,0xd8,0xcc,0xd3,0xbc,0xbc,0xbc,0xa1,0xd4,0xf8,0xef,0xef,0xee,0xa2,0x99,0xac,0xa1,0xd0,0xa6,0x03,0x9f,0x9d,0x9a,0x9f,0x17,0x17,0xa0,0x2a,0x02,0x02,0x00,0x00,0x00,0x00,0x00,0x00,0x00,0x00,0x00,0x00,0x00,0x00,0x00,0x00,0x00,0x00,0x00,0x00,0x00,0x00,0x00,0x00,0x00,0x00,0x00,0x00,0x00,0x00,0x00,0x00,0x00,0x00,0x00,
    0x00,0x00,0x00,0x00,0x00,0x00,0x00,0x00,0x00,0x00,0x00,0x00,0x00,0x00,0x00,0x00,0x00,0x00,0x00,0x00,0x00,0x00,0x00,0x00,0x00,0x00,0x00,0x00,0x00,0x00,0x00,0x00,0x0b,0x00,0x3f,0x94,0x1f,0x4d,0x38,0x91,0xaa,0x9a,0x92,0xeb,0x5b,0xb4,0x5b,0xb6,0xa1,0xa2,0x89,0x96,0xb6,0x89,0x97,0xac,0xff,0xef,0xff,0xd3,0x97,0xd9,0xc9,0xc9,0xbc,0xa2,0xa2,0xe3,0xe6,0xf0,0xe8,0x6a,0xe5,0xc3,0xb7,0xab,0xb3,0xe5,0xe4,0xf0,0xc9,0xe6,0xc9,0x96,0xa2,0xbc,0xc9,0xc9,0xa1,0xa2,0xf8,0xf8,0xf8,0xf7,0x97,0xd4,0xdd,0xac,0x17,0xaa,0x9b,0x92,0x9c,0x9a,0xa4,0x3e,0x1f,0x28,0x2d,0x29,0x00,0x06,0x00,0x00,0x00,0x00,0x00,0x00,0x00,0x00,0x00,0x00,0x00,0x00,0x00,0x00,0x00,0x00,0x00,0x00,0x00,0x00,0x00,0x00,0x00,0x00,0x00,0x00,0x00,0x00,0x00,0x00,0x00,0x00,
    0x00,0x00,0x00,0x00,0x00,0x00,0x00,0x00,0x00,0x00,0x00,0x00,0x00,0x00,0x00,0x00,0x00,0x00,0x00,0x00,0x00,0x00,0x00,0x00,0x00,0x00,0x00,0x00,0x00,0x00,0x00,0x00,0x0b,0x00,0x38,0x48,0x2a,0x0c,0x45,0x86,0x90,0x9d,0xb0,0xac,0xd4,0x17,0x5b,0xa1,0x99,0x89,0x89,0x89,0x89,0x89,0x99,0xed,0xf6,0xf7,0xf6,0xde,0xbb,0xd9,0xc9,0xbc,0xbc,0xd9,0xde,0xdd,0xe6,0xe6,0xbc,0xdd,0x47,0xc3,0xb2,0xb2,0xc3,0xc3,0xda,0xbc,0xc9,0xe6,0xe6,0xcc,0xcc,0xc9,0xbc,0xbc,0x96,0xa1,0xee,0xac,0xe8,0xe8,0x97,0xe8,0xee,0x5b,0x92,0x9d,0x93,0x9a,0x85,0x85,0xa6,0x45,0x57,0x36,0x64,0x57,0x00,0x06,0x00,0x00,0x00,0x00,0x00,0x00,0x00,0x00,0x00,0x00,0x00,0x00,0x00,0x00,0x00,0x00,0x00,0x00,0x00,0x00,0x00,0x00,0x00,0x00,0x00,0x00,0x00,0x00,0x00,0x00,0x00,0x00,
    0x00,0x00,0x00,0x00,0x00,0x00,0x00,0x00,0x00,0x00,0x00,0x00,0x00,0x00,0x00,0x00,0x00,0x00,0x00,0x00,0x00,0x00,0x00,0x00,0x00,0x00,0x00,0x00,0x00,0x00,0x00,0x00,0x0b,0x00,0x51,0x34,0x29,0x18,0x34,0xaa,0x9a,0x9d,0xd0,0xb6,0xa2,0x50,0x6a,0xa1,0x96,0x89,0x89,0x89,0x89,0x89,0x97,0xed,0xde,0x97,0xac,0xd4,0x97,0xd3,0xbc,0xe6,0xc4,0x80,0x83,0x8a,0x8a,0x83,0xd1,0x1c,0x47,0xc3,0xb2,0xb2,0xb2,0xc3,0xd8,0xd1,0x87,0x83,0x8a,0x83,0x83,0xd1,0xf3,0xbc,0x89,0x99,0xa2,0xbb,0x97,0x89,0xd4,0xc1,0xa6,0xaa,0x92,0xb0,0xa8,0xa6,0xaa,0x90,0x91,0x45,0x2a,0x33,0x41,0x31,0x02,0x02,0x00,0x00,0x00,0x00,0x00,0x00,0x00,0x00,0x00,0x00,0x00,0x00,0x00,0x00,0x00,0x00,0x00,0x00,0x00,0x00,0x00,0x00,0x00,0x00,0x00,0x00,0x00,0x00,0x00,0x00,0x00,0x00,
    0x00,0x00,0x00,0x00,0x00,0x00,0x00,0x00,0x00,0x00,0x00,0x00,0x00,0x00,0x00,0x00,0x00,0x00,0x00,0x00,0x00,0x00,0x00,0x00,0x00,0x00,0x00,0x00,0x00,0x00,0x00,0x00,0x0b,0x00,0x27,0x90,0x2a,0x18,0x2d,0x9f,0xae,0x92,0xeb,0xa1,0xa2,0x97,0xac,0xd4,0xbb,0x99,0x99,0x97,0x99,0x96,0x89,0x96,0x97,0x89,0xbb,0x99,0x99,0xd3,0xf3,0x81,0x7a,0x82,0x83,0x8a,0x8a,0x8a,0x95,0x81,0x47,0xc3,0xb2,0xb2,0xb2,0xc3,0xd2,0x95,0x8b,0x8a,0x8a,0x8a,0x83,0x7e,0x83,0xf3,0x99,0x89,0x89,0xa2,0x89,0x97,0xed,0xb3,0xa6,0xaa,0xd0,0xac,0x5f,0xa0,0x98,0x03,0xa6,0xa6,0x62,0x45,0x29,0x00,0x05,0x00,0x00,0x00,0x00,0x00,0x00,0x00,0x00,0x00,0x00,0x00,0x00,0x00,0x00,0x00,0x00,0x00,0x00,0x00,0x00,0x00,0x00,0x00,0x00,0x00,0x00,0x00,0x00,0x00,0x00,0x00,0x00,0x00,
    0x00,0x00,0x00,0x00,0x00,0x00,0x00,0x00,0x00,0x00,0x00,0x00,0x00,0x00,0x00,0x00,0x00,0x00,0x00,0x00,0x00,0x00,0x00,0x00,0x00,0x00,0x00,0x00,0x00,0x00,0x00,0x00,0x02,0x05,0x31,0x2a,0x3f,0x37,0x34,0xa6,0x9c,0x9f,0xd0,0xa2,0x97,0x97,0x97,0x97,0x97,0x97,0x99,0x97,0x97,0xa2,0x89,0x89,0x89,0x96,0x89,0xa2,0xbb,0xdd,0x8a,0x82,0x7d,0x80,0x8b,0x83,0x8a,0x8a,0x95,0x2c,0x8e,0xb7,0xb2,0xb2,0xc3,0x90,0xc6,0x81,0x95,0x8a,0x8a,0x81,0x7d,0x80,0x88,0x83,0xcc,0xbb,0x89,0x99,0x89,0x96,0xf2,0xb7,0xa6,0xc1,0xac,0xa2,0xd3,0xeb,0xaa,0x85,0x85,0x13,0x9c,0x60,0x2e,0x00,0x06,0x00,0x00,0x00,0x00,0x00,0x00,0x00,0x00,0x00,0x00,0x00,0x00,0x00,0x00,0x00,0x00,0x00,0x00,0x00,0x00,0x00,0x00,0x00,0x00,0x00,0x00,0x00,0x00,0x00,0x00,0x00,0x00,0x00,
    0x00,0x00,0x00,0x00,0x00,0x00,0x00,0x00,0x00,0x00,0x00,0x00,0x00,0x00,0x00,0x00,0x00,0x00,0x00,0x00,0x00,0x00,0x00,0x00,0x00,0x00,0x00,0x00,0x00,0x00,0x00,0x00,0x00,0x02,0x00,0x66,0x4d,0x0c,0x28,0x03,0xbe,0x9f,0x5b,0xd4,0x99,0x99,0x89,0x89,0x89,0x89,0x89,0x89,0x99,0xd3,0xa2,0x89,0x99,0x99,0x89,0xbb,0xcc,0x81,0x87,0x80,0x80,0x80,0x7e,0x80,0x8b,0x8a,0xe4,0x90,0x91,0x03,0x8e,0xa0,0x90,0x03,0x94,0xb2,0xe0,0x8a,0x80,0x7e,0x80,0x80,0x80,0x83,0x8a,0xcc,0xbb,0x99,0x96,0x99,0x50,0xb3,0x92,0x5f,0xd3,0xd3,0xa1,0xac,0x0d,0x92,0x9a,0x13,0xb3,0x60,0x2a,0x25,0x01,0x06,0x00,0x00,0x00,0x00,0x00,0x00,0x00,0x00,0x00,0x00,0x00,0x00,0x00,0x00,0x00,0x00,0x00,0x00,0x00,0x00,0x00,0x00,0x00,0x00,0x00,0x00,0x00,0x00,0x00,0x00,0x00,0x00,
    0x00,0x00,0x00,0x00,0x00,0x00,0x00,0x00,0x00,0x00,0x00,0x00,0x00,0x00,0x00,0x00,0x00,0x00,0x00,0x00,0x00,0x00,0x00,0x00,0x00,0x00,0x00,0x00,0x00,0x00,0x00,0x00,0x00,0x00,0x01,0x00,0x00,0x06,0x18,0x64,0xad,0xb4,0x0d,0xac,0x97,0x99,0x89,0x89,0x89,0x89,0x89,0x89,0x97,0xd3,0xa1,0x97,0x97,0x99,0xbb,0xac,0x8b,0x8b,0x81,0x7d,0x80,0x80,0x80,0x80,0x82,0x7e,0x2c,0x0e,0x8c,0x03,0x86,0x86,0x90,0x86,0x8c,0xb9,0x82,0x7d,0x7e,0x80,0x80,0x80,0x80,0x80,0x87,0x81,0xac,0x97,0xa2,0x96,0xa2,0xd0,0x93,0xf2,0xb6,0xa2,0x89,0xb6,0xdf,0x9f,0x85,0x7b,0x7b,0x9b,0x0d,0x69,0x00,0x5d,0x00,0x00,0x00,0x00,0x00,0x00,0x00,0x00,0x00,0x00,0x00,0x00,0x00,0x00,0x00,0x00,0x00,0x00,0x00,0x00,0x00,0x00,0x00,0x00,0x00,0x00,0x00,0x00,0x00,0x00,0x00,0x00,
    0x00,0x00,0x00,0x00,0x00,0x00,0x00,0x00,0x00,0x00,0x00,0x00,0x00,0x00,0x00,0x00,0x00,0x00,0x00,0x00,0x00,0x00,0x00,0x00,0x00,0x00,0x00,0x00,0x00,0x00,0x00,0x00,0x00,0x00,0x00,0x01,0x02,0x00,0x27,0x8e,0x45,0x33,0x13,0x50,0xbb,0x99,0x89,0x89,0x89,0x89,0x89,0x89,0x99,0x99,0x89,0x99,0x97,0x99,0x89,0x8d,0x7d,0x82,0x7e,0x80,0x80,0x80,0x80,0x80,0x80,0x82,0x81,0x8d,0xa3,0x86,0x03,0x86,0x03,0x8e,0xaf,0x83,0x84,0x7e,0x80,0x80,0x80,0x80,0x80,0x7e,0x82,0x84,0xf3,0x99,0x89,0x96,0xbb,0xb6,0xb9,0xeb,0xa2,0x96,0x99,0xa1,0xc1,0x92,0x85,0x92,0x93,0xaa,0x3b,0x25,0x00,0x06,0x00,0x00,0x00,0x00,0x00,0x00,0x00,0x00,0x00,0x00,0x00,0x00,0x00,0x00,0x00,0x00,0x00,0x00,0x00,0x00,0x00,0x00,0x00,0x00,0x00,0x00,0x00,0x00,0x00,0x00,0x00,0x00,
    0x00,0x00,0x00,0x00,0x00,0x00,0x00,0x00,0x00,0x00,0x00,0x00,0x00,0x00,0x00,0x00,0x00,0x00,0x00,0x00,0x00,0x00,0x00,0x00,0x00,0x00,0x00,0x00,0x00,0x00,0x00,0x00,0x00,0x00,0x00,0x04,0x00,0x61,0x22,0x4f,0x37,0x59,0x6a,0xa1,0x96,0x89,0x89,0x89,0x89,0x89,0x89,0x96,0x99,0x97,0x96,0x89,0x89,0xbb,0xdd,0x83,0x8b,0x81,0x87,0x7e,0x7e,0x80,0x80,0x80,0x80,0x7d,0x88,0x80,0x7d,0xb5,0xb7,0xa0,0xb2,0xd2,0x83,0x8d,0x88,0x7d,0x8b,0x80,0x7e,0x7e,0x7d,0x84,0x83,0x80,0x81,0xde,0xbb,0x99,0x99,0x99,0xa1,0xcc,0xa2,0x89,0x96,0xa1,0xc8,0xbd,0x9d,0x0d,0x17,0x3e,0x18,0x0b,0x02,0x00,0x00,0x00,0x00,0x00,0x00,0x00,0x00,0x00,0x00,0x00,0x00,0x00,0x00,0x00,0x00,0x00,0x00,0x00,0x00,0x00,0x00,0x00,0x00,0x00,0x00,0x00,0x00,0x00,0x00,0x00,0x00,0x00,
    0x00,0x00,0x00,0x00,0x00,0x00,0x00,0x00,0x00,0x00,0x00,0x00,0x00,0x00,0x00,0x00,0x00,0x00,0x00,0x00,0x00,0x00,0x00,0x00,0x00,0x00,0x00,0x00,0x00,0x00,0x00,0x00,0x00,0x00,0x04,0x00,0x61,0x73,0x73,0x6d,0x09,0x2f,0x50,0x97,0x99,0x97,0x99,0x96,0x89,0x99,0x97,0x97,0x97,0x99,0xa1,0x89,0x89,0x97,0xf3,0x83,0x7a,0x82,0x8b,0x84,0x8b,0x80,0x88,0x7e,0x80,0x80,0x88,0x88,0x44,0x44,0xb0,0x86,0xb1,0x1c,0x7f,0x80,0x7e,0x80,0x80,0x7e,0x8b,0x81,0x83,0x81,0x84,0x84,0x8a,0xf0,0xbb,0x89,0x89,0x89,0x97,0xd4,0xd4,0x99,0x89,0x89,0xf7,0xbe,0xaa,0xc6,0x5e,0x20,0x06,0x01,0x00,0x00,0x00,0x00,0x00,0x00,0x00,0x00,0x00,0x00,0x00,0x00,0x00,0x00,0x00,0x00,0x00,0x00,0x00,0x00,0x00,0x00,0x00,0x00,0x00,0x00,0x00,0x00,0x00,0x00,0x00,0x00,0x00,0x00,
    0x00,0x00,0x00,0x00,0x00,0x00,0x00,0x00,0x00,0x00,0x00,0x00,0x00,0x00,0x00,0x00,0x00,0x00,0x00,0x00,0x00,0x00,0x00,0x00,0x00,0x00,0x00,0x00,0x00,0x00,0x00,0x00,0x00,0x00,0x00,0x04,0x0a,0x6d,0x42,0x58,0x73,0x42,0x97,0x97,0x97,0x97,0x97,0x97,0x89,0x96,0x96,0x89,0x89,0x97,0xcc,0xac,0x99,0x97,0xf0,0x8b,0x8f,0x07,0x07,0x7a,0x84,0x83,0x83,0x84,0x80,0x7d,0x81,0x7e,0x7f,0x8b,0x44,0xb1,0x8a,0x88,0x7d,0x81,0x84,0x7e,0x8b,0x81,0x81,0x87,0x80,0x82,0x7e,0x88,0x8a,0xcc,0x97,0x89,0x89,0x89,0x89,0x89,0x96,0xac,0x89,0x96,0xd4,0x10,0x03,0x60,0x32,0x00,0x04,0x00,0x00,0x00,0x00,0x00,0x00,0x00,0x00,0x00,0x00,0x00,0x00,0x00,0x00,0x00,0x00,0x00,0x00,0x00,0x00,0x00,0x00,0x00,0x00,0x00,0x00,0x00,0x00,0x00,0x00,0x00,0x00,0x00,0x00,0x00,
    0x00,0x00,0x00,0x00,0x00,0x00,0x00,0x00,0x00,0x00,0x00,0x00,0x00,0x00,0x00,0x00,0x00,0x00,0x00,0x00,0x00,0x00,0x00,0x00,0x00,0x00,0x00,0x00,0x00,0x00,0x00,0x00,0x00,0x00,0x00,0x02,0x00,0x0b,0x2f,0x50,0xbb,0x97,0x96,0x96,0x96,0x97,0x89,0x50,0x96,0x89,0x89,0x89,0x89,0xa2,0xeb,0xd0,0xa1,0xbb,0xf0,0x87,0x7f,0x7a,0x7a,0x7a,0x82,0x7d,0x83,0x8a,0x8a,0x84,0xcb,0x8b,0x7d,0x7e,0x8b,0x8a,0x82,0x7a,0x84,0xc7,0xd5,0x8a,0x84,0x87,0x7e,0x80,0x80,0x80,0x80,0x88,0x84,0xcc,0xbb,0xa1,0x89,0x89,0x89,0x89,0x99,0x50,0x42,0x97,0xa2,0x42,0x9c,0x3f,0x0a,0x05,0x02,0x00,0x00,0x00,0x00,0x00,0x00,0x00,0x00,0x00,0x00,0x00,0x00,0x00,0x00,0x00,0x00,0x00,0x00,0x00,0x00,0x00,0x00,0x00,0x00,0x00,0x00,0x00,0x00,0x00,0x00,0x00,0x00,0x00,0x00,0x00,
    0x00,0x00,0x00,0x00,0x00,0x00,0x00,0x00,0x00,0x00,0x00,0x00,0x00,0x00,0x00,0x00,0x00,0x00,0x00,0x00,0x00,0x00,0x00,0x00,0x00,0x00,0x00,0x00,0x00,0x00,0x00,0x00,0x00,0x00,0x00,0x00,0x04,0x00,0x43,0x6d,0x3a,0x42,0xa1,0xa1,0x42,0x58,0x3a,0x50,0x96,0x89,0x89,0x89,0x89,0xa2,0xd0,0xab,0xa1,0xd4,0x80,0x7e,0x80,0x80,0x80,0x80,0x7d,0x80,0x8d,0x7f,0x87,0xd1,0xce,0x8a,0x8a,0x83,0x7e,0x7a,0x87,0x7d,0x83,0xa9,0xa9,0x7e,0x8d,0x7f,0x7a,0x7e,0x7d,0x80,0x80,0x7e,0x87,0x8f,0xd4,0xde,0xa2,0x89,0x89,0x89,0x89,0x42,0x2f,0x58,0x96,0xa1,0x5b,0x37,0x00,0x0b,0x00,0x00,0x00,0x00,0x00,0x00,0x00,0x00,0x00,0x00,0x00,0x00,0x00,0x00,0x00,0x00,0x00,0x00,0x00,0x00,0x00,0x00,0x00,0x00,0x00,0x00,0x00,0x00,0x00,0x00,0x00,0x00,0x00,0x00,0x00,0x00,
    0x00,0x00,0x00,0x00,0x00,0x00,0x00,0x00,0x00,0x00,0x00,0x00,0x00,0x00,0x00,0x00,0x00,0x00,0x00,0x00,0x00,0x00,0x00,0x00,0x00,0x00,0x00,0x00,0x00,0x00,0x00,0x00,0x00,0x00,0x00,0x00,0x00,0x02,0x00,0x0a,0x22,0x2f,0x2f,0x2f,0x2f,0x22,0x2f,0x58,0x96,0x89,0x89,0x89,0x89,0x96,0x42,0xc1,0x89,0xdd,0x8b,0x7a,0x7d,0x7e,0x7d,0x7d,0x80,0x80,0x82,0x7a,0x88,0xc5,0xce,0x81,0x80,0x7a,0x7a,0x07,0x7f,0x88,0x8a,0xc5,0xce,0x7d,0x8d,0x07,0x8d,0x88,0x7d,0x80,0x80,0x7d,0x88,0x84,0x4a,0x3a,0x99,0x89,0x89,0x96,0x96,0x42,0x6d,0x2f,0xa1,0x89,0x3a,0x35,0x01,0x05,0x00,0x00,0x00,0x00,0x00,0x00,0x00,0x00,0x00,0x00,0x00,0x00,0x00,0x00,0x00,0x00,0x00,0x00,0x00,0x00,0x00,0x00,0x00,0x00,0x00,0x00,0x00,0x00,0x00,0x00,0x00,0x00,0x00,0x00,0x00,0x00,
    0x00,0x00,0x00,0x00,0x00,0x00,0x00,0x00,0x00,0x00,0x00,0x00,0x00,0x00,0x00,0x00,0x00,0x00,0x00,0x00,0x00,0x00,0x00,0x00,0x00,0x00,0x00,0x00,0x00,0x00,0x00,0x00,0x00,0x00,0x00,0x00,0x00,0x00,0x02,0x00,0x00,0x43,0x61,0x61,0x61,0x5d,0x61,0x58,0x97,0x99,0x89,0x89,0x89,0x89,0xf2,0x5f,0xde,0x8f,0x8f,0x8d,0x7d,0x87,0x8b,0x87,0x80,0x80,0x7d,0x7d,0x81,0xa9,0xcb,0x7d,0x07,0x8d,0x7f,0x7a,0x7a,0x82,0x8b,0xa9,0xc7,0x84,0x7a,0x88,0x7e,0x7e,0x87,0x8b,0x8b,0x82,0x07,0x82,0x44,0x42,0x96,0x96,0x99,0x96,0xde,0x2f,0x61,0x78,0xd4,0x3a,0x22,0x00,0x04,0x00,0x00,0x00,0x00,0x00,0x00,0x00,0x00,0x00,0x00,0x00,0x00,0x00,0x00,0x00,0x00,0x00,0x00,0x00,0x00,0x00,0x00,0x00,0x00,0x00,0x00,0x00,0x00,0x00,0x00,0x00,0x00,0x00,0x00,0x00,0x00,0x00,
    0x00,0x00,0x00,0x00,0x00,0x00,0x00,0x00,0x00,0x00,0x00,0x00,0x00,0x00,0x00,0x00,0x00,0x00,0x00,0x00,0x00,0x00,0x00,0x00,0x00,0x00,0x00,0x00,0x00,0x00,0x00,0x00,0x00,0x00,0x00,0x00,0x00,0x00,0x00,0x01,0x02,0x00,0x00,0x00,0x00,0x05,0x00,0x22,0x73,0x42,0x99,0x97,0x99,0xa1,0x78,0x6e,0x4a,0x82,0x07,0x7f,0x7e,0x84,0x81,0x82,0x82,0x7e,0x88,0x7f,0x87,0xd5,0xcb,0x8b,0x8d,0x82,0x88,0x7d,0x7e,0x7a,0x7e,0x1c,0xcb,0x81,0x88,0x7d,0x7d,0x88,0x87,0x81,0x87,0x82,0x07,0x7a,0x8d,0x79,0x58,0x58,0x58,0x3a,0x2f,0x09,0x22,0x78,0x3a,0x22,0x00,0x01,0x00,0x00,0x00,0x00,0x00,0x00,0x00,0x00,0x00,0x00,0x00,0x00,0x00,0x00,0x00,0x00,0x00,0x00,0x00,0x00,0x00,0x00,0x00,0x00,0x00,0x00,0x00,0x00,0x00,0x00,0x00,0x00,0x00,0x00,0x00,0x00,0x00,0x00,
    0x00,0x00,0x00,0x00,0x00,0x00,0x00,0x00,0x00,0x00,0x00,0x00,0x00,0x00,0x00,0x00,0x00,0x00,0x00,0x00,0x00,0x00,0x00,0x00,0x00,0x00,0x00,0x00,0x00,0x00,0x00,0x00,0x00,0x00,0x00,0x00,0x00,0x00,0x00,0x00,0x00,0x01,0x04,0x04,0x04,0x00,0x04,0x00,0x22,0x2f,0x3a,0x3a,0x3a,0x3a,0x22,0x4e,0x75,0x7a,0x87,0x7d,0x7e,0x84,0x81,0x7a,0x7a,0x7a,0x07,0x8f,0x88,0xd5,0xcb,0x8b,0x8d,0x7e,0x7d,0x80,0x80,0x7e,0x87,0xc5,0xcf,0x83,0x88,0x80,0x7d,0x88,0x8b,0x83,0x80,0x7d,0x88,0x7f,0x8d,0x15,0x16,0x65,0x6d,0x22,0x43,0x00,0x09,0x22,0x22,0x00,0x04,0x00,0x00,0x00,0x00,0x00,0x00,0x00,0x00,0x00,0x00,0x00,0x00,0x00,0x00,0x00,0x00,0x00,0x00,0x00,0x00,0x00,0x00,0x00,0x00,0x00,0x00,0x00,0x00,0x00,0x00,0x00,0x00,0x00,0x00,0x00,0x00,0x00,0x00,0x00,
    0x00,0x00,0x00,0x00,0x00,0x00,0x00,0x00,0x00,0x00,0x00,0x00,0x00,0x00,0x00,0x00,0x00,0x00,0x00,0x00,0x00,0x00,0x00,0x00,0x00,0x00,0x00,0x00,0x00,0x00,0x00,0x00,0x00,0x00,0x00,0x00,0x00,0x00,0x00,0x00,0x00,0x00,0x00,0x00,0x00,0x00,0x00,0x04,0x00,0x43,0x22,0x43,0x22,0x22,0x66,0x16,0x7f,0x82,0x7e,0x7e,0x7e,0x8b,0x81,0x88,0x82,0x7f,0x07,0x8f,0x7e,0xc7,0xcb,0x87,0x8d,0x7e,0x80,0x80,0x80,0x80,0x87,0x8d,0xda,0x81,0x7e,0x80,0x7d,0x7e,0x84,0x81,0x82,0x88,0x7f,0x07,0x8f,0x7a,0x16,0x09,0x04,0x00,0x00,0x01,0x00,0x00,0x00,0x01,0x00,0x00,0x00,0x00,0x00,0x00,0x00,0x00,0x00,0x00,0x00,0x00,0x00,0x00,0x00,0x00,0x00,0x00,0x00,0x00,0x00,0x00,0x00,0x00,0x00,0x00,0x00,0x00,0x00,0x00,0x00,0x00,0x00,0x00,0x00,0x00,0x00,0x00,0x00,0x00,
    0x00,0x00,0x00,0x00,0x00,0x00,0x00,0x00,0x00,0x00,0x00,0x00,0x00,0x00,0x00,0x00,0x00,0x00,0x00,0x00,0x00,0x00,0x00,0x00,0x00,0x00,0x00,0x00,0x00,0x00,0x00,0x00,0x00,0x00,0x00,0x00,0x00,0x00,0x00,0x00,0x00,0x00,0x00,0x00,0x00,0x00,0x00,0x00,0x02,0x00,0x00,0x00,0x00,0x00,0x1d,0x4b,0x8f,0x07,0x7a,0x7a,0x7a,0x8b,0x81,0x7a,0x82,0x82,0x82,0x7a,0x84,0xcb,0xc7,0x84,0x82,0x80,0x80,0x80,0x80,0x80,0x87,0xc4,0xda,0x80,0x88,0x7e,0x80,0x88,0x84,0x8b,0x8d,0x7a,0x07,0x07,0x07,0x88,0x39,0x04,0x5d,0x06,0x02,0x00,0x00,0x00,0x04,0x00,0x00,0x00,0x00,0x00,0x00,0x00,0x00,0x00,0x00,0x00,0x00,0x00,0x00,0x00,0x00,0x00,0x00,0x00,0x00,0x00,0x00,0x00,0x00,0x00,0x00,0x00,0x00,0x00,0x00,0x00,0x00,0x00,0x00,0x00,0x00,0x00,0x00,0x00,0x00,0x00,
    0x00,0x00,0x00,0x00,0x00,0x00,0x00,0x00,0x00,0x00,0x00,0x00,0x00,0x00,0x00,0x00,0x00,0x00,0x00,0x00,0x00,0x00,0x00,0x00,0x00,0x00,0x00,0x00,0x00,0x00,0x00,0x00,0x00,0x00,0x00,0x00,0x00,0x00,0x00,0x00,0x00,0x00,0x00,0x00,0x00,0x00,0x00,0x00,0x00,0x02,0x06,0x02,0x5d,0x5d,0x39,0x7f,0x8f,0x8f,0x7f,0x7a,0x7f,0x80,0x87,0x8d,0x82,0x80,0x7d,0x88,0x83,0xcb,0xc7,0x83,0x88,0x80,0x80,0x7e,0x7e,0x88,0x82,0x82,0x5a,0x8f,0x8d,0x7a,0x88,0x7e,0x84,0x8b,0x8d,0x82,0x7a,0x7a,0x82,0x87,0x16,0x00,0x09,0x00,0x00,0x00,0x00,0x00,0x00,0x00,0x00,0x00,0x00,0x00,0x00,0x00,0x00,0x00,0x00,0x00,0x00,0x00,0x00,0x00,0x00,0x00,0x00,0x00,0x00,0x00,0x00,0x00,0x00,0x00,0x00,0x00,0x00,0x00,0x00,0x00,0x00,0x00,0x00,0x00,0x00,0x00,0x00,0x00,0x00,0x00,
    0x00,0x00,0x00,0x00,0x00,0x00,0x00,0x00,0x00,0x00,0x00,0x00,0x00,0x00,0x00,0x00,0x00,0x00,0x00,0x00,0x00,0x00,0x00,0x00,0x00,0x00,0x00,0x00,0x00,0x00,0x00,0x00,0x00,0x00,0x00,0x00,0x00,0x00,0x00,0x00,0x00,0x00,0x00,0x00,0x00,0x00,0x00,0x00,0x00,0x00,0x00,0x04,0x01,0x46,0x11,0x7a,0x07,0x8f,0x8d,0x7a,0x7f,0x80,0x7e,0x8d,0x82,0x80,0x80,0x88,0x83,0xc7,0xa9,0x83,0x7e,0x80,0x88,0x7f,0x8d,0x8d,0x07,0x82,0xda,0x07,0x07,0x8d,0x7a,0x7a,0x8b,0x8b,0x7f,0x88,0x88,0x82,0x7d,0x7e,0x75,0x46,0x00,0x04,0x00,0x00,0x00,0x00,0x00,0x00,0x00,0x00,0x00,0x00,0x00,0x00,0x00,0x00,0x00,0x00,0x00,0x00,0x00,0x00,0x00,0x00,0x00,0x00,0x00,0x00,0x00,0x00,0x00,0x00,0x00,0x00,0x00,0x00,0x00,0x00,0x00,0x00,0x00,0x00,0x00,0x00,0x00,0x00,0x00,0x00,
    0x00,0x00,0x00,0x00,0x00,0x00,0x00,0x00,0x00,0x00,0x00,0x00,0x00,0x00,0x00,0x00,0x00,0x00,0x00,0x00,0x00,0x00,0x00,0x00,0x00,0x00,0x00,0x00,0x00,0x00,0x00,0x00,0x00,0x00,0x00,0x00,0x00,0x00,0x00,0x00,0x00,0x00,0x00,0x00,0x00,0x00,0x00,0x00,0x00,0x00,0x00,0x01,0x00,0x26,0x0f,0x07,0x7f,0x7f,0x7f,0x82,0x7e,0x87,0x87,0x8d,0x88,0x7d,0x80,0x88,0x83,0xda,0xe0,0x95,0x7e,0x7d,0x80,0x82,0x82,0x82,0x7a,0x8b,0xca,0xe0,0x8b,0x7a,0x82,0x7a,0x80,0x87,0x82,0x7e,0x88,0x7a,0x88,0x82,0x82,0x4e,0x08,0x04,0x04,0x00,0x00,0x00,0x00,0x00,0x00,0x00,0x00,0x00,0x00,0x00,0x00,0x00,0x00,0x00,0x00,0x00,0x00,0x00,0x00,0x00,0x00,0x00,0x00,0x00,0x00,0x00,0x00,0x00,0x00,0x00,0x00,0x00,0x00,0x00,0x00,0x00,0x00,0x00,0x00,0x00,0x00,0x00,0x00,0x00,
    0x00,0x00,0x00,0x00,0x00,0x00,0x00,0x00,0x00,0x00,0x00,0x00,0x00,0x00,0x00,0x00,0x00,0x00,0x00,0x00,0x00,0x00,0x00,0x00,0x00,0x00,0x00,0x00,0x00,0x00,0x00,0x00,0x00,0x00,0x00,0x00,0x00,0x00,0x00,0x00,0x00,0x00,0x00,0x00,0x00,0x00,0x00,0x00,0x00,0x00,0x04,0x00,0x46,0x4b,0x8f,0x8f,0x7f,0x7a,0x7a,0x7e,0x80,0x84,0x87,0x88,0x80,0x7e,0x7e,0x7e,0x81,0xf9,0xd8,0x84,0x07,0x82,0x7e,0x7e,0x7d,0x7d,0x7e,0x81,0xfc,0xd5,0x83,0x88,0x7d,0x88,0x7e,0x8b,0x7e,0x82,0x82,0x7a,0x7f,0x7f,0x07,0x7f,0x16,0x00,0x5d,0x00,0x00,0x00,0x00,0x00,0x00,0x00,0x00,0x00,0x00,0x00,0x00,0x00,0x00,0x00,0x00,0x00,0x00,0x00,0x00,0x00,0x00,0x00,0x00,0x00,0x00,0x00,0x00,0x00,0x00,0x00,0x00,0x00,0x00,0x00,0x00,0x00,0x00,0x00,0x00,0x00,0x00,0x00,0x00,0x00,
    0x00,0x00,0x00,0x00,0x00,0x00,0x00,0x00,0x00,0x00,0x00,0x00,0x00,0x00,0x00,0x00,0x00,0x00,0x00,0x00,0x00,0x00,0x00,0x00,0x00,0x00,0x00,0x00,0x00,0x00,0x00,0x00,0x00,0x00,0x00,0x00,0x00,0x00,0x00,0x00,0x00,0x00,0x00,0x00,0x00,0x00,0x00,0x00,0x00,0x00,0x01,0x00,0x26,0x4b,0x8f,0x07,0x7a,0x7a,0x7a,0x7e,0x7e,0x81,0x87,0x7a,0x82,0x7a,0x7f,0x8d,0x7d,0xc2,0xa9,0x07,0x8f,0x8d,0x7f,0x7a,0x82,0x88,0x88,0x81,0xce,0xc4,0x8b,0x80,0x80,0x7e,0x80,0x84,0x82,0x7a,0x7a,0x7a,0x7a,0x8d,0x8f,0x07,0x11,0x1b,0x01,0x01,0x00,0x00,0x00,0x00,0x00,0x00,0x00,0x00,0x00,0x00,0x00,0x00,0x00,0x00,0x00,0x00,0x00,0x00,0x00,0x00,0x00,0x00,0x00,0x00,0x00,0x00,0x00,0x00,0x00,0x00,0x00,0x00,0x00,0x00,0x00,0x00,0x00,0x00,0x00,0x00,0x00,0x00,0x00,0x00,
    0x00,0x00,0x00,0x00,0x00,0x00,0x00,0x00,0x00,0x00,0x00,0x00,0x00,0x00,0x00,0x00,0x00,0x00,0x00,0x00,0x00,0x00,0x00,0x00,0x00,0x00,0x00,0x00,0x00,0x00,0x00,0x00,0x00,0x00,0x00,0x00,0x00,0x00,0x00,0x00,0x00,0x00,0x00,0x00,0x00,0x00,0x00,0x00,0x00,0x04,0x00,0x46,0x11,0x8d,0x07,0x8d,0x7a,0x7a,0x7a,0x7a,0x82,0x84,0x82,0x7f,0x7a,0x7a,0x7a,0x7f,0x7f,0x80,0x7a,0x8d,0x7f,0x7f,0x7a,0x7a,0x7a,0x7a,0x7a,0x88,0xd1,0x7d,0x7a,0x88,0x7e,0x80,0x80,0x81,0x7f,0x7a,0x7a,0x7a,0x7a,0x7a,0x07,0x07,0x15,0x09,0x00,0x01,0x00,0x00,0x00,0x00,0x00,0x00,0x00,0x00,0x00,0x00,0x00,0x00,0x00,0x00,0x00,0x00,0x00,0x00,0x00,0x00,0x00,0x00,0x00,0x00,0x00,0x00,0x00,0x00,0x00,0x00,0x00,0x00,0x00,0x00,0x00,0x00,0x00,0x00,0x00,0x00,0x00,0x00,0x00,0x00,
    0x00,0x00,0x00,0x00,0x00,0x00,0x00,0x00,0x00,0x00,0x00,0x00,0x00,0x00,0x00,0x00,0x00,0x00,0x00,0x00,0x00,0x00,0x00,0x00,0x00,0x00,0x00,0x00,0x00,0x00,0x00,0x00,0x00,0x00,0x00,0x00,0x00,0x00,0x00,0x00,0x00,0x00,0x00,0x00,0x00,0x00,0x00,0x00,0x00,0x5d,0x09,0x16,0x7a,0x7f,0x8d,0x8d,0x7a,0x7a,0x7a,0x7a,0x82,0x84,0x82,0x7f,0x7a,0x7a,0x7a,0x7a,0x7a,0x7f,0x7a,0x7a,0x7a,0x7a,0x82,0x7a,0x7a,0x7a,0x7a,0x82,0x7f,0x7f,0x7a,0x7a,0x80,0x80,0x80,0x81,0x7f,0x7a,0x7a,0x7a,0x7a,0x7f,0x7f,0x7a,0x54,0x14,0x08,0x00,0x04,0x00,0x00,0x00,0x00,0x00,0x00,0x00,0x00,0x00,0x00,0x00,0x00,0x00,0x00,0x00,0x00,0x00,0x00,0x00,0x00,0x00,0x00,0x00,0x00,0x00,0x00,0x00,0x00,0x00,0x00,0x00,0x00,0x00,0x00,0x00,0x00,0x00,0x00,0x00,0x00,0x00,0x00,0x00,
    0x00,0x00,0x00,0x00,0x00,0x00,0x00,0x00,0x00,0x00,0x00,0x00,0x00,0x00,0x00,0x00,0x00,0x00,0x00,0x00,0x00,0x00,0x00,0x00,0x00,0x00,0x00,0x00,0x00,0x00,0x00,0x00,0x00,0x00,0x00,0x00,0x00,0x00,0x00,0x00,0x00,0x00,0x00,0x00,0x00,0x00,0x00,0x00,0x5d,0x00,0x12,0x4a,0x8d,0x8d,0x8d,0x7f,0x7a,0x7a,0x7a,0x82,0x7e,0x84,0x7a,0x7a,0x7a,0x7a,0x7a,0x7a,0x7a,0x7a,0x7a,0x7a,0x7a,0x7a,0x7a,0x7a,0x7a,0x7a,0x7a,0x82,0x7a,0x7a,0x7a,0x7a,0x7e,0x7d,0x88,0x84,0x82,0x7a,0x7a,0x7a,0x7a,0x8d,0x7f,0x7f,0x8d,0x0f,0x39,0x00,0x04,0x00,0x00,0x00,0x00,0x00,0x00,0x00,0x00,0x00,0x00,0x00,0x00,0x00,0x00,0x00,0x00,0x00,0x00,0x00,0x00,0x00,0x00,0x00,0x00,0x00,0x00,0x00,0x00,0x00,0x00,0x00,0x00,0x00,0x00,0x00,0x00,0x00,0x00,0x00,0x00,0x00,0x00,0x00,
    0x00,0x00,0x00,0x00,0x00,0x00,0x00,0x00,0x00,0x00,0x00,0x00,0x00,0x00,0x00,0x00,0x00,0x00,0x00,0x00,0x00,0x00,0x00,0x00,0x00,0x00,0x00,0x00,0x00,0x00,0x00,0x00,0x00,0x00,0x00,0x00,0x00,0x00,0x00,0x00,0x00,0x00,0x00,0x00,0x00,0x00,0x00,0x01,0x01,0x1b,0x26,0x8f,0x07,0x8d,0x7a,0x7a,0x7a,0x7a,0x7e,0x7d,0x7d,0x84,0x7f,0x7a,0x7a,0x7a,0x7a,0x7a,0x7a,0x7a,0x7a,0x7a,0x7a,0x7a,0x7a,0x7a,0x7a,0x7a,0x82,0x7a,0x7a,0x7a,0x7a,0x7a,0x82,0x7d,0x7e,0x81,0x80,0x7a,0x80,0x7e,0x7e,0x82,0x7a,0x7a,0x07,0x07,0x15,0x46,0x01,0x04,0x00,0x00,0x00,0x00,0x00,0x00,0x00,0x00,0x00,0x00,0x00,0x00,0x00,0x00,0x00,0x00,0x00,0x00,0x00,0x00,0x00,0x00,0x00,0x00,0x00,0x00,0x00,0x00,0x00,0x00,0x00,0x00,0x00,0x00,0x00,0x00,0x00,0x00,0x00,0x00,0x00,0x00,
    0x00,0x00,0x00,0x00,0x00,0x00,0x00,0x00,0x00,0x00,0x00,0x00,0x00,0x00,0x00,0x00,0x00,0x00,0x00,0x00,0x00,0x00,0x00,0x00,0x00,0x00,0x00,0x00,0x00,0x00,0x00,0x00,0x00,0x00,0x00,0x00,0x00,0x00,0x00,0x00,0x00,0x00,0x00,0x00,0x00,0x00,0x00,0x5d,0x00,0x26,0x07,0x07,0x7a,0x7a,0x7a,0x7a,0x7a,0x7a,0x82,0x88,0x87,0x87,0x8d,0x7a,0x7a,0x7a,0x7a,0x7a,0x7a,0x7a,0x7a,0x7a,0x7a,0x7a,0x7a,0x7a,0x7a,0x7a,0x7a,0x7a,0x7a,0x7a,0x7a,0x82,0x82,0x7d,0x7e,0x84,0x87,0x7f,0x88,0x80,0x7e,0x82,0x7a,0x7a,0x8d,0x07,0x54,0x16,0x00,0x04,0x00,0x00,0x00,0x00,0x00,0x00,0x00,0x00,0x00,0x00,0x00,0x00,0x00,0x00,0x00,0x00,0x00,0x00,0x00,0x00,0x00,0x00,0x00,0x00,0x00,0x00,0x00,0x00,0x00,0x00,0x00,0x00,0x00,0x00,0x00,0x00,0x00,0x00,0x00,0x00,0x00,0x00,
    0x00,0x00,0x00,0x00,0x00,0x00,0x00,0x00,0x00,0x00,0x00,0x00,0x00,0x00,0x00,0x00,0x00,0x00,0x00,0x00,0x00,0x00,0x00,0x00,0x00,0x00,0x00,0x00,0x00,0x00,0x00,0x00,0x00,0x00,0x00,0x00,0x00,0x00,0x00,0x00,0x00,0x00,0x00,0x00,0x00,0x00,0x00,0x01,0x09,0x16,0x07,0x8d,0x88,0x82,0x82,0x7a,0x7a,0x7a,0x7a,0x7a,0x8b,0x87,0x8d,0x7a,0x7a,0x7a,0x7a,0x7a,0x7a,0x7a,0x7a,0x7a,0x7a,0x7a,0x7a,0x7a,0x7a,0x7a,0x7a,0x7a,0x7a,0x7a,0x7a,0x7a,0x88,0x7d,0x88,0x87,0x81,0x7a,0x7a,0x7a,0x82,0x7a,0x7a,0x7a,0x7a,0x82,0x82,0x4e,0x08,0x04,0x04,0x00,0x00,0x00,0x00,0x00,0x00,0x00,0x00,0x00,0x00,0x00,0x00,0x00,0x00,0x00,0x00,0x00,0x00,0x00,0x00,0x00,0x00,0x00,0x00,0x00,0x00,0x00,0x00,0x00,0x00,0x00,0x00,0x00,0x00,0x00,0x00,0x00,0x00,0x00,0x00,0x00,
    0x00,0x00,0x00,0x00,0x00,0x00,0x00,0x00,0x00,0x00,0x00,0x00,0x00,0x00,0x00,0x00,0x00,0x00,0x00,0x00,0x00,0x00,0x00,0x00,0x00,0x00,0x00,0x00,0x00,0x00,0x00,0x00,0x00,0x00,0x00,0x00,0x00,0x00,0x00,0x00,0x00,0x00,0x00,0x00,0x00,0x00,0x04,0x00,0x12,0x4a,0x07,0x07,0x8d,0x7a,0x7a,0x7a,0x7a,0x7a,0x7a,0x82,0x81,0x7e,0x7f,0x7a,0x7a,0x7a,0x7a,0x7a,0x7a,0x7a,0x7a,0x7a,0x7a,0x7a,0x7a,0x7a,0x7a,0x7a,0x7a,0x7a,0x7a,0x7a,0x7a,0x7a,0x7a,0x88,0x82,0x7e,0x83,0x82,0x7a,0x7a,0x7a,0x7a,0x7a,0x7a,0x7a,0x7a,0x82,0x54,0x12,0x00,0x04,0x00,0x00,0x00,0x00,0x00,0x00,0x00,0x00,0x00,0x00,0x00,0x00,0x00,0x00,0x00,0x00,0x00,0x00,0x00,0x00,0x00,0x00,0x00,0x00,0x00,0x00,0x00,0x00,0x00,0x00,0x00,0x00,0x00,0x00,0x00,0x00,0x00,0x00,0x00,0x00,0x00,
    0x00,0x00,0x00,0x00,0x00,0x00,0x00,0x00,0x00,0x00,0x00,0x00,0x00,0x00,0x00,0x00,0x00,0x00,0x00,0x00,0x00,0x00,0x00,0x00,0x00,0x00,0x00,0x00,0x00,0x00,0x00,0x00,0x00,0x00,0x00,0x00,0x00,0x00,0x00,0x00,0x00,0x00,0x00,0x00,0x00,0x04,0x00,0x46,0x11,0x7f,0x8f,0x8f,0x8d,0x7a,0x7a,0x7a,0x7a,0x7a,0x7f,0x7d,0x81,0x7f,0x7a,0x7a,0x7a,0x7a,0x7f,0x7f,0x7a,0x7a,0x7a,0x7a,0x7a,0x7a,0x7a,0x7a,0x7a,0x7a,0x7a,0x7a,0x7a,0x7a,0x7a,0x7a,0x7a,0x82,0x7e,0x82,0x81,0x88,0x7f,0x7a,0x7a,0x7a,0x7a,0x7a,0x7a,0x7a,0x82,0x19,0x14,0x08,0x00,0x04,0x00,0x00,0x00,0x00,0x00,0x00,0x00,0x00,0x00,0x00,0x00,0x00,0x00,0x00,0x00,0x00,0x00,0x00,0x00,0x00,0x00,0x00,0x00,0x00,0x00,0x00,0x00,0x00,0x00,0x00,0x00,0x00,0x00,0x00,0x00,0x00,0x00,0x00,0x00,0x00,
    0x00,0x00,0x00,0x00,0x00,0x00,0x00,0x00,0x00,0x00,0x00,0x00,0x00,0x00,0x00,0x00,0x00,0x00,0x00,0x00,0x00,0x00,0x00,0x00,0x00,0x00,0x00,0x00,0x00,0x00,0x00,0x00,0x00,0x00,0x00,0x00,0x00,0x00,0x00,0x00,0x00,0x00,0x00,0x00,0x00,0x04,0x00,0x4e,0x4b,0x8d,0x07,0x8d,0x7a,0x7a,0x7a,0x7a,0x7a,0x7a,0x8d,0x87,0x7e,0x8d,0x7a,0x7a,0x7a,0x7a,0x7a,0x7f,0x7a,0x7a,0x7a,0x7a,0x7a,0x7a,0x7a,0x7a,0x7a,0x7a,0x7a,0x7a,0x7a,0x7a,0x7a,0x7a,0x7a,0x7a,0x88,0x7e,0x8b,0x8b,0x7f,0x7a,0x7a,0x7a,0x7a,0x7a,0x7a,0x82,0x7e,0x82,0x4b,0x21,0x00,0x5d,0x00,0x00,0x00,0x00,0x00,0x00,0x00,0x00,0x00,0x00,0x00,0x00,0x00,0x00,0x00,0x00,0x00,0x00,0x00,0x00,0x00,0x00,0x00,0x00,0x00,0x00,0x00,0x00,0x00,0x00,0x00,0x00,0x00,0x00,0x00,0x00,0x00,0x00,0x00,0x00,
    0x00,0x00,0x00,0x00,0x00,0x00,0x00,0x00,0x00,0x00,0x00,0x00,0x00,0x00,0x00,0x00,0x00,0x00,0x00,0x00,0x00,0x00,0x00,0x00,0x00,0x00,0x00,0x00,0x00,0x00,0x00,0x00,0x00,0x00,0x00,0x00,0x00,0x00,0x00,0x00,0x00,0x00,0x00,0x00,0x04,0x01,0x12,0x4a,0x7f,0x7f,0x7a,0x7a,0x7a,0x7a,0x7a,0x7a,0x7a,0x7a,0x7a,0x8b,0x7f,0x7a,0x7a,0x7a,0x7a,0x7a,0x7a,0x7a,0x7a,0x7a,0x7a,0x7a,0x7a,0x7a,0x7a,0x7a,0x7a,0x7a,0x7a,0x7a,0x7a,0x7a,0x7a,0x7a,0x7a,0x7a,0x7a,0x80,0x7d,0x84,0x7f,0x7a,0x7a,0x7a,0x82,0x82,0x82,0x82,0x7a,0x7f,0x07,0x11,0x09,0x01,0x01,0x00,0x00,0x00,0x00,0x00,0x00,0x00,0x00,0x00,0x00,0x00,0x00,0x00,0x00,0x00,0x00,0x00,0x00,0x00,0x00,0x00,0x00,0x00,0x00,0x00,0x00,0x00,0x00,0x00,0x00,0x00,0x00,0x00,0x00,0x00,0x00,0x00,0x00,0x00,
    0x00,0x00,0x00,0x00,0x00,0x00,0x00,0x00,0x00,0x00,0x00,0x00,0x00,0x00,0x00,0x00,0x00,0x00,0x00,0x00,0x00,0x00,0x00,0x00,0x00,0x00,0x00,0x00,0x00,0x00,0x00,0x00,0x00,0x00,0x00,0x00,0x00,0x00,0x00,0x00,0x00,0x00,0x00,0x00,0x04,0x00,0x21,0x80,0x07,0x7f,0x7a,0x7a,0x7a,0x7a,0x7a,0x7a,0x7a,0x7f,0x7d,0x87,0x8d,0x7a,0x7a,0x7a,0x7a,0x7a,0x7a,0x7a,0x7a,0x7a,0x7a,0x7a,0x7a,0x7a,0x7a,0x7a,0x7a,0x7a,0x7a,0x7a,0x7a,0x7a,0x7a,0x7a,0x7a,0x7a,0x88,0x80,0x7e,0x84,0x82,0x7f,0x7a,0x82,0x88,0x82,0x7a,0x7a,0x7a,0x8d,0x07,0x0f,0x1d,0x00,0x04,0x00,0x00,0x00,0x00,0x00,0x00,0x00,0x00,0x00,0x00,0x00,0x00,0x00,0x00,0x00,0x00,0x00,0x00,0x00,0x00,0x00,0x00,0x00,0x00,0x00,0x00,0x00,0x00,0x00,0x00,0x00,0x00,0x00,0x00,0x00,0x00,0x00,0x00,0x00,
    0x00,0x00,0x00,0x00,0x00,0x00,0x00,0x00,0x00,0x00,0x00,0x00,0x00,0x00,0x00,0x00,0x00,0x00,0x00,0x00,0x00,0x00,0x00,0x00,0x00,0x00,0x00,0x00,0x00,0x00,0x00,0x00,0x00,0x00,0x00,0x00,0x00,0x00,0x00,0x00,0x00,0x00,0x00,0x04,0x04,0x1b,0x26,0x7f,0x8d,0x7a,0x7a,0x7a,0x7a,0x7a,0x7a,0x7a,0x7a,0x7a,0x84,0x88,0x7f,0x7a,0x7a,0x7a,0x7a,0x7a,0x7a,0x7a,0x7a,0x7a,0x7a,0x7a,0x7a,0x7a,0x7a,0x7a,0x7a,0x7a,0x7a,0x7a,0x7a,0x7a,0x82,0x82,0x7a,0x82,0x7d,0x7d,0x7e,0x84,0x87,0x8d,0x7a,0x7a,0x7a,0x7a,0x7a,0x7a,0x7a,0x7f,0x07,0x4b,0x1d,0x01,0x01,0x00,0x00,0x00,0x00,0x00,0x00,0x00,0x00,0x00,0x00,0x00,0x00,0x00,0x00,0x00,0x00,0x00,0x00,0x00,0x00,0x00,0x00,0x00,0x00,0x00,0x00,0x00,0x00,0x00,0x00,0x00,0x00,0x00,0x00,0x00,0x00,0x00,0x00,0x00,
    0x00,0x00,0x00,0x00,0x00,0x00,0x00,0x00,0x00,0x00,0x00,0x00,0x00,0x00,0x00,0x00,0x00,0x00,0x00,0x00,0x00,0x00,0x00,0x00,0x00,0x00,0x00,0x00,0x00,0x00,0x00,0x00,0x00,0x00,0x00,0x00,0x00,0x00,0x00,0x00,0x00,0x00,0x00,0x04,0x00,0x12,0x0f,0x8d,0x7a,0x7a,0x7a,0x7a,0x7a,0x7a,0x7a,0x7a,0x8d,0x7a,0x84,0x7a,0x7a,0x7a,0x7a,0x7a,0x7a,0x7a,0x7a,0x7a,0x7a,0x7a,0x7a,0x7a,0x7a,0x7a,0x7a,0x7a,0x7a,0x7a,0x7a,0x7a,0x7a,0x7a,0x7a,0x7a,0x7a,0x7a,0x88,0x82,0x88,0x87,0x81,0x7f,0x7a,0x7a,0x7a,0x7a,0x7a,0x7a,0x7a,0x7a,0x7a,0x75,0x09,0x00,0x01,0x00,0x00,0x00,0x00,0x00,0x00,0x00,0x00,0x00,0x00,0x00,0x00,0x00,0x00,0x00,0x00,0x00,0x00,0x00,0x00,0x00,0x00,0x00,0x00,0x00,0x00,0x00,0x00,0x00,0x00,0x00,0x00,0x00,0x00,0x00,0x00,0x00,0x00,0x00,
    0x00,0x00,0x00,0x00,0x00,0x00,0x00,0x00,0x00,0x00,0x00,0x00,0x00,0x00,0x00,0x00,0x00,0x00,0x00,0x00,0x00,0x00,0x00,0x00,0x00,0x00,0x00,0x00,0x00,0x00,0x00,0x00,0x00,0x00,0x00,0x00,0x00,0x00,0x00,0x00,0x00,0x00,0x00,0x04,0x00,0x21,0x4a,0x07,0x7f,0x7a,0x7a,0x7a,0x7a,0x7a,0x7a,0x7a,0x7f,0x8b,0x7d,0x8d,0x7a,0x7a,0x7a,0x7a,0x7a,0x7a,0x7a,0x7a,0x7a,0x7a,0x7a,0x7a,0x7a,0x7a,0x7a,0x7a,0x7a,0x7a,0x7a,0x7a,0x7a,0x7a,0x7a,0x7a,0x7a,0x7a,0x7a,0x7a,0x88,0x88,0x81,0x80,0x7f,0x7a,0x7a,0x7a,0x7a,0x88,0x7e,0x7e,0x88,0x1e,0x1b,0x00,0x01,0x00,0x00,0x00,0x00,0x00,0x00,0x00,0x00,0x00,0x00,0x00,0x00,0x00,0x00,0x00,0x00,0x00,0x00,0x00,0x00,0x00,0x00,0x00,0x00,0x00,0x00,0x00,0x00,0x00,0x00,0x00,0x00,0x00,0x00,0x00,0x00,0x00,0x00,0x00,
    0x00,0x00,0x00,0x00,0x00,0x00,0x00,0x00,0x00,0x00,0x00,0x00,0x00,0x00,0x00,0x00,0x00,0x00,0x00,0x00,0x00,0x00,0x00,0x00,0x00,0x00,0x00,0x00,0x00,0x00,0x00,0x00,0x00,0x00,0x00,0x00,0x00,0x00,0x00,0x00,0x00,0x00,0x00,0x04,0x00,0x1d,0x0f,0x07,0x7f,0x8d,0x7f,0x7a,0x7a,0x7a,0x7a,0x7a,0x7a,0x84,0x82,0x7a,0x7a,0x7a,0x7a,0x7a,0x7a,0x7a,0x7a,0x7a,0x7a,0x7a,0x7a,0x7a,0x7a,0x7a,0x7a,0x7a,0x7a,0x7a,0x7a,0x7a,0x7a,0x7a,0x7a,0x7a,0x7a,0x7a,0x7a,0x7a,0x7a,0x7f,0x8b,0x8b,0x8d,0x7a,0x7a,0x7a,0x82,0x7e,0x7d,0x80,0x80,0x14,0x09,0x04,0x00,0x00,0x00,0x00,0x00,0x00,0x00,0x00,0x00,0x00,0x00,0x00,0x00,0x00,0x00,0x00,0x00,0x00,0x00,0x00,0x00,0x00,0x00,0x00,0x00,0x00,0x00,0x00,0x00,0x00,0x00,0x00,0x00,0x00,0x00,0x00,0x00,0x00,0x00,0x00,
    0x00,0x00,0x00,0x00,0x00,0x00,0x00,0x00,0x00,0x00,0x00,0x00,0x00,0x00,0x00,0x00,0x00,0x00,0x00,0x00,0x00,0x00,0x00,0x00,0x00,0x00,0x00,0x00,0x00,0x00,0x00,0x00,0x00,0x00,0x00,0x00,0x00,0x00,0x00,0x00,0x00,0x00,0x00,0x04,0x01,0x08,0x14,0x81,0x81,0x84,0x87,0x7a,0x8d,0x7a,0x82,0x82,0x88,0x8b,0x7f,0x7a,0x7a,0x7a,0x7a,0x7a,0x7a,0x7a,0x7a,0x7a,0x7a,0x7a,0x7a,0x7a,0x7a,0x7a,0x7a,0x7a,0x7a,0x7a,0x7a,0x7a,0x7a,0x7a,0x7a,0x7a,0x7a,0x7a,0x7a,0x7a,0x7a,0x7a,0x7e,0x84,0x7f,0x7a,0x7a,0x7a,0x8d,0x82,0x81,0x19,0x7d,0x14,0x00,0x00,0x00,0x00,0x00,0x00,0x00,0x00,0x00,0x00,0x00,0x00,0x00,0x00,0x00,0x00,0x00,0x00,0x00,0x00,0x00,0x00,0x00,0x00,0x00,0x00,0x00,0x00,0x00,0x00,0x00,0x00,0x00,0x00,0x00,0x00,0x00,0x00,0x00,0x00,0x00,0x00,
    0x00,0x00,0x00,0x00,0x00,0x00,0x00,0x00,0x00,0x00,0x00,0x00,0x00,0x00,0x00,0x00,0x00,0x00,0x00,0x00,0x00,0x00,0x00,0x00,0x00,0x00,0x00,0x00,0x00,0x00,0x00,0x00,0x00,0x00,0x00,0x00,0x00,0x00,0x00,0x00,0x00,0x00,0x00,0x00,0x04,0x09,0x0f,0x8b,0x83,0x83,0x81,0x84,0x7d,0x7f,0x7a,0x82,0x87,0x80,0x8d,0x7a,0x7a,0x7a,0x7a,0x7a,0x7a,0x7a,0x7a,0x7a,0x7a,0x7a,0x7a,0x7a,0x7a,0x7a,0x7a,0x7a,0x7a,0x7a,0x7a,0x7a,0x7a,0x7a,0x7a,0x7a,0x7a,0x7a,0x7a,0x7a,0x7a,0x7a,0x7f,0x8b,0x7a,0x7a,0x87,0x7e,0x8b,0x81,0x8b,0x88,0x07,0x81,0x1d,0x43,0x00,0x02,0x00,0x00,0x00,0x00,0x00,0x00,0x00,0x00,0x00,0x00,0x00,0x00,0x00,0x00,0x00,0x00,0x00,0x00,0x00,0x00,0x00,0x00,0x00,0x00,0x00,0x00,0x00,0x00,0x00,0x00,0x00,0x00,0x00,0x00,0x00,0x00,0x00,0x00,
    0x00,0x00,0x00,0x00,0x00,0x00,0x00,0x00,0x00,0x00,0x00,0x00,0x00,0x00,0x00,0x00,0x00,0x00,0x00,0x00,0x00,0x00,0x00,0x00,0x00,0x00,0x00,0x00,0x00,0x00,0x00,0x00,0x00,0x00,0x00,0x00,0x00,0x00,0x00,0x00,0x00,0x00,0x01,0x01,0x09,0x16,0x1e,0x82,0x80,0x7e,0x7e,0x80,0x8b,0x84,0x80,0x8d,0x84,0x82,0x07,0x7a,0x7a,0x7a,0x7a,0x7a,0x7a,0x7a,0x7a,0x7a,0x7a,0x7a,0x7a,0x7a,0x7a,0x7a,0x7a,0x7a,0x7a,0x7a,0x7a,0x7a,0x7a,0x7a,0x7a,0x7a,0x7a,0x7a,0x7a,0x7a,0x7a,0x7a,0x8d,0x8b,0x82,0x84,0x8a,0x81,0x84,0x80,0x7e,0x7e,0x82,0x1e,0x21,0x09,0x01,0x01,0x00,0x00,0x00,0x00,0x00,0x00,0x00,0x00,0x00,0x00,0x00,0x00,0x00,0x00,0x00,0x00,0x00,0x00,0x00,0x00,0x00,0x00,0x00,0x00,0x00,0x00,0x00,0x00,0x00,0x00,0x00,0x00,0x00,0x00,0x00,0x00,0x00,0x00,
    0x00,0x00,0x00,0x00,0x00,0x00,0x00,0x00,0x00,0x00,0x00,0x00,0x00,0x00,0x00,0x00,0x00,0x00,0x00,0x00,0x00,0x00,0x00,0x00,0x00,0x00,0x00,0x00,0x00,0x00,0x00,0x00,0x00,0x00,0x00,0x00,0x00,0x00,0x00,0x00,0x00,0x00,0x02,0x05,0x0a,0x33,0x5a,0x84,0x07,0x80,0x7e,0x82,0x7a,0x80,0x84,0x7d,0x84,0x82,0x7f,0x7a,0x7a,0x7a,0x7a,0x7a,0x7f,0x7a,0x82,0x7a,0x7a,0x7a,0x7a,0x7a,0x7a,0x7a,0x7a,0x7a,0x7a,0x7a,0x7a,0x7a,0x7a,0x7a,0x82,0x82,0x7a,0x7a,0x7a,0x7a,0x7a,0x7a,0x8d,0x8b,0x81,0x83,0x80,0x88,0x7e,0x7d,0x80,0x88,0x84,0x2b,0x28,0x20,0x00,0x05,0x00,0x00,0x00,0x00,0x00,0x00,0x00,0x00,0x00,0x00,0x00,0x00,0x00,0x00,0x00,0x00,0x00,0x00,0x00,0x00,0x00,0x00,0x00,0x00,0x00,0x00,0x00,0x00,0x00,0x00,0x00,0x00,0x00,0x00,0x00,0x00,0x00,0x00,
    0x00,0x00,0x00,0x00,0x00,0x00,0x00,0x00,0x00,0x00,0x00,0x00,0x00,0x00,0x00,0x00,0x00,0x00,0x00,0x00,0x00,0x00,0x00,0x00,0x00,0x00,0x00,0x00,0x00,0x00,0x00,0x00,0x00,0x00,0x00,0x00,0x00,0x00,0x00,0x00,0x00,0x00,0x05,0x00,0x37,0x34,0x8c,0xb1,0x83,0x07,0x7f,0x7a,0x7f,0x82,0x88,0x8b,0x83,0x7a,0x7a,0x7a,0x7a,0x82,0x88,0x88,0x8b,0x87,0x7d,0x82,0x7f,0x7f,0x7f,0x7f,0x7a,0x7a,0x7a,0x7a,0x7a,0x7a,0x7a,0x7a,0x88,0x7e,0x80,0x80,0x7e,0x82,0x7f,0x7f,0x7a,0x7a,0x8d,0x8b,0x83,0x82,0x82,0x7f,0x7f,0x7a,0x8d,0x8a,0xbf,0x8c,0x90,0x30,0x0c,0x02,0x02,0x00,0x00,0x00,0x00,0x00,0x00,0x00,0x00,0x00,0x00,0x00,0x00,0x00,0x00,0x00,0x00,0x00,0x00,0x00,0x00,0x00,0x00,0x00,0x00,0x00,0x00,0x00,0x00,0x00,0x00,0x00,0x00,0x00,0x00,0x00,0x00,0x00,
    0x00,0x00,0x00,0x00,0x00,0x00,0x00,0x00,0x00,0x00,0x00,0x00,0x00,0x00,0x00,0x00,0x00,0x00,0x00,0x00,0x00,0x00,0x00,0x00,0x00,0x00,0x00,0x00,0x00,0x00,0x00,0x00,0x00,0x00,0x00,0x00,0x00,0x00,0x00,0x00,0x00,0x02,0x01,0x31,0x36,0x0e,0x0e,0x90,0xc8,0x8a,0x8b,0x88,0x80,0x7e,0x7d,0x80,0x83,0x7d,0x7e,0x8b,0x8b,0x8b,0x81,0x81,0x83,0x8a,0x8a,0x83,0x84,0x7d,0x80,0x7a,0x7a,0x7a,0x7f,0x7f,0x7f,0x7a,0x82,0x82,0x7e,0x80,0x80,0x80,0x80,0x87,0x8b,0x87,0x80,0x88,0x82,0x84,0x80,0x80,0x8b,0x7e,0x8d,0x8b,0x83,0xca,0x8c,0xa5,0xb0,0x3d,0x32,0x02,0x02,0x00,0x00,0x00,0x00,0x00,0x00,0x00,0x00,0x00,0x00,0x00,0x00,0x00,0x00,0x00,0x00,0x00,0x00,0x00,0x00,0x00,0x00,0x00,0x00,0x00,0x00,0x00,0x00,0x00,0x00,0x00,0x00,0x00,0x00,0x00,0x00,0x00,
    0x00,0x00,0x00,0x00,0x00,0x00,0x00,0x00,0x00,0x00,0x00,0x00,0x00,0x00,0x00,0x00,0x00,0x00,0x00,0x00,0x00,0x00,0x00,0x00,0x00,0x00,0x00,0x00,0x00,0x00,0x00,0x00,0x00,0x00,0x00,0x00,0x00,0x00,0x00,0x00,0x00,0x06,0x00,0x27,0x3c,0xa3,0xd6,0xa8,0x94,0x2b,0x8d,0x95,0x7d,0x82,0x7e,0x88,0x81,0x87,0x80,0x83,0x83,0x84,0x84,0x84,0x8b,0x8b,0x8b,0x8b,0x84,0x8b,0x81,0x84,0x81,0x8b,0x87,0x84,0x81,0x81,0x81,0x81,0x81,0x83,0x83,0x83,0x81,0x84,0x8b,0x81,0x81,0x81,0x80,0x84,0x87,0x7e,0x8b,0x81,0x95,0x8f,0xa3,0x94,0x90,0xa7,0x68,0x55,0x32,0x02,0x02,0x00,0x00,0x00,0x00,0x00,0x00,0x00,0x00,0x00,0x00,0x00,0x00,0x00,0x00,0x00,0x00,0x00,0x00,0x00,0x00,0x00,0x00,0x00,0x00,0x00,0x00,0x00,0x00,0x00,0x00,0x00,0x00,0x00,0x00,0x00,0x00,0x00,
    0x00,0x00,0x00,0x00,0x00,0x00,0x00,0x00,0x00,0x00,0x00,0x00,0x00,0x00,0x00,0x00,0x00,0x00,0x00,0x00,0x00,0x00,0x00,0x00,0x00,0x00,0x00,0x00,0x00,0x00,0x00,0x00,0x00,0x00,0x00,0x00,0x00,0x00,0x00,0x00,0x00,0x06,0x00,0x20,0x49,0xb9,0xa8,0x9e,0x98,0x7c,0xb5,0xb1,0x7f,0x7d,0x07,0x8d,0x80,0x84,0x84,0x7d,0x88,0x7e,0x7e,0x7e,0x7e,0x88,0x7a,0x7a,0x82,0x82,0x88,0x7a,0x82,0x80,0x7d,0x8b,0x8b,0x8b,0x87,0x87,0x88,0x88,0x80,0x87,0x7d,0x88,0x88,0x7e,0x80,0x84,0x81,0x81,0x7e,0x82,0x8b,0x1c,0xc8,0xb5,0x90,0x86,0x98,0x03,0xa5,0x55,0x0b,0x02,0x01,0x00,0x00,0x00,0x00,0x00,0x00,0x00,0x00,0x00,0x00,0x00,0x00,0x00,0x00,0x00,0x00,0x00,0x00,0x00,0x00,0x00,0x00,0x00,0x00,0x00,0x00,0x00,0x00,0x00,0x00,0x00,0x00,0x00,0x00,0x00,0x00,0x00,
    0x00,0x00,0x00,0x00,0x00,0x00,0x00,0x00,0x00,0x00,0x00,0x00,0x00,0x00,0x00,0x00,0x00,0x00,0x00,0x00,0x00,0x00,0x00,0x00,0x00,0x00,0x00,0x00,0x00,0x00,0x00,0x00,0x00,0x00,0x00,0x00,0x00,0x00,0x00,0x00,0x00,0x01,0x02,0x09,0x6e,0x24,0xab,0xad,0xc6,0xb0,0xb5,0x90,0x0e,0x2c,0x54,0x8d,0x8b,0x84,0x7d,0x7e,0x7d,0x80,0x80,0x80,0x80,0x80,0x88,0x7e,0x7e,0x80,0x7d,0x80,0x80,0x7e,0x7e,0x88,0x7e,0x88,0x88,0x88,0x7e,0x88,0x7e,0x7e,0x80,0x80,0x80,0x80,0x80,0x7e,0x87,0x83,0x0f,0x0f,0x71,0x10,0x98,0xd6,0x0e,0x10,0xb0,0x6c,0x1f,0x2e,0x5d,0x02,0x00,0x00,0x00,0x00,0x00,0x00,0x00,0x00,0x00,0x00,0x00,0x00,0x00,0x00,0x00,0x00,0x00,0x00,0x00,0x00,0x00,0x00,0x00,0x00,0x00,0x00,0x00,0x00,0x00,0x00,0x00,0x00,0x00,0x00,0x00,0x00,0x00,0x00,
    0x00,0x00,0x00,0x00,0x00,0x00,0x00,0x00,0x00,0x00,0x00,0x00,0x00,0x00,0x00,0x00,0x00,0x00,0x00,0x00,0x00,0x00,0x00,0x00,0x00,0x00,0x00,0x00,0x00,0x00,0x00,0x00,0x00,0x00,0x00,0x00,0x00,0x00,0x00,0x00,0x00,0x00,0x02,0x00,0x0c,0x51,0x2a,0x5c,0x6e,0x5e,0x6b,0x90,0x23,0x57,0x26,0x4e,0x0f,0x82,0x88,0x7e,0x80,0x80,0x80,0x80,0x7d,0x7e,0x7e,0x7d,0x80,0x80,0x80,0x7e,0x7e,0x80,0x80,0x80,0x80,0x7d,0x7d,0x7d,0x80,0x7e,0x80,0x80,0x80,0x80,0x80,0x80,0x80,0x80,0x82,0x19,0x46,0x00,0x31,0x33,0x03,0x68,0x5c,0x5e,0x5c,0x59,0x35,0x00,0x02,0x00,0x00,0x00,0x00,0x00,0x00,0x00,0x00,0x00,0x00,0x00,0x00,0x00,0x00,0x00,0x00,0x00,0x00,0x00,0x00,0x00,0x00,0x00,0x00,0x00,0x00,0x00,0x00,0x00,0x00,0x00,0x00,0x00,0x00,0x00,0x00,0x00,0x00,0x00,
    0x00,0x00,0x00,0x00,0x00,0x00,0x00,0x00,0x00,0x00,0x00,0x00,0x00,0x00,0x00,0x00,0x00,0x00,0x00,0x00,0x00,0x00,0x00,0x00,0x00,0x00,0x00,0x00,0x00,0x00,0x00,0x00,0x00,0x00,0x00,0x00,0x00,0x00,0x00,0x00,0x00,0x00,0x00,0x02,0x00,0x0a,0x0c,0x0c,0x43,0x32,0x36,0x28,0x18,0x05,0x09,0x21,0x0f,0x7e,0x82,0x82,0x88,0x88,0x82,0x82,0x82,0x82,0x82,0x82,0x82,0x82,0x82,0x88,0x82,0x7e,0x80,0x7d,0x7d,0x80,0x80,0x7e,0x7e,0x88,0x7e,0x88,0x82,0x82,0x82,0x88,0x88,0x7e,0x88,0x07,0x26,0x1b,0x00,0x0c,0x29,0x57,0x4d,0x1b,0x0c,0x0a,0x00,0x06,0x00,0x00,0x00,0x00,0x00,0x00,0x00,0x00,0x00,0x00,0x00,0x00,0x00,0x00,0x00,0x00,0x00,0x00,0x00,0x00,0x00,0x00,0x00,0x00,0x00,0x00,0x00,0x00,0x00,0x00,0x00,0x00,0x00,0x00,0x00,0x00,0x00,0x00,0x00,0x00,
    0x00,0x00,0x00,0x00,0x00,0x00,0x00,0x00,0x00,0x00,0x00,0x00,0x00,0x00,0x00,0x00,0x00,0x00,0x00,0x00,0x00,0x00,0x00,0x00,0x00,0x00,0x00,0x00,0x00,0x00,0x00,0x00,0x00,0x00,0x00,0x00,0x00,0x00,0x00,0x00,0x00,0x00,0x00,0x00,0x02,0x00,0x00,0x00,0x00,0x00,0x1a,0x29,0x06,0x5d,0x00,0x12,0x14,0x0f,0x81,0x84,0x8b,0x7e,0x84,0x8b,0x81,0x83,0x83,0x83,0x83,0x84,0x7d,0x88,0x8d,0x7a,0x88,0x82,0x7f,0x82,0x7e,0x7e,0x80,0x8b,0x84,0x81,0x8a,0x8a,0x83,0x8b,0x87,0x80,0x54,0x11,0x1d,0x09,0x02,0x00,0x5d,0x00,0x00,0x00,0x00,0x00,0x02,0x00,0x00,0x00,0x00,0x00,0x00,0x00,0x00,0x00,0x00,0x00,0x00,0x00,0x00,0x00,0x00,0x00,0x00,0x00,0x00,0x00,0x00,0x00,0x00,0x00,0x00,0x00,0x00,0x00,0x00,0x00,0x00,0x00,0x00,0x00,0x00,0x00,0x00,0x00,0x00,0x00,
    0x00,0x00,0x00,0x00,0x00,0x00,0x00,0x00,0x00,0x00,0x00,0x00,0x00,0x00,0x00,0x00,0x00,0x00,0x00,0x00,0x00,0x00,0x00,0x00,0x00,0x00,0x00,0x00,0x00,0x00,0x00,0x00,0x00,0x00,0x00,0x00,0x00,0x00,0x00,0x00,0x00,0x00,0x00,0x00,0x00,0x02,0x02,0x02,0x01,0x01,0x00,0x00,0x00,0x00,0x04,0x00,0x08,0x66,0x12,0x6e,0x77,0x2b,0xe9,0xe1,0xec,0xe4,0xb1,0xd2,0x2c,0xe0,0x1c,0x8f,0x7a,0x7a,0x82,0x8b,0x8b,0x8b,0x87,0x84,0x8b,0x82,0x1c,0xe0,0xd2,0xb1,0xb1,0x71,0x16,0x12,0x4e,0x08,0x00,0x00,0x00,0x02,0x00,0x02,0x01,0x01,0x02,0x02,0x00,0x00,0x00,0x00,0x00,0x00,0x00,0x00,0x00,0x00,0x00,0x00,0x00,0x00,0x00,0x00,0x00,0x00,0x00,0x00,0x00,0x00,0x00,0x00,0x00,0x00,0x00,0x00,0x00,0x00,0x00,0x00,0x00,0x00,0x00,0x00,0x00,0x00,0x00,0x00,0x00,0x00,
    0x00,0x00,0x00,0x00,0x00,0x00,0x00,0x00,0x00,0x00,0x00,0x00,0x00,0x00,0x00,0x00,0x00,0x00,0x00,0x00,0x00,0x00,0x00,0x00,0x00,0x00,0x00,0x00,0x00,0x00,0x00,0x00,0x00,0x00,0x00,0x00,0x00,0x00,0x00,0x00,0x00,0x00,0x00,0x00,0x00,0x00,0x00,0x00,0x00,0x00,0x05,0x05,0x00,0x00,0x00,0x01,0x00,0x00,0x00,0x0c,0x67,0x49,0x47,0xb2,0xc3,0xb7,0x8e,0xa0,0xb7,0xc3,0x47,0xe5,0xd6,0x71,0x11,0xb1,0xe1,0xe1,0xe1,0xa7,0xad,0xb2,0xb2,0x47,0x47,0xb2,0xe5,0x53,0x4d,0x00,0x1b,0x00,0x5d,0x00,0x00,0x00,0x00,0x00,0x00,0x00,0x00,0x00,0x00,0x00,0x00,0x00,0x00,0x00,0x00,0x00,0x00,0x00,0x00,0x00,0x00,0x00,0x00,0x00,0x00,0x00,0x00,0x00,0x00,0x00,0x00,0x00,0x00,0x00,0x00,0x00,0x00,0x00,0x00,0x00,0x00,0x00,0x00,0x00,0x00,0x00,0x00,0x00,0x00,0x00,
    0x00,0x00,0x00,0x00,0x00,0x00,0x00,0x00,0x00,0x00,0x00,0x00,0x00,0x00,0x00,0x00,0x00,0x00,0x00,0x00,0x00,0x00,0x00,0x00,0x00,0x00,0x00,0x00,0x00,0x00,0x00,0x00,0x00,0x00,0x00,0x00,0x00,0x00,0x00,0x00,0x00,0x00,0x00,0x00,0x00,0x00,0x00,0x00,0x00,0x00,0x00,0x00,0x00,0x00,0x00,0x00,0x01,0x01,0x5d,0x00,0x65,0x6b,0xb2,0xb7,0x03,0x86,0x86,0x86,0x86,0x86,0xb7,0x47,0x47,0x5e,0x6e,0x47,0xb2,0xb2,0x8e,0x98,0x98,0x98,0x91,0x90,0xb7,0xc3,0xe1,0x77,0x09,0x04,0x00,0x01,0x00,0x00,0x00,0x00,0x00,0x00,0x00,0x00,0x00,0x00,0x00,0x00,0x00,0x00,0x00,0x00,0x00,0x00,0x00,0x00,0x00,0x00,0x00,0x00,0x00,0x00,0x00,0x00,0x00,0x00,0x00,0x00,0x00,0x00,0x00,0x00,0x00,0x00,0x00,0x00,0x00,0x00,0x00,0x00,0x00,0x00,0x00,0x00,0x00,0x00,0x00,0x00,
    0x00,0x00,0x00,0x00,0x00,0x00,0x00,0x00,0x00,0x00,0x00,0x00,0x00,0x00,0x00,0x00,0x00,0x00,0x00,0x00,0x00,0x00,0x00,0x00,0x00,0x00,0x00,0x00,0x00,0x00,0x00,0x00,0x00,0x00,0x00,0x00,0x00,0x00,0x00,0x00,0x00,0x00,0x00,0x00,0x00,0x00,0x00,0x00,0x00,0x00,0x00,0x00,0x00,0x00,0x00,0x00,0x00,0x00,0x06,0x02,0x25,0x30,0x90,0x94,0x03,0x03,0x03,0x03,0x03,0x86,0x91,0x90,0xe9,0x4c,0x20,0x56,0xb2,0x8e,0x91,0x03,0x03,0x03,0x03,0x86,0x91,0x8c,0x60,0x32,0x02,0x00,0x01,0x00,0x00,0x00,0x00,0x00,0x00,0x00,0x00,0x00,0x00,0x00,0x00,0x00,0x00,0x00,0x00,0x00,0x00,0x00,0x00,0x00,0x00,0x00,0x00,0x00,0x00,0x00,0x00,0x00,0x00,0x00,0x00,0x00,0x00,0x00,0x00,0x00,0x00,0x00,0x00,0x00,0x00,0x00,0x00,0x00,0x00,0x00,0x00,0x00,0x00,0x00,0x00,0x00,
    0x00,0x00,0x00,0x00,0x00,0x00,0x00,0x00,0x00,0x00,0x00,0x00,0x00,0x00,0x00,0x00,0x00,0x00,0x00,0x00,0x00,0x00,0x00,0x00,0x00,0x00,0x00,0x00,0x00,0x00,0x00,0x00,0x00,0x00,0x00,0x00,0x00,0x00,0x00,0x00,0x00,0x00,0x00,0x00,0x00,0x00,0x00,0x00,0x00,0x00,0x00,0x00,0x00,0x00,0x00,0x00,0x00,0x00,0x06,0x00,0x25,0x30,0x86,0x03,0x86,0x86,0x86,0x86,0x86,0x86,0x03,0x91,0x10,0x35,0x25,0x3d,0x90,0x91,0x03,0x86,0x86,0x86,0x86,0x03,0x03,0x7c,0x1f,0x00,0x06,0x00,0x00,0x00,0x00,0x00,0x00,0x00,0x00,0x00,0x00,0x00,0x00,0x00,0x00,0x00,0x00,0x00,0x00,0x00,0x00,0x00,0x00,0x00,0x00,0x00,0x00,0x00,0x00,0x00,0x00,0x00,0x00,0x00,0x00,0x00,0x00,0x00,0x00,0x00,0x00,0x00,0x00,0x00,0x00,0x00,0x00,0x00,0x00,0x00,0x00,0x00,0x00,0x00,0x00,0x00,
    0x00,0x00,0x00,0x00,0x00,0x00,0x00,0x00,0x00,0x00,0x00,0x00,0x00,0x00,0x00,0x00,0x00,0x00,0x00,0x00,0x00,0x00,0x00,0x00,0x00,0x00,0x00,0x00,0x00,0x00,0x00,0x00,0x00,0x00,0x00,0x00,0x00,0x00,0x00,0x00,0x00,0x00,0x00,0x00,0x00,0x00,0x00,0x00,0x00,0x00,0x00,0x00,0x00,0x00,0x00,0x00,0x00,0x00,0x00,0x00,0x0a,0x30,0x40,0x7c,0x86,0x86,0x86,0x86,0x86,0x86,0x86,0x03,0x8e,0x0c,0x25,0x30,0x98,0x03,0x86,0x86,0x86,0x86,0x86,0x86,0x86,0x03,0x3d,0x1a,0x02,0x06,0x00,0x00,0x00,0x00,0x00,0x00,0x00,0x00,0x00,0x00,0x00,0x00,0x00,0x00,0x00,0x00,0x00,0x00,0x00,0x00,0x00,0x00,0x00,0x00,0x00,0x00,0x00,0x00,0x00,0x00,0x00,0x00,0x00,0x00,0x00,0x00,0x00,0x00,0x00,0x00,0x00,0x00,0x00,0x00,0x00,0x00,0x00,0x00,0x00,0x00,0x00,0x00,0x00,0x00,
    0x00,0x00,0x00,0x00,0x00,0x00,0x00,0x00,0x00,0x00,0x00,0x00,0x00,0x00,0x00,0x00,0x00,0x00,0x00,0x00,0x00,0x00,0x00,0x00,0x00,0x00,0x00,0x00,0x00,0x00,0x00,0x00,0x00,0x00,0x00,0x00,0x00,0x00,0x00,0x00,0x00,0x00,0x00,0x00,0x00,0x00,0x00,0x00,0x00,0x00,0x00,0x00,0x00,0x00,0x00,0x00,0x00,0x00,0x00,0x00,0x0b,0x3f,0x6c,0x98,0x03,0x86,0x86,0x86,0x86,0x86,0x86,0x90,0xa3,0x25,0x0a,0x51,0x8c,0x90,0x86,0x86,0x86,0x86,0x86,0x03,0x86,0x8e,0x3b,0x20,0x00,0x06,0x00,0x00,0x00,0x00,0x00,0x00,0x00,0x00,0x00,0x00,0x00,0x00,0x00,0x00,0x00,0x00,0x00,0x00,0x00,0x00,0x00,0x00,0x00,0x00,0x00,0x00,0x00,0x00,0x00,0x00,0x00,0x00,0x00,0x00,0x00,0x00,0x00,0x00,0x00,0x00,0x00,0x00,0x00,0x00,0x00,0x00,0x00,0x00,0x00,0x00,0x00,0x00,0x00,0x00,
    0x00,0x00,0x00,0x00,0x00,0x00,0x00,0x00,0x00,0x00,0x00,0x00,0x00,0x00,0x00,0x00,0x00,0x00,0x00,0x00,0x00,0x00,0x00,0x00,0x00,0x00,0x00,0x00,0x00,0x00,0x00,0x00,0x00,0x00,0x00,0x00,0x00,0x00,0x00,0x00,0x00,0x00,0x00,0x00,0x00,0x00,0x00,0x00,0x00,0x00,0x00,0x00,0x00,0x00,0x00,0x00,0x00,0x00,0x00,0x00,0x0b,0x3f,0x40,0x7c,0x86,0x86,0x86,0x86,0x86,0x86,0x03,0x98,0x60,0x2e,0x00,0x4f,0x94,0x86,0x86,0x86,0x86,0x86,0x86,0x03,0x94,0xa8,0x3d,0x0c,0x00,0x02,0x00,0x00,0x00,0x00,0x00,0x00,0x00,0x00,0x00,0x00,0x00,0x00,0x00,0x00,0x00,0x00,0x00,0x00,0x00,0x00,0x00,0x00,0x00,0x00,0x00,0x00,0x00,0x00,0x00,0x00,0x00,0x00,0x00,0x00,0x00,0x00,0x00,0x00,0x00,0x00,0x00,0x00,0x00,0x00,0x00,0x00,0x00,0x00,0x00,0x00,0x00,0x00,0x00,0x00,
    0x00,0x00,0x00,0x00,0x00,0x00,0x00,0x00,0x00,0x00,0x00,0x00,0x00,0x00,0x00,0x00,0x00,0x00,0x00,0x00,0x00,0x00,0x00,0x00,0x00,0x00,0x00,0x00,0x00,0x00,0x00,0x00,0x00,0x00,0x00,0x00,0x00,0x00,0x00,0x00,0x00,0x00,0x00,0x00,0x00,0x00,0x00,0x00,0x00,0x00,0x00,0x00,0x00,0x00,0x00,0x00,0x00,0x00,0x00,0x01,0x06,0x67,0x72,0x90,0x7c,0x86,0x86,0x86,0x86,0x86,0x86,0x03,0x2d,0x18,0x05,0x5c,0xa8,0x94,0x03,0x86,0x86,0x86,0x86,0x86,0x86,0xab,0x1f,0x0a,0x00,0x02,0x00,0x00,0x00,0x00,0x00,0x00,0x00,0x00,0x00,0x00,0x00,0x00,0x00,0x00,0x00,0x00,0x00,0x00,0x00,0x00,0x00,0x00,0x00,0x00,0x00,0x00,0x00,0x00,0x00,0x00,0x00,0x00,0x00,0x00,0x00,0x00,0x00,0x00,0x00,0x00,0x00,0x00,0x00,0x00,0x00,0x00,0x00,0x00,0x00,0x00,0x00,0x00,0x00,0x00,
    0x00,0x00,0x00,0x00,0x00,0x00,0x00,0x00,0x00,0x00,0x00,0x00,0x00,0x00,0x00,0x00,0x00,0x00,0x00,0x00,0x00,0x00,0x00,0x00,0x00,0x00,0x00,0x00,0x00,0x00,0x00,0x00,0x00,0x00,0x00,0x00,0x00,0x00,0x00,0x00,0x00,0x00,0x00,0x00,0x00,0x00,0x00,0x00,0x00,0x00,0x00,0x00,0x00,0x00,0x00,0x00,0x00,0x00,0x00,0x06,0x00,0x2e,0x56,0x86,0x86,0x86,0x86,0x86,0x86,0x03,0x91,0xa8,0x1f,0x31,0x0a,0x2a,0x8e,0x7c,0x86,0x86,0x86,0x86,0x86,0x03,0x94,0x3c,0x27,0x00,0x01,0x00,0x00,0x00,0x00,0x00,0x00,0x00,0x00,0x00,0x00,0x00,0x00,0x00,0x00,0x00,0x00,0x00,0x00,0x00,0x00,0x00,0x00,0x00,0x00,0x00,0x00,0x00,0x00,0x00,0x00,0x00,0x00,0x00,0x00,0x00,0x00,0x00,0x00,0x00,0x00,0x00,0x00,0x00,0x00,0x00,0x00,0x00,0x00,0x00,0x00,0x00,0x00,0x00,0x00,0x00,
    0x00,0x00,0x00,0x00,0x00,0x00,0x00,0x00,0x00,0x00,0x00,0x00,0x00,0x00,0x00,0x00,0x00,0x00,0x00,0x00,0x00,0x00,0x00,0x00,0x00,0x00,0x00,0x00,0x00,0x00,0x00,0x00,0x00,0x00,0x00,0x00,0x00,0x00,0x00,0x00,0x00,0x00,0x00,0x00,0x00,0x00,0x00,0x00,0x00,0x00,0x00,0x00,0x00,0x00,0x00,0x00,0x00,0x00,0x00,0x06,0x00,0x2e,0x2d,0x8c,0x03,0x86,0x86,0x86,0x86,0x86,0x7c,0xa0,0x1f,0x31,0x09,0x3d,0xfa,0x03,0x86,0x86,0x86,0x86,0x86,0x03,0x9e,0x23,0x27,0x00,0x01,0x00,0x00,0x00,0x00,0x00,0x00,0x00,0x00,0x00,0x00,0x00,0x00,0x00,0x00,0x00,0x00,0x00,0x00,0x00,0x00,0x00,0x00,0x00,0x00,0x00,0x00,0x00,0x00,0x00,0x00,0x00,0x00,0x00,0x00,0x00,0x00,0x00,0x00,0x00,0x00,0x00,0x00,0x00,0x00,0x00,0x00,0x00,0x00,0x00,0x00,0x00,0x00,0x00,0x00,0x00,
    0x00,0x00,0x00,0x00,0x00,0x00,0x00,0x00,0x00,0x00,0x00,0x00,0x00,0x00,0x00,0x00,0x00,0x00,0x00,0x00,0x00,0x00,0x00,0x00,0x00,0x00,0x00,0x00,0x00,0x00,0x00,0x00,0x00,0x00,0x00,0x00,0x00,0x00,0x00,0x00,0x00,0x00,0x00,0x00,0x00,0x00,0x00,0x00,0x00,0x00,0x00,0x00,0x00,0x00,0x00,0x00,0x00,0x00,0x00,0x06,0x00,0x20,0x2d,0x9e,0x03,0x86,0x86,0x86,0x86,0x03,0x7c,0x40,0x30,0x0a,0x5d,0x5c,0x72,0x86,0x03,0x86,0x86,0x86,0x86,0x03,0x98,0x24,0x27,0x00,0x06,0x00,0x00,0x00,0x00,0x00,0x00,0x00,0x00,0x00,0x00,0x00,0x00,0x00,0x00,0x00,0x00,0x00,0x00,0x00,0x00,0x00,0x00,0x00,0x00,0x00,0x00,0x00,0x00,0x00,0x00,0x00,0x00,0x00,0x00,0x00,0x00,0x00,0x00,0x00,0x00,0x00,0x00,0x00,0x00,0x00,0x00,0x00,0x00,0x00,0x00,0x00,0x00,0x00,0x00,0x00,
    0x00,0x00,0x00,0x00,0x00,0x00,0x00,0x00,0x00,0x00,0x00,0x00,0x00,0x00,0x00,0x00,0x00,0x00,0x00,0x00,0x00,0x00,0x00,0x00,0x00,0x00,0x00,0x00,0x00,0x00,0x00,0x00,0x00,0x00,0x00,0x00,0x00,0x00,0x00,0x00,0x00,0x00,0x00,0x00,0x00,0x00,0x00,0x00,0x00,0x00,0x00,0x00,0x00,0x00,0x00,0x00,0x00,0x00,0x00,0x06,0x00,0x20,0x2d,0x9e,0x03,0x86,0x86,0x86,0x86,0x03,0x91,0x68,0x69,0x00,0x02,0x4c,0x24,0x9e,0x03,0x86,0x86,0x86,0x86,0x03,0x86,0x64,0x4f,0x0b,0x01,0x00,0x00,0x00,0x00,0x00,0x00,0x00,0x00,0x00,0x00,0x00,0x00,0x00,0x00,0x00,0x00,0x00,0x00,0x00,0x00,0x00,0x00,0x00,0x00,0x00,0x00,0x00,0x00,0x00,0x00,0x00,0x00,0x00,0x00,0x00,0x00,0x00,0x00,0x00,0x00,0x00,0x00,0x00,0x00,0x00,0x00,0x00,0x00,0x00,0x00,0x00,0x00,0x00,0x00,0x00,
    0x00,0x00,0x00,0x00,0x00,0x00,0x00,0x00,0x00,0x00,0x00,0x00,0x00,0x00,0x00,0x00,0x00,0x00,0x00,0x00,0x00,0x00,0x00,0x00,0x00,0x00,0x00,0x00,0x00,0x00,0x00,0x00,0x00,0x00,0x00,0x00,0x00,0x00,0x00,0x00,0x00,0x00,0x00,0x00,0x00,0x00,0x00,0x00,0x00,0x00,0x00,0x00,0x00,0x00,0x00,0x00,0x00,0x00,0x00,0x01,0x0b,0x3f,0x10,0x86,0x86,0x86,0x86,0x86,0x86,0x90,0x7c,0x60,0x63,0x02,0x00,0x27,0x24,0x03,0x03,0x86,0x86,0x86,0x86,0x86,0x7c,0x8e,0x1f,0x0c,0x00,0x02,0x00,0x00,0x00,0x00,0x00,0x00,0x00,0x00,0x00,0x00,0x00,0x00,0x00,0x00,0x00,0x00,0x00,0x00,0x00,0x00,0x00,0x00,0x00,0x00,0x00,0x00,0x00,0x00,0x00,0x00,0x00,0x00,0x00,0x00,0x00,0x00,0x00,0x00,0x00,0x00,0x00,0x00,0x00,0x00,0x00,0x00,0x00,0x00,0x00,0x00,0x00,0x00,0x00,0x00,
    0x00,0x00,0x00,0x00,0x00,0x00,0x00,0x00,0x00,0x00,0x00,0x00,0x00,0x00,0x00,0x00,0x00,0x00,0x00,0x00,0x00,0x00,0x00,0x00,0x00,0x00,0x00,0x00,0x00,0x00,0x00,0x00,0x00,0x00,0x00,0x00,0x00,0x00,0x00,0x00,0x00,0x00,0x00,0x00,0x00,0x00,0x00,0x00,0x00,0x00,0x00,0x00,0x00,0x00,0x00,0x00,0x00,0x00,0x00,0x00,0x0a,0x2a,0x48,0x7c,0x86,0x86,0x86,0x86,0x86,0x90,0x98,0x36,0x32,0x00,0x02,0x1a,0x3b,0xa0,0x7c,0x03,0x86,0x86,0x86,0x03,0x94,0xa5,0x5e,0x0a,0x00,0x02,0x00,0x00,0x00,0x00,0x00,0x00,0x00,0x00,0x00,0x00,0x00,0x00,0x00,0x00,0x00,0x00,0x00,0x00,0x00,0x00,0x00,0x00,0x00,0x00,0x00,0x00,0x00,0x00,0x00,0x00,0x00,0x00,0x00,0x00,0x00,0x00,0x00,0x00,0x00,0x00,0x00,0x00,0x00,0x00,0x00,0x00,0x00,0x00,0x00,0x00,0x00,0x00,0x00,0x00,
    0x00,0x00,0x00,0x00,0x00,0x00,0x00,0x00,0x00,0x00,0x00,0x00,0x00,0x00,0x00,0x00,0x00,0x00,0x00,0x00,0x00,0x00,0x00,0x00,0x00,0x00,0x00,0x00,0x00,0x00,0x00,0x00,0x00,0x00,0x00,0x00,0x00,0x00,0x00,0x00,0x00,0x00,0x00,0x00,0x00,0x00,0x00,0x00,0x00,0x00,0x00,0x00,0x00,0x00,0x00,0x00,0x00,0x00,0x00,0x00,0x0b,0x37,0x86,0x7c,0x86,0x86,0x86,0x86,0x86,0x86,0x7c,0x56,0x32,0x00,0x00,0x1a,0x4f,0x91,0x03,0x86,0x86,0x86,0x86,0x03,0x91,0x0e,0x56,0x20,0x00,0x06,0x00,0x00,0x00,0x00,0x00,0x00,0x00,0x00,0x00,0x00,0x00,0x00,0x00,0x00,0x00,0x00,0x00,0x00,0x00,0x00,0x00,0x00,0x00,0x00,0x00,0x00,0x00,0x00,0x00,0x00,0x00,0x00,0x00,0x00,0x00,0x00,0x00,0x00,0x00,0x00,0x00,0x00,0x00,0x00,0x00,0x00,0x00,0x00,0x00,0x00,0x00,0x00,0x00,0x00,
    0x00,0x00,0x00,0x00,0x00,0x00,0x00,0x00,0x00,0x00,0x00,0x00,0x00,0x00,0x00,0x00,0x00,0x00,0x00,0x00,0x00,0x00,0x00,0x00,0x00,0x00,0x00,0x00,0x00,0x00,0x00,0x00,0x00,0x00,0x00,0x00,0x00,0x00,0x00,0x00,0x00,0x00,0x00,0x00,0x00,0x00,0x00,0x00,0x00,0x00,0x00,0x00,0x00,0x00,0x00,0x00,0x00,0x00,0x00,0x05,0x01,0x1a,0x90,0x7c,0x86,0x86,0x86,0x86,0x86,0x03,0x98,0x2a,0x43,0x06,0x00,0x1a,0x28,0x9e,0x03,0x86,0x86,0x86,0x86,0x03,0x7c,0xa0,0x30,0x32,0x00,0x06,0x00,0x00,0x00,0x00,0x00,0x00,0x00,0x00,0x00,0x00,0x00,0x00,0x00,0x00,0x00,0x00,0x00,0x00,0x00,0x00,0x00,0x00,0x00,0x00,0x00,0x00,0x00,0x00,0x00,0x00,0x00,0x00,0x00,0x00,0x00,0x00,0x00,0x00,0x00,0x00,0x00,0x00,0x00,0x00,0x00,0x00,0x00,0x00,0x00,0x00,0x00,0x00,0x00,0x00,
    0x00,0x00,0x00,0x00,0x00,0x00,0x00,0x00,0x00,0x00,0x00,0x00,0x00,0x00,0x00,0x00,0x00,0x00,0x00,0x00,0x00,0x00,0x00,0x00,0x00,0x00,0x00,0x00,0x00,0x00,0x00,0x00,0x00,0x00,0x00,0x00,0x00,0x00,0x00,0x00,0x00,0x00,0x00,0x00,0x00,0x00,0x00,0x00,0x00,0x00,0x00,0x00,0x00,0x00,0x00,0x00,0x00,0x00,0x00,0x06,0x04,0x35,0xa8,0x86,0x03,0x03,0x86,0x86,0x86,0x03,0x8c,0x33,0x00,0x0b,0x00,0x1a,0x28,0x98,0x03,0x86,0x86,0x86,0x86,0x86,0x86,0x8e,0x56,0x12,0x02,0x04,0x00,0x00,0x00,0x00,0x00,0x00,0x00,0x00,0x00,0x00,0x00,0x00,0x00,0x00,0x00,0x00,0x00,0x00,0x00,0x00,0x00,0x00,0x00,0x00,0x00,0x00,0x00,0x00,0x00,0x00,0x00,0x00,0x00,0x00,0x00,0x00,0x00,0x00,0x00,0x00,0x00,0x00,0x00,0x00,0x00,0x00,0x00,0x00,0x00,0x00,0x00,0x00,0x00,0x00,
    0x00,0x00,0x00,0x00,0x00,0x00,0x00,0x00,0x00,0x00,0x00,0x00,0x00,0x00,0x00,0x00,0x00,0x00,0x00,0x00,0x00,0x00,0x00,0x00,0x00,0x00,0x00,0x00,0x00,0x00,0x00,0x00,0x00,0x00,0x00,0x00,0x00,0x00,0x00,0x00,0x00,0x00,0x00,0x00,0x00,0x00,0x00,0x00,0x00,0x00,0x00,0x00,0x00,0x00,0x00,0x00,0x00,0x00,0x01,0x02,0x00,0x1a,0xab,0x8e,0xa0,0xa0,0x8e,0x90,0x90,0x90,0x98,0x33,0x00,0x0b,0x02,0x00,0x51,0x90,0x90,0x90,0x90,0x90,0x90,0xa0,0x03,0xa0,0x53,0x46,0x00,0x5d,0x00,0x00,0x00,0x00,0x00,0x00,0x00,0x00,0x00,0x00,0x00,0x00,0x00,0x00,0x00,0x00,0x00,0x00,0x00,0x00,0x00,0x00,0x00,0x00,0x00,0x00,0x00,0x00,0x00,0x00,0x00,0x00,0x00,0x00,0x00,0x00,0x00,0x00,0x00,0x00,0x00,0x00,0x00,0x00,0x00,0x00,0x00,0x00,0x00,0x00,0x00,0x00,0x00,0x00,
    0x00,0x00,0x00,0x00,0x00,0x00,0x00,0x00,0x00,0x00,0x00,0x00,0x00,0x00,0x00,0x00,0x00,0x00,0x00,0x00,0x00,0x00,0x00,0x00,0x00,0x00,0x00,0x00,0x00,0x00,0x00,0x00,0x00,0x00,0x00,0x00,0x00,0x00,0x00,0x00,0x00,0x00,0x00,0x00,0x00,0x00,0x00,0x00,0x00,0x00,0x00,0x00,0x00,0x00,0x00,0x00,0x00,0x01,0x00,0x1b,0x4e,0x15,0xdf,0x8c,0x8c,0x9e,0x94,0x98,0x8c,0x8c,0x03,0x71,0x39,0x00,0x04,0x12,0x14,0xdf,0x8c,0x8c,0x8c,0x8c,0x8c,0x98,0x8c,0x0e,0x1e,0x16,0x09,0x00,0x01,0x00,0x00,0x00,0x00,0x00,0x00,0x00,0x00,0x00,0x00,0x00,0x00,0x00,0x00,0x00,0x00,0x00,0x00,0x00,0x00,0x00,0x00,0x00,0x00,0x00,0x00,0x00,0x00,0x00,0x00,0x00,0x00,0x00,0x00,0x00,0x00,0x00,0x00,0x00,0x00,0x00,0x00,0x00,0x00,0x00,0x00,0x00,0x00,0x00,0x00,0x00,0x00,0x00,
    0x00,0x00,0x00,0x00,0x00,0x00,0x00,0x00,0x00,0x00,0x00,0x00,0x00,0x00,0x00,0x00,0x00,0x00,0x00,0x00,0x00,0x00,0x00,0x00,0x00,0x00,0x00,0x00,0x00,0x00,0x00,0x00,0x00,0x00,0x00,0x00,0x00,0x00,0x00,0x00,0x00,0x00,0x00,0x00,0x00,0x00,0x00,0x00,0x00,0x00,0x00,0x00,0x00,0x00,0x00,0x00,0x04,0x00,0x08,0x16,0x82,0x8a,0x44,0xaf,0xaf,0xaf,0x2b,0xc6,0xbf,0xbf,0xb1,0x8a,0x8a,0x26,0x16,0x54,0x8a,0x2c,0xaf,0xca,0x2b,0xca,0xca,0x2b,0xbf,0x2c,0x8a,0x83,0x26,0x5d,0x5d,0x00,0x00,0x00,0x00,0x00,0x00,0x00,0x00,0x00,0x00,0x00,0x00,0x00,0x00,0x00,0x00,0x00,0x00,0x00,0x00,0x00,0x00,0x00,0x00,0x00,0x00,0x00,0x00,0x00,0x00,0x00,0x00,0x00,0x00,0x00,0x00,0x00,0x00,0x00,0x00,0x00,0x00,0x00,0x00,0x00,0x00,0x00,0x00,0x00,0x00,0x00,0x00,0x00,
    0x00,0x00,0x00,0x00,0x00,0x00,0x00,0x00,0x00,0x00,0x00,0x00,0x00,0x00,0x00,0x00,0x00,0x00,0x00,0x00,0x00,0x00,0x00,0x00,0x00,0x00,0x00,0x00,0x00,0x00,0x00,0x00,0x00,0x00,0x00,0x00,0x00,0x00,0x00,0x00,0x00,0x00,0x00,0x00,0x00,0x00,0x00,0x00,0x00,0x00,0x00,0x00,0x00,0x00,0x00,0x00,0x04,0x01,0x12,0x4a,0x88,0x1e,0x8a,0x95,0x8a,0x95,0x8a,0x8a,0x95,0x95,0x95,0x8a,0x87,0x4a,0x15,0x88,0x1e,0x95,0x95,0x8a,0x8a,0x95,0x95,0x8a,0x8a,0x8a,0x19,0x19,0x4a,0x39,0x00,0x04,0x00,0x00,0x00,0x00,0x00,0x00,0x00,0x00,0x00,0x00,0x00,0x00,0x00,0x00,0x00,0x00,0x00,0x00,0x00,0x00,0x00,0x00,0x00,0x00,0x00,0x00,0x00,0x00,0x00,0x00,0x00,0x00,0x00,0x00,0x00,0x00,0x00,0x00,0x00,0x00,0x00,0x00,0x00,0x00,0x00,0x00,0x00,0x00,0x00,0x00,0x00,0x00,
    0x00,0x00,0x00,0x00,0x00,0x00,0x00,0x00,0x00,0x00,0x00,0x00,0x00,0x00,0x00,0x00,0x00,0x00,0x00,0x00,0x00,0x00,0x00,0x00,0x00,0x00,0x00,0x00,0x00,0x00,0x00,0x00,0x00,0x00,0x00,0x00,0x00,0x00,0x00,0x00,0x00,0x00,0x00,0x00,0x00,0x00,0x00,0x00,0x00,0x00,0x00,0x00,0x00,0x00,0x00,0x00,0x01,0x01,0x09,0x0f,0x7d,0x81,0x81,0x81,0x7a,0x82,0x82,0x82,0x7a,0x87,0x83,0x1e,0x7d,0x15,0x14,0x81,0x1e,0x81,0x8b,0x7a,0x82,0x82,0x82,0x7a,0x8b,0x83,0x8b,0x7d,0x0f,0x21,0x00,0x04,0x00,0x00,0x00,0x00,0x00,0x00,0x00,0x00,0x00,0x00,0x00,0x00,0x00,0x00,0x00,0x00,0x00,0x00,0x00,0x00,0x00,0x00,0x00,0x00,0x00,0x00,0x00,0x00,0x00,0x00,0x00,0x00,0x00,0x00,0x00,0x00,0x00,0x00,0x00,0x00,0x00,0x00,0x00,0x00,0x00,0x00,0x00,0x00,0x00,0x00,0x00,0x00,
    0x00,0x00,0x00,0x00,0x00,0x00,0x00,0x00,0x00,0x00,0x00,0x00,0x00,0x00,0x00,0x00,0x00,0x00,0x00,0x00,0x00,0x00,0x00,0x00,0x00,0x00,0x00,0x00,0x00,0x00,0x00,0x00,0x00,0x00,0x00,0x00,0x00,0x00,0x00,0x00,0x00,0x00,0x00,0x00,0x00,0x00,0x00,0x00,0x00,0x00,0x00,0x00,0x00,0x00,0x00,0x00,0x01,0x5d,0x21,0x83,0x88,0x88,0x88,0x81,0x8b,0x7e,0x80,0x80,0x7e,0x83,0x84,0x82,0x80,0x15,0x14,0x84,0x82,0x7d,0x81,0x80,0x80,0x80,0x80,0x7e,0x83,0x8b,0x88,0x88,0x0f,0x21,0x00,0x04,0x00,0x00,0x00,0x00,0x00,0x00,0x00,0x00,0x00,0x00,0x00,0x00,0x00,0x00,0x00,0x00,0x00,0x00,0x00,0x00,0x00,0x00,0x00,0x00,0x00,0x00,0x00,0x00,0x00,0x00,0x00,0x00,0x00,0x00,0x00,0x00,0x00,0x00,0x00,0x00,0x00,0x00,0x00,0x00,0x00,0x00,0x00,0x00,0x00,0x00,0x00,0x00,
    0x00,0x00,0x00,0x00,0x00,0x00,0x00,0x00,0x00,0x00,0x00,0x00,0x00,0x00,0x00,0x00,0x00,0x00,0x00,0x00,0x00,0x00,0x00,0x00,0x00,0x00,0x00,0x00,0x00,0x00,0x00,0x00,0x00,0x00,0x00,0x00,0x00,0x00,0x00,0x00,0x00,0x00,0x00,0x00,0x00,0x00,0x00,0x00,0x00,0x00,0x00,0x00,0x00,0x00,0x00,0x00,0x04,0x04,0x21,0x0f,0x8d,0x82,0x81,0x83,0x87,0x82,0x80,0x7e,0x82,0x83,0x81,0x82,0x88,0x4e,0x11,0x87,0x88,0x83,0x83,0x88,0x80,0x80,0x7e,0x82,0x83,0x83,0x88,0x82,0x0f,0x65,0x00,0x04,0x00,0x00,0x00,0x00,0x00,0x00,0x00,0x00,0x00,0x00,0x00,0x00,0x00,0x00,0x00,0x00,0x00,0x00,0x00,0x00,0x00,0x00,0x00,0x00,0x00,0x00,0x00,0x00,0x00,0x00,0x00,0x00,0x00,0x00,0x00,0x00,0x00,0x00,0x00,0x00,0x00,0x00,0x00,0x00,0x00,0x00,0x00,0x00,0x00,0x00,0x00,0x00,
    0x00,0x00,0x00,0x00,0x00,0x00,0x00,0x00,0x00,0x00,0x00,0x00,0x00,0x00,0x00,0x00,0x00,0x00,0x00,0x00,0x00,0x00,0x00,0x00,0x00,0x00,0x00,0x00,0x00,0x00,0x00,0x00,0x00,0x00,0x00,0x00,0x00,0x00,0x00,0x00,0x00,0x00,0x00,0x00,0x00,0x00,0x00,0x00,0x00,0x00,0x00,0x00,0x00,0x00,0x00,0x00,0x04,0x00,0x12,0x15,0x7a,0x88,0xd5,0xc4,0x83,0x81,0x87,0x84,0x83,0x83,0xa9,0xc5,0x80,0x1d,0x11,0x84,0x07,0xd5,0x83,0x83,0x8a,0x83,0x95,0x83,0xd1,0xcb,0x07,0x88,0x0f,0x65,0x00,0x04,0x00,0x00,0x00,0x00,0x00,0x00,0x00,0x00,0x00,0x00,0x00,0x00,0x00,0x00,0x00,0x00,0x00,0x00,0x00,0x00,0x00,0x00,0x00,0x00,0x00,0x00,0x00,0x00,0x00,0x00,0x00,0x00,0x00,0x00,0x00,0x00,0x00,0x00,0x00,0x00,0x00,0x00,0x00,0x00,0x00,0x00,0x00,0x00,0x00,0x00,0x00,0x00,
    0x00,0x00,0x00,0x00,0x00,0x00,0x00,0x00,0x00,0x00,0x00,0x00,0x00,0x00,0x00,0x00,0x00,0x00,0x00,0x00,0x00,0x00,0x00,0x00,0x00,0x00,0x00,0x00,0x00,0x00,0x00,0x00,0x00,0x00,0x00,0x00,0x00,0x00,0x00,0x00,0x00,0x00,0x00,0x00,0x00,0x00,0x00,0x00,0x00,0x00,0x00,0x00,0x00,0x00,0x00,0x00,0x04,0x00,0x39,0x15,0x88,0x19,0xcf,0xb8,0xcf,0xc7,0xc5,0xa9,0xc0,0xc0,0xb8,0xc5,0x83,0x1d,0x11,0x83,0x07,0xdb,0xc0,0xc0,0xa9,0xc4,0xc7,0xcf,0xb8,0xb8,0x82,0x80,0x0f,0x65,0x00,0x04,0x00,0x00,0x00,0x00,0x00,0x00,0x00,0x00,0x00,0x00,0x00,0x00,0x00,0x00,0x00,0x00,0x00,0x00,0x00,0x00,0x00,0x00,0x00,0x00,0x00,0x00,0x00,0x00,0x00,0x00,0x00,0x00,0x00,0x00,0x00,0x00,0x00,0x00,0x00,0x00,0x00,0x00,0x00,0x00,0x00,0x00,0x00,0x00,0x00,0x00,0x00,0x00,
    0x00,0x00,0x00,0x00,0x00,0x00,0x00,0x00,0x00,0x00,0x00,0x00,0x00,0x00,0x00,0x00,0x00,0x00,0x00,0x00,0x00,0x00,0x00,0x00,0x00,0x00,0x00,0x00,0x00,0x00,0x00,0x00,0x00,0x00,0x00,0x00,0x00,0x00,0x00,0x00,0x00,0x00,0x00,0x00,0x00,0x00,0x00,0x00,0x00,0x00,0x00,0x00,0x00,0x00,0x00,0x00,0x04,0x01,0x46,0x15,0x88,0x19,0x44,0x8d,0xc5,0xd7,0xdc,0xdc,0xc0,0x8a,0x1c,0x7a,0x8b,0x1d,0x21,0x81,0x19,0x44,0x8a,0xc2,0xdc,0xdc,0xdc,0xa9,0x7a,0x44,0x84,0x88,0x0f,0x65,0x00,0x04,0x00,0x00,0x00,0x00,0x00,0x00,0x00,0x00,0x00,0x00,0x00,0x00,0x00,0x00,0x00,0x00,0x00,0x00,0x00,0x00,0x00,0x00,0x00,0x00,0x00,0x00,0x00,0x00,0x00,0x00,0x00,0x00,0x00,0x00,0x00,0x00,0x00,0x00,0x00,0x00,0x00,0x00,0x00,0x00,0x00,0x00,0x00,0x00,0x00,0x00,0x00,0x00,
    0x00,0x00,0x00,0x00,0x00,0x00,0x00,0x00,0x00,0x00,0x00,0x00,0x00,0x00,0x00,0x00,0x00,0x00,0x00,0x00,0x00,0x00,0x00,0x00,0x00,0x00,0x00,0x00,0x00,0x00,0x00,0x00,0x00,0x00,0x00,0x00,0x00,0x00,0x00,0x00,0x00,0x00,0x00,0x00,0x00,0x00,0x00,0x00,0x00,0x00,0x00,0x00,0x00,0x00,0x00,0x00,0x00,0x04,0x00,0x14,0x7a,0x8d,0x87,0xc7,0xdb,0xcf,0xc4,0xc5,0xb8,0xc0,0xc4,0x1e,0x84,0x1d,0x12,0x81,0x19,0xd1,0xc0,0xdb,0xc7,0xc4,0xcf,0xd7,0xc7,0x7f,0x7a,0x7e,0x0f,0x21,0x00,0x04,0x00,0x00,0x00,0x00,0x00,0x00,0x00,0x00,0x00,0x00,0x00,0x00,0x00,0x00,0x00,0x00,0x00,0x00,0x00,0x00,0x00,0x00,0x00,0x00,0x00,0x00,0x00,0x00,0x00,0x00,0x00,0x00,0x00,0x00,0x00,0x00,0x00,0x00,0x00,0x00,0x00,0x00,0x00,0x00,0x00,0x00,0x00,0x00,0x00,0x00,0x00,0x00,
    0x00,0x00,0x00,0x00,0x00,0x00,0x00,0x00,0x00,0x00,0x00,0x00,0x00,0x00,0x00,0x00,0x00,0x00,0x00,0x00,0x00,0x00,0x00,0x00,0x00,0x00,0x00,0x00,0x00,0x00,0x00,0x00,0x00,0x00,0x00,0x00,0x00,0x00,0x00,0x00,0x00,0x00,0x00,0x00,0x00,0x00,0x00,0x00,0x00,0x00,0x00,0x00,0x00,0x00,0x00,0x00,0x04,0x00,0x12,0x15,0x8f,0x19,0xc7,0xdc,0xcf,0x84,0x95,0x95,0xc5,0xb8,0xc0,0x19,0x87,0x1d,0x39,0x82,0x1e,0xcf,0xd7,0xd5,0x83,0x83,0x83,0xc0,0xdc,0xce,0x81,0x88,0x0f,0x21,0x00,0x04,0x00,0x00,0x00,0x00,0x00,0x00,0x00,0x00,0x00,0x00,0x00,0x00,0x00,0x00,0x00,0x00,0x00,0x00,0x00,0x00,0x00,0x00,0x00,0x00,0x00,0x00,0x00,0x00,0x00,0x00,0x00,0x00,0x00,0x00,0x00,0x00,0x00,0x00,0x00,0x00,0x00,0x00,0x00,0x00,0x00,0x00,0x00,0x00,0x00,0x00,0x00,0x00,
    0x00,0x00,0x00,0x00,0x00,0x00,0x00,0x00,0x00,0x00,0x00,0x00,0x00,0x00,0x00,0x00,0x00,0x00,0x00,0x00,0x00,0x00,0x00,0x00,0x00,0x00,0x00,0x00,0x00,0x00,0x00,0x00,0x00,0x00,0x00,0x00,0x00,0x00,0x00,0x00,0x00,0x00,0x00,0x00,0x00,0x00,0x00,0x00,0x00,0x00,0x00,0x00,0x00,0x00,0x00,0x00,0x04,0x00,0x39,0x15,0x07,0x19,0xc5,0x81,0xcb,0xd7,0xa9,0xcb,0xd7,0xc5,0xd1,0x19,0x82,0x1d,0x12,0x88,0x88,0xc4,0xc4,0xdb,0xcf,0xa9,0xb8,0xb8,0xd1,0xd1,0x81,0x88,0x0f,0x21,0x00,0x04,0x00,0x00,0x00,0x00,0x00,0x00,0x00,0x00,0x00,0x00,0x00,0x00,0x00,0x00,0x00,0x00,0x00,0x00,0x00,0x00,0x00,0x00,0x00,0x00,0x00,0x00,0x00,0x00,0x00,0x00,0x00,0x00,0x00,0x00,0x00,0x00,0x00,0x00,0x00,0x00,0x00,0x00,0x00,0x00,0x00,0x00,0x00,0x00,0x00,0x00,0x00,0x00,
    0x00,0x00,0x00,0x00,0x00,0x00,0x00,0x00,0x00,0x00,0x00,0x00,0x00,0x00,0x00,0x00,0x00,0x00,0x00,0x00,0x00,0x00,0x00,0x00,0x00,0x00,0x00,0x00,0x00,0x00,0x00,0x00,0x00,0x00,0x00,0x00,0x00,0x00,0x00,0x00,0x00,0x00,0x00,0x00,0x00,0x00,0x00,0x00,0x00,0x00,0x00,0x00,0x00,0x00,0x00,0x00,0x04,0x01,0x46,0x15,0x87,0x82,0x81,0x95,0x8a,0xdb,0xf5,0xf5,0xa9,0x8a,0x7d,0x82,0x7e,0x26,0x21,0x7e,0x82,0x87,0x8a,0xc5,0xdc,0xd7,0xdb,0x81,0x95,0x8a,0x7d,0x88,0x54,0x26,0x5d,0x04,0x00,0x00,0x00,0x00,0x00,0x00,0x00,0x00,0x00,0x00,0x00,0x00,0x00,0x00,0x00,0x00,0x00,0x00,0x00,0x00,0x00,0x00,0x00,0x00,0x00,0x00,0x00,0x00,0x00,0x00,0x00,0x00,0x00,0x00,0x00,0x00,0x00,0x00,0x00,0x00,0x00,0x00,0x00,0x00,0x00,0x00,0x00,0x00,0x00,0x00,0x00,0x00,
    0x00,0x00,0x00,0x00,0x00,0x00,0x00,0x00,0x00,0x00,0x00,0x00,0x00,0x00,0x00,0x00,0x00,0x00,0x00,0x00,0x00,0x00,0x00,0x00,0x00,0x00,0x00,0x00,0x00,0x00,0x00,0x00,0x00,0x00,0x00,0x00,0x00,0x00,0x00,0x00,0x00,0x00,0x00,0x00,0x00,0x00,0x00,0x00,0x00,0x00,0x00,0x00,0x00,0x00,0x00,0x00,0x00,0x04,0x00,0x14,0x84,0x88,0x8b,0xa9,0xb8,0xc0,0xc4,0xa9,0xdb,0xcb,0x88,0x88,0x80,0x11,0x4e,0x80,0x88,0x8b,0xc2,0xb8,0xce,0x83,0xce,0xb8,0xce,0x84,0x7e,0x80,0x7d,0x16,0x66,0x00,0x01,0x00,0x00,0x00,0x00,0x00,0x00,0x00,0x00,0x00,0x00,0x00,0x00,0x00,0x00,0x00,0x00,0x00,0x00,0x00,0x00,0x00,0x00,0x00,0x00,0x00,0x00,0x00,0x00,0x00,0x00,0x00,0x00,0x00,0x00,0x00,0x00,0x00,0x00,0x00,0x00,0x00,0x00,0x00,0x00,0x00,0x00,0x00,0x00,0x00,0x00,0x00,
    0x00,0x00,0x00,0x00,0x00,0x00,0x00,0x00,0x00,0x00,0x00,0x00,0x00,0x00,0x00,0x00,0x00,0x00,0x00,0x00,0x00,0x00,0x00,0x00,0x00,0x00,0x00,0x00,0x00,0x00,0x00,0x00,0x00,0x00,0x00,0x00,0x00,0x00,0x00,0x00,0x00,0x00,0x00,0x00,0x00,0x00,0x00,0x00,0x00,0x00,0x00,0x00,0x00,0x00,0x00,0x00,0x00,0x04,0x01,0x14,0x8b,0x19,0x8d,0xdc,0xb8,0xd1,0x8a,0x83,0xc2,0xf5,0x1c,0x19,0x88,0x26,0x21,0x88,0x19,0xc4,0xd7,0xc0,0x95,0x95,0xd1,0xdb,0xdc,0x87,0x7d,0x7e,0x7e,0x16,0x66,0x00,0x01,0x00,0x00,0x00,0x00,0x00,0x00,0x00,0x00,0x00,0x00,0x00,0x00,0x00,0x00,0x00,0x00,0x00,0x00,0x00,0x00,0x00,0x00,0x00,0x00,0x00,0x00,0x00,0x00,0x00,0x00,0x00,0x00,0x00,0x00,0x00,0x00,0x00,0x00,0x00,0x00,0x00,0x00,0x00,0x00,0x00,0x00,0x00,0x00,0x00,0x00,0x00,
    0x00,0x00,0x00,0x00,0x00,0x00,0x00,0x00,0x00,0x00,0x00,0x00,0x00,0x00,0x00,0x00,0x00,0x00,0x00,0x00,0x00,0x00,0x00,0x00,0x00,0x00,0x00,0x00,0x00,0x00,0x00,0x00,0x00,0x00,0x00,0x00,0x00,0x00,0x00,0x00,0x00,0x00,0x00,0x00,0x00,0x00,0x00,0x00,0x00,0x00,0x00,0x00,0x00,0x00,0x00,0x00,0x00,0x04,0x01,0x14,0x88,0x88,0x7d,0x81,0xce,0xd7,0xcf,0xb8,0xc0,0xd1,0x83,0x82,0x81,0x1d,0x12,0x81,0x88,0x84,0x83,0xc0,0xdb,0xc0,0xdb,0xce,0x84,0x88,0x7f,0x82,0x88,0x21,0x09,0x04,0x00,0x00,0x00,0x00,0x00,0x00,0x00,0x00,0x00,0x00,0x00,0x00,0x00,0x00,0x00,0x00,0x00,0x00,0x00,0x00,0x00,0x00,0x00,0x00,0x00,0x00,0x00,0x00,0x00,0x00,0x00,0x00,0x00,0x00,0x00,0x00,0x00,0x00,0x00,0x00,0x00,0x00,0x00,0x00,0x00,0x00,0x00,0x00,0x00,0x00,0x00,0x00,
    0x00,0x00,0x00,0x00,0x00,0x00,0x00,0x00,0x00,0x00,0x00,0x00,0x00,0x00,0x00,0x00,0x00,0x00,0x00,0x00,0x00,0x00,0x00,0x00,0x00,0x00,0x00,0x00,0x00,0x00,0x00,0x00,0x00,0x00,0x00,0x00,0x00,0x00,0x00,0x00,0x00,0x00,0x00,0x00,0x00,0x00,0x00,0x00,0x00,0x00,0x00,0x00,0x00,0x00,0x00,0x00,0x00,0x04,0x00,0x14,0x81,0x19,0x87,0x81,0xa9,0xb8,0xc2,0xc0,0xce,0x84,0x95,0x1e,0x8a,0x1d,0x39,0x83,0x1e,0x8b,0xc4,0xc0,0xb8,0xc2,0xb8,0xce,0x8b,0x87,0x8b,0x1e,0x84,0x12,0x00,0x04,0x00,0x00,0x00,0x00,0x00,0x00,0x00,0x00,0x00,0x00,0x00,0x00,0x00,0x00,0x00,0x00,0x00,0x00,0x00,0x00,0x00,0x00,0x00,0x00,0x00,0x00,0x00,0x00,0x00,0x00,0x00,0x00,0x00,0x00,0x00,0x00,0x00,0x00,0x00,0x00,0x00,0x00,0x00,0x00,0x00,0x00,0x00,0x00,0x00,0x00,0x00,0x00,
    0x00,0x00,0x00,0x00,0x00,0x00,0x00,0x00,0x00,0x00,0x00,0x00,0x00,0x00,0x00,0x00,0x00,0x00,0x00,0x00,0x00,0x00,0x00,0x00,0x00,0x00,0x00,0x00,0x00,0x00,0x00,0x00,0x00,0x00,0x00,0x00,0x00,0x00,0x00,0x00,0x00,0x00,0x00,0x00,0x00,0x00,0x00,0x00,0x00,0x00,0x00,0x00,0x00,0x00,0x00,0x00,0x01,0x04,0x1b,0x0f,0x87,0x88,0xc4,0xdb,0xd7,0xcf,0xd5,0xc7,0xb8,0xea,0xc5,0x1e,0x83,0x1d,0x12,0x88,0x1e,0xa9,0xdc,0xd7,0xcb,0xd5,0xcf,0xd7,0xb8,0xc4,0x87,0x88,0x83,0x12,0x00,0x04,0x00,0x00,0x00,0x00,0x00,0x00,0x00,0x00,0x00,0x00,0x00,0x00,0x00,0x00,0x00,0x00,0x00,0x00,0x00,0x00,0x00,0x00,0x00,0x00,0x00,0x00,0x00,0x00,0x00,0x00,0x00,0x00,0x00,0x00,0x00,0x00,0x00,0x00,0x00,0x00,0x00,0x00,0x00,0x00,0x00,0x00,0x00,0x00,0x00,0x00,0x00,0x00,
    0x00,0x00,0x00,0x00,0x00,0x00,0x00,0x00,0x00,0x00,0x00,0x00,0x00,0x00,0x00,0x00,0x00,0x00,0x00,0x00,0x00,0x00,0x00,0x00,0x00,0x00,0x00,0x00,0x00,0x00,0x00,0x00,0x00,0x00,0x00,0x00,0x00,0x00,0x00,0x00,0x00,0x00,0x00,0x00,0x00,0x00,0x00,0x00,0x00,0x00,0x00,0x00,0x00,0x00,0x00,0x00,0x04,0x00,0x08,0x81,0x88,0x87,0xc5,0xa9,0x84,0xa9,0xd5,0xa9,0x8d,0xc4,0xc5,0x19,0x7d,0x26,0x1d,0x80,0x19,0xa9,0xc5,0x8d,0xd5,0xc7,0xd5,0xc4,0xa9,0x8d,0x87,0x82,0x81,0x12,0x00,0x04,0x00,0x00,0x00,0x00,0x00,0x00,0x00,0x00,0x00,0x00,0x00,0x00,0x00,0x00,0x00,0x00,0x00,0x00,0x00,0x00,0x00,0x00,0x00,0x00,0x00,0x00,0x00,0x00,0x00,0x00,0x00,0x00,0x00,0x00,0x00,0x00,0x00,0x00,0x00,0x00,0x00,0x00,0x00,0x00,0x00,0x00,0x00,0x00,0x00,0x00,0x00,0x00,
    0x00,0x00,0x00,0x00,0x00,0x00,0x00,0x00,0x00,0x00,0x00,0x00,0x00,0x00,0x00,0x00,0x00,0x00,0x00,0x00,0x00,0x00,0x00,0x00,0x00,0x00,0x00,0x00,0x00,0x00,0x00,0x00,0x00,0x00,0x00,0x00,0x00,0x00,0x00,0x00,0x00,0x00,0x00,0x00,0x00,0x00,0x00,0x00,0x00,0x00,0x00,0x00,0x00,0x00,0x00,0x00,0x04,0x00,0x08,0x7d,0x7d,0x80,0x8b,0x8a,0x8a,0x95,0x95,0x95,0x95,0x8a,0x84,0x82,0x88,0x11,0x14,0x87,0x7a,0x84,0x83,0x83,0x8a,0x8a,0x8a,0x8a,0x95,0x87,0x80,0x88,0x83,0x16,0x00,0x5d,0x00,0x00,0x00,0x00,0x00,0x00,0x00,0x00,0x00,0x00,0x00,0x00,0x00,0x00,0x00,0x00,0x00,0x00,0x00,0x00,0x00,0x00,0x00,0x00,0x00,0x00,0x00,0x00,0x00,0x00,0x00,0x00,0x00,0x00,0x00,0x00,0x00,0x00,0x00,0x00,0x00,0x00,0x00,0x00,0x00,0x00,0x00,0x00,0x00,0x00,0x00,0x00,
    0x00,0x00,0x00,0x00,0x00,0x00,0x00,0x00,0x00,0x00,0x00,0x00,0x00,0x00,0x00,0x00,0x00,0x00,0x00,0x00,0x00,0x00,0x00,0x00,0x00,0x00,0x00,0x00,0x00,0x00,0x00,0x00,0x00,0x00,0x00,0x00,0x00,0x00,0x00,0x00,0x00,0x00,0x00,0x00,0x00,0x00,0x00,0x00,0x00,0x00,0x00,0x00,0x00,0x00,0x00,0x00,0x04,0x00,0x08,0x81,0x7e,0x80,0x7e,0x88,0x7d,0x87,0x87,0x87,0x87,0x7e,0x7e,0x7e,0x7e,0x15,0x14,0x7e,0x80,0x88,0x82,0x80,0x87,0x84,0x83,0x8b,0x88,0x7e,0x80,0x88,0x83,0x11,0x00,0x5d,0x00,0x00,0x00,0x00,0x00,0x00,0x00,0x00,0x00,0x00,0x00,0x00,0x00,0x00,0x00,0x00,0x00,0x00,0x00,0x00,0x00,0x00,0x00,0x00,0x00,0x00,0x00,0x00,0x00,0x00,0x00,0x00,0x00,0x00,0x00,0x00,0x00,0x00,0x00,0x00,0x00,0x00,0x00,0x00,0x00,0x00,0x00,0x00,0x00,0x00,0x00,0x00,
    0x00,0x00,0x00,0x00,0x00,0x00,0x00,0x00,0x00,0x00,0x00,0x00,0x00,0x00,0x00,0x00,0x00,0x00,0x00,0x00,0x00,0x00,0x00,0x00,0x00,0x00,0x00,0x00,0x00,0x00,0x00,0x00,0x00,0x00,0x00,0x00,0x00,0x00,0x00,0x00,0x00,0x00,0x00,0x00,0x00,0x00,0x00,0x00,0x00,0x00,0x00,0x00,0x00,0x00,0x00,0x00,0x04,0x00,0x08,0x83,0x80,0x80,0x80,0x80,0x80,0x7e,0x80,0x7e,0x88,0x80,0x80,0x7e,0x7d,0x15,0x14,0x80,0x88,0x84,0x83,0x81,0x83,0x8a,0x84,0x7e,0x80,0x80,0x80,0x82,0x81,0x11,0x00,0x5d,0x00,0x00,0x00,0x00,0x00,0x00,0x00,0x00,0x00,0x00,0x00,0x00,0x00,0x00,0x00,0x00,0x00,0x00,0x00,0x00,0x00,0x00,0x00,0x00,0x00,0x00,0x00,0x00,0x00,0x00,0x00,0x00,0x00,0x00,0x00,0x00,0x00,0x00,0x00,0x00,0x00,0x00,0x00,0x00,0x00,0x00,0x00,0x00,0x00,0x00,0x00,0x00,
    0x00,0x00,0x00,0x00,0x00,0x00,0x00,0x00,0x00,0x00,0x00,0x00,0x00,0x00,0x00,0x00,0x00,0x00,0x00,0x00,0x00,0x00,0x00,0x00,0x00,0x00,0x00,0x00,0x00,0x00,0x00,0x00,0x00,0x00,0x00,0x00,0x00,0x00,0x00,0x00,0x00,0x00,0x00,0x00,0x00,0x00,0x00,0x00,0x00,0x00,0x00,0x00,0x00,0x00,0x00,0x00,0x04,0x00,0x08,0x83,0x84,0x80,0x7e,0x7e,0x80,0x7e,0x8b,0x8b,0x87,0x87,0x7e,0x88,0x81,0x15,0x14,0x81,0x88,0x84,0x83,0x8a,0x8a,0x81,0x88,0x80,0x7e,0x88,0x7d,0x1e,0x8a,0x11,0x00,0x5d,0x00,0x00,0x00,0x00,0x00,0x00,0x00,0x00,0x00,0x00,0x00,0x00,0x00,0x00,0x00,0x00,0x00,0x00,0x00,0x00,0x00,0x00,0x00,0x00,0x00,0x00,0x00,0x00,0x00,0x00,0x00,0x00,0x00,0x00,0x00,0x00,0x00,0x00,0x00,0x00,0x00,0x00,0x00,0x00,0x00,0x00,0x00,0x00,0x00,0x00,0x00,0x00,
    0x00,0x00,0x00,0x00,0x00,0x00,0x00,0x00,0x00,0x00,0x00,0x00,0x00,0x00,0x00,0x00,0x00,0x00,0x00,0x00,0x00,0x00,0x00,0x00,0x00,0x00,0x00,0x00,0x00,0x00,0x00,0x00,0x00,0x00,0x00,0x00,0x00,0x00,0x00,0x00,0x00,0x00,0x00,0x00,0x00,0x00,0x00,0x00,0x00,0x00,0x00,0x00,0x00,0x00,0x00,0x00,0x04,0x00,0x08,0x7f,0x87,0x81,0x81,0x8b,0x87,0x87,0x84,0x83,0x8a,0x8a,0x83,0x81,0x8b,0x15,0x14,0x81,0x83,0x81,0x84,0x83,0x84,0x87,0x84,0x87,0x84,0x81,0x84,0x82,0x7d,0x16,0x00,0x5d,0x00,0x00,0x00,0x00,0x00,0x00,0x00,0x00,0x00,0x00,0x00,0x00,0x00,0x00,0x00,0x00,0x00,0x00,0x00,0x00,0x00,0x00,0x00,0x00,0x00,0x00,0x00,0x00,0x00,0x00,0x00,0x00,0x00,0x00,0x00,0x00,0x00,0x00,0x00,0x00,0x00,0x00,0x00,0x00,0x00,0x00,0x00,0x00,0x00,0x00,0x00,0x00,
    0x00,0x00,0x00,0x00,0x00,0x00,0x00,0x00,0x00,0x00,0x00,0x00,0x00,0x00,0x00,0x00,0x00,0x00,0x00,0x00,0x00,0x00,0x00,0x00,0x00,0x00,0x00,0x00,0x00,0x00,0x00,0x00,0x00,0x00,0x00,0x00,0x00,0x00,0x00,0x00,0x00,0x00,0x00,0x00,0x00,0x00,0x00,0x00,0x00,0x00,0x00,0x00,0x00,0x00,0x00,0x00,0x04,0x00,0x08,0x8d,0x8f,0x07,0x7f,0x7e,0x87,0x81,0x81,0x84,0x83,0x83,0x84,0x82,0x82,0x15,0x14,0x8d,0x82,0x87,0x8b,0x84,0x84,0x84,0x84,0x84,0x87,0x88,0x8f,0x1c,0x80,0x11,0x00,0x5d,0x00,0x00,0x00,0x00,0x00,0x00,0x00,0x00,0x00,0x00,0x00,0x00,0x00,0x00,0x00,0x00,0x00,0x00,0x00,0x00,0x00,0x00,0x00,0x00,0x00,0x00,0x00,0x00,0x00,0x00,0x00,0x00,0x00,0x00,0x00,0x00,0x00,0x00,0x00,0x00,0x00,0x00,0x00,0x00,0x00,0x00,0x00,0x00,0x00,0x00,0x00,0x00,
    0x00,0x00,0x00,0x00,0x00,0x00,0x00,0x00,0x00,0x00,0x00,0x00,0x00,0x00,0x00,0x00,0x00,0x00,0x00,0x00,0x00,0x00,0x00,0x00,0x00,0x00,0x00,0x00,0x00,0x00,0x00,0x00,0x00,0x00,0x00,0x00,0x00,0x00,0x00,0x00,0x00,0x00,0x00,0x00,0x00,0x00,0x00,0x00,0x00,0x00,0x00,0x00,0x00,0x00,0x00,0x00,0x01,0x01,0x66,0x4b,0x8f,0x1c,0x44,0x8f,0x8f,0x8f,0x8d,0x7a,0x7f,0x07,0x8f,0x1c,0x07,0x15,0x11,0x07,0x1c,0x1c,0x8f,0x8f,0x8f,0x8f,0x8f,0x8f,0x8f,0x1c,0x8f,0x8f,0x8b,0x12,0x00,0x04,0x00,0x00,0x00,0x00,0x00,0x00,0x00,0x00,0x00,0x00,0x00,0x00,0x00,0x00,0x00,0x00,0x00,0x00,0x00,0x00,0x00,0x00,0x00,0x00,0x00,0x00,0x00,0x00,0x00,0x00,0x00,0x00,0x00,0x00,0x00,0x00,0x00,0x00,0x00,0x00,0x00,0x00,0x00,0x00,0x00,0x00,0x00,0x00,0x00,0x00,0x00,0x00,
    0x00,0x00,0x00,0x00,0x00,0x00,0x00,0x00,0x00,0x00,0x00,0x00,0x00,0x00,0x00,0x00,0x00,0x00,0x00,0x00,0x00,0x00,0x00,0x00,0x00,0x00,0x00,0x00,0x00,0x00,0x00,0x00,0x00,0x00,0x00,0x00,0x00,0x00,0x00,0x00,0x00,0x00,0x00,0x00,0x00,0x00,0x00,0x00,0x00,0x00,0x00,0x00,0x00,0x00,0x00,0x00,0x04,0x00,0x12,0x11,0x4b,0x07,0x8f,0x8f,0x8f,0x8f,0x8f,0x07,0x8f,0x8f,0x8f,0x8f,0x7f,0x16,0x39,0x0f,0x8f,0x1c,0x8f,0x8f,0x8f,0x8f,0x8f,0x8f,0x8f,0x8f,0x8f,0x54,0x39,0x00,0x01,0x00,0x00,0x00,0x00,0x00,0x00,0x00,0x00,0x00,0x00,0x00,0x00,0x00,0x00,0x00,0x00,0x00,0x00,0x00,0x00,0x00,0x00,0x00,0x00,0x00,0x00,0x00,0x00,0x00,0x00,0x00,0x00,0x00,0x00,0x00,0x00,0x00,0x00,0x00,0x00,0x00,0x00,0x00,0x00,0x00,0x00,0x00,0x00,0x00,0x00,0x00,0x00,0x00,
    0x00,0x00,0x00,0x00,0x00,0x00,0x00,0x00,0x00,0x00,0x00,0x00,0x00,0x00,0x00,0x00,0x00,0x00,0x00,0x00,0x00,0x00,0x00,0x00,0x00,0x00,0x00,0x00,0x00,0x00,0x00,0x00,0x00,0x00,0x00,0x00,0x00,0x00,0x00,0x00,0x00,0x00,0x00,0x00,0x00,0x00,0x00,0x00,0x00,0x00,0x00,0x00,0x00,0x00,0x00,0x00,0x00,0x00,0x09,0x1b,0x11,0x11,0x15,0x8f,0x8d,0x8b,0x8b,0x8b,0x8b,0x7a,0x4b,0x11,0x26,0x08,0x1b,0x1d,0x11,0x15,0x7f,0x7d,0x8b,0x8b,0x84,0x80,0x8f,0x4a,0x16,0x21,0x00,0x04,0x00,0x00,0x00,0x00,0x00,0x00,0x00,0x00,0x00,0x00,0x00,0x00,0x00,0x00,0x00,0x00,0x00,0x00,0x00,0x00,0x00,0x00,0x00,0x00,0x00,0x00,0x00,0x00,0x00,0x00,0x00,0x00,0x00,0x00,0x00,0x00,0x00,0x00,0x00,0x00,0x00,0x00,0x00,0x00,0x00,0x00,0x00,0x00,0x00,0x00,0x00,0x00,0x00,0x00,
    0x00,0x00,0x00,0x00,0x00,0x00,0x00,0x00,0x00,0x00,0x00,0x00,0x00,0x00,0x00,0x00,0x00,0x00,0x00,0x00,0x00,0x00,0x00,0x00,0x00,0x00,0x00,0x00,0x00,0x00,0x00,0x00,0x00,0x00,0x00,0x00,0x00,0x00,0x00,0x00,0x00,0x00,0x00,0x00,0x00,0x00,0x00,0x00,0x00,0x00,0x00,0x00,0x00,0x00,0x00,0x00,0x00,0x00,0x00,0x00,0x66,0x09,0x04,0x08,0x08,0x08,0x08,0x08,0x08,0x08,0x66,0x09,0x09,0x00,0x00,0x1b,0x09,0x04,0x08,0x08,0x08,0x08,0x08,0x08,0x08,0x09,0x1b,0x1b,0x04,0x01,0x00,0x00,0x00,0x00,0x00,0x00,0x00,0x00,0x00,0x00,0x00,0x00,0x00,0x00,0x00,0x00,0x00,0x00,0x00,0x00,0x00,0x00,0x00,0x00,0x00,0x00,0x00,0x00,0x00,0x00,0x00,0x00,0x00,0x00,0x00,0x00,0x00,0x00,0x00,0x00,0x00,0x00,0x00,0x00,0x00,0x00,0x00,0x00,0x00,0x00,0x00,0x00,0x00,0x00,
    0x00,0x00,0x00,0x00,0x00,0x00,0x00,0x00,0x00,0x00,0x00,0x00,0x00,0x00,0x00,0x00,0x00,0x00,0x00,0x00,0x00,0x00,0x00,0x00,0x00,0x00,0x00,0x00,0x00,0x00,0x00,0x00,0x00,0x00,0x00,0x00,0x00,0x00,0x00,0x00,0x00,0x00,0x00,0x00,0x00,0x00,0x00,0x00,0x00,0x00,0x00,0x00,0x00,0x00,0x00,0x00,0x00,0x00,0x00,0x01,0x00,0x00,0x00,0x00,0x00,0x00,0x00,0x00,0x00,0x00,0x00,0x00,0x00,0x04,0x00,0x00,0x00,0x00,0x00,0x00,0x00,0x00,0x00,0x00,0x00,0x00,0x00,0x00,0x00,0x00,0x00,0x00,0x00,0x00,0x00,0x00,0x00,0x00,0x00,0x00,0x00,0x00,0x00,0x00,0x00,0x00,0x00,0x00,0x00,0x00,0x00,0x00,0x00,0x00,0x00,0x00,0x00,0x00,0x00,0x00,0x00,0x00,0x00,0x00,0x00,0x00,0x00,0x00,0x00,0x00,0x00,0x00,0x00,0x00,0x00,0x00,0x00,0x00,0x00,0x00,0x00,0x00,0x00,0x00,

};

const lv_image_dsc_t passport_pet_waving_3 = {
  .header = {
    .magic = LV_IMAGE_HEADER_MAGIC,
    .cf = LV_COLOR_FORMAT_I8,
    .flags = 0,
    .w = 144,
    .h = 156,
    .stride = 144,
    .reserved_2 = 0,
  },
  .data_size = sizeof(passport_pet_waving_3_map),
  .data = passport_pet_waving_3_map,
  .reserved = NULL,
};
