
#if defined(LV_LVGL_H_INCLUDE_SIMPLE)
#include "lvgl.h"
#elif defined(LV_LVGL_H_INCLUDE_SYSTEM)
#include <lvgl.h>
#elif defined(LV_BUILD_TEST)
#include "../lvgl.h"
#else
#include "lvgl/lvgl.h"
#endif

#ifndef LV_ATTRIBUTE_MEM_ALIGN
#define LV_ATTRIBUTE_MEM_ALIGN
#endif

#ifndef LV_ATTRIBUTE_PASSPORT_PET_RUNNING_0
#define LV_ATTRIBUTE_PASSPORT_PET_RUNNING_0
#endif

static const
LV_ATTRIBUTE_MEM_ALIGN LV_ATTRIBUTE_LARGE_CONST LV_ATTRIBUTE_PASSPORT_PET_RUNNING_0
uint8_t passport_pet_running_0_map[] = {

    0x4c,0x70,0x47,0x00,0x04,0x00,0x00,0x02,0x1f,0x00,0x1b,0x01,0x70,0x7f,0x79,0x02,
    0xd1,0xff,0xed,0x01,0x8c,0xaf,0xb6,0x03,0x11,0x0c,0x10,0xfc,0x0b,0x07,0x0a,0xfc,
    0x2b,0x35,0x2f,0x03,0x11,0x0f,0x0a,0x24,0x2c,0x22,0x26,0xfe,0x13,0x0f,0x0e,0x60,
    0x11,0x0d,0x0f,0xc4,0xc9,0xd9,0xe6,0xfd,0x19,0x13,0x16,0xfc,0x16,0x12,0x10,0x84,
    0x10,0x0c,0x0d,0x9d,0x15,0x12,0x10,0x6f,0x19,0x13,0x13,0xe4,0x31,0x30,0x1f,0x09,
    0x88,0x95,0xa1,0xfd,0x1b,0x20,0x17,0x11,0xac,0xc4,0xde,0xfe,0xd8,0xff,0xff,0x02,
    0x90,0xa4,0xb2,0xfe,0x15,0x14,0x0d,0x40,0x15,0x15,0x10,0x2d,0x90,0xab,0xb2,0xca,
    0x29,0x27,0x31,0xff,0xa2,0xa9,0xb1,0xfe,0xd4,0xe2,0xe4,0x0d,0x64,0x77,0x8e,0xfe,
    0x1a,0x1a,0x10,0x19,0x74,0x95,0x97,0x26,0x13,0x0d,0x10,0xd8,0xb7,0xcc,0xd2,0x2b,
    0x79,0x96,0xa0,0xd3,0x55,0x52,0x30,0x39,0x1a,0x14,0x15,0xf1,0x17,0x12,0x12,0xbb,
    0x0b,0x08,0x0a,0xec,0xa6,0xc2,0xc7,0xe7,0x9e,0xb5,0xbf,0xd2,0x78,0x92,0x98,0x38,
    0xbc,0x76,0x0a,0xfe,0x20,0x20,0x16,0x51,0x64,0x77,0xae,0xfe,0xa3,0xc4,0xd6,0xf8,
    0xb7,0xcb,0xd2,0xc5,0xa7,0x71,0x1a,0xfe,0x98,0x9a,0xa3,0xfe,0x65,0x84,0x88,0xad,
    0xb0,0xc6,0xc9,0x3b,0x6b,0x92,0x95,0x8f,0x83,0xa3,0xa9,0xaf,0x82,0x9d,0xa6,0x4c,
    0x65,0x7e,0x84,0x16,0xc8,0xdd,0xe0,0x9b,0x65,0x53,0x2b,0x79,0xd9,0xe5,0xd0,0x05,
    0xe0,0xed,0xf2,0xb6,0x9e,0xbf,0xc0,0x87,0x81,0x9f,0xa4,0x7b,0x66,0x86,0x8f,0xd4,
    0x6c,0x98,0xa2,0x0c,0xe3,0xef,0xf5,0xd6,0xcd,0xdb,0xdf,0x66,0x39,0x38,0x1a,0x9d,
    0x19,0x12,0x14,0xf9,0x9c,0xbc,0xbc,0x50,0x83,0x9f,0xa4,0xe2,0x7e,0x92,0x98,0x62,
    0x58,0x7c,0x81,0x85,0x5f,0x78,0x7e,0xd4,0x9c,0xbd,0xc7,0xfe,0xbf,0xd5,0xd5,0x1d,
    0x73,0x8c,0x99,0xfc,0xc2,0xd8,0xde,0xdd,0x9c,0xad,0xb2,0x16,0x2d,0x28,0x18,0xbd,
    0x6f,0x51,0x09,0xb7,0x98,0xb6,0xbd,0xae,0x38,0x66,0x5d,0x23,0x5e,0x7c,0x83,0x6a,
    0x74,0x96,0x98,0xad,0xe2,0xee,0xf1,0x4e,0x5d,0x74,0x80,0x53,0x35,0x4b,0x4f,0xc6,
    0x45,0x63,0x64,0x93,0xa7,0x6b,0x06,0xc1,0x4e,0x64,0x63,0x6f,0x87,0xa8,0xab,0xf1,
    0xdf,0xeb,0xee,0x78,0xbc,0xd5,0xde,0xf0,0xad,0x9d,0x9e,0xfe,0xef,0xf6,0xfa,0xed,
    0x25,0x3c,0x3d,0xdc,0x52,0x6c,0x76,0xe4,0x92,0xae,0xb4,0x62,0x62,0x3c,0x0d,0xfb,
    0x49,0x68,0x71,0xab,0x38,0x58,0x59,0x53,0x48,0x74,0x6f,0xbb,0x7b,0x91,0x9b,0xbf,
    0x65,0x48,0x0f,0xf7,0x98,0x5c,0x09,0xe8,0x1c,0x27,0x20,0xe8,0xe3,0xee,0xf5,0xea,
    0x8a,0xb4,0xb0,0xef,0x7a,0x54,0x07,0xe7,0x9f,0x65,0x01,0x5b,0x5b,0x85,0x82,0xf2,
    0x36,0x57,0x57,0xa2,0x4b,0x70,0x77,0x9a,0x23,0x17,0x1a,0xff,0x18,0x12,0x15,0xff,
    0xd0,0xe8,0xfb,0xff,0x0b,0x08,0x0b,0xff,0x1a,0x13,0x16,0xff,0x0e,0x0a,0x0d,0xff,
    0xbb,0xe3,0xfc,0xff,0x11,0x0d,0x10,0xff,0x15,0x0f,0x12,0xff,0xce,0xe7,0xfb,0xff,
    0x07,0x05,0x08,0xff,0x1d,0x15,0x18,0xff,0xc0,0xe4,0xfc,0xff,0x02,0x01,0x03,0xff,
    0xdd,0xeb,0xfa,0xff,0xe3,0xee,0xfb,0xff,0x25,0x19,0x1c,0xff,0xcb,0xe4,0xf9,0xff,
    0xd0,0xea,0xfd,0xff,0xc5,0xe5,0xfc,0xff,0xf4,0x99,0x01,0xff,0x21,0x15,0x18,0xff,
    0xd6,0xe9,0xfc,0xff,0x2c,0x1c,0x21,0xff,0xc9,0xe7,0xfd,0xff,0xf3,0x97,0x01,0xff,
    0xd7,0xf0,0xff,0xff,0xe8,0xf2,0xfc,0xff,0xf8,0x9c,0x01,0xff,0xfb,0xff,0xff,0xff,
    0xba,0xe0,0xf9,0xff,0xfc,0xa0,0x01,0xff,0xca,0xd9,0xf7,0xff,0xee,0xf6,0xfc,0xff,
    0xdc,0xf3,0xff,0xff,0xd4,0xed,0xff,0xff,0xf2,0xfa,0xff,0xff,0xb7,0xda,0xf1,0xff,
    0xd5,0xf4,0xff,0xff,0xc6,0xec,0xff,0xff,0xbc,0xcd,0xdd,0xff,0xef,0x91,0x02,0xff,
    0xdc,0x85,0x02,0xff,0xbc,0xc7,0xd2,0xff,0xad,0xcb,0xe3,0xff,0xd8,0xe7,0xf5,0xff,
    0xe6,0xf7,0xff,0xff,0xc4,0xdf,0xef,0xff,0x1f,0x1e,0x25,0xff,0xa6,0x63,0x0d,0xff,
    0xb4,0xd3,0xe6,0xff,0x94,0xb1,0xc5,0xff,0xe7,0x8b,0x03,0xff,0xd7,0xe2,0xeb,0xff,
    0x73,0x3b,0x4a,0xff,0xcc,0xf1,0xff,0xff,0xa5,0xb1,0xba,0xff,0x94,0xa9,0xba,0xff,
    0x7d,0x31,0x0a,0xff,0xa1,0x49,0x64,0xff,0xb2,0xbd,0xc8,0xff,0xa0,0xba,0xd3,0xff,
    0xb0,0xc1,0xd5,0xff,0xd1,0x78,0x03,0xff,0x8f,0x44,0x5a,0xff,0x6d,0x71,0x79,0xff,
    0xa8,0xb6,0xc5,0xff,0x48,0x4d,0x60,0xff,0xbf,0xd1,0xf3,0xff,0xe9,0xed,0xf5,0xff,
    0x41,0x1f,0x29,0xff,0x33,0x33,0x3c,0xff,0x86,0x9a,0xaa,0xff,0x8b,0x8a,0x92,0xff,
    0xbd,0x53,0x70,0xff,0x84,0x3b,0x50,0xff,0xbf,0xe8,0xff,0xff,0x55,0x5c,0x68,0xff,
    0xdc,0xfb,0xff,0xff,0x7b,0x7b,0x82,0xff,0xef,0xfe,0xff,0xff,0x4d,0x29,0x33,0xff,
    0xcf,0xe0,0xf9,0xff,0x75,0x82,0x95,0xff,0xb0,0x39,0x59,0xff,0xa6,0x33,0x02,0xff,
    0xc6,0x69,0x02,0xff,0x7e,0x93,0xae,0xff,0xc6,0xdf,0xf8,0xff,0xca,0x64,0x7f,0xff,
    0x38,0x3d,0x54,0xff,0xe5,0x54,0x7a,0xff,0xc2,0xd4,0xe5,0xff,0xbe,0x54,0x07,0xff,
    0x60,0x68,0x72,0xff,0x80,0x4b,0x0d,0xff,0x88,0x99,0xb3,0xff,0xce,0x41,0x6b,0xff,
    0x97,0xb0,0xf8,0xff,0xa4,0xba,0xfa,0xff,0x94,0xac,0xcb,0xff,0x75,0x49,0x50,0xff,
    0x66,0x2b,0x3b,0xff,0x7b,0x91,0xce,0xff,0x8a,0x63,0x28,0xff,0x5e,0x36,0x41,0xff,
    0xa5,0x46,0x02,0xff,0x70,0x85,0xc1,0xff,0x7b,0x2d,0x43,0xff,0x79,0x58,0x5f,0xff,
    0x8b,0xa3,0xeb,0xff,0x54,0x2b,0x0a,0xff,0xff,0xa9,0x03,0xff,0x80,0x9f,0xb8,0xff,
    0x9f,0xbc,0xe2,0xff,0x99,0x94,0x8b,0xff,0xb2,0x62,0x70,0xff,0x71,0x87,0xa9,0xff,
    0xa9,0x7c,0x3b,0xff,0x4d,0x5e,0x87,0xff,0xb3,0xc9,0xf9,0xff,0x85,0x65,0x77,0xff,
    0x4b,0x18,0x05,0xff,0x5a,0x6a,0x98,0xff,0xdb,0xd0,0xd9,0xff,0x91,0x7f,0x5f,0xff,
    0xf6,0x6e,0x92,0xff,0x8a,0x6f,0x59,0xff,0x2a,0x60,0x65,0xff,0xa9,0x87,0x70,0xff,
    0x08,0xe1,0xf8,0xff,0xf3,0xa7,0xbc,0xff,0x92,0x4f,0x3e,0xff,0x21,0x80,0x8c,0xff,
    0x07,0x92,0xb6,0xff,0x03,0xb9,0xde,0xff,0x2c,0x02,0x02,0xff,0x8a,0xa1,0xcc,0xff,
    0xc3,0x8e,0x49,0xff,0x59,0x56,0x34,0xff,0xe7,0x8a,0xa0,0xff,0xd3,0xbd,0xc0,0xff,

    0x00,0x00,0x00,0x00,0x00,0x00,0x00,0x00,0x00,0x00,0x00,0x00,0x00,0x00,0x00,0x00,0x00,0x00,0x00,0x00,0x00,0x00,0x00,0x00,0x00,0x00,0x00,0x00,0x00,0x00,0x00,0x00,0x00,0x00,0x00,0x00,0x00,0x00,0x00,0x00,0x00,0x00,0x00,0x00,0x00,0x00,0x00,0x00,0x00,0x00,0x00,0x00,0x00,0x00,0x00,0x00,0x00,0x00,0x00,0x00,0x00,0x17,0x00,0x00,0x00,0x00,0x00,0x00,0x00,0x00,0x00,0x00,0x00,0x00,0x00,0x00,0x00,0x00,0x00,0x00,0x00,0x00,0x00,0x00,0x00,0x00,0x00,0x00,0x00,0x00,0x00,0x00,0x00,0x00,0x00,0x00,0x00,0x00,0x00,0x00,0x00,0x00,0x00,0x00,0x00,0x00,0x00,0x00,0x00,0x00,0x00,0x00,0x00,0x00,0x00,0x00,0x00,0x00,0x00,0x00,0x00,0x00,0x00,0x00,0x00,0x00,0x00,0x00,0x00,0x00,0x00,0x00,0x00,0x00,0x00,0x00,0x00,0x00,0x00,0x00,0x00,0x00,0x00,0x00,
    0x00,0x00,0x00,0x00,0x00,0x00,0x00,0x00,0x00,0x00,0x00,0x00,0x00,0x00,0x00,0x00,0x00,0x00,0x00,0x00,0x00,0x00,0x00,0x00,0x00,0x00,0x00,0x00,0x00,0x00,0x00,0x00,0x00,0x00,0x00,0x00,0x00,0x00,0x00,0x00,0x00,0x00,0x00,0x00,0x00,0x00,0x00,0x00,0x00,0x00,0x00,0x00,0x00,0x00,0x00,0x00,0x00,0x00,0x00,0x00,0x00,0x00,0x05,0x1e,0x23,0x4b,0x3b,0x00,0x00,0x00,0x00,0x00,0x00,0x00,0x00,0x00,0x00,0x00,0x00,0x00,0x00,0x00,0x00,0x00,0x00,0x00,0x00,0x00,0x00,0x00,0x00,0x00,0x00,0x00,0x00,0x00,0x00,0x00,0x00,0x00,0x00,0x00,0x00,0x00,0x00,0x00,0x00,0x00,0x00,0x00,0x00,0x00,0x00,0x00,0x00,0x00,0x00,0x00,0x00,0x00,0x00,0x00,0x00,0x00,0x00,0x00,0x00,0x00,0x00,0x00,0x00,0x00,0x00,0x00,0x00,0x00,0x00,0x00,0x00,0x00,0x00,0x00,0x00,0x00,
    0x00,0x00,0x00,0x00,0x00,0x00,0x00,0x00,0x00,0x00,0x00,0x00,0x00,0x00,0x00,0x00,0x00,0x00,0x00,0x00,0x00,0x00,0x00,0x00,0x00,0x00,0x00,0x00,0x00,0x00,0x00,0x00,0x00,0x00,0x00,0x00,0x00,0x00,0x00,0x00,0x00,0x00,0x00,0x00,0x00,0x00,0x00,0x00,0x00,0x00,0x00,0x00,0x00,0x00,0x00,0x00,0x00,0x00,0x00,0x17,0x04,0x42,0x39,0x5d,0x5d,0x39,0x1e,0x04,0x04,0x00,0x00,0x00,0x00,0x00,0x00,0x00,0x00,0x00,0x00,0x00,0x00,0x00,0x00,0x00,0x00,0x00,0x00,0x00,0x00,0x00,0x00,0x00,0x00,0x00,0x00,0x00,0x00,0x00,0x00,0x00,0x00,0x00,0x00,0x00,0x00,0x00,0x00,0x00,0x00,0x00,0x00,0x00,0x00,0x00,0x00,0x00,0x00,0x00,0x00,0x00,0x00,0x00,0x00,0x00,0x00,0x00,0x00,0x00,0x00,0x00,0x00,0x00,0x00,0x00,0x00,0x00,0x00,0x00,0x00,0x00,0x00,0x00,0x00,0x00,
    0x00,0x00,0x00,0x00,0x00,0x00,0x00,0x00,0x00,0x00,0x00,0x00,0x00,0x00,0x00,0x00,0x00,0x00,0x00,0x00,0x00,0x00,0x00,0x00,0x00,0x00,0x00,0x00,0x00,0x00,0x00,0x00,0x00,0x00,0x00,0x00,0x00,0x00,0x00,0x00,0x00,0x00,0x00,0x00,0x00,0x00,0x00,0x00,0x00,0x00,0x00,0x00,0x00,0x00,0x00,0x00,0x00,0x00,0x17,0x00,0x5c,0x6b,0xee,0x30,0x42,0x4e,0x00,0x04,0x00,0x00,0x00,0x00,0x00,0x00,0x00,0x00,0x00,0x00,0x00,0x00,0x00,0x00,0x00,0x00,0x00,0x00,0x00,0x00,0x00,0x00,0x00,0x00,0x00,0x00,0x00,0x00,0x00,0x00,0x00,0x00,0x00,0x00,0x00,0x00,0x00,0x00,0x00,0x00,0x00,0x00,0x00,0x00,0x00,0x00,0x00,0x00,0x00,0x00,0x00,0x00,0x00,0x00,0x00,0x00,0x00,0x00,0x00,0x00,0x00,0x00,0x00,0x00,0x00,0x00,0x00,0x00,0x00,0x00,0x00,0x00,0x00,0x00,0x00,0x00,
    0x00,0x00,0x00,0x00,0x00,0x00,0x00,0x00,0x00,0x00,0x00,0x00,0x00,0x00,0x00,0x00,0x00,0x00,0x00,0x00,0x00,0x00,0x00,0x00,0x00,0x00,0x00,0x00,0x00,0x00,0x00,0x00,0x00,0x00,0x00,0x00,0x00,0x00,0x00,0x00,0x00,0x00,0x00,0x00,0x00,0x00,0x00,0x00,0x00,0x00,0x00,0x00,0x00,0x00,0x00,0x00,0x00,0x04,0x04,0x1e,0x3c,0x9f,0x1b,0x45,0x3b,0x00,0x04,0x00,0x00,0x00,0x00,0x00,0x00,0x00,0x00,0x00,0x00,0x00,0x00,0x00,0x00,0x00,0x00,0x00,0x00,0x00,0x00,0x00,0x00,0x00,0x00,0x00,0x00,0x00,0x00,0x00,0x00,0x00,0x00,0x00,0x00,0x00,0x00,0x00,0x00,0x00,0x00,0x00,0x00,0x00,0x00,0x00,0x00,0x00,0x00,0x00,0x00,0x00,0x00,0x00,0x00,0x00,0x00,0x00,0x00,0x00,0x00,0x00,0x00,0x00,0x00,0x00,0x00,0x00,0x00,0x00,0x00,0x00,0x00,0x00,0x00,0x00,0x00,0x00,
    0x00,0x00,0x00,0x00,0x00,0x00,0x00,0x00,0x00,0x00,0x00,0x00,0x00,0x00,0x00,0x00,0x00,0x00,0x00,0x00,0x00,0x00,0x00,0x00,0x00,0x00,0x00,0x00,0x00,0x00,0x00,0x00,0x00,0x00,0x00,0x00,0x00,0x00,0x00,0x00,0x00,0x00,0x00,0x00,0x00,0x00,0x00,0x00,0x00,0x00,0x00,0x00,0x00,0x00,0x00,0x00,0x00,0x17,0x03,0x39,0x5f,0xa7,0x51,0x40,0x00,0x17,0x00,0x00,0x00,0x00,0x00,0x00,0x00,0x00,0x00,0x00,0x00,0x00,0x00,0x00,0x00,0x00,0x00,0x00,0x00,0x00,0x00,0x00,0x00,0x00,0x00,0x00,0x00,0x00,0x00,0x00,0x00,0x00,0x00,0x00,0x00,0x00,0x00,0x00,0x00,0x00,0x00,0x00,0x00,0x00,0x00,0x00,0x00,0x00,0x00,0x00,0x00,0x00,0x00,0x00,0x00,0x00,0x00,0x00,0x00,0x00,0x00,0x00,0x00,0x00,0x00,0x00,0x00,0x00,0x00,0x00,0x00,0x00,0x00,0x00,0x00,0x00,0x00,0x00,
    0x00,0x00,0x00,0x00,0x00,0x00,0x00,0x00,0x00,0x00,0x00,0x00,0x00,0x00,0x00,0x00,0x00,0x00,0x00,0x00,0x00,0x00,0x00,0x00,0x00,0x00,0x00,0x00,0x00,0x00,0x00,0x00,0x00,0x00,0x00,0x00,0x00,0x00,0x00,0x00,0x00,0x00,0x00,0x00,0x00,0x00,0x00,0x00,0x00,0x00,0x00,0x00,0x00,0x00,0x00,0x00,0x17,0x00,0x23,0x4d,0x9f,0x0d,0x42,0x00,0x17,0x00,0x00,0x00,0x00,0x00,0x00,0x00,0x00,0x00,0x00,0x00,0x00,0x00,0x00,0x00,0x00,0x00,0x00,0x00,0x00,0x00,0x00,0x00,0x00,0x00,0x00,0x00,0x00,0x00,0x00,0x00,0x00,0x00,0x00,0x00,0x00,0x00,0x00,0x00,0x00,0x00,0x00,0x00,0x00,0x00,0x00,0x00,0x00,0x00,0x00,0x00,0x00,0x00,0x00,0x00,0x00,0x00,0x00,0x00,0x00,0x00,0x00,0x00,0x00,0x00,0x00,0x00,0x00,0x00,0x00,0x00,0x00,0x00,0x00,0x00,0x00,0x00,0x00,0x00,
    0x00,0x00,0x00,0x00,0x00,0x00,0x00,0x00,0x00,0x00,0x00,0x00,0x00,0x00,0x00,0x00,0x00,0x00,0x00,0x00,0x00,0x00,0x00,0x00,0x00,0x00,0x00,0x00,0x00,0x00,0x00,0x00,0x00,0x00,0x00,0x00,0x00,0x00,0x00,0x00,0x00,0x00,0x00,0x00,0x00,0x00,0x00,0x00,0x00,0x00,0x00,0x00,0x00,0x00,0x00,0x00,0x05,0x00,0x55,0x41,0xb7,0x0d,0x3d,0x00,0x17,0x00,0x00,0x00,0x00,0x00,0x00,0x00,0x00,0x03,0x05,0x08,0x03,0x00,0x00,0x00,0x00,0x00,0x00,0x00,0x00,0x00,0x00,0x00,0x00,0x00,0x00,0x00,0x00,0x00,0x00,0x00,0x00,0x00,0x00,0x00,0x00,0x00,0x00,0x00,0x00,0x00,0x00,0x00,0x00,0x00,0x00,0x00,0x00,0x00,0x00,0x00,0x00,0x00,0x00,0x00,0x00,0x00,0x00,0x00,0x00,0x00,0x00,0x00,0x00,0x00,0x00,0x00,0x00,0x00,0x00,0x00,0x00,0x00,0x00,0x00,0x00,0x00,0x00,0x00,
    0x00,0x00,0x00,0x00,0x00,0x00,0x00,0x00,0x00,0x00,0x00,0x00,0x00,0x00,0x00,0x00,0x00,0x00,0x00,0x00,0x00,0x00,0x00,0x00,0x00,0x00,0x00,0x00,0x00,0x00,0x00,0x00,0x00,0x00,0x00,0x00,0x00,0x00,0x00,0x00,0x00,0x00,0x00,0x00,0x00,0x00,0x00,0x00,0x00,0x00,0x00,0x00,0x00,0x00,0x00,0x00,0x05,0x00,0x45,0x4d,0x96,0x9a,0x66,0x52,0x02,0x08,0x03,0x03,0x03,0x05,0x03,0x00,0x00,0x00,0x00,0x00,0x00,0x00,0x00,0x03,0x05,0x03,0x04,0x00,0x00,0x00,0x00,0x00,0x00,0x00,0x00,0x00,0x00,0x00,0x00,0x00,0x00,0x00,0x00,0x00,0x00,0x00,0x00,0x00,0x00,0x00,0x00,0x00,0x00,0x00,0x00,0x00,0x00,0x00,0x00,0x00,0x00,0x00,0x00,0x00,0x00,0x00,0x00,0x00,0x00,0x00,0x00,0x00,0x00,0x00,0x00,0x00,0x00,0x00,0x00,0x00,0x00,0x00,0x00,0x00,0x00,0x00,0x00,0x00,
    0x00,0x00,0x00,0x00,0x00,0x00,0x00,0x00,0x00,0x00,0x00,0x00,0x00,0x00,0x00,0x00,0x00,0x00,0x00,0x00,0x00,0x00,0x00,0x00,0x00,0x00,0x00,0x00,0x00,0x00,0x00,0x00,0x00,0x00,0x00,0x00,0x00,0x00,0x00,0x00,0x00,0x00,0x00,0x00,0x00,0x00,0x00,0x00,0x00,0x00,0x00,0x00,0x00,0x00,0x00,0x00,0x05,0x00,0x34,0x2a,0xce,0x83,0x6f,0x48,0x00,0x00,0x00,0x00,0x00,0x00,0x00,0x3b,0x40,0x38,0x2b,0x21,0x52,0x13,0x05,0x00,0x00,0x00,0x00,0x02,0x03,0x00,0x00,0x00,0x00,0x00,0x00,0x00,0x00,0x00,0x00,0x00,0x00,0x00,0x00,0x00,0x00,0x00,0x00,0x00,0x00,0x00,0x00,0x00,0x00,0x00,0x00,0x00,0x00,0x00,0x00,0x00,0x00,0x00,0x00,0x00,0x00,0x00,0x00,0x00,0x00,0x00,0x00,0x00,0x00,0x00,0x00,0x00,0x00,0x00,0x00,0x00,0x00,0x00,0x00,0x00,0x00,0x00,0x00,0x00,
    0x00,0x00,0x00,0x00,0x00,0x00,0x00,0x00,0x00,0x00,0x00,0x00,0x00,0x00,0x00,0x00,0x00,0x00,0x00,0x00,0x00,0x00,0x00,0x00,0x00,0x00,0x00,0x00,0x00,0x00,0x00,0x00,0x00,0x00,0x00,0x00,0x00,0x00,0x00,0x00,0x00,0x00,0x00,0x00,0x00,0x00,0x00,0x00,0x00,0x00,0x00,0x00,0x00,0x00,0x00,0x00,0x02,0x02,0x1e,0x1b,0x9a,0xa0,0x9e,0x36,0x25,0x20,0x52,0x52,0x1a,0x37,0x23,0x53,0x3e,0x36,0x54,0x33,0x33,0x35,0x53,0x23,0x45,0x21,0x38,0x00,0x00,0x02,0x02,0x00,0x00,0x00,0x00,0x00,0x00,0x00,0x00,0x00,0x00,0x00,0x00,0x00,0x00,0x00,0x00,0x00,0x00,0x00,0x00,0x00,0x00,0x00,0x00,0x00,0x00,0x00,0x00,0x00,0x00,0x00,0x00,0x00,0x00,0x00,0x00,0x00,0x00,0x00,0x00,0x00,0x00,0x00,0x00,0x00,0x00,0x00,0x00,0x00,0x00,0x00,0x00,0x00,0x00,0x00,0x00,0x00,
    0x00,0x00,0x00,0x00,0x00,0x00,0x00,0x00,0x00,0x00,0x00,0x00,0x00,0x00,0x00,0x00,0x00,0x00,0x00,0x00,0x00,0x00,0x00,0x00,0x00,0x00,0x00,0x00,0x00,0x00,0x00,0x00,0x00,0x00,0x00,0x00,0x00,0x00,0x00,0x00,0x00,0x00,0x00,0x00,0x00,0x00,0x00,0x00,0x00,0x00,0x00,0x00,0x00,0x00,0x00,0x00,0x00,0x03,0x05,0x23,0x39,0x5d,0xa0,0x16,0x3f,0x33,0x64,0x70,0x64,0x49,0x4a,0xaa,0x16,0xca,0xa4,0x9e,0x97,0x2f,0x2f,0xae,0x49,0x33,0x48,0x47,0x21,0x03,0x00,0x03,0x04,0x00,0x00,0x00,0x00,0x00,0x00,0x00,0x00,0x00,0x00,0x00,0x00,0x00,0x00,0x00,0x00,0x00,0x00,0x00,0x00,0x00,0x00,0x00,0x00,0x00,0x00,0x00,0x00,0x00,0x00,0x00,0x00,0x00,0x00,0x00,0x00,0x00,0x00,0x00,0x00,0x00,0x00,0x00,0x00,0x00,0x00,0x00,0x00,0x00,0x00,0x00,0x00,0x00,0x00,0x00,
    0x00,0x00,0x00,0x00,0x00,0x00,0x00,0x00,0x00,0x00,0x00,0x00,0x00,0x00,0x00,0x00,0x00,0x00,0x00,0x00,0x00,0x00,0x00,0x00,0x00,0x00,0x00,0x00,0x00,0x00,0x00,0x00,0x00,0x00,0x00,0x00,0x00,0x00,0x00,0x00,0x00,0x00,0x00,0x00,0x00,0x00,0x00,0x00,0x00,0x00,0x00,0x00,0x00,0x00,0x00,0x00,0x04,0x00,0x00,0x3b,0x45,0x51,0x3c,0x9e,0xd6,0xe3,0x4a,0xd6,0x9e,0x90,0x7e,0x84,0x84,0x7b,0x8a,0x7e,0x90,0x7e,0x7e,0x90,0x97,0xa4,0xb4,0x2a,0x51,0x23,0x1e,0x00,0x00,0x03,0x00,0x00,0x00,0x00,0x00,0x00,0x00,0x00,0x00,0x00,0x00,0x00,0x00,0x00,0x00,0x00,0x00,0x00,0x00,0x00,0x00,0x00,0x00,0x00,0x00,0x00,0x00,0x00,0x00,0x00,0x00,0x00,0x00,0x00,0x00,0x00,0x00,0x00,0x00,0x00,0x00,0x00,0x00,0x00,0x00,0x00,0x00,0x00,0x00,0x00,0x00,0x00,0x00,0x00,
    0x00,0x00,0x00,0x00,0x00,0x00,0x00,0x00,0x00,0x00,0x00,0x00,0x00,0x00,0x00,0x00,0x00,0x00,0x00,0x00,0x00,0x00,0x00,0x00,0x00,0x00,0x00,0x00,0x00,0x00,0x00,0x00,0x00,0x00,0x00,0x00,0x00,0x00,0x00,0x00,0x00,0x00,0x00,0x00,0x00,0x00,0x00,0x00,0x00,0x00,0x00,0x00,0x00,0x00,0x04,0x17,0x00,0x1e,0x34,0x5c,0x39,0x3d,0x48,0x24,0x4c,0x2f,0x90,0x90,0x97,0x97,0x90,0x90,0x78,0x78,0x78,0x78,0x78,0x78,0x78,0x78,0x7e,0x8a,0x84,0x84,0xa1,0x2a,0x58,0x25,0x1e,0x00,0x03,0x00,0x00,0x00,0x00,0x00,0x00,0x00,0x00,0x00,0x00,0x00,0x00,0x00,0x00,0x00,0x00,0x00,0x00,0x00,0x00,0x00,0x00,0x00,0x00,0x00,0x00,0x00,0x00,0x00,0x00,0x00,0x00,0x00,0x00,0x00,0x00,0x00,0x00,0x00,0x00,0x00,0x00,0x00,0x00,0x00,0x00,0x00,0x00,0x00,0x00,0x00,0x00,0x00,
    0x00,0x00,0x00,0x00,0x00,0x00,0x00,0x00,0x00,0x00,0x00,0x00,0x00,0x00,0x00,0x00,0x00,0x00,0x00,0x00,0x00,0x00,0x00,0x00,0x00,0x00,0x00,0x00,0x00,0x00,0x00,0x00,0x00,0x00,0x00,0x00,0x00,0x00,0x00,0x00,0x00,0x00,0x00,0x00,0x00,0x00,0x00,0x00,0x00,0x00,0x00,0x00,0x04,0x00,0x00,0x00,0x4b,0x5c,0x3c,0x5f,0xaa,0xc9,0xa4,0x83,0x99,0xbe,0x97,0x97,0x97,0x90,0x78,0x78,0x78,0x78,0x78,0x78,0x78,0x78,0x78,0x78,0x78,0x78,0x78,0x90,0x8a,0x85,0xba,0x1b,0x3d,0x37,0x00,0x05,0x00,0x00,0x00,0x00,0x00,0x00,0x00,0x00,0x00,0x00,0x00,0x00,0x00,0x00,0x00,0x00,0x00,0x00,0x00,0x00,0x00,0x00,0x00,0x00,0x00,0x00,0x00,0x00,0x00,0x00,0x00,0x00,0x00,0x00,0x00,0x00,0x00,0x00,0x00,0x00,0x00,0x00,0x00,0x00,0x00,0x00,0x00,0x00,0x00,0x00,0x00,0x00,
    0x00,0x00,0x00,0x00,0x00,0x00,0x00,0x00,0x00,0x00,0x00,0x00,0x00,0x00,0x00,0x00,0x00,0x00,0x00,0x00,0x00,0x00,0x00,0x00,0x00,0x00,0x00,0x00,0x00,0x00,0x00,0x00,0x00,0x00,0x00,0x00,0x00,0x00,0x00,0x00,0x00,0x00,0x00,0x00,0x00,0x00,0x00,0x00,0x00,0x00,0x00,0x17,0x00,0x17,0x23,0x55,0x3c,0x5f,0xb7,0x14,0xba,0x74,0x95,0x78,0x90,0x85,0x85,0x78,0x7e,0x78,0x78,0x78,0x78,0x78,0x78,0x78,0x78,0x78,0x78,0x7e,0x7e,0x7e,0x7e,0x7e,0x7e,0x85,0x84,0x74,0xb0,0x1b,0x23,0x00,0x03,0x00,0x00,0x00,0x00,0x00,0x00,0x00,0x00,0x00,0x00,0x00,0x00,0x00,0x00,0x00,0x00,0x00,0x00,0x00,0x00,0x00,0x00,0x00,0x00,0x00,0x00,0x00,0x00,0x00,0x00,0x00,0x00,0x00,0x00,0x00,0x00,0x00,0x00,0x00,0x00,0x00,0x00,0x00,0x00,0x00,0x00,0x00,0x00,0x00,0x00,0x00,
    0x00,0x00,0x00,0x00,0x00,0x00,0x00,0x00,0x00,0x00,0x00,0x00,0x00,0x00,0x00,0x00,0x00,0x00,0x00,0x00,0x00,0x00,0x00,0x00,0x00,0x00,0x00,0x00,0x00,0x00,0x00,0x00,0x00,0x00,0x00,0x00,0x00,0x00,0x00,0x00,0x00,0x00,0x00,0x00,0x00,0x00,0x00,0x00,0x00,0x00,0x03,0x00,0x1e,0x55,0x3c,0x8f,0x8f,0x74,0x4a,0x9e,0x8c,0x7b,0x78,0x78,0x78,0x85,0x7b,0x7b,0x7b,0x78,0x78,0x78,0x78,0x78,0x78,0x78,0x78,0x7e,0x85,0x7b,0x7b,0x7b,0x7b,0x7b,0x7b,0x7b,0x83,0x7b,0x84,0x97,0x30,0x34,0x00,0x05,0x00,0x00,0x00,0x00,0x00,0x00,0x00,0x00,0x00,0x00,0x00,0x00,0x00,0x00,0x00,0x00,0x00,0x00,0x00,0x00,0x00,0x00,0x00,0x00,0x00,0x00,0x00,0x00,0x00,0x00,0x00,0x00,0x00,0x00,0x00,0x00,0x00,0x00,0x00,0x00,0x00,0x00,0x00,0x00,0x00,0x00,0x00,0x00,0x00,0x00,
    0x00,0x00,0x00,0x00,0x00,0x00,0x00,0x00,0x00,0x00,0x00,0x00,0x00,0x00,0x00,0x00,0x00,0x00,0x00,0x00,0x00,0x00,0x00,0x00,0x00,0x00,0x00,0x00,0x00,0x00,0x00,0x00,0x00,0x00,0x00,0x00,0x00,0x00,0x00,0x00,0x00,0x00,0x00,0x00,0x00,0x00,0x00,0x00,0x02,0x00,0x00,0x23,0x5c,0x41,0x96,0x3c,0x3c,0x84,0x74,0x95,0x90,0x78,0x78,0x78,0x78,0x78,0x78,0x7e,0x7e,0x78,0x78,0x78,0x78,0x78,0x78,0x78,0x7e,0x7b,0x7b,0x7b,0x7b,0x7b,0x7b,0x85,0x78,0x78,0x78,0x78,0x7e,0x85,0x90,0x30,0x21,0x00,0x08,0x00,0x00,0x00,0x00,0x00,0x00,0x00,0x00,0x00,0x00,0x00,0x00,0x00,0x00,0x00,0x00,0x00,0x00,0x00,0x00,0x00,0x00,0x00,0x00,0x00,0x00,0x00,0x00,0x00,0x00,0x00,0x00,0x00,0x00,0x00,0x00,0x00,0x00,0x00,0x00,0x00,0x00,0x00,0x00,0x00,0x00,0x00,0x00,0x00,
    0x00,0x00,0x00,0x00,0x00,0x00,0x00,0x00,0x00,0x00,0x00,0x00,0x00,0x00,0x00,0x00,0x00,0x00,0x00,0x00,0x00,0x00,0x00,0x00,0x00,0x00,0x00,0x00,0x00,0x00,0x00,0x00,0x00,0x00,0x00,0x00,0x00,0x00,0x00,0x00,0x00,0x00,0x00,0x00,0x00,0x00,0x00,0x04,0x04,0x3b,0x55,0x3c,0x5f,0x41,0x39,0x1b,0x80,0x74,0x7b,0x83,0x7e,0x7e,0x78,0x78,0x78,0x78,0x78,0x78,0x78,0x78,0x78,0x78,0x78,0x78,0x78,0x78,0x7e,0x7b,0x8a,0x8a,0x7b,0x7b,0x85,0x78,0x78,0x78,0x78,0x7e,0x85,0x83,0x74,0xa1,0x24,0x34,0x00,0x17,0x00,0x00,0x00,0x00,0x00,0x00,0x00,0x00,0x00,0x00,0x00,0x00,0x00,0x00,0x00,0x00,0x00,0x00,0x00,0x00,0x00,0x00,0x00,0x00,0x00,0x00,0x00,0x00,0x00,0x00,0x00,0x00,0x00,0x00,0x00,0x00,0x00,0x00,0x00,0x00,0x00,0x00,0x00,0x00,0x00,0x00,0x00,0x00,
    0x00,0x00,0x00,0x00,0x00,0x00,0x00,0x00,0x00,0x00,0x00,0x00,0x00,0x00,0x00,0x00,0x00,0x00,0x00,0x00,0x00,0x00,0x00,0x00,0x00,0x00,0x00,0x00,0x00,0x00,0x00,0x00,0x00,0x00,0x00,0x00,0x00,0x00,0x00,0x00,0x00,0x00,0x00,0x00,0x00,0x00,0x02,0x02,0x05,0x42,0x41,0x5f,0x39,0x3c,0x0d,0xa4,0x7b,0x8a,0x7b,0x7b,0x7b,0x7b,0x7b,0x85,0x7e,0x78,0x78,0x78,0x7e,0x78,0x78,0x78,0x78,0x78,0x78,0x78,0x7e,0x7e,0x7e,0x85,0x8a,0x85,0x78,0x78,0x78,0x7e,0x8a,0x7b,0x7b,0x7b,0x7b,0x88,0x83,0x51,0x56,0x00,0x03,0x00,0x00,0x00,0x00,0x00,0x00,0x00,0x00,0x00,0x00,0x00,0x00,0x00,0x00,0x00,0x00,0x00,0x00,0x00,0x00,0x00,0x00,0x00,0x00,0x00,0x00,0x00,0x00,0x00,0x00,0x00,0x00,0x00,0x00,0x00,0x00,0x00,0x00,0x00,0x00,0x00,0x00,0x00,0x00,0x00,0x00,0x00,
    0x00,0x00,0x00,0x00,0x00,0x00,0x00,0x00,0x00,0x00,0x00,0x00,0x00,0x00,0x00,0x00,0x00,0x00,0x00,0x00,0x00,0x00,0x00,0x00,0x00,0x00,0x00,0x00,0x00,0x00,0x00,0x00,0x00,0x00,0x00,0x00,0x00,0x00,0x00,0x00,0x00,0x00,0x00,0x00,0x00,0x04,0x05,0x3b,0x42,0x6b,0x6b,0x5c,0x37,0x67,0xa1,0x88,0x83,0x7e,0x7e,0x8a,0x7b,0x7b,0x7b,0x7b,0x7e,0x78,0x78,0x78,0x78,0x78,0x78,0x78,0x78,0x78,0x7e,0x78,0x85,0x7b,0x7e,0x7b,0x7b,0x7b,0x8a,0x8a,0x7b,0x7b,0x7b,0x7b,0x7b,0x7b,0x7b,0x83,0x95,0xb4,0x61,0x2b,0x00,0x08,0x00,0x00,0x00,0x00,0x00,0x00,0x00,0x00,0x00,0x00,0x00,0x00,0x00,0x00,0x00,0x00,0x00,0x00,0x00,0x00,0x00,0x00,0x00,0x00,0x00,0x00,0x00,0x00,0x00,0x00,0x00,0x00,0x00,0x00,0x00,0x00,0x00,0x00,0x00,0x00,0x00,0x00,0x00,0x00,0x00,0x00,
    0x00,0x00,0x00,0x00,0x00,0x00,0x00,0x00,0x00,0x00,0x00,0x00,0x00,0x00,0x00,0x00,0x00,0x00,0x00,0x00,0x00,0x00,0x00,0x00,0x00,0x00,0x00,0x00,0x00,0x00,0x00,0x00,0x00,0x00,0x00,0x00,0x00,0x00,0x00,0x00,0x00,0x00,0x00,0x00,0x00,0x05,0x00,0x3e,0x4d,0x41,0x42,0x08,0x33,0x18,0x80,0x83,0x85,0x78,0x7e,0x85,0x85,0x85,0x7b,0x7b,0x7b,0x8a,0x7e,0x78,0x78,0xbe,0x78,0x78,0x78,0x8a,0x7b,0x7b,0x7b,0x7b,0x7b,0x7b,0x7b,0x84,0x74,0x7b,0x7b,0x7b,0x7b,0x7b,0x7b,0x7b,0x7b,0x7b,0x7b,0x83,0x4d,0x3d,0x01,0x05,0x00,0x00,0x00,0x00,0x00,0x00,0x00,0x00,0x00,0x00,0x00,0x00,0x00,0x00,0x00,0x00,0x00,0x00,0x00,0x00,0x00,0x00,0x00,0x00,0x00,0x00,0x00,0x00,0x00,0x00,0x00,0x00,0x00,0x00,0x00,0x00,0x00,0x00,0x00,0x00,0x00,0x00,0x00,0x00,0x00,0x00,
    0x00,0x00,0x00,0x00,0x00,0x00,0x00,0x00,0x00,0x00,0x00,0x00,0x00,0x00,0x00,0x00,0x00,0x00,0x00,0x00,0x00,0x00,0x00,0x00,0x00,0x00,0x00,0x00,0x00,0x00,0x00,0x00,0x00,0x00,0x00,0x00,0x00,0x00,0x00,0x00,0x00,0x00,0x00,0x00,0x05,0x00,0x45,0x30,0x18,0x36,0x17,0x35,0x46,0x96,0x93,0x7b,0x7b,0x7b,0x7b,0x7b,0x7b,0x7b,0x7b,0x7b,0x7b,0x7b,0x7b,0x8a,0x85,0xa5,0x8a,0x7e,0x7e,0x7b,0x7b,0x7b,0x7b,0x7b,0x7b,0x85,0x7e,0x97,0x90,0x7e,0x85,0x7b,0x7b,0x7b,0x7b,0x7b,0x7b,0x7b,0x7b,0x95,0x81,0x30,0x42,0x00,0x17,0x00,0x00,0x00,0x00,0x00,0x00,0x00,0x00,0x00,0x00,0x00,0x00,0x00,0x00,0x00,0x00,0x00,0x00,0x00,0x00,0x00,0x00,0x00,0x00,0x00,0x00,0x00,0x00,0x00,0x00,0x00,0x00,0x00,0x00,0x00,0x00,0x00,0x00,0x00,0x00,0x00,0x00,0x00,0x00,0x00,
    0x00,0x00,0x00,0x00,0x00,0x00,0x00,0x00,0x00,0x00,0x00,0x00,0x00,0x00,0x00,0x00,0x00,0x00,0x00,0x00,0x00,0x00,0x00,0x00,0x00,0x00,0x00,0x00,0x00,0x00,0x00,0x00,0x00,0x00,0x00,0x00,0x00,0x00,0x00,0x00,0x00,0x00,0x00,0x04,0x00,0x4b,0x36,0xaa,0x51,0x2b,0x4e,0x24,0xa7,0x96,0x8d,0x7b,0x7b,0x7b,0x7b,0x7b,0x78,0x78,0x85,0x7b,0x7b,0x7e,0x7e,0x98,0x4c,0xba,0xa9,0x78,0x78,0x78,0x78,0x78,0x78,0x85,0x7b,0x83,0xa9,0xab,0xaf,0x98,0x83,0x7b,0x7b,0x7b,0x7b,0x7b,0x7b,0x7b,0x7b,0x8d,0x96,0x9f,0x1b,0x52,0x04,0x03,0x00,0x00,0x00,0x00,0x00,0x00,0x00,0x00,0x00,0x00,0x00,0x00,0x00,0x00,0x00,0x00,0x00,0x00,0x00,0x00,0x00,0x00,0x00,0x00,0x00,0x00,0x00,0x00,0x00,0x00,0x00,0x00,0x00,0x00,0x00,0x00,0x00,0x00,0x00,0x00,0x00,0x00,0x00,0x00,
    0x00,0x00,0x00,0x00,0x00,0x00,0x00,0x00,0x00,0x00,0x00,0x00,0x00,0x00,0x00,0x00,0x00,0x00,0x00,0x00,0x00,0x00,0x00,0x00,0x00,0x00,0x00,0x00,0x00,0x00,0x00,0x00,0x00,0x00,0x00,0x00,0x00,0x00,0x00,0x00,0x00,0x00,0x00,0x05,0x00,0x3d,0x29,0x3f,0x56,0x00,0x3d,0x5d,0x8d,0x93,0x80,0x7b,0x8c,0x84,0x7b,0x7b,0x78,0x78,0x7e,0x7b,0x8a,0x90,0x99,0xd6,0x1f,0x9e,0x95,0x7e,0x78,0x78,0x78,0x78,0x78,0x7b,0x7b,0x7b,0x8c,0x16,0x1f,0xa1,0x95,0x83,0x74,0x84,0x7b,0x7b,0x7b,0x7b,0x7b,0x8c,0x96,0x8d,0xab,0x2b,0x00,0x05,0x00,0x00,0x00,0x00,0x00,0x00,0x00,0x00,0x00,0x00,0x00,0x00,0x00,0x00,0x00,0x00,0x00,0x00,0x00,0x00,0x00,0x00,0x00,0x00,0x00,0x00,0x00,0x00,0x00,0x00,0x00,0x00,0x00,0x00,0x00,0x00,0x00,0x00,0x00,0x00,0x00,0x00,0x00,0x00,
    0x00,0x00,0x00,0x00,0x00,0x00,0x00,0x00,0x00,0x00,0x00,0x00,0x00,0x00,0x00,0x00,0x00,0x00,0x00,0x00,0x00,0x00,0x00,0x00,0x00,0x00,0x00,0x00,0x00,0x00,0x00,0x00,0x00,0x00,0x00,0x00,0x00,0x00,0x00,0x00,0x00,0x00,0x05,0x00,0x3d,0x29,0x29,0x3d,0x00,0x34,0x4d,0x95,0x7b,0x74,0x7b,0x74,0x94,0x84,0x7b,0x8a,0x7e,0x78,0x8a,0x7b,0x78,0x99,0x16,0xa5,0xa5,0xa4,0x95,0x74,0x85,0x78,0x78,0x78,0x7e,0x7b,0x7b,0x7b,0x95,0x0d,0x18,0xd2,0xa4,0x8c,0x97,0xa4,0x84,0x85,0x7b,0x7b,0x7b,0x7b,0x93,0x96,0x9f,0x39,0x23,0x08,0x03,0x00,0x00,0x00,0x00,0x00,0x00,0x00,0x00,0x00,0x00,0x00,0x00,0x00,0x00,0x00,0x00,0x00,0x00,0x00,0x00,0x00,0x00,0x00,0x00,0x00,0x00,0x00,0x00,0x00,0x00,0x00,0x00,0x00,0x00,0x00,0x00,0x00,0x00,0x00,0x00,0x00,0x00,0x00,
    0x00,0x00,0x00,0x00,0x00,0x00,0x00,0x00,0x00,0x00,0x00,0x00,0x00,0x00,0x00,0x00,0x00,0x00,0x00,0x00,0x00,0x00,0x00,0x00,0x00,0x00,0x00,0x00,0x00,0x00,0x00,0x00,0x00,0x00,0x00,0x00,0x00,0x00,0x00,0x00,0x00,0x03,0x00,0x4b,0x30,0x9d,0x29,0x4b,0x34,0x30,0x0d,0x94,0x7b,0x7b,0x7b,0x7b,0x83,0x83,0x7b,0x8a,0x83,0x84,0xa1,0x7b,0x95,0xa4,0x18,0x8a,0xd2,0x97,0x8a,0x85,0x7b,0x8a,0x85,0x7e,0x8a,0x8a,0x85,0x85,0x8a,0x97,0xab,0xc4,0xe7,0xa1,0x7b,0xab,0x74,0x7b,0x84,0x84,0x74,0x7b,0x74,0x8c,0xce,0xa5,0x35,0x00,0x05,0x00,0x00,0x00,0x00,0x00,0x00,0x00,0x00,0x00,0x00,0x00,0x00,0x00,0x00,0x00,0x00,0x00,0x00,0x00,0x00,0x00,0x00,0x00,0x00,0x00,0x00,0x00,0x00,0x00,0x00,0x00,0x00,0x00,0x00,0x00,0x00,0x00,0x00,0x00,0x00,0x00,0x00,0x00,
    0x00,0x00,0x00,0x00,0x00,0x00,0x00,0x00,0x00,0x00,0x00,0x00,0x00,0x00,0x00,0x00,0x00,0x00,0x00,0x00,0x00,0x00,0x00,0x00,0x00,0x00,0x00,0x00,0x00,0x00,0x00,0x00,0x00,0x00,0x00,0x00,0x00,0x00,0x00,0x00,0x00,0x05,0x03,0x45,0x46,0x6c,0x3d,0x00,0x3e,0x5d,0x94,0x8c,0x7b,0x84,0x7b,0x84,0x98,0x8c,0x83,0x83,0x94,0xae,0xb0,0x8c,0xa1,0xba,0x9f,0x83,0xc9,0x97,0x84,0x7e,0x7b,0x7b,0x7b,0x74,0x7b,0x7b,0x78,0x78,0x78,0x78,0xd2,0x92,0xb0,0xc9,0xc0,0xa5,0x9e,0x8c,0x84,0x74,0x7b,0x7b,0x7b,0x7b,0x85,0x1f,0x57,0x65,0x00,0x03,0x00,0x00,0x00,0x00,0x00,0x00,0x00,0x00,0x00,0x00,0x00,0x00,0x00,0x00,0x00,0x00,0x00,0x00,0x00,0x00,0x00,0x00,0x00,0x00,0x00,0x00,0x00,0x00,0x00,0x00,0x00,0x00,0x00,0x00,0x00,0x00,0x00,0x00,0x00,0x00,0x00,0x00,
    0x00,0x00,0x00,0x00,0x00,0x00,0x00,0x00,0x00,0x00,0x00,0x00,0x00,0x00,0x00,0x00,0x00,0x00,0x00,0x00,0x00,0x00,0x00,0x00,0x00,0x00,0x00,0x00,0x00,0x00,0x00,0x00,0x00,0x00,0x00,0x00,0x00,0x00,0x00,0x00,0x00,0x00,0x04,0x48,0x6f,0x66,0x13,0x38,0x36,0xce,0x8c,0x84,0x7e,0x8a,0x95,0x9e,0xc5,0xb0,0xa9,0xc0,0xce,0x14,0x95,0x8c,0xba,0x9a,0x93,0x8d,0x18,0x90,0x8a,0x7e,0x7e,0x7e,0x85,0x85,0x85,0x7b,0x78,0x7e,0x7b,0x7b,0x18,0x9f,0x94,0xa5,0xaf,0xa4,0xe3,0x95,0x83,0x8a,0x8a,0x7b,0x7b,0x83,0x95,0x9e,0xbf,0x57,0x00,0x08,0x00,0x00,0x00,0x00,0x00,0x00,0x00,0x00,0x00,0x00,0x00,0x00,0x00,0x00,0x00,0x00,0x00,0x00,0x00,0x00,0x00,0x00,0x00,0x00,0x00,0x00,0x00,0x00,0x00,0x00,0x00,0x00,0x00,0x00,0x00,0x00,0x00,0x00,0x00,0x00,0x00,0x00,
    0x00,0x00,0x00,0x00,0x00,0x00,0x00,0x00,0x00,0x00,0x00,0x00,0x00,0x00,0x00,0x00,0x00,0x00,0x00,0x00,0x00,0x00,0x00,0x00,0x00,0x00,0x00,0x00,0x00,0x00,0x00,0x00,0x00,0x00,0x00,0x00,0x00,0x00,0x00,0x00,0x08,0x00,0x21,0x3f,0x49,0x56,0x00,0x45,0x29,0x83,0x83,0x7b,0x7b,0x7b,0xa9,0xeb,0xc6,0xad,0xeb,0xab,0x1f,0xa4,0x98,0xaf,0xaa,0x8f,0xa7,0x9d,0xb3,0x9e,0xbe,0xbe,0x78,0x78,0x78,0x78,0x78,0x78,0x78,0x85,0x74,0x74,0x4c,0x0d,0x81,0xa0,0xc9,0xa4,0xd2,0x90,0x84,0x85,0x7e,0x7b,0x7b,0x8a,0x90,0x99,0x1f,0x0f,0x15,0x04,0x01,0x00,0x00,0x00,0x00,0x00,0x00,0x00,0x00,0x00,0x00,0x00,0x00,0x00,0x00,0x00,0x00,0x00,0x00,0x00,0x00,0x00,0x00,0x00,0x00,0x00,0x00,0x00,0x00,0x00,0x00,0x00,0x00,0x00,0x00,0x00,0x00,0x00,0x00,0x00,0x00,0x00,
    0x00,0x00,0x00,0x00,0x00,0x00,0x00,0x00,0x00,0x00,0x00,0x00,0x00,0x00,0x00,0x00,0x00,0x00,0x00,0x00,0x00,0x00,0x00,0x00,0x00,0x00,0x00,0x00,0x00,0x00,0x00,0x00,0x00,0x00,0x00,0x00,0x00,0x00,0x00,0x00,0x03,0x05,0x71,0xb3,0x66,0x00,0x4e,0x2a,0xa4,0x90,0x97,0x7e,0x7e,0x95,0xaf,0xc6,0xcd,0xcd,0xd3,0xc6,0xd8,0xe3,0xa9,0xc9,0xae,0xaa,0xaa,0xb4,0xc1,0xa4,0x7e,0xe4,0x90,0x78,0x78,0x78,0x78,0x78,0x78,0x78,0x85,0x90,0xb3,0x1d,0x1d,0x9d,0x9d,0xab,0xab,0x16,0xa0,0x88,0x7b,0x7b,0x7b,0x7b,0x83,0xa9,0x14,0x57,0x62,0x00,0x03,0x00,0x00,0x00,0x00,0x00,0x00,0x00,0x00,0x00,0x00,0x00,0x00,0x00,0x00,0x00,0x00,0x00,0x00,0x00,0x00,0x00,0x00,0x00,0x00,0x00,0x00,0x00,0x00,0x00,0x00,0x00,0x00,0x00,0x00,0x00,0x00,0x00,0x00,0x00,0x00,0x00,
    0x00,0x00,0x00,0x00,0x00,0x00,0x00,0x00,0x00,0x00,0x00,0x00,0x00,0x00,0x00,0x00,0x00,0x00,0x00,0x00,0x00,0x00,0x00,0x00,0x00,0x00,0x00,0x00,0x00,0x00,0x00,0x00,0x00,0x00,0x00,0x00,0x00,0x00,0x00,0x02,0x00,0x38,0x61,0xbf,0x64,0x13,0x37,0x5b,0xa1,0x7b,0x83,0x78,0x90,0x78,0x18,0xbd,0xc6,0xd3,0xcd,0xf0,0xc6,0xe3,0xa5,0xc5,0xae,0x9f,0x96,0x8f,0x1d,0x97,0x2f,0xbf,0x85,0x90,0x78,0x78,0x7e,0x7e,0x7e,0x78,0x78,0x90,0xba,0x96,0x8d,0x9a,0xae,0xbb,0xc9,0xb4,0xc2,0x84,0x7b,0x7b,0x7b,0x95,0x7b,0x8c,0xaf,0xc5,0x1b,0x21,0x02,0x03,0x00,0x00,0x00,0x00,0x00,0x00,0x00,0x00,0x00,0x00,0x00,0x00,0x00,0x00,0x00,0x00,0x00,0x00,0x00,0x00,0x00,0x00,0x00,0x00,0x00,0x00,0x00,0x00,0x00,0x00,0x00,0x00,0x00,0x00,0x00,0x00,0x00,0x00,0x00,0x00,
    0x00,0x00,0x00,0x00,0x00,0x00,0x00,0x00,0x00,0x00,0x00,0x00,0x00,0x00,0x00,0x00,0x00,0x00,0x00,0x00,0x00,0x00,0x00,0x00,0x00,0x00,0x00,0x00,0x00,0x00,0x00,0x00,0x00,0x00,0x00,0x00,0x00,0x00,0x00,0x02,0x00,0x38,0x58,0xd0,0x5a,0x40,0x35,0x29,0x95,0x7b,0x7b,0x7e,0x78,0x99,0xa9,0xa4,0x14,0xdf,0xb2,0xd3,0xa8,0xaf,0xc9,0x8d,0xc2,0x93,0x81,0x96,0xaa,0x97,0xa5,0xbb,0xa1,0x84,0x7b,0x74,0x7b,0x7b,0x7b,0x8a,0x7b,0x85,0xba,0xb7,0x8d,0x96,0x96,0x9d,0xd0,0xe3,0x98,0x83,0x74,0x7b,0x7b,0x84,0x8c,0x84,0x97,0x4c,0x46,0x3e,0x00,0x05,0x00,0x00,0x00,0x00,0x00,0x00,0x00,0x00,0x00,0x00,0x00,0x00,0x00,0x00,0x00,0x00,0x00,0x00,0x00,0x00,0x00,0x00,0x00,0x00,0x00,0x00,0x00,0x00,0x00,0x00,0x00,0x00,0x00,0x00,0x00,0x00,0x00,0x00,0x00,0x00,
    0x00,0x00,0x00,0x00,0x00,0x00,0x00,0x00,0x00,0x00,0x00,0x00,0x00,0x00,0x00,0x00,0x00,0x00,0x00,0x00,0x00,0x00,0x00,0x00,0x00,0x00,0x00,0x00,0x00,0x00,0x00,0x00,0x00,0x00,0x00,0x00,0x00,0x00,0x00,0x02,0x00,0x38,0x58,0x61,0x65,0x00,0x3e,0x9e,0x84,0xb6,0x90,0x85,0x8c,0xa5,0xd2,0xa1,0xc0,0xc0,0x18,0xbf,0xb3,0x1f,0x9f,0x84,0x83,0x7b,0x7b,0x94,0xae,0xa5,0xaa,0xb4,0x9a,0x95,0x74,0x84,0x7b,0x7b,0x7b,0x7b,0x85,0x90,0xba,0x80,0x7b,0x7b,0x83,0xc2,0x14,0xbf,0x98,0x83,0x7b,0x7b,0x7b,0x74,0xa4,0x83,0x83,0x18,0x16,0x1b,0x21,0x00,0x03,0x00,0x00,0x00,0x00,0x00,0x00,0x00,0x00,0x00,0x00,0x00,0x00,0x00,0x00,0x00,0x00,0x00,0x00,0x00,0x00,0x00,0x00,0x00,0x00,0x00,0x00,0x00,0x00,0x00,0x00,0x00,0x00,0x00,0x00,0x00,0x00,0x00,0x00,0x00,
    0x00,0x00,0x00,0x00,0x00,0x00,0x00,0x00,0x00,0x00,0x00,0x00,0x00,0x00,0x00,0x00,0x00,0x00,0x00,0x00,0x00,0x00,0x00,0x00,0x00,0x00,0x00,0x00,0x00,0x00,0x00,0x00,0x00,0x00,0x00,0x00,0x00,0x00,0x00,0x02,0x00,0x15,0x58,0x61,0x56,0x21,0x36,0x0d,0x85,0xe4,0x7e,0x88,0xa1,0xd7,0xd3,0xad,0xeb,0x1d,0x1f,0xaf,0xd2,0xb0,0x8c,0x83,0x95,0x84,0x97,0x8c,0x9a,0x4c,0xae,0xce,0xb4,0x98,0x7b,0x74,0x84,0x84,0x84,0xbe,0x78,0x97,0x32,0x81,0xe4,0x7b,0x88,0x81,0xa7,0xb3,0x16,0x83,0x74,0x7b,0x83,0x98,0x18,0x16,0x98,0xa5,0x9a,0x1b,0x37,0x00,0x05,0x00,0x00,0x00,0x00,0x00,0x00,0x00,0x00,0x00,0x00,0x00,0x00,0x00,0x00,0x00,0x00,0x00,0x00,0x00,0x00,0x00,0x00,0x00,0x00,0x00,0x00,0x00,0x00,0x00,0x00,0x00,0x00,0x00,0x00,0x00,0x00,0x00,0x00,0x00,
    0x00,0x00,0x00,0x00,0x00,0x00,0x00,0x00,0x00,0x00,0x00,0x00,0x00,0x00,0x00,0x00,0x00,0x00,0x00,0x00,0x00,0x00,0x00,0x00,0x00,0x00,0x00,0x00,0x00,0x00,0x00,0x00,0x00,0x00,0x00,0x00,0x00,0x00,0x00,0x02,0x00,0x15,0x43,0x60,0x55,0x5a,0x46,0xa0,0xea,0xe4,0x7b,0x98,0xab,0xc6,0xcd,0xcd,0xcd,0xc6,0xde,0xdb,0x18,0xa0,0x9f,0x88,0x9e,0xd9,0xd9,0xd2,0x9a,0xc5,0x9d,0xb7,0x18,0x80,0xa1,0xa1,0xa1,0xa1,0x97,0x90,0xa5,0xe3,0xab,0xb4,0x2e,0x16,0x8d,0xb7,0x8d,0xba,0xe3,0x90,0x7e,0x78,0x78,0x99,0x9e,0xe4,0x84,0xb0,0xce,0x24,0x2b,0x00,0x05,0x00,0x00,0x00,0x00,0x00,0x00,0x00,0x00,0x00,0x00,0x00,0x00,0x00,0x00,0x00,0x00,0x00,0x00,0x00,0x00,0x00,0x00,0x00,0x00,0x00,0x00,0x00,0x00,0x00,0x00,0x00,0x00,0x00,0x00,0x00,0x00,0x00,0x00,0x00,
    0x00,0x00,0x00,0x00,0x00,0x00,0x00,0x00,0x00,0x00,0x00,0x00,0x00,0x00,0x00,0x00,0x00,0x00,0x00,0x00,0x00,0x00,0x00,0x00,0x00,0x00,0x00,0x00,0x00,0x00,0x00,0x00,0x00,0x00,0x00,0x00,0x00,0x00,0x00,0x02,0x00,0x15,0x43,0x6a,0x62,0x5c,0x29,0x8c,0xfb,0xe4,0xbe,0xbe,0xa5,0xb2,0xc6,0xd3,0xcd,0xd3,0xd3,0xbd,0x9f,0x81,0x9f,0x8f,0xc4,0xaf,0xaf,0xd2,0x0d,0xd0,0xae,0xa0,0xba,0xd2,0xab,0xab,0xab,0xab,0x1d,0xaa,0x1f,0xe9,0xb4,0x9a,0xb4,0x92,0xc2,0x81,0x94,0x4c,0x1f,0xbe,0x90,0x97,0x9e,0x99,0xa4,0xaf,0xca,0xa4,0x9d,0x6f,0x40,0x00,0x04,0x00,0x00,0x00,0x00,0x00,0x00,0x00,0x00,0x00,0x00,0x00,0x00,0x00,0x00,0x00,0x00,0x00,0x00,0x00,0x00,0x00,0x00,0x00,0x00,0x00,0x00,0x00,0x00,0x00,0x00,0x00,0x00,0x00,0x00,0x00,0x00,0x00,0x00,0x00,
    0x00,0x00,0x00,0x00,0x00,0x00,0x00,0x00,0x00,0x00,0x00,0x00,0x00,0x00,0x00,0x00,0x00,0x00,0x00,0x00,0x00,0x00,0x00,0x00,0x00,0x00,0x00,0x00,0x00,0x00,0x00,0x00,0x00,0x00,0x00,0x00,0x00,0x00,0x00,0x00,0x02,0x13,0x43,0x6a,0x70,0x2a,0x8c,0xca,0xe7,0x97,0x78,0x7e,0xa9,0xa9,0x9a,0x32,0xeb,0xde,0xde,0xbf,0xca,0xd6,0xaf,0x14,0xbf,0xcc,0xcc,0xb3,0x9d,0xaa,0x9d,0x95,0x74,0x7b,0x84,0x84,0x84,0x95,0x81,0x96,0xae,0xce,0xaa,0xbf,0xb9,0xcc,0xb3,0xb4,0x9e,0xd2,0xe7,0xbe,0x90,0xa4,0xd6,0x98,0xce,0xe7,0x90,0x9a,0xae,0x49,0x09,0x00,0x03,0x00,0x00,0x00,0x00,0x00,0x00,0x00,0x00,0x00,0x00,0x00,0x00,0x00,0x00,0x00,0x00,0x00,0x00,0x00,0x00,0x00,0x00,0x00,0x00,0x00,0x00,0x00,0x00,0x00,0x00,0x00,0x00,0x00,0x00,0x00,0x00,0x00,0x00,0x00,
    0x00,0x00,0x00,0x00,0x00,0x00,0x00,0x00,0x00,0x00,0x00,0x00,0x00,0x00,0x00,0x00,0x00,0x00,0x00,0x00,0x00,0x00,0x00,0x00,0x00,0x00,0x00,0x00,0x00,0x00,0x00,0x00,0x00,0x00,0x00,0x00,0x00,0x00,0x00,0x00,0x08,0x00,0x11,0x6a,0x60,0x54,0x84,0x16,0xd9,0x85,0xa9,0xb0,0xeb,0x32,0x9d,0xa9,0xa4,0xe9,0xe7,0x0d,0xfb,0xb5,0xa2,0x7f,0x72,0xcc,0xb5,0x1c,0x7f,0xc1,0x94,0x83,0x7b,0x7b,0x7b,0x7b,0x74,0x81,0x93,0x93,0x8f,0xbf,0x7f,0xa2,0xb9,0xa2,0x7f,0x7f,0xb5,0xd6,0xa5,0x8a,0xe7,0x97,0xa5,0x98,0xce,0x1f,0x84,0x9a,0x1f,0x67,0x2b,0x04,0x05,0x00,0x00,0x00,0x00,0x00,0x00,0x00,0x00,0x00,0x00,0x00,0x00,0x00,0x00,0x00,0x00,0x00,0x00,0x00,0x00,0x00,0x00,0x00,0x00,0x00,0x00,0x00,0x00,0x00,0x00,0x00,0x00,0x00,0x00,0x00,0x00,0x00,0x00,0x00,
    0x00,0x00,0x00,0x00,0x00,0x00,0x00,0x00,0x00,0x00,0x00,0x00,0x00,0x00,0x00,0x00,0x00,0x00,0x00,0x00,0x00,0x00,0x00,0x00,0x00,0x00,0x00,0x00,0x00,0x00,0x00,0x00,0x00,0x00,0x00,0x00,0x00,0x00,0x00,0x00,0x08,0x00,0x2d,0x60,0x57,0x30,0xc0,0xe4,0xe4,0x84,0x98,0xbb,0xc6,0xd3,0xc6,0xad,0xdf,0xcc,0xaf,0x14,0xb5,0x7f,0xb9,0xaa,0x9d,0xbb,0xb3,0x32,0xb4,0xb5,0xae,0x8c,0x83,0x7b,0x7b,0x7b,0x80,0x8d,0x8d,0x8f,0xc1,0xcc,0x32,0xbb,0xbb,0xae,0x9d,0xbf,0x7f,0x7a,0xc5,0xc9,0xba,0xa5,0xa5,0x99,0x7e,0xbe,0x99,0x9e,0xbf,0x24,0x34,0x00,0x3b,0x00,0x00,0x00,0x00,0x00,0x00,0x00,0x00,0x00,0x00,0x00,0x00,0x00,0x00,0x00,0x00,0x00,0x00,0x00,0x00,0x00,0x00,0x00,0x00,0x00,0x00,0x00,0x00,0x00,0x00,0x00,0x00,0x00,0x00,0x00,0x00,0x00,0x00,0x00,
    0x00,0x00,0x00,0x00,0x00,0x00,0x00,0x00,0x00,0x00,0x00,0x00,0x00,0x00,0x00,0x00,0x00,0x00,0x00,0x00,0x00,0x00,0x00,0x00,0x00,0x00,0x00,0x00,0x00,0x00,0x00,0x00,0x00,0x00,0x00,0x00,0x00,0x00,0x00,0x00,0x00,0x02,0x13,0x66,0x6c,0x5b,0x80,0xaf,0xa4,0x84,0xa9,0xdf,0xd3,0xcd,0xcd,0xd3,0xd3,0xde,0x14,0xb5,0x7f,0xb3,0x96,0x9d,0x89,0x7f,0xfa,0xeb,0xeb,0xa7,0xb0,0x81,0x88,0x88,0x88,0x80,0x80,0x88,0x80,0x0d,0xaa,0xae,0xa2,0x7f,0xd1,0xac,0x32,0x8f,0xbb,0x7f,0x79,0xab,0x9a,0x1f,0xa5,0xbe,0x90,0x90,0x99,0xe3,0xb0,0x6b,0x39,0x1e,0x00,0x04,0x00,0x00,0x00,0x00,0x00,0x00,0x00,0x00,0x00,0x00,0x00,0x00,0x00,0x00,0x00,0x00,0x00,0x00,0x00,0x00,0x00,0x00,0x00,0x00,0x00,0x00,0x00,0x00,0x00,0x00,0x00,0x00,0x00,0x00,0x00,0x00,0x00,0x00,
    0x00,0x00,0x00,0x00,0x00,0x00,0x00,0x00,0x00,0x00,0x00,0x00,0x00,0x00,0x00,0x00,0x00,0x00,0x00,0x00,0x00,0x00,0x00,0x00,0x00,0x00,0x00,0x00,0x00,0x00,0x00,0x00,0x00,0x00,0x00,0x00,0x00,0x00,0x00,0x00,0x00,0x05,0x00,0x45,0x6c,0xba,0xca,0x97,0x78,0x78,0xbe,0xba,0xdf,0xbd,0xc6,0xd3,0xcd,0xd3,0xbb,0x77,0xd0,0x8f,0x9f,0x1c,0xd8,0xf6,0xf3,0xe6,0xfa,0xb3,0x8f,0xb7,0x88,0x7b,0x7b,0x7b,0x7b,0x7b,0x7b,0x84,0x80,0xa2,0x7c,0xdf,0xfc,0xec,0x7f,0x9d,0x8f,0xc1,0x7f,0xba,0x9a,0x1c,0xba,0x99,0x90,0x78,0xbe,0x97,0x9e,0x8f,0x4d,0x5c,0x23,0x04,0x17,0x00,0x00,0x00,0x00,0x00,0x00,0x00,0x00,0x00,0x00,0x00,0x00,0x00,0x00,0x00,0x00,0x00,0x00,0x00,0x00,0x00,0x00,0x00,0x00,0x00,0x00,0x00,0x00,0x00,0x00,0x00,0x00,0x00,0x00,0x00,0x00,0x00,
    0x00,0x00,0x00,0x00,0x00,0x00,0x00,0x00,0x00,0x00,0x00,0x00,0x00,0x00,0x00,0x00,0x00,0x00,0x00,0x00,0x00,0x00,0x00,0x00,0x00,0x00,0x00,0x00,0x00,0x00,0x00,0x00,0x00,0x00,0x00,0x00,0x00,0x00,0x00,0x00,0x00,0x03,0x02,0x21,0x3f,0x1f,0x97,0x7e,0x78,0x78,0x78,0x99,0xa9,0xa4,0xb4,0xb5,0xbd,0xdf,0xb9,0x82,0xb7,0x8f,0x14,0x7f,0xa8,0x96,0x8f,0x5e,0xfa,0xa2,0xa7,0x80,0x7b,0x7b,0x7b,0x7b,0x7b,0x7b,0x83,0xa0,0x14,0x7f,0xc1,0x8f,0x8f,0xdf,0x7f,0xbf,0x96,0x8d,0x0a,0xb9,0x9d,0xec,0xba,0xa9,0x78,0x8a,0x7b,0x8c,0x5d,0x3c,0x93,0x4d,0x3e,0x00,0x00,0x04,0x00,0x00,0x00,0x00,0x00,0x00,0x00,0x00,0x00,0x00,0x00,0x00,0x00,0x00,0x00,0x00,0x00,0x00,0x00,0x00,0x00,0x00,0x00,0x00,0x00,0x00,0x00,0x00,0x00,0x00,0x00,0x00,0x00,0x00,0x00,0x00,
    0x00,0x00,0x00,0x00,0x00,0x00,0x00,0x00,0x00,0x00,0x00,0x00,0x00,0x00,0x00,0x00,0x00,0x00,0x00,0x00,0x00,0x00,0x00,0x00,0x00,0x00,0x00,0x00,0x00,0x00,0x00,0x00,0x00,0x00,0x00,0x00,0x00,0x00,0x00,0x00,0x00,0x05,0x03,0x47,0x29,0xaf,0xa5,0x99,0x7e,0x85,0x7e,0x83,0x83,0x8c,0x83,0xda,0xae,0xaa,0x7f,0xc1,0x8f,0x8f,0xd0,0x7f,0xc3,0xa7,0x8f,0xe5,0xfa,0x7c,0xae,0x8c,0x83,0x7b,0x7b,0x7b,0x7b,0x88,0x80,0x8f,0xd0,0x7f,0xc1,0x8f,0x93,0xf6,0x7c,0xb9,0xb7,0xc2,0xc1,0x7f,0xd0,0xdc,0xe5,0xa9,0x83,0x7b,0x7b,0x95,0x4a,0x36,0x93,0x4a,0x24,0x55,0x1e,0x00,0x04,0x00,0x00,0x00,0x00,0x00,0x00,0x00,0x00,0x00,0x00,0x00,0x00,0x00,0x00,0x00,0x00,0x00,0x00,0x00,0x00,0x00,0x00,0x00,0x00,0x00,0x00,0x00,0x00,0x00,0x00,0x00,0x00,0x00,0x00,0x00,
    0x00,0x00,0x00,0x00,0x00,0x00,0x00,0x00,0x00,0x00,0x00,0x00,0x00,0x00,0x00,0x00,0x00,0x00,0x00,0x00,0x00,0x00,0x00,0x00,0x00,0x00,0x00,0x00,0x00,0x00,0x00,0x00,0x00,0x00,0x00,0x00,0x00,0x00,0x00,0x00,0x17,0x00,0x00,0x3d,0x2f,0x8c,0x16,0xca,0x88,0x7b,0x7b,0x8a,0x83,0xa9,0xf3,0xa3,0xbb,0x9f,0x76,0x1d,0x8f,0x8f,0xbf,0xfa,0xc6,0xe6,0xf3,0xcb,0xc6,0x7a,0x9d,0xa0,0x81,0x81,0x81,0x80,0x81,0x8d,0x93,0x8f,0xbf,0x7a,0xf6,0xf3,0xe8,0xcf,0xac,0xb9,0xb7,0x8f,0x32,0xa2,0xbb,0xcf,0xe8,0x90,0x88,0x8a,0x78,0xbe,0x16,0x61,0x36,0x33,0x9d,0x5f,0x39,0x05,0x3b,0x00,0x00,0x00,0x00,0x00,0x00,0x00,0x00,0x00,0x00,0x00,0x00,0x00,0x00,0x00,0x00,0x00,0x00,0x00,0x00,0x00,0x00,0x00,0x00,0x00,0x00,0x00,0x00,0x00,0x00,0x00,0x00,0x00,0x00,0x00,
    0x00,0x00,0x00,0x00,0x00,0x00,0x00,0x00,0x00,0x00,0x00,0x00,0x00,0x00,0x00,0x00,0x00,0x00,0x00,0x00,0x00,0x00,0x00,0x00,0x00,0x00,0x00,0x00,0x00,0x00,0x00,0x00,0x00,0x00,0x00,0x00,0x00,0x00,0x17,0x04,0x00,0x05,0x3e,0x2a,0x84,0x84,0x97,0xca,0x8a,0x7b,0x85,0x83,0x8c,0xa5,0xda,0xda,0xb9,0x8f,0x32,0xbb,0x8f,0x8f,0xc1,0xde,0xf0,0xcd,0xcd,0xfe,0xf0,0xdb,0xa7,0x8f,0x93,0x93,0x81,0x81,0x81,0x81,0x9f,0xc2,0xb3,0xbd,0xf0,0xc6,0xcd,0xfe,0xbc,0xdf,0x96,0x96,0xc5,0xae,0xc1,0xac,0x63,0xaf,0xa9,0x90,0x78,0x78,0xca,0x24,0x20,0x62,0x24,0xab,0x1b,0x2b,0x00,0x05,0x00,0x00,0x00,0x00,0x00,0x00,0x00,0x00,0x00,0x00,0x00,0x00,0x00,0x00,0x00,0x00,0x00,0x00,0x00,0x00,0x00,0x00,0x00,0x00,0x00,0x00,0x00,0x00,0x00,0x00,0x00,0x00,0x00,0x00,
    0x00,0x00,0x00,0x00,0x00,0x00,0x00,0x00,0x00,0x00,0x00,0x00,0x00,0x00,0x00,0x00,0x00,0x00,0x00,0x00,0x00,0x00,0x00,0x00,0x00,0x00,0x00,0x00,0x00,0x00,0x00,0x00,0x00,0x00,0x00,0x00,0x04,0x02,0x00,0x04,0x23,0x42,0x29,0xce,0x85,0x90,0x78,0x78,0x78,0x78,0x78,0x85,0x99,0xdf,0xae,0x9e,0xbf,0x9a,0x96,0x9d,0x93,0x8f,0x9a,0xa8,0xf5,0xf5,0xf5,0xee,0xfe,0xeb,0xc2,0x81,0x80,0x88,0x74,0x88,0x88,0x74,0x9f,0x96,0xaa,0xbd,0xf5,0xf5,0xf5,0xee,0xe6,0x5e,0x8f,0xb7,0x9d,0x81,0xbf,0xc9,0xc9,0x18,0x99,0x78,0x7e,0x83,0x8c,0xab,0x57,0x1e,0x5a,0x24,0xab,0x36,0x2b,0x00,0x03,0x00,0x00,0x00,0x00,0x00,0x00,0x00,0x00,0x00,0x00,0x00,0x00,0x00,0x00,0x00,0x00,0x00,0x00,0x00,0x00,0x00,0x00,0x00,0x00,0x00,0x00,0x00,0x00,0x00,0x00,0x00,0x00,0x00,
    0x00,0x00,0x00,0x00,0x00,0x00,0x00,0x00,0x00,0x00,0x00,0x00,0x00,0x00,0x00,0x00,0x00,0x00,0x00,0x00,0x00,0x00,0x00,0x00,0x00,0x00,0x00,0x00,0x00,0x00,0x00,0x00,0x00,0x00,0x00,0x04,0x00,0x04,0x55,0x42,0x3c,0x41,0x8d,0x84,0x85,0x7e,0x7e,0x78,0x78,0x78,0x90,0xa9,0x32,0x2c,0xf1,0xcc,0xc5,0xb4,0x8f,0x93,0x93,0x93,0x8f,0x32,0xbb,0xb7,0xb7,0xff,0xdf,0x9a,0x8c,0x83,0x7b,0x7b,0x7b,0x7b,0x7b,0x80,0x93,0x93,0x93,0xb3,0x5e,0xb7,0xb7,0x5e,0xbb,0x93,0x93,0x9f,0x96,0xb0,0x1f,0xe9,0xa3,0xfc,0x97,0x74,0x7b,0x7b,0x95,0xa7,0x29,0x62,0x1e,0x24,0x9a,0x6c,0x35,0x00,0x03,0x00,0x00,0x00,0x00,0x00,0x00,0x00,0x00,0x00,0x00,0x00,0x00,0x00,0x00,0x00,0x00,0x00,0x00,0x00,0x00,0x00,0x00,0x00,0x00,0x00,0x00,0x00,0x00,0x00,0x00,0x00,0x00,0x00,
    0x00,0x00,0x00,0x00,0x00,0x00,0x00,0x00,0x00,0x00,0x00,0x00,0x00,0x00,0x00,0x00,0x00,0x00,0x00,0x00,0x00,0x00,0x00,0x00,0x00,0x00,0x00,0x00,0x00,0x00,0x00,0x00,0x00,0x00,0x04,0x00,0x1e,0x47,0x30,0x41,0x8d,0x8f,0x94,0x83,0x7b,0x7b,0x7b,0x85,0x78,0x90,0x94,0x2f,0xa3,0xa3,0x1f,0xb9,0xd2,0xd6,0x93,0x88,0x7b,0x92,0x9f,0xa7,0xe5,0xc1,0xbb,0xbb,0xee,0xc2,0x81,0x81,0x80,0x74,0x7b,0x74,0x7b,0x80,0x8d,0x93,0x96,0xb7,0xbb,0xbb,0xc1,0xc1,0x9d,0x81,0x92,0xb6,0x94,0xab,0xc5,0xcc,0xda,0xb1,0xaa,0xc0,0x74,0x84,0x7b,0x94,0x2f,0x33,0x21,0x48,0x5d,0x9a,0x35,0x00,0x05,0x00,0x00,0x00,0x00,0x00,0x00,0x00,0x00,0x00,0x00,0x00,0x00,0x00,0x00,0x00,0x00,0x00,0x00,0x00,0x00,0x00,0x00,0x00,0x00,0x00,0x00,0x00,0x00,0x00,0x00,0x00,0x00,0x00,
    0x00,0x00,0x00,0x00,0x00,0x00,0x00,0x00,0x00,0x00,0x00,0x00,0x00,0x00,0x00,0x00,0x00,0x00,0x00,0x00,0x00,0x00,0x00,0x00,0x00,0x00,0x00,0x00,0x00,0x00,0x00,0x00,0x00,0x04,0x00,0x40,0x5a,0x5b,0x81,0x94,0x7b,0x95,0x84,0x7b,0x7b,0x7b,0x7b,0x7e,0x90,0x8a,0x90,0xe8,0xa3,0xdd,0x2e,0xed,0xaf,0xaf,0xa7,0x8c,0x92,0x92,0xb6,0xb0,0xb0,0x9a,0xce,0x8d,0x96,0x8d,0x93,0x8d,0x80,0x88,0x83,0x92,0x74,0x7b,0x80,0x80,0x74,0x84,0x94,0x92,0xb0,0xaf,0xab,0xb6,0xb6,0x74,0x9f,0xfb,0xd6,0xcc,0xe7,0xf1,0xda,0x99,0x95,0x7b,0x85,0x90,0x2f,0x3f,0x35,0x51,0xa1,0xce,0x35,0x00,0x05,0x00,0x00,0x00,0x00,0x00,0x00,0x00,0x00,0x00,0x00,0x00,0x00,0x00,0x00,0x00,0x00,0x00,0x00,0x00,0x00,0x00,0x00,0x00,0x00,0x00,0x00,0x00,0x00,0x00,0x00,0x00,0x00,0x00,
    0x00,0x00,0x00,0x00,0x00,0x00,0x00,0x00,0x00,0x00,0x00,0x00,0x00,0x00,0x00,0x00,0x00,0x00,0x00,0x00,0x00,0x00,0x00,0x00,0x00,0x00,0x00,0x00,0x00,0x00,0x00,0x00,0x00,0x03,0x08,0x3d,0x5b,0x9f,0x84,0x83,0x7b,0x7b,0x7b,0x7b,0x7b,0x7b,0x7b,0x85,0x84,0x78,0xef,0x9c,0xf1,0xd9,0xe0,0x2e,0xe4,0x0d,0xb0,0x96,0x92,0x92,0xb6,0xb6,0x92,0xc4,0xc4,0x83,0x83,0x74,0x74,0x74,0x7b,0x7b,0x83,0xc4,0x7b,0x7b,0x7b,0x7b,0x7b,0x7b,0xca,0x92,0xc4,0x92,0xc4,0x92,0x83,0x94,0xb0,0xd6,0xfb,0xdd,0xd9,0xfb,0xa3,0xc1,0xbe,0x90,0x90,0x90,0x78,0x2f,0x35,0x3c,0x94,0xa1,0x24,0x00,0x05,0x00,0x00,0x00,0x00,0x00,0x00,0x00,0x00,0x00,0x00,0x00,0x00,0x00,0x00,0x00,0x00,0x00,0x00,0x00,0x00,0x00,0x00,0x00,0x00,0x00,0x00,0x00,0x00,0x00,0x00,0x00,0x00,0x00,
    0x00,0x00,0x00,0x00,0x00,0x00,0x00,0x00,0x00,0x00,0x00,0x00,0x00,0x00,0x00,0x00,0x00,0x00,0x00,0x00,0x00,0x00,0x00,0x00,0x00,0x00,0x00,0x00,0x00,0x00,0x00,0x00,0x02,0x04,0x38,0x46,0xa1,0x8a,0x83,0x74,0x7b,0x7b,0x74,0x7b,0x7b,0x7b,0x7b,0x74,0x99,0xef,0xa6,0xb1,0x1d,0xd6,0xdd,0xe9,0x2e,0xd5,0x2e,0x9f,0xc4,0x92,0x92,0xb6,0x92,0x92,0x92,0x74,0x7b,0x7b,0x7b,0x7b,0x7b,0x83,0x95,0x94,0x74,0x7b,0x7b,0x7b,0x7b,0x7b,0x7b,0x92,0x92,0x92,0x92,0x92,0x92,0xa0,0xe7,0xd4,0x2e,0x2e,0x2e,0x9a,0xa3,0xac,0x9e,0x85,0x78,0x7e,0x85,0x74,0x5b,0x5d,0x94,0xa1,0x3e,0x00,0x05,0x00,0x00,0x00,0x00,0x00,0x00,0x00,0x00,0x00,0x00,0x00,0x00,0x00,0x00,0x00,0x00,0x00,0x00,0x00,0x00,0x00,0x00,0x00,0x00,0x00,0x00,0x00,0x00,0x00,0x00,0x00,0x00,0x00,
    0x00,0x00,0x00,0x00,0x00,0x00,0x00,0x00,0x00,0x00,0x00,0x00,0x00,0x00,0x00,0x00,0x00,0x00,0x00,0x00,0x00,0x00,0x00,0x00,0x00,0x00,0x00,0x00,0x00,0x00,0x00,0x00,0x17,0x00,0x4b,0x9a,0x83,0x7e,0x78,0x78,0x7e,0x7e,0xca,0x85,0x85,0x85,0x83,0x98,0x32,0xb1,0xe2,0xc8,0xc1,0xa0,0xaf,0xbf,0xb5,0xdd,0xe9,0xab,0x80,0x92,0x92,0x92,0x92,0x92,0x83,0x74,0x88,0x80,0x81,0x8d,0x81,0x8d,0xce,0xae,0x9f,0x74,0x7b,0x7b,0x7b,0x7b,0x7b,0x7b,0x92,0x92,0x92,0x92,0xc4,0xce,0xb5,0xed,0xe9,0xc5,0xb7,0xff,0xcf,0xcf,0xaa,0x98,0x83,0x7b,0x7b,0x74,0x83,0x9e,0x7b,0x9e,0x3d,0x00,0x17,0x00,0x00,0x00,0x00,0x00,0x00,0x00,0x00,0x00,0x00,0x00,0x00,0x00,0x00,0x00,0x00,0x00,0x00,0x00,0x00,0x00,0x00,0x00,0x00,0x00,0x00,0x00,0x00,0x00,0x00,0x00,0x00,0x00,
    0x00,0x00,0x00,0x00,0x00,0x00,0x00,0x00,0x00,0x00,0x00,0x00,0x00,0x00,0x00,0x00,0x00,0x00,0x00,0x00,0x00,0x00,0x00,0x00,0x00,0x00,0x00,0x00,0x00,0x00,0x00,0x00,0x03,0x00,0x21,0x9a,0x95,0x74,0x8a,0x8a,0x97,0xe3,0x78,0x78,0x78,0x90,0x99,0x16,0xa3,0x9b,0x9b,0xc8,0xac,0xb4,0xc2,0xae,0xc5,0x0d,0x8d,0x14,0xa7,0x8d,0xc4,0xc4,0x92,0xc4,0x74,0x7b,0x80,0x80,0x81,0x81,0x81,0xa7,0xed,0x2e,0xd2,0x96,0x81,0x81,0x88,0x74,0x7b,0x7b,0x7b,0xc4,0x92,0xb6,0x81,0x14,0x9d,0xb4,0x1f,0x8f,0xa0,0xf6,0xcf,0xcf,0xe5,0x98,0x83,0x84,0xa9,0x8c,0xb6,0xd6,0xa1,0x1b,0x37,0x00,0x03,0x00,0x00,0x00,0x00,0x00,0x00,0x00,0x00,0x00,0x00,0x00,0x00,0x00,0x00,0x00,0x00,0x00,0x00,0x00,0x00,0x00,0x00,0x00,0x00,0x00,0x00,0x00,0x00,0x00,0x00,0x00,0x00,0x00,
    0x00,0x00,0x00,0x00,0x00,0x00,0x00,0x00,0x00,0x00,0x00,0x00,0x00,0x00,0x00,0x00,0x00,0x00,0x00,0x00,0x00,0x00,0x00,0x00,0x00,0x00,0x00,0x00,0x00,0x00,0x00,0x00,0x03,0x00,0x52,0xa5,0x8c,0xa1,0xa1,0xa1,0xc5,0xb0,0x99,0x78,0x7e,0x7e,0xbe,0xef,0x9c,0xa6,0x9b,0xc8,0xc7,0xcf,0xe5,0xb4,0xcc,0xc2,0x96,0x32,0xdf,0x8d,0x8c,0x83,0x83,0x7b,0x7b,0x7b,0x7b,0x7b,0x7b,0x83,0x80,0xa7,0xc9,0xdd,0xb4,0x8f,0x93,0x93,0x81,0x80,0x80,0x88,0x74,0x74,0x9f,0xc2,0x1d,0xc5,0x8f,0x9d,0x1f,0x0d,0xdf,0xdc,0xc8,0xc8,0xe8,0x99,0x7b,0x74,0x74,0x74,0xca,0x1f,0x24,0x34,0x00,0x05,0x00,0x00,0x00,0x00,0x00,0x00,0x00,0x00,0x00,0x00,0x00,0x00,0x00,0x00,0x00,0x00,0x00,0x00,0x00,0x00,0x00,0x00,0x00,0x00,0x00,0x00,0x00,0x00,0x00,0x00,0x00,0x00,0x00,0x00,
    0x00,0x00,0x00,0x00,0x00,0x00,0x00,0x00,0x00,0x00,0x00,0x00,0x00,0x00,0x00,0x00,0x00,0x00,0x00,0x00,0x00,0x00,0x00,0x00,0x00,0x00,0x00,0x00,0x00,0x00,0x00,0x00,0x03,0x00,0x52,0x4a,0x2f,0x3f,0x54,0x49,0xa5,0x98,0x83,0x7b,0x7b,0x95,0x9e,0x2c,0x9b,0xa6,0x91,0xc8,0xc7,0xc8,0xcf,0xd1,0xf2,0xf6,0xa3,0xdc,0xac,0xd7,0x9a,0xa0,0x8c,0x7b,0x83,0x83,0x7b,0x7b,0x7b,0x80,0xb7,0x8d,0x80,0xa7,0x8d,0x81,0x81,0x80,0x74,0x74,0x7b,0x83,0x88,0x96,0xa0,0x32,0xac,0x31,0xfc,0xd0,0xcc,0xac,0xdc,0xb1,0xa3,0xc8,0x31,0x90,0x84,0x7b,0x7b,0x7b,0x95,0xa1,0x24,0x21,0x05,0x03,0x00,0x00,0x00,0x00,0x00,0x00,0x00,0x00,0x00,0x00,0x00,0x00,0x00,0x00,0x00,0x00,0x00,0x00,0x00,0x00,0x00,0x00,0x00,0x00,0x00,0x00,0x00,0x00,0x00,0x00,0x00,0x00,0x00,0x00,
    0x00,0x00,0x00,0x00,0x00,0x00,0x00,0x00,0x00,0x00,0x00,0x00,0x00,0x00,0x00,0x00,0x00,0x00,0x00,0x00,0x00,0x00,0x00,0x00,0x00,0x00,0x00,0x00,0x00,0x00,0x00,0x00,0x03,0x00,0x21,0x18,0x2a,0x45,0x54,0x46,0x95,0x83,0x7b,0x99,0x8a,0x98,0x18,0xb1,0xa6,0x9b,0x91,0xb1,0xcf,0xcf,0xd1,0xfd,0xf9,0xe1,0xac,0xcf,0xdc,0xc7,0xac,0xb3,0xb0,0x8c,0xa0,0x94,0x88,0x83,0x83,0x7b,0x74,0x7b,0x7b,0x84,0x83,0x83,0x83,0x83,0x83,0x7b,0x8c,0x94,0x84,0xaa,0xd7,0xe1,0xcf,0xb1,0xdc,0xf2,0xf7,0xc7,0xb1,0xa6,0xb1,0x9c,0xe8,0x90,0x88,0x7e,0x78,0x85,0x7e,0x98,0x1b,0x37,0x02,0x03,0x00,0x00,0x00,0x00,0x00,0x00,0x00,0x00,0x00,0x00,0x00,0x00,0x00,0x00,0x00,0x00,0x00,0x00,0x00,0x00,0x00,0x00,0x00,0x00,0x00,0x00,0x00,0x00,0x00,0x00,0x00,0x00,0x00,0x00,
    0x00,0x00,0x00,0x00,0x00,0x00,0x00,0x00,0x00,0x00,0x00,0x00,0x00,0x00,0x00,0x00,0x00,0x00,0x00,0x00,0x00,0x00,0x00,0x00,0x00,0x00,0x00,0x00,0x00,0x00,0x00,0x00,0x03,0x00,0x21,0x4c,0x36,0x23,0x24,0xa4,0x85,0x7e,0xbe,0xb3,0xba,0xc0,0xe5,0xb1,0x9b,0x8b,0x8e,0xb1,0xb1,0xa3,0xf2,0xf9,0xf4,0xf9,0xf2,0xc8,0xdc,0xc7,0xc7,0xdc,0xa3,0xf1,0x5e,0x9d,0x88,0xa0,0x94,0x8c,0x95,0x74,0x74,0x7b,0x84,0x95,0x8c,0x94,0x94,0x7b,0xaf,0xbb,0xd7,0xac,0xc7,0xc7,0xcf,0xda,0xf8,0xf4,0xf4,0xf8,0xfd,0x8b,0xb1,0xa6,0xe8,0x8a,0x7b,0x78,0x7e,0x84,0xca,0xaf,0x29,0x3e,0x00,0x05,0x00,0x00,0x00,0x00,0x00,0x00,0x00,0x00,0x00,0x00,0x00,0x00,0x00,0x00,0x00,0x00,0x00,0x00,0x00,0x00,0x00,0x00,0x00,0x00,0x00,0x00,0x00,0x00,0x00,0x00,0x00,0x00,0x00,0x00,
    0x00,0x00,0x00,0x00,0x00,0x00,0x00,0x00,0x00,0x00,0x00,0x00,0x00,0x00,0x00,0x00,0x00,0x00,0x00,0x00,0x00,0x00,0x00,0x00,0x00,0x00,0x00,0x00,0x00,0x00,0x00,0x00,0x03,0x02,0x38,0x4c,0x33,0x47,0x46,0x7e,0x90,0x99,0xa5,0xa3,0x2c,0x9e,0x1d,0x9c,0x8e,0x8b,0x8e,0x9c,0xb1,0x91,0xda,0xf9,0xf4,0xf9,0xa3,0x8e,0xdc,0xc7,0xc7,0xc8,0x8b,0x9b,0xdc,0xac,0xf6,0xf1,0x14,0xaf,0xb6,0xca,0x83,0x83,0xca,0x92,0xb0,0x32,0xb3,0xdb,0xac,0x9c,0xcf,0xc7,0xc7,0xc7,0xc8,0x8b,0xf2,0xf4,0xf4,0xf7,0x31,0x86,0x2c,0xb1,0xe5,0x98,0x83,0x85,0x83,0x8c,0x4a,0xb5,0x4c,0x54,0x40,0x00,0x04,0x00,0x00,0x00,0x00,0x00,0x00,0x00,0x00,0x00,0x00,0x00,0x00,0x00,0x00,0x00,0x00,0x00,0x00,0x00,0x00,0x00,0x00,0x00,0x00,0x00,0x00,0x00,0x00,0x00,0x00,0x00,0x00,0x00,
    0x00,0x00,0x00,0x00,0x00,0x00,0x00,0x00,0x00,0x00,0x00,0x00,0x00,0x00,0x00,0x00,0x00,0x00,0x00,0x00,0x00,0x00,0x00,0x00,0x00,0x00,0x00,0x00,0x00,0x00,0x00,0x00,0x04,0x02,0x38,0x67,0x49,0x70,0x66,0x7e,0x7e,0xa9,0xe5,0x9b,0x91,0xfc,0x18,0x9c,0x8e,0x8b,0x8e,0x9b,0xb1,0x91,0x31,0xf8,0xf7,0xf8,0x31,0x8b,0xdc,0xc7,0xac,0xac,0xd1,0xd1,0xe1,0xec,0xac,0xac,0xe1,0x2e,0xe0,0xd4,0xd5,0xd5,0xd4,0xdd,0xac,0xac,0xec,0xec,0xd1,0xc8,0xac,0xac,0xc7,0xc7,0xb1,0x8b,0xf2,0xf8,0xf7,0xf7,0x9c,0x9c,0xd1,0xa3,0x9e,0x84,0x7b,0x74,0x83,0x8c,0x14,0x58,0x58,0x25,0x05,0x02,0x00,0x00,0x00,0x00,0x00,0x00,0x00,0x00,0x00,0x00,0x00,0x00,0x00,0x00,0x00,0x00,0x00,0x00,0x00,0x00,0x00,0x00,0x00,0x00,0x00,0x00,0x00,0x00,0x00,0x00,0x00,0x00,0x00,0x00,
    0x00,0x00,0x00,0x00,0x00,0x00,0x00,0x00,0x00,0x00,0x00,0x00,0x00,0x00,0x00,0x00,0x00,0x00,0x00,0x00,0x00,0x00,0x00,0x00,0x00,0x00,0x00,0x00,0x00,0x00,0x00,0x00,0x00,0x04,0x05,0x2b,0x56,0x65,0x3f,0xa1,0x95,0x98,0xe5,0x9b,0xe2,0x91,0x31,0xb1,0x91,0x86,0x86,0x8b,0x9c,0x91,0x31,0xda,0xa6,0xda,0x31,0x9b,0xdc,0xec,0x77,0x77,0x7c,0x7f,0x7c,0x7c,0x75,0x79,0x7a,0xd9,0xea,0xd5,0xd5,0xd4,0xd5,0xd9,0x79,0x7a,0x77,0x77,0x7c,0x7f,0x7c,0x75,0xec,0xac,0xb1,0x9b,0xfd,0xb1,0x9c,0xfd,0x9c,0x31,0xb3,0xaa,0x98,0x98,0x74,0x83,0x7b,0x8a,0x2f,0x36,0x3a,0x0b,0x13,0x01,0x02,0x00,0x00,0x00,0x00,0x00,0x00,0x00,0x00,0x00,0x00,0x00,0x00,0x00,0x00,0x00,0x00,0x00,0x00,0x00,0x00,0x00,0x00,0x00,0x00,0x00,0x00,0x00,0x00,0x00,0x00,0x00,0x00,0x00,
    0x00,0x00,0x00,0x00,0x00,0x00,0x00,0x00,0x00,0x00,0x00,0x00,0x00,0x00,0x00,0x00,0x00,0x00,0x00,0x00,0x00,0x00,0x00,0x00,0x00,0x00,0x00,0x00,0x00,0x00,0x00,0x00,0x00,0x00,0x00,0x01,0x05,0x4e,0x46,0x9a,0x97,0xa9,0xbb,0xa6,0x91,0x8e,0x86,0x9b,0x8e,0x8e,0x8e,0x86,0x9c,0x8b,0x8e,0x91,0x91,0x8e,0x9b,0x8b,0xe1,0x7c,0x73,0x7a,0x79,0x77,0x77,0x75,0x75,0x77,0x7f,0xdd,0xd5,0xd4,0xd4,0xe0,0xd4,0x2e,0x7f,0x77,0x75,0x75,0x75,0x75,0x75,0x75,0x7f,0x87,0xa6,0x8b,0x8b,0x8e,0x8e,0x91,0x9c,0x1d,0xc0,0x98,0xa4,0xc5,0x97,0x7e,0x78,0x90,0x90,0x18,0x60,0x60,0x65,0x00,0x08,0x00,0x00,0x00,0x00,0x00,0x00,0x00,0x00,0x00,0x00,0x00,0x00,0x00,0x00,0x00,0x00,0x00,0x00,0x00,0x00,0x00,0x00,0x00,0x00,0x00,0x00,0x00,0x00,0x00,0x00,0x00,0x00,0x00,
    0x00,0x00,0x00,0x00,0x00,0x00,0x00,0x00,0x00,0x00,0x00,0x00,0x00,0x00,0x00,0x00,0x00,0x00,0x00,0x00,0x00,0x00,0x00,0x00,0x00,0x00,0x00,0x00,0x00,0x00,0x00,0x00,0x00,0x00,0x00,0x00,0x03,0x00,0x3e,0x2a,0xba,0x9e,0x1d,0x9c,0x91,0x8b,0x86,0x86,0x86,0x86,0x86,0x91,0x8b,0x8b,0x86,0x86,0x8b,0x8e,0x8e,0xd1,0x7a,0x7d,0x7d,0x77,0x7c,0x75,0x75,0x75,0x77,0x7f,0xa2,0x16,0xd5,0xe0,0xe0,0xe0,0xd5,0xe4,0xa2,0x7f,0x75,0x75,0x75,0x75,0x75,0x77,0x75,0x75,0x9c,0x91,0x8b,0x86,0x8b,0x91,0x2c,0x97,0x94,0xa4,0xda,0xcf,0xc1,0x99,0x90,0x90,0x78,0xca,0x61,0x5a,0x08,0x03,0x00,0x00,0x00,0x00,0x00,0x00,0x00,0x00,0x00,0x00,0x00,0x00,0x00,0x00,0x00,0x00,0x00,0x00,0x00,0x00,0x00,0x00,0x00,0x00,0x00,0x00,0x00,0x00,0x00,0x00,0x00,0x00,0x00,0x00,
    0x00,0x00,0x00,0x00,0x00,0x00,0x00,0x00,0x00,0x00,0x00,0x00,0x00,0x00,0x00,0x00,0x00,0x00,0x00,0x00,0x00,0x00,0x00,0x00,0x00,0x00,0x00,0x00,0x00,0x00,0x00,0x00,0x00,0x00,0x00,0x03,0x04,0x2b,0x47,0x36,0x46,0x14,0xb0,0x2c,0x91,0x8b,0x86,0x86,0x86,0x86,0x86,0x91,0x86,0x9c,0x86,0x8b,0x8e,0x9b,0xe1,0x75,0x76,0x7a,0x73,0x73,0x79,0x79,0x77,0x77,0x7f,0xbf,0x92,0x74,0x83,0xb6,0xd5,0xea,0x7b,0x8c,0x9e,0xed,0x79,0x77,0x73,0x76,0x73,0x73,0x73,0x79,0x89,0xa6,0x8e,0x8b,0x86,0x8e,0x31,0x97,0x98,0xef,0xc8,0x9b,0xa3,0x4a,0x8c,0x83,0x7b,0x84,0x1b,0x53,0x21,0x05,0x02,0x00,0x00,0x00,0x00,0x00,0x00,0x00,0x00,0x00,0x00,0x00,0x00,0x00,0x00,0x00,0x00,0x00,0x00,0x00,0x00,0x00,0x00,0x00,0x00,0x00,0x00,0x00,0x00,0x00,0x00,0x00,0x00,0x00,
    0x00,0x00,0x00,0x00,0x00,0x00,0x00,0x00,0x00,0x00,0x00,0x00,0x00,0x00,0x00,0x00,0x00,0x00,0x00,0x00,0x00,0x00,0x00,0x00,0x00,0x00,0x00,0x00,0x00,0x00,0x00,0x00,0x00,0x00,0x01,0x00,0x2d,0x27,0x4f,0x67,0x53,0x67,0xc1,0x9c,0x91,0x8b,0x86,0x86,0x86,0x86,0x86,0x91,0x86,0x9c,0x8e,0x8b,0x91,0x63,0x7c,0x79,0x77,0x79,0x79,0x7a,0x76,0x76,0x76,0x73,0x79,0x1c,0x18,0x96,0x95,0x74,0x83,0xc4,0x92,0x88,0x9a,0xb5,0x75,0x77,0x73,0x76,0x76,0x76,0x76,0x7d,0x75,0xe1,0x8e,0x86,0x8b,0x91,0x2c,0x16,0xbe,0x31,0x9b,0xa6,0x9c,0xf3,0x98,0x83,0x7e,0x7e,0x9e,0x51,0x48,0x00,0x03,0x00,0x00,0x00,0x00,0x00,0x00,0x00,0x00,0x00,0x00,0x00,0x00,0x00,0x00,0x00,0x00,0x00,0x00,0x00,0x00,0x00,0x00,0x00,0x00,0x00,0x00,0x00,0x00,0x00,0x00,0x00,0x00,0x00,
    0x00,0x00,0x00,0x00,0x00,0x00,0x00,0x00,0x00,0x00,0x00,0x00,0x00,0x00,0x00,0x00,0x00,0x00,0x00,0x00,0x00,0x00,0x00,0x00,0x00,0x00,0x00,0x00,0x00,0x00,0x00,0x00,0x00,0x00,0x08,0x00,0x11,0x12,0x0c,0x3a,0x6e,0x50,0xa3,0xe2,0x91,0x8e,0x86,0x86,0x86,0x86,0x86,0x8e,0x8e,0x86,0x8b,0x91,0x9c,0x77,0x75,0x75,0x75,0x7a,0x76,0x73,0x73,0x76,0x76,0x76,0x7d,0x79,0x7c,0xb3,0x0d,0x92,0xb6,0xea,0xb6,0xd2,0xa2,0x7f,0x77,0x77,0x7a,0x73,0x73,0x79,0x77,0x73,0x72,0x79,0x2c,0x91,0x8b,0x8e,0x9b,0xef,0x97,0xe8,0x8e,0x9b,0xa6,0xef,0x99,0x83,0x99,0x99,0x95,0xce,0x3f,0x00,0x05,0x00,0x00,0x00,0x00,0x00,0x00,0x00,0x00,0x00,0x00,0x00,0x00,0x00,0x00,0x00,0x00,0x00,0x00,0x00,0x00,0x00,0x00,0x00,0x00,0x00,0x00,0x00,0x00,0x00,0x00,0x00,0x00,0x00,
    0x00,0x00,0x00,0x00,0x00,0x00,0x00,0x00,0x00,0x00,0x00,0x00,0x00,0x00,0x00,0x00,0x00,0x00,0x00,0x00,0x00,0x00,0x00,0x00,0x00,0x00,0x00,0x00,0x00,0x00,0x00,0x00,0x00,0x00,0x03,0x00,0x1a,0x4f,0xd1,0x59,0x59,0xa6,0x91,0x91,0x91,0x8e,0x8b,0x86,0x86,0x86,0x86,0x86,0x86,0x86,0x8b,0x91,0xa3,0x7c,0x75,0x75,0x77,0x75,0x76,0x76,0x76,0x73,0x7a,0x7a,0x76,0x7d,0x7d,0x7f,0xb5,0xb6,0x97,0xea,0xc9,0x82,0x79,0x73,0x75,0x75,0x77,0x79,0x79,0x75,0x75,0x77,0x79,0x7c,0xd1,0x91,0x8b,0x86,0x8e,0xa6,0xef,0xda,0x8e,0x8e,0x8b,0xda,0xc5,0x95,0x9a,0x9a,0xd6,0x49,0x48,0x00,0x03,0x00,0x00,0x00,0x00,0x00,0x00,0x00,0x00,0x00,0x00,0x00,0x00,0x00,0x00,0x00,0x00,0x00,0x00,0x00,0x00,0x00,0x00,0x00,0x00,0x00,0x00,0x00,0x00,0x00,0x00,0x00,0x00,0x00,
    0x00,0x00,0x00,0x00,0x00,0x00,0x00,0x00,0x00,0x00,0x00,0x00,0x00,0x00,0x00,0x00,0x00,0x00,0x00,0x00,0x00,0x00,0x00,0x00,0x00,0x00,0x00,0x00,0x00,0x00,0x00,0x00,0x00,0x00,0x00,0x04,0x00,0x3a,0x59,0x9b,0x91,0x91,0x8b,0x8b,0x8b,0x8e,0x91,0x8b,0x86,0x86,0x86,0x91,0x8e,0x9b,0x8b,0x91,0xa3,0x7c,0x7a,0x76,0x76,0x7a,0x79,0x79,0x73,0x79,0x75,0x75,0x77,0x77,0x76,0x7d,0x76,0xc1,0xa0,0x9a,0xb5,0xb9,0x76,0x79,0x75,0x7a,0x73,0x79,0x75,0x75,0x75,0x75,0x79,0x7c,0xe1,0x8e,0x8b,0x86,0x8b,0x8e,0x8b,0x2c,0x8b,0x8e,0x8e,0x9c,0xe5,0xc0,0x18,0x33,0x35,0x56,0x40,0x04,0x02,0x00,0x00,0x00,0x00,0x00,0x00,0x00,0x00,0x00,0x00,0x00,0x00,0x00,0x00,0x00,0x00,0x00,0x00,0x00,0x00,0x00,0x00,0x00,0x00,0x00,0x00,0x00,0x00,0x00,0x00,0x00,0x00,0x00,
    0x00,0x00,0x00,0x00,0x00,0x00,0x00,0x00,0x00,0x00,0x00,0x00,0x00,0x00,0x00,0x00,0x00,0x00,0x00,0x00,0x00,0x00,0x00,0x00,0x00,0x00,0x00,0x00,0x00,0x00,0x00,0x00,0x00,0x00,0x00,0x02,0x03,0x08,0x6e,0x59,0x9c,0x8e,0x91,0x91,0x91,0x9b,0x2c,0x8e,0x86,0x86,0x86,0x8e,0x8b,0xa3,0x86,0xe2,0x31,0x79,0x82,0x87,0x76,0x76,0x76,0x75,0x75,0x75,0x75,0x75,0x79,0x7c,0x77,0x7d,0x73,0x75,0xb5,0x1c,0x79,0x73,0x7a,0x7f,0x7c,0x77,0x75,0x75,0x7c,0x75,0x75,0x7a,0x76,0x73,0x79,0xb1,0x9b,0xa6,0x8e,0x8b,0x8e,0x91,0x9b,0xa6,0x8e,0x9c,0x5e,0x8a,0x3f,0x62,0x4e,0x04,0x00,0x00,0x00,0x00,0x00,0x00,0x00,0x00,0x00,0x00,0x00,0x00,0x00,0x00,0x00,0x00,0x00,0x00,0x00,0x00,0x00,0x00,0x00,0x00,0x00,0x00,0x00,0x00,0x00,0x00,0x00,0x00,0x00,0x00,0x00,0x00,
    0x00,0x00,0x00,0x00,0x00,0x00,0x00,0x00,0x00,0x00,0x00,0x00,0x00,0x00,0x00,0x00,0x00,0x00,0x00,0x00,0x00,0x00,0x00,0x00,0x00,0x00,0x00,0x00,0x00,0x00,0x00,0x00,0x00,0x00,0x00,0x00,0x02,0x03,0x13,0x6e,0x50,0x69,0x31,0xc8,0x2c,0x6d,0xa3,0x91,0x8b,0x86,0x8b,0x8e,0xa6,0xe8,0xa6,0x8e,0x89,0x76,0x76,0x7d,0x76,0x76,0x76,0x7a,0x77,0x75,0x75,0x75,0x7f,0x73,0x7a,0x7f,0x79,0x77,0x75,0x7a,0x77,0x75,0x7f,0xdb,0x89,0x7f,0x7c,0x7c,0x7d,0x7c,0x77,0x79,0x76,0x7d,0x77,0x63,0x8e,0x9c,0x8e,0x8b,0x8b,0x8e,0x9c,0xd1,0xa6,0x9b,0xe8,0x9e,0x24,0x25,0x00,0x05,0x02,0x00,0x00,0x00,0x00,0x00,0x00,0x00,0x00,0x00,0x00,0x00,0x00,0x00,0x00,0x00,0x00,0x00,0x00,0x00,0x00,0x00,0x00,0x00,0x00,0x00,0x00,0x00,0x00,0x00,0x00,0x00,0x00,0x00,0x00,0x00,
    0x00,0x00,0x00,0x00,0x00,0x00,0x00,0x00,0x00,0x00,0x00,0x00,0x00,0x00,0x00,0x00,0x00,0x00,0x00,0x00,0x00,0x00,0x00,0x00,0x00,0x00,0x00,0x00,0x00,0x00,0x00,0x00,0x00,0x00,0x00,0x00,0x00,0x02,0x00,0x00,0x25,0x19,0x25,0x3a,0x3a,0x59,0xa6,0x86,0x86,0x86,0x8b,0x8e,0xa6,0xf3,0x9c,0xd1,0x79,0x7d,0x79,0x7a,0x76,0x7a,0x73,0x76,0x76,0x73,0x75,0x79,0xd0,0xae,0x9d,0xb9,0x7f,0x75,0x7d,0x7d,0x7a,0x75,0x7c,0xb8,0x72,0x79,0x73,0xc1,0xb7,0xb4,0xae,0xb9,0x77,0x7d,0x7d,0x79,0x9c,0xa6,0x8e,0x86,0x8b,0x91,0x9b,0x69,0xb1,0x9b,0xa6,0xf1,0x54,0x4e,0x04,0x04,0x00,0x00,0x00,0x00,0x00,0x00,0x00,0x00,0x00,0x00,0x00,0x00,0x00,0x00,0x00,0x00,0x00,0x00,0x00,0x00,0x00,0x00,0x00,0x00,0x00,0x00,0x00,0x00,0x00,0x00,0x00,0x00,0x00,0x00,0x00,0x00,
    0x00,0x00,0x00,0x00,0x00,0x00,0x00,0x00,0x00,0x00,0x00,0x00,0x00,0x00,0x00,0x00,0x00,0x00,0x00,0x00,0x00,0x00,0x00,0x00,0x00,0x00,0x00,0x00,0x00,0x00,0x00,0x00,0x00,0x00,0x00,0x00,0x00,0x00,0x02,0x02,0x00,0x00,0x00,0x40,0x05,0x3a,0x69,0x8e,0x8b,0x8b,0x8b,0x8e,0x9c,0xa3,0xc8,0x72,0x76,0x76,0x73,0x75,0x7a,0x79,0x7a,0x76,0x76,0x7d,0x7c,0x14,0x8f,0x9f,0xce,0xc9,0xb9,0x7d,0x73,0x79,0x75,0x75,0x7c,0xb8,0x89,0xb9,0xab,0xc9,0xb4,0xce,0x8f,0xaa,0x77,0x7d,0x76,0x75,0x63,0xe1,0xa3,0x91,0x8b,0x8b,0xda,0x68,0x6d,0x68,0x91,0xa3,0x3a,0x1e,0x02,0x04,0x00,0x00,0x00,0x00,0x00,0x00,0x00,0x00,0x00,0x00,0x00,0x00,0x00,0x00,0x00,0x00,0x00,0x00,0x00,0x00,0x00,0x00,0x00,0x00,0x00,0x00,0x00,0x00,0x00,0x00,0x00,0x00,0x00,0x00,0x00,0x00,
    0x00,0x00,0x00,0x00,0x00,0x00,0x00,0x00,0x00,0x00,0x00,0x00,0x00,0x00,0x00,0x00,0x00,0x00,0x00,0x00,0x00,0x00,0x00,0x00,0x00,0x00,0x00,0x00,0x00,0x00,0x00,0x00,0x00,0x00,0x00,0x00,0x00,0x00,0x00,0x00,0x03,0x03,0x02,0x00,0x02,0x20,0x4f,0x2c,0x91,0x8e,0x8e,0xe2,0xda,0x63,0xe1,0x79,0x73,0x76,0x7d,0x79,0x77,0x75,0x7a,0x7d,0x7d,0x79,0xb9,0x80,0x8d,0x9a,0x9a,0xc4,0xab,0x1c,0x79,0x79,0x79,0x77,0x7c,0xb8,0xb8,0xa2,0xd2,0x9d,0xce,0x9a,0x81,0x9f,0x1c,0x7c,0x77,0x77,0x7c,0x73,0x68,0x9b,0x91,0x2c,0x50,0x25,0x43,0x69,0x9c,0x59,0x25,0x00,0x03,0x00,0x00,0x00,0x00,0x00,0x00,0x00,0x00,0x00,0x00,0x00,0x00,0x00,0x00,0x00,0x00,0x00,0x00,0x00,0x00,0x00,0x00,0x00,0x00,0x00,0x00,0x00,0x00,0x00,0x00,0x00,0x00,0x00,0x00,0x00,0x00,0x00,
    0x00,0x00,0x00,0x00,0x00,0x00,0x00,0x00,0x00,0x00,0x00,0x00,0x00,0x00,0x00,0x00,0x00,0x00,0x00,0x00,0x00,0x00,0x00,0x00,0x00,0x00,0x00,0x00,0x00,0x00,0x00,0x00,0x00,0x00,0x00,0x00,0x00,0x00,0x00,0x00,0x00,0x00,0x00,0x00,0x08,0x00,0x43,0x6d,0x2c,0xa6,0x9b,0x2c,0x50,0x4f,0x7a,0x79,0x75,0x79,0x79,0x7a,0x75,0x77,0x79,0x79,0x76,0x7f,0xd0,0xa0,0x83,0x95,0x9a,0xae,0xd0,0x7c,0x7d,0x76,0x76,0x76,0x79,0x89,0xdb,0x7c,0xc5,0xb0,0x16,0x7b,0x7b,0x8c,0xb5,0x7f,0x79,0x76,0x77,0x7a,0x0a,0x8b,0x31,0x43,0x25,0x19,0x6a,0xd1,0x59,0x25,0x00,0x03,0x00,0x00,0x00,0x00,0x00,0x00,0x00,0x00,0x00,0x00,0x00,0x00,0x00,0x00,0x00,0x00,0x00,0x00,0x00,0x00,0x00,0x00,0x00,0x00,0x00,0x00,0x00,0x00,0x00,0x00,0x00,0x00,0x00,0x00,0x00,0x00,0x00,0x00,
    0x00,0x00,0x00,0x00,0x00,0x00,0x00,0x00,0x00,0x00,0x00,0x00,0x00,0x00,0x00,0x00,0x00,0x00,0x00,0x00,0x00,0x00,0x00,0x00,0x00,0x00,0x00,0x00,0x00,0x00,0x00,0x00,0x00,0x00,0x00,0x00,0x00,0x00,0x00,0x00,0x00,0x00,0x00,0x00,0x02,0x01,0x13,0x3a,0x43,0x50,0x50,0x50,0x2d,0x0c,0x79,0x07,0x75,0x75,0x7c,0x77,0x73,0x72,0x82,0x79,0x73,0x79,0xd0,0x94,0x83,0x83,0x16,0xa1,0x14,0x75,0x7d,0x76,0x76,0x76,0x7a,0x89,0xa8,0x7f,0xb5,0x0d,0x16,0xb6,0x74,0x94,0xb5,0x75,0x79,0x76,0x7a,0x75,0x06,0x68,0x50,0x09,0x00,0x2d,0x43,0x43,0x25,0x00,0x01,0x00,0x00,0x00,0x00,0x00,0x00,0x00,0x00,0x00,0x00,0x00,0x00,0x00,0x00,0x00,0x00,0x00,0x00,0x00,0x00,0x00,0x00,0x00,0x00,0x00,0x00,0x00,0x00,0x00,0x00,0x00,0x00,0x00,0x00,0x00,0x00,0x00,0x00,0x00,
    0x00,0x00,0x00,0x00,0x00,0x00,0x00,0x00,0x00,0x00,0x00,0x00,0x00,0x00,0x00,0x00,0x00,0x00,0x00,0x00,0x00,0x00,0x00,0x00,0x00,0x00,0x00,0x00,0x00,0x00,0x00,0x00,0x00,0x00,0x00,0x00,0x00,0x00,0x00,0x00,0x00,0x00,0x00,0x00,0x00,0x00,0x00,0x00,0x15,0x25,0x25,0x3a,0x12,0x7a,0x77,0x75,0x75,0x75,0x73,0x7d,0x7d,0x76,0x76,0x77,0x7d,0x77,0xcc,0x95,0x83,0x74,0x83,0x9a,0x14,0x7a,0x7d,0x76,0x76,0x76,0x73,0x87,0xd8,0x7f,0xcc,0x9a,0x16,0x7b,0x8d,0xc4,0x1c,0x73,0x7a,0x73,0x79,0x75,0x75,0x06,0x0f,0x3b,0x08,0x00,0x20,0x09,0x00,0x03,0x00,0x00,0x00,0x00,0x00,0x00,0x00,0x00,0x00,0x00,0x00,0x00,0x00,0x00,0x00,0x00,0x00,0x00,0x00,0x00,0x00,0x00,0x00,0x00,0x00,0x00,0x00,0x00,0x00,0x00,0x00,0x00,0x00,0x00,0x00,0x00,0x00,0x00,0x00,0x00,
    0x00,0x00,0x00,0x00,0x00,0x00,0x00,0x00,0x00,0x00,0x00,0x00,0x00,0x00,0x00,0x00,0x00,0x00,0x00,0x00,0x00,0x00,0x00,0x00,0x00,0x00,0x00,0x00,0x00,0x00,0x00,0x00,0x00,0x00,0x00,0x00,0x00,0x00,0x00,0x00,0x00,0x00,0x00,0x00,0x00,0x00,0x04,0x08,0x00,0x00,0x00,0x00,0x22,0x73,0x06,0x73,0x79,0x73,0x7d,0x7d,0x76,0x76,0x79,0x77,0x7d,0x7a,0xa2,0xce,0x84,0x7b,0xce,0x0d,0xc5,0x75,0x7d,0x76,0x76,0x76,0x76,0x79,0xd8,0x7c,0xa2,0x9d,0x9d,0x9f,0x8d,0xd9,0x7a,0x76,0x77,0x73,0x77,0x75,0x06,0x73,0x0f,0x00,0x08,0x01,0x00,0x00,0x02,0x00,0x00,0x00,0x00,0x00,0x00,0x00,0x00,0x00,0x00,0x00,0x00,0x00,0x00,0x00,0x00,0x00,0x00,0x00,0x00,0x00,0x00,0x00,0x00,0x00,0x00,0x00,0x00,0x00,0x00,0x00,0x00,0x00,0x00,0x00,0x00,0x00,0x00,0x00,0x00,0x00,
    0x00,0x00,0x00,0x00,0x00,0x00,0x00,0x00,0x00,0x00,0x00,0x00,0x00,0x00,0x00,0x00,0x00,0x00,0x00,0x00,0x00,0x00,0x00,0x00,0x00,0x00,0x00,0x00,0x00,0x00,0x00,0x00,0x00,0x00,0x00,0x00,0x00,0x00,0x00,0x00,0x00,0x00,0x00,0x00,0x00,0x00,0x00,0x00,0x01,0x08,0x15,0x11,0x12,0x7d,0x7d,0x79,0x7a,0x76,0x73,0x76,0x76,0x76,0x79,0x77,0x7d,0x82,0x75,0xba,0x96,0xc4,0x95,0x9f,0xb3,0x75,0x7d,0x76,0x76,0x76,0x76,0x79,0xa8,0x77,0xa2,0xae,0x9d,0x7b,0xe0,0xcc,0x79,0x7a,0x75,0x73,0x76,0x79,0x7a,0x76,0x44,0x20,0x02,0x01,0x01,0x01,0x00,0x00,0x00,0x00,0x00,0x00,0x00,0x00,0x00,0x00,0x00,0x00,0x00,0x00,0x00,0x00,0x00,0x00,0x00,0x00,0x00,0x00,0x00,0x00,0x00,0x00,0x00,0x00,0x00,0x00,0x00,0x00,0x00,0x00,0x00,0x00,0x00,0x00,0x00,0x00,0x00,0x00,
    0x00,0x00,0x00,0x00,0x00,0x00,0x00,0x00,0x00,0x00,0x00,0x00,0x00,0x00,0x00,0x00,0x00,0x00,0x00,0x00,0x00,0x00,0x00,0x00,0x00,0x00,0x00,0x00,0x00,0x00,0x00,0x00,0x00,0x00,0x00,0x00,0x00,0x00,0x00,0x00,0x00,0x00,0x00,0x00,0x00,0x00,0x00,0x00,0x00,0x08,0x01,0x2d,0x76,0x72,0x73,0x77,0x76,0x76,0x76,0x76,0x76,0x76,0x7a,0x7a,0x7a,0x82,0x7a,0xcc,0x94,0xc0,0xe7,0x7d,0x75,0x7a,0x76,0x76,0x76,0x76,0x7d,0x7a,0xa8,0x87,0x77,0x7c,0xb9,0xed,0x1c,0x79,0x7d,0x79,0x79,0x76,0x76,0x73,0x79,0x76,0x79,0x1a,0x00,0x01,0x00,0x00,0x00,0x00,0x00,0x00,0x00,0x00,0x00,0x00,0x00,0x00,0x00,0x00,0x00,0x00,0x00,0x00,0x00,0x00,0x00,0x00,0x00,0x00,0x00,0x00,0x00,0x00,0x00,0x00,0x00,0x00,0x00,0x00,0x00,0x00,0x00,0x00,0x00,0x00,0x00,0x00,0x00,0x00,
    0x00,0x00,0x00,0x00,0x00,0x00,0x00,0x00,0x00,0x00,0x00,0x00,0x00,0x00,0x00,0x00,0x00,0x00,0x00,0x00,0x00,0x00,0x00,0x00,0x00,0x00,0x00,0x00,0x00,0x00,0x00,0x00,0x00,0x00,0x00,0x00,0x00,0x00,0x00,0x00,0x00,0x00,0x00,0x00,0x00,0x00,0x00,0x00,0x00,0x08,0x00,0x19,0x7a,0x82,0x73,0x7a,0x76,0x76,0x76,0x76,0x76,0x76,0x73,0x76,0x77,0x73,0x7d,0x77,0xb5,0xd0,0x7a,0x7f,0x75,0x75,0x77,0x77,0x79,0x79,0x79,0x77,0xa8,0x82,0x7c,0x75,0x79,0x77,0x77,0x7d,0x76,0x79,0x73,0x76,0x76,0x76,0x73,0x0e,0x7d,0x10,0x20,0x00,0x01,0x00,0x00,0x00,0x00,0x00,0x00,0x00,0x00,0x00,0x00,0x00,0x00,0x00,0x00,0x00,0x00,0x00,0x00,0x00,0x00,0x00,0x00,0x00,0x00,0x00,0x00,0x00,0x00,0x00,0x00,0x00,0x00,0x00,0x00,0x00,0x00,0x00,0x00,0x00,0x00,0x00,0x00,0x00,
    0x00,0x00,0x00,0x00,0x00,0x00,0x00,0x00,0x00,0x00,0x00,0x00,0x00,0x00,0x00,0x00,0x00,0x00,0x00,0x00,0x00,0x00,0x00,0x00,0x00,0x00,0x00,0x00,0x00,0x00,0x00,0x00,0x00,0x00,0x00,0x00,0x00,0x00,0x00,0x00,0x00,0x00,0x00,0x00,0x00,0x00,0x00,0x00,0x00,0x08,0x00,0x19,0x73,0x82,0x72,0x7d,0x7d,0x7d,0x76,0x76,0x76,0x76,0x76,0x76,0x7a,0x77,0x76,0x7d,0x75,0x7f,0x77,0x79,0x7a,0x79,0x75,0x7a,0x77,0x77,0x79,0x77,0xd8,0x72,0x7c,0x77,0x75,0x79,0x7d,0x76,0x7a,0x7a,0x76,0x76,0x76,0x7d,0x87,0x82,0x82,0x4f,0x1a,0x00,0x08,0x00,0x00,0x00,0x00,0x00,0x00,0x00,0x00,0x00,0x00,0x00,0x00,0x00,0x00,0x00,0x00,0x00,0x00,0x00,0x00,0x00,0x00,0x00,0x00,0x00,0x00,0x00,0x00,0x00,0x00,0x00,0x00,0x00,0x00,0x00,0x00,0x00,0x00,0x00,0x00,0x00,0x00,0x00,
    0x00,0x00,0x00,0x00,0x00,0x00,0x00,0x00,0x00,0x00,0x00,0x00,0x00,0x00,0x00,0x00,0x00,0x00,0x00,0x00,0x00,0x00,0x00,0x00,0x00,0x00,0x00,0x00,0x00,0x00,0x00,0x00,0x00,0x00,0x00,0x00,0x00,0x00,0x00,0x00,0x00,0x00,0x00,0x00,0x00,0x00,0x00,0x00,0x00,0x08,0x00,0x19,0x73,0x82,0x72,0x72,0x72,0x87,0x87,0x7d,0x7d,0x7d,0x76,0x76,0x76,0x77,0x7a,0x76,0x7d,0x7d,0x79,0x79,0x76,0x76,0x7a,0x76,0x76,0x76,0x7d,0x77,0xdb,0xc3,0x7f,0x77,0x75,0x75,0x77,0x79,0x73,0x76,0x76,0x87,0x72,0x72,0x87,0x44,0x72,0x0f,0x01,0x08,0x00,0x00,0x00,0x00,0x00,0x00,0x00,0x00,0x00,0x00,0x00,0x00,0x00,0x00,0x00,0x00,0x00,0x00,0x00,0x00,0x00,0x00,0x00,0x00,0x00,0x00,0x00,0x00,0x00,0x00,0x00,0x00,0x00,0x00,0x00,0x00,0x00,0x00,0x00,0x00,0x00,0x00,0x00,0x00,
    0x00,0x00,0x00,0x00,0x00,0x00,0x00,0x00,0x00,0x00,0x00,0x00,0x00,0x00,0x00,0x00,0x00,0x00,0x00,0x00,0x00,0x00,0x00,0x00,0x00,0x00,0x00,0x00,0x00,0x00,0x00,0x00,0x00,0x00,0x00,0x00,0x00,0x00,0x00,0x00,0x00,0x00,0x00,0x00,0x00,0x00,0x00,0x00,0x02,0x01,0x13,0x0f,0x7d,0x82,0x72,0x72,0x72,0x72,0x72,0x72,0x72,0x7d,0x76,0x76,0x76,0x73,0x77,0x79,0x75,0x77,0xc3,0x76,0x7d,0x7d,0x7d,0x7d,0x7d,0x7d,0x7d,0x75,0xb2,0xd7,0x7f,0x77,0x75,0x75,0x79,0x73,0x76,0x7d,0x72,0x72,0x72,0x72,0x7d,0x0e,0x79,0x11,0x00,0x08,0x00,0x00,0x00,0x00,0x00,0x00,0x00,0x00,0x00,0x00,0x00,0x00,0x00,0x00,0x00,0x00,0x00,0x00,0x00,0x00,0x00,0x00,0x00,0x00,0x00,0x00,0x00,0x00,0x00,0x00,0x00,0x00,0x00,0x00,0x00,0x00,0x00,0x00,0x00,0x00,0x00,0x00,0x00,0x00,
    0x00,0x00,0x00,0x00,0x00,0x00,0x00,0x00,0x00,0x00,0x00,0x00,0x00,0x00,0x00,0x00,0x00,0x00,0x00,0x00,0x00,0x00,0x00,0x00,0x00,0x00,0x00,0x00,0x00,0x00,0x00,0x00,0x00,0x00,0x00,0x00,0x00,0x00,0x00,0x00,0x00,0x00,0x00,0x00,0x00,0x00,0x00,0x00,0x02,0x00,0x15,0x0f,0x44,0x72,0x72,0x72,0x72,0x72,0x72,0x72,0x72,0x72,0x7d,0x76,0x76,0x76,0x7a,0x75,0x75,0x75,0xb8,0x76,0x82,0x72,0x72,0x72,0x72,0x72,0x72,0x79,0xb8,0xc3,0x7c,0x77,0x7a,0x73,0x7d,0x7d,0x7d,0x72,0x72,0x72,0x72,0x72,0x7d,0x76,0x06,0x09,0x00,0x01,0x00,0x00,0x00,0x00,0x00,0x00,0x00,0x00,0x00,0x00,0x00,0x00,0x00,0x00,0x00,0x00,0x00,0x00,0x00,0x00,0x00,0x00,0x00,0x00,0x00,0x00,0x00,0x00,0x00,0x00,0x00,0x00,0x00,0x00,0x00,0x00,0x00,0x00,0x00,0x00,0x00,0x00,0x00,0x00,
    0x00,0x00,0x00,0x00,0x00,0x00,0x00,0x00,0x00,0x00,0x00,0x00,0x00,0x00,0x00,0x00,0x00,0x00,0x00,0x00,0x00,0x00,0x00,0x00,0x00,0x00,0x00,0x00,0x00,0x00,0x00,0x00,0x00,0x00,0x00,0x00,0x00,0x00,0x00,0x00,0x00,0x00,0x00,0x00,0x00,0x00,0x00,0x00,0x00,0x01,0x02,0x11,0x12,0x87,0x0e,0x87,0x72,0x72,0x72,0x72,0x72,0x72,0x7d,0x76,0x76,0x76,0x76,0x76,0x7c,0xb8,0xcb,0x82,0x87,0x82,0x72,0x72,0x82,0x72,0x82,0x77,0xdb,0xcb,0x79,0x7a,0x7a,0x7d,0x7d,0x72,0x72,0x72,0x72,0x72,0x72,0x7d,0x0e,0x76,0x0c,0x01,0x08,0x00,0x00,0x00,0x00,0x00,0x00,0x00,0x00,0x00,0x00,0x00,0x00,0x00,0x00,0x00,0x00,0x00,0x00,0x00,0x00,0x00,0x00,0x00,0x00,0x00,0x00,0x00,0x00,0x00,0x00,0x00,0x00,0x00,0x00,0x00,0x00,0x00,0x00,0x00,0x00,0x00,0x00,0x00,0x00,0x00,
    0x00,0x00,0x00,0x00,0x00,0x00,0x00,0x00,0x00,0x00,0x00,0x00,0x00,0x00,0x00,0x00,0x00,0x00,0x00,0x00,0x00,0x00,0x00,0x00,0x00,0x00,0x00,0x00,0x00,0x00,0x00,0x00,0x00,0x00,0x00,0x00,0x00,0x00,0x00,0x00,0x00,0x00,0x00,0x00,0x00,0x00,0x00,0x00,0x00,0x08,0x00,0x2d,0x0c,0x76,0x0e,0x87,0x87,0x72,0x72,0x72,0x72,0x72,0x72,0x72,0x87,0x7d,0x76,0x7a,0x7c,0xc3,0xb2,0x7a,0x72,0x87,0x72,0x72,0x72,0x72,0x72,0x79,0xc3,0xc6,0x73,0x72,0x79,0x73,0x76,0x7d,0x7d,0x7d,0x7d,0x7d,0x76,0x76,0x44,0x79,0x11,0x00,0x08,0x00,0x00,0x00,0x00,0x00,0x00,0x00,0x00,0x00,0x00,0x00,0x00,0x00,0x00,0x00,0x00,0x00,0x00,0x00,0x00,0x00,0x00,0x00,0x00,0x00,0x00,0x00,0x00,0x00,0x00,0x00,0x00,0x00,0x00,0x00,0x00,0x00,0x00,0x00,0x00,0x00,0x00,0x00,0x00,0x00,
    0x00,0x00,0x00,0x00,0x00,0x00,0x00,0x00,0x00,0x00,0x00,0x00,0x00,0x00,0x00,0x00,0x00,0x00,0x00,0x00,0x00,0x00,0x00,0x00,0x00,0x00,0x00,0x00,0x00,0x00,0x00,0x00,0x00,0x00,0x00,0x00,0x00,0x00,0x00,0x00,0x00,0x00,0x00,0x00,0x00,0x00,0x00,0x00,0x00,0x00,0x08,0x00,0x2d,0x0e,0x7d,0x7d,0x76,0x87,0x72,0x72,0x7d,0x76,0x7d,0x7d,0x7d,0x7d,0x79,0x79,0x7d,0x87,0x87,0x79,0x76,0x76,0x76,0x76,0x76,0x76,0x76,0x76,0xb8,0xd8,0x7a,0x72,0x76,0x77,0x7a,0x76,0x76,0x76,0x73,0x73,0x0e,0x44,0x76,0x22,0x20,0x01,0x02,0x00,0x00,0x00,0x00,0x00,0x00,0x00,0x00,0x00,0x00,0x00,0x00,0x00,0x00,0x00,0x00,0x00,0x00,0x00,0x00,0x00,0x00,0x00,0x00,0x00,0x00,0x00,0x00,0x00,0x00,0x00,0x00,0x00,0x00,0x00,0x00,0x00,0x00,0x00,0x00,0x00,0x00,0x00,0x00,0x00,
    0x00,0x00,0x00,0x00,0x00,0x00,0x00,0x00,0x00,0x00,0x00,0x00,0x00,0x00,0x00,0x00,0x00,0x00,0x00,0x00,0x00,0x00,0x00,0x00,0x00,0x00,0x00,0x00,0x00,0x00,0x00,0x00,0x00,0x00,0x00,0x00,0x00,0x00,0x00,0x00,0x00,0x00,0x00,0x00,0x00,0x00,0x00,0x00,0x00,0x00,0x01,0x08,0x1a,0x10,0x26,0x76,0x76,0x76,0x76,0x76,0x76,0x76,0x76,0x7a,0x7a,0x77,0x79,0x7d,0x72,0x76,0x7a,0x76,0x76,0x76,0x76,0x76,0x76,0x76,0x76,0x7d,0x7a,0x73,0x7d,0x76,0x76,0x76,0x79,0x79,0x7a,0x73,0x76,0x76,0x7a,0x79,0x22,0x20,0x00,0x02,0x00,0x00,0x00,0x00,0x00,0x00,0x00,0x00,0x00,0x00,0x00,0x00,0x00,0x00,0x00,0x00,0x00,0x00,0x00,0x00,0x00,0x00,0x00,0x00,0x00,0x00,0x00,0x00,0x00,0x00,0x00,0x00,0x00,0x00,0x00,0x00,0x00,0x00,0x00,0x00,0x00,0x00,0x00,0x00,0x00,0x00,
    0x00,0x00,0x00,0x00,0x00,0x00,0x00,0x00,0x00,0x00,0x00,0x00,0x00,0x00,0x00,0x00,0x00,0x00,0x00,0x00,0x00,0x00,0x00,0x00,0x00,0x00,0x00,0x00,0x00,0x00,0x00,0x00,0x00,0x00,0x00,0x00,0x00,0x00,0x00,0x00,0x00,0x00,0x00,0x00,0x00,0x00,0x00,0x00,0x00,0x00,0x00,0x01,0x00,0x1a,0x27,0x72,0x79,0x7a,0x73,0x76,0x76,0x73,0x77,0x77,0x77,0x7a,0x76,0x76,0x76,0x7d,0x73,0x73,0x76,0x76,0x76,0x76,0x76,0x76,0x76,0x76,0x73,0x76,0x76,0x76,0x76,0x76,0x76,0x73,0x79,0x77,0x79,0x22,0x10,0x11,0x15,0x00,0x01,0x00,0x00,0x00,0x00,0x00,0x00,0x00,0x00,0x00,0x00,0x00,0x00,0x00,0x00,0x00,0x00,0x00,0x00,0x00,0x00,0x00,0x00,0x00,0x00,0x00,0x00,0x00,0x00,0x00,0x00,0x00,0x00,0x00,0x00,0x00,0x00,0x00,0x00,0x00,0x00,0x00,0x00,0x00,0x00,0x00,0x00,0x00,
    0x00,0x00,0x00,0x00,0x00,0x00,0x00,0x00,0x00,0x00,0x00,0x00,0x00,0x00,0x00,0x00,0x00,0x00,0x00,0x00,0x00,0x00,0x00,0x00,0x00,0x00,0x00,0x00,0x00,0x00,0x00,0x00,0x00,0x00,0x00,0x00,0x00,0x00,0x00,0x00,0x00,0x00,0x00,0x00,0x00,0x00,0x00,0x00,0x00,0x00,0x00,0x08,0x01,0x11,0x26,0x82,0x76,0x7a,0x77,0x77,0x77,0x77,0x77,0x75,0x79,0x76,0x76,0x76,0x76,0x76,0x76,0x76,0x76,0x7d,0x76,0x7d,0x76,0x76,0x76,0x76,0x76,0x76,0x76,0x76,0x76,0x7d,0x76,0x76,0x76,0x76,0x7a,0x09,0x00,0x00,0x00,0x02,0x00,0x00,0x00,0x00,0x00,0x00,0x00,0x00,0x00,0x00,0x00,0x00,0x00,0x00,0x00,0x00,0x00,0x00,0x00,0x00,0x00,0x00,0x00,0x00,0x00,0x00,0x00,0x00,0x00,0x00,0x00,0x00,0x00,0x00,0x00,0x00,0x00,0x00,0x00,0x00,0x00,0x00,0x00,0x00,0x00,0x00,0x00,0x00,
    0x00,0x00,0x00,0x00,0x00,0x00,0x00,0x00,0x00,0x00,0x00,0x00,0x00,0x00,0x00,0x00,0x00,0x00,0x00,0x00,0x00,0x00,0x00,0x00,0x00,0x00,0x00,0x00,0x00,0x00,0x00,0x00,0x00,0x00,0x00,0x00,0x00,0x00,0x00,0x00,0x00,0x00,0x00,0x00,0x00,0x00,0x00,0x00,0x00,0x00,0x00,0x02,0x02,0x10,0x26,0x7d,0x7d,0x76,0x76,0x73,0x73,0x76,0x73,0x79,0x79,0x75,0x7a,0x76,0x76,0x76,0x76,0x76,0x76,0x76,0x76,0x76,0x76,0x76,0x76,0x76,0x76,0x76,0x76,0x76,0x76,0x76,0x76,0x76,0x76,0x0e,0x73,0x10,0x08,0x13,0x02,0x00,0x00,0x00,0x00,0x00,0x00,0x00,0x00,0x00,0x00,0x00,0x00,0x00,0x00,0x00,0x00,0x00,0x00,0x00,0x00,0x00,0x00,0x00,0x00,0x00,0x00,0x00,0x00,0x00,0x00,0x00,0x00,0x00,0x00,0x00,0x00,0x00,0x00,0x00,0x00,0x00,0x00,0x00,0x00,0x00,0x00,0x00,0x00,0x00,
    0x00,0x00,0x00,0x00,0x00,0x00,0x00,0x00,0x00,0x00,0x00,0x00,0x00,0x00,0x00,0x00,0x00,0x00,0x00,0x00,0x00,0x00,0x00,0x00,0x00,0x00,0x00,0x00,0x00,0x00,0x00,0x00,0x00,0x00,0x00,0x00,0x00,0x00,0x00,0x00,0x00,0x00,0x00,0x00,0x00,0x00,0x00,0x00,0x00,0x00,0x00,0x08,0x00,0x0b,0x0e,0x0e,0x76,0x76,0x76,0x76,0x76,0x76,0x7d,0x76,0x76,0x7a,0x77,0x77,0x7a,0x73,0x76,0x76,0x76,0x76,0x76,0x76,0x76,0x76,0x76,0x76,0x76,0x76,0x76,0x76,0x76,0x76,0x76,0x76,0x76,0x0e,0x76,0x12,0x00,0x02,0x00,0x00,0x00,0x00,0x00,0x00,0x00,0x00,0x00,0x00,0x00,0x00,0x00,0x00,0x00,0x00,0x00,0x00,0x00,0x00,0x00,0x00,0x00,0x00,0x00,0x00,0x00,0x00,0x00,0x00,0x00,0x00,0x00,0x00,0x00,0x00,0x00,0x00,0x00,0x00,0x00,0x00,0x00,0x00,0x00,0x00,0x00,0x00,0x00,0x00,
    0x00,0x00,0x00,0x00,0x00,0x00,0x00,0x00,0x00,0x00,0x00,0x00,0x00,0x00,0x00,0x00,0x00,0x00,0x00,0x00,0x00,0x00,0x00,0x00,0x00,0x00,0x00,0x00,0x00,0x00,0x00,0x00,0x00,0x00,0x00,0x00,0x00,0x00,0x00,0x00,0x00,0x00,0x00,0x00,0x00,0x00,0x00,0x00,0x00,0x00,0x02,0x00,0x20,0x0f,0x0e,0x82,0x72,0x72,0x7d,0x7d,0x87,0x87,0x72,0x7d,0x76,0x76,0x76,0x79,0x75,0x75,0x77,0x79,0x76,0x76,0x76,0x76,0x76,0x76,0x76,0x76,0x76,0x76,0x76,0x76,0x76,0x76,0x76,0x72,0x7d,0x76,0x0e,0x44,0x1a,0x00,0x01,0x00,0x00,0x00,0x00,0x00,0x00,0x00,0x00,0x00,0x00,0x00,0x00,0x00,0x00,0x00,0x00,0x00,0x00,0x00,0x00,0x00,0x00,0x00,0x00,0x00,0x00,0x00,0x00,0x00,0x00,0x00,0x00,0x00,0x00,0x00,0x00,0x00,0x00,0x00,0x00,0x00,0x00,0x00,0x00,0x00,0x00,0x00,0x00,0x00,
    0x00,0x00,0x00,0x00,0x00,0x00,0x00,0x00,0x00,0x00,0x00,0x00,0x00,0x00,0x00,0x00,0x00,0x00,0x00,0x00,0x00,0x00,0x00,0x00,0x00,0x00,0x00,0x00,0x00,0x00,0x00,0x00,0x00,0x00,0x00,0x00,0x00,0x00,0x00,0x00,0x00,0x00,0x00,0x00,0x00,0x00,0x00,0x00,0x00,0x00,0x08,0x00,0x19,0x12,0x72,0x82,0x72,0x72,0x72,0x72,0x72,0x72,0x72,0x76,0x76,0x76,0x76,0x76,0x73,0x7a,0x79,0x75,0x77,0x79,0x79,0x7a,0x7a,0x7a,0x79,0x7a,0x73,0x73,0x76,0x76,0x76,0x76,0x76,0x72,0x87,0x76,0x0e,0x73,0x10,0x09,0x02,0x01,0x00,0x00,0x00,0x00,0x00,0x00,0x00,0x00,0x00,0x00,0x00,0x00,0x00,0x00,0x00,0x00,0x00,0x00,0x00,0x00,0x00,0x00,0x00,0x00,0x00,0x00,0x00,0x00,0x00,0x00,0x00,0x00,0x00,0x00,0x00,0x00,0x00,0x00,0x00,0x00,0x00,0x00,0x00,0x00,0x00,0x00,0x00,0x00,
    0x00,0x00,0x00,0x00,0x00,0x00,0x00,0x00,0x00,0x00,0x00,0x00,0x00,0x00,0x00,0x00,0x00,0x00,0x00,0x00,0x00,0x00,0x00,0x00,0x00,0x00,0x00,0x00,0x00,0x00,0x00,0x00,0x00,0x00,0x00,0x00,0x00,0x00,0x00,0x00,0x00,0x00,0x00,0x00,0x00,0x00,0x00,0x00,0x00,0x00,0x08,0x00,0x2d,0x0c,0x72,0x82,0x72,0x72,0x72,0x7d,0x76,0x76,0x76,0x76,0x76,0x76,0x76,0x73,0x76,0x76,0x76,0x73,0x79,0x79,0x79,0x79,0x7a,0x79,0x79,0x79,0x77,0x7a,0x76,0x76,0x76,0x76,0x76,0x72,0x72,0x76,0x0e,0x0e,0x12,0x2d,0x00,0x08,0x00,0x00,0x00,0x00,0x00,0x00,0x00,0x00,0x00,0x00,0x00,0x00,0x00,0x00,0x00,0x00,0x00,0x00,0x00,0x00,0x00,0x00,0x00,0x00,0x00,0x00,0x00,0x00,0x00,0x00,0x00,0x00,0x00,0x00,0x00,0x00,0x00,0x00,0x00,0x00,0x00,0x00,0x00,0x00,0x00,0x00,0x00,0x00,
    0x00,0x00,0x00,0x00,0x00,0x00,0x00,0x00,0x00,0x00,0x00,0x00,0x00,0x00,0x00,0x00,0x00,0x00,0x00,0x00,0x00,0x00,0x00,0x00,0x00,0x00,0x00,0x00,0x00,0x00,0x00,0x00,0x00,0x00,0x00,0x00,0x00,0x00,0x00,0x00,0x00,0x00,0x00,0x00,0x00,0x00,0x00,0x00,0x00,0x00,0x08,0x08,0x11,0x26,0x82,0x72,0x72,0x72,0x72,0x7d,0x73,0x76,0x73,0x73,0x76,0x76,0x73,0x7a,0x7a,0x76,0x76,0x76,0x76,0x76,0x76,0x73,0x76,0x73,0x73,0x73,0x76,0x7d,0x87,0x72,0x7d,0x7d,0x7d,0x72,0x72,0x7d,0x7d,0x76,0x12,0x0f,0x00,0x01,0x00,0x00,0x00,0x00,0x00,0x00,0x00,0x00,0x00,0x00,0x00,0x00,0x00,0x00,0x00,0x00,0x00,0x00,0x00,0x00,0x00,0x00,0x00,0x00,0x00,0x00,0x00,0x00,0x00,0x00,0x00,0x00,0x00,0x00,0x00,0x00,0x00,0x00,0x00,0x00,0x00,0x00,0x00,0x00,0x00,0x00,0x00,0x00,
    0x00,0x00,0x00,0x00,0x00,0x00,0x00,0x00,0x00,0x00,0x00,0x00,0x00,0x00,0x00,0x00,0x00,0x00,0x00,0x00,0x00,0x00,0x00,0x00,0x00,0x00,0x00,0x00,0x00,0x00,0x00,0x00,0x00,0x00,0x00,0x00,0x00,0x00,0x00,0x00,0x00,0x00,0x00,0x00,0x00,0x00,0x00,0x00,0x00,0x00,0x00,0x13,0x0f,0x26,0x72,0x72,0x72,0x72,0x72,0x87,0x76,0x76,0x73,0x7a,0x76,0x7d,0x76,0x76,0x76,0x7d,0x7d,0x7d,0x87,0x7d,0x7d,0x7d,0x87,0x72,0x72,0x72,0x72,0x72,0x72,0x72,0x72,0x72,0x72,0x72,0x72,0x72,0x72,0x7d,0x12,0x11,0x02,0x00,0x00,0x00,0x00,0x00,0x00,0x00,0x00,0x00,0x00,0x00,0x00,0x00,0x00,0x00,0x00,0x00,0x00,0x00,0x00,0x00,0x00,0x00,0x00,0x00,0x00,0x00,0x00,0x00,0x00,0x00,0x00,0x00,0x00,0x00,0x00,0x00,0x00,0x00,0x00,0x00,0x00,0x00,0x00,0x00,0x00,0x00,0x00,0x00,
    0x00,0x00,0x00,0x00,0x00,0x00,0x00,0x00,0x00,0x00,0x00,0x00,0x00,0x00,0x00,0x00,0x00,0x00,0x00,0x00,0x00,0x00,0x00,0x00,0x00,0x00,0x00,0x00,0x00,0x00,0x00,0x00,0x00,0x00,0x00,0x00,0x00,0x00,0x00,0x00,0x00,0x00,0x00,0x00,0x00,0x00,0x00,0x00,0x00,0x00,0x00,0x13,0x11,0x26,0x72,0x72,0x72,0x72,0x72,0x72,0x72,0x72,0x72,0x72,0x72,0x72,0x72,0x72,0x72,0x72,0x72,0x72,0x72,0x72,0x72,0x72,0x72,0x72,0x72,0x72,0x72,0x72,0x72,0x72,0x72,0x72,0x72,0x72,0x87,0x76,0x7d,0x76,0x12,0x0b,0x02,0x00,0x00,0x00,0x00,0x00,0x00,0x00,0x00,0x00,0x00,0x00,0x00,0x00,0x00,0x00,0x00,0x00,0x00,0x00,0x00,0x00,0x00,0x00,0x00,0x00,0x00,0x00,0x00,0x00,0x00,0x00,0x00,0x00,0x00,0x00,0x00,0x00,0x00,0x00,0x00,0x00,0x00,0x00,0x00,0x00,0x00,0x00,0x00,0x00,
    0x00,0x00,0x00,0x00,0x00,0x00,0x00,0x00,0x00,0x00,0x00,0x00,0x00,0x00,0x00,0x00,0x00,0x00,0x00,0x00,0x00,0x00,0x00,0x00,0x00,0x00,0x00,0x00,0x00,0x00,0x00,0x00,0x00,0x00,0x00,0x00,0x00,0x00,0x00,0x00,0x00,0x00,0x00,0x00,0x00,0x00,0x00,0x00,0x00,0x00,0x00,0x13,0x0f,0x26,0x72,0x72,0x72,0x72,0x72,0x72,0x72,0x72,0x72,0x72,0x72,0x72,0x72,0x72,0x72,0x72,0x72,0x72,0x72,0x72,0x72,0x72,0x72,0x72,0x72,0x72,0x72,0x72,0x72,0x72,0x72,0x72,0x72,0x87,0x7d,0x76,0x76,0x76,0x26,0x15,0x00,0x02,0x00,0x00,0x00,0x00,0x00,0x00,0x00,0x00,0x00,0x00,0x00,0x00,0x00,0x00,0x00,0x00,0x00,0x00,0x00,0x00,0x00,0x00,0x00,0x00,0x00,0x00,0x00,0x00,0x00,0x00,0x00,0x00,0x00,0x00,0x00,0x00,0x00,0x00,0x00,0x00,0x00,0x00,0x00,0x00,0x00,0x00,0x00,0x00,
    0x00,0x00,0x00,0x00,0x00,0x00,0x00,0x00,0x00,0x00,0x00,0x00,0x00,0x00,0x00,0x00,0x00,0x00,0x00,0x00,0x00,0x00,0x00,0x00,0x00,0x00,0x00,0x00,0x00,0x00,0x00,0x00,0x00,0x00,0x00,0x00,0x00,0x00,0x00,0x00,0x00,0x00,0x00,0x00,0x00,0x00,0x00,0x00,0x00,0x00,0x01,0x00,0x0f,0x44,0x82,0x72,0x72,0x72,0x72,0x72,0x72,0x72,0x82,0x82,0x82,0x72,0x72,0x72,0x72,0x72,0x72,0x72,0x72,0x72,0x72,0x72,0x72,0x72,0x72,0x72,0x72,0x72,0x72,0x87,0x7d,0x76,0x7d,0x72,0x72,0x7d,0x7d,0x76,0x26,0x15,0x00,0x02,0x00,0x00,0x00,0x00,0x00,0x00,0x00,0x00,0x00,0x00,0x00,0x00,0x00,0x00,0x00,0x00,0x00,0x00,0x00,0x00,0x00,0x00,0x00,0x00,0x00,0x00,0x00,0x00,0x00,0x00,0x00,0x00,0x00,0x00,0x00,0x00,0x00,0x00,0x00,0x00,0x00,0x00,0x00,0x00,0x00,0x00,0x00,0x00,
    0x00,0x00,0x00,0x00,0x00,0x00,0x00,0x00,0x00,0x00,0x00,0x00,0x00,0x00,0x00,0x00,0x00,0x00,0x00,0x00,0x00,0x00,0x00,0x00,0x00,0x00,0x00,0x00,0x00,0x00,0x00,0x00,0x00,0x00,0x00,0x00,0x00,0x00,0x00,0x00,0x00,0x00,0x00,0x00,0x00,0x00,0x00,0x00,0x00,0x00,0x01,0x00,0x09,0x27,0x72,0x72,0x72,0x72,0x72,0x87,0x7d,0x76,0x7a,0x7a,0x7a,0x76,0x87,0x72,0x82,0x72,0x72,0x72,0x72,0x72,0x72,0x72,0x72,0x72,0x72,0x72,0x72,0x72,0x76,0x73,0x73,0x73,0x79,0x73,0x7d,0x73,0x73,0x79,0x27,0x01,0x08,0x00,0x00,0x00,0x00,0x00,0x00,0x00,0x00,0x00,0x00,0x00,0x00,0x00,0x00,0x00,0x00,0x00,0x00,0x00,0x00,0x00,0x00,0x00,0x00,0x00,0x00,0x00,0x00,0x00,0x00,0x00,0x00,0x00,0x00,0x00,0x00,0x00,0x00,0x00,0x00,0x00,0x00,0x00,0x00,0x00,0x00,0x00,0x00,0x00,
    0x00,0x00,0x00,0x00,0x00,0x00,0x00,0x00,0x00,0x00,0x00,0x00,0x00,0x00,0x00,0x00,0x00,0x00,0x00,0x00,0x00,0x00,0x00,0x00,0x00,0x00,0x00,0x00,0x00,0x00,0x00,0x00,0x00,0x00,0x00,0x00,0x00,0x00,0x00,0x00,0x00,0x00,0x00,0x00,0x00,0x00,0x00,0x00,0x00,0x00,0x00,0x02,0x00,0x02,0x22,0x73,0x79,0x77,0x79,0x76,0x82,0x7a,0x77,0x77,0x7c,0x75,0x75,0x77,0x7a,0x7d,0x7d,0x72,0x72,0x7d,0x7d,0x87,0x87,0x7d,0x7d,0x73,0x79,0x77,0x75,0x75,0x75,0x75,0x75,0x75,0x75,0x75,0x07,0x75,0x0f,0x00,0x08,0x00,0x00,0x00,0x00,0x00,0x00,0x00,0x00,0x00,0x00,0x00,0x00,0x00,0x00,0x00,0x00,0x00,0x00,0x00,0x00,0x00,0x00,0x00,0x00,0x00,0x00,0x00,0x00,0x00,0x00,0x00,0x00,0x00,0x00,0x00,0x00,0x00,0x00,0x00,0x00,0x00,0x00,0x00,0x00,0x00,0x00,0x00,0x00,0x00,
    0x00,0x00,0x00,0x00,0x00,0x00,0x00,0x00,0x00,0x00,0x00,0x00,0x00,0x00,0x00,0x00,0x00,0x00,0x00,0x00,0x00,0x00,0x00,0x00,0x00,0x00,0x00,0x00,0x00,0x00,0x00,0x00,0x00,0x00,0x00,0x00,0x00,0x00,0x00,0x00,0x00,0x00,0x00,0x00,0x00,0x00,0x00,0x00,0x00,0x00,0x00,0x00,0x08,0x02,0x0b,0x79,0x07,0x7c,0x75,0x79,0x87,0x7a,0x75,0x75,0x77,0x77,0x77,0x77,0x77,0x79,0x77,0x79,0x77,0x75,0x75,0x75,0x75,0x75,0x75,0x7c,0x75,0x75,0x75,0x75,0x75,0x75,0x75,0x75,0x75,0x75,0x77,0x28,0x15,0x00,0x02,0x00,0x00,0x00,0x00,0x00,0x00,0x00,0x00,0x00,0x00,0x00,0x00,0x00,0x00,0x00,0x00,0x00,0x00,0x00,0x00,0x00,0x00,0x00,0x00,0x00,0x00,0x00,0x00,0x00,0x00,0x00,0x00,0x00,0x00,0x00,0x00,0x00,0x00,0x00,0x00,0x00,0x00,0x00,0x00,0x00,0x00,0x00,0x00,0x00,
    0x00,0x00,0x00,0x00,0x00,0x00,0x00,0x00,0x00,0x00,0x00,0x00,0x00,0x00,0x00,0x00,0x00,0x00,0x00,0x00,0x00,0x00,0x00,0x00,0x00,0x00,0x00,0x00,0x00,0x00,0x00,0x00,0x00,0x00,0x00,0x00,0x00,0x00,0x00,0x00,0x00,0x00,0x00,0x00,0x00,0x00,0x00,0x00,0x00,0x00,0x00,0x00,0x00,0x08,0x08,0x0b,0x77,0x06,0x73,0x7d,0x89,0x82,0x76,0x7d,0x72,0x72,0x72,0x72,0x72,0x72,0x72,0x7d,0x73,0x7a,0x79,0x79,0x79,0x79,0x79,0x7a,0x76,0x76,0x7a,0x7a,0x7a,0x7a,0x79,0x75,0x75,0x07,0x77,0x0f,0x00,0x08,0x00,0x00,0x00,0x00,0x00,0x00,0x00,0x00,0x00,0x00,0x00,0x00,0x00,0x00,0x00,0x00,0x00,0x00,0x00,0x00,0x00,0x00,0x00,0x00,0x00,0x00,0x00,0x00,0x00,0x00,0x00,0x00,0x00,0x00,0x00,0x00,0x00,0x00,0x00,0x00,0x00,0x00,0x00,0x00,0x00,0x00,0x00,0x00,0x00,0x00,
    0x00,0x00,0x00,0x00,0x00,0x00,0x00,0x00,0x00,0x00,0x00,0x00,0x00,0x00,0x00,0x00,0x00,0x00,0x00,0x00,0x00,0x00,0x00,0x00,0x00,0x00,0x00,0x00,0x00,0x00,0x00,0x00,0x00,0x00,0x00,0x00,0x00,0x00,0x00,0x00,0x00,0x00,0x00,0x00,0x00,0x00,0x00,0x00,0x00,0x00,0x00,0x00,0x00,0x01,0x00,0x20,0x7a,0x82,0x82,0x89,0x1c,0x0a,0x87,0x72,0x72,0x72,0x82,0x82,0x72,0x72,0x72,0x72,0x82,0x82,0x82,0x82,0x72,0x72,0x72,0x82,0x72,0x72,0x72,0x72,0x72,0x72,0x87,0x76,0x79,0x07,0x77,0x0f,0x02,0x08,0x00,0x00,0x00,0x00,0x00,0x00,0x00,0x00,0x00,0x00,0x00,0x00,0x00,0x00,0x00,0x00,0x00,0x00,0x00,0x00,0x00,0x00,0x00,0x00,0x00,0x00,0x00,0x00,0x00,0x00,0x00,0x00,0x00,0x00,0x00,0x00,0x00,0x00,0x00,0x00,0x00,0x00,0x00,0x00,0x00,0x00,0x00,0x00,0x00,0x00,
    0x00,0x00,0x00,0x00,0x00,0x00,0x00,0x00,0x00,0x00,0x00,0x00,0x00,0x00,0x00,0x00,0x00,0x00,0x00,0x00,0x00,0x00,0x00,0x00,0x00,0x00,0x00,0x00,0x00,0x00,0x00,0x00,0x00,0x00,0x00,0x00,0x00,0x00,0x00,0x00,0x00,0x00,0x00,0x00,0x00,0x00,0x00,0x00,0x00,0x00,0x00,0x00,0x00,0x01,0x00,0x1a,0x7a,0x72,0x87,0x72,0x1c,0x89,0x87,0x82,0x82,0x82,0x82,0x89,0x89,0x82,0x72,0x72,0x72,0x72,0x82,0x82,0x72,0x72,0x72,0x72,0x72,0x82,0x72,0x72,0x72,0x72,0x72,0x87,0x73,0x06,0x07,0x19,0x00,0x08,0x00,0x00,0x00,0x00,0x00,0x00,0x00,0x00,0x00,0x00,0x00,0x00,0x00,0x00,0x00,0x00,0x00,0x00,0x00,0x00,0x00,0x00,0x00,0x00,0x00,0x00,0x00,0x00,0x00,0x00,0x00,0x00,0x00,0x00,0x00,0x00,0x00,0x00,0x00,0x00,0x00,0x00,0x00,0x00,0x00,0x00,0x00,0x00,0x00,0x00,
    0x00,0x00,0x00,0x00,0x00,0x00,0x00,0x00,0x00,0x00,0x00,0x00,0x00,0x00,0x00,0x00,0x00,0x00,0x00,0x00,0x00,0x00,0x00,0x00,0x00,0x00,0x00,0x00,0x00,0x00,0x00,0x00,0x00,0x00,0x00,0x00,0x00,0x00,0x00,0x00,0x00,0x00,0x00,0x00,0x00,0x00,0x00,0x00,0x00,0x00,0x00,0x00,0x00,0x02,0x01,0x15,0x26,0x72,0x72,0x0a,0xc3,0xc3,0x89,0x0a,0x89,0x89,0x89,0x89,0x89,0x82,0x72,0x87,0x72,0x72,0x72,0x89,0x82,0x72,0x82,0x82,0x82,0x82,0x82,0x82,0x82,0x82,0x82,0x89,0x82,0x7d,0x7a,0x19,0x00,0x02,0x00,0x00,0x00,0x00,0x00,0x00,0x00,0x00,0x00,0x00,0x00,0x00,0x00,0x00,0x00,0x00,0x00,0x00,0x00,0x00,0x00,0x00,0x00,0x00,0x00,0x00,0x00,0x00,0x00,0x00,0x00,0x00,0x00,0x00,0x00,0x00,0x00,0x00,0x00,0x00,0x00,0x00,0x00,0x00,0x00,0x00,0x00,0x00,0x00,0x00,
    0x00,0x00,0x00,0x00,0x00,0x00,0x00,0x00,0x00,0x00,0x00,0x00,0x00,0x00,0x00,0x00,0x00,0x00,0x00,0x00,0x00,0x00,0x00,0x00,0x00,0x00,0x00,0x00,0x00,0x00,0x00,0x00,0x00,0x00,0x00,0x00,0x00,0x00,0x00,0x00,0x00,0x00,0x00,0x00,0x00,0x00,0x00,0x00,0x00,0x00,0x00,0x00,0x00,0x00,0x08,0x00,0x0f,0x12,0x82,0x0a,0xb8,0x82,0x7a,0x7a,0x73,0x7a,0x7a,0x76,0x87,0x72,0x82,0x89,0x0a,0x89,0x82,0x89,0x89,0x89,0x89,0x89,0x82,0x76,0x7a,0x7a,0x7a,0x77,0x79,0x7d,0x82,0x26,0x27,0x0b,0x00,0x01,0x00,0x00,0x00,0x00,0x00,0x00,0x00,0x00,0x00,0x00,0x00,0x00,0x00,0x00,0x00,0x00,0x00,0x00,0x00,0x00,0x00,0x00,0x00,0x00,0x00,0x00,0x00,0x00,0x00,0x00,0x00,0x00,0x00,0x00,0x00,0x00,0x00,0x00,0x00,0x00,0x00,0x00,0x00,0x00,0x00,0x00,0x00,0x00,0x00,0x00,
    0x00,0x00,0x00,0x00,0x00,0x00,0x00,0x00,0x00,0x00,0x00,0x00,0x00,0x00,0x00,0x00,0x00,0x00,0x00,0x00,0x00,0x00,0x00,0x00,0x00,0x00,0x00,0x00,0x00,0x00,0x00,0x00,0x00,0x00,0x00,0x00,0x00,0x00,0x00,0x00,0x00,0x00,0x00,0x00,0x00,0x00,0x00,0x00,0x00,0x00,0x00,0x00,0x00,0x00,0x02,0x02,0x19,0x11,0x10,0x10,0x60,0xdd,0x2e,0xed,0xe9,0xb5,0xcc,0xb9,0x1c,0xa2,0xa2,0xa2,0x82,0x82,0x82,0x7d,0x7d,0x76,0x73,0x76,0xa2,0xa2,0x1c,0xcc,0xb5,0xe9,0xed,0x57,0x43,0x4f,0x1a,0x00,0x02,0x00,0x00,0x00,0x00,0x00,0x00,0x00,0x00,0x00,0x00,0x00,0x00,0x00,0x00,0x00,0x00,0x00,0x00,0x00,0x00,0x00,0x00,0x00,0x00,0x00,0x00,0x00,0x00,0x00,0x00,0x00,0x00,0x00,0x00,0x00,0x00,0x00,0x00,0x00,0x00,0x00,0x00,0x00,0x00,0x00,0x00,0x00,0x00,0x00,0x00,0x00,
    0x00,0x00,0x00,0x00,0x00,0x00,0x00,0x00,0x00,0x00,0x00,0x00,0x00,0x00,0x00,0x00,0x00,0x00,0x00,0x00,0x00,0x00,0x00,0x00,0x00,0x00,0x00,0x00,0x00,0x00,0x00,0x00,0x00,0x00,0x00,0x00,0x00,0x00,0x00,0x00,0x00,0x00,0x00,0x00,0x00,0x00,0x00,0x00,0x00,0x00,0x00,0x00,0x00,0x00,0x00,0x00,0x08,0x08,0x20,0x19,0x24,0xd4,0xd4,0xd5,0xea,0x92,0xca,0x92,0xea,0xe0,0xd9,0xd9,0xdd,0x57,0x4f,0xe9,0x2e,0x2e,0xdd,0xfb,0x16,0xb6,0xb6,0xea,0xd4,0xd4,0xfb,0x48,0x21,0x20,0x00,0x01,0x00,0x00,0x00,0x00,0x00,0x00,0x00,0x00,0x00,0x00,0x00,0x00,0x00,0x00,0x00,0x00,0x00,0x00,0x00,0x00,0x00,0x00,0x00,0x00,0x00,0x00,0x00,0x00,0x00,0x00,0x00,0x00,0x00,0x00,0x00,0x00,0x00,0x00,0x00,0x00,0x00,0x00,0x00,0x00,0x00,0x00,0x00,0x00,0x00,0x00,0x00,0x00,
    0x00,0x00,0x00,0x00,0x00,0x00,0x00,0x00,0x00,0x00,0x00,0x00,0x00,0x00,0x00,0x00,0x00,0x00,0x00,0x00,0x00,0x00,0x00,0x00,0x00,0x00,0x00,0x00,0x00,0x00,0x00,0x00,0x00,0x00,0x00,0x00,0x00,0x00,0x00,0x00,0x00,0x00,0x00,0x00,0x00,0x00,0x00,0x00,0x00,0x00,0x00,0x00,0x00,0x00,0x00,0x00,0x00,0x02,0x00,0x1e,0x64,0xd9,0xc4,0x8d,0x93,0x8d,0x8d,0x93,0x8d,0x88,0xb6,0xd4,0xd9,0x37,0x71,0xd9,0xd5,0x92,0x95,0x8c,0x8c,0x8d,0x93,0x8d,0x9f,0x92,0xc9,0x58,0x4b,0x00,0x08,0x00,0x00,0x00,0x00,0x00,0x00,0x00,0x00,0x00,0x00,0x00,0x00,0x00,0x00,0x00,0x00,0x00,0x00,0x00,0x00,0x00,0x00,0x00,0x00,0x00,0x00,0x00,0x00,0x00,0x00,0x00,0x00,0x00,0x00,0x00,0x00,0x00,0x00,0x00,0x00,0x00,0x00,0x00,0x00,0x00,0x00,0x00,0x00,0x00,0x00,0x00,0x00,0x00,
    0x00,0x00,0x00,0x00,0x00,0x00,0x00,0x00,0x00,0x00,0x00,0x00,0x00,0x00,0x00,0x00,0x00,0x00,0x00,0x00,0x00,0x00,0x00,0x00,0x00,0x00,0x00,0x00,0x00,0x00,0x00,0x00,0x00,0x00,0x00,0x00,0x00,0x00,0x00,0x00,0x00,0x00,0x00,0x00,0x00,0x00,0x00,0x00,0x00,0x00,0x00,0x00,0x00,0x00,0x00,0x00,0x00,0x00,0x01,0x40,0x25,0x1d,0x8f,0x93,0x8d,0x80,0x80,0x80,0x7b,0x7b,0x74,0x83,0x1f,0x20,0x53,0x2e,0x80,0x93,0x80,0x80,0x80,0x80,0x74,0x7b,0x88,0x94,0xb0,0x33,0x21,0x02,0x03,0x00,0x00,0x00,0x00,0x00,0x00,0x00,0x00,0x00,0x00,0x00,0x00,0x00,0x00,0x00,0x00,0x00,0x00,0x00,0x00,0x00,0x00,0x00,0x00,0x00,0x00,0x00,0x00,0x00,0x00,0x00,0x00,0x00,0x00,0x00,0x00,0x00,0x00,0x00,0x00,0x00,0x00,0x00,0x00,0x00,0x00,0x00,0x00,0x00,0x00,0x00,0x00,0x00,
    0x00,0x00,0x00,0x00,0x00,0x00,0x00,0x00,0x00,0x00,0x00,0x00,0x00,0x00,0x00,0x00,0x00,0x00,0x00,0x00,0x00,0x00,0x00,0x00,0x00,0x00,0x00,0x00,0x00,0x00,0x00,0x00,0x00,0x00,0x00,0x00,0x00,0x00,0x00,0x00,0x00,0x00,0x00,0x00,0x00,0x00,0x00,0x00,0x00,0x00,0x00,0x00,0x00,0x00,0x00,0x00,0x00,0x00,0x05,0x00,0x2b,0x1d,0x8d,0x81,0x7b,0x7b,0x7b,0x7b,0x7b,0x7b,0x83,0xa0,0xaa,0x56,0x56,0x2a,0x8f,0x93,0x81,0x80,0x88,0x74,0x7b,0x7b,0x7b,0x80,0x14,0x33,0x4e,0x00,0x02,0x00,0x00,0x00,0x00,0x00,0x00,0x00,0x00,0x00,0x00,0x00,0x00,0x00,0x00,0x00,0x00,0x00,0x00,0x00,0x00,0x00,0x00,0x00,0x00,0x00,0x00,0x00,0x00,0x00,0x00,0x00,0x00,0x00,0x00,0x00,0x00,0x00,0x00,0x00,0x00,0x00,0x00,0x00,0x00,0x00,0x00,0x00,0x00,0x00,0x00,0x00,0x00,0x00,
    0x00,0x00,0x00,0x00,0x00,0x00,0x00,0x00,0x00,0x00,0x00,0x00,0x00,0x00,0x00,0x00,0x00,0x00,0x00,0x00,0x00,0x00,0x00,0x00,0x00,0x00,0x00,0x00,0x00,0x00,0x00,0x00,0x00,0x00,0x00,0x00,0x00,0x00,0x00,0x00,0x00,0x00,0x00,0x00,0x00,0x00,0x00,0x00,0x00,0x00,0x00,0x00,0x00,0x00,0x00,0x00,0x00,0x00,0x03,0x00,0x47,0x2a,0x8d,0x83,0x7b,0x7b,0x7b,0x7b,0x7b,0x74,0x81,0x8d,0x9a,0x3e,0x4e,0x41,0x8d,0x88,0x7b,0x7b,0x7b,0x7b,0x7b,0x7b,0x80,0x96,0x29,0x53,0x00,0x00,0x00,0x00,0x00,0x00,0x00,0x00,0x00,0x00,0x00,0x00,0x00,0x00,0x00,0x00,0x00,0x00,0x00,0x00,0x00,0x00,0x00,0x00,0x00,0x00,0x00,0x00,0x00,0x00,0x00,0x00,0x00,0x00,0x00,0x00,0x00,0x00,0x00,0x00,0x00,0x00,0x00,0x00,0x00,0x00,0x00,0x00,0x00,0x00,0x00,0x00,0x00,0x00,0x00,0x00,
    0x00,0x00,0x00,0x00,0x00,0x00,0x00,0x00,0x00,0x00,0x00,0x00,0x00,0x00,0x00,0x00,0x00,0x00,0x00,0x00,0x00,0x00,0x00,0x00,0x00,0x00,0x00,0x00,0x00,0x00,0x00,0x00,0x00,0x00,0x00,0x00,0x00,0x00,0x00,0x00,0x00,0x00,0x00,0x00,0x00,0x00,0x00,0x00,0x00,0x00,0x00,0x00,0x00,0x00,0x00,0x00,0x00,0x00,0x03,0x00,0x37,0x1b,0xa7,0x95,0x7b,0x7b,0x7b,0x7b,0x88,0x81,0x81,0x80,0x32,0x47,0x4e,0x5e,0xa7,0x8a,0x7b,0x7b,0x7b,0x81,0x81,0x81,0x96,0x8d,0x1b,0x37,0x04,0x03,0x00,0x00,0x00,0x00,0x00,0x00,0x00,0x00,0x00,0x00,0x00,0x00,0x00,0x00,0x00,0x00,0x00,0x00,0x00,0x00,0x00,0x00,0x00,0x00,0x00,0x00,0x00,0x00,0x00,0x00,0x00,0x00,0x00,0x00,0x00,0x00,0x00,0x00,0x00,0x00,0x00,0x00,0x00,0x00,0x00,0x00,0x00,0x00,0x00,0x00,0x00,0x00,0x00,0x00,
    0x00,0x00,0x00,0x00,0x00,0x00,0x00,0x00,0x00,0x00,0x00,0x00,0x00,0x00,0x00,0x00,0x00,0x00,0x00,0x00,0x00,0x00,0x00,0x00,0x00,0x00,0x00,0x00,0x00,0x00,0x00,0x00,0x00,0x00,0x00,0x00,0x00,0x00,0x00,0x00,0x00,0x00,0x00,0x00,0x00,0x00,0x00,0x00,0x00,0x00,0x00,0x00,0x00,0x00,0x00,0x00,0x00,0x00,0x05,0x00,0x23,0x54,0x0d,0x8d,0x88,0x7b,0x7b,0x88,0x80,0x81,0x80,0x9f,0x49,0x37,0x38,0x49,0xa7,0x88,0x7b,0x7b,0x74,0x80,0x80,0x80,0x8d,0x81,0x30,0x34,0x00,0x05,0x00,0x00,0x00,0x00,0x00,0x00,0x00,0x00,0x00,0x00,0x00,0x00,0x00,0x00,0x00,0x00,0x00,0x00,0x00,0x00,0x00,0x00,0x00,0x00,0x00,0x00,0x00,0x00,0x00,0x00,0x00,0x00,0x00,0x00,0x00,0x00,0x00,0x00,0x00,0x00,0x00,0x00,0x00,0x00,0x00,0x00,0x00,0x00,0x00,0x00,0x00,0x00,0x00,0x00,
    0x00,0x00,0x00,0x00,0x00,0x00,0x00,0x00,0x00,0x00,0x00,0x00,0x00,0x00,0x00,0x00,0x00,0x00,0x00,0x00,0x00,0x00,0x00,0x00,0x00,0x00,0x00,0x00,0x00,0x00,0x00,0x00,0x00,0x00,0x00,0x00,0x00,0x00,0x00,0x00,0x00,0x00,0x00,0x00,0x00,0x00,0x00,0x00,0x00,0x00,0x00,0x00,0x00,0x00,0x00,0x00,0x00,0x00,0x04,0x00,0x1e,0x30,0x80,0x88,0x7b,0x7b,0x7b,0x88,0x81,0x80,0x81,0xa7,0x3f,0x37,0x2b,0x30,0xb7,0x81,0x80,0x74,0x7b,0x7b,0x7b,0x83,0x84,0x9d,0x2a,0x23,0x00,0x17,0x00,0x00,0x00,0x00,0x00,0x00,0x00,0x00,0x00,0x00,0x00,0x00,0x00,0x00,0x00,0x00,0x00,0x00,0x00,0x00,0x00,0x00,0x00,0x00,0x00,0x00,0x00,0x00,0x00,0x00,0x00,0x00,0x00,0x00,0x00,0x00,0x00,0x00,0x00,0x00,0x00,0x00,0x00,0x00,0x00,0x00,0x00,0x00,0x00,0x00,0x00,0x00,0x00,0x00,
    0x00,0x00,0x00,0x00,0x00,0x00,0x00,0x00,0x00,0x00,0x00,0x00,0x00,0x00,0x00,0x00,0x00,0x00,0x00,0x00,0x00,0x00,0x00,0x00,0x00,0x00,0x00,0x00,0x00,0x00,0x00,0x00,0x00,0x00,0x00,0x00,0x00,0x00,0x00,0x00,0x00,0x00,0x00,0x00,0x00,0x00,0x00,0x00,0x00,0x00,0x00,0x00,0x00,0x00,0x00,0x00,0x00,0x00,0x05,0x00,0x23,0x1b,0x0d,0x81,0x80,0x80,0x88,0x74,0x80,0x81,0x93,0x9d,0x24,0x2b,0x4b,0x2a,0x0d,0x81,0x80,0x7b,0x7b,0x7b,0x88,0x80,0x8d,0x4a,0x35,0x1e,0x00,0x04,0x00,0x00,0x00,0x00,0x00,0x00,0x00,0x00,0x00,0x00,0x00,0x00,0x00,0x00,0x00,0x00,0x00,0x00,0x00,0x00,0x00,0x00,0x00,0x00,0x00,0x00,0x00,0x00,0x00,0x00,0x00,0x00,0x00,0x00,0x00,0x00,0x00,0x00,0x00,0x00,0x00,0x00,0x00,0x00,0x00,0x00,0x00,0x00,0x00,0x00,0x00,0x00,0x00,0x00,
    0x00,0x00,0x00,0x00,0x00,0x00,0x00,0x00,0x00,0x00,0x00,0x00,0x00,0x00,0x00,0x00,0x00,0x00,0x00,0x00,0x00,0x00,0x00,0x00,0x00,0x00,0x00,0x00,0x00,0x00,0x00,0x00,0x00,0x00,0x00,0x00,0x00,0x00,0x00,0x00,0x00,0x00,0x00,0x00,0x00,0x00,0x00,0x00,0x00,0x00,0x00,0x00,0x00,0x00,0x00,0x00,0x00,0x00,0x04,0x00,0x38,0x51,0xa7,0x81,0x81,0x81,0x81,0x81,0x81,0x93,0xa0,0xb4,0x64,0x4e,0x08,0x36,0x80,0x8c,0x80,0x88,0x80,0x81,0x81,0x93,0x96,0xa7,0x39,0x1e,0x00,0x04,0x00,0x00,0x00,0x00,0x00,0x00,0x00,0x00,0x00,0x00,0x00,0x00,0x00,0x00,0x00,0x00,0x00,0x00,0x00,0x00,0x00,0x00,0x00,0x00,0x00,0x00,0x00,0x00,0x00,0x00,0x00,0x00,0x00,0x00,0x00,0x00,0x00,0x00,0x00,0x00,0x00,0x00,0x00,0x00,0x00,0x00,0x00,0x00,0x00,0x00,0x00,0x00,0x00,0x00,
    0x00,0x00,0x00,0x00,0x00,0x00,0x00,0x00,0x00,0x00,0x00,0x00,0x00,0x00,0x00,0x00,0x00,0x00,0x00,0x00,0x00,0x00,0x00,0x00,0x00,0x00,0x00,0x00,0x00,0x00,0x00,0x00,0x00,0x00,0x00,0x00,0x00,0x00,0x00,0x00,0x00,0x00,0x00,0x00,0x00,0x00,0x00,0x00,0x00,0x00,0x00,0x00,0x00,0x00,0x00,0x00,0x00,0x00,0x05,0x00,0x21,0x1b,0xb7,0x88,0x88,0x80,0x80,0x81,0x81,0x80,0x84,0x2f,0x33,0x38,0x3b,0x54,0x1d,0x81,0x93,0x93,0x8d,0x8d,0x8d,0x8d,0x93,0x81,0x4d,0x34,0x00,0x05,0x00,0x00,0x00,0x00,0x00,0x00,0x00,0x00,0x00,0x00,0x00,0x00,0x00,0x00,0x00,0x00,0x00,0x00,0x00,0x00,0x00,0x00,0x00,0x00,0x00,0x00,0x00,0x00,0x00,0x00,0x00,0x00,0x00,0x00,0x00,0x00,0x00,0x00,0x00,0x00,0x00,0x00,0x00,0x00,0x00,0x00,0x00,0x00,0x00,0x00,0x00,0x00,0x00,0x00,
    0x00,0x00,0x00,0x00,0x00,0x00,0x00,0x00,0x00,0x00,0x00,0x00,0x00,0x00,0x00,0x00,0x00,0x00,0x00,0x00,0x00,0x00,0x00,0x00,0x00,0x00,0x00,0x00,0x00,0x00,0x00,0x00,0x00,0x00,0x00,0x00,0x00,0x00,0x00,0x00,0x00,0x00,0x00,0x00,0x00,0x00,0x00,0x00,0x00,0x00,0x00,0x00,0x00,0x00,0x00,0x00,0x00,0x00,0x05,0x00,0x42,0x29,0x0d,0x88,0x83,0x7b,0x7b,0x74,0x7b,0x80,0x80,0x5b,0x35,0x00,0x00,0x53,0x46,0x8d,0x93,0x81,0x80,0x81,0x81,0x81,0x93,0x80,0x29,0x48,0x04,0x03,0x00,0x00,0x00,0x00,0x00,0x00,0x00,0x00,0x00,0x00,0x00,0x00,0x00,0x00,0x00,0x00,0x00,0x00,0x00,0x00,0x00,0x00,0x00,0x00,0x00,0x00,0x00,0x00,0x00,0x00,0x00,0x00,0x00,0x00,0x00,0x00,0x00,0x00,0x00,0x00,0x00,0x00,0x00,0x00,0x00,0x00,0x00,0x00,0x00,0x00,0x00,0x00,0x00,0x00,
    0x00,0x00,0x00,0x00,0x00,0x00,0x00,0x00,0x00,0x00,0x00,0x00,0x00,0x00,0x00,0x00,0x00,0x00,0x00,0x00,0x00,0x00,0x00,0x00,0x00,0x00,0x00,0x00,0x00,0x00,0x00,0x00,0x00,0x00,0x00,0x00,0x00,0x00,0x00,0x00,0x00,0x00,0x00,0x00,0x00,0x00,0x00,0x00,0x00,0x00,0x00,0x00,0x00,0x00,0x00,0x00,0x00,0x00,0x03,0x00,0x47,0x4d,0x96,0x81,0x74,0x7b,0x7b,0x7b,0x7b,0x9f,0xa0,0x4d,0x45,0x17,0x00,0x53,0x29,0x93,0x9f,0x7b,0x7b,0x80,0x81,0x81,0x93,0x8d,0x5b,0x35,0x00,0x04,0x00,0x00,0x00,0x00,0x00,0x00,0x00,0x00,0x00,0x00,0x00,0x00,0x00,0x00,0x00,0x00,0x00,0x00,0x00,0x00,0x00,0x00,0x00,0x00,0x00,0x00,0x00,0x00,0x00,0x00,0x00,0x00,0x00,0x00,0x00,0x00,0x00,0x00,0x00,0x00,0x00,0x00,0x00,0x00,0x00,0x00,0x00,0x00,0x00,0x00,0x00,0x00,0x00,0x00,
    0x00,0x00,0x00,0x00,0x00,0x00,0x00,0x00,0x00,0x00,0x00,0x00,0x00,0x00,0x00,0x00,0x00,0x00,0x00,0x00,0x00,0x00,0x00,0x00,0x00,0x00,0x00,0x00,0x00,0x00,0x00,0x00,0x00,0x00,0x00,0x00,0x00,0x00,0x00,0x00,0x00,0x00,0x00,0x00,0x00,0x00,0x00,0x00,0x00,0x00,0x00,0x00,0x00,0x00,0x00,0x00,0x00,0x00,0x05,0x00,0x47,0x18,0x8d,0x96,0x81,0x80,0x80,0x74,0x7b,0x83,0xa0,0x30,0x34,0x00,0x00,0x2b,0x3f,0x0d,0x81,0x88,0x80,0x80,0x80,0x80,0x8d,0x8d,0xae,0x36,0x40,0x03,0x02,0x00,0x00,0x00,0x00,0x00,0x00,0x00,0x00,0x00,0x00,0x00,0x00,0x00,0x00,0x00,0x00,0x00,0x00,0x00,0x00,0x00,0x00,0x00,0x00,0x00,0x00,0x00,0x00,0x00,0x00,0x00,0x00,0x00,0x00,0x00,0x00,0x00,0x00,0x00,0x00,0x00,0x00,0x00,0x00,0x00,0x00,0x00,0x00,0x00,0x00,0x00,0x00,0x00,
    0x00,0x00,0x00,0x00,0x00,0x00,0x00,0x00,0x00,0x00,0x00,0x00,0x00,0x00,0x00,0x00,0x00,0x00,0x00,0x00,0x00,0x00,0x00,0x00,0x00,0x00,0x00,0x00,0x00,0x00,0x00,0x00,0x00,0x00,0x00,0x00,0x00,0x00,0x00,0x00,0x00,0x00,0x00,0x00,0x00,0x00,0x00,0x00,0x00,0x00,0x00,0x00,0x00,0x00,0x00,0x00,0x00,0x00,0x05,0x08,0x47,0xae,0x81,0x80,0x74,0x7b,0x88,0x80,0x80,0x81,0x93,0x41,0x55,0x02,0x00,0x34,0x30,0x9f,0x84,0x7b,0x74,0x7b,0x7b,0x7b,0x74,0x80,0x0d,0x33,0x1a,0x00,0x08,0x00,0x00,0x00,0x00,0x00,0x00,0x00,0x00,0x00,0x00,0x00,0x00,0x00,0x00,0x00,0x00,0x00,0x00,0x00,0x00,0x00,0x00,0x00,0x00,0x00,0x00,0x00,0x00,0x00,0x00,0x00,0x00,0x00,0x00,0x00,0x00,0x00,0x00,0x00,0x00,0x00,0x00,0x00,0x00,0x00,0x00,0x00,0x00,0x00,0x00,0x00,0x00,0x00,
    0x00,0x00,0x00,0x00,0x00,0x00,0x00,0x00,0x00,0x00,0x00,0x00,0x00,0x00,0x00,0x00,0x00,0x00,0x00,0x00,0x00,0x00,0x00,0x00,0x00,0x00,0x00,0x00,0x00,0x00,0x00,0x00,0x00,0x00,0x00,0x00,0x00,0x00,0x00,0x00,0x00,0x00,0x00,0x00,0x00,0x00,0x00,0x00,0x00,0x00,0x00,0x00,0x00,0x00,0x00,0x00,0x00,0x08,0x00,0x1a,0x0c,0x14,0x80,0xca,0x83,0x83,0x83,0x9f,0xb7,0x93,0x93,0x30,0x34,0x00,0x00,0x4b,0x2a,0xa7,0x7b,0x83,0x83,0x83,0x83,0x83,0x9f,0x8d,0xab,0x0c,0x11,0x15,0x01,0x02,0x00,0x00,0x00,0x00,0x00,0x00,0x00,0x00,0x00,0x00,0x00,0x00,0x00,0x00,0x00,0x00,0x00,0x00,0x00,0x00,0x00,0x00,0x00,0x00,0x00,0x00,0x00,0x00,0x00,0x00,0x00,0x00,0x00,0x00,0x00,0x00,0x00,0x00,0x00,0x00,0x00,0x00,0x00,0x00,0x00,0x00,0x00,0x00,0x00,0x00,0x00,0x00,
    0x00,0x00,0x00,0x00,0x00,0x00,0x00,0x00,0x00,0x00,0x00,0x00,0x00,0x00,0x00,0x00,0x00,0x00,0x00,0x00,0x00,0x00,0x00,0x00,0x00,0x00,0x00,0x00,0x00,0x00,0x00,0x00,0x00,0x00,0x00,0x00,0x00,0x00,0x00,0x00,0x00,0x00,0x00,0x00,0x00,0x00,0x00,0x00,0x00,0x00,0x00,0x00,0x00,0x00,0x00,0x00,0x02,0x08,0x13,0x0c,0x7f,0xb3,0xc2,0x88,0x88,0x8c,0x98,0x94,0x94,0x8f,0xce,0x07,0x10,0x19,0x1a,0x11,0x28,0x1d,0x8f,0x94,0x94,0x94,0x94,0x94,0x94,0xc2,0xc5,0x7f,0x26,0x20,0x00,0x01,0x00,0x00,0x00,0x00,0x00,0x00,0x00,0x00,0x00,0x00,0x00,0x00,0x00,0x00,0x00,0x00,0x00,0x00,0x00,0x00,0x00,0x00,0x00,0x00,0x00,0x00,0x00,0x00,0x00,0x00,0x00,0x00,0x00,0x00,0x00,0x00,0x00,0x00,0x00,0x00,0x00,0x00,0x00,0x00,0x00,0x00,0x00,0x00,0x00,0x00,0x00,0x00,
    0x00,0x00,0x00,0x00,0x00,0x00,0x00,0x00,0x00,0x00,0x00,0x00,0x00,0x00,0x00,0x00,0x00,0x00,0x00,0x00,0x00,0x00,0x00,0x00,0x00,0x00,0x00,0x00,0x00,0x00,0x00,0x00,0x00,0x00,0x00,0x00,0x00,0x00,0x00,0x00,0x00,0x00,0x00,0x00,0x00,0x00,0x00,0x00,0x00,0x00,0x00,0x00,0x00,0x00,0x00,0x00,0x08,0x00,0x19,0x75,0x07,0xa2,0xb3,0x14,0x14,0x18,0xb4,0xb0,0xb4,0x1d,0xb3,0x79,0x73,0x0f,0x20,0x12,0x77,0xbf,0x1d,0x1d,0xaa,0xaa,0x18,0x14,0xbb,0xd0,0x1c,0x07,0x75,0x0f,0x09,0x02,0x01,0x00,0x00,0x00,0x00,0x00,0x00,0x00,0x00,0x00,0x00,0x00,0x00,0x00,0x00,0x00,0x00,0x00,0x00,0x00,0x00,0x00,0x00,0x00,0x00,0x00,0x00,0x00,0x00,0x00,0x00,0x00,0x00,0x00,0x00,0x00,0x00,0x00,0x00,0x00,0x00,0x00,0x00,0x00,0x00,0x00,0x00,0x00,0x00,0x00,0x00,0x00,
    0x00,0x00,0x00,0x00,0x00,0x00,0x00,0x00,0x00,0x00,0x00,0x00,0x00,0x00,0x00,0x00,0x00,0x00,0x00,0x00,0x00,0x00,0x00,0x00,0x00,0x00,0x00,0x00,0x00,0x00,0x00,0x00,0x00,0x00,0x00,0x00,0x00,0x00,0x00,0x00,0x00,0x00,0x00,0x00,0x00,0x00,0x00,0x00,0x00,0x00,0x00,0x00,0x00,0x00,0x00,0x01,0x02,0x19,0x27,0x06,0x07,0x7f,0x7f,0x7c,0x7c,0x7c,0x77,0x79,0x77,0x7f,0x7f,0x06,0x06,0x0b,0x00,0x12,0x77,0x7c,0x7f,0x77,0x77,0x75,0x7f,0x7f,0x7c,0x7f,0x7f,0x75,0x77,0x6a,0x20,0x00,0x01,0x00,0x00,0x00,0x00,0x00,0x00,0x00,0x00,0x00,0x00,0x00,0x00,0x00,0x00,0x00,0x00,0x00,0x00,0x00,0x00,0x00,0x00,0x00,0x00,0x00,0x00,0x00,0x00,0x00,0x00,0x00,0x00,0x00,0x00,0x00,0x00,0x00,0x00,0x00,0x00,0x00,0x00,0x00,0x00,0x00,0x00,0x00,0x00,0x00,0x00,0x00,
    0x00,0x00,0x00,0x00,0x00,0x00,0x00,0x00,0x00,0x00,0x00,0x00,0x00,0x00,0x00,0x00,0x00,0x00,0x00,0x00,0x00,0x00,0x00,0x00,0x00,0x00,0x00,0x00,0x00,0x00,0x00,0x00,0x00,0x00,0x00,0x00,0x00,0x00,0x00,0x00,0x00,0x00,0x00,0x00,0x00,0x00,0x00,0x00,0x00,0x00,0x00,0x00,0x00,0x00,0x00,0x01,0x00,0x0b,0x12,0x76,0x7a,0x79,0x79,0x7d,0x7d,0x7d,0x7d,0x7a,0x77,0x77,0x77,0x06,0x77,0x11,0x1a,0x77,0x07,0x75,0x79,0x7d,0x7d,0x7d,0x7d,0x7d,0x7d,0x79,0x79,0x0e,0xa2,0x4f,0x00,0x08,0x00,0x00,0x00,0x00,0x00,0x00,0x00,0x00,0x00,0x00,0x00,0x00,0x00,0x00,0x00,0x00,0x00,0x00,0x00,0x00,0x00,0x00,0x00,0x00,0x00,0x00,0x00,0x00,0x00,0x00,0x00,0x00,0x00,0x00,0x00,0x00,0x00,0x00,0x00,0x00,0x00,0x00,0x00,0x00,0x00,0x00,0x00,0x00,0x00,0x00,0x00,0x00,
    0x00,0x00,0x00,0x00,0x00,0x00,0x00,0x00,0x00,0x00,0x00,0x00,0x00,0x00,0x00,0x00,0x00,0x00,0x00,0x00,0x00,0x00,0x00,0x00,0x00,0x00,0x00,0x00,0x00,0x00,0x00,0x00,0x00,0x00,0x00,0x00,0x00,0x00,0x00,0x00,0x00,0x00,0x00,0x00,0x00,0x00,0x00,0x00,0x00,0x00,0x00,0x00,0x00,0x00,0x00,0x01,0x00,0x0b,0x12,0x76,0x0e,0x76,0x77,0x7a,0x73,0x73,0x75,0x75,0x75,0x75,0x77,0x06,0x75,0x10,0x0f,0x79,0x0e,0x7a,0x77,0x73,0x76,0x7a,0x79,0x77,0x77,0x75,0x7a,0x76,0x7a,0x28,0x65,0x04,0x00,0x00,0x00,0x00,0x00,0x00,0x00,0x00,0x00,0x00,0x00,0x00,0x00,0x00,0x00,0x00,0x00,0x00,0x00,0x00,0x00,0x00,0x00,0x00,0x00,0x00,0x00,0x00,0x00,0x00,0x00,0x00,0x00,0x00,0x00,0x00,0x00,0x00,0x00,0x00,0x00,0x00,0x00,0x00,0x00,0x00,0x00,0x00,0x00,0x00,0x00,0x00,
    0x00,0x00,0x00,0x00,0x00,0x00,0x00,0x00,0x00,0x00,0x00,0x00,0x00,0x00,0x00,0x00,0x00,0x00,0x00,0x00,0x00,0x00,0x00,0x00,0x00,0x00,0x00,0x00,0x00,0x00,0x00,0x00,0x00,0x00,0x00,0x00,0x00,0x00,0x00,0x00,0x00,0x00,0x00,0x00,0x00,0x00,0x00,0x00,0x00,0x00,0x00,0x00,0x00,0x00,0x00,0x01,0x00,0x2d,0x22,0x73,0x79,0x7f,0x7c,0x75,0x77,0x77,0x77,0x77,0x77,0x7c,0x7c,0x79,0x07,0x0f,0x10,0x28,0x76,0x77,0x7c,0x7a,0x79,0x75,0x75,0x77,0x75,0x7c,0x7f,0x75,0x79,0x0c,0x25,0x08,0x00,0x00,0x00,0x00,0x00,0x00,0x00,0x00,0x00,0x00,0x00,0x00,0x00,0x00,0x00,0x00,0x00,0x00,0x00,0x00,0x00,0x00,0x00,0x00,0x00,0x00,0x00,0x00,0x00,0x00,0x00,0x00,0x00,0x00,0x00,0x00,0x00,0x00,0x00,0x00,0x00,0x00,0x00,0x00,0x00,0x00,0x00,0x00,0x00,0x00,0x00,0x00,
    0x00,0x00,0x00,0x00,0x00,0x00,0x00,0x00,0x00,0x00,0x00,0x00,0x00,0x00,0x00,0x00,0x00,0x00,0x00,0x00,0x00,0x00,0x00,0x00,0x00,0x00,0x00,0x00,0x00,0x00,0x00,0x00,0x00,0x00,0x00,0x00,0x00,0x00,0x00,0x00,0x00,0x00,0x00,0x00,0x00,0x00,0x00,0x00,0x00,0x00,0x00,0x00,0x00,0x00,0x00,0x00,0x00,0x00,0x22,0x7c,0x76,0xd7,0x89,0x75,0x7f,0x75,0x79,0x79,0x75,0x7a,0xdb,0x89,0x07,0x09,0x0b,0x28,0x75,0xc3,0x76,0x7f,0x7f,0x7f,0x7c,0x7c,0x75,0x72,0xa8,0x44,0x76,0x10,0x00,0x08,0x00,0x00,0x00,0x00,0x00,0x00,0x00,0x00,0x00,0x00,0x00,0x00,0x00,0x00,0x00,0x00,0x00,0x00,0x00,0x00,0x00,0x00,0x00,0x00,0x00,0x00,0x00,0x00,0x00,0x00,0x00,0x00,0x00,0x00,0x00,0x00,0x00,0x00,0x00,0x00,0x00,0x00,0x00,0x00,0x00,0x00,0x00,0x00,0x00,0x00,0x00,0x00,
    0x00,0x00,0x00,0x00,0x00,0x00,0x00,0x00,0x00,0x00,0x00,0x00,0x00,0x00,0x00,0x00,0x00,0x00,0x00,0x00,0x00,0x00,0x00,0x00,0x00,0x00,0x00,0x00,0x00,0x00,0x00,0x00,0x00,0x00,0x00,0x00,0x00,0x00,0x00,0x00,0x00,0x00,0x00,0x00,0x00,0x00,0x00,0x00,0x00,0x00,0x00,0x00,0x00,0x00,0x00,0x02,0x00,0x20,0x22,0x77,0x73,0xdb,0xb2,0xb2,0xde,0xc3,0xb8,0xd8,0xbd,0xb2,0xad,0x82,0x7a,0x1a,0x11,0x26,0x79,0xbd,0xc6,0xa8,0xd8,0xb8,0xb8,0xde,0xa8,0xb2,0xbd,0x76,0x76,0x28,0x5a,0x04,0x00,0x00,0x00,0x00,0x00,0x00,0x00,0x00,0x00,0x00,0x00,0x00,0x00,0x00,0x00,0x00,0x00,0x00,0x00,0x00,0x00,0x00,0x00,0x00,0x00,0x00,0x00,0x00,0x00,0x00,0x00,0x00,0x00,0x00,0x00,0x00,0x00,0x00,0x00,0x00,0x00,0x00,0x00,0x00,0x00,0x00,0x00,0x00,0x00,0x00,0x00,0x00,
    0x00,0x00,0x00,0x00,0x00,0x00,0x00,0x00,0x00,0x00,0x00,0x00,0x00,0x00,0x00,0x00,0x00,0x00,0x00,0x00,0x00,0x00,0x00,0x00,0x00,0x00,0x00,0x00,0x00,0x00,0x00,0x00,0x00,0x00,0x00,0x00,0x00,0x00,0x00,0x00,0x00,0x00,0x00,0x00,0x00,0x00,0x00,0x00,0x00,0x00,0x00,0x00,0x00,0x00,0x00,0x01,0x00,0x0b,0x12,0x7d,0x7a,0x73,0x1c,0x87,0xad,0xcd,0xbc,0xbc,0xb8,0x72,0xa2,0x75,0x12,0x15,0x0b,0x22,0x73,0x06,0xb9,0xb8,0xbc,0xbc,0xd3,0xad,0x89,0xa2,0x77,0x75,0x7a,0x28,0x5a,0x04,0x00,0x00,0x00,0x00,0x00,0x00,0x00,0x00,0x00,0x00,0x00,0x00,0x00,0x00,0x00,0x00,0x00,0x00,0x00,0x00,0x00,0x00,0x00,0x00,0x00,0x00,0x00,0x00,0x00,0x00,0x00,0x00,0x00,0x00,0x00,0x00,0x00,0x00,0x00,0x00,0x00,0x00,0x00,0x00,0x00,0x00,0x00,0x00,0x00,0x00,0x00,0x00,
    0x00,0x00,0x00,0x00,0x00,0x00,0x00,0x00,0x00,0x00,0x00,0x00,0x00,0x00,0x00,0x00,0x00,0x00,0x00,0x00,0x00,0x00,0x00,0x00,0x00,0x00,0x00,0x00,0x00,0x00,0x00,0x00,0x00,0x00,0x00,0x00,0x00,0x00,0x00,0x00,0x00,0x00,0x00,0x00,0x00,0x00,0x00,0x00,0x00,0x00,0x00,0x00,0x00,0x00,0x00,0x01,0x00,0x0b,0x12,0x76,0x73,0x82,0xad,0xbc,0xbd,0x89,0x7a,0xd8,0xb2,0xbd,0x0e,0x7c,0x27,0x00,0x15,0x22,0x76,0x73,0xd7,0xe6,0xa8,0x87,0x77,0xd8,0xad,0xb2,0x87,0x7c,0x77,0x28,0x5a,0x04,0x00,0x00,0x00,0x00,0x00,0x00,0x00,0x00,0x00,0x00,0x00,0x00,0x00,0x00,0x00,0x00,0x00,0x00,0x00,0x00,0x00,0x00,0x00,0x00,0x00,0x00,0x00,0x00,0x00,0x00,0x00,0x00,0x00,0x00,0x00,0x00,0x00,0x00,0x00,0x00,0x00,0x00,0x00,0x00,0x00,0x00,0x00,0x00,0x00,0x00,0x00,0x00,
    0x00,0x00,0x00,0x00,0x00,0x00,0x00,0x00,0x00,0x00,0x00,0x00,0x00,0x00,0x00,0x00,0x00,0x00,0x00,0x00,0x00,0x00,0x00,0x00,0x00,0x00,0x00,0x00,0x00,0x00,0x00,0x00,0x00,0x00,0x00,0x00,0x00,0x00,0x00,0x00,0x00,0x00,0x00,0x00,0x00,0x00,0x00,0x00,0x00,0x00,0x00,0x00,0x00,0x00,0x00,0x01,0x00,0x0b,0x12,0x7d,0x07,0xd7,0xe6,0xad,0xb8,0x7c,0x75,0x87,0xbd,0xad,0xdb,0x7f,0x0c,0x02,0x01,0x10,0x79,0x0a,0xe6,0xb2,0xc3,0x7c,0x7f,0x79,0xa8,0xad,0xa8,0x77,0x7d,0x28,0x25,0x00,0x02,0x00,0x00,0x00,0x00,0x00,0x00,0x00,0x00,0x00,0x00,0x00,0x00,0x00,0x00,0x00,0x00,0x00,0x00,0x00,0x00,0x00,0x00,0x00,0x00,0x00,0x00,0x00,0x00,0x00,0x00,0x00,0x00,0x00,0x00,0x00,0x00,0x00,0x00,0x00,0x00,0x00,0x00,0x00,0x00,0x00,0x00,0x00,0x00,0x00,0x00,0x00,
    0x00,0x00,0x00,0x00,0x00,0x00,0x00,0x00,0x00,0x00,0x00,0x00,0x00,0x00,0x00,0x00,0x00,0x00,0x00,0x00,0x00,0x00,0x00,0x00,0x00,0x00,0x00,0x00,0x00,0x00,0x00,0x00,0x00,0x00,0x00,0x00,0x00,0x00,0x00,0x00,0x00,0x00,0x00,0x00,0x00,0x00,0x00,0x00,0x00,0x00,0x00,0x00,0x00,0x00,0x00,0x01,0x08,0x0f,0x26,0x7d,0x7a,0x76,0x7c,0xd8,0xcb,0xb2,0xbd,0xbc,0xd8,0x79,0x06,0x75,0x0c,0x00,0x00,0x10,0x75,0x06,0x7c,0x89,0xcb,0xbc,0xa8,0xcb,0xb2,0x73,0x79,0x79,0x7d,0x28,0x13,0x00,0x02,0x00,0x00,0x00,0x00,0x00,0x00,0x00,0x00,0x00,0x00,0x00,0x00,0x00,0x00,0x00,0x00,0x00,0x00,0x00,0x00,0x00,0x00,0x00,0x00,0x00,0x00,0x00,0x00,0x00,0x00,0x00,0x00,0x00,0x00,0x00,0x00,0x00,0x00,0x00,0x00,0x00,0x00,0x00,0x00,0x00,0x00,0x00,0x00,0x00,0x00,0x00,
    0x00,0x00,0x00,0x00,0x00,0x00,0x00,0x00,0x00,0x00,0x00,0x00,0x00,0x00,0x00,0x00,0x00,0x00,0x00,0x00,0x00,0x00,0x00,0x00,0x00,0x00,0x00,0x00,0x00,0x00,0x00,0x00,0x00,0x00,0x00,0x00,0x00,0x00,0x00,0x00,0x00,0x00,0x00,0x00,0x00,0x00,0x00,0x00,0x00,0x00,0x00,0x00,0x00,0x00,0x00,0x01,0x08,0x2d,0x79,0x73,0x77,0x7f,0x7f,0x89,0xe6,0xcb,0xbc,0xad,0x79,0x7c,0x07,0x77,0x0c,0x00,0x00,0x10,0x79,0x73,0x7f,0x7c,0xad,0xf0,0xbc,0xcb,0xc3,0x77,0x7c,0x75,0x77,0x28,0x15,0x00,0x02,0x00,0x00,0x00,0x00,0x00,0x00,0x00,0x00,0x00,0x00,0x00,0x00,0x00,0x00,0x00,0x00,0x00,0x00,0x00,0x00,0x00,0x00,0x00,0x00,0x00,0x00,0x00,0x00,0x00,0x00,0x00,0x00,0x00,0x00,0x00,0x00,0x00,0x00,0x00,0x00,0x00,0x00,0x00,0x00,0x00,0x00,0x00,0x00,0x00,0x00,0x00,
    0x00,0x00,0x00,0x00,0x00,0x00,0x00,0x00,0x00,0x00,0x00,0x00,0x00,0x00,0x00,0x00,0x00,0x00,0x00,0x00,0x00,0x00,0x00,0x00,0x00,0x00,0x00,0x00,0x00,0x00,0x00,0x00,0x00,0x00,0x00,0x00,0x00,0x00,0x00,0x00,0x00,0x00,0x00,0x00,0x00,0x00,0x00,0x00,0x00,0x00,0x00,0x00,0x00,0x00,0x00,0x08,0x00,0x19,0x77,0x07,0x7c,0x89,0xe6,0xcb,0xc3,0x77,0x75,0xdb,0xcb,0xa8,0x06,0x73,0x0c,0x00,0x00,0x10,0x76,0x06,0xdb,0xcb,0xb2,0x72,0x7c,0x89,0xbc,0xbc,0x82,0x7c,0x75,0x28,0x13,0x00,0x02,0x00,0x00,0x00,0x00,0x00,0x00,0x00,0x00,0x00,0x00,0x00,0x00,0x00,0x00,0x00,0x00,0x00,0x00,0x00,0x00,0x00,0x00,0x00,0x00,0x00,0x00,0x00,0x00,0x00,0x00,0x00,0x00,0x00,0x00,0x00,0x00,0x00,0x00,0x00,0x00,0x00,0x00,0x00,0x00,0x00,0x00,0x00,0x00,0x00,0x00,0x00,
    0x00,0x00,0x00,0x00,0x00,0x00,0x00,0x00,0x00,0x00,0x00,0x00,0x00,0x00,0x00,0x00,0x00,0x00,0x00,0x00,0x00,0x00,0x00,0x00,0x00,0x00,0x00,0x00,0x00,0x00,0x00,0x00,0x00,0x00,0x00,0x00,0x00,0x00,0x00,0x00,0x00,0x00,0x00,0x00,0x00,0x00,0x00,0x00,0x00,0x00,0x00,0x00,0x00,0x00,0x00,0x08,0x02,0x19,0x77,0x06,0x75,0x0a,0xbc,0xcb,0xd7,0x82,0x72,0xa8,0xcb,0xad,0x0e,0x73,0x0c,0x00,0x00,0x10,0x79,0x06,0xdb,0xbc,0xa8,0x87,0x77,0xc3,0xbc,0xad,0x82,0x75,0x7a,0x44,0x19,0x00,0x01,0x00,0x00,0x00,0x00,0x00,0x00,0x00,0x00,0x00,0x00,0x00,0x00,0x00,0x00,0x00,0x00,0x00,0x00,0x00,0x00,0x00,0x00,0x00,0x00,0x00,0x00,0x00,0x00,0x00,0x00,0x00,0x00,0x00,0x00,0x00,0x00,0x00,0x00,0x00,0x00,0x00,0x00,0x00,0x00,0x00,0x00,0x00,0x00,0x00,0x00,0x00,
    0x00,0x00,0x00,0x00,0x00,0x00,0x00,0x00,0x00,0x00,0x00,0x00,0x00,0x00,0x00,0x00,0x00,0x00,0x00,0x00,0x00,0x00,0x00,0x00,0x00,0x00,0x00,0x00,0x00,0x00,0x00,0x00,0x00,0x00,0x00,0x00,0x00,0x00,0x00,0x00,0x00,0x00,0x00,0x00,0x00,0x00,0x00,0x00,0x00,0x00,0x00,0x00,0x00,0x00,0x00,0x08,0x00,0x0b,0x77,0x0e,0x7d,0x75,0x7f,0x89,0xe6,0xcb,0xcb,0xad,0x82,0x7c,0x06,0x79,0x0c,0x00,0x3b,0x10,0x75,0x07,0x7f,0x7f,0xa8,0xcd,0xad,0xbc,0xb8,0x7f,0x7c,0x77,0x06,0x77,0x0b,0x00,0x08,0x00,0x00,0x00,0x00,0x00,0x00,0x00,0x00,0x00,0x00,0x00,0x00,0x00,0x00,0x00,0x00,0x00,0x00,0x00,0x00,0x00,0x00,0x00,0x00,0x00,0x00,0x00,0x00,0x00,0x00,0x00,0x00,0x00,0x00,0x00,0x00,0x00,0x00,0x00,0x00,0x00,0x00,0x00,0x00,0x00,0x00,0x00,0x00,0x00,0x00,0x00,
    0x00,0x00,0x00,0x00,0x00,0x00,0x00,0x00,0x00,0x00,0x00,0x00,0x00,0x00,0x00,0x00,0x00,0x00,0x00,0x00,0x00,0x00,0x00,0x00,0x00,0x00,0x00,0x00,0x00,0x00,0x00,0x00,0x00,0x00,0x00,0x00,0x00,0x00,0x00,0x00,0x00,0x00,0x00,0x00,0x00,0x00,0x00,0x00,0x00,0x00,0x00,0x00,0x00,0x00,0x01,0x02,0x1a,0x0c,0x77,0x06,0x77,0x7c,0xc3,0xad,0xad,0xc3,0xb8,0xb2,0xbd,0x87,0x7c,0x79,0x22,0x13,0x5a,0x28,0x77,0x7c,0x79,0xd8,0xad,0xde,0x89,0xa8,0xb2,0xc3,0x7c,0x75,0x07,0x75,0x0b,0x02,0x08,0x00,0x00,0x00,0x00,0x00,0x00,0x00,0x00,0x00,0x00,0x00,0x00,0x00,0x00,0x00,0x00,0x00,0x00,0x00,0x00,0x00,0x00,0x00,0x00,0x00,0x00,0x00,0x00,0x00,0x00,0x00,0x00,0x00,0x00,0x00,0x00,0x00,0x00,0x00,0x00,0x00,0x00,0x00,0x00,0x00,0x00,0x00,0x00,0x00,0x00,0x00,
    0x00,0x00,0x00,0x00,0x00,0x00,0x00,0x00,0x00,0x00,0x00,0x00,0x00,0x00,0x00,0x00,0x00,0x00,0x00,0x00,0x00,0x00,0x00,0x00,0x00,0x00,0x00,0x00,0x00,0x00,0x00,0x00,0x00,0x00,0x00,0x00,0x00,0x00,0x00,0x00,0x00,0x00,0x00,0x00,0x00,0x00,0x00,0x00,0x00,0x00,0x00,0x00,0x00,0x00,0x01,0x01,0x1a,0x0c,0x76,0x0e,0x75,0xa8,0xbc,0xbd,0xb2,0xd7,0xa8,0xbd,0xbd,0xbd,0x82,0x79,0x12,0x15,0x2d,0x26,0x76,0x87,0xbc,0xad,0xb2,0xd7,0xb2,0xd7,0xbd,0xc6,0xa8,0x77,0x06,0x77,0x27,0x00,0x08,0x00,0x00,0x00,0x00,0x00,0x00,0x00,0x00,0x00,0x00,0x00,0x00,0x00,0x00,0x00,0x00,0x00,0x00,0x00,0x00,0x00,0x00,0x00,0x00,0x00,0x00,0x00,0x00,0x00,0x00,0x00,0x00,0x00,0x00,0x00,0x00,0x00,0x00,0x00,0x00,0x00,0x00,0x00,0x00,0x00,0x00,0x00,0x00,0x00,0x00,0x00,
    0x00,0x00,0x00,0x00,0x00,0x00,0x00,0x00,0x00,0x00,0x00,0x00,0x00,0x00,0x00,0x00,0x00,0x00,0x00,0x00,0x00,0x00,0x00,0x00,0x00,0x00,0x00,0x00,0x00,0x00,0x00,0x00,0x00,0x00,0x00,0x00,0x00,0x00,0x00,0x00,0x00,0x00,0x00,0x00,0x00,0x00,0x00,0x00,0x00,0x00,0x00,0x00,0x00,0x00,0x00,0x02,0x00,0x22,0x76,0x76,0x73,0x89,0x7a,0x7c,0x7d,0x82,0x87,0x7d,0x7f,0x7a,0x73,0x75,0x77,0x09,0x2d,0x06,0x73,0x87,0xb8,0x7f,0x7d,0x89,0x89,0x89,0x79,0x7c,0x82,0x7a,0x7a,0x75,0x22,0x15,0x01,0x02,0x00,0x00,0x00,0x00,0x00,0x00,0x00,0x00,0x00,0x00,0x00,0x00,0x00,0x00,0x00,0x00,0x00,0x00,0x00,0x00,0x00,0x00,0x00,0x00,0x00,0x00,0x00,0x00,0x00,0x00,0x00,0x00,0x00,0x00,0x00,0x00,0x00,0x00,0x00,0x00,0x00,0x00,0x00,0x00,0x00,0x00,0x00,0x00,0x00,0x00,
    0x00,0x00,0x00,0x00,0x00,0x00,0x00,0x00,0x00,0x00,0x00,0x00,0x00,0x00,0x00,0x00,0x00,0x00,0x00,0x00,0x00,0x00,0x00,0x00,0x00,0x00,0x00,0x00,0x00,0x00,0x00,0x00,0x00,0x00,0x00,0x00,0x00,0x00,0x00,0x00,0x00,0x00,0x00,0x00,0x00,0x00,0x00,0x00,0x00,0x00,0x00,0x00,0x00,0x00,0x01,0x00,0x09,0x06,0x76,0x79,0x75,0x7c,0x7c,0x75,0x7c,0x7c,0x7c,0x7c,0x75,0x75,0x7c,0x07,0x75,0x11,0x2d,0x75,0x07,0x75,0x7f,0x75,0x75,0x77,0x7c,0x7c,0x75,0x75,0x7c,0x75,0x75,0x75,0x75,0x1a,0x00,0x01,0x00,0x00,0x00,0x00,0x00,0x00,0x00,0x00,0x00,0x00,0x00,0x00,0x00,0x00,0x00,0x00,0x00,0x00,0x00,0x00,0x00,0x00,0x00,0x00,0x00,0x00,0x00,0x00,0x00,0x00,0x00,0x00,0x00,0x00,0x00,0x00,0x00,0x00,0x00,0x00,0x00,0x00,0x00,0x00,0x00,0x00,0x00,0x00,0x00,0x00,
    0x00,0x00,0x00,0x00,0x00,0x00,0x00,0x00,0x00,0x00,0x00,0x00,0x00,0x00,0x00,0x00,0x00,0x00,0x00,0x00,0x00,0x00,0x00,0x00,0x00,0x00,0x00,0x00,0x00,0x00,0x00,0x00,0x00,0x00,0x00,0x00,0x00,0x00,0x00,0x00,0x00,0x00,0x00,0x00,0x00,0x00,0x00,0x00,0x00,0x00,0x00,0x00,0x00,0x00,0x08,0x00,0x0b,0x76,0x06,0x75,0x75,0x75,0x75,0x75,0x75,0x75,0x75,0x75,0x75,0x75,0x75,0x07,0x77,0x11,0x10,0x77,0x07,0x75,0x77,0x75,0x75,0x75,0x75,0x75,0x75,0x75,0x75,0x75,0x75,0x75,0x75,0x09,0x00,0x01,0x00,0x00,0x00,0x00,0x00,0x00,0x00,0x00,0x00,0x00,0x00,0x00,0x00,0x00,0x00,0x00,0x00,0x00,0x00,0x00,0x00,0x00,0x00,0x00,0x00,0x00,0x00,0x00,0x00,0x00,0x00,0x00,0x00,0x00,0x00,0x00,0x00,0x00,0x00,0x00,0x00,0x00,0x00,0x00,0x00,0x00,0x00,0x00,0x00,0x00,
    0x00,0x00,0x00,0x00,0x00,0x00,0x00,0x00,0x00,0x00,0x00,0x00,0x00,0x00,0x00,0x00,0x00,0x00,0x00,0x00,0x00,0x00,0x00,0x00,0x00,0x00,0x00,0x00,0x00,0x00,0x00,0x00,0x00,0x00,0x00,0x00,0x00,0x00,0x00,0x00,0x00,0x00,0x00,0x00,0x00,0x00,0x00,0x00,0x00,0x00,0x00,0x00,0x00,0x00,0x08,0x00,0x0b,0x76,0x06,0x75,0x75,0x75,0x75,0x75,0x75,0x75,0x75,0x75,0x75,0x77,0x77,0x73,0x7a,0x10,0x27,0x7a,0x0e,0x79,0x75,0x75,0x75,0x75,0x75,0x75,0x75,0x75,0x75,0x75,0x77,0x06,0x77,0x11,0x00,0x08,0x00,0x00,0x00,0x00,0x00,0x00,0x00,0x00,0x00,0x00,0x00,0x00,0x00,0x00,0x00,0x00,0x00,0x00,0x00,0x00,0x00,0x00,0x00,0x00,0x00,0x00,0x00,0x00,0x00,0x00,0x00,0x00,0x00,0x00,0x00,0x00,0x00,0x00,0x00,0x00,0x00,0x00,0x00,0x00,0x00,0x00,0x00,0x00,0x00,0x00,
    0x00,0x00,0x00,0x00,0x00,0x00,0x00,0x00,0x00,0x00,0x00,0x00,0x00,0x00,0x00,0x00,0x00,0x00,0x00,0x00,0x00,0x00,0x00,0x00,0x00,0x00,0x00,0x00,0x00,0x00,0x00,0x00,0x00,0x00,0x00,0x00,0x00,0x00,0x00,0x00,0x00,0x00,0x00,0x00,0x00,0x00,0x00,0x00,0x00,0x00,0x00,0x00,0x00,0x00,0x08,0x00,0x0b,0x75,0x07,0x75,0x75,0x75,0x75,0x75,0x75,0x75,0x75,0x75,0x75,0x79,0x7d,0x0e,0x77,0x22,0x0c,0x79,0x06,0x77,0x75,0x75,0x75,0x75,0x75,0x75,0x75,0x75,0x75,0x75,0x79,0x06,0x75,0x0f,0x00,0x08,0x00,0x00,0x00,0x00,0x00,0x00,0x00,0x00,0x00,0x00,0x00,0x00,0x00,0x00,0x00,0x00,0x00,0x00,0x00,0x00,0x00,0x00,0x00,0x00,0x00,0x00,0x00,0x00,0x00,0x00,0x00,0x00,0x00,0x00,0x00,0x00,0x00,0x00,0x00,0x00,0x00,0x00,0x00,0x00,0x00,0x00,0x00,0x00,0x00,0x00,
    0x00,0x00,0x00,0x00,0x00,0x00,0x00,0x00,0x00,0x00,0x00,0x00,0x00,0x00,0x00,0x00,0x00,0x00,0x00,0x00,0x00,0x00,0x00,0x00,0x00,0x00,0x00,0x00,0x00,0x00,0x00,0x00,0x00,0x00,0x00,0x00,0x00,0x00,0x00,0x00,0x00,0x00,0x00,0x00,0x00,0x00,0x00,0x00,0x00,0x00,0x00,0x00,0x00,0x00,0x08,0x00,0x0b,0x79,0x06,0x75,0x75,0x75,0x75,0x75,0x75,0x75,0x75,0x75,0x75,0x75,0x77,0x06,0x75,0x0c,0x27,0x79,0x07,0x75,0x75,0x75,0x75,0x75,0x75,0x75,0x75,0x75,0x75,0x75,0x75,0x06,0x7a,0x0f,0x13,0x08,0x00,0x00,0x00,0x00,0x00,0x00,0x00,0x00,0x00,0x00,0x00,0x00,0x00,0x00,0x00,0x00,0x00,0x00,0x00,0x00,0x00,0x00,0x00,0x00,0x00,0x00,0x00,0x00,0x00,0x00,0x00,0x00,0x00,0x00,0x00,0x00,0x00,0x00,0x00,0x00,0x00,0x00,0x00,0x00,0x00,0x00,0x00,0x00,0x00,0x00,
    0x00,0x00,0x00,0x00,0x00,0x00,0x00,0x00,0x00,0x00,0x00,0x00,0x00,0x00,0x00,0x00,0x00,0x00,0x00,0x00,0x00,0x00,0x00,0x00,0x00,0x00,0x00,0x00,0x00,0x00,0x00,0x00,0x00,0x00,0x00,0x00,0x00,0x00,0x00,0x00,0x00,0x00,0x00,0x00,0x00,0x00,0x00,0x00,0x00,0x00,0x00,0x00,0x00,0x00,0x08,0x00,0x0b,0x7a,0x0e,0x7a,0x79,0x77,0x75,0x75,0x75,0x75,0x75,0x75,0x75,0x75,0x77,0x7a,0x72,0x0c,0x27,0x73,0x06,0x75,0x75,0x75,0x75,0x75,0x75,0x75,0x75,0x75,0x75,0x77,0x7a,0x0e,0x7d,0x27,0x1a,0x00,0x08,0x00,0x00,0x00,0x00,0x00,0x00,0x00,0x00,0x00,0x00,0x00,0x00,0x00,0x00,0x00,0x00,0x00,0x00,0x00,0x00,0x00,0x00,0x00,0x00,0x00,0x00,0x00,0x00,0x00,0x00,0x00,0x00,0x00,0x00,0x00,0x00,0x00,0x00,0x00,0x00,0x00,0x00,0x00,0x00,0x00,0x00,0x00,0x00,0x00,
    0x00,0x00,0x00,0x00,0x00,0x00,0x00,0x00,0x00,0x00,0x00,0x00,0x00,0x00,0x00,0x00,0x00,0x00,0x00,0x00,0x00,0x00,0x00,0x00,0x00,0x00,0x00,0x00,0x00,0x00,0x00,0x00,0x00,0x00,0x00,0x00,0x00,0x00,0x00,0x00,0x00,0x00,0x00,0x00,0x00,0x00,0x00,0x00,0x00,0x00,0x00,0x00,0x00,0x00,0x01,0x00,0x0f,0x44,0x72,0x82,0xa2,0x82,0x7d,0x7a,0x7a,0x7a,0x7a,0x7a,0x7a,0x7d,0x82,0x0a,0x0a,0x27,0x0c,0x73,0x82,0x7d,0x7a,0x79,0x7a,0x73,0x7a,0x7a,0x76,0x7d,0x7d,0x82,0x82,0x0e,0x73,0x10,0x1a,0x02,0x01,0x00,0x00,0x00,0x00,0x00,0x00,0x00,0x00,0x00,0x00,0x00,0x00,0x00,0x00,0x00,0x00,0x00,0x00,0x00,0x00,0x00,0x00,0x00,0x00,0x00,0x00,0x00,0x00,0x00,0x00,0x00,0x00,0x00,0x00,0x00,0x00,0x00,0x00,0x00,0x00,0x00,0x00,0x00,0x00,0x00,0x00,0x00,0x00,0x00,
    0x00,0x00,0x00,0x00,0x00,0x00,0x00,0x00,0x00,0x00,0x00,0x00,0x00,0x00,0x00,0x00,0x00,0x00,0x00,0x00,0x00,0x00,0x00,0x00,0x00,0x00,0x00,0x00,0x00,0x00,0x00,0x00,0x00,0x00,0x00,0x00,0x00,0x00,0x00,0x00,0x00,0x00,0x00,0x00,0x00,0x00,0x00,0x00,0x00,0x00,0x00,0x00,0x00,0x00,0x01,0x00,0x11,0x12,0x89,0x0a,0x0a,0x0a,0x0a,0x89,0x7d,0x76,0x7d,0x76,0x82,0x0a,0x1c,0x1c,0x7d,0x19,0x0f,0x87,0x0a,0x0a,0x0a,0x89,0x82,0x72,0x87,0x72,0x89,0x0a,0x0a,0x0a,0x0a,0x82,0x27,0x00,0x02,0x00,0x00,0x00,0x00,0x00,0x00,0x00,0x00,0x00,0x00,0x00,0x00,0x00,0x00,0x00,0x00,0x00,0x00,0x00,0x00,0x00,0x00,0x00,0x00,0x00,0x00,0x00,0x00,0x00,0x00,0x00,0x00,0x00,0x00,0x00,0x00,0x00,0x00,0x00,0x00,0x00,0x00,0x00,0x00,0x00,0x00,0x00,0x00,0x00,0x00,0x00,
    0x00,0x00,0x00,0x00,0x00,0x00,0x00,0x00,0x00,0x00,0x00,0x00,0x00,0x00,0x00,0x00,0x00,0x00,0x00,0x00,0x00,0x00,0x00,0x00,0x00,0x00,0x00,0x00,0x00,0x00,0x00,0x00,0x00,0x00,0x00,0x00,0x00,0x00,0x00,0x00,0x00,0x00,0x00,0x00,0x00,0x00,0x00,0x00,0x00,0x00,0x00,0x00,0x00,0x00,0x00,0x01,0x00,0x0b,0x27,0x26,0x72,0x89,0x89,0x89,0x72,0x76,0x7d,0x72,0x89,0xa2,0x89,0x7d,0x10,0x00,0x20,0x0c,0x72,0x0a,0x0a,0x1c,0x0a,0x82,0x72,0x72,0x89,0x89,0x0a,0x0a,0x82,0x22,0x1a,0x00,0x08,0x00,0x00,0x00,0x00,0x00,0x00,0x00,0x00,0x00,0x00,0x00,0x00,0x00,0x00,0x00,0x00,0x00,0x00,0x00,0x00,0x00,0x00,0x00,0x00,0x00,0x00,0x00,0x00,0x00,0x00,0x00,0x00,0x00,0x00,0x00,0x00,0x00,0x00,0x00,0x00,0x00,0x00,0x00,0x00,0x00,0x00,0x00,0x00,0x00,0x00,0x00,
    0x00,0x00,0x00,0x00,0x00,0x00,0x00,0x00,0x00,0x00,0x00,0x00,0x00,0x00,0x00,0x00,0x00,0x00,0x00,0x00,0x00,0x00,0x00,0x00,0x00,0x00,0x00,0x00,0x00,0x00,0x00,0x00,0x00,0x00,0x00,0x00,0x00,0x00,0x00,0x00,0x00,0x00,0x00,0x00,0x00,0x00,0x00,0x00,0x00,0x00,0x00,0x00,0x00,0x00,0x00,0x00,0x00,0x02,0x19,0x0b,0x10,0x0c,0x28,0x7a,0x7a,0x79,0x79,0x7a,0x0e,0x22,0x0c,0x11,0x00,0x01,0x00,0x08,0x0b,0x0c,0x72,0x89,0x73,0x73,0x7a,0x7a,0x7a,0x7d,0x26,0x0c,0x0b,0x13,0x08,0x00,0x00,0x00,0x00,0x00,0x00,0x00,0x00,0x00,0x00,0x00,0x00,0x00,0x00,0x00,0x00,0x00,0x00,0x00,0x00,0x00,0x00,0x00,0x00,0x00,0x00,0x00,0x00,0x00,0x00,0x00,0x00,0x00,0x00,0x00,0x00,0x00,0x00,0x00,0x00,0x00,0x00,0x00,0x00,0x00,0x00,0x00,0x00,0x00,0x00,0x00,0x00,0x00,
    0x00,0x00,0x00,0x00,0x00,0x00,0x00,0x00,0x00,0x00,0x00,0x00,0x00,0x00,0x00,0x00,0x00,0x00,0x00,0x00,0x00,0x00,0x00,0x00,0x00,0x00,0x00,0x00,0x00,0x00,0x00,0x00,0x00,0x00,0x00,0x00,0x00,0x00,0x00,0x00,0x00,0x00,0x00,0x00,0x00,0x00,0x00,0x00,0x00,0x00,0x00,0x00,0x00,0x00,0x00,0x00,0x00,0x00,0x00,0x13,0x00,0x00,0x15,0x09,0x09,0x09,0x09,0x09,0x09,0x13,0x00,0x00,0x00,0x00,0x02,0x00,0x00,0x00,0x09,0x09,0x09,0x09,0x09,0x09,0x09,0x09,0x15,0x00,0x00,0x00,0x00,0x00,0x00,0x00,0x00,0x00,0x00,0x00,0x00,0x00,0x00,0x00,0x00,0x00,0x00,0x00,0x00,0x00,0x00,0x00,0x00,0x00,0x00,0x00,0x00,0x00,0x00,0x00,0x00,0x00,0x00,0x00,0x00,0x00,0x00,0x00,0x00,0x00,0x00,0x00,0x00,0x00,0x00,0x00,0x00,0x00,0x00,0x00,0x00,0x00,0x00,0x00,0x00,0x00,
    0x00,0x00,0x00,0x00,0x00,0x00,0x00,0x00,0x00,0x00,0x00,0x00,0x00,0x00,0x00,0x00,0x00,0x00,0x00,0x00,0x00,0x00,0x00,0x00,0x00,0x00,0x00,0x00,0x00,0x00,0x00,0x00,0x00,0x00,0x00,0x00,0x00,0x00,0x00,0x00,0x00,0x00,0x00,0x00,0x00,0x00,0x00,0x00,0x00,0x00,0x00,0x00,0x00,0x00,0x00,0x00,0x00,0x00,0x01,0x00,0x08,0x02,0x00,0x00,0x00,0x00,0x00,0x00,0x00,0x00,0x08,0x08,0x02,0x00,0x00,0x02,0x08,0x01,0x00,0x00,0x00,0x00,0x00,0x00,0x00,0x00,0x00,0x08,0x08,0x02,0x00,0x00,0x00,0x00,0x00,0x00,0x00,0x00,0x00,0x00,0x00,0x00,0x00,0x00,0x00,0x00,0x00,0x00,0x00,0x00,0x00,0x00,0x00,0x00,0x00,0x00,0x00,0x00,0x00,0x00,0x00,0x00,0x00,0x00,0x00,0x00,0x00,0x00,0x00,0x00,0x00,0x00,0x00,0x00,0x00,0x00,0x00,0x00,0x00,0x00,0x00,0x00,0x00,0x00,

};

const lv_image_dsc_t passport_pet_running_0 = {
  .header = {
    .magic = LV_IMAGE_HEADER_MAGIC,
    .cf = LV_COLOR_FORMAT_I8,
    .flags = 0,
    .w = 144,
    .h = 156,
    .stride = 144,
    .reserved_2 = 0,
  },
  .data_size = sizeof(passport_pet_running_0_map),
  .data = passport_pet_running_0_map,
  .reserved = NULL,
};
