
#if defined(LV_LVGL_H_INCLUDE_SIMPLE)
#include "lvgl.h"
#elif defined(LV_LVGL_H_INCLUDE_SYSTEM)
#include <lvgl.h>
#elif defined(LV_BUILD_TEST)
#include "../lvgl.h"
#else
#include "lvgl/lvgl.h"
#endif

#ifndef LV_ATTRIBUTE_MEM_ALIGN
#define LV_ATTRIBUTE_MEM_ALIGN
#endif

#ifndef LV_ATTRIBUTE_PASSPORT_PET_WAITING_3
#define LV_ATTRIBUTE_PASSPORT_PET_WAITING_3
#endif

static const
LV_ATTRIBUTE_MEM_ALIGN LV_ATTRIBUTE_LARGE_CONST LV_ATTRIBUTE_PASSPORT_PET_WAITING_3
uint8_t passport_pet_waiting_3_map[] = {

    0x4c,0x70,0x47,0x00,0x21,0x00,0x11,0x01,0xda,0xff,0xf7,0x01,0x05,0x07,0x07,0x03,
    0x0b,0x0a,0x0a,0xfc,0x9e,0xac,0xb1,0x02,0x07,0x07,0x07,0x27,0xe3,0xeb,0xf6,0xfe,
    0xb6,0xdb,0xf1,0xfe,0xc9,0xdf,0xe6,0x04,0xa5,0xc6,0xd8,0xfe,0xb1,0xd7,0xef,0xfd,
    0x6c,0x7d,0x90,0x03,0xb6,0xcd,0xd9,0x18,0xaa,0xb4,0xc1,0xfe,0x13,0x10,0x11,0xfb,
    0x09,0x08,0x08,0xa9,0xa6,0xbb,0xc5,0x5a,0xcd,0xdc,0xe2,0x22,0xb0,0xcd,0xde,0xfe,
    0x9b,0xb9,0xcc,0xfe,0xdd,0xe2,0xeb,0xfe,0xc5,0xd2,0xe1,0xfe,0x8a,0x9e,0xad,0xb8,
    0x47,0x2d,0x12,0x0b,0x09,0x08,0x08,0xef,0xa6,0xb5,0xbf,0xa6,0xb6,0xcf,0xdd,0x0e,
    0x09,0x09,0x0a,0x7e,0x0b,0x0a,0x0a,0xf9,0xbf,0xd2,0xdd,0x30,0x8f,0xa8,0xb4,0x28,
    0x8f,0xaa,0xb7,0x70,0x1b,0x15,0x11,0x11,0x9a,0xb6,0xc3,0x42,0xbd,0xc8,0xce,0xb7,
    0x94,0xa6,0xb2,0x81,0xbe,0xc4,0xcb,0xfd,0x88,0x9e,0xaf,0xfe,0x7f,0x8c,0x90,0x18,
    0x9c,0xb0,0xc2,0xfd,0x09,0x08,0x09,0x61,0x0f,0x11,0x17,0x3e,0x7b,0x93,0xa5,0xfe,
    0x0a,0x0a,0x0b,0xbc,0xc4,0xdc,0xe4,0x4c,0xac,0xd1,0xe3,0xe4,0x8e,0xac,0xbe,0xfe,
    0x85,0x9f,0xae,0x09,0x90,0xa8,0xb2,0x38,0x95,0xab,0xba,0xe9,0xc7,0xd8,0xdf,0x64,
    0xaa,0xc7,0xd3,0x7b,0x63,0x75,0x8b,0xfe,0xba,0xc5,0xcb,0xd0,0xac,0x61,0x03,0xa2,
    0x75,0x8a,0x9b,0xad,0x9a,0x51,0x06,0xfd,0x0d,0x0b,0x0c,0xe6,0x0a,0x08,0x09,0x9e,
    0xbc,0xd3,0xdd,0x89,0xdd,0xfa,0xfd,0x08,0x8b,0x93,0x9d,0xfe,0x65,0x76,0x82,0x59,
    0x0c,0x0d,0x11,0x57,0x12,0x14,0x1a,0x1a,0x16,0x0f,0x08,0x4a,0x7d,0x98,0xb4,0xfe,
    0x86,0xa1,0xb2,0xd7,0xa1,0xc2,0xd1,0xa8,0x6e,0x3e,0x0c,0xfb,0x7f,0x9b,0xa9,0x61,
    0x97,0xb5,0xc5,0xd1,0xc7,0xce,0xd5,0xe0,0x08,0x07,0x08,0xc8,0x07,0x07,0x07,0x89,
    0x73,0x88,0x9a,0xfd,0x75,0x8b,0x9c,0xd8,0xb0,0x66,0x03,0x6f,0xb4,0xdb,0xec,0xc6,
    0x71,0x74,0x7b,0xfd,0xc0,0xdb,0xe6,0x9c,0x6e,0x84,0x93,0x78,0x52,0x60,0x73,0xce,
    0x28,0x30,0x49,0xfb,0x9c,0xbb,0xcc,0xe0,0x91,0xb0,0xc0,0xc0,0x67,0x79,0x87,0x94,
    0x74,0x8c,0x9a,0xc8,0x8c,0xa2,0xae,0x9e,0x66,0x7a,0xba,0xfd,0x08,0x07,0x07,0x72,
    0x62,0x41,0x20,0x69,0x62,0x73,0x85,0xcf,0x9f,0x5c,0x07,0xf6,0xe0,0x80,0x03,0xfc,
    0x9f,0xc3,0xd6,0xee,0x77,0x8b,0x9a,0x8e,0x87,0xa1,0xad,0x4e,0x11,0x10,0x12,0xdf,
    0x7e,0xa3,0xb9,0x8f,0xc0,0x6a,0x03,0xe9,0xcd,0xe0,0xe9,0xda,0x69,0x7b,0x8f,0x36,
    0x67,0x7a,0x86,0xb0,0xb3,0x6c,0x03,0x4c,0xad,0x61,0x02,0x27,0xaf,0xb6,0xbb,0x73,
    0x9f,0x5a,0x03,0xc5,0xaf,0xb7,0xbd,0xe0,0xd3,0x77,0x01,0xd0,0x9a,0xaf,0xbb,0x95,
    0x79,0x92,0xa0,0xf1,0x52,0x4e,0x4c,0x8a,0x66,0x56,0x4b,0x36,0x4d,0x5b,0x7b,0x30,
    0xed,0x7f,0x00,0x07,0xd8,0x7f,0x00,0x2e,0xef,0x98,0x08,0xb1,0x68,0x34,0x05,0xb5,
    0x92,0x4e,0x03,0xdb,0x0b,0x0a,0x09,0xff,0x0c,0x0a,0x0b,0xff,0xbc,0xe3,0xfb,0xff,
    0x0d,0x0b,0x0c,0xff,0xf0,0xf5,0xfb,0xff,0x15,0x11,0x12,0xff,0xca,0xe7,0xfa,0xff,
    0x10,0x0e,0x0e,0xff,0xec,0xf2,0xfa,0xff,0xe9,0xf0,0xfa,0xff,0x07,0x07,0x07,0xff,
    0xe6,0xed,0xf9,0xff,0xf3,0x88,0x01,0xff,0xee,0xf3,0xfc,0xff,0xbb,0xe2,0xfa,0xff,
    0x01,0x01,0x01,0xff,0x03,0x05,0x06,0xff,0xc3,0xe6,0xfb,0xff,0xc0,0xe4,0xfb,0xff,
    0xbe,0xe6,0xfe,0xff,0xc6,0xe7,0xfb,0xff,0xfb,0xff,0xff,0xff,0xcc,0xea,0xfc,0xff,
    0xf5,0xfc,0xff,0xff,0xef,0x87,0x01,0xff,0xce,0xee,0xff,0xff,0xf0,0xf7,0xfe,0xff,
    0xf5,0x8b,0x01,0xff,0xf4,0xf9,0xff,0xff,0x04,0x03,0x02,0xff,0xad,0xd2,0xe8,0xff,
    0xc8,0xe5,0xf8,0xff,0xfc,0x8e,0x01,0xff,0xb7,0xdf,0xf8,0xff,0x1a,0x19,0x1d,0xff,
    0x2e,0x19,0x19,0xff,0xd9,0xe9,0xf9,0xff,0xd5,0xf3,0xff,0xff,0xcb,0xf1,0xff,0xff,
    0xc5,0xed,0xff,0xff,0x95,0x4d,0x5e,0xff,0x8b,0xa3,0xb7,0xff,0xd8,0x78,0x02,0xff,
    0x72,0x3b,0x48,0xff,0xbd,0xe0,0xf4,0xff,0xcc,0xdb,0xf0,0xff,0xd2,0xeb,0xfb,0xff,
    0xed,0x7f,0x01,0xff,0x9d,0xbf,0xd3,0xff,0xa8,0xba,0xca,0xff,0xb2,0xc2,0xd2,0xff,
    0xc2,0xea,0xff,0xff,0x64,0x65,0x67,0xff,0xd0,0xd9,0xe2,0xff,0x4a,0x27,0x2d,0xff,
    0xbe,0x6a,0x07,0xff,0xea,0x78,0x01,0xff,0xcc,0xcf,0xd7,0xff,0x41,0x22,0x25,0xff,
    0x76,0x7f,0x89,0xff,0x23,0x26,0x35,0xff,0x93,0xb4,0xcb,0xff,0xa1,0xa6,0xad,0xff,
    0xc9,0x48,0x02,0xff,0xdd,0x6d,0x01,0xff,0x7f,0x47,0x51,0xff,0xbf,0xca,0xd6,0xff,
    0xce,0xe1,0xf2,0xff,0xd4,0xe3,0xfa,0xff,0xdb,0xee,0xfe,0xff,0xc0,0xd6,0xe8,0xff,
    0x93,0x9b,0xa3,0xff,0x8c,0x8a,0x8b,0xff,0xa6,0xad,0xb6,0xff,0x5d,0x2b,0x34,0xff,
    0x47,0x49,0x51,0xff,0xdf,0xe7,0xef,0xff,0xa2,0xca,0xe3,0xff,0xf5,0x82,0x00,0xff,
    0x55,0x56,0x5b,0xff,0xe6,0xf4,0xff,0xff,0x60,0x34,0x3e,0xff,0xfd,0x95,0x02,0xff,
    0xa3,0x76,0x45,0xff,0xcb,0x59,0x01,0xff,0xa5,0x58,0x6b,0xff,0xab,0x88,0x5a,0xff,
    0xa6,0x9f,0x96,0xff,0xad,0x61,0x06,0xff,0xe5,0x49,0x52,0xff,0xc7,0x68,0x7f,0xff,
    0x8b,0xa1,0xf4,0xff,0x95,0xa6,0xc9,0xff,0x89,0x62,0x3f,0xff,0xbf,0x76,0x14,0xff,
    0xba,0x5d,0x73,0xff,0xa9,0x2b,0x32,0xff,0xb4,0xba,0xc1,0xff,0x5c,0x70,0x72,0xff,
    0xc9,0x39,0x41,0xff,0x4b,0x5e,0x72,0xff,0x7f,0x92,0xd7,0xff,0xb4,0x3d,0x03,0xff,
    0x8f,0x33,0x07,0xff,0x9f,0x68,0x25,0xff,0x7b,0x92,0xeb,0xff,0xd7,0xfc,0xff,0xff,
    0x88,0x75,0x77,0xff,0x97,0x3e,0x45,0xff,0x36,0x37,0x3e,0xff,0x40,0x4a,0x75,0xff,
    0x9a,0xae,0xf0,0xff,0xc1,0xd0,0xfd,0xff,0xdc,0x7b,0x90,0xff,0x9f,0xb7,0xfc,0xff,
    0xab,0xbd,0xe0,0xff,0x82,0x55,0x25,0xff,0x05,0xc7,0xfc,0xff,0x5a,0x6b,0xa7,0xff,
    0xa7,0x98,0x7a,0xff,0x76,0x89,0xc4,0xff,0xa8,0x4a,0x61,0xff,0x8c,0x61,0x6f,0xff,
    0x58,0x4c,0x48,0xff,0xfa,0xca,0xd4,0xff,0x14,0x8d,0xb6,0xff,0x06,0xa6,0xde,0xff,
    0xc4,0xa8,0xa9,0xff,0x2b,0x7b,0x8e,0xff,0xdb,0x5e,0x77,0xff,0x49,0x59,0x91,0xff,
    0x6e,0x83,0xd4,0xff,0xf4,0x92,0xa9,0xff,0xfc,0xa8,0xbc,0xff,0x65,0x0f,0x18,0xff,

    0x00,0x00,0x00,0x00,0x00,0x00,0x00,0x00,0x00,0x00,0x00,0x00,0x00,0x00,0x00,0x00,0x00,0x00,0x00,0x00,0x00,0x00,0x00,0x00,0x00,0x00,0x00,0x00,0x00,0x00,0x00,0x00,0x00,0x00,0x00,0x00,0x00,0x00,0x00,0x00,0x00,0x00,0x00,0x00,0x00,0x00,0x00,0x00,0x00,0x00,0x00,0x00,0x00,0x00,0x00,0x00,0x00,0x00,0x00,0x00,0x00,0x00,0x00,0x00,0x00,0x00,0x01,0x00,0x00,0x00,0x00,0x00,0x00,0x00,0x00,0x00,0x00,0x00,0x00,0x00,0x00,0x00,0x00,0x00,0x00,0x00,0x00,0x00,0x00,0x00,0x00,0x00,0x00,0x00,0x00,0x00,0x00,0x00,0x00,0x00,0x00,0x00,0x00,0x00,0x00,0x00,0x00,0x00,0x00,0x00,0x00,0x00,0x00,0x00,0x00,0x00,0x00,0x00,0x00,0x00,0x00,0x00,0x00,0x00,0x00,0x00,0x00,0x00,0x00,0x00,0x00,0x00,0x00,0x00,0x00,0x00,0x00,0x00,0x00,0x00,0x00,0x00,0x00,0x00,
    0x00,0x00,0x00,0x00,0x00,0x00,0x00,0x00,0x00,0x00,0x00,0x00,0x00,0x00,0x00,0x00,0x00,0x00,0x00,0x00,0x00,0x00,0x00,0x00,0x00,0x00,0x00,0x00,0x00,0x00,0x00,0x00,0x00,0x00,0x00,0x00,0x00,0x00,0x00,0x00,0x00,0x00,0x00,0x00,0x00,0x00,0x00,0x00,0x00,0x00,0x00,0x00,0x00,0x00,0x00,0x00,0x00,0x00,0x00,0x00,0x00,0x00,0x00,0x00,0x02,0x05,0x00,0x30,0x1e,0x27,0x00,0x02,0x00,0x00,0x00,0x00,0x00,0x00,0x00,0x00,0x00,0x00,0x00,0x00,0x00,0x00,0x00,0x00,0x00,0x00,0x00,0x00,0x00,0x00,0x00,0x00,0x00,0x00,0x00,0x00,0x00,0x00,0x00,0x00,0x00,0x00,0x00,0x00,0x00,0x00,0x00,0x00,0x00,0x00,0x00,0x00,0x00,0x00,0x00,0x00,0x00,0x00,0x00,0x00,0x00,0x00,0x00,0x00,0x00,0x00,0x00,0x00,0x00,0x00,0x00,0x00,0x00,0x00,0x00,0x00,0x00,0x00,0x00,0x00,
    0x00,0x00,0x00,0x00,0x00,0x00,0x00,0x00,0x00,0x00,0x00,0x00,0x00,0x00,0x00,0x00,0x00,0x00,0x00,0x00,0x00,0x00,0x00,0x00,0x00,0x00,0x00,0x00,0x00,0x00,0x00,0x00,0x00,0x00,0x00,0x00,0x00,0x00,0x00,0x00,0x00,0x00,0x00,0x00,0x00,0x00,0x00,0x00,0x00,0x00,0x00,0x00,0x00,0x00,0x00,0x00,0x00,0x00,0x00,0x00,0x00,0x00,0x00,0x02,0x00,0x22,0x64,0x44,0x56,0x47,0x00,0x05,0x00,0x00,0x00,0x00,0x00,0x00,0x00,0x00,0x00,0x00,0x00,0x00,0x00,0x00,0x00,0x00,0x00,0x00,0x00,0x00,0x00,0x00,0x00,0x00,0x00,0x00,0x00,0x00,0x00,0x00,0x00,0x00,0x00,0x00,0x00,0x00,0x00,0x00,0x00,0x00,0x00,0x00,0x00,0x00,0x00,0x00,0x00,0x00,0x00,0x00,0x00,0x00,0x00,0x00,0x00,0x00,0x00,0x00,0x00,0x00,0x00,0x00,0x00,0x00,0x00,0x00,0x00,0x00,0x00,0x00,0x00,0x00,
    0x00,0x00,0x00,0x00,0x00,0x00,0x00,0x00,0x00,0x00,0x00,0x00,0x00,0x00,0x00,0x00,0x00,0x00,0x00,0x00,0x00,0x00,0x00,0x00,0x00,0x00,0x00,0x00,0x00,0x00,0x00,0x00,0x00,0x00,0x00,0x00,0x00,0x00,0x00,0x00,0x00,0x00,0x00,0x00,0x00,0x00,0x00,0x00,0x00,0x00,0x00,0x00,0x00,0x00,0x00,0x00,0x00,0x00,0x00,0x00,0x00,0x00,0x05,0x00,0x22,0x48,0xb6,0x64,0x31,0x00,0x00,0x00,0x00,0x00,0x00,0x00,0x00,0x00,0x00,0x00,0x00,0x00,0x00,0x00,0x00,0x00,0x00,0x00,0x00,0x00,0x00,0x00,0x00,0x00,0x00,0x00,0x00,0x00,0x00,0x00,0x00,0x00,0x00,0x00,0x00,0x00,0x00,0x00,0x00,0x00,0x00,0x00,0x00,0x00,0x00,0x00,0x00,0x00,0x00,0x00,0x00,0x00,0x00,0x00,0x00,0x00,0x00,0x00,0x00,0x00,0x00,0x00,0x00,0x00,0x00,0x00,0x00,0x00,0x00,0x00,0x00,0x00,0x00,0x00,
    0x00,0x00,0x00,0x00,0x00,0x00,0x00,0x00,0x00,0x00,0x00,0x00,0x00,0x00,0x00,0x00,0x00,0x00,0x00,0x00,0x00,0x00,0x00,0x00,0x00,0x00,0x00,0x00,0x00,0x00,0x00,0x00,0x00,0x00,0x00,0x00,0x00,0x00,0x00,0x00,0x00,0x00,0x00,0x00,0x00,0x00,0x00,0x00,0x00,0x00,0x00,0x00,0x00,0x00,0x00,0x00,0x00,0x00,0x00,0x00,0x00,0x0c,0x00,0x31,0x48,0xa2,0x59,0x0d,0x00,0x0c,0x00,0x00,0x00,0x00,0x00,0x00,0x00,0x00,0x00,0x00,0x00,0x00,0x00,0x00,0x00,0x00,0x00,0x00,0x00,0x00,0x00,0x00,0x00,0x00,0x00,0x00,0x00,0x00,0x00,0x00,0x00,0x00,0x00,0x00,0x00,0x00,0x00,0x00,0x00,0x00,0x00,0x00,0x00,0x00,0x00,0x00,0x00,0x00,0x00,0x00,0x00,0x00,0x00,0x00,0x00,0x00,0x00,0x00,0x00,0x00,0x00,0x00,0x00,0x00,0x00,0x00,0x00,0x00,0x00,0x00,0x00,0x00,0x00,0x00,
    0x00,0x00,0x00,0x00,0x00,0x00,0x00,0x00,0x00,0x00,0x00,0x00,0x00,0x00,0x00,0x00,0x00,0x00,0x00,0x00,0x00,0x00,0x00,0x00,0x00,0x00,0x00,0x00,0x00,0x00,0x00,0x00,0x00,0x00,0x00,0x00,0x00,0x00,0x00,0x00,0x00,0x00,0x00,0x00,0x00,0x00,0x00,0x00,0x00,0x00,0x00,0x00,0x00,0x00,0x00,0x00,0x00,0x00,0x00,0x00,0x02,0x01,0x1b,0x24,0xb6,0x2f,0x64,0x00,0x0c,0x00,0x00,0x00,0x00,0x00,0x00,0x00,0x00,0x00,0x00,0x00,0x00,0x00,0x00,0x00,0x00,0x00,0x00,0x00,0x00,0x00,0x00,0x00,0x00,0x00,0x00,0x00,0x00,0x00,0x00,0x00,0x00,0x00,0x00,0x00,0x00,0x00,0x00,0x00,0x00,0x00,0x00,0x00,0x00,0x00,0x00,0x00,0x00,0x00,0x00,0x00,0x00,0x00,0x00,0x00,0x00,0x00,0x00,0x00,0x00,0x00,0x00,0x00,0x00,0x00,0x00,0x00,0x00,0x00,0x00,0x00,0x00,0x00,0x00,0x00,
    0x00,0x00,0x00,0x00,0x00,0x00,0x00,0x00,0x00,0x00,0x00,0x00,0x00,0x00,0x00,0x00,0x00,0x00,0x00,0x00,0x00,0x00,0x00,0x00,0x00,0x00,0x00,0x00,0x00,0x00,0x00,0x00,0x00,0x00,0x00,0x00,0x00,0x00,0x00,0x00,0x00,0x00,0x00,0x00,0x00,0x00,0x00,0x00,0x00,0x00,0x00,0x00,0x00,0x00,0x00,0x00,0x00,0x00,0x00,0x00,0x05,0x00,0x1e,0x45,0xc6,0x2e,0x20,0x05,0x00,0x00,0x00,0x00,0x00,0x00,0x00,0x00,0x00,0x00,0x00,0x00,0x00,0x00,0x00,0x00,0x00,0x00,0x00,0x00,0x00,0x00,0x00,0x00,0x00,0x00,0x00,0x00,0x00,0x00,0x00,0x00,0x00,0x00,0x00,0x00,0x00,0x00,0x00,0x00,0x00,0x00,0x00,0x00,0x00,0x00,0x00,0x00,0x00,0x00,0x00,0x00,0x00,0x00,0x00,0x00,0x00,0x00,0x00,0x00,0x00,0x00,0x00,0x00,0x00,0x00,0x00,0x00,0x00,0x00,0x00,0x00,0x00,0x00,0x00,0x00,
    0x00,0x00,0x00,0x00,0x00,0x00,0x00,0x00,0x00,0x00,0x00,0x00,0x00,0x00,0x00,0x00,0x00,0x00,0x00,0x00,0x00,0x00,0x00,0x00,0x00,0x00,0x00,0x00,0x00,0x00,0x00,0x00,0x00,0x00,0x00,0x00,0x00,0x00,0x00,0x00,0x00,0x00,0x00,0x00,0x00,0x00,0x00,0x00,0x00,0x00,0x00,0x00,0x00,0x00,0x00,0x00,0x00,0x00,0x00,0x00,0x0c,0x00,0x22,0x4f,0x9a,0x2e,0x34,0x01,0x02,0x00,0x00,0x00,0x00,0x00,0x01,0x0c,0x0c,0x0c,0x05,0x00,0x00,0x00,0x00,0x00,0x00,0x00,0x00,0x00,0x00,0x00,0x00,0x00,0x00,0x00,0x00,0x00,0x00,0x00,0x00,0x00,0x00,0x00,0x00,0x00,0x00,0x00,0x00,0x00,0x00,0x00,0x00,0x00,0x00,0x00,0x00,0x00,0x00,0x00,0x00,0x00,0x00,0x00,0x00,0x00,0x00,0x00,0x00,0x00,0x00,0x00,0x00,0x00,0x00,0x00,0x00,0x00,0x00,0x00,0x00,0x00,0x00,0x00,0x00,0x00,
    0x00,0x00,0x00,0x00,0x00,0x00,0x00,0x00,0x00,0x00,0x00,0x00,0x00,0x00,0x00,0x00,0x00,0x00,0x00,0x00,0x00,0x00,0x00,0x00,0x00,0x00,0x00,0x00,0x00,0x00,0x00,0x00,0x00,0x00,0x00,0x00,0x00,0x00,0x00,0x00,0x00,0x00,0x00,0x00,0x00,0x00,0x00,0x00,0x00,0x00,0x00,0x00,0x00,0x00,0x00,0x00,0x00,0x00,0x00,0x00,0x0c,0x00,0x22,0x4f,0x8c,0x60,0x17,0x09,0x00,0x0c,0x00,0x00,0x00,0x00,0x00,0x00,0x00,0x00,0x00,0x09,0x00,0x00,0x05,0x05,0x05,0x00,0x00,0x00,0x00,0x00,0x00,0x00,0x00,0x00,0x00,0x00,0x00,0x00,0x00,0x00,0x00,0x00,0x00,0x00,0x00,0x00,0x00,0x00,0x00,0x00,0x00,0x00,0x00,0x00,0x00,0x00,0x00,0x00,0x00,0x00,0x00,0x00,0x00,0x00,0x00,0x00,0x00,0x00,0x00,0x00,0x00,0x00,0x00,0x00,0x00,0x00,0x00,0x00,0x00,0x00,0x00,0x00,0x00,0x00,
    0x00,0x00,0x00,0x00,0x00,0x00,0x00,0x00,0x00,0x00,0x00,0x00,0x00,0x00,0x00,0x00,0x00,0x00,0x00,0x00,0x00,0x00,0x00,0x00,0x00,0x00,0x00,0x00,0x00,0x00,0x00,0x00,0x00,0x00,0x00,0x00,0x00,0x00,0x00,0x00,0x00,0x00,0x00,0x00,0x00,0x00,0x00,0x00,0x00,0x00,0x00,0x00,0x00,0x00,0x00,0x00,0x00,0x00,0x00,0x00,0x05,0x00,0x1f,0x59,0xa9,0x97,0x4d,0x47,0x30,0x00,0x30,0x1b,0x30,0x3d,0x1b,0x1f,0x1f,0x1f,0x41,0x00,0x09,0x3d,0x00,0x00,0x00,0x00,0x05,0x00,0x00,0x00,0x00,0x00,0x00,0x00,0x00,0x00,0x00,0x00,0x00,0x00,0x00,0x00,0x00,0x00,0x00,0x00,0x00,0x00,0x00,0x00,0x00,0x00,0x00,0x00,0x00,0x00,0x00,0x00,0x00,0x00,0x00,0x00,0x00,0x00,0x00,0x00,0x00,0x00,0x00,0x00,0x00,0x00,0x00,0x00,0x00,0x00,0x00,0x00,0x00,0x00,0x00,0x00,0x00,0x00,
    0x00,0x00,0x00,0x00,0x00,0x00,0x00,0x00,0x00,0x00,0x00,0x00,0x00,0x00,0x00,0x00,0x00,0x00,0x00,0x00,0x00,0x00,0x00,0x00,0x00,0x00,0x00,0x00,0x00,0x00,0x00,0x00,0x00,0x00,0x00,0x00,0x00,0x00,0x00,0x00,0x00,0x00,0x00,0x00,0x00,0x00,0x00,0x00,0x00,0x00,0x00,0x00,0x00,0x00,0x00,0x00,0x00,0x00,0x00,0x00,0x00,0x0c,0x00,0x52,0x26,0x97,0x2f,0x4d,0x20,0x11,0x11,0x34,0x34,0x24,0x24,0x45,0x23,0x23,0x45,0x3c,0x24,0x34,0x11,0x31,0x0d,0x05,0x00,0x00,0x05,0x00,0x00,0x00,0x00,0x00,0x00,0x00,0x00,0x00,0x00,0x00,0x00,0x00,0x00,0x00,0x00,0x00,0x00,0x00,0x00,0x00,0x00,0x00,0x00,0x00,0x00,0x00,0x00,0x00,0x00,0x00,0x00,0x00,0x00,0x00,0x00,0x00,0x00,0x00,0x00,0x00,0x00,0x00,0x00,0x00,0x00,0x00,0x00,0x00,0x00,0x00,0x00,0x00,0x00,0x00,
    0x00,0x00,0x00,0x00,0x00,0x00,0x00,0x00,0x00,0x00,0x00,0x00,0x00,0x00,0x00,0x00,0x00,0x00,0x00,0x00,0x00,0x00,0x00,0x00,0x00,0x00,0x00,0x00,0x00,0x00,0x00,0x00,0x00,0x00,0x00,0x00,0x00,0x00,0x00,0x00,0x00,0x00,0x00,0x00,0x00,0x00,0x00,0x00,0x00,0x00,0x00,0x00,0x00,0x00,0x00,0x00,0x00,0x00,0x00,0x00,0x05,0x0c,0x05,0x1b,0x20,0x70,0x2f,0xc6,0x60,0x44,0x58,0x32,0x0b,0x43,0x2f,0x97,0x87,0xac,0x9f,0xa0,0x14,0x0a,0x44,0x17,0x6f,0x20,0x67,0x30,0x00,0x01,0x02,0x00,0x00,0x00,0x00,0x00,0x00,0x00,0x00,0x00,0x00,0x00,0x00,0x00,0x00,0x00,0x00,0x00,0x00,0x00,0x00,0x00,0x00,0x00,0x00,0x00,0x00,0x00,0x00,0x00,0x00,0x00,0x00,0x00,0x00,0x00,0x00,0x00,0x00,0x00,0x00,0x00,0x00,0x00,0x00,0x00,0x00,0x00,0x00,0x00,0x00,0x00,0x00,0x00,
    0x00,0x00,0x00,0x00,0x00,0x00,0x00,0x00,0x00,0x00,0x00,0x00,0x00,0x00,0x00,0x00,0x00,0x00,0x00,0x00,0x00,0x00,0x00,0x00,0x00,0x00,0x00,0x00,0x00,0x00,0x00,0x00,0x00,0x00,0x00,0x00,0x00,0x00,0x00,0x00,0x00,0x00,0x00,0x00,0x00,0x00,0x00,0x00,0x00,0x00,0x00,0x00,0x00,0x00,0x00,0x00,0x00,0x05,0x0c,0x00,0x00,0x00,0x00,0x41,0x3f,0x52,0x28,0xb6,0xc6,0x97,0x97,0x0b,0x7b,0x87,0x08,0x08,0x9a,0x87,0x87,0x87,0x8c,0x7b,0x0b,0x0b,0x0a,0x55,0x17,0x20,0x31,0x00,0x00,0x05,0x00,0x00,0x00,0x00,0x00,0x00,0x00,0x00,0x00,0x00,0x00,0x00,0x00,0x00,0x00,0x00,0x00,0x00,0x00,0x00,0x00,0x00,0x00,0x00,0x00,0x00,0x00,0x00,0x00,0x00,0x00,0x00,0x00,0x00,0x00,0x00,0x00,0x00,0x00,0x00,0x00,0x00,0x00,0x00,0x00,0x00,0x00,0x00,0x00,0x00,0x00,0x00,
    0x00,0x00,0x00,0x00,0x00,0x00,0x00,0x00,0x00,0x00,0x00,0x00,0x00,0x00,0x00,0x00,0x00,0x00,0x00,0x00,0x00,0x00,0x00,0x00,0x00,0x00,0x00,0x00,0x00,0x00,0x00,0x00,0x00,0x00,0x00,0x00,0x00,0x00,0x00,0x00,0x00,0x00,0x00,0x00,0x00,0x00,0x00,0x00,0x00,0x00,0x00,0x00,0x00,0x00,0x00,0x02,0x01,0x00,0x00,0x02,0x27,0x73,0x67,0x57,0x4d,0x13,0x98,0xa5,0x08,0x7b,0x87,0x9a,0x9a,0x87,0x87,0x7b,0x7b,0x87,0x7b,0x7b,0x7b,0x7b,0x8b,0x87,0x7b,0x87,0x0b,0x60,0x38,0x40,0x27,0x00,0x02,0x02,0x00,0x00,0x00,0x00,0x00,0x00,0x00,0x00,0x00,0x00,0x00,0x00,0x00,0x00,0x00,0x00,0x00,0x00,0x00,0x00,0x00,0x00,0x00,0x00,0x00,0x00,0x00,0x00,0x00,0x00,0x00,0x00,0x00,0x00,0x00,0x00,0x00,0x00,0x00,0x00,0x00,0x00,0x00,0x00,0x00,0x00,0x00,0x00,0x00,0x00,
    0x00,0x00,0x00,0x00,0x00,0x00,0x00,0x00,0x00,0x00,0x00,0x00,0x00,0x00,0x00,0x00,0x00,0x00,0x00,0x00,0x00,0x00,0x00,0x00,0x00,0x00,0x00,0x00,0x00,0x00,0x00,0x00,0x00,0x00,0x00,0x00,0x00,0x00,0x00,0x00,0x00,0x00,0x00,0x00,0x00,0x00,0x00,0x00,0x00,0x00,0x00,0x00,0x00,0x01,0x01,0x00,0x00,0x27,0x72,0x11,0x45,0x38,0x53,0xa2,0xa5,0x92,0x7f,0x8b,0x7b,0x87,0x87,0x87,0x7b,0x7b,0x7b,0x7b,0x7b,0x7b,0x7b,0x7b,0x7b,0x7b,0x7b,0x7b,0x7b,0x7b,0x87,0x8c,0xa2,0x53,0x61,0x22,0x03,0x00,0x01,0x00,0x00,0x00,0x00,0x00,0x00,0x00,0x00,0x00,0x00,0x00,0x00,0x00,0x00,0x00,0x00,0x00,0x00,0x00,0x00,0x00,0x00,0x00,0x00,0x00,0x00,0x00,0x00,0x00,0x00,0x00,0x00,0x00,0x00,0x00,0x00,0x00,0x00,0x00,0x00,0x00,0x00,0x00,0x00,0x00,0x00,0x00,0x00,0x00,
    0x00,0x00,0x00,0x00,0x00,0x00,0x00,0x00,0x00,0x00,0x00,0x00,0x00,0x00,0x00,0x00,0x00,0x00,0x00,0x00,0x00,0x00,0x00,0x00,0x00,0x00,0x00,0x00,0x00,0x00,0x00,0x00,0x00,0x00,0x00,0x00,0x00,0x00,0x00,0x00,0x00,0x00,0x00,0x00,0x00,0x00,0x00,0x00,0x00,0x00,0x00,0x00,0x02,0x00,0x00,0x27,0x3f,0x38,0x17,0x58,0xab,0xbf,0x0a,0x9a,0x7b,0x8a,0x8a,0x7b,0x7b,0x7b,0x7b,0x7b,0x7b,0x7b,0x7b,0x7b,0x7b,0x7b,0x7b,0x7b,0x7b,0x7b,0x7b,0x7b,0x7b,0x7b,0x87,0x9a,0x7b,0x08,0xab,0x56,0x11,0x0d,0x00,0x05,0x00,0x00,0x00,0x00,0x00,0x00,0x00,0x00,0x00,0x00,0x00,0x00,0x00,0x00,0x00,0x00,0x00,0x00,0x00,0x00,0x00,0x00,0x00,0x00,0x00,0x00,0x00,0x00,0x00,0x00,0x00,0x00,0x00,0x00,0x00,0x00,0x00,0x00,0x00,0x00,0x00,0x00,0x00,0x00,0x00,0x00,0x00,0x00,
    0x00,0x00,0x00,0x00,0x00,0x00,0x00,0x00,0x00,0x00,0x00,0x00,0x00,0x00,0x00,0x00,0x00,0x00,0x00,0x00,0x00,0x00,0x00,0x00,0x00,0x00,0x00,0x00,0x00,0x00,0x00,0x00,0x00,0x00,0x00,0x00,0x00,0x00,0x00,0x00,0x00,0x00,0x00,0x00,0x00,0x00,0x00,0x00,0x00,0x00,0x00,0x05,0x00,0x30,0x3f,0x57,0x58,0x57,0x47,0x44,0x16,0x92,0x8b,0x9a,0x87,0x7b,0x7b,0x7b,0x7b,0x7b,0x7b,0x7b,0x7b,0x7b,0x7b,0x7b,0x7b,0x7b,0x7b,0x7b,0x7b,0x7b,0x8b,0x8b,0x8b,0x7b,0x7b,0x8b,0x8b,0x7f,0x8f,0x08,0x55,0x71,0x27,0x00,0x0c,0x00,0x00,0x00,0x00,0x00,0x00,0x00,0x00,0x00,0x00,0x00,0x00,0x00,0x00,0x00,0x00,0x00,0x00,0x00,0x00,0x00,0x00,0x00,0x00,0x00,0x00,0x00,0x00,0x00,0x00,0x00,0x00,0x00,0x00,0x00,0x00,0x00,0x00,0x00,0x00,0x00,0x00,0x00,0x00,0x00,0x00,0x00,
    0x00,0x00,0x00,0x00,0x00,0x00,0x00,0x00,0x00,0x00,0x00,0x00,0x00,0x00,0x00,0x00,0x00,0x00,0x00,0x00,0x00,0x00,0x00,0x00,0x00,0x00,0x00,0x00,0x00,0x00,0x00,0x00,0x00,0x00,0x00,0x00,0x00,0x00,0x00,0x00,0x00,0x00,0x00,0x00,0x00,0x00,0x00,0x00,0x00,0x00,0x01,0x00,0x12,0x47,0x5d,0x68,0x52,0x57,0x4c,0x8b,0x8d,0x8a,0x98,0x8b,0x7b,0x8b,0x8b,0x7b,0x7b,0x7b,0x7b,0x7b,0x7b,0x7b,0x7b,0x7b,0x7b,0x7b,0x7b,0x7b,0x7b,0x8b,0x8a,0x8b,0x7b,0x7b,0x7b,0x7b,0x7b,0x7b,0x87,0x8c,0xbf,0x35,0x57,0x27,0x00,0x05,0x00,0x00,0x00,0x00,0x00,0x00,0x00,0x00,0x00,0x00,0x00,0x00,0x00,0x00,0x00,0x00,0x00,0x00,0x00,0x00,0x00,0x00,0x00,0x00,0x00,0x00,0x00,0x00,0x00,0x00,0x00,0x00,0x00,0x00,0x00,0x00,0x00,0x00,0x00,0x00,0x00,0x00,0x00,0x00,0x00,0x00,
    0x00,0x00,0x00,0x00,0x00,0x00,0x00,0x00,0x00,0x00,0x00,0x00,0x00,0x00,0x00,0x00,0x00,0x00,0x00,0x00,0x00,0x00,0x00,0x00,0x00,0x00,0x00,0x00,0x00,0x00,0x00,0x00,0x00,0x00,0x00,0x00,0x00,0x00,0x00,0x00,0x00,0x00,0x00,0x00,0x00,0x00,0x00,0x00,0x02,0x05,0x09,0x2d,0x38,0x5d,0x57,0x3f,0x57,0x2b,0xa5,0x7b,0x87,0x7b,0x8a,0x7f,0x8d,0x7f,0x8d,0x7b,0x7b,0x7b,0x7b,0x7b,0x7b,0x7b,0x7b,0x7b,0x7b,0x7b,0x7b,0x7b,0x7b,0x7b,0x7b,0x7b,0x7b,0x7b,0x7b,0x7b,0x7b,0x7b,0x7b,0x87,0x8f,0xa5,0x70,0x1a,0x12,0x0c,0x05,0x00,0x00,0x00,0x00,0x00,0x00,0x00,0x00,0x00,0x00,0x00,0x00,0x00,0x00,0x00,0x00,0x00,0x00,0x00,0x00,0x00,0x00,0x00,0x00,0x00,0x00,0x00,0x00,0x00,0x00,0x00,0x00,0x00,0x00,0x00,0x00,0x00,0x00,0x00,0x00,0x00,0x00,0x00,0x00,0x00,
    0x00,0x00,0x00,0x00,0x00,0x00,0x00,0x00,0x00,0x00,0x00,0x00,0x00,0x00,0x00,0x00,0x00,0x00,0x00,0x00,0x00,0x00,0x00,0x00,0x00,0x00,0x00,0x00,0x00,0x00,0x00,0x00,0x00,0x00,0x00,0x00,0x00,0x00,0x00,0x00,0x00,0x00,0x00,0x00,0x00,0x00,0x00,0x02,0x05,0x00,0x62,0x36,0x17,0x3f,0x1f,0x38,0x3e,0xc5,0x8c,0x87,0x7b,0x7b,0x8b,0x8a,0x8d,0x7f,0x7f,0x8b,0x7b,0x7b,0x7b,0x7b,0x87,0x7b,0x7b,0x7b,0x7b,0x7b,0x7b,0x7b,0x7b,0x7b,0x7b,0x8b,0x7b,0x7b,0x7b,0x7b,0x7b,0x7b,0x7b,0x8b,0x8b,0x8f,0xa7,0x49,0x11,0x00,0x0c,0x00,0x00,0x00,0x00,0x00,0x00,0x00,0x00,0x00,0x00,0x00,0x00,0x00,0x00,0x00,0x00,0x00,0x00,0x00,0x00,0x00,0x00,0x00,0x00,0x00,0x00,0x00,0x00,0x00,0x00,0x00,0x00,0x00,0x00,0x00,0x00,0x00,0x00,0x00,0x00,0x00,0x00,0x00,0x00,0x00,
    0x00,0x00,0x00,0x00,0x00,0x00,0x00,0x00,0x00,0x00,0x00,0x00,0x00,0x00,0x00,0x00,0x00,0x00,0x00,0x00,0x00,0x00,0x00,0x00,0x00,0x00,0x00,0x00,0x00,0x00,0x00,0x00,0x00,0x00,0x00,0x00,0x00,0x00,0x00,0x00,0x00,0x00,0x00,0x00,0x00,0x00,0x00,0x03,0x00,0x11,0x6d,0x1a,0x1f,0x03,0x52,0x32,0x84,0x8f,0x8b,0x8a,0x7b,0x7b,0x7b,0x7b,0x7b,0x8b,0x8b,0x7b,0x7b,0x7b,0x7b,0x87,0x8c,0x87,0x7b,0x7b,0x7b,0x7b,0x7b,0x7b,0x7b,0x7b,0x7b,0x7b,0x7b,0x7b,0x8b,0x8d,0x8d,0x8a,0x8d,0x7f,0x7f,0x98,0x92,0xbf,0x5d,0x5c,0x00,0x05,0x00,0x00,0x00,0x00,0x00,0x00,0x00,0x00,0x00,0x00,0x00,0x00,0x00,0x00,0x00,0x00,0x00,0x00,0x00,0x00,0x00,0x00,0x00,0x00,0x00,0x00,0x00,0x00,0x00,0x00,0x00,0x00,0x00,0x00,0x00,0x00,0x00,0x00,0x00,0x00,0x00,0x00,0x00,0x00,
    0x00,0x00,0x00,0x00,0x00,0x00,0x00,0x00,0x00,0x00,0x00,0x00,0x00,0x00,0x00,0x00,0x00,0x00,0x00,0x00,0x00,0x00,0x00,0x00,0x00,0x00,0x00,0x00,0x00,0x00,0x00,0x00,0x00,0x00,0x00,0x00,0x00,0x00,0x00,0x00,0x00,0x00,0x00,0x00,0x00,0x00,0x09,0x05,0x11,0x36,0x1a,0x12,0x00,0x52,0x35,0xbb,0x93,0x98,0x7f,0x7f,0x8b,0x7b,0x7b,0x7b,0x7b,0x7b,0x7b,0x7b,0x7b,0x8b,0x98,0xa0,0xb6,0xa5,0x8d,0x8a,0x8b,0x8b,0x8b,0x8b,0x7b,0x8a,0x8a,0x7b,0x7b,0x7b,0x8b,0x8a,0x8a,0x8b,0x8b,0x8a,0x7f,0x7f,0x98,0x8d,0x26,0x5d,0x31,0x00,0x05,0x00,0x00,0x00,0x00,0x00,0x00,0x00,0x00,0x00,0x00,0x00,0x00,0x00,0x00,0x00,0x00,0x00,0x00,0x00,0x00,0x00,0x00,0x00,0x00,0x00,0x00,0x00,0x00,0x00,0x00,0x00,0x00,0x00,0x00,0x00,0x00,0x00,0x00,0x00,0x00,0x00,0x00,0x00,
    0x00,0x00,0x00,0x00,0x00,0x00,0x00,0x00,0x00,0x00,0x00,0x00,0x00,0x00,0x00,0x00,0x00,0x00,0x00,0x00,0x00,0x00,0x00,0x00,0x00,0x00,0x00,0x00,0x00,0x00,0x00,0x00,0x00,0x00,0x00,0x00,0x00,0x00,0x00,0x00,0x00,0x00,0x00,0x00,0x00,0x09,0x00,0x2d,0x66,0x17,0x27,0x00,0x62,0x17,0xa9,0xa7,0xa7,0x8d,0x7f,0x7f,0x7f,0x8a,0x7b,0x7b,0x7b,0x8b,0x8d,0x8b,0x7b,0x87,0x9f,0xa2,0xb4,0x9e,0x8b,0x8b,0x8b,0x8a,0x8a,0x8b,0x8a,0x7b,0x87,0x8f,0x0a,0x0b,0x8c,0x87,0x7b,0x7b,0x7b,0x7b,0x8b,0x8a,0x7b,0x7b,0xa5,0x2b,0x68,0x30,0x05,0x00,0x00,0x00,0x00,0x00,0x00,0x00,0x00,0x00,0x00,0x00,0x00,0x00,0x00,0x00,0x00,0x00,0x00,0x00,0x00,0x00,0x00,0x00,0x00,0x00,0x00,0x00,0x00,0x00,0x00,0x00,0x00,0x00,0x00,0x00,0x00,0x00,0x00,0x00,0x00,0x00,0x00,0x00,
    0x00,0x00,0x00,0x00,0x00,0x00,0x00,0x00,0x00,0x00,0x00,0x00,0x00,0x00,0x00,0x00,0x00,0x00,0x00,0x00,0x00,0x00,0x00,0x00,0x00,0x00,0x00,0x00,0x00,0x00,0x00,0x00,0x00,0x00,0x00,0x00,0x00,0x00,0x00,0x00,0x00,0x00,0x00,0x00,0x05,0x00,0x31,0x23,0x23,0x2d,0x00,0x1f,0x17,0x28,0x87,0x7b,0x8b,0x7f,0x8f,0x8f,0x7f,0x7f,0x7b,0x7b,0x7b,0x8d,0x7f,0x7f,0x98,0x9e,0xa9,0xb4,0xaa,0x9e,0x9a,0x7b,0x7b,0x7b,0x7b,0x7b,0x7b,0x7b,0x87,0x9e,0xaa,0x43,0x9f,0x87,0x7b,0x7b,0x7b,0x7b,0x7b,0x7b,0x7b,0x87,0xbe,0x16,0x4d,0x67,0x00,0x0c,0x00,0x00,0x00,0x00,0x00,0x00,0x00,0x00,0x00,0x00,0x00,0x00,0x00,0x00,0x00,0x00,0x00,0x00,0x00,0x00,0x00,0x00,0x00,0x00,0x00,0x00,0x00,0x00,0x00,0x00,0x00,0x00,0x00,0x00,0x00,0x00,0x00,0x00,0x00,0x00,0x00,0x00,
    0x00,0x00,0x00,0x00,0x00,0x00,0x00,0x00,0x00,0x00,0x00,0x00,0x00,0x00,0x00,0x00,0x00,0x00,0x00,0x00,0x00,0x00,0x00,0x00,0x00,0x00,0x00,0x00,0x00,0x00,0x00,0x00,0x00,0x00,0x00,0x00,0x00,0x00,0x00,0x00,0x00,0x00,0x00,0x02,0x00,0x1b,0x23,0x36,0x3c,0x00,0x0c,0x64,0x32,0xa5,0x8a,0x9a,0x7b,0x8a,0x8a,0x7f,0x8f,0x7f,0x8b,0x87,0x8c,0x8c,0x8a,0x8b,0x92,0x0a,0x28,0x28,0xae,0x9e,0x8f,0x7f,0x8b,0x8b,0x8b,0x8b,0x8a,0x8d,0x98,0x9e,0xb2,0xdd,0x97,0xa0,0x9a,0x7b,0x7b,0x7b,0x7b,0x7b,0x7b,0x7b,0x7f,0x93,0x6d,0x20,0x09,0x00,0x00,0x00,0x00,0x00,0x00,0x00,0x00,0x00,0x00,0x00,0x00,0x00,0x00,0x00,0x00,0x00,0x00,0x00,0x00,0x00,0x00,0x00,0x00,0x00,0x00,0x00,0x00,0x00,0x00,0x00,0x00,0x00,0x00,0x00,0x00,0x00,0x00,0x00,0x00,0x00,0x00,0x00,
    0x00,0x00,0x00,0x00,0x00,0x00,0x00,0x00,0x00,0x00,0x00,0x00,0x00,0x00,0x00,0x00,0x00,0x00,0x00,0x00,0x00,0x00,0x00,0x00,0x00,0x00,0x00,0x00,0x00,0x00,0x00,0x00,0x00,0x00,0x00,0x00,0x00,0x00,0x00,0x00,0x00,0x00,0x00,0x05,0x03,0x11,0x49,0x23,0x0d,0x00,0x1f,0x17,0xbb,0xbe,0x7f,0x8a,0x7b,0x87,0x9a,0x98,0x8f,0x7f,0x98,0xac,0x08,0x97,0x9a,0xac,0xa9,0x26,0xbd,0xa2,0xbc,0x8f,0x8f,0x7f,0x8a,0x8d,0x7f,0x7f,0x7f,0x7f,0x8f,0x9e,0xbf,0xa2,0x2b,0xa5,0x8f,0x08,0x9a,0x8a,0x7f,0x8b,0x7b,0x7b,0xbe,0x81,0x84,0x36,0x62,0x00,0x0c,0x00,0x00,0x00,0x00,0x00,0x00,0x00,0x00,0x00,0x00,0x00,0x00,0x00,0x00,0x00,0x00,0x00,0x00,0x00,0x00,0x00,0x00,0x00,0x00,0x00,0x00,0x00,0x00,0x00,0x00,0x00,0x00,0x00,0x00,0x00,0x00,0x00,0x00,0x00,0x00,0x00,
    0x00,0x00,0x00,0x00,0x00,0x00,0x00,0x00,0x00,0x00,0x00,0x00,0x00,0x00,0x00,0x00,0x00,0x00,0x00,0x00,0x00,0x00,0x00,0x00,0x00,0x00,0x00,0x00,0x00,0x00,0x00,0x00,0x00,0x00,0x00,0x00,0x00,0x00,0x00,0x00,0x00,0x00,0x02,0x00,0x1b,0x36,0x49,0x2d,0x00,0x30,0x59,0xda,0x9d,0x98,0x7f,0x7f,0x8a,0x8c,0xa0,0x9f,0x8f,0x98,0x7f,0x8f,0x26,0xbf,0xac,0x13,0x2b,0xbd,0x84,0xa2,0x98,0x7f,0x7f,0x7f,0x7b,0x8b,0x7f,0x7f,0x7f,0x7f,0x98,0x8f,0x16,0x28,0xec,0xc0,0xe3,0xbf,0x0a,0x92,0x7f,0x8d,0x8b,0x8d,0xbe,0x84,0xa7,0x55,0x11,0x02,0x05,0x00,0x00,0x00,0x00,0x00,0x00,0x00,0x00,0x00,0x00,0x00,0x00,0x00,0x00,0x00,0x00,0x00,0x00,0x00,0x00,0x00,0x00,0x00,0x00,0x00,0x00,0x00,0x00,0x00,0x00,0x00,0x00,0x00,0x00,0x00,0x00,0x00,0x00,0x00,0x00,0x00,
    0x00,0x00,0x00,0x00,0x00,0x00,0x00,0x00,0x00,0x00,0x00,0x00,0x00,0x00,0x00,0x00,0x00,0x00,0x00,0x00,0x00,0x00,0x00,0x00,0x00,0x00,0x00,0x00,0x00,0x00,0x00,0x00,0x00,0x00,0x00,0x00,0x00,0x00,0x00,0x00,0x00,0x00,0x05,0x00,0x34,0x49,0x23,0x0d,0x02,0x62,0x32,0x97,0x8b,0x98,0x7f,0x8f,0x92,0x08,0x50,0x2b,0x97,0x9e,0xe3,0x26,0x14,0x8e,0x7f,0x26,0xbc,0x95,0x9d,0x2f,0x8f,0x7f,0x8d,0x8b,0x7b,0x7b,0x8b,0x7f,0x7f,0x8b,0x8b,0xac,0x16,0xa2,0x7f,0x43,0xaa,0x92,0x2f,0xa7,0x8f,0x7f,0x7f,0x7f,0x7f,0x7f,0x8d,0x0a,0x56,0x1f,0x00,0x05,0x00,0x00,0x00,0x00,0x00,0x00,0x00,0x00,0x00,0x00,0x00,0x00,0x00,0x00,0x00,0x00,0x00,0x00,0x00,0x00,0x00,0x00,0x00,0x00,0x00,0x00,0x00,0x00,0x00,0x00,0x00,0x00,0x00,0x00,0x00,0x00,0x00,0x00,0x00,0x00,
    0x00,0x00,0x00,0x00,0x00,0x00,0x00,0x00,0x00,0x00,0x00,0x00,0x00,0x00,0x00,0x00,0x00,0x00,0x00,0x00,0x00,0x00,0x00,0x00,0x00,0x00,0x00,0x00,0x00,0x00,0x00,0x00,0x00,0x00,0x00,0x00,0x00,0x00,0x00,0x00,0x00,0x02,0x00,0x1b,0x3c,0x36,0x22,0x00,0x0c,0x61,0x28,0x9a,0x9a,0x8b,0x8a,0x98,0x9e,0xb4,0xd9,0xd9,0xe5,0xc1,0x4c,0x2b,0x9e,0x9e,0xa2,0x16,0x8e,0x93,0xbc,0x26,0x7f,0x8b,0x9a,0x87,0x7b,0x7b,0x8d,0x7f,0x7f,0x7f,0x98,0x8f,0x16,0xa2,0xc9,0x97,0x4c,0x9e,0x14,0xbf,0x8f,0x7f,0x8a,0x7b,0x7b,0x8a,0x8d,0xc6,0x58,0x62,0x00,0x0c,0x00,0x00,0x00,0x00,0x00,0x00,0x00,0x00,0x00,0x00,0x00,0x00,0x00,0x00,0x00,0x00,0x00,0x00,0x00,0x00,0x00,0x00,0x00,0x00,0x00,0x00,0x00,0x00,0x00,0x00,0x00,0x00,0x00,0x00,0x00,0x00,0x00,0x00,0x00,0x00,
    0x00,0x00,0x00,0x00,0x00,0x00,0x00,0x00,0x00,0x00,0x00,0x00,0x00,0x00,0x00,0x00,0x00,0x00,0x00,0x00,0x00,0x00,0x00,0x00,0x00,0x00,0x00,0x00,0x00,0x00,0x00,0x00,0x00,0x00,0x00,0x00,0x00,0x00,0x00,0x00,0x00,0x05,0x01,0x12,0x23,0x45,0x12,0x02,0x1f,0x68,0x14,0x8c,0x7b,0x7b,0x87,0x8d,0xc6,0xa4,0xd2,0xd2,0xd2,0xdc,0xd9,0xf4,0x9f,0x0a,0xb7,0xc5,0x25,0xda,0xc0,0x35,0xa5,0x7b,0x9a,0x87,0x7b,0x7b,0x8b,0x8b,0x8a,0x8d,0x98,0x92,0x13,0xa2,0x8e,0x93,0xa2,0x0a,0x13,0xab,0x92,0x8b,0x7b,0x7b,0x7b,0x87,0x9a,0x97,0x32,0x64,0x27,0x00,0x02,0x00,0x00,0x00,0x00,0x00,0x00,0x00,0x00,0x00,0x00,0x00,0x00,0x00,0x00,0x00,0x00,0x00,0x00,0x00,0x00,0x00,0x00,0x00,0x00,0x00,0x00,0x00,0x00,0x00,0x00,0x00,0x00,0x00,0x00,0x00,0x00,0x00,0x00,0x00,
    0x00,0x00,0x00,0x00,0x00,0x00,0x00,0x00,0x00,0x00,0x00,0x00,0x00,0x00,0x00,0x00,0x00,0x00,0x00,0x00,0x00,0x00,0x00,0x00,0x00,0x00,0x00,0x00,0x00,0x00,0x00,0x00,0x00,0x00,0x00,0x00,0x00,0x00,0x00,0x00,0x00,0x05,0x05,0x33,0x6d,0x6b,0x09,0x00,0x24,0x32,0x08,0x9a,0x87,0x7b,0x87,0x8f,0x13,0xa1,0xdc,0xdc,0xd2,0xd2,0xd9,0x50,0x9f,0x4c,0xc2,0xda,0xb2,0xc5,0xc5,0x28,0x9e,0xbf,0x2f,0xac,0x9a,0x7b,0x7b,0x7b,0x87,0x7b,0x87,0x92,0xab,0x35,0xab,0xae,0xbd,0x26,0x13,0xb6,0x92,0x87,0x87,0x7b,0x7b,0x87,0x08,0x9a,0xb6,0x38,0x1b,0x00,0x02,0x00,0x00,0x00,0x00,0x00,0x00,0x00,0x00,0x00,0x00,0x00,0x00,0x00,0x00,0x00,0x00,0x00,0x00,0x00,0x00,0x00,0x00,0x00,0x00,0x00,0x00,0x00,0x00,0x00,0x00,0x00,0x00,0x00,0x00,0x00,0x00,0x00,0x00,0x00,
    0x00,0x00,0x00,0x00,0x00,0x00,0x00,0x00,0x00,0x00,0x00,0x00,0x00,0x00,0x00,0x00,0x00,0x00,0x00,0x00,0x00,0x00,0x00,0x00,0x00,0x00,0x00,0x00,0x00,0x00,0x00,0x00,0x00,0x00,0x00,0x00,0x00,0x00,0x00,0x00,0x00,0x02,0x3d,0x3c,0x23,0x12,0x00,0x27,0x1a,0x13,0x8d,0x08,0x87,0x8a,0x8b,0x9f,0xe3,0xa0,0xaa,0xe4,0xe5,0xd9,0xff,0x2f,0xa9,0xc2,0xc5,0x93,0x95,0x93,0x86,0x0e,0x9e,0x28,0x3e,0x9e,0x87,0x8d,0x8a,0x8a,0x8a,0x8a,0x8b,0x9e,0xab,0x28,0x82,0x25,0x25,0x2f,0x14,0xa2,0xa7,0x8b,0x08,0x7b,0x8a,0x8b,0x87,0x8d,0x0a,0x4d,0x62,0x01,0x0c,0x00,0x00,0x00,0x00,0x00,0x00,0x00,0x00,0x00,0x00,0x00,0x00,0x00,0x00,0x00,0x00,0x00,0x00,0x00,0x00,0x00,0x00,0x00,0x00,0x00,0x00,0x00,0x00,0x00,0x00,0x00,0x00,0x00,0x00,0x00,0x00,0x00,0x00,0x00,
    0x00,0x00,0x00,0x00,0x00,0x00,0x00,0x00,0x00,0x00,0x00,0x00,0x00,0x00,0x00,0x00,0x00,0x00,0x00,0x00,0x00,0x00,0x00,0x00,0x00,0x00,0x00,0x00,0x00,0x00,0x00,0x00,0x00,0x00,0x00,0x00,0x00,0x00,0x00,0x00,0x00,0x02,0x00,0x33,0x23,0x22,0x00,0x31,0x17,0xbc,0x92,0x7b,0x8a,0x7f,0x9f,0x28,0x26,0x0b,0xe3,0xe3,0xb6,0xdd,0xad,0x2f,0x0e,0x90,0x86,0x81,0x81,0x7d,0x7d,0xaa,0xa5,0xa2,0xaa,0xc9,0x7f,0x8f,0x8f,0x7f,0x7f,0x7f,0x98,0x92,0xa9,0x0e,0x8e,0x95,0xc5,0xb7,0x4c,0x2b,0xbc,0xbe,0x9a,0x8d,0x7f,0x7f,0x98,0x92,0x0a,0x70,0x24,0x00,0x02,0x00,0x00,0x00,0x00,0x00,0x00,0x00,0x00,0x00,0x00,0x00,0x00,0x00,0x00,0x00,0x00,0x00,0x00,0x00,0x00,0x00,0x00,0x00,0x00,0x00,0x00,0x00,0x00,0x00,0x00,0x00,0x00,0x00,0x00,0x00,0x00,0x00,0x00,0x00,
    0x00,0x00,0x00,0x00,0x00,0x00,0x00,0x00,0x00,0x00,0x00,0x00,0x00,0x00,0x00,0x00,0x00,0x00,0x00,0x00,0x00,0x00,0x00,0x00,0x00,0x00,0x00,0x00,0x00,0x00,0x00,0x00,0x00,0x00,0x00,0x00,0x00,0x00,0x00,0x00,0x05,0x05,0x0d,0x1a,0x36,0x31,0x00,0x3f,0x32,0x82,0x98,0x0b,0x87,0x8b,0xa5,0xba,0xd9,0xe5,0xe4,0xb6,0x43,0xc6,0x0a,0x2b,0xbc,0x86,0x82,0x82,0xbe,0xa6,0x9d,0x0e,0xa9,0xab,0xaa,0xa7,0x7f,0x8f,0x8f,0x7f,0x7f,0x7f,0x98,0x92,0x14,0xab,0x90,0x07,0x82,0x7d,0x3e,0x35,0xae,0xbe,0x8b,0x7f,0x7f,0x7f,0x7f,0x92,0x13,0xa9,0x34,0x0d,0x02,0x02,0x00,0x00,0x00,0x00,0x00,0x00,0x00,0x00,0x00,0x00,0x00,0x00,0x00,0x00,0x00,0x00,0x00,0x00,0x00,0x00,0x00,0x00,0x00,0x00,0x00,0x00,0x00,0x00,0x00,0x00,0x00,0x00,0x00,0x00,0x00,0x00,0x00,0x00,
    0x00,0x00,0x00,0x00,0x00,0x00,0x00,0x00,0x00,0x00,0x00,0x00,0x00,0x00,0x00,0x00,0x00,0x00,0x00,0x00,0x00,0x00,0x00,0x00,0x00,0x00,0x00,0x00,0x00,0x00,0x00,0x00,0x00,0x00,0x00,0x00,0x00,0x00,0x00,0x00,0x09,0x00,0x1e,0x36,0x36,0x67,0x09,0x24,0x25,0xc9,0x97,0xc6,0xa5,0x8c,0x26,0xd9,0xd2,0xd2,0xdc,0xe5,0xe5,0xb4,0xdb,0xaa,0x95,0x84,0x07,0xbc,0xa6,0xa9,0xa6,0xab,0xa2,0xbc,0x0e,0xa5,0x7f,0x98,0x98,0x98,0x98,0x98,0x98,0x9e,0x2f,0x16,0x8e,0x81,0x82,0x95,0x15,0xdd,0x13,0x8c,0x8b,0x7f,0x8d,0x8b,0x9a,0xac,0x0a,0x2b,0x1a,0x12,0x00,0x05,0x00,0x00,0x00,0x00,0x00,0x00,0x00,0x00,0x00,0x00,0x00,0x00,0x00,0x00,0x00,0x00,0x00,0x00,0x00,0x00,0x00,0x00,0x00,0x00,0x00,0x00,0x00,0x00,0x00,0x00,0x00,0x00,0x00,0x00,0x00,0x00,0x00,0x00,
    0x00,0x00,0x00,0x00,0x00,0x00,0x00,0x00,0x00,0x00,0x00,0x00,0x00,0x00,0x00,0x00,0x00,0x00,0x00,0x00,0x00,0x00,0x00,0x00,0x00,0x00,0x00,0x00,0x00,0x00,0x00,0x00,0x00,0x00,0x00,0x00,0x00,0x00,0x00,0x00,0x02,0x05,0x1b,0x34,0x36,0x1e,0x1e,0x17,0x13,0x92,0xa9,0x97,0x7f,0xa0,0xc0,0xe5,0xdc,0xdc,0xd2,0xd2,0xdc,0xc4,0x35,0xa7,0xc5,0x93,0xbe,0xab,0x16,0xbb,0x13,0xa2,0x26,0x90,0xda,0x97,0xac,0x8d,0x92,0x92,0x92,0x92,0xa5,0x8c,0x28,0xa6,0x13,0x9d,0xa7,0xbd,0x95,0xb4,0x14,0x87,0x8b,0x8a,0x87,0x7b,0xa2,0x08,0x97,0xa9,0x4f,0x22,0x00,0x0c,0x00,0x00,0x00,0x00,0x00,0x00,0x00,0x00,0x00,0x00,0x00,0x00,0x00,0x00,0x00,0x00,0x00,0x00,0x00,0x00,0x00,0x00,0x00,0x00,0x00,0x00,0x00,0x00,0x00,0x00,0x00,0x00,0x00,0x00,0x00,0x00,0x00,0x00,
    0x00,0x00,0x00,0x00,0x00,0x00,0x00,0x00,0x00,0x00,0x00,0x00,0x00,0x00,0x00,0x00,0x00,0x00,0x00,0x00,0x00,0x00,0x00,0x00,0x00,0x00,0x00,0x00,0x00,0x00,0x00,0x00,0x00,0x00,0x00,0x00,0x00,0x00,0x00,0x00,0x00,0x00,0x09,0x3c,0x23,0x12,0x11,0x4f,0x7f,0x0b,0xb6,0xa5,0xa7,0x92,0xe3,0x8a,0xc2,0xf3,0xe5,0xdc,0xe0,0x35,0xbf,0x9e,0x93,0xc2,0xb4,0xc8,0xc4,0xad,0xb7,0xa2,0x2b,0x7d,0xae,0x0e,0xaa,0xaa,0xaa,0x0a,0x0a,0xbb,0xb6,0x2b,0x4c,0xab,0xab,0xbb,0x9d,0x82,0x90,0x0e,0xd5,0x7b,0x8b,0x7b,0x87,0x7b,0xb6,0x0b,0x97,0x13,0x36,0x2d,0x00,0x0c,0x00,0x00,0x00,0x00,0x00,0x00,0x00,0x00,0x00,0x00,0x00,0x00,0x00,0x00,0x00,0x00,0x00,0x00,0x00,0x00,0x00,0x00,0x00,0x00,0x00,0x00,0x00,0x00,0x00,0x00,0x00,0x00,0x00,0x00,0x00,0x00,0x00,0x00,
    0x00,0x00,0x00,0x00,0x00,0x00,0x00,0x00,0x00,0x00,0x00,0x00,0x00,0x00,0x00,0x00,0x00,0x00,0x00,0x00,0x00,0x00,0x00,0x00,0x00,0x00,0x00,0x00,0x00,0x00,0x00,0x00,0x00,0x00,0x00,0x00,0x00,0x00,0x00,0x00,0x00,0x0c,0x0c,0x33,0x66,0x51,0x2d,0x48,0x92,0x13,0xa9,0xa7,0x93,0xaa,0xb4,0x0a,0x9f,0xe3,0xc6,0x35,0xc8,0xab,0x7d,0xab,0xb4,0x96,0x88,0xe6,0xe6,0xb5,0x7e,0xad,0xb2,0xc5,0x93,0x81,0x82,0x84,0x07,0xc5,0xc5,0x15,0x16,0xc0,0xb7,0xb4,0xb4,0x3e,0x15,0x07,0x07,0xaa,0x43,0xac,0x7b,0x9a,0x9a,0xac,0xa9,0x97,0x97,0x14,0x44,0x2d,0x00,0x0c,0x00,0x00,0x00,0x00,0x00,0x00,0x00,0x00,0x00,0x00,0x00,0x00,0x00,0x00,0x00,0x00,0x00,0x00,0x00,0x00,0x00,0x00,0x00,0x00,0x00,0x00,0x00,0x00,0x00,0x00,0x00,0x00,0x00,0x00,0x00,0x00,0x00,0x00,
    0x00,0x00,0x00,0x00,0x00,0x00,0x00,0x00,0x00,0x00,0x00,0x00,0x00,0x00,0x00,0x00,0x00,0x00,0x00,0x00,0x00,0x00,0x00,0x00,0x00,0x00,0x00,0x00,0x00,0x00,0x00,0x00,0x00,0x00,0x00,0x00,0x00,0x00,0x00,0x00,0x00,0x02,0x00,0x1b,0x4f,0x66,0x33,0x2e,0x8f,0x0a,0x97,0x8f,0x9e,0xad,0xd9,0xe5,0xa1,0xe4,0xb4,0x35,0x97,0x9d,0xc5,0xb5,0x88,0xc8,0x25,0xad,0xb5,0xad,0xc0,0xc4,0xc1,0x8e,0x84,0x86,0x86,0x86,0x93,0x93,0x93,0x93,0x8e,0xc0,0x9b,0x7c,0x7e,0x83,0x80,0xdb,0xa7,0x2f,0xa2,0xa0,0xac,0x0a,0x97,0x9f,0xa2,0xa2,0x0b,0xc6,0x48,0x11,0x00,0x0c,0x00,0x00,0x00,0x00,0x00,0x00,0x00,0x00,0x00,0x00,0x00,0x00,0x00,0x00,0x00,0x00,0x00,0x00,0x00,0x00,0x00,0x00,0x00,0x00,0x00,0x00,0x00,0x00,0x00,0x00,0x00,0x00,0x00,0x00,0x00,0x00,0x00,0x00,
    0x00,0x00,0x00,0x00,0x00,0x00,0x00,0x00,0x00,0x00,0x00,0x00,0x00,0x00,0x00,0x00,0x00,0x00,0x00,0x00,0x00,0x00,0x00,0x00,0x00,0x00,0x00,0x00,0x00,0x00,0x00,0x00,0x00,0x00,0x00,0x00,0x00,0x00,0x00,0x00,0x00,0x00,0x05,0x09,0x3c,0x66,0x3c,0xa6,0x8f,0xa9,0x9a,0x8d,0x97,0xe5,0xd2,0xd2,0xd2,0xdc,0xdc,0xc3,0x2f,0x15,0xc4,0x96,0x3e,0x8e,0xad,0xad,0xc1,0x25,0xc1,0x3e,0xc2,0x07,0x93,0x86,0x81,0x81,0x81,0x81,0x84,0x95,0xda,0xe6,0xc4,0x7c,0xc4,0xc1,0xc8,0x88,0xad,0xab,0x13,0xa5,0x0a,0x0a,0xbf,0x9e,0xb4,0x0a,0x8d,0xa9,0x45,0x1e,0x00,0x05,0x00,0x00,0x00,0x00,0x00,0x00,0x00,0x00,0x00,0x00,0x00,0x00,0x00,0x00,0x00,0x00,0x00,0x00,0x00,0x00,0x00,0x00,0x00,0x00,0x00,0x00,0x00,0x00,0x00,0x00,0x00,0x00,0x00,0x00,0x00,0x00,0x00,0x00,
    0x00,0x00,0x00,0x00,0x00,0x00,0x00,0x00,0x00,0x00,0x00,0x00,0x00,0x00,0x00,0x00,0x00,0x00,0x00,0x00,0x00,0x00,0x00,0x00,0x00,0x00,0x00,0x00,0x00,0x00,0x00,0x00,0x00,0x00,0x00,0x00,0x00,0x00,0x00,0x00,0x00,0x00,0x05,0x00,0x0d,0x4f,0x08,0xbc,0x8d,0xc6,0x87,0x8c,0xc6,0xba,0xd9,0xd9,0xdc,0xd2,0xd2,0xc3,0xbc,0x50,0x88,0x3e,0x8e,0xc2,0x9b,0x90,0x8e,0xc5,0x9b,0x9b,0xc5,0x81,0x82,0x86,0x81,0x81,0x81,0x81,0x84,0x82,0x0e,0x50,0xe6,0xc1,0xbb,0xad,0x25,0x3e,0x88,0xc8,0xa2,0xa9,0x0a,0xb6,0xa5,0x8d,0x97,0x8c,0x08,0xdd,0x38,0x0d,0x01,0x05,0x00,0x00,0x00,0x00,0x00,0x00,0x00,0x00,0x00,0x00,0x00,0x00,0x00,0x00,0x00,0x00,0x00,0x00,0x00,0x00,0x00,0x00,0x00,0x00,0x00,0x00,0x00,0x00,0x00,0x00,0x00,0x00,0x00,0x00,0x00,0x00,0x00,0x00,
    0x00,0x00,0x00,0x00,0x00,0x00,0x00,0x00,0x00,0x00,0x00,0x00,0x00,0x00,0x00,0x00,0x00,0x00,0x00,0x00,0x00,0x00,0x00,0x00,0x00,0x00,0x00,0x00,0x00,0x00,0x00,0x00,0x00,0x00,0x00,0x00,0x00,0x00,0x00,0x00,0x00,0x00,0x00,0x02,0x1b,0x3c,0x2e,0xac,0x98,0x9a,0x8b,0x7b,0x8c,0x9a,0xa9,0xc0,0xe4,0xa1,0xd9,0xba,0x84,0xb5,0xc4,0x8e,0x90,0xad,0x7c,0xf8,0x7d,0xda,0x9c,0x7a,0xb7,0x9e,0x9d,0x82,0x82,0x84,0x82,0x84,0x84,0x7d,0xae,0xc8,0x15,0x8e,0x82,0x9b,0xe6,0x8e,0x50,0x88,0xa2,0x8f,0xb6,0x4c,0xa5,0x8a,0x8c,0x7b,0xa9,0x4c,0x44,0x31,0x00,0x0c,0x00,0x00,0x00,0x00,0x00,0x00,0x00,0x00,0x00,0x00,0x00,0x00,0x00,0x00,0x00,0x00,0x00,0x00,0x00,0x00,0x00,0x00,0x00,0x00,0x00,0x00,0x00,0x00,0x00,0x00,0x00,0x00,0x00,0x00,0x00,0x00,0x00,0x00,
    0x00,0x00,0x00,0x00,0x00,0x00,0x00,0x00,0x00,0x00,0x00,0x00,0x00,0x00,0x00,0x00,0x00,0x00,0x00,0x00,0x00,0x00,0x00,0x00,0x00,0x00,0x00,0x00,0x00,0x00,0x00,0x00,0x00,0x00,0x00,0x00,0x00,0x00,0x00,0x00,0x00,0x00,0x00,0x0c,0x00,0x31,0x44,0x2f,0x8c,0x8a,0x7f,0x7f,0x8d,0x8a,0xac,0xa0,0x9f,0x50,0xed,0xb2,0xb4,0x88,0x0e,0x90,0x90,0xc8,0xd9,0xfa,0xfd,0xea,0xfa,0xc3,0xb7,0x93,0x84,0x86,0x86,0x81,0x84,0x84,0x07,0x90,0xb7,0x9b,0xb2,0x8e,0x25,0x9c,0x7e,0xae,0x93,0x9b,0xdb,0xe3,0xdb,0x35,0x9f,0x87,0x87,0x8c,0x97,0xc6,0x60,0x6f,0x27,0x0c,0x02,0x00,0x00,0x00,0x00,0x00,0x00,0x00,0x00,0x00,0x00,0x00,0x00,0x00,0x00,0x00,0x00,0x00,0x00,0x00,0x00,0x00,0x00,0x00,0x00,0x00,0x00,0x00,0x00,0x00,0x00,0x00,0x00,0x00,0x00,0x00,0x00,0x00,
    0x00,0x00,0x00,0x00,0x00,0x00,0x00,0x00,0x00,0x00,0x00,0x00,0x00,0x00,0x00,0x00,0x00,0x00,0x00,0x00,0x00,0x00,0x00,0x00,0x00,0x00,0x00,0x00,0x00,0x00,0x00,0x00,0x00,0x00,0x00,0x00,0x00,0x00,0x00,0x00,0x00,0x00,0x00,0x0c,0x00,0x11,0x60,0x26,0xa5,0x8f,0x7f,0x7f,0x7f,0x7f,0x98,0x9e,0x3e,0xa3,0xb0,0x0e,0xbb,0x9b,0xb2,0x95,0x8e,0xe4,0xfa,0xfe,0xfd,0xfe,0xf5,0xce,0xbb,0x93,0x84,0x81,0x81,0x81,0x84,0x82,0x84,0x8e,0x3e,0xff,0xd8,0xf8,0xd3,0xdc,0x9c,0x25,0x8e,0x50,0x9b,0x8a,0x46,0xc1,0xa0,0x87,0x8d,0x98,0x8f,0x0a,0x0a,0x2b,0x3f,0x00,0x0c,0x00,0x00,0x00,0x00,0x00,0x00,0x00,0x00,0x00,0x00,0x00,0x00,0x00,0x00,0x00,0x00,0x00,0x00,0x00,0x00,0x00,0x00,0x00,0x00,0x00,0x00,0x00,0x00,0x00,0x00,0x00,0x00,0x00,0x00,0x00,0x00,0x00,
    0x00,0x00,0x00,0x00,0x00,0x00,0x00,0x00,0x00,0x00,0x00,0x00,0x00,0x00,0x00,0x00,0x00,0x00,0x00,0x00,0x00,0x00,0x00,0x00,0x00,0x00,0x00,0x00,0x00,0x00,0x00,0x00,0x00,0x00,0x00,0x00,0x00,0x00,0x00,0x00,0x00,0x00,0x02,0x05,0x1b,0x6f,0x13,0x97,0x08,0x8f,0x7f,0x7f,0x7f,0x98,0x9f,0xa9,0xb0,0xb0,0xe0,0x0e,0x8e,0xc2,0x25,0x95,0x90,0x25,0xf3,0x15,0xf5,0x86,0xb2,0xc1,0x93,0x82,0x84,0x84,0x82,0x82,0x82,0x86,0x82,0x8e,0xb7,0xf2,0xfd,0xfa,0xfe,0xea,0xc3,0xae,0x8e,0xc2,0x80,0xa2,0x39,0xd0,0x9f,0x98,0x7f,0x7f,0x8a,0xb6,0x56,0x4c,0x58,0x62,0x00,0x0c,0x00,0x00,0x00,0x00,0x00,0x00,0x00,0x00,0x00,0x00,0x00,0x00,0x00,0x00,0x00,0x00,0x00,0x00,0x00,0x00,0x00,0x00,0x00,0x00,0x00,0x00,0x00,0x00,0x00,0x00,0x00,0x00,0x00,0x00,0x00,0x00,
    0x00,0x00,0x00,0x00,0x00,0x00,0x00,0x00,0x00,0x00,0x00,0x00,0x00,0x00,0x00,0x00,0x00,0x00,0x00,0x00,0x00,0x00,0x00,0x00,0x00,0x00,0x00,0x00,0x00,0x00,0x00,0x00,0x00,0x00,0x00,0x00,0x00,0x00,0x00,0x02,0x02,0x01,0x30,0x00,0x47,0x55,0x97,0x87,0x87,0x7f,0x7f,0x8a,0x8a,0x8b,0x9a,0xcc,0xa3,0x14,0xf4,0xb7,0x8e,0x86,0x81,0x7d,0x81,0x90,0xc2,0xc1,0xda,0xb7,0xc0,0xc5,0x7d,0x81,0x86,0x81,0x86,0x86,0x86,0x86,0x81,0x95,0xae,0xf3,0xf5,0xf5,0xf5,0xea,0xe4,0x90,0x8e,0xc1,0xb4,0xd0,0xcd,0xcc,0xa0,0x98,0x8b,0x98,0x8f,0x97,0x57,0x38,0x2f,0x48,0x22,0x00,0x0c,0x00,0x00,0x00,0x00,0x00,0x00,0x00,0x00,0x00,0x00,0x00,0x00,0x00,0x00,0x00,0x00,0x00,0x00,0x00,0x00,0x00,0x00,0x00,0x00,0x00,0x00,0x00,0x00,0x00,0x00,0x00,0x00,0x00,0x00,0x00,
    0x00,0x00,0x00,0x00,0x00,0x00,0x00,0x00,0x00,0x00,0x00,0x00,0x00,0x00,0x00,0x00,0x00,0x00,0x00,0x00,0x00,0x00,0x00,0x00,0x00,0x00,0x00,0x00,0x00,0x00,0x00,0x00,0x00,0x00,0x00,0x00,0x00,0x01,0x00,0x00,0x00,0x00,0x00,0x0d,0x68,0x14,0x8b,0x87,0x7b,0x8a,0x8d,0x7b,0xa5,0xac,0xc1,0xb1,0xcf,0xa2,0x4c,0xc2,0xc9,0x98,0x9d,0x9d,0x81,0x86,0x8e,0x07,0xb2,0xae,0x93,0x93,0x82,0x82,0x81,0x86,0x86,0x86,0x86,0x86,0x86,0x81,0x90,0xda,0xd0,0xb2,0xf8,0xe4,0xc5,0x95,0x86,0xc2,0x9e,0xad,0xed,0xed,0x97,0x8d,0x87,0x87,0x8f,0x13,0x59,0x11,0x45,0x14,0x51,0x1e,0x00,0x05,0x00,0x00,0x00,0x00,0x00,0x00,0x00,0x00,0x00,0x00,0x00,0x00,0x00,0x00,0x00,0x00,0x00,0x00,0x00,0x00,0x00,0x00,0x00,0x00,0x00,0x00,0x00,0x00,0x00,0x00,0x00,0x00,0x00,0x00,
    0x00,0x00,0x00,0x00,0x00,0x00,0x00,0x00,0x00,0x00,0x00,0x00,0x00,0x00,0x00,0x00,0x00,0x00,0x00,0x00,0x00,0x00,0x00,0x00,0x00,0x00,0x00,0x00,0x00,0x00,0x00,0x00,0x00,0x00,0x00,0x00,0x02,0x00,0x09,0x0d,0x1b,0x27,0x31,0x45,0x55,0x97,0x87,0x87,0x7b,0x8b,0x7f,0x98,0x9e,0xaa,0xd1,0x85,0xad,0x54,0xb7,0xab,0x84,0x82,0x84,0x07,0xbd,0xbf,0xbb,0x16,0x16,0x07,0x7d,0x81,0x86,0x86,0x86,0x81,0x84,0x82,0x81,0x81,0x86,0x7d,0x81,0x90,0xae,0xb7,0xda,0x84,0x93,0x84,0xa7,0x9e,0x16,0x43,0xb6,0x2b,0x2f,0xac,0x87,0x87,0x8a,0x8f,0x48,0x22,0x20,0x2e,0x0b,0x61,0x18,0x05,0x01,0x00,0x00,0x00,0x00,0x00,0x00,0x00,0x00,0x00,0x00,0x00,0x00,0x00,0x00,0x00,0x00,0x00,0x00,0x00,0x00,0x00,0x00,0x00,0x00,0x00,0x00,0x00,0x00,0x00,0x00,0x00,0x00,0x00,
    0x00,0x00,0x00,0x00,0x00,0x00,0x00,0x00,0x00,0x00,0x00,0x00,0x00,0x00,0x00,0x00,0x00,0x00,0x00,0x00,0x00,0x00,0x00,0x00,0x00,0x00,0x00,0x00,0x00,0x00,0x00,0x00,0x00,0x00,0x00,0x05,0x00,0x18,0x11,0x3c,0x20,0x52,0x38,0x2e,0x8d,0x7b,0x7b,0x8b,0x7b,0x8a,0x98,0x92,0xbf,0xe1,0xed,0xd7,0xef,0x5a,0xda,0xab,0x15,0x7d,0x82,0x82,0x9d,0xa7,0xa6,0x13,0xa6,0x84,0x81,0x81,0x86,0x86,0x81,0x84,0x84,0x9d,0x84,0x84,0x81,0x81,0x81,0x86,0x86,0xa6,0x16,0xbc,0x07,0x9d,0x7f,0xa7,0xab,0x43,0xf4,0xcf,0xd0,0x9f,0xa5,0x7b,0x8b,0xa0,0x55,0x11,0x0d,0x4f,0xa9,0x5d,0x3f,0x00,0x05,0x00,0x00,0x00,0x00,0x00,0x00,0x00,0x00,0x00,0x00,0x00,0x00,0x00,0x00,0x00,0x00,0x00,0x00,0x00,0x00,0x00,0x00,0x00,0x00,0x00,0x00,0x00,0x00,0x00,0x00,0x00,0x00,0x00,
    0x00,0x00,0x00,0x00,0x00,0x00,0x00,0x00,0x00,0x00,0x00,0x00,0x00,0x00,0x00,0x00,0x00,0x00,0x00,0x00,0x00,0x00,0x00,0x00,0x00,0x00,0x00,0x00,0x00,0x00,0x00,0x00,0x00,0x00,0x05,0x00,0x0d,0x61,0x36,0x0b,0x48,0x32,0x14,0x7f,0x7f,0x7f,0x7f,0x7f,0x7f,0x87,0xa0,0x0b,0xcc,0xd7,0xd5,0xde,0xde,0xde,0xbb,0xbb,0xbb,0x86,0x84,0x9d,0xbd,0xbc,0xa6,0xbc,0x7f,0x84,0x84,0x82,0x81,0x84,0x84,0x84,0x84,0x9d,0x84,0x84,0x84,0x84,0x82,0x84,0x84,0x9d,0xbf,0xa6,0x8f,0x84,0x82,0x84,0x28,0x43,0xe7,0xcd,0xcc,0x8c,0x7f,0x7f,0x98,0xc9,0xae,0x45,0x0d,0x2d,0x97,0x32,0x20,0x02,0x00,0x00,0x00,0x00,0x00,0x00,0x00,0x00,0x00,0x00,0x00,0x00,0x00,0x00,0x00,0x00,0x00,0x00,0x00,0x00,0x00,0x00,0x00,0x00,0x00,0x00,0x00,0x00,0x00,0x00,0x00,0x00,0x00,0x00,
    0x00,0x00,0x00,0x00,0x00,0x00,0x00,0x00,0x00,0x00,0x00,0x00,0x00,0x00,0x00,0x00,0x00,0x00,0x00,0x00,0x00,0x00,0x00,0x00,0x00,0x00,0x00,0x00,0x00,0x00,0x00,0x00,0x00,0x02,0x01,0x0d,0x45,0x0a,0x98,0x8f,0x8d,0x7f,0x92,0x7f,0x7f,0x8d,0x8a,0x7f,0x98,0x92,0x08,0xcc,0xc7,0xcc,0x98,0xd5,0xfc,0x43,0xf1,0xe8,0x0e,0xc9,0x98,0xa6,0xa6,0xa6,0xa6,0xbc,0x7f,0x84,0x82,0x86,0x81,0x82,0x82,0x84,0x82,0x82,0x84,0x84,0x84,0x84,0x84,0x84,0x07,0x8d,0xbc,0xa6,0x98,0x9d,0xc9,0x16,0x26,0xde,0xe2,0x50,0xd6,0xd0,0x9f,0x98,0x8d,0xa7,0xa7,0x2e,0x34,0x34,0x97,0xa0,0x33,0x00,0x09,0x00,0x00,0x00,0x00,0x00,0x00,0x00,0x00,0x00,0x00,0x00,0x00,0x00,0x00,0x00,0x00,0x00,0x00,0x00,0x00,0x00,0x00,0x00,0x00,0x00,0x00,0x00,0x00,0x00,0x00,0x00,0x00,0x00,
    0x00,0x00,0x00,0x00,0x00,0x00,0x00,0x00,0x00,0x00,0x00,0x00,0x00,0x00,0x00,0x00,0x00,0x00,0x00,0x00,0x00,0x00,0x00,0x00,0x00,0x00,0x00,0x00,0x00,0x00,0x00,0x00,0x01,0x02,0x30,0x64,0x14,0x7b,0x87,0x7b,0x7f,0x8b,0x8b,0x8a,0x7f,0x7f,0x8a,0x8b,0xa7,0xa5,0xcc,0xa8,0x99,0xe1,0x9d,0x95,0xec,0x35,0xfb,0x5a,0x35,0x07,0x9d,0xbc,0x98,0x98,0x7f,0xa7,0x84,0x84,0x81,0x86,0x86,0x7d,0x81,0x93,0x82,0x07,0x86,0x84,0x84,0x82,0x81,0x82,0x84,0x9d,0x98,0xbc,0xa6,0xa6,0xbe,0x28,0xd5,0xde,0xd4,0xeb,0xb7,0x39,0x97,0x8d,0x8b,0x7b,0x87,0x9a,0x4f,0x60,0x97,0x97,0x47,0x00,0x0c,0x00,0x00,0x00,0x00,0x00,0x00,0x00,0x00,0x00,0x00,0x00,0x00,0x00,0x00,0x00,0x00,0x00,0x00,0x00,0x00,0x00,0x00,0x00,0x00,0x00,0x00,0x00,0x00,0x00,0x00,0x00,0x00,0x00,
    0x00,0x00,0x00,0x00,0x00,0x00,0x00,0x00,0x00,0x00,0x00,0x00,0x00,0x00,0x00,0x00,0x00,0x00,0x00,0x00,0x00,0x00,0x00,0x00,0x00,0x00,0x00,0x00,0x00,0x00,0x00,0x00,0x00,0x0c,0x09,0x56,0x0b,0x7b,0x7b,0x7b,0x87,0x7b,0x0b,0x8d,0x7f,0x7f,0x98,0x7f,0x87,0xcc,0xb1,0xb1,0xa8,0xe0,0xe4,0x92,0x90,0x0e,0xc0,0x81,0x25,0x0e,0x90,0x9d,0xa7,0xbe,0x84,0x84,0x84,0x81,0x86,0x86,0x86,0x81,0x93,0x15,0xf1,0x5a,0xae,0x86,0x82,0x86,0x81,0x82,0x84,0x84,0x8f,0x8d,0x98,0x9d,0xa6,0x5a,0xf1,0xf1,0xd5,0x9d,0xd0,0xb8,0xf0,0xa0,0x98,0x7f,0x7f,0x8a,0x9e,0xbf,0x0b,0x08,0x47,0x00,0x09,0x00,0x00,0x00,0x00,0x00,0x00,0x00,0x00,0x00,0x00,0x00,0x00,0x00,0x00,0x00,0x00,0x00,0x00,0x00,0x00,0x00,0x00,0x00,0x00,0x00,0x00,0x00,0x00,0x00,0x00,0x00,0x00,0x00,
    0x00,0x00,0x00,0x00,0x00,0x00,0x00,0x00,0x00,0x00,0x00,0x00,0x00,0x00,0x00,0x00,0x00,0x00,0x00,0x00,0x00,0x00,0x00,0x00,0x00,0x00,0x00,0x00,0x00,0x00,0x00,0x00,0x05,0x00,0x12,0x97,0x87,0x9a,0x87,0x87,0xa0,0x2f,0x2f,0xa0,0x8b,0x8d,0x98,0x9f,0xc1,0xb9,0xa8,0xb1,0xb1,0xdf,0xdf,0xd6,0x25,0xc2,0xc0,0x8e,0x93,0xb4,0xc2,0x90,0x07,0x84,0x84,0x84,0x84,0x86,0x86,0x86,0x86,0x81,0x90,0xd5,0xe2,0xfc,0x0e,0x8e,0x81,0x86,0x86,0x81,0x82,0x82,0x84,0x9d,0x7f,0x7d,0xc2,0xde,0x5a,0xaa,0x93,0x9d,0xd6,0xcd,0xe1,0x9a,0x8a,0x98,0x8f,0x92,0x98,0x13,0x9a,0x0a,0x20,0x00,0x05,0x00,0x00,0x00,0x00,0x00,0x00,0x00,0x00,0x00,0x00,0x00,0x00,0x00,0x00,0x00,0x00,0x00,0x00,0x00,0x00,0x00,0x00,0x00,0x00,0x00,0x00,0x00,0x00,0x00,0x00,0x00,0x00,0x00,
    0x00,0x00,0x00,0x00,0x00,0x00,0x00,0x00,0x00,0x00,0x00,0x00,0x00,0x00,0x00,0x00,0x00,0x00,0x00,0x00,0x00,0x00,0x00,0x00,0x00,0x00,0x00,0x00,0x00,0x00,0x00,0x00,0x05,0x00,0x12,0x08,0xc6,0x9a,0xa0,0x8d,0xb6,0x3e,0x9e,0x8d,0x8b,0x87,0x92,0x97,0xb0,0xc7,0xb1,0xb1,0xa8,0xb8,0xdf,0xcd,0xcd,0xf4,0xdd,0xcf,0xcc,0xe0,0xe0,0xc2,0x90,0x95,0x84,0x82,0x82,0x82,0x81,0x81,0x82,0x84,0x86,0x16,0xd4,0xe8,0xc5,0x93,0x86,0x86,0x86,0x86,0x86,0x86,0x82,0x82,0x90,0xaa,0xb2,0x07,0xb7,0x8e,0xbc,0xcc,0xcd,0xcd,0xb0,0x13,0x92,0x98,0x7f,0x8a,0x08,0xa9,0x87,0x48,0x3f,0x00,0x05,0x00,0x00,0x00,0x00,0x00,0x00,0x00,0x00,0x00,0x00,0x00,0x00,0x00,0x00,0x00,0x00,0x00,0x00,0x00,0x00,0x00,0x00,0x00,0x00,0x00,0x00,0x00,0x00,0x00,0x00,0x00,0x00,0x00,
    0x00,0x00,0x00,0x00,0x00,0x00,0x00,0x00,0x00,0x00,0x00,0x00,0x00,0x00,0x00,0x00,0x00,0x00,0x00,0x00,0x00,0x00,0x00,0x00,0x00,0x00,0x00,0x00,0x00,0x00,0x00,0x00,0x05,0x00,0x12,0x9a,0x14,0x48,0x23,0x23,0x14,0x7f,0x92,0x8a,0xac,0x98,0x9f,0xd0,0xb9,0xb1,0xa8,0xa8,0xc7,0xcd,0xb9,0xb0,0xb8,0xf9,0xf9,0xb8,0xb1,0xb8,0xb8,0xdf,0xcf,0xae,0x90,0x93,0x84,0x07,0x07,0x84,0x84,0x81,0x81,0x7d,0x84,0x84,0x7d,0x81,0x81,0x7d,0x86,0x81,0x82,0x86,0x8e,0x90,0xd0,0xd6,0xb2,0xc0,0x35,0xd0,0xed,0xcd,0xcd,0xcd,0xa3,0xda,0x9f,0x87,0x7b,0x87,0x0b,0x43,0x4d,0x2d,0x1b,0x05,0x02,0x00,0x00,0x00,0x00,0x00,0x00,0x00,0x00,0x00,0x00,0x00,0x00,0x00,0x00,0x00,0x00,0x00,0x00,0x00,0x00,0x00,0x00,0x00,0x00,0x00,0x00,0x00,0x00,0x00,0x00,0x00,0x00,0x00,
    0x00,0x00,0x00,0x00,0x00,0x00,0x00,0x00,0x00,0x00,0x00,0x00,0x00,0x00,0x00,0x00,0x00,0x00,0x00,0x00,0x00,0x00,0x00,0x00,0x00,0x00,0x00,0x00,0x00,0x00,0x00,0x00,0x05,0x00,0x12,0x9a,0x2e,0x20,0x22,0x36,0x08,0x8b,0x8b,0x08,0xe4,0xbf,0x9f,0xcf,0xb1,0xa8,0x94,0x94,0x99,0xb9,0x85,0xd6,0xf6,0xee,0xee,0xf6,0xe1,0xcd,0xb8,0xb8,0xb9,0xd1,0xc1,0xbb,0xc9,0x93,0x93,0x86,0x81,0x86,0x86,0x81,0x86,0x95,0x84,0x07,0x9d,0x07,0x81,0x95,0x8e,0xc9,0xda,0xd6,0xdf,0xb1,0xb8,0xdd,0xc4,0xb8,0xcd,0xb9,0xcd,0xb0,0xa3,0x26,0xa0,0x87,0x7b,0x7b,0x87,0xb6,0x4d,0x31,0x00,0x0c,0x00,0x00,0x00,0x00,0x00,0x00,0x00,0x00,0x00,0x00,0x00,0x00,0x00,0x00,0x00,0x00,0x00,0x00,0x00,0x00,0x00,0x00,0x00,0x00,0x00,0x00,0x00,0x00,0x00,0x00,0x00,0x00,0x00,0x00,
    0x00,0x00,0x00,0x00,0x00,0x00,0x00,0x00,0x00,0x00,0x00,0x00,0x00,0x00,0x00,0x00,0x00,0x00,0x00,0x00,0x00,0x00,0x00,0x00,0x00,0x00,0x00,0x00,0x00,0x00,0x00,0x00,0x05,0x00,0x12,0x0b,0x4f,0x1e,0x34,0x97,0x8a,0x98,0x9f,0xd0,0xb9,0xcf,0xac,0xcf,0xc7,0x91,0x85,0x91,0x99,0xa3,0x91,0xc7,0xdb,0xee,0xee,0xdb,0xa8,0xb8,0xb8,0xb8,0xb1,0x94,0xb9,0xdf,0xcc,0xf8,0xb2,0x82,0x7d,0x7d,0x81,0x7d,0x7d,0xbc,0x16,0xbf,0xbe,0xc9,0xbe,0xb2,0xd0,0xba,0xe0,0xdf,0xb9,0xe1,0xc8,0xf7,0xf6,0xd6,0x39,0xa8,0xb9,0xa8,0xa3,0xa2,0xac,0x87,0x8b,0x7b,0x87,0xa0,0x66,0x11,0x05,0x05,0x00,0x00,0x00,0x00,0x00,0x00,0x00,0x00,0x00,0x00,0x00,0x00,0x00,0x00,0x00,0x00,0x00,0x00,0x00,0x00,0x00,0x00,0x00,0x00,0x00,0x00,0x00,0x00,0x00,0x00,0x00,0x00,0x00,0x00,
    0x00,0x00,0x00,0x00,0x00,0x00,0x00,0x00,0x00,0x00,0x00,0x00,0x00,0x00,0x00,0x00,0x00,0x00,0x00,0x00,0x00,0x00,0x00,0x00,0x00,0x00,0x00,0x00,0x00,0x00,0x00,0x00,0x05,0x00,0x12,0xa5,0x34,0x22,0x1a,0x0b,0x08,0x8a,0x08,0xd7,0xcb,0xa8,0xd0,0xf0,0x99,0x94,0x85,0x91,0x94,0xa3,0x5f,0xc7,0xdb,0xf6,0xf6,0xdb,0x99,0xb8,0xb8,0xdf,0xd1,0xd1,0xd1,0xe0,0xe0,0x39,0x46,0xad,0xd5,0xa6,0x82,0x07,0x16,0x15,0x95,0xaa,0xc0,0xb4,0xd6,0xb0,0xdf,0xdf,0xb8,0xb8,0xc7,0xe1,0xf7,0xee,0xee,0xf9,0xb0,0x94,0xb0,0xcb,0xd7,0x97,0xac,0x87,0x7b,0x87,0x8c,0xb6,0x60,0x33,0x00,0x0c,0x00,0x00,0x00,0x00,0x00,0x00,0x00,0x00,0x00,0x00,0x00,0x00,0x00,0x00,0x00,0x00,0x00,0x00,0x00,0x00,0x00,0x00,0x00,0x00,0x00,0x00,0x00,0x00,0x00,0x00,0x00,0x00,0x00,0x00,
    0x00,0x00,0x00,0x00,0x00,0x00,0x00,0x00,0x00,0x00,0x00,0x00,0x00,0x00,0x00,0x00,0x00,0x00,0x00,0x00,0x00,0x00,0x00,0x00,0x00,0x00,0x00,0x00,0x00,0x00,0x00,0x00,0x02,0x02,0x30,0x33,0x51,0x1f,0x58,0xa9,0x8d,0x92,0x14,0xb0,0x94,0x85,0x91,0xe1,0x91,0x94,0x85,0x91,0x85,0xa8,0x91,0x94,0xed,0xa3,0xa3,0xd6,0x85,0xe0,0x9c,0x7e,0x7c,0x83,0x89,0x83,0x83,0x7c,0x96,0xe7,0xe8,0xe8,0xe8,0xab,0x07,0xc5,0x14,0xe7,0x88,0x88,0x79,0x7e,0x9c,0x9c,0xe0,0xb8,0x91,0xc7,0xf9,0xf7,0xf7,0xd6,0x99,0x5f,0xb0,0xa8,0xf0,0x9f,0x98,0x8b,0x8a,0x8d,0x8b,0xa9,0x2b,0x17,0x1f,0x05,0x02,0x00,0x00,0x00,0x00,0x00,0x00,0x00,0x00,0x00,0x00,0x00,0x00,0x00,0x00,0x00,0x00,0x00,0x00,0x00,0x00,0x00,0x00,0x00,0x00,0x00,0x00,0x00,0x00,0x00,0x00,0x00,0x00,0x00,
    0x00,0x00,0x00,0x00,0x00,0x00,0x00,0x00,0x00,0x00,0x00,0x00,0x00,0x00,0x00,0x00,0x00,0x00,0x00,0x00,0x00,0x00,0x00,0x00,0x00,0x00,0x00,0x00,0x00,0x00,0x00,0x00,0x00,0x00,0x00,0x02,0x05,0x27,0x68,0x14,0x8a,0xac,0xa2,0xb9,0x99,0x91,0x94,0x5f,0x91,0x85,0x94,0x94,0x85,0x85,0x85,0x94,0x94,0x99,0x94,0x99,0xa3,0x7c,0x83,0x7c,0x7c,0x7c,0x7c,0x7c,0x7c,0x80,0x96,0xdd,0xe8,0xec,0xab,0x84,0x81,0x16,0xae,0x0e,0x83,0x80,0x7c,0x83,0x79,0x83,0x83,0x39,0x99,0xa3,0xdd,0xe1,0xad,0xad,0x99,0x5e,0x46,0xcf,0x8b,0x8f,0x98,0x7f,0x7f,0x7f,0xa6,0x51,0x56,0x35,0x52,0x02,0x00,0x00,0x00,0x00,0x00,0x00,0x00,0x00,0x00,0x00,0x00,0x00,0x00,0x00,0x00,0x00,0x00,0x00,0x00,0x00,0x00,0x00,0x00,0x00,0x00,0x00,0x00,0x00,0x00,0x00,0x00,0x00,0x00,0x00,
    0x00,0x00,0x00,0x00,0x00,0x00,0x00,0x00,0x00,0x00,0x00,0x00,0x00,0x00,0x00,0x00,0x00,0x00,0x00,0x00,0x00,0x00,0x00,0x00,0x00,0x00,0x00,0x00,0x00,0x00,0x00,0x00,0x00,0x00,0x00,0x09,0x00,0x3d,0x47,0x32,0x97,0x0b,0x0a,0xb0,0x99,0x94,0x94,0x94,0x85,0x85,0x94,0x94,0x85,0x91,0xa8,0x85,0x91,0x91,0x91,0xcb,0x46,0x89,0x80,0x79,0x79,0x79,0x79,0x79,0x79,0x7c,0x88,0xe7,0xe2,0xae,0x95,0x84,0x82,0x95,0x81,0xd5,0x80,0x79,0x7c,0x7c,0x7a,0x7c,0x89,0x46,0xcb,0x94,0xa8,0x99,0xa8,0xa3,0xb1,0xc0,0xaa,0x92,0xa0,0x9a,0x92,0x98,0x7b,0xa5,0x2e,0x3c,0x71,0x54,0x5c,0x02,0x00,0x00,0x00,0x00,0x00,0x00,0x00,0x00,0x00,0x00,0x00,0x00,0x00,0x00,0x00,0x00,0x00,0x00,0x00,0x00,0x00,0x00,0x00,0x00,0x00,0x00,0x00,0x00,0x00,0x00,0x00,0x00,0x00,0x00,
    0x00,0x00,0x00,0x00,0x00,0x00,0x00,0x00,0x00,0x00,0x00,0x00,0x00,0x00,0x00,0x00,0x00,0x00,0x00,0x00,0x00,0x00,0x00,0x00,0x00,0x00,0x00,0x00,0x00,0x00,0x00,0x00,0x00,0x00,0x00,0x00,0x0c,0x00,0x1f,0x56,0xa9,0x14,0x9f,0xcf,0x99,0x99,0x85,0x85,0x85,0x85,0x85,0x85,0x85,0x85,0xb9,0xb1,0x85,0x91,0x99,0xd1,0x7a,0x79,0x79,0x79,0x79,0x79,0x79,0x79,0x79,0x80,0xb5,0xd5,0x0e,0x7d,0x81,0x86,0x86,0x81,0x82,0xbb,0x9b,0x83,0x80,0x80,0x7c,0x79,0x7c,0x7c,0xd1,0xcb,0x85,0x91,0x94,0x99,0xd7,0x9a,0xe3,0x08,0xcf,0xe1,0x13,0x92,0x87,0x8a,0x08,0x58,0x63,0x1c,0x21,0x01,0x01,0x00,0x00,0x00,0x00,0x00,0x00,0x00,0x00,0x00,0x00,0x00,0x00,0x00,0x00,0x00,0x00,0x00,0x00,0x00,0x00,0x00,0x00,0x00,0x00,0x00,0x00,0x00,0x00,0x00,0x00,0x00,0x00,0x00,
    0x00,0x00,0x00,0x00,0x00,0x00,0x00,0x00,0x00,0x00,0x00,0x00,0x00,0x00,0x00,0x00,0x00,0x00,0x00,0x00,0x00,0x00,0x00,0x00,0x00,0x00,0x00,0x00,0x00,0x00,0x00,0x00,0x00,0x00,0x00,0x00,0x0c,0x01,0x47,0x55,0x2e,0x56,0x0b,0xf0,0xa8,0x85,0x85,0x85,0x85,0x85,0x85,0x85,0x85,0x94,0xb9,0xc7,0x91,0x99,0xd1,0x7a,0x79,0x7a,0x79,0x79,0x79,0x79,0x79,0x7c,0x96,0xc4,0xbe,0xae,0xb2,0x95,0x81,0x86,0x86,0x86,0x7d,0xec,0xb5,0x96,0x7c,0x79,0x79,0x79,0x7a,0x7a,0x83,0x5e,0x99,0x91,0x85,0xc7,0xcf,0xa0,0xa5,0xcc,0xb9,0xb1,0xe1,0x0b,0x87,0x9a,0xa0,0x2b,0x53,0x62,0x00,0x0c,0x00,0x00,0x00,0x00,0x00,0x00,0x00,0x00,0x00,0x00,0x00,0x00,0x00,0x00,0x00,0x00,0x00,0x00,0x00,0x00,0x00,0x00,0x00,0x00,0x00,0x00,0x00,0x00,0x00,0x00,0x00,0x00,0x00,0x00,
    0x00,0x00,0x00,0x00,0x00,0x00,0x00,0x00,0x00,0x00,0x00,0x00,0x00,0x00,0x00,0x00,0x00,0x00,0x00,0x00,0x00,0x00,0x00,0x00,0x00,0x00,0x00,0x00,0x00,0x00,0x00,0x00,0x00,0x00,0x00,0x00,0x05,0x00,0x31,0x59,0x22,0x31,0x17,0xd6,0xc7,0x85,0x85,0x85,0x85,0x85,0x85,0x85,0x85,0x85,0x85,0x91,0x99,0xa3,0x80,0x7a,0x79,0x79,0x79,0x79,0x79,0x79,0x79,0x79,0x79,0x83,0xc8,0xc2,0x15,0x82,0x81,0x86,0x86,0x82,0x8e,0xab,0x7e,0x79,0x79,0x79,0x79,0x79,0x79,0x80,0x7e,0x7a,0xb0,0x99,0x91,0xc7,0xcc,0xa0,0xb7,0xb9,0x99,0x85,0xb9,0xc0,0x8c,0x0b,0x0b,0x87,0x2e,0x24,0x03,0x05,0x01,0x00,0x00,0x00,0x00,0x00,0x00,0x00,0x00,0x00,0x00,0x00,0x00,0x00,0x00,0x00,0x00,0x00,0x00,0x00,0x00,0x00,0x00,0x00,0x00,0x00,0x00,0x00,0x00,0x00,0x00,0x00,0x00,0x00,
    0x00,0x00,0x00,0x00,0x00,0x00,0x00,0x00,0x00,0x00,0x00,0x00,0x00,0x00,0x00,0x00,0x00,0x00,0x00,0x00,0x00,0x00,0x00,0x00,0x00,0x00,0x00,0x00,0x00,0x00,0x00,0x00,0x00,0x00,0x00,0x01,0x01,0x21,0x4e,0x37,0x4e,0x4e,0x6c,0xb0,0x85,0x85,0x85,0x91,0x85,0x85,0x85,0x85,0x85,0x85,0x85,0x91,0x99,0x46,0x89,0x7c,0x79,0x79,0x79,0x79,0x79,0x7c,0x80,0x80,0x80,0x80,0x88,0xad,0x90,0xc5,0x84,0x84,0x84,0x90,0xbf,0xb5,0x89,0x7c,0x79,0x79,0x79,0x79,0x79,0x79,0x7c,0x89,0xb3,0x94,0x94,0x99,0xd7,0xb6,0xd0,0xb1,0x94,0x94,0xc7,0xf0,0x9f,0xa5,0x9a,0x08,0x60,0x51,0x33,0x00,0x05,0x00,0x00,0x00,0x00,0x00,0x00,0x00,0x00,0x00,0x00,0x00,0x00,0x00,0x00,0x00,0x00,0x00,0x00,0x00,0x00,0x00,0x00,0x00,0x00,0x00,0x00,0x00,0x00,0x00,0x00,0x00,0x00,0x00,
    0x00,0x00,0x00,0x00,0x00,0x00,0x00,0x00,0x00,0x00,0x00,0x00,0x00,0x00,0x00,0x00,0x00,0x00,0x00,0x00,0x00,0x00,0x00,0x00,0x00,0x00,0x00,0x00,0x00,0x00,0x00,0x00,0x00,0x00,0x00,0x01,0x01,0x18,0x37,0x5e,0x65,0x65,0xa3,0x94,0x85,0x91,0x85,0x94,0x85,0x85,0x85,0x85,0x85,0x85,0x91,0x94,0x91,0x7e,0x83,0x7c,0x79,0x79,0x79,0x79,0x79,0x7c,0x80,0x7e,0x7e,0x80,0x80,0x9b,0x0e,0x8e,0x07,0x82,0x82,0xec,0xb5,0x96,0x7c,0x79,0x79,0x79,0x79,0x79,0x79,0x79,0x7a,0x79,0x7c,0xa3,0xcb,0xcb,0xcb,0xd7,0xc1,0xa8,0x85,0x94,0xa8,0xe4,0xbf,0x92,0x8a,0x8c,0x0a,0x08,0x3c,0x05,0x0c,0x00,0x00,0x00,0x00,0x00,0x00,0x00,0x00,0x00,0x00,0x00,0x00,0x00,0x00,0x00,0x00,0x00,0x00,0x00,0x00,0x00,0x00,0x00,0x00,0x00,0x00,0x00,0x00,0x00,0x00,0x00,0x00,0x00,
    0x00,0x00,0x00,0x00,0x00,0x00,0x00,0x00,0x00,0x00,0x00,0x00,0x00,0x00,0x00,0x00,0x00,0x00,0x00,0x00,0x00,0x00,0x00,0x00,0x00,0x00,0x00,0x00,0x00,0x00,0x00,0x00,0x00,0x00,0x00,0x00,0x05,0x00,0x6a,0x37,0x39,0xb1,0x91,0x85,0x91,0x94,0x99,0xa3,0x91,0x85,0x85,0x85,0x91,0x99,0x39,0xd7,0xcb,0x9c,0x7a,0x7e,0x7e,0x7c,0x79,0x79,0x79,0x79,0x79,0x80,0x80,0x96,0x80,0x7c,0x9b,0x25,0x90,0xbd,0xde,0xb5,0x79,0x80,0x79,0x79,0x79,0x79,0x79,0x79,0x79,0x79,0x7c,0x80,0x7e,0xa3,0x94,0x94,0x94,0xcb,0xd7,0xb0,0x99,0x99,0xa3,0xd6,0xaa,0x08,0x28,0x55,0x1a,0x20,0x1e,0x0c,0x02,0x00,0x00,0x00,0x00,0x00,0x00,0x00,0x00,0x00,0x00,0x00,0x00,0x00,0x00,0x00,0x00,0x00,0x00,0x00,0x00,0x00,0x00,0x00,0x00,0x00,0x00,0x00,0x00,0x00,0x00,0x00,0x00,0x00,
    0x00,0x00,0x00,0x00,0x00,0x00,0x00,0x00,0x00,0x00,0x00,0x00,0x00,0x00,0x00,0x00,0x00,0x00,0x00,0x00,0x00,0x00,0x00,0x00,0x00,0x00,0x00,0x00,0x00,0x00,0x00,0x00,0x00,0x00,0x00,0x00,0x00,0x05,0x00,0x6a,0x37,0x6c,0x65,0x91,0x94,0x65,0x37,0x5e,0xa8,0x85,0x85,0x85,0x85,0x85,0x39,0x39,0xcb,0x46,0x7a,0x7e,0x7e,0x7c,0x79,0x79,0x79,0x79,0x79,0x7c,0x96,0xc4,0xb5,0x83,0x89,0x7e,0xef,0xef,0x80,0x83,0x7c,0x83,0x79,0x79,0x79,0x79,0x79,0x79,0x79,0x79,0x7c,0x80,0x7c,0xb0,0xcb,0x91,0x91,0x91,0x94,0xa3,0xa3,0x5f,0xc7,0xcc,0x9a,0xa9,0x70,0x20,0x1e,0x03,0x00,0x00,0x00,0x00,0x00,0x00,0x00,0x00,0x00,0x00,0x00,0x00,0x00,0x00,0x00,0x00,0x00,0x00,0x00,0x00,0x00,0x00,0x00,0x00,0x00,0x00,0x00,0x00,0x00,0x00,0x00,0x00,0x00,0x00,0x00,0x00,
    0x00,0x00,0x00,0x00,0x00,0x00,0x00,0x00,0x00,0x00,0x00,0x00,0x00,0x00,0x00,0x00,0x00,0x00,0x00,0x00,0x00,0x00,0x00,0x00,0x00,0x00,0x00,0x00,0x00,0x00,0x00,0x00,0x00,0x00,0x00,0x00,0x00,0x00,0x05,0x00,0x18,0x69,0x4e,0x69,0x4e,0x4e,0x4e,0x6e,0x91,0x85,0x85,0x85,0x85,0x91,0xd1,0xb0,0x5f,0xb3,0x83,0x7c,0x79,0x79,0x79,0x79,0x79,0x79,0x7a,0x79,0x79,0xaa,0x43,0x9b,0x7c,0x80,0x96,0x83,0x83,0x7c,0x83,0xc3,0x9c,0x83,0x7a,0x79,0x79,0x79,0x79,0x79,0x79,0x7c,0x89,0xaf,0xa3,0xa8,0x85,0x85,0x91,0x99,0xa3,0xd1,0xa8,0xa3,0xc2,0x97,0x59,0x27,0x00,0x02,0x05,0x00,0x00,0x00,0x00,0x00,0x00,0x00,0x00,0x00,0x00,0x00,0x00,0x00,0x00,0x00,0x00,0x00,0x00,0x00,0x00,0x00,0x00,0x00,0x00,0x00,0x00,0x00,0x00,0x00,0x00,0x00,0x00,0x00,0x00,0x00,
    0x00,0x00,0x00,0x00,0x00,0x00,0x00,0x00,0x00,0x00,0x00,0x00,0x00,0x00,0x00,0x00,0x00,0x00,0x00,0x00,0x00,0x00,0x00,0x00,0x00,0x00,0x00,0x00,0x00,0x00,0x00,0x00,0x00,0x00,0x00,0x00,0x00,0x00,0x00,0x01,0x00,0x01,0x00,0x02,0x02,0x02,0x6a,0x37,0x91,0x99,0x91,0x85,0x85,0x91,0x39,0xd1,0x5e,0x9b,0x80,0x79,0x79,0x79,0x7a,0x79,0x79,0x79,0x7a,0x7a,0x7c,0xab,0x84,0xdd,0x80,0x80,0x7c,0x7c,0x7c,0x7c,0x83,0xb3,0x7e,0x83,0x7c,0x7c,0x7c,0x79,0x79,0x79,0x79,0x79,0x79,0x7c,0x5e,0xb1,0x85,0x91,0x91,0x94,0xcb,0x6c,0xb0,0xb9,0xcf,0x59,0x1f,0x00,0x0c,0x00,0x00,0x00,0x00,0x00,0x00,0x00,0x00,0x00,0x00,0x00,0x00,0x00,0x00,0x00,0x00,0x00,0x00,0x00,0x00,0x00,0x00,0x00,0x00,0x00,0x00,0x00,0x00,0x00,0x00,0x00,0x00,0x00,0x00,0x00,0x00,0x00,
    0x00,0x00,0x00,0x00,0x00,0x00,0x00,0x00,0x00,0x00,0x00,0x00,0x00,0x00,0x00,0x00,0x00,0x00,0x00,0x00,0x00,0x00,0x00,0x00,0x00,0x00,0x00,0x00,0x00,0x00,0x00,0x00,0x00,0x00,0x00,0x00,0x00,0x00,0x00,0x00,0x01,0x05,0x00,0x0c,0x0c,0x05,0x00,0x69,0x65,0xa3,0x99,0x91,0x85,0xa3,0xb0,0xd7,0x9c,0x7e,0x7c,0x79,0x79,0x80,0x7e,0x79,0x79,0x79,0x79,0x80,0x88,0xc8,0x8e,0xab,0x7e,0x83,0x7c,0x79,0x79,0x7c,0x96,0xca,0x9c,0x79,0x7e,0x7e,0x7e,0x80,0x79,0x79,0x79,0x79,0x79,0x7e,0x9c,0xa3,0x94,0x91,0x99,0x85,0x6e,0x4e,0x6e,0xb0,0x39,0x37,0x00,0x01,0x00,0x00,0x00,0x00,0x00,0x00,0x00,0x00,0x00,0x00,0x00,0x00,0x00,0x00,0x00,0x00,0x00,0x00,0x00,0x00,0x00,0x00,0x00,0x00,0x00,0x00,0x00,0x00,0x00,0x00,0x00,0x00,0x00,0x00,0x00,0x00,0x00,0x00,
    0x00,0x00,0x00,0x00,0x00,0x00,0x00,0x00,0x00,0x00,0x00,0x00,0x00,0x00,0x00,0x00,0x00,0x00,0x00,0x00,0x00,0x00,0x00,0x00,0x00,0x00,0x00,0x00,0x00,0x00,0x00,0x00,0x00,0x00,0x00,0x00,0x00,0x00,0x00,0x00,0x00,0x00,0x00,0x00,0x00,0x01,0x01,0x18,0x5c,0x6c,0x65,0x5f,0xcb,0xd7,0x5f,0x46,0x80,0x7e,0x80,0x79,0x7c,0x7e,0x80,0x79,0x79,0x79,0x79,0x79,0x7c,0x88,0xb7,0xab,0x96,0x7c,0x79,0x79,0x79,0x7c,0x83,0xca,0xb3,0x80,0x7e,0x7e,0x80,0x7c,0x79,0x79,0x79,0x79,0x79,0x80,0x7a,0x46,0x99,0x94,0x5f,0x5e,0x37,0x5c,0x78,0xd1,0x37,0x72,0x05,0x05,0x00,0x00,0x00,0x00,0x00,0x00,0x00,0x00,0x00,0x00,0x00,0x00,0x00,0x00,0x00,0x00,0x00,0x00,0x00,0x00,0x00,0x00,0x00,0x00,0x00,0x00,0x00,0x00,0x00,0x00,0x00,0x00,0x00,0x00,0x00,0x00,0x00,0x00,
    0x00,0x00,0x00,0x00,0x00,0x00,0x00,0x00,0x00,0x00,0x00,0x00,0x00,0x00,0x00,0x00,0x00,0x00,0x00,0x00,0x00,0x00,0x00,0x00,0x00,0x00,0x00,0x00,0x00,0x00,0x00,0x00,0x00,0x00,0x00,0x00,0x00,0x00,0x00,0x00,0x00,0x00,0x00,0x00,0x00,0x00,0x01,0x00,0x74,0x69,0x4e,0x37,0x76,0x37,0x5c,0x9c,0x9c,0x7e,0x80,0x79,0x80,0x7c,0x79,0x79,0x79,0x79,0x79,0x79,0x7c,0x83,0x9b,0xc4,0x96,0x7c,0x79,0x79,0x79,0x7a,0x88,0xc3,0x9c,0x88,0x7e,0x80,0x79,0x79,0x79,0x79,0x79,0x79,0x79,0x79,0x7a,0x7c,0x39,0x6e,0x6c,0x5c,0x21,0x77,0x46,0x71,0x6a,0x00,0x01,0x00,0x00,0x00,0x00,0x00,0x00,0x00,0x00,0x00,0x00,0x00,0x00,0x00,0x00,0x00,0x00,0x00,0x00,0x00,0x00,0x00,0x00,0x00,0x00,0x00,0x00,0x00,0x00,0x00,0x00,0x00,0x00,0x00,0x00,0x00,0x00,0x00,0x00,0x00,
    0x00,0x00,0x00,0x00,0x00,0x00,0x00,0x00,0x00,0x00,0x00,0x00,0x00,0x00,0x00,0x00,0x00,0x00,0x00,0x00,0x00,0x00,0x00,0x00,0x00,0x00,0x00,0x00,0x00,0x00,0x00,0x00,0x00,0x00,0x00,0x00,0x00,0x00,0x00,0x00,0x00,0x00,0x00,0x00,0x00,0x00,0x00,0x00,0x00,0x00,0x74,0x6a,0x75,0x69,0x10,0x3a,0x9b,0x80,0x79,0x7c,0x7c,0x79,0x79,0x79,0x79,0x79,0x79,0x79,0x79,0x7c,0x83,0x96,0x7c,0x79,0x79,0x7c,0x79,0x7a,0x50,0xb2,0xb7,0xc8,0x7c,0x7c,0x79,0x79,0x80,0x80,0x7c,0x79,0x79,0x79,0x7a,0x04,0x1d,0x40,0x27,0x18,0x00,0x42,0x5c,0x21,0x00,0x05,0x00,0x00,0x00,0x00,0x00,0x00,0x00,0x00,0x00,0x00,0x00,0x00,0x00,0x00,0x00,0x00,0x00,0x00,0x00,0x00,0x00,0x00,0x00,0x00,0x00,0x00,0x00,0x00,0x00,0x00,0x00,0x00,0x00,0x00,0x00,0x00,0x00,0x00,0x00,0x00,
    0x00,0x00,0x00,0x00,0x00,0x00,0x00,0x00,0x00,0x00,0x00,0x00,0x00,0x00,0x00,0x00,0x00,0x00,0x00,0x00,0x00,0x00,0x00,0x00,0x00,0x00,0x00,0x00,0x00,0x00,0x00,0x00,0x00,0x00,0x00,0x00,0x00,0x00,0x00,0x00,0x00,0x00,0x00,0x00,0x00,0x00,0x00,0x00,0x01,0x05,0x00,0x00,0x00,0x41,0x3b,0x9c,0x7e,0x7c,0x79,0x7c,0x79,0x79,0x79,0x79,0x79,0x79,0x79,0x7c,0x7c,0x79,0x7c,0x7c,0x79,0x80,0x7e,0x7e,0x88,0xb4,0xc5,0xbb,0x8e,0x8e,0xc1,0x96,0x7c,0x79,0x7c,0x7e,0x7e,0x80,0x79,0x79,0x79,0x7a,0x7c,0x1d,0x41,0x00,0x03,0x00,0x18,0x00,0x05,0x00,0x00,0x00,0x00,0x00,0x00,0x00,0x00,0x00,0x00,0x00,0x00,0x00,0x00,0x00,0x00,0x00,0x00,0x00,0x00,0x00,0x00,0x00,0x00,0x00,0x00,0x00,0x00,0x00,0x00,0x00,0x00,0x00,0x00,0x00,0x00,0x00,0x00,0x00,0x00,0x00,
    0x00,0x00,0x00,0x00,0x00,0x00,0x00,0x00,0x00,0x00,0x00,0x00,0x00,0x00,0x00,0x00,0x00,0x00,0x00,0x00,0x00,0x00,0x00,0x00,0x00,0x00,0x00,0x00,0x00,0x00,0x00,0x00,0x00,0x00,0x00,0x00,0x00,0x00,0x00,0x00,0x00,0x00,0x00,0x00,0x00,0x00,0x00,0x00,0x00,0x00,0x00,0x03,0x0c,0x42,0x63,0x9b,0x80,0x83,0x7e,0x7e,0x79,0x79,0x79,0x79,0x79,0x7c,0x7e,0x7c,0x7c,0x7c,0x79,0x79,0x79,0x7c,0x80,0x7c,0x89,0x4c,0xaa,0x16,0x84,0x82,0x93,0xe6,0x96,0x7c,0x79,0x79,0x7c,0x80,0x7c,0x7c,0x79,0x7c,0x0f,0x7e,0x2c,0x03,0x03,0x00,0x00,0x01,0x00,0x00,0x00,0x00,0x00,0x00,0x00,0x00,0x00,0x00,0x00,0x00,0x00,0x00,0x00,0x00,0x00,0x00,0x00,0x00,0x00,0x00,0x00,0x00,0x00,0x00,0x00,0x00,0x00,0x00,0x00,0x00,0x00,0x00,0x00,0x00,0x00,0x00,0x00,0x00,0x00,0x00,
    0x00,0x00,0x00,0x00,0x00,0x00,0x00,0x00,0x00,0x00,0x00,0x00,0x00,0x00,0x00,0x00,0x00,0x00,0x00,0x00,0x00,0x00,0x00,0x00,0x00,0x00,0x00,0x00,0x00,0x00,0x00,0x00,0x00,0x00,0x00,0x00,0x00,0x00,0x00,0x00,0x00,0x00,0x00,0x00,0x00,0x00,0x00,0x00,0x00,0x00,0x00,0x01,0x01,0x21,0x19,0x80,0x7a,0x7c,0x7e,0x80,0x79,0x79,0x79,0x79,0x79,0x7c,0x80,0x7c,0x79,0x79,0x79,0x79,0x79,0x79,0x7c,0x80,0x96,0xc0,0x81,0x07,0x7d,0x82,0x8e,0x50,0x88,0x80,0x79,0x79,0x79,0x79,0x80,0x7e,0x79,0x7c,0x7c,0x0f,0x80,0x29,0x00,0x03,0x01,0x00,0x00,0x00,0x00,0x00,0x00,0x00,0x00,0x00,0x00,0x00,0x00,0x00,0x00,0x00,0x00,0x00,0x00,0x00,0x00,0x00,0x00,0x00,0x00,0x00,0x00,0x00,0x00,0x00,0x00,0x00,0x00,0x00,0x00,0x00,0x00,0x00,0x00,0x00,0x00,0x00,0x00,0x00,
    0x00,0x00,0x00,0x00,0x00,0x00,0x00,0x00,0x00,0x00,0x00,0x00,0x00,0x00,0x00,0x00,0x00,0x00,0x00,0x00,0x00,0x00,0x00,0x00,0x00,0x00,0x00,0x00,0x00,0x00,0x00,0x00,0x00,0x00,0x00,0x00,0x00,0x00,0x00,0x00,0x00,0x00,0x00,0x00,0x00,0x00,0x00,0x00,0x00,0x00,0x00,0x03,0x00,0x5b,0x79,0x04,0x7c,0x7e,0x80,0x79,0x79,0x79,0x79,0x79,0x79,0x79,0x80,0x79,0x79,0x79,0x79,0x79,0x79,0x80,0x7e,0x7e,0x83,0xb4,0xa6,0x07,0x81,0x84,0x8e,0x3e,0x88,0x80,0x79,0x79,0x79,0x79,0x7c,0x7e,0x7c,0x79,0x79,0x04,0x80,0x2c,0x00,0x03,0x00,0x00,0x00,0x00,0x00,0x00,0x00,0x00,0x00,0x00,0x00,0x00,0x00,0x00,0x00,0x00,0x00,0x00,0x00,0x00,0x00,0x00,0x00,0x00,0x00,0x00,0x00,0x00,0x00,0x00,0x00,0x00,0x00,0x00,0x00,0x00,0x00,0x00,0x00,0x00,0x00,0x00,0x00,0x00,
    0x00,0x00,0x00,0x00,0x00,0x00,0x00,0x00,0x00,0x00,0x00,0x00,0x00,0x00,0x00,0x00,0x00,0x00,0x00,0x00,0x00,0x00,0x00,0x00,0x00,0x00,0x00,0x00,0x00,0x00,0x00,0x00,0x00,0x00,0x00,0x00,0x00,0x00,0x00,0x00,0x00,0x00,0x00,0x00,0x00,0x00,0x00,0x00,0x00,0x00,0x01,0x03,0x21,0x3a,0x80,0x7c,0x80,0x7e,0x7c,0x79,0x79,0x79,0x79,0x79,0x79,0x79,0x7c,0x7c,0x79,0x79,0x79,0x79,0x7c,0x7c,0x7c,0x80,0x96,0xc4,0x07,0x16,0x81,0x84,0x8e,0xb4,0x88,0x7e,0x79,0x79,0x79,0x79,0x79,0x7c,0x7c,0x7c,0x7c,0x04,0x7c,0x63,0x00,0x00,0x00,0x00,0x00,0x00,0x00,0x00,0x00,0x00,0x00,0x00,0x00,0x00,0x00,0x00,0x00,0x00,0x00,0x00,0x00,0x00,0x00,0x00,0x00,0x00,0x00,0x00,0x00,0x00,0x00,0x00,0x00,0x00,0x00,0x00,0x00,0x00,0x00,0x00,0x00,0x00,0x00,0x00,0x00,0x00,
    0x00,0x00,0x00,0x00,0x00,0x00,0x00,0x00,0x00,0x00,0x00,0x00,0x00,0x00,0x00,0x00,0x00,0x00,0x00,0x00,0x00,0x00,0x00,0x00,0x00,0x00,0x00,0x00,0x00,0x00,0x00,0x00,0x00,0x00,0x00,0x00,0x00,0x00,0x00,0x00,0x00,0x00,0x00,0x00,0x00,0x00,0x00,0x00,0x00,0x00,0x03,0x00,0x42,0x7c,0x04,0x79,0x7e,0x7e,0x7c,0x79,0x79,0x79,0x79,0x79,0x79,0x79,0x7c,0x79,0x79,0x79,0x79,0x79,0x79,0x79,0x79,0x79,0x83,0x9b,0xaa,0x07,0x7d,0x81,0x8e,0xdd,0x96,0x7e,0x79,0x79,0x79,0x79,0x79,0x79,0x79,0x80,0x80,0x7e,0x80,0x19,0x06,0x00,0x03,0x00,0x00,0x00,0x00,0x00,0x00,0x00,0x00,0x00,0x00,0x00,0x00,0x00,0x00,0x00,0x00,0x00,0x00,0x00,0x00,0x00,0x00,0x00,0x00,0x00,0x00,0x00,0x00,0x00,0x00,0x00,0x00,0x00,0x00,0x00,0x00,0x00,0x00,0x00,0x00,0x00,0x00,0x00,
    0x00,0x00,0x00,0x00,0x00,0x00,0x00,0x00,0x00,0x00,0x00,0x00,0x00,0x00,0x00,0x00,0x00,0x00,0x00,0x00,0x00,0x00,0x00,0x00,0x00,0x00,0x00,0x00,0x00,0x00,0x00,0x00,0x00,0x00,0x00,0x00,0x00,0x00,0x00,0x00,0x00,0x00,0x00,0x00,0x00,0x00,0x00,0x00,0x00,0x00,0x03,0x00,0x4b,0x7c,0x1d,0x80,0x7e,0x7e,0x80,0x7c,0x7c,0x79,0x7c,0x79,0x79,0x79,0x80,0x7c,0x79,0x79,0x79,0x79,0x79,0x79,0x7c,0x80,0x7e,0x88,0xdb,0x16,0x84,0xc9,0xe8,0x9b,0x7c,0x7c,0x79,0x79,0x79,0x79,0x79,0x79,0x79,0x7c,0x7e,0x7e,0x7c,0x3a,0x18,0x00,0x00,0x00,0x00,0x00,0x00,0x00,0x00,0x00,0x00,0x00,0x00,0x00,0x00,0x00,0x00,0x00,0x00,0x00,0x00,0x00,0x00,0x00,0x00,0x00,0x00,0x00,0x00,0x00,0x00,0x00,0x00,0x00,0x00,0x00,0x00,0x00,0x00,0x00,0x00,0x00,0x00,0x00,0x00,0x00,
    0x00,0x00,0x00,0x00,0x00,0x00,0x00,0x00,0x00,0x00,0x00,0x00,0x00,0x00,0x00,0x00,0x00,0x00,0x00,0x00,0x00,0x00,0x00,0x00,0x00,0x00,0x00,0x00,0x00,0x00,0x00,0x00,0x00,0x00,0x00,0x00,0x00,0x00,0x00,0x00,0x00,0x00,0x00,0x00,0x00,0x00,0x00,0x00,0x00,0x00,0x03,0x00,0x1c,0x7c,0x1d,0x7e,0x7e,0x7e,0x80,0x80,0x79,0x79,0x79,0x79,0x79,0x79,0x79,0x79,0x79,0x83,0x7c,0x79,0x79,0x79,0x7c,0x7e,0x7e,0x7e,0x89,0xb3,0xc4,0xe7,0xb5,0x96,0x7c,0x79,0x79,0x79,0x79,0x79,0x79,0x79,0x79,0x79,0x7e,0x7e,0x79,0x4a,0x00,0x01,0x00,0x00,0x00,0x00,0x00,0x00,0x00,0x00,0x00,0x00,0x00,0x00,0x00,0x00,0x00,0x00,0x00,0x00,0x00,0x00,0x00,0x00,0x00,0x00,0x00,0x00,0x00,0x00,0x00,0x00,0x00,0x00,0x00,0x00,0x00,0x00,0x00,0x00,0x00,0x00,0x00,0x00,0x00,0x00,
    0x00,0x00,0x00,0x00,0x00,0x00,0x00,0x00,0x00,0x00,0x00,0x00,0x00,0x00,0x00,0x00,0x00,0x00,0x00,0x00,0x00,0x00,0x00,0x00,0x00,0x00,0x00,0x00,0x00,0x00,0x00,0x00,0x00,0x00,0x00,0x00,0x00,0x00,0x00,0x00,0x00,0x00,0x00,0x00,0x00,0x00,0x00,0x00,0x00,0x00,0x03,0x00,0x1c,0x80,0x0f,0x7e,0x7e,0x7e,0x7c,0x79,0x79,0x79,0x79,0x79,0x79,0x79,0x79,0x7c,0x89,0xb3,0xb3,0x83,0x7c,0x7c,0x7c,0x79,0x7c,0x7c,0x89,0xaf,0x9c,0x88,0x79,0x7c,0x7c,0x79,0x79,0x79,0x79,0x79,0x79,0x79,0x79,0x79,0x79,0x1d,0x7a,0x1c,0x00,0x03,0x00,0x00,0x00,0x00,0x00,0x00,0x00,0x00,0x00,0x00,0x00,0x00,0x00,0x00,0x00,0x00,0x00,0x00,0x00,0x00,0x00,0x00,0x00,0x00,0x00,0x00,0x00,0x00,0x00,0x00,0x00,0x00,0x00,0x00,0x00,0x00,0x00,0x00,0x00,0x00,0x00,0x00,0x00,0x00,
    0x00,0x00,0x00,0x00,0x00,0x00,0x00,0x00,0x00,0x00,0x00,0x00,0x00,0x00,0x00,0x00,0x00,0x00,0x00,0x00,0x00,0x00,0x00,0x00,0x00,0x00,0x00,0x00,0x00,0x00,0x00,0x00,0x00,0x00,0x00,0x00,0x00,0x00,0x00,0x00,0x00,0x00,0x00,0x00,0x00,0x00,0x00,0x00,0x00,0x00,0x03,0x00,0x06,0x7a,0x7e,0x7e,0x7e,0x80,0x7c,0x79,0x79,0x79,0x7c,0x79,0x79,0x79,0x79,0x7c,0x96,0xce,0xc3,0x79,0x7e,0x7e,0x80,0x7a,0x79,0x7c,0x96,0xca,0xce,0x89,0x7c,0x79,0x79,0x79,0x79,0x79,0x79,0x79,0x79,0x79,0x79,0x79,0x79,0x7a,0x79,0x06,0x00,0x03,0x00,0x00,0x00,0x00,0x00,0x00,0x00,0x00,0x00,0x00,0x00,0x00,0x00,0x00,0x00,0x00,0x00,0x00,0x00,0x00,0x00,0x00,0x00,0x00,0x00,0x00,0x00,0x00,0x00,0x00,0x00,0x00,0x00,0x00,0x00,0x00,0x00,0x00,0x00,0x00,0x00,0x00,0x00,0x00,
    0x00,0x00,0x00,0x00,0x00,0x00,0x00,0x00,0x00,0x00,0x00,0x00,0x00,0x00,0x00,0x00,0x00,0x00,0x00,0x00,0x00,0x00,0x00,0x00,0x00,0x00,0x00,0x00,0x00,0x00,0x00,0x00,0x00,0x00,0x00,0x00,0x00,0x00,0x00,0x00,0x00,0x00,0x00,0x00,0x00,0x00,0x00,0x00,0x00,0x00,0x00,0x03,0x03,0x2c,0x80,0x04,0x80,0x7c,0x79,0x79,0x79,0x7c,0x7e,0x80,0x79,0x79,0x79,0x7c,0x89,0xa4,0xb3,0x89,0x80,0x80,0x79,0x79,0x79,0x7a,0x83,0x9c,0xa4,0x89,0x7c,0x79,0x79,0x79,0x79,0x79,0x79,0x79,0x79,0x79,0x79,0x79,0x04,0x7c,0x2c,0x03,0x03,0x00,0x00,0x00,0x00,0x00,0x00,0x00,0x00,0x00,0x00,0x00,0x00,0x00,0x00,0x00,0x00,0x00,0x00,0x00,0x00,0x00,0x00,0x00,0x00,0x00,0x00,0x00,0x00,0x00,0x00,0x00,0x00,0x00,0x00,0x00,0x00,0x00,0x00,0x00,0x00,0x00,0x00,0x00,0x00,0x00,
    0x00,0x00,0x00,0x00,0x00,0x00,0x00,0x00,0x00,0x00,0x00,0x00,0x00,0x00,0x00,0x00,0x00,0x00,0x00,0x00,0x00,0x00,0x00,0x00,0x00,0x00,0x00,0x00,0x00,0x00,0x00,0x00,0x00,0x00,0x00,0x00,0x00,0x00,0x00,0x00,0x00,0x00,0x00,0x00,0x00,0x00,0x00,0x00,0x00,0x00,0x00,0x03,0x00,0x29,0x79,0x04,0x79,0x79,0x79,0x79,0x80,0x7e,0x7e,0x7c,0x79,0x79,0x79,0x7c,0x89,0xb3,0x9c,0x83,0x7a,0x79,0x7c,0x7c,0x80,0x80,0x7c,0x9c,0xaf,0x89,0x7a,0x79,0x79,0x79,0x79,0x79,0x79,0x79,0x79,0x79,0x79,0x7a,0x1d,0x04,0x2a,0x00,0x03,0x00,0x00,0x00,0x00,0x00,0x00,0x00,0x00,0x00,0x00,0x00,0x00,0x00,0x00,0x00,0x00,0x00,0x00,0x00,0x00,0x00,0x00,0x00,0x00,0x00,0x00,0x00,0x00,0x00,0x00,0x00,0x00,0x00,0x00,0x00,0x00,0x00,0x00,0x00,0x00,0x00,0x00,0x00,0x00,0x00,
    0x00,0x00,0x00,0x00,0x00,0x00,0x00,0x00,0x00,0x00,0x00,0x00,0x00,0x00,0x00,0x00,0x00,0x00,0x00,0x00,0x00,0x00,0x00,0x00,0x00,0x00,0x00,0x00,0x00,0x00,0x00,0x00,0x00,0x00,0x00,0x00,0x00,0x00,0x00,0x00,0x00,0x00,0x00,0x00,0x00,0x00,0x00,0x00,0x00,0x00,0x00,0x03,0x00,0x06,0x1d,0x1d,0x7c,0x7e,0x7c,0x7c,0x7e,0x7e,0x7c,0x79,0x79,0x79,0x79,0x7a,0x83,0xb3,0x7e,0x80,0x7e,0x7c,0x80,0x80,0x80,0x80,0x7a,0x7e,0x9c,0x79,0x7a,0x79,0x79,0x79,0x79,0x79,0x79,0x79,0x79,0x79,0x79,0x1d,0x7c,0x4b,0x00,0x03,0x00,0x00,0x00,0x00,0x00,0x00,0x00,0x00,0x00,0x00,0x00,0x00,0x00,0x00,0x00,0x00,0x00,0x00,0x00,0x00,0x00,0x00,0x00,0x00,0x00,0x00,0x00,0x00,0x00,0x00,0x00,0x00,0x00,0x00,0x00,0x00,0x00,0x00,0x00,0x00,0x00,0x00,0x00,0x00,0x00,0x00,
    0x00,0x00,0x00,0x00,0x00,0x00,0x00,0x00,0x00,0x00,0x00,0x00,0x00,0x00,0x00,0x00,0x00,0x00,0x00,0x00,0x00,0x00,0x00,0x00,0x00,0x00,0x00,0x00,0x00,0x00,0x00,0x00,0x00,0x00,0x00,0x00,0x00,0x00,0x00,0x00,0x00,0x00,0x00,0x00,0x00,0x00,0x00,0x00,0x00,0x00,0x00,0x00,0x03,0x00,0x3b,0x7e,0x0f,0x7e,0x7e,0x7e,0x7e,0x7c,0x79,0x79,0x79,0x79,0x79,0x79,0x79,0x7e,0x7e,0x80,0x7e,0x80,0x79,0x79,0x7c,0x7c,0x7c,0x79,0x7c,0x7c,0x79,0x79,0x79,0x79,0x79,0x79,0x79,0x79,0x79,0x79,0x79,0x7c,0x10,0x03,0x03,0x00,0x00,0x00,0x00,0x00,0x00,0x00,0x00,0x00,0x00,0x00,0x00,0x00,0x00,0x00,0x00,0x00,0x00,0x00,0x00,0x00,0x00,0x00,0x00,0x00,0x00,0x00,0x00,0x00,0x00,0x00,0x00,0x00,0x00,0x00,0x00,0x00,0x00,0x00,0x00,0x00,0x00,0x00,0x00,0x00,0x00,0x00,
    0x00,0x00,0x00,0x00,0x00,0x00,0x00,0x00,0x00,0x00,0x00,0x00,0x00,0x00,0x00,0x00,0x00,0x00,0x00,0x00,0x00,0x00,0x00,0x00,0x00,0x00,0x00,0x00,0x00,0x00,0x00,0x00,0x00,0x00,0x00,0x00,0x00,0x00,0x00,0x00,0x00,0x00,0x00,0x00,0x00,0x00,0x00,0x00,0x00,0x00,0x00,0x00,0x01,0x03,0x21,0x2c,0x7e,0x0f,0x7e,0x80,0x7c,0x79,0x79,0x79,0x79,0x79,0x79,0x79,0x79,0x79,0x79,0x7c,0x79,0x79,0x79,0x79,0x7c,0x7c,0x7c,0x79,0x7a,0x7a,0x79,0x79,0x79,0x79,0x79,0x79,0x79,0x79,0x79,0x04,0x1d,0x10,0x01,0x01,0x01,0x00,0x00,0x00,0x00,0x00,0x00,0x00,0x00,0x00,0x00,0x00,0x00,0x00,0x00,0x00,0x00,0x00,0x00,0x00,0x00,0x00,0x00,0x00,0x00,0x00,0x00,0x00,0x00,0x00,0x00,0x00,0x00,0x00,0x00,0x00,0x00,0x00,0x00,0x00,0x00,0x00,0x00,0x00,0x00,0x00,0x00,0x00,
    0x00,0x00,0x00,0x00,0x00,0x00,0x00,0x00,0x00,0x00,0x00,0x00,0x00,0x00,0x00,0x00,0x00,0x00,0x00,0x00,0x00,0x00,0x00,0x00,0x00,0x00,0x00,0x00,0x00,0x00,0x00,0x00,0x00,0x00,0x00,0x00,0x00,0x00,0x00,0x00,0x00,0x00,0x00,0x00,0x00,0x00,0x00,0x00,0x00,0x00,0x00,0x00,0x00,0x01,0x00,0x18,0x2c,0x80,0x04,0x79,0x79,0x79,0x79,0x79,0x79,0x79,0x79,0x79,0x79,0x7a,0x79,0x79,0x79,0x79,0x79,0x79,0x79,0x7c,0x79,0x79,0x79,0x79,0x79,0x79,0x79,0x79,0x79,0x79,0x79,0x79,0x04,0x7c,0x2c,0x00,0x03,0x01,0x00,0x00,0x00,0x00,0x00,0x00,0x00,0x00,0x00,0x00,0x00,0x00,0x00,0x00,0x00,0x00,0x00,0x00,0x00,0x00,0x00,0x00,0x00,0x00,0x00,0x00,0x00,0x00,0x00,0x00,0x00,0x00,0x00,0x00,0x00,0x00,0x00,0x00,0x00,0x00,0x00,0x00,0x00,0x00,0x00,0x00,0x00,0x00,
    0x00,0x00,0x00,0x00,0x00,0x00,0x00,0x00,0x00,0x00,0x00,0x00,0x00,0x00,0x00,0x00,0x00,0x00,0x00,0x00,0x00,0x00,0x00,0x00,0x00,0x00,0x00,0x00,0x00,0x00,0x00,0x00,0x00,0x00,0x00,0x00,0x00,0x00,0x00,0x00,0x00,0x00,0x00,0x00,0x00,0x00,0x00,0x00,0x00,0x00,0x00,0x00,0x00,0x00,0x03,0x00,0x1c,0x79,0x04,0x79,0x79,0x79,0x79,0x79,0x79,0x79,0x79,0x79,0x79,0x79,0x79,0x79,0x79,0x79,0x79,0x79,0x79,0x79,0x79,0x79,0x79,0x79,0x79,0x79,0x79,0x79,0x79,0x79,0x79,0x79,0x7a,0x79,0x19,0x18,0x00,0x01,0x00,0x00,0x00,0x00,0x00,0x00,0x00,0x00,0x00,0x00,0x00,0x00,0x00,0x00,0x00,0x00,0x00,0x00,0x00,0x00,0x00,0x00,0x00,0x00,0x00,0x00,0x00,0x00,0x00,0x00,0x00,0x00,0x00,0x00,0x00,0x00,0x00,0x00,0x00,0x00,0x00,0x00,0x00,0x00,0x00,0x00,0x00,0x00,
    0x00,0x00,0x00,0x00,0x00,0x00,0x00,0x00,0x00,0x00,0x00,0x00,0x00,0x00,0x00,0x00,0x00,0x00,0x00,0x00,0x00,0x00,0x00,0x00,0x00,0x00,0x00,0x00,0x00,0x00,0x00,0x00,0x00,0x00,0x00,0x00,0x00,0x00,0x00,0x00,0x00,0x00,0x00,0x00,0x00,0x00,0x00,0x00,0x00,0x00,0x00,0x00,0x00,0x00,0x03,0x18,0x3a,0x7c,0x04,0x79,0x79,0x79,0x79,0x79,0x79,0x79,0x79,0x79,0x79,0x79,0x79,0x79,0x79,0x79,0x79,0x7c,0x7c,0x7c,0x7c,0x79,0x79,0x79,0x79,0x79,0x79,0x79,0x79,0x79,0x79,0x79,0x79,0x04,0x04,0x40,0x01,0x03,0x00,0x00,0x00,0x00,0x00,0x00,0x00,0x00,0x00,0x00,0x00,0x00,0x00,0x00,0x00,0x00,0x00,0x00,0x00,0x00,0x00,0x00,0x00,0x00,0x00,0x00,0x00,0x00,0x00,0x00,0x00,0x00,0x00,0x00,0x00,0x00,0x00,0x00,0x00,0x00,0x00,0x00,0x00,0x00,0x00,0x00,0x00,0x00,
    0x00,0x00,0x00,0x00,0x00,0x00,0x00,0x00,0x00,0x00,0x00,0x00,0x00,0x00,0x00,0x00,0x00,0x00,0x00,0x00,0x00,0x00,0x00,0x00,0x00,0x00,0x00,0x00,0x00,0x00,0x00,0x00,0x00,0x00,0x00,0x00,0x00,0x00,0x00,0x00,0x00,0x00,0x00,0x00,0x00,0x00,0x00,0x00,0x00,0x00,0x00,0x00,0x00,0x03,0x00,0x40,0x79,0x04,0x79,0x79,0x79,0x79,0x79,0x79,0x79,0x79,0x79,0x79,0x79,0x79,0x79,0x79,0x79,0x79,0x79,0x7c,0x80,0x7c,0x7c,0x7a,0x79,0x79,0x79,0x79,0x79,0x79,0x79,0x79,0x79,0x79,0x79,0x04,0x7c,0x2c,0x00,0x03,0x00,0x00,0x00,0x00,0x00,0x00,0x00,0x00,0x00,0x00,0x00,0x00,0x00,0x00,0x00,0x00,0x00,0x00,0x00,0x00,0x00,0x00,0x00,0x00,0x00,0x00,0x00,0x00,0x00,0x00,0x00,0x00,0x00,0x00,0x00,0x00,0x00,0x00,0x00,0x00,0x00,0x00,0x00,0x00,0x00,0x00,0x00,0x00,
    0x00,0x00,0x00,0x00,0x00,0x00,0x00,0x00,0x00,0x00,0x00,0x00,0x00,0x00,0x00,0x00,0x00,0x00,0x00,0x00,0x00,0x00,0x00,0x00,0x00,0x00,0x00,0x00,0x00,0x00,0x00,0x00,0x00,0x00,0x00,0x00,0x00,0x00,0x00,0x00,0x00,0x00,0x00,0x00,0x00,0x00,0x00,0x00,0x00,0x00,0x00,0x00,0x00,0x03,0x00,0x10,0x80,0x0f,0x7c,0x79,0x79,0x79,0x79,0x79,0x79,0x79,0x79,0x79,0x79,0x79,0x79,0x79,0x79,0x79,0x79,0x79,0x79,0x79,0x79,0x79,0x79,0x79,0x79,0x79,0x79,0x79,0x79,0x79,0x79,0x79,0x79,0x7a,0x7c,0x63,0x21,0x01,0x01,0x00,0x00,0x00,0x00,0x00,0x00,0x00,0x00,0x00,0x00,0x00,0x00,0x00,0x00,0x00,0x00,0x00,0x00,0x00,0x00,0x00,0x00,0x00,0x00,0x00,0x00,0x00,0x00,0x00,0x00,0x00,0x00,0x00,0x00,0x00,0x00,0x00,0x00,0x00,0x00,0x00,0x00,0x00,0x00,0x00,0x00,0x00,
    0x00,0x00,0x00,0x00,0x00,0x00,0x00,0x00,0x00,0x00,0x00,0x00,0x00,0x00,0x00,0x00,0x00,0x00,0x00,0x00,0x00,0x00,0x00,0x00,0x00,0x00,0x00,0x00,0x00,0x00,0x00,0x00,0x00,0x00,0x00,0x00,0x00,0x00,0x00,0x00,0x00,0x00,0x00,0x00,0x00,0x00,0x00,0x00,0x00,0x00,0x00,0x00,0x00,0x00,0x03,0x3a,0x7e,0x0f,0x7c,0x79,0x79,0x79,0x79,0x79,0x79,0x79,0x79,0x79,0x79,0x79,0x79,0x79,0x79,0x79,0x7c,0x7c,0x79,0x79,0x80,0x79,0x7c,0x79,0x79,0x79,0x79,0x79,0x79,0x79,0x79,0x79,0x79,0x79,0x79,0x79,0x06,0x00,0x03,0x00,0x00,0x00,0x00,0x00,0x00,0x00,0x00,0x00,0x00,0x00,0x00,0x00,0x00,0x00,0x00,0x00,0x00,0x00,0x00,0x00,0x00,0x00,0x00,0x00,0x00,0x00,0x00,0x00,0x00,0x00,0x00,0x00,0x00,0x00,0x00,0x00,0x00,0x00,0x00,0x00,0x00,0x00,0x00,0x00,0x00,0x00,
    0x00,0x00,0x00,0x00,0x00,0x00,0x00,0x00,0x00,0x00,0x00,0x00,0x00,0x00,0x00,0x00,0x00,0x00,0x00,0x00,0x00,0x00,0x00,0x00,0x00,0x00,0x00,0x00,0x00,0x00,0x00,0x00,0x00,0x00,0x00,0x00,0x00,0x00,0x00,0x00,0x00,0x00,0x00,0x00,0x00,0x00,0x00,0x00,0x00,0x00,0x00,0x00,0x03,0x00,0x2a,0x1d,0x0f,0x80,0x79,0x79,0x79,0x79,0x79,0x79,0x79,0x79,0x79,0x79,0x79,0x79,0x79,0x79,0x79,0x79,0x7c,0x7c,0x79,0x79,0x79,0x79,0x79,0x79,0x79,0x79,0x79,0x79,0x79,0x79,0x79,0x79,0x79,0x79,0x04,0x7a,0x29,0x00,0x03,0x00,0x00,0x00,0x00,0x00,0x00,0x00,0x00,0x00,0x00,0x00,0x00,0x00,0x00,0x00,0x00,0x00,0x00,0x00,0x00,0x00,0x00,0x00,0x00,0x00,0x00,0x00,0x00,0x00,0x00,0x00,0x00,0x00,0x00,0x00,0x00,0x00,0x00,0x00,0x00,0x00,0x00,0x00,0x00,0x00,0x00,0x00,
    0x00,0x00,0x00,0x00,0x00,0x00,0x00,0x00,0x00,0x00,0x00,0x00,0x00,0x00,0x00,0x00,0x00,0x00,0x00,0x00,0x00,0x00,0x00,0x00,0x00,0x00,0x00,0x00,0x00,0x00,0x00,0x00,0x00,0x00,0x00,0x00,0x00,0x00,0x00,0x00,0x00,0x00,0x00,0x00,0x00,0x00,0x00,0x00,0x00,0x00,0x00,0x00,0x03,0x00,0x5b,0x7c,0x1d,0x7c,0x79,0x79,0x79,0x79,0x79,0x79,0x79,0x79,0x79,0x79,0x79,0x79,0x79,0x79,0x79,0x79,0x7c,0x7c,0x7c,0x79,0x79,0x79,0x79,0x79,0x79,0x79,0x79,0x79,0x79,0x79,0x79,0x79,0x79,0x79,0x1d,0x7a,0x4b,0x00,0x03,0x00,0x00,0x00,0x00,0x00,0x00,0x00,0x00,0x00,0x00,0x00,0x00,0x00,0x00,0x00,0x00,0x00,0x00,0x00,0x00,0x00,0x00,0x00,0x00,0x00,0x00,0x00,0x00,0x00,0x00,0x00,0x00,0x00,0x00,0x00,0x00,0x00,0x00,0x00,0x00,0x00,0x00,0x00,0x00,0x00,0x00,0x00,
    0x00,0x00,0x00,0x00,0x00,0x00,0x00,0x00,0x00,0x00,0x00,0x00,0x00,0x00,0x00,0x00,0x00,0x00,0x00,0x00,0x00,0x00,0x00,0x00,0x00,0x00,0x00,0x00,0x00,0x00,0x00,0x00,0x00,0x00,0x00,0x00,0x00,0x00,0x00,0x00,0x00,0x00,0x00,0x00,0x00,0x00,0x00,0x00,0x00,0x00,0x00,0x00,0x03,0x00,0x10,0x7c,0x0f,0x80,0x79,0x79,0x79,0x79,0x79,0x79,0x79,0x79,0x79,0x79,0x79,0x79,0x79,0x79,0x79,0x7c,0x7c,0x7c,0x7c,0x79,0x79,0x79,0x79,0x79,0x79,0x79,0x79,0x79,0x79,0x79,0x79,0x79,0x79,0x79,0x1d,0x7c,0x1c,0x00,0x03,0x00,0x00,0x00,0x00,0x00,0x00,0x00,0x00,0x00,0x00,0x00,0x00,0x00,0x00,0x00,0x00,0x00,0x00,0x00,0x00,0x00,0x00,0x00,0x00,0x00,0x00,0x00,0x00,0x00,0x00,0x00,0x00,0x00,0x00,0x00,0x00,0x00,0x00,0x00,0x00,0x00,0x00,0x00,0x00,0x00,0x00,0x00,
    0x00,0x00,0x00,0x00,0x00,0x00,0x00,0x00,0x00,0x00,0x00,0x00,0x00,0x00,0x00,0x00,0x00,0x00,0x00,0x00,0x00,0x00,0x00,0x00,0x00,0x00,0x00,0x00,0x00,0x00,0x00,0x00,0x00,0x00,0x00,0x00,0x00,0x00,0x00,0x00,0x00,0x00,0x00,0x00,0x00,0x00,0x00,0x00,0x00,0x00,0x00,0x00,0x03,0x00,0x3b,0x7c,0x0f,0x80,0x79,0x79,0x79,0x79,0x79,0x79,0x79,0x79,0x79,0x79,0x79,0x79,0x79,0x79,0x79,0x79,0x79,0x79,0x79,0x79,0x79,0x79,0x79,0x79,0x79,0x79,0x79,0x79,0x79,0x79,0x79,0x79,0x79,0x79,0x1d,0x7c,0x1c,0x00,0x03,0x00,0x00,0x00,0x00,0x00,0x00,0x00,0x00,0x00,0x00,0x00,0x00,0x00,0x00,0x00,0x00,0x00,0x00,0x00,0x00,0x00,0x00,0x00,0x00,0x00,0x00,0x00,0x00,0x00,0x00,0x00,0x00,0x00,0x00,0x00,0x00,0x00,0x00,0x00,0x00,0x00,0x00,0x00,0x00,0x00,0x00,0x00,
    0x00,0x00,0x00,0x00,0x00,0x00,0x00,0x00,0x00,0x00,0x00,0x00,0x00,0x00,0x00,0x00,0x00,0x00,0x00,0x00,0x00,0x00,0x00,0x00,0x00,0x00,0x00,0x00,0x00,0x00,0x00,0x00,0x00,0x00,0x00,0x00,0x00,0x00,0x00,0x00,0x00,0x00,0x00,0x00,0x00,0x00,0x00,0x00,0x00,0x00,0x00,0x00,0x03,0x00,0x4b,0x7c,0x04,0x79,0x79,0x79,0x79,0x79,0x79,0x79,0x79,0x79,0x79,0x79,0x79,0x79,0x79,0x79,0x79,0x79,0x79,0x79,0x79,0x79,0x79,0x79,0x79,0x79,0x79,0x79,0x79,0x79,0x79,0x79,0x79,0x79,0x79,0x79,0x04,0x7a,0x5b,0x00,0x03,0x00,0x00,0x00,0x00,0x00,0x00,0x00,0x00,0x00,0x00,0x00,0x00,0x00,0x00,0x00,0x00,0x00,0x00,0x00,0x00,0x00,0x00,0x00,0x00,0x00,0x00,0x00,0x00,0x00,0x00,0x00,0x00,0x00,0x00,0x00,0x00,0x00,0x00,0x00,0x00,0x00,0x00,0x00,0x00,0x00,0x00,0x00,
    0x00,0x00,0x00,0x00,0x00,0x00,0x00,0x00,0x00,0x00,0x00,0x00,0x00,0x00,0x00,0x00,0x00,0x00,0x00,0x00,0x00,0x00,0x00,0x00,0x00,0x00,0x00,0x00,0x00,0x00,0x00,0x00,0x00,0x00,0x00,0x00,0x00,0x00,0x00,0x00,0x00,0x00,0x00,0x00,0x00,0x00,0x00,0x00,0x00,0x00,0x00,0x00,0x03,0x00,0x2a,0x79,0x04,0x79,0x79,0x79,0x79,0x79,0x79,0x79,0x79,0x79,0x79,0x79,0x79,0x79,0x79,0x79,0x79,0x79,0x79,0x79,0x79,0x79,0x79,0x79,0x79,0x79,0x79,0x79,0x79,0x79,0x79,0x79,0x79,0x79,0x79,0x7a,0x79,0x19,0x41,0x01,0x01,0x00,0x00,0x00,0x00,0x00,0x00,0x00,0x00,0x00,0x00,0x00,0x00,0x00,0x00,0x00,0x00,0x00,0x00,0x00,0x00,0x00,0x00,0x00,0x00,0x00,0x00,0x00,0x00,0x00,0x00,0x00,0x00,0x00,0x00,0x00,0x00,0x00,0x00,0x00,0x00,0x00,0x00,0x00,0x00,0x00,0x00,0x00,
    0x00,0x00,0x00,0x00,0x00,0x00,0x00,0x00,0x00,0x00,0x00,0x00,0x00,0x00,0x00,0x00,0x00,0x00,0x00,0x00,0x00,0x00,0x00,0x00,0x00,0x00,0x00,0x00,0x00,0x00,0x00,0x00,0x00,0x00,0x00,0x00,0x00,0x00,0x00,0x00,0x00,0x00,0x00,0x00,0x00,0x00,0x00,0x00,0x00,0x00,0x00,0x00,0x00,0x01,0x03,0x4a,0x79,0x04,0x79,0x79,0x79,0x79,0x79,0x79,0x79,0x79,0x79,0x79,0x79,0x7c,0x80,0x80,0x7c,0x7c,0x79,0x79,0x79,0x79,0x79,0x79,0x79,0x79,0x79,0x79,0x79,0x79,0x79,0x79,0x79,0x79,0x79,0x04,0x79,0x1c,0x00,0x03,0x00,0x00,0x00,0x00,0x00,0x00,0x00,0x00,0x00,0x00,0x00,0x00,0x00,0x00,0x00,0x00,0x00,0x00,0x00,0x00,0x00,0x00,0x00,0x00,0x00,0x00,0x00,0x00,0x00,0x00,0x00,0x00,0x00,0x00,0x00,0x00,0x00,0x00,0x00,0x00,0x00,0x00,0x00,0x00,0x00,0x00,0x00,0x00,
    0x00,0x00,0x00,0x00,0x00,0x00,0x00,0x00,0x00,0x00,0x00,0x00,0x00,0x00,0x00,0x00,0x00,0x00,0x00,0x00,0x00,0x00,0x00,0x00,0x00,0x00,0x00,0x00,0x00,0x00,0x00,0x00,0x00,0x00,0x00,0x00,0x00,0x00,0x00,0x00,0x00,0x00,0x00,0x00,0x00,0x00,0x00,0x00,0x00,0x00,0x00,0x00,0x00,0x03,0x00,0x1c,0x7c,0x1d,0x79,0x79,0x79,0x79,0x79,0x79,0x79,0x79,0x79,0x79,0x79,0x7a,0x7c,0x80,0x80,0x7c,0x7c,0x79,0x7a,0x79,0x79,0x79,0x79,0x79,0x79,0x79,0x79,0x79,0x79,0x79,0x79,0x79,0x79,0x04,0x79,0x40,0x01,0x03,0x00,0x00,0x00,0x00,0x00,0x00,0x00,0x00,0x00,0x00,0x00,0x00,0x00,0x00,0x00,0x00,0x00,0x00,0x00,0x00,0x00,0x00,0x00,0x00,0x00,0x00,0x00,0x00,0x00,0x00,0x00,0x00,0x00,0x00,0x00,0x00,0x00,0x00,0x00,0x00,0x00,0x00,0x00,0x00,0x00,0x00,0x00,0x00,
    0x00,0x00,0x00,0x00,0x00,0x00,0x00,0x00,0x00,0x00,0x00,0x00,0x00,0x00,0x00,0x00,0x00,0x00,0x00,0x00,0x00,0x00,0x00,0x00,0x00,0x00,0x00,0x00,0x00,0x00,0x00,0x00,0x00,0x00,0x00,0x00,0x00,0x00,0x00,0x00,0x00,0x00,0x00,0x00,0x00,0x00,0x00,0x00,0x00,0x00,0x00,0x00,0x00,0x03,0x00,0x1c,0x7e,0x0f,0x79,0x79,0x79,0x79,0x79,0x79,0x79,0x79,0x79,0x79,0x79,0x7a,0x7c,0x80,0x7c,0x7c,0x79,0x79,0x7c,0x79,0x79,0x79,0x79,0x79,0x79,0x79,0x79,0x79,0x79,0x79,0x79,0x79,0x7c,0x04,0x7a,0x29,0x00,0x03,0x00,0x00,0x00,0x00,0x00,0x00,0x00,0x00,0x00,0x00,0x00,0x00,0x00,0x00,0x00,0x00,0x00,0x00,0x00,0x00,0x00,0x00,0x00,0x00,0x00,0x00,0x00,0x00,0x00,0x00,0x00,0x00,0x00,0x00,0x00,0x00,0x00,0x00,0x00,0x00,0x00,0x00,0x00,0x00,0x00,0x00,0x00,0x00,
    0x00,0x00,0x00,0x00,0x00,0x00,0x00,0x00,0x00,0x00,0x00,0x00,0x00,0x00,0x00,0x00,0x00,0x00,0x00,0x00,0x00,0x00,0x00,0x00,0x00,0x00,0x00,0x00,0x00,0x00,0x00,0x00,0x00,0x00,0x00,0x00,0x00,0x00,0x00,0x00,0x00,0x00,0x00,0x00,0x00,0x00,0x00,0x00,0x00,0x00,0x00,0x00,0x00,0x03,0x00,0x1c,0x80,0x0f,0x04,0x04,0x7c,0x7c,0x7c,0x7c,0x7a,0x79,0x7c,0x7c,0x7c,0x79,0x7c,0x80,0x7c,0x7c,0x79,0x79,0x79,0x79,0x79,0x79,0x79,0x79,0x79,0x79,0x79,0x7c,0x7c,0x7c,0x7c,0x04,0x1d,0x1d,0x79,0x29,0x00,0x03,0x00,0x00,0x00,0x00,0x00,0x00,0x00,0x00,0x00,0x00,0x00,0x00,0x00,0x00,0x00,0x00,0x00,0x00,0x00,0x00,0x00,0x00,0x00,0x00,0x00,0x00,0x00,0x00,0x00,0x00,0x00,0x00,0x00,0x00,0x00,0x00,0x00,0x00,0x00,0x00,0x00,0x00,0x00,0x00,0x00,0x00,0x00,0x00,
    0x00,0x00,0x00,0x00,0x00,0x00,0x00,0x00,0x00,0x00,0x00,0x00,0x00,0x00,0x00,0x00,0x00,0x00,0x00,0x00,0x00,0x00,0x00,0x00,0x00,0x00,0x00,0x00,0x00,0x00,0x00,0x00,0x00,0x00,0x00,0x00,0x00,0x00,0x00,0x00,0x00,0x00,0x00,0x00,0x00,0x00,0x00,0x00,0x00,0x00,0x00,0x00,0x00,0x03,0x01,0x06,0x19,0x80,0x7a,0x83,0x89,0x96,0x96,0x83,0x79,0x80,0x7e,0x7e,0x7e,0x80,0x7e,0x7e,0x80,0x79,0x79,0x79,0x7c,0x7c,0x7c,0x7c,0x7c,0x80,0x80,0x7c,0x7a,0x79,0x83,0x83,0x79,0x7c,0x79,0x79,0x63,0x41,0x01,0x01,0x00,0x00,0x00,0x00,0x00,0x00,0x00,0x00,0x00,0x00,0x00,0x00,0x00,0x00,0x00,0x00,0x00,0x00,0x00,0x00,0x00,0x00,0x00,0x00,0x00,0x00,0x00,0x00,0x00,0x00,0x00,0x00,0x00,0x00,0x00,0x00,0x00,0x00,0x00,0x00,0x00,0x00,0x00,0x00,0x00,0x00,0x00,0x00,
    0x00,0x00,0x00,0x00,0x00,0x00,0x00,0x00,0x00,0x00,0x00,0x00,0x00,0x00,0x00,0x00,0x00,0x00,0x00,0x00,0x00,0x00,0x00,0x00,0x00,0x00,0x00,0x00,0x00,0x00,0x00,0x00,0x00,0x00,0x00,0x00,0x00,0x00,0x00,0x00,0x00,0x00,0x00,0x00,0x00,0x00,0x00,0x00,0x00,0x00,0x00,0x00,0x00,0x00,0x01,0x00,0x41,0x40,0x2c,0x2c,0x54,0x54,0x54,0xb5,0x9b,0x7e,0x79,0x83,0x96,0x88,0x96,0x83,0x79,0x80,0x7e,0x7c,0x79,0x79,0x83,0x83,0x83,0x96,0x88,0x96,0x83,0x80,0x9b,0x54,0x9b,0x10,0x3b,0x40,0x21,0x00,0x01,0x00,0x00,0x00,0x00,0x00,0x00,0x00,0x00,0x00,0x00,0x00,0x00,0x00,0x00,0x00,0x00,0x00,0x00,0x00,0x00,0x00,0x00,0x00,0x00,0x00,0x00,0x00,0x00,0x00,0x00,0x00,0x00,0x00,0x00,0x00,0x00,0x00,0x00,0x00,0x00,0x00,0x00,0x00,0x00,0x00,0x00,0x00,0x00,0x00,
    0x00,0x00,0x00,0x00,0x00,0x00,0x00,0x00,0x00,0x00,0x00,0x00,0x00,0x00,0x00,0x00,0x00,0x00,0x00,0x00,0x00,0x00,0x00,0x00,0x00,0x00,0x00,0x00,0x00,0x00,0x00,0x00,0x00,0x00,0x00,0x00,0x00,0x00,0x00,0x00,0x00,0x00,0x00,0x00,0x00,0x00,0x00,0x00,0x00,0x00,0x00,0x00,0x00,0x00,0x00,0x01,0x00,0x00,0x67,0x52,0x4d,0xd4,0xd4,0xe2,0xe2,0xfc,0x5a,0xef,0xfb,0xe7,0xe7,0xe6,0x54,0x9b,0x1d,0x0f,0xb5,0xb5,0xb5,0xb5,0x54,0xe7,0xfb,0xef,0x5a,0xde,0xe2,0xd4,0x5a,0x2a,0x00,0x00,0x00,0x01,0x00,0x00,0x00,0x00,0x00,0x00,0x00,0x00,0x00,0x00,0x00,0x00,0x00,0x00,0x00,0x00,0x00,0x00,0x00,0x00,0x00,0x00,0x00,0x00,0x00,0x00,0x00,0x00,0x00,0x00,0x00,0x00,0x00,0x00,0x00,0x00,0x00,0x00,0x00,0x00,0x00,0x00,0x00,0x00,0x00,0x00,0x00,0x00,0x00,0x00,
    0x00,0x00,0x00,0x00,0x00,0x00,0x00,0x00,0x00,0x00,0x00,0x00,0x00,0x00,0x00,0x00,0x00,0x00,0x00,0x00,0x00,0x00,0x00,0x00,0x00,0x00,0x00,0x00,0x00,0x00,0x00,0x00,0x00,0x00,0x00,0x00,0x00,0x00,0x00,0x00,0x00,0x00,0x00,0x00,0x00,0x00,0x00,0x00,0x00,0x00,0x00,0x00,0x00,0x00,0x00,0x00,0x01,0x03,0x00,0x67,0x17,0xd4,0xd4,0xeb,0xe9,0xbd,0x82,0x82,0xbd,0xe9,0xeb,0xe8,0xe2,0x53,0x71,0x53,0xde,0xe2,0xd4,0xeb,0xe9,0xbe,0xbe,0x9d,0xe9,0xeb,0xd4,0xde,0x5d,0x73,0x03,0x03,0x01,0x00,0x00,0x00,0x00,0x00,0x00,0x00,0x00,0x00,0x00,0x00,0x00,0x00,0x00,0x00,0x00,0x00,0x00,0x00,0x00,0x00,0x00,0x00,0x00,0x00,0x00,0x00,0x00,0x00,0x00,0x00,0x00,0x00,0x00,0x00,0x00,0x00,0x00,0x00,0x00,0x00,0x00,0x00,0x00,0x00,0x00,0x00,0x00,0x00,0x00,0x00,
    0x00,0x00,0x00,0x00,0x00,0x00,0x00,0x00,0x00,0x00,0x00,0x00,0x00,0x00,0x00,0x00,0x00,0x00,0x00,0x00,0x00,0x00,0x00,0x00,0x00,0x00,0x00,0x00,0x00,0x00,0x00,0x00,0x00,0x00,0x00,0x00,0x00,0x00,0x00,0x00,0x00,0x00,0x00,0x00,0x00,0x00,0x00,0x00,0x00,0x00,0x00,0x00,0x00,0x00,0x00,0x00,0x00,0x02,0x0c,0x0d,0x61,0xf1,0xbd,0x7d,0x7d,0x7d,0x7d,0x7d,0x7d,0x7d,0x9d,0xeb,0xe2,0x38,0x52,0x53,0xd4,0xe9,0x84,0x7d,0x7d,0x81,0x7d,0x86,0x7d,0x81,0xe9,0xd4,0x38,0x1f,0x00,0x0c,0x00,0x00,0x00,0x00,0x00,0x00,0x00,0x00,0x00,0x00,0x00,0x00,0x00,0x00,0x00,0x00,0x00,0x00,0x00,0x00,0x00,0x00,0x00,0x00,0x00,0x00,0x00,0x00,0x00,0x00,0x00,0x00,0x00,0x00,0x00,0x00,0x00,0x00,0x00,0x00,0x00,0x00,0x00,0x00,0x00,0x00,0x00,0x00,0x00,0x00,0x00,0x00,
    0x00,0x00,0x00,0x00,0x00,0x00,0x00,0x00,0x00,0x00,0x00,0x00,0x00,0x00,0x00,0x00,0x00,0x00,0x00,0x00,0x00,0x00,0x00,0x00,0x00,0x00,0x00,0x00,0x00,0x00,0x00,0x00,0x00,0x00,0x00,0x00,0x00,0x00,0x00,0x00,0x00,0x00,0x00,0x00,0x00,0x00,0x00,0x00,0x00,0x00,0x00,0x00,0x00,0x00,0x00,0x00,0x00,0x02,0x00,0x0d,0x6f,0xb2,0x7d,0x82,0x81,0x81,0x81,0x81,0x81,0x81,0x7d,0x82,0xe8,0x1a,0x3f,0x17,0xe9,0x95,0x81,0x07,0x84,0x82,0x84,0x84,0x82,0x81,0x95,0x0e,0x59,0x3d,0x00,0x00,0x00,0x00,0x00,0x00,0x00,0x00,0x00,0x00,0x00,0x00,0x00,0x00,0x00,0x00,0x00,0x00,0x00,0x00,0x00,0x00,0x00,0x00,0x00,0x00,0x00,0x00,0x00,0x00,0x00,0x00,0x00,0x00,0x00,0x00,0x00,0x00,0x00,0x00,0x00,0x00,0x00,0x00,0x00,0x00,0x00,0x00,0x00,0x00,0x00,0x00,0x00,0x00,
    0x00,0x00,0x00,0x00,0x00,0x00,0x00,0x00,0x00,0x00,0x00,0x00,0x00,0x00,0x00,0x00,0x00,0x00,0x00,0x00,0x00,0x00,0x00,0x00,0x00,0x00,0x00,0x00,0x00,0x00,0x00,0x00,0x00,0x00,0x00,0x00,0x00,0x00,0x00,0x00,0x00,0x00,0x00,0x00,0x00,0x00,0x00,0x00,0x00,0x00,0x00,0x00,0x00,0x00,0x00,0x00,0x00,0x00,0x05,0x0c,0x33,0x6d,0x81,0x86,0x81,0x84,0x84,0x84,0x84,0x81,0x81,0x95,0xc2,0x20,0x73,0x61,0xb2,0x93,0x82,0x82,0x82,0x84,0x84,0x82,0x81,0x81,0x7d,0x25,0x24,0x3d,0x00,0x00,0x00,0x00,0x00,0x00,0x00,0x00,0x00,0x00,0x00,0x00,0x00,0x00,0x00,0x00,0x00,0x00,0x00,0x00,0x00,0x00,0x00,0x00,0x00,0x00,0x00,0x00,0x00,0x00,0x00,0x00,0x00,0x00,0x00,0x00,0x00,0x00,0x00,0x00,0x00,0x00,0x00,0x00,0x00,0x00,0x00,0x00,0x00,0x00,0x00,0x00,0x00,0x00,
    0x00,0x00,0x00,0x00,0x00,0x00,0x00,0x00,0x00,0x00,0x00,0x00,0x00,0x00,0x00,0x00,0x00,0x00,0x00,0x00,0x00,0x00,0x00,0x00,0x00,0x00,0x00,0x00,0x00,0x00,0x00,0x00,0x00,0x00,0x00,0x00,0x00,0x00,0x00,0x00,0x00,0x00,0x00,0x00,0x00,0x00,0x00,0x00,0x00,0x00,0x00,0x00,0x00,0x00,0x00,0x00,0x00,0x00,0x05,0x00,0x11,0x49,0x7d,0x81,0x82,0x84,0x84,0x84,0x84,0x84,0x82,0x95,0x15,0x34,0x12,0x61,0xc2,0x90,0x82,0x82,0x84,0x82,0x86,0x7d,0x81,0x93,0xc5,0x44,0x11,0x05,0x05,0x00,0x00,0x00,0x00,0x00,0x00,0x00,0x00,0x00,0x00,0x00,0x00,0x00,0x00,0x00,0x00,0x00,0x00,0x00,0x00,0x00,0x00,0x00,0x00,0x00,0x00,0x00,0x00,0x00,0x00,0x00,0x00,0x00,0x00,0x00,0x00,0x00,0x00,0x00,0x00,0x00,0x00,0x00,0x00,0x00,0x00,0x00,0x00,0x00,0x00,0x00,0x00,0x00,
    0x00,0x00,0x00,0x00,0x00,0x00,0x00,0x00,0x00,0x00,0x00,0x00,0x00,0x00,0x00,0x00,0x00,0x00,0x00,0x00,0x00,0x00,0x00,0x00,0x00,0x00,0x00,0x00,0x00,0x00,0x00,0x00,0x00,0x00,0x00,0x00,0x00,0x00,0x00,0x00,0x00,0x00,0x00,0x00,0x00,0x00,0x00,0x00,0x00,0x00,0x00,0x00,0x00,0x00,0x00,0x00,0x00,0x00,0x0c,0x00,0x1e,0x17,0xb2,0x93,0x86,0x82,0x84,0x82,0x82,0x84,0x81,0x84,0x49,0x33,0x0d,0x6f,0xae,0x93,0x82,0x84,0x82,0x84,0x82,0x82,0x86,0x86,0x81,0x1a,0x31,0x02,0x05,0x00,0x00,0x00,0x00,0x00,0x00,0x00,0x00,0x00,0x00,0x00,0x00,0x00,0x00,0x00,0x00,0x00,0x00,0x00,0x00,0x00,0x00,0x00,0x00,0x00,0x00,0x00,0x00,0x00,0x00,0x00,0x00,0x00,0x00,0x00,0x00,0x00,0x00,0x00,0x00,0x00,0x00,0x00,0x00,0x00,0x00,0x00,0x00,0x00,0x00,0x00,0x00,0x00,
    0x00,0x00,0x00,0x00,0x00,0x00,0x00,0x00,0x00,0x00,0x00,0x00,0x00,0x00,0x00,0x00,0x00,0x00,0x00,0x00,0x00,0x00,0x00,0x00,0x00,0x00,0x00,0x00,0x00,0x00,0x00,0x00,0x00,0x00,0x00,0x00,0x00,0x00,0x00,0x00,0x00,0x00,0x00,0x00,0x00,0x00,0x00,0x00,0x00,0x00,0x00,0x00,0x00,0x00,0x00,0x00,0x00,0x00,0x0c,0x00,0x1e,0x17,0x15,0x93,0x81,0x86,0x86,0x86,0x81,0x84,0x86,0xc5,0x58,0x2d,0x0c,0x34,0x25,0x84,0x86,0x82,0x84,0x84,0x82,0x82,0x81,0x93,0xae,0x47,0x02,0x0c,0x00,0x00,0x00,0x00,0x00,0x00,0x00,0x00,0x00,0x00,0x00,0x00,0x00,0x00,0x00,0x00,0x00,0x00,0x00,0x00,0x00,0x00,0x00,0x00,0x00,0x00,0x00,0x00,0x00,0x00,0x00,0x00,0x00,0x00,0x00,0x00,0x00,0x00,0x00,0x00,0x00,0x00,0x00,0x00,0x00,0x00,0x00,0x00,0x00,0x00,0x00,0x00,0x00,0x00,
    0x00,0x00,0x00,0x00,0x00,0x00,0x00,0x00,0x00,0x00,0x00,0x00,0x00,0x00,0x00,0x00,0x00,0x00,0x00,0x00,0x00,0x00,0x00,0x00,0x00,0x00,0x00,0x00,0x00,0x00,0x00,0x00,0x00,0x00,0x00,0x00,0x00,0x00,0x00,0x00,0x00,0x00,0x00,0x00,0x00,0x00,0x00,0x00,0x00,0x00,0x00,0x00,0x00,0x00,0x00,0x00,0x00,0x00,0x02,0x00,0x1b,0x24,0xb7,0x86,0x81,0x86,0x86,0x86,0x86,0x86,0x81,0x95,0x49,0x11,0x00,0x11,0x44,0x86,0x82,0x84,0x84,0x84,0x82,0x82,0x81,0x81,0x07,0x1a,0x12,0x00,0x05,0x00,0x00,0x00,0x00,0x00,0x00,0x00,0x00,0x00,0x00,0x00,0x00,0x00,0x00,0x00,0x00,0x00,0x00,0x00,0x00,0x00,0x00,0x00,0x00,0x00,0x00,0x00,0x00,0x00,0x00,0x00,0x00,0x00,0x00,0x00,0x00,0x00,0x00,0x00,0x00,0x00,0x00,0x00,0x00,0x00,0x00,0x00,0x00,0x00,0x00,0x00,0x00,0x00,
    0x00,0x00,0x00,0x00,0x00,0x00,0x00,0x00,0x00,0x00,0x00,0x00,0x00,0x00,0x00,0x00,0x00,0x00,0x00,0x00,0x00,0x00,0x00,0x00,0x00,0x00,0x00,0x00,0x00,0x00,0x00,0x00,0x00,0x00,0x00,0x00,0x00,0x00,0x00,0x00,0x00,0x00,0x00,0x00,0x00,0x00,0x00,0x00,0x00,0x00,0x00,0x00,0x00,0x00,0x00,0x00,0x00,0x00,0x00,0x00,0x3d,0x24,0x0e,0x93,0x81,0x86,0x86,0x86,0x86,0x86,0x7d,0xae,0x23,0x1e,0x00,0x47,0x49,0x95,0x84,0x84,0x86,0x82,0x81,0x86,0x81,0x82,0x0e,0x6b,0x0d,0x00,0x05,0x00,0x00,0x00,0x00,0x00,0x00,0x00,0x00,0x00,0x00,0x00,0x00,0x00,0x00,0x00,0x00,0x00,0x00,0x00,0x00,0x00,0x00,0x00,0x00,0x00,0x00,0x00,0x00,0x00,0x00,0x00,0x00,0x00,0x00,0x00,0x00,0x00,0x00,0x00,0x00,0x00,0x00,0x00,0x00,0x00,0x00,0x00,0x00,0x00,0x00,0x00,0x00,0x00,
    0x00,0x00,0x00,0x00,0x00,0x00,0x00,0x00,0x00,0x00,0x00,0x00,0x00,0x00,0x00,0x00,0x00,0x00,0x00,0x00,0x00,0x00,0x00,0x00,0x00,0x00,0x00,0x00,0x00,0x00,0x00,0x00,0x00,0x00,0x00,0x00,0x00,0x00,0x00,0x00,0x00,0x00,0x00,0x00,0x00,0x00,0x00,0x00,0x00,0x00,0x00,0x00,0x00,0x00,0x00,0x00,0x00,0x00,0x00,0x00,0x3d,0x24,0xb2,0x95,0x81,0x86,0x86,0x86,0x86,0x82,0x86,0xae,0x6f,0x12,0x00,0x11,0x6d,0xc5,0x86,0x82,0x86,0x86,0x86,0x86,0x7d,0x82,0x32,0x20,0x00,0x00,0x00,0x00,0x00,0x00,0x00,0x00,0x00,0x00,0x00,0x00,0x00,0x00,0x00,0x00,0x00,0x00,0x00,0x00,0x00,0x00,0x00,0x00,0x00,0x00,0x00,0x00,0x00,0x00,0x00,0x00,0x00,0x00,0x00,0x00,0x00,0x00,0x00,0x00,0x00,0x00,0x00,0x00,0x00,0x00,0x00,0x00,0x00,0x00,0x00,0x00,0x00,0x00,0x00,0x00,
    0x00,0x00,0x00,0x00,0x00,0x00,0x00,0x00,0x00,0x00,0x00,0x00,0x00,0x00,0x00,0x00,0x00,0x00,0x00,0x00,0x00,0x00,0x00,0x00,0x00,0x00,0x00,0x00,0x00,0x00,0x00,0x00,0x00,0x00,0x00,0x00,0x00,0x00,0x00,0x00,0x00,0x00,0x00,0x00,0x00,0x00,0x00,0x00,0x00,0x00,0x00,0x00,0x00,0x00,0x00,0x00,0x00,0x00,0x00,0x00,0x3d,0x24,0x3e,0x93,0x86,0x86,0x86,0x81,0x82,0x84,0x84,0x07,0x51,0x12,0x00,0x1e,0x68,0xb2,0x95,0x81,0x81,0x86,0x86,0x86,0x81,0x84,0x25,0x6f,0x0d,0x00,0x05,0x00,0x00,0x00,0x00,0x00,0x00,0x00,0x00,0x00,0x00,0x00,0x00,0x00,0x00,0x00,0x00,0x00,0x00,0x00,0x00,0x00,0x00,0x00,0x00,0x00,0x00,0x00,0x00,0x00,0x00,0x00,0x00,0x00,0x00,0x00,0x00,0x00,0x00,0x00,0x00,0x00,0x00,0x00,0x00,0x00,0x00,0x00,0x00,0x00,0x00,0x00,0x00,0x00,
    0x00,0x00,0x00,0x00,0x00,0x00,0x00,0x00,0x00,0x00,0x00,0x00,0x00,0x00,0x00,0x00,0x00,0x00,0x00,0x00,0x00,0x00,0x00,0x00,0x00,0x00,0x00,0x00,0x00,0x00,0x00,0x00,0x00,0x00,0x00,0x00,0x00,0x00,0x00,0x00,0x00,0x00,0x00,0x00,0x00,0x00,0x00,0x00,0x00,0x00,0x00,0x00,0x00,0x00,0x00,0x00,0x00,0x00,0x0c,0x00,0x1f,0x23,0xae,0x82,0x81,0x82,0x84,0x82,0x82,0x82,0x86,0x32,0x33,0x3d,0x00,0x1e,0x17,0x15,0x86,0x84,0x84,0x81,0x82,0x82,0x84,0x84,0x93,0x51,0x1f,0x00,0x05,0x00,0x00,0x00,0x00,0x00,0x00,0x00,0x00,0x00,0x00,0x00,0x00,0x00,0x00,0x00,0x00,0x00,0x00,0x00,0x00,0x00,0x00,0x00,0x00,0x00,0x00,0x00,0x00,0x00,0x00,0x00,0x00,0x00,0x00,0x00,0x00,0x00,0x00,0x00,0x00,0x00,0x00,0x00,0x00,0x00,0x00,0x00,0x00,0x00,0x00,0x00,0x00,0x00,
    0x00,0x00,0x00,0x00,0x00,0x00,0x00,0x00,0x00,0x00,0x00,0x00,0x00,0x00,0x00,0x00,0x00,0x00,0x00,0x00,0x00,0x00,0x00,0x00,0x00,0x00,0x00,0x00,0x00,0x00,0x00,0x00,0x00,0x00,0x00,0x00,0x00,0x00,0x00,0x00,0x00,0x00,0x00,0x00,0x00,0x00,0x00,0x00,0x00,0x00,0x00,0x00,0x00,0x00,0x00,0x00,0x00,0x00,0x0c,0x00,0x1e,0x1a,0x84,0x86,0x84,0x82,0x81,0x86,0x86,0x81,0x95,0x32,0x6b,0x05,0x00,0x1b,0x24,0x0e,0x93,0x07,0x84,0x81,0x81,0x82,0x82,0x7d,0x15,0x1a,0x12,0x00,0x05,0x00,0x00,0x00,0x00,0x00,0x00,0x00,0x00,0x00,0x00,0x00,0x00,0x00,0x00,0x00,0x00,0x00,0x00,0x00,0x00,0x00,0x00,0x00,0x00,0x00,0x00,0x00,0x00,0x00,0x00,0x00,0x00,0x00,0x00,0x00,0x00,0x00,0x00,0x00,0x00,0x00,0x00,0x00,0x00,0x00,0x00,0x00,0x00,0x00,0x00,0x00,0x00,0x00,
    0x00,0x00,0x00,0x00,0x00,0x00,0x00,0x00,0x00,0x00,0x00,0x00,0x00,0x00,0x00,0x00,0x00,0x00,0x00,0x00,0x00,0x00,0x00,0x00,0x00,0x00,0x00,0x00,0x00,0x00,0x00,0x00,0x00,0x00,0x00,0x00,0x00,0x00,0x00,0x00,0x00,0x00,0x00,0x00,0x00,0x00,0x00,0x00,0x00,0x00,0x00,0x00,0x00,0x00,0x00,0x00,0x00,0x00,0x0c,0x01,0x12,0x38,0xbb,0x95,0x82,0x81,0x86,0x86,0x86,0x86,0x86,0x16,0x20,0x05,0x00,0x3d,0x24,0x25,0x95,0x84,0x84,0x81,0x81,0x86,0x81,0x86,0xae,0x3c,0x12,0x00,0x05,0x00,0x00,0x00,0x00,0x00,0x00,0x00,0x00,0x00,0x00,0x00,0x00,0x00,0x00,0x00,0x00,0x00,0x00,0x00,0x00,0x00,0x00,0x00,0x00,0x00,0x00,0x00,0x00,0x00,0x00,0x00,0x00,0x00,0x00,0x00,0x00,0x00,0x00,0x00,0x00,0x00,0x00,0x00,0x00,0x00,0x00,0x00,0x00,0x00,0x00,0x00,0x00,0x00,
    0x00,0x00,0x00,0x00,0x00,0x00,0x00,0x00,0x00,0x00,0x00,0x00,0x00,0x00,0x00,0x00,0x00,0x00,0x00,0x00,0x00,0x00,0x00,0x00,0x00,0x00,0x00,0x00,0x00,0x00,0x00,0x00,0x00,0x00,0x00,0x00,0x00,0x00,0x00,0x00,0x00,0x00,0x00,0x00,0x00,0x00,0x00,0x00,0x00,0x00,0x00,0x00,0x00,0x00,0x00,0x00,0x00,0x00,0x01,0x0c,0x0d,0x1a,0xc5,0x86,0x84,0x82,0x86,0x86,0x81,0x93,0x15,0x44,0x6b,0x01,0x00,0x30,0x20,0x49,0x81,0x84,0x84,0x84,0x84,0x86,0x86,0x81,0x93,0x3c,0x0d,0x0c,0x02,0x00,0x00,0x00,0x00,0x00,0x00,0x00,0x00,0x00,0x00,0x00,0x00,0x00,0x00,0x00,0x00,0x00,0x00,0x00,0x00,0x00,0x00,0x00,0x00,0x00,0x00,0x00,0x00,0x00,0x00,0x00,0x00,0x00,0x00,0x00,0x00,0x00,0x00,0x00,0x00,0x00,0x00,0x00,0x00,0x00,0x00,0x00,0x00,0x00,0x00,0x00,0x00,0x00,
    0x00,0x00,0x00,0x00,0x00,0x00,0x00,0x00,0x00,0x00,0x00,0x00,0x00,0x00,0x00,0x00,0x00,0x00,0x00,0x00,0x00,0x00,0x00,0x00,0x00,0x00,0x00,0x00,0x00,0x00,0x00,0x00,0x00,0x00,0x00,0x00,0x00,0x00,0x00,0x00,0x00,0x00,0x00,0x00,0x00,0x00,0x00,0x00,0x00,0x00,0x00,0x00,0x00,0x00,0x00,0x00,0x00,0x00,0x05,0x00,0x33,0x49,0x81,0x86,0x82,0x84,0x81,0x86,0x81,0x95,0xae,0x53,0x1e,0x00,0x0c,0x0c,0x2a,0x5d,0x15,0x86,0x84,0x84,0x81,0x86,0x86,0x81,0x95,0x66,0x2d,0x00,0x0c,0x00,0x00,0x00,0x00,0x00,0x00,0x00,0x00,0x00,0x00,0x00,0x00,0x00,0x00,0x00,0x00,0x00,0x00,0x00,0x00,0x00,0x00,0x00,0x00,0x00,0x00,0x00,0x00,0x00,0x00,0x00,0x00,0x00,0x00,0x00,0x00,0x00,0x00,0x00,0x00,0x00,0x00,0x00,0x00,0x00,0x00,0x00,0x00,0x00,0x00,0x00,0x00,0x00,
    0x00,0x00,0x00,0x00,0x00,0x00,0x00,0x00,0x00,0x00,0x00,0x00,0x00,0x00,0x00,0x00,0x00,0x00,0x00,0x00,0x00,0x00,0x00,0x00,0x00,0x00,0x00,0x00,0x00,0x00,0x00,0x00,0x00,0x00,0x00,0x00,0x00,0x00,0x00,0x00,0x00,0x00,0x00,0x00,0x00,0x00,0x00,0x00,0x00,0x00,0x00,0x00,0x00,0x00,0x00,0x00,0x00,0x00,0x05,0x00,0x33,0x15,0x84,0x84,0x84,0x84,0x82,0x86,0x86,0x86,0x84,0x48,0x22,0x00,0x30,0x00,0x3f,0x53,0xc5,0x93,0x81,0x82,0x81,0x86,0x86,0x07,0x7d,0x07,0x2d,0x03,0x0c,0x00,0x00,0x00,0x00,0x00,0x00,0x00,0x00,0x00,0x00,0x00,0x00,0x00,0x00,0x00,0x00,0x00,0x00,0x00,0x00,0x00,0x00,0x00,0x00,0x00,0x00,0x00,0x00,0x00,0x00,0x00,0x00,0x00,0x00,0x00,0x00,0x00,0x00,0x00,0x00,0x00,0x00,0x00,0x00,0x00,0x00,0x00,0x00,0x00,0x00,0x00,0x00,0x00,
    0x00,0x00,0x00,0x00,0x00,0x00,0x00,0x00,0x00,0x00,0x00,0x00,0x00,0x00,0x00,0x00,0x00,0x00,0x00,0x00,0x00,0x00,0x00,0x00,0x00,0x00,0x00,0x00,0x00,0x00,0x00,0x00,0x00,0x00,0x00,0x00,0x00,0x00,0x00,0x00,0x00,0x00,0x00,0x00,0x00,0x00,0x00,0x00,0x00,0x00,0x00,0x00,0x00,0x00,0x00,0x00,0x00,0x00,0x03,0x0c,0x29,0x50,0xc9,0x84,0x07,0x07,0x07,0x82,0x82,0x82,0x81,0x23,0x0d,0x0c,0x03,0x00,0x72,0x4d,0x90,0x82,0x82,0x82,0x07,0x84,0x82,0x86,0x86,0x50,0x42,0x00,0x01,0x00,0x00,0x00,0x00,0x00,0x00,0x00,0x00,0x00,0x00,0x00,0x00,0x00,0x00,0x00,0x00,0x00,0x00,0x00,0x00,0x00,0x00,0x00,0x00,0x00,0x00,0x00,0x00,0x00,0x00,0x00,0x00,0x00,0x00,0x00,0x00,0x00,0x00,0x00,0x00,0x00,0x00,0x00,0x00,0x00,0x00,0x00,0x00,0x00,0x00,0x00,0x00,0x00,
    0x00,0x00,0x00,0x00,0x00,0x00,0x00,0x00,0x00,0x00,0x00,0x00,0x00,0x00,0x00,0x00,0x00,0x00,0x00,0x00,0x00,0x00,0x00,0x00,0x00,0x00,0x00,0x00,0x00,0x00,0x00,0x00,0x00,0x00,0x00,0x00,0x00,0x00,0x00,0x00,0x00,0x00,0x00,0x00,0x00,0x00,0x00,0x00,0x00,0x00,0x00,0x00,0x00,0x00,0x00,0x00,0x00,0x03,0x00,0x42,0x83,0x96,0x0e,0x95,0x90,0x8e,0x8e,0x8e,0x90,0x8e,0xc0,0x19,0x5b,0x00,0x01,0x41,0x4a,0x7e,0xbb,0x8e,0x8e,0x90,0x90,0x95,0x95,0x95,0xa2,0x89,0x83,0x29,0x00,0x03,0x00,0x00,0x00,0x00,0x00,0x00,0x00,0x00,0x00,0x00,0x00,0x00,0x00,0x00,0x00,0x00,0x00,0x00,0x00,0x00,0x00,0x00,0x00,0x00,0x00,0x00,0x00,0x00,0x00,0x00,0x00,0x00,0x00,0x00,0x00,0x00,0x00,0x00,0x00,0x00,0x00,0x00,0x00,0x00,0x00,0x00,0x00,0x00,0x00,0x00,0x00,0x00,
    0x00,0x00,0x00,0x00,0x00,0x00,0x00,0x00,0x00,0x00,0x00,0x00,0x00,0x00,0x00,0x00,0x00,0x00,0x00,0x00,0x00,0x00,0x00,0x00,0x00,0x00,0x00,0x00,0x00,0x00,0x00,0x00,0x00,0x00,0x00,0x00,0x00,0x00,0x00,0x00,0x00,0x00,0x00,0x00,0x00,0x00,0x00,0x00,0x00,0x00,0x00,0x00,0x00,0x00,0x00,0x00,0x00,0x03,0x03,0x10,0x04,0x04,0x7e,0xe6,0xc8,0xad,0xdb,0xdb,0xad,0xc4,0x9b,0x79,0x3a,0x18,0x00,0x42,0x7c,0x04,0x9b,0xc4,0xad,0xad,0xad,0xc8,0xc8,0xe6,0x80,0x04,0x7c,0x4a,0x03,0x03,0x00,0x00,0x00,0x00,0x00,0x00,0x00,0x00,0x00,0x00,0x00,0x00,0x00,0x00,0x00,0x00,0x00,0x00,0x00,0x00,0x00,0x00,0x00,0x00,0x00,0x00,0x00,0x00,0x00,0x00,0x00,0x00,0x00,0x00,0x00,0x00,0x00,0x00,0x00,0x00,0x00,0x00,0x00,0x00,0x00,0x00,0x00,0x00,0x00,0x00,0x00,0x00,
    0x00,0x00,0x00,0x00,0x00,0x00,0x00,0x00,0x00,0x00,0x00,0x00,0x00,0x00,0x00,0x00,0x00,0x00,0x00,0x00,0x00,0x00,0x00,0x00,0x00,0x00,0x00,0x00,0x00,0x00,0x00,0x00,0x00,0x00,0x00,0x00,0x00,0x00,0x00,0x00,0x00,0x00,0x00,0x00,0x00,0x00,0x00,0x00,0x00,0x00,0x00,0x00,0x00,0x00,0x00,0x00,0x03,0x00,0x06,0x79,0x7c,0x7c,0x83,0x96,0x96,0x96,0x96,0x88,0x88,0x88,0x83,0x04,0x79,0x2a,0x00,0x3b,0x04,0x1d,0x83,0x88,0x96,0x96,0x96,0x96,0x96,0x88,0x79,0x7c,0x7c,0x1d,0x21,0x00,0x01,0x00,0x00,0x00,0x00,0x00,0x00,0x00,0x00,0x00,0x00,0x00,0x00,0x00,0x00,0x00,0x00,0x00,0x00,0x00,0x00,0x00,0x00,0x00,0x00,0x00,0x00,0x00,0x00,0x00,0x00,0x00,0x00,0x00,0x00,0x00,0x00,0x00,0x00,0x00,0x00,0x00,0x00,0x00,0x00,0x00,0x00,0x00,0x00,0x00,0x00,0x00,
    0x00,0x00,0x00,0x00,0x00,0x00,0x00,0x00,0x00,0x00,0x00,0x00,0x00,0x00,0x00,0x00,0x00,0x00,0x00,0x00,0x00,0x00,0x00,0x00,0x00,0x00,0x00,0x00,0x00,0x00,0x00,0x00,0x00,0x00,0x00,0x00,0x00,0x00,0x00,0x00,0x00,0x00,0x00,0x00,0x00,0x00,0x00,0x00,0x00,0x00,0x00,0x00,0x00,0x00,0x00,0x00,0x03,0x00,0x06,0x79,0x80,0x7c,0x7c,0x80,0x80,0x80,0x80,0x80,0x80,0x80,0x7c,0x1d,0x7c,0x4b,0x00,0x10,0x7c,0x04,0x7c,0x80,0x80,0x80,0x80,0x7e,0x80,0x7c,0x7c,0x7a,0x7c,0x19,0x21,0x00,0x01,0x00,0x00,0x00,0x00,0x00,0x00,0x00,0x00,0x00,0x00,0x00,0x00,0x00,0x00,0x00,0x00,0x00,0x00,0x00,0x00,0x00,0x00,0x00,0x00,0x00,0x00,0x00,0x00,0x00,0x00,0x00,0x00,0x00,0x00,0x00,0x00,0x00,0x00,0x00,0x00,0x00,0x00,0x00,0x00,0x00,0x00,0x00,0x00,0x00,0x00,0x00,
    0x00,0x00,0x00,0x00,0x00,0x00,0x00,0x00,0x00,0x00,0x00,0x00,0x00,0x00,0x00,0x00,0x00,0x00,0x00,0x00,0x00,0x00,0x00,0x00,0x00,0x00,0x00,0x00,0x00,0x00,0x00,0x00,0x00,0x00,0x00,0x00,0x00,0x00,0x00,0x00,0x00,0x00,0x00,0x00,0x00,0x00,0x00,0x00,0x00,0x00,0x00,0x00,0x00,0x00,0x00,0x00,0x03,0x00,0x06,0x79,0x79,0x79,0x7c,0x7a,0x79,0x79,0x79,0x79,0x7a,0x7c,0x7a,0x04,0x79,0x29,0x00,0x3b,0x7c,0x1d,0x7c,0x7a,0x79,0x79,0x79,0x79,0x7a,0x7c,0x7c,0x79,0x79,0x19,0x21,0x00,0x01,0x00,0x00,0x00,0x00,0x00,0x00,0x00,0x00,0x00,0x00,0x00,0x00,0x00,0x00,0x00,0x00,0x00,0x00,0x00,0x00,0x00,0x00,0x00,0x00,0x00,0x00,0x00,0x00,0x00,0x00,0x00,0x00,0x00,0x00,0x00,0x00,0x00,0x00,0x00,0x00,0x00,0x00,0x00,0x00,0x00,0x00,0x00,0x00,0x00,0x00,0x00,
    0x00,0x00,0x00,0x00,0x00,0x00,0x00,0x00,0x00,0x00,0x00,0x00,0x00,0x00,0x00,0x00,0x00,0x00,0x00,0x00,0x00,0x00,0x00,0x00,0x00,0x00,0x00,0x00,0x00,0x00,0x00,0x00,0x00,0x00,0x00,0x00,0x00,0x00,0x00,0x00,0x00,0x00,0x00,0x00,0x00,0x00,0x00,0x00,0x00,0x00,0x00,0x00,0x00,0x00,0x00,0x00,0x03,0x00,0x06,0x79,0x79,0x79,0x96,0x89,0x79,0x7c,0x7c,0x7c,0x83,0x89,0x83,0x7c,0x79,0x06,0x00,0x10,0x7c,0x04,0x96,0x83,0x79,0x7c,0x7c,0x7c,0x83,0x89,0x83,0x80,0x7c,0x19,0x21,0x00,0x01,0x00,0x00,0x00,0x00,0x00,0x00,0x00,0x00,0x00,0x00,0x00,0x00,0x00,0x00,0x00,0x00,0x00,0x00,0x00,0x00,0x00,0x00,0x00,0x00,0x00,0x00,0x00,0x00,0x00,0x00,0x00,0x00,0x00,0x00,0x00,0x00,0x00,0x00,0x00,0x00,0x00,0x00,0x00,0x00,0x00,0x00,0x00,0x00,0x00,0x00,0x00,
    0x00,0x00,0x00,0x00,0x00,0x00,0x00,0x00,0x00,0x00,0x00,0x00,0x00,0x00,0x00,0x00,0x00,0x00,0x00,0x00,0x00,0x00,0x00,0x00,0x00,0x00,0x00,0x00,0x00,0x00,0x00,0x00,0x00,0x00,0x00,0x00,0x00,0x00,0x00,0x00,0x00,0x00,0x00,0x00,0x00,0x00,0x00,0x00,0x00,0x00,0x00,0x00,0x00,0x00,0x00,0x00,0x03,0x00,0x06,0x79,0x79,0x7a,0xf3,0xaf,0x80,0x89,0x88,0x89,0x7e,0xaf,0xf3,0x80,0x7c,0x06,0x00,0x5b,0x96,0xca,0xce,0x7e,0x7c,0x96,0x96,0x79,0x7e,0xca,0xa1,0x7c,0x7e,0x19,0x21,0x00,0x01,0x00,0x00,0x00,0x00,0x00,0x00,0x00,0x00,0x00,0x00,0x00,0x00,0x00,0x00,0x00,0x00,0x00,0x00,0x00,0x00,0x00,0x00,0x00,0x00,0x00,0x00,0x00,0x00,0x00,0x00,0x00,0x00,0x00,0x00,0x00,0x00,0x00,0x00,0x00,0x00,0x00,0x00,0x00,0x00,0x00,0x00,0x00,0x00,0x00,0x00,0x00,
    0x00,0x00,0x00,0x00,0x00,0x00,0x00,0x00,0x00,0x00,0x00,0x00,0x00,0x00,0x00,0x00,0x00,0x00,0x00,0x00,0x00,0x00,0x00,0x00,0x00,0x00,0x00,0x00,0x00,0x00,0x00,0x00,0x00,0x00,0x00,0x00,0x00,0x00,0x00,0x00,0x00,0x00,0x00,0x00,0x00,0x00,0x00,0x00,0x00,0x00,0x00,0x00,0x00,0x00,0x00,0x00,0x03,0x00,0x06,0x79,0x79,0x7c,0xca,0xca,0xa1,0xa1,0xba,0xa1,0xa1,0xa4,0xaf,0x7e,0x7e,0x06,0x00,0x2a,0x89,0xb3,0xa4,0xa4,0xa1,0xba,0xa4,0xa1,0xa1,0xba,0xca,0x80,0x7e,0x19,0x21,0x00,0x01,0x00,0x00,0x00,0x00,0x00,0x00,0x00,0x00,0x00,0x00,0x00,0x00,0x00,0x00,0x00,0x00,0x00,0x00,0x00,0x00,0x00,0x00,0x00,0x00,0x00,0x00,0x00,0x00,0x00,0x00,0x00,0x00,0x00,0x00,0x00,0x00,0x00,0x00,0x00,0x00,0x00,0x00,0x00,0x00,0x00,0x00,0x00,0x00,0x00,0x00,0x00,
    0x00,0x00,0x00,0x00,0x00,0x00,0x00,0x00,0x00,0x00,0x00,0x00,0x00,0x00,0x00,0x00,0x00,0x00,0x00,0x00,0x00,0x00,0x00,0x00,0x00,0x00,0x00,0x00,0x00,0x00,0x00,0x00,0x00,0x00,0x00,0x00,0x00,0x00,0x00,0x00,0x00,0x00,0x00,0x00,0x00,0x00,0x00,0x00,0x00,0x00,0x00,0x00,0x00,0x00,0x00,0x00,0x03,0x00,0x06,0x79,0x79,0x7a,0x88,0x88,0xca,0xd3,0xce,0xd8,0xc3,0x7e,0x80,0x80,0x7c,0x06,0x00,0x42,0x7c,0x04,0x88,0x9b,0xf2,0xf2,0xf2,0xf2,0x9c,0x96,0x83,0x80,0x7c,0x19,0x21,0x00,0x01,0x00,0x00,0x00,0x00,0x00,0x00,0x00,0x00,0x00,0x00,0x00,0x00,0x00,0x00,0x00,0x00,0x00,0x00,0x00,0x00,0x00,0x00,0x00,0x00,0x00,0x00,0x00,0x00,0x00,0x00,0x00,0x00,0x00,0x00,0x00,0x00,0x00,0x00,0x00,0x00,0x00,0x00,0x00,0x00,0x00,0x00,0x00,0x00,0x00,0x00,0x00,
    0x00,0x00,0x00,0x00,0x00,0x00,0x00,0x00,0x00,0x00,0x00,0x00,0x00,0x00,0x00,0x00,0x00,0x00,0x00,0x00,0x00,0x00,0x00,0x00,0x00,0x00,0x00,0x00,0x00,0x00,0x00,0x00,0x00,0x00,0x00,0x00,0x00,0x00,0x00,0x00,0x00,0x00,0x00,0x00,0x00,0x00,0x00,0x00,0x00,0x00,0x00,0x00,0x00,0x00,0x00,0x00,0x03,0x00,0x06,0x79,0x7c,0x83,0xaf,0xd8,0xa1,0x9c,0x88,0x9c,0xa1,0xd8,0xb3,0x89,0x79,0x06,0x00,0x42,0x7c,0x0f,0xa1,0xd8,0xc3,0x89,0x96,0xc3,0xd8,0xce,0x9c,0x83,0x7a,0x19,0x21,0x00,0x01,0x00,0x00,0x00,0x00,0x00,0x00,0x00,0x00,0x00,0x00,0x00,0x00,0x00,0x00,0x00,0x00,0x00,0x00,0x00,0x00,0x00,0x00,0x00,0x00,0x00,0x00,0x00,0x00,0x00,0x00,0x00,0x00,0x00,0x00,0x00,0x00,0x00,0x00,0x00,0x00,0x00,0x00,0x00,0x00,0x00,0x00,0x00,0x00,0x00,0x00,0x00,
    0x00,0x00,0x00,0x00,0x00,0x00,0x00,0x00,0x00,0x00,0x00,0x00,0x00,0x00,0x00,0x00,0x00,0x00,0x00,0x00,0x00,0x00,0x00,0x00,0x00,0x00,0x00,0x00,0x00,0x00,0x00,0x00,0x00,0x00,0x00,0x00,0x00,0x00,0x00,0x00,0x00,0x00,0x00,0x00,0x00,0x00,0x00,0x00,0x00,0x00,0x00,0x00,0x00,0x00,0x00,0x00,0x03,0x00,0x06,0x79,0x7c,0x83,0xa4,0xa4,0xa1,0x9c,0x96,0xaf,0xce,0xba,0xaf,0x89,0x7a,0x06,0x00,0x2a,0x83,0x9b,0xa4,0xa4,0xba,0x9b,0x79,0xa4,0xa1,0xba,0xaf,0x89,0x7c,0x19,0x18,0x00,0x01,0x00,0x00,0x00,0x00,0x00,0x00,0x00,0x00,0x00,0x00,0x00,0x00,0x00,0x00,0x00,0x00,0x00,0x00,0x00,0x00,0x00,0x00,0x00,0x00,0x00,0x00,0x00,0x00,0x00,0x00,0x00,0x00,0x00,0x00,0x00,0x00,0x00,0x00,0x00,0x00,0x00,0x00,0x00,0x00,0x00,0x00,0x00,0x00,0x00,0x00,0x00,
    0x00,0x00,0x00,0x00,0x00,0x00,0x00,0x00,0x00,0x00,0x00,0x00,0x00,0x00,0x00,0x00,0x00,0x00,0x00,0x00,0x00,0x00,0x00,0x00,0x00,0x00,0x00,0x00,0x00,0x00,0x00,0x00,0x00,0x00,0x00,0x00,0x00,0x00,0x00,0x00,0x00,0x00,0x00,0x00,0x00,0x00,0x00,0x00,0x00,0x00,0x00,0x00,0x00,0x00,0x00,0x00,0x03,0x00,0x06,0x79,0x79,0x7c,0x89,0x96,0xaf,0xd3,0xea,0xd3,0xaf,0x96,0x89,0x7c,0x79,0x06,0x00,0x1c,0x7c,0x04,0x88,0x7a,0xba,0xea,0xea,0xce,0x7e,0x88,0x89,0x7c,0x7a,0x1d,0x06,0x00,0x03,0x00,0x00,0x00,0x00,0x00,0x00,0x00,0x00,0x00,0x00,0x00,0x00,0x00,0x00,0x00,0x00,0x00,0x00,0x00,0x00,0x00,0x00,0x00,0x00,0x00,0x00,0x00,0x00,0x00,0x00,0x00,0x00,0x00,0x00,0x00,0x00,0x00,0x00,0x00,0x00,0x00,0x00,0x00,0x00,0x00,0x00,0x00,0x00,0x00,0x00,0x00,
    0x00,0x00,0x00,0x00,0x00,0x00,0x00,0x00,0x00,0x00,0x00,0x00,0x00,0x00,0x00,0x00,0x00,0x00,0x00,0x00,0x00,0x00,0x00,0x00,0x00,0x00,0x00,0x00,0x00,0x00,0x00,0x00,0x00,0x00,0x00,0x00,0x00,0x00,0x00,0x00,0x00,0x00,0x00,0x00,0x00,0x00,0x00,0x00,0x00,0x00,0x00,0x00,0x00,0x00,0x00,0x00,0x03,0x00,0x2a,0x79,0x7a,0x7a,0x7c,0x7e,0xa4,0xce,0xa4,0xce,0xba,0x7c,0x79,0x7a,0x79,0x06,0x00,0x10,0x7c,0x1d,0x83,0x9c,0xce,0xa1,0xa4,0xd8,0xca,0x7c,0x7c,0x79,0x04,0x79,0x29,0x00,0x03,0x00,0x00,0x00,0x00,0x00,0x00,0x00,0x00,0x00,0x00,0x00,0x00,0x00,0x00,0x00,0x00,0x00,0x00,0x00,0x00,0x00,0x00,0x00,0x00,0x00,0x00,0x00,0x00,0x00,0x00,0x00,0x00,0x00,0x00,0x00,0x00,0x00,0x00,0x00,0x00,0x00,0x00,0x00,0x00,0x00,0x00,0x00,0x00,0x00,0x00,0x00,
    0x00,0x00,0x00,0x00,0x00,0x00,0x00,0x00,0x00,0x00,0x00,0x00,0x00,0x00,0x00,0x00,0x00,0x00,0x00,0x00,0x00,0x00,0x00,0x00,0x00,0x00,0x00,0x00,0x00,0x00,0x00,0x00,0x00,0x00,0x00,0x00,0x00,0x00,0x00,0x00,0x00,0x00,0x00,0x00,0x00,0x00,0x00,0x00,0x00,0x00,0x00,0x00,0x00,0x00,0x00,0x00,0x03,0x00,0x1c,0x7a,0x1d,0x83,0x9c,0xd8,0xa1,0x96,0x88,0x7c,0xce,0xd3,0x7e,0x83,0x79,0x06,0x00,0x3b,0x7c,0x04,0xf4,0xea,0xc3,0x88,0x88,0x9c,0xd3,0xd3,0x7e,0x83,0x04,0x79,0x29,0x00,0x03,0x00,0x00,0x00,0x00,0x00,0x00,0x00,0x00,0x00,0x00,0x00,0x00,0x00,0x00,0x00,0x00,0x00,0x00,0x00,0x00,0x00,0x00,0x00,0x00,0x00,0x00,0x00,0x00,0x00,0x00,0x00,0x00,0x00,0x00,0x00,0x00,0x00,0x00,0x00,0x00,0x00,0x00,0x00,0x00,0x00,0x00,0x00,0x00,0x00,0x00,0x00,
    0x00,0x00,0x00,0x00,0x00,0x00,0x00,0x00,0x00,0x00,0x00,0x00,0x00,0x00,0x00,0x00,0x00,0x00,0x00,0x00,0x00,0x00,0x00,0x00,0x00,0x00,0x00,0x00,0x00,0x00,0x00,0x00,0x00,0x00,0x00,0x00,0x00,0x00,0x00,0x00,0x00,0x00,0x00,0x00,0x00,0x00,0x00,0x00,0x00,0x00,0x00,0x00,0x00,0x00,0x00,0x00,0x03,0x00,0x1c,0x7a,0x1d,0x79,0x80,0xb3,0xa1,0xba,0xc3,0xa1,0xa1,0xaf,0x80,0x79,0x7a,0x2a,0x00,0x10,0x80,0x0f,0x9c,0xa4,0xa1,0xca,0xc3,0xa1,0xa1,0xaf,0x80,0x79,0x04,0x79,0x29,0x00,0x03,0x00,0x00,0x00,0x00,0x00,0x00,0x00,0x00,0x00,0x00,0x00,0x00,0x00,0x00,0x00,0x00,0x00,0x00,0x00,0x00,0x00,0x00,0x00,0x00,0x00,0x00,0x00,0x00,0x00,0x00,0x00,0x00,0x00,0x00,0x00,0x00,0x00,0x00,0x00,0x00,0x00,0x00,0x00,0x00,0x00,0x00,0x00,0x00,0x00,0x00,0x00,
    0x00,0x00,0x00,0x00,0x00,0x00,0x00,0x00,0x00,0x00,0x00,0x00,0x00,0x00,0x00,0x00,0x00,0x00,0x00,0x00,0x00,0x00,0x00,0x00,0x00,0x00,0x00,0x00,0x00,0x00,0x00,0x00,0x00,0x00,0x00,0x00,0x00,0x00,0x00,0x00,0x00,0x00,0x00,0x00,0x00,0x00,0x00,0x00,0x00,0x00,0x00,0x00,0x00,0x00,0x00,0x00,0x03,0x00,0x1c,0x7a,0x1d,0x7c,0x89,0x88,0xb3,0xd3,0xd3,0xce,0x9c,0x88,0x83,0x1d,0x7a,0x4b,0x00,0x10,0x7c,0x1d,0x88,0x88,0xca,0xd8,0xd3,0xa1,0x80,0x88,0x83,0x7c,0x04,0x79,0x29,0x00,0x03,0x00,0x00,0x00,0x00,0x00,0x00,0x00,0x00,0x00,0x00,0x00,0x00,0x00,0x00,0x00,0x00,0x00,0x00,0x00,0x00,0x00,0x00,0x00,0x00,0x00,0x00,0x00,0x00,0x00,0x00,0x00,0x00,0x00,0x00,0x00,0x00,0x00,0x00,0x00,0x00,0x00,0x00,0x00,0x00,0x00,0x00,0x00,0x00,0x00,0x00,0x00,
    0x00,0x00,0x00,0x00,0x00,0x00,0x00,0x00,0x00,0x00,0x00,0x00,0x00,0x00,0x00,0x00,0x00,0x00,0x00,0x00,0x00,0x00,0x00,0x00,0x00,0x00,0x00,0x00,0x00,0x00,0x00,0x00,0x00,0x00,0x00,0x00,0x00,0x00,0x00,0x00,0x00,0x00,0x00,0x00,0x00,0x00,0x00,0x00,0x00,0x00,0x00,0x00,0x00,0x00,0x00,0x00,0x03,0x01,0x1c,0x7c,0x1d,0x83,0x9c,0xa1,0xd3,0xa4,0xb3,0xba,0xd3,0xa4,0x9c,0x04,0x7c,0x4b,0x00,0x10,0x7c,0x04,0xb3,0xa1,0xd8,0xca,0xaf,0xa1,0xd8,0xa4,0x9b,0x83,0x1d,0x7c,0x40,0x00,0x03,0x00,0x00,0x00,0x00,0x00,0x00,0x00,0x00,0x00,0x00,0x00,0x00,0x00,0x00,0x00,0x00,0x00,0x00,0x00,0x00,0x00,0x00,0x00,0x00,0x00,0x00,0x00,0x00,0x00,0x00,0x00,0x00,0x00,0x00,0x00,0x00,0x00,0x00,0x00,0x00,0x00,0x00,0x00,0x00,0x00,0x00,0x00,0x00,0x00,0x00,0x00,
    0x00,0x00,0x00,0x00,0x00,0x00,0x00,0x00,0x00,0x00,0x00,0x00,0x00,0x00,0x00,0x00,0x00,0x00,0x00,0x00,0x00,0x00,0x00,0x00,0x00,0x00,0x00,0x00,0x00,0x00,0x00,0x00,0x00,0x00,0x00,0x00,0x00,0x00,0x00,0x00,0x00,0x00,0x00,0x00,0x00,0x00,0x00,0x00,0x00,0x00,0x00,0x00,0x00,0x00,0x00,0x00,0x03,0x00,0x3b,0x7c,0x1d,0x96,0xa4,0xa4,0xaf,0xa4,0xba,0xa4,0xaf,0xa4,0xca,0x83,0x7c,0x1c,0x01,0x10,0x7c,0x79,0xba,0xaf,0xaf,0xba,0xba,0xa4,0xb3,0xa4,0xaf,0x96,0x1d,0x7c,0x5b,0x00,0x03,0x00,0x00,0x00,0x00,0x00,0x00,0x00,0x00,0x00,0x00,0x00,0x00,0x00,0x00,0x00,0x00,0x00,0x00,0x00,0x00,0x00,0x00,0x00,0x00,0x00,0x00,0x00,0x00,0x00,0x00,0x00,0x00,0x00,0x00,0x00,0x00,0x00,0x00,0x00,0x00,0x00,0x00,0x00,0x00,0x00,0x00,0x00,0x00,0x00,0x00,0x00,
    0x00,0x00,0x00,0x00,0x00,0x00,0x00,0x00,0x00,0x00,0x00,0x00,0x00,0x00,0x00,0x00,0x00,0x00,0x00,0x00,0x00,0x00,0x00,0x00,0x00,0x00,0x00,0x00,0x00,0x00,0x00,0x00,0x00,0x00,0x00,0x00,0x00,0x00,0x00,0x00,0x00,0x00,0x00,0x00,0x00,0x00,0x00,0x00,0x00,0x00,0x00,0x00,0x00,0x00,0x00,0x00,0x00,0x18,0x3a,0x7a,0x04,0x7c,0x96,0x96,0x89,0x96,0x96,0x96,0x89,0x96,0x89,0x1d,0x7c,0x10,0x00,0x3a,0x79,0x7c,0x96,0x89,0x89,0x96,0x96,0x96,0x89,0x96,0x83,0x7c,0x04,0x7c,0x4a,0x00,0x03,0x00,0x00,0x00,0x00,0x00,0x00,0x00,0x00,0x00,0x00,0x00,0x00,0x00,0x00,0x00,0x00,0x00,0x00,0x00,0x00,0x00,0x00,0x00,0x00,0x00,0x00,0x00,0x00,0x00,0x00,0x00,0x00,0x00,0x00,0x00,0x00,0x00,0x00,0x00,0x00,0x00,0x00,0x00,0x00,0x00,0x00,0x00,0x00,0x00,0x00,0x00,
    0x00,0x00,0x00,0x00,0x00,0x00,0x00,0x00,0x00,0x00,0x00,0x00,0x00,0x00,0x00,0x00,0x00,0x00,0x00,0x00,0x00,0x00,0x00,0x00,0x00,0x00,0x00,0x00,0x00,0x00,0x00,0x00,0x00,0x00,0x00,0x00,0x00,0x00,0x00,0x00,0x00,0x00,0x00,0x00,0x00,0x00,0x00,0x00,0x00,0x00,0x00,0x00,0x00,0x00,0x00,0x03,0x00,0x2a,0x7a,0x04,0x79,0x79,0x7c,0x7c,0x7c,0x7c,0x7c,0x7c,0x7c,0x7c,0x7c,0x7a,0x7c,0x3a,0x29,0x7a,0x04,0x79,0x7c,0x7c,0x7c,0x7c,0x7c,0x7c,0x7c,0x7c,0x7c,0x79,0x04,0x7c,0x2c,0x00,0x03,0x00,0x00,0x00,0x00,0x00,0x00,0x00,0x00,0x00,0x00,0x00,0x00,0x00,0x00,0x00,0x00,0x00,0x00,0x00,0x00,0x00,0x00,0x00,0x00,0x00,0x00,0x00,0x00,0x00,0x00,0x00,0x00,0x00,0x00,0x00,0x00,0x00,0x00,0x00,0x00,0x00,0x00,0x00,0x00,0x00,0x00,0x00,0x00,0x00,0x00,0x00,
    0x00,0x00,0x00,0x00,0x00,0x00,0x00,0x00,0x00,0x00,0x00,0x00,0x00,0x00,0x00,0x00,0x00,0x00,0x00,0x00,0x00,0x00,0x00,0x00,0x00,0x00,0x00,0x00,0x00,0x00,0x00,0x00,0x00,0x00,0x00,0x00,0x00,0x00,0x00,0x00,0x00,0x00,0x00,0x00,0x00,0x00,0x00,0x00,0x00,0x00,0x00,0x00,0x00,0x00,0x00,0x03,0x00,0x2a,0x79,0x04,0x79,0x79,0x79,0x79,0x79,0x79,0x79,0x79,0x79,0x79,0x79,0x79,0x79,0x04,0x3b,0x79,0x7a,0x79,0x79,0x79,0x79,0x79,0x79,0x79,0x79,0x79,0x79,0x79,0x04,0x7c,0x2c,0x00,0x03,0x00,0x00,0x00,0x00,0x00,0x00,0x00,0x00,0x00,0x00,0x00,0x00,0x00,0x00,0x00,0x00,0x00,0x00,0x00,0x00,0x00,0x00,0x00,0x00,0x00,0x00,0x00,0x00,0x00,0x00,0x00,0x00,0x00,0x00,0x00,0x00,0x00,0x00,0x00,0x00,0x00,0x00,0x00,0x00,0x00,0x00,0x00,0x00,0x00,0x00,0x00,
    0x00,0x00,0x00,0x00,0x00,0x00,0x00,0x00,0x00,0x00,0x00,0x00,0x00,0x00,0x00,0x00,0x00,0x00,0x00,0x00,0x00,0x00,0x00,0x00,0x00,0x00,0x00,0x00,0x00,0x00,0x00,0x00,0x00,0x00,0x00,0x00,0x00,0x00,0x00,0x00,0x00,0x00,0x00,0x00,0x00,0x00,0x00,0x00,0x00,0x00,0x00,0x00,0x00,0x00,0x00,0x03,0x00,0x2a,0x7a,0x04,0x79,0x79,0x79,0x79,0x79,0x79,0x79,0x79,0x79,0x79,0x79,0x79,0x79,0x04,0x4a,0x79,0x79,0x79,0x79,0x79,0x79,0x79,0x79,0x79,0x79,0x79,0x79,0x79,0x04,0x7c,0x2c,0x00,0x03,0x00,0x00,0x00,0x00,0x00,0x00,0x00,0x00,0x00,0x00,0x00,0x00,0x00,0x00,0x00,0x00,0x00,0x00,0x00,0x00,0x00,0x00,0x00,0x00,0x00,0x00,0x00,0x00,0x00,0x00,0x00,0x00,0x00,0x00,0x00,0x00,0x00,0x00,0x00,0x00,0x00,0x00,0x00,0x00,0x00,0x00,0x00,0x00,0x00,0x00,0x00,
    0x00,0x00,0x00,0x00,0x00,0x00,0x00,0x00,0x00,0x00,0x00,0x00,0x00,0x00,0x00,0x00,0x00,0x00,0x00,0x00,0x00,0x00,0x00,0x00,0x00,0x00,0x00,0x00,0x00,0x00,0x00,0x00,0x00,0x00,0x00,0x00,0x00,0x00,0x00,0x00,0x00,0x00,0x00,0x00,0x00,0x00,0x00,0x00,0x00,0x00,0x00,0x00,0x00,0x00,0x00,0x03,0x00,0x42,0x79,0x04,0x79,0x79,0x79,0x79,0x79,0x79,0x79,0x79,0x79,0x79,0x79,0x79,0x79,0x79,0x83,0x79,0x79,0x79,0x79,0x79,0x79,0x79,0x79,0x79,0x79,0x79,0x79,0x79,0x04,0x7c,0x4a,0x00,0x03,0x00,0x00,0x00,0x00,0x00,0x00,0x00,0x00,0x00,0x00,0x00,0x00,0x00,0x00,0x00,0x00,0x00,0x00,0x00,0x00,0x00,0x00,0x00,0x00,0x00,0x00,0x00,0x00,0x00,0x00,0x00,0x00,0x00,0x00,0x00,0x00,0x00,0x00,0x00,0x00,0x00,0x00,0x00,0x00,0x00,0x00,0x00,0x00,0x00,0x00,0x00,
    0x00,0x00,0x00,0x00,0x00,0x00,0x00,0x00,0x00,0x00,0x00,0x00,0x00,0x00,0x00,0x00,0x00,0x00,0x00,0x00,0x00,0x00,0x00,0x00,0x00,0x00,0x00,0x00,0x00,0x00,0x00,0x00,0x00,0x00,0x00,0x00,0x00,0x00,0x00,0x00,0x00,0x00,0x00,0x00,0x00,0x00,0x00,0x00,0x00,0x00,0x00,0x00,0x00,0x00,0x00,0x01,0x00,0x41,0x19,0x04,0x7c,0x7c,0x80,0x7c,0x79,0x79,0x79,0x79,0x79,0x79,0x79,0x7c,0x7a,0x04,0x10,0x04,0x7a,0x79,0x79,0x79,0x7c,0x7c,0x7c,0x7c,0x7c,0x79,0x79,0x79,0x04,0x04,0x10,0x00,0x03,0x00,0x00,0x00,0x00,0x00,0x00,0x00,0x00,0x00,0x00,0x00,0x00,0x00,0x00,0x00,0x00,0x00,0x00,0x00,0x00,0x00,0x00,0x00,0x00,0x00,0x00,0x00,0x00,0x00,0x00,0x00,0x00,0x00,0x00,0x00,0x00,0x00,0x00,0x00,0x00,0x00,0x00,0x00,0x00,0x00,0x00,0x00,0x00,0x00,0x00,0x00,
    0x00,0x00,0x00,0x00,0x00,0x00,0x00,0x00,0x00,0x00,0x00,0x00,0x00,0x00,0x00,0x00,0x00,0x00,0x00,0x00,0x00,0x00,0x00,0x00,0x00,0x00,0x00,0x00,0x00,0x00,0x00,0x00,0x00,0x00,0x00,0x00,0x00,0x00,0x00,0x00,0x00,0x00,0x00,0x00,0x00,0x00,0x00,0x00,0x00,0x00,0x00,0x00,0x00,0x00,0x00,0x00,0x03,0x00,0x10,0x80,0x0f,0x0f,0x7e,0x7e,0x7e,0x7c,0x79,0x79,0x7c,0x7e,0x0f,0x0f,0x80,0x19,0x5b,0x80,0x0f,0x0f,0x7e,0x7e,0x7e,0x7e,0x7e,0x7e,0x7e,0x80,0x7e,0x0f,0x04,0x7a,0x42,0x00,0x03,0x00,0x00,0x00,0x00,0x00,0x00,0x00,0x00,0x00,0x00,0x00,0x00,0x00,0x00,0x00,0x00,0x00,0x00,0x00,0x00,0x00,0x00,0x00,0x00,0x00,0x00,0x00,0x00,0x00,0x00,0x00,0x00,0x00,0x00,0x00,0x00,0x00,0x00,0x00,0x00,0x00,0x00,0x00,0x00,0x00,0x00,0x00,0x00,0x00,0x00,0x00,
    0x00,0x00,0x00,0x00,0x00,0x00,0x00,0x00,0x00,0x00,0x00,0x00,0x00,0x00,0x00,0x00,0x00,0x00,0x00,0x00,0x00,0x00,0x00,0x00,0x00,0x00,0x00,0x00,0x00,0x00,0x00,0x00,0x00,0x00,0x00,0x00,0x00,0x00,0x00,0x00,0x00,0x00,0x00,0x00,0x00,0x00,0x00,0x00,0x00,0x00,0x00,0x00,0x00,0x00,0x00,0x00,0x03,0x03,0x06,0x63,0x7e,0x7e,0x7e,0x7e,0x7e,0x7e,0x80,0x80,0x7e,0x7e,0x7e,0x7e,0x04,0x5b,0x00,0x10,0x7e,0x7e,0x7e,0x7e,0x7e,0x7e,0x7e,0x7e,0x7e,0x7e,0x7e,0x7e,0x80,0x4b,0x03,0x03,0x00,0x00,0x00,0x00,0x00,0x00,0x00,0x00,0x00,0x00,0x00,0x00,0x00,0x00,0x00,0x00,0x00,0x00,0x00,0x00,0x00,0x00,0x00,0x00,0x00,0x00,0x00,0x00,0x00,0x00,0x00,0x00,0x00,0x00,0x00,0x00,0x00,0x00,0x00,0x00,0x00,0x00,0x00,0x00,0x00,0x00,0x00,0x00,0x00,0x00,0x00,0x00,
    0x00,0x00,0x00,0x00,0x00,0x00,0x00,0x00,0x00,0x00,0x00,0x00,0x00,0x00,0x00,0x00,0x00,0x00,0x00,0x00,0x00,0x00,0x00,0x00,0x00,0x00,0x00,0x00,0x00,0x00,0x00,0x00,0x00,0x00,0x00,0x00,0x00,0x00,0x00,0x00,0x00,0x00,0x00,0x00,0x00,0x00,0x00,0x00,0x00,0x00,0x00,0x00,0x00,0x00,0x00,0x00,0x00,0x01,0x00,0x18,0x40,0x10,0x3a,0x80,0x7c,0x7c,0x7c,0x7c,0x7c,0x80,0x4a,0x3b,0x06,0x00,0x03,0x00,0x40,0x10,0x3a,0x9b,0x7c,0x7c,0x7a,0x79,0x7e,0x7e,0x4a,0x29,0x2a,0x00,0x01,0x00,0x00,0x00,0x00,0x00,0x00,0x00,0x00,0x00,0x00,0x00,0x00,0x00,0x00,0x00,0x00,0x00,0x00,0x00,0x00,0x00,0x00,0x00,0x00,0x00,0x00,0x00,0x00,0x00,0x00,0x00,0x00,0x00,0x00,0x00,0x00,0x00,0x00,0x00,0x00,0x00,0x00,0x00,0x00,0x00,0x00,0x00,0x00,0x00,0x00,0x00,0x00,0x00,
    0x00,0x00,0x00,0x00,0x00,0x00,0x00,0x00,0x00,0x00,0x00,0x00,0x00,0x00,0x00,0x00,0x00,0x00,0x00,0x00,0x00,0x00,0x00,0x00,0x00,0x00,0x00,0x00,0x00,0x00,0x00,0x00,0x00,0x00,0x00,0x00,0x00,0x00,0x00,0x00,0x00,0x00,0x00,0x00,0x00,0x00,0x00,0x00,0x00,0x00,0x00,0x00,0x00,0x00,0x00,0x00,0x00,0x00,0x03,0x00,0x00,0x00,0x41,0x06,0x06,0x06,0x06,0x06,0x06,0x06,0x00,0x00,0x00,0x03,0x00,0x03,0x00,0x00,0x21,0x06,0x06,0x06,0x06,0x06,0x06,0x06,0x00,0x00,0x00,0x01,0x00,0x00,0x00,0x00,0x00,0x00,0x00,0x00,0x00,0x00,0x00,0x00,0x00,0x00,0x00,0x00,0x00,0x00,0x00,0x00,0x00,0x00,0x00,0x00,0x00,0x00,0x00,0x00,0x00,0x00,0x00,0x00,0x00,0x00,0x00,0x00,0x00,0x00,0x00,0x00,0x00,0x00,0x00,0x00,0x00,0x00,0x00,0x00,0x00,0x00,0x00,0x00,0x00,0x00,
    0x00,0x00,0x00,0x00,0x00,0x00,0x00,0x00,0x00,0x00,0x00,0x00,0x00,0x00,0x00,0x00,0x00,0x00,0x00,0x00,0x00,0x00,0x00,0x00,0x00,0x00,0x00,0x00,0x00,0x00,0x00,0x00,0x00,0x00,0x00,0x00,0x00,0x00,0x00,0x00,0x00,0x00,0x00,0x00,0x00,0x00,0x00,0x00,0x00,0x00,0x00,0x00,0x00,0x00,0x00,0x00,0x00,0x00,0x00,0x01,0x03,0x03,0x00,0x00,0x00,0x00,0x00,0x00,0x00,0x00,0x01,0x03,0x03,0x00,0x00,0x00,0x03,0x03,0x00,0x00,0x00,0x00,0x00,0x00,0x00,0x00,0x00,0x03,0x03,0x00,0x00,0x00,0x00,0x00,0x00,0x00,0x00,0x00,0x00,0x00,0x00,0x00,0x00,0x00,0x00,0x00,0x00,0x00,0x00,0x00,0x00,0x00,0x00,0x00,0x00,0x00,0x00,0x00,0x00,0x00,0x00,0x00,0x00,0x00,0x00,0x00,0x00,0x00,0x00,0x00,0x00,0x00,0x00,0x00,0x00,0x00,0x00,0x00,0x00,0x00,0x00,0x00,0x00,0x00,

};

const lv_image_dsc_t passport_pet_waiting_3 = {
  .header = {
    .magic = LV_IMAGE_HEADER_MAGIC,
    .cf = LV_COLOR_FORMAT_I8,
    .flags = 0,
    .w = 144,
    .h = 156,
    .stride = 144,
    .reserved_2 = 0,
  },
  .data_size = sizeof(passport_pet_waiting_3_map),
  .data = passport_pet_waiting_3_map,
  .reserved = NULL,
};
