
#if defined(LV_LVGL_H_INCLUDE_SIMPLE)
#include "lvgl.h"
#elif defined(LV_LVGL_H_INCLUDE_SYSTEM)
#include <lvgl.h>
#elif defined(LV_BUILD_TEST)
#include "../lvgl.h"
#else
#include "lvgl/lvgl.h"
#endif

#ifndef LV_ATTRIBUTE_MEM_ALIGN
#define LV_ATTRIBUTE_MEM_ALIGN
#endif

#ifndef LV_ATTRIBUTE_PASSPORT_PET_IDLE_0
#define LV_ATTRIBUTE_PASSPORT_PET_IDLE_0
#endif

static const
LV_ATTRIBUTE_MEM_ALIGN LV_ATTRIBUTE_LARGE_CONST LV_ATTRIBUTE_PASSPORT_PET_IDLE_0
uint8_t passport_pet_idle_0_map[] = {

    0x4c,0x70,0x47,0x00,0x28,0x10,0x1c,0x01,0xac,0xba,0xb6,0x01,0xaf,0xc0,0xc1,0x03,
    0x07,0x06,0x08,0x03,0x5d,0x60,0x5f,0x03,0x14,0x12,0x14,0xfd,0x15,0x14,0x15,0xfc,
    0x2a,0x26,0x29,0xfd,0x0e,0x0e,0x10,0x25,0x1e,0x19,0x16,0x0c,0x68,0x8e,0xaf,0x03,
    0x0d,0x0b,0x0c,0xdd,0x12,0x11,0x13,0x60,0x8c,0x99,0xa9,0xff,0xed,0xf4,0xfc,0xfe,
    0x4b,0x3f,0x39,0x07,0x92,0xaf,0xc9,0xfe,0x0d,0x0c,0x0d,0xfa,0x0b,0x09,0x0b,0x49,
    0x55,0x30,0x35,0xfe,0x1b,0x19,0x17,0x18,0x0d,0x0b,0x0c,0xef,0x9f,0xbc,0xd1,0xfe,
    0x1d,0x1b,0x1b,0x38,0x6c,0x7f,0x93,0xfd,0x0d,0x0c,0x0e,0x84,0xc2,0xd5,0xeb,0xfe,
    0x7a,0x86,0x95,0xfd,0xa6,0xce,0xda,0x06,0x54,0x5f,0x6a,0x8b,0x0c,0x0a,0x0b,0xa8,
    0xcd,0x78,0x07,0xfd,0x7c,0x8c,0x99,0x0f,0x9c,0xb3,0xc3,0xd4,0x92,0xab,0xc1,0xfa,
    0x71,0x82,0x8d,0x59,0x4f,0x56,0x60,0xb6,0x74,0x62,0x48,0x16,0x08,0x07,0x08,0xbe,
    0x0e,0x0d,0x10,0x6e,0xb6,0xd5,0xe5,0xc0,0x0f,0x0e,0x10,0x9a,0xbf,0xc9,0xd6,0xfd,
    0x90,0xa4,0xb4,0x82,0x88,0x9e,0xad,0xa1,0x74,0x86,0x94,0x21,0x78,0x7e,0x89,0xfc,
    0xa7,0xbf,0xcd,0x43,0xda,0xe3,0xef,0xfd,0xa4,0xb8,0xcd,0xfc,0x4b,0x49,0x49,0x6c,
    0x42,0x41,0x43,0x55,0x9a,0xb1,0xbf,0x9f,0x8e,0xa0,0xaf,0xe0,0x53,0x5e,0x6f,0xfe,
    0xc6,0xdc,0xe7,0x15,0x74,0x63,0x47,0x29,0x96,0xad,0xbc,0x25,0xaf,0xd0,0xe2,0xd9,
    0x0c,0x0a,0x0c,0xcc,0x58,0x63,0x71,0xd7,0x15,0x12,0x14,0xbe,0x42,0x48,0x50,0x92,
    0x61,0x6e,0x7a,0x76,0x7c,0x8b,0x9d,0xa2,0xa8,0xc3,0xd2,0x61,0x81,0x98,0xa6,0x6d,
    0xbc,0xdb,0xea,0x84,0xb5,0xce,0xdd,0xa2,0x6c,0x77,0x86,0xfa,0x8e,0x55,0x15,0xfc,
    0x7d,0x8d,0xa1,0xe2,0x53,0x5f,0x6b,0x3f,0x7b,0x8d,0x9b,0xc6,0x8b,0x9f,0xaf,0x3f,
    0x7d,0x96,0xdd,0xfd,0x6a,0x7b,0x88,0x9f,0x66,0x79,0x8e,0xd1,0xb2,0x6e,0x0d,0x9d,
    0xa0,0x5e,0x07,0xbf,0x81,0x99,0xab,0xc0,0xa5,0xbe,0xcd,0x83,0x9c,0x5d,0x06,0x3e,
    0x78,0x8c,0x98,0x31,0xae,0xcb,0xd9,0x2a,0x4a,0x4d,0x53,0xd4,0x3c,0x39,0x3a,0xbf,
    0x16,0x14,0x17,0xda,0x7a,0x92,0xa6,0xf6,0x9f,0xbe,0xd3,0xe7,0x55,0x63,0x6f,0xed,
    0x3d,0x48,0x64,0xfd,0xc1,0x72,0x04,0x66,0xaf,0xd7,0xeb,0xde,0x75,0x8d,0xc4,0xfd,
    0xec,0x94,0x05,0xc7,0xc1,0x76,0x08,0xd6,0xb3,0x6a,0x07,0xf0,0xa5,0xbf,0xd2,0xde,
    0xed,0x94,0x07,0x9a,0xff,0x9f,0x07,0x65,0x15,0x14,0x15,0xff,0xd1,0xe5,0xfb,0xff,
    0x16,0x15,0x16,0xff,0xbc,0xe1,0xfa,0xff,0x0e,0x0d,0x0e,0xff,0x0a,0x09,0x0b,0xff,
    0x0c,0x0b,0x0c,0xff,0x13,0x12,0x13,0xff,0x10,0x0f,0x10,0xff,0xcf,0xe4,0xfa,0xff,
    0xf2,0x96,0x01,0xff,0x04,0x05,0x08,0xff,0xd1,0xe7,0xfb,0xff,0x18,0x16,0x17,0xff,
    0xba,0xdf,0xf9,0xff,0xd5,0xe7,0xfa,0xff,0x08,0x07,0x09,0xff,0xcf,0xe2,0xf8,0xff,
    0xf6,0x9a,0x02,0xff,0xd6,0xe9,0xfe,0xff,0xf0,0x94,0x01,0xff,0xc3,0xe3,0xfb,0xff,
    0x24,0x20,0x24,0xff,0x01,0x01,0x02,0xff,0xd9,0xec,0xfe,0xff,0xdb,0xef,0xff,0xff,
    0x27,0x1a,0x1c,0xff,0xc9,0xe3,0xfa,0xff,0xdb,0xe9,0xfa,0xff,0xb6,0xdc,0xf5,0xff,
    0xe5,0xf0,0xfd,0xff,0xcb,0xd8,0xf5,0xff,0xe4,0xec,0xf8,0xff,0xbe,0xe3,0xfb,0xff,
    0xed,0x90,0x02,0xff,0x12,0x10,0x11,0xff,0xad,0xc5,0xd8,0xff,0xab,0xbf,0xd2,0xff,
    0xbf,0xe1,0xf9,0xff,0xfb,0xff,0xff,0xff,0xc0,0xe7,0xff,0xff,0xce,0xdd,0xf7,0xff,
    0xf1,0xfa,0xff,0xff,0xd1,0xec,0xff,0xff,0xc7,0xeb,0xff,0xff,0x98,0xa7,0xba,0xff,
    0xd2,0xdc,0xea,0xff,0xfd,0xa0,0x02,0xff,0xa6,0xaf,0xb9,0xff,0xc8,0xe7,0xfd,0xff,
    0xb3,0xd6,0xf1,0xff,0xe7,0x8b,0x02,0xff,0xc4,0xdf,0xf4,0xff,0xc1,0xcd,0xdd,0xff,
    0xd8,0xf4,0xff,0xff,0x1c,0x1a,0x1d,0xff,0xd3,0xe5,0xf9,0xff,0xbd,0xda,0xf0,0xff,
    0x88,0x47,0x54,0xff,0x86,0x91,0xa0,0xff,0xe4,0xf4,0xff,0xff,0xdc,0xe7,0xf4,0xff,
    0x9c,0xb7,0xca,0xff,0xb0,0xca,0xe0,0xff,0x8e,0xa1,0xb3,0xff,0x76,0x4a,0x4e,0xff,
    0x3e,0x24,0x2a,0xff,0x83,0x9c,0xb6,0xff,0xb8,0xd2,0xe6,0xff,0xc4,0xcc,0xf7,0xff,
    0xae,0xce,0xe7,0xff,0xad,0xb7,0xc2,0xff,0xcb,0x6d,0x06,0xff,0xe7,0x86,0x01,0xff,
    0xa5,0xc6,0xe0,0xff,0x35,0x20,0x24,0xff,0xcc,0xd5,0xe0,0xff,0xcd,0xf0,0xff,0xff,
    0x63,0x6d,0x7b,0xff,0x6e,0x3a,0x45,0xff,0x49,0x29,0x2f,0xff,0xa0,0xa4,0xae,0xff,
    0xa1,0x63,0x10,0xff,0xa2,0x41,0x0a,0xff,0x71,0x42,0x16,0xff,0xbc,0xc2,0xcc,0xff,
    0xac,0xc0,0xf1,0xff,0xd7,0x81,0x04,0xff,0xde,0x88,0x04,0xff,0xb7,0x48,0x08,0xff,
    0xbe,0x76,0x0d,0xff,0xb0,0x5e,0x6d,0xff,0x9e,0xb0,0xc8,0xff,0x24,0x14,0x11,0xff,
    0x7c,0x56,0x5a,0xff,0x8c,0xa1,0xbd,0xff,0x60,0x3e,0x46,0xff,0xdc,0x7b,0x02,0xff,
    0xb6,0x6c,0x0a,0xff,0x98,0x50,0x5e,0xff,0x92,0xaa,0xf6,0xff,0x61,0x62,0x65,0xff,
    0x7b,0x8b,0xa3,0xff,0xc3,0xd1,0xe5,0xff,0xd8,0x5d,0x6a,0xff,0x3c,0x55,0x70,0xff,
    0x36,0x1d,0x0d,0xff,0xb9,0x5d,0x01,0xff,0x9f,0xb4,0xf6,0xff,0x30,0x31,0x39,0xff,
    0xa3,0x74,0x2f,0xff,0xa0,0x91,0x87,0xff,0x4c,0x53,0x56,0xff,0x8d,0x74,0x56,0xff,
    0x8d,0x89,0x8d,0xff,0xa0,0x59,0x67,0xff,0x3c,0x3e,0x48,0xff,0x47,0x47,0x51,0xff,
    0x4e,0x5d,0x85,0xff,0xb3,0x80,0x38,0xff,0x61,0x75,0xa8,0xff,0x5b,0x27,0x08,0xff,
    0x91,0xa8,0xe5,0xff,0x89,0x39,0x46,0xff,0xc8,0x6b,0x7e,0xff,0x6c,0x82,0xcc,0xff,
    0xff,0xa9,0x01,0xff,0x92,0x34,0x07,0xff,0xa1,0x48,0x56,0xff,0xc2,0x74,0x83,0xff,
    0x12,0xd0,0xf6,0xff,0x0f,0x9d,0xc8,0xff,0x8c,0x69,0x6f,0xff,0x6e,0x83,0xaf,0xff,
    0x20,0x77,0x91,0xff,0xb3,0x3b,0x47,0xff,0x0f,0x12,0x1f,0xff,0xa3,0x82,0x5a,0xff,
    0xa1,0x8b,0x6f,0xff,0x95,0x78,0x7b,0xff,0x7a,0x91,0xb8,0xff,0xf8,0x9d,0xb0,0xff,
    0xa8,0xa1,0x9c,0xff,0xa0,0xb5,0xdc,0xff,0xf9,0xd1,0xe1,0xff,0x47,0x60,0xc6,0xff,
    0x5b,0x47,0x4b,0xff,0xdf,0x7b,0x8d,0xff,0xc0,0x4f,0x5b,0xff,0xbc,0x92,0x56,0xff,
    0xbf,0xa6,0x83,0xff,0xe6,0x88,0x9e,0xff,0xd5,0xcb,0xd0,0xff,0xf1,0xb2,0xc2,0xff,

    0x00,0x00,0x00,0x00,0x00,0x00,0x00,0x00,0x00,0x00,0x00,0x00,0x00,0x00,0x00,0x00,0x00,0x00,0x00,0x00,0x00,0x00,0x00,0x00,0x00,0x00,0x00,0x00,0x00,0x00,0x00,0x00,0x00,0x00,0x00,0x00,0x00,0x00,0x00,0x00,0x00,0x00,0x00,0x00,0x00,0x00,0x00,0x00,0x00,0x00,0x00,0x00,0x00,0x00,0x00,0x00,0x00,0x00,0x00,0x00,0x02,0x0b,0x00,0x00,0x00,0x00,0x00,0x00,0x00,0x00,0x00,0x00,0x00,0x00,0x00,0x00,0x00,0x00,0x00,0x00,0x00,0x00,0x00,0x00,0x00,0x00,0x00,0x00,0x00,0x00,0x00,0x00,0x00,0x00,0x00,0x00,0x00,0x00,0x00,0x00,0x00,0x00,0x00,0x00,0x00,0x00,0x00,0x00,0x00,0x00,0x00,0x00,0x00,0x00,0x00,0x00,0x00,0x00,0x00,0x00,0x00,0x00,0x00,0x00,0x00,0x00,0x00,0x00,0x00,0x00,0x00,0x00,0x00,0x00,0x00,0x00,0x00,0x00,0x00,0x00,0x00,0x00,0x00,0x00,
    0x00,0x00,0x00,0x00,0x00,0x00,0x00,0x00,0x00,0x00,0x00,0x00,0x00,0x00,0x00,0x00,0x00,0x00,0x00,0x00,0x00,0x00,0x00,0x00,0x00,0x00,0x00,0x00,0x00,0x00,0x00,0x00,0x00,0x00,0x00,0x00,0x00,0x00,0x00,0x00,0x00,0x00,0x00,0x00,0x00,0x00,0x00,0x00,0x00,0x00,0x00,0x00,0x00,0x00,0x00,0x00,0x00,0x00,0x00,0x02,0x00,0x00,0x15,0x18,0x15,0x00,0x01,0x00,0x00,0x00,0x00,0x00,0x00,0x00,0x00,0x00,0x00,0x00,0x00,0x00,0x00,0x00,0x00,0x00,0x00,0x00,0x00,0x00,0x00,0x00,0x00,0x00,0x00,0x00,0x00,0x00,0x00,0x00,0x00,0x00,0x00,0x00,0x00,0x00,0x00,0x00,0x00,0x00,0x00,0x00,0x00,0x00,0x00,0x00,0x00,0x00,0x00,0x00,0x00,0x00,0x00,0x00,0x00,0x00,0x00,0x00,0x00,0x00,0x00,0x00,0x00,0x00,0x00,0x00,0x00,0x00,0x00,0x00,0x00,0x00,0x00,0x00,0x00,0x00,
    0x00,0x00,0x00,0x00,0x00,0x00,0x00,0x00,0x00,0x00,0x00,0x00,0x00,0x00,0x00,0x00,0x00,0x00,0x00,0x00,0x00,0x00,0x00,0x00,0x00,0x00,0x00,0x00,0x00,0x00,0x00,0x00,0x00,0x00,0x00,0x00,0x00,0x00,0x00,0x00,0x00,0x00,0x00,0x00,0x00,0x00,0x00,0x00,0x00,0x00,0x00,0x00,0x00,0x00,0x00,0x00,0x00,0x00,0x02,0x00,0x26,0x1e,0xd3,0x27,0x13,0x01,0x04,0x00,0x00,0x00,0x00,0x00,0x00,0x00,0x00,0x00,0x00,0x00,0x00,0x00,0x00,0x00,0x00,0x00,0x00,0x00,0x00,0x00,0x00,0x00,0x00,0x00,0x00,0x00,0x00,0x00,0x00,0x00,0x00,0x00,0x00,0x00,0x00,0x00,0x00,0x00,0x00,0x00,0x00,0x00,0x00,0x00,0x00,0x00,0x00,0x00,0x00,0x00,0x00,0x00,0x00,0x00,0x00,0x00,0x00,0x00,0x00,0x00,0x00,0x00,0x00,0x00,0x00,0x00,0x00,0x00,0x00,0x00,0x00,0x00,0x00,0x00,0x00,0x00,
    0x00,0x00,0x00,0x00,0x00,0x00,0x00,0x00,0x00,0x00,0x00,0x00,0x00,0x00,0x00,0x00,0x00,0x00,0x00,0x00,0x00,0x00,0x00,0x00,0x00,0x00,0x00,0x00,0x00,0x00,0x00,0x00,0x00,0x00,0x00,0x00,0x00,0x00,0x00,0x00,0x00,0x00,0x00,0x00,0x00,0x00,0x00,0x00,0x00,0x00,0x00,0x00,0x00,0x00,0x00,0x00,0x00,0x02,0x02,0x26,0x4e,0xcc,0x25,0x00,0x00,0x01,0x00,0x00,0x00,0x00,0x00,0x00,0x00,0x00,0x00,0x00,0x00,0x00,0x00,0x00,0x00,0x00,0x00,0x00,0x00,0x00,0x00,0x00,0x00,0x00,0x00,0x00,0x00,0x00,0x00,0x00,0x00,0x00,0x00,0x00,0x00,0x00,0x00,0x00,0x00,0x00,0x00,0x00,0x00,0x00,0x00,0x00,0x00,0x00,0x00,0x00,0x00,0x00,0x00,0x00,0x00,0x00,0x00,0x00,0x00,0x00,0x00,0x00,0x00,0x00,0x00,0x00,0x00,0x00,0x00,0x00,0x00,0x00,0x00,0x00,0x00,0x00,0x00,0x00,
    0x00,0x00,0x00,0x00,0x00,0x00,0x00,0x00,0x00,0x00,0x00,0x00,0x00,0x00,0x00,0x00,0x00,0x00,0x00,0x00,0x00,0x00,0x00,0x00,0x00,0x00,0x00,0x00,0x00,0x00,0x00,0x00,0x00,0x00,0x00,0x00,0x00,0x00,0x00,0x00,0x00,0x00,0x00,0x00,0x00,0x00,0x00,0x00,0x00,0x00,0x00,0x00,0x00,0x00,0x00,0x00,0x00,0x0b,0x00,0x2c,0x23,0x4a,0x00,0x01,0x04,0x00,0x00,0x00,0x00,0x00,0x00,0x00,0x00,0x00,0x00,0x00,0x00,0x00,0x00,0x00,0x00,0x00,0x00,0x00,0x00,0x00,0x00,0x00,0x00,0x00,0x00,0x00,0x00,0x00,0x00,0x00,0x00,0x00,0x00,0x00,0x00,0x00,0x00,0x00,0x00,0x00,0x00,0x00,0x00,0x00,0x00,0x00,0x00,0x00,0x00,0x00,0x00,0x00,0x00,0x00,0x00,0x00,0x00,0x00,0x00,0x00,0x00,0x00,0x00,0x00,0x00,0x00,0x00,0x00,0x00,0x00,0x00,0x00,0x00,0x00,0x00,0x00,0x00,0x00,
    0x00,0x00,0x00,0x00,0x00,0x00,0x00,0x00,0x00,0x00,0x00,0x00,0x00,0x00,0x00,0x00,0x00,0x00,0x00,0x00,0x00,0x00,0x00,0x00,0x00,0x00,0x00,0x00,0x00,0x00,0x00,0x00,0x00,0x00,0x00,0x00,0x00,0x00,0x00,0x00,0x00,0x00,0x00,0x00,0x00,0x00,0x00,0x00,0x00,0x00,0x00,0x00,0x00,0x00,0x00,0x00,0x02,0x01,0x2e,0x0e,0xac,0x43,0x00,0x10,0x00,0x00,0x00,0x00,0x00,0x00,0x00,0x00,0x00,0x00,0x00,0x00,0x00,0x00,0x00,0x00,0x00,0x00,0x00,0x00,0x00,0x00,0x00,0x00,0x00,0x00,0x00,0x00,0x00,0x00,0x00,0x00,0x00,0x00,0x00,0x00,0x00,0x00,0x00,0x00,0x00,0x00,0x00,0x00,0x00,0x00,0x00,0x00,0x00,0x00,0x00,0x00,0x00,0x00,0x00,0x00,0x00,0x00,0x00,0x00,0x00,0x00,0x00,0x00,0x00,0x00,0x00,0x00,0x00,0x00,0x00,0x00,0x00,0x00,0x00,0x00,0x00,0x00,0x00,0x00,
    0x00,0x00,0x00,0x00,0x00,0x00,0x00,0x00,0x00,0x00,0x00,0x00,0x00,0x00,0x00,0x00,0x00,0x00,0x00,0x00,0x00,0x00,0x00,0x00,0x00,0x00,0x00,0x00,0x00,0x00,0x00,0x00,0x00,0x00,0x00,0x00,0x00,0x00,0x00,0x00,0x00,0x00,0x00,0x00,0x00,0x00,0x00,0x00,0x00,0x00,0x00,0x00,0x00,0x00,0x00,0x00,0x03,0x00,0x2c,0x32,0x98,0x44,0x01,0x1d,0x00,0x00,0x00,0x00,0x00,0x00,0x00,0x00,0x00,0x00,0x00,0x00,0x00,0x00,0x00,0x00,0x00,0x00,0x00,0x00,0x00,0x00,0x00,0x00,0x00,0x00,0x00,0x00,0x00,0x00,0x00,0x00,0x00,0x00,0x00,0x00,0x00,0x00,0x00,0x00,0x00,0x00,0x00,0x00,0x00,0x00,0x00,0x00,0x00,0x00,0x00,0x00,0x00,0x00,0x00,0x00,0x00,0x00,0x00,0x00,0x00,0x00,0x00,0x00,0x00,0x00,0x00,0x00,0x00,0x00,0x00,0x00,0x00,0x00,0x00,0x00,0x00,0x00,0x00,0x00,
    0x00,0x00,0x00,0x00,0x00,0x00,0x00,0x00,0x00,0x00,0x00,0x00,0x00,0x00,0x00,0x00,0x00,0x00,0x00,0x00,0x00,0x00,0x00,0x00,0x00,0x00,0x00,0x00,0x00,0x00,0x00,0x00,0x00,0x00,0x00,0x00,0x00,0x00,0x00,0x00,0x00,0x00,0x00,0x00,0x00,0x00,0x00,0x00,0x00,0x00,0x00,0x00,0x00,0x00,0x00,0x00,0x1d,0x00,0x44,0xb3,0x98,0x43,0x02,0x03,0x00,0x00,0x00,0x00,0x00,0x00,0x00,0x00,0x00,0x00,0x00,0x00,0x00,0x00,0x00,0x00,0x00,0x00,0x00,0x00,0x00,0x00,0x00,0x00,0x00,0x00,0x00,0x00,0x00,0x00,0x00,0x00,0x00,0x00,0x00,0x00,0x00,0x00,0x00,0x00,0x00,0x00,0x00,0x00,0x00,0x00,0x00,0x00,0x00,0x00,0x00,0x00,0x00,0x00,0x00,0x00,0x00,0x00,0x00,0x00,0x00,0x00,0x00,0x00,0x00,0x00,0x00,0x00,0x00,0x00,0x00,0x00,0x00,0x00,0x00,0x00,0x00,0x00,0x00,0x00,
    0x00,0x00,0x00,0x00,0x00,0x00,0x00,0x00,0x00,0x00,0x00,0x00,0x00,0x00,0x00,0x00,0x00,0x00,0x00,0x00,0x00,0x00,0x00,0x00,0x00,0x00,0x00,0x00,0x00,0x00,0x00,0x00,0x00,0x00,0x00,0x00,0x00,0x00,0x00,0x00,0x00,0x00,0x00,0x00,0x00,0x00,0x00,0x00,0x00,0x00,0x00,0x00,0x00,0x00,0x00,0x00,0x03,0x00,0x42,0x9f,0xb0,0x41,0x00,0x0b,0x00,0x00,0x00,0x00,0x00,0x00,0x00,0x00,0x00,0x00,0x00,0x00,0x00,0x00,0x00,0x00,0x00,0x00,0x00,0x00,0x00,0x00,0x00,0x00,0x00,0x00,0x00,0x00,0x00,0x00,0x00,0x00,0x00,0x00,0x00,0x00,0x00,0x00,0x00,0x00,0x00,0x00,0x00,0x00,0x00,0x00,0x00,0x00,0x00,0x00,0x00,0x00,0x00,0x00,0x00,0x00,0x00,0x00,0x00,0x00,0x00,0x00,0x00,0x00,0x00,0x00,0x00,0x00,0x00,0x00,0x00,0x00,0x00,0x00,0x00,0x00,0x00,0x00,0x00,0x00,
    0x00,0x00,0x00,0x00,0x00,0x00,0x00,0x00,0x00,0x00,0x00,0x00,0x00,0x00,0x00,0x00,0x00,0x00,0x00,0x00,0x00,0x00,0x00,0x00,0x00,0x00,0x00,0x00,0x00,0x00,0x00,0x00,0x00,0x00,0x00,0x00,0x00,0x00,0x00,0x00,0x00,0x00,0x00,0x00,0x00,0x00,0x00,0x00,0x00,0x00,0x00,0x00,0x00,0x00,0x00,0x00,0x02,0x00,0x2e,0x8b,0x74,0x5a,0x21,0x02,0x03,0x00,0x00,0x01,0x02,0x0b,0x04,0x0b,0x03,0x03,0x03,0x03,0x03,0x03,0x04,0x04,0x04,0x02,0x00,0x00,0x00,0x00,0x00,0x00,0x00,0x00,0x00,0x00,0x00,0x00,0x00,0x00,0x00,0x00,0x00,0x00,0x00,0x00,0x00,0x00,0x00,0x00,0x00,0x00,0x00,0x00,0x00,0x00,0x00,0x00,0x00,0x00,0x00,0x00,0x00,0x00,0x00,0x00,0x00,0x00,0x00,0x00,0x00,0x00,0x00,0x00,0x00,0x00,0x00,0x00,0x00,0x00,0x00,0x00,0x00,0x00,0x00,0x00,0x00,0x00,
    0x00,0x00,0x00,0x00,0x00,0x00,0x00,0x00,0x00,0x00,0x00,0x00,0x00,0x00,0x00,0x00,0x00,0x00,0x00,0x00,0x00,0x00,0x00,0x00,0x00,0x00,0x00,0x00,0x00,0x00,0x00,0x00,0x00,0x00,0x00,0x00,0x00,0x00,0x00,0x00,0x00,0x00,0x00,0x00,0x00,0x00,0x00,0x00,0x00,0x00,0x00,0x00,0x00,0x00,0x00,0x00,0x00,0x0b,0x1d,0x22,0x98,0x83,0x35,0x00,0x00,0x03,0x0b,0x00,0x00,0x00,0x00,0x00,0x00,0x00,0x00,0x00,0x00,0x00,0x00,0x00,0x00,0x00,0x03,0x03,0x02,0x00,0x00,0x00,0x00,0x00,0x00,0x00,0x00,0x00,0x00,0x00,0x00,0x00,0x00,0x00,0x00,0x00,0x00,0x00,0x00,0x00,0x00,0x00,0x00,0x00,0x00,0x00,0x00,0x00,0x00,0x00,0x00,0x00,0x00,0x00,0x00,0x00,0x00,0x00,0x00,0x00,0x00,0x00,0x00,0x00,0x00,0x00,0x00,0x00,0x00,0x00,0x00,0x00,0x00,0x00,0x00,0x00,0x00,0x00,
    0x00,0x00,0x00,0x00,0x00,0x00,0x00,0x00,0x00,0x00,0x00,0x00,0x00,0x00,0x00,0x00,0x00,0x00,0x00,0x00,0x00,0x00,0x00,0x00,0x00,0x00,0x00,0x00,0x00,0x00,0x00,0x00,0x00,0x00,0x00,0x00,0x00,0x00,0x00,0x00,0x00,0x00,0x00,0x00,0x00,0x00,0x00,0x00,0x00,0x00,0x00,0x00,0x00,0x00,0x00,0x00,0x00,0x03,0x00,0x4b,0x17,0x74,0xc2,0x25,0x2e,0x00,0x00,0x0a,0x26,0x24,0x0d,0x24,0x45,0x29,0x29,0x29,0x29,0x51,0x1e,0x0d,0x34,0x21,0x00,0x00,0x00,0x01,0x02,0x00,0x00,0x00,0x00,0x00,0x00,0x00,0x00,0x00,0x00,0x00,0x00,0x00,0x00,0x00,0x00,0x00,0x00,0x00,0x00,0x00,0x00,0x00,0x00,0x00,0x00,0x00,0x00,0x00,0x00,0x00,0x00,0x00,0x00,0x00,0x00,0x00,0x00,0x00,0x00,0x00,0x00,0x00,0x00,0x00,0x00,0x00,0x00,0x00,0x00,0x00,0x00,0x00,0x00,0x00,0x00,0x00,
    0x00,0x00,0x00,0x00,0x00,0x00,0x00,0x00,0x00,0x00,0x00,0x00,0x00,0x00,0x00,0x00,0x00,0x00,0x00,0x00,0x00,0x00,0x00,0x00,0x00,0x00,0x00,0x00,0x00,0x00,0x00,0x00,0x00,0x00,0x00,0x00,0x00,0x00,0x00,0x00,0x00,0x00,0x00,0x00,0x00,0x00,0x00,0x00,0x00,0x00,0x00,0x00,0x00,0x00,0x00,0x00,0x00,0x00,0x0b,0x00,0x24,0x23,0xb0,0xa6,0x23,0x51,0x4d,0x48,0x19,0x8b,0xa9,0x17,0x92,0x92,0x92,0x92,0xb3,0x69,0x11,0xa1,0xa6,0x59,0x2d,0x24,0x15,0x00,0x00,0x03,0x03,0x00,0x00,0x00,0x00,0x00,0x00,0x00,0x00,0x00,0x00,0x00,0x00,0x00,0x00,0x00,0x00,0x00,0x00,0x00,0x00,0x00,0x00,0x00,0x00,0x00,0x00,0x00,0x00,0x00,0x00,0x00,0x00,0x00,0x00,0x00,0x00,0x00,0x00,0x00,0x00,0x00,0x00,0x00,0x00,0x00,0x00,0x00,0x00,0x00,0x00,0x00,0x00,0x00,0x00,0x00,
    0x00,0x00,0x00,0x00,0x00,0x00,0x00,0x00,0x00,0x00,0x00,0x00,0x00,0x00,0x00,0x00,0x00,0x00,0x00,0x00,0x00,0x00,0x00,0x00,0x00,0x00,0x00,0x00,0x00,0x00,0x00,0x00,0x00,0x00,0x00,0x00,0x00,0x00,0x00,0x00,0x00,0x00,0x00,0x00,0x00,0x00,0x00,0x00,0x00,0x00,0x00,0x00,0x00,0x00,0x00,0x00,0x03,0x03,0x04,0x00,0x00,0x1d,0x2d,0x17,0xa4,0xb0,0xa5,0x83,0x83,0x74,0x8e,0x87,0x83,0x83,0x74,0x74,0x74,0x87,0x97,0x91,0x97,0x9f,0x9f,0x17,0x19,0x57,0x49,0x00,0x00,0x02,0x01,0x00,0x00,0x00,0x00,0x00,0x00,0x00,0x00,0x00,0x00,0x00,0x00,0x00,0x00,0x00,0x00,0x00,0x00,0x00,0x00,0x00,0x00,0x00,0x00,0x00,0x00,0x00,0x00,0x00,0x00,0x00,0x00,0x00,0x00,0x00,0x00,0x00,0x00,0x00,0x00,0x00,0x00,0x00,0x00,0x00,0x00,0x00,0x00,0x00,0x00,0x00,0x00,0x00,
    0x00,0x00,0x00,0x00,0x00,0x00,0x00,0x00,0x00,0x00,0x00,0x00,0x00,0x00,0x00,0x00,0x00,0x00,0x00,0x00,0x00,0x00,0x00,0x00,0x00,0x00,0x00,0x00,0x00,0x00,0x00,0x00,0x00,0x00,0x00,0x00,0x00,0x00,0x00,0x00,0x00,0x00,0x00,0x00,0x00,0x00,0x00,0x00,0x00,0x00,0x00,0x00,0x00,0x02,0x1d,0x00,0x00,0x00,0x00,0x21,0x4b,0x2c,0x22,0x1b,0x9f,0x83,0x87,0x83,0x74,0x74,0x83,0x74,0x69,0x69,0x74,0x74,0x69,0x74,0x74,0x74,0x8c,0x6f,0x67,0x67,0x9a,0x93,0x93,0x35,0x4b,0x00,0x00,0x01,0x00,0x00,0x00,0x00,0x00,0x00,0x00,0x00,0x00,0x00,0x00,0x00,0x00,0x00,0x00,0x00,0x00,0x00,0x00,0x00,0x00,0x00,0x00,0x00,0x00,0x00,0x00,0x00,0x00,0x00,0x00,0x00,0x00,0x00,0x00,0x00,0x00,0x00,0x00,0x00,0x00,0x00,0x00,0x00,0x00,0x00,0x00,0x00,0x00,0x00,0x00,0x00,
    0x00,0x00,0x00,0x00,0x00,0x00,0x00,0x00,0x00,0x00,0x00,0x00,0x00,0x00,0x00,0x00,0x00,0x00,0x00,0x00,0x00,0x00,0x00,0x00,0x00,0x00,0x00,0x00,0x00,0x00,0x00,0x00,0x00,0x00,0x00,0x00,0x00,0x00,0x00,0x00,0x00,0x00,0x00,0x00,0x00,0x00,0x00,0x00,0x00,0x00,0x00,0x04,0x0b,0x00,0x00,0x00,0x30,0x24,0x4d,0xa6,0x0e,0x81,0x7e,0x6f,0x69,0x74,0x74,0x69,0x69,0x69,0x69,0x69,0x69,0x69,0x69,0x69,0x74,0x74,0x69,0x69,0x69,0x74,0x7b,0x77,0x67,0x91,0x8c,0x9f,0xac,0x35,0x26,0x00,0x05,0x00,0x00,0x00,0x00,0x00,0x00,0x00,0x00,0x00,0x00,0x00,0x00,0x00,0x00,0x00,0x00,0x00,0x00,0x00,0x00,0x00,0x00,0x00,0x00,0x00,0x00,0x00,0x00,0x00,0x00,0x00,0x00,0x00,0x00,0x00,0x00,0x00,0x00,0x00,0x00,0x00,0x00,0x00,0x00,0x00,0x00,0x00,0x00,0x00,0x00,0x00,
    0x00,0x00,0x00,0x00,0x00,0x00,0x00,0x00,0x00,0x00,0x00,0x00,0x00,0x00,0x00,0x00,0x00,0x00,0x00,0x00,0x00,0x00,0x00,0x00,0x00,0x00,0x00,0x00,0x00,0x00,0x00,0x00,0x00,0x00,0x00,0x00,0x00,0x00,0x00,0x00,0x00,0x00,0x00,0x00,0x00,0x00,0x00,0x00,0x00,0x00,0x05,0x00,0x00,0x3a,0x44,0x29,0x3b,0x22,0x19,0xb0,0x97,0x67,0x77,0x8c,0x74,0x69,0x69,0x69,0x69,0x69,0x69,0x69,0x69,0x69,0x69,0x69,0x69,0x69,0x69,0x69,0x69,0x69,0x74,0x69,0x8c,0x69,0x74,0x83,0x69,0xac,0x3d,0x15,0x00,0x0b,0x00,0x00,0x00,0x00,0x00,0x00,0x00,0x00,0x00,0x00,0x00,0x00,0x00,0x00,0x00,0x00,0x00,0x00,0x00,0x00,0x00,0x00,0x00,0x00,0x00,0x00,0x00,0x00,0x00,0x00,0x00,0x00,0x00,0x00,0x00,0x00,0x00,0x00,0x00,0x00,0x00,0x00,0x00,0x00,0x00,0x00,0x00,0x00,0x00,0x00,
    0x00,0x00,0x00,0x00,0x00,0x00,0x00,0x00,0x00,0x00,0x00,0x00,0x00,0x00,0x00,0x00,0x00,0x00,0x00,0x00,0x00,0x00,0x00,0x00,0x00,0x00,0x00,0x00,0x00,0x00,0x00,0x00,0x00,0x00,0x00,0x00,0x00,0x00,0x00,0x00,0x00,0x00,0x00,0x00,0x00,0x00,0x00,0x00,0x00,0x05,0x00,0x39,0x3f,0x4a,0x44,0x3a,0x24,0x3b,0x83,0x74,0x74,0x74,0x69,0x74,0x74,0x69,0x69,0x69,0x69,0x69,0x69,0x69,0x69,0x69,0x69,0x69,0x69,0x69,0x69,0x69,0x69,0x69,0x83,0x74,0x74,0x74,0x74,0x83,0x74,0x81,0xaa,0x5b,0x18,0x00,0x0b,0x00,0x00,0x00,0x00,0x00,0x00,0x00,0x00,0x00,0x00,0x00,0x00,0x00,0x00,0x00,0x00,0x00,0x00,0x00,0x00,0x00,0x00,0x00,0x00,0x00,0x00,0x00,0x00,0x00,0x00,0x00,0x00,0x00,0x00,0x00,0x00,0x00,0x00,0x00,0x00,0x00,0x00,0x00,0x00,0x00,0x00,0x00,0x00,0x00,
    0x00,0x00,0x00,0x00,0x00,0x00,0x00,0x00,0x00,0x00,0x00,0x00,0x00,0x00,0x00,0x00,0x00,0x00,0x00,0x00,0x00,0x00,0x00,0x00,0x00,0x00,0x00,0x00,0x00,0x00,0x00,0x00,0x00,0x00,0x00,0x00,0x00,0x00,0x00,0x00,0x00,0x00,0x00,0x00,0x00,0x00,0x00,0x01,0x04,0x00,0x33,0x5b,0x40,0x10,0x00,0x42,0x8a,0x9a,0x7b,0x74,0x8c,0x8c,0x81,0x7b,0x74,0x74,0x69,0x69,0x69,0x87,0x69,0x69,0x69,0x69,0x69,0x69,0x69,0x69,0x69,0x69,0x69,0x74,0x74,0x8c,0x8c,0x74,0x69,0x8c,0x6f,0x77,0x7f,0x85,0x46,0x24,0x00,0x05,0x00,0x00,0x00,0x00,0x00,0x00,0x00,0x00,0x00,0x00,0x00,0x00,0x00,0x00,0x00,0x00,0x00,0x00,0x00,0x00,0x00,0x00,0x00,0x00,0x00,0x00,0x00,0x00,0x00,0x00,0x00,0x00,0x00,0x00,0x00,0x00,0x00,0x00,0x00,0x00,0x00,0x00,0x00,0x00,0x00,0x00,0x00,0x00,
    0x00,0x00,0x00,0x00,0x00,0x00,0x00,0x00,0x00,0x00,0x00,0x00,0x00,0x00,0x00,0x00,0x00,0x00,0x00,0x00,0x00,0x00,0x00,0x00,0x00,0x00,0x00,0x00,0x00,0x00,0x00,0x00,0x00,0x00,0x00,0x00,0x00,0x00,0x00,0x00,0x00,0x00,0x00,0x00,0x00,0x00,0x01,0x02,0x00,0x25,0x25,0x2e,0x00,0x00,0x2c,0xaa,0x72,0x9e,0x9e,0x6f,0x6f,0x9e,0x75,0x6f,0x69,0x74,0x69,0x87,0x9f,0xa5,0x87,0x74,0x69,0x69,0x69,0x69,0x69,0x69,0x69,0x87,0x8c,0x7b,0x81,0x6f,0x67,0x81,0x81,0x6f,0x9e,0x67,0x77,0x75,0x77,0x0e,0x24,0x00,0x03,0x00,0x00,0x00,0x00,0x00,0x00,0x00,0x00,0x00,0x00,0x00,0x00,0x00,0x00,0x00,0x00,0x00,0x00,0x00,0x00,0x00,0x00,0x00,0x00,0x00,0x00,0x00,0x00,0x00,0x00,0x00,0x00,0x00,0x00,0x00,0x00,0x00,0x00,0x00,0x00,0x00,0x00,0x00,0x00,0x00,0x00,0x00,
    0x00,0x00,0x00,0x00,0x00,0x00,0x00,0x00,0x00,0x00,0x00,0x00,0x00,0x00,0x00,0x00,0x00,0x00,0x00,0x00,0x00,0x00,0x00,0x00,0x00,0x00,0x00,0x00,0x00,0x00,0x00,0x00,0x00,0x00,0x00,0x00,0x00,0x00,0x00,0x00,0x00,0x00,0x00,0x00,0x00,0x01,0x01,0x00,0x25,0x1e,0x00,0x00,0x04,0x40,0xc2,0x8f,0x67,0x6f,0x6f,0x9e,0x9e,0x67,0x81,0x8c,0x69,0x8c,0x8c,0x92,0xcc,0x8b,0x91,0x69,0x69,0x69,0x69,0x69,0x69,0x69,0x74,0x97,0x8a,0x8a,0x7f,0x77,0x6f,0x7b,0x8c,0x8c,0x81,0x9e,0x9e,0x6f,0x75,0x77,0x1c,0x34,0x00,0x05,0x00,0x00,0x00,0x00,0x00,0x00,0x00,0x00,0x00,0x00,0x00,0x00,0x00,0x00,0x00,0x00,0x00,0x00,0x00,0x00,0x00,0x00,0x00,0x00,0x00,0x00,0x00,0x00,0x00,0x00,0x00,0x00,0x00,0x00,0x00,0x00,0x00,0x00,0x00,0x00,0x00,0x00,0x00,0x00,0x00,0x00,
    0x00,0x00,0x00,0x00,0x00,0x00,0x00,0x00,0x00,0x00,0x00,0x00,0x00,0x00,0x00,0x00,0x00,0x00,0x00,0x00,0x00,0x00,0x00,0x00,0x00,0x00,0x00,0x00,0x00,0x00,0x00,0x00,0x00,0x00,0x00,0x00,0x00,0x00,0x00,0x00,0x00,0x00,0x00,0x00,0x01,0x04,0x02,0x57,0x3f,0x00,0x10,0x00,0x54,0x0e,0x8f,0x72,0x9e,0x81,0x8c,0x6f,0x81,0x8c,0x69,0x69,0x69,0x8c,0x7f,0x11,0xdc,0x9a,0x7b,0x69,0x69,0x69,0x69,0x69,0x69,0x69,0x69,0x97,0xaa,0xb4,0x9f,0x7e,0x81,0x87,0x87,0x74,0x69,0x8c,0x8c,0x7b,0x81,0x72,0x94,0xb4,0x26,0x00,0x02,0x00,0x00,0x00,0x00,0x00,0x00,0x00,0x00,0x00,0x00,0x00,0x00,0x00,0x00,0x00,0x00,0x00,0x00,0x00,0x00,0x00,0x00,0x00,0x00,0x00,0x00,0x00,0x00,0x00,0x00,0x00,0x00,0x00,0x00,0x00,0x00,0x00,0x00,0x00,0x00,0x00,0x00,0x00,0x00,0x00,
    0x00,0x00,0x00,0x00,0x00,0x00,0x00,0x00,0x00,0x00,0x00,0x00,0x00,0x00,0x00,0x00,0x00,0x00,0x00,0x00,0x00,0x00,0x00,0x00,0x00,0x00,0x00,0x00,0x00,0x00,0x00,0x00,0x00,0x00,0x00,0x00,0x00,0x00,0x00,0x00,0x00,0x00,0x00,0x00,0x04,0x02,0x25,0x1e,0x00,0x10,0x03,0x38,0x36,0x86,0x84,0x77,0x9e,0x6f,0x7b,0x7b,0x74,0x74,0x69,0x8c,0x77,0x7e,0x8a,0xf2,0xa9,0x7b,0x81,0x87,0x69,0x69,0x74,0x74,0x69,0x7b,0x6f,0x6f,0x72,0x19,0xde,0xac,0x7f,0x9a,0x9f,0x72,0x77,0x6f,0x74,0x74,0x8c,0x72,0x8d,0x94,0x56,0x0a,0x05,0x01,0x00,0x00,0x00,0x00,0x00,0x00,0x00,0x00,0x00,0x00,0x00,0x00,0x00,0x00,0x00,0x00,0x00,0x00,0x00,0x00,0x00,0x00,0x00,0x00,0x00,0x00,0x00,0x00,0x00,0x00,0x00,0x00,0x00,0x00,0x00,0x00,0x00,0x00,0x00,0x00,0x00,0x00,0x00,0x00,
    0x00,0x00,0x00,0x00,0x00,0x00,0x00,0x00,0x00,0x00,0x00,0x00,0x00,0x00,0x00,0x00,0x00,0x00,0x00,0x00,0x00,0x00,0x00,0x00,0x00,0x00,0x00,0x00,0x00,0x00,0x00,0x00,0x00,0x00,0x00,0x00,0x00,0x00,0x00,0x00,0x00,0x00,0x00,0x04,0x00,0x33,0x3f,0x00,0x04,0x03,0x00,0x41,0xa3,0x90,0x7e,0x6f,0x67,0x67,0x9e,0x8c,0x74,0x74,0x87,0x69,0x72,0x9f,0xc5,0x94,0x93,0x92,0x9e,0x6f,0x7b,0x8c,0x7b,0x7b,0x7b,0x6f,0x75,0x6f,0x7e,0xa6,0x1b,0xf2,0xaa,0x9c,0x11,0x9a,0x75,0x9e,0x6f,0x6f,0x67,0x82,0x0f,0x90,0x96,0x1e,0x00,0x05,0x00,0x00,0x00,0x00,0x00,0x00,0x00,0x00,0x00,0x00,0x00,0x00,0x00,0x00,0x00,0x00,0x00,0x00,0x00,0x00,0x00,0x00,0x00,0x00,0x00,0x00,0x00,0x00,0x00,0x00,0x00,0x00,0x00,0x00,0x00,0x00,0x00,0x00,0x00,0x00,0x00,0x00,0x00,0x00,
    0x00,0x00,0x00,0x00,0x00,0x00,0x00,0x00,0x00,0x00,0x00,0x00,0x00,0x00,0x00,0x00,0x00,0x00,0x00,0x00,0x00,0x00,0x00,0x00,0x00,0x00,0x00,0x00,0x00,0x00,0x00,0x00,0x00,0x00,0x00,0x00,0x00,0x00,0x00,0x00,0x00,0x00,0x05,0x00,0x34,0x56,0x05,0x04,0x0b,0x00,0x24,0x8b,0x90,0x84,0x6f,0x67,0x9e,0x75,0x6f,0x81,0x69,0x98,0xac,0x87,0x8e,0xa9,0x1b,0x1b,0xa6,0x91,0x77,0x67,0x9e,0x9e,0x9e,0x7b,0x69,0x69,0x7b,0x77,0x92,0xc5,0x94,0xa3,0x1c,0x9a,0xa5,0x11,0x91,0x6f,0x67,0x9e,0x9e,0x6f,0x75,0x0f,0x31,0x93,0x3a,0x00,0x02,0x00,0x00,0x00,0x00,0x00,0x00,0x00,0x00,0x00,0x00,0x00,0x00,0x00,0x00,0x00,0x00,0x00,0x00,0x00,0x00,0x00,0x00,0x00,0x00,0x00,0x00,0x00,0x00,0x00,0x00,0x00,0x00,0x00,0x00,0x00,0x00,0x00,0x00,0x00,0x00,0x00,0x00,0x00,
    0x00,0x00,0x00,0x00,0x00,0x00,0x00,0x00,0x00,0x00,0x00,0x00,0x00,0x00,0x00,0x00,0x00,0x00,0x00,0x00,0x00,0x00,0x00,0x00,0x00,0x00,0x00,0x00,0x00,0x00,0x00,0x00,0x00,0x00,0x00,0x00,0x00,0x00,0x00,0x00,0x00,0x00,0x04,0x02,0x25,0x49,0x00,0x0b,0x03,0x38,0x5a,0x77,0x7e,0x72,0x67,0x77,0x75,0x75,0x6f,0x6f,0x91,0x93,0xac,0x9c,0xa4,0xad,0x84,0x9b,0xa6,0x91,0x77,0x6f,0x67,0x6f,0x6f,0x7b,0x69,0x69,0x83,0x98,0x8e,0xa6,0x17,0x75,0x9b,0x19,0x81,0xa9,0x74,0x67,0x67,0x67,0x67,0x9e,0x6f,0x67,0x9e,0x8b,0x2d,0x03,0x03,0x00,0x00,0x00,0x00,0x00,0x00,0x00,0x00,0x00,0x00,0x00,0x00,0x00,0x00,0x00,0x00,0x00,0x00,0x00,0x00,0x00,0x00,0x00,0x00,0x00,0x00,0x00,0x00,0x00,0x00,0x00,0x00,0x00,0x00,0x00,0x00,0x00,0x00,0x00,0x00,0x00,0x00,0x00,
    0x00,0x00,0x00,0x00,0x00,0x00,0x00,0x00,0x00,0x00,0x00,0x00,0x00,0x00,0x00,0x00,0x00,0x00,0x00,0x00,0x00,0x00,0x00,0x00,0x00,0x00,0x00,0x00,0x00,0x00,0x00,0x00,0x00,0x00,0x00,0x00,0x00,0x00,0x00,0x00,0x00,0x0b,0x00,0x1e,0x1e,0x00,0x0b,0x03,0x00,0x43,0x9b,0x9e,0x7e,0x67,0x6f,0x72,0xb3,0x7e,0x9e,0x7e,0x8b,0x23,0xa2,0x9f,0x93,0x8d,0x90,0x9b,0x1c,0x91,0x75,0x72,0x69,0x74,0x69,0x69,0x69,0x69,0x74,0x98,0x8e,0xa6,0xc2,0x9e,0x90,0x8b,0xc5,0x8a,0x8a,0x7e,0x9e,0x9e,0x9e,0x67,0x9e,0x6f,0x75,0xaa,0x19,0x0a,0x02,0x01,0x00,0x00,0x00,0x00,0x00,0x00,0x00,0x00,0x00,0x00,0x00,0x00,0x00,0x00,0x00,0x00,0x00,0x00,0x00,0x00,0x00,0x00,0x00,0x00,0x00,0x00,0x00,0x00,0x00,0x00,0x00,0x00,0x00,0x00,0x00,0x00,0x00,0x00,0x00,0x00,0x00,0x00,
    0x00,0x00,0x00,0x00,0x00,0x00,0x00,0x00,0x00,0x00,0x00,0x00,0x00,0x00,0x00,0x00,0x00,0x00,0x00,0x00,0x00,0x00,0x00,0x00,0x00,0x00,0x00,0x00,0x00,0x00,0x00,0x00,0x00,0x00,0x00,0x00,0x00,0x00,0x00,0x00,0x01,0x01,0x21,0x3d,0x26,0x01,0x0b,0x00,0x2e,0x1c,0x1b,0x7e,0x7e,0x77,0x7e,0x9b,0x0e,0x8b,0x9a,0x9c,0xcc,0x1b,0x9c,0x96,0x2b,0xbb,0x96,0x1c,0x19,0xb3,0xaa,0xac,0x74,0x83,0x74,0x69,0x69,0x69,0x69,0x83,0x7b,0x1c,0x2f,0x93,0xb7,0xb2,0x96,0x96,0x11,0x92,0x81,0x6f,0x81,0x69,0x8c,0x6f,0x77,0x8e,0xa9,0x33,0x00,0x04,0x00,0x00,0x00,0x00,0x00,0x00,0x00,0x00,0x00,0x00,0x00,0x00,0x00,0x00,0x00,0x00,0x00,0x00,0x00,0x00,0x00,0x00,0x00,0x00,0x00,0x00,0x00,0x00,0x00,0x00,0x00,0x00,0x00,0x00,0x00,0x00,0x00,0x00,0x00,0x00,0x00,0x00,
    0x00,0x00,0x00,0x00,0x00,0x00,0x00,0x00,0x00,0x00,0x00,0x00,0x00,0x00,0x00,0x00,0x00,0x00,0x00,0x00,0x00,0x00,0x00,0x00,0x00,0x00,0x00,0x00,0x00,0x00,0x00,0x00,0x00,0x00,0x00,0x00,0x00,0x00,0x00,0x00,0x04,0x00,0x1e,0x1e,0x00,0x0b,0x03,0x02,0x41,0x8b,0x72,0x9e,0x67,0x77,0xb3,0xea,0xe1,0xa0,0xc4,0xb4,0xcb,0x7f,0x8b,0x2f,0xad,0xb2,0xa3,0x2b,0xa6,0x9c,0x19,0xcc,0x8e,0x98,0x74,0x8c,0x8c,0x8c,0x8c,0x8c,0x91,0x11,0xbb,0x90,0xb2,0x96,0xb7,0xa1,0x0e,0x77,0x7b,0x69,0x74,0x69,0x7b,0x67,0x9a,0x83,0x98,0x46,0x39,0x02,0x02,0x00,0x00,0x00,0x00,0x00,0x00,0x00,0x00,0x00,0x00,0x00,0x00,0x00,0x00,0x00,0x00,0x00,0x00,0x00,0x00,0x00,0x00,0x00,0x00,0x00,0x00,0x00,0x00,0x00,0x00,0x00,0x00,0x00,0x00,0x00,0x00,0x00,0x00,0x00,0x00,0x00,
    0x00,0x00,0x00,0x00,0x00,0x00,0x00,0x00,0x00,0x00,0x00,0x00,0x00,0x00,0x00,0x00,0x00,0x00,0x00,0x00,0x00,0x00,0x00,0x00,0x00,0x00,0x00,0x00,0x00,0x00,0x00,0x00,0x00,0x00,0x00,0x00,0x00,0x00,0x00,0x01,0x01,0x10,0x56,0x39,0x01,0x05,0x01,0x21,0x59,0x9f,0x67,0x81,0x9a,0x7e,0xa4,0xe6,0xce,0xce,0xfa,0xed,0xb5,0x8b,0x1c,0xbb,0x7f,0x7e,0x79,0xa3,0xa6,0x83,0x19,0x0e,0x91,0x9a,0x6f,0x6f,0x67,0x67,0x9e,0x77,0x91,0x11,0x8b,0x0f,0x0f,0x90,0xa3,0xa6,0x46,0x94,0x7e,0x6f,0x81,0x6f,0x75,0x82,0x81,0x83,0x9f,0x0e,0x22,0x00,0x02,0x00,0x00,0x00,0x00,0x00,0x00,0x00,0x00,0x00,0x00,0x00,0x00,0x00,0x00,0x00,0x00,0x00,0x00,0x00,0x00,0x00,0x00,0x00,0x00,0x00,0x00,0x00,0x00,0x00,0x00,0x00,0x00,0x00,0x00,0x00,0x00,0x00,0x00,0x00,0x00,0x00,
    0x00,0x00,0x00,0x00,0x00,0x00,0x00,0x00,0x00,0x00,0x00,0x00,0x00,0x00,0x00,0x00,0x00,0x00,0x00,0x00,0x00,0x00,0x00,0x00,0x00,0x00,0x00,0x00,0x00,0x00,0x00,0x00,0x00,0x00,0x00,0x00,0x00,0x00,0x00,0x05,0x00,0x34,0x56,0x03,0x05,0x0b,0x00,0x40,0x32,0x69,0x8c,0x74,0x98,0x97,0xcc,0xe1,0xe6,0xfa,0xce,0xfa,0xf1,0x93,0xcd,0x9c,0x77,0x77,0x77,0x77,0xa6,0xa4,0x93,0xb7,0x9e,0x67,0x9e,0x67,0x67,0x67,0x9e,0x77,0x92,0x11,0x8b,0xa2,0x82,0x9e,0x86,0x0f,0xd6,0x8b,0x9c,0x77,0x9e,0x9e,0x67,0x84,0x82,0x8c,0x91,0xa6,0x17,0x52,0x00,0x03,0x00,0x00,0x00,0x00,0x00,0x00,0x00,0x00,0x00,0x00,0x00,0x00,0x00,0x00,0x00,0x00,0x00,0x00,0x00,0x00,0x00,0x00,0x00,0x00,0x00,0x00,0x00,0x00,0x00,0x00,0x00,0x00,0x00,0x00,0x00,0x00,0x00,0x00,0x00,0x00,
    0x00,0x00,0x00,0x00,0x00,0x00,0x00,0x00,0x00,0x00,0x00,0x00,0x00,0x00,0x00,0x00,0x00,0x00,0x00,0x00,0x00,0x00,0x00,0x00,0x00,0x00,0x00,0x00,0x00,0x00,0x00,0x00,0x00,0x00,0x00,0x00,0x00,0x00,0x00,0x04,0x00,0x33,0x57,0x00,0x04,0x02,0x21,0x48,0x98,0x74,0x9e,0x7b,0x74,0x8e,0x8e,0x8a,0xa6,0x2f,0xc4,0x14,0xcb,0x8b,0x7e,0x77,0x6f,0x6f,0x72,0x7f,0x93,0xa6,0xb2,0x96,0xcd,0x7e,0x67,0x75,0x75,0x79,0x72,0x75,0xb3,0x11,0x8b,0x85,0xa5,0x8f,0x8f,0xa2,0xa1,0xa1,0x7b,0x9a,0x67,0x9e,0x9e,0x6f,0x67,0x6f,0x91,0x17,0x93,0x3b,0x21,0x02,0x02,0x00,0x00,0x00,0x00,0x00,0x00,0x00,0x00,0x00,0x00,0x00,0x00,0x00,0x00,0x00,0x00,0x00,0x00,0x00,0x00,0x00,0x00,0x00,0x00,0x00,0x00,0x00,0x00,0x00,0x00,0x00,0x00,0x00,0x00,0x00,0x00,0x00,0x00,0x00,
    0x00,0x00,0x00,0x00,0x00,0x00,0x00,0x00,0x00,0x00,0x00,0x00,0x00,0x00,0x00,0x00,0x00,0x00,0x00,0x00,0x00,0x00,0x00,0x00,0x00,0x00,0x00,0x00,0x00,0x00,0x00,0x00,0x00,0x00,0x00,0x00,0x00,0x00,0x00,0x05,0x00,0x25,0x33,0x00,0x10,0x00,0x4b,0xb2,0x72,0x67,0x67,0x77,0x97,0xb7,0xa1,0x8b,0x8c,0x8e,0x11,0xc5,0xb4,0x79,0x77,0x77,0x7f,0x6f,0xa9,0x93,0xad,0xcc,0x86,0xbb,0xc2,0x91,0x9a,0x9a,0x9a,0x9f,0x9f,0xa5,0x17,0x0e,0xbb,0xc5,0xc5,0xa2,0x77,0x7e,0x2b,0xa1,0xac,0x6f,0x67,0x81,0x81,0x7f,0xa4,0x8a,0x7f,0x9b,0xc2,0x9a,0x30,0x00,0x03,0x00,0x00,0x00,0x00,0x00,0x00,0x00,0x00,0x00,0x00,0x00,0x00,0x00,0x00,0x00,0x00,0x00,0x00,0x00,0x00,0x00,0x00,0x00,0x00,0x00,0x00,0x00,0x00,0x00,0x00,0x00,0x00,0x00,0x00,0x00,0x00,0x00,0x00,0x00,
    0x00,0x00,0x00,0x00,0x00,0x00,0x00,0x00,0x00,0x00,0x00,0x00,0x00,0x00,0x00,0x00,0x00,0x00,0x00,0x00,0x00,0x00,0x00,0x00,0x00,0x00,0x00,0x00,0x00,0x00,0x00,0x00,0x00,0x00,0x00,0x00,0x00,0x00,0x00,0x05,0x00,0x56,0x33,0x00,0x10,0x00,0x35,0x86,0x79,0xac,0x9a,0x79,0xaa,0xe1,0xed,0xe1,0xa0,0xa7,0xdb,0x37,0xcd,0x79,0x75,0x85,0x32,0xc5,0xa1,0xcc,0x93,0xb4,0x86,0x94,0xa1,0x96,0x96,0x96,0x96,0x96,0xad,0x0e,0x37,0xcf,0x0e,0x93,0xa1,0x8b,0x94,0x86,0x31,0x19,0x17,0x97,0x83,0x74,0x83,0x8e,0x8a,0x17,0x7f,0x9f,0xc2,0x7b,0x2c,0x00,0x03,0x00,0x00,0x00,0x00,0x00,0x00,0x00,0x00,0x00,0x00,0x00,0x00,0x00,0x00,0x00,0x00,0x00,0x00,0x00,0x00,0x00,0x00,0x00,0x00,0x00,0x00,0x00,0x00,0x00,0x00,0x00,0x00,0x00,0x00,0x00,0x00,0x00,0x00,0x00,
    0x00,0x00,0x00,0x00,0x00,0x00,0x00,0x00,0x00,0x00,0x00,0x00,0x00,0x00,0x00,0x00,0x00,0x00,0x00,0x00,0x00,0x00,0x00,0x00,0x00,0x00,0x00,0x00,0x00,0x00,0x00,0x00,0x00,0x00,0x00,0x00,0x00,0x00,0x00,0x05,0x00,0x57,0x33,0x00,0x05,0x10,0x63,0x7f,0x9f,0xc5,0x9f,0x7f,0x93,0xed,0xce,0xce,0xce,0xce,0xed,0xcb,0xa2,0x77,0x94,0x0f,0x9b,0xad,0xb7,0xb7,0x94,0xa1,0x94,0x72,0xa3,0x82,0x82,0x79,0x79,0x79,0x86,0xa3,0x8b,0x96,0x96,0x96,0x0e,0xad,0x8f,0x79,0x9e,0xb4,0x11,0x8e,0x74,0x8b,0xac,0x8e,0x1b,0x8b,0x8c,0x9a,0x32,0x98,0x22,0x00,0x03,0x00,0x00,0x00,0x00,0x00,0x00,0x00,0x00,0x00,0x00,0x00,0x00,0x00,0x00,0x00,0x00,0x00,0x00,0x00,0x00,0x00,0x00,0x00,0x00,0x00,0x00,0x00,0x00,0x00,0x00,0x00,0x00,0x00,0x00,0x00,0x00,0x00,0x00,0x00,
    0x00,0x00,0x00,0x00,0x00,0x00,0x00,0x00,0x00,0x00,0x00,0x00,0x00,0x00,0x00,0x00,0x00,0x00,0x00,0x00,0x00,0x00,0x00,0x00,0x00,0x00,0x00,0x00,0x00,0x00,0x00,0x00,0x00,0x00,0x00,0x00,0x00,0x00,0x00,0x04,0x00,0x3e,0x1a,0x00,0x00,0x4b,0xa4,0x91,0x11,0xc5,0x81,0x91,0xa4,0xa7,0xc9,0xe6,0xfa,0xce,0xed,0x0e,0xa2,0x9e,0xbc,0x0e,0xda,0x6b,0x76,0x7d,0x9d,0x8b,0x79,0x77,0x67,0x6f,0x6f,0x9e,0x82,0x86,0x84,0x90,0x31,0xdb,0x7d,0x7d,0x7d,0x89,0xb4,0xac,0xaa,0xa9,0xb0,0x8c,0x9a,0xa4,0xaa,0x7e,0x77,0xa4,0xa5,0x7b,0x17,0xaa,0x35,0x00,0x03,0x00,0x00,0x00,0x00,0x00,0x00,0x00,0x00,0x00,0x00,0x00,0x00,0x00,0x00,0x00,0x00,0x00,0x00,0x00,0x00,0x00,0x00,0x00,0x00,0x00,0x00,0x00,0x00,0x00,0x00,0x00,0x00,0x00,0x00,0x00,0x00,0x00,0x00,0x00,
    0x00,0x00,0x00,0x00,0x00,0x00,0x00,0x00,0x00,0x00,0x00,0x00,0x00,0x00,0x00,0x00,0x00,0x00,0x00,0x00,0x00,0x00,0x00,0x00,0x00,0x00,0x00,0x00,0x00,0x00,0x00,0x00,0x00,0x00,0x00,0x00,0x00,0x00,0x00,0x04,0x00,0x28,0x58,0x05,0x00,0x24,0x8a,0x74,0xa9,0xb0,0x72,0x79,0x9c,0xb3,0xaa,0x8b,0x1c,0xdb,0xf8,0x1b,0xf5,0xeb,0xdb,0x7d,0xd3,0x0e,0x96,0xad,0xb4,0xda,0x77,0x75,0x9e,0x67,0x67,0x67,0x82,0x86,0x84,0x0f,0xdb,0xda,0x0e,0x0e,0xa1,0xb4,0x76,0xee,0xa9,0xa5,0xa5,0xa1,0x93,0x2b,0xaa,0x7f,0x9a,0x1c,0xaa,0x8e,0x11,0x8a,0x42,0x00,0x03,0x00,0x00,0x00,0x00,0x00,0x00,0x00,0x00,0x00,0x00,0x00,0x00,0x00,0x00,0x00,0x00,0x00,0x00,0x00,0x00,0x00,0x00,0x00,0x00,0x00,0x00,0x00,0x00,0x00,0x00,0x00,0x00,0x00,0x00,0x00,0x00,0x00,0x00,0x00,
    0x00,0x00,0x00,0x00,0x00,0x00,0x00,0x00,0x00,0x00,0x00,0x00,0x00,0x00,0x00,0x00,0x00,0x00,0x00,0x00,0x00,0x00,0x00,0x00,0x00,0x00,0x00,0x00,0x00,0x00,0x00,0x00,0x00,0x00,0x00,0x00,0x00,0x00,0x00,0x04,0x00,0x18,0x08,0x15,0x02,0x2d,0x8a,0x98,0xa9,0x9f,0x7f,0xad,0xcb,0x2f,0xa1,0xa4,0x19,0xeb,0xc2,0x84,0xe0,0xee,0x6e,0x96,0x94,0xcb,0x9d,0xd6,0x86,0xbb,0x2b,0x0f,0x86,0x82,0x67,0x67,0x6f,0x8f,0x67,0x8b,0x0e,0xb2,0xdb,0x6e,0xb4,0xbb,0x31,0xdb,0x76,0xcc,0xa1,0xad,0xc2,0xad,0xa5,0x91,0x9a,0x8a,0x83,0x8e,0xa4,0x37,0x38,0x02,0x02,0x00,0x00,0x00,0x00,0x00,0x00,0x00,0x00,0x00,0x00,0x00,0x00,0x00,0x00,0x00,0x00,0x00,0x00,0x00,0x00,0x00,0x00,0x00,0x00,0x00,0x00,0x00,0x00,0x00,0x00,0x00,0x00,0x00,0x00,0x00,0x00,0x00,0x00,0x00,
    0x00,0x00,0x00,0x00,0x00,0x00,0x00,0x00,0x00,0x00,0x00,0x00,0x00,0x00,0x00,0x00,0x00,0x00,0x00,0x00,0x00,0x00,0x00,0x00,0x00,0x00,0x00,0x00,0x00,0x00,0x00,0x00,0x00,0x00,0x00,0x00,0x00,0x00,0x00,0x00,0x04,0x01,0x58,0x2a,0x00,0x45,0x7f,0xb0,0xa9,0x9a,0x91,0xea,0xed,0xfa,0xe6,0xe6,0xe1,0xb6,0xad,0x98,0x7c,0x9d,0xb2,0x8d,0xd3,0x6e,0xdb,0xd6,0xd8,0xb7,0x90,0xa3,0x75,0x82,0x9e,0x67,0x67,0x8f,0x85,0x8f,0x75,0x7c,0x6c,0xcb,0x2f,0x71,0x96,0x8d,0xdb,0x71,0x32,0x7f,0xa6,0x1c,0x8a,0x8e,0x74,0x8e,0x87,0x74,0x32,0xa4,0x55,0x00,0x03,0x00,0x00,0x00,0x00,0x00,0x00,0x00,0x00,0x00,0x00,0x00,0x00,0x00,0x00,0x00,0x00,0x00,0x00,0x00,0x00,0x00,0x00,0x00,0x00,0x00,0x00,0x00,0x00,0x00,0x00,0x00,0x00,0x00,0x00,0x00,0x00,0x00,0x00,0x00,
    0x00,0x00,0x00,0x00,0x00,0x00,0x00,0x00,0x00,0x00,0x00,0x00,0x00,0x00,0x00,0x00,0x00,0x00,0x00,0x00,0x00,0x00,0x00,0x00,0x00,0x00,0x00,0x00,0x00,0x00,0x00,0x00,0x00,0x00,0x00,0x00,0x00,0x00,0x00,0x00,0x04,0x00,0x0d,0x37,0x54,0x1e,0x85,0x17,0xc5,0x79,0x97,0xc4,0xed,0xce,0xce,0xce,0xce,0xe1,0xb2,0xa1,0x7d,0xad,0x8d,0x1c,0x9d,0x94,0x90,0xb2,0x9d,0x7c,0x9e,0x6f,0x6f,0x67,0x67,0x67,0x67,0x67,0x77,0xa2,0xa1,0x76,0xb2,0x8d,0x94,0x7c,0x7c,0x84,0x31,0x6d,0xdb,0x7e,0x0e,0xda,0xa5,0x8e,0x69,0x69,0x67,0x9a,0x8b,0x8c,0x5a,0x54,0x00,0x0b,0x00,0x00,0x00,0x00,0x00,0x00,0x00,0x00,0x00,0x00,0x00,0x00,0x00,0x00,0x00,0x00,0x00,0x00,0x00,0x00,0x00,0x00,0x00,0x00,0x00,0x00,0x00,0x00,0x00,0x00,0x00,0x00,0x00,0x00,0x00,0x00,0x00,0x00,
    0x00,0x00,0x00,0x00,0x00,0x00,0x00,0x00,0x00,0x00,0x00,0x00,0x00,0x00,0x00,0x00,0x00,0x00,0x00,0x00,0x00,0x00,0x00,0x00,0x00,0x00,0x00,0x00,0x00,0x00,0x00,0x00,0x00,0x00,0x00,0x00,0x00,0x00,0x00,0x00,0x00,0x05,0x03,0x4a,0x59,0x4e,0xac,0x11,0x8a,0x79,0x6f,0xa1,0xc4,0xc4,0xa7,0xa7,0xe1,0xf8,0x75,0x7c,0xd6,0x8d,0x0f,0xd3,0xd6,0x8d,0xa3,0x8d,0xdb,0x7d,0x8b,0x7e,0x77,0x67,0x67,0x67,0x67,0x67,0x77,0x90,0xcb,0xd3,0x8d,0x0f,0x8d,0xd6,0x7d,0xbb,0x8d,0x2f,0x7d,0xac,0x0e,0xd0,0xa5,0x91,0x77,0x6f,0x6f,0x91,0x8b,0xa4,0xa4,0x36,0x3a,0x00,0x03,0x00,0x00,0x00,0x00,0x00,0x00,0x00,0x00,0x00,0x00,0x00,0x00,0x00,0x00,0x00,0x00,0x00,0x00,0x00,0x00,0x00,0x00,0x00,0x00,0x00,0x00,0x00,0x00,0x00,0x00,0x00,0x00,0x00,0x00,0x00,0x00,0x00,
    0x00,0x00,0x00,0x00,0x00,0x00,0x00,0x00,0x00,0x00,0x00,0x00,0x00,0x00,0x00,0x00,0x00,0x00,0x00,0x00,0x00,0x00,0x00,0x00,0x00,0x00,0x00,0x00,0x00,0x00,0x00,0x00,0x00,0x00,0x00,0x00,0x00,0x00,0x00,0x00,0x00,0x02,0x01,0x2e,0x23,0x98,0x83,0x98,0x83,0x7b,0x6f,0xb3,0xb3,0x97,0x87,0xd5,0xba,0xad,0xa6,0x7d,0xad,0x8d,0x86,0x08,0xc3,0xfe,0x90,0x94,0xb6,0x7d,0xbb,0x90,0x86,0x82,0x75,0x75,0x75,0x86,0x84,0x8d,0xcb,0x6c,0xbb,0x90,0xfe,0xc9,0xb1,0x96,0x8d,0x9b,0x7d,0x19,0xb7,0xd1,0x96,0x7f,0x77,0x9e,0x9e,0x97,0xb0,0x3d,0x1c,0xa4,0x36,0x54,0x02,0x03,0x00,0x00,0x00,0x00,0x00,0x00,0x00,0x00,0x00,0x00,0x00,0x00,0x00,0x00,0x00,0x00,0x00,0x00,0x00,0x00,0x00,0x00,0x00,0x00,0x00,0x00,0x00,0x00,0x00,0x00,0x00,0x00,0x00,0x00,0x00,0x00,
    0x00,0x00,0x00,0x00,0x00,0x00,0x00,0x00,0x00,0x00,0x00,0x00,0x00,0x00,0x00,0x00,0x00,0x00,0x00,0x00,0x00,0x00,0x00,0x00,0x00,0x00,0x00,0x00,0x00,0x00,0x00,0x00,0x00,0x00,0x00,0x00,0x00,0x00,0x00,0x00,0x00,0x00,0x03,0x00,0x55,0x5a,0x83,0x7b,0x7b,0x8c,0x81,0x77,0x77,0x7e,0x2b,0x88,0x20,0x0e,0x46,0x89,0xa3,0x90,0x90,0xda,0xe1,0xf9,0xf3,0xfd,0xe2,0xb6,0x9b,0x90,0x0f,0x86,0x86,0x86,0x86,0x86,0x84,0x8d,0x46,0xb6,0xc1,0xe7,0xf9,0xf3,0xe6,0xad,0x90,0x0f,0x08,0x19,0xd5,0xaf,0xf0,0x92,0x9e,0x67,0x7b,0x74,0x83,0x22,0x24,0x51,0xa9,0x4a,0x00,0x0b,0x02,0x00,0x00,0x00,0x00,0x00,0x00,0x00,0x00,0x00,0x00,0x00,0x00,0x00,0x00,0x00,0x00,0x00,0x00,0x00,0x00,0x00,0x00,0x00,0x00,0x00,0x00,0x00,0x00,0x00,0x00,0x00,0x00,0x00,0x00,0x00,
    0x00,0x00,0x00,0x00,0x00,0x00,0x00,0x00,0x00,0x00,0x00,0x00,0x00,0x00,0x00,0x00,0x00,0x00,0x00,0x00,0x00,0x00,0x00,0x00,0x00,0x00,0x00,0x00,0x00,0x00,0x00,0x00,0x00,0x00,0x00,0x00,0x00,0x00,0x00,0x00,0x00,0x00,0x00,0x05,0x04,0x4e,0xa4,0x79,0x9e,0x9e,0x67,0x6f,0x9e,0x97,0xdd,0xb8,0xba,0xcb,0xa2,0x37,0x9b,0x90,0x8d,0xf1,0xf9,0xf3,0xfd,0xf3,0xf3,0xea,0x75,0x9e,0x75,0x75,0x75,0x75,0x75,0x82,0x9e,0xa2,0x96,0xea,0xf3,0xfd,0xff,0xf6,0xd9,0x31,0x90,0xa3,0x2f,0x7e,0xd7,0xd1,0x47,0xac,0x97,0x8c,0x83,0x83,0x74,0x17,0x24,0x10,0x41,0x23,0x35,0x00,0x02,0x01,0x00,0x00,0x00,0x00,0x00,0x00,0x00,0x00,0x00,0x00,0x00,0x00,0x00,0x00,0x00,0x00,0x00,0x00,0x00,0x00,0x00,0x00,0x00,0x00,0x00,0x00,0x00,0x00,0x00,0x00,0x00,0x00,0x00,0x00,
    0x00,0x00,0x00,0x00,0x00,0x00,0x00,0x00,0x00,0x00,0x00,0x00,0x00,0x00,0x00,0x00,0x00,0x00,0x00,0x00,0x00,0x00,0x00,0x00,0x00,0x00,0x00,0x00,0x00,0x00,0x00,0x00,0x00,0x00,0x00,0x00,0x00,0x00,0x00,0x00,0x00,0x00,0x03,0x00,0x3a,0xa5,0xa4,0xaa,0x79,0x9e,0x9e,0x77,0xb3,0xb7,0x47,0xa6,0xcb,0xda,0x7e,0xaa,0x8a,0x8d,0x8d,0xb2,0xea,0xff,0xf6,0xf6,0xf1,0xad,0x7f,0x77,0x67,0x67,0x67,0x67,0x67,0x6f,0x75,0x86,0x84,0xd8,0x96,0xf6,0xf6,0xd5,0xb7,0x8d,0x8d,0x94,0x8f,0x9b,0xd6,0xb4,0xcf,0xa9,0x8e,0x98,0x83,0x83,0x81,0x9f,0x51,0x00,0x00,0x52,0xa5,0x2d,0x10,0x03,0x01,0x00,0x00,0x00,0x00,0x00,0x00,0x00,0x00,0x00,0x00,0x00,0x00,0x00,0x00,0x00,0x00,0x00,0x00,0x00,0x00,0x00,0x00,0x00,0x00,0x00,0x00,0x00,0x00,0x00,0x00,0x00,0x00,0x00,
    0x00,0x00,0x00,0x00,0x00,0x00,0x00,0x00,0x00,0x00,0x00,0x00,0x00,0x00,0x00,0x00,0x00,0x00,0x00,0x00,0x00,0x00,0x00,0x00,0x00,0x00,0x00,0x00,0x00,0x00,0x00,0x00,0x00,0x00,0x00,0x00,0x00,0x00,0x00,0x00,0x00,0x00,0x03,0x00,0x35,0x7b,0xb0,0xac,0x7b,0x8c,0x8c,0x97,0xb0,0xb8,0xdd,0xa5,0x2f,0x19,0xa5,0x7e,0x7e,0xa3,0x0f,0x8d,0x2b,0xd8,0xd8,0xd8,0xad,0x0f,0xa3,0x67,0x67,0x67,0x77,0x77,0x9e,0x67,0x75,0x86,0x90,0x86,0xf4,0xd8,0xd8,0xb7,0x90,0x0f,0x94,0x82,0x7f,0x93,0xcc,0xb4,0xd8,0xf1,0x98,0x83,0x74,0x7b,0x75,0x6f,0xaa,0x30,0x05,0x00,0x63,0x8a,0x43,0x00,0x03,0x00,0x00,0x00,0x00,0x00,0x00,0x00,0x00,0x00,0x00,0x00,0x00,0x00,0x00,0x00,0x00,0x00,0x00,0x00,0x00,0x00,0x00,0x00,0x00,0x00,0x00,0x00,0x00,0x00,0x00,0x00,0x00,0x00,
    0x00,0x00,0x00,0x00,0x00,0x00,0x00,0x00,0x00,0x00,0x00,0x00,0x00,0x00,0x00,0x00,0x00,0x00,0x00,0x00,0x00,0x00,0x00,0x00,0x00,0x00,0x00,0x00,0x00,0x00,0x00,0x00,0x00,0x00,0x00,0x00,0x00,0x02,0x0b,0x02,0x00,0x0b,0x00,0x39,0x11,0x83,0x83,0x74,0x74,0x74,0x83,0x74,0xef,0xaf,0xdd,0x37,0x80,0x1c,0x32,0x86,0x86,0x94,0xb2,0x31,0x2b,0x9b,0x9b,0x31,0x90,0xa3,0x75,0x67,0x67,0x75,0x85,0x85,0x75,0x67,0x67,0x75,0x75,0x82,0xa2,0x94,0x9b,0xc2,0xc2,0x85,0x8b,0x8f,0x8f,0x93,0xf2,0xd3,0xc8,0xc7,0xb7,0x9c,0x77,0x67,0x77,0x7e,0xaa,0x1e,0x00,0x05,0x35,0xb0,0x22,0x21,0x02,0x01,0x00,0x00,0x00,0x00,0x00,0x00,0x00,0x00,0x00,0x00,0x00,0x00,0x00,0x00,0x00,0x00,0x00,0x00,0x00,0x00,0x00,0x00,0x00,0x00,0x00,0x00,0x00,0x00,0x00,0x00,0x00,0x00,
    0x00,0x00,0x00,0x00,0x00,0x00,0x00,0x00,0x00,0x00,0x00,0x00,0x00,0x00,0x00,0x00,0x00,0x00,0x00,0x00,0x00,0x00,0x00,0x00,0x00,0x00,0x00,0x00,0x00,0x00,0x00,0x00,0x00,0x00,0x00,0x01,0x0b,0x00,0x00,0x00,0x00,0x00,0x15,0x3d,0xa4,0x69,0x83,0x69,0x69,0x77,0x91,0x96,0xae,0xc0,0xc4,0xeb,0xdc,0x8a,0xc5,0xa3,0x9e,0x9e,0x85,0xab,0x85,0xa3,0x7e,0x75,0x9e,0x67,0x67,0x67,0x6f,0x6f,0x77,0x77,0x67,0x67,0x67,0x67,0x67,0x77,0x85,0x8f,0x85,0xab,0xbc,0xab,0x8f,0x75,0xb2,0x11,0xa4,0xde,0xd7,0xc8,0xb8,0x9b,0x7f,0x77,0x9e,0x75,0x9f,0x5b,0x34,0x00,0x2c,0xa4,0x8a,0x30,0x00,0x03,0x00,0x00,0x00,0x00,0x00,0x00,0x00,0x00,0x00,0x00,0x00,0x00,0x00,0x00,0x00,0x00,0x00,0x00,0x00,0x00,0x00,0x00,0x00,0x00,0x00,0x00,0x00,0x00,0x00,0x00,0x00,0x00,
    0x00,0x00,0x00,0x00,0x00,0x00,0x00,0x00,0x00,0x00,0x00,0x00,0x00,0x00,0x00,0x00,0x00,0x00,0x00,0x00,0x00,0x00,0x00,0x00,0x00,0x00,0x00,0x00,0x00,0x00,0x00,0x00,0x00,0x00,0x02,0x00,0x00,0x2e,0x49,0x26,0x1d,0x43,0x48,0x17,0x74,0x74,0x69,0x69,0x74,0x97,0xaa,0x20,0xdd,0xde,0xc5,0x5f,0xdc,0x81,0xc2,0xcd,0x79,0xab,0xab,0xab,0xab,0xab,0x85,0x8f,0x67,0x67,0x67,0x9e,0x82,0x82,0xa2,0xa2,0x67,0x6f,0x67,0x67,0x67,0x67,0x8f,0x85,0x85,0xab,0xab,0x85,0x85,0x84,0xad,0xb0,0x11,0xdc,0xde,0x5f,0xef,0xb8,0x98,0x7b,0x8c,0x9a,0x87,0xac,0x48,0x26,0x22,0xac,0x92,0x44,0x00,0x1d,0x00,0x00,0x00,0x00,0x00,0x00,0x00,0x00,0x00,0x00,0x00,0x00,0x00,0x00,0x00,0x00,0x00,0x00,0x00,0x00,0x00,0x00,0x00,0x00,0x00,0x00,0x00,0x00,0x00,0x00,0x00,0x00,
    0x00,0x00,0x00,0x00,0x00,0x00,0x00,0x00,0x00,0x00,0x00,0x00,0x00,0x00,0x00,0x00,0x00,0x00,0x00,0x00,0x00,0x00,0x00,0x00,0x00,0x00,0x00,0x00,0x00,0x00,0x00,0x00,0x00,0x01,0x00,0x0a,0x4d,0x23,0xa9,0x36,0x36,0xa5,0x8c,0x97,0x69,0x69,0x69,0x8c,0x6f,0x74,0xdd,0xc7,0xf0,0xf5,0x11,0xf2,0xda,0xbc,0xe0,0x93,0x82,0xab,0xab,0xab,0xab,0x85,0x85,0x77,0x67,0x67,0x67,0x75,0x86,0xa3,0x93,0x93,0xa3,0x75,0x75,0x9e,0x67,0x67,0x67,0x8f,0x85,0x85,0x85,0x85,0x85,0x8f,0xcc,0xe0,0xeb,0xde,0xde,0x11,0xf4,0xae,0xd5,0x87,0x98,0x83,0x83,0x87,0x17,0x5b,0x8b,0x74,0x83,0x42,0x00,0x03,0x00,0x00,0x00,0x00,0x00,0x00,0x00,0x00,0x00,0x00,0x00,0x00,0x00,0x00,0x00,0x00,0x00,0x00,0x00,0x00,0x00,0x00,0x00,0x00,0x00,0x00,0x00,0x00,0x00,0x00,0x00,0x00,
    0x00,0x00,0x00,0x00,0x00,0x00,0x00,0x00,0x00,0x00,0x00,0x00,0x00,0x00,0x00,0x00,0x00,0x00,0x00,0x00,0x00,0x00,0x00,0x00,0x00,0x00,0x00,0x00,0x00,0x00,0x00,0x00,0x02,0x02,0x0a,0x4e,0x11,0x69,0x74,0x83,0x9f,0x81,0x72,0x77,0x81,0x8c,0x81,0x9e,0x91,0xfb,0x99,0xaf,0xd7,0x74,0xa9,0xde,0xcf,0xf2,0xca,0xdc,0x94,0x85,0x85,0x85,0x8f,0x8f,0x77,0x67,0x67,0x67,0x67,0x77,0xa2,0x93,0xf7,0xf7,0x93,0x8d,0x86,0x86,0x75,0x67,0x67,0x67,0x77,0x85,0x85,0x85,0x8f,0x32,0xcf,0xe3,0xcf,0xde,0xeb,0x83,0xf0,0xc7,0xc0,0xac,0x81,0x9a,0x81,0x6f,0x97,0x8a,0xac,0x74,0x17,0x2e,0x00,0x02,0x00,0x00,0x00,0x00,0x00,0x00,0x00,0x00,0x00,0x00,0x00,0x00,0x00,0x00,0x00,0x00,0x00,0x00,0x00,0x00,0x00,0x00,0x00,0x00,0x00,0x00,0x00,0x00,0x00,0x00,0x00,0x00,
    0x00,0x00,0x00,0x00,0x00,0x00,0x00,0x00,0x00,0x00,0x00,0x00,0x00,0x00,0x00,0x00,0x00,0x00,0x00,0x00,0x00,0x00,0x00,0x00,0x00,0x00,0x00,0x00,0x00,0x00,0x00,0x00,0x0b,0x00,0x4d,0xa9,0x74,0x83,0x83,0x83,0x69,0x87,0x69,0x8c,0x7b,0x6f,0x9e,0x8e,0xfc,0x99,0x78,0x88,0xba,0xbc,0x67,0xa5,0xb4,0x5c,0xeb,0xb4,0x0e,0x84,0x77,0x77,0x6f,0x67,0x67,0x67,0x67,0x67,0x67,0x77,0x7f,0x8a,0xf7,0xf7,0x2b,0x90,0x86,0x86,0x75,0x67,0x67,0x67,0x67,0x8f,0x85,0x85,0x8f,0x19,0xa1,0xb4,0xd6,0x8a,0x79,0x85,0xd4,0x20,0xbd,0xf4,0x9c,0x77,0x9e,0x9e,0x75,0x9a,0x83,0x17,0x4d,0x0b,0x05,0x00,0x00,0x00,0x00,0x00,0x00,0x00,0x00,0x00,0x00,0x00,0x00,0x00,0x00,0x00,0x00,0x00,0x00,0x00,0x00,0x00,0x00,0x00,0x00,0x00,0x00,0x00,0x00,0x00,0x00,0x00,0x00,0x00,
    0x00,0x00,0x00,0x00,0x00,0x00,0x00,0x00,0x00,0x00,0x00,0x00,0x00,0x00,0x00,0x00,0x00,0x00,0x00,0x00,0x00,0x00,0x00,0x00,0x00,0x00,0x00,0x00,0x00,0x00,0x00,0x00,0x00,0x00,0x22,0xaa,0x69,0x83,0x83,0x98,0x83,0xac,0x69,0x74,0x81,0x9e,0x92,0xd5,0xaf,0x78,0x70,0x88,0xe5,0xc4,0x98,0xa2,0x9b,0xb4,0x84,0x8d,0xcc,0xcd,0x7e,0x77,0x67,0x67,0x67,0x67,0x67,0x67,0x67,0x67,0x6f,0x7e,0x94,0x94,0x84,0x82,0x82,0x75,0x67,0x67,0x67,0x67,0x67,0x75,0x9e,0xa2,0x23,0x0e,0x8d,0xcd,0xf2,0x90,0x9a,0xea,0xae,0xc8,0xaf,0xf0,0x87,0x77,0x6f,0x77,0x7e,0x17,0xc5,0x4e,0x18,0x00,0x01,0x00,0x00,0x00,0x00,0x00,0x00,0x00,0x00,0x00,0x00,0x00,0x00,0x00,0x00,0x00,0x00,0x00,0x00,0x00,0x00,0x00,0x00,0x00,0x00,0x00,0x00,0x00,0x00,0x00,0x00,0x00,0x00,0x00,
    0x00,0x00,0x00,0x00,0x00,0x00,0x00,0x00,0x00,0x00,0x00,0x00,0x00,0x00,0x00,0x00,0x00,0x00,0x00,0x00,0x00,0x00,0x00,0x00,0x00,0x00,0x00,0x00,0x00,0x00,0x00,0x00,0x00,0x00,0x3b,0x8e,0x74,0x69,0x97,0x9c,0xa6,0xc2,0x8e,0x74,0x8c,0x97,0x8b,0xc8,0xaf,0x99,0x70,0x88,0xb9,0xbf,0xa7,0xb7,0x96,0x5c,0xb2,0x31,0xd7,0xc4,0x7f,0x84,0x77,0x77,0x6f,0x67,0x67,0x67,0x67,0x67,0x67,0x6f,0x79,0x79,0x6f,0x67,0x67,0x67,0x67,0x67,0x67,0x6f,0xa3,0x86,0x8d,0x9b,0xba,0xef,0xfe,0x93,0x37,0xd5,0xa7,0xb9,0xaf,0xb8,0xaf,0xdd,0x98,0x83,0x74,0x69,0x8c,0x98,0x8b,0x42,0x00,0x03,0x00,0x00,0x00,0x00,0x00,0x00,0x00,0x00,0x00,0x00,0x00,0x00,0x00,0x00,0x00,0x00,0x00,0x00,0x00,0x00,0x00,0x00,0x00,0x00,0x00,0x00,0x00,0x00,0x00,0x00,0x00,0x00,0x00,0x00,
    0x00,0x00,0x00,0x00,0x00,0x00,0x00,0x00,0x00,0x00,0x00,0x00,0x00,0x00,0x00,0x00,0x00,0x00,0x00,0x00,0x00,0x00,0x00,0x00,0x00,0x00,0x00,0x00,0x00,0x00,0x00,0x00,0x00,0x00,0x5e,0x8e,0x91,0x8c,0xa5,0x93,0xa1,0x7f,0x8c,0x87,0x74,0x87,0xd5,0xc7,0xbd,0x88,0x70,0x7a,0xb9,0xae,0xd1,0xb9,0xdf,0xec,0xda,0xba,0xd1,0xbf,0xc4,0xcd,0xa2,0xa2,0x82,0x9e,0xa3,0x6f,0x67,0x67,0x67,0x67,0x6f,0x6f,0x67,0x67,0x67,0x67,0x67,0x77,0x77,0x82,0x90,0x84,0xb7,0xba,0xbf,0x70,0xd1,0x37,0xdc,0xe5,0xd1,0xae,0x88,0xd1,0x88,0xdd,0x83,0x81,0x81,0x87,0x74,0x83,0x74,0x45,0x1d,0x03,0x00,0x00,0x00,0x00,0x00,0x00,0x00,0x00,0x00,0x00,0x00,0x00,0x00,0x00,0x00,0x00,0x00,0x00,0x00,0x00,0x00,0x00,0x00,0x00,0x00,0x00,0x00,0x00,0x00,0x00,0x00,0x00,0x00,0x00,
    0x00,0x00,0x00,0x00,0x00,0x00,0x00,0x00,0x00,0x00,0x00,0x00,0x00,0x00,0x00,0x00,0x00,0x00,0x00,0x00,0x00,0x00,0x00,0x00,0x00,0x00,0x00,0x00,0x00,0x00,0x00,0x00,0x00,0x00,0x5e,0xb3,0x29,0x52,0x2c,0x59,0x9e,0x75,0x81,0xac,0x8e,0x83,0xd4,0xaf,0x99,0x7a,0x70,0x78,0xc8,0x7a,0xc7,0xf8,0xec,0xe8,0xec,0xda,0xae,0xae,0xbf,0xb9,0xf1,0xbb,0x86,0x90,0xa2,0x72,0x77,0x77,0x77,0x6f,0x67,0x67,0x6f,0x6f,0x77,0x77,0x75,0x7f,0xa2,0x85,0x93,0xc4,0xe5,0xb9,0xd1,0xc0,0xd6,0xe9,0xe8,0xcf,0x47,0x99,0x7a,0xae,0x78,0xfb,0x92,0x9e,0x6f,0x69,0x74,0x83,0x87,0x8a,0x21,0x01,0x02,0x00,0x00,0x00,0x00,0x00,0x00,0x00,0x00,0x00,0x00,0x00,0x00,0x00,0x00,0x00,0x00,0x00,0x00,0x00,0x00,0x00,0x00,0x00,0x00,0x00,0x00,0x00,0x00,0x00,0x00,0x00,0x00,0x00,
    0x00,0x00,0x00,0x00,0x00,0x00,0x00,0x00,0x00,0x00,0x00,0x00,0x00,0x00,0x00,0x00,0x00,0x00,0x00,0x00,0x00,0x00,0x00,0x00,0x00,0x00,0x00,0x00,0x00,0x00,0x00,0x00,0x00,0x00,0x5e,0x3b,0x1d,0x00,0x22,0x8c,0x81,0x97,0x8a,0xa7,0xa5,0x8e,0xdd,0x78,0x70,0x70,0x7a,0x78,0xc7,0x88,0x70,0xd7,0xe8,0xe8,0xe8,0xd6,0x7a,0xae,0xbf,0xbf,0xd1,0xc0,0xd4,0xd5,0xbb,0x77,0x91,0x7e,0x79,0x79,0x75,0x72,0x79,0x9e,0x67,0x81,0xcd,0x93,0xb4,0xba,0xd1,0xb9,0xbf,0xb9,0xae,0xbd,0xec,0xe8,0xe8,0xe9,0xb8,0x95,0x88,0x20,0x88,0xd5,0x92,0x8c,0x69,0x74,0x74,0x98,0x23,0xcf,0x10,0x00,0x01,0x00,0x00,0x00,0x00,0x00,0x00,0x00,0x00,0x00,0x00,0x00,0x00,0x00,0x00,0x00,0x00,0x00,0x00,0x00,0x00,0x00,0x00,0x00,0x00,0x00,0x00,0x00,0x00,0x00,0x00,0x00,0x00,0x00,
    0x00,0x00,0x00,0x00,0x00,0x00,0x00,0x00,0x00,0x00,0x00,0x00,0x00,0x00,0x00,0x00,0x00,0x00,0x00,0x00,0x00,0x00,0x00,0x00,0x00,0x00,0x00,0x00,0x00,0x00,0x00,0x00,0x00,0x00,0x5e,0x3b,0x00,0x55,0x8a,0x83,0x74,0x87,0xf0,0xaf,0xdd,0x98,0xfb,0x95,0x70,0x70,0x70,0x78,0xbe,0xbe,0x95,0xc7,0xe9,0xe9,0xe9,0xd4,0xe4,0x20,0xbf,0xbf,0xae,0xe4,0x95,0xd1,0xe5,0x47,0xea,0x1c,0x11,0xbc,0x8f,0x85,0xbc,0xe0,0x1c,0xc4,0x14,0xdf,0xdf,0xc7,0xaf,0xb9,0xbf,0xb9,0x20,0xe4,0xb4,0xe9,0xe9,0xcf,0xaf,0x95,0xbd,0xae,0xc0,0x8a,0x97,0x74,0x69,0x83,0x8c,0x93,0x1e,0x34,0x39,0x0a,0x00,0x00,0x00,0x00,0x00,0x00,0x00,0x00,0x00,0x00,0x00,0x00,0x00,0x00,0x00,0x00,0x00,0x00,0x00,0x00,0x00,0x00,0x00,0x00,0x00,0x00,0x00,0x00,0x00,0x00,0x00,0x00,0x00,0x00,
    0x00,0x00,0x00,0x00,0x00,0x00,0x00,0x00,0x00,0x00,0x00,0x00,0x00,0x00,0x00,0x00,0x00,0x00,0x00,0x00,0x00,0x00,0x00,0x00,0x00,0x00,0x00,0x00,0x00,0x00,0x00,0x00,0x00,0x00,0x3b,0x69,0x44,0x15,0x8a,0x91,0x6f,0x83,0xd4,0x78,0x70,0xef,0xfb,0x70,0x70,0x70,0x70,0x70,0x7a,0x88,0x78,0xbe,0xcf,0x47,0xcb,0xcb,0x95,0x20,0xb9,0xbf,0xae,0x78,0x78,0xae,0xb9,0xbf,0xbf,0xba,0x4c,0xe0,0xd2,0xd2,0xe0,0xe0,0xa7,0xbf,0xb9,0xe5,0xe5,0xc7,0xbd,0xb9,0xb9,0xb9,0x20,0x78,0xd6,0xb8,0xb8,0xcf,0xbe,0x78,0xd4,0xd7,0x96,0x91,0x7f,0x67,0x6f,0x9e,0x72,0xa6,0x21,0x00,0x25,0x1e,0x00,0x05,0x00,0x00,0x00,0x00,0x00,0x00,0x00,0x00,0x00,0x00,0x00,0x00,0x00,0x00,0x00,0x00,0x00,0x00,0x00,0x00,0x00,0x00,0x00,0x00,0x00,0x00,0x00,0x00,0x00,0x00,0x00,0x00,
    0x00,0x00,0x00,0x00,0x00,0x00,0x00,0x00,0x00,0x00,0x00,0x00,0x00,0x00,0x00,0x00,0x00,0x00,0x00,0x00,0x00,0x00,0x00,0x00,0x00,0x00,0x00,0x00,0x00,0x00,0x00,0x00,0x00,0x0b,0x29,0x30,0x3b,0x29,0x1b,0x79,0x9e,0x98,0xd4,0x70,0x70,0x78,0xb8,0x99,0x70,0x7a,0x70,0x70,0x7a,0x7a,0x70,0x88,0x20,0x95,0x70,0xbe,0x95,0xae,0xbf,0xdf,0xd0,0xd0,0xd0,0xc3,0x89,0xd0,0xba,0xba,0xca,0xbc,0xd2,0xd2,0xbc,0xbc,0xf8,0xdf,0xd0,0xc3,0xc3,0xd0,0xd0,0xc3,0xdf,0xe5,0xc7,0x7a,0xbd,0x88,0x78,0xc8,0x7a,0xc0,0xc2,0x9c,0x7f,0x97,0xc2,0x9a,0x81,0x81,0x91,0x23,0x3f,0x49,0x5b,0x49,0x00,0x05,0x00,0x00,0x00,0x00,0x00,0x00,0x00,0x00,0x00,0x00,0x00,0x00,0x00,0x00,0x00,0x00,0x00,0x00,0x00,0x00,0x00,0x00,0x00,0x00,0x00,0x00,0x00,0x00,0x00,0x00,0x00,0x00,
    0x00,0x00,0x00,0x00,0x00,0x00,0x00,0x00,0x00,0x00,0x00,0x00,0x00,0x00,0x00,0x00,0x00,0x00,0x00,0x00,0x00,0x00,0x00,0x00,0x00,0x00,0x00,0x00,0x00,0x00,0x00,0x00,0x00,0x02,0x1d,0x00,0x38,0x45,0x9f,0x7b,0x81,0x74,0xd7,0x88,0x70,0x70,0x70,0x7a,0x70,0x70,0x70,0x70,0x88,0xbe,0x70,0x70,0x78,0x7a,0x78,0x78,0x70,0xc7,0xdf,0x6c,0x6e,0x6b,0x76,0x71,0x76,0x71,0x71,0xee,0x4c,0xca,0xca,0xd2,0xd2,0xd2,0x7c,0x71,0x6b,0x71,0x71,0x76,0x71,0x71,0x71,0xd0,0xbe,0x88,0x88,0x88,0x70,0x78,0x70,0xd4,0x98,0x82,0x9f,0xd7,0xd1,0xf0,0x92,0x9a,0x74,0x83,0x0e,0x19,0x40,0x00,0x05,0x00,0x00,0x00,0x00,0x00,0x00,0x00,0x00,0x00,0x00,0x00,0x00,0x00,0x00,0x00,0x00,0x00,0x00,0x00,0x00,0x00,0x00,0x00,0x00,0x00,0x00,0x00,0x00,0x00,0x00,0x00,0x00,0x00,
    0x00,0x00,0x00,0x00,0x00,0x00,0x00,0x00,0x00,0x00,0x00,0x00,0x00,0x00,0x00,0x00,0x00,0x00,0x00,0x00,0x00,0x00,0x00,0x00,0x00,0x00,0x00,0x00,0x00,0x00,0x00,0x00,0x00,0x00,0x00,0x03,0x00,0x00,0x45,0x8c,0xb0,0x92,0xd5,0xaf,0x78,0x7a,0x70,0x70,0x70,0x70,0x70,0x70,0x78,0x99,0xaf,0x70,0x78,0x78,0x7a,0x88,0xe4,0xb8,0x6c,0x73,0x73,0x73,0x6e,0x6b,0x6b,0x6c,0x7d,0x7c,0xbc,0xca,0xca,0xca,0xd2,0xbc,0xcf,0x7d,0x7d,0x6b,0x76,0x6c,0x6a,0x6c,0x6d,0x71,0xb8,0xe4,0x88,0x70,0x70,0x88,0x99,0xef,0x8c,0x91,0xd7,0xae,0x7a,0xae,0xad,0x7f,0x81,0x7b,0x91,0x0e,0x49,0x00,0x04,0x00,0x00,0x00,0x00,0x00,0x00,0x00,0x00,0x00,0x00,0x00,0x00,0x00,0x00,0x00,0x00,0x00,0x00,0x00,0x00,0x00,0x00,0x00,0x00,0x00,0x00,0x00,0x00,0x00,0x00,0x00,0x00,0x00,
    0x00,0x00,0x00,0x00,0x00,0x00,0x00,0x00,0x00,0x00,0x00,0x00,0x00,0x00,0x00,0x00,0x00,0x00,0x00,0x00,0x00,0x00,0x00,0x00,0x00,0x00,0x00,0x00,0x00,0x00,0x00,0x00,0x00,0x00,0x02,0x00,0x1d,0x03,0x42,0xb3,0xa4,0xb0,0xad,0xbd,0x78,0x7a,0x70,0x70,0x70,0x70,0x70,0x7a,0x78,0xae,0xae,0x95,0x95,0x95,0x70,0x78,0xb8,0xc3,0x66,0x68,0x66,0x66,0x6d,0x6c,0x6c,0x6c,0x37,0x8b,0x77,0x8f,0xab,0xac,0x8f,0x75,0x85,0xcc,0x7c,0x71,0x89,0x66,0x68,0x66,0x68,0x66,0xc3,0xc0,0x95,0x7a,0x70,0x7a,0x70,0xd4,0x98,0x98,0xc8,0x88,0x99,0x88,0xdd,0x9f,0x8c,0x83,0x74,0xa9,0x40,0x21,0x0b,0x00,0x00,0x00,0x00,0x00,0x00,0x00,0x00,0x00,0x00,0x00,0x00,0x00,0x00,0x00,0x00,0x00,0x00,0x00,0x00,0x00,0x00,0x00,0x00,0x00,0x00,0x00,0x00,0x00,0x00,0x00,0x00,0x00,
    0x00,0x00,0x00,0x00,0x00,0x00,0x00,0x00,0x00,0x00,0x00,0x00,0x00,0x00,0x00,0x00,0x00,0x00,0x00,0x00,0x00,0x00,0x00,0x00,0x00,0x00,0x00,0x00,0x00,0x00,0x00,0x00,0x00,0x00,0x00,0x00,0x03,0x00,0x55,0x29,0x30,0x51,0xa1,0xbd,0x78,0x7a,0x70,0x70,0x70,0x70,0x70,0x7a,0x78,0xbd,0xbd,0x78,0x70,0x7a,0x95,0xc8,0x6b,0x66,0x68,0x66,0x66,0x66,0x66,0x66,0x66,0x6e,0x46,0x79,0x79,0x9e,0x75,0x77,0x8f,0x85,0x81,0xc2,0x08,0x89,0x73,0x66,0x66,0x66,0x66,0x68,0x89,0x6c,0xc0,0x95,0x7a,0x70,0x78,0x99,0xd5,0x83,0xc0,0x88,0xaf,0x99,0xc8,0x8a,0x8e,0x98,0x74,0x98,0x5a,0x22,0x00,0x00,0x00,0x00,0x00,0x00,0x00,0x00,0x00,0x00,0x00,0x00,0x00,0x00,0x00,0x00,0x00,0x00,0x00,0x00,0x00,0x00,0x00,0x00,0x00,0x00,0x00,0x00,0x00,0x00,0x00,0x00,0x00,0x00,
    0x00,0x00,0x00,0x00,0x00,0x00,0x00,0x00,0x00,0x00,0x00,0x00,0x00,0x00,0x00,0x00,0x00,0x00,0x00,0x00,0x00,0x00,0x00,0x00,0x00,0x00,0x00,0x00,0x00,0x00,0x00,0x00,0x00,0x00,0x00,0x01,0x00,0x15,0x00,0x00,0x00,0x24,0xb8,0x7a,0x70,0x70,0x70,0x70,0x70,0x70,0x70,0x70,0x70,0x78,0x70,0x70,0x7a,0x70,0x99,0xc3,0x6b,0x6e,0x6c,0x89,0x68,0x66,0x66,0x66,0x66,0x66,0x7d,0xda,0x9b,0x67,0x8f,0x85,0x85,0xab,0x19,0x6c,0x7d,0x6e,0x66,0x66,0x66,0x66,0x68,0x66,0x73,0x89,0xd0,0x78,0x70,0x7a,0x7a,0x78,0xbe,0xf4,0xef,0x88,0x99,0x99,0xc0,0x8a,0x74,0x97,0x7b,0xb0,0xb0,0x52,0x00,0x0b,0x00,0x00,0x00,0x00,0x00,0x00,0x00,0x00,0x00,0x00,0x00,0x00,0x00,0x00,0x00,0x00,0x00,0x00,0x00,0x00,0x00,0x00,0x00,0x00,0x00,0x00,0x00,0x00,0x00,0x00,0x00,0x00,
    0x00,0x00,0x00,0x00,0x00,0x00,0x00,0x00,0x00,0x00,0x00,0x00,0x00,0x00,0x00,0x00,0x00,0x00,0x00,0x00,0x00,0x00,0x00,0x00,0x00,0x00,0x00,0x00,0x00,0x00,0x00,0x00,0x00,0x00,0x00,0x04,0x00,0x0d,0x57,0x39,0x26,0x50,0xbe,0x78,0x7a,0x70,0x7a,0x70,0x70,0x70,0x70,0x70,0x70,0x7a,0x78,0x70,0x7a,0x95,0xba,0x71,0x6b,0x76,0x6b,0x89,0x68,0x68,0x68,0x68,0x66,0x66,0x73,0x76,0x9d,0xc5,0xab,0xa5,0xbc,0xcf,0x7d,0x6b,0x6c,0x89,0x66,0x68,0x66,0x66,0x89,0x6c,0x6a,0x73,0x6b,0xb8,0x95,0x7a,0x70,0x7a,0x78,0xbe,0xd4,0x88,0x70,0x7a,0x20,0xb4,0xb0,0xb0,0xa9,0x36,0x24,0x0b,0x02,0x01,0x00,0x00,0x00,0x00,0x00,0x00,0x00,0x00,0x00,0x00,0x00,0x00,0x00,0x00,0x00,0x00,0x00,0x00,0x00,0x00,0x00,0x00,0x00,0x00,0x00,0x00,0x00,0x00,0x00,0x00,0x00,0x00,
    0x00,0x00,0x00,0x00,0x00,0x00,0x00,0x00,0x00,0x00,0x00,0x00,0x00,0x00,0x00,0x00,0x00,0x00,0x00,0x00,0x00,0x00,0x00,0x00,0x00,0x00,0x00,0x00,0x00,0x00,0x00,0x00,0x00,0x00,0x00,0x01,0x05,0x10,0x14,0xb8,0x62,0xbd,0x88,0x7a,0x70,0x70,0x78,0x88,0x70,0x70,0x70,0x70,0x70,0x7a,0xc8,0x78,0x7a,0x95,0xdf,0x71,0x6e,0x6e,0x6c,0x6b,0x6c,0x6a,0x89,0x6d,0x68,0x68,0x68,0x9d,0xd3,0xd3,0xb2,0x90,0x1c,0x08,0x08,0x6c,0x6d,0x68,0x66,0x89,0x6a,0x6b,0x76,0x6b,0x6a,0x89,0x6b,0xba,0x95,0x7a,0x70,0x70,0x7a,0x70,0x7a,0xbe,0xbd,0x78,0xaf,0xd7,0x8e,0x98,0x2d,0x05,0x00,0x0b,0x00,0x00,0x00,0x00,0x00,0x00,0x00,0x00,0x00,0x00,0x00,0x00,0x00,0x00,0x00,0x00,0x00,0x00,0x00,0x00,0x00,0x00,0x00,0x00,0x00,0x00,0x00,0x00,0x00,0x00,0x00,0x00,0x00,0x00,
    0x00,0x00,0x00,0x00,0x00,0x00,0x00,0x00,0x00,0x00,0x00,0x00,0x00,0x00,0x00,0x00,0x00,0x00,0x00,0x00,0x00,0x00,0x00,0x00,0x00,0x00,0x00,0x00,0x00,0x00,0x00,0x00,0x00,0x00,0x00,0x00,0x05,0x02,0x18,0x50,0x88,0x78,0x70,0x70,0x70,0x95,0xc0,0xbd,0x78,0x70,0x70,0x70,0x78,0xbe,0xd7,0xbd,0x78,0x95,0xba,0x71,0x73,0x68,0x66,0x6c,0x6b,0x76,0x76,0x76,0x6a,0x89,0x76,0x6d,0x7c,0x6a,0xdb,0xd8,0x6c,0x7c,0x9d,0x6a,0x6d,0x6d,0x6b,0x76,0x76,0x6b,0x6e,0x66,0x73,0x68,0x71,0xba,0x78,0x88,0x70,0x70,0x70,0x70,0x70,0x88,0x47,0x99,0x95,0x20,0x11,0x92,0x55,0x00,0x1d,0x00,0x00,0x00,0x00,0x00,0x00,0x00,0x00,0x00,0x00,0x00,0x00,0x00,0x00,0x00,0x00,0x00,0x00,0x00,0x00,0x00,0x00,0x00,0x00,0x00,0x00,0x00,0x00,0x00,0x00,0x00,0x00,0x00,0x00,0x00,
    0x00,0x00,0x00,0x00,0x00,0x00,0x00,0x00,0x00,0x00,0x00,0x00,0x00,0x00,0x00,0x00,0x00,0x00,0x00,0x00,0x00,0x00,0x00,0x00,0x00,0x00,0x00,0x00,0x00,0x00,0x00,0x00,0x00,0x00,0x00,0x00,0x00,0x01,0x00,0x10,0x5d,0x60,0x20,0x62,0x20,0x4f,0x4f,0x78,0x7a,0x7a,0x7a,0x88,0x70,0x20,0x9b,0xf4,0xc7,0xe4,0xba,0x6a,0x73,0x66,0x66,0x68,0x6d,0x6a,0x6c,0x6b,0x71,0x6a,0xc6,0x6c,0x6c,0x68,0x6e,0x76,0x68,0x6d,0x6a,0xa8,0xb1,0x71,0x6b,0x6b,0x6a,0x6d,0x68,0x66,0x89,0x68,0x6b,0xb8,0x95,0x99,0x99,0x70,0x70,0x70,0x70,0x95,0xc8,0xc0,0x88,0x7a,0xd4,0x5a,0x38,0x02,0x02,0x00,0x00,0x00,0x00,0x00,0x00,0x00,0x00,0x00,0x00,0x00,0x00,0x00,0x00,0x00,0x00,0x00,0x00,0x00,0x00,0x00,0x00,0x00,0x00,0x00,0x00,0x00,0x00,0x00,0x00,0x00,0x00,0x00,0x00,0x00,
    0x00,0x00,0x00,0x00,0x00,0x00,0x00,0x00,0x00,0x00,0x00,0x00,0x00,0x00,0x00,0x00,0x00,0x00,0x00,0x00,0x00,0x00,0x00,0x00,0x00,0x00,0x00,0x00,0x00,0x00,0x00,0x00,0x00,0x00,0x00,0x00,0x00,0x00,0x05,0x00,0x00,0x10,0x0a,0x0a,0x26,0x00,0x53,0x20,0x7a,0x99,0x99,0xaf,0x88,0xbe,0xfc,0xfc,0x78,0xc0,0x80,0x66,0x66,0x66,0x66,0x66,0x66,0x68,0x66,0x6d,0x6a,0x6e,0x14,0x6b,0x76,0x6c,0x6a,0x89,0x6c,0x6c,0x6b,0xa8,0xa8,0x71,0x6d,0x66,0x68,0x66,0x68,0x89,0x76,0x6b,0x76,0xdf,0xbd,0x47,0xc8,0x78,0x88,0x7a,0x78,0x7a,0x4f,0x53,0x50,0xbe,0x20,0x4f,0x00,0x04,0x00,0x00,0x00,0x00,0x00,0x00,0x00,0x00,0x00,0x00,0x00,0x00,0x00,0x00,0x00,0x00,0x00,0x00,0x00,0x00,0x00,0x00,0x00,0x00,0x00,0x00,0x00,0x00,0x00,0x00,0x00,0x00,0x00,0x00,0x00,0x00,
    0x00,0x00,0x00,0x00,0x00,0x00,0x00,0x00,0x00,0x00,0x00,0x00,0x00,0x00,0x00,0x00,0x00,0x00,0x00,0x00,0x00,0x00,0x00,0x00,0x00,0x00,0x00,0x00,0x00,0x00,0x00,0x00,0x00,0x00,0x00,0x00,0x00,0x00,0x00,0x01,0x05,0x00,0x00,0x00,0x00,0x10,0x01,0x50,0xbd,0x88,0x99,0x99,0x7a,0x78,0x99,0x70,0x61,0x80,0x7c,0x73,0x66,0x66,0x66,0x66,0x66,0x66,0x66,0x66,0x6d,0x80,0x14,0x76,0x6e,0x6e,0x6d,0x89,0x6c,0x76,0x76,0xc3,0xb1,0x6d,0x68,0x66,0x66,0x66,0x89,0x6e,0x6c,0x6c,0x6c,0x6a,0xd0,0xba,0xc0,0x99,0xaf,0x7a,0x99,0xc8,0x53,0x00,0x39,0x7a,0x62,0x53,0x02,0x01,0x00,0x00,0x00,0x00,0x00,0x00,0x00,0x00,0x00,0x00,0x00,0x00,0x00,0x00,0x00,0x00,0x00,0x00,0x00,0x00,0x00,0x00,0x00,0x00,0x00,0x00,0x00,0x00,0x00,0x00,0x00,0x00,0x00,0x00,0x00,0x00,
    0x00,0x00,0x00,0x00,0x00,0x00,0x00,0x00,0x00,0x00,0x00,0x00,0x00,0x00,0x00,0x00,0x00,0x00,0x00,0x00,0x00,0x00,0x00,0x00,0x00,0x00,0x00,0x00,0x00,0x00,0x00,0x00,0x00,0x00,0x00,0x00,0x00,0x00,0x00,0x00,0x00,0x01,0x01,0x01,0x01,0x01,0x02,0x15,0x50,0xc0,0x99,0x7a,0xbe,0x88,0x7a,0x65,0x18,0x06,0xb1,0x73,0x66,0x89,0x6a,0x89,0x68,0x66,0x66,0x68,0x6e,0xa8,0xa0,0x6b,0x73,0x68,0x66,0x68,0x68,0x6d,0x6e,0xa8,0xb5,0x6c,0x73,0x66,0x66,0x66,0x6a,0x6c,0x89,0x66,0x6d,0x66,0x16,0x47,0xe4,0x70,0x78,0x88,0x61,0x34,0x00,0x26,0x50,0x61,0x53,0x00,0x02,0x00,0x00,0x00,0x00,0x00,0x00,0x00,0x00,0x00,0x00,0x00,0x00,0x00,0x00,0x00,0x00,0x00,0x00,0x00,0x00,0x00,0x00,0x00,0x00,0x00,0x00,0x00,0x00,0x00,0x00,0x00,0x00,0x00,0x00,0x00,0x00,0x00,
    0x00,0x00,0x00,0x00,0x00,0x00,0x00,0x00,0x00,0x00,0x00,0x00,0x00,0x00,0x00,0x00,0x00,0x00,0x00,0x00,0x00,0x00,0x00,0x00,0x00,0x00,0x00,0x00,0x00,0x00,0x00,0x00,0x00,0x00,0x00,0x00,0x00,0x00,0x00,0x00,0x00,0x00,0x00,0x00,0x00,0x00,0x01,0x00,0x00,0x53,0x4f,0x64,0x5d,0x5d,0x26,0x00,0x2a,0x6d,0x9d,0x66,0x68,0x6e,0x6c,0x89,0x68,0x66,0x66,0x68,0x6e,0xb6,0xa7,0x76,0x73,0x66,0x66,0x66,0x66,0x68,0x6e,0xb1,0xa7,0x6b,0x73,0x66,0x66,0x66,0x6a,0x6c,0x6d,0x68,0x66,0x07,0x16,0x33,0x64,0x60,0x60,0x5d,0x26,0x00,0x05,0x39,0x4f,0x10,0x00,0x05,0x00,0x00,0x00,0x00,0x00,0x00,0x00,0x00,0x00,0x00,0x00,0x00,0x00,0x00,0x00,0x00,0x00,0x00,0x00,0x00,0x00,0x00,0x00,0x00,0x00,0x00,0x00,0x00,0x00,0x00,0x00,0x00,0x00,0x00,0x00,0x00,0x00,0x00,
    0x00,0x00,0x00,0x00,0x00,0x00,0x00,0x00,0x00,0x00,0x00,0x00,0x00,0x00,0x00,0x00,0x00,0x00,0x00,0x00,0x00,0x00,0x00,0x00,0x00,0x00,0x00,0x00,0x00,0x00,0x00,0x00,0x00,0x00,0x00,0x00,0x00,0x00,0x00,0x00,0x00,0x00,0x00,0x00,0x00,0x00,0x00,0x01,0x05,0x00,0x00,0x00,0x00,0x00,0x00,0x15,0x6c,0x89,0x66,0x66,0x66,0x89,0x6a,0x6d,0x66,0x66,0x66,0x68,0x6a,0xb6,0xc6,0x76,0x73,0x66,0x66,0x66,0x66,0x66,0x6d,0x80,0xa7,0x6a,0x68,0x66,0x66,0x66,0x6a,0x6c,0x6d,0x68,0x66,0x07,0x66,0x1a,0x00,0x00,0x00,0x02,0x00,0x05,0x00,0x00,0x00,0x00,0x02,0x00,0x00,0x00,0x00,0x00,0x00,0x00,0x00,0x00,0x00,0x00,0x00,0x00,0x00,0x00,0x00,0x00,0x00,0x00,0x00,0x00,0x00,0x00,0x00,0x00,0x00,0x00,0x00,0x00,0x00,0x00,0x00,0x00,0x00,0x00,0x00,0x00,0x00,0x00,
    0x00,0x00,0x00,0x00,0x00,0x00,0x00,0x00,0x00,0x00,0x00,0x00,0x00,0x00,0x00,0x00,0x00,0x00,0x00,0x00,0x00,0x00,0x00,0x00,0x00,0x00,0x00,0x00,0x00,0x00,0x00,0x00,0x00,0x00,0x00,0x00,0x00,0x00,0x00,0x00,0x00,0x00,0x00,0x00,0x00,0x00,0x00,0x00,0x00,0x05,0x03,0x03,0x05,0x10,0x00,0x28,0x6c,0x07,0x66,0x66,0x66,0x66,0x6c,0x6d,0x66,0x66,0x66,0x73,0x6b,0x14,0xc6,0x71,0x73,0x66,0x66,0x66,0x66,0x66,0x6d,0x73,0xa0,0x6e,0x68,0x66,0x66,0x68,0x6c,0x6c,0x68,0x66,0x66,0x07,0x68,0x0c,0x0a,0x05,0x03,0x05,0x02,0x00,0x00,0x01,0x05,0x01,0x00,0x00,0x00,0x00,0x00,0x00,0x00,0x00,0x00,0x00,0x00,0x00,0x00,0x00,0x00,0x00,0x00,0x00,0x00,0x00,0x00,0x00,0x00,0x00,0x00,0x00,0x00,0x00,0x00,0x00,0x00,0x00,0x00,0x00,0x00,0x00,0x00,0x00,0x00,0x00,
    0x00,0x00,0x00,0x00,0x00,0x00,0x00,0x00,0x00,0x00,0x00,0x00,0x00,0x00,0x00,0x00,0x00,0x00,0x00,0x00,0x00,0x00,0x00,0x00,0x00,0x00,0x00,0x00,0x00,0x00,0x00,0x00,0x00,0x00,0x00,0x00,0x00,0x00,0x00,0x00,0x00,0x00,0x00,0x00,0x00,0x00,0x00,0x00,0x00,0x00,0x00,0x00,0x01,0x01,0x0a,0x0c,0x06,0x07,0x66,0x66,0x66,0x66,0x6c,0x6d,0x66,0x66,0x66,0x73,0x76,0xc6,0xc6,0x76,0x73,0x66,0x66,0x66,0x66,0x66,0x68,0x89,0xc4,0x68,0x66,0x66,0x66,0x68,0x6e,0x6a,0x68,0x66,0x66,0x66,0x07,0x6a,0x0d,0x00,0x04,0x00,0x00,0x00,0x00,0x00,0x00,0x00,0x00,0x00,0x00,0x00,0x00,0x00,0x00,0x00,0x00,0x00,0x00,0x00,0x00,0x00,0x00,0x00,0x00,0x00,0x00,0x00,0x00,0x00,0x00,0x00,0x00,0x00,0x00,0x00,0x00,0x00,0x00,0x00,0x00,0x00,0x00,0x00,0x00,0x00,0x00,0x00,
    0x00,0x00,0x00,0x00,0x00,0x00,0x00,0x00,0x00,0x00,0x00,0x00,0x00,0x00,0x00,0x00,0x00,0x00,0x00,0x00,0x00,0x00,0x00,0x00,0x00,0x00,0x00,0x00,0x00,0x00,0x00,0x00,0x00,0x00,0x00,0x00,0x00,0x00,0x00,0x00,0x00,0x00,0x00,0x00,0x00,0x00,0x00,0x00,0x00,0x00,0x00,0x00,0x04,0x00,0x28,0x6c,0x07,0x66,0x66,0x66,0x66,0x6d,0x6c,0x6d,0x66,0x66,0x66,0x73,0x76,0xa7,0xc6,0x76,0x73,0x66,0x66,0x66,0x66,0x66,0x68,0x6c,0xc4,0x80,0x6d,0x66,0x66,0x68,0x6e,0x6e,0x68,0x66,0x66,0x66,0x07,0x89,0x0c,0x04,0x01,0x00,0x00,0x00,0x00,0x00,0x00,0x00,0x00,0x00,0x00,0x00,0x00,0x00,0x00,0x00,0x00,0x00,0x00,0x00,0x00,0x00,0x00,0x00,0x00,0x00,0x00,0x00,0x00,0x00,0x00,0x00,0x00,0x00,0x00,0x00,0x00,0x00,0x00,0x00,0x00,0x00,0x00,0x00,0x00,0x00,0x00,0x00,
    0x00,0x00,0x00,0x00,0x00,0x00,0x00,0x00,0x00,0x00,0x00,0x00,0x00,0x00,0x00,0x00,0x00,0x00,0x00,0x00,0x00,0x00,0x00,0x00,0x00,0x00,0x00,0x00,0x00,0x00,0x00,0x00,0x00,0x00,0x00,0x00,0x00,0x00,0x00,0x00,0x00,0x00,0x00,0x00,0x00,0x00,0x00,0x00,0x00,0x00,0x00,0x01,0x01,0x0a,0x0c,0x6e,0x06,0x68,0x66,0x66,0x66,0x6d,0x6c,0x66,0x66,0x66,0x66,0x73,0x76,0xc4,0xc6,0x6b,0x73,0x66,0x66,0x66,0x66,0x66,0x68,0x6b,0xd9,0x7c,0x6e,0x66,0x66,0x68,0x6e,0x6e,0x68,0x66,0x66,0x66,0x68,0x06,0x6c,0x0d,0x00,0x04,0x00,0x00,0x00,0x00,0x00,0x00,0x00,0x00,0x00,0x00,0x00,0x00,0x00,0x00,0x00,0x00,0x00,0x00,0x00,0x00,0x00,0x00,0x00,0x00,0x00,0x00,0x00,0x00,0x00,0x00,0x00,0x00,0x00,0x00,0x00,0x00,0x00,0x00,0x00,0x00,0x00,0x00,0x00,0x00,0x00,0x00,
    0x00,0x00,0x00,0x00,0x00,0x00,0x00,0x00,0x00,0x00,0x00,0x00,0x00,0x00,0x00,0x00,0x00,0x00,0x00,0x00,0x00,0x00,0x00,0x00,0x00,0x00,0x00,0x00,0x00,0x00,0x00,0x00,0x00,0x00,0x00,0x00,0x00,0x00,0x00,0x00,0x00,0x00,0x00,0x00,0x00,0x00,0x00,0x00,0x00,0x00,0x00,0x04,0x00,0x0d,0x89,0x07,0x6d,0x68,0x66,0x66,0x68,0x6d,0x6a,0x68,0x66,0x66,0x66,0x68,0x6c,0xa7,0x14,0x6c,0x68,0x66,0x66,0x66,0x66,0x66,0x73,0x6a,0xc4,0x7c,0x6e,0x68,0x66,0x66,0x6d,0x89,0x68,0x66,0x66,0x66,0x66,0x07,0x68,0x0c,0x10,0x04,0x01,0x00,0x00,0x00,0x00,0x00,0x00,0x00,0x00,0x00,0x00,0x00,0x00,0x00,0x00,0x00,0x00,0x00,0x00,0x00,0x00,0x00,0x00,0x00,0x00,0x00,0x00,0x00,0x00,0x00,0x00,0x00,0x00,0x00,0x00,0x00,0x00,0x00,0x00,0x00,0x00,0x00,0x00,0x00,0x00,0x00,
    0x00,0x00,0x00,0x00,0x00,0x00,0x00,0x00,0x00,0x00,0x00,0x00,0x00,0x00,0x00,0x00,0x00,0x00,0x00,0x00,0x00,0x00,0x00,0x00,0x00,0x00,0x00,0x00,0x00,0x00,0x00,0x00,0x00,0x00,0x00,0x00,0x00,0x00,0x00,0x00,0x00,0x00,0x00,0x00,0x00,0x00,0x00,0x00,0x00,0x00,0x00,0x04,0x01,0x3e,0x66,0x07,0x6d,0x66,0x66,0x66,0x68,0x6d,0x6a,0x68,0x66,0x66,0x66,0x68,0x6c,0xe2,0xa7,0x71,0x73,0x66,0x66,0x66,0x66,0x66,0x73,0x76,0xf1,0xc6,0x6b,0x73,0x66,0x66,0x6d,0x6e,0x66,0x66,0x66,0x66,0x66,0x66,0x07,0x68,0x0d,0x00,0x04,0x00,0x00,0x00,0x00,0x00,0x00,0x00,0x00,0x00,0x00,0x00,0x00,0x00,0x00,0x00,0x00,0x00,0x00,0x00,0x00,0x00,0x00,0x00,0x00,0x00,0x00,0x00,0x00,0x00,0x00,0x00,0x00,0x00,0x00,0x00,0x00,0x00,0x00,0x00,0x00,0x00,0x00,0x00,0x00,0x00,
    0x00,0x00,0x00,0x00,0x00,0x00,0x00,0x00,0x00,0x00,0x00,0x00,0x00,0x00,0x00,0x00,0x00,0x00,0x00,0x00,0x00,0x00,0x00,0x00,0x00,0x00,0x00,0x00,0x00,0x00,0x00,0x00,0x00,0x00,0x00,0x00,0x00,0x00,0x00,0x00,0x00,0x00,0x00,0x00,0x00,0x00,0x00,0x00,0x00,0x00,0x04,0x04,0x13,0x6a,0x07,0x66,0x66,0x66,0x66,0x66,0x68,0x6d,0x6e,0x68,0x66,0x66,0x66,0x73,0x6b,0xa0,0x14,0x6c,0x73,0x66,0x66,0x66,0x66,0x66,0x68,0x6c,0xe1,0xa8,0x6e,0x68,0x66,0x66,0x6d,0x6c,0x66,0x66,0x66,0x66,0x66,0x66,0x07,0x80,0x58,0x10,0x04,0x01,0x00,0x00,0x00,0x00,0x00,0x00,0x00,0x00,0x00,0x00,0x00,0x00,0x00,0x00,0x00,0x00,0x00,0x00,0x00,0x00,0x00,0x00,0x00,0x00,0x00,0x00,0x00,0x00,0x00,0x00,0x00,0x00,0x00,0x00,0x00,0x00,0x00,0x00,0x00,0x00,0x00,0x00,0x00,0x00,
    0x00,0x00,0x00,0x00,0x00,0x00,0x00,0x00,0x00,0x00,0x00,0x00,0x00,0x00,0x00,0x00,0x00,0x00,0x00,0x00,0x00,0x00,0x00,0x00,0x00,0x00,0x00,0x00,0x00,0x00,0x00,0x00,0x00,0x00,0x00,0x00,0x00,0x00,0x00,0x00,0x00,0x00,0x00,0x00,0x00,0x00,0x00,0x00,0x00,0x00,0x04,0x00,0x27,0x6e,0x07,0x66,0x66,0x66,0x66,0x66,0x68,0x6e,0x89,0x68,0x66,0x66,0x66,0x68,0x6e,0x80,0xc3,0x6d,0x66,0x66,0x66,0x66,0x66,0x66,0x66,0x68,0xc3,0x66,0x66,0x66,0x66,0x66,0x6d,0x6a,0x66,0x66,0x66,0x66,0x66,0x66,0x66,0x80,0x89,0x0d,0x00,0x04,0x00,0x00,0x00,0x00,0x00,0x00,0x00,0x00,0x00,0x00,0x00,0x00,0x00,0x00,0x00,0x00,0x00,0x00,0x00,0x00,0x00,0x00,0x00,0x00,0x00,0x00,0x00,0x00,0x00,0x00,0x00,0x00,0x00,0x00,0x00,0x00,0x00,0x00,0x00,0x00,0x00,0x00,0x00,0x00,
    0x00,0x00,0x00,0x00,0x00,0x00,0x00,0x00,0x00,0x00,0x00,0x00,0x00,0x00,0x00,0x00,0x00,0x00,0x00,0x00,0x00,0x00,0x00,0x00,0x00,0x00,0x00,0x00,0x00,0x00,0x00,0x00,0x00,0x00,0x00,0x00,0x00,0x00,0x00,0x00,0x00,0x00,0x00,0x00,0x00,0x00,0x00,0x00,0x00,0x04,0x00,0x0d,0x6d,0x06,0x68,0x66,0x66,0x66,0x66,0x66,0x68,0x6a,0x89,0x68,0x66,0x66,0x66,0x66,0x68,0x89,0x6d,0x66,0x66,0x66,0x66,0x66,0x66,0x66,0x66,0x66,0x89,0x66,0x66,0x66,0x66,0x66,0x66,0x89,0x66,0x66,0x66,0x66,0x66,0x66,0x66,0x07,0x06,0x0c,0x04,0x01,0x00,0x00,0x00,0x00,0x00,0x00,0x00,0x00,0x00,0x00,0x00,0x00,0x00,0x00,0x00,0x00,0x00,0x00,0x00,0x00,0x00,0x00,0x00,0x00,0x00,0x00,0x00,0x00,0x00,0x00,0x00,0x00,0x00,0x00,0x00,0x00,0x00,0x00,0x00,0x00,0x00,0x00,0x00,0x00,
    0x00,0x00,0x00,0x00,0x00,0x00,0x00,0x00,0x00,0x00,0x00,0x00,0x00,0x00,0x00,0x00,0x00,0x00,0x00,0x00,0x00,0x00,0x00,0x00,0x00,0x00,0x00,0x00,0x00,0x00,0x00,0x00,0x00,0x00,0x00,0x00,0x00,0x00,0x00,0x00,0x00,0x00,0x00,0x00,0x00,0x00,0x00,0x00,0x04,0x04,0x09,0x16,0x07,0x07,0x66,0x66,0x66,0x66,0x66,0x66,0x68,0x6a,0x89,0x68,0x66,0x66,0x66,0x66,0x66,0x68,0x68,0x66,0x66,0x66,0x66,0x66,0x66,0x66,0x66,0x66,0x68,0x66,0x66,0x66,0x66,0x66,0x68,0x6a,0x6d,0x68,0x66,0x66,0x66,0x66,0x66,0x66,0x07,0x6c,0x0d,0x00,0x04,0x00,0x00,0x00,0x00,0x00,0x00,0x00,0x00,0x00,0x00,0x00,0x00,0x00,0x00,0x00,0x00,0x00,0x00,0x00,0x00,0x00,0x00,0x00,0x00,0x00,0x00,0x00,0x00,0x00,0x00,0x00,0x00,0x00,0x00,0x00,0x00,0x00,0x00,0x00,0x00,0x00,0x00,0x00,
    0x00,0x00,0x00,0x00,0x00,0x00,0x00,0x00,0x00,0x00,0x00,0x00,0x00,0x00,0x00,0x00,0x00,0x00,0x00,0x00,0x00,0x00,0x00,0x00,0x00,0x00,0x00,0x00,0x00,0x00,0x00,0x00,0x00,0x00,0x00,0x00,0x00,0x00,0x00,0x00,0x00,0x00,0x00,0x00,0x00,0x00,0x00,0x00,0x04,0x00,0x2a,0x66,0x07,0x66,0x66,0x66,0x66,0x66,0x66,0x66,0x66,0x6c,0x6d,0x68,0x66,0x66,0x66,0x66,0x66,0x66,0x66,0x66,0x66,0x66,0x66,0x66,0x66,0x66,0x66,0x66,0x66,0x66,0x66,0x66,0x66,0x66,0x68,0x6c,0x6e,0x68,0x66,0x66,0x66,0x66,0x66,0x66,0x07,0x68,0x0c,0x10,0x04,0x01,0x00,0x00,0x00,0x00,0x00,0x00,0x00,0x00,0x00,0x00,0x00,0x00,0x00,0x00,0x00,0x00,0x00,0x00,0x00,0x00,0x00,0x00,0x00,0x00,0x00,0x00,0x00,0x00,0x00,0x00,0x00,0x00,0x00,0x00,0x00,0x00,0x00,0x00,0x00,0x00,0x00,0x00,
    0x00,0x00,0x00,0x00,0x00,0x00,0x00,0x00,0x00,0x00,0x00,0x00,0x00,0x00,0x00,0x00,0x00,0x00,0x00,0x00,0x00,0x00,0x00,0x00,0x00,0x00,0x00,0x00,0x00,0x00,0x00,0x00,0x00,0x00,0x00,0x00,0x00,0x00,0x00,0x00,0x00,0x00,0x00,0x00,0x00,0x00,0x00,0x04,0x00,0x13,0x07,0x07,0x66,0x66,0x66,0x66,0x66,0x66,0x66,0x68,0x89,0x6b,0x66,0x66,0x66,0x66,0x66,0x66,0x66,0x66,0x66,0x66,0x66,0x66,0x66,0x66,0x66,0x66,0x66,0x66,0x66,0x66,0x66,0x66,0x66,0x66,0x68,0x89,0x6c,0x66,0x66,0x66,0x66,0x66,0x66,0x66,0x66,0x07,0x89,0x0d,0x00,0x04,0x00,0x00,0x00,0x00,0x00,0x00,0x00,0x00,0x00,0x00,0x00,0x00,0x00,0x00,0x00,0x00,0x00,0x00,0x00,0x00,0x00,0x00,0x00,0x00,0x00,0x00,0x00,0x00,0x00,0x00,0x00,0x00,0x00,0x00,0x00,0x00,0x00,0x00,0x00,0x00,0x00,0x00,
    0x00,0x00,0x00,0x00,0x00,0x00,0x00,0x00,0x00,0x00,0x00,0x00,0x00,0x00,0x00,0x00,0x00,0x00,0x00,0x00,0x00,0x00,0x00,0x00,0x00,0x00,0x00,0x00,0x00,0x00,0x00,0x00,0x00,0x00,0x00,0x00,0x00,0x00,0x00,0x00,0x00,0x00,0x00,0x00,0x00,0x00,0x00,0x04,0x00,0x3c,0x68,0x07,0x66,0x66,0x66,0x66,0x66,0x66,0x66,0x66,0x6b,0x6b,0x66,0x66,0x66,0x66,0x66,0x66,0x66,0x66,0x66,0x66,0x66,0x66,0x66,0x66,0x66,0x66,0x66,0x66,0x66,0x66,0x66,0x66,0x66,0x66,0x68,0x6d,0x6c,0x66,0x66,0x66,0x66,0x66,0x66,0x66,0x66,0x07,0x73,0x58,0x15,0x04,0x01,0x00,0x00,0x00,0x00,0x00,0x00,0x00,0x00,0x00,0x00,0x00,0x00,0x00,0x00,0x00,0x00,0x00,0x00,0x00,0x00,0x00,0x00,0x00,0x00,0x00,0x00,0x00,0x00,0x00,0x00,0x00,0x00,0x00,0x00,0x00,0x00,0x00,0x00,0x00,0x00,0x00,
    0x00,0x00,0x00,0x00,0x00,0x00,0x00,0x00,0x00,0x00,0x00,0x00,0x00,0x00,0x00,0x00,0x00,0x00,0x00,0x00,0x00,0x00,0x00,0x00,0x00,0x00,0x00,0x00,0x00,0x00,0x00,0x00,0x00,0x00,0x00,0x00,0x00,0x00,0x00,0x00,0x00,0x00,0x00,0x00,0x00,0x00,0x04,0x00,0x13,0x6a,0x07,0x66,0x66,0x66,0x66,0x66,0x66,0x66,0x66,0x6d,0x76,0x6a,0x68,0x66,0x66,0x66,0x66,0x66,0x66,0x66,0x66,0x66,0x66,0x66,0x66,0x66,0x66,0x66,0x66,0x66,0x66,0x66,0x66,0x66,0x66,0x66,0x66,0x66,0x6c,0x6d,0x66,0x66,0x66,0x66,0x66,0x66,0x66,0x66,0x07,0x6a,0x28,0x00,0x10,0x00,0x00,0x00,0x00,0x00,0x00,0x00,0x00,0x00,0x00,0x00,0x00,0x00,0x00,0x00,0x00,0x00,0x00,0x00,0x00,0x00,0x00,0x00,0x00,0x00,0x00,0x00,0x00,0x00,0x00,0x00,0x00,0x00,0x00,0x00,0x00,0x00,0x00,0x00,0x00,0x00,
    0x00,0x00,0x00,0x00,0x00,0x00,0x00,0x00,0x00,0x00,0x00,0x00,0x00,0x00,0x00,0x00,0x00,0x00,0x00,0x00,0x00,0x00,0x00,0x00,0x00,0x00,0x00,0x00,0x00,0x00,0x00,0x00,0x00,0x00,0x00,0x00,0x00,0x00,0x00,0x00,0x00,0x00,0x00,0x00,0x00,0x00,0x04,0x10,0x3c,0x89,0x07,0x66,0x66,0x66,0x66,0x66,0x66,0x66,0x66,0x89,0x6b,0x6d,0x66,0x66,0x66,0x66,0x66,0x66,0x66,0x66,0x66,0x66,0x66,0x66,0x66,0x66,0x66,0x66,0x66,0x66,0x66,0x66,0x66,0x66,0x66,0x66,0x66,0x68,0x6a,0x6e,0x68,0x66,0x66,0x66,0x66,0x66,0x66,0x66,0x07,0x6d,0x1f,0x00,0x04,0x00,0x00,0x00,0x00,0x00,0x00,0x00,0x00,0x00,0x00,0x00,0x00,0x00,0x00,0x00,0x00,0x00,0x00,0x00,0x00,0x00,0x00,0x00,0x00,0x00,0x00,0x00,0x00,0x00,0x00,0x00,0x00,0x00,0x00,0x00,0x00,0x00,0x00,0x00,0x00,0x00,
    0x00,0x00,0x00,0x00,0x00,0x00,0x00,0x00,0x00,0x00,0x00,0x00,0x00,0x00,0x00,0x00,0x00,0x00,0x00,0x00,0x00,0x00,0x00,0x00,0x00,0x00,0x00,0x00,0x00,0x00,0x00,0x00,0x00,0x00,0x00,0x00,0x00,0x00,0x00,0x00,0x00,0x00,0x00,0x00,0x00,0x04,0x00,0x13,0x6b,0x06,0x66,0x66,0x66,0x66,0x66,0x66,0x66,0x66,0x66,0x6d,0x6a,0x68,0x66,0x66,0x66,0x66,0x66,0x66,0x66,0x66,0x66,0x66,0x66,0x66,0x66,0x66,0x66,0x66,0x66,0x66,0x66,0x66,0x66,0x66,0x66,0x66,0x66,0x68,0x89,0x6c,0x68,0x66,0x66,0x66,0x66,0x66,0x66,0x66,0x07,0x66,0x0c,0x04,0x00,0x00,0x00,0x00,0x00,0x00,0x00,0x00,0x00,0x00,0x00,0x00,0x00,0x00,0x00,0x00,0x00,0x00,0x00,0x00,0x00,0x00,0x00,0x00,0x00,0x00,0x00,0x00,0x00,0x00,0x00,0x00,0x00,0x00,0x00,0x00,0x00,0x00,0x00,0x00,0x00,0x00,
    0x00,0x00,0x00,0x00,0x00,0x00,0x00,0x00,0x00,0x00,0x00,0x00,0x00,0x00,0x00,0x00,0x00,0x00,0x00,0x00,0x00,0x00,0x00,0x00,0x00,0x00,0x00,0x00,0x00,0x00,0x00,0x00,0x00,0x00,0x00,0x00,0x00,0x00,0x00,0x00,0x00,0x00,0x00,0x00,0x00,0x04,0x00,0x2a,0x76,0x12,0x68,0x66,0x66,0x66,0x66,0x66,0x66,0x66,0x68,0x6e,0x6d,0x66,0x66,0x66,0x66,0x66,0x66,0x66,0x66,0x66,0x66,0x66,0x66,0x66,0x66,0x66,0x66,0x66,0x66,0x66,0x66,0x66,0x66,0x66,0x66,0x66,0x66,0x66,0x6d,0x6c,0x6d,0x66,0x66,0x66,0x66,0x66,0x66,0x66,0x66,0x07,0x12,0x18,0x01,0x04,0x00,0x00,0x00,0x00,0x00,0x00,0x00,0x00,0x00,0x00,0x00,0x00,0x00,0x00,0x00,0x00,0x00,0x00,0x00,0x00,0x00,0x00,0x00,0x00,0x00,0x00,0x00,0x00,0x00,0x00,0x00,0x00,0x00,0x00,0x00,0x00,0x00,0x00,0x00,0x00,
    0x00,0x00,0x00,0x00,0x00,0x00,0x00,0x00,0x00,0x00,0x00,0x00,0x00,0x00,0x00,0x00,0x00,0x00,0x00,0x00,0x00,0x00,0x00,0x00,0x00,0x00,0x00,0x00,0x00,0x00,0x00,0x00,0x00,0x00,0x00,0x00,0x00,0x00,0x00,0x00,0x00,0x00,0x00,0x00,0x04,0x00,0x09,0x6c,0x6a,0x6e,0x66,0x66,0x66,0x66,0x66,0x66,0x66,0x66,0x66,0x6a,0x66,0x66,0x66,0x66,0x66,0x66,0x66,0x66,0x66,0x66,0x66,0x66,0x66,0x66,0x66,0x66,0x66,0x66,0x66,0x66,0x66,0x66,0x66,0x66,0x66,0x66,0x66,0x66,0x68,0x6c,0x89,0x68,0x66,0x66,0x66,0x66,0x66,0x66,0x66,0x07,0x89,0x2a,0x00,0x04,0x00,0x00,0x00,0x00,0x00,0x00,0x00,0x00,0x00,0x00,0x00,0x00,0x00,0x00,0x00,0x00,0x00,0x00,0x00,0x00,0x00,0x00,0x00,0x00,0x00,0x00,0x00,0x00,0x00,0x00,0x00,0x00,0x00,0x00,0x00,0x00,0x00,0x00,0x00,0x00,
    0x00,0x00,0x00,0x00,0x00,0x00,0x00,0x00,0x00,0x00,0x00,0x00,0x00,0x00,0x00,0x00,0x00,0x00,0x00,0x00,0x00,0x00,0x00,0x00,0x00,0x00,0x00,0x00,0x00,0x00,0x00,0x00,0x00,0x00,0x00,0x00,0x00,0x00,0x00,0x00,0x00,0x00,0x00,0x00,0x04,0x00,0x1f,0x89,0x07,0x68,0x66,0x66,0x66,0x66,0x66,0x66,0x66,0x68,0x89,0x6a,0x68,0x66,0x66,0x66,0x66,0x66,0x66,0x66,0x66,0x66,0x66,0x66,0x66,0x66,0x66,0x66,0x66,0x66,0x66,0x66,0x66,0x66,0x66,0x66,0x66,0x66,0x66,0x66,0x68,0x6e,0x6a,0x68,0x66,0x66,0x66,0x66,0x66,0x66,0x66,0x68,0x07,0x07,0x09,0x00,0x04,0x00,0x00,0x00,0x00,0x00,0x00,0x00,0x00,0x00,0x00,0x00,0x00,0x00,0x00,0x00,0x00,0x00,0x00,0x00,0x00,0x00,0x00,0x00,0x00,0x00,0x00,0x00,0x00,0x00,0x00,0x00,0x00,0x00,0x00,0x00,0x00,0x00,0x00,0x00,
    0x00,0x00,0x00,0x00,0x00,0x00,0x00,0x00,0x00,0x00,0x00,0x00,0x00,0x00,0x00,0x00,0x00,0x00,0x00,0x00,0x00,0x00,0x00,0x00,0x00,0x00,0x00,0x00,0x00,0x00,0x00,0x00,0x00,0x00,0x00,0x00,0x00,0x00,0x00,0x00,0x00,0x00,0x00,0x00,0x00,0x00,0x0c,0x68,0x07,0x66,0x66,0x66,0x66,0x66,0x66,0x66,0x66,0x68,0x6a,0x89,0x68,0x66,0x66,0x66,0x66,0x66,0x66,0x66,0x66,0x66,0x66,0x66,0x66,0x66,0x66,0x66,0x66,0x66,0x66,0x66,0x66,0x66,0x66,0x66,0x66,0x66,0x66,0x66,0x66,0x6d,0x6c,0x66,0x66,0x66,0x66,0x66,0x66,0x66,0x66,0x66,0x07,0x73,0x0d,0x00,0x04,0x00,0x00,0x00,0x00,0x00,0x00,0x00,0x00,0x00,0x00,0x00,0x00,0x00,0x00,0x00,0x00,0x00,0x00,0x00,0x00,0x00,0x00,0x00,0x00,0x00,0x00,0x00,0x00,0x00,0x00,0x00,0x00,0x00,0x00,0x00,0x00,0x00,0x00,0x00,
    0x00,0x00,0x00,0x00,0x00,0x00,0x00,0x00,0x00,0x00,0x00,0x00,0x00,0x00,0x00,0x00,0x00,0x00,0x00,0x00,0x00,0x00,0x00,0x00,0x00,0x00,0x00,0x00,0x00,0x00,0x00,0x00,0x00,0x00,0x00,0x00,0x00,0x00,0x00,0x00,0x00,0x00,0x00,0x00,0x00,0x00,0x0c,0x68,0x07,0x66,0x66,0x66,0x66,0x66,0x66,0x66,0x66,0x89,0x6c,0x66,0x66,0x66,0x66,0x66,0x66,0x66,0x66,0x66,0x66,0x66,0x66,0x66,0x66,0x66,0x66,0x66,0x66,0x66,0x66,0x66,0x66,0x66,0x66,0x66,0x66,0x66,0x66,0x66,0x66,0x68,0x6a,0x6d,0x68,0x66,0x66,0x66,0x66,0x68,0x6e,0x6a,0x12,0x6a,0x13,0x00,0x04,0x00,0x00,0x00,0x00,0x00,0x00,0x00,0x00,0x00,0x00,0x00,0x00,0x00,0x00,0x00,0x00,0x00,0x00,0x00,0x00,0x00,0x00,0x00,0x00,0x00,0x00,0x00,0x00,0x00,0x00,0x00,0x00,0x00,0x00,0x00,0x00,0x00,0x00,0x00,
    0x00,0x00,0x00,0x00,0x00,0x00,0x00,0x00,0x00,0x00,0x00,0x00,0x00,0x00,0x00,0x00,0x00,0x00,0x00,0x00,0x00,0x00,0x00,0x00,0x00,0x00,0x00,0x00,0x00,0x00,0x00,0x00,0x00,0x00,0x00,0x00,0x00,0x00,0x00,0x00,0x00,0x00,0x00,0x00,0x01,0x01,0x1f,0x6d,0x07,0x68,0x66,0x66,0x66,0x66,0x66,0x66,0x6d,0x76,0x6a,0x68,0x66,0x66,0x66,0x66,0x66,0x66,0x66,0x66,0x66,0x66,0x66,0x66,0x66,0x66,0x66,0x66,0x66,0x66,0x66,0x66,0x66,0x66,0x66,0x66,0x66,0x66,0x66,0x66,0x66,0x68,0x6e,0x6a,0x68,0x66,0x66,0x66,0x66,0x68,0x89,0x6b,0x76,0x3c,0x0a,0x01,0x01,0x00,0x00,0x00,0x00,0x00,0x00,0x00,0x00,0x00,0x00,0x00,0x00,0x00,0x00,0x00,0x00,0x00,0x00,0x00,0x00,0x00,0x00,0x00,0x00,0x00,0x00,0x00,0x00,0x00,0x00,0x00,0x00,0x00,0x00,0x00,0x00,0x00,0x00,0x00,
    0x00,0x00,0x00,0x00,0x00,0x00,0x00,0x00,0x00,0x00,0x00,0x00,0x00,0x00,0x00,0x00,0x00,0x00,0x00,0x00,0x00,0x00,0x00,0x00,0x00,0x00,0x00,0x00,0x00,0x00,0x00,0x00,0x00,0x00,0x00,0x00,0x00,0x00,0x00,0x00,0x00,0x00,0x00,0x00,0x04,0x00,0x0d,0x6c,0x12,0x6a,0x6d,0x68,0x66,0x68,0x66,0x68,0x6e,0x76,0x6d,0x66,0x66,0x66,0x66,0x66,0x66,0x66,0x66,0x66,0x66,0x66,0x66,0x66,0x66,0x66,0x66,0x66,0x66,0x66,0x66,0x66,0x66,0x66,0x66,0x66,0x66,0x66,0x66,0x66,0x66,0x66,0x6d,0x6c,0x66,0x66,0x66,0x66,0x68,0x6d,0x6a,0x6c,0x6c,0x1a,0x00,0x04,0x00,0x00,0x00,0x00,0x00,0x00,0x00,0x00,0x00,0x00,0x00,0x00,0x00,0x00,0x00,0x00,0x00,0x00,0x00,0x00,0x00,0x00,0x00,0x00,0x00,0x00,0x00,0x00,0x00,0x00,0x00,0x00,0x00,0x00,0x00,0x00,0x00,0x00,0x00,0x00,
    0x00,0x00,0x00,0x00,0x00,0x00,0x00,0x00,0x00,0x00,0x00,0x00,0x00,0x00,0x00,0x00,0x00,0x00,0x00,0x00,0x00,0x00,0x00,0x00,0x00,0x00,0x00,0x00,0x00,0x00,0x00,0x00,0x00,0x00,0x00,0x00,0x00,0x00,0x00,0x00,0x00,0x00,0x00,0x00,0x01,0x0a,0x0c,0x66,0x06,0x6b,0x6b,0x6c,0x6c,0x6c,0x89,0x73,0x6a,0x6b,0x68,0x66,0x66,0x66,0x66,0x66,0x66,0x66,0x66,0x66,0x66,0x66,0x66,0x66,0x66,0x66,0x66,0x66,0x66,0x66,0x66,0x66,0x66,0x66,0x66,0x66,0x66,0x66,0x66,0x66,0x66,0x66,0x66,0x6a,0x66,0x66,0x6a,0x6e,0x6a,0x6b,0x76,0x6b,0x89,0x16,0x15,0x01,0x01,0x00,0x00,0x00,0x00,0x00,0x00,0x00,0x00,0x00,0x00,0x00,0x00,0x00,0x00,0x00,0x00,0x00,0x00,0x00,0x00,0x00,0x00,0x00,0x00,0x00,0x00,0x00,0x00,0x00,0x00,0x00,0x00,0x00,0x00,0x00,0x00,0x00,0x00,0x00,
    0x00,0x00,0x00,0x00,0x00,0x00,0x00,0x00,0x00,0x00,0x00,0x00,0x00,0x00,0x00,0x00,0x00,0x00,0x00,0x00,0x00,0x00,0x00,0x00,0x00,0x00,0x00,0x00,0x00,0x00,0x00,0x00,0x00,0x00,0x00,0x00,0x00,0x00,0x00,0x00,0x00,0x00,0x00,0x04,0x02,0x18,0x6e,0x07,0x6e,0x6c,0x6a,0x6b,0x6c,0x76,0x6b,0x6d,0x6e,0x6a,0x68,0x66,0x66,0x66,0x66,0x66,0x66,0x66,0x66,0x66,0x66,0x66,0x66,0x66,0x66,0x66,0x66,0x66,0x66,0x66,0x66,0x66,0x66,0x66,0x66,0x66,0x66,0x66,0x66,0x66,0x66,0x66,0x68,0x6a,0x89,0x6a,0x76,0x6a,0x6d,0x6e,0x6a,0x89,0x06,0x9d,0x1e,0x00,0x04,0x00,0x00,0x00,0x00,0x00,0x00,0x00,0x00,0x00,0x00,0x00,0x00,0x00,0x00,0x00,0x00,0x00,0x00,0x00,0x00,0x00,0x00,0x00,0x00,0x00,0x00,0x00,0x00,0x00,0x00,0x00,0x00,0x00,0x00,0x00,0x00,0x00,0x00,0x00,
    0x00,0x00,0x00,0x00,0x00,0x00,0x00,0x00,0x00,0x00,0x00,0x00,0x00,0x00,0x00,0x00,0x00,0x00,0x00,0x00,0x00,0x00,0x00,0x00,0x00,0x00,0x00,0x00,0x00,0x00,0x00,0x00,0x00,0x00,0x00,0x00,0x00,0x00,0x00,0x00,0x00,0x00,0x00,0x03,0x00,0x52,0x37,0x71,0x6d,0x6c,0x6c,0x89,0x66,0x89,0x6b,0x6a,0x6a,0x89,0x68,0x66,0x68,0x68,0x68,0x66,0x66,0x68,0x68,0x66,0x66,0x66,0x66,0x66,0x66,0x66,0x66,0x66,0x66,0x66,0x66,0x66,0x66,0x66,0x66,0x66,0x68,0x66,0x66,0x66,0x66,0x66,0x68,0x6a,0x6a,0x6c,0x89,0x68,0x6d,0x6d,0x68,0x73,0x6b,0x0e,0x2f,0x15,0x01,0x02,0x00,0x00,0x00,0x00,0x00,0x00,0x00,0x00,0x00,0x00,0x00,0x00,0x00,0x00,0x00,0x00,0x00,0x00,0x00,0x00,0x00,0x00,0x00,0x00,0x00,0x00,0x00,0x00,0x00,0x00,0x00,0x00,0x00,0x00,0x00,0x00,0x00,0x00,
    0x00,0x00,0x00,0x00,0x00,0x00,0x00,0x00,0x00,0x00,0x00,0x00,0x00,0x00,0x00,0x00,0x00,0x00,0x00,0x00,0x00,0x00,0x00,0x00,0x00,0x00,0x00,0x00,0x00,0x00,0x00,0x00,0x00,0x00,0x00,0x00,0x00,0x00,0x00,0x00,0x00,0x00,0x03,0x00,0x52,0x8b,0xcd,0xda,0x7d,0x6a,0x6c,0x66,0x66,0x68,0x66,0x6c,0x6b,0x66,0x66,0x68,0x6d,0x6e,0x6a,0x6c,0x6c,0x6a,0x6e,0x6d,0x68,0x68,0x68,0x66,0x66,0x66,0x66,0x66,0x66,0x66,0x66,0x68,0x68,0x68,0x6d,0x6d,0x89,0x6d,0x6d,0x6d,0x68,0x66,0x68,0x6a,0x6b,0x66,0x73,0x66,0x68,0x73,0x73,0x6b,0x2f,0x82,0xa6,0x2c,0x00,0x0b,0x00,0x00,0x00,0x00,0x00,0x00,0x00,0x00,0x00,0x00,0x00,0x00,0x00,0x00,0x00,0x00,0x00,0x00,0x00,0x00,0x00,0x00,0x00,0x00,0x00,0x00,0x00,0x00,0x00,0x00,0x00,0x00,0x00,0x00,0x00,0x00,0x00,0x00,
    0x00,0x00,0x00,0x00,0x00,0x00,0x00,0x00,0x00,0x00,0x00,0x00,0x00,0x00,0x00,0x00,0x00,0x00,0x00,0x00,0x00,0x00,0x00,0x00,0x00,0x00,0x00,0x00,0x00,0x00,0x00,0x00,0x00,0x00,0x00,0x00,0x00,0x00,0x00,0x00,0x00,0x02,0x02,0x38,0x32,0x19,0x9b,0xa3,0xd6,0x7d,0x6d,0x73,0x73,0x68,0x66,0x07,0x6a,0x6d,0x6d,0x6c,0x76,0x76,0x76,0x76,0x6b,0x6b,0x6b,0x6b,0x6a,0x6e,0x89,0x6d,0x66,0x68,0x66,0x68,0x68,0x68,0x6d,0x89,0x6a,0x6c,0x6c,0x6c,0x6a,0x6a,0x6a,0x6e,0x6e,0x66,0x66,0x6a,0x6d,0x6d,0x6a,0x66,0x6d,0x6b,0x6c,0xd8,0xa2,0x8b,0xa9,0x63,0x00,0x00,0x00,0x00,0x00,0x00,0x00,0x00,0x00,0x00,0x00,0x00,0x00,0x00,0x00,0x00,0x00,0x00,0x00,0x00,0x00,0x00,0x00,0x00,0x00,0x00,0x00,0x00,0x00,0x00,0x00,0x00,0x00,0x00,0x00,0x00,0x00,0x00,0x00,0x00,
    0x00,0x00,0x00,0x00,0x00,0x00,0x00,0x00,0x00,0x00,0x00,0x00,0x00,0x00,0x00,0x00,0x00,0x00,0x00,0x00,0x00,0x00,0x00,0x00,0x00,0x00,0x00,0x00,0x00,0x00,0x00,0x00,0x00,0x00,0x00,0x00,0x00,0x00,0x00,0x00,0x00,0x02,0x00,0x3a,0xa6,0xcc,0xa1,0x84,0x90,0xa1,0x6e,0x6a,0x6a,0x06,0x07,0x6d,0x6b,0x6a,0x6c,0x76,0x6b,0x6a,0x89,0x89,0x66,0x66,0x66,0x66,0x89,0x6e,0x6e,0x6a,0x6a,0x6c,0x6b,0x6c,0x6c,0x6c,0x6b,0x76,0x76,0x76,0x6b,0x6c,0x6a,0x6e,0x89,0x6a,0x6b,0x6c,0x6c,0x6c,0x89,0x07,0x6c,0x7d,0x7d,0x08,0xad,0x7f,0x79,0xa9,0xcc,0x36,0x00,0x00,0x00,0x00,0x00,0x00,0x00,0x00,0x00,0x00,0x00,0x00,0x00,0x00,0x00,0x00,0x00,0x00,0x00,0x00,0x00,0x00,0x00,0x00,0x00,0x00,0x00,0x00,0x00,0x00,0x00,0x00,0x00,0x00,0x00,0x00,0x00,0x00,0x00,0x00,
    0x00,0x00,0x00,0x00,0x00,0x00,0x00,0x00,0x00,0x00,0x00,0x00,0x00,0x00,0x00,0x00,0x00,0x00,0x00,0x00,0x00,0x00,0x00,0x00,0x00,0x00,0x00,0x00,0x00,0x00,0x00,0x00,0x00,0x00,0x00,0x00,0x00,0x00,0x00,0x00,0x00,0x01,0x02,0x21,0x22,0xa6,0xb2,0x86,0x94,0xcc,0x46,0xcb,0xd3,0x9d,0x6c,0x3c,0x1f,0x76,0x6a,0x89,0x66,0x68,0x68,0x68,0x66,0x66,0x66,0x66,0x68,0x68,0x68,0x68,0x6d,0x6d,0x89,0x6a,0x6a,0x6a,0x6a,0x6d,0x6d,0x6d,0x6d,0x6d,0x66,0x68,0x68,0x66,0x6e,0x6a,0x6c,0x12,0x0c,0x6d,0x7c,0xda,0xb4,0xb4,0x8a,0x7e,0x77,0xc2,0xc2,0x44,0x00,0x03,0x00,0x00,0x00,0x00,0x00,0x00,0x00,0x00,0x00,0x00,0x00,0x00,0x00,0x00,0x00,0x00,0x00,0x00,0x00,0x00,0x00,0x00,0x00,0x00,0x00,0x00,0x00,0x00,0x00,0x00,0x00,0x00,0x00,0x00,0x00,0x00,0x00,0x00,
    0x00,0x00,0x00,0x00,0x00,0x00,0x00,0x00,0x00,0x00,0x00,0x00,0x00,0x00,0x00,0x00,0x00,0x00,0x00,0x00,0x00,0x00,0x00,0x00,0x00,0x00,0x00,0x00,0x00,0x00,0x00,0x00,0x00,0x00,0x00,0x00,0x00,0x00,0x00,0x00,0x00,0x00,0x0b,0x00,0x54,0x3b,0x31,0x2b,0x2d,0x3d,0xaa,0xa5,0xc2,0x1e,0x13,0x00,0x13,0x6e,0x07,0x66,0x66,0x66,0x66,0x66,0x66,0x66,0x66,0x66,0x66,0x66,0x66,0x66,0x66,0x68,0x68,0x68,0x68,0x68,0x68,0x66,0x66,0x6d,0x66,0x66,0x66,0x66,0x6d,0x89,0x6a,0x66,0x6d,0x0c,0x18,0x13,0x40,0x8a,0x32,0x2f,0x41,0x45,0x2d,0x2d,0x2c,0x1d,0x02,0x02,0x00,0x00,0x00,0x00,0x00,0x00,0x00,0x00,0x00,0x00,0x00,0x00,0x00,0x00,0x00,0x00,0x00,0x00,0x00,0x00,0x00,0x00,0x00,0x00,0x00,0x00,0x00,0x00,0x00,0x00,0x00,0x00,0x00,0x00,0x00,0x00,0x00,0x00,
    0x00,0x00,0x00,0x00,0x00,0x00,0x00,0x00,0x00,0x00,0x00,0x00,0x00,0x00,0x00,0x00,0x00,0x00,0x00,0x00,0x00,0x00,0x00,0x00,0x00,0x00,0x00,0x00,0x00,0x00,0x00,0x00,0x00,0x00,0x00,0x00,0x00,0x00,0x00,0x00,0x00,0x00,0x00,0x02,0x00,0x03,0x38,0x21,0x00,0x38,0x8b,0x32,0x2c,0x00,0x00,0x00,0x1a,0x07,0x07,0x68,0x68,0x68,0x68,0x66,0x66,0x66,0x66,0x66,0x66,0x66,0x66,0x66,0x66,0x89,0x68,0x68,0x66,0x66,0x66,0x66,0x66,0x66,0x66,0x66,0x89,0x6d,0x6d,0x89,0x6b,0x6c,0x06,0x6a,0x13,0x00,0x00,0x43,0x93,0x2c,0x00,0x00,0x00,0x00,0x00,0x00,0x00,0x00,0x00,0x00,0x00,0x00,0x00,0x00,0x00,0x00,0x00,0x00,0x00,0x00,0x00,0x00,0x00,0x00,0x00,0x00,0x00,0x00,0x00,0x00,0x00,0x00,0x00,0x00,0x00,0x00,0x00,0x00,0x00,0x00,0x00,0x00,0x00,0x00,0x00,0x00,
    0x00,0x00,0x00,0x00,0x00,0x00,0x00,0x00,0x00,0x00,0x00,0x00,0x00,0x00,0x00,0x00,0x00,0x00,0x00,0x00,0x00,0x00,0x00,0x00,0x00,0x00,0x00,0x00,0x00,0x00,0x00,0x00,0x00,0x00,0x00,0x00,0x00,0x00,0x00,0x00,0x00,0x00,0x00,0x00,0x02,0x00,0x00,0x00,0x1d,0x00,0x30,0x30,0x00,0x04,0x10,0x01,0x3e,0x6a,0x89,0x68,0x68,0x89,0x89,0x89,0x66,0x68,0x73,0x73,0x73,0x73,0x68,0x68,0x68,0x6a,0x6c,0x6e,0x66,0x66,0x66,0x66,0x68,0x68,0x73,0x73,0x73,0x66,0x89,0x07,0x06,0x6c,0x6c,0x6b,0x13,0x04,0x10,0x00,0x4b,0x3a,0x03,0x1d,0x03,0x0b,0x03,0x01,0x00,0x00,0x00,0x00,0x00,0x00,0x00,0x00,0x00,0x00,0x00,0x00,0x00,0x00,0x00,0x00,0x00,0x00,0x00,0x00,0x00,0x00,0x00,0x00,0x00,0x00,0x00,0x00,0x00,0x00,0x00,0x00,0x00,0x00,0x00,0x00,0x00,0x00,0x00,0x00,
    0x00,0x00,0x00,0x00,0x00,0x00,0x00,0x00,0x00,0x00,0x00,0x00,0x00,0x00,0x00,0x00,0x00,0x00,0x00,0x00,0x00,0x00,0x00,0x00,0x00,0x00,0x00,0x00,0x00,0x00,0x00,0x00,0x00,0x00,0x00,0x00,0x00,0x00,0x00,0x00,0x00,0x00,0x00,0x00,0x00,0x02,0x02,0x02,0x00,0x02,0x00,0x00,0x03,0x00,0x01,0x01,0x15,0x1a,0x3c,0x16,0x16,0x7c,0x7c,0xee,0x66,0x89,0x6c,0x6b,0x6c,0x6e,0x89,0x89,0x6d,0x07,0x12,0x6b,0x6d,0x6d,0x6a,0x6a,0x89,0x6a,0x6c,0x6c,0x6b,0x76,0x6e,0x73,0x6d,0x16,0x27,0x2a,0x15,0x00,0x01,0x02,0x00,0x00,0x00,0x00,0x00,0x00,0x00,0x00,0x00,0x00,0x00,0x00,0x00,0x00,0x00,0x00,0x00,0x00,0x00,0x00,0x00,0x00,0x00,0x00,0x00,0x00,0x00,0x00,0x00,0x00,0x00,0x00,0x00,0x00,0x00,0x00,0x00,0x00,0x00,0x00,0x00,0x00,0x00,0x00,0x00,0x00,0x00,0x00,
    0x00,0x00,0x00,0x00,0x00,0x00,0x00,0x00,0x00,0x00,0x00,0x00,0x00,0x00,0x00,0x00,0x00,0x00,0x00,0x00,0x00,0x00,0x00,0x00,0x00,0x00,0x00,0x00,0x00,0x00,0x00,0x00,0x00,0x00,0x00,0x00,0x00,0x00,0x00,0x00,0x00,0x00,0x00,0x00,0x00,0x00,0x00,0x00,0x00,0x00,0x03,0x03,0x00,0x00,0x00,0x00,0x00,0x00,0x00,0x0a,0x0a,0x48,0x4c,0xe3,0xe3,0xe3,0xeb,0xde,0xdc,0x5c,0xda,0x08,0x7c,0x73,0x6d,0x76,0x6a,0x89,0xee,0xee,0x9d,0x7c,0xd3,0x5c,0xdc,0xde,0x5c,0x0d,0x13,0x0a,0x00,0x00,0x00,0x00,0x00,0x00,0x03,0x02,0x00,0x00,0x00,0x00,0x00,0x00,0x00,0x00,0x00,0x00,0x00,0x00,0x00,0x00,0x00,0x00,0x00,0x00,0x00,0x00,0x00,0x00,0x00,0x00,0x00,0x00,0x00,0x00,0x00,0x00,0x00,0x00,0x00,0x00,0x00,0x00,0x00,0x00,0x00,0x00,0x00,0x00,0x00,0x00,0x00,0x00,
    0x00,0x00,0x00,0x00,0x00,0x00,0x00,0x00,0x00,0x00,0x00,0x00,0x00,0x00,0x00,0x00,0x00,0x00,0x00,0x00,0x00,0x00,0x00,0x00,0x00,0x00,0x00,0x00,0x00,0x00,0x00,0x00,0x00,0x00,0x00,0x00,0x00,0x00,0x00,0x00,0x00,0x00,0x00,0x00,0x00,0x00,0x00,0x00,0x00,0x00,0x00,0x00,0x00,0x00,0x00,0x00,0x01,0x04,0x00,0x00,0x01,0x41,0x4c,0xca,0xab,0x77,0x79,0x67,0x85,0xbc,0xca,0xe0,0x5f,0x3f,0x1a,0xdc,0xe3,0xe3,0x4c,0xe0,0xbc,0xbc,0xbc,0xd2,0xca,0xca,0x5f,0x00,0x00,0x00,0x01,0x04,0x01,0x00,0x00,0x00,0x00,0x00,0x00,0x00,0x00,0x00,0x00,0x00,0x00,0x00,0x00,0x00,0x00,0x00,0x00,0x00,0x00,0x00,0x00,0x00,0x00,0x00,0x00,0x00,0x00,0x00,0x00,0x00,0x00,0x00,0x00,0x00,0x00,0x00,0x00,0x00,0x00,0x00,0x00,0x00,0x00,0x00,0x00,0x00,0x00,0x00,0x00,0x00,
    0x00,0x00,0x00,0x00,0x00,0x00,0x00,0x00,0x00,0x00,0x00,0x00,0x00,0x00,0x00,0x00,0x00,0x00,0x00,0x00,0x00,0x00,0x00,0x00,0x00,0x00,0x00,0x00,0x00,0x00,0x00,0x00,0x00,0x00,0x00,0x00,0x00,0x00,0x00,0x00,0x00,0x00,0x00,0x00,0x00,0x00,0x00,0x00,0x00,0x00,0x00,0x00,0x00,0x00,0x00,0x00,0x00,0x00,0x01,0x10,0x01,0x40,0xcd,0x84,0x82,0x9e,0x9e,0x9e,0x75,0x9e,0x1b,0xd2,0xe3,0x2e,0x00,0x4c,0xd2,0x85,0x84,0x84,0x7e,0x79,0x75,0x77,0x85,0xf5,0x4e,0x21,0x04,0x01,0x00,0x00,0x00,0x00,0x00,0x00,0x00,0x00,0x00,0x00,0x00,0x00,0x00,0x00,0x00,0x00,0x00,0x00,0x00,0x00,0x00,0x00,0x00,0x00,0x00,0x00,0x00,0x00,0x00,0x00,0x00,0x00,0x00,0x00,0x00,0x00,0x00,0x00,0x00,0x00,0x00,0x00,0x00,0x00,0x00,0x00,0x00,0x00,0x00,0x00,0x00,0x00,0x00,0x00,
    0x00,0x00,0x00,0x00,0x00,0x00,0x00,0x00,0x00,0x00,0x00,0x00,0x00,0x00,0x00,0x00,0x00,0x00,0x00,0x00,0x00,0x00,0x00,0x00,0x00,0x00,0x00,0x00,0x00,0x00,0x00,0x00,0x00,0x00,0x00,0x00,0x00,0x00,0x00,0x00,0x00,0x00,0x00,0x00,0x00,0x00,0x00,0x00,0x00,0x00,0x00,0x00,0x00,0x00,0x00,0x00,0x00,0x00,0x00,0x1d,0x00,0x44,0x8d,0xa3,0x6f,0x6f,0x6f,0x6f,0x6f,0x67,0x75,0x7e,0xc5,0x15,0x1d,0x23,0x31,0x84,0x75,0x6f,0x77,0x6f,0x6f,0x6f,0x7e,0x9b,0x3f,0x00,0x04,0x00,0x00,0x00,0x00,0x00,0x00,0x00,0x00,0x00,0x00,0x00,0x00,0x00,0x00,0x00,0x00,0x00,0x00,0x00,0x00,0x00,0x00,0x00,0x00,0x00,0x00,0x00,0x00,0x00,0x00,0x00,0x00,0x00,0x00,0x00,0x00,0x00,0x00,0x00,0x00,0x00,0x00,0x00,0x00,0x00,0x00,0x00,0x00,0x00,0x00,0x00,0x00,0x00,0x00,0x00,
    0x00,0x00,0x00,0x00,0x00,0x00,0x00,0x00,0x00,0x00,0x00,0x00,0x00,0x00,0x00,0x00,0x00,0x00,0x00,0x00,0x00,0x00,0x00,0x00,0x00,0x00,0x00,0x00,0x00,0x00,0x00,0x00,0x00,0x00,0x00,0x00,0x00,0x00,0x00,0x00,0x00,0x00,0x00,0x00,0x00,0x00,0x00,0x00,0x00,0x00,0x00,0x00,0x00,0x00,0x00,0x00,0x00,0x00,0x00,0x02,0x00,0x54,0x93,0x77,0x67,0x67,0x67,0x67,0x67,0x67,0x77,0x72,0x8f,0x3a,0x05,0x22,0x82,0x81,0x6f,0x67,0x67,0x67,0x67,0x75,0x82,0xa3,0x41,0x00,0x03,0x00,0x00,0x00,0x00,0x00,0x00,0x00,0x00,0x00,0x00,0x00,0x00,0x00,0x00,0x00,0x00,0x00,0x00,0x00,0x00,0x00,0x00,0x00,0x00,0x00,0x00,0x00,0x00,0x00,0x00,0x00,0x00,0x00,0x00,0x00,0x00,0x00,0x00,0x00,0x00,0x00,0x00,0x00,0x00,0x00,0x00,0x00,0x00,0x00,0x00,0x00,0x00,0x00,0x00,0x00,
    0x00,0x00,0x00,0x00,0x00,0x00,0x00,0x00,0x00,0x00,0x00,0x00,0x00,0x00,0x00,0x00,0x00,0x00,0x00,0x00,0x00,0x00,0x00,0x00,0x00,0x00,0x00,0x00,0x00,0x00,0x00,0x00,0x00,0x00,0x00,0x00,0x00,0x00,0x00,0x00,0x00,0x00,0x00,0x00,0x00,0x00,0x00,0x00,0x00,0x00,0x00,0x00,0x00,0x00,0x00,0x00,0x00,0x00,0x00,0x02,0x00,0x39,0x93,0x79,0x67,0x67,0x67,0x67,0x67,0x67,0x67,0x9e,0xb2,0x55,0x00,0x41,0x82,0x75,0x6f,0x67,0x67,0x67,0x6f,0x75,0x84,0xa6,0x24,0x00,0x03,0x00,0x00,0x00,0x00,0x00,0x00,0x00,0x00,0x00,0x00,0x00,0x00,0x00,0x00,0x00,0x00,0x00,0x00,0x00,0x00,0x00,0x00,0x00,0x00,0x00,0x00,0x00,0x00,0x00,0x00,0x00,0x00,0x00,0x00,0x00,0x00,0x00,0x00,0x00,0x00,0x00,0x00,0x00,0x00,0x00,0x00,0x00,0x00,0x00,0x00,0x00,0x00,0x00,0x00,0x00,
    0x00,0x00,0x00,0x00,0x00,0x00,0x00,0x00,0x00,0x00,0x00,0x00,0x00,0x00,0x00,0x00,0x00,0x00,0x00,0x00,0x00,0x00,0x00,0x00,0x00,0x00,0x00,0x00,0x00,0x00,0x00,0x00,0x00,0x00,0x00,0x00,0x00,0x00,0x00,0x00,0x00,0x00,0x00,0x00,0x00,0x00,0x00,0x00,0x00,0x00,0x00,0x00,0x00,0x00,0x00,0x00,0x00,0x00,0x00,0x01,0x02,0x21,0x36,0x85,0x75,0x6f,0x67,0x67,0x67,0x6f,0x6f,0x75,0x22,0x21,0x00,0x45,0x90,0x86,0x82,0x67,0x67,0x67,0x67,0x6f,0x86,0xb7,0x18,0x00,0x05,0x00,0x00,0x00,0x00,0x00,0x00,0x00,0x00,0x00,0x00,0x00,0x00,0x00,0x00,0x00,0x00,0x00,0x00,0x00,0x00,0x00,0x00,0x00,0x00,0x00,0x00,0x00,0x00,0x00,0x00,0x00,0x00,0x00,0x00,0x00,0x00,0x00,0x00,0x00,0x00,0x00,0x00,0x00,0x00,0x00,0x00,0x00,0x00,0x00,0x00,0x00,0x00,0x00,0x00,0x00,
    0x00,0x00,0x00,0x00,0x00,0x00,0x00,0x00,0x00,0x00,0x00,0x00,0x00,0x00,0x00,0x00,0x00,0x00,0x00,0x00,0x00,0x00,0x00,0x00,0x00,0x00,0x00,0x00,0x00,0x00,0x00,0x00,0x00,0x00,0x00,0x00,0x00,0x00,0x00,0x00,0x00,0x00,0x00,0x00,0x00,0x00,0x00,0x00,0x00,0x00,0x00,0x00,0x00,0x00,0x00,0x00,0x00,0x00,0x00,0x00,0x03,0x00,0x29,0x7e,0x77,0x67,0x67,0x67,0x9e,0x82,0xa3,0xa2,0x29,0x00,0x02,0x44,0x0f,0x86,0x75,0x67,0x67,0x67,0x6f,0x79,0x1b,0x46,0x3a,0x00,0x02,0x00,0x00,0x00,0x00,0x00,0x00,0x00,0x00,0x00,0x00,0x00,0x00,0x00,0x00,0x00,0x00,0x00,0x00,0x00,0x00,0x00,0x00,0x00,0x00,0x00,0x00,0x00,0x00,0x00,0x00,0x00,0x00,0x00,0x00,0x00,0x00,0x00,0x00,0x00,0x00,0x00,0x00,0x00,0x00,0x00,0x00,0x00,0x00,0x00,0x00,0x00,0x00,0x00,0x00,0x00,
    0x00,0x00,0x00,0x00,0x00,0x00,0x00,0x00,0x00,0x00,0x00,0x00,0x00,0x00,0x00,0x00,0x00,0x00,0x00,0x00,0x00,0x00,0x00,0x00,0x00,0x00,0x00,0x00,0x00,0x00,0x00,0x00,0x00,0x00,0x00,0x00,0x00,0x00,0x00,0x00,0x00,0x00,0x00,0x00,0x00,0x00,0x00,0x00,0x00,0x00,0x00,0x00,0x00,0x00,0x00,0x00,0x00,0x00,0x00,0x00,0x03,0x01,0x2d,0x8a,0x82,0x9e,0x67,0x67,0x75,0x82,0x86,0x86,0x45,0x01,0x00,0x4b,0x94,0x7e,0x6f,0x67,0x67,0x67,0x9e,0x67,0xa3,0x3d,0x00,0x00,0x00,0x00,0x00,0x00,0x00,0x00,0x00,0x00,0x00,0x00,0x00,0x00,0x00,0x00,0x00,0x00,0x00,0x00,0x00,0x00,0x00,0x00,0x00,0x00,0x00,0x00,0x00,0x00,0x00,0x00,0x00,0x00,0x00,0x00,0x00,0x00,0x00,0x00,0x00,0x00,0x00,0x00,0x00,0x00,0x00,0x00,0x00,0x00,0x00,0x00,0x00,0x00,0x00,0x00,0x00,0x00,
    0x00,0x00,0x00,0x00,0x00,0x00,0x00,0x00,0x00,0x00,0x00,0x00,0x00,0x00,0x00,0x00,0x00,0x00,0x00,0x00,0x00,0x00,0x00,0x00,0x00,0x00,0x00,0x00,0x00,0x00,0x00,0x00,0x00,0x00,0x00,0x00,0x00,0x00,0x00,0x00,0x00,0x00,0x00,0x00,0x00,0x00,0x00,0x00,0x00,0x00,0x00,0x00,0x00,0x00,0x00,0x00,0x00,0x00,0x00,0x00,0x04,0x00,0x34,0x96,0x0f,0xa3,0x67,0x67,0x67,0x9e,0x7e,0x94,0x24,0x00,0x00,0x30,0x84,0x67,0x67,0x67,0x67,0x67,0x6f,0x79,0x2b,0x4a,0x02,0x02,0x00,0x00,0x00,0x00,0x00,0x00,0x00,0x00,0x00,0x00,0x00,0x00,0x00,0x00,0x00,0x00,0x00,0x00,0x00,0x00,0x00,0x00,0x00,0x00,0x00,0x00,0x00,0x00,0x00,0x00,0x00,0x00,0x00,0x00,0x00,0x00,0x00,0x00,0x00,0x00,0x00,0x00,0x00,0x00,0x00,0x00,0x00,0x00,0x00,0x00,0x00,0x00,0x00,0x00,0x00,0x00,
    0x00,0x00,0x00,0x00,0x00,0x00,0x00,0x00,0x00,0x00,0x00,0x00,0x00,0x00,0x00,0x00,0x00,0x00,0x00,0x00,0x00,0x00,0x00,0x00,0x00,0x00,0x00,0x00,0x00,0x00,0x00,0x00,0x00,0x00,0x00,0x00,0x00,0x00,0x00,0x00,0x00,0x00,0x00,0x00,0x00,0x00,0x00,0x00,0x00,0x00,0x00,0x00,0x00,0x00,0x00,0x00,0x00,0x00,0x00,0x00,0x04,0x00,0x33,0xbb,0x0f,0x86,0x75,0x67,0x67,0x67,0x6f,0x84,0x42,0x00,0x02,0x30,0x82,0x9e,0x67,0x67,0x67,0x67,0x9e,0x84,0x8a,0x40,0x00,0x05,0x00,0x00,0x00,0x00,0x00,0x00,0x00,0x00,0x00,0x00,0x00,0x00,0x00,0x00,0x00,0x00,0x00,0x00,0x00,0x00,0x00,0x00,0x00,0x00,0x00,0x00,0x00,0x00,0x00,0x00,0x00,0x00,0x00,0x00,0x00,0x00,0x00,0x00,0x00,0x00,0x00,0x00,0x00,0x00,0x00,0x00,0x00,0x00,0x00,0x00,0x00,0x00,0x00,0x00,0x00,0x00,
    0x00,0x00,0x00,0x00,0x00,0x00,0x00,0x00,0x00,0x00,0x00,0x00,0x00,0x00,0x00,0x00,0x00,0x00,0x00,0x00,0x00,0x00,0x00,0x00,0x00,0x00,0x00,0x00,0x00,0x00,0x00,0x00,0x00,0x00,0x00,0x00,0x00,0x00,0x00,0x00,0x00,0x00,0x00,0x00,0x00,0x00,0x00,0x00,0x00,0x00,0x00,0x00,0x00,0x00,0x00,0x00,0x00,0x00,0x00,0x00,0x04,0x00,0x34,0x93,0x0f,0x86,0x75,0x67,0x67,0x77,0x7e,0x2b,0x3a,0x00,0x03,0x00,0x22,0x7f,0x77,0x67,0x67,0x6f,0x82,0x86,0x94,0x48,0x02,0x00,0x00,0x00,0x00,0x00,0x00,0x00,0x00,0x00,0x00,0x00,0x00,0x00,0x00,0x00,0x00,0x00,0x00,0x00,0x00,0x00,0x00,0x00,0x00,0x00,0x00,0x00,0x00,0x00,0x00,0x00,0x00,0x00,0x00,0x00,0x00,0x00,0x00,0x00,0x00,0x00,0x00,0x00,0x00,0x00,0x00,0x00,0x00,0x00,0x00,0x00,0x00,0x00,0x00,0x00,0x00,0x00,
    0x00,0x00,0x00,0x00,0x00,0x00,0x00,0x00,0x00,0x00,0x00,0x00,0x00,0x00,0x00,0x00,0x00,0x00,0x00,0x00,0x00,0x00,0x00,0x00,0x00,0x00,0x00,0x00,0x00,0x00,0x00,0x00,0x00,0x00,0x00,0x00,0x00,0x00,0x00,0x00,0x00,0x00,0x00,0x00,0x00,0x00,0x00,0x00,0x00,0x00,0x00,0x00,0x00,0x00,0x00,0x00,0x00,0x00,0x00,0x00,0x03,0x00,0x2d,0x8a,0x82,0x9e,0x67,0x67,0x67,0x77,0x7f,0x1c,0x0a,0x00,0x02,0x00,0x3d,0x84,0xa3,0x67,0x67,0x67,0x9e,0x82,0xa3,0x3d,0x00,0x00,0x00,0x00,0x00,0x00,0x00,0x00,0x00,0x00,0x00,0x00,0x00,0x00,0x00,0x00,0x00,0x00,0x00,0x00,0x00,0x00,0x00,0x00,0x00,0x00,0x00,0x00,0x00,0x00,0x00,0x00,0x00,0x00,0x00,0x00,0x00,0x00,0x00,0x00,0x00,0x00,0x00,0x00,0x00,0x00,0x00,0x00,0x00,0x00,0x00,0x00,0x00,0x00,0x00,0x00,0x00,0x00,
    0x00,0x00,0x00,0x00,0x00,0x00,0x00,0x00,0x00,0x00,0x00,0x00,0x00,0x00,0x00,0x00,0x00,0x00,0x00,0x00,0x00,0x00,0x00,0x00,0x00,0x00,0x00,0x00,0x00,0x00,0x00,0x00,0x00,0x00,0x00,0x00,0x00,0x00,0x00,0x00,0x00,0x00,0x00,0x00,0x00,0x00,0x00,0x00,0x00,0x00,0x00,0x00,0x00,0x00,0x00,0x00,0x00,0x00,0x00,0x00,0x03,0x00,0x51,0x8f,0x6f,0x67,0x67,0x67,0x67,0x77,0x84,0x36,0x0a,0x02,0x03,0x00,0x4a,0x0f,0x86,0x75,0x67,0x67,0x6f,0x72,0x1b,0x48,0x2e,0x00,0x02,0x00,0x00,0x00,0x00,0x00,0x00,0x00,0x00,0x00,0x00,0x00,0x00,0x00,0x00,0x00,0x00,0x00,0x00,0x00,0x00,0x00,0x00,0x00,0x00,0x00,0x00,0x00,0x00,0x00,0x00,0x00,0x00,0x00,0x00,0x00,0x00,0x00,0x00,0x00,0x00,0x00,0x00,0x00,0x00,0x00,0x00,0x00,0x00,0x00,0x00,0x00,0x00,0x00,0x00,0x00,
    0x00,0x00,0x00,0x00,0x00,0x00,0x00,0x00,0x00,0x00,0x00,0x00,0x00,0x00,0x00,0x00,0x00,0x00,0x00,0x00,0x00,0x00,0x00,0x00,0x00,0x00,0x00,0x00,0x00,0x00,0x00,0x00,0x00,0x00,0x00,0x00,0x00,0x00,0x00,0x00,0x00,0x00,0x00,0x00,0x00,0x00,0x00,0x00,0x00,0x00,0x00,0x00,0x00,0x00,0x00,0x00,0x00,0x00,0x00,0x00,0x05,0x00,0x25,0xcd,0x79,0x6f,0x67,0x67,0x9e,0x67,0x86,0x35,0x00,0x03,0x03,0x00,0x2c,0xa3,0x79,0x9e,0x67,0x67,0x67,0x67,0x77,0x9b,0x4b,0x00,0x03,0x00,0x00,0x00,0x00,0x00,0x00,0x00,0x00,0x00,0x00,0x00,0x00,0x00,0x00,0x00,0x00,0x00,0x00,0x00,0x00,0x00,0x00,0x00,0x00,0x00,0x00,0x00,0x00,0x00,0x00,0x00,0x00,0x00,0x00,0x00,0x00,0x00,0x00,0x00,0x00,0x00,0x00,0x00,0x00,0x00,0x00,0x00,0x00,0x00,0x00,0x00,0x00,0x00,0x00,0x00,
    0x00,0x00,0x00,0x00,0x00,0x00,0x00,0x00,0x00,0x00,0x00,0x00,0x00,0x00,0x00,0x00,0x00,0x00,0x00,0x00,0x00,0x00,0x00,0x00,0x00,0x00,0x00,0x00,0x00,0x00,0x00,0x00,0x00,0x00,0x00,0x00,0x00,0x00,0x00,0x00,0x00,0x00,0x00,0x00,0x00,0x00,0x00,0x00,0x00,0x00,0x00,0x00,0x00,0x00,0x00,0x00,0x00,0x00,0x00,0x00,0x0b,0x00,0x25,0xcd,0x79,0x6f,0x67,0x67,0x75,0x84,0x94,0x3f,0x00,0x0b,0x05,0x00,0x3f,0x9b,0x7e,0x77,0x67,0x67,0x67,0x9e,0x0f,0xb7,0x18,0x00,0x05,0x00,0x00,0x00,0x00,0x00,0x00,0x00,0x00,0x00,0x00,0x00,0x00,0x00,0x00,0x00,0x00,0x00,0x00,0x00,0x00,0x00,0x00,0x00,0x00,0x00,0x00,0x00,0x00,0x00,0x00,0x00,0x00,0x00,0x00,0x00,0x00,0x00,0x00,0x00,0x00,0x00,0x00,0x00,0x00,0x00,0x00,0x00,0x00,0x00,0x00,0x00,0x00,0x00,0x00,0x00,
    0x00,0x00,0x00,0x00,0x00,0x00,0x00,0x00,0x00,0x00,0x00,0x00,0x00,0x00,0x00,0x00,0x00,0x00,0x00,0x00,0x00,0x00,0x00,0x00,0x00,0x00,0x00,0x00,0x00,0x00,0x00,0x00,0x00,0x00,0x00,0x00,0x00,0x00,0x00,0x00,0x00,0x00,0x00,0x00,0x00,0x00,0x00,0x00,0x00,0x00,0x00,0x00,0x00,0x00,0x00,0x00,0x00,0x00,0x00,0x00,0x0b,0x10,0x4a,0x1b,0x79,0x6f,0x67,0x67,0x75,0x0f,0x9b,0x2a,0x00,0x04,0x05,0x00,0x3f,0x9b,0x7e,0x6f,0x67,0x67,0x6f,0x75,0x0f,0xd8,0x18,0x00,0x05,0x00,0x00,0x00,0x00,0x00,0x00,0x00,0x00,0x00,0x00,0x00,0x00,0x00,0x00,0x00,0x00,0x00,0x00,0x00,0x00,0x00,0x00,0x00,0x00,0x00,0x00,0x00,0x00,0x00,0x00,0x00,0x00,0x00,0x00,0x00,0x00,0x00,0x00,0x00,0x00,0x00,0x00,0x00,0x00,0x00,0x00,0x00,0x00,0x00,0x00,0x00,0x00,0x00,0x00,0x00,
    0x00,0x00,0x00,0x00,0x00,0x00,0x00,0x00,0x00,0x00,0x00,0x00,0x00,0x00,0x00,0x00,0x00,0x00,0x00,0x00,0x00,0x00,0x00,0x00,0x00,0x00,0x00,0x00,0x00,0x00,0x00,0x00,0x00,0x00,0x00,0x00,0x00,0x00,0x00,0x00,0x00,0x00,0x00,0x00,0x00,0x00,0x00,0x00,0x00,0x00,0x00,0x00,0x00,0x00,0x00,0x00,0x00,0x00,0x00,0x02,0x00,0x38,0x0e,0x9b,0x8f,0x77,0x77,0x77,0x9e,0x86,0x31,0x4d,0x00,0x0b,0x03,0x00,0x42,0x94,0x9e,0x77,0x77,0x6f,0x6f,0x9e,0x79,0xa1,0x49,0x00,0x05,0x00,0x00,0x00,0x00,0x00,0x00,0x00,0x00,0x00,0x00,0x00,0x00,0x00,0x00,0x00,0x00,0x00,0x00,0x00,0x00,0x00,0x00,0x00,0x00,0x00,0x00,0x00,0x00,0x00,0x00,0x00,0x00,0x00,0x00,0x00,0x00,0x00,0x00,0x00,0x00,0x00,0x00,0x00,0x00,0x00,0x00,0x00,0x00,0x00,0x00,0x00,0x00,0x00,0x00,0x00,
    0x00,0x00,0x00,0x00,0x00,0x00,0x00,0x00,0x00,0x00,0x00,0x00,0x00,0x00,0x00,0x00,0x00,0x00,0x00,0x00,0x00,0x00,0x00,0x00,0x00,0x00,0x00,0x00,0x00,0x00,0x00,0x00,0x00,0x00,0x00,0x00,0x00,0x00,0x00,0x00,0x00,0x00,0x00,0x00,0x00,0x00,0x00,0x00,0x00,0x00,0x00,0x00,0x00,0x00,0x00,0x00,0x00,0x00,0x01,0x01,0x0a,0x1f,0x2f,0x84,0x67,0x7e,0x7f,0x7e,0x7e,0x90,0xa3,0x25,0x10,0x03,0x05,0x02,0x28,0x96,0x90,0x7e,0x7e,0x7e,0x67,0x8f,0x84,0xb7,0x2a,0x04,0x05,0x00,0x00,0x00,0x00,0x00,0x00,0x00,0x00,0x00,0x00,0x00,0x00,0x00,0x00,0x00,0x00,0x00,0x00,0x00,0x00,0x00,0x00,0x00,0x00,0x00,0x00,0x00,0x00,0x00,0x00,0x00,0x00,0x00,0x00,0x00,0x00,0x00,0x00,0x00,0x00,0x00,0x00,0x00,0x00,0x00,0x00,0x00,0x00,0x00,0x00,0x00,0x00,0x00,0x00,0x00,
    0x00,0x00,0x00,0x00,0x00,0x00,0x00,0x00,0x00,0x00,0x00,0x00,0x00,0x00,0x00,0x00,0x00,0x00,0x00,0x00,0x00,0x00,0x00,0x00,0x00,0x00,0x00,0x00,0x00,0x00,0x00,0x00,0x00,0x00,0x00,0x00,0x00,0x00,0x00,0x00,0x00,0x00,0x00,0x00,0x00,0x00,0x00,0x00,0x00,0x00,0x00,0x00,0x00,0x00,0x00,0x00,0x00,0x00,0x04,0x00,0x13,0x71,0x7c,0x93,0x2b,0xbb,0xbb,0x9b,0xcd,0xbb,0xa1,0x6c,0x13,0x00,0x00,0x18,0x7d,0x46,0x94,0xb2,0x94,0xb2,0xa5,0xcd,0x8b,0xcb,0x71,0x13,0x00,0x04,0x00,0x00,0x00,0x00,0x00,0x00,0x00,0x00,0x00,0x00,0x00,0x00,0x00,0x00,0x00,0x00,0x00,0x00,0x00,0x00,0x00,0x00,0x00,0x00,0x00,0x00,0x00,0x00,0x00,0x00,0x00,0x00,0x00,0x00,0x00,0x00,0x00,0x00,0x00,0x00,0x00,0x00,0x00,0x00,0x00,0x00,0x00,0x00,0x00,0x00,0x00,0x00,0x00,0x00,
    0x00,0x00,0x00,0x00,0x00,0x00,0x00,0x00,0x00,0x00,0x00,0x00,0x00,0x00,0x00,0x00,0x00,0x00,0x00,0x00,0x00,0x00,0x00,0x00,0x00,0x00,0x00,0x00,0x00,0x00,0x00,0x00,0x00,0x00,0x00,0x00,0x00,0x00,0x00,0x00,0x00,0x00,0x00,0x00,0x00,0x00,0x00,0x00,0x00,0x00,0x00,0x00,0x00,0x00,0x00,0x00,0x00,0x01,0x04,0x0a,0x27,0x6c,0x6b,0x6d,0x9d,0x73,0x66,0x68,0x9d,0x6a,0x6c,0x6c,0x1a,0x00,0x00,0x0d,0x76,0x06,0x73,0x9d,0x7c,0x7c,0x7c,0x7c,0x89,0x76,0x6b,0x1f,0x00,0x04,0x00,0x00,0x00,0x00,0x00,0x00,0x00,0x00,0x00,0x00,0x00,0x00,0x00,0x00,0x00,0x00,0x00,0x00,0x00,0x00,0x00,0x00,0x00,0x00,0x00,0x00,0x00,0x00,0x00,0x00,0x00,0x00,0x00,0x00,0x00,0x00,0x00,0x00,0x00,0x00,0x00,0x00,0x00,0x00,0x00,0x00,0x00,0x00,0x00,0x00,0x00,0x00,0x00,0x00,
    0x00,0x00,0x00,0x00,0x00,0x00,0x00,0x00,0x00,0x00,0x00,0x00,0x00,0x00,0x00,0x00,0x00,0x00,0x00,0x00,0x00,0x00,0x00,0x00,0x00,0x00,0x00,0x00,0x00,0x00,0x00,0x00,0x00,0x00,0x00,0x00,0x00,0x00,0x00,0x00,0x00,0x00,0x00,0x00,0x00,0x00,0x00,0x00,0x00,0x00,0x00,0x00,0x00,0x00,0x00,0x00,0x00,0x04,0x00,0x0d,0x6c,0x12,0x6a,0x6d,0x73,0x73,0x68,0x6d,0x6d,0x6a,0x6c,0x6c,0x16,0x15,0x04,0x0c,0x6c,0x6c,0x6a,0x6d,0x66,0x66,0x66,0x89,0x6c,0x6a,0x89,0x6d,0x18,0x00,0x04,0x00,0x00,0x00,0x00,0x00,0x00,0x00,0x00,0x00,0x00,0x00,0x00,0x00,0x00,0x00,0x00,0x00,0x00,0x00,0x00,0x00,0x00,0x00,0x00,0x00,0x00,0x00,0x00,0x00,0x00,0x00,0x00,0x00,0x00,0x00,0x00,0x00,0x00,0x00,0x00,0x00,0x00,0x00,0x00,0x00,0x00,0x00,0x00,0x00,0x00,0x00,0x00,0x00,
    0x00,0x00,0x00,0x00,0x00,0x00,0x00,0x00,0x00,0x00,0x00,0x00,0x00,0x00,0x00,0x00,0x00,0x00,0x00,0x00,0x00,0x00,0x00,0x00,0x00,0x00,0x00,0x00,0x00,0x00,0x00,0x00,0x00,0x00,0x00,0x00,0x00,0x00,0x00,0x00,0x00,0x00,0x00,0x00,0x00,0x00,0x00,0x00,0x00,0x00,0x00,0x00,0x00,0x00,0x00,0x00,0x00,0x04,0x00,0x0d,0x6e,0x07,0x73,0x6a,0x6d,0x68,0x66,0x68,0x73,0x6a,0x6d,0x73,0x89,0x09,0x10,0x12,0x68,0x68,0x6c,0x68,0x66,0x66,0x68,0x6d,0x6e,0x73,0x73,0x89,0x18,0x00,0x04,0x00,0x00,0x00,0x00,0x00,0x00,0x00,0x00,0x00,0x00,0x00,0x00,0x00,0x00,0x00,0x00,0x00,0x00,0x00,0x00,0x00,0x00,0x00,0x00,0x00,0x00,0x00,0x00,0x00,0x00,0x00,0x00,0x00,0x00,0x00,0x00,0x00,0x00,0x00,0x00,0x00,0x00,0x00,0x00,0x00,0x00,0x00,0x00,0x00,0x00,0x00,0x00,0x00,
    0x00,0x00,0x00,0x00,0x00,0x00,0x00,0x00,0x00,0x00,0x00,0x00,0x00,0x00,0x00,0x00,0x00,0x00,0x00,0x00,0x00,0x00,0x00,0x00,0x00,0x00,0x00,0x00,0x00,0x00,0x00,0x00,0x00,0x00,0x00,0x00,0x00,0x00,0x00,0x00,0x00,0x00,0x00,0x00,0x00,0x00,0x00,0x00,0x00,0x00,0x00,0x00,0x00,0x00,0x00,0x00,0x00,0x04,0x00,0x0d,0x6e,0x07,0x6a,0x6c,0x66,0x73,0x66,0x66,0x73,0x6e,0x6e,0x6c,0x16,0x15,0x0a,0x16,0x6a,0x6d,0x6e,0x73,0x68,0x68,0x73,0x6d,0x6c,0x6c,0x6c,0x6b,0x09,0x00,0x04,0x00,0x00,0x00,0x00,0x00,0x00,0x00,0x00,0x00,0x00,0x00,0x00,0x00,0x00,0x00,0x00,0x00,0x00,0x00,0x00,0x00,0x00,0x00,0x00,0x00,0x00,0x00,0x00,0x00,0x00,0x00,0x00,0x00,0x00,0x00,0x00,0x00,0x00,0x00,0x00,0x00,0x00,0x00,0x00,0x00,0x00,0x00,0x00,0x00,0x00,0x00,0x00,0x00,
    0x00,0x00,0x00,0x00,0x00,0x00,0x00,0x00,0x00,0x00,0x00,0x00,0x00,0x00,0x00,0x00,0x00,0x00,0x00,0x00,0x00,0x00,0x00,0x00,0x00,0x00,0x00,0x00,0x00,0x00,0x00,0x00,0x00,0x00,0x00,0x00,0x00,0x00,0x00,0x00,0x00,0x00,0x00,0x00,0x00,0x00,0x00,0x00,0x00,0x00,0x00,0x00,0x00,0x00,0x00,0x00,0x00,0x04,0x00,0x0d,0x6c,0x12,0xb1,0x89,0x71,0x6c,0x6d,0x6d,0x6c,0x7d,0xb1,0xb1,0x27,0x00,0x05,0x1f,0x08,0x9d,0x7d,0x6b,0x6e,0x6d,0x6a,0x71,0x71,0x80,0x6a,0x76,0x09,0x00,0x04,0x00,0x00,0x00,0x00,0x00,0x00,0x00,0x00,0x00,0x00,0x00,0x00,0x00,0x00,0x00,0x00,0x00,0x00,0x00,0x00,0x00,0x00,0x00,0x00,0x00,0x00,0x00,0x00,0x00,0x00,0x00,0x00,0x00,0x00,0x00,0x00,0x00,0x00,0x00,0x00,0x00,0x00,0x00,0x00,0x00,0x00,0x00,0x00,0x00,0x00,0x00,0x00,0x00,
    0x00,0x00,0x00,0x00,0x00,0x00,0x00,0x00,0x00,0x00,0x00,0x00,0x00,0x00,0x00,0x00,0x00,0x00,0x00,0x00,0x00,0x00,0x00,0x00,0x00,0x00,0x00,0x00,0x00,0x00,0x00,0x00,0x00,0x00,0x00,0x00,0x00,0x00,0x00,0x00,0x00,0x00,0x00,0x00,0x00,0x00,0x00,0x00,0x00,0x00,0x00,0x00,0x00,0x00,0x00,0x00,0x00,0x04,0x00,0x13,0x6c,0x6c,0xc4,0xa0,0xb5,0x14,0x6d,0x80,0xb5,0xa7,0xc9,0x14,0x27,0x02,0x00,0x1f,0x14,0xb5,0xb5,0xc6,0x80,0x76,0xb6,0xb5,0xa0,0xa0,0x6e,0x6b,0x09,0x00,0x04,0x00,0x00,0x00,0x00,0x00,0x00,0x00,0x00,0x00,0x00,0x00,0x00,0x00,0x00,0x00,0x00,0x00,0x00,0x00,0x00,0x00,0x00,0x00,0x00,0x00,0x00,0x00,0x00,0x00,0x00,0x00,0x00,0x00,0x00,0x00,0x00,0x00,0x00,0x00,0x00,0x00,0x00,0x00,0x00,0x00,0x00,0x00,0x00,0x00,0x00,0x00,0x00,0x00,
    0x00,0x00,0x00,0x00,0x00,0x00,0x00,0x00,0x00,0x00,0x00,0x00,0x00,0x00,0x00,0x00,0x00,0x00,0x00,0x00,0x00,0x00,0x00,0x00,0x00,0x00,0x00,0x00,0x00,0x00,0x00,0x00,0x00,0x00,0x00,0x00,0x00,0x00,0x00,0x00,0x00,0x00,0x00,0x00,0x00,0x00,0x00,0x00,0x00,0x00,0x00,0x00,0x00,0x00,0x00,0x00,0x00,0x01,0x00,0x0a,0x16,0x6e,0xc3,0xb6,0xb1,0xc1,0xe2,0xe2,0xa0,0x80,0xb5,0x89,0x27,0x00,0x00,0x1f,0x6c,0xa0,0xb6,0xa0,0xe2,0xc1,0xd9,0xa8,0x14,0xb6,0x6b,0x6c,0x09,0x00,0x04,0x00,0x00,0x00,0x00,0x00,0x00,0x00,0x00,0x00,0x00,0x00,0x00,0x00,0x00,0x00,0x00,0x00,0x00,0x00,0x00,0x00,0x00,0x00,0x00,0x00,0x00,0x00,0x00,0x00,0x00,0x00,0x00,0x00,0x00,0x00,0x00,0x00,0x00,0x00,0x00,0x00,0x00,0x00,0x00,0x00,0x00,0x00,0x00,0x00,0x00,0x00,0x00,0x00,
    0x00,0x00,0x00,0x00,0x00,0x00,0x00,0x00,0x00,0x00,0x00,0x00,0x00,0x00,0x00,0x00,0x00,0x00,0x00,0x00,0x00,0x00,0x00,0x00,0x00,0x00,0x00,0x00,0x00,0x00,0x00,0x00,0x00,0x00,0x00,0x00,0x00,0x00,0x00,0x00,0x00,0x00,0x00,0x00,0x00,0x00,0x00,0x00,0x00,0x00,0x00,0x00,0x00,0x00,0x00,0x00,0x00,0x01,0x00,0x0a,0x16,0x68,0x06,0xb6,0xa7,0xd9,0x14,0x14,0xa0,0x14,0x80,0x6c,0x27,0x00,0x00,0x1f,0x6a,0xa8,0x14,0xc9,0xb5,0xb6,0xc9,0xb5,0xb1,0x6d,0x6c,0x6b,0x09,0x00,0x04,0x00,0x00,0x00,0x00,0x00,0x00,0x00,0x00,0x00,0x00,0x00,0x00,0x00,0x00,0x00,0x00,0x00,0x00,0x00,0x00,0x00,0x00,0x00,0x00,0x00,0x00,0x00,0x00,0x00,0x00,0x00,0x00,0x00,0x00,0x00,0x00,0x00,0x00,0x00,0x00,0x00,0x00,0x00,0x00,0x00,0x00,0x00,0x00,0x00,0x00,0x00,0x00,0x00,
    0x00,0x00,0x00,0x00,0x00,0x00,0x00,0x00,0x00,0x00,0x00,0x00,0x00,0x00,0x00,0x00,0x00,0x00,0x00,0x00,0x00,0x00,0x00,0x00,0x00,0x00,0x00,0x00,0x00,0x00,0x00,0x00,0x00,0x00,0x00,0x00,0x00,0x00,0x00,0x00,0x00,0x00,0x00,0x00,0x00,0x00,0x00,0x00,0x00,0x00,0x00,0x00,0x00,0x00,0x00,0x00,0x00,0x01,0x00,0x0a,0x16,0x6e,0xa8,0xe7,0xc1,0xc3,0x7d,0x7d,0xb1,0xc1,0xa0,0x76,0x27,0x00,0x00,0x2a,0x7d,0xa7,0xe2,0x14,0x7d,0x7d,0x6c,0xc9,0xe7,0xb6,0x76,0x6a,0x09,0x00,0x04,0x00,0x00,0x00,0x00,0x00,0x00,0x00,0x00,0x00,0x00,0x00,0x00,0x00,0x00,0x00,0x00,0x00,0x00,0x00,0x00,0x00,0x00,0x00,0x00,0x00,0x00,0x00,0x00,0x00,0x00,0x00,0x00,0x00,0x00,0x00,0x00,0x00,0x00,0x00,0x00,0x00,0x00,0x00,0x00,0x00,0x00,0x00,0x00,0x00,0x00,0x00,0x00,0x00,
    0x00,0x00,0x00,0x00,0x00,0x00,0x00,0x00,0x00,0x00,0x00,0x00,0x00,0x00,0x00,0x00,0x00,0x00,0x00,0x00,0x00,0x00,0x00,0x00,0x00,0x00,0x00,0x00,0x00,0x00,0x00,0x00,0x00,0x00,0x00,0x00,0x00,0x00,0x00,0x00,0x00,0x00,0x00,0x00,0x00,0x00,0x00,0x00,0x00,0x00,0x00,0x00,0x00,0x00,0x00,0x00,0x00,0x04,0x00,0x13,0x12,0x89,0x7c,0x80,0x14,0xc1,0xa8,0xb5,0xc9,0x80,0x80,0x6e,0x27,0x01,0x00,0x1f,0x6c,0xb1,0x80,0xd9,0xa0,0xb6,0xc1,0xa7,0x80,0xb1,0x6d,0x73,0x09,0x00,0x04,0x00,0x00,0x00,0x00,0x00,0x00,0x00,0x00,0x00,0x00,0x00,0x00,0x00,0x00,0x00,0x00,0x00,0x00,0x00,0x00,0x00,0x00,0x00,0x00,0x00,0x00,0x00,0x00,0x00,0x00,0x00,0x00,0x00,0x00,0x00,0x00,0x00,0x00,0x00,0x00,0x00,0x00,0x00,0x00,0x00,0x00,0x00,0x00,0x00,0x00,0x00,0x00,0x00,
    0x00,0x00,0x00,0x00,0x00,0x00,0x00,0x00,0x00,0x00,0x00,0x00,0x00,0x00,0x00,0x00,0x00,0x00,0x00,0x00,0x00,0x00,0x00,0x00,0x00,0x00,0x00,0x00,0x00,0x00,0x00,0x00,0x00,0x00,0x00,0x00,0x00,0x00,0x00,0x00,0x00,0x00,0x00,0x00,0x00,0x00,0x00,0x00,0x00,0x00,0x00,0x00,0x00,0x00,0x00,0x00,0x00,0x04,0x00,0x0d,0x6b,0x07,0x6c,0x7d,0x76,0xd9,0xe2,0xe2,0xa8,0x71,0x06,0x66,0x3e,0x00,0x00,0x2a,0x6d,0x06,0x71,0xb6,0xf9,0xf9,0xc1,0x6a,0x71,0x6e,0x66,0x6e,0x09,0x00,0x04,0x00,0x00,0x00,0x00,0x00,0x00,0x00,0x00,0x00,0x00,0x00,0x00,0x00,0x00,0x00,0x00,0x00,0x00,0x00,0x00,0x00,0x00,0x00,0x00,0x00,0x00,0x00,0x00,0x00,0x00,0x00,0x00,0x00,0x00,0x00,0x00,0x00,0x00,0x00,0x00,0x00,0x00,0x00,0x00,0x00,0x00,0x00,0x00,0x00,0x00,0x00,0x00,0x00,
    0x00,0x00,0x00,0x00,0x00,0x00,0x00,0x00,0x00,0x00,0x00,0x00,0x00,0x00,0x00,0x00,0x00,0x00,0x00,0x00,0x00,0x00,0x00,0x00,0x00,0x00,0x00,0x00,0x00,0x00,0x00,0x00,0x00,0x00,0x00,0x00,0x00,0x00,0x00,0x00,0x00,0x00,0x00,0x00,0x00,0x00,0x00,0x00,0x00,0x00,0x00,0x00,0x00,0x00,0x00,0x00,0x00,0x04,0x00,0x28,0x6a,0x12,0x76,0xa8,0xc1,0xa0,0x73,0xa8,0xc9,0xc6,0x06,0x66,0x0c,0x0a,0x04,0x3c,0x6d,0x07,0xa7,0xc1,0xc6,0x80,0xa0,0xd9,0x14,0x6d,0x68,0x6a,0x09,0x00,0x04,0x00,0x00,0x00,0x00,0x00,0x00,0x00,0x00,0x00,0x00,0x00,0x00,0x00,0x00,0x00,0x00,0x00,0x00,0x00,0x00,0x00,0x00,0x00,0x00,0x00,0x00,0x00,0x00,0x00,0x00,0x00,0x00,0x00,0x00,0x00,0x00,0x00,0x00,0x00,0x00,0x00,0x00,0x00,0x00,0x00,0x00,0x00,0x00,0x00,0x00,0x00,0x00,0x00,
    0x00,0x00,0x00,0x00,0x00,0x00,0x00,0x00,0x00,0x00,0x00,0x00,0x00,0x00,0x00,0x00,0x00,0x00,0x00,0x00,0x00,0x00,0x00,0x00,0x00,0x00,0x00,0x00,0x00,0x00,0x00,0x00,0x00,0x00,0x00,0x00,0x00,0x00,0x00,0x00,0x00,0x00,0x00,0x00,0x00,0x00,0x00,0x00,0x00,0x00,0x00,0x00,0x00,0x00,0x00,0x00,0x00,0x04,0x00,0x27,0x6a,0x07,0x6a,0xe2,0xe7,0x80,0x71,0x6c,0xb5,0xe2,0xb1,0x6e,0x6c,0x09,0x01,0x12,0x6b,0x7c,0xe7,0xb5,0x76,0x7d,0xc3,0xc1,0xc1,0x66,0x07,0x6c,0x28,0x00,0x04,0x00,0x00,0x00,0x00,0x00,0x00,0x00,0x00,0x00,0x00,0x00,0x00,0x00,0x00,0x00,0x00,0x00,0x00,0x00,0x00,0x00,0x00,0x00,0x00,0x00,0x00,0x00,0x00,0x00,0x00,0x00,0x00,0x00,0x00,0x00,0x00,0x00,0x00,0x00,0x00,0x00,0x00,0x00,0x00,0x00,0x00,0x00,0x00,0x00,0x00,0x00,0x00,0x00,
    0x00,0x00,0x00,0x00,0x00,0x00,0x00,0x00,0x00,0x00,0x00,0x00,0x00,0x00,0x00,0x00,0x00,0x00,0x00,0x00,0x00,0x00,0x00,0x00,0x00,0x00,0x00,0x00,0x00,0x00,0x00,0x00,0x00,0x00,0x00,0x00,0x00,0x00,0x00,0x00,0x00,0x00,0x00,0x00,0x00,0x00,0x00,0x00,0x00,0x00,0x00,0x00,0x00,0x00,0x00,0x00,0x00,0x04,0x00,0x27,0x89,0x07,0x68,0x6c,0x14,0xe7,0xc9,0xc1,0xa0,0x80,0x6e,0x73,0x6a,0x09,0x09,0x12,0x6e,0x6c,0x76,0xc6,0xc1,0xa0,0xd9,0xa8,0x76,0x6a,0x07,0x6a,0x1a,0x00,0x10,0x00,0x00,0x00,0x00,0x00,0x00,0x00,0x00,0x00,0x00,0x00,0x00,0x00,0x00,0x00,0x00,0x00,0x00,0x00,0x00,0x00,0x00,0x00,0x00,0x00,0x00,0x00,0x00,0x00,0x00,0x00,0x00,0x00,0x00,0x00,0x00,0x00,0x00,0x00,0x00,0x00,0x00,0x00,0x00,0x00,0x00,0x00,0x00,0x00,0x00,0x00,0x00,0x00,
    0x00,0x00,0x00,0x00,0x00,0x00,0x00,0x00,0x00,0x00,0x00,0x00,0x00,0x00,0x00,0x00,0x00,0x00,0x00,0x00,0x00,0x00,0x00,0x00,0x00,0x00,0x00,0x00,0x00,0x00,0x00,0x00,0x00,0x00,0x00,0x00,0x00,0x00,0x00,0x00,0x00,0x00,0x00,0x00,0x00,0x00,0x00,0x00,0x00,0x00,0x00,0x00,0x00,0x00,0x00,0x00,0x00,0x04,0x00,0x27,0x6c,0x12,0x6b,0x6a,0x14,0xc9,0xc6,0xa0,0xb5,0x66,0x76,0x6e,0x16,0x15,0x18,0x12,0x6a,0x7d,0x73,0xb5,0xe6,0xb5,0xa0,0xa8,0x71,0x71,0x6c,0x6b,0x28,0x00,0x04,0x00,0x00,0x00,0x00,0x00,0x00,0x00,0x00,0x00,0x00,0x00,0x00,0x00,0x00,0x00,0x00,0x00,0x00,0x00,0x00,0x00,0x00,0x00,0x00,0x00,0x00,0x00,0x00,0x00,0x00,0x00,0x00,0x00,0x00,0x00,0x00,0x00,0x00,0x00,0x00,0x00,0x00,0x00,0x00,0x00,0x00,0x00,0x00,0x00,0x00,0x00,0x00,0x00,
    0x00,0x00,0x00,0x00,0x00,0x00,0x00,0x00,0x00,0x00,0x00,0x00,0x00,0x00,0x00,0x00,0x00,0x00,0x00,0x00,0x00,0x00,0x00,0x00,0x00,0x00,0x00,0x00,0x00,0x00,0x00,0x00,0x00,0x00,0x00,0x00,0x00,0x00,0x00,0x00,0x00,0x00,0x00,0x00,0x00,0x00,0x00,0x00,0x00,0x00,0x00,0x00,0x00,0x00,0x00,0x00,0x00,0x04,0x00,0x2a,0x89,0x12,0xb1,0xd9,0xc9,0xa0,0xb5,0xe1,0xe6,0xc9,0xa8,0x76,0x0c,0x10,0x10,0x16,0x76,0xf8,0xe7,0xc1,0xa0,0x14,0xa0,0xc9,0xd9,0x68,0x6e,0x89,0x13,0x00,0x04,0x00,0x00,0x00,0x00,0x00,0x00,0x00,0x00,0x00,0x00,0x00,0x00,0x00,0x00,0x00,0x00,0x00,0x00,0x00,0x00,0x00,0x00,0x00,0x00,0x00,0x00,0x00,0x00,0x00,0x00,0x00,0x00,0x00,0x00,0x00,0x00,0x00,0x00,0x00,0x00,0x00,0x00,0x00,0x00,0x00,0x00,0x00,0x00,0x00,0x00,0x00,0x00,0x00,
    0x00,0x00,0x00,0x00,0x00,0x00,0x00,0x00,0x00,0x00,0x00,0x00,0x00,0x00,0x00,0x00,0x00,0x00,0x00,0x00,0x00,0x00,0x00,0x00,0x00,0x00,0x00,0x00,0x00,0x00,0x00,0x00,0x00,0x00,0x00,0x00,0x00,0x00,0x00,0x00,0x00,0x00,0x00,0x00,0x00,0x00,0x00,0x00,0x00,0x00,0x00,0x00,0x00,0x00,0x00,0x00,0x01,0x04,0x0a,0x3c,0x66,0x6d,0xb1,0xb6,0x7d,0x80,0xa8,0xb1,0x76,0x89,0x80,0x76,0x6b,0x09,0x28,0x6a,0x06,0x08,0x9d,0x89,0xa8,0xa8,0x80,0x7d,0xb6,0x80,0x07,0x66,0x1a,0x00,0x10,0x00,0x00,0x00,0x00,0x00,0x00,0x00,0x00,0x00,0x00,0x00,0x00,0x00,0x00,0x00,0x00,0x00,0x00,0x00,0x00,0x00,0x00,0x00,0x00,0x00,0x00,0x00,0x00,0x00,0x00,0x00,0x00,0x00,0x00,0x00,0x00,0x00,0x00,0x00,0x00,0x00,0x00,0x00,0x00,0x00,0x00,0x00,0x00,0x00,0x00,0x00,0x00,0x00,
    0x00,0x00,0x00,0x00,0x00,0x00,0x00,0x00,0x00,0x00,0x00,0x00,0x00,0x00,0x00,0x00,0x00,0x00,0x00,0x00,0x00,0x00,0x00,0x00,0x00,0x00,0x00,0x00,0x00,0x00,0x00,0x00,0x00,0x00,0x00,0x00,0x00,0x00,0x00,0x00,0x00,0x00,0x00,0x00,0x00,0x00,0x00,0x00,0x00,0x00,0x00,0x00,0x00,0x00,0x00,0x00,0x04,0x00,0x09,0x6c,0x66,0x68,0x6e,0x71,0x6b,0x7d,0x7d,0x7d,0x76,0x76,0x71,0x12,0x6c,0x1a,0x1f,0x6e,0x07,0x6c,0x76,0x76,0x71,0x71,0x71,0x6c,0x71,0x89,0x07,0x6d,0x1f,0x00,0x04,0x00,0x00,0x00,0x00,0x00,0x00,0x00,0x00,0x00,0x00,0x00,0x00,0x00,0x00,0x00,0x00,0x00,0x00,0x00,0x00,0x00,0x00,0x00,0x00,0x00,0x00,0x00,0x00,0x00,0x00,0x00,0x00,0x00,0x00,0x00,0x00,0x00,0x00,0x00,0x00,0x00,0x00,0x00,0x00,0x00,0x00,0x00,0x00,0x00,0x00,0x00,0x00,0x00,
    0x00,0x00,0x00,0x00,0x00,0x00,0x00,0x00,0x00,0x00,0x00,0x00,0x00,0x00,0x00,0x00,0x00,0x00,0x00,0x00,0x00,0x00,0x00,0x00,0x00,0x00,0x00,0x00,0x00,0x00,0x00,0x00,0x00,0x00,0x00,0x00,0x00,0x00,0x00,0x00,0x00,0x00,0x00,0x00,0x00,0x00,0x00,0x00,0x00,0x00,0x00,0x00,0x00,0x00,0x00,0x00,0x04,0x00,0x28,0x6b,0x06,0x68,0x73,0x73,0x6d,0x6d,0x6d,0x6d,0x89,0x66,0x66,0x6d,0x6d,0x16,0x16,0x6d,0x68,0x68,0x68,0x6d,0x6d,0x6d,0x6d,0x66,0x73,0x68,0x07,0x66,0x0c,0x00,0x00,0x00,0x00,0x00,0x00,0x00,0x00,0x00,0x00,0x00,0x00,0x00,0x00,0x00,0x00,0x00,0x00,0x00,0x00,0x00,0x00,0x00,0x00,0x00,0x00,0x00,0x00,0x00,0x00,0x00,0x00,0x00,0x00,0x00,0x00,0x00,0x00,0x00,0x00,0x00,0x00,0x00,0x00,0x00,0x00,0x00,0x00,0x00,0x00,0x00,0x00,0x00,0x00,0x00,
    0x00,0x00,0x00,0x00,0x00,0x00,0x00,0x00,0x00,0x00,0x00,0x00,0x00,0x00,0x00,0x00,0x00,0x00,0x00,0x00,0x00,0x00,0x00,0x00,0x00,0x00,0x00,0x00,0x00,0x00,0x00,0x00,0x00,0x00,0x00,0x00,0x00,0x00,0x00,0x00,0x00,0x00,0x00,0x00,0x00,0x00,0x00,0x00,0x00,0x00,0x00,0x00,0x00,0x00,0x00,0x00,0x10,0x00,0x1a,0x6b,0x12,0x89,0x89,0x66,0x6d,0x66,0x68,0x68,0x68,0x66,0x66,0x68,0x68,0x6b,0x6c,0x68,0x68,0x66,0x68,0x6d,0x89,0x6d,0x66,0x66,0x66,0x66,0x07,0x6d,0x0c,0x00,0x00,0x00,0x00,0x00,0x00,0x00,0x00,0x00,0x00,0x00,0x00,0x00,0x00,0x00,0x00,0x00,0x00,0x00,0x00,0x00,0x00,0x00,0x00,0x00,0x00,0x00,0x00,0x00,0x00,0x00,0x00,0x00,0x00,0x00,0x00,0x00,0x00,0x00,0x00,0x00,0x00,0x00,0x00,0x00,0x00,0x00,0x00,0x00,0x00,0x00,0x00,0x00,0x00,0x00,
    0x00,0x00,0x00,0x00,0x00,0x00,0x00,0x00,0x00,0x00,0x00,0x00,0x00,0x00,0x00,0x00,0x00,0x00,0x00,0x00,0x00,0x00,0x00,0x00,0x00,0x00,0x00,0x00,0x00,0x00,0x00,0x00,0x00,0x00,0x00,0x00,0x00,0x00,0x00,0x00,0x00,0x00,0x00,0x00,0x00,0x00,0x00,0x00,0x00,0x00,0x00,0x00,0x00,0x00,0x00,0x00,0x10,0x00,0x1a,0x6c,0x12,0x76,0x6b,0x6c,0x6a,0x6d,0x66,0x66,0x66,0x68,0x68,0x66,0x6a,0x6b,0x6b,0x6c,0x6e,0x6d,0x68,0x6e,0x6d,0x6d,0x6d,0x68,0x66,0x6d,0x6d,0x6c,0x58,0x00,0x00,0x00,0x00,0x00,0x00,0x00,0x00,0x00,0x00,0x00,0x00,0x00,0x00,0x00,0x00,0x00,0x00,0x00,0x00,0x00,0x00,0x00,0x00,0x00,0x00,0x00,0x00,0x00,0x00,0x00,0x00,0x00,0x00,0x00,0x00,0x00,0x00,0x00,0x00,0x00,0x00,0x00,0x00,0x00,0x00,0x00,0x00,0x00,0x00,0x00,0x00,0x00,0x00,0x00,
    0x00,0x00,0x00,0x00,0x00,0x00,0x00,0x00,0x00,0x00,0x00,0x00,0x00,0x00,0x00,0x00,0x00,0x00,0x00,0x00,0x00,0x00,0x00,0x00,0x00,0x00,0x00,0x00,0x00,0x00,0x00,0x00,0x00,0x00,0x00,0x00,0x00,0x00,0x00,0x00,0x00,0x00,0x00,0x00,0x00,0x00,0x00,0x00,0x00,0x00,0x00,0x00,0x00,0x00,0x00,0x00,0x10,0x00,0x1a,0x68,0x06,0x6e,0x6a,0x76,0x6b,0x6a,0x6d,0x6d,0x6d,0x89,0x6a,0x6a,0x6d,0x06,0x6d,0x6c,0x76,0x76,0x6b,0x6c,0x6d,0x6d,0x89,0x6a,0x76,0x76,0x89,0x9d,0x58,0x00,0x00,0x00,0x00,0x00,0x00,0x00,0x00,0x00,0x00,0x00,0x00,0x00,0x00,0x00,0x00,0x00,0x00,0x00,0x00,0x00,0x00,0x00,0x00,0x00,0x00,0x00,0x00,0x00,0x00,0x00,0x00,0x00,0x00,0x00,0x00,0x00,0x00,0x00,0x00,0x00,0x00,0x00,0x00,0x00,0x00,0x00,0x00,0x00,0x00,0x00,0x00,0x00,0x00,0x00,
    0x00,0x00,0x00,0x00,0x00,0x00,0x00,0x00,0x00,0x00,0x00,0x00,0x00,0x00,0x00,0x00,0x00,0x00,0x00,0x00,0x00,0x00,0x00,0x00,0x00,0x00,0x00,0x00,0x00,0x00,0x00,0x00,0x00,0x00,0x00,0x00,0x00,0x00,0x00,0x00,0x00,0x00,0x00,0x00,0x00,0x00,0x00,0x00,0x00,0x00,0x00,0x00,0x00,0x00,0x00,0x00,0x04,0x00,0x28,0x73,0x7c,0x80,0x7c,0x9d,0x73,0x66,0x68,0x68,0x66,0x73,0x9d,0x7c,0x08,0x73,0x66,0x7c,0x9d,0x73,0x6d,0x66,0x66,0x66,0x66,0x9d,0x9d,0x7c,0x08,0x08,0x58,0x00,0x00,0x00,0x00,0x00,0x00,0x00,0x00,0x00,0x00,0x00,0x00,0x00,0x00,0x00,0x00,0x00,0x00,0x00,0x00,0x00,0x00,0x00,0x00,0x00,0x00,0x00,0x00,0x00,0x00,0x00,0x00,0x00,0x00,0x00,0x00,0x00,0x00,0x00,0x00,0x00,0x00,0x00,0x00,0x00,0x00,0x00,0x00,0x00,0x00,0x00,0x00,0x00,0x00,0x00,
    0x00,0x00,0x00,0x00,0x00,0x00,0x00,0x00,0x00,0x00,0x00,0x00,0x00,0x00,0x00,0x00,0x00,0x00,0x00,0x00,0x00,0x00,0x00,0x00,0x00,0x00,0x00,0x00,0x00,0x00,0x00,0x00,0x00,0x00,0x00,0x00,0x00,0x00,0x00,0x00,0x00,0x00,0x00,0x00,0x00,0x00,0x00,0x00,0x00,0x00,0x00,0x00,0x00,0x00,0x00,0x00,0x04,0x00,0x15,0x06,0x08,0x08,0x08,0x08,0x08,0x08,0x08,0x7c,0x7c,0x08,0x08,0x08,0x7c,0x1a,0x58,0x7c,0x08,0x08,0x08,0x80,0x80,0x80,0x7c,0x08,0x08,0x08,0x08,0x7c,0x2a,0x00,0x10,0x00,0x00,0x00,0x00,0x00,0x00,0x00,0x00,0x00,0x00,0x00,0x00,0x00,0x00,0x00,0x00,0x00,0x00,0x00,0x00,0x00,0x00,0x00,0x00,0x00,0x00,0x00,0x00,0x00,0x00,0x00,0x00,0x00,0x00,0x00,0x00,0x00,0x00,0x00,0x00,0x00,0x00,0x00,0x00,0x00,0x00,0x00,0x00,0x00,0x00,0x00,0x00,0x00,
    0x00,0x00,0x00,0x00,0x00,0x00,0x00,0x00,0x00,0x00,0x00,0x00,0x00,0x00,0x00,0x00,0x00,0x00,0x00,0x00,0x00,0x00,0x00,0x00,0x00,0x00,0x00,0x00,0x00,0x00,0x00,0x00,0x00,0x00,0x00,0x00,0x00,0x00,0x00,0x00,0x00,0x00,0x00,0x00,0x00,0x00,0x00,0x00,0x00,0x00,0x00,0x00,0x00,0x00,0x00,0x00,0x00,0x04,0x01,0x2a,0x89,0x7c,0x7c,0x7c,0x08,0x7c,0x80,0x80,0x80,0x7c,0x7c,0x9d,0x0c,0x10,0x13,0x16,0x9d,0x7c,0x7c,0x80,0x80,0x80,0x08,0x7c,0x7c,0x08,0x7c,0x0c,0x09,0x01,0x04,0x00,0x00,0x00,0x00,0x00,0x00,0x00,0x00,0x00,0x00,0x00,0x00,0x00,0x00,0x00,0x00,0x00,0x00,0x00,0x00,0x00,0x00,0x00,0x00,0x00,0x00,0x00,0x00,0x00,0x00,0x00,0x00,0x00,0x00,0x00,0x00,0x00,0x00,0x00,0x00,0x00,0x00,0x00,0x00,0x00,0x00,0x00,0x00,0x00,0x00,0x00,0x00,0x00,
    0x00,0x00,0x00,0x00,0x00,0x00,0x00,0x00,0x00,0x00,0x00,0x00,0x00,0x00,0x00,0x00,0x00,0x00,0x00,0x00,0x00,0x00,0x00,0x00,0x00,0x00,0x00,0x00,0x00,0x00,0x00,0x00,0x00,0x00,0x00,0x00,0x00,0x00,0x00,0x00,0x00,0x00,0x00,0x00,0x00,0x00,0x00,0x00,0x00,0x00,0x00,0x00,0x00,0x00,0x00,0x00,0x00,0x00,0x01,0x01,0x13,0x1a,0x3e,0x3e,0x7c,0x7c,0x80,0x80,0x73,0x58,0x1f,0x0d,0x0a,0x00,0x00,0x09,0x28,0x3e,0x3c,0x80,0x89,0x6c,0x66,0x7c,0x3e,0x1f,0x0d,0x0a,0x00,0x01,0x00,0x00,0x00,0x00,0x00,0x00,0x00,0x00,0x00,0x00,0x00,0x00,0x00,0x00,0x00,0x00,0x00,0x00,0x00,0x00,0x00,0x00,0x00,0x00,0x00,0x00,0x00,0x00,0x00,0x00,0x00,0x00,0x00,0x00,0x00,0x00,0x00,0x00,0x00,0x00,0x00,0x00,0x00,0x00,0x00,0x00,0x00,0x00,0x00,0x00,0x00,0x00,0x00,0x00,
    0x00,0x00,0x00,0x00,0x00,0x00,0x00,0x00,0x00,0x00,0x00,0x00,0x00,0x00,0x00,0x00,0x00,0x00,0x00,0x00,0x00,0x00,0x00,0x00,0x00,0x00,0x00,0x00,0x00,0x00,0x00,0x00,0x00,0x00,0x00,0x00,0x00,0x00,0x00,0x00,0x00,0x00,0x00,0x00,0x00,0x00,0x00,0x00,0x00,0x00,0x00,0x00,0x00,0x00,0x00,0x00,0x00,0x00,0x00,0x00,0x00,0x00,0x00,0x00,0x15,0x09,0x09,0x09,0x09,0x10,0x00,0x00,0x00,0x01,0x04,0x00,0x00,0x00,0x00,0x09,0x09,0x09,0x09,0x09,0x00,0x00,0x00,0x00,0x04,0x00,0x00,0x00,0x00,0x00,0x00,0x00,0x00,0x00,0x00,0x00,0x00,0x00,0x00,0x00,0x00,0x00,0x00,0x00,0x00,0x00,0x00,0x00,0x00,0x00,0x00,0x00,0x00,0x00,0x00,0x00,0x00,0x00,0x00,0x00,0x00,0x00,0x00,0x00,0x00,0x00,0x00,0x00,0x00,0x00,0x00,0x00,0x00,0x00,0x00,0x00,0x00,0x00,0x00,0x00,
    0x00,0x00,0x00,0x00,0x00,0x00,0x00,0x00,0x00,0x00,0x00,0x00,0x00,0x00,0x00,0x00,0x00,0x00,0x00,0x00,0x00,0x00,0x00,0x00,0x00,0x00,0x00,0x00,0x00,0x00,0x00,0x00,0x00,0x00,0x00,0x00,0x00,0x00,0x00,0x00,0x00,0x00,0x00,0x00,0x00,0x00,0x00,0x00,0x00,0x00,0x00,0x00,0x00,0x00,0x00,0x00,0x00,0x00,0x00,0x00,0x04,0x04,0x04,0x04,0x00,0x00,0x00,0x00,0x00,0x00,0x04,0x04,0x01,0x00,0x00,0x04,0x04,0x04,0x00,0x00,0x00,0x00,0x00,0x00,0x04,0x04,0x04,0x01,0x00,0x00,0x00,0x00,0x00,0x00,0x00,0x00,0x00,0x00,0x00,0x00,0x00,0x00,0x00,0x00,0x00,0x00,0x00,0x00,0x00,0x00,0x00,0x00,0x00,0x00,0x00,0x00,0x00,0x00,0x00,0x00,0x00,0x00,0x00,0x00,0x00,0x00,0x00,0x00,0x00,0x00,0x00,0x00,0x00,0x00,0x00,0x00,0x00,0x00,0x00,0x00,0x00,0x00,0x00,0x00,

};

const lv_image_dsc_t passport_pet_idle_0 = {
  .header = {
    .magic = LV_IMAGE_HEADER_MAGIC,
    .cf = LV_COLOR_FORMAT_I8,
    .flags = 0,
    .w = 144,
    .h = 156,
    .stride = 144,
    .reserved_2 = 0,
  },
  .data_size = sizeof(passport_pet_idle_0_map),
  .data = passport_pet_idle_0_map,
  .reserved = NULL,
};
