
#if defined(LV_LVGL_H_INCLUDE_SIMPLE)
#include "lvgl.h"
#elif defined(LV_LVGL_H_INCLUDE_SYSTEM)
#include <lvgl.h>
#elif defined(LV_BUILD_TEST)
#include "../lvgl.h"
#else
#include "lvgl/lvgl.h"
#endif

#ifndef LV_ATTRIBUTE_MEM_ALIGN
#define LV_ATTRIBUTE_MEM_ALIGN
#endif

#ifndef LV_ATTRIBUTE_PASSPORT_PET_RUNNING_5
#define LV_ATTRIBUTE_PASSPORT_PET_RUNNING_5
#endif

static const
LV_ATTRIBUTE_MEM_ALIGN LV_ATTRIBUTE_LARGE_CONST LV_ATTRIBUTE_PASSPORT_PET_RUNNING_5
uint8_t passport_pet_running_5_map[] = {

    0x4c,0x70,0x47,0x00,0x17,0x00,0x00,0x01,0x30,0x34,0x2e,0x02,0xdc,0xff,0xec,0x01,
    0x17,0x15,0x0d,0x05,0xb4,0xd1,0xd5,0x02,0x19,0x13,0x15,0xfb,0xec,0xf5,0xfd,0xff,
    0x0b,0x08,0x0b,0xfc,0x15,0x11,0x12,0x25,0x10,0x10,0x0f,0x0b,0x10,0x0d,0x0d,0x5f,
    0x2a,0x30,0x1f,0x13,0xa1,0xba,0xcc,0xfe,0x11,0x0c,0x0e,0xd8,0x11,0x0c,0x0e,0xc5,
    0xc4,0xd4,0xe3,0xfe,0xac,0xc4,0xd2,0xfe,0x1f,0x22,0x19,0x1e,0xb6,0xcb,0xe4,0xfe,
    0x12,0x0e,0x0e,0x7b,0x15,0x10,0x0f,0x9f,0x84,0x9a,0xa7,0x19,0xdd,0xe3,0xed,0xfe,
    0x1b,0x14,0x16,0xf4,0x18,0x11,0x10,0xbc,0x12,0x0d,0x0d,0x8a,0x81,0xa0,0xa7,0xa3,
    0x15,0x10,0x12,0xeb,0x0f,0x0a,0x0e,0xf0,0x51,0x74,0x6d,0x2d,0x92,0xb3,0xbd,0xf2,
    0x12,0x11,0x0f,0x50,0xb0,0xc2,0xcd,0xba,0x94,0xb3,0xb7,0x2a,0x98,0xb6,0xc9,0xfe,
    0x53,0x81,0x79,0x73,0xcf,0xde,0xe2,0x48,0x8d,0xac,0xb5,0xb4,0xdf,0xe7,0xf2,0xe2,
    0x68,0x87,0x8d,0xdf,0xb8,0xd1,0xd3,0x1e,0x10,0x0b,0x0b,0x6b,0x0f,0x0c,0x0a,0x41,
    0x74,0x59,0x2c,0xfe,0x52,0x72,0x74,0x8e,0x24,0x26,0x21,0x35,0x78,0x58,0x07,0xa2,
    0xa5,0xbc,0xc3,0xdd,0xb3,0xcb,0xd5,0xe5,0x4f,0x5b,0x36,0x4c,0x5d,0x70,0xa7,0xfe,
    0x57,0x4a,0x0a,0x80,0xc1,0xd8,0xe0,0xb8,0x6c,0x87,0x90,0xfd,0x91,0xab,0xb2,0x8a,
    0x0d,0x09,0x0c,0xf7,0x64,0x5c,0x64,0x02,0xe2,0xf0,0xf5,0x2c,0xb7,0xca,0xd0,0x98,
    0xd7,0xe7,0xe7,0x13,0x8e,0xad,0xb7,0xd3,0x35,0x48,0x63,0xfb,0x49,0x67,0x66,0x63,
    0xd4,0xdf,0xe5,0x6f,0x51,0x61,0x4f,0x3c,0xbd,0x79,0x05,0xe5,0xed,0xf0,0xf9,0x09,
    0x7a,0x96,0x9d,0xd1,0x6c,0x98,0x9c,0x08,0x82,0xa0,0xa8,0x70,0x45,0x61,0x65,0x9f,
    0x37,0x54,0x57,0xb7,0x90,0xac,0xb0,0x55,0x12,0x0d,0x0e,0xac,0x1b,0x16,0x1a,0xe5,
    0x90,0x7d,0x34,0x0b,0x5d,0x72,0x78,0x04,0x69,0x8a,0x96,0x5e,0xb3,0xb0,0xb1,0xfe,
    0xef,0xf3,0xf7,0xa0,0x51,0x6d,0x69,0xcd,0x7a,0x9d,0xa1,0xc1,0x89,0xa3,0xad,0xef,
    0xb4,0xd2,0xdf,0xeb,0x4e,0x6e,0x68,0xf5,0x7b,0x98,0x9f,0xe4,0x86,0x4c,0x19,0xfe,
    0x63,0x71,0x82,0xfc,0x74,0x54,0x08,0xce,0xa7,0xbc,0xc7,0x87,0x97,0xae,0xba,0x6a,
    0x70,0x3f,0x14,0xfc,0x7d,0x5d,0x03,0x6e,0xee,0xf1,0xf9,0xef,0x92,0x62,0x07,0xef,
    0x6d,0x90,0x98,0x89,0x34,0x51,0x53,0x76,0x57,0x86,0x83,0xb5,0x69,0x7a,0x66,0x10,
    0x5e,0x8d,0x87,0x9c,0x4f,0x70,0x73,0xdc,0x73,0x8d,0xa1,0xb9,0x5f,0x86,0x86,0x49,
    0x48,0x5f,0x68,0xe8,0x3b,0x41,0x41,0xdd,0xdf,0xe6,0xed,0x92,0x73,0x95,0x96,0x6f,
    0x30,0x4c,0x51,0xcf,0xe6,0xef,0xf7,0xbb,0x9e,0xb4,0xbf,0x3c,0x29,0x48,0x46,0x96,
    0x72,0xa2,0x9f,0xee,0x4f,0x67,0x86,0xb6,0x18,0x12,0x15,0xff,0xcf,0xe7,0xfb,0xff,
    0x0a,0x07,0x0a,0xff,0x22,0x17,0x1a,0xff,0x1a,0x13,0x17,0xff,0xbb,0xe3,0xfc,0xff,
    0x0d,0x0a,0x0d,0xff,0x13,0x0e,0x11,0xff,0x10,0x0c,0x0f,0xff,0x07,0x05,0x09,0xff,
    0x1e,0x15,0x18,0xff,0xd2,0xe9,0xfc,0xff,0xcd,0xe6,0xfb,0xff,0xf5,0x99,0x01,0xff,
    0x15,0x10,0x13,0xff,0x02,0x01,0x03,0xff,0xc6,0xe6,0xfc,0xff,0xd4,0xed,0xff,0xff,
    0xd8,0xe9,0xfb,0xff,0xe5,0xed,0xf9,0xff,0xb9,0xe2,0xfb,0xff,0xc0,0xe5,0xfd,0xff,
    0x24,0x19,0x1d,0xff,0xd1,0xe6,0xf9,0xff,0xe0,0xeb,0xfa,0xff,0xd8,0xf1,0xff,0xff,
    0xcb,0xe4,0xf8,0xff,0x29,0x24,0x29,0xff,0xfb,0x9d,0x01,0xff,0xfe,0xa3,0x01,0xff,
    0xc6,0xeb,0xff,0xff,0xdf,0xf6,0xff,0xff,0xeb,0xf2,0xf9,0xff,0xbe,0xdf,0xf5,0xff,
    0xc9,0xd8,0xf6,0xff,0xf2,0xf9,0xfd,0xff,0xcc,0xea,0xfe,0xff,0xb2,0xd3,0xea,0xff,
    0xf3,0x95,0x01,0xff,0x94,0x45,0x5d,0xff,0xe0,0xf1,0xfe,0xff,0xa4,0xb1,0xc1,0xff,
    0xf5,0xfe,0xff,0xff,0x38,0x1b,0x24,0xff,0xc2,0xe4,0xfb,0xff,0x19,0x0d,0x0d,0xff,
    0xcc,0xde,0xf8,0xff,0xfd,0xff,0xff,0xff,0x27,0x1d,0x22,0xff,0xcb,0xf0,0xff,0xff,
    0xb5,0xdc,0xf6,0xff,0x97,0xaa,0xbd,0xff,0xa6,0xbd,0xd5,0xff,0x62,0x30,0x3c,0xff,
    0xb9,0xc3,0xcc,0xff,0xa9,0xca,0xde,0xff,0xd1,0xe3,0xfc,0xff,0x4e,0x54,0x66,0xff,
    0x8c,0x9c,0xb1,0xff,0x89,0xa4,0xb8,0xff,0xe5,0x86,0x02,0xff,0xb3,0x65,0x06,0xff,
    0xbe,0xd8,0xeb,0xff,0xe0,0x58,0x7b,0xff,0x7d,0x41,0x52,0xff,0x72,0x38,0x47,0xff,
    0xbb,0xc9,0xd7,0xff,0xe9,0xfc,0xff,0xff,0x4e,0x2a,0x35,0xff,0x9c,0xa6,0xb0,0xff,
    0x3d,0x3c,0x45,0xff,0xe5,0x8f,0x03,0xff,0xcf,0x7b,0x03,0xff,0x93,0xae,0xca,0xff,
    0xc2,0x61,0x74,0xff,0xc7,0xdd,0xec,0xff,0x80,0x7f,0x8d,0xff,0x3e,0x25,0x2a,0xff,
    0xb0,0xbc,0xc9,0xff,0x2d,0x30,0x3b,0xff,0xc8,0xd0,0xd7,0xff,0x75,0x72,0x7b,0xff,
    0x4d,0x63,0x87,0xff,0xab,0xc1,0xf8,0xff,0xb7,0x72,0x0c,0xff,0xd4,0xda,0xe3,0xff,
    0xf2,0x8e,0x01,0xff,0x6f,0x22,0x06,0xff,0x9e,0xb5,0xf7,0xff,0x77,0x89,0x9f,0xff,
    0xb0,0x50,0x69,0xff,0x18,0x19,0x27,0xff,0x64,0x67,0x71,0xff,0xa1,0xc4,0xdc,0xff,
    0x7d,0x90,0xa9,0xff,0x87,0x8b,0x93,0xff,0x9a,0x32,0x07,0xff,0x94,0x99,0x9d,0xff,
    0x6f,0x5b,0x61,0xff,0x48,0x49,0x49,0xff,0xc1,0x52,0x02,0xff,0x50,0x1c,0x2b,0xff,
    0x91,0x42,0x08,0xff,0x85,0x9d,0xd5,0xff,0xd4,0x85,0x04,0xff,0xba,0xcf,0xf3,0xff,
    0x27,0x13,0x13,0xff,0x7f,0x97,0xac,0xff,0x68,0x78,0x92,0xff,0x9e,0x56,0x68,0xff,
    0xae,0x77,0x26,0xff,0x94,0xac,0xdc,0xff,0xd2,0x4a,0x6b,0xff,0x94,0x79,0x47,0xff,
    0x9e,0x94,0x80,0xff,0xb4,0x33,0x4f,0xff,0x8d,0x78,0x6e,0xff,0xb2,0x41,0x63,0xff,
    0x8b,0x31,0x4c,0xff,0xce,0xf4,0xff,0xff,0x5d,0x33,0x0c,0xff,0x74,0x8a,0xca,0xff,
    0x37,0x08,0x09,0xff,0x92,0xab,0xf9,0xff,0x6e,0x80,0xb3,0xff,0xdb,0x71,0x00,0xff,
    0x91,0x86,0x78,0xff,0x1e,0x78,0x8d,0xff,0xb2,0x89,0x45,0xff,0xed,0x77,0x93,0xff,
    0xab,0x39,0x02,0xff,0xd5,0xbb,0xbc,0xff,0x65,0x7b,0xad,0xff,0xad,0x57,0x07,0xff,
    0x98,0x63,0x22,0xff,0xde,0xa2,0xac,0xff,0xf7,0x94,0xa9,0xff,0x06,0xba,0xe1,0xff,
    0x05,0xe0,0xfd,0xff,0xbf,0x90,0x91,0xff,0x03,0x8d,0xb5,0xff,0x76,0x88,0x6a,0xff,

    0x00,0x00,0x00,0x00,0x00,0x00,0x00,0x00,0x00,0x00,0x00,0x00,0x00,0x00,0x00,0x00,0x00,0x00,0x00,0x00,0x00,0x00,0x00,0x00,0x00,0x00,0x00,0x00,0x00,0x00,0x00,0x00,0x00,0x00,0x00,0x00,0x00,0x00,0x00,0x00,0x00,0x00,0x00,0x00,0x00,0x00,0x00,0x00,0x00,0x00,0x00,0x00,0x00,0x00,0x00,0x00,0x00,0x00,0x00,0x00,0x00,0x03,0x00,0x00,0x00,0x00,0x00,0x00,0x00,0x00,0x00,0x00,0x00,0x00,0x00,0x00,0x00,0x00,0x00,0x00,0x00,0x00,0x00,0x00,0x00,0x00,0x00,0x00,0x00,0x00,0x00,0x00,0x00,0x00,0x00,0x00,0x00,0x00,0x00,0x00,0x00,0x00,0x00,0x00,0x00,0x00,0x00,0x00,0x00,0x00,0x00,0x00,0x00,0x00,0x00,0x00,0x00,0x00,0x00,0x00,0x00,0x00,0x00,0x00,0x00,0x00,0x00,0x00,0x00,0x00,0x00,0x00,0x00,0x00,0x00,0x00,0x00,0x00,0x00,0x00,0x00,0x00,0x00,0x00,
    0x00,0x00,0x00,0x00,0x00,0x00,0x00,0x00,0x00,0x00,0x00,0x00,0x00,0x00,0x00,0x00,0x00,0x00,0x00,0x00,0x00,0x00,0x00,0x00,0x00,0x00,0x00,0x00,0x00,0x00,0x00,0x00,0x00,0x00,0x00,0x00,0x00,0x00,0x00,0x00,0x00,0x00,0x00,0x00,0x00,0x00,0x00,0x00,0x00,0x00,0x00,0x00,0x00,0x00,0x00,0x00,0x00,0x00,0x00,0x00,0x03,0x00,0x43,0x29,0x22,0x22,0x16,0x00,0x00,0x00,0x00,0x00,0x00,0x00,0x00,0x00,0x00,0x00,0x00,0x00,0x00,0x00,0x00,0x00,0x00,0x00,0x00,0x00,0x00,0x00,0x00,0x00,0x00,0x00,0x00,0x00,0x00,0x00,0x00,0x00,0x00,0x00,0x00,0x00,0x00,0x00,0x00,0x00,0x00,0x00,0x00,0x00,0x00,0x00,0x00,0x00,0x00,0x00,0x00,0x00,0x00,0x00,0x00,0x00,0x00,0x00,0x00,0x00,0x00,0x00,0x00,0x00,0x00,0x00,0x00,0x00,0x00,0x00,0x00,0x00,0x00,0x00,0x00,0x00,
    0x00,0x00,0x00,0x00,0x00,0x00,0x00,0x00,0x00,0x00,0x00,0x00,0x00,0x00,0x00,0x00,0x00,0x00,0x00,0x00,0x00,0x00,0x00,0x00,0x00,0x00,0x00,0x00,0x00,0x00,0x00,0x00,0x00,0x00,0x00,0x00,0x00,0x00,0x00,0x00,0x00,0x00,0x00,0x00,0x00,0x00,0x00,0x00,0x00,0x00,0x00,0x00,0x00,0x00,0x00,0x00,0x00,0x00,0x00,0x05,0x00,0x22,0x3b,0x11,0x30,0x3b,0x22,0x39,0x00,0x00,0x00,0x00,0x00,0x00,0x00,0x00,0x00,0x00,0x00,0x00,0x00,0x00,0x00,0x00,0x00,0x00,0x00,0x00,0x00,0x00,0x00,0x00,0x00,0x00,0x00,0x00,0x00,0x00,0x00,0x00,0x00,0x00,0x00,0x00,0x00,0x00,0x00,0x00,0x00,0x00,0x00,0x00,0x00,0x00,0x00,0x00,0x00,0x00,0x00,0x00,0x00,0x00,0x00,0x00,0x00,0x00,0x00,0x00,0x00,0x00,0x00,0x00,0x00,0x00,0x00,0x00,0x00,0x00,0x00,0x00,0x00,0x00,0x00,0x00,
    0x00,0x00,0x00,0x00,0x00,0x00,0x00,0x00,0x00,0x00,0x00,0x00,0x00,0x00,0x00,0x00,0x00,0x00,0x00,0x00,0x00,0x00,0x00,0x00,0x00,0x00,0x00,0x00,0x00,0x00,0x00,0x00,0x00,0x00,0x00,0x00,0x00,0x00,0x00,0x00,0x00,0x00,0x00,0x00,0x00,0x00,0x00,0x00,0x00,0x00,0x00,0x00,0x00,0x00,0x00,0x00,0x00,0x00,0x05,0x00,0x3a,0x35,0xac,0x28,0x5b,0x29,0x03,0x03,0x00,0x00,0x00,0x00,0x00,0x00,0x00,0x00,0x00,0x00,0x00,0x00,0x00,0x00,0x00,0x00,0x00,0x00,0x00,0x00,0x00,0x00,0x00,0x00,0x00,0x00,0x00,0x00,0x00,0x00,0x00,0x00,0x00,0x00,0x00,0x00,0x00,0x00,0x00,0x00,0x00,0x00,0x00,0x00,0x00,0x00,0x00,0x00,0x00,0x00,0x00,0x00,0x00,0x00,0x00,0x00,0x00,0x00,0x00,0x00,0x00,0x00,0x00,0x00,0x00,0x00,0x00,0x00,0x00,0x00,0x00,0x00,0x00,0x00,0x00,0x00,
    0x00,0x00,0x00,0x00,0x00,0x00,0x00,0x00,0x00,0x00,0x00,0x00,0x00,0x00,0x00,0x00,0x00,0x00,0x00,0x00,0x00,0x00,0x00,0x00,0x00,0x00,0x00,0x00,0x00,0x00,0x00,0x00,0x00,0x00,0x00,0x00,0x00,0x00,0x00,0x00,0x00,0x00,0x00,0x00,0x00,0x00,0x00,0x00,0x00,0x00,0x00,0x00,0x00,0x00,0x00,0x00,0x00,0x05,0x00,0x3a,0x27,0x85,0x26,0x67,0x00,0x00,0x01,0x00,0x00,0x00,0x00,0x00,0x00,0x00,0x00,0x00,0x00,0x00,0x00,0x00,0x00,0x00,0x00,0x00,0x00,0x00,0x00,0x00,0x00,0x00,0x00,0x00,0x00,0x00,0x00,0x00,0x00,0x00,0x00,0x00,0x00,0x00,0x00,0x00,0x00,0x00,0x00,0x00,0x00,0x00,0x00,0x00,0x00,0x00,0x00,0x00,0x00,0x00,0x00,0x00,0x00,0x00,0x00,0x00,0x00,0x00,0x00,0x00,0x00,0x00,0x00,0x00,0x00,0x00,0x00,0x00,0x00,0x00,0x00,0x00,0x00,0x00,0x00,0x00,
    0x00,0x00,0x00,0x00,0x00,0x00,0x00,0x00,0x00,0x00,0x00,0x00,0x00,0x00,0x00,0x00,0x00,0x00,0x00,0x00,0x00,0x00,0x00,0x00,0x00,0x00,0x00,0x00,0x00,0x00,0x00,0x00,0x00,0x00,0x00,0x00,0x00,0x00,0x00,0x00,0x00,0x00,0x00,0x00,0x00,0x00,0x00,0x00,0x00,0x00,0x00,0x00,0x00,0x00,0x00,0x00,0x00,0x05,0x05,0x5a,0x27,0xbd,0x46,0x00,0x05,0x39,0x00,0x00,0x00,0x00,0x00,0x00,0x00,0x00,0x00,0x00,0x00,0x00,0x00,0x00,0x00,0x00,0x00,0x00,0x00,0x00,0x00,0x00,0x00,0x00,0x00,0x00,0x00,0x00,0x00,0x00,0x00,0x00,0x00,0x00,0x00,0x00,0x00,0x00,0x00,0x00,0x00,0x00,0x00,0x00,0x00,0x00,0x00,0x00,0x00,0x00,0x00,0x00,0x00,0x00,0x00,0x00,0x00,0x00,0x00,0x00,0x00,0x00,0x00,0x00,0x00,0x00,0x00,0x00,0x00,0x00,0x00,0x00,0x00,0x00,0x00,0x00,0x00,0x00,
    0x00,0x00,0x00,0x00,0x00,0x00,0x00,0x00,0x00,0x00,0x00,0x00,0x00,0x00,0x00,0x00,0x00,0x00,0x00,0x00,0x00,0x00,0x00,0x00,0x00,0x00,0x00,0x00,0x00,0x00,0x00,0x00,0x00,0x00,0x00,0x00,0x00,0x00,0x00,0x00,0x00,0x00,0x00,0x00,0x00,0x00,0x00,0x00,0x00,0x00,0x00,0x00,0x00,0x00,0x00,0x00,0x39,0x00,0x29,0x3b,0x94,0xbd,0x66,0x39,0x4d,0x00,0x00,0x00,0x00,0x00,0x00,0x00,0x00,0x00,0x00,0x00,0x00,0x00,0x00,0x00,0x00,0x00,0x00,0x00,0x00,0x00,0x00,0x00,0x00,0x00,0x00,0x00,0x00,0x00,0x00,0x00,0x00,0x00,0x00,0x00,0x00,0x00,0x00,0x00,0x00,0x00,0x00,0x00,0x00,0x00,0x00,0x00,0x00,0x00,0x00,0x00,0x00,0x00,0x00,0x00,0x00,0x00,0x00,0x00,0x00,0x00,0x00,0x00,0x00,0x00,0x00,0x00,0x00,0x00,0x00,0x00,0x00,0x00,0x00,0x00,0x00,0x00,0x00,0x00,
    0x00,0x00,0x00,0x00,0x00,0x00,0x00,0x00,0x00,0x00,0x00,0x00,0x00,0x00,0x00,0x00,0x00,0x00,0x00,0x00,0x00,0x00,0x00,0x00,0x00,0x00,0x00,0x00,0x00,0x00,0x00,0x00,0x00,0x00,0x00,0x00,0x00,0x00,0x00,0x00,0x00,0x00,0x00,0x00,0x00,0x00,0x00,0x00,0x00,0x00,0x00,0x00,0x00,0x00,0x00,0x00,0x39,0x01,0x29,0x37,0xc2,0xa3,0x37,0x00,0x4d,0x00,0x00,0x00,0x00,0x00,0x00,0x01,0x02,0x02,0x02,0x02,0x02,0x39,0x00,0x00,0x00,0x00,0x00,0x00,0x00,0x00,0x00,0x00,0x00,0x00,0x00,0x00,0x00,0x00,0x00,0x00,0x00,0x00,0x00,0x00,0x00,0x00,0x00,0x00,0x00,0x00,0x00,0x00,0x00,0x00,0x00,0x00,0x00,0x00,0x00,0x00,0x00,0x00,0x00,0x00,0x00,0x00,0x00,0x00,0x00,0x00,0x00,0x00,0x00,0x00,0x00,0x00,0x00,0x00,0x00,0x00,0x00,0x00,0x00,0x00,0x00,0x00,0x00,0x00,
    0x00,0x00,0x00,0x00,0x00,0x00,0x00,0x00,0x00,0x00,0x00,0x00,0x00,0x00,0x00,0x00,0x00,0x00,0x00,0x00,0x00,0x00,0x00,0x00,0x00,0x00,0x00,0x00,0x00,0x00,0x00,0x00,0x00,0x00,0x00,0x00,0x00,0x00,0x00,0x00,0x00,0x00,0x00,0x00,0x00,0x00,0x00,0x00,0x00,0x00,0x00,0x00,0x00,0x00,0x00,0x00,0x01,0x02,0x4c,0x61,0xc0,0x7d,0x1b,0x1e,0x00,0x4d,0x00,0x00,0x01,0x02,0x00,0x00,0x00,0x00,0x00,0x00,0x00,0x00,0x00,0x39,0x39,0x00,0x00,0x00,0x00,0x00,0x00,0x00,0x00,0x00,0x00,0x00,0x00,0x00,0x00,0x00,0x00,0x00,0x00,0x00,0x00,0x00,0x00,0x00,0x00,0x00,0x00,0x00,0x00,0x00,0x00,0x00,0x00,0x00,0x00,0x00,0x00,0x00,0x00,0x00,0x00,0x00,0x00,0x00,0x00,0x00,0x00,0x00,0x00,0x00,0x00,0x00,0x00,0x00,0x00,0x00,0x00,0x00,0x00,0x00,0x00,0x00,0x00,0x00,
    0x00,0x00,0x00,0x00,0x00,0x00,0x00,0x00,0x00,0x00,0x00,0x00,0x00,0x00,0x00,0x00,0x00,0x00,0x00,0x00,0x00,0x00,0x00,0x00,0x00,0x00,0x00,0x00,0x00,0x00,0x00,0x00,0x00,0x00,0x00,0x00,0x00,0x00,0x00,0x00,0x00,0x00,0x00,0x00,0x00,0x00,0x00,0x00,0x00,0x00,0x00,0x00,0x00,0x00,0x00,0x00,0x39,0x00,0x12,0x48,0xad,0x84,0x0d,0x26,0x3c,0x00,0x4d,0x4d,0x00,0x00,0x4d,0x63,0x1e,0x1e,0x1e,0x2e,0x1e,0x12,0x45,0x00,0x00,0x4d,0x05,0x03,0x39,0x00,0x00,0x00,0x00,0x00,0x00,0x00,0x00,0x00,0x00,0x00,0x00,0x00,0x00,0x00,0x00,0x00,0x00,0x00,0x00,0x00,0x00,0x00,0x00,0x00,0x00,0x00,0x00,0x00,0x00,0x00,0x00,0x00,0x00,0x00,0x00,0x00,0x00,0x00,0x00,0x00,0x00,0x00,0x00,0x00,0x00,0x00,0x00,0x00,0x00,0x00,0x00,0x00,0x00,0x00,0x00,0x00,0x00,0x00,
    0x00,0x00,0x00,0x00,0x00,0x00,0x00,0x00,0x00,0x00,0x00,0x00,0x00,0x00,0x00,0x00,0x00,0x00,0x00,0x00,0x00,0x00,0x00,0x00,0x00,0x00,0x00,0x00,0x00,0x00,0x00,0x00,0x00,0x00,0x00,0x00,0x00,0x00,0x00,0x00,0x00,0x00,0x00,0x00,0x00,0x00,0x00,0x00,0x00,0x00,0x00,0x00,0x00,0x00,0x00,0x00,0x00,0x39,0x04,0x47,0x0d,0x9a,0x89,0x54,0x37,0x22,0x00,0x00,0x0c,0x32,0x61,0x60,0x62,0x26,0x26,0x26,0x62,0x47,0x60,0x4e,0x1e,0x00,0x00,0x00,0x00,0x39,0x01,0x00,0x00,0x00,0x00,0x00,0x00,0x00,0x00,0x00,0x00,0x00,0x00,0x00,0x00,0x00,0x00,0x00,0x00,0x00,0x00,0x00,0x00,0x00,0x00,0x00,0x00,0x00,0x00,0x00,0x00,0x00,0x00,0x00,0x00,0x00,0x00,0x00,0x00,0x00,0x00,0x00,0x00,0x00,0x00,0x00,0x00,0x00,0x00,0x00,0x00,0x00,0x00,0x00,0x00,0x00,0x00,0x00,
    0x00,0x00,0x00,0x00,0x00,0x00,0x00,0x00,0x00,0x00,0x00,0x00,0x00,0x00,0x00,0x00,0x00,0x00,0x00,0x00,0x00,0x00,0x00,0x00,0x00,0x00,0x00,0x00,0x00,0x00,0x00,0x00,0x00,0x00,0x00,0x00,0x00,0x00,0x00,0x00,0x00,0x00,0x00,0x00,0x00,0x00,0x00,0x00,0x00,0x00,0x00,0x00,0x00,0x00,0x00,0x00,0x00,0x05,0x05,0x16,0x35,0x54,0xbd,0x96,0x31,0x26,0x46,0x4e,0x1b,0x3d,0x1f,0x11,0x13,0x93,0x9e,0x9e,0x97,0xb0,0xa6,0x30,0x26,0x5b,0x4e,0x5b,0x16,0x00,0x00,0x39,0x00,0x00,0x00,0x00,0x00,0x00,0x00,0x00,0x00,0x00,0x00,0x00,0x00,0x00,0x00,0x00,0x00,0x00,0x00,0x00,0x00,0x00,0x00,0x00,0x00,0x00,0x00,0x00,0x00,0x00,0x00,0x00,0x00,0x00,0x00,0x00,0x00,0x00,0x00,0x00,0x00,0x00,0x00,0x00,0x00,0x00,0x00,0x00,0x00,0x00,0x00,0x00,0x00,0x00,0x00,0x00,
    0x00,0x00,0x00,0x00,0x00,0x00,0x00,0x00,0x00,0x00,0x00,0x00,0x00,0x00,0x00,0x00,0x00,0x00,0x00,0x00,0x00,0x00,0x00,0x00,0x00,0x00,0x00,0x00,0x00,0x00,0x00,0x00,0x00,0x00,0x00,0x00,0x00,0x00,0x00,0x00,0x00,0x00,0x00,0x00,0x00,0x00,0x00,0x00,0x00,0x00,0x00,0x00,0x00,0x00,0x00,0x03,0x05,0x00,0x00,0x00,0x6e,0x46,0x3d,0x1f,0xdd,0xbb,0x97,0xa9,0x77,0x82,0x96,0x82,0x96,0x82,0x86,0x86,0x87,0x87,0x82,0x82,0x96,0xa4,0xa9,0x30,0x64,0x67,0x0c,0x00,0x03,0x03,0x00,0x00,0x00,0x00,0x00,0x00,0x00,0x00,0x00,0x00,0x00,0x00,0x00,0x00,0x00,0x00,0x00,0x00,0x00,0x00,0x00,0x00,0x00,0x00,0x00,0x00,0x00,0x00,0x00,0x00,0x00,0x00,0x00,0x00,0x00,0x00,0x00,0x00,0x00,0x00,0x00,0x00,0x00,0x00,0x00,0x00,0x00,0x00,0x00,0x00,0x00,0x00,0x00,0x00,
    0x00,0x00,0x00,0x00,0x00,0x00,0x00,0x00,0x00,0x00,0x00,0x00,0x00,0x00,0x00,0x00,0x00,0x00,0x00,0x00,0x00,0x00,0x00,0x00,0x00,0x00,0x00,0x00,0x00,0x00,0x00,0x00,0x00,0x00,0x00,0x00,0x00,0x00,0x00,0x00,0x00,0x00,0x00,0x00,0x00,0x00,0x00,0x00,0x00,0x00,0x00,0x00,0x00,0x00,0x03,0x00,0x00,0x3c,0x3a,0x25,0x6d,0x26,0x71,0x28,0xad,0xa9,0x87,0x77,0x86,0x77,0x86,0x86,0x86,0x77,0x77,0x77,0x86,0x86,0xa4,0xa4,0xa4,0xa4,0x93,0x9e,0x1f,0x65,0x2d,0x6e,0x01,0x00,0x01,0x00,0x00,0x00,0x00,0x00,0x00,0x00,0x00,0x00,0x00,0x00,0x00,0x00,0x00,0x00,0x00,0x00,0x00,0x00,0x00,0x00,0x00,0x00,0x00,0x00,0x00,0x00,0x00,0x00,0x00,0x00,0x00,0x00,0x00,0x00,0x00,0x00,0x00,0x00,0x00,0x00,0x00,0x00,0x00,0x00,0x00,0x00,0x00,0x00,0x00,0x00,0x00,0x00,
    0x00,0x00,0x00,0x00,0x00,0x00,0x00,0x00,0x00,0x00,0x00,0x00,0x00,0x00,0x00,0x00,0x00,0x00,0x00,0x00,0x00,0x00,0x00,0x00,0x00,0x00,0x00,0x00,0x00,0x00,0x00,0x00,0x00,0x00,0x00,0x00,0x00,0x00,0x00,0x00,0x00,0x00,0x00,0x00,0x00,0x00,0x00,0x00,0x00,0x00,0x00,0x00,0x03,0x00,0x01,0x43,0x3a,0x6a,0x5e,0x9c,0xc0,0x36,0x97,0x8b,0x8b,0x96,0x86,0x86,0x77,0x77,0x77,0x77,0x77,0x77,0x77,0x77,0x77,0x86,0x93,0xa4,0xa4,0xa4,0x86,0x77,0x87,0x13,0x13,0x52,0x1b,0x22,0x05,0x05,0x00,0x00,0x00,0x00,0x00,0x00,0x00,0x00,0x00,0x00,0x00,0x00,0x00,0x00,0x00,0x00,0x00,0x00,0x00,0x00,0x00,0x00,0x00,0x00,0x00,0x00,0x00,0x00,0x00,0x00,0x00,0x00,0x00,0x00,0x00,0x00,0x00,0x00,0x00,0x00,0x00,0x00,0x00,0x00,0x00,0x00,0x00,0x00,0x00,0x00,0x00,0x00,
    0x00,0x00,0x00,0x00,0x00,0x00,0x00,0x00,0x00,0x00,0x00,0x00,0x00,0x00,0x00,0x00,0x00,0x00,0x00,0x00,0x00,0x00,0x00,0x00,0x00,0x00,0x00,0x00,0x00,0x00,0x00,0x00,0x00,0x00,0x00,0x00,0x00,0x00,0x00,0x00,0x00,0x00,0x00,0x00,0x00,0x00,0x00,0x00,0x00,0x00,0x00,0x03,0x00,0x05,0x43,0x40,0x6d,0x92,0x9a,0xa8,0xcb,0x8c,0x8b,0x9e,0x86,0x77,0x77,0x77,0x77,0x77,0x77,0x77,0x77,0x9e,0x87,0x77,0x77,0x77,0x77,0x77,0x77,0x77,0x77,0x77,0x86,0x90,0x7d,0x93,0x1f,0x37,0x00,0x00,0x03,0x00,0x00,0x00,0x00,0x00,0x00,0x00,0x00,0x00,0x00,0x00,0x00,0x00,0x00,0x00,0x00,0x00,0x00,0x00,0x00,0x00,0x00,0x00,0x00,0x00,0x00,0x00,0x00,0x00,0x00,0x00,0x00,0x00,0x00,0x00,0x00,0x00,0x00,0x00,0x00,0x00,0x00,0x00,0x00,0x00,0x00,0x00,0x00,0x00,0x00,0x00,
    0x00,0x00,0x00,0x00,0x00,0x00,0x00,0x00,0x00,0x00,0x00,0x00,0x00,0x00,0x00,0x00,0x00,0x00,0x00,0x00,0x00,0x00,0x00,0x00,0x00,0x00,0x00,0x00,0x00,0x00,0x00,0x00,0x00,0x00,0x00,0x00,0x00,0x00,0x00,0x00,0x00,0x00,0x00,0x00,0x00,0x00,0x00,0x00,0x00,0x00,0x05,0x00,0x3c,0x40,0x50,0x95,0x07,0x97,0x97,0x97,0x86,0x77,0x77,0x77,0x77,0x77,0x77,0x77,0x77,0x77,0x77,0x82,0x7e,0x73,0x7e,0x77,0x77,0x77,0x77,0x77,0x77,0x9e,0x77,0x87,0x77,0x86,0x77,0x7e,0x7d,0x35,0x6a,0x49,0x00,0x05,0x00,0x00,0x00,0x00,0x00,0x00,0x00,0x00,0x00,0x00,0x00,0x00,0x00,0x00,0x00,0x00,0x00,0x00,0x00,0x00,0x00,0x00,0x00,0x00,0x00,0x00,0x00,0x00,0x00,0x00,0x00,0x00,0x00,0x00,0x00,0x00,0x00,0x00,0x00,0x00,0x00,0x00,0x00,0x00,0x00,0x00,0x00,0x00,0x00,0x00,
    0x00,0x00,0x00,0x00,0x00,0x00,0x00,0x00,0x00,0x00,0x00,0x00,0x00,0x00,0x00,0x00,0x00,0x00,0x00,0x00,0x00,0x00,0x00,0x00,0x00,0x00,0x00,0x00,0x00,0x00,0x00,0x00,0x00,0x00,0x00,0x00,0x00,0x00,0x00,0x00,0x00,0x00,0x00,0x00,0x00,0x00,0x00,0x00,0x00,0x05,0x00,0x3c,0x6a,0x92,0x95,0x50,0x21,0xb0,0x93,0x86,0x86,0x86,0x77,0x77,0x77,0x77,0x77,0x77,0x77,0x77,0x9e,0x7e,0x73,0x73,0x73,0x9e,0x77,0x77,0x82,0x9e,0x9e,0x73,0x87,0x9e,0x77,0x77,0x77,0x8c,0x89,0x91,0x89,0x47,0x0c,0x00,0x39,0x00,0x00,0x00,0x00,0x00,0x00,0x00,0x00,0x00,0x00,0x00,0x00,0x00,0x00,0x00,0x00,0x00,0x00,0x00,0x00,0x00,0x00,0x00,0x00,0x00,0x00,0x00,0x00,0x00,0x00,0x00,0x00,0x00,0x00,0x00,0x00,0x00,0x00,0x00,0x00,0x00,0x00,0x00,0x00,0x00,0x00,0x00,0x00,0x00,
    0x00,0x00,0x00,0x00,0x00,0x00,0x00,0x00,0x00,0x00,0x00,0x00,0x00,0x00,0x00,0x00,0x00,0x00,0x00,0x00,0x00,0x00,0x00,0x00,0x00,0x00,0x00,0x00,0x00,0x00,0x00,0x00,0x00,0x00,0x00,0x00,0x00,0x00,0x00,0x00,0x00,0x00,0x00,0x00,0x00,0x00,0x00,0x00,0x05,0x00,0x25,0x50,0x5e,0x5e,0x3b,0x1b,0x13,0x73,0xa0,0x77,0x9e,0x82,0x82,0x73,0x82,0x77,0x77,0x77,0x77,0x77,0x7e,0x73,0x73,0x73,0x82,0x77,0x77,0x77,0x87,0x82,0x73,0x73,0x87,0x86,0x77,0x77,0x82,0x73,0x73,0x89,0x96,0x1f,0x3b,0x16,0x00,0x39,0x00,0x00,0x00,0x00,0x00,0x00,0x00,0x00,0x00,0x00,0x00,0x00,0x00,0x00,0x00,0x00,0x00,0x00,0x00,0x00,0x00,0x00,0x00,0x00,0x00,0x00,0x00,0x00,0x00,0x00,0x00,0x00,0x00,0x00,0x00,0x00,0x00,0x00,0x00,0x00,0x00,0x00,0x00,0x00,0x00,0x00,0x00,0x00,
    0x00,0x00,0x00,0x00,0x00,0x00,0x00,0x00,0x00,0x00,0x00,0x00,0x00,0x00,0x00,0x00,0x00,0x00,0x00,0x00,0x00,0x00,0x00,0x00,0x00,0x00,0x00,0x00,0x00,0x00,0x00,0x00,0x00,0x00,0x00,0x00,0x00,0x00,0x00,0x00,0x00,0x00,0x00,0x00,0x00,0x00,0x00,0x05,0x00,0x25,0x6d,0xa1,0x50,0x3b,0x44,0xa8,0x84,0x7e,0x7d,0x7d,0x73,0x73,0x73,0x73,0x9e,0x77,0x77,0x77,0x77,0x77,0x9e,0x82,0x82,0x82,0x77,0x77,0x77,0x77,0x77,0x86,0x82,0x7d,0x82,0x77,0x77,0x77,0x73,0x73,0x73,0x73,0x7e,0x91,0x11,0x44,0x29,0x05,0x03,0x00,0x00,0x00,0x00,0x00,0x00,0x00,0x00,0x00,0x00,0x00,0x00,0x00,0x00,0x00,0x00,0x00,0x00,0x00,0x00,0x00,0x00,0x00,0x00,0x00,0x00,0x00,0x00,0x00,0x00,0x00,0x00,0x00,0x00,0x00,0x00,0x00,0x00,0x00,0x00,0x00,0x00,0x00,0x00,0x00,0x00,0x00,
    0x00,0x00,0x00,0x00,0x00,0x00,0x00,0x00,0x00,0x00,0x00,0x00,0x00,0x00,0x00,0x00,0x00,0x00,0x00,0x00,0x00,0x00,0x00,0x00,0x00,0x00,0x00,0x00,0x00,0x00,0x00,0x00,0x00,0x00,0x00,0x00,0x00,0x00,0x00,0x00,0x00,0x00,0x00,0x00,0x00,0x00,0x01,0x00,0x16,0x6d,0x8a,0x50,0x3a,0x40,0x10,0x7d,0x73,0x7e,0x7e,0x82,0x9e,0x77,0x87,0x9e,0x77,0x77,0x77,0x77,0x77,0x86,0x77,0x77,0x77,0x77,0x77,0x77,0x82,0x82,0x9e,0x82,0x9e,0x9e,0x77,0x82,0x7e,0x73,0x73,0x73,0x73,0x73,0x73,0x89,0x93,0x11,0x5a,0x00,0x05,0x00,0x00,0x00,0x00,0x00,0x00,0x00,0x00,0x00,0x00,0x00,0x00,0x00,0x00,0x00,0x00,0x00,0x00,0x00,0x00,0x00,0x00,0x00,0x00,0x00,0x00,0x00,0x00,0x00,0x00,0x00,0x00,0x00,0x00,0x00,0x00,0x00,0x00,0x00,0x00,0x00,0x00,0x00,0x00,0x00,0x00,0x00,
    0x00,0x00,0x00,0x00,0x00,0x00,0x00,0x00,0x00,0x00,0x00,0x00,0x00,0x00,0x00,0x00,0x00,0x00,0x00,0x00,0x00,0x00,0x00,0x00,0x00,0x00,0x00,0x00,0x00,0x00,0x00,0x00,0x00,0x00,0x00,0x00,0x00,0x00,0x00,0x00,0x00,0x00,0x00,0x00,0x00,0x4d,0x05,0x49,0x62,0x53,0x21,0x16,0x47,0x4f,0x9a,0x8c,0x7e,0x77,0x77,0x77,0x77,0x77,0x77,0x77,0x77,0x77,0x77,0x77,0x86,0x87,0x77,0x77,0x77,0x77,0x77,0x7e,0x73,0x73,0x73,0x73,0x82,0x77,0x9e,0x73,0x73,0x73,0x73,0x73,0x73,0x73,0x73,0x7e,0x83,0x17,0x35,0x22,0x00,0x39,0x00,0x00,0x00,0x00,0x00,0x00,0x00,0x00,0x00,0x00,0x00,0x00,0x00,0x00,0x00,0x00,0x00,0x00,0x00,0x00,0x00,0x00,0x00,0x00,0x00,0x00,0x00,0x00,0x00,0x00,0x00,0x00,0x00,0x00,0x00,0x00,0x00,0x00,0x00,0x00,0x00,0x00,0x00,0x00,0x00,0x00,
    0x00,0x00,0x00,0x00,0x00,0x00,0x00,0x00,0x00,0x00,0x00,0x00,0x00,0x00,0x00,0x00,0x00,0x00,0x00,0x00,0x00,0x00,0x00,0x00,0x00,0x00,0x00,0x00,0x00,0x00,0x00,0x00,0x00,0x00,0x00,0x00,0x00,0x00,0x00,0x00,0x00,0x00,0x00,0x00,0x39,0x02,0x16,0x1f,0xad,0x36,0x32,0x25,0x30,0xc7,0x84,0x9e,0x73,0x82,0x82,0x7e,0x87,0x77,0x77,0x82,0x7e,0x9e,0x77,0x77,0x87,0xa6,0x77,0x77,0x77,0x77,0x77,0x82,0x7e,0x73,0x73,0x7d,0x93,0x97,0x7d,0x7e,0x73,0x7e,0x73,0x73,0x73,0x73,0x73,0x73,0x84,0x95,0xc7,0x21,0x3a,0x00,0x05,0x00,0x00,0x00,0x00,0x00,0x00,0x00,0x00,0x00,0x00,0x00,0x00,0x00,0x00,0x00,0x00,0x00,0x00,0x00,0x00,0x00,0x00,0x00,0x00,0x00,0x00,0x00,0x00,0x00,0x00,0x00,0x00,0x00,0x00,0x00,0x00,0x00,0x00,0x00,0x00,0x00,0x00,0x00,0x00,0x00,
    0x00,0x00,0x00,0x00,0x00,0x00,0x00,0x00,0x00,0x00,0x00,0x00,0x00,0x00,0x00,0x00,0x00,0x00,0x00,0x00,0x00,0x00,0x00,0x00,0x00,0x00,0x00,0x00,0x00,0x00,0x00,0x00,0x00,0x00,0x00,0x00,0x00,0x00,0x00,0x00,0x00,0x00,0x00,0x00,0x02,0x00,0x49,0x65,0x56,0x49,0x29,0x3b,0x92,0x9c,0x8a,0x73,0x83,0x7d,0x73,0x7e,0x77,0x77,0x77,0x73,0x73,0x82,0x86,0xa3,0xa5,0xcb,0xa3,0x86,0x77,0x77,0x77,0x86,0x9e,0x73,0x73,0x7d,0x93,0xac,0x83,0x7e,0x9e,0x77,0x77,0x73,0x73,0x73,0x73,0x7e,0x84,0x07,0x92,0x5e,0x21,0x4d,0x05,0x00,0x00,0x00,0x00,0x00,0x00,0x00,0x00,0x00,0x00,0x00,0x00,0x00,0x00,0x00,0x00,0x00,0x00,0x00,0x00,0x00,0x00,0x00,0x00,0x00,0x00,0x00,0x00,0x00,0x00,0x00,0x00,0x00,0x00,0x00,0x00,0x00,0x00,0x00,0x00,0x00,0x00,0x00,0x00,0x00,
    0x00,0x00,0x00,0x00,0x00,0x00,0x00,0x00,0x00,0x00,0x00,0x00,0x00,0x00,0x00,0x00,0x00,0x00,0x00,0x00,0x00,0x00,0x00,0x00,0x00,0x00,0x00,0x00,0x00,0x00,0x00,0x00,0x00,0x00,0x00,0x00,0x00,0x00,0x00,0x00,0x00,0x00,0x00,0x39,0x00,0x3f,0x56,0x56,0x3f,0x00,0x1b,0xb4,0x92,0x07,0x7d,0x7d,0x8b,0x96,0x9e,0x77,0x77,0x77,0x86,0x73,0x9e,0x86,0x90,0xa9,0xc4,0x0d,0x8b,0x8c,0x82,0x77,0x77,0x77,0x77,0x82,0x7e,0x8c,0x8b,0x36,0xad,0x91,0x8c,0x77,0x87,0x7e,0x73,0x73,0x73,0x73,0x73,0x07,0x95,0x92,0x30,0x16,0x39,0x39,0x00,0x00,0x00,0x00,0x00,0x00,0x00,0x00,0x00,0x00,0x00,0x00,0x00,0x00,0x00,0x00,0x00,0x00,0x00,0x00,0x00,0x00,0x00,0x00,0x00,0x00,0x00,0x00,0x00,0x00,0x00,0x00,0x00,0x00,0x00,0x00,0x00,0x00,0x00,0x00,0x00,0x00,0x00,0x00,
    0x00,0x00,0x00,0x00,0x00,0x00,0x00,0x00,0x00,0x00,0x00,0x00,0x00,0x00,0x00,0x00,0x00,0x00,0x00,0x00,0x00,0x00,0x00,0x00,0x00,0x00,0x00,0x00,0x00,0x00,0x00,0x00,0x00,0x00,0x00,0x00,0x00,0x00,0x00,0x00,0x00,0x00,0x39,0x00,0x67,0x51,0x55,0x52,0x22,0x49,0x3d,0x17,0x07,0x9a,0x93,0x9e,0x83,0x82,0x77,0x82,0x77,0x86,0x82,0x73,0x8c,0x83,0x97,0xad,0xbb,0xb4,0x8b,0x7e,0x73,0x9e,0x77,0x77,0x77,0x77,0x77,0x77,0x90,0xa5,0xde,0x23,0x8b,0x9e,0x97,0x8c,0x73,0x73,0x73,0x73,0x7e,0x8a,0x07,0x8a,0x31,0x46,0x00,0x05,0x00,0x00,0x00,0x00,0x00,0x00,0x00,0x00,0x00,0x00,0x00,0x00,0x00,0x00,0x00,0x00,0x00,0x00,0x00,0x00,0x00,0x00,0x00,0x00,0x00,0x00,0x00,0x00,0x00,0x00,0x00,0x00,0x00,0x00,0x00,0x00,0x00,0x00,0x00,0x00,0x00,0x00,0x00,0x00,
    0x00,0x00,0x00,0x00,0x00,0x00,0x00,0x00,0x00,0x00,0x00,0x00,0x00,0x00,0x00,0x00,0x00,0x00,0x00,0x00,0x00,0x00,0x00,0x00,0x00,0x00,0x00,0x00,0x00,0x00,0x00,0x00,0x00,0x00,0x00,0x00,0x00,0x00,0x00,0x00,0x00,0x00,0x02,0x00,0x2d,0x55,0x65,0x41,0x00,0x37,0xb4,0x84,0x7d,0x96,0x86,0x86,0x8c,0x89,0x73,0x7d,0x7e,0x7d,0x93,0x8c,0x7d,0x8c,0xd0,0xa0,0xad,0x97,0x83,0x9e,0x77,0x77,0x77,0x77,0x77,0x77,0x77,0x86,0x90,0xbb,0xa9,0xdd,0x0d,0xb5,0xa6,0x97,0x83,0x73,0x7d,0x73,0x73,0x7e,0x73,0x7d,0xd0,0x48,0x0c,0x01,0x01,0x00,0x00,0x00,0x00,0x00,0x00,0x00,0x00,0x00,0x00,0x00,0x00,0x00,0x00,0x00,0x00,0x00,0x00,0x00,0x00,0x00,0x00,0x00,0x00,0x00,0x00,0x00,0x00,0x00,0x00,0x00,0x00,0x00,0x00,0x00,0x00,0x00,0x00,0x00,0x00,0x00,0x00,0x00,
    0x00,0x00,0x00,0x00,0x00,0x00,0x00,0x00,0x00,0x00,0x00,0x00,0x00,0x00,0x00,0x00,0x00,0x00,0x00,0x00,0x00,0x00,0x00,0x00,0x00,0x00,0x00,0x00,0x00,0x00,0x00,0x00,0x00,0x00,0x00,0x00,0x00,0x00,0x00,0x00,0x00,0x02,0x00,0x1e,0x51,0x65,0x3f,0x00,0x49,0x35,0x17,0x8c,0x73,0x82,0x87,0x82,0xa3,0x8b,0x7d,0x8c,0x7d,0xb0,0xad,0x82,0x90,0xac,0xb4,0x84,0xdd,0xb0,0x7d,0x82,0x9e,0x9e,0x9e,0x9e,0x82,0x9e,0x77,0x86,0x90,0x23,0xbb,0x73,0xcb,0xb0,0x8c,0x23,0x83,0x7e,0x73,0x73,0x73,0x73,0x7e,0x83,0xcf,0x6c,0x61,0x00,0x02,0x00,0x00,0x00,0x00,0x00,0x00,0x00,0x00,0x00,0x00,0x00,0x00,0x00,0x00,0x00,0x00,0x00,0x00,0x00,0x00,0x00,0x00,0x00,0x00,0x00,0x00,0x00,0x00,0x00,0x00,0x00,0x00,0x00,0x00,0x00,0x00,0x00,0x00,0x00,0x00,0x00,0x00,0x00,
    0x00,0x00,0x00,0x00,0x00,0x00,0x00,0x00,0x00,0x00,0x00,0x00,0x00,0x00,0x00,0x00,0x00,0x00,0x00,0x00,0x00,0x00,0x00,0x00,0x00,0x00,0x00,0x00,0x00,0x00,0x00,0x00,0x00,0x00,0x00,0x00,0x00,0x00,0x00,0x00,0x00,0x39,0x63,0x2d,0x55,0x2d,0x4c,0x16,0x1b,0x10,0x8b,0x8c,0x73,0x73,0x83,0xb0,0xbe,0xad,0x93,0xa3,0xa3,0xd0,0xa9,0xe9,0xbb,0xb7,0x8b,0x7e,0xad,0x8c,0x7d,0x7e,0x82,0x82,0x73,0x73,0x73,0x73,0x7e,0x82,0x90,0xa6,0xa5,0x84,0x13,0xd0,0x8b,0xad,0xb0,0x83,0x73,0x82,0x77,0x77,0x9e,0x9e,0xa3,0xdd,0x48,0x0c,0x03,0x01,0x00,0x00,0x00,0x00,0x00,0x00,0x00,0x00,0x00,0x00,0x00,0x00,0x00,0x00,0x00,0x00,0x00,0x00,0x00,0x00,0x00,0x00,0x00,0x00,0x00,0x00,0x00,0x00,0x00,0x00,0x00,0x00,0x00,0x00,0x00,0x00,0x00,0x00,0x00,0x00,0x00,0x00,
    0x00,0x00,0x00,0x00,0x00,0x00,0x00,0x00,0x00,0x00,0x00,0x00,0x00,0x00,0x00,0x00,0x00,0x00,0x00,0x00,0x00,0x00,0x00,0x00,0x00,0x00,0x00,0x00,0x00,0x00,0x00,0x00,0x00,0x00,0x00,0x00,0x00,0x00,0x00,0x00,0x02,0x00,0x1e,0x51,0x55,0x3f,0x00,0x6b,0x70,0x97,0xa4,0xa4,0x86,0x93,0xa3,0xbe,0xe5,0xe7,0xd4,0xd3,0xdd,0xad,0x91,0x97,0xcb,0x07,0x83,0xbd,0xbe,0x97,0x77,0x86,0x86,0x77,0x87,0x9e,0x73,0x73,0x73,0x7e,0x83,0xa9,0x9b,0xa1,0xa1,0xc0,0xbb,0x11,0x23,0x8b,0x8c,0x77,0x77,0x77,0x77,0x9e,0x83,0xa6,0x68,0x24,0x00,0x4d,0x00,0x00,0x00,0x00,0x00,0x00,0x00,0x00,0x00,0x00,0x00,0x00,0x00,0x00,0x00,0x00,0x00,0x00,0x00,0x00,0x00,0x00,0x00,0x00,0x00,0x00,0x00,0x00,0x00,0x00,0x00,0x00,0x00,0x00,0x00,0x00,0x00,0x00,0x00,0x00,0x00,0x00,
    0x00,0x00,0x00,0x00,0x00,0x00,0x00,0x00,0x00,0x00,0x00,0x00,0x00,0x00,0x00,0x00,0x00,0x00,0x00,0x00,0x00,0x00,0x00,0x00,0x00,0x00,0x00,0x00,0x00,0x00,0x00,0x00,0x00,0x00,0x00,0x00,0x00,0x00,0x00,0x00,0x02,0x00,0x32,0x51,0x65,0x3f,0x45,0x1b,0x0d,0x86,0x93,0x9e,0xa4,0x93,0xa9,0xb2,0xb1,0xb1,0xb1,0xe7,0xa7,0xcb,0xb5,0xcb,0x9b,0xa8,0xa5,0x9b,0x58,0x97,0x86,0xa4,0x86,0x77,0x77,0x77,0x87,0x87,0x82,0x7e,0x83,0x13,0xc3,0x9b,0xa8,0x95,0xb7,0x0d,0xac,0x8b,0x7e,0x9e,0x77,0x9e,0x73,0x89,0x96,0x97,0x36,0x26,0x3c,0x03,0x03,0x00,0x00,0x00,0x00,0x00,0x00,0x00,0x00,0x00,0x00,0x00,0x00,0x00,0x00,0x00,0x00,0x00,0x00,0x00,0x00,0x00,0x00,0x00,0x00,0x00,0x00,0x00,0x00,0x00,0x00,0x00,0x00,0x00,0x00,0x00,0x00,0x00,0x00,0x00,0x00,0x00,
    0x00,0x00,0x00,0x00,0x00,0x00,0x00,0x00,0x00,0x00,0x00,0x00,0x00,0x00,0x00,0x00,0x00,0x00,0x00,0x00,0x00,0x00,0x00,0x00,0x00,0x00,0x00,0x00,0x00,0x00,0x00,0x00,0x00,0x00,0x00,0x00,0x00,0x00,0x00,0x00,0x39,0x39,0x2d,0x68,0x51,0x0a,0x3c,0x3d,0x10,0x8c,0x73,0x9e,0xa4,0x86,0xcf,0xb2,0xe8,0xe7,0xb1,0xb1,0xe8,0xad,0xcf,0xab,0xb7,0xa8,0x17,0x9c,0xb7,0x9e,0xcf,0xd0,0xa3,0x9e,0x77,0x77,0x77,0x77,0x77,0x77,0x90,0xa9,0xac,0x17,0xc0,0x9b,0xa5,0xac,0xcb,0x93,0x7d,0x82,0x86,0x73,0x7d,0x83,0x89,0x93,0xad,0x31,0x5b,0x00,0x05,0x00,0x00,0x00,0x00,0x00,0x00,0x00,0x00,0x00,0x00,0x00,0x00,0x00,0x00,0x00,0x00,0x00,0x00,0x00,0x00,0x00,0x00,0x00,0x00,0x00,0x00,0x00,0x00,0x00,0x00,0x00,0x00,0x00,0x00,0x00,0x00,0x00,0x00,0x00,0x00,0x00,
    0x00,0x00,0x00,0x00,0x00,0x00,0x00,0x00,0x00,0x00,0x00,0x00,0x00,0x00,0x00,0x00,0x00,0x00,0x00,0x00,0x00,0x00,0x00,0x00,0x00,0x00,0x00,0x00,0x00,0x00,0x00,0x00,0x00,0x00,0x00,0x00,0x00,0x00,0x00,0x01,0x00,0x63,0x47,0x55,0x2d,0x4d,0x22,0x21,0x7e,0xa4,0xa4,0xa4,0xa4,0x90,0xe9,0x90,0x9b,0xc3,0x99,0xe7,0xb6,0xa9,0xbe,0xc7,0x07,0x9c,0x92,0x95,0xb7,0x8c,0xa5,0xcb,0xa3,0x77,0x77,0x77,0x82,0x82,0x77,0x86,0x87,0xa9,0xa5,0xb5,0x95,0x92,0xb4,0xd1,0xde,0xb0,0x8b,0x9e,0x77,0x7e,0x7e,0x96,0x96,0x82,0xad,0x23,0x21,0x3c,0x00,0x03,0x00,0x00,0x00,0x00,0x00,0x00,0x00,0x00,0x00,0x00,0x00,0x00,0x00,0x00,0x00,0x00,0x00,0x00,0x00,0x00,0x00,0x00,0x00,0x00,0x00,0x00,0x00,0x00,0x00,0x00,0x00,0x00,0x00,0x00,0x00,0x00,0x00,0x00,0x00,0x00,
    0x00,0x00,0x00,0x00,0x00,0x00,0x00,0x00,0x00,0x00,0x00,0x00,0x00,0x00,0x00,0x00,0x00,0x00,0x00,0x00,0x00,0x00,0x00,0x00,0x00,0x00,0x00,0x00,0x00,0x00,0x00,0x00,0x00,0x00,0x00,0x00,0x00,0x00,0x00,0x01,0x00,0x63,0x47,0x69,0x3f,0x00,0x60,0x0d,0x82,0x97,0xa4,0x77,0xa3,0xa5,0xbe,0x11,0x91,0x9c,0xb0,0xab,0x58,0xde,0xbd,0x91,0x8c,0x89,0x89,0x9a,0xb7,0xa9,0xa5,0xac,0x93,0x7e,0x73,0x73,0x73,0x73,0x7e,0x7e,0x96,0xcf,0xa5,0x07,0x8a,0x07,0x95,0x92,0xab,0x0d,0x90,0x86,0x77,0x77,0x87,0x93,0x0d,0x90,0xbb,0x10,0x31,0x24,0x00,0x4d,0x00,0x00,0x00,0x00,0x00,0x00,0x00,0x00,0x00,0x00,0x00,0x00,0x00,0x00,0x00,0x00,0x00,0x00,0x00,0x00,0x00,0x00,0x00,0x00,0x00,0x00,0x00,0x00,0x00,0x00,0x00,0x00,0x00,0x00,0x00,0x00,0x00,0x00,0x00,0x00,
    0x00,0x00,0x00,0x00,0x00,0x00,0x00,0x00,0x00,0x00,0x00,0x00,0x00,0x00,0x00,0x00,0x00,0x00,0x00,0x00,0x00,0x00,0x00,0x00,0x00,0x00,0x00,0x00,0x00,0x00,0x00,0x00,0x00,0x00,0x00,0x00,0x00,0x00,0x00,0x01,0x00,0x0c,0x6f,0x69,0x20,0x29,0x30,0x10,0x73,0xc5,0x93,0x7d,0x90,0xd4,0xe2,0xe7,0xdf,0xd1,0x36,0xdd,0xbb,0xbb,0x8b,0x8c,0x73,0x73,0x73,0x91,0x9b,0xad,0xa8,0xb7,0xb0,0x7d,0x7e,0x7e,0x7e,0x7e,0x73,0x73,0x96,0xcf,0xa5,0x91,0x73,0x73,0x8c,0x91,0xac,0xcb,0xcf,0x86,0x77,0x86,0x87,0x93,0x36,0x96,0xa9,0x13,0x1f,0x1b,0x45,0x03,0x00,0x00,0x00,0x00,0x00,0x00,0x00,0x00,0x00,0x00,0x00,0x00,0x00,0x00,0x00,0x00,0x00,0x00,0x00,0x00,0x00,0x00,0x00,0x00,0x00,0x00,0x00,0x00,0x00,0x00,0x00,0x00,0x00,0x00,0x00,0x00,0x00,0x00,0x00,0x00,
    0x00,0x00,0x00,0x00,0x00,0x00,0x00,0x00,0x00,0x00,0x00,0x00,0x00,0x00,0x00,0x00,0x00,0x00,0x00,0x00,0x00,0x00,0x00,0x00,0x00,0x00,0x00,0x00,0x00,0x00,0x00,0x00,0x00,0x00,0x00,0x00,0x00,0x00,0x00,0x01,0x00,0x0c,0x6f,0x68,0x0b,0x3a,0x35,0x91,0xdb,0xe1,0x7e,0x8b,0x0d,0xe8,0xb1,0xb1,0xe2,0xe5,0xe8,0xa7,0xd0,0x83,0x8c,0x7e,0x8c,0x94,0x13,0x10,0xc2,0xcb,0x17,0xc0,0x97,0x91,0x83,0x96,0x90,0x90,0x90,0x82,0x97,0xbb,0x9b,0xdb,0xd9,0x83,0x89,0x83,0x10,0xde,0xbb,0x87,0x86,0x77,0x77,0x96,0xad,0x8c,0xb0,0x13,0x11,0x64,0x3c,0x00,0x03,0x00,0x00,0x00,0x00,0x00,0x00,0x00,0x00,0x00,0x00,0x00,0x00,0x00,0x00,0x00,0x00,0x00,0x00,0x00,0x00,0x00,0x00,0x00,0x00,0x00,0x00,0x00,0x00,0x00,0x00,0x00,0x00,0x00,0x00,0x00,0x00,0x00,0x00,0x00,
    0x00,0x00,0x00,0x00,0x00,0x00,0x00,0x00,0x00,0x00,0x00,0x00,0x00,0x00,0x00,0x00,0x00,0x00,0x00,0x00,0x00,0x00,0x00,0x00,0x00,0x00,0x00,0x00,0x00,0x00,0x00,0x00,0x00,0x00,0x00,0x00,0x00,0x00,0x00,0x01,0x01,0x0a,0x48,0x3e,0x48,0x49,0x31,0x83,0xe1,0xe1,0x96,0x82,0x97,0xd4,0xe8,0xe5,0xe7,0xe2,0xe2,0x99,0xbd,0x83,0x89,0xb5,0xdb,0xd9,0xd9,0xd0,0xc7,0x58,0x85,0x10,0xa5,0xb4,0xa6,0xcf,0xcf,0xcf,0xa6,0xa9,0xde,0xc4,0x9b,0xd0,0x33,0x94,0x07,0x92,0x85,0xab,0xbb,0x90,0x86,0xa4,0xa4,0x9e,0xa6,0x97,0x93,0x13,0xad,0x2d,0x3c,0x00,0x03,0x00,0x00,0x00,0x00,0x00,0x00,0x00,0x00,0x00,0x00,0x00,0x00,0x00,0x00,0x00,0x00,0x00,0x00,0x00,0x00,0x00,0x00,0x00,0x00,0x00,0x00,0x00,0x00,0x00,0x00,0x00,0x00,0x00,0x00,0x00,0x00,0x00,0x00,0x00,
    0x00,0x00,0x00,0x00,0x00,0x00,0x00,0x00,0x00,0x00,0x00,0x00,0x00,0x00,0x00,0x00,0x00,0x00,0x00,0x00,0x00,0x00,0x00,0x00,0x00,0x00,0x00,0x00,0x00,0x00,0x00,0x00,0x00,0x00,0x00,0x00,0x00,0x00,0x00,0x00,0x02,0x00,0x61,0x3e,0x6c,0x52,0x54,0x9e,0xd9,0xdb,0x96,0x82,0x96,0xb5,0xbd,0xa5,0xbe,0xb3,0xd7,0xc3,0x89,0xb0,0x9a,0xb4,0xb7,0xd3,0xb7,0xa5,0x17,0xd0,0x10,0x84,0x9b,0xc0,0xa8,0xb4,0xb4,0xb4,0xa8,0xc0,0xce,0x58,0xa6,0x9b,0xa8,0x07,0x9c,0xa1,0x9c,0xc4,0xbb,0xa3,0x87,0xad,0x97,0x9e,0xdd,0xa5,0x96,0x23,0xb4,0x60,0x16,0x00,0x03,0x00,0x00,0x00,0x00,0x00,0x00,0x00,0x00,0x00,0x00,0x00,0x00,0x00,0x00,0x00,0x00,0x00,0x00,0x00,0x00,0x00,0x00,0x00,0x00,0x00,0x00,0x00,0x00,0x00,0x00,0x00,0x00,0x00,0x00,0x00,0x00,0x00,0x00,0x00,
    0x00,0x00,0x00,0x00,0x00,0x00,0x00,0x00,0x00,0x00,0x00,0x00,0x00,0x00,0x00,0x00,0x00,0x00,0x00,0x00,0x00,0x00,0x00,0x00,0x00,0x00,0x00,0x00,0x00,0x00,0x00,0x00,0x00,0x00,0x00,0x00,0x00,0x00,0x00,0x00,0x02,0x00,0x61,0x69,0x3e,0x62,0x8c,0x93,0xd9,0x8c,0x8b,0xa6,0xb2,0xbe,0x9b,0xa3,0xa9,0xc4,0xd0,0xb0,0xa5,0x58,0xab,0x81,0x81,0x74,0x78,0x80,0xd5,0xb7,0xa0,0x7d,0x9a,0x8b,0x9a,0x9a,0x9a,0x8b,0x8b,0x7d,0xa5,0xb4,0xd3,0xd4,0xb8,0xc1,0xd5,0xbe,0xc7,0xcb,0x13,0xad,0xa6,0xa5,0xb0,0x83,0x36,0xa6,0x91,0x0d,0xac,0x37,0x4c,0x39,0x03,0x00,0x00,0x00,0x00,0x00,0x00,0x00,0x00,0x00,0x00,0x00,0x00,0x00,0x00,0x00,0x00,0x00,0x00,0x00,0x00,0x00,0x00,0x00,0x00,0x00,0x00,0x00,0x00,0x00,0x00,0x00,0x00,0x00,0x00,0x00,0x00,0x00,0x00,0x00,
    0x00,0x00,0x00,0x00,0x00,0x00,0x00,0x00,0x00,0x00,0x00,0x00,0x00,0x00,0x00,0x00,0x00,0x00,0x00,0x00,0x00,0x00,0x00,0x00,0x00,0x00,0x00,0x00,0x00,0x00,0x00,0x00,0x00,0x00,0x00,0x00,0x00,0x00,0x00,0x00,0x39,0x00,0x09,0x6c,0x55,0x28,0xa9,0xb0,0xe1,0x73,0xa3,0xbe,0xe5,0xe2,0xe5,0x99,0xb3,0xb8,0x11,0xac,0xb8,0x81,0x81,0xab,0xd3,0xbe,0xc3,0xc3,0xb8,0x74,0xa8,0x95,0x92,0x8a,0x8a,0x8a,0x8a,0x89,0x84,0x83,0x10,0xc1,0xa2,0xc1,0xd5,0xab,0xa2,0x81,0x8d,0xab,0xcb,0xdd,0xbb,0xa5,0xb0,0x83,0x82,0x7d,0x8b,0xad,0x58,0x64,0x4d,0x02,0x03,0x00,0x00,0x00,0x00,0x00,0x00,0x00,0x00,0x00,0x00,0x00,0x00,0x00,0x00,0x00,0x00,0x00,0x00,0x00,0x00,0x00,0x00,0x00,0x00,0x00,0x00,0x00,0x00,0x00,0x00,0x00,0x00,0x00,0x00,0x00,0x00,0x00,0x00,0x00,
    0x00,0x00,0x00,0x00,0x00,0x00,0x00,0x00,0x00,0x00,0x00,0x00,0x00,0x00,0x00,0x00,0x00,0x00,0x00,0x00,0x00,0x00,0x00,0x00,0x00,0x00,0x00,0x00,0x00,0x00,0x00,0x00,0x00,0x00,0x00,0x00,0x00,0x00,0x00,0x00,0x00,0x03,0x01,0x24,0x70,0xad,0x11,0xdb,0xcf,0x9e,0x90,0xd4,0xe5,0xb1,0xb1,0xb1,0xb1,0xe5,0xbe,0xce,0x81,0xb8,0xc2,0x8a,0xab,0x9f,0xc9,0xa7,0xbe,0xd3,0xde,0x9a,0x84,0x84,0x84,0x7d,0x73,0x73,0x7d,0x89,0xd5,0xce,0xab,0x9d,0xa7,0xc3,0xc7,0x4f,0xa2,0x81,0xc4,0x84,0xdd,0xdd,0x97,0x82,0x93,0x86,0x93,0xd0,0x10,0x21,0x5b,0x00,0x00,0x01,0x00,0x00,0x00,0x00,0x00,0x00,0x00,0x00,0x00,0x00,0x00,0x00,0x00,0x00,0x00,0x00,0x00,0x00,0x00,0x00,0x00,0x00,0x00,0x00,0x00,0x00,0x00,0x00,0x00,0x00,0x00,0x00,0x00,0x00,0x00,0x00,0x00,0x00,
    0x00,0x00,0x00,0x00,0x00,0x00,0x00,0x00,0x00,0x00,0x00,0x00,0x00,0x00,0x00,0x00,0x00,0x00,0x00,0x00,0x00,0x00,0x00,0x00,0x00,0x00,0x00,0x00,0x00,0x00,0x00,0x00,0x00,0x00,0x00,0x00,0x00,0x00,0x00,0x00,0x00,0x01,0x03,0x39,0x5a,0x23,0x97,0xa4,0xa4,0x86,0x90,0xa5,0xdf,0x99,0xe7,0xe7,0xe2,0xe5,0xab,0x76,0xb8,0x92,0xa1,0xd5,0xec,0xd7,0xf9,0xbc,0xec,0xd1,0x91,0x8c,0x7e,0x73,0x73,0x73,0x73,0x73,0x73,0xbd,0xa8,0xd5,0xec,0xb3,0xdf,0xec,0xd5,0xa1,0xc7,0xa2,0xcd,0x83,0xc3,0xb8,0xa4,0xa4,0xa4,0xa4,0x86,0xcf,0x10,0x17,0xac,0x2d,0x45,0x4d,0x03,0x00,0x00,0x00,0x00,0x00,0x00,0x00,0x00,0x00,0x00,0x00,0x00,0x00,0x00,0x00,0x00,0x00,0x00,0x00,0x00,0x00,0x00,0x00,0x00,0x00,0x00,0x00,0x00,0x00,0x00,0x00,0x00,0x00,0x00,0x00,0x00,0x00,
    0x00,0x00,0x00,0x00,0x00,0x00,0x00,0x00,0x00,0x00,0x00,0x00,0x00,0x00,0x00,0x00,0x00,0x00,0x00,0x00,0x00,0x00,0x00,0x00,0x00,0x00,0x00,0x00,0x00,0x00,0x00,0x00,0x00,0x00,0x00,0x00,0x00,0x00,0x00,0x00,0x00,0x00,0x00,0x00,0x40,0x68,0x0d,0x90,0x86,0x77,0x9e,0xa3,0xa3,0x97,0xa6,0xd4,0xb2,0xab,0x75,0x7a,0xc7,0xa1,0xa8,0x7b,0x57,0xc2,0x9c,0x4f,0x74,0x8d,0xa0,0x73,0x73,0x73,0x73,0x73,0x73,0x73,0x89,0x9c,0xd1,0x81,0xf5,0xa1,0xf5,0xec,0x81,0x4f,0xa1,0xb7,0x81,0x9b,0xd1,0x9d,0xa4,0x93,0x86,0x9e,0x96,0x93,0x1f,0x5e,0xa8,0x28,0x6e,0x00,0x02,0x00,0x00,0x00,0x00,0x00,0x00,0x00,0x00,0x00,0x00,0x00,0x00,0x00,0x00,0x00,0x00,0x00,0x00,0x00,0x00,0x00,0x00,0x00,0x00,0x00,0x00,0x00,0x00,0x00,0x00,0x00,0x00,0x00,0x00,0x00,0x00,0x00,
    0x00,0x00,0x00,0x00,0x00,0x00,0x00,0x00,0x00,0x00,0x00,0x00,0x00,0x00,0x00,0x00,0x00,0x00,0x00,0x00,0x00,0x00,0x00,0x00,0x00,0x00,0x00,0x00,0x00,0x00,0x00,0x00,0x00,0x00,0x00,0x00,0x00,0x00,0x00,0x00,0x00,0x00,0x03,0x43,0x6b,0xb7,0xac,0x9e,0x82,0x9e,0x77,0x86,0x86,0x90,0x87,0x2c,0xa8,0x0d,0x81,0xce,0x9c,0x9c,0xd1,0x81,0x7c,0xc7,0x9c,0xf9,0xec,0x78,0xc0,0x83,0x89,0x73,0x73,0x7d,0x8a,0x92,0x07,0x95,0xb8,0x80,0x85,0xa1,0xc2,0xc9,0x81,0xc3,0xa1,0x92,0x8d,0xc1,0xf0,0xd8,0xa9,0x83,0x7e,0x73,0x73,0x9e,0x1f,0x3b,0x27,0xa8,0x64,0x24,0x03,0x02,0x00,0x00,0x00,0x00,0x00,0x00,0x00,0x00,0x00,0x00,0x00,0x00,0x00,0x00,0x00,0x00,0x00,0x00,0x00,0x00,0x00,0x00,0x00,0x00,0x00,0x00,0x00,0x00,0x00,0x00,0x00,0x00,0x00,0x00,0x00,0x00,
    0x00,0x00,0x00,0x00,0x00,0x00,0x00,0x00,0x00,0x00,0x00,0x00,0x00,0x00,0x00,0x00,0x00,0x00,0x00,0x00,0x00,0x00,0x00,0x00,0x00,0x00,0x00,0x00,0x00,0x00,0x00,0x00,0x00,0x00,0x00,0x00,0x00,0x00,0x00,0x00,0x00,0x4d,0x00,0x49,0x3d,0x93,0xa9,0x97,0x87,0x77,0x77,0x77,0x93,0xe9,0xe4,0xaf,0xe4,0x8a,0xcd,0xd1,0x9c,0x9c,0xc3,0x81,0xc9,0xbc,0xfd,0xbc,0xd2,0x80,0xc2,0x07,0x8a,0x84,0x7d,0x8a,0x92,0x95,0x95,0x07,0xc1,0xec,0xbc,0xf5,0xbc,0xe5,0xec,0xd4,0xa1,0xa1,0xd5,0xb8,0xe6,0xd6,0xd3,0x91,0x8c,0x77,0x86,0x87,0x11,0x1b,0x37,0xc7,0x17,0x27,0x5b,0x00,0x4d,0x00,0x00,0x00,0x00,0x00,0x00,0x00,0x00,0x00,0x00,0x00,0x00,0x00,0x00,0x00,0x00,0x00,0x00,0x00,0x00,0x00,0x00,0x00,0x00,0x00,0x00,0x00,0x00,0x00,0x00,0x00,0x00,0x00,0x00,0x00,
    0x00,0x00,0x00,0x00,0x00,0x00,0x00,0x00,0x00,0x00,0x00,0x00,0x00,0x00,0x00,0x00,0x00,0x00,0x00,0x00,0x00,0x00,0x00,0x00,0x00,0x00,0x00,0x00,0x00,0x00,0x00,0x00,0x00,0x00,0x00,0x00,0x00,0x00,0x03,0x00,0x39,0x00,0x22,0x62,0x23,0x83,0x93,0xa4,0x77,0x77,0x77,0x86,0x87,0xa9,0x2c,0xf8,0xb8,0xa1,0x9b,0xce,0x95,0xa1,0xd1,0xd7,0xb1,0xb1,0xe2,0xf3,0xb1,0xa7,0x8a,0x95,0x07,0x85,0x8a,0x85,0x85,0x8a,0x85,0x07,0xb8,0xe5,0xb1,0xe2,0xb1,0xfa,0xa7,0xbe,0xa1,0x07,0xab,0x9b,0xb8,0xea,0xd4,0x96,0x82,0x9e,0x82,0x73,0xbd,0x28,0x16,0x5a,0x54,0x10,0x52,0x05,0x00,0x03,0x00,0x00,0x00,0x00,0x00,0x00,0x00,0x00,0x00,0x00,0x00,0x00,0x00,0x00,0x00,0x00,0x00,0x00,0x00,0x00,0x00,0x00,0x00,0x00,0x00,0x00,0x00,0x00,0x00,0x00,0x00,0x00,0x00,0x00,
    0x00,0x00,0x00,0x00,0x00,0x00,0x00,0x00,0x00,0x00,0x00,0x00,0x00,0x00,0x00,0x00,0x00,0x00,0x00,0x00,0x00,0x00,0x00,0x00,0x00,0x00,0x00,0x00,0x00,0x00,0x00,0x00,0x00,0x00,0x00,0x00,0x00,0x00,0x00,0x05,0x03,0x29,0x40,0x54,0x8c,0x89,0x73,0x82,0x82,0x82,0x87,0x86,0x90,0xc3,0x4f,0x97,0xce,0x10,0xb5,0xc0,0x85,0xa1,0xa8,0xb3,0xfa,0xf9,0xfa,0x17,0xf9,0xd4,0xb5,0x84,0x8a,0x84,0x7d,0x7d,0x73,0x73,0x89,0x9c,0xc3,0xbc,0xf9,0xf3,0xfa,0xfa,0xb2,0xc2,0xa1,0xc7,0xb4,0xc2,0xce,0xd9,0x36,0x0d,0x8b,0x7e,0x73,0x8c,0x9a,0x53,0x6f,0x16,0x51,0xc0,0x30,0x2d,0x45,0x03,0x00,0x00,0x00,0x00,0x00,0x00,0x00,0x00,0x00,0x00,0x00,0x00,0x00,0x00,0x00,0x00,0x00,0x00,0x00,0x00,0x00,0x00,0x00,0x00,0x00,0x00,0x00,0x00,0x00,0x00,0x00,0x00,0x00,0x00,
    0x00,0x00,0x00,0x00,0x00,0x00,0x00,0x00,0x00,0x00,0x00,0x00,0x00,0x00,0x00,0x00,0x00,0x00,0x00,0x00,0x00,0x00,0x00,0x00,0x00,0x00,0x00,0x00,0x00,0x00,0x00,0x00,0x00,0x00,0x00,0x00,0x01,0x01,0x16,0x00,0x25,0x50,0x27,0x7d,0x7e,0x82,0x73,0x73,0x73,0x73,0x8c,0x8b,0x23,0xf8,0xf0,0x3e,0xde,0x9b,0x8b,0x83,0x84,0x07,0xa1,0xc3,0xfd,0x95,0x92,0xc7,0xd4,0xc0,0x07,0x89,0x73,0x7e,0x73,0x7e,0x73,0x73,0x89,0x07,0xc2,0xb2,0xf5,0x92,0x17,0xfd,0xbe,0xa1,0x07,0x85,0xa1,0x9b,0xde,0xab,0xc6,0x4f,0xa3,0x89,0x73,0x7e,0x8b,0x11,0x51,0x1e,0x24,0x54,0xb4,0x65,0x41,0x00,0x39,0x00,0x00,0x00,0x00,0x00,0x00,0x00,0x00,0x00,0x00,0x00,0x00,0x00,0x00,0x00,0x00,0x00,0x00,0x00,0x00,0x00,0x00,0x00,0x00,0x00,0x00,0x00,0x00,0x00,0x00,0x00,0x00,0x00,
    0x00,0x00,0x00,0x00,0x00,0x00,0x00,0x00,0x00,0x00,0x00,0x00,0x00,0x00,0x00,0x00,0x00,0x00,0x00,0x00,0x00,0x00,0x00,0x00,0x00,0x00,0x00,0x00,0x00,0x00,0x00,0x00,0x00,0x00,0x00,0x05,0x00,0x25,0x21,0x50,0x27,0x85,0x7d,0xa4,0x77,0x77,0x87,0x9e,0x73,0x7e,0x7d,0x77,0xe3,0xc6,0x58,0xc4,0xd0,0x9b,0x84,0x7e,0xa0,0xa0,0x84,0xc7,0xbe,0xe6,0xd1,0xc3,0x9b,0x91,0x84,0x85,0x8a,0x73,0x73,0x7d,0x73,0x73,0x7d,0x85,0xa1,0xc0,0xc3,0xd3,0xbe,0xbe,0x17,0x85,0xa0,0x84,0x92,0x9b,0xde,0xb8,0x2c,0xf2,0x82,0x7e,0x7e,0x73,0x7e,0x9a,0x53,0x48,0x22,0x27,0x8a,0x56,0x4e,0x03,0x03,0x00,0x00,0x00,0x00,0x00,0x00,0x00,0x00,0x00,0x00,0x00,0x00,0x00,0x00,0x00,0x00,0x00,0x00,0x00,0x00,0x00,0x00,0x00,0x00,0x00,0x00,0x00,0x00,0x00,0x00,0x00,0x00,0x00,
    0x00,0x00,0x00,0x00,0x00,0x00,0x00,0x00,0x00,0x00,0x00,0x00,0x00,0x00,0x00,0x00,0x00,0x00,0x00,0x00,0x00,0x00,0x00,0x00,0x00,0x00,0x00,0x00,0x00,0x00,0x00,0x00,0x00,0x00,0x39,0x00,0x25,0x6d,0x9a,0xb5,0x8b,0x7e,0x8c,0x87,0x77,0x77,0x77,0x77,0x87,0x89,0xa3,0xe4,0xaf,0xbe,0xeb,0xc4,0x9b,0x11,0x10,0x07,0xa0,0x94,0xdb,0xa6,0xa6,0xa5,0x0d,0x89,0x91,0x8c,0x7d,0x84,0x84,0x73,0x7e,0xa0,0x7e,0x73,0x73,0x7d,0x85,0x9c,0x84,0xc0,0x9b,0xa6,0x13,0xa0,0x94,0xaa,0x10,0xbb,0xee,0xab,0xf6,0xea,0xb7,0xe9,0x8c,0x73,0x8c,0x8b,0x1f,0x55,0x1b,0x35,0x9a,0x70,0x24,0x03,0x00,0x00,0x00,0x00,0x00,0x00,0x00,0x00,0x00,0x00,0x00,0x00,0x00,0x00,0x00,0x00,0x00,0x00,0x00,0x00,0x00,0x00,0x00,0x00,0x00,0x00,0x00,0x00,0x00,0x00,0x00,0x00,0x00,0x00,
    0x00,0x00,0x00,0x00,0x00,0x00,0x00,0x00,0x00,0x00,0x00,0x00,0x00,0x00,0x00,0x00,0x00,0x00,0x00,0x00,0x00,0x00,0x00,0x00,0x00,0x00,0x00,0x00,0x00,0x00,0x00,0x00,0x00,0x39,0x00,0x67,0x52,0x83,0x7d,0x8c,0x8c,0x73,0x73,0x7e,0x87,0x77,0x77,0x77,0x86,0xa3,0xd1,0xf7,0xe0,0xee,0xd9,0xeb,0xad,0x13,0x9b,0x95,0xa0,0x94,0x94,0x94,0x94,0xaa,0xaa,0xaa,0x8c,0x73,0x73,0x73,0x73,0x73,0x7e,0xa0,0x7e,0x73,0x73,0x73,0x7e,0x8c,0x7d,0x84,0xaa,0xaa,0xa0,0x94,0x94,0x83,0x9b,0xe1,0xf6,0xeb,0xeb,0xce,0x57,0xa9,0x86,0xa4,0x82,0x89,0x83,0x1f,0x3d,0x54,0x83,0x53,0x24,0x03,0x00,0x00,0x00,0x00,0x00,0x00,0x00,0x00,0x00,0x00,0x00,0x00,0x00,0x00,0x00,0x00,0x00,0x00,0x00,0x00,0x00,0x00,0x00,0x00,0x00,0x00,0x00,0x00,0x00,0x00,0x00,0x00,0x00,0x00,
    0x00,0x00,0x00,0x00,0x00,0x00,0x00,0x00,0x00,0x00,0x00,0x00,0x00,0x00,0x00,0x00,0x00,0x00,0x00,0x00,0x00,0x00,0x00,0x00,0x00,0x00,0x00,0x00,0x00,0x00,0x00,0x00,0x00,0x05,0x00,0x64,0x0d,0xaa,0x7e,0x73,0x73,0x73,0x73,0x73,0x73,0x7e,0x87,0x8c,0xe9,0xb7,0xaf,0xef,0xe6,0x10,0x33,0x33,0x33,0xd9,0xc4,0x17,0x94,0x94,0x94,0x94,0x94,0x94,0x94,0x8c,0x7d,0x73,0x73,0x73,0x73,0x7e,0x73,0x83,0x7e,0x73,0x73,0x73,0x73,0x73,0x7e,0x94,0x94,0x94,0x94,0x94,0x94,0xaa,0xcb,0xd9,0x33,0x33,0xdd,0x4f,0xd8,0xe4,0x90,0x93,0x73,0x7e,0x73,0x7e,0xa5,0x93,0x7d,0x70,0x24,0x03,0x00,0x00,0x00,0x00,0x00,0x00,0x00,0x00,0x00,0x00,0x00,0x00,0x00,0x00,0x00,0x00,0x00,0x00,0x00,0x00,0x00,0x00,0x00,0x00,0x00,0x00,0x00,0x00,0x00,0x00,0x00,0x00,0x00,0x00,
    0x00,0x00,0x00,0x00,0x00,0x00,0x00,0x00,0x00,0x00,0x00,0x00,0x00,0x00,0x00,0x00,0x00,0x00,0x00,0x00,0x00,0x00,0x00,0x00,0x00,0x00,0x00,0x00,0x00,0x00,0x00,0x00,0x00,0x05,0x00,0x21,0x96,0x7d,0x9e,0x77,0x77,0x7e,0x8c,0x73,0x73,0x73,0x89,0x8b,0xa9,0xc6,0x8e,0xba,0xd4,0xb5,0xc7,0xde,0x3e,0x33,0xab,0xac,0x84,0x94,0x94,0x94,0x94,0x94,0xaa,0x73,0x7d,0x8a,0x8a,0x8a,0x8a,0x9a,0x84,0xbd,0x8b,0x84,0x85,0x8a,0x84,0x73,0x73,0x73,0x8c,0xa0,0x94,0x94,0xaa,0xa8,0xab,0xc4,0xab,0xa5,0xb5,0xe6,0xd6,0xe0,0x93,0x7d,0x73,0x7d,0x7e,0x83,0x97,0xdb,0xbd,0x56,0x24,0x00,0x05,0x00,0x00,0x00,0x00,0x00,0x00,0x00,0x00,0x00,0x00,0x00,0x00,0x00,0x00,0x00,0x00,0x00,0x00,0x00,0x00,0x00,0x00,0x00,0x00,0x00,0x00,0x00,0x00,0x00,0x00,0x00,0x00,0x00,
    0x00,0x00,0x00,0x00,0x00,0x00,0x00,0x00,0x00,0x00,0x00,0x00,0x00,0x00,0x00,0x00,0x00,0x00,0x00,0x00,0x00,0x00,0x00,0x00,0x00,0x00,0x00,0x00,0x00,0x00,0x00,0x00,0x00,0x05,0x00,0x35,0x91,0x89,0x96,0x82,0xe9,0x23,0xa9,0x83,0x7e,0x73,0x89,0x90,0xe3,0xc8,0x8f,0xae,0xc9,0xe4,0x9c,0xaa,0xc4,0xc7,0x92,0xd3,0xbd,0xaa,0x94,0xa0,0xa0,0xa0,0x73,0x73,0x84,0x85,0x85,0x8a,0x85,0x17,0xee,0x33,0xa5,0x9a,0x84,0x85,0x8a,0x7d,0x73,0x73,0x73,0x73,0xaa,0xa0,0x91,0xd0,0xc2,0xd3,0xd1,0xa1,0xa8,0xd8,0xaf,0xc6,0x0d,0x8b,0x7e,0x7d,0x7e,0x90,0xbb,0xbb,0x26,0x4e,0x00,0x03,0x00,0x00,0x00,0x00,0x00,0x00,0x00,0x00,0x00,0x00,0x00,0x00,0x00,0x00,0x00,0x00,0x00,0x00,0x00,0x00,0x00,0x00,0x00,0x00,0x00,0x00,0x00,0x00,0x00,0x00,0x00,0x00,0x00,0x00,
    0x00,0x00,0x00,0x00,0x00,0x00,0x00,0x00,0x00,0x00,0x00,0x00,0x00,0x00,0x00,0x00,0x00,0x00,0x00,0x00,0x00,0x00,0x00,0x00,0x00,0x00,0x00,0x00,0x00,0x00,0x00,0x00,0x00,0x05,0x00,0x52,0x83,0x8c,0xa9,0x96,0xa6,0xd0,0x83,0x89,0x73,0x8c,0x8b,0x9b,0xef,0x98,0x98,0xda,0xd2,0xd2,0xe6,0x10,0xce,0xc0,0xa1,0xc0,0xc3,0xb5,0x9a,0x8c,0x73,0x73,0x73,0x73,0x84,0x85,0x85,0x07,0x9c,0x10,0xee,0xeb,0xac,0x9a,0x7e,0x73,0x7e,0x73,0x73,0x73,0x7e,0x8c,0x89,0x9c,0xb7,0xb7,0xa1,0xd3,0xb7,0xf5,0x57,0xd6,0xaf,0xba,0xd3,0x8b,0x8c,0x7e,0x77,0x87,0xcf,0x36,0x26,0x00,0x01,0x00,0x00,0x00,0x00,0x00,0x00,0x00,0x00,0x00,0x00,0x00,0x00,0x00,0x00,0x00,0x00,0x00,0x00,0x00,0x00,0x00,0x00,0x00,0x00,0x00,0x00,0x00,0x00,0x00,0x00,0x00,0x00,0x00,0x00,0x00,
    0x00,0x00,0x00,0x00,0x00,0x00,0x00,0x00,0x00,0x00,0x00,0x00,0x00,0x00,0x00,0x00,0x00,0x00,0x00,0x00,0x00,0x00,0x00,0x00,0x00,0x00,0x00,0x00,0x00,0x00,0x00,0x00,0x00,0x05,0x00,0x52,0xbd,0x56,0x62,0x1b,0x58,0x97,0x90,0x9e,0x77,0x9e,0x90,0xe3,0xae,0xae,0xc8,0xba,0xd2,0xd6,0xd6,0xd8,0xb8,0x2c,0xe0,0xf8,0xc9,0xe6,0xbd,0x91,0x83,0x8c,0x8c,0x7e,0x73,0x84,0x8a,0x85,0x8a,0x9a,0x89,0xa0,0x85,0x8a,0x8a,0x8a,0x84,0x84,0x89,0x8c,0x89,0x91,0x91,0xac,0xea,0xc6,0xf2,0xab,0xa7,0xd6,0xd6,0xd6,0xf7,0xae,0xe4,0xa3,0x89,0x7e,0x77,0x77,0x87,0x11,0x60,0x05,0x05,0x00,0x00,0x00,0x00,0x00,0x00,0x00,0x00,0x00,0x00,0x00,0x00,0x00,0x00,0x00,0x00,0x00,0x00,0x00,0x00,0x00,0x00,0x00,0x00,0x00,0x00,0x00,0x00,0x00,0x00,0x00,0x00,0x00,0x00,0x00,
    0x00,0x00,0x00,0x00,0x00,0x00,0x00,0x00,0x00,0x00,0x00,0x00,0x00,0x00,0x00,0x00,0x00,0x00,0x00,0x00,0x00,0x00,0x00,0x00,0x00,0x00,0x00,0x00,0x00,0x00,0x00,0x00,0x00,0x05,0x00,0x52,0x1f,0x24,0x49,0x26,0x11,0x90,0x86,0x87,0x86,0x96,0x97,0xe0,0xc8,0xae,0xc8,0xba,0xf7,0xae,0xf7,0xd8,0xfb,0xf1,0x57,0xaf,0xd6,0xd2,0x5c,0xbe,0x10,0x8b,0x91,0x83,0x8c,0x8c,0x8c,0x8c,0x7e,0x7e,0x73,0x7d,0x7e,0x7e,0x8c,0x84,0x85,0x92,0x95,0x9c,0x9a,0xc0,0xd4,0xc9,0xd6,0xaf,0xc9,0xfe,0xab,0xd2,0xd6,0xef,0xaf,0xae,0xe4,0xa3,0x8c,0x82,0x77,0x86,0x82,0x9e,0x1b,0x29,0x39,0x05,0x00,0x00,0x00,0x00,0x00,0x00,0x00,0x00,0x00,0x00,0x00,0x00,0x00,0x00,0x00,0x00,0x00,0x00,0x00,0x00,0x00,0x00,0x00,0x00,0x00,0x00,0x00,0x00,0x00,0x00,0x00,0x00,0x00,0x00,
    0x00,0x00,0x00,0x00,0x00,0x00,0x00,0x00,0x00,0x00,0x00,0x00,0x00,0x00,0x00,0x00,0x00,0x00,0x00,0x00,0x00,0x00,0x00,0x00,0x00,0x00,0x00,0x00,0x00,0x00,0x00,0x00,0x00,0x02,0x00,0x28,0x28,0x67,0x24,0x1f,0x96,0x8c,0x90,0x11,0xce,0x8b,0x97,0xc6,0x98,0xc8,0x7f,0xb9,0xc6,0x8e,0xd5,0xfb,0xfc,0xfc,0xfe,0x57,0xd6,0xf4,0xf4,0xc9,0x57,0xe6,0x9b,0xb0,0x8b,0x91,0x91,0x8b,0x83,0x73,0x73,0x73,0x83,0x83,0x8b,0x91,0xb5,0x9a,0xb4,0xd3,0x2c,0xc9,0xd2,0xd2,0xef,0x2c,0xfe,0xfb,0xfb,0xc4,0xaf,0xba,0xaf,0xae,0xd3,0xa3,0x86,0x77,0x86,0x90,0xa9,0x0d,0x31,0x6e,0x00,0x05,0x00,0x00,0x00,0x00,0x00,0x00,0x00,0x00,0x00,0x00,0x00,0x00,0x00,0x00,0x00,0x00,0x00,0x00,0x00,0x00,0x00,0x00,0x00,0x00,0x00,0x00,0x00,0x00,0x00,0x00,0x00,0x00,0x00,0x00,
    0x00,0x00,0x00,0x00,0x00,0x00,0x00,0x00,0x00,0x00,0x00,0x00,0x00,0x00,0x00,0x00,0x00,0x00,0x00,0x00,0x00,0x00,0x00,0x00,0x00,0x00,0x00,0x00,0x00,0x00,0x00,0x00,0x00,0x02,0x00,0x62,0x28,0x4e,0x64,0x1f,0x83,0x8c,0x90,0xf0,0xae,0xe4,0xdb,0xe0,0x8f,0x8e,0x8f,0x7f,0xba,0x8f,0xba,0xf1,0xfc,0xfc,0x2c,0xc8,0xd6,0xd2,0xf4,0xf4,0xef,0xef,0xaf,0x5c,0xd4,0xf0,0xb7,0x11,0xdb,0x8c,0x8c,0x8c,0xb0,0x13,0xa8,0xb7,0xe6,0xb3,0xd8,0xba,0xd6,0xf4,0xf4,0xd2,0xae,0xba,0xc4,0xfc,0xfb,0x2c,0x8e,0xba,0xba,0xc6,0xa6,0x8b,0x8c,0x7e,0x8c,0x91,0x1f,0x36,0x35,0x25,0x00,0x39,0x00,0x00,0x00,0x00,0x00,0x00,0x00,0x00,0x00,0x00,0x00,0x00,0x00,0x00,0x00,0x00,0x00,0x00,0x00,0x00,0x00,0x00,0x00,0x00,0x00,0x00,0x00,0x00,0x00,0x00,0x00,0x00,0x00,0x00,
    0x00,0x00,0x00,0x00,0x00,0x00,0x00,0x00,0x00,0x00,0x00,0x00,0x00,0x00,0x00,0x00,0x00,0x00,0x00,0x00,0x00,0x00,0x00,0x00,0x00,0x00,0x00,0x00,0x00,0x00,0x00,0x00,0x00,0x39,0x00,0x24,0x64,0x4e,0x1b,0xbd,0x83,0x7d,0x97,0xe0,0x8f,0xae,0xe4,0xf2,0x8f,0x8e,0x7f,0x8e,0xae,0x7f,0xae,0xf1,0xf1,0xf1,0x55,0xc8,0xf7,0xd2,0xd2,0xc9,0xd8,0xd8,0xd8,0xc9,0xc9,0xc9,0xc9,0xc4,0xd9,0xed,0xca,0xca,0xd9,0x33,0x5c,0xd8,0xc9,0xc9,0xd8,0xaf,0xd8,0xd2,0xd2,0xd2,0xae,0xae,0xf1,0xc4,0xf1,0xe3,0x8f,0xaf,0xef,0xf0,0x96,0x8c,0x73,0x7d,0x8c,0xe9,0x31,0x37,0x46,0x37,0x22,0x03,0x00,0x00,0x00,0x00,0x00,0x00,0x00,0x00,0x00,0x00,0x00,0x00,0x00,0x00,0x00,0x00,0x00,0x00,0x00,0x00,0x00,0x00,0x00,0x00,0x00,0x00,0x00,0x00,0x00,0x00,0x00,0x00,0x00,0x00,
    0x00,0x00,0x00,0x00,0x00,0x00,0x00,0x00,0x00,0x00,0x00,0x00,0x00,0x00,0x00,0x00,0x00,0x00,0x00,0x00,0x00,0x00,0x00,0x00,0x00,0x00,0x00,0x00,0x00,0x00,0x00,0x00,0x00,0x03,0x00,0x45,0x1e,0x05,0x66,0x1f,0x83,0x7d,0xcf,0xc6,0x8e,0x8f,0xb9,0xc6,0x8f,0x8e,0x7f,0x8e,0xae,0x98,0xae,0xd5,0xae,0xc6,0x2c,0xc8,0xd6,0xc9,0x9f,0x7b,0x7b,0x7b,0x7b,0x7b,0x7b,0x7a,0x74,0xde,0xc5,0xca,0xca,0xca,0xc5,0xeb,0x9f,0x9f,0x78,0x78,0x7b,0x7b,0x7b,0x78,0xec,0xd2,0x98,0xda,0x2c,0x98,0xe0,0xf8,0x98,0xe3,0xf0,0x93,0xa3,0x90,0x9e,0x9e,0x93,0x90,0x3d,0x3f,0x66,0x53,0x46,0x00,0x03,0x00,0x00,0x00,0x00,0x00,0x00,0x00,0x00,0x00,0x00,0x00,0x00,0x00,0x00,0x00,0x00,0x00,0x00,0x00,0x00,0x00,0x00,0x00,0x00,0x00,0x00,0x00,0x00,0x00,0x00,0x00,0x00,0x00,
    0x00,0x00,0x00,0x00,0x00,0x00,0x00,0x00,0x00,0x00,0x00,0x00,0x00,0x00,0x00,0x00,0x00,0x00,0x00,0x00,0x00,0x00,0x00,0x00,0x00,0x00,0x00,0x00,0x00,0x00,0x00,0x00,0x00,0x00,0x00,0x00,0x00,0x00,0x2d,0x53,0x10,0x8c,0x97,0xc6,0x8f,0x98,0x8e,0x8e,0x8e,0x8e,0x7f,0x8e,0xb9,0xb9,0xc8,0x98,0x8e,0x8e,0x7f,0x8f,0xd8,0x7b,0x74,0x78,0x78,0x78,0x78,0x78,0x78,0x7a,0x81,0xc4,0xc5,0xca,0xca,0xca,0xca,0xf6,0x81,0x78,0x74,0x74,0x78,0x78,0x78,0x78,0x81,0xea,0x7f,0x7f,0x8f,0x8f,0x8f,0x7f,0xe0,0xb0,0x91,0x90,0xbb,0xc3,0x77,0x77,0x86,0x87,0xcf,0x36,0x44,0x37,0x63,0x03,0x03,0x00,0x00,0x00,0x00,0x00,0x00,0x00,0x00,0x00,0x00,0x00,0x00,0x00,0x00,0x00,0x00,0x00,0x00,0x00,0x00,0x00,0x00,0x00,0x00,0x00,0x00,0x00,0x00,0x00,0x00,0x00,0x00,0x00,
    0x00,0x00,0x00,0x00,0x00,0x00,0x00,0x00,0x00,0x00,0x00,0x00,0x00,0x00,0x00,0x00,0x00,0x00,0x00,0x00,0x00,0x00,0x00,0x00,0x00,0x00,0x00,0x00,0x00,0x00,0x00,0x00,0x00,0x00,0x00,0x00,0x4d,0x00,0x1e,0x3d,0xc0,0xd0,0xa4,0xe0,0x8e,0x7f,0x7f,0x7f,0x7f,0x7f,0x7f,0x7f,0x7f,0x98,0xc8,0x7f,0x7f,0x98,0x8f,0xba,0xdc,0x7b,0x78,0x74,0x74,0x74,0x74,0x74,0x78,0x81,0x81,0xa5,0xdb,0xca,0xed,0xed,0xca,0xe1,0xa2,0x81,0x74,0x74,0x74,0x74,0x74,0x74,0x74,0x9f,0xae,0x8f,0x98,0x7f,0x7f,0xc8,0xe3,0x83,0x8b,0x9b,0xaf,0xaf,0xd1,0x90,0x93,0x86,0x87,0x97,0x44,0x22,0x45,0x05,0x00,0x00,0x00,0x00,0x00,0x00,0x00,0x00,0x00,0x00,0x00,0x00,0x00,0x00,0x00,0x00,0x00,0x00,0x00,0x00,0x00,0x00,0x00,0x00,0x00,0x00,0x00,0x00,0x00,0x00,0x00,0x00,0x00,0x00,
    0x00,0x00,0x00,0x00,0x00,0x00,0x00,0x00,0x00,0x00,0x00,0x00,0x00,0x00,0x00,0x00,0x00,0x00,0x00,0x00,0x00,0x00,0x00,0x00,0x00,0x00,0x00,0x00,0x00,0x00,0x00,0x00,0x00,0x00,0x00,0x01,0x00,0x12,0x12,0x46,0xd4,0x69,0xa9,0xf2,0x7f,0x7f,0x7f,0x7f,0x7f,0x7f,0x7f,0x7f,0x8e,0xb9,0xc8,0x7f,0x98,0x8f,0xaf,0x79,0x7a,0x78,0x74,0x74,0x78,0x78,0x78,0x7a,0x7b,0xc1,0xbb,0x8a,0x89,0x94,0xc5,0xc5,0xa0,0xaa,0x10,0x58,0x74,0x74,0x74,0x78,0x7a,0x80,0x76,0x80,0xdc,0xda,0x8f,0x7f,0x7f,0xc8,0xe6,0x8b,0xb0,0xf8,0xc8,0x8e,0xaf,0x23,0x8b,0x86,0x87,0x93,0x44,0x6b,0x46,0x00,0x39,0x00,0x00,0x00,0x00,0x00,0x00,0x00,0x00,0x00,0x00,0x00,0x00,0x00,0x00,0x00,0x00,0x00,0x00,0x00,0x00,0x00,0x00,0x00,0x00,0x00,0x00,0x00,0x00,0x00,0x00,0x00,0x00,0x00,
    0x00,0x00,0x00,0x00,0x00,0x00,0x00,0x00,0x00,0x00,0x00,0x00,0x00,0x00,0x00,0x00,0x00,0x00,0x00,0x00,0x00,0x00,0x00,0x00,0x00,0x00,0x00,0x00,0x00,0x00,0x00,0x00,0x00,0x00,0x00,0x02,0x00,0x32,0x2f,0x15,0x19,0x2d,0x53,0xe0,0x8e,0x7f,0x7f,0x7f,0x7f,0x7f,0x7f,0x7f,0x8e,0xda,0x98,0x7f,0x8f,0xc6,0x78,0x76,0x7c,0x72,0x7a,0x74,0x80,0x76,0x76,0x7c,0x80,0xa2,0xcb,0xaa,0xaa,0xa0,0xaa,0xa0,0x94,0xaa,0x89,0xce,0x74,0x79,0x80,0x76,0x76,0x72,0x80,0x72,0x7b,0xdc,0xb9,0x98,0xb9,0xc8,0xe3,0xe9,0xb7,0xba,0x8e,0x7f,0xb9,0xf0,0xe9,0x89,0x8c,0x83,0x54,0x3d,0x66,0x00,0x05,0x00,0x00,0x00,0x00,0x00,0x00,0x00,0x00,0x00,0x00,0x00,0x00,0x00,0x00,0x00,0x00,0x00,0x00,0x00,0x00,0x00,0x00,0x00,0x00,0x00,0x00,0x00,0x00,0x00,0x00,0x00,0x00,0x00,
    0x00,0x00,0x00,0x00,0x00,0x00,0x00,0x00,0x00,0x00,0x00,0x00,0x00,0x00,0x00,0x00,0x00,0x00,0x00,0x00,0x00,0x00,0x00,0x00,0x00,0x00,0x00,0x00,0x00,0x00,0x00,0x00,0x00,0x00,0x00,0x04,0x00,0x34,0x2c,0x34,0x34,0x34,0x59,0x98,0x8e,0x7f,0x7f,0x7f,0x7f,0x7f,0x7f,0x7f,0x7f,0x8e,0x7f,0x7f,0x8e,0xea,0x7a,0x7c,0x76,0x76,0x7c,0x72,0x79,0x80,0x79,0x79,0x79,0x74,0x81,0xab,0x13,0x94,0x94,0x94,0xa0,0x9b,0xb8,0x81,0x76,0x76,0x76,0x80,0x7a,0x74,0x74,0x74,0x7a,0x7b,0x5c,0x98,0xae,0xc8,0xba,0xd3,0x23,0xda,0x8f,0x8f,0x98,0xe4,0xa3,0x89,0x8b,0x83,0x89,0xa6,0x2d,0x00,0x39,0x00,0x00,0x00,0x00,0x00,0x00,0x00,0x00,0x00,0x00,0x00,0x00,0x00,0x00,0x00,0x00,0x00,0x00,0x00,0x00,0x00,0x00,0x00,0x00,0x00,0x00,0x00,0x00,0x00,0x00,0x00,0x00,0x00,
    0x00,0x00,0x00,0x00,0x00,0x00,0x00,0x00,0x00,0x00,0x00,0x00,0x00,0x00,0x00,0x00,0x00,0x00,0x00,0x00,0x00,0x00,0x00,0x00,0x00,0x00,0x00,0x00,0x00,0x00,0x00,0x00,0x00,0x00,0x00,0x00,0x02,0x59,0x2c,0x42,0x42,0xc6,0xb9,0x8f,0x7f,0x7f,0x7f,0x7f,0x7f,0x7f,0x7f,0x7f,0x8e,0x7f,0x7f,0x8e,0xda,0x78,0x74,0x74,0x78,0x78,0x7a,0x7a,0x74,0x74,0x74,0x74,0x74,0x74,0x7a,0x81,0xc1,0xdb,0x94,0xa0,0xad,0x8d,0x7a,0x7c,0x72,0x79,0x80,0x78,0x74,0x74,0x74,0x74,0x78,0x7b,0xdc,0xb9,0x98,0x98,0x8e,0xda,0xe6,0xe0,0x8f,0x7f,0x8f,0xaf,0xdd,0x91,0x0d,0x0d,0x65,0x60,0x29,0x03,0x03,0x00,0x00,0x00,0x00,0x00,0x00,0x00,0x00,0x00,0x00,0x00,0x00,0x00,0x00,0x00,0x00,0x00,0x00,0x00,0x00,0x00,0x00,0x00,0x00,0x00,0x00,0x00,0x00,0x00,0x00,0x00,0x00,0x00,
    0x00,0x00,0x00,0x00,0x00,0x00,0x00,0x00,0x00,0x00,0x00,0x00,0x00,0x00,0x00,0x00,0x00,0x00,0x00,0x00,0x00,0x00,0x00,0x00,0x00,0x00,0x00,0x00,0x00,0x00,0x00,0x00,0x00,0x00,0x00,0x39,0x01,0x32,0x5f,0xda,0x8f,0x8f,0x7f,0x7f,0x7f,0x7f,0x8e,0x7f,0x7f,0x7f,0x7f,0x7f,0x8e,0x98,0x98,0x8f,0xba,0x78,0x78,0x79,0x80,0x79,0x78,0x74,0x74,0x7a,0x7a,0x78,0x78,0x78,0x78,0x7c,0x7c,0xab,0x8a,0xc7,0xd4,0xc1,0x72,0x7c,0x76,0x80,0x78,0x74,0x78,0x74,0x74,0x74,0x7a,0x78,0x9f,0xda,0x8e,0x7f,0x7f,0x8f,0xb9,0xba,0x8e,0x7f,0x8f,0xaf,0xad,0x91,0x68,0x48,0x3f,0x0c,0x00,0x01,0x00,0x00,0x00,0x00,0x00,0x00,0x00,0x00,0x00,0x00,0x00,0x00,0x00,0x00,0x00,0x00,0x00,0x00,0x00,0x00,0x00,0x00,0x00,0x00,0x00,0x00,0x00,0x00,0x00,0x00,0x00,0x00,0x00,0x00,
    0x00,0x00,0x00,0x00,0x00,0x00,0x00,0x00,0x00,0x00,0x00,0x00,0x00,0x00,0x00,0x00,0x00,0x00,0x00,0x00,0x00,0x00,0x00,0x00,0x00,0x00,0x00,0x00,0x00,0x00,0x00,0x00,0x00,0x00,0x00,0x00,0x39,0x00,0x32,0x5d,0x42,0xb9,0x7f,0x8e,0x8e,0x8e,0xba,0x98,0x7f,0x7f,0x7f,0x98,0x8f,0xaf,0xaf,0x8f,0xba,0x79,0x76,0x76,0x76,0x76,0x76,0x7a,0x74,0x78,0x79,0x72,0x76,0x76,0x79,0x80,0x75,0x78,0xb8,0xb8,0x7c,0x79,0x7a,0x7b,0x7b,0x78,0x78,0x74,0x78,0x78,0x78,0x7a,0x80,0x80,0xdc,0xb9,0x7f,0x98,0x7f,0x7f,0x7f,0x8f,0xb9,0xba,0x8e,0xc6,0xd3,0x8c,0x44,0x32,0x03,0x00,0x03,0x00,0x00,0x00,0x00,0x00,0x00,0x00,0x00,0x00,0x00,0x00,0x00,0x00,0x00,0x00,0x00,0x00,0x00,0x00,0x00,0x00,0x00,0x00,0x00,0x00,0x00,0x00,0x00,0x00,0x00,0x00,0x00,0x00,0x00,0x00,
    0x00,0x00,0x00,0x00,0x00,0x00,0x00,0x00,0x00,0x00,0x00,0x00,0x00,0x00,0x00,0x00,0x00,0x00,0x00,0x00,0x00,0x00,0x00,0x00,0x00,0x00,0x00,0x00,0x00,0x00,0x00,0x00,0x00,0x00,0x00,0x00,0x00,0x39,0x00,0x02,0x2f,0x59,0x5f,0x5f,0x5f,0x5f,0x57,0x7f,0x7f,0x7f,0x7f,0x7f,0x8e,0xe3,0xe3,0x8f,0xea,0x79,0x76,0x72,0x76,0x76,0x76,0x76,0x79,0x74,0x74,0x78,0x79,0x74,0xa2,0x81,0x74,0x7a,0x74,0x78,0x74,0x78,0x81,0xbf,0xa2,0x7b,0x81,0x7b,0x7b,0x81,0x81,0x72,0x76,0x76,0x7a,0x57,0x8f,0x8e,0x7f,0x7f,0x7f,0x8e,0xb9,0xea,0xae,0xc8,0xe3,0xbb,0x1b,0x43,0x00,0x05,0x00,0x00,0x00,0x00,0x00,0x00,0x00,0x00,0x00,0x00,0x00,0x00,0x00,0x00,0x00,0x00,0x00,0x00,0x00,0x00,0x00,0x00,0x00,0x00,0x00,0x00,0x00,0x00,0x00,0x00,0x00,0x00,0x00,0x00,0x00,0x00,
    0x00,0x00,0x00,0x00,0x00,0x00,0x00,0x00,0x00,0x00,0x00,0x00,0x00,0x00,0x00,0x00,0x00,0x00,0x00,0x00,0x00,0x00,0x00,0x00,0x00,0x00,0x00,0x00,0x00,0x00,0x00,0x00,0x00,0x00,0x00,0x00,0x00,0x00,0x02,0x39,0x0c,0x32,0x5d,0x34,0x34,0x34,0x42,0x7f,0x7f,0x7f,0x7f,0x7f,0x98,0xff,0xf2,0xba,0x76,0x7c,0x7a,0x78,0x76,0x79,0x80,0x76,0x76,0x72,0x79,0x80,0x81,0xb8,0xbe,0xab,0x74,0x7b,0x72,0x7c,0x7a,0x74,0x81,0xa7,0xd7,0x81,0x8d,0x9b,0xa8,0xc3,0xd1,0x76,0x72,0x76,0x76,0x7a,0xc6,0xae,0x7f,0x7f,0x7f,0x7f,0xb9,0x69,0x42,0x98,0xb9,0x2c,0x1e,0x4d,0x39,0x00,0x00,0x00,0x00,0x00,0x00,0x00,0x00,0x00,0x00,0x00,0x00,0x00,0x00,0x00,0x00,0x00,0x00,0x00,0x00,0x00,0x00,0x00,0x00,0x00,0x00,0x00,0x00,0x00,0x00,0x00,0x00,0x00,0x00,0x00,0x00,0x00,
    0x00,0x00,0x00,0x00,0x00,0x00,0x00,0x00,0x00,0x00,0x00,0x00,0x00,0x00,0x00,0x00,0x00,0x00,0x00,0x00,0x00,0x00,0x00,0x00,0x00,0x00,0x00,0x00,0x00,0x00,0x00,0x00,0x00,0x00,0x00,0x00,0x00,0x00,0x00,0x00,0x00,0x00,0x4d,0x4c,0x4c,0x41,0x59,0xae,0x8e,0x7f,0x7f,0x7f,0x98,0xff,0xf2,0xea,0x76,0x75,0x79,0x74,0x79,0x79,0x79,0x76,0x76,0x76,0x7c,0x78,0xd1,0x91,0xb5,0xa8,0xcd,0x78,0x80,0x7c,0x79,0x78,0x74,0x9d,0xd7,0xcd,0xb7,0xad,0x0d,0xbd,0xb5,0xce,0x7b,0x76,0x79,0x78,0x9f,0xd5,0xda,0x7f,0x98,0x8e,0xda,0x2f,0x34,0x42,0x8f,0x5f,0x32,0x00,0x02,0x00,0x00,0x00,0x00,0x00,0x00,0x00,0x00,0x00,0x00,0x00,0x00,0x00,0x00,0x00,0x00,0x00,0x00,0x00,0x00,0x00,0x00,0x00,0x00,0x00,0x00,0x00,0x00,0x00,0x00,0x00,0x00,0x00,0x00,0x00,0x00,0x00,
    0x00,0x00,0x00,0x00,0x00,0x00,0x00,0x00,0x00,0x00,0x00,0x00,0x00,0x00,0x00,0x00,0x00,0x00,0x00,0x00,0x00,0x00,0x00,0x00,0x00,0x00,0x00,0x00,0x00,0x00,0x00,0x00,0x00,0x00,0x00,0x00,0x00,0x00,0x00,0x00,0x01,0x02,0x00,0x00,0x00,0x04,0x2f,0xaf,0x8f,0x8f,0x8f,0x8f,0x7f,0x5c,0xbf,0x76,0x75,0x7c,0x7c,0x7a,0x78,0x78,0x79,0x76,0x76,0x76,0x74,0xd5,0xb5,0x89,0xac,0xac,0xac,0xce,0x7b,0x72,0x76,0x76,0x79,0x9d,0xa7,0x8d,0xcb,0xb4,0xc0,0xa6,0x83,0xa6,0x7a,0x74,0x74,0x78,0x74,0xc1,0xc6,0x8f,0x98,0x98,0x5f,0x5d,0x34,0xaf,0xc6,0x2f,0x0c,0x03,0x01,0x00,0x00,0x00,0x00,0x00,0x00,0x00,0x00,0x00,0x00,0x00,0x00,0x00,0x00,0x00,0x00,0x00,0x00,0x00,0x00,0x00,0x00,0x00,0x00,0x00,0x00,0x00,0x00,0x00,0x00,0x00,0x00,0x00,0x00,0x00,0x00,0x00,
    0x00,0x00,0x00,0x00,0x00,0x00,0x00,0x00,0x00,0x00,0x00,0x00,0x00,0x00,0x00,0x00,0x00,0x00,0x00,0x00,0x00,0x00,0x00,0x00,0x00,0x00,0x00,0x00,0x00,0x00,0x00,0x00,0x00,0x00,0x00,0x00,0x00,0x00,0x00,0x00,0x00,0x00,0x00,0x00,0x39,0x00,0x0c,0x34,0x42,0xb9,0xda,0xb9,0x42,0x2f,0x1d,0x76,0x80,0x7a,0x79,0x7a,0x74,0x74,0x78,0x7a,0x79,0x7a,0x81,0xac,0x95,0x84,0x89,0xb5,0xbd,0xb8,0x7a,0x80,0x76,0x76,0x80,0x88,0xa7,0x7a,0xd0,0x11,0xb0,0xaa,0xa0,0xb0,0x8d,0x81,0x78,0x74,0x79,0x74,0x5c,0x98,0xb9,0x42,0x5d,0x34,0x5c,0x59,0x1e,0x63,0x00,0x01,0x00,0x00,0x00,0x00,0x00,0x00,0x00,0x00,0x00,0x00,0x00,0x00,0x00,0x00,0x00,0x00,0x00,0x00,0x00,0x00,0x00,0x00,0x00,0x00,0x00,0x00,0x00,0x00,0x00,0x00,0x00,0x00,0x00,0x00,0x00,0x00,0x00,0x00,
    0x00,0x00,0x00,0x00,0x00,0x00,0x00,0x00,0x00,0x00,0x00,0x00,0x00,0x00,0x00,0x00,0x00,0x00,0x00,0x00,0x00,0x00,0x00,0x00,0x00,0x00,0x00,0x00,0x00,0x00,0x00,0x00,0x00,0x00,0x00,0x00,0x00,0x00,0x00,0x00,0x00,0x00,0x00,0x00,0x00,0x39,0x00,0x4c,0x5d,0x2f,0x59,0x2f,0x2f,0x19,0x72,0x79,0x74,0x74,0x74,0x78,0x7a,0x80,0x7c,0x76,0x7a,0x76,0x76,0xb4,0x8b,0x73,0x8c,0x0d,0xbb,0xcd,0x79,0x7c,0x76,0x76,0x72,0x75,0xb3,0x7b,0xce,0xb4,0xa6,0x8c,0x73,0x8c,0xc1,0x7a,0x7a,0x72,0x7c,0x7a,0x74,0x59,0x2f,0x5d,0x4c,0x0c,0x2f,0x5d,0x00,0x00,0x01,0x00,0x00,0x00,0x00,0x00,0x00,0x00,0x00,0x00,0x00,0x00,0x00,0x00,0x00,0x00,0x00,0x00,0x00,0x00,0x00,0x00,0x00,0x00,0x00,0x00,0x00,0x00,0x00,0x00,0x00,0x00,0x00,0x00,0x00,0x00,0x00,0x00,0x00,0x00,
    0x00,0x00,0x00,0x00,0x00,0x00,0x00,0x00,0x00,0x00,0x00,0x00,0x00,0x00,0x00,0x00,0x00,0x00,0x00,0x00,0x00,0x00,0x00,0x00,0x00,0x00,0x00,0x00,0x00,0x00,0x00,0x00,0x00,0x00,0x00,0x00,0x00,0x00,0x00,0x00,0x00,0x00,0x00,0x00,0x00,0x00,0x03,0x00,0x02,0x0c,0x41,0x41,0x0b,0x79,0x79,0x74,0x74,0x74,0x7a,0x76,0x76,0x76,0x76,0x79,0x79,0x76,0x7a,0xc0,0x83,0x7e,0x8c,0x8a,0x85,0xd5,0x78,0x7c,0x76,0x76,0x76,0x72,0xb3,0x81,0xc3,0xbd,0xbd,0x7d,0x7d,0xbd,0x8d,0x72,0x79,0x80,0x72,0x74,0x7a,0x1c,0x2e,0x00,0x00,0x00,0x63,0x00,0x03,0x01,0x00,0x00,0x00,0x00,0x00,0x00,0x00,0x00,0x00,0x00,0x00,0x00,0x00,0x00,0x00,0x00,0x00,0x00,0x00,0x00,0x00,0x00,0x00,0x00,0x00,0x00,0x00,0x00,0x00,0x00,0x00,0x00,0x00,0x00,0x00,0x00,0x00,0x00,0x00,0x00,
    0x00,0x00,0x00,0x00,0x00,0x00,0x00,0x00,0x00,0x00,0x00,0x00,0x00,0x00,0x00,0x00,0x00,0x00,0x00,0x00,0x00,0x00,0x00,0x00,0x00,0x00,0x00,0x00,0x00,0x00,0x00,0x00,0x00,0x00,0x00,0x00,0x00,0x00,0x00,0x00,0x00,0x00,0x00,0x00,0x00,0x00,0x00,0x01,0x00,0x39,0x01,0x00,0x0b,0x72,0x06,0x7a,0x74,0x79,0x76,0x76,0x76,0x76,0x79,0x74,0x7a,0x7a,0x81,0xbe,0x91,0x8c,0x7d,0x13,0xa5,0xc1,0x79,0x7c,0x72,0x7a,0x7a,0x78,0xb3,0x7b,0xb8,0xc2,0x13,0x84,0x8b,0xac,0x74,0x76,0x7a,0x76,0x79,0x78,0x06,0x76,0x0b,0x04,0x04,0x01,0x00,0x00,0x00,0x00,0x00,0x00,0x00,0x00,0x00,0x00,0x00,0x00,0x00,0x00,0x00,0x00,0x00,0x00,0x00,0x00,0x00,0x00,0x00,0x00,0x00,0x00,0x00,0x00,0x00,0x00,0x00,0x00,0x00,0x00,0x00,0x00,0x00,0x00,0x00,0x00,0x00,0x00,0x00,0x00,
    0x00,0x00,0x00,0x00,0x00,0x00,0x00,0x00,0x00,0x00,0x00,0x00,0x00,0x00,0x00,0x00,0x00,0x00,0x00,0x00,0x00,0x00,0x00,0x00,0x00,0x00,0x00,0x00,0x00,0x00,0x00,0x00,0x00,0x00,0x00,0x00,0x00,0x00,0x00,0x00,0x00,0x00,0x00,0x00,0x00,0x00,0x00,0x00,0x00,0x01,0x04,0x00,0x4a,0x72,0x06,0x79,0x78,0x76,0x76,0x76,0x76,0x76,0x79,0x74,0x7a,0x76,0x74,0xd5,0x07,0x84,0x89,0x8b,0x84,0xc1,0x7a,0x7c,0x76,0x80,0x80,0x78,0xb2,0x9f,0xc1,0xc2,0x85,0x07,0xc5,0xc1,0x9f,0x76,0x7a,0x76,0x76,0x78,0x72,0x75,0x4b,0x0b,0x01,0x02,0x01,0x00,0x00,0x00,0x00,0x00,0x00,0x00,0x00,0x00,0x00,0x00,0x00,0x00,0x00,0x00,0x00,0x00,0x00,0x00,0x00,0x00,0x00,0x00,0x00,0x00,0x00,0x00,0x00,0x00,0x00,0x00,0x00,0x00,0x00,0x00,0x00,0x00,0x00,0x00,0x00,0x00,0x00,0x00,
    0x00,0x00,0x00,0x00,0x00,0x00,0x00,0x00,0x00,0x00,0x00,0x00,0x00,0x00,0x00,0x00,0x00,0x00,0x00,0x00,0x00,0x00,0x00,0x00,0x00,0x00,0x00,0x00,0x00,0x00,0x00,0x00,0x00,0x00,0x00,0x00,0x00,0x00,0x00,0x00,0x00,0x00,0x00,0x00,0x00,0x00,0x00,0x00,0x00,0x01,0x00,0x2b,0x0e,0x76,0x76,0x78,0x72,0x76,0x76,0x76,0x76,0x76,0x80,0x79,0x7a,0x7c,0x76,0x72,0xb4,0xb5,0x8b,0xcb,0x3e,0x80,0x72,0x76,0x76,0x76,0x75,0x79,0xb2,0x88,0x78,0x74,0x58,0xc5,0x3e,0x7a,0x75,0x80,0x79,0x76,0x76,0x72,0x7a,0x76,0x06,0x14,0x04,0x00,0x00,0x00,0x00,0x00,0x00,0x00,0x00,0x00,0x00,0x00,0x00,0x00,0x00,0x00,0x00,0x00,0x00,0x00,0x00,0x00,0x00,0x00,0x00,0x00,0x00,0x00,0x00,0x00,0x00,0x00,0x00,0x00,0x00,0x00,0x00,0x00,0x00,0x00,0x00,0x00,0x00,0x00,0x00,0x00,
    0x00,0x00,0x00,0x00,0x00,0x00,0x00,0x00,0x00,0x00,0x00,0x00,0x00,0x00,0x00,0x00,0x00,0x00,0x00,0x00,0x00,0x00,0x00,0x00,0x00,0x00,0x00,0x00,0x00,0x00,0x00,0x00,0x00,0x00,0x00,0x00,0x00,0x00,0x00,0x00,0x00,0x00,0x00,0x00,0x00,0x00,0x00,0x00,0x01,0x00,0x0c,0x4a,0x06,0x76,0x79,0x7a,0x76,0x76,0x76,0x76,0x76,0x76,0x76,0x7c,0x79,0x80,0x7c,0x78,0xc1,0xa6,0xee,0x81,0x81,0x74,0x79,0x72,0x76,0x76,0x7c,0x79,0xb3,0xbf,0x79,0x78,0x79,0xcd,0x80,0x76,0x76,0x7a,0x72,0x76,0x76,0x76,0x72,0x76,0x18,0x14,0x0a,0x00,0x00,0x00,0x00,0x00,0x00,0x00,0x00,0x00,0x00,0x00,0x00,0x00,0x00,0x00,0x00,0x00,0x00,0x00,0x00,0x00,0x00,0x00,0x00,0x00,0x00,0x00,0x00,0x00,0x00,0x00,0x00,0x00,0x00,0x00,0x00,0x00,0x00,0x00,0x00,0x00,0x00,0x00,0x00,0x00,
    0x00,0x00,0x00,0x00,0x00,0x00,0x00,0x00,0x00,0x00,0x00,0x00,0x00,0x00,0x00,0x00,0x00,0x00,0x00,0x00,0x00,0x00,0x00,0x00,0x00,0x00,0x00,0x00,0x00,0x00,0x00,0x00,0x00,0x00,0x00,0x00,0x00,0x00,0x00,0x00,0x00,0x00,0x00,0x00,0x00,0x00,0x00,0x00,0x01,0x00,0x0c,0x1a,0x7c,0x76,0x7c,0x76,0x76,0x76,0x76,0x76,0x76,0x76,0x76,0x76,0x80,0x7a,0x76,0x76,0x7a,0x78,0x7b,0x74,0x72,0x79,0x7a,0x78,0x7a,0x76,0x76,0x7a,0xa7,0x9d,0x7b,0x79,0x76,0x9f,0x76,0x76,0x79,0x80,0x76,0x76,0x76,0x76,0x7c,0x7c,0x18,0x14,0x0a,0x00,0x00,0x00,0x00,0x00,0x00,0x00,0x00,0x00,0x00,0x00,0x00,0x00,0x00,0x00,0x00,0x00,0x00,0x00,0x00,0x00,0x00,0x00,0x00,0x00,0x00,0x00,0x00,0x00,0x00,0x00,0x00,0x00,0x00,0x00,0x00,0x00,0x00,0x00,0x00,0x00,0x00,0x00,0x00,0x00,
    0x00,0x00,0x00,0x00,0x00,0x00,0x00,0x00,0x00,0x00,0x00,0x00,0x00,0x00,0x00,0x00,0x00,0x00,0x00,0x00,0x00,0x00,0x00,0x00,0x00,0x00,0x00,0x00,0x00,0x00,0x00,0x00,0x00,0x00,0x00,0x00,0x00,0x00,0x00,0x00,0x00,0x00,0x00,0x00,0x00,0x00,0x00,0x00,0x01,0x00,0x0c,0x15,0x7c,0x7c,0x7c,0x76,0x76,0x7c,0x76,0x76,0x76,0x76,0x76,0x76,0x76,0x7a,0x80,0x76,0x7c,0x7c,0x79,0x78,0x76,0x76,0x76,0x76,0x72,0x76,0x7c,0x74,0xb3,0xa7,0x81,0x78,0x78,0x78,0x79,0x80,0x79,0x76,0x76,0x7c,0x75,0x75,0x75,0x7c,0x18,0x14,0x0a,0x00,0x00,0x00,0x00,0x00,0x00,0x00,0x00,0x00,0x00,0x00,0x00,0x00,0x00,0x00,0x00,0x00,0x00,0x00,0x00,0x00,0x00,0x00,0x00,0x00,0x00,0x00,0x00,0x00,0x00,0x00,0x00,0x00,0x00,0x00,0x00,0x00,0x00,0x00,0x00,0x00,0x00,0x00,0x00,0x00,
    0x00,0x00,0x00,0x00,0x00,0x00,0x00,0x00,0x00,0x00,0x00,0x00,0x00,0x00,0x00,0x00,0x00,0x00,0x00,0x00,0x00,0x00,0x00,0x00,0x00,0x00,0x00,0x00,0x00,0x00,0x00,0x00,0x00,0x00,0x00,0x00,0x00,0x00,0x00,0x00,0x00,0x00,0x00,0x00,0x00,0x00,0x00,0x00,0x00,0x01,0x04,0x15,0x18,0x7c,0x7c,0x7c,0x75,0x75,0x75,0x76,0x76,0x76,0x76,0x76,0x76,0x76,0x7a,0x79,0x79,0x7a,0x80,0x9d,0x72,0x7c,0x76,0x76,0x76,0x76,0x7c,0x74,0x99,0x99,0x81,0x78,0x74,0x74,0x74,0x80,0x76,0x76,0x75,0x75,0x75,0x75,0x88,0x75,0x18,0x14,0x0a,0x00,0x00,0x00,0x00,0x00,0x00,0x00,0x00,0x00,0x00,0x00,0x00,0x00,0x00,0x00,0x00,0x00,0x00,0x00,0x00,0x00,0x00,0x00,0x00,0x00,0x00,0x00,0x00,0x00,0x00,0x00,0x00,0x00,0x00,0x00,0x00,0x00,0x00,0x00,0x00,0x00,0x00,0x00,0x00,0x00,
    0x00,0x00,0x00,0x00,0x00,0x00,0x00,0x00,0x00,0x00,0x00,0x00,0x00,0x00,0x00,0x00,0x00,0x00,0x00,0x00,0x00,0x00,0x00,0x00,0x00,0x00,0x00,0x00,0x00,0x00,0x00,0x00,0x00,0x00,0x00,0x00,0x00,0x00,0x00,0x00,0x00,0x00,0x00,0x00,0x00,0x00,0x00,0x00,0x00,0x01,0x00,0x0c,0x0e,0x75,0x75,0x7c,0x75,0x75,0x75,0x7c,0x76,0x76,0x76,0x76,0x76,0x76,0x72,0x78,0x74,0x74,0x9f,0x9d,0x76,0x88,0x75,0x7c,0x76,0x76,0x76,0x7a,0x9d,0xd7,0x81,0x78,0x7a,0x7a,0x72,0x76,0x76,0x76,0x75,0x75,0x75,0x75,0xa2,0x88,0x1c,0x2a,0x02,0x02,0x00,0x00,0x00,0x00,0x00,0x00,0x00,0x00,0x00,0x00,0x00,0x00,0x00,0x00,0x00,0x00,0x00,0x00,0x00,0x00,0x00,0x00,0x00,0x00,0x00,0x00,0x00,0x00,0x00,0x00,0x00,0x00,0x00,0x00,0x00,0x00,0x00,0x00,0x00,0x00,0x00,0x00,0x00,0x00,
    0x00,0x00,0x00,0x00,0x00,0x00,0x00,0x00,0x00,0x00,0x00,0x00,0x00,0x00,0x00,0x00,0x00,0x00,0x00,0x00,0x00,0x00,0x00,0x00,0x00,0x00,0x00,0x00,0x00,0x00,0x00,0x00,0x00,0x00,0x00,0x00,0x00,0x00,0x00,0x00,0x00,0x00,0x00,0x00,0x00,0x00,0x00,0x00,0x00,0x00,0x04,0x00,0x1a,0x7c,0x88,0x75,0x7c,0x7c,0x75,0x7c,0x7c,0x75,0x75,0x7c,0x76,0x76,0x76,0x76,0x79,0x81,0x99,0xb2,0x7a,0x75,0x7c,0x75,0x75,0x76,0x7c,0x78,0xb3,0x99,0x7b,0x79,0x80,0x7c,0x76,0x76,0x76,0x7c,0x75,0x75,0x75,0x75,0x88,0x7c,0x19,0x12,0x02,0x02,0x00,0x00,0x00,0x00,0x00,0x00,0x00,0x00,0x00,0x00,0x00,0x00,0x00,0x00,0x00,0x00,0x00,0x00,0x00,0x00,0x00,0x00,0x00,0x00,0x00,0x00,0x00,0x00,0x00,0x00,0x00,0x00,0x00,0x00,0x00,0x00,0x00,0x00,0x00,0x00,0x00,0x00,0x00,0x00,
    0x00,0x00,0x00,0x00,0x00,0x00,0x00,0x00,0x00,0x00,0x00,0x00,0x00,0x00,0x00,0x00,0x00,0x00,0x00,0x00,0x00,0x00,0x00,0x00,0x00,0x00,0x00,0x00,0x00,0x00,0x00,0x00,0x00,0x00,0x00,0x00,0x00,0x00,0x00,0x00,0x00,0x00,0x00,0x00,0x00,0x00,0x00,0x00,0x00,0x01,0x02,0x12,0x15,0x76,0x88,0x7c,0x75,0x75,0x75,0x75,0x75,0x75,0x7c,0x76,0x76,0x76,0x76,0x76,0x79,0x7b,0xb2,0xb6,0x7a,0x76,0x76,0x7c,0x7c,0x7c,0x7c,0x7a,0xa7,0x99,0x79,0x75,0x78,0x80,0x76,0x76,0x7c,0x75,0x76,0x76,0x76,0x76,0x06,0x80,0x2e,0x00,0x02,0x00,0x00,0x00,0x00,0x00,0x00,0x00,0x00,0x00,0x00,0x00,0x00,0x00,0x00,0x00,0x00,0x00,0x00,0x00,0x00,0x00,0x00,0x00,0x00,0x00,0x00,0x00,0x00,0x00,0x00,0x00,0x00,0x00,0x00,0x00,0x00,0x00,0x00,0x00,0x00,0x00,0x00,0x00,0x00,0x00,
    0x00,0x00,0x00,0x00,0x00,0x00,0x00,0x00,0x00,0x00,0x00,0x00,0x00,0x00,0x00,0x00,0x00,0x00,0x00,0x00,0x00,0x00,0x00,0x00,0x00,0x00,0x00,0x00,0x00,0x00,0x00,0x00,0x00,0x00,0x00,0x00,0x00,0x00,0x00,0x00,0x00,0x00,0x00,0x00,0x00,0x00,0x00,0x00,0x00,0x00,0x01,0x04,0x09,0x4b,0x76,0x72,0x76,0x76,0x7c,0x7c,0x76,0x76,0x76,0x76,0x76,0x76,0x72,0x7a,0x79,0x72,0xdc,0x72,0x80,0x76,0x76,0x76,0x76,0x76,0x76,0x76,0xdc,0xd7,0x76,0x88,0x7c,0x7a,0x79,0x76,0x76,0x76,0x76,0x76,0x06,0x72,0x72,0x4b,0x0b,0x01,0x02,0x00,0x00,0x00,0x00,0x00,0x00,0x00,0x00,0x00,0x00,0x00,0x00,0x00,0x00,0x00,0x00,0x00,0x00,0x00,0x00,0x00,0x00,0x00,0x00,0x00,0x00,0x00,0x00,0x00,0x00,0x00,0x00,0x00,0x00,0x00,0x00,0x00,0x00,0x00,0x00,0x00,0x00,0x00,0x00,0x00,
    0x00,0x00,0x00,0x00,0x00,0x00,0x00,0x00,0x00,0x00,0x00,0x00,0x00,0x00,0x00,0x00,0x00,0x00,0x00,0x00,0x00,0x00,0x00,0x00,0x00,0x00,0x00,0x00,0x00,0x00,0x00,0x00,0x00,0x00,0x00,0x00,0x00,0x00,0x00,0x00,0x00,0x00,0x00,0x00,0x00,0x00,0x00,0x00,0x00,0x00,0x01,0x00,0x0c,0x09,0x15,0x80,0x76,0x76,0x76,0x76,0x76,0x76,0x76,0x72,0x80,0x79,0x78,0x80,0x76,0x76,0x72,0x76,0x76,0x76,0x76,0x76,0x76,0x76,0x76,0x76,0x72,0x7c,0x7c,0x76,0x76,0x76,0x78,0x7a,0x72,0x76,0x76,0x76,0x72,0x18,0x19,0x2a,0x0a,0x02,0x01,0x00,0x00,0x00,0x00,0x00,0x00,0x00,0x00,0x00,0x00,0x00,0x00,0x00,0x00,0x00,0x00,0x00,0x00,0x00,0x00,0x00,0x00,0x00,0x00,0x00,0x00,0x00,0x00,0x00,0x00,0x00,0x00,0x00,0x00,0x00,0x00,0x00,0x00,0x00,0x00,0x00,0x00,0x00,0x00,0x00,
    0x00,0x00,0x00,0x00,0x00,0x00,0x00,0x00,0x00,0x00,0x00,0x00,0x00,0x00,0x00,0x00,0x00,0x00,0x00,0x00,0x00,0x00,0x00,0x00,0x00,0x00,0x00,0x00,0x00,0x00,0x00,0x00,0x00,0x00,0x00,0x00,0x00,0x00,0x00,0x00,0x00,0x00,0x00,0x00,0x00,0x00,0x00,0x00,0x00,0x00,0x00,0x00,0x00,0x00,0x0a,0x1c,0x79,0x80,0x72,0x72,0x76,0x76,0x79,0x74,0x74,0x7a,0x76,0x76,0x76,0x76,0x76,0x76,0x76,0x76,0x76,0x76,0x76,0x76,0x76,0x76,0x72,0x80,0x76,0x76,0x76,0x76,0x76,0x80,0x79,0x78,0x7a,0x0e,0x19,0x20,0x00,0x04,0x00,0x01,0x00,0x00,0x00,0x00,0x00,0x00,0x00,0x00,0x00,0x00,0x00,0x00,0x00,0x00,0x00,0x00,0x00,0x00,0x00,0x00,0x00,0x00,0x00,0x00,0x00,0x00,0x00,0x00,0x00,0x00,0x00,0x00,0x00,0x00,0x00,0x00,0x00,0x00,0x00,0x00,0x00,0x00,0x00,0x00,0x00,0x00,
    0x00,0x00,0x00,0x00,0x00,0x00,0x00,0x00,0x00,0x00,0x00,0x00,0x00,0x00,0x00,0x00,0x00,0x00,0x00,0x00,0x00,0x00,0x00,0x00,0x00,0x00,0x00,0x00,0x00,0x00,0x00,0x00,0x00,0x00,0x00,0x00,0x00,0x00,0x00,0x00,0x00,0x00,0x00,0x00,0x00,0x00,0x00,0x00,0x00,0x00,0x00,0x00,0x04,0x00,0x2e,0x80,0x06,0x7a,0x7a,0x74,0x78,0x78,0x79,0x80,0x7a,0x79,0x76,0x76,0x76,0x76,0x76,0x76,0x76,0x76,0x76,0x76,0x76,0x76,0x76,0x76,0x76,0x76,0x76,0x76,0x76,0x76,0x76,0x76,0x76,0x06,0x7a,0x2a,0x00,0x00,0x02,0x00,0x00,0x00,0x00,0x00,0x00,0x00,0x00,0x00,0x00,0x00,0x00,0x00,0x00,0x00,0x00,0x00,0x00,0x00,0x00,0x00,0x00,0x00,0x00,0x00,0x00,0x00,0x00,0x00,0x00,0x00,0x00,0x00,0x00,0x00,0x00,0x00,0x00,0x00,0x00,0x00,0x00,0x00,0x00,0x00,0x00,0x00,0x00,0x00,
    0x00,0x00,0x00,0x00,0x00,0x00,0x00,0x00,0x00,0x00,0x00,0x00,0x00,0x00,0x00,0x00,0x00,0x00,0x00,0x00,0x00,0x00,0x00,0x00,0x00,0x00,0x00,0x00,0x00,0x00,0x00,0x00,0x00,0x00,0x00,0x00,0x00,0x00,0x00,0x00,0x00,0x00,0x00,0x00,0x00,0x00,0x00,0x00,0x00,0x00,0x00,0x02,0x01,0x20,0x15,0x75,0x7c,0x76,0x76,0x79,0x79,0x76,0x7c,0x75,0x76,0x79,0x7a,0x79,0x76,0x76,0x76,0x76,0x76,0x76,0x76,0x76,0x76,0x76,0x76,0x76,0x76,0x76,0x76,0x76,0x76,0x76,0x76,0x76,0x76,0x06,0x80,0x1a,0x01,0x04,0x00,0x01,0x00,0x00,0x00,0x00,0x00,0x00,0x00,0x00,0x00,0x00,0x00,0x00,0x00,0x00,0x00,0x00,0x00,0x00,0x00,0x00,0x00,0x00,0x00,0x00,0x00,0x00,0x00,0x00,0x00,0x00,0x00,0x00,0x00,0x00,0x00,0x00,0x00,0x00,0x00,0x00,0x00,0x00,0x00,0x00,0x00,0x00,0x00,0x00,
    0x00,0x00,0x00,0x00,0x00,0x00,0x00,0x00,0x00,0x00,0x00,0x00,0x00,0x00,0x00,0x00,0x00,0x00,0x00,0x00,0x00,0x00,0x00,0x00,0x00,0x00,0x00,0x00,0x00,0x00,0x00,0x00,0x00,0x00,0x00,0x00,0x00,0x00,0x00,0x00,0x00,0x00,0x00,0x00,0x00,0x00,0x00,0x00,0x00,0x00,0x00,0x01,0x00,0x2a,0x06,0x75,0x88,0x76,0x76,0x76,0x76,0x76,0x76,0x76,0x76,0x76,0x80,0x7a,0x78,0x80,0x76,0x76,0x76,0x76,0x76,0x76,0x76,0x76,0x76,0x76,0x76,0x76,0x76,0x76,0x76,0x76,0x76,0x76,0x76,0x76,0x76,0x0e,0x04,0x01,0x00,0x00,0x00,0x00,0x00,0x00,0x00,0x00,0x00,0x00,0x00,0x00,0x00,0x00,0x00,0x00,0x00,0x00,0x00,0x00,0x00,0x00,0x00,0x00,0x00,0x00,0x00,0x00,0x00,0x00,0x00,0x00,0x00,0x00,0x00,0x00,0x00,0x00,0x00,0x00,0x00,0x00,0x00,0x00,0x00,0x00,0x00,0x00,0x00,0x00,
    0x00,0x00,0x00,0x00,0x00,0x00,0x00,0x00,0x00,0x00,0x00,0x00,0x00,0x00,0x00,0x00,0x00,0x00,0x00,0x00,0x00,0x00,0x00,0x00,0x00,0x00,0x00,0x00,0x00,0x00,0x00,0x00,0x00,0x00,0x00,0x00,0x00,0x00,0x00,0x00,0x00,0x00,0x00,0x00,0x00,0x00,0x00,0x00,0x00,0x00,0x00,0x02,0x01,0x09,0x18,0x75,0x75,0x76,0x76,0x76,0x76,0x76,0x76,0x76,0x76,0x76,0x76,0x76,0x7a,0x74,0x78,0x80,0x72,0x72,0x80,0x80,0x72,0x72,0x79,0x79,0x76,0x76,0x76,0x76,0x76,0x76,0x76,0x76,0x76,0x76,0x06,0x72,0x0b,0x01,0x04,0x00,0x00,0x00,0x00,0x00,0x00,0x00,0x00,0x00,0x00,0x00,0x00,0x00,0x00,0x00,0x00,0x00,0x00,0x00,0x00,0x00,0x00,0x00,0x00,0x00,0x00,0x00,0x00,0x00,0x00,0x00,0x00,0x00,0x00,0x00,0x00,0x00,0x00,0x00,0x00,0x00,0x00,0x00,0x00,0x00,0x00,0x00,0x00,0x00,
    0x00,0x00,0x00,0x00,0x00,0x00,0x00,0x00,0x00,0x00,0x00,0x00,0x00,0x00,0x00,0x00,0x00,0x00,0x00,0x00,0x00,0x00,0x00,0x00,0x00,0x00,0x00,0x00,0x00,0x00,0x00,0x00,0x00,0x00,0x00,0x00,0x00,0x00,0x00,0x00,0x00,0x00,0x00,0x00,0x00,0x00,0x00,0x00,0x00,0x00,0x00,0x04,0x00,0x0b,0x76,0x88,0x75,0x75,0x7c,0x76,0x76,0x76,0x76,0x76,0x76,0x76,0x76,0x76,0x76,0x80,0x78,0x7a,0x78,0x74,0x74,0x74,0x78,0x78,0x7a,0x80,0x76,0x76,0x76,0x76,0x76,0x76,0x76,0x76,0x76,0x76,0x06,0x76,0x19,0x00,0x04,0x00,0x00,0x00,0x00,0x00,0x00,0x00,0x00,0x00,0x00,0x00,0x00,0x00,0x00,0x00,0x00,0x00,0x00,0x00,0x00,0x00,0x00,0x00,0x00,0x00,0x00,0x00,0x00,0x00,0x00,0x00,0x00,0x00,0x00,0x00,0x00,0x00,0x00,0x00,0x00,0x00,0x00,0x00,0x00,0x00,0x00,0x00,0x00,0x00,
    0x00,0x00,0x00,0x00,0x00,0x00,0x00,0x00,0x00,0x00,0x00,0x00,0x00,0x00,0x00,0x00,0x00,0x00,0x00,0x00,0x00,0x00,0x00,0x00,0x00,0x00,0x00,0x00,0x00,0x00,0x00,0x00,0x00,0x00,0x00,0x00,0x00,0x00,0x00,0x00,0x00,0x00,0x00,0x00,0x00,0x00,0x00,0x00,0x00,0x00,0x01,0x02,0x02,0x1a,0x72,0x88,0x75,0x75,0x75,0x75,0x7c,0x76,0x76,0x76,0x76,0x76,0x76,0x76,0x7c,0x7c,0x76,0x76,0x72,0x80,0x79,0x80,0x72,0x76,0x76,0x76,0x76,0x76,0x76,0x76,0x76,0x76,0x76,0x76,0x7c,0x7c,0x76,0x76,0x1d,0x2b,0x00,0x01,0x00,0x00,0x00,0x00,0x00,0x00,0x00,0x00,0x00,0x00,0x00,0x00,0x00,0x00,0x00,0x00,0x00,0x00,0x00,0x00,0x00,0x00,0x00,0x00,0x00,0x00,0x00,0x00,0x00,0x00,0x00,0x00,0x00,0x00,0x00,0x00,0x00,0x00,0x00,0x00,0x00,0x00,0x00,0x00,0x00,0x00,0x00,0x00,
    0x00,0x00,0x00,0x00,0x00,0x00,0x00,0x00,0x00,0x00,0x00,0x00,0x00,0x00,0x00,0x00,0x00,0x00,0x00,0x00,0x00,0x00,0x00,0x00,0x00,0x00,0x00,0x00,0x00,0x00,0x00,0x00,0x00,0x00,0x00,0x00,0x00,0x00,0x00,0x00,0x00,0x00,0x00,0x00,0x00,0x00,0x00,0x00,0x00,0x00,0x02,0x00,0x14,0x1c,0x75,0x88,0x75,0x75,0x75,0x75,0x7c,0x76,0x76,0x76,0x76,0x76,0x76,0x76,0x7c,0x75,0x7c,0x7c,0x76,0x76,0x76,0x76,0x76,0x76,0x76,0x76,0x76,0x76,0x76,0x76,0x76,0x76,0x76,0x7c,0x75,0x75,0x76,0x7c,0x06,0x19,0x0a,0x01,0x01,0x00,0x00,0x00,0x00,0x00,0x00,0x00,0x00,0x00,0x00,0x00,0x00,0x00,0x00,0x00,0x00,0x00,0x00,0x00,0x00,0x00,0x00,0x00,0x00,0x00,0x00,0x00,0x00,0x00,0x00,0x00,0x00,0x00,0x00,0x00,0x00,0x00,0x00,0x00,0x00,0x00,0x00,0x00,0x00,0x00,0x00,0x00,
    0x00,0x00,0x00,0x00,0x00,0x00,0x00,0x00,0x00,0x00,0x00,0x00,0x00,0x00,0x00,0x00,0x00,0x00,0x00,0x00,0x00,0x00,0x00,0x00,0x00,0x00,0x00,0x00,0x00,0x00,0x00,0x00,0x00,0x00,0x00,0x00,0x00,0x00,0x00,0x00,0x00,0x00,0x00,0x00,0x00,0x00,0x00,0x00,0x00,0x00,0x00,0x04,0x1a,0x18,0x75,0x75,0x75,0x75,0x75,0x75,0x76,0x76,0x76,0x7c,0x7c,0x76,0x76,0x76,0x76,0x76,0x76,0x7c,0x76,0x76,0x76,0x76,0x76,0x76,0x7c,0x7c,0x76,0x76,0x76,0x76,0x76,0x76,0x76,0x75,0x75,0x75,0x7c,0x7c,0x76,0x4a,0x09,0x00,0x02,0x00,0x00,0x00,0x00,0x00,0x00,0x00,0x00,0x00,0x00,0x00,0x00,0x00,0x00,0x00,0x00,0x00,0x00,0x00,0x00,0x00,0x00,0x00,0x00,0x00,0x00,0x00,0x00,0x00,0x00,0x00,0x00,0x00,0x00,0x00,0x00,0x00,0x00,0x00,0x00,0x00,0x00,0x00,0x00,0x00,0x00,0x00,
    0x00,0x00,0x00,0x00,0x00,0x00,0x00,0x00,0x00,0x00,0x00,0x00,0x00,0x00,0x00,0x00,0x00,0x00,0x00,0x00,0x00,0x00,0x00,0x00,0x00,0x00,0x00,0x00,0x00,0x00,0x00,0x00,0x00,0x00,0x00,0x00,0x00,0x00,0x00,0x00,0x00,0x00,0x00,0x00,0x00,0x00,0x00,0x00,0x00,0x00,0x00,0x0a,0x14,0x18,0x7c,0x75,0x75,0x75,0x75,0x75,0x76,0x76,0x75,0x75,0x75,0x75,0x75,0x76,0x76,0x76,0x76,0x72,0x76,0x75,0x75,0x75,0x7c,0x7c,0x75,0x75,0x7c,0x76,0x76,0x76,0x76,0x76,0x76,0x75,0x75,0x75,0x75,0x7c,0x75,0x1a,0x12,0x01,0x02,0x00,0x00,0x00,0x00,0x00,0x00,0x00,0x00,0x00,0x00,0x00,0x00,0x00,0x00,0x00,0x00,0x00,0x00,0x00,0x00,0x00,0x00,0x00,0x00,0x00,0x00,0x00,0x00,0x00,0x00,0x00,0x00,0x00,0x00,0x00,0x00,0x00,0x00,0x00,0x00,0x00,0x00,0x00,0x00,0x00,0x00,0x00,
    0x00,0x00,0x00,0x00,0x00,0x00,0x00,0x00,0x00,0x00,0x00,0x00,0x00,0x00,0x00,0x00,0x00,0x00,0x00,0x00,0x00,0x00,0x00,0x00,0x00,0x00,0x00,0x00,0x00,0x00,0x00,0x00,0x00,0x00,0x00,0x00,0x00,0x00,0x00,0x00,0x00,0x00,0x00,0x00,0x00,0x00,0x00,0x00,0x00,0x00,0x00,0x04,0x1a,0x18,0x7c,0x7c,0x75,0x75,0x75,0x75,0x7c,0x7c,0x75,0x75,0x75,0x75,0x75,0x75,0x7c,0x76,0x76,0x7c,0x7c,0x75,0x75,0x75,0x75,0x75,0x75,0x75,0x7c,0x76,0x76,0x76,0x76,0x76,0x75,0x7c,0x75,0x7c,0x76,0x06,0x7c,0x0b,0x00,0x04,0x00,0x00,0x00,0x00,0x00,0x00,0x00,0x00,0x00,0x00,0x00,0x00,0x00,0x00,0x00,0x00,0x00,0x00,0x00,0x00,0x00,0x00,0x00,0x00,0x00,0x00,0x00,0x00,0x00,0x00,0x00,0x00,0x00,0x00,0x00,0x00,0x00,0x00,0x00,0x00,0x00,0x00,0x00,0x00,0x00,0x00,0x00,0x00,
    0x00,0x00,0x00,0x00,0x00,0x00,0x00,0x00,0x00,0x00,0x00,0x00,0x00,0x00,0x00,0x00,0x00,0x00,0x00,0x00,0x00,0x00,0x00,0x00,0x00,0x00,0x00,0x00,0x00,0x00,0x00,0x00,0x00,0x00,0x00,0x00,0x00,0x00,0x00,0x00,0x00,0x00,0x00,0x00,0x00,0x00,0x00,0x00,0x00,0x00,0x02,0x01,0x1a,0x18,0x76,0x76,0x7c,0x75,0x7c,0x7c,0x75,0x75,0x75,0x75,0x75,0x75,0x75,0x75,0x75,0x75,0x75,0x75,0x75,0x75,0x75,0x75,0x75,0x75,0x75,0x75,0x7c,0x76,0x76,0x76,0x76,0x7c,0x75,0x75,0x7c,0x76,0x76,0x06,0x06,0x20,0x00,0x02,0x00,0x00,0x00,0x00,0x00,0x00,0x00,0x00,0x00,0x00,0x00,0x00,0x00,0x00,0x00,0x00,0x00,0x00,0x00,0x00,0x00,0x00,0x00,0x00,0x00,0x00,0x00,0x00,0x00,0x00,0x00,0x00,0x00,0x00,0x00,0x00,0x00,0x00,0x00,0x00,0x00,0x00,0x00,0x00,0x00,0x00,0x00,0x00,
    0x00,0x00,0x00,0x00,0x00,0x00,0x00,0x00,0x00,0x00,0x00,0x00,0x00,0x00,0x00,0x00,0x00,0x00,0x00,0x00,0x00,0x00,0x00,0x00,0x00,0x00,0x00,0x00,0x00,0x00,0x00,0x00,0x00,0x00,0x00,0x00,0x00,0x00,0x00,0x00,0x00,0x00,0x00,0x00,0x00,0x00,0x00,0x00,0x00,0x00,0x02,0x00,0x09,0x1c,0x06,0x76,0x76,0x75,0x7c,0x76,0x76,0x76,0x72,0x79,0x79,0x72,0x76,0x7c,0x7c,0x75,0x75,0x7c,0x75,0x75,0x75,0x75,0x75,0x75,0x75,0x88,0x7c,0x76,0x76,0x72,0x80,0x79,0x79,0x72,0x72,0x72,0x76,0x76,0x38,0x0a,0x00,0x01,0x00,0x00,0x00,0x00,0x00,0x00,0x00,0x00,0x00,0x00,0x00,0x00,0x00,0x00,0x00,0x00,0x00,0x00,0x00,0x00,0x00,0x00,0x00,0x00,0x00,0x00,0x00,0x00,0x00,0x00,0x00,0x00,0x00,0x00,0x00,0x00,0x00,0x00,0x00,0x00,0x00,0x00,0x00,0x00,0x00,0x00,0x00,0x00,
    0x00,0x00,0x00,0x00,0x00,0x00,0x00,0x00,0x00,0x00,0x00,0x00,0x00,0x00,0x00,0x00,0x00,0x00,0x00,0x00,0x00,0x00,0x00,0x00,0x00,0x00,0x00,0x00,0x00,0x00,0x00,0x00,0x00,0x00,0x00,0x00,0x00,0x00,0x00,0x00,0x00,0x00,0x00,0x00,0x00,0x00,0x00,0x00,0x00,0x00,0x00,0x01,0x00,0x0b,0x38,0x80,0x80,0x79,0x79,0x79,0x78,0x74,0x74,0x74,0x74,0x74,0x74,0x78,0x79,0x72,0x75,0x7c,0x7c,0x7c,0x75,0x7c,0x7c,0x7c,0x7c,0x72,0x79,0x78,0x78,0x74,0x74,0x74,0x74,0x74,0x74,0x74,0x08,0x7a,0x19,0x04,0x02,0x00,0x00,0x00,0x00,0x00,0x00,0x00,0x00,0x00,0x00,0x00,0x00,0x00,0x00,0x00,0x00,0x00,0x00,0x00,0x00,0x00,0x00,0x00,0x00,0x00,0x00,0x00,0x00,0x00,0x00,0x00,0x00,0x00,0x00,0x00,0x00,0x00,0x00,0x00,0x00,0x00,0x00,0x00,0x00,0x00,0x00,0x00,0x00,0x00,
    0x00,0x00,0x00,0x00,0x00,0x00,0x00,0x00,0x00,0x00,0x00,0x00,0x00,0x00,0x00,0x00,0x00,0x00,0x00,0x00,0x00,0x00,0x00,0x00,0x00,0x00,0x00,0x00,0x00,0x00,0x00,0x00,0x00,0x00,0x00,0x00,0x00,0x00,0x00,0x00,0x00,0x00,0x00,0x00,0x00,0x00,0x00,0x00,0x00,0x00,0x00,0x01,0x02,0x04,0x0b,0x80,0x72,0x7a,0x78,0x74,0x74,0x74,0x74,0x74,0x78,0x7a,0x7a,0x80,0x79,0x7a,0x7a,0x7a,0x7a,0x78,0x7a,0x78,0x74,0x74,0x74,0x74,0x74,0x74,0x74,0x74,0x78,0x7a,0x78,0x78,0x78,0x74,0x78,0x1c,0x12,0x00,0x01,0x00,0x00,0x00,0x00,0x00,0x00,0x00,0x00,0x00,0x00,0x00,0x00,0x00,0x00,0x00,0x00,0x00,0x00,0x00,0x00,0x00,0x00,0x00,0x00,0x00,0x00,0x00,0x00,0x00,0x00,0x00,0x00,0x00,0x00,0x00,0x00,0x00,0x00,0x00,0x00,0x00,0x00,0x00,0x00,0x00,0x00,0x00,0x00,0x00,
    0x00,0x00,0x00,0x00,0x00,0x00,0x00,0x00,0x00,0x00,0x00,0x00,0x00,0x00,0x00,0x00,0x00,0x00,0x00,0x00,0x00,0x00,0x00,0x00,0x00,0x00,0x00,0x00,0x00,0x00,0x00,0x00,0x00,0x00,0x00,0x00,0x00,0x00,0x00,0x00,0x00,0x00,0x00,0x00,0x00,0x00,0x00,0x00,0x00,0x00,0x00,0x00,0x00,0x02,0x00,0x0b,0x78,0x79,0x7a,0x7a,0x80,0x72,0x7a,0x80,0x76,0x75,0x75,0x88,0x88,0x75,0x76,0x80,0x80,0x79,0x79,0x79,0x79,0x79,0x79,0x79,0x7a,0x80,0x80,0x72,0x76,0x76,0x79,0x7a,0x72,0x80,0x78,0x2a,0x00,0x02,0x00,0x00,0x00,0x00,0x00,0x00,0x00,0x00,0x00,0x00,0x00,0x00,0x00,0x00,0x00,0x00,0x00,0x00,0x00,0x00,0x00,0x00,0x00,0x00,0x00,0x00,0x00,0x00,0x00,0x00,0x00,0x00,0x00,0x00,0x00,0x00,0x00,0x00,0x00,0x00,0x00,0x00,0x00,0x00,0x00,0x00,0x00,0x00,0x00,0x00,
    0x00,0x00,0x00,0x00,0x00,0x00,0x00,0x00,0x00,0x00,0x00,0x00,0x00,0x00,0x00,0x00,0x00,0x00,0x00,0x00,0x00,0x00,0x00,0x00,0x00,0x00,0x00,0x00,0x00,0x00,0x00,0x00,0x00,0x00,0x00,0x00,0x00,0x00,0x00,0x00,0x00,0x00,0x00,0x00,0x00,0x00,0x00,0x00,0x00,0x00,0x00,0x00,0x00,0x01,0x04,0x04,0x0e,0x76,0x76,0x76,0x7c,0x75,0x7c,0x7c,0x7c,0x7c,0x75,0x75,0x7c,0x7c,0x76,0x7c,0x75,0x75,0x88,0x88,0x75,0x75,0x75,0x75,0x75,0x7c,0x75,0x75,0x75,0x7c,0x7c,0x76,0x76,0x06,0x7a,0x14,0x01,0x04,0x00,0x00,0x00,0x00,0x00,0x00,0x00,0x00,0x00,0x00,0x00,0x00,0x00,0x00,0x00,0x00,0x00,0x00,0x00,0x00,0x00,0x00,0x00,0x00,0x00,0x00,0x00,0x00,0x00,0x00,0x00,0x00,0x00,0x00,0x00,0x00,0x00,0x00,0x00,0x00,0x00,0x00,0x00,0x00,0x00,0x00,0x00,0x00,0x00,0x00,
    0x00,0x00,0x00,0x00,0x00,0x00,0x00,0x00,0x00,0x00,0x00,0x00,0x00,0x00,0x00,0x00,0x00,0x00,0x00,0x00,0x00,0x00,0x00,0x00,0x00,0x00,0x00,0x00,0x00,0x00,0x00,0x00,0x00,0x00,0x00,0x00,0x00,0x00,0x00,0x00,0x00,0x00,0x00,0x00,0x00,0x00,0x00,0x00,0x00,0x00,0x00,0x00,0x00,0x00,0x02,0x0a,0x0f,0x76,0x76,0x7c,0x75,0x75,0x75,0x75,0x75,0x7c,0x7c,0x75,0x75,0x7c,0x75,0x75,0x75,0x75,0x88,0x88,0x88,0x75,0x75,0x75,0x88,0x75,0x75,0x75,0x75,0x75,0x75,0x75,0x76,0x06,0x79,0x1a,0x00,0x04,0x00,0x00,0x00,0x00,0x00,0x00,0x00,0x00,0x00,0x00,0x00,0x00,0x00,0x00,0x00,0x00,0x00,0x00,0x00,0x00,0x00,0x00,0x00,0x00,0x00,0x00,0x00,0x00,0x00,0x00,0x00,0x00,0x00,0x00,0x00,0x00,0x00,0x00,0x00,0x00,0x00,0x00,0x00,0x00,0x00,0x00,0x00,0x00,0x00,0x00,
    0x00,0x00,0x00,0x00,0x00,0x00,0x00,0x00,0x00,0x00,0x00,0x00,0x00,0x00,0x00,0x00,0x00,0x00,0x00,0x00,0x00,0x00,0x00,0x00,0x00,0x00,0x00,0x00,0x00,0x00,0x00,0x00,0x00,0x00,0x00,0x00,0x00,0x00,0x00,0x00,0x00,0x00,0x00,0x00,0x00,0x00,0x00,0x00,0x00,0x00,0x00,0x00,0x00,0x01,0x02,0x0a,0x0f,0x72,0x06,0x75,0x88,0x88,0x88,0x88,0x88,0x88,0x75,0x75,0x75,0x75,0x75,0x75,0x75,0x75,0x75,0x88,0x88,0x75,0x75,0x75,0x88,0x88,0x88,0x88,0x88,0x88,0x88,0x88,0x76,0x7c,0x79,0x2e,0x00,0x02,0x00,0x00,0x00,0x00,0x00,0x00,0x00,0x00,0x00,0x00,0x00,0x00,0x00,0x00,0x00,0x00,0x00,0x00,0x00,0x00,0x00,0x00,0x00,0x00,0x00,0x00,0x00,0x00,0x00,0x00,0x00,0x00,0x00,0x00,0x00,0x00,0x00,0x00,0x00,0x00,0x00,0x00,0x00,0x00,0x00,0x00,0x00,0x00,0x00,0x00,
    0x00,0x00,0x00,0x00,0x00,0x00,0x00,0x00,0x00,0x00,0x00,0x00,0x00,0x00,0x00,0x00,0x00,0x00,0x00,0x00,0x00,0x00,0x00,0x00,0x00,0x00,0x00,0x00,0x00,0x00,0x00,0x00,0x00,0x00,0x00,0x00,0x00,0x00,0x00,0x00,0x00,0x00,0x00,0x00,0x00,0x00,0x00,0x00,0x00,0x00,0x00,0x00,0x00,0x02,0x00,0x20,0x0f,0x06,0x75,0xa2,0x75,0x9f,0x9f,0x9f,0x9f,0x9f,0x9f,0x7c,0x75,0x75,0x88,0xa2,0xa2,0x88,0x88,0xa2,0xa2,0x88,0x88,0x75,0x7c,0x76,0x9f,0x9f,0x9f,0x9f,0x78,0x80,0x7c,0x18,0x0e,0x0c,0x01,0x01,0x00,0x00,0x00,0x00,0x00,0x00,0x00,0x00,0x00,0x00,0x00,0x00,0x00,0x00,0x00,0x00,0x00,0x00,0x00,0x00,0x00,0x00,0x00,0x00,0x00,0x00,0x00,0x00,0x00,0x00,0x00,0x00,0x00,0x00,0x00,0x00,0x00,0x00,0x00,0x00,0x00,0x00,0x00,0x00,0x00,0x00,0x00,0x00,0x00,0x00,
    0x00,0x00,0x00,0x00,0x00,0x00,0x00,0x00,0x00,0x00,0x00,0x00,0x00,0x00,0x00,0x00,0x00,0x00,0x00,0x00,0x00,0x00,0x00,0x00,0x00,0x00,0x00,0x00,0x00,0x00,0x00,0x00,0x00,0x00,0x00,0x00,0x00,0x00,0x00,0x00,0x00,0x00,0x00,0x00,0x00,0x00,0x00,0x00,0x00,0x00,0x00,0x00,0x00,0x00,0x01,0x00,0x2e,0x1a,0x15,0x19,0x4b,0xc4,0xab,0x3e,0xb8,0xc1,0x8d,0xcd,0xcd,0x76,0x75,0x7c,0x7c,0x88,0x7c,0x72,0x9f,0x9f,0x78,0x78,0x79,0xcd,0xcd,0xc1,0x3e,0xab,0xc4,0x69,0x15,0x14,0x20,0x00,0x02,0x00,0x00,0x00,0x00,0x00,0x00,0x00,0x00,0x00,0x00,0x00,0x00,0x00,0x00,0x00,0x00,0x00,0x00,0x00,0x00,0x00,0x00,0x00,0x00,0x00,0x00,0x00,0x00,0x00,0x00,0x00,0x00,0x00,0x00,0x00,0x00,0x00,0x00,0x00,0x00,0x00,0x00,0x00,0x00,0x00,0x00,0x00,0x00,0x00,0x00,0x00,
    0x00,0x00,0x00,0x00,0x00,0x00,0x00,0x00,0x00,0x00,0x00,0x00,0x00,0x00,0x00,0x00,0x00,0x00,0x00,0x00,0x00,0x00,0x00,0x00,0x00,0x00,0x00,0x00,0x00,0x00,0x00,0x00,0x00,0x00,0x00,0x00,0x00,0x00,0x00,0x00,0x00,0x00,0x00,0x00,0x00,0x00,0x00,0x00,0x00,0x00,0x00,0x00,0x00,0x00,0x00,0x01,0x01,0x0c,0x12,0x3f,0x28,0xe1,0xca,0xed,0xca,0xc5,0xdb,0xc5,0xca,0xd9,0xeb,0xee,0x33,0x4b,0x4b,0xc4,0xf6,0x33,0xee,0xd9,0xe1,0xc5,0xc5,0xc5,0xca,0xed,0xed,0x66,0x2e,0x0a,0x4d,0x01,0x00,0x00,0x00,0x00,0x00,0x00,0x00,0x00,0x00,0x00,0x00,0x00,0x00,0x00,0x00,0x00,0x00,0x00,0x00,0x00,0x00,0x00,0x00,0x00,0x00,0x00,0x00,0x00,0x00,0x00,0x00,0x00,0x00,0x00,0x00,0x00,0x00,0x00,0x00,0x00,0x00,0x00,0x00,0x00,0x00,0x00,0x00,0x00,0x00,0x00,0x00,0x00,
    0x00,0x00,0x00,0x00,0x00,0x00,0x00,0x00,0x00,0x00,0x00,0x00,0x00,0x00,0x00,0x00,0x00,0x00,0x00,0x00,0x00,0x00,0x00,0x00,0x00,0x00,0x00,0x00,0x00,0x00,0x00,0x00,0x00,0x00,0x00,0x00,0x00,0x00,0x00,0x00,0x00,0x00,0x00,0x00,0x00,0x00,0x00,0x00,0x00,0x00,0x00,0x00,0x00,0x00,0x00,0x00,0x00,0x00,0x00,0x63,0x48,0xf6,0xc5,0x94,0x84,0x85,0x92,0x07,0x9a,0x83,0x94,0xc5,0xeb,0x47,0x60,0x33,0xed,0xc5,0x73,0x8b,0x8b,0x9a,0x92,0x92,0x85,0xa0,0xe1,0x71,0x16,0x00,0x39,0x00,0x00,0x00,0x00,0x00,0x00,0x00,0x00,0x00,0x00,0x00,0x00,0x00,0x00,0x00,0x00,0x00,0x00,0x00,0x00,0x00,0x00,0x00,0x00,0x00,0x00,0x00,0x00,0x00,0x00,0x00,0x00,0x00,0x00,0x00,0x00,0x00,0x00,0x00,0x00,0x00,0x00,0x00,0x00,0x00,0x00,0x00,0x00,0x00,0x00,0x00,0x00,0x00,
    0x00,0x00,0x00,0x00,0x00,0x00,0x00,0x00,0x00,0x00,0x00,0x00,0x00,0x00,0x00,0x00,0x00,0x00,0x00,0x00,0x00,0x00,0x00,0x00,0x00,0x00,0x00,0x00,0x00,0x00,0x00,0x00,0x00,0x00,0x00,0x00,0x00,0x00,0x00,0x00,0x00,0x00,0x00,0x00,0x00,0x00,0x00,0x00,0x00,0x00,0x00,0x00,0x00,0x00,0x00,0x00,0x00,0x02,0x4d,0x04,0x47,0x1f,0x92,0x95,0x85,0x8a,0x89,0x89,0x7e,0x7e,0x7d,0xaa,0xac,0x6c,0x6f,0x68,0xdb,0x8a,0x84,0x8c,0x7e,0x89,0x89,0x89,0x84,0x92,0x5e,0x5a,0x04,0x39,0x00,0x00,0x00,0x00,0x00,0x00,0x00,0x00,0x00,0x00,0x00,0x00,0x00,0x00,0x00,0x00,0x00,0x00,0x00,0x00,0x00,0x00,0x00,0x00,0x00,0x00,0x00,0x00,0x00,0x00,0x00,0x00,0x00,0x00,0x00,0x00,0x00,0x00,0x00,0x00,0x00,0x00,0x00,0x00,0x00,0x00,0x00,0x00,0x00,0x00,0x00,0x00,0x00,0x00,
    0x00,0x00,0x00,0x00,0x00,0x00,0x00,0x00,0x00,0x00,0x00,0x00,0x00,0x00,0x00,0x00,0x00,0x00,0x00,0x00,0x00,0x00,0x00,0x00,0x00,0x00,0x00,0x00,0x00,0x00,0x00,0x00,0x00,0x00,0x00,0x00,0x00,0x00,0x00,0x00,0x00,0x00,0x00,0x00,0x00,0x00,0x00,0x00,0x00,0x00,0x00,0x00,0x00,0x00,0x00,0x00,0x00,0x00,0x05,0x00,0x5b,0x31,0x07,0x8a,0x84,0x73,0x73,0x73,0x73,0x73,0x84,0x07,0x11,0x47,0x6f,0x56,0x07,0x07,0x8a,0x7e,0x73,0x73,0x73,0x73,0x8c,0x8b,0x30,0x40,0x00,0x00,0x00,0x00,0x00,0x00,0x00,0x00,0x00,0x00,0x00,0x00,0x00,0x00,0x00,0x00,0x00,0x00,0x00,0x00,0x00,0x00,0x00,0x00,0x00,0x00,0x00,0x00,0x00,0x00,0x00,0x00,0x00,0x00,0x00,0x00,0x00,0x00,0x00,0x00,0x00,0x00,0x00,0x00,0x00,0x00,0x00,0x00,0x00,0x00,0x00,0x00,0x00,0x00,0x00,0x00,
    0x00,0x00,0x00,0x00,0x00,0x00,0x00,0x00,0x00,0x00,0x00,0x00,0x00,0x00,0x00,0x00,0x00,0x00,0x00,0x00,0x00,0x00,0x00,0x00,0x00,0x00,0x00,0x00,0x00,0x00,0x00,0x00,0x00,0x00,0x00,0x00,0x00,0x00,0x00,0x00,0x00,0x00,0x00,0x00,0x00,0x00,0x00,0x00,0x00,0x00,0x00,0x00,0x00,0x00,0x00,0x00,0x00,0x00,0x05,0x00,0x49,0x27,0x8a,0x8c,0x73,0x73,0x73,0x73,0x73,0x73,0x8a,0x95,0x11,0x6b,0x4e,0x3d,0xc7,0x9c,0x92,0x84,0x7d,0x73,0x73,0x73,0x8c,0x91,0x28,0x16,0x05,0x00,0x00,0x00,0x00,0x00,0x00,0x00,0x00,0x00,0x00,0x00,0x00,0x00,0x00,0x00,0x00,0x00,0x00,0x00,0x00,0x00,0x00,0x00,0x00,0x00,0x00,0x00,0x00,0x00,0x00,0x00,0x00,0x00,0x00,0x00,0x00,0x00,0x00,0x00,0x00,0x00,0x00,0x00,0x00,0x00,0x00,0x00,0x00,0x00,0x00,0x00,0x00,0x00,0x00,0x00,
    0x00,0x00,0x00,0x00,0x00,0x00,0x00,0x00,0x00,0x00,0x00,0x00,0x00,0x00,0x00,0x00,0x00,0x00,0x00,0x00,0x00,0x00,0x00,0x00,0x00,0x00,0x00,0x00,0x00,0x00,0x00,0x00,0x00,0x00,0x00,0x00,0x00,0x00,0x00,0x00,0x00,0x00,0x00,0x00,0x00,0x00,0x00,0x00,0x00,0x00,0x00,0x00,0x00,0x00,0x00,0x00,0x00,0x00,0x05,0x00,0x3a,0x35,0x85,0x8a,0x84,0x73,0x73,0x73,0x73,0x84,0x8a,0x9a,0x5e,0x6a,0x6e,0x48,0xc2,0x95,0x85,0x85,0x85,0x84,0x84,0x8a,0x8a,0x9a,0xbe,0x0a,0x00,0x01,0x00,0x00,0x00,0x00,0x00,0x00,0x00,0x00,0x00,0x00,0x00,0x00,0x00,0x00,0x00,0x00,0x00,0x00,0x00,0x00,0x00,0x00,0x00,0x00,0x00,0x00,0x00,0x00,0x00,0x00,0x00,0x00,0x00,0x00,0x00,0x00,0x00,0x00,0x00,0x00,0x00,0x00,0x00,0x00,0x00,0x00,0x00,0x00,0x00,0x00,0x00,0x00,0x00,0x00,
    0x00,0x00,0x00,0x00,0x00,0x00,0x00,0x00,0x00,0x00,0x00,0x00,0x00,0x00,0x00,0x00,0x00,0x00,0x00,0x00,0x00,0x00,0x00,0x00,0x00,0x00,0x00,0x00,0x00,0x00,0x00,0x00,0x00,0x00,0x00,0x00,0x00,0x00,0x00,0x00,0x00,0x00,0x00,0x00,0x00,0x00,0x00,0x00,0x00,0x00,0x00,0x00,0x00,0x00,0x00,0x00,0x00,0x00,0x00,0x00,0x43,0x50,0x07,0x92,0x8a,0x73,0x73,0x84,0x8a,0x8a,0x8a,0x8a,0x31,0x25,0x1e,0x21,0x95,0x8a,0x7d,0x73,0x7d,0x84,0x8a,0x85,0x95,0x17,0x28,0x16,0x00,0x03,0x00,0x00,0x00,0x00,0x00,0x00,0x00,0x00,0x00,0x00,0x00,0x00,0x00,0x00,0x00,0x00,0x00,0x00,0x00,0x00,0x00,0x00,0x00,0x00,0x00,0x00,0x00,0x00,0x00,0x00,0x00,0x00,0x00,0x00,0x00,0x00,0x00,0x00,0x00,0x00,0x00,0x00,0x00,0x00,0x00,0x00,0x00,0x00,0x00,0x00,0x00,0x00,0x00,0x00,
    0x00,0x00,0x00,0x00,0x00,0x00,0x00,0x00,0x00,0x00,0x00,0x00,0x00,0x00,0x00,0x00,0x00,0x00,0x00,0x00,0x00,0x00,0x00,0x00,0x00,0x00,0x00,0x00,0x00,0x00,0x00,0x00,0x00,0x00,0x00,0x00,0x00,0x00,0x00,0x00,0x00,0x00,0x00,0x00,0x00,0x00,0x00,0x00,0x00,0x00,0x00,0x00,0x00,0x00,0x00,0x00,0x00,0x00,0x00,0x00,0x43,0x40,0xc2,0x07,0x84,0x73,0x73,0x8a,0x85,0x85,0x8a,0x07,0x30,0x67,0x2e,0x44,0x85,0x85,0x7e,0x73,0x73,0x73,0x73,0x85,0x07,0x85,0x66,0x41,0x00,0x39,0x00,0x00,0x00,0x00,0x00,0x00,0x00,0x00,0x00,0x00,0x00,0x00,0x00,0x00,0x00,0x00,0x00,0x00,0x00,0x00,0x00,0x00,0x00,0x00,0x00,0x00,0x00,0x00,0x00,0x00,0x00,0x00,0x00,0x00,0x00,0x00,0x00,0x00,0x00,0x00,0x00,0x00,0x00,0x00,0x00,0x00,0x00,0x00,0x00,0x00,0x00,0x00,0x00,0x00,
    0x00,0x00,0x00,0x00,0x00,0x00,0x00,0x00,0x00,0x00,0x00,0x00,0x00,0x00,0x00,0x00,0x00,0x00,0x00,0x00,0x00,0x00,0x00,0x00,0x00,0x00,0x00,0x00,0x00,0x00,0x00,0x00,0x00,0x00,0x00,0x00,0x00,0x00,0x00,0x00,0x00,0x00,0x00,0x00,0x00,0x00,0x00,0x00,0x00,0x00,0x00,0x00,0x00,0x00,0x00,0x00,0x00,0x00,0x00,0x00,0x43,0x5a,0xb4,0x9a,0x89,0x73,0x73,0x84,0x85,0x85,0x07,0x8a,0x35,0x3c,0x1e,0x48,0x9b,0xa1,0x8a,0x84,0x73,0x84,0x8a,0x92,0x07,0x17,0x21,0x41,0x00,0x39,0x00,0x00,0x00,0x00,0x00,0x00,0x00,0x00,0x00,0x00,0x00,0x00,0x00,0x00,0x00,0x00,0x00,0x00,0x00,0x00,0x00,0x00,0x00,0x00,0x00,0x00,0x00,0x00,0x00,0x00,0x00,0x00,0x00,0x00,0x00,0x00,0x00,0x00,0x00,0x00,0x00,0x00,0x00,0x00,0x00,0x00,0x00,0x00,0x00,0x00,0x00,0x00,0x00,0x00,
    0x00,0x00,0x00,0x00,0x00,0x00,0x00,0x00,0x00,0x00,0x00,0x00,0x00,0x00,0x00,0x00,0x00,0x00,0x00,0x00,0x00,0x00,0x00,0x00,0x00,0x00,0x00,0x00,0x00,0x00,0x00,0x00,0x00,0x00,0x00,0x00,0x00,0x00,0x00,0x00,0x00,0x00,0x00,0x00,0x00,0x00,0x00,0x00,0x00,0x00,0x00,0x00,0x00,0x00,0x00,0x00,0x00,0x00,0x00,0x00,0x43,0x5a,0x17,0x9a,0x85,0x84,0x7d,0x7d,0x84,0x8a,0x95,0xc0,0x1b,0x29,0x04,0x1b,0xc0,0x95,0x92,0x85,0x8a,0x85,0x85,0x07,0x07,0x92,0x21,0x41,0x00,0x02,0x00,0x00,0x00,0x00,0x00,0x00,0x00,0x00,0x00,0x00,0x00,0x00,0x00,0x00,0x00,0x00,0x00,0x00,0x00,0x00,0x00,0x00,0x00,0x00,0x00,0x00,0x00,0x00,0x00,0x00,0x00,0x00,0x00,0x00,0x00,0x00,0x00,0x00,0x00,0x00,0x00,0x00,0x00,0x00,0x00,0x00,0x00,0x00,0x00,0x00,0x00,0x00,0x00,0x00,
    0x00,0x00,0x00,0x00,0x00,0x00,0x00,0x00,0x00,0x00,0x00,0x00,0x00,0x00,0x00,0x00,0x00,0x00,0x00,0x00,0x00,0x00,0x00,0x00,0x00,0x00,0x00,0x00,0x00,0x00,0x00,0x00,0x00,0x00,0x00,0x00,0x00,0x00,0x00,0x00,0x00,0x00,0x00,0x00,0x00,0x00,0x00,0x00,0x00,0x00,0x00,0x00,0x00,0x00,0x00,0x00,0x00,0x00,0x00,0x00,0x45,0x3b,0x17,0x95,0x07,0x8a,0x84,0x73,0x73,0x8c,0x8b,0xa5,0x32,0x43,0x01,0x46,0x31,0x9a,0x89,0x84,0x84,0x85,0x85,0x92,0x95,0x85,0x44,0x32,0x00,0x02,0x00,0x00,0x00,0x00,0x00,0x00,0x00,0x00,0x00,0x00,0x00,0x00,0x00,0x00,0x00,0x00,0x00,0x00,0x00,0x00,0x00,0x00,0x00,0x00,0x00,0x00,0x00,0x00,0x00,0x00,0x00,0x00,0x00,0x00,0x00,0x00,0x00,0x00,0x00,0x00,0x00,0x00,0x00,0x00,0x00,0x00,0x00,0x00,0x00,0x00,0x00,0x00,0x00,0x00,
    0x00,0x00,0x00,0x00,0x00,0x00,0x00,0x00,0x00,0x00,0x00,0x00,0x00,0x00,0x00,0x00,0x00,0x00,0x00,0x00,0x00,0x00,0x00,0x00,0x00,0x00,0x00,0x00,0x00,0x00,0x00,0x00,0x00,0x00,0x00,0x00,0x00,0x00,0x00,0x00,0x00,0x00,0x00,0x00,0x00,0x00,0x00,0x00,0x00,0x00,0x00,0x00,0x00,0x00,0x00,0x00,0x00,0x00,0x05,0x00,0x22,0x21,0x9a,0x8a,0x7d,0x73,0x73,0x73,0x84,0x85,0x07,0xa5,0x3f,0x00,0x00,0x3a,0x27,0x85,0x7e,0x7e,0x73,0x84,0x8a,0x8a,0x85,0x9a,0x28,0x0a,0x00,0x01,0x00,0x00,0x00,0x00,0x00,0x00,0x00,0x00,0x00,0x00,0x00,0x00,0x00,0x00,0x00,0x00,0x00,0x00,0x00,0x00,0x00,0x00,0x00,0x00,0x00,0x00,0x00,0x00,0x00,0x00,0x00,0x00,0x00,0x00,0x00,0x00,0x00,0x00,0x00,0x00,0x00,0x00,0x00,0x00,0x00,0x00,0x00,0x00,0x00,0x00,0x00,0x00,0x00,0x00,
    0x00,0x00,0x00,0x00,0x00,0x00,0x00,0x00,0x00,0x00,0x00,0x00,0x00,0x00,0x00,0x00,0x00,0x00,0x00,0x00,0x00,0x00,0x00,0x00,0x00,0x00,0x00,0x00,0x00,0x00,0x00,0x00,0x00,0x00,0x00,0x00,0x00,0x00,0x00,0x00,0x00,0x00,0x00,0x00,0x00,0x00,0x00,0x00,0x00,0x00,0x00,0x00,0x00,0x00,0x00,0x00,0x00,0x00,0x05,0x00,0x25,0x27,0x8a,0x7e,0x73,0x73,0x73,0x73,0x84,0x8a,0x9c,0xd1,0x61,0x05,0x03,0x3a,0x6a,0x92,0x8a,0x84,0x73,0x84,0x8a,0x85,0x8c,0x91,0x44,0x41,0x05,0x00,0x00,0x00,0x00,0x00,0x00,0x00,0x00,0x00,0x00,0x00,0x00,0x00,0x00,0x00,0x00,0x00,0x00,0x00,0x00,0x00,0x00,0x00,0x00,0x00,0x00,0x00,0x00,0x00,0x00,0x00,0x00,0x00,0x00,0x00,0x00,0x00,0x00,0x00,0x00,0x00,0x00,0x00,0x00,0x00,0x00,0x00,0x00,0x00,0x00,0x00,0x00,0x00,0x00,0x00,
    0x00,0x00,0x00,0x00,0x00,0x00,0x00,0x00,0x00,0x00,0x00,0x00,0x00,0x00,0x00,0x00,0x00,0x00,0x00,0x00,0x00,0x00,0x00,0x00,0x00,0x00,0x00,0x00,0x00,0x00,0x00,0x00,0x00,0x00,0x00,0x00,0x00,0x00,0x00,0x00,0x00,0x00,0x00,0x00,0x00,0x00,0x00,0x00,0x00,0x00,0x00,0x00,0x00,0x00,0x00,0x00,0x00,0x00,0x05,0x01,0x40,0x27,0x07,0x8a,0x8a,0x73,0x73,0x73,0x73,0x7e,0x85,0x30,0x24,0x03,0x05,0x00,0x40,0xb5,0x89,0x85,0x8a,0x85,0x85,0x8a,0x8c,0x8b,0x31,0x61,0x02,0x01,0x00,0x00,0x00,0x00,0x00,0x00,0x00,0x00,0x00,0x00,0x00,0x00,0x00,0x00,0x00,0x00,0x00,0x00,0x00,0x00,0x00,0x00,0x00,0x00,0x00,0x00,0x00,0x00,0x00,0x00,0x00,0x00,0x00,0x00,0x00,0x00,0x00,0x00,0x00,0x00,0x00,0x00,0x00,0x00,0x00,0x00,0x00,0x00,0x00,0x00,0x00,0x00,0x00,0x00,
    0x00,0x00,0x00,0x00,0x00,0x00,0x00,0x00,0x00,0x00,0x00,0x00,0x00,0x00,0x00,0x00,0x00,0x00,0x00,0x00,0x00,0x00,0x00,0x00,0x00,0x00,0x00,0x00,0x00,0x00,0x00,0x00,0x00,0x00,0x00,0x00,0x00,0x00,0x00,0x00,0x00,0x00,0x00,0x00,0x00,0x00,0x00,0x00,0x00,0x00,0x00,0x00,0x00,0x00,0x00,0x00,0x00,0x00,0x00,0x00,0x00,0x30,0x9a,0x84,0x84,0x73,0x73,0x73,0x7e,0x7d,0xbd,0x56,0x46,0x00,0x45,0x02,0x3b,0x8a,0x7d,0x84,0x84,0x8a,0x84,0x73,0x8c,0x8b,0x27,0x4e,0x00,0x00,0x00,0x00,0x00,0x00,0x00,0x00,0x00,0x00,0x00,0x00,0x00,0x00,0x00,0x00,0x00,0x00,0x00,0x00,0x00,0x00,0x00,0x00,0x00,0x00,0x00,0x00,0x00,0x00,0x00,0x00,0x00,0x00,0x00,0x00,0x00,0x00,0x00,0x00,0x00,0x00,0x00,0x00,0x00,0x00,0x00,0x00,0x00,0x00,0x00,0x00,0x00,0x00,0x00,0x00,
    0x00,0x00,0x00,0x00,0x00,0x00,0x00,0x00,0x00,0x00,0x00,0x00,0x00,0x00,0x00,0x00,0x00,0x00,0x00,0x00,0x00,0x00,0x00,0x00,0x00,0x00,0x00,0x00,0x00,0x00,0x00,0x00,0x00,0x00,0x00,0x00,0x00,0x00,0x00,0x00,0x00,0x00,0x00,0x00,0x00,0x00,0x00,0x00,0x00,0x00,0x00,0x00,0x00,0x00,0x00,0x00,0x00,0x01,0x01,0x04,0x2b,0x53,0x84,0xa0,0x7e,0x7e,0x7e,0x7e,0x8c,0x84,0xc2,0x51,0x16,0x03,0x4d,0x00,0x6b,0xa8,0x95,0x92,0x84,0x8c,0x8c,0x8c,0x8c,0x83,0xc0,0x14,0x09,0x12,0x00,0x01,0x00,0x00,0x00,0x00,0x00,0x00,0x00,0x00,0x00,0x00,0x00,0x00,0x00,0x00,0x00,0x00,0x00,0x00,0x00,0x00,0x00,0x00,0x00,0x00,0x00,0x00,0x00,0x00,0x00,0x00,0x00,0x00,0x00,0x00,0x00,0x00,0x00,0x00,0x00,0x00,0x00,0x00,0x00,0x00,0x00,0x00,0x00,0x00,0x00,0x00,0x00,0x00,
    0x00,0x00,0x00,0x00,0x00,0x00,0x00,0x00,0x00,0x00,0x00,0x00,0x00,0x00,0x00,0x00,0x00,0x00,0x00,0x00,0x00,0x00,0x00,0x00,0x00,0x00,0x00,0x00,0x00,0x00,0x00,0x00,0x00,0x00,0x00,0x00,0x00,0x00,0x00,0x00,0x00,0x00,0x00,0x00,0x00,0x00,0x00,0x00,0x00,0x00,0x00,0x00,0x00,0x00,0x00,0x00,0x00,0x02,0x02,0x4a,0x81,0xce,0x9c,0x73,0x7d,0x83,0x7d,0x7d,0x73,0xb5,0xc2,0x38,0x2a,0x4d,0x04,0x2a,0x0e,0xd1,0xa1,0x07,0x83,0x83,0x83,0xaa,0x7d,0xb5,0xac,0x81,0x4b,0x12,0x00,0x02,0x00,0x00,0x00,0x00,0x00,0x00,0x00,0x00,0x00,0x00,0x00,0x00,0x00,0x00,0x00,0x00,0x00,0x00,0x00,0x00,0x00,0x00,0x00,0x00,0x00,0x00,0x00,0x00,0x00,0x00,0x00,0x00,0x00,0x00,0x00,0x00,0x00,0x00,0x00,0x00,0x00,0x00,0x00,0x00,0x00,0x00,0x00,0x00,0x00,0x00,0x00,0x00,
    0x00,0x00,0x00,0x00,0x00,0x00,0x00,0x00,0x00,0x00,0x00,0x00,0x00,0x00,0x00,0x00,0x00,0x00,0x00,0x00,0x00,0x00,0x00,0x00,0x00,0x00,0x00,0x00,0x00,0x00,0x00,0x00,0x00,0x00,0x00,0x00,0x00,0x00,0x00,0x00,0x00,0x00,0x00,0x00,0x00,0x00,0x00,0x00,0x00,0x00,0x00,0x00,0x00,0x00,0x00,0x00,0x02,0x00,0x09,0x7a,0x7b,0xb8,0xb7,0x0d,0x11,0xb0,0x8c,0x89,0x8c,0xc7,0xd3,0x81,0x78,0x12,0x02,0x1c,0x78,0xab,0xc2,0xc2,0x10,0x10,0xb4,0xc0,0x11,0xb7,0xd5,0x08,0x7a,0x2a,0x04,0x02,0x00,0x00,0x00,0x00,0x00,0x00,0x00,0x00,0x00,0x00,0x00,0x00,0x00,0x00,0x00,0x00,0x00,0x00,0x00,0x00,0x00,0x00,0x00,0x00,0x00,0x00,0x00,0x00,0x00,0x00,0x00,0x00,0x00,0x00,0x00,0x00,0x00,0x00,0x00,0x00,0x00,0x00,0x00,0x00,0x00,0x00,0x00,0x00,0x00,0x00,0x00,0x00,
    0x00,0x00,0x00,0x00,0x00,0x00,0x00,0x00,0x00,0x00,0x00,0x00,0x00,0x00,0x00,0x00,0x00,0x00,0x00,0x00,0x00,0x00,0x00,0x00,0x00,0x00,0x00,0x00,0x00,0x00,0x00,0x00,0x00,0x00,0x00,0x00,0x00,0x00,0x00,0x00,0x00,0x00,0x00,0x00,0x00,0x00,0x00,0x00,0x00,0x00,0x00,0x00,0x00,0x00,0x00,0x00,0x04,0x00,0x14,0x7a,0x08,0x81,0x81,0x78,0x76,0xa2,0x8d,0x8d,0x8d,0x75,0x7a,0x08,0x08,0x14,0x0c,0x38,0x79,0x78,0x7a,0xcd,0xa2,0xcd,0x7c,0x80,0x80,0x81,0x81,0x08,0x7a,0x1c,0x12,0x00,0x02,0x00,0x00,0x00,0x00,0x00,0x00,0x00,0x00,0x00,0x00,0x00,0x00,0x00,0x00,0x00,0x00,0x00,0x00,0x00,0x00,0x00,0x00,0x00,0x00,0x00,0x00,0x00,0x00,0x00,0x00,0x00,0x00,0x00,0x00,0x00,0x00,0x00,0x00,0x00,0x00,0x00,0x00,0x00,0x00,0x00,0x00,0x00,0x00,0x00,0x00,0x00,
    0x00,0x00,0x00,0x00,0x00,0x00,0x00,0x00,0x00,0x00,0x00,0x00,0x00,0x00,0x00,0x00,0x00,0x00,0x00,0x00,0x00,0x00,0x00,0x00,0x00,0x00,0x00,0x00,0x00,0x00,0x00,0x00,0x00,0x00,0x00,0x00,0x00,0x00,0x00,0x00,0x00,0x00,0x00,0x00,0x00,0x00,0x00,0x00,0x00,0x00,0x00,0x00,0x00,0x00,0x00,0x00,0x00,0x00,0x0e,0x76,0x08,0x78,0x78,0x78,0x80,0x80,0x79,0x79,0x80,0x7a,0x74,0x08,0x79,0x0f,0x0b,0x78,0x08,0x74,0x78,0x72,0x72,0x72,0x76,0x72,0x80,0x79,0x78,0x74,0x7c,0x1d,0x0a,0x00,0x01,0x00,0x00,0x00,0x00,0x00,0x00,0x00,0x00,0x00,0x00,0x00,0x00,0x00,0x00,0x00,0x00,0x00,0x00,0x00,0x00,0x00,0x00,0x00,0x00,0x00,0x00,0x00,0x00,0x00,0x00,0x00,0x00,0x00,0x00,0x00,0x00,0x00,0x00,0x00,0x00,0x00,0x00,0x00,0x00,0x00,0x00,0x00,0x00,0x00,0x00,0x00,
    0x00,0x00,0x00,0x00,0x00,0x00,0x00,0x00,0x00,0x00,0x00,0x00,0x00,0x00,0x00,0x00,0x00,0x00,0x00,0x00,0x00,0x00,0x00,0x00,0x00,0x00,0x00,0x00,0x00,0x00,0x00,0x00,0x00,0x00,0x00,0x00,0x00,0x00,0x00,0x00,0x00,0x00,0x00,0x00,0x00,0x00,0x00,0x00,0x00,0x00,0x00,0x00,0x00,0x00,0x00,0x00,0x00,0x00,0x0e,0x72,0x80,0x7a,0x78,0x79,0x76,0x80,0x7c,0x7c,0x7c,0x7a,0x74,0x08,0x78,0x0f,0x0b,0x80,0x06,0x72,0x78,0x72,0x76,0x76,0x80,0x78,0x74,0x74,0x78,0x7a,0x76,0x1d,0x0c,0x00,0x01,0x00,0x00,0x00,0x00,0x00,0x00,0x00,0x00,0x00,0x00,0x00,0x00,0x00,0x00,0x00,0x00,0x00,0x00,0x00,0x00,0x00,0x00,0x00,0x00,0x00,0x00,0x00,0x00,0x00,0x00,0x00,0x00,0x00,0x00,0x00,0x00,0x00,0x00,0x00,0x00,0x00,0x00,0x00,0x00,0x00,0x00,0x00,0x00,0x00,0x00,0x00,
    0x00,0x00,0x00,0x00,0x00,0x00,0x00,0x00,0x00,0x00,0x00,0x00,0x00,0x00,0x00,0x00,0x00,0x00,0x00,0x00,0x00,0x00,0x00,0x00,0x00,0x00,0x00,0x00,0x00,0x00,0x00,0x00,0x00,0x00,0x00,0x00,0x00,0x00,0x00,0x00,0x00,0x00,0x00,0x00,0x00,0x00,0x00,0x00,0x00,0x00,0x00,0x00,0x00,0x00,0x00,0x00,0x00,0x00,0x0e,0x76,0x76,0x74,0x74,0x79,0x78,0x74,0x79,0x78,0x79,0x7a,0x7b,0x08,0x74,0x14,0x20,0x7a,0x06,0x78,0x74,0x7a,0x7a,0x78,0x74,0x74,0x78,0x74,0x81,0x78,0x7c,0x18,0x0a,0x00,0x01,0x00,0x00,0x00,0x00,0x00,0x00,0x00,0x00,0x00,0x00,0x00,0x00,0x00,0x00,0x00,0x00,0x00,0x00,0x00,0x00,0x00,0x00,0x00,0x00,0x00,0x00,0x00,0x00,0x00,0x00,0x00,0x00,0x00,0x00,0x00,0x00,0x00,0x00,0x00,0x00,0x00,0x00,0x00,0x00,0x00,0x00,0x00,0x00,0x00,0x00,0x00,
    0x00,0x00,0x00,0x00,0x00,0x00,0x00,0x00,0x00,0x00,0x00,0x00,0x00,0x00,0x00,0x00,0x00,0x00,0x00,0x00,0x00,0x00,0x00,0x00,0x00,0x00,0x00,0x00,0x00,0x00,0x00,0x00,0x00,0x00,0x00,0x00,0x00,0x00,0x00,0x00,0x00,0x00,0x00,0x00,0x00,0x00,0x00,0x00,0x00,0x00,0x00,0x00,0x00,0x00,0x00,0x00,0x00,0x00,0x0e,0x76,0x72,0xbf,0x7a,0x81,0x81,0x7b,0x7b,0x7b,0x74,0x7b,0xa2,0x80,0x80,0x15,0x09,0x38,0x78,0x9d,0x7a,0x81,0x81,0x74,0x79,0x78,0x81,0x7b,0xa7,0xa2,0x7a,0x1c,0x20,0x01,0x00,0x00,0x00,0x00,0x00,0x00,0x00,0x00,0x00,0x00,0x00,0x00,0x00,0x00,0x00,0x00,0x00,0x00,0x00,0x00,0x00,0x00,0x00,0x00,0x00,0x00,0x00,0x00,0x00,0x00,0x00,0x00,0x00,0x00,0x00,0x00,0x00,0x00,0x00,0x00,0x00,0x00,0x00,0x00,0x00,0x00,0x00,0x00,0x00,0x00,0x00,0x00,
    0x00,0x00,0x00,0x00,0x00,0x00,0x00,0x00,0x00,0x00,0x00,0x00,0x00,0x00,0x00,0x00,0x00,0x00,0x00,0x00,0x00,0x00,0x00,0x00,0x00,0x00,0x00,0x00,0x00,0x00,0x00,0x00,0x00,0x00,0x00,0x00,0x00,0x00,0x00,0x00,0x00,0x00,0x00,0x00,0x00,0x00,0x00,0x00,0x00,0x00,0x00,0x00,0x00,0x00,0x00,0x00,0x00,0x00,0x0e,0x76,0x80,0xb2,0xb2,0xb3,0xd7,0x9f,0x78,0x9d,0xa7,0x99,0xdf,0x75,0x06,0x15,0x0a,0x1c,0x7a,0x99,0x99,0xb3,0xd7,0x7c,0x76,0xbf,0xb3,0x99,0xbc,0xbf,0x79,0x1c,0x14,0x01,0x00,0x00,0x00,0x00,0x00,0x00,0x00,0x00,0x00,0x00,0x00,0x00,0x00,0x00,0x00,0x00,0x00,0x00,0x00,0x00,0x00,0x00,0x00,0x00,0x00,0x00,0x00,0x00,0x00,0x00,0x00,0x00,0x00,0x00,0x00,0x00,0x00,0x00,0x00,0x00,0x00,0x00,0x00,0x00,0x00,0x00,0x00,0x00,0x00,0x00,0x00,0x00,
    0x00,0x00,0x00,0x00,0x00,0x00,0x00,0x00,0x00,0x00,0x00,0x00,0x00,0x00,0x00,0x00,0x00,0x00,0x00,0x00,0x00,0x00,0x00,0x00,0x00,0x00,0x00,0x00,0x00,0x00,0x00,0x00,0x00,0x00,0x00,0x00,0x00,0x00,0x00,0x00,0x00,0x00,0x00,0x00,0x00,0x00,0x00,0x00,0x00,0x00,0x00,0x00,0x00,0x00,0x00,0x00,0x00,0x00,0x0e,0x76,0x80,0x80,0x8d,0x9d,0xb2,0xe2,0xe2,0xcc,0xd7,0xb6,0x9d,0x79,0x1d,0x09,0x2b,0x18,0x72,0xdc,0xb6,0x9d,0x99,0xb1,0xb1,0xb1,0xa7,0x9d,0x88,0x78,0x7c,0x1d,0x12,0x00,0x01,0x00,0x00,0x00,0x00,0x00,0x00,0x00,0x00,0x00,0x00,0x00,0x00,0x00,0x00,0x00,0x00,0x00,0x00,0x00,0x00,0x00,0x00,0x00,0x00,0x00,0x00,0x00,0x00,0x00,0x00,0x00,0x00,0x00,0x00,0x00,0x00,0x00,0x00,0x00,0x00,0x00,0x00,0x00,0x00,0x00,0x00,0x00,0x00,0x00,0x00,0x00,
    0x00,0x00,0x00,0x00,0x00,0x00,0x00,0x00,0x00,0x00,0x00,0x00,0x00,0x00,0x00,0x00,0x00,0x00,0x00,0x00,0x00,0x00,0x00,0x00,0x00,0x00,0x00,0x00,0x00,0x00,0x00,0x00,0x00,0x00,0x00,0x00,0x00,0x00,0x00,0x00,0x00,0x00,0x00,0x00,0x00,0x00,0x00,0x00,0x00,0x00,0x00,0x00,0x00,0x00,0x00,0x00,0x00,0x01,0x0e,0x7c,0x06,0x80,0xb6,0xb2,0x99,0xa7,0xd7,0xe7,0xb2,0xb6,0x76,0x74,0x0f,0x00,0x0b,0x0e,0x76,0x79,0xb6,0xb2,0xcc,0xb3,0xd7,0x99,0xdf,0xb2,0x75,0x78,0x76,0x1d,0x0a,0x00,0x01,0x00,0x00,0x00,0x00,0x00,0x00,0x00,0x00,0x00,0x00,0x00,0x00,0x00,0x00,0x00,0x00,0x00,0x00,0x00,0x00,0x00,0x00,0x00,0x00,0x00,0x00,0x00,0x00,0x00,0x00,0x00,0x00,0x00,0x00,0x00,0x00,0x00,0x00,0x00,0x00,0x00,0x00,0x00,0x00,0x00,0x00,0x00,0x00,0x00,0x00,0x00,
    0x00,0x00,0x00,0x00,0x00,0x00,0x00,0x00,0x00,0x00,0x00,0x00,0x00,0x00,0x00,0x00,0x00,0x00,0x00,0x00,0x00,0x00,0x00,0x00,0x00,0x00,0x00,0x00,0x00,0x00,0x00,0x00,0x00,0x00,0x00,0x00,0x00,0x00,0x00,0x00,0x00,0x00,0x00,0x00,0x00,0x00,0x00,0x00,0x00,0x00,0x00,0x00,0x00,0x00,0x00,0x00,0x00,0x00,0x0e,0x72,0x08,0xb6,0xbc,0xcc,0x9d,0x81,0x81,0x72,0x99,0xb1,0xb6,0x7b,0x0f,0x01,0x2e,0x19,0x80,0x9d,0xbc,0xcc,0xb6,0x81,0x74,0x81,0xb3,0xb1,0x99,0x78,0x74,0x1d,0x0c,0x00,0x01,0x00,0x00,0x00,0x00,0x00,0x00,0x00,0x00,0x00,0x00,0x00,0x00,0x00,0x00,0x00,0x00,0x00,0x00,0x00,0x00,0x00,0x00,0x00,0x00,0x00,0x00,0x00,0x00,0x00,0x00,0x00,0x00,0x00,0x00,0x00,0x00,0x00,0x00,0x00,0x00,0x00,0x00,0x00,0x00,0x00,0x00,0x00,0x00,0x00,0x00,0x00,
    0x00,0x00,0x00,0x00,0x00,0x00,0x00,0x00,0x00,0x00,0x00,0x00,0x00,0x00,0x00,0x00,0x00,0x00,0x00,0x00,0x00,0x00,0x00,0x00,0x00,0x00,0x00,0x00,0x00,0x00,0x00,0x00,0x00,0x00,0x00,0x00,0x00,0x00,0x00,0x00,0x00,0x00,0x00,0x00,0x00,0x00,0x00,0x00,0x00,0x00,0x00,0x00,0x00,0x00,0x00,0x01,0x00,0x09,0x1d,0x08,0x7b,0x75,0x76,0xa7,0xbc,0xa7,0xb6,0xbc,0xb2,0x72,0xa2,0x72,0x19,0x00,0x2b,0x0f,0x80,0x06,0x7c,0xb6,0xbc,0xb2,0x9d,0x99,0xcc,0x88,0x75,0x78,0x78,0x1d,0x0a,0x00,0x01,0x00,0x00,0x00,0x00,0x00,0x00,0x00,0x00,0x00,0x00,0x00,0x00,0x00,0x00,0x00,0x00,0x00,0x00,0x00,0x00,0x00,0x00,0x00,0x00,0x00,0x00,0x00,0x00,0x00,0x00,0x00,0x00,0x00,0x00,0x00,0x00,0x00,0x00,0x00,0x00,0x00,0x00,0x00,0x00,0x00,0x00,0x00,0x00,0x00,0x00,0x00,
    0x00,0x00,0x00,0x00,0x00,0x00,0x00,0x00,0x00,0x00,0x00,0x00,0x00,0x00,0x00,0x00,0x00,0x00,0x00,0x00,0x00,0x00,0x00,0x00,0x00,0x00,0x00,0x00,0x00,0x00,0x00,0x00,0x00,0x00,0x00,0x00,0x00,0x00,0x00,0x00,0x00,0x00,0x00,0x00,0x00,0x00,0x00,0x00,0x00,0x00,0x00,0x00,0x00,0x00,0x00,0x02,0x00,0x2b,0x79,0x80,0x79,0x7a,0x74,0x78,0xdf,0xf3,0xb1,0xcc,0x7b,0x74,0x08,0x76,0x19,0x00,0x0c,0x4a,0x78,0x08,0x78,0x81,0xb6,0xf3,0xbc,0xe2,0x9d,0x81,0x81,0x7a,0x06,0x80,0x20,0x00,0x02,0x00,0x00,0x00,0x00,0x00,0x00,0x00,0x00,0x00,0x00,0x00,0x00,0x00,0x00,0x00,0x00,0x00,0x00,0x00,0x00,0x00,0x00,0x00,0x00,0x00,0x00,0x00,0x00,0x00,0x00,0x00,0x00,0x00,0x00,0x00,0x00,0x00,0x00,0x00,0x00,0x00,0x00,0x00,0x00,0x00,0x00,0x00,0x00,0x00,0x00,0x00,
    0x00,0x00,0x00,0x00,0x00,0x00,0x00,0x00,0x00,0x00,0x00,0x00,0x00,0x00,0x00,0x00,0x00,0x00,0x00,0x00,0x00,0x00,0x00,0x00,0x00,0x00,0x00,0x00,0x00,0x00,0x00,0x00,0x00,0x00,0x00,0x00,0x00,0x00,0x00,0x00,0x00,0x00,0x00,0x00,0x00,0x00,0x00,0x00,0x00,0x00,0x00,0x00,0x00,0x00,0x00,0x02,0x00,0x2b,0x7c,0x06,0x76,0x76,0xb3,0xbc,0x99,0x88,0xdc,0x99,0xdf,0xbf,0x08,0x78,0x0f,0x01,0x00,0x15,0x78,0x08,0x75,0x99,0xdf,0xb6,0x78,0xbf,0xdf,0xdf,0x9d,0x80,0x06,0x78,0x0b,0x00,0x04,0x00,0x00,0x00,0x00,0x00,0x00,0x00,0x00,0x00,0x00,0x00,0x00,0x00,0x00,0x00,0x00,0x00,0x00,0x00,0x00,0x00,0x00,0x00,0x00,0x00,0x00,0x00,0x00,0x00,0x00,0x00,0x00,0x00,0x00,0x00,0x00,0x00,0x00,0x00,0x00,0x00,0x00,0x00,0x00,0x00,0x00,0x00,0x00,0x00,0x00,0x00,
    0x00,0x00,0x00,0x00,0x00,0x00,0x00,0x00,0x00,0x00,0x00,0x00,0x00,0x00,0x00,0x00,0x00,0x00,0x00,0x00,0x00,0x00,0x00,0x00,0x00,0x00,0x00,0x00,0x00,0x00,0x00,0x00,0x00,0x00,0x00,0x00,0x00,0x00,0x00,0x00,0x00,0x00,0x00,0x00,0x00,0x00,0x00,0x00,0x00,0x00,0x00,0x00,0x00,0x00,0x00,0x02,0x00,0x2b,0x72,0x06,0x80,0x75,0xbc,0xcc,0x9d,0x74,0x78,0xbf,0xbc,0xcc,0x08,0x74,0x19,0x00,0x00,0x15,0x78,0x74,0xb6,0xf3,0x99,0x80,0x81,0xa2,0xcc,0xf3,0xa7,0x7a,0x06,0x78,0x0b,0x00,0x04,0x00,0x00,0x00,0x00,0x00,0x00,0x00,0x00,0x00,0x00,0x00,0x00,0x00,0x00,0x00,0x00,0x00,0x00,0x00,0x00,0x00,0x00,0x00,0x00,0x00,0x00,0x00,0x00,0x00,0x00,0x00,0x00,0x00,0x00,0x00,0x00,0x00,0x00,0x00,0x00,0x00,0x00,0x00,0x00,0x00,0x00,0x00,0x00,0x00,0x00,0x00,
    0x00,0x00,0x00,0x00,0x00,0x00,0x00,0x00,0x00,0x00,0x00,0x00,0x00,0x00,0x00,0x00,0x00,0x00,0x00,0x00,0x00,0x00,0x00,0x00,0x00,0x00,0x00,0x00,0x00,0x00,0x00,0x00,0x00,0x00,0x00,0x00,0x00,0x00,0x00,0x00,0x00,0x00,0x00,0x00,0x00,0x00,0x00,0x00,0x00,0x00,0x00,0x00,0x00,0x00,0x00,0x04,0x00,0x1a,0x7a,0x72,0x78,0x74,0x7b,0x9d,0x99,0x99,0xe7,0xcc,0xbf,0x74,0x08,0x74,0x0e,0x0a,0x02,0x0f,0x74,0x08,0x7b,0x7a,0xb2,0xbc,0xcc,0xbc,0xb2,0x76,0x74,0x80,0x80,0x78,0x0b,0x00,0x04,0x00,0x00,0x00,0x00,0x00,0x00,0x00,0x00,0x00,0x00,0x00,0x00,0x00,0x00,0x00,0x00,0x00,0x00,0x00,0x00,0x00,0x00,0x00,0x00,0x00,0x00,0x00,0x00,0x00,0x00,0x00,0x00,0x00,0x00,0x00,0x00,0x00,0x00,0x00,0x00,0x00,0x00,0x00,0x00,0x00,0x00,0x00,0x00,0x00,0x00,0x00,
    0x00,0x00,0x00,0x00,0x00,0x00,0x00,0x00,0x00,0x00,0x00,0x00,0x00,0x00,0x00,0x00,0x00,0x00,0x00,0x00,0x00,0x00,0x00,0x00,0x00,0x00,0x00,0x00,0x00,0x00,0x00,0x00,0x00,0x00,0x00,0x00,0x00,0x00,0x00,0x00,0x00,0x00,0x00,0x00,0x00,0x00,0x00,0x00,0x00,0x00,0x00,0x00,0x00,0x00,0x00,0x04,0x00,0x15,0x74,0x08,0x74,0x81,0x7b,0xd7,0x99,0xb3,0xe8,0xe8,0x9d,0x81,0x7b,0x74,0x74,0x09,0x0a,0x38,0x78,0x78,0x81,0xdc,0xb2,0xdf,0xb3,0x99,0xa7,0x7c,0x81,0x74,0x08,0x78,0x0b,0x01,0x04,0x00,0x00,0x00,0x00,0x00,0x00,0x00,0x00,0x00,0x00,0x00,0x00,0x00,0x00,0x00,0x00,0x00,0x00,0x00,0x00,0x00,0x00,0x00,0x00,0x00,0x00,0x00,0x00,0x00,0x00,0x00,0x00,0x00,0x00,0x00,0x00,0x00,0x00,0x00,0x00,0x00,0x00,0x00,0x00,0x00,0x00,0x00,0x00,0x00,0x00,0x00,
    0x00,0x00,0x00,0x00,0x00,0x00,0x00,0x00,0x00,0x00,0x00,0x00,0x00,0x00,0x00,0x00,0x00,0x00,0x00,0x00,0x00,0x00,0x00,0x00,0x00,0x00,0x00,0x00,0x00,0x00,0x00,0x00,0x00,0x00,0x00,0x00,0x00,0x00,0x00,0x00,0x00,0x00,0x00,0x00,0x00,0x00,0x00,0x00,0x00,0x00,0x00,0x00,0x00,0x00,0x00,0x04,0x00,0x14,0x79,0x06,0x74,0x9d,0xbc,0xcc,0xcc,0xa7,0xb6,0xe8,0x99,0x99,0x76,0x79,0x78,0x12,0x00,0x1d,0x7c,0x78,0xb2,0xb1,0xbc,0xb3,0xb6,0xb2,0xcc,0xcc,0xa7,0x7b,0x72,0x7a,0x4a,0x00,0x02,0x00,0x00,0x00,0x00,0x00,0x00,0x00,0x00,0x00,0x00,0x00,0x00,0x00,0x00,0x00,0x00,0x00,0x00,0x00,0x00,0x00,0x00,0x00,0x00,0x00,0x00,0x00,0x00,0x00,0x00,0x00,0x00,0x00,0x00,0x00,0x00,0x00,0x00,0x00,0x00,0x00,0x00,0x00,0x00,0x00,0x00,0x00,0x00,0x00,0x00,0x00,
    0x00,0x00,0x00,0x00,0x00,0x00,0x00,0x00,0x00,0x00,0x00,0x00,0x00,0x00,0x00,0x00,0x00,0x00,0x00,0x00,0x00,0x00,0x00,0x00,0x00,0x00,0x00,0x00,0x00,0x00,0x00,0x00,0x00,0x00,0x00,0x00,0x00,0x00,0x00,0x00,0x00,0x00,0x00,0x00,0x00,0x00,0x00,0x00,0x00,0x00,0x00,0x00,0x00,0x00,0x00,0x04,0x02,0x4a,0x76,0x06,0x75,0xbf,0xa7,0x79,0xbf,0xb6,0xb6,0xbf,0x74,0xb6,0x75,0x08,0x78,0x0b,0x09,0x38,0x06,0x80,0xa7,0xdc,0x88,0xb6,0xb6,0xbf,0x72,0x9f,0x9d,0x79,0x08,0x74,0x0e,0x0a,0x02,0x01,0x00,0x00,0x00,0x00,0x00,0x00,0x00,0x00,0x00,0x00,0x00,0x00,0x00,0x00,0x00,0x00,0x00,0x00,0x00,0x00,0x00,0x00,0x00,0x00,0x00,0x00,0x00,0x00,0x00,0x00,0x00,0x00,0x00,0x00,0x00,0x00,0x00,0x00,0x00,0x00,0x00,0x00,0x00,0x00,0x00,0x00,0x00,0x00,0x00,0x00,
    0x00,0x00,0x00,0x00,0x00,0x00,0x00,0x00,0x00,0x00,0x00,0x00,0x00,0x00,0x00,0x00,0x00,0x00,0x00,0x00,0x00,0x00,0x00,0x00,0x00,0x00,0x00,0x00,0x00,0x00,0x00,0x00,0x00,0x00,0x00,0x00,0x00,0x00,0x00,0x00,0x00,0x00,0x00,0x00,0x00,0x00,0x00,0x00,0x00,0x00,0x00,0x00,0x00,0x00,0x01,0x00,0x0a,0x1c,0x80,0x79,0x7a,0x81,0x81,0x78,0x74,0x7b,0x81,0x81,0x74,0x81,0x7b,0x08,0x78,0x14,0x2b,0x08,0x08,0x78,0x81,0x7b,0x74,0x7b,0x7b,0x81,0x7b,0x74,0x81,0x78,0x74,0x78,0x74,0x09,0x00,0x02,0x00,0x00,0x00,0x00,0x00,0x00,0x00,0x00,0x00,0x00,0x00,0x00,0x00,0x00,0x00,0x00,0x00,0x00,0x00,0x00,0x00,0x00,0x00,0x00,0x00,0x00,0x00,0x00,0x00,0x00,0x00,0x00,0x00,0x00,0x00,0x00,0x00,0x00,0x00,0x00,0x00,0x00,0x00,0x00,0x00,0x00,0x00,0x00,0x00,0x00,
    0x00,0x00,0x00,0x00,0x00,0x00,0x00,0x00,0x00,0x00,0x00,0x00,0x00,0x00,0x00,0x00,0x00,0x00,0x00,0x00,0x00,0x00,0x00,0x00,0x00,0x00,0x00,0x00,0x00,0x00,0x00,0x00,0x00,0x00,0x00,0x00,0x00,0x00,0x00,0x00,0x00,0x00,0x00,0x00,0x00,0x00,0x00,0x00,0x00,0x00,0x00,0x00,0x00,0x00,0x02,0x00,0x09,0x38,0x78,0x74,0x74,0x78,0x78,0x74,0x78,0x78,0x78,0x78,0x74,0x78,0x74,0x08,0x7b,0x19,0x20,0x08,0x08,0x74,0x78,0x74,0x74,0x78,0x78,0x78,0x78,0x74,0x74,0x74,0x74,0x74,0x74,0x09,0x00,0x02,0x00,0x00,0x00,0x00,0x00,0x00,0x00,0x00,0x00,0x00,0x00,0x00,0x00,0x00,0x00,0x00,0x00,0x00,0x00,0x00,0x00,0x00,0x00,0x00,0x00,0x00,0x00,0x00,0x00,0x00,0x00,0x00,0x00,0x00,0x00,0x00,0x00,0x00,0x00,0x00,0x00,0x00,0x00,0x00,0x00,0x00,0x00,0x00,0x00,0x00,
    0x00,0x00,0x00,0x00,0x00,0x00,0x00,0x00,0x00,0x00,0x00,0x00,0x00,0x00,0x00,0x00,0x00,0x00,0x00,0x00,0x00,0x00,0x00,0x00,0x00,0x00,0x00,0x00,0x00,0x00,0x00,0x00,0x00,0x00,0x00,0x00,0x00,0x00,0x00,0x00,0x00,0x00,0x00,0x00,0x00,0x00,0x00,0x00,0x00,0x00,0x00,0x00,0x00,0x00,0x02,0x00,0x2b,0x38,0x08,0x74,0x74,0x74,0x74,0x74,0x74,0x74,0x74,0x74,0x74,0x74,0x74,0x79,0x80,0x0f,0x0b,0x79,0x06,0x78,0x74,0x74,0x74,0x74,0x74,0x74,0x74,0x78,0x79,0x80,0x80,0x06,0x78,0x2a,0x00,0x04,0x00,0x00,0x00,0x00,0x00,0x00,0x00,0x00,0x00,0x00,0x00,0x00,0x00,0x00,0x00,0x00,0x00,0x00,0x00,0x00,0x00,0x00,0x00,0x00,0x00,0x00,0x00,0x00,0x00,0x00,0x00,0x00,0x00,0x00,0x00,0x00,0x00,0x00,0x00,0x00,0x00,0x00,0x00,0x00,0x00,0x00,0x00,0x00,0x00,0x00,
    0x00,0x00,0x00,0x00,0x00,0x00,0x00,0x00,0x00,0x00,0x00,0x00,0x00,0x00,0x00,0x00,0x00,0x00,0x00,0x00,0x00,0x00,0x00,0x00,0x00,0x00,0x00,0x00,0x00,0x00,0x00,0x00,0x00,0x00,0x00,0x00,0x00,0x00,0x00,0x00,0x00,0x00,0x00,0x00,0x00,0x00,0x00,0x00,0x00,0x00,0x00,0x00,0x00,0x00,0x01,0x00,0x0a,0x1d,0x7a,0x78,0x74,0x74,0x74,0x74,0x74,0x74,0x74,0x74,0x74,0x74,0x74,0x79,0x72,0x0f,0x0b,0x7a,0x06,0x72,0x74,0x74,0x74,0x74,0x74,0x74,0x74,0x79,0x72,0x76,0x7c,0x06,0x78,0x1a,0x00,0x04,0x00,0x00,0x00,0x00,0x00,0x00,0x00,0x00,0x00,0x00,0x00,0x00,0x00,0x00,0x00,0x00,0x00,0x00,0x00,0x00,0x00,0x00,0x00,0x00,0x00,0x00,0x00,0x00,0x00,0x00,0x00,0x00,0x00,0x00,0x00,0x00,0x00,0x00,0x00,0x00,0x00,0x00,0x00,0x00,0x00,0x00,0x00,0x00,0x00,0x00,
    0x00,0x00,0x00,0x00,0x00,0x00,0x00,0x00,0x00,0x00,0x00,0x00,0x00,0x00,0x00,0x00,0x00,0x00,0x00,0x00,0x00,0x00,0x00,0x00,0x00,0x00,0x00,0x00,0x00,0x00,0x00,0x00,0x00,0x00,0x00,0x00,0x00,0x00,0x00,0x00,0x00,0x00,0x00,0x00,0x00,0x00,0x00,0x00,0x00,0x00,0x00,0x00,0x00,0x00,0x01,0x00,0x0c,0x1c,0x78,0x74,0x74,0x74,0x74,0x74,0x74,0x74,0x74,0x74,0x74,0x74,0x74,0x08,0x74,0x0f,0x0b,0x74,0x79,0x79,0x74,0x74,0x74,0x74,0x74,0x74,0x74,0x74,0x74,0x78,0x79,0x38,0x74,0x14,0x00,0x04,0x00,0x00,0x00,0x00,0x00,0x00,0x00,0x00,0x00,0x00,0x00,0x00,0x00,0x00,0x00,0x00,0x00,0x00,0x00,0x00,0x00,0x00,0x00,0x00,0x00,0x00,0x00,0x00,0x00,0x00,0x00,0x00,0x00,0x00,0x00,0x00,0x00,0x00,0x00,0x00,0x00,0x00,0x00,0x00,0x00,0x00,0x00,0x00,0x00,0x00,
    0x00,0x00,0x00,0x00,0x00,0x00,0x00,0x00,0x00,0x00,0x00,0x00,0x00,0x00,0x00,0x00,0x00,0x00,0x00,0x00,0x00,0x00,0x00,0x00,0x00,0x00,0x00,0x00,0x00,0x00,0x00,0x00,0x00,0x00,0x00,0x00,0x00,0x00,0x00,0x00,0x00,0x00,0x00,0x00,0x00,0x00,0x00,0x00,0x00,0x00,0x00,0x00,0x00,0x00,0x01,0x00,0x0a,0x1c,0x76,0x80,0x78,0x74,0x74,0x74,0x74,0x74,0x74,0x74,0x74,0x74,0x74,0x79,0x78,0x0f,0x0b,0x79,0x79,0x74,0x74,0x74,0x74,0x74,0x74,0x74,0x74,0x74,0x74,0x74,0x79,0x06,0x08,0x1a,0x00,0x04,0x00,0x00,0x00,0x00,0x00,0x00,0x00,0x00,0x00,0x00,0x00,0x00,0x00,0x00,0x00,0x00,0x00,0x00,0x00,0x00,0x00,0x00,0x00,0x00,0x00,0x00,0x00,0x00,0x00,0x00,0x00,0x00,0x00,0x00,0x00,0x00,0x00,0x00,0x00,0x00,0x00,0x00,0x00,0x00,0x00,0x00,0x00,0x00,0x00,0x00,
    0x00,0x00,0x00,0x00,0x00,0x00,0x00,0x00,0x00,0x00,0x00,0x00,0x00,0x00,0x00,0x00,0x00,0x00,0x00,0x00,0x00,0x00,0x00,0x00,0x00,0x00,0x00,0x00,0x00,0x00,0x00,0x00,0x00,0x00,0x00,0x00,0x00,0x00,0x00,0x00,0x00,0x00,0x00,0x00,0x00,0x00,0x00,0x00,0x00,0x00,0x00,0x00,0x00,0x00,0x01,0x00,0x2e,0x1d,0x76,0x7c,0x75,0x72,0x80,0x72,0x72,0x76,0x76,0x72,0x80,0x80,0x76,0x06,0x76,0x0f,0x0b,0x80,0x75,0x76,0x80,0x79,0x80,0x76,0x76,0x76,0x76,0x72,0x75,0x88,0x88,0x06,0x78,0x2a,0x00,0x04,0x00,0x00,0x00,0x00,0x00,0x00,0x00,0x00,0x00,0x00,0x00,0x00,0x00,0x00,0x00,0x00,0x00,0x00,0x00,0x00,0x00,0x00,0x00,0x00,0x00,0x00,0x00,0x00,0x00,0x00,0x00,0x00,0x00,0x00,0x00,0x00,0x00,0x00,0x00,0x00,0x00,0x00,0x00,0x00,0x00,0x00,0x00,0x00,0x00,0x00,
    0x00,0x00,0x00,0x00,0x00,0x00,0x00,0x00,0x00,0x00,0x00,0x00,0x00,0x00,0x00,0x00,0x00,0x00,0x00,0x00,0x00,0x00,0x00,0x00,0x00,0x00,0x00,0x00,0x00,0x00,0x00,0x00,0x00,0x00,0x00,0x00,0x00,0x00,0x00,0x00,0x00,0x00,0x00,0x00,0x00,0x00,0x00,0x00,0x00,0x00,0x00,0x00,0x00,0x00,0x00,0x02,0x4d,0x15,0x7c,0xa2,0x8d,0x8d,0x8d,0x8d,0xa2,0x88,0x88,0xa2,0xa2,0x8d,0x8d,0x8d,0x88,0x19,0x20,0x88,0xbf,0x8d,0x8d,0xa2,0xa2,0xa2,0xa2,0xa2,0x8d,0x8d,0x8d,0x8d,0xa2,0x88,0x0e,0x0a,0x02,0x01,0x00,0x00,0x00,0x00,0x00,0x00,0x00,0x00,0x00,0x00,0x00,0x00,0x00,0x00,0x00,0x00,0x00,0x00,0x00,0x00,0x00,0x00,0x00,0x00,0x00,0x00,0x00,0x00,0x00,0x00,0x00,0x00,0x00,0x00,0x00,0x00,0x00,0x00,0x00,0x00,0x00,0x00,0x00,0x00,0x00,0x00,0x00,0x00,0x00,0x00,
    0x00,0x00,0x00,0x00,0x00,0x00,0x00,0x00,0x00,0x00,0x00,0x00,0x00,0x00,0x00,0x00,0x00,0x00,0x00,0x00,0x00,0x00,0x00,0x00,0x00,0x00,0x00,0x00,0x00,0x00,0x00,0x00,0x00,0x00,0x00,0x00,0x00,0x00,0x00,0x00,0x00,0x00,0x00,0x00,0x00,0x00,0x00,0x00,0x00,0x00,0x00,0x00,0x00,0x00,0x00,0x02,0x00,0x09,0x4b,0x8d,0x8d,0x8d,0x8d,0x8d,0xa2,0x75,0x75,0x88,0x8d,0x8d,0x8d,0x8d,0x7c,0x20,0x20,0xbf,0x8d,0x8d,0x8d,0x8d,0x8d,0xa2,0x88,0x88,0xa2,0x8d,0x8d,0x8d,0x88,0x4b,0x0b,0x00,0x02,0x00,0x00,0x00,0x00,0x00,0x00,0x00,0x00,0x00,0x00,0x00,0x00,0x00,0x00,0x00,0x00,0x00,0x00,0x00,0x00,0x00,0x00,0x00,0x00,0x00,0x00,0x00,0x00,0x00,0x00,0x00,0x00,0x00,0x00,0x00,0x00,0x00,0x00,0x00,0x00,0x00,0x00,0x00,0x00,0x00,0x00,0x00,0x00,0x00,0x00,0x00,
    0x00,0x00,0x00,0x00,0x00,0x00,0x00,0x00,0x00,0x00,0x00,0x00,0x00,0x00,0x00,0x00,0x00,0x00,0x00,0x00,0x00,0x00,0x00,0x00,0x00,0x00,0x00,0x00,0x00,0x00,0x00,0x00,0x00,0x00,0x00,0x00,0x00,0x00,0x00,0x00,0x00,0x00,0x00,0x00,0x00,0x00,0x00,0x00,0x00,0x00,0x00,0x00,0x00,0x00,0x00,0x00,0x01,0x00,0x0b,0x4a,0x19,0x0f,0x76,0x76,0x7c,0x75,0xa2,0x8d,0x88,0x88,0x0e,0x19,0x2a,0x00,0x2e,0x1a,0x19,0x0f,0x18,0x7c,0x8d,0x8d,0xa2,0x88,0x7c,0x72,0x4b,0x0f,0x15,0x2b,0x12,0x01,0x01,0x00,0x00,0x00,0x00,0x00,0x00,0x00,0x00,0x00,0x00,0x00,0x00,0x00,0x00,0x00,0x00,0x00,0x00,0x00,0x00,0x00,0x00,0x00,0x00,0x00,0x00,0x00,0x00,0x00,0x00,0x00,0x00,0x00,0x00,0x00,0x00,0x00,0x00,0x00,0x00,0x00,0x00,0x00,0x00,0x00,0x00,0x00,0x00,0x00,0x00,0x00,
    0x00,0x00,0x00,0x00,0x00,0x00,0x00,0x00,0x00,0x00,0x00,0x00,0x00,0x00,0x00,0x00,0x00,0x00,0x00,0x00,0x00,0x00,0x00,0x00,0x00,0x00,0x00,0x00,0x00,0x00,0x00,0x00,0x00,0x00,0x00,0x00,0x00,0x00,0x00,0x00,0x00,0x00,0x00,0x00,0x00,0x00,0x00,0x00,0x00,0x00,0x00,0x00,0x00,0x00,0x00,0x00,0x00,0x01,0x0a,0x0c,0x00,0x00,0x09,0x09,0x09,0x09,0x09,0x09,0x09,0x09,0x0a,0x00,0x39,0x01,0x00,0x0c,0x00,0x00,0x12,0x09,0x09,0x09,0x09,0x09,0x09,0x09,0x0c,0x00,0x39,0x00,0x00,0x00,0x00,0x00,0x00,0x00,0x00,0x00,0x00,0x00,0x00,0x00,0x00,0x00,0x00,0x00,0x00,0x00,0x00,0x00,0x00,0x00,0x00,0x00,0x00,0x00,0x00,0x00,0x00,0x00,0x00,0x00,0x00,0x00,0x00,0x00,0x00,0x00,0x00,0x00,0x00,0x00,0x00,0x00,0x00,0x00,0x00,0x00,0x00,0x00,0x00,0x00,0x00,0x00,
    0x00,0x00,0x00,0x00,0x00,0x00,0x00,0x00,0x00,0x00,0x00,0x00,0x00,0x00,0x00,0x00,0x00,0x00,0x00,0x00,0x00,0x00,0x00,0x00,0x00,0x00,0x00,0x00,0x00,0x00,0x00,0x00,0x00,0x00,0x00,0x00,0x00,0x00,0x00,0x00,0x00,0x00,0x00,0x00,0x00,0x00,0x00,0x00,0x00,0x00,0x00,0x00,0x00,0x00,0x00,0x00,0x00,0x00,0x00,0x00,0x02,0x01,0x00,0x00,0x00,0x00,0x00,0x00,0x00,0x00,0x00,0x02,0x00,0x00,0x01,0x00,0x01,0x01,0x00,0x00,0x00,0x00,0x00,0x00,0x00,0x00,0x00,0x02,0x00,0x02,0x01,0x00,0x00,0x00,0x00,0x00,0x00,0x00,0x00,0x00,0x00,0x00,0x00,0x00,0x00,0x00,0x00,0x00,0x00,0x00,0x00,0x00,0x00,0x00,0x00,0x00,0x00,0x00,0x00,0x00,0x00,0x00,0x00,0x00,0x00,0x00,0x00,0x00,0x00,0x00,0x00,0x00,0x00,0x00,0x00,0x00,0x00,0x00,0x00,0x00,0x00,0x00,0x00,0x00,

};

const lv_image_dsc_t passport_pet_running_5 = {
  .header = {
    .magic = LV_IMAGE_HEADER_MAGIC,
    .cf = LV_COLOR_FORMAT_I8,
    .flags = 0,
    .w = 144,
    .h = 156,
    .stride = 144,
    .reserved_2 = 0,
  },
  .data_size = sizeof(passport_pet_running_5_map),
  .data = passport_pet_running_5_map,
  .reserved = NULL,
};
