
#if defined(LV_LVGL_H_INCLUDE_SIMPLE)
#include "lvgl.h"
#elif defined(LV_LVGL_H_INCLUDE_SYSTEM)
#include <lvgl.h>
#elif defined(LV_BUILD_TEST)
#include "../lvgl.h"
#else
#include "lvgl/lvgl.h"
#endif

#ifndef LV_ATTRIBUTE_MEM_ALIGN
#define LV_ATTRIBUTE_MEM_ALIGN
#endif

#ifndef LV_ATTRIBUTE_PASSPORT_PET_FAILED_4
#define LV_ATTRIBUTE_PASSPORT_PET_FAILED_4
#endif

static const
LV_ATTRIBUTE_MEM_ALIGN LV_ATTRIBUTE_LARGE_CONST LV_ATTRIBUTE_PASSPORT_PET_FAILED_4
uint8_t passport_pet_failed_4_map[] = {

    0x4c,0x70,0x47,0x00,0x1a,0x00,0x24,0x01,0xb2,0xde,0xe0,0x03,0xdd,0xff,0xff,0x01,
    0x98,0xa3,0xb8,0x03,0x8a,0x7f,0x93,0x02,0x17,0x1e,0x0e,0x04,0x91,0xa2,0xb9,0xff,
    0x57,0x4c,0x31,0x03,0xcf,0xde,0xef,0xfd,0x21,0x2c,0x30,0x0e,0xc1,0xdd,0xf7,0xfe,
    0x34,0x2e,0x1e,0x22,0xc7,0xe1,0xfd,0xfc,0xe9,0xff,0x00,0x01,0xce,0xe7,0xf8,0xd2,
    0x10,0x0b,0x0e,0x97,0x1d,0x15,0x19,0xfc,0xb4,0xc6,0xd9,0xff,0x21,0x17,0x12,0x60,
    0xed,0x9a,0x02,0xfe,0x9b,0xa5,0xae,0xfd,0x87,0xa7,0xaf,0x42,0xb4,0xcf,0xde,0xea,
    0xcc,0x98,0x0e,0xfb,0x10,0x0f,0x17,0x3e,0xc3,0xdc,0xe9,0x2a,0xcc,0xe5,0xfc,0xf8,
    0xc2,0xdc,0xef,0xa4,0xcb,0xe2,0xf6,0x7f,0xe4,0xef,0xfb,0x0b,0xc3,0xd9,0xea,0xbd,
    0xa0,0xb9,0xca,0x6f,0xae,0xce,0xda,0xd6,0xbe,0xdc,0xe9,0x1d,0xa8,0xc2,0xcd,0xc5,
    0xd5,0xe9,0xfb,0x8b,0xa3,0xc2,0xcc,0xa3,0xc5,0x89,0x0f,0xfe,0x76,0x91,0x9d,0x27,
    0xb7,0xd6,0xe9,0x3b,0x72,0x5c,0x14,0x5a,0x6f,0x7a,0x54,0x1a,0xc4,0xdb,0xee,0xf8,
    0x0a,0x06,0x0a,0xf1,0x0f,0x0b,0x0f,0xcb,0x9e,0xb8,0xc6,0x57,0x98,0xb7,0xc2,0x83,
    0x8b,0xb0,0xb2,0x10,0x9e,0x7a,0x06,0x40,0x93,0x7b,0x2f,0xfc,0x68,0x84,0x91,0x38,
    0x1b,0x13,0x0c,0xb4,0x64,0x8c,0x8d,0x5d,0x83,0x6f,0x1d,0x2d,0x9c,0x71,0x03,0x76,
    0xbe,0xdd,0xec,0x54,0xa4,0xc7,0xd7,0x16,0xbe,0x90,0x05,0xcb,0x87,0xa0,0xa7,0x62,
    0x4d,0x54,0x6b,0xa1,0xca,0xe0,0xf2,0x66,0x8a,0x9e,0xaf,0xb7,0x76,0x96,0x9f,0x7c,
    0xcf,0x95,0x04,0xed,0xa5,0xbe,0xdf,0xfc,0xa7,0xd1,0xd8,0x7d,0xb7,0xd9,0xe7,0xf3,
    0x12,0x0b,0x10,0xe7,0x88,0xa1,0xb1,0x8e,0xa5,0x74,0x04,0xd4,0xbe,0x87,0x03,0xac,
    0xa0,0xbf,0xd0,0xf1,0x1a,0x14,0x0d,0x4d,0x74,0x89,0x9b,0xba,0x87,0x95,0xa7,0xa7,
    0x7a,0x6c,0x04,0xab,0x65,0x95,0xa0,0x90,0xb0,0x89,0x05,0x8f,0x93,0x58,0x04,0xfd,
    0x9e,0xb6,0xca,0xe7,0x87,0x99,0xba,0xe9,0xc5,0xd0,0xeb,0xf6,0xdd,0xb4,0x0a,0xde,
    0x65,0x62,0xb5,0xf0,0x27,0x1f,0x28,0xf1,0x3e,0x3d,0x0d,0xf6,0x62,0x90,0x9d,0xe7,
    0xcc,0xe4,0xfc,0xff,0x22,0x18,0x1c,0xff,0x1b,0x13,0x17,0xff,0xbb,0xde,0xfc,0xff,
    0xbc,0xdf,0xfc,0xff,0xba,0xdd,0xfb,0xff,0xbe,0xe1,0xfd,0xff,0x0d,0x07,0x0b,0xff,
    0x1c,0x15,0x19,0xff,0xcb,0xe2,0xfc,0xff,0xc8,0xe2,0xfd,0xff,0xc2,0xe2,0xfd,0xff,
    0xca,0xe4,0xfd,0xff,0xc1,0xe1,0xfc,0xff,0x13,0x0d,0x10,0xff,0xc5,0xe2,0xfc,0xff,
    0x15,0x0f,0x14,0xff,0x19,0x11,0x15,0xff,0x10,0x0a,0x0e,0xff,0xc5,0xe4,0xfe,0xff,
    0xcb,0xe2,0xfb,0xff,0x1f,0x16,0x1a,0xff,0x24,0x1a,0x1f,0xff,0xc0,0xdf,0xfb,0xff,
    0xc9,0xe1,0xfa,0xff,0xcd,0xe5,0xfe,0xff,0xd1,0xe9,0xff,0xff,0x0a,0x05,0x09,0xff,
    0xcf,0xe7,0xff,0xff,0xc7,0xde,0xf9,0xff,0xd9,0xef,0xff,0xff,0xbd,0xe0,0xfd,0xff,
    0x26,0x1d,0x22,0xff,0xd6,0xec,0xff,0xff,0xc2,0xe7,0xff,0xff,0xe3,0xed,0xfb,0xff,
    0xb9,0xdb,0xfa,0xff,0xd5,0xe7,0xfb,0xff,0xda,0xf4,0xff,0xff,0xde,0xea,0xfa,0xff,
    0xe9,0xf4,0xff,0xff,0xd9,0x83,0x02,0xff,0xca,0xe7,0xff,0xff,0xce,0xed,0xff,0xff,
    0xf1,0x9f,0x03,0xff,0x03,0x00,0x03,0xff,0xbd,0xe4,0xfe,0xff,0xf5,0xa8,0x05,0xff,
    0xe5,0x86,0x00,0xff,0x2c,0x24,0x2b,0xff,0xf3,0xa5,0x03,0xff,0xca,0xea,0xff,0xff,
    0xe5,0x8b,0x01,0xff,0xe3,0xf1,0xff,0xff,0xfa,0xac,0x03,0xff,0xbf,0xd1,0xe3,0xff,
    0x8c,0x9a,0xb1,0xff,0x90,0xa9,0xc4,0xff,0xb6,0xd5,0xf7,0xff,0x82,0x94,0xaf,0xff,
    0xee,0xf9,0xff,0xff,0xa9,0xc4,0xe2,0xff,0xbd,0xd2,0xf1,0xff,0xa1,0xb9,0xd2,0xff,
    0xd4,0x7b,0x02,0xff,0xee,0x91,0x00,0xff,0xd0,0xe1,0xf8,0xff,0x9c,0xa9,0xba,0xff,
    0xe2,0xfb,0xff,0xff,0x9d,0xaf,0xc5,0xff,0xc9,0xdb,0xe9,0xff,0x99,0xb2,0xcf,0xff,
    0xaa,0xb7,0xc8,0xff,0x8b,0x96,0xa4,0xff,0xaa,0xcc,0xe0,0xfe,0xc3,0xd7,0xf8,0xff,
    0xbe,0xd8,0xf1,0xff,0x30,0x2f,0x37,0xff,0xd9,0xe5,0xf3,0xff,0xf5,0xfe,0xff,0xff,
    0xb0,0xd2,0xec,0xff,0xbb,0x6d,0x02,0xff,0xb2,0xbf,0xcf,0xff,0xa9,0xc8,0xf4,0xff,
    0x43,0x45,0x57,0xff,0xaf,0x65,0x03,0xff,0x5c,0x63,0x7e,0xff,0xb3,0xc9,0xea,0xff,
    0xc4,0xe1,0xf2,0xff,0xa4,0xc0,0xd9,0xff,0x7a,0x86,0x95,0xff,0x08,0x08,0x15,0xff,
    0x3f,0x20,0x2e,0xff,0xed,0x56,0x7b,0xff,0x61,0x63,0x70,0xff,0xa5,0xc0,0xf0,0xff,
    0xb7,0x7b,0x06,0xff,0xbf,0xcd,0xd7,0xff,0xcc,0x72,0x01,0xff,0x3e,0x2c,0x30,0xff,
    0xe7,0xad,0x21,0xff,0xae,0xb8,0xf7,0xff,0x73,0x7e,0x95,0xff,0xa7,0xac,0xf8,0xff,
    0x86,0x8a,0x99,0xff,0xdd,0x91,0x03,0xff,0x92,0x9f,0xaa,0xff,0xfc,0xa3,0x01,0xff,
    0xea,0x95,0x01,0xff,0xd5,0x47,0x6b,0xff,0x70,0x45,0x0c,0xff,0x7e,0x8e,0xa4,0xff,
    0xa9,0x71,0x07,0xff,0x67,0x6f,0x82,0xff,0xfd,0xb3,0x05,0xff,0x3b,0x3b,0x42,0xff,
    0x72,0x77,0x83,0xff,0x6f,0x38,0x4a,0xff,0x3b,0x24,0x0f,0xff,0xa9,0x4b,0x6a,0xff,
    0xb8,0xc3,0xfe,0xff,0x53,0x60,0x6b,0xff,0x7e,0x53,0x67,0xff,0xdc,0xb6,0x4c,0xff,
    0x47,0x30,0x37,0xff,0x17,0x96,0xba,0xff,0x9a,0xaa,0xe2,0xff,0x49,0x4f,0x84,0xff,
    0x87,0x4f,0x04,0xff,0x95,0x3d,0x5c,0xff,0x73,0x86,0xa8,0xff,0x71,0x62,0x22,0xff,
    0x66,0x6c,0x75,0xff,0x5b,0x30,0x40,0xff,0x0a,0xce,0xff,0xff,0x2a,0x2a,0x4a,0xff,
    0x60,0x3a,0x0a,0xff,0xe4,0x9f,0x0f,0xff,0xd5,0xbd,0x72,0xff,0xd2,0xcb,0x95,0xff,
    0xce,0xcf,0xaf,0xff,0xa6,0x5b,0x02,0xff,0x19,0x1b,0x27,0xff,0x56,0x56,0x57,0xff,
    0x0e,0xb0,0xe2,0xff,0xa7,0xb0,0xb2,0xff,0x8e,0xa1,0xcb,0xff,0x7f,0x85,0xd6,0xff,
    0xca,0xd7,0xc5,0xff,0x26,0x77,0x83,0xff,0x11,0xc2,0xf5,0xff,0x99,0xbb,0xe0,0xff,
    0x8b,0x93,0xd5,0xff,0xb7,0x37,0x5d,0xff,0xa8,0x9a,0x5a,0xff,0x5d,0x66,0xa8,0xff,
    0x4e,0x4e,0x39,0xff,0x71,0x7b,0xcc,0xff,0x12,0x56,0x71,0xff,0x9a,0x9b,0xf9,0xff,
    0x18,0x41,0x55,0xff,0x9a,0x64,0x85,0xff,0x8a,0x5f,0x7a,0xff,0xff,0x65,0x8d,0xff,
    0x78,0x44,0x57,0xff,0x5c,0x82,0x9e,0xff,0xf1,0x60,0x89,0xff,0x85,0x70,0x90,0xff,

    0x00,0x00,0x00,0x00,0x00,0x00,0x00,0x00,0x00,0x00,0x00,0x00,0x00,0x00,0x00,0x00,0x00,0x00,0x00,0x00,0x00,0x00,0x00,0x00,0x00,0x00,0x00,0x00,0x00,0x00,0x00,0x00,0x00,0x00,0x00,0x00,0x00,0x00,0x00,0x00,0x00,0x00,0x00,0x00,0x00,0x00,0x00,0x00,0x00,0x00,0x00,0x00,0x00,0x00,0x00,0x00,0x00,0x00,0x00,0x00,0x00,0x00,0x00,0x00,0x00,0x00,0x00,0x00,0x00,0x00,0x00,0x00,0x00,0x00,0x00,0x00,0x00,0x00,0x00,0x00,0x00,0x00,0x00,0x00,0x00,0x00,0x00,0x00,0x00,0x00,0x00,0x00,0x00,0x00,0x00,0x00,0x00,0x00,0x00,0x00,0x00,0x00,0x00,0x00,0x00,0x00,0x00,0x00,0x00,0x00,0x00,0x00,0x00,0x00,0x00,0x00,0x00,0x00,0x00,0x00,0x00,0x00,0x00,0x00,0x00,0x00,0x00,0x00,0x00,0x00,0x00,0x00,0x00,0x00,0x00,0x00,0x00,0x00,0x00,0x00,0x00,0x00,0x00,0x00,
    0x00,0x00,0x00,0x00,0x00,0x00,0x00,0x00,0x00,0x00,0x00,0x00,0x00,0x00,0x00,0x00,0x00,0x00,0x00,0x00,0x00,0x00,0x00,0x00,0x00,0x00,0x00,0x00,0x00,0x00,0x00,0x00,0x00,0x00,0x00,0x00,0x00,0x00,0x00,0x00,0x00,0x00,0x00,0x00,0x00,0x00,0x00,0x00,0x00,0x00,0x00,0x00,0x00,0x00,0x00,0x00,0x00,0x00,0x00,0x00,0x00,0x00,0x00,0x00,0x00,0x00,0x00,0x00,0x00,0x00,0x00,0x00,0x00,0x00,0x00,0x00,0x00,0x00,0x00,0x00,0x00,0x00,0x00,0x00,0x00,0x00,0x00,0x00,0x00,0x00,0x00,0x00,0x00,0x00,0x00,0x00,0x00,0x00,0x00,0x00,0x00,0x00,0x00,0x00,0x00,0x00,0x00,0x00,0x00,0x00,0x00,0x00,0x00,0x00,0x00,0x00,0x00,0x00,0x00,0x00,0x00,0x00,0x00,0x00,0x00,0x00,0x00,0x00,0x00,0x00,0x00,0x00,0x00,0x00,0x00,0x00,0x00,0x00,0x00,0x00,0x00,0x00,0x00,0x00,
    0x00,0x00,0x00,0x00,0x00,0x00,0x00,0x00,0x00,0x00,0x00,0x00,0x00,0x00,0x00,0x00,0x00,0x00,0x00,0x00,0x00,0x00,0x00,0x00,0x00,0x00,0x00,0x00,0x00,0x00,0x00,0x00,0x00,0x00,0x00,0x00,0x00,0x00,0x00,0x00,0x00,0x00,0x00,0x00,0x00,0x00,0x00,0x00,0x00,0x00,0x00,0x00,0x00,0x00,0x00,0x00,0x00,0x00,0x00,0x00,0x00,0x00,0x00,0x00,0x00,0x00,0x00,0x00,0x00,0x00,0x00,0x00,0x00,0x00,0x00,0x00,0x00,0x00,0x00,0x00,0x00,0x00,0x00,0x00,0x00,0x00,0x00,0x00,0x00,0x00,0x00,0x00,0x00,0x00,0x00,0x00,0x00,0x00,0x00,0x00,0x00,0x00,0x00,0x00,0x00,0x00,0x00,0x00,0x00,0x00,0x00,0x00,0x00,0x00,0x00,0x00,0x00,0x00,0x00,0x00,0x00,0x00,0x00,0x00,0x00,0x00,0x00,0x00,0x00,0x00,0x00,0x00,0x00,0x00,0x00,0x00,0x00,0x00,0x00,0x00,0x00,0x00,0x00,0x00,
    0x00,0x00,0x00,0x00,0x00,0x00,0x00,0x00,0x00,0x00,0x00,0x00,0x00,0x00,0x00,0x00,0x00,0x00,0x00,0x00,0x00,0x00,0x00,0x00,0x00,0x00,0x00,0x00,0x00,0x00,0x00,0x00,0x00,0x00,0x00,0x00,0x00,0x00,0x00,0x00,0x00,0x00,0x00,0x00,0x00,0x00,0x00,0x00,0x00,0x00,0x00,0x00,0x00,0x00,0x00,0x00,0x00,0x00,0x00,0x00,0x00,0x00,0x00,0x00,0x00,0x00,0x00,0x00,0x00,0x00,0x00,0x00,0x00,0x00,0x00,0x00,0x00,0x00,0x00,0x00,0x00,0x00,0x00,0x00,0x00,0x00,0x00,0x00,0x00,0x00,0x00,0x00,0x00,0x00,0x00,0x00,0x00,0x00,0x00,0x00,0x00,0x00,0x00,0x00,0x00,0x00,0x00,0x00,0x00,0x00,0x00,0x00,0x00,0x00,0x00,0x00,0x00,0x00,0x00,0x00,0x00,0x00,0x00,0x00,0x00,0x00,0x00,0x00,0x00,0x00,0x00,0x00,0x00,0x00,0x00,0x00,0x00,0x00,0x00,0x00,0x00,0x00,0x00,0x00,
    0x00,0x00,0x00,0x00,0x00,0x00,0x00,0x00,0x00,0x00,0x00,0x00,0x00,0x00,0x00,0x00,0x00,0x00,0x00,0x00,0x00,0x00,0x00,0x00,0x00,0x00,0x00,0x00,0x00,0x00,0x00,0x00,0x00,0x00,0x00,0x00,0x00,0x00,0x00,0x00,0x00,0x00,0x00,0x00,0x00,0x00,0x00,0x00,0x00,0x00,0x00,0x00,0x00,0x00,0x00,0x00,0x00,0x00,0x00,0x00,0x00,0x00,0x00,0x00,0x00,0x00,0x00,0x00,0x00,0x00,0x00,0x00,0x00,0x00,0x00,0x00,0x00,0x00,0x00,0x00,0x00,0x00,0x00,0x00,0x00,0x00,0x00,0x00,0x00,0x00,0x00,0x00,0x00,0x00,0x00,0x00,0x00,0x00,0x00,0x00,0x00,0x00,0x00,0x00,0x00,0x00,0x00,0x00,0x00,0x00,0x00,0x00,0x00,0x00,0x00,0x00,0x00,0x00,0x00,0x00,0x00,0x00,0x00,0x00,0x00,0x00,0x00,0x00,0x00,0x00,0x00,0x00,0x00,0x00,0x00,0x00,0x00,0x00,0x00,0x00,0x00,0x00,0x00,0x00,
    0x00,0x00,0x00,0x00,0x00,0x00,0x00,0x00,0x00,0x00,0x00,0x00,0x00,0x00,0x00,0x00,0x00,0x00,0x00,0x00,0x00,0x00,0x00,0x00,0x00,0x00,0x00,0x00,0x00,0x00,0x00,0x00,0x00,0x00,0x00,0x00,0x00,0x00,0x00,0x00,0x00,0x00,0x00,0x00,0x00,0x00,0x00,0x00,0x00,0x00,0x00,0x00,0x00,0x00,0x00,0x00,0x00,0x00,0x00,0x00,0x00,0x00,0x00,0x00,0x00,0x00,0x00,0x00,0x00,0x00,0x00,0x00,0x00,0x00,0x00,0x00,0x00,0x00,0x00,0x00,0x00,0x00,0x00,0x00,0x00,0x00,0x00,0x00,0x00,0x00,0x00,0x00,0x00,0x00,0x00,0x00,0x00,0x00,0x00,0x00,0x00,0x00,0x00,0x00,0x00,0x00,0x00,0x00,0x00,0x00,0x00,0x00,0x00,0x00,0x00,0x00,0x00,0x00,0x00,0x00,0x00,0x00,0x00,0x00,0x00,0x00,0x00,0x00,0x00,0x00,0x00,0x00,0x00,0x00,0x00,0x00,0x00,0x00,0x00,0x00,0x00,0x00,0x00,0x00,
    0x00,0x00,0x00,0x00,0x00,0x00,0x00,0x00,0x00,0x00,0x00,0x00,0x00,0x00,0x00,0x00,0x00,0x00,0x00,0x00,0x00,0x00,0x00,0x00,0x00,0x00,0x00,0x00,0x00,0x00,0x00,0x00,0x00,0x00,0x00,0x00,0x00,0x00,0x00,0x00,0x00,0x00,0x00,0x00,0x00,0x00,0x00,0x00,0x00,0x00,0x00,0x00,0x00,0x00,0x00,0x00,0x00,0x00,0x00,0x00,0x00,0x00,0x00,0x00,0x00,0x00,0x00,0x00,0x00,0x00,0x00,0x00,0x00,0x00,0x00,0x00,0x00,0x00,0x00,0x00,0x00,0x00,0x00,0x00,0x00,0x00,0x00,0x00,0x00,0x00,0x00,0x00,0x00,0x00,0x00,0x00,0x00,0x00,0x00,0x00,0x00,0x00,0x00,0x00,0x00,0x00,0x00,0x00,0x00,0x00,0x00,0x00,0x00,0x00,0x00,0x00,0x00,0x00,0x00,0x00,0x00,0x00,0x00,0x00,0x00,0x00,0x00,0x00,0x00,0x00,0x00,0x00,0x00,0x00,0x00,0x00,0x00,0x00,0x00,0x00,0x00,0x00,0x00,0x00,
    0x00,0x00,0x00,0x00,0x00,0x00,0x00,0x00,0x00,0x00,0x00,0x00,0x00,0x00,0x00,0x00,0x00,0x00,0x00,0x00,0x00,0x00,0x00,0x00,0x00,0x00,0x00,0x00,0x00,0x00,0x00,0x00,0x00,0x00,0x00,0x00,0x00,0x00,0x00,0x00,0x00,0x00,0x00,0x00,0x00,0x00,0x00,0x00,0x00,0x00,0x00,0x00,0x00,0x00,0x00,0x00,0x00,0x00,0x00,0x00,0x00,0x00,0x00,0x00,0x00,0x00,0x00,0x00,0x00,0x00,0x00,0x00,0x00,0x00,0x00,0x00,0x00,0x00,0x00,0x00,0x00,0x00,0x00,0x00,0x00,0x00,0x00,0x00,0x00,0x00,0x00,0x00,0x00,0x00,0x00,0x00,0x00,0x00,0x00,0x00,0x00,0x00,0x00,0x00,0x00,0x00,0x00,0x00,0x00,0x00,0x00,0x00,0x00,0x00,0x00,0x00,0x00,0x00,0x00,0x00,0x00,0x00,0x00,0x00,0x00,0x00,0x00,0x00,0x00,0x00,0x00,0x00,0x00,0x00,0x00,0x00,0x00,0x00,0x00,0x00,0x00,0x00,0x00,0x00,
    0x00,0x00,0x00,0x00,0x00,0x00,0x00,0x00,0x00,0x00,0x00,0x00,0x00,0x00,0x00,0x00,0x00,0x00,0x00,0x00,0x00,0x00,0x00,0x00,0x00,0x00,0x00,0x00,0x00,0x00,0x00,0x00,0x00,0x00,0x00,0x00,0x00,0x00,0x00,0x00,0x00,0x00,0x00,0x00,0x00,0x00,0x00,0x00,0x00,0x00,0x00,0x00,0x00,0x00,0x00,0x00,0x00,0x00,0x00,0x00,0x00,0x00,0x00,0x00,0x00,0x00,0x00,0x00,0x00,0x00,0x00,0x00,0x00,0x00,0x00,0x00,0x00,0x00,0x00,0x00,0x00,0x00,0x00,0x00,0x00,0x00,0x00,0x00,0x00,0x00,0x00,0x00,0x00,0x00,0x00,0x00,0x00,0x00,0x00,0x00,0x00,0x00,0x00,0x00,0x00,0x00,0x00,0x00,0x00,0x00,0x00,0x00,0x00,0x00,0x00,0x00,0x00,0x00,0x00,0x00,0x00,0x00,0x00,0x00,0x00,0x00,0x00,0x00,0x00,0x00,0x00,0x00,0x00,0x00,0x00,0x00,0x00,0x00,0x00,0x00,0x00,0x00,0x00,0x00,
    0x00,0x00,0x00,0x00,0x00,0x00,0x00,0x00,0x00,0x00,0x00,0x00,0x00,0x00,0x00,0x00,0x00,0x00,0x00,0x00,0x00,0x00,0x00,0x00,0x00,0x00,0x00,0x00,0x00,0x00,0x00,0x00,0x00,0x00,0x00,0x00,0x00,0x00,0x00,0x00,0x00,0x00,0x00,0x00,0x00,0x00,0x00,0x00,0x00,0x00,0x00,0x00,0x00,0x00,0x00,0x00,0x00,0x00,0x00,0x00,0x00,0x00,0x00,0x00,0x00,0x00,0x00,0x00,0x00,0x00,0x00,0x00,0x00,0x00,0x00,0x00,0x00,0x00,0x00,0x00,0x00,0x00,0x00,0x00,0x00,0x00,0x00,0x00,0x00,0x00,0x00,0x00,0x00,0x00,0x00,0x00,0x00,0x00,0x00,0x00,0x00,0x00,0x00,0x00,0x00,0x00,0x00,0x00,0x00,0x00,0x00,0x00,0x00,0x00,0x00,0x00,0x00,0x00,0x00,0x00,0x00,0x00,0x00,0x00,0x00,0x00,0x00,0x00,0x00,0x00,0x00,0x00,0x00,0x00,0x00,0x00,0x00,0x00,0x00,0x00,0x00,0x00,0x00,0x00,
    0x00,0x00,0x00,0x00,0x00,0x00,0x00,0x00,0x00,0x00,0x00,0x00,0x00,0x00,0x00,0x00,0x00,0x00,0x00,0x00,0x00,0x00,0x00,0x00,0x00,0x00,0x00,0x00,0x00,0x00,0x00,0x00,0x00,0x00,0x00,0x00,0x00,0x00,0x00,0x00,0x00,0x00,0x00,0x00,0x00,0x00,0x00,0x00,0x00,0x00,0x00,0x00,0x00,0x00,0x00,0x00,0x00,0x00,0x00,0x00,0x00,0x00,0x00,0x00,0x00,0x00,0x00,0x00,0x00,0x00,0x00,0x00,0x00,0x00,0x00,0x00,0x00,0x00,0x00,0x00,0x00,0x00,0x00,0x00,0x00,0x00,0x00,0x00,0x00,0x00,0x00,0x00,0x00,0x00,0x00,0x00,0x00,0x00,0x00,0x00,0x00,0x00,0x00,0x00,0x00,0x00,0x00,0x00,0x00,0x00,0x00,0x00,0x00,0x00,0x00,0x00,0x00,0x00,0x00,0x00,0x00,0x00,0x00,0x00,0x00,0x00,0x00,0x00,0x00,0x00,0x00,0x00,0x00,0x00,0x00,0x00,0x00,0x00,0x00,0x00,0x00,0x00,0x00,0x00,
    0x00,0x00,0x00,0x00,0x00,0x00,0x00,0x00,0x00,0x00,0x00,0x00,0x00,0x00,0x00,0x00,0x00,0x00,0x00,0x00,0x00,0x00,0x00,0x00,0x00,0x00,0x00,0x00,0x00,0x00,0x00,0x00,0x00,0x00,0x00,0x00,0x00,0x00,0x00,0x00,0x00,0x00,0x00,0x00,0x00,0x00,0x00,0x00,0x00,0x00,0x00,0x00,0x00,0x00,0x00,0x00,0x00,0x00,0x00,0x00,0x00,0x00,0x00,0x00,0x00,0x00,0x00,0x00,0x00,0x00,0x00,0x00,0x00,0x00,0x00,0x00,0x00,0x00,0x00,0x00,0x00,0x00,0x00,0x00,0x00,0x00,0x00,0x00,0x00,0x00,0x00,0x00,0x00,0x00,0x00,0x00,0x00,0x00,0x00,0x00,0x00,0x00,0x00,0x00,0x00,0x00,0x00,0x00,0x00,0x00,0x00,0x00,0x00,0x00,0x00,0x00,0x00,0x00,0x00,0x00,0x00,0x00,0x00,0x00,0x00,0x00,0x00,0x00,0x00,0x00,0x00,0x00,0x00,0x00,0x00,0x00,0x00,0x00,0x00,0x00,0x00,0x00,0x00,0x00,
    0x00,0x00,0x00,0x00,0x00,0x00,0x00,0x00,0x00,0x00,0x00,0x00,0x00,0x00,0x00,0x00,0x00,0x00,0x00,0x00,0x00,0x00,0x00,0x00,0x00,0x00,0x00,0x00,0x00,0x00,0x00,0x00,0x00,0x00,0x00,0x00,0x00,0x00,0x00,0x00,0x00,0x00,0x00,0x00,0x00,0x00,0x00,0x00,0x00,0x00,0x00,0x00,0x00,0x00,0x00,0x00,0x00,0x00,0x00,0x00,0x00,0x00,0x00,0x00,0x00,0x00,0x00,0x00,0x00,0x00,0x00,0x00,0x00,0x00,0x00,0x00,0x00,0x00,0x00,0x00,0x00,0x00,0x00,0x00,0x00,0x00,0x00,0x00,0x00,0x00,0x00,0x00,0x00,0x00,0x00,0x00,0x00,0x00,0x00,0x00,0x00,0x00,0x00,0x00,0x00,0x00,0x00,0x00,0x00,0x00,0x00,0x00,0x00,0x00,0x00,0x00,0x00,0x00,0x00,0x00,0x00,0x00,0x00,0x00,0x00,0x00,0x00,0x00,0x00,0x00,0x00,0x00,0x00,0x00,0x00,0x00,0x00,0x00,0x00,0x00,0x00,0x00,0x00,0x00,
    0x00,0x00,0x00,0x00,0x00,0x00,0x00,0x00,0x00,0x00,0x00,0x00,0x00,0x00,0x00,0x00,0x00,0x00,0x00,0x00,0x00,0x00,0x00,0x00,0x00,0x00,0x00,0x00,0x00,0x00,0x00,0x00,0x00,0x00,0x00,0x00,0x00,0x00,0x00,0x00,0x00,0x00,0x00,0x00,0x00,0x00,0x00,0x00,0x00,0x00,0x00,0x00,0x00,0x00,0x00,0x00,0x00,0x00,0x00,0x00,0x00,0x00,0x00,0x00,0x00,0x00,0x00,0x00,0x00,0x00,0x00,0x00,0x00,0x00,0x00,0x00,0x00,0x00,0x00,0x00,0x00,0x00,0x00,0x00,0x00,0x00,0x00,0x00,0x00,0x00,0x00,0x00,0x00,0x00,0x00,0x00,0x00,0x00,0x00,0x00,0x00,0x00,0x00,0x00,0x00,0x00,0x00,0x00,0x00,0x00,0x00,0x00,0x00,0x00,0x00,0x00,0x00,0x00,0x00,0x00,0x00,0x00,0x00,0x00,0x00,0x00,0x00,0x00,0x00,0x00,0x00,0x00,0x00,0x00,0x00,0x00,0x00,0x00,0x00,0x00,0x00,0x00,0x00,0x00,
    0x00,0x00,0x00,0x00,0x00,0x00,0x00,0x00,0x00,0x00,0x00,0x00,0x00,0x00,0x00,0x00,0x00,0x00,0x00,0x00,0x00,0x00,0x00,0x00,0x00,0x00,0x00,0x00,0x00,0x00,0x00,0x00,0x00,0x00,0x00,0x00,0x00,0x00,0x00,0x00,0x00,0x00,0x00,0x00,0x00,0x00,0x00,0x00,0x00,0x00,0x00,0x00,0x00,0x00,0x00,0x00,0x00,0x00,0x00,0x00,0x00,0x00,0x00,0x00,0x00,0x00,0x00,0x00,0x00,0x00,0x00,0x00,0x00,0x00,0x00,0x00,0x00,0x00,0x00,0x00,0x00,0x00,0x00,0x00,0x00,0x00,0x00,0x00,0x00,0x00,0x00,0x00,0x00,0x00,0x00,0x00,0x00,0x00,0x00,0x00,0x00,0x00,0x00,0x00,0x00,0x00,0x00,0x00,0x00,0x00,0x00,0x00,0x00,0x00,0x00,0x00,0x00,0x00,0x00,0x00,0x00,0x00,0x00,0x00,0x00,0x00,0x00,0x00,0x00,0x00,0x00,0x00,0x00,0x00,0x00,0x00,0x00,0x00,0x00,0x00,0x00,0x00,0x00,0x00,
    0x00,0x00,0x00,0x00,0x00,0x00,0x00,0x00,0x00,0x00,0x00,0x00,0x00,0x00,0x00,0x00,0x00,0x00,0x00,0x00,0x00,0x00,0x00,0x00,0x00,0x00,0x00,0x00,0x00,0x00,0x00,0x00,0x00,0x00,0x00,0x00,0x00,0x00,0x00,0x00,0x00,0x00,0x00,0x00,0x00,0x00,0x00,0x00,0x00,0x00,0x00,0x00,0x00,0x00,0x00,0x00,0x00,0x00,0x00,0x00,0x00,0x00,0x00,0x00,0x00,0x00,0x00,0x00,0x00,0x00,0x00,0x00,0x00,0x00,0x00,0x00,0x00,0x00,0x00,0x00,0x00,0x00,0x00,0x00,0x00,0x00,0x00,0x00,0x00,0x00,0x00,0x00,0x00,0x00,0x00,0x00,0x00,0x00,0x00,0x00,0x00,0x00,0x00,0x00,0x00,0x00,0x00,0x00,0x00,0x00,0x00,0x00,0x00,0x00,0x00,0x00,0x00,0x00,0x00,0x00,0x00,0x00,0x00,0x00,0x00,0x00,0x00,0x00,0x00,0x00,0x00,0x00,0x00,0x00,0x00,0x00,0x00,0x00,0x00,0x00,0x00,0x00,0x00,0x00,
    0x00,0x00,0x00,0x00,0x00,0x00,0x00,0x00,0x00,0x00,0x00,0x00,0x00,0x00,0x00,0x00,0x00,0x00,0x00,0x00,0x00,0x00,0x00,0x00,0x00,0x00,0x00,0x00,0x00,0x00,0x00,0x00,0x00,0x00,0x00,0x00,0x00,0x00,0x00,0x00,0x00,0x00,0x00,0x00,0x00,0x00,0x00,0x00,0x00,0x00,0x00,0x00,0x00,0x00,0x00,0x00,0x00,0x00,0x00,0x00,0x00,0x00,0x00,0x00,0x00,0x00,0x00,0x00,0x00,0x00,0x00,0x00,0x00,0x00,0x00,0x00,0x00,0x00,0x00,0x00,0x00,0x00,0x00,0x00,0x00,0x00,0x00,0x00,0x00,0x00,0x00,0x00,0x00,0x00,0x00,0x00,0x00,0x00,0x00,0x00,0x00,0x00,0x00,0x00,0x00,0x00,0x00,0x00,0x00,0x00,0x00,0x00,0x00,0x00,0x00,0x00,0x00,0x00,0x00,0x00,0x00,0x00,0x00,0x00,0x00,0x00,0x00,0x00,0x00,0x00,0x00,0x00,0x00,0x00,0x00,0x00,0x00,0x00,0x00,0x00,0x00,0x00,0x00,0x00,
    0x00,0x00,0x00,0x00,0x00,0x00,0x00,0x00,0x00,0x00,0x00,0x00,0x00,0x00,0x00,0x00,0x00,0x00,0x00,0x00,0x00,0x00,0x00,0x00,0x00,0x00,0x00,0x00,0x00,0x00,0x00,0x00,0x00,0x00,0x00,0x00,0x00,0x00,0x00,0x00,0x00,0x00,0x00,0x00,0x00,0x00,0x00,0x00,0x00,0x00,0x00,0x00,0x00,0x00,0x00,0x00,0x00,0x00,0x00,0x00,0x00,0x00,0x00,0x00,0x00,0x00,0x00,0x00,0x00,0x00,0x00,0x00,0x00,0x00,0x00,0x00,0x00,0x00,0x00,0x00,0x00,0x00,0x00,0x00,0x00,0x00,0x00,0x00,0x00,0x00,0x00,0x00,0x00,0x00,0x00,0x00,0x00,0x00,0x00,0x00,0x00,0x00,0x00,0x00,0x00,0x00,0x00,0x00,0x00,0x00,0x00,0x00,0x00,0x00,0x00,0x00,0x00,0x00,0x00,0x00,0x00,0x00,0x00,0x00,0x00,0x00,0x00,0x00,0x00,0x00,0x00,0x00,0x00,0x00,0x00,0x00,0x00,0x00,0x00,0x00,0x00,0x00,0x00,0x00,
    0x00,0x00,0x00,0x00,0x00,0x00,0x00,0x00,0x00,0x00,0x00,0x00,0x00,0x00,0x00,0x00,0x00,0x00,0x00,0x00,0x00,0x00,0x00,0x00,0x00,0x00,0x00,0x00,0x00,0x00,0x00,0x00,0x00,0x00,0x00,0x00,0x00,0x00,0x00,0x00,0x00,0x00,0x00,0x00,0x00,0x00,0x00,0x00,0x00,0x00,0x00,0x00,0x00,0x00,0x00,0x00,0x00,0x00,0x00,0x00,0x00,0x00,0x00,0x00,0x00,0x00,0x00,0x00,0x00,0x00,0x00,0x00,0x00,0x00,0x00,0x00,0x00,0x00,0x00,0x00,0x00,0x00,0x00,0x00,0x00,0x00,0x00,0x00,0x00,0x00,0x00,0x00,0x00,0x00,0x00,0x00,0x00,0x00,0x00,0x00,0x00,0x00,0x00,0x00,0x00,0x00,0x00,0x00,0x00,0x00,0x00,0x00,0x00,0x00,0x00,0x00,0x00,0x00,0x00,0x00,0x00,0x00,0x00,0x00,0x00,0x00,0x00,0x00,0x00,0x00,0x00,0x00,0x00,0x00,0x00,0x00,0x00,0x00,0x00,0x00,0x00,0x00,0x00,0x00,
    0x00,0x00,0x00,0x00,0x00,0x00,0x00,0x00,0x00,0x00,0x00,0x00,0x00,0x00,0x00,0x00,0x00,0x00,0x00,0x00,0x00,0x00,0x00,0x00,0x00,0x00,0x00,0x00,0x00,0x00,0x00,0x00,0x00,0x00,0x00,0x00,0x00,0x00,0x00,0x00,0x00,0x00,0x00,0x00,0x00,0x00,0x00,0x00,0x00,0x00,0x00,0x00,0x00,0x00,0x00,0x00,0x00,0x00,0x00,0x00,0x00,0x00,0x00,0x00,0x00,0x00,0x00,0x00,0x00,0x00,0x00,0x00,0x00,0x00,0x00,0x00,0x00,0x00,0x00,0x00,0x00,0x00,0x00,0x00,0x00,0x00,0x00,0x00,0x00,0x00,0x00,0x00,0x00,0x00,0x00,0x00,0x00,0x00,0x00,0x00,0x00,0x00,0x00,0x00,0x00,0x00,0x00,0x00,0x00,0x00,0x00,0x00,0x00,0x00,0x00,0x00,0x00,0x00,0x00,0x00,0x00,0x00,0x00,0x00,0x00,0x00,0x00,0x00,0x00,0x00,0x00,0x00,0x00,0x00,0x00,0x00,0x00,0x00,0x00,0x00,0x00,0x00,0x00,0x00,
    0x00,0x00,0x00,0x00,0x00,0x00,0x00,0x00,0x00,0x00,0x00,0x00,0x00,0x00,0x00,0x00,0x00,0x00,0x00,0x00,0x00,0x00,0x00,0x00,0x00,0x00,0x00,0x00,0x00,0x00,0x00,0x00,0x00,0x00,0x00,0x00,0x00,0x00,0x00,0x00,0x00,0x00,0x00,0x00,0x00,0x00,0x00,0x00,0x00,0x00,0x00,0x00,0x00,0x00,0x00,0x00,0x00,0x00,0x00,0x00,0x00,0x00,0x00,0x00,0x00,0x00,0x00,0x00,0x00,0x00,0x00,0x00,0x00,0x00,0x00,0x00,0x00,0x00,0x00,0x00,0x00,0x00,0x00,0x00,0x00,0x00,0x00,0x00,0x00,0x00,0x00,0x00,0x00,0x00,0x00,0x00,0x00,0x00,0x00,0x00,0x00,0x00,0x00,0x00,0x00,0x00,0x00,0x00,0x00,0x00,0x00,0x00,0x00,0x00,0x00,0x00,0x00,0x00,0x00,0x00,0x00,0x00,0x00,0x00,0x00,0x00,0x00,0x00,0x00,0x00,0x00,0x00,0x00,0x00,0x00,0x00,0x00,0x00,0x00,0x00,0x00,0x00,0x00,0x00,
    0x00,0x00,0x00,0x00,0x00,0x00,0x00,0x00,0x00,0x00,0x00,0x00,0x00,0x00,0x00,0x00,0x00,0x00,0x00,0x00,0x00,0x00,0x00,0x00,0x00,0x00,0x00,0x00,0x00,0x00,0x00,0x00,0x00,0x00,0x00,0x00,0x00,0x00,0x00,0x00,0x00,0x00,0x00,0x00,0x00,0x00,0x00,0x00,0x00,0x00,0x00,0x00,0x00,0x00,0x00,0x00,0x00,0x00,0x00,0x00,0x00,0x00,0x00,0x00,0x00,0x00,0x00,0x00,0x00,0x00,0x00,0x00,0x00,0x00,0x00,0x00,0x00,0x00,0x00,0x00,0x00,0x00,0x00,0x00,0x00,0x00,0x00,0x00,0x00,0x00,0x00,0x00,0x00,0x00,0x00,0x00,0x00,0x00,0x00,0x00,0x00,0x00,0x00,0x00,0x00,0x00,0x00,0x00,0x00,0x00,0x00,0x00,0x00,0x00,0x00,0x00,0x00,0x00,0x00,0x00,0x00,0x00,0x00,0x00,0x00,0x00,0x00,0x00,0x00,0x00,0x00,0x00,0x00,0x00,0x00,0x00,0x00,0x00,0x00,0x00,0x00,0x00,0x00,0x00,
    0x00,0x00,0x00,0x00,0x00,0x00,0x00,0x00,0x00,0x00,0x00,0x00,0x00,0x00,0x00,0x00,0x00,0x00,0x00,0x00,0x00,0x00,0x00,0x00,0x00,0x00,0x00,0x00,0x00,0x00,0x00,0x00,0x00,0x00,0x00,0x00,0x00,0x00,0x00,0x00,0x00,0x00,0x00,0x00,0x00,0x00,0x00,0x00,0x00,0x00,0x00,0x00,0x00,0x00,0x00,0x00,0x00,0x00,0x00,0x00,0x00,0x00,0x00,0x00,0x00,0x00,0x00,0x00,0x00,0x00,0x00,0x00,0x00,0x00,0x00,0x00,0x00,0x00,0x00,0x00,0x00,0x00,0x00,0x00,0x00,0x00,0x00,0x00,0x00,0x00,0x00,0x00,0x00,0x00,0x00,0x00,0x00,0x00,0x00,0x00,0x00,0x00,0x00,0x00,0x00,0x00,0x00,0x00,0x00,0x00,0x00,0x00,0x00,0x00,0x00,0x00,0x00,0x00,0x00,0x00,0x00,0x00,0x00,0x00,0x00,0x00,0x00,0x00,0x00,0x00,0x00,0x00,0x00,0x00,0x00,0x00,0x00,0x00,0x00,0x00,0x00,0x00,0x00,0x00,
    0x00,0x00,0x00,0x00,0x00,0x00,0x00,0x00,0x00,0x00,0x00,0x00,0x00,0x00,0x00,0x00,0x00,0x00,0x00,0x00,0x00,0x00,0x00,0x00,0x00,0x00,0x00,0x00,0x00,0x00,0x00,0x00,0x00,0x00,0x00,0x00,0x00,0x00,0x00,0x00,0x00,0x00,0x00,0x00,0x00,0x00,0x00,0x00,0x00,0x00,0x00,0x00,0x00,0x00,0x00,0x00,0x02,0x04,0x00,0x00,0x00,0x00,0x00,0x00,0x00,0x00,0x00,0x00,0x00,0x00,0x00,0x00,0x00,0x00,0x00,0x00,0x00,0x00,0x00,0x00,0x00,0x00,0x00,0x00,0x00,0x00,0x00,0x00,0x00,0x00,0x00,0x00,0x00,0x00,0x00,0x00,0x00,0x00,0x00,0x00,0x00,0x00,0x00,0x00,0x00,0x00,0x00,0x00,0x00,0x00,0x00,0x00,0x00,0x00,0x00,0x00,0x00,0x00,0x00,0x00,0x00,0x00,0x00,0x00,0x00,0x00,0x00,0x00,0x00,0x00,0x00,0x00,0x00,0x00,0x00,0x00,0x00,0x00,0x00,0x00,0x00,0x00,0x00,0x00,
    0x00,0x00,0x00,0x00,0x00,0x00,0x00,0x00,0x00,0x00,0x00,0x00,0x00,0x00,0x00,0x00,0x00,0x00,0x00,0x00,0x00,0x00,0x00,0x00,0x00,0x00,0x00,0x00,0x00,0x00,0x00,0x00,0x00,0x00,0x00,0x00,0x00,0x00,0x00,0x00,0x00,0x00,0x00,0x00,0x00,0x00,0x00,0x00,0x00,0x00,0x00,0x00,0x00,0x00,0x03,0x02,0x00,0x00,0x00,0x00,0x00,0x00,0x00,0x00,0x00,0x00,0x00,0x00,0x00,0x00,0x00,0x00,0x00,0x00,0x00,0x00,0x00,0x00,0x00,0x00,0x00,0x00,0x00,0x00,0x00,0x00,0x00,0x00,0x00,0x00,0x00,0x00,0x00,0x00,0x00,0x00,0x00,0x00,0x00,0x00,0x00,0x00,0x00,0x00,0x00,0x00,0x00,0x00,0x00,0x00,0x00,0x00,0x00,0x00,0x00,0x00,0x00,0x00,0x00,0x00,0x00,0x00,0x00,0x00,0x00,0x00,0x00,0x00,0x00,0x00,0x00,0x00,0x00,0x00,0x00,0x00,0x00,0x00,0x00,0x00,0x00,0x00,0x00,0x00,
    0x00,0x00,0x00,0x00,0x00,0x00,0x00,0x00,0x00,0x00,0x00,0x00,0x00,0x00,0x00,0x00,0x00,0x00,0x00,0x00,0x00,0x00,0x00,0x00,0x00,0x00,0x00,0x00,0x00,0x00,0x00,0x00,0x00,0x00,0x00,0x00,0x00,0x00,0x00,0x00,0x00,0x00,0x00,0x00,0x00,0x00,0x00,0x00,0x00,0x00,0x00,0x00,0x00,0x00,0x00,0x00,0x1a,0x38,0x00,0x03,0x00,0x00,0x00,0x00,0x00,0x00,0x00,0x00,0x00,0x00,0x00,0x00,0x00,0x00,0x00,0x00,0x00,0x00,0x00,0x00,0x00,0x00,0x00,0x00,0x00,0x00,0x00,0x00,0x00,0x00,0x00,0x00,0x00,0x00,0x00,0x00,0x00,0x00,0x00,0x00,0x00,0x00,0x00,0x00,0x00,0x00,0x00,0x00,0x00,0x00,0x00,0x00,0x00,0x00,0x00,0x00,0x00,0x00,0x00,0x00,0x00,0x00,0x00,0x00,0x00,0x00,0x00,0x00,0x00,0x00,0x00,0x00,0x00,0x00,0x00,0x00,0x00,0x00,0x00,0x00,0x00,0x00,0x00,0x00,
    0x00,0x00,0x00,0x00,0x00,0x00,0x00,0x00,0x00,0x00,0x00,0x00,0x00,0x00,0x00,0x00,0x00,0x00,0x00,0x00,0x00,0x00,0x00,0x00,0x00,0x00,0x00,0x00,0x00,0x00,0x00,0x00,0x00,0x00,0x00,0x00,0x00,0x00,0x00,0x00,0x00,0x00,0x00,0x00,0x00,0x00,0x00,0x00,0x00,0x00,0x00,0x00,0x03,0x04,0x22,0x24,0x17,0x1a,0x00,0x02,0x00,0x00,0x00,0x00,0x00,0x00,0x00,0x00,0x00,0x00,0x00,0x00,0x00,0x00,0x00,0x00,0x00,0x00,0x00,0x00,0x00,0x00,0x00,0x00,0x00,0x00,0x00,0x00,0x00,0x00,0x00,0x00,0x00,0x00,0x00,0x00,0x00,0x00,0x00,0x00,0x00,0x00,0x00,0x00,0x00,0x00,0x00,0x00,0x00,0x00,0x00,0x00,0x00,0x00,0x00,0x00,0x00,0x00,0x00,0x00,0x00,0x00,0x00,0x00,0x00,0x00,0x00,0x00,0x00,0x00,0x00,0x00,0x00,0x00,0x00,0x00,0x00,0x00,0x00,0x00,0x00,0x00,0x00,0x00,
    0x00,0x00,0x00,0x00,0x00,0x00,0x00,0x00,0x00,0x00,0x00,0x00,0x00,0x00,0x00,0x00,0x00,0x00,0x00,0x00,0x00,0x00,0x00,0x00,0x00,0x00,0x00,0x00,0x00,0x00,0x00,0x00,0x00,0x00,0x00,0x00,0x00,0x00,0x00,0x00,0x00,0x00,0x00,0x00,0x00,0x00,0x00,0x00,0x00,0x00,0x00,0x00,0x02,0x00,0x0f,0xa7,0x20,0x00,0x02,0x00,0x00,0x00,0x00,0x00,0x00,0x00,0x00,0x00,0x00,0x00,0x00,0x00,0x00,0x00,0x00,0x00,0x00,0x00,0x00,0x00,0x00,0x00,0x00,0x00,0x00,0x00,0x00,0x00,0x00,0x00,0x00,0x00,0x00,0x00,0x00,0x00,0x00,0x00,0x00,0x00,0x00,0x00,0x00,0x00,0x00,0x00,0x00,0x00,0x00,0x00,0x00,0x00,0x00,0x00,0x00,0x00,0x00,0x00,0x00,0x00,0x00,0x00,0x00,0x00,0x00,0x00,0x00,0x00,0x00,0x00,0x00,0x00,0x00,0x00,0x00,0x00,0x00,0x00,0x00,0x00,0x00,0x00,0x00,0x00,
    0x00,0x00,0x00,0x00,0x00,0x00,0x00,0x00,0x00,0x00,0x00,0x00,0x00,0x00,0x00,0x00,0x00,0x00,0x00,0x00,0x00,0x00,0x00,0x00,0x00,0x00,0x00,0x00,0x00,0x00,0x00,0x00,0x00,0x00,0x00,0x00,0x00,0x00,0x00,0x00,0x00,0x00,0x00,0x00,0x00,0x00,0x00,0x00,0x00,0x00,0x00,0x02,0x00,0x24,0xa7,0x09,0x16,0x03,0x04,0x00,0x00,0x00,0x00,0x00,0x00,0x00,0x00,0x00,0x00,0x00,0x00,0x00,0x00,0x00,0x00,0x00,0x00,0x00,0x00,0x00,0x00,0x00,0x00,0x00,0x00,0x00,0x00,0x00,0x00,0x00,0x00,0x00,0x00,0x00,0x00,0x00,0x00,0x00,0x00,0x00,0x00,0x00,0x00,0x00,0x00,0x00,0x00,0x00,0x00,0x00,0x00,0x00,0x00,0x00,0x00,0x00,0x00,0x00,0x00,0x00,0x00,0x00,0x00,0x00,0x00,0x00,0x00,0x00,0x00,0x00,0x00,0x00,0x00,0x00,0x00,0x00,0x00,0x00,0x00,0x00,0x00,0x00,0x00,0x00,
    0x00,0x00,0x00,0x00,0x00,0x00,0x00,0x00,0x00,0x00,0x00,0x00,0x00,0x00,0x00,0x00,0x00,0x00,0x00,0x00,0x00,0x00,0x00,0x00,0x00,0x00,0x00,0x00,0x00,0x00,0x00,0x00,0x00,0x00,0x00,0x00,0x00,0x00,0x00,0x00,0x00,0x00,0x00,0x00,0x00,0x00,0x00,0x00,0x00,0x00,0x05,0x03,0x27,0x95,0x79,0xaa,0x33,0x00,0x04,0x00,0x00,0x00,0x00,0x00,0x00,0x00,0x00,0x05,0x02,0x02,0x02,0x02,0x02,0x02,0x05,0x01,0x00,0x00,0x00,0x00,0x00,0x00,0x00,0x00,0x00,0x00,0x00,0x00,0x00,0x00,0x00,0x00,0x00,0x00,0x00,0x00,0x00,0x00,0x00,0x00,0x00,0x00,0x00,0x00,0x00,0x00,0x00,0x00,0x00,0x00,0x00,0x00,0x00,0x00,0x00,0x00,0x00,0x00,0x00,0x00,0x00,0x00,0x00,0x00,0x00,0x00,0x00,0x00,0x00,0x00,0x00,0x00,0x00,0x00,0x00,0x00,0x00,0x00,0x00,0x00,0x00,0x00,0x00,0x00,
    0x00,0x00,0x00,0x00,0x00,0x00,0x00,0x00,0x00,0x00,0x00,0x00,0x00,0x00,0x00,0x00,0x00,0x00,0x00,0x00,0x00,0x00,0x00,0x00,0x00,0x00,0x00,0x00,0x00,0x00,0x00,0x00,0x00,0x00,0x00,0x00,0x00,0x00,0x00,0x00,0x00,0x00,0x00,0x00,0x00,0x00,0x00,0x00,0x00,0x00,0x04,0x00,0x3f,0xb0,0x79,0x17,0x30,0x00,0x03,0x00,0x00,0x03,0x04,0x02,0x04,0x02,0x02,0x00,0x00,0x00,0x00,0x00,0x00,0x00,0x00,0x00,0x04,0x02,0x02,0x03,0x00,0x00,0x00,0x00,0x00,0x00,0x00,0x00,0x00,0x00,0x00,0x00,0x00,0x00,0x00,0x00,0x00,0x00,0x00,0x00,0x00,0x00,0x00,0x00,0x00,0x00,0x00,0x00,0x00,0x00,0x00,0x00,0x00,0x00,0x00,0x00,0x00,0x00,0x00,0x00,0x00,0x00,0x00,0x00,0x00,0x00,0x00,0x00,0x00,0x00,0x00,0x00,0x00,0x00,0x00,0x00,0x00,0x00,0x00,0x00,0x00,0x00,0x00,0x00,
    0x00,0x00,0x00,0x00,0x00,0x00,0x00,0x00,0x00,0x00,0x00,0x00,0x00,0x00,0x00,0x00,0x00,0x00,0x00,0x00,0x00,0x00,0x00,0x00,0x00,0x00,0x00,0x00,0x00,0x00,0x00,0x00,0x00,0x00,0x00,0x00,0x00,0x00,0x00,0x00,0x00,0x00,0x00,0x00,0x00,0x00,0x00,0x00,0x00,0x00,0x02,0x00,0x2f,0x76,0x1b,0x79,0x28,0x00,0x02,0x04,0x02,0x00,0x00,0x00,0x00,0x00,0x00,0x22,0x1a,0x1d,0x1d,0x1d,0x1a,0x1a,0x39,0x00,0x00,0x00,0x00,0x00,0x02,0x04,0x03,0x00,0x00,0x00,0x00,0x00,0x00,0x00,0x00,0x00,0x00,0x00,0x00,0x00,0x00,0x00,0x00,0x00,0x00,0x00,0x00,0x00,0x00,0x00,0x00,0x00,0x00,0x00,0x00,0x00,0x00,0x00,0x00,0x00,0x00,0x00,0x00,0x00,0x00,0x00,0x00,0x00,0x00,0x00,0x00,0x00,0x00,0x00,0x00,0x00,0x00,0x00,0x00,0x00,0x00,0x00,0x00,0x00,0x00,0x00,0x00,0x00,
    0x00,0x00,0x00,0x00,0x00,0x00,0x00,0x00,0x00,0x00,0x00,0x00,0x00,0x00,0x00,0x00,0x00,0x00,0x00,0x00,0x00,0x00,0x00,0x00,0x00,0x00,0x00,0x00,0x00,0x00,0x00,0x00,0x00,0x00,0x00,0x00,0x00,0x00,0x00,0x00,0x00,0x00,0x00,0x00,0x00,0x00,0x00,0x00,0x00,0x00,0x02,0x00,0x42,0x76,0x1b,0xa4,0x16,0x02,0x04,0x00,0x00,0x30,0x2e,0x20,0x23,0x23,0x1f,0x2b,0x70,0x76,0x7e,0x7e,0x70,0x9e,0x17,0x21,0x1f,0x20,0x2e,0x2a,0x00,0x00,0x00,0x02,0x00,0x00,0x00,0x00,0x00,0x00,0x00,0x00,0x00,0x00,0x00,0x00,0x00,0x00,0x00,0x00,0x00,0x00,0x00,0x00,0x00,0x00,0x00,0x00,0x00,0x00,0x00,0x00,0x00,0x00,0x00,0x00,0x00,0x00,0x00,0x00,0x00,0x00,0x00,0x00,0x00,0x00,0x00,0x00,0x00,0x00,0x00,0x00,0x00,0x00,0x00,0x00,0x00,0x00,0x00,0x00,0x00,0x00,0x00,0x00,
    0x00,0x00,0x00,0x00,0x00,0x00,0x00,0x00,0x00,0x00,0x00,0x00,0x00,0x00,0x00,0x00,0x00,0x00,0x00,0x00,0x00,0x00,0x00,0x00,0x00,0x00,0x00,0x00,0x00,0x00,0x00,0x00,0x00,0x00,0x00,0x00,0x00,0x00,0x00,0x00,0x00,0x00,0x00,0x00,0x00,0x00,0x00,0x00,0x00,0x00,0x02,0x00,0x1d,0x8d,0x1b,0x6c,0x3e,0x00,0x06,0x16,0x25,0x17,0x0b,0x71,0x64,0x83,0x79,0x74,0x61,0x1b,0x1b,0x0d,0x61,0x62,0x67,0x8b,0x74,0x82,0x67,0x17,0x25,0x16,0x06,0x00,0x04,0x02,0x00,0x00,0x00,0x00,0x00,0x00,0x00,0x00,0x00,0x00,0x00,0x00,0x00,0x00,0x00,0x00,0x00,0x00,0x00,0x00,0x00,0x00,0x00,0x00,0x00,0x00,0x00,0x00,0x00,0x00,0x00,0x00,0x00,0x00,0x00,0x00,0x00,0x00,0x00,0x00,0x00,0x00,0x00,0x00,0x00,0x00,0x00,0x00,0x00,0x00,0x00,0x00,0x00,0x00,0x00,0x00,0x00,0x00,
    0x00,0x00,0x00,0x00,0x00,0x00,0x00,0x00,0x00,0x00,0x00,0x00,0x00,0x00,0x00,0x00,0x00,0x00,0x00,0x00,0x00,0x00,0x00,0x00,0x00,0x00,0x00,0x00,0x00,0x00,0x00,0x00,0x00,0x00,0x00,0x00,0x00,0x00,0x00,0x00,0x00,0x00,0x00,0x00,0x00,0x00,0x00,0x00,0x00,0x00,0x02,0x00,0x38,0x9c,0x6c,0x74,0x8f,0x4d,0x21,0x6f,0x6b,0x63,0x5d,0x5d,0x5d,0x7c,0x7c,0x5c,0x77,0x77,0x65,0x65,0x77,0x77,0x5d,0x7c,0x5b,0x5b,0x77,0x6b,0x8b,0xa4,0x21,0x28,0x00,0x00,0x02,0x03,0x00,0x00,0x00,0x00,0x00,0x00,0x00,0x00,0x00,0x00,0x00,0x00,0x00,0x00,0x00,0x00,0x00,0x00,0x00,0x00,0x00,0x00,0x00,0x00,0x00,0x00,0x00,0x00,0x00,0x00,0x00,0x00,0x00,0x00,0x00,0x00,0x00,0x00,0x00,0x00,0x00,0x00,0x00,0x00,0x00,0x00,0x00,0x00,0x00,0x00,0x00,0x00,0x00,0x00,0x00,0x00,
    0x00,0x00,0x00,0x00,0x00,0x00,0x00,0x00,0x00,0x00,0x00,0x00,0x00,0x00,0x00,0x00,0x00,0x00,0x00,0x00,0x00,0x00,0x00,0x00,0x00,0x00,0x00,0x00,0x00,0x00,0x00,0x00,0x00,0x00,0x00,0x00,0x00,0x00,0x00,0x00,0x00,0x00,0x00,0x00,0x00,0x00,0x00,0x00,0x00,0x00,0x00,0x02,0x02,0x1c,0x7d,0x6c,0x76,0xa2,0xb1,0x67,0x6f,0x6f,0x6f,0x65,0x62,0x67,0x65,0x77,0x77,0x77,0x77,0x5c,0x5b,0x5c,0x77,0x77,0x65,0x65,0x65,0x6f,0x0d,0x58,0x79,0x75,0x1f,0x16,0x00,0x00,0x05,0x00,0x00,0x00,0x00,0x00,0x00,0x00,0x00,0x00,0x00,0x00,0x00,0x00,0x00,0x00,0x00,0x00,0x00,0x00,0x00,0x00,0x00,0x00,0x00,0x00,0x00,0x00,0x00,0x00,0x00,0x00,0x00,0x00,0x00,0x00,0x00,0x00,0x00,0x00,0x00,0x00,0x00,0x00,0x00,0x00,0x00,0x00,0x00,0x00,0x00,0x00,0x00,0x00,0x00,0x00,
    0x00,0x00,0x00,0x00,0x00,0x00,0x00,0x00,0x00,0x00,0x00,0x00,0x00,0x00,0x00,0x00,0x00,0x00,0x00,0x00,0x00,0x00,0x00,0x00,0x00,0x00,0x00,0x00,0x00,0x00,0x00,0x00,0x00,0x00,0x00,0x00,0x00,0x00,0x00,0x00,0x00,0x00,0x00,0x00,0x00,0x00,0x00,0x00,0x00,0x00,0x00,0x04,0x00,0x22,0xa2,0x91,0x9f,0x41,0x91,0x95,0x58,0x58,0x58,0x58,0x58,0x58,0x61,0x62,0x67,0x65,0x77,0x5c,0x5d,0x5c,0x65,0x77,0x67,0x58,0x58,0x58,0x70,0x5b,0x6f,0x0d,0x83,0x43,0x2f,0x2a,0x00,0x02,0x00,0x00,0x00,0x00,0x00,0x00,0x00,0x00,0x00,0x00,0x00,0x00,0x00,0x00,0x00,0x00,0x00,0x00,0x00,0x00,0x00,0x00,0x00,0x00,0x00,0x00,0x00,0x00,0x00,0x00,0x00,0x00,0x00,0x00,0x00,0x00,0x00,0x00,0x00,0x00,0x00,0x00,0x00,0x00,0x00,0x00,0x00,0x00,0x00,0x00,0x00,0x00,0x00,0x00,
    0x00,0x00,0x00,0x00,0x00,0x00,0x00,0x00,0x00,0x00,0x00,0x00,0x00,0x00,0x00,0x00,0x00,0x00,0x00,0x00,0x00,0x00,0x00,0x00,0x00,0x00,0x00,0x00,0x00,0x00,0x00,0x00,0x00,0x00,0x00,0x00,0x00,0x00,0x00,0x00,0x00,0x00,0x00,0x00,0x00,0x00,0x00,0x00,0x00,0x00,0x02,0x00,0x38,0x2b,0x6b,0x92,0xaf,0x97,0x95,0x92,0x64,0x58,0x58,0x61,0x61,0x61,0x58,0x58,0x62,0x61,0x62,0x67,0x65,0x65,0x67,0x67,0x70,0x67,0x62,0x61,0x6c,0x62,0x65,0x65,0x6f,0x71,0x83,0x48,0x35,0x00,0x04,0x00,0x00,0x00,0x00,0x00,0x00,0x00,0x00,0x00,0x00,0x00,0x00,0x00,0x00,0x00,0x00,0x00,0x00,0x00,0x00,0x00,0x00,0x00,0x00,0x00,0x00,0x00,0x00,0x00,0x00,0x00,0x00,0x00,0x00,0x00,0x00,0x00,0x00,0x00,0x00,0x00,0x00,0x00,0x00,0x00,0x00,0x00,0x00,0x00,0x00,0x00,0x00,0x00,
    0x00,0x00,0x00,0x00,0x00,0x00,0x00,0x00,0x00,0x00,0x00,0x00,0x00,0x00,0x00,0x00,0x00,0x00,0x00,0x00,0x00,0x00,0x00,0x00,0x00,0x00,0x00,0x00,0x00,0x00,0x00,0x00,0x00,0x00,0x00,0x00,0x00,0x00,0x00,0x00,0x00,0x00,0x00,0x00,0x00,0x00,0x00,0x00,0x00,0x02,0x00,0x29,0x41,0x8b,0x7c,0x5c,0x86,0x6b,0x63,0x5e,0x65,0x65,0x67,0x62,0x62,0x62,0x67,0x65,0x5c,0x77,0x65,0x65,0x61,0x6f,0x5c,0x6f,0x65,0x67,0x62,0x61,0x61,0x58,0x58,0x58,0x58,0x70,0x61,0x72,0x12,0x2e,0x00,0x04,0x00,0x00,0x00,0x00,0x00,0x00,0x00,0x00,0x00,0x00,0x00,0x00,0x00,0x00,0x00,0x00,0x00,0x00,0x00,0x00,0x00,0x00,0x00,0x00,0x00,0x00,0x00,0x00,0x00,0x00,0x00,0x00,0x00,0x00,0x00,0x00,0x00,0x00,0x00,0x00,0x00,0x00,0x00,0x00,0x00,0x00,0x00,0x00,0x00,0x00,0x00,0x00,
    0x00,0x00,0x00,0x00,0x00,0x00,0x00,0x00,0x00,0x00,0x00,0x00,0x00,0x00,0x00,0x00,0x00,0x00,0x00,0x00,0x00,0x00,0x00,0x00,0x00,0x00,0x00,0x00,0x00,0x00,0x00,0x00,0x00,0x00,0x00,0x00,0x00,0x00,0x00,0x00,0x00,0x00,0x00,0x00,0x00,0x00,0x00,0x02,0x02,0x00,0x2e,0x97,0x96,0x67,0x65,0x67,0x67,0x6c,0x6f,0x77,0x77,0x5c,0x5c,0x5c,0x77,0x5c,0x5d,0x5b,0x6f,0x65,0x62,0x61,0x61,0x62,0x6c,0x62,0x6c,0x58,0x61,0x61,0x61,0x58,0x70,0x75,0x70,0x70,0x65,0x6f,0x74,0x9a,0x25,0x00,0x02,0x01,0x00,0x00,0x00,0x00,0x00,0x00,0x00,0x00,0x00,0x00,0x00,0x00,0x00,0x00,0x00,0x00,0x00,0x00,0x00,0x00,0x00,0x00,0x00,0x00,0x00,0x00,0x00,0x00,0x00,0x00,0x00,0x00,0x00,0x00,0x00,0x00,0x00,0x00,0x00,0x00,0x00,0x00,0x00,0x00,0x00,0x00,0x00,0x00,0x00,0x00,
    0x00,0x00,0x00,0x00,0x00,0x00,0x00,0x00,0x00,0x00,0x00,0x00,0x00,0x00,0x00,0x00,0x00,0x00,0x00,0x00,0x00,0x00,0x00,0x00,0x00,0x00,0x00,0x00,0x00,0x00,0x00,0x00,0x00,0x00,0x00,0x00,0x00,0x00,0x00,0x00,0x00,0x00,0x00,0x00,0x00,0x01,0x02,0x00,0x01,0x25,0xb0,0x74,0x58,0x58,0x58,0x58,0x62,0x65,0x77,0x77,0x5c,0x5c,0x5c,0x5b,0x5c,0x5c,0x6f,0x67,0x62,0x58,0x58,0x58,0x61,0x58,0x58,0x61,0x61,0x61,0x61,0x61,0x6c,0x70,0x6c,0x75,0x70,0x70,0x67,0x67,0x70,0x61,0x75,0x2e,0x00,0x02,0x00,0x00,0x00,0x00,0x00,0x00,0x00,0x00,0x00,0x00,0x00,0x00,0x00,0x00,0x00,0x00,0x00,0x00,0x00,0x00,0x00,0x00,0x00,0x00,0x00,0x00,0x00,0x00,0x00,0x00,0x00,0x00,0x00,0x00,0x00,0x00,0x00,0x00,0x00,0x00,0x00,0x00,0x00,0x00,0x00,0x00,0x00,0x00,0x00,0x00,
    0x00,0x00,0x00,0x00,0x00,0x00,0x00,0x00,0x00,0x00,0x00,0x00,0x00,0x00,0x00,0x00,0x00,0x00,0x00,0x00,0x00,0x00,0x00,0x00,0x00,0x00,0x00,0x00,0x00,0x00,0x00,0x00,0x00,0x00,0x00,0x00,0x00,0x00,0x00,0x00,0x00,0x00,0x00,0x00,0x00,0x00,0x00,0x33,0x23,0x76,0x58,0x70,0x61,0x61,0x58,0x62,0x5c,0x5c,0x5b,0x5c,0x77,0x77,0x77,0x63,0x67,0x67,0x58,0x58,0x58,0x61,0x62,0x61,0x58,0x61,0x61,0x58,0x61,0x61,0x61,0x61,0x6c,0x75,0x58,0x75,0x75,0x64,0x61,0x58,0x6c,0x6f,0x74,0x8f,0x33,0x00,0x05,0x00,0x00,0x00,0x00,0x00,0x00,0x00,0x00,0x00,0x00,0x00,0x00,0x00,0x00,0x00,0x00,0x00,0x00,0x00,0x00,0x00,0x00,0x00,0x00,0x00,0x00,0x00,0x00,0x00,0x00,0x00,0x00,0x00,0x00,0x00,0x00,0x00,0x00,0x00,0x00,0x00,0x00,0x00,0x00,0x00,0x00,0x00,0x00,0x00,
    0x00,0x00,0x00,0x00,0x00,0x00,0x00,0x00,0x00,0x00,0x00,0x00,0x00,0x00,0x00,0x00,0x00,0x00,0x00,0x00,0x00,0x00,0x00,0x00,0x00,0x00,0x00,0x00,0x00,0x00,0x00,0x00,0x00,0x00,0x00,0x00,0x00,0x00,0x00,0x00,0x00,0x00,0x00,0x01,0x01,0x0a,0x1c,0x12,0x79,0x0d,0x67,0x67,0x61,0x61,0x61,0x62,0x5b,0x5c,0x5e,0x67,0x62,0x61,0x61,0x58,0x58,0x61,0x62,0x62,0x61,0x62,0x6f,0x6f,0x65,0x6f,0x6f,0x67,0x61,0x61,0x61,0x61,0x61,0x61,0x61,0x61,0x6c,0x70,0x6c,0x6c,0x61,0x58,0x70,0x62,0x43,0x28,0x02,0x02,0x00,0x00,0x00,0x00,0x00,0x00,0x00,0x00,0x00,0x00,0x00,0x00,0x00,0x00,0x00,0x00,0x00,0x00,0x00,0x00,0x00,0x00,0x00,0x00,0x00,0x00,0x00,0x00,0x00,0x00,0x00,0x00,0x00,0x00,0x00,0x00,0x00,0x00,0x00,0x00,0x00,0x00,0x00,0x00,0x00,0x00,0x00,0x00,
    0x00,0x00,0x00,0x00,0x00,0x00,0x00,0x00,0x00,0x00,0x00,0x00,0x00,0x00,0x00,0x00,0x00,0x00,0x00,0x00,0x00,0x00,0x00,0x00,0x00,0x00,0x00,0x00,0x00,0x00,0x00,0x00,0x00,0x00,0x00,0x00,0x00,0x00,0x00,0x00,0x00,0x00,0x00,0x04,0x00,0x3c,0xaa,0x83,0x7c,0x5b,0x5b,0x5b,0x5e,0x77,0x65,0x67,0x62,0x62,0x61,0x58,0x61,0x61,0x61,0x62,0x65,0x62,0x67,0x67,0x6f,0x77,0x5e,0x67,0x62,0x65,0x0b,0x5b,0x67,0x58,0x61,0x61,0x61,0x61,0x61,0x61,0x70,0x6c,0x70,0x61,0x61,0x61,0x62,0x0d,0x76,0x45,0x00,0x02,0x00,0x00,0x00,0x00,0x00,0x00,0x00,0x00,0x00,0x00,0x00,0x00,0x00,0x00,0x00,0x00,0x00,0x00,0x00,0x00,0x00,0x00,0x00,0x00,0x00,0x00,0x00,0x00,0x00,0x00,0x00,0x00,0x00,0x00,0x00,0x00,0x00,0x00,0x00,0x00,0x00,0x00,0x00,0x00,0x00,0x00,0x00,0x00,
    0x00,0x00,0x00,0x00,0x00,0x00,0x00,0x00,0x00,0x00,0x00,0x00,0x00,0x00,0x00,0x00,0x00,0x00,0x00,0x00,0x00,0x00,0x00,0x00,0x00,0x00,0x00,0x00,0x00,0x00,0x00,0x00,0x00,0x00,0x00,0x00,0x00,0x00,0x00,0x00,0x00,0x00,0x00,0x02,0x02,0x1c,0x83,0x7c,0x7c,0x5d,0x5b,0x65,0x65,0x67,0x61,0x61,0x61,0x61,0x61,0x61,0x61,0x58,0x58,0x62,0x62,0x65,0x77,0x5b,0x6f,0x67,0x5c,0x77,0x5c,0x6f,0x65,0x6c,0x61,0x58,0x61,0x61,0x61,0x61,0x6c,0x61,0x70,0x6c,0x61,0x61,0x61,0x61,0x61,0x6c,0x71,0x43,0x16,0x03,0x04,0x00,0x00,0x00,0x00,0x00,0x00,0x00,0x00,0x00,0x00,0x00,0x00,0x00,0x00,0x00,0x00,0x00,0x00,0x00,0x00,0x00,0x00,0x00,0x00,0x00,0x00,0x00,0x00,0x00,0x00,0x00,0x00,0x00,0x00,0x00,0x00,0x00,0x00,0x00,0x00,0x00,0x00,0x00,0x00,0x00,0x00,0x00,
    0x00,0x00,0x00,0x00,0x00,0x00,0x00,0x00,0x00,0x00,0x00,0x00,0x00,0x00,0x00,0x00,0x00,0x00,0x00,0x00,0x00,0x00,0x00,0x00,0x00,0x00,0x00,0x00,0x00,0x00,0x00,0x00,0x00,0x00,0x00,0x00,0x00,0x00,0x00,0x00,0x00,0x00,0x03,0x00,0x02,0x1b,0x82,0x7c,0x6f,0x65,0x65,0x62,0x65,0x62,0x61,0x62,0x61,0x58,0x61,0x61,0x67,0x65,0x65,0x67,0x65,0x5c,0x77,0x67,0x70,0x65,0x6f,0x6f,0x5d,0x65,0x67,0x67,0x67,0x70,0x6c,0x58,0x62,0x65,0x75,0x75,0x6c,0x6c,0x61,0x61,0x61,0x61,0x58,0x58,0x0d,0x83,0x23,0x00,0x02,0x00,0x00,0x00,0x00,0x00,0x00,0x00,0x00,0x00,0x00,0x00,0x00,0x00,0x00,0x00,0x00,0x00,0x00,0x00,0x00,0x00,0x00,0x00,0x00,0x00,0x00,0x00,0x00,0x00,0x00,0x00,0x00,0x00,0x00,0x00,0x00,0x00,0x00,0x00,0x00,0x00,0x00,0x00,0x00,0x00,0x00,0x00,
    0x00,0x00,0x00,0x00,0x00,0x00,0x00,0x00,0x00,0x00,0x00,0x00,0x00,0x00,0x00,0x00,0x00,0x00,0x00,0x00,0x00,0x00,0x00,0x00,0x00,0x00,0x00,0x00,0x00,0x00,0x00,0x00,0x00,0x00,0x00,0x00,0x00,0x00,0x00,0x00,0x00,0x00,0x04,0x04,0x24,0x72,0x0d,0x6c,0x6c,0x67,0x65,0x77,0x5c,0x5c,0x65,0x62,0x62,0x62,0x65,0x62,0x67,0x77,0x77,0x77,0x5b,0x6f,0x5c,0x61,0x58,0x67,0x6f,0x70,0x67,0x77,0x62,0x65,0x6f,0x0b,0x75,0x62,0x70,0x6f,0x6f,0x75,0x70,0x70,0x61,0x61,0x61,0x58,0x62,0x65,0x77,0x6b,0x0b,0x16,0x00,0x04,0x00,0x00,0x00,0x00,0x00,0x00,0x00,0x00,0x00,0x00,0x00,0x00,0x00,0x00,0x00,0x00,0x00,0x00,0x00,0x00,0x00,0x00,0x00,0x00,0x00,0x00,0x00,0x00,0x00,0x00,0x00,0x00,0x00,0x00,0x00,0x00,0x00,0x00,0x00,0x00,0x00,0x00,0x00,0x00,0x00,0x00,
    0x00,0x00,0x00,0x00,0x00,0x00,0x00,0x00,0x00,0x00,0x00,0x00,0x00,0x00,0x00,0x00,0x00,0x00,0x00,0x00,0x00,0x00,0x00,0x00,0x00,0x00,0x00,0x00,0x00,0x00,0x00,0x00,0x00,0x00,0x00,0x00,0x00,0x00,0x00,0x00,0x00,0x02,0x01,0x3d,0x9c,0x0d,0x61,0x65,0x6f,0x5b,0x5c,0x77,0x77,0x67,0x65,0x77,0x77,0x77,0x77,0x77,0x5c,0x5e,0x67,0x67,0x63,0x67,0x77,0x61,0x61,0x70,0x5c,0x63,0x61,0x5b,0x5b,0x5d,0x65,0x65,0x75,0x70,0x6c,0x75,0x70,0x75,0x75,0x70,0x61,0x58,0x62,0x65,0x65,0x77,0x62,0x70,0x83,0x50,0x06,0x03,0x03,0x00,0x00,0x00,0x00,0x00,0x00,0x00,0x00,0x00,0x00,0x00,0x00,0x00,0x00,0x00,0x00,0x00,0x00,0x00,0x00,0x00,0x00,0x00,0x00,0x00,0x00,0x00,0x00,0x00,0x00,0x00,0x00,0x00,0x00,0x00,0x00,0x00,0x00,0x00,0x00,0x00,0x00,0x00,0x00,0x00,
    0x00,0x00,0x00,0x00,0x00,0x00,0x00,0x00,0x00,0x00,0x00,0x00,0x00,0x00,0x00,0x00,0x00,0x00,0x00,0x00,0x00,0x00,0x00,0x00,0x00,0x00,0x00,0x00,0x00,0x00,0x00,0x00,0x00,0x00,0x00,0x00,0x00,0x00,0x00,0x00,0x00,0x02,0x00,0x1f,0x79,0x0d,0x6f,0x5c,0x5b,0x77,0x77,0x77,0x62,0x67,0x77,0x77,0x62,0x65,0x77,0x77,0x77,0x5e,0x70,0x6f,0x5b,0x65,0x65,0x5e,0x77,0x65,0x62,0x6f,0x5d,0x5b,0x5b,0x5b,0x6f,0x6f,0x5b,0x6f,0x0b,0x67,0x70,0x70,0x6c,0x70,0x58,0x61,0x5c,0x5b,0x65,0x67,0x62,0x6c,0x65,0xb0,0x28,0x01,0x02,0x00,0x00,0x00,0x00,0x00,0x00,0x00,0x00,0x00,0x00,0x00,0x00,0x00,0x00,0x00,0x00,0x00,0x00,0x00,0x00,0x00,0x00,0x00,0x00,0x00,0x00,0x00,0x00,0x00,0x00,0x00,0x00,0x00,0x00,0x00,0x00,0x00,0x00,0x00,0x00,0x00,0x00,0x00,0x00,0x00,
    0x00,0x00,0x00,0x00,0x00,0x00,0x00,0x00,0x00,0x00,0x00,0x00,0x00,0x00,0x00,0x00,0x00,0x00,0x00,0x00,0x00,0x00,0x00,0x00,0x00,0x00,0x00,0x00,0x00,0x00,0x00,0x00,0x00,0x00,0x00,0x00,0x00,0x00,0x00,0x00,0x04,0x00,0x16,0x9e,0x5e,0x5b,0x5c,0x77,0x65,0x62,0x67,0x61,0x67,0x67,0x77,0x77,0x65,0x67,0x65,0x62,0x67,0x65,0x58,0x65,0x77,0x77,0x65,0x5c,0x5c,0x5c,0x67,0x65,0x5c,0x5c,0x5c,0x5c,0x6f,0x75,0x5b,0x5d,0x5d,0x5d,0x70,0x70,0x6f,0x70,0x67,0x6f,0x5c,0x77,0x77,0x65,0x62,0x5e,0x6f,0x7e,0x1c,0x00,0x02,0x00,0x00,0x00,0x00,0x00,0x00,0x00,0x00,0x00,0x00,0x00,0x00,0x00,0x00,0x00,0x00,0x00,0x00,0x00,0x00,0x00,0x00,0x00,0x00,0x00,0x00,0x00,0x00,0x00,0x00,0x00,0x00,0x00,0x00,0x00,0x00,0x00,0x00,0x00,0x00,0x00,0x00,0x00,0x00,0x00,
    0x00,0x00,0x00,0x00,0x00,0x00,0x00,0x00,0x00,0x00,0x00,0x00,0x00,0x00,0x00,0x00,0x00,0x00,0x00,0x00,0x00,0x00,0x00,0x00,0x00,0x00,0x00,0x00,0x00,0x00,0x00,0x00,0x00,0x00,0x00,0x00,0x00,0x00,0x00,0x00,0x02,0x00,0x25,0x64,0x5d,0x5d,0x5c,0x77,0x77,0x65,0x62,0x58,0x77,0x62,0x62,0x65,0x62,0x61,0x58,0x65,0x77,0x77,0x65,0x77,0x77,0x77,0x5b,0x5d,0x5c,0x5b,0x5b,0x5b,0x5c,0x5b,0x5b,0x5c,0x5c,0x75,0x6f,0x5b,0x5b,0x5b,0x6f,0x75,0x6f,0x6f,0x6f,0x5b,0x5b,0x5b,0x65,0x67,0x65,0x77,0x70,0x74,0x43,0x22,0x03,0x02,0x00,0x00,0x00,0x00,0x00,0x00,0x00,0x00,0x00,0x00,0x00,0x00,0x00,0x00,0x00,0x00,0x00,0x00,0x00,0x00,0x00,0x00,0x00,0x00,0x00,0x00,0x00,0x00,0x00,0x00,0x00,0x00,0x00,0x00,0x00,0x00,0x00,0x00,0x00,0x00,0x00,0x00,0x00,0x00,
    0x00,0x00,0x00,0x00,0x00,0x00,0x00,0x00,0x00,0x00,0x00,0x00,0x00,0x00,0x00,0x00,0x00,0x00,0x00,0x00,0x00,0x00,0x00,0x00,0x00,0x00,0x00,0x00,0x00,0x00,0x00,0x00,0x00,0x00,0x00,0x00,0x00,0x00,0x00,0x05,0x03,0x22,0x09,0x5b,0x7c,0x5d,0x5d,0x5c,0x77,0x77,0x65,0x67,0x77,0x65,0x62,0x74,0x61,0x65,0x67,0x77,0x77,0x5c,0x5b,0x5b,0x5b,0x5c,0x5c,0x5d,0x5b,0x5c,0x5b,0x77,0x5b,0x5b,0x5b,0x5b,0x5b,0x5b,0x77,0x65,0x5c,0x5c,0x5b,0x6f,0x67,0x5b,0x5d,0x5d,0x5c,0x70,0x70,0x67,0x62,0x58,0x6c,0x1b,0x83,0x3f,0x00,0x04,0x00,0x00,0x00,0x00,0x00,0x00,0x00,0x00,0x00,0x00,0x00,0x00,0x00,0x00,0x00,0x00,0x00,0x00,0x00,0x00,0x00,0x00,0x00,0x00,0x00,0x00,0x00,0x00,0x00,0x00,0x00,0x00,0x00,0x00,0x00,0x00,0x00,0x00,0x00,0x00,0x00,0x00,0x00,0x00,
    0x00,0x00,0x00,0x00,0x00,0x00,0x00,0x00,0x00,0x00,0x00,0x00,0x00,0x00,0x00,0x00,0x00,0x00,0x00,0x00,0x00,0x00,0x00,0x00,0x00,0x00,0x00,0x00,0x00,0x00,0x00,0x00,0x00,0x00,0x00,0x00,0x00,0x00,0x00,0x02,0x00,0x3d,0x7e,0x7c,0x5d,0x5d,0x5b,0x77,0x77,0x77,0x77,0x77,0x77,0x77,0x6f,0xa8,0x71,0x65,0x77,0x65,0x77,0x77,0x65,0x65,0x5c,0x5b,0x5b,0x5d,0x5d,0x5d,0x5d,0x5c,0x5c,0x5b,0x5c,0x5d,0x5c,0x5c,0x5c,0x5b,0x5b,0x5c,0x65,0x77,0x5b,0x5b,0x5c,0x6f,0x75,0x6c,0x67,0x6f,0x67,0x61,0x61,0x6c,0x72,0x23,0x00,0x03,0x00,0x00,0x00,0x00,0x00,0x00,0x00,0x00,0x00,0x00,0x00,0x00,0x00,0x00,0x00,0x00,0x00,0x00,0x00,0x00,0x00,0x00,0x00,0x00,0x00,0x00,0x00,0x00,0x00,0x00,0x00,0x00,0x00,0x00,0x00,0x00,0x00,0x00,0x00,0x00,0x00,0x00,0x00,0x00,
    0x00,0x00,0x00,0x00,0x00,0x00,0x00,0x00,0x00,0x00,0x00,0x00,0x00,0x00,0x00,0x00,0x00,0x00,0x00,0x00,0x00,0x00,0x00,0x00,0x00,0x00,0x00,0x00,0x00,0x00,0x00,0x00,0x00,0x00,0x00,0x00,0x00,0x00,0x03,0x05,0x30,0x21,0x82,0x0b,0x5b,0x5c,0x5c,0x77,0x77,0x77,0x63,0x77,0x5c,0x7a,0xb1,0x97,0x82,0x5d,0x77,0x65,0x77,0x77,0x65,0x61,0x77,0x5e,0x7c,0xab,0x5c,0x5d,0x5d,0x5b,0x5b,0x5c,0x5c,0x5c,0x67,0x67,0x62,0x65,0x5c,0x5c,0x77,0x5b,0x5b,0x5c,0x5d,0x5d,0x6f,0x6f,0x5b,0x5d,0x6c,0x61,0x61,0x70,0x76,0x17,0x02,0x00,0x00,0x00,0x00,0x00,0x00,0x00,0x00,0x00,0x00,0x00,0x00,0x00,0x00,0x00,0x00,0x00,0x00,0x00,0x00,0x00,0x00,0x00,0x00,0x00,0x00,0x00,0x00,0x00,0x00,0x00,0x00,0x00,0x00,0x00,0x00,0x00,0x00,0x00,0x00,0x00,0x00,0x00,0x00,0x00,
    0x00,0x00,0x00,0x00,0x00,0x00,0x00,0x00,0x00,0x00,0x00,0x00,0x00,0x00,0x00,0x00,0x00,0x00,0x00,0x00,0x00,0x00,0x00,0x00,0x00,0x00,0x00,0x00,0x00,0x00,0x00,0x00,0x00,0x00,0x00,0x00,0x00,0x00,0x02,0x00,0x27,0xa8,0x71,0x6c,0x65,0x77,0x77,0x77,0x5e,0x5b,0x92,0x58,0x70,0x8b,0xb2,0xa8,0x77,0x7c,0x5d,0x5d,0x5c,0x5c,0x5c,0x77,0x62,0x58,0x75,0x93,0x70,0x62,0x62,0x65,0x5b,0x5d,0x77,0xab,0x7c,0x65,0x6f,0x6f,0x5b,0x5b,0x5d,0x5d,0x5b,0x5b,0x5b,0x5d,0x5b,0x5c,0x5c,0x6f,0x61,0x61,0x61,0x61,0x58,0x7f,0x28,0x00,0x04,0x00,0x00,0x00,0x00,0x00,0x00,0x00,0x00,0x00,0x00,0x00,0x00,0x00,0x00,0x00,0x00,0x00,0x00,0x00,0x00,0x00,0x00,0x00,0x00,0x00,0x00,0x00,0x00,0x00,0x00,0x00,0x00,0x00,0x00,0x00,0x00,0x00,0x00,0x00,0x00,0x00,0x00,0x00,
    0x00,0x00,0x00,0x00,0x00,0x00,0x00,0x00,0x00,0x00,0x00,0x00,0x00,0x00,0x00,0x00,0x00,0x00,0x00,0x00,0x00,0x00,0x00,0x00,0x00,0x00,0x00,0x00,0x00,0x00,0x00,0x00,0x00,0x00,0x00,0x00,0x00,0x00,0x04,0x00,0x20,0x72,0x58,0x6c,0x65,0x77,0x77,0x5d,0x5e,0xab,0x92,0x6f,0x83,0x9d,0xc9,0x8b,0x67,0x67,0x77,0x5c,0x5b,0x5c,0x5b,0x77,0x61,0x6c,0x74,0xb6,0x97,0x83,0x70,0x65,0x5b,0x5d,0x5e,0x92,0xab,0x5e,0x5d,0x5b,0x5b,0x5d,0x5d,0x5d,0x5d,0x5d,0x6f,0x65,0x5b,0x6f,0x6f,0x67,0x61,0x61,0x61,0x61,0x1b,0x79,0x20,0x00,0x02,0x00,0x00,0x00,0x00,0x00,0x00,0x00,0x00,0x00,0x00,0x00,0x00,0x00,0x00,0x00,0x00,0x00,0x00,0x00,0x00,0x00,0x00,0x00,0x00,0x00,0x00,0x00,0x00,0x00,0x00,0x00,0x00,0x00,0x00,0x00,0x00,0x00,0x00,0x00,0x00,0x00,0x00,0x00,
    0x00,0x00,0x00,0x00,0x00,0x00,0x00,0x00,0x00,0x00,0x00,0x00,0x00,0x00,0x00,0x00,0x00,0x00,0x00,0x00,0x00,0x00,0x00,0x00,0x00,0x00,0x00,0x00,0x00,0x00,0x00,0x00,0x00,0x00,0x00,0x00,0x00,0x00,0x03,0x00,0x23,0x83,0x0d,0x67,0x7a,0x77,0x5d,0x77,0x92,0xb7,0x5c,0x5c,0xa4,0xcc,0xc2,0x7a,0x5b,0x65,0x5e,0x65,0x67,0x62,0x67,0x61,0x61,0x61,0x82,0xa1,0x93,0xa4,0x65,0x7c,0x5d,0x5d,0x5d,0x5c,0xef,0x0b,0x65,0x5c,0x77,0x77,0x5c,0x5c,0x77,0x67,0x70,0x62,0x62,0x67,0x5c,0x62,0x58,0x61,0x61,0x61,0x1b,0x76,0x4b,0x01,0x02,0x00,0x00,0x00,0x00,0x00,0x00,0x00,0x00,0x00,0x00,0x00,0x00,0x00,0x00,0x00,0x00,0x00,0x00,0x00,0x00,0x00,0x00,0x00,0x00,0x00,0x00,0x00,0x00,0x00,0x00,0x00,0x00,0x00,0x00,0x00,0x00,0x00,0x00,0x00,0x00,0x00,0x00,0x00,
    0x00,0x00,0x00,0x00,0x00,0x00,0x00,0x00,0x00,0x00,0x00,0x00,0x00,0x00,0x00,0x00,0x00,0x00,0x00,0x00,0x00,0x00,0x00,0x00,0x00,0x00,0x00,0x00,0x00,0x00,0x00,0x00,0x00,0x00,0x00,0x00,0x00,0x00,0x00,0x00,0x17,0x7a,0x5b,0x7c,0x41,0x5b,0x7a,0x8b,0xb7,0x92,0x67,0x8b,0x07,0x15,0x9d,0x8b,0x65,0x67,0x62,0x61,0x67,0x61,0x62,0x62,0x61,0x70,0x72,0xa1,0x12,0x91,0x72,0x70,0x65,0x5c,0x75,0x74,0x95,0xaf,0x74,0x67,0x61,0x58,0x70,0x77,0x77,0x65,0x62,0x67,0x67,0x5c,0x5b,0x77,0x61,0x61,0x61,0x61,0x70,0x83,0x51,0x0a,0x00,0x03,0x00,0x00,0x00,0x00,0x00,0x00,0x00,0x00,0x00,0x00,0x00,0x00,0x00,0x00,0x00,0x00,0x00,0x00,0x00,0x00,0x00,0x00,0x00,0x00,0x00,0x00,0x00,0x00,0x00,0x00,0x00,0x00,0x00,0x00,0x00,0x00,0x00,0x00,0x00,0x00,0x00,0x00,
    0x00,0x00,0x00,0x00,0x00,0x00,0x00,0x00,0x00,0x00,0x00,0x00,0x00,0x00,0x00,0x00,0x00,0x00,0x00,0x00,0x00,0x00,0x00,0x00,0x00,0x00,0x00,0x00,0x00,0x00,0x00,0x00,0x00,0x00,0x00,0x00,0x00,0x02,0x00,0x28,0x1b,0x5d,0x8b,0x90,0xd9,0xf9,0x93,0x91,0x9f,0x83,0x82,0xb1,0xa0,0xb9,0xa0,0x79,0x6c,0x58,0x58,0x61,0x61,0x61,0x61,0x61,0x61,0x6c,0x72,0x93,0x09,0xa0,0x95,0x72,0x6c,0x62,0x61,0x71,0x96,0x9f,0x82,0x6c,0x61,0x65,0x5c,0x5b,0x5b,0x5b,0x5c,0x5c,0x5c,0x5b,0x5d,0x5b,0x5c,0x67,0x75,0x6c,0x70,0x79,0x50,0x0a,0x00,0x01,0x00,0x00,0x00,0x00,0x00,0x00,0x00,0x00,0x00,0x00,0x00,0x00,0x00,0x00,0x00,0x00,0x00,0x00,0x00,0x00,0x00,0x00,0x00,0x00,0x00,0x00,0x00,0x00,0x00,0x00,0x00,0x00,0x00,0x00,0x00,0x00,0x00,0x00,0x00,0x00,0x00,0x00,
    0x00,0x00,0x00,0x00,0x00,0x00,0x00,0x00,0x00,0x00,0x00,0x00,0x00,0x00,0x00,0x00,0x00,0x00,0x00,0x00,0x00,0x00,0x00,0x00,0x00,0x00,0x00,0x00,0x00,0x00,0x00,0x00,0x00,0x00,0x00,0x00,0x00,0x02,0x00,0x28,0x8b,0x6f,0x86,0xfa,0xb5,0xb5,0xc5,0xcf,0xd2,0x91,0x6b,0xc7,0x7b,0x9d,0x12,0x82,0x70,0x58,0x61,0x61,0x61,0x61,0x61,0x61,0x61,0x70,0x83,0x07,0xb9,0x7f,0x90,0x6b,0x75,0x6f,0x5c,0x5b,0x6f,0x91,0xa4,0x65,0x77,0x5c,0x5b,0x5b,0x5b,0x92,0x75,0x6f,0x65,0x5c,0x5d,0x65,0x62,0x61,0x61,0x61,0x70,0x74,0x52,0x27,0x00,0x02,0x00,0x00,0x00,0x00,0x00,0x00,0x00,0x00,0x00,0x00,0x00,0x00,0x00,0x00,0x00,0x00,0x00,0x00,0x00,0x00,0x00,0x00,0x00,0x00,0x00,0x00,0x00,0x00,0x00,0x00,0x00,0x00,0x00,0x00,0x00,0x00,0x00,0x00,0x00,0x00,0x00,0x00,
    0x00,0x00,0x00,0x00,0x00,0x00,0x00,0x00,0x00,0x00,0x00,0x00,0x00,0x00,0x00,0x00,0x00,0x00,0x00,0x00,0x00,0x00,0x00,0x00,0x00,0x00,0x00,0x00,0x00,0x00,0x00,0x00,0x00,0x00,0x00,0x00,0x00,0x02,0x00,0x3f,0x0b,0x72,0xa2,0xd9,0xb5,0xb5,0xfe,0xfb,0xd9,0x91,0x97,0xa0,0x94,0x9b,0xaf,0x64,0x67,0x58,0x61,0x61,0x61,0x61,0x58,0x61,0x61,0x70,0x83,0x07,0xaa,0x9c,0xa0,0x9d,0x82,0x7c,0x5d,0x7c,0x7a,0x91,0x95,0x82,0x77,0x67,0x5c,0x67,0x71,0xa8,0x0b,0x71,0x65,0x5b,0x5c,0x63,0x58,0x6c,0x61,0x6c,0x61,0x6c,0x82,0x20,0x00,0x02,0x00,0x00,0x00,0x00,0x00,0x00,0x00,0x00,0x00,0x00,0x00,0x00,0x00,0x00,0x00,0x00,0x00,0x00,0x00,0x00,0x00,0x00,0x00,0x00,0x00,0x00,0x00,0x00,0x00,0x00,0x00,0x00,0x00,0x00,0x00,0x00,0x00,0x00,0x00,0x00,0x00,0x00,
    0x00,0x00,0x00,0x00,0x00,0x00,0x00,0x00,0x00,0x00,0x00,0x00,0x00,0x00,0x00,0x00,0x00,0x00,0x00,0x00,0x00,0x00,0x00,0x00,0x00,0x00,0x00,0x00,0x00,0x00,0x00,0x00,0x00,0x00,0x00,0x00,0x00,0x02,0x08,0x3e,0x74,0x58,0x0b,0x07,0xf9,0xcf,0xc5,0xb5,0xd2,0xa8,0x90,0x7b,0x80,0x9b,0x96,0x74,0x62,0x62,0x5c,0x6f,0x5c,0x77,0x6f,0x77,0x77,0x5d,0x8b,0x91,0xaa,0x8d,0x7b,0x90,0xa4,0x67,0x5c,0x5b,0x82,0x95,0x9f,0x72,0x6f,0x77,0x62,0x58,0x71,0x92,0x92,0x71,0x5c,0x5c,0x5c,0x77,0x65,0x75,0x0b,0x75,0x6c,0x0d,0x6b,0x35,0x00,0x04,0x00,0x00,0x00,0x00,0x00,0x00,0x00,0x00,0x00,0x00,0x00,0x00,0x00,0x00,0x00,0x00,0x00,0x00,0x00,0x00,0x00,0x00,0x00,0x00,0x00,0x00,0x00,0x00,0x00,0x00,0x00,0x00,0x00,0x00,0x00,0x00,0x00,0x00,0x00,0x00,0x00,0x00,
    0x00,0x00,0x00,0x00,0x00,0x00,0x00,0x00,0x00,0x00,0x00,0x00,0x00,0x00,0x00,0x00,0x00,0x00,0x00,0x00,0x00,0x00,0x00,0x00,0x00,0x00,0x00,0x00,0x00,0x00,0x00,0x00,0x00,0x00,0x00,0x00,0x01,0x00,0x0a,0xa1,0x72,0x6c,0x8b,0x83,0x86,0xa8,0x90,0xd2,0x93,0x97,0xaa,0xa7,0x80,0x9b,0x9e,0x71,0x61,0x67,0x5b,0x5d,0x5d,0x5b,0x5c,0x5b,0x5d,0x7c,0x7a,0x9d,0xa0,0x80,0x8d,0xb9,0x07,0x83,0x70,0x58,0x71,0xa4,0x91,0x82,0x6c,0x61,0x58,0x58,0x71,0xa3,0xab,0x63,0x5c,0x77,0x5b,0x5d,0x5d,0x5b,0x5b,0x6f,0x6f,0x7c,0x7a,0x35,0x00,0x02,0x00,0x00,0x00,0x00,0x00,0x00,0x00,0x00,0x00,0x00,0x00,0x00,0x00,0x00,0x00,0x00,0x00,0x00,0x00,0x00,0x00,0x00,0x00,0x00,0x00,0x00,0x00,0x00,0x00,0x00,0x00,0x00,0x00,0x00,0x00,0x00,0x00,0x00,0x00,0x00,0x00,0x00,
    0x00,0x00,0x00,0x00,0x00,0x00,0x00,0x00,0x00,0x00,0x00,0x00,0x00,0x00,0x00,0x00,0x00,0x00,0x00,0x00,0x00,0x00,0x00,0x00,0x00,0x00,0x00,0x00,0x00,0x00,0x00,0x00,0x00,0x00,0x00,0x00,0x03,0x00,0x30,0x17,0x64,0xa4,0x9f,0x95,0x5e,0x7e,0xa2,0xb1,0x86,0x93,0xa6,0x7f,0x8d,0x15,0xa4,0x65,0x5d,0x5b,0x5b,0x5d,0x5c,0x77,0x77,0x77,0x5c,0x6f,0x8b,0x9d,0xe9,0x80,0x9a,0x76,0xc2,0x95,0x72,0x6f,0x6f,0x65,0x91,0xa4,0x5c,0x5b,0x65,0x65,0x65,0x5d,0xab,0x5c,0x5b,0x77,0x5c,0x5b,0x77,0x62,0x62,0x67,0x5d,0xb7,0x8b,0x2f,0x00,0x02,0x00,0x00,0x00,0x00,0x00,0x00,0x00,0x00,0x00,0x00,0x00,0x00,0x00,0x00,0x00,0x00,0x00,0x00,0x00,0x00,0x00,0x00,0x00,0x00,0x00,0x00,0x00,0x00,0x00,0x00,0x00,0x00,0x00,0x00,0x00,0x00,0x00,0x00,0x00,0x00,0x00,0x00,
    0x00,0x00,0x00,0x00,0x00,0x00,0x00,0x00,0x00,0x00,0x00,0x00,0x00,0x00,0x00,0x00,0x00,0x00,0x00,0x00,0x00,0x00,0x00,0x00,0x00,0x00,0x00,0x00,0x00,0x00,0x00,0x00,0x00,0x00,0x00,0x00,0x03,0x00,0x1e,0x2b,0x76,0x9d,0xcd,0xcf,0xfa,0x90,0xda,0x95,0xef,0x91,0x79,0x75,0x71,0x90,0xa4,0x5c,0x77,0x5d,0x5d,0x5b,0x5c,0x77,0x77,0x67,0x58,0x6c,0x79,0xb1,0x15,0x80,0x7f,0x7b,0xa6,0xc7,0x6b,0x65,0x7c,0x86,0x91,0xaf,0x5e,0x7c,0x5d,0x5d,0x7c,0x5c,0xb7,0x7c,0x5c,0x77,0x77,0x77,0x62,0x58,0x58,0x6c,0x74,0xef,0x7c,0x1f,0x00,0x04,0x00,0x00,0x00,0x00,0x00,0x00,0x00,0x00,0x00,0x00,0x00,0x00,0x00,0x00,0x00,0x00,0x00,0x00,0x00,0x00,0x00,0x00,0x00,0x00,0x00,0x00,0x00,0x00,0x00,0x00,0x00,0x00,0x00,0x00,0x00,0x00,0x00,0x00,0x00,0x00,0x00,0x00,
    0x00,0x00,0x00,0x00,0x00,0x00,0x00,0x00,0x00,0x00,0x00,0x00,0x00,0x00,0x00,0x00,0x00,0x00,0x00,0x00,0x00,0x00,0x00,0x00,0x00,0x00,0x00,0x00,0x00,0x00,0x00,0x00,0x00,0x00,0x00,0x00,0x02,0x00,0x1a,0x1b,0x76,0x93,0xf1,0xb5,0xc5,0xf1,0xd9,0xd2,0xda,0x96,0x74,0x70,0x58,0x90,0xa4,0x6f,0xaf,0x5e,0x65,0x77,0x5c,0x77,0x77,0x77,0x67,0x67,0x72,0xb1,0xc2,0x94,0x7f,0x7f,0x94,0xaa,0x9d,0x76,0x75,0x7a,0x97,0xb1,0x86,0x5d,0x6f,0x5d,0x5d,0x6f,0xab,0x92,0x5c,0x5c,0x77,0x77,0x65,0x67,0x62,0x6c,0x72,0xaf,0xd6,0x0f,0x01,0x04,0x00,0x00,0x00,0x00,0x00,0x00,0x00,0x00,0x00,0x00,0x00,0x00,0x00,0x00,0x00,0x00,0x00,0x00,0x00,0x00,0x00,0x00,0x00,0x00,0x00,0x00,0x00,0x00,0x00,0x00,0x00,0x00,0x00,0x00,0x00,0x00,0x00,0x00,0x00,0x00,0x00,0x00,
    0x00,0x00,0x00,0x00,0x00,0x00,0x00,0x00,0x00,0x00,0x00,0x00,0x00,0x00,0x00,0x00,0x00,0x00,0x00,0x00,0x00,0x00,0x00,0x00,0x00,0x00,0x00,0x00,0x00,0x00,0x00,0x00,0x00,0x00,0x00,0x00,0x02,0x00,0x3b,0xb0,0x76,0xbe,0xf1,0xc5,0xb5,0xb5,0xb5,0xcf,0xbe,0x7e,0x75,0x70,0x7d,0x90,0x0b,0x95,0xda,0x8b,0x70,0x61,0x67,0x77,0x77,0x5c,0x5d,0x5d,0x7a,0xb1,0xa1,0x8d,0x58,0x7d,0x7d,0x8d,0x90,0xa4,0x74,0x7a,0x95,0x91,0x7a,0x6f,0x6c,0x0b,0x7c,0x5e,0xab,0xab,0x5e,0x5d,0x5b,0x5b,0x5d,0x5b,0x77,0x65,0x67,0x74,0x9f,0x3e,0x00,0x04,0x00,0x00,0x00,0x00,0x00,0x00,0x00,0x00,0x00,0x00,0x00,0x00,0x00,0x00,0x00,0x00,0x00,0x00,0x00,0x00,0x00,0x00,0x00,0x00,0x00,0x00,0x00,0x00,0x00,0x00,0x00,0x00,0x00,0x00,0x00,0x00,0x00,0x00,0x00,0x00,0x00,0x00,
    0x00,0x00,0x00,0x00,0x00,0x00,0x00,0x00,0x00,0x00,0x00,0x00,0x00,0x00,0x00,0x00,0x00,0x00,0x00,0x00,0x00,0x00,0x00,0x00,0x00,0x00,0x00,0x00,0x00,0x00,0x00,0x00,0x00,0x00,0x00,0x00,0x04,0x00,0x35,0xa2,0x71,0xa2,0xbe,0xcf,0xcf,0xc5,0xb5,0xfc,0xa0,0x94,0x7f,0x9a,0x79,0x07,0x0b,0x97,0xbe,0x82,0x61,0x58,0x62,0x5c,0x77,0x77,0x5c,0x7c,0x6b,0x95,0xa1,0x79,0x70,0x62,0x6c,0x74,0x8f,0x90,0x82,0x5c,0x96,0x91,0x63,0x75,0x58,0x75,0x7c,0x63,0xab,0xb7,0x63,0x5d,0x5d,0x5d,0x5b,0x5b,0x5b,0x5d,0x5d,0x5d,0x63,0x51,0x06,0x00,0x04,0x00,0x00,0x00,0x00,0x00,0x00,0x00,0x00,0x00,0x00,0x00,0x00,0x00,0x00,0x00,0x00,0x00,0x00,0x00,0x00,0x00,0x00,0x00,0x00,0x00,0x00,0x00,0x00,0x00,0x00,0x00,0x00,0x00,0x00,0x00,0x00,0x00,0x00,0x00,0x00,0x00,
    0x00,0x00,0x00,0x00,0x00,0x00,0x00,0x00,0x00,0x00,0x00,0x00,0x00,0x00,0x00,0x00,0x00,0x00,0x00,0x00,0x00,0x00,0x00,0x00,0x00,0x00,0x00,0x00,0x00,0x00,0x00,0x00,0x00,0x00,0x00,0x00,0x02,0x00,0x3b,0xa4,0x62,0x83,0x9c,0x7a,0xa2,0x90,0xb6,0xae,0x9e,0x79,0x7f,0x7d,0x76,0x9b,0x96,0x97,0x07,0xa4,0x63,0x77,0x5c,0x5d,0x5b,0x5d,0x7a,0x97,0x9f,0xa4,0xa1,0x76,0x70,0x61,0x58,0x70,0x76,0x9d,0x91,0x7a,0x7c,0x07,0x6f,0x61,0x58,0x75,0x7c,0x5e,0xab,0xb7,0x63,0x7c,0x5b,0x5b,0x77,0x77,0x5c,0x5c,0x5c,0x5b,0x6f,0x7a,0x25,0x39,0x00,0x02,0x00,0x00,0x00,0x00,0x00,0x00,0x00,0x00,0x00,0x00,0x00,0x00,0x00,0x00,0x00,0x00,0x00,0x00,0x00,0x00,0x00,0x00,0x00,0x00,0x00,0x00,0x00,0x00,0x00,0x00,0x00,0x00,0x00,0x00,0x00,0x00,0x00,0x00,0x00,0x00,
    0x00,0x00,0x00,0x00,0x00,0x00,0x00,0x00,0x00,0x00,0x00,0x00,0x00,0x00,0x00,0x00,0x00,0x00,0x00,0x00,0x00,0x00,0x00,0x00,0x00,0x00,0x00,0x00,0x00,0x00,0x00,0x00,0x00,0x00,0x00,0x00,0x02,0x00,0x2f,0x9a,0x79,0x91,0x9b,0xa4,0x7e,0xa8,0x07,0x12,0x09,0x7d,0x62,0x70,0x79,0x07,0x12,0x97,0xa1,0xa2,0x5e,0x7c,0x5d,0x5b,0x5b,0x5d,0x83,0x9f,0xd1,0x9e,0xa1,0x7b,0x6c,0x61,0x61,0x61,0x70,0x72,0xc7,0xa8,0x7a,0x07,0xa4,0x6b,0x65,0x6f,0x7c,0x5e,0xab,0xd6,0x8b,0x65,0x62,0x61,0x67,0x61,0x58,0x58,0x61,0x63,0x7c,0x0d,0x7e,0x0f,0x39,0x00,0x02,0x01,0x00,0x00,0x00,0x00,0x00,0x00,0x00,0x00,0x00,0x00,0x00,0x00,0x00,0x00,0x00,0x00,0x00,0x00,0x00,0x00,0x00,0x00,0x00,0x00,0x00,0x00,0x00,0x00,0x00,0x00,0x00,0x00,0x00,0x00,0x00,0x00,0x00,0x00,
    0x00,0x00,0x00,0x00,0x00,0x00,0x00,0x00,0x00,0x00,0x00,0x00,0x00,0x00,0x00,0x00,0x00,0x00,0x00,0x00,0x00,0x00,0x00,0x00,0x00,0x00,0x00,0x00,0x00,0x00,0x00,0x00,0x00,0x00,0x00,0x00,0x02,0x00,0x3b,0x09,0xb0,0xfc,0xcf,0xcf,0xc0,0xbe,0xc7,0x96,0x7b,0x7b,0x58,0x75,0x7e,0xa0,0xc2,0xcc,0xb2,0xb1,0x6b,0x7c,0x5b,0x77,0x77,0x6f,0x83,0x97,0xbe,0xc7,0xc0,0x9c,0x71,0x70,0x6c,0x58,0x7d,0x72,0x8f,0x93,0x83,0x07,0x95,0x86,0x7c,0x5d,0x7c,0x5e,0xa8,0xae,0xa4,0x64,0x67,0x67,0x65,0x65,0x67,0x65,0x6f,0x5c,0x5d,0x93,0xaf,0x8d,0x21,0x27,0x00,0x00,0x02,0x03,0x00,0x00,0x00,0x00,0x00,0x00,0x00,0x00,0x00,0x00,0x00,0x00,0x00,0x00,0x00,0x00,0x00,0x00,0x00,0x00,0x00,0x00,0x00,0x00,0x00,0x00,0x00,0x00,0x00,0x00,0x00,0x00,0x00,0x00,0x00,0x00,
    0x00,0x00,0x00,0x00,0x00,0x00,0x00,0x00,0x00,0x00,0x00,0x00,0x00,0x00,0x00,0x00,0x00,0x00,0x00,0x00,0x00,0x00,0x00,0x00,0x00,0x00,0x00,0x00,0x00,0x00,0x00,0x00,0x00,0x00,0x00,0x00,0x04,0x02,0x3b,0x9e,0xa2,0xcf,0xfb,0xb5,0xc5,0xc5,0xd9,0xcc,0x8d,0x7f,0x79,0x58,0x09,0xa1,0xae,0xb1,0x09,0x91,0x8b,0x5b,0x86,0x5e,0x5e,0x5c,0x7a,0x9f,0x93,0x12,0xd1,0x9b,0x09,0x80,0x80,0x80,0x7b,0x7f,0x94,0x9d,0xb1,0x9f,0x9f,0x7a,0x7c,0x5d,0x7c,0x77,0xa8,0xac,0xc7,0x63,0x5b,0x7c,0x5d,0x7c,0x7c,0x7c,0x5d,0x7c,0x8b,0xfd,0xb2,0x7f,0x80,0x2b,0x20,0x0a,0x00,0x00,0x03,0x00,0x00,0x00,0x00,0x00,0x00,0x00,0x00,0x00,0x00,0x00,0x00,0x00,0x00,0x00,0x00,0x00,0x00,0x00,0x00,0x00,0x00,0x00,0x00,0x00,0x00,0x00,0x00,0x00,0x00,0x00,0x00,0x00,0x00,0x00,
    0x00,0x00,0x00,0x00,0x00,0x00,0x00,0x00,0x00,0x00,0x00,0x00,0x00,0x00,0x00,0x00,0x00,0x00,0x00,0x00,0x00,0x00,0x00,0x00,0x00,0x00,0x00,0x00,0x00,0x00,0x00,0x00,0x00,0x00,0x00,0x00,0x04,0x00,0x1c,0x76,0xa8,0xd2,0xc5,0xb5,0xb5,0xb5,0xc5,0xd2,0x79,0x70,0xa0,0x07,0x9b,0xa0,0xda,0xa3,0x58,0x07,0x92,0x92,0x92,0x7c,0x5d,0x0b,0x71,0x97,0x9f,0x95,0x93,0xaa,0x90,0x07,0xa0,0x8f,0x7f,0x7f,0x7f,0x7f,0x07,0x9d,0x9f,0x8b,0x6f,0x77,0x5b,0x6b,0xa8,0xac,0xb6,0xc7,0x6b,0x6f,0x6f,0x77,0x65,0x5b,0x5b,0x5b,0x6f,0xa8,0x2f,0x1a,0x0f,0x80,0x76,0x21,0x38,0x1e,0x00,0x03,0x00,0x00,0x00,0x00,0x00,0x00,0x00,0x00,0x00,0x00,0x00,0x00,0x00,0x00,0x00,0x00,0x00,0x00,0x00,0x00,0x00,0x00,0x00,0x00,0x00,0x00,0x00,0x00,0x00,0x00,0x00,0x00,0x00,0x00,
    0x00,0x00,0x00,0x00,0x00,0x00,0x00,0x00,0x00,0x00,0x00,0x00,0x00,0x00,0x00,0x00,0x00,0x00,0x00,0x00,0x00,0x00,0x00,0x00,0x00,0x00,0x00,0x00,0x00,0x00,0x00,0x00,0x00,0x00,0x00,0x05,0x02,0x24,0x0d,0x0b,0x63,0x95,0xff,0xd9,0xf1,0xc5,0xc5,0xb6,0x76,0x70,0x9a,0x7d,0x80,0x8d,0xea,0x75,0x79,0xa3,0xa3,0xa3,0xa3,0xab,0xb7,0xbd,0xbd,0xd6,0x75,0xea,0x93,0x76,0x72,0xa4,0x12,0x8f,0x58,0x61,0x70,0x74,0x9e,0xc9,0x07,0x76,0x70,0x58,0x6f,0x6b,0xaf,0xb1,0xa7,0x9b,0x90,0x76,0x6c,0x58,0x58,0x58,0x65,0x67,0x0b,0x83,0x17,0x00,0x30,0x1c,0x7d,0x94,0xa7,0x0f,0x1e,0x04,0x03,0x00,0x00,0x00,0x00,0x00,0x00,0x00,0x00,0x00,0x00,0x00,0x00,0x00,0x00,0x00,0x00,0x00,0x00,0x00,0x00,0x00,0x00,0x00,0x00,0x00,0x00,0x00,0x00,0x00,0x00,0x00,0x00,0x00,
    0x00,0x00,0x00,0x00,0x00,0x00,0x00,0x00,0x00,0x00,0x00,0x00,0x00,0x00,0x00,0x00,0x00,0x00,0x00,0x00,0x00,0x00,0x00,0x00,0x00,0x00,0x00,0x00,0x00,0x00,0x00,0x00,0x00,0x00,0x02,0x00,0x3d,0x9c,0x7c,0x5d,0x7c,0x63,0x7a,0x7c,0x90,0xd2,0xcd,0xb2,0x7e,0x75,0x71,0x64,0x70,0x58,0x76,0x71,0x58,0x72,0x74,0x74,0x74,0x71,0x58,0x61,0x75,0x64,0x71,0x7d,0x58,0x70,0x6c,0x71,0x79,0x72,0x61,0x61,0x61,0x70,0x94,0xc2,0xbe,0x7e,0x75,0x5b,0x7c,0x5e,0xab,0x90,0xb2,0x75,0xbe,0xa4,0x64,0x62,0x67,0x67,0x77,0x0b,0x6f,0x5c,0x65,0x20,0x00,0x00,0x2e,0x0f,0x8d,0xa7,0x1d,0x00,0x02,0x00,0x00,0x00,0x00,0x00,0x00,0x00,0x00,0x00,0x00,0x00,0x00,0x00,0x00,0x00,0x00,0x00,0x00,0x00,0x00,0x00,0x00,0x00,0x00,0x00,0x00,0x00,0x00,0x00,0x00,0x00,0x00,0x00,
    0x00,0x00,0x00,0x00,0x00,0x00,0x00,0x00,0x00,0x00,0x00,0x00,0x00,0x00,0x00,0x00,0x00,0x00,0x00,0x00,0x00,0x00,0x00,0x00,0x00,0x00,0x00,0x00,0x00,0x00,0x00,0x00,0x00,0x02,0x00,0x22,0x1b,0x5d,0x5d,0x5d,0x5d,0x5d,0xa4,0x6b,0xe3,0xbc,0xf2,0xb2,0x80,0x70,0x70,0x58,0x61,0x61,0x70,0x6c,0x6c,0x70,0x61,0x61,0x61,0x61,0x61,0x61,0x58,0x61,0x61,0x61,0x6c,0x6c,0x61,0x6c,0x6c,0x6c,0x61,0x61,0x61,0x6c,0x74,0x9e,0x93,0x72,0x70,0x65,0x6f,0x7a,0xb1,0xdf,0xd7,0xea,0xc0,0x9d,0x7a,0x7c,0x5d,0x5b,0x5b,0x5d,0x5d,0x7c,0x8b,0x48,0x2a,0x02,0x00,0x39,0x0f,0x8d,0x48,0x2a,0x03,0x03,0x00,0x00,0x00,0x00,0x00,0x00,0x00,0x00,0x00,0x00,0x00,0x00,0x00,0x00,0x00,0x00,0x00,0x00,0x00,0x00,0x00,0x00,0x00,0x00,0x00,0x00,0x00,0x00,0x00,0x00,0x00,0x00,
    0x00,0x00,0x00,0x00,0x00,0x00,0x00,0x00,0x00,0x00,0x00,0x00,0x00,0x00,0x00,0x00,0x00,0x00,0x00,0x00,0x00,0x00,0x00,0x00,0x00,0x00,0x00,0x00,0x00,0x00,0x00,0x00,0x02,0x04,0x22,0x0f,0x62,0x7c,0x5d,0x5d,0x5d,0x77,0x6c,0x62,0xd3,0xbc,0xdc,0xb6,0xa6,0x8d,0x7d,0x75,0x70,0x6c,0x71,0x74,0x74,0x74,0x61,0x58,0x61,0x61,0x61,0x61,0x61,0x61,0x61,0x71,0x72,0x72,0x74,0x61,0x61,0x61,0x61,0x61,0x61,0x6c,0x71,0x09,0x90,0x74,0x58,0x58,0x6c,0x79,0x9f,0xf3,0xbf,0xb7,0xa1,0x32,0x8b,0x6f,0x5c,0x5d,0x5b,0x5d,0x5d,0x5d,0x5d,0x63,0x4d,0x00,0x1e,0x00,0x1d,0x9c,0xa4,0x3f,0x00,0x08,0x00,0x00,0x00,0x00,0x00,0x00,0x00,0x00,0x00,0x00,0x00,0x00,0x00,0x00,0x00,0x00,0x00,0x00,0x00,0x00,0x00,0x00,0x00,0x00,0x00,0x00,0x00,0x00,0x00,0x00,0x00,0x00,
    0x00,0x00,0x00,0x00,0x00,0x00,0x00,0x00,0x00,0x00,0x00,0x00,0x00,0x00,0x00,0x00,0x00,0x00,0x00,0x00,0x00,0x00,0x00,0x00,0x00,0x00,0x00,0x00,0x00,0x00,0x00,0x00,0x02,0x00,0x1c,0x7e,0x75,0x75,0x5b,0x5c,0x5d,0x5b,0x5b,0x0b,0xbc,0xd3,0xda,0xd1,0xaa,0x80,0xa6,0x9c,0x79,0x74,0x96,0xaf,0xaf,0xaf,0x75,0x70,0x61,0x61,0x61,0x61,0x61,0x61,0x7f,0x09,0xb9,0x9e,0x09,0x9a,0x9a,0x75,0x75,0x75,0x70,0x74,0x71,0x75,0x93,0x67,0x67,0x67,0x67,0x83,0xea,0xf5,0xd6,0x76,0xa1,0xa9,0xe3,0x82,0x6c,0x63,0x65,0x65,0x5c,0x5c,0x5b,0x0d,0xa8,0x3d,0x00,0x02,0x42,0x7e,0x7e,0x2f,0x00,0x04,0x00,0x00,0x00,0x00,0x00,0x00,0x00,0x00,0x00,0x00,0x00,0x00,0x00,0x00,0x00,0x00,0x00,0x00,0x00,0x00,0x00,0x00,0x00,0x00,0x00,0x00,0x00,0x00,0x00,0x00,0x00,0x00,
    0x00,0x00,0x00,0x00,0x00,0x00,0x00,0x00,0x00,0x00,0x00,0x00,0x00,0x00,0x00,0x00,0x00,0x00,0x00,0x00,0x00,0x00,0x00,0x00,0x00,0x00,0x00,0x00,0x00,0x00,0x00,0x01,0x00,0x0a,0x17,0x72,0x79,0x96,0xaf,0x63,0x7c,0x7c,0x77,0xb9,0x84,0x32,0x5b,0x93,0xa1,0x9b,0xe6,0xcc,0xa0,0x09,0xaf,0x12,0x12,0x12,0x75,0x75,0x62,0x61,0x61,0x61,0x61,0x61,0x58,0x7d,0xb9,0x8f,0x09,0x8d,0xa7,0xa7,0x94,0x94,0x76,0x8f,0xa4,0x79,0xc7,0x7c,0x5b,0x5d,0x5b,0x5b,0xeb,0xf5,0xd6,0x9c,0xae,0xb8,0x8e,0xec,0x82,0x6c,0x58,0x58,0x61,0x62,0x61,0x70,0x74,0x7d,0x22,0x00,0x1f,0x72,0x7e,0x42,0x00,0x02,0x00,0x00,0x00,0x00,0x00,0x00,0x00,0x00,0x00,0x00,0x00,0x00,0x00,0x00,0x00,0x00,0x00,0x00,0x00,0x00,0x00,0x00,0x00,0x00,0x00,0x00,0x00,0x00,0x00,0x00,0x00,0x00,
    0x00,0x00,0x00,0x00,0x00,0x00,0x00,0x00,0x00,0x00,0x00,0x00,0x00,0x00,0x00,0x00,0x00,0x00,0x00,0x00,0x00,0x00,0x00,0x00,0x00,0x00,0x00,0x00,0x00,0x00,0x00,0x04,0x00,0x2e,0x9f,0x0f,0x0f,0x07,0xa8,0x77,0x7c,0x7c,0x86,0xe2,0xc3,0xc6,0xa2,0x12,0xdc,0xa1,0xe6,0x85,0x85,0xa5,0xcb,0xcb,0xa5,0x89,0x12,0x72,0x7d,0x58,0x61,0x61,0x61,0x6c,0x71,0x9e,0xa5,0xcb,0xb6,0xcc,0xc0,0xa1,0xbe,0xb6,0xcb,0x6a,0xcb,0xaa,0x93,0xa8,0x5c,0x7c,0x5e,0xa8,0xd7,0xf5,0x71,0x8f,0xce,0xc8,0x84,0xbc,0xb0,0x6c,0x6c,0x67,0x62,0x61,0x61,0x58,0x75,0x7e,0x1d,0x28,0x1b,0x71,0x79,0x2f,0x00,0x04,0x00,0x00,0x00,0x00,0x00,0x00,0x00,0x00,0x00,0x00,0x00,0x00,0x00,0x00,0x00,0x00,0x00,0x00,0x00,0x00,0x00,0x00,0x00,0x00,0x00,0x00,0x00,0x00,0x00,0x00,0x00,0x00,
    0x00,0x00,0x00,0x00,0x00,0x00,0x00,0x00,0x00,0x00,0x00,0x00,0x00,0x00,0x00,0x00,0x00,0x00,0x00,0x00,0x00,0x00,0x00,0x00,0x00,0x00,0x00,0x00,0x00,0x00,0x00,0x02,0x03,0x1f,0x1c,0x00,0x33,0xa2,0x82,0x70,0x70,0x58,0xb0,0xbc,0xc1,0xd8,0x32,0x91,0xac,0xbd,0xbf,0xeb,0xd7,0xac,0xa5,0x89,0xa5,0xb6,0x8f,0x72,0x58,0x58,0x61,0x61,0x61,0x70,0x72,0xaa,0xac,0x6d,0x85,0x85,0x89,0x60,0x85,0x85,0xe6,0xdf,0xae,0x8f,0x07,0xa8,0x5b,0x7c,0x7a,0x91,0xda,0x64,0x65,0xe7,0xe5,0xad,0x87,0x84,0xe2,0x7a,0x70,0x67,0x67,0x62,0x61,0x61,0x58,0x0b,0x95,0x7a,0x75,0x7d,0x9b,0x36,0x03,0x05,0x00,0x00,0x00,0x00,0x00,0x00,0x00,0x00,0x00,0x00,0x00,0x00,0x00,0x00,0x00,0x00,0x00,0x00,0x00,0x00,0x00,0x00,0x00,0x00,0x00,0x00,0x00,0x00,0x00,0x00,0x00,0x00,
    0x00,0x00,0x00,0x00,0x00,0x00,0x00,0x00,0x00,0x00,0x00,0x00,0x00,0x00,0x00,0x00,0x00,0x00,0x00,0x00,0x00,0x00,0x00,0x00,0x00,0x00,0x00,0x00,0x00,0x00,0x03,0x00,0x1e,0xa6,0x1d,0x00,0x1d,0x7e,0x0d,0x58,0x70,0x6b,0xe4,0x84,0x26,0x4f,0x88,0xc6,0x78,0xd6,0xf7,0xf7,0xbf,0xd0,0x96,0x9a,0x7d,0x7e,0x74,0x62,0x61,0x61,0x61,0x61,0x61,0x61,0x62,0x72,0x80,0x9a,0x12,0x9d,0x9b,0x07,0x07,0xaa,0xd0,0xf7,0xd0,0x72,0x07,0x96,0x70,0x6b,0x63,0x90,0x7e,0xa2,0xe7,0xad,0x98,0xad,0x87,0x8a,0x84,0xec,0x82,0x6c,0x65,0x67,0x61,0x58,0x64,0x7c,0xb7,0x7c,0x0d,0xa4,0x35,0x00,0x04,0x00,0x00,0x00,0x00,0x00,0x00,0x00,0x00,0x00,0x00,0x00,0x00,0x00,0x00,0x00,0x00,0x00,0x00,0x00,0x00,0x00,0x00,0x00,0x00,0x00,0x00,0x00,0x00,0x00,0x00,0x00,0x00,0x00,
    0x00,0x00,0x00,0x00,0x00,0x00,0x00,0x00,0x00,0x00,0x00,0x00,0x00,0x00,0x00,0x00,0x00,0x00,0x00,0x00,0x00,0x00,0x00,0x00,0x00,0x00,0x00,0x00,0x00,0x00,0x03,0x03,0x1e,0x7f,0x1d,0x03,0x0f,0x72,0x0d,0x5b,0x7c,0x77,0xe2,0xc3,0xc8,0xe5,0x88,0xb8,0xa5,0xda,0xa3,0xbd,0x96,0x96,0x96,0x96,0x75,0x70,0x6c,0x61,0x61,0x61,0x61,0x61,0x61,0x61,0x61,0x6c,0x6c,0x74,0x72,0x79,0x61,0xbd,0xbf,0xbd,0xbf,0xbf,0xbd,0x9a,0x07,0xa4,0x75,0xa0,0xb1,0xe7,0xdc,0xce,0xba,0x81,0x98,0xad,0x14,0x84,0xc4,0xbc,0xb0,0x6f,0x5c,0x77,0x77,0x65,0x67,0x67,0x62,0x61,0x58,0x20,0x00,0x02,0x00,0x00,0x00,0x00,0x00,0x00,0x00,0x00,0x00,0x00,0x00,0x00,0x00,0x00,0x00,0x00,0x00,0x00,0x00,0x00,0x00,0x00,0x00,0x00,0x00,0x00,0x00,0x00,0x00,0x00,0x00,0x00,0x00,0x00,
    0x00,0x00,0x00,0x00,0x00,0x00,0x00,0x00,0x00,0x00,0x00,0x00,0x00,0x00,0x00,0x00,0x00,0x00,0x00,0x00,0x00,0x00,0x00,0x00,0x00,0x00,0x00,0x00,0x00,0x00,0x00,0x02,0x00,0x1f,0x24,0x00,0x2b,0x77,0x7c,0x7c,0x7c,0x77,0xd3,0x8e,0xc8,0xa9,0xc3,0xad,0xd5,0xa5,0xa1,0x76,0x9a,0xaf,0xaf,0xa3,0x70,0x61,0x61,0x61,0x6c,0x70,0x61,0x61,0x61,0x61,0x61,0x61,0x61,0x6c,0x70,0x70,0xaf,0xbf,0xbf,0xbd,0xbf,0xf7,0xbd,0x76,0x15,0x63,0x15,0x26,0xdc,0xf6,0x66,0x68,0xc6,0x88,0x98,0xe5,0x81,0x84,0xc4,0x99,0xe2,0x5e,0x0b,0x5c,0x77,0x77,0x77,0x6f,0x6c,0xb0,0x4b,0x00,0x08,0x03,0x03,0x00,0x00,0x00,0x00,0x00,0x00,0x00,0x00,0x00,0x00,0x00,0x00,0x00,0x00,0x00,0x00,0x00,0x00,0x00,0x00,0x00,0x00,0x00,0x00,0x00,0x00,0x00,0x00,0x00,0x00,0x00,0x00,0x00,
    0x00,0x00,0x00,0x00,0x00,0x00,0x00,0x00,0x00,0x00,0x00,0x00,0x00,0x00,0x00,0x00,0x00,0x00,0x00,0x00,0x00,0x00,0x00,0x00,0x00,0x00,0x00,0x00,0x00,0x00,0x00,0x02,0x00,0x1c,0x24,0x39,0x2b,0x65,0x5b,0x77,0x5e,0x5e,0xd3,0x8e,0xb8,0xc8,0x32,0xd1,0xde,0xed,0xf8,0xae,0x41,0x71,0x7d,0x70,0x70,0x70,0x6c,0x61,0x61,0x71,0x71,0x58,0x74,0x58,0x61,0x61,0x61,0x61,0x61,0x58,0x96,0xb7,0xb7,0xbd,0xd0,0xd0,0xbd,0xae,0xb6,0xec,0xc8,0xd8,0xf6,0xee,0x6d,0x5f,0x5f,0xba,0x88,0xa9,0x81,0x87,0x84,0x84,0x8a,0x9e,0x64,0x70,0x6c,0x61,0x58,0x67,0x67,0xef,0x4d,0x00,0x04,0x00,0x00,0x00,0x00,0x00,0x00,0x00,0x00,0x00,0x00,0x00,0x00,0x00,0x00,0x00,0x00,0x00,0x00,0x00,0x00,0x00,0x00,0x00,0x00,0x00,0x00,0x00,0x00,0x00,0x00,0x00,0x00,0x00,0x00,0x00,
    0x00,0x00,0x00,0x00,0x00,0x00,0x00,0x00,0x00,0x00,0x00,0x00,0x00,0x00,0x00,0x00,0x00,0x00,0x00,0x00,0x00,0x00,0x00,0x00,0x00,0x00,0x00,0x00,0x00,0x00,0x00,0x03,0x00,0x1a,0x3d,0x16,0x0b,0x61,0x58,0x7c,0xa8,0x5e,0xd3,0xc3,0xb8,0xd8,0xed,0xde,0xee,0xde,0xd5,0xe0,0xc6,0xcc,0x97,0x74,0x76,0x79,0x58,0x75,0x75,0x96,0x96,0x0b,0xb7,0xa3,0x6c,0x70,0x70,0x70,0x70,0x62,0x61,0x75,0x75,0xa3,0x97,0xae,0x78,0x85,0xdb,0xbc,0xf4,0xd5,0xe8,0xee,0xe8,0xed,0xb3,0xe0,0x99,0xba,0xc1,0x8e,0x8a,0x87,0x8a,0xe4,0x82,0x70,0x64,0x5e,0x5b,0x5e,0x92,0x92,0xb0,0x42,0x08,0x30,0x1e,0x00,0x00,0x00,0x00,0x00,0x00,0x00,0x00,0x00,0x00,0x00,0x00,0x00,0x00,0x00,0x00,0x00,0x00,0x00,0x00,0x00,0x00,0x00,0x00,0x00,0x00,0x00,0x00,0x00,0x00,0x00,0x00,0x00,
    0x00,0x00,0x00,0x00,0x00,0x00,0x00,0x00,0x00,0x00,0x00,0x00,0x00,0x00,0x00,0x00,0x00,0x00,0x00,0x00,0x00,0x00,0x00,0x00,0x00,0x00,0x00,0x00,0x00,0x00,0x00,0x00,0x00,0x00,0x00,0x2a,0x48,0x72,0x82,0xaa,0xc2,0x86,0xd3,0xc3,0xc1,0xc8,0xdb,0xd5,0xde,0xde,0xdb,0x88,0x88,0xe5,0xd8,0xf4,0xc9,0x9b,0xaf,0x58,0x76,0x8d,0x76,0x79,0xa3,0x74,0x76,0x79,0x76,0x7e,0x7e,0x7d,0xa4,0xa0,0xb2,0xac,0x5a,0x85,0x5f,0xb3,0xb8,0xb8,0xb3,0xd5,0xee,0xe8,0xee,0xf8,0x85,0x66,0x98,0x98,0xc4,0x8e,0x8a,0x87,0x8a,0xe3,0x86,0x5e,0x92,0x9b,0x77,0x7c,0x5b,0x77,0x6f,0x83,0x21,0x0f,0x24,0x03,0x02,0x00,0x00,0x00,0x00,0x00,0x00,0x00,0x00,0x00,0x00,0x00,0x00,0x00,0x00,0x00,0x00,0x00,0x00,0x00,0x00,0x00,0x00,0x00,0x00,0x00,0x00,0x00,0x00,0x00,0x00,0x00,
    0x00,0x00,0x00,0x00,0x00,0x00,0x00,0x00,0x00,0x00,0x00,0x00,0x00,0x00,0x00,0x00,0x00,0x00,0x00,0x00,0x00,0x00,0x00,0x00,0x00,0x00,0x00,0x00,0x00,0x00,0x00,0x00,0x00,0x03,0x02,0x00,0x45,0x83,0x82,0x12,0x26,0xec,0xe4,0x8a,0x87,0xb8,0xdb,0xe8,0xd5,0xe8,0xed,0xba,0x98,0xad,0xa9,0x69,0x85,0x73,0x89,0xcb,0xb6,0xc0,0x9d,0xb9,0xb9,0xaa,0xa0,0x9d,0xc2,0xc0,0xdc,0xae,0x89,0x6a,0x5f,0x6a,0x69,0x59,0x89,0x6e,0xb8,0xe0,0x60,0xf8,0xde,0xde,0xd5,0x85,0x6a,0x85,0xd8,0xba,0xc1,0x84,0x14,0x84,0x8a,0xe4,0x7a,0x86,0xf2,0xe9,0x8b,0x75,0x65,0x6f,0x67,0x0d,0x79,0x76,0x09,0x1e,0x00,0x03,0x00,0x00,0x00,0x00,0x00,0x00,0x00,0x00,0x00,0x00,0x00,0x00,0x00,0x00,0x00,0x00,0x00,0x00,0x00,0x00,0x00,0x00,0x00,0x00,0x00,0x00,0x00,0x00,0x00,0x00,
    0x00,0x00,0x00,0x00,0x00,0x00,0x00,0x00,0x00,0x00,0x00,0x00,0x00,0x00,0x00,0x00,0x00,0x00,0x00,0x00,0x00,0x00,0x00,0x00,0x00,0x00,0x00,0x00,0x00,0x00,0x00,0x00,0x00,0x00,0x01,0x04,0x02,0x25,0x86,0xa2,0x18,0xbc,0x9e,0xd3,0x8e,0x8c,0xdb,0xe7,0xad,0xdb,0xf4,0xba,0x98,0x98,0xa9,0x5a,0x68,0x59,0x89,0x5a,0x5f,0x6a,0x5f,0xb3,0x5f,0xac,0xd7,0xdf,0xd7,0xf3,0xeb,0xd7,0x5f,0x59,0x78,0x6e,0x78,0xbb,0x78,0xbb,0xc6,0xb3,0x6a,0xed,0xd5,0xf6,0xd5,0x66,0x5f,0x85,0xe0,0xa9,0xc1,0x84,0x84,0x84,0xbc,0xb0,0xb9,0x18,0xc4,0x9e,0x71,0x6c,0x61,0x83,0x71,0x77,0x0b,0x71,0x17,0x30,0x00,0x03,0x00,0x00,0x00,0x00,0x00,0x00,0x00,0x00,0x00,0x00,0x00,0x00,0x00,0x00,0x00,0x00,0x00,0x00,0x00,0x00,0x00,0x00,0x00,0x00,0x00,0x00,0x00,0x00,0x00,0x00,
    0x00,0x00,0x00,0x00,0x00,0x00,0x00,0x00,0x00,0x00,0x00,0x00,0x00,0x00,0x00,0x00,0x00,0x00,0x00,0x00,0x00,0x00,0x00,0x00,0x00,0x00,0x00,0x00,0x00,0x00,0x00,0x00,0x00,0x00,0x00,0x03,0x02,0x08,0x42,0xa8,0xdb,0x87,0xd3,0xe3,0x87,0xe1,0xba,0x81,0x81,0x98,0xad,0x98,0x98,0x98,0x99,0xc6,0xb3,0x6d,0x6d,0x89,0xa5,0x59,0x60,0x66,0x85,0xdf,0xeb,0xbf,0xbd,0xd0,0xbe,0x6a,0x60,0x60,0x69,0x89,0x89,0x59,0x66,0x6e,0x6d,0x6a,0x5f,0xe6,0x66,0x5f,0xe6,0x68,0x6a,0x85,0xc6,0x98,0x84,0x87,0x87,0x8a,0xe3,0xe3,0xb8,0x98,0xbc,0xa6,0x64,0x6c,0x58,0x91,0xa8,0x1b,0x2b,0x9f,0x52,0x1e,0x00,0x03,0x00,0x00,0x00,0x00,0x00,0x00,0x00,0x00,0x00,0x00,0x00,0x00,0x00,0x00,0x00,0x00,0x00,0x00,0x00,0x00,0x00,0x00,0x00,0x00,0x00,0x00,0x00,0x00,0x00,0x00,
    0x00,0x00,0x00,0x00,0x00,0x00,0x00,0x00,0x00,0x00,0x00,0x00,0x00,0x00,0x00,0x00,0x00,0x00,0x00,0x00,0x00,0x00,0x00,0x00,0x00,0x00,0x00,0x00,0x00,0x00,0x00,0x00,0x00,0x00,0x00,0x03,0x1e,0x00,0x38,0x9c,0x93,0xc8,0x99,0x87,0x8a,0x87,0x8c,0x88,0x88,0x88,0x81,0x81,0x98,0x81,0x81,0xce,0xb3,0x6a,0x66,0x5a,0x78,0xa5,0x6d,0x5a,0x5a,0x85,0xa5,0xf0,0xd6,0xc9,0x6a,0x5a,0x69,0x5a,0x78,0x78,0x6a,0x5f,0x5f,0x73,0x68,0x6d,0x59,0x69,0x60,0x6d,0x69,0x5a,0x5a,0x5a,0xba,0x98,0x8e,0x8a,0x8a,0xbc,0xe4,0x18,0xad,0x84,0xe1,0xb0,0x61,0x6f,0x63,0x97,0x57,0x1a,0x1e,0x3b,0x23,0x02,0x04,0x00,0x00,0x00,0x00,0x00,0x00,0x00,0x00,0x00,0x00,0x00,0x00,0x00,0x00,0x00,0x00,0x00,0x00,0x00,0x00,0x00,0x00,0x00,0x00,0x00,0x00,0x00,0x00,0x00,0x00,0x00,
    0x00,0x00,0x00,0x00,0x00,0x00,0x00,0x00,0x00,0x00,0x00,0x00,0x00,0x00,0x00,0x00,0x00,0x00,0x00,0x00,0x00,0x00,0x00,0x00,0x00,0x00,0x00,0x00,0x00,0x00,0x00,0x00,0x00,0x00,0x03,0x00,0x00,0x22,0x0f,0x7e,0x15,0x26,0x8e,0x8a,0x8a,0x87,0x84,0x88,0x88,0x88,0x88,0x88,0x81,0x88,0xad,0x6a,0x5a,0x5a,0x6a,0x66,0x66,0x6d,0x89,0x6a,0x59,0x69,0xcb,0xa6,0x9d,0x66,0x5a,0x5a,0x6e,0x6e,0x66,0x73,0x5f,0x5f,0x5f,0x59,0x78,0x6e,0x5a,0x69,0x5a,0x5a,0x60,0x5a,0x60,0x5a,0xa9,0x98,0x87,0x8a,0x87,0x8a,0xbc,0x26,0xa9,0x14,0x8c,0xe4,0x86,0x5d,0x7c,0x83,0x41,0x33,0x00,0x39,0x1a,0x00,0x05,0x00,0x00,0x00,0x00,0x00,0x00,0x00,0x00,0x00,0x00,0x00,0x00,0x00,0x00,0x00,0x00,0x00,0x00,0x00,0x00,0x00,0x00,0x00,0x00,0x00,0x00,0x00,0x00,0x00,0x00,0x00,
    0x00,0x00,0x00,0x00,0x00,0x00,0x00,0x00,0x00,0x00,0x00,0x00,0x00,0x00,0x00,0x00,0x00,0x00,0x00,0x00,0x00,0x00,0x00,0x00,0x00,0x00,0x00,0x00,0x00,0x00,0x00,0x00,0x03,0x03,0x39,0x1c,0x1c,0x0f,0x7e,0x95,0x32,0x8e,0x8a,0x8a,0x8a,0x87,0x84,0x81,0x88,0x88,0x88,0x8c,0x88,0x8c,0xc6,0xb3,0x78,0x60,0x69,0x6a,0x5f,0x6a,0x66,0xbb,0x66,0x78,0x6a,0xb6,0xcb,0x66,0x68,0xd4,0xbb,0x73,0x73,0x6a,0x6a,0x73,0x59,0x78,0x6d,0x5a,0x60,0x6d,0x60,0x5a,0x5a,0x5a,0x6d,0xb3,0xc6,0x98,0x84,0x87,0x8a,0x87,0x8a,0x84,0xba,0xe5,0x81,0xe1,0xe2,0x6f,0x70,0x0d,0x92,0x16,0x03,0x01,0x00,0x00,0x00,0x00,0x00,0x00,0x00,0x00,0x00,0x00,0x00,0x00,0x00,0x00,0x00,0x00,0x00,0x00,0x00,0x00,0x00,0x00,0x00,0x00,0x00,0x00,0x00,0x00,0x00,0x00,0x00,0x00,0x00,0x00,
    0x00,0x00,0x00,0x00,0x00,0x00,0x00,0x00,0x00,0x00,0x00,0x00,0x00,0x00,0x00,0x00,0x00,0x00,0x00,0x00,0x00,0x00,0x00,0x00,0x00,0x00,0x00,0x00,0x00,0x00,0x00,0x00,0x00,0x02,0x00,0x38,0x21,0x15,0x93,0x32,0x87,0x8a,0x8a,0x8a,0x87,0x8a,0x81,0x88,0x88,0x88,0x88,0x88,0x81,0x81,0xce,0x68,0x6d,0x5a,0x6a,0x5f,0x6a,0x5f,0x68,0xdd,0x85,0x6a,0x60,0x85,0x6a,0x6d,0x6a,0x89,0x6e,0x5f,0x68,0x60,0x66,0x68,0x6e,0x5a,0x60,0x78,0x6e,0x59,0x6d,0x60,0x60,0x5a,0x60,0x68,0xce,0xba,0xa9,0x84,0x87,0x8a,0x8a,0x8a,0x8e,0x26,0xad,0x8a,0x84,0xe2,0x83,0xb0,0x45,0x04,0x05,0x03,0x05,0x00,0x00,0x00,0x00,0x00,0x00,0x00,0x00,0x00,0x00,0x00,0x00,0x00,0x00,0x00,0x00,0x00,0x00,0x00,0x00,0x00,0x00,0x00,0x00,0x00,0x00,0x00,0x00,0x00,0x00,0x00,0x00,0x00,
    0x00,0x00,0x00,0x00,0x00,0x00,0x00,0x00,0x00,0x00,0x00,0x00,0x00,0x00,0x00,0x00,0x00,0x00,0x00,0x00,0x00,0x00,0x00,0x00,0x00,0x00,0x00,0x00,0x00,0x00,0x00,0x00,0x00,0x00,0x01,0x00,0x00,0x0c,0x13,0x18,0xca,0x8a,0x8e,0x87,0x14,0x81,0x88,0x8c,0xe5,0x81,0x88,0x81,0x81,0xa9,0x66,0x69,0x5a,0x60,0x69,0x5f,0x66,0x69,0x59,0xcd,0x6a,0x66,0x6a,0x68,0x60,0x69,0x6a,0xb4,0xb4,0x69,0x6d,0x68,0x5f,0x59,0x60,0x69,0x78,0x6d,0x60,0x60,0x5a,0x5a,0x6d,0x60,0x5a,0x6d,0x66,0xa9,0x98,0xba,0x14,0x8e,0x87,0x8a,0x8a,0x8e,0xba,0x84,0x8a,0x84,0xec,0x15,0x0c,0x05,0x04,0x0e,0x00,0x00,0x00,0x00,0x00,0x00,0x00,0x00,0x00,0x00,0x00,0x00,0x00,0x00,0x00,0x00,0x00,0x00,0x00,0x00,0x00,0x00,0x00,0x00,0x00,0x00,0x00,0x00,0x00,0x00,0x00,0x00,0x00,0x00,
    0x00,0x00,0x00,0x00,0x00,0x00,0x00,0x00,0x00,0x00,0x00,0x00,0x00,0x00,0x00,0x00,0x00,0x00,0x00,0x00,0x00,0x00,0x00,0x00,0x00,0x00,0x00,0x00,0x00,0x00,0x00,0x00,0x00,0x00,0x00,0x03,0x03,0x00,0x2a,0x18,0xca,0xca,0x18,0x98,0x8c,0xc4,0x99,0xad,0xa9,0x8c,0x81,0x81,0x99,0xd8,0xb3,0x59,0x5a,0x5a,0x60,0x66,0x5f,0x69,0x6d,0xdd,0x68,0x6d,0x5a,0x60,0x5a,0x6d,0x66,0xb4,0xb4,0x66,0x68,0x73,0x68,0x60,0x66,0x60,0x59,0x6d,0x6d,0x6d,0x60,0x5a,0x5a,0x5a,0x5a,0x5a,0xb3,0xc6,0x99,0x8c,0x81,0x81,0x14,0x87,0x8e,0x8e,0xad,0x99,0xc3,0x14,0xe1,0xf2,0x36,0x00,0x00,0x00,0x00,0x00,0x00,0x00,0x00,0x00,0x00,0x00,0x00,0x00,0x00,0x00,0x00,0x00,0x00,0x00,0x00,0x00,0x00,0x00,0x00,0x00,0x00,0x00,0x00,0x00,0x00,0x00,0x00,0x00,0x00,0x00,0x00,0x00,
    0x00,0x00,0x00,0x00,0x00,0x00,0x00,0x00,0x00,0x00,0x00,0x00,0x00,0x00,0x00,0x00,0x00,0x00,0x00,0x00,0x00,0x00,0x00,0x00,0x00,0x00,0x00,0x00,0x00,0x00,0x00,0x00,0x00,0x00,0x00,0x00,0x0e,0x05,0x0a,0x18,0xca,0xe1,0x32,0xc1,0x14,0xc4,0x46,0x4c,0x8c,0x88,0x88,0x88,0x99,0xe0,0x68,0x6e,0x60,0x60,0x5a,0x5a,0x5f,0x68,0x69,0xb4,0x68,0x60,0x5a,0x5a,0x5a,0x6d,0x66,0xb4,0xb4,0x5f,0x69,0x6a,0x69,0x68,0x59,0x6e,0x59,0x59,0x59,0x59,0x59,0x6d,0x5a,0x5a,0x60,0x66,0x68,0xce,0x8c,0x8c,0xc4,0x8c,0x81,0x81,0xb8,0x26,0xad,0xc1,0xa9,0xc1,0x14,0x84,0x3a,0x31,0x31,0x36,0x00,0x05,0x00,0x00,0x00,0x00,0x00,0x00,0x00,0x00,0x00,0x00,0x00,0x00,0x00,0x00,0x00,0x00,0x00,0x00,0x00,0x00,0x00,0x00,0x00,0x00,0x00,0x00,0x00,0x00,0x00,0x00,0x00,0x00,
    0x00,0x00,0x00,0x00,0x00,0x00,0x00,0x00,0x00,0x00,0x00,0x00,0x00,0x00,0x00,0x00,0x00,0x00,0x00,0x00,0x00,0x00,0x00,0x00,0x00,0x00,0x00,0x00,0x00,0x00,0x00,0x00,0x00,0x00,0x00,0x00,0x00,0x05,0x08,0x37,0xc1,0x18,0x29,0xc4,0x14,0x81,0x13,0x2a,0x26,0x99,0xc4,0xc4,0x99,0xce,0x69,0x6e,0x60,0x69,0x60,0x60,0x66,0x6a,0x5a,0xbb,0x68,0x60,0x5a,0x5a,0x5a,0x6d,0x66,0xbb,0x89,0x66,0x68,0x5f,0x68,0x59,0x59,0x59,0x59,0x59,0x59,0x59,0x59,0x6d,0x5a,0x5a,0x5a,0x6a,0x5a,0x66,0xa9,0x8c,0x81,0x88,0x8c,0x99,0xad,0x34,0x26,0x84,0xc8,0x4f,0x84,0x87,0xca,0xca,0x18,0x29,0x01,0x08,0x00,0x00,0x00,0x00,0x00,0x00,0x00,0x00,0x00,0x00,0x00,0x00,0x00,0x00,0x00,0x00,0x00,0x00,0x00,0x00,0x00,0x00,0x00,0x00,0x00,0x00,0x00,0x00,0x00,0x00,0x00,0x00,
    0x00,0x00,0x00,0x00,0x00,0x00,0x00,0x00,0x00,0x00,0x00,0x00,0x00,0x00,0x00,0x00,0x00,0x00,0x00,0x00,0x00,0x00,0x00,0x00,0x00,0x00,0x00,0x00,0x00,0x00,0x00,0x00,0x00,0x00,0x00,0x00,0x00,0x00,0x00,0x00,0x31,0x46,0x29,0x47,0x8e,0x3a,0x05,0x04,0x46,0x84,0x14,0x14,0x8c,0x6d,0x68,0x5a,0x5f,0x5f,0x66,0x6d,0x60,0x5f,0x68,0xd4,0x68,0x60,0x5a,0x5a,0x5a,0x6d,0x66,0xbb,0x89,0x69,0x6a,0x6a,0x78,0x59,0x59,0x59,0x59,0x59,0x59,0x59,0x59,0x60,0x5a,0x5a,0x5a,0x6a,0x60,0xb3,0xd8,0x8c,0x81,0x81,0x81,0x88,0x88,0x29,0x3a,0x8e,0xca,0xb8,0x4f,0x40,0x40,0x47,0x36,0x00,0x0e,0x00,0x00,0x00,0x00,0x00,0x00,0x00,0x00,0x00,0x00,0x00,0x00,0x00,0x00,0x00,0x00,0x00,0x00,0x00,0x00,0x00,0x00,0x00,0x00,0x00,0x00,0x00,0x00,0x00,0x00,0x00,0x00,0x00,
    0x00,0x00,0x00,0x00,0x00,0x00,0x00,0x00,0x00,0x00,0x00,0x00,0x00,0x00,0x00,0x00,0x00,0x00,0x00,0x00,0x00,0x00,0x00,0x00,0x00,0x00,0x00,0x00,0x00,0x00,0x00,0x00,0x00,0x00,0x00,0x00,0x00,0x00,0x00,0x06,0x00,0x01,0x06,0x36,0x40,0xe1,0x31,0x00,0x37,0xc3,0x99,0xc3,0xc8,0x66,0x6d,0x5a,0x5f,0x73,0x73,0x6a,0x68,0x73,0x5a,0xdd,0x68,0x60,0x5a,0x5a,0x5a,0x6d,0x5f,0xbb,0xbb,0x6a,0x68,0x78,0x6e,0x59,0x59,0x59,0x59,0x59,0x59,0x59,0x59,0x6d,0x5a,0x5a,0x5a,0x66,0x60,0xb3,0xce,0x99,0xb8,0xc8,0x99,0x99,0x14,0x31,0x37,0x8a,0x8e,0x18,0x0c,0x0a,0x0a,0x00,0x00,0x05,0x00,0x00,0x00,0x00,0x00,0x00,0x00,0x00,0x00,0x00,0x00,0x00,0x00,0x00,0x00,0x00,0x00,0x00,0x00,0x00,0x00,0x00,0x00,0x00,0x00,0x00,0x00,0x00,0x00,0x00,0x00,0x00,0x00,0x00,
    0x00,0x00,0x00,0x00,0x00,0x00,0x00,0x00,0x00,0x00,0x00,0x00,0x00,0x00,0x00,0x00,0x00,0x00,0x00,0x00,0x00,0x00,0x00,0x00,0x00,0x00,0x00,0x00,0x00,0x00,0x00,0x00,0x00,0x00,0x00,0x00,0x00,0x00,0x00,0x00,0x08,0x00,0x00,0x0e,0x2a,0x4e,0x4c,0x06,0x06,0x47,0x99,0x40,0x56,0x69,0x6d,0x60,0x69,0x66,0x66,0x66,0x66,0x5f,0x59,0xcd,0x68,0x68,0x5a,0x60,0x5a,0x66,0x85,0xd4,0xbb,0x73,0x78,0x59,0x59,0x59,0x59,0x59,0x59,0x59,0x59,0x59,0x59,0x59,0x5a,0x5a,0x5a,0x66,0x6e,0x5a,0x69,0x8c,0x18,0xb8,0x99,0xc3,0x3a,0x00,0x37,0x84,0x8e,0x4e,0x00,0x00,0x00,0x05,0x05,0x00,0x00,0x00,0x00,0x00,0x00,0x00,0x00,0x00,0x00,0x00,0x00,0x00,0x00,0x00,0x00,0x00,0x00,0x00,0x00,0x00,0x00,0x00,0x00,0x00,0x00,0x00,0x00,0x00,0x00,0x00,0x00,0x00,0x00,0x00,
    0x00,0x00,0x00,0x00,0x00,0x00,0x00,0x00,0x00,0x00,0x00,0x00,0x00,0x00,0x00,0x00,0x00,0x00,0x00,0x00,0x00,0x00,0x00,0x00,0x00,0x00,0x00,0x00,0x00,0x00,0x00,0x00,0x00,0x00,0x00,0x00,0x00,0x00,0x00,0x00,0x00,0x01,0x00,0x05,0x00,0x00,0x00,0x0e,0x0e,0x00,0x46,0x37,0x2d,0x6d,0x60,0x5a,0x5a,0x60,0x60,0x60,0x59,0x5a,0x59,0xcd,0x6a,0x60,0x60,0x59,0x66,0x5f,0x85,0xd4,0xbb,0x66,0x6e,0x59,0x59,0x59,0x59,0x59,0x59,0x59,0x59,0x59,0x59,0x59,0x59,0x59,0x5a,0x66,0x6e,0x6d,0x73,0xa9,0x53,0x3a,0xc3,0x40,0x31,0x00,0x4e,0x8e,0x47,0x08,0x08,0x05,0x01,0x00,0x00,0x00,0x00,0x00,0x00,0x00,0x00,0x00,0x00,0x00,0x00,0x00,0x00,0x00,0x00,0x00,0x00,0x00,0x00,0x00,0x00,0x00,0x00,0x00,0x00,0x00,0x00,0x00,0x00,0x00,0x00,0x00,0x00,0x00,0x00,0x00,
    0x00,0x00,0x00,0x00,0x00,0x00,0x00,0x00,0x00,0x00,0x00,0x00,0x00,0x00,0x00,0x00,0x00,0x00,0x00,0x00,0x00,0x00,0x00,0x00,0x00,0x00,0x00,0x00,0x00,0x00,0x00,0x00,0x00,0x00,0x00,0x00,0x00,0x00,0x00,0x00,0x00,0x00,0x00,0x00,0x05,0x02,0x00,0x00,0x05,0x05,0x0c,0x49,0x69,0x11,0x60,0x6d,0x6d,0x5a,0x5a,0x5a,0x59,0x59,0x5a,0xb4,0x6a,0x69,0x6a,0x66,0x5f,0x5f,0x5f,0x66,0x59,0x6e,0x59,0x59,0x59,0x59,0x59,0x59,0x59,0x59,0x59,0x59,0x59,0x59,0x6d,0x6d,0x68,0x68,0x6d,0x69,0x73,0xe0,0x53,0x3a,0xc1,0x29,0x00,0x29,0x4c,0x37,0x00,0x0e,0x0e,0x00,0x00,0x00,0x00,0x00,0x00,0x00,0x00,0x00,0x00,0x00,0x00,0x00,0x00,0x00,0x00,0x00,0x00,0x00,0x00,0x00,0x00,0x00,0x00,0x00,0x00,0x00,0x00,0x00,0x00,0x00,0x00,0x00,0x00,0x00,0x00,0x00,0x00,0x00,
    0x00,0x00,0x00,0x00,0x00,0x00,0x00,0x00,0x00,0x00,0x00,0x00,0x00,0x00,0x00,0x00,0x00,0x00,0x00,0x00,0x00,0x00,0x00,0x00,0x00,0x00,0x00,0x00,0x00,0x00,0x00,0x00,0x00,0x00,0x00,0x00,0x00,0x00,0x00,0x00,0x00,0x00,0x00,0x00,0x00,0x00,0x00,0x00,0x00,0x06,0x00,0x49,0x60,0x6e,0x59,0x59,0x59,0x5a,0x5a,0x60,0x6e,0x5a,0xb4,0xd2,0x6a,0x5f,0x5f,0x73,0x5f,0x5f,0x6a,0x69,0x6e,0x59,0x59,0x59,0x59,0x59,0x59,0x59,0x59,0x59,0x59,0x59,0x59,0x6d,0x60,0x60,0x6a,0x6a,0x5a,0x5a,0x5a,0x69,0x36,0x31,0x29,0x01,0x06,0x0c,0x08,0x00,0x0e,0x01,0x00,0x00,0x00,0x00,0x00,0x00,0x00,0x00,0x00,0x00,0x00,0x00,0x00,0x00,0x00,0x00,0x00,0x00,0x00,0x00,0x00,0x00,0x00,0x00,0x00,0x00,0x00,0x00,0x00,0x00,0x00,0x00,0x00,0x00,0x00,0x00,0x00,0x00,0x00,0x00,
    0x00,0x00,0x00,0x00,0x00,0x00,0x00,0x00,0x00,0x00,0x00,0x00,0x00,0x00,0x00,0x00,0x00,0x00,0x00,0x00,0x00,0x00,0x00,0x00,0x00,0x00,0x00,0x00,0x00,0x00,0x00,0x00,0x00,0x00,0x00,0x00,0x00,0x00,0x00,0x00,0x00,0x00,0x00,0x00,0x00,0x00,0x00,0x00,0x00,0x06,0x0e,0x10,0x6d,0x6e,0x59,0x59,0x6d,0x60,0x5a,0x60,0x59,0x68,0xb4,0xd9,0x6a,0x73,0x5f,0x5f,0x5f,0x73,0x66,0x6e,0x59,0x59,0x59,0x59,0x59,0x59,0x59,0x59,0x59,0x59,0x59,0x59,0x59,0x60,0x60,0x69,0x73,0x5f,0x60,0x60,0x60,0x60,0x19,0x00,0x00,0x00,0x00,0x0e,0x00,0x08,0x00,0x00,0x00,0x00,0x00,0x00,0x00,0x00,0x00,0x00,0x00,0x00,0x00,0x00,0x00,0x00,0x00,0x00,0x00,0x00,0x00,0x00,0x00,0x00,0x00,0x00,0x00,0x00,0x00,0x00,0x00,0x00,0x00,0x00,0x00,0x00,0x00,0x00,0x00,0x00,0x00,0x00,
    0x00,0x00,0x00,0x00,0x00,0x00,0x00,0x00,0x00,0x00,0x00,0x00,0x00,0x00,0x00,0x00,0x00,0x00,0x00,0x00,0x00,0x00,0x00,0x00,0x00,0x00,0x00,0x00,0x00,0x00,0x00,0x00,0x00,0x00,0x00,0x00,0x00,0x00,0x00,0x00,0x00,0x00,0x00,0x00,0x00,0x00,0x00,0x00,0x01,0x01,0x06,0x2d,0x59,0x11,0x60,0x5a,0x60,0x60,0x5a,0x5a,0x5a,0x68,0x6e,0xdd,0x73,0x5f,0x5f,0x5f,0x5f,0x5f,0x69,0x59,0x59,0x59,0x59,0x59,0x6e,0x6e,0x59,0x59,0x59,0x59,0x59,0x59,0x59,0x60,0x60,0x68,0x73,0x5f,0x60,0x60,0x11,0x60,0x10,0x08,0x06,0x00,0x00,0x01,0x00,0x00,0x00,0x00,0x00,0x00,0x00,0x00,0x00,0x00,0x00,0x00,0x00,0x00,0x00,0x00,0x00,0x00,0x00,0x00,0x00,0x00,0x00,0x00,0x00,0x00,0x00,0x00,0x00,0x00,0x00,0x00,0x00,0x00,0x00,0x00,0x00,0x00,0x00,0x00,0x00,0x00,0x00,0x00,
    0x00,0x00,0x00,0x00,0x00,0x00,0x00,0x00,0x00,0x00,0x00,0x00,0x00,0x00,0x00,0x00,0x00,0x00,0x00,0x00,0x00,0x00,0x00,0x00,0x00,0x00,0x00,0x00,0x00,0x00,0x00,0x00,0x00,0x00,0x00,0x00,0x00,0x00,0x00,0x00,0x00,0x00,0x00,0x00,0x00,0x00,0x00,0x00,0x01,0x00,0x0c,0x11,0x6e,0x6d,0x5a,0x5a,0x5a,0x5a,0x6d,0x59,0x6d,0x59,0x69,0x66,0x6a,0x5f,0x6a,0x73,0x5f,0x5a,0x59,0x59,0x59,0x59,0x59,0x59,0x6e,0x6e,0x59,0x59,0x59,0x59,0x59,0x59,0x59,0x5a,0x60,0x6a,0x73,0x5f,0x5a,0x5a,0x11,0x69,0x10,0x00,0x06,0x00,0x00,0x00,0x00,0x00,0x00,0x00,0x00,0x00,0x00,0x00,0x00,0x00,0x00,0x00,0x00,0x00,0x00,0x00,0x00,0x00,0x00,0x00,0x00,0x00,0x00,0x00,0x00,0x00,0x00,0x00,0x00,0x00,0x00,0x00,0x00,0x00,0x00,0x00,0x00,0x00,0x00,0x00,0x00,0x00,0x00,0x00,
    0x00,0x00,0x00,0x00,0x00,0x00,0x00,0x00,0x00,0x00,0x00,0x00,0x00,0x00,0x00,0x00,0x00,0x00,0x00,0x00,0x00,0x00,0x00,0x00,0x00,0x00,0x00,0x00,0x00,0x00,0x00,0x00,0x00,0x00,0x00,0x00,0x00,0x00,0x00,0x00,0x00,0x00,0x00,0x00,0x00,0x00,0x00,0x00,0x06,0x00,0x13,0x59,0x6e,0x60,0x5a,0x5a,0x60,0x5a,0x69,0x5a,0x68,0x59,0x78,0x78,0x69,0x66,0x5a,0x5f,0x60,0x6e,0x59,0x59,0x59,0x59,0x59,0x59,0x59,0x59,0x59,0x59,0x59,0x59,0x59,0x59,0x5a,0x6d,0x68,0x6a,0x66,0x66,0x5a,0x60,0x60,0x5a,0x44,0x00,0x00,0x00,0x00,0x00,0x00,0x00,0x00,0x00,0x00,0x00,0x00,0x00,0x00,0x00,0x00,0x00,0x00,0x00,0x00,0x00,0x00,0x00,0x00,0x00,0x00,0x00,0x00,0x00,0x00,0x00,0x00,0x00,0x00,0x00,0x00,0x00,0x00,0x00,0x00,0x00,0x00,0x00,0x00,0x00,0x00,0x00,0x00,0x00,
    0x00,0x00,0x00,0x00,0x00,0x00,0x00,0x00,0x00,0x00,0x00,0x00,0x00,0x00,0x00,0x00,0x00,0x00,0x00,0x00,0x00,0x00,0x00,0x00,0x00,0x00,0x00,0x00,0x00,0x00,0x00,0x00,0x00,0x00,0x00,0x00,0x00,0x00,0x00,0x00,0x00,0x00,0x00,0x00,0x00,0x00,0x00,0x00,0x08,0x00,0x10,0x60,0x11,0x6e,0x59,0x5a,0x6a,0x5f,0x73,0x73,0x73,0x5f,0x5a,0x6e,0x5a,0x5f,0x6a,0x6a,0x6d,0x68,0x60,0x59,0x59,0x59,0x59,0x59,0x59,0x59,0x59,0x59,0x59,0x59,0x59,0x59,0x59,0x6d,0x6a,0x69,0x60,0x60,0x5a,0x59,0x6e,0x6e,0x78,0x49,0x00,0x08,0x00,0x00,0x00,0x00,0x00,0x00,0x00,0x00,0x00,0x00,0x00,0x00,0x00,0x00,0x00,0x00,0x00,0x00,0x00,0x00,0x00,0x00,0x00,0x00,0x00,0x00,0x00,0x00,0x00,0x00,0x00,0x00,0x00,0x00,0x00,0x00,0x00,0x00,0x00,0x00,0x00,0x00,0x00,0x00,0x00,0x00,
    0x00,0x00,0x00,0x00,0x00,0x00,0x00,0x00,0x00,0x00,0x00,0x00,0x00,0x00,0x00,0x00,0x00,0x00,0x00,0x00,0x00,0x00,0x00,0x00,0x00,0x00,0x00,0x00,0x00,0x00,0x00,0x00,0x00,0x00,0x00,0x00,0x00,0x00,0x00,0x00,0x00,0x00,0x00,0x00,0x00,0x00,0x00,0x08,0x00,0x0c,0x66,0x60,0x5a,0x6d,0x69,0x66,0x68,0x6d,0x6e,0x6e,0x59,0x5a,0x6a,0x66,0x68,0x73,0x66,0x5f,0x5f,0x73,0x66,0x60,0x66,0x6d,0x59,0x59,0x59,0x59,0x59,0x59,0x59,0x59,0x59,0x6e,0x6e,0x60,0x73,0x69,0x5a,0x5a,0x5a,0x59,0x6e,0x78,0x78,0x2d,0x05,0x08,0x00,0x00,0x00,0x00,0x00,0x00,0x00,0x00,0x00,0x00,0x00,0x00,0x00,0x00,0x00,0x00,0x00,0x00,0x00,0x00,0x00,0x00,0x00,0x00,0x00,0x00,0x00,0x00,0x00,0x00,0x00,0x00,0x00,0x00,0x00,0x00,0x00,0x00,0x00,0x00,0x00,0x00,0x00,0x00,0x00,0x00,
    0x00,0x00,0x00,0x00,0x00,0x00,0x00,0x00,0x00,0x00,0x00,0x00,0x00,0x00,0x00,0x00,0x00,0x00,0x00,0x00,0x00,0x00,0x00,0x00,0x00,0x00,0x00,0x00,0x00,0x00,0x00,0x00,0x00,0x00,0x00,0x00,0x00,0x00,0x00,0x00,0x00,0x00,0x00,0x00,0x00,0x00,0x00,0x08,0x00,0x0c,0x68,0x60,0x60,0x66,0x6a,0x6d,0x6d,0x66,0x6a,0x6a,0x66,0x5a,0x59,0x6a,0x5f,0x68,0x69,0x5f,0x68,0x60,0x5a,0x6a,0x73,0x68,0x59,0x59,0x59,0x59,0x59,0x59,0x59,0x6e,0x6e,0x6e,0x78,0x68,0x73,0x5f,0x5a,0x68,0x5a,0x60,0x6d,0x60,0x11,0x11,0x19,0x00,0x08,0x00,0x00,0x00,0x00,0x00,0x00,0x00,0x00,0x00,0x00,0x00,0x00,0x00,0x00,0x00,0x00,0x00,0x00,0x00,0x00,0x00,0x00,0x00,0x00,0x00,0x00,0x00,0x00,0x00,0x00,0x00,0x00,0x00,0x00,0x00,0x00,0x00,0x00,0x00,0x00,0x00,0x00,0x00,0x00,0x00,
    0x00,0x00,0x00,0x00,0x00,0x00,0x00,0x00,0x00,0x00,0x00,0x00,0x00,0x00,0x00,0x00,0x00,0x00,0x00,0x00,0x00,0x00,0x00,0x00,0x00,0x00,0x00,0x00,0x00,0x00,0x00,0x00,0x00,0x00,0x00,0x00,0x00,0x00,0x00,0x00,0x00,0x00,0x00,0x00,0x00,0x00,0x00,0x00,0x08,0x08,0x2d,0x11,0x69,0x73,0x60,0x6a,0x68,0xa5,0xe7,0xd1,0xac,0x6d,0x73,0x6a,0x73,0x68,0x73,0x5f,0x78,0x78,0x78,0x59,0x68,0x66,0x59,0x59,0x59,0x59,0x59,0x59,0x59,0x59,0x59,0x59,0x59,0x73,0x73,0x73,0x66,0x69,0x5a,0x5a,0x5a,0x5a,0x11,0x60,0x13,0x00,0x06,0x00,0x00,0x00,0x00,0x00,0x00,0x00,0x00,0x00,0x00,0x00,0x00,0x00,0x00,0x00,0x00,0x00,0x00,0x00,0x00,0x00,0x00,0x00,0x00,0x00,0x00,0x00,0x00,0x00,0x00,0x00,0x00,0x00,0x00,0x00,0x00,0x00,0x00,0x00,0x00,0x00,0x00,0x00,0x00,0x00,
    0x00,0x00,0x00,0x00,0x00,0x00,0x00,0x00,0x00,0x00,0x00,0x00,0x00,0x00,0x00,0x00,0x00,0x00,0x00,0x00,0x00,0x00,0x00,0x00,0x00,0x00,0x00,0x00,0x00,0x00,0x00,0x00,0x00,0x00,0x00,0x00,0x00,0x00,0x00,0x00,0x00,0x00,0x00,0x00,0x00,0x00,0x00,0x00,0x06,0x00,0x13,0x5a,0x6a,0x5f,0x66,0xd1,0xaa,0x7f,0x8d,0x8d,0x76,0x8f,0xae,0x85,0x5f,0x85,0x89,0xac,0x60,0x69,0x59,0x6d,0x6d,0x66,0x6a,0x6d,0x59,0x59,0x59,0x59,0x59,0x59,0x59,0x78,0x68,0x68,0x68,0x66,0x69,0x60,0x60,0x6d,0x6d,0x5a,0x11,0x5a,0x13,0x00,0x06,0x00,0x00,0x00,0x00,0x00,0x00,0x00,0x00,0x00,0x00,0x00,0x00,0x00,0x00,0x00,0x00,0x00,0x00,0x00,0x00,0x00,0x00,0x00,0x00,0x00,0x00,0x00,0x00,0x00,0x00,0x00,0x00,0x00,0x00,0x00,0x00,0x00,0x00,0x00,0x00,0x00,0x00,0x00,0x00,0x00,
    0x00,0x00,0x00,0x00,0x00,0x00,0x00,0x00,0x00,0x00,0x00,0x00,0x00,0x00,0x00,0x00,0x00,0x00,0x00,0x00,0x00,0x00,0x00,0x00,0x00,0x00,0x00,0x00,0x00,0x00,0x00,0x00,0x00,0x00,0x00,0x00,0x00,0x00,0x00,0x00,0x00,0x00,0x00,0x00,0x00,0x00,0x00,0x00,0x01,0x01,0x06,0x34,0x5f,0x73,0xc0,0xa7,0x94,0x7b,0x7f,0x7f,0x7f,0x74,0x72,0xac,0x85,0xcc,0xa6,0x79,0xa0,0xa5,0x5f,0x59,0x5a,0x6d,0x66,0x5f,0x69,0x59,0x59,0x59,0x6e,0x6e,0x78,0x59,0x68,0x78,0x6e,0x59,0x59,0x6d,0x59,0x6e,0x6e,0x59,0x11,0x2c,0x19,0x00,0x08,0x00,0x00,0x00,0x00,0x00,0x00,0x00,0x00,0x00,0x00,0x00,0x00,0x00,0x00,0x00,0x00,0x00,0x00,0x00,0x00,0x00,0x00,0x00,0x00,0x00,0x00,0x00,0x00,0x00,0x00,0x00,0x00,0x00,0x00,0x00,0x00,0x00,0x00,0x00,0x00,0x00,0x00,0x00,0x00,0x00,
    0x00,0x00,0x00,0x00,0x00,0x00,0x00,0x00,0x00,0x00,0x00,0x00,0x00,0x00,0x00,0x00,0x00,0x00,0x00,0x00,0x00,0x00,0x00,0x00,0x00,0x00,0x00,0x00,0x00,0x00,0x00,0x00,0x00,0x00,0x00,0x00,0x00,0x00,0x00,0x00,0x00,0x00,0x00,0x00,0x00,0x00,0x00,0x00,0x00,0x00,0x08,0x00,0x10,0xac,0xa7,0x7b,0x7f,0x7f,0x7f,0x7f,0x80,0xc0,0x95,0xae,0xcb,0x9c,0x71,0xa6,0x80,0x09,0xac,0x66,0x89,0x6e,0x59,0x6a,0x73,0x69,0x6d,0x6e,0x89,0x78,0x6e,0x68,0x60,0x59,0x59,0x59,0x6e,0x6e,0x6e,0x6e,0x6e,0x78,0x68,0x34,0x00,0x06,0x00,0x00,0x00,0x00,0x00,0x00,0x00,0x00,0x00,0x00,0x00,0x00,0x00,0x00,0x00,0x00,0x00,0x00,0x00,0x00,0x00,0x00,0x00,0x00,0x00,0x00,0x00,0x00,0x00,0x00,0x00,0x00,0x00,0x00,0x00,0x00,0x00,0x00,0x00,0x00,0x00,0x00,0x00,0x00,0x00,0x00,
    0x00,0x00,0x00,0x00,0x00,0x00,0x00,0x00,0x00,0x00,0x00,0x00,0x00,0x00,0x00,0x00,0x00,0x00,0x00,0x00,0x00,0x00,0x00,0x00,0x00,0x00,0x00,0x00,0x00,0x00,0x00,0x00,0x00,0x00,0x00,0x00,0x00,0x00,0x00,0x00,0x00,0x00,0x00,0x00,0x00,0x00,0x00,0x00,0x00,0x00,0x08,0x02,0x34,0xb2,0x09,0x09,0xaf,0x96,0x09,0x9f,0x94,0xc7,0x97,0xa5,0x9b,0x9b,0x9e,0x80,0x7f,0x80,0x8d,0xe7,0x66,0x78,0x6e,0x6d,0x5f,0x68,0x59,0x78,0x6e,0x69,0x6a,0x66,0x5a,0x60,0x59,0x6d,0x69,0x69,0x6d,0x6d,0x5a,0x66,0x5f,0x2c,0x0a,0x00,0x08,0x00,0x00,0x00,0x00,0x00,0x00,0x00,0x00,0x00,0x00,0x00,0x00,0x00,0x00,0x00,0x00,0x00,0x00,0x00,0x00,0x00,0x00,0x00,0x00,0x00,0x00,0x00,0x00,0x00,0x00,0x00,0x00,0x00,0x00,0x00,0x00,0x00,0x00,0x00,0x00,0x00,0x00,0x00,0x00,0x00,
    0x00,0x00,0x00,0x00,0x00,0x00,0x00,0x00,0x00,0x00,0x00,0x00,0x00,0x00,0x00,0x00,0x00,0x00,0x00,0x00,0x00,0x00,0x00,0x00,0x00,0x00,0x00,0x00,0x00,0x00,0x00,0x00,0x00,0x00,0x00,0x00,0x00,0x00,0x00,0x00,0x00,0x00,0x00,0x00,0x00,0x00,0x00,0x00,0x00,0x00,0x00,0x00,0x2c,0xdc,0x9b,0x7d,0x96,0x95,0x8d,0x9f,0x94,0xb2,0xb6,0x5f,0xa1,0xc2,0x80,0xb9,0x7d,0x7d,0x72,0xb0,0xa5,0x6a,0x59,0x6e,0x68,0x6a,0x69,0x69,0x6a,0x66,0x69,0x66,0x5f,0x6a,0x6a,0x5f,0x73,0x73,0x66,0x6a,0x6a,0x6a,0x5f,0x66,0x34,0x0a,0x08,0x01,0x00,0x00,0x00,0x00,0x00,0x00,0x00,0x00,0x00,0x00,0x00,0x00,0x00,0x00,0x00,0x00,0x00,0x00,0x00,0x00,0x00,0x00,0x00,0x00,0x00,0x00,0x00,0x00,0x00,0x00,0x00,0x00,0x00,0x00,0x00,0x00,0x00,0x00,0x00,0x00,0x00,0x00,0x00,0x00,
    0x00,0x00,0x00,0x00,0x00,0x00,0x00,0x00,0x00,0x00,0x00,0x00,0x00,0x00,0x00,0x00,0x00,0x00,0x00,0x00,0x00,0x00,0x00,0x00,0x00,0x00,0x00,0x00,0x00,0x00,0x00,0x00,0x00,0x00,0x00,0x00,0x00,0x00,0x00,0x00,0x00,0x00,0x00,0x00,0x00,0x00,0x00,0x00,0x00,0x00,0x06,0x03,0x10,0xa5,0xd1,0xa1,0xaa,0xbe,0xaa,0xae,0x90,0xcc,0xac,0x85,0x5f,0x9d,0x9e,0x97,0x7e,0x9f,0x96,0x9c,0xa1,0x85,0x60,0x66,0x5f,0x5a,0x60,0x60,0x59,0x6e,0x6e,0x59,0x60,0x69,0x68,0x68,0x68,0x5a,0x69,0x66,0x78,0x6e,0x66,0x11,0x78,0x10,0x00,0x06,0x00,0x00,0x00,0x00,0x00,0x00,0x00,0x00,0x00,0x00,0x00,0x00,0x00,0x00,0x00,0x00,0x00,0x00,0x00,0x00,0x00,0x00,0x00,0x00,0x00,0x00,0x00,0x00,0x00,0x00,0x00,0x00,0x00,0x00,0x00,0x00,0x00,0x00,0x00,0x00,0x00,0x00,0x00,0x00,
    0x00,0x00,0x00,0x00,0x00,0x00,0x00,0x00,0x00,0x00,0x00,0x00,0x00,0x00,0x00,0x00,0x00,0x00,0x00,0x00,0x00,0x00,0x00,0x00,0x00,0x00,0x00,0x00,0x00,0x00,0x00,0x00,0x00,0x00,0x00,0x00,0x00,0x00,0x00,0x00,0x00,0x00,0x00,0x00,0x00,0x00,0x00,0x00,0x00,0x00,0x08,0x00,0x3c,0xaa,0xa6,0x07,0xc0,0xc0,0xbe,0xa0,0x15,0x7f,0xa6,0x89,0xd1,0xdc,0xae,0x07,0x07,0xb2,0x7f,0x90,0xc9,0xa5,0x69,0xac,0xf3,0xe6,0x5f,0x69,0x6d,0x6d,0x5a,0x5a,0x60,0x60,0x60,0x6d,0x6d,0x5a,0x66,0x78,0x78,0x78,0x78,0x69,0x89,0x55,0x0c,0x00,0x01,0x00,0x00,0x00,0x00,0x00,0x00,0x00,0x00,0x00,0x00,0x00,0x00,0x00,0x00,0x00,0x00,0x00,0x00,0x00,0x00,0x00,0x00,0x00,0x00,0x00,0x00,0x00,0x00,0x00,0x00,0x00,0x00,0x00,0x00,0x00,0x00,0x00,0x00,0x00,0x00,0x00,0x00,0x00,
    0x00,0x00,0x00,0x00,0x00,0x00,0x00,0x00,0x00,0x00,0x00,0x00,0x00,0x00,0x00,0x00,0x00,0x00,0x00,0x00,0x00,0x00,0x00,0x00,0x00,0x00,0x00,0x00,0x00,0x00,0x00,0x00,0x00,0x00,0x00,0x00,0x00,0x00,0x00,0x00,0x00,0x00,0x00,0x00,0x00,0x00,0x00,0x00,0x00,0x05,0x00,0x19,0xa1,0x80,0x6c,0x79,0x76,0x7e,0x76,0x76,0x7e,0x72,0xa4,0xc9,0x76,0x9a,0x9e,0xc2,0xc2,0xa1,0xb2,0x9b,0x94,0xa6,0x8f,0x75,0xd0,0xf0,0xd7,0xe6,0x69,0x60,0x6d,0x6d,0x60,0x60,0x5a,0x68,0x66,0x5f,0x60,0x6e,0x60,0x6d,0x6e,0x69,0x11,0x89,0x13,0x00,0x08,0x00,0x00,0x00,0x00,0x00,0x00,0x00,0x00,0x00,0x00,0x00,0x00,0x00,0x00,0x00,0x00,0x00,0x00,0x00,0x00,0x00,0x00,0x00,0x00,0x00,0x00,0x00,0x00,0x00,0x00,0x00,0x00,0x00,0x00,0x00,0x00,0x00,0x00,0x00,0x00,0x00,0x00,0x00,
    0x00,0x00,0x00,0x00,0x00,0x00,0x00,0x00,0x00,0x00,0x00,0x00,0x00,0x00,0x00,0x00,0x00,0x00,0x00,0x00,0x00,0x00,0x00,0x00,0x00,0x00,0x00,0x00,0x00,0x00,0x00,0x00,0x00,0x00,0x00,0x00,0x00,0x00,0x00,0x00,0x00,0x00,0x00,0x00,0x00,0x00,0x00,0x00,0x00,0x04,0x00,0x3c,0x8f,0x8d,0x7f,0x70,0x70,0x70,0x70,0x70,0x75,0x76,0xc7,0xc2,0x76,0x70,0x71,0x76,0x76,0x79,0xa6,0x94,0x7b,0x7b,0x76,0x71,0x7d,0x9a,0xd0,0xf0,0xdf,0x5f,0x68,0x69,0x68,0x66,0x6a,0x5f,0x66,0x69,0x5a,0x69,0x69,0x59,0x6d,0x60,0x66,0x6e,0x13,0x00,0x08,0x00,0x00,0x00,0x00,0x00,0x00,0x00,0x00,0x00,0x00,0x00,0x00,0x00,0x00,0x00,0x00,0x00,0x00,0x00,0x00,0x00,0x00,0x00,0x00,0x00,0x00,0x00,0x00,0x00,0x00,0x00,0x00,0x00,0x00,0x00,0x00,0x00,0x00,0x00,0x00,0x00,0x00,0x00,
    0x00,0x00,0x00,0x00,0x00,0x00,0x00,0x00,0x00,0x00,0x00,0x00,0x00,0x00,0x00,0x00,0x00,0x00,0x00,0x00,0x00,0x00,0x00,0x00,0x00,0x00,0x00,0x00,0x00,0x00,0x00,0x00,0x00,0x00,0x00,0x00,0x00,0x00,0x00,0x00,0x00,0x00,0x00,0x00,0x00,0x00,0x00,0x00,0x00,0x04,0x00,0x4b,0x79,0x7b,0x7f,0x61,0x61,0x61,0x61,0x61,0x70,0x7d,0xc9,0x8f,0x71,0x6c,0x6c,0x70,0x70,0x62,0x64,0x70,0x7d,0x7f,0x7f,0x80,0xa7,0xa6,0xa1,0xae,0xdf,0x5f,0x5a,0x68,0x66,0x69,0x69,0x5a,0x60,0x6d,0x60,0x69,0x59,0x59,0x59,0x6e,0x69,0x60,0x10,0x00,0x06,0x00,0x00,0x00,0x00,0x00,0x00,0x00,0x00,0x00,0x00,0x00,0x00,0x00,0x00,0x00,0x00,0x00,0x00,0x00,0x00,0x00,0x00,0x00,0x00,0x00,0x00,0x00,0x00,0x00,0x00,0x00,0x00,0x00,0x00,0x00,0x00,0x00,0x00,0x00,0x00,0x00,0x00,0x00,
    0x00,0x00,0x00,0x00,0x00,0x00,0x00,0x00,0x00,0x00,0x00,0x00,0x00,0x00,0x00,0x00,0x00,0x00,0x00,0x00,0x00,0x00,0x00,0x00,0x00,0x00,0x00,0x00,0x00,0x00,0x00,0x00,0x00,0x00,0x00,0x00,0x00,0x00,0x00,0x00,0x00,0x00,0x00,0x00,0x00,0x00,0x00,0x00,0x00,0x02,0x00,0x25,0x8d,0x58,0x58,0x61,0x61,0x61,0x61,0x6c,0x71,0x09,0xcc,0x7d,0x58,0x58,0x62,0x61,0x61,0x61,0x61,0x7d,0x7f,0x7f,0x80,0x7b,0x15,0xb2,0x9b,0x75,0xf0,0x5f,0x6d,0x60,0x6d,0x6d,0x60,0x5a,0x6d,0x69,0x6e,0x6d,0x59,0x6e,0x6e,0x6e,0x11,0x59,0x10,0x00,0x06,0x00,0x00,0x00,0x00,0x00,0x00,0x00,0x00,0x00,0x00,0x00,0x00,0x00,0x00,0x00,0x00,0x00,0x00,0x00,0x00,0x00,0x00,0x00,0x00,0x00,0x00,0x00,0x00,0x00,0x00,0x00,0x00,0x00,0x00,0x00,0x00,0x00,0x00,0x00,0x00,0x00,0x00,0x00,
    0x00,0x00,0x00,0x00,0x00,0x00,0x00,0x00,0x00,0x00,0x00,0x00,0x00,0x00,0x00,0x00,0x00,0x00,0x00,0x00,0x00,0x00,0x00,0x00,0x00,0x00,0x00,0x00,0x00,0x00,0x00,0x00,0x00,0x00,0x00,0x00,0x00,0x00,0x00,0x00,0x00,0x00,0x00,0x00,0x00,0x00,0x00,0x00,0x00,0x04,0x00,0x4b,0x7d,0x64,0x61,0x61,0x61,0x61,0x61,0x6c,0x74,0x9e,0xb2,0x8d,0x7f,0x7f,0x7f,0x7d,0x61,0x61,0x61,0x58,0x58,0x6c,0x76,0x93,0x07,0x79,0x79,0x74,0x75,0x89,0x66,0x5a,0x66,0x5f,0x6e,0x59,0x6a,0x89,0x69,0x69,0x59,0x78,0x6e,0x6e,0x11,0x69,0x10,0x00,0x06,0x00,0x00,0x00,0x00,0x00,0x00,0x00,0x00,0x00,0x00,0x00,0x00,0x00,0x00,0x00,0x00,0x00,0x00,0x00,0x00,0x00,0x00,0x00,0x00,0x00,0x00,0x00,0x00,0x00,0x00,0x00,0x00,0x00,0x00,0x00,0x00,0x00,0x00,0x00,0x00,0x00,0x00,0x00,
    0x00,0x00,0x00,0x00,0x00,0x00,0x00,0x00,0x00,0x00,0x00,0x00,0x00,0x00,0x00,0x00,0x00,0x00,0x00,0x00,0x00,0x00,0x00,0x00,0x00,0x00,0x00,0x00,0x00,0x00,0x00,0x00,0x00,0x00,0x00,0x00,0x00,0x00,0x00,0x00,0x00,0x00,0x00,0x00,0x00,0x00,0x00,0x00,0x00,0x06,0x00,0x3c,0x8f,0x72,0x70,0x62,0x61,0x61,0x58,0x7f,0x7b,0xa6,0xb2,0x7f,0x80,0x7b,0x7b,0x7d,0x62,0x61,0x61,0x61,0x61,0x61,0x62,0xa3,0x72,0x62,0x70,0x70,0x76,0xac,0x73,0x66,0xd4,0x6e,0xb4,0xdd,0xb4,0xd4,0x66,0x68,0x6e,0x6e,0x6e,0x6e,0x5a,0x66,0x10,0x00,0x06,0x00,0x00,0x00,0x00,0x00,0x00,0x00,0x00,0x00,0x00,0x00,0x00,0x00,0x00,0x00,0x00,0x00,0x00,0x00,0x00,0x00,0x00,0x00,0x00,0x00,0x00,0x00,0x00,0x00,0x00,0x00,0x00,0x00,0x00,0x00,0x00,0x00,0x00,0x00,0x00,0x00,0x00,0x00,
    0x00,0x00,0x00,0x00,0x00,0x00,0x00,0x00,0x00,0x00,0x00,0x00,0x00,0x00,0x00,0x00,0x00,0x00,0x00,0x00,0x00,0x00,0x00,0x00,0x00,0x00,0x00,0x00,0x00,0x00,0x00,0x00,0x00,0x00,0x00,0x00,0x00,0x00,0x00,0x00,0x00,0x00,0x00,0x00,0x00,0x00,0x00,0x00,0x00,0x05,0x00,0x0c,0x07,0x80,0xa6,0x7d,0x58,0x7d,0x7f,0x7b,0x7b,0x80,0xb2,0x09,0x8d,0x7b,0x7d,0x61,0x61,0x61,0x61,0x61,0x61,0x61,0x61,0x71,0x58,0x7d,0x7d,0xa6,0x94,0xc9,0x6a,0x78,0xb4,0xcd,0x5f,0xb4,0xcd,0x5f,0x68,0x59,0x89,0x78,0x78,0x78,0x66,0x2c,0x0c,0x01,0x08,0x00,0x00,0x00,0x00,0x00,0x00,0x00,0x00,0x00,0x00,0x00,0x00,0x00,0x00,0x00,0x00,0x00,0x00,0x00,0x00,0x00,0x00,0x00,0x00,0x00,0x00,0x00,0x00,0x00,0x00,0x00,0x00,0x00,0x00,0x00,0x00,0x00,0x00,0x00,0x00,0x00,0x00,0x00,
    0x00,0x00,0x00,0x00,0x00,0x00,0x00,0x00,0x00,0x00,0x00,0x00,0x00,0x00,0x00,0x00,0x00,0x00,0x00,0x00,0x00,0x00,0x00,0x00,0x00,0x00,0x00,0x00,0x00,0x00,0x00,0x00,0x00,0x00,0x00,0x00,0x00,0x00,0x00,0x00,0x00,0x00,0x00,0x00,0x00,0x00,0x00,0x00,0x00,0x00,0x02,0x00,0x3f,0x7d,0x80,0x7b,0x7d,0x6c,0x58,0x7d,0x9a,0x7e,0x93,0x15,0x94,0xa6,0x61,0x62,0x62,0x61,0x61,0x61,0x61,0x61,0x61,0x70,0x7d,0x7f,0x7f,0x80,0xa7,0xb6,0x66,0x78,0x59,0xcd,0x6a,0xb4,0xdd,0x66,0x68,0x78,0x6e,0x6e,0x6d,0x66,0x2c,0x19,0x00,0x08,0x00,0x00,0x00,0x00,0x00,0x00,0x00,0x00,0x00,0x00,0x00,0x00,0x00,0x00,0x00,0x00,0x00,0x00,0x00,0x00,0x00,0x00,0x00,0x00,0x00,0x00,0x00,0x00,0x00,0x00,0x00,0x00,0x00,0x00,0x00,0x00,0x00,0x00,0x00,0x00,0x00,0x00,0x00,0x00,
    0x00,0x00,0x00,0x00,0x00,0x00,0x00,0x00,0x00,0x00,0x00,0x00,0x00,0x00,0x00,0x00,0x00,0x00,0x00,0x00,0x00,0x00,0x00,0x00,0x00,0x00,0x00,0x00,0x00,0x00,0x00,0x00,0x00,0x00,0x00,0x00,0x00,0x00,0x00,0x00,0x00,0x00,0x00,0x00,0x00,0x00,0x00,0x00,0x00,0x00,0x00,0x04,0x00,0x45,0x8f,0x80,0x8d,0x79,0x79,0x72,0x71,0xbf,0xeb,0xae,0x9e,0x8d,0x7f,0x7f,0x7d,0x6c,0x6c,0x6c,0x6c,0x70,0x0d,0x61,0x71,0x72,0x80,0x7f,0xc9,0x6a,0x6e,0x11,0xd4,0xb4,0xb4,0x60,0x6e,0x6d,0x73,0x66,0x66,0x66,0x44,0x10,0x0c,0x00,0x08,0x00,0x00,0x00,0x00,0x00,0x00,0x00,0x00,0x00,0x00,0x00,0x00,0x00,0x00,0x00,0x00,0x00,0x00,0x00,0x00,0x00,0x00,0x00,0x00,0x00,0x00,0x00,0x00,0x00,0x00,0x00,0x00,0x00,0x00,0x00,0x00,0x00,0x00,0x00,0x00,0x00,0x00,0x00,0x00,0x00,
    0x00,0x00,0x00,0x00,0x00,0x00,0x00,0x00,0x00,0x00,0x00,0x00,0x00,0x00,0x00,0x00,0x00,0x00,0x00,0x00,0x00,0x00,0x00,0x00,0x00,0x00,0x00,0x00,0x00,0x00,0x00,0x00,0x00,0x00,0x00,0x00,0x00,0x00,0x00,0x00,0x00,0x00,0x00,0x00,0x00,0x00,0x00,0x00,0x00,0x00,0x00,0x00,0x05,0x00,0x35,0x4b,0x15,0xaa,0x9b,0x9d,0x51,0x54,0x54,0x3c,0x4a,0xa6,0x80,0x94,0x94,0x80,0x80,0x80,0x94,0x80,0x8d,0x7b,0xa6,0x8f,0x15,0xa5,0x73,0x66,0x69,0x66,0x6d,0x73,0x2c,0x2c,0x34,0x13,0x19,0x19,0x19,0x19,0x0a,0x00,0x00,0x08,0x00,0x00,0x00,0x00,0x00,0x00,0x00,0x00,0x00,0x00,0x00,0x00,0x00,0x00,0x00,0x00,0x00,0x00,0x00,0x00,0x00,0x00,0x00,0x00,0x00,0x00,0x00,0x00,0x00,0x00,0x00,0x00,0x00,0x00,0x00,0x00,0x00,0x00,0x00,0x00,0x00,0x00,0x00,0x00,0x00,0x00,
    0x00,0x00,0x00,0x00,0x00,0x00,0x00,0x00,0x00,0x00,0x00,0x00,0x00,0x00,0x00,0x00,0x00,0x00,0x00,0x00,0x00,0x00,0x00,0x00,0x00,0x00,0x00,0x00,0x00,0x00,0x00,0x00,0x00,0x00,0x00,0x00,0x00,0x00,0x00,0x00,0x00,0x00,0x00,0x00,0x00,0x00,0x00,0x00,0x00,0x00,0x00,0x00,0x00,0x01,0x00,0x00,0x0a,0x0c,0x13,0x19,0x0a,0x0a,0x0a,0x08,0x00,0x16,0x3e,0x23,0xa0,0xb9,0x8f,0xb9,0xe9,0x21,0x1f,0x3e,0x3b,0x33,0x0c,0x2d,0x6a,0x2d,0x2d,0x10,0x13,0x13,0x0a,0x0a,0x00,0x00,0x00,0x00,0x00,0x00,0x00,0x08,0x08,0x00,0x00,0x00,0x00,0x00,0x00,0x00,0x00,0x00,0x00,0x00,0x00,0x00,0x00,0x00,0x00,0x00,0x00,0x00,0x00,0x00,0x00,0x00,0x00,0x00,0x00,0x00,0x00,0x00,0x00,0x00,0x00,0x00,0x00,0x00,0x00,0x00,0x00,0x00,0x00,0x00,0x00,0x00,0x00,0x00,0x00,0x00,
    0x00,0x00,0x00,0x00,0x00,0x00,0x00,0x00,0x00,0x00,0x00,0x00,0x00,0x00,0x00,0x00,0x00,0x00,0x00,0x00,0x00,0x00,0x00,0x00,0x00,0x00,0x00,0x00,0x00,0x00,0x00,0x00,0x00,0x00,0x00,0x00,0x00,0x00,0x00,0x00,0x00,0x00,0x00,0x00,0x00,0x00,0x00,0x00,0x00,0x00,0x00,0x00,0x00,0x00,0x04,0x04,0x00,0x03,0x03,0x03,0x00,0x00,0x00,0x05,0x01,0x00,0x00,0x00,0x27,0x27,0x27,0x27,0x0c,0x0a,0x00,0x00,0x05,0x03,0x00,0x0a,0x0c,0x06,0x00,0x00,0x00,0x00,0x00,0x00,0x08,0x08,0x08,0x08,0x08,0x08,0x01,0x00,0x00,0x00,0x00,0x00,0x00,0x00,0x00,0x00,0x00,0x00,0x00,0x00,0x00,0x00,0x00,0x00,0x00,0x00,0x00,0x00,0x00,0x00,0x00,0x00,0x00,0x00,0x00,0x00,0x00,0x00,0x00,0x00,0x00,0x00,0x00,0x00,0x00,0x00,0x00,0x00,0x00,0x00,0x00,0x00,0x00,0x00,0x00,0x00,
    0x00,0x00,0x00,0x00,0x00,0x00,0x00,0x00,0x00,0x00,0x00,0x00,0x00,0x00,0x00,0x00,0x00,0x00,0x00,0x00,0x00,0x00,0x00,0x00,0x00,0x00,0x00,0x00,0x00,0x00,0x00,0x00,0x00,0x00,0x00,0x00,0x00,0x00,0x00,0x00,0x00,0x00,0x00,0x00,0x00,0x00,0x00,0x00,0x00,0x00,0x00,0x00,0x00,0x00,0x00,0x00,0x03,0x05,0x06,0x08,0x01,0x01,0x01,0x00,0x00,0x04,0x04,0x03,0x00,0x00,0x00,0x00,0x00,0x00,0x04,0x02,0x02,0x04,0x05,0x00,0x00,0x00,0x08,0x08,0x06,0x06,0x01,0x01,0x00,0x00,0x00,0x00,0x00,0x00,0x00,0x00,0x00,0x00,0x00,0x00,0x00,0x00,0x00,0x00,0x00,0x00,0x00,0x00,0x00,0x00,0x00,0x00,0x00,0x00,0x00,0x00,0x00,0x00,0x00,0x00,0x00,0x00,0x00,0x00,0x00,0x00,0x00,0x00,0x00,0x00,0x00,0x00,0x00,0x00,0x00,0x00,0x00,0x00,0x00,0x00,0x00,0x00,0x00,0x00,
    0x00,0x00,0x00,0x00,0x00,0x00,0x00,0x00,0x00,0x00,0x00,0x00,0x00,0x00,0x00,0x00,0x00,0x00,0x00,0x00,0x00,0x00,0x00,0x00,0x00,0x00,0x00,0x00,0x00,0x00,0x00,0x00,0x00,0x00,0x00,0x00,0x00,0x00,0x00,0x00,0x00,0x00,0x00,0x00,0x00,0x00,0x00,0x00,0x00,0x00,0x00,0x00,0x00,0x00,0x00,0x00,0x00,0x00,0x00,0x00,0x00,0x00,0x00,0x00,0x00,0x00,0x00,0x00,0x05,0x05,0x05,0x05,0x05,0x01,0x00,0x00,0x00,0x00,0x00,0x01,0x08,0x01,0x00,0x00,0x00,0x00,0x00,0x00,0x00,0x00,0x00,0x00,0x00,0x00,0x00,0x00,0x00,0x00,0x00,0x00,0x00,0x00,0x00,0x00,0x00,0x00,0x00,0x00,0x00,0x00,0x00,0x00,0x00,0x00,0x00,0x00,0x00,0x00,0x00,0x00,0x00,0x00,0x00,0x00,0x00,0x00,0x00,0x00,0x00,0x00,0x00,0x00,0x00,0x00,0x00,0x00,0x00,0x00,0x00,0x00,0x00,0x00,0x00,0x00,
    0x00,0x00,0x00,0x00,0x00,0x00,0x00,0x00,0x00,0x00,0x00,0x00,0x00,0x00,0x00,0x00,0x00,0x00,0x00,0x00,0x00,0x00,0x00,0x00,0x00,0x00,0x00,0x00,0x00,0x00,0x00,0x00,0x00,0x00,0x00,0x00,0x00,0x00,0x00,0x00,0x00,0x00,0x00,0x00,0x00,0x00,0x00,0x00,0x00,0x00,0x00,0x00,0x00,0x00,0x00,0x00,0x00,0x00,0x00,0x00,0x00,0x00,0x00,0x00,0x00,0x00,0x00,0x00,0x00,0x00,0x00,0x00,0x00,0x00,0x00,0x00,0x00,0x00,0x00,0x00,0x00,0x00,0x00,0x00,0x00,0x00,0x00,0x00,0x00,0x00,0x00,0x00,0x00,0x00,0x00,0x00,0x00,0x00,0x00,0x00,0x00,0x00,0x00,0x00,0x00,0x00,0x00,0x00,0x00,0x00,0x00,0x00,0x00,0x00,0x00,0x00,0x00,0x00,0x00,0x00,0x00,0x00,0x00,0x00,0x00,0x00,0x00,0x00,0x00,0x00,0x00,0x00,0x00,0x00,0x00,0x00,0x00,0x00,0x00,0x00,0x00,0x00,0x00,0x00,
    0x00,0x00,0x00,0x00,0x00,0x00,0x00,0x00,0x00,0x00,0x00,0x00,0x00,0x00,0x00,0x00,0x00,0x00,0x00,0x00,0x00,0x00,0x00,0x00,0x00,0x00,0x00,0x00,0x00,0x00,0x00,0x00,0x00,0x00,0x00,0x00,0x00,0x00,0x00,0x00,0x00,0x00,0x00,0x00,0x00,0x00,0x00,0x00,0x00,0x00,0x00,0x00,0x00,0x00,0x00,0x00,0x00,0x00,0x00,0x00,0x00,0x00,0x00,0x00,0x00,0x00,0x00,0x00,0x00,0x00,0x00,0x00,0x00,0x00,0x00,0x00,0x00,0x00,0x00,0x00,0x00,0x00,0x00,0x00,0x00,0x00,0x00,0x00,0x00,0x00,0x00,0x00,0x00,0x00,0x00,0x00,0x00,0x00,0x00,0x00,0x00,0x00,0x00,0x00,0x00,0x00,0x00,0x00,0x00,0x00,0x00,0x00,0x00,0x00,0x00,0x00,0x00,0x00,0x00,0x00,0x00,0x00,0x00,0x00,0x00,0x00,0x00,0x00,0x00,0x00,0x00,0x00,0x00,0x00,0x00,0x00,0x00,0x00,0x00,0x00,0x00,0x00,0x00,0x00,
    0x00,0x00,0x00,0x00,0x00,0x00,0x00,0x00,0x00,0x00,0x00,0x00,0x00,0x00,0x00,0x00,0x00,0x00,0x00,0x00,0x00,0x00,0x00,0x00,0x00,0x00,0x00,0x00,0x00,0x00,0x00,0x00,0x00,0x00,0x00,0x00,0x00,0x00,0x00,0x00,0x00,0x00,0x00,0x00,0x00,0x00,0x00,0x00,0x00,0x00,0x00,0x00,0x00,0x00,0x00,0x00,0x00,0x00,0x00,0x00,0x00,0x00,0x00,0x00,0x00,0x00,0x00,0x00,0x00,0x00,0x00,0x00,0x00,0x00,0x00,0x00,0x00,0x00,0x00,0x00,0x00,0x00,0x00,0x00,0x00,0x00,0x00,0x00,0x00,0x00,0x00,0x00,0x00,0x00,0x00,0x00,0x00,0x00,0x00,0x00,0x00,0x00,0x00,0x00,0x00,0x00,0x00,0x00,0x00,0x00,0x00,0x00,0x00,0x00,0x00,0x00,0x00,0x00,0x00,0x00,0x00,0x00,0x00,0x00,0x00,0x00,0x00,0x00,0x00,0x00,0x00,0x00,0x00,0x00,0x00,0x00,0x00,0x00,0x00,0x00,0x00,0x00,0x00,0x00,
    0x00,0x00,0x00,0x00,0x00,0x00,0x00,0x00,0x00,0x00,0x00,0x00,0x00,0x00,0x00,0x00,0x00,0x00,0x00,0x00,0x00,0x00,0x00,0x00,0x00,0x00,0x00,0x00,0x00,0x00,0x00,0x00,0x00,0x00,0x00,0x00,0x00,0x00,0x00,0x00,0x00,0x00,0x00,0x00,0x00,0x00,0x00,0x00,0x00,0x00,0x00,0x00,0x00,0x00,0x00,0x00,0x00,0x00,0x00,0x00,0x00,0x00,0x00,0x00,0x00,0x00,0x00,0x00,0x00,0x00,0x00,0x00,0x00,0x00,0x00,0x00,0x00,0x00,0x00,0x00,0x00,0x00,0x00,0x00,0x00,0x00,0x00,0x00,0x00,0x00,0x00,0x00,0x00,0x00,0x00,0x00,0x00,0x00,0x00,0x00,0x00,0x00,0x00,0x00,0x00,0x00,0x00,0x00,0x00,0x00,0x00,0x00,0x00,0x00,0x00,0x00,0x00,0x00,0x00,0x00,0x00,0x00,0x00,0x00,0x00,0x00,0x00,0x00,0x00,0x00,0x00,0x00,0x00,0x00,0x00,0x00,0x00,0x00,0x00,0x00,0x00,0x00,0x00,0x00,
    0x00,0x00,0x00,0x00,0x00,0x00,0x00,0x00,0x00,0x00,0x00,0x00,0x00,0x00,0x00,0x00,0x00,0x00,0x00,0x00,0x00,0x00,0x00,0x00,0x00,0x00,0x00,0x00,0x00,0x00,0x00,0x00,0x00,0x00,0x00,0x00,0x00,0x00,0x00,0x00,0x00,0x00,0x00,0x00,0x00,0x00,0x00,0x00,0x00,0x00,0x00,0x00,0x00,0x00,0x00,0x00,0x00,0x00,0x00,0x00,0x00,0x00,0x00,0x00,0x00,0x00,0x00,0x00,0x00,0x00,0x00,0x00,0x00,0x00,0x00,0x00,0x00,0x00,0x00,0x00,0x00,0x00,0x00,0x00,0x00,0x00,0x00,0x00,0x00,0x00,0x00,0x00,0x00,0x00,0x00,0x00,0x00,0x00,0x00,0x00,0x00,0x00,0x00,0x00,0x00,0x00,0x00,0x00,0x00,0x00,0x00,0x00,0x00,0x00,0x00,0x00,0x00,0x00,0x00,0x00,0x00,0x00,0x00,0x00,0x00,0x00,0x00,0x00,0x00,0x00,0x00,0x00,0x00,0x00,0x00,0x00,0x00,0x00,0x00,0x00,0x00,0x00,0x00,0x00,
    0x00,0x00,0x00,0x00,0x00,0x00,0x00,0x00,0x00,0x00,0x00,0x00,0x00,0x00,0x00,0x00,0x00,0x00,0x00,0x00,0x00,0x00,0x00,0x00,0x00,0x00,0x00,0x00,0x00,0x00,0x00,0x00,0x00,0x00,0x00,0x00,0x00,0x00,0x00,0x00,0x00,0x00,0x00,0x00,0x00,0x00,0x00,0x00,0x00,0x00,0x00,0x00,0x00,0x00,0x00,0x00,0x00,0x00,0x00,0x00,0x00,0x00,0x00,0x00,0x00,0x00,0x00,0x00,0x00,0x00,0x00,0x00,0x00,0x00,0x00,0x00,0x00,0x00,0x00,0x00,0x00,0x00,0x00,0x00,0x00,0x00,0x00,0x00,0x00,0x00,0x00,0x00,0x00,0x00,0x00,0x00,0x00,0x00,0x00,0x00,0x00,0x00,0x00,0x00,0x00,0x00,0x00,0x00,0x00,0x00,0x00,0x00,0x00,0x00,0x00,0x00,0x00,0x00,0x00,0x00,0x00,0x00,0x00,0x00,0x00,0x00,0x00,0x00,0x00,0x00,0x00,0x00,0x00,0x00,0x00,0x00,0x00,0x00,0x00,0x00,0x00,0x00,0x00,0x00,
    0x00,0x00,0x00,0x00,0x00,0x00,0x00,0x00,0x00,0x00,0x00,0x00,0x00,0x00,0x00,0x00,0x00,0x00,0x00,0x00,0x00,0x00,0x00,0x00,0x00,0x00,0x00,0x00,0x00,0x00,0x00,0x00,0x00,0x00,0x00,0x00,0x00,0x00,0x00,0x00,0x00,0x00,0x00,0x00,0x00,0x00,0x00,0x00,0x00,0x00,0x00,0x00,0x00,0x00,0x00,0x00,0x00,0x00,0x00,0x00,0x00,0x00,0x00,0x00,0x00,0x00,0x00,0x00,0x00,0x00,0x00,0x00,0x00,0x00,0x00,0x00,0x00,0x00,0x00,0x00,0x00,0x00,0x00,0x00,0x00,0x00,0x00,0x00,0x00,0x00,0x00,0x00,0x00,0x00,0x00,0x00,0x00,0x00,0x00,0x00,0x00,0x00,0x00,0x00,0x00,0x00,0x00,0x00,0x00,0x00,0x00,0x00,0x00,0x00,0x00,0x00,0x00,0x00,0x00,0x00,0x00,0x00,0x00,0x00,0x00,0x00,0x00,0x00,0x00,0x00,0x00,0x00,0x00,0x00,0x00,0x00,0x00,0x00,0x00,0x00,0x00,0x00,0x00,0x00,
    0x00,0x00,0x00,0x00,0x00,0x00,0x00,0x00,0x00,0x00,0x00,0x00,0x00,0x00,0x00,0x00,0x00,0x00,0x00,0x00,0x00,0x00,0x00,0x00,0x00,0x00,0x00,0x00,0x00,0x00,0x00,0x00,0x00,0x00,0x00,0x00,0x00,0x00,0x00,0x00,0x00,0x00,0x00,0x00,0x00,0x00,0x00,0x00,0x00,0x00,0x00,0x00,0x00,0x00,0x00,0x00,0x00,0x00,0x00,0x00,0x00,0x00,0x00,0x00,0x00,0x00,0x00,0x00,0x00,0x00,0x00,0x00,0x00,0x00,0x00,0x00,0x00,0x00,0x00,0x00,0x00,0x00,0x00,0x00,0x00,0x00,0x00,0x00,0x00,0x00,0x00,0x00,0x00,0x00,0x00,0x00,0x00,0x00,0x00,0x00,0x00,0x00,0x00,0x00,0x00,0x00,0x00,0x00,0x00,0x00,0x00,0x00,0x00,0x00,0x00,0x00,0x00,0x00,0x00,0x00,0x00,0x00,0x00,0x00,0x00,0x00,0x00,0x00,0x00,0x00,0x00,0x00,0x00,0x00,0x00,0x00,0x00,0x00,0x00,0x00,0x00,0x00,0x00,0x00,
    0x00,0x00,0x00,0x00,0x00,0x00,0x00,0x00,0x00,0x00,0x00,0x00,0x00,0x00,0x00,0x00,0x00,0x00,0x00,0x00,0x00,0x00,0x00,0x00,0x00,0x00,0x00,0x00,0x00,0x00,0x00,0x00,0x00,0x00,0x00,0x00,0x00,0x00,0x00,0x00,0x00,0x00,0x00,0x00,0x00,0x00,0x00,0x00,0x00,0x00,0x00,0x00,0x00,0x00,0x00,0x00,0x00,0x00,0x00,0x00,0x00,0x00,0x00,0x00,0x00,0x00,0x00,0x00,0x00,0x00,0x00,0x00,0x00,0x00,0x00,0x00,0x00,0x00,0x00,0x00,0x00,0x00,0x00,0x00,0x00,0x00,0x00,0x00,0x00,0x00,0x00,0x00,0x00,0x00,0x00,0x00,0x00,0x00,0x00,0x00,0x00,0x00,0x00,0x00,0x00,0x00,0x00,0x00,0x00,0x00,0x00,0x00,0x00,0x00,0x00,0x00,0x00,0x00,0x00,0x00,0x00,0x00,0x00,0x00,0x00,0x00,0x00,0x00,0x00,0x00,0x00,0x00,0x00,0x00,0x00,0x00,0x00,0x00,0x00,0x00,0x00,0x00,0x00,0x00,
    0x00,0x00,0x00,0x00,0x00,0x00,0x00,0x00,0x00,0x00,0x00,0x00,0x00,0x00,0x00,0x00,0x00,0x00,0x00,0x00,0x00,0x00,0x00,0x00,0x00,0x00,0x00,0x00,0x00,0x00,0x00,0x00,0x00,0x00,0x00,0x00,0x00,0x00,0x00,0x00,0x00,0x00,0x00,0x00,0x00,0x00,0x00,0x00,0x00,0x00,0x00,0x00,0x00,0x00,0x00,0x00,0x00,0x00,0x00,0x00,0x00,0x00,0x00,0x00,0x00,0x00,0x00,0x00,0x00,0x00,0x00,0x00,0x00,0x00,0x00,0x00,0x00,0x00,0x00,0x00,0x00,0x00,0x00,0x00,0x00,0x00,0x00,0x00,0x00,0x00,0x00,0x00,0x00,0x00,0x00,0x00,0x00,0x00,0x00,0x00,0x00,0x00,0x00,0x00,0x00,0x00,0x00,0x00,0x00,0x00,0x00,0x00,0x00,0x00,0x00,0x00,0x00,0x00,0x00,0x00,0x00,0x00,0x00,0x00,0x00,0x00,0x00,0x00,0x00,0x00,0x00,0x00,0x00,0x00,0x00,0x00,0x00,0x00,0x00,0x00,0x00,0x00,0x00,0x00,
    0x00,0x00,0x00,0x00,0x00,0x00,0x00,0x00,0x00,0x00,0x00,0x00,0x00,0x00,0x00,0x00,0x00,0x00,0x00,0x00,0x00,0x00,0x00,0x00,0x00,0x00,0x00,0x00,0x00,0x00,0x00,0x00,0x00,0x00,0x00,0x00,0x00,0x00,0x00,0x00,0x00,0x00,0x00,0x00,0x00,0x00,0x00,0x00,0x00,0x00,0x00,0x00,0x00,0x00,0x00,0x00,0x00,0x00,0x00,0x00,0x00,0x00,0x00,0x00,0x00,0x00,0x00,0x00,0x00,0x00,0x00,0x00,0x00,0x00,0x00,0x00,0x00,0x00,0x00,0x00,0x00,0x00,0x00,0x00,0x00,0x00,0x00,0x00,0x00,0x00,0x00,0x00,0x00,0x00,0x00,0x00,0x00,0x00,0x00,0x00,0x00,0x00,0x00,0x00,0x00,0x00,0x00,0x00,0x00,0x00,0x00,0x00,0x00,0x00,0x00,0x00,0x00,0x00,0x00,0x00,0x00,0x00,0x00,0x00,0x00,0x00,0x00,0x00,0x00,0x00,0x00,0x00,0x00,0x00,0x00,0x00,0x00,0x00,0x00,0x00,0x00,0x00,0x00,0x00,
    0x00,0x00,0x00,0x00,0x00,0x00,0x00,0x00,0x00,0x00,0x00,0x00,0x00,0x00,0x00,0x00,0x00,0x00,0x00,0x00,0x00,0x00,0x00,0x00,0x00,0x00,0x00,0x00,0x00,0x00,0x00,0x00,0x00,0x00,0x00,0x00,0x00,0x00,0x00,0x00,0x00,0x00,0x00,0x00,0x00,0x00,0x00,0x00,0x00,0x00,0x00,0x00,0x00,0x00,0x00,0x00,0x00,0x00,0x00,0x00,0x00,0x00,0x00,0x00,0x00,0x00,0x00,0x00,0x00,0x00,0x00,0x00,0x00,0x00,0x00,0x00,0x00,0x00,0x00,0x00,0x00,0x00,0x00,0x00,0x00,0x00,0x00,0x00,0x00,0x00,0x00,0x00,0x00,0x00,0x00,0x00,0x00,0x00,0x00,0x00,0x00,0x00,0x00,0x00,0x00,0x00,0x00,0x00,0x00,0x00,0x00,0x00,0x00,0x00,0x00,0x00,0x00,0x00,0x00,0x00,0x00,0x00,0x00,0x00,0x00,0x00,0x00,0x00,0x00,0x00,0x00,0x00,0x00,0x00,0x00,0x00,0x00,0x00,0x00,0x00,0x00,0x00,0x00,0x00,
    0x00,0x00,0x00,0x00,0x00,0x00,0x00,0x00,0x00,0x00,0x00,0x00,0x00,0x00,0x00,0x00,0x00,0x00,0x00,0x00,0x00,0x00,0x00,0x00,0x00,0x00,0x00,0x00,0x00,0x00,0x00,0x00,0x00,0x00,0x00,0x00,0x00,0x00,0x00,0x00,0x00,0x00,0x00,0x00,0x00,0x00,0x00,0x00,0x00,0x00,0x00,0x00,0x00,0x00,0x00,0x00,0x00,0x00,0x00,0x00,0x00,0x00,0x00,0x00,0x00,0x00,0x00,0x00,0x00,0x00,0x00,0x00,0x00,0x00,0x00,0x00,0x00,0x00,0x00,0x00,0x00,0x00,0x00,0x00,0x00,0x00,0x00,0x00,0x00,0x00,0x00,0x00,0x00,0x00,0x00,0x00,0x00,0x00,0x00,0x00,0x00,0x00,0x00,0x00,0x00,0x00,0x00,0x00,0x00,0x00,0x00,0x00,0x00,0x00,0x00,0x00,0x00,0x00,0x00,0x00,0x00,0x00,0x00,0x00,0x00,0x00,0x00,0x00,0x00,0x00,0x00,0x00,0x00,0x00,0x00,0x00,0x00,0x00,0x00,0x00,0x00,0x00,0x00,0x00,
    0x00,0x00,0x00,0x00,0x00,0x00,0x00,0x00,0x00,0x00,0x00,0x00,0x00,0x00,0x00,0x00,0x00,0x00,0x00,0x00,0x00,0x00,0x00,0x00,0x00,0x00,0x00,0x00,0x00,0x00,0x00,0x00,0x00,0x00,0x00,0x00,0x00,0x00,0x00,0x00,0x00,0x00,0x00,0x00,0x00,0x00,0x00,0x00,0x00,0x00,0x00,0x00,0x00,0x00,0x00,0x00,0x00,0x00,0x00,0x00,0x00,0x00,0x00,0x00,0x00,0x00,0x00,0x00,0x00,0x00,0x00,0x00,0x00,0x00,0x00,0x00,0x00,0x00,0x00,0x00,0x00,0x00,0x00,0x00,0x00,0x00,0x00,0x00,0x00,0x00,0x00,0x00,0x00,0x00,0x00,0x00,0x00,0x00,0x00,0x00,0x00,0x00,0x00,0x00,0x00,0x00,0x00,0x00,0x00,0x00,0x00,0x00,0x00,0x00,0x00,0x00,0x00,0x00,0x00,0x00,0x00,0x00,0x00,0x00,0x00,0x00,0x00,0x00,0x00,0x00,0x00,0x00,0x00,0x00,0x00,0x00,0x00,0x00,0x00,0x00,0x00,0x00,0x00,0x00,
    0x00,0x00,0x00,0x00,0x00,0x00,0x00,0x00,0x00,0x00,0x00,0x00,0x00,0x00,0x00,0x00,0x00,0x00,0x00,0x00,0x00,0x00,0x00,0x00,0x00,0x00,0x00,0x00,0x00,0x00,0x00,0x00,0x00,0x00,0x00,0x00,0x00,0x00,0x00,0x00,0x00,0x00,0x00,0x00,0x00,0x00,0x00,0x00,0x00,0x00,0x00,0x00,0x00,0x00,0x00,0x00,0x00,0x00,0x00,0x00,0x00,0x00,0x00,0x00,0x00,0x00,0x00,0x00,0x00,0x00,0x00,0x00,0x00,0x00,0x00,0x00,0x00,0x00,0x00,0x00,0x00,0x00,0x00,0x00,0x00,0x00,0x00,0x00,0x00,0x00,0x00,0x00,0x00,0x00,0x00,0x00,0x00,0x00,0x00,0x00,0x00,0x00,0x00,0x00,0x00,0x00,0x00,0x00,0x00,0x00,0x00,0x00,0x00,0x00,0x00,0x00,0x00,0x00,0x00,0x00,0x00,0x00,0x00,0x00,0x00,0x00,0x00,0x00,0x00,0x00,0x00,0x00,0x00,0x00,0x00,0x00,0x00,0x00,0x00,0x00,0x00,0x00,0x00,0x00,
    0x00,0x00,0x00,0x00,0x00,0x00,0x00,0x00,0x00,0x00,0x00,0x00,0x00,0x00,0x00,0x00,0x00,0x00,0x00,0x00,0x00,0x00,0x00,0x00,0x00,0x00,0x00,0x00,0x00,0x00,0x00,0x00,0x00,0x00,0x00,0x00,0x00,0x00,0x00,0x00,0x00,0x00,0x00,0x00,0x00,0x00,0x00,0x00,0x00,0x00,0x00,0x00,0x00,0x00,0x00,0x00,0x00,0x00,0x00,0x00,0x00,0x00,0x00,0x00,0x00,0x00,0x00,0x00,0x00,0x00,0x00,0x00,0x00,0x00,0x00,0x00,0x00,0x00,0x00,0x00,0x00,0x00,0x00,0x00,0x00,0x00,0x00,0x00,0x00,0x00,0x00,0x00,0x00,0x00,0x00,0x00,0x00,0x00,0x00,0x00,0x00,0x00,0x00,0x00,0x00,0x00,0x00,0x00,0x00,0x00,0x00,0x00,0x00,0x00,0x00,0x00,0x00,0x00,0x00,0x00,0x00,0x00,0x00,0x00,0x00,0x00,0x00,0x00,0x00,0x00,0x00,0x00,0x00,0x00,0x00,0x00,0x00,0x00,0x00,0x00,0x00,0x00,0x00,0x00,
    0x00,0x00,0x00,0x00,0x00,0x00,0x00,0x00,0x00,0x00,0x00,0x00,0x00,0x00,0x00,0x00,0x00,0x00,0x00,0x00,0x00,0x00,0x00,0x00,0x00,0x00,0x00,0x00,0x00,0x00,0x00,0x00,0x00,0x00,0x00,0x00,0x00,0x00,0x00,0x00,0x00,0x00,0x00,0x00,0x00,0x00,0x00,0x00,0x00,0x00,0x00,0x00,0x00,0x00,0x00,0x00,0x00,0x00,0x00,0x00,0x00,0x00,0x00,0x00,0x00,0x00,0x00,0x00,0x00,0x00,0x00,0x00,0x00,0x00,0x00,0x00,0x00,0x00,0x00,0x00,0x00,0x00,0x00,0x00,0x00,0x00,0x00,0x00,0x00,0x00,0x00,0x00,0x00,0x00,0x00,0x00,0x00,0x00,0x00,0x00,0x00,0x00,0x00,0x00,0x00,0x00,0x00,0x00,0x00,0x00,0x00,0x00,0x00,0x00,0x00,0x00,0x00,0x00,0x00,0x00,0x00,0x00,0x00,0x00,0x00,0x00,0x00,0x00,0x00,0x00,0x00,0x00,0x00,0x00,0x00,0x00,0x00,0x00,0x00,0x00,0x00,0x00,0x00,0x00,
    0x00,0x00,0x00,0x00,0x00,0x00,0x00,0x00,0x00,0x00,0x00,0x00,0x00,0x00,0x00,0x00,0x00,0x00,0x00,0x00,0x00,0x00,0x00,0x00,0x00,0x00,0x00,0x00,0x00,0x00,0x00,0x00,0x00,0x00,0x00,0x00,0x00,0x00,0x00,0x00,0x00,0x00,0x00,0x00,0x00,0x00,0x00,0x00,0x00,0x00,0x00,0x00,0x00,0x00,0x00,0x00,0x00,0x00,0x00,0x00,0x00,0x00,0x00,0x00,0x00,0x00,0x00,0x00,0x00,0x00,0x00,0x00,0x00,0x00,0x00,0x00,0x00,0x00,0x00,0x00,0x00,0x00,0x00,0x00,0x00,0x00,0x00,0x00,0x00,0x00,0x00,0x00,0x00,0x00,0x00,0x00,0x00,0x00,0x00,0x00,0x00,0x00,0x00,0x00,0x00,0x00,0x00,0x00,0x00,0x00,0x00,0x00,0x00,0x00,0x00,0x00,0x00,0x00,0x00,0x00,0x00,0x00,0x00,0x00,0x00,0x00,0x00,0x00,0x00,0x00,0x00,0x00,0x00,0x00,0x00,0x00,0x00,0x00,0x00,0x00,0x00,0x00,0x00,0x00,
    0x00,0x00,0x00,0x00,0x00,0x00,0x00,0x00,0x00,0x00,0x00,0x00,0x00,0x00,0x00,0x00,0x00,0x00,0x00,0x00,0x00,0x00,0x00,0x00,0x00,0x00,0x00,0x00,0x00,0x00,0x00,0x00,0x00,0x00,0x00,0x00,0x00,0x00,0x00,0x00,0x00,0x00,0x00,0x00,0x00,0x00,0x00,0x00,0x00,0x00,0x00,0x00,0x00,0x00,0x00,0x00,0x00,0x00,0x00,0x00,0x00,0x00,0x00,0x00,0x00,0x00,0x00,0x00,0x00,0x00,0x00,0x00,0x00,0x00,0x00,0x00,0x00,0x00,0x00,0x00,0x00,0x00,0x00,0x00,0x00,0x00,0x00,0x00,0x00,0x00,0x00,0x00,0x00,0x00,0x00,0x00,0x00,0x00,0x00,0x00,0x00,0x00,0x00,0x00,0x00,0x00,0x00,0x00,0x00,0x00,0x00,0x00,0x00,0x00,0x00,0x00,0x00,0x00,0x00,0x00,0x00,0x00,0x00,0x00,0x00,0x00,0x00,0x00,0x00,0x00,0x00,0x00,0x00,0x00,0x00,0x00,0x00,0x00,0x00,0x00,0x00,0x00,0x00,0x00,
    0x00,0x00,0x00,0x00,0x00,0x00,0x00,0x00,0x00,0x00,0x00,0x00,0x00,0x00,0x00,0x00,0x00,0x00,0x00,0x00,0x00,0x00,0x00,0x00,0x00,0x00,0x00,0x00,0x00,0x00,0x00,0x00,0x00,0x00,0x00,0x00,0x00,0x00,0x00,0x00,0x00,0x00,0x00,0x00,0x00,0x00,0x00,0x00,0x00,0x00,0x00,0x00,0x00,0x00,0x00,0x00,0x00,0x00,0x00,0x00,0x00,0x00,0x00,0x00,0x00,0x00,0x00,0x00,0x00,0x00,0x00,0x00,0x00,0x00,0x00,0x00,0x00,0x00,0x00,0x00,0x00,0x00,0x00,0x00,0x00,0x00,0x00,0x00,0x00,0x00,0x00,0x00,0x00,0x00,0x00,0x00,0x00,0x00,0x00,0x00,0x00,0x00,0x00,0x00,0x00,0x00,0x00,0x00,0x00,0x00,0x00,0x00,0x00,0x00,0x00,0x00,0x00,0x00,0x00,0x00,0x00,0x00,0x00,0x00,0x00,0x00,0x00,0x00,0x00,0x00,0x00,0x00,0x00,0x00,0x00,0x00,0x00,0x00,0x00,0x00,0x00,0x00,0x00,0x00,
    0x00,0x00,0x00,0x00,0x00,0x00,0x00,0x00,0x00,0x00,0x00,0x00,0x00,0x00,0x00,0x00,0x00,0x00,0x00,0x00,0x00,0x00,0x00,0x00,0x00,0x00,0x00,0x00,0x00,0x00,0x00,0x00,0x00,0x00,0x00,0x00,0x00,0x00,0x00,0x00,0x00,0x00,0x00,0x00,0x00,0x00,0x00,0x00,0x00,0x00,0x00,0x00,0x00,0x00,0x00,0x00,0x00,0x00,0x00,0x00,0x00,0x00,0x00,0x00,0x00,0x00,0x00,0x00,0x00,0x00,0x00,0x00,0x00,0x00,0x00,0x00,0x00,0x00,0x00,0x00,0x00,0x00,0x00,0x00,0x00,0x00,0x00,0x00,0x00,0x00,0x00,0x00,0x00,0x00,0x00,0x00,0x00,0x00,0x00,0x00,0x00,0x00,0x00,0x00,0x00,0x00,0x00,0x00,0x00,0x00,0x00,0x00,0x00,0x00,0x00,0x00,0x00,0x00,0x00,0x00,0x00,0x00,0x00,0x00,0x00,0x00,0x00,0x00,0x00,0x00,0x00,0x00,0x00,0x00,0x00,0x00,0x00,0x00,0x00,0x00,0x00,0x00,0x00,0x00,
    0x00,0x00,0x00,0x00,0x00,0x00,0x00,0x00,0x00,0x00,0x00,0x00,0x00,0x00,0x00,0x00,0x00,0x00,0x00,0x00,0x00,0x00,0x00,0x00,0x00,0x00,0x00,0x00,0x00,0x00,0x00,0x00,0x00,0x00,0x00,0x00,0x00,0x00,0x00,0x00,0x00,0x00,0x00,0x00,0x00,0x00,0x00,0x00,0x00,0x00,0x00,0x00,0x00,0x00,0x00,0x00,0x00,0x00,0x00,0x00,0x00,0x00,0x00,0x00,0x00,0x00,0x00,0x00,0x00,0x00,0x00,0x00,0x00,0x00,0x00,0x00,0x00,0x00,0x00,0x00,0x00,0x00,0x00,0x00,0x00,0x00,0x00,0x00,0x00,0x00,0x00,0x00,0x00,0x00,0x00,0x00,0x00,0x00,0x00,0x00,0x00,0x00,0x00,0x00,0x00,0x00,0x00,0x00,0x00,0x00,0x00,0x00,0x00,0x00,0x00,0x00,0x00,0x00,0x00,0x00,0x00,0x00,0x00,0x00,0x00,0x00,0x00,0x00,0x00,0x00,0x00,0x00,0x00,0x00,0x00,0x00,0x00,0x00,0x00,0x00,0x00,0x00,0x00,0x00,
    0x00,0x00,0x00,0x00,0x00,0x00,0x00,0x00,0x00,0x00,0x00,0x00,0x00,0x00,0x00,0x00,0x00,0x00,0x00,0x00,0x00,0x00,0x00,0x00,0x00,0x00,0x00,0x00,0x00,0x00,0x00,0x00,0x00,0x00,0x00,0x00,0x00,0x00,0x00,0x00,0x00,0x00,0x00,0x00,0x00,0x00,0x00,0x00,0x00,0x00,0x00,0x00,0x00,0x00,0x00,0x00,0x00,0x00,0x00,0x00,0x00,0x00,0x00,0x00,0x00,0x00,0x00,0x00,0x00,0x00,0x00,0x00,0x00,0x00,0x00,0x00,0x00,0x00,0x00,0x00,0x00,0x00,0x00,0x00,0x00,0x00,0x00,0x00,0x00,0x00,0x00,0x00,0x00,0x00,0x00,0x00,0x00,0x00,0x00,0x00,0x00,0x00,0x00,0x00,0x00,0x00,0x00,0x00,0x00,0x00,0x00,0x00,0x00,0x00,0x00,0x00,0x00,0x00,0x00,0x00,0x00,0x00,0x00,0x00,0x00,0x00,0x00,0x00,0x00,0x00,0x00,0x00,0x00,0x00,0x00,0x00,0x00,0x00,0x00,0x00,0x00,0x00,0x00,0x00,

};

const lv_image_dsc_t passport_pet_failed_4 = {
  .header = {
    .magic = LV_IMAGE_HEADER_MAGIC,
    .cf = LV_COLOR_FORMAT_I8,
    .flags = 0,
    .w = 144,
    .h = 156,
    .stride = 144,
    .reserved_2 = 0,
  },
  .data_size = sizeof(passport_pet_failed_4_map),
  .data = passport_pet_failed_4_map,
  .reserved = NULL,
};
