
#if defined(LV_LVGL_H_INCLUDE_SIMPLE)
#include "lvgl.h"
#elif defined(LV_LVGL_H_INCLUDE_SYSTEM)
#include <lvgl.h>
#elif defined(LV_BUILD_TEST)
#include "../lvgl.h"
#else
#include "lvgl/lvgl.h"
#endif

#ifndef LV_ATTRIBUTE_MEM_ALIGN
#define LV_ATTRIBUTE_MEM_ALIGN
#endif

#ifndef LV_ATTRIBUTE_PASSPORT_PET_IDLE_3
#define LV_ATTRIBUTE_PASSPORT_PET_IDLE_3
#endif

static const
LV_ATTRIBUTE_MEM_ALIGN LV_ATTRIBUTE_LARGE_CONST LV_ATTRIBUTE_PASSPORT_PET_IDLE_3
uint8_t passport_pet_idle_3_map[] = {

    0x4c,0x70,0x47,0x00,0x3a,0x3a,0x4a,0x02,0x1e,0x00,0x0f,0x01,0xad,0xca,0xd5,0x03,
    0x83,0x7f,0x80,0x02,0x14,0x12,0x10,0x03,0x15,0x13,0x15,0xfc,0xdb,0xff,0xfb,0x01,
    0x6e,0x78,0x8c,0x04,0xd8,0xea,0xfe,0xfe,0x2a,0x24,0x28,0xfe,0x0d,0x0d,0x0d,0x28,
    0x32,0x2e,0x29,0x10,0x0d,0x0c,0x0d,0xfb,0x0e,0x0c,0x0e,0xa2,0x96,0xa2,0xb1,0xfe,
    0x0d,0x0b,0x0c,0x7c,0x7c,0x8e,0xa2,0xfe,0x1b,0x1b,0x1c,0x1b,0x30,0x34,0x33,0x09,
    0x89,0xa2,0xb7,0xfe,0xa0,0xbd,0xcf,0xfe,0x91,0xa7,0xb5,0x0b,0x27,0x26,0x28,0x3b,
    0xae,0x61,0x06,0xfe,0xb7,0x6d,0x09,0xfe,0xdb,0x7d,0x03,0xfe,0x3d,0x4d,0x69,0xfe,
    0x0a,0x0a,0x0a,0x46,0xc1,0xcd,0xdf,0xfe,0xce,0xea,0xff,0xfe,0x0d,0x0b,0x0c,0xd9,
    0x17,0x17,0x19,0x6c,0xb1,0xc2,0xd6,0xfe,0x43,0x49,0x4f,0x26,0xb0,0xc8,0xd3,0x17,
    0x0c,0x0b,0x0c,0xe6,0x0a,0x09,0x09,0xf3,0x97,0xb3,0xc3,0x26,0x0f,0x10,0x12,0x5b,
    0x0e,0x0d,0x0e,0xc1,0x67,0x5c,0x50,0x73,0xc1,0xdd,0xed,0xcb,0x49,0x57,0x66,0x36,
    0x9c,0x60,0x08,0x38,0x78,0x8a,0x98,0x17,0x80,0x94,0xae,0xfe,0x0e,0x0d,0x0e,0xb1,
    0x51,0x5c,0x67,0x5e,0x0f,0x0f,0x12,0x93,0x7d,0x90,0xa0,0xa6,0x46,0x29,0x0c,0xfe,
    0x5d,0x67,0x75,0xfe,0x8b,0xa3,0xb8,0xdc,0x4a,0x41,0x3b,0x8a,0x66,0x76,0x88,0xb1,
    0x70,0x81,0x92,0xed,0x74,0x86,0x93,0x4f,0x8d,0xa1,0xb0,0x3c,0x7c,0x90,0xa0,0xbb,
    0x9c,0xb3,0xcb,0x9f,0xb5,0xcf,0xdf,0x53,0xa4,0xc0,0xd2,0xae,0xa7,0x63,0x06,0x9b,
    0x5c,0x60,0x63,0xbe,0x83,0x96,0xa5,0xe2,0x96,0xad,0xbd,0xbf,0x60,0x6d,0x78,0xfa,
    0xac,0xc3,0xd3,0x3c,0x95,0xab,0xbc,0x8a,0x14,0x13,0x15,0xf5,0xcd,0x74,0x13,0x03,
    0x0e,0x0c,0x0d,0xcb,0x50,0x55,0x5b,0xd4,0x58,0x5d,0x62,0x9e,0x76,0x88,0x95,0x8f,
    0x3e,0x44,0x4d,0xce,0x68,0x79,0x8a,0x70,0xa7,0xca,0xdd,0xbb,0x77,0x89,0x9a,0xdb,
    0x75,0x80,0x8c,0x25,0x9c,0xb8,0xd1,0x72,0x90,0xa2,0xb2,0x5d,0x8e,0xaa,0xbd,0xe1,
    0x8c,0xa4,0xc8,0xfd,0xc4,0xd9,0xe8,0x9c,0x3f,0x4c,0x59,0xa9,0xc9,0xdb,0xe7,0x7a,
    0x53,0x5e,0x6a,0x89,0xdd,0x87,0x02,0xc0,0xa4,0xb8,0xc7,0xd8,0x74,0x8b,0x9d,0xf3,
    0x71,0x83,0x8f,0x31,0x9b,0xb1,0xc2,0xef,0x77,0x8d,0xd2,0xfd,0x20,0x1c,0x21,0xed,
    0x92,0x58,0x07,0xcb,0x25,0x28,0x2f,0xd6,0xa2,0xbe,0xce,0xe7,0x64,0x72,0x81,0xde,
    0x31,0x3c,0x44,0x54,0x94,0x59,0x07,0xec,0x98,0x60,0x09,0x4d,0x15,0x14,0x15,0xff,
    0xd1,0xe5,0xfa,0xff,0x16,0x15,0x16,0xff,0x0f,0x0e,0x0f,0xff,0x07,0x08,0x09,0xff,
    0xbc,0xe2,0xfb,0xff,0x13,0x12,0x13,0xff,0x0b,0x0b,0x0c,0xff,0x11,0x10,0x11,0xff,
    0xd0,0xe4,0xfa,0xff,0xf2,0x95,0x02,0xff,0x01,0x02,0x03,0xff,0xda,0xed,0xfe,0xff,
    0xba,0xe0,0xf9,0xff,0xd5,0xe7,0xfb,0xff,0xf0,0x94,0x02,0xff,0xc4,0xe3,0xfa,0xff,
    0xe0,0xf0,0xfe,0xff,0xb8,0xdc,0xf6,0xff,0xe3,0xec,0xf7,0xff,0xcb,0xe5,0xfb,0xff,
    0xdc,0xe8,0xf8,0xff,0xd3,0xe9,0xfd,0xff,0xb3,0xda,0xf4,0xff,0x27,0x1d,0x20,0xff,
    0xcc,0xd9,0xf5,0xff,0x1b,0x18,0x19,0xff,0xd0,0xe3,0xf9,0xff,0xcf,0xde,0xf8,0xff,
    0xcd,0xed,0xff,0xff,0xec,0x8d,0x02,0xff,0xfa,0x9a,0x02,0xff,0xbf,0xe6,0xff,0xff,
    0xea,0xf2,0xfb,0xff,0xc2,0xe2,0xf9,0xff,0xf5,0x97,0x02,0xff,0xf9,0xff,0xff,0xff,
    0x94,0xaf,0xc4,0xff,0xbb,0xc3,0xcf,0xff,0xed,0x91,0x02,0xff,0x87,0x9c,0xb1,0xff,
    0xb4,0xd1,0xe7,0xff,0x6a,0x38,0x42,0xff,0xca,0xe2,0xf9,0xff,0xc5,0xea,0xff,0xff,
    0xc5,0xd3,0xe5,0xff,0xd6,0xe4,0xf6,0xff,0xa8,0xc6,0xdc,0xff,0xb4,0xd5,0xee,0xff,
    0xc2,0xdf,0xf5,0xff,0x1d,0x1e,0x25,0xff,0xad,0xcd,0xe2,0xff,0x6a,0x75,0x85,0xff,
    0xe4,0x87,0x03,0xff,0x24,0x16,0x18,0xff,0x75,0x43,0x4d,0xff,0x43,0x27,0x2d,0xff,
    0x37,0x20,0x25,0xff,0xd3,0xdf,0xed,0xff,0xae,0x44,0x06,0xff,0xcb,0x78,0x07,0xff,
    0xfe,0xa2,0x02,0xff,0xe1,0xf5,0xff,0xff,0xb7,0xc8,0xdf,0xff,0xd3,0xf3,0xff,0xff,
    0xa0,0xb4,0xc8,0xff,0xad,0xbb,0xcc,0xff,0xf0,0xfb,0xff,0xff,0xc3,0xdb,0xf0,0xff,
    0x8e,0xa8,0xbb,0xff,0xca,0xcf,0xf8,0xff,0xf4,0x90,0x00,0xff,0xad,0xb3,0xbe,0xff,
    0xf0,0xf8,0xfd,0xff,0x98,0xaa,0xba,0xff,0x74,0x84,0x9c,0xff,0xd6,0x83,0x05,0xff,
    0x96,0xac,0xf3,0xff,0xb0,0x77,0x22,0xff,0x92,0x9a,0xa5,0xff,0x50,0x2e,0x35,0xff,
    0x48,0x4c,0x53,0xfe,0xa1,0xc0,0xd7,0xff,0x82,0x88,0x93,0xff,0x8b,0x4d,0x59,0xff,
    0xd2,0x6b,0x05,0xff,0x86,0x7b,0x82,0xff,0xa1,0xad,0xbd,0xff,0x9a,0x3a,0x05,0xff,
    0x9e,0x52,0x60,0xff,0xcf,0xd9,0xe5,0xff,0xbd,0xd8,0xed,0xff,0x8f,0x50,0x0d,0xff,
    0x77,0x4d,0x54,0xff,0xa5,0xaa,0xad,0xff,0x88,0x95,0xa1,0xff,0x37,0x3b,0x47,0xff,
    0x4e,0x63,0x91,0xff,0x9c,0xa0,0xa6,0xff,0x89,0x46,0x53,0xff,0xdb,0x5e,0x6c,0xff,
    0x97,0x5f,0x13,0xff,0xb7,0xca,0xf4,0xff,0xad,0x5c,0x6d,0xff,0x9b,0xb8,0xd3,0xff,
    0xcd,0xd1,0xd7,0xff,0x49,0x5a,0x66,0xff,0xad,0xc0,0xf4,0xff,0xa3,0xb7,0xf1,0xff,
    0x76,0x62,0x4b,0xff,0x63,0x5e,0x6a,0xff,0x28,0x2b,0x33,0xff,0x54,0x38,0x3d,0xff,
    0x64,0x74,0x9e,0xff,0xd4,0x6f,0x84,0xff,0x9f,0x75,0x43,0xff,0x6c,0x3f,0x15,0xff,
    0x35,0x1b,0x0e,0xff,0xdf,0xe5,0xef,0xff,0x80,0x6d,0x6f,0xff,0xa3,0x8e,0x75,0xff,
    0x9e,0x62,0x6f,0xff,0xb9,0x66,0x76,0xff,0x83,0x99,0xdc,0xff,0xa4,0x88,0x5e,0xff,
    0xc0,0x4c,0x5a,0xff,0x88,0x59,0x5e,0xff,0x6f,0x83,0xbc,0xff,0x7e,0x92,0xc3,0xff,
    0xdc,0x7c,0x8c,0xff,0x6f,0x2d,0x0a,0xff,0xcb,0x89,0x17,0xff,0xa7,0x40,0x4e,0xff,
    0x32,0x79,0x8c,0xff,0x9f,0x96,0x8d,0xff,0xe4,0x92,0xa2,0xff,0x6f,0x46,0x32,0xff,
    0xfa,0xd4,0xdf,0xff,0x89,0xa1,0xf2,0xff,0x0f,0xb1,0xe0,0xff,0xbb,0x8b,0x45,0xff,
    0xc0,0x50,0x02,0xff,0xc8,0xb8,0xab,0xff,0x0f,0x9a,0xc4,0xff,0x8a,0x26,0x24,0xff,
    0xfb,0xaa,0xbb,0xff,0x61,0x74,0xc1,0xff,0x98,0x6e,0x77,0xff,0x10,0xde,0xff,0xff,
    0x3f,0x58,0xbe,0xff,0x78,0x97,0xbc,0xff,0x0c,0xca,0xfe,0xff,0xb6,0x81,0x8c,0xff,

    0x00,0x00,0x00,0x00,0x00,0x00,0x00,0x00,0x00,0x00,0x00,0x00,0x00,0x00,0x00,0x00,0x00,0x00,0x00,0x00,0x00,0x00,0x00,0x00,0x00,0x00,0x00,0x00,0x00,0x00,0x00,0x00,0x00,0x00,0x00,0x00,0x00,0x00,0x00,0x00,0x00,0x00,0x00,0x00,0x00,0x00,0x00,0x00,0x00,0x00,0x00,0x00,0x00,0x00,0x00,0x00,0x00,0x00,0x00,0x00,0x00,0x01,0x01,0x00,0x00,0x00,0x00,0x00,0x00,0x00,0x00,0x00,0x00,0x00,0x00,0x00,0x00,0x00,0x00,0x00,0x00,0x00,0x00,0x00,0x00,0x00,0x00,0x00,0x00,0x00,0x00,0x00,0x00,0x00,0x00,0x00,0x00,0x00,0x00,0x00,0x00,0x00,0x00,0x00,0x00,0x00,0x00,0x00,0x00,0x00,0x00,0x00,0x00,0x00,0x00,0x00,0x00,0x00,0x00,0x00,0x00,0x00,0x00,0x00,0x00,0x00,0x00,0x00,0x00,0x00,0x00,0x00,0x00,0x00,0x00,0x00,0x00,0x00,0x00,0x00,0x00,0x00,0x00,0x00,
    0x00,0x00,0x00,0x00,0x00,0x00,0x00,0x00,0x00,0x00,0x00,0x00,0x00,0x00,0x00,0x00,0x00,0x00,0x00,0x00,0x00,0x00,0x00,0x00,0x00,0x00,0x00,0x00,0x00,0x00,0x00,0x00,0x00,0x00,0x00,0x00,0x00,0x00,0x00,0x00,0x00,0x00,0x00,0x00,0x00,0x00,0x00,0x00,0x00,0x00,0x00,0x00,0x00,0x00,0x00,0x00,0x00,0x00,0x00,0x00,0x01,0x00,0x00,0x22,0x2b,0x0c,0x00,0x02,0x00,0x00,0x00,0x00,0x00,0x00,0x00,0x00,0x00,0x00,0x00,0x00,0x00,0x00,0x00,0x00,0x00,0x00,0x00,0x00,0x00,0x00,0x00,0x00,0x00,0x00,0x00,0x00,0x00,0x00,0x00,0x00,0x00,0x00,0x00,0x00,0x00,0x00,0x00,0x00,0x00,0x00,0x00,0x00,0x00,0x00,0x00,0x00,0x00,0x00,0x00,0x00,0x00,0x00,0x00,0x00,0x00,0x00,0x00,0x00,0x00,0x00,0x00,0x00,0x00,0x00,0x00,0x00,0x00,0x00,0x00,0x00,0x00,0x00,0x00,0x00,
    0x00,0x00,0x00,0x00,0x00,0x00,0x00,0x00,0x00,0x00,0x00,0x00,0x00,0x00,0x00,0x00,0x00,0x00,0x00,0x00,0x00,0x00,0x00,0x00,0x00,0x00,0x00,0x00,0x00,0x00,0x00,0x00,0x00,0x00,0x00,0x00,0x00,0x00,0x00,0x00,0x00,0x00,0x00,0x00,0x00,0x00,0x00,0x00,0x00,0x00,0x00,0x00,0x00,0x00,0x00,0x00,0x00,0x00,0x00,0x01,0x00,0x2b,0x56,0x1b,0x56,0x22,0x02,0x04,0x00,0x00,0x00,0x00,0x00,0x00,0x00,0x00,0x00,0x00,0x00,0x00,0x00,0x00,0x00,0x00,0x00,0x00,0x00,0x00,0x00,0x00,0x00,0x00,0x00,0x00,0x00,0x00,0x00,0x00,0x00,0x00,0x00,0x00,0x00,0x00,0x00,0x00,0x00,0x00,0x00,0x00,0x00,0x00,0x00,0x00,0x00,0x00,0x00,0x00,0x00,0x00,0x00,0x00,0x00,0x00,0x00,0x00,0x00,0x00,0x00,0x00,0x00,0x00,0x00,0x00,0x00,0x00,0x00,0x00,0x00,0x00,0x00,0x00,0x00,0x00,
    0x00,0x00,0x00,0x00,0x00,0x00,0x00,0x00,0x00,0x00,0x00,0x00,0x00,0x00,0x00,0x00,0x00,0x00,0x00,0x00,0x00,0x00,0x00,0x00,0x00,0x00,0x00,0x00,0x00,0x00,0x00,0x00,0x00,0x00,0x00,0x00,0x00,0x00,0x00,0x00,0x00,0x00,0x00,0x00,0x00,0x00,0x00,0x00,0x00,0x00,0x00,0x00,0x00,0x00,0x00,0x00,0x00,0x00,0x03,0x00,0x44,0x5b,0x1b,0x2b,0x00,0x00,0x00,0x00,0x00,0x00,0x00,0x00,0x00,0x00,0x00,0x00,0x00,0x00,0x00,0x00,0x00,0x00,0x00,0x00,0x00,0x00,0x00,0x00,0x00,0x00,0x00,0x00,0x00,0x00,0x00,0x00,0x00,0x00,0x00,0x00,0x00,0x00,0x00,0x00,0x00,0x00,0x00,0x00,0x00,0x00,0x00,0x00,0x00,0x00,0x00,0x00,0x00,0x00,0x00,0x00,0x00,0x00,0x00,0x00,0x00,0x00,0x00,0x00,0x00,0x00,0x00,0x00,0x00,0x00,0x00,0x00,0x00,0x00,0x00,0x00,0x00,0x00,0x00,0x00,
    0x00,0x00,0x00,0x00,0x00,0x00,0x00,0x00,0x00,0x00,0x00,0x00,0x00,0x00,0x00,0x00,0x00,0x00,0x00,0x00,0x00,0x00,0x00,0x00,0x00,0x00,0x00,0x00,0x00,0x00,0x00,0x00,0x00,0x00,0x00,0x00,0x00,0x00,0x00,0x00,0x00,0x00,0x00,0x00,0x00,0x00,0x00,0x00,0x00,0x00,0x00,0x00,0x00,0x00,0x00,0x00,0x00,0x04,0x00,0x5c,0xac,0xb9,0x3a,0x00,0x08,0x02,0x00,0x00,0x00,0x00,0x00,0x00,0x00,0x00,0x00,0x00,0x00,0x00,0x00,0x00,0x00,0x00,0x00,0x00,0x00,0x00,0x00,0x00,0x00,0x00,0x00,0x00,0x00,0x00,0x00,0x00,0x00,0x00,0x00,0x00,0x00,0x00,0x00,0x00,0x00,0x00,0x00,0x00,0x00,0x00,0x00,0x00,0x00,0x00,0x00,0x00,0x00,0x00,0x00,0x00,0x00,0x00,0x00,0x00,0x00,0x00,0x00,0x00,0x00,0x00,0x00,0x00,0x00,0x00,0x00,0x00,0x00,0x00,0x00,0x00,0x00,0x00,0x00,0x00,
    0x00,0x00,0x00,0x00,0x00,0x00,0x00,0x00,0x00,0x00,0x00,0x00,0x00,0x00,0x00,0x00,0x00,0x00,0x00,0x00,0x00,0x00,0x00,0x00,0x00,0x00,0x00,0x00,0x00,0x00,0x00,0x00,0x00,0x00,0x00,0x00,0x00,0x00,0x00,0x00,0x00,0x00,0x00,0x00,0x00,0x00,0x00,0x00,0x00,0x00,0x00,0x00,0x00,0x00,0x00,0x00,0x00,0x03,0x04,0x32,0x8c,0x35,0x00,0x04,0x00,0x00,0x00,0x00,0x00,0x00,0x00,0x00,0x00,0x00,0x00,0x00,0x00,0x00,0x00,0x00,0x00,0x00,0x00,0x00,0x00,0x00,0x00,0x00,0x00,0x00,0x00,0x00,0x00,0x00,0x00,0x00,0x00,0x00,0x00,0x00,0x00,0x00,0x00,0x00,0x00,0x00,0x00,0x00,0x00,0x00,0x00,0x00,0x00,0x00,0x00,0x00,0x00,0x00,0x00,0x00,0x00,0x00,0x00,0x00,0x00,0x00,0x00,0x00,0x00,0x00,0x00,0x00,0x00,0x00,0x00,0x00,0x00,0x00,0x00,0x00,0x00,0x00,0x00,0x00,
    0x00,0x00,0x00,0x00,0x00,0x00,0x00,0x00,0x00,0x00,0x00,0x00,0x00,0x00,0x00,0x00,0x00,0x00,0x00,0x00,0x00,0x00,0x00,0x00,0x00,0x00,0x00,0x00,0x00,0x00,0x00,0x00,0x00,0x00,0x00,0x00,0x00,0x00,0x00,0x00,0x00,0x00,0x00,0x00,0x00,0x00,0x00,0x00,0x00,0x00,0x00,0x00,0x00,0x00,0x00,0x00,0x04,0x00,0x26,0xbe,0x8f,0x4b,0x04,0x08,0x00,0x00,0x00,0x00,0x00,0x00,0x00,0x00,0x00,0x00,0x00,0x00,0x00,0x00,0x00,0x00,0x00,0x00,0x00,0x00,0x00,0x00,0x00,0x00,0x00,0x00,0x00,0x00,0x00,0x00,0x00,0x00,0x00,0x00,0x00,0x00,0x00,0x00,0x00,0x00,0x00,0x00,0x00,0x00,0x00,0x00,0x00,0x00,0x00,0x00,0x00,0x00,0x00,0x00,0x00,0x00,0x00,0x00,0x00,0x00,0x00,0x00,0x00,0x00,0x00,0x00,0x00,0x00,0x00,0x00,0x00,0x00,0x00,0x00,0x00,0x00,0x00,0x00,0x00,0x00,
    0x00,0x00,0x00,0x00,0x00,0x00,0x00,0x00,0x00,0x00,0x00,0x00,0x00,0x00,0x00,0x00,0x00,0x00,0x00,0x00,0x00,0x00,0x00,0x00,0x00,0x00,0x00,0x00,0x00,0x00,0x00,0x00,0x00,0x00,0x00,0x00,0x00,0x00,0x00,0x00,0x00,0x00,0x00,0x00,0x00,0x00,0x00,0x00,0x00,0x00,0x00,0x00,0x00,0x00,0x00,0x00,0x03,0x00,0x26,0x79,0x96,0x3b,0x00,0x07,0x00,0x00,0x00,0x00,0x00,0x00,0x00,0x00,0x00,0x00,0x00,0x00,0x00,0x00,0x00,0x00,0x00,0x00,0x00,0x00,0x00,0x00,0x00,0x00,0x00,0x00,0x00,0x00,0x00,0x00,0x00,0x00,0x00,0x00,0x00,0x00,0x00,0x00,0x00,0x00,0x00,0x00,0x00,0x00,0x00,0x00,0x00,0x00,0x00,0x00,0x00,0x00,0x00,0x00,0x00,0x00,0x00,0x00,0x00,0x00,0x00,0x00,0x00,0x00,0x00,0x00,0x00,0x00,0x00,0x00,0x00,0x00,0x00,0x00,0x00,0x00,0x00,0x00,0x00,0x00,
    0x00,0x00,0x00,0x00,0x00,0x00,0x00,0x00,0x00,0x00,0x00,0x00,0x00,0x00,0x00,0x00,0x00,0x00,0x00,0x00,0x00,0x00,0x00,0x00,0x00,0x00,0x00,0x00,0x00,0x00,0x00,0x00,0x00,0x00,0x00,0x00,0x00,0x00,0x00,0x00,0x00,0x00,0x00,0x00,0x00,0x00,0x00,0x00,0x00,0x00,0x00,0x00,0x00,0x00,0x00,0x00,0x03,0x00,0x26,0x96,0x96,0x5b,0x2d,0x07,0x07,0x00,0x00,0x00,0x00,0x00,0x00,0x00,0x00,0x00,0x00,0x00,0x00,0x00,0x00,0x00,0x00,0x00,0x00,0x00,0x00,0x00,0x00,0x00,0x00,0x00,0x00,0x00,0x00,0x00,0x00,0x00,0x00,0x00,0x00,0x00,0x00,0x00,0x00,0x00,0x00,0x00,0x00,0x00,0x00,0x00,0x00,0x00,0x00,0x00,0x00,0x00,0x00,0x00,0x00,0x00,0x00,0x00,0x00,0x00,0x00,0x00,0x00,0x00,0x00,0x00,0x00,0x00,0x00,0x00,0x00,0x00,0x00,0x00,0x00,0x00,0x00,0x00,0x00,0x00,
    0x00,0x00,0x00,0x00,0x00,0x00,0x00,0x00,0x00,0x00,0x00,0x00,0x00,0x00,0x00,0x00,0x00,0x00,0x00,0x00,0x00,0x00,0x00,0x00,0x00,0x00,0x00,0x00,0x00,0x00,0x00,0x00,0x00,0x00,0x00,0x00,0x00,0x00,0x00,0x00,0x00,0x00,0x00,0x00,0x00,0x00,0x00,0x00,0x00,0x00,0x00,0x00,0x00,0x00,0x00,0x00,0x00,0x03,0x03,0x42,0x9a,0xa8,0x39,0x00,0x08,0x00,0x00,0x00,0x02,0x07,0x08,0x08,0x03,0x03,0x03,0x03,0x03,0x03,0x08,0x05,0x04,0x02,0x00,0x00,0x00,0x00,0x00,0x00,0x00,0x00,0x00,0x00,0x00,0x00,0x00,0x00,0x00,0x00,0x00,0x00,0x00,0x00,0x00,0x00,0x00,0x00,0x00,0x00,0x00,0x00,0x00,0x00,0x00,0x00,0x00,0x00,0x00,0x00,0x00,0x00,0x00,0x00,0x00,0x00,0x00,0x00,0x00,0x00,0x00,0x00,0x00,0x00,0x00,0x00,0x00,0x00,0x00,0x00,0x00,0x00,0x00,0x00,0x00,0x00,
    0x00,0x00,0x00,0x00,0x00,0x00,0x00,0x00,0x00,0x00,0x00,0x00,0x00,0x00,0x00,0x00,0x00,0x00,0x00,0x00,0x00,0x00,0x00,0x00,0x00,0x00,0x00,0x00,0x00,0x00,0x00,0x00,0x00,0x00,0x00,0x00,0x00,0x00,0x00,0x00,0x00,0x00,0x00,0x00,0x00,0x00,0x00,0x00,0x00,0x00,0x00,0x00,0x00,0x00,0x00,0x00,0x00,0x03,0x00,0x52,0x90,0x9a,0x5a,0x16,0x00,0x00,0x08,0x01,0x00,0x00,0x00,0x00,0x00,0x00,0x00,0x00,0x00,0x00,0x00,0x00,0x00,0x00,0x01,0x01,0x02,0x00,0x00,0x00,0x00,0x00,0x00,0x00,0x00,0x00,0x00,0x00,0x00,0x00,0x00,0x00,0x00,0x00,0x00,0x00,0x00,0x00,0x00,0x00,0x00,0x00,0x00,0x00,0x00,0x00,0x00,0x00,0x00,0x00,0x00,0x00,0x00,0x00,0x00,0x00,0x00,0x00,0x00,0x00,0x00,0x00,0x00,0x00,0x00,0x00,0x00,0x00,0x00,0x00,0x00,0x00,0x00,0x00,0x00,0x00,
    0x00,0x00,0x00,0x00,0x00,0x00,0x00,0x00,0x00,0x00,0x00,0x00,0x00,0x00,0x00,0x00,0x00,0x00,0x00,0x00,0x00,0x00,0x00,0x00,0x00,0x00,0x00,0x00,0x00,0x00,0x00,0x00,0x00,0x00,0x00,0x00,0x00,0x00,0x00,0x00,0x00,0x00,0x00,0x00,0x00,0x00,0x00,0x00,0x00,0x00,0x00,0x00,0x00,0x00,0x00,0x00,0x00,0x00,0x03,0x00,0x3e,0x97,0x9a,0x4e,0x5c,0x08,0x00,0x00,0x0c,0x16,0x30,0x30,0x51,0x2a,0x2a,0x2a,0x2a,0x4e,0x4d,0x27,0x22,0x0c,0x00,0x00,0x00,0x04,0x04,0x00,0x00,0x00,0x00,0x00,0x00,0x00,0x00,0x00,0x00,0x00,0x00,0x00,0x00,0x00,0x00,0x00,0x00,0x00,0x00,0x00,0x00,0x00,0x00,0x00,0x00,0x00,0x00,0x00,0x00,0x00,0x00,0x00,0x00,0x00,0x00,0x00,0x00,0x00,0x00,0x00,0x00,0x00,0x00,0x00,0x00,0x00,0x00,0x00,0x00,0x00,0x00,0x00,0x00,0x00,0x00,0x00,
    0x00,0x00,0x00,0x00,0x00,0x00,0x00,0x00,0x00,0x00,0x00,0x00,0x00,0x00,0x00,0x00,0x00,0x00,0x00,0x00,0x00,0x00,0x00,0x00,0x00,0x00,0x00,0x00,0x00,0x00,0x00,0x00,0x00,0x00,0x00,0x00,0x00,0x00,0x00,0x00,0x00,0x00,0x00,0x00,0x00,0x00,0x00,0x00,0x00,0x00,0x00,0x00,0x00,0x00,0x00,0x00,0x00,0x00,0x07,0x04,0x23,0x53,0x14,0xb9,0x14,0x4f,0x4a,0x37,0x38,0x2e,0xb9,0x14,0x7e,0x84,0xa7,0x93,0x84,0x6c,0xa8,0xc6,0x5b,0x38,0x37,0x30,0x12,0x00,0x00,0x03,0x04,0x00,0x00,0x00,0x00,0x00,0x00,0x00,0x00,0x00,0x00,0x00,0x00,0x00,0x00,0x00,0x00,0x00,0x00,0x00,0x00,0x00,0x00,0x00,0x00,0x00,0x00,0x00,0x00,0x00,0x00,0x00,0x00,0x00,0x00,0x00,0x00,0x00,0x00,0x00,0x00,0x00,0x00,0x00,0x00,0x00,0x00,0x00,0x00,0x00,0x00,0x00,0x00,0x00,0x00,0x00,
    0x00,0x00,0x00,0x00,0x00,0x00,0x00,0x00,0x00,0x00,0x00,0x00,0x00,0x00,0x00,0x00,0x00,0x00,0x00,0x00,0x00,0x00,0x00,0x00,0x00,0x00,0x00,0x00,0x00,0x00,0x00,0x00,0x00,0x00,0x00,0x00,0x00,0x00,0x00,0x00,0x00,0x00,0x00,0x00,0x00,0x00,0x00,0x00,0x00,0x00,0x00,0x00,0x00,0x00,0x00,0x00,0x07,0x03,0x08,0x04,0x00,0x00,0x29,0x14,0x8c,0xcf,0x96,0x96,0x7e,0x79,0x6c,0x87,0x79,0x79,0x79,0x74,0x79,0x79,0x87,0x93,0x6c,0xc2,0x96,0x8f,0xb8,0x0e,0x2b,0x00,0x00,0x08,0x00,0x00,0x00,0x00,0x00,0x00,0x00,0x00,0x00,0x00,0x00,0x00,0x00,0x00,0x00,0x00,0x00,0x00,0x00,0x00,0x00,0x00,0x00,0x00,0x00,0x00,0x00,0x00,0x00,0x00,0x00,0x00,0x00,0x00,0x00,0x00,0x00,0x00,0x00,0x00,0x00,0x00,0x00,0x00,0x00,0x00,0x00,0x00,0x00,0x00,0x00,0x00,0x00,0x00,
    0x00,0x00,0x00,0x00,0x00,0x00,0x00,0x00,0x00,0x00,0x00,0x00,0x00,0x00,0x00,0x00,0x00,0x00,0x00,0x00,0x00,0x00,0x00,0x00,0x00,0x00,0x00,0x00,0x00,0x00,0x00,0x00,0x00,0x00,0x00,0x00,0x00,0x00,0x00,0x00,0x00,0x00,0x00,0x00,0x00,0x00,0x00,0x00,0x00,0x00,0x00,0x00,0x00,0x02,0x01,0x04,0x00,0x00,0x00,0x00,0x23,0x3d,0x4e,0x15,0x90,0x98,0x87,0x87,0x74,0x74,0x74,0x74,0x74,0x74,0x74,0x74,0x74,0x7e,0x79,0x79,0x74,0x89,0x7b,0x7d,0x90,0x14,0x8f,0x32,0x2b,0x00,0x03,0x07,0x00,0x00,0x00,0x00,0x00,0x00,0x00,0x00,0x00,0x00,0x00,0x00,0x00,0x00,0x00,0x00,0x00,0x00,0x00,0x00,0x00,0x00,0x00,0x00,0x00,0x00,0x00,0x00,0x00,0x00,0x00,0x00,0x00,0x00,0x00,0x00,0x00,0x00,0x00,0x00,0x00,0x00,0x00,0x00,0x00,0x00,0x00,0x00,0x00,0x00,0x00,0x00,
    0x00,0x00,0x00,0x00,0x00,0x00,0x00,0x00,0x00,0x00,0x00,0x00,0x00,0x00,0x00,0x00,0x00,0x00,0x00,0x00,0x00,0x00,0x00,0x00,0x00,0x00,0x00,0x00,0x00,0x00,0x00,0x00,0x00,0x00,0x00,0x00,0x00,0x00,0x00,0x00,0x00,0x00,0x00,0x00,0x00,0x00,0x00,0x00,0x00,0x00,0x00,0x02,0x01,0x00,0x00,0x00,0x26,0x3d,0x32,0x3b,0x54,0x73,0xa5,0x82,0x7b,0x77,0x74,0x74,0x6c,0x6c,0x74,0x6c,0x74,0x6c,0x6c,0x6c,0x6c,0x74,0x6c,0x6c,0x74,0x74,0x89,0x92,0x1e,0x1e,0x79,0x90,0x5d,0x29,0x00,0x00,0x04,0x00,0x00,0x00,0x00,0x00,0x00,0x00,0x00,0x00,0x00,0x00,0x00,0x00,0x00,0x00,0x00,0x00,0x00,0x00,0x00,0x00,0x00,0x00,0x00,0x00,0x00,0x00,0x00,0x00,0x00,0x00,0x00,0x00,0x00,0x00,0x00,0x00,0x00,0x00,0x00,0x00,0x00,0x00,0x00,0x00,0x00,0x00,0x00,0x00,0x00,0x00,
    0x00,0x00,0x00,0x00,0x00,0x00,0x00,0x00,0x00,0x00,0x00,0x00,0x00,0x00,0x00,0x00,0x00,0x00,0x00,0x00,0x00,0x00,0x00,0x00,0x00,0x00,0x00,0x00,0x00,0x00,0x00,0x00,0x00,0x00,0x00,0x00,0x00,0x00,0x00,0x00,0x00,0x00,0x00,0x00,0x00,0x00,0x00,0x00,0x00,0x00,0x01,0x00,0x00,0x22,0x4d,0x3e,0x4e,0x3c,0x41,0xac,0x96,0x74,0x98,0x89,0x74,0x6c,0x6c,0x6c,0x6c,0x6c,0x6c,0x6c,0x6c,0x6c,0x6c,0x6c,0x6c,0x6c,0x6c,0x6c,0x6c,0x6c,0x74,0x74,0x74,0x74,0x6c,0x7b,0x87,0x8f,0x56,0x12,0x00,0x08,0x00,0x00,0x00,0x00,0x00,0x00,0x00,0x00,0x00,0x00,0x00,0x00,0x00,0x00,0x00,0x00,0x00,0x00,0x00,0x00,0x00,0x00,0x00,0x00,0x00,0x00,0x00,0x00,0x00,0x00,0x00,0x00,0x00,0x00,0x00,0x00,0x00,0x00,0x00,0x00,0x00,0x00,0x00,0x00,0x00,0x00,0x00,0x00,0x00,0x00,
    0x00,0x00,0x00,0x00,0x00,0x00,0x00,0x00,0x00,0x00,0x00,0x00,0x00,0x00,0x00,0x00,0x00,0x00,0x00,0x00,0x00,0x00,0x00,0x00,0x00,0x00,0x00,0x00,0x00,0x00,0x00,0x00,0x00,0x00,0x00,0x00,0x00,0x00,0x00,0x00,0x00,0x00,0x00,0x00,0x00,0x00,0x00,0x00,0x00,0x01,0x00,0x08,0x36,0x4c,0x58,0x44,0x16,0x45,0x5d,0x79,0x74,0x7e,0x7e,0x74,0x6c,0x74,0x6c,0x6c,0x74,0x74,0x6c,0x6c,0x6c,0x6c,0x6c,0x6c,0x6c,0x6c,0x6c,0x6c,0x6c,0x74,0x74,0x74,0x6c,0x6c,0x6c,0x74,0x98,0x09,0xa6,0x35,0x23,0x00,0x08,0x00,0x00,0x00,0x00,0x00,0x00,0x00,0x00,0x00,0x00,0x00,0x00,0x00,0x00,0x00,0x00,0x00,0x00,0x00,0x00,0x00,0x00,0x00,0x00,0x00,0x00,0x00,0x00,0x00,0x00,0x00,0x00,0x00,0x00,0x00,0x00,0x00,0x00,0x00,0x00,0x00,0x00,0x00,0x00,0x00,0x00,0x00,0x00,0x00,
    0x00,0x00,0x00,0x00,0x00,0x00,0x00,0x00,0x00,0x00,0x00,0x00,0x00,0x00,0x00,0x00,0x00,0x00,0x00,0x00,0x00,0x00,0x00,0x00,0x00,0x00,0x00,0x00,0x00,0x00,0x00,0x00,0x00,0x00,0x00,0x00,0x00,0x00,0x00,0x00,0x00,0x00,0x00,0x00,0x00,0x00,0x00,0x02,0x02,0x00,0x17,0x49,0x4a,0x13,0x00,0x2d,0x4f,0xab,0x1e,0x92,0x92,0x77,0x92,0x70,0x7b,0x74,0x6c,0x6c,0x74,0x74,0x79,0x74,0x74,0x6c,0x6c,0x6c,0x6c,0x74,0x6c,0x6c,0x6c,0x89,0x92,0x92,0x68,0x68,0x68,0x7b,0x68,0x70,0x75,0x09,0x5a,0x2b,0x00,0x01,0x00,0x00,0x00,0x00,0x00,0x00,0x00,0x00,0x00,0x00,0x00,0x00,0x00,0x00,0x00,0x00,0x00,0x00,0x00,0x00,0x00,0x00,0x00,0x00,0x00,0x00,0x00,0x00,0x00,0x00,0x00,0x00,0x00,0x00,0x00,0x00,0x00,0x00,0x00,0x00,0x00,0x00,0x00,0x00,0x00,0x00,0x00,0x00,
    0x00,0x00,0x00,0x00,0x00,0x00,0x00,0x00,0x00,0x00,0x00,0x00,0x00,0x00,0x00,0x00,0x00,0x00,0x00,0x00,0x00,0x00,0x00,0x00,0x00,0x00,0x00,0x00,0x00,0x00,0x00,0x00,0x00,0x00,0x00,0x00,0x00,0x00,0x00,0x00,0x00,0x00,0x00,0x00,0x00,0x00,0x02,0x01,0x00,0x29,0x49,0x22,0x00,0x00,0x5c,0x53,0xc2,0x70,0x68,0x68,0x68,0x68,0x68,0x68,0x70,0x6c,0x74,0x6c,0x7e,0x97,0x74,0x74,0x74,0x6c,0x6c,0x6c,0x6c,0x6c,0x6c,0x74,0x79,0x75,0x70,0x68,0x68,0x68,0x68,0x68,0x68,0x68,0x70,0x75,0xab,0xb2,0x64,0x00,0x01,0x00,0x00,0x00,0x00,0x00,0x00,0x00,0x00,0x00,0x00,0x00,0x00,0x00,0x00,0x00,0x00,0x00,0x00,0x00,0x00,0x00,0x00,0x00,0x00,0x00,0x00,0x00,0x00,0x00,0x00,0x00,0x00,0x00,0x00,0x00,0x00,0x00,0x00,0x00,0x00,0x00,0x00,0x00,0x00,0x00,0x00,0x00,
    0x00,0x00,0x00,0x00,0x00,0x00,0x00,0x00,0x00,0x00,0x00,0x00,0x00,0x00,0x00,0x00,0x00,0x00,0x00,0x00,0x00,0x00,0x00,0x00,0x00,0x00,0x00,0x00,0x00,0x00,0x00,0x00,0x00,0x00,0x00,0x00,0x00,0x00,0x00,0x00,0x00,0x00,0x00,0x00,0x00,0x02,0x02,0x00,0x40,0x37,0x16,0x00,0x03,0x26,0x53,0xab,0x75,0x70,0x68,0x68,0x68,0x68,0x68,0x68,0x70,0x7b,0x74,0x7b,0x8f,0xc2,0x7b,0x6c,0x6c,0x6c,0x6c,0x74,0x6c,0x6c,0x74,0x87,0x14,0xab,0x7d,0x70,0x7b,0x92,0x89,0x6c,0x89,0x7b,0x89,0x98,0x1e,0xc2,0x5b,0x23,0x07,0x04,0x00,0x00,0x00,0x00,0x00,0x00,0x00,0x00,0x00,0x00,0x00,0x00,0x00,0x00,0x00,0x00,0x00,0x00,0x00,0x00,0x00,0x00,0x00,0x00,0x00,0x00,0x00,0x00,0x00,0x00,0x00,0x00,0x00,0x00,0x00,0x00,0x00,0x00,0x00,0x00,0x00,0x00,0x00,0x00,0x00,0x00,
    0x00,0x00,0x00,0x00,0x00,0x00,0x00,0x00,0x00,0x00,0x00,0x00,0x00,0x00,0x00,0x00,0x00,0x00,0x00,0x00,0x00,0x00,0x00,0x00,0x00,0x00,0x00,0x00,0x00,0x00,0x00,0x00,0x00,0x00,0x00,0x00,0x00,0x00,0x00,0x00,0x00,0x00,0x00,0x00,0x02,0x08,0x08,0x40,0x58,0x00,0x01,0x03,0x0c,0x38,0xab,0x70,0x68,0x68,0x68,0x70,0x7b,0x89,0x89,0x6c,0x6c,0x92,0xa7,0xfd,0x9b,0x84,0x98,0x74,0x79,0x79,0x74,0x79,0x74,0x74,0x89,0x78,0x8f,0xb2,0x73,0x68,0x89,0x6c,0x77,0x77,0x89,0x6c,0x74,0x79,0x74,0x7d,0xa1,0x4f,0x00,0x03,0x02,0x00,0x00,0x00,0x00,0x00,0x00,0x00,0x00,0x00,0x00,0x00,0x00,0x00,0x00,0x00,0x00,0x00,0x00,0x00,0x00,0x00,0x00,0x00,0x00,0x00,0x00,0x00,0x00,0x00,0x00,0x00,0x00,0x00,0x00,0x00,0x00,0x00,0x00,0x00,0x00,0x00,0x00,0x00,0x00,0x00,
    0x00,0x00,0x00,0x00,0x00,0x00,0x00,0x00,0x00,0x00,0x00,0x00,0x00,0x00,0x00,0x00,0x00,0x00,0x00,0x00,0x00,0x00,0x00,0x00,0x00,0x00,0x00,0x00,0x00,0x00,0x00,0x00,0x00,0x00,0x00,0x00,0x00,0x00,0x00,0x00,0x00,0x00,0x00,0x00,0x01,0x00,0x56,0x36,0x00,0x05,0x08,0x00,0x32,0xc1,0xb0,0x82,0x68,0x68,0x70,0x6c,0x74,0x6c,0x6c,0x92,0x92,0x73,0x96,0xd8,0xac,0x93,0x74,0x79,0x7e,0x79,0x74,0x74,0x6c,0x92,0x82,0x73,0x8d,0xd8,0xe7,0x7b,0x7d,0xab,0x98,0x75,0x68,0x68,0x77,0x77,0x82,0x7a,0x8b,0x1d,0x4b,0x00,0x03,0x00,0x00,0x00,0x00,0x00,0x00,0x00,0x00,0x00,0x00,0x00,0x00,0x00,0x00,0x00,0x00,0x00,0x00,0x00,0x00,0x00,0x00,0x00,0x00,0x00,0x00,0x00,0x00,0x00,0x00,0x00,0x00,0x00,0x00,0x00,0x00,0x00,0x00,0x00,0x00,0x00,0x00,0x00,0x00,0x00,
    0x00,0x00,0x00,0x00,0x00,0x00,0x00,0x00,0x00,0x00,0x00,0x00,0x00,0x00,0x00,0x00,0x00,0x00,0x00,0x00,0x00,0x00,0x00,0x00,0x00,0x00,0x00,0x00,0x00,0x00,0x00,0x00,0x00,0x00,0x00,0x00,0x00,0x00,0x00,0x00,0x00,0x00,0x00,0x01,0x00,0x30,0x40,0x00,0x08,0x08,0x00,0x32,0xd0,0x8b,0x7a,0x70,0x68,0x68,0x77,0x74,0x6c,0x77,0x75,0x70,0x7d,0xc2,0x8f,0x8d,0xcf,0x1e,0x68,0x77,0x74,0x74,0x89,0x89,0x77,0x68,0x70,0x09,0x94,0xbe,0x96,0x2e,0x7d,0xab,0xb1,0x7d,0x70,0x68,0x68,0x70,0x68,0x73,0xb0,0xaa,0xaf,0x39,0x00,0x01,0x00,0x00,0x00,0x00,0x00,0x00,0x00,0x00,0x00,0x00,0x00,0x00,0x00,0x00,0x00,0x00,0x00,0x00,0x00,0x00,0x00,0x00,0x00,0x00,0x00,0x00,0x00,0x00,0x00,0x00,0x00,0x00,0x00,0x00,0x00,0x00,0x00,0x00,0x00,0x00,0x00,0x00,0x00,0x00,
    0x00,0x00,0x00,0x00,0x00,0x00,0x00,0x00,0x00,0x00,0x00,0x00,0x00,0x00,0x00,0x00,0x00,0x00,0x00,0x00,0x00,0x00,0x00,0x00,0x00,0x00,0x00,0x00,0x00,0x00,0x00,0x00,0x00,0x00,0x00,0x00,0x00,0x00,0x00,0x00,0x00,0x00,0x01,0x00,0x22,0x49,0x0c,0x01,0x08,0x00,0x52,0x8d,0x78,0x7c,0x82,0x68,0x75,0x68,0x6c,0x74,0x6c,0x79,0xc2,0x68,0x7b,0x11,0xa1,0xa9,0xcf,0x93,0x89,0x77,0x68,0x70,0x68,0x68,0x68,0x68,0x68,0x7d,0x90,0xb1,0xaa,0xa9,0x11,0xa7,0xb1,0x96,0x73,0x70,0x68,0x68,0x75,0x7d,0x7a,0xaa,0x94,0x38,0x13,0x02,0x02,0x00,0x00,0x00,0x00,0x00,0x00,0x00,0x00,0x00,0x00,0x00,0x00,0x00,0x00,0x00,0x00,0x00,0x00,0x00,0x00,0x00,0x00,0x00,0x00,0x00,0x00,0x00,0x00,0x00,0x00,0x00,0x00,0x00,0x00,0x00,0x00,0x00,0x00,0x00,0x00,0x00,0x00,0x00,
    0x00,0x00,0x00,0x00,0x00,0x00,0x00,0x00,0x00,0x00,0x00,0x00,0x00,0x00,0x00,0x00,0x00,0x00,0x00,0x00,0x00,0x00,0x00,0x00,0x00,0x00,0x00,0x00,0x00,0x00,0x00,0x00,0x00,0x00,0x00,0x00,0x00,0x00,0x00,0x00,0x00,0x00,0x01,0x00,0x49,0x30,0x00,0x08,0x03,0x13,0x41,0xab,0x68,0x70,0x68,0x70,0x68,0x70,0x7b,0x82,0x7d,0x8f,0x9a,0xa7,0x8c,0xa9,0x78,0xb1,0x15,0x93,0x74,0x74,0x7b,0x70,0x92,0x68,0x68,0x68,0x68,0x68,0x79,0x8f,0x83,0x09,0x8f,0xac,0xc2,0x2e,0x87,0x92,0x75,0x68,0x68,0x68,0x70,0x73,0x90,0x11,0x4d,0x04,0x08,0x00,0x00,0x00,0x00,0x00,0x00,0x00,0x00,0x00,0x00,0x00,0x00,0x00,0x00,0x00,0x00,0x00,0x00,0x00,0x00,0x00,0x00,0x00,0x00,0x00,0x00,0x00,0x00,0x00,0x00,0x00,0x00,0x00,0x00,0x00,0x00,0x00,0x00,0x00,0x00,0x00,0x00,0x00,
    0x00,0x00,0x00,0x00,0x00,0x00,0x00,0x00,0x00,0x00,0x00,0x00,0x00,0x00,0x00,0x00,0x00,0x00,0x00,0x00,0x00,0x00,0x00,0x00,0x00,0x00,0x00,0x00,0x00,0x00,0x00,0x00,0x00,0x00,0x00,0x00,0x00,0x00,0x00,0x00,0x00,0x08,0x00,0x29,0x4a,0x00,0x05,0x08,0x00,0x29,0x8c,0x7b,0x70,0x68,0x82,0x7d,0x84,0x75,0x82,0x78,0xa8,0xac,0xa5,0x90,0xbe,0x8b,0xaa,0xaf,0x8c,0x73,0x75,0x77,0x74,0x74,0x74,0x6c,0x89,0x89,0x7b,0x68,0x7b,0x11,0xa6,0x83,0x78,0x11,0xa6,0x8f,0x9a,0x6c,0x89,0x6c,0x77,0x7b,0x68,0x82,0x7b,0x15,0x4c,0x02,0x03,0x02,0x00,0x00,0x00,0x00,0x00,0x00,0x00,0x00,0x00,0x00,0x00,0x00,0x00,0x00,0x00,0x00,0x00,0x00,0x00,0x00,0x00,0x00,0x00,0x00,0x00,0x00,0x00,0x00,0x00,0x00,0x00,0x00,0x00,0x00,0x00,0x00,0x00,0x00,0x00,0x00,0x00,0x00,
    0x00,0x00,0x00,0x00,0x00,0x00,0x00,0x00,0x00,0x00,0x00,0x00,0x00,0x00,0x00,0x00,0x00,0x00,0x00,0x00,0x00,0x00,0x00,0x00,0x00,0x00,0x00,0x00,0x00,0x00,0x00,0x00,0x00,0x00,0x00,0x00,0x00,0x00,0x00,0x00,0x02,0x02,0x0c,0x49,0x0c,0x02,0x01,0x07,0x22,0x38,0x83,0x75,0x7d,0x82,0x73,0x21,0x0f,0x9a,0x73,0x82,0xb2,0x89,0x84,0xb1,0xd0,0xaf,0xc5,0xba,0xc6,0xa5,0x90,0x90,0x74,0x79,0x79,0x79,0x74,0x74,0x74,0x89,0x6c,0x9b,0xc9,0x0f,0xaf,0xc1,0xb6,0xb1,0x8c,0x93,0x74,0x74,0x74,0x74,0x89,0x70,0x70,0x89,0x34,0x64,0x00,0x05,0x00,0x00,0x00,0x00,0x00,0x00,0x00,0x00,0x00,0x00,0x00,0x00,0x00,0x00,0x00,0x00,0x00,0x00,0x00,0x00,0x00,0x00,0x00,0x00,0x00,0x00,0x00,0x00,0x00,0x00,0x00,0x00,0x00,0x00,0x00,0x00,0x00,0x00,0x00,0x00,0x00,0x00,
    0x00,0x00,0x00,0x00,0x00,0x00,0x00,0x00,0x00,0x00,0x00,0x00,0x00,0x00,0x00,0x00,0x00,0x00,0x00,0x00,0x00,0x00,0x00,0x00,0x00,0x00,0x00,0x00,0x00,0x00,0x00,0x00,0x00,0x00,0x00,0x00,0x00,0x00,0x00,0x00,0x05,0x00,0x58,0x58,0x00,0x08,0x01,0x00,0x56,0xa9,0x1e,0x92,0x1e,0x75,0x98,0xc4,0xeb,0xbb,0xde,0xd1,0xb2,0xa7,0xac,0xbd,0xb6,0xaf,0xdd,0x8d,0x14,0xa7,0x9b,0x8c,0x87,0x7e,0x79,0x74,0x74,0x74,0x74,0x79,0x87,0xc6,0xdd,0x7a,0x8d,0x0f,0xb6,0xc6,0x14,0x73,0x92,0x77,0x6c,0x6c,0x6c,0x70,0x79,0x74,0x96,0x63,0x2d,0x01,0x04,0x00,0x00,0x00,0x00,0x00,0x00,0x00,0x00,0x00,0x00,0x00,0x00,0x00,0x00,0x00,0x00,0x00,0x00,0x00,0x00,0x00,0x00,0x00,0x00,0x00,0x00,0x00,0x00,0x00,0x00,0x00,0x00,0x00,0x00,0x00,0x00,0x00,0x00,0x00,0x00,0x00,
    0x00,0x00,0x00,0x00,0x00,0x00,0x00,0x00,0x00,0x00,0x00,0x00,0x00,0x00,0x00,0x00,0x00,0x00,0x00,0x00,0x00,0x00,0x00,0x00,0x00,0x00,0x00,0x00,0x00,0x00,0x00,0x00,0x00,0x00,0x00,0x00,0x00,0x00,0x00,0x02,0x02,0x13,0x4c,0x22,0x02,0x05,0x02,0x0b,0x43,0x97,0x7e,0x79,0x7e,0x93,0xba,0xe4,0xcb,0xcb,0xe4,0xf7,0xd5,0xc2,0x9b,0x8d,0x73,0x73,0x73,0x1d,0x8f,0x93,0x9b,0xa8,0x84,0x92,0x7b,0x77,0x7b,0x7b,0x6c,0x74,0x93,0xc6,0x94,0x78,0x88,0x88,0x8d,0x9b,0x11,0x75,0x68,0x68,0x70,0x70,0x70,0x09,0x89,0x79,0x97,0x2e,0x32,0x00,0x03,0x00,0x00,0x00,0x00,0x00,0x00,0x00,0x00,0x00,0x00,0x00,0x00,0x00,0x00,0x00,0x00,0x00,0x00,0x00,0x00,0x00,0x00,0x00,0x00,0x00,0x00,0x00,0x00,0x00,0x00,0x00,0x00,0x00,0x00,0x00,0x00,0x00,0x00,0x00,0x00,0x00,
    0x00,0x00,0x00,0x00,0x00,0x00,0x00,0x00,0x00,0x00,0x00,0x00,0x00,0x00,0x00,0x00,0x00,0x00,0x00,0x00,0x00,0x00,0x00,0x00,0x00,0x00,0x00,0x00,0x00,0x00,0x00,0x00,0x00,0x00,0x00,0x00,0x00,0x00,0x00,0x01,0x00,0x0b,0x4c,0x03,0x01,0x08,0x00,0x4a,0x8c,0x6c,0x79,0x79,0xab,0x77,0xd5,0xeb,0xe4,0xcb,0xcb,0xeb,0xba,0x14,0xc1,0xa5,0x82,0x82,0x68,0xa1,0x8f,0x96,0x0f,0xaf,0x73,0x82,0x68,0x68,0x68,0x68,0x7b,0x98,0x93,0xc6,0x94,0x73,0x09,0x7c,0xaa,0x8d,0xb8,0x98,0x7d,0x68,0x68,0x68,0x68,0x73,0x7d,0x74,0x77,0x11,0x11,0x50,0x00,0x04,0x00,0x00,0x00,0x00,0x00,0x00,0x00,0x00,0x00,0x00,0x00,0x00,0x00,0x00,0x00,0x00,0x00,0x00,0x00,0x00,0x00,0x00,0x00,0x00,0x00,0x00,0x00,0x00,0x00,0x00,0x00,0x00,0x00,0x00,0x00,0x00,0x00,0x00,0x00,0x00,
    0x00,0x00,0x00,0x00,0x00,0x00,0x00,0x00,0x00,0x00,0x00,0x00,0x00,0x00,0x00,0x00,0x00,0x00,0x00,0x00,0x00,0x00,0x00,0x00,0x00,0x00,0x00,0x00,0x00,0x00,0x00,0x00,0x00,0x00,0x00,0x00,0x00,0x00,0x00,0x05,0x00,0x20,0x36,0x00,0x05,0x07,0x0c,0x38,0x7e,0x98,0x68,0x77,0x89,0xa7,0xab,0x11,0x9b,0xd5,0x9e,0xb7,0x9b,0xa6,0x73,0x92,0x82,0x68,0x7d,0x09,0x0f,0xac,0x1d,0xb1,0x68,0x70,0x68,0x68,0x68,0x68,0x68,0x7b,0x84,0x14,0xa1,0x94,0xa6,0x7c,0x95,0xa5,0x34,0xa8,0x89,0x79,0x68,0x68,0x68,0x70,0x68,0x92,0x73,0x14,0x8c,0x4b,0x00,0x03,0x00,0x00,0x00,0x00,0x00,0x00,0x00,0x00,0x00,0x00,0x00,0x00,0x00,0x00,0x00,0x00,0x00,0x00,0x00,0x00,0x00,0x00,0x00,0x00,0x00,0x00,0x00,0x00,0x00,0x00,0x00,0x00,0x00,0x00,0x00,0x00,0x00,0x00,0x00,0x00,
    0x00,0x00,0x00,0x00,0x00,0x00,0x00,0x00,0x00,0x00,0x00,0x00,0x00,0x00,0x00,0x00,0x00,0x00,0x00,0x00,0x00,0x00,0x00,0x00,0x00,0x00,0x00,0x00,0x00,0x00,0x00,0x00,0x00,0x00,0x00,0x00,0x00,0x00,0x00,0x05,0x00,0x4a,0x29,0x00,0x13,0x00,0x30,0xa9,0x09,0x82,0x68,0x68,0x79,0x8f,0xac,0x7e,0x87,0x7e,0x54,0xb2,0x9b,0x09,0x80,0x82,0x78,0x83,0xac,0xa9,0xb1,0xba,0x7a,0xb1,0x9a,0x7d,0x98,0x98,0xab,0x98,0x89,0x90,0x96,0x11,0xa1,0xb1,0x8f,0xa5,0x92,0x73,0xbe,0x8f,0x90,0x74,0x70,0x68,0x82,0x73,0x21,0x15,0xa5,0x15,0x15,0x62,0x08,0x07,0x07,0x00,0x00,0x00,0x00,0x00,0x00,0x00,0x00,0x00,0x00,0x00,0x00,0x00,0x00,0x00,0x00,0x00,0x00,0x00,0x00,0x00,0x00,0x00,0x00,0x00,0x00,0x00,0x00,0x00,0x00,0x00,0x00,0x00,0x00,0x00,0x00,0x00,0x00,0x00,
    0x00,0x00,0x00,0x00,0x00,0x00,0x00,0x00,0x00,0x00,0x00,0x00,0x00,0x00,0x00,0x00,0x00,0x00,0x00,0x00,0x00,0x00,0x00,0x00,0x00,0x00,0x00,0x00,0x00,0x00,0x00,0x00,0x00,0x00,0x00,0x00,0x00,0x00,0x00,0x01,0x00,0x49,0x29,0x00,0x08,0x00,0x3b,0xa1,0x09,0x90,0x98,0x7d,0x14,0xf7,0x9e,0x9e,0xde,0xde,0x34,0x9b,0x90,0x83,0x83,0xa6,0xb1,0x11,0xb2,0xb1,0xa8,0x43,0xaa,0xd0,0xc6,0xb1,0x0f,0x0f,0x0f,0x0f,0x0f,0x11,0x1b,0xc7,0x8f,0x2e,0xb2,0x21,0xa1,0x78,0x94,0xb2,0x15,0x7d,0x82,0x7b,0x6c,0x87,0xa6,0x15,0x78,0x96,0xb9,0x98,0x26,0x00,0x03,0x00,0x00,0x00,0x00,0x00,0x00,0x00,0x00,0x00,0x00,0x00,0x00,0x00,0x00,0x00,0x00,0x00,0x00,0x00,0x00,0x00,0x00,0x00,0x00,0x00,0x00,0x00,0x00,0x00,0x00,0x00,0x00,0x00,0x00,0x00,0x00,0x00,0x00,0x00,
    0x00,0x00,0x00,0x00,0x00,0x00,0x00,0x00,0x00,0x00,0x00,0x00,0x00,0x00,0x00,0x00,0x00,0x00,0x00,0x00,0x00,0x00,0x00,0x00,0x00,0x00,0x00,0x00,0x00,0x00,0x00,0x00,0x00,0x00,0x00,0x00,0x00,0x00,0x00,0x01,0x00,0x4c,0x20,0x00,0x03,0x16,0x41,0x78,0x90,0x8c,0x7e,0x87,0xd5,0xeb,0xcb,0xcb,0xcb,0xe4,0xf7,0xba,0xa5,0x95,0x80,0x83,0xa9,0x0f,0xc9,0xbe,0x94,0xb2,0x7a,0x09,0xa1,0x95,0x7c,0x73,0x73,0x7c,0x7a,0x1d,0xaf,0x0f,0x0f,0xc9,0x11,0x8f,0x82,0x78,0xa1,0xd1,0xcf,0x93,0x77,0x90,0x97,0x6c,0x97,0xb9,0x77,0xc2,0xcf,0x6c,0x51,0x00,0x03,0x00,0x00,0x00,0x00,0x00,0x00,0x00,0x00,0x00,0x00,0x00,0x00,0x00,0x00,0x00,0x00,0x00,0x00,0x00,0x00,0x00,0x00,0x00,0x00,0x00,0x00,0x00,0x00,0x00,0x00,0x00,0x00,0x00,0x00,0x00,0x00,0x00,0x00,0x00,
    0x00,0x00,0x00,0x00,0x00,0x00,0x00,0x00,0x00,0x00,0x00,0x00,0x00,0x00,0x00,0x00,0x00,0x00,0x00,0x00,0x00,0x00,0x00,0x00,0x00,0x00,0x00,0x00,0x00,0x00,0x00,0x00,0x00,0x00,0x00,0x00,0x00,0x00,0x00,0x05,0x00,0x61,0x27,0x02,0x00,0x2b,0x14,0x7b,0x8c,0x14,0x89,0x89,0x34,0x9e,0xeb,0xe4,0xcb,0xe4,0xca,0x21,0x7a,0x09,0xcf,0x9b,0x99,0x72,0x6b,0x6e,0xd6,0xa6,0x82,0x80,0x80,0x82,0x68,0x70,0x7c,0x7a,0x88,0x8b,0x8d,0xd6,0x72,0x72,0x6b,0x99,0x9b,0xd2,0xcd,0x2e,0x96,0x1e,0x89,0x96,0x90,0x73,0xab,0x8c,0x90,0x98,0x8c,0x79,0x3d,0x00,0x03,0x00,0x00,0x00,0x00,0x00,0x00,0x00,0x00,0x00,0x00,0x00,0x00,0x00,0x00,0x00,0x00,0x00,0x00,0x00,0x00,0x00,0x00,0x00,0x00,0x00,0x00,0x00,0x00,0x00,0x00,0x00,0x00,0x00,0x00,0x00,0x00,0x00,0x00,0x00,
    0x00,0x00,0x00,0x00,0x00,0x00,0x00,0x00,0x00,0x00,0x00,0x00,0x00,0x00,0x00,0x00,0x00,0x00,0x00,0x00,0x00,0x00,0x00,0x00,0x00,0x00,0x00,0x00,0x00,0x00,0x00,0x00,0x00,0x00,0x00,0x00,0x00,0x00,0x00,0x05,0x00,0x31,0x0e,0x00,0x00,0x4d,0x8c,0x7b,0xfd,0xb9,0x7d,0x73,0xa7,0x98,0xa9,0xc6,0xc4,0xa0,0xd5,0x75,0x5e,0xd8,0x0a,0x72,0xd5,0x0f,0xaf,0xbe,0xd1,0xb8,0x68,0x83,0x82,0x68,0x68,0x68,0x68,0x75,0x7a,0xdd,0x99,0xb8,0xb6,0xc9,0xbe,0x9b,0x6b,0x99,0xe6,0x97,0x90,0x14,0x8f,0x97,0x9a,0x73,0xc2,0xbd,0x7e,0x98,0xac,0x14,0x23,0x00,0x07,0x00,0x00,0x00,0x00,0x00,0x00,0x00,0x00,0x00,0x00,0x00,0x00,0x00,0x00,0x00,0x00,0x00,0x00,0x00,0x00,0x00,0x00,0x00,0x00,0x00,0x00,0x00,0x00,0x00,0x00,0x00,0x00,0x00,0x00,0x00,0x00,0x00,0x00,0x00,
    0x00,0x00,0x00,0x00,0x00,0x00,0x00,0x00,0x00,0x00,0x00,0x00,0x00,0x00,0x00,0x00,0x00,0x00,0x00,0x00,0x00,0x00,0x00,0x00,0x00,0x00,0x00,0x00,0x00,0x00,0x00,0x00,0x00,0x00,0x00,0x00,0x00,0x00,0x00,0x01,0x00,0x17,0x5f,0x0c,0x04,0x3e,0x77,0x97,0x2e,0xc2,0x73,0xb6,0xbd,0x0f,0x96,0x96,0xec,0xec,0x8d,0x92,0xc8,0x72,0xc7,0x94,0x8d,0xb8,0xc7,0xc9,0x88,0xaf,0x94,0x73,0x68,0x68,0x68,0x68,0x82,0x83,0x09,0x8f,0x0f,0x8d,0xc7,0x99,0xb8,0x8d,0xdd,0xb8,0x72,0x2e,0x11,0xb1,0xac,0x15,0xb9,0x93,0x97,0x15,0x74,0x87,0xb1,0x49,0x16,0x07,0x02,0x00,0x00,0x00,0x00,0x00,0x00,0x00,0x00,0x00,0x00,0x00,0x00,0x00,0x00,0x00,0x00,0x00,0x00,0x00,0x00,0x00,0x00,0x00,0x00,0x00,0x00,0x00,0x00,0x00,0x00,0x00,0x00,0x00,0x00,0x00,0x00,0x00,0x00,0x00,
    0x00,0x00,0x00,0x00,0x00,0x00,0x00,0x00,0x00,0x00,0x00,0x00,0x00,0x00,0x00,0x00,0x00,0x00,0x00,0x00,0x00,0x00,0x00,0x00,0x00,0x00,0x00,0x00,0x00,0x00,0x00,0x00,0x00,0x00,0x00,0x00,0x00,0x00,0x00,0x02,0x00,0x13,0xd6,0x20,0x00,0x32,0xa7,0x96,0x2e,0x68,0x77,0xbb,0xe4,0xe4,0xeb,0xbb,0x91,0xb8,0x95,0xe7,0x72,0xd1,0x8b,0x8d,0x72,0x81,0xb8,0xc9,0xb8,0xdd,0x88,0x70,0x68,0x68,0x68,0x68,0x70,0x83,0x83,0x75,0xa6,0x6b,0x6b,0x9b,0xb6,0x72,0x8d,0x8b,0xb8,0x72,0xe7,0x73,0xb1,0xb2,0xa8,0x87,0x7e,0x87,0x77,0xab,0xac,0x4f,0x05,0x02,0x04,0x00,0x00,0x00,0x00,0x00,0x00,0x00,0x00,0x00,0x00,0x00,0x00,0x00,0x00,0x00,0x00,0x00,0x00,0x00,0x00,0x00,0x00,0x00,0x00,0x00,0x00,0x00,0x00,0x00,0x00,0x00,0x00,0x00,0x00,0x00,0x00,0x00,0x00,0x00,
    0x00,0x00,0x00,0x00,0x00,0x00,0x00,0x00,0x00,0x00,0x00,0x00,0x00,0x00,0x00,0x00,0x00,0x00,0x00,0x00,0x00,0x00,0x00,0x00,0x00,0x00,0x00,0x00,0x00,0x00,0x00,0x00,0x00,0x00,0x00,0x00,0x00,0x00,0x00,0x00,0x08,0x01,0x36,0x43,0x39,0x4f,0x7d,0xcf,0x8c,0x1e,0x96,0xca,0xcb,0xcb,0xcb,0xcb,0xcb,0xe5,0x73,0xc7,0x0a,0x88,0xb0,0xd6,0xb8,0x88,0xb0,0xc6,0x72,0x34,0x78,0x92,0x68,0x68,0x68,0x68,0x68,0x68,0x95,0xaa,0xb8,0x69,0xc1,0xaa,0xc1,0x6a,0xc7,0x8b,0xa1,0x6d,0x1b,0x73,0xb1,0xb8,0xb9,0x6c,0x7e,0x79,0x77,0xc2,0xb9,0x7b,0x3e,0x07,0x03,0x07,0x00,0x00,0x00,0x00,0x00,0x00,0x00,0x00,0x00,0x00,0x00,0x00,0x00,0x00,0x00,0x00,0x00,0x00,0x00,0x00,0x00,0x00,0x00,0x00,0x00,0x00,0x00,0x00,0x00,0x00,0x00,0x00,0x00,0x00,0x00,0x00,0x00,0x00,
    0x00,0x00,0x00,0x00,0x00,0x00,0x00,0x00,0x00,0x00,0x00,0x00,0x00,0x00,0x00,0x00,0x00,0x00,0x00,0x00,0x00,0x00,0x00,0x00,0x00,0x00,0x00,0x00,0x00,0x00,0x00,0x00,0x00,0x00,0x00,0x00,0x00,0x00,0x00,0x00,0x00,0x07,0x03,0x53,0x96,0x14,0x92,0x8c,0xa6,0x77,0x9a,0xe5,0xbb,0xca,0xca,0xc0,0xeb,0xbd,0x21,0x72,0xc5,0x8b,0x8d,0x72,0xa9,0xaa,0xaa,0x8d,0x72,0xd6,0x95,0x82,0x70,0x68,0x68,0x68,0x75,0x7c,0x88,0x7a,0x69,0xd1,0x8b,0x7a,0x88,0xd6,0x6b,0xc1,0x8b,0xba,0x72,0xa6,0xbe,0x33,0x9a,0x77,0x89,0x77,0x92,0x84,0xac,0x8c,0x90,0x3c,0x00,0x04,0x07,0x00,0x00,0x00,0x00,0x00,0x00,0x00,0x00,0x00,0x00,0x00,0x00,0x00,0x00,0x00,0x00,0x00,0x00,0x00,0x00,0x00,0x00,0x00,0x00,0x00,0x00,0x00,0x00,0x00,0x00,0x00,0x00,0x00,0x00,0x00,0x00,0x00,
    0x00,0x00,0x00,0x00,0x00,0x00,0x00,0x00,0x00,0x00,0x00,0x00,0x00,0x00,0x00,0x00,0x00,0x00,0x00,0x00,0x00,0x00,0x00,0x00,0x00,0x00,0x00,0x00,0x00,0x00,0x00,0x00,0x00,0x00,0x00,0x00,0x00,0x00,0x00,0x00,0x00,0x03,0x00,0x3d,0x9a,0xac,0xc2,0x97,0x79,0x7e,0x74,0x6c,0x97,0x9a,0x96,0xd4,0xc3,0x21,0xb8,0x99,0x7a,0xaa,0xc9,0x72,0xbd,0x88,0xb0,0xee,0x6e,0xd6,0xdd,0x88,0x7a,0x75,0x68,0x68,0x7a,0x7a,0x7a,0xa1,0x69,0xb7,0xdd,0xb0,0xf5,0x91,0xa0,0x8d,0x8b,0xa1,0x6a,0x9b,0xa8,0x18,0xc5,0x73,0x82,0x75,0x68,0x1e,0x96,0x4f,0x41,0x9a,0x3e,0x00,0x04,0x07,0x00,0x00,0x00,0x00,0x00,0x00,0x00,0x00,0x00,0x00,0x00,0x00,0x00,0x00,0x00,0x00,0x00,0x00,0x00,0x00,0x00,0x00,0x00,0x00,0x00,0x00,0x00,0x00,0x00,0x00,0x00,0x00,0x00,0x00,0x00,0x00,
    0x00,0x00,0x00,0x00,0x00,0x00,0x00,0x00,0x00,0x00,0x00,0x00,0x00,0x00,0x00,0x00,0x00,0x00,0x00,0x00,0x00,0x00,0x00,0x00,0x00,0x00,0x00,0x00,0x00,0x00,0x00,0x00,0x00,0x00,0x00,0x00,0x00,0x00,0x00,0x00,0x00,0x00,0x03,0x00,0x51,0x15,0x7e,0x74,0x74,0x74,0x77,0x92,0x70,0xa7,0xc9,0xb3,0xea,0xa8,0x81,0x34,0xaa,0xb0,0xc5,0xdc,0xcb,0xee,0xee,0xd9,0xe4,0xb8,0x88,0xb0,0xb0,0x7a,0x75,0x68,0x7c,0x7a,0x7a,0x7c,0xd7,0xce,0xe8,0xe8,0xe8,0xe8,0xca,0xd0,0x8b,0x8b,0xc7,0x34,0xc5,0xbc,0xe3,0x93,0x68,0x70,0x74,0x79,0x6c,0x35,0x50,0x42,0x97,0x3e,0x07,0x03,0x07,0x00,0x00,0x00,0x00,0x00,0x00,0x00,0x00,0x00,0x00,0x00,0x00,0x00,0x00,0x00,0x00,0x00,0x00,0x00,0x00,0x00,0x00,0x00,0x00,0x00,0x00,0x00,0x00,0x00,0x00,0x00,0x00,0x00,0x00,0x00,
    0x00,0x00,0x00,0x00,0x00,0x00,0x00,0x00,0x00,0x00,0x00,0x00,0x00,0x00,0x00,0x00,0x00,0x00,0x00,0x00,0x00,0x00,0x00,0x00,0x00,0x00,0x00,0x00,0x00,0x00,0x00,0x00,0x00,0x00,0x00,0x00,0x00,0x00,0x00,0x00,0x00,0x00,0x01,0x07,0x50,0x38,0xcf,0x7d,0x68,0x68,0x68,0x70,0x09,0x90,0xcc,0xa3,0xbf,0xaf,0xbe,0x9b,0xb0,0x88,0xd0,0x9e,0xf8,0xee,0xee,0xf0,0xe8,0xbd,0xa5,0x95,0x75,0x68,0x68,0x68,0x68,0x7a,0x7a,0xb0,0xbd,0xee,0xf8,0xee,0xf8,0xf8,0xfa,0x88,0xb0,0xb0,0x9b,0x94,0xde,0x18,0xc3,0xb9,0x09,0x79,0x7e,0x79,0x74,0x96,0x26,0x16,0x45,0x90,0x3c,0x04,0x03,0x00,0x00,0x00,0x00,0x00,0x00,0x00,0x00,0x00,0x00,0x00,0x00,0x00,0x00,0x00,0x00,0x00,0x00,0x00,0x00,0x00,0x00,0x00,0x00,0x00,0x00,0x00,0x00,0x00,0x00,0x00,0x00,0x00,0x00,0x00,
    0x00,0x00,0x00,0x00,0x00,0x00,0x00,0x00,0x00,0x00,0x00,0x00,0x00,0x00,0x00,0x00,0x00,0x00,0x00,0x00,0x00,0x00,0x00,0x00,0x00,0x00,0x00,0x00,0x00,0x00,0x00,0x00,0x00,0x00,0x00,0x00,0x00,0x00,0x00,0x00,0x00,0x00,0x08,0x00,0x4b,0x96,0xac,0x92,0x68,0x68,0x68,0x82,0xa7,0xdf,0xc3,0x34,0xd7,0xba,0xaa,0xa9,0xdd,0xaa,0x8b,0xbd,0xff,0xf0,0xf0,0x8d,0xe5,0x94,0x75,0x70,0x68,0x68,0x68,0x68,0x68,0x7a,0x88,0x8b,0xd0,0xde,0xf0,0xf0,0xf0,0xbd,0xaf,0x8b,0x8b,0xc1,0x21,0x82,0xb8,0xd4,0xd5,0xb6,0x93,0x74,0x6c,0x7b,0x75,0x98,0x45,0x00,0x00,0x45,0x96,0x52,0x00,0x03,0x00,0x00,0x00,0x00,0x00,0x00,0x00,0x00,0x00,0x00,0x00,0x00,0x00,0x00,0x00,0x00,0x00,0x00,0x00,0x00,0x00,0x00,0x00,0x00,0x00,0x00,0x00,0x00,0x00,0x00,0x00,0x00,0x00,0x00,
    0x00,0x00,0x00,0x00,0x00,0x00,0x00,0x00,0x00,0x00,0x00,0x00,0x00,0x00,0x00,0x00,0x00,0x00,0x00,0x00,0x00,0x00,0x00,0x00,0x00,0x00,0x00,0x00,0x00,0x00,0x00,0x00,0x00,0x00,0x00,0x00,0x00,0x00,0x00,0x00,0x00,0x00,0x08,0x00,0x35,0xc2,0xb9,0x74,0x6c,0x6c,0x79,0x93,0x15,0xcc,0xe3,0x9a,0xc6,0x9b,0x75,0x88,0x7a,0x7a,0xaa,0x88,0xed,0xba,0xbd,0xbd,0x1d,0x78,0x82,0x68,0x68,0x68,0x82,0x82,0x68,0x68,0x75,0x7c,0xb0,0x8d,0xbd,0xbd,0xbd,0xc5,0x8b,0xb0,0xdd,0x7c,0x73,0xa9,0x11,0xc8,0xba,0xc6,0x97,0x6c,0x74,0x77,0x68,0x70,0xa6,0x23,0x04,0x16,0x62,0xa8,0x44,0x07,0x03,0x00,0x00,0x00,0x00,0x00,0x00,0x00,0x00,0x00,0x00,0x00,0x00,0x00,0x00,0x00,0x00,0x00,0x00,0x00,0x00,0x00,0x00,0x00,0x00,0x00,0x00,0x00,0x00,0x00,0x00,0x00,0x00,0x00,
    0x00,0x00,0x00,0x00,0x00,0x00,0x00,0x00,0x00,0x00,0x00,0x00,0x00,0x00,0x00,0x00,0x00,0x00,0x00,0x00,0x00,0x00,0x00,0x00,0x00,0x00,0x00,0x00,0x00,0x00,0x00,0x00,0x00,0x00,0x00,0x00,0x00,0x01,0x01,0x00,0x00,0x08,0x00,0x30,0x96,0x7e,0x97,0x74,0x74,0x74,0x74,0x7e,0xcc,0x1a,0xed,0xc8,0xc7,0x9b,0x94,0x88,0xdd,0xa1,0xc1,0x8d,0xa1,0xc5,0xc9,0x88,0xb0,0x7c,0x68,0x68,0x68,0x68,0x83,0x80,0x75,0x68,0x70,0x68,0x82,0x73,0x95,0x8d,0x21,0xaf,0x1d,0x7c,0x94,0x80,0x75,0x8f,0x8f,0x1b,0xcc,0x19,0xb1,0x84,0x92,0x68,0x70,0x75,0x9a,0x58,0x00,0x05,0x2a,0x6c,0x42,0x00,0x08,0x00,0x00,0x00,0x00,0x00,0x00,0x00,0x00,0x00,0x00,0x00,0x00,0x00,0x00,0x00,0x00,0x00,0x00,0x00,0x00,0x00,0x00,0x00,0x00,0x00,0x00,0x00,0x00,0x00,0x00,0x00,0x00,0x00,
    0x00,0x00,0x00,0x00,0x00,0x00,0x00,0x00,0x00,0x00,0x00,0x00,0x00,0x00,0x00,0x00,0x00,0x00,0x00,0x00,0x00,0x00,0x00,0x00,0x00,0x00,0x00,0x00,0x00,0x00,0x00,0x00,0x00,0x00,0x00,0x04,0x04,0x00,0x00,0x00,0x00,0x00,0x2d,0x43,0x90,0x74,0x79,0x74,0x77,0x82,0x84,0xdf,0x19,0xbc,0xde,0xd8,0x9b,0xa9,0xa8,0x88,0x7c,0x95,0x80,0x94,0xc1,0x7a,0xa5,0x7a,0x95,0x68,0x68,0x68,0x68,0x68,0x92,0x92,0x68,0x68,0x68,0x68,0x68,0x80,0x80,0x70,0x83,0xad,0xad,0xad,0x80,0x80,0x80,0x2e,0xb9,0xe6,0xda,0x19,0xd4,0xc2,0x73,0x70,0x70,0x09,0xc2,0x38,0x0c,0x00,0x2a,0x6c,0x21,0x23,0x02,0x07,0x00,0x00,0x00,0x00,0x00,0x00,0x00,0x00,0x00,0x00,0x00,0x00,0x00,0x00,0x00,0x00,0x00,0x00,0x00,0x00,0x00,0x00,0x00,0x00,0x00,0x00,0x00,0x00,0x00,0x00,0x00,0x00,
    0x00,0x00,0x00,0x00,0x00,0x00,0x00,0x00,0x00,0x00,0x00,0x00,0x00,0x00,0x00,0x00,0x00,0x00,0x00,0x00,0x00,0x00,0x00,0x00,0x00,0x00,0x00,0x00,0x00,0x00,0x00,0x00,0x00,0x00,0x04,0x00,0x00,0x2b,0x2b,0x02,0x16,0x4d,0x35,0x9a,0x79,0x7e,0x79,0x74,0x98,0x84,0xf5,0x1a,0xdf,0x34,0xd8,0xd8,0xd8,0xab,0x8f,0x88,0x7c,0x80,0xad,0xad,0xad,0xad,0x80,0x92,0x68,0x68,0x68,0x68,0x68,0x75,0x78,0x78,0x68,0x68,0x68,0x68,0x68,0x83,0x80,0x80,0x80,0xad,0xad,0xad,0x80,0x82,0x8d,0x54,0xa6,0xd8,0xe6,0xd8,0xde,0xd4,0x93,0x70,0x92,0x98,0x1e,0x9a,0x61,0x22,0x53,0x93,0x96,0x50,0x00,0x04,0x00,0x00,0x00,0x00,0x00,0x00,0x00,0x00,0x00,0x00,0x00,0x00,0x00,0x00,0x00,0x00,0x00,0x00,0x00,0x00,0x00,0x00,0x00,0x00,0x00,0x00,0x00,0x00,0x00,0x00,0x00,0x00,
    0x00,0x00,0x00,0x00,0x00,0x00,0x00,0x00,0x00,0x00,0x00,0x00,0x00,0x00,0x00,0x00,0x00,0x00,0x00,0x00,0x00,0x00,0x00,0x00,0x00,0x00,0x00,0x00,0x00,0x00,0x00,0x00,0x00,0x04,0x00,0x2b,0x3b,0x8c,0x8c,0x41,0x35,0x9a,0x98,0x89,0x79,0x74,0x79,0x7e,0x87,0x15,0xa3,0x9c,0xaf,0xe7,0xe2,0xc8,0xc8,0x97,0x8f,0x94,0x82,0x80,0xad,0xad,0xad,0xad,0x80,0x83,0x68,0x68,0x68,0x70,0x68,0x95,0x54,0x54,0x95,0x68,0x70,0x68,0x68,0x68,0x83,0x80,0x80,0x80,0x80,0x80,0x80,0x75,0x2e,0xe2,0x54,0xc8,0xe6,0xe7,0xf5,0xc3,0xba,0x87,0x97,0x7e,0x7e,0x6c,0xac,0x43,0x96,0x1e,0xab,0x26,0x00,0x03,0x00,0x00,0x00,0x00,0x00,0x00,0x00,0x00,0x00,0x00,0x00,0x00,0x00,0x00,0x00,0x00,0x00,0x00,0x00,0x00,0x00,0x00,0x00,0x00,0x00,0x00,0x00,0x00,0x00,0x00,0x00,0x00,
    0x00,0x00,0x00,0x00,0x00,0x00,0x00,0x00,0x00,0x00,0x00,0x00,0x00,0x00,0x00,0x00,0x00,0x00,0x00,0x00,0x00,0x00,0x00,0x00,0x00,0x00,0x00,0x00,0x00,0x00,0x00,0x00,0x01,0x02,0x17,0x34,0xb9,0x6c,0x6c,0x98,0x98,0x7b,0x68,0x70,0x6c,0x6c,0x98,0x93,0x90,0xb5,0x71,0xa3,0xaf,0x21,0xd8,0xc8,0xc8,0xe2,0xe6,0xb2,0x75,0x80,0xad,0xad,0x80,0x80,0x83,0x68,0x68,0x68,0x68,0x95,0xa5,0x0f,0xfc,0xfc,0x0f,0xb0,0x95,0x68,0x68,0x68,0x82,0x80,0x80,0x80,0x80,0x80,0x80,0xa6,0x1b,0x5e,0xc8,0xc8,0xe6,0xab,0xc9,0xbc,0xb5,0x90,0x89,0x98,0x98,0x77,0x92,0x21,0x77,0x98,0x15,0x26,0x00,0x03,0x00,0x00,0x00,0x00,0x00,0x00,0x00,0x00,0x00,0x00,0x00,0x00,0x00,0x00,0x00,0x00,0x00,0x00,0x00,0x00,0x00,0x00,0x00,0x00,0x00,0x00,0x00,0x00,0x00,0x00,0x00,0x00,
    0x00,0x00,0x00,0x00,0x00,0x00,0x00,0x00,0x00,0x00,0x00,0x00,0x00,0x00,0x00,0x00,0x00,0x00,0x00,0x00,0x00,0x00,0x00,0x00,0x00,0x00,0x00,0x00,0x00,0x00,0x00,0x00,0x04,0x00,0x37,0xcf,0x6c,0x7e,0x7e,0x74,0x6c,0x89,0x89,0x6c,0x74,0x77,0x75,0x97,0xf3,0xae,0xa4,0xa3,0xde,0xa5,0x21,0x14,0x1b,0x1b,0xe7,0x34,0xa6,0x83,0x80,0x80,0x80,0x82,0x68,0x68,0x68,0x68,0x7c,0x7a,0x88,0x8d,0xf9,0xf9,0x8d,0xaa,0x7a,0x7a,0x68,0x68,0x68,0x82,0x83,0x83,0x83,0x80,0x75,0xb2,0xc6,0xb2,0x1b,0xa9,0x83,0x73,0xda,0x18,0x9c,0xc5,0xa7,0x95,0x75,0x68,0x68,0x1e,0x1e,0x15,0x40,0x04,0x01,0x00,0x00,0x00,0x00,0x00,0x00,0x00,0x00,0x00,0x00,0x00,0x00,0x00,0x00,0x00,0x00,0x00,0x00,0x00,0x00,0x00,0x00,0x00,0x00,0x00,0x00,0x00,0x00,0x00,0x00,0x00,0x00,0x00,
    0x00,0x00,0x00,0x00,0x00,0x00,0x00,0x00,0x00,0x00,0x00,0x00,0x00,0x00,0x00,0x00,0x00,0x00,0x00,0x00,0x00,0x00,0x00,0x00,0x00,0x00,0x00,0x00,0x00,0x00,0x00,0x01,0x00,0x5c,0x15,0x6c,0x7e,0x7e,0x7e,0x79,0x97,0x97,0x74,0x79,0x79,0x6c,0x97,0xda,0xae,0x8a,0x86,0xa3,0xe9,0xc9,0x78,0x8b,0x0f,0x9b,0xaa,0x94,0xba,0x78,0x83,0x82,0x68,0x68,0x68,0x68,0x68,0x68,0x68,0x68,0x75,0x78,0xc1,0xc1,0x88,0x7a,0x7a,0x7c,0x68,0x68,0x68,0x68,0x68,0x75,0x95,0xa5,0xa9,0x2e,0x8b,0x1d,0x11,0xaa,0x1e,0xc6,0x18,0x18,0x85,0xe3,0x93,0x82,0x70,0x82,0x73,0xa8,0xbe,0x63,0x17,0x00,0x04,0x00,0x00,0x00,0x00,0x00,0x00,0x00,0x00,0x00,0x00,0x00,0x00,0x00,0x00,0x00,0x00,0x00,0x00,0x00,0x00,0x00,0x00,0x00,0x00,0x00,0x00,0x00,0x00,0x00,0x00,0x00,0x00,0x00,
    0x00,0x00,0x00,0x00,0x00,0x00,0x00,0x00,0x00,0x00,0x00,0x00,0x00,0x00,0x00,0x00,0x00,0x00,0x00,0x00,0x00,0x00,0x00,0x00,0x00,0x00,0x00,0x00,0x00,0x00,0x00,0x01,0x00,0x17,0xb1,0x1e,0x79,0x74,0x74,0x93,0x11,0x9a,0x74,0x7e,0x7e,0x87,0xc5,0xa3,0x85,0x85,0x8a,0x19,0xbf,0xa2,0xfa,0x94,0xa9,0xd1,0x75,0xa1,0xde,0xb6,0x8b,0x7c,0x82,0x70,0x68,0x68,0x68,0x68,0x68,0x68,0x68,0x82,0x09,0x09,0x82,0x68,0x68,0x68,0x68,0x68,0x68,0x70,0x95,0x7a,0x8b,0x94,0xef,0xdf,0xd0,0xba,0xd1,0xac,0xd4,0xc3,0xbc,0xc3,0x85,0xb5,0x7e,0x79,0x74,0x6c,0x77,0x9a,0x15,0x44,0x00,0x03,0x00,0x00,0x00,0x00,0x00,0x00,0x00,0x00,0x00,0x00,0x00,0x00,0x00,0x00,0x00,0x00,0x00,0x00,0x00,0x00,0x00,0x00,0x00,0x00,0x00,0x00,0x00,0x00,0x00,0x00,0x00,0x00,0x00,0x00,
    0x00,0x00,0x00,0x00,0x00,0x00,0x00,0x00,0x00,0x00,0x00,0x00,0x00,0x00,0x00,0x00,0x00,0x00,0x00,0x00,0x00,0x00,0x00,0x00,0x00,0x00,0x00,0x00,0x00,0x00,0x00,0x01,0x00,0x17,0x8c,0x1e,0xab,0x77,0x97,0xb2,0xa8,0x84,0x79,0x79,0x7e,0x6c,0xf3,0x9c,0x9c,0x8e,0x86,0xb3,0xa2,0xbc,0xa2,0xbf,0xef,0xec,0xef,0xc3,0xbc,0xbf,0xed,0x78,0xb0,0x7c,0x95,0x95,0x70,0x68,0x68,0x68,0x68,0x68,0x70,0x70,0x68,0x68,0x68,0x68,0x68,0x82,0x82,0x7a,0xaa,0x78,0xc5,0xdb,0xf4,0xae,0xc3,0x1b,0x1b,0xf7,0xf4,0xbc,0x1a,0xc3,0x71,0xb5,0x79,0x92,0x89,0x74,0x79,0x79,0x93,0x4e,0x00,0x03,0x00,0x00,0x00,0x00,0x00,0x00,0x00,0x00,0x00,0x00,0x00,0x00,0x00,0x00,0x00,0x00,0x00,0x00,0x00,0x00,0x00,0x00,0x00,0x00,0x00,0x00,0x00,0x00,0x00,0x00,0x00,0x00,0x00,0x00,
    0x00,0x00,0x00,0x00,0x00,0x00,0x00,0x00,0x00,0x00,0x00,0x00,0x00,0x00,0x00,0x00,0x00,0x00,0x00,0x00,0x00,0x00,0x00,0x00,0x00,0x00,0x00,0x00,0x00,0x00,0x00,0x03,0x00,0x44,0x77,0xb9,0x32,0x51,0x3b,0x8c,0x1e,0x89,0x6c,0x7e,0x6c,0x97,0xb5,0x85,0x8e,0x71,0x8a,0x9c,0x18,0xae,0xbc,0xef,0xec,0xf2,0xd1,0xdb,0x1a,0xbc,0xbf,0xe5,0xaf,0x95,0xb0,0xa5,0x09,0x70,0x82,0x82,0x70,0x70,0x68,0x68,0x68,0x70,0x82,0x82,0x70,0x78,0xb0,0x95,0xbe,0xe5,0xbf,0xbf,0xbc,0xcc,0xd1,0xf6,0xf2,0xd1,0xc3,0x9c,0x1a,0x18,0x86,0xf3,0x87,0x7c,0x77,0x74,0x79,0x7e,0x97,0x9a,0x3a,0x00,0x03,0x00,0x00,0x00,0x00,0x00,0x00,0x00,0x00,0x00,0x00,0x00,0x00,0x00,0x00,0x00,0x00,0x00,0x00,0x00,0x00,0x00,0x00,0x00,0x00,0x00,0x00,0x00,0x00,0x00,0x00,0x00,0x00,0x00,
    0x00,0x00,0x00,0x00,0x00,0x00,0x00,0x00,0x00,0x00,0x00,0x00,0x00,0x00,0x00,0x00,0x00,0x00,0x00,0x00,0x00,0x00,0x00,0x00,0x00,0x00,0x00,0x00,0x00,0x00,0x00,0x03,0x00,0x44,0x84,0x3e,0x00,0x0c,0x41,0x98,0x83,0x93,0xc9,0xd4,0x87,0x90,0xb5,0x8a,0x76,0x71,0x8a,0x8e,0xbc,0x71,0x85,0xec,0xfe,0xfb,0xf2,0xd4,0x86,0xbc,0xa2,0xa2,0xbf,0xda,0xed,0xaf,0xc2,0x7d,0x73,0x09,0x75,0x7d,0x75,0x75,0x75,0x95,0x09,0x68,0x80,0xa9,0xbd,0xd4,0xa2,0xbf,0xa2,0xbf,0xbc,0x18,0xf6,0xfb,0xfb,0xf6,0xb5,0x8a,0xa3,0x19,0xae,0xdf,0x84,0x82,0x6c,0x79,0x79,0x74,0x5b,0x8c,0x52,0x00,0x03,0x00,0x00,0x00,0x00,0x00,0x00,0x00,0x00,0x00,0x00,0x00,0x00,0x00,0x00,0x00,0x00,0x00,0x00,0x00,0x00,0x00,0x00,0x00,0x00,0x00,0x00,0x00,0x00,0x00,0x00,0x00,0x00,0x00,
    0x00,0x00,0x00,0x00,0x00,0x00,0x00,0x00,0x00,0x00,0x00,0x00,0x00,0x00,0x00,0x00,0x00,0x00,0x00,0x00,0x00,0x00,0x00,0x00,0x00,0x00,0x00,0x00,0x00,0x00,0x00,0x00,0x07,0x08,0x62,0x3e,0x00,0x45,0x7e,0x74,0x68,0x97,0xb5,0x9c,0xdf,0x7e,0xea,0x86,0x76,0x76,0x85,0x85,0xa3,0x85,0xa4,0xb5,0xf2,0xf2,0xf6,0xea,0xa4,0x1a,0xa2,0xa2,0xa2,0x76,0x85,0x18,0xef,0xd4,0xbd,0xb6,0xcf,0xcd,0x98,0x83,0xcd,0xd3,0x2e,0xde,0xef,0xe9,0xbf,0xae,0xbc,0xbf,0xa2,0xa2,0xa3,0x86,0xec,0xf6,0xf2,0x34,0xae,0x86,0x18,0xa3,0x19,0xcf,0x87,0x74,0x74,0x79,0x6c,0x15,0x4d,0x3a,0x16,0x00,0x02,0x00,0x00,0x00,0x00,0x00,0x00,0x00,0x00,0x00,0x00,0x00,0x00,0x00,0x00,0x00,0x00,0x00,0x00,0x00,0x00,0x00,0x00,0x00,0x00,0x00,0x00,0x00,0x00,0x00,0x00,0x00,0x00,0x00,
    0x00,0x00,0x00,0x00,0x00,0x00,0x00,0x00,0x00,0x00,0x00,0x00,0x00,0x00,0x00,0x00,0x00,0x00,0x00,0x00,0x00,0x00,0x00,0x00,0x00,0x00,0x00,0x00,0x00,0x00,0x00,0x00,0x00,0x00,0x4f,0x11,0x5c,0x57,0xa7,0x79,0x1e,0xa8,0xa3,0xa4,0x85,0xed,0xf3,0x86,0x76,0x71,0x8e,0x76,0x85,0x85,0x86,0xb5,0xc8,0xcc,0xec,0xb5,0xa4,0x1a,0xa2,0xbf,0xa2,0x8a,0xa4,0x1a,0xa2,0xa2,0xf4,0xdb,0xe2,0xb4,0xd3,0xd3,0xb4,0xb4,0xc4,0xf4,0xa2,0xa2,0xf4,0x71,0xbc,0xbf,0xa2,0xa2,0x1a,0x8e,0xb8,0xcc,0xd4,0xd1,0x8e,0xae,0xc3,0xcc,0xc5,0x93,0x93,0x89,0x7b,0x92,0xa7,0x9b,0x12,0x00,0x55,0x57,0x00,0x03,0x00,0x00,0x00,0x00,0x00,0x00,0x00,0x00,0x00,0x00,0x00,0x00,0x00,0x00,0x00,0x00,0x00,0x00,0x00,0x00,0x00,0x00,0x00,0x00,0x00,0x00,0x00,0x00,0x00,0x00,0x00,0x00,
    0x00,0x00,0x00,0x00,0x00,0x00,0x00,0x00,0x00,0x00,0x00,0x00,0x00,0x00,0x00,0x00,0x00,0x00,0x00,0x00,0x00,0x00,0x00,0x00,0x00,0x00,0x00,0x00,0x00,0x00,0x00,0x07,0x00,0x2d,0x3b,0x39,0x53,0x2a,0x1e,0x7e,0x93,0xbe,0x1a,0x76,0x86,0x8e,0x19,0x8a,0x71,0x71,0x71,0x71,0x8e,0x76,0x86,0xea,0x19,0xa4,0xb3,0xb3,0x86,0xb3,0xbf,0xe9,0x33,0x33,0x33,0xdc,0x9d,0xdc,0xe9,0xdb,0xd3,0xd2,0xd3,0xd3,0xd2,0xd2,0xc4,0xbf,0x33,0xdc,0xdc,0x33,0xdc,0xdc,0xe9,0xa2,0xb3,0x85,0x1a,0x8a,0x8e,0x18,0x8a,0xa3,0xb9,0x98,0xa7,0x7b,0xa8,0x7b,0x68,0x82,0x78,0xac,0x36,0x23,0x2a,0x3d,0x00,0x03,0x00,0x00,0x00,0x00,0x00,0x00,0x00,0x00,0x00,0x00,0x00,0x00,0x00,0x00,0x00,0x00,0x00,0x00,0x00,0x00,0x00,0x00,0x00,0x00,0x00,0x00,0x00,0x00,0x00,0x00,0x00,0x00,
    0x00,0x00,0x00,0x00,0x00,0x00,0x00,0x00,0x00,0x00,0x00,0x00,0x00,0x00,0x00,0x00,0x00,0x00,0x00,0x00,0x00,0x00,0x00,0x00,0x00,0x00,0x00,0x00,0x00,0x00,0x00,0x00,0x00,0x16,0x16,0x00,0x26,0x4e,0x9a,0x87,0x93,0xa9,0xa3,0x85,0x76,0x8a,0x76,0x76,0x71,0x71,0x71,0x71,0x8e,0x85,0x76,0x8a,0x86,0x8e,0x86,0x8a,0x8a,0x9c,0xe9,0x6e,0x6f,0x6b,0x6b,0x6b,0x6b,0x6b,0x6b,0x6a,0xe2,0xb4,0xb4,0xb4,0xb4,0xb4,0xd6,0x72,0x6b,0x6b,0x6b,0x6b,0x6b,0x6b,0x6b,0xe9,0x85,0x85,0x85,0x8e,0x71,0x86,0x85,0xe3,0x1e,0x09,0x90,0xda,0x18,0xc6,0x93,0x98,0x77,0x77,0x8f,0x1d,0x57,0x00,0x03,0x00,0x00,0x00,0x00,0x00,0x00,0x00,0x00,0x00,0x00,0x00,0x00,0x00,0x00,0x00,0x00,0x00,0x00,0x00,0x00,0x00,0x00,0x00,0x00,0x00,0x00,0x00,0x00,0x00,0x00,0x00,0x00,0x00,
    0x00,0x00,0x00,0x00,0x00,0x00,0x00,0x00,0x00,0x00,0x00,0x00,0x00,0x00,0x00,0x00,0x00,0x00,0x00,0x00,0x00,0x00,0x00,0x00,0x00,0x00,0x00,0x00,0x00,0x00,0x00,0x00,0x00,0x00,0x00,0x08,0x00,0x0c,0x15,0x90,0x92,0x7e,0xb5,0x85,0x76,0x76,0x71,0x71,0x71,0x71,0x71,0x71,0x76,0x9c,0x8e,0x76,0x76,0x71,0x76,0x8e,0xa4,0x18,0x6b,0x69,0x69,0x81,0x6a,0x6b,0x6e,0x6e,0x72,0x67,0xf1,0xb4,0xf1,0xf1,0xb4,0xcd,0xd5,0x72,0x6b,0x6e,0x6e,0x6e,0x6b,0x6e,0x6e,0x6e,0xb3,0xa4,0x85,0x71,0x76,0x85,0x9c,0xdf,0x7b,0x89,0xda,0xbc,0x85,0x19,0xbe,0x84,0x92,0x82,0x1e,0x94,0x00,0x00,0x07,0x00,0x00,0x00,0x00,0x00,0x00,0x00,0x00,0x00,0x00,0x00,0x00,0x00,0x00,0x00,0x00,0x00,0x00,0x00,0x00,0x00,0x00,0x00,0x00,0x00,0x00,0x00,0x00,0x00,0x00,0x00,0x00,0x00,
    0x00,0x00,0x00,0x00,0x00,0x00,0x00,0x00,0x00,0x00,0x00,0x00,0x00,0x00,0x00,0x00,0x00,0x00,0x00,0x00,0x00,0x00,0x00,0x00,0x00,0x00,0x00,0x00,0x00,0x00,0x00,0x00,0x00,0x00,0x07,0x00,0x03,0x03,0x4e,0x8c,0x9b,0x87,0xe3,0xae,0x71,0x71,0x71,0x71,0x71,0x71,0x71,0x76,0x8a,0xa3,0x9c,0x8a,0x76,0x71,0x8e,0xa4,0xa3,0x6d,0x67,0x69,0x67,0x67,0x6e,0x6b,0x6b,0x6e,0xd1,0xa8,0x83,0x80,0xcd,0xcd,0x83,0x88,0x95,0x11,0x99,0x6b,0x6d,0x67,0x6f,0x6d,0x6d,0x6e,0x33,0xb3,0x86,0x76,0x71,0x71,0xae,0xda,0x74,0x96,0x18,0xb3,0xa3,0x9c,0xda,0x89,0x75,0x89,0x79,0x9a,0x52,0x02,0x03,0x02,0x00,0x00,0x00,0x00,0x00,0x00,0x00,0x00,0x00,0x00,0x00,0x00,0x00,0x00,0x00,0x00,0x00,0x00,0x00,0x00,0x00,0x00,0x00,0x00,0x00,0x00,0x00,0x00,0x00,0x00,0x00,0x00,
    0x00,0x00,0x00,0x00,0x00,0x00,0x00,0x00,0x00,0x00,0x00,0x00,0x00,0x00,0x00,0x00,0x00,0x00,0x00,0x00,0x00,0x00,0x00,0x00,0x00,0x00,0x00,0x00,0x00,0x00,0x00,0x00,0x00,0x00,0x00,0x00,0x03,0x00,0x3d,0x42,0x56,0x14,0xdf,0xae,0x71,0x71,0x71,0x71,0x71,0x71,0x71,0x71,0x8a,0x9c,0x85,0x8a,0x71,0x76,0x86,0xb3,0x6d,0x6f,0x69,0x67,0x67,0x67,0x6a,0x6b,0x6b,0x6e,0x9b,0x73,0x75,0x68,0x75,0x7d,0x75,0x68,0x78,0xa8,0x99,0x6a,0x69,0x67,0x69,0x69,0x67,0x69,0x6e,0x6d,0xb3,0xa4,0x76,0x76,0x86,0x9c,0xc9,0x7e,0xb5,0x9c,0xb3,0x9c,0xf3,0x84,0x75,0x89,0x77,0x97,0x8c,0x42,0x00,0x04,0x00,0x00,0x00,0x00,0x00,0x00,0x00,0x00,0x00,0x00,0x00,0x00,0x00,0x00,0x00,0x00,0x00,0x00,0x00,0x00,0x00,0x00,0x00,0x00,0x00,0x00,0x00,0x00,0x00,0x00,0x00,0x00,
    0x00,0x00,0x00,0x00,0x00,0x00,0x00,0x00,0x00,0x00,0x00,0x00,0x00,0x00,0x00,0x00,0x00,0x00,0x00,0x00,0x00,0x00,0x00,0x00,0x00,0x00,0x00,0x00,0x00,0x00,0x00,0x00,0x00,0x00,0x00,0x00,0x02,0x12,0x00,0x00,0x00,0x4a,0xb5,0x86,0x76,0x71,0x71,0x71,0x71,0x71,0x71,0x71,0x71,0x8a,0x71,0x71,0x76,0x71,0x71,0xdc,0x6e,0x6d,0x6e,0x6a,0x69,0x67,0x67,0x6d,0x6d,0x67,0x72,0xc7,0x1d,0x68,0x83,0x83,0x80,0x82,0xb2,0x6e,0x6b,0x6f,0x6d,0x67,0x67,0x67,0x67,0x67,0x81,0x6f,0x33,0xa4,0x71,0x71,0x76,0x86,0xb3,0xb6,0xe3,0x85,0x9c,0xae,0xb5,0xb1,0x92,0x75,0x75,0x93,0x5a,0x3a,0x04,0x00,0x00,0x00,0x00,0x00,0x00,0x00,0x00,0x00,0x00,0x00,0x00,0x00,0x00,0x00,0x00,0x00,0x00,0x00,0x00,0x00,0x00,0x00,0x00,0x00,0x00,0x00,0x00,0x00,0x00,0x00,0x00,0x00,
    0x00,0x00,0x00,0x00,0x00,0x00,0x00,0x00,0x00,0x00,0x00,0x00,0x00,0x00,0x00,0x00,0x00,0x00,0x00,0x00,0x00,0x00,0x00,0x00,0x00,0x00,0x00,0x00,0x00,0x00,0x00,0x00,0x00,0x00,0x00,0x01,0x01,0x60,0x29,0x0c,0x2c,0x59,0x8a,0x71,0x71,0x76,0x71,0x71,0x71,0x71,0x71,0x71,0x71,0x76,0x86,0x76,0x8e,0xa4,0xcc,0x72,0x6a,0x6e,0x6e,0x6d,0x69,0x67,0x67,0x67,0x67,0x67,0x81,0x6b,0x99,0xe7,0xcd,0xd2,0xd2,0x1b,0x72,0x6b,0x6f,0x6d,0x6d,0x69,0x67,0x67,0x6f,0x6e,0x6a,0x69,0x6a,0x19,0xa4,0x8e,0x71,0x76,0x86,0xea,0xb5,0xae,0x85,0xae,0x19,0x43,0x97,0x79,0x5d,0x3c,0x2d,0x00,0x04,0x00,0x00,0x00,0x00,0x00,0x00,0x00,0x00,0x00,0x00,0x00,0x00,0x00,0x00,0x00,0x00,0x00,0x00,0x00,0x00,0x00,0x00,0x00,0x00,0x00,0x00,0x00,0x00,0x00,0x00,0x00,0x00,0x00,
    0x00,0x00,0x00,0x00,0x00,0x00,0x00,0x00,0x00,0x00,0x00,0x00,0x00,0x00,0x00,0x00,0x00,0x00,0x00,0x00,0x00,0x00,0x00,0x00,0x00,0x00,0x00,0x00,0x00,0x00,0x00,0x00,0x00,0x00,0x00,0x05,0x02,0x2c,0xdb,0x65,0x19,0x85,0x8e,0x76,0x76,0x86,0x8a,0x76,0x71,0x71,0x71,0x71,0x71,0x71,0xa3,0xa4,0x76,0xa4,0xdb,0x6b,0x6a,0x6f,0x6a,0x6e,0x6a,0x6d,0x6d,0x67,0x67,0x69,0x69,0x69,0xd6,0xc7,0xa6,0x78,0xba,0x7f,0x99,0x6f,0x6f,0x6a,0x6d,0x6d,0x6e,0x6b,0x6b,0x6b,0x6e,0x6a,0x6b,0xdb,0xa4,0x76,0x71,0x71,0x76,0x8a,0x85,0x8e,0xb3,0x8e,0x1a,0xe3,0x87,0x96,0x39,0x00,0x00,0x04,0x00,0x00,0x00,0x00,0x00,0x00,0x00,0x00,0x00,0x00,0x00,0x00,0x00,0x00,0x00,0x00,0x00,0x00,0x00,0x00,0x00,0x00,0x00,0x00,0x00,0x00,0x00,0x00,0x00,0x00,0x00,0x00,0x00,0x00,
    0x00,0x00,0x00,0x00,0x00,0x00,0x00,0x00,0x00,0x00,0x00,0x00,0x00,0x00,0x00,0x00,0x00,0x00,0x00,0x00,0x00,0x00,0x00,0x00,0x00,0x00,0x00,0x00,0x00,0x00,0x00,0x00,0x00,0x00,0x00,0x00,0x04,0x00,0x2c,0xcc,0xa3,0x8a,0x71,0x71,0x76,0x76,0xcc,0xa3,0x86,0x76,0x71,0x76,0x8a,0x8e,0xdf,0xea,0x8a,0xa4,0xdb,0x6b,0x69,0x69,0x69,0x6f,0x6b,0x6b,0x6e,0x6e,0x6e,0x6a,0x6b,0x6a,0x81,0x6a,0xb8,0xc6,0x6a,0x7f,0x81,0x6a,0x6f,0x69,0x6a,0x6b,0x6b,0x6b,0x6e,0x6a,0x67,0x81,0x72,0xdb,0x86,0x8e,0x76,0x76,0x8e,0x76,0x8e,0x86,0xc3,0x1a,0xae,0xa3,0x15,0x53,0x16,0x03,0x04,0x00,0x00,0x00,0x00,0x00,0x00,0x00,0x00,0x00,0x00,0x00,0x00,0x00,0x00,0x00,0x00,0x00,0x00,0x00,0x00,0x00,0x00,0x00,0x00,0x00,0x00,0x00,0x00,0x00,0x00,0x00,0x00,0x00,0x00,0x00,
    0x00,0x00,0x00,0x00,0x00,0x00,0x00,0x00,0x00,0x00,0x00,0x00,0x00,0x00,0x00,0x00,0x00,0x00,0x00,0x00,0x00,0x00,0x00,0x00,0x00,0x00,0x00,0x00,0x00,0x00,0x00,0x00,0x00,0x00,0x00,0x00,0x00,0x05,0x00,0x22,0x3f,0x1a,0x19,0x18,0x65,0x3f,0x60,0x9c,0x8e,0x71,0x71,0x76,0x8a,0x9c,0xdd,0xf5,0x1a,0xa4,0xc3,0x6a,0x69,0x67,0x67,0x69,0x6d,0x6a,0x6e,0x6b,0x6b,0x6b,0xb7,0x6e,0x6e,0x69,0x6f,0x6e,0x67,0x67,0x6a,0xb7,0xa0,0x6b,0x6a,0x6f,0x6a,0x6d,0x67,0x69,0x6d,0x67,0x6e,0xcc,0xa4,0x85,0x76,0x76,0x8e,0x71,0x76,0x86,0x19,0x18,0x85,0x86,0xb5,0x40,0x00,0x01,0x00,0x00,0x00,0x00,0x00,0x00,0x00,0x00,0x00,0x00,0x00,0x00,0x00,0x00,0x00,0x00,0x00,0x00,0x00,0x00,0x00,0x00,0x00,0x00,0x00,0x00,0x00,0x00,0x00,0x00,0x00,0x00,0x00,0x00,0x00,0x00,
    0x00,0x00,0x00,0x00,0x00,0x00,0x00,0x00,0x00,0x00,0x00,0x00,0x00,0x00,0x00,0x00,0x00,0x00,0x00,0x00,0x00,0x00,0x00,0x00,0x00,0x00,0x00,0x00,0x00,0x00,0x00,0x00,0x00,0x00,0x00,0x00,0x00,0x00,0x04,0x00,0x00,0x0c,0x13,0x0c,0x0c,0x01,0x2c,0xa3,0xae,0x8e,0x71,0x76,0x8a,0x85,0xf5,0xd0,0xb3,0x8e,0xdc,0x6d,0x69,0x6d,0x67,0x67,0x67,0x69,0x67,0x6f,0x6f,0x6e,0xb7,0x6f,0x6b,0x6e,0x67,0x69,0x6a,0x6f,0x6e,0xb7,0x9f,0x6b,0x81,0x69,0x69,0x67,0x69,0x6d,0x6e,0x6e,0x6e,0x33,0x8a,0x85,0x8e,0x76,0x76,0x76,0x8a,0x76,0x60,0x2c,0x65,0x1a,0x9c,0x3f,0x00,0x47,0x00,0x00,0x00,0x00,0x00,0x00,0x00,0x00,0x00,0x00,0x00,0x00,0x00,0x00,0x00,0x00,0x00,0x00,0x00,0x00,0x00,0x00,0x00,0x00,0x00,0x00,0x00,0x00,0x00,0x00,0x00,0x00,0x00,0x00,0x00,0x00,
    0x00,0x00,0x00,0x00,0x00,0x00,0x00,0x00,0x00,0x00,0x00,0x00,0x00,0x00,0x00,0x00,0x00,0x00,0x00,0x00,0x00,0x00,0x00,0x00,0x00,0x00,0x00,0x00,0x00,0x00,0x00,0x00,0x00,0x00,0x00,0x00,0x00,0x00,0x00,0x04,0x05,0x00,0x00,0x00,0x00,0x13,0x02,0x3f,0xb3,0x71,0x71,0x76,0x76,0x86,0xb3,0xda,0x19,0xc3,0x67,0x69,0x69,0x6f,0x6d,0x6d,0x67,0x67,0x67,0x69,0x67,0x9d,0xb7,0x6b,0x6b,0x6a,0x67,0x67,0x6d,0x6e,0x6e,0x9d,0xa0,0x6f,0x67,0x67,0x67,0x67,0x6a,0x6f,0x6b,0x6e,0x6a,0x6e,0xc3,0xe3,0xda,0x9c,0x9c,0x85,0x85,0x18,0x36,0x00,0x17,0x19,0xa3,0x2c,0x02,0x04,0x00,0x00,0x00,0x00,0x00,0x00,0x00,0x00,0x00,0x00,0x00,0x00,0x00,0x00,0x00,0x00,0x00,0x00,0x00,0x00,0x00,0x00,0x00,0x00,0x00,0x00,0x00,0x00,0x00,0x00,0x00,0x00,0x00,0x00,0x00,0x00,
    0x00,0x00,0x00,0x00,0x00,0x00,0x00,0x00,0x00,0x00,0x00,0x00,0x00,0x00,0x00,0x00,0x00,0x00,0x00,0x00,0x00,0x00,0x00,0x00,0x00,0x00,0x00,0x00,0x00,0x00,0x00,0x00,0x00,0x00,0x00,0x00,0x00,0x00,0x00,0x00,0x00,0x02,0x02,0x02,0x02,0x02,0x04,0x0c,0x3f,0x9c,0x85,0x86,0x8a,0x9c,0xa3,0x0e,0x36,0x6f,0x06,0x67,0x69,0x6a,0x6a,0x6a,0x67,0x67,0x67,0x69,0x6f,0xa0,0xbb,0x6b,0x6d,0x6d,0x67,0x67,0x69,0x6d,0x6f,0x0a,0xd7,0x6a,0x69,0x67,0x67,0x67,0x6e,0x6e,0x6a,0x69,0x69,0x69,0x9d,0xd4,0xea,0x86,0x86,0x85,0x18,0x36,0x13,0x04,0x29,0x19,0x2c,0x00,0x04,0x00,0x00,0x00,0x00,0x00,0x00,0x00,0x00,0x00,0x00,0x00,0x00,0x00,0x00,0x00,0x00,0x00,0x00,0x00,0x00,0x00,0x00,0x00,0x00,0x00,0x00,0x00,0x00,0x00,0x00,0x00,0x00,0x00,0x00,0x00,0x00,0x00,
    0x00,0x00,0x00,0x00,0x00,0x00,0x00,0x00,0x00,0x00,0x00,0x00,0x00,0x00,0x00,0x00,0x00,0x00,0x00,0x00,0x00,0x00,0x00,0x00,0x00,0x00,0x00,0x00,0x00,0x00,0x00,0x00,0x00,0x00,0x00,0x00,0x00,0x00,0x00,0x00,0x00,0x00,0x00,0x00,0x00,0x00,0x02,0x00,0x00,0x2c,0x3f,0x60,0x59,0x29,0x66,0x00,0x31,0x6f,0x06,0x67,0x67,0x6d,0x6f,0x6f,0x67,0x67,0x67,0x69,0x6a,0x9f,0xc4,0x6b,0x81,0x67,0x67,0x67,0x67,0x69,0x6a,0x0a,0x9e,0x6b,0x69,0x67,0x67,0x67,0x6a,0x6e,0x6d,0x69,0x67,0x81,0x6e,0x33,0x59,0x59,0x59,0x3f,0x2c,0x00,0x00,0x2c,0x3f,0x2c,0x00,0x47,0x00,0x00,0x00,0x00,0x00,0x00,0x00,0x00,0x00,0x00,0x00,0x00,0x00,0x00,0x00,0x00,0x00,0x00,0x00,0x00,0x00,0x00,0x00,0x00,0x00,0x00,0x00,0x00,0x00,0x00,0x00,0x00,0x00,0x00,0x00,0x00,0x00,0x00,
    0x00,0x00,0x00,0x00,0x00,0x00,0x00,0x00,0x00,0x00,0x00,0x00,0x00,0x00,0x00,0x00,0x00,0x00,0x00,0x00,0x00,0x00,0x00,0x00,0x00,0x00,0x00,0x00,0x00,0x00,0x00,0x00,0x00,0x00,0x00,0x00,0x00,0x00,0x00,0x00,0x00,0x00,0x00,0x00,0x00,0x00,0x00,0x02,0x04,0x00,0x07,0x00,0x00,0x00,0x00,0x0c,0x24,0x6d,0x69,0x67,0x67,0x6d,0x6a,0x6f,0x67,0x67,0x67,0x69,0x6a,0x9f,0x9e,0x6b,0x69,0x67,0x67,0x67,0x67,0x67,0x6f,0xa0,0xc4,0x6b,0x69,0x67,0x67,0x67,0x6f,0x6e,0x6d,0x69,0x67,0x06,0x81,0x28,0x00,0x07,0x00,0x00,0x00,0x05,0x02,0x04,0x00,0x00,0x04,0x00,0x00,0x00,0x00,0x00,0x00,0x00,0x00,0x00,0x00,0x00,0x00,0x00,0x00,0x00,0x00,0x00,0x00,0x00,0x00,0x00,0x00,0x00,0x00,0x00,0x00,0x00,0x00,0x00,0x00,0x00,0x00,0x00,0x00,0x00,0x00,0x00,0x00,0x00,
    0x00,0x00,0x00,0x00,0x00,0x00,0x00,0x00,0x00,0x00,0x00,0x00,0x00,0x00,0x00,0x00,0x00,0x00,0x00,0x00,0x00,0x00,0x00,0x00,0x00,0x00,0x00,0x00,0x00,0x00,0x00,0x00,0x00,0x00,0x00,0x00,0x00,0x00,0x00,0x00,0x00,0x00,0x00,0x00,0x00,0x00,0x00,0x00,0x00,0x47,0x47,0x47,0x47,0x13,0x07,0x20,0x6a,0x06,0x67,0x67,0x67,0x67,0x6e,0x6f,0x69,0x67,0x67,0x69,0x6e,0xb7,0x9e,0x6b,0x81,0x67,0x67,0x67,0x67,0x67,0x6d,0x9d,0xc4,0x6a,0x69,0x67,0x67,0x69,0x6a,0x6e,0x69,0x67,0x67,0x67,0x69,0x6a,0x0b,0x47,0x08,0x47,0x47,0x00,0x00,0x00,0x47,0x47,0x00,0x00,0x00,0x00,0x00,0x00,0x00,0x00,0x00,0x00,0x00,0x00,0x00,0x00,0x00,0x00,0x00,0x00,0x00,0x00,0x00,0x00,0x00,0x00,0x00,0x00,0x00,0x00,0x00,0x00,0x00,0x00,0x00,0x00,0x00,0x00,0x00,0x00,0x00,0x00,
    0x00,0x00,0x00,0x00,0x00,0x00,0x00,0x00,0x00,0x00,0x00,0x00,0x00,0x00,0x00,0x00,0x00,0x00,0x00,0x00,0x00,0x00,0x00,0x00,0x00,0x00,0x00,0x00,0x00,0x00,0x00,0x00,0x00,0x00,0x00,0x00,0x00,0x00,0x00,0x00,0x00,0x00,0x00,0x00,0x00,0x00,0x00,0x00,0x00,0x00,0x00,0x00,0x02,0x01,0x13,0x48,0x67,0x06,0x67,0x67,0x67,0x67,0x6e,0x6d,0x67,0x67,0x67,0x69,0x6b,0xd7,0xc4,0x6b,0x81,0x67,0x67,0x67,0x67,0x67,0x67,0x69,0xbb,0x6d,0x67,0x67,0x67,0x69,0x6a,0x6e,0x69,0x67,0x67,0x67,0x06,0x6a,0x31,0x00,0x05,0x00,0x00,0x00,0x00,0x00,0x00,0x00,0x00,0x00,0x00,0x00,0x00,0x00,0x00,0x00,0x00,0x00,0x00,0x00,0x00,0x00,0x00,0x00,0x00,0x00,0x00,0x00,0x00,0x00,0x00,0x00,0x00,0x00,0x00,0x00,0x00,0x00,0x00,0x00,0x00,0x00,0x00,0x00,0x00,0x00,0x00,0x00,
    0x00,0x00,0x00,0x00,0x00,0x00,0x00,0x00,0x00,0x00,0x00,0x00,0x00,0x00,0x00,0x00,0x00,0x00,0x00,0x00,0x00,0x00,0x00,0x00,0x00,0x00,0x00,0x00,0x00,0x00,0x00,0x00,0x00,0x00,0x00,0x00,0x00,0x00,0x00,0x00,0x00,0x00,0x00,0x00,0x00,0x00,0x00,0x00,0x00,0x00,0x00,0x00,0x05,0x00,0x20,0x6d,0x06,0x69,0x67,0x67,0x67,0x67,0x6e,0x6d,0x67,0x67,0x67,0x69,0x6b,0x9e,0xc4,0x6b,0x69,0x67,0x67,0x67,0x67,0x67,0x67,0x6a,0xe5,0x81,0x6d,0x67,0x67,0x69,0x6a,0x6e,0x69,0x67,0x67,0x67,0x06,0x6d,0x24,0x05,0x00,0x00,0x00,0x00,0x00,0x00,0x00,0x00,0x00,0x00,0x00,0x00,0x00,0x00,0x00,0x00,0x00,0x00,0x00,0x00,0x00,0x00,0x00,0x00,0x00,0x00,0x00,0x00,0x00,0x00,0x00,0x00,0x00,0x00,0x00,0x00,0x00,0x00,0x00,0x00,0x00,0x00,0x00,0x00,0x00,0x00,0x00,0x00,
    0x00,0x00,0x00,0x00,0x00,0x00,0x00,0x00,0x00,0x00,0x00,0x00,0x00,0x00,0x00,0x00,0x00,0x00,0x00,0x00,0x00,0x00,0x00,0x00,0x00,0x00,0x00,0x00,0x00,0x00,0x00,0x00,0x00,0x00,0x00,0x00,0x00,0x00,0x00,0x00,0x00,0x00,0x00,0x00,0x00,0x00,0x00,0x00,0x00,0x00,0x00,0x00,0x05,0x00,0x28,0x06,0x06,0x69,0x67,0x67,0x67,0x67,0x6e,0x6d,0x67,0x67,0x67,0x69,0x6b,0xc4,0xc4,0x6b,0x69,0x67,0x67,0x67,0x6d,0x6a,0x6f,0x6e,0xe0,0x7f,0x6f,0x67,0x67,0x69,0x6f,0x6e,0x69,0x67,0x67,0x67,0x67,0x06,0x6d,0x27,0x00,0x05,0x00,0x00,0x00,0x00,0x00,0x00,0x00,0x00,0x00,0x00,0x00,0x00,0x00,0x00,0x00,0x00,0x00,0x00,0x00,0x00,0x00,0x00,0x00,0x00,0x00,0x00,0x00,0x00,0x00,0x00,0x00,0x00,0x00,0x00,0x00,0x00,0x00,0x00,0x00,0x00,0x00,0x00,0x00,0x00,0x00,0x00,
    0x00,0x00,0x00,0x00,0x00,0x00,0x00,0x00,0x00,0x00,0x00,0x00,0x00,0x00,0x00,0x00,0x00,0x00,0x00,0x00,0x00,0x00,0x00,0x00,0x00,0x00,0x00,0x00,0x00,0x00,0x00,0x00,0x00,0x00,0x00,0x00,0x00,0x00,0x00,0x00,0x00,0x00,0x00,0x00,0x00,0x00,0x00,0x00,0x00,0x00,0x00,0x05,0x00,0x1c,0x06,0x06,0x67,0x67,0x67,0x67,0x67,0x67,0x6a,0x67,0x67,0x67,0x67,0x69,0x6e,0x9e,0xd7,0x6e,0x69,0x67,0x67,0x67,0x6d,0x6d,0x69,0x6a,0xc4,0x7f,0x6d,0x69,0x67,0x67,0x6d,0x6e,0x67,0x67,0x67,0x67,0x67,0x06,0x67,0x1f,0x05,0x01,0x00,0x00,0x00,0x00,0x00,0x00,0x00,0x00,0x00,0x00,0x00,0x00,0x00,0x00,0x00,0x00,0x00,0x00,0x00,0x00,0x00,0x00,0x00,0x00,0x00,0x00,0x00,0x00,0x00,0x00,0x00,0x00,0x00,0x00,0x00,0x00,0x00,0x00,0x00,0x00,0x00,0x00,0x00,0x00,0x00,0x00,
    0x00,0x00,0x00,0x00,0x00,0x00,0x00,0x00,0x00,0x00,0x00,0x00,0x00,0x00,0x00,0x00,0x00,0x00,0x00,0x00,0x00,0x00,0x00,0x00,0x00,0x00,0x00,0x00,0x00,0x00,0x00,0x00,0x00,0x00,0x00,0x00,0x00,0x00,0x00,0x00,0x00,0x00,0x00,0x00,0x00,0x00,0x00,0x00,0x00,0x00,0x00,0x05,0x13,0x28,0x67,0x06,0x67,0x67,0x67,0x67,0x67,0x6d,0x6a,0x69,0x67,0x67,0x67,0x81,0x72,0xe0,0xe0,0x72,0x69,0x67,0x67,0x67,0x67,0x67,0x69,0x6b,0xfa,0xd7,0x6b,0x69,0x67,0x67,0x6d,0x6e,0x67,0x67,0x67,0x67,0x67,0x67,0x06,0x06,0x17,0x00,0x05,0x00,0x00,0x00,0x00,0x00,0x00,0x00,0x00,0x00,0x00,0x00,0x00,0x00,0x00,0x00,0x00,0x00,0x00,0x00,0x00,0x00,0x00,0x00,0x00,0x00,0x00,0x00,0x00,0x00,0x00,0x00,0x00,0x00,0x00,0x00,0x00,0x00,0x00,0x00,0x00,0x00,0x00,0x00,0x00,0x00,
    0x00,0x00,0x00,0x00,0x00,0x00,0x00,0x00,0x00,0x00,0x00,0x00,0x00,0x00,0x00,0x00,0x00,0x00,0x00,0x00,0x00,0x00,0x00,0x00,0x00,0x00,0x00,0x00,0x00,0x00,0x00,0x00,0x00,0x00,0x00,0x00,0x00,0x00,0x00,0x00,0x00,0x00,0x00,0x00,0x00,0x00,0x00,0x00,0x00,0x00,0x05,0x02,0x0b,0x6e,0x69,0x67,0x67,0x67,0x67,0x67,0x69,0x6d,0x6a,0x69,0x67,0x67,0x67,0x69,0x6e,0x91,0x91,0x6e,0x69,0x67,0x67,0x67,0x67,0x67,0x69,0x6e,0x91,0xa0,0x6b,0x67,0x67,0x67,0x6d,0x6e,0x6d,0x67,0x67,0x67,0x67,0x67,0x06,0x81,0x2f,0x00,0x05,0x00,0x00,0x00,0x00,0x00,0x00,0x00,0x00,0x00,0x00,0x00,0x00,0x00,0x00,0x00,0x00,0x00,0x00,0x00,0x00,0x00,0x00,0x00,0x00,0x00,0x00,0x00,0x00,0x00,0x00,0x00,0x00,0x00,0x00,0x00,0x00,0x00,0x00,0x00,0x00,0x00,0x00,0x00,0x00,0x00,
    0x00,0x00,0x00,0x00,0x00,0x00,0x00,0x00,0x00,0x00,0x00,0x00,0x00,0x00,0x00,0x00,0x00,0x00,0x00,0x00,0x00,0x00,0x00,0x00,0x00,0x00,0x00,0x00,0x00,0x00,0x00,0x00,0x00,0x00,0x00,0x00,0x00,0x00,0x00,0x00,0x00,0x00,0x00,0x00,0x00,0x00,0x00,0x00,0x00,0x00,0x01,0x00,0x2f,0x6f,0x06,0x67,0x67,0x67,0x67,0x67,0x69,0x6d,0x6a,0x69,0x67,0x67,0x67,0x67,0x6d,0x9d,0x9d,0x6d,0x67,0x67,0x67,0x67,0x67,0x67,0x69,0x6d,0x9d,0x67,0x69,0x67,0x67,0x67,0x6d,0x6e,0x6d,0x67,0x67,0x67,0x67,0x67,0x69,0x81,0x6a,0x17,0x01,0x05,0x00,0x00,0x00,0x00,0x00,0x00,0x00,0x00,0x00,0x00,0x00,0x00,0x00,0x00,0x00,0x00,0x00,0x00,0x00,0x00,0x00,0x00,0x00,0x00,0x00,0x00,0x00,0x00,0x00,0x00,0x00,0x00,0x00,0x00,0x00,0x00,0x00,0x00,0x00,0x00,0x00,0x00,0x00,0x00,
    0x00,0x00,0x00,0x00,0x00,0x00,0x00,0x00,0x00,0x00,0x00,0x00,0x00,0x00,0x00,0x00,0x00,0x00,0x00,0x00,0x00,0x00,0x00,0x00,0x00,0x00,0x00,0x00,0x00,0x00,0x00,0x00,0x00,0x00,0x00,0x00,0x00,0x00,0x00,0x00,0x00,0x00,0x00,0x00,0x00,0x00,0x00,0x00,0x00,0x05,0x00,0x1c,0x6a,0x06,0x67,0x67,0x67,0x67,0x67,0x67,0x69,0x6f,0x6a,0x69,0x67,0x67,0x67,0x67,0x67,0x6d,0x6d,0x69,0x67,0x67,0x67,0x67,0x67,0x67,0x67,0x67,0x6f,0x6d,0x67,0x67,0x67,0x67,0x67,0x6a,0x6d,0x67,0x67,0x67,0x67,0x67,0x67,0x06,0x6f,0x2f,0x00,0x05,0x00,0x00,0x00,0x00,0x00,0x00,0x00,0x00,0x00,0x00,0x00,0x00,0x00,0x00,0x00,0x00,0x00,0x00,0x00,0x00,0x00,0x00,0x00,0x00,0x00,0x00,0x00,0x00,0x00,0x00,0x00,0x00,0x00,0x00,0x00,0x00,0x00,0x00,0x00,0x00,0x00,0x00,0x00,0x00,
    0x00,0x00,0x00,0x00,0x00,0x00,0x00,0x00,0x00,0x00,0x00,0x00,0x00,0x00,0x00,0x00,0x00,0x00,0x00,0x00,0x00,0x00,0x00,0x00,0x00,0x00,0x00,0x00,0x00,0x00,0x00,0x00,0x00,0x00,0x00,0x00,0x00,0x00,0x00,0x00,0x00,0x00,0x00,0x00,0x00,0x00,0x00,0x00,0x02,0x01,0x13,0x1f,0x69,0x06,0x67,0x67,0x67,0x67,0x67,0x67,0x69,0x6a,0x6f,0x69,0x67,0x67,0x67,0x67,0x67,0x69,0x69,0x67,0x67,0x67,0x67,0x67,0x67,0x67,0x67,0x67,0x69,0x67,0x67,0x67,0x67,0x67,0x69,0x6a,0x6f,0x69,0x67,0x67,0x67,0x67,0x67,0x67,0x06,0x06,0x1c,0x00,0x05,0x00,0x00,0x00,0x00,0x00,0x00,0x00,0x00,0x00,0x00,0x00,0x00,0x00,0x00,0x00,0x00,0x00,0x00,0x00,0x00,0x00,0x00,0x00,0x00,0x00,0x00,0x00,0x00,0x00,0x00,0x00,0x00,0x00,0x00,0x00,0x00,0x00,0x00,0x00,0x00,0x00,0x00,0x00,
    0x00,0x00,0x00,0x00,0x00,0x00,0x00,0x00,0x00,0x00,0x00,0x00,0x00,0x00,0x00,0x00,0x00,0x00,0x00,0x00,0x00,0x00,0x00,0x00,0x00,0x00,0x00,0x00,0x00,0x00,0x00,0x00,0x00,0x00,0x00,0x00,0x00,0x00,0x00,0x00,0x00,0x00,0x00,0x00,0x00,0x00,0x00,0x00,0x05,0x00,0x10,0x6d,0x06,0x67,0x67,0x67,0x67,0x67,0x67,0x67,0x69,0x6a,0x6f,0x69,0x67,0x67,0x67,0x67,0x67,0x67,0x67,0x67,0x67,0x67,0x67,0x67,0x67,0x67,0x67,0x67,0x67,0x67,0x67,0x67,0x67,0x67,0x69,0x6a,0x6a,0x69,0x67,0x67,0x67,0x67,0x67,0x67,0x06,0x67,0x1f,0x05,0x01,0x02,0x00,0x00,0x00,0x00,0x00,0x00,0x00,0x00,0x00,0x00,0x00,0x00,0x00,0x00,0x00,0x00,0x00,0x00,0x00,0x00,0x00,0x00,0x00,0x00,0x00,0x00,0x00,0x00,0x00,0x00,0x00,0x00,0x00,0x00,0x00,0x00,0x00,0x00,0x00,0x00,0x00,0x00,
    0x00,0x00,0x00,0x00,0x00,0x00,0x00,0x00,0x00,0x00,0x00,0x00,0x00,0x00,0x00,0x00,0x00,0x00,0x00,0x00,0x00,0x00,0x00,0x00,0x00,0x00,0x00,0x00,0x00,0x00,0x00,0x00,0x00,0x00,0x00,0x00,0x00,0x00,0x00,0x00,0x00,0x00,0x00,0x00,0x00,0x00,0x00,0x01,0x01,0x0b,0x06,0x06,0x67,0x67,0x67,0x67,0x67,0x67,0x67,0x67,0x69,0x6a,0x6f,0x69,0x67,0x67,0x67,0x67,0x67,0x67,0x67,0x67,0x67,0x67,0x67,0x67,0x67,0x67,0x67,0x67,0x67,0x67,0x67,0x67,0x67,0x67,0x69,0x6a,0x6a,0x69,0x67,0x67,0x67,0x67,0x67,0x67,0x67,0x06,0x67,0x10,0x00,0x05,0x00,0x00,0x00,0x00,0x00,0x00,0x00,0x00,0x00,0x00,0x00,0x00,0x00,0x00,0x00,0x00,0x00,0x00,0x00,0x00,0x00,0x00,0x00,0x00,0x00,0x00,0x00,0x00,0x00,0x00,0x00,0x00,0x00,0x00,0x00,0x00,0x00,0x00,0x00,0x00,0x00,0x00,
    0x00,0x00,0x00,0x00,0x00,0x00,0x00,0x00,0x00,0x00,0x00,0x00,0x00,0x00,0x00,0x00,0x00,0x00,0x00,0x00,0x00,0x00,0x00,0x00,0x00,0x00,0x00,0x00,0x00,0x00,0x00,0x00,0x00,0x00,0x00,0x00,0x00,0x00,0x00,0x00,0x00,0x00,0x00,0x00,0x00,0x00,0x00,0x05,0x00,0x0e,0x69,0x06,0x67,0x67,0x67,0x67,0x67,0x67,0x67,0x67,0x6d,0x6e,0x6d,0x69,0x67,0x67,0x67,0x67,0x67,0x67,0x67,0x67,0x67,0x67,0x67,0x67,0x67,0x67,0x67,0x67,0x67,0x67,0x67,0x67,0x67,0x67,0x67,0x6d,0x6e,0x67,0x67,0x67,0x67,0x67,0x67,0x67,0x67,0x06,0x69,0x24,0x13,0x01,0x00,0x00,0x00,0x00,0x00,0x00,0x00,0x00,0x00,0x00,0x00,0x00,0x00,0x00,0x00,0x00,0x00,0x00,0x00,0x00,0x00,0x00,0x00,0x00,0x00,0x00,0x00,0x00,0x00,0x00,0x00,0x00,0x00,0x00,0x00,0x00,0x00,0x00,0x00,0x00,0x00,0x00,
    0x00,0x00,0x00,0x00,0x00,0x00,0x00,0x00,0x00,0x00,0x00,0x00,0x00,0x00,0x00,0x00,0x00,0x00,0x00,0x00,0x00,0x00,0x00,0x00,0x00,0x00,0x00,0x00,0x00,0x00,0x00,0x00,0x00,0x00,0x00,0x00,0x00,0x00,0x00,0x00,0x00,0x00,0x00,0x00,0x00,0x00,0x01,0x00,0x0b,0x25,0x06,0x69,0x67,0x67,0x67,0x67,0x67,0x67,0x67,0x69,0x6a,0x6e,0x69,0x67,0x67,0x67,0x67,0x67,0x67,0x67,0x67,0x67,0x67,0x67,0x67,0x67,0x67,0x67,0x67,0x67,0x67,0x67,0x67,0x67,0x67,0x67,0x67,0x67,0x6e,0x6d,0x67,0x67,0x67,0x67,0x67,0x67,0x67,0x67,0x06,0x6a,0x27,0x00,0x05,0x00,0x00,0x00,0x00,0x00,0x00,0x00,0x00,0x00,0x00,0x00,0x00,0x00,0x00,0x00,0x00,0x00,0x00,0x00,0x00,0x00,0x00,0x00,0x00,0x00,0x00,0x00,0x00,0x00,0x00,0x00,0x00,0x00,0x00,0x00,0x00,0x00,0x00,0x00,0x00,0x00,
    0x00,0x00,0x00,0x00,0x00,0x00,0x00,0x00,0x00,0x00,0x00,0x00,0x00,0x00,0x00,0x00,0x00,0x00,0x00,0x00,0x00,0x00,0x00,0x00,0x00,0x00,0x00,0x00,0x00,0x00,0x00,0x00,0x00,0x00,0x00,0x00,0x00,0x00,0x00,0x00,0x00,0x00,0x00,0x00,0x00,0x00,0x05,0x01,0x0e,0x6d,0x06,0x67,0x67,0x67,0x67,0x67,0x67,0x67,0x67,0x69,0x6e,0x6f,0x69,0x67,0x67,0x67,0x67,0x67,0x67,0x67,0x67,0x67,0x67,0x67,0x67,0x67,0x67,0x67,0x67,0x67,0x67,0x67,0x67,0x67,0x67,0x67,0x67,0x69,0x6a,0x6a,0x69,0x67,0x67,0x67,0x67,0x67,0x67,0x67,0x06,0x6d,0x2f,0x00,0x05,0x00,0x00,0x00,0x00,0x00,0x00,0x00,0x00,0x00,0x00,0x00,0x00,0x00,0x00,0x00,0x00,0x00,0x00,0x00,0x00,0x00,0x00,0x00,0x00,0x00,0x00,0x00,0x00,0x00,0x00,0x00,0x00,0x00,0x00,0x00,0x00,0x00,0x00,0x00,0x00,0x00,
    0x00,0x00,0x00,0x00,0x00,0x00,0x00,0x00,0x00,0x00,0x00,0x00,0x00,0x00,0x00,0x00,0x00,0x00,0x00,0x00,0x00,0x00,0x00,0x00,0x00,0x00,0x00,0x00,0x00,0x00,0x00,0x00,0x00,0x00,0x00,0x00,0x00,0x00,0x00,0x00,0x00,0x00,0x00,0x00,0x00,0x02,0x02,0x0c,0x25,0x67,0x69,0x67,0x67,0x67,0x67,0x67,0x67,0x67,0x67,0x67,0x6a,0x67,0x67,0x67,0x67,0x67,0x67,0x67,0x67,0x67,0x67,0x67,0x67,0x67,0x67,0x67,0x67,0x67,0x67,0x67,0x67,0x67,0x67,0x67,0x67,0x67,0x67,0x69,0x6d,0x6a,0x69,0x67,0x67,0x67,0x67,0x67,0x67,0x67,0x06,0x67,0x24,0x05,0x00,0x00,0x00,0x00,0x00,0x00,0x00,0x00,0x00,0x00,0x00,0x00,0x00,0x00,0x00,0x00,0x00,0x00,0x00,0x00,0x00,0x00,0x00,0x00,0x00,0x00,0x00,0x00,0x00,0x00,0x00,0x00,0x00,0x00,0x00,0x00,0x00,0x00,0x00,0x00,0x00,0x00,
    0x00,0x00,0x00,0x00,0x00,0x00,0x00,0x00,0x00,0x00,0x00,0x00,0x00,0x00,0x00,0x00,0x00,0x00,0x00,0x00,0x00,0x00,0x00,0x00,0x00,0x00,0x00,0x00,0x00,0x00,0x00,0x00,0x00,0x00,0x00,0x00,0x00,0x00,0x00,0x00,0x00,0x00,0x00,0x00,0x00,0x05,0x00,0x20,0x6a,0x06,0x67,0x67,0x67,0x67,0x67,0x67,0x67,0x67,0x69,0x6f,0x6a,0x69,0x67,0x67,0x67,0x67,0x67,0x67,0x67,0x67,0x67,0x67,0x67,0x67,0x67,0x67,0x67,0x67,0x67,0x67,0x67,0x67,0x67,0x67,0x67,0x67,0x67,0x67,0x6d,0x6e,0x6d,0x67,0x67,0x67,0x67,0x67,0x67,0x67,0x67,0x06,0x0d,0x17,0x00,0x05,0x00,0x00,0x00,0x00,0x00,0x00,0x00,0x00,0x00,0x00,0x00,0x00,0x00,0x00,0x00,0x00,0x00,0x00,0x00,0x00,0x00,0x00,0x00,0x00,0x00,0x00,0x00,0x00,0x00,0x00,0x00,0x00,0x00,0x00,0x00,0x00,0x00,0x00,0x00,0x00,
    0x00,0x00,0x00,0x00,0x00,0x00,0x00,0x00,0x00,0x00,0x00,0x00,0x00,0x00,0x00,0x00,0x00,0x00,0x00,0x00,0x00,0x00,0x00,0x00,0x00,0x00,0x00,0x00,0x00,0x00,0x00,0x00,0x00,0x00,0x00,0x00,0x00,0x00,0x00,0x00,0x00,0x00,0x00,0x00,0x02,0x02,0x0c,0x24,0x6a,0x06,0x67,0x67,0x67,0x67,0x67,0x67,0x67,0x67,0x69,0x6a,0x6d,0x67,0x67,0x67,0x67,0x67,0x67,0x67,0x67,0x67,0x67,0x67,0x67,0x67,0x67,0x67,0x67,0x67,0x67,0x67,0x67,0x67,0x67,0x67,0x67,0x67,0x67,0x67,0x69,0x6a,0x6f,0x69,0x67,0x67,0x67,0x67,0x67,0x67,0x67,0x06,0x67,0x0e,0x02,0x05,0x00,0x00,0x00,0x00,0x00,0x00,0x00,0x00,0x00,0x00,0x00,0x00,0x00,0x00,0x00,0x00,0x00,0x00,0x00,0x00,0x00,0x00,0x00,0x00,0x00,0x00,0x00,0x00,0x00,0x00,0x00,0x00,0x00,0x00,0x00,0x00,0x00,0x00,0x00,0x00,
    0x00,0x00,0x00,0x00,0x00,0x00,0x00,0x00,0x00,0x00,0x00,0x00,0x00,0x00,0x00,0x00,0x00,0x00,0x00,0x00,0x00,0x00,0x00,0x00,0x00,0x00,0x00,0x00,0x00,0x00,0x00,0x00,0x00,0x00,0x00,0x00,0x00,0x00,0x00,0x00,0x00,0x00,0x00,0x00,0x05,0x00,0x20,0x6a,0x06,0x67,0x67,0x67,0x67,0x67,0x67,0x67,0x67,0x67,0x6d,0x6a,0x67,0x67,0x67,0x67,0x67,0x67,0x67,0x67,0x67,0x67,0x67,0x67,0x67,0x67,0x67,0x67,0x67,0x67,0x67,0x67,0x67,0x67,0x67,0x67,0x67,0x67,0x67,0x67,0x69,0x6f,0x6e,0x69,0x67,0x67,0x67,0x67,0x67,0x67,0x67,0x69,0x67,0x46,0x0c,0x00,0x02,0x00,0x00,0x00,0x00,0x00,0x00,0x00,0x00,0x00,0x00,0x00,0x00,0x00,0x00,0x00,0x00,0x00,0x00,0x00,0x00,0x00,0x00,0x00,0x00,0x00,0x00,0x00,0x00,0x00,0x00,0x00,0x00,0x00,0x00,0x00,0x00,0x00,0x00,0x00,
    0x00,0x00,0x00,0x00,0x00,0x00,0x00,0x00,0x00,0x00,0x00,0x00,0x00,0x00,0x00,0x00,0x00,0x00,0x00,0x00,0x00,0x00,0x00,0x00,0x00,0x00,0x00,0x00,0x00,0x00,0x00,0x00,0x00,0x00,0x00,0x00,0x00,0x00,0x00,0x00,0x00,0x00,0x00,0x00,0x00,0x00,0x1f,0x69,0x06,0x67,0x67,0x67,0x67,0x67,0x67,0x67,0x67,0x69,0x6a,0x6a,0x69,0x67,0x67,0x67,0x67,0x67,0x67,0x67,0x67,0x67,0x67,0x67,0x67,0x67,0x67,0x67,0x67,0x67,0x67,0x67,0x67,0x67,0x67,0x67,0x67,0x67,0x67,0x67,0x67,0x67,0x6b,0x6f,0x69,0x67,0x67,0x67,0x67,0x67,0x67,0x69,0x06,0x06,0x27,0x00,0x05,0x00,0x00,0x00,0x00,0x00,0x00,0x00,0x00,0x00,0x00,0x00,0x00,0x00,0x00,0x00,0x00,0x00,0x00,0x00,0x00,0x00,0x00,0x00,0x00,0x00,0x00,0x00,0x00,0x00,0x00,0x00,0x00,0x00,0x00,0x00,0x00,0x00,0x00,0x00,
    0x00,0x00,0x00,0x00,0x00,0x00,0x00,0x00,0x00,0x00,0x00,0x00,0x00,0x00,0x00,0x00,0x00,0x00,0x00,0x00,0x00,0x00,0x00,0x00,0x00,0x00,0x00,0x00,0x00,0x00,0x00,0x00,0x00,0x00,0x00,0x00,0x00,0x00,0x00,0x00,0x00,0x00,0x00,0x00,0x05,0x00,0x2f,0x67,0x06,0x67,0x67,0x67,0x67,0x67,0x67,0x67,0x67,0x6d,0x6e,0x6d,0x67,0x67,0x67,0x67,0x67,0x67,0x67,0x67,0x67,0x67,0x67,0x67,0x67,0x67,0x67,0x67,0x67,0x67,0x67,0x67,0x67,0x67,0x67,0x67,0x67,0x67,0x67,0x67,0x67,0x69,0x6e,0x6a,0x69,0x67,0x67,0x67,0x67,0x67,0x6d,0x6a,0x6a,0x0d,0x12,0x00,0x01,0x00,0x00,0x00,0x00,0x00,0x00,0x00,0x00,0x00,0x00,0x00,0x00,0x00,0x00,0x00,0x00,0x00,0x00,0x00,0x00,0x00,0x00,0x00,0x00,0x00,0x00,0x00,0x00,0x00,0x00,0x00,0x00,0x00,0x00,0x00,0x00,0x00,0x00,0x00,
    0x00,0x00,0x00,0x00,0x00,0x00,0x00,0x00,0x00,0x00,0x00,0x00,0x00,0x00,0x00,0x00,0x00,0x00,0x00,0x00,0x00,0x00,0x00,0x00,0x00,0x00,0x00,0x00,0x00,0x00,0x00,0x00,0x00,0x00,0x00,0x00,0x00,0x00,0x00,0x00,0x00,0x00,0x00,0x00,0x05,0x00,0x27,0x0d,0x06,0x69,0x69,0x67,0x67,0x67,0x67,0x67,0x6d,0x6b,0x6e,0x69,0x67,0x67,0x67,0x67,0x67,0x67,0x67,0x67,0x67,0x67,0x67,0x67,0x67,0x67,0x67,0x67,0x67,0x67,0x67,0x67,0x67,0x67,0x67,0x67,0x67,0x67,0x67,0x67,0x67,0x69,0x6a,0x6a,0x69,0x67,0x67,0x67,0x67,0x69,0x6d,0x0d,0x6e,0x2f,0x02,0x05,0x00,0x00,0x00,0x00,0x00,0x00,0x00,0x00,0x00,0x00,0x00,0x00,0x00,0x00,0x00,0x00,0x00,0x00,0x00,0x00,0x00,0x00,0x00,0x00,0x00,0x00,0x00,0x00,0x00,0x00,0x00,0x00,0x00,0x00,0x00,0x00,0x00,0x00,0x00,0x00,
    0x00,0x00,0x00,0x00,0x00,0x00,0x00,0x00,0x00,0x00,0x00,0x00,0x00,0x00,0x00,0x00,0x00,0x00,0x00,0x00,0x00,0x00,0x00,0x00,0x00,0x00,0x00,0x00,0x00,0x00,0x00,0x00,0x00,0x00,0x00,0x00,0x00,0x00,0x00,0x00,0x00,0x00,0x00,0x00,0x00,0x05,0x00,0x28,0x6e,0x0d,0x6f,0x6d,0x6d,0x69,0x67,0x67,0x6d,0x6e,0x6f,0x69,0x67,0x67,0x67,0x67,0x67,0x67,0x67,0x67,0x67,0x67,0x67,0x67,0x67,0x67,0x67,0x67,0x67,0x67,0x67,0x67,0x67,0x67,0x67,0x67,0x67,0x67,0x67,0x67,0x67,0x67,0x6d,0x6a,0x67,0x67,0x67,0x6d,0x69,0x6d,0x6a,0x0d,0x6e,0x27,0x00,0x05,0x00,0x00,0x00,0x00,0x00,0x00,0x00,0x00,0x00,0x00,0x00,0x00,0x00,0x00,0x00,0x00,0x00,0x00,0x00,0x00,0x00,0x00,0x00,0x00,0x00,0x00,0x00,0x00,0x00,0x00,0x00,0x00,0x00,0x00,0x00,0x00,0x00,0x00,0x00,0x00,
    0x00,0x00,0x00,0x00,0x00,0x00,0x00,0x00,0x00,0x00,0x00,0x00,0x00,0x00,0x00,0x00,0x00,0x00,0x00,0x00,0x00,0x00,0x00,0x00,0x00,0x00,0x00,0x00,0x00,0x00,0x00,0x00,0x00,0x00,0x00,0x00,0x00,0x00,0x00,0x00,0x00,0x00,0x00,0x00,0x05,0x07,0x1c,0x25,0x06,0x6e,0x6e,0x6e,0x6e,0x6e,0x6d,0x69,0x6a,0x6b,0x6d,0x67,0x67,0x67,0x67,0x67,0x67,0x67,0x67,0x67,0x67,0x67,0x67,0x67,0x67,0x67,0x67,0x67,0x67,0x67,0x67,0x67,0x67,0x67,0x67,0x67,0x67,0x67,0x67,0x67,0x67,0x67,0x67,0x6e,0x6d,0x67,0x6a,0x6a,0x6a,0x6e,0x6b,0x6e,0x6d,0x48,0x05,0x01,0x00,0x00,0x00,0x00,0x00,0x00,0x00,0x00,0x00,0x00,0x00,0x00,0x00,0x00,0x00,0x00,0x00,0x00,0x00,0x00,0x00,0x00,0x00,0x00,0x00,0x00,0x00,0x00,0x00,0x00,0x00,0x00,0x00,0x00,0x00,0x00,0x00,0x00,0x00,0x00,
    0x00,0x00,0x00,0x00,0x00,0x00,0x00,0x00,0x00,0x00,0x00,0x00,0x00,0x00,0x00,0x00,0x00,0x00,0x00,0x00,0x00,0x00,0x00,0x00,0x00,0x00,0x00,0x00,0x00,0x00,0x00,0x00,0x00,0x00,0x00,0x00,0x00,0x00,0x00,0x00,0x00,0x00,0x00,0x00,0x13,0x00,0x10,0x6f,0x06,0x6a,0x6a,0x6e,0x6e,0x6b,0x6b,0x6e,0x6e,0x6e,0x67,0x67,0x67,0x67,0x67,0x67,0x67,0x67,0x67,0x67,0x67,0x67,0x67,0x67,0x67,0x67,0x67,0x67,0x67,0x67,0x67,0x67,0x67,0x67,0x67,0x67,0x67,0x67,0x67,0x67,0x67,0x67,0x67,0x6e,0x6d,0x6a,0x6b,0x6e,0x6a,0x6d,0x6e,0x6a,0x6d,0x81,0x50,0x00,0x04,0x00,0x00,0x00,0x00,0x00,0x00,0x00,0x00,0x00,0x00,0x00,0x00,0x00,0x00,0x00,0x00,0x00,0x00,0x00,0x00,0x00,0x00,0x00,0x00,0x00,0x00,0x00,0x00,0x00,0x00,0x00,0x00,0x00,0x00,0x00,0x00,0x00,0x00,0x00,
    0x00,0x00,0x00,0x00,0x00,0x00,0x00,0x00,0x00,0x00,0x00,0x00,0x00,0x00,0x00,0x00,0x00,0x00,0x00,0x00,0x00,0x00,0x00,0x00,0x00,0x00,0x00,0x00,0x00,0x00,0x00,0x00,0x00,0x00,0x00,0x00,0x00,0x00,0x00,0x00,0x00,0x00,0x00,0x07,0x02,0x16,0x42,0xd6,0x0d,0x67,0x6f,0x6a,0x6f,0x67,0x6a,0x6e,0x6e,0x6a,0x69,0x67,0x67,0x69,0x67,0x67,0x67,0x69,0x69,0x69,0x67,0x67,0x67,0x67,0x67,0x67,0x67,0x67,0x67,0x67,0x67,0x67,0x67,0x67,0x67,0x67,0x67,0x67,0x67,0x67,0x67,0x67,0x69,0x6a,0x6a,0x6e,0x6f,0x69,0x6d,0x6d,0x69,0x81,0x6b,0xb6,0x3e,0x00,0x03,0x00,0x00,0x00,0x00,0x00,0x00,0x00,0x00,0x00,0x00,0x00,0x00,0x00,0x00,0x00,0x00,0x00,0x00,0x00,0x00,0x00,0x00,0x00,0x00,0x00,0x00,0x00,0x00,0x00,0x00,0x00,0x00,0x00,0x00,0x00,0x00,0x00,0x00,0x00,
    0x00,0x00,0x00,0x00,0x00,0x00,0x00,0x00,0x00,0x00,0x00,0x00,0x00,0x00,0x00,0x00,0x00,0x00,0x00,0x00,0x00,0x00,0x00,0x00,0x00,0x00,0x00,0x00,0x00,0x00,0x00,0x00,0x00,0x00,0x00,0x00,0x00,0x00,0x00,0x00,0x00,0x00,0x00,0x04,0x03,0x3b,0xa6,0xbe,0x6d,0x6e,0x81,0x67,0x67,0x67,0x67,0x6f,0x6b,0x6f,0x69,0x69,0x6d,0x6f,0x6e,0x6e,0x6e,0x6a,0x6a,0x6f,0x67,0x69,0x69,0x67,0x67,0x67,0x67,0x67,0x67,0x67,0x67,0x69,0x69,0x69,0x69,0x67,0x6d,0x6d,0x6d,0x67,0x67,0x67,0x69,0x6a,0x6e,0x6d,0x67,0x67,0x69,0x69,0x6d,0x6e,0xba,0xa1,0x21,0x3d,0x00,0x03,0x00,0x00,0x00,0x00,0x00,0x00,0x00,0x00,0x00,0x00,0x00,0x00,0x00,0x00,0x00,0x00,0x00,0x00,0x00,0x00,0x00,0x00,0x00,0x00,0x00,0x00,0x00,0x00,0x00,0x00,0x00,0x00,0x00,0x00,0x00,0x00,0x00,0x00,
    0x00,0x00,0x00,0x00,0x00,0x00,0x00,0x00,0x00,0x00,0x00,0x00,0x00,0x00,0x00,0x00,0x00,0x00,0x00,0x00,0x00,0x00,0x00,0x00,0x00,0x00,0x00,0x00,0x00,0x00,0x00,0x00,0x00,0x00,0x00,0x00,0x00,0x00,0x00,0x00,0x00,0x00,0x03,0x00,0x3d,0x21,0xd8,0x83,0xa9,0x0a,0x72,0x67,0x69,0x67,0x6a,0x69,0x0d,0x6f,0x69,0x6a,0x6b,0x6b,0x6b,0x6b,0x6b,0x6b,0x6b,0x6b,0x6e,0x6a,0x6f,0x6d,0x6d,0x69,0x69,0x69,0x69,0x67,0x67,0x6f,0x6a,0x6e,0x6e,0x6e,0x6b,0x6b,0x6b,0x6e,0x6f,0x6d,0x67,0x6a,0x6a,0x6f,0x6e,0x6a,0x6f,0x6b,0x6a,0xb6,0xaa,0x1d,0x9b,0x62,0x23,0x00,0x07,0x00,0x00,0x00,0x00,0x00,0x00,0x00,0x00,0x00,0x00,0x00,0x00,0x00,0x00,0x00,0x00,0x00,0x00,0x00,0x00,0x00,0x00,0x00,0x00,0x00,0x00,0x00,0x00,0x00,0x00,0x00,0x00,0x00,0x00,0x00,0x00,0x00,
    0x00,0x00,0x00,0x00,0x00,0x00,0x00,0x00,0x00,0x00,0x00,0x00,0x00,0x00,0x00,0x00,0x00,0x00,0x00,0x00,0x00,0x00,0x00,0x00,0x00,0x00,0x00,0x00,0x00,0x00,0x00,0x00,0x00,0x00,0x00,0x00,0x00,0x00,0x00,0x00,0x00,0x00,0x03,0x00,0x51,0xb9,0x2e,0x8f,0xaa,0xdd,0x34,0x6b,0x6e,0x6a,0x06,0x69,0x6a,0x6e,0x6e,0x6b,0x6b,0x6a,0x6f,0x6f,0x6a,0x6f,0x6f,0x6f,0x6a,0x6a,0x6f,0x6f,0x6a,0x6a,0x6e,0x6a,0x6a,0x6e,0x6e,0x6b,0x6b,0x6b,0x6b,0x6b,0x6e,0x6e,0x6e,0x6e,0x6e,0x6e,0x6a,0x6a,0x6e,0x6d,0x6e,0x72,0x72,0x0a,0x8d,0xa5,0x75,0x0f,0x9b,0xb2,0x3a,0x00,0x04,0x00,0x00,0x00,0x00,0x00,0x00,0x00,0x00,0x00,0x00,0x00,0x00,0x00,0x00,0x00,0x00,0x00,0x00,0x00,0x00,0x00,0x00,0x00,0x00,0x00,0x00,0x00,0x00,0x00,0x00,0x00,0x00,0x00,0x00,0x00,0x00,0x00,
    0x00,0x00,0x00,0x00,0x00,0x00,0x00,0x00,0x00,0x00,0x00,0x00,0x00,0x00,0x00,0x00,0x00,0x00,0x00,0x00,0x00,0x00,0x00,0x00,0x00,0x00,0x00,0x00,0x00,0x00,0x00,0x00,0x00,0x00,0x00,0x00,0x00,0x00,0x00,0x00,0x00,0x00,0x03,0x00,0x44,0x8c,0x8f,0xa1,0x82,0x94,0x54,0xb2,0xb8,0x99,0x67,0x6b,0x28,0x25,0x6e,0x6f,0x6f,0x69,0x69,0x69,0x69,0x69,0x69,0x69,0x69,0x69,0x69,0x69,0x67,0x6d,0x6f,0x6d,0x6a,0x6a,0x6a,0x6f,0x6d,0x6f,0x6d,0x6d,0x69,0x6d,0x6d,0x69,0x6f,0x6a,0x6e,0x25,0x24,0x6d,0x99,0xc7,0xb6,0x11,0xb1,0x95,0xa1,0xa8,0x11,0x37,0x00,0x04,0x00,0x00,0x00,0x00,0x00,0x00,0x00,0x00,0x00,0x00,0x00,0x00,0x00,0x00,0x00,0x00,0x00,0x00,0x00,0x00,0x00,0x00,0x00,0x00,0x00,0x00,0x00,0x00,0x00,0x00,0x00,0x00,0x00,0x00,0x00,0x00,0x00,0x00,
    0x00,0x00,0x00,0x00,0x00,0x00,0x00,0x00,0x00,0x00,0x00,0x00,0x00,0x00,0x00,0x00,0x00,0x00,0x00,0x00,0x00,0x00,0x00,0x00,0x00,0x00,0x00,0x00,0x00,0x00,0x00,0x00,0x00,0x00,0x00,0x00,0x00,0x00,0x00,0x00,0x00,0x00,0x00,0x07,0x00,0x29,0x5a,0x0f,0x5d,0x37,0x37,0x96,0xd3,0x8f,0x36,0x17,0x05,0x24,0x69,0x69,0x67,0x67,0x67,0x67,0x67,0x67,0x67,0x67,0x67,0x67,0x67,0x67,0x67,0x67,0x69,0x69,0x69,0x69,0x69,0x69,0x67,0x69,0x69,0x67,0x67,0x67,0x67,0x67,0x67,0x81,0x67,0x1f,0x12,0x1c,0x37,0x21,0x73,0x1d,0x37,0x3c,0x5d,0x41,0x4b,0x03,0x04,0x02,0x00,0x00,0x00,0x00,0x00,0x00,0x00,0x00,0x00,0x00,0x00,0x00,0x00,0x00,0x00,0x00,0x00,0x00,0x00,0x00,0x00,0x00,0x00,0x00,0x00,0x00,0x00,0x00,0x00,0x00,0x00,0x00,0x00,0x00,0x00,0x00,0x00,0x00,
    0x00,0x00,0x00,0x00,0x00,0x00,0x00,0x00,0x00,0x00,0x00,0x00,0x00,0x00,0x00,0x00,0x00,0x00,0x00,0x00,0x00,0x00,0x00,0x00,0x00,0x00,0x00,0x00,0x00,0x00,0x00,0x00,0x00,0x00,0x00,0x00,0x00,0x00,0x00,0x00,0x00,0x00,0x00,0x00,0x02,0x00,0x13,0x0c,0x2d,0x00,0x3d,0x90,0x35,0x3a,0x00,0x00,0x1c,0x46,0x46,0x06,0x69,0x69,0x67,0x6d,0x6d,0x67,0x67,0x67,0x67,0x67,0x67,0x67,0x67,0x67,0x67,0x67,0x67,0x67,0x67,0x67,0x67,0x67,0x67,0x67,0x67,0x67,0x67,0x6d,0x6a,0x6f,0x0d,0x0d,0x17,0x00,0x00,0x39,0x5d,0x2a,0x00,0x00,0x16,0x03,0x00,0x00,0x00,0x00,0x00,0x00,0x00,0x00,0x00,0x00,0x00,0x00,0x00,0x00,0x00,0x00,0x00,0x00,0x00,0x00,0x00,0x00,0x00,0x00,0x00,0x00,0x00,0x00,0x00,0x00,0x00,0x00,0x00,0x00,0x00,0x00,0x00,0x00,0x00,0x00,0x00,0x00,
    0x00,0x00,0x00,0x00,0x00,0x00,0x00,0x00,0x00,0x00,0x00,0x00,0x00,0x00,0x00,0x00,0x00,0x00,0x00,0x00,0x00,0x00,0x00,0x00,0x00,0x00,0x00,0x00,0x00,0x00,0x00,0x00,0x00,0x00,0x00,0x00,0x00,0x00,0x00,0x00,0x00,0x00,0x00,0x00,0x00,0x08,0x00,0x00,0x00,0x02,0x2d,0x51,0x23,0x00,0x13,0x05,0x20,0x6d,0x6f,0x6f,0x69,0x6d,0x6a,0x6d,0x6d,0x69,0x69,0x69,0x81,0x69,0x69,0x69,0x69,0x69,0x6d,0x67,0x67,0x67,0x67,0x69,0x69,0x69,0x69,0x69,0x69,0x69,0x81,0x06,0x06,0x6d,0x6a,0x6e,0x1c,0x05,0x13,0x00,0x2d,0x2d,0x04,0x03,0x00,0x00,0x08,0x00,0x00,0x00,0x00,0x00,0x00,0x00,0x00,0x00,0x00,0x00,0x00,0x00,0x00,0x00,0x00,0x00,0x00,0x00,0x00,0x00,0x00,0x00,0x00,0x00,0x00,0x00,0x00,0x00,0x00,0x00,0x00,0x00,0x00,0x00,0x00,0x00,0x00,0x00,0x00,0x00,
    0x00,0x00,0x00,0x00,0x00,0x00,0x00,0x00,0x00,0x00,0x00,0x00,0x00,0x00,0x00,0x00,0x00,0x00,0x00,0x00,0x00,0x00,0x00,0x00,0x00,0x00,0x00,0x00,0x00,0x00,0x00,0x00,0x00,0x00,0x00,0x00,0x00,0x00,0x00,0x00,0x00,0x00,0x00,0x00,0x00,0x00,0x07,0x07,0x07,0x00,0x00,0x07,0x00,0x03,0x02,0x02,0x12,0x10,0x0e,0x1f,0x46,0x46,0x99,0x67,0x6d,0x6a,0x6e,0x6e,0x6b,0x6e,0x6e,0x6a,0x6f,0x06,0x06,0x6a,0x6f,0x6f,0x6f,0x6d,0x6f,0x6a,0x6a,0x6e,0x6e,0x6e,0x6b,0x6f,0x69,0x69,0x1f,0x31,0x0c,0x00,0x02,0x03,0x00,0x00,0x00,0x00,0x07,0x02,0x00,0x00,0x00,0x00,0x00,0x00,0x00,0x00,0x00,0x00,0x00,0x00,0x00,0x00,0x00,0x00,0x00,0x00,0x00,0x00,0x00,0x00,0x00,0x00,0x00,0x00,0x00,0x00,0x00,0x00,0x00,0x00,0x00,0x00,0x00,0x00,0x00,0x00,0x00,0x00,0x00,0x00,
    0x00,0x00,0x00,0x00,0x00,0x00,0x00,0x00,0x00,0x00,0x00,0x00,0x00,0x00,0x00,0x00,0x00,0x00,0x00,0x00,0x00,0x00,0x00,0x00,0x00,0x00,0x00,0x00,0x00,0x00,0x00,0x00,0x00,0x00,0x00,0x00,0x00,0x00,0x00,0x00,0x00,0x00,0x00,0x00,0x00,0x00,0x00,0x00,0x00,0x00,0x07,0x03,0x07,0x00,0x00,0x00,0x00,0x00,0x00,0x13,0x0c,0x58,0x5e,0x5e,0xe6,0xf9,0xd8,0xc8,0x1b,0x1b,0xc7,0xd6,0x99,0x69,0x6e,0x6b,0x6a,0x6d,0x69,0x81,0x99,0x99,0x99,0xc7,0x1b,0xc8,0xc8,0x31,0x27,0x1c,0x13,0x00,0x00,0x00,0x00,0x00,0x07,0x07,0x00,0x00,0x00,0x00,0x00,0x00,0x00,0x00,0x00,0x00,0x00,0x00,0x00,0x00,0x00,0x00,0x00,0x00,0x00,0x00,0x00,0x00,0x00,0x00,0x00,0x00,0x00,0x00,0x00,0x00,0x00,0x00,0x00,0x00,0x00,0x00,0x00,0x00,0x00,0x00,0x00,0x00,0x00,0x00,0x00,0x00,
    0x00,0x00,0x00,0x00,0x00,0x00,0x00,0x00,0x00,0x00,0x00,0x00,0x00,0x00,0x00,0x00,0x00,0x00,0x00,0x00,0x00,0x00,0x00,0x00,0x00,0x00,0x00,0x00,0x00,0x00,0x00,0x00,0x00,0x00,0x00,0x00,0x00,0x00,0x00,0x00,0x00,0x00,0x00,0x00,0x00,0x00,0x00,0x00,0x00,0x00,0x00,0x00,0x00,0x00,0x00,0x00,0x02,0x05,0x05,0x03,0x00,0x4d,0xe2,0xb4,0xcd,0x83,0x70,0x70,0xad,0xd2,0xb4,0xb4,0xe2,0x4c,0x10,0x4c,0xe7,0xe6,0xe2,0xb4,0xd2,0xd2,0xd3,0xb4,0xf1,0xf1,0x5e,0x26,0x00,0x00,0x00,0x05,0x02,0x00,0x00,0x00,0x00,0x00,0x00,0x00,0x00,0x00,0x00,0x00,0x00,0x00,0x00,0x00,0x00,0x00,0x00,0x00,0x00,0x00,0x00,0x00,0x00,0x00,0x00,0x00,0x00,0x00,0x00,0x00,0x00,0x00,0x00,0x00,0x00,0x00,0x00,0x00,0x00,0x00,0x00,0x00,0x00,0x00,0x00,0x00,0x00,0x00,0x00,0x00,
    0x00,0x00,0x00,0x00,0x00,0x00,0x00,0x00,0x00,0x00,0x00,0x00,0x00,0x00,0x00,0x00,0x00,0x00,0x00,0x00,0x00,0x00,0x00,0x00,0x00,0x00,0x00,0x00,0x00,0x00,0x00,0x00,0x00,0x00,0x00,0x00,0x00,0x00,0x00,0x00,0x00,0x00,0x00,0x00,0x00,0x00,0x00,0x00,0x00,0x00,0x00,0x00,0x00,0x00,0x00,0x00,0x00,0x00,0x00,0x08,0x02,0x45,0x80,0x7a,0x88,0x7c,0x68,0x68,0x68,0x68,0x80,0xd2,0xb4,0x51,0x00,0x3c,0xd3,0xd2,0x09,0x78,0x73,0x09,0x7d,0x68,0x97,0xd3,0x35,0x13,0x05,0x05,0x02,0x00,0x00,0x00,0x00,0x00,0x00,0x00,0x00,0x00,0x00,0x00,0x00,0x00,0x00,0x00,0x00,0x00,0x00,0x00,0x00,0x00,0x00,0x00,0x00,0x00,0x00,0x00,0x00,0x00,0x00,0x00,0x00,0x00,0x00,0x00,0x00,0x00,0x00,0x00,0x00,0x00,0x00,0x00,0x00,0x00,0x00,0x00,0x00,0x00,0x00,0x00,0x00,0x00,
    0x00,0x00,0x00,0x00,0x00,0x00,0x00,0x00,0x00,0x00,0x00,0x00,0x00,0x00,0x00,0x00,0x00,0x00,0x00,0x00,0x00,0x00,0x00,0x00,0x00,0x00,0x00,0x00,0x00,0x00,0x00,0x00,0x00,0x00,0x00,0x00,0x00,0x00,0x00,0x00,0x00,0x00,0x00,0x00,0x00,0x00,0x00,0x00,0x00,0x00,0x00,0x00,0x00,0x00,0x00,0x00,0x00,0x00,0x00,0x03,0x00,0x39,0xc5,0x88,0x88,0x7c,0x68,0x68,0x70,0x68,0x75,0x75,0xcd,0x45,0x05,0x3c,0xcd,0x7c,0x75,0x82,0x82,0x70,0x70,0x68,0x82,0x73,0x80,0x23,0x00,0x07,0x00,0x00,0x00,0x00,0x00,0x00,0x00,0x00,0x00,0x00,0x00,0x00,0x00,0x00,0x00,0x00,0x00,0x00,0x00,0x00,0x00,0x00,0x00,0x00,0x00,0x00,0x00,0x00,0x00,0x00,0x00,0x00,0x00,0x00,0x00,0x00,0x00,0x00,0x00,0x00,0x00,0x00,0x00,0x00,0x00,0x00,0x00,0x00,0x00,0x00,0x00,0x00,0x00,0x00,
    0x00,0x00,0x00,0x00,0x00,0x00,0x00,0x00,0x00,0x00,0x00,0x00,0x00,0x00,0x00,0x00,0x00,0x00,0x00,0x00,0x00,0x00,0x00,0x00,0x00,0x00,0x00,0x00,0x00,0x00,0x00,0x00,0x00,0x00,0x00,0x00,0x00,0x00,0x00,0x00,0x00,0x00,0x00,0x00,0x00,0x00,0x00,0x00,0x00,0x00,0x00,0x00,0x00,0x00,0x00,0x00,0x00,0x00,0x00,0x04,0x00,0x12,0xb6,0x09,0x95,0x68,0x68,0x68,0x68,0x68,0x82,0x09,0x8d,0x52,0x00,0x3e,0x78,0x70,0x70,0x68,0x68,0x68,0x68,0x70,0x75,0x94,0x32,0x04,0x03,0x00,0x00,0x00,0x00,0x00,0x00,0x00,0x00,0x00,0x00,0x00,0x00,0x00,0x00,0x00,0x00,0x00,0x00,0x00,0x00,0x00,0x00,0x00,0x00,0x00,0x00,0x00,0x00,0x00,0x00,0x00,0x00,0x00,0x00,0x00,0x00,0x00,0x00,0x00,0x00,0x00,0x00,0x00,0x00,0x00,0x00,0x00,0x00,0x00,0x00,0x00,0x00,0x00,0x00,0x00,
    0x00,0x00,0x00,0x00,0x00,0x00,0x00,0x00,0x00,0x00,0x00,0x00,0x00,0x00,0x00,0x00,0x00,0x00,0x00,0x00,0x00,0x00,0x00,0x00,0x00,0x00,0x00,0x00,0x00,0x00,0x00,0x00,0x00,0x00,0x00,0x00,0x00,0x00,0x00,0x00,0x00,0x00,0x00,0x00,0x00,0x00,0x00,0x00,0x00,0x00,0x00,0x00,0x00,0x00,0x00,0x00,0x00,0x00,0x00,0x07,0x02,0x2d,0x35,0x94,0x75,0x70,0x68,0x68,0x68,0x68,0x82,0x73,0xbe,0x22,0x00,0x45,0xc1,0x78,0x70,0x68,0x68,0x68,0x68,0x68,0x09,0x7c,0x32,0x00,0x03,0x00,0x00,0x00,0x00,0x00,0x00,0x00,0x00,0x00,0x00,0x00,0x00,0x00,0x00,0x00,0x00,0x00,0x00,0x00,0x00,0x00,0x00,0x00,0x00,0x00,0x00,0x00,0x00,0x00,0x00,0x00,0x00,0x00,0x00,0x00,0x00,0x00,0x00,0x00,0x00,0x00,0x00,0x00,0x00,0x00,0x00,0x00,0x00,0x00,0x00,0x00,0x00,0x00,0x00,0x00,
    0x00,0x00,0x00,0x00,0x00,0x00,0x00,0x00,0x00,0x00,0x00,0x00,0x00,0x00,0x00,0x00,0x00,0x00,0x00,0x00,0x00,0x00,0x00,0x00,0x00,0x00,0x00,0x00,0x00,0x00,0x00,0x00,0x00,0x00,0x00,0x00,0x00,0x00,0x00,0x00,0x00,0x00,0x00,0x00,0x00,0x00,0x00,0x00,0x00,0x00,0x00,0x00,0x00,0x00,0x00,0x00,0x00,0x00,0x00,0x00,0x01,0x00,0x40,0x94,0x09,0x70,0x68,0x68,0x68,0x68,0x75,0x75,0xa6,0x26,0x00,0x3a,0x95,0x09,0x70,0x68,0x68,0x68,0x68,0x75,0x7c,0xa1,0x57,0x00,0x03,0x00,0x00,0x00,0x00,0x00,0x00,0x00,0x00,0x00,0x00,0x00,0x00,0x00,0x00,0x00,0x00,0x00,0x00,0x00,0x00,0x00,0x00,0x00,0x00,0x00,0x00,0x00,0x00,0x00,0x00,0x00,0x00,0x00,0x00,0x00,0x00,0x00,0x00,0x00,0x00,0x00,0x00,0x00,0x00,0x00,0x00,0x00,0x00,0x00,0x00,0x00,0x00,0x00,0x00,0x00,
    0x00,0x00,0x00,0x00,0x00,0x00,0x00,0x00,0x00,0x00,0x00,0x00,0x00,0x00,0x00,0x00,0x00,0x00,0x00,0x00,0x00,0x00,0x00,0x00,0x00,0x00,0x00,0x00,0x00,0x00,0x00,0x00,0x00,0x00,0x00,0x00,0x00,0x00,0x00,0x00,0x00,0x00,0x00,0x00,0x00,0x00,0x00,0x00,0x00,0x00,0x00,0x00,0x00,0x00,0x00,0x00,0x00,0x00,0x00,0x00,0x03,0x02,0x3b,0x1d,0x70,0x68,0x68,0x68,0x68,0x7c,0x7a,0x88,0x42,0x03,0x00,0x44,0x7a,0x68,0x68,0x68,0x68,0x68,0x68,0x82,0x73,0xb6,0x17,0x00,0x01,0x00,0x00,0x00,0x00,0x00,0x00,0x00,0x00,0x00,0x00,0x00,0x00,0x00,0x00,0x00,0x00,0x00,0x00,0x00,0x00,0x00,0x00,0x00,0x00,0x00,0x00,0x00,0x00,0x00,0x00,0x00,0x00,0x00,0x00,0x00,0x00,0x00,0x00,0x00,0x00,0x00,0x00,0x00,0x00,0x00,0x00,0x00,0x00,0x00,0x00,0x00,0x00,0x00,0x00,0x00,
    0x00,0x00,0x00,0x00,0x00,0x00,0x00,0x00,0x00,0x00,0x00,0x00,0x00,0x00,0x00,0x00,0x00,0x00,0x00,0x00,0x00,0x00,0x00,0x00,0x00,0x00,0x00,0x00,0x00,0x00,0x00,0x00,0x00,0x00,0x00,0x00,0x00,0x00,0x00,0x00,0x00,0x00,0x00,0x00,0x00,0x00,0x00,0x00,0x00,0x00,0x00,0x00,0x00,0x00,0x00,0x00,0x00,0x00,0x00,0x00,0x08,0x00,0x30,0xbe,0x09,0x70,0x68,0x68,0x68,0x7a,0x7a,0x88,0x42,0x00,0x03,0x00,0x5a,0x78,0x82,0x68,0x68,0x68,0x68,0x82,0x73,0x8d,0x17,0x00,0x47,0x00,0x00,0x00,0x00,0x00,0x00,0x00,0x00,0x00,0x00,0x00,0x00,0x00,0x00,0x00,0x00,0x00,0x00,0x00,0x00,0x00,0x00,0x00,0x00,0x00,0x00,0x00,0x00,0x00,0x00,0x00,0x00,0x00,0x00,0x00,0x00,0x00,0x00,0x00,0x00,0x00,0x00,0x00,0x00,0x00,0x00,0x00,0x00,0x00,0x00,0x00,0x00,0x00,0x00,0x00,
    0x00,0x00,0x00,0x00,0x00,0x00,0x00,0x00,0x00,0x00,0x00,0x00,0x00,0x00,0x00,0x00,0x00,0x00,0x00,0x00,0x00,0x00,0x00,0x00,0x00,0x00,0x00,0x00,0x00,0x00,0x00,0x00,0x00,0x00,0x00,0x00,0x00,0x00,0x00,0x00,0x00,0x00,0x00,0x00,0x00,0x00,0x00,0x00,0x00,0x00,0x00,0x00,0x00,0x00,0x00,0x00,0x00,0x00,0x00,0x00,0x08,0x00,0x39,0xa9,0x75,0x68,0x68,0x68,0x68,0x95,0x09,0x95,0x3e,0x00,0x03,0x00,0x4f,0x78,0x82,0x68,0x68,0x68,0x70,0x75,0x80,0x41,0x23,0x00,0x07,0x00,0x00,0x00,0x00,0x00,0x00,0x00,0x00,0x00,0x00,0x00,0x00,0x00,0x00,0x00,0x00,0x00,0x00,0x00,0x00,0x00,0x00,0x00,0x00,0x00,0x00,0x00,0x00,0x00,0x00,0x00,0x00,0x00,0x00,0x00,0x00,0x00,0x00,0x00,0x00,0x00,0x00,0x00,0x00,0x00,0x00,0x00,0x00,0x00,0x00,0x00,0x00,0x00,0x00,0x00,
    0x00,0x00,0x00,0x00,0x00,0x00,0x00,0x00,0x00,0x00,0x00,0x00,0x00,0x00,0x00,0x00,0x00,0x00,0x00,0x00,0x00,0x00,0x00,0x00,0x00,0x00,0x00,0x00,0x00,0x00,0x00,0x00,0x00,0x00,0x00,0x00,0x00,0x00,0x00,0x00,0x00,0x00,0x00,0x00,0x00,0x00,0x00,0x00,0x00,0x00,0x00,0x00,0x00,0x00,0x00,0x00,0x00,0x00,0x00,0x00,0x03,0x00,0x3a,0xaf,0x7c,0x7c,0x70,0x68,0x68,0x82,0x09,0x1d,0x30,0x00,0x08,0x00,0x2a,0x09,0x70,0x75,0x68,0x68,0x68,0x7a,0xa1,0x63,0x00,0x00,0x00,0x00,0x00,0x00,0x00,0x00,0x00,0x00,0x00,0x00,0x00,0x00,0x00,0x00,0x00,0x00,0x00,0x00,0x00,0x00,0x00,0x00,0x00,0x00,0x00,0x00,0x00,0x00,0x00,0x00,0x00,0x00,0x00,0x00,0x00,0x00,0x00,0x00,0x00,0x00,0x00,0x00,0x00,0x00,0x00,0x00,0x00,0x00,0x00,0x00,0x00,0x00,0x00,0x00,0x00,0x00,
    0x00,0x00,0x00,0x00,0x00,0x00,0x00,0x00,0x00,0x00,0x00,0x00,0x00,0x00,0x00,0x00,0x00,0x00,0x00,0x00,0x00,0x00,0x00,0x00,0x00,0x00,0x00,0x00,0x00,0x00,0x00,0x00,0x00,0x00,0x00,0x00,0x00,0x00,0x00,0x00,0x00,0x00,0x00,0x00,0x00,0x00,0x00,0x00,0x00,0x00,0x00,0x00,0x00,0x00,0x00,0x00,0x00,0x00,0x00,0x00,0x08,0x00,0x30,0xaf,0x78,0x7c,0x70,0x68,0x68,0x70,0x75,0x7c,0x52,0x00,0x16,0x00,0x3c,0x95,0x7a,0x7a,0x7c,0x68,0x7c,0x7a,0x7c,0x0f,0x2b,0x00,0x04,0x00,0x00,0x00,0x00,0x00,0x00,0x00,0x00,0x00,0x00,0x00,0x00,0x00,0x00,0x00,0x00,0x00,0x00,0x00,0x00,0x00,0x00,0x00,0x00,0x00,0x00,0x00,0x00,0x00,0x00,0x00,0x00,0x00,0x00,0x00,0x00,0x00,0x00,0x00,0x00,0x00,0x00,0x00,0x00,0x00,0x00,0x00,0x00,0x00,0x00,0x00,0x00,0x00,0x00,0x00,
    0x00,0x00,0x00,0x00,0x00,0x00,0x00,0x00,0x00,0x00,0x00,0x00,0x00,0x00,0x00,0x00,0x00,0x00,0x00,0x00,0x00,0x00,0x00,0x00,0x00,0x00,0x00,0x00,0x00,0x00,0x00,0x00,0x00,0x00,0x00,0x00,0x00,0x00,0x00,0x00,0x00,0x00,0x00,0x00,0x00,0x00,0x00,0x00,0x00,0x00,0x00,0x00,0x00,0x00,0x00,0x00,0x00,0x00,0x00,0x00,0x03,0x00,0x4b,0xa8,0x09,0x70,0x68,0x68,0x68,0x82,0x73,0xc5,0x5c,0x00,0x16,0x00,0x57,0x8b,0x7c,0x7a,0x75,0x68,0x75,0x7c,0xa5,0xba,0x1c,0x00,0x05,0x00,0x00,0x00,0x00,0x00,0x00,0x00,0x00,0x00,0x00,0x00,0x00,0x00,0x00,0x00,0x00,0x00,0x00,0x00,0x00,0x00,0x00,0x00,0x00,0x00,0x00,0x00,0x00,0x00,0x00,0x00,0x00,0x00,0x00,0x00,0x00,0x00,0x00,0x00,0x00,0x00,0x00,0x00,0x00,0x00,0x00,0x00,0x00,0x00,0x00,0x00,0x00,0x00,0x00,0x00,
    0x00,0x00,0x00,0x00,0x00,0x00,0x00,0x00,0x00,0x00,0x00,0x00,0x00,0x00,0x00,0x00,0x00,0x00,0x00,0x00,0x00,0x00,0x00,0x00,0x00,0x00,0x00,0x00,0x00,0x00,0x00,0x00,0x00,0x00,0x00,0x00,0x00,0x00,0x00,0x00,0x00,0x00,0x00,0x00,0x00,0x00,0x00,0x00,0x00,0x00,0x00,0x00,0x00,0x00,0x00,0x00,0x00,0x00,0x00,0x00,0x47,0x00,0x40,0x94,0x75,0x68,0x68,0x68,0x68,0x82,0x73,0xc6,0x13,0x00,0x03,0x00,0x57,0x7a,0x7a,0x75,0x68,0x68,0x68,0x82,0x73,0x11,0x17,0x00,0x01,0x00,0x00,0x00,0x00,0x00,0x00,0x00,0x00,0x00,0x00,0x00,0x00,0x00,0x00,0x00,0x00,0x00,0x00,0x00,0x00,0x00,0x00,0x00,0x00,0x00,0x00,0x00,0x00,0x00,0x00,0x00,0x00,0x00,0x00,0x00,0x00,0x00,0x00,0x00,0x00,0x00,0x00,0x00,0x00,0x00,0x00,0x00,0x00,0x00,0x00,0x00,0x00,0x00,0x00,0x00,
    0x00,0x00,0x00,0x00,0x00,0x00,0x00,0x00,0x00,0x00,0x00,0x00,0x00,0x00,0x00,0x00,0x00,0x00,0x00,0x00,0x00,0x00,0x00,0x00,0x00,0x00,0x00,0x00,0x00,0x00,0x00,0x00,0x00,0x00,0x00,0x00,0x00,0x00,0x00,0x00,0x00,0x00,0x00,0x00,0x00,0x00,0x00,0x00,0x00,0x00,0x00,0x00,0x00,0x00,0x00,0x00,0x00,0x00,0x00,0x00,0x01,0x00,0x40,0x1d,0x09,0x70,0x68,0x68,0x68,0x82,0x78,0x2a,0x16,0x07,0x03,0x00,0x50,0x21,0x73,0x70,0x68,0x68,0x68,0x75,0x09,0xa8,0x39,0x00,0x03,0x00,0x00,0x00,0x00,0x00,0x00,0x00,0x00,0x00,0x00,0x00,0x00,0x00,0x00,0x00,0x00,0x00,0x00,0x00,0x00,0x00,0x00,0x00,0x00,0x00,0x00,0x00,0x00,0x00,0x00,0x00,0x00,0x00,0x00,0x00,0x00,0x00,0x00,0x00,0x00,0x00,0x00,0x00,0x00,0x00,0x00,0x00,0x00,0x00,0x00,0x00,0x00,0x00,0x00,0x00,
    0x00,0x00,0x00,0x00,0x00,0x00,0x00,0x00,0x00,0x00,0x00,0x00,0x00,0x00,0x00,0x00,0x00,0x00,0x00,0x00,0x00,0x00,0x00,0x00,0x00,0x00,0x00,0x00,0x00,0x00,0x00,0x00,0x00,0x00,0x00,0x00,0x00,0x00,0x00,0x00,0x00,0x00,0x00,0x00,0x00,0x00,0x00,0x00,0x00,0x00,0x00,0x00,0x00,0x00,0x00,0x00,0x00,0x00,0x00,0x00,0x03,0x00,0x3b,0x94,0x7d,0x68,0x68,0x68,0x68,0x68,0x7a,0x4b,0x00,0x03,0x04,0x00,0x22,0xb6,0x75,0x68,0x68,0x68,0x68,0x7c,0x7c,0xc1,0x3c,0x00,0x03,0x00,0x00,0x00,0x00,0x00,0x00,0x00,0x00,0x00,0x00,0x00,0x00,0x00,0x00,0x00,0x00,0x00,0x00,0x00,0x00,0x00,0x00,0x00,0x00,0x00,0x00,0x00,0x00,0x00,0x00,0x00,0x00,0x00,0x00,0x00,0x00,0x00,0x00,0x00,0x00,0x00,0x00,0x00,0x00,0x00,0x00,0x00,0x00,0x00,0x00,0x00,0x00,0x00,0x00,0x00,
    0x00,0x00,0x00,0x00,0x00,0x00,0x00,0x00,0x00,0x00,0x00,0x00,0x00,0x00,0x00,0x00,0x00,0x00,0x00,0x00,0x00,0x00,0x00,0x00,0x00,0x00,0x00,0x00,0x00,0x00,0x00,0x00,0x00,0x00,0x00,0x00,0x00,0x00,0x00,0x00,0x00,0x00,0x00,0x00,0x00,0x00,0x00,0x00,0x00,0x00,0x00,0x00,0x00,0x00,0x00,0x00,0x00,0x00,0x00,0x04,0x02,0x50,0x0f,0x94,0x68,0x82,0x68,0x68,0x70,0x75,0xa1,0x4a,0x02,0x08,0x01,0x00,0x0b,0xd5,0x70,0x70,0x68,0x68,0x68,0x68,0x82,0x09,0x55,0x02,0x03,0x00,0x00,0x00,0x00,0x00,0x00,0x00,0x00,0x00,0x00,0x00,0x00,0x00,0x00,0x00,0x00,0x00,0x00,0x00,0x00,0x00,0x00,0x00,0x00,0x00,0x00,0x00,0x00,0x00,0x00,0x00,0x00,0x00,0x00,0x00,0x00,0x00,0x00,0x00,0x00,0x00,0x00,0x00,0x00,0x00,0x00,0x00,0x00,0x00,0x00,0x00,0x00,0x00,0x00,0x00,
    0x00,0x00,0x00,0x00,0x00,0x00,0x00,0x00,0x00,0x00,0x00,0x00,0x00,0x00,0x00,0x00,0x00,0x00,0x00,0x00,0x00,0x00,0x00,0x00,0x00,0x00,0x00,0x00,0x00,0x00,0x00,0x00,0x00,0x00,0x00,0x00,0x00,0x00,0x00,0x00,0x00,0x00,0x00,0x00,0x00,0x00,0x00,0x00,0x00,0x00,0x00,0x00,0x00,0x00,0x00,0x00,0x00,0x00,0x00,0x04,0x00,0x23,0x0f,0xa6,0x80,0x80,0x83,0x70,0x7c,0xdd,0xaa,0x55,0x00,0x03,0x01,0x07,0x12,0xba,0x73,0x82,0x70,0x70,0x82,0x82,0x83,0x83,0x55,0x00,0x03,0x00,0x00,0x00,0x00,0x00,0x00,0x00,0x00,0x00,0x00,0x00,0x00,0x00,0x00,0x00,0x00,0x00,0x00,0x00,0x00,0x00,0x00,0x00,0x00,0x00,0x00,0x00,0x00,0x00,0x00,0x00,0x00,0x00,0x00,0x00,0x00,0x00,0x00,0x00,0x00,0x00,0x00,0x00,0x00,0x00,0x00,0x00,0x00,0x00,0x00,0x00,0x00,0x00,0x00,0x00,
    0x00,0x00,0x00,0x00,0x00,0x00,0x00,0x00,0x00,0x00,0x00,0x00,0x00,0x00,0x00,0x00,0x00,0x00,0x00,0x00,0x00,0x00,0x00,0x00,0x00,0x00,0x00,0x00,0x00,0x00,0x00,0x00,0x00,0x00,0x00,0x00,0x00,0x00,0x00,0x00,0x00,0x00,0x00,0x00,0x00,0x00,0x00,0x00,0x00,0x00,0x00,0x00,0x00,0x00,0x00,0x00,0x00,0x00,0x00,0x05,0x04,0x10,0x43,0x75,0x83,0x83,0x82,0x7d,0x73,0xb0,0xa1,0x61,0x12,0x04,0x01,0x00,0x64,0xa9,0xb0,0x88,0x09,0x09,0x75,0x83,0x75,0x94,0x61,0x12,0x04,0x02,0x00,0x00,0x00,0x00,0x00,0x00,0x00,0x00,0x00,0x00,0x00,0x00,0x00,0x00,0x00,0x00,0x00,0x00,0x00,0x00,0x00,0x00,0x00,0x00,0x00,0x00,0x00,0x00,0x00,0x00,0x00,0x00,0x00,0x00,0x00,0x00,0x00,0x00,0x00,0x00,0x00,0x00,0x00,0x00,0x00,0x00,0x00,0x00,0x00,0x00,0x00,0x00,0x00,0x00,
    0x00,0x00,0x00,0x00,0x00,0x00,0x00,0x00,0x00,0x00,0x00,0x00,0x00,0x00,0x00,0x00,0x00,0x00,0x00,0x00,0x00,0x00,0x00,0x00,0x00,0x00,0x00,0x00,0x00,0x00,0x00,0x00,0x00,0x00,0x00,0x00,0x00,0x00,0x00,0x00,0x00,0x00,0x00,0x00,0x00,0x00,0x00,0x00,0x00,0x00,0x00,0x00,0x00,0x00,0x00,0x00,0x00,0x00,0x05,0x00,0x0b,0x72,0x99,0xc5,0x1d,0x8d,0x8d,0xa6,0x94,0x94,0xb6,0x6e,0x31,0x00,0x01,0x12,0x25,0xd5,0xd0,0xd0,0xa1,0x94,0x8d,0xa6,0xa6,0x9b,0x6b,0x2f,0x00,0x05,0x00,0x00,0x00,0x00,0x00,0x00,0x00,0x00,0x00,0x00,0x00,0x00,0x00,0x00,0x00,0x00,0x00,0x00,0x00,0x00,0x00,0x00,0x00,0x00,0x00,0x00,0x00,0x00,0x00,0x00,0x00,0x00,0x00,0x00,0x00,0x00,0x00,0x00,0x00,0x00,0x00,0x00,0x00,0x00,0x00,0x00,0x00,0x00,0x00,0x00,0x00,0x00,0x00,0x00,
    0x00,0x00,0x00,0x00,0x00,0x00,0x00,0x00,0x00,0x00,0x00,0x00,0x00,0x00,0x00,0x00,0x00,0x00,0x00,0x00,0x00,0x00,0x00,0x00,0x00,0x00,0x00,0x00,0x00,0x00,0x00,0x00,0x00,0x00,0x00,0x00,0x00,0x00,0x00,0x00,0x00,0x00,0x00,0x00,0x00,0x00,0x00,0x00,0x00,0x00,0x00,0x00,0x00,0x00,0x00,0x00,0x00,0x00,0x05,0x02,0x20,0x6e,0x0d,0x6d,0x99,0x81,0x81,0x99,0x99,0x81,0x0d,0x6e,0x48,0x05,0x00,0x1c,0x6e,0x06,0x67,0x81,0x0a,0x99,0x81,0x99,0x81,0x72,0x6e,0x25,0x12,0x02,0x01,0x00,0x00,0x00,0x00,0x00,0x00,0x00,0x00,0x00,0x00,0x00,0x00,0x00,0x00,0x00,0x00,0x00,0x00,0x00,0x00,0x00,0x00,0x00,0x00,0x00,0x00,0x00,0x00,0x00,0x00,0x00,0x00,0x00,0x00,0x00,0x00,0x00,0x00,0x00,0x00,0x00,0x00,0x00,0x00,0x00,0x00,0x00,0x00,0x00,0x00,0x00,0x00,0x00,
    0x00,0x00,0x00,0x00,0x00,0x00,0x00,0x00,0x00,0x00,0x00,0x00,0x00,0x00,0x00,0x00,0x00,0x00,0x00,0x00,0x00,0x00,0x00,0x00,0x00,0x00,0x00,0x00,0x00,0x00,0x00,0x00,0x00,0x00,0x00,0x00,0x00,0x00,0x00,0x00,0x00,0x00,0x00,0x00,0x00,0x00,0x00,0x00,0x00,0x00,0x00,0x00,0x00,0x00,0x00,0x00,0x00,0x02,0x00,0x0c,0x25,0x6a,0x6f,0x6f,0x6d,0x69,0x69,0x67,0x6f,0x6e,0x6b,0x6e,0x0d,0x0b,0x00,0x0e,0x6e,0x0d,0x6e,0x67,0x6d,0x67,0x69,0x69,0x6a,0x6a,0x0d,0x6a,0x2f,0x00,0x01,0x00,0x00,0x00,0x00,0x00,0x00,0x00,0x00,0x00,0x00,0x00,0x00,0x00,0x00,0x00,0x00,0x00,0x00,0x00,0x00,0x00,0x00,0x00,0x00,0x00,0x00,0x00,0x00,0x00,0x00,0x00,0x00,0x00,0x00,0x00,0x00,0x00,0x00,0x00,0x00,0x00,0x00,0x00,0x00,0x00,0x00,0x00,0x00,0x00,0x00,0x00,0x00,0x00,
    0x00,0x00,0x00,0x00,0x00,0x00,0x00,0x00,0x00,0x00,0x00,0x00,0x00,0x00,0x00,0x00,0x00,0x00,0x00,0x00,0x00,0x00,0x00,0x00,0x00,0x00,0x00,0x00,0x00,0x00,0x00,0x00,0x00,0x00,0x00,0x00,0x00,0x00,0x00,0x00,0x00,0x00,0x00,0x00,0x00,0x00,0x00,0x00,0x00,0x00,0x00,0x00,0x00,0x00,0x00,0x00,0x00,0x02,0x00,0x0c,0x25,0x69,0x69,0x6f,0x6d,0x69,0x67,0x67,0x69,0x6a,0x6e,0x81,0x6a,0x0b,0x00,0x0e,0x6d,0x81,0x6a,0x6d,0x69,0x67,0x67,0x69,0x6a,0x6d,0x81,0x6d,0x24,0x00,0x00,0x00,0x00,0x00,0x00,0x00,0x00,0x00,0x00,0x00,0x00,0x00,0x00,0x00,0x00,0x00,0x00,0x00,0x00,0x00,0x00,0x00,0x00,0x00,0x00,0x00,0x00,0x00,0x00,0x00,0x00,0x00,0x00,0x00,0x00,0x00,0x00,0x00,0x00,0x00,0x00,0x00,0x00,0x00,0x00,0x00,0x00,0x00,0x00,0x00,0x00,0x00,0x00,0x00,
    0x00,0x00,0x00,0x00,0x00,0x00,0x00,0x00,0x00,0x00,0x00,0x00,0x00,0x00,0x00,0x00,0x00,0x00,0x00,0x00,0x00,0x00,0x00,0x00,0x00,0x00,0x00,0x00,0x00,0x00,0x00,0x00,0x00,0x00,0x00,0x00,0x00,0x00,0x00,0x00,0x00,0x00,0x00,0x00,0x00,0x00,0x00,0x00,0x00,0x00,0x00,0x00,0x00,0x00,0x00,0x00,0x00,0x02,0x01,0x13,0x1f,0x69,0x06,0x6a,0x6d,0x81,0x69,0x69,0x81,0x6f,0x6e,0x6e,0x6e,0x0b,0x00,0x0e,0x6e,0x0d,0x6f,0x67,0x69,0x67,0x69,0x81,0x6f,0x6a,0x06,0x6e,0x31,0x00,0x05,0x00,0x00,0x00,0x00,0x00,0x00,0x00,0x00,0x00,0x00,0x00,0x00,0x00,0x00,0x00,0x00,0x00,0x00,0x00,0x00,0x00,0x00,0x00,0x00,0x00,0x00,0x00,0x00,0x00,0x00,0x00,0x00,0x00,0x00,0x00,0x00,0x00,0x00,0x00,0x00,0x00,0x00,0x00,0x00,0x00,0x00,0x00,0x00,0x00,0x00,0x00,0x00,0x00,
    0x00,0x00,0x00,0x00,0x00,0x00,0x00,0x00,0x00,0x00,0x00,0x00,0x00,0x00,0x00,0x00,0x00,0x00,0x00,0x00,0x00,0x00,0x00,0x00,0x00,0x00,0x00,0x00,0x00,0x00,0x00,0x00,0x00,0x00,0x00,0x00,0x00,0x00,0x00,0x00,0x00,0x00,0x00,0x00,0x00,0x00,0x00,0x00,0x00,0x00,0x00,0x00,0x00,0x00,0x00,0x00,0x00,0x00,0x05,0x00,0x0e,0x6a,0x81,0x6a,0x72,0x6e,0x6f,0x6d,0x6e,0x72,0x7f,0x9f,0x6b,0x0b,0x00,0x0e,0x7f,0xc7,0x72,0x6b,0x6f,0x69,0x6a,0x6b,0x6b,0x9d,0x0d,0x6b,0x10,0x00,0x05,0x00,0x00,0x00,0x00,0x00,0x00,0x00,0x00,0x00,0x00,0x00,0x00,0x00,0x00,0x00,0x00,0x00,0x00,0x00,0x00,0x00,0x00,0x00,0x00,0x00,0x00,0x00,0x00,0x00,0x00,0x00,0x00,0x00,0x00,0x00,0x00,0x00,0x00,0x00,0x00,0x00,0x00,0x00,0x00,0x00,0x00,0x00,0x00,0x00,0x00,0x00,0x00,0x00,
    0x00,0x00,0x00,0x00,0x00,0x00,0x00,0x00,0x00,0x00,0x00,0x00,0x00,0x00,0x00,0x00,0x00,0x00,0x00,0x00,0x00,0x00,0x00,0x00,0x00,0x00,0x00,0x00,0x00,0x00,0x00,0x00,0x00,0x00,0x00,0x00,0x00,0x00,0x00,0x00,0x00,0x00,0x00,0x00,0x00,0x00,0x00,0x00,0x00,0x00,0x00,0x00,0x00,0x00,0x00,0x00,0x00,0x00,0x05,0x00,0x0e,0x6b,0xb7,0xca,0x9e,0x91,0x7f,0x9d,0x91,0x9e,0xbb,0x91,0x6e,0x0b,0x00,0x0e,0xa0,0xe5,0x91,0x91,0xa0,0x6a,0x9f,0x9e,0x9e,0xc0,0xa0,0x6f,0x10,0x00,0x05,0x00,0x00,0x00,0x00,0x00,0x00,0x00,0x00,0x00,0x00,0x00,0x00,0x00,0x00,0x00,0x00,0x00,0x00,0x00,0x00,0x00,0x00,0x00,0x00,0x00,0x00,0x00,0x00,0x00,0x00,0x00,0x00,0x00,0x00,0x00,0x00,0x00,0x00,0x00,0x00,0x00,0x00,0x00,0x00,0x00,0x00,0x00,0x00,0x00,0x00,0x00,0x00,0x00,
    0x00,0x00,0x00,0x00,0x00,0x00,0x00,0x00,0x00,0x00,0x00,0x00,0x00,0x00,0x00,0x00,0x00,0x00,0x00,0x00,0x00,0x00,0x00,0x00,0x00,0x00,0x00,0x00,0x00,0x00,0x00,0x00,0x00,0x00,0x00,0x00,0x00,0x00,0x00,0x00,0x00,0x00,0x00,0x00,0x00,0x00,0x00,0x00,0x00,0x00,0x00,0x00,0x00,0x00,0x00,0x00,0x00,0x00,0x05,0x00,0x0e,0x6f,0x06,0x9f,0xa0,0xce,0xd9,0xd9,0xbb,0xa0,0x9e,0x7f,0x6b,0x0b,0x00,0x0e,0x72,0x91,0xb7,0x91,0xd9,0xe1,0xe1,0xb7,0xa0,0xb7,0x0d,0x69,0x10,0x00,0x05,0x00,0x00,0x00,0x00,0x00,0x00,0x00,0x00,0x00,0x00,0x00,0x00,0x00,0x00,0x00,0x00,0x00,0x00,0x00,0x00,0x00,0x00,0x00,0x00,0x00,0x00,0x00,0x00,0x00,0x00,0x00,0x00,0x00,0x00,0x00,0x00,0x00,0x00,0x00,0x00,0x00,0x00,0x00,0x00,0x00,0x00,0x00,0x00,0x00,0x00,0x00,0x00,0x00,
    0x00,0x00,0x00,0x00,0x00,0x00,0x00,0x00,0x00,0x00,0x00,0x00,0x00,0x00,0x00,0x00,0x00,0x00,0x00,0x00,0x00,0x00,0x00,0x00,0x00,0x00,0x00,0x00,0x00,0x00,0x00,0x00,0x00,0x00,0x00,0x00,0x00,0x00,0x00,0x00,0x00,0x00,0x00,0x00,0x00,0x00,0x00,0x00,0x00,0x00,0x00,0x00,0x00,0x00,0x00,0x00,0x00,0x00,0x05,0x00,0x0e,0x6d,0x06,0x9f,0xc4,0xce,0x91,0x91,0xbb,0x91,0xa0,0x67,0x6b,0x0b,0x00,0x0e,0x6e,0x7f,0xb7,0xbb,0xca,0x9f,0xbb,0x9e,0x7f,0x9d,0x0d,0x6e,0x10,0x00,0x05,0x00,0x00,0x00,0x00,0x00,0x00,0x00,0x00,0x00,0x00,0x00,0x00,0x00,0x00,0x00,0x00,0x00,0x00,0x00,0x00,0x00,0x00,0x00,0x00,0x00,0x00,0x00,0x00,0x00,0x00,0x00,0x00,0x00,0x00,0x00,0x00,0x00,0x00,0x00,0x00,0x00,0x00,0x00,0x00,0x00,0x00,0x00,0x00,0x00,0x00,0x00,0x00,0x00,
    0x00,0x00,0x00,0x00,0x00,0x00,0x00,0x00,0x00,0x00,0x00,0x00,0x00,0x00,0x00,0x00,0x00,0x00,0x00,0x00,0x00,0x00,0x00,0x00,0x00,0x00,0x00,0x00,0x00,0x00,0x00,0x00,0x00,0x00,0x00,0x00,0x00,0x00,0x00,0x00,0x00,0x00,0x00,0x00,0x00,0x00,0x00,0x00,0x00,0x00,0x00,0x00,0x00,0x00,0x00,0x00,0x00,0x00,0x05,0x00,0x0e,0x6d,0x06,0xe0,0xe1,0xa0,0x72,0x72,0xa0,0xce,0xc0,0x6b,0x6e,0x0b,0x00,0x0e,0x72,0xd7,0xd9,0x91,0x72,0x72,0x72,0x9e,0xd9,0x91,0x0d,0x6a,0x10,0x00,0x05,0x00,0x00,0x00,0x00,0x00,0x00,0x00,0x00,0x00,0x00,0x00,0x00,0x00,0x00,0x00,0x00,0x00,0x00,0x00,0x00,0x00,0x00,0x00,0x00,0x00,0x00,0x00,0x00,0x00,0x00,0x00,0x00,0x00,0x00,0x00,0x00,0x00,0x00,0x00,0x00,0x00,0x00,0x00,0x00,0x00,0x00,0x00,0x00,0x00,0x00,0x00,0x00,0x00,
    0x00,0x00,0x00,0x00,0x00,0x00,0x00,0x00,0x00,0x00,0x00,0x00,0x00,0x00,0x00,0x00,0x00,0x00,0x00,0x00,0x00,0x00,0x00,0x00,0x00,0x00,0x00,0x00,0x00,0x00,0x00,0x00,0x00,0x00,0x00,0x00,0x00,0x00,0x00,0x00,0x00,0x00,0x00,0x00,0x00,0x00,0x00,0x00,0x00,0x00,0x00,0x00,0x00,0x00,0x00,0x00,0x00,0x00,0x05,0x02,0x0e,0x6d,0x7f,0x7f,0xa0,0xe1,0xb7,0x91,0xce,0x9f,0x9d,0x6a,0x6b,0x0b,0x00,0x0e,0x72,0x9f,0x7f,0x9e,0xbb,0xa0,0xbb,0xe0,0x9f,0x9f,0x06,0x67,0x10,0x00,0x05,0x00,0x00,0x00,0x00,0x00,0x00,0x00,0x00,0x00,0x00,0x00,0x00,0x00,0x00,0x00,0x00,0x00,0x00,0x00,0x00,0x00,0x00,0x00,0x00,0x00,0x00,0x00,0x00,0x00,0x00,0x00,0x00,0x00,0x00,0x00,0x00,0x00,0x00,0x00,0x00,0x00,0x00,0x00,0x00,0x00,0x00,0x00,0x00,0x00,0x00,0x00,0x00,0x00,
    0x00,0x00,0x00,0x00,0x00,0x00,0x00,0x00,0x00,0x00,0x00,0x00,0x00,0x00,0x00,0x00,0x00,0x00,0x00,0x00,0x00,0x00,0x00,0x00,0x00,0x00,0x00,0x00,0x00,0x00,0x00,0x00,0x00,0x00,0x00,0x00,0x00,0x00,0x00,0x00,0x00,0x00,0x00,0x00,0x00,0x00,0x00,0x00,0x00,0x00,0x00,0x00,0x00,0x00,0x00,0x00,0x00,0x02,0x00,0x0c,0x24,0x69,0x6d,0x72,0x72,0xbb,0xe8,0xd9,0x91,0x72,0x6e,0x6d,0x6e,0x0b,0x00,0x0e,0x6a,0x0d,0x6b,0x9d,0xe1,0xe8,0xd9,0x9d,0x72,0x6e,0x06,0x6d,0x10,0x00,0x05,0x00,0x00,0x00,0x00,0x00,0x00,0x00,0x00,0x00,0x00,0x00,0x00,0x00,0x00,0x00,0x00,0x00,0x00,0x00,0x00,0x00,0x00,0x00,0x00,0x00,0x00,0x00,0x00,0x00,0x00,0x00,0x00,0x00,0x00,0x00,0x00,0x00,0x00,0x00,0x00,0x00,0x00,0x00,0x00,0x00,0x00,0x00,0x00,0x00,0x00,0x00,0x00,0x00,
    0x00,0x00,0x00,0x00,0x00,0x00,0x00,0x00,0x00,0x00,0x00,0x00,0x00,0x00,0x00,0x00,0x00,0x00,0x00,0x00,0x00,0x00,0x00,0x00,0x00,0x00,0x00,0x00,0x00,0x00,0x00,0x00,0x00,0x00,0x00,0x00,0x00,0x00,0x00,0x00,0x00,0x00,0x00,0x00,0x00,0x00,0x00,0x00,0x00,0x00,0x00,0x00,0x00,0x00,0x00,0x00,0x00,0x02,0x00,0x13,0x25,0x6e,0x6b,0x9d,0xbb,0xca,0x9d,0x7f,0xc0,0xbb,0x7f,0x67,0x6f,0x17,0x00,0x0e,0x67,0x06,0xd7,0xce,0x9e,0x7f,0x91,0xe0,0x9e,0x9d,0x06,0x6d,0x31,0x00,0x05,0x00,0x00,0x00,0x00,0x00,0x00,0x00,0x00,0x00,0x00,0x00,0x00,0x00,0x00,0x00,0x00,0x00,0x00,0x00,0x00,0x00,0x00,0x00,0x00,0x00,0x00,0x00,0x00,0x00,0x00,0x00,0x00,0x00,0x00,0x00,0x00,0x00,0x00,0x00,0x00,0x00,0x00,0x00,0x00,0x00,0x00,0x00,0x00,0x00,0x00,0x00,0x00,0x00,
    0x00,0x00,0x00,0x00,0x00,0x00,0x00,0x00,0x00,0x00,0x00,0x00,0x00,0x00,0x00,0x00,0x00,0x00,0x00,0x00,0x00,0x00,0x00,0x00,0x00,0x00,0x00,0x00,0x00,0x00,0x00,0x00,0x00,0x00,0x00,0x00,0x00,0x00,0x00,0x00,0x00,0x00,0x00,0x00,0x00,0x00,0x00,0x00,0x00,0x00,0x00,0x00,0x00,0x00,0x00,0x00,0x00,0x05,0x00,0x1c,0x0d,0x0d,0x72,0xbb,0xd9,0xa0,0x72,0x72,0x9f,0xd9,0x91,0x0d,0x6f,0x10,0x00,0x28,0x6d,0x06,0xe1,0xc0,0x9d,0x72,0x9d,0xce,0xe8,0x9f,0x6d,0x67,0x1f,0x00,0x00,0x00,0x00,0x00,0x00,0x00,0x00,0x00,0x00,0x00,0x00,0x00,0x00,0x00,0x00,0x00,0x00,0x00,0x00,0x00,0x00,0x00,0x00,0x00,0x00,0x00,0x00,0x00,0x00,0x00,0x00,0x00,0x00,0x00,0x00,0x00,0x00,0x00,0x00,0x00,0x00,0x00,0x00,0x00,0x00,0x00,0x00,0x00,0x00,0x00,0x00,0x00,0x00,0x00,
    0x00,0x00,0x00,0x00,0x00,0x00,0x00,0x00,0x00,0x00,0x00,0x00,0x00,0x00,0x00,0x00,0x00,0x00,0x00,0x00,0x00,0x00,0x00,0x00,0x00,0x00,0x00,0x00,0x00,0x00,0x00,0x00,0x00,0x00,0x00,0x00,0x00,0x00,0x00,0x00,0x00,0x00,0x00,0x00,0x00,0x00,0x00,0x00,0x00,0x00,0x00,0x00,0x00,0x00,0x00,0x00,0x00,0x05,0x00,0x20,0x6a,0x06,0x69,0x6d,0x9f,0xce,0xc0,0xce,0xc0,0xa0,0x6a,0x06,0x6d,0x10,0x00,0x6e,0x6f,0x6f,0x72,0x9f,0xe1,0xc0,0xe1,0x91,0x6b,0x6e,0x67,0x6a,0x1f,0x00,0x00,0x00,0x00,0x00,0x00,0x00,0x00,0x00,0x00,0x00,0x00,0x00,0x00,0x00,0x00,0x00,0x00,0x00,0x00,0x00,0x00,0x00,0x00,0x00,0x00,0x00,0x00,0x00,0x00,0x00,0x00,0x00,0x00,0x00,0x00,0x00,0x00,0x00,0x00,0x00,0x00,0x00,0x00,0x00,0x00,0x00,0x00,0x00,0x00,0x00,0x00,0x00,0x00,0x00,
    0x00,0x00,0x00,0x00,0x00,0x00,0x00,0x00,0x00,0x00,0x00,0x00,0x00,0x00,0x00,0x00,0x00,0x00,0x00,0x00,0x00,0x00,0x00,0x00,0x00,0x00,0x00,0x00,0x00,0x00,0x00,0x00,0x00,0x00,0x00,0x00,0x00,0x00,0x00,0x00,0x00,0x00,0x00,0x00,0x00,0x00,0x00,0x00,0x00,0x00,0x00,0x00,0x00,0x00,0x00,0x00,0x00,0x05,0x00,0x27,0x6e,0x0d,0x6a,0x6b,0xa0,0xc0,0xe5,0xbb,0xca,0x9d,0x6b,0x0d,0x69,0x10,0x02,0x24,0x6e,0x6b,0x6d,0x91,0xca,0xd7,0xca,0xd7,0x6f,0x72,0x6e,0x6b,0x1f,0x02,0x00,0x00,0x00,0x00,0x00,0x00,0x00,0x00,0x00,0x00,0x00,0x00,0x00,0x00,0x00,0x00,0x00,0x00,0x00,0x00,0x00,0x00,0x00,0x00,0x00,0x00,0x00,0x00,0x00,0x00,0x00,0x00,0x00,0x00,0x00,0x00,0x00,0x00,0x00,0x00,0x00,0x00,0x00,0x00,0x00,0x00,0x00,0x00,0x00,0x00,0x00,0x00,0x00,0x00,
    0x00,0x00,0x00,0x00,0x00,0x00,0x00,0x00,0x00,0x00,0x00,0x00,0x00,0x00,0x00,0x00,0x00,0x00,0x00,0x00,0x00,0x00,0x00,0x00,0x00,0x00,0x00,0x00,0x00,0x00,0x00,0x00,0x00,0x00,0x00,0x00,0x00,0x00,0x00,0x00,0x00,0x00,0x00,0x00,0x00,0x00,0x00,0x00,0x00,0x00,0x00,0x00,0x00,0x00,0x00,0x00,0x00,0x05,0x00,0x17,0x0d,0x06,0x6e,0xc0,0xe0,0xce,0x9e,0x91,0xc0,0xc0,0x91,0x0d,0x67,0x10,0x00,0x28,0x6e,0xb7,0xe0,0xc0,0xca,0xd7,0x9e,0xc0,0xce,0x9f,0x6e,0x6f,0x1f,0x00,0x00,0x00,0x00,0x00,0x00,0x00,0x00,0x00,0x00,0x00,0x00,0x00,0x00,0x00,0x00,0x00,0x00,0x00,0x00,0x00,0x00,0x00,0x00,0x00,0x00,0x00,0x00,0x00,0x00,0x00,0x00,0x00,0x00,0x00,0x00,0x00,0x00,0x00,0x00,0x00,0x00,0x00,0x00,0x00,0x00,0x00,0x00,0x00,0x00,0x00,0x00,0x00,0x00,0x00,
    0x00,0x00,0x00,0x00,0x00,0x00,0x00,0x00,0x00,0x00,0x00,0x00,0x00,0x00,0x00,0x00,0x00,0x00,0x00,0x00,0x00,0x00,0x00,0x00,0x00,0x00,0x00,0x00,0x00,0x00,0x00,0x00,0x00,0x00,0x00,0x00,0x00,0x00,0x00,0x00,0x00,0x00,0x00,0x00,0x00,0x00,0x00,0x00,0x00,0x00,0x00,0x00,0x00,0x00,0x00,0x00,0x00,0x05,0x00,0x10,0x6a,0x06,0x6d,0xd7,0x6b,0x9d,0x9f,0x9f,0x6f,0x6b,0xa0,0x0d,0x6b,0x31,0x12,0x6e,0x6b,0x7f,0x9d,0x6a,0x9f,0xb7,0x9f,0x6e,0xa0,0x9f,0x6a,0x81,0x24,0x0c,0x00,0x02,0x00,0x00,0x00,0x00,0x00,0x00,0x00,0x00,0x00,0x00,0x00,0x00,0x00,0x00,0x00,0x00,0x00,0x00,0x00,0x00,0x00,0x00,0x00,0x00,0x00,0x00,0x00,0x00,0x00,0x00,0x00,0x00,0x00,0x00,0x00,0x00,0x00,0x00,0x00,0x00,0x00,0x00,0x00,0x00,0x00,0x00,0x00,0x00,0x00,0x00,0x00,0x00,
    0x00,0x00,0x00,0x00,0x00,0x00,0x00,0x00,0x00,0x00,0x00,0x00,0x00,0x00,0x00,0x00,0x00,0x00,0x00,0x00,0x00,0x00,0x00,0x00,0x00,0x00,0x00,0x00,0x00,0x00,0x00,0x00,0x00,0x00,0x00,0x00,0x00,0x00,0x00,0x00,0x00,0x00,0x00,0x00,0x00,0x00,0x00,0x00,0x00,0x00,0x00,0x00,0x00,0x00,0x00,0x00,0x00,0x05,0x00,0x28,0x6f,0x06,0x6d,0x72,0x6e,0x6b,0x72,0x72,0x6b,0x6e,0x6b,0x0d,0x6f,0x48,0x27,0x6e,0x0d,0x6a,0x6e,0x6b,0x6b,0x6b,0x72,0x6b,0x6b,0x6e,0x69,0x06,0x6e,0x1c,0x00,0x05,0x00,0x00,0x00,0x00,0x00,0x00,0x00,0x00,0x00,0x00,0x00,0x00,0x00,0x00,0x00,0x00,0x00,0x00,0x00,0x00,0x00,0x00,0x00,0x00,0x00,0x00,0x00,0x00,0x00,0x00,0x00,0x00,0x00,0x00,0x00,0x00,0x00,0x00,0x00,0x00,0x00,0x00,0x00,0x00,0x00,0x00,0x00,0x00,0x00,0x00,0x00,0x00,
    0x00,0x00,0x00,0x00,0x00,0x00,0x00,0x00,0x00,0x00,0x00,0x00,0x00,0x00,0x00,0x00,0x00,0x00,0x00,0x00,0x00,0x00,0x00,0x00,0x00,0x00,0x00,0x00,0x00,0x00,0x00,0x00,0x00,0x00,0x00,0x00,0x00,0x00,0x00,0x00,0x00,0x00,0x00,0x00,0x00,0x00,0x00,0x00,0x00,0x00,0x00,0x00,0x00,0x00,0x00,0x00,0x02,0x02,0x12,0x25,0x6f,0x69,0x67,0x69,0x67,0x67,0x67,0x69,0x67,0x67,0x69,0x69,0x69,0x25,0x1f,0x6a,0x69,0x69,0x69,0x67,0x69,0x67,0x6d,0x6d,0x69,0x69,0x67,0x06,0x6a,0x1c,0x00,0x05,0x00,0x00,0x00,0x00,0x00,0x00,0x00,0x00,0x00,0x00,0x00,0x00,0x00,0x00,0x00,0x00,0x00,0x00,0x00,0x00,0x00,0x00,0x00,0x00,0x00,0x00,0x00,0x00,0x00,0x00,0x00,0x00,0x00,0x00,0x00,0x00,0x00,0x00,0x00,0x00,0x00,0x00,0x00,0x00,0x00,0x00,0x00,0x00,0x00,0x00,0x00,0x00,
    0x00,0x00,0x00,0x00,0x00,0x00,0x00,0x00,0x00,0x00,0x00,0x00,0x00,0x00,0x00,0x00,0x00,0x00,0x00,0x00,0x00,0x00,0x00,0x00,0x00,0x00,0x00,0x00,0x00,0x00,0x00,0x00,0x00,0x00,0x00,0x00,0x00,0x00,0x00,0x00,0x00,0x00,0x00,0x00,0x00,0x00,0x00,0x00,0x00,0x00,0x00,0x00,0x00,0x00,0x00,0x00,0x01,0x00,0x0b,0x6b,0x6e,0x6f,0x67,0x67,0x67,0x67,0x67,0x67,0x67,0x67,0x67,0x67,0x69,0x6a,0x6b,0x69,0x69,0x69,0x69,0x67,0x67,0x67,0x69,0x69,0x67,0x67,0x69,0x81,0x6a,0x0e,0x00,0x05,0x00,0x00,0x00,0x00,0x00,0x00,0x00,0x00,0x00,0x00,0x00,0x00,0x00,0x00,0x00,0x00,0x00,0x00,0x00,0x00,0x00,0x00,0x00,0x00,0x00,0x00,0x00,0x00,0x00,0x00,0x00,0x00,0x00,0x00,0x00,0x00,0x00,0x00,0x00,0x00,0x00,0x00,0x00,0x00,0x00,0x00,0x00,0x00,0x00,0x00,0x00,0x00,
    0x00,0x00,0x00,0x00,0x00,0x00,0x00,0x00,0x00,0x00,0x00,0x00,0x00,0x00,0x00,0x00,0x00,0x00,0x00,0x00,0x00,0x00,0x00,0x00,0x00,0x00,0x00,0x00,0x00,0x00,0x00,0x00,0x00,0x00,0x00,0x00,0x00,0x00,0x00,0x00,0x00,0x00,0x00,0x00,0x00,0x00,0x00,0x00,0x00,0x00,0x00,0x00,0x00,0x00,0x00,0x00,0x01,0x00,0x0b,0x6e,0x6e,0x6b,0x6b,0x6f,0x69,0x67,0x67,0x69,0x67,0x69,0x69,0x69,0x6a,0x6b,0x6e,0x6e,0x6f,0x6f,0x6f,0x6d,0x67,0x67,0x67,0x67,0x6d,0x6d,0x6d,0x0d,0x6a,0x0e,0x00,0x05,0x00,0x00,0x00,0x00,0x00,0x00,0x00,0x00,0x00,0x00,0x00,0x00,0x00,0x00,0x00,0x00,0x00,0x00,0x00,0x00,0x00,0x00,0x00,0x00,0x00,0x00,0x00,0x00,0x00,0x00,0x00,0x00,0x00,0x00,0x00,0x00,0x00,0x00,0x00,0x00,0x00,0x00,0x00,0x00,0x00,0x00,0x00,0x00,0x00,0x00,0x00,0x00,
    0x00,0x00,0x00,0x00,0x00,0x00,0x00,0x00,0x00,0x00,0x00,0x00,0x00,0x00,0x00,0x00,0x00,0x00,0x00,0x00,0x00,0x00,0x00,0x00,0x00,0x00,0x00,0x00,0x00,0x00,0x00,0x00,0x00,0x00,0x00,0x00,0x00,0x00,0x00,0x00,0x00,0x00,0x00,0x00,0x00,0x00,0x00,0x00,0x00,0x00,0x00,0x00,0x00,0x00,0x00,0x00,0x01,0x00,0x0b,0x6a,0x6d,0x6f,0x6a,0x6a,0x6a,0x6a,0x6d,0x6d,0x6d,0x6f,0x6a,0x6e,0x6a,0x6a,0x0d,0x6f,0x6b,0x6b,0x6b,0x6b,0x6f,0x6d,0x6d,0x6f,0x6b,0x6b,0x6e,0x06,0x69,0x31,0x00,0x05,0x00,0x00,0x00,0x00,0x00,0x00,0x00,0x00,0x00,0x00,0x00,0x00,0x00,0x00,0x00,0x00,0x00,0x00,0x00,0x00,0x00,0x00,0x00,0x00,0x00,0x00,0x00,0x00,0x00,0x00,0x00,0x00,0x00,0x00,0x00,0x00,0x00,0x00,0x00,0x00,0x00,0x00,0x00,0x00,0x00,0x00,0x00,0x00,0x00,0x00,0x00,0x00,
    0x00,0x00,0x00,0x00,0x00,0x00,0x00,0x00,0x00,0x00,0x00,0x00,0x00,0x00,0x00,0x00,0x00,0x00,0x00,0x00,0x00,0x00,0x00,0x00,0x00,0x00,0x00,0x00,0x00,0x00,0x00,0x00,0x00,0x00,0x00,0x00,0x00,0x00,0x00,0x00,0x00,0x00,0x00,0x00,0x00,0x00,0x00,0x00,0x00,0x00,0x00,0x00,0x00,0x00,0x00,0x00,0x02,0x02,0x12,0x46,0x81,0x81,0x9d,0x7f,0x81,0x81,0x67,0x69,0x67,0x6d,0x81,0x7f,0x0a,0x81,0x6a,0x0a,0x7f,0x67,0x6d,0x67,0x67,0x67,0x69,0x67,0x81,0x81,0x7f,0x0a,0x67,0x1c,0x00,0x05,0x00,0x00,0x00,0x00,0x00,0x00,0x00,0x00,0x00,0x00,0x00,0x00,0x00,0x00,0x00,0x00,0x00,0x00,0x00,0x00,0x00,0x00,0x00,0x00,0x00,0x00,0x00,0x00,0x00,0x00,0x00,0x00,0x00,0x00,0x00,0x00,0x00,0x00,0x00,0x00,0x00,0x00,0x00,0x00,0x00,0x00,0x00,0x00,0x00,0x00,0x00,0x00,
    0x00,0x00,0x00,0x00,0x00,0x00,0x00,0x00,0x00,0x00,0x00,0x00,0x00,0x00,0x00,0x00,0x00,0x00,0x00,0x00,0x00,0x00,0x00,0x00,0x00,0x00,0x00,0x00,0x00,0x00,0x00,0x00,0x00,0x00,0x00,0x00,0x00,0x00,0x00,0x00,0x00,0x00,0x00,0x00,0x00,0x00,0x00,0x00,0x00,0x00,0x00,0x00,0x00,0x00,0x00,0x00,0x00,0x05,0x00,0x2f,0x7f,0x0a,0x0a,0x0a,0x0a,0x0a,0x7f,0x7f,0x7f,0x0a,0x0a,0x0a,0x0a,0x5f,0x2f,0x0a,0x0a,0x0a,0x0a,0x7f,0x7f,0x7f,0x0a,0x0a,0x0a,0x0a,0x0a,0x0a,0x46,0x12,0x00,0x02,0x00,0x00,0x00,0x00,0x00,0x00,0x00,0x00,0x00,0x00,0x00,0x00,0x00,0x00,0x00,0x00,0x00,0x00,0x00,0x00,0x00,0x00,0x00,0x00,0x00,0x00,0x00,0x00,0x00,0x00,0x00,0x00,0x00,0x00,0x00,0x00,0x00,0x00,0x00,0x00,0x00,0x00,0x00,0x00,0x00,0x00,0x00,0x00,0x00,0x00,0x00,0x00,
    0x00,0x00,0x00,0x00,0x00,0x00,0x00,0x00,0x00,0x00,0x00,0x00,0x00,0x00,0x00,0x00,0x00,0x00,0x00,0x00,0x00,0x00,0x00,0x00,0x00,0x00,0x00,0x00,0x00,0x00,0x00,0x00,0x00,0x00,0x00,0x00,0x00,0x00,0x00,0x00,0x00,0x00,0x00,0x00,0x00,0x00,0x00,0x00,0x00,0x00,0x00,0x00,0x00,0x00,0x00,0x00,0x00,0x02,0x01,0x12,0x48,0x69,0x7f,0x7f,0x0a,0x0a,0x9d,0x9d,0x9d,0x7f,0x7f,0x7f,0x7f,0x20,0x13,0x48,0x81,0x7f,0x7f,0x7f,0x7f,0x7f,0x0a,0x0a,0x7f,0x7f,0x0a,0x7f,0x20,0x00,0x01,0x00,0x00,0x00,0x00,0x00,0x00,0x00,0x00,0x00,0x00,0x00,0x00,0x00,0x00,0x00,0x00,0x00,0x00,0x00,0x00,0x00,0x00,0x00,0x00,0x00,0x00,0x00,0x00,0x00,0x00,0x00,0x00,0x00,0x00,0x00,0x00,0x00,0x00,0x00,0x00,0x00,0x00,0x00,0x00,0x00,0x00,0x00,0x00,0x00,0x00,0x00,0x00,0x00,
    0x00,0x00,0x00,0x00,0x00,0x00,0x00,0x00,0x00,0x00,0x00,0x00,0x00,0x00,0x00,0x00,0x00,0x00,0x00,0x00,0x00,0x00,0x00,0x00,0x00,0x00,0x00,0x00,0x00,0x00,0x00,0x00,0x00,0x00,0x00,0x00,0x00,0x00,0x00,0x00,0x00,0x00,0x00,0x00,0x00,0x00,0x00,0x00,0x00,0x00,0x00,0x00,0x00,0x00,0x00,0x00,0x00,0x00,0x02,0x00,0x05,0x27,0x0e,0x48,0x81,0x67,0x6e,0x6a,0x7f,0x5f,0x28,0x10,0x0b,0x00,0x00,0x05,0x20,0x28,0x24,0x6d,0x6a,0x6a,0x6a,0x81,0x5f,0x28,0x10,0x0b,0x00,0x01,0x00,0x00,0x00,0x00,0x00,0x00,0x00,0x00,0x00,0x00,0x00,0x00,0x00,0x00,0x00,0x00,0x00,0x00,0x00,0x00,0x00,0x00,0x00,0x00,0x00,0x00,0x00,0x00,0x00,0x00,0x00,0x00,0x00,0x00,0x00,0x00,0x00,0x00,0x00,0x00,0x00,0x00,0x00,0x00,0x00,0x00,0x00,0x00,0x00,0x00,0x00,0x00,0x00,0x00,
    0x00,0x00,0x00,0x00,0x00,0x00,0x00,0x00,0x00,0x00,0x00,0x00,0x00,0x00,0x00,0x00,0x00,0x00,0x00,0x00,0x00,0x00,0x00,0x00,0x00,0x00,0x00,0x00,0x00,0x00,0x00,0x00,0x00,0x00,0x00,0x00,0x00,0x00,0x00,0x00,0x00,0x00,0x00,0x00,0x00,0x00,0x00,0x00,0x00,0x00,0x00,0x00,0x00,0x00,0x00,0x00,0x00,0x00,0x00,0x02,0x00,0x00,0x00,0x00,0x0b,0x0b,0x0b,0x0b,0x22,0x12,0x00,0x00,0x00,0x01,0x02,0x00,0x00,0x00,0x0c,0x0b,0x0b,0x0b,0x0b,0x0b,0x12,0x00,0x00,0x00,0x01,0x00,0x00,0x00,0x00,0x00,0x00,0x00,0x00,0x00,0x00,0x00,0x00,0x00,0x00,0x00,0x00,0x00,0x00,0x00,0x00,0x00,0x00,0x00,0x00,0x00,0x00,0x00,0x00,0x00,0x00,0x00,0x00,0x00,0x00,0x00,0x00,0x00,0x00,0x00,0x00,0x00,0x00,0x00,0x00,0x00,0x00,0x00,0x00,0x00,0x00,0x00,0x00,0x00,0x00,0x00,
    0x00,0x00,0x00,0x00,0x00,0x00,0x00,0x00,0x00,0x00,0x00,0x00,0x00,0x00,0x00,0x00,0x00,0x00,0x00,0x00,0x00,0x00,0x00,0x00,0x00,0x00,0x00,0x00,0x00,0x00,0x00,0x00,0x00,0x00,0x00,0x00,0x00,0x00,0x00,0x00,0x00,0x00,0x00,0x00,0x00,0x00,0x00,0x00,0x00,0x00,0x00,0x00,0x00,0x00,0x00,0x00,0x00,0x00,0x00,0x00,0x02,0x05,0x05,0x00,0x00,0x00,0x00,0x00,0x00,0x00,0x05,0x05,0x01,0x00,0x00,0x02,0x05,0x05,0x00,0x00,0x00,0x00,0x00,0x00,0x00,0x05,0x05,0x01,0x00,0x00,0x00,0x00,0x00,0x00,0x00,0x00,0x00,0x00,0x00,0x00,0x00,0x00,0x00,0x00,0x00,0x00,0x00,0x00,0x00,0x00,0x00,0x00,0x00,0x00,0x00,0x00,0x00,0x00,0x00,0x00,0x00,0x00,0x00,0x00,0x00,0x00,0x00,0x00,0x00,0x00,0x00,0x00,0x00,0x00,0x00,0x00,0x00,0x00,0x00,0x00,0x00,0x00,0x00,0x00,

};

const lv_image_dsc_t passport_pet_idle_3 = {
  .header = {
    .magic = LV_IMAGE_HEADER_MAGIC,
    .cf = LV_COLOR_FORMAT_I8,
    .flags = 0,
    .w = 144,
    .h = 156,
    .stride = 144,
    .reserved_2 = 0,
  },
  .data_size = sizeof(passport_pet_idle_3_map),
  .data = passport_pet_idle_3_map,
  .reserved = NULL,
};
