
#if defined(LV_LVGL_H_INCLUDE_SIMPLE)
#include "lvgl.h"
#elif defined(LV_LVGL_H_INCLUDE_SYSTEM)
#include <lvgl.h>
#elif defined(LV_BUILD_TEST)
#include "../lvgl.h"
#else
#include "lvgl/lvgl.h"
#endif

#ifndef LV_ATTRIBUTE_MEM_ALIGN
#define LV_ATTRIBUTE_MEM_ALIGN
#endif

#ifndef LV_ATTRIBUTE_PASSPORT_PET_WAITING_5
#define LV_ATTRIBUTE_PASSPORT_PET_WAITING_5
#endif

static const
LV_ATTRIBUTE_MEM_ALIGN LV_ATTRIBUTE_LARGE_CONST LV_ATTRIBUTE_PASSPORT_PET_WAITING_5
uint8_t passport_pet_waiting_5_map[] = {

    0x4c,0x70,0x47,0x00,0x1e,0x00,0x00,0x01,0x0b,0x0a,0x0a,0xfd,0x10,0x0c,0x09,0x03,
    0x54,0x54,0x53,0x02,0xdd,0xff,0xe4,0x01,0x95,0x9e,0xa7,0x03,0x06,0x06,0x06,0x28,
    0xc4,0xf9,0xff,0x02,0x0b,0x0a,0x0a,0xfb,0xb0,0xd2,0xe6,0xfe,0x09,0x08,0x08,0xb9,
    0xcb,0xd7,0xd6,0x08,0x0a,0x09,0x09,0xdb,0x87,0xa0,0xb2,0xfe,0x08,0x07,0x07,0x81,
    0xbb,0xd9,0xea,0xfd,0xb2,0xbe,0xc8,0xfe,0x06,0x06,0x07,0x3e,0xca,0xcf,0xd8,0xfe,
    0x95,0xb7,0xcc,0xfe,0xb5,0xc7,0xce,0x10,0x0e,0x10,0x13,0x0c,0xce,0xda,0xde,0x23,
    0x8c,0xa9,0xb6,0x7b,0xb6,0xc0,0xc6,0xc6,0x4f,0x57,0x5d,0x08,0x93,0xa7,0xb6,0xfe,
    0xa4,0xac,0xb4,0xfe,0xa8,0xb9,0xc3,0x33,0xa5,0xb7,0xc2,0xde,0xa8,0xcc,0xe3,0xfe,
    0x0b,0x0a,0x0a,0xf3,0x7f,0x91,0x99,0x2f,0x99,0xb7,0xc5,0x20,0x07,0x07,0x08,0x5e,
    0x70,0x88,0x94,0xb1,0xb3,0xc7,0xd0,0x65,0xa2,0xc6,0xda,0xfe,0x76,0x70,0x6c,0x10,
    0xb8,0xca,0xd3,0x4b,0x60,0x67,0x6e,0xfe,0x9c,0xb4,0xbf,0x48,0x85,0x97,0xa5,0x05,
    0x76,0x90,0xa1,0x53,0xbc,0xcb,0xd2,0xa1,0x87,0xa1,0xac,0xad,0x6f,0x83,0x92,0xfc,
    0x94,0xae,0xba,0xc7,0x93,0xb1,0xc0,0xa5,0x98,0xba,0xcc,0x58,0x71,0x85,0x9d,0x1c,
    0x0c,0x0c,0x0e,0x9e,0x13,0x13,0x16,0x70,0x0c,0x09,0x0a,0xc9,0x7b,0x8c,0x95,0x78,
    0x40,0x44,0x4e,0xfc,0x1e,0x1f,0x24,0x1d,0x78,0x8a,0xa1,0x90,0x80,0x9c,0xac,0xe1,
    0x95,0xab,0xbc,0xdb,0x0b,0x09,0x0a,0xe7,0xa3,0xc7,0xd7,0xe0,0x07,0x07,0x09,0x4b,
    0x6d,0x7a,0x8b,0xf9,0x7f,0x8c,0x9b,0xfd,0xbf,0x71,0x02,0x50,0x5b,0x6f,0x80,0xfb,
    0x9f,0x5a,0x03,0x74,0x9c,0xac,0xb5,0x90,0x76,0x8b,0x9b,0xd7,0xcb,0xdf,0xe8,0x35,
    0x0d,0x0e,0x10,0xd5,0xaa,0xc5,0xd5,0xfc,0xae,0xd0,0xdf,0xae,0xd2,0xe0,0xe8,0xd1,
    0x95,0xb6,0xca,0xee,0x65,0x77,0x91,0xa8,0xa9,0xc6,0xd2,0x8b,0xb2,0xbd,0xc4,0x7a,
    0x6f,0x86,0x8f,0x3f,0x5f,0x74,0x89,0x6f,0xa5,0xb8,0xc2,0xb5,0x62,0x75,0x85,0xc7,
    0x91,0xa7,0xb5,0x67,0xb3,0xd1,0xde,0x76,0xb0,0xd5,0xe6,0xd2,0xbf,0xc6,0xcc,0xe7,
    0xb6,0xcc,0xd6,0xcb,0x57,0x00,0xff,0x01,0x8a,0x9d,0xa7,0xc2,0xb0,0xd1,0xe4,0xea,
    0xd3,0xde,0xe2,0x8a,0x7d,0x3a,0x09,0xfe,0x4e,0x59,0x65,0x93,0xa5,0x5e,0x04,0xc5,
    0x6f,0x8a,0xb1,0xe9,0xdb,0xe6,0xea,0x60,0xa9,0x5e,0x04,0xe4,0x49,0x54,0x62,0xbb,
    0xcc,0x75,0x01,0xce,0xcf,0x7b,0x02,0x9d,0xcb,0xd9,0xe0,0xb9,0x9a,0xaf,0xba,0xee,
    0xa7,0xb6,0xc1,0xf0,0x53,0x45,0x3a,0xff,0x57,0x53,0x5b,0x3e,0x57,0x69,0x74,0x53,
    0x5c,0x65,0x71,0xca,0xea,0x8d,0x03,0xe3,0xbe,0x73,0x05,0x1e,0x8f,0x4e,0x03,0x9e,
    0x50,0x5b,0x67,0x66,0xb9,0x87,0x4d,0xec,0x96,0x88,0x61,0x49,0x0a,0x09,0x0a,0xff,
    0x0c,0x0a,0x0a,0xff,0xbc,0xe3,0xfc,0xff,0x0d,0x0c,0x0c,0xff,0xef,0xf5,0xfd,0xff,
    0x10,0x0e,0x0e,0xff,0xca,0xe8,0xfa,0xff,0x13,0x11,0x11,0xff,0x07,0x08,0x08,0xff,
    0xf3,0x89,0x01,0xff,0xed,0xf2,0xfa,0xff,0xc7,0xe6,0xfa,0xff,0xee,0xf3,0xfc,0xff,
    0x01,0x01,0x00,0xff,0xc3,0xe5,0xfa,0xff,0xe8,0xef,0xfa,0xff,0xbc,0xe2,0xfa,0xff,
    0xbf,0xe5,0xfc,0xff,0xf1,0xf7,0xfe,0xff,0x02,0x04,0x06,0xff,0xce,0xed,0xfe,0xff,
    0xf6,0xfd,0xff,0xff,0xf4,0xfa,0xff,0xff,0xea,0xf0,0xf9,0xff,0xb9,0xe0,0xf8,0xff,
    0xf5,0x8c,0x04,0xff,0xfd,0xff,0xff,0xff,0x08,0x06,0x04,0xff,0xfb,0x91,0x02,0xff,
    0xc4,0xeb,0xff,0xff,0xb5,0xdc,0xf3,0xff,0xc0,0xe8,0xff,0xff,0xe6,0xed,0xf9,0xff,
    0xcc,0xea,0xfd,0xff,0xe0,0xe7,0xf1,0xff,0xd2,0xf1,0xff,0xff,0xa0,0xbe,0xcf,0xff,
    0xaf,0xca,0xda,0xff,0x1f,0x21,0x27,0xff,0x39,0x3b,0x43,0xff,0xdb,0xdf,0xe7,0xff,
    0x95,0xaf,0xc2,0xff,0x2e,0x19,0x1c,0xff,0xa9,0xb3,0xbd,0xff,0xf4,0x84,0x00,0xff,
    0xdf,0xed,0xfb,0xff,0xe0,0xf3,0xfe,0xff,0xd8,0xea,0xfa,0xff,0x4d,0x28,0x2f,0xff,
    0x87,0x44,0x52,0xff,0x90,0x99,0xa3,0xff,0xbf,0xd0,0xe0,0xff,0xea,0x82,0x01,0xff,
    0xe9,0x7a,0x01,0xff,0xd3,0xf5,0xff,0xff,0xbd,0xc3,0xcc,0xff,0xb5,0x77,0x26,0xff,
    0xbf,0xc8,0xd4,0xff,0xd9,0x71,0x01,0xff,0xce,0xd9,0xe9,0xff,0xd4,0x7a,0x06,0xff,
    0xcb,0x66,0x7c,0xff,0x20,0x11,0x11,0xff,0x88,0x82,0x84,0xff,0x58,0x31,0x39,0xff,
    0x90,0x4d,0x5c,0xff,0xcf,0xd5,0xde,0xff,0xd1,0xdf,0xf3,0xff,0xb1,0xd6,0xef,0xff,
    0xb5,0x5c,0x70,0xff,0x9c,0xa2,0xaa,0xff,0xe5,0xeb,0xf5,0xff,0x6d,0x35,0x3f,0xff,
    0x75,0x3c,0x48,0xff,0xcc,0xe4,0xf7,0xff,0x93,0x50,0x0d,0xff,0xdd,0xfb,0xff,0xff,
    0x95,0xac,0xfb,0xff,0xa2,0x53,0x64,0xff,0xc3,0xde,0xef,0xff,0x75,0x72,0x79,0xff,
    0xfb,0x89,0x00,0xff,0x5b,0x32,0x0b,0xff,0x1b,0x19,0x1b,0xff,0x2d,0x2d,0x34,0xff,
    0xff,0x98,0x02,0xff,0xc5,0xd6,0xf4,0xff,0x9f,0xbe,0xda,0xff,0xbf,0x67,0x04,0xff,
    0x39,0x22,0x24,0xff,0x89,0xa1,0xf9,0xff,0x4a,0x51,0x5e,0xff,0xc5,0xf1,0xff,0xff,
    0x49,0x56,0x82,0xff,0x93,0x7a,0x6b,0xff,0xd7,0x3d,0x44,0xff,0x9f,0xb2,0xcd,0xff,
    0xa4,0x66,0x1e,0xff,0x8e,0xa5,0xbf,0xff,0x8e,0x8d,0x96,0xff,0xa5,0x90,0x71,0xff,
    0xbc,0x3e,0x03,0xff,0xa4,0x98,0x97,0xff,0xd8,0x58,0x02,0xff,0x59,0x5e,0x5f,0xff,
    0xab,0x86,0x55,0xff,0x8e,0x6f,0x3f,0xff,0xb6,0x2c,0x30,0xff,0x70,0x84,0xb0,0xff,
    0xe8,0x4d,0x55,0xff,0xd2,0x66,0x03,0xff,0xbf,0x48,0x02,0xff,0x7c,0x5a,0x5b,0xff,
    0xaa,0x59,0x03,0xff,0x9a,0x37,0x0b,0xff,0x7c,0x57,0x32,0xff,0xb4,0xc6,0xf9,0xff,
    0x48,0x63,0x9c,0xff,0xa9,0xbe,0xf0,0xff,0x7e,0x94,0xa5,0xff,0x75,0x47,0x4f,0xff,
    0x7c,0x92,0xe3,0xff,0x06,0xc2,0xf1,0xff,0x3a,0x63,0x72,0xff,0x0e,0x9c,0xc7,0xff,
    0x49,0x18,0x15,0xff,0x85,0x9e,0xd5,0xff,0xba,0xa3,0xa1,0xff,0x86,0x64,0x6f,0xff,
    0x7e,0x92,0xca,0xff,0x9d,0xb3,0xf0,0xff,0x53,0x78,0x9f,0xff,0xe9,0x7a,0x92,0xff,
    0xa3,0x37,0x37,0xff,0x95,0x3f,0x47,0xff,0xb8,0x83,0x8f,0xff,0x65,0x7b,0xc8,0xff,
    0xf4,0xae,0xbe,0xff,0x7a,0x1b,0x26,0xff,0xc4,0xb9,0xc0,0xff,0xd1,0x4f,0x65,0xff,

    0x00,0x00,0x00,0x00,0x00,0x00,0x00,0x00,0x00,0x00,0x00,0x00,0x00,0x00,0x00,0x00,0x00,0x00,0x00,0x00,0x00,0x00,0x00,0x00,0x00,0x00,0x00,0x00,0x00,0x00,0x00,0x00,0x00,0x00,0x00,0x00,0x00,0x00,0x00,0x00,0x00,0x00,0x00,0x00,0x00,0x00,0x00,0x00,0x00,0x00,0x00,0x00,0x00,0x00,0x00,0x00,0x00,0x00,0x00,0x00,0x00,0x00,0x00,0x00,0x00,0x00,0x00,0x00,0x00,0x00,0x00,0x00,0x00,0x00,0x00,0x00,0x00,0x00,0x00,0x00,0x00,0x00,0x00,0x00,0x00,0x00,0x00,0x00,0x00,0x00,0x00,0x00,0x00,0x00,0x00,0x00,0x00,0x00,0x00,0x00,0x00,0x00,0x00,0x00,0x00,0x00,0x00,0x00,0x00,0x00,0x00,0x00,0x00,0x00,0x00,0x00,0x00,0x00,0x00,0x00,0x00,0x00,0x00,0x00,0x00,0x00,0x00,0x00,0x00,0x00,0x00,0x00,0x00,0x00,0x00,0x00,0x00,0x00,0x00,0x00,0x00,0x00,0x00,0x00,
    0x00,0x00,0x00,0x00,0x00,0x00,0x00,0x00,0x00,0x00,0x00,0x00,0x00,0x00,0x00,0x00,0x00,0x00,0x00,0x00,0x00,0x00,0x00,0x00,0x00,0x00,0x00,0x00,0x00,0x00,0x00,0x00,0x00,0x00,0x00,0x00,0x00,0x00,0x00,0x00,0x00,0x00,0x00,0x00,0x00,0x00,0x00,0x00,0x00,0x00,0x00,0x00,0x00,0x00,0x00,0x00,0x00,0x00,0x00,0x00,0x00,0x00,0x01,0x00,0x2b,0x1a,0x27,0x21,0x27,0x00,0x01,0x00,0x00,0x00,0x00,0x00,0x00,0x00,0x00,0x00,0x00,0x00,0x00,0x00,0x00,0x00,0x00,0x00,0x00,0x00,0x00,0x00,0x00,0x00,0x00,0x00,0x00,0x00,0x00,0x00,0x00,0x00,0x00,0x00,0x00,0x00,0x00,0x00,0x00,0x00,0x00,0x00,0x00,0x00,0x00,0x00,0x00,0x00,0x00,0x00,0x00,0x00,0x00,0x00,0x00,0x00,0x00,0x00,0x00,0x00,0x00,0x00,0x00,0x00,0x00,0x00,0x00,0x00,0x00,0x00,0x00,0x00,0x00,0x00,
    0x00,0x00,0x00,0x00,0x00,0x00,0x00,0x00,0x00,0x00,0x00,0x00,0x00,0x00,0x00,0x00,0x00,0x00,0x00,0x00,0x00,0x00,0x00,0x00,0x00,0x00,0x00,0x00,0x00,0x00,0x00,0x00,0x00,0x00,0x00,0x00,0x00,0x00,0x00,0x00,0x00,0x00,0x00,0x00,0x00,0x00,0x00,0x00,0x00,0x00,0x00,0x00,0x00,0x00,0x00,0x00,0x00,0x00,0x00,0x00,0x00,0x00,0x05,0x00,0x2c,0x24,0x46,0x2e,0x27,0x59,0x05,0x00,0x00,0x00,0x00,0x00,0x00,0x00,0x00,0x00,0x00,0x00,0x00,0x00,0x00,0x00,0x00,0x00,0x00,0x00,0x00,0x00,0x00,0x00,0x00,0x00,0x00,0x00,0x00,0x00,0x00,0x00,0x00,0x00,0x00,0x00,0x00,0x00,0x00,0x00,0x00,0x00,0x00,0x00,0x00,0x00,0x00,0x00,0x00,0x00,0x00,0x00,0x00,0x00,0x00,0x00,0x00,0x00,0x00,0x00,0x00,0x00,0x00,0x00,0x00,0x00,0x00,0x00,0x00,0x00,0x00,0x00,0x00,0x00,
    0x00,0x00,0x00,0x00,0x00,0x00,0x00,0x00,0x00,0x00,0x00,0x00,0x00,0x00,0x00,0x00,0x00,0x00,0x00,0x00,0x00,0x00,0x00,0x00,0x00,0x00,0x00,0x00,0x00,0x00,0x00,0x00,0x00,0x00,0x00,0x00,0x00,0x00,0x00,0x00,0x00,0x00,0x00,0x00,0x00,0x00,0x00,0x00,0x00,0x00,0x00,0x00,0x00,0x00,0x00,0x00,0x00,0x00,0x00,0x00,0x00,0x08,0x04,0x32,0x3c,0x60,0x3a,0x33,0x00,0x04,0x00,0x00,0x00,0x00,0x00,0x00,0x00,0x00,0x00,0x00,0x00,0x00,0x00,0x00,0x00,0x00,0x00,0x00,0x00,0x00,0x00,0x00,0x00,0x00,0x00,0x00,0x00,0x00,0x00,0x00,0x00,0x00,0x00,0x00,0x00,0x00,0x00,0x00,0x00,0x00,0x00,0x00,0x00,0x00,0x00,0x00,0x00,0x00,0x00,0x00,0x00,0x00,0x00,0x00,0x00,0x00,0x00,0x00,0x00,0x00,0x00,0x00,0x00,0x00,0x00,0x00,0x00,0x00,0x00,0x00,0x00,0x00,0x00,0x00,
    0x00,0x00,0x00,0x00,0x00,0x00,0x00,0x00,0x00,0x00,0x00,0x00,0x00,0x00,0x00,0x00,0x00,0x00,0x00,0x00,0x00,0x00,0x00,0x00,0x00,0x00,0x00,0x00,0x00,0x00,0x00,0x00,0x00,0x00,0x00,0x00,0x00,0x00,0x00,0x00,0x00,0x00,0x00,0x00,0x00,0x00,0x00,0x00,0x00,0x00,0x00,0x00,0x00,0x00,0x00,0x00,0x00,0x00,0x00,0x00,0x05,0x00,0x2c,0x46,0xca,0x31,0x27,0x00,0x04,0x00,0x00,0x00,0x00,0x00,0x00,0x00,0x00,0x00,0x00,0x00,0x00,0x00,0x00,0x00,0x00,0x00,0x00,0x00,0x00,0x00,0x00,0x00,0x00,0x00,0x00,0x00,0x00,0x00,0x00,0x00,0x00,0x00,0x00,0x00,0x00,0x00,0x00,0x00,0x00,0x00,0x00,0x00,0x00,0x00,0x00,0x00,0x00,0x00,0x00,0x00,0x00,0x00,0x00,0x00,0x00,0x00,0x00,0x00,0x00,0x00,0x00,0x00,0x00,0x00,0x00,0x00,0x00,0x00,0x00,0x00,0x00,0x00,0x00,0x00,
    0x00,0x00,0x00,0x00,0x00,0x00,0x00,0x00,0x00,0x00,0x00,0x00,0x00,0x00,0x00,0x00,0x00,0x00,0x00,0x00,0x00,0x00,0x00,0x00,0x00,0x00,0x00,0x00,0x00,0x00,0x00,0x00,0x00,0x00,0x00,0x00,0x00,0x00,0x00,0x00,0x00,0x00,0x00,0x00,0x00,0x00,0x00,0x00,0x00,0x00,0x00,0x00,0x00,0x00,0x00,0x00,0x00,0x00,0x00,0x04,0x00,0x22,0x2e,0xd5,0x5b,0x55,0x00,0x06,0x00,0x00,0x00,0x00,0x00,0x00,0x00,0x00,0x00,0x00,0x00,0x00,0x00,0x00,0x00,0x00,0x00,0x00,0x00,0x00,0x00,0x00,0x00,0x00,0x00,0x00,0x00,0x00,0x00,0x00,0x00,0x00,0x00,0x00,0x00,0x00,0x00,0x00,0x00,0x00,0x00,0x00,0x00,0x00,0x00,0x00,0x00,0x00,0x00,0x00,0x00,0x00,0x00,0x00,0x00,0x00,0x00,0x00,0x00,0x00,0x00,0x00,0x00,0x00,0x00,0x00,0x00,0x00,0x00,0x00,0x00,0x00,0x00,0x00,0x00,0x00,
    0x00,0x00,0x00,0x00,0x00,0x00,0x00,0x00,0x00,0x00,0x00,0x00,0x00,0x00,0x00,0x00,0x00,0x00,0x00,0x00,0x00,0x00,0x00,0x00,0x00,0x00,0x00,0x00,0x00,0x00,0x00,0x00,0x00,0x00,0x00,0x00,0x00,0x00,0x00,0x00,0x00,0x00,0x00,0x00,0x00,0x00,0x00,0x00,0x00,0x00,0x00,0x00,0x00,0x00,0x00,0x00,0x00,0x00,0x00,0x06,0x00,0x32,0x3e,0x0a,0x3e,0x25,0x01,0x04,0x00,0x00,0x00,0x00,0x00,0x00,0x00,0x00,0x00,0x00,0x00,0x00,0x00,0x00,0x00,0x00,0x00,0x00,0x00,0x00,0x00,0x00,0x00,0x00,0x00,0x00,0x00,0x00,0x00,0x00,0x00,0x00,0x00,0x00,0x00,0x00,0x00,0x00,0x00,0x00,0x00,0x00,0x00,0x00,0x00,0x00,0x00,0x00,0x00,0x00,0x00,0x00,0x00,0x00,0x00,0x00,0x00,0x00,0x00,0x00,0x00,0x00,0x00,0x00,0x00,0x00,0x00,0x00,0x00,0x00,0x00,0x00,0x00,0x00,0x00,0x00,
    0x00,0x00,0x00,0x00,0x00,0x00,0x00,0x00,0x00,0x00,0x00,0x00,0x00,0x00,0x00,0x00,0x00,0x00,0x00,0x00,0x00,0x00,0x00,0x00,0x00,0x00,0x00,0x00,0x00,0x00,0x00,0x00,0x00,0x00,0x00,0x00,0x00,0x00,0x00,0x00,0x00,0x00,0x00,0x00,0x00,0x00,0x00,0x00,0x00,0x00,0x00,0x00,0x00,0x00,0x00,0x00,0x00,0x00,0x00,0x06,0x00,0x28,0x46,0x26,0x56,0x32,0x01,0x04,0x00,0x00,0x00,0x00,0x00,0x04,0x06,0x06,0x06,0x06,0x06,0x04,0x00,0x00,0x00,0x00,0x00,0x00,0x00,0x00,0x00,0x00,0x00,0x00,0x00,0x00,0x00,0x00,0x00,0x00,0x00,0x00,0x00,0x00,0x00,0x00,0x00,0x00,0x00,0x00,0x00,0x00,0x00,0x00,0x00,0x00,0x00,0x00,0x00,0x00,0x00,0x00,0x00,0x00,0x00,0x00,0x00,0x00,0x00,0x00,0x00,0x00,0x00,0x00,0x00,0x00,0x00,0x00,0x00,0x00,0x00,0x00,0x00,0x00,0x00,0x00,
    0x00,0x00,0x00,0x00,0x00,0x00,0x00,0x00,0x00,0x00,0x00,0x00,0x00,0x00,0x00,0x00,0x00,0x00,0x00,0x00,0x00,0x00,0x00,0x00,0x00,0x00,0x00,0x00,0x00,0x00,0x00,0x00,0x00,0x00,0x00,0x00,0x00,0x00,0x00,0x00,0x00,0x00,0x00,0x00,0x00,0x00,0x00,0x00,0x00,0x00,0x00,0x00,0x00,0x00,0x00,0x00,0x00,0x00,0x00,0x06,0x00,0x32,0x30,0xb7,0x5b,0x4e,0x00,0x00,0x08,0x00,0x00,0x00,0x00,0x00,0x00,0x00,0x00,0x00,0x00,0x00,0x00,0x00,0x08,0x04,0x05,0x00,0x00,0x00,0x00,0x00,0x00,0x00,0x00,0x00,0x00,0x00,0x00,0x00,0x00,0x00,0x00,0x00,0x00,0x00,0x00,0x00,0x00,0x00,0x00,0x00,0x00,0x00,0x00,0x00,0x00,0x00,0x00,0x00,0x00,0x00,0x00,0x00,0x00,0x00,0x00,0x00,0x00,0x00,0x00,0x00,0x00,0x00,0x00,0x00,0x00,0x00,0x00,0x00,0x00,0x00,0x00,0x00,0x00,0x00,
    0x00,0x00,0x00,0x00,0x00,0x00,0x00,0x00,0x00,0x00,0x00,0x00,0x00,0x00,0x00,0x00,0x00,0x00,0x00,0x00,0x00,0x00,0x00,0x00,0x00,0x00,0x00,0x00,0x00,0x00,0x00,0x00,0x00,0x00,0x00,0x00,0x00,0x00,0x00,0x00,0x00,0x00,0x00,0x00,0x00,0x00,0x00,0x00,0x00,0x00,0x00,0x00,0x00,0x00,0x00,0x00,0x00,0x00,0x00,0x04,0x00,0x1d,0x4c,0x91,0x91,0x52,0x2c,0x0c,0x00,0x04,0x15,0x1a,0x0c,0x22,0x21,0x21,0x21,0x1d,0x1d,0x22,0x0c,0x2b,0x00,0x00,0x00,0x04,0x01,0x00,0x00,0x00,0x00,0x00,0x00,0x00,0x00,0x00,0x00,0x00,0x00,0x00,0x00,0x00,0x00,0x00,0x00,0x00,0x00,0x00,0x00,0x00,0x00,0x00,0x00,0x00,0x00,0x00,0x00,0x00,0x00,0x00,0x00,0x00,0x00,0x00,0x00,0x00,0x00,0x00,0x00,0x00,0x00,0x00,0x00,0x00,0x00,0x00,0x00,0x00,0x00,0x00,0x00,0x00,0x00,0x00,
    0x00,0x00,0x00,0x00,0x00,0x00,0x00,0x00,0x00,0x00,0x00,0x00,0x00,0x00,0x00,0x00,0x00,0x00,0x00,0x00,0x00,0x00,0x00,0x00,0x00,0x00,0x00,0x00,0x00,0x00,0x00,0x00,0x00,0x00,0x00,0x00,0x00,0x00,0x00,0x00,0x00,0x00,0x00,0x00,0x00,0x00,0x00,0x00,0x00,0x00,0x00,0x00,0x00,0x00,0x00,0x00,0x00,0x00,0x00,0x01,0x01,0x27,0x24,0x1b,0xb7,0x4c,0x2e,0x4e,0x32,0x4f,0x25,0x18,0x18,0x45,0x4a,0x4a,0x4a,0x4a,0x4a,0x31,0x18,0x18,0x2a,0x22,0x15,0x00,0x00,0x04,0x01,0x00,0x00,0x00,0x00,0x00,0x00,0x00,0x00,0x00,0x00,0x00,0x00,0x00,0x00,0x00,0x00,0x00,0x00,0x00,0x00,0x00,0x00,0x00,0x00,0x00,0x00,0x00,0x00,0x00,0x00,0x00,0x00,0x00,0x00,0x00,0x00,0x00,0x00,0x00,0x00,0x00,0x00,0x00,0x00,0x00,0x00,0x00,0x00,0x00,0x00,0x00,0x00,0x00,0x00,0x00,
    0x00,0x00,0x00,0x00,0x00,0x00,0x00,0x00,0x00,0x00,0x00,0x00,0x00,0x00,0x00,0x00,0x00,0x00,0x00,0x00,0x00,0x00,0x00,0x00,0x00,0x00,0x00,0x00,0x00,0x00,0x00,0x00,0x00,0x00,0x00,0x00,0x00,0x00,0x00,0x00,0x00,0x00,0x00,0x00,0x00,0x00,0x00,0x00,0x00,0x00,0x00,0x00,0x00,0x00,0x00,0x00,0x00,0x00,0x05,0x04,0x2b,0x00,0x17,0x5e,0x60,0x91,0x91,0x5b,0x3b,0x53,0x5a,0x10,0x0e,0x1b,0x8b,0x92,0x83,0x84,0x92,0x14,0x1b,0x67,0x30,0x2d,0x18,0x50,0x15,0x00,0x00,0x04,0x00,0x00,0x00,0x00,0x00,0x00,0x00,0x00,0x00,0x00,0x00,0x00,0x00,0x00,0x00,0x00,0x00,0x00,0x00,0x00,0x00,0x00,0x00,0x00,0x00,0x00,0x00,0x00,0x00,0x00,0x00,0x00,0x00,0x00,0x00,0x00,0x00,0x00,0x00,0x00,0x00,0x00,0x00,0x00,0x00,0x00,0x00,0x00,0x00,0x00,0x00,0x00,0x00,0x00,
    0x00,0x00,0x00,0x00,0x00,0x00,0x00,0x00,0x00,0x00,0x00,0x00,0x00,0x00,0x00,0x00,0x00,0x00,0x00,0x00,0x00,0x00,0x00,0x00,0x00,0x00,0x00,0x00,0x00,0x00,0x00,0x00,0x00,0x00,0x00,0x00,0x00,0x00,0x00,0x00,0x00,0x00,0x00,0x00,0x00,0x00,0x00,0x00,0x00,0x00,0x00,0x00,0x00,0x00,0x00,0x00,0x04,0x04,0x00,0x00,0x00,0x08,0x6a,0x51,0x3a,0x9c,0x9c,0xb7,0xb7,0x0a,0x91,0x84,0x84,0x8b,0x8b,0x83,0x8b,0x8b,0x83,0x8b,0x92,0x91,0x8b,0x91,0x4c,0x30,0x18,0x2c,0x27,0x00,0x00,0x00,0x00,0x00,0x00,0x00,0x00,0x00,0x00,0x00,0x00,0x00,0x00,0x00,0x00,0x00,0x00,0x00,0x00,0x00,0x00,0x00,0x00,0x00,0x00,0x00,0x00,0x00,0x00,0x00,0x00,0x00,0x00,0x00,0x00,0x00,0x00,0x00,0x00,0x00,0x00,0x00,0x00,0x00,0x00,0x00,0x00,0x00,0x00,0x00,0x00,0x00,0x00,0x00,
    0x00,0x00,0x00,0x00,0x00,0x00,0x00,0x00,0x00,0x00,0x00,0x00,0x00,0x00,0x00,0x00,0x00,0x00,0x00,0x00,0x00,0x00,0x00,0x00,0x00,0x00,0x00,0x00,0x00,0x00,0x00,0x00,0x00,0x00,0x00,0x00,0x00,0x00,0x00,0x00,0x00,0x00,0x00,0x00,0x00,0x00,0x00,0x00,0x00,0x00,0x00,0x00,0x00,0x00,0x04,0x00,0x00,0x00,0x33,0x1d,0x2c,0x51,0x24,0x46,0x9c,0xb7,0x0a,0xb7,0x84,0x92,0x84,0x75,0x83,0x75,0x75,0x75,0x75,0x75,0x75,0x75,0x83,0x75,0x75,0x8b,0x83,0x83,0x4c,0x53,0x51,0x21,0x2b,0x05,0x05,0x00,0x00,0x00,0x00,0x00,0x00,0x00,0x00,0x00,0x00,0x00,0x00,0x00,0x00,0x00,0x00,0x00,0x00,0x00,0x00,0x00,0x00,0x00,0x00,0x00,0x00,0x00,0x00,0x00,0x00,0x00,0x00,0x00,0x00,0x00,0x00,0x00,0x00,0x00,0x00,0x00,0x00,0x00,0x00,0x00,0x00,0x00,0x00,0x00,0x00,0x00,
    0x00,0x00,0x00,0x00,0x00,0x00,0x00,0x00,0x00,0x00,0x00,0x00,0x00,0x00,0x00,0x00,0x00,0x00,0x00,0x00,0x00,0x00,0x00,0x00,0x00,0x00,0x00,0x00,0x00,0x00,0x00,0x00,0x00,0x00,0x00,0x00,0x00,0x00,0x00,0x00,0x00,0x00,0x00,0x00,0x00,0x00,0x00,0x00,0x00,0x00,0x00,0x00,0x01,0x01,0x00,0x05,0x33,0x6b,0x51,0x24,0x30,0x3b,0x4c,0x81,0x87,0x92,0x84,0x75,0x83,0x83,0x83,0x75,0x75,0x75,0x75,0x75,0x75,0x75,0x75,0x75,0x75,0x75,0x83,0x83,0x83,0x75,0x83,0x97,0x3c,0x2e,0x2a,0x00,0x00,0x08,0x00,0x00,0x00,0x00,0x00,0x00,0x00,0x00,0x00,0x00,0x00,0x00,0x00,0x00,0x00,0x00,0x00,0x00,0x00,0x00,0x00,0x00,0x00,0x00,0x00,0x00,0x00,0x00,0x00,0x00,0x00,0x00,0x00,0x00,0x00,0x00,0x00,0x00,0x00,0x00,0x00,0x00,0x00,0x00,0x00,0x00,0x00,0x00,0x00,0x00,
    0x00,0x00,0x00,0x00,0x00,0x00,0x00,0x00,0x00,0x00,0x00,0x00,0x00,0x00,0x00,0x00,0x00,0x00,0x00,0x00,0x00,0x00,0x00,0x00,0x00,0x00,0x00,0x00,0x00,0x00,0x00,0x00,0x00,0x00,0x00,0x00,0x00,0x00,0x00,0x00,0x00,0x00,0x00,0x00,0x00,0x00,0x00,0x00,0x00,0x00,0x00,0x05,0x00,0x00,0x39,0x51,0x2e,0x53,0x63,0x29,0x97,0x91,0x8b,0x81,0x81,0x83,0x75,0x75,0x75,0x75,0x75,0x75,0x75,0x75,0x75,0x75,0x75,0x75,0x75,0x75,0x75,0x75,0x75,0x75,0x75,0x83,0x83,0x92,0x79,0x98,0x30,0x2c,0x15,0x00,0x05,0x00,0x00,0x00,0x00,0x00,0x00,0x00,0x00,0x00,0x00,0x00,0x00,0x00,0x00,0x00,0x00,0x00,0x00,0x00,0x00,0x00,0x00,0x00,0x00,0x00,0x00,0x00,0x00,0x00,0x00,0x00,0x00,0x00,0x00,0x00,0x00,0x00,0x00,0x00,0x00,0x00,0x00,0x00,0x00,0x00,0x00,0x00,0x00,0x00,
    0x00,0x00,0x00,0x00,0x00,0x00,0x00,0x00,0x00,0x00,0x00,0x00,0x00,0x00,0x00,0x00,0x00,0x00,0x00,0x00,0x00,0x00,0x00,0x00,0x00,0x00,0x00,0x00,0x00,0x00,0x00,0x00,0x00,0x00,0x00,0x00,0x00,0x00,0x00,0x00,0x00,0x00,0x00,0x00,0x00,0x00,0x00,0x00,0x00,0x00,0x04,0x00,0x16,0x39,0x5e,0x6c,0x24,0x18,0x31,0x14,0x79,0x7e,0x84,0x83,0x75,0x75,0x75,0x75,0x75,0x75,0x75,0x75,0x75,0x75,0x75,0x75,0x75,0x75,0x75,0x75,0x75,0x75,0x75,0x75,0x75,0x75,0x75,0x83,0x83,0x90,0x0a,0x1e,0x45,0x50,0x01,0x04,0x00,0x00,0x00,0x00,0x00,0x00,0x00,0x00,0x00,0x00,0x00,0x00,0x00,0x00,0x00,0x00,0x00,0x00,0x00,0x00,0x00,0x00,0x00,0x00,0x00,0x00,0x00,0x00,0x00,0x00,0x00,0x00,0x00,0x00,0x00,0x00,0x00,0x00,0x00,0x00,0x00,0x00,0x00,0x00,0x00,0x00,0x00,0x00,
    0x00,0x00,0x00,0x00,0x00,0x00,0x00,0x00,0x00,0x00,0x00,0x00,0x00,0x00,0x00,0x00,0x00,0x00,0x00,0x00,0x00,0x00,0x00,0x00,0x00,0x00,0x00,0x00,0x00,0x00,0x00,0x00,0x00,0x00,0x00,0x00,0x00,0x00,0x00,0x00,0x00,0x00,0x00,0x00,0x00,0x00,0x00,0x00,0x00,0x04,0x00,0x17,0x5e,0x63,0x63,0x5e,0x5e,0x24,0x91,0x94,0x79,0x79,0x7e,0x81,0x84,0x75,0x75,0x75,0x75,0x75,0x75,0x75,0x75,0x75,0x75,0x75,0x75,0x75,0x75,0x75,0x75,0x75,0x75,0x75,0x75,0x75,0x75,0x75,0x75,0x83,0x75,0x90,0x3b,0x2e,0x17,0x00,0x08,0x00,0x00,0x00,0x00,0x00,0x00,0x00,0x00,0x00,0x00,0x00,0x00,0x00,0x00,0x00,0x00,0x00,0x00,0x00,0x00,0x00,0x00,0x00,0x00,0x00,0x00,0x00,0x00,0x00,0x00,0x00,0x00,0x00,0x00,0x00,0x00,0x00,0x00,0x00,0x00,0x00,0x00,0x00,0x00,0x00,0x00,0x00,
    0x00,0x00,0x00,0x00,0x00,0x00,0x00,0x00,0x00,0x00,0x00,0x00,0x00,0x00,0x00,0x00,0x00,0x00,0x00,0x00,0x00,0x00,0x00,0x00,0x00,0x00,0x00,0x00,0x00,0x00,0x00,0x00,0x00,0x00,0x00,0x00,0x00,0x00,0x00,0x00,0x00,0x00,0x00,0x00,0x00,0x00,0x00,0x00,0x06,0x00,0x47,0x2d,0x6c,0x5e,0x6a,0x63,0x29,0x97,0x84,0x83,0x81,0x84,0x84,0x7e,0x81,0x75,0x75,0x75,0x75,0x75,0x75,0x75,0x75,0x75,0x75,0x75,0x75,0x75,0x75,0x75,0x75,0x75,0x75,0x75,0x75,0x75,0x75,0x75,0x75,0x75,0x83,0x84,0x7e,0x5b,0x4f,0x27,0x01,0x05,0x00,0x00,0x00,0x00,0x00,0x00,0x00,0x00,0x00,0x00,0x00,0x00,0x00,0x00,0x00,0x00,0x00,0x00,0x00,0x00,0x00,0x00,0x00,0x00,0x00,0x00,0x00,0x00,0x00,0x00,0x00,0x00,0x00,0x00,0x00,0x00,0x00,0x00,0x00,0x00,0x00,0x00,0x00,0x00,0x00,0x00,
    0x00,0x00,0x00,0x00,0x00,0x00,0x00,0x00,0x00,0x00,0x00,0x00,0x00,0x00,0x00,0x00,0x00,0x00,0x00,0x00,0x00,0x00,0x00,0x00,0x00,0x00,0x00,0x00,0x00,0x00,0x00,0x00,0x00,0x00,0x00,0x00,0x00,0x00,0x00,0x00,0x00,0x00,0x00,0x00,0x00,0x00,0x00,0x2b,0x00,0x1d,0x19,0x5a,0x70,0x1a,0x28,0x1e,0xae,0x87,0x8b,0x75,0x75,0x75,0x75,0x75,0x75,0x75,0x75,0x75,0x75,0x75,0x75,0x75,0x75,0x75,0x75,0x75,0x75,0x75,0x75,0x75,0x75,0x75,0x75,0x75,0x75,0x75,0x84,0x75,0x7e,0x81,0x81,0x7e,0x79,0xbd,0x3b,0x45,0x0c,0x04,0x05,0x00,0x00,0x00,0x00,0x00,0x00,0x00,0x00,0x00,0x00,0x00,0x00,0x00,0x00,0x00,0x00,0x00,0x00,0x00,0x00,0x00,0x00,0x00,0x00,0x00,0x00,0x00,0x00,0x00,0x00,0x00,0x00,0x00,0x00,0x00,0x00,0x00,0x00,0x00,0x00,0x00,0x00,0x00,0x00,0x00,
    0x00,0x00,0x00,0x00,0x00,0x00,0x00,0x00,0x00,0x00,0x00,0x00,0x00,0x00,0x00,0x00,0x00,0x00,0x00,0x00,0x00,0x00,0x00,0x00,0x00,0x00,0x00,0x00,0x00,0x00,0x00,0x00,0x00,0x00,0x00,0x00,0x00,0x00,0x00,0x00,0x00,0x00,0x00,0x00,0x00,0x00,0x04,0x00,0x21,0x30,0x19,0x1d,0x59,0x6b,0x53,0x10,0xa1,0x7e,0x7e,0x81,0x75,0x75,0x75,0x84,0x81,0x75,0x75,0x75,0x75,0x75,0x83,0x75,0x75,0x75,0x75,0x75,0x75,0x75,0x75,0x75,0x75,0x75,0x75,0x83,0x75,0x84,0x81,0x81,0x79,0x79,0x79,0x79,0x7e,0x94,0xc2,0x19,0x50,0x00,0x04,0x00,0x00,0x00,0x00,0x00,0x00,0x00,0x00,0x00,0x00,0x00,0x00,0x00,0x00,0x00,0x00,0x00,0x00,0x00,0x00,0x00,0x00,0x00,0x00,0x00,0x00,0x00,0x00,0x00,0x00,0x00,0x00,0x00,0x00,0x00,0x00,0x00,0x00,0x00,0x00,0x00,0x00,0x00,0x00,0x00,
    0x00,0x00,0x00,0x00,0x00,0x00,0x00,0x00,0x00,0x00,0x00,0x00,0x00,0x00,0x00,0x00,0x00,0x00,0x00,0x00,0x00,0x00,0x00,0x00,0x00,0x00,0x00,0x00,0x00,0x00,0x00,0x00,0x00,0x00,0x00,0x00,0x00,0x00,0x00,0x00,0x00,0x00,0x00,0x00,0x00,0x08,0x05,0x28,0x19,0x19,0x1d,0x00,0x22,0x6c,0xa5,0xa1,0x7e,0x7e,0x79,0x7e,0x84,0x75,0x75,0x7e,0x7e,0x81,0x75,0x75,0x75,0x83,0x84,0x8b,0x75,0x75,0x75,0x75,0x75,0x84,0x81,0x79,0x79,0x84,0x75,0x84,0x83,0x84,0x84,0x81,0x7e,0x79,0x79,0x79,0x79,0x7e,0x87,0x9c,0x53,0x21,0x00,0x04,0x00,0x00,0x00,0x00,0x00,0x00,0x00,0x00,0x00,0x00,0x00,0x00,0x00,0x00,0x00,0x00,0x00,0x00,0x00,0x00,0x00,0x00,0x00,0x00,0x00,0x00,0x00,0x00,0x00,0x00,0x00,0x00,0x00,0x00,0x00,0x00,0x00,0x00,0x00,0x00,0x00,0x00,0x00,0x00,
    0x00,0x00,0x00,0x00,0x00,0x00,0x00,0x00,0x00,0x00,0x00,0x00,0x00,0x00,0x00,0x00,0x00,0x00,0x00,0x00,0x00,0x00,0x00,0x00,0x00,0x00,0x00,0x00,0x00,0x00,0x00,0x00,0x00,0x00,0x00,0x00,0x00,0x00,0x00,0x00,0x00,0x00,0x00,0x00,0x08,0x05,0x17,0x66,0x57,0x5c,0x00,0x22,0x52,0x68,0xa2,0xa1,0x94,0x7e,0x79,0x7e,0x84,0x75,0x75,0x75,0x75,0x75,0x75,0x75,0x8b,0x90,0xd5,0x97,0x87,0x83,0x75,0x75,0x81,0x84,0x75,0x84,0x75,0x84,0x8b,0x91,0x7e,0x79,0x79,0x7e,0x81,0x84,0x81,0x84,0x81,0x75,0x84,0xbd,0x41,0x4d,0x1a,0x04,0x00,0x00,0x00,0x00,0x00,0x00,0x00,0x00,0x00,0x00,0x00,0x00,0x00,0x00,0x00,0x00,0x00,0x00,0x00,0x00,0x00,0x00,0x00,0x00,0x00,0x00,0x00,0x00,0x00,0x00,0x00,0x00,0x00,0x00,0x00,0x00,0x00,0x00,0x00,0x00,0x00,0x00,0x00,0x00,
    0x00,0x00,0x00,0x00,0x00,0x00,0x00,0x00,0x00,0x00,0x00,0x00,0x00,0x00,0x00,0x00,0x00,0x00,0x00,0x00,0x00,0x00,0x00,0x00,0x00,0x00,0x00,0x00,0x00,0x00,0x00,0x00,0x00,0x00,0x00,0x00,0x00,0x00,0x00,0x00,0x00,0x00,0x00,0x00,0x06,0x01,0x4f,0x57,0x55,0x0c,0x00,0x6b,0x3b,0x87,0x79,0x7e,0x79,0x79,0x94,0x79,0x79,0x81,0x75,0x75,0x84,0x79,0x7e,0x83,0x90,0x26,0xd0,0xc2,0x87,0x81,0x75,0x75,0x75,0x75,0x75,0x75,0x84,0x94,0xae,0x0e,0x96,0xbd,0x7e,0x81,0x84,0x75,0x75,0x75,0x75,0x75,0x84,0x7f,0xb5,0x46,0x2c,0x00,0x06,0x00,0x00,0x00,0x00,0x00,0x00,0x00,0x00,0x00,0x00,0x00,0x00,0x00,0x00,0x00,0x00,0x00,0x00,0x00,0x00,0x00,0x00,0x00,0x00,0x00,0x00,0x00,0x00,0x00,0x00,0x00,0x00,0x00,0x00,0x00,0x00,0x00,0x00,0x00,0x00,0x00,0x00,0x00,
    0x00,0x00,0x00,0x00,0x00,0x00,0x00,0x00,0x00,0x00,0x00,0x00,0x00,0x00,0x00,0x00,0x00,0x00,0x00,0x00,0x00,0x00,0x00,0x00,0x00,0x00,0x00,0x00,0x00,0x00,0x00,0x00,0x00,0x00,0x00,0x00,0x00,0x00,0x00,0x00,0x00,0x00,0x00,0x08,0x00,0x61,0x58,0x4a,0x17,0x00,0x50,0x53,0xd3,0x87,0x81,0x7e,0x79,0x79,0x94,0x79,0x79,0x7e,0x83,0x83,0x79,0x79,0x7e,0x96,0x10,0xea,0x1b,0x8a,0x94,0x79,0x7e,0x84,0x84,0x84,0x84,0x7e,0x79,0x79,0xa1,0xc3,0xca,0x87,0x8b,0x8b,0x83,0x75,0x84,0x84,0x84,0x75,0x81,0xa0,0x89,0x68,0x24,0x33,0x59,0x05,0x00,0x00,0x00,0x00,0x00,0x00,0x00,0x00,0x00,0x00,0x00,0x00,0x00,0x00,0x00,0x00,0x00,0x00,0x00,0x00,0x00,0x00,0x00,0x00,0x00,0x00,0x00,0x00,0x00,0x00,0x00,0x00,0x00,0x00,0x00,0x00,0x00,0x00,0x00,0x00,0x00,0x00,
    0x00,0x00,0x00,0x00,0x00,0x00,0x00,0x00,0x00,0x00,0x00,0x00,0x00,0x00,0x00,0x00,0x00,0x00,0x00,0x00,0x00,0x00,0x00,0x00,0x00,0x00,0x00,0x00,0x00,0x00,0x00,0x00,0x00,0x00,0x00,0x00,0x00,0x00,0x00,0x00,0x00,0x00,0x05,0x00,0x15,0x52,0x57,0x25,0x00,0x2b,0x3a,0x67,0xa1,0x79,0x7e,0x79,0x79,0x79,0xa2,0x79,0x79,0x7e,0x81,0x90,0x83,0x7e,0x94,0xc2,0xea,0xca,0x9e,0xa1,0xa2,0x79,0x79,0x79,0x79,0x79,0x79,0x79,0x79,0xbd,0x96,0xa5,0xdf,0x1f,0x8b,0xb7,0x8b,0x81,0x7e,0x79,0x79,0x7e,0x7e,0x82,0x85,0xae,0x5a,0x2c,0x00,0x06,0x00,0x00,0x00,0x00,0x00,0x00,0x00,0x00,0x00,0x00,0x00,0x00,0x00,0x00,0x00,0x00,0x00,0x00,0x00,0x00,0x00,0x00,0x00,0x00,0x00,0x00,0x00,0x00,0x00,0x00,0x00,0x00,0x00,0x00,0x00,0x00,0x00,0x00,0x00,0x00,0x00,0x00,
    0x00,0x00,0x00,0x00,0x00,0x00,0x00,0x00,0x00,0x00,0x00,0x00,0x00,0x00,0x00,0x00,0x00,0x00,0x00,0x00,0x00,0x00,0x00,0x00,0x00,0x00,0x00,0x00,0x00,0x00,0x00,0x00,0x00,0x00,0x00,0x00,0x00,0x00,0x00,0x00,0x00,0x00,0x04,0x0c,0x5c,0x1e,0x4e,0x15,0x05,0x21,0x2e,0x9b,0x87,0x79,0x94,0x7e,0x84,0x81,0x81,0x7e,0x79,0x7e,0x87,0x1b,0x10,0x87,0x87,0x41,0x98,0x98,0x9c,0x87,0x81,0x81,0x84,0x81,0x7e,0x7e,0x7e,0x7e,0x7e,0x81,0x94,0x1b,0xf5,0xea,0x91,0x83,0x97,0x79,0x79,0x79,0x7e,0x79,0x7e,0xa2,0xa2,0x81,0x11,0x3a,0x00,0x05,0x00,0x00,0x00,0x00,0x00,0x00,0x00,0x00,0x00,0x00,0x00,0x00,0x00,0x00,0x00,0x00,0x00,0x00,0x00,0x00,0x00,0x00,0x00,0x00,0x00,0x00,0x00,0x00,0x00,0x00,0x00,0x00,0x00,0x00,0x00,0x00,0x00,0x00,0x00,0x00,0x00,0x00,
    0x00,0x00,0x00,0x00,0x00,0x00,0x00,0x00,0x00,0x00,0x00,0x00,0x00,0x00,0x00,0x00,0x00,0x00,0x00,0x00,0x00,0x00,0x00,0x00,0x00,0x00,0x00,0x00,0x00,0x00,0x00,0x00,0x00,0x00,0x00,0x00,0x00,0x00,0x00,0x00,0x00,0x05,0x00,0x15,0x19,0x58,0x47,0x00,0x2b,0x37,0x57,0xa1,0x81,0x94,0x87,0x7e,0x92,0x92,0xcf,0x87,0x79,0x88,0x9e,0x0e,0xa1,0xa9,0x9c,0xd3,0x88,0x97,0x97,0x96,0x81,0x75,0x75,0x75,0x75,0x75,0x75,0x75,0x75,0x83,0x87,0x9e,0xc9,0xca,0x1b,0xbf,0x9c,0x0a,0x96,0x94,0x7e,0x79,0x79,0x7e,0x7e,0x81,0x9c,0x24,0x21,0x00,0x04,0x00,0x00,0x00,0x00,0x00,0x00,0x00,0x00,0x00,0x00,0x00,0x00,0x00,0x00,0x00,0x00,0x00,0x00,0x00,0x00,0x00,0x00,0x00,0x00,0x00,0x00,0x00,0x00,0x00,0x00,0x00,0x00,0x00,0x00,0x00,0x00,0x00,0x00,0x00,0x00,0x00,
    0x00,0x00,0x00,0x00,0x00,0x00,0x00,0x00,0x00,0x00,0x00,0x00,0x00,0x00,0x00,0x00,0x00,0x00,0x00,0x00,0x00,0x00,0x00,0x00,0x00,0x00,0x00,0x00,0x00,0x00,0x00,0x00,0x00,0x00,0x00,0x00,0x00,0x00,0x00,0x00,0x00,0x04,0x01,0x2c,0x19,0x2d,0x27,0x05,0x21,0x24,0x98,0x75,0x83,0x7e,0x7e,0x87,0x98,0xe3,0xd6,0x1f,0xa9,0xb7,0x2f,0xa0,0xa9,0x98,0x0e,0x77,0x88,0x9c,0x49,0x96,0x81,0x75,0x75,0x75,0x75,0x75,0x84,0x75,0x75,0x83,0x96,0x9e,0xae,0x82,0x0e,0x10,0x0a,0x14,0x87,0x7e,0x7e,0x79,0x81,0x7e,0x79,0x94,0x1f,0x3b,0x2a,0x00,0x06,0x00,0x00,0x00,0x00,0x00,0x00,0x00,0x00,0x00,0x00,0x00,0x00,0x00,0x00,0x00,0x00,0x00,0x00,0x00,0x00,0x00,0x00,0x00,0x00,0x00,0x00,0x00,0x00,0x00,0x00,0x00,0x00,0x00,0x00,0x00,0x00,0x00,0x00,0x00,0x00,0x00,
    0x00,0x00,0x00,0x00,0x00,0x00,0x00,0x00,0x00,0x00,0x00,0x00,0x00,0x00,0x00,0x00,0x00,0x00,0x00,0x00,0x00,0x00,0x00,0x00,0x00,0x00,0x00,0x00,0x00,0x00,0x00,0x00,0x00,0x00,0x00,0x00,0x00,0x00,0x00,0x00,0x00,0x05,0x0c,0x45,0x58,0x47,0x00,0x00,0x54,0x68,0x91,0x8b,0x83,0x84,0x8b,0x90,0xc3,0xde,0xd2,0xf9,0xd1,0xee,0x97,0x89,0xa2,0xa5,0x82,0x89,0x77,0x1b,0x26,0x90,0x8b,0x8b,0x75,0x75,0x75,0x81,0x79,0x79,0x7e,0x81,0x96,0x1c,0xae,0x8d,0xc9,0xd5,0xa1,0x0e,0x79,0x7e,0x7e,0x79,0x75,0x84,0x7e,0x84,0xb7,0x14,0x54,0x2b,0x00,0x00,0x00,0x00,0x00,0x00,0x00,0x00,0x00,0x00,0x00,0x00,0x00,0x00,0x00,0x00,0x00,0x00,0x00,0x00,0x00,0x00,0x00,0x00,0x00,0x00,0x00,0x00,0x00,0x00,0x00,0x00,0x00,0x00,0x00,0x00,0x00,0x00,0x00,0x00,0x00,0x00,
    0x00,0x00,0x00,0x00,0x00,0x00,0x00,0x00,0x00,0x00,0x00,0x00,0x00,0x00,0x00,0x00,0x00,0x00,0x00,0x00,0x00,0x00,0x00,0x00,0x00,0x00,0x00,0x00,0x00,0x00,0x00,0x00,0x00,0x00,0x00,0x00,0x00,0x00,0x00,0x00,0x06,0x00,0x17,0x2d,0x2d,0x17,0x05,0x39,0x24,0x0a,0x75,0x83,0x84,0x75,0x81,0x1f,0xbb,0xe0,0xe0,0xe0,0xd2,0xfd,0x2f,0xbf,0x9e,0xac,0xb5,0x9e,0x9e,0x2f,0x0a,0x75,0x8b,0x8b,0x83,0x75,0x75,0x84,0x7e,0x79,0x81,0x8b,0x96,0xa5,0xb9,0xaa,0x9b,0xd3,0xa6,0x9c,0x10,0x90,0x83,0x84,0x75,0x75,0x84,0x75,0x8b,0x14,0x24,0x33,0x00,0x04,0x00,0x00,0x00,0x00,0x00,0x00,0x00,0x00,0x00,0x00,0x00,0x00,0x00,0x00,0x00,0x00,0x00,0x00,0x00,0x00,0x00,0x00,0x00,0x00,0x00,0x00,0x00,0x00,0x00,0x00,0x00,0x00,0x00,0x00,0x00,0x00,0x00,0x00,0x00,0x00,
    0x00,0x00,0x00,0x00,0x00,0x00,0x00,0x00,0x00,0x00,0x00,0x00,0x00,0x00,0x00,0x00,0x00,0x00,0x00,0x00,0x00,0x00,0x00,0x00,0x00,0x00,0x00,0x00,0x00,0x00,0x00,0x00,0x00,0x00,0x00,0x00,0x00,0x00,0x00,0x00,0x05,0x00,0x47,0x1e,0x5c,0x15,0x00,0x6a,0x53,0x1f,0x8b,0x81,0x79,0x7e,0x79,0xc2,0xb2,0xf9,0xde,0xd2,0xd2,0xbb,0x0a,0x83,0x41,0x9e,0xaa,0x9b,0x85,0x1b,0xa6,0xbf,0x97,0x10,0x94,0x81,0x75,0x83,0x75,0x81,0x75,0x8b,0x87,0xa5,0xa6,0x9b,0x11,0x9e,0x9c,0x14,0x49,0xa1,0x83,0x75,0x81,0x81,0x79,0x7e,0x87,0x14,0x43,0x6b,0x00,0x04,0x00,0x00,0x00,0x00,0x00,0x00,0x00,0x00,0x00,0x00,0x00,0x00,0x00,0x00,0x00,0x00,0x00,0x00,0x00,0x00,0x00,0x00,0x00,0x00,0x00,0x00,0x00,0x00,0x00,0x00,0x00,0x00,0x00,0x00,0x00,0x00,0x00,0x00,0x00,0x00,
    0x00,0x00,0x00,0x00,0x00,0x00,0x00,0x00,0x00,0x00,0x00,0x00,0x00,0x00,0x00,0x00,0x00,0x00,0x00,0x00,0x00,0x00,0x00,0x00,0x00,0x00,0x00,0x00,0x00,0x00,0x00,0x00,0x00,0x00,0x00,0x00,0x00,0x00,0x00,0x00,0x04,0x00,0x25,0x19,0x61,0x01,0x15,0x37,0x67,0x79,0x8b,0x79,0x79,0x7e,0x87,0xa9,0xbf,0xb7,0x41,0xb4,0xfd,0xb3,0x7e,0x0e,0x9e,0x7d,0x88,0x77,0x89,0x1c,0xa6,0x96,0x43,0x10,0x87,0x79,0x7e,0x84,0x81,0x79,0x7e,0x81,0x96,0xa5,0xb6,0x88,0x85,0x9b,0x41,0x0e,0x9c,0xa1,0x83,0x81,0x79,0x79,0x79,0x7e,0x94,0x97,0x3b,0x2a,0x0c,0x00,0x00,0x00,0x00,0x00,0x00,0x00,0x00,0x00,0x00,0x00,0x00,0x00,0x00,0x00,0x00,0x00,0x00,0x00,0x00,0x00,0x00,0x00,0x00,0x00,0x00,0x00,0x00,0x00,0x00,0x00,0x00,0x00,0x00,0x00,0x00,0x00,0x00,0x00,0x00,0x00,
    0x00,0x00,0x00,0x00,0x00,0x00,0x00,0x00,0x00,0x00,0x00,0x00,0x00,0x00,0x00,0x00,0x00,0x00,0x00,0x00,0x00,0x00,0x00,0x00,0x00,0x00,0x00,0x00,0x00,0x00,0x00,0x00,0x00,0x00,0x00,0x00,0x00,0x00,0x00,0x00,0x04,0x00,0x61,0x19,0x25,0x00,0x17,0x5a,0x13,0x87,0x83,0x79,0x7e,0x96,0xd6,0xc3,0x9c,0x91,0xbf,0x91,0x2f,0x40,0x26,0x9c,0x8d,0x7f,0x7d,0x8a,0x88,0x9e,0x10,0x1f,0x2f,0x9b,0x96,0x7e,0x79,0x79,0x79,0x79,0x79,0x7e,0x87,0xa5,0x95,0xa1,0x81,0xa1,0xa6,0x43,0x0e,0x96,0x7e,0x79,0x79,0x79,0x79,0x94,0x96,0x97,0x0e,0x4a,0x15,0x00,0x05,0x00,0x00,0x00,0x00,0x00,0x00,0x00,0x00,0x00,0x00,0x00,0x00,0x00,0x00,0x00,0x00,0x00,0x00,0x00,0x00,0x00,0x00,0x00,0x00,0x00,0x00,0x00,0x00,0x00,0x00,0x00,0x00,0x00,0x00,0x00,0x00,0x00,0x00,0x00,
    0x00,0x00,0x00,0x00,0x00,0x00,0x00,0x00,0x00,0x00,0x00,0x00,0x00,0x00,0x00,0x00,0x00,0x00,0x00,0x00,0x00,0x00,0x00,0x00,0x00,0x00,0x00,0x00,0x00,0x00,0x00,0x00,0x00,0x00,0x00,0x00,0x00,0x00,0x00,0x00,0x04,0x00,0x61,0x19,0x25,0x00,0x2a,0x1e,0x8a,0x79,0x1f,0x91,0x81,0x8b,0xf9,0xd2,0xf8,0xa4,0xc3,0xee,0x9c,0x9c,0x0e,0xc2,0x7f,0x7d,0x7f,0x7d,0x89,0x11,0x0a,0x97,0x1c,0xa6,0x87,0x7e,0x79,0x79,0x79,0x79,0x79,0x79,0x79,0xa5,0x95,0xbd,0x79,0xba,0x88,0xb9,0x40,0x87,0x81,0x79,0x79,0x81,0x84,0x26,0x7e,0x98,0x49,0x4b,0x47,0x00,0x08,0x00,0x00,0x00,0x00,0x00,0x00,0x00,0x00,0x00,0x00,0x00,0x00,0x00,0x00,0x00,0x00,0x00,0x00,0x00,0x00,0x00,0x00,0x00,0x00,0x00,0x00,0x00,0x00,0x00,0x00,0x00,0x00,0x00,0x00,0x00,0x00,0x00,0x00,0x00,
    0x00,0x00,0x00,0x00,0x00,0x00,0x00,0x00,0x00,0x00,0x00,0x00,0x00,0x00,0x00,0x00,0x00,0x00,0x00,0x00,0x00,0x00,0x00,0x00,0x00,0x00,0x00,0x00,0x00,0x00,0x00,0x00,0x00,0x00,0x00,0x00,0x00,0x00,0x00,0x00,0x04,0x00,0x25,0x19,0x50,0x05,0x4f,0x1e,0xbf,0xc2,0x14,0x91,0xcf,0x0e,0xde,0xe0,0xe0,0xe0,0xd2,0xde,0xeb,0x43,0x49,0x7f,0x93,0x7f,0x7f,0x8a,0xa1,0xac,0x11,0x11,0xac,0xaa,0x87,0x81,0x7e,0x7e,0x7e,0x7e,0x7e,0x8b,0x0a,0x0e,0xa0,0xa2,0x7d,0x7f,0x85,0x9b,0x40,0x8b,0x8b,0x84,0x84,0x8b,0x75,0x0e,0x10,0x10,0x14,0x58,0x47,0x00,0x08,0x00,0x00,0x00,0x00,0x00,0x00,0x00,0x00,0x00,0x00,0x00,0x00,0x00,0x00,0x00,0x00,0x00,0x00,0x00,0x00,0x00,0x00,0x00,0x00,0x00,0x00,0x00,0x00,0x00,0x00,0x00,0x00,0x00,0x00,0x00,0x00,0x00,0x00,0x00,
    0x00,0x00,0x00,0x00,0x00,0x00,0x00,0x00,0x00,0x00,0x00,0x00,0x00,0x00,0x00,0x00,0x00,0x00,0x00,0x00,0x00,0x00,0x00,0x00,0x00,0x00,0x00,0x00,0x00,0x00,0x00,0x00,0x00,0x00,0x00,0x00,0x00,0x00,0x00,0x00,0x04,0x00,0x47,0x3c,0x37,0x15,0x37,0x1b,0x96,0x26,0xca,0xa0,0x87,0x14,0xe3,0xf8,0xde,0xd2,0xe0,0xd2,0xbc,0xf1,0x7f,0x7d,0x8a,0x8a,0x8a,0xbd,0xa2,0xa6,0x0e,0x11,0xae,0x11,0xa9,0x87,0x87,0x87,0x87,0x94,0x94,0x8b,0xca,0x1c,0xa1,0xae,0x89,0x7d,0x7f,0x7f,0x0e,0xca,0x8b,0x75,0x91,0x91,0x90,0x97,0x0a,0x10,0x14,0x4a,0x05,0x08,0x00,0x00,0x00,0x00,0x00,0x00,0x00,0x00,0x00,0x00,0x00,0x00,0x00,0x00,0x00,0x00,0x00,0x00,0x00,0x00,0x00,0x00,0x00,0x00,0x00,0x00,0x00,0x00,0x00,0x00,0x00,0x00,0x00,0x00,0x00,0x00,0x00,0x00,0x00,0x00,
    0x00,0x00,0x00,0x00,0x00,0x00,0x00,0x00,0x00,0x00,0x00,0x00,0x00,0x00,0x00,0x00,0x00,0x00,0x00,0x00,0x00,0x00,0x00,0x00,0x00,0x00,0x00,0x00,0x00,0x00,0x00,0x00,0x00,0x00,0x00,0x00,0x00,0x00,0x00,0x00,0x06,0x00,0x17,0x4d,0x40,0x37,0x31,0x49,0x7e,0x14,0xb7,0xa1,0x94,0xcf,0xa9,0x0a,0xa5,0xf3,0xf9,0xde,0x29,0x7e,0x8a,0x7d,0x89,0x93,0xa6,0xd3,0xd3,0x10,0x2f,0x98,0x95,0x1b,0x98,0x98,0x98,0x98,0x0a,0x10,0x10,0xca,0xd5,0x9e,0xac,0xd5,0xae,0x7d,0x8a,0x82,0x2f,0x9c,0x92,0x84,0x26,0x0a,0x96,0x97,0x97,0x10,0x14,0x4a,0x1a,0x08,0x00,0x00,0x00,0x00,0x00,0x00,0x00,0x00,0x00,0x00,0x00,0x00,0x00,0x00,0x00,0x00,0x00,0x00,0x00,0x00,0x00,0x00,0x00,0x00,0x00,0x00,0x00,0x00,0x00,0x00,0x00,0x00,0x00,0x00,0x00,0x00,0x00,0x00,0x00,0x00,
    0x00,0x00,0x00,0x00,0x00,0x00,0x00,0x00,0x00,0x00,0x00,0x00,0x00,0x00,0x00,0x00,0x00,0x00,0x00,0x00,0x00,0x00,0x00,0x00,0x00,0x00,0x00,0x00,0x00,0x00,0x00,0x00,0x00,0x00,0x00,0x00,0x00,0x00,0x00,0x00,0x00,0x01,0x1a,0x51,0x53,0x4d,0x2d,0xa9,0x10,0x14,0xc2,0x96,0x9c,0xe3,0xd6,0x97,0x92,0xcf,0xf6,0x43,0xd5,0x85,0x8d,0xa0,0xac,0xaa,0xb9,0x9e,0x9e,0xa6,0x2f,0x9b,0x88,0x13,0x13,0x13,0x13,0xaa,0xaa,0xac,0xaa,0x11,0x2f,0xb9,0x13,0xa6,0x11,0x8a,0xa0,0x7e,0x43,0xca,0x90,0x0a,0x98,0xa6,0xa9,0xea,0x0e,0x79,0xca,0x30,0x50,0x00,0x06,0x00,0x00,0x00,0x00,0x00,0x00,0x00,0x00,0x00,0x00,0x00,0x00,0x00,0x00,0x00,0x00,0x00,0x00,0x00,0x00,0x00,0x00,0x00,0x00,0x00,0x00,0x00,0x00,0x00,0x00,0x00,0x00,0x00,0x00,0x00,0x00,0x00,0x00,0x00,
    0x00,0x00,0x00,0x00,0x00,0x00,0x00,0x00,0x00,0x00,0x00,0x00,0x00,0x00,0x00,0x00,0x00,0x00,0x00,0x00,0x00,0x00,0x00,0x00,0x00,0x00,0x00,0x00,0x00,0x00,0x00,0x00,0x00,0x00,0x00,0x00,0x00,0x00,0x00,0x00,0x00,0x06,0x00,0x1d,0x46,0x63,0x5c,0xbf,0x10,0x26,0x7e,0xa9,0xc3,0xde,0xd2,0xf8,0xf9,0xf3,0x9a,0x0e,0xbf,0xa6,0xb9,0x29,0x80,0x80,0x73,0x7a,0x99,0xdb,0x9e,0xb6,0x95,0x89,0x89,0x89,0x89,0x89,0x85,0x85,0x88,0xaa,0x9e,0xc3,0x9a,0x99,0x99,0x38,0xb9,0xa2,0xd5,0x98,0x98,0x9c,0x49,0xa6,0xa9,0x0e,0x0a,0x96,0x14,0x24,0x21,0x01,0x08,0x00,0x00,0x00,0x00,0x00,0x00,0x00,0x00,0x00,0x00,0x00,0x00,0x00,0x00,0x00,0x00,0x00,0x00,0x00,0x00,0x00,0x00,0x00,0x00,0x00,0x00,0x00,0x00,0x00,0x00,0x00,0x00,0x00,0x00,0x00,0x00,0x00,0x00,0x00,
    0x00,0x00,0x00,0x00,0x00,0x00,0x00,0x00,0x00,0x00,0x00,0x00,0x00,0x00,0x00,0x00,0x00,0x00,0x00,0x00,0x00,0x00,0x00,0x00,0x00,0x00,0x00,0x00,0x00,0x00,0x00,0x00,0x00,0x00,0x00,0x00,0x00,0x00,0x00,0x00,0x00,0x00,0x08,0x08,0x55,0x60,0x40,0x7e,0xb7,0x1f,0x94,0x92,0xeb,0xd2,0xe0,0xe0,0xd2,0xd2,0xde,0xb2,0xc9,0x40,0x80,0x80,0xce,0xa5,0xb2,0x38,0x38,0x9a,0xc6,0xb9,0x82,0xba,0x8a,0x7d,0x7d,0x7d,0x7d,0x8a,0x85,0xb5,0xc7,0x99,0x99,0x9a,0xdb,0xc6,0x80,0x29,0x41,0x1c,0xb6,0xd3,0xd5,0x10,0x92,0x90,0x84,0x81,0xea,0x24,0x21,0x00,0x06,0x00,0x00,0x00,0x00,0x00,0x00,0x00,0x00,0x00,0x00,0x00,0x00,0x00,0x00,0x00,0x00,0x00,0x00,0x00,0x00,0x00,0x00,0x00,0x00,0x00,0x00,0x00,0x00,0x00,0x00,0x00,0x00,0x00,0x00,0x00,0x00,0x00,0x00,0x00,
    0x00,0x00,0x00,0x00,0x00,0x00,0x00,0x00,0x00,0x00,0x00,0x00,0x00,0x00,0x00,0x00,0x00,0x00,0x00,0x00,0x00,0x00,0x00,0x00,0x00,0x00,0x00,0x00,0x00,0x00,0x00,0x00,0x00,0x00,0x00,0x00,0x00,0x00,0x00,0x00,0x00,0x00,0x08,0x00,0x47,0x66,0x9c,0xb7,0xb7,0xb7,0x84,0x83,0xb2,0xa4,0xf8,0xde,0xd2,0xe0,0xde,0xaa,0xac,0x80,0xc7,0xaa,0x8d,0xb2,0x99,0xc6,0xc3,0x1c,0xb9,0x29,0x77,0x7f,0x7d,0x7f,0x7f,0x7f,0x7d,0x82,0x85,0xb2,0x29,0x9a,0x99,0xc3,0xa5,0xba,0xb2,0x80,0x38,0x89,0x7e,0x0e,0x2f,0x8b,0x75,0x8b,0x90,0x0a,0x14,0x4c,0x4e,0x0c,0x04,0x05,0x00,0x00,0x00,0x00,0x00,0x00,0x00,0x00,0x00,0x00,0x00,0x00,0x00,0x00,0x00,0x00,0x00,0x00,0x00,0x00,0x00,0x00,0x00,0x00,0x00,0x00,0x00,0x00,0x00,0x00,0x00,0x00,0x00,0x00,0x00,0x00,0x00,0x00,
    0x00,0x00,0x00,0x00,0x00,0x00,0x00,0x00,0x00,0x00,0x00,0x00,0x00,0x00,0x00,0x00,0x00,0x00,0x00,0x00,0x00,0x00,0x00,0x00,0x00,0x00,0x00,0x00,0x00,0x00,0x00,0x00,0x00,0x00,0x00,0x00,0x00,0x00,0x00,0x00,0x00,0x00,0x00,0x04,0x2b,0x18,0x4c,0x91,0x81,0x81,0x84,0x75,0x90,0x8b,0x97,0x0e,0xf3,0xf8,0xe3,0x11,0xc7,0xc7,0x95,0x8d,0xa5,0x80,0xfe,0x95,0x95,0x9a,0xc3,0x93,0x95,0x77,0x82,0x93,0x82,0x82,0x93,0x93,0xba,0x13,0xce,0xb2,0x9b,0x13,0x86,0xa5,0x8d,0xd6,0x80,0xdb,0x90,0x29,0x29,0x90,0x83,0x81,0x7e,0x94,0x26,0x0a,0x1e,0x2c,0x00,0x04,0x00,0x00,0x00,0x00,0x00,0x00,0x00,0x00,0x00,0x00,0x00,0x00,0x00,0x00,0x00,0x00,0x00,0x00,0x00,0x00,0x00,0x00,0x00,0x00,0x00,0x00,0x00,0x00,0x00,0x00,0x00,0x00,0x00,0x00,0x00,0x00,0x00,0x00,
    0x00,0x00,0x00,0x00,0x00,0x00,0x00,0x00,0x00,0x00,0x00,0x00,0x00,0x00,0x00,0x00,0x00,0x00,0x00,0x00,0x00,0x00,0x00,0x00,0x00,0x00,0x00,0x00,0x00,0x00,0x00,0x00,0x00,0x00,0x00,0x00,0x00,0x00,0x00,0x00,0x00,0x00,0x00,0x06,0x00,0x2c,0x3c,0x0a,0x94,0x79,0x79,0x81,0x83,0x84,0x90,0xcf,0xd1,0xcb,0x13,0xd6,0x80,0x9e,0x8d,0x85,0x38,0x7a,0x93,0x8d,0x77,0x99,0x7a,0x95,0x85,0xba,0x93,0x93,0x93,0x93,0x93,0x93,0x8d,0x1c,0x9a,0x8d,0x8d,0xb5,0x8e,0x9a,0x7d,0x89,0x9a,0x99,0xa9,0xe6,0xd7,0xcf,0x81,0x79,0x7e,0x87,0x98,0xea,0x9c,0x43,0x70,0x08,0x04,0x00,0x00,0x00,0x00,0x00,0x00,0x00,0x00,0x00,0x00,0x00,0x00,0x00,0x00,0x00,0x00,0x00,0x00,0x00,0x00,0x00,0x00,0x00,0x00,0x00,0x00,0x00,0x00,0x00,0x00,0x00,0x00,0x00,0x00,0x00,0x00,0x00,
    0x00,0x00,0x00,0x00,0x00,0x00,0x00,0x00,0x00,0x00,0x00,0x00,0x00,0x00,0x00,0x00,0x00,0x00,0x00,0x00,0x00,0x00,0x00,0x00,0x00,0x00,0x00,0x00,0x00,0x00,0x00,0x00,0x00,0x00,0x00,0x00,0x00,0x00,0x00,0x00,0x00,0x00,0x05,0x01,0x0c,0x2d,0x26,0x97,0x81,0x79,0x79,0x79,0x79,0xbd,0x96,0xb9,0xe4,0xcb,0xf2,0xa5,0x74,0x95,0x85,0x7f,0x9a,0xfd,0xf2,0x77,0xfe,0xa3,0xb1,0xaa,0x88,0x7d,0x7d,0x7d,0x7d,0x7d,0x82,0x93,0x8d,0xc3,0x76,0xaa,0x88,0xfa,0xf0,0x99,0x9b,0x8d,0xa5,0x80,0x9c,0xaf,0xdc,0xcf,0xbd,0x79,0x79,0x79,0x98,0x31,0x56,0x0e,0x2e,0x17,0x00,0x08,0x00,0x00,0x00,0x00,0x00,0x00,0x00,0x00,0x00,0x00,0x00,0x00,0x00,0x00,0x00,0x00,0x00,0x00,0x00,0x00,0x00,0x00,0x00,0x00,0x00,0x00,0x00,0x00,0x00,0x00,0x00,0x00,0x00,0x00,0x00,0x00,
    0x00,0x00,0x00,0x00,0x00,0x00,0x00,0x00,0x00,0x00,0x00,0x00,0x00,0x00,0x00,0x00,0x00,0x00,0x00,0x00,0x00,0x00,0x00,0x00,0x00,0x00,0x00,0x00,0x00,0x00,0x00,0x00,0x00,0x00,0x00,0x00,0x00,0x00,0x00,0x00,0x00,0x00,0x06,0x00,0x1d,0x56,0x91,0xb7,0x83,0x79,0x79,0x7e,0x81,0x94,0xb7,0xab,0xdd,0xc5,0xb2,0x88,0xc3,0x13,0x89,0x77,0xeb,0xff,0xb0,0xf7,0xf7,0xb0,0xf0,0x13,0x89,0x7d,0x7f,0x7f,0x7f,0x7f,0x7f,0x8a,0x8d,0xc3,0xfd,0xff,0xb0,0xf7,0xff,0xa3,0x95,0x8d,0xb9,0xce,0x1c,0xbe,0xe6,0xb7,0x7e,0x84,0x81,0x7e,0x96,0x58,0x4e,0x3e,0x14,0x2e,0x15,0x00,0x05,0x00,0x00,0x00,0x00,0x00,0x00,0x00,0x00,0x00,0x00,0x00,0x00,0x00,0x00,0x00,0x00,0x00,0x00,0x00,0x00,0x00,0x00,0x00,0x00,0x00,0x00,0x00,0x00,0x00,0x00,0x00,0x00,0x00,0x00,0x00,
    0x00,0x00,0x00,0x00,0x00,0x00,0x00,0x00,0x00,0x00,0x00,0x00,0x00,0x00,0x00,0x00,0x00,0x00,0x00,0x00,0x00,0x00,0x00,0x00,0x00,0x00,0x00,0x00,0x00,0x00,0x00,0x00,0x00,0x00,0x00,0x00,0x00,0x00,0x04,0x05,0x04,0x06,0x00,0x00,0x37,0x4c,0x92,0x84,0x75,0x7e,0x79,0x75,0x83,0x92,0xd7,0xad,0x49,0x2f,0xb2,0x85,0xba,0x9b,0x7f,0x8d,0xb2,0xb8,0x9b,0xfc,0x9b,0xfc,0xe3,0x8a,0x77,0x7f,0x7f,0x7f,0x7f,0x7f,0x7f,0x8a,0x8d,0xd9,0xc1,0xfc,0xfc,0x13,0xf7,0xe3,0x89,0x85,0xaa,0x8a,0xd6,0x9a,0x69,0x14,0x92,0x8b,0x83,0x84,0x81,0x3e,0x25,0x53,0x1b,0x3e,0x18,0x1a,0x06,0x00,0x00,0x00,0x00,0x00,0x00,0x00,0x00,0x00,0x00,0x00,0x00,0x00,0x00,0x00,0x00,0x00,0x00,0x00,0x00,0x00,0x00,0x00,0x00,0x00,0x00,0x00,0x00,0x00,0x00,0x00,0x00,0x00,0x00,0x00,
    0x00,0x00,0x00,0x00,0x00,0x00,0x00,0x00,0x00,0x00,0x00,0x00,0x00,0x00,0x00,0x00,0x00,0x00,0x00,0x00,0x00,0x00,0x00,0x00,0x00,0x00,0x00,0x00,0x00,0x00,0x00,0x00,0x00,0x00,0x00,0x00,0x01,0x00,0x00,0x00,0x00,0x00,0x2b,0x18,0x46,0x1f,0x92,0x83,0x81,0x79,0x79,0x81,0x90,0xa5,0xaf,0x8c,0xf6,0xdf,0x49,0xae,0x7f,0x7f,0x7d,0x89,0x9b,0xb2,0xba,0x88,0x85,0xfa,0xfe,0x88,0x8a,0x7f,0x7f,0x7f,0x7f,0x7f,0x7f,0x7d,0x85,0x9b,0xd9,0x88,0x88,0x89,0xd1,0x1c,0x8d,0x8a,0xa1,0xa2,0xea,0x14,0x97,0x1b,0x90,0x83,0x75,0x8b,0x90,0x5b,0x25,0x22,0x2d,0x98,0x3b,0x2a,0x00,0x06,0x00,0x00,0x00,0x00,0x00,0x00,0x00,0x00,0x00,0x00,0x00,0x00,0x00,0x00,0x00,0x00,0x00,0x00,0x00,0x00,0x00,0x00,0x00,0x00,0x00,0x00,0x00,0x00,0x00,0x00,0x00,0x00,0x00,0x00,
    0x00,0x00,0x00,0x00,0x00,0x00,0x00,0x00,0x00,0x00,0x00,0x00,0x00,0x00,0x00,0x00,0x00,0x00,0x00,0x00,0x00,0x00,0x00,0x00,0x00,0x00,0x00,0x00,0x00,0x00,0x00,0x00,0x00,0x00,0x00,0x05,0x00,0x08,0x1d,0x61,0x1d,0x2a,0x54,0x2e,0x10,0x84,0x83,0x84,0x79,0x79,0xbd,0x96,0x98,0xe4,0xe1,0xe6,0xd0,0xf6,0xaa,0xac,0x89,0x7d,0x77,0xb6,0x93,0x11,0xd6,0xb9,0xd6,0x1c,0x85,0x82,0x7d,0x7f,0x7f,0x8a,0x8a,0x7d,0x7f,0x7f,0x7d,0x88,0xac,0xb2,0xd9,0xd6,0xd9,0x77,0xba,0x7d,0x85,0xb5,0x0e,0xce,0xab,0xd1,0x75,0x83,0x84,0x81,0x7e,0xc2,0x19,0x15,0x55,0x3e,0x97,0x52,0x22,0x05,0x05,0x00,0x00,0x00,0x00,0x00,0x00,0x00,0x00,0x00,0x00,0x00,0x00,0x00,0x00,0x00,0x00,0x00,0x00,0x00,0x00,0x00,0x00,0x00,0x00,0x00,0x00,0x00,0x00,0x00,0x00,0x00,0x00,0x00,
    0x00,0x00,0x00,0x00,0x00,0x00,0x00,0x00,0x00,0x00,0x00,0x00,0x00,0x00,0x00,0x00,0x00,0x00,0x00,0x00,0x00,0x00,0x00,0x00,0x00,0x00,0x00,0x00,0x00,0x00,0x00,0x00,0x00,0x00,0x05,0x01,0x0c,0x54,0x2d,0x4b,0x31,0x30,0x1e,0x98,0x94,0x7e,0x81,0x75,0x84,0x7e,0x87,0x8b,0xab,0xab,0xe3,0x40,0xec,0xdf,0xae,0x11,0x85,0x8a,0xa0,0x79,0xb6,0xa6,0xa6,0xa6,0x95,0x77,0x93,0x7f,0x7d,0x7f,0x8a,0x93,0x93,0x93,0x8a,0x7d,0x7f,0x7d,0x89,0x9b,0xaa,0x9e,0xa6,0xb6,0xc9,0xa2,0x77,0x11,0x0e,0xf6,0xd4,0xe4,0x97,0x96,0xbd,0x7e,0xa0,0x77,0x3c,0x2c,0x47,0x30,0x1f,0x19,0x2a,0x00,0x06,0x00,0x00,0x00,0x00,0x00,0x00,0x00,0x00,0x00,0x00,0x00,0x00,0x00,0x00,0x00,0x00,0x00,0x00,0x00,0x00,0x00,0x00,0x00,0x00,0x00,0x00,0x00,0x00,0x00,0x00,0x00,0x00,0x00,
    0x00,0x00,0x00,0x00,0x00,0x00,0x00,0x00,0x00,0x00,0x00,0x00,0x00,0x00,0x00,0x00,0x00,0x00,0x00,0x00,0x00,0x00,0x00,0x00,0x00,0x00,0x00,0x00,0x00,0x00,0x00,0x00,0x00,0x05,0x00,0x08,0x25,0x1e,0xc2,0x96,0xc2,0xc2,0x94,0x94,0x7e,0x79,0x7e,0x75,0x83,0x79,0x92,0xdc,0xa8,0xd9,0xe9,0xec,0xec,0xdf,0xc2,0x1c,0x95,0xa0,0x7e,0xb6,0xae,0xb6,0x94,0x87,0x93,0x93,0x82,0x8a,0x93,0x82,0x82,0x93,0xa2,0x93,0x93,0x7d,0x7f,0x7f,0x7d,0x85,0x89,0xa1,0xbd,0xae,0xb6,0x94,0xc2,0x1b,0xf1,0xcd,0xf4,0xd1,0xd1,0x90,0x81,0x7e,0xa2,0x82,0xac,0x45,0x54,0x3e,0x0a,0x3e,0x25,0x05,0x01,0x00,0x00,0x00,0x00,0x00,0x00,0x00,0x00,0x00,0x00,0x00,0x00,0x00,0x00,0x00,0x00,0x00,0x00,0x00,0x00,0x00,0x00,0x00,0x00,0x00,0x00,0x00,0x00,0x00,0x00,0x00,0x00,0x00,
    0x00,0x00,0x00,0x00,0x00,0x00,0x00,0x00,0x00,0x00,0x00,0x00,0x00,0x00,0x00,0x00,0x00,0x00,0x00,0x00,0x00,0x00,0x00,0x00,0x00,0x00,0x00,0x00,0x00,0x00,0x00,0x00,0x01,0x05,0x0c,0x54,0x3e,0x81,0x7e,0x83,0x79,0x7e,0x83,0x81,0x79,0x79,0x7e,0x81,0x83,0x75,0xd1,0xa8,0xa7,0xd7,0x88,0xae,0xf4,0xe8,0xfb,0xe8,0xaa,0x89,0xbd,0xb6,0xb6,0xbd,0x7e,0xa2,0x93,0x82,0x7d,0x7f,0x7d,0x7d,0x7f,0x82,0x93,0x82,0x7d,0x7f,0x7f,0x7f,0x7f,0x8a,0xa2,0x81,0xae,0xae,0xb6,0xa1,0xaa,0xd3,0xf1,0xec,0xec,0x8b,0xe6,0xd9,0xcf,0x7e,0x7e,0x81,0x94,0x68,0x5a,0x0a,0x8b,0x0a,0x4f,0x05,0x00,0x00,0x00,0x00,0x00,0x00,0x00,0x00,0x00,0x00,0x00,0x00,0x00,0x00,0x00,0x00,0x00,0x00,0x00,0x00,0x00,0x00,0x00,0x00,0x00,0x00,0x00,0x00,0x00,0x00,0x00,0x00,0x00,0x00,
    0x00,0x00,0x00,0x00,0x00,0x00,0x00,0x00,0x00,0x00,0x00,0x00,0x00,0x00,0x00,0x00,0x00,0x00,0x00,0x00,0x00,0x00,0x00,0x00,0x00,0x00,0x00,0x00,0x00,0x00,0x00,0x00,0x05,0x05,0x15,0x3c,0xb7,0x8b,0x8b,0x75,0x83,0x83,0x83,0x84,0x79,0x79,0x79,0x79,0x90,0xb2,0xad,0x8f,0xa7,0xe5,0xb5,0x88,0xbd,0x43,0xd3,0xd3,0xa5,0x85,0xa2,0x79,0x94,0xa2,0xa0,0x93,0x82,0x7f,0x7f,0x7f,0x7f,0x7f,0x7f,0x77,0x7f,0x7f,0x7f,0x7f,0x7f,0x7f,0x93,0x93,0xa0,0x79,0xbd,0xb6,0xc9,0xa2,0xdf,0xfb,0xdf,0xd5,0x95,0x10,0xbe,0xd4,0x8b,0x94,0x79,0x7e,0x87,0x0a,0x9c,0x92,0xb7,0x3c,0x32,0x00,0x04,0x00,0x00,0x00,0x00,0x00,0x00,0x00,0x00,0x00,0x00,0x00,0x00,0x00,0x00,0x00,0x00,0x00,0x00,0x00,0x00,0x00,0x00,0x00,0x00,0x00,0x00,0x00,0x00,0x00,0x00,0x00,0x00,0x00,
    0x00,0x00,0x00,0x00,0x00,0x00,0x00,0x00,0x00,0x00,0x00,0x00,0x00,0x00,0x00,0x00,0x00,0x00,0x00,0x00,0x00,0x00,0x00,0x00,0x00,0x00,0x00,0x00,0x00,0x00,0x00,0x00,0x00,0x06,0x00,0x52,0x83,0x8b,0x8b,0x83,0x92,0x0a,0x9c,0x92,0x83,0x79,0x7e,0x96,0xb9,0xaf,0xc8,0xc8,0xa7,0xe5,0xbe,0xa5,0x83,0x41,0x95,0x8d,0xac,0x1b,0xbf,0xba,0xba,0x93,0x93,0x82,0x7d,0x7f,0x7f,0x7f,0x7f,0x7f,0x7f,0x93,0x93,0x7d,0x7d,0x7f,0x7f,0x7f,0x7d,0x7d,0x7d,0x8a,0xa0,0xbd,0xa1,0x9e,0x0e,0xd5,0x1b,0x88,0x88,0xd1,0xe2,0xcb,0x9e,0x96,0xbd,0x79,0x79,0x79,0x1f,0x83,0xca,0x5a,0x33,0x00,0x04,0x00,0x00,0x00,0x00,0x00,0x00,0x00,0x00,0x00,0x00,0x00,0x00,0x00,0x00,0x00,0x00,0x00,0x00,0x00,0x00,0x00,0x00,0x00,0x00,0x00,0x00,0x00,0x00,0x00,0x00,0x00,0x00,0x00,
    0x00,0x00,0x00,0x00,0x00,0x00,0x00,0x00,0x00,0x00,0x00,0x00,0x00,0x00,0x00,0x00,0x00,0x00,0x00,0x00,0x00,0x00,0x00,0x00,0x00,0x00,0x00,0x00,0x00,0x00,0x00,0x00,0x59,0x04,0x0c,0x1e,0xb7,0x8b,0x90,0x87,0x81,0x41,0x98,0x87,0x81,0x7e,0x94,0xb7,0xab,0x9f,0x7c,0x8f,0xa8,0xe5,0xe2,0xe2,0xe3,0x38,0xd6,0xaa,0xd9,0x5d,0xd9,0x89,0x85,0x82,0x93,0x82,0x82,0x93,0x82,0x82,0x8a,0x77,0x95,0x98,0xe9,0xb5,0x7f,0x8a,0x7d,0x7f,0x7f,0x7f,0x7f,0x7d,0x8a,0x8d,0xae,0x1c,0x8d,0x9e,0xac,0x93,0xd1,0xd8,0xda,0xe1,0xd7,0x90,0x81,0x7e,0x7e,0x92,0xca,0x0e,0x40,0x51,0x00,0x04,0x00,0x00,0x00,0x00,0x00,0x00,0x00,0x00,0x00,0x00,0x00,0x00,0x00,0x00,0x00,0x00,0x00,0x00,0x00,0x00,0x00,0x00,0x00,0x00,0x00,0x00,0x00,0x00,0x00,0x00,0x00,0x00,0x00,0x00,
    0x00,0x00,0x00,0x00,0x00,0x00,0x00,0x00,0x00,0x00,0x00,0x00,0x00,0x00,0x00,0x00,0x00,0x00,0x00,0x00,0x00,0x00,0x00,0x00,0x00,0x00,0x00,0x00,0x00,0x00,0x00,0x00,0x08,0x00,0x17,0x1f,0x1f,0x97,0x56,0x56,0x41,0x11,0xa1,0x81,0x94,0xbd,0x96,0x1c,0xad,0xa8,0xa8,0xa8,0xa8,0xd8,0xda,0xda,0xe2,0xee,0x69,0xda,0xad,0xda,0xd8,0xd1,0xb5,0x88,0x85,0x93,0xba,0xba,0x93,0x93,0x8a,0x7f,0x7f,0x7d,0x7d,0x7d,0x7f,0x7d,0x7f,0x7f,0x7d,0x8a,0x82,0x85,0x88,0xac,0xd4,0xdc,0xfe,0x43,0xc3,0xd4,0xda,0xda,0xe1,0xa8,0xab,0x75,0x81,0x7e,0x81,0x8b,0x0a,0x3b,0x24,0x16,0x00,0x00,0x00,0x00,0x00,0x00,0x00,0x00,0x00,0x00,0x00,0x00,0x00,0x00,0x00,0x00,0x00,0x00,0x00,0x00,0x00,0x00,0x00,0x00,0x00,0x00,0x00,0x00,0x00,0x00,0x00,0x00,0x00,0x00,0x00,0x00,
    0x00,0x00,0x00,0x00,0x00,0x00,0x00,0x00,0x00,0x00,0x00,0x00,0x00,0x00,0x00,0x00,0x00,0x00,0x00,0x00,0x00,0x00,0x00,0x00,0x00,0x00,0x00,0x00,0x00,0x00,0x00,0x00,0x08,0x00,0x17,0x91,0x5b,0x45,0x37,0x4d,0x1b,0x87,0x83,0x84,0x8b,0x79,0x92,0xdc,0xa8,0xa8,0x9f,0x9f,0xa8,0xcb,0x7c,0x69,0xee,0xed,0xef,0xdb,0xcb,0xda,0xe2,0xd8,0xbe,0xd7,0xac,0x96,0x85,0x7f,0x82,0x82,0x7d,0x7d,0x7f,0x7f,0x7f,0x7f,0x7d,0x8a,0x8a,0x7d,0x89,0x88,0x85,0xb5,0xd1,0xe5,0xad,0xe1,0xe5,0xe8,0x5d,0xda,0xe1,0xe1,0xad,0xc4,0xab,0x8b,0x94,0x7e,0x79,0x81,0x92,0x1f,0x31,0x22,0x00,0x08,0x00,0x00,0x00,0x00,0x00,0x00,0x00,0x00,0x00,0x00,0x00,0x00,0x00,0x00,0x00,0x00,0x00,0x00,0x00,0x00,0x00,0x00,0x00,0x00,0x00,0x00,0x00,0x00,0x00,0x00,0x00,0x00,0x00,0x00,
    0x00,0x00,0x00,0x00,0x00,0x00,0x00,0x00,0x00,0x00,0x00,0x00,0x00,0x00,0x00,0x00,0x00,0x00,0x00,0x00,0x00,0x00,0x00,0x00,0x00,0x00,0x00,0x00,0x00,0x00,0x00,0x00,0x08,0x00,0x17,0x26,0x3e,0x28,0x32,0x67,0x7e,0x83,0x90,0x98,0xdd,0xc2,0x84,0xab,0x9f,0x9f,0x8f,0x8c,0x7c,0xe1,0x8c,0xd4,0xef,0xed,0xed,0xdb,0xad,0xe2,0xd8,0xd8,0xda,0xad,0xe1,0xdd,0xf2,0xb5,0x77,0x89,0x85,0x85,0x7f,0x7d,0x7f,0x85,0x89,0x8d,0x88,0x89,0xae,0xf2,0xd1,0xe5,0xd8,0xe2,0xa8,0xe6,0xee,0xed,0xef,0xce,0xad,0xaf,0xad,0xc4,0xab,0x8b,0x79,0x7e,0x79,0x79,0x7e,0x91,0x3e,0x32,0x00,0x04,0x00,0x00,0x00,0x00,0x00,0x00,0x00,0x00,0x00,0x00,0x00,0x00,0x00,0x00,0x00,0x00,0x00,0x00,0x00,0x00,0x00,0x00,0x00,0x00,0x00,0x00,0x00,0x00,0x00,0x00,0x00,0x00,0x00,0x00,
    0x00,0x00,0x00,0x00,0x00,0x00,0x00,0x00,0x00,0x00,0x00,0x00,0x00,0x00,0x00,0x00,0x00,0x00,0x00,0x00,0x00,0x00,0x00,0x00,0x00,0x00,0x00,0x00,0x00,0x00,0x00,0x00,0x04,0x00,0x22,0x97,0x18,0x17,0x4e,0x10,0x8b,0x81,0xcf,0xd7,0xa8,0xdc,0x91,0xab,0x8f,0x8f,0x8f,0x7c,0x8c,0xad,0x8c,0xc4,0x43,0xed,0xef,0xdd,0x9f,0xe2,0xd8,0xe5,0xbe,0xbe,0xe4,0xc5,0xf0,0xc5,0x69,0x40,0xd3,0xae,0xa0,0x7f,0x8a,0xb6,0xaa,0xa5,0xc3,0xce,0xc5,0x5d,0x5d,0xe5,0xe2,0xe2,0x7c,0xab,0xef,0xed,0xed,0xdd,0x8f,0xa8,0xad,0x9f,0xd7,0x84,0x8b,0x75,0x75,0x83,0x75,0x84,0x5b,0x55,0x05,0x08,0x00,0x00,0x00,0x00,0x00,0x00,0x00,0x00,0x00,0x00,0x00,0x00,0x00,0x00,0x00,0x00,0x00,0x00,0x00,0x00,0x00,0x00,0x00,0x00,0x00,0x00,0x00,0x00,0x00,0x00,0x00,0x00,0x00,0x00,
    0x00,0x00,0x00,0x00,0x00,0x00,0x00,0x00,0x00,0x00,0x00,0x00,0x00,0x00,0x00,0x00,0x00,0x00,0x00,0x00,0x00,0x00,0x00,0x00,0x00,0x00,0x00,0x00,0x00,0x00,0x00,0x00,0x04,0x00,0x22,0x19,0x31,0x32,0x31,0x0a,0x83,0x92,0x0a,0xab,0x8f,0xa7,0xd7,0xdc,0xc4,0x7c,0x7c,0x7c,0x8c,0xa8,0x8c,0xa7,0xee,0xab,0xdd,0xdd,0x9f,0x5d,0xb1,0x73,0x7b,0x86,0x86,0x7b,0x7b,0x73,0x80,0xc7,0xf5,0xe9,0xc9,0xb6,0xc9,0xe9,0x9a,0x80,0x80,0x80,0x73,0x76,0x73,0x73,0xf0,0xe2,0x7c,0xa7,0xf6,0xef,0xef,0xad,0xc8,0xa8,0xcb,0xaf,0x98,0x94,0x83,0x84,0x84,0x84,0x49,0x58,0x10,0x56,0x28,0x00,0x06,0x00,0x00,0x00,0x00,0x00,0x00,0x00,0x00,0x00,0x00,0x00,0x00,0x00,0x00,0x00,0x00,0x00,0x00,0x00,0x00,0x00,0x00,0x00,0x00,0x00,0x00,0x00,0x00,0x00,0x00,0x00,0x00,0x00,
    0x00,0x00,0x00,0x00,0x00,0x00,0x00,0x00,0x00,0x00,0x00,0x00,0x00,0x00,0x00,0x00,0x00,0x00,0x00,0x00,0x00,0x00,0x00,0x00,0x00,0x00,0x00,0x00,0x00,0x00,0x00,0x00,0x00,0x05,0x0c,0x2a,0x32,0x22,0x30,0x1f,0x91,0x92,0x97,0xaf,0x8c,0x8c,0x7c,0xd4,0x7c,0x7c,0x7c,0x8c,0x7c,0x7c,0x7c,0x7c,0xa8,0x8f,0xc4,0xc4,0xad,0x74,0x7b,0x74,0x74,0x74,0x74,0x74,0x74,0x78,0x8e,0x9a,0xc0,0xc0,0xc0,0xf5,0xc0,0xe9,0x9a,0x8e,0x7a,0x76,0x74,0x74,0x76,0x7a,0x86,0xc5,0xc8,0xab,0xe6,0xad,0x29,0xab,0xc8,0xd4,0xe6,0x11,0x96,0x94,0x7e,0x79,0x7e,0xbd,0x3c,0x32,0x52,0x97,0x55,0x05,0x00,0x00,0x00,0x00,0x00,0x00,0x00,0x00,0x00,0x00,0x00,0x00,0x00,0x00,0x00,0x00,0x00,0x00,0x00,0x00,0x00,0x00,0x00,0x00,0x00,0x00,0x00,0x00,0x00,0x00,0x00,0x00,0x00,0x00,
    0x00,0x00,0x00,0x00,0x00,0x00,0x00,0x00,0x00,0x00,0x00,0x00,0x00,0x00,0x00,0x00,0x00,0x00,0x00,0x00,0x00,0x00,0x00,0x00,0x00,0x00,0x00,0x00,0x00,0x00,0x00,0x00,0x00,0x00,0x00,0x00,0x00,0x33,0x18,0x49,0x91,0x92,0x97,0xaf,0x8f,0x7c,0x8c,0xa7,0x7c,0x8c,0x8f,0x8f,0x8c,0x7c,0x9f,0xa7,0x8c,0x7c,0x7c,0xc8,0xc5,0x86,0x76,0x76,0x74,0x76,0x74,0x74,0x74,0x74,0x80,0xce,0xe7,0xc0,0xc0,0xcd,0xcd,0xc0,0x9a,0x80,0x73,0x74,0x74,0x74,0x7a,0x7a,0x74,0xcc,0x8f,0x8c,0xc4,0x8f,0x9f,0x8c,0xad,0x9c,0x91,0xcf,0xb7,0x10,0x87,0x83,0x75,0x7e,0x56,0x18,0x4d,0x2f,0x33,0x05,0x05,0x00,0x00,0x00,0x00,0x00,0x00,0x00,0x00,0x00,0x00,0x00,0x00,0x00,0x00,0x00,0x00,0x00,0x00,0x00,0x00,0x00,0x00,0x00,0x00,0x00,0x00,0x00,0x00,0x00,0x00,0x00,0x00,0x00,
    0x00,0x00,0x00,0x00,0x00,0x00,0x00,0x00,0x00,0x00,0x00,0x00,0x00,0x00,0x00,0x00,0x00,0x00,0x00,0x00,0x00,0x00,0x00,0x00,0x00,0x00,0x00,0x00,0x00,0x00,0x00,0x00,0x00,0x00,0x00,0x06,0x05,0x08,0x6b,0x1e,0x91,0x98,0xb7,0xab,0xc4,0x7c,0x7c,0x7c,0x7c,0x7c,0x7c,0x7c,0x7c,0x7c,0xa8,0x9f,0x7c,0x8c,0xc8,0xbe,0x7b,0x74,0x74,0x74,0x74,0x74,0x74,0x74,0x7b,0x7a,0x29,0xb5,0x7f,0xc9,0xe9,0xe9,0xe7,0xa2,0xaa,0xd0,0xc6,0x73,0x74,0x74,0x74,0x74,0x74,0x86,0xc5,0x7c,0x8c,0x7c,0x8f,0xc4,0xdc,0x87,0xa9,0x98,0xab,0xab,0x26,0x90,0x8b,0x84,0x1f,0x46,0x2f,0x3a,0x03,0x04,0x00,0x00,0x00,0x00,0x00,0x00,0x00,0x00,0x00,0x00,0x00,0x00,0x00,0x00,0x00,0x00,0x00,0x00,0x00,0x00,0x00,0x00,0x00,0x00,0x00,0x00,0x00,0x00,0x00,0x00,0x00,0x00,0x00,0x00,
    0x00,0x00,0x00,0x00,0x00,0x00,0x00,0x00,0x00,0x00,0x00,0x00,0x00,0x00,0x00,0x00,0x00,0x00,0x00,0x00,0x00,0x00,0x00,0x00,0x00,0x00,0x00,0x00,0x00,0x00,0x00,0x00,0x00,0x00,0x00,0x00,0x06,0x00,0x50,0x30,0x97,0x19,0x96,0xdc,0x9f,0x7c,0x7c,0x7c,0x7c,0x7c,0x7c,0x7c,0x7c,0x9f,0xad,0x8c,0x9f,0x8f,0xbe,0x86,0x74,0x74,0x74,0x74,0x74,0x74,0x78,0x74,0x74,0xc6,0x1b,0x88,0x7f,0x8a,0x8a,0x7d,0x77,0x85,0x8d,0xca,0x99,0x7b,0x76,0x74,0x74,0x74,0x74,0x76,0x86,0xc5,0x9f,0x7c,0x8c,0xa7,0xd7,0xa1,0x10,0xd4,0xc4,0x9f,0xdd,0x91,0x84,0x8b,0x92,0x97,0x46,0x50,0x00,0x06,0x00,0x00,0x00,0x00,0x00,0x00,0x00,0x00,0x00,0x00,0x00,0x00,0x00,0x00,0x00,0x00,0x00,0x00,0x00,0x00,0x00,0x00,0x00,0x00,0x00,0x00,0x00,0x00,0x00,0x00,0x00,0x00,0x00,0x00,
    0x00,0x00,0x00,0x00,0x00,0x00,0x00,0x00,0x00,0x00,0x00,0x00,0x00,0x00,0x00,0x00,0x00,0x00,0x00,0x00,0x00,0x00,0x00,0x00,0x00,0x00,0x00,0x00,0x00,0x00,0x00,0x00,0x00,0x00,0x00,0x00,0x05,0x00,0x32,0x1e,0x31,0x5c,0x4b,0xb2,0xa8,0x8c,0x7c,0x7c,0x7c,0x7c,0x7c,0x7c,0x7c,0x7c,0x9f,0x7c,0x8f,0xcb,0x73,0x74,0x74,0x74,0x74,0x74,0x74,0x74,0x74,0x74,0x78,0x76,0x80,0xce,0xb5,0xa0,0xa2,0xa0,0x8a,0x95,0xa5,0xc6,0x8e,0x76,0x74,0x74,0x74,0x74,0x74,0x74,0x76,0x86,0x5d,0x8f,0x7c,0xc4,0xab,0xcf,0xb9,0xad,0x8c,0x8c,0xad,0xb9,0x90,0x8b,0x83,0x8b,0x67,0x37,0x33,0x01,0x05,0x00,0x00,0x00,0x00,0x00,0x00,0x00,0x00,0x00,0x00,0x00,0x00,0x00,0x00,0x00,0x00,0x00,0x00,0x00,0x00,0x00,0x00,0x00,0x00,0x00,0x00,0x00,0x00,0x00,0x00,0x00,0x00,0x00,
    0x00,0x00,0x00,0x00,0x00,0x00,0x00,0x00,0x00,0x00,0x00,0x00,0x00,0x00,0x00,0x00,0x00,0x00,0x00,0x00,0x00,0x00,0x00,0x00,0x00,0x00,0x00,0x00,0x00,0x00,0x00,0x00,0x00,0x00,0x00,0x00,0x01,0x06,0x72,0x37,0x21,0x21,0x6c,0xbe,0xc4,0x7c,0x7c,0x7c,0x7c,0x7c,0x7c,0x7c,0x7c,0x7c,0x7c,0x7c,0x8c,0xc5,0x86,0x76,0x74,0x74,0x74,0x74,0x74,0x74,0x74,0x74,0x73,0x74,0x76,0x80,0x99,0x9c,0xc9,0xc9,0xa6,0xdb,0x78,0x73,0x78,0x74,0x74,0x74,0x74,0x74,0x74,0x74,0x74,0x73,0x7a,0xaf,0x8c,0x8c,0xaf,0x1c,0xf2,0xa7,0x8c,0x8c,0x9f,0xd7,0xcf,0x83,0x84,0xb7,0x0e,0x56,0x4e,0x00,0x06,0x00,0x00,0x00,0x00,0x00,0x00,0x00,0x00,0x00,0x00,0x00,0x00,0x00,0x00,0x00,0x00,0x00,0x00,0x00,0x00,0x00,0x00,0x00,0x00,0x00,0x00,0x00,0x00,0x00,0x00,0x00,0x00,0x00,
    0x00,0x00,0x00,0x00,0x00,0x00,0x00,0x00,0x00,0x00,0x00,0x00,0x00,0x00,0x00,0x00,0x00,0x00,0x00,0x00,0x00,0x00,0x00,0x00,0x00,0x00,0x00,0x00,0x00,0x00,0x00,0x00,0x00,0x00,0x00,0x05,0x00,0x27,0x6f,0x6f,0x44,0x6f,0x62,0x7c,0x8f,0x7c,0x7c,0x7c,0x7c,0x7c,0x7c,0x7c,0x7c,0x7c,0x8c,0x8f,0xa8,0xb1,0x73,0x74,0x74,0x74,0x74,0x74,0x74,0x74,0x74,0x74,0x74,0x74,0x76,0x78,0x8e,0x38,0xae,0xa0,0x29,0xc7,0xc6,0x74,0x74,0x76,0x76,0x76,0x76,0x74,0x74,0x73,0x74,0x76,0x7b,0xcb,0xc8,0x8c,0x8f,0xaf,0xdd,0xa7,0x7c,0x8c,0xa8,0xd1,0x79,0x79,0x91,0x0a,0x4c,0x58,0x25,0x2b,0x06,0x00,0x00,0x00,0x00,0x00,0x00,0x00,0x00,0x00,0x00,0x00,0x00,0x00,0x00,0x00,0x00,0x00,0x00,0x00,0x00,0x00,0x00,0x00,0x00,0x00,0x00,0x00,0x00,0x00,0x00,0x00,0x00,0x00,
    0x00,0x00,0x00,0x00,0x00,0x00,0x00,0x00,0x00,0x00,0x00,0x00,0x00,0x00,0x00,0x00,0x00,0x00,0x00,0x00,0x00,0x00,0x00,0x00,0x00,0x00,0x00,0x00,0x00,0x00,0x00,0x00,0x00,0x00,0x00,0x00,0x03,0x00,0x42,0x62,0xcb,0xaf,0x8c,0x8f,0x8c,0x7c,0x8c,0x9f,0x7c,0x8c,0x8c,0x7c,0x7c,0x8c,0xe4,0xa8,0x9f,0x9d,0x73,0x74,0x7a,0x78,0x74,0x74,0x74,0x74,0x74,0x76,0x78,0x78,0x7a,0x76,0x78,0x80,0x9a,0xb2,0x80,0x8e,0x7b,0x7b,0x73,0x80,0x80,0x80,0x86,0x76,0x74,0x76,0x7a,0x7a,0x76,0xaf,0xc8,0x8f,0x8c,0x8f,0xaf,0xcb,0x8f,0x8f,0xe1,0xdd,0x97,0x87,0x5b,0x2e,0x18,0x50,0x15,0x04,0x00,0x00,0x00,0x00,0x00,0x00,0x00,0x00,0x00,0x00,0x00,0x00,0x00,0x00,0x00,0x00,0x00,0x00,0x00,0x00,0x00,0x00,0x00,0x00,0x00,0x00,0x00,0x00,0x00,0x00,0x00,0x00,0x00,0x00,
    0x00,0x00,0x00,0x00,0x00,0x00,0x00,0x00,0x00,0x00,0x00,0x00,0x00,0x00,0x00,0x00,0x00,0x00,0x00,0x00,0x00,0x00,0x00,0x00,0x00,0x00,0x00,0x00,0x00,0x00,0x00,0x00,0x00,0x00,0x00,0x00,0x00,0x04,0x1a,0x42,0x5f,0xcb,0xa7,0xa7,0x7c,0x8f,0x7c,0xe4,0xa7,0x8c,0x7c,0x7c,0x7c,0x9f,0xbe,0xd4,0xc4,0xc5,0x78,0x78,0x74,0x74,0x74,0x74,0x74,0x73,0x76,0x80,0x86,0x73,0x9d,0x7a,0x74,0x76,0x86,0x80,0x76,0x74,0x78,0xa3,0x74,0x29,0xb9,0xc3,0x99,0x7b,0x7a,0x7a,0x7a,0x78,0x7b,0xbe,0xc8,0x7c,0x7c,0x7c,0x8c,0x7c,0xcb,0xaf,0xc4,0xdc,0xb7,0x83,0x4b,0x61,0x15,0x00,0x00,0x00,0x00,0x00,0x00,0x00,0x00,0x00,0x00,0x00,0x00,0x00,0x00,0x00,0x00,0x00,0x00,0x00,0x00,0x00,0x00,0x00,0x00,0x00,0x00,0x00,0x00,0x00,0x00,0x00,0x00,0x00,0x00,0x00,0x00,0x00,
    0x00,0x00,0x00,0x00,0x00,0x00,0x00,0x00,0x00,0x00,0x00,0x00,0x00,0x00,0x00,0x00,0x00,0x00,0x00,0x00,0x00,0x00,0x00,0x00,0x00,0x00,0x00,0x00,0x00,0x00,0x00,0x00,0x00,0x00,0x00,0x00,0x00,0x00,0x01,0x03,0x6a,0x6f,0x5f,0x5f,0x64,0x64,0x65,0x62,0xa7,0x7c,0x7c,0x7c,0x8c,0xa7,0xab,0xd4,0xcb,0xc6,0x78,0x74,0x74,0x74,0x74,0x76,0x76,0x78,0x80,0x38,0x9e,0xac,0xd9,0x99,0x80,0x74,0x76,0x76,0x74,0x74,0x78,0xb1,0xa5,0x93,0x9b,0x8d,0x95,0x9a,0x7b,0x78,0x76,0x74,0x7b,0xb1,0xcb,0xa7,0x7c,0x7c,0x7c,0xc8,0xaf,0xbe,0xa7,0xaf,0xb9,0x1f,0x55,0x0c,0x00,0x06,0x05,0x00,0x00,0x00,0x00,0x00,0x00,0x00,0x00,0x00,0x00,0x00,0x00,0x00,0x00,0x00,0x00,0x00,0x00,0x00,0x00,0x00,0x00,0x00,0x00,0x00,0x00,0x00,0x00,0x00,0x00,0x00,0x00,0x00,0x00,0x00,
    0x00,0x00,0x00,0x00,0x00,0x00,0x00,0x00,0x00,0x00,0x00,0x00,0x00,0x00,0x00,0x00,0x00,0x00,0x00,0x00,0x00,0x00,0x00,0x00,0x00,0x00,0x00,0x00,0x00,0x00,0x00,0x00,0x00,0x00,0x00,0x00,0x00,0x00,0x00,0x01,0x00,0x6e,0x42,0x42,0x42,0x42,0x44,0x62,0xa7,0x7c,0x7c,0x7c,0x7c,0x7c,0xbe,0xe4,0xc5,0x76,0x74,0x74,0x74,0x74,0x76,0x7a,0x7a,0x73,0xc7,0x8a,0x8d,0xac,0x11,0x9c,0x2f,0x7a,0x7b,0x74,0x74,0x76,0x76,0xa3,0x41,0x11,0xac,0xba,0x8d,0x1c,0x80,0x76,0x74,0x74,0x74,0x86,0xc5,0xa7,0x7c,0x7c,0x8f,0x8f,0x6d,0x65,0xa8,0x8c,0xb9,0x31,0x22,0x00,0x04,0x00,0x00,0x00,0x00,0x00,0x00,0x00,0x00,0x00,0x00,0x00,0x00,0x00,0x00,0x00,0x00,0x00,0x00,0x00,0x00,0x00,0x00,0x00,0x00,0x00,0x00,0x00,0x00,0x00,0x00,0x00,0x00,0x00,0x00,0x00,0x00,0x00,
    0x00,0x00,0x00,0x00,0x00,0x00,0x00,0x00,0x00,0x00,0x00,0x00,0x00,0x00,0x00,0x00,0x00,0x00,0x00,0x00,0x00,0x00,0x00,0x00,0x00,0x00,0x00,0x00,0x00,0x00,0x00,0x00,0x00,0x00,0x00,0x00,0x00,0x00,0x00,0x00,0x04,0x00,0x00,0x00,0x00,0x00,0x16,0x5f,0xaf,0xc8,0x8f,0x7c,0x7c,0x8c,0xbe,0xc5,0x78,0x76,0x74,0x74,0x74,0x74,0x74,0x76,0x78,0x80,0xd6,0x8d,0x95,0xac,0x13,0xd3,0x29,0x74,0x74,0x74,0x74,0x74,0x7b,0xeb,0x11,0x82,0xba,0x7d,0x85,0xae,0xc6,0x7b,0x74,0x78,0x78,0x76,0x76,0xbe,0xc8,0x7c,0x8f,0x8f,0x64,0x65,0x64,0xad,0x71,0x18,0x00,0x04,0x00,0x00,0x00,0x00,0x00,0x00,0x00,0x00,0x00,0x00,0x00,0x00,0x00,0x00,0x00,0x00,0x00,0x00,0x00,0x00,0x00,0x00,0x00,0x00,0x00,0x00,0x00,0x00,0x00,0x00,0x00,0x00,0x00,0x00,0x00,0x00,0x00,0x00,
    0x00,0x00,0x00,0x00,0x00,0x00,0x00,0x00,0x00,0x00,0x00,0x00,0x00,0x00,0x00,0x00,0x00,0x00,0x00,0x00,0x00,0x00,0x00,0x00,0x00,0x00,0x00,0x00,0x00,0x00,0x00,0x00,0x00,0x00,0x00,0x00,0x00,0x00,0x00,0x00,0x00,0x05,0x03,0x03,0x04,0x06,0x00,0x6e,0x65,0xaf,0xa7,0x8f,0x8c,0x8c,0xaf,0xb1,0x76,0x7a,0x74,0x74,0x74,0x74,0x74,0x73,0x74,0x74,0xaa,0x88,0x8a,0x88,0xb5,0xa6,0x99,0x80,0x76,0x74,0x74,0x76,0x86,0xb3,0xb9,0x97,0x0a,0xa0,0x77,0x9b,0x99,0x74,0x74,0x78,0x7a,0x78,0x7b,0x74,0xd4,0xc8,0x8c,0x6d,0x42,0x44,0x62,0x62,0x44,0x1a,0x04,0x05,0x00,0x00,0x00,0x00,0x00,0x00,0x00,0x00,0x00,0x00,0x00,0x00,0x00,0x00,0x00,0x00,0x00,0x00,0x00,0x00,0x00,0x00,0x00,0x00,0x00,0x00,0x00,0x00,0x00,0x00,0x00,0x00,0x00,0x00,0x00,0x00,0x00,0x00,
    0x00,0x00,0x00,0x00,0x00,0x00,0x00,0x00,0x00,0x00,0x00,0x00,0x00,0x00,0x00,0x00,0x00,0x00,0x00,0x00,0x00,0x00,0x00,0x00,0x00,0x00,0x00,0x00,0x00,0x00,0x00,0x00,0x00,0x00,0x00,0x00,0x00,0x00,0x00,0x00,0x00,0x00,0x00,0x00,0x00,0x00,0x04,0x00,0x6e,0x44,0x5f,0x6d,0x6d,0x64,0x5d,0x7a,0xc6,0x78,0x74,0x74,0x7a,0x76,0x73,0x76,0x78,0x7a,0x13,0x89,0x7d,0x8a,0x9b,0xa6,0x99,0x7b,0x78,0x74,0x74,0x76,0x7b,0x9d,0xb2,0xbd,0xc2,0xa0,0x89,0xac,0x76,0x7a,0x74,0x73,0x76,0x78,0x74,0x73,0x73,0xbe,0x65,0x44,0x0c,0x44,0x5f,0x44,0x27,0x00,0x01,0x00,0x00,0x00,0x00,0x00,0x00,0x00,0x00,0x00,0x00,0x00,0x00,0x00,0x00,0x00,0x00,0x00,0x00,0x00,0x00,0x00,0x00,0x00,0x00,0x00,0x00,0x00,0x00,0x00,0x00,0x00,0x00,0x00,0x00,0x00,0x00,0x00,0x00,0x00,
    0x00,0x00,0x00,0x00,0x00,0x00,0x00,0x00,0x00,0x00,0x00,0x00,0x00,0x00,0x00,0x00,0x00,0x00,0x00,0x00,0x00,0x00,0x00,0x00,0x00,0x00,0x00,0x00,0x00,0x00,0x00,0x00,0x00,0x00,0x00,0x00,0x00,0x00,0x00,0x00,0x00,0x00,0x00,0x00,0x00,0x00,0x00,0x04,0x00,0x27,0x42,0x42,0x42,0x44,0x36,0x99,0x7a,0x74,0x76,0x7a,0x7a,0x74,0x74,0x74,0x7a,0x76,0x11,0x88,0x8a,0x85,0xa6,0xd5,0x99,0x73,0x76,0x73,0x73,0x74,0x7b,0xb1,0xf3,0xd3,0x13,0x77,0x8d,0xa5,0x80,0x7a,0x76,0x78,0x74,0x78,0x76,0x76,0x7a,0x09,0x35,0x00,0x00,0x6e,0x42,0x2b,0x00,0x05,0x00,0x00,0x00,0x00,0x00,0x00,0x00,0x00,0x00,0x00,0x00,0x00,0x00,0x00,0x00,0x00,0x00,0x00,0x00,0x00,0x00,0x00,0x00,0x00,0x00,0x00,0x00,0x00,0x00,0x00,0x00,0x00,0x00,0x00,0x00,0x00,0x00,0x00,0x00,0x00,
    0x00,0x00,0x00,0x00,0x00,0x00,0x00,0x00,0x00,0x00,0x00,0x00,0x00,0x00,0x00,0x00,0x00,0x00,0x00,0x00,0x00,0x00,0x00,0x00,0x00,0x00,0x00,0x00,0x00,0x00,0x00,0x00,0x00,0x00,0x00,0x00,0x00,0x00,0x00,0x00,0x00,0x00,0x00,0x00,0x00,0x00,0x00,0x00,0x05,0x00,0x00,0x04,0x03,0x23,0x3d,0x7a,0x74,0x74,0x78,0x7a,0x78,0x74,0x74,0x74,0x76,0x80,0x40,0x8d,0x93,0x7d,0x7f,0xa6,0xc6,0x76,0x7a,0x78,0x78,0x7a,0x76,0x9d,0xe3,0xa0,0x88,0x7f,0xc9,0xc7,0x74,0x7a,0x74,0x76,0x74,0x74,0x76,0x76,0x78,0x7a,0x20,0x07,0x04,0x00,0x00,0x00,0x01,0x00,0x00,0x00,0x00,0x00,0x00,0x00,0x00,0x00,0x00,0x00,0x00,0x00,0x00,0x00,0x00,0x00,0x00,0x00,0x00,0x00,0x00,0x00,0x00,0x00,0x00,0x00,0x00,0x00,0x00,0x00,0x00,0x00,0x00,0x00,0x00,0x00,0x00,0x00,0x00,0x00,
    0x00,0x00,0x00,0x00,0x00,0x00,0x00,0x00,0x00,0x00,0x00,0x00,0x00,0x00,0x00,0x00,0x00,0x00,0x00,0x00,0x00,0x00,0x00,0x00,0x00,0x00,0x00,0x00,0x00,0x00,0x00,0x00,0x00,0x00,0x00,0x00,0x00,0x00,0x00,0x00,0x00,0x00,0x00,0x00,0x00,0x00,0x00,0x00,0x00,0x01,0x04,0x03,0x05,0x35,0x7a,0x09,0x73,0x78,0x76,0x76,0x78,0x78,0x74,0x74,0x78,0x73,0xc7,0xa2,0x89,0x89,0xae,0x43,0x78,0x74,0x76,0x76,0x76,0x7a,0x76,0xcc,0xeb,0x9a,0xdf,0xdf,0x38,0x80,0x76,0x74,0x74,0x74,0x74,0x74,0x74,0x76,0x73,0x09,0x78,0x34,0x00,0x03,0x04,0x00,0x00,0x00,0x00,0x00,0x00,0x00,0x00,0x00,0x00,0x00,0x00,0x00,0x00,0x00,0x00,0x00,0x00,0x00,0x00,0x00,0x00,0x00,0x00,0x00,0x00,0x00,0x00,0x00,0x00,0x00,0x00,0x00,0x00,0x00,0x00,0x00,0x00,0x00,0x00,0x00,0x00,0x00,
    0x00,0x00,0x00,0x00,0x00,0x00,0x00,0x00,0x00,0x00,0x00,0x00,0x00,0x00,0x00,0x00,0x00,0x00,0x00,0x00,0x00,0x00,0x00,0x00,0x00,0x00,0x00,0x00,0x00,0x00,0x00,0x00,0x00,0x00,0x00,0x00,0x00,0x00,0x00,0x00,0x00,0x00,0x00,0x00,0x00,0x00,0x00,0x00,0x00,0x00,0x01,0x04,0x03,0x0d,0x74,0x02,0x74,0x76,0x74,0x76,0x7a,0x76,0x78,0x76,0x78,0x7a,0x8e,0xce,0xe7,0xf4,0xa3,0x80,0x73,0x74,0x74,0x74,0x74,0x74,0x8e,0x9d,0xa4,0x80,0x8e,0x7b,0x7b,0x74,0x74,0x74,0x74,0x74,0x74,0x74,0x73,0x78,0x76,0x02,0x7a,0x0d,0x03,0x00,0x00,0x00,0x00,0x00,0x00,0x00,0x00,0x00,0x00,0x00,0x00,0x00,0x00,0x00,0x00,0x00,0x00,0x00,0x00,0x00,0x00,0x00,0x00,0x00,0x00,0x00,0x00,0x00,0x00,0x00,0x00,0x00,0x00,0x00,0x00,0x00,0x00,0x00,0x00,0x00,0x00,0x00,0x00,0x00,
    0x00,0x00,0x00,0x00,0x00,0x00,0x00,0x00,0x00,0x00,0x00,0x00,0x00,0x00,0x00,0x00,0x00,0x00,0x00,0x00,0x00,0x00,0x00,0x00,0x00,0x00,0x00,0x00,0x00,0x00,0x00,0x00,0x00,0x00,0x00,0x00,0x00,0x00,0x00,0x00,0x00,0x00,0x00,0x00,0x00,0x00,0x00,0x00,0x00,0x00,0x03,0x00,0x35,0x76,0x02,0x74,0x76,0x78,0x74,0x74,0x74,0x74,0x74,0x76,0x73,0x74,0x7a,0x7b,0x99,0x7a,0xa3,0x7a,0x74,0x74,0x74,0x76,0x78,0x76,0x7b,0x9d,0xb4,0x7b,0x76,0x74,0x74,0x74,0x74,0x78,0x76,0x74,0x74,0x76,0x76,0x7a,0x76,0x76,0x7a,0x09,0x12,0x00,0x03,0x00,0x00,0x00,0x00,0x00,0x00,0x00,0x00,0x00,0x00,0x00,0x00,0x00,0x00,0x00,0x00,0x00,0x00,0x00,0x00,0x00,0x00,0x00,0x00,0x00,0x00,0x00,0x00,0x00,0x00,0x00,0x00,0x00,0x00,0x00,0x00,0x00,0x00,0x00,0x00,0x00,0x00,0x00,
    0x00,0x00,0x00,0x00,0x00,0x00,0x00,0x00,0x00,0x00,0x00,0x00,0x00,0x00,0x00,0x00,0x00,0x00,0x00,0x00,0x00,0x00,0x00,0x00,0x00,0x00,0x00,0x00,0x00,0x00,0x00,0x00,0x00,0x00,0x00,0x00,0x00,0x00,0x00,0x00,0x00,0x00,0x00,0x00,0x00,0x00,0x00,0x00,0x00,0x00,0x00,0x16,0x3d,0x7a,0x02,0x78,0x78,0x76,0x74,0x74,0x74,0x74,0x76,0x76,0x74,0x74,0x74,0x78,0x8e,0x76,0xbb,0x78,0x7a,0x7a,0x7a,0x78,0x74,0x74,0x7b,0xb1,0xa4,0x7b,0x74,0x74,0x74,0x74,0x76,0x7a,0x76,0x74,0x76,0x78,0x78,0x74,0x74,0x7a,0x09,0x74,0x3f,0x00,0x03,0x00,0x00,0x00,0x00,0x00,0x00,0x00,0x00,0x00,0x00,0x00,0x00,0x00,0x00,0x00,0x00,0x00,0x00,0x00,0x00,0x00,0x00,0x00,0x00,0x00,0x00,0x00,0x00,0x00,0x00,0x00,0x00,0x00,0x00,0x00,0x00,0x00,0x00,0x00,0x00,0x00,0x00,0x00,
    0x00,0x00,0x00,0x00,0x00,0x00,0x00,0x00,0x00,0x00,0x00,0x00,0x00,0x00,0x00,0x00,0x00,0x00,0x00,0x00,0x00,0x00,0x00,0x00,0x00,0x00,0x00,0x00,0x00,0x00,0x00,0x00,0x00,0x00,0x00,0x00,0x00,0x00,0x00,0x00,0x00,0x00,0x00,0x00,0x00,0x00,0x00,0x00,0x00,0x03,0x00,0x12,0x02,0x09,0x76,0x7a,0x7a,0x78,0x74,0x74,0x74,0x74,0x74,0x74,0x74,0x74,0x74,0x74,0x73,0x7a,0xa4,0x78,0x7a,0x7a,0x7a,0x76,0x74,0x74,0x7b,0x78,0xb4,0x76,0x73,0x74,0x74,0x74,0x74,0x76,0x73,0x76,0x76,0x76,0x78,0x76,0x74,0x7a,0x02,0x20,0x07,0x00,0x04,0x00,0x00,0x00,0x00,0x00,0x00,0x00,0x00,0x00,0x00,0x00,0x00,0x00,0x00,0x00,0x00,0x00,0x00,0x00,0x00,0x00,0x00,0x00,0x00,0x00,0x00,0x00,0x00,0x00,0x00,0x00,0x00,0x00,0x00,0x00,0x00,0x00,0x00,0x00,0x00,0x00,0x00,0x00,
    0x00,0x00,0x00,0x00,0x00,0x00,0x00,0x00,0x00,0x00,0x00,0x00,0x00,0x00,0x00,0x00,0x00,0x00,0x00,0x00,0x00,0x00,0x00,0x00,0x00,0x00,0x00,0x00,0x00,0x00,0x00,0x00,0x00,0x00,0x00,0x00,0x00,0x00,0x00,0x00,0x00,0x00,0x00,0x00,0x00,0x00,0x00,0x00,0x00,0x03,0x00,0x12,0x74,0x02,0x76,0x7a,0x7a,0x78,0x74,0x74,0x74,0x74,0x74,0x74,0x74,0x74,0x74,0x74,0x73,0x78,0xa3,0x73,0x76,0x74,0x74,0x74,0x74,0x74,0x73,0x74,0xbb,0x76,0x73,0x74,0x74,0x76,0x7a,0x78,0x74,0x78,0x76,0x76,0x74,0x74,0x78,0x78,0x74,0x48,0x00,0x00,0x00,0x00,0x00,0x00,0x00,0x00,0x00,0x00,0x00,0x00,0x00,0x00,0x00,0x00,0x00,0x00,0x00,0x00,0x00,0x00,0x00,0x00,0x00,0x00,0x00,0x00,0x00,0x00,0x00,0x00,0x00,0x00,0x00,0x00,0x00,0x00,0x00,0x00,0x00,0x00,0x00,0x00,0x00,0x00,
    0x00,0x00,0x00,0x00,0x00,0x00,0x00,0x00,0x00,0x00,0x00,0x00,0x00,0x00,0x00,0x00,0x00,0x00,0x00,0x00,0x00,0x00,0x00,0x00,0x00,0x00,0x00,0x00,0x00,0x00,0x00,0x00,0x00,0x00,0x00,0x00,0x00,0x00,0x00,0x00,0x00,0x00,0x00,0x00,0x00,0x00,0x00,0x00,0x00,0x03,0x00,0x12,0x74,0x7a,0x78,0x7a,0x7a,0x78,0x78,0x76,0x76,0x74,0x76,0x74,0x74,0x74,0x74,0x76,0x86,0xc7,0xf3,0x86,0x74,0x74,0x74,0x76,0x74,0x78,0x78,0x74,0xf3,0xcc,0x8e,0x74,0x74,0x76,0x7a,0x7a,0x76,0x76,0x78,0x78,0x76,0x78,0x7a,0x09,0x74,0x34,0x01,0x03,0x00,0x00,0x00,0x00,0x00,0x00,0x00,0x00,0x00,0x00,0x00,0x00,0x00,0x00,0x00,0x00,0x00,0x00,0x00,0x00,0x00,0x00,0x00,0x00,0x00,0x00,0x00,0x00,0x00,0x00,0x00,0x00,0x00,0x00,0x00,0x00,0x00,0x00,0x00,0x00,0x00,0x00,0x00,0x00,
    0x00,0x00,0x00,0x00,0x00,0x00,0x00,0x00,0x00,0x00,0x00,0x00,0x00,0x00,0x00,0x00,0x00,0x00,0x00,0x00,0x00,0x00,0x00,0x00,0x00,0x00,0x00,0x00,0x00,0x00,0x00,0x00,0x00,0x00,0x00,0x00,0x00,0x00,0x00,0x00,0x00,0x00,0x00,0x00,0x00,0x00,0x00,0x00,0x00,0x01,0x00,0x16,0x3d,0x7a,0x78,0x7a,0x7a,0x78,0x78,0x7a,0x7a,0x7a,0x76,0x76,0x74,0x74,0x74,0x76,0x80,0xeb,0xfa,0x80,0x76,0x74,0x74,0x74,0x78,0x7a,0x7a,0x8e,0xf2,0x9a,0x80,0x76,0x74,0x74,0x74,0x76,0x74,0x74,0x74,0x76,0x78,0x7a,0x7a,0x7a,0x02,0x12,0x00,0x03,0x00,0x00,0x00,0x00,0x00,0x00,0x00,0x00,0x00,0x00,0x00,0x00,0x00,0x00,0x00,0x00,0x00,0x00,0x00,0x00,0x00,0x00,0x00,0x00,0x00,0x00,0x00,0x00,0x00,0x00,0x00,0x00,0x00,0x00,0x00,0x00,0x00,0x00,0x00,0x00,0x00,0x00,0x00,0x00,
    0x00,0x00,0x00,0x00,0x00,0x00,0x00,0x00,0x00,0x00,0x00,0x00,0x00,0x00,0x00,0x00,0x00,0x00,0x00,0x00,0x00,0x00,0x00,0x00,0x00,0x00,0x00,0x00,0x00,0x00,0x00,0x00,0x00,0x00,0x00,0x00,0x00,0x00,0x00,0x00,0x00,0x00,0x00,0x00,0x00,0x00,0x00,0x00,0x00,0x00,0x03,0x00,0x34,0x76,0x09,0x78,0x7a,0x78,0x7a,0x78,0x7a,0x78,0x74,0x74,0x74,0x74,0x74,0x76,0x86,0xa3,0xbc,0x86,0x76,0x74,0x74,0x73,0x74,0x78,0x7a,0x7b,0xa4,0x9d,0x86,0x74,0x74,0x74,0x74,0x74,0x74,0x74,0x74,0x74,0x78,0x7a,0x7a,0x78,0x0b,0x00,0x03,0x00,0x00,0x00,0x00,0x00,0x00,0x00,0x00,0x00,0x00,0x00,0x00,0x00,0x00,0x00,0x00,0x00,0x00,0x00,0x00,0x00,0x00,0x00,0x00,0x00,0x00,0x00,0x00,0x00,0x00,0x00,0x00,0x00,0x00,0x00,0x00,0x00,0x00,0x00,0x00,0x00,0x00,0x00,0x00,0x00,
    0x00,0x00,0x00,0x00,0x00,0x00,0x00,0x00,0x00,0x00,0x00,0x00,0x00,0x00,0x00,0x00,0x00,0x00,0x00,0x00,0x00,0x00,0x00,0x00,0x00,0x00,0x00,0x00,0x00,0x00,0x00,0x00,0x00,0x00,0x00,0x00,0x00,0x00,0x00,0x00,0x00,0x00,0x00,0x00,0x00,0x00,0x00,0x00,0x00,0x00,0x03,0x01,0x07,0x73,0x02,0x78,0x76,0x74,0x74,0x74,0x74,0x74,0x74,0x74,0x74,0x74,0x74,0x74,0x7b,0x9d,0xf0,0x7b,0x76,0x73,0x74,0x74,0x78,0x78,0x76,0x73,0xf0,0x7a,0x73,0x74,0x74,0x74,0x74,0x74,0x74,0x74,0x74,0x74,0x74,0x02,0x76,0x20,0x07,0x01,0x04,0x00,0x00,0x00,0x00,0x00,0x00,0x00,0x00,0x00,0x00,0x00,0x00,0x00,0x00,0x00,0x00,0x00,0x00,0x00,0x00,0x00,0x00,0x00,0x00,0x00,0x00,0x00,0x00,0x00,0x00,0x00,0x00,0x00,0x00,0x00,0x00,0x00,0x00,0x00,0x00,0x00,0x00,0x00,0x00,0x00,
    0x00,0x00,0x00,0x00,0x00,0x00,0x00,0x00,0x00,0x00,0x00,0x00,0x00,0x00,0x00,0x00,0x00,0x00,0x00,0x00,0x00,0x00,0x00,0x00,0x00,0x00,0x00,0x00,0x00,0x00,0x00,0x00,0x00,0x00,0x00,0x00,0x00,0x00,0x00,0x00,0x00,0x00,0x00,0x00,0x00,0x00,0x00,0x00,0x00,0x00,0x00,0x04,0x1a,0x36,0x02,0x09,0x74,0x74,0x74,0x74,0x74,0x74,0x74,0x74,0x74,0x74,0x74,0x74,0x7b,0xb1,0xcc,0x73,0x78,0x76,0x7a,0x78,0x76,0x78,0x76,0x73,0x9d,0x7a,0x74,0x74,0x74,0x74,0x74,0x74,0x74,0x74,0x74,0x74,0x09,0x74,0x20,0x12,0x00,0x04,0x00,0x00,0x00,0x00,0x00,0x00,0x00,0x00,0x00,0x00,0x00,0x00,0x00,0x00,0x00,0x00,0x00,0x00,0x00,0x00,0x00,0x00,0x00,0x00,0x00,0x00,0x00,0x00,0x00,0x00,0x00,0x00,0x00,0x00,0x00,0x00,0x00,0x00,0x00,0x00,0x00,0x00,0x00,0x00,0x00,0x00,
    0x00,0x00,0x00,0x00,0x00,0x00,0x00,0x00,0x00,0x00,0x00,0x00,0x00,0x00,0x00,0x00,0x00,0x00,0x00,0x00,0x00,0x00,0x00,0x00,0x00,0x00,0x00,0x00,0x00,0x00,0x00,0x00,0x00,0x00,0x00,0x00,0x00,0x00,0x00,0x00,0x00,0x00,0x00,0x00,0x00,0x00,0x00,0x00,0x00,0x00,0x00,0x03,0x00,0x3f,0x74,0x09,0x74,0x74,0x74,0x74,0x74,0x74,0x74,0x74,0x74,0x74,0x74,0x74,0x74,0x76,0x74,0x7a,0x7a,0x7a,0x78,0x76,0x76,0x76,0x74,0x74,0x74,0x78,0x78,0x76,0x74,0x74,0x74,0x74,0x74,0x74,0x74,0x74,0x74,0x09,0x12,0x00,0x03,0x00,0x00,0x00,0x00,0x00,0x00,0x00,0x00,0x00,0x00,0x00,0x00,0x00,0x00,0x00,0x00,0x00,0x00,0x00,0x00,0x00,0x00,0x00,0x00,0x00,0x00,0x00,0x00,0x00,0x00,0x00,0x00,0x00,0x00,0x00,0x00,0x00,0x00,0x00,0x00,0x00,0x00,0x00,0x00,0x00,0x00,0x00,
    0x00,0x00,0x00,0x00,0x00,0x00,0x00,0x00,0x00,0x00,0x00,0x00,0x00,0x00,0x00,0x00,0x00,0x00,0x00,0x00,0x00,0x00,0x00,0x00,0x00,0x00,0x00,0x00,0x00,0x00,0x00,0x00,0x00,0x00,0x00,0x00,0x00,0x00,0x00,0x00,0x00,0x00,0x00,0x00,0x00,0x00,0x00,0x00,0x00,0x00,0x00,0x00,0x04,0x04,0x0b,0x74,0x09,0x74,0x74,0x74,0x74,0x74,0x74,0x74,0x74,0x74,0x74,0x74,0x74,0x76,0x74,0x76,0x78,0x7a,0x78,0x78,0x78,0x74,0x74,0x74,0x73,0x76,0x78,0x74,0x74,0x74,0x74,0x74,0x74,0x74,0x02,0x02,0x0b,0x12,0x00,0x03,0x00,0x00,0x00,0x00,0x00,0x00,0x00,0x00,0x00,0x00,0x00,0x00,0x00,0x00,0x00,0x00,0x00,0x00,0x00,0x00,0x00,0x00,0x00,0x00,0x00,0x00,0x00,0x00,0x00,0x00,0x00,0x00,0x00,0x00,0x00,0x00,0x00,0x00,0x00,0x00,0x00,0x00,0x00,0x00,0x00,0x00,0x00,0x00,
    0x00,0x00,0x00,0x00,0x00,0x00,0x00,0x00,0x00,0x00,0x00,0x00,0x00,0x00,0x00,0x00,0x00,0x00,0x00,0x00,0x00,0x00,0x00,0x00,0x00,0x00,0x00,0x00,0x00,0x00,0x00,0x00,0x00,0x00,0x00,0x00,0x00,0x00,0x00,0x00,0x00,0x00,0x00,0x00,0x00,0x00,0x00,0x00,0x00,0x00,0x00,0x00,0x01,0x04,0x16,0x0b,0x74,0x02,0x74,0x74,0x74,0x74,0x74,0x74,0x74,0x74,0x73,0x76,0x76,0x74,0x74,0x74,0x76,0x78,0x74,0x76,0x74,0x74,0x74,0x74,0x74,0x74,0x74,0x74,0x74,0x74,0x74,0x74,0x74,0x74,0x09,0x74,0x0f,0x00,0x1a,0x00,0x00,0x00,0x00,0x00,0x00,0x00,0x00,0x00,0x00,0x00,0x00,0x00,0x00,0x00,0x00,0x00,0x00,0x00,0x00,0x00,0x00,0x00,0x00,0x00,0x00,0x00,0x00,0x00,0x00,0x00,0x00,0x00,0x00,0x00,0x00,0x00,0x00,0x00,0x00,0x00,0x00,0x00,0x00,0x00,0x00,0x00,0x00,0x00,
    0x00,0x00,0x00,0x00,0x00,0x00,0x00,0x00,0x00,0x00,0x00,0x00,0x00,0x00,0x00,0x00,0x00,0x00,0x00,0x00,0x00,0x00,0x00,0x00,0x00,0x00,0x00,0x00,0x00,0x00,0x00,0x00,0x00,0x00,0x00,0x00,0x00,0x00,0x00,0x00,0x00,0x00,0x00,0x00,0x00,0x00,0x00,0x00,0x00,0x00,0x00,0x00,0x00,0x04,0x00,0x16,0x34,0x74,0x09,0x74,0x74,0x74,0x74,0x74,0x74,0x74,0x74,0x74,0x74,0x74,0x74,0x74,0x74,0x74,0x74,0x74,0x74,0x74,0x74,0x74,0x74,0x74,0x74,0x74,0x73,0x74,0x74,0x74,0x74,0x74,0x02,0x74,0x0d,0x1a,0x01,0x00,0x00,0x00,0x00,0x00,0x00,0x00,0x00,0x00,0x00,0x00,0x00,0x00,0x00,0x00,0x00,0x00,0x00,0x00,0x00,0x00,0x00,0x00,0x00,0x00,0x00,0x00,0x00,0x00,0x00,0x00,0x00,0x00,0x00,0x00,0x00,0x00,0x00,0x00,0x00,0x00,0x00,0x00,0x00,0x00,0x00,0x00,0x00,0x00,
    0x00,0x00,0x00,0x00,0x00,0x00,0x00,0x00,0x00,0x00,0x00,0x00,0x00,0x00,0x00,0x00,0x00,0x00,0x00,0x00,0x00,0x00,0x00,0x00,0x00,0x00,0x00,0x00,0x00,0x00,0x00,0x00,0x00,0x00,0x00,0x00,0x00,0x00,0x00,0x00,0x00,0x00,0x00,0x00,0x00,0x00,0x00,0x00,0x00,0x00,0x00,0x00,0x00,0x00,0x03,0x00,0x0f,0x74,0x09,0x74,0x74,0x74,0x74,0x74,0x73,0x76,0x78,0x74,0x74,0x74,0x74,0x74,0x74,0x74,0x74,0x74,0x74,0x74,0x74,0x74,0x74,0x74,0x74,0x74,0x78,0x74,0x74,0x74,0x74,0x74,0x74,0x02,0x02,0x07,0x00,0x03,0x00,0x00,0x00,0x00,0x00,0x00,0x00,0x00,0x00,0x00,0x00,0x00,0x00,0x00,0x00,0x00,0x00,0x00,0x00,0x00,0x00,0x00,0x00,0x00,0x00,0x00,0x00,0x00,0x00,0x00,0x00,0x00,0x00,0x00,0x00,0x00,0x00,0x00,0x00,0x00,0x00,0x00,0x00,0x00,0x00,0x00,0x00,0x00,
    0x00,0x00,0x00,0x00,0x00,0x00,0x00,0x00,0x00,0x00,0x00,0x00,0x00,0x00,0x00,0x00,0x00,0x00,0x00,0x00,0x00,0x00,0x00,0x00,0x00,0x00,0x00,0x00,0x00,0x00,0x00,0x00,0x00,0x00,0x00,0x00,0x00,0x00,0x00,0x00,0x00,0x00,0x00,0x00,0x00,0x00,0x00,0x00,0x00,0x00,0x00,0x00,0x00,0x01,0x01,0x39,0x09,0x74,0x02,0x74,0x74,0x74,0x74,0x74,0x74,0x74,0x74,0x74,0x74,0x74,0x74,0x74,0x74,0x74,0x74,0x74,0x76,0x76,0x76,0x74,0x74,0x74,0x76,0x78,0x78,0x74,0x74,0x74,0x74,0x74,0x74,0x09,0x74,0x0f,0x00,0x03,0x00,0x00,0x00,0x00,0x00,0x00,0x00,0x00,0x00,0x00,0x00,0x00,0x00,0x00,0x00,0x00,0x00,0x00,0x00,0x00,0x00,0x00,0x00,0x00,0x00,0x00,0x00,0x00,0x00,0x00,0x00,0x00,0x00,0x00,0x00,0x00,0x00,0x00,0x00,0x00,0x00,0x00,0x00,0x00,0x00,0x00,0x00,0x00,
    0x00,0x00,0x00,0x00,0x00,0x00,0x00,0x00,0x00,0x00,0x00,0x00,0x00,0x00,0x00,0x00,0x00,0x00,0x00,0x00,0x00,0x00,0x00,0x00,0x00,0x00,0x00,0x00,0x00,0x00,0x00,0x00,0x00,0x00,0x00,0x00,0x00,0x00,0x00,0x00,0x00,0x00,0x00,0x00,0x00,0x00,0x00,0x00,0x00,0x00,0x00,0x00,0x00,0x03,0x00,0x23,0x74,0x09,0x74,0x74,0x74,0x74,0x74,0x74,0x74,0x74,0x74,0x74,0x74,0x74,0x74,0x74,0x74,0x74,0x74,0x76,0x7a,0x78,0x78,0x78,0x76,0x73,0x74,0x74,0x74,0x74,0x74,0x74,0x74,0x74,0x74,0x09,0x74,0x36,0x00,0x03,0x00,0x00,0x00,0x00,0x00,0x00,0x00,0x00,0x00,0x00,0x00,0x00,0x00,0x00,0x00,0x00,0x00,0x00,0x00,0x00,0x00,0x00,0x00,0x00,0x00,0x00,0x00,0x00,0x00,0x00,0x00,0x00,0x00,0x00,0x00,0x00,0x00,0x00,0x00,0x00,0x00,0x00,0x00,0x00,0x00,0x00,0x00,0x00,
    0x00,0x00,0x00,0x00,0x00,0x00,0x00,0x00,0x00,0x00,0x00,0x00,0x00,0x00,0x00,0x00,0x00,0x00,0x00,0x00,0x00,0x00,0x00,0x00,0x00,0x00,0x00,0x00,0x00,0x00,0x00,0x00,0x00,0x00,0x00,0x00,0x00,0x00,0x00,0x00,0x00,0x00,0x00,0x00,0x00,0x00,0x00,0x00,0x00,0x00,0x00,0x00,0x00,0x03,0x01,0x0b,0x76,0x09,0x74,0x74,0x74,0x74,0x74,0x74,0x74,0x74,0x76,0x74,0x74,0x74,0x74,0x74,0x74,0x76,0x78,0x74,0x74,0x74,0x74,0x74,0x74,0x74,0x74,0x74,0x74,0x74,0x74,0x74,0x74,0x74,0x74,0x74,0x74,0x20,0x39,0x00,0x04,0x00,0x00,0x00,0x00,0x00,0x00,0x00,0x00,0x00,0x00,0x00,0x00,0x00,0x00,0x00,0x00,0x00,0x00,0x00,0x00,0x00,0x00,0x00,0x00,0x00,0x00,0x00,0x00,0x00,0x00,0x00,0x00,0x00,0x00,0x00,0x00,0x00,0x00,0x00,0x00,0x00,0x00,0x00,0x00,0x00,0x00,0x00,
    0x00,0x00,0x00,0x00,0x00,0x00,0x00,0x00,0x00,0x00,0x00,0x00,0x00,0x00,0x00,0x00,0x00,0x00,0x00,0x00,0x00,0x00,0x00,0x00,0x00,0x00,0x00,0x00,0x00,0x00,0x00,0x00,0x00,0x00,0x00,0x00,0x00,0x00,0x00,0x00,0x00,0x00,0x00,0x00,0x00,0x00,0x00,0x00,0x00,0x00,0x00,0x00,0x00,0x00,0x00,0x0d,0x74,0x02,0x74,0x74,0x74,0x74,0x74,0x74,0x74,0x74,0x74,0x74,0x74,0x74,0x74,0x76,0x78,0x78,0x74,0x74,0x74,0x74,0x74,0x74,0x74,0x74,0x74,0x74,0x74,0x74,0x74,0x74,0x74,0x74,0x74,0x74,0x74,0x74,0x07,0x00,0x04,0x00,0x00,0x00,0x00,0x00,0x00,0x00,0x00,0x00,0x00,0x00,0x00,0x00,0x00,0x00,0x00,0x00,0x00,0x00,0x00,0x00,0x00,0x00,0x00,0x00,0x00,0x00,0x00,0x00,0x00,0x00,0x00,0x00,0x00,0x00,0x00,0x00,0x00,0x00,0x00,0x00,0x00,0x00,0x00,0x00,0x00,0x00,
    0x00,0x00,0x00,0x00,0x00,0x00,0x00,0x00,0x00,0x00,0x00,0x00,0x00,0x00,0x00,0x00,0x00,0x00,0x00,0x00,0x00,0x00,0x00,0x00,0x00,0x00,0x00,0x00,0x00,0x00,0x00,0x00,0x00,0x00,0x00,0x00,0x00,0x00,0x00,0x00,0x00,0x00,0x00,0x00,0x00,0x00,0x00,0x00,0x00,0x00,0x00,0x00,0x04,0x00,0x07,0x20,0x02,0x74,0x74,0x74,0x74,0x74,0x78,0x74,0x76,0x74,0x74,0x74,0x74,0x74,0x74,0x78,0x78,0x7a,0x78,0x74,0x74,0x74,0x74,0x74,0x74,0x74,0x74,0x74,0x74,0x74,0x74,0x74,0x74,0x74,0x74,0x74,0x09,0x02,0x0f,0x00,0x03,0x00,0x00,0x00,0x00,0x00,0x00,0x00,0x00,0x00,0x00,0x00,0x00,0x00,0x00,0x00,0x00,0x00,0x00,0x00,0x00,0x00,0x00,0x00,0x00,0x00,0x00,0x00,0x00,0x00,0x00,0x00,0x00,0x00,0x00,0x00,0x00,0x00,0x00,0x00,0x00,0x00,0x00,0x00,0x00,0x00,0x00,0x00,
    0x00,0x00,0x00,0x00,0x00,0x00,0x00,0x00,0x00,0x00,0x00,0x00,0x00,0x00,0x00,0x00,0x00,0x00,0x00,0x00,0x00,0x00,0x00,0x00,0x00,0x00,0x00,0x00,0x00,0x00,0x00,0x00,0x00,0x00,0x00,0x00,0x00,0x00,0x00,0x00,0x00,0x00,0x00,0x00,0x00,0x00,0x00,0x00,0x00,0x00,0x00,0x00,0x03,0x00,0x12,0x74,0x02,0x73,0x74,0x74,0x74,0x74,0x74,0x74,0x74,0x74,0x74,0x74,0x74,0x74,0x74,0x78,0x76,0x7a,0x76,0x74,0x74,0x74,0x74,0x74,0x76,0x76,0x74,0x74,0x74,0x74,0x74,0x74,0x74,0x74,0x74,0x74,0x09,0x74,0x0f,0x00,0x03,0x00,0x00,0x00,0x00,0x00,0x00,0x00,0x00,0x00,0x00,0x00,0x00,0x00,0x00,0x00,0x00,0x00,0x00,0x00,0x00,0x00,0x00,0x00,0x00,0x00,0x00,0x00,0x00,0x00,0x00,0x00,0x00,0x00,0x00,0x00,0x00,0x00,0x00,0x00,0x00,0x00,0x00,0x00,0x00,0x00,0x00,0x00,
    0x00,0x00,0x00,0x00,0x00,0x00,0x00,0x00,0x00,0x00,0x00,0x00,0x00,0x00,0x00,0x00,0x00,0x00,0x00,0x00,0x00,0x00,0x00,0x00,0x00,0x00,0x00,0x00,0x00,0x00,0x00,0x00,0x00,0x00,0x00,0x00,0x00,0x00,0x00,0x00,0x00,0x00,0x00,0x00,0x00,0x00,0x00,0x00,0x00,0x00,0x00,0x00,0x03,0x00,0x0f,0x74,0x09,0x7a,0x78,0x76,0x74,0x74,0x74,0x74,0x74,0x74,0x74,0x74,0x74,0x74,0x76,0x78,0x78,0x76,0x76,0x74,0x74,0x74,0x74,0x74,0x76,0x76,0x74,0x74,0x74,0x74,0x74,0x74,0x74,0x74,0x74,0x74,0x09,0x74,0x0f,0x00,0x03,0x00,0x00,0x00,0x00,0x00,0x00,0x00,0x00,0x00,0x00,0x00,0x00,0x00,0x00,0x00,0x00,0x00,0x00,0x00,0x00,0x00,0x00,0x00,0x00,0x00,0x00,0x00,0x00,0x00,0x00,0x00,0x00,0x00,0x00,0x00,0x00,0x00,0x00,0x00,0x00,0x00,0x00,0x00,0x00,0x00,0x00,0x00,
    0x00,0x00,0x00,0x00,0x00,0x00,0x00,0x00,0x00,0x00,0x00,0x00,0x00,0x00,0x00,0x00,0x00,0x00,0x00,0x00,0x00,0x00,0x00,0x00,0x00,0x00,0x00,0x00,0x00,0x00,0x00,0x00,0x00,0x00,0x00,0x00,0x00,0x00,0x00,0x00,0x00,0x00,0x00,0x00,0x00,0x00,0x00,0x00,0x00,0x00,0x00,0x00,0x03,0x00,0x34,0x74,0x09,0x7a,0x78,0x74,0x74,0x74,0x74,0x74,0x74,0x74,0x74,0x74,0x74,0x74,0x76,0x74,0x74,0x74,0x74,0x74,0x74,0x74,0x74,0x74,0x74,0x74,0x74,0x74,0x74,0x74,0x74,0x74,0x74,0x74,0x74,0x74,0x09,0x02,0x0f,0x00,0x03,0x00,0x00,0x00,0x00,0x00,0x00,0x00,0x00,0x00,0x00,0x00,0x00,0x00,0x00,0x00,0x00,0x00,0x00,0x00,0x00,0x00,0x00,0x00,0x00,0x00,0x00,0x00,0x00,0x00,0x00,0x00,0x00,0x00,0x00,0x00,0x00,0x00,0x00,0x00,0x00,0x00,0x00,0x00,0x00,0x00,0x00,0x00,
    0x00,0x00,0x00,0x00,0x00,0x00,0x00,0x00,0x00,0x00,0x00,0x00,0x00,0x00,0x00,0x00,0x00,0x00,0x00,0x00,0x00,0x00,0x00,0x00,0x00,0x00,0x00,0x00,0x00,0x00,0x00,0x00,0x00,0x00,0x00,0x00,0x00,0x00,0x00,0x00,0x00,0x00,0x00,0x00,0x00,0x00,0x00,0x00,0x00,0x00,0x00,0x00,0x03,0x00,0x3f,0x74,0x09,0x73,0x74,0x74,0x74,0x74,0x74,0x74,0x74,0x74,0x74,0x74,0x74,0x74,0x73,0x74,0x74,0x74,0x74,0x74,0x74,0x74,0x74,0x74,0x74,0x74,0x74,0x74,0x74,0x74,0x74,0x74,0x74,0x74,0x74,0x74,0x74,0x73,0x12,0x00,0x03,0x00,0x00,0x00,0x00,0x00,0x00,0x00,0x00,0x00,0x00,0x00,0x00,0x00,0x00,0x00,0x00,0x00,0x00,0x00,0x00,0x00,0x00,0x00,0x00,0x00,0x00,0x00,0x00,0x00,0x00,0x00,0x00,0x00,0x00,0x00,0x00,0x00,0x00,0x00,0x00,0x00,0x00,0x00,0x00,0x00,0x00,0x00,
    0x00,0x00,0x00,0x00,0x00,0x00,0x00,0x00,0x00,0x00,0x00,0x00,0x00,0x00,0x00,0x00,0x00,0x00,0x00,0x00,0x00,0x00,0x00,0x00,0x00,0x00,0x00,0x00,0x00,0x00,0x00,0x00,0x00,0x00,0x00,0x00,0x00,0x00,0x00,0x00,0x00,0x00,0x00,0x00,0x00,0x00,0x00,0x00,0x00,0x00,0x00,0x00,0x01,0x00,0x16,0x3d,0x02,0x02,0x74,0x74,0x74,0x74,0x74,0x74,0x74,0x74,0x74,0x74,0x74,0x76,0x74,0x74,0x74,0x74,0x74,0x74,0x74,0x74,0x74,0x74,0x74,0x74,0x74,0x74,0x74,0x74,0x74,0x74,0x74,0x74,0x74,0x02,0x74,0x36,0x1a,0x04,0x00,0x00,0x00,0x00,0x00,0x00,0x00,0x00,0x00,0x00,0x00,0x00,0x00,0x00,0x00,0x00,0x00,0x00,0x00,0x00,0x00,0x00,0x00,0x00,0x00,0x00,0x00,0x00,0x00,0x00,0x00,0x00,0x00,0x00,0x00,0x00,0x00,0x00,0x00,0x00,0x00,0x00,0x00,0x00,0x00,0x00,0x00,0x00,
    0x00,0x00,0x00,0x00,0x00,0x00,0x00,0x00,0x00,0x00,0x00,0x00,0x00,0x00,0x00,0x00,0x00,0x00,0x00,0x00,0x00,0x00,0x00,0x00,0x00,0x00,0x00,0x00,0x00,0x00,0x00,0x00,0x00,0x00,0x00,0x00,0x00,0x00,0x00,0x00,0x00,0x00,0x00,0x00,0x00,0x00,0x00,0x00,0x00,0x00,0x00,0x00,0x00,0x03,0x00,0x35,0x74,0x09,0x74,0x74,0x74,0x74,0x74,0x74,0x74,0x74,0x74,0x74,0x74,0x76,0x76,0x78,0x78,0x76,0x74,0x74,0x74,0x74,0x74,0x74,0x76,0x74,0x74,0x74,0x74,0x74,0x74,0x74,0x74,0x74,0x74,0x09,0x74,0x23,0x00,0x03,0x00,0x00,0x00,0x00,0x00,0x00,0x00,0x00,0x00,0x00,0x00,0x00,0x00,0x00,0x00,0x00,0x00,0x00,0x00,0x00,0x00,0x00,0x00,0x00,0x00,0x00,0x00,0x00,0x00,0x00,0x00,0x00,0x00,0x00,0x00,0x00,0x00,0x00,0x00,0x00,0x00,0x00,0x00,0x00,0x00,0x00,0x00,0x00,
    0x00,0x00,0x00,0x00,0x00,0x00,0x00,0x00,0x00,0x00,0x00,0x00,0x00,0x00,0x00,0x00,0x00,0x00,0x00,0x00,0x00,0x00,0x00,0x00,0x00,0x00,0x00,0x00,0x00,0x00,0x00,0x00,0x00,0x00,0x00,0x00,0x00,0x00,0x00,0x00,0x00,0x00,0x00,0x00,0x00,0x00,0x00,0x00,0x00,0x00,0x00,0x00,0x00,0x03,0x01,0x35,0x74,0x09,0x74,0x74,0x74,0x74,0x74,0x74,0x74,0x74,0x74,0x76,0x7a,0x74,0x74,0x74,0x74,0x74,0x74,0x76,0x74,0x74,0x74,0x74,0x74,0x74,0x74,0x74,0x74,0x74,0x74,0x74,0x74,0x74,0x74,0x09,0x74,0x0b,0x00,0x03,0x00,0x00,0x00,0x00,0x00,0x00,0x00,0x00,0x00,0x00,0x00,0x00,0x00,0x00,0x00,0x00,0x00,0x00,0x00,0x00,0x00,0x00,0x00,0x00,0x00,0x00,0x00,0x00,0x00,0x00,0x00,0x00,0x00,0x00,0x00,0x00,0x00,0x00,0x00,0x00,0x00,0x00,0x00,0x00,0x00,0x00,0x00,0x00,
    0x00,0x00,0x00,0x00,0x00,0x00,0x00,0x00,0x00,0x00,0x00,0x00,0x00,0x00,0x00,0x00,0x00,0x00,0x00,0x00,0x00,0x00,0x00,0x00,0x00,0x00,0x00,0x00,0x00,0x00,0x00,0x00,0x00,0x00,0x00,0x00,0x00,0x00,0x00,0x00,0x00,0x00,0x00,0x00,0x00,0x00,0x00,0x00,0x00,0x00,0x00,0x00,0x00,0x03,0x00,0x0f,0x02,0x09,0x78,0x7a,0x76,0x74,0x76,0x74,0x78,0x78,0x78,0x74,0x76,0x74,0x74,0x74,0x73,0x74,0x74,0x76,0x74,0x74,0x74,0x74,0x74,0x74,0x74,0x74,0x74,0x74,0x74,0x74,0x74,0x74,0x74,0x09,0x09,0x36,0x00,0x03,0x00,0x00,0x00,0x00,0x00,0x00,0x00,0x00,0x00,0x00,0x00,0x00,0x00,0x00,0x00,0x00,0x00,0x00,0x00,0x00,0x00,0x00,0x00,0x00,0x00,0x00,0x00,0x00,0x00,0x00,0x00,0x00,0x00,0x00,0x00,0x00,0x00,0x00,0x00,0x00,0x00,0x00,0x00,0x00,0x00,0x00,0x00,0x00,
    0x00,0x00,0x00,0x00,0x00,0x00,0x00,0x00,0x00,0x00,0x00,0x00,0x00,0x00,0x00,0x00,0x00,0x00,0x00,0x00,0x00,0x00,0x00,0x00,0x00,0x00,0x00,0x00,0x00,0x00,0x00,0x00,0x00,0x00,0x00,0x00,0x00,0x00,0x00,0x00,0x00,0x00,0x00,0x00,0x00,0x00,0x00,0x00,0x00,0x00,0x00,0x00,0x00,0x03,0x00,0x3f,0x74,0x76,0x7a,0x7a,0x7a,0x7a,0x7a,0x7a,0x7a,0x7a,0x76,0x76,0x78,0x74,0x74,0x76,0x78,0x74,0x74,0x73,0x74,0x74,0x74,0x74,0x74,0x74,0x74,0x74,0x76,0x76,0x76,0x78,0x76,0x74,0x74,0x74,0x74,0x0f,0x00,0x03,0x00,0x00,0x00,0x00,0x00,0x00,0x00,0x00,0x00,0x00,0x00,0x00,0x00,0x00,0x00,0x00,0x00,0x00,0x00,0x00,0x00,0x00,0x00,0x00,0x00,0x00,0x00,0x00,0x00,0x00,0x00,0x00,0x00,0x00,0x00,0x00,0x00,0x00,0x00,0x00,0x00,0x00,0x00,0x00,0x00,0x00,0x00,0x00,
    0x00,0x00,0x00,0x00,0x00,0x00,0x00,0x00,0x00,0x00,0x00,0x00,0x00,0x00,0x00,0x00,0x00,0x00,0x00,0x00,0x00,0x00,0x00,0x00,0x00,0x00,0x00,0x00,0x00,0x00,0x00,0x00,0x00,0x00,0x00,0x00,0x00,0x00,0x00,0x00,0x00,0x00,0x00,0x00,0x00,0x00,0x00,0x00,0x00,0x00,0x00,0x00,0x00,0x00,0x04,0x00,0x0f,0x3d,0x74,0x74,0x74,0x8e,0x8e,0x8e,0x8e,0x8e,0x8e,0x74,0x78,0x78,0x7a,0x7a,0x7a,0x7a,0x09,0x02,0x76,0x76,0x76,0x76,0x76,0x76,0x76,0x74,0x8e,0x80,0x80,0x80,0x8e,0x7b,0x8e,0x0d,0x0b,0x16,0x01,0x01,0x00,0x00,0x00,0x00,0x00,0x00,0x00,0x00,0x00,0x00,0x00,0x00,0x00,0x00,0x00,0x00,0x00,0x00,0x00,0x00,0x00,0x00,0x00,0x00,0x00,0x00,0x00,0x00,0x00,0x00,0x00,0x00,0x00,0x00,0x00,0x00,0x00,0x00,0x00,0x00,0x00,0x00,0x00,0x00,0x00,0x00,0x00,0x00,
    0x00,0x00,0x00,0x00,0x00,0x00,0x00,0x00,0x00,0x00,0x00,0x00,0x00,0x00,0x00,0x00,0x00,0x00,0x00,0x00,0x00,0x00,0x00,0x00,0x00,0x00,0x00,0x00,0x00,0x00,0x00,0x00,0x00,0x00,0x00,0x00,0x00,0x00,0x00,0x00,0x00,0x00,0x00,0x00,0x00,0x00,0x00,0x00,0x00,0x00,0x00,0x00,0x00,0x00,0x00,0x01,0x00,0x16,0x12,0x3f,0x34,0xd0,0xd0,0xd0,0x38,0xc7,0x99,0x7a,0x74,0x76,0x73,0x8e,0x8e,0x73,0x7a,0x76,0x8e,0x80,0x80,0x80,0x80,0x86,0x7b,0x7a,0x99,0x9a,0xce,0xe8,0xd0,0x63,0x35,0x16,0x00,0x00,0x00,0x00,0x00,0x00,0x00,0x00,0x00,0x00,0x00,0x00,0x00,0x00,0x00,0x00,0x00,0x00,0x00,0x00,0x00,0x00,0x00,0x00,0x00,0x00,0x00,0x00,0x00,0x00,0x00,0x00,0x00,0x00,0x00,0x00,0x00,0x00,0x00,0x00,0x00,0x00,0x00,0x00,0x00,0x00,0x00,0x00,0x00,0x00,0x00,0x00,
    0x00,0x00,0x00,0x00,0x00,0x00,0x00,0x00,0x00,0x00,0x00,0x00,0x00,0x00,0x00,0x00,0x00,0x00,0x00,0x00,0x00,0x00,0x00,0x00,0x00,0x00,0x00,0x00,0x00,0x00,0x00,0x00,0x00,0x00,0x00,0x00,0x00,0x00,0x00,0x00,0x00,0x00,0x00,0x00,0x00,0x00,0x00,0x00,0x00,0x00,0x00,0x00,0x00,0x00,0x00,0x00,0x04,0x00,0x00,0x33,0x4d,0xcd,0xcd,0xc0,0xc0,0xc0,0xc0,0xf1,0xf4,0xfb,0xe8,0xe8,0xd0,0xce,0x36,0x48,0x9a,0xd0,0xd0,0xd0,0xe8,0xfb,0xf4,0xf1,0xcd,0xcd,0xc0,0xc0,0xf1,0x4d,0x33,0x00,0x03,0x01,0x00,0x00,0x00,0x00,0x00,0x00,0x00,0x00,0x00,0x00,0x00,0x00,0x00,0x00,0x00,0x00,0x00,0x00,0x00,0x00,0x00,0x00,0x00,0x00,0x00,0x00,0x00,0x00,0x00,0x00,0x00,0x00,0x00,0x00,0x00,0x00,0x00,0x00,0x00,0x00,0x00,0x00,0x00,0x00,0x00,0x00,0x00,0x00,0x00,0x00,
    0x00,0x00,0x00,0x00,0x00,0x00,0x00,0x00,0x00,0x00,0x00,0x00,0x00,0x00,0x00,0x00,0x00,0x00,0x00,0x00,0x00,0x00,0x00,0x00,0x00,0x00,0x00,0x00,0x00,0x00,0x00,0x00,0x00,0x00,0x00,0x00,0x00,0x00,0x00,0x00,0x00,0x00,0x00,0x00,0x00,0x00,0x00,0x00,0x00,0x00,0x00,0x00,0x00,0x00,0x00,0x00,0x00,0x04,0x03,0x27,0x3a,0x60,0xec,0xc0,0xe7,0xb6,0x93,0x7f,0x82,0xbd,0xe7,0xcd,0xcd,0x60,0x3a,0x4d,0xec,0xcd,0xc0,0xc9,0xa2,0x7f,0x85,0x85,0x93,0xb6,0xe7,0xcd,0x60,0x2c,0x00,0x04,0x00,0x00,0x00,0x00,0x00,0x00,0x00,0x00,0x00,0x00,0x00,0x00,0x00,0x00,0x00,0x00,0x00,0x00,0x00,0x00,0x00,0x00,0x00,0x00,0x00,0x00,0x00,0x00,0x00,0x00,0x00,0x00,0x00,0x00,0x00,0x00,0x00,0x00,0x00,0x00,0x00,0x00,0x00,0x00,0x00,0x00,0x00,0x00,0x00,0x00,0x00,0x00,
    0x00,0x00,0x00,0x00,0x00,0x00,0x00,0x00,0x00,0x00,0x00,0x00,0x00,0x00,0x00,0x00,0x00,0x00,0x00,0x00,0x00,0x00,0x00,0x00,0x00,0x00,0x00,0x00,0x00,0x00,0x00,0x00,0x00,0x00,0x00,0x00,0x00,0x00,0x00,0x00,0x00,0x00,0x00,0x00,0x00,0x00,0x00,0x00,0x00,0x00,0x00,0x00,0x00,0x00,0x00,0x00,0x00,0x00,0x04,0x05,0x54,0x46,0xe7,0x93,0x85,0x77,0x7f,0x7d,0x7d,0x77,0x85,0xb6,0xf5,0x6c,0x51,0x3a,0xcd,0xc0,0x95,0x7d,0x7d,0x8a,0x7d,0x7f,0x77,0x85,0x89,0xc9,0x3c,0x32,0x00,0x04,0x00,0x00,0x00,0x00,0x00,0x00,0x00,0x00,0x00,0x00,0x00,0x00,0x00,0x00,0x00,0x00,0x00,0x00,0x00,0x00,0x00,0x00,0x00,0x00,0x00,0x00,0x00,0x00,0x00,0x00,0x00,0x00,0x00,0x00,0x00,0x00,0x00,0x00,0x00,0x00,0x00,0x00,0x00,0x00,0x00,0x00,0x00,0x00,0x00,0x00,0x00,0x00,
    0x00,0x00,0x00,0x00,0x00,0x00,0x00,0x00,0x00,0x00,0x00,0x00,0x00,0x00,0x00,0x00,0x00,0x00,0x00,0x00,0x00,0x00,0x00,0x00,0x00,0x00,0x00,0x00,0x00,0x00,0x00,0x00,0x00,0x00,0x00,0x00,0x00,0x00,0x00,0x00,0x00,0x00,0x00,0x00,0x00,0x00,0x00,0x00,0x00,0x00,0x00,0x00,0x00,0x00,0x00,0x00,0x00,0x00,0x04,0x00,0x28,0x3c,0x95,0x85,0x7d,0x7d,0x7f,0x7d,0x93,0x93,0x93,0x85,0x93,0x3c,0x37,0x51,0x1e,0x82,0x77,0x8a,0x7d,0x82,0x7d,0x8a,0x8a,0x93,0x8a,0xba,0x52,0x1d,0x00,0x06,0x00,0x00,0x00,0x00,0x00,0x00,0x00,0x00,0x00,0x00,0x00,0x00,0x00,0x00,0x00,0x00,0x00,0x00,0x00,0x00,0x00,0x00,0x00,0x00,0x00,0x00,0x00,0x00,0x00,0x00,0x00,0x00,0x00,0x00,0x00,0x00,0x00,0x00,0x00,0x00,0x00,0x00,0x00,0x00,0x00,0x00,0x00,0x00,0x00,0x00,0x00,0x00,
    0x00,0x00,0x00,0x00,0x00,0x00,0x00,0x00,0x00,0x00,0x00,0x00,0x00,0x00,0x00,0x00,0x00,0x00,0x00,0x00,0x00,0x00,0x00,0x00,0x00,0x00,0x00,0x00,0x00,0x00,0x00,0x00,0x00,0x00,0x00,0x00,0x00,0x00,0x00,0x00,0x00,0x00,0x00,0x00,0x00,0x00,0x00,0x00,0x00,0x00,0x00,0x00,0x00,0x00,0x00,0x00,0x00,0x00,0x06,0x00,0x1d,0x2e,0x9b,0x77,0x7d,0x7f,0x7d,0x82,0x93,0x93,0x93,0x82,0x9b,0x30,0x47,0x6a,0x46,0x93,0x7f,0x7d,0x7f,0x7f,0x8a,0x93,0x93,0x93,0x93,0x9b,0x2d,0x33,0x04,0x04,0x00,0x00,0x00,0x00,0x00,0x00,0x00,0x00,0x00,0x00,0x00,0x00,0x00,0x00,0x00,0x00,0x00,0x00,0x00,0x00,0x00,0x00,0x00,0x00,0x00,0x00,0x00,0x00,0x00,0x00,0x00,0x00,0x00,0x00,0x00,0x00,0x00,0x00,0x00,0x00,0x00,0x00,0x00,0x00,0x00,0x00,0x00,0x00,0x00,0x00,0x00,0x00,
    0x00,0x00,0x00,0x00,0x00,0x00,0x00,0x00,0x00,0x00,0x00,0x00,0x00,0x00,0x00,0x00,0x00,0x00,0x00,0x00,0x00,0x00,0x00,0x00,0x00,0x00,0x00,0x00,0x00,0x00,0x00,0x00,0x00,0x00,0x00,0x00,0x00,0x00,0x00,0x00,0x00,0x00,0x00,0x00,0x00,0x00,0x00,0x00,0x00,0x00,0x00,0x00,0x00,0x00,0x00,0x00,0x00,0x00,0x01,0x00,0x15,0x45,0x13,0x85,0x7f,0x7d,0x93,0x93,0x93,0x93,0x93,0x8a,0x8a,0x52,0x1d,0x00,0x1e,0x89,0x7d,0x7d,0x7d,0x8a,0x93,0x93,0x93,0x82,0x85,0x9e,0x18,0x0c,0x00,0x00,0x00,0x00,0x00,0x00,0x00,0x00,0x00,0x00,0x00,0x00,0x00,0x00,0x00,0x00,0x00,0x00,0x00,0x00,0x00,0x00,0x00,0x00,0x00,0x00,0x00,0x00,0x00,0x00,0x00,0x00,0x00,0x00,0x00,0x00,0x00,0x00,0x00,0x00,0x00,0x00,0x00,0x00,0x00,0x00,0x00,0x00,0x00,0x00,0x00,0x00,0x00,0x00,
    0x00,0x00,0x00,0x00,0x00,0x00,0x00,0x00,0x00,0x00,0x00,0x00,0x00,0x00,0x00,0x00,0x00,0x00,0x00,0x00,0x00,0x00,0x00,0x00,0x00,0x00,0x00,0x00,0x00,0x00,0x00,0x00,0x00,0x00,0x00,0x00,0x00,0x00,0x00,0x00,0x00,0x00,0x00,0x00,0x00,0x00,0x00,0x00,0x00,0x00,0x00,0x00,0x00,0x00,0x00,0x00,0x00,0x00,0x00,0x00,0x0c,0x4f,0x9b,0x85,0x7d,0x82,0x82,0x93,0x93,0x93,0x8a,0x7d,0xba,0x5c,0x22,0x00,0x19,0x95,0x77,0x93,0x93,0x93,0x93,0x82,0x8a,0x7f,0x7f,0x5b,0x4f,0x0c,0x01,0x00,0x00,0x00,0x00,0x00,0x00,0x00,0x00,0x00,0x00,0x00,0x00,0x00,0x00,0x00,0x00,0x00,0x00,0x00,0x00,0x00,0x00,0x00,0x00,0x00,0x00,0x00,0x00,0x00,0x00,0x00,0x00,0x00,0x00,0x00,0x00,0x00,0x00,0x00,0x00,0x00,0x00,0x00,0x00,0x00,0x00,0x00,0x00,0x00,0x00,0x00,0x00,0x00,
    0x00,0x00,0x00,0x00,0x00,0x00,0x00,0x00,0x00,0x00,0x00,0x00,0x00,0x00,0x00,0x00,0x00,0x00,0x00,0x00,0x00,0x00,0x00,0x00,0x00,0x00,0x00,0x00,0x00,0x00,0x00,0x00,0x00,0x00,0x00,0x00,0x00,0x00,0x00,0x00,0x00,0x00,0x00,0x00,0x00,0x00,0x00,0x00,0x00,0x00,0x00,0x00,0x00,0x00,0x00,0x00,0x00,0x00,0x00,0x05,0x2b,0x25,0x1e,0x95,0x7d,0x93,0x82,0x7d,0x82,0x7f,0x7d,0x89,0x68,0x54,0x00,0x17,0x31,0x9b,0x7d,0x93,0x93,0x93,0x7d,0x7f,0x7f,0x77,0xba,0x46,0x28,0x00,0x06,0x00,0x00,0x00,0x00,0x00,0x00,0x00,0x00,0x00,0x00,0x00,0x00,0x00,0x00,0x00,0x00,0x00,0x00,0x00,0x00,0x00,0x00,0x00,0x00,0x00,0x00,0x00,0x00,0x00,0x00,0x00,0x00,0x00,0x00,0x00,0x00,0x00,0x00,0x00,0x00,0x00,0x00,0x00,0x00,0x00,0x00,0x00,0x00,0x00,0x00,0x00,0x00,0x00,
    0x00,0x00,0x00,0x00,0x00,0x00,0x00,0x00,0x00,0x00,0x00,0x00,0x00,0x00,0x00,0x00,0x00,0x00,0x00,0x00,0x00,0x00,0x00,0x00,0x00,0x00,0x00,0x00,0x00,0x00,0x00,0x00,0x00,0x00,0x00,0x00,0x00,0x00,0x00,0x00,0x00,0x00,0x00,0x00,0x00,0x00,0x00,0x00,0x00,0x00,0x00,0x00,0x00,0x00,0x00,0x00,0x00,0x00,0x00,0x06,0x00,0x2a,0x19,0x77,0x8a,0x8a,0x7d,0x7f,0x7f,0x7f,0x7d,0x88,0xac,0x45,0x00,0x1d,0x66,0x85,0xba,0x93,0x8a,0x8a,0x7f,0x7f,0x7f,0x7f,0x77,0x57,0x28,0x00,0x06,0x00,0x00,0x00,0x00,0x00,0x00,0x00,0x00,0x00,0x00,0x00,0x00,0x00,0x00,0x00,0x00,0x00,0x00,0x00,0x00,0x00,0x00,0x00,0x00,0x00,0x00,0x00,0x00,0x00,0x00,0x00,0x00,0x00,0x00,0x00,0x00,0x00,0x00,0x00,0x00,0x00,0x00,0x00,0x00,0x00,0x00,0x00,0x00,0x00,0x00,0x00,0x00,0x00,
    0x00,0x00,0x00,0x00,0x00,0x00,0x00,0x00,0x00,0x00,0x00,0x00,0x00,0x00,0x00,0x00,0x00,0x00,0x00,0x00,0x00,0x00,0x00,0x00,0x00,0x00,0x00,0x00,0x00,0x00,0x00,0x00,0x00,0x00,0x00,0x00,0x00,0x00,0x00,0x00,0x00,0x00,0x00,0x00,0x00,0x00,0x00,0x00,0x00,0x00,0x00,0x00,0x00,0x00,0x00,0x00,0x00,0x00,0x00,0x06,0x00,0x28,0x4b,0xa0,0x82,0x7d,0x7f,0x7f,0x7f,0x7d,0x7d,0x95,0x57,0x4f,0x06,0x15,0x2d,0xac,0x8a,0x7d,0x7f,0x7f,0x7f,0x7f,0x7d,0x77,0xb5,0x19,0x17,0x00,0x08,0x00,0x00,0x00,0x00,0x00,0x00,0x00,0x00,0x00,0x00,0x00,0x00,0x00,0x00,0x00,0x00,0x00,0x00,0x00,0x00,0x00,0x00,0x00,0x00,0x00,0x00,0x00,0x00,0x00,0x00,0x00,0x00,0x00,0x00,0x00,0x00,0x00,0x00,0x00,0x00,0x00,0x00,0x00,0x00,0x00,0x00,0x00,0x00,0x00,0x00,0x00,0x00,0x00,
    0x00,0x00,0x00,0x00,0x00,0x00,0x00,0x00,0x00,0x00,0x00,0x00,0x00,0x00,0x00,0x00,0x00,0x00,0x00,0x00,0x00,0x00,0x00,0x00,0x00,0x00,0x00,0x00,0x00,0x00,0x00,0x00,0x00,0x00,0x00,0x00,0x00,0x00,0x00,0x00,0x00,0x00,0x00,0x00,0x00,0x00,0x00,0x00,0x00,0x00,0x00,0x00,0x00,0x00,0x00,0x00,0x00,0x00,0x00,0x06,0x05,0x2a,0x4b,0xa0,0x82,0x7f,0x7f,0x7f,0x8a,0x93,0x93,0x93,0x30,0x2a,0x00,0x0c,0x18,0x1c,0x85,0x7d,0x7f,0x7f,0x7f,0x7f,0x7d,0x77,0xb5,0x2d,0x17,0x00,0x08,0x00,0x00,0x00,0x00,0x00,0x00,0x00,0x00,0x00,0x00,0x00,0x00,0x00,0x00,0x00,0x00,0x00,0x00,0x00,0x00,0x00,0x00,0x00,0x00,0x00,0x00,0x00,0x00,0x00,0x00,0x00,0x00,0x00,0x00,0x00,0x00,0x00,0x00,0x00,0x00,0x00,0x00,0x00,0x00,0x00,0x00,0x00,0x00,0x00,0x00,0x00,0x00,0x00,
    0x00,0x00,0x00,0x00,0x00,0x00,0x00,0x00,0x00,0x00,0x00,0x00,0x00,0x00,0x00,0x00,0x00,0x00,0x00,0x00,0x00,0x00,0x00,0x00,0x00,0x00,0x00,0x00,0x00,0x00,0x00,0x00,0x00,0x00,0x00,0x00,0x00,0x00,0x00,0x00,0x00,0x00,0x00,0x00,0x00,0x00,0x00,0x00,0x00,0x00,0x00,0x00,0x00,0x00,0x00,0x00,0x00,0x00,0x00,0x00,0x08,0x00,0x66,0x88,0x8a,0x7f,0x7f,0x7f,0x82,0x93,0x93,0x77,0x4b,0x2a,0x00,0x15,0x4f,0xb5,0x85,0x7d,0x7d,0x7f,0x7f,0x7f,0x7d,0x7f,0x7f,0x4b,0x28,0x00,0x06,0x00,0x00,0x00,0x00,0x00,0x00,0x00,0x00,0x00,0x00,0x00,0x00,0x00,0x00,0x00,0x00,0x00,0x00,0x00,0x00,0x00,0x00,0x00,0x00,0x00,0x00,0x00,0x00,0x00,0x00,0x00,0x00,0x00,0x00,0x00,0x00,0x00,0x00,0x00,0x00,0x00,0x00,0x00,0x00,0x00,0x00,0x00,0x00,0x00,0x00,0x00,0x00,0x00,
    0x00,0x00,0x00,0x00,0x00,0x00,0x00,0x00,0x00,0x00,0x00,0x00,0x00,0x00,0x00,0x00,0x00,0x00,0x00,0x00,0x00,0x00,0x00,0x00,0x00,0x00,0x00,0x00,0x00,0x00,0x00,0x00,0x00,0x00,0x00,0x00,0x00,0x00,0x00,0x00,0x00,0x00,0x00,0x00,0x00,0x00,0x00,0x00,0x00,0x00,0x00,0x00,0x00,0x00,0x00,0x00,0x00,0x00,0x00,0x00,0x0c,0x1d,0x19,0x85,0x7d,0x8a,0x7f,0x7f,0x7d,0x8a,0x85,0xac,0x2e,0x1d,0x00,0x08,0x25,0x1e,0x95,0x77,0x8a,0x7f,0x7f,0x7f,0x7d,0x77,0x95,0x5a,0x28,0x00,0x06,0x00,0x00,0x00,0x00,0x00,0x00,0x00,0x00,0x00,0x00,0x00,0x00,0x00,0x00,0x00,0x00,0x00,0x00,0x00,0x00,0x00,0x00,0x00,0x00,0x00,0x00,0x00,0x00,0x00,0x00,0x00,0x00,0x00,0x00,0x00,0x00,0x00,0x00,0x00,0x00,0x00,0x00,0x00,0x00,0x00,0x00,0x00,0x00,0x00,0x00,0x00,0x00,0x00,
    0x00,0x00,0x00,0x00,0x00,0x00,0x00,0x00,0x00,0x00,0x00,0x00,0x00,0x00,0x00,0x00,0x00,0x00,0x00,0x00,0x00,0x00,0x00,0x00,0x00,0x00,0x00,0x00,0x00,0x00,0x00,0x00,0x00,0x00,0x00,0x00,0x00,0x00,0x00,0x00,0x00,0x00,0x00,0x00,0x00,0x00,0x00,0x00,0x00,0x00,0x00,0x00,0x00,0x00,0x00,0x00,0x00,0x00,0x00,0x05,0x1a,0x4e,0xba,0x77,0x7f,0x7f,0x7d,0x7d,0x7f,0x7d,0x89,0x13,0x3a,0x17,0x00,0x00,0x28,0x58,0x85,0x7d,0x8a,0x7f,0x7d,0x7d,0x7d,0x77,0x95,0x1e,0x4e,0x0c,0x00,0x00,0x00,0x00,0x00,0x00,0x00,0x00,0x00,0x00,0x00,0x00,0x00,0x00,0x00,0x00,0x00,0x00,0x00,0x00,0x00,0x00,0x00,0x00,0x00,0x00,0x00,0x00,0x00,0x00,0x00,0x00,0x00,0x00,0x00,0x00,0x00,0x00,0x00,0x00,0x00,0x00,0x00,0x00,0x00,0x00,0x00,0x00,0x00,0x00,0x00,0x00,0x00,0x00,
    0x00,0x00,0x00,0x00,0x00,0x00,0x00,0x00,0x00,0x00,0x00,0x00,0x00,0x00,0x00,0x00,0x00,0x00,0x00,0x00,0x00,0x00,0x00,0x00,0x00,0x00,0x00,0x00,0x00,0x00,0x00,0x00,0x00,0x00,0x00,0x00,0x00,0x00,0x00,0x00,0x00,0x00,0x00,0x00,0x00,0x00,0x00,0x00,0x00,0x00,0x00,0x00,0x00,0x00,0x00,0x00,0x00,0x00,0x00,0x00,0x0c,0x18,0x11,0x85,0x7d,0x7f,0x7d,0x8a,0x7d,0x7f,0x7d,0x9b,0x2d,0x22,0x00,0x05,0x28,0x4b,0x85,0x7d,0x7d,0x8a,0x7d,0x7d,0x7f,0x7f,0x7f,0x95,0x55,0x0c,0x00,0x00,0x00,0x00,0x00,0x00,0x00,0x00,0x00,0x00,0x00,0x00,0x00,0x00,0x00,0x00,0x00,0x00,0x00,0x00,0x00,0x00,0x00,0x00,0x00,0x00,0x00,0x00,0x00,0x00,0x00,0x00,0x00,0x00,0x00,0x00,0x00,0x00,0x00,0x00,0x00,0x00,0x00,0x00,0x00,0x00,0x00,0x00,0x00,0x00,0x00,0x00,0x00,0x00,
    0x00,0x00,0x00,0x00,0x00,0x00,0x00,0x00,0x00,0x00,0x00,0x00,0x00,0x00,0x00,0x00,0x00,0x00,0x00,0x00,0x00,0x00,0x00,0x00,0x00,0x00,0x00,0x00,0x00,0x00,0x00,0x00,0x00,0x00,0x00,0x00,0x00,0x00,0x00,0x00,0x00,0x00,0x00,0x00,0x00,0x00,0x00,0x00,0x00,0x00,0x00,0x00,0x00,0x00,0x00,0x00,0x00,0x00,0x01,0x00,0x15,0x45,0x1c,0x7d,0x7d,0x7f,0x7f,0x7f,0x7f,0x7d,0x85,0x68,0x4f,0x08,0x05,0x05,0x15,0x45,0x13,0x77,0x8a,0x8a,0x7d,0x7f,0x7f,0x7d,0x85,0x11,0x37,0x0c,0x00,0x00,0x00,0x00,0x00,0x00,0x00,0x00,0x00,0x00,0x00,0x00,0x00,0x00,0x00,0x00,0x00,0x00,0x00,0x00,0x00,0x00,0x00,0x00,0x00,0x00,0x00,0x00,0x00,0x00,0x00,0x00,0x00,0x00,0x00,0x00,0x00,0x00,0x00,0x00,0x00,0x00,0x00,0x00,0x00,0x00,0x00,0x00,0x00,0x00,0x00,0x00,0x00,0x00,
    0x00,0x00,0x00,0x00,0x00,0x00,0x00,0x00,0x00,0x00,0x00,0x00,0x00,0x00,0x00,0x00,0x00,0x00,0x00,0x00,0x00,0x00,0x00,0x00,0x00,0x00,0x00,0x00,0x00,0x00,0x00,0x00,0x00,0x00,0x00,0x00,0x00,0x00,0x00,0x00,0x00,0x00,0x00,0x00,0x00,0x00,0x00,0x00,0x00,0x00,0x00,0x00,0x00,0x00,0x00,0x00,0x00,0x00,0x06,0x00,0x21,0x52,0xb5,0x8a,0x7f,0x7f,0x7f,0x7f,0x7f,0x8a,0x89,0x41,0x70,0x00,0x04,0x00,0x17,0x4d,0x11,0x89,0x7d,0x7d,0x7f,0x7f,0x7f,0x7d,0x7f,0xb9,0x37,0x1a,0x00,0x00,0x00,0x00,0x00,0x00,0x00,0x00,0x00,0x00,0x00,0x00,0x00,0x00,0x00,0x00,0x00,0x00,0x00,0x00,0x00,0x00,0x00,0x00,0x00,0x00,0x00,0x00,0x00,0x00,0x00,0x00,0x00,0x00,0x00,0x00,0x00,0x00,0x00,0x00,0x00,0x00,0x00,0x00,0x00,0x00,0x00,0x00,0x00,0x00,0x00,0x00,0x00,0x00,
    0x00,0x00,0x00,0x00,0x00,0x00,0x00,0x00,0x00,0x00,0x00,0x00,0x00,0x00,0x00,0x00,0x00,0x00,0x00,0x00,0x00,0x00,0x00,0x00,0x00,0x00,0x00,0x00,0x00,0x00,0x00,0x00,0x00,0x00,0x00,0x00,0x00,0x00,0x00,0x00,0x00,0x00,0x00,0x00,0x00,0x00,0x00,0x00,0x00,0x00,0x00,0x00,0x00,0x00,0x00,0x00,0x00,0x00,0x04,0x04,0x15,0x66,0xa0,0x82,0x7f,0x7f,0x7f,0x7f,0x7f,0x8a,0x77,0x57,0x5e,0x1a,0x06,0x00,0x33,0x2d,0x85,0x7d,0x7d,0x7f,0x7f,0x8a,0x93,0x93,0xba,0x9e,0x3a,0x00,0x04,0x00,0x00,0x00,0x00,0x00,0x00,0x00,0x00,0x00,0x00,0x00,0x00,0x00,0x00,0x00,0x00,0x00,0x00,0x00,0x00,0x00,0x00,0x00,0x00,0x00,0x00,0x00,0x00,0x00,0x00,0x00,0x00,0x00,0x00,0x00,0x00,0x00,0x00,0x00,0x00,0x00,0x00,0x00,0x00,0x00,0x00,0x00,0x00,0x00,0x00,0x00,0x00,0x00,
    0x00,0x00,0x00,0x00,0x00,0x00,0x00,0x00,0x00,0x00,0x00,0x00,0x00,0x00,0x00,0x00,0x00,0x00,0x00,0x00,0x00,0x00,0x00,0x00,0x00,0x00,0x00,0x00,0x00,0x00,0x00,0x00,0x00,0x00,0x00,0x00,0x00,0x00,0x00,0x00,0x00,0x00,0x00,0x00,0x00,0x00,0x00,0x00,0x00,0x00,0x00,0x00,0x00,0x00,0x00,0x00,0x00,0x00,0x04,0x00,0x12,0x38,0xae,0x88,0x7d,0x8a,0xba,0xba,0xba,0xba,0x85,0x57,0x35,0x27,0x04,0x06,0x04,0x3a,0x8a,0x85,0x7d,0x7f,0x7d,0x7d,0x93,0xa0,0xa9,0xdf,0x48,0x12,0x04,0x04,0x00,0x00,0x00,0x00,0x00,0x00,0x00,0x00,0x00,0x00,0x00,0x00,0x00,0x00,0x00,0x00,0x00,0x00,0x00,0x00,0x00,0x00,0x00,0x00,0x00,0x00,0x00,0x00,0x00,0x00,0x00,0x00,0x00,0x00,0x00,0x00,0x00,0x00,0x00,0x00,0x00,0x00,0x00,0x00,0x00,0x00,0x00,0x00,0x00,0x00,0x00,0x00,
    0x00,0x00,0x00,0x00,0x00,0x00,0x00,0x00,0x00,0x00,0x00,0x00,0x00,0x00,0x00,0x00,0x00,0x00,0x00,0x00,0x00,0x00,0x00,0x00,0x00,0x00,0x00,0x00,0x00,0x00,0x00,0x00,0x00,0x00,0x00,0x00,0x00,0x00,0x00,0x00,0x00,0x00,0x00,0x00,0x00,0x00,0x00,0x00,0x00,0x00,0x00,0x00,0x00,0x00,0x00,0x00,0x00,0x04,0x01,0x07,0x20,0x80,0x29,0x8a,0x7f,0x89,0x88,0x89,0x89,0x88,0xae,0x99,0x20,0x07,0x00,0x01,0x35,0x09,0x40,0x8a,0x7d,0x77,0x77,0x8a,0x95,0x95,0xd3,0x99,0x86,0x20,0x16,0x01,0x01,0x00,0x00,0x00,0x00,0x00,0x00,0x00,0x00,0x00,0x00,0x00,0x00,0x00,0x00,0x00,0x00,0x00,0x00,0x00,0x00,0x00,0x00,0x00,0x00,0x00,0x00,0x00,0x00,0x00,0x00,0x00,0x00,0x00,0x00,0x00,0x00,0x00,0x00,0x00,0x00,0x00,0x00,0x00,0x00,0x00,0x00,0x00,0x00,0x00,0x00,0x00,
    0x00,0x00,0x00,0x00,0x00,0x00,0x00,0x00,0x00,0x00,0x00,0x00,0x00,0x00,0x00,0x00,0x00,0x00,0x00,0x00,0x00,0x00,0x00,0x00,0x00,0x00,0x00,0x00,0x00,0x00,0x00,0x00,0x00,0x00,0x00,0x00,0x00,0x00,0x00,0x00,0x00,0x00,0x00,0x00,0x00,0x00,0x00,0x00,0x00,0x00,0x00,0x00,0x00,0x00,0x00,0x00,0x00,0x03,0x00,0x0f,0x74,0x09,0x8e,0x99,0x9a,0x38,0xdb,0xdb,0xdb,0xce,0x99,0x09,0x76,0x0f,0x00,0x00,0x36,0x76,0x09,0x99,0x9a,0x9a,0x9a,0x9a,0xc7,0xc7,0x73,0x8e,0x09,0x02,0x3f,0x00,0x03,0x00,0x00,0x00,0x00,0x00,0x00,0x00,0x00,0x00,0x00,0x00,0x00,0x00,0x00,0x00,0x00,0x00,0x00,0x00,0x00,0x00,0x00,0x00,0x00,0x00,0x00,0x00,0x00,0x00,0x00,0x00,0x00,0x00,0x00,0x00,0x00,0x00,0x00,0x00,0x00,0x00,0x00,0x00,0x00,0x00,0x00,0x00,0x00,0x00,0x00,0x00,
    0x00,0x00,0x00,0x00,0x00,0x00,0x00,0x00,0x00,0x00,0x00,0x00,0x00,0x00,0x00,0x00,0x00,0x00,0x00,0x00,0x00,0x00,0x00,0x00,0x00,0x00,0x00,0x00,0x00,0x00,0x00,0x00,0x00,0x00,0x00,0x00,0x00,0x00,0x00,0x00,0x00,0x00,0x00,0x00,0x00,0x00,0x00,0x00,0x00,0x00,0x00,0x00,0x00,0x00,0x00,0x00,0x00,0x04,0x16,0x48,0x02,0x02,0x74,0x8e,0x80,0x80,0x86,0x80,0x80,0x80,0x8e,0x09,0x76,0x0b,0x00,0x07,0x20,0x02,0x74,0x8e,0x8e,0x8e,0x8e,0x73,0x7b,0x7b,0x74,0x76,0x09,0x74,0x23,0x00,0x03,0x00,0x00,0x00,0x00,0x00,0x00,0x00,0x00,0x00,0x00,0x00,0x00,0x00,0x00,0x00,0x00,0x00,0x00,0x00,0x00,0x00,0x00,0x00,0x00,0x00,0x00,0x00,0x00,0x00,0x00,0x00,0x00,0x00,0x00,0x00,0x00,0x00,0x00,0x00,0x00,0x00,0x00,0x00,0x00,0x00,0x00,0x00,0x00,0x00,0x00,0x00,
    0x00,0x00,0x00,0x00,0x00,0x00,0x00,0x00,0x00,0x00,0x00,0x00,0x00,0x00,0x00,0x00,0x00,0x00,0x00,0x00,0x00,0x00,0x00,0x00,0x00,0x00,0x00,0x00,0x00,0x00,0x00,0x00,0x00,0x00,0x00,0x00,0x00,0x00,0x00,0x00,0x00,0x00,0x00,0x00,0x00,0x00,0x00,0x00,0x00,0x00,0x00,0x00,0x00,0x00,0x00,0x00,0x04,0x00,0x07,0x73,0x74,0x74,0x76,0x76,0x76,0x76,0x78,0x78,0x76,0x76,0x76,0x02,0x74,0x3d,0x00,0x3f,0x74,0x09,0x74,0x76,0x78,0x78,0x78,0x78,0x76,0x74,0x74,0x74,0x09,0x74,0x23,0x00,0x03,0x00,0x00,0x00,0x00,0x00,0x00,0x00,0x00,0x00,0x00,0x00,0x00,0x00,0x00,0x00,0x00,0x00,0x00,0x00,0x00,0x00,0x00,0x00,0x00,0x00,0x00,0x00,0x00,0x00,0x00,0x00,0x00,0x00,0x00,0x00,0x00,0x00,0x00,0x00,0x00,0x00,0x00,0x00,0x00,0x00,0x00,0x00,0x00,0x00,0x00,0x00,
    0x00,0x00,0x00,0x00,0x00,0x00,0x00,0x00,0x00,0x00,0x00,0x00,0x00,0x00,0x00,0x00,0x00,0x00,0x00,0x00,0x00,0x00,0x00,0x00,0x00,0x00,0x00,0x00,0x00,0x00,0x00,0x00,0x00,0x00,0x00,0x00,0x00,0x00,0x00,0x00,0x00,0x00,0x00,0x00,0x00,0x00,0x00,0x00,0x00,0x00,0x00,0x00,0x00,0x00,0x00,0x00,0x00,0x04,0x16,0x48,0x74,0x02,0x74,0x76,0x74,0x74,0x74,0x74,0x74,0x74,0x76,0x02,0x74,0x48,0x00,0x12,0x09,0x09,0x74,0x74,0x74,0x74,0x74,0x74,0x74,0x76,0x74,0x74,0x09,0x74,0x23,0x00,0x03,0x00,0x00,0x00,0x00,0x00,0x00,0x00,0x00,0x00,0x00,0x00,0x00,0x00,0x00,0x00,0x00,0x00,0x00,0x00,0x00,0x00,0x00,0x00,0x00,0x00,0x00,0x00,0x00,0x00,0x00,0x00,0x00,0x00,0x00,0x00,0x00,0x00,0x00,0x00,0x00,0x00,0x00,0x00,0x00,0x00,0x00,0x00,0x00,0x00,0x00,0x00,
    0x00,0x00,0x00,0x00,0x00,0x00,0x00,0x00,0x00,0x00,0x00,0x00,0x00,0x00,0x00,0x00,0x00,0x00,0x00,0x00,0x00,0x00,0x00,0x00,0x00,0x00,0x00,0x00,0x00,0x00,0x00,0x00,0x00,0x00,0x00,0x00,0x00,0x00,0x00,0x00,0x00,0x00,0x00,0x00,0x00,0x00,0x00,0x00,0x00,0x00,0x00,0x00,0x00,0x00,0x00,0x00,0x00,0x03,0x00,0x0b,0x74,0x09,0x7b,0x8e,0x7b,0x76,0x76,0x76,0x74,0x7b,0x80,0x09,0x76,0x0f,0x00,0x1a,0x0d,0x74,0x02,0x7b,0x86,0x73,0x76,0x74,0x86,0x86,0x73,0x74,0x09,0x74,0x23,0x00,0x03,0x00,0x00,0x00,0x00,0x00,0x00,0x00,0x00,0x00,0x00,0x00,0x00,0x00,0x00,0x00,0x00,0x00,0x00,0x00,0x00,0x00,0x00,0x00,0x00,0x00,0x00,0x00,0x00,0x00,0x00,0x00,0x00,0x00,0x00,0x00,0x00,0x00,0x00,0x00,0x00,0x00,0x00,0x00,0x00,0x00,0x00,0x00,0x00,0x00,0x00,0x00,
    0x00,0x00,0x00,0x00,0x00,0x00,0x00,0x00,0x00,0x00,0x00,0x00,0x00,0x00,0x00,0x00,0x00,0x00,0x00,0x00,0x00,0x00,0x00,0x00,0x00,0x00,0x00,0x00,0x00,0x00,0x00,0x00,0x00,0x00,0x00,0x00,0x00,0x00,0x00,0x00,0x00,0x00,0x00,0x00,0x00,0x00,0x00,0x00,0x00,0x00,0x00,0x00,0x00,0x00,0x00,0x00,0x00,0x03,0x00,0x0b,0x78,0x73,0xbb,0xb4,0x7a,0x7b,0x80,0x80,0x76,0xb1,0xa4,0xb3,0x86,0x0f,0x00,0x04,0x0d,0x86,0xb4,0xbb,0x9d,0x78,0x80,0x73,0x9d,0xb3,0xfa,0xcc,0x7b,0x76,0x23,0x00,0x03,0x00,0x00,0x00,0x00,0x00,0x00,0x00,0x00,0x00,0x00,0x00,0x00,0x00,0x00,0x00,0x00,0x00,0x00,0x00,0x00,0x00,0x00,0x00,0x00,0x00,0x00,0x00,0x00,0x00,0x00,0x00,0x00,0x00,0x00,0x00,0x00,0x00,0x00,0x00,0x00,0x00,0x00,0x00,0x00,0x00,0x00,0x00,0x00,0x00,0x00,0x00,
    0x00,0x00,0x00,0x00,0x00,0x00,0x00,0x00,0x00,0x00,0x00,0x00,0x00,0x00,0x00,0x00,0x00,0x00,0x00,0x00,0x00,0x00,0x00,0x00,0x00,0x00,0x00,0x00,0x00,0x00,0x00,0x00,0x00,0x00,0x00,0x00,0x00,0x00,0x00,0x00,0x00,0x00,0x00,0x00,0x00,0x00,0x00,0x00,0x00,0x00,0x00,0x00,0x00,0x00,0x00,0x00,0x00,0x03,0x00,0x0b,0x76,0x02,0x9d,0xb3,0xa4,0xb4,0xbb,0xa4,0xc1,0xa4,0xa4,0xcc,0x7b,0x0f,0x00,0x03,0x0d,0x73,0x9d,0xa3,0xc1,0xb0,0xb4,0xb8,0xc1,0xbc,0xb3,0xb1,0x09,0x74,0x23,0x00,0x03,0x00,0x00,0x00,0x00,0x00,0x00,0x00,0x00,0x00,0x00,0x00,0x00,0x00,0x00,0x00,0x00,0x00,0x00,0x00,0x00,0x00,0x00,0x00,0x00,0x00,0x00,0x00,0x00,0x00,0x00,0x00,0x00,0x00,0x00,0x00,0x00,0x00,0x00,0x00,0x00,0x00,0x00,0x00,0x00,0x00,0x00,0x00,0x00,0x00,0x00,0x00,
    0x00,0x00,0x00,0x00,0x00,0x00,0x00,0x00,0x00,0x00,0x00,0x00,0x00,0x00,0x00,0x00,0x00,0x00,0x00,0x00,0x00,0x00,0x00,0x00,0x00,0x00,0x00,0x00,0x00,0x00,0x00,0x00,0x00,0x00,0x00,0x00,0x00,0x00,0x00,0x00,0x00,0x00,0x00,0x00,0x00,0x00,0x00,0x00,0x00,0x00,0x00,0x00,0x00,0x00,0x00,0x00,0x00,0x03,0x01,0x0b,0x74,0x09,0x86,0x80,0xcc,0xb0,0xb8,0xb8,0xc1,0xb1,0x7a,0x09,0x74,0x0f,0x00,0x03,0x0d,0x78,0x7b,0x73,0xbc,0xb8,0xbc,0xb8,0xa4,0x78,0x7b,0x7b,0x09,0x74,0x23,0x00,0x03,0x00,0x00,0x00,0x00,0x00,0x00,0x00,0x00,0x00,0x00,0x00,0x00,0x00,0x00,0x00,0x00,0x00,0x00,0x00,0x00,0x00,0x00,0x00,0x00,0x00,0x00,0x00,0x00,0x00,0x00,0x00,0x00,0x00,0x00,0x00,0x00,0x00,0x00,0x00,0x00,0x00,0x00,0x00,0x00,0x00,0x00,0x00,0x00,0x00,0x00,0x00,
    0x00,0x00,0x00,0x00,0x00,0x00,0x00,0x00,0x00,0x00,0x00,0x00,0x00,0x00,0x00,0x00,0x00,0x00,0x00,0x00,0x00,0x00,0x00,0x00,0x00,0x00,0x00,0x00,0x00,0x00,0x00,0x00,0x00,0x00,0x00,0x00,0x00,0x00,0x00,0x00,0x00,0x00,0x00,0x00,0x00,0x00,0x00,0x00,0x00,0x00,0x00,0x00,0x00,0x00,0x00,0x00,0x00,0x03,0x00,0x0b,0x76,0x02,0xc6,0xc1,0xb8,0xb3,0x86,0x78,0xbb,0xb0,0xbc,0x09,0x78,0x0f,0x00,0x03,0x0d,0x73,0xcc,0xb0,0xb4,0xb1,0x80,0x76,0xbb,0xb0,0xbb,0x7b,0x09,0x74,0x23,0x00,0x03,0x00,0x00,0x00,0x00,0x00,0x00,0x00,0x00,0x00,0x00,0x00,0x00,0x00,0x00,0x00,0x00,0x00,0x00,0x00,0x00,0x00,0x00,0x00,0x00,0x00,0x00,0x00,0x00,0x00,0x00,0x00,0x00,0x00,0x00,0x00,0x00,0x00,0x00,0x00,0x00,0x00,0x00,0x00,0x00,0x00,0x00,0x00,0x00,0x00,0x00,0x00,
    0x00,0x00,0x00,0x00,0x00,0x00,0x00,0x00,0x00,0x00,0x00,0x00,0x00,0x00,0x00,0x00,0x00,0x00,0x00,0x00,0x00,0x00,0x00,0x00,0x00,0x00,0x00,0x00,0x00,0x00,0x00,0x00,0x00,0x00,0x00,0x00,0x00,0x00,0x00,0x00,0x00,0x00,0x00,0x00,0x00,0x00,0x00,0x00,0x00,0x00,0x00,0x00,0x00,0x00,0x00,0x00,0x01,0x04,0x16,0x48,0x76,0x7b,0x9d,0xbc,0xa4,0xa3,0x80,0x73,0xa4,0xb4,0xbc,0xb1,0x78,0x0f,0x00,0x03,0x0d,0x8e,0xcc,0xa3,0xa4,0xb3,0x8e,0x9d,0xb4,0xbb,0xb3,0x73,0x09,0x74,0x0f,0x00,0x03,0x00,0x00,0x00,0x00,0x00,0x00,0x00,0x00,0x00,0x00,0x00,0x00,0x00,0x00,0x00,0x00,0x00,0x00,0x00,0x00,0x00,0x00,0x00,0x00,0x00,0x00,0x00,0x00,0x00,0x00,0x00,0x00,0x00,0x00,0x00,0x00,0x00,0x00,0x00,0x00,0x00,0x00,0x00,0x00,0x00,0x00,0x00,0x00,0x00,0x00,0x00,
    0x00,0x00,0x00,0x00,0x00,0x00,0x00,0x00,0x00,0x00,0x00,0x00,0x00,0x00,0x00,0x00,0x00,0x00,0x00,0x00,0x00,0x00,0x00,0x00,0x00,0x00,0x00,0x00,0x00,0x00,0x00,0x00,0x00,0x00,0x00,0x00,0x00,0x00,0x00,0x00,0x00,0x00,0x00,0x00,0x00,0x00,0x00,0x00,0x00,0x00,0x00,0x00,0x00,0x00,0x00,0x00,0x04,0x00,0x07,0x74,0x76,0x74,0x7b,0x80,0x9d,0xc1,0xb8,0xb8,0xa4,0x78,0x80,0x09,0x74,0x0f,0x00,0x03,0x0d,0x76,0x7b,0x80,0x9d,0xb0,0xb0,0xb0,0xa3,0x80,0x80,0x74,0x09,0x74,0x36,0x00,0x03,0x00,0x00,0x00,0x00,0x00,0x00,0x00,0x00,0x00,0x00,0x00,0x00,0x00,0x00,0x00,0x00,0x00,0x00,0x00,0x00,0x00,0x00,0x00,0x00,0x00,0x00,0x00,0x00,0x00,0x00,0x00,0x00,0x00,0x00,0x00,0x00,0x00,0x00,0x00,0x00,0x00,0x00,0x00,0x00,0x00,0x00,0x00,0x00,0x00,0x00,0x00,
    0x00,0x00,0x00,0x00,0x00,0x00,0x00,0x00,0x00,0x00,0x00,0x00,0x00,0x00,0x00,0x00,0x00,0x00,0x00,0x00,0x00,0x00,0x00,0x00,0x00,0x00,0x00,0x00,0x00,0x00,0x00,0x00,0x00,0x00,0x00,0x00,0x00,0x00,0x00,0x00,0x00,0x00,0x00,0x00,0x00,0x00,0x00,0x00,0x00,0x00,0x00,0x00,0x00,0x00,0x00,0x00,0x04,0x00,0x07,0x74,0x74,0x74,0x76,0x8e,0xa3,0xb8,0xa4,0xb4,0xc1,0x9d,0x86,0x02,0x74,0x36,0x00,0x00,0x0d,0x74,0x02,0x9d,0xb4,0xb8,0xa3,0xeb,0xb8,0xa3,0x76,0x74,0x09,0x74,0x0b,0x00,0x03,0x00,0x00,0x00,0x00,0x00,0x00,0x00,0x00,0x00,0x00,0x00,0x00,0x00,0x00,0x00,0x00,0x00,0x00,0x00,0x00,0x00,0x00,0x00,0x00,0x00,0x00,0x00,0x00,0x00,0x00,0x00,0x00,0x00,0x00,0x00,0x00,0x00,0x00,0x00,0x00,0x00,0x00,0x00,0x00,0x00,0x00,0x00,0x00,0x00,0x00,0x00,
    0x00,0x00,0x00,0x00,0x00,0x00,0x00,0x00,0x00,0x00,0x00,0x00,0x00,0x00,0x00,0x00,0x00,0x00,0x00,0x00,0x00,0x00,0x00,0x00,0x00,0x00,0x00,0x00,0x00,0x00,0x00,0x00,0x00,0x00,0x00,0x00,0x00,0x00,0x00,0x00,0x00,0x00,0x00,0x00,0x00,0x00,0x00,0x00,0x00,0x00,0x00,0x00,0x00,0x00,0x00,0x00,0x04,0x00,0x07,0x73,0x74,0x74,0x78,0xb8,0xb0,0x9d,0x80,0x80,0xb3,0xb0,0xbc,0x7b,0x76,0x0d,0x00,0x07,0x20,0x73,0xb1,0xb0,0xb8,0x78,0x80,0x80,0xbc,0xf7,0xbc,0x86,0x09,0x74,0x0b,0x00,0x03,0x00,0x00,0x00,0x00,0x00,0x00,0x00,0x00,0x00,0x00,0x00,0x00,0x00,0x00,0x00,0x00,0x00,0x00,0x00,0x00,0x00,0x00,0x00,0x00,0x00,0x00,0x00,0x00,0x00,0x00,0x00,0x00,0x00,0x00,0x00,0x00,0x00,0x00,0x00,0x00,0x00,0x00,0x00,0x00,0x00,0x00,0x00,0x00,0x00,0x00,0x00,
    0x00,0x00,0x00,0x00,0x00,0x00,0x00,0x00,0x00,0x00,0x00,0x00,0x00,0x00,0x00,0x00,0x00,0x00,0x00,0x00,0x00,0x00,0x00,0x00,0x00,0x00,0x00,0x00,0x00,0x00,0x00,0x00,0x00,0x00,0x00,0x00,0x00,0x00,0x00,0x00,0x00,0x00,0x00,0x00,0x00,0x00,0x00,0x00,0x00,0x00,0x00,0x00,0x00,0x00,0x00,0x00,0x04,0x00,0x07,0x74,0x74,0x73,0x76,0xcc,0xb4,0xb4,0xa3,0xa3,0xc1,0xbc,0x9d,0x02,0x76,0x0d,0x00,0x3f,0x74,0x09,0x76,0xb1,0xbb,0xc1,0xb3,0xeb,0xc1,0xa3,0x78,0x74,0x09,0x74,0x0b,0x00,0x03,0x00,0x00,0x00,0x00,0x00,0x00,0x00,0x00,0x00,0x00,0x00,0x00,0x00,0x00,0x00,0x00,0x00,0x00,0x00,0x00,0x00,0x00,0x00,0x00,0x00,0x00,0x00,0x00,0x00,0x00,0x00,0x00,0x00,0x00,0x00,0x00,0x00,0x00,0x00,0x00,0x00,0x00,0x00,0x00,0x00,0x00,0x00,0x00,0x00,0x00,0x00,
    0x00,0x00,0x00,0x00,0x00,0x00,0x00,0x00,0x00,0x00,0x00,0x00,0x00,0x00,0x00,0x00,0x00,0x00,0x00,0x00,0x00,0x00,0x00,0x00,0x00,0x00,0x00,0x00,0x00,0x00,0x00,0x00,0x00,0x00,0x00,0x00,0x00,0x00,0x00,0x00,0x00,0x00,0x00,0x00,0x00,0x00,0x00,0x00,0x00,0x00,0x00,0x00,0x00,0x00,0x00,0x00,0x04,0x00,0x07,0x74,0x74,0x74,0x73,0x80,0x73,0xb4,0xb0,0xb0,0xbc,0x80,0x80,0x02,0x74,0x0d,0x01,0x12,0x74,0x09,0x7b,0x80,0x9d,0xc1,0xc1,0xb8,0xb3,0x86,0x80,0x76,0x09,0x74,0x0b,0x00,0x03,0x00,0x00,0x00,0x00,0x00,0x00,0x00,0x00,0x00,0x00,0x00,0x00,0x00,0x00,0x00,0x00,0x00,0x00,0x00,0x00,0x00,0x00,0x00,0x00,0x00,0x00,0x00,0x00,0x00,0x00,0x00,0x00,0x00,0x00,0x00,0x00,0x00,0x00,0x00,0x00,0x00,0x00,0x00,0x00,0x00,0x00,0x00,0x00,0x00,0x00,0x00,
    0x00,0x00,0x00,0x00,0x00,0x00,0x00,0x00,0x00,0x00,0x00,0x00,0x00,0x00,0x00,0x00,0x00,0x00,0x00,0x00,0x00,0x00,0x00,0x00,0x00,0x00,0x00,0x00,0x00,0x00,0x00,0x00,0x00,0x00,0x00,0x00,0x00,0x00,0x00,0x00,0x00,0x00,0x00,0x00,0x00,0x00,0x00,0x00,0x00,0x00,0x00,0x00,0x00,0x00,0x00,0x00,0x04,0x00,0x39,0x73,0x74,0x73,0x78,0xb3,0xb0,0xc1,0xa3,0xb3,0xb8,0xc1,0xb3,0x02,0x74,0x0d,0x00,0x12,0x74,0x02,0x9d,0xb4,0xb0,0xa4,0xa3,0xbc,0xb0,0xb8,0xb3,0x8e,0x02,0x74,0x20,0x39,0x01,0x01,0x00,0x00,0x00,0x00,0x00,0x00,0x00,0x00,0x00,0x00,0x00,0x00,0x00,0x00,0x00,0x00,0x00,0x00,0x00,0x00,0x00,0x00,0x00,0x00,0x00,0x00,0x00,0x00,0x00,0x00,0x00,0x00,0x00,0x00,0x00,0x00,0x00,0x00,0x00,0x00,0x00,0x00,0x00,0x00,0x00,0x00,0x00,0x00,0x00,0x00,
    0x00,0x00,0x00,0x00,0x00,0x00,0x00,0x00,0x00,0x00,0x00,0x00,0x00,0x00,0x00,0x00,0x00,0x00,0x00,0x00,0x00,0x00,0x00,0x00,0x00,0x00,0x00,0x00,0x00,0x00,0x00,0x00,0x00,0x00,0x00,0x00,0x00,0x00,0x00,0x00,0x00,0x00,0x00,0x00,0x00,0x00,0x00,0x00,0x00,0x00,0x00,0x00,0x00,0x00,0x00,0x00,0x03,0x00,0x23,0x74,0x09,0x7b,0xcc,0xb4,0xa3,0xbb,0xa4,0xa4,0xbb,0xb3,0xb4,0x02,0x76,0x3d,0x16,0x12,0x76,0x7b,0xa3,0xbc,0xb1,0xb3,0xbc,0xbb,0xcc,0xa3,0xbb,0x86,0x76,0x74,0x73,0x07,0x00,0x04,0x00,0x00,0x00,0x00,0x00,0x00,0x00,0x00,0x00,0x00,0x00,0x00,0x00,0x00,0x00,0x00,0x00,0x00,0x00,0x00,0x00,0x00,0x00,0x00,0x00,0x00,0x00,0x00,0x00,0x00,0x00,0x00,0x00,0x00,0x00,0x00,0x00,0x00,0x00,0x00,0x00,0x00,0x00,0x00,0x00,0x00,0x00,0x00,0x00,0x00,
    0x00,0x00,0x00,0x00,0x00,0x00,0x00,0x00,0x00,0x00,0x00,0x00,0x00,0x00,0x00,0x00,0x00,0x00,0x00,0x00,0x00,0x00,0x00,0x00,0x00,0x00,0x00,0x00,0x00,0x00,0x00,0x00,0x00,0x00,0x00,0x00,0x00,0x00,0x00,0x00,0x00,0x00,0x00,0x00,0x00,0x00,0x00,0x00,0x00,0x00,0x00,0x00,0x00,0x00,0x00,0x00,0x03,0x00,0x34,0x74,0x09,0x74,0x73,0x86,0x86,0x86,0x80,0x86,0x86,0x86,0x80,0x74,0x09,0x74,0x12,0x0f,0x74,0x09,0x8e,0x80,0x7b,0x86,0x80,0x80,0x86,0x86,0x80,0x74,0x74,0x74,0x74,0x07,0x00,0x04,0x00,0x00,0x00,0x00,0x00,0x00,0x00,0x00,0x00,0x00,0x00,0x00,0x00,0x00,0x00,0x00,0x00,0x00,0x00,0x00,0x00,0x00,0x00,0x00,0x00,0x00,0x00,0x00,0x00,0x00,0x00,0x00,0x00,0x00,0x00,0x00,0x00,0x00,0x00,0x00,0x00,0x00,0x00,0x00,0x00,0x00,0x00,0x00,0x00,0x00,
    0x00,0x00,0x00,0x00,0x00,0x00,0x00,0x00,0x00,0x00,0x00,0x00,0x00,0x00,0x00,0x00,0x00,0x00,0x00,0x00,0x00,0x00,0x00,0x00,0x00,0x00,0x00,0x00,0x00,0x00,0x00,0x00,0x00,0x00,0x00,0x00,0x00,0x00,0x00,0x00,0x00,0x00,0x00,0x00,0x00,0x00,0x00,0x00,0x00,0x00,0x00,0x00,0x00,0x00,0x00,0x00,0x00,0x00,0x48,0x74,0x02,0x74,0x74,0x74,0x76,0x76,0x76,0x76,0x76,0x76,0x76,0x74,0x09,0x74,0x34,0x36,0x74,0x02,0x74,0x76,0x76,0x76,0x76,0x76,0x76,0x76,0x76,0x74,0x74,0x74,0x73,0x07,0x00,0x04,0x00,0x00,0x00,0x00,0x00,0x00,0x00,0x00,0x00,0x00,0x00,0x00,0x00,0x00,0x00,0x00,0x00,0x00,0x00,0x00,0x00,0x00,0x00,0x00,0x00,0x00,0x00,0x00,0x00,0x00,0x00,0x00,0x00,0x00,0x00,0x00,0x00,0x00,0x00,0x00,0x00,0x00,0x00,0x00,0x00,0x00,0x00,0x00,0x00,0x00,
    0x00,0x00,0x00,0x00,0x00,0x00,0x00,0x00,0x00,0x00,0x00,0x00,0x00,0x00,0x00,0x00,0x00,0x00,0x00,0x00,0x00,0x00,0x00,0x00,0x00,0x00,0x00,0x00,0x00,0x00,0x00,0x00,0x00,0x00,0x00,0x00,0x00,0x00,0x00,0x00,0x00,0x00,0x00,0x00,0x00,0x00,0x00,0x00,0x00,0x00,0x00,0x00,0x00,0x00,0x00,0x00,0x00,0x00,0x0d,0x74,0x02,0x74,0x74,0x74,0x74,0x74,0x74,0x74,0x74,0x74,0x74,0x74,0x09,0x74,0x0b,0x3d,0x74,0x74,0x74,0x74,0x74,0x74,0x74,0x74,0x74,0x74,0x74,0x74,0x74,0x74,0x73,0x07,0x00,0x04,0x00,0x00,0x00,0x00,0x00,0x00,0x00,0x00,0x00,0x00,0x00,0x00,0x00,0x00,0x00,0x00,0x00,0x00,0x00,0x00,0x00,0x00,0x00,0x00,0x00,0x00,0x00,0x00,0x00,0x00,0x00,0x00,0x00,0x00,0x00,0x00,0x00,0x00,0x00,0x00,0x00,0x00,0x00,0x00,0x00,0x00,0x00,0x00,0x00,0x00,
    0x00,0x00,0x00,0x00,0x00,0x00,0x00,0x00,0x00,0x00,0x00,0x00,0x00,0x00,0x00,0x00,0x00,0x00,0x00,0x00,0x00,0x00,0x00,0x00,0x00,0x00,0x00,0x00,0x00,0x00,0x00,0x00,0x00,0x00,0x00,0x00,0x00,0x00,0x00,0x00,0x00,0x00,0x00,0x00,0x00,0x00,0x00,0x00,0x00,0x00,0x00,0x00,0x00,0x00,0x00,0x00,0x00,0x00,0x0d,0x74,0x02,0x74,0x74,0x74,0x74,0x74,0x74,0x74,0x74,0x74,0x74,0x74,0x09,0x74,0x0b,0x0d,0x74,0x74,0x74,0x74,0x74,0x74,0x74,0x74,0x74,0x74,0x74,0x74,0x74,0x74,0x74,0x07,0x00,0x04,0x00,0x00,0x00,0x00,0x00,0x00,0x00,0x00,0x00,0x00,0x00,0x00,0x00,0x00,0x00,0x00,0x00,0x00,0x00,0x00,0x00,0x00,0x00,0x00,0x00,0x00,0x00,0x00,0x00,0x00,0x00,0x00,0x00,0x00,0x00,0x00,0x00,0x00,0x00,0x00,0x00,0x00,0x00,0x00,0x00,0x00,0x00,0x00,0x00,0x00,
    0x00,0x00,0x00,0x00,0x00,0x00,0x00,0x00,0x00,0x00,0x00,0x00,0x00,0x00,0x00,0x00,0x00,0x00,0x00,0x00,0x00,0x00,0x00,0x00,0x00,0x00,0x00,0x00,0x00,0x00,0x00,0x00,0x00,0x00,0x00,0x00,0x00,0x00,0x00,0x00,0x00,0x00,0x00,0x00,0x00,0x00,0x00,0x00,0x00,0x00,0x00,0x00,0x00,0x00,0x00,0x00,0x00,0x00,0x0d,0x74,0x02,0x74,0x74,0x74,0x74,0x74,0x74,0x74,0x74,0x74,0x74,0x74,0x09,0x74,0x0b,0x0d,0x74,0x74,0x74,0x74,0x74,0x74,0x74,0x74,0x74,0x74,0x74,0x74,0x74,0x74,0x73,0x07,0x00,0x04,0x00,0x00,0x00,0x00,0x00,0x00,0x00,0x00,0x00,0x00,0x00,0x00,0x00,0x00,0x00,0x00,0x00,0x00,0x00,0x00,0x00,0x00,0x00,0x00,0x00,0x00,0x00,0x00,0x00,0x00,0x00,0x00,0x00,0x00,0x00,0x00,0x00,0x00,0x00,0x00,0x00,0x00,0x00,0x00,0x00,0x00,0x00,0x00,0x00,0x00,
    0x00,0x00,0x00,0x00,0x00,0x00,0x00,0x00,0x00,0x00,0x00,0x00,0x00,0x00,0x00,0x00,0x00,0x00,0x00,0x00,0x00,0x00,0x00,0x00,0x00,0x00,0x00,0x00,0x00,0x00,0x00,0x00,0x00,0x00,0x00,0x00,0x00,0x00,0x00,0x00,0x00,0x00,0x00,0x00,0x00,0x00,0x00,0x00,0x00,0x00,0x00,0x00,0x00,0x00,0x00,0x00,0x01,0x00,0x36,0x09,0x09,0x78,0x76,0x74,0x74,0x74,0x74,0x74,0x74,0x74,0x74,0x74,0x09,0x02,0x0b,0x3d,0x74,0x74,0x76,0x74,0x74,0x74,0x74,0x74,0x74,0x74,0x74,0x73,0x74,0x02,0x20,0x39,0x01,0x01,0x00,0x00,0x00,0x00,0x00,0x00,0x00,0x00,0x00,0x00,0x00,0x00,0x00,0x00,0x00,0x00,0x00,0x00,0x00,0x00,0x00,0x00,0x00,0x00,0x00,0x00,0x00,0x00,0x00,0x00,0x00,0x00,0x00,0x00,0x00,0x00,0x00,0x00,0x00,0x00,0x00,0x00,0x00,0x00,0x00,0x00,0x00,0x00,0x00,0x00,
    0x00,0x00,0x00,0x00,0x00,0x00,0x00,0x00,0x00,0x00,0x00,0x00,0x00,0x00,0x00,0x00,0x00,0x00,0x00,0x00,0x00,0x00,0x00,0x00,0x00,0x00,0x00,0x00,0x00,0x00,0x00,0x00,0x00,0x00,0x00,0x00,0x00,0x00,0x00,0x00,0x00,0x00,0x00,0x00,0x00,0x00,0x00,0x00,0x00,0x00,0x00,0x00,0x00,0x00,0x00,0x00,0x03,0x00,0x35,0x78,0x7a,0x7a,0x7a,0x7a,0x7a,0x76,0x73,0x74,0x73,0x76,0x7a,0x7a,0x7a,0x74,0x35,0x0b,0x76,0x20,0x7a,0x7a,0x76,0x74,0x74,0x74,0x76,0x7a,0x7a,0x09,0x7a,0x76,0x0b,0x00,0x03,0x00,0x00,0x00,0x00,0x00,0x00,0x00,0x00,0x00,0x00,0x00,0x00,0x00,0x00,0x00,0x00,0x00,0x00,0x00,0x00,0x00,0x00,0x00,0x00,0x00,0x00,0x00,0x00,0x00,0x00,0x00,0x00,0x00,0x00,0x00,0x00,0x00,0x00,0x00,0x00,0x00,0x00,0x00,0x00,0x00,0x00,0x00,0x00,0x00,0x00,0x00,
    0x00,0x00,0x00,0x00,0x00,0x00,0x00,0x00,0x00,0x00,0x00,0x00,0x00,0x00,0x00,0x00,0x00,0x00,0x00,0x00,0x00,0x00,0x00,0x00,0x00,0x00,0x00,0x00,0x00,0x00,0x00,0x00,0x00,0x00,0x00,0x00,0x00,0x00,0x00,0x00,0x00,0x00,0x00,0x00,0x00,0x00,0x00,0x00,0x00,0x00,0x00,0x00,0x00,0x00,0x00,0x00,0x00,0x04,0x16,0x34,0x7a,0x7a,0x7a,0x7a,0x7a,0x7a,0x76,0x74,0x78,0x7a,0x7a,0x7a,0x78,0x0b,0x04,0x12,0x3d,0x78,0x7a,0x7a,0x7a,0x78,0x74,0x78,0x7a,0x7a,0x7a,0x7a,0x78,0x36,0x39,0x04,0x01,0x00,0x00,0x00,0x00,0x00,0x00,0x00,0x00,0x00,0x00,0x00,0x00,0x00,0x00,0x00,0x00,0x00,0x00,0x00,0x00,0x00,0x00,0x00,0x00,0x00,0x00,0x00,0x00,0x00,0x00,0x00,0x00,0x00,0x00,0x00,0x00,0x00,0x00,0x00,0x00,0x00,0x00,0x00,0x00,0x00,0x00,0x00,0x00,0x00,0x00,0x00,
    0x00,0x00,0x00,0x00,0x00,0x00,0x00,0x00,0x00,0x00,0x00,0x00,0x00,0x00,0x00,0x00,0x00,0x00,0x00,0x00,0x00,0x00,0x00,0x00,0x00,0x00,0x00,0x00,0x00,0x00,0x00,0x00,0x00,0x00,0x00,0x00,0x00,0x00,0x00,0x00,0x00,0x00,0x00,0x00,0x00,0x00,0x00,0x00,0x00,0x00,0x00,0x00,0x00,0x00,0x00,0x00,0x00,0x00,0x01,0x00,0x35,0x0b,0x48,0x7a,0x76,0x74,0x74,0x74,0x74,0x78,0x0d,0x34,0x3f,0x01,0x01,0x00,0x39,0x35,0x0b,0x0d,0x78,0x76,0x74,0x76,0x7a,0x20,0x0b,0x34,0x3f,0x03,0x00,0x01,0x00,0x00,0x00,0x00,0x00,0x00,0x00,0x00,0x00,0x00,0x00,0x00,0x00,0x00,0x00,0x00,0x00,0x00,0x00,0x00,0x00,0x00,0x00,0x00,0x00,0x00,0x00,0x00,0x00,0x00,0x00,0x00,0x00,0x00,0x00,0x00,0x00,0x00,0x00,0x00,0x00,0x00,0x00,0x00,0x00,0x00,0x00,0x00,0x00,0x00,0x00,0x00,
    0x00,0x00,0x00,0x00,0x00,0x00,0x00,0x00,0x00,0x00,0x00,0x00,0x00,0x00,0x00,0x00,0x00,0x00,0x00,0x00,0x00,0x00,0x00,0x00,0x00,0x00,0x00,0x00,0x00,0x00,0x00,0x00,0x00,0x00,0x00,0x00,0x00,0x00,0x00,0x00,0x00,0x00,0x00,0x00,0x00,0x00,0x00,0x00,0x00,0x00,0x00,0x00,0x00,0x00,0x00,0x00,0x00,0x00,0x01,0x01,0x1a,0x00,0x1a,0x07,0x07,0x07,0x07,0x07,0x07,0x07,0x16,0x00,0x00,0x00,0x00,0x04,0x00,0x00,0x00,0x16,0x07,0x07,0x07,0x07,0x07,0x39,0x00,0x00,0x00,0x00,0x01,0x00,0x00,0x00,0x00,0x00,0x00,0x00,0x00,0x00,0x00,0x00,0x00,0x00,0x00,0x00,0x00,0x00,0x00,0x00,0x00,0x00,0x00,0x00,0x00,0x00,0x00,0x00,0x00,0x00,0x00,0x00,0x00,0x00,0x00,0x00,0x00,0x00,0x00,0x00,0x00,0x00,0x00,0x00,0x00,0x00,0x00,0x00,0x00,0x00,0x00,0x00,0x00,0x00,
    0x00,0x00,0x00,0x00,0x00,0x00,0x00,0x00,0x00,0x00,0x00,0x00,0x00,0x00,0x00,0x00,0x00,0x00,0x00,0x00,0x00,0x00,0x00,0x00,0x00,0x00,0x00,0x00,0x00,0x00,0x00,0x00,0x00,0x00,0x00,0x00,0x00,0x00,0x00,0x00,0x00,0x00,0x00,0x00,0x00,0x00,0x00,0x00,0x00,0x00,0x00,0x00,0x00,0x00,0x00,0x00,0x00,0x00,0x00,0x00,0x00,0x03,0x00,0x00,0x00,0x00,0x00,0x00,0x00,0x00,0x00,0x03,0x03,0x01,0x00,0x00,0x01,0x03,0x03,0x00,0x00,0x00,0x00,0x00,0x00,0x00,0x03,0x03,0x03,0x01,0x00,0x00,0x00,0x00,0x00,0x00,0x00,0x00,0x00,0x00,0x00,0x00,0x00,0x00,0x00,0x00,0x00,0x00,0x00,0x00,0x00,0x00,0x00,0x00,0x00,0x00,0x00,0x00,0x00,0x00,0x00,0x00,0x00,0x00,0x00,0x00,0x00,0x00,0x00,0x00,0x00,0x00,0x00,0x00,0x00,0x00,0x00,0x00,0x00,0x00,0x00,0x00,0x00,0x00,

};

const lv_image_dsc_t passport_pet_waiting_5 = {
  .header = {
    .magic = LV_IMAGE_HEADER_MAGIC,
    .cf = LV_COLOR_FORMAT_I8,
    .flags = 0,
    .w = 144,
    .h = 156,
    .stride = 144,
    .reserved_2 = 0,
  },
  .data_size = sizeof(passport_pet_waiting_5_map),
  .data = passport_pet_waiting_5_map,
  .reserved = NULL,
};
