
#if defined(LV_LVGL_H_INCLUDE_SIMPLE)
#include "lvgl.h"
#elif defined(LV_LVGL_H_INCLUDE_SYSTEM)
#include <lvgl.h>
#elif defined(LV_BUILD_TEST)
#include "../lvgl.h"
#else
#include "lvgl/lvgl.h"
#endif

#ifndef LV_ATTRIBUTE_MEM_ALIGN
#define LV_ATTRIBUTE_MEM_ALIGN
#endif

#ifndef LV_ATTRIBUTE_PASSPORT_PET_WAVING_2
#define LV_ATTRIBUTE_PASSPORT_PET_WAVING_2
#endif

static const
LV_ATTRIBUTE_MEM_ALIGN LV_ATTRIBUTE_LARGE_CONST LV_ATTRIBUTE_PASSPORT_PET_WAVING_2
uint8_t passport_pet_waving_2_map[] = {

    0x4c,0x70,0x47,0x00,0x11,0x00,0x17,0x01,0xf2,0xff,0xe6,0x01,0x1a,0x18,0x18,0x03,
    0x53,0x4e,0x53,0x02,0xb1,0xab,0xa1,0x03,0xed,0xfe,0xfc,0x02,0x1a,0x13,0x13,0x2b,
    0x1a,0x16,0x18,0xfd,0xd0,0xd8,0xe2,0xfd,0x24,0x1d,0x1f,0x1a,0xb6,0xc8,0xd8,0xfe,
    0x0d,0x08,0x0c,0xd9,0x19,0x15,0x16,0xf8,0xde,0xe3,0xed,0xfd,0x19,0x14,0x15,0xb3,
    0xcf,0xde,0xe9,0xfe,0xe6,0xe6,0xef,0x09,0xe6,0xeb,0xee,0x1f,0xe5,0xed,0xf0,0x72,
    0xd0,0xdd,0xe6,0x12,0xbf,0xc7,0xc7,0x2d,0x1e,0x15,0x17,0x0b,0xb4,0xcf,0xdf,0xfe,
    0x18,0x12,0x14,0x83,0xc3,0xdf,0xdc,0x8d,0x1a,0x13,0x14,0x5d,0xd6,0xe1,0xe9,0xdf,
    0x94,0xa0,0xa1,0x4f,0xec,0xf1,0xf4,0xaa,0xf7,0xfa,0xfd,0xe7,0xf2,0xf5,0xfa,0xbc,
    0x68,0x6d,0x77,0xfe,0x16,0x12,0x14,0xfb,0xc8,0xd2,0xd8,0x3f,0x18,0x12,0x14,0xbf,
    0x18,0x15,0x14,0x4c,0xe5,0xa6,0x04,0xe6,0xa9,0xb3,0xb7,0x3f,0xaf,0xbc,0xd0,0xfe,
    0x1d,0x19,0x19,0xf5,0xe9,0xf1,0xf6,0xf0,0xd8,0xe1,0xe7,0xc4,0xbb,0xc4,0xca,0x5d,
    0x89,0x8d,0x81,0x2e,0x21,0x1a,0x1c,0xeb,0xdf,0xed,0xec,0x50,0x17,0x10,0x13,0xcd,
    0xf2,0xf7,0xf4,0x94,0x7b,0x8b,0xa9,0xfd,0x1e,0x18,0x1b,0xa5,0xf3,0xf4,0xf7,0x2d,
    0xe7,0xef,0xef,0x41,0x18,0x11,0x14,0x93,0x17,0x10,0x13,0x77,0x5c,0x57,0x5f,0xfb,
    0xe5,0xea,0xf3,0xe5,0xa8,0x9a,0x06,0x6d,0x70,0x78,0x61,0x48,0x93,0xb1,0xac,0x0e,
    0xa2,0xaa,0xb2,0xab,0x9a,0xaa,0xab,0x6e,0x16,0x10,0x13,0xe7,0xd1,0xd9,0xdf,0xa6,
    0x18,0x11,0x12,0x3f,0xba,0xd0,0xd6,0xdb,0x1d,0x17,0x19,0xdd,0x94,0x9d,0xae,0x07,
    0xf5,0xf9,0xfd,0xf5,0xb5,0xc5,0xc9,0xb5,0xa2,0xaf,0xb5,0xdb,0x76,0x94,0x96,0x17,
    0x94,0xa2,0xa7,0xc7,0x1c,0x14,0x14,0x6e,0xd3,0xa1,0x05,0x9d,0x8f,0xa3,0xa4,0x1f,
    0xc9,0xd1,0xd9,0xea,0xee,0xf2,0xf5,0x5e,0xd5,0xe6,0xef,0xfc,0x7b,0x8a,0x92,0x80,
    0x0e,0x0b,0x0f,0xf9,0xfa,0xfc,0xfe,0xd4,0xa4,0x97,0x06,0x1d,0xc6,0xc9,0xd0,0x6e,
    0xb3,0xca,0xce,0x97,0x85,0x98,0x9a,0x8f,0xd4,0xec,0xf9,0xfe,0x80,0x87,0x92,0xd3,
    0xde,0x9b,0x07,0xfe,0xa1,0xbf,0xc2,0xe1,0xab,0xbe,0xc2,0x89,0xb5,0xc3,0xc9,0xc9,
    0xc5,0xd3,0xde,0xc0,0x6c,0x7b,0x7c,0x70,0xaf,0xdc,0xd9,0xdb,0x6e,0x4a,0x1c,0xfb,
    0x89,0x6e,0x27,0xf8,0x29,0x23,0x25,0xfb,0x85,0x9a,0x99,0x67,0xc4,0xa1,0x05,0x42,
    0x90,0x86,0x06,0xac,0x63,0x66,0x73,0xcb,0x8b,0x94,0x97,0xb7,0xbb,0x8c,0x13,0xfc,
    0x0f,0x0b,0x0e,0xec,0xe9,0xec,0xf1,0x88,0xbc,0x98,0x07,0xdb,0xfa,0xfc,0xfd,0xcb,
    0x86,0x8e,0x93,0xdc,0x3d,0x4a,0x61,0xf6,0x14,0x58,0x36,0xfe,0x6c,0x6e,0x82,0x95,
    0x3e,0x42,0x45,0x9e,0xa4,0xc4,0xcb,0xf7,0x54,0x5b,0x5f,0x9a,0xa0,0x9c,0xa3,0xfa,
    0x2b,0x2d,0x2d,0xc3,0x9d,0x90,0x00,0x0b,0x5a,0x5b,0x5f,0x5f,0x7e,0x86,0x89,0xf6,
    0x96,0x9a,0x9e,0xe8,0x39,0x73,0x61,0x98,0x45,0x48,0x45,0x54,0x21,0x1b,0x1d,0xff,
    0xf2,0xf7,0xfd,0xff,0x1a,0x15,0x17,0xff,0xce,0xe9,0xfb,0xff,0x1c,0x18,0x1a,0xff,
    0x1b,0x17,0x19,0xff,0x17,0x14,0x16,0xff,0xf1,0xf6,0xfc,0xff,0x22,0x1c,0x1e,0xff,
    0x12,0x0e,0x11,0xff,0x13,0x10,0x13,0xff,0x0e,0x0c,0x0f,0xff,0x0b,0x09,0x0c,0xff,
    0x16,0x12,0x14,0xff,0x1f,0x19,0x1b,0xff,0x21,0x1b,0x1d,0xff,0xcd,0xe9,0xfb,0xff,
    0x07,0x06,0x08,0xff,0x1f,0x1a,0x1c,0xff,0xcc,0xe7,0xf9,0xff,0x24,0x1d,0x1f,0xff,
    0xf5,0xf9,0xfe,0xff,0xff,0xff,0xff,0xff,0xef,0xf4,0xfb,0xff,0xd4,0xef,0xfe,0xff,
    0x2a,0x26,0x29,0xff,0xd2,0xed,0xfe,0xff,0x28,0x21,0x23,0xff,0xf8,0xfc,0xff,0xff,
    0xe6,0xea,0xf6,0xff,0xf6,0xfa,0xff,0xff,0x01,0x01,0x02,0xff,0xf5,0xa9,0x02,0xff,
    0xe9,0xed,0xf8,0xff,0xd8,0xf4,0xff,0xff,0xfa,0xff,0xff,0xff,0xec,0xf1,0xfa,0xff,
    0xd0,0xeb,0xfc,0xff,0xe3,0xf3,0xfc,0xff,0xfb,0xae,0x02,0xff,0xc5,0xca,0xd3,0xff,
    0xc3,0xd3,0xe0,0xff,0xdd,0xf8,0xff,0xff,0xdf,0xe6,0xf4,0xff,0xc1,0xdc,0xee,0xff,
    0x9a,0xa9,0xb9,0xff,0xe9,0xfc,0xff,0xff,0xaf,0x55,0x6b,0xff,0xfe,0xb5,0x02,0xff,
    0xa7,0xaf,0xba,0xff,0x84,0x8a,0x95,0xff,0xf4,0xa3,0x02,0xff,0xbb,0xc2,0xcb,0xff,
    0x40,0x22,0x2b,0xff,0xca,0xe4,0xf5,0xff,0xdb,0xf1,0xfc,0xff,0xdb,0xed,0xfc,0xff,
    0x63,0x35,0x42,0xff,0xce,0x81,0x07,0xff,0x9a,0x9d,0x9c,0xff,0xb6,0xc2,0xf1,0xff,
    0xd7,0xe0,0xf7,0xff,0xa4,0xa7,0xac,0xff,0xf2,0x9b,0x01,0xff,0x2f,0x33,0x33,0xff,
    0xb6,0xba,0xc2,0xff,0xca,0x5e,0x79,0xff,0x57,0x5f,0x6f,0xff,0x4c,0x30,0x38,0xff,
    0x93,0xa1,0xaf,0xff,0xc5,0xce,0xfa,0xff,0xda,0xdb,0xe3,0xff,0x40,0x41,0x4a,0xff,
    0x93,0x92,0x97,0xff,0x6d,0x75,0x82,0xff,0xbf,0x46,0x01,0xff,0xab,0xb3,0xc1,0xff,
    0xde,0xe9,0xfc,0xff,0xd7,0x8e,0x05,0xff,0x86,0x6e,0x70,0xff,0xa2,0xb7,0xc9,0xff,
    0x83,0x81,0x89,0xff,0x85,0x4c,0x5a,0xff,0x5a,0x2b,0x37,0xff,0xbd,0xcf,0xdd,0xfe,
    0x98,0x54,0x64,0xff,0xb6,0x76,0x0a,0xff,0x76,0x3c,0x4c,0xff,0x96,0x44,0x5a,0xff,
    0xa4,0xb0,0xdf,0xff,0x53,0x4a,0x51,0xff,0xbb,0x56,0x02,0xff,0xab,0x96,0x60,0xff,
    0xcf,0xd9,0xf7,0xff,0xac,0xc2,0xd2,0xff,0xe0,0xcd,0xd4,0xff,0xf7,0x90,0xa0,0xff,
    0x89,0x95,0xa4,0xff,0x86,0x95,0xb0,0xff,0xa1,0x3d,0x04,0xff,0xfd,0x6b,0x86,0xff,
    0x85,0x43,0x53,0xff,0x96,0xa0,0xce,0xff,0x8e,0x5e,0x11,0xff,0x74,0x62,0x68,0xff,
    0xce,0x70,0x03,0xff,0xa8,0x83,0x45,0xff,0x72,0x7c,0x8b,0xff,0x83,0x8f,0xbd,0xff,
    0xa3,0x67,0x0c,0xff,0x42,0x2f,0x10,0xff,0x20,0x8d,0x97,0xff,0x34,0x1a,0x11,0xff,
    0xc2,0x9a,0x2e,0xff,0x8f,0x4c,0x0b,0xff,0x6f,0x63,0x3b,0xff,0x74,0x81,0x9e,0xff,
    0x87,0x9c,0xb8,0xff,0x78,0x31,0x06,0xff,0xbb,0x65,0x7b,0xff,0x06,0xd9,0xf3,0xff,
    0xbb,0x42,0x5b,0xff,0xd4,0x4d,0x68,0xff,0xd7,0x6d,0x83,0xff,0x84,0x36,0x48,0xff,
    0x62,0x71,0xac,0xff,0x10,0xa8,0xaa,0xff,0xbe,0xaf,0x91,0xff,0xf3,0xa5,0xae,0xff,
    0xf5,0x5c,0x77,0xff,0xa1,0x76,0x81,0xff,0x56,0x7d,0x8d,0xff,0x60,0x90,0x54,0xff,

    0x00,0x00,0x00,0x00,0x00,0x00,0x00,0x00,0x00,0x00,0x00,0x00,0x00,0x00,0x00,0x00,0x00,0x00,0x00,0x00,0x00,0x00,0x00,0x00,0x00,0x00,0x00,0x00,0x00,0x00,0x00,0x00,0x00,0x00,0x00,0x00,0x00,0x00,0x00,0x00,0x00,0x00,0x00,0x00,0x00,0x00,0x00,0x00,0x00,0x00,0x00,0x00,0x00,0x00,0x00,0x00,0x00,0x00,0x00,0x00,0x00,0x00,0x00,0x00,0x02,0x00,0x00,0x00,0x00,0x00,0x00,0x00,0x00,0x00,0x00,0x00,0x00,0x00,0x00,0x00,0x00,0x00,0x00,0x00,0x00,0x00,0x00,0x00,0x00,0x00,0x00,0x00,0x00,0x00,0x00,0x00,0x00,0x00,0x00,0x00,0x00,0x00,0x00,0x00,0x00,0x00,0x00,0x00,0x00,0x00,0x00,0x00,0x00,0x00,0x00,0x00,0x00,0x00,0x00,0x00,0x00,0x00,0x00,0x00,0x00,0x00,0x00,0x00,0x00,0x00,0x00,0x00,0x00,0x00,0x00,0x00,0x00,0x00,0x00,0x00,0x00,0x00,0x00,0x00,
    0x00,0x00,0x00,0x00,0x00,0x00,0x00,0x00,0x00,0x00,0x00,0x00,0x00,0x00,0x00,0x00,0x00,0x00,0x00,0x00,0x00,0x00,0x00,0x00,0x00,0x00,0x00,0x00,0x00,0x00,0x00,0x00,0x00,0x00,0x00,0x00,0x00,0x00,0x00,0x00,0x00,0x00,0x00,0x00,0x00,0x00,0x00,0x00,0x00,0x00,0x00,0x00,0x00,0x00,0x00,0x00,0x00,0x00,0x00,0x00,0x00,0x00,0x00,0x02,0x00,0x11,0x12,0x33,0x12,0x00,0x02,0x00,0x00,0x00,0x00,0x00,0x00,0x00,0x00,0x00,0x00,0x00,0x00,0x00,0x00,0x00,0x00,0x00,0x00,0x00,0x00,0x00,0x00,0x00,0x00,0x00,0x00,0x00,0x00,0x00,0x00,0x00,0x00,0x00,0x00,0x00,0x00,0x00,0x00,0x00,0x00,0x00,0x00,0x00,0x00,0x00,0x00,0x00,0x00,0x00,0x00,0x00,0x00,0x00,0x00,0x00,0x00,0x00,0x00,0x00,0x00,0x00,0x00,0x00,0x00,0x00,0x00,0x00,0x00,0x00,0x00,0x00,0x00,0x00,
    0x00,0x00,0x00,0x00,0x00,0x00,0x00,0x00,0x00,0x00,0x00,0x00,0x00,0x00,0x00,0x00,0x00,0x00,0x00,0x00,0x00,0x00,0x00,0x00,0x00,0x00,0x00,0x00,0x00,0x00,0x00,0x00,0x00,0x00,0x00,0x00,0x00,0x00,0x00,0x00,0x00,0x00,0x00,0x00,0x00,0x00,0x00,0x00,0x00,0x00,0x00,0x00,0x00,0x00,0x00,0x00,0x00,0x00,0x00,0x00,0x00,0x00,0x06,0x00,0x33,0x1d,0x90,0x1f,0x34,0x00,0x06,0x00,0x00,0x00,0x00,0x00,0x00,0x00,0x00,0x00,0x00,0x00,0x00,0x00,0x00,0x00,0x00,0x00,0x00,0x00,0x00,0x00,0x00,0x00,0x00,0x00,0x00,0x00,0x00,0x00,0x00,0x00,0x00,0x00,0x00,0x00,0x00,0x00,0x00,0x00,0x00,0x00,0x00,0x00,0x00,0x00,0x00,0x00,0x00,0x00,0x00,0x00,0x00,0x00,0x00,0x00,0x00,0x00,0x00,0x00,0x00,0x00,0x00,0x00,0x00,0x00,0x00,0x00,0x00,0x00,0x00,0x00,0x00,0x00,
    0x00,0x00,0x00,0x00,0x00,0x00,0x00,0x00,0x00,0x00,0x00,0x00,0x00,0x00,0x00,0x00,0x00,0x00,0x00,0x00,0x00,0x00,0x00,0x00,0x00,0x00,0x00,0x00,0x00,0x00,0x00,0x00,0x00,0x00,0x00,0x00,0x00,0x00,0x00,0x00,0x00,0x00,0x00,0x00,0x00,0x00,0x00,0x00,0x00,0x00,0x00,0x00,0x00,0x00,0x00,0x00,0x00,0x00,0x00,0x00,0x00,0x06,0x00,0x33,0x6b,0x92,0x6b,0x33,0x00,0x06,0x00,0x00,0x00,0x00,0x00,0x00,0x00,0x00,0x00,0x00,0x00,0x00,0x00,0x00,0x00,0x00,0x00,0x00,0x00,0x00,0x00,0x00,0x00,0x00,0x00,0x00,0x00,0x00,0x00,0x00,0x00,0x00,0x00,0x00,0x00,0x00,0x00,0x00,0x00,0x00,0x00,0x00,0x00,0x00,0x00,0x00,0x00,0x00,0x00,0x00,0x00,0x00,0x00,0x00,0x00,0x00,0x00,0x00,0x00,0x00,0x00,0x00,0x00,0x00,0x00,0x00,0x00,0x00,0x00,0x00,0x00,0x00,0x00,0x00,
    0x00,0x00,0x00,0x00,0x00,0x00,0x00,0x00,0x00,0x00,0x00,0x00,0x00,0x00,0x00,0x00,0x00,0x00,0x00,0x00,0x00,0x00,0x00,0x00,0x00,0x00,0x00,0x00,0x00,0x00,0x00,0x00,0x00,0x00,0x00,0x00,0x00,0x00,0x00,0x00,0x00,0x00,0x00,0x00,0x00,0x00,0x00,0x00,0x00,0x00,0x00,0x00,0x00,0x00,0x00,0x00,0x00,0x00,0x00,0x00,0x02,0x06,0x14,0x30,0x91,0x1f,0x12,0x00,0x06,0x00,0x00,0x00,0x00,0x00,0x00,0x00,0x00,0x00,0x00,0x00,0x00,0x00,0x00,0x00,0x00,0x00,0x00,0x00,0x00,0x00,0x00,0x00,0x00,0x00,0x00,0x00,0x00,0x00,0x00,0x00,0x00,0x00,0x00,0x00,0x00,0x00,0x00,0x00,0x00,0x00,0x00,0x00,0x00,0x00,0x00,0x00,0x00,0x00,0x00,0x00,0x00,0x00,0x00,0x00,0x00,0x00,0x00,0x00,0x00,0x00,0x00,0x00,0x00,0x00,0x00,0x00,0x00,0x00,0x00,0x00,0x00,0x00,0x00,0x00,
    0x00,0x00,0x00,0x00,0x00,0x00,0x00,0x00,0x00,0x00,0x00,0x00,0x00,0x00,0x00,0x00,0x00,0x00,0x00,0x00,0x00,0x00,0x00,0x00,0x00,0x00,0x00,0x00,0x00,0x00,0x00,0x00,0x00,0x00,0x00,0x00,0x00,0x00,0x00,0x00,0x00,0x00,0x00,0x00,0x00,0x00,0x00,0x00,0x00,0x00,0x00,0x00,0x00,0x00,0x00,0x00,0x00,0x00,0x00,0x00,0x06,0x00,0x4d,0x1e,0x99,0x1f,0x22,0x02,0x06,0x00,0x00,0x00,0x00,0x00,0x00,0x00,0x00,0x00,0x00,0x00,0x00,0x00,0x00,0x00,0x00,0x00,0x00,0x00,0x00,0x00,0x00,0x00,0x00,0x00,0x00,0x00,0x00,0x00,0x00,0x00,0x00,0x00,0x00,0x00,0x00,0x00,0x00,0x00,0x00,0x00,0x00,0x00,0x00,0x00,0x00,0x00,0x00,0x00,0x00,0x00,0x00,0x00,0x00,0x00,0x00,0x00,0x00,0x00,0x00,0x00,0x00,0x00,0x00,0x00,0x00,0x00,0x00,0x00,0x00,0x00,0x00,0x00,0x00,0x00,
    0x00,0x00,0x00,0x00,0x00,0x00,0x00,0x00,0x00,0x00,0x00,0x00,0x00,0x00,0x00,0x00,0x00,0x00,0x00,0x00,0x00,0x00,0x00,0x00,0x00,0x00,0x00,0x00,0x00,0x00,0x00,0x00,0x00,0x00,0x00,0x00,0x00,0x00,0x00,0x00,0x00,0x00,0x00,0x00,0x00,0x00,0x00,0x00,0x00,0x00,0x00,0x00,0x00,0x00,0x00,0x00,0x00,0x00,0x00,0x00,0x06,0x00,0x1d,0x44,0x99,0x1f,0x34,0x02,0x06,0x00,0x00,0x00,0x00,0x00,0x00,0x00,0x00,0x02,0x06,0x05,0x05,0x05,0x02,0x02,0x00,0x00,0x00,0x00,0x00,0x00,0x00,0x00,0x00,0x00,0x00,0x00,0x00,0x00,0x00,0x00,0x00,0x00,0x00,0x00,0x00,0x00,0x00,0x00,0x00,0x00,0x00,0x00,0x00,0x00,0x00,0x00,0x00,0x00,0x00,0x00,0x00,0x00,0x00,0x00,0x00,0x00,0x00,0x00,0x00,0x00,0x00,0x00,0x00,0x00,0x00,0x00,0x00,0x00,0x00,0x00,0x00,0x00,0x00,0x00,
    0x00,0x00,0x00,0x00,0x00,0x00,0x00,0x00,0x00,0x00,0x00,0x00,0x00,0x00,0x00,0x00,0x00,0x00,0x00,0x00,0x00,0x00,0x00,0x00,0x00,0x00,0x00,0x00,0x00,0x00,0x00,0x00,0x00,0x00,0x00,0x00,0x00,0x00,0x00,0x00,0x00,0x00,0x00,0x00,0x00,0x00,0x00,0x00,0x00,0x00,0x00,0x00,0x00,0x00,0x00,0x00,0x00,0x00,0x00,0x00,0x00,0x00,0x13,0x1e,0x90,0x4e,0x22,0x00,0x06,0x00,0x00,0x00,0x00,0x00,0x02,0x04,0x00,0x00,0x00,0x00,0x00,0x00,0x00,0x00,0x02,0x06,0x05,0x01,0x00,0x00,0x00,0x00,0x00,0x00,0x00,0x00,0x00,0x00,0x00,0x00,0x00,0x00,0x00,0x00,0x00,0x00,0x00,0x00,0x00,0x00,0x00,0x00,0x00,0x00,0x00,0x00,0x00,0x00,0x00,0x00,0x00,0x00,0x00,0x00,0x00,0x00,0x00,0x00,0x00,0x00,0x00,0x00,0x00,0x00,0x00,0x00,0x00,0x00,0x00,0x00,0x00,0x00,0x00,0x00,
    0x00,0x00,0x00,0x00,0x00,0x00,0x00,0x00,0x00,0x00,0x00,0x00,0x00,0x00,0x00,0x00,0x00,0x00,0x00,0x00,0x00,0x00,0x00,0x00,0x00,0x00,0x00,0x00,0x00,0x00,0x00,0x00,0x00,0x00,0x00,0x00,0x00,0x00,0x00,0x00,0x00,0x00,0x00,0x00,0x00,0x00,0x00,0x00,0x00,0x00,0x00,0x00,0x00,0x00,0x00,0x00,0x00,0x00,0x00,0x00,0x02,0x02,0x30,0x44,0xa1,0x56,0x19,0x43,0x00,0x02,0x05,0x06,0x00,0x00,0x00,0x00,0x00,0x14,0x15,0x22,0x26,0x26,0x14,0x47,0x00,0x00,0x00,0x00,0x00,0x06,0x00,0x00,0x00,0x00,0x00,0x00,0x00,0x00,0x00,0x00,0x00,0x00,0x00,0x00,0x00,0x00,0x00,0x00,0x00,0x00,0x00,0x00,0x00,0x00,0x00,0x00,0x00,0x00,0x00,0x00,0x00,0x00,0x00,0x00,0x00,0x00,0x00,0x00,0x00,0x00,0x00,0x00,0x00,0x00,0x00,0x00,0x00,0x00,0x00,0x00,0x00,0x00,0x00,0x00,
    0x00,0x00,0x00,0x00,0x00,0x00,0x00,0x00,0x00,0x00,0x00,0x00,0x00,0x00,0x00,0x00,0x00,0x00,0x00,0x00,0x00,0x00,0x00,0x00,0x00,0x00,0x00,0x00,0x00,0x00,0x00,0x00,0x00,0x00,0x00,0x00,0x00,0x00,0x00,0x00,0x00,0x00,0x00,0x00,0x00,0x00,0x00,0x00,0x00,0x00,0x00,0x00,0x00,0x00,0x00,0x00,0x00,0x00,0x00,0x00,0x06,0x00,0x33,0x6b,0x9f,0xb2,0x38,0x4d,0x43,0x06,0x00,0x00,0x11,0x11,0x4b,0x1c,0x2b,0x5a,0x3c,0x5c,0x5c,0x5c,0x5a,0x55,0x62,0x22,0x15,0x3b,0x02,0x00,0x00,0x05,0x01,0x00,0x00,0x00,0x00,0x00,0x00,0x00,0x00,0x00,0x00,0x00,0x00,0x00,0x00,0x00,0x00,0x00,0x00,0x00,0x00,0x00,0x00,0x00,0x00,0x00,0x00,0x00,0x00,0x00,0x00,0x00,0x00,0x00,0x00,0x00,0x00,0x00,0x00,0x00,0x00,0x00,0x00,0x00,0x00,0x00,0x00,0x00,0x00,0x00,0x00,0x00,
    0x00,0x00,0x00,0x00,0x00,0x00,0x00,0x00,0x00,0x00,0x00,0x00,0x00,0x00,0x00,0x00,0x00,0x00,0x00,0x00,0x00,0x00,0x00,0x00,0x00,0x00,0x00,0x00,0x00,0x00,0x00,0x00,0x00,0x00,0x00,0x00,0x00,0x00,0x00,0x00,0x00,0x00,0x00,0x00,0x00,0x00,0x00,0x00,0x00,0x00,0x00,0x00,0x00,0x00,0x00,0x00,0x00,0x00,0x00,0x00,0x00,0x05,0x00,0x13,0x1e,0x91,0x44,0x1d,0x3d,0x5d,0x1c,0x2b,0x5a,0x19,0x19,0x5b,0x41,0xcf,0xa4,0xc8,0xc8,0xa6,0x0b,0x71,0x5e,0x2a,0x45,0x5a,0x3d,0x15,0x43,0x00,0x00,0x06,0x00,0x00,0x00,0x00,0x00,0x00,0x00,0x00,0x00,0x00,0x00,0x00,0x00,0x00,0x00,0x00,0x00,0x00,0x00,0x00,0x00,0x00,0x00,0x00,0x00,0x00,0x00,0x00,0x00,0x00,0x00,0x00,0x00,0x00,0x00,0x00,0x00,0x00,0x00,0x00,0x00,0x00,0x00,0x00,0x00,0x00,0x00,0x00,0x00,0x00,
    0x00,0x00,0x00,0x00,0x00,0x00,0x00,0x00,0x00,0x00,0x00,0x00,0x00,0x00,0x00,0x00,0x00,0x00,0x00,0x00,0x00,0x00,0x00,0x00,0x00,0x00,0x00,0x00,0x00,0x00,0x00,0x00,0x00,0x00,0x00,0x00,0x00,0x00,0x00,0x00,0x00,0x00,0x00,0x00,0x00,0x00,0x00,0x00,0x00,0x00,0x00,0x00,0x00,0x00,0x00,0x00,0x00,0x00,0x00,0x00,0x00,0x02,0x06,0x12,0x13,0x1f,0x97,0x99,0xa4,0x41,0x59,0x5e,0x0b,0x10,0xb3,0xb2,0x93,0x93,0x95,0xa0,0x56,0xa0,0x95,0x95,0x8b,0xb2,0xa1,0x0e,0x1b,0x1d,0x53,0x26,0x43,0x00,0x04,0x00,0x00,0x00,0x00,0x00,0x00,0x00,0x00,0x00,0x00,0x00,0x00,0x00,0x00,0x00,0x00,0x00,0x00,0x00,0x00,0x00,0x00,0x00,0x00,0x00,0x00,0x00,0x00,0x00,0x00,0x00,0x00,0x00,0x00,0x00,0x00,0x00,0x00,0x00,0x00,0x00,0x00,0x00,0x00,0x00,0x00,0x00,0x00,0x00,
    0x00,0x00,0x00,0x00,0x00,0x00,0x00,0x00,0x00,0x00,0x00,0x00,0x00,0x00,0x00,0x00,0x00,0x00,0x00,0x00,0x00,0x00,0x00,0x00,0x00,0x00,0x00,0x00,0x00,0x00,0x00,0x00,0x00,0x00,0x00,0x00,0x00,0x00,0x00,0x00,0x00,0x00,0x00,0x00,0x00,0x00,0x00,0x00,0x00,0x00,0x00,0x00,0x00,0x00,0x00,0x00,0x00,0x00,0x00,0x00,0x01,0x02,0x00,0x00,0x00,0x2e,0x30,0x1f,0x0b,0xc0,0xb1,0xb3,0x93,0x95,0x8b,0x8e,0x8b,0x8e,0x8b,0x8b,0x8e,0x8b,0x8b,0x8b,0x7e,0x8e,0x8b,0x95,0xa1,0x9f,0x41,0x45,0x19,0x2e,0x00,0x02,0x02,0x00,0x00,0x00,0x00,0x00,0x00,0x00,0x00,0x00,0x00,0x00,0x00,0x00,0x00,0x00,0x00,0x00,0x00,0x00,0x00,0x00,0x00,0x00,0x00,0x00,0x00,0x00,0x00,0x00,0x00,0x00,0x00,0x00,0x00,0x00,0x00,0x00,0x00,0x00,0x00,0x00,0x00,0x00,0x00,0x00,0x00,0x00,
    0x00,0x00,0x00,0x00,0x00,0x00,0x00,0x00,0x00,0x00,0x00,0x00,0x00,0x00,0x00,0x00,0x00,0x00,0x00,0x00,0x00,0x00,0x00,0x00,0x00,0x00,0x00,0x00,0x00,0x00,0x00,0x00,0x00,0x00,0x00,0x00,0x00,0x00,0x00,0x00,0x00,0x00,0x00,0x00,0x00,0x00,0x00,0x00,0x00,0x00,0x00,0x00,0x00,0x00,0x00,0x00,0x00,0x00,0x00,0x02,0x00,0x00,0x14,0x34,0x22,0x53,0x69,0x6b,0x4e,0x09,0x7e,0x8e,0x8e,0x8b,0x7e,0x7e,0x7e,0x7e,0x7e,0x7e,0x7e,0x7e,0x7e,0x7e,0x7e,0x7e,0x7e,0x8e,0x8e,0xb1,0xa0,0x82,0x90,0x2a,0x26,0x11,0x00,0x04,0x00,0x00,0x00,0x00,0x00,0x00,0x00,0x00,0x00,0x00,0x00,0x00,0x00,0x00,0x00,0x00,0x00,0x00,0x00,0x00,0x00,0x00,0x00,0x00,0x00,0x00,0x00,0x00,0x00,0x00,0x00,0x00,0x00,0x00,0x00,0x00,0x00,0x00,0x00,0x00,0x00,0x00,0x00,0x00,0x00,0x00,
    0x00,0x00,0x00,0x00,0x00,0x00,0x00,0x00,0x00,0x00,0x00,0x00,0x00,0x00,0x00,0x00,0x00,0x00,0x00,0x00,0x00,0x00,0x00,0x00,0x00,0x00,0x00,0x00,0x00,0x00,0x00,0x00,0x00,0x00,0x00,0x00,0x00,0x00,0x00,0x00,0x00,0x00,0x00,0x00,0x00,0x00,0x00,0x00,0x00,0x00,0x00,0x00,0x00,0x00,0x00,0x00,0x00,0x02,0x00,0x00,0x14,0x12,0x30,0x6b,0x41,0x73,0x92,0x91,0x95,0xa0,0x7e,0x7e,0x7e,0x7e,0x7e,0x7e,0x7e,0x7e,0x7e,0x7e,0x7e,0x7e,0x7e,0x7e,0x7e,0x7e,0x7e,0x7e,0x7e,0x7e,0x8b,0x8e,0x95,0x56,0x46,0x5d,0x3b,0x00,0x04,0x00,0x00,0x00,0x00,0x00,0x00,0x00,0x00,0x00,0x00,0x00,0x00,0x00,0x00,0x00,0x00,0x00,0x00,0x00,0x00,0x00,0x00,0x00,0x00,0x00,0x00,0x00,0x00,0x00,0x00,0x00,0x00,0x00,0x00,0x00,0x00,0x00,0x00,0x00,0x00,0x00,0x00,0x00,0x00,0x00,
    0x00,0x00,0x00,0x00,0x00,0x00,0x00,0x00,0x00,0x00,0x00,0x00,0x00,0x00,0x00,0x00,0x00,0x00,0x00,0x00,0x00,0x00,0x00,0x00,0x00,0x00,0x00,0x00,0x00,0x00,0x00,0x00,0x00,0x00,0x00,0x00,0x00,0x00,0x00,0x00,0x00,0x00,0x00,0x00,0x00,0x00,0x00,0x00,0x00,0x00,0x00,0x00,0x00,0x00,0x00,0x00,0x02,0x00,0x06,0x34,0x69,0x1f,0x1e,0x98,0x27,0xb8,0xb2,0x56,0x8e,0x7e,0x7e,0x7e,0x7e,0x7e,0x7e,0x7e,0x7e,0x7e,0x7e,0x7e,0x7e,0x7e,0x7e,0x7e,0x7e,0x7e,0x7e,0x7e,0x7e,0x7e,0x7e,0x7e,0x8e,0xa0,0xb1,0x59,0x54,0x12,0x00,0x05,0x00,0x00,0x00,0x00,0x00,0x00,0x00,0x00,0x00,0x00,0x00,0x00,0x00,0x00,0x00,0x00,0x00,0x00,0x00,0x00,0x00,0x00,0x00,0x00,0x00,0x00,0x00,0x00,0x00,0x00,0x00,0x00,0x00,0x00,0x00,0x00,0x00,0x00,0x00,0x00,0x00,0x00,0x00,0x00,
    0x00,0x00,0x00,0x00,0x00,0x00,0x00,0x00,0x00,0x00,0x00,0x00,0x00,0x00,0x00,0x00,0x00,0x00,0x00,0x00,0x00,0x00,0x00,0x00,0x00,0x00,0x00,0x00,0x00,0x00,0x00,0x00,0x00,0x00,0x00,0x00,0x00,0x00,0x00,0x00,0x00,0x00,0x00,0x00,0x00,0x00,0x00,0x00,0x00,0x00,0x00,0x00,0x00,0x00,0x02,0x06,0x02,0x12,0x13,0x1f,0x44,0x1e,0x7c,0x0e,0xb1,0xa0,0x8e,0x8b,0x7e,0x7e,0x7e,0x7e,0x7e,0x8b,0x7e,0x7e,0x7e,0x7e,0x7e,0x7e,0x7e,0x7e,0x7e,0x7e,0x7e,0x8b,0x7e,0x7e,0x7e,0x7e,0x7e,0x7e,0x7e,0x8e,0x95,0x7c,0x4e,0x19,0x4b,0x00,0x04,0x00,0x00,0x00,0x00,0x00,0x00,0x00,0x00,0x00,0x00,0x00,0x00,0x00,0x00,0x00,0x00,0x00,0x00,0x00,0x00,0x00,0x00,0x00,0x00,0x00,0x00,0x00,0x00,0x00,0x00,0x00,0x00,0x00,0x00,0x00,0x00,0x00,0x00,0x00,0x00,0x00,0x00,0x00,
    0x00,0x00,0x00,0x00,0x00,0x00,0x00,0x00,0x00,0x00,0x00,0x00,0x00,0x00,0x00,0x00,0x00,0x00,0x00,0x00,0x00,0x00,0x00,0x00,0x00,0x00,0x00,0x00,0x00,0x00,0x00,0x00,0x00,0x00,0x00,0x00,0x00,0x00,0x00,0x00,0x00,0x00,0x00,0x00,0x00,0x00,0x00,0x00,0x00,0x00,0x00,0x00,0x00,0x02,0x00,0x00,0x11,0x30,0x1e,0x51,0x1d,0x1f,0x92,0xb2,0x8b,0x7e,0x7e,0x7e,0x7e,0x7e,0x7e,0x7e,0x8b,0x95,0xa0,0x7e,0x7e,0x7e,0x7e,0x7e,0x7e,0x7e,0x7e,0x7e,0x8b,0x95,0x7e,0x7e,0x7e,0x7e,0x7e,0x7e,0x7e,0x7e,0x8b,0xb3,0x92,0xa4,0x54,0x12,0x00,0x06,0x00,0x00,0x00,0x00,0x00,0x00,0x00,0x00,0x00,0x00,0x00,0x00,0x00,0x00,0x00,0x00,0x00,0x00,0x00,0x00,0x00,0x00,0x00,0x00,0x00,0x00,0x00,0x00,0x00,0x00,0x00,0x00,0x00,0x00,0x00,0x00,0x00,0x00,0x00,0x00,0x00,0x00,
    0x00,0x00,0x00,0x00,0x00,0x00,0x00,0x00,0x00,0x00,0x00,0x00,0x00,0x00,0x00,0x00,0x00,0x00,0x00,0x00,0x00,0x00,0x00,0x00,0x00,0x00,0x00,0x00,0x00,0x00,0x00,0x00,0x00,0x00,0x00,0x00,0x00,0x00,0x00,0x00,0x00,0x00,0x00,0x00,0x00,0x00,0x00,0x00,0x00,0x00,0x00,0x00,0x04,0x01,0x14,0x53,0x30,0x1e,0x1d,0x30,0x1d,0x90,0xb3,0xa0,0x7e,0x7e,0x7e,0x7e,0x7e,0x7e,0x7e,0x8e,0x93,0xa7,0xa7,0xa0,0x8b,0x7e,0x7e,0x7e,0x7e,0x7e,0x7e,0x7e,0xa0,0x17,0xa0,0x8e,0x7e,0x7e,0x7e,0x7e,0x7e,0x7e,0x7e,0x8b,0x8e,0xb2,0x09,0x45,0x3b,0x00,0x06,0x00,0x00,0x00,0x00,0x00,0x00,0x00,0x00,0x00,0x00,0x00,0x00,0x00,0x00,0x00,0x00,0x00,0x00,0x00,0x00,0x00,0x00,0x00,0x00,0x00,0x00,0x00,0x00,0x00,0x00,0x00,0x00,0x00,0x00,0x00,0x00,0x00,0x00,0x00,0x00,0x00,
    0x00,0x00,0x00,0x00,0x00,0x00,0x00,0x00,0x00,0x00,0x00,0x00,0x00,0x00,0x00,0x00,0x00,0x00,0x00,0x00,0x00,0x00,0x00,0x00,0x00,0x00,0x00,0x00,0x00,0x00,0x00,0x00,0x00,0x00,0x00,0x00,0x00,0x00,0x00,0x00,0x00,0x00,0x00,0x00,0x00,0x00,0x00,0x00,0x00,0x00,0x00,0x04,0x00,0x02,0x3c,0xc2,0x51,0x34,0x2e,0x1f,0x82,0x7e,0x7e,0x8b,0x7e,0x7e,0x7e,0x7e,0x7e,0x7e,0x7e,0x95,0xa7,0xc5,0x8e,0xa0,0x7e,0x7e,0x7e,0x7e,0x7e,0x7e,0x7e,0x8e,0x9d,0xc0,0x0b,0xa9,0xb1,0x7e,0x7e,0x8b,0x7e,0x7e,0x7e,0x7e,0x7e,0x8e,0xb3,0x59,0x3d,0x43,0x02,0x02,0x00,0x00,0x00,0x00,0x00,0x00,0x00,0x00,0x00,0x00,0x00,0x00,0x00,0x00,0x00,0x00,0x00,0x00,0x00,0x00,0x00,0x00,0x00,0x00,0x00,0x00,0x00,0x00,0x00,0x00,0x00,0x00,0x00,0x00,0x00,0x00,0x00,0x00,0x00,0x00,
    0x00,0x00,0x00,0x00,0x00,0x00,0x00,0x00,0x00,0x00,0x00,0x00,0x00,0x00,0x00,0x00,0x00,0x00,0x00,0x00,0x00,0x00,0x00,0x00,0x00,0x00,0x00,0x00,0x00,0x00,0x00,0x00,0x00,0x00,0x00,0x00,0x00,0x00,0x00,0x00,0x00,0x00,0x00,0x00,0x00,0x00,0x00,0x00,0x00,0x00,0x02,0x00,0x14,0x3c,0x66,0x3f,0x34,0x4d,0x6b,0x1e,0xb2,0x8e,0x7e,0x7e,0x7e,0x7e,0x7e,0x7e,0x7e,0x8b,0x8e,0x9d,0xef,0xe6,0xa5,0x8e,0x7e,0x7e,0x7e,0x7e,0x7e,0x7e,0x7e,0x8e,0xa9,0xaf,0x20,0xcf,0x9d,0xb1,0xa0,0x95,0x8b,0x7e,0x7e,0x7e,0x7e,0x8b,0x82,0x9f,0x1b,0x30,0x43,0x05,0x00,0x00,0x00,0x00,0x00,0x00,0x00,0x00,0x00,0x00,0x00,0x00,0x00,0x00,0x00,0x00,0x00,0x00,0x00,0x00,0x00,0x00,0x00,0x00,0x00,0x00,0x00,0x00,0x00,0x00,0x00,0x00,0x00,0x00,0x00,0x00,0x00,0x00,0x00,0x00,
    0x00,0x00,0x00,0x00,0x00,0x00,0x00,0x00,0x00,0x00,0x00,0x00,0x00,0x00,0x00,0x00,0x00,0x00,0x00,0x00,0x00,0x00,0x00,0x00,0x00,0x00,0x00,0x00,0x00,0x00,0x00,0x00,0x00,0x00,0x00,0x00,0x00,0x00,0x00,0x00,0x00,0x00,0x00,0x00,0x00,0x00,0x00,0x00,0x00,0x02,0x05,0x47,0x4f,0x5b,0x3c,0x15,0x06,0x6b,0x91,0x90,0xa1,0x7e,0xa0,0x8b,0x7e,0x7e,0x8b,0x7e,0x7e,0x8e,0xa9,0xc7,0xdd,0xac,0xa1,0x8e,0x7e,0x7e,0x7e,0x7e,0x7e,0x7e,0x7e,0x8e,0xa1,0xa4,0xf0,0xdd,0x27,0xa9,0xa7,0xa4,0x95,0x8b,0x7e,0x8b,0x8b,0xa0,0x92,0x82,0x99,0x6b,0x12,0x00,0x06,0x00,0x00,0x00,0x00,0x00,0x00,0x00,0x00,0x00,0x00,0x00,0x00,0x00,0x00,0x00,0x00,0x00,0x00,0x00,0x00,0x00,0x00,0x00,0x00,0x00,0x00,0x00,0x00,0x00,0x00,0x00,0x00,0x00,0x00,0x00,0x00,0x00,0x00,0x00,
    0x00,0x00,0x00,0x00,0x00,0x00,0x00,0x00,0x00,0x00,0x00,0x00,0x00,0x00,0x00,0x00,0x00,0x00,0x00,0x00,0x00,0x00,0x00,0x00,0x00,0x00,0x00,0x00,0x00,0x00,0x00,0x00,0x00,0x00,0x00,0x00,0x00,0x00,0x00,0x00,0x00,0x00,0x00,0x00,0x00,0x00,0x00,0x00,0x00,0x05,0x00,0x3d,0x73,0x66,0x15,0x11,0x1f,0x1e,0x7c,0x92,0x93,0x92,0xb2,0x8b,0x7e,0x8b,0x95,0xa0,0x8e,0xa9,0xa3,0xa8,0xd9,0xac,0xa5,0x8e,0x7e,0x7e,0x7e,0x7e,0x7e,0x7e,0x7e,0x7e,0x95,0x10,0xa8,0xc8,0xad,0xcf,0x93,0xdd,0x8e,0x8b,0x8b,0xa0,0xa1,0xa0,0xa1,0x82,0x99,0x29,0x19,0x12,0x02,0x02,0x00,0x00,0x00,0x00,0x00,0x00,0x00,0x00,0x00,0x00,0x00,0x00,0x00,0x00,0x00,0x00,0x00,0x00,0x00,0x00,0x00,0x00,0x00,0x00,0x00,0x00,0x00,0x00,0x00,0x00,0x00,0x00,0x00,0x00,0x00,0x00,0x00,0x00,
    0x00,0x00,0x00,0x00,0x00,0x00,0x00,0x00,0x00,0x00,0x00,0x00,0x00,0x00,0x00,0x00,0x00,0x00,0x00,0x00,0x00,0x00,0x00,0x00,0x00,0x00,0x00,0x00,0x00,0x00,0x00,0x00,0x00,0x00,0x00,0x00,0x00,0x00,0x00,0x00,0x00,0x00,0x00,0x00,0x00,0x00,0x00,0x00,0x02,0x01,0x1c,0x48,0x45,0x3d,0x00,0x4d,0x98,0x92,0x92,0x56,0xb3,0x82,0x7e,0x8b,0x8b,0x95,0xa7,0xa7,0x95,0xa6,0x31,0xb1,0x27,0xbc,0xa5,0x8e,0x7e,0x7e,0x7e,0x7e,0x7e,0x7e,0x7e,0x7e,0xa0,0xb1,0xc0,0xb8,0xa7,0xef,0x8e,0xcb,0xcb,0xa9,0x7e,0xa0,0x7c,0xb2,0x8b,0xa1,0x92,0xd8,0x4c,0x2b,0x04,0x05,0x00,0x00,0x00,0x00,0x00,0x00,0x00,0x00,0x00,0x00,0x00,0x00,0x00,0x00,0x00,0x00,0x00,0x00,0x00,0x00,0x00,0x00,0x00,0x00,0x00,0x00,0x00,0x00,0x00,0x00,0x00,0x00,0x00,0x00,0x00,0x00,0x00,0x00,
    0x00,0x00,0x00,0x00,0x00,0x00,0x00,0x00,0x00,0x00,0x00,0x00,0x00,0x00,0x00,0x00,0x00,0x00,0x00,0x00,0x00,0x00,0x00,0x00,0x00,0x00,0x00,0x00,0x00,0x00,0x00,0x00,0x00,0x00,0x00,0x00,0x00,0x00,0x00,0x00,0x00,0x00,0x00,0x00,0x00,0x00,0x00,0x05,0x04,0x2c,0x48,0x46,0x2e,0x00,0x14,0x30,0x29,0x7e,0xa0,0x8b,0x7e,0x8e,0x7e,0x95,0x7e,0x8e,0xf0,0xa7,0xa5,0xdc,0x27,0x97,0xbc,0xaf,0xb2,0x8e,0x7e,0x7e,0x7e,0x7e,0x7e,0x7e,0x7e,0x7e,0x7e,0xa0,0xdc,0x9c,0xa1,0x0b,0xdd,0x7e,0xdc,0x7c,0x56,0x8b,0xa0,0x7e,0x7e,0x8e,0xa0,0xd8,0x46,0x3d,0x00,0x00,0x00,0x00,0x00,0x00,0x00,0x00,0x00,0x00,0x00,0x00,0x00,0x00,0x00,0x00,0x00,0x00,0x00,0x00,0x00,0x00,0x00,0x00,0x00,0x00,0x00,0x00,0x00,0x00,0x00,0x00,0x00,0x00,0x00,0x00,0x00,0x00,0x00,0x00,
    0x00,0x00,0x00,0x00,0x00,0x00,0x00,0x00,0x00,0x00,0x00,0x00,0x00,0x00,0x00,0x00,0x00,0x00,0x00,0x00,0x00,0x00,0x00,0x00,0x00,0x00,0x00,0x00,0x00,0x00,0x00,0x00,0x00,0x00,0x00,0x00,0x00,0x00,0x00,0x00,0x00,0x00,0x00,0x00,0x00,0x00,0x00,0x02,0x00,0x3d,0x6c,0x55,0x43,0x43,0x5c,0x29,0x7c,0xb3,0xb2,0xa0,0x95,0x9d,0x9d,0xb2,0xa9,0xcb,0xd9,0xa9,0xd9,0xc0,0x91,0x91,0xac,0xbc,0xb2,0x95,0xa0,0x8b,0x7e,0x7e,0x7e,0x7e,0x7e,0x7e,0x8e,0x93,0xe6,0xb6,0xa4,0x99,0xbc,0x0b,0xa8,0xcf,0x93,0x8b,0x8b,0x7e,0x7e,0x7e,0x8b,0x95,0xb1,0x46,0x2b,0x06,0x04,0x00,0x00,0x00,0x00,0x00,0x00,0x00,0x00,0x00,0x00,0x00,0x00,0x00,0x00,0x00,0x00,0x00,0x00,0x00,0x00,0x00,0x00,0x00,0x00,0x00,0x00,0x00,0x00,0x00,0x00,0x00,0x00,0x00,0x00,0x00,0x00,0x00,
    0x00,0x00,0x00,0x00,0x00,0x00,0x00,0x00,0x00,0x00,0x00,0x00,0x00,0x00,0x00,0x00,0x00,0x00,0x00,0x00,0x00,0x00,0x00,0x00,0x00,0x00,0x00,0x00,0x00,0x00,0x00,0x00,0x00,0x00,0x00,0x00,0x00,0x00,0x00,0x00,0x00,0x00,0x00,0x00,0x00,0x00,0x05,0x00,0x26,0x48,0x6c,0x1c,0x00,0x12,0x2a,0x92,0x92,0x82,0x7c,0xa9,0xa4,0xc0,0x17,0x9d,0x10,0xad,0x93,0x7e,0xdc,0xc2,0xaf,0xb6,0x20,0xac,0xa5,0xcf,0xa7,0x95,0x7e,0x7e,0x7e,0x7e,0x7e,0x8b,0x8b,0xa1,0xe6,0xbc,0xbc,0xb9,0xbc,0xdc,0x27,0xc7,0x9d,0x8e,0x7e,0x7e,0x7e,0x7e,0x7e,0x8b,0x95,0xa4,0x5b,0x3b,0x04,0x02,0x00,0x00,0x00,0x00,0x00,0x00,0x00,0x00,0x00,0x00,0x00,0x00,0x00,0x00,0x00,0x00,0x00,0x00,0x00,0x00,0x00,0x00,0x00,0x00,0x00,0x00,0x00,0x00,0x00,0x00,0x00,0x00,0x00,0x00,0x00,0x00,
    0x00,0x00,0x00,0x00,0x00,0x00,0x00,0x00,0x00,0x00,0x00,0x00,0x00,0x00,0x00,0x00,0x00,0x00,0x00,0x00,0x00,0x00,0x00,0x00,0x00,0x00,0x00,0x00,0x00,0x00,0x00,0x00,0x00,0x00,0x00,0x00,0x00,0x00,0x00,0x00,0x00,0x00,0x00,0x00,0x00,0x02,0x02,0x11,0x48,0x78,0x3d,0x00,0x00,0x5a,0x1b,0xa1,0x7e,0xa0,0xa1,0xb2,0xd0,0xf4,0xd3,0xe3,0xc3,0xc5,0xa9,0xdc,0xe6,0xb9,0xc7,0x0e,0xaf,0xa8,0xa9,0xc5,0xd9,0x9d,0x8e,0x7e,0x8b,0x7e,0x8b,0xa0,0xa1,0x90,0xa8,0x9c,0x91,0x9f,0xa4,0xad,0xc5,0xa8,0xa1,0x8b,0x7e,0x7e,0x8b,0x93,0x93,0x8e,0x93,0x0b,0x48,0x2e,0x00,0x05,0x00,0x00,0x00,0x00,0x00,0x00,0x00,0x00,0x00,0x00,0x00,0x00,0x00,0x00,0x00,0x00,0x00,0x00,0x00,0x00,0x00,0x00,0x00,0x00,0x00,0x00,0x00,0x00,0x00,0x00,0x00,0x00,0x00,0x00,0x00,0x00,
    0x00,0x00,0x00,0x00,0x00,0x00,0x00,0x00,0x00,0x00,0x00,0x00,0x00,0x00,0x00,0x00,0x00,0x00,0x00,0x00,0x00,0x00,0x00,0x00,0x00,0x00,0x00,0x00,0x00,0x00,0x00,0x00,0x00,0x00,0x00,0x00,0x00,0x00,0x00,0x00,0x00,0x00,0x00,0x00,0x00,0x05,0x00,0x2c,0x46,0x6c,0x2c,0x01,0x2c,0x5b,0x4e,0x8e,0x8b,0x8e,0x9d,0xac,0xaa,0xdf,0xdf,0xfc,0xf4,0x37,0xa7,0xc5,0xa3,0x99,0x9e,0x91,0xa3,0xa8,0xb1,0xad,0xd9,0x9d,0xb3,0xa0,0x95,0x8b,0x8b,0xa0,0xa0,0xb2,0xa8,0xc2,0x99,0x82,0x92,0x7c,0xad,0xbe,0x4e,0xa0,0x7e,0x7e,0x7e,0x93,0xa1,0x56,0x93,0xcf,0xc7,0x51,0x33,0x00,0x06,0x00,0x00,0x00,0x00,0x00,0x00,0x00,0x00,0x00,0x00,0x00,0x00,0x00,0x00,0x00,0x00,0x00,0x00,0x00,0x00,0x00,0x00,0x00,0x00,0x00,0x00,0x00,0x00,0x00,0x00,0x00,0x00,0x00,0x00,0x00,
    0x00,0x00,0x00,0x00,0x00,0x00,0x00,0x00,0x00,0x00,0x00,0x00,0x00,0x00,0x00,0x00,0x00,0x00,0x00,0x00,0x00,0x00,0x00,0x00,0x00,0x00,0x00,0x00,0x00,0x00,0x00,0x00,0x00,0x00,0x00,0x00,0x00,0x00,0x00,0x00,0x00,0x00,0x00,0x00,0x00,0x05,0x00,0x62,0x78,0x4f,0x43,0x00,0x4f,0xa8,0xc8,0x8e,0x7e,0x8e,0x9d,0xcc,0xf4,0xf5,0xf5,0xdf,0xf4,0xe6,0xa8,0x98,0x91,0x92,0x92,0x99,0xc2,0xc0,0xcb,0xa8,0xbc,0x97,0x92,0xb2,0xa1,0xb2,0x56,0x8e,0x8e,0x93,0xf0,0x10,0x82,0x98,0x98,0x9f,0x9f,0x37,0x0b,0xa5,0x95,0x95,0xa0,0x95,0x93,0xb2,0x95,0xa7,0x27,0x1e,0x13,0x11,0x06,0x00,0x00,0x00,0x00,0x00,0x00,0x00,0x00,0x00,0x00,0x00,0x00,0x00,0x00,0x00,0x00,0x00,0x00,0x00,0x00,0x00,0x00,0x00,0x00,0x00,0x00,0x00,0x00,0x00,0x00,0x00,0x00,0x00,0x00,0x00,
    0x00,0x00,0x00,0x00,0x00,0x00,0x00,0x00,0x00,0x00,0x00,0x00,0x00,0x00,0x00,0x00,0x00,0x00,0x00,0x00,0x00,0x00,0x00,0x00,0x00,0x00,0x00,0x00,0x00,0x00,0x00,0x00,0x00,0x00,0x00,0x00,0x00,0x00,0x00,0x00,0x00,0x00,0x00,0x00,0x01,0x00,0x43,0x3c,0x66,0x2c,0x00,0x15,0x46,0xa3,0x93,0x8e,0x7e,0x8e,0x9d,0x95,0x27,0xc4,0xca,0xe0,0xb4,0xfe,0x10,0x9e,0x9f,0x82,0x82,0x98,0x9f,0xc0,0xc0,0x09,0xac,0x7c,0xa5,0xa5,0x93,0x93,0x93,0x93,0xa0,0x9d,0xc0,0xa6,0xa3,0x09,0x9e,0x9f,0x91,0xaf,0xc0,0x8e,0x7e,0x7e,0x7e,0x8b,0xa0,0xa4,0xb1,0xa0,0x0b,0x29,0x30,0x11,0x00,0x00,0x00,0x00,0x00,0x00,0x00,0x00,0x00,0x00,0x00,0x00,0x00,0x00,0x00,0x00,0x00,0x00,0x00,0x00,0x00,0x00,0x00,0x00,0x00,0x00,0x00,0x00,0x00,0x00,0x00,0x00,0x00,0x00,0x00,0x00,
    0x00,0x00,0x00,0x00,0x00,0x00,0x00,0x00,0x00,0x00,0x00,0x00,0x00,0x00,0x00,0x00,0x00,0x00,0x00,0x00,0x00,0x00,0x00,0x00,0x00,0x00,0x00,0x00,0x00,0x00,0x00,0x00,0x00,0x00,0x00,0x00,0x00,0x00,0x00,0x00,0x00,0x00,0x00,0x00,0x04,0x00,0x2c,0x77,0x57,0x1c,0x00,0x53,0x5e,0x92,0x56,0x8b,0x8b,0x93,0xcb,0xd9,0x8e,0xa9,0xa7,0xcb,0x31,0xdc,0x9e,0x98,0x92,0x92,0x0e,0xc0,0xa4,0xac,0xdc,0x82,0xac,0x0b,0xa7,0xa4,0xa4,0xa4,0x17,0x17,0xcb,0x31,0xad,0xbc,0xdc,0xa8,0x98,0x82,0x90,0x0e,0xc0,0x17,0x95,0x8e,0xa0,0x8e,0x9d,0xa8,0xa4,0x9d,0x0b,0x82,0x1f,0x12,0x00,0x06,0x00,0x00,0x00,0x00,0x00,0x00,0x00,0x00,0x00,0x00,0x00,0x00,0x00,0x00,0x00,0x00,0x00,0x00,0x00,0x00,0x00,0x00,0x00,0x00,0x00,0x00,0x00,0x00,0x00,0x00,0x00,0x00,0x00,0x00,
    0x00,0x00,0x00,0x00,0x00,0x00,0x00,0x00,0x00,0x00,0x00,0x00,0x00,0x00,0x00,0x00,0x00,0x00,0x00,0x00,0x00,0x00,0x00,0x00,0x00,0x00,0x00,0x00,0x00,0x00,0x00,0x00,0x00,0x00,0x00,0x00,0x02,0x00,0x00,0x00,0x00,0x00,0x00,0x00,0x04,0x00,0x47,0x66,0x57,0x2c,0x06,0x45,0x09,0x92,0x7e,0x8e,0x9d,0xd9,0xf7,0xaa,0xd0,0xfd,0xca,0xc5,0xe6,0x10,0x9c,0xa1,0x10,0xa8,0xa8,0xa8,0xc7,0xaf,0xc5,0x9e,0x09,0xb6,0xac,0xb9,0xac,0xbc,0xc7,0xbc,0xb9,0xbe,0xe6,0xb9,0xa3,0xac,0xac,0xa6,0x7c,0x82,0x20,0xcb,0x9d,0x8e,0xb1,0xb1,0x9d,0x0b,0x09,0x9d,0x0b,0xa6,0x1e,0x2e,0x00,0x05,0x00,0x00,0x00,0x00,0x00,0x00,0x00,0x00,0x00,0x00,0x00,0x00,0x00,0x00,0x00,0x00,0x00,0x00,0x00,0x00,0x00,0x00,0x00,0x00,0x00,0x00,0x00,0x00,0x00,0x00,0x00,0x00,0x00,0x00,
    0x00,0x00,0x00,0x00,0x00,0x00,0x00,0x00,0x00,0x00,0x00,0x00,0x00,0x00,0x00,0x00,0x00,0x00,0x00,0x00,0x00,0x00,0x00,0x00,0x00,0x00,0x00,0x00,0x00,0x00,0x02,0x05,0x01,0x00,0x04,0x11,0x00,0x04,0x00,0x00,0x00,0x00,0x00,0x00,0x03,0x00,0x3a,0x57,0x6f,0x0a,0x47,0x48,0x4e,0xb3,0x17,0xb1,0xa5,0xcc,0xf5,0xdf,0xdf,0xfc,0xfc,0xf7,0xad,0x91,0xa6,0xc1,0x0e,0xc4,0x20,0xbe,0xe6,0xc7,0xc0,0x9f,0x82,0x97,0x97,0x90,0x7c,0x99,0x99,0x9e,0x7c,0xc2,0xa3,0x20,0xc3,0xc3,0xbe,0xa8,0xc8,0xb8,0xbe,0xcb,0x9d,0xa5,0x0b,0xa4,0x9d,0x17,0xcf,0xa0,0x17,0x0e,0x1e,0x4d,0x00,0x04,0x00,0x00,0x00,0x00,0x00,0x00,0x00,0x00,0x00,0x00,0x00,0x00,0x00,0x00,0x00,0x00,0x00,0x00,0x00,0x00,0x00,0x00,0x00,0x00,0x00,0x00,0x00,0x00,0x00,0x00,0x00,0x00,0x00,0x00,
    0x00,0x00,0x00,0x00,0x00,0x00,0x00,0x00,0x00,0x00,0x00,0x00,0x00,0x00,0x00,0x00,0x00,0x00,0x00,0x00,0x00,0x00,0x00,0x00,0x00,0x00,0x00,0x00,0x00,0x02,0x00,0x00,0x04,0x11,0x1c,0x55,0x47,0x00,0x02,0x00,0x00,0x05,0x02,0x00,0x03,0x00,0x3a,0x65,0x72,0x0a,0x22,0x46,0x56,0x17,0xcb,0xa0,0x93,0xad,0xd3,0xf4,0xf4,0xf5,0xfc,0xf7,0xaf,0x98,0xc1,0xf8,0x83,0x9a,0x81,0x94,0x8f,0x9a,0xc5,0x90,0x98,0x9c,0x92,0x92,0x92,0x92,0x92,0x9f,0x91,0xb9,0x9a,0x80,0xc3,0xc3,0x88,0x9a,0xc3,0xd4,0xd4,0xb7,0xa7,0xcb,0x0b,0x17,0x9d,0xcf,0xdc,0xb1,0xa7,0x10,0x1e,0x13,0x00,0x04,0x00,0x00,0x00,0x00,0x00,0x00,0x00,0x00,0x00,0x00,0x00,0x00,0x00,0x00,0x00,0x00,0x00,0x00,0x00,0x00,0x00,0x00,0x00,0x00,0x00,0x00,0x00,0x00,0x00,0x00,0x00,0x00,0x00,0x00,
    0x00,0x00,0x00,0x00,0x00,0x00,0x00,0x00,0x00,0x00,0x00,0x00,0x00,0x00,0x00,0x00,0x00,0x00,0x00,0x00,0x00,0x00,0x00,0x00,0x00,0x00,0x00,0x00,0x02,0x00,0x43,0x22,0x02,0x33,0x1d,0x71,0x5a,0x2c,0x06,0x04,0x00,0x00,0x00,0x00,0x05,0x00,0x1c,0x6c,0x65,0x16,0x13,0x29,0x7c,0xd9,0x0b,0x93,0x95,0xa5,0xa7,0xd9,0xb9,0xe3,0xbf,0xe3,0x97,0xe1,0x6d,0x9a,0xc3,0xaf,0xc2,0xaf,0xa3,0xa3,0xbe,0xa4,0x90,0x92,0x82,0x82,0x82,0x82,0x92,0x90,0x09,0xd5,0xb9,0xbc,0xc4,0xb9,0xa6,0xb9,0x7d,0x81,0xe7,0xe7,0xc0,0xc0,0xd9,0xcf,0xa5,0xaf,0xdc,0x9d,0xb1,0xa4,0x29,0x2e,0x02,0x06,0x00,0x00,0x00,0x00,0x00,0x00,0x00,0x00,0x00,0x00,0x00,0x00,0x00,0x00,0x00,0x00,0x00,0x00,0x00,0x00,0x00,0x00,0x00,0x00,0x00,0x00,0x00,0x00,0x00,0x00,0x00,0x00,0x00,0x00,
    0x00,0x00,0x00,0x00,0x00,0x00,0x00,0x00,0x00,0x00,0x00,0x00,0x00,0x00,0x00,0x00,0x00,0x00,0x00,0x00,0x00,0x00,0x00,0x00,0x00,0x00,0x00,0x02,0x00,0x4b,0x13,0x45,0x2c,0x15,0x1d,0x91,0x71,0x55,0x00,0x05,0x06,0x33,0x14,0x00,0x05,0x00,0x2c,0x46,0x59,0x2e,0x13,0x0e,0xa9,0xa8,0xa7,0x9d,0xcf,0xad,0xa8,0x0b,0x56,0xad,0xfe,0xa4,0x98,0x6d,0x9a,0xcc,0x91,0xb9,0x85,0x9a,0x20,0xac,0x97,0xa6,0x90,0x82,0x82,0x82,0x82,0x82,0x92,0x9f,0xa4,0x98,0xb6,0x9a,0x86,0xc5,0xd5,0x97,0x0e,0xbb,0x87,0x31,0x98,0xcb,0xac,0xa4,0x93,0x7e,0xb2,0x8b,0xb3,0xad,0x3f,0x12,0x00,0x06,0x00,0x00,0x00,0x00,0x00,0x00,0x00,0x00,0x00,0x00,0x00,0x00,0x00,0x00,0x00,0x00,0x00,0x00,0x00,0x00,0x00,0x00,0x00,0x00,0x00,0x00,0x00,0x00,0x00,0x00,0x00,0x00,0x00,0x00,
    0x00,0x00,0x00,0x00,0x00,0x00,0x00,0x00,0x00,0x00,0x00,0x00,0x00,0x00,0x00,0x00,0x00,0x00,0x00,0x00,0x00,0x00,0x00,0x00,0x00,0x00,0x00,0x04,0x43,0x55,0xaf,0xc2,0x59,0x1d,0x1d,0x7c,0x09,0x41,0x15,0x00,0x2b,0x45,0x62,0x3b,0x06,0x02,0x06,0x19,0x5e,0x2e,0x4d,0x29,0x95,0xf0,0xb1,0xa5,0xca,0xf4,0xf4,0xd3,0xd3,0xe0,0xd5,0xb8,0xcc,0x9a,0xcc,0x91,0xc7,0x9a,0x20,0xb9,0xa4,0x96,0xc4,0x91,0x92,0x82,0x82,0x82,0x82,0x82,0x82,0x98,0x99,0xa3,0x9a,0x20,0xa3,0xc2,0x9a,0xbe,0x91,0x0e,0x88,0xd5,0x9e,0xa8,0xc5,0xa4,0x93,0x8b,0x8e,0x95,0xa7,0x0b,0x51,0x1d,0x3b,0x00,0x02,0x00,0x00,0x00,0x00,0x00,0x00,0x00,0x00,0x00,0x00,0x00,0x00,0x00,0x00,0x00,0x00,0x00,0x00,0x00,0x00,0x00,0x00,0x00,0x00,0x00,0x00,0x00,0x00,0x00,0x00,0x00,0x00,0x00,
    0x00,0x00,0x00,0x00,0x00,0x00,0x00,0x00,0x00,0x00,0x00,0x00,0x00,0x00,0x00,0x00,0x00,0x00,0x00,0x00,0x00,0x00,0x00,0x00,0x00,0x00,0x02,0x00,0x3b,0x6f,0xc4,0x92,0x7c,0x1f,0x5c,0x10,0x97,0xcf,0x5a,0x2e,0x2a,0x10,0x48,0x1c,0x02,0x05,0x00,0x19,0x5e,0x54,0x1d,0x44,0xa7,0xa8,0xa5,0xb1,0xd0,0xdf,0xdf,0xdf,0xdf,0xdf,0xd3,0x10,0xc3,0xbb,0x82,0x92,0xbb,0xc3,0x91,0x91,0x09,0x87,0x94,0x9c,0x82,0x92,0x82,0x82,0x82,0x82,0x82,0x92,0x91,0x37,0xbb,0x91,0x99,0x97,0xd5,0x9a,0xa4,0x91,0xb6,0x9a,0x0b,0xa8,0xeb,0xa4,0x95,0x8b,0x7e,0xa0,0xb1,0x10,0x9e,0x2a,0x13,0x33,0x01,0x04,0x00,0x00,0x00,0x00,0x00,0x00,0x00,0x00,0x00,0x00,0x00,0x00,0x00,0x00,0x00,0x00,0x00,0x00,0x00,0x00,0x00,0x00,0x00,0x00,0x00,0x00,0x00,0x00,0x00,0x00,0x00,0x00,
    0x00,0x00,0x00,0x00,0x00,0x00,0x00,0x00,0x00,0x00,0x00,0x00,0x00,0x00,0x00,0x00,0x00,0x00,0x00,0x00,0x00,0x00,0x00,0x00,0x00,0x00,0x00,0x02,0x3b,0x2c,0x55,0x09,0x9c,0x92,0x10,0xc0,0x98,0x9f,0x41,0x5c,0x29,0x91,0x3f,0x47,0x00,0x43,0x00,0x34,0x5e,0x5e,0x30,0xa9,0x0b,0x27,0x9d,0xb1,0xca,0xaa,0xaa,0xf4,0xf5,0xf5,0xca,0xcb,0x9a,0xb9,0x91,0x09,0x8c,0xd5,0x9e,0x90,0x0e,0x81,0x9a,0xaf,0x7c,0x92,0x82,0x82,0x82,0x82,0x82,0x92,0x97,0xbb,0xbb,0x97,0xa9,0x97,0xd5,0x9a,0xb6,0x90,0x9c,0x7b,0xbe,0xac,0xed,0xaf,0x93,0x8e,0x7e,0x7e,0x7e,0xd9,0x9c,0x97,0x29,0x13,0x00,0x06,0x06,0x00,0x00,0x00,0x00,0x00,0x00,0x00,0x00,0x00,0x00,0x00,0x00,0x00,0x00,0x00,0x00,0x00,0x00,0x00,0x00,0x00,0x00,0x00,0x00,0x00,0x00,0x00,0x00,0x00,0x00,0x00,
    0x00,0x00,0x00,0x00,0x00,0x00,0x00,0x00,0x00,0x00,0x00,0x00,0x00,0x00,0x00,0x00,0x00,0x00,0x00,0x00,0x00,0x00,0x00,0x00,0x00,0x00,0x03,0x00,0x3a,0x48,0x45,0x09,0x9f,0x90,0x7c,0x0b,0xb8,0x99,0x9f,0x6c,0xa4,0x9e,0x2a,0x2e,0x33,0x00,0x06,0x11,0x19,0x5e,0x1b,0x56,0xa4,0xa7,0x95,0xa0,0x8b,0xa7,0x17,0x0b,0xc4,0x5f,0xc7,0xc3,0x7d,0xa6,0x91,0xa3,0x87,0xaa,0xda,0x98,0xfb,0xf7,0x87,0xaf,0x9e,0x92,0x82,0x82,0x82,0x82,0x82,0x92,0x97,0xbb,0xce,0xfb,0xda,0xdb,0xf6,0xb0,0xc4,0x99,0x9e,0x20,0x84,0xb6,0xe4,0xfa,0x9d,0x8e,0x7e,0x7e,0x95,0xb1,0x1d,0x1e,0x99,0x1f,0x19,0x14,0x00,0x06,0x00,0x00,0x00,0x00,0x00,0x00,0x00,0x00,0x00,0x00,0x00,0x00,0x00,0x00,0x00,0x00,0x00,0x00,0x00,0x00,0x00,0x00,0x00,0x00,0x00,0x00,0x00,0x00,0x00,0x00,
    0x00,0x00,0x00,0x00,0x00,0x00,0x00,0x00,0x00,0x00,0x00,0x00,0x00,0x00,0x00,0x00,0x00,0x00,0x00,0x00,0x00,0x00,0x00,0x00,0x00,0x00,0x05,0x00,0x4f,0x10,0x98,0x98,0x09,0xa3,0x98,0x9f,0x90,0x7c,0x92,0xa4,0x9c,0x10,0x6d,0x2f,0x32,0x1a,0x03,0x00,0x3b,0x5c,0x10,0xa6,0xb2,0xa0,0x7e,0x7e,0x7e,0xa0,0x9d,0xa7,0xe5,0xc9,0x09,0xbe,0xbb,0x9e,0x99,0x09,0xb4,0xdb,0xdb,0xdb,0xdb,0xdb,0xbf,0x09,0x99,0x92,0x82,0x82,0x82,0x82,0x82,0x92,0x9e,0x37,0xbd,0xdb,0xdf,0xdb,0xfb,0xcd,0xaf,0x9e,0x91,0xcc,0xc5,0xb6,0xb5,0xe5,0x8b,0x7e,0x7e,0x8e,0xb1,0x8b,0x41,0x19,0x1f,0x90,0x38,0x69,0x12,0x00,0x05,0x00,0x00,0x00,0x00,0x00,0x00,0x00,0x00,0x00,0x00,0x00,0x00,0x00,0x00,0x00,0x00,0x00,0x00,0x00,0x00,0x00,0x00,0x00,0x00,0x00,0x00,0x00,0x00,0x00,
    0x00,0x00,0x00,0x00,0x00,0x00,0x00,0x00,0x00,0x00,0x00,0x00,0x00,0x00,0x00,0x00,0x00,0x00,0x00,0x00,0x00,0x00,0x00,0x00,0x00,0x00,0x05,0x00,0x13,0x44,0x9f,0x7c,0x9c,0xa4,0xb8,0x82,0x92,0x82,0xd8,0x98,0x91,0xa3,0x86,0x8c,0x83,0x0f,0x49,0x76,0x2e,0x19,0x57,0x0b,0xb2,0x8e,0x7e,0x7e,0x7e,0x8e,0x93,0xca,0xd1,0xe8,0xad,0xa6,0xbe,0x9f,0x82,0x99,0xe3,0xdb,0x92,0xc2,0x9e,0xfb,0xca,0x97,0x92,0x82,0x82,0x82,0x82,0x82,0x82,0x92,0x9e,0xbc,0xaa,0xc2,0xda,0x0e,0xda,0xe3,0x9f,0x82,0x82,0xb6,0x9f,0xca,0xb5,0xe2,0xcb,0x9d,0x8e,0xb1,0x8e,0x95,0xcf,0x3c,0x22,0x1f,0x91,0x29,0x69,0x11,0x00,0x02,0x00,0x00,0x00,0x00,0x00,0x00,0x00,0x00,0x00,0x00,0x00,0x00,0x00,0x00,0x00,0x00,0x00,0x00,0x00,0x00,0x00,0x00,0x00,0x00,0x00,0x00,0x00,0x00,
    0x00,0x00,0x00,0x00,0x00,0x00,0x00,0x00,0x00,0x00,0x00,0x00,0x00,0x00,0x00,0x00,0x00,0x00,0x00,0x00,0x00,0x00,0x00,0x00,0x00,0x00,0x05,0x00,0x34,0x3f,0x19,0x1b,0xa6,0xd8,0x9c,0x9f,0x7c,0x9c,0xd8,0x7c,0x99,0x0e,0x83,0x8f,0x94,0x28,0x0c,0x42,0x23,0x24,0x41,0xc7,0xb1,0xa0,0x7e,0x7e,0x8e,0x93,0x17,0xe2,0xb6,0x37,0xd5,0x91,0x09,0x0e,0x99,0x9e,0xa3,0xca,0xc2,0x82,0xda,0xca,0x09,0x97,0x92,0x82,0x82,0x82,0x7c,0x82,0x82,0x82,0x92,0x97,0x73,0xc4,0xc2,0x09,0xc4,0xa3,0x97,0x90,0x9c,0x9c,0x0e,0xcc,0xac,0xe6,0xcb,0x8b,0x8b,0xa0,0x7e,0x93,0x4e,0x57,0x0a,0x13,0x1b,0x82,0x0e,0x54,0x4b,0x04,0x02,0x00,0x00,0x00,0x00,0x00,0x00,0x00,0x00,0x00,0x00,0x00,0x00,0x00,0x00,0x00,0x00,0x00,0x00,0x00,0x00,0x00,0x00,0x00,0x00,0x00,0x00,0x00,
    0x00,0x00,0x00,0x00,0x00,0x00,0x00,0x00,0x00,0x00,0x00,0x00,0x00,0x00,0x00,0x00,0x00,0x00,0x00,0x00,0x00,0x00,0x00,0x00,0x00,0x00,0x05,0x00,0x1c,0x3f,0x19,0x41,0xd9,0xa6,0x90,0x82,0x7c,0x9c,0xb8,0x92,0x91,0xad,0x85,0x96,0x89,0x7d,0x85,0x8d,0x81,0x85,0xbc,0xa6,0x0b,0x93,0x8b,0x7e,0x8e,0x9d,0xd7,0xd1,0x09,0x0b,0xcc,0xc2,0x9e,0x7c,0x9f,0x98,0x91,0x09,0xcc,0xca,0xcc,0xc2,0x97,0x92,0x82,0x82,0x82,0x82,0x9f,0x82,0x82,0x82,0x82,0x82,0x9e,0xaf,0xc4,0xad,0xac,0x0e,0x9f,0xcf,0xa6,0x92,0xaf,0xb9,0x20,0xca,0xd7,0xa7,0x95,0x8e,0x8b,0x8b,0x56,0x41,0x22,0x43,0x3f,0x9f,0xa6,0x41,0x15,0x00,0x05,0x00,0x00,0x00,0x00,0x00,0x00,0x00,0x00,0x00,0x00,0x00,0x00,0x00,0x00,0x00,0x00,0x00,0x00,0x00,0x00,0x00,0x00,0x00,0x00,0x00,0x00,0x00,
    0x00,0x00,0x00,0x00,0x00,0x00,0x00,0x00,0x00,0x00,0x00,0x00,0x00,0x00,0x00,0x00,0x00,0x00,0x00,0x00,0x00,0x00,0x00,0x00,0x00,0x00,0x43,0x00,0x4f,0x10,0x90,0xa6,0xa6,0x7c,0x82,0x82,0x7c,0x9f,0xa6,0x91,0xc7,0x88,0x7b,0x7f,0x7d,0x81,0x86,0x08,0x7b,0x7d,0x94,0xa4,0xb2,0xa0,0x7e,0x8e,0xa5,0xac,0xc9,0xec,0x31,0xc3,0xc0,0xa3,0x97,0x9c,0xb8,0xd8,0xa4,0xc7,0xa3,0x0e,0x99,0x97,0x92,0x82,0x82,0x82,0x7c,0x9f,0x98,0x82,0x82,0x82,0x82,0x82,0x92,0x99,0x90,0x9c,0xa3,0xa3,0x9c,0x0e,0x98,0x7c,0xc7,0xa8,0xbe,0x60,0xba,0xb9,0xa5,0xb3,0x93,0xb2,0x7c,0x4e,0x45,0x3b,0x13,0x10,0xa9,0x41,0x26,0x06,0x00,0x00,0x00,0x00,0x00,0x00,0x00,0x00,0x00,0x00,0x00,0x00,0x00,0x00,0x00,0x00,0x00,0x00,0x00,0x00,0x00,0x00,0x00,0x00,0x00,0x00,0x00,0x00,
    0x00,0x00,0x00,0x00,0x00,0x00,0x00,0x00,0x00,0x00,0x00,0x00,0x00,0x00,0x00,0x00,0x00,0x00,0x00,0x00,0x00,0x00,0x00,0x00,0x00,0x00,0x05,0x00,0x62,0x45,0x38,0x9f,0x9f,0x92,0x82,0x92,0x92,0x9f,0x9e,0x0b,0x8d,0x85,0x89,0x80,0x8d,0x81,0x88,0x96,0x96,0x94,0x81,0xc3,0xb2,0x7e,0x8e,0x93,0xa7,0xe8,0xc9,0xee,0xc5,0xef,0x27,0xac,0x92,0xa6,0x8e,0xb8,0xd8,0xb8,0xc8,0x9c,0x92,0x92,0x82,0x82,0x82,0x82,0x82,0x92,0x82,0x82,0x82,0x82,0x7c,0x9f,0x9c,0x98,0x98,0x98,0x92,0x9f,0x98,0x92,0x92,0x92,0xa8,0xb7,0x31,0x20,0x60,0xee,0xa7,0xa5,0x93,0xa1,0xa1,0x56,0xb9,0x4f,0x30,0x44,0xa1,0x09,0x5d,0x01,0x00,0x00,0x00,0x00,0x00,0x00,0x00,0x00,0x00,0x00,0x00,0x00,0x00,0x00,0x00,0x00,0x00,0x00,0x00,0x00,0x00,0x00,0x00,0x00,0x00,0x00,0x00,0x00,
    0x00,0x00,0x00,0x00,0x00,0x00,0x00,0x00,0x00,0x00,0x00,0x00,0x00,0x00,0x00,0x00,0x00,0x00,0x00,0x00,0x00,0x00,0x00,0x00,0x00,0x00,0x00,0x00,0x43,0x3b,0x4d,0x54,0x48,0xc2,0x97,0x9e,0x90,0x91,0xa3,0x94,0x88,0x8f,0x7b,0x83,0x8f,0x88,0x89,0x83,0x8d,0x7f,0x83,0x8c,0xc5,0xa5,0xb1,0x93,0xe5,0xe5,0xe1,0xf8,0xf0,0x31,0x0b,0xa8,0x0e,0x9c,0x98,0xb8,0x8e,0x98,0x98,0x98,0x82,0x82,0x82,0x82,0x82,0x82,0x7c,0x97,0x90,0x7c,0x82,0x82,0x82,0x82,0x92,0x9c,0x98,0x98,0x98,0xc8,0x98,0x9f,0x92,0x09,0xcb,0xb7,0xef,0xd4,0xe1,0xad,0xe3,0x8e,0x8e,0x8e,0x8e,0xa0,0x10,0x54,0x3f,0x44,0x99,0x1e,0x5d,0x01,0x00,0x00,0x00,0x00,0x00,0x00,0x00,0x00,0x00,0x00,0x00,0x00,0x00,0x00,0x00,0x00,0x00,0x00,0x00,0x00,0x00,0x00,0x00,0x00,0x00,0x00,0x00,0x00,
    0x00,0x00,0x00,0x00,0x00,0x00,0x00,0x00,0x00,0x00,0x00,0x00,0x00,0x00,0x00,0x00,0x00,0x00,0x00,0x00,0x00,0x00,0x00,0x00,0x00,0x00,0x00,0x00,0x00,0x00,0x05,0x47,0x26,0x19,0x41,0xa3,0x0e,0xdc,0x8d,0x7d,0x8f,0x8f,0x83,0x8f,0x80,0x85,0x83,0x7b,0x8d,0x80,0x80,0x89,0x86,0xc0,0xa9,0xb9,0xe4,0xd7,0xb7,0xf8,0xd4,0xe7,0x27,0x27,0xaf,0x97,0xa6,0xb8,0xa6,0x9c,0x98,0x9c,0x82,0x82,0x82,0x82,0x82,0x82,0x92,0xa8,0xdd,0x0e,0x90,0x92,0x82,0x82,0x7c,0x82,0x9f,0x98,0x98,0xc8,0xc8,0xa6,0x7c,0xb6,0xd4,0xf0,0xe7,0xe1,0x27,0xb9,0xe8,0xb6,0x95,0xb1,0x7e,0x8e,0xb2,0x1b,0x1b,0x92,0x97,0x29,0x5d,0x01,0x00,0x00,0x00,0x00,0x00,0x00,0x00,0x00,0x00,0x00,0x00,0x00,0x00,0x00,0x00,0x00,0x00,0x00,0x00,0x00,0x00,0x00,0x00,0x00,0x00,0x00,0x00,0x00,
    0x00,0x00,0x00,0x00,0x00,0x00,0x00,0x00,0x00,0x00,0x00,0x00,0x00,0x00,0x00,0x00,0x00,0x00,0x00,0x00,0x00,0x00,0x00,0x00,0x00,0x00,0x00,0x00,0x01,0x02,0x00,0x00,0x06,0x26,0x70,0x50,0x94,0x84,0x7f,0x8f,0x83,0x8f,0x83,0x8f,0x85,0x8d,0x83,0x7b,0x7b,0x83,0x8f,0x8f,0x7b,0x7b,0xb6,0xb5,0xc9,0xe5,0x82,0x27,0x31,0xef,0xef,0xd4,0x20,0x82,0xa6,0x98,0x98,0x98,0x98,0x9f,0x7c,0x82,0x82,0x82,0x92,0x9e,0xa3,0xf8,0xf8,0xdc,0x97,0x92,0x82,0x82,0x82,0x82,0x7c,0x92,0x9c,0x9c,0x9c,0x9f,0x98,0xbe,0xe7,0xbe,0x31,0x27,0x7c,0xd7,0xb5,0xe5,0x8e,0xb3,0x7e,0x8b,0x8e,0x95,0x9d,0xc8,0xa1,0x5e,0x1c,0x00,0x02,0x00,0x00,0x00,0x00,0x00,0x00,0x00,0x00,0x00,0x00,0x00,0x00,0x00,0x00,0x00,0x00,0x00,0x00,0x00,0x00,0x00,0x00,0x00,0x00,0x00,0x00,0x00,
    0x00,0x00,0x00,0x00,0x00,0x00,0x00,0x00,0x00,0x00,0x00,0x00,0x00,0x00,0x00,0x00,0x00,0x00,0x00,0x00,0x00,0x00,0x00,0x00,0x00,0x00,0x00,0x00,0x00,0x00,0x00,0x03,0x03,0x47,0x32,0x8c,0x21,0x7b,0x89,0x89,0x89,0x8f,0x96,0x85,0x7b,0x96,0x7b,0x7b,0x7b,0x83,0x8f,0x83,0x8d,0x87,0x8c,0xe8,0xba,0xed,0xa3,0x91,0xc2,0xe6,0x37,0xe1,0xbe,0xaf,0x97,0x9f,0x9c,0x9f,0x9c,0x92,0x7c,0x82,0x82,0x82,0x82,0x7c,0x9c,0xe1,0xe7,0xa3,0x99,0x92,0x82,0x82,0x82,0x82,0x82,0x82,0x82,0x82,0x9f,0x91,0xac,0xc7,0x0b,0xc5,0x09,0x9e,0xbc,0xb5,0xb5,0xb5,0xaf,0xa9,0xa1,0xa1,0x92,0xb2,0xb1,0x9f,0x9e,0x2a,0x12,0x00,0x06,0x00,0x00,0x00,0x00,0x00,0x00,0x00,0x00,0x00,0x00,0x00,0x00,0x00,0x00,0x00,0x00,0x00,0x00,0x00,0x00,0x00,0x00,0x00,0x00,0x00,0x00,0x00,
    0x00,0x00,0x00,0x00,0x00,0x00,0x00,0x00,0x00,0x00,0x00,0x00,0x00,0x00,0x00,0x00,0x00,0x00,0x00,0x00,0x00,0x00,0x00,0x00,0x00,0x00,0x00,0x00,0x00,0x00,0x00,0x00,0x03,0x00,0x24,0x80,0x8f,0x8d,0x8d,0x7b,0x8f,0x89,0x84,0x87,0x8f,0x7b,0x7b,0x7b,0x7b,0x7b,0x7b,0x7b,0x83,0x81,0x84,0x85,0xe2,0xd6,0x60,0xc2,0x91,0xaf,0xad,0xa6,0x98,0xc4,0x92,0x7c,0x92,0x7c,0x7c,0x82,0x82,0x82,0x82,0x82,0x82,0x82,0x90,0x90,0x92,0x97,0x82,0x82,0x82,0x82,0x82,0x82,0x82,0x82,0x92,0x9f,0x91,0xa3,0xad,0x91,0x82,0xcc,0xa9,0xbc,0xe8,0xb5,0xd1,0xc9,0xb6,0x93,0x56,0x92,0x92,0xa1,0xa7,0xac,0x1d,0x34,0x00,0x02,0x00,0x00,0x00,0x00,0x00,0x00,0x00,0x00,0x00,0x00,0x00,0x00,0x00,0x00,0x00,0x00,0x00,0x00,0x00,0x00,0x00,0x00,0x00,0x00,0x00,0x00,0x00,0x00,
    0x00,0x00,0x00,0x00,0x00,0x00,0x00,0x00,0x00,0x00,0x00,0x00,0x00,0x00,0x00,0x00,0x00,0x00,0x00,0x00,0x00,0x00,0x00,0x00,0x00,0x00,0x00,0x00,0x00,0x00,0x00,0x00,0x00,0x03,0x00,0x0f,0x83,0x89,0x8f,0x83,0x81,0x88,0x87,0x80,0x83,0x7b,0x7b,0x7b,0x7b,0x7b,0x7b,0x7b,0x8f,0x81,0x88,0x89,0x85,0xeb,0xd6,0xe2,0xfa,0xac,0xd5,0x9c,0x9c,0xc4,0xcc,0x9e,0x97,0x92,0x92,0x82,0x82,0x82,0x82,0x82,0x82,0x82,0x92,0x82,0x82,0x92,0x82,0x82,0x82,0x82,0x82,0x82,0x92,0x92,0x90,0x91,0x0b,0x5f,0xd1,0xfa,0xc0,0x6d,0xe5,0xd6,0xe4,0xb5,0xe4,0xba,0xd7,0x95,0x8e,0x8b,0x8b,0x8e,0xa0,0xcf,0x54,0x4b,0x02,0x04,0x00,0x00,0x00,0x00,0x00,0x00,0x00,0x00,0x00,0x00,0x00,0x00,0x00,0x00,0x00,0x00,0x00,0x00,0x00,0x00,0x00,0x00,0x00,0x00,0x00,0x00,0x00,0x00,
    0x00,0x00,0x00,0x00,0x00,0x00,0x00,0x00,0x00,0x00,0x00,0x00,0x00,0x00,0x00,0x00,0x00,0x00,0x00,0x00,0x00,0x00,0x00,0x00,0x00,0x00,0x00,0x00,0x00,0x00,0x00,0x00,0x00,0x01,0x01,0x0a,0x35,0x08,0x88,0x84,0x7f,0x8f,0x88,0x8f,0x7b,0x7b,0x7b,0x7b,0x7b,0x7b,0x7b,0x7b,0x8d,0x7d,0x80,0x88,0x89,0x85,0xeb,0xd6,0xd6,0x5f,0xea,0xe2,0xb5,0xb5,0xde,0xca,0x09,0x9e,0x9e,0x7c,0x92,0x92,0x92,0x82,0x82,0x82,0x82,0x82,0x82,0x82,0x82,0x82,0x82,0x92,0x92,0x92,0x97,0x9e,0xc8,0xc4,0xf1,0xd6,0xb5,0xed,0x6e,0xea,0xc6,0xe4,0xb5,0xba,0xb5,0x9b,0xd7,0xa0,0x7e,0x7e,0x7e,0x7e,0x8e,0xb2,0x0b,0x55,0x00,0x05,0x00,0x00,0x00,0x00,0x00,0x00,0x00,0x00,0x00,0x00,0x00,0x00,0x00,0x00,0x00,0x00,0x00,0x00,0x00,0x00,0x00,0x00,0x00,0x00,0x00,0x00,0x00,0x00,
    0x00,0x00,0x00,0x00,0x00,0x00,0x00,0x00,0x00,0x00,0x00,0x00,0x00,0x00,0x00,0x00,0x00,0x00,0x00,0x00,0x00,0x00,0x00,0x00,0x00,0x00,0x00,0x00,0x00,0x00,0x00,0x00,0x00,0x00,0x03,0x00,0x1a,0x42,0x8d,0x8f,0x8f,0x7b,0x7b,0x7b,0x7b,0x7b,0x7b,0x7b,0x7b,0x7b,0x7b,0x7b,0x8d,0x80,0x7f,0x84,0x7d,0x89,0x81,0x7d,0x5f,0xea,0xf3,0xea,0xee,0xba,0xe4,0xde,0xed,0xcc,0xa3,0x9f,0x9e,0x9e,0x97,0x7c,0x92,0x92,0x82,0x82,0x82,0x82,0x82,0x92,0x7c,0x97,0x91,0x97,0x09,0xb6,0xee,0xde,0xc6,0xe4,0xd1,0xea,0xf3,0xf3,0xf9,0xee,0xae,0x58,0xd1,0x9b,0xd7,0x95,0x8e,0xa0,0xa0,0x7e,0x8e,0x56,0x27,0x65,0x2c,0x00,0x04,0x00,0x00,0x00,0x00,0x00,0x00,0x00,0x00,0x00,0x00,0x00,0x00,0x00,0x00,0x00,0x00,0x00,0x00,0x00,0x00,0x00,0x00,0x00,0x00,0x00,0x00,0x00,
    0x00,0x00,0x00,0x00,0x00,0x00,0x00,0x00,0x00,0x00,0x00,0x00,0x00,0x00,0x00,0x00,0x00,0x00,0x00,0x00,0x00,0x00,0x00,0x00,0x00,0x00,0x00,0x00,0x00,0x00,0x00,0x00,0x00,0x00,0x04,0x01,0x49,0x2d,0x8f,0x83,0x8d,0x83,0x8f,0x7b,0x7b,0x7b,0x7b,0x7b,0x7b,0x7b,0x7b,0x7b,0x7b,0x7b,0x7b,0x85,0x80,0x7b,0x8f,0x7d,0x7f,0xf9,0xf3,0xf3,0x60,0xa2,0xe4,0xc6,0xc6,0xc6,0xd1,0xe5,0xc4,0xbc,0x10,0xc8,0x7c,0x90,0x90,0x7c,0x82,0x7c,0x7c,0x97,0xa1,0x09,0xb9,0xe3,0xe2,0xb5,0xd6,0xc6,0xc6,0xe4,0xba,0xee,0xf3,0xf3,0xea,0x58,0xab,0xc9,0xd1,0xae,0xb6,0xa5,0x8e,0x7e,0x7e,0x7e,0x8e,0x10,0xac,0x65,0x3a,0x00,0x04,0x00,0x00,0x00,0x00,0x00,0x00,0x00,0x00,0x00,0x00,0x00,0x00,0x00,0x00,0x00,0x00,0x00,0x00,0x00,0x00,0x00,0x00,0x00,0x00,0x00,0x00,0x00,
    0x00,0x00,0x00,0x00,0x00,0x00,0x00,0x00,0x00,0x00,0x00,0x00,0x00,0x00,0x00,0x00,0x00,0x00,0x00,0x00,0x00,0x00,0x00,0x00,0x00,0x00,0x00,0x00,0x00,0x00,0x00,0x00,0x00,0x00,0x04,0x00,0x76,0x3e,0x88,0x8f,0x7b,0x7b,0x8f,0x7b,0x7b,0x7b,0x7b,0x7b,0x7b,0x7b,0x83,0x7b,0x7b,0x7b,0x83,0x81,0x81,0x8f,0x7b,0x8f,0x88,0x87,0xea,0xf9,0xc9,0xab,0xe4,0xc6,0xc6,0xd6,0xba,0xba,0xd6,0xf1,0x5f,0xee,0xca,0xdd,0xcf,0xb8,0xb8,0xa6,0xb7,0xe7,0xee,0xed,0xf1,0xde,0xba,0x9b,0xd6,0xc6,0xde,0xb5,0xae,0xff,0xea,0xf9,0xea,0xba,0xab,0xe2,0xb5,0xec,0x10,0x92,0x56,0x7e,0x56,0x95,0x29,0x30,0x48,0x3a,0x3b,0x01,0x01,0x00,0x00,0x00,0x00,0x00,0x00,0x00,0x00,0x00,0x00,0x00,0x00,0x00,0x00,0x00,0x00,0x00,0x00,0x00,0x00,0x00,0x00,0x00,0x00,0x00,0x00,0x00,
    0x00,0x00,0x00,0x00,0x00,0x00,0x00,0x00,0x00,0x00,0x00,0x00,0x00,0x00,0x00,0x00,0x00,0x00,0x00,0x00,0x00,0x00,0x00,0x00,0x00,0x00,0x00,0x00,0x00,0x00,0x00,0x00,0x00,0x00,0x03,0x00,0x3a,0x65,0x94,0x7b,0x83,0x7b,0x7b,0x7b,0x7b,0x83,0x83,0x83,0x83,0x7b,0x7b,0x7b,0x7b,0x7b,0x7b,0x80,0x88,0x7b,0x8d,0x80,0x7f,0x87,0x8c,0x6e,0x67,0xab,0xb5,0xc6,0xc6,0xd6,0xd1,0xe8,0xed,0xf1,0xf1,0xd6,0xed,0xf0,0xc1,0xc1,0xc1,0xc1,0xd8,0xad,0xc6,0xde,0xde,0xde,0xe4,0xd1,0xde,0xc6,0xc6,0xc9,0xa2,0xee,0xb5,0x67,0xbe,0xba,0xae,0x5f,0x60,0xa3,0x9d,0x93,0x8b,0x8b,0x56,0xa9,0x1f,0x12,0x26,0x00,0x00,0x00,0x00,0x00,0x00,0x00,0x00,0x00,0x00,0x00,0x00,0x00,0x00,0x00,0x00,0x00,0x00,0x00,0x00,0x00,0x00,0x00,0x00,0x00,0x00,0x00,0x00,0x00,0x00,0x00,
    0x00,0x00,0x00,0x00,0x00,0x00,0x00,0x00,0x00,0x00,0x00,0x00,0x00,0x00,0x00,0x00,0x00,0x00,0x00,0x00,0x00,0x00,0x00,0x00,0x00,0x00,0x00,0x00,0x00,0x00,0x00,0x00,0x00,0x00,0x03,0x00,0x07,0x3f,0xe3,0x08,0x61,0x8f,0x7b,0x7b,0x7b,0x83,0x83,0x7b,0x7b,0x7b,0x7b,0x7b,0x7b,0x7b,0x7b,0x8d,0x7d,0x7b,0x8d,0x7d,0x80,0x7d,0x81,0x8c,0xe9,0x9b,0xba,0xc6,0xf1,0x7d,0x80,0x86,0x8c,0x87,0x8c,0x84,0x83,0xe1,0xc1,0xb7,0xb7,0xb7,0xd8,0xcc,0x84,0x84,0x84,0x85,0x84,0x8c,0x85,0xeb,0xde,0xae,0x9b,0xae,0xa2,0xa2,0xae,0xae,0x67,0xa4,0x8e,0xa5,0xa7,0xaf,0xa9,0xa1,0xa1,0x7c,0x29,0x19,0x13,0x2e,0x43,0x02,0x00,0x00,0x00,0x00,0x00,0x00,0x00,0x00,0x00,0x00,0x00,0x00,0x00,0x00,0x00,0x00,0x00,0x00,0x00,0x00,0x00,0x00,0x00,0x00,0x00,0x00,0x00,0x00,
    0x00,0x00,0x00,0x00,0x00,0x00,0x00,0x00,0x00,0x00,0x00,0x00,0x00,0x00,0x00,0x00,0x00,0x00,0x00,0x00,0x00,0x00,0x00,0x00,0x00,0x00,0x00,0x00,0x00,0x00,0x00,0x00,0x00,0x00,0x04,0x00,0x4b,0x3c,0xb6,0xbb,0x8f,0x96,0x96,0x7b,0x7b,0x7b,0x7b,0x7b,0x7b,0x7b,0x7b,0x7b,0x7b,0x7b,0x7b,0x7b,0x8d,0x8d,0x7b,0x8d,0x7f,0x80,0x7f,0x83,0x81,0xe9,0xe8,0xeb,0x86,0x80,0x7f,0x85,0x8c,0x87,0x87,0x8c,0x9a,0xe1,0xc1,0xb7,0xb7,0xd4,0xc1,0xc5,0x9a,0x87,0x87,0x87,0x8c,0x8c,0x84,0x81,0x86,0xc9,0xa2,0x9b,0x9b,0x9b,0xa2,0xba,0xd7,0x9d,0x99,0x10,0xe5,0xd1,0xbc,0x9e,0x82,0xa1,0xa1,0xa1,0x4e,0x46,0x26,0x00,0x05,0x00,0x00,0x00,0x00,0x00,0x00,0x00,0x00,0x00,0x00,0x00,0x00,0x00,0x00,0x00,0x00,0x00,0x00,0x00,0x00,0x00,0x00,0x00,0x00,0x00,0x00,0x00,
    0x00,0x00,0x00,0x00,0x00,0x00,0x00,0x00,0x00,0x00,0x00,0x00,0x00,0x00,0x00,0x00,0x00,0x00,0x00,0x00,0x00,0x00,0x00,0x00,0x00,0x00,0x00,0x00,0x00,0x00,0x00,0x00,0x00,0x00,0x00,0x01,0x00,0x1c,0x57,0x70,0x0f,0x81,0x7d,0x7b,0x7b,0x7b,0x7b,0x7b,0x7b,0x7b,0x7b,0x7b,0x7b,0x7b,0x7b,0x7b,0x7b,0x7b,0x7b,0x8d,0x80,0x7d,0x80,0x7f,0x83,0x7d,0x86,0x87,0x81,0x81,0x7d,0x7d,0x84,0x8c,0x8c,0x9a,0x94,0x09,0xd8,0xb7,0xb7,0xb7,0xb8,0xaf,0x94,0x9a,0x87,0x8c,0x86,0x85,0x81,0x7d,0x87,0xf1,0xab,0x9b,0x9b,0x9b,0x9b,0xba,0xfa,0x7c,0xb2,0xd7,0xc9,0xba,0xd1,0xcf,0xa5,0x8b,0x8e,0x93,0x10,0x3c,0x15,0x02,0x04,0x00,0x00,0x00,0x00,0x00,0x00,0x00,0x00,0x00,0x00,0x00,0x00,0x00,0x00,0x00,0x00,0x00,0x00,0x00,0x00,0x00,0x00,0x00,0x00,0x00,0x00,0x00,
    0x00,0x00,0x00,0x00,0x00,0x00,0x00,0x00,0x00,0x00,0x00,0x00,0x00,0x00,0x00,0x00,0x00,0x00,0x00,0x00,0x00,0x00,0x00,0x00,0x00,0x00,0x00,0x00,0x00,0x00,0x00,0x00,0x00,0x00,0x00,0x00,0x04,0x00,0x4b,0x4b,0x03,0x74,0xd5,0x8f,0x96,0x8f,0x7b,0x83,0x8f,0x7b,0x7b,0x7b,0x7b,0x7b,0x7b,0x7b,0x7b,0x89,0x8d,0x7b,0x7b,0x80,0x7d,0x7d,0x80,0x7f,0x8d,0x81,0x85,0x85,0x7d,0x80,0x80,0x7d,0x8c,0xbe,0xc8,0x99,0x92,0x9c,0xa6,0x9f,0x7c,0x90,0xb3,0xbe,0x9a,0x7d,0x80,0x80,0x7d,0x80,0x85,0x8c,0x5f,0xab,0xa2,0xab,0xa2,0x9b,0xd7,0xa5,0x17,0x67,0xc9,0xc9,0xc9,0xd7,0x93,0x8e,0x7e,0xa0,0xb2,0x1d,0x13,0x14,0x00,0x02,0x00,0x00,0x00,0x00,0x00,0x00,0x00,0x00,0x00,0x00,0x00,0x00,0x00,0x00,0x00,0x00,0x00,0x00,0x00,0x00,0x00,0x00,0x00,0x00,0x00,0x00,
    0x00,0x00,0x00,0x00,0x00,0x00,0x00,0x00,0x00,0x00,0x00,0x00,0x00,0x00,0x00,0x00,0x00,0x00,0x00,0x00,0x00,0x00,0x00,0x00,0x00,0x00,0x00,0x00,0x00,0x00,0x00,0x00,0x00,0x00,0x00,0x00,0x00,0x04,0x00,0x00,0x03,0x5d,0x1e,0xbe,0x9a,0x7d,0x96,0x7b,0x7b,0x7b,0x7b,0x7b,0x7b,0x7b,0x7b,0x7b,0x7b,0x7b,0x7b,0x7b,0x7b,0x8d,0x89,0x7f,0x89,0x80,0x7d,0x7f,0x84,0x80,0x7d,0x7d,0x7d,0x7f,0x7d,0x94,0xac,0x91,0x7c,0x92,0x92,0x9f,0x9c,0x97,0xa3,0xbb,0x85,0x89,0x7d,0x7d,0x7d,0x7d,0x7d,0x89,0x87,0xe2,0xab,0xa2,0xab,0xab,0x58,0xa3,0x17,0xc9,0xae,0xae,0xae,0xec,0xb3,0xa1,0x93,0x95,0xb2,0x44,0x27,0x4b,0x00,0x04,0x00,0x00,0x00,0x00,0x00,0x00,0x00,0x00,0x00,0x00,0x00,0x00,0x00,0x00,0x00,0x00,0x00,0x00,0x00,0x00,0x00,0x00,0x00,0x00,0x00,0x00,
    0x00,0x00,0x00,0x00,0x00,0x00,0x00,0x00,0x00,0x00,0x00,0x00,0x00,0x00,0x00,0x00,0x00,0x00,0x00,0x00,0x00,0x00,0x00,0x00,0x00,0x00,0x00,0x00,0x00,0x00,0x00,0x00,0x00,0x00,0x00,0x00,0x00,0x00,0x02,0x06,0x02,0x33,0x51,0x59,0x37,0xc3,0x87,0x8f,0x8f,0x7b,0x7b,0x7b,0x7b,0x7b,0x7b,0x7b,0x7b,0x7b,0x7b,0x7b,0x7b,0x7b,0x8d,0x80,0x7d,0x80,0x88,0x81,0x88,0x86,0x7d,0x7d,0x7d,0x7d,0x81,0x84,0x87,0xc5,0x0e,0xa6,0x98,0x98,0x98,0xb9,0x7b,0x86,0x89,0x7d,0x7d,0x7d,0x7d,0x7d,0x80,0x7f,0x8d,0x86,0xb5,0xa2,0xae,0x9b,0xa2,0xae,0xb9,0xec,0xab,0x9b,0x9b,0xec,0xa7,0xb3,0xa0,0x95,0xa0,0x4e,0x3c,0x3b,0x02,0x01,0x00,0x00,0x00,0x00,0x00,0x00,0x00,0x00,0x00,0x00,0x00,0x00,0x00,0x00,0x00,0x00,0x00,0x00,0x00,0x00,0x00,0x00,0x00,0x00,0x00,0x00,
    0x00,0x00,0x00,0x00,0x00,0x00,0x00,0x00,0x00,0x00,0x00,0x00,0x00,0x00,0x00,0x00,0x00,0x00,0x00,0x00,0x00,0x00,0x00,0x00,0x00,0x00,0x00,0x00,0x00,0x00,0x00,0x00,0x00,0x00,0x00,0x00,0x00,0x00,0x00,0x00,0x00,0x15,0x2b,0x1c,0x30,0xd7,0xed,0x7f,0x8d,0x8f,0x7b,0x7b,0x89,0x7f,0x7b,0x7b,0x7b,0x7b,0x7b,0x7b,0x7b,0x8d,0x80,0x7d,0x7d,0x80,0x88,0x88,0x7f,0x86,0x84,0x7f,0x7d,0x7d,0x85,0x7d,0x89,0x8c,0x20,0xc8,0x9f,0xb8,0x31,0x7f,0x83,0x7f,0x81,0x7d,0x7d,0x80,0x80,0x7d,0x85,0x86,0x88,0x87,0xe9,0xab,0x9b,0xa2,0xa2,0xab,0x58,0xb5,0xab,0x9b,0xa2,0xe5,0xdd,0x93,0xb1,0x17,0x17,0x54,0x15,0x01,0x02,0x00,0x00,0x00,0x00,0x00,0x00,0x00,0x00,0x00,0x00,0x00,0x00,0x00,0x00,0x00,0x00,0x00,0x00,0x00,0x00,0x00,0x00,0x00,0x00,0x00,0x00,0x00,
    0x00,0x00,0x00,0x00,0x00,0x00,0x00,0x00,0x00,0x00,0x00,0x00,0x00,0x00,0x00,0x00,0x00,0x00,0x00,0x00,0x00,0x00,0x00,0x00,0x00,0x00,0x00,0x00,0x00,0x00,0x00,0x00,0x00,0x00,0x00,0x00,0x00,0x00,0x00,0x05,0x63,0x4a,0x63,0x2c,0x4a,0x9b,0xa2,0xb5,0xe9,0x84,0x7b,0x83,0x80,0x7d,0x89,0x8d,0x8d,0x7b,0x7b,0x7b,0x7b,0x7b,0x7f,0x7d,0x7d,0x80,0x88,0x88,0x80,0x80,0x86,0x81,0x80,0x80,0x80,0x7f,0x7d,0xbb,0x94,0xb9,0x91,0xa8,0xc3,0x96,0x89,0x80,0x7d,0x80,0x80,0x81,0x86,0x86,0x86,0x86,0x88,0x87,0x83,0x9b,0xa2,0xab,0xab,0xa2,0xab,0x9b,0xa2,0xab,0xab,0xc9,0xac,0xa9,0xa4,0x48,0x2b,0x14,0x00,0x01,0x00,0x00,0x00,0x00,0x00,0x00,0x00,0x00,0x00,0x00,0x00,0x00,0x00,0x00,0x00,0x00,0x00,0x00,0x00,0x00,0x00,0x00,0x00,0x00,0x00,0x00,0x00,0x00,
    0x00,0x00,0x00,0x00,0x00,0x00,0x00,0x00,0x00,0x00,0x00,0x00,0x00,0x00,0x00,0x00,0x00,0x00,0x00,0x00,0x00,0x00,0x00,0x00,0x00,0x00,0x00,0x00,0x00,0x00,0x00,0x00,0x00,0x00,0x00,0x00,0x00,0x00,0x04,0x05,0x39,0x9b,0x25,0x25,0xab,0x9b,0xae,0xa2,0xae,0xe2,0x89,0x7f,0x8f,0x8f,0x89,0x7f,0x89,0x7b,0x7b,0x7b,0x7b,0x7b,0x7b,0x80,0x7d,0x7d,0x84,0x81,0x8d,0x83,0x81,0x8c,0x87,0x88,0x80,0x86,0x88,0x8d,0x89,0x96,0xcc,0x83,0x80,0x81,0x85,0x84,0x80,0x85,0x87,0x8c,0x84,0x7d,0x80,0x80,0x89,0x86,0xe9,0xa2,0x9b,0x9b,0x9b,0xae,0xae,0x9b,0xae,0xc9,0xa2,0xae,0xfa,0xa9,0x1b,0x22,0x06,0x00,0x04,0x00,0x00,0x00,0x00,0x00,0x00,0x00,0x00,0x00,0x00,0x00,0x00,0x00,0x00,0x00,0x00,0x00,0x00,0x00,0x00,0x00,0x00,0x00,0x00,0x00,0x00,0x00,0x00,0x00,
    0x00,0x00,0x00,0x00,0x00,0x00,0x00,0x00,0x00,0x00,0x00,0x00,0x00,0x00,0x00,0x00,0x00,0x00,0x00,0x00,0x00,0x00,0x00,0x00,0x00,0x00,0x00,0x00,0x00,0x00,0x00,0x00,0x00,0x00,0x00,0x00,0x00,0x00,0x02,0x00,0x75,0x4a,0x25,0xab,0xab,0x9b,0x9b,0x9b,0xa2,0x25,0xc9,0xe2,0x81,0x81,0x8f,0x7b,0x8d,0x7b,0x7b,0x89,0x8d,0x7b,0x89,0x7d,0x7d,0x7d,0x84,0x7d,0x89,0x7d,0x7d,0x88,0x87,0x87,0x9a,0xd5,0x96,0x85,0x7f,0x80,0x8c,0x7d,0x80,0x88,0xb0,0xb4,0x8c,0x87,0x86,0x88,0x80,0x7d,0x7d,0x7d,0x7d,0x81,0xe9,0xab,0xa2,0x9b,0x9b,0x9b,0x9b,0x9b,0xae,0x67,0x58,0xa2,0x58,0x09,0x5b,0x15,0x02,0x05,0x00,0x00,0x00,0x00,0x00,0x00,0x00,0x00,0x00,0x00,0x00,0x00,0x00,0x00,0x00,0x00,0x00,0x00,0x00,0x00,0x00,0x00,0x00,0x00,0x00,0x00,0x00,0x00,0x00,0x00,
    0x00,0x00,0x00,0x00,0x00,0x00,0x00,0x00,0x00,0x00,0x00,0x00,0x00,0x00,0x00,0x00,0x00,0x00,0x00,0x00,0x00,0x00,0x00,0x00,0x00,0x00,0x00,0x00,0x00,0x00,0x00,0x00,0x00,0x00,0x00,0x00,0x00,0x00,0x00,0x02,0x00,0x52,0x39,0x4a,0x25,0x25,0x58,0x25,0x6a,0x4a,0x25,0x9b,0xd1,0xe9,0x84,0x7f,0x8f,0x7b,0x7b,0x80,0x7d,0x89,0x83,0x7f,0x7d,0x80,0x88,0x89,0x83,0x80,0x7d,0x7f,0x7b,0x8d,0x84,0xce,0x7d,0x8c,0x8c,0x85,0x7b,0x88,0x86,0x87,0x7d,0xb0,0x81,0x7b,0x7b,0x89,0x7d,0x7d,0x80,0x88,0x88,0x89,0x84,0xe8,0xec,0x67,0xa2,0x9b,0x9b,0x9b,0x9b,0x6a,0x64,0x67,0xae,0xec,0x66,0x4b,0x00,0x04,0x00,0x00,0x00,0x00,0x00,0x00,0x00,0x00,0x00,0x00,0x00,0x00,0x00,0x00,0x00,0x00,0x00,0x00,0x00,0x00,0x00,0x00,0x00,0x00,0x00,0x00,0x00,0x00,0x00,0x00,
    0x00,0x00,0x00,0x00,0x00,0x00,0x00,0x00,0x00,0x00,0x00,0x00,0x00,0x00,0x00,0x00,0x00,0x00,0x00,0x00,0x00,0x00,0x00,0x00,0x00,0x00,0x00,0x00,0x00,0x00,0x00,0x00,0x00,0x00,0x00,0x00,0x00,0x00,0x00,0x00,0x02,0x00,0x05,0x63,0x39,0x39,0x64,0x39,0x63,0x39,0x6a,0xba,0xa2,0x9b,0xe8,0xeb,0x88,0x8f,0x89,0x8d,0x8d,0x7b,0x7b,0x8d,0x7f,0x8d,0x85,0x83,0x8f,0x8d,0x7d,0x7d,0x7d,0x7f,0x81,0xb4,0x85,0x84,0x85,0x81,0x80,0x7d,0x88,0x88,0x7d,0xce,0x80,0x8f,0x8f,0x7b,0x7d,0x80,0x80,0x88,0x7d,0x80,0x81,0x80,0xf9,0xec,0xae,0x9b,0x9b,0xa2,0x9b,0x4a,0x39,0x6a,0x9b,0x25,0x4a,0x05,0x06,0x00,0x00,0x00,0x00,0x00,0x00,0x00,0x00,0x00,0x00,0x00,0x00,0x00,0x00,0x00,0x00,0x00,0x00,0x00,0x00,0x00,0x00,0x00,0x00,0x00,0x00,0x00,0x00,0x00,0x00,0x00,
    0x00,0x00,0x00,0x00,0x00,0x00,0x00,0x00,0x00,0x00,0x00,0x00,0x00,0x00,0x00,0x00,0x00,0x00,0x00,0x00,0x00,0x00,0x00,0x00,0x00,0x00,0x00,0x00,0x00,0x00,0x00,0x00,0x00,0x00,0x00,0x00,0x00,0x00,0x00,0x00,0x00,0x02,0x00,0x00,0x02,0x75,0x52,0x03,0x00,0x63,0x25,0xae,0x9b,0x9b,0xab,0xba,0x5f,0x7d,0x7d,0x85,0x7b,0x7b,0x7b,0x7b,0x7b,0x83,0x85,0x8d,0x8d,0x7f,0x7d,0x7d,0x7d,0x7d,0x80,0xd2,0x81,0x7f,0x80,0x7d,0x7d,0x7d,0x80,0x7f,0x89,0xd2,0x80,0x7f,0x7f,0x7f,0x7d,0x88,0x85,0x88,0x80,0x80,0x7b,0x81,0xee,0xae,0xba,0xba,0xae,0x58,0x64,0x52,0x39,0x25,0x9b,0x4a,0x02,0x00,0x01,0x00,0x00,0x00,0x00,0x00,0x00,0x00,0x00,0x00,0x00,0x00,0x00,0x00,0x00,0x00,0x00,0x00,0x00,0x00,0x00,0x00,0x00,0x00,0x00,0x00,0x00,0x00,0x00,0x00,0x00,0x00,
    0x00,0x00,0x00,0x00,0x00,0x00,0x00,0x00,0x00,0x00,0x00,0x00,0x00,0x00,0x00,0x00,0x00,0x00,0x00,0x00,0x00,0x00,0x00,0x00,0x00,0x00,0x00,0x00,0x00,0x00,0x00,0x00,0x00,0x00,0x00,0x00,0x00,0x00,0x00,0x00,0x00,0x00,0x00,0x04,0x00,0x00,0x00,0x00,0x05,0x00,0x63,0x25,0x58,0x9b,0xba,0x9b,0xc9,0x5f,0x50,0x87,0x7b,0x7b,0x7b,0x7b,0x7b,0x89,0x84,0x8d,0x7d,0x7d,0x7d,0x7d,0x7d,0x7d,0x8f,0xe0,0x84,0x7f,0x7d,0x7d,0x7d,0x7d,0x7d,0x80,0x80,0xcd,0x8d,0x7d,0x7d,0x7d,0x80,0x84,0x86,0x81,0x7d,0x83,0x96,0x7f,0xe9,0x25,0x25,0x25,0x6a,0x4a,0x2c,0x00,0x39,0x6a,0x4a,0x52,0x00,0x04,0x00,0x00,0x00,0x00,0x00,0x00,0x00,0x00,0x00,0x00,0x00,0x00,0x00,0x00,0x00,0x00,0x00,0x00,0x00,0x00,0x00,0x00,0x00,0x00,0x00,0x00,0x00,0x00,0x00,0x00,0x00,0x00,
    0x00,0x00,0x00,0x00,0x00,0x00,0x00,0x00,0x00,0x00,0x00,0x00,0x00,0x00,0x00,0x00,0x00,0x00,0x00,0x00,0x00,0x00,0x00,0x00,0x00,0x00,0x00,0x00,0x00,0x00,0x00,0x00,0x00,0x00,0x00,0x00,0x00,0x00,0x00,0x00,0x00,0x00,0x00,0x00,0x00,0x01,0x04,0x00,0x00,0x05,0x00,0x63,0x64,0x64,0x60,0x64,0x64,0x63,0x0a,0x2f,0x83,0x8f,0x8f,0x8d,0x7b,0x80,0x88,0x83,0x7f,0x89,0x8d,0x7d,0x7d,0x81,0x96,0xcd,0x88,0x80,0x7d,0x7d,0x7d,0x7d,0x7d,0x80,0x88,0xcd,0x8f,0x7d,0x7d,0x7d,0x80,0x81,0x87,0x7d,0x7d,0x7d,0x7d,0x8d,0x21,0x32,0x49,0x39,0x39,0x52,0x00,0x05,0x52,0x39,0x52,0x00,0x04,0x00,0x00,0x00,0x00,0x00,0x00,0x00,0x00,0x00,0x00,0x00,0x00,0x00,0x00,0x00,0x00,0x00,0x00,0x00,0x00,0x00,0x00,0x00,0x00,0x00,0x00,0x00,0x00,0x00,0x00,0x00,0x00,0x00,
    0x00,0x00,0x00,0x00,0x00,0x00,0x00,0x00,0x00,0x00,0x00,0x00,0x00,0x00,0x00,0x00,0x00,0x00,0x00,0x00,0x00,0x00,0x00,0x00,0x00,0x00,0x00,0x00,0x00,0x00,0x00,0x00,0x00,0x00,0x00,0x00,0x00,0x00,0x00,0x00,0x00,0x00,0x00,0x00,0x00,0x00,0x00,0x00,0x00,0x00,0x02,0x00,0x52,0x07,0x3a,0x3a,0x52,0x00,0x16,0x1a,0x0f,0x28,0x8f,0x7b,0x7b,0x7d,0x81,0x83,0x7b,0x7b,0x7b,0x80,0x7d,0x81,0xb0,0xcd,0x85,0x7b,0x7f,0x7d,0x7d,0x7d,0x7d,0x7f,0x84,0xe0,0x96,0x88,0x80,0x7d,0x80,0x81,0x86,0x7f,0x7d,0x80,0x7f,0x83,0x7b,0x3e,0x07,0x00,0x01,0x00,0x02,0x00,0x00,0x00,0x00,0x02,0x00,0x00,0x00,0x00,0x00,0x00,0x00,0x00,0x00,0x00,0x00,0x00,0x00,0x00,0x00,0x00,0x00,0x00,0x00,0x00,0x00,0x00,0x00,0x00,0x00,0x00,0x00,0x00,0x00,0x00,0x00,0x00,0x00,0x00,
    0x00,0x00,0x00,0x00,0x00,0x00,0x00,0x00,0x00,0x00,0x00,0x00,0x00,0x00,0x00,0x00,0x00,0x00,0x00,0x00,0x00,0x00,0x00,0x00,0x00,0x00,0x00,0x00,0x00,0x00,0x00,0x00,0x00,0x00,0x00,0x00,0x00,0x00,0x00,0x00,0x00,0x00,0x00,0x00,0x00,0x00,0x00,0x00,0x00,0x00,0x00,0x04,0x00,0x00,0x02,0x00,0x01,0x01,0x00,0x03,0x40,0x35,0x2f,0x89,0x80,0x81,0x7f,0x83,0x7b,0x7b,0x7b,0x7b,0x7f,0x85,0xbf,0xd0,0x88,0x8f,0x8d,0x7d,0x7d,0x7d,0x7d,0x7f,0x87,0xcd,0xb0,0x88,0x80,0x7d,0x80,0x88,0x86,0x83,0x8d,0x7b,0x8f,0x96,0x96,0x42,0x40,0x03,0x01,0x02,0x00,0x00,0x00,0x00,0x02,0x00,0x00,0x00,0x00,0x00,0x00,0x00,0x00,0x00,0x00,0x00,0x00,0x00,0x00,0x00,0x00,0x00,0x00,0x00,0x00,0x00,0x00,0x00,0x00,0x00,0x00,0x00,0x00,0x00,0x00,0x00,0x00,0x00,0x00,0x00,
    0x00,0x00,0x00,0x00,0x00,0x00,0x00,0x00,0x00,0x00,0x00,0x00,0x00,0x00,0x00,0x00,0x00,0x00,0x00,0x00,0x00,0x00,0x00,0x00,0x00,0x00,0x00,0x00,0x00,0x00,0x00,0x00,0x00,0x00,0x00,0x00,0x00,0x00,0x00,0x00,0x00,0x00,0x00,0x00,0x00,0x00,0x00,0x00,0x00,0x00,0x00,0x00,0x04,0x04,0x03,0x03,0x04,0x00,0x00,0x00,0x00,0x0a,0x24,0x18,0x0c,0x21,0x8f,0x7b,0x7b,0x7b,0x7b,0x7b,0x8f,0x81,0xb4,0xca,0x85,0x8f,0x89,0x7d,0x7d,0x7d,0x7d,0x89,0x87,0xcd,0xbf,0x81,0x7b,0x89,0x80,0x7d,0x85,0x83,0x7b,0x7b,0x7b,0x89,0x7b,0x7b,0x18,0x03,0x03,0x00,0x00,0x00,0x00,0x00,0x00,0x00,0x00,0x00,0x00,0x00,0x00,0x00,0x00,0x00,0x00,0x00,0x00,0x00,0x00,0x00,0x00,0x00,0x00,0x00,0x00,0x00,0x00,0x00,0x00,0x00,0x00,0x00,0x00,0x00,0x00,0x00,0x00,0x00,0x00,0x00,
    0x00,0x00,0x00,0x00,0x00,0x00,0x00,0x00,0x00,0x00,0x00,0x00,0x00,0x00,0x00,0x00,0x00,0x00,0x00,0x00,0x00,0x00,0x00,0x00,0x00,0x00,0x00,0x00,0x00,0x00,0x00,0x00,0x00,0x00,0x00,0x00,0x00,0x00,0x00,0x00,0x00,0x00,0x00,0x00,0x00,0x00,0x00,0x00,0x00,0x00,0x00,0x00,0x00,0x00,0x00,0x00,0x00,0x00,0x00,0x00,0x04,0x00,0x00,0x24,0x23,0x28,0x96,0x7b,0x8d,0x89,0x89,0x7f,0x8d,0x88,0xbf,0x37,0x85,0x8f,0x7f,0x7d,0x7d,0x7d,0x7d,0x89,0x8c,0xd5,0xbb,0x7f,0x96,0x83,0x7b,0x83,0x88,0x83,0x89,0x7f,0x80,0x7d,0x08,0x7d,0x0f,0x00,0x04,0x00,0x00,0x00,0x00,0x00,0x00,0x00,0x00,0x00,0x00,0x00,0x00,0x00,0x00,0x00,0x00,0x00,0x00,0x00,0x00,0x00,0x00,0x00,0x00,0x00,0x00,0x00,0x00,0x00,0x00,0x00,0x00,0x00,0x00,0x00,0x00,0x00,0x00,0x00,0x00,0x00,
    0x00,0x00,0x00,0x00,0x00,0x00,0x00,0x00,0x00,0x00,0x00,0x00,0x00,0x00,0x00,0x00,0x00,0x00,0x00,0x00,0x00,0x00,0x00,0x00,0x00,0x00,0x00,0x00,0x00,0x00,0x00,0x00,0x00,0x00,0x00,0x00,0x00,0x00,0x00,0x00,0x00,0x00,0x00,0x00,0x00,0x00,0x00,0x00,0x00,0x00,0x00,0x00,0x00,0x00,0x00,0x00,0x00,0x00,0x00,0x00,0x00,0x03,0x04,0x07,0x2f,0x8f,0x8f,0x8d,0x80,0x7d,0x7d,0x7d,0x80,0x87,0xd5,0xe3,0x87,0x8d,0x80,0x7d,0x7d,0x7d,0x7d,0x89,0x86,0xe3,0x37,0x81,0x96,0x83,0x8d,0x8d,0x88,0x8d,0x7d,0x7d,0x7d,0x7d,0x08,0x80,0x3e,0x1a,0x03,0x01,0x00,0x00,0x00,0x00,0x00,0x00,0x00,0x00,0x00,0x00,0x00,0x00,0x00,0x00,0x00,0x00,0x00,0x00,0x00,0x00,0x00,0x00,0x00,0x00,0x00,0x00,0x00,0x00,0x00,0x00,0x00,0x00,0x00,0x00,0x00,0x00,0x00,0x00,0x00,0x00,
    0x00,0x00,0x00,0x00,0x00,0x00,0x00,0x00,0x00,0x00,0x00,0x00,0x00,0x00,0x00,0x00,0x00,0x00,0x00,0x00,0x00,0x00,0x00,0x00,0x00,0x00,0x00,0x00,0x00,0x00,0x00,0x00,0x00,0x00,0x00,0x00,0x00,0x00,0x00,0x00,0x00,0x00,0x00,0x00,0x00,0x00,0x00,0x00,0x00,0x00,0x00,0x00,0x00,0x00,0x00,0x00,0x00,0x00,0x00,0x00,0x00,0x03,0x00,0x49,0x3e,0x8f,0x96,0x8d,0x7b,0x7f,0x89,0x8d,0x7b,0x86,0xd0,0xf2,0x8c,0x7f,0x7d,0x7d,0x7d,0x80,0x7f,0x8f,0x86,0xca,0xfd,0x84,0x8f,0x89,0x7d,0x80,0x84,0x7d,0x7d,0x7d,0x7d,0x80,0x83,0x8d,0x28,0x32,0x0a,0x01,0x01,0x00,0x00,0x00,0x00,0x00,0x00,0x00,0x00,0x00,0x00,0x00,0x00,0x00,0x00,0x00,0x00,0x00,0x00,0x00,0x00,0x00,0x00,0x00,0x00,0x00,0x00,0x00,0x00,0x00,0x00,0x00,0x00,0x00,0x00,0x00,0x00,0x00,0x00,0x00,
    0x00,0x00,0x00,0x00,0x00,0x00,0x00,0x00,0x00,0x00,0x00,0x00,0x00,0x00,0x00,0x00,0x00,0x00,0x00,0x00,0x00,0x00,0x00,0x00,0x00,0x00,0x00,0x00,0x00,0x00,0x00,0x00,0x00,0x00,0x00,0x00,0x00,0x00,0x00,0x00,0x00,0x00,0x00,0x00,0x00,0x00,0x00,0x00,0x00,0x00,0x00,0x00,0x00,0x00,0x00,0x00,0x00,0x00,0x00,0x00,0x00,0x01,0x00,0x07,0x0c,0x7f,0x8f,0x7b,0x7b,0x83,0x8f,0x96,0x96,0x80,0xb0,0xce,0x85,0x89,0x89,0x8d,0x8d,0x7b,0x83,0x8f,0x81,0xce,0xb4,0x81,0x8f,0x8d,0x7d,0x7f,0x86,0x81,0x80,0x7d,0x80,0x7f,0x89,0x89,0x83,0x2d,0x18,0x04,0x03,0x00,0x00,0x00,0x00,0x00,0x00,0x00,0x00,0x00,0x00,0x00,0x00,0x00,0x00,0x00,0x00,0x00,0x00,0x00,0x00,0x00,0x00,0x00,0x00,0x00,0x00,0x00,0x00,0x00,0x00,0x00,0x00,0x00,0x00,0x00,0x00,0x00,0x00,0x00,
    0x00,0x00,0x00,0x00,0x00,0x00,0x00,0x00,0x00,0x00,0x00,0x00,0x00,0x00,0x00,0x00,0x00,0x00,0x00,0x00,0x00,0x00,0x00,0x00,0x00,0x00,0x00,0x00,0x00,0x00,0x00,0x00,0x00,0x00,0x00,0x00,0x00,0x00,0x00,0x00,0x00,0x00,0x00,0x00,0x00,0x00,0x00,0x00,0x00,0x00,0x00,0x00,0x00,0x00,0x00,0x00,0x00,0x00,0x00,0x00,0x00,0x00,0x00,0x00,0x42,0x89,0x83,0x7b,0x7b,0x7b,0x7b,0x83,0x8f,0x8f,0x7f,0x7d,0x89,0x7b,0x7b,0x7b,0x7b,0x7b,0x7b,0x7b,0x8d,0x7f,0x7f,0x89,0x7b,0x7f,0x7d,0x7f,0x86,0x80,0x83,0x8d,0x8d,0x7f,0x7d,0x7d,0x83,0x8f,0x0f,0x03,0x03,0x00,0x00,0x00,0x00,0x00,0x00,0x00,0x00,0x00,0x00,0x00,0x00,0x00,0x00,0x00,0x00,0x00,0x00,0x00,0x00,0x00,0x00,0x00,0x00,0x00,0x00,0x00,0x00,0x00,0x00,0x00,0x00,0x00,0x00,0x00,0x00,0x00,0x00,0x00,
    0x00,0x00,0x00,0x00,0x00,0x00,0x00,0x00,0x00,0x00,0x00,0x00,0x00,0x00,0x00,0x00,0x00,0x00,0x00,0x00,0x00,0x00,0x00,0x00,0x00,0x00,0x00,0x00,0x00,0x00,0x00,0x00,0x00,0x00,0x00,0x00,0x00,0x00,0x00,0x00,0x00,0x00,0x00,0x00,0x00,0x00,0x00,0x00,0x00,0x00,0x00,0x00,0x00,0x00,0x00,0x00,0x00,0x00,0x00,0x00,0x00,0x00,0x00,0x04,0x0c,0x8f,0x83,0x7b,0x8f,0x83,0x7b,0x7b,0x83,0x8f,0x7b,0x7b,0x7b,0x7b,0x7b,0x7b,0x7b,0x7b,0x7b,0x7b,0x7b,0x7b,0x7b,0x7b,0x89,0x7d,0x7d,0x7f,0x85,0x80,0x8d,0x89,0x7f,0x89,0x8d,0x83,0x96,0x7b,0x2f,0x0a,0x00,0x01,0x00,0x00,0x00,0x00,0x00,0x00,0x00,0x00,0x00,0x00,0x00,0x00,0x00,0x00,0x00,0x00,0x00,0x00,0x00,0x00,0x00,0x00,0x00,0x00,0x00,0x00,0x00,0x00,0x00,0x00,0x00,0x00,0x00,0x00,0x00,0x00,0x00,0x00,
    0x00,0x00,0x00,0x00,0x00,0x00,0x00,0x00,0x00,0x00,0x00,0x00,0x00,0x00,0x00,0x00,0x00,0x00,0x00,0x00,0x00,0x00,0x00,0x00,0x00,0x00,0x00,0x00,0x00,0x00,0x00,0x00,0x00,0x00,0x00,0x00,0x00,0x00,0x00,0x00,0x00,0x00,0x00,0x00,0x00,0x00,0x00,0x00,0x00,0x00,0x00,0x00,0x00,0x00,0x00,0x00,0x00,0x00,0x00,0x00,0x00,0x00,0x00,0x00,0x0c,0x8f,0x8f,0x8f,0x8f,0x7b,0x7b,0x7b,0x7b,0x7b,0x7b,0x7b,0x7b,0x7b,0x7b,0x7b,0x7b,0x7b,0x7b,0x7b,0x7b,0x7b,0x7b,0x7b,0x7b,0x7f,0x7d,0x7f,0x85,0x85,0x80,0x7d,0x7d,0x89,0x7b,0x8f,0x94,0x96,0x8f,0x32,0x07,0x04,0x04,0x00,0x00,0x00,0x00,0x00,0x00,0x00,0x00,0x00,0x00,0x00,0x00,0x00,0x00,0x00,0x00,0x00,0x00,0x00,0x00,0x00,0x00,0x00,0x00,0x00,0x00,0x00,0x00,0x00,0x00,0x00,0x00,0x00,0x00,0x00,0x00,0x00,
    0x00,0x00,0x00,0x00,0x00,0x00,0x00,0x00,0x00,0x00,0x00,0x00,0x00,0x00,0x00,0x00,0x00,0x00,0x00,0x00,0x00,0x00,0x00,0x00,0x00,0x00,0x00,0x00,0x00,0x00,0x00,0x00,0x00,0x00,0x00,0x00,0x00,0x00,0x00,0x00,0x00,0x00,0x00,0x00,0x00,0x00,0x00,0x00,0x00,0x00,0x00,0x00,0x00,0x00,0x00,0x00,0x00,0x00,0x00,0x00,0x00,0x00,0x00,0x00,0x0c,0x8f,0x7b,0x7b,0x7b,0x7b,0x7b,0x7b,0x7b,0x7b,0x7b,0x7b,0x7b,0x7b,0x7b,0x7b,0x7b,0x7b,0x7b,0x7b,0x7b,0x7b,0x7b,0x7b,0x7b,0x8d,0x7d,0x80,0x85,0x84,0x7f,0x80,0x7d,0x7d,0x89,0x7b,0x8f,0x8f,0x8f,0x28,0x35,0x00,0x04,0x00,0x00,0x00,0x00,0x00,0x00,0x00,0x00,0x00,0x00,0x00,0x00,0x00,0x00,0x00,0x00,0x00,0x00,0x00,0x00,0x00,0x00,0x00,0x00,0x00,0x00,0x00,0x00,0x00,0x00,0x00,0x00,0x00,0x00,0x00,0x00,0x00,
    0x00,0x00,0x00,0x00,0x00,0x00,0x00,0x00,0x00,0x00,0x00,0x00,0x00,0x00,0x00,0x00,0x00,0x00,0x00,0x00,0x00,0x00,0x00,0x00,0x00,0x00,0x00,0x00,0x00,0x00,0x00,0x00,0x00,0x00,0x00,0x00,0x00,0x00,0x00,0x00,0x00,0x00,0x00,0x00,0x00,0x00,0x00,0x00,0x00,0x00,0x00,0x00,0x00,0x00,0x00,0x00,0x00,0x00,0x00,0x00,0x00,0x01,0x00,0x0a,0x2d,0x8f,0x7b,0x7b,0x7b,0x7b,0x7b,0x7b,0x7b,0x7b,0x7b,0x7b,0x7b,0x7b,0x7b,0x7b,0x7b,0x7b,0x7b,0x7b,0x7b,0x7b,0x7b,0x7b,0x7b,0x7b,0x89,0x80,0x81,0x84,0x89,0x8d,0x8d,0x89,0x8d,0x7b,0x7b,0x7b,0x83,0x8f,0x0f,0x07,0x04,0x04,0x00,0x00,0x00,0x00,0x00,0x00,0x00,0x00,0x00,0x00,0x00,0x00,0x00,0x00,0x00,0x00,0x00,0x00,0x00,0x00,0x00,0x00,0x00,0x00,0x00,0x00,0x00,0x00,0x00,0x00,0x00,0x00,0x00,0x00,0x00,0x00,
    0x00,0x00,0x00,0x00,0x00,0x00,0x00,0x00,0x00,0x00,0x00,0x00,0x00,0x00,0x00,0x00,0x00,0x00,0x00,0x00,0x00,0x00,0x00,0x00,0x00,0x00,0x00,0x00,0x00,0x00,0x00,0x00,0x00,0x00,0x00,0x00,0x00,0x00,0x00,0x00,0x00,0x00,0x00,0x00,0x00,0x00,0x00,0x00,0x00,0x00,0x00,0x00,0x00,0x00,0x00,0x00,0x00,0x00,0x00,0x00,0x00,0x03,0x00,0x07,0x7b,0x8f,0x7b,0x7b,0x7b,0x7b,0x7b,0x7b,0x7b,0x7b,0x7b,0x7b,0x7b,0x7b,0x7b,0x7b,0x7b,0x7b,0x7b,0x7b,0x7b,0x7b,0x7b,0x7b,0x7b,0x7b,0x8d,0x80,0x7f,0x86,0x80,0x7b,0x7b,0x7b,0x8d,0x8d,0x89,0x8d,0x89,0x08,0x89,0x49,0x00,0x03,0x00,0x00,0x00,0x00,0x00,0x00,0x00,0x00,0x00,0x00,0x00,0x00,0x00,0x00,0x00,0x00,0x00,0x00,0x00,0x00,0x00,0x00,0x00,0x00,0x00,0x00,0x00,0x00,0x00,0x00,0x00,0x00,0x00,0x00,0x00,0x00,
    0x00,0x00,0x00,0x00,0x00,0x00,0x00,0x00,0x00,0x00,0x00,0x00,0x00,0x00,0x00,0x00,0x00,0x00,0x00,0x00,0x00,0x00,0x00,0x00,0x00,0x00,0x00,0x00,0x00,0x00,0x00,0x00,0x00,0x00,0x00,0x00,0x00,0x00,0x00,0x00,0x00,0x00,0x00,0x00,0x00,0x00,0x00,0x00,0x00,0x00,0x00,0x00,0x00,0x00,0x00,0x00,0x00,0x00,0x00,0x00,0x00,0x03,0x01,0x35,0x7d,0x8f,0x7b,0x7b,0x7b,0x7b,0x7b,0x7b,0x7b,0x7b,0x7b,0x7b,0x7b,0x7b,0x7b,0x7b,0x7b,0x7b,0x7b,0x7b,0x7b,0x7b,0x7b,0x7b,0x8d,0x8d,0x7f,0x7d,0x7f,0x84,0x81,0x83,0x89,0x7f,0x80,0x7f,0x89,0x7b,0x8d,0x08,0x7d,0x23,0x0a,0x04,0x04,0x00,0x00,0x00,0x00,0x00,0x00,0x00,0x00,0x00,0x00,0x00,0x00,0x00,0x00,0x00,0x00,0x00,0x00,0x00,0x00,0x00,0x00,0x00,0x00,0x00,0x00,0x00,0x00,0x00,0x00,0x00,0x00,0x00,0x00,0x00,
    0x00,0x00,0x00,0x00,0x00,0x00,0x00,0x00,0x00,0x00,0x00,0x00,0x00,0x00,0x00,0x00,0x00,0x00,0x00,0x00,0x00,0x00,0x00,0x00,0x00,0x00,0x00,0x00,0x00,0x00,0x00,0x00,0x00,0x00,0x00,0x00,0x00,0x00,0x00,0x00,0x00,0x00,0x00,0x00,0x00,0x00,0x00,0x00,0x00,0x00,0x00,0x00,0x00,0x00,0x00,0x00,0x00,0x00,0x00,0x00,0x04,0x00,0x36,0x0d,0x8f,0x83,0x7b,0x7b,0x7b,0x7b,0x7b,0x7b,0x7b,0x7b,0x7b,0x7b,0x7b,0x7b,0x7b,0x7b,0x7b,0x7b,0x7b,0x7b,0x7b,0x7b,0x7b,0x7b,0x7b,0x7b,0x7b,0x80,0x80,0x88,0x85,0x7b,0x7b,0x7b,0x8d,0x7b,0x8d,0x7b,0x7b,0x83,0x8d,0x28,0x32,0x00,0x01,0x00,0x00,0x00,0x00,0x00,0x00,0x00,0x00,0x00,0x00,0x00,0x00,0x00,0x00,0x00,0x00,0x00,0x00,0x00,0x00,0x00,0x00,0x00,0x00,0x00,0x00,0x00,0x00,0x00,0x00,0x00,0x00,0x00,0x00,0x00,
    0x00,0x00,0x00,0x00,0x00,0x00,0x00,0x00,0x00,0x00,0x00,0x00,0x00,0x00,0x00,0x00,0x00,0x00,0x00,0x00,0x00,0x00,0x00,0x00,0x00,0x00,0x00,0x00,0x00,0x00,0x00,0x00,0x00,0x00,0x00,0x00,0x00,0x00,0x00,0x00,0x00,0x00,0x00,0x00,0x00,0x00,0x00,0x00,0x00,0x00,0x00,0x00,0x00,0x00,0x00,0x00,0x00,0x00,0x00,0x04,0x00,0x07,0x0f,0x83,0x96,0x8f,0x7b,0x7b,0x7b,0x7b,0x7b,0x7b,0x7b,0x7b,0x7b,0x7b,0x7b,0x7b,0x7b,0x7b,0x7b,0x7b,0x7b,0x7b,0x7b,0x7b,0x7b,0x7b,0x7b,0x7b,0x7b,0x80,0x7d,0x7d,0x86,0x89,0x7b,0x7b,0x7b,0x7b,0x7b,0x7b,0x7b,0x8f,0x83,0x83,0x23,0x0a,0x00,0x04,0x00,0x00,0x00,0x00,0x00,0x00,0x00,0x00,0x00,0x00,0x00,0x00,0x00,0x00,0x00,0x00,0x00,0x00,0x00,0x00,0x00,0x00,0x00,0x00,0x00,0x00,0x00,0x00,0x00,0x00,0x00,0x00,0x00,0x00,
    0x00,0x00,0x00,0x00,0x00,0x00,0x00,0x00,0x00,0x00,0x00,0x00,0x00,0x00,0x00,0x00,0x00,0x00,0x00,0x00,0x00,0x00,0x00,0x00,0x00,0x00,0x00,0x00,0x00,0x00,0x00,0x00,0x00,0x00,0x00,0x00,0x00,0x00,0x00,0x00,0x00,0x00,0x00,0x00,0x00,0x00,0x00,0x00,0x00,0x00,0x00,0x00,0x00,0x00,0x00,0x00,0x00,0x00,0x00,0x03,0x01,0x1a,0x2d,0x61,0x96,0x83,0x7b,0x7b,0x7b,0x7b,0x7b,0x7b,0x7b,0x7b,0x7b,0x7b,0x7b,0x7b,0x7b,0x7b,0x7b,0x7b,0x7b,0x7b,0x7b,0x7b,0x7b,0x7b,0x7b,0x7b,0x8d,0x7b,0x8d,0x7b,0x84,0x80,0x83,0x7b,0x7b,0x7b,0x7b,0x7b,0x7b,0x83,0x8f,0x8f,0x2d,0x24,0x00,0x03,0x00,0x00,0x00,0x00,0x00,0x00,0x00,0x00,0x00,0x00,0x00,0x00,0x00,0x00,0x00,0x00,0x00,0x00,0x00,0x00,0x00,0x00,0x00,0x00,0x00,0x00,0x00,0x00,0x00,0x00,0x00,0x00,0x00,0x00,
    0x00,0x00,0x00,0x00,0x00,0x00,0x00,0x00,0x00,0x00,0x00,0x00,0x00,0x00,0x00,0x00,0x00,0x00,0x00,0x00,0x00,0x00,0x00,0x00,0x00,0x00,0x00,0x00,0x00,0x00,0x00,0x00,0x00,0x00,0x00,0x00,0x00,0x00,0x00,0x00,0x00,0x00,0x00,0x00,0x00,0x00,0x00,0x00,0x00,0x00,0x00,0x00,0x00,0x00,0x00,0x00,0x00,0x00,0x00,0x04,0x00,0x18,0x2d,0x96,0x8f,0x7b,0x7b,0x7b,0x7b,0x7b,0x7b,0x7b,0x7b,0x7b,0x7b,0x7b,0x7b,0x7b,0x7b,0x7b,0x7b,0x7b,0x7b,0x7b,0x7b,0x7b,0x7b,0x7b,0x7b,0x7b,0x7b,0x7b,0x8d,0x8f,0x81,0x81,0x83,0x7b,0x7b,0x7b,0x7b,0x7b,0x7b,0x7b,0x8d,0x89,0x08,0x40,0x00,0x03,0x00,0x00,0x00,0x00,0x00,0x00,0x00,0x00,0x00,0x00,0x00,0x00,0x00,0x00,0x00,0x00,0x00,0x00,0x00,0x00,0x00,0x00,0x00,0x00,0x00,0x00,0x00,0x00,0x00,0x00,0x00,0x00,0x00,0x00,
    0x00,0x00,0x00,0x00,0x00,0x00,0x00,0x00,0x00,0x00,0x00,0x00,0x00,0x00,0x00,0x00,0x00,0x00,0x00,0x00,0x00,0x00,0x00,0x00,0x00,0x00,0x00,0x00,0x00,0x00,0x00,0x00,0x00,0x00,0x00,0x00,0x00,0x00,0x00,0x00,0x00,0x00,0x00,0x00,0x00,0x00,0x00,0x00,0x00,0x00,0x00,0x00,0x00,0x00,0x00,0x00,0x00,0x00,0x03,0x00,0x1a,0x42,0x8f,0x8f,0x7b,0x7b,0x7b,0x7b,0x7b,0x7b,0x7b,0x7b,0x7b,0x7b,0x7b,0x7b,0x7b,0x7b,0x7b,0x7b,0x7b,0x7b,0x7b,0x7b,0x7b,0x7b,0x7b,0x7b,0x7b,0x7b,0x7b,0x7b,0x7b,0x7b,0x89,0x85,0x83,0x7b,0x7b,0x7b,0x7b,0x7b,0x7b,0x7b,0x7f,0x08,0x80,0x35,0x00,0x03,0x00,0x00,0x00,0x00,0x00,0x00,0x00,0x00,0x00,0x00,0x00,0x00,0x00,0x00,0x00,0x00,0x00,0x00,0x00,0x00,0x00,0x00,0x00,0x00,0x00,0x00,0x00,0x00,0x00,0x00,0x00,0x00,0x00,0x00,
    0x00,0x00,0x00,0x00,0x00,0x00,0x00,0x00,0x00,0x00,0x00,0x00,0x00,0x00,0x00,0x00,0x00,0x00,0x00,0x00,0x00,0x00,0x00,0x00,0x00,0x00,0x00,0x00,0x00,0x00,0x00,0x00,0x00,0x00,0x00,0x00,0x00,0x00,0x00,0x00,0x00,0x00,0x00,0x00,0x00,0x00,0x00,0x00,0x00,0x00,0x00,0x00,0x00,0x00,0x00,0x00,0x00,0x00,0x04,0x16,0x18,0x28,0x8f,0x83,0x7b,0x7b,0x7b,0x7b,0x7b,0x7b,0x7b,0x7b,0x7b,0x7b,0x7b,0x7b,0x7b,0x7b,0x7b,0x7b,0x7b,0x7b,0x7b,0x7b,0x7b,0x7b,0x7b,0x7b,0x7b,0x7b,0x7b,0x7b,0x7b,0x7b,0x83,0x85,0x7f,0x83,0x83,0x7b,0x7b,0x7b,0x7b,0x7b,0x7f,0x08,0x80,0x32,0x00,0x03,0x00,0x00,0x00,0x00,0x00,0x00,0x00,0x00,0x00,0x00,0x00,0x00,0x00,0x00,0x00,0x00,0x00,0x00,0x00,0x00,0x00,0x00,0x00,0x00,0x00,0x00,0x00,0x00,0x00,0x00,0x00,0x00,0x00,0x00,
    0x00,0x00,0x00,0x00,0x00,0x00,0x00,0x00,0x00,0x00,0x00,0x00,0x00,0x00,0x00,0x00,0x00,0x00,0x00,0x00,0x00,0x00,0x00,0x00,0x00,0x00,0x00,0x00,0x00,0x00,0x00,0x00,0x00,0x00,0x00,0x00,0x00,0x00,0x00,0x00,0x00,0x00,0x00,0x00,0x00,0x00,0x00,0x00,0x00,0x00,0x00,0x00,0x00,0x00,0x00,0x00,0x00,0x01,0x00,0x0a,0x18,0x2d,0x8f,0x83,0x7b,0x7b,0x7b,0x7b,0x7b,0x7b,0x7b,0x7b,0x7b,0x7b,0x7b,0x8d,0x7b,0x7b,0x7b,0x7b,0x7b,0x7b,0x7b,0x7b,0x7b,0x7b,0x7b,0x7b,0x7b,0x7b,0x7b,0x7b,0x7b,0x7b,0x8f,0x80,0x88,0x83,0x7b,0x7b,0x7b,0x8d,0x7f,0x80,0x7d,0x08,0x7b,0x32,0x00,0x03,0x00,0x00,0x00,0x00,0x00,0x00,0x00,0x00,0x00,0x00,0x00,0x00,0x00,0x00,0x00,0x00,0x00,0x00,0x00,0x00,0x00,0x00,0x00,0x00,0x00,0x00,0x00,0x00,0x00,0x00,0x00,0x00,0x00,0x00,
    0x00,0x00,0x00,0x00,0x00,0x00,0x00,0x00,0x00,0x00,0x00,0x00,0x00,0x00,0x00,0x00,0x00,0x00,0x00,0x00,0x00,0x00,0x00,0x00,0x00,0x00,0x00,0x00,0x00,0x00,0x00,0x00,0x00,0x00,0x00,0x00,0x00,0x00,0x00,0x00,0x00,0x00,0x00,0x00,0x00,0x00,0x00,0x00,0x00,0x00,0x00,0x00,0x00,0x00,0x00,0x00,0x00,0x03,0x00,0x07,0x42,0x8f,0x83,0x83,0x7b,0x7b,0x7b,0x7b,0x7b,0x7b,0x7b,0x7b,0x7b,0x7b,0x8d,0x7b,0x7b,0x7b,0x7b,0x7b,0x7b,0x7b,0x7b,0x7b,0x7b,0x7b,0x7b,0x7b,0x7b,0x7b,0x7b,0x7b,0x7b,0x7b,0x83,0x7b,0x85,0x7b,0x7b,0x7b,0x7b,0x7f,0x7d,0x7d,0x80,0x08,0x81,0x35,0x02,0x03,0x00,0x00,0x00,0x00,0x00,0x00,0x00,0x00,0x00,0x00,0x00,0x00,0x00,0x00,0x00,0x00,0x00,0x00,0x00,0x00,0x00,0x00,0x00,0x00,0x00,0x00,0x00,0x00,0x00,0x00,0x00,0x00,0x00,0x00,
    0x00,0x00,0x00,0x00,0x00,0x00,0x00,0x00,0x00,0x00,0x00,0x00,0x00,0x00,0x00,0x00,0x00,0x00,0x00,0x00,0x00,0x00,0x00,0x00,0x00,0x00,0x00,0x00,0x00,0x00,0x00,0x00,0x00,0x00,0x00,0x00,0x00,0x00,0x00,0x00,0x00,0x00,0x00,0x00,0x00,0x00,0x00,0x00,0x00,0x00,0x00,0x00,0x00,0x00,0x00,0x00,0x00,0x03,0x00,0x36,0x2d,0x96,0x8f,0x83,0x7b,0x7b,0x7b,0x7b,0x7b,0x7b,0x7b,0x7b,0x7b,0x7b,0x89,0x7b,0x7b,0x7b,0x7b,0x7b,0x7b,0x7b,0x7b,0x7b,0x7b,0x7b,0x7b,0x7b,0x7b,0x7b,0x7b,0x7b,0x7b,0x89,0x89,0x83,0x85,0x80,0x83,0x7b,0x7b,0x83,0x83,0x7d,0x84,0x50,0x86,0x35,0x00,0x03,0x00,0x00,0x00,0x00,0x00,0x00,0x00,0x00,0x00,0x00,0x00,0x00,0x00,0x00,0x00,0x00,0x00,0x00,0x00,0x00,0x00,0x00,0x00,0x00,0x00,0x00,0x00,0x00,0x00,0x00,0x00,0x00,0x00,0x00,
    0x00,0x00,0x00,0x00,0x00,0x00,0x00,0x00,0x00,0x00,0x00,0x00,0x00,0x00,0x00,0x00,0x00,0x00,0x00,0x00,0x00,0x00,0x00,0x00,0x00,0x00,0x00,0x00,0x00,0x00,0x00,0x00,0x00,0x00,0x00,0x00,0x00,0x00,0x00,0x00,0x00,0x00,0x00,0x00,0x00,0x00,0x00,0x00,0x00,0x00,0x00,0x00,0x00,0x00,0x00,0x00,0x00,0x00,0x01,0x36,0x2d,0x96,0x96,0x8f,0x7b,0x7b,0x7b,0x7b,0x7b,0x7b,0x7b,0x7b,0x7b,0x7b,0x8d,0x7b,0x7b,0x7b,0x7b,0x7b,0x7b,0x7b,0x7b,0x7b,0x7b,0x7b,0x7b,0x7b,0x7b,0x7b,0x7b,0x7b,0x7b,0x8d,0x8d,0x8f,0x81,0x81,0x8f,0x89,0x7d,0x83,0x88,0x86,0x85,0x88,0x8d,0x68,0x0a,0x06,0x01,0x00,0x00,0x00,0x00,0x00,0x00,0x00,0x00,0x00,0x00,0x00,0x00,0x00,0x00,0x00,0x00,0x00,0x00,0x00,0x00,0x00,0x00,0x00,0x00,0x00,0x00,0x00,0x00,0x00,0x00,0x00,0x00,0x00,
    0x00,0x00,0x00,0x00,0x00,0x00,0x00,0x00,0x00,0x00,0x00,0x00,0x00,0x00,0x00,0x00,0x00,0x00,0x00,0x00,0x00,0x00,0x00,0x00,0x00,0x00,0x00,0x00,0x00,0x00,0x00,0x00,0x00,0x00,0x00,0x00,0x00,0x00,0x00,0x00,0x00,0x00,0x00,0x00,0x00,0x00,0x00,0x00,0x00,0x00,0x00,0x00,0x00,0x00,0x00,0x00,0x00,0x00,0x01,0x49,0x2d,0x96,0x7b,0x7b,0x7b,0x7b,0x7b,0x7b,0x7b,0x7b,0x7b,0x7b,0x7b,0x7b,0x7b,0x7b,0x7b,0x7b,0x7b,0x7b,0x7b,0x7b,0x7b,0x7b,0x7b,0x7b,0x7b,0x7b,0x7b,0x8d,0x89,0x7b,0x7b,0x7b,0x7b,0x83,0x7f,0x88,0x8f,0x87,0x86,0x84,0x84,0x81,0x81,0x89,0x88,0xc3,0x5a,0x00,0x02,0x00,0x00,0x00,0x00,0x00,0x00,0x00,0x00,0x00,0x00,0x00,0x00,0x00,0x00,0x00,0x00,0x00,0x00,0x00,0x00,0x00,0x00,0x00,0x00,0x00,0x00,0x00,0x00,0x00,0x00,0x00,0x00,0x00,
    0x00,0x00,0x00,0x00,0x00,0x00,0x00,0x00,0x00,0x00,0x00,0x00,0x00,0x00,0x00,0x00,0x00,0x00,0x00,0x00,0x00,0x00,0x00,0x00,0x00,0x00,0x00,0x00,0x00,0x00,0x00,0x00,0x00,0x00,0x00,0x00,0x00,0x00,0x00,0x00,0x00,0x00,0x00,0x00,0x00,0x00,0x00,0x00,0x00,0x00,0x00,0x00,0x00,0x00,0x00,0x00,0x00,0x04,0x00,0x18,0x3e,0x96,0x8f,0x83,0x8f,0x7b,0x83,0x7b,0x8d,0x7b,0x83,0x83,0x8d,0x7b,0x7b,0x7b,0x7b,0x83,0x83,0x7b,0x7b,0x7b,0x7b,0x7b,0x7b,0x7b,0x7b,0x8d,0x7b,0x7f,0x7d,0x8d,0x7b,0x7b,0x7b,0x7b,0x7f,0x81,0x88,0x87,0x88,0x7f,0x80,0x81,0x7f,0x85,0x96,0x09,0x1b,0x26,0x00,0x05,0x00,0x00,0x00,0x00,0x00,0x00,0x00,0x00,0x00,0x00,0x00,0x00,0x00,0x00,0x00,0x00,0x00,0x00,0x00,0x00,0x00,0x00,0x00,0x00,0x00,0x00,0x00,0x00,0x00,0x00,0x00,0x00,
    0x00,0x00,0x00,0x00,0x00,0x00,0x00,0x00,0x00,0x00,0x00,0x00,0x00,0x00,0x00,0x00,0x00,0x00,0x00,0x00,0x00,0x00,0x00,0x00,0x00,0x00,0x00,0x00,0x00,0x00,0x00,0x00,0x00,0x00,0x00,0x00,0x00,0x00,0x00,0x00,0x00,0x00,0x00,0x00,0x00,0x00,0x00,0x00,0x00,0x00,0x00,0x00,0x00,0x00,0x00,0x00,0x00,0x03,0x00,0x40,0x3e,0x8f,0x83,0x83,0x83,0x8d,0x89,0x89,0x7f,0x7d,0x81,0x7d,0x7f,0x83,0x8f,0x83,0x7b,0x7b,0x7b,0x7b,0x7b,0x7b,0x7b,0x8d,0x89,0x8d,0x7f,0x89,0x89,0x80,0x7f,0x8d,0x83,0x8f,0x83,0x7b,0x89,0x86,0x85,0x80,0x7f,0x8f,0x83,0x96,0x88,0x8d,0xaf,0x91,0x09,0x13,0x43,0x04,0x00,0x00,0x00,0x00,0x00,0x00,0x00,0x00,0x00,0x00,0x00,0x00,0x00,0x00,0x00,0x00,0x00,0x00,0x00,0x00,0x00,0x00,0x00,0x00,0x00,0x00,0x00,0x00,0x00,0x00,0x00,0x00,
    0x00,0x00,0x00,0x00,0x00,0x00,0x00,0x00,0x00,0x00,0x00,0x00,0x00,0x00,0x00,0x00,0x00,0x00,0x00,0x00,0x00,0x00,0x00,0x00,0x00,0x00,0x00,0x00,0x00,0x00,0x00,0x00,0x00,0x00,0x00,0x00,0x00,0x00,0x00,0x00,0x00,0x00,0x00,0x00,0x00,0x00,0x00,0x00,0x00,0x00,0x00,0x00,0x00,0x00,0x00,0x00,0x00,0x01,0x00,0x16,0x35,0x0d,0x7f,0x80,0x80,0x81,0x88,0x84,0x84,0x86,0x87,0x8c,0x87,0x85,0x80,0x80,0x89,0x80,0x7f,0x8d,0x7b,0x7b,0x7b,0x89,0x7f,0x80,0x7d,0x80,0x80,0x81,0x88,0x88,0x88,0x81,0x89,0x89,0x80,0x87,0x80,0x7d,0x7d,0x7f,0x8f,0x8c,0x94,0xa3,0x97,0xaf,0x0b,0x3f,0x15,0x00,0x05,0x00,0x00,0x00,0x00,0x00,0x00,0x00,0x00,0x00,0x00,0x00,0x00,0x00,0x00,0x00,0x00,0x00,0x00,0x00,0x00,0x00,0x00,0x00,0x00,0x00,0x00,0x00,0x00,0x00,0x00,0x00,
    0x00,0x00,0x00,0x00,0x00,0x00,0x00,0x00,0x00,0x00,0x00,0x00,0x00,0x00,0x00,0x00,0x00,0x00,0x00,0x00,0x00,0x00,0x00,0x00,0x00,0x00,0x00,0x00,0x00,0x00,0x00,0x00,0x00,0x00,0x00,0x00,0x00,0x00,0x00,0x00,0x00,0x00,0x00,0x00,0x00,0x00,0x00,0x00,0x00,0x00,0x00,0x00,0x00,0x00,0x00,0x00,0x00,0x00,0x00,0x00,0x04,0x0c,0x7b,0x7d,0x85,0x85,0x88,0x88,0x85,0x88,0x88,0x88,0x88,0x81,0x7d,0x7d,0x88,0x84,0x86,0x84,0x84,0x84,0x84,0x84,0x85,0x86,0x86,0x86,0x86,0x86,0x86,0x84,0x81,0x84,0x84,0x81,0x7d,0x85,0x7d,0x7d,0x21,0x86,0x9a,0xd5,0xc2,0x97,0xa6,0xc0,0xbc,0x3c,0x2c,0x00,0x04,0x00,0x00,0x00,0x00,0x00,0x00,0x00,0x00,0x00,0x00,0x00,0x00,0x00,0x00,0x00,0x00,0x00,0x00,0x00,0x00,0x00,0x00,0x00,0x00,0x00,0x00,0x00,0x00,0x00,0x00,0x00,
    0x00,0x00,0x00,0x00,0x00,0x00,0x00,0x00,0x00,0x00,0x00,0x00,0x00,0x00,0x00,0x00,0x00,0x00,0x00,0x00,0x00,0x00,0x00,0x00,0x00,0x00,0x00,0x00,0x00,0x00,0x00,0x00,0x00,0x00,0x00,0x00,0x00,0x00,0x00,0x00,0x00,0x00,0x00,0x00,0x00,0x00,0x00,0x00,0x00,0x00,0x00,0x00,0x00,0x00,0x00,0x00,0x00,0x00,0x00,0x03,0x00,0x32,0x7d,0x21,0x7f,0x8d,0x89,0x80,0x80,0x80,0x80,0x80,0x7f,0x8d,0x83,0x7b,0x89,0x8d,0x7f,0x88,0x85,0x85,0x84,0x85,0x85,0x88,0x7d,0x81,0x81,0x7d,0x80,0x80,0x7f,0x7f,0x7d,0x85,0x85,0x81,0x96,0x8d,0x7d,0xbb,0x20,0xc7,0x90,0x90,0x90,0x9c,0xc0,0x4f,0x43,0x00,0x00,0x00,0x00,0x00,0x00,0x00,0x00,0x00,0x00,0x00,0x00,0x00,0x00,0x00,0x00,0x00,0x00,0x00,0x00,0x00,0x00,0x00,0x00,0x00,0x00,0x00,0x00,0x00,0x00,0x00,0x00,0x00,
    0x00,0x00,0x00,0x00,0x00,0x00,0x00,0x00,0x00,0x00,0x00,0x00,0x00,0x00,0x00,0x00,0x00,0x00,0x00,0x00,0x00,0x00,0x00,0x00,0x00,0x00,0x00,0x00,0x00,0x00,0x00,0x00,0x00,0x00,0x00,0x00,0x00,0x00,0x00,0x00,0x00,0x00,0x00,0x00,0x00,0x00,0x00,0x00,0x00,0x00,0x00,0x00,0x00,0x00,0x00,0x00,0x00,0x00,0x00,0x03,0x16,0x2f,0x81,0x08,0x80,0x7d,0x7d,0x7d,0x7d,0x7d,0x7d,0x7d,0x7d,0x7d,0x7d,0x7d,0x7d,0x80,0x80,0x80,0x80,0x7f,0x7f,0x80,0x80,0x80,0x7d,0x7d,0x7d,0x7d,0x7d,0x7d,0x7d,0x7d,0x80,0x80,0x80,0x0d,0x61,0x21,0x32,0x29,0xc2,0xef,0xc4,0xa3,0x9c,0x41,0x66,0x1c,0x05,0x01,0x00,0x00,0x00,0x00,0x00,0x00,0x00,0x00,0x00,0x00,0x00,0x00,0x00,0x00,0x00,0x00,0x00,0x00,0x00,0x00,0x00,0x00,0x00,0x00,0x00,0x00,0x00,0x00,0x00,0x00,0x00,0x00,
    0x00,0x00,0x00,0x00,0x00,0x00,0x00,0x00,0x00,0x00,0x00,0x00,0x00,0x00,0x00,0x00,0x00,0x00,0x00,0x00,0x00,0x00,0x00,0x00,0x00,0x00,0x00,0x00,0x00,0x00,0x00,0x00,0x00,0x00,0x00,0x00,0x00,0x00,0x00,0x00,0x00,0x00,0x00,0x00,0x00,0x00,0x00,0x00,0x00,0x00,0x00,0x00,0x00,0x00,0x00,0x00,0x00,0x00,0x03,0x00,0x49,0x3e,0x0d,0x7f,0x7d,0x7d,0x7d,0x7d,0x7d,0x7d,0x7d,0x7d,0x7d,0x7d,0x7d,0x7d,0x80,0x7d,0x7d,0x7d,0x7d,0x8d,0x7b,0x7f,0x80,0x80,0x7d,0x80,0x80,0x7d,0x7d,0x7d,0x7d,0x7d,0x7d,0x7d,0x7b,0x42,0x18,0x32,0x1c,0x6b,0x09,0x57,0x6f,0x55,0x69,0x53,0x12,0x00,0x02,0x00,0x00,0x00,0x00,0x00,0x00,0x00,0x00,0x00,0x00,0x00,0x00,0x00,0x00,0x00,0x00,0x00,0x00,0x00,0x00,0x00,0x00,0x00,0x00,0x00,0x00,0x00,0x00,0x00,0x00,0x00,0x00,0x00,
    0x00,0x00,0x00,0x00,0x00,0x00,0x00,0x00,0x00,0x00,0x00,0x00,0x00,0x00,0x00,0x00,0x00,0x00,0x00,0x00,0x00,0x00,0x00,0x00,0x00,0x00,0x00,0x00,0x00,0x00,0x00,0x00,0x00,0x00,0x00,0x00,0x00,0x00,0x00,0x00,0x00,0x00,0x00,0x00,0x00,0x00,0x00,0x00,0x00,0x00,0x00,0x00,0x00,0x00,0x00,0x00,0x00,0x00,0x03,0x00,0x07,0x2f,0x7d,0x0d,0x7f,0x8d,0x7f,0x7b,0x89,0x89,0x89,0x89,0x89,0x89,0x7f,0x89,0x89,0x7f,0x80,0x7d,0x80,0x7b,0x89,0x7f,0x7f,0x83,0x7f,0x7f,0x7f,0x7f,0x7f,0x7f,0x80,0x08,0x08,0x08,0x7b,0x42,0x49,0x16,0x00,0x34,0x3f,0x26,0x47,0x14,0x14,0x02,0x00,0x04,0x00,0x00,0x00,0x00,0x00,0x00,0x00,0x00,0x00,0x00,0x00,0x00,0x00,0x00,0x00,0x00,0x00,0x00,0x00,0x00,0x00,0x00,0x00,0x00,0x00,0x00,0x00,0x00,0x00,0x00,0x00,0x00,0x00,0x00,
    0x00,0x00,0x00,0x00,0x00,0x00,0x00,0x00,0x00,0x00,0x00,0x00,0x00,0x00,0x00,0x00,0x00,0x00,0x00,0x00,0x00,0x00,0x00,0x00,0x00,0x00,0x00,0x00,0x00,0x00,0x00,0x00,0x00,0x00,0x00,0x00,0x00,0x00,0x00,0x00,0x00,0x00,0x00,0x00,0x00,0x00,0x00,0x00,0x00,0x00,0x00,0x00,0x00,0x00,0x00,0x00,0x00,0x00,0x00,0x04,0x03,0x24,0x0c,0x87,0x84,0x84,0x85,0x86,0x86,0x86,0x87,0x87,0x87,0x86,0x84,0x81,0x89,0x83,0x8f,0x7f,0x08,0x8d,0x8d,0x80,0x80,0x8d,0x7d,0x88,0x85,0x84,0x84,0x85,0x81,0x7d,0x88,0x85,0x0c,0x2f,0x1a,0x00,0x03,0x00,0x12,0x00,0x02,0x00,0x00,0x00,0x02,0x00,0x00,0x00,0x00,0x00,0x00,0x00,0x00,0x00,0x00,0x00,0x00,0x00,0x00,0x00,0x00,0x00,0x00,0x00,0x00,0x00,0x00,0x00,0x00,0x00,0x00,0x00,0x00,0x00,0x00,0x00,0x00,0x00,0x00,0x00,
    0x00,0x00,0x00,0x00,0x00,0x00,0x00,0x00,0x00,0x00,0x00,0x00,0x00,0x00,0x00,0x00,0x00,0x00,0x00,0x00,0x00,0x00,0x00,0x00,0x00,0x00,0x00,0x00,0x00,0x00,0x00,0x00,0x00,0x00,0x00,0x00,0x00,0x00,0x00,0x00,0x00,0x00,0x00,0x00,0x00,0x00,0x00,0x00,0x00,0x00,0x00,0x00,0x00,0x00,0x00,0x00,0x00,0x00,0x00,0x00,0x00,0x03,0x04,0x40,0x72,0x70,0x20,0xdd,0xe7,0x31,0xef,0x20,0xbe,0xc3,0xc3,0xbb,0x94,0x96,0x80,0x89,0x80,0x88,0x81,0x7d,0x88,0x85,0x7f,0x94,0xbb,0xc3,0xbe,0x20,0x6d,0x74,0x18,0x40,0x16,0x07,0x00,0x04,0x00,0x02,0x00,0x01,0x02,0x02,0x02,0x00,0x00,0x00,0x00,0x00,0x00,0x00,0x00,0x00,0x00,0x00,0x00,0x00,0x00,0x00,0x00,0x00,0x00,0x00,0x00,0x00,0x00,0x00,0x00,0x00,0x00,0x00,0x00,0x00,0x00,0x00,0x00,0x00,0x00,0x00,0x00,0x00,
    0x00,0x00,0x00,0x00,0x00,0x00,0x00,0x00,0x00,0x00,0x00,0x00,0x00,0x00,0x00,0x00,0x00,0x00,0x00,0x00,0x00,0x00,0x00,0x00,0x00,0x00,0x00,0x00,0x00,0x00,0x00,0x00,0x00,0x00,0x00,0x00,0x00,0x00,0x00,0x00,0x00,0x00,0x00,0x00,0x00,0x00,0x00,0x00,0x00,0x00,0x00,0x00,0x00,0x00,0x00,0x00,0x00,0x00,0x00,0x00,0x00,0x04,0x00,0x00,0x14,0x62,0x59,0xc1,0xc1,0xc1,0xd8,0xb8,0xc8,0xc8,0xb8,0xc1,0xd4,0xd4,0xbe,0x0f,0x65,0xdd,0xe7,0xe7,0xe1,0xcb,0xb7,0xb7,0xb7,0xb7,0xb7,0xc1,0x31,0x79,0x47,0x00,0x02,0x00,0x00,0x00,0x00,0x00,0x06,0x00,0x00,0x00,0x00,0x00,0x00,0x00,0x00,0x00,0x00,0x00,0x00,0x00,0x00,0x00,0x00,0x00,0x00,0x00,0x00,0x00,0x00,0x00,0x00,0x00,0x00,0x00,0x00,0x00,0x00,0x00,0x00,0x00,0x00,0x00,0x00,0x00,0x00,0x00,0x00,0x00,
    0x00,0x00,0x00,0x00,0x00,0x00,0x00,0x00,0x00,0x00,0x00,0x00,0x00,0x00,0x00,0x00,0x00,0x00,0x00,0x00,0x00,0x00,0x00,0x00,0x00,0x00,0x00,0x00,0x00,0x00,0x00,0x00,0x00,0x00,0x00,0x00,0x00,0x00,0x00,0x00,0x00,0x00,0x00,0x00,0x00,0x00,0x00,0x00,0x00,0x00,0x00,0x00,0x00,0x00,0x00,0x00,0x00,0x00,0x00,0x00,0x00,0x00,0x01,0x03,0x00,0x11,0x3c,0xd4,0xc1,0xa6,0x9f,0x82,0x82,0x7c,0x7c,0x90,0xc8,0xb7,0x31,0x72,0x66,0xd4,0xc1,0xb8,0x82,0x9e,0x99,0x90,0x92,0xa6,0xc1,0xd4,0x57,0x3a,0x00,0x03,0x00,0x04,0x00,0x00,0x00,0x00,0x00,0x00,0x00,0x00,0x00,0x00,0x00,0x00,0x00,0x00,0x00,0x00,0x00,0x00,0x00,0x00,0x00,0x00,0x00,0x00,0x00,0x00,0x00,0x00,0x00,0x00,0x00,0x00,0x00,0x00,0x00,0x00,0x00,0x00,0x00,0x00,0x00,0x00,0x00,0x00,0x00,0x00,
    0x00,0x00,0x00,0x00,0x00,0x00,0x00,0x00,0x00,0x00,0x00,0x00,0x00,0x00,0x00,0x00,0x00,0x00,0x00,0x00,0x00,0x00,0x00,0x00,0x00,0x00,0x00,0x00,0x00,0x00,0x00,0x00,0x00,0x00,0x00,0x00,0x00,0x00,0x00,0x00,0x00,0x00,0x00,0x00,0x00,0x00,0x00,0x00,0x00,0x00,0x00,0x00,0x00,0x00,0x00,0x00,0x00,0x00,0x00,0x00,0x00,0x00,0x00,0x02,0x01,0x14,0x4f,0xc7,0x99,0x7c,0x82,0x82,0x82,0x82,0x82,0x82,0x99,0x98,0x65,0x5d,0x6f,0xe1,0xb3,0x7c,0x82,0x92,0x92,0x92,0x82,0x7c,0x90,0x98,0x57,0x3a,0x04,0x04,0x00,0x00,0x00,0x00,0x00,0x00,0x00,0x00,0x00,0x00,0x00,0x00,0x00,0x00,0x00,0x00,0x00,0x00,0x00,0x00,0x00,0x00,0x00,0x00,0x00,0x00,0x00,0x00,0x00,0x00,0x00,0x00,0x00,0x00,0x00,0x00,0x00,0x00,0x00,0x00,0x00,0x00,0x00,0x00,0x00,0x00,0x00,0x00,
    0x00,0x00,0x00,0x00,0x00,0x00,0x00,0x00,0x00,0x00,0x00,0x00,0x00,0x00,0x00,0x00,0x00,0x00,0x00,0x00,0x00,0x00,0x00,0x00,0x00,0x00,0x00,0x00,0x00,0x00,0x00,0x00,0x00,0x00,0x00,0x00,0x00,0x00,0x00,0x00,0x00,0x00,0x00,0x00,0x00,0x00,0x00,0x00,0x00,0x00,0x00,0x00,0x00,0x00,0x00,0x00,0x00,0x00,0x00,0x00,0x00,0x00,0x00,0x00,0x04,0x02,0x15,0x09,0x7c,0x92,0x82,0x82,0x82,0x82,0x92,0x9c,0x9f,0x9c,0x46,0x3a,0x5d,0xa3,0x9e,0x92,0x82,0x82,0x82,0x82,0x82,0x92,0x90,0x0e,0x5b,0x47,0x00,0x02,0x00,0x00,0x00,0x00,0x00,0x00,0x00,0x00,0x00,0x00,0x00,0x00,0x00,0x00,0x00,0x00,0x00,0x00,0x00,0x00,0x00,0x00,0x00,0x00,0x00,0x00,0x00,0x00,0x00,0x00,0x00,0x00,0x00,0x00,0x00,0x00,0x00,0x00,0x00,0x00,0x00,0x00,0x00,0x00,0x00,0x00,0x00,0x00,
    0x00,0x00,0x00,0x00,0x00,0x00,0x00,0x00,0x00,0x00,0x00,0x00,0x00,0x00,0x00,0x00,0x00,0x00,0x00,0x00,0x00,0x00,0x00,0x00,0x00,0x00,0x00,0x00,0x00,0x00,0x00,0x00,0x00,0x00,0x00,0x00,0x00,0x00,0x00,0x00,0x00,0x00,0x00,0x00,0x00,0x00,0x00,0x00,0x00,0x00,0x00,0x00,0x00,0x00,0x00,0x00,0x00,0x00,0x00,0x00,0x00,0x00,0x00,0x00,0x05,0x00,0x1c,0x4c,0x90,0x92,0x82,0x82,0x82,0x7c,0x9f,0x9c,0x90,0x09,0x3c,0x14,0x33,0x29,0x82,0x82,0x82,0x82,0x82,0x82,0x82,0x92,0x9e,0xa3,0x62,0x11,0x02,0x00,0x00,0x00,0x00,0x00,0x00,0x00,0x00,0x00,0x00,0x00,0x00,0x00,0x00,0x00,0x00,0x00,0x00,0x00,0x00,0x00,0x00,0x00,0x00,0x00,0x00,0x00,0x00,0x00,0x00,0x00,0x00,0x00,0x00,0x00,0x00,0x00,0x00,0x00,0x00,0x00,0x00,0x00,0x00,0x00,0x00,0x00,0x00,0x00,
    0x00,0x00,0x00,0x00,0x00,0x00,0x00,0x00,0x00,0x00,0x00,0x00,0x00,0x00,0x00,0x00,0x00,0x00,0x00,0x00,0x00,0x00,0x00,0x00,0x00,0x00,0x00,0x00,0x00,0x00,0x00,0x00,0x00,0x00,0x00,0x00,0x00,0x00,0x00,0x00,0x00,0x00,0x00,0x00,0x00,0x00,0x00,0x00,0x00,0x00,0x00,0x00,0x00,0x00,0x00,0x00,0x00,0x00,0x00,0x00,0x00,0x00,0x00,0x00,0x04,0x00,0x2b,0x38,0x7c,0x82,0x82,0x82,0x82,0x82,0x7c,0x82,0x97,0x09,0x55,0x12,0x2b,0x4c,0x99,0x92,0x82,0x82,0x82,0x82,0x82,0x82,0x92,0x10,0x26,0x00,0x05,0x00,0x00,0x00,0x00,0x00,0x00,0x00,0x00,0x00,0x00,0x00,0x00,0x00,0x00,0x00,0x00,0x00,0x00,0x00,0x00,0x00,0x00,0x00,0x00,0x00,0x00,0x00,0x00,0x00,0x00,0x00,0x00,0x00,0x00,0x00,0x00,0x00,0x00,0x00,0x00,0x00,0x00,0x00,0x00,0x00,0x00,0x00,0x00,0x00,
    0x00,0x00,0x00,0x00,0x00,0x00,0x00,0x00,0x00,0x00,0x00,0x00,0x00,0x00,0x00,0x00,0x00,0x00,0x00,0x00,0x00,0x00,0x00,0x00,0x00,0x00,0x00,0x00,0x00,0x00,0x00,0x00,0x00,0x00,0x00,0x00,0x00,0x00,0x00,0x00,0x00,0x00,0x00,0x00,0x00,0x00,0x00,0x00,0x00,0x00,0x00,0x00,0x00,0x00,0x00,0x00,0x00,0x00,0x00,0x00,0x00,0x00,0x00,0x00,0x05,0x00,0x22,0x2a,0x92,0x82,0x82,0x82,0x82,0x82,0x82,0x82,0x82,0x98,0x2b,0x06,0x53,0x38,0x99,0x92,0x82,0x82,0x82,0x82,0x82,0x92,0x99,0x4c,0x1c,0x00,0x04,0x00,0x00,0x00,0x00,0x00,0x00,0x00,0x00,0x00,0x00,0x00,0x00,0x00,0x00,0x00,0x00,0x00,0x00,0x00,0x00,0x00,0x00,0x00,0x00,0x00,0x00,0x00,0x00,0x00,0x00,0x00,0x00,0x00,0x00,0x00,0x00,0x00,0x00,0x00,0x00,0x00,0x00,0x00,0x00,0x00,0x00,0x00,0x00,0x00,
    0x00,0x00,0x00,0x00,0x00,0x00,0x00,0x00,0x00,0x00,0x00,0x00,0x00,0x00,0x00,0x00,0x00,0x00,0x00,0x00,0x00,0x00,0x00,0x00,0x00,0x00,0x00,0x00,0x00,0x00,0x00,0x00,0x00,0x00,0x00,0x00,0x00,0x00,0x00,0x00,0x00,0x00,0x00,0x00,0x00,0x00,0x00,0x00,0x00,0x00,0x00,0x00,0x00,0x00,0x00,0x00,0x00,0x00,0x00,0x00,0x00,0x00,0x00,0x00,0x05,0x00,0x33,0x2a,0x9f,0x82,0x82,0x82,0x82,0x82,0x82,0x92,0x90,0xbc,0x62,0x00,0x53,0x4c,0x92,0x82,0x82,0x82,0x82,0x82,0x82,0x82,0x82,0x38,0x53,0x00,0x04,0x00,0x00,0x00,0x00,0x00,0x00,0x00,0x00,0x00,0x00,0x00,0x00,0x00,0x00,0x00,0x00,0x00,0x00,0x00,0x00,0x00,0x00,0x00,0x00,0x00,0x00,0x00,0x00,0x00,0x00,0x00,0x00,0x00,0x00,0x00,0x00,0x00,0x00,0x00,0x00,0x00,0x00,0x00,0x00,0x00,0x00,0x00,0x00,0x00,
    0x00,0x00,0x00,0x00,0x00,0x00,0x00,0x00,0x00,0x00,0x00,0x00,0x00,0x00,0x00,0x00,0x00,0x00,0x00,0x00,0x00,0x00,0x00,0x00,0x00,0x00,0x00,0x00,0x00,0x00,0x00,0x00,0x00,0x00,0x00,0x00,0x00,0x00,0x00,0x00,0x00,0x00,0x00,0x00,0x00,0x00,0x00,0x00,0x00,0x00,0x00,0x00,0x00,0x00,0x00,0x00,0x00,0x00,0x00,0x00,0x00,0x00,0x00,0x00,0x00,0x00,0x11,0x69,0x29,0x99,0x92,0x82,0x82,0x82,0x82,0x92,0x99,0x4c,0x4f,0x00,0x22,0x5c,0x9f,0x82,0x82,0x82,0x82,0x82,0x82,0x82,0x92,0x1b,0x2b,0x00,0x05,0x00,0x00,0x00,0x00,0x00,0x00,0x00,0x00,0x00,0x00,0x00,0x00,0x00,0x00,0x00,0x00,0x00,0x00,0x00,0x00,0x00,0x00,0x00,0x00,0x00,0x00,0x00,0x00,0x00,0x00,0x00,0x00,0x00,0x00,0x00,0x00,0x00,0x00,0x00,0x00,0x00,0x00,0x00,0x00,0x00,0x00,0x00,0x00,0x00,
    0x00,0x00,0x00,0x00,0x00,0x00,0x00,0x00,0x00,0x00,0x00,0x00,0x00,0x00,0x00,0x00,0x00,0x00,0x00,0x00,0x00,0x00,0x00,0x00,0x00,0x00,0x00,0x00,0x00,0x00,0x00,0x00,0x00,0x00,0x00,0x00,0x00,0x00,0x00,0x00,0x00,0x00,0x00,0x00,0x00,0x00,0x00,0x00,0x00,0x00,0x00,0x00,0x00,0x00,0x00,0x00,0x00,0x00,0x00,0x00,0x00,0x00,0x00,0x00,0x00,0x00,0x11,0x13,0x44,0x7c,0x82,0x82,0x82,0x82,0x82,0x82,0x92,0x1b,0x3d,0x00,0x26,0x2a,0x9e,0x92,0x82,0x82,0x82,0x82,0x82,0x92,0x9e,0x2a,0x15,0x00,0x05,0x00,0x00,0x00,0x00,0x00,0x00,0x00,0x00,0x00,0x00,0x00,0x00,0x00,0x00,0x00,0x00,0x00,0x00,0x00,0x00,0x00,0x00,0x00,0x00,0x00,0x00,0x00,0x00,0x00,0x00,0x00,0x00,0x00,0x00,0x00,0x00,0x00,0x00,0x00,0x00,0x00,0x00,0x00,0x00,0x00,0x00,0x00,0x00,0x00,
    0x00,0x00,0x00,0x00,0x00,0x00,0x00,0x00,0x00,0x00,0x00,0x00,0x00,0x00,0x00,0x00,0x00,0x00,0x00,0x00,0x00,0x00,0x00,0x00,0x00,0x00,0x00,0x00,0x00,0x00,0x00,0x00,0x00,0x00,0x00,0x00,0x00,0x00,0x00,0x00,0x00,0x00,0x00,0x00,0x00,0x00,0x00,0x00,0x00,0x00,0x00,0x00,0x00,0x00,0x00,0x00,0x00,0x00,0x00,0x00,0x00,0x00,0x00,0x00,0x00,0x00,0x05,0x3f,0x44,0x7c,0x82,0x82,0x82,0x82,0x92,0x7c,0x98,0x46,0x3d,0x00,0x22,0x2a,0x98,0x82,0x92,0x82,0x82,0x82,0x82,0x92,0x7c,0x51,0x34,0x00,0x06,0x00,0x00,0x00,0x00,0x00,0x00,0x00,0x00,0x00,0x00,0x00,0x00,0x00,0x00,0x00,0x00,0x00,0x00,0x00,0x00,0x00,0x00,0x00,0x00,0x00,0x00,0x00,0x00,0x00,0x00,0x00,0x00,0x00,0x00,0x00,0x00,0x00,0x00,0x00,0x00,0x00,0x00,0x00,0x00,0x00,0x00,0x00,0x00,0x00,
    0x00,0x00,0x00,0x00,0x00,0x00,0x00,0x00,0x00,0x00,0x00,0x00,0x00,0x00,0x00,0x00,0x00,0x00,0x00,0x00,0x00,0x00,0x00,0x00,0x00,0x00,0x00,0x00,0x00,0x00,0x00,0x00,0x00,0x00,0x00,0x00,0x00,0x00,0x00,0x00,0x00,0x00,0x00,0x00,0x00,0x00,0x00,0x00,0x00,0x00,0x00,0x00,0x00,0x00,0x00,0x00,0x00,0x00,0x00,0x00,0x00,0x00,0x00,0x00,0x06,0x00,0x15,0x2a,0x9c,0x7c,0x82,0x82,0x82,0x82,0x82,0x92,0x97,0x5b,0x26,0x00,0x12,0x54,0xc2,0x90,0x92,0x82,0x82,0x82,0x82,0x82,0x7c,0x38,0x2e,0x00,0x04,0x00,0x00,0x00,0x00,0x00,0x00,0x00,0x00,0x00,0x00,0x00,0x00,0x00,0x00,0x00,0x00,0x00,0x00,0x00,0x00,0x00,0x00,0x00,0x00,0x00,0x00,0x00,0x00,0x00,0x00,0x00,0x00,0x00,0x00,0x00,0x00,0x00,0x00,0x00,0x00,0x00,0x00,0x00,0x00,0x00,0x00,0x00,0x00,0x00,
    0x00,0x00,0x00,0x00,0x00,0x00,0x00,0x00,0x00,0x00,0x00,0x00,0x00,0x00,0x00,0x00,0x00,0x00,0x00,0x00,0x00,0x00,0x00,0x00,0x00,0x00,0x00,0x00,0x00,0x00,0x00,0x00,0x00,0x00,0x00,0x00,0x00,0x00,0x00,0x00,0x00,0x00,0x00,0x00,0x00,0x00,0x00,0x00,0x00,0x00,0x00,0x00,0x00,0x00,0x00,0x00,0x00,0x00,0x00,0x00,0x00,0x00,0x00,0x00,0x05,0x00,0x15,0x3f,0x9e,0x92,0x82,0x82,0x82,0x82,0x82,0x82,0x9c,0x1b,0x22,0x00,0x11,0x13,0x1e,0x99,0x92,0x82,0x82,0x82,0x82,0x92,0x97,0x41,0x62,0x00,0x04,0x00,0x00,0x00,0x00,0x00,0x00,0x00,0x00,0x00,0x00,0x00,0x00,0x00,0x00,0x00,0x00,0x00,0x00,0x00,0x00,0x00,0x00,0x00,0x00,0x00,0x00,0x00,0x00,0x00,0x00,0x00,0x00,0x00,0x00,0x00,0x00,0x00,0x00,0x00,0x00,0x00,0x00,0x00,0x00,0x00,0x00,0x00,0x00,0x00,
    0x00,0x00,0x00,0x00,0x00,0x00,0x00,0x00,0x00,0x00,0x00,0x00,0x00,0x00,0x00,0x00,0x00,0x00,0x00,0x00,0x00,0x00,0x00,0x00,0x00,0x00,0x00,0x00,0x00,0x00,0x00,0x00,0x00,0x00,0x00,0x00,0x00,0x00,0x00,0x00,0x00,0x00,0x00,0x00,0x00,0x00,0x00,0x00,0x00,0x00,0x00,0x00,0x00,0x00,0x00,0x00,0x00,0x00,0x00,0x00,0x00,0x00,0x00,0x00,0x05,0x00,0x2b,0x5b,0x98,0x7c,0x82,0x82,0x82,0x82,0x92,0x99,0x10,0x45,0x14,0x00,0x00,0x4d,0x1b,0x97,0x92,0x82,0x82,0x82,0x82,0x82,0x82,0xc7,0x1c,0x00,0x05,0x00,0x00,0x00,0x00,0x00,0x00,0x00,0x00,0x00,0x00,0x00,0x00,0x00,0x00,0x00,0x00,0x00,0x00,0x00,0x00,0x00,0x00,0x00,0x00,0x00,0x00,0x00,0x00,0x00,0x00,0x00,0x00,0x00,0x00,0x00,0x00,0x00,0x00,0x00,0x00,0x00,0x00,0x00,0x00,0x00,0x00,0x00,0x00,0x00,
    0x00,0x00,0x00,0x00,0x00,0x00,0x00,0x00,0x00,0x00,0x00,0x00,0x00,0x00,0x00,0x00,0x00,0x00,0x00,0x00,0x00,0x00,0x00,0x00,0x00,0x00,0x00,0x00,0x00,0x00,0x00,0x00,0x00,0x00,0x00,0x00,0x00,0x00,0x00,0x00,0x00,0x00,0x00,0x00,0x00,0x00,0x00,0x00,0x00,0x00,0x00,0x00,0x00,0x00,0x00,0x00,0x00,0x00,0x00,0x00,0x00,0x00,0x00,0x00,0x04,0x00,0x53,0x1b,0x82,0x82,0x82,0x82,0x82,0x82,0x82,0x82,0x9c,0x19,0x14,0x00,0x00,0x4d,0x46,0x97,0x82,0x82,0x82,0x82,0x82,0x82,0x92,0x10,0x22,0x00,0x05,0x00,0x00,0x00,0x00,0x00,0x00,0x00,0x00,0x00,0x00,0x00,0x00,0x00,0x00,0x00,0x00,0x00,0x00,0x00,0x00,0x00,0x00,0x00,0x00,0x00,0x00,0x00,0x00,0x00,0x00,0x00,0x00,0x00,0x00,0x00,0x00,0x00,0x00,0x00,0x00,0x00,0x00,0x00,0x00,0x00,0x00,0x00,0x00,0x00,
    0x00,0x00,0x00,0x00,0x00,0x00,0x00,0x00,0x00,0x00,0x00,0x00,0x00,0x00,0x00,0x00,0x00,0x00,0x00,0x00,0x00,0x00,0x00,0x00,0x00,0x00,0x00,0x00,0x00,0x00,0x00,0x00,0x00,0x00,0x00,0x00,0x00,0x00,0x00,0x00,0x00,0x00,0x00,0x00,0x00,0x00,0x00,0x00,0x00,0x00,0x00,0x00,0x00,0x00,0x00,0x00,0x00,0x00,0x00,0x00,0x00,0x00,0x00,0x00,0x04,0x00,0x2b,0x38,0x97,0x92,0x7c,0x82,0x82,0x82,0x82,0x92,0x44,0x1d,0x14,0x02,0x00,0x2b,0x1b,0x90,0x9c,0x82,0x82,0x82,0x82,0x82,0x92,0x98,0x22,0x00,0x06,0x00,0x00,0x00,0x00,0x00,0x00,0x00,0x00,0x00,0x00,0x00,0x00,0x00,0x00,0x00,0x00,0x00,0x00,0x00,0x00,0x00,0x00,0x00,0x00,0x00,0x00,0x00,0x00,0x00,0x00,0x00,0x00,0x00,0x00,0x00,0x00,0x00,0x00,0x00,0x00,0x00,0x00,0x00,0x00,0x00,0x00,0x00,0x00,0x00,
    0x00,0x00,0x00,0x00,0x00,0x00,0x00,0x00,0x00,0x00,0x00,0x00,0x00,0x00,0x00,0x00,0x00,0x00,0x00,0x00,0x00,0x00,0x00,0x00,0x00,0x00,0x00,0x00,0x00,0x00,0x00,0x00,0x00,0x00,0x00,0x00,0x00,0x00,0x00,0x00,0x00,0x00,0x00,0x00,0x00,0x00,0x00,0x00,0x00,0x00,0x00,0x00,0x00,0x00,0x00,0x00,0x00,0x00,0x00,0x00,0x00,0x00,0x00,0x00,0x04,0x01,0x4d,0x38,0x82,0x98,0x9f,0x82,0x82,0x82,0x92,0x90,0x38,0x13,0x00,0x05,0x01,0x7a,0x38,0x90,0x98,0x9f,0x82,0x82,0x82,0x82,0x92,0x99,0x34,0x03,0x06,0x00,0x00,0x00,0x00,0x00,0x00,0x00,0x00,0x00,0x00,0x00,0x00,0x00,0x00,0x00,0x00,0x00,0x00,0x00,0x00,0x00,0x00,0x00,0x00,0x00,0x00,0x00,0x00,0x00,0x00,0x00,0x00,0x00,0x00,0x00,0x00,0x00,0x00,0x00,0x00,0x00,0x00,0x00,0x00,0x00,0x00,0x00,0x00,0x00,
    0x00,0x00,0x00,0x00,0x00,0x00,0x00,0x00,0x00,0x00,0x00,0x00,0x00,0x00,0x00,0x00,0x00,0x00,0x00,0x00,0x00,0x00,0x00,0x00,0x00,0x00,0x00,0x00,0x00,0x00,0x00,0x00,0x00,0x00,0x00,0x00,0x00,0x00,0x00,0x00,0x00,0x00,0x00,0x00,0x00,0x00,0x00,0x00,0x00,0x00,0x00,0x00,0x00,0x00,0x00,0x00,0x00,0x00,0x00,0x00,0x00,0x00,0x00,0x00,0x03,0x00,0x4f,0x38,0x9f,0xa6,0xa6,0x9c,0x92,0x92,0x9f,0x90,0x1b,0x62,0x05,0x03,0x00,0x00,0x2a,0x92,0x92,0x9f,0x92,0x9f,0xa6,0x4e,0x9c,0x0e,0x34,0x00,0x03,0x01,0x00,0x00,0x00,0x00,0x00,0x00,0x00,0x00,0x00,0x00,0x00,0x00,0x00,0x00,0x00,0x00,0x00,0x00,0x00,0x00,0x00,0x00,0x00,0x00,0x00,0x00,0x00,0x00,0x00,0x00,0x00,0x00,0x00,0x00,0x00,0x00,0x00,0x00,0x00,0x00,0x00,0x00,0x00,0x00,0x00,0x00,0x00,0x00,
    0x00,0x00,0x00,0x00,0x00,0x00,0x00,0x00,0x00,0x00,0x00,0x00,0x00,0x00,0x00,0x00,0x00,0x00,0x00,0x00,0x00,0x00,0x00,0x00,0x00,0x00,0x00,0x00,0x00,0x00,0x00,0x00,0x00,0x00,0x00,0x00,0x00,0x00,0x00,0x00,0x00,0x00,0x00,0x00,0x00,0x00,0x00,0x00,0x00,0x00,0x00,0x00,0x00,0x00,0x00,0x00,0x00,0x00,0x00,0x00,0x00,0x00,0x00,0x04,0x00,0x0a,0x0c,0x37,0x91,0x99,0xa9,0x90,0x91,0x91,0x91,0x91,0xad,0x23,0x0a,0x00,0x0a,0x36,0x37,0x90,0x91,0x91,0x91,0x91,0xa9,0x82,0x9e,0x77,0x2f,0x36,0x00,0x00,0x00,0x00,0x00,0x00,0x00,0x00,0x00,0x00,0x00,0x00,0x00,0x00,0x00,0x00,0x00,0x00,0x00,0x00,0x00,0x00,0x00,0x00,0x00,0x00,0x00,0x00,0x00,0x00,0x00,0x00,0x00,0x00,0x00,0x00,0x00,0x00,0x00,0x00,0x00,0x00,0x00,0x00,0x00,0x00,0x00,0x00,0x00,0x00,
    0x00,0x00,0x00,0x00,0x00,0x00,0x00,0x00,0x00,0x00,0x00,0x00,0x00,0x00,0x00,0x00,0x00,0x00,0x00,0x00,0x00,0x00,0x00,0x00,0x00,0x00,0x00,0x00,0x00,0x00,0x00,0x00,0x00,0x00,0x00,0x00,0x00,0x00,0x00,0x00,0x00,0x00,0x00,0x00,0x00,0x00,0x00,0x00,0x00,0x00,0x00,0x00,0x00,0x00,0x00,0x00,0x00,0x00,0x00,0x00,0x00,0x00,0x01,0x04,0x0a,0x2f,0x86,0x7d,0x20,0xad,0xcc,0xad,0xb6,0xb6,0xad,0xad,0xbb,0x9a,0x23,0x1a,0x23,0x87,0x85,0xc5,0xad,0xc4,0xb6,0xad,0xc4,0xc4,0x20,0xbb,0x8c,0x87,0x36,0x0a,0x01,0x04,0x00,0x00,0x00,0x00,0x00,0x00,0x00,0x00,0x00,0x00,0x00,0x00,0x00,0x00,0x00,0x00,0x00,0x00,0x00,0x00,0x00,0x00,0x00,0x00,0x00,0x00,0x00,0x00,0x00,0x00,0x00,0x00,0x00,0x00,0x00,0x00,0x00,0x00,0x00,0x00,0x00,0x00,0x00,0x00,0x00,0x00,
    0x00,0x00,0x00,0x00,0x00,0x00,0x00,0x00,0x00,0x00,0x00,0x00,0x00,0x00,0x00,0x00,0x00,0x00,0x00,0x00,0x00,0x00,0x00,0x00,0x00,0x00,0x00,0x00,0x00,0x00,0x00,0x00,0x00,0x00,0x00,0x00,0x00,0x00,0x00,0x00,0x00,0x00,0x00,0x00,0x00,0x00,0x00,0x00,0x00,0x00,0x00,0x00,0x00,0x00,0x00,0x00,0x00,0x00,0x00,0x00,0x00,0x00,0x03,0x00,0x24,0x84,0x50,0x87,0x9a,0x8c,0x8c,0x8c,0x8c,0x8c,0x9a,0x9a,0x8c,0x87,0x50,0x49,0x89,0x86,0x85,0x9a,0x9a,0x8c,0x8c,0x9a,0x8c,0x8c,0x9a,0x86,0x50,0x84,0x3e,0x40,0x00,0x03,0x00,0x00,0x00,0x00,0x00,0x00,0x00,0x00,0x00,0x00,0x00,0x00,0x00,0x00,0x00,0x00,0x00,0x00,0x00,0x00,0x00,0x00,0x00,0x00,0x00,0x00,0x00,0x00,0x00,0x00,0x00,0x00,0x00,0x00,0x00,0x00,0x00,0x00,0x00,0x00,0x00,0x00,0x00,0x00,0x00,0x00,
    0x00,0x00,0x00,0x00,0x00,0x00,0x00,0x00,0x00,0x00,0x00,0x00,0x00,0x00,0x00,0x00,0x00,0x00,0x00,0x00,0x00,0x00,0x00,0x00,0x00,0x00,0x00,0x00,0x00,0x00,0x00,0x00,0x00,0x00,0x00,0x00,0x00,0x00,0x00,0x00,0x00,0x00,0x00,0x00,0x00,0x00,0x00,0x00,0x00,0x00,0x00,0x00,0x00,0x00,0x00,0x00,0x00,0x00,0x00,0x00,0x00,0x00,0x03,0x00,0x18,0x7d,0x21,0x86,0x86,0x80,0x8d,0x8d,0x89,0x89,0x7f,0x86,0x87,0x86,0x50,0x23,0x0d,0x88,0x84,0x86,0x8d,0x8d,0x8d,0x8d,0x7b,0x7d,0x87,0x86,0x88,0x88,0x0c,0x0a,0x00,0x00,0x00,0x00,0x00,0x00,0x00,0x00,0x00,0x00,0x00,0x00,0x00,0x00,0x00,0x00,0x00,0x00,0x00,0x00,0x00,0x00,0x00,0x00,0x00,0x00,0x00,0x00,0x00,0x00,0x00,0x00,0x00,0x00,0x00,0x00,0x00,0x00,0x00,0x00,0x00,0x00,0x00,0x00,0x00,0x00,0x00,0x00,
    0x00,0x00,0x00,0x00,0x00,0x00,0x00,0x00,0x00,0x00,0x00,0x00,0x00,0x00,0x00,0x00,0x00,0x00,0x00,0x00,0x00,0x00,0x00,0x00,0x00,0x00,0x00,0x00,0x00,0x00,0x00,0x00,0x00,0x00,0x00,0x00,0x00,0x00,0x00,0x00,0x00,0x00,0x00,0x00,0x00,0x00,0x00,0x00,0x00,0x00,0x00,0x00,0x00,0x00,0x00,0x00,0x00,0x00,0x00,0x00,0x00,0x00,0x03,0x00,0x18,0x7b,0x0d,0x89,0x85,0x84,0x80,0x7d,0x7d,0x80,0x85,0x86,0x7f,0x08,0x86,0x0f,0x68,0x8d,0x80,0x86,0x81,0x7d,0x7d,0x7d,0x80,0x84,0x86,0x89,0x89,0x08,0x68,0x1a,0x00,0x04,0x00,0x00,0x00,0x00,0x00,0x00,0x00,0x00,0x00,0x00,0x00,0x00,0x00,0x00,0x00,0x00,0x00,0x00,0x00,0x00,0x00,0x00,0x00,0x00,0x00,0x00,0x00,0x00,0x00,0x00,0x00,0x00,0x00,0x00,0x00,0x00,0x00,0x00,0x00,0x00,0x00,0x00,0x00,0x00,0x00,0x00,
    0x00,0x00,0x00,0x00,0x00,0x00,0x00,0x00,0x00,0x00,0x00,0x00,0x00,0x00,0x00,0x00,0x00,0x00,0x00,0x00,0x00,0x00,0x00,0x00,0x00,0x00,0x00,0x00,0x00,0x00,0x00,0x00,0x00,0x00,0x00,0x00,0x00,0x00,0x00,0x00,0x00,0x00,0x00,0x00,0x00,0x00,0x00,0x00,0x00,0x00,0x00,0x00,0x00,0x00,0x00,0x00,0x00,0x00,0x00,0x00,0x00,0x00,0x03,0x00,0x49,0x7d,0x0d,0x88,0x87,0x85,0x89,0x80,0x80,0x89,0x88,0x8c,0x85,0x7f,0x21,0x1a,0x0d,0x80,0x86,0x8c,0x84,0x80,0x80,0x80,0x89,0x85,0x86,0x7f,0x8f,0x8f,0x23,0x07,0x00,0x03,0x00,0x00,0x00,0x00,0x00,0x00,0x00,0x00,0x00,0x00,0x00,0x00,0x00,0x00,0x00,0x00,0x00,0x00,0x00,0x00,0x00,0x00,0x00,0x00,0x00,0x00,0x00,0x00,0x00,0x00,0x00,0x00,0x00,0x00,0x00,0x00,0x00,0x00,0x00,0x00,0x00,0x00,0x00,0x00,0x00,0x00,
    0x00,0x00,0x00,0x00,0x00,0x00,0x00,0x00,0x00,0x00,0x00,0x00,0x00,0x00,0x00,0x00,0x00,0x00,0x00,0x00,0x00,0x00,0x00,0x00,0x00,0x00,0x00,0x00,0x00,0x00,0x00,0x00,0x00,0x00,0x00,0x00,0x00,0x00,0x00,0x00,0x00,0x00,0x00,0x00,0x00,0x00,0x00,0x00,0x00,0x00,0x00,0x00,0x00,0x00,0x00,0x00,0x00,0x00,0x00,0x00,0x00,0x00,0x04,0x00,0x1a,0x88,0x81,0x94,0x96,0x86,0x86,0x88,0x88,0x86,0x87,0x96,0xbf,0x85,0x0d,0x24,0x0d,0x88,0xbf,0x7d,0x87,0x84,0x7d,0x85,0x86,0x86,0xb0,0xbf,0x08,0x8d,0x0f,0x07,0x00,0x03,0x00,0x00,0x00,0x00,0x00,0x00,0x00,0x00,0x00,0x00,0x00,0x00,0x00,0x00,0x00,0x00,0x00,0x00,0x00,0x00,0x00,0x00,0x00,0x00,0x00,0x00,0x00,0x00,0x00,0x00,0x00,0x00,0x00,0x00,0x00,0x00,0x00,0x00,0x00,0x00,0x00,0x00,0x00,0x00,0x00,0x00,
    0x00,0x00,0x00,0x00,0x00,0x00,0x00,0x00,0x00,0x00,0x00,0x00,0x00,0x00,0x00,0x00,0x00,0x00,0x00,0x00,0x00,0x00,0x00,0x00,0x00,0x00,0x00,0x00,0x00,0x00,0x00,0x00,0x00,0x00,0x00,0x00,0x00,0x00,0x00,0x00,0x00,0x00,0x00,0x00,0x00,0x00,0x00,0x00,0x00,0x00,0x00,0x00,0x00,0x00,0x00,0x00,0x00,0x00,0x00,0x00,0x00,0x00,0x00,0x16,0x35,0x28,0x85,0xbf,0xd3,0xd3,0xd2,0xb0,0xb0,0xd2,0xd0,0xaa,0xcd,0x86,0x0d,0x24,0x0d,0x84,0xcd,0xaa,0xd0,0xb4,0x96,0xbf,0xe0,0xcd,0xaa,0xb4,0x84,0x7f,0x0f,0x07,0x00,0x03,0x00,0x00,0x00,0x00,0x00,0x00,0x00,0x00,0x00,0x00,0x00,0x00,0x00,0x00,0x00,0x00,0x00,0x00,0x00,0x00,0x00,0x00,0x00,0x00,0x00,0x00,0x00,0x00,0x00,0x00,0x00,0x00,0x00,0x00,0x00,0x00,0x00,0x00,0x00,0x00,0x00,0x00,0x00,0x00,0x00,0x00,
    0x00,0x00,0x00,0x00,0x00,0x00,0x00,0x00,0x00,0x00,0x00,0x00,0x00,0x00,0x00,0x00,0x00,0x00,0x00,0x00,0x00,0x00,0x00,0x00,0x00,0x00,0x00,0x00,0x00,0x00,0x00,0x00,0x00,0x00,0x00,0x00,0x00,0x00,0x00,0x00,0x00,0x00,0x00,0x00,0x00,0x00,0x00,0x00,0x00,0x00,0x00,0x00,0x00,0x00,0x00,0x00,0x00,0x00,0x00,0x00,0x00,0x00,0x00,0x16,0x36,0x0d,0x7d,0x80,0x8d,0x87,0xd3,0xf6,0xbd,0xaa,0x89,0x81,0x94,0x84,0x0d,0x24,0x0d,0x85,0xbf,0x88,0xce,0xbd,0xbd,0xbd,0xd3,0x86,0xbf,0x96,0x21,0x80,0x0f,0x07,0x00,0x03,0x00,0x00,0x00,0x00,0x00,0x00,0x00,0x00,0x00,0x00,0x00,0x00,0x00,0x00,0x00,0x00,0x00,0x00,0x00,0x00,0x00,0x00,0x00,0x00,0x00,0x00,0x00,0x00,0x00,0x00,0x00,0x00,0x00,0x00,0x00,0x00,0x00,0x00,0x00,0x00,0x00,0x00,0x00,0x00,0x00,0x00,
    0x00,0x00,0x00,0x00,0x00,0x00,0x00,0x00,0x00,0x00,0x00,0x00,0x00,0x00,0x00,0x00,0x00,0x00,0x00,0x00,0x00,0x00,0x00,0x00,0x00,0x00,0x00,0x00,0x00,0x00,0x00,0x00,0x00,0x00,0x00,0x00,0x00,0x00,0x00,0x00,0x00,0x00,0x00,0x00,0x00,0x00,0x00,0x00,0x00,0x00,0x00,0x00,0x00,0x00,0x00,0x00,0x00,0x00,0x00,0x00,0x00,0x00,0x00,0x16,0x18,0x21,0x80,0x85,0xb0,0xaa,0xaa,0xb0,0x7d,0xe0,0xaa,0xbf,0x87,0x80,0x0d,0x24,0x0d,0x7f,0x86,0xd2,0xbd,0xe0,0x89,0xce,0xf2,0xd0,0xb0,0x85,0x08,0x80,0x0f,0x07,0x00,0x03,0x00,0x00,0x00,0x00,0x00,0x00,0x00,0x00,0x00,0x00,0x00,0x00,0x00,0x00,0x00,0x00,0x00,0x00,0x00,0x00,0x00,0x00,0x00,0x00,0x00,0x00,0x00,0x00,0x00,0x00,0x00,0x00,0x00,0x00,0x00,0x00,0x00,0x00,0x00,0x00,0x00,0x00,0x00,0x00,0x00,0x00,
    0x00,0x00,0x00,0x00,0x00,0x00,0x00,0x00,0x00,0x00,0x00,0x00,0x00,0x00,0x00,0x00,0x00,0x00,0x00,0x00,0x00,0x00,0x00,0x00,0x00,0x00,0x00,0x00,0x00,0x00,0x00,0x00,0x00,0x00,0x00,0x00,0x00,0x00,0x00,0x00,0x00,0x00,0x00,0x00,0x00,0x00,0x00,0x00,0x00,0x00,0x00,0x00,0x00,0x00,0x00,0x00,0x00,0x00,0x00,0x00,0x00,0x00,0x00,0x16,0x18,0x28,0x7f,0x96,0xf6,0xaa,0xce,0x8c,0x9a,0x84,0xd3,0xbd,0xb0,0x84,0x0d,0x24,0x28,0x88,0xbf,0xf2,0xd2,0x85,0x8c,0x9a,0xeb,0xbd,0xbd,0x7b,0x21,0x7f,0x0f,0x07,0x00,0x03,0x00,0x00,0x00,0x00,0x00,0x00,0x00,0x00,0x00,0x00,0x00,0x00,0x00,0x00,0x00,0x00,0x00,0x00,0x00,0x00,0x00,0x00,0x00,0x00,0x00,0x00,0x00,0x00,0x00,0x00,0x00,0x00,0x00,0x00,0x00,0x00,0x00,0x00,0x00,0x00,0x00,0x00,0x00,0x00,0x00,0x00,
    0x00,0x00,0x00,0x00,0x00,0x00,0x00,0x00,0x00,0x00,0x00,0x00,0x00,0x00,0x00,0x00,0x00,0x00,0x00,0x00,0x00,0x00,0x00,0x00,0x00,0x00,0x00,0x00,0x00,0x00,0x00,0x00,0x00,0x00,0x00,0x00,0x00,0x00,0x00,0x00,0x00,0x00,0x00,0x00,0x00,0x00,0x00,0x00,0x00,0x00,0x00,0x00,0x00,0x00,0x00,0x00,0x00,0x00,0x00,0x00,0x00,0x00,0x00,0x03,0x36,0x28,0x8d,0x89,0x83,0xb0,0xf6,0xd0,0xb4,0xbd,0xd2,0x88,0x8f,0x81,0x0d,0x24,0x28,0x81,0x7b,0x86,0xd2,0xbd,0xb0,0xb4,0xbd,0xce,0x7d,0x88,0x81,0x7f,0x23,0x40,0x00,0x03,0x00,0x00,0x00,0x00,0x00,0x00,0x00,0x00,0x00,0x00,0x00,0x00,0x00,0x00,0x00,0x00,0x00,0x00,0x00,0x00,0x00,0x00,0x00,0x00,0x00,0x00,0x00,0x00,0x00,0x00,0x00,0x00,0x00,0x00,0x00,0x00,0x00,0x00,0x00,0x00,0x00,0x00,0x00,0x00,0x00,0x00,
    0x00,0x00,0x00,0x00,0x00,0x00,0x00,0x00,0x00,0x00,0x00,0x00,0x00,0x00,0x00,0x00,0x00,0x00,0x00,0x00,0x00,0x00,0x00,0x00,0x00,0x00,0x00,0x00,0x00,0x00,0x00,0x00,0x00,0x00,0x00,0x00,0x00,0x00,0x00,0x00,0x00,0x00,0x00,0x00,0x00,0x00,0x00,0x00,0x00,0x00,0x00,0x00,0x00,0x00,0x00,0x00,0x00,0x00,0x00,0x00,0x00,0x01,0x00,0x16,0x0f,0x08,0x08,0x7d,0x85,0x9a,0xb4,0xdb,0xf6,0xd0,0x86,0x85,0x7d,0x80,0x0d,0x24,0x0d,0x80,0x80,0x86,0x8c,0xbd,0xdf,0xbd,0xb4,0x9a,0x9a,0x86,0x08,0x81,0x0c,0x0a,0x00,0x01,0x00,0x00,0x00,0x00,0x00,0x00,0x00,0x00,0x00,0x00,0x00,0x00,0x00,0x00,0x00,0x00,0x00,0x00,0x00,0x00,0x00,0x00,0x00,0x00,0x00,0x00,0x00,0x00,0x00,0x00,0x00,0x00,0x00,0x00,0x00,0x00,0x00,0x00,0x00,0x00,0x00,0x00,0x00,0x00,0x00,0x00,
    0x00,0x00,0x00,0x00,0x00,0x00,0x00,0x00,0x00,0x00,0x00,0x00,0x00,0x00,0x00,0x00,0x00,0x00,0x00,0x00,0x00,0x00,0x00,0x00,0x00,0x00,0x00,0x00,0x00,0x00,0x00,0x00,0x00,0x00,0x00,0x00,0x00,0x00,0x00,0x00,0x00,0x00,0x00,0x00,0x00,0x00,0x00,0x00,0x00,0x00,0x00,0x00,0x00,0x00,0x00,0x00,0x00,0x00,0x00,0x00,0x00,0x03,0x00,0x07,0x0f,0x7f,0x08,0x7d,0x8f,0xd0,0xf2,0xb4,0x88,0xcd,0xf2,0xbf,0x85,0x80,0x68,0x40,0x0d,0x7d,0x86,0xb0,0xaa,0xd3,0x88,0x7b,0xaa,0xaa,0xb0,0x7d,0x08,0x88,0x0c,0x00,0x00,0x00,0x00,0x00,0x00,0x00,0x00,0x00,0x00,0x00,0x00,0x00,0x00,0x00,0x00,0x00,0x00,0x00,0x00,0x00,0x00,0x00,0x00,0x00,0x00,0x00,0x00,0x00,0x00,0x00,0x00,0x00,0x00,0x00,0x00,0x00,0x00,0x00,0x00,0x00,0x00,0x00,0x00,0x00,0x00,0x00,0x00,0x00,
    0x00,0x00,0x00,0x00,0x00,0x00,0x00,0x00,0x00,0x00,0x00,0x00,0x00,0x00,0x00,0x00,0x00,0x00,0x00,0x00,0x00,0x00,0x00,0x00,0x00,0x00,0x00,0x00,0x00,0x00,0x00,0x00,0x00,0x00,0x00,0x00,0x00,0x00,0x00,0x00,0x00,0x00,0x00,0x00,0x00,0x00,0x00,0x00,0x00,0x00,0x00,0x00,0x00,0x00,0x00,0x00,0x00,0x00,0x00,0x00,0x00,0x03,0x00,0x07,0x0f,0x80,0x8d,0x86,0xcd,0xdb,0xb4,0x87,0x87,0x8f,0xbd,0xd0,0x21,0x80,0x0f,0x0a,0x7d,0x80,0x8c,0xd0,0xf6,0x8f,0x9a,0x87,0xd2,0xdb,0xcd,0x85,0x8d,0x88,0x0c,0x01,0x00,0x00,0x00,0x00,0x00,0x00,0x00,0x00,0x00,0x00,0x00,0x00,0x00,0x00,0x00,0x00,0x00,0x00,0x00,0x00,0x00,0x00,0x00,0x00,0x00,0x00,0x00,0x00,0x00,0x00,0x00,0x00,0x00,0x00,0x00,0x00,0x00,0x00,0x00,0x00,0x00,0x00,0x00,0x00,0x00,0x00,0x00,0x00,
    0x00,0x00,0x00,0x00,0x00,0x00,0x00,0x00,0x00,0x00,0x00,0x00,0x00,0x00,0x00,0x00,0x00,0x00,0x00,0x00,0x00,0x00,0x00,0x00,0x00,0x00,0x00,0x00,0x00,0x00,0x00,0x00,0x00,0x00,0x00,0x00,0x00,0x00,0x00,0x00,0x00,0x00,0x00,0x00,0x00,0x00,0x00,0x00,0x00,0x00,0x00,0x00,0x00,0x00,0x00,0x00,0x00,0x00,0x00,0x00,0x00,0x00,0x03,0x03,0x18,0x7f,0x0d,0x7d,0x84,0xeb,0xd0,0xaa,0xe0,0xbd,0xce,0x8c,0x08,0x88,0x23,0x0a,0x50,0x7f,0x85,0x86,0xb0,0xaa,0xaa,0xf2,0xf2,0xb0,0x88,0x7b,0x89,0x7d,0x42,0x00,0x00,0x00,0x00,0x00,0x00,0x00,0x00,0x00,0x00,0x00,0x00,0x00,0x00,0x00,0x00,0x00,0x00,0x00,0x00,0x00,0x00,0x00,0x00,0x00,0x00,0x00,0x00,0x00,0x00,0x00,0x00,0x00,0x00,0x00,0x00,0x00,0x00,0x00,0x00,0x00,0x00,0x00,0x00,0x00,0x00,0x00,0x00,0x00,
    0x00,0x00,0x00,0x00,0x00,0x00,0x00,0x00,0x00,0x00,0x00,0x00,0x00,0x00,0x00,0x00,0x00,0x00,0x00,0x00,0x00,0x00,0x00,0x00,0x00,0x00,0x00,0x00,0x00,0x00,0x00,0x00,0x00,0x00,0x00,0x00,0x00,0x00,0x00,0x00,0x00,0x00,0x00,0x00,0x00,0x00,0x00,0x00,0x00,0x00,0x00,0x00,0x00,0x00,0x00,0x00,0x00,0x00,0x00,0x00,0x00,0x00,0x03,0x00,0x18,0x80,0x21,0x84,0x9a,0x86,0xe0,0xd3,0xb4,0xd3,0xb0,0x8c,0x86,0x87,0x23,0x16,0x68,0x86,0x88,0x85,0xce,0xaa,0xe0,0xe0,0xd3,0x8f,0x8c,0x85,0x88,0x87,0x0c,0x00,0x00,0x00,0x00,0x00,0x00,0x00,0x00,0x00,0x00,0x00,0x00,0x00,0x00,0x00,0x00,0x00,0x00,0x00,0x00,0x00,0x00,0x00,0x00,0x00,0x00,0x00,0x00,0x00,0x00,0x00,0x00,0x00,0x00,0x00,0x00,0x00,0x00,0x00,0x00,0x00,0x00,0x00,0x00,0x00,0x00,0x00,0x00,0x00,
    0x00,0x00,0x00,0x00,0x00,0x00,0x00,0x00,0x00,0x00,0x00,0x00,0x00,0x00,0x00,0x00,0x00,0x00,0x00,0x00,0x00,0x00,0x00,0x00,0x00,0x00,0x00,0x00,0x00,0x00,0x00,0x00,0x00,0x00,0x00,0x00,0x00,0x00,0x00,0x00,0x00,0x00,0x00,0x00,0x00,0x00,0x00,0x00,0x00,0x00,0x00,0x00,0x00,0x00,0x00,0x00,0x00,0x00,0x00,0x00,0x00,0x00,0x03,0x00,0x36,0x89,0x28,0x86,0xb4,0xbd,0xaa,0xd2,0xce,0xcd,0xaa,0xe0,0x85,0x88,0x2f,0x1a,0x28,0x81,0x7d,0xaa,0xbd,0xaa,0xd2,0xd2,0xaa,0xbd,0xf7,0x87,0x8d,0x85,0x0c,0x00,0x00,0x00,0x00,0x00,0x00,0x00,0x00,0x00,0x00,0x00,0x00,0x00,0x00,0x00,0x00,0x00,0x00,0x00,0x00,0x00,0x00,0x00,0x00,0x00,0x00,0x00,0x00,0x00,0x00,0x00,0x00,0x00,0x00,0x00,0x00,0x00,0x00,0x00,0x00,0x00,0x00,0x00,0x00,0x00,0x00,0x00,0x00,0x00,
    0x00,0x00,0x00,0x00,0x00,0x00,0x00,0x00,0x00,0x00,0x00,0x00,0x00,0x00,0x00,0x00,0x00,0x00,0x00,0x00,0x00,0x00,0x00,0x00,0x00,0x00,0x00,0x00,0x00,0x00,0x00,0x00,0x00,0x00,0x00,0x00,0x00,0x00,0x00,0x00,0x00,0x00,0x00,0x00,0x00,0x00,0x00,0x00,0x00,0x00,0x00,0x00,0x00,0x00,0x00,0x00,0x00,0x00,0x00,0x00,0x00,0x00,0x04,0x00,0x23,0x80,0x8d,0x7d,0xb4,0xb0,0x96,0xb4,0xb4,0xbf,0x88,0xb0,0x7d,0x7f,0x21,0x1a,0x0d,0x7f,0x7b,0xce,0x84,0xbf,0xb4,0xbf,0x94,0x7d,0xce,0x88,0x08,0x81,0x0c,0x01,0x00,0x00,0x00,0x00,0x00,0x00,0x00,0x00,0x00,0x00,0x00,0x00,0x00,0x00,0x00,0x00,0x00,0x00,0x00,0x00,0x00,0x00,0x00,0x00,0x00,0x00,0x00,0x00,0x00,0x00,0x00,0x00,0x00,0x00,0x00,0x00,0x00,0x00,0x00,0x00,0x00,0x00,0x00,0x00,0x00,0x00,0x00,0x00,
    0x00,0x00,0x00,0x00,0x00,0x00,0x00,0x00,0x00,0x00,0x00,0x00,0x00,0x00,0x00,0x00,0x00,0x00,0x00,0x00,0x00,0x00,0x00,0x00,0x00,0x00,0x00,0x00,0x00,0x00,0x00,0x00,0x00,0x00,0x00,0x00,0x00,0x00,0x00,0x00,0x00,0x00,0x00,0x00,0x00,0x00,0x00,0x00,0x00,0x00,0x00,0x00,0x00,0x00,0x00,0x00,0x00,0x00,0x00,0x00,0x00,0x00,0x00,0x00,0x0c,0x88,0x08,0x80,0x86,0x8c,0x87,0x8c,0x9a,0x9a,0x9a,0x87,0x7d,0x7d,0x68,0x18,0x86,0x08,0x81,0x8c,0x8c,0x87,0x8c,0x8c,0x8c,0x87,0x87,0x7d,0x08,0x81,0x0c,0x00,0x00,0x00,0x00,0x00,0x00,0x00,0x00,0x00,0x00,0x00,0x00,0x00,0x00,0x00,0x00,0x00,0x00,0x00,0x00,0x00,0x00,0x00,0x00,0x00,0x00,0x00,0x00,0x00,0x00,0x00,0x00,0x00,0x00,0x00,0x00,0x00,0x00,0x00,0x00,0x00,0x00,0x00,0x00,0x00,0x00,0x00,0x00,0x00,
    0x00,0x00,0x00,0x00,0x00,0x00,0x00,0x00,0x00,0x00,0x00,0x00,0x00,0x00,0x00,0x00,0x00,0x00,0x00,0x00,0x00,0x00,0x00,0x00,0x00,0x00,0x00,0x00,0x00,0x00,0x00,0x00,0x00,0x00,0x00,0x00,0x00,0x00,0x00,0x00,0x00,0x00,0x00,0x00,0x00,0x00,0x00,0x00,0x00,0x00,0x00,0x00,0x00,0x00,0x00,0x00,0x00,0x00,0x00,0x00,0x00,0x00,0x00,0x00,0x0c,0x7d,0x08,0x7d,0x7f,0x7f,0x81,0x88,0x81,0x81,0x81,0x80,0x7d,0x7d,0x87,0x0c,0x86,0x7d,0x80,0x7d,0x88,0x86,0x86,0x88,0x81,0x80,0x7f,0x7d,0x80,0x08,0x3e,0x0a,0x00,0x01,0x00,0x00,0x00,0x00,0x00,0x00,0x00,0x00,0x00,0x00,0x00,0x00,0x00,0x00,0x00,0x00,0x00,0x00,0x00,0x00,0x00,0x00,0x00,0x00,0x00,0x00,0x00,0x00,0x00,0x00,0x00,0x00,0x00,0x00,0x00,0x00,0x00,0x00,0x00,0x00,0x00,0x00,0x00,0x00,0x00,0x00,
    0x00,0x00,0x00,0x00,0x00,0x00,0x00,0x00,0x00,0x00,0x00,0x00,0x00,0x00,0x00,0x00,0x00,0x00,0x00,0x00,0x00,0x00,0x00,0x00,0x00,0x00,0x00,0x00,0x00,0x00,0x00,0x00,0x00,0x00,0x00,0x00,0x00,0x00,0x00,0x00,0x00,0x00,0x00,0x00,0x00,0x00,0x00,0x00,0x00,0x00,0x00,0x00,0x00,0x00,0x00,0x00,0x00,0x00,0x00,0x00,0x00,0x00,0x00,0x00,0x0c,0x81,0x08,0x7d,0x7d,0x81,0x84,0x84,0x86,0x81,0x80,0x7d,0x7d,0x81,0x81,0xbb,0x88,0x7f,0x7d,0x88,0x88,0x87,0x8c,0x86,0x7d,0x80,0x7d,0x7d,0x80,0x08,0x87,0x1a,0x05,0x04,0x00,0x00,0x00,0x00,0x00,0x00,0x00,0x00,0x00,0x00,0x00,0x00,0x00,0x00,0x00,0x00,0x00,0x00,0x00,0x00,0x00,0x00,0x00,0x00,0x00,0x00,0x00,0x00,0x00,0x00,0x00,0x00,0x00,0x00,0x00,0x00,0x00,0x00,0x00,0x00,0x00,0x00,0x00,0x00,0x00,0x00,
    0x00,0x00,0x00,0x00,0x00,0x00,0x00,0x00,0x00,0x00,0x00,0x00,0x00,0x00,0x00,0x00,0x00,0x00,0x00,0x00,0x00,0x00,0x00,0x00,0x00,0x00,0x00,0x00,0x00,0x00,0x00,0x00,0x00,0x00,0x00,0x00,0x00,0x00,0x00,0x00,0x00,0x00,0x00,0x00,0x00,0x00,0x00,0x00,0x00,0x00,0x00,0x00,0x00,0x00,0x00,0x00,0x00,0x00,0x00,0x00,0x00,0x00,0x00,0x00,0x0c,0x84,0x21,0x80,0x81,0x87,0x8c,0x8c,0x86,0x7d,0x80,0x7d,0x7f,0x85,0x81,0x6e,0x86,0x81,0x80,0x80,0x80,0x86,0x87,0x8c,0x85,0x7f,0x80,0x80,0x81,0x84,0x88,0x24,0x05,0x04,0x00,0x00,0x00,0x00,0x00,0x00,0x00,0x00,0x00,0x00,0x00,0x00,0x00,0x00,0x00,0x00,0x00,0x00,0x00,0x00,0x00,0x00,0x00,0x00,0x00,0x00,0x00,0x00,0x00,0x00,0x00,0x00,0x00,0x00,0x00,0x00,0x00,0x00,0x00,0x00,0x00,0x00,0x00,0x00,0x00,0x00,
    0x00,0x00,0x00,0x00,0x00,0x00,0x00,0x00,0x00,0x00,0x00,0x00,0x00,0x00,0x00,0x00,0x00,0x00,0x00,0x00,0x00,0x00,0x00,0x00,0x00,0x00,0x00,0x00,0x00,0x00,0x00,0x00,0x00,0x00,0x00,0x00,0x00,0x00,0x00,0x00,0x00,0x00,0x00,0x00,0x00,0x00,0x00,0x00,0x00,0x00,0x00,0x00,0x00,0x00,0x00,0x00,0x00,0x00,0x00,0x00,0x00,0x00,0x00,0x00,0x0c,0x7d,0x86,0x86,0x86,0x84,0x86,0x86,0x81,0x85,0x86,0x87,0x86,0x86,0x8d,0x6e,0x81,0x86,0x86,0x85,0x88,0x81,0x88,0x87,0x86,0x84,0x84,0x86,0x86,0x89,0x8f,0x40,0x00,0x03,0x00,0x00,0x00,0x00,0x00,0x00,0x00,0x00,0x00,0x00,0x00,0x00,0x00,0x00,0x00,0x00,0x00,0x00,0x00,0x00,0x00,0x00,0x00,0x00,0x00,0x00,0x00,0x00,0x00,0x00,0x00,0x00,0x00,0x00,0x00,0x00,0x00,0x00,0x00,0x00,0x00,0x00,0x00,0x00,0x00,0x00,
    0x00,0x00,0x00,0x00,0x00,0x00,0x00,0x00,0x00,0x00,0x00,0x00,0x00,0x00,0x00,0x00,0x00,0x00,0x00,0x00,0x00,0x00,0x00,0x00,0x00,0x00,0x00,0x00,0x00,0x00,0x00,0x00,0x00,0x00,0x00,0x00,0x00,0x00,0x00,0x00,0x00,0x00,0x00,0x00,0x00,0x00,0x00,0x00,0x00,0x00,0x00,0x00,0x00,0x00,0x00,0x00,0x00,0x00,0x00,0x00,0x00,0x00,0x00,0x00,0x42,0x8f,0x7b,0x7f,0x81,0x7d,0x7d,0x7d,0x81,0x85,0x81,0x88,0x81,0x89,0x89,0xbb,0x8f,0x8f,0x89,0x81,0x81,0x7d,0x7d,0x7d,0x7d,0x88,0x81,0x8d,0x96,0x61,0x8f,0x40,0x00,0x03,0x00,0x00,0x00,0x00,0x00,0x00,0x00,0x00,0x00,0x00,0x00,0x00,0x00,0x00,0x00,0x00,0x00,0x00,0x00,0x00,0x00,0x00,0x00,0x00,0x00,0x00,0x00,0x00,0x00,0x00,0x00,0x00,0x00,0x00,0x00,0x00,0x00,0x00,0x00,0x00,0x00,0x00,0x00,0x00,0x00,0x00,
    0x00,0x00,0x00,0x00,0x00,0x00,0x00,0x00,0x00,0x00,0x00,0x00,0x00,0x00,0x00,0x00,0x00,0x00,0x00,0x00,0x00,0x00,0x00,0x00,0x00,0x00,0x00,0x00,0x00,0x00,0x00,0x00,0x00,0x00,0x00,0x00,0x00,0x00,0x00,0x00,0x00,0x00,0x00,0x00,0x00,0x00,0x00,0x00,0x00,0x00,0x00,0x00,0x00,0x00,0x00,0x00,0x00,0x00,0x00,0x00,0x00,0x03,0x00,0x1a,0x2d,0x94,0x61,0x94,0x94,0x94,0x94,0x94,0x96,0x94,0x94,0x94,0xbb,0x94,0x3e,0x2f,0x8f,0x61,0x94,0x94,0x94,0x94,0x94,0x94,0x94,0x94,0x94,0x94,0x61,0x96,0x2f,0x16,0x01,0x00,0x00,0x00,0x00,0x00,0x00,0x00,0x00,0x00,0x00,0x00,0x00,0x00,0x00,0x00,0x00,0x00,0x00,0x00,0x00,0x00,0x00,0x00,0x00,0x00,0x00,0x00,0x00,0x00,0x00,0x00,0x00,0x00,0x00,0x00,0x00,0x00,0x00,0x00,0x00,0x00,0x00,0x00,0x00,0x00,0x00,0x00,
    0x00,0x00,0x00,0x00,0x00,0x00,0x00,0x00,0x00,0x00,0x00,0x00,0x00,0x00,0x00,0x00,0x00,0x00,0x00,0x00,0x00,0x00,0x00,0x00,0x00,0x00,0x00,0x00,0x00,0x00,0x00,0x00,0x00,0x00,0x00,0x00,0x00,0x00,0x00,0x00,0x00,0x00,0x00,0x00,0x00,0x00,0x00,0x00,0x00,0x00,0x00,0x00,0x00,0x00,0x00,0x00,0x00,0x00,0x00,0x00,0x00,0x04,0x00,0x07,0x35,0x2d,0x96,0x94,0x94,0x94,0x94,0x96,0x96,0x94,0x94,0x94,0x94,0x96,0x32,0x49,0x2f,0x96,0x94,0x94,0x94,0x94,0x94,0x94,0x94,0x94,0x94,0x94,0x61,0x28,0x36,0x03,0x03,0x00,0x00,0x00,0x00,0x00,0x00,0x00,0x00,0x00,0x00,0x00,0x00,0x00,0x00,0x00,0x00,0x00,0x00,0x00,0x00,0x00,0x00,0x00,0x00,0x00,0x00,0x00,0x00,0x00,0x00,0x00,0x00,0x00,0x00,0x00,0x00,0x00,0x00,0x00,0x00,0x00,0x00,0x00,0x00,0x00,0x00,0x00,
    0x00,0x00,0x00,0x00,0x00,0x00,0x00,0x00,0x00,0x00,0x00,0x00,0x00,0x00,0x00,0x00,0x00,0x00,0x00,0x00,0x00,0x00,0x00,0x00,0x00,0x00,0x00,0x00,0x00,0x00,0x00,0x00,0x00,0x00,0x00,0x00,0x00,0x00,0x00,0x00,0x00,0x00,0x00,0x00,0x00,0x00,0x00,0x00,0x00,0x00,0x00,0x00,0x00,0x00,0x00,0x00,0x00,0x00,0x00,0x00,0x00,0x00,0x01,0x00,0x00,0x49,0x32,0x42,0x96,0x96,0x7b,0x8d,0x88,0x88,0x8f,0x8f,0x23,0x35,0x07,0x16,0x07,0x0f,0x0f,0x2d,0x8f,0x7d,0x88,0x88,0x88,0x8f,0x8f,0x23,0x35,0x1a,0x07,0x03,0x01,0x00,0x00,0x00,0x00,0x00,0x00,0x00,0x00,0x00,0x00,0x00,0x00,0x00,0x00,0x00,0x00,0x00,0x00,0x00,0x00,0x00,0x00,0x00,0x00,0x00,0x00,0x00,0x00,0x00,0x00,0x00,0x00,0x00,0x00,0x00,0x00,0x00,0x00,0x00,0x00,0x00,0x00,0x00,0x00,0x00,0x00,0x00,
    0x00,0x00,0x00,0x00,0x00,0x00,0x00,0x00,0x00,0x00,0x00,0x00,0x00,0x00,0x00,0x00,0x00,0x00,0x00,0x00,0x00,0x00,0x00,0x00,0x00,0x00,0x00,0x00,0x00,0x00,0x00,0x00,0x00,0x00,0x00,0x00,0x00,0x00,0x00,0x00,0x00,0x00,0x00,0x00,0x00,0x00,0x00,0x00,0x00,0x00,0x00,0x00,0x00,0x00,0x00,0x00,0x00,0x00,0x00,0x00,0x00,0x00,0x00,0x04,0x04,0x16,0x0a,0x16,0x07,0x07,0x07,0x07,0x07,0x07,0x07,0x07,0x04,0x0a,0x00,0x00,0x00,0x03,0x00,0x0a,0x07,0x07,0x07,0x07,0x07,0x07,0x07,0x02,0x0a,0x00,0x00,0x00,0x00,0x00,0x00,0x00,0x00,0x00,0x00,0x00,0x00,0x00,0x00,0x00,0x00,0x00,0x00,0x00,0x00,0x00,0x00,0x00,0x00,0x00,0x00,0x00,0x00,0x00,0x00,0x00,0x00,0x00,0x00,0x00,0x00,0x00,0x00,0x00,0x00,0x00,0x00,0x00,0x00,0x00,0x00,0x00,0x00,0x00,0x00,0x00,
    0x00,0x00,0x00,0x00,0x00,0x00,0x00,0x00,0x00,0x00,0x00,0x00,0x00,0x00,0x00,0x00,0x00,0x00,0x00,0x00,0x00,0x00,0x00,0x00,0x00,0x00,0x00,0x00,0x00,0x00,0x00,0x00,0x00,0x00,0x00,0x00,0x00,0x00,0x00,0x00,0x00,0x00,0x00,0x00,0x00,0x00,0x00,0x00,0x00,0x00,0x00,0x00,0x00,0x00,0x00,0x00,0x00,0x00,0x00,0x00,0x00,0x00,0x00,0x00,0x00,0x00,0x00,0x00,0x00,0x00,0x00,0x00,0x00,0x00,0x00,0x00,0x00,0x00,0x01,0x01,0x00,0x00,0x03,0x00,0x00,0x00,0x00,0x00,0x00,0x00,0x00,0x00,0x00,0x04,0x04,0x00,0x00,0x00,0x00,0x00,0x00,0x00,0x00,0x00,0x00,0x00,0x00,0x00,0x00,0x00,0x00,0x00,0x00,0x00,0x00,0x00,0x00,0x00,0x00,0x00,0x00,0x00,0x00,0x00,0x00,0x00,0x00,0x00,0x00,0x00,0x00,0x00,0x00,0x00,0x00,0x00,0x00,0x00,0x00,0x00,0x00,0x00,0x00,0x00,

};

const lv_image_dsc_t passport_pet_waving_2 = {
  .header = {
    .magic = LV_IMAGE_HEADER_MAGIC,
    .cf = LV_COLOR_FORMAT_I8,
    .flags = 0,
    .w = 144,
    .h = 156,
    .stride = 144,
    .reserved_2 = 0,
  },
  .data_size = sizeof(passport_pet_waving_2_map),
  .data = passport_pet_waving_2_map,
  .reserved = NULL,
};
