
#if defined(LV_LVGL_H_INCLUDE_SIMPLE)
#include "lvgl.h"
#elif defined(LV_LVGL_H_INCLUDE_SYSTEM)
#include <lvgl.h>
#elif defined(LV_BUILD_TEST)
#include "../lvgl.h"
#else
#include "lvgl/lvgl.h"
#endif

#ifndef LV_ATTRIBUTE_MEM_ALIGN
#define LV_ATTRIBUTE_MEM_ALIGN
#endif

#ifndef LV_ATTRIBUTE_PASSPORT_PET_RUNNING_1
#define LV_ATTRIBUTE_PASSPORT_PET_RUNNING_1
#endif

static const
LV_ATTRIBUTE_MEM_ALIGN LV_ATTRIBUTE_LARGE_CONST LV_ATTRIBUTE_PASSPORT_PET_RUNNING_1
uint8_t passport_pet_running_1_map[] = {

    0x4c,0x70,0x47,0x00,0x0a,0x00,0x0f,0x01,0x51,0x55,0x51,0x02,0x1d,0x1c,0x14,0x03,
    0xc4,0xff,0xec,0x01,0x97,0xbb,0xbb,0x02,0x18,0x12,0x15,0xfc,0x0c,0x08,0x0b,0xfc,
    0x30,0x2f,0x24,0x07,0x93,0xaa,0xc0,0xfe,0x12,0x0d,0x0d,0x25,0x14,0x0e,0x0f,0xc5,
    0x25,0x25,0x1f,0x0c,0x14,0x0f,0x0d,0x5f,0xbe,0xe0,0xf7,0xfe,0xaa,0xca,0xdc,0xfe,
    0x11,0x0e,0x0e,0x74,0x0e,0x09,0x0c,0xf0,0x2f,0x32,0x3d,0xfe,0x42,0x43,0x47,0xfe,
    0x97,0xb4,0xb5,0x0a,0x19,0x1d,0x18,0x13,0xb0,0xd0,0xe3,0xfe,0xd1,0xe8,0xea,0x0e,
    0x19,0x13,0x14,0xed,0xd1,0xe1,0xe7,0x1e,0x16,0x10,0x12,0xdc,0x5b,0x7e,0x77,0x3a,
    0x2b,0x3c,0x35,0x1e,0xc1,0xc9,0xd4,0xfe,0x66,0x73,0x81,0xfe,0xa7,0x68,0x10,0xfd,
    0x11,0x0d,0x0f,0xa5,0xb7,0xcc,0xdb,0xfe,0xd1,0xea,0xec,0x66,0x17,0x14,0x12,0x40,
    0xad,0xbd,0xca,0xfd,0xa1,0xc1,0xd5,0xfd,0xc6,0xdd,0xe9,0xfd,0x6f,0x7d,0x8c,0xfd,
    0xbf,0x79,0x09,0xfd,0x38,0x4a,0x3a,0x2d,0x1b,0x16,0x18,0xb9,0xe1,0xf4,0xf4,0x03,
    0x97,0xaf,0xd0,0xfd,0x17,0x14,0x11,0x84,0x82,0x99,0x9e,0x27,0x86,0xa1,0xa9,0x16,
    0x11,0x0d,0x0e,0x94,0xe0,0xf1,0xf6,0xdb,0xdd,0xeb,0xee,0x33,0xa4,0xba,0xc3,0x32,
    0x5d,0x83,0x84,0xbf,0x8f,0xab,0xaf,0x63,0x8c,0xaa,0xb2,0xb3,0x90,0x99,0xa2,0xfd,
    0xba,0xc2,0xcb,0xfb,0x55,0x82,0x7d,0x88,0x7f,0x8a,0x9b,0xfb,0xe0,0xeb,0xf3,0xfe,
    0xd7,0xee,0xef,0x91,0x7b,0xa5,0xa8,0xe1,0xec,0xf6,0xfa,0xf1,0x73,0x56,0x04,0x6d,
    0x69,0x4d,0x04,0x96,0x99,0xb1,0xbd,0xdd,0x86,0xa2,0xae,0xf9,0x7d,0x96,0xa0,0xc8,
    0x76,0xa0,0xa2,0x85,0x18,0x12,0x0d,0x36,0x13,0x0e,0x0d,0x4d,0x5e,0x74,0x7d,0x9a,
    0x9f,0xb8,0xc1,0x88,0x46,0x5d,0x60,0xa8,0x7f,0x9a,0xa3,0xac,0x90,0x7d,0x8a,0xfe,
    0x58,0x5c,0x43,0x4c,0xd1,0xe5,0xee,0xc6,0xa2,0xb7,0xbf,0x47,0x85,0xa9,0xb1,0xcc,
    0x52,0x75,0x73,0x6d,0xa6,0xbc,0xc8,0xe5,0xb7,0xd3,0xdf,0xdd,0x6a,0x8b,0x8f,0x6d,
    0x70,0x8e,0x97,0x9d,0x77,0x95,0x96,0x4c,0x9e,0x62,0x06,0xdd,0x66,0x82,0x89,0xae,
    0x4c,0x70,0x79,0xb1,0x9e,0xb3,0xbf,0xcd,0xcd,0xe7,0xe9,0x4d,0x6e,0x90,0x93,0xbd,
    0xa2,0xbd,0xc3,0xa2,0x60,0x6f,0x78,0xe2,0xac,0xce,0xd5,0xa8,0x42,0x57,0x57,0xcd,
    0x33,0x40,0x3d,0x6c,0xbc,0xd3,0xdc,0xc1,0xa6,0xc0,0xca,0xd4,0x63,0x95,0x93,0xf1,
    0xea,0xf6,0xf7,0x7b,0x63,0x4f,0x08,0xce,0x69,0x8a,0x8d,0xdb,0x41,0x37,0x29,0x89,
    0x3e,0x62,0x63,0x80,0xe8,0xf7,0xfa,0xe4,0xe9,0xfa,0xf9,0xa0,0x5f,0x6d,0x78,0xc5,
    0xc3,0x7f,0xff,0x02,0x5a,0x62,0x6d,0xf1,0x83,0x56,0x06,0xe5,0xca,0xdb,0xe4,0xec,
    0x7b,0x8c,0x5d,0xfe,0x96,0x63,0x02,0xb0,0xcd,0x84,0x01,0xbe,0x19,0x13,0x16,0xff,
    0x0a,0x07,0x0a,0xff,0x20,0x17,0x1a,0xff,0xcf,0xe8,0xfc,0xff,0x1a,0x14,0x17,0xff,
    0x1d,0x15,0x18,0xff,0xbb,0xe4,0xfd,0xff,0x06,0x05,0x09,0xff,0xd1,0xe8,0xfc,0xff,
    0x0f,0x0b,0x0e,0xff,0x11,0x0d,0x10,0xff,0x0c,0x09,0x0c,0xff,0xcd,0xe7,0xfb,0xff,
    0x16,0x0f,0x12,0xff,0x13,0x0e,0x11,0xff,0xcd,0xe5,0xfa,0xff,0xc7,0xe6,0xfc,0xff,
    0xf4,0x97,0x01,0xff,0xe4,0xed,0xfa,0xff,0x02,0x01,0x03,0xff,0x16,0x11,0x14,0xff,
    0xd6,0xee,0xff,0xff,0xd2,0xec,0xfe,0xff,0xdd,0xeb,0xfa,0xff,0x2a,0x24,0x29,0xff,
    0x23,0x1a,0x1e,0xff,0xf8,0x9a,0x01,0xff,0xc0,0xe6,0xfd,0xff,0xba,0xe2,0xfb,0xff,
    0xfc,0x9e,0x01,0xff,0xd6,0xe9,0xfb,0xff,0xc3,0xe4,0xfb,0xff,0xc6,0xeb,0xff,0xff,
    0xd8,0xf4,0xff,0xff,0xdb,0xf0,0xff,0xff,0x94,0xa2,0xb3,0xff,0xf1,0xfa,0xfe,0xff,
    0xee,0xf6,0xfb,0xff,0xe9,0x8e,0x03,0xff,0xcb,0xd9,0xf7,0xff,0xca,0xe3,0xf9,0xff,
    0xe9,0xf2,0xfa,0xff,0xbf,0xd0,0xe1,0xff,0xfc,0xff,0xff,0xff,0xcc,0xf1,0xff,0xff,
    0xf3,0xfe,0xff,0xff,0x8d,0x44,0x57,0xff,0xda,0x82,0x03,0xff,0x9d,0xb9,0xd1,0xff,
    0xf4,0x91,0x01,0xff,0xe3,0xf5,0xff,0xff,0xcf,0xdf,0xf6,0xff,0x5b,0x2c,0x39,0xff,
    0x3b,0x1d,0x21,0xff,0xa7,0x4e,0x63,0xff,0x88,0x89,0x8c,0xff,0xe4,0xf9,0xff,0xff,
    0x80,0x91,0xa5,0xff,0xaa,0xb3,0xbd,0xff,0xb1,0xc4,0xd3,0xff,0xb2,0xd4,0xef,0xff,
    0xda,0xe3,0xec,0xff,0x9e,0xa9,0xb4,0xff,0xb6,0xdb,0xef,0xff,0x47,0x23,0x2c,0xff,
    0x93,0xb3,0xc3,0xff,0x9f,0xb5,0xf8,0xff,0xa6,0xb7,0xc7,0xff,0xff,0xa7,0x01,0xff,
    0xbf,0x50,0x6f,0xff,0x73,0x2a,0x06,0xff,0x6e,0x33,0x41,0xff,0x2f,0x19,0x1f,0xff,
    0x76,0x3c,0x4a,0xff,0xc5,0xd6,0xee,0xff,0x4b,0x2b,0x34,0xff,0xa8,0x32,0x04,0xff,
    0xac,0xc2,0xe2,0xff,0x54,0x56,0x5f,0xff,0x4f,0x5a,0x6f,0xff,0xc1,0x6d,0x02,0xff,
    0xd6,0xe7,0xfa,0xff,0xcf,0xdb,0xe4,0xff,0xcb,0xd1,0xd7,0xff,0xb1,0x4c,0x04,0xff,
    0xe5,0x50,0x76,0xff,0x9a,0x33,0x4f,0xff,0x84,0x99,0xc1,0xff,0x8e,0xa7,0xf5,0xff,
    0xda,0x62,0x85,0xff,0xd2,0xe5,0xf4,0xff,0x97,0x4f,0x0f,0xff,0x70,0x85,0xc0,0xff,
    0x82,0x9a,0xb0,0xff,0x6e,0x85,0xa4,0xff,0xd8,0x74,0x01,0xff,0x54,0x62,0x80,0xff,
    0x2b,0x10,0x15,0xff,0xc0,0x5a,0x04,0xff,0xc0,0xdb,0xf6,0xff,0xb3,0xc9,0xf8,0xff,
    0x77,0x69,0x76,0xff,0x9a,0x5d,0x09,0xff,0x3a,0x4a,0x6a,0xff,0x67,0x68,0x6e,0xff,
    0x71,0x69,0x57,0xff,0xbc,0x38,0x55,0xff,0x8c,0x4f,0x63,0xff,0xa2,0x95,0x91,0xff,
    0x73,0x5d,0x2d,0xff,0xd7,0xfa,0xff,0xff,0x58,0x6c,0xa2,0xff,0xae,0x7b,0x2a,0xff,
    0x6f,0x47,0x0d,0xff,0x62,0x78,0xa6,0xff,0x55,0x14,0x08,0xff,0xbf,0x60,0x79,0xff,
    0xf3,0x9e,0xb4,0xff,0x24,0x01,0x02,0xff,0x99,0x84,0x64,0xff,0x0e,0x93,0xb5,0xff,
    0x6a,0x4d,0x4b,0xff,0x06,0xd5,0xfa,0xff,0x5f,0x35,0x0a,0xff,0xa5,0x86,0x43,0xff,
    0xd7,0x65,0x65,0xff,0x91,0x6b,0x42,0xff,0xb3,0xac,0xab,0xff,0x7e,0x97,0xd7,0xff,
    0xa6,0xa3,0x69,0xff,0x22,0x7d,0x97,0xff,0x9c,0x39,0x04,0xff,0xf7,0xd5,0xdf,0xff,
    0x1b,0x66,0x77,0xff,0xe1,0x90,0x98,0xff,0x9c,0x62,0x72,0xff,0x00,0xbe,0xed,0xff,
    0xf9,0x7e,0x99,0xff,0x7c,0xaa,0xae,0xff,0xea,0xba,0xc9,0xff,0xc4,0x83,0x61,0xff,

    0x00,0x00,0x00,0x00,0x00,0x00,0x00,0x00,0x00,0x00,0x00,0x00,0x00,0x00,0x00,0x00,0x00,0x00,0x00,0x00,0x00,0x00,0x00,0x00,0x00,0x00,0x00,0x00,0x00,0x00,0x00,0x00,0x00,0x00,0x00,0x00,0x00,0x00,0x00,0x00,0x00,0x00,0x00,0x00,0x00,0x00,0x00,0x00,0x00,0x00,0x00,0x00,0x00,0x00,0x00,0x00,0x00,0x00,0x00,0x00,0x00,0x05,0x00,0x00,0x00,0x00,0x00,0x00,0x00,0x00,0x00,0x00,0x00,0x00,0x00,0x00,0x00,0x00,0x00,0x00,0x00,0x00,0x00,0x00,0x00,0x00,0x00,0x00,0x00,0x00,0x00,0x00,0x00,0x00,0x00,0x00,0x00,0x00,0x00,0x00,0x00,0x00,0x00,0x00,0x00,0x00,0x00,0x00,0x00,0x00,0x00,0x00,0x00,0x00,0x00,0x00,0x00,0x00,0x00,0x00,0x00,0x00,0x00,0x00,0x00,0x00,0x00,0x00,0x00,0x00,0x00,0x00,0x00,0x00,0x00,0x00,0x00,0x00,0x00,0x00,0x00,0x00,0x00,0x00,
    0x00,0x00,0x00,0x00,0x00,0x00,0x00,0x00,0x00,0x00,0x00,0x00,0x00,0x00,0x00,0x00,0x00,0x00,0x00,0x00,0x00,0x00,0x00,0x00,0x00,0x00,0x00,0x00,0x00,0x00,0x00,0x00,0x00,0x00,0x00,0x00,0x00,0x00,0x00,0x00,0x00,0x00,0x00,0x00,0x00,0x00,0x00,0x00,0x00,0x00,0x00,0x00,0x00,0x00,0x00,0x00,0x00,0x00,0x00,0x00,0x00,0x00,0x2b,0x17,0x32,0x19,0x14,0x00,0x01,0x00,0x00,0x00,0x00,0x00,0x00,0x00,0x00,0x00,0x00,0x00,0x00,0x00,0x00,0x00,0x00,0x00,0x00,0x00,0x00,0x00,0x00,0x00,0x00,0x00,0x00,0x00,0x00,0x00,0x00,0x00,0x00,0x00,0x00,0x00,0x00,0x00,0x00,0x00,0x00,0x00,0x00,0x00,0x00,0x00,0x00,0x00,0x00,0x00,0x00,0x00,0x00,0x00,0x00,0x00,0x00,0x00,0x00,0x00,0x00,0x00,0x00,0x00,0x00,0x00,0x00,0x00,0x00,0x00,0x00,0x00,0x00,0x00,0x00,0x00,
    0x00,0x00,0x00,0x00,0x00,0x00,0x00,0x00,0x00,0x00,0x00,0x00,0x00,0x00,0x00,0x00,0x00,0x00,0x00,0x00,0x00,0x00,0x00,0x00,0x00,0x00,0x00,0x00,0x00,0x00,0x00,0x00,0x00,0x00,0x00,0x00,0x00,0x00,0x00,0x00,0x00,0x00,0x00,0x00,0x00,0x00,0x00,0x00,0x00,0x00,0x00,0x00,0x00,0x00,0x00,0x00,0x00,0x00,0x00,0x2b,0x00,0x5a,0x4d,0x31,0x31,0x3c,0x2e,0x04,0x02,0x00,0x00,0x00,0x00,0x00,0x00,0x00,0x00,0x00,0x00,0x00,0x00,0x00,0x00,0x00,0x00,0x00,0x00,0x00,0x00,0x00,0x00,0x00,0x00,0x00,0x00,0x00,0x00,0x00,0x00,0x00,0x00,0x00,0x00,0x00,0x00,0x00,0x00,0x00,0x00,0x00,0x00,0x00,0x00,0x00,0x00,0x00,0x00,0x00,0x00,0x00,0x00,0x00,0x00,0x00,0x00,0x00,0x00,0x00,0x00,0x00,0x00,0x00,0x00,0x00,0x00,0x00,0x00,0x00,0x00,0x00,0x00,0x00,0x00,0x00,
    0x00,0x00,0x00,0x00,0x00,0x00,0x00,0x00,0x00,0x00,0x00,0x00,0x00,0x00,0x00,0x00,0x00,0x00,0x00,0x00,0x00,0x00,0x00,0x00,0x00,0x00,0x00,0x00,0x00,0x00,0x00,0x00,0x00,0x00,0x00,0x00,0x00,0x00,0x00,0x00,0x00,0x00,0x00,0x00,0x00,0x00,0x00,0x00,0x00,0x00,0x00,0x00,0x00,0x00,0x00,0x00,0x00,0x00,0x04,0x00,0x17,0x6a,0x26,0x51,0x22,0x19,0x00,0x04,0x00,0x00,0x00,0x00,0x00,0x00,0x00,0x00,0x00,0x00,0x00,0x00,0x00,0x00,0x00,0x00,0x00,0x00,0x00,0x00,0x00,0x00,0x00,0x00,0x00,0x00,0x00,0x00,0x00,0x00,0x00,0x00,0x00,0x00,0x00,0x00,0x00,0x00,0x00,0x00,0x00,0x00,0x00,0x00,0x00,0x00,0x00,0x00,0x00,0x00,0x00,0x00,0x00,0x00,0x00,0x00,0x00,0x00,0x00,0x00,0x00,0x00,0x00,0x00,0x00,0x00,0x00,0x00,0x00,0x00,0x00,0x00,0x00,0x00,0x00,0x00,
    0x00,0x00,0x00,0x00,0x00,0x00,0x00,0x00,0x00,0x00,0x00,0x00,0x00,0x00,0x00,0x00,0x00,0x00,0x00,0x00,0x00,0x00,0x00,0x00,0x00,0x00,0x00,0x00,0x00,0x00,0x00,0x00,0x00,0x00,0x00,0x00,0x00,0x00,0x00,0x00,0x00,0x00,0x00,0x00,0x00,0x00,0x00,0x00,0x00,0x00,0x00,0x00,0x00,0x00,0x00,0x00,0x00,0x04,0x02,0x17,0x64,0x69,0x51,0x50,0x00,0x00,0x04,0x00,0x00,0x00,0x00,0x00,0x00,0x00,0x00,0x00,0x00,0x00,0x00,0x00,0x00,0x00,0x00,0x00,0x00,0x00,0x00,0x00,0x00,0x00,0x00,0x00,0x00,0x00,0x00,0x00,0x00,0x00,0x00,0x00,0x00,0x00,0x00,0x00,0x00,0x00,0x00,0x00,0x00,0x00,0x00,0x00,0x00,0x00,0x00,0x00,0x00,0x00,0x00,0x00,0x00,0x00,0x00,0x00,0x00,0x00,0x00,0x00,0x00,0x00,0x00,0x00,0x00,0x00,0x00,0x00,0x00,0x00,0x00,0x00,0x00,0x00,0x00,0x00,
    0x00,0x00,0x00,0x00,0x00,0x00,0x00,0x00,0x00,0x00,0x00,0x00,0x00,0x00,0x00,0x00,0x00,0x00,0x00,0x00,0x00,0x00,0x00,0x00,0x00,0x00,0x00,0x00,0x00,0x00,0x00,0x00,0x00,0x00,0x00,0x00,0x00,0x00,0x00,0x00,0x00,0x00,0x00,0x00,0x00,0x00,0x00,0x00,0x00,0x00,0x00,0x00,0x00,0x00,0x00,0x00,0x00,0x2b,0x00,0x22,0x3e,0x9c,0x62,0x33,0x04,0x2b,0x00,0x00,0x00,0x00,0x00,0x00,0x00,0x00,0x00,0x00,0x00,0x00,0x00,0x00,0x00,0x00,0x00,0x00,0x00,0x00,0x00,0x00,0x00,0x00,0x00,0x00,0x00,0x00,0x00,0x00,0x00,0x00,0x00,0x00,0x00,0x00,0x00,0x00,0x00,0x00,0x00,0x00,0x00,0x00,0x00,0x00,0x00,0x00,0x00,0x00,0x00,0x00,0x00,0x00,0x00,0x00,0x00,0x00,0x00,0x00,0x00,0x00,0x00,0x00,0x00,0x00,0x00,0x00,0x00,0x00,0x00,0x00,0x00,0x00,0x00,0x00,0x00,0x00,
    0x00,0x00,0x00,0x00,0x00,0x00,0x00,0x00,0x00,0x00,0x00,0x00,0x00,0x00,0x00,0x00,0x00,0x00,0x00,0x00,0x00,0x00,0x00,0x00,0x00,0x00,0x00,0x00,0x00,0x00,0x00,0x00,0x00,0x00,0x00,0x00,0x00,0x00,0x00,0x00,0x00,0x00,0x00,0x00,0x00,0x00,0x00,0x00,0x00,0x00,0x00,0x00,0x00,0x00,0x00,0x00,0x04,0x00,0x17,0x5c,0xcd,0x91,0x61,0x14,0x00,0x04,0x00,0x00,0x00,0x00,0x00,0x00,0x00,0x00,0x00,0x00,0x00,0x00,0x00,0x00,0x00,0x00,0x00,0x00,0x00,0x00,0x00,0x00,0x00,0x00,0x00,0x00,0x00,0x00,0x00,0x00,0x00,0x00,0x00,0x00,0x00,0x00,0x00,0x00,0x00,0x00,0x00,0x00,0x00,0x00,0x00,0x00,0x00,0x00,0x00,0x00,0x00,0x00,0x00,0x00,0x00,0x00,0x00,0x00,0x00,0x00,0x00,0x00,0x00,0x00,0x00,0x00,0x00,0x00,0x00,0x00,0x00,0x00,0x00,0x00,0x00,0x00,0x00,0x00,
    0x00,0x00,0x00,0x00,0x00,0x00,0x00,0x00,0x00,0x00,0x00,0x00,0x00,0x00,0x00,0x00,0x00,0x00,0x00,0x00,0x00,0x00,0x00,0x00,0x00,0x00,0x00,0x00,0x00,0x00,0x00,0x00,0x00,0x00,0x00,0x00,0x00,0x00,0x00,0x00,0x00,0x00,0x00,0x00,0x00,0x00,0x00,0x00,0x00,0x00,0x00,0x00,0x00,0x00,0x00,0x00,0x6c,0x00,0x19,0x4a,0x21,0x91,0x59,0x1b,0x04,0x05,0x00,0x00,0x00,0x00,0x00,0x01,0x03,0x03,0x03,0x03,0x03,0x03,0x01,0x00,0x00,0x00,0x00,0x00,0x00,0x00,0x00,0x00,0x00,0x00,0x00,0x00,0x00,0x00,0x00,0x00,0x00,0x00,0x00,0x00,0x00,0x00,0x00,0x00,0x00,0x00,0x00,0x00,0x00,0x00,0x00,0x00,0x00,0x00,0x00,0x00,0x00,0x00,0x00,0x00,0x00,0x00,0x00,0x00,0x00,0x00,0x00,0x00,0x00,0x00,0x00,0x00,0x00,0x00,0x00,0x00,0x00,0x00,0x00,0x00,0x00,0x00,0x00,0x00,
    0x00,0x00,0x00,0x00,0x00,0x00,0x00,0x00,0x00,0x00,0x00,0x00,0x00,0x00,0x00,0x00,0x00,0x00,0x00,0x00,0x00,0x00,0x00,0x00,0x00,0x00,0x00,0x00,0x00,0x00,0x00,0x00,0x00,0x00,0x00,0x00,0x00,0x00,0x00,0x00,0x00,0x00,0x00,0x00,0x00,0x00,0x00,0x00,0x00,0x00,0x00,0x00,0x00,0x00,0x00,0x00,0x02,0x00,0x1c,0x47,0xae,0x91,0x4f,0x1b,0x00,0x05,0x04,0x00,0x01,0x03,0x00,0x00,0x00,0x00,0x00,0x00,0x00,0x00,0x00,0x00,0x05,0x00,0x02,0x01,0x00,0x00,0x00,0x00,0x00,0x00,0x00,0x00,0x00,0x00,0x00,0x00,0x00,0x00,0x00,0x00,0x00,0x00,0x00,0x00,0x00,0x00,0x00,0x00,0x00,0x00,0x00,0x00,0x00,0x00,0x00,0x00,0x00,0x00,0x00,0x00,0x00,0x00,0x00,0x00,0x00,0x00,0x00,0x00,0x00,0x00,0x00,0x00,0x00,0x00,0x00,0x00,0x00,0x00,0x00,0x00,0x00,0x00,0x00,0x00,
    0x00,0x00,0x00,0x00,0x00,0x00,0x00,0x00,0x00,0x00,0x00,0x00,0x00,0x00,0x00,0x00,0x00,0x00,0x00,0x00,0x00,0x00,0x00,0x00,0x00,0x00,0x00,0x00,0x00,0x00,0x00,0x00,0x00,0x00,0x00,0x00,0x00,0x00,0x00,0x00,0x00,0x00,0x00,0x00,0x00,0x00,0x00,0x00,0x00,0x00,0x00,0x00,0x00,0x00,0x00,0x00,0x04,0x00,0x1c,0x34,0xbd,0x95,0xa3,0x34,0x33,0x05,0x00,0x01,0x00,0x00,0x04,0x0c,0x29,0x29,0x29,0x29,0x29,0x29,0x0c,0x04,0x00,0x05,0x00,0x00,0x05,0x00,0x00,0x00,0x00,0x00,0x00,0x00,0x00,0x00,0x00,0x00,0x00,0x00,0x00,0x00,0x00,0x00,0x00,0x00,0x00,0x00,0x00,0x00,0x00,0x00,0x00,0x00,0x00,0x00,0x00,0x00,0x00,0x00,0x00,0x00,0x00,0x00,0x00,0x00,0x00,0x00,0x00,0x00,0x00,0x00,0x00,0x00,0x00,0x00,0x00,0x00,0x00,0x00,0x00,0x00,0x00,0x00,0x00,0x00,
    0x00,0x00,0x00,0x00,0x00,0x00,0x00,0x00,0x00,0x00,0x00,0x00,0x00,0x00,0x00,0x00,0x00,0x00,0x00,0x00,0x00,0x00,0x00,0x00,0x00,0x00,0x00,0x00,0x00,0x00,0x00,0x00,0x00,0x00,0x00,0x00,0x00,0x00,0x00,0x00,0x00,0x00,0x00,0x00,0x00,0x00,0x00,0x00,0x00,0x00,0x00,0x00,0x00,0x00,0x00,0x00,0x00,0x2b,0x00,0x64,0x3e,0xab,0x9a,0x25,0x48,0x00,0x17,0x00,0x15,0x4c,0x60,0x68,0x49,0x57,0x36,0x36,0x4a,0x58,0x39,0x53,0x55,0x00,0x2f,0x14,0x00,0x00,0x01,0x00,0x00,0x00,0x00,0x00,0x00,0x00,0x00,0x00,0x00,0x00,0x00,0x00,0x00,0x00,0x00,0x00,0x00,0x00,0x00,0x00,0x00,0x00,0x00,0x00,0x00,0x00,0x00,0x00,0x00,0x00,0x00,0x00,0x00,0x00,0x00,0x00,0x00,0x00,0x00,0x00,0x00,0x00,0x00,0x00,0x00,0x00,0x00,0x00,0x00,0x00,0x00,0x00,0x00,0x00,0x00,0x00,
    0x00,0x00,0x00,0x00,0x00,0x00,0x00,0x00,0x00,0x00,0x00,0x00,0x00,0x00,0x00,0x00,0x00,0x00,0x00,0x00,0x00,0x00,0x00,0x00,0x00,0x00,0x00,0x00,0x00,0x00,0x00,0x00,0x00,0x00,0x00,0x00,0x00,0x00,0x00,0x00,0x00,0x00,0x00,0x00,0x00,0x00,0x00,0x00,0x00,0x00,0x00,0x00,0x00,0x00,0x00,0x00,0x00,0x2b,0x05,0x19,0x3c,0x4d,0x92,0x9a,0x41,0x36,0x44,0x54,0x34,0x59,0x41,0xb4,0x0f,0xaf,0x83,0x92,0x0e,0xaf,0x21,0x51,0x59,0x34,0x4a,0x53,0x1b,0x14,0x00,0x02,0x04,0x00,0x00,0x00,0x00,0x00,0x00,0x00,0x00,0x00,0x00,0x00,0x00,0x00,0x00,0x00,0x00,0x00,0x00,0x00,0x00,0x00,0x00,0x00,0x00,0x00,0x00,0x00,0x00,0x00,0x00,0x00,0x00,0x00,0x00,0x00,0x00,0x00,0x00,0x00,0x00,0x00,0x00,0x00,0x00,0x00,0x00,0x00,0x00,0x00,0x00,0x00,0x00,0x00,0x00,0x00,
    0x00,0x00,0x00,0x00,0x00,0x00,0x00,0x00,0x00,0x00,0x00,0x00,0x00,0x00,0x00,0x00,0x00,0x00,0x00,0x00,0x00,0x00,0x00,0x00,0x00,0x00,0x00,0x00,0x00,0x00,0x00,0x00,0x00,0x00,0x00,0x00,0x00,0x00,0x00,0x00,0x00,0x00,0x00,0x00,0x00,0x00,0x00,0x00,0x00,0x00,0x00,0x00,0x00,0x00,0x00,0x04,0x05,0x00,0x00,0x01,0x00,0x22,0x52,0x09,0x96,0x2c,0xc0,0x9d,0x0e,0x83,0x93,0x8f,0x0e,0x0e,0x0e,0x0e,0x83,0x7b,0x89,0x95,0x7f,0x0e,0x21,0x41,0x4a,0x39,0x1c,0x00,0x00,0x00,0x00,0x00,0x00,0x00,0x00,0x00,0x00,0x00,0x00,0x00,0x00,0x00,0x00,0x00,0x00,0x00,0x00,0x00,0x00,0x00,0x00,0x00,0x00,0x00,0x00,0x00,0x00,0x00,0x00,0x00,0x00,0x00,0x00,0x00,0x00,0x00,0x00,0x00,0x00,0x00,0x00,0x00,0x00,0x00,0x00,0x00,0x00,0x00,0x00,0x00,0x00,0x00,0x00,0x00,
    0x00,0x00,0x00,0x00,0x00,0x00,0x00,0x00,0x00,0x00,0x00,0x00,0x00,0x00,0x00,0x00,0x00,0x00,0x00,0x00,0x00,0x00,0x00,0x00,0x00,0x00,0x00,0x00,0x00,0x00,0x00,0x00,0x00,0x00,0x00,0x00,0x00,0x00,0x00,0x00,0x00,0x00,0x00,0x00,0x00,0x00,0x00,0x00,0x00,0x00,0x00,0x00,0x00,0x01,0x04,0x00,0x00,0x19,0x22,0x22,0x22,0x57,0x47,0x63,0xd0,0xc0,0x92,0x92,0x79,0x8f,0x8f,0x8f,0x8f,0x8f,0x79,0x79,0x8f,0x92,0x82,0x92,0x8f,0x79,0x79,0x83,0xb2,0x3a,0x58,0x1b,0x2f,0x01,0x02,0x00,0x00,0x00,0x00,0x00,0x00,0x00,0x00,0x00,0x00,0x00,0x00,0x00,0x00,0x00,0x00,0x00,0x00,0x00,0x00,0x00,0x00,0x00,0x00,0x00,0x00,0x00,0x00,0x00,0x00,0x00,0x00,0x00,0x00,0x00,0x00,0x00,0x00,0x00,0x00,0x00,0x00,0x00,0x00,0x00,0x00,0x00,0x00,0x00,0x00,0x00,0x00,0x00,
    0x00,0x00,0x00,0x00,0x00,0x00,0x00,0x00,0x00,0x00,0x00,0x00,0x00,0x00,0x00,0x00,0x00,0x00,0x00,0x00,0x00,0x00,0x00,0x00,0x00,0x00,0x00,0x00,0x00,0x00,0x00,0x00,0x00,0x00,0x00,0x00,0x00,0x00,0x00,0x00,0x00,0x00,0x00,0x00,0x00,0x00,0x00,0x00,0x00,0x00,0x00,0x00,0x2b,0x00,0x00,0x19,0x5a,0x6a,0x31,0x97,0xb6,0x1e,0x16,0x82,0x89,0x8e,0x8f,0x8f,0x79,0x8f,0x8f,0x79,0x79,0x79,0x79,0x79,0x79,0x8f,0x92,0x7f,0x83,0x92,0x83,0x82,0x89,0xd6,0xc0,0x09,0x36,0x33,0x00,0x02,0x04,0x00,0x00,0x00,0x00,0x00,0x00,0x00,0x00,0x00,0x00,0x00,0x00,0x00,0x00,0x00,0x00,0x00,0x00,0x00,0x00,0x00,0x00,0x00,0x00,0x00,0x00,0x00,0x00,0x00,0x00,0x00,0x00,0x00,0x00,0x00,0x00,0x00,0x00,0x00,0x00,0x00,0x00,0x00,0x00,0x00,0x00,0x00,0x00,0x00,0x00,0x00,
    0x00,0x00,0x00,0x00,0x00,0x00,0x00,0x00,0x00,0x00,0x00,0x00,0x00,0x00,0x00,0x00,0x00,0x00,0x00,0x00,0x00,0x00,0x00,0x00,0x00,0x00,0x00,0x00,0x00,0x00,0x00,0x00,0x00,0x00,0x00,0x00,0x00,0x00,0x00,0x00,0x00,0x00,0x00,0x00,0x00,0x00,0x00,0x00,0x00,0x00,0x00,0x04,0x00,0x17,0x17,0x64,0x31,0x97,0x9c,0xb1,0xd0,0x76,0x88,0x82,0x82,0x8f,0x92,0x79,0x8f,0x79,0x79,0x8f,0x79,0x79,0x79,0x8f,0x8f,0x8f,0x79,0x83,0x7f,0x83,0x7f,0x83,0x9b,0x83,0x76,0x89,0x0f,0x34,0x1b,0x00,0x00,0x04,0x00,0x00,0x00,0x00,0x00,0x00,0x00,0x00,0x00,0x00,0x00,0x00,0x00,0x00,0x00,0x00,0x00,0x00,0x00,0x00,0x00,0x00,0x00,0x00,0x00,0x00,0x00,0x00,0x00,0x00,0x00,0x00,0x00,0x00,0x00,0x00,0x00,0x00,0x00,0x00,0x00,0x00,0x00,0x00,0x00,0x00,0x00,0x00,0x00,0x00,
    0x00,0x00,0x00,0x00,0x00,0x00,0x00,0x00,0x00,0x00,0x00,0x00,0x00,0x00,0x00,0x00,0x00,0x00,0x00,0x00,0x00,0x00,0x00,0x00,0x00,0x00,0x00,0x00,0x00,0x00,0x00,0x00,0x00,0x00,0x00,0x00,0x00,0x00,0x00,0x00,0x00,0x00,0x00,0x00,0x00,0x00,0x00,0x00,0x00,0x00,0x2b,0x00,0x5a,0x64,0x31,0xa0,0x3e,0x26,0xaf,0x16,0x88,0x7f,0x9b,0x83,0x83,0x79,0x7f,0x79,0x8f,0x79,0x79,0x79,0x8f,0x8f,0x79,0x92,0x83,0x92,0x79,0x79,0x79,0x8f,0x8f,0x92,0x92,0x8f,0x8f,0x9b,0x89,0x0f,0x36,0x48,0x14,0x00,0x04,0x00,0x00,0x00,0x00,0x00,0x00,0x00,0x00,0x00,0x00,0x00,0x00,0x00,0x00,0x00,0x00,0x00,0x00,0x00,0x00,0x00,0x00,0x00,0x00,0x00,0x00,0x00,0x00,0x00,0x00,0x00,0x00,0x00,0x00,0x00,0x00,0x00,0x00,0x00,0x00,0x00,0x00,0x00,0x00,0x00,0x00,0x00,0x00,0x00,
    0x00,0x00,0x00,0x00,0x00,0x00,0x00,0x00,0x00,0x00,0x00,0x00,0x00,0x00,0x00,0x00,0x00,0x00,0x00,0x00,0x00,0x00,0x00,0x00,0x00,0x00,0x00,0x00,0x00,0x00,0x00,0x00,0x00,0x00,0x00,0x00,0x00,0x00,0x00,0x00,0x00,0x00,0x00,0x00,0x00,0x00,0x00,0x00,0x04,0x04,0x00,0x32,0x31,0x3e,0x69,0x3c,0x3c,0x26,0x7f,0x88,0x92,0x8f,0x8f,0x8f,0x8f,0x79,0x79,0x79,0x79,0x79,0x8f,0x8f,0x92,0x83,0x7f,0x76,0x7b,0x7f,0x79,0x79,0x92,0x92,0x92,0x7f,0x83,0x79,0x79,0x7f,0x82,0x89,0x26,0x4f,0x53,0x08,0x00,0x04,0x00,0x00,0x00,0x00,0x00,0x00,0x00,0x00,0x00,0x00,0x00,0x00,0x00,0x00,0x00,0x00,0x00,0x00,0x00,0x00,0x00,0x00,0x00,0x00,0x00,0x00,0x00,0x00,0x00,0x00,0x00,0x00,0x00,0x00,0x00,0x00,0x00,0x00,0x00,0x00,0x00,0x00,0x00,0x00,0x00,0x00,0x00,0x00,
    0x00,0x00,0x00,0x00,0x00,0x00,0x00,0x00,0x00,0x00,0x00,0x00,0x00,0x00,0x00,0x00,0x00,0x00,0x00,0x00,0x00,0x00,0x00,0x00,0x00,0x00,0x00,0x00,0x00,0x00,0x00,0x00,0x00,0x00,0x00,0x00,0x00,0x00,0x00,0x00,0x00,0x00,0x00,0x00,0x00,0x00,0x00,0x05,0x00,0x14,0x64,0x3c,0x3e,0x31,0x5c,0x5c,0x82,0x76,0x92,0x92,0x83,0x92,0x79,0x79,0x8f,0x79,0x79,0x79,0x79,0x8f,0x92,0x83,0x7f,0x76,0x7f,0x83,0x92,0x92,0x7f,0x7f,0x7f,0x7f,0x76,0x83,0x79,0x8f,0x83,0x7f,0x7f,0x9b,0x89,0x21,0x3d,0x48,0x14,0x05,0x01,0x00,0x00,0x00,0x00,0x00,0x00,0x00,0x00,0x00,0x00,0x00,0x00,0x00,0x00,0x00,0x00,0x00,0x00,0x00,0x00,0x00,0x00,0x00,0x00,0x00,0x00,0x00,0x00,0x00,0x00,0x00,0x00,0x00,0x00,0x00,0x00,0x00,0x00,0x00,0x00,0x00,0x00,0x00,0x00,0x00,0x00,0x00,
    0x00,0x00,0x00,0x00,0x00,0x00,0x00,0x00,0x00,0x00,0x00,0x00,0x00,0x00,0x00,0x00,0x00,0x00,0x00,0x00,0x00,0x00,0x00,0x00,0x00,0x00,0x00,0x00,0x00,0x00,0x00,0x00,0x00,0x00,0x00,0x00,0x00,0x00,0x00,0x00,0x00,0x00,0x00,0x00,0x00,0x00,0x04,0x00,0x14,0x3c,0x98,0xa0,0x22,0x32,0x43,0xae,0xa6,0xb2,0x8f,0x8f,0x92,0x7b,0x7f,0x83,0x92,0x79,0x79,0x79,0x79,0x8f,0x79,0x79,0x92,0x92,0x8f,0x79,0x92,0x83,0x7f,0x7f,0x7f,0x7f,0x7f,0x7f,0x7f,0x83,0x7f,0x7f,0x7f,0x7f,0x82,0x89,0xa6,0x4f,0x53,0x00,0x02,0x00,0x00,0x00,0x00,0x00,0x00,0x00,0x00,0x00,0x00,0x00,0x00,0x00,0x00,0x00,0x00,0x00,0x00,0x00,0x00,0x00,0x00,0x00,0x00,0x00,0x00,0x00,0x00,0x00,0x00,0x00,0x00,0x00,0x00,0x00,0x00,0x00,0x00,0x00,0x00,0x00,0x00,0x00,0x00,0x00,0x00,0x00,
    0x00,0x00,0x00,0x00,0x00,0x00,0x00,0x00,0x00,0x00,0x00,0x00,0x00,0x00,0x00,0x00,0x00,0x00,0x00,0x00,0x00,0x00,0x00,0x00,0x00,0x00,0x00,0x00,0x00,0x00,0x00,0x00,0x00,0x00,0x00,0x00,0x00,0x00,0x00,0x00,0x00,0x00,0x00,0x00,0x00,0x04,0x2b,0x17,0x22,0x31,0x31,0x64,0x00,0x22,0x26,0xc4,0x82,0x79,0x79,0x79,0x7f,0x83,0x7f,0x76,0x83,0x8f,0x79,0x79,0x8f,0x79,0x79,0x8f,0x8f,0x8f,0x79,0x79,0x83,0x8e,0x79,0x7f,0x7f,0x82,0x7f,0x7f,0x7f,0x7f,0x7f,0x7f,0x7f,0x7f,0x7f,0x82,0x88,0x2c,0x54,0x2f,0x01,0x04,0x00,0x00,0x00,0x00,0x00,0x00,0x00,0x00,0x00,0x00,0x00,0x00,0x00,0x00,0x00,0x00,0x00,0x00,0x00,0x00,0x00,0x00,0x00,0x00,0x00,0x00,0x00,0x00,0x00,0x00,0x00,0x00,0x00,0x00,0x00,0x00,0x00,0x00,0x00,0x00,0x00,0x00,0x00,0x00,0x00,0x00,
    0x00,0x00,0x00,0x00,0x00,0x00,0x00,0x00,0x00,0x00,0x00,0x00,0x00,0x00,0x00,0x00,0x00,0x00,0x00,0x00,0x00,0x00,0x00,0x00,0x00,0x00,0x00,0x00,0x00,0x00,0x00,0x00,0x00,0x00,0x00,0x00,0x00,0x00,0x00,0x00,0x00,0x00,0x00,0x00,0x00,0x2b,0x00,0x3c,0xe1,0x31,0x22,0x2b,0x5e,0x16,0x94,0x7f,0x83,0x8f,0x92,0x76,0x83,0x92,0x7f,0x76,0x83,0x79,0x79,0x79,0x79,0x8f,0x8f,0x79,0x8f,0x8f,0x8f,0x8f,0x79,0x83,0x83,0x7f,0x7f,0x89,0x7f,0x7f,0x7f,0x7f,0x7f,0x7f,0x83,0x79,0x83,0x7f,0x7f,0x91,0x24,0x35,0x00,0x02,0x00,0x00,0x00,0x00,0x00,0x00,0x00,0x00,0x00,0x00,0x00,0x00,0x00,0x00,0x00,0x00,0x00,0x00,0x00,0x00,0x00,0x00,0x00,0x00,0x00,0x00,0x00,0x00,0x00,0x00,0x00,0x00,0x00,0x00,0x00,0x00,0x00,0x00,0x00,0x00,0x00,0x00,0x00,0x00,0x00,0x00,
    0x00,0x00,0x00,0x00,0x00,0x00,0x00,0x00,0x00,0x00,0x00,0x00,0x00,0x00,0x00,0x00,0x00,0x00,0x00,0x00,0x00,0x00,0x00,0x00,0x00,0x00,0x00,0x00,0x00,0x00,0x00,0x00,0x00,0x00,0x00,0x00,0x00,0x00,0x00,0x00,0x00,0x00,0x00,0x00,0x2b,0x00,0x5a,0x69,0x3b,0x6a,0x00,0x22,0x98,0x3b,0x7f,0x7f,0x7f,0x83,0x83,0x83,0x8f,0x79,0x92,0x83,0x83,0x79,0x8f,0x8f,0x8f,0xd0,0x0e,0x79,0x92,0x92,0x79,0x92,0x7f,0x7f,0x7f,0x82,0x76,0x25,0x7f,0x7f,0x7f,0x7b,0x83,0x92,0x7f,0x92,0x83,0x7f,0x82,0x95,0x9c,0x41,0x53,0x05,0x02,0x00,0x00,0x00,0x00,0x00,0x00,0x00,0x00,0x00,0x00,0x00,0x00,0x00,0x00,0x00,0x00,0x00,0x00,0x00,0x00,0x00,0x00,0x00,0x00,0x00,0x00,0x00,0x00,0x00,0x00,0x00,0x00,0x00,0x00,0x00,0x00,0x00,0x00,0x00,0x00,0x00,0x00,0x00,0x00,0x00,
    0x00,0x00,0x00,0x00,0x00,0x00,0x00,0x00,0x00,0x00,0x00,0x00,0x00,0x00,0x00,0x00,0x00,0x00,0x00,0x00,0x00,0x00,0x00,0x00,0x00,0x00,0x00,0x00,0x00,0x00,0x00,0x00,0x00,0x00,0x00,0x00,0x00,0x00,0x00,0x00,0x00,0x00,0x00,0x04,0x00,0x17,0x3c,0x94,0x4d,0x19,0x19,0x6a,0x3e,0x97,0x88,0x76,0x89,0x7f,0x7f,0x7f,0x92,0x8f,0x8f,0x79,0x92,0x8f,0x8f,0x93,0xd1,0xd1,0x94,0x9b,0x7f,0x83,0x83,0x76,0x7f,0x7f,0x7f,0x9b,0x94,0x96,0xb4,0xa5,0x9b,0x83,0x79,0x79,0x76,0x76,0x7f,0x7f,0x7f,0x9c,0xa0,0xc6,0x57,0x08,0x03,0x00,0x00,0x00,0x00,0x00,0x00,0x00,0x00,0x00,0x00,0x00,0x00,0x00,0x00,0x00,0x00,0x00,0x00,0x00,0x00,0x00,0x00,0x00,0x00,0x00,0x00,0x00,0x00,0x00,0x00,0x00,0x00,0x00,0x00,0x00,0x00,0x00,0x00,0x00,0x00,0x00,0x00,0x00,0x00,0x00,
    0x00,0x00,0x00,0x00,0x00,0x00,0x00,0x00,0x00,0x00,0x00,0x00,0x00,0x00,0x00,0x00,0x00,0x00,0x00,0x00,0x00,0x00,0x00,0x00,0x00,0x00,0x00,0x00,0x00,0x00,0x00,0x00,0x00,0x00,0x00,0x00,0x00,0x00,0x00,0x00,0x00,0x00,0x04,0x02,0x0c,0x5c,0x6f,0x61,0x32,0x2b,0x3c,0x3b,0x98,0x91,0x83,0x89,0x89,0x7f,0x7f,0x7f,0x7f,0x79,0x79,0x7f,0x7f,0x92,0x9f,0x09,0xe5,0xa3,0x94,0x82,0x7f,0x92,0x7f,0x7f,0x7f,0x7f,0x7f,0x82,0x95,0x0f,0xc2,0x0f,0x88,0x92,0x83,0x76,0x7f,0x7f,0x7f,0x7f,0x76,0x98,0x97,0x85,0x59,0x32,0x00,0x05,0x00,0x00,0x00,0x00,0x00,0x00,0x00,0x00,0x00,0x00,0x00,0x00,0x00,0x00,0x00,0x00,0x00,0x00,0x00,0x00,0x00,0x00,0x00,0x00,0x00,0x00,0x00,0x00,0x00,0x00,0x00,0x00,0x00,0x00,0x00,0x00,0x00,0x00,0x00,0x00,0x00,0x00,0x00,0x00,
    0x00,0x00,0x00,0x00,0x00,0x00,0x00,0x00,0x00,0x00,0x00,0x00,0x00,0x00,0x00,0x00,0x00,0x00,0x00,0x00,0x00,0x00,0x00,0x00,0x00,0x00,0x00,0x00,0x00,0x00,0x00,0x00,0x00,0x00,0x00,0x00,0x00,0x00,0x00,0x00,0x00,0x00,0x05,0x00,0x4e,0x62,0xaa,0x50,0x00,0x22,0x69,0x9c,0x9b,0x83,0x79,0x7f,0x7f,0x7f,0x7f,0x7f,0x92,0x8f,0x8e,0x7f,0x82,0x94,0xb6,0x09,0xa3,0xae,0x94,0x7f,0x7f,0x7f,0x7f,0x7f,0x7f,0x83,0x92,0x83,0x76,0x16,0xca,0xd1,0x25,0x94,0x0f,0x0f,0x88,0x82,0x76,0x7f,0x7f,0x8a,0x98,0x98,0xb0,0x54,0x1c,0x04,0x01,0x00,0x00,0x00,0x00,0x00,0x00,0x00,0x00,0x00,0x00,0x00,0x00,0x00,0x00,0x00,0x00,0x00,0x00,0x00,0x00,0x00,0x00,0x00,0x00,0x00,0x00,0x00,0x00,0x00,0x00,0x00,0x00,0x00,0x00,0x00,0x00,0x00,0x00,0x00,0x00,0x00,0x00,0x00,
    0x00,0x00,0x00,0x00,0x00,0x00,0x00,0x00,0x00,0x00,0x00,0x00,0x00,0x00,0x00,0x00,0x00,0x00,0x00,0x00,0x00,0x00,0x00,0x00,0x00,0x00,0x00,0x00,0x00,0x00,0x00,0x00,0x00,0x00,0x00,0x00,0x00,0x00,0x00,0x00,0x00,0x01,0x04,0x14,0x36,0x37,0x49,0x15,0x19,0x3c,0x3e,0x9c,0x91,0x83,0x92,0x83,0x8f,0x92,0x82,0x7f,0x79,0x8f,0xaf,0x92,0x93,0x0f,0xac,0x95,0x09,0x0f,0x88,0x82,0x7f,0x7f,0x7f,0x7f,0x76,0x79,0x8f,0x8f,0x79,0xb2,0xca,0xaf,0xd1,0xb2,0x0e,0xd0,0x83,0x76,0x89,0x7f,0x7f,0x7f,0x7f,0x88,0xa3,0xda,0x5f,0x08,0x01,0x01,0x00,0x00,0x00,0x00,0x00,0x00,0x00,0x00,0x00,0x00,0x00,0x00,0x00,0x00,0x00,0x00,0x00,0x00,0x00,0x00,0x00,0x00,0x00,0x00,0x00,0x00,0x00,0x00,0x00,0x00,0x00,0x00,0x00,0x00,0x00,0x00,0x00,0x00,0x00,0x00,0x00,0x00,
    0x00,0x00,0x00,0x00,0x00,0x00,0x00,0x00,0x00,0x00,0x00,0x00,0x00,0x00,0x00,0x00,0x00,0x00,0x00,0x00,0x00,0x00,0x00,0x00,0x00,0x00,0x00,0x00,0x00,0x00,0x00,0x00,0x00,0x00,0x00,0x00,0x00,0x00,0x00,0x00,0x00,0x02,0x02,0x1c,0x4a,0x5d,0x4c,0x00,0x33,0x4d,0x9c,0x98,0x95,0x7f,0x7f,0x89,0x9f,0x94,0x89,0x9b,0x95,0xa3,0xae,0x95,0xd6,0xd1,0xbd,0xa6,0x96,0x16,0x93,0x83,0x83,0x83,0x83,0x83,0x92,0x79,0x79,0x79,0x8e,0x82,0x96,0x82,0x9d,0xac,0x93,0x09,0x0f,0x89,0x82,0x7f,0x7f,0x7f,0x82,0x7f,0x76,0x1e,0x5f,0x1b,0x00,0x03,0x00,0x00,0x00,0x00,0x00,0x00,0x00,0x00,0x00,0x00,0x00,0x00,0x00,0x00,0x00,0x00,0x00,0x00,0x00,0x00,0x00,0x00,0x00,0x00,0x00,0x00,0x00,0x00,0x00,0x00,0x00,0x00,0x00,0x00,0x00,0x00,0x00,0x00,0x00,0x00,0x00,0x00,
    0x00,0x00,0x00,0x00,0x00,0x00,0x00,0x00,0x00,0x00,0x00,0x00,0x00,0x00,0x00,0x00,0x00,0x00,0x00,0x00,0x00,0x00,0x00,0x00,0x00,0x00,0x00,0x00,0x00,0x00,0x00,0x00,0x00,0x00,0x00,0x00,0x00,0x00,0x00,0x00,0x00,0x02,0x00,0x47,0x5d,0x68,0x04,0x2f,0x5e,0x0e,0x9b,0x7b,0x92,0x8f,0x89,0x0f,0xd8,0x96,0x0e,0xab,0x26,0x96,0xa5,0xe1,0xd0,0x1d,0xa5,0xa5,0xb1,0xaf,0x8e,0x8f,0x8f,0x8f,0x8f,0x8f,0x8f,0x79,0x79,0x79,0x79,0x9b,0x96,0x95,0x97,0x24,0xb4,0xbd,0x09,0x94,0x82,0x7f,0x7f,0x7f,0x76,0x82,0x88,0xae,0x6d,0x60,0x00,0x03,0x00,0x00,0x00,0x00,0x00,0x00,0x00,0x00,0x00,0x00,0x00,0x00,0x00,0x00,0x00,0x00,0x00,0x00,0x00,0x00,0x00,0x00,0x00,0x00,0x00,0x00,0x00,0x00,0x00,0x00,0x00,0x00,0x00,0x00,0x00,0x00,0x00,0x00,0x00,0x00,0x00,0x00,
    0x00,0x00,0x00,0x00,0x00,0x00,0x00,0x00,0x00,0x00,0x00,0x00,0x00,0x00,0x00,0x00,0x00,0x00,0x00,0x00,0x00,0x00,0x00,0x00,0x00,0x00,0x00,0x00,0x00,0x00,0x00,0x00,0x00,0x00,0x00,0x00,0x00,0x00,0x00,0x00,0x02,0x00,0x29,0x5d,0x5f,0x17,0x00,0x35,0x0f,0xb2,0x82,0x83,0x92,0x92,0x9f,0xd8,0xdd,0xdd,0xde,0xaa,0x1e,0x9d,0x94,0xa3,0xb1,0xa0,0xc5,0x38,0x1e,0x25,0x9f,0x8e,0x79,0x8f,0x79,0x79,0x8f,0x8f,0x8f,0x8f,0x8f,0x79,0x1e,0xad,0xb0,0xa0,0xb1,0x21,0x96,0x0e,0x76,0x7f,0x7f,0x83,0x92,0x92,0x82,0x89,0xd3,0x67,0x14,0x02,0x01,0x00,0x00,0x00,0x00,0x00,0x00,0x00,0x00,0x00,0x00,0x00,0x00,0x00,0x00,0x00,0x00,0x00,0x00,0x00,0x00,0x00,0x00,0x00,0x00,0x00,0x00,0x00,0x00,0x00,0x00,0x00,0x00,0x00,0x00,0x00,0x00,0x00,0x00,0x00,0x00,0x00,
    0x00,0x00,0x00,0x00,0x00,0x00,0x00,0x00,0x00,0x00,0x00,0x00,0x00,0x00,0x00,0x00,0x00,0x00,0x00,0x00,0x00,0x00,0x00,0x00,0x00,0x00,0x00,0x00,0x00,0x00,0x00,0x00,0x00,0x00,0x00,0x00,0x00,0x00,0x00,0x00,0x02,0x00,0x50,0x5d,0x5f,0x2f,0x05,0x54,0x25,0x82,0x9b,0x7f,0x9b,0x94,0xa3,0xc9,0xc8,0xc8,0xb8,0xdd,0xa7,0x96,0x94,0xac,0xad,0x96,0xb1,0x38,0x37,0x25,0x93,0x09,0xaf,0x83,0x82,0x7f,0x83,0x83,0x92,0x92,0x92,0x93,0x27,0xad,0xad,0xad,0x1d,0x96,0x96,0xa3,0x95,0x82,0x79,0x8f,0x92,0x79,0x8f,0x93,0xac,0x66,0x4e,0x00,0x05,0x00,0x00,0x00,0x00,0x00,0x00,0x00,0x00,0x00,0x00,0x00,0x00,0x00,0x00,0x00,0x00,0x00,0x00,0x00,0x00,0x00,0x00,0x00,0x00,0x00,0x00,0x00,0x00,0x00,0x00,0x00,0x00,0x00,0x00,0x00,0x00,0x00,0x00,0x00,0x00,0x00,
    0x00,0x00,0x00,0x00,0x00,0x00,0x00,0x00,0x00,0x00,0x00,0x00,0x00,0x00,0x00,0x00,0x00,0x00,0x00,0x00,0x00,0x00,0x00,0x00,0x00,0x00,0x00,0x00,0x00,0x00,0x00,0x00,0x00,0x00,0x00,0x00,0x00,0x00,0x00,0x00,0x02,0x08,0x47,0x6d,0x49,0x01,0x32,0x41,0x26,0x9b,0x0e,0x8f,0x8f,0x8e,0xa3,0xa1,0xc9,0xdd,0xc8,0xc8,0xc9,0xa3,0x09,0xac,0xc6,0x3b,0x98,0xa0,0x24,0x25,0x0e,0xd3,0x16,0x89,0x82,0x7f,0x7f,0x7f,0x7f,0x7f,0x7f,0x89,0xb1,0x98,0x9e,0xb0,0x24,0xaa,0x27,0xb4,0x95,0x82,0x92,0x92,0x76,0x88,0x92,0x93,0x2c,0x42,0x61,0x19,0x00,0x05,0x00,0x00,0x00,0x00,0x00,0x00,0x00,0x00,0x00,0x00,0x00,0x00,0x00,0x00,0x00,0x00,0x00,0x00,0x00,0x00,0x00,0x00,0x00,0x00,0x00,0x00,0x00,0x00,0x00,0x00,0x00,0x00,0x00,0x00,0x00,0x00,0x00,0x00,0x00,0x00,
    0x00,0x00,0x00,0x00,0x00,0x00,0x00,0x00,0x00,0x00,0x00,0x00,0x00,0x00,0x00,0x00,0x00,0x00,0x00,0x00,0x00,0x00,0x00,0x00,0x00,0x00,0x00,0x00,0x00,0x00,0x00,0x00,0x00,0x00,0x00,0x00,0x00,0x00,0x00,0x02,0x00,0x2e,0x6b,0x13,0x60,0x00,0x32,0x3e,0x8a,0x82,0x83,0x8f,0x79,0x93,0xe1,0x9f,0xb4,0xd8,0xbc,0xc9,0xec,0x0f,0xac,0xa5,0xa5,0x95,0xc4,0x9c,0x38,0x0f,0x0f,0x3a,0x21,0x88,0x82,0x7f,0x7f,0x7f,0x7f,0x7f,0x82,0x93,0x42,0xb0,0x85,0x97,0x9e,0xb0,0xc2,0xac,0x94,0x82,0x7f,0x83,0x7f,0x93,0x93,0x89,0x0f,0x09,0x3e,0x22,0x04,0x2b,0x00,0x00,0x00,0x00,0x00,0x00,0x00,0x00,0x00,0x00,0x00,0x00,0x00,0x00,0x00,0x00,0x00,0x00,0x00,0x00,0x00,0x00,0x00,0x00,0x00,0x00,0x00,0x00,0x00,0x00,0x00,0x00,0x00,0x00,0x00,0x00,0x00,0x00,0x00,0x00,
    0x00,0x00,0x00,0x00,0x00,0x00,0x00,0x00,0x00,0x00,0x00,0x00,0x00,0x00,0x00,0x00,0x00,0x00,0x00,0x00,0x00,0x00,0x00,0x00,0x00,0x00,0x00,0x00,0x00,0x00,0x00,0x00,0x00,0x00,0x00,0x00,0x00,0x00,0x00,0x05,0x00,0x33,0x34,0x13,0x4c,0x0c,0x48,0x3b,0x88,0x0e,0x9b,0x7f,0x88,0x09,0x27,0x25,0x9f,0xe1,0xd0,0xc2,0x1e,0xac,0xcd,0x91,0x9b,0x82,0x91,0x95,0x21,0xb4,0xa3,0xad,0x24,0x94,0x82,0x7f,0x7f,0x7f,0x7f,0x82,0x92,0x79,0xd0,0xcd,0x95,0x8a,0x85,0x9e,0xad,0xc2,0x94,0x82,0x83,0x8f,0x8f,0x8e,0xa3,0xb2,0xb2,0x2c,0xae,0x57,0x2f,0x00,0x04,0x00,0x00,0x00,0x00,0x00,0x00,0x00,0x00,0x00,0x00,0x00,0x00,0x00,0x00,0x00,0x00,0x00,0x00,0x00,0x00,0x00,0x00,0x00,0x00,0x00,0x00,0x00,0x00,0x00,0x00,0x00,0x00,0x00,0x00,0x00,0x00,0x00,0x00,0x00,
    0x00,0x00,0x00,0x00,0x00,0x00,0x00,0x00,0x00,0x00,0x00,0x00,0x00,0x00,0x00,0x00,0x00,0x00,0x00,0x00,0x00,0x00,0x00,0x00,0x00,0x00,0x00,0x00,0x00,0x00,0x00,0x00,0x00,0x00,0x00,0x00,0x00,0x00,0x00,0x05,0x00,0x33,0x6b,0x0b,0x0a,0x2e,0x66,0x26,0x7b,0xa3,0xaf,0x83,0xb2,0xbc,0xdd,0xc9,0xde,0x4b,0xc2,0x96,0xd0,0x9d,0xa0,0x9c,0x97,0x9c,0xa6,0x76,0x26,0xac,0x09,0xc5,0x42,0x9f,0x83,0x93,0x89,0x89,0x89,0x89,0x8f,0x79,0x96,0x9c,0xc0,0xd6,0x88,0x82,0x95,0x3a,0x16,0xd6,0x8e,0x79,0x9b,0x95,0x42,0x0f,0x83,0xa3,0x21,0x5b,0x05,0x05,0x00,0x00,0x00,0x00,0x00,0x00,0x00,0x00,0x00,0x00,0x00,0x00,0x00,0x00,0x00,0x00,0x00,0x00,0x00,0x00,0x00,0x00,0x00,0x00,0x00,0x00,0x00,0x00,0x00,0x00,0x00,0x00,0x00,0x00,0x00,0x00,0x00,0x00,0x00,0x00,
    0x00,0x00,0x00,0x00,0x00,0x00,0x00,0x00,0x00,0x00,0x00,0x00,0x00,0x00,0x00,0x00,0x00,0x00,0x00,0x00,0x00,0x00,0x00,0x00,0x00,0x00,0x00,0x00,0x00,0x00,0x00,0x00,0x00,0x00,0x00,0x00,0x00,0x00,0x00,0x05,0x00,0x1b,0x4f,0x4f,0x33,0x50,0x3d,0x7f,0xd7,0xca,0x92,0x88,0x09,0xc9,0xc8,0xc8,0xc8,0xb8,0xc9,0xb3,0xad,0xab,0x8a,0xcd,0xae,0xca,0xca,0xd1,0x1d,0x27,0x96,0x9c,0xac,0xaf,0xaf,0xaf,0xaf,0xbd,0xbd,0xcd,0xb6,0xd0,0x96,0x1d,0xe5,0xca,0x26,0x9b,0x88,0x09,0x09,0xaf,0x8e,0x8e,0x83,0x88,0xae,0x9d,0x83,0x25,0x9d,0x68,0x00,0x03,0x00,0x00,0x00,0x00,0x00,0x00,0x00,0x00,0x00,0x00,0x00,0x00,0x00,0x00,0x00,0x00,0x00,0x00,0x00,0x00,0x00,0x00,0x00,0x00,0x00,0x00,0x00,0x00,0x00,0x00,0x00,0x00,0x00,0x00,0x00,0x00,0x00,0x00,0x00,0x00,
    0x00,0x00,0x00,0x00,0x00,0x00,0x00,0x00,0x00,0x00,0x00,0x00,0x00,0x00,0x00,0x00,0x00,0x00,0x00,0x00,0x00,0x00,0x00,0x00,0x00,0x00,0x00,0x00,0x00,0x00,0x00,0x00,0x00,0x00,0x00,0x00,0x00,0x00,0x00,0x05,0x00,0x1b,0x66,0x25,0x22,0x35,0x41,0x95,0x2c,0x09,0x88,0x89,0x16,0xde,0xc9,0xdd,0xc8,0xc8,0xc8,0xa1,0x82,0xa6,0x82,0x9a,0xa3,0xad,0xb6,0x09,0x85,0x3a,0xac,0x9e,0x96,0xac,0xb1,0xb1,0xad,0xb6,0xb6,0x24,0x27,0x1e,0x96,0xbd,0xad,0xca,0xa6,0x94,0x91,0xd0,0xd3,0x8e,0x79,0xb2,0xaf,0x93,0xae,0x24,0xaf,0xc0,0x0f,0x68,0x2f,0x02,0x04,0x00,0x00,0x00,0x00,0x00,0x00,0x00,0x00,0x00,0x00,0x00,0x00,0x00,0x00,0x00,0x00,0x00,0x00,0x00,0x00,0x00,0x00,0x00,0x00,0x00,0x00,0x00,0x00,0x00,0x00,0x00,0x00,0x00,0x00,0x00,0x00,0x00,0x00,0x00,
    0x00,0x00,0x00,0x00,0x00,0x00,0x00,0x00,0x00,0x00,0x00,0x00,0x00,0x00,0x00,0x00,0x00,0x00,0x00,0x00,0x00,0x00,0x00,0x00,0x00,0x00,0x00,0x00,0x00,0x00,0x00,0x00,0x00,0x00,0x00,0x00,0x00,0x00,0x00,0x04,0x00,0x14,0x34,0x63,0x5e,0x5e,0x0e,0x89,0xcf,0xa3,0x89,0x7f,0xe1,0xe1,0x16,0x96,0x4b,0xbc,0xa7,0x1e,0xd6,0xa3,0x21,0x27,0x13,0x8c,0x8c,0x12,0xaa,0x1d,0x1d,0x98,0x85,0x95,0xa5,0x95,0x95,0x88,0x88,0xa5,0x24,0x21,0x37,0x13,0x8b,0x12,0xc1,0x96,0x9d,0x09,0xd1,0x93,0x8e,0xa3,0xb4,0x9f,0xb4,0x27,0x0e,0x25,0xae,0x39,0x04,0x02,0x00,0x00,0x00,0x00,0x00,0x00,0x00,0x00,0x00,0x00,0x00,0x00,0x00,0x00,0x00,0x00,0x00,0x00,0x00,0x00,0x00,0x00,0x00,0x00,0x00,0x00,0x00,0x00,0x00,0x00,0x00,0x00,0x00,0x00,0x00,0x00,0x00,0x00,0x00,0x00,
    0x00,0x00,0x00,0x00,0x00,0x00,0x00,0x00,0x00,0x00,0x00,0x00,0x00,0x00,0x00,0x00,0x00,0x00,0x00,0x00,0x00,0x00,0x00,0x00,0x00,0x00,0x00,0x00,0x00,0x00,0x00,0x00,0x00,0x00,0x00,0x00,0x00,0x00,0x00,0x00,0x03,0x00,0x39,0x63,0x4f,0x36,0x25,0x0e,0xd1,0xaf,0x93,0x16,0xd8,0x4b,0x09,0x0e,0xb2,0x27,0xd3,0xc4,0xac,0xda,0x81,0x86,0x8b,0xc2,0xdb,0x13,0x86,0x12,0x95,0x8a,0xc4,0x7f,0xc4,0x8a,0x8a,0x8a,0x85,0x9c,0x97,0x13,0x86,0x13,0xc1,0x13,0x7c,0x86,0x12,0x27,0x2c,0x0f,0xd1,0xa3,0xb4,0xe1,0x09,0x42,0x94,0x16,0x1e,0x57,0x05,0x05,0x00,0x00,0x00,0x00,0x00,0x00,0x00,0x00,0x00,0x00,0x00,0x00,0x00,0x00,0x00,0x00,0x00,0x00,0x00,0x00,0x00,0x00,0x00,0x00,0x00,0x00,0x00,0x00,0x00,0x00,0x00,0x00,0x00,0x00,0x00,0x00,0x00,0x00,0x00,0x00,
    0x00,0x00,0x00,0x00,0x00,0x00,0x00,0x00,0x00,0x00,0x00,0x00,0x00,0x00,0x00,0x00,0x00,0x00,0x00,0x00,0x00,0x00,0x00,0x00,0x00,0x00,0x00,0x00,0x00,0x00,0x00,0x00,0x00,0x00,0x00,0x00,0x00,0x00,0x00,0x00,0x05,0x00,0x50,0x63,0x3d,0x36,0x0f,0x0f,0xca,0x92,0x9f,0x96,0xdd,0xb8,0xa9,0xa9,0xa1,0xbe,0x3a,0xb1,0x12,0x86,0x12,0xad,0x38,0xdb,0xc1,0xaa,0x1d,0xdb,0x37,0x97,0x85,0x85,0x85,0x85,0x85,0x8a,0x85,0x97,0xaa,0xc1,0xad,0xaa,0xdb,0xaa,0xc6,0xaa,0x7c,0x86,0xc2,0xd1,0x09,0x09,0x25,0x95,0x89,0x89,0x89,0x25,0x27,0x36,0x19,0x00,0x05,0x00,0x00,0x00,0x00,0x00,0x00,0x00,0x00,0x00,0x00,0x00,0x00,0x00,0x00,0x00,0x00,0x00,0x00,0x00,0x00,0x00,0x00,0x00,0x00,0x00,0x00,0x00,0x00,0x00,0x00,0x00,0x00,0x00,0x00,0x00,0x00,0x00,0x00,0x00,
    0x00,0x00,0x00,0x00,0x00,0x00,0x00,0x00,0x00,0x00,0x00,0x00,0x00,0x00,0x00,0x00,0x00,0x00,0x00,0x00,0x00,0x00,0x00,0x00,0x00,0x00,0x00,0x00,0x00,0x00,0x00,0x00,0x00,0x00,0x00,0x00,0x00,0x00,0x00,0x00,0x04,0x01,0x1c,0x34,0x2c,0xa3,0x26,0x16,0xa3,0x91,0x94,0x4b,0xdd,0xc8,0xc8,0xc8,0xc8,0xdd,0xd8,0xc1,0x86,0xdb,0x97,0xc6,0xd4,0xe9,0xe9,0xa9,0xbc,0xb0,0x1d,0x8a,0x8a,0x7b,0x7b,0x7b,0x76,0x7f,0x76,0xa6,0x1d,0x38,0x75,0x86,0xba,0xb9,0xec,0x9e,0xc6,0x8b,0x86,0xb6,0x21,0x1e,0x24,0x93,0x8f,0x8f,0x93,0x2c,0xbd,0x6f,0x34,0x53,0x00,0x05,0x00,0x00,0x00,0x00,0x00,0x00,0x00,0x00,0x00,0x00,0x00,0x00,0x00,0x00,0x00,0x00,0x00,0x00,0x00,0x00,0x00,0x00,0x00,0x00,0x00,0x00,0x00,0x00,0x00,0x00,0x00,0x00,0x00,0x00,0x00,0x00,0x00,0x00,
    0x00,0x00,0x00,0x00,0x00,0x00,0x00,0x00,0x00,0x00,0x00,0x00,0x00,0x00,0x00,0x00,0x00,0x00,0x00,0x00,0x00,0x00,0x00,0x00,0x00,0x00,0x00,0x00,0x00,0x00,0x00,0x00,0x00,0x00,0x00,0x00,0x00,0x00,0x00,0x00,0x00,0x05,0x00,0x33,0x5e,0x09,0x16,0x82,0x9b,0x82,0x93,0x96,0xde,0xa1,0xc9,0xdd,0xc8,0xc9,0xdb,0x8b,0x13,0x97,0x98,0x12,0xe6,0xa1,0xf9,0xf0,0xe9,0x13,0x97,0x82,0x7f,0x7f,0x7f,0x7f,0x7f,0x7f,0x82,0xa6,0x8a,0x8b,0xe6,0x4b,0xf9,0xc9,0x86,0x96,0x9e,0x24,0x7a,0xc2,0x1d,0x75,0xb6,0x93,0x8f,0x8f,0x79,0x8f,0xb4,0x85,0x21,0x62,0x19,0x00,0x05,0x00,0x00,0x00,0x00,0x00,0x00,0x00,0x00,0x00,0x00,0x00,0x00,0x00,0x00,0x00,0x00,0x00,0x00,0x00,0x00,0x00,0x00,0x00,0x00,0x00,0x00,0x00,0x00,0x00,0x00,0x00,0x00,0x00,0x00,0x00,0x00,0x00,
    0x00,0x00,0x00,0x00,0x00,0x00,0x00,0x00,0x00,0x00,0x00,0x00,0x00,0x00,0x00,0x00,0x00,0x00,0x00,0x00,0x00,0x00,0x00,0x00,0x00,0x00,0x00,0x00,0x00,0x00,0x00,0x00,0x00,0x00,0x00,0x00,0x00,0x00,0x00,0x00,0x00,0x02,0x04,0x19,0x57,0x1e,0x9b,0x89,0x76,0x7f,0x92,0x93,0x93,0x16,0xa3,0xc2,0xba,0xc1,0x8b,0x7a,0xc6,0x9e,0x24,0x7a,0xb3,0xb0,0x9e,0xc6,0x80,0x86,0xb6,0xa5,0x82,0x7f,0x7f,0x7f,0x7f,0x7f,0x82,0x88,0x96,0x86,0xdf,0x9e,0xa0,0xec,0x86,0xc1,0x97,0x9e,0xc1,0x7c,0x96,0xee,0xad,0x9f,0x92,0x83,0x83,0x83,0x0f,0x6f,0xa0,0x52,0x44,0x2f,0x00,0x04,0x00,0x00,0x00,0x00,0x00,0x00,0x00,0x00,0x00,0x00,0x00,0x00,0x00,0x00,0x00,0x00,0x00,0x00,0x00,0x00,0x00,0x00,0x00,0x00,0x00,0x00,0x00,0x00,0x00,0x00,0x00,0x00,0x00,0x00,0x00,0x00,
    0x00,0x00,0x00,0x00,0x00,0x00,0x00,0x00,0x00,0x00,0x00,0x00,0x00,0x00,0x00,0x00,0x00,0x00,0x00,0x00,0x00,0x00,0x00,0x00,0x00,0x00,0x00,0x00,0x00,0x00,0x00,0x00,0x00,0x00,0x00,0x00,0x00,0x00,0x00,0x00,0x00,0x6c,0x05,0x2e,0x5b,0x09,0x2c,0x93,0x92,0x7f,0x76,0x92,0x8f,0x89,0x8e,0xe0,0xf4,0x26,0x86,0xc1,0xa0,0x9e,0xaa,0x86,0xd4,0xf2,0xa0,0xf2,0xe6,0x86,0x96,0xab,0x82,0x7f,0x7f,0x7f,0x7f,0x7f,0x9b,0xa5,0x1e,0x86,0xd8,0xa0,0x3b,0xa1,0xe9,0x12,0x9c,0x9e,0xb1,0x86,0x13,0xc7,0xdf,0x9f,0x82,0x7f,0x92,0x92,0xb2,0x44,0x6a,0x9d,0x1e,0x47,0x19,0x02,0x02,0x00,0x00,0x00,0x00,0x00,0x00,0x00,0x00,0x00,0x00,0x00,0x00,0x00,0x00,0x00,0x00,0x00,0x00,0x00,0x00,0x00,0x00,0x00,0x00,0x00,0x00,0x00,0x00,0x00,0x00,0x00,0x00,0x00,0x00,0x00,
    0x00,0x00,0x00,0x00,0x00,0x00,0x00,0x00,0x00,0x00,0x00,0x00,0x00,0x00,0x00,0x00,0x00,0x00,0x00,0x00,0x00,0x00,0x00,0x00,0x00,0x00,0x00,0x00,0x00,0x00,0x00,0x00,0x00,0x00,0x00,0x00,0x00,0x00,0x00,0x00,0x02,0x04,0x00,0x22,0x52,0x7b,0xa3,0xb2,0x79,0x83,0x7f,0x7f,0x9b,0x94,0xaa,0xc3,0xdc,0x98,0x8b,0x27,0x9e,0x9e,0x27,0xe9,0xdd,0xa9,0xea,0xf0,0xdd,0xe9,0x96,0xa5,0x9b,0x7f,0x7f,0x7f,0x7f,0x91,0x85,0x9e,0x1e,0xe9,0xa9,0xff,0xf0,0xf0,0xbf,0x13,0x97,0x9e,0x38,0x87,0xc1,0xc3,0xe0,0xd6,0x91,0x92,0x8f,0x0e,0xb2,0x4a,0x5a,0x47,0x09,0x24,0x22,0x00,0x05,0x00,0x00,0x00,0x00,0x00,0x00,0x00,0x00,0x00,0x00,0x00,0x00,0x00,0x00,0x00,0x00,0x00,0x00,0x00,0x00,0x00,0x00,0x00,0x00,0x00,0x00,0x00,0x00,0x00,0x00,0x00,0x00,0x00,0x00,0x00,
    0x00,0x00,0x00,0x00,0x00,0x00,0x00,0x00,0x00,0x00,0x00,0x00,0x00,0x00,0x00,0x00,0x00,0x00,0x00,0x00,0x00,0x00,0x00,0x00,0x00,0x00,0x00,0x00,0x00,0x00,0x00,0x00,0x00,0x00,0x00,0x00,0x00,0x01,0x00,0x00,0x00,0x2b,0x48,0x31,0x89,0x7f,0x0e,0x9b,0x7f,0x7f,0x7f,0x82,0x88,0x16,0xf1,0xe3,0x8b,0x98,0x38,0xc1,0x98,0x9e,0x37,0xa7,0xfc,0xfc,0xf0,0xf9,0xf9,0xa7,0xc6,0x98,0x85,0x7b,0x7f,0x91,0x8a,0x85,0x9c,0x9e,0xaa,0xc9,0xfc,0xf0,0xf0,0xe8,0xa9,0xdb,0x9e,0x9e,0x37,0xaa,0xdb,0xee,0xec,0xa3,0x9f,0x8f,0x79,0x0e,0x8e,0xb4,0x39,0x33,0x4d,0x9d,0x43,0x50,0x00,0x02,0x00,0x00,0x00,0x00,0x00,0x00,0x00,0x00,0x00,0x00,0x00,0x00,0x00,0x00,0x00,0x00,0x00,0x00,0x00,0x00,0x00,0x00,0x00,0x00,0x00,0x00,0x00,0x00,0x00,0x00,0x00,0x00,0x00,0x00,
    0x00,0x00,0x00,0x00,0x00,0x00,0x00,0x00,0x00,0x00,0x00,0x00,0x00,0x00,0x00,0x00,0x00,0x00,0x00,0x00,0x00,0x00,0x00,0x00,0x00,0x00,0x00,0x00,0x00,0x00,0x00,0x00,0x00,0x00,0x00,0x00,0x01,0x00,0x00,0x14,0x2f,0x5a,0x61,0x95,0x7b,0x82,0x76,0x76,0x7f,0x7f,0x83,0x8f,0x9f,0xdc,0xf4,0x93,0xd3,0xb6,0xa0,0xb1,0xc5,0x9e,0xc5,0xbc,0xe8,0xe8,0xe8,0xfe,0xe8,0xd8,0x97,0x98,0x98,0x85,0x85,0x85,0x85,0x85,0x85,0x97,0x1d,0xa1,0xe8,0xe8,0xe8,0xf7,0xfa,0xb1,0x9e,0x98,0xc6,0xb0,0xc2,0xe5,0x24,0xd0,0x8e,0x8f,0x79,0x8f,0x93,0x9d,0x66,0x1b,0x35,0x38,0xb6,0x66,0x2e,0x00,0x02,0x00,0x00,0x00,0x00,0x00,0x00,0x00,0x00,0x00,0x00,0x00,0x00,0x00,0x00,0x00,0x00,0x00,0x00,0x00,0x00,0x00,0x00,0x00,0x00,0x00,0x00,0x00,0x00,0x00,0x00,0x00,0x00,0x00,
    0x00,0x00,0x00,0x00,0x00,0x00,0x00,0x00,0x00,0x00,0x00,0x00,0x00,0x00,0x00,0x00,0x00,0x00,0x00,0x00,0x00,0x00,0x00,0x00,0x00,0x00,0x00,0x00,0x00,0x00,0x00,0x00,0x00,0x00,0x00,0x02,0x00,0x17,0x35,0x48,0x5c,0x52,0x91,0x7f,0x92,0x83,0x7f,0x7f,0x7f,0x7f,0x9b,0x9f,0x96,0xd9,0xea,0xda,0x1e,0x96,0x88,0x89,0x91,0x9c,0x9e,0xb1,0x4b,0xf7,0xf7,0xfe,0xd8,0xc5,0xa0,0x98,0x98,0x85,0x7b,0x7b,0x7b,0x91,0x8a,0x85,0xa0,0x4b,0x4b,0xb0,0xf7,0xdf,0xaa,0xa0,0x97,0xc4,0xa0,0x38,0xd1,0xda,0x1f,0xef,0xaf,0x8e,0x8f,0x92,0x7b,0x8a,0x66,0x50,0x17,0x59,0xa6,0x3d,0x39,0x00,0x02,0x00,0x00,0x00,0x00,0x00,0x00,0x00,0x00,0x00,0x00,0x00,0x00,0x00,0x00,0x00,0x00,0x00,0x00,0x00,0x00,0x00,0x00,0x00,0x00,0x00,0x00,0x00,0x00,0x00,0x00,0x00,0x00,0x00,
    0x00,0x00,0x00,0x00,0x00,0x00,0x00,0x00,0x00,0x00,0x00,0x00,0x00,0x00,0x00,0x00,0x00,0x00,0x00,0x00,0x00,0x00,0x00,0x00,0x00,0x00,0x00,0x00,0x00,0x00,0x00,0x00,0x00,0x00,0x03,0x00,0x1c,0x39,0x41,0x9d,0xa6,0x95,0x76,0x92,0x8f,0x8f,0x92,0x76,0x7f,0x82,0x88,0xb2,0x1f,0xd9,0xd3,0xd3,0x3a,0x96,0xb0,0x8a,0x7f,0x9a,0x3b,0xb0,0x37,0xd8,0x4b,0xaa,0xc6,0x97,0x85,0x9c,0x85,0x7b,0x7f,0x7f,0x7f,0x7f,0x91,0x98,0x97,0x98,0xb1,0xaa,0xd8,0x1e,0xb0,0x85,0xcd,0x9b,0x95,0x2c,0xac,0x13,0xe0,0x1f,0xad,0x94,0x9b,0x7f,0x82,0x95,0x21,0x43,0x29,0x19,0x3e,0x26,0x39,0x00,0x02,0x00,0x00,0x00,0x00,0x00,0x00,0x00,0x00,0x00,0x00,0x00,0x00,0x00,0x00,0x00,0x00,0x00,0x00,0x00,0x00,0x00,0x00,0x00,0x00,0x00,0x00,0x00,0x00,0x00,0x00,0x00,0x00,0x00,
    0x00,0x00,0x00,0x00,0x00,0x00,0x00,0x00,0x00,0x00,0x00,0x00,0x00,0x00,0x00,0x00,0x00,0x00,0x00,0x00,0x00,0x00,0x00,0x00,0x00,0x00,0x00,0x00,0x00,0x00,0x00,0x00,0x00,0x04,0x00,0x17,0x44,0x63,0x91,0x89,0x7b,0x82,0x7f,0x7f,0x83,0x8f,0x79,0x92,0x82,0x91,0x93,0xea,0xc3,0xaa,0xd1,0xe2,0xa3,0x24,0xc6,0x98,0x82,0xa6,0x9a,0xc0,0x9d,0x9d,0xbd,0xa5,0x88,0x82,0x91,0x8a,0x8a,0x7f,0x7f,0xa6,0x7f,0x7f,0x8a,0x8a,0x8a,0x8a,0xab,0x91,0xbd,0x9d,0x9d,0x9a,0xa6,0x89,0xb0,0x09,0x09,0xc1,0xcf,0xf1,0xf1,0x93,0x91,0x7f,0x7f,0x92,0x92,0x42,0x50,0x32,0x3e,0x9d,0x57,0x00,0x05,0x00,0x00,0x00,0x00,0x00,0x00,0x00,0x00,0x00,0x00,0x00,0x00,0x00,0x00,0x00,0x00,0x00,0x00,0x00,0x00,0x00,0x00,0x00,0x00,0x00,0x00,0x00,0x00,0x00,0x00,0x00,0x00,0x00,
    0x00,0x00,0x00,0x00,0x00,0x00,0x00,0x00,0x00,0x00,0x00,0x00,0x00,0x00,0x00,0x00,0x00,0x00,0x00,0x00,0x00,0x00,0x00,0x00,0x00,0x00,0x00,0x00,0x00,0x00,0x00,0x00,0x01,0x04,0x14,0x44,0x9d,0x89,0x7f,0x82,0x82,0x7f,0x7f,0x7f,0x7f,0x79,0x79,0x8f,0x82,0x9f,0x1e,0xc3,0xef,0xca,0xb5,0xca,0xca,0xd7,0x09,0xa5,0x9a,0x9a,0x9a,0xa6,0xa6,0x9a,0xa6,0x82,0x82,0x7f,0x7f,0x7f,0x7f,0x7f,0x82,0x9b,0x82,0x7f,0x7f,0x7f,0x7f,0x7f,0xa6,0x9a,0x9a,0xa6,0xa6,0x9a,0xa6,0xa5,0x1d,0x2c,0x09,0xcf,0xcb,0x96,0xce,0xaa,0x93,0x0e,0x0e,0xb2,0xb2,0x16,0x34,0x61,0x88,0x16,0x34,0x00,0x02,0x00,0x00,0x00,0x00,0x00,0x00,0x00,0x00,0x00,0x00,0x00,0x00,0x00,0x00,0x00,0x00,0x00,0x00,0x00,0x00,0x00,0x00,0x00,0x00,0x00,0x00,0x00,0x00,0x00,0x00,0x00,0x00,0x00,
    0x00,0x00,0x00,0x00,0x00,0x00,0x00,0x00,0x00,0x00,0x00,0x00,0x00,0x00,0x00,0x00,0x00,0x00,0x00,0x00,0x00,0x00,0x00,0x00,0x00,0x00,0x00,0x00,0x00,0x00,0x00,0x00,0x04,0x04,0x19,0x51,0x26,0xc4,0x83,0x83,0x82,0x82,0x7f,0x7f,0x7f,0x92,0x8f,0x8f,0x9f,0xaa,0xd5,0xd2,0xdf,0xbd,0xe5,0xe5,0xe2,0xcb,0xd3,0xb0,0xa6,0x9a,0x9a,0x9a,0x9a,0x9a,0xa6,0x76,0x7f,0x76,0x91,0x7b,0x76,0x82,0x89,0xa5,0x89,0x82,0x7f,0x7f,0x7f,0x76,0x82,0x9a,0x9a,0x9a,0xbd,0x9a,0xbd,0x95,0xac,0xcf,0xcf,0xcf,0xca,0x9d,0xce,0xce,0xc0,0x0e,0x0e,0x92,0x0e,0x93,0xb4,0x0f,0x95,0x21,0x58,0x00,0x02,0x00,0x00,0x00,0x00,0x00,0x00,0x00,0x00,0x00,0x00,0x00,0x00,0x00,0x00,0x00,0x00,0x00,0x00,0x00,0x00,0x00,0x00,0x00,0x00,0x00,0x00,0x00,0x00,0x00,0x00,0x00,0x00,0x00,
    0x00,0x00,0x00,0x00,0x00,0x00,0x00,0x00,0x00,0x00,0x00,0x00,0x00,0x00,0x00,0x00,0x00,0x00,0x00,0x00,0x00,0x00,0x00,0x00,0x00,0x00,0x00,0x00,0x00,0x00,0x00,0x00,0x02,0x00,0x1c,0xb4,0x92,0x0e,0x8f,0x8f,0x83,0x89,0x82,0x7f,0x7f,0x7f,0x9b,0x9f,0x09,0xc3,0x99,0xd5,0xd8,0xe1,0x9d,0x1e,0xda,0xcf,0xc2,0x96,0xa5,0xbd,0x9a,0x9a,0x9a,0x9a,0x9b,0x76,0x7f,0x7b,0x8a,0x8a,0x8a,0x95,0xc5,0x96,0x9d,0x9c,0x8a,0x91,0x7b,0x7f,0x7f,0x9b,0x9a,0x9a,0x9a,0xbd,0x9a,0xbd,0xc2,0xd3,0xda,0xac,0x95,0xf2,0xf6,0xc3,0x96,0x94,0x82,0x89,0x76,0x76,0x9b,0xaf,0x89,0xb6,0x54,0x00,0x05,0x00,0x00,0x00,0x00,0x00,0x00,0x00,0x00,0x00,0x00,0x00,0x00,0x00,0x00,0x00,0x00,0x00,0x00,0x00,0x00,0x00,0x00,0x00,0x00,0x00,0x00,0x00,0x00,0x00,0x00,0x00,0x00,0x00,
    0x00,0x00,0x00,0x00,0x00,0x00,0x00,0x00,0x00,0x00,0x00,0x00,0x00,0x00,0x00,0x00,0x00,0x00,0x00,0x00,0x00,0x00,0x00,0x00,0x00,0x00,0x00,0x00,0x00,0x00,0x00,0x00,0x02,0x00,0x29,0xfd,0x89,0x83,0x7f,0x95,0x9b,0xb4,0x89,0x7f,0x7f,0x82,0x89,0xb2,0x1f,0xa4,0x99,0xa2,0xb9,0xf2,0xab,0x26,0x27,0xc6,0x9c,0x37,0xc5,0x97,0xcd,0x9b,0x9b,0x82,0x7f,0x7f,0x7f,0x76,0x91,0x7f,0x76,0xcd,0xe2,0xe2,0x27,0x98,0x9c,0x85,0x85,0x8a,0x7f,0x76,0x7f,0x82,0x82,0x9a,0x95,0x37,0x1d,0x1d,0xd1,0xa0,0x9d,0xce,0xc7,0xd2,0xea,0x9f,0x76,0x9f,0xa5,0x94,0x0e,0x09,0x09,0x5b,0x1b,0x00,0x05,0x00,0x00,0x00,0x00,0x00,0x00,0x00,0x00,0x00,0x00,0x00,0x00,0x00,0x00,0x00,0x00,0x00,0x00,0x00,0x00,0x00,0x00,0x00,0x00,0x00,0x00,0x00,0x00,0x00,0x00,0x00,0x00,0x00,
    0x00,0x00,0x00,0x00,0x00,0x00,0x00,0x00,0x00,0x00,0x00,0x00,0x00,0x00,0x00,0x00,0x00,0x00,0x00,0x00,0x00,0x00,0x00,0x00,0x00,0x00,0x00,0x00,0x00,0x00,0x00,0x00,0x02,0x00,0x2e,0x25,0x95,0x26,0xb2,0x16,0xac,0xae,0x89,0x92,0x92,0x92,0x9f,0xaa,0xd2,0x99,0x99,0xa2,0xf6,0xc7,0xaa,0x0f,0x13,0xa6,0xa0,0xad,0x13,0x3b,0xa0,0x9b,0x82,0x76,0x7f,0x7b,0x8a,0x85,0x8a,0x7f,0x7f,0xcd,0xca,0xcf,0x96,0x9c,0x85,0x85,0x85,0x85,0x91,0x7f,0x7f,0x82,0x85,0x9e,0x96,0xaa,0x9e,0x1d,0xd3,0xb1,0xce,0xc7,0xce,0xd2,0xf1,0x8f,0x7f,0x83,0x7b,0x91,0x7f,0x42,0x54,0x33,0x00,0x04,0x00,0x00,0x00,0x00,0x00,0x00,0x00,0x00,0x00,0x00,0x00,0x00,0x00,0x00,0x00,0x00,0x00,0x00,0x00,0x00,0x00,0x00,0x00,0x00,0x00,0x00,0x00,0x00,0x00,0x00,0x00,0x00,0x00,0x00,
    0x00,0x00,0x00,0x00,0x00,0x00,0x00,0x00,0x00,0x00,0x00,0x00,0x00,0x00,0x00,0x00,0x00,0x00,0x00,0x00,0x00,0x00,0x00,0x00,0x00,0x00,0x00,0x00,0x00,0x00,0x00,0x00,0x02,0x00,0x2e,0xae,0xb2,0x4f,0x5c,0x5b,0xb4,0x93,0x8f,0x8f,0x8f,0x76,0xaf,0x1f,0xa4,0x99,0x99,0xa2,0xf6,0xd5,0xd5,0xe4,0xda,0xf1,0xe3,0xce,0xb9,0xbc,0xb6,0x94,0x88,0x82,0x9b,0xc4,0x85,0x85,0x85,0x8a,0x7f,0x76,0x89,0xa6,0x88,0x76,0x8a,0x8a,0x8a,0x91,0x82,0x9b,0x76,0xa5,0x95,0x3a,0xb9,0xc7,0xff,0xdc,0x12,0xbf,0xc7,0xd5,0xce,0xd2,0x1f,0xaf,0x79,0x8f,0x79,0x79,0x92,0x83,0x62,0x33,0x02,0x05,0x00,0x00,0x00,0x00,0x00,0x00,0x00,0x00,0x00,0x00,0x00,0x00,0x00,0x00,0x00,0x00,0x00,0x00,0x00,0x00,0x00,0x00,0x00,0x00,0x00,0x00,0x00,0x00,0x00,0x00,0x00,0x00,0x00,0x00,
    0x00,0x00,0x00,0x00,0x00,0x00,0x00,0x00,0x00,0x00,0x00,0x00,0x00,0x00,0x00,0x00,0x00,0x00,0x00,0x00,0x00,0x00,0x00,0x00,0x00,0x00,0x00,0x00,0x00,0x00,0x00,0x00,0x02,0x00,0x2e,0xb6,0x3d,0x35,0x22,0x31,0x88,0x9b,0x7f,0x93,0x93,0x95,0xb6,0xc3,0xa4,0x99,0x99,0xa2,0xd5,0xd5,0xce,0xe4,0xfb,0xdc,0xce,0xd5,0xc7,0xbf,0xb9,0xd8,0xae,0x88,0xab,0x98,0x8a,0xc4,0xcd,0x82,0x7f,0x82,0x82,0x7f,0x82,0x82,0x9b,0x9b,0x9b,0x76,0x94,0x94,0x7f,0xb1,0xec,0xe6,0xc7,0xd5,0xb9,0xf8,0xeb,0xf6,0xd5,0xd2,0x1f,0xa2,0xe3,0xd6,0x7f,0x83,0x79,0x79,0x0e,0x93,0x51,0x35,0x00,0x05,0x00,0x00,0x00,0x00,0x00,0x00,0x00,0x00,0x00,0x00,0x00,0x00,0x00,0x00,0x00,0x00,0x00,0x00,0x00,0x00,0x00,0x00,0x00,0x00,0x00,0x00,0x00,0x00,0x00,0x00,0x00,0x00,0x00,0x00,
    0x00,0x00,0x00,0x00,0x00,0x00,0x00,0x00,0x00,0x00,0x00,0x00,0x00,0x00,0x00,0x00,0x00,0x00,0x00,0x00,0x00,0x00,0x00,0x00,0x00,0x00,0x00,0x00,0x00,0x00,0x00,0x00,0x02,0x00,0x2e,0xfd,0x3d,0x55,0x5b,0xcd,0x89,0x9b,0x9f,0x37,0xaa,0xe1,0x96,0xc3,0xa4,0x84,0x8d,0x99,0xc3,0xa2,0xf8,0xfb,0xed,0xed,0xf5,0xd5,0xc7,0xbf,0xbf,0xc7,0x1f,0xf1,0xdf,0xae,0xa6,0x94,0x94,0x88,0x89,0x76,0x76,0x76,0x7b,0x88,0x94,0xab,0xa5,0xcd,0x38,0xdf,0xec,0xb9,0xbf,0xbf,0xc7,0xce,0xeb,0xed,0xed,0xeb,0xe0,0x99,0xc3,0xa4,0xef,0x93,0x7b,0x7f,0x7f,0x7f,0x0e,0x16,0x41,0x35,0x00,0x02,0x00,0x00,0x00,0x00,0x00,0x00,0x00,0x00,0x00,0x00,0x00,0x00,0x00,0x00,0x00,0x00,0x00,0x00,0x00,0x00,0x00,0x00,0x00,0x00,0x00,0x00,0x00,0x00,0x00,0x00,0x00,0x00,0x00,0x00,
    0x00,0x00,0x00,0x00,0x00,0x00,0x00,0x00,0x00,0x00,0x00,0x00,0x00,0x00,0x00,0x00,0x00,0x00,0x00,0x00,0x00,0x00,0x00,0x00,0x00,0x00,0x00,0x00,0x00,0x00,0x00,0x00,0x02,0x01,0x2e,0x3d,0x4f,0x44,0x4f,0x93,0x9b,0x89,0x0f,0x1f,0xc3,0xae,0xb6,0xc3,0x90,0x84,0x84,0x8d,0xa2,0xb7,0x28,0xeb,0xed,0xfb,0xe0,0x90,0xc7,0xbf,0xbf,0xd5,0x84,0xa4,0xc7,0xe6,0xbc,0xdc,0xaa,0x2c,0xd7,0x9b,0x9b,0x9b,0xd6,0x9d,0xad,0xdf,0xdc,0xba,0xd9,0x99,0xc7,0xbf,0xbf,0xbf,0xd5,0x99,0xe0,0xed,0xed,0xf8,0xd2,0x84,0x28,0xa2,0xaa,0x9f,0x0e,0x92,0x8f,0x9f,0xb4,0x6d,0x51,0x35,0x00,0x02,0x00,0x00,0x00,0x00,0x00,0x00,0x00,0x00,0x00,0x00,0x00,0x00,0x00,0x00,0x00,0x00,0x00,0x00,0x00,0x00,0x00,0x00,0x00,0x00,0x00,0x00,0x00,0x00,0x00,0x00,0x00,0x00,0x00,0x00,
    0x00,0x00,0x00,0x00,0x00,0x00,0x00,0x00,0x00,0x00,0x00,0x00,0x00,0x00,0x00,0x00,0x00,0x00,0x00,0x00,0x00,0x00,0x00,0x00,0x00,0x00,0x00,0x00,0x00,0x00,0x00,0x00,0x01,0x02,0x14,0x44,0x62,0x5e,0x4d,0x94,0x9b,0x94,0xb1,0xa2,0x90,0x28,0xd0,0xa2,0x90,0x84,0x84,0x8d,0x84,0xb7,0xa2,0xeb,0xf5,0xeb,0xdc,0x84,0xc7,0xbf,0xb9,0xb9,0xce,0xe4,0xee,0xe6,0xb9,0xb9,0xb9,0xe2,0xcb,0xb5,0xb5,0xb5,0xcb,0xe2,0xb9,0xb9,0xe6,0xe6,0xd9,0x28,0xb9,0xf6,0xbf,0xbf,0xd2,0xa4,0xdc,0xf5,0xf8,0xf5,0x99,0x28,0xd9,0xe3,0xaf,0x91,0x82,0x7f,0x82,0x89,0x42,0x49,0x50,0x2f,0x00,0x01,0x00,0x00,0x00,0x00,0x00,0x00,0x00,0x00,0x00,0x00,0x00,0x00,0x00,0x00,0x00,0x00,0x00,0x00,0x00,0x00,0x00,0x00,0x00,0x00,0x00,0x00,0x00,0x00,0x00,0x00,0x00,0x00,0x00,0x00,
    0x00,0x00,0x00,0x00,0x00,0x00,0x00,0x00,0x00,0x00,0x00,0x00,0x00,0x00,0x00,0x00,0x00,0x00,0x00,0x00,0x00,0x00,0x00,0x00,0x00,0x00,0x00,0x00,0x00,0x00,0x00,0x00,0x00,0x00,0x00,0x2f,0x17,0x4e,0x52,0x9b,0x7f,0x9f,0xdf,0xa2,0x84,0x90,0x1f,0x1f,0xb7,0x90,0x8d,0x8d,0x99,0x8d,0xa2,0x13,0xd2,0x1f,0xe0,0xa4,0xce,0xd4,0x7e,0x7a,0x7a,0x7a,0x7a,0x7a,0x7a,0x7c,0x7c,0xcf,0xd7,0xb5,0xb5,0xb5,0xd7,0xcf,0x74,0x81,0x7e,0x74,0x7a,0x7a,0x74,0x7c,0xe6,0xbf,0x99,0xa4,0xe0,0x1f,0xd2,0x13,0xa2,0xe3,0xdb,0xae,0xe1,0x93,0x89,0x82,0x7f,0x88,0x3d,0x39,0x1b,0x00,0x00,0x00,0x00,0x00,0x00,0x00,0x00,0x00,0x00,0x00,0x00,0x00,0x00,0x00,0x00,0x00,0x00,0x00,0x00,0x00,0x00,0x00,0x00,0x00,0x00,0x00,0x00,0x00,0x00,0x00,0x00,0x00,0x00,0x00,0x00,0x00,
    0x00,0x00,0x00,0x00,0x00,0x00,0x00,0x00,0x00,0x00,0x00,0x00,0x00,0x00,0x00,0x00,0x00,0x00,0x00,0x00,0x00,0x00,0x00,0x00,0x00,0x00,0x00,0x00,0x00,0x00,0x00,0x00,0x00,0x00,0x00,0x00,0x2b,0x2f,0x4f,0xb2,0x16,0x8e,0xdf,0xa2,0x8d,0x8d,0x8d,0x99,0x90,0x90,0x90,0x90,0x99,0x99,0x99,0xa4,0x8d,0x8d,0x8d,0xa4,0xa8,0x74,0x78,0x73,0x73,0x7e,0x7e,0x7e,0x7e,0x7d,0x86,0xe2,0xb5,0xcb,0xcb,0xcb,0xb5,0xe2,0x86,0x7c,0x74,0x7e,0x7e,0x74,0x74,0x7e,0x7a,0xee,0x90,0x84,0x84,0x90,0x90,0xa4,0xa2,0xf2,0x9f,0x93,0xa3,0xdc,0x16,0x88,0x9b,0x89,0xbd,0x51,0x48,0x55,0x04,0x04,0x00,0x00,0x00,0x00,0x00,0x00,0x00,0x00,0x00,0x00,0x00,0x00,0x00,0x00,0x00,0x00,0x00,0x00,0x00,0x00,0x00,0x00,0x00,0x00,0x00,0x00,0x00,0x00,0x00,0x00,0x00,0x00,0x00,0x00,
    0x00,0x00,0x00,0x00,0x00,0x00,0x00,0x00,0x00,0x00,0x00,0x00,0x00,0x00,0x00,0x00,0x00,0x00,0x00,0x00,0x00,0x00,0x00,0x00,0x00,0x00,0x00,0x00,0x00,0x00,0x00,0x00,0x00,0x00,0x00,0x04,0x02,0x14,0x44,0x52,0xac,0x25,0xf2,0xa2,0x90,0x84,0x84,0x8d,0x84,0x8d,0x84,0x8d,0xa4,0x99,0xa4,0x84,0x84,0x8d,0x84,0xe4,0x74,0x73,0x77,0x77,0x78,0x80,0x7e,0x74,0x7e,0x86,0x87,0x2c,0xb5,0xcb,0xcb,0xcb,0xb5,0xa3,0x77,0x86,0x7e,0x74,0x7e,0x81,0x7c,0x74,0x74,0x73,0x99,0x90,0xa4,0x84,0x84,0x90,0xe3,0x16,0x95,0x25,0xd9,0xd2,0xdc,0x8e,0x7b,0x82,0x7b,0x8a,0x52,0x4e,0x00,0x05,0x00,0x00,0x00,0x00,0x00,0x00,0x00,0x00,0x00,0x00,0x00,0x00,0x00,0x00,0x00,0x00,0x00,0x00,0x00,0x00,0x00,0x00,0x00,0x00,0x00,0x00,0x00,0x00,0x00,0x00,0x00,0x00,0x00,0x00,
    0x00,0x00,0x00,0x00,0x00,0x00,0x00,0x00,0x00,0x00,0x00,0x00,0x00,0x00,0x00,0x00,0x00,0x00,0x00,0x00,0x00,0x00,0x00,0x00,0x00,0x00,0x00,0x00,0x00,0x00,0x00,0x00,0x00,0x00,0x00,0x00,0x05,0x00,0x19,0x36,0x63,0xb4,0xae,0xa2,0x90,0x84,0x84,0x84,0x84,0x84,0x8d,0x84,0x84,0x99,0xa4,0x8d,0x8d,0x84,0xee,0x7a,0x7e,0x7e,0x81,0x80,0x7c,0x7c,0x74,0x74,0x74,0xda,0xc0,0x7b,0x9b,0xd7,0xb5,0xd7,0x82,0x95,0x9d,0xc1,0x7a,0x80,0x87,0x81,0x74,0x74,0x7e,0x7a,0xa8,0xa2,0x84,0x84,0x84,0x90,0xe3,0xb2,0x9f,0xea,0x99,0x90,0xc3,0xb1,0x94,0x82,0x7b,0x9b,0x62,0x35,0x55,0x04,0x04,0x00,0x00,0x00,0x00,0x00,0x00,0x00,0x00,0x00,0x00,0x00,0x00,0x00,0x00,0x00,0x00,0x00,0x00,0x00,0x00,0x00,0x00,0x00,0x00,0x00,0x00,0x00,0x00,0x00,0x00,0x00,0x00,0x00,
    0x00,0x00,0x00,0x00,0x00,0x00,0x00,0x00,0x00,0x00,0x00,0x00,0x00,0x00,0x00,0x00,0x00,0x00,0x00,0x00,0x00,0x00,0x00,0x00,0x00,0x00,0x00,0x00,0x00,0x00,0x00,0x00,0x00,0x00,0x00,0x02,0x00,0x46,0x49,0x43,0x44,0x5c,0xdf,0xa2,0x90,0x84,0x84,0x84,0x84,0x84,0x8d,0x8d,0x90,0xa2,0x84,0x8d,0x90,0xee,0x7e,0x7d,0x74,0x74,0x74,0x74,0x74,0x74,0x7e,0x7c,0x74,0x12,0x2c,0x94,0x76,0x7b,0x7b,0x82,0xa6,0x91,0xbd,0xc2,0x74,0x73,0x7e,0x74,0x74,0x74,0x74,0x7e,0x7a,0xbb,0xa4,0x8d,0x84,0x90,0xa2,0xae,0x93,0xe3,0x90,0x8d,0xa4,0xea,0x93,0x9b,0x92,0x92,0x0f,0x3d,0x49,0x00,0x02,0x00,0x00,0x00,0x00,0x00,0x00,0x00,0x00,0x00,0x00,0x00,0x00,0x00,0x00,0x00,0x00,0x00,0x00,0x00,0x00,0x00,0x00,0x00,0x00,0x00,0x00,0x00,0x00,0x00,0x00,0x00,0x00,0x00,
    0x00,0x00,0x00,0x00,0x00,0x00,0x00,0x00,0x00,0x00,0x00,0x00,0x00,0x00,0x00,0x00,0x00,0x00,0x00,0x00,0x00,0x00,0x00,0x00,0x00,0x00,0x00,0x00,0x00,0x00,0x00,0x00,0x00,0x00,0x01,0x00,0x1c,0x1a,0x2a,0x67,0x3f,0x40,0xc3,0x8d,0x84,0x84,0x84,0x84,0x84,0x84,0x8d,0x90,0x90,0x90,0x84,0x90,0xc3,0x7a,0x7c,0x74,0x74,0x7e,0x7e,0x7e,0x7e,0x80,0x77,0x73,0x77,0x7e,0x87,0x27,0xa6,0x82,0x7f,0xa6,0x9a,0x96,0x8b,0x86,0x7c,0x74,0x7e,0x7c,0x7c,0x74,0x74,0x74,0x81,0x7e,0xd9,0xb7,0x84,0x84,0x8d,0xe3,0x25,0xef,0xa4,0x84,0xa4,0xef,0x93,0x7f,0x8e,0x8f,0x9b,0xb4,0x58,0x00,0x03,0x00,0x00,0x00,0x00,0x00,0x00,0x00,0x00,0x00,0x00,0x00,0x00,0x00,0x00,0x00,0x00,0x00,0x00,0x00,0x00,0x00,0x00,0x00,0x00,0x00,0x00,0x00,0x00,0x00,0x00,0x00,0x00,0x00,
    0x00,0x00,0x00,0x00,0x00,0x00,0x00,0x00,0x00,0x00,0x00,0x00,0x00,0x00,0x00,0x00,0x00,0x00,0x00,0x00,0x00,0x00,0x00,0x00,0x00,0x00,0x00,0x00,0x00,0x00,0x00,0x00,0x00,0x00,0x02,0x00,0x29,0x65,0xe4,0x28,0x72,0x28,0x84,0x90,0x90,0x8d,0x84,0x84,0x84,0x8d,0x8d,0x90,0x8d,0x8d,0x84,0x90,0xe4,0x7a,0x7e,0x7c,0x74,0x7c,0x80,0x80,0x7c,0x80,0x73,0x73,0x73,0x77,0x78,0x7a,0xc1,0xbd,0xd7,0x82,0x3a,0x74,0x7c,0x7d,0x74,0x7e,0x7c,0x7d,0x7e,0x74,0x74,0x74,0x7c,0x7d,0xa8,0x84,0x8d,0x84,0x8d,0xa4,0xe3,0xdc,0x99,0x8d,0x8d,0xd9,0xaa,0x76,0x16,0x0e,0x24,0x43,0x55,0x00,0x02,0x00,0x00,0x00,0x00,0x00,0x00,0x00,0x00,0x00,0x00,0x00,0x00,0x00,0x00,0x00,0x00,0x00,0x00,0x00,0x00,0x00,0x00,0x00,0x00,0x00,0x00,0x00,0x00,0x00,0x00,0x00,0x00,0x00,
    0x00,0x00,0x00,0x00,0x00,0x00,0x00,0x00,0x00,0x00,0x00,0x00,0x00,0x00,0x00,0x00,0x00,0x00,0x00,0x00,0x00,0x00,0x00,0x00,0x00,0x00,0x00,0x00,0x00,0x00,0x00,0x00,0x00,0x00,0x00,0x03,0x00,0x3f,0x6e,0xa2,0x90,0x90,0x84,0x8d,0x8d,0x8d,0x90,0x84,0x84,0x84,0x8d,0x84,0x84,0xa4,0x84,0xb7,0xee,0x7a,0x87,0x77,0x87,0x7d,0x7e,0x7e,0x74,0x74,0x7e,0x7c,0x77,0x77,0x78,0x78,0x80,0x27,0x95,0x21,0x13,0x73,0x7e,0x81,0x7d,0x80,0x73,0x7c,0x74,0x74,0x74,0x74,0x74,0x7a,0x80,0xa2,0x90,0x84,0x84,0x84,0x90,0xc3,0x99,0x90,0x84,0x1f,0xea,0x89,0x27,0x39,0x44,0x1b,0x00,0x04,0x00,0x00,0x00,0x00,0x00,0x00,0x00,0x00,0x00,0x00,0x00,0x00,0x00,0x00,0x00,0x00,0x00,0x00,0x00,0x00,0x00,0x00,0x00,0x00,0x00,0x00,0x00,0x00,0x00,0x00,0x00,0x00,0x00,0x00,
    0x00,0x00,0x00,0x00,0x00,0x00,0x00,0x00,0x00,0x00,0x00,0x00,0x00,0x00,0x00,0x00,0x00,0x00,0x00,0x00,0x00,0x00,0x00,0x00,0x00,0x00,0x00,0x00,0x00,0x00,0x00,0x00,0x00,0x00,0x00,0x01,0x02,0x08,0x3f,0x65,0x28,0x84,0x8d,0x90,0x90,0x84,0x28,0x84,0x8d,0x84,0x84,0x84,0xb7,0x28,0x28,0xb7,0xe4,0x7c,0x75,0x73,0x73,0x77,0x80,0x74,0x74,0x74,0x74,0x74,0x87,0x87,0x80,0x7d,0x7c,0x7a,0xc1,0x8b,0x73,0x77,0x87,0x81,0x87,0x73,0x87,0x74,0x74,0x7c,0x7d,0x7d,0x7e,0x74,0x78,0x99,0x8d,0x8d,0x84,0x84,0x8d,0x99,0xa2,0xa2,0xa4,0xd2,0xea,0x93,0x43,0x1b,0x05,0x00,0x01,0x00,0x00,0x00,0x00,0x00,0x00,0x00,0x00,0x00,0x00,0x00,0x00,0x00,0x00,0x00,0x00,0x00,0x00,0x00,0x00,0x00,0x00,0x00,0x00,0x00,0x00,0x00,0x00,0x00,0x00,0x00,0x00,0x00,0x00,0x00,
    0x00,0x00,0x00,0x00,0x00,0x00,0x00,0x00,0x00,0x00,0x00,0x00,0x00,0x00,0x00,0x00,0x00,0x00,0x00,0x00,0x00,0x00,0x00,0x00,0x00,0x00,0x00,0x00,0x00,0x00,0x00,0x00,0x00,0x00,0x00,0x00,0x01,0x00,0x08,0x4c,0x71,0x56,0x1f,0x28,0xa2,0x56,0x1f,0x90,0x84,0x8d,0x90,0x90,0xb7,0xef,0xf4,0xa2,0x77,0x73,0x87,0x73,0x73,0x73,0x77,0x87,0x7c,0x74,0x74,0x7e,0x86,0x8b,0x73,0x86,0x7c,0x7e,0x86,0x81,0x81,0x87,0x7c,0xbe,0x75,0x7a,0x86,0x7d,0x75,0x7a,0x7c,0x80,0x77,0x77,0x7d,0xd9,0xb7,0x99,0x8d,0x8d,0x8d,0x84,0x99,0xe4,0xa2,0x99,0x28,0xb6,0x58,0x1b,0x00,0x02,0x00,0x00,0x00,0x00,0x00,0x00,0x00,0x00,0x00,0x00,0x00,0x00,0x00,0x00,0x00,0x00,0x00,0x00,0x00,0x00,0x00,0x00,0x00,0x00,0x00,0x00,0x00,0x00,0x00,0x00,0x00,0x00,0x00,0x00,0x00,0x00,
    0x00,0x00,0x00,0x00,0x00,0x00,0x00,0x00,0x00,0x00,0x00,0x00,0x00,0x00,0x00,0x00,0x00,0x00,0x00,0x00,0x00,0x00,0x00,0x00,0x00,0x00,0x00,0x00,0x00,0x00,0x00,0x00,0x00,0x00,0x00,0x00,0x00,0x01,0x00,0x00,0x08,0x45,0x3f,0x3f,0x3f,0x3f,0x56,0x90,0x84,0x8d,0x8d,0x8d,0x8d,0x70,0xf4,0xee,0x87,0x87,0x74,0x7e,0x73,0x87,0x87,0x77,0x77,0x7d,0x74,0x74,0xc1,0xb1,0x96,0x13,0x86,0x74,0x78,0x73,0x74,0x74,0x7a,0xb3,0x78,0x7a,0x12,0x38,0x3b,0x96,0xad,0x8b,0x81,0x78,0x73,0x8c,0x99,0xce,0x99,0xa4,0xa4,0x84,0x8d,0x56,0x56,0x99,0x84,0xe0,0x58,0x2f,0x00,0x01,0x00,0x00,0x00,0x00,0x00,0x00,0x00,0x00,0x00,0x00,0x00,0x00,0x00,0x00,0x00,0x00,0x00,0x00,0x00,0x00,0x00,0x00,0x00,0x00,0x00,0x00,0x00,0x00,0x00,0x00,0x00,0x00,0x00,0x00,0x00,0x00,
    0x00,0x00,0x00,0x00,0x00,0x00,0x00,0x00,0x00,0x00,0x00,0x00,0x00,0x00,0x00,0x00,0x00,0x00,0x00,0x00,0x00,0x00,0x00,0x00,0x00,0x00,0x00,0x00,0x00,0x00,0x00,0x00,0x00,0x00,0x00,0x00,0x00,0x00,0x01,0x01,0x00,0x00,0x05,0x0c,0x02,0x3f,0x6e,0x99,0x8d,0x84,0x84,0x8d,0x99,0x70,0xe0,0x81,0x75,0x73,0x7c,0x74,0x7c,0x7c,0x7c,0x7d,0x7e,0x7c,0x86,0xc1,0xab,0x7b,0x82,0xb6,0x13,0x8c,0x80,0x73,0x7d,0x7c,0x7a,0xa8,0xd4,0x13,0x24,0xac,0xae,0xcd,0xa0,0x37,0x86,0x78,0x81,0x7a,0xe4,0x13,0x28,0xa4,0x99,0x90,0x99,0x65,0x40,0x56,0x8d,0x1f,0x60,0x17,0x00,0x01,0x00,0x00,0x00,0x00,0x00,0x00,0x00,0x00,0x00,0x00,0x00,0x00,0x00,0x00,0x00,0x00,0x00,0x00,0x00,0x00,0x00,0x00,0x00,0x00,0x00,0x00,0x00,0x00,0x00,0x00,0x00,0x00,0x00,0x00,0x00,0x00,
    0x00,0x00,0x00,0x00,0x00,0x00,0x00,0x00,0x00,0x00,0x00,0x00,0x00,0x00,0x00,0x00,0x00,0x00,0x00,0x00,0x00,0x00,0x00,0x00,0x00,0x00,0x00,0x00,0x00,0x00,0x00,0x00,0x00,0x00,0x00,0x00,0x00,0x00,0x00,0x00,0x01,0x02,0x00,0x00,0x01,0x03,0x40,0x1f,0x90,0xb7,0xb7,0xb7,0x99,0xe4,0x8c,0x87,0x77,0x73,0x73,0x7c,0x74,0x74,0x74,0x7e,0x7c,0x7e,0x7e,0x24,0x94,0x9d,0x96,0x09,0x96,0x13,0x7c,0x78,0x77,0x73,0x7d,0xb3,0xa8,0x12,0xac,0x21,0x21,0x9d,0x76,0xc5,0x8c,0x7a,0x7c,0x7e,0x74,0x8b,0x28,0x90,0x8d,0x99,0xd9,0x3f,0x4c,0x6e,0xa2,0x65,0x4c,0x00,0x02,0x00,0x00,0x00,0x00,0x00,0x00,0x00,0x00,0x00,0x00,0x00,0x00,0x00,0x00,0x00,0x00,0x00,0x00,0x00,0x00,0x00,0x00,0x00,0x00,0x00,0x00,0x00,0x00,0x00,0x00,0x00,0x00,0x00,0x00,0x00,0x00,0x00,
    0x00,0x00,0x00,0x00,0x00,0x00,0x00,0x00,0x00,0x00,0x00,0x00,0x00,0x00,0x00,0x00,0x00,0x00,0x00,0x00,0x00,0x00,0x00,0x00,0x00,0x00,0x00,0x00,0x00,0x00,0x00,0x00,0x00,0x00,0x00,0x00,0x00,0x00,0x00,0x00,0x00,0x00,0x00,0x00,0x03,0x01,0x4c,0x65,0x1f,0x99,0x84,0x99,0x56,0x0b,0x81,0x73,0x7c,0x87,0x78,0x7d,0x74,0x7e,0x7c,0x80,0x80,0x7a,0x12,0x91,0x76,0x91,0x91,0x3b,0xb1,0x87,0x75,0x73,0x73,0x78,0x81,0xbb,0xb3,0x87,0x3a,0xa3,0xc0,0x76,0xc4,0x95,0x13,0x86,0x73,0x78,0x7a,0x8c,0x1f,0xd2,0x28,0x6e,0x40,0x3f,0x65,0xe4,0x71,0x29,0x00,0x02,0x00,0x00,0x00,0x00,0x00,0x00,0x00,0x00,0x00,0x00,0x00,0x00,0x00,0x00,0x00,0x00,0x00,0x00,0x00,0x00,0x00,0x00,0x00,0x00,0x00,0x00,0x00,0x00,0x00,0x00,0x00,0x00,0x00,0x00,0x00,0x00,0x00,0x00,
    0x00,0x00,0x00,0x00,0x00,0x00,0x00,0x00,0x00,0x00,0x00,0x00,0x00,0x00,0x00,0x00,0x00,0x00,0x00,0x00,0x00,0x00,0x00,0x00,0x00,0x00,0x00,0x00,0x00,0x00,0x00,0x00,0x00,0x00,0x00,0x00,0x00,0x00,0x00,0x00,0x00,0x00,0x00,0x00,0x00,0x02,0x00,0x4c,0x40,0x40,0x40,0x40,0x60,0x1a,0x06,0x7e,0x74,0x7e,0x7d,0x81,0x77,0x75,0x8c,0x81,0x77,0x78,0x13,0x8a,0x82,0x76,0x9d,0xc0,0xd0,0x81,0x73,0x73,0x77,0x81,0x7a,0x75,0xa7,0x86,0xdb,0x3b,0xc5,0xc4,0x98,0x98,0x13,0x81,0x80,0x78,0x80,0x7e,0xa8,0x18,0x40,0x0d,0x03,0x1c,0x40,0x67,0x29,0x00,0x03,0x00,0x00,0x00,0x00,0x00,0x00,0x00,0x00,0x00,0x00,0x00,0x00,0x00,0x00,0x00,0x00,0x00,0x00,0x00,0x00,0x00,0x00,0x00,0x00,0x00,0x00,0x00,0x00,0x00,0x00,0x00,0x00,0x00,0x00,0x00,0x00,0x00,0x00,0x00,
    0x00,0x00,0x00,0x00,0x00,0x00,0x00,0x00,0x00,0x00,0x00,0x00,0x00,0x00,0x00,0x00,0x00,0x00,0x00,0x00,0x00,0x00,0x00,0x00,0x00,0x00,0x00,0x00,0x00,0x00,0x00,0x00,0x00,0x00,0x00,0x00,0x00,0x00,0x00,0x00,0x00,0x00,0x00,0x00,0x00,0x00,0x02,0x00,0x08,0x00,0x00,0x08,0x30,0x7c,0x81,0x7e,0x74,0x7e,0x87,0x77,0x78,0x75,0x78,0x80,0x75,0x80,0x8b,0xd6,0x76,0x82,0x9b,0xd6,0x09,0x81,0x73,0x73,0x73,0x80,0x7d,0x75,0xba,0x86,0xdb,0x1d,0x9d,0x85,0x98,0x9d,0x8c,0x73,0x87,0x73,0x7c,0x74,0x74,0x1a,0x2d,0x0c,0x01,0x00,0x01,0x01,0x00,0x01,0x00,0x00,0x00,0x00,0x00,0x00,0x00,0x00,0x00,0x00,0x00,0x00,0x00,0x00,0x00,0x00,0x00,0x00,0x00,0x00,0x00,0x00,0x00,0x00,0x00,0x00,0x00,0x00,0x00,0x00,0x00,0x00,0x00,0x00,0x00,0x00,0x00,0x00,0x00,0x00,
    0x00,0x00,0x00,0x00,0x00,0x00,0x00,0x00,0x00,0x00,0x00,0x00,0x00,0x00,0x00,0x00,0x00,0x00,0x00,0x00,0x00,0x00,0x00,0x00,0x00,0x00,0x00,0x00,0x00,0x00,0x00,0x00,0x00,0x00,0x00,0x00,0x00,0x00,0x00,0x00,0x00,0x00,0x00,0x00,0x00,0x00,0x00,0x03,0x00,0x02,0x03,0x00,0x0b,0x87,0x87,0x87,0x7c,0x73,0x78,0x73,0x73,0x73,0x80,0x7d,0x73,0x73,0x7c,0xb6,0x89,0x7f,0xbd,0xc0,0xac,0x7c,0x78,0x73,0x73,0x77,0x81,0x78,0xba,0x86,0x12,0xbd,0x9d,0x7f,0x89,0xe5,0x74,0x73,0x7e,0x77,0x7c,0x74,0x87,0x78,0x0b,0x1c,0x01,0x03,0x03,0x00,0x04,0x00,0x00,0x00,0x00,0x00,0x00,0x00,0x00,0x00,0x00,0x00,0x00,0x00,0x00,0x00,0x00,0x00,0x00,0x00,0x00,0x00,0x00,0x00,0x00,0x00,0x00,0x00,0x00,0x00,0x00,0x00,0x00,0x00,0x00,0x00,0x00,0x00,0x00,0x00,0x00,0x00,
    0x00,0x00,0x00,0x00,0x00,0x00,0x00,0x00,0x00,0x00,0x00,0x00,0x00,0x00,0x00,0x00,0x00,0x00,0x00,0x00,0x00,0x00,0x00,0x00,0x00,0x00,0x00,0x00,0x00,0x00,0x00,0x00,0x00,0x00,0x00,0x00,0x00,0x00,0x00,0x00,0x00,0x00,0x00,0x00,0x00,0x00,0x00,0x00,0x01,0x00,0x0c,0x10,0x06,0x77,0x77,0x7d,0x7d,0x77,0x73,0x73,0x73,0x73,0x87,0x74,0x73,0x75,0x86,0x1e,0xab,0xcd,0x76,0x95,0x3a,0x7c,0x75,0x73,0x73,0x73,0x7d,0x80,0xba,0x86,0x12,0xad,0xae,0x83,0xf3,0x8c,0x87,0x87,0x7c,0x77,0x73,0x7c,0x87,0x8c,0x2a,0x23,0x01,0x03,0x00,0x00,0x00,0x00,0x00,0x00,0x00,0x00,0x00,0x00,0x00,0x00,0x00,0x00,0x00,0x00,0x00,0x00,0x00,0x00,0x00,0x00,0x00,0x00,0x00,0x00,0x00,0x00,0x00,0x00,0x00,0x00,0x00,0x00,0x00,0x00,0x00,0x00,0x00,0x00,0x00,0x00,0x00,0x00,
    0x00,0x00,0x00,0x00,0x00,0x00,0x00,0x00,0x00,0x00,0x00,0x00,0x00,0x00,0x00,0x00,0x00,0x00,0x00,0x00,0x00,0x00,0x00,0x00,0x00,0x00,0x00,0x00,0x00,0x00,0x00,0x00,0x00,0x00,0x00,0x00,0x00,0x00,0x00,0x00,0x00,0x00,0x00,0x00,0x00,0x00,0x00,0x00,0x02,0x00,0x1c,0x0b,0x78,0x77,0x87,0x7c,0x73,0x73,0x73,0x73,0x73,0x73,0x73,0x81,0x81,0x78,0x87,0x8c,0x9d,0xa0,0x2c,0x8b,0x77,0x87,0x77,0x73,0x73,0x77,0x78,0x87,0xba,0x7c,0x7a,0x86,0x8b,0xd3,0x78,0x81,0x78,0x7d,0x80,0x77,0x77,0x87,0x7e,0x75,0x8b,0x30,0x02,0x02,0x00,0x00,0x00,0x00,0x00,0x00,0x00,0x00,0x00,0x00,0x00,0x00,0x00,0x00,0x00,0x00,0x00,0x00,0x00,0x00,0x00,0x00,0x00,0x00,0x00,0x00,0x00,0x00,0x00,0x00,0x00,0x00,0x00,0x00,0x00,0x00,0x00,0x00,0x00,0x00,0x00,0x00,0x00,0x00,
    0x00,0x00,0x00,0x00,0x00,0x00,0x00,0x00,0x00,0x00,0x00,0x00,0x00,0x00,0x00,0x00,0x00,0x00,0x00,0x00,0x00,0x00,0x00,0x00,0x00,0x00,0x00,0x00,0x00,0x00,0x00,0x00,0x00,0x00,0x00,0x00,0x00,0x00,0x00,0x00,0x00,0x00,0x00,0x00,0x00,0x00,0x00,0x00,0x03,0x00,0x23,0x2a,0x78,0x06,0x80,0x80,0x78,0x78,0x77,0x73,0x73,0x73,0x73,0x77,0x81,0x77,0x75,0x7c,0x12,0xd3,0x8b,0x7c,0x87,0x77,0x73,0x73,0x73,0x77,0x78,0x80,0xba,0x87,0x7d,0x7e,0x7c,0x74,0x87,0x78,0x87,0x80,0x75,0x73,0x73,0x73,0x81,0x78,0x18,0x2d,0x08,0x00,0x00,0x00,0x00,0x00,0x00,0x00,0x00,0x00,0x00,0x00,0x00,0x00,0x00,0x00,0x00,0x00,0x00,0x00,0x00,0x00,0x00,0x00,0x00,0x00,0x00,0x00,0x00,0x00,0x00,0x00,0x00,0x00,0x00,0x00,0x00,0x00,0x00,0x00,0x00,0x00,0x00,0x00,0x00,0x00,
    0x00,0x00,0x00,0x00,0x00,0x00,0x00,0x00,0x00,0x00,0x00,0x00,0x00,0x00,0x00,0x00,0x00,0x00,0x00,0x00,0x00,0x00,0x00,0x00,0x00,0x00,0x00,0x00,0x00,0x00,0x00,0x00,0x00,0x00,0x00,0x00,0x00,0x00,0x00,0x00,0x00,0x00,0x00,0x00,0x00,0x00,0x00,0x00,0x03,0x00,0x23,0x0b,0x78,0x06,0x78,0x75,0x75,0x75,0x75,0x78,0x73,0x73,0x73,0x77,0x87,0x81,0x77,0x77,0x81,0x86,0x7c,0x87,0x87,0x73,0x80,0x87,0x73,0x73,0x77,0x80,0xba,0x78,0x81,0x74,0x77,0x75,0x77,0x87,0x81,0x78,0x77,0x73,0x77,0x73,0x73,0x75,0x18,0x10,0x08,0x00,0x00,0x00,0x00,0x00,0x00,0x00,0x00,0x00,0x00,0x00,0x00,0x00,0x00,0x00,0x00,0x00,0x00,0x00,0x00,0x00,0x00,0x00,0x00,0x00,0x00,0x00,0x00,0x00,0x00,0x00,0x00,0x00,0x00,0x00,0x00,0x00,0x00,0x00,0x00,0x00,0x00,0x00,0x00,0x00,
    0x00,0x00,0x00,0x00,0x00,0x00,0x00,0x00,0x00,0x00,0x00,0x00,0x00,0x00,0x00,0x00,0x00,0x00,0x00,0x00,0x00,0x00,0x00,0x00,0x00,0x00,0x00,0x00,0x00,0x00,0x00,0x00,0x00,0x00,0x00,0x00,0x00,0x00,0x00,0x00,0x00,0x00,0x00,0x00,0x00,0x00,0x00,0x00,0x02,0x00,0x45,0x2a,0x75,0x75,0x75,0x75,0x75,0x75,0x75,0x75,0x75,0x73,0x73,0x73,0x73,0x7c,0x80,0x77,0x78,0x77,0x80,0x80,0x87,0x73,0x73,0x73,0x73,0x73,0x77,0x7d,0xa1,0x8b,0x7c,0x74,0x7c,0x80,0x80,0x80,0x73,0x73,0x73,0x78,0x75,0x75,0x73,0x78,0x8c,0x2d,0x08,0x00,0x00,0x00,0x00,0x00,0x00,0x00,0x00,0x00,0x00,0x00,0x00,0x00,0x00,0x00,0x00,0x00,0x00,0x00,0x00,0x00,0x00,0x00,0x00,0x00,0x00,0x00,0x00,0x00,0x00,0x00,0x00,0x00,0x00,0x00,0x00,0x00,0x00,0x00,0x00,0x00,0x00,0x00,0x00,0x00,
    0x00,0x00,0x00,0x00,0x00,0x00,0x00,0x00,0x00,0x00,0x00,0x00,0x00,0x00,0x00,0x00,0x00,0x00,0x00,0x00,0x00,0x00,0x00,0x00,0x00,0x00,0x00,0x00,0x00,0x00,0x00,0x00,0x00,0x00,0x00,0x00,0x00,0x00,0x00,0x00,0x00,0x00,0x00,0x00,0x00,0x00,0x00,0x00,0x01,0x00,0x15,0x30,0x78,0x75,0x75,0x75,0x75,0x75,0x75,0x75,0x75,0x73,0x73,0x73,0x77,0x80,0x74,0x7c,0x7c,0x7a,0xbe,0xa8,0x7d,0x78,0x77,0x77,0x77,0x78,0x75,0x7c,0xde,0x8b,0x7a,0x7e,0x74,0x7d,0x75,0x75,0x73,0x78,0x75,0x75,0x75,0x78,0x77,0x77,0x18,0x2d,0x01,0x02,0x00,0x00,0x00,0x00,0x00,0x00,0x00,0x00,0x00,0x00,0x00,0x00,0x00,0x00,0x00,0x00,0x00,0x00,0x00,0x00,0x00,0x00,0x00,0x00,0x00,0x00,0x00,0x00,0x00,0x00,0x00,0x00,0x00,0x00,0x00,0x00,0x00,0x00,0x00,0x00,0x00,0x00,0x00,0x00,
    0x00,0x00,0x00,0x00,0x00,0x00,0x00,0x00,0x00,0x00,0x00,0x00,0x00,0x00,0x00,0x00,0x00,0x00,0x00,0x00,0x00,0x00,0x00,0x00,0x00,0x00,0x00,0x00,0x00,0x00,0x00,0x00,0x00,0x00,0x00,0x00,0x00,0x00,0x00,0x00,0x00,0x00,0x00,0x00,0x00,0x00,0x00,0x00,0x01,0x01,0x0c,0x10,0x80,0x75,0x75,0x75,0x75,0x75,0x75,0x75,0x77,0x73,0x73,0x73,0x73,0x73,0x87,0x7c,0x7e,0x86,0xbe,0xbb,0x87,0x75,0x75,0x75,0x75,0x75,0x8c,0x7c,0xa1,0xbe,0x86,0x7d,0x87,0x77,0x75,0x75,0x78,0x75,0x75,0x75,0x75,0x78,0x06,0x77,0x2a,0x0c,0x02,0x01,0x00,0x00,0x00,0x00,0x00,0x00,0x00,0x00,0x00,0x00,0x00,0x00,0x00,0x00,0x00,0x00,0x00,0x00,0x00,0x00,0x00,0x00,0x00,0x00,0x00,0x00,0x00,0x00,0x00,0x00,0x00,0x00,0x00,0x00,0x00,0x00,0x00,0x00,0x00,0x00,0x00,0x00,0x00,0x00,
    0x00,0x00,0x00,0x00,0x00,0x00,0x00,0x00,0x00,0x00,0x00,0x00,0x00,0x00,0x00,0x00,0x00,0x00,0x00,0x00,0x00,0x00,0x00,0x00,0x00,0x00,0x00,0x00,0x00,0x00,0x00,0x00,0x00,0x00,0x00,0x00,0x00,0x00,0x00,0x00,0x00,0x00,0x00,0x00,0x00,0x00,0x00,0x00,0x00,0x00,0x00,0x00,0x0b,0x8c,0x75,0x75,0x75,0x75,0x75,0x78,0x73,0x73,0x73,0x73,0x73,0x73,0x73,0x78,0x7e,0x80,0xcc,0xbe,0x87,0x8c,0x75,0x75,0x78,0x77,0x75,0x7a,0xe7,0xfa,0x86,0x7c,0x73,0x77,0x73,0x75,0x75,0x75,0x75,0x75,0x75,0x75,0x75,0x87,0x0d,0x00,0x03,0x00,0x00,0x00,0x00,0x00,0x00,0x00,0x00,0x00,0x00,0x00,0x00,0x00,0x00,0x00,0x00,0x00,0x00,0x00,0x00,0x00,0x00,0x00,0x00,0x00,0x00,0x00,0x00,0x00,0x00,0x00,0x00,0x00,0x00,0x00,0x00,0x00,0x00,0x00,0x00,0x00,0x00,0x00,0x00,0x00,
    0x00,0x00,0x00,0x00,0x00,0x00,0x00,0x00,0x00,0x00,0x00,0x00,0x00,0x00,0x00,0x00,0x00,0x00,0x00,0x00,0x00,0x00,0x00,0x00,0x00,0x00,0x00,0x00,0x00,0x00,0x00,0x00,0x00,0x00,0x00,0x00,0x00,0x00,0x00,0x00,0x00,0x00,0x00,0x00,0x00,0x00,0x00,0x00,0x00,0x00,0x03,0x00,0x2a,0x75,0x06,0x77,0x78,0x75,0x75,0x75,0x78,0x73,0x73,0x73,0x73,0x73,0x77,0x80,0x7e,0xbb,0xb8,0xbb,0x78,0x75,0x75,0x78,0x73,0x73,0x77,0x7e,0xc9,0xc9,0x7a,0x7d,0x7e,0x87,0x77,0x78,0x78,0x75,0x75,0x75,0x75,0x75,0x78,0x18,0x15,0x02,0x01,0x00,0x00,0x00,0x00,0x00,0x00,0x00,0x00,0x00,0x00,0x00,0x00,0x00,0x00,0x00,0x00,0x00,0x00,0x00,0x00,0x00,0x00,0x00,0x00,0x00,0x00,0x00,0x00,0x00,0x00,0x00,0x00,0x00,0x00,0x00,0x00,0x00,0x00,0x00,0x00,0x00,0x00,0x00,0x00,0x00,
    0x00,0x00,0x00,0x00,0x00,0x00,0x00,0x00,0x00,0x00,0x00,0x00,0x00,0x00,0x00,0x00,0x00,0x00,0x00,0x00,0x00,0x00,0x00,0x00,0x00,0x00,0x00,0x00,0x00,0x00,0x00,0x00,0x00,0x00,0x00,0x00,0x00,0x00,0x00,0x00,0x00,0x00,0x00,0x00,0x00,0x00,0x00,0x00,0x00,0x00,0x00,0x03,0x0d,0x1a,0x78,0x77,0x73,0x77,0x75,0x75,0x75,0x77,0x73,0x73,0x77,0x77,0x81,0x7c,0x77,0x80,0xd4,0x81,0x75,0x75,0x75,0x78,0x73,0x73,0x77,0x81,0xa8,0xa8,0x81,0x77,0x80,0x7c,0x73,0x78,0x77,0x73,0x77,0x78,0x06,0x06,0x73,0x10,0x00,0x03,0x00,0x00,0x00,0x00,0x00,0x00,0x00,0x00,0x00,0x00,0x00,0x00,0x00,0x00,0x00,0x00,0x00,0x00,0x00,0x00,0x00,0x00,0x00,0x00,0x00,0x00,0x00,0x00,0x00,0x00,0x00,0x00,0x00,0x00,0x00,0x00,0x00,0x00,0x00,0x00,0x00,0x00,0x00,0x00,0x00,0x00,
    0x00,0x00,0x00,0x00,0x00,0x00,0x00,0x00,0x00,0x00,0x00,0x00,0x00,0x00,0x00,0x00,0x00,0x00,0x00,0x00,0x00,0x00,0x00,0x00,0x00,0x00,0x00,0x00,0x00,0x00,0x00,0x00,0x00,0x00,0x00,0x00,0x00,0x00,0x00,0x00,0x00,0x00,0x00,0x00,0x00,0x00,0x00,0x00,0x00,0x00,0x00,0x02,0x00,0x0d,0x18,0x06,0x77,0x77,0x77,0x77,0x77,0x77,0x77,0x77,0x87,0x7c,0x7d,0x77,0x77,0x87,0x81,0x73,0x73,0x73,0x73,0x73,0x73,0x73,0x73,0x87,0x73,0x77,0x73,0x73,0x77,0x73,0x7d,0x81,0x80,0x87,0x87,0x80,0x7c,0x80,0x2a,0x15,0x01,0x01,0x00,0x00,0x00,0x00,0x00,0x00,0x00,0x00,0x00,0x00,0x00,0x00,0x00,0x00,0x00,0x00,0x00,0x00,0x00,0x00,0x00,0x00,0x00,0x00,0x00,0x00,0x00,0x00,0x00,0x00,0x00,0x00,0x00,0x00,0x00,0x00,0x00,0x00,0x00,0x00,0x00,0x00,0x00,0x00,0x00,0x00,
    0x00,0x00,0x00,0x00,0x00,0x00,0x00,0x00,0x00,0x00,0x00,0x00,0x00,0x00,0x00,0x00,0x00,0x00,0x00,0x00,0x00,0x00,0x00,0x00,0x00,0x00,0x00,0x00,0x00,0x00,0x00,0x00,0x00,0x00,0x00,0x00,0x00,0x00,0x00,0x00,0x00,0x00,0x00,0x00,0x00,0x00,0x00,0x00,0x00,0x00,0x00,0x00,0x08,0x08,0x46,0x7c,0x81,0x80,0x87,0x87,0x87,0x87,0x80,0x7c,0x7c,0x80,0x77,0x73,0x73,0x73,0x78,0x78,0x78,0x78,0x78,0x73,0x73,0x73,0x73,0x77,0x80,0x87,0x73,0x73,0x73,0x73,0x77,0x81,0x74,0x7c,0x7e,0x1a,0x20,0x46,0x0a,0x03,0x01,0x00,0x00,0x00,0x00,0x00,0x00,0x00,0x00,0x00,0x00,0x00,0x00,0x00,0x00,0x00,0x00,0x00,0x00,0x00,0x00,0x00,0x00,0x00,0x00,0x00,0x00,0x00,0x00,0x00,0x00,0x00,0x00,0x00,0x00,0x00,0x00,0x00,0x00,0x00,0x00,0x00,0x00,0x00,0x00,0x00,0x00,0x00,
    0x00,0x00,0x00,0x00,0x00,0x00,0x00,0x00,0x00,0x00,0x00,0x00,0x00,0x00,0x00,0x00,0x00,0x00,0x00,0x00,0x00,0x00,0x00,0x00,0x00,0x00,0x00,0x00,0x00,0x00,0x00,0x00,0x00,0x00,0x00,0x00,0x00,0x00,0x00,0x00,0x00,0x00,0x00,0x00,0x00,0x00,0x00,0x00,0x00,0x00,0x00,0x00,0x08,0x00,0x2d,0x77,0x06,0x7d,0x7c,0x7c,0x7d,0x7c,0x7d,0x87,0x77,0x77,0x73,0x73,0x73,0x77,0x73,0x75,0x75,0x78,0x78,0x73,0x73,0x73,0x73,0x73,0x73,0x73,0x73,0x73,0x73,0x73,0x73,0x73,0x73,0x73,0x7c,0x0a,0x00,0x00,0x00,0x00,0x00,0x00,0x00,0x00,0x00,0x00,0x00,0x00,0x00,0x00,0x00,0x00,0x00,0x00,0x00,0x00,0x00,0x00,0x00,0x00,0x00,0x00,0x00,0x00,0x00,0x00,0x00,0x00,0x00,0x00,0x00,0x00,0x00,0x00,0x00,0x00,0x00,0x00,0x00,0x00,0x00,0x00,0x00,0x00,0x00,0x00,0x00,0x00,
    0x00,0x00,0x00,0x00,0x00,0x00,0x00,0x00,0x00,0x00,0x00,0x00,0x00,0x00,0x00,0x00,0x00,0x00,0x00,0x00,0x00,0x00,0x00,0x00,0x00,0x00,0x00,0x00,0x00,0x00,0x00,0x00,0x00,0x00,0x00,0x00,0x00,0x00,0x00,0x00,0x00,0x00,0x00,0x00,0x00,0x00,0x00,0x00,0x00,0x00,0x00,0x00,0x01,0x00,0x2a,0x78,0x75,0x75,0x75,0x75,0x78,0x78,0x77,0x77,0x73,0x73,0x73,0x73,0x73,0x73,0x73,0x73,0x73,0x73,0x73,0x73,0x73,0x73,0x73,0x73,0x73,0x73,0x73,0x73,0x73,0x73,0x73,0x73,0x73,0x78,0x81,0x45,0x00,0x08,0x02,0x00,0x00,0x00,0x00,0x00,0x00,0x00,0x00,0x00,0x00,0x00,0x00,0x00,0x00,0x00,0x00,0x00,0x00,0x00,0x00,0x00,0x00,0x00,0x00,0x00,0x00,0x00,0x00,0x00,0x00,0x00,0x00,0x00,0x00,0x00,0x00,0x00,0x00,0x00,0x00,0x00,0x00,0x00,0x00,0x00,0x00,0x00,0x00,0x00,
    0x00,0x00,0x00,0x00,0x00,0x00,0x00,0x00,0x00,0x00,0x00,0x00,0x00,0x00,0x00,0x00,0x00,0x00,0x00,0x00,0x00,0x00,0x00,0x00,0x00,0x00,0x00,0x00,0x00,0x00,0x00,0x00,0x00,0x00,0x00,0x00,0x00,0x00,0x00,0x00,0x00,0x00,0x00,0x00,0x00,0x00,0x00,0x00,0x00,0x00,0x01,0x00,0x0c,0x10,0x06,0x75,0x75,0x75,0x75,0x75,0x75,0x75,0x75,0x75,0x75,0x77,0x73,0x73,0x87,0x73,0x73,0x73,0x73,0x73,0x73,0x73,0x73,0x73,0x73,0x73,0x73,0x73,0x73,0x73,0x73,0x73,0x73,0x73,0x73,0x06,0x87,0x2a,0x46,0x02,0x01,0x00,0x00,0x00,0x00,0x00,0x00,0x00,0x00,0x00,0x00,0x00,0x00,0x00,0x00,0x00,0x00,0x00,0x00,0x00,0x00,0x00,0x00,0x00,0x00,0x00,0x00,0x00,0x00,0x00,0x00,0x00,0x00,0x00,0x00,0x00,0x00,0x00,0x00,0x00,0x00,0x00,0x00,0x00,0x00,0x00,0x00,0x00,0x00,0x00,
    0x00,0x00,0x00,0x00,0x00,0x00,0x00,0x00,0x00,0x00,0x00,0x00,0x00,0x00,0x00,0x00,0x00,0x00,0x00,0x00,0x00,0x00,0x00,0x00,0x00,0x00,0x00,0x00,0x00,0x00,0x00,0x00,0x00,0x00,0x00,0x00,0x00,0x00,0x00,0x00,0x00,0x00,0x00,0x00,0x00,0x00,0x00,0x00,0x00,0x00,0x02,0x00,0x0a,0x0b,0x8c,0x75,0x75,0x75,0x75,0x78,0x78,0x75,0x77,0x75,0x75,0x75,0x73,0x73,0x87,0x87,0x77,0x73,0x73,0x73,0x73,0x73,0x73,0x73,0x73,0x73,0x73,0x73,0x73,0x73,0x73,0x73,0x73,0x73,0x73,0x73,0x73,0x78,0x1a,0x1c,0x00,0x01,0x00,0x00,0x00,0x00,0x00,0x00,0x00,0x00,0x00,0x00,0x00,0x00,0x00,0x00,0x00,0x00,0x00,0x00,0x00,0x00,0x00,0x00,0x00,0x00,0x00,0x00,0x00,0x00,0x00,0x00,0x00,0x00,0x00,0x00,0x00,0x00,0x00,0x00,0x00,0x00,0x00,0x00,0x00,0x00,0x00,0x00,0x00,0x00,
    0x00,0x00,0x00,0x00,0x00,0x00,0x00,0x00,0x00,0x00,0x00,0x00,0x00,0x00,0x00,0x00,0x00,0x00,0x00,0x00,0x00,0x00,0x00,0x00,0x00,0x00,0x00,0x00,0x00,0x00,0x00,0x00,0x00,0x00,0x00,0x00,0x00,0x00,0x00,0x00,0x00,0x00,0x00,0x00,0x00,0x00,0x00,0x00,0x00,0x00,0x03,0x00,0x0d,0x1a,0x8c,0x75,0x75,0x75,0x75,0x73,0x73,0x77,0x73,0x73,0x77,0x75,0x75,0x77,0x73,0x73,0x80,0x87,0x77,0x73,0x73,0x73,0x73,0x73,0x87,0x73,0x73,0x73,0x73,0x73,0x73,0x73,0x73,0x73,0x73,0x73,0x06,0x8c,0x20,0x1c,0x03,0x01,0x00,0x00,0x00,0x00,0x00,0x00,0x00,0x00,0x00,0x00,0x00,0x00,0x00,0x00,0x00,0x00,0x00,0x00,0x00,0x00,0x00,0x00,0x00,0x00,0x00,0x00,0x00,0x00,0x00,0x00,0x00,0x00,0x00,0x00,0x00,0x00,0x00,0x00,0x00,0x00,0x00,0x00,0x00,0x00,0x00,0x00,0x00,0x00,
    0x00,0x00,0x00,0x00,0x00,0x00,0x00,0x00,0x00,0x00,0x00,0x00,0x00,0x00,0x00,0x00,0x00,0x00,0x00,0x00,0x00,0x00,0x00,0x00,0x00,0x00,0x00,0x00,0x00,0x00,0x00,0x00,0x00,0x00,0x00,0x00,0x00,0x00,0x00,0x00,0x00,0x00,0x00,0x00,0x00,0x00,0x00,0x00,0x00,0x00,0x02,0x01,0x2d,0x18,0x75,0x75,0x75,0x75,0x78,0x73,0x73,0x73,0x73,0x73,0x73,0x77,0x78,0x77,0x73,0x73,0x80,0x7d,0x80,0x73,0x73,0x73,0x73,0x87,0x80,0x73,0x87,0x87,0x73,0x73,0x73,0x73,0x73,0x78,0x75,0x77,0x06,0x75,0x0b,0x02,0x02,0x00,0x00,0x00,0x00,0x00,0x00,0x00,0x00,0x00,0x00,0x00,0x00,0x00,0x00,0x00,0x00,0x00,0x00,0x00,0x00,0x00,0x00,0x00,0x00,0x00,0x00,0x00,0x00,0x00,0x00,0x00,0x00,0x00,0x00,0x00,0x00,0x00,0x00,0x00,0x00,0x00,0x00,0x00,0x00,0x00,0x00,0x00,0x00,0x00,
    0x00,0x00,0x00,0x00,0x00,0x00,0x00,0x00,0x00,0x00,0x00,0x00,0x00,0x00,0x00,0x00,0x00,0x00,0x00,0x00,0x00,0x00,0x00,0x00,0x00,0x00,0x00,0x00,0x00,0x00,0x00,0x00,0x00,0x00,0x00,0x00,0x00,0x00,0x00,0x00,0x00,0x00,0x00,0x00,0x00,0x00,0x00,0x00,0x00,0x00,0x00,0x0c,0x2d,0x8b,0x8c,0x75,0x75,0x75,0x75,0x77,0x73,0x73,0x73,0x73,0x73,0x73,0x73,0x77,0x73,0x78,0x75,0x75,0x77,0x77,0x73,0x73,0x73,0x73,0x77,0x73,0x73,0x73,0x73,0x73,0x73,0x77,0x75,0x75,0x75,0x77,0x73,0x77,0x06,0x15,0x00,0x01,0x00,0x00,0x00,0x00,0x00,0x00,0x00,0x00,0x00,0x00,0x00,0x00,0x00,0x00,0x00,0x00,0x00,0x00,0x00,0x00,0x00,0x00,0x00,0x00,0x00,0x00,0x00,0x00,0x00,0x00,0x00,0x00,0x00,0x00,0x00,0x00,0x00,0x00,0x00,0x00,0x00,0x00,0x00,0x00,0x00,0x00,0x00,0x00,
    0x00,0x00,0x00,0x00,0x00,0x00,0x00,0x00,0x00,0x00,0x00,0x00,0x00,0x00,0x00,0x00,0x00,0x00,0x00,0x00,0x00,0x00,0x00,0x00,0x00,0x00,0x00,0x00,0x00,0x00,0x00,0x00,0x00,0x00,0x00,0x00,0x00,0x00,0x00,0x00,0x00,0x00,0x00,0x00,0x00,0x00,0x00,0x00,0x00,0x03,0x00,0x0a,0x20,0x8b,0x75,0x75,0x75,0x75,0x75,0x78,0x73,0x73,0x73,0x73,0x73,0x73,0x73,0x73,0x77,0x78,0x75,0x75,0x75,0x75,0x75,0x78,0x73,0x73,0x73,0x73,0x73,0x73,0x73,0x73,0x77,0x75,0x75,0x75,0x75,0x77,0x77,0x73,0x18,0x08,0x00,0x01,0x00,0x00,0x00,0x00,0x00,0x00,0x00,0x00,0x00,0x00,0x00,0x00,0x00,0x00,0x00,0x00,0x00,0x00,0x00,0x00,0x00,0x00,0x00,0x00,0x00,0x00,0x00,0x00,0x00,0x00,0x00,0x00,0x00,0x00,0x00,0x00,0x00,0x00,0x00,0x00,0x00,0x00,0x00,0x00,0x00,0x00,0x00,0x00,
    0x00,0x00,0x00,0x00,0x00,0x00,0x00,0x00,0x00,0x00,0x00,0x00,0x00,0x00,0x00,0x00,0x00,0x00,0x00,0x00,0x00,0x00,0x00,0x00,0x00,0x00,0x00,0x00,0x00,0x00,0x00,0x00,0x00,0x00,0x00,0x00,0x00,0x00,0x00,0x00,0x00,0x00,0x00,0x00,0x00,0x00,0x00,0x00,0x00,0x00,0x03,0x08,0x2d,0x8c,0x75,0x75,0x75,0x75,0x75,0x77,0x73,0x73,0x73,0x73,0x73,0x73,0x73,0x73,0x73,0x73,0x78,0x75,0x75,0x75,0x78,0x73,0x73,0x77,0x77,0x73,0x73,0x73,0x77,0x77,0x78,0x75,0x75,0x75,0x78,0x77,0x77,0x73,0x18,0x23,0x00,0x01,0x00,0x00,0x00,0x00,0x00,0x00,0x00,0x00,0x00,0x00,0x00,0x00,0x00,0x00,0x00,0x00,0x00,0x00,0x00,0x00,0x00,0x00,0x00,0x00,0x00,0x00,0x00,0x00,0x00,0x00,0x00,0x00,0x00,0x00,0x00,0x00,0x00,0x00,0x00,0x00,0x00,0x00,0x00,0x00,0x00,0x00,0x00,0x00,
    0x00,0x00,0x00,0x00,0x00,0x00,0x00,0x00,0x00,0x00,0x00,0x00,0x00,0x00,0x00,0x00,0x00,0x00,0x00,0x00,0x00,0x00,0x00,0x00,0x00,0x00,0x00,0x00,0x00,0x00,0x00,0x00,0x00,0x00,0x00,0x00,0x00,0x00,0x00,0x00,0x00,0x00,0x00,0x00,0x00,0x00,0x00,0x00,0x00,0x00,0x08,0x00,0x10,0x06,0x8c,0x75,0x75,0x75,0x75,0x77,0x73,0x73,0x73,0x73,0x73,0x73,0x73,0x73,0x73,0x73,0x73,0x77,0x78,0x75,0x75,0x73,0x73,0x78,0x78,0x75,0x78,0x78,0x78,0x73,0x73,0x73,0x73,0x73,0x73,0x80,0x80,0x78,0x18,0x10,0x01,0x00,0x00,0x00,0x00,0x00,0x00,0x00,0x00,0x00,0x00,0x00,0x00,0x00,0x00,0x00,0x00,0x00,0x00,0x00,0x00,0x00,0x00,0x00,0x00,0x00,0x00,0x00,0x00,0x00,0x00,0x00,0x00,0x00,0x00,0x00,0x00,0x00,0x00,0x00,0x00,0x00,0x00,0x00,0x00,0x00,0x00,0x00,0x00,0x00,
    0x00,0x00,0x00,0x00,0x00,0x00,0x00,0x00,0x00,0x00,0x00,0x00,0x00,0x00,0x00,0x00,0x00,0x00,0x00,0x00,0x00,0x00,0x00,0x00,0x00,0x00,0x00,0x00,0x00,0x00,0x00,0x00,0x00,0x00,0x00,0x00,0x00,0x00,0x00,0x00,0x00,0x00,0x00,0x00,0x00,0x00,0x00,0x00,0x00,0x00,0x01,0x03,0x2d,0x81,0x78,0x75,0x75,0x75,0x78,0x75,0x77,0x77,0x73,0x77,0x77,0x77,0x73,0x73,0x73,0x73,0x73,0x73,0x77,0x75,0x75,0x75,0x75,0x75,0x75,0x75,0x75,0x75,0x75,0x77,0x77,0x73,0x73,0x73,0x73,0x73,0x77,0x75,0x18,0x10,0x01,0x00,0x00,0x00,0x00,0x00,0x00,0x00,0x00,0x00,0x00,0x00,0x00,0x00,0x00,0x00,0x00,0x00,0x00,0x00,0x00,0x00,0x00,0x00,0x00,0x00,0x00,0x00,0x00,0x00,0x00,0x00,0x00,0x00,0x00,0x00,0x00,0x00,0x00,0x00,0x00,0x00,0x00,0x00,0x00,0x00,0x00,0x00,0x00,0x00,
    0x00,0x00,0x00,0x00,0x00,0x00,0x00,0x00,0x00,0x00,0x00,0x00,0x00,0x00,0x00,0x00,0x00,0x00,0x00,0x00,0x00,0x00,0x00,0x00,0x00,0x00,0x00,0x00,0x00,0x00,0x00,0x00,0x00,0x00,0x00,0x00,0x00,0x00,0x00,0x00,0x00,0x00,0x00,0x00,0x00,0x00,0x00,0x00,0x00,0x00,0x00,0x03,0x0a,0x20,0x7d,0x06,0x78,0x78,0x73,0x87,0x81,0x81,0x7c,0x7d,0x7d,0x80,0x73,0x77,0x75,0x75,0x78,0x77,0x73,0x78,0x75,0x75,0x75,0x75,0x75,0x75,0x75,0x77,0x73,0x80,0x7c,0x7e,0x7e,0x80,0x87,0x87,0x73,0x06,0x18,0x10,0x00,0x03,0x00,0x00,0x00,0x00,0x00,0x00,0x00,0x00,0x00,0x00,0x00,0x00,0x00,0x00,0x00,0x00,0x00,0x00,0x00,0x00,0x00,0x00,0x00,0x00,0x00,0x00,0x00,0x00,0x00,0x00,0x00,0x00,0x00,0x00,0x00,0x00,0x00,0x00,0x00,0x00,0x00,0x00,0x00,0x00,0x00,0x00,0x00,0x00,
    0x00,0x00,0x00,0x00,0x00,0x00,0x00,0x00,0x00,0x00,0x00,0x00,0x00,0x00,0x00,0x00,0x00,0x00,0x00,0x00,0x00,0x00,0x00,0x00,0x00,0x00,0x00,0x00,0x00,0x00,0x00,0x00,0x00,0x00,0x00,0x00,0x00,0x00,0x00,0x00,0x00,0x00,0x00,0x00,0x00,0x00,0x00,0x00,0x00,0x00,0x00,0x03,0x00,0x45,0x07,0x07,0x7c,0x7c,0x7c,0x74,0x74,0x74,0x74,0x74,0x74,0x74,0x7e,0x7c,0x87,0x78,0x75,0x78,0x73,0x73,0x77,0x73,0x73,0x73,0x80,0x80,0x81,0x7c,0x7e,0x74,0x74,0x74,0x74,0x74,0x74,0x74,0x7c,0x80,0x18,0x23,0x00,0x03,0x00,0x00,0x00,0x00,0x00,0x00,0x00,0x00,0x00,0x00,0x00,0x00,0x00,0x00,0x00,0x00,0x00,0x00,0x00,0x00,0x00,0x00,0x00,0x00,0x00,0x00,0x00,0x00,0x00,0x00,0x00,0x00,0x00,0x00,0x00,0x00,0x00,0x00,0x00,0x00,0x00,0x00,0x00,0x00,0x00,0x00,0x00,0x00,
    0x00,0x00,0x00,0x00,0x00,0x00,0x00,0x00,0x00,0x00,0x00,0x00,0x00,0x00,0x00,0x00,0x00,0x00,0x00,0x00,0x00,0x00,0x00,0x00,0x00,0x00,0x00,0x00,0x00,0x00,0x00,0x00,0x00,0x00,0x00,0x00,0x00,0x00,0x00,0x00,0x00,0x00,0x00,0x00,0x00,0x00,0x00,0x00,0x00,0x00,0x00,0x00,0x08,0x00,0x30,0x7d,0x07,0x74,0x74,0x74,0x7c,0x7c,0x7c,0x7c,0x7d,0x7d,0x7e,0x81,0x7d,0x7d,0x7c,0x7c,0x7e,0x74,0x74,0x74,0x74,0x74,0x74,0x74,0x74,0x74,0x74,0x74,0x74,0x74,0x74,0x74,0x74,0x7e,0x81,0x11,0x10,0x02,0x01,0x00,0x00,0x00,0x00,0x00,0x00,0x00,0x00,0x00,0x00,0x00,0x00,0x00,0x00,0x00,0x00,0x00,0x00,0x00,0x00,0x00,0x00,0x00,0x00,0x00,0x00,0x00,0x00,0x00,0x00,0x00,0x00,0x00,0x00,0x00,0x00,0x00,0x00,0x00,0x00,0x00,0x00,0x00,0x00,0x00,0x00,0x00,0x00,0x00,
    0x00,0x00,0x00,0x00,0x00,0x00,0x00,0x00,0x00,0x00,0x00,0x00,0x00,0x00,0x00,0x00,0x00,0x00,0x00,0x00,0x00,0x00,0x00,0x00,0x00,0x00,0x00,0x00,0x00,0x00,0x00,0x00,0x00,0x00,0x00,0x00,0x00,0x00,0x00,0x00,0x00,0x00,0x00,0x00,0x00,0x00,0x00,0x00,0x00,0x00,0x00,0x00,0x00,0x03,0x03,0x20,0x7e,0x07,0x81,0x87,0x87,0x80,0x87,0x73,0x77,0x78,0x75,0x75,0x75,0x75,0x75,0x73,0x87,0x7d,0x7d,0x7d,0x7d,0x7d,0x81,0x81,0x73,0x73,0x73,0x81,0x7d,0x7d,0x7e,0x7e,0x74,0x07,0x7c,0x0d,0x00,0x03,0x00,0x00,0x00,0x00,0x00,0x00,0x00,0x00,0x00,0x00,0x00,0x00,0x00,0x00,0x00,0x00,0x00,0x00,0x00,0x00,0x00,0x00,0x00,0x00,0x00,0x00,0x00,0x00,0x00,0x00,0x00,0x00,0x00,0x00,0x00,0x00,0x00,0x00,0x00,0x00,0x00,0x00,0x00,0x00,0x00,0x00,0x00,0x00,0x00,0x00,
    0x00,0x00,0x00,0x00,0x00,0x00,0x00,0x00,0x00,0x00,0x00,0x00,0x00,0x00,0x00,0x00,0x00,0x00,0x00,0x00,0x00,0x00,0x00,0x00,0x00,0x00,0x00,0x00,0x00,0x00,0x00,0x00,0x00,0x00,0x00,0x00,0x00,0x00,0x00,0x00,0x00,0x00,0x00,0x00,0x00,0x00,0x00,0x00,0x00,0x00,0x00,0x00,0x00,0x03,0x02,0x0d,0x06,0x06,0x77,0x73,0x73,0x73,0x78,0x78,0x75,0x75,0x75,0x75,0x75,0x75,0x75,0x75,0x75,0x75,0x75,0x75,0x78,0x78,0x73,0x78,0x75,0x75,0x75,0x75,0x78,0x77,0x77,0x73,0x7e,0x07,0x7e,0x0d,0x03,0x03,0x00,0x00,0x00,0x00,0x00,0x00,0x00,0x00,0x00,0x00,0x00,0x00,0x00,0x00,0x00,0x00,0x00,0x00,0x00,0x00,0x00,0x00,0x00,0x00,0x00,0x00,0x00,0x00,0x00,0x00,0x00,0x00,0x00,0x00,0x00,0x00,0x00,0x00,0x00,0x00,0x00,0x00,0x00,0x00,0x00,0x00,0x00,0x00,0x00,0x00,
    0x00,0x00,0x00,0x00,0x00,0x00,0x00,0x00,0x00,0x00,0x00,0x00,0x00,0x00,0x00,0x00,0x00,0x00,0x00,0x00,0x00,0x00,0x00,0x00,0x00,0x00,0x00,0x00,0x00,0x00,0x00,0x00,0x00,0x00,0x00,0x00,0x00,0x00,0x00,0x00,0x00,0x00,0x00,0x00,0x00,0x00,0x00,0x00,0x00,0x00,0x00,0x00,0x00,0x00,0x0c,0x2d,0x18,0x73,0x73,0x73,0x75,0x75,0x75,0x75,0x75,0x75,0x75,0x75,0x75,0x75,0x75,0x75,0x75,0x75,0x75,0x75,0x75,0x78,0x78,0x75,0x75,0x75,0x75,0x75,0x75,0x75,0x75,0x78,0x87,0x80,0x7c,0x45,0x00,0x02,0x00,0x00,0x00,0x00,0x00,0x00,0x00,0x00,0x00,0x00,0x00,0x00,0x00,0x00,0x00,0x00,0x00,0x00,0x00,0x00,0x00,0x00,0x00,0x00,0x00,0x00,0x00,0x00,0x00,0x00,0x00,0x00,0x00,0x00,0x00,0x00,0x00,0x00,0x00,0x00,0x00,0x00,0x00,0x00,0x00,0x00,0x00,0x00,0x00,0x00,
    0x00,0x00,0x00,0x00,0x00,0x00,0x00,0x00,0x00,0x00,0x00,0x00,0x00,0x00,0x00,0x00,0x00,0x00,0x00,0x00,0x00,0x00,0x00,0x00,0x00,0x00,0x00,0x00,0x00,0x00,0x00,0x00,0x00,0x00,0x00,0x00,0x00,0x00,0x00,0x00,0x00,0x00,0x00,0x00,0x00,0x00,0x00,0x00,0x00,0x00,0x00,0x00,0x00,0x00,0x08,0x30,0x77,0x06,0x06,0x75,0x8c,0x8c,0x8c,0x8c,0x8c,0x8c,0x75,0x75,0x75,0x75,0x75,0x75,0x75,0x78,0x78,0x75,0x75,0x75,0x75,0x75,0x75,0x75,0x75,0x75,0x75,0x8c,0x8c,0x8c,0x8c,0x77,0x7c,0x1c,0x00,0x02,0x00,0x00,0x00,0x00,0x00,0x00,0x00,0x00,0x00,0x00,0x00,0x00,0x00,0x00,0x00,0x00,0x00,0x00,0x00,0x00,0x00,0x00,0x00,0x00,0x00,0x00,0x00,0x00,0x00,0x00,0x00,0x00,0x00,0x00,0x00,0x00,0x00,0x00,0x00,0x00,0x00,0x00,0x00,0x00,0x00,0x00,0x00,0x00,0x00,0x00,
    0x00,0x00,0x00,0x00,0x00,0x00,0x00,0x00,0x00,0x00,0x00,0x00,0x00,0x00,0x00,0x00,0x00,0x00,0x00,0x00,0x00,0x00,0x00,0x00,0x00,0x00,0x00,0x00,0x00,0x00,0x00,0x00,0x00,0x00,0x00,0x00,0x00,0x00,0x00,0x00,0x00,0x00,0x00,0x00,0x00,0x00,0x00,0x00,0x00,0x00,0x00,0x00,0x00,0x01,0x01,0x46,0x0b,0x81,0x87,0x80,0x81,0x74,0x74,0x7c,0x81,0x80,0x80,0x78,0x78,0x8c,0x8c,0x8c,0x8c,0x75,0x78,0x8c,0x8c,0x8c,0x8c,0x75,0x75,0x73,0x80,0x7d,0x7c,0x7e,0x7c,0x87,0x78,0x06,0x30,0x01,0x03,0x00,0x00,0x00,0x00,0x00,0x00,0x00,0x00,0x00,0x00,0x00,0x00,0x00,0x00,0x00,0x00,0x00,0x00,0x00,0x00,0x00,0x00,0x00,0x00,0x00,0x00,0x00,0x00,0x00,0x00,0x00,0x00,0x00,0x00,0x00,0x00,0x00,0x00,0x00,0x00,0x00,0x00,0x00,0x00,0x00,0x00,0x00,0x00,0x00,0x00,0x00,
    0x00,0x00,0x00,0x00,0x00,0x00,0x00,0x00,0x00,0x00,0x00,0x00,0x00,0x00,0x00,0x00,0x00,0x00,0x00,0x00,0x00,0x00,0x00,0x00,0x00,0x00,0x00,0x00,0x00,0x00,0x00,0x00,0x00,0x00,0x00,0x00,0x00,0x00,0x00,0x00,0x00,0x00,0x00,0x00,0x00,0x00,0x00,0x00,0x00,0x00,0x00,0x00,0x00,0x00,0x01,0x00,0x0c,0x0d,0x0d,0x10,0x12,0xc2,0xc2,0xda,0xda,0x12,0x12,0x8b,0x8c,0x8c,0x75,0x73,0x87,0x78,0x78,0x80,0x73,0x78,0x87,0x80,0x7d,0x78,0x8c,0x8b,0x12,0xda,0xc2,0x2a,0x0d,0x0a,0x00,0x01,0x00,0x00,0x00,0x00,0x00,0x00,0x00,0x00,0x00,0x00,0x00,0x00,0x00,0x00,0x00,0x00,0x00,0x00,0x00,0x00,0x00,0x00,0x00,0x00,0x00,0x00,0x00,0x00,0x00,0x00,0x00,0x00,0x00,0x00,0x00,0x00,0x00,0x00,0x00,0x00,0x00,0x00,0x00,0x00,0x00,0x00,0x00,0x00,0x00,0x00,0x00,0x00,
    0x00,0x00,0x00,0x00,0x00,0x00,0x00,0x00,0x00,0x00,0x00,0x00,0x00,0x00,0x00,0x00,0x00,0x00,0x00,0x00,0x00,0x00,0x00,0x00,0x00,0x00,0x00,0x00,0x00,0x00,0x00,0x00,0x00,0x00,0x00,0x00,0x00,0x00,0x00,0x00,0x00,0x00,0x00,0x00,0x00,0x00,0x00,0x00,0x00,0x00,0x00,0x00,0x00,0x00,0x00,0x03,0x00,0x00,0x00,0x1b,0x5d,0xcb,0xb5,0xb5,0xd7,0xd6,0x9a,0xbd,0xb5,0xf3,0xcf,0xe5,0xe2,0x12,0x1a,0xd3,0xe5,0xe5,0xcf,0xca,0xa3,0xc0,0xc0,0xb5,0xcb,0xcb,0xf3,0x58,0x17,0x00,0x02,0x00,0x00,0x00,0x00,0x00,0x00,0x00,0x00,0x00,0x00,0x00,0x00,0x00,0x00,0x00,0x00,0x00,0x00,0x00,0x00,0x00,0x00,0x00,0x00,0x00,0x00,0x00,0x00,0x00,0x00,0x00,0x00,0x00,0x00,0x00,0x00,0x00,0x00,0x00,0x00,0x00,0x00,0x00,0x00,0x00,0x00,0x00,0x00,0x00,0x00,0x00,0x00,0x00,
    0x00,0x00,0x00,0x00,0x00,0x00,0x00,0x00,0x00,0x00,0x00,0x00,0x00,0x00,0x00,0x00,0x00,0x00,0x00,0x00,0x00,0x00,0x00,0x00,0x00,0x00,0x00,0x00,0x00,0x00,0x00,0x00,0x00,0x00,0x00,0x00,0x00,0x00,0x00,0x00,0x00,0x00,0x00,0x00,0x00,0x00,0x00,0x00,0x00,0x00,0x00,0x00,0x00,0x00,0x00,0x00,0x01,0x08,0x03,0x29,0x43,0x2c,0xbd,0x3b,0x9c,0x9c,0x9c,0x9c,0x88,0x76,0xd7,0xb5,0xf3,0x5f,0x6b,0xf3,0xb5,0xd7,0x76,0xa5,0x98,0x97,0xa0,0x97,0x85,0x9a,0xca,0x49,0x2f,0x03,0x02,0x00,0x00,0x00,0x00,0x00,0x00,0x00,0x00,0x00,0x00,0x00,0x00,0x00,0x00,0x00,0x00,0x00,0x00,0x00,0x00,0x00,0x00,0x00,0x00,0x00,0x00,0x00,0x00,0x00,0x00,0x00,0x00,0x00,0x00,0x00,0x00,0x00,0x00,0x00,0x00,0x00,0x00,0x00,0x00,0x00,0x00,0x00,0x00,0x00,0x00,0x00,0x00,0x00,
    0x00,0x00,0x00,0x00,0x00,0x00,0x00,0x00,0x00,0x00,0x00,0x00,0x00,0x00,0x00,0x00,0x00,0x00,0x00,0x00,0x00,0x00,0x00,0x00,0x00,0x00,0x00,0x00,0x00,0x00,0x00,0x00,0x00,0x00,0x00,0x00,0x00,0x00,0x00,0x00,0x00,0x00,0x00,0x00,0x00,0x00,0x00,0x00,0x00,0x00,0x00,0x00,0x00,0x00,0x00,0x00,0x00,0x04,0x00,0x14,0x4a,0xc5,0xa0,0x9c,0x8a,0xc4,0x82,0x82,0x82,0x7f,0x89,0xd6,0xcf,0x6b,0x47,0x5d,0xc0,0x91,0x7f,0x82,0x8a,0x85,0x9c,0x98,0x98,0x97,0x38,0x68,0x00,0x00,0x00,0x00,0x00,0x00,0x00,0x00,0x00,0x00,0x00,0x00,0x00,0x00,0x00,0x00,0x00,0x00,0x00,0x00,0x00,0x00,0x00,0x00,0x00,0x00,0x00,0x00,0x00,0x00,0x00,0x00,0x00,0x00,0x00,0x00,0x00,0x00,0x00,0x00,0x00,0x00,0x00,0x00,0x00,0x00,0x00,0x00,0x00,0x00,0x00,0x00,0x00,0x00,0x00,0x00,
    0x00,0x00,0x00,0x00,0x00,0x00,0x00,0x00,0x00,0x00,0x00,0x00,0x00,0x00,0x00,0x00,0x00,0x00,0x00,0x00,0x00,0x00,0x00,0x00,0x00,0x00,0x00,0x00,0x00,0x00,0x00,0x00,0x00,0x00,0x00,0x00,0x00,0x00,0x00,0x00,0x00,0x00,0x00,0x00,0x00,0x00,0x00,0x00,0x00,0x00,0x00,0x00,0x00,0x00,0x00,0x00,0x00,0x00,0x05,0x03,0x48,0x69,0x85,0xc4,0x7f,0x7f,0x7f,0x7f,0x7f,0x7f,0x82,0x88,0xac,0x47,0x53,0x27,0x98,0x9c,0x91,0x7f,0x91,0x8a,0x8a,0x85,0x85,0xab,0x3a,0x60,0x05,0x00,0x00,0x00,0x00,0x00,0x00,0x00,0x00,0x00,0x00,0x00,0x00,0x00,0x00,0x00,0x00,0x00,0x00,0x00,0x00,0x00,0x00,0x00,0x00,0x00,0x00,0x00,0x00,0x00,0x00,0x00,0x00,0x00,0x00,0x00,0x00,0x00,0x00,0x00,0x00,0x00,0x00,0x00,0x00,0x00,0x00,0x00,0x00,0x00,0x00,0x00,0x00,0x00,0x00,0x00,
    0x00,0x00,0x00,0x00,0x00,0x00,0x00,0x00,0x00,0x00,0x00,0x00,0x00,0x00,0x00,0x00,0x00,0x00,0x00,0x00,0x00,0x00,0x00,0x00,0x00,0x00,0x00,0x00,0x00,0x00,0x00,0x00,0x00,0x00,0x00,0x00,0x00,0x00,0x00,0x00,0x00,0x00,0x00,0x00,0x00,0x00,0x00,0x00,0x00,0x00,0x00,0x00,0x00,0x00,0x00,0x00,0x00,0x00,0x05,0x00,0x22,0x31,0xa5,0x91,0x7f,0x7f,0x7f,0x7f,0x7f,0x7f,0x82,0x95,0x1d,0x39,0x55,0x59,0x9c,0x97,0x9c,0x76,0x7f,0x7f,0x7f,0xc4,0x85,0xa5,0x59,0x1c,0x05,0x00,0x00,0x00,0x00,0x00,0x00,0x00,0x00,0x00,0x00,0x00,0x00,0x00,0x00,0x00,0x00,0x00,0x00,0x00,0x00,0x00,0x00,0x00,0x00,0x00,0x00,0x00,0x00,0x00,0x00,0x00,0x00,0x00,0x00,0x00,0x00,0x00,0x00,0x00,0x00,0x00,0x00,0x00,0x00,0x00,0x00,0x00,0x00,0x00,0x00,0x00,0x00,0x00,0x00,0x00,
    0x00,0x00,0x00,0x00,0x00,0x00,0x00,0x00,0x00,0x00,0x00,0x00,0x00,0x00,0x00,0x00,0x00,0x00,0x00,0x00,0x00,0x00,0x00,0x00,0x00,0x00,0x00,0x00,0x00,0x00,0x00,0x00,0x00,0x00,0x00,0x00,0x00,0x00,0x00,0x00,0x00,0x00,0x00,0x00,0x00,0x00,0x00,0x00,0x00,0x00,0x00,0x00,0x00,0x00,0x00,0x00,0x00,0x00,0x2b,0x00,0x5a,0x69,0xa5,0x9b,0x7f,0x7f,0x7f,0x7f,0x7f,0x7b,0x8a,0x8a,0x41,0x4e,0x2e,0x5b,0xc5,0x97,0x98,0x85,0x76,0x7f,0x7f,0x82,0x89,0xb0,0x4b,0x14,0x00,0x04,0x00,0x00,0x00,0x00,0x00,0x00,0x00,0x00,0x00,0x00,0x00,0x00,0x00,0x00,0x00,0x00,0x00,0x00,0x00,0x00,0x00,0x00,0x00,0x00,0x00,0x00,0x00,0x00,0x00,0x00,0x00,0x00,0x00,0x00,0x00,0x00,0x00,0x00,0x00,0x00,0x00,0x00,0x00,0x00,0x00,0x00,0x00,0x00,0x00,0x00,0x00,0x00,0x00,0x00,
    0x00,0x00,0x00,0x00,0x00,0x00,0x00,0x00,0x00,0x00,0x00,0x00,0x00,0x00,0x00,0x00,0x00,0x00,0x00,0x00,0x00,0x00,0x00,0x00,0x00,0x00,0x00,0x00,0x00,0x00,0x00,0x00,0x00,0x00,0x00,0x00,0x00,0x00,0x00,0x00,0x00,0x00,0x00,0x00,0x00,0x00,0x00,0x00,0x00,0x00,0x00,0x00,0x00,0x00,0x00,0x00,0x00,0x00,0x05,0x00,0x32,0x36,0xc5,0x76,0x82,0x7f,0x7f,0x7f,0x7f,0x8a,0x9c,0x9c,0x5d,0x4c,0x32,0x59,0x3b,0x97,0x9c,0x91,0x7b,0x7f,0x7f,0x82,0x88,0xc5,0x5f,0x1b,0x00,0x03,0x00,0x00,0x00,0x00,0x00,0x00,0x00,0x00,0x00,0x00,0x00,0x00,0x00,0x00,0x00,0x00,0x00,0x00,0x00,0x00,0x00,0x00,0x00,0x00,0x00,0x00,0x00,0x00,0x00,0x00,0x00,0x00,0x00,0x00,0x00,0x00,0x00,0x00,0x00,0x00,0x00,0x00,0x00,0x00,0x00,0x00,0x00,0x00,0x00,0x00,0x00,0x00,0x00,0x00,
    0x00,0x00,0x00,0x00,0x00,0x00,0x00,0x00,0x00,0x00,0x00,0x00,0x00,0x00,0x00,0x00,0x00,0x00,0x00,0x00,0x00,0x00,0x00,0x00,0x00,0x00,0x00,0x00,0x00,0x00,0x00,0x00,0x00,0x00,0x00,0x00,0x00,0x00,0x00,0x00,0x00,0x00,0x00,0x00,0x00,0x00,0x00,0x00,0x00,0x00,0x00,0x00,0x00,0x00,0x00,0x00,0x00,0x00,0x01,0x05,0x17,0x35,0xb0,0x8a,0xc4,0x7f,0x7f,0x7f,0x91,0x85,0x98,0x85,0x41,0x29,0x19,0x61,0xb0,0x9c,0x82,0x7f,0x7f,0x7f,0x7f,0x8a,0x98,0xc6,0x43,0x2e,0x00,0x6c,0x00,0x00,0x00,0x00,0x00,0x00,0x00,0x00,0x00,0x00,0x00,0x00,0x00,0x00,0x00,0x00,0x00,0x00,0x00,0x00,0x00,0x00,0x00,0x00,0x00,0x00,0x00,0x00,0x00,0x00,0x00,0x00,0x00,0x00,0x00,0x00,0x00,0x00,0x00,0x00,0x00,0x00,0x00,0x00,0x00,0x00,0x00,0x00,0x00,0x00,0x00,0x00,0x00,0x00,
    0x00,0x00,0x00,0x00,0x00,0x00,0x00,0x00,0x00,0x00,0x00,0x00,0x00,0x00,0x00,0x00,0x00,0x00,0x00,0x00,0x00,0x00,0x00,0x00,0x00,0x00,0x00,0x00,0x00,0x00,0x00,0x00,0x00,0x00,0x00,0x00,0x00,0x00,0x00,0x00,0x00,0x00,0x00,0x00,0x00,0x00,0x00,0x00,0x00,0x00,0x00,0x00,0x00,0x00,0x00,0x00,0x00,0x00,0x00,0x05,0x00,0x19,0xb0,0x97,0x98,0x9c,0x9c,0x85,0x85,0x85,0x97,0xae,0x4a,0x19,0x08,0x47,0x38,0x95,0x82,0x7f,0x7b,0x8a,0x85,0x98,0xa0,0xb1,0x34,0x17,0x00,0x04,0x00,0x00,0x00,0x00,0x00,0x00,0x00,0x00,0x00,0x00,0x00,0x00,0x00,0x00,0x00,0x00,0x00,0x00,0x00,0x00,0x00,0x00,0x00,0x00,0x00,0x00,0x00,0x00,0x00,0x00,0x00,0x00,0x00,0x00,0x00,0x00,0x00,0x00,0x00,0x00,0x00,0x00,0x00,0x00,0x00,0x00,0x00,0x00,0x00,0x00,0x00,0x00,0x00,0x00,
    0x00,0x00,0x00,0x00,0x00,0x00,0x00,0x00,0x00,0x00,0x00,0x00,0x00,0x00,0x00,0x00,0x00,0x00,0x00,0x00,0x00,0x00,0x00,0x00,0x00,0x00,0x00,0x00,0x00,0x00,0x00,0x00,0x00,0x00,0x00,0x00,0x00,0x00,0x00,0x00,0x00,0x00,0x00,0x00,0x00,0x00,0x00,0x00,0x00,0x00,0x00,0x00,0x00,0x00,0x00,0x00,0x00,0x00,0x00,0x2b,0x00,0x32,0x9c,0x98,0x98,0x98,0x98,0x98,0x9c,0x9c,0x98,0x9d,0x1b,0x2b,0x08,0x49,0x1d,0x88,0x82,0x7f,0x7f,0x8a,0x9c,0x98,0xa0,0xad,0x5b,0x14,0x00,0x04,0x00,0x00,0x00,0x00,0x00,0x00,0x00,0x00,0x00,0x00,0x00,0x00,0x00,0x00,0x00,0x00,0x00,0x00,0x00,0x00,0x00,0x00,0x00,0x00,0x00,0x00,0x00,0x00,0x00,0x00,0x00,0x00,0x00,0x00,0x00,0x00,0x00,0x00,0x00,0x00,0x00,0x00,0x00,0x00,0x00,0x00,0x00,0x00,0x00,0x00,0x00,0x00,0x00,0x00,
    0x00,0x00,0x00,0x00,0x00,0x00,0x00,0x00,0x00,0x00,0x00,0x00,0x00,0x00,0x00,0x00,0x00,0x00,0x00,0x00,0x00,0x00,0x00,0x00,0x00,0x00,0x00,0x00,0x00,0x00,0x00,0x00,0x00,0x00,0x00,0x00,0x00,0x00,0x00,0x00,0x00,0x00,0x00,0x00,0x00,0x00,0x00,0x00,0x00,0x00,0x00,0x00,0x00,0x00,0x00,0x00,0x00,0x00,0x6c,0x04,0x19,0x3c,0x97,0x85,0x91,0x91,0x85,0x9c,0x98,0x98,0x97,0x37,0x0c,0x00,0x04,0x35,0x51,0x88,0x82,0x7f,0x7b,0x85,0x85,0x98,0x97,0xc5,0x43,0x33,0x00,0x05,0x00,0x00,0x00,0x00,0x00,0x00,0x00,0x00,0x00,0x00,0x00,0x00,0x00,0x00,0x00,0x00,0x00,0x00,0x00,0x00,0x00,0x00,0x00,0x00,0x00,0x00,0x00,0x00,0x00,0x00,0x00,0x00,0x00,0x00,0x00,0x00,0x00,0x00,0x00,0x00,0x00,0x00,0x00,0x00,0x00,0x00,0x00,0x00,0x00,0x00,0x00,0x00,0x00,0x00,
    0x00,0x00,0x00,0x00,0x00,0x00,0x00,0x00,0x00,0x00,0x00,0x00,0x00,0x00,0x00,0x00,0x00,0x00,0x00,0x00,0x00,0x00,0x00,0x00,0x00,0x00,0x00,0x00,0x00,0x00,0x00,0x00,0x00,0x00,0x00,0x00,0x00,0x00,0x00,0x00,0x00,0x00,0x00,0x00,0x00,0x00,0x00,0x00,0x00,0x00,0x00,0x00,0x00,0x00,0x00,0x00,0x00,0x00,0x05,0x00,0x55,0x52,0x9c,0x8a,0x7b,0x83,0x91,0x91,0x91,0x91,0xa5,0x6d,0x0c,0x00,0x00,0x55,0x62,0x97,0x8a,0x8a,0x8a,0x85,0x85,0x98,0x97,0x3b,0x43,0x33,0x00,0x05,0x00,0x00,0x00,0x00,0x00,0x00,0x00,0x00,0x00,0x00,0x00,0x00,0x00,0x00,0x00,0x00,0x00,0x00,0x00,0x00,0x00,0x00,0x00,0x00,0x00,0x00,0x00,0x00,0x00,0x00,0x00,0x00,0x00,0x00,0x00,0x00,0x00,0x00,0x00,0x00,0x00,0x00,0x00,0x00,0x00,0x00,0x00,0x00,0x00,0x00,0x00,0x00,0x00,0x00,
    0x00,0x00,0x00,0x00,0x00,0x00,0x00,0x00,0x00,0x00,0x00,0x00,0x00,0x00,0x00,0x00,0x00,0x00,0x00,0x00,0x00,0x00,0x00,0x00,0x00,0x00,0x00,0x00,0x00,0x00,0x00,0x00,0x00,0x00,0x00,0x00,0x00,0x00,0x00,0x00,0x00,0x00,0x00,0x00,0x00,0x00,0x00,0x00,0x00,0x00,0x00,0x00,0x00,0x00,0x00,0x00,0x00,0x00,0x05,0x00,0x48,0x38,0x9c,0x85,0x85,0x8a,0x7b,0x7f,0x82,0x7f,0xa6,0x3a,0x2e,0x00,0x6c,0x33,0x4d,0x9c,0x85,0x85,0x85,0x85,0x85,0x85,0x9c,0x85,0x1d,0x17,0x00,0x04,0x00,0x00,0x00,0x00,0x00,0x00,0x00,0x00,0x00,0x00,0x00,0x00,0x00,0x00,0x00,0x00,0x00,0x00,0x00,0x00,0x00,0x00,0x00,0x00,0x00,0x00,0x00,0x00,0x00,0x00,0x00,0x00,0x00,0x00,0x00,0x00,0x00,0x00,0x00,0x00,0x00,0x00,0x00,0x00,0x00,0x00,0x00,0x00,0x00,0x00,0x00,0x00,0x00,0x00,
    0x00,0x00,0x00,0x00,0x00,0x00,0x00,0x00,0x00,0x00,0x00,0x00,0x00,0x00,0x00,0x00,0x00,0x00,0x00,0x00,0x00,0x00,0x00,0x00,0x00,0x00,0x00,0x00,0x00,0x00,0x00,0x00,0x00,0x00,0x00,0x00,0x00,0x00,0x00,0x00,0x00,0x00,0x00,0x00,0x00,0x00,0x00,0x00,0x00,0x00,0x00,0x00,0x00,0x00,0x00,0x00,0x00,0x04,0x01,0x17,0x5e,0xa6,0x89,0x91,0x8a,0x8a,0x85,0x85,0x85,0x9c,0xc5,0x6b,0x4e,0x00,0x00,0x32,0x36,0xa6,0x76,0x82,0x91,0x8a,0x8a,0x85,0x3b,0x97,0x4d,0x08,0x05,0x00,0x00,0x00,0x00,0x00,0x00,0x00,0x00,0x00,0x00,0x00,0x00,0x00,0x00,0x00,0x00,0x00,0x00,0x00,0x00,0x00,0x00,0x00,0x00,0x00,0x00,0x00,0x00,0x00,0x00,0x00,0x00,0x00,0x00,0x00,0x00,0x00,0x00,0x00,0x00,0x00,0x00,0x00,0x00,0x00,0x00,0x00,0x00,0x00,0x00,0x00,0x00,0x00,0x00,0x00,
    0x00,0x00,0x00,0x00,0x00,0x00,0x00,0x00,0x00,0x00,0x00,0x00,0x00,0x00,0x00,0x00,0x00,0x00,0x00,0x00,0x00,0x00,0x00,0x00,0x00,0x00,0x00,0x00,0x00,0x00,0x00,0x00,0x00,0x00,0x00,0x00,0x00,0x00,0x00,0x00,0x00,0x00,0x00,0x00,0x00,0x00,0x00,0x00,0x00,0x00,0x00,0x00,0x00,0x00,0x00,0x00,0x00,0x04,0x01,0x2f,0x54,0xae,0x88,0x82,0x7f,0x7f,0x7f,0x91,0x9c,0x98,0xb0,0x4a,0x2f,0x05,0x00,0x32,0x57,0xc6,0xa5,0xc4,0x7f,0x7f,0x7f,0x7b,0x82,0x95,0x42,0x39,0x04,0x01,0x00,0x00,0x00,0x00,0x00,0x00,0x00,0x00,0x00,0x00,0x00,0x00,0x00,0x00,0x00,0x00,0x00,0x00,0x00,0x00,0x00,0x00,0x00,0x00,0x00,0x00,0x00,0x00,0x00,0x00,0x00,0x00,0x00,0x00,0x00,0x00,0x00,0x00,0x00,0x00,0x00,0x00,0x00,0x00,0x00,0x00,0x00,0x00,0x00,0x00,0x00,0x00,0x00,0x00,
    0x00,0x00,0x00,0x00,0x00,0x00,0x00,0x00,0x00,0x00,0x00,0x00,0x00,0x00,0x00,0x00,0x00,0x00,0x00,0x00,0x00,0x00,0x00,0x00,0x00,0x00,0x00,0x00,0x00,0x00,0x00,0x00,0x00,0x00,0x00,0x00,0x00,0x00,0x00,0x00,0x00,0x00,0x00,0x00,0x00,0x00,0x00,0x00,0x00,0x00,0x00,0x00,0x00,0x00,0x00,0x00,0x00,0x01,0x00,0x0c,0x2a,0x24,0x88,0x9b,0x82,0x82,0x7f,0x7f,0x82,0x88,0x1d,0x47,0x00,0x00,0x02,0x29,0x67,0x1d,0x9e,0x85,0x82,0x82,0x82,0x9b,0x9b,0x91,0x42,0x49,0x1c,0x03,0x02,0x00,0x00,0x00,0x00,0x00,0x00,0x00,0x00,0x00,0x00,0x00,0x00,0x00,0x00,0x00,0x00,0x00,0x00,0x00,0x00,0x00,0x00,0x00,0x00,0x00,0x00,0x00,0x00,0x00,0x00,0x00,0x00,0x00,0x00,0x00,0x00,0x00,0x00,0x00,0x00,0x00,0x00,0x00,0x00,0x00,0x00,0x00,0x00,0x00,0x00,0x00,0x00,0x00,
    0x00,0x00,0x00,0x00,0x00,0x00,0x00,0x00,0x00,0x00,0x00,0x00,0x00,0x00,0x00,0x00,0x00,0x00,0x00,0x00,0x00,0x00,0x00,0x00,0x00,0x00,0x00,0x00,0x00,0x00,0x00,0x00,0x00,0x00,0x00,0x00,0x00,0x00,0x00,0x00,0x00,0x00,0x00,0x00,0x00,0x00,0x00,0x00,0x00,0x00,0x00,0x00,0x00,0x00,0x00,0x00,0x02,0x02,0x0a,0x1a,0x86,0xb1,0x9e,0x95,0x89,0x76,0x76,0x76,0x82,0xab,0x37,0x1a,0x10,0x23,0x01,0x0d,0x11,0xad,0x9e,0x95,0x89,0x89,0x89,0xc4,0x88,0xa0,0x27,0x74,0x0b,0x00,0x02,0x00,0x00,0x00,0x00,0x00,0x00,0x00,0x00,0x00,0x00,0x00,0x00,0x00,0x00,0x00,0x00,0x00,0x00,0x00,0x00,0x00,0x00,0x00,0x00,0x00,0x00,0x00,0x00,0x00,0x00,0x00,0x00,0x00,0x00,0x00,0x00,0x00,0x00,0x00,0x00,0x00,0x00,0x00,0x00,0x00,0x00,0x00,0x00,0x00,0x00,0x00,0x00,0x00,
    0x00,0x00,0x00,0x00,0x00,0x00,0x00,0x00,0x00,0x00,0x00,0x00,0x00,0x00,0x00,0x00,0x00,0x00,0x00,0x00,0x00,0x00,0x00,0x00,0x00,0x00,0x00,0x00,0x00,0x00,0x00,0x00,0x00,0x00,0x00,0x00,0x00,0x00,0x00,0x00,0x00,0x00,0x00,0x00,0x00,0x00,0x00,0x00,0x00,0x00,0x00,0x00,0x00,0x00,0x00,0x00,0x08,0x00,0x2d,0x7e,0x07,0x12,0xad,0x1d,0x9d,0xb0,0x7b,0xa6,0x26,0xb0,0xdb,0x74,0x8c,0x0d,0x00,0x11,0x86,0x1e,0xc6,0x21,0x9d,0x9d,0x9d,0x24,0xad,0xac,0x12,0x74,0x18,0x0c,0x00,0x01,0x00,0x00,0x00,0x00,0x00,0x00,0x00,0x00,0x00,0x00,0x00,0x00,0x00,0x00,0x00,0x00,0x00,0x00,0x00,0x00,0x00,0x00,0x00,0x00,0x00,0x00,0x00,0x00,0x00,0x00,0x00,0x00,0x00,0x00,0x00,0x00,0x00,0x00,0x00,0x00,0x00,0x00,0x00,0x00,0x00,0x00,0x00,0x00,0x00,0x00,0x00,0x00,
    0x00,0x00,0x00,0x00,0x00,0x00,0x00,0x00,0x00,0x00,0x00,0x00,0x00,0x00,0x00,0x00,0x00,0x00,0x00,0x00,0x00,0x00,0x00,0x00,0x00,0x00,0x00,0x00,0x00,0x00,0x00,0x00,0x00,0x00,0x00,0x00,0x00,0x00,0x00,0x00,0x00,0x00,0x00,0x00,0x00,0x00,0x00,0x00,0x00,0x00,0x00,0x00,0x00,0x00,0x00,0x00,0x01,0x0c,0x1a,0x07,0x07,0x7a,0x86,0x7d,0x77,0x8b,0x12,0x12,0x8b,0x8c,0x7d,0x07,0x11,0x2d,0x10,0x07,0x07,0x7e,0x7d,0x75,0x8c,0x8c,0x75,0x81,0x74,0x86,0x7a,0x07,0x81,0x0b,0x23,0x01,0x03,0x00,0x00,0x00,0x00,0x00,0x00,0x00,0x00,0x00,0x00,0x00,0x00,0x00,0x00,0x00,0x00,0x00,0x00,0x00,0x00,0x00,0x00,0x00,0x00,0x00,0x00,0x00,0x00,0x00,0x00,0x00,0x00,0x00,0x00,0x00,0x00,0x00,0x00,0x00,0x00,0x00,0x00,0x00,0x00,0x00,0x00,0x00,0x00,0x00,0x00,0x00,
    0x00,0x00,0x00,0x00,0x00,0x00,0x00,0x00,0x00,0x00,0x00,0x00,0x00,0x00,0x00,0x00,0x00,0x00,0x00,0x00,0x00,0x00,0x00,0x00,0x00,0x00,0x00,0x00,0x00,0x00,0x00,0x00,0x00,0x00,0x00,0x00,0x00,0x00,0x00,0x00,0x00,0x00,0x00,0x00,0x00,0x00,0x00,0x00,0x00,0x00,0x00,0x00,0x00,0x00,0x00,0x03,0x00,0x23,0x73,0x06,0x81,0x7c,0x7e,0x7e,0x7e,0x7d,0x74,0x7e,0x7e,0x74,0x7e,0x07,0x74,0x30,0x2a,0x7d,0x07,0x74,0x7c,0x73,0x7d,0x7d,0x7d,0x7d,0x7c,0x7c,0x74,0x7c,0x77,0x18,0x1c,0x00,0x02,0x00,0x00,0x00,0x00,0x00,0x00,0x00,0x00,0x00,0x00,0x00,0x00,0x00,0x00,0x00,0x00,0x00,0x00,0x00,0x00,0x00,0x00,0x00,0x00,0x00,0x00,0x00,0x00,0x00,0x00,0x00,0x00,0x00,0x00,0x00,0x00,0x00,0x00,0x00,0x00,0x00,0x00,0x00,0x00,0x00,0x00,0x00,0x00,0x00,0x00,0x00,
    0x00,0x00,0x00,0x00,0x00,0x00,0x00,0x00,0x00,0x00,0x00,0x00,0x00,0x00,0x00,0x00,0x00,0x00,0x00,0x00,0x00,0x00,0x00,0x00,0x00,0x00,0x00,0x00,0x00,0x00,0x00,0x00,0x00,0x00,0x00,0x00,0x00,0x00,0x00,0x00,0x00,0x00,0x00,0x00,0x00,0x00,0x00,0x00,0x00,0x00,0x00,0x00,0x00,0x00,0x00,0x03,0x00,0x23,0x77,0x06,0x77,0x77,0x7c,0x7e,0x7e,0x7e,0x7e,0x7e,0x7e,0x7e,0x87,0x06,0x73,0x10,0x46,0x87,0x06,0x87,0x7c,0x7d,0x74,0x74,0x74,0x74,0x74,0x7e,0x87,0x73,0x80,0x11,0x0c,0x00,0x01,0x00,0x00,0x00,0x00,0x00,0x00,0x00,0x00,0x00,0x00,0x00,0x00,0x00,0x00,0x00,0x00,0x00,0x00,0x00,0x00,0x00,0x00,0x00,0x00,0x00,0x00,0x00,0x00,0x00,0x00,0x00,0x00,0x00,0x00,0x00,0x00,0x00,0x00,0x00,0x00,0x00,0x00,0x00,0x00,0x00,0x00,0x00,0x00,0x00,0x00,0x00,
    0x00,0x00,0x00,0x00,0x00,0x00,0x00,0x00,0x00,0x00,0x00,0x00,0x00,0x00,0x00,0x00,0x00,0x00,0x00,0x00,0x00,0x00,0x00,0x00,0x00,0x00,0x00,0x00,0x00,0x00,0x00,0x00,0x00,0x00,0x00,0x00,0x00,0x00,0x00,0x00,0x00,0x00,0x00,0x00,0x00,0x00,0x00,0x00,0x00,0x00,0x00,0x00,0x00,0x00,0x00,0x03,0x03,0x46,0x77,0x06,0x7c,0x7a,0x7e,0x7c,0x7e,0x7e,0x7c,0x81,0x87,0x7c,0x81,0x78,0x78,0x20,0x0d,0x80,0x06,0x7c,0x7e,0x7e,0x7e,0x7e,0x7e,0x7e,0x7e,0x74,0x7e,0x06,0x77,0x20,0x03,0x03,0x00,0x00,0x00,0x00,0x00,0x00,0x00,0x00,0x00,0x00,0x00,0x00,0x00,0x00,0x00,0x00,0x00,0x00,0x00,0x00,0x00,0x00,0x00,0x00,0x00,0x00,0x00,0x00,0x00,0x00,0x00,0x00,0x00,0x00,0x00,0x00,0x00,0x00,0x00,0x00,0x00,0x00,0x00,0x00,0x00,0x00,0x00,0x00,0x00,0x00,0x00,0x00,
    0x00,0x00,0x00,0x00,0x00,0x00,0x00,0x00,0x00,0x00,0x00,0x00,0x00,0x00,0x00,0x00,0x00,0x00,0x00,0x00,0x00,0x00,0x00,0x00,0x00,0x00,0x00,0x00,0x00,0x00,0x00,0x00,0x00,0x00,0x00,0x00,0x00,0x00,0x00,0x00,0x00,0x00,0x00,0x00,0x00,0x00,0x00,0x00,0x00,0x00,0x00,0x00,0x00,0x00,0x01,0x00,0x15,0x30,0x87,0x7d,0x7d,0xb3,0x7e,0x86,0x7e,0x81,0x87,0x7d,0x74,0x81,0x8b,0x80,0x87,0x2d,0x0d,0x73,0x06,0xa8,0x7a,0x86,0x86,0x7a,0x7a,0x86,0x86,0x80,0xa7,0x06,0x80,0x20,0x00,0x03,0x00,0x00,0x00,0x00,0x00,0x00,0x00,0x00,0x00,0x00,0x00,0x00,0x00,0x00,0x00,0x00,0x00,0x00,0x00,0x00,0x00,0x00,0x00,0x00,0x00,0x00,0x00,0x00,0x00,0x00,0x00,0x00,0x00,0x00,0x00,0x00,0x00,0x00,0x00,0x00,0x00,0x00,0x00,0x00,0x00,0x00,0x00,0x00,0x00,0x00,0x00,0x00,
    0x00,0x00,0x00,0x00,0x00,0x00,0x00,0x00,0x00,0x00,0x00,0x00,0x00,0x00,0x00,0x00,0x00,0x00,0x00,0x00,0x00,0x00,0x00,0x00,0x00,0x00,0x00,0x00,0x00,0x00,0x00,0x00,0x00,0x00,0x00,0x00,0x00,0x00,0x00,0x00,0x00,0x00,0x00,0x00,0x00,0x00,0x00,0x00,0x00,0x00,0x00,0x00,0x00,0x00,0x00,0x02,0x08,0x0d,0x7e,0x87,0x81,0xa1,0xa9,0xbc,0xb3,0x78,0x78,0xb3,0xba,0xde,0xec,0x74,0x11,0x15,0x0d,0x7c,0x06,0xa9,0xbc,0xa7,0xa8,0x80,0x73,0xa7,0xa1,0xde,0xa1,0x73,0x80,0x11,0x0c,0x00,0x01,0x00,0x00,0x00,0x00,0x00,0x00,0x00,0x00,0x00,0x00,0x00,0x00,0x00,0x00,0x00,0x00,0x00,0x00,0x00,0x00,0x00,0x00,0x00,0x00,0x00,0x00,0x00,0x00,0x00,0x00,0x00,0x00,0x00,0x00,0x00,0x00,0x00,0x00,0x00,0x00,0x00,0x00,0x00,0x00,0x00,0x00,0x00,0x00,0x00,0x00,0x00,
    0x00,0x00,0x00,0x00,0x00,0x00,0x00,0x00,0x00,0x00,0x00,0x00,0x00,0x00,0x00,0x00,0x00,0x00,0x00,0x00,0x00,0x00,0x00,0x00,0x00,0x00,0x00,0x00,0x00,0x00,0x00,0x00,0x00,0x00,0x00,0x00,0x00,0x00,0x00,0x00,0x00,0x00,0x00,0x00,0x00,0x00,0x00,0x00,0x00,0x00,0x00,0x00,0x00,0x00,0x00,0x03,0x00,0x23,0x87,0x06,0x80,0x87,0x8b,0xb3,0xb8,0xcc,0xcc,0xb8,0xa8,0xb3,0x06,0x7a,0x0b,0x00,0x23,0x07,0x7a,0x87,0xbe,0xa8,0xa9,0xcc,0xcc,0xb8,0xa8,0x8b,0x75,0x7d,0x87,0x11,0x15,0x00,0x01,0x00,0x00,0x00,0x00,0x00,0x00,0x00,0x00,0x00,0x00,0x00,0x00,0x00,0x00,0x00,0x00,0x00,0x00,0x00,0x00,0x00,0x00,0x00,0x00,0x00,0x00,0x00,0x00,0x00,0x00,0x00,0x00,0x00,0x00,0x00,0x00,0x00,0x00,0x00,0x00,0x00,0x00,0x00,0x00,0x00,0x00,0x00,0x00,0x00,0x00,0x00,
    0x00,0x00,0x00,0x00,0x00,0x00,0x00,0x00,0x00,0x00,0x00,0x00,0x00,0x00,0x00,0x00,0x00,0x00,0x00,0x00,0x00,0x00,0x00,0x00,0x00,0x00,0x00,0x00,0x00,0x00,0x00,0x00,0x00,0x00,0x00,0x00,0x00,0x00,0x00,0x00,0x00,0x00,0x00,0x00,0x00,0x00,0x00,0x00,0x00,0x00,0x00,0x00,0x00,0x00,0x00,0x03,0x00,0x23,0x77,0x06,0x87,0x87,0xbc,0xa9,0xa9,0xa7,0xb3,0xa1,0xa1,0xa7,0x80,0x74,0x0b,0x01,0x0c,0x11,0x74,0x74,0xbe,0xa1,0xa9,0xa7,0xa8,0xa1,0xa1,0xa7,0x81,0x74,0x74,0x11,0x0c,0x00,0x01,0x00,0x00,0x00,0x00,0x00,0x00,0x00,0x00,0x00,0x00,0x00,0x00,0x00,0x00,0x00,0x00,0x00,0x00,0x00,0x00,0x00,0x00,0x00,0x00,0x00,0x00,0x00,0x00,0x00,0x00,0x00,0x00,0x00,0x00,0x00,0x00,0x00,0x00,0x00,0x00,0x00,0x00,0x00,0x00,0x00,0x00,0x00,0x00,0x00,0x00,0x00,
    0x00,0x00,0x00,0x00,0x00,0x00,0x00,0x00,0x00,0x00,0x00,0x00,0x00,0x00,0x00,0x00,0x00,0x00,0x00,0x00,0x00,0x00,0x00,0x00,0x00,0x00,0x00,0x00,0x00,0x00,0x00,0x00,0x00,0x00,0x00,0x00,0x00,0x00,0x00,0x00,0x00,0x00,0x00,0x00,0x00,0x00,0x00,0x00,0x00,0x00,0x00,0x00,0x00,0x00,0x00,0x03,0x00,0x23,0x80,0x75,0x7e,0xde,0xcc,0xa1,0x81,0x86,0x86,0x7d,0xbc,0xb8,0xbb,0x7a,0x0b,0x00,0x15,0x11,0x7a,0xbe,0xe7,0xa9,0xbb,0x7a,0x74,0x7a,0xbc,0xe7,0xbe,0x7a,0x7d,0x11,0x29,0x00,0x01,0x00,0x00,0x00,0x00,0x00,0x00,0x00,0x00,0x00,0x00,0x00,0x00,0x00,0x00,0x00,0x00,0x00,0x00,0x00,0x00,0x00,0x00,0x00,0x00,0x00,0x00,0x00,0x00,0x00,0x00,0x00,0x00,0x00,0x00,0x00,0x00,0x00,0x00,0x00,0x00,0x00,0x00,0x00,0x00,0x00,0x00,0x00,0x00,0x00,0x00,0x00,
    0x00,0x00,0x00,0x00,0x00,0x00,0x00,0x00,0x00,0x00,0x00,0x00,0x00,0x00,0x00,0x00,0x00,0x00,0x00,0x00,0x00,0x00,0x00,0x00,0x00,0x00,0x00,0x00,0x00,0x00,0x00,0x00,0x00,0x00,0x00,0x00,0x00,0x00,0x00,0x00,0x00,0x00,0x00,0x00,0x00,0x00,0x00,0x00,0x00,0x00,0x00,0x00,0x00,0x00,0x00,0x03,0x00,0x23,0x80,0x06,0x7e,0xbb,0x7c,0xa1,0xa9,0xb3,0xbe,0xb8,0xbc,0x80,0x06,0x7d,0x0b,0x14,0x0c,0x18,0x87,0xbb,0x75,0xa7,0xb8,0xba,0xb3,0xa9,0xa9,0xbb,0x80,0x80,0x73,0x11,0x15,0x00,0x01,0x00,0x00,0x00,0x00,0x00,0x00,0x00,0x00,0x00,0x00,0x00,0x00,0x00,0x00,0x00,0x00,0x00,0x00,0x00,0x00,0x00,0x00,0x00,0x00,0x00,0x00,0x00,0x00,0x00,0x00,0x00,0x00,0x00,0x00,0x00,0x00,0x00,0x00,0x00,0x00,0x00,0x00,0x00,0x00,0x00,0x00,0x00,0x00,0x00,0x00,0x00,
    0x00,0x00,0x00,0x00,0x00,0x00,0x00,0x00,0x00,0x00,0x00,0x00,0x00,0x00,0x00,0x00,0x00,0x00,0x00,0x00,0x00,0x00,0x00,0x00,0x00,0x00,0x00,0x00,0x00,0x00,0x00,0x00,0x00,0x00,0x00,0x00,0x00,0x00,0x00,0x00,0x00,0x00,0x00,0x00,0x00,0x00,0x00,0x00,0x00,0x00,0x00,0x00,0x00,0x00,0x00,0x03,0x00,0x46,0x7d,0x07,0x74,0x86,0x86,0x73,0xb8,0xcc,0xcc,0xbc,0x86,0x74,0x80,0x73,0x0b,0x4c,0x45,0x18,0x73,0x87,0x81,0x86,0xba,0xcc,0xcc,0xb8,0x7e,0x86,0x74,0x80,0x73,0x11,0x15,0x00,0x01,0x00,0x00,0x00,0x00,0x00,0x00,0x00,0x00,0x00,0x00,0x00,0x00,0x00,0x00,0x00,0x00,0x00,0x00,0x00,0x00,0x00,0x00,0x00,0x00,0x00,0x00,0x00,0x00,0x00,0x00,0x00,0x00,0x00,0x00,0x00,0x00,0x00,0x00,0x00,0x00,0x00,0x00,0x00,0x00,0x00,0x00,0x00,0x00,0x00,0x00,0x00,
    0x00,0x00,0x00,0x00,0x00,0x00,0x00,0x00,0x00,0x00,0x00,0x00,0x00,0x00,0x00,0x00,0x00,0x00,0x00,0x00,0x00,0x00,0x00,0x00,0x00,0x00,0x00,0x00,0x00,0x00,0x00,0x00,0x00,0x00,0x00,0x00,0x00,0x00,0x00,0x00,0x00,0x00,0x00,0x00,0x00,0x00,0x00,0x00,0x00,0x00,0x00,0x00,0x00,0x00,0x00,0x03,0x00,0x30,0x74,0x07,0x74,0x75,0xbc,0xa9,0xba,0x73,0xa8,0xa9,0xa9,0xa8,0x87,0x80,0x0b,0x4c,0x46,0x18,0x77,0x87,0xbb,0xa1,0xde,0xbb,0x7c,0xa7,0xde,0xa7,0x7e,0x87,0x77,0x18,0x15,0x00,0x01,0x00,0x00,0x00,0x00,0x00,0x00,0x00,0x00,0x00,0x00,0x00,0x00,0x00,0x00,0x00,0x00,0x00,0x00,0x00,0x00,0x00,0x00,0x00,0x00,0x00,0x00,0x00,0x00,0x00,0x00,0x00,0x00,0x00,0x00,0x00,0x00,0x00,0x00,0x00,0x00,0x00,0x00,0x00,0x00,0x00,0x00,0x00,0x00,0x00,0x00,0x00,
    0x00,0x00,0x00,0x00,0x00,0x00,0x00,0x00,0x00,0x00,0x00,0x00,0x00,0x00,0x00,0x00,0x00,0x00,0x00,0x00,0x00,0x00,0x00,0x00,0x00,0x00,0x00,0x00,0x00,0x00,0x00,0x00,0x00,0x00,0x00,0x00,0x00,0x00,0x00,0x00,0x00,0x00,0x00,0x00,0x00,0x00,0x00,0x00,0x00,0x00,0x00,0x00,0x00,0x00,0x00,0x03,0x00,0x20,0x7e,0x07,0x86,0xa7,0xcc,0xa1,0x8c,0x74,0x7e,0xa7,0xcc,0xa1,0x81,0x87,0x0b,0x14,0x0c,0x11,0x7c,0x7a,0xba,0xe7,0xa7,0x7a,0x86,0xbb,0xe7,0xe7,0x77,0x77,0x73,0x11,0x0c,0x00,0x01,0x00,0x00,0x00,0x00,0x00,0x00,0x00,0x00,0x00,0x00,0x00,0x00,0x00,0x00,0x00,0x00,0x00,0x00,0x00,0x00,0x00,0x00,0x00,0x00,0x00,0x00,0x00,0x00,0x00,0x00,0x00,0x00,0x00,0x00,0x00,0x00,0x00,0x00,0x00,0x00,0x00,0x00,0x00,0x00,0x00,0x00,0x00,0x00,0x00,0x00,0x00,
    0x00,0x00,0x00,0x00,0x00,0x00,0x00,0x00,0x00,0x00,0x00,0x00,0x00,0x00,0x00,0x00,0x00,0x00,0x00,0x00,0x00,0x00,0x00,0x00,0x00,0x00,0x00,0x00,0x00,0x00,0x00,0x00,0x00,0x00,0x00,0x00,0x00,0x00,0x00,0x00,0x00,0x00,0x00,0x00,0x00,0x00,0x00,0x00,0x00,0x00,0x00,0x00,0x00,0x00,0x00,0x03,0x00,0x20,0x7e,0x07,0x7e,0x7e,0x7d,0xa7,0xe7,0xa1,0xb8,0xa9,0xa8,0x7a,0x81,0x7c,0x0b,0x00,0x15,0x11,0x74,0x7e,0x7a,0xd4,0xa1,0xb8,0xa9,0xb8,0xbe,0x7a,0x7e,0x81,0x07,0x07,0x46,0x00,0x03,0x00,0x00,0x00,0x00,0x00,0x00,0x00,0x00,0x00,0x00,0x00,0x00,0x00,0x00,0x00,0x00,0x00,0x00,0x00,0x00,0x00,0x00,0x00,0x00,0x00,0x00,0x00,0x00,0x00,0x00,0x00,0x00,0x00,0x00,0x00,0x00,0x00,0x00,0x00,0x00,0x00,0x00,0x00,0x00,0x00,0x00,0x00,0x00,0x00,0x00,0x00,
    0x00,0x00,0x00,0x00,0x00,0x00,0x00,0x00,0x00,0x00,0x00,0x00,0x00,0x00,0x00,0x00,0x00,0x00,0x00,0x00,0x00,0x00,0x00,0x00,0x00,0x00,0x00,0x00,0x00,0x00,0x00,0x00,0x00,0x00,0x00,0x00,0x00,0x00,0x00,0x00,0x00,0x00,0x00,0x00,0x00,0x00,0x00,0x00,0x00,0x00,0x00,0x00,0x00,0x00,0x00,0x03,0x01,0x20,0x74,0x07,0x7e,0x86,0x80,0xa7,0xa9,0xbc,0xc9,0xa1,0xa8,0x86,0x07,0x7e,0x0b,0x01,0x15,0x11,0x74,0x74,0x86,0xbb,0xa1,0xa9,0xbc,0xa1,0xba,0x80,0x86,0x74,0x07,0x7e,0x0d,0x00,0x03,0x00,0x00,0x00,0x00,0x00,0x00,0x00,0x00,0x00,0x00,0x00,0x00,0x00,0x00,0x00,0x00,0x00,0x00,0x00,0x00,0x00,0x00,0x00,0x00,0x00,0x00,0x00,0x00,0x00,0x00,0x00,0x00,0x00,0x00,0x00,0x00,0x00,0x00,0x00,0x00,0x00,0x00,0x00,0x00,0x00,0x00,0x00,0x00,0x00,0x00,0x00,
    0x00,0x00,0x00,0x00,0x00,0x00,0x00,0x00,0x00,0x00,0x00,0x00,0x00,0x00,0x00,0x00,0x00,0x00,0x00,0x00,0x00,0x00,0x00,0x00,0x00,0x00,0x00,0x00,0x00,0x00,0x00,0x00,0x00,0x00,0x00,0x00,0x00,0x00,0x00,0x00,0x00,0x00,0x00,0x00,0x00,0x00,0x00,0x00,0x00,0x00,0x00,0x00,0x00,0x00,0x01,0x02,0x0c,0x0b,0x80,0x06,0x7a,0xba,0xb8,0xa9,0xa1,0xa7,0xba,0xa9,0xb8,0xa1,0x81,0x7d,0x0b,0x00,0x15,0x11,0x74,0x7d,0xa1,0xb8,0xb8,0xbc,0xa7,0xa1,0xb8,0xb8,0xb3,0x7a,0x07,0x7e,0x10,0x00,0x03,0x00,0x00,0x00,0x00,0x00,0x00,0x00,0x00,0x00,0x00,0x00,0x00,0x00,0x00,0x00,0x00,0x00,0x00,0x00,0x00,0x00,0x00,0x00,0x00,0x00,0x00,0x00,0x00,0x00,0x00,0x00,0x00,0x00,0x00,0x00,0x00,0x00,0x00,0x00,0x00,0x00,0x00,0x00,0x00,0x00,0x00,0x00,0x00,0x00,0x00,0x00,
    0x00,0x00,0x00,0x00,0x00,0x00,0x00,0x00,0x00,0x00,0x00,0x00,0x00,0x00,0x00,0x00,0x00,0x00,0x00,0x00,0x00,0x00,0x00,0x00,0x00,0x00,0x00,0x00,0x00,0x00,0x00,0x00,0x00,0x00,0x00,0x00,0x00,0x00,0x00,0x00,0x00,0x00,0x00,0x00,0x00,0x00,0x00,0x00,0x00,0x00,0x00,0x00,0x00,0x00,0x01,0x00,0x0c,0x11,0x7d,0x7d,0x73,0xb3,0xbb,0x81,0xb3,0xbe,0xbe,0xa8,0x7e,0xa7,0x78,0x87,0x11,0x15,0x23,0x07,0x07,0x87,0xa7,0x7c,0xa8,0xa7,0xa7,0xb3,0x80,0xbb,0xa8,0x80,0x07,0x7e,0x0b,0x01,0x03,0x00,0x00,0x00,0x00,0x00,0x00,0x00,0x00,0x00,0x00,0x00,0x00,0x00,0x00,0x00,0x00,0x00,0x00,0x00,0x00,0x00,0x00,0x00,0x00,0x00,0x00,0x00,0x00,0x00,0x00,0x00,0x00,0x00,0x00,0x00,0x00,0x00,0x00,0x00,0x00,0x00,0x00,0x00,0x00,0x00,0x00,0x00,0x00,0x00,0x00,0x00,
    0x00,0x00,0x00,0x00,0x00,0x00,0x00,0x00,0x00,0x00,0x00,0x00,0x00,0x00,0x00,0x00,0x00,0x00,0x00,0x00,0x00,0x00,0x00,0x00,0x00,0x00,0x00,0x00,0x00,0x00,0x00,0x00,0x00,0x00,0x00,0x00,0x00,0x00,0x00,0x00,0x00,0x00,0x00,0x00,0x00,0x00,0x00,0x00,0x00,0x00,0x00,0x00,0x00,0x00,0x01,0x02,0x0a,0x11,0x87,0x7e,0x7c,0x86,0x7a,0x74,0x86,0x86,0x86,0x86,0x74,0x86,0x7e,0x7d,0x7c,0x15,0x10,0x7d,0x06,0x7e,0x86,0x74,0x7a,0x7a,0x7a,0x86,0x7a,0x7a,0x7a,0x7e,0x07,0x7e,0x2a,0x00,0x03,0x00,0x00,0x00,0x00,0x00,0x00,0x00,0x00,0x00,0x00,0x00,0x00,0x00,0x00,0x00,0x00,0x00,0x00,0x00,0x00,0x00,0x00,0x00,0x00,0x00,0x00,0x00,0x00,0x00,0x00,0x00,0x00,0x00,0x00,0x00,0x00,0x00,0x00,0x00,0x00,0x00,0x00,0x00,0x00,0x00,0x00,0x00,0x00,0x00,0x00,0x00,
    0x00,0x00,0x00,0x00,0x00,0x00,0x00,0x00,0x00,0x00,0x00,0x00,0x00,0x00,0x00,0x00,0x00,0x00,0x00,0x00,0x00,0x00,0x00,0x00,0x00,0x00,0x00,0x00,0x00,0x00,0x00,0x00,0x00,0x00,0x00,0x00,0x00,0x00,0x00,0x00,0x00,0x00,0x00,0x00,0x00,0x00,0x00,0x00,0x00,0x00,0x00,0x00,0x00,0x01,0x03,0x14,0x10,0x7d,0x75,0x81,0x74,0x7e,0x7e,0x7e,0x7e,0x7e,0x7e,0x7e,0x74,0x7e,0x74,0x07,0x7e,0x0d,0x30,0x74,0x07,0x7e,0x7e,0x7e,0x7e,0x7e,0x7e,0x7e,0x7e,0x7e,0x7e,0x74,0x07,0x74,0x1a,0x15,0x02,0x01,0x00,0x00,0x00,0x00,0x00,0x00,0x00,0x00,0x00,0x00,0x00,0x00,0x00,0x00,0x00,0x00,0x00,0x00,0x00,0x00,0x00,0x00,0x00,0x00,0x00,0x00,0x00,0x00,0x00,0x00,0x00,0x00,0x00,0x00,0x00,0x00,0x00,0x00,0x00,0x00,0x00,0x00,0x00,0x00,0x00,0x00,0x00,0x00,0x00,0x00,
    0x00,0x00,0x00,0x00,0x00,0x00,0x00,0x00,0x00,0x00,0x00,0x00,0x00,0x00,0x00,0x00,0x00,0x00,0x00,0x00,0x00,0x00,0x00,0x00,0x00,0x00,0x00,0x00,0x00,0x00,0x00,0x00,0x00,0x00,0x00,0x00,0x00,0x00,0x00,0x00,0x00,0x00,0x00,0x00,0x00,0x00,0x00,0x00,0x00,0x00,0x00,0x00,0x00,0x00,0x03,0x00,0x0d,0x7c,0x06,0x74,0x74,0x74,0x74,0x74,0x74,0x74,0x74,0x74,0x7e,0x7d,0x7d,0x06,0x7c,0x10,0x2a,0x7c,0x07,0x74,0x74,0x74,0x74,0x74,0x74,0x74,0x74,0x74,0x74,0x74,0x74,0x74,0x7e,0x0a,0x00,0x02,0x00,0x00,0x00,0x00,0x00,0x00,0x00,0x00,0x00,0x00,0x00,0x00,0x00,0x00,0x00,0x00,0x00,0x00,0x00,0x00,0x00,0x00,0x00,0x00,0x00,0x00,0x00,0x00,0x00,0x00,0x00,0x00,0x00,0x00,0x00,0x00,0x00,0x00,0x00,0x00,0x00,0x00,0x00,0x00,0x00,0x00,0x00,0x00,0x00,0x00,
    0x00,0x00,0x00,0x00,0x00,0x00,0x00,0x00,0x00,0x00,0x00,0x00,0x00,0x00,0x00,0x00,0x00,0x00,0x00,0x00,0x00,0x00,0x00,0x00,0x00,0x00,0x00,0x00,0x00,0x00,0x00,0x00,0x00,0x00,0x00,0x00,0x00,0x00,0x00,0x00,0x00,0x00,0x00,0x00,0x00,0x00,0x00,0x00,0x00,0x00,0x00,0x00,0x00,0x00,0x03,0x00,0x0d,0x7e,0x07,0x74,0x74,0x74,0x74,0x74,0x74,0x74,0x74,0x74,0x7c,0x78,0x77,0x75,0x7c,0x10,0x20,0x80,0x07,0x74,0x74,0x74,0x74,0x74,0x74,0x74,0x74,0x74,0x74,0x74,0x74,0x74,0x74,0x0a,0x00,0x02,0x00,0x00,0x00,0x00,0x00,0x00,0x00,0x00,0x00,0x00,0x00,0x00,0x00,0x00,0x00,0x00,0x00,0x00,0x00,0x00,0x00,0x00,0x00,0x00,0x00,0x00,0x00,0x00,0x00,0x00,0x00,0x00,0x00,0x00,0x00,0x00,0x00,0x00,0x00,0x00,0x00,0x00,0x00,0x00,0x00,0x00,0x00,0x00,0x00,0x00,
    0x00,0x00,0x00,0x00,0x00,0x00,0x00,0x00,0x00,0x00,0x00,0x00,0x00,0x00,0x00,0x00,0x00,0x00,0x00,0x00,0x00,0x00,0x00,0x00,0x00,0x00,0x00,0x00,0x00,0x00,0x00,0x00,0x00,0x00,0x00,0x00,0x00,0x00,0x00,0x00,0x00,0x00,0x00,0x00,0x00,0x00,0x00,0x00,0x00,0x00,0x00,0x00,0x00,0x00,0x03,0x00,0x0d,0x80,0x07,0x74,0x74,0x74,0x74,0x74,0x74,0x74,0x74,0x74,0x7e,0x7c,0x80,0x81,0x74,0x10,0x20,0x7e,0x07,0x74,0x74,0x74,0x74,0x74,0x74,0x74,0x74,0x74,0x74,0x74,0x74,0x7e,0x81,0x0a,0x00,0x02,0x00,0x00,0x00,0x00,0x00,0x00,0x00,0x00,0x00,0x00,0x00,0x00,0x00,0x00,0x00,0x00,0x00,0x00,0x00,0x00,0x00,0x00,0x00,0x00,0x00,0x00,0x00,0x00,0x00,0x00,0x00,0x00,0x00,0x00,0x00,0x00,0x00,0x00,0x00,0x00,0x00,0x00,0x00,0x00,0x00,0x00,0x00,0x00,0x00,0x00,
    0x00,0x00,0x00,0x00,0x00,0x00,0x00,0x00,0x00,0x00,0x00,0x00,0x00,0x00,0x00,0x00,0x00,0x00,0x00,0x00,0x00,0x00,0x00,0x00,0x00,0x00,0x00,0x00,0x00,0x00,0x00,0x00,0x00,0x00,0x00,0x00,0x00,0x00,0x00,0x00,0x00,0x00,0x00,0x00,0x00,0x00,0x00,0x00,0x00,0x00,0x00,0x00,0x00,0x00,0x03,0x00,0x0d,0x78,0x06,0x7c,0x74,0x74,0x74,0x74,0x74,0x74,0x74,0x74,0x74,0x74,0x74,0x87,0x7c,0x10,0x20,0x80,0x07,0x74,0x74,0x74,0x74,0x74,0x74,0x74,0x74,0x74,0x74,0x7e,0x80,0x73,0x77,0x0a,0x00,0x02,0x00,0x00,0x00,0x00,0x00,0x00,0x00,0x00,0x00,0x00,0x00,0x00,0x00,0x00,0x00,0x00,0x00,0x00,0x00,0x00,0x00,0x00,0x00,0x00,0x00,0x00,0x00,0x00,0x00,0x00,0x00,0x00,0x00,0x00,0x00,0x00,0x00,0x00,0x00,0x00,0x00,0x00,0x00,0x00,0x00,0x00,0x00,0x00,0x00,0x00,
    0x00,0x00,0x00,0x00,0x00,0x00,0x00,0x00,0x00,0x00,0x00,0x00,0x00,0x00,0x00,0x00,0x00,0x00,0x00,0x00,0x00,0x00,0x00,0x00,0x00,0x00,0x00,0x00,0x00,0x00,0x00,0x00,0x00,0x00,0x00,0x00,0x00,0x00,0x00,0x00,0x00,0x00,0x00,0x00,0x00,0x00,0x00,0x00,0x00,0x00,0x00,0x00,0x00,0x04,0x01,0x2f,0x67,0x06,0x75,0x8c,0x75,0x78,0x87,0x87,0x81,0x7c,0x7c,0x7c,0x81,0x87,0x78,0x75,0x81,0x10,0x2a,0x75,0x8c,0x73,0x80,0x80,0x80,0x81,0x87,0x87,0x87,0x80,0x80,0x73,0x77,0x06,0x11,0x1c,0x01,0x01,0x00,0x00,0x00,0x00,0x00,0x00,0x00,0x00,0x00,0x00,0x00,0x00,0x00,0x00,0x00,0x00,0x00,0x00,0x00,0x00,0x00,0x00,0x00,0x00,0x00,0x00,0x00,0x00,0x00,0x00,0x00,0x00,0x00,0x00,0x00,0x00,0x00,0x00,0x00,0x00,0x00,0x00,0x00,0x00,0x00,0x00,0x00,0x00,0x00,0x00,
    0x00,0x00,0x00,0x00,0x00,0x00,0x00,0x00,0x00,0x00,0x00,0x00,0x00,0x00,0x00,0x00,0x00,0x00,0x00,0x00,0x00,0x00,0x00,0x00,0x00,0x00,0x00,0x00,0x00,0x00,0x00,0x00,0x00,0x00,0x00,0x00,0x00,0x00,0x00,0x00,0x00,0x00,0x00,0x00,0x00,0x00,0x00,0x00,0x00,0x00,0x00,0x00,0x00,0x00,0x02,0x14,0x23,0x78,0x8b,0x8b,0x8b,0x8b,0x8b,0x8c,0x73,0x73,0x73,0x77,0x8c,0x8b,0x8b,0x8b,0x8c,0x10,0x30,0x8c,0x8b,0x8b,0x8b,0x8b,0x8c,0x8c,0x8c,0x8c,0x8c,0x8b,0x8b,0x8b,0x8c,0x75,0x2a,0x00,0x03,0x00,0x00,0x00,0x00,0x00,0x00,0x00,0x00,0x00,0x00,0x00,0x00,0x00,0x00,0x00,0x00,0x00,0x00,0x00,0x00,0x00,0x00,0x00,0x00,0x00,0x00,0x00,0x00,0x00,0x00,0x00,0x00,0x00,0x00,0x00,0x00,0x00,0x00,0x00,0x00,0x00,0x00,0x00,0x00,0x00,0x00,0x00,0x00,0x00,0x00,0x00,
    0x00,0x00,0x00,0x00,0x00,0x00,0x00,0x00,0x00,0x00,0x00,0x00,0x00,0x00,0x00,0x00,0x00,0x00,0x00,0x00,0x00,0x00,0x00,0x00,0x00,0x00,0x00,0x00,0x00,0x00,0x00,0x00,0x00,0x00,0x00,0x00,0x00,0x00,0x00,0x00,0x00,0x00,0x00,0x00,0x00,0x00,0x00,0x00,0x00,0x00,0x00,0x00,0x00,0x00,0x02,0x00,0x0a,0x2a,0x8b,0x8b,0x8b,0x8b,0x8b,0x8b,0x75,0x75,0x8c,0x8b,0x8b,0x8b,0x8b,0x8b,0x1a,0x0d,0x30,0x8c,0x8b,0x8b,0x8b,0x8b,0x8c,0x78,0x75,0x8c,0x8b,0x8b,0x8b,0x8b,0x8c,0x1a,0x45,0x02,0x02,0x00,0x00,0x00,0x00,0x00,0x00,0x00,0x00,0x00,0x00,0x00,0x00,0x00,0x00,0x00,0x00,0x00,0x00,0x00,0x00,0x00,0x00,0x00,0x00,0x00,0x00,0x00,0x00,0x00,0x00,0x00,0x00,0x00,0x00,0x00,0x00,0x00,0x00,0x00,0x00,0x00,0x00,0x00,0x00,0x00,0x00,0x00,0x00,0x00,0x00,0x00,
    0x00,0x00,0x00,0x00,0x00,0x00,0x00,0x00,0x00,0x00,0x00,0x00,0x00,0x00,0x00,0x00,0x00,0x00,0x00,0x00,0x00,0x00,0x00,0x00,0x00,0x00,0x00,0x00,0x00,0x00,0x00,0x00,0x00,0x00,0x00,0x00,0x00,0x00,0x00,0x00,0x00,0x00,0x00,0x00,0x00,0x00,0x00,0x00,0x00,0x00,0x00,0x00,0x00,0x00,0x00,0x02,0x04,0x45,0x2d,0x20,0x0b,0x1a,0x87,0x75,0x8c,0x8b,0x8b,0x8c,0x06,0x1a,0x0b,0x20,0x0d,0x0c,0x0d,0x30,0x0b,0x18,0x18,0x75,0x75,0x73,0x77,0x75,0x75,0x73,0x8c,0x1a,0x20,0x1c,0x00,0x01,0x00,0x00,0x00,0x00,0x00,0x00,0x00,0x00,0x00,0x00,0x00,0x00,0x00,0x00,0x00,0x00,0x00,0x00,0x00,0x00,0x00,0x00,0x00,0x00,0x00,0x00,0x00,0x00,0x00,0x00,0x00,0x00,0x00,0x00,0x00,0x00,0x00,0x00,0x00,0x00,0x00,0x00,0x00,0x00,0x00,0x00,0x00,0x00,0x00,0x00,0x00,0x00,
    0x00,0x00,0x00,0x00,0x00,0x00,0x00,0x00,0x00,0x00,0x00,0x00,0x00,0x00,0x00,0x00,0x00,0x00,0x00,0x00,0x00,0x00,0x00,0x00,0x00,0x00,0x00,0x00,0x00,0x00,0x00,0x00,0x00,0x00,0x00,0x00,0x00,0x00,0x00,0x00,0x00,0x00,0x00,0x00,0x00,0x00,0x00,0x00,0x00,0x00,0x00,0x00,0x00,0x00,0x00,0x00,0x00,0x00,0x0c,0x00,0x00,0x0c,0x0a,0x0a,0x0a,0x0a,0x0a,0x0a,0x0a,0x08,0x00,0x15,0x03,0x00,0x00,0x04,0x00,0x15,0x1c,0x0a,0x0a,0x0a,0x0a,0x0a,0x0a,0x0a,0x0a,0x03,0x00,0x00,0x02,0x00,0x00,0x00,0x00,0x00,0x00,0x00,0x00,0x00,0x00,0x00,0x00,0x00,0x00,0x00,0x00,0x00,0x00,0x00,0x00,0x00,0x00,0x00,0x00,0x00,0x00,0x00,0x00,0x00,0x00,0x00,0x00,0x00,0x00,0x00,0x00,0x00,0x00,0x00,0x00,0x00,0x00,0x00,0x00,0x00,0x00,0x00,0x00,0x00,0x00,0x00,0x00,0x00,
    0x00,0x00,0x00,0x00,0x00,0x00,0x00,0x00,0x00,0x00,0x00,0x00,0x00,0x00,0x00,0x00,0x00,0x00,0x00,0x00,0x00,0x00,0x00,0x00,0x00,0x00,0x00,0x00,0x00,0x00,0x00,0x00,0x00,0x00,0x00,0x00,0x00,0x00,0x00,0x00,0x00,0x00,0x00,0x00,0x00,0x00,0x00,0x00,0x00,0x00,0x00,0x00,0x00,0x00,0x00,0x00,0x00,0x01,0x00,0x03,0x03,0x00,0x00,0x00,0x00,0x00,0x00,0x00,0x00,0x00,0x03,0x00,0x00,0x01,0x00,0x00,0x03,0x00,0x00,0x00,0x00,0x00,0x00,0x00,0x00,0x00,0x00,0x00,0x00,0x00,0x00,0x00,0x00,0x00,0x00,0x00,0x00,0x00,0x00,0x00,0x00,0x00,0x00,0x00,0x00,0x00,0x00,0x00,0x00,0x00,0x00,0x00,0x00,0x00,0x00,0x00,0x00,0x00,0x00,0x00,0x00,0x00,0x00,0x00,0x00,0x00,0x00,0x00,0x00,0x00,0x00,0x00,0x00,0x00,0x00,0x00,0x00,0x00,0x00,0x00,0x00,0x00,0x00,0x00,

};

const lv_image_dsc_t passport_pet_running_1 = {
  .header = {
    .magic = LV_IMAGE_HEADER_MAGIC,
    .cf = LV_COLOR_FORMAT_I8,
    .flags = 0,
    .w = 144,
    .h = 156,
    .stride = 144,
    .reserved_2 = 0,
  },
  .data_size = sizeof(passport_pet_running_1_map),
  .data = passport_pet_running_1_map,
  .reserved = NULL,
};
