
#if defined(LV_LVGL_H_INCLUDE_SIMPLE)
#include "lvgl.h"
#elif defined(LV_LVGL_H_INCLUDE_SYSTEM)
#include <lvgl.h>
#elif defined(LV_BUILD_TEST)
#include "../lvgl.h"
#else
#include "lvgl/lvgl.h"
#endif

#ifndef LV_ATTRIBUTE_MEM_ALIGN
#define LV_ATTRIBUTE_MEM_ALIGN
#endif

#ifndef LV_ATTRIBUTE_PASSPORT_PET_WAITING_4
#define LV_ATTRIBUTE_PASSPORT_PET_WAITING_4
#endif

static const
LV_ATTRIBUTE_MEM_ALIGN LV_ATTRIBUTE_LARGE_CONST LV_ATTRIBUTE_PASSPORT_PET_WAITING_4
uint8_t passport_pet_waiting_4_map[] = {

    0x4c,0x70,0x47,0x00,0x0c,0x07,0x09,0x03,0x50,0x53,0x5e,0x02,0x0b,0x0a,0x0a,0xfc,
    0xe2,0xff,0xf2,0x01,0x26,0x00,0x00,0x01,0x13,0x11,0x12,0xfe,0xb1,0xd7,0xec,0xfe,
    0x9f,0xac,0xb5,0x03,0x0b,0x0a,0x0a,0xfe,0xb9,0xdf,0xf7,0xfe,0x09,0x08,0x08,0xd9,
    0x0b,0x0b,0x0c,0xc2,0xc5,0xff,0xf8,0x02,0xb9,0xcf,0xd9,0x18,0x09,0x08,0x08,0xf0,
    0x14,0x0d,0x09,0x11,0x0d,0x09,0x07,0x61,0x38,0x1e,0x08,0x0a,0x9d,0xba,0xca,0xfd,
    0xb6,0xd4,0xe1,0x22,0x94,0xad,0xbf,0xfe,0x08,0x08,0x08,0x9f,0xc6,0xd7,0xdf,0x07,
    0xae,0xc4,0xce,0x2f,0x9c,0xbc,0xd4,0xfe,0xae,0xce,0xd8,0x0f,0xa4,0xbb,0xc3,0x56,
    0xbc,0xc6,0xcc,0x3f,0x9f,0xc1,0xd5,0xfe,0x91,0xa8,0xb9,0xfd,0x9c,0xb1,0xbc,0xb6,
    0x0e,0x0f,0x10,0xae,0x12,0x0e,0x0b,0x40,0xb4,0xc0,0xc8,0xbd,0x97,0xb4,0xc4,0xfe,
    0x69,0x7c,0x9a,0x04,0x0b,0x0a,0x0a,0xf9,0xa4,0xc0,0xcc,0xa3,0x6c,0x78,0x88,0xfe,
    0x7e,0x8f,0x98,0x12,0x18,0x1a,0x1c,0x25,0x8f,0xab,0xbe,0x47,0x8e,0xa0,0xae,0x8f,
    0x8d,0xaa,0xb6,0x26,0x09,0x07,0x07,0x4f,0xb0,0xb9,0xbf,0x93,0x0c,0x0b,0x0c,0x8a,
    0x9e,0xb2,0xbc,0xd0,0xbc,0xd3,0xea,0xfe,0xa0,0xb8,0xc2,0x7c,0xb9,0xbf,0xc4,0xdb,
    0xc5,0xde,0xe7,0x92,0x69,0x6e,0x76,0xfe,0x79,0x92,0xa2,0xe2,0xe2,0xea,0xed,0x3f,
    0x90,0xa6,0xaf,0xa4,0xaa,0xc9,0xd5,0x85,0xa7,0xb8,0xc5,0xeb,0xa8,0xca,0xdf,0xfd,
    0x1e,0x1b,0x18,0x30,0x24,0x1e,0x17,0x19,0x86,0x9e,0xab,0xbb,0xb5,0xd6,0xe2,0xc0,
    0x94,0xa9,0xb3,0x6a,0x76,0x8f,0x9c,0xaa,0xb5,0xd6,0xe5,0xec,0x9c,0xc1,0xd3,0xd3,
    0x9b,0xba,0xc9,0xd1,0x09,0x08,0x09,0xe7,0x67,0x7a,0xb3,0xfe,0xc5,0x78,0x13,0xfe,
    0x6b,0x7b,0x89,0x99,0x60,0x72,0x85,0x6d,0x77,0x91,0x9d,0x5d,0xaf,0xbf,0xc7,0x67,
    0x73,0x87,0xcd,0xf8,0x92,0x86,0x82,0xfb,0xa7,0x61,0x03,0x74,0xb4,0x69,0x05,0xbd,
    0x8e,0xa6,0xb5,0xe7,0xc7,0xd9,0xdf,0x69,0xd2,0xdc,0xe3,0xd8,0x4c,0x52,0x55,0xff,
    0x0a,0x0b,0x0c,0x73,0x58,0x69,0x79,0xb6,0x66,0x79,0x87,0x34,0xaf,0xd1,0xde,0xab,
    0x76,0x8d,0x9d,0xca,0xaa,0xc9,0xd7,0xe9,0x68,0x81,0x8f,0x88,0xa7,0xcb,0xdd,0xd9,
    0x3d,0x00,0xff,0x01,0xcc,0x74,0x03,0xe0,0x91,0xa5,0xb1,0xd9,0xa6,0x5b,0x01,0x9c,
    0x67,0x79,0x8d,0xc3,0x7a,0x96,0xa1,0x77,0x7c,0x92,0xe1,0xf8,0xbc,0x6e,0x03,0x34,
    0x55,0x60,0x66,0x4a,0x54,0x63,0x77,0x8d,0xa0,0x59,0x02,0xe5,0xbe,0xcc,0xd8,0xf8,
    0x83,0x9c,0xab,0xf4,0x73,0x41,0x08,0xd6,0xb4,0x66,0x03,0xe8,0x93,0x55,0x06,0x5f,
    0x67,0x7a,0x98,0x53,0x3a,0x46,0x4b,0xcc,0x5f,0x35,0x07,0x8d,0x54,0x66,0x78,0xd3,
    0x8a,0x85,0x68,0x53,0x21,0x19,0x18,0xed,0xe5,0x8b,0x07,0x80,0xe0,0x8a,0x0a,0x65,
    0x2e,0x41,0x46,0x5e,0x09,0x09,0x08,0xff,0xbc,0xe3,0xfb,0xff,0x0b,0x0a,0x0a,0xff,
    0xee,0xf5,0xfc,0xff,0x0d,0x0c,0x0c,0xff,0xc9,0xe8,0xfa,0xff,0x0f,0x0d,0x0e,0xff,
    0xc6,0xe6,0xfa,0xff,0xc2,0xe5,0xfb,0xff,0xec,0xf2,0xfa,0xff,0xe7,0xee,0xfa,0xff,
    0x01,0x01,0x01,0xff,0x12,0x10,0x10,0xff,0xed,0xf3,0xfb,0xff,0xf3,0x89,0x01,0xff,
    0xbb,0xe2,0xfa,0xff,0xbe,0xe5,0xfc,0xff,0x05,0x04,0x04,0xff,0xea,0xf0,0xfa,0xff,
    0x04,0x06,0x09,0xff,0xf3,0xf9,0xff,0xff,0xcd,0xed,0xfe,0xff,0xf1,0xf7,0xfe,0xff,
    0xf6,0x8c,0x01,0xff,0xca,0xea,0xfc,0xff,0x17,0x13,0x15,0xff,0x11,0x0c,0x0b,0xff,
    0x21,0x1b,0x1e,0xff,0xf4,0xfd,0xff,0xff,0xce,0xf1,0xff,0xff,0xfd,0x8f,0x01,0xff,
    0x4e,0x2b,0x32,0xff,0xc4,0xed,0xff,0xff,0xdf,0xe8,0xf3,0xff,0xf8,0x92,0x05,0xff,
    0xfc,0xff,0xff,0xff,0x38,0x1b,0x19,0xff,0xc1,0xe8,0xff,0xff,0xcc,0xdb,0xf4,0xff,
    0xd8,0xe1,0xed,0xff,0xcd,0xd4,0xde,0xff,0xa9,0xcf,0xe8,0xff,0xc4,0xce,0xd8,0xff,
    0x5f,0x35,0x3e,0xff,0xf0,0x85,0x01,0xff,0xad,0xb8,0xc3,0xff,0xb2,0xcf,0xe0,0xff,
    0xd6,0xf3,0xff,0xff,0xe3,0xf3,0xff,0xff,0xd8,0x79,0x03,0xff,0xb1,0xc0,0xcb,0xff,
    0xeb,0x7c,0x01,0xff,0xe5,0xec,0xf7,0xff,0xdb,0xec,0xfb,0xff,0xc9,0xd9,0xe7,0xff,
    0xc6,0xe4,0xf6,0xff,0xb5,0xdb,0xf3,0xff,0xd4,0xdc,0xe6,0xff,0x3e,0x22,0x26,0xff,
    0xc6,0x6e,0x05,0xff,0xbd,0xc7,0xd1,0xff,0x93,0xa9,0xfb,0xff,0xad,0xc6,0xd8,0xff,
    0x79,0x84,0x92,0xff,0xa2,0x5e,0x10,0xff,0xd3,0xe5,0xf7,0xff,0x72,0x3f,0x49,0xff,
    0xa4,0x54,0x66,0xff,0xa3,0xb1,0xbe,0xff,0x88,0x43,0x51,0xff,0xe1,0x47,0x4f,0xff,
    0x26,0x27,0x2c,0xff,0xa2,0xa9,0xaf,0xff,0xc0,0xdf,0xf1,0xff,0x90,0xb1,0xca,0xff,
    0x97,0x9f,0xa8,0xff,0x3c,0x37,0x3b,0xff,0x51,0x5c,0x68,0xff,0x70,0x8a,0x9e,0xff,
    0x84,0xa0,0xb4,0xff,0xad,0xb0,0xb6,0xff,0x84,0x4d,0x15,0xff,0xbc,0x5b,0x70,0xff,
    0xbb,0x62,0x06,0xff,0x92,0x4a,0x5a,0xff,0x8a,0x9a,0xa8,0xff,0x70,0x49,0x52,0xff,
    0x84,0x8f,0x9a,0xff,0x6f,0x3f,0x0e,0xff,0x91,0x52,0x60,0xff,0xcb,0x56,0x03,0xff,
    0xb0,0xc4,0xf5,0xff,0x92,0x94,0x99,0xff,0x57,0x67,0x74,0xff,0xdf,0xfb,0xff,0xff,
    0xc1,0x34,0x3a,0xff,0xe5,0x71,0x01,0xff,0xb9,0x40,0x04,0xff,0x80,0x94,0xa8,0xff,
    0xa7,0x94,0x74,0xff,0xcf,0xf9,0xff,0xff,0xbb,0x67,0x7a,0xff,0xe4,0x82,0x04,0xff,
    0x88,0x69,0x3f,0xff,0xa5,0xb9,0xf6,0xff,0x45,0x54,0x82,0xff,0x35,0x42,0x5a,0xff,
    0xa1,0x35,0x03,0xff,0xa0,0xc5,0xdf,0xff,0x93,0x73,0x66,0xff,0x4e,0x2c,0x09,0xff,
    0x5a,0x23,0x2d,0xff,0x7d,0x30,0x38,0xff,0x8b,0x63,0x70,0xff,0xa2,0x77,0x47,0xff,
    0xd8,0x66,0x00,0xff,0xa5,0x4d,0x06,0xff,0x5a,0x6a,0xa1,0xff,0xd6,0x76,0x8c,0xff,
    0x2a,0x32,0x47,0xff,0xff,0x9c,0x02,0xff,0x88,0x9f,0xdb,0xff,0xab,0x87,0x50,0xff,
    0x6c,0x59,0x51,0xff,0xa4,0x3d,0x45,0xff,0xd1,0xbb,0xc0,0xff,0xa9,0x6d,0x1c,0xff,
    0x88,0x95,0xbf,0xff,0x9b,0x1f,0x1f,0xff,0x0d,0x9b,0xc6,0xff,0x01,0xad,0xe6,0xff,
    0x90,0xa5,0xe7,0xff,0xb2,0xe1,0xff,0xff,0x07,0xd0,0xfb,0xff,0x09,0x7a,0xa4,0xff,
    0xe5,0x84,0x99,0xff,0xd6,0x9c,0xa9,0xff,0x57,0x81,0x8e,0xff,0xaf,0x7e,0x8b,0xff,

    0x00,0x00,0x00,0x00,0x00,0x00,0x00,0x00,0x00,0x00,0x00,0x00,0x00,0x00,0x00,0x00,0x00,0x00,0x00,0x00,0x00,0x00,0x00,0x00,0x00,0x00,0x00,0x00,0x00,0x00,0x00,0x00,0x00,0x00,0x00,0x00,0x00,0x00,0x00,0x00,0x00,0x00,0x00,0x00,0x00,0x00,0x00,0x00,0x00,0x00,0x00,0x00,0x00,0x00,0x00,0x00,0x00,0x00,0x00,0x00,0x00,0x00,0x00,0x00,0x00,0x00,0x00,0x00,0x00,0x00,0x00,0x00,0x00,0x00,0x00,0x00,0x00,0x00,0x00,0x00,0x00,0x00,0x00,0x00,0x00,0x00,0x00,0x00,0x00,0x00,0x00,0x00,0x00,0x00,0x00,0x00,0x00,0x00,0x00,0x00,0x00,0x00,0x00,0x00,0x00,0x00,0x00,0x00,0x00,0x00,0x00,0x00,0x00,0x00,0x00,0x00,0x00,0x00,0x00,0x00,0x00,0x00,0x00,0x00,0x00,0x00,0x00,0x00,0x00,0x00,0x00,0x00,0x00,0x00,0x00,0x00,0x00,0x00,0x00,0x00,0x00,0x00,0x00,0x00,
    0x00,0x00,0x00,0x00,0x00,0x00,0x00,0x00,0x00,0x00,0x00,0x00,0x00,0x00,0x00,0x00,0x00,0x00,0x00,0x00,0x00,0x00,0x00,0x00,0x00,0x00,0x00,0x00,0x00,0x00,0x00,0x00,0x00,0x00,0x00,0x00,0x00,0x00,0x00,0x00,0x00,0x00,0x00,0x00,0x00,0x00,0x00,0x00,0x00,0x00,0x00,0x00,0x00,0x00,0x00,0x00,0x00,0x00,0x00,0x00,0x00,0x00,0x00,0x00,0x00,0x04,0x1a,0x1a,0x18,0x2c,0x5c,0x00,0x00,0x00,0x00,0x00,0x00,0x00,0x00,0x00,0x00,0x00,0x00,0x00,0x00,0x00,0x00,0x00,0x00,0x00,0x00,0x00,0x00,0x00,0x00,0x00,0x00,0x00,0x00,0x00,0x00,0x00,0x00,0x00,0x00,0x00,0x00,0x00,0x00,0x00,0x00,0x00,0x00,0x00,0x00,0x00,0x00,0x00,0x00,0x00,0x00,0x00,0x00,0x00,0x00,0x00,0x00,0x00,0x00,0x00,0x00,0x00,0x00,0x00,0x00,0x00,0x00,0x00,0x00,0x00,0x00,0x00,0x00,0x00,
    0x00,0x00,0x00,0x00,0x00,0x00,0x00,0x00,0x00,0x00,0x00,0x00,0x00,0x00,0x00,0x00,0x00,0x00,0x00,0x00,0x00,0x00,0x00,0x00,0x00,0x00,0x00,0x00,0x00,0x00,0x00,0x00,0x00,0x00,0x00,0x00,0x00,0x00,0x00,0x00,0x00,0x00,0x00,0x00,0x00,0x00,0x00,0x00,0x00,0x00,0x00,0x00,0x00,0x00,0x00,0x00,0x00,0x00,0x00,0x00,0x00,0x00,0x00,0x0d,0x00,0x2a,0x26,0x44,0x43,0x26,0x1a,0x04,0x5c,0x00,0x00,0x00,0x00,0x00,0x00,0x00,0x00,0x00,0x00,0x00,0x00,0x00,0x00,0x00,0x00,0x00,0x00,0x00,0x00,0x00,0x00,0x00,0x00,0x00,0x00,0x00,0x00,0x00,0x00,0x00,0x00,0x00,0x00,0x00,0x00,0x00,0x00,0x00,0x00,0x00,0x00,0x00,0x00,0x00,0x00,0x00,0x00,0x00,0x00,0x00,0x00,0x00,0x00,0x00,0x00,0x00,0x00,0x00,0x00,0x00,0x00,0x00,0x00,0x00,0x00,0x00,0x00,0x00,0x00,0x00,
    0x00,0x00,0x00,0x00,0x00,0x00,0x00,0x00,0x00,0x00,0x00,0x00,0x00,0x00,0x00,0x00,0x00,0x00,0x00,0x00,0x00,0x00,0x00,0x00,0x00,0x00,0x00,0x00,0x00,0x00,0x00,0x00,0x00,0x00,0x00,0x00,0x00,0x00,0x00,0x00,0x00,0x00,0x00,0x00,0x00,0x00,0x00,0x00,0x00,0x00,0x00,0x00,0x00,0x00,0x00,0x00,0x00,0x00,0x00,0x00,0x00,0x00,0x08,0x00,0x2a,0x43,0x19,0x26,0x1b,0x1a,0x04,0x04,0x00,0x00,0x00,0x00,0x00,0x00,0x00,0x00,0x00,0x00,0x00,0x00,0x00,0x00,0x00,0x00,0x00,0x00,0x00,0x00,0x00,0x00,0x00,0x00,0x00,0x00,0x00,0x00,0x00,0x00,0x00,0x00,0x00,0x00,0x00,0x00,0x00,0x00,0x00,0x00,0x00,0x00,0x00,0x00,0x00,0x00,0x00,0x00,0x00,0x00,0x00,0x00,0x00,0x00,0x00,0x00,0x00,0x00,0x00,0x00,0x00,0x00,0x00,0x00,0x00,0x00,0x00,0x00,0x00,0x00,0x00,0x00,
    0x00,0x00,0x00,0x00,0x00,0x00,0x00,0x00,0x00,0x00,0x00,0x00,0x00,0x00,0x00,0x00,0x00,0x00,0x00,0x00,0x00,0x00,0x00,0x00,0x00,0x00,0x00,0x00,0x00,0x00,0x00,0x00,0x00,0x00,0x00,0x00,0x00,0x00,0x00,0x00,0x00,0x00,0x00,0x00,0x00,0x00,0x00,0x00,0x00,0x00,0x00,0x00,0x00,0x00,0x00,0x00,0x00,0x00,0x00,0x00,0x00,0x02,0x00,0x28,0x3e,0xbf,0x43,0x1b,0x00,0x00,0x00,0x00,0x00,0x00,0x00,0x00,0x00,0x00,0x00,0x00,0x00,0x00,0x00,0x00,0x00,0x00,0x00,0x00,0x00,0x00,0x00,0x00,0x00,0x00,0x00,0x00,0x00,0x00,0x00,0x00,0x00,0x00,0x00,0x00,0x00,0x00,0x00,0x00,0x00,0x00,0x00,0x00,0x00,0x00,0x00,0x00,0x00,0x00,0x00,0x00,0x00,0x00,0x00,0x00,0x00,0x00,0x00,0x00,0x00,0x00,0x00,0x00,0x00,0x00,0x00,0x00,0x00,0x00,0x00,0x00,0x00,0x00,0x00,0x00,
    0x00,0x00,0x00,0x00,0x00,0x00,0x00,0x00,0x00,0x00,0x00,0x00,0x00,0x00,0x00,0x00,0x00,0x00,0x00,0x00,0x00,0x00,0x00,0x00,0x00,0x00,0x00,0x00,0x00,0x00,0x00,0x00,0x00,0x00,0x00,0x00,0x00,0x00,0x00,0x00,0x00,0x00,0x00,0x00,0x00,0x00,0x00,0x00,0x00,0x00,0x00,0x00,0x00,0x00,0x00,0x00,0x00,0x00,0x00,0x00,0x00,0x02,0x00,0x40,0x5e,0x1d,0x1f,0x0e,0x02,0x08,0x00,0x00,0x00,0x00,0x00,0x00,0x00,0x00,0x00,0x00,0x00,0x00,0x00,0x00,0x00,0x00,0x00,0x00,0x00,0x00,0x00,0x00,0x00,0x00,0x00,0x00,0x00,0x00,0x00,0x00,0x00,0x00,0x00,0x00,0x00,0x00,0x00,0x00,0x00,0x00,0x00,0x00,0x00,0x00,0x00,0x00,0x00,0x00,0x00,0x00,0x00,0x00,0x00,0x00,0x00,0x00,0x00,0x00,0x00,0x00,0x00,0x00,0x00,0x00,0x00,0x00,0x00,0x00,0x00,0x00,0x00,0x00,0x00,0x00,
    0x00,0x00,0x00,0x00,0x00,0x00,0x00,0x00,0x00,0x00,0x00,0x00,0x00,0x00,0x00,0x00,0x00,0x00,0x00,0x00,0x00,0x00,0x00,0x00,0x00,0x00,0x00,0x00,0x00,0x00,0x00,0x00,0x00,0x00,0x00,0x00,0x00,0x00,0x00,0x00,0x00,0x00,0x00,0x00,0x00,0x00,0x00,0x00,0x00,0x00,0x00,0x00,0x00,0x00,0x00,0x00,0x00,0x00,0x00,0x00,0x04,0x00,0x1a,0x1f,0x19,0x23,0x26,0x14,0x00,0x02,0x00,0x00,0x00,0x00,0x00,0x00,0x00,0x00,0x00,0x00,0x00,0x00,0x00,0x00,0x00,0x00,0x00,0x00,0x00,0x00,0x00,0x00,0x00,0x00,0x00,0x00,0x00,0x00,0x00,0x00,0x00,0x00,0x00,0x00,0x00,0x00,0x00,0x00,0x00,0x00,0x00,0x00,0x00,0x00,0x00,0x00,0x00,0x00,0x00,0x00,0x00,0x00,0x00,0x00,0x00,0x00,0x00,0x00,0x00,0x00,0x00,0x00,0x00,0x00,0x00,0x00,0x00,0x00,0x00,0x00,0x00,0x00,0x00,0x00,
    0x00,0x00,0x00,0x00,0x00,0x00,0x00,0x00,0x00,0x00,0x00,0x00,0x00,0x00,0x00,0x00,0x00,0x00,0x00,0x00,0x00,0x00,0x00,0x00,0x00,0x00,0x00,0x00,0x00,0x00,0x00,0x00,0x00,0x00,0x00,0x00,0x00,0x00,0x00,0x00,0x00,0x00,0x00,0x00,0x00,0x00,0x00,0x00,0x00,0x00,0x00,0x00,0x00,0x00,0x00,0x00,0x00,0x00,0x00,0x00,0x04,0x00,0x0e,0x2b,0xc3,0x1d,0x26,0x14,0x04,0x02,0x00,0x00,0x00,0x02,0x08,0x08,0x04,0x00,0x02,0x00,0x00,0x00,0x00,0x00,0x00,0x00,0x00,0x00,0x00,0x00,0x00,0x00,0x00,0x00,0x00,0x00,0x00,0x00,0x00,0x00,0x00,0x00,0x00,0x00,0x00,0x00,0x00,0x00,0x00,0x00,0x00,0x00,0x00,0x00,0x00,0x00,0x00,0x00,0x00,0x00,0x00,0x00,0x00,0x00,0x00,0x00,0x00,0x00,0x00,0x00,0x00,0x00,0x00,0x00,0x00,0x00,0x00,0x00,0x00,0x00,0x00,0x00,0x00,0x00,
    0x00,0x00,0x00,0x00,0x00,0x00,0x00,0x00,0x00,0x00,0x00,0x00,0x00,0x00,0x00,0x00,0x00,0x00,0x00,0x00,0x00,0x00,0x00,0x00,0x00,0x00,0x00,0x00,0x00,0x00,0x00,0x00,0x00,0x00,0x00,0x00,0x00,0x00,0x00,0x00,0x00,0x00,0x00,0x00,0x00,0x00,0x00,0x00,0x00,0x00,0x00,0x00,0x00,0x00,0x00,0x00,0x00,0x00,0x00,0x00,0x04,0x00,0x0e,0x2b,0x23,0x0a,0x43,0x2c,0x00,0x08,0x00,0x00,0x00,0x00,0x00,0x00,0x00,0x24,0x00,0x0d,0x00,0x00,0x05,0x04,0x02,0x00,0x00,0x00,0x00,0x00,0x00,0x00,0x00,0x00,0x00,0x00,0x00,0x00,0x00,0x00,0x00,0x00,0x00,0x00,0x00,0x00,0x00,0x00,0x00,0x00,0x00,0x00,0x00,0x00,0x00,0x00,0x00,0x00,0x00,0x00,0x00,0x00,0x00,0x00,0x00,0x00,0x00,0x00,0x00,0x00,0x00,0x00,0x00,0x00,0x00,0x00,0x00,0x00,0x00,0x00,0x00,0x00,0x00,0x00,
    0x00,0x00,0x00,0x00,0x00,0x00,0x00,0x00,0x00,0x00,0x00,0x00,0x00,0x00,0x00,0x00,0x00,0x00,0x00,0x00,0x00,0x00,0x00,0x00,0x00,0x00,0x00,0x00,0x00,0x00,0x00,0x00,0x00,0x00,0x00,0x00,0x00,0x00,0x00,0x00,0x00,0x00,0x00,0x00,0x00,0x00,0x00,0x00,0x00,0x00,0x00,0x00,0x00,0x00,0x00,0x00,0x00,0x00,0x00,0x00,0x00,0x04,0x17,0x32,0x42,0x85,0x43,0x39,0x0e,0x00,0x08,0x17,0x17,0x0e,0x18,0x18,0x1a,0x00,0x29,0x00,0x01,0x02,0x00,0x00,0x00,0x00,0x02,0x00,0x00,0x00,0x00,0x00,0x00,0x00,0x00,0x00,0x00,0x00,0x00,0x00,0x00,0x00,0x00,0x00,0x00,0x00,0x00,0x00,0x00,0x00,0x00,0x00,0x00,0x00,0x00,0x00,0x00,0x00,0x00,0x00,0x00,0x00,0x00,0x00,0x00,0x00,0x00,0x00,0x00,0x00,0x00,0x00,0x00,0x00,0x00,0x00,0x00,0x00,0x00,0x00,0x00,0x00,0x00,0x00,
    0x00,0x00,0x00,0x00,0x00,0x00,0x00,0x00,0x00,0x00,0x00,0x00,0x00,0x00,0x00,0x00,0x00,0x00,0x00,0x00,0x00,0x00,0x00,0x00,0x00,0x00,0x00,0x00,0x00,0x00,0x00,0x00,0x00,0x00,0x00,0x00,0x00,0x00,0x00,0x00,0x00,0x00,0x00,0x00,0x00,0x00,0x00,0x00,0x00,0x00,0x00,0x00,0x00,0x00,0x00,0x00,0x00,0x00,0x00,0x00,0x00,0x08,0x00,0x1b,0x44,0x07,0x76,0x44,0x39,0x4b,0x1b,0x39,0x2b,0x38,0x57,0x57,0x48,0x5a,0x22,0x39,0x49,0x56,0x10,0x28,0x0e,0x00,0x00,0x00,0x02,0x00,0x00,0x00,0x00,0x00,0x00,0x00,0x00,0x00,0x00,0x00,0x00,0x00,0x00,0x00,0x00,0x00,0x00,0x00,0x00,0x00,0x00,0x00,0x00,0x00,0x00,0x00,0x00,0x00,0x00,0x00,0x00,0x00,0x00,0x00,0x00,0x00,0x00,0x00,0x00,0x00,0x00,0x00,0x00,0x00,0x00,0x00,0x00,0x00,0x00,0x00,0x00,0x00,0x00,0x00,
    0x00,0x00,0x00,0x00,0x00,0x00,0x00,0x00,0x00,0x00,0x00,0x00,0x00,0x00,0x00,0x00,0x00,0x00,0x00,0x00,0x00,0x00,0x00,0x00,0x00,0x00,0x00,0x00,0x00,0x00,0x00,0x00,0x00,0x00,0x00,0x00,0x00,0x00,0x00,0x00,0x00,0x00,0x00,0x00,0x00,0x00,0x00,0x00,0x00,0x00,0x00,0x00,0x00,0x00,0x00,0x00,0x00,0x00,0x00,0x05,0x02,0x04,0x00,0x00,0x1b,0x44,0xbf,0x9e,0x07,0x5b,0x30,0x07,0x1e,0x23,0xad,0x9a,0xe1,0x07,0xd9,0x95,0x1d,0x59,0x58,0x3e,0x2b,0x61,0x56,0x24,0x00,0x04,0x5c,0x00,0x00,0x00,0x00,0x00,0x00,0x00,0x00,0x00,0x00,0x00,0x00,0x00,0x00,0x00,0x00,0x00,0x00,0x00,0x00,0x00,0x00,0x00,0x00,0x00,0x00,0x00,0x00,0x00,0x00,0x00,0x00,0x00,0x00,0x00,0x00,0x00,0x00,0x00,0x00,0x00,0x00,0x00,0x00,0x00,0x00,0x00,0x00,0x00,0x00,0x00,0x00,0x00,
    0x00,0x00,0x00,0x00,0x00,0x00,0x00,0x00,0x00,0x00,0x00,0x00,0x00,0x00,0x00,0x00,0x00,0x00,0x00,0x00,0x00,0x00,0x00,0x00,0x00,0x00,0x00,0x00,0x00,0x00,0x00,0x00,0x00,0x00,0x00,0x00,0x00,0x00,0x00,0x00,0x00,0x00,0x00,0x00,0x00,0x00,0x00,0x00,0x00,0x00,0x00,0x00,0x00,0x00,0x00,0x00,0x00,0x02,0x05,0x00,0x00,0x05,0x10,0x56,0x32,0x38,0x68,0x1d,0x9e,0x84,0xad,0x0a,0x85,0x84,0x85,0x84,0x9a,0x85,0x0a,0x0a,0x85,0x85,0x0a,0x9e,0x23,0x5e,0x41,0x49,0x56,0x00,0x00,0x02,0x00,0x00,0x00,0x00,0x00,0x00,0x00,0x00,0x00,0x00,0x00,0x00,0x00,0x00,0x00,0x00,0x00,0x00,0x00,0x00,0x00,0x00,0x00,0x00,0x00,0x00,0x00,0x00,0x00,0x00,0x00,0x00,0x00,0x00,0x00,0x00,0x00,0x00,0x00,0x00,0x00,0x00,0x00,0x00,0x00,0x00,0x00,0x00,0x00,0x00,0x00,0x00,
    0x00,0x00,0x00,0x00,0x00,0x00,0x00,0x00,0x00,0x00,0x00,0x00,0x00,0x00,0x00,0x00,0x00,0x00,0x00,0x00,0x00,0x00,0x00,0x00,0x00,0x00,0x00,0x00,0x00,0x00,0x00,0x00,0x00,0x00,0x00,0x00,0x00,0x00,0x00,0x00,0x00,0x00,0x00,0x00,0x00,0x00,0x00,0x00,0x00,0x00,0x00,0x00,0x00,0x00,0x00,0x04,0x00,0x00,0x00,0x28,0x14,0x1c,0x65,0x55,0x3a,0xac,0xac,0x84,0x0a,0x76,0x85,0x84,0x76,0x76,0x76,0x76,0x84,0x84,0x76,0x76,0x84,0x84,0x85,0x85,0x84,0xad,0x3b,0x50,0x65,0x64,0x17,0x00,0x02,0x00,0x00,0x00,0x00,0x00,0x00,0x00,0x00,0x00,0x00,0x00,0x00,0x00,0x00,0x00,0x00,0x00,0x00,0x00,0x00,0x00,0x00,0x00,0x00,0x00,0x00,0x00,0x00,0x00,0x00,0x00,0x00,0x00,0x00,0x00,0x00,0x00,0x00,0x00,0x00,0x00,0x00,0x00,0x00,0x00,0x00,0x00,0x00,0x00,0x00,0x00,
    0x00,0x00,0x00,0x00,0x00,0x00,0x00,0x00,0x00,0x00,0x00,0x00,0x00,0x00,0x00,0x00,0x00,0x00,0x00,0x00,0x00,0x00,0x00,0x00,0x00,0x00,0x00,0x00,0x00,0x00,0x00,0x00,0x00,0x00,0x00,0x00,0x00,0x00,0x00,0x00,0x00,0x00,0x00,0x00,0x00,0x00,0x00,0x00,0x00,0x00,0x00,0x00,0x00,0x02,0x00,0x00,0x12,0x3c,0x74,0x49,0x3e,0x52,0x31,0x19,0x7d,0x8d,0x7a,0x7d,0x76,0x7d,0x85,0x76,0x76,0x76,0x76,0x76,0x76,0x76,0x76,0x76,0x7d,0x76,0x76,0x76,0x76,0x84,0x9a,0x7d,0xc4,0x60,0x61,0x14,0x00,0x04,0x00,0x00,0x00,0x00,0x00,0x00,0x00,0x00,0x00,0x00,0x00,0x00,0x00,0x00,0x00,0x00,0x00,0x00,0x00,0x00,0x00,0x00,0x00,0x00,0x00,0x00,0x00,0x00,0x00,0x00,0x00,0x00,0x00,0x00,0x00,0x00,0x00,0x00,0x00,0x00,0x00,0x00,0x00,0x00,0x00,0x00,0x00,0x00,0x00,0x00,
    0x00,0x00,0x00,0x00,0x00,0x00,0x00,0x00,0x00,0x00,0x00,0x00,0x00,0x00,0x00,0x00,0x00,0x00,0x00,0x00,0x00,0x00,0x00,0x00,0x00,0x00,0x00,0x00,0x00,0x00,0x00,0x00,0x00,0x00,0x00,0x00,0x00,0x00,0x00,0x00,0x00,0x00,0x00,0x00,0x00,0x00,0x00,0x00,0x00,0x00,0x00,0x00,0x05,0x00,0x0d,0x1c,0x32,0x55,0x6d,0x6d,0xb4,0xb6,0x8a,0x9a,0x76,0x7d,0x7c,0x76,0x76,0x76,0x76,0x76,0x76,0x76,0x76,0x76,0x76,0x76,0x76,0x76,0x85,0x76,0x76,0x76,0x76,0x76,0x84,0x76,0x85,0x9e,0x59,0x38,0x6c,0x24,0x02,0x05,0x00,0x00,0x00,0x00,0x00,0x00,0x00,0x00,0x00,0x00,0x00,0x00,0x00,0x00,0x00,0x00,0x00,0x00,0x00,0x00,0x00,0x00,0x00,0x00,0x00,0x00,0x00,0x00,0x00,0x00,0x00,0x00,0x00,0x00,0x00,0x00,0x00,0x00,0x00,0x00,0x00,0x00,0x00,0x00,0x00,0x00,0x00,0x00,
    0x00,0x00,0x00,0x00,0x00,0x00,0x00,0x00,0x00,0x00,0x00,0x00,0x00,0x00,0x00,0x00,0x00,0x00,0x00,0x00,0x00,0x00,0x00,0x00,0x00,0x00,0x00,0x00,0x00,0x00,0x00,0x00,0x00,0x00,0x00,0x00,0x00,0x00,0x00,0x00,0x00,0x00,0x00,0x00,0x00,0x00,0x00,0x00,0x00,0x00,0x04,0x04,0x00,0x29,0x49,0x34,0x52,0x2b,0x5a,0x27,0x3b,0x7a,0x84,0x84,0x76,0x76,0x76,0x76,0x76,0x76,0x76,0x76,0x76,0x76,0x76,0x76,0x76,0x76,0x76,0x76,0x76,0x76,0x76,0x76,0x76,0x76,0x76,0x84,0x76,0x85,0x9a,0x15,0x6f,0x6c,0x00,0x00,0x00,0x00,0x00,0x00,0x00,0x00,0x00,0x00,0x00,0x00,0x00,0x00,0x00,0x00,0x00,0x00,0x00,0x00,0x00,0x00,0x00,0x00,0x00,0x00,0x00,0x00,0x00,0x00,0x00,0x00,0x00,0x00,0x00,0x00,0x00,0x00,0x00,0x00,0x00,0x00,0x00,0x00,0x00,0x00,0x00,0x00,0x00,0x00,
    0x00,0x00,0x00,0x00,0x00,0x00,0x00,0x00,0x00,0x00,0x00,0x00,0x00,0x00,0x00,0x00,0x00,0x00,0x00,0x00,0x00,0x00,0x00,0x00,0x00,0x00,0x00,0x00,0x00,0x00,0x00,0x00,0x00,0x00,0x00,0x00,0x00,0x00,0x00,0x00,0x00,0x00,0x00,0x00,0x00,0x00,0x00,0x00,0x00,0x04,0x00,0x05,0x64,0x20,0x6d,0x2b,0x34,0x34,0x42,0x84,0x85,0x7d,0x7d,0x76,0x76,0x76,0x76,0x76,0x76,0x76,0x76,0x76,0x76,0x7d,0x7c,0x7c,0x7d,0x85,0x85,0x76,0x76,0x76,0x76,0x76,0x76,0x76,0x76,0x76,0x76,0x84,0x84,0x85,0xbf,0x6f,0x49,0x24,0x02,0x00,0x00,0x00,0x00,0x00,0x00,0x00,0x00,0x00,0x00,0x00,0x00,0x00,0x00,0x00,0x00,0x00,0x00,0x00,0x00,0x00,0x00,0x00,0x00,0x00,0x00,0x00,0x00,0x00,0x00,0x00,0x00,0x00,0x00,0x00,0x00,0x00,0x00,0x00,0x00,0x00,0x00,0x00,0x00,0x00,0x00,0x00,
    0x00,0x00,0x00,0x00,0x00,0x00,0x00,0x00,0x00,0x00,0x00,0x00,0x00,0x00,0x00,0x00,0x00,0x00,0x00,0x00,0x00,0x00,0x00,0x00,0x00,0x00,0x00,0x00,0x00,0x00,0x00,0x00,0x00,0x00,0x00,0x00,0x00,0x00,0x00,0x00,0x00,0x00,0x00,0x00,0x00,0x00,0x00,0x00,0x0d,0x00,0x1a,0x51,0x6d,0x20,0x21,0x54,0x55,0xae,0x8a,0x76,0x7c,0x7a,0x7c,0x7c,0x85,0x7d,0x7d,0x76,0x76,0x76,0x76,0x76,0x76,0x7c,0x7a,0x7c,0x7d,0x7d,0x76,0x76,0x76,0x76,0x7d,0x76,0x76,0x76,0x76,0x76,0x85,0x85,0x76,0x84,0x8a,0x23,0x58,0x37,0x00,0x08,0x00,0x00,0x00,0x00,0x00,0x00,0x00,0x00,0x00,0x00,0x00,0x00,0x00,0x00,0x00,0x00,0x00,0x00,0x00,0x00,0x00,0x00,0x00,0x00,0x00,0x00,0x00,0x00,0x00,0x00,0x00,0x00,0x00,0x00,0x00,0x00,0x00,0x00,0x00,0x00,0x00,0x00,0x00,0x00,0x00,0x00,
    0x00,0x00,0x00,0x00,0x00,0x00,0x00,0x00,0x00,0x00,0x00,0x00,0x00,0x00,0x00,0x00,0x00,0x00,0x00,0x00,0x00,0x00,0x00,0x00,0x00,0x00,0x00,0x00,0x00,0x00,0x00,0x00,0x00,0x00,0x00,0x00,0x00,0x00,0x00,0x00,0x00,0x00,0x00,0x00,0x00,0x00,0x00,0x02,0x00,0x28,0x2e,0x22,0x65,0x3d,0x18,0x6d,0xb4,0xa4,0x84,0x76,0x76,0x76,0x85,0x7c,0x7c,0x7a,0x7a,0x85,0x76,0x76,0x76,0x76,0x76,0x85,0x7c,0x7d,0x76,0x85,0x76,0x76,0x76,0x76,0x7d,0x85,0x7d,0x7d,0x7c,0x7c,0x7a,0x7a,0x7d,0x76,0x76,0x8a,0xb6,0x26,0x56,0x00,0x02,0x00,0x00,0x00,0x00,0x00,0x00,0x00,0x00,0x00,0x00,0x00,0x00,0x00,0x00,0x00,0x00,0x00,0x00,0x00,0x00,0x00,0x00,0x00,0x00,0x00,0x00,0x00,0x00,0x00,0x00,0x00,0x00,0x00,0x00,0x00,0x00,0x00,0x00,0x00,0x00,0x00,0x00,0x00,0x00,0x00,
    0x00,0x00,0x00,0x00,0x00,0x00,0x00,0x00,0x00,0x00,0x00,0x00,0x00,0x00,0x00,0x00,0x00,0x00,0x00,0x00,0x00,0x00,0x00,0x00,0x00,0x00,0x00,0x00,0x00,0x00,0x00,0x00,0x00,0x00,0x00,0x00,0x00,0x00,0x00,0x00,0x00,0x00,0x00,0x00,0x00,0x00,0x04,0x00,0x28,0x2b,0x33,0x1b,0x17,0x0e,0x48,0xb9,0xd3,0x7a,0x7d,0x7d,0x7d,0x7d,0x7c,0x7d,0x7d,0x7a,0x7d,0x76,0x76,0x76,0x76,0x76,0x76,0x76,0x85,0x76,0x76,0x76,0x76,0x76,0x76,0x76,0x85,0x7d,0x7d,0x7a,0x7a,0x7c,0x7c,0x7c,0x7c,0x85,0x85,0xac,0x8a,0xc4,0x55,0x0e,0x04,0x02,0x00,0x00,0x00,0x00,0x00,0x00,0x00,0x00,0x00,0x00,0x00,0x00,0x00,0x00,0x00,0x00,0x00,0x00,0x00,0x00,0x00,0x00,0x00,0x00,0x00,0x00,0x00,0x00,0x00,0x00,0x00,0x00,0x00,0x00,0x00,0x00,0x00,0x00,0x00,0x00,0x00,0x00,0x00,0x00,
    0x00,0x00,0x00,0x00,0x00,0x00,0x00,0x00,0x00,0x00,0x00,0x00,0x00,0x00,0x00,0x00,0x00,0x00,0x00,0x00,0x00,0x00,0x00,0x00,0x00,0x00,0x00,0x00,0x00,0x00,0x00,0x00,0x00,0x00,0x00,0x00,0x00,0x00,0x00,0x00,0x00,0x00,0x00,0x00,0x00,0x02,0x00,0x0e,0x57,0x30,0x4b,0x17,0x12,0x61,0x68,0xbe,0xa5,0x8a,0x7a,0x7a,0x7a,0x7d,0x76,0x76,0x7d,0x7a,0x7c,0x7d,0x76,0x76,0x76,0x76,0x84,0x76,0x84,0x76,0x76,0x76,0x76,0x76,0x76,0x76,0x76,0x76,0x76,0x7d,0x7a,0x7d,0x7d,0x7d,0x7c,0x7c,0x7a,0x7a,0x7a,0xbe,0x68,0x5a,0x00,0x04,0x00,0x00,0x00,0x00,0x00,0x00,0x00,0x00,0x00,0x00,0x00,0x00,0x00,0x00,0x00,0x00,0x00,0x00,0x00,0x00,0x00,0x00,0x00,0x00,0x00,0x00,0x00,0x00,0x00,0x00,0x00,0x00,0x00,0x00,0x00,0x00,0x00,0x00,0x00,0x00,0x00,0x00,0x00,0x00,
    0x00,0x00,0x00,0x00,0x00,0x00,0x00,0x00,0x00,0x00,0x00,0x00,0x00,0x00,0x00,0x00,0x00,0x00,0x00,0x00,0x00,0x00,0x00,0x00,0x00,0x00,0x00,0x00,0x00,0x00,0x00,0x00,0x00,0x00,0x00,0x00,0x00,0x00,0x00,0x00,0x00,0x00,0x00,0x00,0x00,0x08,0x24,0x4b,0x30,0x26,0x01,0x00,0x4a,0x36,0xbe,0x8a,0x7a,0x8a,0x7a,0x7a,0x7c,0x76,0x76,0x76,0x76,0x85,0x7c,0x7c,0x76,0x76,0x84,0x85,0x9a,0x84,0x7d,0x85,0x76,0x76,0x76,0x85,0x7d,0x7c,0x7d,0x7d,0x76,0x76,0x7c,0x7d,0x85,0x7d,0x7c,0x85,0x85,0x7d,0x7c,0x8d,0x31,0x30,0x1b,0x00,0x08,0x00,0x00,0x00,0x00,0x00,0x00,0x00,0x00,0x00,0x00,0x00,0x00,0x00,0x00,0x00,0x00,0x00,0x00,0x00,0x00,0x00,0x00,0x00,0x00,0x00,0x00,0x00,0x00,0x00,0x00,0x00,0x00,0x00,0x00,0x00,0x00,0x00,0x00,0x00,0x00,0x00,0x00,0x00,
    0x00,0x00,0x00,0x00,0x00,0x00,0x00,0x00,0x00,0x00,0x00,0x00,0x00,0x00,0x00,0x00,0x00,0x00,0x00,0x00,0x00,0x00,0x00,0x00,0x00,0x00,0x00,0x00,0x00,0x00,0x00,0x00,0x00,0x00,0x00,0x00,0x00,0x00,0x00,0x00,0x00,0x00,0x00,0x00,0x08,0x00,0x37,0x33,0x1f,0x14,0x00,0x56,0x60,0x13,0x84,0xac,0x7a,0x7c,0x7a,0x7a,0x7a,0x7c,0x7d,0x85,0x76,0x76,0x76,0x7d,0x85,0x84,0x76,0x85,0xd7,0x07,0x8d,0x7d,0x76,0x7c,0x7a,0x7a,0x7a,0x7a,0x7a,0x7a,0x7c,0x85,0x76,0x76,0x76,0x76,0x76,0x76,0x76,0x76,0x76,0xac,0xa4,0xb1,0x22,0x17,0x05,0x04,0x00,0x00,0x00,0x00,0x00,0x00,0x00,0x00,0x00,0x00,0x00,0x00,0x00,0x00,0x00,0x00,0x00,0x00,0x00,0x00,0x00,0x00,0x00,0x00,0x00,0x00,0x00,0x00,0x00,0x00,0x00,0x00,0x00,0x00,0x00,0x00,0x00,0x00,0x00,0x00,0x00,0x00,
    0x00,0x00,0x00,0x00,0x00,0x00,0x00,0x00,0x00,0x00,0x00,0x00,0x00,0x00,0x00,0x00,0x00,0x00,0x00,0x00,0x00,0x00,0x00,0x00,0x00,0x00,0x00,0x00,0x00,0x00,0x00,0x00,0x00,0x00,0x00,0x00,0x00,0x00,0x00,0x00,0x00,0x00,0x00,0x02,0x00,0x28,0x1f,0x44,0x4b,0x00,0x17,0x41,0xb4,0x0a,0x7d,0x7d,0x76,0x76,0x7c,0x7a,0x7a,0x7a,0x7a,0x7d,0x84,0x84,0x7d,0x7a,0x7a,0x7c,0x92,0xd7,0x27,0x8a,0x84,0x76,0x76,0x76,0x7d,0x7d,0x7c,0x7c,0x7c,0x8a,0xa3,0x07,0x85,0x76,0x76,0x76,0x76,0x76,0x76,0x76,0x7d,0x7a,0xaa,0xa9,0x33,0x18,0x00,0x04,0x00,0x00,0x00,0x00,0x00,0x00,0x00,0x00,0x00,0x00,0x00,0x00,0x00,0x00,0x00,0x00,0x00,0x00,0x00,0x00,0x00,0x00,0x00,0x00,0x00,0x00,0x00,0x00,0x00,0x00,0x00,0x00,0x00,0x00,0x00,0x00,0x00,0x00,0x00,0x00,0x00,0x00,
    0x00,0x00,0x00,0x00,0x00,0x00,0x00,0x00,0x00,0x00,0x00,0x00,0x00,0x00,0x00,0x00,0x00,0x00,0x00,0x00,0x00,0x00,0x00,0x00,0x00,0x00,0x00,0x00,0x00,0x00,0x00,0x00,0x00,0x00,0x00,0x00,0x00,0x00,0x00,0x00,0x00,0x00,0x00,0x02,0x17,0x34,0x3a,0x26,0x00,0x00,0x1b,0x33,0xab,0x8d,0xaa,0x7a,0x7c,0x85,0x76,0x7c,0x7a,0x7a,0x7a,0x7d,0x9a,0x9a,0x7c,0x7c,0x7c,0x8a,0x1e,0xf4,0xa7,0xa5,0xac,0x7d,0x7d,0x7d,0x7d,0x7d,0x7a,0x7c,0xac,0xa4,0x23,0xc3,0x9a,0xad,0x76,0x76,0x76,0x7d,0x7c,0x85,0x76,0xaa,0x7f,0x78,0x67,0x2b,0x00,0x04,0x00,0x00,0x00,0x00,0x00,0x00,0x00,0x00,0x00,0x00,0x00,0x00,0x00,0x00,0x00,0x00,0x00,0x00,0x00,0x00,0x00,0x00,0x00,0x00,0x00,0x00,0x00,0x00,0x00,0x00,0x00,0x00,0x00,0x00,0x00,0x00,0x00,0x00,0x00,0x00,0x00,0x00,
    0x00,0x00,0x00,0x00,0x00,0x00,0x00,0x00,0x00,0x00,0x00,0x00,0x00,0x00,0x00,0x00,0x00,0x00,0x00,0x00,0x00,0x00,0x00,0x00,0x00,0x00,0x00,0x00,0x00,0x00,0x00,0x00,0x00,0x00,0x00,0x00,0x00,0x00,0x00,0x00,0x00,0x00,0x0d,0x00,0x37,0x22,0x38,0x18,0x04,0x1a,0x1f,0x67,0xaa,0x7a,0xaa,0x7a,0x7a,0x7c,0x8a,0x8d,0xac,0x7c,0x7c,0x8d,0x07,0x19,0x8a,0x7a,0xd3,0x1e,0xbf,0xbf,0xa7,0xa5,0x84,0x7a,0x7a,0x7a,0x7a,0x7a,0x7a,0x7a,0xac,0xa4,0x9f,0xc2,0xad,0x0a,0x84,0x76,0x85,0x7a,0x7a,0x7a,0x7d,0xaa,0x87,0xa5,0x9c,0x3e,0x4a,0x00,0x02,0x00,0x00,0x00,0x00,0x00,0x00,0x00,0x00,0x00,0x00,0x00,0x00,0x00,0x00,0x00,0x00,0x00,0x00,0x00,0x00,0x00,0x00,0x00,0x00,0x00,0x00,0x00,0x00,0x00,0x00,0x00,0x00,0x00,0x00,0x00,0x00,0x00,0x00,0x00,0x00,0x00,
    0x00,0x00,0x00,0x00,0x00,0x00,0x00,0x00,0x00,0x00,0x00,0x00,0x00,0x00,0x00,0x00,0x00,0x00,0x00,0x00,0x00,0x00,0x00,0x00,0x00,0x00,0x00,0x00,0x00,0x00,0x00,0x00,0x00,0x00,0x00,0x00,0x00,0x00,0x00,0x00,0x00,0x00,0x00,0x17,0x2e,0x33,0x2e,0x00,0x00,0x2c,0x30,0xab,0x7d,0x7d,0x7a,0x8a,0x7a,0x8a,0xa3,0x07,0x92,0x8a,0x8a,0x8a,0xfe,0xb3,0x8d,0xa4,0x13,0x1e,0xaa,0xc4,0x31,0xaa,0x76,0x7a,0x7a,0x7a,0x7a,0x7a,0x7a,0x7a,0x7c,0x8a,0xab,0xd7,0x15,0x8a,0x7d,0x0a,0x84,0x7c,0x8d,0x7a,0x7c,0x8d,0xaa,0x9a,0x07,0xd7,0x48,0x24,0x00,0x00,0x00,0x00,0x00,0x00,0x00,0x00,0x00,0x00,0x00,0x00,0x00,0x00,0x00,0x00,0x00,0x00,0x00,0x00,0x00,0x00,0x00,0x00,0x00,0x00,0x00,0x00,0x00,0x00,0x00,0x00,0x00,0x00,0x00,0x00,0x00,0x00,0x00,0x00,0x00,0x00,
    0x00,0x00,0x00,0x00,0x00,0x00,0x00,0x00,0x00,0x00,0x00,0x00,0x00,0x00,0x00,0x00,0x00,0x00,0x00,0x00,0x00,0x00,0x00,0x00,0x00,0x00,0x00,0x00,0x00,0x00,0x00,0x00,0x00,0x00,0x00,0x00,0x00,0x00,0x00,0x00,0x00,0x02,0x00,0x2c,0x30,0x22,0x14,0x08,0x05,0x49,0x3a,0x84,0x84,0x85,0x7a,0x7a,0x8a,0x07,0xe5,0xba,0xb4,0xbe,0x91,0xbf,0xc4,0xd3,0xa4,0xa3,0xd7,0x7f,0x96,0xca,0xac,0x8d,0x7c,0x7a,0x7a,0x7a,0x7a,0x7a,0x7a,0x7a,0x7c,0x8a,0x9d,0xb9,0x13,0xb1,0xd3,0xa3,0x9e,0x8d,0x8d,0x7a,0x7a,0x7a,0x7c,0x7d,0xad,0x1e,0x41,0x2c,0x00,0x08,0x00,0x00,0x00,0x00,0x00,0x00,0x00,0x00,0x00,0x00,0x00,0x00,0x00,0x00,0x00,0x00,0x00,0x00,0x00,0x00,0x00,0x00,0x00,0x00,0x00,0x00,0x00,0x00,0x00,0x00,0x00,0x00,0x00,0x00,0x00,0x00,0x00,0x00,0x00,0x00,
    0x00,0x00,0x00,0x00,0x00,0x00,0x00,0x00,0x00,0x00,0x00,0x00,0x00,0x00,0x00,0x00,0x00,0x00,0x00,0x00,0x00,0x00,0x00,0x00,0x00,0x00,0x00,0x00,0x00,0x00,0x00,0x00,0x00,0x00,0x00,0x00,0x00,0x00,0x00,0x00,0x00,0x0d,0x00,0x37,0x22,0x34,0x0e,0x00,0x56,0x60,0x19,0x85,0x84,0x76,0x84,0x0a,0x9a,0x27,0xd4,0xbb,0xd4,0xb8,0xe6,0xd2,0xb6,0xa5,0xb6,0xd7,0xb6,0x98,0xaa,0x1e,0x7a,0x7d,0x7c,0x7a,0x7a,0x7a,0x7a,0x7c,0x76,0x7d,0x7d,0x8d,0xab,0x1e,0xad,0xc4,0x7a,0xab,0xa7,0xa4,0x8d,0x7a,0x7a,0x7c,0x7a,0x7c,0x85,0x1d,0x36,0x2a,0x00,0x08,0x00,0x00,0x00,0x00,0x00,0x00,0x00,0x00,0x00,0x00,0x00,0x00,0x00,0x00,0x00,0x00,0x00,0x00,0x00,0x00,0x00,0x00,0x00,0x00,0x00,0x00,0x00,0x00,0x00,0x00,0x00,0x00,0x00,0x00,0x00,0x00,0x00,0x00,0x00,0x00,
    0x00,0x00,0x00,0x00,0x00,0x00,0x00,0x00,0x00,0x00,0x00,0x00,0x00,0x00,0x00,0x00,0x00,0x00,0x00,0x00,0x00,0x00,0x00,0x00,0x00,0x00,0x00,0x00,0x00,0x00,0x00,0x00,0x00,0x00,0x00,0x00,0x00,0x00,0x00,0x00,0x00,0x04,0x17,0x51,0x30,0x51,0x00,0x00,0x40,0x3a,0x07,0x84,0x7d,0x7d,0xad,0x07,0x0a,0xce,0xd4,0xbb,0xbb,0xbb,0xd4,0xc1,0xbe,0x92,0xc4,0xa3,0x91,0x9c,0xa7,0x1e,0xd3,0x7a,0x7c,0x7c,0x85,0x7d,0x7a,0x7a,0x7c,0x76,0x84,0x9a,0x07,0x1e,0x8d,0x19,0x19,0x8a,0x1e,0x8d,0x7c,0x7d,0x7c,0x76,0x85,0x7c,0x7c,0x7d,0x50,0x4a,0x00,0x02,0x00,0x00,0x00,0x00,0x00,0x00,0x00,0x00,0x00,0x00,0x00,0x00,0x00,0x00,0x00,0x00,0x00,0x00,0x00,0x00,0x00,0x00,0x00,0x00,0x00,0x00,0x00,0x00,0x00,0x00,0x00,0x00,0x00,0x00,0x00,0x00,0x00,0x00,0x00,0x00,
    0x00,0x00,0x00,0x00,0x00,0x00,0x00,0x00,0x00,0x00,0x00,0x00,0x00,0x00,0x00,0x00,0x00,0x00,0x00,0x00,0x00,0x00,0x00,0x00,0x00,0x00,0x00,0x00,0x00,0x00,0x00,0x00,0x00,0x00,0x00,0x00,0x00,0x00,0x00,0x00,0x00,0x00,0x17,0x2e,0x22,0x18,0x05,0x1a,0x39,0x67,0x76,0x0a,0x7a,0x7a,0x7d,0x7d,0x92,0x31,0xb4,0xba,0xd4,0xbb,0xf5,0x35,0xd3,0x31,0xc0,0xa7,0xbd,0xa7,0xca,0xca,0xa4,0xac,0x76,0x76,0x76,0x76,0x7d,0x7d,0x7d,0x76,0x76,0x85,0x3b,0xca,0x89,0xb6,0x1e,0x8a,0xc4,0x07,0x85,0x76,0x76,0x7d,0x7d,0x7a,0x7a,0x8d,0xc4,0x5a,0x1a,0x05,0x04,0x00,0x00,0x00,0x00,0x00,0x00,0x00,0x00,0x00,0x00,0x00,0x00,0x00,0x00,0x00,0x00,0x00,0x00,0x00,0x00,0x00,0x00,0x00,0x00,0x00,0x00,0x00,0x00,0x00,0x00,0x00,0x00,0x00,0x00,0x00,0x00,0x00,0x00,0x00,
    0x00,0x00,0x00,0x00,0x00,0x00,0x00,0x00,0x00,0x00,0x00,0x00,0x00,0x00,0x00,0x00,0x00,0x00,0x00,0x00,0x00,0x00,0x00,0x00,0x00,0x00,0x00,0x00,0x00,0x00,0x00,0x00,0x00,0x00,0x00,0x00,0x00,0x00,0x00,0x00,0x00,0x24,0x04,0x2e,0x33,0x1c,0x00,0x18,0x22,0xb6,0x7c,0x7c,0x7a,0x7a,0x8d,0xac,0x3b,0x95,0xd9,0x07,0xcc,0xba,0xf5,0xb4,0xd9,0x27,0xc0,0x9d,0x87,0x98,0xab,0xc0,0x8a,0x84,0x84,0x84,0x76,0x76,0x84,0x84,0x84,0x76,0x7d,0x8d,0xa3,0x27,0xa2,0xae,0x19,0xa3,0x15,0xa3,0x8a,0x84,0x76,0x7c,0x7a,0x7c,0x7c,0x7d,0xc4,0x41,0x18,0x00,0x08,0x00,0x00,0x00,0x00,0x00,0x00,0x00,0x00,0x00,0x00,0x00,0x00,0x00,0x00,0x00,0x00,0x00,0x00,0x00,0x00,0x00,0x00,0x00,0x00,0x00,0x00,0x00,0x00,0x00,0x00,0x00,0x00,0x00,0x00,0x00,0x00,0x00,0x00,0x00,
    0x00,0x00,0x00,0x00,0x00,0x00,0x00,0x00,0x00,0x00,0x00,0x00,0x00,0x00,0x00,0x00,0x00,0x00,0x00,0x00,0x00,0x00,0x00,0x00,0x00,0x00,0x00,0x00,0x00,0x00,0x00,0x00,0x00,0x00,0x00,0x00,0x00,0x00,0x00,0x00,0x00,0x24,0x00,0x2b,0x33,0x1c,0x00,0x1b,0x33,0xa5,0xbe,0x9e,0x7c,0xac,0x92,0xcc,0xe5,0xe6,0xcc,0x07,0xd9,0xc4,0x35,0xb3,0x23,0xd1,0x78,0x8b,0x82,0x78,0xb1,0xbd,0xa4,0x07,0x9e,0x9a,0x76,0x85,0x7d,0x7d,0x7c,0x7c,0x7c,0x92,0x1d,0x15,0x96,0xc5,0xa2,0xa7,0x13,0xa7,0xa4,0x84,0x7d,0x7a,0x7a,0x7d,0x76,0x7c,0x13,0x43,0x1b,0x00,0x0d,0x00,0x00,0x00,0x00,0x00,0x00,0x00,0x00,0x00,0x00,0x00,0x00,0x00,0x00,0x00,0x00,0x00,0x00,0x00,0x00,0x00,0x00,0x00,0x00,0x00,0x00,0x00,0x00,0x00,0x00,0x00,0x00,0x00,0x00,0x00,0x00,0x00,0x00,0x00,
    0x00,0x00,0x00,0x00,0x00,0x00,0x00,0x00,0x00,0x00,0x00,0x00,0x00,0x00,0x00,0x00,0x00,0x00,0x00,0x00,0x00,0x00,0x00,0x00,0x00,0x00,0x00,0x00,0x00,0x00,0x00,0x00,0x00,0x00,0x00,0x00,0x00,0x00,0x00,0x00,0x00,0x05,0x17,0x39,0x22,0x1c,0x02,0x32,0x67,0xa5,0x9e,0x19,0x7c,0x8d,0x07,0xba,0xbb,0xbb,0xd4,0xf1,0xe6,0xc2,0x19,0xc4,0xb9,0x98,0x82,0x7e,0x7e,0x89,0x9f,0xbd,0xd3,0xc3,0xbf,0xa4,0xac,0x7a,0x7a,0x7a,0x7a,0x7a,0x7c,0x92,0xb3,0xa2,0x98,0x89,0xc5,0xca,0x1e,0x13,0x92,0xac,0x7a,0x7a,0x7c,0x85,0x85,0x7c,0x15,0x15,0x4b,0x17,0x00,0x00,0x00,0x00,0x00,0x00,0x00,0x00,0x00,0x00,0x00,0x00,0x00,0x00,0x00,0x00,0x00,0x00,0x00,0x00,0x00,0x00,0x00,0x00,0x00,0x00,0x00,0x00,0x00,0x00,0x00,0x00,0x00,0x00,0x00,0x00,0x00,0x00,0x00,0x00,
    0x00,0x00,0x00,0x00,0x00,0x00,0x00,0x00,0x00,0x00,0x00,0x00,0x00,0x00,0x00,0x00,0x00,0x00,0x00,0x00,0x00,0x00,0x00,0x00,0x00,0x00,0x00,0x00,0x00,0x00,0x00,0x00,0x00,0x00,0x00,0x00,0x00,0x00,0x00,0x00,0x00,0x00,0x17,0x39,0x33,0x37,0x2c,0x38,0xab,0x8a,0x19,0xe1,0x7a,0x8a,0x1d,0xe5,0xd4,0xbb,0xbb,0xbb,0xbb,0xe5,0xc3,0xd7,0xaa,0x7e,0x87,0x82,0x87,0x8b,0x9f,0xb9,0x8d,0x27,0xb3,0x92,0x7a,0x7a,0x7a,0x7a,0x7a,0x7a,0x7c,0xa4,0x1d,0xb1,0x91,0x87,0x91,0xc0,0xb4,0x13,0xa4,0xac,0x7a,0x7c,0x85,0x0a,0x07,0x95,0x15,0x3b,0x34,0x2c,0x00,0x02,0x00,0x00,0x00,0x00,0x00,0x00,0x00,0x00,0x00,0x00,0x00,0x00,0x00,0x00,0x00,0x00,0x00,0x00,0x00,0x00,0x00,0x00,0x00,0x00,0x00,0x00,0x00,0x00,0x00,0x00,0x00,0x00,0x00,0x00,0x00,0x00,0x00,0x00,
    0x00,0x00,0x00,0x00,0x00,0x00,0x00,0x00,0x00,0x00,0x00,0x00,0x00,0x00,0x00,0x00,0x00,0x00,0x00,0x00,0x00,0x00,0x00,0x00,0x00,0x00,0x00,0x00,0x00,0x00,0x00,0x00,0x00,0x00,0x00,0x00,0x00,0x00,0x00,0x00,0x00,0x02,0x04,0x1c,0x58,0x41,0x2a,0x44,0xac,0x7c,0xbf,0xad,0xa5,0x8d,0xa4,0xb3,0x27,0xc9,0xf1,0xbb,0xd4,0xcb,0xbf,0xb3,0x89,0x7e,0x82,0x87,0x7f,0xa5,0xb1,0x23,0xb3,0xca,0xb3,0x92,0x7a,0x7c,0x7a,0x7a,0x7a,0x7a,0xac,0x92,0x23,0x9f,0x89,0x87,0x8b,0xa9,0x27,0x23,0x8a,0x84,0x7d,0x76,0x85,0x9e,0x15,0x8a,0xbf,0x9e,0x26,0x14,0x00,0x02,0x00,0x00,0x00,0x00,0x00,0x00,0x00,0x00,0x00,0x00,0x00,0x00,0x00,0x00,0x00,0x00,0x00,0x00,0x00,0x00,0x00,0x00,0x00,0x00,0x00,0x00,0x00,0x00,0x00,0x00,0x00,0x00,0x00,0x00,0x00,0x00,0x00,0x00,
    0x00,0x00,0x00,0x00,0x00,0x00,0x00,0x00,0x00,0x00,0x00,0x00,0x00,0x00,0x00,0x00,0x00,0x00,0x00,0x00,0x00,0x00,0x00,0x00,0x00,0x00,0x00,0x00,0x00,0x00,0x00,0x00,0x00,0x00,0x00,0x00,0x00,0x00,0x00,0x00,0x00,0x04,0x00,0x0e,0x30,0x36,0x5a,0x43,0xd3,0xbe,0x19,0x7c,0x8a,0xbe,0x15,0x07,0xd9,0x85,0x23,0xe6,0xe5,0xc2,0x19,0x87,0x82,0x82,0x82,0x7f,0x7f,0xa5,0x67,0x15,0xb9,0xa2,0x19,0x8a,0xac,0x7a,0x7a,0x7a,0x7a,0x7a,0x7c,0x92,0x15,0x9c,0x8b,0x82,0x87,0x98,0xc0,0xcc,0x76,0xad,0x85,0x0a,0x0a,0x9e,0x23,0x8a,0x19,0xbf,0x38,0x14,0x00,0x02,0x00,0x00,0x00,0x00,0x00,0x00,0x00,0x00,0x00,0x00,0x00,0x00,0x00,0x00,0x00,0x00,0x00,0x00,0x00,0x00,0x00,0x00,0x00,0x00,0x00,0x00,0x00,0x00,0x00,0x00,0x00,0x00,0x00,0x00,0x00,0x00,0x00,0x00,
    0x00,0x00,0x00,0x00,0x00,0x00,0x00,0x00,0x00,0x00,0x00,0x00,0x00,0x00,0x00,0x00,0x00,0x00,0x00,0x00,0x00,0x00,0x00,0x00,0x00,0x00,0x00,0x00,0x00,0x00,0x00,0x00,0x00,0x00,0x00,0x00,0x00,0x00,0x00,0x00,0x00,0x00,0x0d,0x0d,0x34,0x59,0x5a,0x41,0x7d,0x9e,0x1d,0x7d,0x95,0xc4,0xf5,0xf1,0xce,0xca,0x07,0xc3,0xbf,0x27,0xab,0x8b,0x7e,0x7e,0x78,0xb1,0xab,0xa4,0x9d,0xd1,0xa2,0x9d,0x13,0x92,0xac,0x7c,0x7c,0x7c,0x7a,0x7a,0x84,0xad,0x1e,0xb6,0xa5,0x96,0x96,0x89,0xa7,0xc3,0x9e,0x0a,0x84,0x0a,0x9a,0xbe,0x23,0xad,0xe1,0x1d,0x38,0x14,0x00,0x02,0x00,0x00,0x00,0x00,0x00,0x00,0x00,0x00,0x00,0x00,0x00,0x00,0x00,0x00,0x00,0x00,0x00,0x00,0x00,0x00,0x00,0x00,0x00,0x00,0x00,0x00,0x00,0x00,0x00,0x00,0x00,0x00,0x00,0x00,0x00,0x00,0x00,0x00,
    0x00,0x00,0x00,0x00,0x00,0x00,0x00,0x00,0x00,0x00,0x00,0x00,0x00,0x00,0x00,0x00,0x00,0x00,0x00,0x00,0x00,0x00,0x00,0x00,0x00,0x00,0x00,0x00,0x00,0x00,0x00,0x00,0x00,0x00,0x00,0x00,0x00,0x00,0x00,0x00,0x00,0x00,0x04,0x04,0x04,0x34,0x5b,0x36,0x9e,0xe1,0x3b,0x7d,0x95,0xe6,0xbb,0xbb,0xbb,0xd4,0xf1,0xa0,0x27,0x15,0xaa,0xa9,0x7e,0x82,0x78,0x87,0xa2,0x9d,0x78,0xb4,0xb1,0xae,0x15,0xd9,0x8a,0x8a,0x8a,0x8d,0x8d,0x8a,0x07,0xbf,0xb9,0x89,0x9d,0x9f,0xa9,0xa5,0x9f,0x46,0x9e,0x84,0x07,0xa3,0x92,0x31,0xc3,0x8d,0xe1,0x13,0x2e,0x0e,0x00,0x02,0x00,0x00,0x00,0x00,0x00,0x00,0x00,0x00,0x00,0x00,0x00,0x00,0x00,0x00,0x00,0x00,0x00,0x00,0x00,0x00,0x00,0x00,0x00,0x00,0x00,0x00,0x00,0x00,0x00,0x00,0x00,0x00,0x00,0x00,0x00,0x00,0x00,0x00,
    0x00,0x00,0x00,0x00,0x00,0x00,0x00,0x00,0x00,0x00,0x00,0x00,0x00,0x00,0x00,0x00,0x00,0x00,0x00,0x00,0x00,0x00,0x00,0x00,0x00,0x00,0x00,0x00,0x00,0x00,0x00,0x00,0x00,0x00,0x00,0x00,0x00,0x00,0x00,0x00,0x00,0x00,0x00,0x08,0x00,0x51,0x42,0x19,0xbe,0x9e,0xbe,0x7a,0x95,0xe6,0xd4,0xd4,0xbb,0xbb,0xbb,0xf5,0xf0,0xa4,0x7f,0x7e,0x82,0x82,0x7e,0x8b,0x82,0xa7,0xae,0xcc,0x9f,0x87,0xca,0xa7,0xa7,0xb3,0xb3,0x9e,0x9e,0x07,0xc4,0xfe,0xb1,0x9f,0xb1,0x82,0x78,0x89,0xae,0xc3,0x9a,0x9e,0x3b,0x1d,0x92,0x15,0xc4,0xd9,0x1d,0x35,0x32,0x00,0x05,0x00,0x00,0x00,0x00,0x00,0x00,0x00,0x00,0x00,0x00,0x00,0x00,0x00,0x00,0x00,0x00,0x00,0x00,0x00,0x00,0x00,0x00,0x00,0x00,0x00,0x00,0x00,0x00,0x00,0x00,0x00,0x00,0x00,0x00,0x00,0x00,0x00,0x00,0x00,
    0x00,0x00,0x00,0x00,0x00,0x00,0x00,0x00,0x00,0x00,0x00,0x00,0x00,0x00,0x00,0x00,0x00,0x00,0x00,0x00,0x00,0x00,0x00,0x00,0x00,0x00,0x00,0x00,0x00,0x00,0x00,0x00,0x00,0x00,0x00,0x00,0x00,0x00,0x00,0x00,0x00,0x00,0x00,0x08,0x00,0x18,0x1f,0x3b,0x8a,0x0a,0x7c,0x7d,0x7c,0xbe,0x13,0x4d,0xce,0xf1,0xd4,0xf5,0xb4,0x98,0x87,0x82,0x82,0x82,0x82,0x7e,0x7e,0x87,0xb9,0xbd,0xae,0x8b,0xae,0x9d,0x9d,0x9d,0x9f,0x9f,0xb1,0xa7,0x9f,0xcc,0xb9,0xae,0x8b,0x82,0x7f,0x8b,0x9f,0xc3,0xb3,0x15,0x23,0x1d,0x9a,0xad,0x76,0x95,0x23,0x1e,0x1f,0x17,0x04,0x5c,0x00,0x00,0x00,0x00,0x00,0x00,0x00,0x00,0x00,0x00,0x00,0x00,0x00,0x00,0x00,0x00,0x00,0x00,0x00,0x00,0x00,0x00,0x00,0x00,0x00,0x00,0x00,0x00,0x00,0x00,0x00,0x00,0x00,0x00,0x00,0x00,0x00,0x00,
    0x00,0x00,0x00,0x00,0x00,0x00,0x00,0x00,0x00,0x00,0x00,0x00,0x00,0x00,0x00,0x00,0x00,0x00,0x00,0x00,0x00,0x00,0x00,0x00,0x00,0x00,0x00,0x00,0x00,0x00,0x00,0x00,0x00,0x00,0x00,0x00,0x00,0x00,0x00,0x00,0x00,0x00,0x00,0x04,0x00,0x28,0x30,0x1e,0x07,0x9a,0x84,0x76,0x76,0x85,0x95,0x95,0x95,0xcc,0xc6,0xf0,0xbd,0x98,0x87,0x82,0x82,0x82,0x82,0x82,0x87,0x7f,0x78,0xab,0xa2,0x7f,0x89,0x8b,0x8b,0x89,0x89,0x89,0x89,0x8b,0xb3,0xb3,0x7f,0x7e,0x7f,0x82,0x87,0x8b,0xb1,0xc0,0xb3,0x07,0xb4,0xb3,0x8a,0x7d,0x7d,0x7c,0xe1,0xe1,0x44,0x2a,0x00,0x08,0x00,0x00,0x00,0x00,0x00,0x00,0x00,0x00,0x00,0x00,0x00,0x00,0x00,0x00,0x00,0x00,0x00,0x00,0x00,0x00,0x00,0x00,0x00,0x00,0x00,0x00,0x00,0x00,0x00,0x00,0x00,0x00,0x00,0x00,0x00,0x00,0x00,0x00,
    0x00,0x00,0x00,0x00,0x00,0x00,0x00,0x00,0x00,0x00,0x00,0x00,0x00,0x00,0x00,0x00,0x00,0x00,0x00,0x00,0x00,0x00,0x00,0x00,0x00,0x00,0x00,0x00,0x00,0x00,0x00,0x00,0x00,0x00,0x00,0x00,0x00,0x00,0x00,0x00,0x00,0x00,0x00,0x08,0x05,0x2a,0x22,0x1d,0x13,0x8a,0x7c,0x7c,0x7c,0x7c,0xac,0x8a,0x3b,0x47,0x83,0xc0,0x9d,0x8b,0x87,0x87,0x87,0x7e,0x7e,0x7e,0x7e,0x7f,0x87,0xaa,0x9b,0x87,0x82,0x7e,0x7e,0x7e,0x7e,0x87,0x7e,0xa9,0x9c,0xa9,0xa9,0x7f,0x7e,0x82,0x82,0x82,0x78,0x89,0xa3,0x1d,0xc2,0xbe,0x8d,0x7d,0x7d,0x8a,0x3b,0xc3,0xbf,0x3e,0x28,0x00,0x02,0x00,0x00,0x00,0x00,0x00,0x00,0x00,0x00,0x00,0x00,0x00,0x00,0x00,0x00,0x00,0x00,0x00,0x00,0x00,0x00,0x00,0x00,0x00,0x00,0x00,0x00,0x00,0x00,0x00,0x00,0x00,0x00,0x00,0x00,0x00,0x00,0x00,
    0x00,0x00,0x00,0x00,0x00,0x00,0x00,0x00,0x00,0x00,0x00,0x00,0x00,0x00,0x00,0x00,0x00,0x00,0x00,0x00,0x00,0x00,0x00,0x00,0x00,0x00,0x00,0x00,0x00,0x00,0x00,0x00,0x00,0x00,0x00,0x00,0x00,0x00,0x00,0x00,0x00,0x00,0x00,0x08,0x00,0x32,0x3b,0x84,0x07,0x7a,0x7a,0x7a,0x7a,0x7d,0x7a,0x85,0xdc,0xb0,0xc6,0xb9,0x89,0x89,0x8b,0x91,0x91,0x89,0x8b,0x87,0x87,0x78,0x78,0x78,0x7e,0x7f,0x87,0x82,0x82,0x82,0x82,0x82,0x82,0x7e,0x7f,0x7f,0x82,0x82,0x87,0x87,0x87,0x82,0x7e,0xa9,0xb3,0xca,0xc6,0xbe,0x85,0x84,0x84,0x9a,0xa3,0x36,0x5e,0x68,0x41,0x2c,0x04,0x02,0x00,0x00,0x00,0x00,0x00,0x00,0x00,0x00,0x00,0x00,0x00,0x00,0x00,0x00,0x00,0x00,0x00,0x00,0x00,0x00,0x00,0x00,0x00,0x00,0x00,0x00,0x00,0x00,0x00,0x00,0x00,0x00,0x00,0x00,0x00,0x00,
    0x00,0x00,0x00,0x00,0x00,0x00,0x00,0x00,0x00,0x00,0x00,0x00,0x00,0x00,0x00,0x00,0x00,0x00,0x00,0x00,0x00,0x00,0x00,0x00,0x00,0x00,0x00,0x00,0x00,0x00,0x00,0x00,0x00,0x00,0x00,0x00,0x00,0x00,0x04,0x05,0x08,0x08,0x08,0x00,0x2a,0x1f,0xa3,0x85,0x85,0x7c,0x7a,0x7a,0x7c,0xac,0x95,0xd8,0x47,0xca,0x94,0x9d,0x87,0xbd,0x35,0xcc,0xa7,0x9d,0x9c,0xb6,0x9c,0xae,0xae,0xaa,0x87,0x7f,0x87,0x7e,0x82,0x82,0x82,0x82,0x82,0x87,0x87,0xa9,0x96,0x7f,0x78,0x91,0x91,0x7f,0xae,0x98,0x31,0xf0,0xe9,0xb3,0x8a,0x76,0x7d,0x7d,0x7c,0x42,0x2b,0x36,0x68,0x40,0x02,0x08,0x05,0x00,0x00,0x00,0x00,0x00,0x00,0x00,0x00,0x00,0x00,0x00,0x00,0x00,0x00,0x00,0x00,0x00,0x00,0x00,0x00,0x00,0x00,0x00,0x00,0x00,0x00,0x00,0x00,0x00,0x00,0x00,0x00,0x00,0x00,0x00,
    0x00,0x00,0x00,0x00,0x00,0x00,0x00,0x00,0x00,0x00,0x00,0x00,0x00,0x00,0x00,0x00,0x00,0x00,0x00,0x00,0x00,0x00,0x00,0x00,0x00,0x00,0x00,0x00,0x00,0x00,0x00,0x00,0x00,0x00,0x00,0x00,0x04,0x05,0x00,0x00,0x00,0x00,0x00,0x2c,0x41,0x1d,0x9a,0x84,0x76,0x7d,0x7a,0x7a,0xac,0xd9,0xbd,0xa6,0xd8,0xe1,0xc3,0x9f,0x89,0x35,0x80,0x80,0x88,0x8e,0x90,0xbc,0xc1,0x53,0x35,0xb4,0x9d,0x8b,0x82,0x82,0x82,0x82,0x82,0x82,0x82,0x78,0xab,0xbd,0xc0,0xd7,0xb4,0x35,0x53,0x90,0xc1,0x9f,0xc0,0xc1,0xc6,0xca,0xa4,0xac,0x7a,0x7c,0x92,0x3a,0x5a,0x38,0x1d,0x50,0x61,0x00,0x02,0x00,0x00,0x00,0x00,0x00,0x00,0x00,0x00,0x00,0x00,0x00,0x00,0x00,0x00,0x00,0x00,0x00,0x00,0x00,0x00,0x00,0x00,0x00,0x00,0x00,0x00,0x00,0x00,0x00,0x00,0x00,0x00,0x00,0x00,0x00,
    0x00,0x00,0x00,0x00,0x00,0x00,0x00,0x00,0x00,0x00,0x00,0x00,0x00,0x00,0x00,0x00,0x00,0x00,0x00,0x00,0x00,0x00,0x00,0x00,0x00,0x00,0x00,0x00,0x00,0x00,0x00,0x00,0x00,0x00,0x00,0x5c,0x00,0x00,0x14,0x1b,0x1c,0x1c,0x4a,0x58,0x50,0xad,0x85,0x84,0x76,0x76,0x7d,0x84,0x95,0xb9,0xc8,0x97,0xf0,0xdf,0x13,0xa7,0x98,0xc5,0x35,0x9d,0xd1,0x80,0x99,0x35,0x35,0xbc,0x80,0x75,0xb4,0x98,0x87,0x82,0x82,0x7e,0x7f,0x87,0x91,0xb9,0xbc,0x90,0x90,0x81,0x80,0x80,0xbc,0xc1,0x80,0xc2,0xa2,0xe1,0xc3,0xcc,0x8a,0x7d,0x76,0x7d,0x7c,0x42,0x40,0x1c,0x26,0x1e,0x30,0x2a,0x00,0x08,0x00,0x00,0x00,0x00,0x00,0x00,0x00,0x00,0x00,0x00,0x00,0x00,0x00,0x00,0x00,0x00,0x00,0x00,0x00,0x00,0x00,0x00,0x00,0x00,0x00,0x00,0x00,0x00,0x00,0x00,0x00,0x00,0x00,0x00,
    0x00,0x00,0x00,0x00,0x00,0x00,0x00,0x00,0x00,0x00,0x00,0x00,0x00,0x00,0x00,0x00,0x00,0x00,0x00,0x00,0x00,0x00,0x00,0x00,0x00,0x00,0x00,0x00,0x00,0x00,0x00,0x00,0x00,0x00,0x04,0x04,0x1a,0x1b,0x26,0x3f,0x3f,0x3f,0x5b,0xb3,0x7d,0x7d,0x85,0x85,0x76,0x76,0x84,0x95,0x1d,0xb5,0xc6,0xb5,0xd2,0x46,0xb3,0xb9,0x8b,0x78,0x9c,0x98,0xb1,0xe5,0xbb,0xff,0xf2,0xf1,0x99,0x9f,0x9d,0x7f,0x87,0x82,0x7e,0x7f,0xa9,0x7f,0x8b,0x9f,0x90,0xcb,0xf2,0xb7,0xe4,0xaf,0xae,0xa9,0xd2,0x96,0x15,0xc2,0xf3,0xe2,0x76,0x7d,0x84,0x84,0x7d,0x07,0x26,0x0e,0x61,0x13,0x13,0x41,0x28,0x04,0x04,0x00,0x00,0x00,0x00,0x00,0x00,0x00,0x00,0x00,0x00,0x00,0x00,0x00,0x00,0x00,0x00,0x00,0x00,0x00,0x00,0x00,0x00,0x00,0x00,0x00,0x00,0x00,0x00,0x00,0x00,0x00,0x00,0x00,
    0x00,0x00,0x00,0x00,0x00,0x00,0x00,0x00,0x00,0x00,0x00,0x00,0x00,0x00,0x00,0x00,0x00,0x00,0x00,0x00,0x00,0x00,0x00,0x00,0x00,0x00,0x00,0x00,0x00,0x00,0x00,0x00,0x00,0x04,0x00,0x17,0x49,0x30,0xbe,0x8a,0x8d,0x92,0x7c,0x8a,0x7c,0x7a,0x7a,0x7d,0x76,0x0a,0x95,0x07,0xe7,0x47,0x1e,0xc3,0xb2,0x46,0xab,0xb9,0xa9,0x78,0x87,0xaa,0x9d,0xcb,0xfd,0xf2,0xf2,0xeb,0xe2,0x91,0x8b,0xa9,0x7f,0x82,0x82,0x7f,0x7f,0xa9,0xa9,0x78,0xb7,0xc7,0xfd,0xfd,0xfc,0xe2,0x82,0x96,0xa9,0x9c,0xd7,0xde,0xb5,0xb0,0x1d,0x9a,0x84,0x76,0x84,0x7a,0x52,0x37,0x2a,0x5b,0x9e,0x1f,0x18,0x00,0x08,0x00,0x00,0x00,0x00,0x00,0x00,0x00,0x00,0x00,0x00,0x00,0x00,0x00,0x00,0x00,0x00,0x00,0x00,0x00,0x00,0x00,0x00,0x00,0x00,0x00,0x00,0x00,0x00,0x00,0x00,0x00,0x00,0x00,
    0x00,0x00,0x00,0x00,0x00,0x00,0x00,0x00,0x00,0x00,0x00,0x00,0x00,0x00,0x00,0x00,0x00,0x00,0x00,0x00,0x00,0x00,0x00,0x00,0x00,0x00,0x00,0x00,0x00,0x00,0x00,0x00,0x05,0x05,0x28,0x48,0x27,0xa3,0x8a,0x7c,0x7a,0xac,0x76,0x7d,0x7a,0x7a,0x7a,0x7a,0x7d,0x8d,0x07,0xe7,0xa1,0xe7,0xa5,0x19,0x62,0x46,0xd0,0xb9,0xae,0x82,0xa9,0xb6,0x31,0xa7,0xa2,0xa7,0xbd,0xbd,0x78,0x82,0x87,0x87,0x87,0x82,0x82,0x87,0x7f,0x87,0x87,0x89,0xc5,0x4d,0xc5,0xa7,0x4d,0xa2,0xaa,0xb6,0xa5,0xb1,0xbf,0xf8,0x4c,0xdc,0xd1,0xd3,0xac,0x7a,0x7a,0xa5,0xae,0x3e,0x1b,0x3f,0x95,0x59,0x1c,0x00,0x04,0x00,0x00,0x00,0x00,0x00,0x00,0x00,0x00,0x00,0x00,0x00,0x00,0x00,0x00,0x00,0x00,0x00,0x00,0x00,0x00,0x00,0x00,0x00,0x00,0x00,0x00,0x00,0x00,0x00,0x00,0x00,0x00,0x00,
    0x00,0x00,0x00,0x00,0x00,0x00,0x00,0x00,0x00,0x00,0x00,0x00,0x00,0x00,0x00,0x00,0x00,0x00,0x00,0x00,0x00,0x00,0x00,0x00,0x00,0x00,0x00,0x00,0x00,0x00,0x00,0x00,0x05,0x02,0x28,0x3e,0x07,0x85,0x84,0x85,0x7d,0x84,0x84,0x76,0x7a,0x7a,0x7a,0x7c,0x8a,0x84,0xe7,0xa1,0x93,0xc6,0x9b,0x78,0x15,0xde,0x4c,0xea,0xb9,0xa5,0x9b,0x9b,0x9b,0xb6,0xb6,0xb6,0xaa,0x87,0x7f,0x7f,0x87,0x82,0x7e,0x82,0x82,0x78,0x82,0x82,0x82,0x7e,0x89,0xb6,0xab,0xa3,0x31,0x9b,0x9b,0x7a,0xab,0xa2,0xee,0x62,0x62,0xd0,0xdc,0x9f,0x8a,0xac,0x7c,0x7a,0xbe,0x43,0x39,0x43,0xbe,0x07,0x32,0x04,0x00,0x00,0x00,0x00,0x00,0x00,0x00,0x00,0x00,0x00,0x00,0x00,0x00,0x00,0x00,0x00,0x00,0x00,0x00,0x00,0x00,0x00,0x00,0x00,0x00,0x00,0x00,0x00,0x00,0x00,0x00,0x00,0x00,0x00,
    0x00,0x00,0x00,0x00,0x00,0x00,0x00,0x00,0x00,0x00,0x00,0x00,0x00,0x00,0x00,0x00,0x00,0x00,0x00,0x00,0x00,0x00,0x00,0x00,0x00,0x00,0x00,0x00,0x00,0x00,0x00,0x00,0x00,0x08,0x00,0x1f,0x76,0x76,0x7d,0x76,0x85,0x84,0x15,0xbe,0x7a,0x7a,0x7c,0x7c,0x9a,0xe2,0xa8,0x97,0xa1,0xe0,0xe2,0xa4,0x91,0xb4,0x9d,0x9f,0xb4,0xaa,0x9b,0x9b,0x9b,0x9b,0x9b,0xbe,0x7a,0xa9,0xa9,0x7f,0x7e,0x87,0x87,0x82,0x82,0x87,0x7f,0x7e,0x82,0x7e,0xa9,0x8a,0x7c,0x9b,0x9b,0x9b,0x9b,0xa5,0x15,0xf4,0x4c,0x4c,0xd0,0xd0,0xe9,0xe7,0xf9,0x84,0x76,0x84,0x8d,0x07,0x36,0xad,0xad,0x43,0x1b,0x04,0x02,0x00,0x00,0x00,0x00,0x00,0x00,0x00,0x00,0x00,0x00,0x00,0x00,0x00,0x00,0x00,0x00,0x00,0x00,0x00,0x00,0x00,0x00,0x00,0x00,0x00,0x00,0x00,0x00,0x00,0x00,0x00,0x00,0x00,
    0x00,0x00,0x00,0x00,0x00,0x00,0x00,0x00,0x00,0x00,0x00,0x00,0x00,0x00,0x00,0x00,0x00,0x00,0x00,0x00,0x00,0x00,0x00,0x00,0x00,0x00,0x00,0x00,0x00,0x00,0x00,0x00,0x0d,0x05,0x0e,0x59,0x07,0x07,0x7d,0x92,0x07,0xc3,0xa7,0x8a,0xac,0x7a,0xac,0x95,0xd1,0xe8,0xa8,0x83,0xdb,0xe0,0xe0,0xf0,0xa2,0xd2,0x96,0x98,0xc5,0xd1,0x91,0x96,0x7c,0x7a,0x7a,0xaa,0xa9,0x7f,0x7f,0x7e,0x82,0x7e,0x82,0x7e,0x7e,0xaa,0x7f,0x82,0x82,0x87,0x7f,0xa9,0xaa,0xb6,0xac,0x9b,0x9b,0xab,0x27,0x46,0xf4,0xa9,0x91,0x4d,0xcf,0xb0,0xa3,0x8a,0x7d,0x7c,0x7a,0x8a,0x3b,0x76,0xa3,0x1f,0x18,0x00,0x08,0x00,0x00,0x00,0x00,0x00,0x00,0x00,0x00,0x00,0x00,0x00,0x00,0x00,0x00,0x00,0x00,0x00,0x00,0x00,0x00,0x00,0x00,0x00,0x00,0x00,0x00,0x00,0x00,0x00,0x00,0x00,0x00,0x00,
    0x00,0x00,0x00,0x00,0x00,0x00,0x00,0x00,0x00,0x00,0x00,0x00,0x00,0x00,0x00,0x00,0x00,0x00,0x00,0x00,0x00,0x00,0x00,0x00,0x00,0x00,0x00,0x00,0x00,0x00,0x00,0x00,0x0d,0x00,0x18,0x84,0x9e,0x9e,0x44,0x3f,0x1e,0xb9,0x92,0x0a,0x8d,0x7c,0x8d,0x07,0xf3,0xa8,0xa8,0x8c,0x83,0xd6,0xcf,0xd5,0xc8,0xec,0xe2,0xd8,0xb5,0xe0,0xc0,0xd3,0xa5,0x96,0xa9,0x87,0x87,0x7e,0x82,0x82,0x82,0x82,0x82,0x89,0x89,0x8b,0x82,0x82,0x7e,0x87,0x7e,0x87,0x87,0x87,0x7f,0xa9,0x91,0xb9,0xae,0xbd,0xae,0x91,0xc0,0xe9,0xcf,0xc8,0xbd,0x92,0xac,0x7a,0x7a,0x8d,0x3b,0xe1,0x44,0x61,0x24,0x02,0x00,0x00,0x00,0x00,0x00,0x00,0x00,0x00,0x00,0x00,0x00,0x00,0x00,0x00,0x00,0x00,0x00,0x00,0x00,0x00,0x00,0x00,0x00,0x00,0x00,0x00,0x00,0x00,0x00,0x00,0x00,0x00,0x00,0x00,
    0x00,0x00,0x00,0x00,0x00,0x00,0x00,0x00,0x00,0x00,0x00,0x00,0x00,0x00,0x00,0x00,0x00,0x00,0x00,0x00,0x00,0x00,0x00,0x00,0x00,0x00,0x00,0x00,0x00,0x00,0x00,0x00,0x0d,0x00,0x14,0xad,0x5b,0x32,0x39,0x22,0x67,0xa4,0xac,0x8a,0xad,0x7c,0x92,0xbd,0xe8,0xa8,0xa8,0xa1,0xa8,0xd6,0xcf,0xc8,0xb5,0xf6,0xcd,0xd5,0xcf,0xd6,0xd6,0xe2,0x9d,0x91,0x89,0x7e,0x7e,0x82,0x82,0x7e,0x87,0x87,0x87,0x9f,0x31,0x9c,0x78,0x7e,0x82,0x82,0x82,0x82,0x87,0x87,0x8b,0x98,0xc5,0xd1,0xaa,0xc2,0xc0,0xf0,0xe9,0xd5,0xcf,0xe8,0xd8,0x95,0xac,0x7d,0x76,0x85,0x19,0x36,0x39,0x17,0x00,0x05,0x00,0x00,0x00,0x00,0x00,0x00,0x00,0x00,0x00,0x00,0x00,0x00,0x00,0x00,0x00,0x00,0x00,0x00,0x00,0x00,0x00,0x00,0x00,0x00,0x00,0x00,0x00,0x00,0x00,0x00,0x00,0x00,0x00,0x00,
    0x00,0x00,0x00,0x00,0x00,0x00,0x00,0x00,0x00,0x00,0x00,0x00,0x00,0x00,0x00,0x00,0x00,0x00,0x00,0x00,0x00,0x00,0x00,0x00,0x00,0x00,0x00,0x00,0x00,0x00,0x00,0x00,0x0d,0x00,0x14,0x07,0x5b,0x18,0x1b,0x67,0x7d,0xad,0x7d,0x07,0xdc,0xc5,0xd9,0xd8,0xd5,0xa8,0x83,0xa1,0xa8,0xc8,0xa8,0xd2,0xf7,0xfa,0xf7,0xc2,0xcf,0xd6,0xcf,0xd6,0xb5,0xd8,0x9f,0x8b,0x91,0x78,0x87,0x7f,0x87,0x87,0x87,0xab,0x9b,0x9c,0x78,0x7e,0x7e,0x87,0x87,0x7e,0x89,0x91,0x96,0x4d,0xe9,0xd5,0xb5,0xdf,0xe0,0xd6,0xe9,0xd5,0xcf,0xa8,0xef,0xf9,0x0a,0x76,0x76,0x0a,0x0a,0x23,0x32,0x1a,0x00,0x00,0x00,0x00,0x00,0x00,0x00,0x00,0x00,0x00,0x00,0x00,0x00,0x00,0x00,0x00,0x00,0x00,0x00,0x00,0x00,0x00,0x00,0x00,0x00,0x00,0x00,0x00,0x00,0x00,0x00,0x00,0x00,0x00,0x00,0x00,
    0x00,0x00,0x00,0x00,0x00,0x00,0x00,0x00,0x00,0x00,0x00,0x00,0x00,0x00,0x00,0x00,0x00,0x00,0x00,0x00,0x00,0x00,0x00,0x00,0x00,0x00,0x00,0x00,0x00,0x00,0x00,0x00,0x0d,0x00,0x14,0x95,0x34,0x18,0x57,0x31,0x84,0xad,0xf9,0x4d,0xa8,0x47,0xa3,0xd8,0xa1,0x97,0x97,0x97,0x97,0xa6,0xed,0xa6,0xf6,0xfa,0xf6,0xc8,0xd5,0xd6,0xe8,0xcf,0xa8,0xa8,0xc8,0xe2,0xf2,0x7f,0x98,0x98,0x91,0x8b,0x82,0x8b,0x78,0x8b,0x87,0x82,0x8b,0x91,0x91,0xa5,0x9d,0xcc,0xcd,0xe0,0xcf,0x47,0xdc,0xf7,0xdc,0xc6,0xb0,0x8c,0xa6,0x83,0xef,0xf9,0x0a,0x76,0x76,0x0a,0x0a,0x07,0x57,0x18,0x04,0x08,0x00,0x00,0x00,0x00,0x00,0x00,0x00,0x00,0x00,0x00,0x00,0x00,0x00,0x00,0x00,0x00,0x00,0x00,0x00,0x00,0x00,0x00,0x00,0x00,0x00,0x00,0x00,0x00,0x00,0x00,0x00,0x00,0x00,0x00,
    0x00,0x00,0x00,0x00,0x00,0x00,0x00,0x00,0x00,0x00,0x00,0x00,0x00,0x00,0x00,0x00,0x00,0x00,0x00,0x00,0x00,0x00,0x00,0x00,0x00,0x00,0x00,0x00,0x00,0x00,0x00,0x00,0x04,0x04,0x0e,0x57,0x3f,0x37,0x26,0xbe,0x7c,0x8a,0xa3,0x47,0x93,0x83,0xef,0xd8,0x97,0x97,0x8c,0x8c,0x8c,0xd5,0x97,0xb0,0xfb,0xfe,0xfb,0xb0,0xd5,0xe0,0xcd,0x99,0xe3,0xcd,0xe3,0x99,0x99,0xc1,0xc2,0xd1,0xb1,0x96,0x87,0x7e,0x82,0x82,0x89,0x7e,0x9c,0xa7,0xd1,0xdc,0xe9,0xe0,0xd6,0xd6,0xcf,0xc2,0xf7,0xfa,0xf7,0x53,0xa1,0xdb,0x8c,0xdb,0xd1,0x92,0x84,0x76,0x76,0x7d,0x7a,0x95,0x57,0x18,0x00,0x08,0x00,0x00,0x00,0x00,0x00,0x00,0x00,0x00,0x00,0x00,0x00,0x00,0x00,0x00,0x00,0x00,0x00,0x00,0x00,0x00,0x00,0x00,0x00,0x00,0x00,0x00,0x00,0x00,0x00,0x00,0x00,0x00,0x00,0x00,
    0x00,0x00,0x00,0x00,0x00,0x00,0x00,0x00,0x00,0x00,0x00,0x00,0x00,0x00,0x00,0x00,0x00,0x00,0x00,0x00,0x00,0x00,0x00,0x00,0x00,0x00,0x00,0x00,0x00,0x00,0x00,0x00,0x00,0x00,0x00,0x00,0x04,0x14,0x26,0x07,0x0a,0x95,0xa2,0xa6,0x8c,0x83,0x8c,0xb5,0xdb,0x83,0x83,0x83,0x83,0xa8,0x93,0xb0,0xc6,0xa1,0xf3,0xdb,0xc8,0x8f,0x77,0x75,0x88,0x88,0x88,0x75,0x88,0x86,0x80,0xec,0xee,0xdd,0x9b,0xb6,0x9b,0xdd,0x35,0xa0,0x90,0x86,0x80,0x8f,0x99,0xe3,0xe0,0xd6,0xa1,0xc8,0xf6,0xfa,0xf6,0xe8,0xed,0xb0,0xdb,0xf3,0x9e,0x8d,0x76,0x7d,0x7d,0x8d,0xad,0xac,0x42,0x34,0x14,0x00,0x04,0x00,0x00,0x00,0x00,0x00,0x00,0x00,0x00,0x00,0x00,0x00,0x00,0x00,0x00,0x00,0x00,0x00,0x00,0x00,0x00,0x00,0x00,0x00,0x00,0x00,0x00,0x00,0x00,0x00,0x00,0x00,0x00,0x00,
    0x00,0x00,0x00,0x00,0x00,0x00,0x00,0x00,0x00,0x00,0x00,0x00,0x00,0x00,0x00,0x00,0x00,0x00,0x00,0x00,0x00,0x00,0x00,0x00,0x00,0x00,0x00,0x00,0x00,0x00,0x00,0x00,0x00,0x00,0x04,0x24,0x00,0x14,0x26,0xa3,0x0a,0x8a,0xa2,0xa6,0x8c,0x83,0x8c,0xa1,0xa1,0x8c,0x97,0x8c,0x83,0x83,0x83,0xa8,0x93,0x8c,0x93,0x93,0x99,0x88,0x8f,0x77,0x8f,0x79,0x79,0x79,0x77,0x81,0x88,0xdf,0xdd,0xdd,0xdd,0xd0,0xd0,0xee,0x7b,0x86,0x86,0x77,0x79,0x75,0x88,0x88,0x8f,0xc8,0x8c,0xdc,0xd2,0xdc,0xfb,0xa6,0xa1,0xcd,0xb5,0x13,0x92,0xac,0x7a,0x8d,0x8a,0xa3,0x36,0x5e,0xa3,0x30,0x2a,0x00,0x08,0x00,0x00,0x00,0x00,0x00,0x00,0x00,0x00,0x00,0x00,0x00,0x00,0x00,0x00,0x00,0x00,0x00,0x00,0x00,0x00,0x00,0x00,0x00,0x00,0x00,0x00,0x00,0x00,0x00,0x00,0x00,0x00,0x00,
    0x00,0x00,0x00,0x00,0x00,0x00,0x00,0x00,0x00,0x00,0x00,0x00,0x00,0x00,0x00,0x00,0x00,0x00,0x00,0x00,0x00,0x00,0x00,0x00,0x00,0x00,0x00,0x00,0x00,0x00,0x00,0x00,0x00,0x00,0x00,0x00,0x0d,0x17,0x40,0x59,0x07,0x07,0x07,0x47,0x93,0x83,0x83,0x83,0x8c,0x97,0x97,0x8c,0x83,0xa1,0xa1,0xd5,0x83,0xa1,0x97,0xb5,0x88,0x77,0x75,0x7b,0x81,0x79,0x75,0x75,0x77,0x86,0x80,0x27,0x31,0xb2,0xb2,0xb2,0xb2,0xee,0x81,0x86,0x79,0x77,0x77,0x7b,0x7b,0x8f,0x88,0xb0,0xed,0xa6,0xa6,0x93,0xb5,0xa6,0xef,0xc3,0x13,0xd3,0x85,0x95,0x7a,0x7d,0x7d,0x13,0x36,0x64,0x60,0x58,0x2c,0x00,0x02,0x00,0x00,0x00,0x00,0x00,0x00,0x00,0x00,0x00,0x00,0x00,0x00,0x00,0x00,0x00,0x00,0x00,0x00,0x00,0x00,0x00,0x00,0x00,0x00,0x00,0x00,0x00,0x00,0x00,0x00,0x00,0x00,0x00,
    0x00,0x00,0x00,0x00,0x00,0x00,0x00,0x00,0x00,0x00,0x00,0x00,0x00,0x00,0x00,0x00,0x00,0x00,0x00,0x00,0x00,0x00,0x00,0x00,0x00,0x00,0x00,0x00,0x00,0x00,0x00,0x00,0x00,0x00,0x00,0x00,0x08,0x00,0x2a,0x44,0x1d,0x5b,0x85,0xef,0xa1,0x83,0x83,0x83,0x83,0x83,0x83,0x83,0x8c,0xa8,0xd5,0xa1,0x83,0x93,0xb5,0x77,0x75,0x77,0x77,0x79,0x79,0x79,0x77,0x7b,0x75,0xbc,0xb4,0xb6,0x78,0x9b,0xdd,0xb2,0xd0,0xaa,0xb4,0x90,0x79,0x77,0x81,0x81,0x7b,0x77,0x77,0x99,0xb0,0x97,0x83,0x83,0x97,0xb0,0xb9,0xd9,0xa4,0xa7,0xe7,0xd8,0x85,0x0a,0xad,0x9a,0x13,0x55,0x58,0x4a,0x02,0x04,0x00,0x00,0x00,0x00,0x00,0x00,0x00,0x00,0x00,0x00,0x00,0x00,0x00,0x00,0x00,0x00,0x00,0x00,0x00,0x00,0x00,0x00,0x00,0x00,0x00,0x00,0x00,0x00,0x00,0x00,0x00,0x00,0x00,0x00,
    0x00,0x00,0x00,0x00,0x00,0x00,0x00,0x00,0x00,0x00,0x00,0x00,0x00,0x00,0x00,0x00,0x00,0x00,0x00,0x00,0x00,0x00,0x00,0x00,0x00,0x00,0x00,0x00,0x00,0x00,0x00,0x00,0x00,0x00,0x00,0x00,0x08,0x00,0x4a,0x50,0x41,0x4b,0x0a,0x4d,0xa8,0x8c,0x83,0x83,0x83,0x83,0x83,0x83,0x83,0xa8,0xa8,0x83,0x93,0xb0,0x88,0x77,0x77,0x77,0x77,0x77,0x77,0x79,0x81,0x81,0x75,0xc1,0xab,0x91,0xa9,0x7e,0x87,0x7f,0x87,0xa9,0x89,0x46,0x88,0x06,0x7b,0x77,0x75,0x77,0x77,0x88,0x8f,0xa6,0x97,0x97,0xed,0xb0,0x3b,0xa4,0x13,0xb5,0xa8,0xe8,0xc0,0x92,0x84,0x76,0x07,0x23,0x3e,0x24,0x00,0x04,0x00,0x00,0x00,0x00,0x00,0x00,0x00,0x00,0x00,0x00,0x00,0x00,0x00,0x00,0x00,0x00,0x00,0x00,0x00,0x00,0x00,0x00,0x00,0x00,0x00,0x00,0x00,0x00,0x00,0x00,0x00,0x00,0x00,0x00,
    0x00,0x00,0x00,0x00,0x00,0x00,0x00,0x00,0x00,0x00,0x00,0x00,0x00,0x00,0x00,0x00,0x00,0x00,0x00,0x00,0x00,0x00,0x00,0x00,0x00,0x00,0x00,0x00,0x00,0x00,0x00,0x00,0x00,0x00,0x00,0x00,0x04,0x01,0x70,0x48,0x64,0x1b,0x4d,0xb5,0x8c,0x83,0x83,0x83,0x83,0x83,0x83,0x83,0x83,0x83,0xa1,0x83,0xa1,0x99,0x88,0x79,0x77,0x77,0x77,0x77,0x77,0x77,0x77,0x75,0x79,0x80,0x7b,0xbd,0x91,0x7f,0x78,0x82,0x89,0x98,0xc5,0x90,0x75,0x79,0x77,0x77,0x77,0x77,0x77,0x8f,0x88,0x99,0x8c,0x97,0x93,0xb0,0x23,0x92,0xe7,0xa8,0xa1,0x93,0x47,0x9e,0x76,0x07,0xad,0x84,0x3f,0x51,0x0e,0x02,0x04,0x00,0x00,0x00,0x00,0x00,0x00,0x00,0x00,0x00,0x00,0x00,0x00,0x00,0x00,0x00,0x00,0x00,0x00,0x00,0x00,0x00,0x00,0x00,0x00,0x00,0x00,0x00,0x00,0x00,0x00,0x00,0x00,0x00,
    0x00,0x00,0x00,0x00,0x00,0x00,0x00,0x00,0x00,0x00,0x00,0x00,0x00,0x00,0x00,0x00,0x00,0x00,0x00,0x00,0x00,0x00,0x00,0x00,0x00,0x00,0x00,0x00,0x00,0x00,0x00,0x00,0x00,0x00,0x00,0x02,0x00,0x3d,0x5f,0x66,0x5f,0x5f,0x66,0xa1,0x8c,0x83,0x83,0x83,0x83,0x83,0x83,0x8c,0x83,0x83,0x83,0x93,0xb5,0x88,0x8f,0x75,0x77,0x77,0x77,0x77,0x77,0x77,0x77,0x77,0x77,0x81,0x79,0x75,0xd1,0x96,0x96,0x87,0x9d,0x27,0x7b,0x75,0x7b,0x7b,0x79,0x77,0x77,0x77,0x77,0x77,0x8f,0x80,0xc6,0x93,0x83,0xa1,0xe7,0xad,0x47,0x93,0x83,0x8c,0xa8,0xc5,0x92,0x0a,0x76,0x07,0x50,0x30,0x2b,0x00,0x08,0x00,0x00,0x00,0x00,0x00,0x00,0x00,0x00,0x00,0x00,0x00,0x00,0x00,0x00,0x00,0x00,0x00,0x00,0x00,0x00,0x00,0x00,0x00,0x00,0x00,0x00,0x00,0x00,0x00,0x00,0x00,0x00,0x00,
    0x00,0x00,0x00,0x00,0x00,0x00,0x00,0x00,0x00,0x00,0x00,0x00,0x00,0x00,0x00,0x00,0x00,0x00,0x00,0x00,0x00,0x00,0x00,0x00,0x00,0x00,0x00,0x00,0x00,0x00,0x00,0x00,0x00,0x00,0x00,0x00,0x02,0x02,0x6b,0x66,0xc8,0xb0,0xdb,0x83,0x83,0x83,0x83,0x8c,0x83,0x83,0x8c,0x97,0x83,0xa1,0xa6,0x97,0xcd,0x86,0x8f,0x79,0x77,0x77,0x77,0x77,0x77,0x77,0x77,0x77,0x77,0x81,0x06,0x81,0x7b,0xc0,0x9b,0xb3,0x27,0x88,0x75,0x77,0x77,0x7b,0x81,0x7b,0x77,0x77,0x77,0x77,0x77,0x86,0xcd,0xed,0x97,0x97,0x83,0xd8,0xef,0x93,0xa1,0x8c,0xa6,0xc0,0x92,0x7d,0x85,0xad,0x1e,0x5e,0x40,0x24,0x08,0x00,0x00,0x00,0x00,0x00,0x00,0x00,0x00,0x00,0x00,0x00,0x00,0x00,0x00,0x00,0x00,0x00,0x00,0x00,0x00,0x00,0x00,0x00,0x00,0x00,0x00,0x00,0x00,0x00,0x00,0x00,0x00,0x00,
    0x00,0x00,0x00,0x00,0x00,0x00,0x00,0x00,0x00,0x00,0x00,0x00,0x00,0x00,0x00,0x00,0x00,0x00,0x00,0x00,0x00,0x00,0x00,0x00,0x00,0x00,0x00,0x00,0x00,0x00,0x00,0x00,0x00,0x00,0x00,0x00,0x05,0x02,0x10,0x4e,0x69,0xa6,0x93,0x83,0x8c,0x8c,0x83,0xb0,0xa1,0x83,0x83,0x83,0x8c,0xa6,0xc6,0xa1,0xb5,0x77,0x06,0x06,0x81,0x79,0x75,0x77,0x77,0x77,0x77,0x77,0x77,0x75,0x77,0x7b,0x79,0x90,0xb1,0xb1,0x90,0x8e,0x90,0x79,0x7b,0x80,0x80,0x80,0x88,0x79,0x77,0x77,0x81,0x88,0xc6,0xed,0x97,0x97,0x97,0x83,0xb5,0xa6,0x93,0x93,0xc8,0xc6,0x13,0x8d,0x42,0x22,0x32,0x4a,0x1a,0x00,0x04,0x00,0x00,0x00,0x00,0x00,0x00,0x00,0x00,0x00,0x00,0x00,0x00,0x00,0x00,0x00,0x00,0x00,0x00,0x00,0x00,0x00,0x00,0x00,0x00,0x00,0x00,0x00,0x00,0x00,0x00,0x00,0x00,0x00,
    0x00,0x00,0x00,0x00,0x00,0x00,0x00,0x00,0x00,0x00,0x00,0x00,0x00,0x00,0x00,0x00,0x00,0x00,0x00,0x00,0x00,0x00,0x00,0x00,0x00,0x00,0x00,0x00,0x00,0x00,0x00,0x00,0x00,0x00,0x00,0x00,0x00,0x05,0x00,0x12,0x6b,0x4f,0x5d,0x6a,0x6a,0x5d,0x4f,0x66,0xa8,0x83,0x83,0x83,0x8c,0xa6,0xf3,0xb0,0xc8,0x81,0x81,0x81,0x7b,0x77,0x77,0x77,0x77,0x77,0x77,0x77,0x77,0x77,0x75,0x75,0x81,0x86,0x90,0xbc,0x88,0x8e,0x8e,0x86,0x80,0xc1,0xd2,0x53,0x90,0x86,0x7b,0x79,0x7b,0x88,0xe3,0x93,0x97,0x8c,0x83,0x8c,0xa1,0xa6,0xa6,0x83,0xe8,0x4d,0x07,0xad,0x3f,0x1c,0x1a,0x00,0x00,0x00,0x00,0x00,0x00,0x00,0x00,0x00,0x00,0x00,0x00,0x00,0x00,0x00,0x00,0x00,0x00,0x00,0x00,0x00,0x00,0x00,0x00,0x00,0x00,0x00,0x00,0x00,0x00,0x00,0x00,0x00,0x00,0x00,0x00,0x00,
    0x00,0x00,0x00,0x00,0x00,0x00,0x00,0x00,0x00,0x00,0x00,0x00,0x00,0x00,0x00,0x00,0x00,0x00,0x00,0x00,0x00,0x00,0x00,0x00,0x00,0x00,0x00,0x00,0x00,0x00,0x00,0x00,0x00,0x00,0x00,0x00,0x00,0x00,0x05,0x00,0x04,0x63,0x6b,0x4e,0x4e,0x4e,0x4e,0x6a,0xa1,0x83,0x83,0xa1,0x93,0xb0,0xb5,0xb0,0xcd,0x7b,0x77,0x77,0x75,0x77,0x77,0x77,0x77,0x77,0x77,0x77,0x75,0x90,0xcb,0x86,0x77,0x79,0x88,0x75,0x7b,0x86,0x8e,0xc1,0x27,0x96,0x9c,0x91,0xae,0xc1,0x88,0x7b,0x77,0x77,0x79,0xb0,0xa6,0x83,0x83,0x83,0x83,0x93,0xb5,0xb0,0x8c,0x97,0xa7,0x07,0x39,0x00,0x00,0x08,0x04,0x00,0x00,0x00,0x00,0x00,0x00,0x00,0x00,0x00,0x00,0x00,0x00,0x00,0x00,0x00,0x00,0x00,0x00,0x00,0x00,0x00,0x00,0x00,0x00,0x00,0x00,0x00,0x00,0x00,0x00,0x00,0x00,0x00,0x00,0x00,
    0x00,0x00,0x00,0x00,0x00,0x00,0x00,0x00,0x00,0x00,0x00,0x00,0x00,0x00,0x00,0x00,0x00,0x00,0x00,0x00,0x00,0x00,0x00,0x00,0x00,0x00,0x00,0x00,0x00,0x00,0x00,0x00,0x00,0x00,0x00,0x00,0x00,0x00,0x00,0x05,0x00,0x00,0x00,0x04,0x08,0x04,0x63,0x4f,0xa6,0x97,0x83,0x83,0x97,0xb0,0xc6,0xcd,0x90,0x7b,0x77,0x77,0x77,0x77,0x77,0x77,0x77,0x77,0x81,0x7b,0x75,0x8e,0x99,0x75,0x77,0x75,0x77,0x79,0x77,0x77,0x06,0xaf,0xb9,0x9f,0xa2,0x96,0x98,0xa2,0x86,0x79,0x77,0x77,0x88,0xe3,0xa6,0xa1,0x83,0x8c,0x83,0x8c,0x47,0x5d,0x8c,0xa1,0x4f,0x70,0x28,0x04,0x04,0x00,0x00,0x00,0x00,0x00,0x00,0x00,0x00,0x00,0x00,0x00,0x00,0x00,0x00,0x00,0x00,0x00,0x00,0x00,0x00,0x00,0x00,0x00,0x00,0x00,0x00,0x00,0x00,0x00,0x00,0x00,0x00,0x00,0x00,0x00,0x00,0x00,
    0x00,0x00,0x00,0x00,0x00,0x00,0x00,0x00,0x00,0x00,0x00,0x00,0x00,0x00,0x00,0x00,0x00,0x00,0x00,0x00,0x00,0x00,0x00,0x00,0x00,0x00,0x00,0x00,0x00,0x00,0x00,0x00,0x00,0x00,0x00,0x00,0x00,0x00,0x00,0x00,0x00,0x01,0x05,0x00,0x00,0x02,0x00,0x4e,0x69,0xdb,0x8c,0x8c,0x8c,0x8c,0xcd,0x79,0x7b,0x77,0x77,0x77,0x77,0x77,0x77,0x77,0x77,0x79,0x06,0x8e,0x79,0x94,0xa0,0x88,0x81,0x7b,0x7b,0x80,0x75,0x79,0x77,0xaf,0x15,0xab,0x96,0x78,0x82,0x96,0xbc,0x86,0x79,0x81,0x81,0x81,0xcd,0x8c,0x8c,0xa1,0x8c,0xa6,0x4f,0x5f,0xa6,0xa6,0x66,0x5f,0x05,0x04,0x00,0x00,0x00,0x00,0x00,0x00,0x00,0x00,0x00,0x00,0x00,0x00,0x00,0x00,0x00,0x00,0x00,0x00,0x00,0x00,0x00,0x00,0x00,0x00,0x00,0x00,0x00,0x00,0x00,0x00,0x00,0x00,0x00,0x00,0x00,0x00,0x00,0x00,
    0x00,0x00,0x00,0x00,0x00,0x00,0x00,0x00,0x00,0x00,0x00,0x00,0x00,0x00,0x00,0x00,0x00,0x00,0x00,0x00,0x00,0x00,0x00,0x00,0x00,0x00,0x00,0x00,0x00,0x00,0x00,0x00,0x00,0x00,0x00,0x00,0x00,0x00,0x00,0x00,0x00,0x00,0x00,0x00,0x00,0x05,0x02,0x12,0x6b,0x4f,0x5d,0x97,0x8c,0x4f,0xaf,0x7b,0x06,0x81,0x77,0x77,0x77,0x77,0x77,0x77,0x77,0x7b,0x06,0x8e,0x80,0xaf,0xa0,0x80,0x06,0x81,0x75,0xdf,0xbc,0x86,0x81,0xb7,0xb4,0x19,0xae,0x78,0x87,0x8b,0xdf,0x88,0x81,0x81,0x7b,0x77,0x88,0xe3,0xdb,0x97,0x8c,0x4f,0x63,0x6e,0x6a,0x5d,0x4e,0x12,0x04,0x05,0x00,0x00,0x00,0x00,0x00,0x00,0x00,0x00,0x00,0x00,0x00,0x00,0x00,0x00,0x00,0x00,0x00,0x00,0x00,0x00,0x00,0x00,0x00,0x00,0x00,0x00,0x00,0x00,0x00,0x00,0x00,0x00,0x00,0x00,0x00,0x00,0x00,0x00,
    0x00,0x00,0x00,0x00,0x00,0x00,0x00,0x00,0x00,0x00,0x00,0x00,0x00,0x00,0x00,0x00,0x00,0x00,0x00,0x00,0x00,0x00,0x00,0x00,0x00,0x00,0x00,0x00,0x00,0x00,0x00,0x00,0x00,0x00,0x00,0x00,0x00,0x00,0x00,0x00,0x00,0x00,0x00,0x00,0x00,0x00,0x00,0x00,0x00,0x63,0x73,0x72,0x6e,0x16,0x90,0x90,0x81,0x81,0x77,0x77,0x77,0x77,0x77,0x77,0x77,0x77,0x7b,0x86,0x53,0xbd,0xa2,0xc2,0x75,0x8e,0xd2,0xc2,0x81,0x77,0x7b,0x99,0x35,0x31,0x96,0x82,0x82,0x7e,0xc1,0x75,0x81,0x77,0x7b,0x7b,0x81,0x88,0xe3,0x5d,0x5f,0x63,0x11,0x69,0x69,0x4e,0x12,0x00,0x05,0x00,0x00,0x00,0x00,0x00,0x00,0x00,0x00,0x00,0x00,0x00,0x00,0x00,0x00,0x00,0x00,0x00,0x00,0x00,0x00,0x00,0x00,0x00,0x00,0x00,0x00,0x00,0x00,0x00,0x00,0x00,0x00,0x00,0x00,0x00,0x00,0x00,0x00,0x00,
    0x00,0x00,0x00,0x00,0x00,0x00,0x00,0x00,0x00,0x00,0x00,0x00,0x00,0x00,0x00,0x00,0x00,0x00,0x00,0x00,0x00,0x00,0x00,0x00,0x00,0x00,0x00,0x00,0x00,0x00,0x00,0x00,0x00,0x00,0x00,0x00,0x00,0x00,0x00,0x00,0x00,0x00,0x00,0x00,0x00,0x00,0x00,0x00,0x00,0x00,0x00,0x12,0x29,0x0c,0x90,0x8e,0x81,0x77,0x77,0x77,0x75,0x77,0x77,0x77,0x77,0x77,0x88,0xcc,0x98,0x78,0x9f,0x96,0xb1,0xbc,0x90,0x80,0x75,0x79,0x88,0x99,0xc2,0xa3,0x9c,0x7e,0x8b,0x9d,0x81,0x79,0x7b,0x79,0x81,0x06,0x7b,0x06,0x77,0x0c,0x12,0x02,0x3c,0x6e,0x21,0x12,0x00,0x05,0x00,0x00,0x00,0x00,0x00,0x00,0x00,0x00,0x00,0x00,0x00,0x00,0x00,0x00,0x00,0x00,0x00,0x00,0x00,0x00,0x00,0x00,0x00,0x00,0x00,0x00,0x00,0x00,0x00,0x00,0x00,0x00,0x00,0x00,0x00,0x00,0x00,0x00,0x00,0x00,
    0x00,0x00,0x00,0x00,0x00,0x00,0x00,0x00,0x00,0x00,0x00,0x00,0x00,0x00,0x00,0x00,0x00,0x00,0x00,0x00,0x00,0x00,0x00,0x00,0x00,0x00,0x00,0x00,0x00,0x00,0x00,0x00,0x00,0x00,0x00,0x00,0x00,0x00,0x00,0x00,0x00,0x00,0x00,0x00,0x00,0x00,0x00,0x00,0x00,0x02,0x01,0x00,0x2d,0x0c,0x8e,0x06,0x79,0x77,0x77,0x7b,0x7b,0x79,0x79,0x77,0x81,0x80,0x35,0x98,0x82,0x9c,0xc5,0xbd,0xd2,0x77,0x86,0x7b,0x77,0x79,0x88,0x94,0xc1,0xae,0x89,0x89,0x98,0xd2,0x80,0x7b,0x77,0x77,0x77,0x7b,0x81,0x75,0x03,0x79,0x16,0x00,0x00,0x12,0x00,0x00,0x05,0x00,0x00,0x00,0x00,0x00,0x00,0x00,0x00,0x00,0x00,0x00,0x00,0x00,0x00,0x00,0x00,0x00,0x00,0x00,0x00,0x00,0x00,0x00,0x00,0x00,0x00,0x00,0x00,0x00,0x00,0x00,0x00,0x00,0x00,0x00,0x00,0x00,0x00,0x00,0x00,0x00,
    0x00,0x00,0x00,0x00,0x00,0x00,0x00,0x00,0x00,0x00,0x00,0x00,0x00,0x00,0x00,0x00,0x00,0x00,0x00,0x00,0x00,0x00,0x00,0x00,0x00,0x00,0x00,0x00,0x00,0x00,0x00,0x00,0x00,0x00,0x00,0x00,0x00,0x00,0x00,0x00,0x00,0x00,0x00,0x00,0x00,0x00,0x00,0x00,0x00,0x00,0x01,0x05,0x3c,0x71,0x81,0x7b,0x77,0x77,0x7b,0x06,0x7b,0x77,0x77,0x77,0x77,0x8e,0x9d,0x89,0x87,0x82,0x96,0x78,0xb4,0x80,0x7b,0x75,0x77,0x81,0x88,0xb7,0xaf,0xc2,0xd7,0xee,0xea,0x79,0x81,0x7b,0x77,0x77,0x77,0x77,0x7b,0x77,0x77,0x7b,0x09,0x3c,0x05,0x00,0x02,0x00,0x00,0x00,0x00,0x00,0x00,0x00,0x00,0x00,0x00,0x00,0x00,0x00,0x00,0x00,0x00,0x00,0x00,0x00,0x00,0x00,0x00,0x00,0x00,0x00,0x00,0x00,0x00,0x00,0x00,0x00,0x00,0x00,0x00,0x00,0x00,0x00,0x00,0x00,0x00,0x00,0x00,0x00,
    0x00,0x00,0x00,0x00,0x00,0x00,0x00,0x00,0x00,0x00,0x00,0x00,0x00,0x00,0x00,0x00,0x00,0x00,0x00,0x00,0x00,0x00,0x00,0x00,0x00,0x00,0x00,0x00,0x00,0x00,0x00,0x00,0x00,0x00,0x00,0x00,0x00,0x00,0x00,0x00,0x00,0x00,0x00,0x00,0x00,0x00,0x00,0x00,0x00,0x00,0x01,0x00,0x21,0x8e,0x03,0x77,0x77,0x79,0x7b,0x81,0x79,0x77,0x77,0x79,0x86,0xbc,0x96,0x87,0x82,0xa9,0x9f,0x9b,0xca,0x77,0x81,0x7b,0x77,0x06,0x75,0xb7,0x94,0x80,0x77,0x8e,0x88,0x7b,0x81,0x7b,0x79,0x77,0x77,0x77,0x77,0x7b,0x77,0x25,0x81,0x2f,0x00,0x01,0x00,0x00,0x00,0x00,0x00,0x00,0x00,0x00,0x00,0x00,0x00,0x00,0x00,0x00,0x00,0x00,0x00,0x00,0x00,0x00,0x00,0x00,0x00,0x00,0x00,0x00,0x00,0x00,0x00,0x00,0x00,0x00,0x00,0x00,0x00,0x00,0x00,0x00,0x00,0x00,0x00,0x00,0x00,0x00,
    0x00,0x00,0x00,0x00,0x00,0x00,0x00,0x00,0x00,0x00,0x00,0x00,0x00,0x00,0x00,0x00,0x00,0x00,0x00,0x00,0x00,0x00,0x00,0x00,0x00,0x00,0x00,0x00,0x00,0x00,0x00,0x00,0x00,0x00,0x00,0x00,0x00,0x00,0x00,0x00,0x00,0x00,0x00,0x00,0x00,0x00,0x00,0x00,0x00,0x05,0x05,0x12,0x45,0x79,0x09,0x77,0x79,0x81,0x81,0x7b,0x77,0x77,0x77,0x77,0x75,0x90,0x9c,0x8b,0x87,0x8b,0x9d,0xae,0x53,0x86,0x8e,0x06,0x7b,0x7b,0x86,0xe4,0xaf,0x88,0x7b,0x75,0x77,0x77,0x75,0x77,0x79,0x77,0x77,0x77,0x77,0x06,0x81,0x06,0x06,0x0b,0x00,0x00,0x00,0x00,0x00,0x00,0x00,0x00,0x00,0x00,0x00,0x00,0x00,0x00,0x00,0x00,0x00,0x00,0x00,0x00,0x00,0x00,0x00,0x00,0x00,0x00,0x00,0x00,0x00,0x00,0x00,0x00,0x00,0x00,0x00,0x00,0x00,0x00,0x00,0x00,0x00,0x00,0x00,0x00,0x00,0x00,
    0x00,0x00,0x00,0x00,0x00,0x00,0x00,0x00,0x00,0x00,0x00,0x00,0x00,0x00,0x00,0x00,0x00,0x00,0x00,0x00,0x00,0x00,0x00,0x00,0x00,0x00,0x00,0x00,0x00,0x00,0x00,0x00,0x00,0x00,0x00,0x00,0x00,0x00,0x00,0x00,0x00,0x00,0x00,0x00,0x00,0x00,0x00,0x00,0x00,0x01,0x00,0x54,0x77,0x25,0x77,0x77,0x81,0x77,0x77,0x77,0x77,0x77,0x77,0x81,0x81,0x8e,0x9d,0x89,0x7f,0x7e,0x87,0xa2,0x8e,0x7b,0x81,0x7b,0x7b,0x7b,0x80,0xa0,0x94,0x80,0x79,0x77,0x77,0x77,0x77,0x77,0x77,0x77,0x77,0x77,0x77,0x7b,0x81,0x8e,0x81,0x0b,0x00,0x00,0x00,0x00,0x00,0x00,0x00,0x00,0x00,0x00,0x00,0x00,0x00,0x00,0x00,0x00,0x00,0x00,0x00,0x00,0x00,0x00,0x00,0x00,0x00,0x00,0x00,0x00,0x00,0x00,0x00,0x00,0x00,0x00,0x00,0x00,0x00,0x00,0x00,0x00,0x00,0x00,0x00,0x00,0x00,0x00,
    0x00,0x00,0x00,0x00,0x00,0x00,0x00,0x00,0x00,0x00,0x00,0x00,0x00,0x00,0x00,0x00,0x00,0x00,0x00,0x00,0x00,0x00,0x00,0x00,0x00,0x00,0x00,0x00,0x00,0x00,0x00,0x00,0x00,0x00,0x00,0x00,0x00,0x00,0x00,0x00,0x00,0x00,0x00,0x00,0x00,0x00,0x00,0x00,0x05,0x05,0x01,0x45,0x7b,0x09,0x79,0x79,0x77,0x77,0x77,0x77,0x77,0x77,0x79,0x7b,0x8e,0x86,0xb4,0x98,0x8b,0x78,0x9d,0xd2,0x80,0x79,0x75,0x75,0x75,0x79,0x80,0xcb,0xcb,0x80,0x79,0x77,0x77,0x77,0x77,0x77,0x77,0x79,0x77,0x77,0x77,0x77,0x81,0x06,0x7b,0x0b,0x00,0x00,0x00,0x00,0x00,0x00,0x00,0x00,0x00,0x00,0x00,0x00,0x00,0x00,0x00,0x00,0x00,0x00,0x00,0x00,0x00,0x00,0x00,0x00,0x00,0x00,0x00,0x00,0x00,0x00,0x00,0x00,0x00,0x00,0x00,0x00,0x00,0x00,0x00,0x00,0x00,0x00,0x00,0x00,0x00,0x00,
    0x00,0x00,0x00,0x00,0x00,0x00,0x00,0x00,0x00,0x00,0x00,0x00,0x00,0x00,0x00,0x00,0x00,0x00,0x00,0x00,0x00,0x00,0x00,0x00,0x00,0x00,0x00,0x00,0x00,0x00,0x00,0x00,0x00,0x00,0x00,0x00,0x00,0x00,0x00,0x00,0x00,0x00,0x00,0x00,0x00,0x00,0x00,0x00,0x01,0x00,0x21,0x03,0x03,0x77,0x79,0x77,0x79,0x79,0x77,0x77,0x77,0x77,0x77,0x75,0x77,0x77,0x81,0x1e,0x9b,0xf4,0x94,0x80,0x8e,0x81,0x81,0x7b,0x77,0x77,0x86,0x94,0x94,0x86,0x79,0x77,0x77,0x79,0x77,0x77,0x7b,0x81,0x7b,0x81,0x77,0x7b,0x7b,0x25,0x09,0x20,0x00,0x01,0x00,0x00,0x00,0x00,0x00,0x00,0x00,0x00,0x00,0x00,0x00,0x00,0x00,0x00,0x00,0x00,0x00,0x00,0x00,0x00,0x00,0x00,0x00,0x00,0x00,0x00,0x00,0x00,0x00,0x00,0x00,0x00,0x00,0x00,0x00,0x00,0x00,0x00,0x00,0x00,0x00,0x00,0x00,0x00,
    0x00,0x00,0x00,0x00,0x00,0x00,0x00,0x00,0x00,0x00,0x00,0x00,0x00,0x00,0x00,0x00,0x00,0x00,0x00,0x00,0x00,0x00,0x00,0x00,0x00,0x00,0x00,0x00,0x00,0x00,0x00,0x00,0x00,0x00,0x00,0x00,0x00,0x00,0x00,0x00,0x00,0x00,0x00,0x00,0x00,0x00,0x00,0x00,0x01,0x00,0x11,0x75,0x03,0x77,0x81,0x81,0x7b,0x7b,0x77,0x77,0x77,0x77,0x77,0x77,0x77,0x77,0x75,0x75,0x8e,0xaf,0x94,0x75,0x8e,0x06,0x06,0x7b,0x7b,0x81,0x79,0x99,0xe4,0x88,0x79,0x77,0x77,0x7b,0x7b,0x79,0x81,0x7b,0x79,0x7b,0x79,0x77,0x77,0x03,0x79,0x2d,0x00,0x01,0x00,0x00,0x00,0x00,0x00,0x00,0x00,0x00,0x00,0x00,0x00,0x00,0x00,0x00,0x00,0x00,0x00,0x00,0x00,0x00,0x00,0x00,0x00,0x00,0x00,0x00,0x00,0x00,0x00,0x00,0x00,0x00,0x00,0x00,0x00,0x00,0x00,0x00,0x00,0x00,0x00,0x00,0x00,0x00,
    0x00,0x00,0x00,0x00,0x00,0x00,0x00,0x00,0x00,0x00,0x00,0x00,0x00,0x00,0x00,0x00,0x00,0x00,0x00,0x00,0x00,0x00,0x00,0x00,0x00,0x00,0x00,0x00,0x00,0x00,0x00,0x00,0x00,0x00,0x00,0x00,0x00,0x00,0x00,0x00,0x00,0x00,0x00,0x00,0x00,0x00,0x00,0x00,0x01,0x00,0x11,0x7b,0x25,0x81,0x06,0x81,0x79,0x77,0x77,0x77,0x77,0x77,0x77,0x77,0x77,0x77,0x77,0x79,0x80,0xa0,0xa0,0x86,0x7b,0x79,0x79,0x75,0x79,0x8e,0x86,0xcb,0xff,0x80,0x7b,0x77,0x77,0x77,0x77,0x77,0x77,0x77,0x77,0x75,0x77,0x77,0x09,0x7b,0x0f,0x10,0x05,0x05,0x00,0x00,0x00,0x00,0x00,0x00,0x00,0x00,0x00,0x00,0x00,0x00,0x00,0x00,0x00,0x00,0x00,0x00,0x00,0x00,0x00,0x00,0x00,0x00,0x00,0x00,0x00,0x00,0x00,0x00,0x00,0x00,0x00,0x00,0x00,0x00,0x00,0x00,0x00,0x00,0x00,0x00,0x00,0x00,
    0x00,0x00,0x00,0x00,0x00,0x00,0x00,0x00,0x00,0x00,0x00,0x00,0x00,0x00,0x00,0x00,0x00,0x00,0x00,0x00,0x00,0x00,0x00,0x00,0x00,0x00,0x00,0x00,0x00,0x00,0x00,0x00,0x00,0x00,0x00,0x00,0x00,0x00,0x00,0x00,0x00,0x00,0x00,0x00,0x00,0x00,0x00,0x00,0x02,0x00,0x3c,0x03,0x06,0x7b,0x79,0x7b,0x79,0x77,0x77,0x77,0x77,0x77,0x77,0x77,0x77,0x77,0x77,0x79,0x80,0xce,0xb7,0x80,0x79,0x75,0x77,0x77,0x77,0x7b,0x80,0xa0,0xb8,0x80,0x79,0x77,0x77,0x77,0x77,0x77,0x77,0x77,0x77,0x77,0x77,0x77,0x03,0x79,0x54,0x00,0x01,0x00,0x00,0x00,0x00,0x00,0x00,0x00,0x00,0x00,0x00,0x00,0x00,0x00,0x00,0x00,0x00,0x00,0x00,0x00,0x00,0x00,0x00,0x00,0x00,0x00,0x00,0x00,0x00,0x00,0x00,0x00,0x00,0x00,0x00,0x00,0x00,0x00,0x00,0x00,0x00,0x00,0x00,0x00,0x00,0x00,
    0x00,0x00,0x00,0x00,0x00,0x00,0x00,0x00,0x00,0x00,0x00,0x00,0x00,0x00,0x00,0x00,0x00,0x00,0x00,0x00,0x00,0x00,0x00,0x00,0x00,0x00,0x00,0x00,0x00,0x00,0x00,0x00,0x00,0x00,0x00,0x00,0x00,0x00,0x00,0x00,0x00,0x00,0x00,0x00,0x00,0x00,0x00,0x00,0x00,0x02,0x02,0x0b,0x7b,0x03,0x7b,0x79,0x77,0x77,0x77,0x77,0x77,0x77,0x77,0x77,0x77,0x77,0x77,0x79,0x86,0xe5,0xe4,0x86,0x79,0x77,0x77,0x77,0x77,0x79,0x88,0x99,0xe4,0x88,0x79,0x77,0x77,0x77,0x77,0x77,0x77,0x77,0x77,0x77,0x77,0x03,0x77,0x0c,0x00,0x01,0x00,0x00,0x00,0x00,0x00,0x00,0x00,0x00,0x00,0x00,0x00,0x00,0x00,0x00,0x00,0x00,0x00,0x00,0x00,0x00,0x00,0x00,0x00,0x00,0x00,0x00,0x00,0x00,0x00,0x00,0x00,0x00,0x00,0x00,0x00,0x00,0x00,0x00,0x00,0x00,0x00,0x00,0x00,0x00,0x00,0x00,
    0x00,0x00,0x00,0x00,0x00,0x00,0x00,0x00,0x00,0x00,0x00,0x00,0x00,0x00,0x00,0x00,0x00,0x00,0x00,0x00,0x00,0x00,0x00,0x00,0x00,0x00,0x00,0x00,0x00,0x00,0x00,0x00,0x00,0x00,0x00,0x00,0x00,0x00,0x00,0x00,0x00,0x00,0x00,0x00,0x00,0x00,0x00,0x00,0x00,0x01,0x00,0x2d,0x03,0x06,0x77,0x77,0x77,0x77,0x77,0x77,0x77,0x77,0x77,0x77,0x77,0x77,0x77,0x79,0x86,0xe4,0x99,0x79,0x81,0x81,0x81,0x79,0x81,0x8e,0x7b,0x8e,0x8e,0x75,0x77,0x77,0x77,0x77,0x77,0x77,0x77,0x77,0x77,0x09,0x03,0x79,0x0f,0x29,0x02,0x02,0x00,0x00,0x00,0x00,0x00,0x00,0x00,0x00,0x00,0x00,0x00,0x00,0x00,0x00,0x00,0x00,0x00,0x00,0x00,0x00,0x00,0x00,0x00,0x00,0x00,0x00,0x00,0x00,0x00,0x00,0x00,0x00,0x00,0x00,0x00,0x00,0x00,0x00,0x00,0x00,0x00,0x00,0x00,0x00,0x00,0x00,
    0x00,0x00,0x00,0x00,0x00,0x00,0x00,0x00,0x00,0x00,0x00,0x00,0x00,0x00,0x00,0x00,0x00,0x00,0x00,0x00,0x00,0x00,0x00,0x00,0x00,0x00,0x00,0x00,0x00,0x00,0x00,0x00,0x00,0x00,0x00,0x00,0x00,0x00,0x00,0x00,0x00,0x00,0x00,0x00,0x00,0x00,0x00,0x00,0x00,0x00,0x00,0x00,0x0b,0x7b,0x09,0x77,0x77,0x77,0x77,0x77,0x77,0x77,0x77,0x77,0x77,0x77,0x77,0x77,0x77,0x99,0x8e,0x81,0x06,0x81,0x7b,0x77,0x79,0x81,0x79,0x77,0x8f,0x7b,0x77,0x77,0x77,0x77,0x77,0x77,0x77,0x77,0x77,0x77,0x77,0x25,0x21,0x00,0x01,0x00,0x00,0x00,0x00,0x00,0x00,0x00,0x00,0x00,0x00,0x00,0x00,0x00,0x00,0x00,0x00,0x00,0x00,0x00,0x00,0x00,0x00,0x00,0x00,0x00,0x00,0x00,0x00,0x00,0x00,0x00,0x00,0x00,0x00,0x00,0x00,0x00,0x00,0x00,0x00,0x00,0x00,0x00,0x00,0x00,0x00,0x00,
    0x00,0x00,0x00,0x00,0x00,0x00,0x00,0x00,0x00,0x00,0x00,0x00,0x00,0x00,0x00,0x00,0x00,0x00,0x00,0x00,0x00,0x00,0x00,0x00,0x00,0x00,0x00,0x00,0x00,0x00,0x00,0x00,0x00,0x00,0x00,0x00,0x00,0x00,0x00,0x00,0x00,0x00,0x00,0x00,0x00,0x00,0x00,0x00,0x00,0x00,0x01,0x00,0x2f,0x77,0x25,0x77,0x77,0x77,0x77,0x77,0x77,0x77,0x77,0x77,0x77,0x77,0x77,0x77,0x7b,0x81,0x7b,0x7b,0x79,0x75,0x77,0x79,0x77,0x77,0x79,0x7b,0x7b,0x81,0x7b,0x75,0x77,0x77,0x77,0x77,0x77,0x09,0x09,0x45,0x0c,0x21,0x00,0x01,0x00,0x00,0x00,0x00,0x00,0x00,0x00,0x00,0x00,0x00,0x00,0x00,0x00,0x00,0x00,0x00,0x00,0x00,0x00,0x00,0x00,0x00,0x00,0x00,0x00,0x00,0x00,0x00,0x00,0x00,0x00,0x00,0x00,0x00,0x00,0x00,0x00,0x00,0x00,0x00,0x00,0x00,0x00,0x00,0x00,0x00,0x00,0x00,
    0x00,0x00,0x00,0x00,0x00,0x00,0x00,0x00,0x00,0x00,0x00,0x00,0x00,0x00,0x00,0x00,0x00,0x00,0x00,0x00,0x00,0x00,0x00,0x00,0x00,0x00,0x00,0x00,0x00,0x00,0x00,0x00,0x00,0x00,0x00,0x00,0x00,0x00,0x00,0x00,0x00,0x00,0x00,0x00,0x00,0x00,0x00,0x00,0x00,0x00,0x05,0x01,0x01,0x0b,0x77,0x03,0x77,0x77,0x77,0x77,0x77,0x77,0x77,0x77,0x77,0x77,0x77,0x77,0x77,0x75,0x77,0x77,0x77,0x77,0x77,0x77,0x77,0x77,0x7b,0x7b,0x79,0x7b,0x77,0x77,0x77,0x77,0x77,0x77,0x77,0x03,0x77,0x16,0x00,0x00,0x02,0x00,0x00,0x00,0x00,0x00,0x00,0x00,0x00,0x00,0x00,0x00,0x00,0x00,0x00,0x00,0x00,0x00,0x00,0x00,0x00,0x00,0x00,0x00,0x00,0x00,0x00,0x00,0x00,0x00,0x00,0x00,0x00,0x00,0x00,0x00,0x00,0x00,0x00,0x00,0x00,0x00,0x00,0x00,0x00,0x00,0x00,0x00,0x00,0x00,
    0x00,0x00,0x00,0x00,0x00,0x00,0x00,0x00,0x00,0x00,0x00,0x00,0x00,0x00,0x00,0x00,0x00,0x00,0x00,0x00,0x00,0x00,0x00,0x00,0x00,0x00,0x00,0x00,0x00,0x00,0x00,0x00,0x00,0x00,0x00,0x00,0x00,0x00,0x00,0x00,0x00,0x00,0x00,0x00,0x00,0x00,0x00,0x00,0x00,0x00,0x00,0x02,0x00,0x3c,0x45,0x79,0x09,0x77,0x77,0x77,0x77,0x77,0x77,0x77,0x77,0x77,0x77,0x77,0x77,0x77,0x77,0x77,0x77,0x77,0x77,0x77,0x77,0x77,0x77,0x75,0x79,0x7b,0x77,0x77,0x77,0x77,0x77,0x77,0x77,0x09,0x77,0x0b,0x02,0x02,0x00,0x00,0x00,0x00,0x00,0x00,0x00,0x00,0x00,0x00,0x00,0x00,0x00,0x00,0x00,0x00,0x00,0x00,0x00,0x00,0x00,0x00,0x00,0x00,0x00,0x00,0x00,0x00,0x00,0x00,0x00,0x00,0x00,0x00,0x00,0x00,0x00,0x00,0x00,0x00,0x00,0x00,0x00,0x00,0x00,0x00,0x00,0x00,0x00,0x00,
    0x00,0x00,0x00,0x00,0x00,0x00,0x00,0x00,0x00,0x00,0x00,0x00,0x00,0x00,0x00,0x00,0x00,0x00,0x00,0x00,0x00,0x00,0x00,0x00,0x00,0x00,0x00,0x00,0x00,0x00,0x00,0x00,0x00,0x00,0x00,0x00,0x00,0x00,0x00,0x00,0x00,0x00,0x00,0x00,0x00,0x00,0x00,0x00,0x00,0x00,0x00,0x00,0x02,0x00,0x29,0x45,0x09,0x09,0x77,0x77,0x77,0x77,0x77,0x77,0x77,0x77,0x77,0x77,0x77,0x79,0x77,0x77,0x77,0x77,0x77,0x77,0x77,0x77,0x77,0x81,0x81,0x81,0x79,0x77,0x77,0x77,0x77,0x77,0x77,0x77,0x09,0x25,0x3c,0x00,0x02,0x00,0x00,0x00,0x00,0x00,0x00,0x00,0x00,0x00,0x00,0x00,0x00,0x00,0x00,0x00,0x00,0x00,0x00,0x00,0x00,0x00,0x00,0x00,0x00,0x00,0x00,0x00,0x00,0x00,0x00,0x00,0x00,0x00,0x00,0x00,0x00,0x00,0x00,0x00,0x00,0x00,0x00,0x00,0x00,0x00,0x00,0x00,0x00,0x00,
    0x00,0x00,0x00,0x00,0x00,0x00,0x00,0x00,0x00,0x00,0x00,0x00,0x00,0x00,0x00,0x00,0x00,0x00,0x00,0x00,0x00,0x00,0x00,0x00,0x00,0x00,0x00,0x00,0x00,0x00,0x00,0x00,0x00,0x00,0x00,0x00,0x00,0x00,0x00,0x00,0x00,0x00,0x00,0x00,0x00,0x00,0x00,0x00,0x00,0x00,0x00,0x00,0x05,0x02,0x12,0x45,0x09,0x09,0x77,0x77,0x77,0x77,0x77,0x77,0x77,0x77,0x77,0x77,0x77,0x7b,0x77,0x77,0x77,0x77,0x77,0x77,0x77,0x7b,0x81,0x06,0x06,0x81,0x7b,0x77,0x77,0x77,0x77,0x77,0x77,0x77,0x03,0x77,0x2f,0x00,0x01,0x00,0x00,0x00,0x00,0x00,0x00,0x00,0x00,0x00,0x00,0x00,0x00,0x00,0x00,0x00,0x00,0x00,0x00,0x00,0x00,0x00,0x00,0x00,0x00,0x00,0x00,0x00,0x00,0x00,0x00,0x00,0x00,0x00,0x00,0x00,0x00,0x00,0x00,0x00,0x00,0x00,0x00,0x00,0x00,0x00,0x00,0x00,0x00,0x00,
    0x00,0x00,0x00,0x00,0x00,0x00,0x00,0x00,0x00,0x00,0x00,0x00,0x00,0x00,0x00,0x00,0x00,0x00,0x00,0x00,0x00,0x00,0x00,0x00,0x00,0x00,0x00,0x00,0x00,0x00,0x00,0x00,0x00,0x00,0x00,0x00,0x00,0x00,0x00,0x00,0x00,0x00,0x00,0x00,0x00,0x00,0x00,0x00,0x00,0x00,0x00,0x00,0x01,0x00,0x11,0x77,0x03,0x77,0x77,0x77,0x77,0x77,0x77,0x77,0x79,0x77,0x77,0x77,0x77,0x77,0x77,0x77,0x77,0x77,0x77,0x77,0x77,0x79,0x81,0x81,0x7b,0x79,0x77,0x77,0x77,0x77,0x77,0x77,0x77,0x77,0x09,0x77,0x0b,0x12,0x02,0x05,0x00,0x00,0x00,0x00,0x00,0x00,0x00,0x00,0x00,0x00,0x00,0x00,0x00,0x00,0x00,0x00,0x00,0x00,0x00,0x00,0x00,0x00,0x00,0x00,0x00,0x00,0x00,0x00,0x00,0x00,0x00,0x00,0x00,0x00,0x00,0x00,0x00,0x00,0x00,0x00,0x00,0x00,0x00,0x00,0x00,0x00,0x00,0x00,
    0x00,0x00,0x00,0x00,0x00,0x00,0x00,0x00,0x00,0x00,0x00,0x00,0x00,0x00,0x00,0x00,0x00,0x00,0x00,0x00,0x00,0x00,0x00,0x00,0x00,0x00,0x00,0x00,0x00,0x00,0x00,0x00,0x00,0x00,0x00,0x00,0x00,0x00,0x00,0x00,0x00,0x00,0x00,0x00,0x00,0x00,0x00,0x00,0x00,0x00,0x00,0x00,0x01,0x05,0x20,0x09,0x03,0x77,0x77,0x77,0x77,0x77,0x77,0x77,0x77,0x77,0x77,0x77,0x77,0x77,0x77,0x77,0x77,0x77,0x77,0x77,0x77,0x77,0x77,0x77,0x77,0x77,0x77,0x77,0x77,0x77,0x77,0x77,0x77,0x77,0x09,0x77,0x25,0x12,0x00,0x05,0x00,0x00,0x00,0x00,0x00,0x00,0x00,0x00,0x00,0x00,0x00,0x00,0x00,0x00,0x00,0x00,0x00,0x00,0x00,0x00,0x00,0x00,0x00,0x00,0x00,0x00,0x00,0x00,0x00,0x00,0x00,0x00,0x00,0x00,0x00,0x00,0x00,0x00,0x00,0x00,0x00,0x00,0x00,0x00,0x00,0x00,0x00,0x00,
    0x00,0x00,0x00,0x00,0x00,0x00,0x00,0x00,0x00,0x00,0x00,0x00,0x00,0x00,0x00,0x00,0x00,0x00,0x00,0x00,0x00,0x00,0x00,0x00,0x00,0x00,0x00,0x00,0x00,0x00,0x00,0x00,0x00,0x00,0x00,0x00,0x00,0x00,0x00,0x00,0x00,0x00,0x00,0x00,0x00,0x00,0x00,0x00,0x00,0x00,0x00,0x05,0x00,0x3d,0x0f,0x79,0x7b,0x77,0x77,0x77,0x77,0x77,0x77,0x77,0x77,0x77,0x77,0x77,0x77,0x77,0x77,0x77,0x77,0x77,0x77,0x77,0x77,0x77,0x77,0x77,0x77,0x77,0x77,0x77,0x77,0x77,0x77,0x77,0x79,0x81,0x79,0x03,0x25,0x2d,0x00,0x01,0x00,0x00,0x00,0x00,0x00,0x00,0x00,0x00,0x00,0x00,0x00,0x00,0x00,0x00,0x00,0x00,0x00,0x00,0x00,0x00,0x00,0x00,0x00,0x00,0x00,0x00,0x00,0x00,0x00,0x00,0x00,0x00,0x00,0x00,0x00,0x00,0x00,0x00,0x00,0x00,0x00,0x00,0x00,0x00,0x00,0x00,0x00,0x00,
    0x00,0x00,0x00,0x00,0x00,0x00,0x00,0x00,0x00,0x00,0x00,0x00,0x00,0x00,0x00,0x00,0x00,0x00,0x00,0x00,0x00,0x00,0x00,0x00,0x00,0x00,0x00,0x00,0x00,0x00,0x00,0x00,0x00,0x00,0x00,0x00,0x00,0x00,0x00,0x00,0x00,0x00,0x00,0x00,0x00,0x00,0x00,0x00,0x00,0x00,0x00,0x01,0x00,0x2d,0x09,0x25,0x79,0x77,0x77,0x77,0x77,0x77,0x77,0x77,0x77,0x77,0x77,0x77,0x77,0x77,0x77,0x77,0x77,0x77,0x77,0x77,0x77,0x77,0x77,0x77,0x77,0x77,0x77,0x77,0x77,0x77,0x77,0x77,0x77,0x79,0x77,0x03,0x77,0x11,0x00,0x01,0x00,0x00,0x00,0x00,0x00,0x00,0x00,0x00,0x00,0x00,0x00,0x00,0x00,0x00,0x00,0x00,0x00,0x00,0x00,0x00,0x00,0x00,0x00,0x00,0x00,0x00,0x00,0x00,0x00,0x00,0x00,0x00,0x00,0x00,0x00,0x00,0x00,0x00,0x00,0x00,0x00,0x00,0x00,0x00,0x00,0x00,0x00,0x00,
    0x00,0x00,0x00,0x00,0x00,0x00,0x00,0x00,0x00,0x00,0x00,0x00,0x00,0x00,0x00,0x00,0x00,0x00,0x00,0x00,0x00,0x00,0x00,0x00,0x00,0x00,0x00,0x00,0x00,0x00,0x00,0x00,0x00,0x00,0x00,0x00,0x00,0x00,0x00,0x00,0x00,0x00,0x00,0x00,0x00,0x00,0x00,0x00,0x00,0x00,0x00,0x01,0x00,0x2f,0x77,0x03,0x77,0x77,0x77,0x77,0x77,0x77,0x77,0x77,0x77,0x77,0x77,0x77,0x77,0x77,0x77,0x77,0x77,0x77,0x77,0x77,0x77,0x77,0x77,0x77,0x77,0x77,0x77,0x77,0x77,0x77,0x77,0x77,0x77,0x77,0x77,0x03,0x77,0x20,0x00,0x01,0x00,0x00,0x00,0x00,0x00,0x00,0x00,0x00,0x00,0x00,0x00,0x00,0x00,0x00,0x00,0x00,0x00,0x00,0x00,0x00,0x00,0x00,0x00,0x00,0x00,0x00,0x00,0x00,0x00,0x00,0x00,0x00,0x00,0x00,0x00,0x00,0x00,0x00,0x00,0x00,0x00,0x00,0x00,0x00,0x00,0x00,0x00,0x00,
    0x00,0x00,0x00,0x00,0x00,0x00,0x00,0x00,0x00,0x00,0x00,0x00,0x00,0x00,0x00,0x00,0x00,0x00,0x00,0x00,0x00,0x00,0x00,0x00,0x00,0x00,0x00,0x00,0x00,0x00,0x00,0x00,0x00,0x00,0x00,0x00,0x00,0x00,0x00,0x00,0x00,0x00,0x00,0x00,0x00,0x00,0x00,0x00,0x00,0x00,0x00,0x01,0x00,0x0c,0x77,0x03,0x7b,0x7b,0x77,0x77,0x77,0x77,0x77,0x77,0x77,0x77,0x77,0x77,0x77,0x77,0x77,0x77,0x77,0x77,0x77,0x77,0x77,0x77,0x77,0x77,0x77,0x77,0x77,0x77,0x77,0x77,0x77,0x77,0x77,0x77,0x77,0x03,0x77,0x0c,0x00,0x01,0x00,0x00,0x00,0x00,0x00,0x00,0x00,0x00,0x00,0x00,0x00,0x00,0x00,0x00,0x00,0x00,0x00,0x00,0x00,0x00,0x00,0x00,0x00,0x00,0x00,0x00,0x00,0x00,0x00,0x00,0x00,0x00,0x00,0x00,0x00,0x00,0x00,0x00,0x00,0x00,0x00,0x00,0x00,0x00,0x00,0x00,0x00,0x00,
    0x00,0x00,0x00,0x00,0x00,0x00,0x00,0x00,0x00,0x00,0x00,0x00,0x00,0x00,0x00,0x00,0x00,0x00,0x00,0x00,0x00,0x00,0x00,0x00,0x00,0x00,0x00,0x00,0x00,0x00,0x00,0x00,0x00,0x00,0x00,0x00,0x00,0x00,0x00,0x00,0x00,0x00,0x00,0x00,0x00,0x00,0x00,0x00,0x00,0x00,0x00,0x01,0x00,0x20,0x09,0x03,0x77,0x77,0x77,0x77,0x77,0x77,0x77,0x77,0x77,0x77,0x77,0x77,0x77,0x77,0x77,0x77,0x77,0x77,0x77,0x77,0x77,0x77,0x77,0x77,0x77,0x77,0x77,0x77,0x77,0x77,0x77,0x77,0x77,0x77,0x77,0x03,0x09,0x20,0x00,0x01,0x00,0x00,0x00,0x00,0x00,0x00,0x00,0x00,0x00,0x00,0x00,0x00,0x00,0x00,0x00,0x00,0x00,0x00,0x00,0x00,0x00,0x00,0x00,0x00,0x00,0x00,0x00,0x00,0x00,0x00,0x00,0x00,0x00,0x00,0x00,0x00,0x00,0x00,0x00,0x00,0x00,0x00,0x00,0x00,0x00,0x00,0x00,0x00,
    0x00,0x00,0x00,0x00,0x00,0x00,0x00,0x00,0x00,0x00,0x00,0x00,0x00,0x00,0x00,0x00,0x00,0x00,0x00,0x00,0x00,0x00,0x00,0x00,0x00,0x00,0x00,0x00,0x00,0x00,0x00,0x00,0x00,0x00,0x00,0x00,0x00,0x00,0x00,0x00,0x00,0x00,0x00,0x00,0x00,0x00,0x00,0x00,0x00,0x00,0x00,0x01,0x00,0x2d,0x77,0x03,0x77,0x77,0x77,0x77,0x77,0x77,0x77,0x77,0x77,0x77,0x77,0x77,0x77,0x79,0x7b,0x7b,0x77,0x77,0x77,0x77,0x77,0x77,0x77,0x77,0x77,0x77,0x77,0x77,0x77,0x77,0x77,0x77,0x77,0x77,0x77,0x03,0x77,0x2d,0x00,0x01,0x00,0x00,0x00,0x00,0x00,0x00,0x00,0x00,0x00,0x00,0x00,0x00,0x00,0x00,0x00,0x00,0x00,0x00,0x00,0x00,0x00,0x00,0x00,0x00,0x00,0x00,0x00,0x00,0x00,0x00,0x00,0x00,0x00,0x00,0x00,0x00,0x00,0x00,0x00,0x00,0x00,0x00,0x00,0x00,0x00,0x00,0x00,0x00,
    0x00,0x00,0x00,0x00,0x00,0x00,0x00,0x00,0x00,0x00,0x00,0x00,0x00,0x00,0x00,0x00,0x00,0x00,0x00,0x00,0x00,0x00,0x00,0x00,0x00,0x00,0x00,0x00,0x00,0x00,0x00,0x00,0x00,0x00,0x00,0x00,0x00,0x00,0x00,0x00,0x00,0x00,0x00,0x00,0x00,0x00,0x00,0x00,0x00,0x00,0x00,0x05,0x02,0x12,0x0b,0x77,0x09,0x77,0x77,0x77,0x77,0x77,0x77,0x77,0x77,0x77,0x77,0x77,0x77,0x77,0x77,0x77,0x77,0x77,0x77,0x77,0x77,0x77,0x77,0x77,0x77,0x77,0x77,0x77,0x77,0x77,0x77,0x77,0x77,0x77,0x09,0x77,0x0b,0x12,0x05,0x05,0x00,0x00,0x00,0x00,0x00,0x00,0x00,0x00,0x00,0x00,0x00,0x00,0x00,0x00,0x00,0x00,0x00,0x00,0x00,0x00,0x00,0x00,0x00,0x00,0x00,0x00,0x00,0x00,0x00,0x00,0x00,0x00,0x00,0x00,0x00,0x00,0x00,0x00,0x00,0x00,0x00,0x00,0x00,0x00,0x00,0x00,0x00,0x00,
    0x00,0x00,0x00,0x00,0x00,0x00,0x00,0x00,0x00,0x00,0x00,0x00,0x00,0x00,0x00,0x00,0x00,0x00,0x00,0x00,0x00,0x00,0x00,0x00,0x00,0x00,0x00,0x00,0x00,0x00,0x00,0x00,0x00,0x00,0x00,0x00,0x00,0x00,0x00,0x00,0x00,0x00,0x00,0x00,0x00,0x00,0x00,0x00,0x00,0x00,0x00,0x00,0x01,0x00,0x11,0x77,0x03,0x77,0x77,0x77,0x77,0x77,0x77,0x77,0x77,0x77,0x77,0x77,0x77,0x7b,0x7b,0x79,0x79,0x77,0x77,0x77,0x77,0x79,0x77,0x75,0x77,0x77,0x77,0x77,0x77,0x77,0x77,0x77,0x77,0x77,0x03,0x77,0x16,0x00,0x01,0x00,0x00,0x00,0x00,0x00,0x00,0x00,0x00,0x00,0x00,0x00,0x00,0x00,0x00,0x00,0x00,0x00,0x00,0x00,0x00,0x00,0x00,0x00,0x00,0x00,0x00,0x00,0x00,0x00,0x00,0x00,0x00,0x00,0x00,0x00,0x00,0x00,0x00,0x00,0x00,0x00,0x00,0x00,0x00,0x00,0x00,0x00,0x00,0x00,
    0x00,0x00,0x00,0x00,0x00,0x00,0x00,0x00,0x00,0x00,0x00,0x00,0x00,0x00,0x00,0x00,0x00,0x00,0x00,0x00,0x00,0x00,0x00,0x00,0x00,0x00,0x00,0x00,0x00,0x00,0x00,0x00,0x00,0x00,0x00,0x00,0x00,0x00,0x00,0x00,0x00,0x00,0x00,0x00,0x00,0x00,0x00,0x00,0x00,0x00,0x00,0x00,0x01,0x00,0x2f,0x77,0x03,0x77,0x77,0x77,0x77,0x77,0x77,0x77,0x77,0x77,0x77,0x77,0x77,0x77,0x77,0x7b,0x79,0x77,0x77,0x79,0x7b,0x7b,0x7b,0x7b,0x79,0x79,0x77,0x77,0x77,0x77,0x77,0x77,0x77,0x77,0x03,0x77,0x16,0x00,0x01,0x00,0x00,0x00,0x00,0x00,0x00,0x00,0x00,0x00,0x00,0x00,0x00,0x00,0x00,0x00,0x00,0x00,0x00,0x00,0x00,0x00,0x00,0x00,0x00,0x00,0x00,0x00,0x00,0x00,0x00,0x00,0x00,0x00,0x00,0x00,0x00,0x00,0x00,0x00,0x00,0x00,0x00,0x00,0x00,0x00,0x00,0x00,0x00,0x00,
    0x00,0x00,0x00,0x00,0x00,0x00,0x00,0x00,0x00,0x00,0x00,0x00,0x00,0x00,0x00,0x00,0x00,0x00,0x00,0x00,0x00,0x00,0x00,0x00,0x00,0x00,0x00,0x00,0x00,0x00,0x00,0x00,0x00,0x00,0x00,0x00,0x00,0x00,0x00,0x00,0x00,0x00,0x00,0x00,0x00,0x00,0x00,0x00,0x00,0x00,0x00,0x00,0x01,0x00,0x20,0x81,0x25,0x09,0x77,0x77,0x77,0x77,0x77,0x77,0x77,0x77,0x77,0x77,0x77,0x77,0x77,0x77,0x77,0x75,0x77,0x81,0x7b,0x7b,0x79,0x81,0x79,0x79,0x77,0x77,0x77,0x77,0x77,0x77,0x77,0x77,0x25,0x03,0x16,0x00,0x01,0x00,0x00,0x00,0x00,0x00,0x00,0x00,0x00,0x00,0x00,0x00,0x00,0x00,0x00,0x00,0x00,0x00,0x00,0x00,0x00,0x00,0x00,0x00,0x00,0x00,0x00,0x00,0x00,0x00,0x00,0x00,0x00,0x00,0x00,0x00,0x00,0x00,0x00,0x00,0x00,0x00,0x00,0x00,0x00,0x00,0x00,0x00,0x00,0x00,
    0x00,0x00,0x00,0x00,0x00,0x00,0x00,0x00,0x00,0x00,0x00,0x00,0x00,0x00,0x00,0x00,0x00,0x00,0x00,0x00,0x00,0x00,0x00,0x00,0x00,0x00,0x00,0x00,0x00,0x00,0x00,0x00,0x00,0x00,0x00,0x00,0x00,0x00,0x00,0x00,0x00,0x00,0x00,0x00,0x00,0x00,0x00,0x00,0x00,0x00,0x00,0x00,0x01,0x00,0x11,0x79,0x79,0x7b,0x06,0x79,0x77,0x7b,0x7b,0x79,0x81,0x7b,0x77,0x77,0x77,0x7b,0x79,0x7b,0x7b,0x77,0x79,0x7b,0x81,0x7b,0x77,0x77,0x77,0x77,0x77,0x77,0x79,0x79,0x79,0x79,0x03,0x09,0x77,0x77,0x2f,0x00,0x01,0x00,0x00,0x00,0x00,0x00,0x00,0x00,0x00,0x00,0x00,0x00,0x00,0x00,0x00,0x00,0x00,0x00,0x00,0x00,0x00,0x00,0x00,0x00,0x00,0x00,0x00,0x00,0x00,0x00,0x00,0x00,0x00,0x00,0x00,0x00,0x00,0x00,0x00,0x00,0x00,0x00,0x00,0x00,0x00,0x00,0x00,0x00,0x00,0x00,
    0x00,0x00,0x00,0x00,0x00,0x00,0x00,0x00,0x00,0x00,0x00,0x00,0x00,0x00,0x00,0x00,0x00,0x00,0x00,0x00,0x00,0x00,0x00,0x00,0x00,0x00,0x00,0x00,0x00,0x00,0x00,0x00,0x00,0x00,0x00,0x00,0x00,0x00,0x00,0x00,0x00,0x00,0x00,0x00,0x00,0x00,0x00,0x00,0x00,0x00,0x00,0x00,0x00,0x05,0x01,0x2f,0x0b,0x0b,0x86,0x86,0x75,0x86,0x80,0x80,0x86,0x75,0x75,0x77,0x7b,0x81,0x8e,0x8e,0x06,0x81,0x06,0x81,0x8e,0x7b,0x79,0x79,0x77,0x77,0x77,0x75,0x80,0x80,0x86,0x86,0x75,0x75,0x45,0x20,0x3d,0x02,0x05,0x00,0x00,0x00,0x00,0x00,0x00,0x00,0x00,0x00,0x00,0x00,0x00,0x00,0x00,0x00,0x00,0x00,0x00,0x00,0x00,0x00,0x00,0x00,0x00,0x00,0x00,0x00,0x00,0x00,0x00,0x00,0x00,0x00,0x00,0x00,0x00,0x00,0x00,0x00,0x00,0x00,0x00,0x00,0x00,0x00,0x00,0x00,0x00,0x00,
    0x00,0x00,0x00,0x00,0x00,0x00,0x00,0x00,0x00,0x00,0x00,0x00,0x00,0x00,0x00,0x00,0x00,0x00,0x00,0x00,0x00,0x00,0x00,0x00,0x00,0x00,0x00,0x00,0x00,0x00,0x00,0x00,0x00,0x00,0x00,0x00,0x00,0x00,0x00,0x00,0x00,0x00,0x00,0x00,0x00,0x00,0x00,0x00,0x00,0x00,0x00,0x00,0x00,0x00,0x00,0x00,0x00,0x64,0x65,0x55,0x46,0xea,0xea,0xde,0xdf,0xec,0xbc,0x90,0x8e,0x81,0x75,0x86,0x75,0x79,0x79,0x86,0x86,0x80,0x86,0x86,0x86,0x88,0x7b,0xbc,0xec,0xdf,0xde,0xde,0x20,0x21,0x3d,0x00,0x00,0x00,0x00,0x00,0x00,0x00,0x00,0x00,0x00,0x00,0x00,0x00,0x00,0x00,0x00,0x00,0x00,0x00,0x00,0x00,0x00,0x00,0x00,0x00,0x00,0x00,0x00,0x00,0x00,0x00,0x00,0x00,0x00,0x00,0x00,0x00,0x00,0x00,0x00,0x00,0x00,0x00,0x00,0x00,0x00,0x00,0x00,0x00,0x00,0x00,0x00,0x00,
    0x00,0x00,0x00,0x00,0x00,0x00,0x00,0x00,0x00,0x00,0x00,0x00,0x00,0x00,0x00,0x00,0x00,0x00,0x00,0x00,0x00,0x00,0x00,0x00,0x00,0x00,0x00,0x00,0x00,0x00,0x00,0x00,0x00,0x00,0x00,0x00,0x00,0x00,0x00,0x00,0x00,0x00,0x00,0x00,0x00,0x00,0x00,0x00,0x00,0x00,0x00,0x00,0x00,0x00,0x05,0x01,0x00,0x28,0x14,0x2b,0x4c,0xb2,0xb2,0xb2,0xdd,0xd0,0xdd,0xf8,0x62,0x4c,0x46,0xea,0xdf,0x0c,0x0c,0xec,0xde,0xde,0xde,0xea,0x46,0xf4,0xf8,0xb2,0xb2,0xb2,0xb2,0x4c,0x48,0x1a,0x00,0x01,0x05,0x00,0x00,0x00,0x00,0x00,0x00,0x00,0x00,0x00,0x00,0x00,0x00,0x00,0x00,0x00,0x00,0x00,0x00,0x00,0x00,0x00,0x00,0x00,0x00,0x00,0x00,0x00,0x00,0x00,0x00,0x00,0x00,0x00,0x00,0x00,0x00,0x00,0x00,0x00,0x00,0x00,0x00,0x00,0x00,0x00,0x00,0x00,0x00,0x00,0x00,0x00,
    0x00,0x00,0x00,0x00,0x00,0x00,0x00,0x00,0x00,0x00,0x00,0x00,0x00,0x00,0x00,0x00,0x00,0x00,0x00,0x00,0x00,0x00,0x00,0x00,0x00,0x00,0x00,0x00,0x00,0x00,0x00,0x00,0x00,0x00,0x00,0x00,0x00,0x00,0x00,0x00,0x00,0x00,0x00,0x00,0x00,0x00,0x00,0x00,0x00,0x00,0x00,0x00,0x00,0x00,0x00,0x00,0x00,0x00,0x00,0x6c,0x62,0xb2,0x31,0x96,0x7e,0x8b,0x78,0x82,0xaa,0xd0,0xb2,0xb2,0xee,0x48,0x65,0x46,0xb2,0xb2,0xd0,0xb6,0xa5,0x89,0x89,0x87,0x96,0xd0,0xf8,0x4c,0x49,0x24,0x02,0x00,0x00,0x00,0x00,0x00,0x00,0x00,0x00,0x00,0x00,0x00,0x00,0x00,0x00,0x00,0x00,0x00,0x00,0x00,0x00,0x00,0x00,0x00,0x00,0x00,0x00,0x00,0x00,0x00,0x00,0x00,0x00,0x00,0x00,0x00,0x00,0x00,0x00,0x00,0x00,0x00,0x00,0x00,0x00,0x00,0x00,0x00,0x00,0x00,0x00,0x00,0x00,0x00,
    0x00,0x00,0x00,0x00,0x00,0x00,0x00,0x00,0x00,0x00,0x00,0x00,0x00,0x00,0x00,0x00,0x00,0x00,0x00,0x00,0x00,0x00,0x00,0x00,0x00,0x00,0x00,0x00,0x00,0x00,0x00,0x00,0x00,0x00,0x00,0x00,0x00,0x00,0x00,0x00,0x00,0x00,0x00,0x00,0x00,0x00,0x00,0x00,0x00,0x00,0x00,0x00,0x00,0x00,0x00,0x00,0x00,0x02,0x08,0x0e,0x1f,0xa9,0x91,0x78,0x82,0x7f,0xa9,0xa9,0x87,0x82,0x9b,0xb2,0x4c,0x6c,0x49,0x62,0xb2,0x9b,0x82,0x87,0xa9,0xa9,0x87,0x82,0x78,0x91,0x96,0x60,0x2a,0x05,0x02,0x00,0x00,0x00,0x00,0x00,0x00,0x00,0x00,0x00,0x00,0x00,0x00,0x00,0x00,0x00,0x00,0x00,0x00,0x00,0x00,0x00,0x00,0x00,0x00,0x00,0x00,0x00,0x00,0x00,0x00,0x00,0x00,0x00,0x00,0x00,0x00,0x00,0x00,0x00,0x00,0x00,0x00,0x00,0x00,0x00,0x00,0x00,0x00,0x00,0x00,0x00,0x00,0x00,
    0x00,0x00,0x00,0x00,0x00,0x00,0x00,0x00,0x00,0x00,0x00,0x00,0x00,0x00,0x00,0x00,0x00,0x00,0x00,0x00,0x00,0x00,0x00,0x00,0x00,0x00,0x00,0x00,0x00,0x00,0x00,0x00,0x00,0x00,0x00,0x00,0x00,0x00,0x00,0x00,0x00,0x00,0x00,0x00,0x00,0x00,0x00,0x00,0x00,0x00,0x00,0x00,0x00,0x00,0x00,0x00,0x00,0x08,0x00,0x1c,0x22,0x78,0x87,0x7f,0x7f,0x7f,0x7f,0x7f,0x7f,0xa9,0x78,0x96,0x58,0x1c,0x4b,0x3a,0x96,0x8b,0x87,0x7f,0x7f,0x7f,0x87,0x82,0x7e,0x7e,0x82,0x33,0x1c,0x00,0x08,0x00,0x00,0x00,0x00,0x00,0x00,0x00,0x00,0x00,0x00,0x00,0x00,0x00,0x00,0x00,0x00,0x00,0x00,0x00,0x00,0x00,0x00,0x00,0x00,0x00,0x00,0x00,0x00,0x00,0x00,0x00,0x00,0x00,0x00,0x00,0x00,0x00,0x00,0x00,0x00,0x00,0x00,0x00,0x00,0x00,0x00,0x00,0x00,0x00,0x00,0x00,0x00,0x00,
    0x00,0x00,0x00,0x00,0x00,0x00,0x00,0x00,0x00,0x00,0x00,0x00,0x00,0x00,0x00,0x00,0x00,0x00,0x00,0x00,0x00,0x00,0x00,0x00,0x00,0x00,0x00,0x00,0x00,0x00,0x00,0x00,0x00,0x00,0x00,0x00,0x00,0x00,0x00,0x00,0x00,0x00,0x00,0x00,0x00,0x00,0x00,0x00,0x00,0x00,0x00,0x00,0x00,0x00,0x00,0x00,0x00,0x04,0x00,0x0e,0x2e,0x67,0x78,0xa9,0x7f,0x7f,0x7f,0x7f,0x7f,0x7f,0xa9,0x89,0x52,0x2a,0x1c,0x33,0x96,0x78,0x82,0x82,0x82,0x82,0x82,0x82,0x87,0x78,0x9d,0x1f,0x14,0x00,0x0d,0x00,0x00,0x00,0x00,0x00,0x00,0x00,0x00,0x00,0x00,0x00,0x00,0x00,0x00,0x00,0x00,0x00,0x00,0x00,0x00,0x00,0x00,0x00,0x00,0x00,0x00,0x00,0x00,0x00,0x00,0x00,0x00,0x00,0x00,0x00,0x00,0x00,0x00,0x00,0x00,0x00,0x00,0x00,0x00,0x00,0x00,0x00,0x00,0x00,0x00,0x00,0x00,0x00,
    0x00,0x00,0x00,0x00,0x00,0x00,0x00,0x00,0x00,0x00,0x00,0x00,0x00,0x00,0x00,0x00,0x00,0x00,0x00,0x00,0x00,0x00,0x00,0x00,0x00,0x00,0x00,0x00,0x00,0x00,0x00,0x00,0x00,0x00,0x00,0x00,0x00,0x00,0x00,0x00,0x00,0x00,0x00,0x00,0x00,0x00,0x00,0x00,0x00,0x00,0x00,0x00,0x00,0x00,0x00,0x00,0x00,0x04,0x00,0x0e,0x2b,0xb1,0x78,0xa9,0x7f,0x7f,0x7f,0x7f,0x7f,0x7f,0x78,0x9c,0x33,0x1c,0x18,0x60,0x9c,0x8b,0x87,0x7e,0x7e,0x7e,0x87,0x7f,0xa9,0x7f,0xab,0x2e,0x14,0x00,0x0d,0x00,0x00,0x00,0x00,0x00,0x00,0x00,0x00,0x00,0x00,0x00,0x00,0x00,0x00,0x00,0x00,0x00,0x00,0x00,0x00,0x00,0x00,0x00,0x00,0x00,0x00,0x00,0x00,0x00,0x00,0x00,0x00,0x00,0x00,0x00,0x00,0x00,0x00,0x00,0x00,0x00,0x00,0x00,0x00,0x00,0x00,0x00,0x00,0x00,0x00,0x00,0x00,0x00,
    0x00,0x00,0x00,0x00,0x00,0x00,0x00,0x00,0x00,0x00,0x00,0x00,0x00,0x00,0x00,0x00,0x00,0x00,0x00,0x00,0x00,0x00,0x00,0x00,0x00,0x00,0x00,0x00,0x00,0x00,0x00,0x00,0x00,0x00,0x00,0x00,0x00,0x00,0x00,0x00,0x00,0x00,0x00,0x00,0x00,0x00,0x00,0x00,0x00,0x00,0x00,0x00,0x00,0x00,0x00,0x00,0x00,0x00,0x04,0x17,0x4b,0x3a,0x7f,0x87,0x7f,0x7f,0x7f,0x82,0x82,0x7e,0x8b,0x9f,0x38,0x0e,0x18,0x22,0x8b,0x7e,0x7e,0x7f,0x7f,0x7f,0x7f,0xa9,0xa9,0x8b,0x3a,0x32,0x0d,0x00,0x00,0x00,0x00,0x00,0x00,0x00,0x00,0x00,0x00,0x00,0x00,0x00,0x00,0x00,0x00,0x00,0x00,0x00,0x00,0x00,0x00,0x00,0x00,0x00,0x00,0x00,0x00,0x00,0x00,0x00,0x00,0x00,0x00,0x00,0x00,0x00,0x00,0x00,0x00,0x00,0x00,0x00,0x00,0x00,0x00,0x00,0x00,0x00,0x00,0x00,0x00,0x00,0x00,0x00,
    0x00,0x00,0x00,0x00,0x00,0x00,0x00,0x00,0x00,0x00,0x00,0x00,0x00,0x00,0x00,0x00,0x00,0x00,0x00,0x00,0x00,0x00,0x00,0x00,0x00,0x00,0x00,0x00,0x00,0x00,0x00,0x00,0x00,0x00,0x00,0x00,0x00,0x00,0x00,0x00,0x00,0x00,0x00,0x00,0x00,0x00,0x00,0x00,0x00,0x00,0x00,0x00,0x00,0x00,0x00,0x00,0x00,0x00,0x02,0x00,0x1b,0x33,0x91,0x7e,0x82,0x87,0x7e,0x82,0x82,0x82,0x82,0x78,0x26,0x0e,0x18,0x22,0x9c,0x78,0x82,0x82,0x87,0x87,0x7f,0x7f,0x7f,0x8b,0x52,0x1c,0x00,0x04,0x00,0x00,0x00,0x00,0x00,0x00,0x00,0x00,0x00,0x00,0x00,0x00,0x00,0x00,0x00,0x00,0x00,0x00,0x00,0x00,0x00,0x00,0x00,0x00,0x00,0x00,0x00,0x00,0x00,0x00,0x00,0x00,0x00,0x00,0x00,0x00,0x00,0x00,0x00,0x00,0x00,0x00,0x00,0x00,0x00,0x00,0x00,0x00,0x00,0x00,0x00,0x00,0x00,0x00,
    0x00,0x00,0x00,0x00,0x00,0x00,0x00,0x00,0x00,0x00,0x00,0x00,0x00,0x00,0x00,0x00,0x00,0x00,0x00,0x00,0x00,0x00,0x00,0x00,0x00,0x00,0x00,0x00,0x00,0x00,0x00,0x00,0x00,0x00,0x00,0x00,0x00,0x00,0x00,0x00,0x00,0x00,0x00,0x00,0x00,0x00,0x00,0x00,0x00,0x00,0x00,0x00,0x00,0x00,0x00,0x00,0x00,0x00,0x08,0x00,0x37,0x22,0x96,0x78,0x82,0x82,0x82,0x82,0x82,0x78,0x87,0xa2,0x2e,0x1a,0x1a,0x2b,0xb9,0x89,0x87,0x87,0x7e,0x7e,0x87,0x7e,0x82,0x96,0x1f,0x37,0x00,0x0d,0x00,0x00,0x00,0x00,0x00,0x00,0x00,0x00,0x00,0x00,0x00,0x00,0x00,0x00,0x00,0x00,0x00,0x00,0x00,0x00,0x00,0x00,0x00,0x00,0x00,0x00,0x00,0x00,0x00,0x00,0x00,0x00,0x00,0x00,0x00,0x00,0x00,0x00,0x00,0x00,0x00,0x00,0x00,0x00,0x00,0x00,0x00,0x00,0x00,0x00,0x00,0x00,0x00,0x00,
    0x00,0x00,0x00,0x00,0x00,0x00,0x00,0x00,0x00,0x00,0x00,0x00,0x00,0x00,0x00,0x00,0x00,0x00,0x00,0x00,0x00,0x00,0x00,0x00,0x00,0x00,0x00,0x00,0x00,0x00,0x00,0x00,0x00,0x00,0x00,0x00,0x00,0x00,0x00,0x00,0x00,0x00,0x00,0x00,0x00,0x00,0x00,0x00,0x00,0x00,0x00,0x00,0x00,0x00,0x00,0x00,0x00,0x00,0x08,0x00,0x18,0x38,0x9d,0x8b,0x7e,0x82,0x82,0x82,0x82,0x7f,0x8b,0x3a,0x40,0x00,0x0e,0x2e,0xae,0x7e,0xa9,0xa9,0x7f,0x82,0x82,0x82,0x7e,0x89,0x3f,0x1c,0x00,0x0d,0x00,0x00,0x00,0x00,0x00,0x00,0x00,0x00,0x00,0x00,0x00,0x00,0x00,0x00,0x00,0x00,0x00,0x00,0x00,0x00,0x00,0x00,0x00,0x00,0x00,0x00,0x00,0x00,0x00,0x00,0x00,0x00,0x00,0x00,0x00,0x00,0x00,0x00,0x00,0x00,0x00,0x00,0x00,0x00,0x00,0x00,0x00,0x00,0x00,0x00,0x00,0x00,0x00,0x00,
    0x00,0x00,0x00,0x00,0x00,0x00,0x00,0x00,0x00,0x00,0x00,0x00,0x00,0x00,0x00,0x00,0x00,0x00,0x00,0x00,0x00,0x00,0x00,0x00,0x00,0x00,0x00,0x00,0x00,0x00,0x00,0x00,0x00,0x00,0x00,0x00,0x00,0x00,0x00,0x00,0x00,0x00,0x00,0x00,0x00,0x00,0x00,0x00,0x00,0x00,0x00,0x00,0x00,0x00,0x00,0x00,0x00,0x00,0x0d,0x00,0x14,0x1f,0x9d,0x8b,0x7e,0x82,0x87,0x87,0x7f,0x7f,0xa9,0x59,0x4b,0x04,0x17,0x51,0x3a,0x96,0x7e,0x87,0x82,0x82,0x82,0x82,0x7e,0x78,0x22,0x37,0x00,0x0d,0x00,0x00,0x00,0x00,0x00,0x00,0x00,0x00,0x00,0x00,0x00,0x00,0x00,0x00,0x00,0x00,0x00,0x00,0x00,0x00,0x00,0x00,0x00,0x00,0x00,0x00,0x00,0x00,0x00,0x00,0x00,0x00,0x00,0x00,0x00,0x00,0x00,0x00,0x00,0x00,0x00,0x00,0x00,0x00,0x00,0x00,0x00,0x00,0x00,0x00,0x00,0x00,0x00,0x00,
    0x00,0x00,0x00,0x00,0x00,0x00,0x00,0x00,0x00,0x00,0x00,0x00,0x00,0x00,0x00,0x00,0x00,0x00,0x00,0x00,0x00,0x00,0x00,0x00,0x00,0x00,0x00,0x00,0x00,0x00,0x00,0x00,0x00,0x00,0x00,0x00,0x00,0x00,0x00,0x00,0x00,0x00,0x00,0x00,0x00,0x00,0x00,0x00,0x00,0x00,0x00,0x00,0x00,0x00,0x00,0x00,0x00,0x00,0x04,0x00,0x2a,0x52,0x7f,0x87,0x87,0x87,0x7f,0xa9,0xa9,0x87,0x96,0x3e,0x1c,0x00,0x02,0x1b,0x5e,0x8b,0x7e,0x82,0x82,0x82,0x82,0x7e,0x8b,0x9c,0x3e,0x37,0x00,0x0d,0x00,0x00,0x00,0x00,0x00,0x00,0x00,0x00,0x00,0x00,0x00,0x00,0x00,0x00,0x00,0x00,0x00,0x00,0x00,0x00,0x00,0x00,0x00,0x00,0x00,0x00,0x00,0x00,0x00,0x00,0x00,0x00,0x00,0x00,0x00,0x00,0x00,0x00,0x00,0x00,0x00,0x00,0x00,0x00,0x00,0x00,0x00,0x00,0x00,0x00,0x00,0x00,0x00,0x00,
    0x00,0x00,0x00,0x00,0x00,0x00,0x00,0x00,0x00,0x00,0x00,0x00,0x00,0x00,0x00,0x00,0x00,0x00,0x00,0x00,0x00,0x00,0x00,0x00,0x00,0x00,0x00,0x00,0x00,0x00,0x00,0x00,0x00,0x00,0x00,0x00,0x00,0x00,0x00,0x00,0x00,0x00,0x00,0x00,0x00,0x00,0x00,0x00,0x00,0x00,0x00,0x00,0x00,0x00,0x00,0x00,0x00,0x00,0x02,0x00,0x40,0x5e,0x7e,0x7f,0x7f,0x7f,0x7f,0x87,0x7f,0xa9,0xa5,0x3f,0x2a,0x00,0x00,0x40,0x52,0x82,0x7e,0x82,0x82,0x82,0x82,0x82,0x7e,0xa5,0x52,0x51,0x5c,0x04,0x00,0x00,0x00,0x00,0x00,0x00,0x00,0x00,0x00,0x00,0x00,0x00,0x00,0x00,0x00,0x00,0x00,0x00,0x00,0x00,0x00,0x00,0x00,0x00,0x00,0x00,0x00,0x00,0x00,0x00,0x00,0x00,0x00,0x00,0x00,0x00,0x00,0x00,0x00,0x00,0x00,0x00,0x00,0x00,0x00,0x00,0x00,0x00,0x00,0x00,0x00,0x00,0x00,0x00,
    0x00,0x00,0x00,0x00,0x00,0x00,0x00,0x00,0x00,0x00,0x00,0x00,0x00,0x00,0x00,0x00,0x00,0x00,0x00,0x00,0x00,0x00,0x00,0x00,0x00,0x00,0x00,0x00,0x00,0x00,0x00,0x00,0x00,0x00,0x00,0x00,0x00,0x00,0x00,0x00,0x00,0x00,0x00,0x00,0x00,0x00,0x00,0x00,0x00,0x00,0x00,0x00,0x00,0x00,0x00,0x00,0x00,0x04,0x00,0x28,0x32,0xa2,0xa9,0x7e,0xa9,0x7f,0x7f,0x87,0x87,0x8b,0xa2,0x2b,0x18,0x00,0x00,0x4a,0x5e,0x9d,0x78,0x7e,0x82,0x7e,0x87,0x82,0x87,0x91,0x42,0x51,0x0d,0x00,0x00,0x00,0x00,0x00,0x00,0x00,0x00,0x00,0x00,0x00,0x00,0x00,0x00,0x00,0x00,0x00,0x00,0x00,0x00,0x00,0x00,0x00,0x00,0x00,0x00,0x00,0x00,0x00,0x00,0x00,0x00,0x00,0x00,0x00,0x00,0x00,0x00,0x00,0x00,0x00,0x00,0x00,0x00,0x00,0x00,0x00,0x00,0x00,0x00,0x00,0x00,0x00,0x00,0x00,
    0x00,0x00,0x00,0x00,0x00,0x00,0x00,0x00,0x00,0x00,0x00,0x00,0x00,0x00,0x00,0x00,0x00,0x00,0x00,0x00,0x00,0x00,0x00,0x00,0x00,0x00,0x00,0x00,0x00,0x00,0x00,0x00,0x00,0x00,0x00,0x00,0x00,0x00,0x00,0x00,0x00,0x00,0x00,0x00,0x00,0x00,0x00,0x00,0x00,0x00,0x00,0x00,0x00,0x00,0x00,0x00,0x00,0x04,0x00,0x28,0x2e,0x87,0x82,0x7f,0x87,0xa9,0x87,0x7e,0x7e,0x89,0x9f,0x2e,0x0e,0x00,0x00,0x18,0x55,0xa7,0x89,0x87,0x82,0x82,0x82,0x82,0x82,0x7e,0x50,0x40,0x00,0x00,0x00,0x00,0x00,0x00,0x00,0x00,0x00,0x00,0x00,0x00,0x00,0x00,0x00,0x00,0x00,0x00,0x00,0x00,0x00,0x00,0x00,0x00,0x00,0x00,0x00,0x00,0x00,0x00,0x00,0x00,0x00,0x00,0x00,0x00,0x00,0x00,0x00,0x00,0x00,0x00,0x00,0x00,0x00,0x00,0x00,0x00,0x00,0x00,0x00,0x00,0x00,0x00,0x00,0x00,
    0x00,0x00,0x00,0x00,0x00,0x00,0x00,0x00,0x00,0x00,0x00,0x00,0x00,0x00,0x00,0x00,0x00,0x00,0x00,0x00,0x00,0x00,0x00,0x00,0x00,0x00,0x00,0x00,0x00,0x00,0x00,0x00,0x00,0x00,0x00,0x00,0x00,0x00,0x00,0x00,0x00,0x00,0x00,0x00,0x00,0x00,0x00,0x00,0x00,0x00,0x00,0x00,0x00,0x00,0x00,0x00,0x00,0x04,0x00,0x0e,0x5a,0xa2,0x89,0xa9,0x87,0x87,0x82,0x82,0x82,0x82,0xae,0x34,0x1a,0x04,0x00,0x2c,0x1f,0x87,0x82,0x87,0x82,0x82,0x82,0x82,0x82,0x87,0x3a,0x2e,0x0e,0x00,0x04,0x00,0x00,0x00,0x00,0x00,0x00,0x00,0x00,0x00,0x00,0x00,0x00,0x00,0x00,0x00,0x00,0x00,0x00,0x00,0x00,0x00,0x00,0x00,0x00,0x00,0x00,0x00,0x00,0x00,0x00,0x00,0x00,0x00,0x00,0x00,0x00,0x00,0x00,0x00,0x00,0x00,0x00,0x00,0x00,0x00,0x00,0x00,0x00,0x00,0x00,0x00,0x00,0x00,
    0x00,0x00,0x00,0x00,0x00,0x00,0x00,0x00,0x00,0x00,0x00,0x00,0x00,0x00,0x00,0x00,0x00,0x00,0x00,0x00,0x00,0x00,0x00,0x00,0x00,0x00,0x00,0x00,0x00,0x00,0x00,0x00,0x00,0x00,0x00,0x00,0x00,0x00,0x00,0x00,0x00,0x00,0x00,0x00,0x00,0x00,0x00,0x00,0x00,0x00,0x00,0x00,0x00,0x00,0x00,0x00,0x00,0x04,0x00,0x0e,0x48,0xc0,0x89,0x7f,0x7e,0x82,0x82,0x82,0x78,0x87,0x30,0x1b,0x00,0x24,0x00,0x3c,0x1f,0x9c,0x7e,0x82,0x82,0x82,0x82,0x82,0x82,0x7e,0xa3,0x1f,0x2c,0x00,0x02,0x00,0x00,0x00,0x00,0x00,0x00,0x00,0x00,0x00,0x00,0x00,0x00,0x00,0x00,0x00,0x00,0x00,0x00,0x00,0x00,0x00,0x00,0x00,0x00,0x00,0x00,0x00,0x00,0x00,0x00,0x00,0x00,0x00,0x00,0x00,0x00,0x00,0x00,0x00,0x00,0x00,0x00,0x00,0x00,0x00,0x00,0x00,0x00,0x00,0x00,0x00,0x00,0x00,
    0x00,0x00,0x00,0x00,0x00,0x00,0x00,0x00,0x00,0x00,0x00,0x00,0x00,0x00,0x00,0x00,0x00,0x00,0x00,0x00,0x00,0x00,0x00,0x00,0x00,0x00,0x00,0x00,0x00,0x00,0x00,0x00,0x00,0x00,0x00,0x00,0x00,0x00,0x00,0x00,0x00,0x00,0x00,0x00,0x00,0x00,0x00,0x00,0x00,0x00,0x00,0x00,0x00,0x00,0x00,0x00,0x00,0x02,0x04,0x0e,0x2e,0xa7,0x87,0x7e,0x7e,0x87,0x87,0x87,0x87,0xa9,0x50,0x4a,0x00,0x24,0x00,0x3d,0x38,0xb1,0x87,0x7e,0x7e,0x87,0x87,0x87,0x7e,0xa9,0x9c,0x34,0x1a,0x02,0x04,0x00,0x00,0x00,0x00,0x00,0x00,0x00,0x00,0x00,0x00,0x00,0x00,0x00,0x00,0x00,0x00,0x00,0x00,0x00,0x00,0x00,0x00,0x00,0x00,0x00,0x00,0x00,0x00,0x00,0x00,0x00,0x00,0x00,0x00,0x00,0x00,0x00,0x00,0x00,0x00,0x00,0x00,0x00,0x00,0x00,0x00,0x00,0x00,0x00,0x00,0x00,0x00,0x00,
    0x00,0x00,0x00,0x00,0x00,0x00,0x00,0x00,0x00,0x00,0x00,0x00,0x00,0x00,0x00,0x00,0x00,0x00,0x00,0x00,0x00,0x00,0x00,0x00,0x00,0x00,0x00,0x00,0x00,0x00,0x00,0x00,0x00,0x00,0x00,0x00,0x00,0x00,0x00,0x00,0x00,0x00,0x00,0x00,0x00,0x00,0x00,0x00,0x00,0x00,0x00,0x00,0x00,0x00,0x00,0x00,0x00,0x05,0x01,0x11,0x0c,0xa2,0x98,0x8b,0x89,0x87,0x87,0x7f,0xaa,0xa4,0xc2,0x11,0x24,0x05,0x02,0x10,0x2f,0xbd,0x98,0x8b,0x78,0x87,0x87,0x78,0x89,0x91,0x19,0x20,0x21,0x00,0x05,0x00,0x00,0x00,0x00,0x00,0x00,0x00,0x00,0x00,0x00,0x00,0x00,0x00,0x00,0x00,0x00,0x00,0x00,0x00,0x00,0x00,0x00,0x00,0x00,0x00,0x00,0x00,0x00,0x00,0x00,0x00,0x00,0x00,0x00,0x00,0x00,0x00,0x00,0x00,0x00,0x00,0x00,0x00,0x00,0x00,0x00,0x00,0x00,0x00,0x00,0x00,0x00,0x00,
    0x00,0x00,0x00,0x00,0x00,0x00,0x00,0x00,0x00,0x00,0x00,0x00,0x00,0x00,0x00,0x00,0x00,0x00,0x00,0x00,0x00,0x00,0x00,0x00,0x00,0x00,0x00,0x00,0x00,0x00,0x00,0x00,0x00,0x00,0x00,0x00,0x00,0x00,0x00,0x00,0x00,0x00,0x00,0x00,0x00,0x00,0x00,0x00,0x00,0x00,0x00,0x00,0x00,0x00,0x00,0x00,0x01,0x00,0x2d,0x79,0x80,0xc1,0xa2,0x9d,0xae,0x96,0xa9,0x87,0x96,0xa2,0x06,0x86,0x2d,0x00,0x00,0x2f,0x80,0x53,0x9f,0xae,0x96,0x96,0x9c,0xae,0x9d,0xbd,0xec,0x86,0x25,0x29,0x00,0x05,0x00,0x00,0x00,0x00,0x00,0x00,0x00,0x00,0x00,0x00,0x00,0x00,0x00,0x00,0x00,0x00,0x00,0x00,0x00,0x00,0x00,0x00,0x00,0x00,0x00,0x00,0x00,0x00,0x00,0x00,0x00,0x00,0x00,0x00,0x00,0x00,0x00,0x00,0x00,0x00,0x00,0x00,0x00,0x00,0x00,0x00,0x00,0x00,0x00,0x00,0x00,0x00,
    0x00,0x00,0x00,0x00,0x00,0x00,0x00,0x00,0x00,0x00,0x00,0x00,0x00,0x00,0x00,0x00,0x00,0x00,0x00,0x00,0x00,0x00,0x00,0x00,0x00,0x00,0x00,0x00,0x00,0x00,0x00,0x00,0x00,0x00,0x00,0x00,0x00,0x00,0x00,0x00,0x00,0x00,0x00,0x00,0x00,0x00,0x00,0x00,0x00,0x00,0x00,0x00,0x00,0x00,0x00,0x00,0x01,0x00,0x2f,0x03,0x25,0x86,0x86,0x8e,0x90,0xbc,0xc1,0xc1,0xbc,0x7b,0x25,0x03,0x11,0x00,0x02,0x0c,0x03,0x75,0x88,0x90,0xbc,0xbc,0xbc,0x90,0x81,0x80,0x86,0x25,0x77,0x2d,0x00,0x01,0x00,0x00,0x00,0x00,0x00,0x00,0x00,0x00,0x00,0x00,0x00,0x00,0x00,0x00,0x00,0x00,0x00,0x00,0x00,0x00,0x00,0x00,0x00,0x00,0x00,0x00,0x00,0x00,0x00,0x00,0x00,0x00,0x00,0x00,0x00,0x00,0x00,0x00,0x00,0x00,0x00,0x00,0x00,0x00,0x00,0x00,0x00,0x00,0x00,0x00,0x00,0x00,
    0x00,0x00,0x00,0x00,0x00,0x00,0x00,0x00,0x00,0x00,0x00,0x00,0x00,0x00,0x00,0x00,0x00,0x00,0x00,0x00,0x00,0x00,0x00,0x00,0x00,0x00,0x00,0x00,0x00,0x00,0x00,0x00,0x00,0x00,0x00,0x00,0x00,0x00,0x00,0x00,0x00,0x00,0x00,0x00,0x00,0x00,0x00,0x00,0x00,0x00,0x00,0x00,0x00,0x00,0x00,0x00,0x00,0x00,0x0b,0x77,0x09,0x79,0x77,0x75,0x88,0x88,0x86,0x80,0x86,0x75,0x09,0x77,0x0c,0x01,0x21,0x09,0x7b,0x79,0x77,0x7b,0x79,0x79,0x79,0x7b,0x75,0x79,0x79,0x03,0x09,0x16,0x00,0x01,0x00,0x00,0x00,0x00,0x00,0x00,0x00,0x00,0x00,0x00,0x00,0x00,0x00,0x00,0x00,0x00,0x00,0x00,0x00,0x00,0x00,0x00,0x00,0x00,0x00,0x00,0x00,0x00,0x00,0x00,0x00,0x00,0x00,0x00,0x00,0x00,0x00,0x00,0x00,0x00,0x00,0x00,0x00,0x00,0x00,0x00,0x00,0x00,0x00,0x00,0x00,0x00,
    0x00,0x00,0x00,0x00,0x00,0x00,0x00,0x00,0x00,0x00,0x00,0x00,0x00,0x00,0x00,0x00,0x00,0x00,0x00,0x00,0x00,0x00,0x00,0x00,0x00,0x00,0x00,0x00,0x00,0x00,0x00,0x00,0x00,0x00,0x00,0x00,0x00,0x00,0x00,0x00,0x00,0x00,0x00,0x00,0x00,0x00,0x00,0x00,0x00,0x00,0x00,0x00,0x00,0x00,0x00,0x00,0x00,0x00,0x0b,0x79,0x09,0x77,0x77,0x77,0x77,0x79,0x79,0x79,0x79,0x77,0x77,0x77,0x77,0x3d,0x11,0x77,0x25,0x7b,0x77,0x79,0x7b,0x7b,0x7b,0x79,0x77,0x77,0x77,0x03,0x77,0x16,0x00,0x01,0x00,0x00,0x00,0x00,0x00,0x00,0x00,0x00,0x00,0x00,0x00,0x00,0x00,0x00,0x00,0x00,0x00,0x00,0x00,0x00,0x00,0x00,0x00,0x00,0x00,0x00,0x00,0x00,0x00,0x00,0x00,0x00,0x00,0x00,0x00,0x00,0x00,0x00,0x00,0x00,0x00,0x00,0x00,0x00,0x00,0x00,0x00,0x00,0x00,0x00,0x00,0x00,
    0x00,0x00,0x00,0x00,0x00,0x00,0x00,0x00,0x00,0x00,0x00,0x00,0x00,0x00,0x00,0x00,0x00,0x00,0x00,0x00,0x00,0x00,0x00,0x00,0x00,0x00,0x00,0x00,0x00,0x00,0x00,0x00,0x00,0x00,0x00,0x00,0x00,0x00,0x00,0x00,0x00,0x00,0x00,0x00,0x00,0x00,0x00,0x00,0x00,0x00,0x00,0x00,0x00,0x00,0x00,0x00,0x00,0x00,0x0b,0x79,0x09,0x75,0x75,0x79,0x77,0x77,0x77,0x77,0x79,0x77,0x09,0x79,0x0b,0x01,0x21,0x25,0x09,0x75,0x77,0x79,0x77,0x77,0x77,0x79,0x79,0x75,0x75,0x03,0x77,0x16,0x00,0x01,0x00,0x00,0x00,0x00,0x00,0x00,0x00,0x00,0x00,0x00,0x00,0x00,0x00,0x00,0x00,0x00,0x00,0x00,0x00,0x00,0x00,0x00,0x00,0x00,0x00,0x00,0x00,0x00,0x00,0x00,0x00,0x00,0x00,0x00,0x00,0x00,0x00,0x00,0x00,0x00,0x00,0x00,0x00,0x00,0x00,0x00,0x00,0x00,0x00,0x00,0x00,0x00,
    0x00,0x00,0x00,0x00,0x00,0x00,0x00,0x00,0x00,0x00,0x00,0x00,0x00,0x00,0x00,0x00,0x00,0x00,0x00,0x00,0x00,0x00,0x00,0x00,0x00,0x00,0x00,0x00,0x00,0x00,0x00,0x00,0x00,0x00,0x00,0x00,0x00,0x00,0x00,0x00,0x00,0x00,0x00,0x00,0x00,0x00,0x00,0x00,0x00,0x00,0x00,0x00,0x00,0x00,0x00,0x00,0x00,0x00,0x0b,0x77,0x09,0x8e,0x79,0x80,0x88,0x79,0x77,0x88,0x80,0x77,0x03,0x77,0x0c,0x00,0x10,0x0f,0x75,0x06,0x88,0x80,0x88,0x77,0x75,0x80,0x80,0x7b,0x7b,0x03,0x77,0x16,0x00,0x01,0x00,0x00,0x00,0x00,0x00,0x00,0x00,0x00,0x00,0x00,0x00,0x00,0x00,0x00,0x00,0x00,0x00,0x00,0x00,0x00,0x00,0x00,0x00,0x00,0x00,0x00,0x00,0x00,0x00,0x00,0x00,0x00,0x00,0x00,0x00,0x00,0x00,0x00,0x00,0x00,0x00,0x00,0x00,0x00,0x00,0x00,0x00,0x00,0x00,0x00,0x00,0x00,
    0x00,0x00,0x00,0x00,0x00,0x00,0x00,0x00,0x00,0x00,0x00,0x00,0x00,0x00,0x00,0x00,0x00,0x00,0x00,0x00,0x00,0x00,0x00,0x00,0x00,0x00,0x00,0x00,0x00,0x00,0x00,0x00,0x00,0x00,0x00,0x00,0x00,0x00,0x00,0x00,0x00,0x00,0x00,0x00,0x00,0x00,0x00,0x00,0x00,0x00,0x00,0x00,0x00,0x00,0x00,0x00,0x00,0x00,0x0b,0x7b,0x75,0xe6,0xc9,0xa0,0xaf,0x75,0x79,0xaf,0x94,0xce,0x94,0x86,0x2f,0x00,0x3d,0x0f,0x77,0xe6,0xb7,0x94,0x99,0x86,0x8e,0xa0,0xb7,0xda,0xcb,0x86,0x79,0x16,0x00,0x01,0x00,0x00,0x00,0x00,0x00,0x00,0x00,0x00,0x00,0x00,0x00,0x00,0x00,0x00,0x00,0x00,0x00,0x00,0x00,0x00,0x00,0x00,0x00,0x00,0x00,0x00,0x00,0x00,0x00,0x00,0x00,0x00,0x00,0x00,0x00,0x00,0x00,0x00,0x00,0x00,0x00,0x00,0x00,0x00,0x00,0x00,0x00,0x00,0x00,0x00,0x00,0x00,
    0x00,0x00,0x00,0x00,0x00,0x00,0x00,0x00,0x00,0x00,0x00,0x00,0x00,0x00,0x00,0x00,0x00,0x00,0x00,0x00,0x00,0x00,0x00,0x00,0x00,0x00,0x00,0x00,0x00,0x00,0x00,0x00,0x00,0x00,0x00,0x00,0x00,0x00,0x00,0x00,0x00,0x00,0x00,0x00,0x00,0x00,0x00,0x00,0x00,0x00,0x00,0x00,0x00,0x00,0x00,0x00,0x00,0x00,0x0b,0x81,0x06,0x90,0xaf,0xa0,0xb8,0xc7,0xc7,0xb8,0xb7,0x94,0x06,0x77,0x11,0x00,0x10,0x0f,0x77,0x90,0x94,0xb7,0xda,0xc7,0xda,0xce,0xa0,0x94,0x90,0x03,0x77,0x16,0x00,0x01,0x00,0x00,0x00,0x00,0x00,0x00,0x00,0x00,0x00,0x00,0x00,0x00,0x00,0x00,0x00,0x00,0x00,0x00,0x00,0x00,0x00,0x00,0x00,0x00,0x00,0x00,0x00,0x00,0x00,0x00,0x00,0x00,0x00,0x00,0x00,0x00,0x00,0x00,0x00,0x00,0x00,0x00,0x00,0x00,0x00,0x00,0x00,0x00,0x00,0x00,0x00,0x00,
    0x00,0x00,0x00,0x00,0x00,0x00,0x00,0x00,0x00,0x00,0x00,0x00,0x00,0x00,0x00,0x00,0x00,0x00,0x00,0x00,0x00,0x00,0x00,0x00,0x00,0x00,0x00,0x00,0x00,0x00,0x00,0x00,0x00,0x00,0x00,0x00,0x00,0x00,0x00,0x00,0x00,0x00,0x00,0x00,0x00,0x00,0x00,0x00,0x00,0x00,0x00,0x00,0x00,0x00,0x00,0x00,0x00,0x00,0x0b,0x77,0x7b,0x75,0x81,0x94,0xb8,0xe5,0xba,0xba,0xaf,0x8e,0x75,0x79,0x11,0x00,0x10,0x0f,0x81,0x7b,0x99,0xba,0xb8,0x94,0xba,0xba,0x8e,0x86,0x75,0x03,0x77,0x16,0x00,0x01,0x00,0x00,0x00,0x00,0x00,0x00,0x00,0x00,0x00,0x00,0x00,0x00,0x00,0x00,0x00,0x00,0x00,0x00,0x00,0x00,0x00,0x00,0x00,0x00,0x00,0x00,0x00,0x00,0x00,0x00,0x00,0x00,0x00,0x00,0x00,0x00,0x00,0x00,0x00,0x00,0x00,0x00,0x00,0x00,0x00,0x00,0x00,0x00,0x00,0x00,0x00,0x00,
    0x00,0x00,0x00,0x00,0x00,0x00,0x00,0x00,0x00,0x00,0x00,0x00,0x00,0x00,0x00,0x00,0x00,0x00,0x00,0x00,0x00,0x00,0x00,0x00,0x00,0x00,0x00,0x00,0x00,0x00,0x00,0x00,0x00,0x00,0x00,0x00,0x00,0x00,0x00,0x00,0x00,0x00,0x00,0x00,0x00,0x00,0x00,0x00,0x00,0x00,0x00,0x00,0x00,0x00,0x00,0x00,0x00,0x00,0x0b,0x79,0x88,0xaf,0xc7,0xb8,0x99,0x80,0x80,0xaf,0xc7,0xce,0x03,0x77,0x11,0x00,0x10,0x0f,0x75,0x94,0xeb,0xba,0x77,0x80,0x80,0xe4,0xc7,0xba,0x79,0x03,0x77,0x16,0x00,0x01,0x00,0x00,0x00,0x00,0x00,0x00,0x00,0x00,0x00,0x00,0x00,0x00,0x00,0x00,0x00,0x00,0x00,0x00,0x00,0x00,0x00,0x00,0x00,0x00,0x00,0x00,0x00,0x00,0x00,0x00,0x00,0x00,0x00,0x00,0x00,0x00,0x00,0x00,0x00,0x00,0x00,0x00,0x00,0x00,0x00,0x00,0x00,0x00,0x00,0x00,0x00,0x00,
    0x00,0x00,0x00,0x00,0x00,0x00,0x00,0x00,0x00,0x00,0x00,0x00,0x00,0x00,0x00,0x00,0x00,0x00,0x00,0x00,0x00,0x00,0x00,0x00,0x00,0x00,0x00,0x00,0x00,0x00,0x00,0x00,0x00,0x00,0x00,0x00,0x00,0x00,0x00,0x00,0x00,0x00,0x00,0x00,0x00,0x00,0x00,0x00,0x00,0x00,0x00,0x00,0x00,0x00,0x00,0x00,0x00,0x00,0x0b,0x79,0x75,0x90,0x90,0xa0,0xce,0x90,0xaf,0xce,0xa0,0x94,0x8e,0x77,0x11,0x00,0x10,0x0f,0x7b,0x90,0x8e,0xb7,0xba,0x8e,0xaf,0xb8,0xa0,0xaf,0x81,0x03,0x77,0x16,0x00,0x01,0x00,0x00,0x00,0x00,0x00,0x00,0x00,0x00,0x00,0x00,0x00,0x00,0x00,0x00,0x00,0x00,0x00,0x00,0x00,0x00,0x00,0x00,0x00,0x00,0x00,0x00,0x00,0x00,0x00,0x00,0x00,0x00,0x00,0x00,0x00,0x00,0x00,0x00,0x00,0x00,0x00,0x00,0x00,0x00,0x00,0x00,0x00,0x00,0x00,0x00,0x00,0x00,
    0x00,0x00,0x00,0x00,0x00,0x00,0x00,0x00,0x00,0x00,0x00,0x00,0x00,0x00,0x00,0x00,0x00,0x00,0x00,0x00,0x00,0x00,0x00,0x00,0x00,0x00,0x00,0x00,0x00,0x00,0x00,0x00,0x00,0x00,0x00,0x00,0x00,0x00,0x00,0x00,0x00,0x00,0x00,0x00,0x00,0x00,0x00,0x00,0x00,0x00,0x00,0x00,0x00,0x00,0x00,0x00,0x00,0x00,0x0b,0x77,0x03,0x88,0x86,0x80,0xba,0xfc,0xfc,0xb7,0x80,0x88,0x25,0x77,0x54,0x00,0x10,0x0f,0x77,0x75,0x80,0x75,0xb8,0xeb,0xda,0xaf,0x80,0x86,0x75,0x03,0x77,0x16,0x00,0x01,0x00,0x00,0x00,0x00,0x00,0x00,0x00,0x00,0x00,0x00,0x00,0x00,0x00,0x00,0x00,0x00,0x00,0x00,0x00,0x00,0x00,0x00,0x00,0x00,0x00,0x00,0x00,0x00,0x00,0x00,0x00,0x00,0x00,0x00,0x00,0x00,0x00,0x00,0x00,0x00,0x00,0x00,0x00,0x00,0x00,0x00,0x00,0x00,0x00,0x00,0x00,0x00,
    0x00,0x00,0x00,0x00,0x00,0x00,0x00,0x00,0x00,0x00,0x00,0x00,0x00,0x00,0x00,0x00,0x00,0x00,0x00,0x00,0x00,0x00,0x00,0x00,0x00,0x00,0x00,0x00,0x00,0x00,0x00,0x00,0x00,0x00,0x00,0x00,0x00,0x00,0x00,0x00,0x00,0x00,0x00,0x00,0x00,0x00,0x00,0x00,0x00,0x00,0x00,0x00,0x00,0x00,0x00,0x01,0x00,0x21,0x25,0x03,0x77,0x7b,0x90,0xba,0xc7,0x94,0x94,0xda,0xb7,0x8e,0x03,0x77,0x0c,0x00,0x10,0x0f,0x77,0x09,0x99,0xc9,0xc9,0x99,0xb7,0xb8,0xa0,0x8e,0x81,0x25,0x77,0x16,0x00,0x01,0x00,0x00,0x00,0x00,0x00,0x00,0x00,0x00,0x00,0x00,0x00,0x00,0x00,0x00,0x00,0x00,0x00,0x00,0x00,0x00,0x00,0x00,0x00,0x00,0x00,0x00,0x00,0x00,0x00,0x00,0x00,0x00,0x00,0x00,0x00,0x00,0x00,0x00,0x00,0x00,0x00,0x00,0x00,0x00,0x00,0x00,0x00,0x00,0x00,0x00,0x00,0x00,
    0x00,0x00,0x00,0x00,0x00,0x00,0x00,0x00,0x00,0x00,0x00,0x00,0x00,0x00,0x00,0x00,0x00,0x00,0x00,0x00,0x00,0x00,0x00,0x00,0x00,0x00,0x00,0x00,0x00,0x00,0x00,0x00,0x00,0x00,0x00,0x00,0x00,0x00,0x00,0x00,0x00,0x00,0x00,0x00,0x00,0x00,0x00,0x00,0x00,0x00,0x00,0x00,0x00,0x00,0x00,0x01,0x00,0x21,0x77,0x03,0x77,0x81,0xb8,0xeb,0x94,0x80,0x80,0x94,0xeb,0xba,0x88,0x79,0x0c,0x00,0x10,0x0f,0x77,0x06,0xda,0xb8,0x81,0x80,0x80,0xa0,0xeb,0xcb,0x75,0x7b,0x77,0x0b,0x12,0x05,0x05,0x00,0x00,0x00,0x00,0x00,0x00,0x00,0x00,0x00,0x00,0x00,0x00,0x00,0x00,0x00,0x00,0x00,0x00,0x00,0x00,0x00,0x00,0x00,0x00,0x00,0x00,0x00,0x00,0x00,0x00,0x00,0x00,0x00,0x00,0x00,0x00,0x00,0x00,0x00,0x00,0x00,0x00,0x00,0x00,0x00,0x00,0x00,0x00,0x00,0x00,0x00,
    0x00,0x00,0x00,0x00,0x00,0x00,0x00,0x00,0x00,0x00,0x00,0x00,0x00,0x00,0x00,0x00,0x00,0x00,0x00,0x00,0x00,0x00,0x00,0x00,0x00,0x00,0x00,0x00,0x00,0x00,0x00,0x00,0x00,0x00,0x00,0x00,0x00,0x00,0x00,0x00,0x00,0x00,0x00,0x00,0x00,0x00,0x00,0x00,0x00,0x00,0x00,0x00,0x00,0x00,0x00,0x01,0x00,0x21,0x77,0x03,0x77,0x77,0x86,0x99,0xce,0xc9,0xc9,0xb8,0xaf,0x81,0x06,0x77,0x0c,0x00,0x10,0x0f,0x79,0x7b,0x79,0x94,0xb8,0xba,0xc9,0xc9,0x99,0x8f,0x77,0x09,0x77,0x0f,0x10,0x00,0x05,0x00,0x00,0x00,0x00,0x00,0x00,0x00,0x00,0x00,0x00,0x00,0x00,0x00,0x00,0x00,0x00,0x00,0x00,0x00,0x00,0x00,0x00,0x00,0x00,0x00,0x00,0x00,0x00,0x00,0x00,0x00,0x00,0x00,0x00,0x00,0x00,0x00,0x00,0x00,0x00,0x00,0x00,0x00,0x00,0x00,0x00,0x00,0x00,0x00,0x00,0x00,
    0x00,0x00,0x00,0x00,0x00,0x00,0x00,0x00,0x00,0x00,0x00,0x00,0x00,0x00,0x00,0x00,0x00,0x00,0x00,0x00,0x00,0x00,0x00,0x00,0x00,0x00,0x00,0x00,0x00,0x00,0x00,0x00,0x00,0x00,0x00,0x00,0x00,0x00,0x00,0x00,0x00,0x00,0x00,0x00,0x00,0x00,0x00,0x00,0x00,0x00,0x00,0x00,0x00,0x00,0x00,0x01,0x00,0x21,0x77,0x03,0x77,0x88,0x80,0xaf,0xc9,0xba,0xce,0xb7,0x06,0x80,0x03,0x77,0x0c,0x00,0x10,0x0f,0x77,0x88,0x86,0x94,0xb8,0xc9,0xc7,0xb7,0x81,0x80,0x77,0x09,0x77,0x0f,0x10,0x00,0x05,0x00,0x00,0x00,0x00,0x00,0x00,0x00,0x00,0x00,0x00,0x00,0x00,0x00,0x00,0x00,0x00,0x00,0x00,0x00,0x00,0x00,0x00,0x00,0x00,0x00,0x00,0x00,0x00,0x00,0x00,0x00,0x00,0x00,0x00,0x00,0x00,0x00,0x00,0x00,0x00,0x00,0x00,0x00,0x00,0x00,0x00,0x00,0x00,0x00,0x00,0x00,
    0x00,0x00,0x00,0x00,0x00,0x00,0x00,0x00,0x00,0x00,0x00,0x00,0x00,0x00,0x00,0x00,0x00,0x00,0x00,0x00,0x00,0x00,0x00,0x00,0x00,0x00,0x00,0x00,0x00,0x00,0x00,0x00,0x00,0x00,0x00,0x00,0x00,0x00,0x00,0x00,0x00,0x00,0x00,0x00,0x00,0x00,0x00,0x00,0x00,0x00,0x00,0x00,0x00,0x00,0x00,0x01,0x00,0x21,0x77,0x03,0x88,0x90,0xc9,0xc7,0xb8,0x94,0xa0,0xda,0xc7,0xcb,0x03,0x77,0x0c,0x00,0x3d,0x0f,0x88,0x90,0xb8,0xc7,0xc9,0x94,0xb7,0xda,0xda,0xcb,0x88,0x09,0x77,0x0f,0x10,0x00,0x05,0x00,0x00,0x00,0x00,0x00,0x00,0x00,0x00,0x00,0x00,0x00,0x00,0x00,0x00,0x00,0x00,0x00,0x00,0x00,0x00,0x00,0x00,0x00,0x00,0x00,0x00,0x00,0x00,0x00,0x00,0x00,0x00,0x00,0x00,0x00,0x00,0x00,0x00,0x00,0x00,0x00,0x00,0x00,0x00,0x00,0x00,0x00,0x00,0x00,0x00,0x00,
    0x00,0x00,0x00,0x00,0x00,0x00,0x00,0x00,0x00,0x00,0x00,0x00,0x00,0x00,0x00,0x00,0x00,0x00,0x00,0x00,0x00,0x00,0x00,0x00,0x00,0x00,0x00,0x00,0x00,0x00,0x00,0x00,0x00,0x00,0x00,0x00,0x00,0x00,0x00,0x00,0x00,0x00,0x00,0x00,0x00,0x00,0x00,0x00,0x00,0x00,0x00,0x00,0x00,0x00,0x00,0x01,0x00,0x54,0x77,0x03,0x88,0x90,0xa0,0x81,0x94,0xa0,0xa0,0xaf,0x90,0xa0,0x09,0x77,0x45,0x12,0x2d,0x09,0x03,0x99,0xa0,0x8e,0x94,0xa0,0xa0,0x99,0x90,0xa0,0x75,0x09,0x77,0x0f,0x12,0x00,0x05,0x00,0x00,0x00,0x00,0x00,0x00,0x00,0x00,0x00,0x00,0x00,0x00,0x00,0x00,0x00,0x00,0x00,0x00,0x00,0x00,0x00,0x00,0x00,0x00,0x00,0x00,0x00,0x00,0x00,0x00,0x00,0x00,0x00,0x00,0x00,0x00,0x00,0x00,0x00,0x00,0x00,0x00,0x00,0x00,0x00,0x00,0x00,0x00,0x00,0x00,0x00,
    0x00,0x00,0x00,0x00,0x00,0x00,0x00,0x00,0x00,0x00,0x00,0x00,0x00,0x00,0x00,0x00,0x00,0x00,0x00,0x00,0x00,0x00,0x00,0x00,0x00,0x00,0x00,0x00,0x00,0x00,0x00,0x00,0x00,0x00,0x00,0x00,0x00,0x00,0x00,0x00,0x00,0x00,0x00,0x00,0x00,0x00,0x00,0x00,0x00,0x00,0x00,0x00,0x00,0x00,0x00,0x01,0x02,0x20,0x77,0x03,0x77,0x88,0x80,0x75,0x80,0x80,0x80,0x86,0x75,0x80,0x77,0x09,0x77,0x29,0x16,0x77,0x03,0x88,0x80,0x75,0x80,0x80,0x80,0x88,0x88,0x80,0x77,0x09,0x09,0x25,0x21,0x00,0x02,0x00,0x00,0x00,0x00,0x00,0x00,0x00,0x00,0x00,0x00,0x00,0x00,0x00,0x00,0x00,0x00,0x00,0x00,0x00,0x00,0x00,0x00,0x00,0x00,0x00,0x00,0x00,0x00,0x00,0x00,0x00,0x00,0x00,0x00,0x00,0x00,0x00,0x00,0x00,0x00,0x00,0x00,0x00,0x00,0x00,0x00,0x00,0x00,0x00,0x00,0x00,
    0x00,0x00,0x00,0x00,0x00,0x00,0x00,0x00,0x00,0x00,0x00,0x00,0x00,0x00,0x00,0x00,0x00,0x00,0x00,0x00,0x00,0x00,0x00,0x00,0x00,0x00,0x00,0x00,0x00,0x00,0x00,0x00,0x00,0x00,0x00,0x00,0x00,0x00,0x00,0x00,0x00,0x00,0x00,0x00,0x00,0x00,0x00,0x00,0x00,0x00,0x00,0x00,0x00,0x00,0x05,0x00,0x10,0x0f,0x77,0x09,0x77,0x77,0x79,0x77,0x79,0x79,0x79,0x79,0x77,0x79,0x77,0x03,0x09,0x16,0x0b,0x77,0x09,0x77,0x79,0x79,0x79,0x79,0x79,0x79,0x77,0x79,0x77,0x77,0x03,0x77,0x11,0x00,0x01,0x00,0x00,0x00,0x00,0x00,0x00,0x00,0x00,0x00,0x00,0x00,0x00,0x00,0x00,0x00,0x00,0x00,0x00,0x00,0x00,0x00,0x00,0x00,0x00,0x00,0x00,0x00,0x00,0x00,0x00,0x00,0x00,0x00,0x00,0x00,0x00,0x00,0x00,0x00,0x00,0x00,0x00,0x00,0x00,0x00,0x00,0x00,0x00,0x00,0x00,0x00,
    0x00,0x00,0x00,0x00,0x00,0x00,0x00,0x00,0x00,0x00,0x00,0x00,0x00,0x00,0x00,0x00,0x00,0x00,0x00,0x00,0x00,0x00,0x00,0x00,0x00,0x00,0x00,0x00,0x00,0x00,0x00,0x00,0x00,0x00,0x00,0x00,0x00,0x00,0x00,0x00,0x00,0x00,0x00,0x00,0x00,0x00,0x00,0x00,0x00,0x00,0x00,0x00,0x00,0x00,0x05,0x00,0x10,0x0f,0x77,0x09,0x77,0x77,0x77,0x77,0x77,0x77,0x77,0x77,0x77,0x77,0x77,0x03,0x77,0x20,0x0f,0x77,0x77,0x77,0x77,0x77,0x77,0x77,0x77,0x77,0x77,0x77,0x77,0x77,0x03,0x77,0x11,0x00,0x01,0x00,0x00,0x00,0x00,0x00,0x00,0x00,0x00,0x00,0x00,0x00,0x00,0x00,0x00,0x00,0x00,0x00,0x00,0x00,0x00,0x00,0x00,0x00,0x00,0x00,0x00,0x00,0x00,0x00,0x00,0x00,0x00,0x00,0x00,0x00,0x00,0x00,0x00,0x00,0x00,0x00,0x00,0x00,0x00,0x00,0x00,0x00,0x00,0x00,0x00,0x00,
    0x00,0x00,0x00,0x00,0x00,0x00,0x00,0x00,0x00,0x00,0x00,0x00,0x00,0x00,0x00,0x00,0x00,0x00,0x00,0x00,0x00,0x00,0x00,0x00,0x00,0x00,0x00,0x00,0x00,0x00,0x00,0x00,0x00,0x00,0x00,0x00,0x00,0x00,0x00,0x00,0x00,0x00,0x00,0x00,0x00,0x00,0x00,0x00,0x00,0x00,0x00,0x00,0x00,0x00,0x05,0x00,0x10,0x0f,0x77,0x09,0x77,0x77,0x77,0x77,0x77,0x77,0x77,0x77,0x77,0x77,0x77,0x77,0x77,0x25,0x09,0x77,0x77,0x77,0x77,0x77,0x77,0x77,0x77,0x77,0x77,0x77,0x77,0x77,0x03,0x77,0x11,0x00,0x01,0x00,0x00,0x00,0x00,0x00,0x00,0x00,0x00,0x00,0x00,0x00,0x00,0x00,0x00,0x00,0x00,0x00,0x00,0x00,0x00,0x00,0x00,0x00,0x00,0x00,0x00,0x00,0x00,0x00,0x00,0x00,0x00,0x00,0x00,0x00,0x00,0x00,0x00,0x00,0x00,0x00,0x00,0x00,0x00,0x00,0x00,0x00,0x00,0x00,0x00,0x00,
    0x00,0x00,0x00,0x00,0x00,0x00,0x00,0x00,0x00,0x00,0x00,0x00,0x00,0x00,0x00,0x00,0x00,0x00,0x00,0x00,0x00,0x00,0x00,0x00,0x00,0x00,0x00,0x00,0x00,0x00,0x00,0x00,0x00,0x00,0x00,0x00,0x00,0x00,0x00,0x00,0x00,0x00,0x00,0x00,0x00,0x00,0x00,0x00,0x00,0x00,0x00,0x00,0x00,0x00,0x05,0x00,0x10,0x25,0x77,0x09,0x77,0x77,0x75,0x77,0x77,0x77,0x77,0x77,0x77,0x77,0x77,0x09,0x77,0x0b,0x25,0x77,0x77,0x77,0x77,0x77,0x77,0x77,0x77,0x77,0x77,0x77,0x77,0x77,0x03,0x09,0x11,0x00,0x01,0x00,0x00,0x00,0x00,0x00,0x00,0x00,0x00,0x00,0x00,0x00,0x00,0x00,0x00,0x00,0x00,0x00,0x00,0x00,0x00,0x00,0x00,0x00,0x00,0x00,0x00,0x00,0x00,0x00,0x00,0x00,0x00,0x00,0x00,0x00,0x00,0x00,0x00,0x00,0x00,0x00,0x00,0x00,0x00,0x00,0x00,0x00,0x00,0x00,0x00,0x00,
    0x00,0x00,0x00,0x00,0x00,0x00,0x00,0x00,0x00,0x00,0x00,0x00,0x00,0x00,0x00,0x00,0x00,0x00,0x00,0x00,0x00,0x00,0x00,0x00,0x00,0x00,0x00,0x00,0x00,0x00,0x00,0x00,0x00,0x00,0x00,0x00,0x00,0x00,0x00,0x00,0x00,0x00,0x00,0x00,0x00,0x00,0x00,0x00,0x00,0x00,0x00,0x00,0x00,0x00,0x00,0x01,0x01,0x0c,0x09,0x06,0x81,0x81,0x7b,0x79,0x77,0x75,0x77,0x77,0x77,0x77,0x77,0x03,0x03,0x20,0x0f,0x09,0x77,0x77,0x77,0x79,0x79,0x79,0x79,0x77,0x77,0x77,0x77,0x09,0x03,0x09,0x3c,0x00,0x02,0x00,0x00,0x00,0x00,0x00,0x00,0x00,0x00,0x00,0x00,0x00,0x00,0x00,0x00,0x00,0x00,0x00,0x00,0x00,0x00,0x00,0x00,0x00,0x00,0x00,0x00,0x00,0x00,0x00,0x00,0x00,0x00,0x00,0x00,0x00,0x00,0x00,0x00,0x00,0x00,0x00,0x00,0x00,0x00,0x00,0x00,0x00,0x00,0x00,0x00,0x00,
    0x00,0x00,0x00,0x00,0x00,0x00,0x00,0x00,0x00,0x00,0x00,0x00,0x00,0x00,0x00,0x00,0x00,0x00,0x00,0x00,0x00,0x00,0x00,0x00,0x00,0x00,0x00,0x00,0x00,0x00,0x00,0x00,0x00,0x00,0x00,0x00,0x00,0x00,0x00,0x00,0x00,0x00,0x00,0x00,0x00,0x00,0x00,0x00,0x00,0x00,0x00,0x00,0x00,0x00,0x00,0x01,0x00,0x11,0x79,0x8e,0x8e,0x8e,0x06,0x06,0x7b,0x77,0x77,0x09,0x06,0x06,0x06,0x7b,0x77,0x11,0x0b,0x7b,0x06,0x06,0x06,0x06,0x06,0x81,0x79,0x09,0x06,0x06,0x8e,0x8e,0x7b,0x0c,0x02,0x02,0x00,0x00,0x00,0x00,0x00,0x00,0x00,0x00,0x00,0x00,0x00,0x00,0x00,0x00,0x00,0x00,0x00,0x00,0x00,0x00,0x00,0x00,0x00,0x00,0x00,0x00,0x00,0x00,0x00,0x00,0x00,0x00,0x00,0x00,0x00,0x00,0x00,0x00,0x00,0x00,0x00,0x00,0x00,0x00,0x00,0x00,0x00,0x00,0x00,0x00,0x00,0x00,
    0x00,0x00,0x00,0x00,0x00,0x00,0x00,0x00,0x00,0x00,0x00,0x00,0x00,0x00,0x00,0x00,0x00,0x00,0x00,0x00,0x00,0x00,0x00,0x00,0x00,0x00,0x00,0x00,0x00,0x00,0x00,0x00,0x00,0x00,0x00,0x00,0x00,0x00,0x00,0x00,0x00,0x00,0x00,0x00,0x00,0x00,0x00,0x00,0x00,0x00,0x00,0x00,0x00,0x00,0x00,0x00,0x01,0x00,0x54,0x03,0x81,0x8e,0x81,0x81,0x81,0x81,0x81,0x81,0x06,0x06,0x81,0x0f,0x2f,0x00,0x2d,0x0b,0x81,0x8e,0x81,0x06,0x81,0x75,0x77,0x77,0x7b,0x81,0x81,0x81,0x0c,0x12,0x02,0x05,0x00,0x00,0x00,0x00,0x00,0x00,0x00,0x00,0x00,0x00,0x00,0x00,0x00,0x00,0x00,0x00,0x00,0x00,0x00,0x00,0x00,0x00,0x00,0x00,0x00,0x00,0x00,0x00,0x00,0x00,0x00,0x00,0x00,0x00,0x00,0x00,0x00,0x00,0x00,0x00,0x00,0x00,0x00,0x00,0x00,0x00,0x00,0x00,0x00,0x00,0x00,0x00,
    0x00,0x00,0x00,0x00,0x00,0x00,0x00,0x00,0x00,0x00,0x00,0x00,0x00,0x00,0x00,0x00,0x00,0x00,0x00,0x00,0x00,0x00,0x00,0x00,0x00,0x00,0x00,0x00,0x00,0x00,0x00,0x00,0x00,0x00,0x00,0x00,0x00,0x00,0x00,0x00,0x00,0x00,0x00,0x00,0x00,0x00,0x00,0x00,0x00,0x00,0x00,0x00,0x00,0x00,0x00,0x00,0x00,0x01,0x00,0x3c,0x11,0x20,0x0b,0x8e,0x8e,0x8e,0x8e,0x8e,0x0c,0x0c,0x54,0x29,0x00,0x02,0x00,0x01,0x2f,0x0c,0x0c,0x0c,0x0f,0x75,0x77,0x45,0x0c,0x20,0x11,0x2d,0x00,0x00,0x05,0x00,0x00,0x00,0x00,0x00,0x00,0x00,0x00,0x00,0x00,0x00,0x00,0x00,0x00,0x00,0x00,0x00,0x00,0x00,0x00,0x00,0x00,0x00,0x00,0x00,0x00,0x00,0x00,0x00,0x00,0x00,0x00,0x00,0x00,0x00,0x00,0x00,0x00,0x00,0x00,0x00,0x00,0x00,0x00,0x00,0x00,0x00,0x00,0x00,0x00,0x00,0x00,0x00,
    0x00,0x00,0x00,0x00,0x00,0x00,0x00,0x00,0x00,0x00,0x00,0x00,0x00,0x00,0x00,0x00,0x00,0x00,0x00,0x00,0x00,0x00,0x00,0x00,0x00,0x00,0x00,0x00,0x00,0x00,0x00,0x00,0x00,0x00,0x00,0x00,0x00,0x00,0x00,0x00,0x00,0x00,0x00,0x00,0x00,0x00,0x00,0x00,0x00,0x00,0x00,0x00,0x00,0x00,0x00,0x00,0x00,0x00,0x02,0x00,0x00,0x00,0x01,0x29,0x29,0x29,0x29,0x3d,0x00,0x00,0x00,0x00,0x01,0x00,0x01,0x05,0x10,0x00,0x00,0x00,0x3d,0x29,0x29,0x10,0x00,0x00,0x00,0x00,0x00,0x05,0x00,0x00,0x00,0x00,0x00,0x00,0x00,0x00,0x00,0x00,0x00,0x00,0x00,0x00,0x00,0x00,0x00,0x00,0x00,0x00,0x00,0x00,0x00,0x00,0x00,0x00,0x00,0x00,0x00,0x00,0x00,0x00,0x00,0x00,0x00,0x00,0x00,0x00,0x00,0x00,0x00,0x00,0x00,0x00,0x00,0x00,0x00,0x00,0x00,0x00,0x00,0x00,0x00,0x00,
    0x00,0x00,0x00,0x00,0x00,0x00,0x00,0x00,0x00,0x00,0x00,0x00,0x00,0x00,0x00,0x00,0x00,0x00,0x00,0x00,0x00,0x00,0x00,0x00,0x00,0x00,0x00,0x00,0x00,0x00,0x00,0x00,0x00,0x00,0x00,0x00,0x00,0x00,0x00,0x00,0x00,0x00,0x00,0x00,0x00,0x00,0x00,0x00,0x00,0x00,0x00,0x00,0x00,0x00,0x00,0x00,0x00,0x00,0x00,0x02,0x01,0x01,0x00,0x00,0x00,0x00,0x00,0x00,0x01,0x01,0x01,0x02,0x00,0x00,0x00,0x00,0x00,0x02,0x01,0x01,0x00,0x00,0x00,0x00,0x01,0x01,0x01,0x01,0x05,0x00,0x00,0x00,0x00,0x00,0x00,0x00,0x00,0x00,0x00,0x00,0x00,0x00,0x00,0x00,0x00,0x00,0x00,0x00,0x00,0x00,0x00,0x00,0x00,0x00,0x00,0x00,0x00,0x00,0x00,0x00,0x00,0x00,0x00,0x00,0x00,0x00,0x00,0x00,0x00,0x00,0x00,0x00,0x00,0x00,0x00,0x00,0x00,0x00,0x00,0x00,0x00,0x00,0x00,0x00,

};

const lv_image_dsc_t passport_pet_waiting_4 = {
  .header = {
    .magic = LV_IMAGE_HEADER_MAGIC,
    .cf = LV_COLOR_FORMAT_I8,
    .flags = 0,
    .w = 144,
    .h = 156,
    .stride = 144,
    .reserved_2 = 0,
  },
  .data_size = sizeof(passport_pet_waiting_4_map),
  .data = passport_pet_waiting_4_map,
  .reserved = NULL,
};
