
#if defined(LV_LVGL_H_INCLUDE_SIMPLE)
#include "lvgl.h"
#elif defined(LV_LVGL_H_INCLUDE_SYSTEM)
#include <lvgl.h>
#elif defined(LV_BUILD_TEST)
#include "../lvgl.h"
#else
#include "lvgl/lvgl.h"
#endif

#ifndef LV_ATTRIBUTE_MEM_ALIGN
#define LV_ATTRIBUTE_MEM_ALIGN
#endif

#ifndef LV_ATTRIBUTE_PASSPORT_PET_IDLE_5
#define LV_ATTRIBUTE_PASSPORT_PET_IDLE_5
#endif

static const
LV_ATTRIBUTE_MEM_ALIGN LV_ATTRIBUTE_LARGE_CONST LV_ATTRIBUTE_PASSPORT_PET_IDLE_5
uint8_t passport_pet_idle_5_map[] = {

    0x4c,0x70,0x47,0x00,0x25,0x00,0x16,0x01,0x14,0x13,0x16,0x03,0x99,0xb4,0xb3,0x01,
    0xb7,0xd7,0xe3,0x03,0x14,0x13,0x13,0xfc,0x10,0x0f,0x10,0x25,0xd6,0xea,0xff,0xfe,
    0x77,0x7f,0x86,0x04,0x8f,0xa9,0xa6,0x03,0x6e,0x59,0x56,0x02,0xb4,0xd4,0xeb,0xfe,
    0x0b,0x0a,0x0b,0xfa,0x39,0x3c,0x3d,0x08,0xce,0xe9,0xfe,0xfe,0x13,0x10,0x0f,0x3d,
    0xa2,0xbe,0xd1,0xfd,0x0f,0x0d,0x0e,0xf0,0x23,0x1e,0x1d,0x0e,0x0b,0x0a,0x0b,0x80,
    0xa4,0xc2,0xdc,0xfe,0xbe,0xdf,0xf7,0xfe,0x28,0x22,0x20,0x17,0x7f,0x7c,0x73,0x11,
    0x10,0x0e,0x0f,0xc4,0x0e,0x0c,0x0d,0xdf,0xbf,0xcf,0xe2,0xfc,0x2c,0x2a,0x2f,0xfd,
    0x28,0x1f,0x21,0xfc,0xc0,0x78,0x0b,0xfe,0x7e,0x91,0xa5,0xfd,0x0f,0x0e,0x0f,0x9e,
    0x18,0x18,0x19,0x6b,0xc9,0xd2,0xdd,0xfe,0xb1,0x68,0x08,0xfe,0xc4,0xdb,0xe5,0x0f,
    0x79,0x8f,0x9f,0x58,0x65,0x6c,0x74,0x29,0x0f,0x0e,0x0e,0x5d,0x75,0x8a,0x9a,0x3e,
    0x97,0xaf,0xc0,0xa0,0xaa,0xb7,0xca,0xfc,0x61,0x67,0x6b,0x1e,0x54,0x59,0x5e,0xd9,
    0x56,0x60,0x6f,0xa2,0x51,0x5a,0x63,0x88,0x7d,0x84,0x94,0xfe,0x91,0xa5,0xb3,0x1d,
    0x73,0x8a,0x9e,0xe9,0x58,0x5e,0x64,0xba,0x10,0x0c,0x0b,0xaf,0xa5,0xba,0xc8,0x3f,
    0x97,0xb1,0xc2,0x5a,0x57,0x60,0x6a,0x6e,0xa8,0xaa,0xae,0xfe,0x8e,0xa2,0xb3,0xd1,
    0x12,0x12,0x14,0x4b,0x0c,0x0d,0x0f,0x2d,0x85,0x99,0xa9,0x84,0x47,0x55,0x60,0x3a,
    0x6f,0x7f,0x90,0x88,0x75,0x8c,0x9e,0x9c,0xb7,0xd1,0xe0,0xd6,0x80,0x9a,0xab,0x70,
    0x15,0x10,0x0d,0x74,0x70,0x83,0x93,0xcb,0xbe,0xd6,0xe4,0x56,0x7c,0x99,0xad,0xb9,
    0xae,0xc5,0xd3,0x2a,0x9b,0xb4,0xc5,0x8c,0x4e,0x5b,0x6f,0xfc,0xb4,0xc9,0xd7,0x92,
    0x58,0x51,0x4d,0x4f,0x91,0xa9,0xbb,0xef,0x48,0x51,0x5c,0xce,0x63,0x74,0x89,0xb0,
    0xb7,0xcd,0xdf,0x69,0x6f,0x78,0x83,0xdb,0xa4,0xbb,0xcc,0xd1,0xae,0xcc,0xdb,0xcb,
    0x9a,0xac,0xbb,0xdc,0x9d,0xba,0xcb,0xde,0xdc,0x89,0x05,0xbf,0xde,0x88,0x03,0xef,
    0x86,0x4b,0x07,0x96,0x5e,0x38,0x0a,0xfe,0xc1,0xd7,0xe4,0xa1,0x37,0x3a,0x40,0xc9,
    0x99,0xb5,0xc6,0xb5,0x5f,0x72,0x84,0x59,0x60,0x6f,0x85,0xf9,0xb4,0x64,0x05,0xbd,
    0x08,0x07,0x09,0x8e,0x7b,0x9d,0xb1,0xea,0xae,0x6f,0x1b,0x69,0xc5,0x7a,0x03,0x4e,
    0xc5,0x77,0x06,0xe7,0xcb,0xc6,0xb8,0x07,0x8e,0x52,0x06,0x3a,0x91,0xaa,0xff,0xfe,
    0x35,0x44,0x52,0xef,0xc1,0x77,0x03,0x91,0xe2,0x8d,0x00,0x3f,0x15,0x14,0x14,0xff,
    0xd1,0xe6,0xfb,0xff,0x16,0x15,0x14,0xff,0xbc,0xe1,0xfa,0xff,0x0b,0x09,0x0a,0xff,
    0x0c,0x0b,0x0c,0xff,0x10,0x0f,0x10,0xff,0xd0,0xe4,0xfa,0xff,0x0f,0x0d,0x0e,0xff,
    0xf3,0x96,0x01,0xff,0x07,0x06,0x07,0xff,0x17,0x16,0x16,0xff,0x12,0x10,0x11,0xff,
    0x13,0x12,0x12,0xff,0xd5,0xe7,0xfb,0xff,0x01,0x02,0x04,0xff,0xc3,0xe3,0xfa,0xff,
    0xba,0xe0,0xfa,0xff,0xe5,0xec,0xfa,0xff,0xde,0xea,0xfa,0xff,0xda,0xed,0xff,0xff,
    0xf0,0x93,0x01,0xff,0xcf,0xe3,0xf9,0xff,0xb8,0xdd,0xf7,0xff,0xca,0xe4,0xfb,0xff,
    0xe5,0x8a,0x04,0xff,0xe7,0xf1,0xfd,0xff,0x23,0x17,0x18,0xff,0xf7,0x9a,0x02,0xff,
    0x23,0x1d,0x20,0xff,0xdd,0xf1,0xff,0xff,0xf1,0xfb,0xff,0xff,0xc2,0xe8,0xff,0xff,
    0xbf,0xe4,0xfd,0xff,0xcf,0xde,0xf6,0xff,0xc8,0xdf,0xf6,0xff,0x7b,0x42,0x4e,0xff,
    0xed,0xf5,0xfd,0xff,0x2e,0x1b,0x1d,0xff,0xb5,0xda,0xf4,0xff,0x90,0xa9,0xbd,0xff,
    0xec,0x8e,0x02,0xff,0x9b,0xb6,0xca,0xff,0x29,0x25,0x29,0xff,0x8c,0x98,0xa7,0xff,
    0xc4,0xd4,0xe9,0xff,0xc7,0xec,0xff,0xff,0x6e,0x7b,0x8b,0xff,0xbe,0xda,0xf1,0xff,
    0xe1,0xe8,0xf3,0xff,0xce,0xd9,0xf5,0xff,0xfc,0x9f,0x01,0xff,0xd6,0xe4,0xf8,0xff,
    0xcf,0xda,0xe9,0xff,0xb1,0xce,0xe8,0xff,0x9a,0xaf,0xc2,0xff,0x46,0x28,0x2e,0xff,
    0xe4,0xf7,0xff,0xff,0xe0,0x84,0x02,0xff,0xd8,0xe1,0xec,0xff,0x39,0x22,0x27,0xff,
    0xad,0xcb,0xe0,0xff,0x8d,0x9e,0xb2,0xff,0x1b,0x13,0x14,0xff,0x82,0x98,0xb2,0xff,
    0xfc,0xff,0xff,0xff,0xb3,0xc7,0xdc,0xff,0xb3,0x40,0x09,0xff,0xd3,0xed,0xff,0xff,
    0xa8,0xb1,0xbd,0xff,0x92,0x4a,0x59,0xff,0xd4,0x7b,0x04,0xff,0x72,0x8a,0xa4,0xff,
    0x96,0xa7,0xb5,0xff,0xc5,0x6c,0x04,0xff,0x9c,0xa1,0xa9,0xff,0xaf,0xbf,0xd3,0xff,
    0x64,0x3a,0x44,0xff,0x93,0xad,0xcc,0xff,0xc0,0xcb,0xd9,0xff,0x82,0x8d,0x9c,0xff,
    0x35,0x37,0x40,0xff,0xc4,0xd2,0xf7,0xff,0x98,0x52,0x61,0xff,0x3e,0x44,0x51,0xff,
    0x60,0x67,0x76,0xff,0x19,0x18,0x1e,0xff,0x95,0x78,0x51,0xff,0x75,0x52,0x58,0xff,
    0x88,0xa1,0xbb,0xff,0xcc,0xf1,0xff,0xff,0x51,0x65,0x88,0xff,0x6b,0x43,0x46,0xff,
    0xb5,0xba,0xc2,0xff,0xae,0x73,0x28,0xff,0x56,0x32,0x3a,0xff,0xbb,0xc3,0xcf,0xff,
    0xb4,0x61,0x73,0xff,0x9d,0xb8,0xd6,0xff,0x4f,0x57,0x57,0xff,0xcb,0x6b,0x7f,0xff,
    0x54,0x2f,0x0a,0xff,0x94,0xaa,0xf5,0xff,0xa2,0xb8,0xf4,0xff,0x62,0x74,0xa6,0xff,
    0xc6,0xca,0xf8,0xff,0xa9,0xc9,0xe7,0xff,0x8d,0x49,0x0d,0xff,0x9b,0x5a,0x0b,0xff,
    0x7c,0x32,0x10,0xff,0x9b,0x88,0x74,0xff,0xa4,0x37,0x07,0xff,0x45,0x4f,0x72,0xff,
    0x70,0x71,0x78,0xff,0x93,0x5f,0x6c,0xff,0x8f,0x8f,0x93,0xff,0x70,0x42,0x1a,0xff,
    0xaf,0xc4,0xfa,0xff,0x8c,0x7f,0x80,0xff,0xe4,0x5b,0x62,0xff,0xa8,0x56,0x67,0xff,
    0xa2,0x3c,0x43,0xff,0x78,0x67,0x58,0xff,0x80,0x98,0xcb,0xff,0xd5,0x74,0x03,0xff,
    0x98,0x64,0x1f,0xff,0xbc,0x50,0x04,0xff,0xa5,0x99,0x99,0xff,0xe3,0x87,0x9a,0xff,
    0x8c,0xa3,0xe2,0xff,0xc9,0x82,0x12,0xff,0x50,0x68,0xb9,0xff,0xdb,0x76,0x8b,0xff,
    0xff,0xaa,0x03,0xff,0x71,0x86,0xbc,0xff,0x87,0x71,0x79,0xff,0xc1,0x4b,0x59,0xff,
    0xaf,0x95,0x6a,0xff,0x73,0x2e,0x39,0xff,0x83,0x5a,0x3f,0xff,0xfd,0xca,0xd4,0xff,
    0x1b,0x72,0x95,0xff,0x17,0xdd,0xfb,0xff,0x16,0xb6,0xe4,0xff,0x51,0x1f,0x0c,0xff,
    0xf4,0xa6,0xb8,0xff,0xa7,0x89,0x52,0xff,0xb8,0x88,0x92,0xff,0x6c,0xa1,0xd1,0xff,
    0x12,0x94,0xc0,0xff,0xff,0xde,0xe4,0xff,0xef,0xb8,0xc5,0xff,0xe2,0x9d,0xa9,0xff,

    0x00,0x00,0x00,0x00,0x00,0x00,0x00,0x00,0x00,0x00,0x00,0x00,0x00,0x00,0x00,0x00,0x00,0x00,0x00,0x00,0x00,0x00,0x00,0x00,0x00,0x00,0x00,0x00,0x00,0x00,0x00,0x00,0x00,0x00,0x00,0x00,0x00,0x00,0x00,0x00,0x00,0x00,0x00,0x00,0x00,0x00,0x00,0x00,0x00,0x00,0x00,0x00,0x00,0x00,0x00,0x00,0x00,0x00,0x00,0x00,0x00,0x03,0x08,0x00,0x00,0x00,0x00,0x00,0x00,0x00,0x00,0x00,0x00,0x00,0x00,0x00,0x00,0x00,0x00,0x00,0x00,0x00,0x00,0x00,0x00,0x00,0x00,0x00,0x00,0x00,0x00,0x00,0x00,0x00,0x00,0x00,0x00,0x00,0x00,0x00,0x00,0x00,0x00,0x00,0x00,0x00,0x00,0x00,0x00,0x00,0x00,0x00,0x00,0x00,0x00,0x00,0x00,0x00,0x00,0x00,0x00,0x00,0x00,0x00,0x00,0x00,0x00,0x00,0x00,0x00,0x00,0x00,0x00,0x00,0x00,0x00,0x00,0x00,0x00,0x00,0x00,0x00,0x00,0x00,
    0x00,0x00,0x00,0x00,0x00,0x00,0x00,0x00,0x00,0x00,0x00,0x00,0x00,0x00,0x00,0x00,0x00,0x00,0x00,0x00,0x00,0x00,0x00,0x00,0x00,0x00,0x00,0x00,0x00,0x00,0x00,0x00,0x00,0x00,0x00,0x00,0x00,0x00,0x00,0x00,0x00,0x00,0x00,0x00,0x00,0x00,0x00,0x00,0x00,0x00,0x00,0x00,0x00,0x00,0x00,0x00,0x00,0x00,0x00,0x00,0x0a,0x00,0x00,0x0a,0x17,0x00,0x03,0x00,0x00,0x00,0x00,0x00,0x00,0x00,0x00,0x00,0x00,0x00,0x00,0x00,0x00,0x00,0x00,0x00,0x00,0x00,0x00,0x00,0x00,0x00,0x00,0x00,0x00,0x00,0x00,0x00,0x00,0x00,0x00,0x00,0x00,0x00,0x00,0x00,0x00,0x00,0x00,0x00,0x00,0x00,0x00,0x00,0x00,0x00,0x00,0x00,0x00,0x00,0x00,0x00,0x00,0x00,0x00,0x00,0x00,0x00,0x00,0x00,0x00,0x00,0x00,0x00,0x00,0x00,0x00,0x00,0x00,0x00,0x00,0x00,0x00,0x00,0x00,0x00,
    0x00,0x00,0x00,0x00,0x00,0x00,0x00,0x00,0x00,0x00,0x00,0x00,0x00,0x00,0x00,0x00,0x00,0x00,0x00,0x00,0x00,0x00,0x00,0x00,0x00,0x00,0x00,0x00,0x00,0x00,0x00,0x00,0x00,0x00,0x00,0x00,0x00,0x00,0x00,0x00,0x00,0x00,0x00,0x00,0x00,0x00,0x00,0x00,0x00,0x00,0x00,0x00,0x00,0x00,0x00,0x00,0x00,0x00,0x00,0x0a,0x00,0x17,0x3a,0x5d,0x43,0x00,0x03,0x00,0x00,0x00,0x00,0x00,0x00,0x00,0x00,0x00,0x00,0x00,0x00,0x00,0x00,0x00,0x00,0x00,0x00,0x00,0x00,0x00,0x00,0x00,0x00,0x00,0x00,0x00,0x00,0x00,0x00,0x00,0x00,0x00,0x00,0x00,0x00,0x00,0x00,0x00,0x00,0x00,0x00,0x00,0x00,0x00,0x00,0x00,0x00,0x00,0x00,0x00,0x00,0x00,0x00,0x00,0x00,0x00,0x00,0x00,0x00,0x00,0x00,0x00,0x00,0x00,0x00,0x00,0x00,0x00,0x00,0x00,0x00,0x00,0x00,0x00,0x00,0x00,
    0x00,0x00,0x00,0x00,0x00,0x00,0x00,0x00,0x00,0x00,0x00,0x00,0x00,0x00,0x00,0x00,0x00,0x00,0x00,0x00,0x00,0x00,0x00,0x00,0x00,0x00,0x00,0x00,0x00,0x00,0x00,0x00,0x00,0x00,0x00,0x00,0x00,0x00,0x00,0x00,0x00,0x00,0x00,0x00,0x00,0x00,0x00,0x00,0x00,0x00,0x00,0x00,0x00,0x00,0x00,0x00,0x00,0x00,0x0a,0x00,0x27,0x5d,0x5d,0x24,0x17,0x03,0x00,0x00,0x00,0x00,0x00,0x00,0x00,0x00,0x00,0x00,0x00,0x00,0x00,0x00,0x00,0x00,0x00,0x00,0x00,0x00,0x00,0x00,0x00,0x00,0x00,0x00,0x00,0x00,0x00,0x00,0x00,0x00,0x00,0x00,0x00,0x00,0x00,0x00,0x00,0x00,0x00,0x00,0x00,0x00,0x00,0x00,0x00,0x00,0x00,0x00,0x00,0x00,0x00,0x00,0x00,0x00,0x00,0x00,0x00,0x00,0x00,0x00,0x00,0x00,0x00,0x00,0x00,0x00,0x00,0x00,0x00,0x00,0x00,0x00,0x00,0x00,0x00,0x00,
    0x00,0x00,0x00,0x00,0x00,0x00,0x00,0x00,0x00,0x00,0x00,0x00,0x00,0x00,0x00,0x00,0x00,0x00,0x00,0x00,0x00,0x00,0x00,0x00,0x00,0x00,0x00,0x00,0x00,0x00,0x00,0x00,0x00,0x00,0x00,0x00,0x00,0x00,0x00,0x00,0x00,0x00,0x00,0x00,0x00,0x00,0x00,0x00,0x00,0x00,0x00,0x00,0x00,0x00,0x00,0x00,0x00,0x0a,0x00,0x3b,0x1e,0x8f,0x27,0x00,0x03,0x00,0x00,0x00,0x00,0x00,0x00,0x00,0x00,0x00,0x00,0x00,0x00,0x00,0x00,0x00,0x00,0x00,0x00,0x00,0x00,0x00,0x00,0x00,0x00,0x00,0x00,0x00,0x00,0x00,0x00,0x00,0x00,0x00,0x00,0x00,0x00,0x00,0x00,0x00,0x00,0x00,0x00,0x00,0x00,0x00,0x00,0x00,0x00,0x00,0x00,0x00,0x00,0x00,0x00,0x00,0x00,0x00,0x00,0x00,0x00,0x00,0x00,0x00,0x00,0x00,0x00,0x00,0x00,0x00,0x00,0x00,0x00,0x00,0x00,0x00,0x00,0x00,0x00,0x00,
    0x00,0x00,0x00,0x00,0x00,0x00,0x00,0x00,0x00,0x00,0x00,0x00,0x00,0x00,0x00,0x00,0x00,0x00,0x00,0x00,0x00,0x00,0x00,0x00,0x00,0x00,0x00,0x00,0x00,0x00,0x00,0x00,0x00,0x00,0x00,0x00,0x00,0x00,0x00,0x00,0x00,0x00,0x00,0x00,0x00,0x00,0x00,0x00,0x00,0x00,0x00,0x00,0x00,0x00,0x00,0x00,0x00,0x02,0x0a,0x4b,0xc0,0x50,0x00,0x09,0x03,0x00,0x00,0x00,0x00,0x00,0x00,0x00,0x00,0x00,0x00,0x00,0x00,0x00,0x00,0x00,0x00,0x00,0x00,0x00,0x00,0x00,0x00,0x00,0x00,0x00,0x00,0x00,0x00,0x00,0x00,0x00,0x00,0x00,0x00,0x00,0x00,0x00,0x00,0x00,0x00,0x00,0x00,0x00,0x00,0x00,0x00,0x00,0x00,0x00,0x00,0x00,0x00,0x00,0x00,0x00,0x00,0x00,0x00,0x00,0x00,0x00,0x00,0x00,0x00,0x00,0x00,0x00,0x00,0x00,0x00,0x00,0x00,0x00,0x00,0x00,0x00,0x00,0x00,0x00,
    0x00,0x00,0x00,0x00,0x00,0x00,0x00,0x00,0x00,0x00,0x00,0x00,0x00,0x00,0x00,0x00,0x00,0x00,0x00,0x00,0x00,0x00,0x00,0x00,0x00,0x00,0x00,0x00,0x00,0x00,0x00,0x00,0x00,0x00,0x00,0x00,0x00,0x00,0x00,0x00,0x00,0x00,0x00,0x00,0x00,0x00,0x00,0x00,0x00,0x00,0x00,0x00,0x00,0x00,0x00,0x00,0x0a,0x00,0x25,0x96,0x91,0x51,0x03,0x00,0x00,0x00,0x00,0x00,0x00,0x00,0x00,0x00,0x00,0x00,0x00,0x00,0x00,0x00,0x00,0x00,0x00,0x00,0x00,0x00,0x00,0x00,0x00,0x00,0x00,0x00,0x00,0x00,0x00,0x00,0x00,0x00,0x00,0x00,0x00,0x00,0x00,0x00,0x00,0x00,0x00,0x00,0x00,0x00,0x00,0x00,0x00,0x00,0x00,0x00,0x00,0x00,0x00,0x00,0x00,0x00,0x00,0x00,0x00,0x00,0x00,0x00,0x00,0x00,0x00,0x00,0x00,0x00,0x00,0x00,0x00,0x00,0x00,0x00,0x00,0x00,0x00,0x00,0x00,0x00,
    0x00,0x00,0x00,0x00,0x00,0x00,0x00,0x00,0x00,0x00,0x00,0x00,0x00,0x00,0x00,0x00,0x00,0x00,0x00,0x00,0x00,0x00,0x00,0x00,0x00,0x00,0x00,0x00,0x00,0x00,0x00,0x00,0x00,0x00,0x00,0x00,0x00,0x00,0x00,0x00,0x00,0x00,0x00,0x00,0x00,0x00,0x00,0x00,0x00,0x00,0x00,0x00,0x00,0x00,0x00,0x00,0x0a,0x00,0x25,0x96,0xc9,0x4f,0x00,0x00,0x00,0x00,0x00,0x00,0x00,0x00,0x00,0x00,0x00,0x00,0x00,0x00,0x00,0x00,0x00,0x00,0x00,0x00,0x00,0x00,0x00,0x00,0x00,0x00,0x00,0x00,0x00,0x00,0x00,0x00,0x00,0x00,0x00,0x00,0x00,0x00,0x00,0x00,0x00,0x00,0x00,0x00,0x00,0x00,0x00,0x00,0x00,0x00,0x00,0x00,0x00,0x00,0x00,0x00,0x00,0x00,0x00,0x00,0x00,0x00,0x00,0x00,0x00,0x00,0x00,0x00,0x00,0x00,0x00,0x00,0x00,0x00,0x00,0x00,0x00,0x00,0x00,0x00,0x00,0x00,
    0x00,0x00,0x00,0x00,0x00,0x00,0x00,0x00,0x00,0x00,0x00,0x00,0x00,0x00,0x00,0x00,0x00,0x00,0x00,0x00,0x00,0x00,0x00,0x00,0x00,0x00,0x00,0x00,0x00,0x00,0x00,0x00,0x00,0x00,0x00,0x00,0x00,0x00,0x00,0x00,0x00,0x00,0x00,0x00,0x00,0x00,0x00,0x00,0x00,0x00,0x00,0x00,0x00,0x00,0x00,0x00,0x0a,0x00,0x2f,0x91,0x8a,0x51,0x04,0x00,0x00,0x00,0x00,0x00,0x00,0x00,0x00,0x00,0x00,0x00,0x00,0x00,0x00,0x00,0x00,0x00,0x00,0x00,0x00,0x00,0x00,0x00,0x00,0x00,0x00,0x00,0x00,0x00,0x00,0x00,0x00,0x00,0x00,0x00,0x00,0x00,0x00,0x00,0x00,0x00,0x00,0x00,0x00,0x00,0x00,0x00,0x00,0x00,0x00,0x00,0x00,0x00,0x00,0x00,0x00,0x00,0x00,0x00,0x00,0x00,0x00,0x00,0x00,0x00,0x00,0x00,0x00,0x00,0x00,0x00,0x00,0x00,0x00,0x00,0x00,0x00,0x00,0x00,0x00,0x00,
    0x00,0x00,0x00,0x00,0x00,0x00,0x00,0x00,0x00,0x00,0x00,0x00,0x00,0x00,0x00,0x00,0x00,0x00,0x00,0x00,0x00,0x00,0x00,0x00,0x00,0x00,0x00,0x00,0x00,0x00,0x00,0x00,0x00,0x00,0x00,0x00,0x00,0x00,0x00,0x00,0x00,0x00,0x00,0x00,0x00,0x00,0x00,0x00,0x00,0x00,0x00,0x00,0x00,0x00,0x00,0x00,0x03,0x03,0x2f,0x9c,0x0e,0x10,0x27,0x0a,0x09,0x00,0x00,0x00,0x00,0x03,0x03,0x03,0x03,0x04,0x04,0x04,0x04,0x04,0x02,0x01,0x01,0x00,0x00,0x00,0x00,0x00,0x00,0x00,0x00,0x00,0x00,0x00,0x00,0x00,0x00,0x00,0x00,0x00,0x00,0x00,0x00,0x00,0x00,0x00,0x00,0x00,0x00,0x00,0x00,0x00,0x00,0x00,0x00,0x00,0x00,0x00,0x00,0x00,0x00,0x00,0x00,0x00,0x00,0x00,0x00,0x00,0x00,0x00,0x00,0x00,0x00,0x00,0x00,0x00,0x00,0x00,0x00,0x00,0x00,0x00,0x00,0x00,0x00,0x00,
    0x00,0x00,0x00,0x00,0x00,0x00,0x00,0x00,0x00,0x00,0x00,0x00,0x00,0x00,0x00,0x00,0x00,0x00,0x00,0x00,0x00,0x00,0x00,0x00,0x00,0x00,0x00,0x00,0x00,0x00,0x00,0x00,0x00,0x00,0x00,0x00,0x00,0x00,0x00,0x00,0x00,0x00,0x00,0x00,0x00,0x00,0x00,0x00,0x00,0x00,0x00,0x00,0x00,0x00,0x00,0x00,0x00,0x04,0x00,0x56,0x95,0x97,0x3d,0x00,0x04,0x08,0x09,0x04,0x08,0x00,0x00,0x00,0x00,0x00,0x00,0x00,0x00,0x00,0x00,0x00,0x00,0x08,0x09,0x03,0x00,0x00,0x00,0x00,0x00,0x00,0x00,0x00,0x00,0x00,0x00,0x00,0x00,0x00,0x00,0x00,0x00,0x00,0x00,0x00,0x00,0x00,0x00,0x00,0x00,0x00,0x00,0x00,0x00,0x00,0x00,0x00,0x00,0x00,0x00,0x00,0x00,0x00,0x00,0x00,0x00,0x00,0x00,0x00,0x00,0x00,0x00,0x00,0x00,0x00,0x00,0x00,0x00,0x00,0x00,0x00,0x00,0x00,0x00,0x00,
    0x00,0x00,0x00,0x00,0x00,0x00,0x00,0x00,0x00,0x00,0x00,0x00,0x00,0x00,0x00,0x00,0x00,0x00,0x00,0x00,0x00,0x00,0x00,0x00,0x00,0x00,0x00,0x00,0x00,0x00,0x00,0x00,0x00,0x00,0x00,0x00,0x00,0x00,0x00,0x00,0x00,0x00,0x00,0x00,0x00,0x00,0x00,0x00,0x00,0x00,0x00,0x00,0x00,0x00,0x00,0x00,0x00,0x09,0x03,0x33,0xa4,0x7e,0x14,0x3f,0x00,0x00,0x00,0x00,0x00,0x04,0x12,0x12,0x23,0x42,0x4c,0x42,0x4c,0x34,0x48,0x12,0x02,0x00,0x00,0x00,0x08,0x0a,0x00,0x00,0x00,0x00,0x00,0x00,0x00,0x00,0x00,0x00,0x00,0x00,0x00,0x00,0x00,0x00,0x00,0x00,0x00,0x00,0x00,0x00,0x00,0x00,0x00,0x00,0x00,0x00,0x00,0x00,0x00,0x00,0x00,0x00,0x00,0x00,0x00,0x00,0x00,0x00,0x00,0x00,0x00,0x00,0x00,0x00,0x00,0x00,0x00,0x00,0x00,0x00,0x00,0x00,0x00,0x00,0x00,0x00,
    0x00,0x00,0x00,0x00,0x00,0x00,0x00,0x00,0x00,0x00,0x00,0x00,0x00,0x00,0x00,0x00,0x00,0x00,0x00,0x00,0x00,0x00,0x00,0x00,0x00,0x00,0x00,0x00,0x00,0x00,0x00,0x00,0x00,0x00,0x00,0x00,0x00,0x00,0x00,0x00,0x00,0x00,0x00,0x00,0x00,0x00,0x00,0x00,0x00,0x00,0x00,0x00,0x00,0x00,0x00,0x00,0x00,0x00,0x04,0x00,0x34,0x8f,0x14,0x1e,0x41,0x3d,0x27,0x45,0x3d,0x4f,0x49,0x30,0x0b,0xab,0x95,0x87,0x95,0x88,0x96,0x5a,0x41,0x2c,0x59,0x17,0x00,0x00,0x09,0x09,0x00,0x00,0x00,0x00,0x00,0x00,0x00,0x00,0x00,0x00,0x00,0x00,0x00,0x00,0x00,0x00,0x00,0x00,0x00,0x00,0x00,0x00,0x00,0x00,0x00,0x00,0x00,0x00,0x00,0x00,0x00,0x00,0x00,0x00,0x00,0x00,0x00,0x00,0x00,0x00,0x00,0x00,0x00,0x00,0x00,0x00,0x00,0x00,0x00,0x00,0x00,0x00,0x00,0x00,0x00,0x00,
    0x00,0x00,0x00,0x00,0x00,0x00,0x00,0x00,0x00,0x00,0x00,0x00,0x00,0x00,0x00,0x00,0x00,0x00,0x00,0x00,0x00,0x00,0x00,0x00,0x00,0x00,0x00,0x00,0x00,0x00,0x00,0x00,0x00,0x00,0x00,0x00,0x00,0x00,0x00,0x00,0x00,0x00,0x00,0x00,0x00,0x00,0x00,0x00,0x00,0x00,0x00,0x00,0x00,0x00,0x00,0x00,0x01,0x09,0x09,0x08,0x00,0x2a,0x3d,0xc0,0xc0,0x91,0x91,0x6a,0x97,0x8a,0x07,0x8a,0x88,0x78,0x15,0x78,0x15,0x6a,0x7e,0x6a,0x9d,0x91,0x8f,0x30,0x2d,0x39,0x00,0x00,0x09,0x0a,0x00,0x00,0x00,0x00,0x00,0x00,0x00,0x00,0x00,0x00,0x00,0x00,0x00,0x00,0x00,0x00,0x00,0x00,0x00,0x00,0x00,0x00,0x00,0x00,0x00,0x00,0x00,0x00,0x00,0x00,0x00,0x00,0x00,0x00,0x00,0x00,0x00,0x00,0x00,0x00,0x00,0x00,0x00,0x00,0x00,0x00,0x00,0x00,0x00,0x00,0x00,0x00,0x00,0x00,
    0x00,0x00,0x00,0x00,0x00,0x00,0x00,0x00,0x00,0x00,0x00,0x00,0x00,0x00,0x00,0x00,0x00,0x00,0x00,0x00,0x00,0x00,0x00,0x00,0x00,0x00,0x00,0x00,0x00,0x00,0x00,0x00,0x00,0x00,0x00,0x00,0x00,0x00,0x00,0x00,0x00,0x00,0x00,0x00,0x00,0x00,0x00,0x00,0x00,0x00,0x00,0x00,0x00,0x00,0x0a,0x04,0x00,0x00,0x00,0x00,0x61,0x44,0x28,0x10,0x0b,0x97,0x7f,0x77,0x0e,0x7f,0x77,0x77,0x78,0x6a,0x6a,0x6a,0x6a,0x6a,0x8e,0x8e,0x7e,0x6a,0x7e,0x8e,0xa5,0xca,0x43,0x34,0x00,0x00,0x02,0x00,0x00,0x00,0x00,0x00,0x00,0x00,0x00,0x00,0x00,0x00,0x00,0x00,0x00,0x00,0x00,0x00,0x00,0x00,0x00,0x00,0x00,0x00,0x00,0x00,0x00,0x00,0x00,0x00,0x00,0x00,0x00,0x00,0x00,0x00,0x00,0x00,0x00,0x00,0x00,0x00,0x00,0x00,0x00,0x00,0x00,0x00,0x00,0x00,0x00,0x00,0x00,0x00,
    0x00,0x00,0x00,0x00,0x00,0x00,0x00,0x00,0x00,0x00,0x00,0x00,0x00,0x00,0x00,0x00,0x00,0x00,0x00,0x00,0x00,0x00,0x00,0x00,0x00,0x00,0x00,0x00,0x00,0x00,0x00,0x00,0x00,0x00,0x00,0x00,0x00,0x00,0x00,0x00,0x00,0x00,0x00,0x00,0x00,0x00,0x00,0x00,0x00,0x00,0x00,0x00,0x0a,0x02,0x00,0x00,0x61,0x34,0x34,0x2c,0x41,0x0b,0x78,0x8e,0x78,0x78,0x78,0x6a,0x78,0x78,0x6a,0x78,0x6a,0x6a,0x6a,0x6a,0x6a,0x6a,0x78,0x7e,0x7e,0x78,0x6a,0x88,0x0e,0x77,0x97,0x0b,0x28,0x25,0x00,0x04,0x01,0x00,0x00,0x00,0x00,0x00,0x00,0x00,0x00,0x00,0x00,0x00,0x00,0x00,0x00,0x00,0x00,0x00,0x00,0x00,0x00,0x00,0x00,0x00,0x00,0x00,0x00,0x00,0x00,0x00,0x00,0x00,0x00,0x00,0x00,0x00,0x00,0x00,0x00,0x00,0x00,0x00,0x00,0x00,0x00,0x00,0x00,0x00,0x00,0x00,0x00,0x00,
    0x00,0x00,0x00,0x00,0x00,0x00,0x00,0x00,0x00,0x00,0x00,0x00,0x00,0x00,0x00,0x00,0x00,0x00,0x00,0x00,0x00,0x00,0x00,0x00,0x00,0x00,0x00,0x00,0x00,0x00,0x00,0x00,0x00,0x00,0x00,0x00,0x00,0x00,0x00,0x00,0x00,0x00,0x00,0x00,0x00,0x00,0x00,0x00,0x00,0x00,0x00,0x02,0x00,0x00,0x0f,0x28,0x4e,0x28,0x28,0xaf,0xa7,0x88,0x6a,0x78,0x8e,0x8e,0x78,0x6a,0x6a,0x6a,0x6a,0x6a,0x6a,0x6a,0x6a,0x6a,0x6a,0x6a,0x6a,0x6a,0x6a,0x6a,0x6a,0x78,0x77,0x6e,0x68,0x68,0x7f,0x5a,0x20,0x00,0x00,0x0a,0x00,0x00,0x00,0x00,0x00,0x00,0x00,0x00,0x00,0x00,0x00,0x00,0x00,0x00,0x00,0x00,0x00,0x00,0x00,0x00,0x00,0x00,0x00,0x00,0x00,0x00,0x00,0x00,0x00,0x00,0x00,0x00,0x00,0x00,0x00,0x00,0x00,0x00,0x00,0x00,0x00,0x00,0x00,0x00,0x00,0x00,0x00,0x00,0x00,0x00,
    0x00,0x00,0x00,0x00,0x00,0x00,0x00,0x00,0x00,0x00,0x00,0x00,0x00,0x00,0x00,0x00,0x00,0x00,0x00,0x00,0x00,0x00,0x00,0x00,0x00,0x00,0x00,0x00,0x00,0x00,0x00,0x00,0x00,0x00,0x00,0x00,0x00,0x00,0x00,0x00,0x00,0x00,0x00,0x00,0x00,0x00,0x00,0x00,0x00,0x01,0x09,0x00,0x27,0x31,0x2b,0x45,0x23,0x42,0x4e,0x0b,0x7f,0x77,0x77,0x77,0x15,0x7e,0x6a,0x6a,0x6a,0x6a,0x6a,0x6a,0x6a,0x6a,0x6a,0x6a,0x6a,0x6a,0x6a,0x6a,0x6a,0x6a,0x6a,0x6a,0x6a,0x77,0x6a,0x7f,0x68,0x8e,0x1e,0x3c,0x02,0x00,0x03,0x00,0x00,0x00,0x00,0x00,0x00,0x00,0x00,0x00,0x00,0x00,0x00,0x00,0x00,0x00,0x00,0x00,0x00,0x00,0x00,0x00,0x00,0x00,0x00,0x00,0x00,0x00,0x00,0x00,0x00,0x00,0x00,0x00,0x00,0x00,0x00,0x00,0x00,0x00,0x00,0x00,0x00,0x00,0x00,0x00,0x00,0x00,0x00,0x00,
    0x00,0x00,0x00,0x00,0x00,0x00,0x00,0x00,0x00,0x00,0x00,0x00,0x00,0x00,0x00,0x00,0x00,0x00,0x00,0x00,0x00,0x00,0x00,0x00,0x00,0x00,0x00,0x00,0x00,0x00,0x00,0x00,0x00,0x00,0x00,0x00,0x00,0x00,0x00,0x00,0x00,0x00,0x00,0x00,0x00,0x00,0x00,0x00,0x0a,0x00,0x00,0x2d,0x2b,0x3c,0x23,0x00,0x28,0x7f,0x7b,0x68,0x68,0x7f,0x6e,0x75,0x6e,0x78,0x6a,0x6a,0x6a,0x6a,0x6a,0x6a,0x6a,0x6a,0x6a,0x6a,0x6a,0x6a,0x6a,0x6a,0x78,0x6a,0x6a,0x6a,0x6a,0x6a,0x6a,0x6a,0x77,0x68,0x0e,0x9e,0x4a,0x16,0x0a,0x0a,0x00,0x00,0x00,0x00,0x00,0x00,0x00,0x00,0x00,0x00,0x00,0x00,0x00,0x00,0x00,0x00,0x00,0x00,0x00,0x00,0x00,0x00,0x00,0x00,0x00,0x00,0x00,0x00,0x00,0x00,0x00,0x00,0x00,0x00,0x00,0x00,0x00,0x00,0x00,0x00,0x00,0x00,0x00,0x00,0x00,0x00,0x00,0x00,
    0x00,0x00,0x00,0x00,0x00,0x00,0x00,0x00,0x00,0x00,0x00,0x00,0x00,0x00,0x00,0x00,0x00,0x00,0x00,0x00,0x00,0x00,0x00,0x00,0x00,0x00,0x00,0x00,0x00,0x00,0x00,0x00,0x00,0x00,0x00,0x00,0x00,0x00,0x00,0x00,0x00,0x00,0x00,0x00,0x00,0x00,0x00,0x02,0x00,0x2a,0x31,0x2c,0x17,0x00,0x00,0x28,0x97,0x15,0x7d,0x6e,0x77,0x78,0x6a,0x7f,0x77,0x6a,0x6a,0x6a,0x78,0x7e,0x6a,0x6a,0x6a,0x6a,0x6a,0x6a,0x6a,0x6a,0x6a,0x6a,0x88,0x6a,0x6a,0x6a,0x6a,0x6a,0x77,0x7f,0x68,0x6e,0x7f,0x0e,0xc0,0x31,0x00,0x02,0x01,0x00,0x00,0x00,0x00,0x00,0x00,0x00,0x00,0x00,0x00,0x00,0x00,0x00,0x00,0x00,0x00,0x00,0x00,0x00,0x00,0x00,0x00,0x00,0x00,0x00,0x00,0x00,0x00,0x00,0x00,0x00,0x00,0x00,0x00,0x00,0x00,0x00,0x00,0x00,0x00,0x00,0x00,0x00,0x00,0x00,0x00,0x00,
    0x00,0x00,0x00,0x00,0x00,0x00,0x00,0x00,0x00,0x00,0x00,0x00,0x00,0x00,0x00,0x00,0x00,0x00,0x00,0x00,0x00,0x00,0x00,0x00,0x00,0x00,0x00,0x00,0x00,0x00,0x00,0x00,0x00,0x00,0x00,0x00,0x00,0x00,0x00,0x00,0x00,0x00,0x00,0x00,0x00,0x00,0x02,0x00,0x2a,0x2b,0x35,0x00,0x00,0x02,0x2c,0xa4,0x78,0x7e,0x78,0x6a,0x6a,0x6a,0x6a,0x78,0x6a,0x6a,0x7e,0x87,0xc0,0x0b,0x88,0x6a,0x6a,0x6a,0x6a,0x6a,0x6a,0x6a,0x78,0x88,0x91,0x15,0x7f,0x7f,0x7f,0x6e,0x68,0x68,0x6e,0x6e,0x6e,0x68,0x6e,0x9c,0x45,0x00,0x08,0x00,0x00,0x00,0x00,0x00,0x00,0x00,0x00,0x00,0x00,0x00,0x00,0x00,0x00,0x00,0x00,0x00,0x00,0x00,0x00,0x00,0x00,0x00,0x00,0x00,0x00,0x00,0x00,0x00,0x00,0x00,0x00,0x00,0x00,0x00,0x00,0x00,0x00,0x00,0x00,0x00,0x00,0x00,0x00,0x00,0x00,0x00,
    0x00,0x00,0x00,0x00,0x00,0x00,0x00,0x00,0x00,0x00,0x00,0x00,0x00,0x00,0x00,0x00,0x00,0x00,0x00,0x00,0x00,0x00,0x00,0x00,0x00,0x00,0x00,0x00,0x00,0x00,0x00,0x00,0x00,0x00,0x00,0x00,0x00,0x00,0x00,0x00,0x00,0x00,0x00,0x00,0x00,0x02,0x00,0x2a,0x2b,0x48,0x00,0x0d,0x0d,0x4b,0x91,0x0e,0x6e,0x7f,0x7f,0x7f,0x77,0x77,0x6e,0x7f,0x6e,0x7d,0xab,0xc9,0xc2,0x95,0x78,0x78,0x7e,0x78,0x78,0x6a,0x6a,0x6a,0x15,0x95,0x93,0x8f,0xa0,0x7d,0x68,0x68,0x6e,0x6e,0x68,0x68,0x6e,0x6e,0x6e,0x75,0xb6,0x35,0x00,0x08,0x00,0x00,0x00,0x00,0x00,0x00,0x00,0x00,0x00,0x00,0x00,0x00,0x00,0x00,0x00,0x00,0x00,0x00,0x00,0x00,0x00,0x00,0x00,0x00,0x00,0x00,0x00,0x00,0x00,0x00,0x00,0x00,0x00,0x00,0x00,0x00,0x00,0x00,0x00,0x00,0x00,0x00,0x00,0x00,0x00,0x00,
    0x00,0x00,0x00,0x00,0x00,0x00,0x00,0x00,0x00,0x00,0x00,0x00,0x00,0x00,0x00,0x00,0x00,0x00,0x00,0x00,0x00,0x00,0x00,0x00,0x00,0x00,0x00,0x00,0x00,0x00,0x00,0x00,0x00,0x00,0x00,0x00,0x00,0x00,0x00,0x00,0x00,0x00,0x00,0x00,0x0a,0x00,0x2a,0x2b,0x48,0x00,0x0d,0x00,0x2d,0xc4,0x81,0x7d,0x68,0x68,0x68,0x77,0x6a,0x6a,0x6e,0x68,0x6e,0x07,0x97,0xcf,0xa7,0x7b,0x8a,0x6a,0x78,0x78,0x6a,0x6a,0x6a,0x6a,0x6e,0xab,0x10,0xd7,0x14,0xab,0x7d,0x8a,0x6a,0x78,0x77,0x77,0x6a,0x6a,0x77,0x79,0x8c,0x36,0x27,0x00,0x09,0x00,0x00,0x00,0x00,0x00,0x00,0x00,0x00,0x00,0x00,0x00,0x00,0x00,0x00,0x00,0x00,0x00,0x00,0x00,0x00,0x00,0x00,0x00,0x00,0x00,0x00,0x00,0x00,0x00,0x00,0x00,0x00,0x00,0x00,0x00,0x00,0x00,0x00,0x00,0x00,0x00,0x00,0x00,0x00,0x00,
    0x00,0x00,0x00,0x00,0x00,0x00,0x00,0x00,0x00,0x00,0x00,0x00,0x00,0x00,0x00,0x00,0x00,0x00,0x00,0x00,0x00,0x00,0x00,0x00,0x00,0x00,0x00,0x00,0x00,0x00,0x00,0x00,0x00,0x00,0x00,0x00,0x00,0x00,0x00,0x00,0x00,0x00,0x00,0x01,0x01,0x17,0x2b,0x48,0x00,0x0d,0x00,0x59,0xac,0x86,0x07,0x6e,0x68,0x6e,0x6e,0x7f,0x7f,0x77,0x68,0x6e,0x6e,0x7f,0xa7,0x29,0xac,0x7b,0x9b,0x7f,0x6a,0x6a,0x78,0x78,0x7e,0x6a,0x77,0x07,0x94,0xaf,0xed,0xb5,0xa0,0x9d,0x14,0x87,0x77,0x77,0x77,0x7f,0x7f,0x7b,0x86,0x8c,0x50,0x12,0x02,0x03,0x00,0x00,0x00,0x00,0x00,0x00,0x00,0x00,0x00,0x00,0x00,0x00,0x00,0x00,0x00,0x00,0x00,0x00,0x00,0x00,0x00,0x00,0x00,0x00,0x00,0x00,0x00,0x00,0x00,0x00,0x00,0x00,0x00,0x00,0x00,0x00,0x00,0x00,0x00,0x00,0x00,0x00,0x00,0x00,
    0x00,0x00,0x00,0x00,0x00,0x00,0x00,0x00,0x00,0x00,0x00,0x00,0x00,0x00,0x00,0x00,0x00,0x00,0x00,0x00,0x00,0x00,0x00,0x00,0x00,0x00,0x00,0x00,0x00,0x00,0x00,0x00,0x00,0x00,0x00,0x00,0x00,0x00,0x00,0x00,0x00,0x00,0x00,0x02,0x00,0x31,0x2d,0x00,0x0d,0x00,0x2a,0x93,0x98,0x81,0x7d,0x6e,0x75,0x81,0x6e,0x68,0x68,0x75,0x8a,0x6e,0xab,0xc0,0xb3,0xb6,0x8f,0x95,0x15,0x6a,0x6a,0x6a,0x78,0x78,0x78,0x78,0x6a,0x6a,0x0b,0xa5,0x7b,0xaf,0x10,0xa0,0x9e,0x97,0x75,0x75,0x75,0x6e,0x75,0x75,0x8c,0x8c,0xb3,0x3c,0x00,0x08,0x00,0x00,0x00,0x00,0x00,0x00,0x00,0x00,0x00,0x00,0x00,0x00,0x00,0x00,0x00,0x00,0x00,0x00,0x00,0x00,0x00,0x00,0x00,0x00,0x00,0x00,0x00,0x00,0x00,0x00,0x00,0x00,0x00,0x00,0x00,0x00,0x00,0x00,0x00,0x00,0x00,0x00,0x00,0x00,
    0x00,0x00,0x00,0x00,0x00,0x00,0x00,0x00,0x00,0x00,0x00,0x00,0x00,0x00,0x00,0x00,0x00,0x00,0x00,0x00,0x00,0x00,0x00,0x00,0x00,0x00,0x00,0x00,0x00,0x00,0x00,0x00,0x00,0x00,0x00,0x00,0x00,0x00,0x00,0x00,0x00,0x00,0x02,0x00,0x35,0x31,0x00,0x02,0x08,0x00,0x41,0xa9,0x8c,0x75,0x6e,0x6e,0x7a,0x7a,0x6e,0x7d,0x85,0x8f,0x14,0x85,0x14,0xc0,0x7b,0x29,0x9e,0x87,0x8e,0x78,0x6a,0x6a,0x77,0x77,0x6a,0x77,0x7f,0x6a,0x15,0x1e,0x94,0x8a,0xaf,0x0b,0xa4,0x91,0x7b,0x75,0x75,0x6e,0x68,0x68,0x6e,0xab,0xa4,0x1e,0x3b,0x00,0x02,0x00,0x00,0x00,0x00,0x00,0x00,0x00,0x00,0x00,0x00,0x00,0x00,0x00,0x00,0x00,0x00,0x00,0x00,0x00,0x00,0x00,0x00,0x00,0x00,0x00,0x00,0x00,0x00,0x00,0x00,0x00,0x00,0x00,0x00,0x00,0x00,0x00,0x00,0x00,0x00,0x00,0x00,0x00,
    0x00,0x00,0x00,0x00,0x00,0x00,0x00,0x00,0x00,0x00,0x00,0x00,0x00,0x00,0x00,0x00,0x00,0x00,0x00,0x00,0x00,0x00,0x00,0x00,0x00,0x00,0x00,0x00,0x00,0x00,0x00,0x00,0x00,0x00,0x00,0x00,0x00,0x00,0x00,0x00,0x00,0x03,0x02,0x17,0x2b,0x2a,0x00,0x02,0x00,0x35,0x1e,0x0e,0x68,0x6e,0x6e,0x68,0x7f,0x8a,0x7d,0x75,0x9d,0xaf,0x88,0x97,0xa5,0x8c,0xa8,0x9c,0x9e,0x95,0x77,0x6a,0x6a,0x77,0x6e,0x6e,0x6e,0x75,0x68,0x6e,0x68,0xb7,0x98,0x86,0x79,0xb7,0x97,0xa7,0x8a,0x6e,0x6e,0x6e,0x6e,0x6e,0x6e,0x6e,0x07,0x1e,0x32,0x02,0x02,0x00,0x00,0x00,0x00,0x00,0x00,0x00,0x00,0x00,0x00,0x00,0x00,0x00,0x00,0x00,0x00,0x00,0x00,0x00,0x00,0x00,0x00,0x00,0x00,0x00,0x00,0x00,0x00,0x00,0x00,0x00,0x00,0x00,0x00,0x00,0x00,0x00,0x00,0x00,0x00,0x00,0x00,0x00,
    0x00,0x00,0x00,0x00,0x00,0x00,0x00,0x00,0x00,0x00,0x00,0x00,0x00,0x00,0x00,0x00,0x00,0x00,0x00,0x00,0x00,0x00,0x00,0x00,0x00,0x00,0x00,0x00,0x00,0x00,0x00,0x00,0x00,0x00,0x00,0x00,0x00,0x00,0x00,0x00,0x00,0x0a,0x00,0x2c,0x2d,0x00,0x08,0x03,0x0d,0x4d,0x1a,0x75,0x6e,0x68,0x68,0x77,0xd1,0x87,0xab,0x85,0xaf,0x14,0x95,0xb0,0x9c,0xa2,0xc4,0xb7,0x96,0x85,0x0b,0x8e,0x78,0x78,0x6a,0x15,0x15,0x6a,0x7f,0x7d,0x7b,0x96,0x93,0xc4,0xa2,0x21,0x9e,0xb0,0x91,0x95,0x6a,0x6a,0x6a,0x6a,0x6a,0x6e,0x0e,0x9d,0x46,0x2a,0x0a,0x0a,0x00,0x00,0x00,0x00,0x00,0x00,0x00,0x00,0x00,0x00,0x00,0x00,0x00,0x00,0x00,0x00,0x00,0x00,0x00,0x00,0x00,0x00,0x00,0x00,0x00,0x00,0x00,0x00,0x00,0x00,0x00,0x00,0x00,0x00,0x00,0x00,0x00,0x00,0x00,0x00,0x00,0x00,
    0x00,0x00,0x00,0x00,0x00,0x00,0x00,0x00,0x00,0x00,0x00,0x00,0x00,0x00,0x00,0x00,0x00,0x00,0x00,0x00,0x00,0x00,0x00,0x00,0x00,0x00,0x00,0x00,0x00,0x00,0x00,0x00,0x00,0x00,0x00,0x00,0x00,0x00,0x00,0x00,0x01,0x00,0x25,0x4a,0x08,0x01,0x08,0x00,0x3f,0x91,0x15,0x7f,0x77,0x8a,0xc1,0x2e,0x8b,0xee,0xb0,0xb5,0xaf,0xc1,0xa4,0xb7,0x36,0xb2,0xb6,0xc7,0xa5,0xc1,0x96,0x14,0x78,0x8e,0x8e,0x8e,0x7e,0x7e,0x78,0x7f,0x7b,0xb7,0xc7,0xc7,0xb2,0xac,0xac,0xac,0xa5,0x85,0x7d,0x77,0x6a,0x6a,0x77,0x6e,0x7d,0x87,0x14,0x2d,0x00,0x08,0x00,0x00,0x00,0x00,0x00,0x00,0x00,0x00,0x00,0x00,0x00,0x00,0x00,0x00,0x00,0x00,0x00,0x00,0x00,0x00,0x00,0x00,0x00,0x00,0x00,0x00,0x00,0x00,0x00,0x00,0x00,0x00,0x00,0x00,0x00,0x00,0x00,0x00,0x00,0x00,0x00,0x00,
    0x00,0x00,0x00,0x00,0x00,0x00,0x00,0x00,0x00,0x00,0x00,0x00,0x00,0x00,0x00,0x00,0x00,0x00,0x00,0x00,0x00,0x00,0x00,0x00,0x00,0x00,0x00,0x00,0x00,0x00,0x00,0x00,0x00,0x00,0x00,0x00,0x00,0x00,0x00,0x00,0x02,0x00,0x20,0x2d,0x00,0x08,0x09,0x00,0x43,0x97,0x7e,0x7e,0x15,0x77,0xa4,0x8b,0xde,0xef,0xad,0xf1,0xbc,0xc1,0x96,0x93,0x21,0x85,0xa0,0x9c,0xb0,0x8e,0x96,0x14,0x88,0x7e,0x7e,0x77,0x77,0x77,0x77,0x7d,0x7b,0xa5,0xa2,0x86,0x8c,0x9c,0xac,0xb7,0x93,0x68,0x68,0x68,0x7f,0x6e,0x68,0x07,0x68,0x77,0x9d,0x30,0x33,0x03,0x09,0x00,0x00,0x00,0x00,0x00,0x00,0x00,0x00,0x00,0x00,0x00,0x00,0x00,0x00,0x00,0x00,0x00,0x00,0x00,0x00,0x00,0x00,0x00,0x00,0x00,0x00,0x00,0x00,0x00,0x00,0x00,0x00,0x00,0x00,0x00,0x00,0x00,0x00,0x00,0x00,0x00,
    0x00,0x00,0x00,0x00,0x00,0x00,0x00,0x00,0x00,0x00,0x00,0x00,0x00,0x00,0x00,0x00,0x00,0x00,0x00,0x00,0x00,0x00,0x00,0x00,0x00,0x00,0x00,0x00,0x00,0x00,0x00,0x00,0x00,0x00,0x00,0x00,0x00,0x00,0x00,0x01,0x0a,0x0d,0x2b,0x3b,0x01,0x08,0x00,0x3b,0xa5,0x8e,0x8e,0x6a,0x7d,0x85,0xb7,0xe0,0xcb,0xcb,0xeb,0xef,0xee,0x91,0xac,0xa0,0x07,0x7d,0x7d,0x9c,0x8f,0x91,0xac,0x91,0xab,0x7d,0x6e,0x75,0x75,0x75,0x75,0x7d,0x87,0x93,0x94,0x07,0x75,0x7a,0xa0,0x93,0xca,0x7d,0x75,0x6e,0x68,0x68,0x6e,0xab,0x75,0x7f,0x0b,0x8f,0x58,0x00,0x04,0x00,0x00,0x00,0x00,0x00,0x00,0x00,0x00,0x00,0x00,0x00,0x00,0x00,0x00,0x00,0x00,0x00,0x00,0x00,0x00,0x00,0x00,0x00,0x00,0x00,0x00,0x00,0x00,0x00,0x00,0x00,0x00,0x00,0x00,0x00,0x00,0x00,0x00,0x00,0x00,0x00,
    0x00,0x00,0x00,0x00,0x00,0x00,0x00,0x00,0x00,0x00,0x00,0x00,0x00,0x00,0x00,0x00,0x00,0x00,0x00,0x00,0x00,0x00,0x00,0x00,0x00,0x00,0x00,0x00,0x00,0x00,0x00,0x00,0x00,0x00,0x00,0x00,0x00,0x00,0x00,0x0a,0x00,0x25,0x31,0x08,0x0a,0x0a,0x08,0x4b,0xa9,0x78,0x8a,0x6e,0x7d,0x85,0x94,0x2e,0xd9,0x8b,0xad,0xf1,0xb7,0x91,0x7b,0x7d,0x7d,0x68,0x85,0x7a,0xa5,0x9e,0xa2,0xb0,0x7b,0x7d,0x7d,0x6e,0x6e,0x7f,0x68,0x8a,0x87,0x93,0x94,0x7d,0x97,0x6e,0x7d,0x9b,0xbb,0xa4,0x0e,0x6e,0x6e,0x6e,0x68,0x7d,0x75,0x75,0x7f,0xc0,0xb0,0x27,0x00,0x09,0x00,0x00,0x00,0x00,0x00,0x00,0x00,0x00,0x00,0x00,0x00,0x00,0x00,0x00,0x00,0x00,0x00,0x00,0x00,0x00,0x00,0x00,0x00,0x00,0x00,0x00,0x00,0x00,0x00,0x00,0x00,0x00,0x00,0x00,0x00,0x00,0x00,0x00,0x00,0x00,
    0x00,0x00,0x00,0x00,0x00,0x00,0x00,0x00,0x00,0x00,0x00,0x00,0x00,0x00,0x00,0x00,0x00,0x00,0x00,0x00,0x00,0x00,0x00,0x00,0x00,0x00,0x00,0x00,0x00,0x00,0x00,0x00,0x00,0x00,0x00,0x00,0x00,0x00,0x00,0x02,0x00,0x35,0x4a,0x00,0x08,0x00,0x25,0x93,0x97,0x77,0x68,0x6e,0x0e,0xa9,0x9d,0x95,0xc1,0x0b,0x2e,0x5a,0xaf,0x68,0x7d,0x75,0x85,0x9b,0xb5,0xa2,0xa5,0x8f,0x8c,0xb0,0x87,0xab,0xab,0x0e,0x87,0x87,0x95,0x15,0x0b,0x93,0x9c,0xa5,0x29,0x85,0x8a,0x85,0x93,0x8f,0x0b,0x77,0x6e,0x6e,0x7d,0x7b,0x91,0xb6,0x85,0x9e,0xb3,0x43,0x04,0x04,0x00,0x00,0x00,0x00,0x00,0x00,0x00,0x00,0x00,0x00,0x00,0x00,0x00,0x00,0x00,0x00,0x00,0x00,0x00,0x00,0x00,0x00,0x00,0x00,0x00,0x00,0x00,0x00,0x00,0x00,0x00,0x00,0x00,0x00,0x00,0x00,0x00,0x00,0x00,0x00,
    0x00,0x00,0x00,0x00,0x00,0x00,0x00,0x00,0x00,0x00,0x00,0x00,0x00,0x00,0x00,0x00,0x00,0x00,0x00,0x00,0x00,0x00,0x00,0x00,0x00,0x00,0x00,0x00,0x00,0x00,0x00,0x00,0x00,0x00,0x00,0x00,0x00,0x00,0x00,0x02,0x00,0x35,0x2b,0x00,0x61,0x01,0x3a,0x1a,0x68,0x97,0x8a,0x75,0x94,0x8b,0x8b,0xbf,0x2e,0xb7,0xaf,0xa7,0x9d,0x85,0x7a,0x94,0xa9,0xb7,0xaf,0xb6,0x93,0xa5,0xa8,0xac,0x93,0x8f,0xb0,0xb0,0xb0,0x8f,0x91,0xa7,0xbc,0xbb,0x91,0xb0,0xb7,0x9c,0x98,0x81,0xc7,0xaf,0xc9,0x88,0x78,0x6a,0x78,0x87,0x9e,0x10,0x85,0x10,0x10,0x10,0x0d,0x00,0x03,0x00,0x00,0x00,0x00,0x00,0x00,0x00,0x00,0x00,0x00,0x00,0x00,0x00,0x00,0x00,0x00,0x00,0x00,0x00,0x00,0x00,0x00,0x00,0x00,0x00,0x00,0x00,0x00,0x00,0x00,0x00,0x00,0x00,0x00,0x00,0x00,0x00,0x00,0x00,
    0x00,0x00,0x00,0x00,0x00,0x00,0x00,0x00,0x00,0x00,0x00,0x00,0x00,0x00,0x00,0x00,0x00,0x00,0x00,0x00,0x00,0x00,0x00,0x00,0x00,0x00,0x00,0x00,0x00,0x00,0x00,0x00,0x00,0x00,0x00,0x00,0x00,0x00,0x00,0x02,0x00,0x35,0x4a,0x00,0x08,0x00,0x37,0x8a,0x0e,0x14,0x8a,0xab,0xb2,0xe0,0xde,0xef,0xef,0xe0,0x9f,0x96,0xa0,0x98,0x81,0x94,0xb3,0xac,0xb0,0x29,0xc7,0x93,0xa0,0x9c,0xc7,0x21,0x21,0x1a,0x21,0xb6,0xb6,0x8f,0xc2,0xa7,0xa5,0xa5,0x1e,0xac,0x9b,0x7a,0x9c,0xd7,0xb5,0x88,0x8e,0xd1,0x0b,0x6a,0xa9,0x10,0x0e,0x0b,0x10,0x10,0x27,0x00,0x09,0x00,0x00,0x00,0x00,0x00,0x00,0x00,0x00,0x00,0x00,0x00,0x00,0x00,0x00,0x00,0x00,0x00,0x00,0x00,0x00,0x00,0x00,0x00,0x00,0x00,0x00,0x00,0x00,0x00,0x00,0x00,0x00,0x00,0x00,0x00,0x00,0x00,0x00,0x00,
    0x00,0x00,0x00,0x00,0x00,0x00,0x00,0x00,0x00,0x00,0x00,0x00,0x00,0x00,0x00,0x00,0x00,0x00,0x00,0x00,0x00,0x00,0x00,0x00,0x00,0x00,0x00,0x00,0x00,0x00,0x00,0x00,0x00,0x00,0x00,0x00,0x00,0x00,0x00,0x02,0x00,0x20,0x57,0x00,0x01,0x44,0x8f,0x8a,0xd1,0xb5,0x8a,0xc1,0x96,0xf1,0xef,0xef,0xde,0xde,0xe0,0x9e,0x8c,0x89,0xb9,0x36,0xbb,0x72,0x67,0x92,0x2e,0x89,0x7d,0x89,0x07,0x7b,0x07,0x85,0x81,0x81,0x8c,0x81,0x9b,0x93,0x1b,0xbd,0x1b,0xbc,0x29,0x8a,0xb3,0xc2,0x14,0x87,0x77,0xc0,0x9d,0x0e,0xa9,0x10,0x77,0x7f,0xb5,0x10,0x33,0x00,0x09,0x00,0x00,0x00,0x00,0x00,0x00,0x00,0x00,0x00,0x00,0x00,0x00,0x00,0x00,0x00,0x00,0x00,0x00,0x00,0x00,0x00,0x00,0x00,0x00,0x00,0x00,0x00,0x00,0x00,0x00,0x00,0x00,0x00,0x00,0x00,0x00,0x00,0x00,0x00,
    0x00,0x00,0x00,0x00,0x00,0x00,0x00,0x00,0x00,0x00,0x00,0x00,0x00,0x00,0x00,0x00,0x00,0x00,0x00,0x00,0x00,0x00,0x00,0x00,0x00,0x00,0x00,0x00,0x00,0x00,0x00,0x00,0x00,0x00,0x00,0x00,0x00,0x00,0x00,0x02,0x00,0x20,0x57,0x03,0x00,0x24,0x10,0x15,0xe2,0xb5,0x88,0x87,0x7f,0xa9,0xb2,0xdd,0xbf,0xb4,0xbf,0x7d,0x14,0xcf,0xb8,0x76,0x1b,0xd8,0x96,0xbc,0x6d,0x5a,0x7b,0x89,0x7d,0x6e,0x6e,0x75,0x75,0x7a,0x7a,0x86,0xbc,0x6d,0xca,0xd8,0xbc,0xbd,0x76,0x46,0xa7,0xb5,0xd1,0xa7,0xa4,0x91,0x94,0x85,0xb3,0x93,0xab,0x8a,0x91,0x49,0x0d,0x00,0x03,0x00,0x00,0x00,0x00,0x00,0x00,0x00,0x00,0x00,0x00,0x00,0x00,0x00,0x00,0x00,0x00,0x00,0x00,0x00,0x00,0x00,0x00,0x00,0x00,0x00,0x00,0x00,0x00,0x00,0x00,0x00,0x00,0x00,0x00,0x00,0x00,0x00,0x00,0x00,
    0x00,0x00,0x00,0x00,0x00,0x00,0x00,0x00,0x00,0x00,0x00,0x00,0x00,0x00,0x00,0x00,0x00,0x00,0x00,0x00,0x00,0x00,0x00,0x00,0x00,0x00,0x00,0x00,0x00,0x00,0x00,0x00,0x00,0x00,0x00,0x00,0x00,0x00,0x00,0x01,0x00,0x2a,0x64,0x2a,0x0a,0x28,0xa4,0x0b,0xaf,0x9d,0x87,0xb3,0x93,0xb3,0x8e,0x87,0xfb,0xfb,0x9d,0x89,0xea,0x6d,0x69,0x36,0x98,0xda,0xd8,0xb2,0xa2,0x2e,0x94,0x81,0x7a,0x75,0x6e,0x6e,0x6e,0x7d,0x07,0x9e,0xbc,0x21,0x96,0xca,0xda,0x98,0xda,0x76,0x92,0xb5,0xaf,0x9e,0xa9,0x91,0x97,0x7b,0x1a,0xb3,0x07,0x0e,0xa5,0x3d,0x08,0x08,0x00,0x00,0x00,0x00,0x00,0x00,0x00,0x00,0x00,0x00,0x00,0x00,0x00,0x00,0x00,0x00,0x00,0x00,0x00,0x00,0x00,0x00,0x00,0x00,0x00,0x00,0x00,0x00,0x00,0x00,0x00,0x00,0x00,0x00,0x00,0x00,0x00,0x00,0x00,0x00,
    0x00,0x00,0x00,0x00,0x00,0x00,0x00,0x00,0x00,0x00,0x00,0x00,0x00,0x00,0x00,0x00,0x00,0x00,0x00,0x00,0x00,0x00,0x00,0x00,0x00,0x00,0x00,0x00,0x00,0x00,0x00,0x00,0x00,0x00,0x00,0x00,0x00,0x00,0x00,0x00,0x02,0x01,0x4a,0x2d,0x00,0x56,0xab,0x14,0xaf,0x8a,0xab,0xd9,0xe0,0xad,0xad,0xba,0xbf,0xd7,0x94,0xc0,0x71,0x1b,0xa2,0x98,0x92,0x76,0x6f,0xd8,0xca,0x81,0x98,0x81,0x79,0x7a,0x6e,0x6e,0x6e,0x7d,0x99,0x94,0x7d,0xb8,0x76,0xb8,0x84,0xbb,0xa8,0xc7,0x6f,0x84,0xd1,0x85,0xc9,0x93,0x94,0x7f,0x7f,0x87,0x77,0x0b,0xa7,0x2c,0x00,0x08,0x00,0x00,0x00,0x00,0x00,0x00,0x00,0x00,0x00,0x00,0x00,0x00,0x00,0x00,0x00,0x00,0x00,0x00,0x00,0x00,0x00,0x00,0x00,0x00,0x00,0x00,0x00,0x00,0x00,0x00,0x00,0x00,0x00,0x00,0x00,0x00,0x00,0x00,0x00,0x00,
    0x00,0x00,0x00,0x00,0x00,0x00,0x00,0x00,0x00,0x00,0x00,0x00,0x00,0x00,0x00,0x00,0x00,0x00,0x00,0x00,0x00,0x00,0x00,0x00,0x00,0x00,0x00,0x00,0x00,0x00,0x00,0x00,0x00,0x00,0x00,0x00,0x00,0x00,0x00,0x00,0x02,0x00,0x59,0x46,0x39,0x56,0x86,0x10,0x8f,0x85,0x97,0x8b,0xde,0xde,0xde,0xde,0xde,0xd4,0x9d,0x46,0x6f,0x9c,0xa8,0xbb,0x74,0xc4,0x21,0xd8,0x76,0x96,0x86,0x9b,0x68,0x68,0x6e,0x6e,0x6e,0x75,0x89,0x81,0x96,0x76,0x36,0xa8,0xac,0x76,0xd8,0xa8,0x36,0x76,0x96,0xa0,0x8f,0x46,0x0b,0x78,0x8e,0x8e,0x6a,0xd1,0xd1,0x91,0x24,0x00,0x08,0x00,0x00,0x00,0x00,0x00,0x00,0x00,0x00,0x00,0x00,0x00,0x00,0x00,0x00,0x00,0x00,0x00,0x00,0x00,0x00,0x00,0x00,0x00,0x00,0x00,0x00,0x00,0x00,0x00,0x00,0x00,0x00,0x00,0x00,0x00,0x00,0x00,0x00,0x00,
    0x00,0x00,0x00,0x00,0x00,0x00,0x00,0x00,0x00,0x00,0x00,0x00,0x00,0x00,0x00,0x00,0x00,0x00,0x00,0x00,0x00,0x00,0x00,0x00,0x00,0x00,0x00,0x00,0x00,0x00,0x00,0x00,0x00,0x00,0x00,0x00,0x00,0x00,0x00,0x00,0x00,0x03,0x04,0x30,0x46,0x3e,0xa0,0x91,0xb3,0xab,0x0b,0xbf,0xe0,0xe0,0xe0,0xef,0xe0,0xc3,0x9d,0x76,0xda,0xa8,0xc7,0x76,0xb2,0xa8,0xa8,0xc4,0x76,0x1b,0x89,0x89,0x89,0x6e,0x6e,0x68,0x7a,0x79,0x8c,0x8c,0x1b,0xca,0xa8,0x86,0x79,0xbd,0xbd,0x98,0xa8,0xbb,0x6c,0x68,0x1e,0x92,0x8e,0x7e,0x8e,0x7e,0x78,0x88,0x8f,0x14,0xc0,0x24,0x00,0x08,0x00,0x00,0x00,0x00,0x00,0x00,0x00,0x00,0x00,0x00,0x00,0x00,0x00,0x00,0x00,0x00,0x00,0x00,0x00,0x00,0x00,0x00,0x00,0x00,0x00,0x00,0x00,0x00,0x00,0x00,0x00,0x00,0x00,0x00,0x00,0x00,0x00,0x00,
    0x00,0x00,0x00,0x00,0x00,0x00,0x00,0x00,0x00,0x00,0x00,0x00,0x00,0x00,0x00,0x00,0x00,0x00,0x00,0x00,0x00,0x00,0x00,0x00,0x00,0x00,0x00,0x00,0x00,0x00,0x00,0x00,0x00,0x00,0x00,0x00,0x00,0x00,0x00,0x00,0x00,0x02,0x00,0x33,0xaf,0x96,0x8a,0x97,0x97,0x7e,0x7e,0x8e,0xa4,0x91,0x8f,0xe1,0xd4,0x91,0xbc,0xbd,0x98,0xa8,0xe6,0x76,0xda,0xa8,0x86,0x36,0x76,0x92,0x9c,0x75,0x75,0x75,0x6e,0x7a,0x79,0x81,0x86,0x98,0x72,0xb8,0x86,0x86,0x21,0xc3,0x82,0xb6,0xa8,0xac,0x76,0x9e,0xb7,0xd2,0xa9,0x78,0x8e,0x7e,0x7e,0x95,0x8f,0x1e,0x91,0x8f,0x34,0x00,0x08,0x00,0x00,0x00,0x00,0x00,0x00,0x00,0x00,0x00,0x00,0x00,0x00,0x00,0x00,0x00,0x00,0x00,0x00,0x00,0x00,0x00,0x00,0x00,0x00,0x00,0x00,0x00,0x00,0x00,0x00,0x00,0x00,0x00,0x00,0x00,0x00,0x00,
    0x00,0x00,0x00,0x00,0x00,0x00,0x00,0x00,0x00,0x00,0x00,0x00,0x00,0x00,0x00,0x00,0x00,0x00,0x00,0x00,0x00,0x00,0x00,0x00,0x00,0x00,0x00,0x00,0x00,0x00,0x00,0x00,0x00,0x00,0x00,0x00,0x00,0x00,0x00,0x00,0x00,0x00,0x09,0x00,0x3f,0x8f,0x8e,0x6a,0x7e,0x78,0x78,0x77,0x68,0x85,0x0b,0xc5,0x80,0xb3,0x71,0xca,0x8c,0x86,0xb2,0x8d,0xdf,0xf3,0xfe,0xe7,0xf1,0x1b,0x81,0x81,0x79,0x79,0x79,0x79,0x79,0x8c,0x8c,0x81,0xb8,0x8b,0xf8,0xf8,0xe7,0xeb,0xb4,0xb6,0x8c,0x98,0x74,0x46,0xda,0xe5,0xe6,0x87,0x15,0x78,0x6a,0x88,0x9d,0x4d,0x45,0xb3,0x10,0x34,0x00,0x08,0x00,0x00,0x00,0x00,0x00,0x00,0x00,0x00,0x00,0x00,0x00,0x00,0x00,0x00,0x00,0x00,0x00,0x00,0x00,0x00,0x00,0x00,0x00,0x00,0x00,0x00,0x00,0x00,0x00,0x00,0x00,0x00,0x00,0x00,0x00,0x00,
    0x00,0x00,0x00,0x00,0x00,0x00,0x00,0x00,0x00,0x00,0x00,0x00,0x00,0x00,0x00,0x00,0x00,0x00,0x00,0x00,0x00,0x00,0x00,0x00,0x00,0x00,0x00,0x00,0x00,0x00,0x00,0x00,0x00,0x00,0x00,0x00,0x00,0x00,0x00,0x00,0x00,0x00,0x00,0x04,0x00,0x58,0xc9,0x6a,0x6a,0x77,0x6e,0x6e,0x9b,0xab,0xbe,0xae,0xd2,0xc4,0xbc,0xbc,0x86,0x81,0xc7,0xad,0xf8,0xe7,0xe7,0xf3,0xff,0xd8,0x86,0x79,0x79,0x7a,0x75,0x68,0x75,0x7a,0x98,0xa0,0xd8,0xe7,0xe7,0xe7,0xf8,0xfe,0xd9,0xa2,0x8c,0x9c,0xb8,0xa9,0xe1,0xe5,0xc5,0x88,0x6e,0x6a,0x6a,0x6a,0x7e,0xa5,0x2a,0x24,0xa7,0x97,0x42,0x00,0x09,0x00,0x00,0x00,0x00,0x00,0x00,0x00,0x00,0x00,0x00,0x00,0x00,0x00,0x00,0x00,0x00,0x00,0x00,0x00,0x00,0x00,0x00,0x00,0x00,0x00,0x00,0x00,0x00,0x00,0x00,0x00,0x00,0x00,0x00,0x00,
    0x00,0x00,0x00,0x00,0x00,0x00,0x00,0x00,0x00,0x00,0x00,0x00,0x00,0x00,0x00,0x00,0x00,0x00,0x00,0x00,0x00,0x00,0x00,0x00,0x00,0x00,0x00,0x00,0x00,0x00,0x00,0x00,0x00,0x00,0x00,0x00,0x00,0x00,0x00,0x00,0x00,0x00,0x03,0x01,0x17,0x9e,0xc0,0x0b,0x07,0x6e,0x68,0x7d,0x85,0xc4,0x22,0xbe,0xa6,0xda,0x81,0xb7,0x98,0x81,0x8c,0xee,0xe7,0xf3,0xfd,0xfd,0xee,0xc4,0x8c,0x98,0x75,0x6e,0x6e,0x6e,0x6e,0x6e,0x7d,0x7b,0x29,0xd9,0xf3,0xf3,0xf3,0xfa,0xe6,0xa8,0xa8,0xc4,0x9e,0x6e,0xb8,0xdb,0xc3,0xa4,0xab,0x6e,0x6e,0x6e,0x77,0x91,0x3c,0x00,0x34,0xa9,0x91,0x59,0x00,0x09,0x00,0x00,0x00,0x00,0x00,0x00,0x00,0x00,0x00,0x00,0x00,0x00,0x00,0x00,0x00,0x00,0x00,0x00,0x00,0x00,0x00,0x00,0x00,0x00,0x00,0x00,0x00,0x00,0x00,0x00,0x00,0x00,0x00,0x00,
    0x00,0x00,0x00,0x00,0x00,0x00,0x00,0x00,0x00,0x00,0x00,0x00,0x00,0x00,0x00,0x00,0x00,0x00,0x00,0x00,0x00,0x00,0x00,0x00,0x00,0x00,0x00,0x00,0x00,0x00,0x00,0x00,0x00,0x00,0x00,0x00,0x00,0x00,0x00,0x00,0x00,0x00,0x08,0x00,0x35,0xc9,0x10,0xa4,0x0e,0x6a,0x15,0x7f,0x8e,0xc5,0xf0,0x9d,0xbc,0x2e,0x8c,0x79,0x79,0x79,0x86,0x98,0xdd,0xfa,0xe6,0xee,0xb2,0x8c,0x98,0x75,0x6e,0x6e,0x68,0x68,0x6e,0x6e,0x6e,0x7d,0x7b,0xb2,0xe1,0xdd,0xda,0xe6,0x8c,0x86,0xa2,0x98,0x86,0xac,0xb7,0x96,0xa7,0xc0,0xab,0x8a,0x15,0x7e,0x7e,0x9d,0x37,0x04,0x00,0x34,0xa4,0x37,0x0d,0x0a,0x03,0x00,0x00,0x00,0x00,0x00,0x00,0x00,0x00,0x00,0x00,0x00,0x00,0x00,0x00,0x00,0x00,0x00,0x00,0x00,0x00,0x00,0x00,0x00,0x00,0x00,0x00,0x00,0x00,0x00,0x00,0x00,0x00,0x00,
    0x00,0x00,0x00,0x00,0x00,0x00,0x00,0x00,0x00,0x00,0x00,0x00,0x00,0x00,0x00,0x00,0x00,0x00,0x00,0x00,0x00,0x00,0x00,0x00,0x00,0x00,0x00,0x00,0x00,0x00,0x00,0x00,0x00,0x00,0x00,0x00,0x00,0x0a,0x09,0x03,0x00,0x02,0x09,0x0d,0x30,0x9d,0x9d,0x6a,0x6a,0x6a,0x8e,0x78,0xd5,0xe3,0xf0,0x96,0xca,0x1e,0x98,0x86,0x86,0xa2,0x9c,0x98,0x1a,0x96,0x96,0xb6,0x85,0x6e,0x6e,0x6e,0x6e,0x75,0x8a,0x8a,0x75,0x6e,0x6e,0x6e,0x9b,0x8c,0x21,0x93,0xb2,0xb3,0x9b,0x9c,0x7a,0x98,0x81,0xb0,0xa5,0xbb,0xf2,0xbe,0x9d,0x7e,0x8e,0x8e,0x7e,0x87,0xc9,0x35,0x00,0x08,0x50,0xa9,0x34,0x00,0x04,0x00,0x00,0x00,0x00,0x00,0x00,0x00,0x00,0x00,0x00,0x00,0x00,0x00,0x00,0x00,0x00,0x00,0x00,0x00,0x00,0x00,0x00,0x00,0x00,0x00,0x00,0x00,0x00,0x00,0x00,0x00,0x00,0x00,
    0x00,0x00,0x00,0x00,0x00,0x00,0x00,0x00,0x00,0x00,0x00,0x00,0x00,0x00,0x00,0x00,0x00,0x00,0x00,0x00,0x00,0x00,0x00,0x00,0x00,0x00,0x00,0x00,0x00,0x00,0x00,0x00,0x00,0x00,0x00,0x01,0x09,0x00,0x00,0x00,0x00,0x00,0x03,0x2d,0x8f,0x6a,0x6a,0x6a,0x77,0x9b,0xab,0x36,0xb1,0xd2,0xf2,0x96,0xbc,0x9e,0xc7,0x8c,0x79,0x7a,0x9c,0x94,0x9c,0x79,0x85,0x07,0x7d,0x6e,0x6e,0x68,0x6e,0x6e,0x8a,0x7d,0x6e,0x6e,0x6e,0x6e,0x6e,0x7d,0x7b,0xa0,0x75,0x1a,0xb9,0x99,0x89,0x9b,0x9c,0xc0,0xc0,0xbb,0xe4,0xb1,0xda,0xc1,0x8a,0x7f,0x6e,0x07,0x1a,0x64,0x16,0x00,0x4f,0x8e,0x43,0x00,0x09,0x00,0x00,0x00,0x00,0x00,0x00,0x00,0x00,0x00,0x00,0x00,0x00,0x00,0x00,0x00,0x00,0x00,0x00,0x00,0x00,0x00,0x00,0x00,0x00,0x00,0x00,0x00,0x00,0x00,0x00,0x00,0x00,0x00,
    0x00,0x00,0x00,0x00,0x00,0x00,0x00,0x00,0x00,0x00,0x00,0x00,0x00,0x00,0x00,0x00,0x00,0x00,0x00,0x00,0x00,0x00,0x00,0x00,0x00,0x00,0x00,0x00,0x00,0x00,0x00,0x00,0x00,0x00,0x01,0x00,0x00,0x2a,0x27,0x16,0x01,0x16,0x2d,0x9e,0x15,0x78,0x78,0x6a,0x6a,0x7f,0x15,0x80,0xe9,0x46,0x5a,0xcf,0xcf,0x97,0xc0,0x81,0x7a,0x89,0xb9,0x99,0xb9,0xb9,0x99,0x89,0x68,0x6e,0x6e,0x6e,0x68,0x75,0x7b,0x7b,0x9b,0x68,0x6e,0x6e,0x6e,0x6e,0x7d,0x99,0x99,0x99,0xd0,0xd0,0xd0,0x89,0xb3,0x8f,0xb5,0xd7,0x5a,0xdd,0xd2,0xac,0x85,0x7d,0x7f,0x7d,0xab,0x8f,0x4a,0x23,0x51,0xa4,0x51,0x2f,0x03,0x03,0x00,0x00,0x00,0x00,0x00,0x00,0x00,0x00,0x00,0x00,0x00,0x00,0x00,0x00,0x00,0x00,0x00,0x00,0x00,0x00,0x00,0x00,0x00,0x00,0x00,0x00,0x00,0x00,0x00,0x00,0x00,0x00,
    0x00,0x00,0x00,0x00,0x00,0x00,0x00,0x00,0x00,0x00,0x00,0x00,0x00,0x00,0x00,0x00,0x00,0x00,0x00,0x00,0x00,0x00,0x00,0x00,0x00,0x00,0x00,0x00,0x00,0x00,0x00,0x00,0x00,0x03,0x00,0x0d,0x3d,0xa5,0x8f,0x49,0x37,0x30,0xa4,0x77,0x7e,0x7e,0x6a,0x6a,0x6a,0x95,0xf0,0x90,0xf0,0xe2,0xed,0xed,0xd7,0x97,0x93,0x9c,0x89,0xb9,0xd0,0xd0,0xd0,0xb9,0x99,0x89,0x68,0x6e,0x6e,0x75,0x7a,0x81,0x21,0x21,0x8c,0x7a,0x75,0x68,0x6e,0x68,0x89,0x99,0x99,0xb9,0xd0,0xd0,0xd0,0x99,0xa7,0x14,0xa7,0xcf,0xe2,0xfb,0xd5,0xd2,0xa4,0x88,0x8e,0x7e,0x7e,0x88,0x8f,0x31,0x14,0x97,0x4f,0x61,0x04,0x00,0x00,0x00,0x00,0x00,0x00,0x00,0x00,0x00,0x00,0x00,0x00,0x00,0x00,0x00,0x00,0x00,0x00,0x00,0x00,0x00,0x00,0x00,0x00,0x00,0x00,0x00,0x00,0x00,0x00,0x00,0x00,0x00,
    0x00,0x00,0x00,0x00,0x00,0x00,0x00,0x00,0x00,0x00,0x00,0x00,0x00,0x00,0x00,0x00,0x00,0x00,0x00,0x00,0x00,0x00,0x00,0x00,0x00,0x00,0x00,0x00,0x00,0x00,0x00,0x00,0x01,0x0a,0x0d,0x31,0x91,0x77,0x75,0x68,0x95,0x0e,0x0e,0x78,0x78,0x78,0x6a,0x7e,0x87,0xd5,0xb1,0x90,0xd5,0x97,0x5a,0xc2,0xc2,0xe8,0xed,0x29,0x99,0xd0,0xb9,0x99,0x99,0x99,0x89,0x6e,0x6e,0x6e,0x75,0x79,0x8c,0x21,0xea,0xea,0xb6,0x81,0x79,0x75,0x6e,0x6e,0x7d,0x89,0x99,0x99,0x99,0x99,0x89,0x94,0xcf,0xce,0xcf,0xcf,0xcf,0x9d,0xda,0xe5,0xdd,0x87,0x8a,0x6a,0x6a,0x7f,0x8a,0x91,0x7e,0x15,0x58,0x00,0x09,0x00,0x00,0x00,0x00,0x00,0x00,0x00,0x00,0x00,0x00,0x00,0x00,0x00,0x00,0x00,0x00,0x00,0x00,0x00,0x00,0x00,0x00,0x00,0x00,0x00,0x00,0x00,0x00,0x00,0x00,0x00,0x00,0x00,
    0x00,0x00,0x00,0x00,0x00,0x00,0x00,0x00,0x00,0x00,0x00,0x00,0x00,0x00,0x00,0x00,0x00,0x00,0x00,0x00,0x00,0x00,0x00,0x00,0x00,0x00,0x00,0x00,0x00,0x00,0x00,0x00,0x08,0x00,0x24,0x9e,0x7e,0x78,0x77,0x77,0x8a,0x68,0x6e,0x77,0x77,0x7f,0x7d,0x95,0x36,0xb1,0x7c,0xa1,0xbf,0x7e,0x94,0xa7,0xd7,0xea,0xea,0xc2,0x9b,0x99,0x89,0x89,0x89,0x6e,0x68,0x6e,0x6e,0x6e,0x7a,0x9b,0x81,0xc7,0xea,0xea,0xb3,0x85,0x9b,0x68,0x6e,0x6e,0x6e,0x68,0x7d,0x89,0x6e,0x7d,0x81,0xa5,0xc2,0xed,0x46,0xa5,0x1a,0x0e,0xe1,0xb1,0x1d,0xa4,0x7b,0x6e,0x68,0x77,0x78,0x87,0x15,0x10,0x24,0x00,0x09,0x00,0x00,0x00,0x00,0x00,0x00,0x00,0x00,0x00,0x00,0x00,0x00,0x00,0x00,0x00,0x00,0x00,0x00,0x00,0x00,0x00,0x00,0x00,0x00,0x00,0x00,0x00,0x00,0x00,0x00,0x00,0x00,0x00,
    0x00,0x00,0x00,0x00,0x00,0x00,0x00,0x00,0x00,0x00,0x00,0x00,0x00,0x00,0x00,0x00,0x00,0x00,0x00,0x00,0x00,0x00,0x00,0x00,0x00,0x00,0x00,0x00,0x00,0x00,0x00,0x00,0x03,0x00,0x4f,0x6a,0x78,0x7e,0x7e,0x7e,0x88,0x97,0x7d,0x75,0x68,0x7d,0xab,0xc4,0xa1,0x9a,0x83,0x80,0xd4,0xb7,0x07,0xa0,0x1e,0xc2,0xb3,0x93,0x29,0x8c,0x9b,0x68,0x68,0x6e,0x6e,0x6e,0x6e,0x6e,0x6e,0x6e,0x6e,0x07,0xb6,0xb6,0x7a,0x6e,0x6e,0x6e,0x6e,0x6e,0x6e,0x6e,0x6e,0x68,0x7d,0x7b,0x94,0xb7,0x98,0x9e,0x2e,0xa8,0xa0,0x93,0xd3,0xb1,0xa1,0xb2,0x95,0x8a,0x77,0x78,0x6a,0xb5,0xa7,0x45,0x00,0x09,0x00,0x00,0x00,0x00,0x00,0x00,0x00,0x00,0x00,0x00,0x00,0x00,0x00,0x00,0x00,0x00,0x00,0x00,0x00,0x00,0x00,0x00,0x00,0x00,0x00,0x00,0x00,0x00,0x00,0x00,0x00,0x00,0x00,0x00,
    0x00,0x00,0x00,0x00,0x00,0x00,0x00,0x00,0x00,0x00,0x00,0x00,0x00,0x00,0x00,0x00,0x00,0x00,0x00,0x00,0x00,0x00,0x00,0x00,0x00,0x00,0x00,0x00,0x00,0x00,0x00,0x00,0x00,0x09,0x3e,0x77,0x7d,0x77,0x7e,0x87,0x9d,0xa7,0x0e,0x7f,0x6e,0x75,0x97,0xc5,0x90,0x90,0x70,0xa1,0xe5,0xd2,0xee,0x94,0xa9,0x5a,0xa8,0x98,0xe1,0x9c,0x86,0x9b,0x7d,0x6e,0x6e,0x6e,0x6e,0x6e,0x6e,0x6e,0x6e,0x6e,0x7b,0x7b,0x6e,0x6e,0x6e,0x6e,0x6e,0x6e,0x6e,0x6e,0x7d,0x7d,0x7b,0x68,0xbf,0xe6,0xa8,0xac,0xbc,0x21,0xd5,0xaa,0xae,0x22,0x7c,0xd5,0x88,0x15,0x6a,0x78,0x88,0xd1,0x30,0x12,0x03,0x01,0x00,0x00,0x00,0x00,0x00,0x00,0x00,0x00,0x00,0x00,0x00,0x00,0x00,0x00,0x00,0x00,0x00,0x00,0x00,0x00,0x00,0x00,0x00,0x00,0x00,0x00,0x00,0x00,0x00,0x00,0x00,0x00,0x00,0x00,
    0x00,0x00,0x00,0x00,0x00,0x00,0x00,0x00,0x00,0x00,0x00,0x00,0x00,0x00,0x00,0x00,0x00,0x00,0x00,0x00,0x00,0x00,0x00,0x00,0x00,0x00,0x00,0x00,0x00,0x00,0x00,0x00,0x00,0x00,0x51,0x15,0xab,0xa0,0x87,0x10,0xa7,0x7e,0x78,0x8e,0x8e,0x87,0xb2,0x1d,0x80,0x80,0x90,0xae,0xd2,0xb1,0xd6,0xd2,0xe1,0xbb,0xe1,0xe4,0xb1,0xf2,0xc7,0x85,0x7b,0x7d,0x7d,0x7d,0x6e,0x6e,0x6e,0x6e,0x6e,0x6e,0x7d,0x7d,0x6e,0x6e,0x6e,0x6e,0x6e,0x68,0x9b,0x98,0x81,0x86,0xa9,0xbf,0xe5,0xae,0xf2,0xbb,0xbb,0xd6,0xaa,0xb1,0xae,0xb1,0x83,0xd5,0x87,0x78,0x6a,0x6a,0x77,0x88,0x9d,0x3a,0x00,0x04,0x00,0x00,0x00,0x00,0x00,0x00,0x00,0x00,0x00,0x00,0x00,0x00,0x00,0x00,0x00,0x00,0x00,0x00,0x00,0x00,0x00,0x00,0x00,0x00,0x00,0x00,0x00,0x00,0x00,0x00,0x00,0x00,0x00,0x00,
    0x00,0x00,0x00,0x00,0x00,0x00,0x00,0x00,0x00,0x00,0x00,0x00,0x00,0x00,0x00,0x00,0x00,0x00,0x00,0x00,0x00,0x00,0x00,0x00,0x00,0x00,0x00,0x00,0x00,0x00,0x00,0x00,0x00,0x00,0x3e,0x77,0x3e,0x47,0x45,0x1e,0x0b,0x88,0x7e,0x87,0x8e,0x78,0xd5,0xae,0xa1,0x80,0x90,0xae,0xd3,0xa1,0x22,0xdb,0xca,0xf6,0xb8,0xdb,0x7c,0xe5,0xd4,0xee,0xa9,0x7b,0x86,0x81,0x6e,0x7d,0x7d,0x7d,0x6e,0x6e,0x6e,0x6e,0x6e,0x7d,0x7d,0x7d,0x6e,0x81,0x86,0x8c,0x21,0xdd,0xdb,0xd6,0xb1,0x22,0x9f,0xf4,0xf6,0xc3,0xd2,0xa1,0xe3,0xb1,0x7c,0xd5,0x87,0x15,0x6a,0x78,0x7e,0x8e,0x7e,0x4f,0x04,0x04,0x00,0x00,0x00,0x00,0x00,0x00,0x00,0x00,0x00,0x00,0x00,0x00,0x00,0x00,0x00,0x00,0x00,0x00,0x00,0x00,0x00,0x00,0x00,0x00,0x00,0x00,0x00,0x00,0x00,0x00,0x00,0x00,0x00,0x00,
    0x00,0x00,0x00,0x00,0x00,0x00,0x00,0x00,0x00,0x00,0x00,0x00,0x00,0x00,0x00,0x00,0x00,0x00,0x00,0x00,0x00,0x00,0x00,0x00,0x00,0x00,0x00,0x00,0x00,0x00,0x00,0x00,0x00,0x00,0x21,0x99,0x2f,0x00,0x3f,0x14,0x0e,0x7d,0x87,0x2e,0x9d,0x88,0xbe,0x80,0x90,0x80,0x80,0x80,0xae,0x7c,0x80,0xc2,0xf6,0xf5,0xf6,0xe1,0x9a,0xb1,0xaa,0xd6,0xd2,0xbe,0xb2,0x21,0x7b,0x85,0x07,0x07,0x07,0x9b,0x6e,0x6e,0x9b,0x9b,0x07,0x07,0xab,0x94,0xb2,0xbe,0xe4,0xd6,0xaa,0xaa,0xe3,0xb1,0xf4,0xf5,0xf5,0xfc,0xd3,0x83,0x1d,0xae,0x7c,0xe6,0xc1,0x8a,0x7f,0x7f,0x7f,0x97,0x0b,0x9e,0x25,0x00,0x0a,0x00,0x00,0x00,0x00,0x00,0x00,0x00,0x00,0x00,0x00,0x00,0x00,0x00,0x00,0x00,0x00,0x00,0x00,0x00,0x00,0x00,0x00,0x00,0x00,0x00,0x00,0x00,0x00,0x00,0x00,0x00,0x00,0x00,
    0x00,0x00,0x00,0x00,0x00,0x00,0x00,0x00,0x00,0x00,0x00,0x00,0x00,0x00,0x00,0x00,0x00,0x00,0x00,0x00,0x00,0x00,0x00,0x00,0x00,0x00,0x00,0x00,0x00,0x00,0x00,0x00,0x09,0x00,0x58,0x51,0x00,0x23,0x4f,0x95,0x8a,0x85,0xb0,0x22,0xf9,0x8e,0xf9,0x70,0x70,0x70,0x7c,0x70,0x80,0x80,0x9a,0xd3,0xfc,0xf5,0xfc,0xae,0xec,0xe3,0xaa,0xaa,0xe5,0xa1,0xb1,0xd3,0xf2,0xdd,0x93,0x9e,0xa9,0xb9,0x7d,0x89,0x9d,0xc9,0xa7,0xdd,0xf2,0xd4,0xd4,0xae,0xa1,0xd6,0xd6,0xd6,0xe3,0xec,0xca,0xf6,0xf5,0xf4,0xa1,0xec,0xb1,0x80,0xe9,0x14,0x7b,0x6e,0x68,0x75,0x75,0xab,0x4c,0x2c,0x59,0x00,0x02,0x00,0x00,0x00,0x00,0x00,0x00,0x00,0x00,0x00,0x00,0x00,0x00,0x00,0x00,0x00,0x00,0x00,0x00,0x00,0x00,0x00,0x00,0x00,0x00,0x00,0x00,0x00,0x00,0x00,0x00,0x00,0x00,0x00,
    0x00,0x00,0x00,0x00,0x00,0x00,0x00,0x00,0x00,0x00,0x00,0x00,0x00,0x00,0x00,0x00,0x00,0x00,0x00,0x00,0x00,0x00,0x00,0x00,0x00,0x00,0x00,0x00,0x00,0x00,0x00,0x00,0x08,0x00,0x3f,0xb5,0x3a,0x23,0xa4,0x7e,0x7f,0x87,0xbe,0x70,0x90,0xd5,0xf0,0x7c,0x70,0x70,0x70,0x70,0x90,0x80,0x83,0xe4,0xf4,0xca,0xf4,0x1d,0xec,0xe3,0xaa,0xaa,0xe5,0x80,0x80,0xe3,0xaa,0xaa,0xd6,0xdb,0xe2,0xe8,0xd1,0xce,0xe8,0xe8,0xc3,0xaa,0xaa,0xaa,0xaa,0x80,0xa1,0xaa,0xaa,0xd6,0xae,0x9a,0xca,0xca,0xe1,0xf4,0x80,0xec,0x22,0xc5,0x36,0x87,0x7f,0x7e,0x15,0x77,0x97,0x9e,0x2f,0x00,0x4b,0x25,0x00,0x0a,0x00,0x00,0x00,0x00,0x00,0x00,0x00,0x00,0x00,0x00,0x00,0x00,0x00,0x00,0x00,0x00,0x00,0x00,0x00,0x00,0x00,0x00,0x00,0x00,0x00,0x00,0x00,0x00,0x00,0x00,0x00,0x00,
    0x00,0x00,0x00,0x00,0x00,0x00,0x00,0x00,0x00,0x00,0x00,0x00,0x00,0x00,0x00,0x00,0x00,0x00,0x00,0x00,0x00,0x00,0x00,0x00,0x00,0x00,0x00,0x00,0x00,0x00,0x00,0x00,0x03,0x00,0x43,0x3f,0x37,0x4f,0x97,0x77,0x77,0x6a,0xbe,0x7c,0x83,0x70,0xe4,0x90,0x70,0x70,0x70,0x70,0x7c,0x7c,0x83,0x1d,0xdb,0x7c,0x22,0x1d,0x9a,0xae,0xaa,0xd4,0xcc,0x55,0xcc,0xcc,0xf7,0xcc,0xd4,0xdb,0xce,0xdc,0xce,0xce,0xdc,0xdc,0xbf,0xaa,0xd4,0xf7,0xf7,0xcc,0x55,0xf7,0xd6,0xaa,0xa1,0x9a,0xe9,0x90,0x9a,0xe4,0x83,0x80,0xb2,0x0b,0x88,0x8e,0xc9,0x78,0x8e,0x8e,0x7e,0x96,0x48,0x17,0x30,0x25,0x00,0x0a,0x00,0x00,0x00,0x00,0x00,0x00,0x00,0x00,0x00,0x00,0x00,0x00,0x00,0x00,0x00,0x00,0x00,0x00,0x00,0x00,0x00,0x00,0x00,0x00,0x00,0x00,0x00,0x00,0x00,0x00,0x00,0x00,
    0x00,0x00,0x00,0x00,0x00,0x00,0x00,0x00,0x00,0x00,0x00,0x00,0x00,0x00,0x00,0x00,0x00,0x00,0x00,0x00,0x00,0x00,0x00,0x00,0x00,0x00,0x00,0x00,0x00,0x00,0x00,0x00,0x00,0x00,0x17,0x00,0x00,0x47,0x9d,0x77,0x77,0x88,0xbe,0x7c,0x70,0x83,0x7c,0x7c,0x70,0x70,0x70,0x70,0x7c,0x90,0x7c,0x7c,0x70,0x83,0x9a,0x83,0x83,0x80,0xd4,0x6b,0x6c,0x6c,0x71,0x76,0x71,0x76,0x76,0xbd,0xe8,0xcd,0xcd,0xcd,0xcd,0xcd,0x1b,0x71,0x71,0x71,0x76,0x71,0x71,0x76,0x6f,0xd4,0x90,0x70,0x83,0x70,0x70,0x9a,0x83,0xc5,0x7e,0x75,0xd1,0xbe,0xd3,0x8f,0x95,0x97,0x78,0x0b,0x1e,0x5d,0x3d,0x03,0x0a,0x00,0x00,0x00,0x00,0x00,0x00,0x00,0x00,0x00,0x00,0x00,0x00,0x00,0x00,0x00,0x00,0x00,0x00,0x00,0x00,0x00,0x00,0x00,0x00,0x00,0x00,0x00,0x00,0x00,0x00,0x00,0x00,0x00,
    0x00,0x00,0x00,0x00,0x00,0x00,0x00,0x00,0x00,0x00,0x00,0x00,0x00,0x00,0x00,0x00,0x00,0x00,0x00,0x00,0x00,0x00,0x00,0x00,0x00,0x00,0x00,0x00,0x00,0x00,0x00,0x00,0x00,0x00,0x03,0x0a,0x09,0x00,0x4c,0x88,0x14,0x95,0xe6,0xa1,0x83,0x70,0x70,0x70,0x70,0x70,0x70,0x70,0x7c,0x80,0x7c,0x70,0x70,0x70,0x70,0x90,0x9a,0x22,0x76,0x6b,0x6b,0x6f,0x6d,0x6b,0x6b,0x6c,0x76,0xbd,0xce,0xcd,0xe8,0xcd,0xcd,0xce,0xbb,0x76,0x71,0x6b,0x6b,0x6b,0x6b,0x6b,0x6c,0xa6,0x80,0x9a,0x7c,0x70,0x70,0x7c,0x7c,0xf9,0x7f,0x7f,0xbe,0xae,0x70,0xc5,0x9d,0x0e,0x8e,0x78,0x9d,0x49,0x00,0x0a,0x03,0x00,0x00,0x00,0x00,0x00,0x00,0x00,0x00,0x00,0x00,0x00,0x00,0x00,0x00,0x00,0x00,0x00,0x00,0x00,0x00,0x00,0x00,0x00,0x00,0x00,0x00,0x00,0x00,0x00,0x00,0x00,0x00,0x00,
    0x00,0x00,0x00,0x00,0x00,0x00,0x00,0x00,0x00,0x00,0x00,0x00,0x00,0x00,0x00,0x00,0x00,0x00,0x00,0x00,0x00,0x00,0x00,0x00,0x00,0x00,0x00,0x00,0x00,0x00,0x00,0x00,0x00,0x00,0x03,0x00,0x04,0x04,0x34,0xd1,0x46,0x10,0xb3,0x1d,0x9a,0x70,0x70,0x70,0x70,0x70,0x70,0x70,0x83,0xae,0xa1,0x83,0x70,0x70,0x7c,0x9a,0x80,0x82,0x71,0x6f,0x73,0x67,0x69,0x67,0x6c,0x6b,0xb8,0xac,0x8c,0x89,0xd0,0xdc,0xb9,0x68,0xa9,0xd7,0x72,0x71,0x6b,0x6b,0x6d,0x74,0x72,0x6d,0xcc,0x7c,0x83,0x70,0x70,0x70,0x7c,0xbe,0x87,0x10,0x22,0x7c,0x80,0x80,0xbe,0x8e,0x7e,0x8e,0x0b,0x91,0x24,0x00,0x04,0x00,0x00,0x00,0x00,0x00,0x00,0x00,0x00,0x00,0x00,0x00,0x00,0x00,0x00,0x00,0x00,0x00,0x00,0x00,0x00,0x00,0x00,0x00,0x00,0x00,0x00,0x00,0x00,0x00,0x00,0x00,0x00,0x00,
    0x00,0x00,0x00,0x00,0x00,0x00,0x00,0x00,0x00,0x00,0x00,0x00,0x00,0x00,0x00,0x00,0x00,0x00,0x00,0x00,0x00,0x00,0x00,0x00,0x00,0x00,0x00,0x00,0x00,0x00,0x00,0x00,0x00,0x00,0x00,0x00,0x01,0x00,0x17,0xca,0x2d,0x50,0xd1,0x22,0x83,0x7c,0x70,0x70,0x70,0x70,0x70,0x70,0x83,0xa1,0x80,0x83,0x70,0x7c,0x9a,0x80,0x82,0x6f,0x67,0x67,0x69,0x67,0x67,0x67,0x69,0x74,0xb7,0xa0,0x7a,0x9b,0x75,0x9b,0x68,0x8a,0x07,0x8a,0xb8,0x6b,0x67,0x74,0x69,0x67,0x67,0x72,0x6c,0xcc,0x7c,0x70,0x70,0x7c,0x7c,0x1d,0x9e,0x91,0xb1,0x7c,0x80,0x70,0x1d,0x9d,0x6a,0x8e,0x6a,0x10,0x30,0x24,0x03,0x0a,0x00,0x00,0x00,0x00,0x00,0x00,0x00,0x00,0x00,0x00,0x00,0x00,0x00,0x00,0x00,0x00,0x00,0x00,0x00,0x00,0x00,0x00,0x00,0x00,0x00,0x00,0x00,0x00,0x00,0x00,0x00,0x00,
    0x00,0x00,0x00,0x00,0x00,0x00,0x00,0x00,0x00,0x00,0x00,0x00,0x00,0x00,0x00,0x00,0x00,0x00,0x00,0x00,0x00,0x00,0x00,0x00,0x00,0x00,0x00,0x00,0x00,0x00,0x00,0x00,0x00,0x00,0x00,0x01,0x00,0x16,0x02,0x06,0x00,0x44,0x4d,0x1d,0x90,0x90,0x70,0x70,0x70,0x70,0x70,0x70,0x70,0x70,0x70,0x70,0x70,0x7c,0xec,0x55,0x6d,0x72,0x67,0x67,0x67,0x67,0x67,0x67,0x73,0x6f,0x76,0xbb,0x1a,0x75,0x89,0x75,0x75,0xa0,0x94,0xbb,0x6b,0x72,0x67,0x67,0x67,0x74,0x6c,0x6c,0x6d,0x76,0x55,0x70,0x80,0x80,0x80,0x90,0xc5,0xa7,0xc5,0x90,0x90,0x83,0xe9,0xa4,0x6a,0x77,0x78,0xb5,0xaf,0x24,0x00,0x02,0x00,0x00,0x00,0x00,0x00,0x00,0x00,0x00,0x00,0x00,0x00,0x00,0x00,0x00,0x00,0x00,0x00,0x00,0x00,0x00,0x00,0x00,0x00,0x00,0x00,0x00,0x00,0x00,0x00,0x00,0x00,0x00,
    0x00,0x00,0x00,0x00,0x00,0x00,0x00,0x00,0x00,0x00,0x00,0x00,0x00,0x00,0x00,0x00,0x00,0x00,0x00,0x00,0x00,0x00,0x00,0x00,0x00,0x00,0x00,0x00,0x00,0x00,0x00,0x00,0x00,0x00,0x00,0x02,0x00,0x20,0x32,0x61,0x2a,0x54,0x22,0x70,0x7c,0x70,0x7c,0x70,0x70,0x70,0x70,0x70,0x70,0x70,0x83,0x83,0x7c,0x9a,0x22,0x6f,0x72,0x74,0x67,0x69,0x69,0x69,0x69,0x74,0x71,0x71,0x6c,0x76,0x84,0xb5,0xd0,0x9d,0xb9,0xa5,0x92,0x6c,0x72,0x74,0x67,0x67,0x69,0x67,0x6c,0x6b,0x71,0x6c,0x6b,0x22,0x83,0x7c,0x7c,0x7c,0x70,0x1d,0xe4,0x7c,0x70,0x9a,0x1d,0x5a,0x7d,0x0b,0x0b,0x4e,0x24,0x00,0x04,0x00,0x00,0x00,0x00,0x00,0x00,0x00,0x00,0x00,0x00,0x00,0x00,0x00,0x00,0x00,0x00,0x00,0x00,0x00,0x00,0x00,0x00,0x00,0x00,0x00,0x00,0x00,0x00,0x00,0x00,0x00,0x00,0x00,
    0x00,0x00,0x00,0x00,0x00,0x00,0x00,0x00,0x00,0x00,0x00,0x00,0x00,0x00,0x00,0x00,0x00,0x00,0x00,0x00,0x00,0x00,0x00,0x00,0x00,0x00,0x00,0x00,0x00,0x00,0x00,0x00,0x00,0x00,0x00,0x01,0x01,0x16,0x8d,0xd2,0x60,0x1d,0x80,0x70,0x70,0x70,0x9a,0x83,0x70,0x70,0x70,0x70,0x70,0x83,0xb1,0x80,0x83,0x9a,0xcc,0x6b,0x6f,0x73,0x6f,0x6f,0x6d,0x74,0x73,0x73,0x6f,0x6b,0x6c,0x6f,0x1b,0xbb,0xa9,0x68,0xa5,0xb8,0x1b,0x69,0x69,0x69,0x69,0x67,0x73,0x6c,0x6b,0x6c,0x6f,0x67,0x6f,0x55,0x9a,0x70,0x70,0x70,0x70,0x70,0x90,0x90,0x90,0x9a,0xa1,0xbe,0x7f,0x10,0x3f,0x04,0x00,0x0a,0x00,0x00,0x00,0x00,0x00,0x00,0x00,0x00,0x00,0x00,0x00,0x00,0x00,0x00,0x00,0x00,0x00,0x00,0x00,0x00,0x00,0x00,0x00,0x00,0x00,0x00,0x00,0x00,0x00,0x00,0x00,0x00,0x00,0x00,
    0x00,0x00,0x00,0x00,0x00,0x00,0x00,0x00,0x00,0x00,0x00,0x00,0x00,0x00,0x00,0x00,0x00,0x00,0x00,0x00,0x00,0x00,0x00,0x00,0x00,0x00,0x00,0x00,0x00,0x00,0x00,0x00,0x00,0x00,0x00,0x00,0x0a,0x00,0x0f,0x55,0xae,0x70,0x7c,0x83,0x83,0xec,0xe9,0x1d,0x83,0x70,0x70,0x70,0x7c,0x83,0xe4,0xc5,0x83,0x7c,0x8d,0x71,0x69,0x69,0x67,0x6c,0x71,0x71,0x71,0x6c,0x69,0x74,0x6c,0x67,0x84,0x74,0xb8,0xda,0x72,0x84,0x84,0x6d,0x6d,0x73,0x6c,0x6b,0x71,0x71,0x6f,0x74,0x69,0x72,0x6f,0xcc,0x9a,0x7c,0x70,0x70,0x70,0x70,0x83,0x90,0xd2,0x80,0x7c,0xc5,0xc9,0xb5,0x2f,0x00,0x08,0x00,0x00,0x00,0x00,0x00,0x00,0x00,0x00,0x00,0x00,0x00,0x00,0x00,0x00,0x00,0x00,0x00,0x00,0x00,0x00,0x00,0x00,0x00,0x00,0x00,0x00,0x00,0x00,0x00,0x00,0x00,0x00,0x00,0x00,0x00,
    0x00,0x00,0x00,0x00,0x00,0x00,0x00,0x00,0x00,0x00,0x00,0x00,0x00,0x00,0x00,0x00,0x00,0x00,0x00,0x00,0x00,0x00,0x00,0x00,0x00,0x00,0x00,0x00,0x00,0x00,0x00,0x00,0x00,0x00,0x00,0x00,0x00,0x01,0x00,0x06,0x54,0x60,0x53,0x53,0x53,0x52,0x54,0xae,0x83,0x70,0x70,0x7c,0x7c,0x80,0xbe,0x93,0xe9,0x9a,0x55,0x6c,0x74,0x73,0x69,0x74,0x6f,0x6c,0x6b,0x6f,0x6c,0x6d,0x9f,0x72,0x73,0x72,0x73,0x71,0x74,0x73,0x6b,0xa6,0x82,0x71,0x71,0x6b,0x6f,0x74,0x69,0x67,0x67,0x72,0x6b,0xd3,0x9a,0x70,0x83,0x70,0x70,0x70,0x7c,0x90,0xdb,0xae,0x7c,0xa1,0xf0,0x43,0x03,0x08,0x00,0x00,0x00,0x00,0x00,0x00,0x00,0x00,0x00,0x00,0x00,0x00,0x00,0x00,0x00,0x00,0x00,0x00,0x00,0x00,0x00,0x00,0x00,0x00,0x00,0x00,0x00,0x00,0x00,0x00,0x00,0x00,0x00,0x00,0x00,0x00,
    0x00,0x00,0x00,0x00,0x00,0x00,0x00,0x00,0x00,0x00,0x00,0x00,0x00,0x00,0x00,0x00,0x00,0x00,0x00,0x00,0x00,0x00,0x00,0x00,0x00,0x00,0x00,0x00,0x00,0x00,0x00,0x00,0x00,0x00,0x00,0x00,0x00,0x00,0x0a,0x00,0x00,0x0d,0x17,0x12,0x17,0x00,0x00,0x52,0x83,0x7c,0x70,0x70,0x70,0xa1,0xc5,0xd5,0xe9,0x70,0x8d,0x6f,0x71,0x6d,0x69,0x69,0x69,0x67,0x67,0x69,0x74,0xa6,0x8b,0xa6,0x74,0x73,0x69,0x72,0x6c,0x6c,0x71,0xc6,0xb4,0x76,0x73,0x74,0x69,0x69,0x67,0x67,0x74,0x72,0x6c,0xcc,0x9a,0x1d,0x1d,0x70,0x80,0x80,0x80,0x90,0x5b,0x5f,0x60,0x80,0x83,0x5e,0x00,0x08,0x00,0x00,0x00,0x00,0x00,0x00,0x00,0x00,0x00,0x00,0x00,0x00,0x00,0x00,0x00,0x00,0x00,0x00,0x00,0x00,0x00,0x00,0x00,0x00,0x00,0x00,0x00,0x00,0x00,0x00,0x00,0x00,0x00,0x00,0x00,0x00,
    0x00,0x00,0x00,0x00,0x00,0x00,0x00,0x00,0x00,0x00,0x00,0x00,0x00,0x00,0x00,0x00,0x00,0x00,0x00,0x00,0x00,0x00,0x00,0x00,0x00,0x00,0x00,0x00,0x00,0x00,0x00,0x00,0x00,0x00,0x00,0x00,0x00,0x00,0x00,0x0a,0x02,0x00,0x00,0x00,0x00,0x08,0x0a,0x25,0x53,0x83,0x70,0x70,0x70,0x90,0xe3,0xb1,0x53,0xdb,0x6f,0x67,0x6f,0x6f,0x69,0x67,0x67,0x67,0x67,0x67,0x67,0x82,0x9f,0x6b,0x6c,0x71,0x6d,0x67,0x73,0x74,0x6f,0x8d,0x9f,0x73,0x72,0x67,0x67,0x74,0x67,0x6d,0x6d,0x69,0x67,0x6d,0xd3,0xd3,0x22,0x90,0x80,0x80,0xa1,0xd3,0x48,0x00,0x5f,0x90,0x60,0x17,0x01,0x03,0x00,0x00,0x00,0x00,0x00,0x00,0x00,0x00,0x00,0x00,0x00,0x00,0x00,0x00,0x00,0x00,0x00,0x00,0x00,0x00,0x00,0x00,0x00,0x00,0x00,0x00,0x00,0x00,0x00,0x00,0x00,0x00,0x00,0x00,0x00,0x00,
    0x00,0x00,0x00,0x00,0x00,0x00,0x00,0x00,0x00,0x00,0x00,0x00,0x00,0x00,0x00,0x00,0x00,0x00,0x00,0x00,0x00,0x00,0x00,0x00,0x00,0x00,0x00,0x00,0x00,0x00,0x00,0x00,0x00,0x00,0x00,0x00,0x00,0x00,0x00,0x00,0x00,0x01,0x03,0x01,0x03,0x00,0x0a,0x00,0x66,0x1d,0xa1,0x83,0x90,0xa1,0xae,0x5e,0x16,0x11,0x84,0x72,0x69,0x6d,0x73,0x73,0x69,0x67,0x67,0x67,0x73,0x8d,0x8b,0x76,0x6b,0x6c,0x74,0x67,0x69,0x72,0x6d,0xa3,0xc3,0x6c,0x72,0x67,0x69,0x73,0x6f,0x6f,0x73,0x69,0x82,0x69,0x0c,0xdb,0x22,0xa1,0xa1,0x80,0xd3,0x54,0x0d,0x17,0x52,0x60,0x62,0x00,0x0a,0x00,0x00,0x00,0x00,0x00,0x00,0x00,0x00,0x00,0x00,0x00,0x00,0x00,0x00,0x00,0x00,0x00,0x00,0x00,0x00,0x00,0x00,0x00,0x00,0x00,0x00,0x00,0x00,0x00,0x00,0x00,0x00,0x00,0x00,0x00,0x00,0x00,
    0x00,0x00,0x00,0x00,0x00,0x00,0x00,0x00,0x00,0x00,0x00,0x00,0x00,0x00,0x00,0x00,0x00,0x00,0x00,0x00,0x00,0x00,0x00,0x00,0x00,0x00,0x00,0x00,0x00,0x00,0x00,0x00,0x00,0x00,0x00,0x00,0x00,0x00,0x00,0x00,0x00,0x00,0x00,0x00,0x00,0x00,0x00,0x02,0x00,0x62,0x5e,0x52,0x52,0x5e,0x5f,0x00,0x20,0x69,0x1c,0x84,0x67,0x6d,0x6f,0x73,0x69,0x67,0x67,0x67,0x6d,0x1c,0xc3,0x6b,0x74,0x67,0x67,0x67,0x67,0x69,0x6d,0xa3,0x8b,0x6b,0x72,0x74,0x74,0x67,0x6f,0x6f,0x74,0x67,0x72,0x82,0x11,0x40,0x54,0x5b,0x5b,0x5b,0x62,0x00,0x00,0x5f,0x65,0x16,0x00,0x03,0x00,0x00,0x00,0x00,0x00,0x00,0x00,0x00,0x00,0x00,0x00,0x00,0x00,0x00,0x00,0x00,0x00,0x00,0x00,0x00,0x00,0x00,0x00,0x00,0x00,0x00,0x00,0x00,0x00,0x00,0x00,0x00,0x00,0x00,0x00,0x00,0x00,0x00,
    0x00,0x00,0x00,0x00,0x00,0x00,0x00,0x00,0x00,0x00,0x00,0x00,0x00,0x00,0x00,0x00,0x00,0x00,0x00,0x00,0x00,0x00,0x00,0x00,0x00,0x00,0x00,0x00,0x00,0x00,0x00,0x00,0x00,0x00,0x00,0x00,0x00,0x00,0x00,0x00,0x00,0x00,0x00,0x00,0x00,0x00,0x00,0x00,0x0a,0x00,0x00,0x00,0x00,0x00,0x00,0x12,0x19,0x67,0x72,0x67,0x69,0x6d,0x6c,0x67,0x67,0x67,0x67,0x69,0x6d,0xa3,0xc3,0x6b,0x72,0x67,0x67,0x67,0x67,0x67,0x74,0x8d,0x8b,0x6c,0x72,0x67,0x67,0x67,0x6d,0x6d,0x67,0x67,0x67,0x05,0x72,0x20,0x00,0x00,0x00,0x00,0x00,0x01,0x01,0x00,0x00,0x00,0x0a,0x00,0x00,0x00,0x00,0x00,0x00,0x00,0x00,0x00,0x00,0x00,0x00,0x00,0x00,0x00,0x00,0x00,0x00,0x00,0x00,0x00,0x00,0x00,0x00,0x00,0x00,0x00,0x00,0x00,0x00,0x00,0x00,0x00,0x00,0x00,0x00,0x00,0x00,0x00,
    0x00,0x00,0x00,0x00,0x00,0x00,0x00,0x00,0x00,0x00,0x00,0x00,0x00,0x00,0x00,0x00,0x00,0x00,0x00,0x00,0x00,0x00,0x00,0x00,0x00,0x00,0x00,0x00,0x00,0x00,0x00,0x00,0x00,0x00,0x00,0x00,0x00,0x00,0x00,0x00,0x00,0x00,0x00,0x00,0x00,0x00,0x00,0x00,0x00,0x0a,0x08,0x09,0x02,0x0d,0x00,0x0f,0x73,0x72,0x67,0x67,0x67,0x74,0x6b,0x74,0x67,0x67,0x67,0x69,0x6f,0x9f,0xbf,0x6b,0x72,0x67,0x67,0x67,0x67,0x67,0x74,0x82,0x8b,0x6f,0x69,0x67,0x67,0x69,0x6c,0x6c,0x69,0x67,0x67,0x05,0x69,0x18,0x0a,0x02,0x02,0x0a,0x02,0x00,0x00,0x01,0x09,0x01,0x00,0x00,0x00,0x00,0x00,0x00,0x00,0x00,0x00,0x00,0x00,0x00,0x00,0x00,0x00,0x00,0x00,0x00,0x00,0x00,0x00,0x00,0x00,0x00,0x00,0x00,0x00,0x00,0x00,0x00,0x00,0x00,0x00,0x00,0x00,0x00,0x00,0x00,0x00,0x00,
    0x00,0x00,0x00,0x00,0x00,0x00,0x00,0x00,0x00,0x00,0x00,0x00,0x00,0x00,0x00,0x00,0x00,0x00,0x00,0x00,0x00,0x00,0x00,0x00,0x00,0x00,0x00,0x00,0x00,0x00,0x00,0x00,0x00,0x00,0x00,0x00,0x00,0x00,0x00,0x00,0x00,0x00,0x00,0x00,0x00,0x00,0x00,0x00,0x00,0x00,0x00,0x00,0x01,0x0a,0x12,0x18,0x74,0x05,0x67,0x67,0x67,0x74,0x6c,0x67,0x67,0x67,0x67,0x69,0x6c,0x9f,0xbf,0x71,0x72,0x67,0x67,0x67,0x67,0x67,0x67,0x67,0xba,0x74,0x67,0x67,0x67,0x69,0x6d,0x6d,0x69,0x67,0x67,0x67,0x72,0x74,0x39,0x01,0x02,0x00,0x00,0x00,0x00,0x00,0x00,0x00,0x00,0x00,0x00,0x00,0x00,0x00,0x00,0x00,0x00,0x00,0x00,0x00,0x00,0x00,0x00,0x00,0x00,0x00,0x00,0x00,0x00,0x00,0x00,0x00,0x00,0x00,0x00,0x00,0x00,0x00,0x00,0x00,0x00,0x00,0x00,0x00,0x00,0x00,0x00,0x00,
    0x00,0x00,0x00,0x00,0x00,0x00,0x00,0x00,0x00,0x00,0x00,0x00,0x00,0x00,0x00,0x00,0x00,0x00,0x00,0x00,0x00,0x00,0x00,0x00,0x00,0x00,0x00,0x00,0x00,0x00,0x00,0x00,0x00,0x00,0x00,0x00,0x00,0x00,0x00,0x00,0x00,0x00,0x00,0x00,0x00,0x00,0x00,0x00,0x00,0x00,0x00,0x00,0x02,0x00,0x38,0x6b,0x05,0x67,0x67,0x67,0x69,0x74,0x6f,0x69,0x67,0x67,0x67,0x72,0x6b,0xc6,0xbf,0x76,0x72,0x67,0x67,0x67,0x67,0x67,0x69,0x6f,0xd9,0x82,0x74,0x67,0x67,0x69,0x6d,0x6d,0x69,0x67,0x67,0x67,0x05,0x6f,0x32,0x00,0x02,0x00,0x00,0x00,0x00,0x00,0x00,0x00,0x00,0x00,0x00,0x00,0x00,0x00,0x00,0x00,0x00,0x00,0x00,0x00,0x00,0x00,0x00,0x00,0x00,0x00,0x00,0x00,0x00,0x00,0x00,0x00,0x00,0x00,0x00,0x00,0x00,0x00,0x00,0x00,0x00,0x00,0x00,0x00,0x00,0x00,0x00,0x00,
    0x00,0x00,0x00,0x00,0x00,0x00,0x00,0x00,0x00,0x00,0x00,0x00,0x00,0x00,0x00,0x00,0x00,0x00,0x00,0x00,0x00,0x00,0x00,0x00,0x00,0x00,0x00,0x00,0x00,0x00,0x00,0x00,0x00,0x00,0x00,0x00,0x00,0x00,0x00,0x00,0x00,0x00,0x00,0x00,0x00,0x00,0x00,0x00,0x00,0x00,0x00,0x00,0x02,0x0a,0x18,0x73,0x05,0x69,0x67,0x67,0x69,0x74,0x6f,0x69,0x67,0x67,0x67,0x72,0x6b,0xb4,0xbf,0x76,0x72,0x67,0x67,0x67,0x67,0x67,0x72,0x6b,0xd9,0x84,0x73,0x67,0x67,0x69,0x6d,0x6d,0x69,0x67,0x67,0x67,0x69,0x74,0x11,0x12,0x00,0x01,0x00,0x00,0x00,0x00,0x00,0x00,0x00,0x00,0x00,0x00,0x00,0x00,0x00,0x00,0x00,0x00,0x00,0x00,0x00,0x00,0x00,0x00,0x00,0x00,0x00,0x00,0x00,0x00,0x00,0x00,0x00,0x00,0x00,0x00,0x00,0x00,0x00,0x00,0x00,0x00,0x00,0x00,0x00,0x00,0x00,0x00,
    0x00,0x00,0x00,0x00,0x00,0x00,0x00,0x00,0x00,0x00,0x00,0x00,0x00,0x00,0x00,0x00,0x00,0x00,0x00,0x00,0x00,0x00,0x00,0x00,0x00,0x00,0x00,0x00,0x00,0x00,0x00,0x00,0x00,0x00,0x00,0x00,0x00,0x00,0x00,0x00,0x00,0x00,0x00,0x00,0x00,0x00,0x00,0x00,0x00,0x00,0x00,0x02,0x00,0x0f,0x6d,0x05,0x74,0x69,0x67,0x67,0x67,0x6f,0x6f,0x69,0x67,0x67,0x67,0x72,0x6c,0xb4,0xb4,0x6b,0x72,0x67,0x67,0x67,0x67,0x67,0x69,0x6c,0xbf,0x1c,0x6d,0x69,0x67,0x67,0x74,0x73,0x69,0x67,0x67,0x67,0x67,0x05,0x74,0x13,0x00,0x02,0x00,0x00,0x00,0x00,0x00,0x00,0x00,0x00,0x00,0x00,0x00,0x00,0x00,0x00,0x00,0x00,0x00,0x00,0x00,0x00,0x00,0x00,0x00,0x00,0x00,0x00,0x00,0x00,0x00,0x00,0x00,0x00,0x00,0x00,0x00,0x00,0x00,0x00,0x00,0x00,0x00,0x00,0x00,0x00,0x00,0x00,
    0x00,0x00,0x00,0x00,0x00,0x00,0x00,0x00,0x00,0x00,0x00,0x00,0x00,0x00,0x00,0x00,0x00,0x00,0x00,0x00,0x00,0x00,0x00,0x00,0x00,0x00,0x00,0x00,0x00,0x00,0x00,0x00,0x00,0x00,0x00,0x00,0x00,0x00,0x00,0x00,0x00,0x00,0x00,0x00,0x00,0x00,0x00,0x00,0x00,0x00,0x00,0x02,0x01,0x1f,0x67,0x05,0x67,0x67,0x67,0x67,0x67,0x6b,0x6f,0x69,0x67,0x67,0x67,0x72,0x71,0xc8,0xd9,0x71,0x72,0x67,0x67,0x67,0x67,0x67,0x72,0x6b,0xfa,0xc3,0x71,0x72,0x67,0x67,0x74,0x73,0x69,0x67,0x67,0x67,0x67,0x69,0x69,0x11,0x16,0x01,0x01,0x00,0x00,0x00,0x00,0x00,0x00,0x00,0x00,0x00,0x00,0x00,0x00,0x00,0x00,0x00,0x00,0x00,0x00,0x00,0x00,0x00,0x00,0x00,0x00,0x00,0x00,0x00,0x00,0x00,0x00,0x00,0x00,0x00,0x00,0x00,0x00,0x00,0x00,0x00,0x00,0x00,0x00,0x00,0x00,0x00,
    0x00,0x00,0x00,0x00,0x00,0x00,0x00,0x00,0x00,0x00,0x00,0x00,0x00,0x00,0x00,0x00,0x00,0x00,0x00,0x00,0x00,0x00,0x00,0x00,0x00,0x00,0x00,0x00,0x00,0x00,0x00,0x00,0x00,0x00,0x00,0x00,0x00,0x00,0x00,0x00,0x00,0x00,0x00,0x00,0x00,0x00,0x00,0x00,0x00,0x00,0x02,0x00,0x0f,0x73,0x72,0x67,0x67,0x67,0x67,0x67,0x67,0x6b,0x6f,0x69,0x67,0x67,0x67,0x72,0x6b,0x8b,0xc3,0x6c,0x72,0x67,0x67,0x67,0x67,0x67,0x72,0x6b,0x8b,0x9f,0x6d,0x69,0x67,0x67,0x74,0x73,0x69,0x67,0x67,0x67,0x67,0x67,0x05,0x84,0x13,0x00,0x02,0x00,0x00,0x00,0x00,0x00,0x00,0x00,0x00,0x00,0x00,0x00,0x00,0x00,0x00,0x00,0x00,0x00,0x00,0x00,0x00,0x00,0x00,0x00,0x00,0x00,0x00,0x00,0x00,0x00,0x00,0x00,0x00,0x00,0x00,0x00,0x00,0x00,0x00,0x00,0x00,0x00,0x00,0x00,0x00,0x00,
    0x00,0x00,0x00,0x00,0x00,0x00,0x00,0x00,0x00,0x00,0x00,0x00,0x00,0x00,0x00,0x00,0x00,0x00,0x00,0x00,0x00,0x00,0x00,0x00,0x00,0x00,0x00,0x00,0x00,0x00,0x00,0x00,0x00,0x00,0x00,0x00,0x00,0x00,0x00,0x00,0x00,0x00,0x00,0x00,0x00,0x00,0x00,0x00,0x00,0x01,0x02,0x0d,0x18,0x74,0x05,0x67,0x67,0x67,0x67,0x67,0x67,0x6c,0x6d,0x69,0x67,0x67,0x67,0x67,0x74,0x82,0x82,0x74,0x67,0x67,0x67,0x67,0x67,0x67,0x69,0x74,0x8d,0xa6,0x74,0x67,0x67,0x67,0x74,0x6c,0x67,0x67,0x67,0x67,0x67,0x67,0x82,0x82,0x11,0x16,0x0a,0x01,0x00,0x00,0x00,0x00,0x00,0x00,0x00,0x00,0x00,0x00,0x00,0x00,0x00,0x00,0x00,0x00,0x00,0x00,0x00,0x00,0x00,0x00,0x00,0x00,0x00,0x00,0x00,0x00,0x00,0x00,0x00,0x00,0x00,0x00,0x00,0x00,0x00,0x00,0x00,0x00,0x00,0x00,0x00,0x00,
    0x00,0x00,0x00,0x00,0x00,0x00,0x00,0x00,0x00,0x00,0x00,0x00,0x00,0x00,0x00,0x00,0x00,0x00,0x00,0x00,0x00,0x00,0x00,0x00,0x00,0x00,0x00,0x00,0x00,0x00,0x00,0x00,0x00,0x00,0x00,0x00,0x00,0x00,0x00,0x00,0x00,0x00,0x00,0x00,0x00,0x00,0x00,0x00,0x00,0x02,0x00,0x40,0x6b,0x0c,0x69,0x67,0x67,0x67,0x67,0x67,0x69,0x6f,0x73,0x69,0x67,0x67,0x67,0x67,0x69,0x73,0x74,0x67,0x67,0x67,0x67,0x67,0x67,0x67,0x67,0x67,0x6d,0x74,0x67,0x67,0x67,0x67,0x74,0x6c,0x67,0x67,0x67,0x67,0x67,0x67,0x69,0x82,0x73,0x13,0x00,0x02,0x00,0x00,0x00,0x00,0x00,0x00,0x00,0x00,0x00,0x00,0x00,0x00,0x00,0x00,0x00,0x00,0x00,0x00,0x00,0x00,0x00,0x00,0x00,0x00,0x00,0x00,0x00,0x00,0x00,0x00,0x00,0x00,0x00,0x00,0x00,0x00,0x00,0x00,0x00,0x00,0x00,0x00,0x00,0x00,
    0x00,0x00,0x00,0x00,0x00,0x00,0x00,0x00,0x00,0x00,0x00,0x00,0x00,0x00,0x00,0x00,0x00,0x00,0x00,0x00,0x00,0x00,0x00,0x00,0x00,0x00,0x00,0x00,0x00,0x00,0x00,0x00,0x00,0x00,0x00,0x00,0x00,0x00,0x00,0x00,0x00,0x00,0x00,0x00,0x00,0x00,0x00,0x00,0x0a,0x0a,0x06,0x19,0x05,0x69,0x67,0x67,0x67,0x67,0x67,0x67,0x69,0x6f,0x73,0x69,0x67,0x67,0x67,0x67,0x67,0x69,0x69,0x67,0x67,0x67,0x67,0x67,0x67,0x67,0x67,0x67,0x69,0x67,0x67,0x67,0x67,0x67,0x74,0x6f,0x74,0x67,0x67,0x67,0x67,0x67,0x67,0x72,0x05,0x11,0x16,0x01,0x01,0x00,0x00,0x00,0x00,0x00,0x00,0x00,0x00,0x00,0x00,0x00,0x00,0x00,0x00,0x00,0x00,0x00,0x00,0x00,0x00,0x00,0x00,0x00,0x00,0x00,0x00,0x00,0x00,0x00,0x00,0x00,0x00,0x00,0x00,0x00,0x00,0x00,0x00,0x00,0x00,0x00,0x00,0x00,
    0x00,0x00,0x00,0x00,0x00,0x00,0x00,0x00,0x00,0x00,0x00,0x00,0x00,0x00,0x00,0x00,0x00,0x00,0x00,0x00,0x00,0x00,0x00,0x00,0x00,0x00,0x00,0x00,0x00,0x00,0x00,0x00,0x00,0x00,0x00,0x00,0x00,0x00,0x00,0x00,0x00,0x00,0x00,0x00,0x00,0x00,0x00,0x00,0x02,0x00,0x1f,0x72,0x05,0x67,0x67,0x67,0x67,0x67,0x67,0x67,0x67,0x6c,0x73,0x69,0x67,0x67,0x67,0x67,0x67,0x67,0x67,0x67,0x67,0x67,0x67,0x67,0x67,0x67,0x67,0x67,0x67,0x67,0x67,0x67,0x67,0x67,0x69,0x6c,0x74,0x69,0x67,0x67,0x67,0x67,0x67,0x67,0x05,0x67,0x32,0x00,0x02,0x00,0x00,0x00,0x00,0x00,0x00,0x00,0x00,0x00,0x00,0x00,0x00,0x00,0x00,0x00,0x00,0x00,0x00,0x00,0x00,0x00,0x00,0x00,0x00,0x00,0x00,0x00,0x00,0x00,0x00,0x00,0x00,0x00,0x00,0x00,0x00,0x00,0x00,0x00,0x00,0x00,0x00,0x00,
    0x00,0x00,0x00,0x00,0x00,0x00,0x00,0x00,0x00,0x00,0x00,0x00,0x00,0x00,0x00,0x00,0x00,0x00,0x00,0x00,0x00,0x00,0x00,0x00,0x00,0x00,0x00,0x00,0x00,0x00,0x00,0x00,0x00,0x00,0x00,0x00,0x00,0x00,0x00,0x00,0x00,0x00,0x00,0x00,0x00,0x00,0x00,0x0a,0x00,0x39,0x05,0x72,0x67,0x67,0x67,0x67,0x67,0x67,0x67,0x67,0x67,0x6c,0x67,0x67,0x67,0x67,0x67,0x67,0x67,0x67,0x67,0x67,0x67,0x67,0x67,0x67,0x67,0x67,0x67,0x67,0x67,0x67,0x67,0x67,0x67,0x67,0x69,0x6f,0x6d,0x69,0x67,0x67,0x67,0x67,0x67,0x67,0x67,0x05,0x73,0x39,0x00,0x02,0x00,0x00,0x00,0x00,0x00,0x00,0x00,0x00,0x00,0x00,0x00,0x00,0x00,0x00,0x00,0x00,0x00,0x00,0x00,0x00,0x00,0x00,0x00,0x00,0x00,0x00,0x00,0x00,0x00,0x00,0x00,0x00,0x00,0x00,0x00,0x00,0x00,0x00,0x00,0x00,0x00,0x00,
    0x00,0x00,0x00,0x00,0x00,0x00,0x00,0x00,0x00,0x00,0x00,0x00,0x00,0x00,0x00,0x00,0x00,0x00,0x00,0x00,0x00,0x00,0x00,0x00,0x00,0x00,0x00,0x00,0x00,0x00,0x00,0x00,0x00,0x00,0x00,0x00,0x00,0x00,0x00,0x00,0x00,0x00,0x00,0x00,0x00,0x00,0x00,0x01,0x02,0x18,0x67,0x05,0x67,0x67,0x67,0x67,0x67,0x67,0x67,0x69,0x73,0x6b,0x67,0x67,0x67,0x67,0x67,0x67,0x67,0x67,0x67,0x67,0x67,0x67,0x67,0x67,0x67,0x67,0x67,0x67,0x67,0x67,0x67,0x67,0x67,0x67,0x69,0x73,0x6f,0x69,0x67,0x67,0x67,0x67,0x67,0x67,0x67,0x05,0x67,0x32,0x0a,0x02,0x00,0x00,0x00,0x00,0x00,0x00,0x00,0x00,0x00,0x00,0x00,0x00,0x00,0x00,0x00,0x00,0x00,0x00,0x00,0x00,0x00,0x00,0x00,0x00,0x00,0x00,0x00,0x00,0x00,0x00,0x00,0x00,0x00,0x00,0x00,0x00,0x00,0x00,0x00,0x00,0x00,0x00,
    0x00,0x00,0x00,0x00,0x00,0x00,0x00,0x00,0x00,0x00,0x00,0x00,0x00,0x00,0x00,0x00,0x00,0x00,0x00,0x00,0x00,0x00,0x00,0x00,0x00,0x00,0x00,0x00,0x00,0x00,0x00,0x00,0x00,0x00,0x00,0x00,0x00,0x00,0x00,0x00,0x00,0x00,0x00,0x00,0x00,0x00,0x02,0x00,0x0f,0x6f,0x05,0x67,0x67,0x67,0x67,0x67,0x67,0x67,0x67,0x67,0x6c,0x6c,0x69,0x67,0x67,0x67,0x67,0x67,0x67,0x67,0x67,0x67,0x67,0x67,0x67,0x67,0x67,0x67,0x67,0x67,0x67,0x67,0x67,0x67,0x67,0x67,0x67,0x74,0x6f,0x69,0x67,0x67,0x67,0x67,0x67,0x67,0x67,0x67,0x69,0x6f,0x06,0x00,0x0a,0x00,0x00,0x00,0x00,0x00,0x00,0x00,0x00,0x00,0x00,0x00,0x00,0x00,0x00,0x00,0x00,0x00,0x00,0x00,0x00,0x00,0x00,0x00,0x00,0x00,0x00,0x00,0x00,0x00,0x00,0x00,0x00,0x00,0x00,0x00,0x00,0x00,0x00,0x00,0x00,0x00,
    0x00,0x00,0x00,0x00,0x00,0x00,0x00,0x00,0x00,0x00,0x00,0x00,0x00,0x00,0x00,0x00,0x00,0x00,0x00,0x00,0x00,0x00,0x00,0x00,0x00,0x00,0x00,0x00,0x00,0x00,0x00,0x00,0x00,0x00,0x00,0x00,0x00,0x00,0x00,0x00,0x00,0x00,0x00,0x00,0x00,0x00,0x02,0x00,0x1f,0x74,0x05,0x67,0x67,0x67,0x67,0x67,0x67,0x67,0x67,0x67,0x6c,0x74,0x69,0x67,0x67,0x67,0x67,0x67,0x67,0x67,0x67,0x67,0x67,0x67,0x67,0x67,0x67,0x67,0x67,0x67,0x67,0x67,0x67,0x67,0x67,0x67,0x67,0x67,0x6c,0x74,0x67,0x67,0x67,0x67,0x67,0x67,0x67,0x67,0x05,0x67,0x20,0x01,0x0d,0x00,0x00,0x00,0x00,0x00,0x00,0x00,0x00,0x00,0x00,0x00,0x00,0x00,0x00,0x00,0x00,0x00,0x00,0x00,0x00,0x00,0x00,0x00,0x00,0x00,0x00,0x00,0x00,0x00,0x00,0x00,0x00,0x00,0x00,0x00,0x00,0x00,0x00,0x00,0x00,0x00,
    0x00,0x00,0x00,0x00,0x00,0x00,0x00,0x00,0x00,0x00,0x00,0x00,0x00,0x00,0x00,0x00,0x00,0x00,0x00,0x00,0x00,0x00,0x00,0x00,0x00,0x00,0x00,0x00,0x00,0x00,0x00,0x00,0x00,0x00,0x00,0x00,0x00,0x00,0x00,0x00,0x00,0x00,0x00,0x00,0x00,0x0a,0x01,0x06,0x0c,0x05,0x69,0x67,0x67,0x67,0x67,0x67,0x67,0x67,0x67,0x6d,0x6c,0x67,0x67,0x67,0x67,0x67,0x67,0x67,0x67,0x67,0x67,0x67,0x67,0x67,0x67,0x67,0x67,0x67,0x67,0x67,0x67,0x67,0x67,0x67,0x67,0x67,0x67,0x69,0x6f,0x6f,0x69,0x67,0x67,0x67,0x67,0x67,0x67,0x67,0x05,0x72,0x1f,0x00,0x02,0x00,0x00,0x00,0x00,0x00,0x00,0x00,0x00,0x00,0x00,0x00,0x00,0x00,0x00,0x00,0x00,0x00,0x00,0x00,0x00,0x00,0x00,0x00,0x00,0x00,0x00,0x00,0x00,0x00,0x00,0x00,0x00,0x00,0x00,0x00,0x00,0x00,0x00,0x00,0x00,0x00,
    0x00,0x00,0x00,0x00,0x00,0x00,0x00,0x00,0x00,0x00,0x00,0x00,0x00,0x00,0x00,0x00,0x00,0x00,0x00,0x00,0x00,0x00,0x00,0x00,0x00,0x00,0x00,0x00,0x00,0x00,0x00,0x00,0x00,0x00,0x00,0x00,0x00,0x00,0x00,0x00,0x00,0x00,0x00,0x00,0x00,0x02,0x00,0x1f,0x73,0x05,0x67,0x67,0x67,0x67,0x67,0x67,0x67,0x67,0x69,0x6f,0x6d,0x69,0x67,0x67,0x67,0x67,0x67,0x67,0x67,0x67,0x67,0x67,0x67,0x67,0x67,0x67,0x67,0x67,0x67,0x67,0x67,0x67,0x67,0x67,0x67,0x67,0x67,0x67,0x74,0x6c,0x67,0x67,0x67,0x67,0x67,0x67,0x67,0x67,0x67,0x05,0x05,0x06,0x00,0x0a,0x00,0x00,0x00,0x00,0x00,0x00,0x00,0x00,0x00,0x00,0x00,0x00,0x00,0x00,0x00,0x00,0x00,0x00,0x00,0x00,0x00,0x00,0x00,0x00,0x00,0x00,0x00,0x00,0x00,0x00,0x00,0x00,0x00,0x00,0x00,0x00,0x00,0x00,0x00,0x00,
    0x00,0x00,0x00,0x00,0x00,0x00,0x00,0x00,0x00,0x00,0x00,0x00,0x00,0x00,0x00,0x00,0x00,0x00,0x00,0x00,0x00,0x00,0x00,0x00,0x00,0x00,0x00,0x00,0x00,0x00,0x00,0x00,0x00,0x00,0x00,0x00,0x00,0x00,0x00,0x00,0x00,0x00,0x00,0x00,0x0a,0x01,0x06,0x0c,0x69,0x67,0x67,0x67,0x67,0x67,0x67,0x67,0x67,0x67,0x74,0x6c,0x67,0x67,0x67,0x67,0x67,0x67,0x67,0x67,0x67,0x67,0x67,0x67,0x67,0x67,0x67,0x67,0x67,0x67,0x67,0x67,0x67,0x67,0x67,0x67,0x67,0x67,0x67,0x67,0x67,0x6c,0x74,0x67,0x67,0x67,0x67,0x67,0x67,0x67,0x67,0x05,0x74,0x40,0x00,0x02,0x00,0x00,0x00,0x00,0x00,0x00,0x00,0x00,0x00,0x00,0x00,0x00,0x00,0x00,0x00,0x00,0x00,0x00,0x00,0x00,0x00,0x00,0x00,0x00,0x00,0x00,0x00,0x00,0x00,0x00,0x00,0x00,0x00,0x00,0x00,0x00,0x00,0x00,0x00,0x00,
    0x00,0x00,0x00,0x00,0x00,0x00,0x00,0x00,0x00,0x00,0x00,0x00,0x00,0x00,0x00,0x00,0x00,0x00,0x00,0x00,0x00,0x00,0x00,0x00,0x00,0x00,0x00,0x00,0x00,0x00,0x00,0x00,0x00,0x00,0x00,0x00,0x00,0x00,0x00,0x00,0x00,0x00,0x00,0x00,0x02,0x00,0x1f,0x73,0x05,0x67,0x67,0x67,0x67,0x67,0x67,0x67,0x67,0x69,0x73,0x6f,0x69,0x67,0x67,0x67,0x67,0x67,0x67,0x67,0x67,0x67,0x67,0x67,0x67,0x67,0x67,0x67,0x67,0x67,0x67,0x67,0x67,0x67,0x67,0x67,0x67,0x67,0x67,0x67,0x69,0x6f,0x73,0x69,0x67,0x67,0x67,0x67,0x67,0x67,0x67,0x05,0x69,0x19,0x12,0x01,0x01,0x00,0x00,0x00,0x00,0x00,0x00,0x00,0x00,0x00,0x00,0x00,0x00,0x00,0x00,0x00,0x00,0x00,0x00,0x00,0x00,0x00,0x00,0x00,0x00,0x00,0x00,0x00,0x00,0x00,0x00,0x00,0x00,0x00,0x00,0x00,0x00,0x00,0x00,0x00,
    0x00,0x00,0x00,0x00,0x00,0x00,0x00,0x00,0x00,0x00,0x00,0x00,0x00,0x00,0x00,0x00,0x00,0x00,0x00,0x00,0x00,0x00,0x00,0x00,0x00,0x00,0x00,0x00,0x00,0x00,0x00,0x00,0x00,0x00,0x00,0x00,0x00,0x00,0x00,0x00,0x00,0x00,0x00,0x01,0x00,0x16,0x11,0x69,0x69,0x67,0x67,0x67,0x67,0x67,0x67,0x67,0x67,0x69,0x6c,0x74,0x69,0x67,0x67,0x67,0x67,0x67,0x67,0x67,0x67,0x67,0x67,0x67,0x67,0x67,0x67,0x67,0x67,0x67,0x67,0x67,0x67,0x67,0x67,0x67,0x67,0x67,0x67,0x67,0x67,0x74,0x6c,0x69,0x67,0x67,0x67,0x67,0x67,0x67,0x67,0x69,0x05,0x72,0x26,0x00,0x02,0x00,0x00,0x00,0x00,0x00,0x00,0x00,0x00,0x00,0x00,0x00,0x00,0x00,0x00,0x00,0x00,0x00,0x00,0x00,0x00,0x00,0x00,0x00,0x00,0x00,0x00,0x00,0x00,0x00,0x00,0x00,0x00,0x00,0x00,0x00,0x00,0x00,0x00,0x00,
    0x00,0x00,0x00,0x00,0x00,0x00,0x00,0x00,0x00,0x00,0x00,0x00,0x00,0x00,0x00,0x00,0x00,0x00,0x00,0x00,0x00,0x00,0x00,0x00,0x00,0x00,0x00,0x00,0x00,0x00,0x00,0x00,0x00,0x00,0x00,0x00,0x00,0x00,0x00,0x00,0x00,0x00,0x00,0x0a,0x00,0x06,0x11,0x05,0x69,0x67,0x67,0x67,0x67,0x67,0x67,0x67,0x67,0x74,0x6c,0x67,0x67,0x67,0x67,0x67,0x67,0x67,0x67,0x67,0x67,0x67,0x67,0x67,0x67,0x67,0x67,0x67,0x67,0x67,0x67,0x67,0x67,0x67,0x67,0x67,0x67,0x67,0x67,0x67,0x67,0x67,0x6c,0x74,0x67,0x67,0x67,0x67,0x67,0x67,0x74,0x73,0x05,0x73,0x0f,0x00,0x02,0x00,0x00,0x00,0x00,0x00,0x00,0x00,0x00,0x00,0x00,0x00,0x00,0x00,0x00,0x00,0x00,0x00,0x00,0x00,0x00,0x00,0x00,0x00,0x00,0x00,0x00,0x00,0x00,0x00,0x00,0x00,0x00,0x00,0x00,0x00,0x00,0x00,0x00,0x00,
    0x00,0x00,0x00,0x00,0x00,0x00,0x00,0x00,0x00,0x00,0x00,0x00,0x00,0x00,0x00,0x00,0x00,0x00,0x00,0x00,0x00,0x00,0x00,0x00,0x00,0x00,0x00,0x00,0x00,0x00,0x00,0x00,0x00,0x00,0x00,0x00,0x00,0x00,0x00,0x00,0x00,0x00,0x00,0x00,0x02,0x00,0x5c,0x74,0x05,0x69,0x69,0x67,0x67,0x67,0x67,0x67,0x69,0x6d,0x6d,0x69,0x67,0x67,0x67,0x67,0x67,0x67,0x67,0x67,0x67,0x67,0x67,0x67,0x67,0x67,0x67,0x67,0x67,0x67,0x67,0x67,0x67,0x67,0x67,0x67,0x67,0x67,0x67,0x67,0x67,0x69,0x6f,0x6f,0x69,0x67,0x67,0x67,0x67,0x69,0x6f,0x6c,0x6c,0x32,0x00,0x02,0x00,0x00,0x00,0x00,0x00,0x00,0x00,0x00,0x00,0x00,0x00,0x00,0x00,0x00,0x00,0x00,0x00,0x00,0x00,0x00,0x00,0x00,0x00,0x00,0x00,0x00,0x00,0x00,0x00,0x00,0x00,0x00,0x00,0x00,0x00,0x00,0x00,0x00,0x00,0x00,
    0x00,0x00,0x00,0x00,0x00,0x00,0x00,0x00,0x00,0x00,0x00,0x00,0x00,0x00,0x00,0x00,0x00,0x00,0x00,0x00,0x00,0x00,0x00,0x00,0x00,0x00,0x00,0x00,0x00,0x00,0x00,0x00,0x00,0x00,0x00,0x00,0x00,0x00,0x00,0x00,0x00,0x00,0x00,0x00,0x02,0x01,0x06,0x6b,0x71,0x6f,0x74,0x67,0x69,0x69,0x67,0x67,0x74,0x6c,0x74,0x67,0x67,0x67,0x67,0x67,0x67,0x67,0x67,0x67,0x67,0x67,0x67,0x67,0x67,0x67,0x67,0x67,0x67,0x67,0x67,0x67,0x67,0x67,0x67,0x67,0x67,0x67,0x67,0x67,0x67,0x69,0x73,0x6f,0x69,0x67,0x67,0x74,0x69,0x67,0x6c,0x0c,0x6c,0x26,0x00,0x02,0x00,0x00,0x00,0x00,0x00,0x00,0x00,0x00,0x00,0x00,0x00,0x00,0x00,0x00,0x00,0x00,0x00,0x00,0x00,0x00,0x00,0x00,0x00,0x00,0x00,0x00,0x00,0x00,0x00,0x00,0x00,0x00,0x00,0x00,0x00,0x00,0x00,0x00,0x00,0x00,
    0x00,0x00,0x00,0x00,0x00,0x00,0x00,0x00,0x00,0x00,0x00,0x00,0x00,0x00,0x00,0x00,0x00,0x00,0x00,0x00,0x00,0x00,0x00,0x00,0x00,0x00,0x00,0x00,0x00,0x00,0x00,0x00,0x00,0x00,0x00,0x00,0x00,0x00,0x00,0x00,0x00,0x00,0x00,0x00,0x02,0x00,0x13,0x6c,0x0c,0x71,0x71,0x6c,0x6f,0x6d,0x67,0x67,0x73,0x6c,0x67,0x67,0x67,0x67,0x67,0x67,0x67,0x67,0x67,0x67,0x67,0x67,0x67,0x67,0x67,0x67,0x67,0x67,0x67,0x67,0x67,0x67,0x67,0x67,0x67,0x67,0x67,0x67,0x67,0x67,0x67,0x67,0x67,0x6c,0x67,0x67,0x6f,0x6c,0x6d,0x6b,0x6b,0x0c,0x6f,0x32,0x02,0x02,0x00,0x00,0x00,0x00,0x00,0x00,0x00,0x00,0x00,0x00,0x00,0x00,0x00,0x00,0x00,0x00,0x00,0x00,0x00,0x00,0x00,0x00,0x00,0x00,0x00,0x00,0x00,0x00,0x00,0x00,0x00,0x00,0x00,0x00,0x00,0x00,0x00,0x00,0x00,0x00,
    0x00,0x00,0x00,0x00,0x00,0x00,0x00,0x00,0x00,0x00,0x00,0x00,0x00,0x00,0x00,0x00,0x00,0x00,0x00,0x00,0x00,0x00,0x00,0x00,0x00,0x00,0x00,0x00,0x00,0x00,0x00,0x00,0x00,0x00,0x00,0x00,0x00,0x00,0x00,0x00,0x00,0x00,0x00,0x00,0x0a,0x00,0x19,0x6d,0x73,0x6c,0x73,0x73,0x6b,0x71,0x6c,0x72,0x6d,0x6f,0x69,0x67,0x67,0x67,0x67,0x67,0x67,0x67,0x67,0x67,0x67,0x67,0x67,0x67,0x67,0x67,0x67,0x67,0x67,0x67,0x67,0x67,0x67,0x67,0x67,0x67,0x67,0x67,0x67,0x67,0x67,0x67,0x67,0x6c,0x67,0x6f,0x71,0x6f,0x74,0x6d,0x6f,0x67,0x73,0x1c,0x0d,0x00,0x01,0x00,0x00,0x00,0x00,0x00,0x00,0x00,0x00,0x00,0x00,0x00,0x00,0x00,0x00,0x00,0x00,0x00,0x00,0x00,0x00,0x00,0x00,0x00,0x00,0x00,0x00,0x00,0x00,0x00,0x00,0x00,0x00,0x00,0x00,0x00,0x00,0x00,0x00,0x00,
    0x00,0x00,0x00,0x00,0x00,0x00,0x00,0x00,0x00,0x00,0x00,0x00,0x00,0x00,0x00,0x00,0x00,0x00,0x00,0x00,0x00,0x00,0x00,0x00,0x00,0x00,0x00,0x00,0x00,0x00,0x00,0x00,0x00,0x00,0x00,0x00,0x00,0x00,0x00,0x00,0x00,0x00,0x00,0x04,0x00,0x42,0xd8,0x71,0x69,0x73,0x69,0x69,0x69,0x73,0x6c,0x6d,0x6d,0x73,0x69,0x67,0x67,0x67,0x69,0x69,0x69,0x69,0x69,0x69,0x67,0x67,0x67,0x67,0x67,0x67,0x67,0x67,0x67,0x67,0x67,0x67,0x67,0x67,0x67,0x67,0x67,0x67,0x67,0x67,0x67,0x67,0x67,0x6f,0x6d,0x6b,0x6d,0x69,0x73,0x67,0x72,0x72,0x6f,0xb2,0x47,0x0d,0x09,0x01,0x00,0x00,0x00,0x00,0x00,0x00,0x00,0x00,0x00,0x00,0x00,0x00,0x00,0x00,0x00,0x00,0x00,0x00,0x00,0x00,0x00,0x00,0x00,0x00,0x00,0x00,0x00,0x00,0x00,0x00,0x00,0x00,0x00,0x00,0x00,0x00,0x00,0x00,
    0x00,0x00,0x00,0x00,0x00,0x00,0x00,0x00,0x00,0x00,0x00,0x00,0x00,0x00,0x00,0x00,0x00,0x00,0x00,0x00,0x00,0x00,0x00,0x00,0x00,0x00,0x00,0x00,0x00,0x00,0x00,0x00,0x00,0x00,0x00,0x00,0x00,0x00,0x00,0x00,0x00,0x00,0x04,0x03,0x44,0x1a,0x7a,0xd8,0x71,0x69,0x72,0x67,0x67,0x69,0x67,0x6f,0x6b,0x74,0x67,0x69,0x67,0x74,0x73,0x6f,0x6f,0x6d,0x6d,0x74,0x67,0x69,0x67,0x67,0x67,0x67,0x67,0x67,0x67,0x67,0x67,0x69,0x69,0x67,0x69,0x67,0x74,0x74,0x74,0x67,0x69,0x69,0x72,0x6d,0x6c,0x74,0x69,0x69,0x73,0x6f,0x74,0x76,0xdd,0x81,0x9e,0x3a,0x00,0x04,0x00,0x00,0x00,0x00,0x00,0x00,0x00,0x00,0x00,0x00,0x00,0x00,0x00,0x00,0x00,0x00,0x00,0x00,0x00,0x00,0x00,0x00,0x00,0x00,0x00,0x00,0x00,0x00,0x00,0x00,0x00,0x00,0x00,0x00,0x00,0x00,0x00,0x00,
    0x00,0x00,0x00,0x00,0x00,0x00,0x00,0x00,0x00,0x00,0x00,0x00,0x00,0x00,0x00,0x00,0x00,0x00,0x00,0x00,0x00,0x00,0x00,0x00,0x00,0x00,0x00,0x00,0x00,0x00,0x00,0x00,0x00,0x00,0x00,0x00,0x00,0x00,0x00,0x00,0x00,0x00,0x08,0x00,0x58,0x8f,0x29,0x86,0x2e,0x6b,0x6c,0x72,0x72,0x73,0x74,0x69,0x6c,0x73,0x74,0x6f,0x6c,0x6b,0x71,0x71,0x71,0x71,0x71,0x71,0x6f,0x73,0x74,0x74,0x67,0x69,0x67,0x69,0x69,0x67,0x74,0x73,0x73,0x6f,0x6c,0x6b,0x71,0x71,0x71,0x6b,0x6f,0x6d,0x74,0x6c,0x73,0x69,0x74,0x72,0x72,0x71,0x71,0x2e,0xa0,0x1a,0x1e,0x49,0x2f,0x00,0x03,0x00,0x00,0x00,0x00,0x00,0x00,0x00,0x00,0x00,0x00,0x00,0x00,0x00,0x00,0x00,0x00,0x00,0x00,0x00,0x00,0x00,0x00,0x00,0x00,0x00,0x00,0x00,0x00,0x00,0x00,0x00,0x00,0x00,0x00,0x00,0x00,0x00,
    0x00,0x00,0x00,0x00,0x00,0x00,0x00,0x00,0x00,0x00,0x00,0x00,0x00,0x00,0x00,0x00,0x00,0x00,0x00,0x00,0x00,0x00,0x00,0x00,0x00,0x00,0x00,0x00,0x00,0x00,0x00,0x00,0x00,0x00,0x00,0x00,0x00,0x00,0x00,0x00,0x00,0x00,0x09,0x00,0x37,0x29,0x93,0x1a,0x86,0xc4,0x1b,0x76,0x6b,0x6c,0x05,0x72,0x6c,0x6f,0x6f,0x71,0x6b,0x6f,0x6f,0x6d,0x73,0x73,0x73,0x73,0x6d,0x6d,0x6f,0x6f,0x6d,0x6c,0x6c,0x6d,0x6f,0x6b,0x71,0x71,0x6c,0x6b,0x6b,0x6c,0x6c,0x6c,0x6c,0x6c,0x71,0x71,0x6b,0x6b,0x73,0x05,0x74,0x6c,0x6b,0x92,0xac,0x86,0x7d,0xb0,0x96,0x1e,0x27,0x00,0x04,0x00,0x00,0x00,0x00,0x00,0x00,0x00,0x00,0x00,0x00,0x00,0x00,0x00,0x00,0x00,0x00,0x00,0x00,0x00,0x00,0x00,0x00,0x00,0x00,0x00,0x00,0x00,0x00,0x00,0x00,0x00,0x00,0x00,0x00,0x00,0x00,0x00,
    0x00,0x00,0x00,0x00,0x00,0x00,0x00,0x00,0x00,0x00,0x00,0x00,0x00,0x00,0x00,0x00,0x00,0x00,0x00,0x00,0x00,0x00,0x00,0x00,0x00,0x00,0x00,0x00,0x00,0x00,0x00,0x00,0x00,0x00,0x00,0x00,0x00,0x00,0x00,0x00,0x00,0x00,0x04,0x00,0x47,0x9e,0xaf,0x89,0x94,0xb6,0xaf,0x96,0xbb,0x73,0x6f,0x73,0x19,0x0c,0x6f,0x6d,0x67,0x69,0x69,0x69,0x69,0x69,0x69,0x69,0x69,0x69,0x69,0x69,0x67,0x6d,0x6f,0x6f,0x6f,0x6f,0x6f,0x74,0x74,0x74,0x67,0x69,0x69,0x69,0x69,0x69,0x74,0x6f,0x6b,0x6b,0x6b,0x6b,0x67,0xb8,0x96,0xaf,0x85,0x9b,0x89,0xb3,0xa5,0x2c,0x00,0x0a,0x00,0x00,0x00,0x00,0x00,0x00,0x00,0x00,0x00,0x00,0x00,0x00,0x00,0x00,0x00,0x00,0x00,0x00,0x00,0x00,0x00,0x00,0x00,0x00,0x00,0x00,0x00,0x00,0x00,0x00,0x00,0x00,0x00,0x00,0x00,0x00,0x00,0x00,
    0x00,0x00,0x00,0x00,0x00,0x00,0x00,0x00,0x00,0x00,0x00,0x00,0x00,0x00,0x00,0x00,0x00,0x00,0x00,0x00,0x00,0x00,0x00,0x00,0x00,0x00,0x00,0x00,0x00,0x00,0x00,0x00,0x00,0x00,0x00,0x00,0x00,0x00,0x00,0x00,0x00,0x00,0x03,0x03,0x2f,0x41,0x93,0xa5,0x49,0x5a,0x1e,0x99,0x7d,0x96,0x5c,0x0f,0x38,0x05,0x05,0x69,0x74,0x74,0x67,0x67,0x67,0x67,0x67,0x67,0x67,0x67,0x74,0x74,0x67,0x69,0x69,0x69,0x69,0x69,0x69,0x69,0x69,0x69,0x67,0x67,0x67,0x67,0x67,0x67,0x67,0x72,0x74,0x11,0x26,0x1f,0x41,0xa9,0xa5,0x4d,0x28,0x4e,0xa2,0x29,0x4b,0x04,0x09,0x01,0x00,0x00,0x00,0x00,0x00,0x00,0x00,0x00,0x00,0x00,0x00,0x00,0x00,0x00,0x00,0x00,0x00,0x00,0x00,0x00,0x00,0x00,0x00,0x00,0x00,0x00,0x00,0x00,0x00,0x00,0x00,0x00,0x00,0x00,0x00,0x00,0x00,0x00,
    0x00,0x00,0x00,0x00,0x00,0x00,0x00,0x00,0x00,0x00,0x00,0x00,0x00,0x00,0x00,0x00,0x00,0x00,0x00,0x00,0x00,0x00,0x00,0x00,0x00,0x00,0x00,0x00,0x00,0x00,0x00,0x00,0x00,0x00,0x00,0x00,0x00,0x00,0x00,0x00,0x00,0x00,0x00,0x01,0x00,0x09,0x2f,0x27,0x17,0x23,0x3f,0xa9,0x37,0x27,0x00,0x00,0x26,0x05,0x05,0x69,0x73,0x74,0x69,0x67,0x67,0x67,0x67,0x67,0x67,0x74,0x74,0x74,0x67,0x67,0x67,0x67,0x67,0x67,0x67,0x67,0x67,0x67,0x67,0x67,0x67,0x67,0x67,0x67,0x74,0x67,0x05,0x05,0x0f,0x00,0x23,0x3a,0xb0,0x24,0x00,0x61,0x23,0x23,0x00,0x00,0x00,0x00,0x00,0x00,0x00,0x00,0x00,0x00,0x00,0x00,0x00,0x00,0x00,0x00,0x00,0x00,0x00,0x00,0x00,0x00,0x00,0x00,0x00,0x00,0x00,0x00,0x00,0x00,0x00,0x00,0x00,0x00,0x00,0x00,0x00,0x00,0x00,0x00,0x00,0x00,
    0x00,0x00,0x00,0x00,0x00,0x00,0x00,0x00,0x00,0x00,0x00,0x00,0x00,0x00,0x00,0x00,0x00,0x00,0x00,0x00,0x00,0x00,0x00,0x00,0x00,0x00,0x00,0x00,0x00,0x00,0x00,0x00,0x00,0x00,0x00,0x00,0x00,0x00,0x00,0x00,0x00,0x00,0x00,0x00,0x03,0x00,0x00,0x03,0x00,0x00,0x23,0x4c,0x0d,0x00,0x0d,0x02,0x13,0x6b,0x73,0x67,0x05,0x72,0x67,0x72,0x72,0x72,0x72,0x72,0x72,0x72,0x69,0x67,0x67,0x67,0x73,0x67,0x67,0x74,0x74,0x67,0x67,0x69,0x72,0x72,0x72,0x72,0x72,0x05,0x05,0x69,0x73,0x6b,0x38,0x02,0x00,0x00,0x2f,0x04,0x04,0x00,0x00,0x00,0x01,0x01,0x00,0x00,0x00,0x00,0x00,0x00,0x00,0x00,0x00,0x00,0x00,0x00,0x00,0x00,0x00,0x00,0x00,0x00,0x00,0x00,0x00,0x00,0x00,0x00,0x00,0x00,0x00,0x00,0x00,0x00,0x00,0x00,0x00,0x00,0x00,0x00,0x00,0x00,0x00,0x00,
    0x00,0x00,0x00,0x00,0x00,0x00,0x00,0x00,0x00,0x00,0x00,0x00,0x00,0x00,0x00,0x00,0x00,0x00,0x00,0x00,0x00,0x00,0x00,0x00,0x00,0x00,0x00,0x00,0x00,0x00,0x00,0x00,0x00,0x00,0x00,0x00,0x00,0x00,0x00,0x00,0x00,0x00,0x00,0x00,0x00,0x01,0x0a,0x09,0x01,0x03,0x00,0x00,0x00,0x0a,0x01,0x00,0x06,0x1f,0x19,0x11,0x74,0x73,0x73,0x6f,0x6b,0x71,0x6b,0x6c,0x6c,0x6f,0x74,0x67,0x72,0x72,0x0c,0x6f,0x72,0x69,0x74,0x67,0x74,0x73,0x6f,0x6c,0x6b,0x71,0x6b,0x73,0x69,0x05,0x19,0x5c,0x12,0x00,0x0a,0x09,0x00,0x00,0x00,0x03,0x03,0x03,0x00,0x00,0x00,0x00,0x00,0x00,0x00,0x00,0x00,0x00,0x00,0x00,0x00,0x00,0x00,0x00,0x00,0x00,0x00,0x00,0x00,0x00,0x00,0x00,0x00,0x00,0x00,0x00,0x00,0x00,0x00,0x00,0x00,0x00,0x00,0x00,0x00,0x00,0x00,0x00,0x00,0x00,
    0x00,0x00,0x00,0x00,0x00,0x00,0x00,0x00,0x00,0x00,0x00,0x00,0x00,0x00,0x00,0x00,0x00,0x00,0x00,0x00,0x00,0x00,0x00,0x00,0x00,0x00,0x00,0x00,0x00,0x00,0x00,0x00,0x00,0x00,0x00,0x00,0x00,0x00,0x00,0x00,0x00,0x00,0x00,0x00,0x00,0x00,0x00,0x00,0x00,0x00,0x03,0x04,0x03,0x00,0x00,0x00,0x00,0x00,0x0d,0x16,0x26,0x2b,0xe2,0xed,0xcf,0xc2,0xd7,0xbb,0xb8,0x1b,0x92,0x84,0x72,0x73,0x6d,0x71,0x6b,0x71,0x6c,0x73,0xbd,0xbd,0x92,0xb8,0xd7,0xc2,0xc2,0x1f,0x26,0x06,0x0d,0x00,0x00,0x00,0x00,0x00,0x0a,0x00,0x00,0x00,0x00,0x00,0x00,0x00,0x00,0x00,0x00,0x00,0x00,0x00,0x00,0x00,0x00,0x00,0x00,0x00,0x00,0x00,0x00,0x00,0x00,0x00,0x00,0x00,0x00,0x00,0x00,0x00,0x00,0x00,0x00,0x00,0x00,0x00,0x00,0x00,0x00,0x00,0x00,0x00,0x00,0x00,0x00,0x00,
    0x00,0x00,0x00,0x00,0x00,0x00,0x00,0x00,0x00,0x00,0x00,0x00,0x00,0x00,0x00,0x00,0x00,0x00,0x00,0x00,0x00,0x00,0x00,0x00,0x00,0x00,0x00,0x00,0x00,0x00,0x00,0x00,0x00,0x00,0x00,0x00,0x00,0x00,0x00,0x00,0x00,0x00,0x00,0x00,0x00,0x00,0x00,0x00,0x00,0x00,0x00,0x00,0x00,0x00,0x00,0x00,0x01,0x02,0x00,0x00,0x03,0x3c,0xcd,0xce,0xce,0xdc,0xb9,0xb9,0xdc,0xcd,0xe8,0xe8,0xe2,0x57,0x13,0xc2,0xcf,0xcf,0xed,0xe2,0xc9,0xd1,0xdc,0xdc,0xcd,0x63,0xcf,0x25,0x00,0x00,0x00,0x02,0x01,0x00,0x00,0x00,0x00,0x00,0x00,0x00,0x00,0x00,0x00,0x00,0x00,0x00,0x00,0x00,0x00,0x00,0x00,0x00,0x00,0x00,0x00,0x00,0x00,0x00,0x00,0x00,0x00,0x00,0x00,0x00,0x00,0x00,0x00,0x00,0x00,0x00,0x00,0x00,0x00,0x00,0x00,0x00,0x00,0x00,0x00,0x00,0x00,0x00,0x00,0x00,
    0x00,0x00,0x00,0x00,0x00,0x00,0x00,0x00,0x00,0x00,0x00,0x00,0x00,0x00,0x00,0x00,0x00,0x00,0x00,0x00,0x00,0x00,0x00,0x00,0x00,0x00,0x00,0x00,0x00,0x00,0x00,0x00,0x00,0x00,0x00,0x00,0x00,0x00,0x00,0x00,0x00,0x00,0x00,0x00,0x00,0x00,0x00,0x00,0x00,0x00,0x00,0x00,0x00,0x00,0x00,0x00,0x00,0x00,0x01,0x61,0x02,0x45,0xb9,0xb9,0x7d,0x75,0x75,0x7a,0x79,0x79,0x99,0xce,0xce,0x4c,0x00,0xe2,0x63,0xdc,0x7d,0x7b,0x7b,0x7b,0x7a,0x7a,0x9b,0xb9,0x30,0x12,0x02,0x02,0x01,0x00,0x00,0x00,0x00,0x00,0x00,0x00,0x00,0x00,0x00,0x00,0x00,0x00,0x00,0x00,0x00,0x00,0x00,0x00,0x00,0x00,0x00,0x00,0x00,0x00,0x00,0x00,0x00,0x00,0x00,0x00,0x00,0x00,0x00,0x00,0x00,0x00,0x00,0x00,0x00,0x00,0x00,0x00,0x00,0x00,0x00,0x00,0x00,0x00,0x00,0x00,0x00,0x00,
    0x00,0x00,0x00,0x00,0x00,0x00,0x00,0x00,0x00,0x00,0x00,0x00,0x00,0x00,0x00,0x00,0x00,0x00,0x00,0x00,0x00,0x00,0x00,0x00,0x00,0x00,0x00,0x00,0x00,0x00,0x00,0x00,0x00,0x00,0x00,0x00,0x00,0x00,0x00,0x00,0x00,0x00,0x00,0x00,0x00,0x00,0x00,0x00,0x00,0x00,0x00,0x00,0x00,0x00,0x00,0x00,0x00,0x00,0x00,0x04,0x00,0x4c,0x81,0x79,0x7a,0x7a,0x79,0x79,0x7a,0x79,0x79,0x7a,0xb5,0x3c,0x0d,0x4b,0xce,0x9b,0x68,0x6e,0x7d,0x7d,0x7d,0x7d,0x75,0x98,0x29,0x23,0x00,0x03,0x00,0x00,0x00,0x00,0x00,0x00,0x00,0x00,0x00,0x00,0x00,0x00,0x00,0x00,0x00,0x00,0x00,0x00,0x00,0x00,0x00,0x00,0x00,0x00,0x00,0x00,0x00,0x00,0x00,0x00,0x00,0x00,0x00,0x00,0x00,0x00,0x00,0x00,0x00,0x00,0x00,0x00,0x00,0x00,0x00,0x00,0x00,0x00,0x00,0x00,0x00,0x00,0x00,0x00,
    0x00,0x00,0x00,0x00,0x00,0x00,0x00,0x00,0x00,0x00,0x00,0x00,0x00,0x00,0x00,0x00,0x00,0x00,0x00,0x00,0x00,0x00,0x00,0x00,0x00,0x00,0x00,0x00,0x00,0x00,0x00,0x00,0x00,0x00,0x00,0x00,0x00,0x00,0x00,0x00,0x00,0x00,0x00,0x00,0x00,0x00,0x00,0x00,0x00,0x00,0x00,0x00,0x00,0x00,0x00,0x00,0x00,0x00,0x00,0x0a,0x00,0x16,0x93,0x7a,0x79,0x79,0x7a,0x75,0x75,0x6e,0x7d,0x85,0xb0,0x3b,0x00,0x3d,0x81,0x7a,0x75,0x68,0x6e,0x6e,0x6e,0x6e,0x07,0x9c,0x2c,0x0a,0x09,0x00,0x00,0x00,0x00,0x00,0x00,0x00,0x00,0x00,0x00,0x00,0x00,0x00,0x00,0x00,0x00,0x00,0x00,0x00,0x00,0x00,0x00,0x00,0x00,0x00,0x00,0x00,0x00,0x00,0x00,0x00,0x00,0x00,0x00,0x00,0x00,0x00,0x00,0x00,0x00,0x00,0x00,0x00,0x00,0x00,0x00,0x00,0x00,0x00,0x00,0x00,0x00,0x00,0x00,0x00,
    0x00,0x00,0x00,0x00,0x00,0x00,0x00,0x00,0x00,0x00,0x00,0x00,0x00,0x00,0x00,0x00,0x00,0x00,0x00,0x00,0x00,0x00,0x00,0x00,0x00,0x00,0x00,0x00,0x00,0x00,0x00,0x00,0x00,0x00,0x00,0x00,0x00,0x00,0x00,0x00,0x00,0x00,0x00,0x00,0x00,0x00,0x00,0x00,0x00,0x00,0x00,0x00,0x00,0x00,0x00,0x00,0x00,0x00,0x00,0x04,0x00,0x25,0xc7,0x81,0x79,0x7a,0x68,0x6e,0x6e,0x6e,0x75,0x81,0xb3,0x25,0x00,0x56,0x8c,0x79,0x79,0x7a,0x6e,0x6e,0x6e,0x6e,0x7d,0x81,0x28,0x00,0x04,0x00,0x00,0x00,0x00,0x00,0x00,0x00,0x00,0x00,0x00,0x00,0x00,0x00,0x00,0x00,0x00,0x00,0x00,0x00,0x00,0x00,0x00,0x00,0x00,0x00,0x00,0x00,0x00,0x00,0x00,0x00,0x00,0x00,0x00,0x00,0x00,0x00,0x00,0x00,0x00,0x00,0x00,0x00,0x00,0x00,0x00,0x00,0x00,0x00,0x00,0x00,0x00,0x00,0x00,0x00,
    0x00,0x00,0x00,0x00,0x00,0x00,0x00,0x00,0x00,0x00,0x00,0x00,0x00,0x00,0x00,0x00,0x00,0x00,0x00,0x00,0x00,0x00,0x00,0x00,0x00,0x00,0x00,0x00,0x00,0x00,0x00,0x00,0x00,0x00,0x00,0x00,0x00,0x00,0x00,0x00,0x00,0x00,0x00,0x00,0x00,0x00,0x00,0x00,0x00,0x00,0x00,0x00,0x00,0x00,0x00,0x00,0x00,0x00,0x00,0x03,0x0a,0x23,0x4e,0x99,0x7a,0x6e,0x6e,0x6e,0x6e,0x6e,0x9b,0x81,0x4e,0x23,0x00,0x33,0xa2,0x81,0x79,0x7a,0x6e,0x6e,0x6e,0x6e,0x07,0xac,0x24,0x00,0x09,0x00,0x00,0x00,0x00,0x00,0x00,0x00,0x00,0x00,0x00,0x00,0x00,0x00,0x00,0x00,0x00,0x00,0x00,0x00,0x00,0x00,0x00,0x00,0x00,0x00,0x00,0x00,0x00,0x00,0x00,0x00,0x00,0x00,0x00,0x00,0x00,0x00,0x00,0x00,0x00,0x00,0x00,0x00,0x00,0x00,0x00,0x00,0x00,0x00,0x00,0x00,0x00,0x00,0x00,0x00,
    0x00,0x00,0x00,0x00,0x00,0x00,0x00,0x00,0x00,0x00,0x00,0x00,0x00,0x00,0x00,0x00,0x00,0x00,0x00,0x00,0x00,0x00,0x00,0x00,0x00,0x00,0x00,0x00,0x00,0x00,0x00,0x00,0x00,0x00,0x00,0x00,0x00,0x00,0x00,0x00,0x00,0x00,0x00,0x00,0x00,0x00,0x00,0x00,0x00,0x00,0x00,0x00,0x00,0x00,0x00,0x00,0x00,0x00,0x00,0x00,0x09,0x00,0x31,0x94,0x0e,0x6e,0x6e,0x6e,0x6e,0x7a,0x98,0x86,0x4f,0x00,0x00,0x33,0x86,0x79,0x7a,0x6e,0x6e,0x6e,0x6e,0x7d,0x7b,0xc4,0x3b,0x00,0x02,0x00,0x00,0x00,0x00,0x00,0x00,0x00,0x00,0x00,0x00,0x00,0x00,0x00,0x00,0x00,0x00,0x00,0x00,0x00,0x00,0x00,0x00,0x00,0x00,0x00,0x00,0x00,0x00,0x00,0x00,0x00,0x00,0x00,0x00,0x00,0x00,0x00,0x00,0x00,0x00,0x00,0x00,0x00,0x00,0x00,0x00,0x00,0x00,0x00,0x00,0x00,0x00,0x00,0x00,0x00,
    0x00,0x00,0x00,0x00,0x00,0x00,0x00,0x00,0x00,0x00,0x00,0x00,0x00,0x00,0x00,0x00,0x00,0x00,0x00,0x00,0x00,0x00,0x00,0x00,0x00,0x00,0x00,0x00,0x00,0x00,0x00,0x00,0x00,0x00,0x00,0x00,0x00,0x00,0x00,0x00,0x00,0x00,0x00,0x00,0x00,0x00,0x00,0x00,0x00,0x00,0x00,0x00,0x00,0x00,0x00,0x00,0x00,0x00,0x00,0x00,0x09,0x03,0x37,0x89,0x9b,0x68,0x6e,0x68,0x7a,0x79,0x79,0x81,0x56,0x01,0x00,0x33,0x79,0x79,0x75,0x6e,0x6e,0x6e,0x6e,0x68,0x89,0x1a,0x33,0x00,0x09,0x00,0x00,0x00,0x00,0x00,0x00,0x00,0x00,0x00,0x00,0x00,0x00,0x00,0x00,0x00,0x00,0x00,0x00,0x00,0x00,0x00,0x00,0x00,0x00,0x00,0x00,0x00,0x00,0x00,0x00,0x00,0x00,0x00,0x00,0x00,0x00,0x00,0x00,0x00,0x00,0x00,0x00,0x00,0x00,0x00,0x00,0x00,0x00,0x00,0x00,0x00,0x00,0x00,0x00,0x00,
    0x00,0x00,0x00,0x00,0x00,0x00,0x00,0x00,0x00,0x00,0x00,0x00,0x00,0x00,0x00,0x00,0x00,0x00,0x00,0x00,0x00,0x00,0x00,0x00,0x00,0x00,0x00,0x00,0x00,0x00,0x00,0x00,0x00,0x00,0x00,0x00,0x00,0x00,0x00,0x00,0x00,0x00,0x00,0x00,0x00,0x00,0x00,0x00,0x00,0x00,0x00,0x00,0x00,0x00,0x00,0x00,0x00,0x00,0x00,0x00,0x08,0x00,0x3c,0xac,0x81,0x7a,0x6e,0x68,0x7a,0x7a,0x79,0x9b,0x24,0x00,0x04,0x04,0x50,0x07,0x7d,0x6e,0x6e,0x6e,0x6e,0x68,0x99,0x4d,0x08,0x00,0x00,0x00,0x00,0x00,0x00,0x00,0x00,0x00,0x00,0x00,0x00,0x00,0x00,0x00,0x00,0x00,0x00,0x00,0x00,0x00,0x00,0x00,0x00,0x00,0x00,0x00,0x00,0x00,0x00,0x00,0x00,0x00,0x00,0x00,0x00,0x00,0x00,0x00,0x00,0x00,0x00,0x00,0x00,0x00,0x00,0x00,0x00,0x00,0x00,0x00,0x00,0x00,0x00,0x00,0x00,0x00,
    0x00,0x00,0x00,0x00,0x00,0x00,0x00,0x00,0x00,0x00,0x00,0x00,0x00,0x00,0x00,0x00,0x00,0x00,0x00,0x00,0x00,0x00,0x00,0x00,0x00,0x00,0x00,0x00,0x00,0x00,0x00,0x00,0x00,0x00,0x00,0x00,0x00,0x00,0x00,0x00,0x00,0x00,0x00,0x00,0x00,0x00,0x00,0x00,0x00,0x00,0x00,0x00,0x00,0x00,0x00,0x00,0x00,0x00,0x00,0x00,0x02,0x00,0x38,0xb0,0x8c,0x98,0x68,0x6e,0x6e,0x6e,0x7d,0xa0,0x4c,0x00,0x04,0x00,0x37,0x81,0x9b,0x75,0x75,0x68,0x6e,0x07,0xa2,0x2b,0x00,0x00,0x00,0x00,0x00,0x00,0x00,0x00,0x00,0x00,0x00,0x00,0x00,0x00,0x00,0x00,0x00,0x00,0x00,0x00,0x00,0x00,0x00,0x00,0x00,0x00,0x00,0x00,0x00,0x00,0x00,0x00,0x00,0x00,0x00,0x00,0x00,0x00,0x00,0x00,0x00,0x00,0x00,0x00,0x00,0x00,0x00,0x00,0x00,0x00,0x00,0x00,0x00,0x00,0x00,0x00,0x00,0x00,
    0x00,0x00,0x00,0x00,0x00,0x00,0x00,0x00,0x00,0x00,0x00,0x00,0x00,0x00,0x00,0x00,0x00,0x00,0x00,0x00,0x00,0x00,0x00,0x00,0x00,0x00,0x00,0x00,0x00,0x00,0x00,0x00,0x00,0x00,0x00,0x00,0x00,0x00,0x00,0x00,0x00,0x00,0x00,0x00,0x00,0x00,0x00,0x00,0x00,0x00,0x00,0x00,0x00,0x00,0x00,0x00,0x00,0x00,0x00,0x00,0x08,0x00,0x3a,0xa9,0x81,0x79,0x68,0x6e,0x6e,0x7d,0x07,0x1a,0x44,0x00,0x04,0x00,0x3e,0x8c,0x79,0x79,0x7a,0x7a,0x79,0x79,0xa2,0x4d,0x02,0x00,0x00,0x00,0x00,0x00,0x00,0x00,0x00,0x00,0x00,0x00,0x00,0x00,0x00,0x00,0x00,0x00,0x00,0x00,0x00,0x00,0x00,0x00,0x00,0x00,0x00,0x00,0x00,0x00,0x00,0x00,0x00,0x00,0x00,0x00,0x00,0x00,0x00,0x00,0x00,0x00,0x00,0x00,0x00,0x00,0x00,0x00,0x00,0x00,0x00,0x00,0x00,0x00,0x00,0x00,0x00,0x00,
    0x00,0x00,0x00,0x00,0x00,0x00,0x00,0x00,0x00,0x00,0x00,0x00,0x00,0x00,0x00,0x00,0x00,0x00,0x00,0x00,0x00,0x00,0x00,0x00,0x00,0x00,0x00,0x00,0x00,0x00,0x00,0x00,0x00,0x00,0x00,0x00,0x00,0x00,0x00,0x00,0x00,0x00,0x00,0x00,0x00,0x00,0x00,0x00,0x00,0x00,0x00,0x00,0x00,0x00,0x00,0x00,0x00,0x00,0x00,0x00,0x09,0x01,0x41,0xa2,0x7a,0x75,0x6e,0x6e,0x6e,0x7d,0x85,0x2e,0x12,0x00,0x08,0x00,0x3c,0x9c,0x79,0x9b,0x6e,0x75,0x75,0x7a,0x89,0x29,0x33,0x00,0x09,0x00,0x00,0x00,0x00,0x00,0x00,0x00,0x00,0x00,0x00,0x00,0x00,0x00,0x00,0x00,0x00,0x00,0x00,0x00,0x00,0x00,0x00,0x00,0x00,0x00,0x00,0x00,0x00,0x00,0x00,0x00,0x00,0x00,0x00,0x00,0x00,0x00,0x00,0x00,0x00,0x00,0x00,0x00,0x00,0x00,0x00,0x00,0x00,0x00,0x00,0x00,0x00,0x00,0x00,0x00,
    0x00,0x00,0x00,0x00,0x00,0x00,0x00,0x00,0x00,0x00,0x00,0x00,0x00,0x00,0x00,0x00,0x00,0x00,0x00,0x00,0x00,0x00,0x00,0x00,0x00,0x00,0x00,0x00,0x00,0x00,0x00,0x00,0x00,0x00,0x00,0x00,0x00,0x00,0x00,0x00,0x00,0x00,0x00,0x00,0x00,0x00,0x00,0x00,0x00,0x00,0x00,0x00,0x00,0x00,0x00,0x00,0x00,0x00,0x00,0x00,0x09,0x00,0x31,0x94,0x07,0x6e,0x6e,0x6e,0x68,0x98,0x81,0x50,0x12,0x03,0x08,0x00,0x35,0xa2,0x07,0x6e,0x6e,0x6e,0x6e,0x6e,0x7a,0x81,0x33,0x00,0x04,0x00,0x00,0x00,0x00,0x00,0x00,0x00,0x00,0x00,0x00,0x00,0x00,0x00,0x00,0x00,0x00,0x00,0x00,0x00,0x00,0x00,0x00,0x00,0x00,0x00,0x00,0x00,0x00,0x00,0x00,0x00,0x00,0x00,0x00,0x00,0x00,0x00,0x00,0x00,0x00,0x00,0x00,0x00,0x00,0x00,0x00,0x00,0x00,0x00,0x00,0x00,0x00,0x00,0x00,0x00,
    0x00,0x00,0x00,0x00,0x00,0x00,0x00,0x00,0x00,0x00,0x00,0x00,0x00,0x00,0x00,0x00,0x00,0x00,0x00,0x00,0x00,0x00,0x00,0x00,0x00,0x00,0x00,0x00,0x00,0x00,0x00,0x00,0x00,0x00,0x00,0x00,0x00,0x00,0x00,0x00,0x00,0x00,0x00,0x00,0x00,0x00,0x00,0x00,0x00,0x00,0x00,0x00,0x00,0x00,0x00,0x00,0x00,0x00,0x00,0x01,0x0a,0x17,0x37,0x94,0x75,0x6e,0x6e,0x6e,0x75,0x79,0x81,0x47,0x00,0x04,0x61,0x00,0x47,0x81,0x9b,0x6e,0x6e,0x6e,0x6e,0x6e,0x81,0xb2,0x0f,0x00,0x02,0x00,0x00,0x00,0x00,0x00,0x00,0x00,0x00,0x00,0x00,0x00,0x00,0x00,0x00,0x00,0x00,0x00,0x00,0x00,0x00,0x00,0x00,0x00,0x00,0x00,0x00,0x00,0x00,0x00,0x00,0x00,0x00,0x00,0x00,0x00,0x00,0x00,0x00,0x00,0x00,0x00,0x00,0x00,0x00,0x00,0x00,0x00,0x00,0x00,0x00,0x00,0x00,0x00,0x00,0x00,
    0x00,0x00,0x00,0x00,0x00,0x00,0x00,0x00,0x00,0x00,0x00,0x00,0x00,0x00,0x00,0x00,0x00,0x00,0x00,0x00,0x00,0x00,0x00,0x00,0x00,0x00,0x00,0x00,0x00,0x00,0x00,0x00,0x00,0x00,0x00,0x00,0x00,0x00,0x00,0x00,0x00,0x00,0x00,0x00,0x00,0x00,0x00,0x00,0x00,0x00,0x00,0x00,0x00,0x00,0x00,0x00,0x00,0x00,0x00,0x04,0x00,0x44,0xc7,0x9b,0x68,0x6e,0x6e,0x6e,0x6e,0x07,0xa2,0x2c,0x00,0x08,0x09,0x00,0x27,0xc4,0x07,0x7d,0x6e,0x6e,0x6e,0x6e,0x7a,0xa5,0x3b,0x00,0x0a,0x00,0x00,0x00,0x00,0x00,0x00,0x00,0x00,0x00,0x00,0x00,0x00,0x00,0x00,0x00,0x00,0x00,0x00,0x00,0x00,0x00,0x00,0x00,0x00,0x00,0x00,0x00,0x00,0x00,0x00,0x00,0x00,0x00,0x00,0x00,0x00,0x00,0x00,0x00,0x00,0x00,0x00,0x00,0x00,0x00,0x00,0x00,0x00,0x00,0x00,0x00,0x00,0x00,0x00,0x00,
    0x00,0x00,0x00,0x00,0x00,0x00,0x00,0x00,0x00,0x00,0x00,0x00,0x00,0x00,0x00,0x00,0x00,0x00,0x00,0x00,0x00,0x00,0x00,0x00,0x00,0x00,0x00,0x00,0x00,0x00,0x00,0x00,0x00,0x00,0x00,0x00,0x00,0x00,0x00,0x00,0x00,0x00,0x00,0x00,0x00,0x00,0x00,0x00,0x00,0x00,0x00,0x00,0x00,0x00,0x00,0x00,0x00,0x00,0x00,0x04,0x01,0x44,0x9b,0x75,0x6e,0x6e,0x6e,0x6e,0x6e,0x07,0x9c,0x2c,0x01,0x08,0x0a,0x00,0x06,0xb7,0x85,0x7d,0x6e,0x6e,0x6e,0x68,0x6e,0xb3,0x3a,0x01,0x04,0x00,0x00,0x00,0x00,0x00,0x00,0x00,0x00,0x00,0x00,0x00,0x00,0x00,0x00,0x00,0x00,0x00,0x00,0x00,0x00,0x00,0x00,0x00,0x00,0x00,0x00,0x00,0x00,0x00,0x00,0x00,0x00,0x00,0x00,0x00,0x00,0x00,0x00,0x00,0x00,0x00,0x00,0x00,0x00,0x00,0x00,0x00,0x00,0x00,0x00,0x00,0x00,0x00,0x00,0x00,
    0x00,0x00,0x00,0x00,0x00,0x00,0x00,0x00,0x00,0x00,0x00,0x00,0x00,0x00,0x00,0x00,0x00,0x00,0x00,0x00,0x00,0x00,0x00,0x00,0x00,0x00,0x00,0x00,0x00,0x00,0x00,0x00,0x00,0x00,0x00,0x00,0x00,0x00,0x00,0x00,0x00,0x00,0x00,0x00,0x00,0x00,0x00,0x00,0x00,0x00,0x00,0x00,0x00,0x00,0x00,0x00,0x00,0x00,0x00,0x0a,0x00,0x16,0x93,0x75,0x89,0x6e,0x7d,0x6e,0x7d,0x89,0x7b,0x28,0x00,0x04,0x0a,0x00,0x2f,0xb6,0x81,0x9b,0x6e,0x6e,0x7d,0x99,0x89,0xa4,0x28,0x00,0x04,0x00,0x00,0x00,0x00,0x00,0x00,0x00,0x00,0x00,0x00,0x00,0x00,0x00,0x00,0x00,0x00,0x00,0x00,0x00,0x00,0x00,0x00,0x00,0x00,0x00,0x00,0x00,0x00,0x00,0x00,0x00,0x00,0x00,0x00,0x00,0x00,0x00,0x00,0x00,0x00,0x00,0x00,0x00,0x00,0x00,0x00,0x00,0x00,0x00,0x00,0x00,0x00,0x00,0x00,0x00,
    0x00,0x00,0x00,0x00,0x00,0x00,0x00,0x00,0x00,0x00,0x00,0x00,0x00,0x00,0x00,0x00,0x00,0x00,0x00,0x00,0x00,0x00,0x00,0x00,0x00,0x00,0x00,0x00,0x00,0x00,0x00,0x00,0x00,0x00,0x00,0x00,0x00,0x00,0x00,0x00,0x00,0x00,0x00,0x00,0x00,0x00,0x00,0x00,0x00,0x00,0x00,0x00,0x00,0x00,0x00,0x00,0x00,0x00,0x01,0x01,0x12,0x1f,0xbc,0x86,0x7d,0x07,0x07,0x07,0x75,0x8c,0xa2,0x57,0x16,0x0a,0x0a,0x03,0x38,0x36,0x86,0x8c,0x79,0x07,0x9b,0x99,0x6e,0xa4,0x57,0x06,0x04,0x01,0x00,0x00,0x00,0x00,0x00,0x00,0x00,0x00,0x00,0x00,0x00,0x00,0x00,0x00,0x00,0x00,0x00,0x00,0x00,0x00,0x00,0x00,0x00,0x00,0x00,0x00,0x00,0x00,0x00,0x00,0x00,0x00,0x00,0x00,0x00,0x00,0x00,0x00,0x00,0x00,0x00,0x00,0x00,0x00,0x00,0x00,0x00,0x00,0x00,0x00,0x00,0x00,0x00,0x00,
    0x00,0x00,0x00,0x00,0x00,0x00,0x00,0x00,0x00,0x00,0x00,0x00,0x00,0x00,0x00,0x00,0x00,0x00,0x00,0x00,0x00,0x00,0x00,0x00,0x00,0x00,0x00,0x00,0x00,0x00,0x00,0x00,0x00,0x00,0x00,0x00,0x00,0x00,0x00,0x00,0x00,0x00,0x00,0x00,0x00,0x00,0x00,0x00,0x00,0x00,0x00,0x00,0x00,0x00,0x00,0x00,0x00,0x00,0x02,0x00,0x38,0x76,0xb8,0xc4,0xb6,0xb6,0x94,0x9c,0xa2,0xa2,0xb2,0x71,0x26,0x00,0x02,0x00,0x19,0xb8,0x9c,0x21,0x9c,0x21,0xa9,0x94,0x1a,0xd8,0x76,0x32,0x00,0x02,0x00,0x00,0x00,0x00,0x00,0x00,0x00,0x00,0x00,0x00,0x00,0x00,0x00,0x00,0x00,0x00,0x00,0x00,0x00,0x00,0x00,0x00,0x00,0x00,0x00,0x00,0x00,0x00,0x00,0x00,0x00,0x00,0x00,0x00,0x00,0x00,0x00,0x00,0x00,0x00,0x00,0x00,0x00,0x00,0x00,0x00,0x00,0x00,0x00,0x00,0x00,0x00,0x00,0x00,
    0x00,0x00,0x00,0x00,0x00,0x00,0x00,0x00,0x00,0x00,0x00,0x00,0x00,0x00,0x00,0x00,0x00,0x00,0x00,0x00,0x00,0x00,0x00,0x00,0x00,0x00,0x00,0x00,0x00,0x00,0x00,0x00,0x00,0x00,0x00,0x00,0x00,0x00,0x00,0x00,0x00,0x00,0x00,0x00,0x00,0x00,0x00,0x00,0x00,0x00,0x00,0x00,0x00,0x00,0x00,0x00,0x00,0x00,0x0a,0x00,0x18,0x6c,0x6b,0x6d,0x72,0x72,0xbd,0x84,0x92,0xbd,0x0c,0x6b,0x32,0x0a,0x01,0x39,0x0c,0x73,0xbd,0xbd,0x92,0x84,0x84,0x92,0x84,0x6b,0x73,0x19,0x16,0x0a,0x01,0x00,0x00,0x00,0x00,0x00,0x00,0x00,0x00,0x00,0x00,0x00,0x00,0x00,0x00,0x00,0x00,0x00,0x00,0x00,0x00,0x00,0x00,0x00,0x00,0x00,0x00,0x00,0x00,0x00,0x00,0x00,0x00,0x00,0x00,0x00,0x00,0x00,0x00,0x00,0x00,0x00,0x00,0x00,0x00,0x00,0x00,0x00,0x00,0x00,0x00,0x00,0x00,0x00,
    0x00,0x00,0x00,0x00,0x00,0x00,0x00,0x00,0x00,0x00,0x00,0x00,0x00,0x00,0x00,0x00,0x00,0x00,0x00,0x00,0x00,0x00,0x00,0x00,0x00,0x00,0x00,0x00,0x00,0x00,0x00,0x00,0x00,0x00,0x00,0x00,0x00,0x00,0x00,0x00,0x00,0x00,0x00,0x00,0x00,0x00,0x00,0x00,0x00,0x00,0x00,0x00,0x00,0x00,0x00,0x00,0x00,0x02,0x00,0x0f,0x6c,0x6d,0x6f,0x6f,0x73,0x74,0x74,0x73,0x73,0x6b,0x6b,0x6c,0x6b,0x06,0x00,0x13,0x6c,0x0c,0x6b,0x73,0x74,0x67,0x69,0x74,0x6f,0x6f,0x0c,0x6d,0x13,0x00,0x0d,0x00,0x00,0x00,0x00,0x00,0x00,0x00,0x00,0x00,0x00,0x00,0x00,0x00,0x00,0x00,0x00,0x00,0x00,0x00,0x00,0x00,0x00,0x00,0x00,0x00,0x00,0x00,0x00,0x00,0x00,0x00,0x00,0x00,0x00,0x00,0x00,0x00,0x00,0x00,0x00,0x00,0x00,0x00,0x00,0x00,0x00,0x00,0x00,0x00,0x00,0x00,0x00,0x00,
    0x00,0x00,0x00,0x00,0x00,0x00,0x00,0x00,0x00,0x00,0x00,0x00,0x00,0x00,0x00,0x00,0x00,0x00,0x00,0x00,0x00,0x00,0x00,0x00,0x00,0x00,0x00,0x00,0x00,0x00,0x00,0x00,0x00,0x00,0x00,0x00,0x00,0x00,0x00,0x00,0x00,0x00,0x00,0x00,0x00,0x00,0x00,0x00,0x00,0x00,0x00,0x00,0x00,0x00,0x00,0x00,0x00,0x02,0x00,0x20,0x67,0x05,0x72,0x6c,0x74,0x69,0x69,0x69,0x72,0x6f,0x71,0x6d,0x6c,0x39,0x00,0x32,0x67,0xbd,0x6f,0x74,0x72,0x67,0x67,0x72,0x6f,0x74,0x05,0x69,0x18,0x00,0x01,0x00,0x00,0x00,0x00,0x00,0x00,0x00,0x00,0x00,0x00,0x00,0x00,0x00,0x00,0x00,0x00,0x00,0x00,0x00,0x00,0x00,0x00,0x00,0x00,0x00,0x00,0x00,0x00,0x00,0x00,0x00,0x00,0x00,0x00,0x00,0x00,0x00,0x00,0x00,0x00,0x00,0x00,0x00,0x00,0x00,0x00,0x00,0x00,0x00,0x00,0x00,0x00,0x00,
    0x00,0x00,0x00,0x00,0x00,0x00,0x00,0x00,0x00,0x00,0x00,0x00,0x00,0x00,0x00,0x00,0x00,0x00,0x00,0x00,0x00,0x00,0x00,0x00,0x00,0x00,0x00,0x00,0x00,0x00,0x00,0x00,0x00,0x00,0x00,0x00,0x00,0x00,0x00,0x00,0x00,0x00,0x00,0x00,0x00,0x00,0x00,0x00,0x00,0x00,0x00,0x00,0x00,0x00,0x00,0x00,0x00,0x0a,0x00,0x06,0x11,0x73,0x74,0x6f,0x67,0x72,0x67,0x67,0x72,0x6d,0x71,0x71,0x6b,0x39,0x00,0x13,0x6c,0x74,0x6d,0x67,0x72,0x67,0x69,0x72,0x6d,0x6c,0x05,0x73,0x13,0x00,0x0d,0x00,0x00,0x00,0x00,0x00,0x00,0x00,0x00,0x00,0x00,0x00,0x00,0x00,0x00,0x00,0x00,0x00,0x00,0x00,0x00,0x00,0x00,0x00,0x00,0x00,0x00,0x00,0x00,0x00,0x00,0x00,0x00,0x00,0x00,0x00,0x00,0x00,0x00,0x00,0x00,0x00,0x00,0x00,0x00,0x00,0x00,0x00,0x00,0x00,0x00,0x00,0x00,0x00,
    0x00,0x00,0x00,0x00,0x00,0x00,0x00,0x00,0x00,0x00,0x00,0x00,0x00,0x00,0x00,0x00,0x00,0x00,0x00,0x00,0x00,0x00,0x00,0x00,0x00,0x00,0x00,0x00,0x00,0x00,0x00,0x00,0x00,0x00,0x00,0x00,0x00,0x00,0x00,0x00,0x00,0x00,0x00,0x00,0x00,0x00,0x00,0x00,0x00,0x00,0x00,0x00,0x00,0x00,0x00,0x00,0x00,0x01,0x00,0x12,0x11,0x6f,0x82,0x6d,0x71,0x6d,0x74,0x74,0x6c,0x76,0xa6,0x8d,0x71,0x39,0x00,0x0f,0x82,0x9f,0x76,0x71,0x6d,0x67,0x6d,0x71,0x76,0xa3,0x8d,0x71,0x13,0x00,0x0d,0x00,0x00,0x00,0x00,0x00,0x00,0x00,0x00,0x00,0x00,0x00,0x00,0x00,0x00,0x00,0x00,0x00,0x00,0x00,0x00,0x00,0x00,0x00,0x00,0x00,0x00,0x00,0x00,0x00,0x00,0x00,0x00,0x00,0x00,0x00,0x00,0x00,0x00,0x00,0x00,0x00,0x00,0x00,0x00,0x00,0x00,0x00,0x00,0x00,0x00,0x00,0x00,0x00,
    0x00,0x00,0x00,0x00,0x00,0x00,0x00,0x00,0x00,0x00,0x00,0x00,0x00,0x00,0x00,0x00,0x00,0x00,0x00,0x00,0x00,0x00,0x00,0x00,0x00,0x00,0x00,0x00,0x00,0x00,0x00,0x00,0x00,0x00,0x00,0x00,0x00,0x00,0x00,0x00,0x00,0x00,0x00,0x00,0x00,0x00,0x00,0x00,0x00,0x00,0x00,0x00,0x00,0x00,0x00,0x00,0x00,0x01,0x00,0x12,0x11,0x6c,0x8b,0xad,0xb4,0x9f,0xa6,0xa6,0xc6,0xc3,0xad,0xc3,0x76,0x06,0x00,0x38,0x9f,0xc8,0xf1,0x8b,0xa3,0x6d,0xa3,0x8b,0xbf,0xad,0x1c,0x71,0x13,0x00,0x0d,0x00,0x00,0x00,0x00,0x00,0x00,0x00,0x00,0x00,0x00,0x00,0x00,0x00,0x00,0x00,0x00,0x00,0x00,0x00,0x00,0x00,0x00,0x00,0x00,0x00,0x00,0x00,0x00,0x00,0x00,0x00,0x00,0x00,0x00,0x00,0x00,0x00,0x00,0x00,0x00,0x00,0x00,0x00,0x00,0x00,0x00,0x00,0x00,0x00,0x00,0x00,0x00,0x00,
    0x00,0x00,0x00,0x00,0x00,0x00,0x00,0x00,0x00,0x00,0x00,0x00,0x00,0x00,0x00,0x00,0x00,0x00,0x00,0x00,0x00,0x00,0x00,0x00,0x00,0x00,0x00,0x00,0x00,0x00,0x00,0x00,0x00,0x00,0x00,0x00,0x00,0x00,0x00,0x00,0x00,0x00,0x00,0x00,0x00,0x00,0x00,0x00,0x00,0x00,0x00,0x00,0x00,0x00,0x00,0x00,0x00,0x01,0x00,0x12,0x11,0x6d,0x82,0xf1,0xa3,0xba,0xcb,0xcb,0xba,0xa3,0xc3,0xa3,0x71,0x06,0x00,0x0f,0x71,0xb4,0x8b,0xc6,0xcb,0xcb,0xcb,0xb4,0x8d,0xa3,0x0c,0x6c,0x13,0x00,0x0d,0x00,0x00,0x00,0x00,0x00,0x00,0x00,0x00,0x00,0x00,0x00,0x00,0x00,0x00,0x00,0x00,0x00,0x00,0x00,0x00,0x00,0x00,0x00,0x00,0x00,0x00,0x00,0x00,0x00,0x00,0x00,0x00,0x00,0x00,0x00,0x00,0x00,0x00,0x00,0x00,0x00,0x00,0x00,0x00,0x00,0x00,0x00,0x00,0x00,0x00,0x00,0x00,0x00,
    0x00,0x00,0x00,0x00,0x00,0x00,0x00,0x00,0x00,0x00,0x00,0x00,0x00,0x00,0x00,0x00,0x00,0x00,0x00,0x00,0x00,0x00,0x00,0x00,0x00,0x00,0x00,0x00,0x00,0x00,0x00,0x00,0x00,0x00,0x00,0x00,0x00,0x00,0x00,0x00,0x00,0x00,0x00,0x00,0x00,0x00,0x00,0x00,0x00,0x00,0x00,0x00,0x00,0x00,0x00,0x00,0x00,0x01,0x00,0x12,0x11,0x67,0x6c,0x82,0xc6,0xba,0xb4,0xb4,0xd9,0xb4,0xa3,0xa6,0x6b,0x39,0x00,0x38,0x6f,0x1c,0x9f,0xad,0xdf,0xc6,0xad,0xba,0x9f,0x6b,0x0c,0x6c,0x13,0x00,0x0d,0x00,0x00,0x00,0x00,0x00,0x00,0x00,0x00,0x00,0x00,0x00,0x00,0x00,0x00,0x00,0x00,0x00,0x00,0x00,0x00,0x00,0x00,0x00,0x00,0x00,0x00,0x00,0x00,0x00,0x00,0x00,0x00,0x00,0x00,0x00,0x00,0x00,0x00,0x00,0x00,0x00,0x00,0x00,0x00,0x00,0x00,0x00,0x00,0x00,0x00,0x00,0x00,0x00,
    0x00,0x00,0x00,0x00,0x00,0x00,0x00,0x00,0x00,0x00,0x00,0x00,0x00,0x00,0x00,0x00,0x00,0x00,0x00,0x00,0x00,0x00,0x00,0x00,0x00,0x00,0x00,0x00,0x00,0x00,0x00,0x00,0x00,0x00,0x00,0x00,0x00,0x00,0x00,0x00,0x00,0x00,0x00,0x00,0x00,0x00,0x00,0x00,0x00,0x00,0x00,0x00,0x00,0x00,0x00,0x00,0x00,0x01,0x00,0x12,0x11,0x6d,0x8d,0xeb,0xcb,0x8d,0x76,0x76,0x9f,0xc8,0xc8,0x73,0x6b,0x39,0x00,0x0f,0x6b,0xa3,0xcb,0xad,0x71,0x76,0x76,0x8b,0xcb,0x8b,0x0c,0x6c,0x13,0x00,0x0d,0x00,0x00,0x00,0x00,0x00,0x00,0x00,0x00,0x00,0x00,0x00,0x00,0x00,0x00,0x00,0x00,0x00,0x00,0x00,0x00,0x00,0x00,0x00,0x00,0x00,0x00,0x00,0x00,0x00,0x00,0x00,0x00,0x00,0x00,0x00,0x00,0x00,0x00,0x00,0x00,0x00,0x00,0x00,0x00,0x00,0x00,0x00,0x00,0x00,0x00,0x00,0x00,0x00,
    0x00,0x00,0x00,0x00,0x00,0x00,0x00,0x00,0x00,0x00,0x00,0x00,0x00,0x00,0x00,0x00,0x00,0x00,0x00,0x00,0x00,0x00,0x00,0x00,0x00,0x00,0x00,0x00,0x00,0x00,0x00,0x00,0x00,0x00,0x00,0x00,0x00,0x00,0x00,0x00,0x00,0x00,0x00,0x00,0x00,0x00,0x00,0x00,0x00,0x00,0x00,0x00,0x00,0x00,0x00,0x00,0x00,0x01,0x00,0x12,0x11,0x73,0x1c,0xc6,0xb4,0xcb,0xc6,0x8b,0xc8,0xa3,0xa3,0x72,0x6b,0x39,0x00,0x20,0x6c,0x1c,0x8d,0xb4,0xba,0xa3,0x8b,0xad,0x82,0x8d,0x05,0x6c,0x13,0x00,0x0d,0x00,0x00,0x00,0x00,0x00,0x00,0x00,0x00,0x00,0x00,0x00,0x00,0x00,0x00,0x00,0x00,0x00,0x00,0x00,0x00,0x00,0x00,0x00,0x00,0x00,0x00,0x00,0x00,0x00,0x00,0x00,0x00,0x00,0x00,0x00,0x00,0x00,0x00,0x00,0x00,0x00,0x00,0x00,0x00,0x00,0x00,0x00,0x00,0x00,0x00,0x00,0x00,0x00,
    0x00,0x00,0x00,0x00,0x00,0x00,0x00,0x00,0x00,0x00,0x00,0x00,0x00,0x00,0x00,0x00,0x00,0x00,0x00,0x00,0x00,0x00,0x00,0x00,0x00,0x00,0x00,0x00,0x00,0x00,0x00,0x00,0x00,0x00,0x00,0x00,0x00,0x00,0x00,0x00,0x00,0x00,0x00,0x00,0x00,0x00,0x00,0x00,0x00,0x00,0x00,0x00,0x00,0x00,0x00,0x00,0x00,0x01,0x00,0x0d,0x11,0x67,0x67,0x76,0x6b,0xba,0xeb,0xeb,0xc6,0x71,0x6d,0x74,0x6b,0x39,0x00,0x32,0x6c,0x0c,0x76,0x73,0xc8,0xeb,0xc8,0x82,0x76,0x6c,0x05,0x67,0x13,0x00,0x0d,0x00,0x00,0x00,0x00,0x00,0x00,0x00,0x00,0x00,0x00,0x00,0x00,0x00,0x00,0x00,0x00,0x00,0x00,0x00,0x00,0x00,0x00,0x00,0x00,0x00,0x00,0x00,0x00,0x00,0x00,0x00,0x00,0x00,0x00,0x00,0x00,0x00,0x00,0x00,0x00,0x00,0x00,0x00,0x00,0x00,0x00,0x00,0x00,0x00,0x00,0x00,0x00,0x00,
    0x00,0x00,0x00,0x00,0x00,0x00,0x00,0x00,0x00,0x00,0x00,0x00,0x00,0x00,0x00,0x00,0x00,0x00,0x00,0x00,0x00,0x00,0x00,0x00,0x00,0x00,0x00,0x00,0x00,0x00,0x00,0x00,0x00,0x00,0x00,0x00,0x00,0x00,0x00,0x00,0x00,0x00,0x00,0x00,0x00,0x00,0x00,0x00,0x00,0x00,0x00,0x00,0x00,0x00,0x00,0x00,0x00,0x0a,0x00,0x0f,0x0c,0x05,0x69,0x9f,0xba,0xad,0x82,0x8d,0xd9,0x8b,0xa6,0x73,0x6b,0x06,0x00,0x1f,0x6b,0x0c,0x9f,0xdf,0x8b,0xa6,0xb4,0xc8,0x8b,0x82,0x05,0x67,0x40,0x00,0x0d,0x00,0x00,0x00,0x00,0x00,0x00,0x00,0x00,0x00,0x00,0x00,0x00,0x00,0x00,0x00,0x00,0x00,0x00,0x00,0x00,0x00,0x00,0x00,0x00,0x00,0x00,0x00,0x00,0x00,0x00,0x00,0x00,0x00,0x00,0x00,0x00,0x00,0x00,0x00,0x00,0x00,0x00,0x00,0x00,0x00,0x00,0x00,0x00,0x00,0x00,0x00,0x00,0x00,
    0x00,0x00,0x00,0x00,0x00,0x00,0x00,0x00,0x00,0x00,0x00,0x00,0x00,0x00,0x00,0x00,0x00,0x00,0x00,0x00,0x00,0x00,0x00,0x00,0x00,0x00,0x00,0x00,0x00,0x00,0x00,0x00,0x00,0x00,0x00,0x00,0x00,0x00,0x00,0x00,0x00,0x00,0x00,0x00,0x00,0x00,0x00,0x00,0x00,0x00,0x00,0x00,0x00,0x00,0x00,0x00,0x00,0x02,0x00,0x20,0x73,0x05,0x69,0xdf,0xc8,0xa3,0x76,0x76,0x9f,0xcb,0x9f,0x0c,0x6c,0x20,0x00,0x19,0x6f,0x6f,0xdf,0xc8,0xa6,0x76,0x6f,0xad,0xeb,0xa3,0x74,0x74,0x1f,0x00,0x02,0x00,0x00,0x00,0x00,0x00,0x00,0x00,0x00,0x00,0x00,0x00,0x00,0x00,0x00,0x00,0x00,0x00,0x00,0x00,0x00,0x00,0x00,0x00,0x00,0x00,0x00,0x00,0x00,0x00,0x00,0x00,0x00,0x00,0x00,0x00,0x00,0x00,0x00,0x00,0x00,0x00,0x00,0x00,0x00,0x00,0x00,0x00,0x00,0x00,0x00,0x00,0x00,0x00,
    0x00,0x00,0x00,0x00,0x00,0x00,0x00,0x00,0x00,0x00,0x00,0x00,0x00,0x00,0x00,0x00,0x00,0x00,0x00,0x00,0x00,0x00,0x00,0x00,0x00,0x00,0x00,0x00,0x00,0x00,0x00,0x00,0x00,0x00,0x00,0x00,0x00,0x00,0x00,0x00,0x00,0x00,0x00,0x00,0x00,0x00,0x00,0x00,0x00,0x00,0x00,0x00,0x00,0x00,0x00,0x00,0x00,0x02,0x00,0x26,0x73,0x05,0x73,0x6b,0x8d,0xba,0x8b,0xad,0xba,0xa3,0x71,0x05,0x6d,0x13,0x00,0x0c,0x67,0x72,0x6c,0xc6,0xcb,0xba,0xdf,0x8b,0x6f,0x6b,0x72,0x69,0x19,0x00,0x00,0x00,0x00,0x00,0x00,0x00,0x00,0x00,0x00,0x00,0x00,0x00,0x00,0x00,0x00,0x00,0x00,0x00,0x00,0x00,0x00,0x00,0x00,0x00,0x00,0x00,0x00,0x00,0x00,0x00,0x00,0x00,0x00,0x00,0x00,0x00,0x00,0x00,0x00,0x00,0x00,0x00,0x00,0x00,0x00,0x00,0x00,0x00,0x00,0x00,0x00,0x00,0x00,0x00,
    0x00,0x00,0x00,0x00,0x00,0x00,0x00,0x00,0x00,0x00,0x00,0x00,0x00,0x00,0x00,0x00,0x00,0x00,0x00,0x00,0x00,0x00,0x00,0x00,0x00,0x00,0x00,0x00,0x00,0x00,0x00,0x00,0x00,0x00,0x00,0x00,0x00,0x00,0x00,0x00,0x00,0x00,0x00,0x00,0x00,0x00,0x00,0x00,0x00,0x00,0x00,0x00,0x00,0x00,0x00,0x00,0x00,0x02,0x00,0x26,0x6c,0x0c,0x71,0x76,0x8d,0x8b,0x8b,0xad,0xb4,0x6b,0x76,0x0c,0x6f,0x20,0x00,0x11,0x73,0x6d,0x82,0xc3,0xd9,0x8b,0xad,0xc6,0x6b,0x71,0x0c,0x6c,0x18,0x00,0x01,0x00,0x00,0x00,0x00,0x00,0x00,0x00,0x00,0x00,0x00,0x00,0x00,0x00,0x00,0x00,0x00,0x00,0x00,0x00,0x00,0x00,0x00,0x00,0x00,0x00,0x00,0x00,0x00,0x00,0x00,0x00,0x00,0x00,0x00,0x00,0x00,0x00,0x00,0x00,0x00,0x00,0x00,0x00,0x00,0x00,0x00,0x00,0x00,0x00,0x00,0x00,0x00,0x00,
    0x00,0x00,0x00,0x00,0x00,0x00,0x00,0x00,0x00,0x00,0x00,0x00,0x00,0x00,0x00,0x00,0x00,0x00,0x00,0x00,0x00,0x00,0x00,0x00,0x00,0x00,0x00,0x00,0x00,0x00,0x00,0x00,0x00,0x00,0x00,0x00,0x00,0x00,0x00,0x00,0x00,0x00,0x00,0x00,0x00,0x00,0x00,0x00,0x00,0x00,0x00,0x00,0x00,0x00,0x00,0x00,0x00,0x02,0x00,0x26,0x6f,0x05,0x73,0xba,0xdf,0xdf,0xb4,0x8b,0xad,0xba,0x9f,0x6c,0x6f,0x06,0x12,0x11,0x74,0xc6,0xc8,0xc8,0xc8,0x8b,0xad,0xba,0xba,0x82,0x0c,0x6f,0x13,0x01,0x0d,0x00,0x00,0x00,0x00,0x00,0x00,0x00,0x00,0x00,0x00,0x00,0x00,0x00,0x00,0x00,0x00,0x00,0x00,0x00,0x00,0x00,0x00,0x00,0x00,0x00,0x00,0x00,0x00,0x00,0x00,0x00,0x00,0x00,0x00,0x00,0x00,0x00,0x00,0x00,0x00,0x00,0x00,0x00,0x00,0x00,0x00,0x00,0x00,0x00,0x00,0x00,0x00,0x00,
    0x00,0x00,0x00,0x00,0x00,0x00,0x00,0x00,0x00,0x00,0x00,0x00,0x00,0x00,0x00,0x00,0x00,0x00,0x00,0x00,0x00,0x00,0x00,0x00,0x00,0x00,0x00,0x00,0x00,0x00,0x00,0x00,0x00,0x00,0x00,0x00,0x00,0x00,0x00,0x00,0x00,0x00,0x00,0x00,0x00,0x00,0x00,0x00,0x00,0x00,0x00,0x00,0x00,0x00,0x00,0x00,0x00,0x02,0x00,0x1f,0x74,0x05,0xa6,0xc6,0x6f,0x8d,0x9f,0x9f,0x6c,0xa6,0x8d,0x0c,0x6f,0x20,0x0f,0x6f,0x05,0x8d,0x8d,0x71,0xa3,0x9f,0xa3,0x76,0x8d,0x82,0x6d,0x74,0x19,0x00,0x00,0x00,0x00,0x00,0x00,0x00,0x00,0x00,0x00,0x00,0x00,0x00,0x00,0x00,0x00,0x00,0x00,0x00,0x00,0x00,0x00,0x00,0x00,0x00,0x00,0x00,0x00,0x00,0x00,0x00,0x00,0x00,0x00,0x00,0x00,0x00,0x00,0x00,0x00,0x00,0x00,0x00,0x00,0x00,0x00,0x00,0x00,0x00,0x00,0x00,0x00,0x00,0x00,0x00,
    0x00,0x00,0x00,0x00,0x00,0x00,0x00,0x00,0x00,0x00,0x00,0x00,0x00,0x00,0x00,0x00,0x00,0x00,0x00,0x00,0x00,0x00,0x00,0x00,0x00,0x00,0x00,0x00,0x00,0x00,0x00,0x00,0x00,0x00,0x00,0x00,0x00,0x00,0x00,0x00,0x00,0x00,0x00,0x00,0x00,0x00,0x00,0x00,0x00,0x00,0x00,0x00,0x00,0x00,0x00,0x00,0x00,0x0a,0x0d,0x18,0x67,0x05,0x74,0x76,0x6b,0x76,0x76,0x76,0x71,0x71,0x71,0x73,0x6f,0x18,0x5c,0x6f,0x05,0x6c,0x71,0x71,0x76,0x76,0x76,0x6b,0x71,0x6c,0x05,0x74,0x19,0x12,0x00,0x00,0x00,0x00,0x00,0x00,0x00,0x00,0x00,0x00,0x00,0x00,0x00,0x00,0x00,0x00,0x00,0x00,0x00,0x00,0x00,0x00,0x00,0x00,0x00,0x00,0x00,0x00,0x00,0x00,0x00,0x00,0x00,0x00,0x00,0x00,0x00,0x00,0x00,0x00,0x00,0x00,0x00,0x00,0x00,0x00,0x00,0x00,0x00,0x00,0x00,0x00,0x00,0x00,
    0x00,0x00,0x00,0x00,0x00,0x00,0x00,0x00,0x00,0x00,0x00,0x00,0x00,0x00,0x00,0x00,0x00,0x00,0x00,0x00,0x00,0x00,0x00,0x00,0x00,0x00,0x00,0x00,0x00,0x00,0x00,0x00,0x00,0x00,0x00,0x00,0x00,0x00,0x00,0x00,0x00,0x00,0x00,0x00,0x00,0x00,0x00,0x00,0x00,0x00,0x00,0x00,0x00,0x00,0x00,0x00,0x0a,0x00,0x06,0x6b,0x67,0x67,0x67,0x72,0x69,0x74,0x74,0x74,0x74,0x73,0x6f,0x74,0x67,0x0c,0x0c,0x73,0x69,0x72,0x67,0x73,0x74,0x74,0x74,0x73,0x67,0x72,0x67,0x05,0x6f,0x0f,0x00,0x02,0x00,0x00,0x00,0x00,0x00,0x00,0x00,0x00,0x00,0x00,0x00,0x00,0x00,0x00,0x00,0x00,0x00,0x00,0x00,0x00,0x00,0x00,0x00,0x00,0x00,0x00,0x00,0x00,0x00,0x00,0x00,0x00,0x00,0x00,0x00,0x00,0x00,0x00,0x00,0x00,0x00,0x00,0x00,0x00,0x00,0x00,0x00,0x00,0x00,0x00,0x00,0x00,
    0x00,0x00,0x00,0x00,0x00,0x00,0x00,0x00,0x00,0x00,0x00,0x00,0x00,0x00,0x00,0x00,0x00,0x00,0x00,0x00,0x00,0x00,0x00,0x00,0x00,0x00,0x00,0x00,0x00,0x00,0x00,0x00,0x00,0x00,0x00,0x00,0x00,0x00,0x00,0x00,0x00,0x00,0x00,0x00,0x00,0x00,0x00,0x00,0x00,0x00,0x00,0x00,0x00,0x00,0x00,0x00,0x0a,0x00,0x06,0x6c,0x6f,0x69,0x69,0x67,0x67,0x67,0x69,0x69,0x69,0x67,0x74,0x67,0x67,0x6b,0x6b,0x74,0x69,0x67,0x67,0x69,0x69,0x69,0x69,0x69,0x67,0x67,0x69,0x05,0x6c,0x0f,0x00,0x02,0x00,0x00,0x00,0x00,0x00,0x00,0x00,0x00,0x00,0x00,0x00,0x00,0x00,0x00,0x00,0x00,0x00,0x00,0x00,0x00,0x00,0x00,0x00,0x00,0x00,0x00,0x00,0x00,0x00,0x00,0x00,0x00,0x00,0x00,0x00,0x00,0x00,0x00,0x00,0x00,0x00,0x00,0x00,0x00,0x00,0x00,0x00,0x00,0x00,0x00,0x00,0x00,
    0x00,0x00,0x00,0x00,0x00,0x00,0x00,0x00,0x00,0x00,0x00,0x00,0x00,0x00,0x00,0x00,0x00,0x00,0x00,0x00,0x00,0x00,0x00,0x00,0x00,0x00,0x00,0x00,0x00,0x00,0x00,0x00,0x00,0x00,0x00,0x00,0x00,0x00,0x00,0x00,0x00,0x00,0x00,0x00,0x00,0x00,0x00,0x00,0x00,0x00,0x00,0x00,0x00,0x00,0x00,0x00,0x0a,0x00,0x06,0x74,0x6b,0x6c,0x73,0x67,0x74,0x67,0x69,0x67,0x67,0x69,0x69,0x74,0x6c,0x6b,0x6c,0x6f,0x74,0x69,0x69,0x69,0x67,0x67,0x67,0x69,0x69,0x67,0x74,0x6d,0x6c,0x0f,0x00,0x02,0x00,0x00,0x00,0x00,0x00,0x00,0x00,0x00,0x00,0x00,0x00,0x00,0x00,0x00,0x00,0x00,0x00,0x00,0x00,0x00,0x00,0x00,0x00,0x00,0x00,0x00,0x00,0x00,0x00,0x00,0x00,0x00,0x00,0x00,0x00,0x00,0x00,0x00,0x00,0x00,0x00,0x00,0x00,0x00,0x00,0x00,0x00,0x00,0x00,0x00,0x00,0x00,
    0x00,0x00,0x00,0x00,0x00,0x00,0x00,0x00,0x00,0x00,0x00,0x00,0x00,0x00,0x00,0x00,0x00,0x00,0x00,0x00,0x00,0x00,0x00,0x00,0x00,0x00,0x00,0x00,0x00,0x00,0x00,0x00,0x00,0x00,0x00,0x00,0x00,0x00,0x00,0x00,0x00,0x00,0x00,0x00,0x00,0x00,0x00,0x00,0x00,0x00,0x00,0x00,0x00,0x00,0x00,0x00,0x0a,0x00,0x06,0x82,0x67,0x6c,0x6f,0x6c,0x6b,0x6f,0x74,0x74,0x74,0x73,0x6c,0x71,0x6f,0x74,0x67,0x82,0x6c,0x6b,0x6f,0x6d,0x74,0x74,0x74,0x73,0x6f,0x6b,0x6b,0x82,0x74,0x0f,0x00,0x02,0x00,0x00,0x00,0x00,0x00,0x00,0x00,0x00,0x00,0x00,0x00,0x00,0x00,0x00,0x00,0x00,0x00,0x00,0x00,0x00,0x00,0x00,0x00,0x00,0x00,0x00,0x00,0x00,0x00,0x00,0x00,0x00,0x00,0x00,0x00,0x00,0x00,0x00,0x00,0x00,0x00,0x00,0x00,0x00,0x00,0x00,0x00,0x00,0x00,0x00,0x00,0x00,
    0x00,0x00,0x00,0x00,0x00,0x00,0x00,0x00,0x00,0x00,0x00,0x00,0x00,0x00,0x00,0x00,0x00,0x00,0x00,0x00,0x00,0x00,0x00,0x00,0x00,0x00,0x00,0x00,0x00,0x00,0x00,0x00,0x00,0x00,0x00,0x00,0x00,0x00,0x00,0x00,0x00,0x00,0x00,0x00,0x00,0x00,0x00,0x00,0x00,0x00,0x00,0x00,0x00,0x00,0x00,0x00,0x0a,0x00,0x06,0x84,0x1c,0x84,0x84,0x84,0xbd,0x82,0x72,0x67,0x67,0x72,0xbd,0x84,0x92,0x82,0x72,0x92,0x84,0x82,0xa6,0x72,0x67,0x73,0x74,0x72,0x72,0xa6,0x84,0x1c,0x72,0x0f,0x00,0x02,0x00,0x00,0x00,0x00,0x00,0x00,0x00,0x00,0x00,0x00,0x00,0x00,0x00,0x00,0x00,0x00,0x00,0x00,0x00,0x00,0x00,0x00,0x00,0x00,0x00,0x00,0x00,0x00,0x00,0x00,0x00,0x00,0x00,0x00,0x00,0x00,0x00,0x00,0x00,0x00,0x00,0x00,0x00,0x00,0x00,0x00,0x00,0x00,0x00,0x00,0x00,0x00,
    0x00,0x00,0x00,0x00,0x00,0x00,0x00,0x00,0x00,0x00,0x00,0x00,0x00,0x00,0x00,0x00,0x00,0x00,0x00,0x00,0x00,0x00,0x00,0x00,0x00,0x00,0x00,0x00,0x00,0x00,0x00,0x00,0x00,0x00,0x00,0x00,0x00,0x00,0x00,0x00,0x00,0x00,0x00,0x00,0x00,0x00,0x00,0x00,0x00,0x00,0x00,0x00,0x00,0x00,0x00,0x00,0x00,0x02,0x02,0x18,0x1c,0x1b,0x92,0x92,0x92,0x92,0x8d,0x84,0x8d,0x92,0x1b,0x1b,0x92,0x1c,0x19,0x1c,0x1b,0x1b,0x92,0x8d,0x8d,0x8d,0x92,0x92,0x92,0x92,0x1b,0x84,0x19,0x0d,0x01,0x00,0x00,0x00,0x00,0x00,0x00,0x00,0x00,0x00,0x00,0x00,0x00,0x00,0x00,0x00,0x00,0x00,0x00,0x00,0x00,0x00,0x00,0x00,0x00,0x00,0x00,0x00,0x00,0x00,0x00,0x00,0x00,0x00,0x00,0x00,0x00,0x00,0x00,0x00,0x00,0x00,0x00,0x00,0x00,0x00,0x00,0x00,0x00,0x00,0x00,0x00,0x00,0x00,
    0x00,0x00,0x00,0x00,0x00,0x00,0x00,0x00,0x00,0x00,0x00,0x00,0x00,0x00,0x00,0x00,0x00,0x00,0x00,0x00,0x00,0x00,0x00,0x00,0x00,0x00,0x00,0x00,0x00,0x00,0x00,0x00,0x00,0x00,0x00,0x00,0x00,0x00,0x00,0x00,0x00,0x00,0x00,0x00,0x00,0x00,0x00,0x00,0x00,0x00,0x00,0x00,0x00,0x00,0x00,0x00,0x00,0x02,0x00,0x0f,0x19,0x82,0x84,0x1c,0x92,0x84,0x82,0x82,0x82,0x84,0x84,0x84,0xbd,0x26,0x38,0x11,0x84,0x84,0x84,0x8d,0x84,0x1c,0x92,0x92,0x92,0x92,0x84,0x05,0x26,0x00,0x02,0x00,0x00,0x00,0x00,0x00,0x00,0x00,0x00,0x00,0x00,0x00,0x00,0x00,0x00,0x00,0x00,0x00,0x00,0x00,0x00,0x00,0x00,0x00,0x00,0x00,0x00,0x00,0x00,0x00,0x00,0x00,0x00,0x00,0x00,0x00,0x00,0x00,0x00,0x00,0x00,0x00,0x00,0x00,0x00,0x00,0x00,0x00,0x00,0x00,0x00,0x00,0x00,0x00,
    0x00,0x00,0x00,0x00,0x00,0x00,0x00,0x00,0x00,0x00,0x00,0x00,0x00,0x00,0x00,0x00,0x00,0x00,0x00,0x00,0x00,0x00,0x00,0x00,0x00,0x00,0x00,0x00,0x00,0x00,0x00,0x00,0x00,0x00,0x00,0x00,0x00,0x00,0x00,0x00,0x00,0x00,0x00,0x00,0x00,0x00,0x00,0x00,0x00,0x00,0x00,0x00,0x00,0x00,0x00,0x00,0x00,0x00,0x0a,0x00,0x16,0x40,0x18,0x18,0x92,0x74,0x6f,0x84,0x84,0x72,0x18,0x40,0x39,0x00,0x00,0x06,0x40,0x18,0x19,0x67,0x6d,0x6f,0x6d,0xa6,0x84,0x18,0x1f,0x39,0x00,0x0a,0x00,0x00,0x00,0x00,0x00,0x00,0x00,0x00,0x00,0x00,0x00,0x00,0x00,0x00,0x00,0x00,0x00,0x00,0x00,0x00,0x00,0x00,0x00,0x00,0x00,0x00,0x00,0x00,0x00,0x00,0x00,0x00,0x00,0x00,0x00,0x00,0x00,0x00,0x00,0x00,0x00,0x00,0x00,0x00,0x00,0x00,0x00,0x00,0x00,0x00,0x00,0x00,0x00,0x00,
    0x00,0x00,0x00,0x00,0x00,0x00,0x00,0x00,0x00,0x00,0x00,0x00,0x00,0x00,0x00,0x00,0x00,0x00,0x00,0x00,0x00,0x00,0x00,0x00,0x00,0x00,0x00,0x00,0x00,0x00,0x00,0x00,0x00,0x00,0x00,0x00,0x00,0x00,0x00,0x00,0x00,0x00,0x00,0x00,0x00,0x00,0x00,0x00,0x00,0x00,0x00,0x00,0x00,0x00,0x00,0x00,0x00,0x00,0x00,0x0a,0x00,0x00,0x00,0x00,0x06,0x06,0x06,0x06,0x06,0x06,0x00,0x00,0x00,0x0a,0x0a,0x00,0x00,0x00,0x16,0x06,0x06,0x06,0x06,0x06,0x06,0x00,0x00,0x00,0x01,0x00,0x00,0x00,0x00,0x00,0x00,0x00,0x00,0x00,0x00,0x00,0x00,0x00,0x00,0x00,0x00,0x00,0x00,0x00,0x00,0x00,0x00,0x00,0x00,0x00,0x00,0x00,0x00,0x00,0x00,0x00,0x00,0x00,0x00,0x00,0x00,0x00,0x00,0x00,0x00,0x00,0x00,0x00,0x00,0x00,0x00,0x00,0x00,0x00,0x00,0x00,0x00,0x00,0x00,0x00,
    0x00,0x00,0x00,0x00,0x00,0x00,0x00,0x00,0x00,0x00,0x00,0x00,0x00,0x00,0x00,0x00,0x00,0x00,0x00,0x00,0x00,0x00,0x00,0x00,0x00,0x00,0x00,0x00,0x00,0x00,0x00,0x00,0x00,0x00,0x00,0x00,0x00,0x00,0x00,0x00,0x00,0x00,0x00,0x00,0x00,0x00,0x00,0x00,0x00,0x00,0x00,0x00,0x00,0x00,0x00,0x00,0x00,0x00,0x00,0x00,0x0a,0x02,0x02,0x00,0x00,0x00,0x00,0x00,0x00,0x00,0x01,0x02,0x0a,0x00,0x00,0x0a,0x02,0x02,0x00,0x00,0x00,0x00,0x00,0x00,0x00,0x01,0x02,0x0a,0x00,0x00,0x00,0x00,0x00,0x00,0x00,0x00,0x00,0x00,0x00,0x00,0x00,0x00,0x00,0x00,0x00,0x00,0x00,0x00,0x00,0x00,0x00,0x00,0x00,0x00,0x00,0x00,0x00,0x00,0x00,0x00,0x00,0x00,0x00,0x00,0x00,0x00,0x00,0x00,0x00,0x00,0x00,0x00,0x00,0x00,0x00,0x00,0x00,0x00,0x00,0x00,0x00,0x00,0x00,0x00,

};

const lv_image_dsc_t passport_pet_idle_5 = {
  .header = {
    .magic = LV_IMAGE_HEADER_MAGIC,
    .cf = LV_COLOR_FORMAT_I8,
    .flags = 0,
    .w = 144,
    .h = 156,
    .stride = 144,
    .reserved_2 = 0,
  },
  .data_size = sizeof(passport_pet_idle_5_map),
  .data = passport_pet_idle_5_map,
  .reserved = NULL,
};
